trade_date,strategy,equity_net,equity_gross,cash,positions,fees_cumulative,slippage_cumulative,turnover_cumulative,accounting_residual,shares_json,daily_return_net,drawdown
2020-01-02,V23 60d risk-adjusted momentum Top2,100000,100000,100000,0,0,0,0,0,{},0,0
2020-01-03,V23 60d risk-adjusted momentum Top2,99844.38818,99900,651.3881751,2,25.82392485,29.7879,99293,0,"{""601288.SH"": 13300.0, ""601398.SH"": 8300.0}",-0.001556118249,-0.001556118249
2020-01-06,V23 60d risk-adjusted momentum Top2,99279.38818,99335,651.3881751,2,25.82392485,29.7879,99293,0,"{""601288.SH"": 13300.0, ""601398.SH"": 8300.0}",-0.005658805771,-0.007206118249
2020-01-07,V23 60d risk-adjusted momentum Top2,100010.3882,100066,651.3881751,2,25.82392485,29.7879,99293,0,"{""601288.SH"": 13300.0, ""601398.SH"": 8300.0}",0.007363059074,0
2020-01-08,V23 60d risk-adjusted momentum Top2,98781.38818,98837,651.3881751,2,25.82392485,29.7879,99293,0,"{""601288.SH"": 13300.0, ""601398.SH"": 8300.0}",-0.01228872343,-0.01228872343
2020-01-09,V23 60d risk-adjusted momentum Top2,98648.38818,98704,651.3881751,2,25.82392485,29.7879,99293,0,"{""601288.SH"": 13300.0, ""601398.SH"": 8300.0}",-0.001346407481,-0.01361858528
2020-01-10,V23 60d risk-adjusted momentum Top2,98648.38818,98704,651.3881751,2,25.82392485,29.7879,99293,0,"{""601288.SH"": 13300.0, ""601398.SH"": 8300.0}",0,-0.01361858528
2020-01-13,V23 60d risk-adjusted momentum Top2,98814.38818,98870,651.3881751,2,25.82392485,29.7879,99293,0,"{""601288.SH"": 13300.0, ""601398.SH"": 8300.0}",0.001682744169,-0.0119587577
2020-01-14,V23 60d risk-adjusted momentum Top2,98897.38818,98953,651.3881751,2,25.82392485,29.7879,99293,0,"{""601288.SH"": 13300.0, ""601398.SH"": 8300.0}",0.0008399586491,-0.01112884392
2020-01-15,V23 60d risk-adjusted momentum Top2,98000.38818,98056,651.3881751,2,25.82392485,29.7879,99293,0,"{""601288.SH"": 13300.0, ""601398.SH"": 8300.0}",-0.009070006969,-0.02009791219
2020-01-16,V23 60d risk-adjusted momentum Top2,96804.38818,96860,651.3881751,2,25.82392485,29.7879,99293,0,"{""601288.SH"": 13300.0, ""601398.SH"": 8300.0}",-0.01220403329,-0.0320566699
2020-01-17,V23 60d risk-adjusted momentum Top2,97103.38818,97159,651.3881751,2,25.82392485,29.7879,99293,0,"{""601288.SH"": 13300.0, ""601398.SH"": 8300.0}",0.003088702957,-0.02906698047
2020-01-20,V23 60d risk-adjusted momentum Top2,97269.38818,97325,651.3881751,2,25.82392485,29.7879,99293,0,"{""601288.SH"": 13300.0, ""601398.SH"": 8300.0}",0.001709518104,-0.0274071529
2020-01-21,V23 60d risk-adjusted momentum Top2,96156.38818,96212,651.3881751,2,25.82392485,29.7879,99293,0,"{""601288.SH"": 13300.0, ""601398.SH"": 8300.0}",-0.01144244886,-0.03853599681
2020-01-22,V23 60d risk-adjusted momentum Top2,96189.38818,96245,651.3881751,2,25.82392485,29.7879,99293,0,"{""601288.SH"": 13300.0, ""601398.SH"": 8300.0}",0.0003431909271,-0.03820603109
2020-01-23,V23 60d risk-adjusted momentum Top2,94943.38818,94999,651.3881751,2,25.82392485,29.7879,99293,0,"{""601288.SH"": 13300.0, ""601398.SH"": 8300.0}",-0.01295361187,-0.05066473686
2020-02-03,V23 60d risk-adjusted momentum Top2,90458.38818,90514,651.3881751,2,25.82392485,29.7879,99293,0,"{""601288.SH"": 13300.0, ""601398.SH"": 8300.0}",-0.0472386765,-0.09551007825
2020-02-04,V23 60d risk-adjusted momentum Top2,91832.07742,91960,332.0774191,2,71.32758087,56.595,188650,0,"{""601398.SH"": 8300.0, ""601988.SH"": 13100.0}",0.01518586912,-0.08177461267
2020-02-05,V23 60d risk-adjusted momentum Top2,91749.07742,91877,332.0774191,2,71.32758087,56.595,188650,0,"{""601398.SH"": 8300.0, ""601988.SH"": 13100.0}",-0.000903823613,-0.08260452646
2020-02-06,V23 60d risk-adjusted momentum Top2,91963.07742,92091,332.0774191,2,71.32758087,56.595,188650,0,"{""601398.SH"": 8300.0, ""601988.SH"": 13100.0}",0.002332448522,-0.08046474874
2020-02-07,V23 60d risk-adjusted momentum Top2,91465.07742,91593,332.0774191,2,71.32758087,56.595,188650,0,"{""601398.SH"": 8300.0, ""601988.SH"": 13100.0}",-0.00541521678,-0.08544423146
2020-02-10,V23 60d risk-adjusted momentum Top2,91168.07742,91296,332.0774191,2,71.32758087,56.595,188650,0,"{""601398.SH"": 8300.0, ""601988.SH"": 13100.0}",-0.003247140968,-0.08841392297
2020-02-11,V23 60d risk-adjusted momentum Top2,91893.07742,92021,332.0774191,2,71.32758087,56.595,188650,0,"{""601398.SH"": 8300.0, ""601988.SH"": 13100.0}",0.007952344949,-0.08116467603
2020-02-12,V23 60d risk-adjusted momentum Top2,92024.07742,92152,332.0774191,2,71.32758087,56.595,188650,0,"{""601398.SH"": 8300.0, ""601988.SH"": 13100.0}",0.001425569844,-0.0798548121
2020-02-13,V23 60d risk-adjusted momentum Top2,91478.07742,91606,332.0774191,2,71.32758087,56.595,188650,0,"{""601398.SH"": 8300.0, ""601988.SH"": 13100.0}",-0.005933229817,-0.08531424497
2020-02-14,V23 60d risk-adjusted momentum Top2,92037.07742,92165,332.0774191,2,71.32758087,56.595,188650,0,"{""601398.SH"": 8300.0, ""601988.SH"": 13100.0}",0.006110753699,-0.07972482561
2020-02-17,V23 60d risk-adjusted momentum Top2,93059.07742,93187,332.0774191,2,71.32758087,56.595,188650,0,"{""601398.SH"": 8300.0, ""601988.SH"": 13100.0}",0.01110422048,-0.06950588717
2020-02-18,V23 60d risk-adjusted momentum Top2,92548.07742,92676,332.0774191,2,71.32758087,56.595,188650,0,"{""601398.SH"": 8300.0, ""601988.SH"": 13100.0}",-0.005491135461,-0.07461535639
2020-02-19,V23 60d risk-adjusted momentum Top2,92976.07742,93104,332.0774191,2,71.32758087,56.595,188650,0,"{""601398.SH"": 8300.0, ""601988.SH"": 13100.0}",0.004624623352,-0.07033580095
2020-02-20,V23 60d risk-adjusted momentum Top2,93618.07742,93746,332.0774191,2,71.32758087,56.595,188650,0,"{""601398.SH"": 8300.0, ""601988.SH"": 13100.0}",0.006905001994,-0.06391646781
2020-02-21,V23 60d risk-adjusted momentum Top2,93321.07742,93449,332.0774191,2,71.32758087,56.595,188650,0,"{""601398.SH"": 8300.0, ""601988.SH"": 13100.0}",-0.00317246421,-0.06688615931
2020-02-24,V23 60d risk-adjusted momentum Top2,92513.07742,92641,332.0774191,2,71.32758087,56.595,188650,0,"{""601398.SH"": 8300.0, ""601988.SH"": 13100.0}",-0.008658279805,-0.07496532003
2020-02-25,V23 60d risk-adjusted momentum Top2,92002.07742,92130,332.0774191,2,71.32758087,56.595,188650,0,"{""601398.SH"": 8300.0, ""601988.SH"": 13100.0}",-0.00552354342,-0.08007478925
2020-02-26,V23 60d risk-adjusted momentum Top2,92395.07742,92523,332.0774191,2,71.32758087,56.595,188650,0,"{""601398.SH"": 8300.0, ""601988.SH"": 13100.0}",0.004271642674,-0.07614519746
2020-02-27,V23 60d risk-adjusted momentum Top2,92574.07742,92702,332.0774191,2,71.32758087,56.595,188650,0,"{""601398.SH"": 8300.0, ""601988.SH"": 13100.0}",0.001937332648,-0.07435538339
2020-02-28,V23 60d risk-adjusted momentum Top2,90827.07742,90955,332.0774191,2,71.32758087,56.595,188650,0,"{""601398.SH"": 8300.0, ""601988.SH"": 13100.0}",-0.01887137359,-0.09182356877
2020-03-02,V23 60d risk-adjusted momentum Top2,91980.07742,92108,332.0774191,2,71.32758087,56.595,188650,0,"{""601398.SH"": 8300.0, ""601988.SH"": 13100.0}",0.01269445228,-0.0802947664
2020-03-03,V23 60d risk-adjusted momentum Top2,92375.31144,92582,103.3114443,2,122.6561557,84.0324,280108,0,"{""601288.SH"": 13200.0, ""601988.SH"": 12800.0}",0.004296952517,-0.07634283668
2020-03-04,V23 60d risk-adjusted momentum Top2,92635.31144,92842,103.3114443,2,122.6561557,84.0324,280108,0,"{""601288.SH"": 13200.0, ""601988.SH"": 12800.0}",0.002814604854,-0.07374310675
2020-03-05,V23 60d risk-adjusted momentum Top2,93415.31144,93622,103.3114443,2,122.6561557,84.0324,280108,0,"{""601288.SH"": 13200.0, ""601988.SH"": 12800.0}",0.008420115265,-0.06594391694
2020-03-06,V23 60d risk-adjusted momentum Top2,92767.31144,92974,103.3114443,2,122.6561557,84.0324,280108,0,"{""601288.SH"": 13200.0, ""601988.SH"": 12800.0}",-0.006936764327,-0.07242324385
2020-03-09,V23 60d risk-adjusted momentum Top2,91075.31144,91282,103.3114443,2,122.6561557,84.0324,280108,0,"{""601288.SH"": 13200.0, ""601988.SH"": 12800.0}",-0.01823918332,-0.08934148636
2020-03-10,V23 60d risk-adjusted momentum Top2,91727.31144,91934,103.3114443,2,122.6561557,84.0324,280108,0,"{""601288.SH"": 13200.0, ""601988.SH"": 12800.0}",0.007158910463,-0.0828221636
2020-03-11,V23 60d risk-adjusted momentum Top2,91331.31144,91538,103.3114443,2,122.6561557,84.0324,280108,0,"{""601288.SH"": 13200.0, ""601988.SH"": 12800.0}",-0.004317143867,-0.08678175227
2020-03-12,V23 60d risk-adjusted momentum Top2,91203.31144,91410,103.3114443,2,122.6561557,84.0324,280108,0,"{""601288.SH"": 13200.0, ""601988.SH"": 12800.0}",-0.001401490879,-0.08806161931
2020-03-13,V23 60d risk-adjusted momentum Top2,90551.31144,90758,103.3114443,2,122.6561557,84.0324,280108,0,"{""601288.SH"": 13200.0, ""601988.SH"": 12800.0}",-0.007148863234,-0.09458094207
2020-03-16,V23 60d risk-adjusted momentum Top2,89899.31144,90106,103.3114443,2,122.6561557,84.0324,280108,0,"{""601288.SH"": 13200.0, ""601988.SH"": 12800.0}",-0.007200337462,-0.1011002648
2020-03-17,V23 60d risk-adjusted momentum Top2,90551.31144,90758,103.3114443,2,122.6561557,84.0324,280108,0,"{""601288.SH"": 13200.0, ""601988.SH"": 12800.0}",0.007252558329,-0.09458094207
2020-03-18,V23 60d risk-adjusted momentum Top2,89255.31144,89462,103.3114443,2,122.6561557,84.0324,280108,0,"{""601288.SH"": 13200.0, ""601988.SH"": 12800.0}",-0.01431232722,-0.1075395959
2020-03-19,V23 60d risk-adjusted momentum Top2,88083.31144,88290,103.3114443,2,122.6561557,84.0324,280108,0,"{""601288.SH"": 13200.0, ""601988.SH"": 12800.0}",-0.01313087122,-0.1192583785
2020-03-20,V23 60d risk-adjusted momentum Top2,88991.31144,89198,103.3114443,2,122.6561557,84.0324,280108,0,"{""601288.SH"": 13200.0, ""601988.SH"": 12800.0}",0.01030842262,-0.1101793217
2020-03-23,V23 60d risk-adjusted momentum Top2,87431.31144,87638,103.3114443,2,122.6561557,84.0324,280108,0,"{""601288.SH"": 13200.0, ""601988.SH"": 12800.0}",-0.01752980122,-0.1257777013
2020-03-24,V23 60d risk-adjusted momentum Top2,88867.31144,89074,103.3114443,2,122.6561557,84.0324,280108,0,"{""601288.SH"": 13200.0, ""601988.SH"": 12800.0}",0.01642432186,-0.1114191929
2020-03-25,V23 60d risk-adjusted momentum Top2,89515.31144,89722,103.3114443,2,122.6561557,84.0324,280108,0,"{""601288.SH"": 13200.0, ""601988.SH"": 12800.0}",0.00729177005,-0.104939866
2020-03-26,V23 60d risk-adjusted momentum Top2,89515.31144,89722,103.3114443,2,122.6561557,84.0324,280108,0,"{""601288.SH"": 13200.0, ""601988.SH"": 12800.0}",0,-0.104939866
2020-03-27,V23 60d risk-adjusted momentum Top2,89907.31144,90114,103.3114443,2,122.6561557,84.0324,280108,0,"{""601288.SH"": 13200.0, ""601988.SH"": 12800.0}",0.004379139096,-0.1010202731
2020-03-30,V23 60d risk-adjusted momentum Top2,90171.31144,90378,103.3114443,2,122.6561557,84.0324,280108,0,"{""601288.SH"": 13200.0, ""601988.SH"": 12800.0}",0.002936357408,-0.09838054736
2020-03-31,V23 60d risk-adjusted momentum Top2,89131.31144,89338,103.3114443,2,122.6561557,84.0324,280108,0,"{""601288.SH"": 13200.0, ""601988.SH"": 12800.0}",-0.0115336018,-0.1087794671
2020-04-01,V23 60d risk-adjusted momentum Top2,89263.31144,89470,103.3114443,2,122.6561557,84.0324,280108,0,"{""601288.SH"": 13200.0, ""601988.SH"": 12800.0}",0.001480961043,-0.1074596042
2020-04-02,V23 60d risk-adjusted momentum Top2,89875.27308,90154,65.27307956,2,168.0143204,110.7126,369042,0,"{""601939.SH"": 7000.0, ""601988.SH"": 12800.0}",0.006855690489,-0.1013406235
2020-04-03,V23 60d risk-adjusted momentum Top2,89537.27308,89816,65.27307956,2,168.0143204,110.7126,369042,0,"{""601939.SH"": 7000.0, ""601988.SH"": 12800.0}",-0.003760767433,-0.1047202724
2020-04-07,V23 60d risk-adjusted momentum Top2,89933.27308,90212,65.27307956,2,168.0143204,110.7126,369042,0,"{""601939.SH"": 7000.0, ""601988.SH"": 12800.0}",0.004422739116,-0.1007606838
2020-04-08,V23 60d risk-adjusted momentum Top2,89327.27308,89606,65.27307956,2,168.0143204,110.7126,369042,0,"{""601939.SH"": 7000.0, ""601988.SH"": 12800.0}",-0.0067383292,-0.1068200543
2020-04-09,V23 60d risk-adjusted momentum Top2,89537.27308,89816,65.27307956,2,168.0143204,110.7126,369042,0,"{""601939.SH"": 7000.0, ""601988.SH"": 12800.0}",0.002350905751,-0.1047202724
2020-04-10,V23 60d risk-adjusted momentum Top2,89455.27308,89734,65.27307956,2,168.0143204,110.7126,369042,0,"{""601939.SH"": 7000.0, ""601988.SH"": 12800.0}",-0.000915819716,-0.1055401873
2020-04-13,V23 60d risk-adjusted momentum Top2,89361.27308,89640,65.27307956,2,168.0143204,110.7126,369042,0,"{""601939.SH"": 7000.0, ""601988.SH"": 12800.0}",-0.001050804461,-0.1064800896
2020-04-14,V23 60d risk-adjusted momentum Top2,89769.27308,90048,65.27307956,2,168.0143204,110.7126,369042,0,"{""601939.SH"": 7000.0, ""601988.SH"": 12800.0}",0.004565736207,-0.1024005134
2020-04-15,V23 60d risk-adjusted momentum Top2,89757.27308,90036,65.27307956,2,168.0143204,110.7126,369042,0,"{""601939.SH"": 7000.0, ""601988.SH"": 12800.0}",-0.0001336760295,-0.1025205009
2020-04-16,V23 60d risk-adjusted momentum Top2,89885.27308,90164,65.27307956,2,168.0143204,110.7126,369042,0,"{""601939.SH"": 7000.0, ""601988.SH"": 12800.0}",0.00142606828,-0.1012406339
2020-04-17,V23 60d risk-adjusted momentum Top2,90339.27308,90618,65.27307956,2,168.0143204,110.7126,369042,0,"{""601939.SH"": 7000.0, ""601988.SH"": 12800.0}",0.005050883025,-0.09670110548
2020-04-20,V23 60d risk-adjusted momentum Top2,89675.27308,89954,65.27307956,2,168.0143204,110.7126,369042,0,"{""601939.SH"": 7000.0, ""601988.SH"": 12800.0}",-0.007350070212,-0.1033404158
2020-04-21,V23 60d risk-adjusted momentum Top2,89383.27308,89662,65.27307956,2,168.0143204,110.7126,369042,0,"{""601939.SH"": 7000.0, ""601988.SH"": 12800.0}",-0.003256193039,-0.1062601125
2020-04-22,V23 60d risk-adjusted momentum Top2,89069.27308,89348,65.27307956,2,168.0143204,110.7126,369042,0,"{""601939.SH"": 7000.0, ""601988.SH"": 12800.0}",-0.003512961533,-0.1093997863
2020-04-23,V23 60d risk-adjusted momentum Top2,87823.27308,88102,65.27307956,2,168.0143204,110.7126,369042,0,"{""601939.SH"": 7000.0, ""601988.SH"": 12800.0}",-0.01398911159,-0.1218584921
2020-04-24,V23 60d risk-adjusted momentum Top2,87369.27308,87648,65.27307956,2,168.0143204,110.7126,369042,0,"{""601939.SH"": 7000.0, ""601988.SH"": 12800.0}",-0.005169472556,-0.1263980205
2020-04-27,V23 60d risk-adjusted momentum Top2,87917.27308,88196,65.27307956,2,168.0143204,110.7126,369042,0,"{""601939.SH"": 7000.0, ""601988.SH"": 12800.0}",0.006272227989,-0.1209185897
2020-04-28,V23 60d risk-adjusted momentum Top2,87859.27308,88138,65.27307956,2,168.0143204,110.7126,369042,0,"{""601939.SH"": 7000.0, ""601988.SH"": 12800.0}",-0.0006597110894,-0.1214985295
2020-04-29,V23 60d risk-adjusted momentum Top2,89293.27308,89572,65.27307956,2,168.0143204,110.7126,369042,0,"{""601939.SH"": 7000.0, ""601988.SH"": 12800.0}",0.01632155548,-0.107160019
2020-04-30,V23 60d risk-adjusted momentum Top2,89619.27308,89898,65.27307956,2,168.0143204,110.7126,369042,0,"{""601939.SH"": 7000.0, ""601988.SH"": 12800.0}",0.003650890921,-0.1039003576
2020-05-06,V23 60d risk-adjusted momentum Top2,88605.27308,88884,65.27307956,2,168.0143204,110.7126,369042,0,"{""601939.SH"": 7000.0, ""601988.SH"": 12800.0}",-0.01131453052,-0.1140393044
2020-05-07,V23 60d risk-adjusted momentum Top2,88265.7515,88616,244.7514951,2,213.0672049,137.1813,457271,0,"{""601288.SH"": 12900.0, ""601988.SH"": 12800.0}",-0.003831844005,-0.1174341675
2020-05-08,V23 60d risk-adjusted momentum Top2,88650.7515,89001,244.7514951,2,213.0672049,137.1813,457271,0,"{""601288.SH"": 12900.0, ""601988.SH"": 12800.0}",0.004361827702,-0.1135845674
2020-05-11,V23 60d risk-adjusted momentum Top2,88650.7515,89001,244.7514951,2,213.0672049,137.1813,457271,0,"{""601288.SH"": 12900.0, ""601988.SH"": 12800.0}",0,-0.1135845674
2020-05-12,V23 60d risk-adjusted momentum Top2,88265.7515,88616,244.7514951,2,213.0672049,137.1813,457271,0,"{""601288.SH"": 12900.0, ""601988.SH"": 12800.0}",-0.004342884787,-0.1174341675
2020-05-13,V23 60d risk-adjusted momentum Top2,88521.7515,88872,244.7514951,2,213.0672049,137.1813,457271,0,"{""601288.SH"": 12900.0, ""601988.SH"": 12800.0}",0.002900332186,-0.1148744334
2020-05-14,V23 60d risk-adjusted momentum Top2,88135.7515,88486,244.7514951,2,213.0672049,137.1813,457271,0,"{""601288.SH"": 12900.0, ""601988.SH"": 12800.0}",-0.004360510196,-0.1187340325
2020-05-15,V23 60d risk-adjusted momentum Top2,88135.7515,88486,244.7514951,2,213.0672049,137.1813,457271,0,"{""601288.SH"": 12900.0, ""601988.SH"": 12800.0}",0,-0.1187340325
2020-05-18,V23 60d risk-adjusted momentum Top2,88135.7515,88486,244.7514951,2,213.0672049,137.1813,457271,0,"{""601288.SH"": 12900.0, ""601988.SH"": 12800.0}",0,-0.1187340325
2020-05-19,V23 60d risk-adjusted momentum Top2,88392.7515,88743,244.7514951,2,213.0672049,137.1813,457271,0,"{""601288.SH"": 12900.0, ""601988.SH"": 12800.0}",0.002915956302,-0.1161642994
2020-05-20,V23 60d risk-adjusted momentum Top2,88649.7515,89000,244.7514951,2,213.0672049,137.1813,457271,0,"{""601288.SH"": 12900.0, ""601988.SH"": 12800.0}",0.002907478223,-0.1135945664
2020-05-21,V23 60d risk-adjusted momentum Top2,88264.7515,88615,244.7514951,2,213.0672049,137.1813,457271,0,"{""601288.SH"": 12900.0, ""601988.SH"": 12800.0}",-0.004342933776,-0.1174441665
2020-05-22,V23 60d risk-adjusted momentum Top2,87493.7515,87844,244.7514951,2,213.0672049,137.1813,457271,0,"{""601288.SH"": 12900.0, ""601988.SH"": 12800.0}",-0.00873508379,-0.1251533656
2020-05-25,V23 60d risk-adjusted momentum Top2,88007.7515,88358,244.7514951,2,213.0672049,137.1813,457271,0,"{""601288.SH"": 12900.0, ""601988.SH"": 12800.0}",0.005874705236,-0.1200138995
2020-05-26,V23 60d risk-adjusted momentum Top2,87750.7515,88101,244.7514951,2,213.0672049,137.1813,457271,0,"{""601288.SH"": 12900.0, ""601988.SH"": 12800.0}",-0.002920197319,-0.1225836326
2020-05-27,V23 60d risk-adjusted momentum Top2,88264.7515,88615,244.7514951,2,213.0672049,137.1813,457271,0,"{""601288.SH"": 12900.0, ""601988.SH"": 12800.0}",0.005857499694,-0.1174441665
2020-05-28,V23 60d risk-adjusted momentum Top2,88907.7515,89258,244.7514951,2,213.0672049,137.1813,457271,0,"{""601288.SH"": 12900.0, ""601988.SH"": 12800.0}",0.007284901267,-0.1110148344
2020-05-29,V23 60d risk-adjusted momentum Top2,88264.7515,88615,244.7514951,2,213.0672049,137.1813,457271,0,"{""601288.SH"": 12900.0, ""601988.SH"": 12800.0}",-0.007232215293,-0.1174441665
2020-06-01,V23 60d risk-adjusted momentum Top2,88778.7515,89129,244.7514951,2,213.0672049,137.1813,457271,0,"{""601288.SH"": 12900.0, ""601988.SH"": 12800.0}",0.005823389193,-0.1123047004
2020-06-02,V23 60d risk-adjusted momentum Top2,88973.98626,89396,497.9862629,2,258.2803371,163.7334,545778,0,"{""601288.SH"": 12900.0, ""601939.SH"": 6900.0}",0.002199115942,-0.1103525555
2020-06-03,V23 60d risk-adjusted momentum Top2,88982.98626,89405,497.9862629,2,258.2803371,163.7334,545778,0,"{""601288.SH"": 12900.0, ""601939.SH"": 6900.0}",0.0001011531615,-0.1102625649
2020-06-04,V23 60d risk-adjusted momentum Top2,88646.98626,89069,497.9862629,2,258.2803371,163.7334,545778,0,"{""601288.SH"": 12900.0, ""601939.SH"": 6900.0}",-0.003776002741,-0.1136222158
2020-06-05,V23 60d risk-adjusted momentum Top2,88982.98626,89405,497.9862629,2,258.2803371,163.7334,545778,0,"{""601288.SH"": 12900.0, ""601939.SH"": 6900.0}",0.00379031498,-0.1102625649
2020-06-08,V23 60d risk-adjusted momentum Top2,88646.98626,89069,497.9862629,2,258.2803371,163.7334,545778,0,"{""601288.SH"": 12900.0, ""601939.SH"": 6900.0}",-0.003776002741,-0.1136222158
2020-06-09,V23 60d risk-adjusted momentum Top2,88982.98626,89405,497.9862629,2,258.2803371,163.7334,545778,0,"{""601288.SH"": 12900.0, ""601939.SH"": 6900.0}",0.00379031498,-0.1102625649
2020-06-10,V23 60d risk-adjusted momentum Top2,88517.98626,88940,497.9862629,2,258.2803371,163.7334,545778,0,"{""601288.SH"": 12900.0, ""601939.SH"": 6900.0}",-0.005225718079,-0.1149120819
2020-06-11,V23 60d risk-adjusted momentum Top2,87914.98626,88337,497.9862629,2,258.2803371,163.7334,545778,0,"{""601288.SH"": 12900.0, ""601939.SH"": 6900.0}",-0.006812174852,-0.1209414555
2020-06-12,V23 60d risk-adjusted momentum Top2,88121.98626,88544,497.9862629,2,258.2803371,163.7334,545778,0,"{""601288.SH"": 12900.0, ""601939.SH"": 6900.0}",0.002354547374,-0.1188716705
2020-06-15,V23 60d risk-adjusted momentum Top2,86717.98626,87140,497.9862629,2,258.2803371,163.7334,545778,0,"{""601288.SH"": 12900.0, ""601939.SH"": 6900.0}",-0.01593245976,-0.1329102122
2020-06-16,V23 60d risk-adjusted momentum Top2,87251.98626,87674,497.9862629,2,258.2803371,163.7334,545778,0,"{""601288.SH"": 12900.0, ""601939.SH"": 6900.0}",0.006157892071,-0.1275707668
2020-06-17,V23 60d risk-adjusted momentum Top2,87380.98626,87803,497.9862629,2,258.2803371,163.7334,545778,0,"{""601288.SH"": 12900.0, ""601939.SH"": 6900.0}",0.001478476371,-0.1262809008
2020-06-18,V23 60d risk-adjusted momentum Top2,87044.98626,87467,497.9862629,2,258.2803371,163.7334,545778,0,"{""601288.SH"": 12900.0, ""601939.SH"": 6900.0}",-0.003845230117,-0.1296405518
2020-06-19,V23 60d risk-adjusted momentum Top2,87044.98626,87467,497.9862629,2,258.2803371,163.7334,545778,0,"{""601288.SH"": 12900.0, ""601939.SH"": 6900.0}",0,-0.1296405518
2020-06-22,V23 60d risk-adjusted momentum Top2,87311.98626,87734,497.9862629,2,258.2803371,163.7334,545778,0,"{""601288.SH"": 12900.0, ""601939.SH"": 6900.0}",0.003067379426,-0.1269708292
2020-06-23,V23 60d risk-adjusted momentum Top2,86975.98626,87398,497.9862629,2,258.2803371,163.7334,545778,0,"{""601288.SH"": 12900.0, ""601939.SH"": 6900.0}",-0.003848268885,-0.1303304802
2020-06-24,V23 60d risk-adjusted momentum Top2,87578.98626,88001,497.9862629,2,258.2803371,163.7334,545778,0,"{""601288.SH"": 12900.0, ""601939.SH"": 6900.0}",0.006932948115,-0.1243011065
2020-06-29,V23 60d risk-adjusted momentum Top2,87302.98626,87725,497.9862629,2,258.2803371,163.7334,545778,0,"{""601288.SH"": 12900.0, ""601939.SH"": 6900.0}",-0.003151440908,-0.1270608198
2020-06-30,V23 60d risk-adjusted momentum Top2,87638.98626,88061,497.9862629,2,258.2803371,163.7334,545778,0,"{""601288.SH"": 12900.0, ""601939.SH"": 6900.0}",0.0038486656,-0.1237011688
2020-07-01,V23 60d risk-adjusted momentum Top2,88112.98626,88535,497.9862629,2,258.2803371,163.7334,545778,0,"{""601288.SH"": 12900.0, ""601939.SH"": 6900.0}",0.005408551835,-0.1189616612
2020-07-02,V23 60d risk-adjusted momentum Top2,89519.93437,90013,486.9343702,2,303.0198298,190.0458,633486,0,"{""601288.SH"": 12900.0, ""601398.SH"": 8800.0}",0.01596754539,-0.1048936415
2020-07-03,V23 60d risk-adjusted momentum Top2,91173.93437,91667,486.9343702,2,303.0198298,190.0458,633486,0,"{""601288.SH"": 12900.0, ""601398.SH"": 8800.0}",0.01847633169,-0.08835535954
2020-07-06,V23 60d risk-adjusted momentum Top2,98270.93437,98764,486.9343702,2,303.0198298,190.0458,633486,0,"{""601288.SH"": 12900.0, ""601398.SH"": 8800.0}",0.07784022977,-0.01739273126
2020-07-07,V23 60d risk-adjusted momentum Top2,97531.93437,98025,486.9343702,2,303.0198298,190.0458,633486,0,"{""601288.SH"": 12900.0, ""601398.SH"": 8800.0}",-0.007520026188,-0.02478196366
2020-07-08,V23 60d risk-adjusted momentum Top2,96481.93437,96975,486.9343702,2,303.0198298,190.0458,633486,0,"{""601288.SH"": 12900.0, ""601398.SH"": 8800.0}",-0.01076570466,-0.03528087301
2020-07-09,V23 60d risk-adjusted momentum Top2,94786.93437,95280,486.9343702,2,303.0198298,190.0458,633486,0,"{""601288.SH"": 12900.0, ""601398.SH"": 8800.0}",-0.01756805573,-0.0522291124
2020-07-10,V23 60d risk-adjusted momentum Top2,92021.95265,92515.01828,486.9343702,2,303.0198298,190.0458,633486,0,"{""601288.SH"": 13571.1364, ""601398.SH"": 8800.0}",-0.02917049421,-0.07987605759
2020-07-13,V23 60d risk-adjusted momentum Top2,91798.24129,92291.30692,486.9343702,2,303.0198298,190.0458,633486,0,"{""601288.SH"": 13571.1364, ""601398.SH"": 8800.0}",-0.00243106517,-0.08211293886
2020-07-14,V23 60d risk-adjusted momentum Top2,90639.39583,91132.46146,486.9343702,2,303.0198298,190.0458,633486,0,"{""601288.SH"": 13571.1364, ""601398.SH"": 8800.0}",-0.01262383069,-0.09370018971
2020-07-15,V23 60d risk-adjusted momentum Top2,89704.26174,90197.32737,486.9343702,2,303.0198298,190.0458,633486,0,"{""601288.SH"": 13571.1364, ""601398.SH"": 8800.0}",-0.01031708214,-0.1030505593
2020-07-16,V23 60d risk-adjusted momentum Top2,89392.55037,89885.616,486.9343702,2,303.0198298,190.0458,633486,0,"{""601288.SH"": 13571.1364, ""601398.SH"": 8800.0}",-0.003474877981,-0.1061673492
2020-07-17,V23 60d risk-adjusted momentum Top2,89528.26174,90021.32737,486.9343702,2,303.0198298,190.0458,633486,0,"{""601288.SH"": 13571.1364, ""601398.SH"": 8800.0}",0.001518150711,-0.1048103765
2020-07-20,V23 60d risk-adjusted momentum Top2,90687.10719,91180.17282,486.9343702,2,303.0198298,190.0458,633486,0,"{""601288.SH"": 13571.1364, ""601398.SH"": 8800.0}",0.01294390657,-0.09322312563
2020-07-21,V23 60d risk-adjusted momentum Top2,90151.68447,90644.7501,486.9343702,2,303.0198298,190.0458,633486,0,"{""601288.SH"": 13571.1364, ""601398.SH"": 8800.0}",-0.00590406668,-0.09857679676
2020-07-22,V23 60d risk-adjusted momentum Top2,89927.9731,90421.03873,486.9343702,2,303.0198298,190.0458,633486,0,"{""601288.SH"": 13571.1364, ""601398.SH"": 8800.0}",-0.002481499544,-0.100813678
2020-07-23,V23 60d risk-adjusted momentum Top2,89128.55037,89621.616,486.9343702,2,303.0198298,190.0458,633486,0,"{""601288.SH"": 13571.1364, ""601398.SH"": 8800.0}",-0.008889589082,-0.1088070749
2020-07-24,V23 60d risk-adjusted momentum Top2,88145.70492,88638.77055,486.9343702,2,303.0198298,190.0458,633486,0,"{""601288.SH"": 13571.1364, ""601398.SH"": 8800.0}",-0.01102727972,-0.1186345086
2020-07-27,V23 60d risk-adjusted momentum Top2,87921.99355,88415.05918,486.9343702,2,303.0198298,190.0458,633486,0,"{""601288.SH"": 13571.1364, ""601398.SH"": 8800.0}",-0.002537972374,-0.1208713899
2020-07-28,V23 60d risk-adjusted momentum Top2,88145.70492,88638.77055,486.9343702,2,303.0198298,190.0458,633486,0,"{""601288.SH"": 13571.1364, ""601398.SH"": 8800.0}",0.002544430067,-0.1186345086
2020-07-29,V23 60d risk-adjusted momentum Top2,88769.12765,89262.19328,486.9343702,2,303.0198298,190.0458,633486,0,"{""601288.SH"": 13571.1364, ""601398.SH"": 8800.0}",0.007072638745,-0.1124009289
2020-07-30,V23 60d risk-adjusted momentum Top2,88145.70492,88638.77055,486.9343702,2,303.0198298,190.0458,633486,0,"{""601288.SH"": 13571.1364, ""601398.SH"": 8800.0}",-0.007022967831,-0.1186345086
2020-07-31,V23 60d risk-adjusted momentum Top2,87969.70492,88462.77055,486.9343702,2,303.0198298,190.0458,633486,0,"{""601288.SH"": 13571.1364, ""601398.SH"": 8800.0}",-0.001996693998,-0.1203943258
2020-08-03,V23 60d risk-adjusted momentum Top2,88281.41628,88774.48191,486.9343702,2,303.0198298,190.0458,633486,0,"{""601288.SH"": 13571.1364, ""601398.SH"": 8800.0}",0.003543394447,-0.1172775359
2020-08-04,V23 60d risk-adjusted momentum Top2,89083.67103,89647.77055,365.6710331,2,347.7377842,216.3617312,721205.7705,0,"{""601398.SH"": 8800.0, ""601988.SH"": 13100.0}",0.009087470324,-0.1092558217
2020-08-05,V23 60d risk-adjusted momentum Top2,88250.67103,88814.77055,365.6710331,2,347.7377842,216.3617312,721205.7705,0,"{""601398.SH"": 8800.0, ""601988.SH"": 13100.0}",-0.009350759689,-0.1175849565
2020-08-06,V23 60d risk-adjusted momentum Top2,88557.67103,89121.77055,365.6710331,2,347.7377842,216.3617312,721205.7705,0,"{""601398.SH"": 8800.0, ""601988.SH"": 13100.0}",0.00347872709,-0.1145152754
2020-08-07,V23 60d risk-adjusted momentum Top2,87943.67103,88507.77055,365.6710331,2,347.7377842,216.3617312,721205.7705,0,"{""601398.SH"": 8800.0, ""601988.SH"": 13100.0}",-0.006933334999,-0.1206546376
2020-08-10,V23 60d risk-adjusted momentum Top2,88162.67103,88726.77055,365.6710331,2,347.7377842,216.3617312,721205.7705,0,"{""601398.SH"": 8800.0, ""601988.SH"": 13100.0}",0.002490230365,-0.1184648651
2020-08-11,V23 60d risk-adjusted momentum Top2,88074.67103,88638.77055,365.6710331,2,347.7377842,216.3617312,721205.7705,0,"{""601398.SH"": 8800.0, ""601988.SH"": 13100.0}",-0.0009981548763,-0.1193447737
2020-08-12,V23 60d risk-adjusted momentum Top2,88031.67103,88595.77055,365.6710331,2,347.7377842,216.3617312,721205.7705,0,"{""601398.SH"": 8800.0, ""601988.SH"": 13100.0}",-0.0004882220904,-0.119774729
2020-08-13,V23 60d risk-adjusted momentum Top2,87812.67103,88376.77055,365.6710331,2,347.7377842,216.3617312,721205.7705,0,"{""601398.SH"": 8800.0, ""601988.SH"": 13100.0}",-0.00248774103,-0.1219645015
2020-08-14,V23 60d risk-adjusted momentum Top2,88426.67103,88990.77055,365.6710331,2,347.7377842,216.3617312,721205.7705,0,"{""601398.SH"": 8800.0, ""601988.SH"": 13100.0}",0.0069921572,-0.1158251393
2020-08-17,V23 60d risk-adjusted momentum Top2,89697.67103,90261.77055,365.6710331,2,347.7377842,216.3617312,721205.7705,0,"{""601398.SH"": 8800.0, ""601988.SH"": 13100.0}",0.01437349145,-0.1031164595
2020-08-18,V23 60d risk-adjusted momentum Top2,88821.67103,89385.77055,365.6710331,2,347.7377842,216.3617312,721205.7705,0,"{""601398.SH"": 8800.0, ""601988.SH"": 13100.0}",-0.009766139855,-0.1118755496
2020-08-19,V23 60d risk-adjusted momentum Top2,88383.67103,88947.77055,365.6710331,2,347.7377842,216.3617312,721205.7705,0,"{""601398.SH"": 8800.0, ""601988.SH"": 13100.0}",-0.004931229,-0.1162550946
2020-08-20,V23 60d risk-adjusted momentum Top2,87988.67103,88552.77055,365.6710331,2,347.7377842,216.3617312,721205.7705,0,"{""601398.SH"": 8800.0, ""601988.SH"": 13100.0}",-0.004469151319,-0.1202046843
2020-08-21,V23 60d risk-adjusted momentum Top2,88076.67103,88640.77055,365.6710331,2,347.7377842,216.3617312,721205.7705,0,"{""601398.SH"": 8800.0, ""601988.SH"": 13100.0}",0.001000128755,-0.1193247758
2020-08-24,V23 60d risk-adjusted momentum Top2,87769.67103,88333.77055,365.6710331,2,347.7377842,216.3617312,721205.7705,0,"{""601398.SH"": 8800.0, ""601988.SH"": 13100.0}",-0.003485599494,-0.1223944569
2020-08-25,V23 60d risk-adjusted momentum Top2,87857.67103,88421.77055,365.6710331,2,347.7377842,216.3617312,721205.7705,0,"{""601398.SH"": 8800.0, ""601988.SH"": 13100.0}",0.001002624243,-0.1215145483
2020-08-26,V23 60d risk-adjusted momentum Top2,87288.67103,87852.77055,365.6710331,2,347.7377842,216.3617312,721205.7705,0,"{""601398.SH"": 8800.0, ""601988.SH"": 13100.0}",-0.00647638383,-0.1272039573
2020-08-27,V23 60d risk-adjusted momentum Top2,87069.67103,87633.77055,365.6710331,2,347.7377842,216.3617312,721205.7705,0,"{""601398.SH"": 8800.0, ""601988.SH"": 13100.0}",-0.002508916649,-0.1293937298
2020-08-28,V23 60d risk-adjusted momentum Top2,87595.67103,88159.77055,365.6710331,2,347.7377842,216.3617312,721205.7705,0,"{""601398.SH"": 8800.0, ""601988.SH"": 13100.0}",0.006041139168,-0.1241342761
2020-08-31,V23 60d risk-adjusted momentum Top2,86981.67103,87545.77055,365.6710331,2,347.7377842,216.3617312,721205.7705,0,"{""601398.SH"": 8800.0, ""601988.SH"": 13100.0}",-0.007009478811,-0.1302736384
2020-09-01,V23 60d risk-adjusted momentum Top2,86588.67103,87152.77055,365.6710331,2,347.7377842,216.3617312,721205.7705,0,"{""601398.SH"": 8800.0, ""601988.SH"": 13100.0}",-0.004518193262,-0.1342032302
2020-09-02,V23 60d risk-adjusted momentum Top2,86098.66839,86731.77055,229.6683941,2,391.1753231,241.9268312,806422.7705,0,"{""601398.SH"": 8800.0, ""601939.SH"": 6900.0}",-0.005658969391,-0.1391027476
2020-09-03,V23 60d risk-adjusted momentum Top2,85734.66839,86367.77055,229.6683941,2,391.1753231,241.9268312,806422.7705,0,"{""601398.SH"": 8800.0, ""601939.SH"": 6900.0}",-0.004227707661,-0.1427423695
2020-09-04,V23 60d risk-adjusted momentum Top2,85508.66839,86141.77055,229.6683941,2,391.1753231,241.9268312,806422.7705,0,"{""601398.SH"": 8800.0, ""601939.SH"": 6900.0}",-0.002636039822,-0.1450021347
2020-09-07,V23 60d risk-adjusted momentum Top2,85508.66839,86141.77055,229.6683941,2,391.1753231,241.9268312,806422.7705,0,"{""601398.SH"": 8800.0, ""601939.SH"": 6900.0}",0,-0.1450021347
2020-09-08,V23 60d risk-adjusted momentum Top2,86707.66839,87340.77055,229.6683941,2,391.1753231,241.9268312,806422.7705,0,"{""601398.SH"": 8800.0, ""601939.SH"": 6900.0}",0.0140219702,-0.1330133801
2020-09-09,V23 60d risk-adjusted momentum Top2,86343.66839,86976.77055,229.6683941,2,391.1753231,241.9268312,806422.7705,0,"{""601398.SH"": 8800.0, ""601939.SH"": 6900.0}",-0.004198013933,-0.1366530021
2020-09-10,V23 60d risk-adjusted momentum Top2,85803.66839,86436.77055,229.6683941,2,391.1753231,241.9268312,806422.7705,0,"{""601398.SH"": 8800.0, ""601939.SH"": 6900.0}",-0.006254077572,-0.1420524412
2020-09-11,V23 60d risk-adjusted momentum Top2,86048.66839,86681.77055,229.6683941,2,391.1753231,241.9268312,806422.7705,0,"{""601398.SH"": 8800.0, ""601939.SH"": 6900.0}",0.002855355774,-0.1396026956
2020-09-14,V23 60d risk-adjusted momentum Top2,85910.66839,86543.77055,229.6683941,2,391.1753231,241.9268312,806422.7705,0,"{""601398.SH"": 8800.0, ""601939.SH"": 6900.0}",-0.001603743586,-0.1409825523
2020-09-15,V23 60d risk-adjusted momentum Top2,85753.66839,86386.77055,229.6683941,2,391.1753231,241.9268312,806422.7705,0,"{""601398.SH"": 8800.0, ""601939.SH"": 6900.0}",-0.001827479671,-0.1425523892
2020-09-16,V23 60d risk-adjusted momentum Top2,85998.66839,86631.77055,229.6683941,2,391.1753231,241.9268312,806422.7705,0,"{""601398.SH"": 8800.0, ""601939.SH"": 6900.0}",0.002857020633,-0.1401026437
2020-09-17,V23 60d risk-adjusted momentum Top2,86136.66839,86769.77055,229.6683941,2,391.1753231,241.9268312,806422.7705,0,"{""601398.SH"": 8800.0, ""601939.SH"": 6900.0}",0.001604676009,-0.138722787
2020-09-18,V23 60d risk-adjusted momentum Top2,87109.66839,87742.77055,229.6683941,2,391.1753231,241.9268312,806422.7705,0,"{""601398.SH"": 8800.0, ""601939.SH"": 6900.0}",0.01129600225,-0.1289937977
2020-09-21,V23 60d risk-adjusted momentum Top2,86726.66839,87359.77055,229.6683941,2,391.1753231,241.9268312,806422.7705,0,"{""601398.SH"": 8800.0, ""601939.SH"": 6900.0}",-0.004396756492,-0.1328233999
2020-09-22,V23 60d risk-adjusted momentum Top2,86324.66839,86957.77055,229.6683941,2,391.1753231,241.9268312,806422.7705,0,"{""601398.SH"": 8800.0, ""601939.SH"": 6900.0}",-0.004635252425,-0.1368429823
2020-09-23,V23 60d risk-adjusted momentum Top2,86098.66839,86731.77055,229.6683941,2,391.1753231,241.9268312,806422.7705,0,"{""601398.SH"": 8800.0, ""601939.SH"": 6900.0}",-0.002618023379,-0.1391027476
2020-09-24,V23 60d risk-adjusted momentum Top2,85646.66839,86279.77055,229.6683941,2,391.1753231,241.9268312,806422.7705,0,"{""601398.SH"": 8800.0, ""601939.SH"": 6900.0}",-0.005249790832,-0.1436222781
2020-09-25,V23 60d risk-adjusted momentum Top2,85627.66839,86260.77055,229.6683941,2,391.1753231,241.9268312,806422.7705,0,"{""601398.SH"": 8800.0, ""601939.SH"": 6900.0}",-0.0002218416706,-0.1438122583
2020-09-28,V23 60d risk-adjusted momentum Top2,86412.66839,87045.77055,229.6683941,2,391.1753231,241.9268312,806422.7705,0,"{""601398.SH"": 8800.0, ""601939.SH"": 6900.0}",0.009167597515,-0.1359630737
2020-09-29,V23 60d risk-adjusted momentum Top2,85803.66839,86436.77055,229.6683941,2,391.1753231,241.9268312,806422.7705,0,"{""601398.SH"": 8800.0, ""601939.SH"": 6900.0}",-0.007047577761,-0.1420524412
2020-09-30,V23 60d risk-adjusted momentum Top2,85960.66839,86593.77055,229.6683941,2,391.1753231,241.9268312,806422.7705,0,"{""601398.SH"": 8800.0, ""601939.SH"": 6900.0}",0.001829758598,-0.1404826042
2020-10-09,V23 60d risk-adjusted momentum Top2,85803.66839,86436.77055,229.6683941,2,391.1753231,241.9268312,806422.7705,0,"{""601398.SH"": 8800.0, ""601939.SH"": 6900.0}",-0.001826416697,-0.1420524412
2020-10-12,V23 60d risk-adjusted momentum Top2,86864.66839,87497.77055,229.6683941,2,391.1753231,241.9268312,806422.7705,0,"{""601398.SH"": 8800.0, ""601939.SH"": 6900.0}",0.01236543868,-0.1314435432
2020-10-13,V23 60d risk-adjusted momentum Top2,86098.66839,86731.77055,229.6683941,2,391.1753231,241.9268312,806422.7705,0,"{""601398.SH"": 8800.0, ""601939.SH"": 6900.0}",-0.008818314905,-0.1391027476
2020-10-14,V23 60d risk-adjusted momentum Top2,86098.66839,86731.77055,229.6683941,2,391.1753231,241.9268312,806422.7705,0,"{""601398.SH"": 8800.0, ""601939.SH"": 6900.0}",0,-0.1391027476
2020-10-15,V23 60d risk-adjusted momentum Top2,86600.66839,87233.77055,229.6683941,2,391.1753231,241.9268312,806422.7705,0,"{""601398.SH"": 8800.0, ""601939.SH"": 6900.0}",0.005830519907,-0.134083269
2020-10-16,V23 60d risk-adjusted momentum Top2,88301.66839,88934.77055,229.6683941,2,391.1753231,241.9268312,806422.7705,0,"{""601398.SH"": 8800.0, ""601939.SH"": 6900.0}",0.01964188073,-0.1170750359
2020-10-19,V23 60d risk-adjusted momentum Top2,89393.66839,90026.77055,229.6683941,2,391.1753231,241.9268312,806422.7705,0,"{""601398.SH"": 8800.0, ""601939.SH"": 6900.0}",0.01236669725,-0.1061561701
2020-10-20,V23 60d risk-adjusted momentum Top2,87868.66839,88501.77055,229.6683941,2,391.1753231,241.9268312,806422.7705,0,"{""601398.SH"": 8800.0, ""601939.SH"": 6900.0}",-0.01705937375,-0.1214045861
2020-10-21,V23 60d risk-adjusted momentum Top2,89036.66839,89669.77055,229.6683941,2,391.1753231,241.9268312,806422.7705,0,"{""601398.SH"": 8800.0, ""601939.SH"": 6900.0}",0.01329256516,-0.1097257993
2020-10-22,V23 60d risk-adjusted momentum Top2,89400.66839,90033.77055,229.6683941,2,391.1753231,241.9268312,806422.7705,0,"{""601398.SH"": 8800.0, ""601939.SH"": 6900.0}",0.004088203283,-0.1060861774
2020-10-23,V23 60d risk-adjusted momentum Top2,89400.66839,90033.77055,229.6683941,2,391.1753231,241.9268312,806422.7705,0,"{""601398.SH"": 8800.0, ""601939.SH"": 6900.0}",0,-0.1060861774
2020-10-26,V23 60d risk-adjusted momentum Top2,88841.66839,89474.77055,229.6683941,2,391.1753231,241.9268312,806422.7705,0,"{""601398.SH"": 8800.0, ""601939.SH"": 6900.0}",-0.006252749672,-0.1116755968
2020-10-27,V23 60d risk-adjusted momentum Top2,88584.66839,89217.77055,229.6683941,2,391.1753231,241.9268312,806422.7705,0,"{""601398.SH"": 8800.0, ""601939.SH"": 6900.0}",-0.002892786737,-0.1142453298
2020-10-28,V23 60d risk-adjusted momentum Top2,87630.66839,88263.77055,229.6683941,2,391.1753231,241.9268312,806422.7705,0,"{""601398.SH"": 8800.0, ""601939.SH"": 6900.0}",-0.01076935792,-0.1237843389
2020-10-29,V23 60d risk-adjusted momentum Top2,87278.66839,87911.77055,229.6683941,2,391.1753231,241.9268312,806422.7705,0,"{""601398.SH"": 8800.0, ""601939.SH"": 6900.0}",-0.004016858555,-0.1273039733
2020-10-30,V23 60d risk-adjusted momentum Top2,86926.66839,87559.77055,229.6683941,2,391.1753231,241.9268312,806422.7705,0,"{""601398.SH"": 8800.0, ""601939.SH"": 6900.0}",-0.004033058781,-0.1308236076
2020-11-02,V23 60d risk-adjusted momentum Top2,86757.66839,87390.77055,229.6683941,2,391.1753231,241.9268312,806422.7705,0,"{""601398.SH"": 8800.0, ""601939.SH"": 6900.0}",-0.001944167459,-0.1325134321
2020-11-03,V23 60d risk-adjusted momentum Top2,87052.66839,87685.77055,229.6683941,2,391.1753231,241.9268312,806422.7705,0,"{""601398.SH"": 8800.0, ""601939.SH"": 6900.0}",0.003400275796,-0.1295637385
2020-11-04,V23 60d risk-adjusted momentum Top2,87604.66839,88237.77055,229.6683941,2,391.1753231,241.9268312,806422.7705,0,"{""601398.SH"": 8800.0, ""601939.SH"": 6900.0}",0.006340988854,-0.1240443119
2020-11-05,V23 60d risk-adjusted momentum Top2,87673.66839,88306.77055,229.6683941,2,391.1753231,241.9268312,806422.7705,0,"{""601398.SH"": 8800.0, ""601939.SH"": 6900.0}",0.0007876292584,-0.1233543835
2020-11-06,V23 60d risk-adjusted momentum Top2,87968.66839,88601.77055,229.6683941,2,391.1753231,241.9268312,806422.7705,0,"{""601398.SH"": 8800.0, ""601939.SH"": 6900.0}",0.003364750277,-0.12040469
2020-11-09,V23 60d risk-adjusted momentum Top2,88213.66839,88846.77055,229.6683941,2,391.1753231,241.9268312,806422.7705,0,"{""601398.SH"": 8800.0, ""601939.SH"": 6900.0}",0.002785082513,-0.1179549444
2020-11-10,V23 60d risk-adjusted momentum Top2,88910.66839,89543.77055,229.6683941,2,391.1753231,241.9268312,806422.7705,0,"{""601398.SH"": 8800.0, ""601939.SH"": 6900.0}",0.007901269868,-0.1109856684
2020-11-11,V23 60d risk-adjusted momentum Top2,90247.66839,90880.77055,229.6683941,2,391.1753231,241.9268312,806422.7705,0,"{""601398.SH"": 8800.0, ""601939.SH"": 6900.0}",0.0150375655,-0.09761705718
2020-11-12,V23 60d risk-adjusted momentum Top2,89374.66839,90007.77055,229.6683941,2,391.1753231,241.9268312,806422.7705,0,"{""601398.SH"": 8800.0, ""601939.SH"": 6900.0}",-0.009673380105,-0.1063461504
2020-11-13,V23 60d risk-adjusted momentum Top2,88037.66839,88670.77055,229.6683941,2,391.1753231,241.9268312,806422.7705,0,"{""601398.SH"": 8800.0, ""601939.SH"": 6900.0}",-0.01495949606,-0.1197147616
2020-11-16,V23 60d risk-adjusted momentum Top2,88351.66839,88984.77055,229.6683941,2,391.1753231,241.9268312,806422.7705,0,"{""601398.SH"": 8800.0, ""601939.SH"": 6900.0}",0.003566655112,-0.1165750878
2020-11-17,V23 60d risk-adjusted momentum Top2,88941.66839,89574.77055,229.6683941,2,391.1753231,241.9268312,806422.7705,0,"{""601398.SH"": 8800.0, ""601939.SH"": 6900.0}",0.006677859182,-0.1106757006
2020-11-18,V23 60d risk-adjusted momentum Top2,89826.66839,90459.77055,229.6683941,2,391.1753231,241.9268312,806422.7705,0,"{""601398.SH"": 8800.0, ""601939.SH"": 6900.0}",0.009950341791,-0.1018266199
2020-11-19,V23 60d risk-adjusted momentum Top2,90466.66839,91099.77055,229.6683941,2,391.1753231,241.9268312,806422.7705,0,"{""601398.SH"": 8800.0, ""601939.SH"": 6900.0}",0.007124832875,-0.09542728466
2020-11-20,V23 60d risk-adjusted momentum Top2,89826.66839,90459.77055,229.6683941,2,391.1753231,241.9268312,806422.7705,0,"{""601398.SH"": 8800.0, ""601939.SH"": 6900.0}",-0.007074428752,-0.1018266199
2020-11-23,V23 60d risk-adjusted momentum Top2,91144.66839,91777.77055,229.6683941,2,391.1753231,241.9268312,806422.7705,0,"{""601398.SH"": 8800.0, ""601939.SH"": 6900.0}",0.0146727027,-0.0886479889
2020-11-24,V23 60d risk-adjusted momentum Top2,90485.66839,91118.77055,229.6683941,2,391.1753231,241.9268312,806422.7705,0,"{""601398.SH"": 8800.0, ""601939.SH"": 6900.0}",-0.007230263839,-0.09523730439
2020-11-25,V23 60d risk-adjusted momentum Top2,90259.66839,90892.77055,229.6683941,2,391.1753231,241.9268312,806422.7705,0,"{""601398.SH"": 8800.0, ""601939.SH"": 6900.0}",-0.002497633095,-0.09749706964
2020-11-26,V23 60d risk-adjusted momentum Top2,91527.66839,92160.77055,229.6683941,2,391.1753231,241.9268312,806422.7705,0,"{""601398.SH"": 8800.0, ""601939.SH"": 6900.0}",0.01404835651,-0.08481838673
2020-11-27,V23 60d risk-adjusted momentum Top2,96168.66839,96801.77055,229.6683941,2,391.1753231,241.9268312,806422.7705,0,"{""601398.SH"": 8800.0, ""601939.SH"": 6900.0}",0.05070597866,-0.03841320738
2020-11-30,V23 60d risk-adjusted momentum Top2,96380.66839,97013.77055,229.6683941,2,391.1753231,241.9268312,806422.7705,0,"{""601398.SH"": 8800.0, ""601939.SH"": 6900.0}",0.00220446018,-0.03629342759
2020-12-01,V23 60d risk-adjusted momentum Top2,98735.66839,99368.77055,229.6683941,2,391.1753231,241.9268312,806422.7705,0,"{""601398.SH"": 8800.0, ""601939.SH"": 6900.0}",0.02443436053,-0.01274587375
2020-12-02,V23 60d risk-adjusted momentum Top2,98616.90937,99260.77055,403.909374,2,401.5524432,242.3087312,807695.7705,0,"{""601398.SH"": 8900.0, ""601939.SH"": 6800.0}",-0.001202797551,-0.01393334059
2020-12-03,V23 60d risk-adjusted momentum Top2,97925.90937,98569.77055,403.909374,2,401.5524432,242.3087312,807695.7705,0,"{""601398.SH"": 8900.0, ""601939.SH"": 6800.0}",-0.007006911942,-0.02084262284
2020-12-04,V23 60d risk-adjusted momentum Top2,96214.90937,96858.77055,403.909374,2,401.5524432,242.3087312,807695.7705,0,"{""601398.SH"": 8900.0, ""601939.SH"": 6800.0}",-0.01747239327,-0.03795084561
2020-12-07,V23 60d risk-adjusted momentum Top2,93990.90937,94634.77055,403.909374,2,401.5524432,242.3087312,807695.7705,0,"{""601398.SH"": 8900.0, ""601939.SH"": 6800.0}",-0.0231149207,-0.06018853552
2020-12-08,V23 60d risk-adjusted momentum Top2,92007.90937,92651.77055,403.909374,2,401.5524432,242.3087312,807695.7705,0,"{""601398.SH"": 8900.0, ""601939.SH"": 6800.0}",-0.02109778502,-0.08001647576
2020-12-09,V23 60d risk-adjusted momentum Top2,91489.90937,92133.77055,403.909374,2,401.5524432,242.3087312,807695.7705,0,"{""601398.SH"": 8900.0, ""601939.SH"": 6800.0}",-0.005629950768,-0.08519593771
2020-12-10,V23 60d risk-adjusted momentum Top2,90181.90937,90825.77055,403.909374,2,401.5524432,242.3087312,807695.7705,0,"{""601398.SH"": 8900.0, ""601939.SH"": 6800.0}",-0.0142966586,-0.09827457908
2020-12-11,V23 60d risk-adjusted momentum Top2,89747.90937,90391.77055,403.909374,2,401.5524432,242.3087312,807695.7705,0,"{""601398.SH"": 8900.0, ""601939.SH"": 6800.0}",-0.004812495134,-0.1026141283
2020-12-14,V23 60d risk-adjusted momentum Top2,89752.90937,90396.77055,403.909374,2,401.5524432,242.3087312,807695.7705,0,"{""601398.SH"": 8900.0, ""601939.SH"": 6800.0}",5.571160415e-05,-0.1025641335
2020-12-15,V23 60d risk-adjusted momentum Top2,88716.90937,89360.77055,403.909374,2,401.5524432,242.3087312,807695.7705,0,"{""601398.SH"": 8900.0, ""601939.SH"": 6800.0}",-0.01154280131,-0.1129230574
2020-12-16,V23 60d risk-adjusted momentum Top2,88627.90937,89271.77055,403.909374,2,401.5524432,242.3087312,807695.7705,0,"{""601398.SH"": 8900.0, ""601939.SH"": 6800.0}",-0.001003190943,-0.1138129649
2020-12-17,V23 60d risk-adjusted momentum Top2,89030.90937,89674.77055,403.909374,2,401.5524432,242.3087312,807695.7705,0,"{""601398.SH"": 8900.0, ""601939.SH"": 6800.0}",0.004547100376,-0.1097833835
2020-12-18,V23 60d risk-adjusted momentum Top2,88491.90937,89135.77055,403.909374,2,401.5524432,242.3087312,807695.7705,0,"{""601398.SH"": 8900.0, ""601939.SH"": 6800.0}",-0.006054077216,-0.1151728237
2020-12-21,V23 60d risk-adjusted momentum Top2,88151.90937,88795.77055,403.909374,2,401.5524432,242.3087312,807695.7705,0,"{""601398.SH"": 8900.0, ""601939.SH"": 6800.0}",-0.003842159158,-0.1185724705
2020-12-22,V23 60d risk-adjusted momentum Top2,86733.90937,87377.77055,403.909374,2,401.5524432,242.3087312,807695.7705,0,"{""601398.SH"": 8900.0, ""601939.SH"": 6800.0}",-0.01608586825,-0.1327509976
2020-12-23,V23 60d risk-adjusted momentum Top2,86979.90937,87623.77055,403.909374,2,401.5524432,242.3087312,807695.7705,0,"{""601398.SH"": 8900.0, ""601939.SH"": 6800.0}",0.002836260948,-0.1302912531
2020-12-24,V23 60d risk-adjusted momentum Top2,87183.90937,87827.77055,403.909374,2,401.5524432,242.3087312,807695.7705,0,"{""601398.SH"": 8900.0, ""601939.SH"": 6800.0}",0.002345369195,-0.128251465
2020-12-25,V23 60d risk-adjusted momentum Top2,87272.90937,87916.77055,403.909374,2,401.5524432,242.3087312,807695.7705,0,"{""601398.SH"": 8900.0, ""601939.SH"": 6800.0}",0.001020830571,-0.1273615575
2020-12-28,V23 60d risk-adjusted momentum Top2,87068.90937,87712.77055,403.909374,2,401.5524432,242.3087312,807695.7705,0,"{""601398.SH"": 8900.0, ""601939.SH"": 6800.0}",-0.002337495123,-0.1294013456
2020-12-29,V23 60d risk-adjusted momentum Top2,87225.90937,87869.77055,403.909374,2,401.5524432,242.3087312,807695.7705,0,"{""601398.SH"": 8900.0, ""601939.SH"": 6800.0}",0.00180316948,-0.1278315087
2020-12-30,V23 60d risk-adjusted momentum Top2,86843.90937,87487.77055,403.909374,2,401.5524432,242.3087312,807695.7705,0,"{""601398.SH"": 8900.0, ""601939.SH"": 6800.0}",-0.004379432702,-0.1316511119
2020-12-31,V23 60d risk-adjusted momentum Top2,87518.90937,88162.77055,403.909374,2,401.5524432,242.3087312,807695.7705,0,"{""601398.SH"": 8900.0, ""601939.SH"": 6800.0}",0.007772565801,-0.124901813
2021-01-04,V23 60d risk-adjusted momentum Top2,87492.90937,88136.77055,403.909374,2,401.5524432,242.3087312,807695.7705,0,"{""601398.SH"": 8900.0, ""601939.SH"": 6800.0}",-0.0002970786563,-0.125161786
2021-01-05,V23 60d risk-adjusted momentum Top2,86786.31244,87440.77055,270.3124385,2,411.8130787,242.6450312,808816.7705,0,"{""601398.SH"": 8800.0, ""601939.SH"": 6900.0}",-0.008076047997,-0.1322270214
2021-01-06,V23 60d risk-adjusted momentum Top2,87200.31244,87854.77055,270.3124385,2,411.8130787,242.6450312,808816.7705,0,"{""601398.SH"": 8800.0, ""601939.SH"": 6900.0}",0.004770337492,-0.1280874514
2021-01-07,V23 60d risk-adjusted momentum Top2,87816.37419,88470.8323,270.3124385,2,411.8130787,242.6450312,808816.7705,0,"{""601398.SH"": 8800.4709, ""601939.SH"": 6900.746}",0.007064903057,-0.1219274738
2021-01-08,V23 60d risk-adjusted momentum Top2,88023.39657,88677.85468,270.3124385,2,411.8130787,242.6450312,808816.7705,0,"{""601398.SH"": 8800.4709, ""601939.SH"": 6900.746}",0.002357446236,-0.119857465
2021-01-11,V23 60d risk-adjusted momentum Top2,88694.47393,89348.93204,270.3124385,2,411.8130787,242.6450312,808816.7705,0,"{""601398.SH"": 8800.4709, ""601939.SH"": 6900.746}",0.007623852071,-0.1131473885
2021-01-12,V23 60d risk-adjusted momentum Top2,89234.51789,89888.976,270.3124385,2,411.8130787,242.6450312,808816.7705,0,"{""601398.SH"": 8800.4709, ""601939.SH"": 6900.746}",0.006088811885,-0.1077475098
2021-01-13,V23 60d risk-adjusted momentum Top2,90207.60387,90862.06198,270.3124385,2,411.8130787,242.6450312,808816.7705,0,"{""601398.SH"": 8800.4709, ""601939.SH"": 6900.746}",0.01090481576,-0.09801766079
2021-01-14,V23 60d risk-adjusted momentum Top2,90176.59091,90831.04902,270.3124385,2,411.8130787,242.6450312,808816.7705,0,"{""601398.SH"": 8800.4709, ""601939.SH"": 6900.746}",-0.000343795447,-0.09832775821
2021-01-15,V23 60d risk-adjusted momentum Top2,91758.72831,92413.18642,270.3124385,2,411.8130787,242.6450312,808816.7705,0,"{""601398.SH"": 8800.4709, ""601939.SH"": 6900.746}",0.01754487931,-0.08250802755
2021-01-18,V23 60d risk-adjusted momentum Top2,92153.77583,92808.23394,270.3124385,2,411.8130787,242.6450312,808816.7705,0,"{""601398.SH"": 8800.4709, ""601939.SH"": 6900.746}",0.004305285399,-0.07855796276
2021-01-19,V23 60d risk-adjusted momentum Top2,93992.94582,94647.40393,270.3124385,2,411.8130787,242.6450312,808816.7705,0,"{""601398.SH"": 8800.4709, ""601939.SH"": 6900.746}",0.01995761954,-0.06016817315
2021-01-20,V23 60d risk-adjusted momentum Top2,92379.79545,93034.25356,270.3124385,2,411.8130787,242.6450312,808816.7705,0,"{""601398.SH"": 8800.4709, ""601939.SH"": 6900.746}",-0.01716246207,-0.07629800123
2021-01-21,V23 60d risk-adjusted momentum Top2,91927.7562,92582.21431,270.3124385,2,411.8130787,242.6450312,808816.7705,0,"{""601398.SH"": 8800.4709, ""601939.SH"": 6900.746}",-0.004893269747,-0.08081792428
2021-01-22,V23 60d risk-adjusted momentum Top2,90031.59445,90686.05256,270.3124385,2,411.8130787,242.6450312,808816.7705,0,"{""601398.SH"": 8800.4709, ""601939.SH"": 6900.746}",-0.02062665098,-0.09977757214
2021-01-25,V23 60d risk-adjusted momentum Top2,90326.62154,90981.07965,270.3124385,2,411.8130787,242.6450312,808816.7705,0,"{""601398.SH"": 8800.4709, ""601939.SH"": 6900.746}",0.003276928408,-0.09682760769
2021-01-26,V23 60d risk-adjusted momentum Top2,90564.65689,91219.115,270.3124385,2,411.8130787,242.6450312,808816.7705,0,"{""601398.SH"": 8800.4709, ""601939.SH"": 6900.746}",0.002635273414,-0.0944475015
2021-01-27,V23 60d risk-adjusted momentum Top2,91330.72048,91985.17859,270.3124385,2,411.8130787,242.6450312,808816.7705,0,"{""601398.SH"": 8800.4709, ""601939.SH"": 6900.746}",0.008458747844,-0.08678766126
2021-01-28,V23 60d risk-adjusted momentum Top2,90495.64943,91150.10754,270.3124385,2,411.8130787,242.6450312,808816.7705,0,"{""601398.SH"": 8800.4709, ""601939.SH"": 6900.746}",-0.009143375329,-0.09513750442
2021-01-29,V23 60d risk-adjusted momentum Top2,91713.75228,92368.21039,270.3124385,2,411.8130787,242.6450312,808816.7705,0,"{""601398.SH"": 8800.4709, ""601939.SH"": 6900.746}",0.01346034712,-0.08295774113
2021-02-01,V23 60d risk-adjusted momentum Top2,92153.77583,92808.23394,270.3124385,2,411.8130787,242.6450312,808816.7705,0,"{""601398.SH"": 8800.4709, ""601939.SH"": 6900.746}",0.004797792395,-0.07855796276
2021-02-02,V23 60d risk-adjusted momentum Top2,91437.72244,92092.18055,270.3124385,2,411.8130787,242.6450312,808816.7705,0,"{""601398.SH"": 8800.4709, ""601939.SH"": 6900.746}",-0.007770201252,-0.08571775283
2021-02-03,V23 60d risk-adjusted momentum Top2,90652.6616,91307.11971,270.3124385,2,411.8130787,242.6450312,808816.7705,0,"{""601398.SH"": 8800.4709, ""601939.SH"": 6900.746}",-0.008585743647,-0.09356754583
2021-02-04,V23 60d risk-adjusted momentum Top2,90640.64588,91295.10399,270.3124385,2,411.8130787,242.6450312,808816.7705,0,"{""601398.SH"": 8800.4709, ""601939.SH"": 6900.746}",-0.0001325467438,-0.0936876905
2021-02-05,V23 60d risk-adjusted momentum Top2,93609.91402,94264.37213,270.3124385,2,411.8130787,242.6450312,808816.7705,0,"{""601398.SH"": 8800.4709, ""601939.SH"": 6900.746}",0.03275868253,-0.06399809327
2021-02-08,V23 60d risk-adjusted momentum Top2,93571.91953,94226.37764,270.3124385,2,411.8130787,242.6450312,808816.7705,0,"{""601398.SH"": 8800.4709, ""601939.SH"": 6900.746}",-0.0004058811203,-0.06437799878
2021-02-09,V23 60d risk-adjusted momentum Top2,93207.88498,93862.34309,270.3124385,2,411.8130787,242.6450312,808816.7705,0,"{""601398.SH"": 8800.4709, ""601939.SH"": 6900.746}",-0.003890425157,-0.06801796615
2021-02-10,V23 60d risk-adjusted momentum Top2,95882.12603,96536.58414,270.3124385,2,411.8130787,242.6450312,808816.7705,0,"{""601398.SH"": 8800.4709, ""601939.SH"": 6900.746}",0.02869114618,-0.04127833337
2021-02-18,V23 60d risk-adjusted momentum Top2,95380.07656,96034.53467,270.3124385,2,411.8130787,242.6450312,808816.7705,0,"{""601398.SH"": 8800.4709, ""601939.SH"": 6900.746}",-0.005236111161,-0.04629830659
2021-02-19,V23 60d risk-adjusted momentum Top2,95449.08402,96103.54213,270.3124385,2,411.8130787,242.6450312,808816.7705,0,"{""601398.SH"": 8800.4709, ""601939.SH"": 6900.746}",0.0007234997366,-0.04560830367
2021-02-22,V23 60d risk-adjusted momentum Top2,97835.27952,98489.73763,270.3124385,2,411.8130787,242.6450312,808816.7705,0,"{""601398.SH"": 8800.4709, ""601939.SH"": 6900.746}",0.0249996689,-0.02174882726
2021-02-23,V23 60d risk-adjusted momentum Top2,98544.35137,99198.80948,270.3124385,2,411.8130787,242.6450312,808816.7705,0,"{""601398.SH"": 8800.4709, ""601939.SH"": 6900.746}",0.007247608987,-0.01465884527
2021-02-24,V23 60d risk-adjusted momentum Top2,96253.14211,96907.60022,270.3124385,2,411.8130787,242.6450312,808816.7705,0,"{""601398.SH"": 8800.4709, ""601939.SH"": 6900.746}",-0.0232505387,-0.03756855792
2021-02-25,V23 60d risk-adjusted momentum Top2,98934.3647,99588.82281,270.3124385,2,411.8130787,242.6450312,808816.7705,0,"{""601398.SH"": 8800.4709, ""601939.SH"": 6900.746}",0.02785594868,-0.01075911707
2021-02-26,V23 60d risk-adjusted momentum Top2,97628.25714,98282.71525,270.3124385,2,411.8130787,242.6450312,808816.7705,0,"{""601398.SH"": 8800.4709, ""601939.SH"": 6900.746}",-0.01320175823,-0.02381883603
2021-03-01,V23 60d risk-adjusted momentum Top2,97433.25047,98087.70858,270.3124385,2,411.8130787,242.6450312,808816.7705,0,"{""601398.SH"": 8800.4709, ""601939.SH"": 6900.746}",-0.001997440817,-0.02576870013
2021-03-02,V23 60d risk-adjusted momentum Top2,95478.30981,96143.52091,449.5594478,2,422.1880694,243.0230312,810076.7705,0,"{""601398.SH"": 8900.4709, ""601939.SH"": 6800.746}",-0.02006440974,-0.04531607612
2021-03-03,V23 60d risk-adjusted momentum Top2,99894.7134,100559.9245,449.5594478,2,422.1880694,243.0230312,810076.7705,0,"{""601398.SH"": 8900.4709, ""601939.SH"": 6800.746}",0.04625556945,-0.001156627575
2021-03-04,V23 60d risk-adjusted momentum Top2,99622.68356,100287.8947,449.5594478,2,422.1880694,243.0230312,810076.7705,0,"{""601398.SH"": 8900.4709, ""601939.SH"": 6800.746}",-0.002723165539,-0.003876643425
2021-03-05,V23 60d risk-adjusted momentum Top2,100758.7475,101423.9586,449.5594478,2,422.1880694,243.0230312,810076.7705,0,"{""601398.SH"": 8900.4709, ""601939.SH"": 6800.746}",0.01140366755,0
2021-03-08,V23 60d risk-adjusted momentum Top2,99586.63917,100251.8503,449.5594478,2,422.1880694,243.0230312,810076.7705,0,"{""601398.SH"": 8900.4709, ""601939.SH"": 6800.746}",-0.01163281985,-0.01163281985
2021-03-09,V23 60d risk-adjusted momentum Top2,98147.51668,98812.72778,449.5594478,2,422.1880694,243.0230312,810076.7705,0,"{""601398.SH"": 8900.4709, ""601939.SH"": 6800.746}",-0.01445095944,-0.02591567388
2021-03-10,V23 60d risk-adjusted momentum Top2,97613.48843,98278.69953,449.5594478,2,422.1880694,243.0230312,810076.7705,0,"{""601398.SH"": 8900.4709, ""601939.SH"": 6800.746}",-0.005441077573,-0.03121574226
2021-03-11,V23 60d risk-adjusted momentum Top2,99617.66785,100282.8789,449.5594478,2,422.1880694,243.0230312,810076.7705,0,"{""601398.SH"": 8900.4709, ""601939.SH"": 6800.746}",0.02053178763,-0.01132486962
2021-03-12,V23 60d risk-adjusted momentum Top2,98717.58933,99382.80043,449.5594478,2,422.1880694,243.0230312,810076.7705,0,"{""601398.SH"": 8900.4709, ""601939.SH"": 6800.746}",-0.00903533014,-0.02025787583
2021-03-15,V23 60d risk-adjusted momentum Top2,100512.7306,101177.9417,449.5594478,2,422.1880694,243.0230312,810076.7705,0,"{""601398.SH"": 8900.4709, ""601939.SH"": 6800.746}",0.01818461462,-0.002441642871
2021-03-16,V23 60d risk-adjusted momentum Top2,101841.8512,102507.0623,449.5594478,2,422.1880694,243.0230312,810076.7705,0,"{""601398.SH"": 8900.4709, ""601939.SH"": 6800.746}",0.01322340482,0
2021-03-17,V23 60d risk-adjusted momentum Top2,100334.7212,100999.9323,449.5594478,2,422.1880694,243.0230312,810076.7705,0,"{""601398.SH"": 8900.4709, ""601939.SH"": 6800.746}",-0.01479872888,-0.01479872888
2021-03-18,V23 60d risk-adjusted momentum Top2,99685.67531,100350.8864,449.5594478,2,422.1880694,243.0230312,810076.7705,0,"{""601398.SH"": 8900.4709, ""601939.SH"": 6800.746}",-0.006468806771,-0.02117180553
2021-03-19,V23 60d risk-adjusted momentum Top2,97189.46214,97854.67324,449.5594478,2,422.1880694,243.0230312,810076.7705,0,"{""601398.SH"": 8900.4709, ""601939.SH"": 6800.746}",-0.02504084124,-0.04568248695
2021-03-22,V23 60d risk-adjusted momentum Top2,98539.57991,99204.79101,449.5594478,2,422.1880694,243.0230312,810076.7705,0,"{""601398.SH"": 8900.4709, ""601939.SH"": 6800.746}",0.01389160661,-0.03242548348
2021-03-23,V23 60d risk-adjusted momentum Top2,97953.52573,98618.73683,449.5594478,2,422.1880694,243.0230312,810076.7705,0,"{""601398.SH"": 8900.4709, ""601939.SH"": 6800.746}",-0.005947398796,-0.03818003499
2021-03-24,V23 60d risk-adjusted momentum Top2,97226.44092,97891.65202,449.5594478,2,422.1880694,243.0230312,810076.7705,0,"{""601398.SH"": 8900.4709, ""601939.SH"": 6800.746}",-0.007422752873,-0.0453193869
2021-03-25,V23 60d risk-adjusted momentum Top2,96169.35023,96834.56133,449.5594478,2,422.1880694,243.0230312,810076.7705,0,"{""601398.SH"": 8900.4709, ""601939.SH"": 6800.746}",-0.01087246099,-0.05569911462
2021-03-26,V23 60d risk-adjusted momentum Top2,96284.36791,96949.57901,449.5594478,2,422.1880694,243.0230312,810076.7705,0,"{""601398.SH"": 8900.4709, ""601939.SH"": 6800.746}",0.001195990946,-0.05456973931
2021-03-29,V23 60d risk-adjusted momentum Top2,98079.50922,98744.72032,449.5594478,2,422.1880694,243.0230312,810076.7705,0,"{""601398.SH"": 8900.4709, ""601939.SH"": 6800.746}",0.01864416164,-0.03694298471
2021-03-30,V23 60d risk-adjusted momentum Top2,98461.54102,99126.75212,449.5594478,2,422.1880694,243.0230312,810076.7705,0,"{""601398.SH"": 8900.4709, ""601939.SH"": 6800.746}",0.003895123468,-0.03319175873
2021-03-31,V23 60d risk-adjusted momentum Top2,99743.65134,100408.8624,449.5594478,2,422.1880694,243.0230312,810076.7705,0,"{""601398.SH"": 8900.4709, ""601939.SH"": 6800.746}",0.01302143255,-0.02060253043
2021-04-01,V23 60d risk-adjusted momentum Top2,99047.5952,99712.8063,449.5594478,2,422.1880694,243.0230312,810076.7705,0,"{""601398.SH"": 8900.4709, ""601939.SH"": 6800.746}",-0.006978450524,-0.02743720722
2021-04-02,V23 60d risk-adjusted momentum Top2,97581.16275,98325.70186,312.8211997,2,472.1272992,272.4118081,908039.3603,0,"{""601288.SH"": 14500.0, ""601939.SH"": 6800.746}",-0.01480533119,-0.04183632147
2021-04-06,V23 60d risk-adjusted momentum Top2,97912.21497,98656.75408,312.8211997,2,472.1272992,272.4118081,908039.3603,1.455191523e-11,"{""601288.SH"": 14500.0, ""601939.SH"": 6800.746}",0.003392583287,-0.03858567138
2021-04-07,V23 60d risk-adjusted momentum Top2,98125.22243,98869.76154,312.8211997,2,472.1272992,272.4118081,908039.3603,1.455191523e-11,"{""601288.SH"": 14500.0, ""601939.SH"": 6800.746}",0.002175494246,-0.03649412004
2021-04-08,V23 60d risk-adjusted momentum Top2,98048.22989,98792.769,312.8211997,2,472.1272992,272.4118081,908039.3603,1.455191523e-11,"{""601288.SH"": 14500.0, ""601939.SH"": 6800.746}",-0.000784635569,-0.03725012103
2021-04-09,V23 60d risk-adjusted momentum Top2,97862.17767,98606.71678,312.8211997,2,472.1272992,272.4118081,908039.3603,0,"{""601288.SH"": 14500.0, ""601939.SH"": 6800.746}",-0.001897558192,-0.03907699495
2021-04-12,V23 60d risk-adjusted momentum Top2,99122.25227,99866.79138,312.8211997,2,472.1272992,272.4118081,908039.3603,0,"{""601288.SH"": 14500.0, ""601939.SH"": 6800.746}",0.01287601229,-0.02670413852
2021-04-13,V23 60d risk-adjusted momentum Top2,99385.29703,100129.8361,312.8211997,2,472.1272992,272.4118081,908039.3603,0,"{""601288.SH"": 14500.0, ""601939.SH"": 6800.746}",0.002653740765,-0.02412126362
2021-04-14,V23 60d risk-adjusted momentum Top2,98125.22243,98869.76154,312.8211997,2,472.1272992,272.4118081,908039.3603,1.455191523e-11,"{""601288.SH"": 14500.0, ""601939.SH"": 6800.746}",-0.01267868226,-0.03649412004
2021-04-15,V23 60d risk-adjusted momentum Top2,98261.23735,99005.77646,312.8211997,2,472.1272992,272.4118081,908039.3603,1.455191523e-11,"{""601288.SH"": 14500.0, ""601939.SH"": 6800.746}",0.001386136175,-0.03515856969
2021-04-16,V23 60d risk-adjusted momentum Top2,98261.23735,99005.77646,312.8211997,2,472.1272992,272.4118081,908039.3603,1.455191523e-11,"{""601288.SH"": 14500.0, ""601939.SH"": 6800.746}",0,-0.03515856969
2021-04-19,V23 60d risk-adjusted momentum Top2,98329.24481,99073.78392,312.8211997,2,472.1272992,272.4118081,908039.3603,1.455191523e-11,"{""601288.SH"": 14500.0, ""601939.SH"": 6800.746}",0.0006921087307,-0.03449079451
2021-04-20,V23 60d risk-adjusted momentum Top2,97359.17021,98103.70932,312.8211997,2,472.1272992,272.4118081,908039.3603,0,"{""601288.SH"": 14500.0, ""601939.SH"": 6800.746}",-0.009865575643,-0.04401609861
2021-04-21,V23 60d risk-adjusted momentum Top2,97223.15529,97967.6944,312.8211997,2,472.1272992,272.4118081,908039.3603,0,"{""601288.SH"": 14500.0, ""601939.SH"": 6800.746}",-0.001397042726,-0.04535164897
2021-04-22,V23 60d risk-adjusted momentum Top2,96584.13291,97328.67202,312.8211997,2,472.1272992,272.4118081,908039.3603,0,"{""601288.SH"": 14500.0, ""601939.SH"": 6800.746}",-0.006572738551,-0.05162630299
2021-04-23,V23 60d risk-adjusted momentum Top2,95732.10307,96476.64218,312.8211997,2,472.1272992,272.4118081,908039.3603,0,"{""601288.SH"": 14500.0, ""601939.SH"": 6800.746}",-0.008821633693,-0.05999250835
2021-04-26,V23 60d risk-adjusted momentum Top2,95102.06577,95846.60487,312.8211997,2,472.1272992,272.4118081,908039.3603,1.455191523e-11,"{""601288.SH"": 14500.0, ""601939.SH"": 6800.746}",-0.006581254158,-0.06617893656
2021-04-27,V23 60d risk-adjusted momentum Top2,94617.02847,95361.56757,312.8211997,2,472.1272992,272.4118081,908039.3603,1.455191523e-11,"{""601288.SH"": 14500.0, ""601939.SH"": 6800.746}",-0.005100176294,-0.07094158861
2021-04-28,V23 60d risk-adjusted momentum Top2,94199.99862,94944.53773,312.8211997,2,472.1272992,272.4118081,908039.3603,0,"{""601288.SH"": 14500.0, ""601939.SH"": 6800.746}",-0.00440755589,-0.07503646548
2021-04-29,V23 60d risk-adjusted momentum Top2,94413.00608,95157.54519,312.8211997,2,472.1272992,272.4118081,908039.3603,0,"{""601288.SH"": 14500.0, ""601939.SH"": 6800.746}",0.002261225726,-0.07294491414
2021-04-30,V23 60d risk-adjusted momentum Top2,92481.84196,93226.38107,312.8211997,2,472.1272992,272.4118081,908039.3603,0,"{""601288.SH"": 14500.0, ""601939.SH"": 6800.746}",-0.02045442896,-0.09190729654
2021-05-06,V23 60d risk-adjusted momentum Top2,92626.84196,93371.38107,312.8211997,2,472.1272992,272.4118081,908039.3603,0,"{""601288.SH"": 14500.0, ""601939.SH"": 6800.746}",0.001567875346,-0.09048352038
2021-05-07,V23 60d risk-adjusted momentum Top2,93691.54243,94510.39599,318.5424335,2,518.9227343,299.9308188,999769.396,0,"{""601288.SH"": 14500.0, ""601988.SH"": 14100.0}",0.01149451339,-0.08002907103
2021-05-10,V23 60d risk-adjusted momentum Top2,93264.54243,94083.39599,318.5424335,2,518.9227343,299.9308188,999769.396,0,"{""601288.SH"": 14500.0, ""601988.SH"": 14100.0}",-0.004557508489,-0.08422184635
2021-05-11,V23 60d risk-adjusted momentum Top2,93695.54243,94514.39599,318.5424335,2,518.9227343,299.9308188,999769.396,0,"{""601288.SH"": 14500.0, ""601988.SH"": 14100.0}",0.004621263223,-0.07998979444
2021-05-12,V23 60d risk-adjusted momentum Top2,93981.54243,94800.39599,318.5424335,2,518.9227343,299.9308188,999769.396,0,"{""601288.SH"": 14500.0, ""601988.SH"": 14100.0}",0.00305243977,-0.0771815187
2021-05-13,V23 60d risk-adjusted momentum Top2,93981.54243,94800.39599,318.5424335,2,518.9227343,299.9308188,999769.396,0,"{""601288.SH"": 14500.0, ""601988.SH"": 14100.0}",0,-0.0771815187
2021-05-14,V23 60d risk-adjusted momentum Top2,94412.54243,95231.39599,318.5424335,2,518.9227343,299.9308188,999769.396,0,"{""601288.SH"": 14500.0, ""601988.SH"": 14100.0}",0.004586006878,-0.0729494668
2021-05-17,V23 60d risk-adjusted momentum Top2,93981.54243,94800.39599,318.5424335,2,518.9227343,299.9308188,999769.396,0,"{""601288.SH"": 14500.0, ""601988.SH"": 14100.0}",-0.004565071429,-0.0771815187
2021-05-18,V23 60d risk-adjusted momentum Top2,93691.54243,94510.39599,318.5424335,2,518.9227343,299.9308188,999769.396,0,"{""601288.SH"": 14500.0, ""601988.SH"": 14100.0}",-0.003085712284,-0.08002907103
2021-05-19,V23 60d risk-adjusted momentum Top2,93405.54243,94224.39599,318.5424335,2,518.9227343,299.9308188,999769.396,0,"{""601288.SH"": 14500.0, ""601988.SH"": 14100.0}",-0.003052570089,-0.08283734677
2021-05-20,V23 60d risk-adjusted momentum Top2,93691.54243,94510.39599,318.5424335,2,518.9227343,299.9308188,999769.396,0,"{""601288.SH"": 14500.0, ""601988.SH"": 14100.0}",0.003061916804,-0.08002907103
2021-05-21,V23 60d risk-adjusted momentum Top2,93546.54243,94365.39599,318.5424335,2,518.9227343,299.9308188,999769.396,0,"{""601288.SH"": 14500.0, ""601988.SH"": 14100.0}",-0.001547631688,-0.08145284719
2021-05-24,V23 60d risk-adjusted momentum Top2,93687.54243,94506.39599,318.5424335,2,518.9227343,299.9308188,999769.396,0,"{""601288.SH"": 14500.0, ""601988.SH"": 14100.0}",0.001507271101,-0.08006834761
2021-05-25,V23 60d risk-adjusted momentum Top2,94545.54243,95364.39599,318.5424335,2,518.9227343,299.9308188,999769.396,0,"{""601288.SH"": 14500.0, ""601988.SH"": 14100.0}",0.009158101256,-0.07164352039
2021-05-26,V23 60d risk-adjusted momentum Top2,94690.54243,95509.39599,318.5424335,2,518.9227343,299.9308188,999769.396,0,"{""601288.SH"": 14500.0, ""601988.SH"": 14100.0}",0.00153365242,-0.07021974423
2021-05-27,V23 60d risk-adjusted momentum Top2,94404.54243,95223.39599,318.5424335,2,518.9227343,299.9308188,999769.396,0,"{""601288.SH"": 14500.0, ""601988.SH"": 14100.0}",-0.003020364998,-0.07302801997
2021-05-28,V23 60d risk-adjusted momentum Top2,94972.54243,95791.39599,318.5424335,2,518.9227343,299.9308188,999769.396,0,"{""601288.SH"": 14500.0, ""601988.SH"": 14100.0}",0.006016659637,-0.06745074507
2021-05-31,V23 60d risk-adjusted momentum Top2,94541.54243,95360.39599,318.5424335,2,518.9227343,299.9308188,999769.396,0,"{""601288.SH"": 14500.0, ""601988.SH"": 14100.0}",-0.004538153754,-0.07168279697
2021-06-01,V23 60d risk-adjusted momentum Top2,94537.54243,95356.39599,318.5424335,2,518.9227343,299.9308188,999769.396,0,"{""601288.SH"": 14500.0, ""601988.SH"": 14100.0}",-4.230944299e-05,-0.07172207356
2021-06-02,V23 60d risk-adjusted momentum Top2,95399.54243,96218.39599,318.5424335,2,518.9227343,299.9308188,999769.396,0,"{""601288.SH"": 14500.0, ""601988.SH"": 14100.0}",0.009118070745,-0.06325796975
2021-06-03,V23 60d risk-adjusted momentum Top2,95258.54243,96077.39599,318.5424335,2,518.9227343,299.9308188,999769.396,0,"{""601288.SH"": 14500.0, ""601988.SH"": 14100.0}",-0.00147799451,-0.06464246933
2021-06-04,V23 60d risk-adjusted momentum Top2,95844.60858,96663.46213,318.5424335,2,518.9227343,299.9308188,999769.396,0,"{""601288.SH"": 14500.0, ""601988.SH"": 14995.5906}",0.006152373601,-0.05888780035
2021-06-07,V23 60d risk-adjusted momentum Top2,95544.69676,96363.55032,318.5424335,2,518.9227343,299.9308188,999769.396,0,"{""601288.SH"": 14500.0, ""601988.SH"": 14995.5906}",-0.003129146391,-0.06183267819
2021-06-08,V23 60d risk-adjusted momentum Top2,95829.74086,96648.59441,318.5424335,2,518.9227343,299.9308188,999769.396,0,"{""601288.SH"": 14500.0, ""601988.SH"": 14995.5906}",0.002983358618,-0.05903378863
2021-06-09,V23 60d risk-adjusted momentum Top2,95829.74086,96648.59441,318.5424335,2,518.9227343,299.9308188,999769.396,0,"{""601288.SH"": 14500.0, ""601988.SH"": 14995.5906}",0,-0.05903378863
2021-06-10,V23 60d risk-adjusted momentum Top2,94944.87314,95763.7267,318.5424335,2,518.9227343,299.9308188,999769.396,0,"{""601288.SH"": 14500.0, ""601988.SH"": 14995.5906}",-0.009233748402,-0.06772243388
2021-06-11,V23 60d risk-adjusted momentum Top2,94644.96133,95463.81488,318.5424335,2,518.9227343,299.9308188,999769.396,0,"{""601288.SH"": 14500.0, ""601988.SH"": 14995.5906}",-0.003158799429,-0.07066731172
2021-06-15,V23 60d risk-adjusted momentum Top2,93915.00543,94733.85898,318.5424335,2,518.9227343,299.9308188,999769.396,0,"{""601288.SH"": 14500.0, ""601988.SH"": 14995.5906}",-0.00771257017,-0.07783485529
2021-06-16,V23 60d risk-adjusted momentum Top2,94069.91724,94888.77079,318.5424335,2,518.9227343,299.9308188,999769.396,0,"{""601288.SH"": 14500.0, ""601988.SH"": 14995.5906}",0.001649489454,-0.07631375361
2021-06-17,V23 60d risk-adjusted momentum Top2,93932.47044,94751.324,318.5424335,2,518.9227343,299.9308188,999769.396,0,"{""601288.SH"": 15398.5419, ""601988.SH"": 14995.5906}",-0.001461113144,-0.07766336373
2021-06-18,V23 60d risk-adjusted momentum Top2,93170.60238,93989.45593,318.5424335,2,518.9227343,299.9308188,999769.396,0,"{""601288.SH"": 15398.5419, ""601988.SH"": 14995.5906}",-0.008110806253,-0.08514425748
2021-06-21,V23 60d risk-adjusted momentum Top2,93012.58744,93831.441,318.5424335,2,518.9227343,299.9308188,999769.396,0,"{""601288.SH"": 15398.5419, ""601988.SH"": 14995.5906}",-0.001695974147,-0.08669582917
2021-06-22,V23 60d risk-adjusted momentum Top2,93166.57286,93985.42641,318.5424335,2,518.9227343,299.9308188,999769.396,0,"{""601288.SH"": 15398.5419, ""601988.SH"": 14995.5906}",0.001655533121,-0.08518382387
2021-06-23,V23 60d risk-adjusted momentum Top2,93166.57286,93985.42641,318.5424335,2,518.9227343,299.9308188,999769.396,0,"{""601288.SH"": 15398.5419, ""601988.SH"": 14995.5906}",0,-0.08518382387
2021-06-24,V23 60d risk-adjusted momentum Top2,93474.5437,94293.39725,318.5424335,2,518.9227343,299.9308188,999769.396,0,"{""601288.SH"": 15398.5419, ""601988.SH"": 14995.5906}",0.003305593722,-0.08215981326
2021-06-25,V23 60d risk-adjusted momentum Top2,93928.44093,94747.29448,318.5424335,2,518.9227343,299.9308188,999769.396,0,"{""601288.SH"": 15398.5419, ""601988.SH"": 14995.5906}",0.004855837881,-0.07770293011
2021-06-28,V23 60d risk-adjusted momentum Top2,93470.51419,94289.36774,318.5424335,2,518.9227343,299.9308188,999769.396,0,"{""601288.SH"": 15398.5419, ""601988.SH"": 14995.5906}",-0.004875272488,-0.08219937964
2021-06-29,V23 60d risk-adjusted momentum Top2,93162.54335,93981.3969,318.5424335,2,518.9227343,299.9308188,999769.396,0,"{""601288.SH"": 15398.5419, ""601988.SH"": 14995.5906}",-0.003294844808,-0.08522339025
2021-06-30,V23 60d risk-adjusted momentum Top2,93162.54335,93981.3969,318.5424335,2,518.9227343,299.9308188,999769.396,0,"{""601288.SH"": 15398.5419, ""601988.SH"": 14995.5906}",0,-0.08522339025
2021-07-01,V23 60d risk-adjusted momentum Top2,93316.52877,94135.38232,318.5424335,2,518.9227343,299.9308188,999769.396,0,"{""601288.SH"": 15398.5419, ""601988.SH"": 14995.5906}",0.001652868349,-0.08371138495
2021-07-02,V23 60d risk-adjusted momentum Top2,93591.85344,94491.38232,372.4345435,2,571.5514903,327.977389,1093257.963,0,"{""601398.SH"": 8900.0, ""601988.SH"": 15095.5906}",0.002950438443,-0.08100793179
2021-07-05,V23 60d risk-adjusted momentum Top2,93146.85344,94046.38232,372.4345435,2,571.5514903,327.977389,1093257.963,0,"{""601398.SH"": 8900.0, ""601988.SH"": 15095.5906}",-0.004754687333,-0.08537745174
2021-07-06,V23 60d risk-adjusted momentum Top2,93477.09506,94376.62394,372.4345435,2,571.5514903,327.977389,1093257.963,0,"{""601398.SH"": 9385.7143, ""601988.SH"": 15095.5906}",0.003545386748,-0.08213476107
2021-07-07,V23 60d risk-adjusted momentum Top2,93232.28201,94131.81089,372.4345435,2,571.5514903,327.977389,1093257.963,0,"{""601398.SH"": 9385.7143, ""601988.SH"": 15095.5906}",-0.002618962947,-0.08453861613
2021-07-08,V23 60d risk-adjusted momentum Top2,92612.04039,93511.56927,372.4345435,2,571.5514903,327.977389,1093257.963,0,"{""601398.SH"": 9385.7143, ""601988.SH"": 15095.5906}",-0.006652648701,-0.09062885911
2021-07-09,V23 60d risk-adjusted momentum Top2,92236.61182,93136.1407,372.4345435,2,571.5514903,327.977389,1093257.963,0,"{""601398.SH"": 9385.7143, ""601988.SH"": 15095.5906}",-0.004053777131,-0.09431524705
2021-07-12,V23 60d risk-adjusted momentum Top2,91334.79877,92234.32765,372.4345435,2,571.5514903,327.977389,1093257.963,0,"{""601398.SH"": 9385.7143, ""601988.SH"": 15095.5906}",-0.009777170156,-0.103170281
2021-07-13,V23 60d risk-adjusted momentum Top2,90996.12858,91895.65746,372.4345435,2,571.5514903,327.977389,1093257.963,0,"{""601398.SH"": 9385.7143, ""601988.SH"": 15095.5906}",-0.003708008292,-0.106495733
2021-07-14,V23 60d risk-adjusted momentum Top2,90318.7882,91218.31708,372.4345435,2,571.5514903,327.977389,1093257.963,0,"{""601398.SH"": 9385.7143, ""601988.SH"": 15095.5906}",-0.00744361758,-0.1131466371
2021-07-15,V23 60d risk-adjusted momentum Top2,90845.17268,91744.70156,372.4345435,2,571.5514903,327.977389,1093257.963,0,"{""601398.SH"": 9385.7143, ""601988.SH"": 15095.5906}",0.005828072845,-0.1079779911
2021-07-16,V23 60d risk-adjusted momentum Top2,90902.27144,91801.80032,372.4345435,2,571.5514903,327.977389,1093257.963,0,"{""601398.SH"": 9385.7143, ""601988.SH"": 15095.5906}",0.0006285283078,-0.10741733
2021-07-19,V23 60d risk-adjusted momentum Top2,90657.45839,91556.98727,372.4345435,2,571.5514903,327.977389,1093257.963,0,"{""601398.SH"": 9385.7143, ""601988.SH"": 15095.5906}",-0.002693145556,-0.1098211851
2021-07-20,V23 60d risk-adjusted momentum Top2,90469.7441,91369.27298,372.4345435,2,571.5514903,327.977389,1093257.963,0,"{""601398.SH"": 9385.7143, ""601988.SH"": 15095.5906}",-0.002070588444,-0.111664379
2021-07-21,V23 60d risk-adjusted momentum Top2,90282.02982,91181.5587,372.4345435,2,571.5514903,327.977389,1093257.963,0,"{""601398.SH"": 9385.7143, ""601988.SH"": 15095.5906}",-0.002074884676,-0.113507573
2021-07-22,V23 60d risk-adjusted momentum Top2,90620.70001,91520.22889,372.4345435,2,571.5514903,327.977389,1093257.963,0,"{""601398.SH"": 9385.7143, ""601988.SH"": 15095.5906}",0.003751246975,-0.110182121
2021-07-23,V23 60d risk-adjusted momentum Top2,90375.88696,91275.41584,372.4345435,2,571.5514903,327.977389,1093257.963,0,"{""601398.SH"": 9385.7143, ""601988.SH"": 15095.5906}",-0.002701513543,-0.112585976
2021-07-26,V23 60d risk-adjusted momentum Top2,90245.27144,91144.80032,372.4345435,2,571.5514903,327.977389,1093257.963,0,"{""601398.SH"": 9385.7143, ""601988.SH"": 15095.5906}",-0.001445247482,-0.1138685089
2021-07-27,V23 60d risk-adjusted momentum Top2,89625.02982,90524.5587,372.4345435,2,571.5514903,327.977389,1093257.963,0,"{""601398.SH"": 9385.7143, ""601988.SH"": 15095.5906}",-0.006872843418,-0.1199587519
2021-07-28,V23 60d risk-adjusted momentum Top2,90094.31553,90993.84441,372.4345435,2,571.5514903,327.977389,1093257.963,0,"{""601398.SH"": 9385.7143, ""601988.SH"": 15095.5906}",0.005236101067,-0.115350767
2021-07-29,V23 60d risk-adjusted momentum Top2,89323.11801,90222.64689,372.4345435,2,571.5514903,327.977389,1093257.963,0,"{""601398.SH"": 9385.7143, ""601988.SH"": 15095.5906}",-0.008559891051,-0.122923268
2021-07-30,V23 60d risk-adjusted momentum Top2,88588.67886,89488.20774,372.4345435,2,571.5514903,327.977389,1093257.963,0,"{""601398.SH"": 9385.7143, ""601988.SH"": 15095.5906}",-0.008222273936,-0.1301348332
2021-08-02,V23 60d risk-adjusted momentum Top2,88984.44782,89883.9767,372.4345435,2,571.5514903,327.977389,1093257.963,0,"{""601398.SH"": 9385.7143, ""601988.SH"": 15095.5906}",0.004467489062,-0.12624872
2021-08-03,V23 60d risk-adjusted momentum Top2,88364.51504,89340.20774,33.69928974,2,621.2482869,354.4444176,1181481.392,1.455191523e-11,"{""601288.SH"": 15100.0, ""601988.SH"": 14795.5906}",-0.00696675424,-0.1323359305
2021-08-04,V23 60d risk-adjusted momentum Top2,88216.55913,89192.25184,33.69928974,2,621.2482869,354.4444176,1181481.392,0,"{""601288.SH"": 15100.0, ""601988.SH"": 14795.5906}",-0.001674381458,-0.1337887311
2021-08-05,V23 60d risk-adjusted momentum Top2,88062.51504,89038.20774,33.69928974,2,621.2482869,354.4444176,1181481.392,1.455191523e-11,"{""601288.SH"": 15100.0, ""601988.SH"": 14795.5906}",-0.001746203842,-0.1353013126
2021-08-06,V23 60d risk-adjusted momentum Top2,88213.51504,89189.20774,33.69928974,2,621.2482869,354.4444176,1181481.392,1.455191523e-11,"{""601288.SH"": 15100.0, ""601988.SH"": 14795.5906}",0.001714690978,-0.1338186215
2021-08-09,V23 60d risk-adjusted momentum Top2,88808.38275,89784.07546,33.69928974,2,621.2482869,354.4444176,1181481.392,1.455191523e-11,"{""601288.SH"": 15100.0, ""601988.SH"": 14795.5906}",0.006743498616,-0.1279775286
2021-08-10,V23 60d risk-adjusted momentum Top2,88808.38275,89784.07546,33.69928974,2,621.2482869,354.4444176,1181481.392,1.455191523e-11,"{""601288.SH"": 15100.0, ""601988.SH"": 14795.5906}",0,-0.1279775286
2021-08-11,V23 60d risk-adjusted momentum Top2,89557.29457,90532.98727,33.69928974,2,621.2482869,354.4444176,1181481.392,0,"{""601288.SH"": 15100.0, ""601988.SH"": 14795.5906}",0.008432895497,-0.1206238542
2021-08-12,V23 60d risk-adjusted momentum Top2,89110.38275,90086.07546,33.69928974,2,621.2482869,354.4444176,1181481.392,1.455191523e-11,"{""601288.SH"": 15100.0, ""601988.SH"": 14795.5906}",-0.004990233495,-0.1250121465
2021-08-13,V23 60d risk-adjusted momentum Top2,89107.33866,90083.03136,33.69928974,2,621.2482869,354.4444176,1181481.392,0,"{""601288.SH"": 15100.0, ""601988.SH"": 14795.5906}",-3.416094056e-05,-0.1250420369
2021-08-16,V23 60d risk-adjusted momentum Top2,89107.33866,90083.03136,33.69928974,2,621.2482869,354.4444176,1181481.392,0,"{""601288.SH"": 15100.0, ""601988.SH"": 14795.5906}",0,-0.1250420369
2021-08-17,V23 60d risk-adjusted momentum Top2,88811.42685,89787.11955,33.69928974,2,621.2482869,354.4444176,1181481.392,0,"{""601288.SH"": 15100.0, ""601988.SH"": 14795.5906}",-0.003320846694,-0.1279476382
2021-08-18,V23 60d risk-adjusted momentum Top2,89708.29457,90683.98727,33.69928974,2,621.2482869,354.4444176,1181481.392,0,"{""601288.SH"": 15100.0, ""601988.SH"": 14795.5906}",0.01009856218,-0.1191411632
2021-08-19,V23 60d risk-adjusted momentum Top2,89110.38275,90086.07546,33.69928974,2,621.2482869,354.4444176,1181481.392,1.455191523e-11,"{""601288.SH"": 15100.0, ""601988.SH"": 14795.5906}",-0.006665067193,-0.1250121465
2021-08-20,V23 60d risk-adjusted momentum Top2,89412.38275,90388.07546,33.69928974,2,621.2482869,354.4444176,1181481.392,1.455191523e-11,"{""601288.SH"": 15100.0, ""601988.SH"": 14795.5906}",0.003389055132,-0.1220467644
2021-08-23,V23 60d risk-adjusted momentum Top2,89409.33866,90385.03136,33.69928974,2,621.2482869,354.4444176,1181481.392,0,"{""601288.SH"": 15100.0, ""601988.SH"": 14795.5906}",-3.404555828e-05,-0.1220766548
2021-08-24,V23 60d risk-adjusted momentum Top2,89110.38275,90086.07546,33.69928974,2,621.2482869,354.4444176,1181481.392,1.455191523e-11,"{""601288.SH"": 15100.0, ""601988.SH"": 14795.5906}",-0.003343676511,-0.1250121465
2021-08-25,V23 60d risk-adjusted momentum Top2,88959.38275,89935.07546,33.69928974,2,621.2482869,354.4444176,1181481.392,1.455191523e-11,"{""601288.SH"": 15100.0, ""601988.SH"": 14795.5906}",-0.001694527566,-0.1264948376
2021-08-26,V23 60d risk-adjusted momentum Top2,88660.42685,89636.11955,33.69928974,2,621.2482869,354.4444176,1181481.392,0,"{""601288.SH"": 15100.0, ""601988.SH"": 14795.5906}",-0.003360588802,-0.1294303292
2021-08-27,V23 60d risk-adjusted momentum Top2,88959.38275,89935.07546,33.69928974,2,621.2482869,354.4444176,1181481.392,1.455191523e-11,"{""601288.SH"": 15100.0, ""601988.SH"": 14795.5906}",0.00337192044,-0.1264948376
2021-08-30,V23 60d risk-adjusted momentum Top2,88512.47094,89488.16365,33.69928974,2,621.2482869,354.4444176,1181481.392,0,"{""601288.SH"": 15100.0, ""601988.SH"": 14795.5906}",-0.00502377374,-0.1308831298
2021-08-31,V23 60d risk-adjusted momentum Top2,89560.33866,90536.03136,33.69928974,2,621.2482869,354.4444176,1181481.392,0,"{""601288.SH"": 15100.0, ""601988.SH"": 14795.5906}",0.01183864494,-0.1205939638
2021-09-01,V23 60d risk-adjusted momentum Top2,90457.20638,91432.89908,33.69928974,2,621.2482869,354.4444176,1181481.392,0,"{""601288.SH"": 15100.0, ""601988.SH"": 14795.5906}",0.01001411707,-0.1117874888
2021-09-02,V23 60d risk-adjusted momentum Top2,90181.39967,91229.94318,30.8484849,2,667.1212917,381.4222176,1271407.392,0,"{""601398.SH"": 9600.0, ""601988.SH"": 14795.5906}",-0.003049029717,-0.1144956751
2021-09-03,V23 60d risk-adjusted momentum Top2,90713.35557,91761.89908,30.8484849,2,667.1212917,381.4222176,1271407.392,0,"{""601398.SH"": 9600.0, ""601988.SH"": 14795.5906}",0.005898731972,-0.1092723225
2021-09-06,V23 60d risk-adjusted momentum Top2,90713.35557,91761.89908,30.8484849,2,667.1212917,381.4222176,1271407.392,0,"{""601398.SH"": 9600.0, ""601988.SH"": 14795.5906}",0,-0.1092723225
2021-09-07,V23 60d risk-adjusted momentum Top2,91349.22329,92397.7668,30.8484849,2,667.1212917,381.4222176,1271407.392,0,"{""601398.SH"": 9600.0, ""601988.SH"": 14795.5906}",0.007009637253,-0.1030286446
2021-09-08,V23 60d risk-adjusted momentum Top2,91689.17919,92737.7227,30.8484849,2,667.1212917,381.4222176,1271407.392,0,"{""601398.SH"": 9600.0, ""601988.SH"": 14795.5906}",0.003721497494,-0.09969056791
2021-09-09,V23 60d risk-adjusted momentum Top2,91349.22329,92397.7668,30.8484849,2,667.1212917,381.4222176,1271407.392,0,"{""601398.SH"": 9600.0, ""601988.SH"": 14795.5906}",-0.0037076993,-0.1030286446
2021-09-10,V23 60d risk-adjusted momentum Top2,91881.17919,92929.7227,30.8484849,2,667.1212917,381.4222176,1271407.392,0,"{""601398.SH"": 9600.0, ""601988.SH"": 14795.5906}",0.005823321604,-0.09780529189
2021-09-13,V23 60d risk-adjusted momentum Top2,91689.17919,92737.7227,30.8484849,2,667.1212917,381.4222176,1271407.392,0,"{""601398.SH"": 9600.0, ""601988.SH"": 14795.5906}",-0.002089655375,-0.09969056791
2021-09-14,V23 60d risk-adjusted momentum Top2,90521.35557,91569.89908,30.8484849,2,667.1212917,381.4222176,1271407.392,0,"{""601398.SH"": 9600.0, ""601988.SH"": 14795.5906}",-0.01273676602,-0.1111575985
2021-09-15,V23 60d risk-adjusted momentum Top2,90233.35557,91281.89908,30.8484849,2,667.1212917,381.4222176,1271407.392,0,"{""601398.SH"": 9600.0, ""601988.SH"": 14795.5906}",-0.003181569677,-0.1139855125
2021-09-16,V23 60d risk-adjusted momentum Top2,90085.39967,91133.94318,30.8484849,2,667.1212917,381.4222176,1271407.392,-1.455191523e-11,"{""601398.SH"": 9600.0, ""601988.SH"": 14795.5906}",-0.001639703019,-0.1154383132
2021-09-17,V23 60d risk-adjusted momentum Top2,90573.31148,91621.85499,30.8484849,2,667.1212917,381.4222176,1271407.392,0,"{""601398.SH"": 9600.0, ""601988.SH"": 14795.5906}",0.005416103085,-0.1106474359
2021-09-22,V23 60d risk-adjusted momentum Top2,89605.39967,90653.94318,30.8484849,2,667.1212917,381.4222176,1271407.392,-1.455191523e-11,"{""601398.SH"": 9600.0, ""601988.SH"": 14795.5906}",-0.0106865013,-0.1201515032
2021-09-23,V23 60d risk-adjusted momentum Top2,90189.31148,91237.85499,30.8484849,2,667.1212917,381.4222176,1271407.392,0,"{""601398.SH"": 9600.0, ""601988.SH"": 14795.5906}",0.006516480181,-0.1144179879
2021-09-24,V23 60d risk-adjusted momentum Top2,89701.39967,90749.94318,30.8484849,2,667.1212917,381.4222176,1271407.392,-1.455191523e-11,"{""601398.SH"": 9600.0, ""601988.SH"": 14795.5906}",-0.00540986291,-0.1192088652
2021-09-27,V23 60d risk-adjusted momentum Top2,89605.39967,90653.94318,30.8484849,2,667.1212917,381.4222176,1271407.392,-1.455191523e-11,"{""601398.SH"": 9600.0, ""601988.SH"": 14795.5906}",-0.001070217414,-0.1201515032
2021-09-28,V23 60d risk-adjusted momentum Top2,90041.35557,91089.89908,30.8484849,2,667.1212917,381.4222176,1271407.392,0,"{""601398.SH"": 9600.0, ""601988.SH"": 14795.5906}",0.0048652861,-0.1158707886
2021-09-29,V23 60d risk-adjusted momentum Top2,90233.35557,91281.89908,30.8484849,2,667.1212917,381.4222176,1271407.392,0,"{""601398.SH"": 9600.0, ""601988.SH"": 14795.5906}",0.002132353503,-0.1139855125
2021-09-30,V23 60d risk-adjusted momentum Top2,89893.39967,90941.94318,30.8484849,2,667.1212917,381.4222176,1271407.392,-1.455191523e-11,"{""601398.SH"": 9600.0, ""601988.SH"": 14795.5906}",-0.003767519266,-0.1173235892
2021-10-08,V23 60d risk-adjusted momentum Top2,90669.31148,91717.85499,30.8484849,2,667.1212917,381.4222176,1271407.392,0,"{""601398.SH"": 9600.0, ""601988.SH"": 14795.5906}",0.008631465869,-0.1097047979
2021-10-11,V23 60d risk-adjusted momentum Top2,91296.04796,92417.81089,277.6290667,2,713.24951,408.5134176,1361711.392,1.455191523e-11,"{""601288.SH"": 15200.0, ""601988.SH"": 14795.5906}",0.006912333148,-0.1035507808
2021-10-12,V23 60d risk-adjusted momentum Top2,91144.04796,92265.81089,277.6290667,2,713.24951,408.5134176,1361711.392,1.455191523e-11,"{""601288.SH"": 15200.0, ""601988.SH"": 14795.5906}",-0.001664913251,-0.105043291
2021-10-13,V23 60d risk-adjusted momentum Top2,90692.09206,91813.85499,277.6290667,2,713.24951,408.5134176,1361711.392,0,"{""601288.SH"": 15200.0, ""601988.SH"": 14795.5906}",-0.004958699066,-0.109481112
2021-10-14,V23 60d risk-adjusted momentum Top2,90392.13615,91513.89908,277.6290667,2,713.24951,408.5134176,1361711.392,0,"{""601288.SH"": 15200.0, ""601988.SH"": 14795.5906}",-0.003307409706,-0.1124264228
2021-10-15,V23 60d risk-adjusted momentum Top2,90244.18025,91365.94318,277.6290667,2,713.24951,408.5134176,1361711.392,1.455191523e-11,"{""601288.SH"": 15200.0, ""601988.SH"": 14795.5906}",-0.001636822757,-0.1138792235
2021-10-18,V23 60d risk-adjusted momentum Top2,90544.13615,91665.89908,277.6290667,2,713.24951,408.5134176,1361711.392,0,"{""601288.SH"": 15200.0, ""601988.SH"": 14795.5906}",0.003323825478,-0.1109339126
2021-10-19,V23 60d risk-adjusted momentum Top2,90392.13615,91513.89908,277.6290667,2,713.24951,408.5134176,1361711.392,0,"{""601288.SH"": 15200.0, ""601988.SH"": 14795.5906}",-0.001678739303,-0.1124264228
2021-10-20,V23 60d risk-adjusted momentum Top2,90392.13615,91513.89908,277.6290667,2,713.24951,408.5134176,1361711.392,0,"{""601288.SH"": 15200.0, ""601988.SH"": 14795.5906}",0,-0.1124264228
2021-10-21,V23 60d risk-adjusted momentum Top2,90992.04796,92113.81089,277.6290667,2,713.24951,408.5134176,1361711.392,1.455191523e-11,"{""601288.SH"": 15200.0, ""601988.SH"": 14795.5906}",0.006636769929,-0.1065358012
2021-10-22,V23 60d risk-adjusted momentum Top2,90544.13615,91665.89908,277.6290667,2,713.24951,408.5134176,1361711.392,0,"{""601288.SH"": 15200.0, ""601988.SH"": 14795.5906}",-0.004922537969,-0.1109339126
2021-10-25,V23 60d risk-adjusted momentum Top2,90692.09206,91813.85499,277.6290667,2,713.24951,408.5134176,1361711.392,0,"{""601288.SH"": 15200.0, ""601988.SH"": 14795.5906}",0.001634074958,-0.109481112
2021-10-26,V23 60d risk-adjusted momentum Top2,90240.13615,91361.89908,277.6290667,2,713.24951,408.5134176,1361711.392,0,"{""601288.SH"": 15200.0, ""601988.SH"": 14795.5906}",-0.004983410298,-0.113918933
2021-10-27,V23 60d risk-adjusted momentum Top2,90240.13615,91361.89908,277.6290667,2,713.24951,408.5134176,1361711.392,0,"{""601288.SH"": 15200.0, ""601988.SH"": 14795.5906}",0,-0.113918933
2021-10-28,V23 60d risk-adjusted momentum Top2,89940.18025,91061.94318,277.6290667,2,713.24951,408.5134176,1361711.392,1.455191523e-11,"{""601288.SH"": 15200.0, ""601988.SH"": 14795.5906}",-0.003323974434,-0.1168642438
2021-10-29,V23 60d risk-adjusted momentum Top2,90092.18025,91213.94318,277.6290667,2,713.24951,408.5134176,1361711.392,1.455191523e-11,"{""601288.SH"": 15200.0, ""601988.SH"": 14795.5906}",0.001690012179,-0.1153717336
2021-11-01,V23 60d risk-adjusted momentum Top2,90692.09206,91813.85499,277.6290667,2,713.24951,408.5134176,1361711.392,0,"{""601288.SH"": 15200.0, ""601988.SH"": 14795.5906}",0.006658866612,-0.109481112
2021-11-02,V23 60d risk-adjusted momentum Top2,89415.37598,90609.98727,261.7806999,2,759.1197767,435.4915176,1451638.392,0,"{""601398.SH"": 9500.0, ""601988.SH"": 14795.5906}",-0.01407747968,-0.1220173736
2021-11-03,V23 60d risk-adjusted momentum Top2,89320.37598,90514.98727,261.7806999,2,759.1197767,435.4915176,1451638.392,0,"{""601398.SH"": 9500.0, ""601988.SH"": 14795.5906}",-0.001062457088,-0.1229501924
2021-11-04,V23 60d risk-adjusted momentum Top2,89415.37598,90609.98727,261.7806999,2,759.1197767,435.4915176,1451638.392,0,"{""601398.SH"": 9500.0, ""601988.SH"": 14795.5906}",0.001063587104,-0.1220173736
2021-11-05,V23 60d risk-adjusted momentum Top2,89510.37598,90704.98727,261.7806999,2,759.1197767,435.4915176,1451638.392,0,"{""601398.SH"": 9500.0, ""601988.SH"": 14795.5906}",0.001062457088,-0.1210845547
2021-11-08,V23 60d risk-adjusted momentum Top2,89077.42007,90272.03136,261.7806999,2,759.1197767,435.4915176,1451638.392,0,"{""601398.SH"": 9500.0, ""601988.SH"": 14795.5906}",-0.004836935392,-0.1253358119
2021-11-09,V23 60d risk-adjusted momentum Top2,89320.37598,90514.98727,261.7806999,2,759.1197767,435.4915176,1451638.392,0,"{""601398.SH"": 9500.0, ""601988.SH"": 14795.5906}",0.002727469041,-0.1229501924
2021-11-10,V23 60d risk-adjusted momentum Top2,89130.37598,90324.98727,261.7806999,2,759.1197767,435.4915176,1451638.392,0,"{""601398.SH"": 9500.0, ""601988.SH"": 14795.5906}",-0.002127174208,-0.1248158302
2021-11-11,V23 60d risk-adjusted momentum Top2,89954.24369,91148.85499,261.7806999,2,759.1197767,435.4915176,1451638.392,0,"{""601398.SH"": 9500.0, ""601988.SH"": 14795.5906}",0.009243399992,-0.1167261528
2021-11-12,V23 60d risk-adjusted momentum Top2,89711.28779,90905.89908,261.7806999,2,759.1197767,435.4915176,1451638.392,0,"{""601398.SH"": 9500.0, ""601988.SH"": 14795.5906}",-0.0027008832,-0.1191117723
2021-11-15,V23 60d risk-adjusted momentum Top2,89901.28779,91095.89908,261.7806999,2,759.1197767,435.4915176,1451638.392,0,"{""601398.SH"": 9500.0, ""601988.SH"": 14795.5906}",0.002117905168,-0.1172461346
2021-11-16,V23 60d risk-adjusted momentum Top2,89711.28779,90905.89908,261.7806999,2,759.1197767,435.4915176,1451638.392,0,"{""601398.SH"": 9500.0, ""601988.SH"": 14795.5906}",-0.002113429125,-0.1191117723
2021-11-17,V23 60d risk-adjusted momentum Top2,89859.24369,91053.85499,261.7806999,2,759.1197767,435.4915176,1451638.392,0,"{""601398.SH"": 9500.0, ""601988.SH"": 14795.5906}",0.001649245141,-0.1176589717
2021-11-18,V23 60d risk-adjusted momentum Top2,89616.28779,90810.89908,261.7806999,2,759.1197767,435.4915176,1451638.392,0,"{""601398.SH"": 9500.0, ""601988.SH"": 14795.5906}",-0.002703738597,-0.1200445912
2021-11-19,V23 60d risk-adjusted momentum Top2,89806.28779,91000.89908,261.7806999,2,759.1197767,435.4915176,1451638.392,0,"{""601398.SH"": 9500.0, ""601988.SH"": 14795.5906}",0.002120150306,-0.1181789534
2021-11-22,V23 60d risk-adjusted momentum Top2,89521.28779,90715.89908,261.7806999,2,759.1197767,435.4915176,1451638.392,0,"{""601398.SH"": 9500.0, ""601988.SH"": 14795.5906}",-0.003173497168,-0.12097741
2021-11-23,V23 60d risk-adjusted momentum Top2,89669.24369,90863.85499,261.7806999,2,759.1197767,435.4915176,1451638.392,0,"{""601398.SH"": 9500.0, ""601988.SH"": 14795.5906}",0.0016527455,-0.1195246094
2021-11-24,V23 60d risk-adjusted momentum Top2,89912.1996,91106.81089,261.7806999,2,759.1197767,435.4915176,1451638.392,-1.455191523e-11,"{""601398.SH"": 9500.0, ""601988.SH"": 14795.5906}",0.002709467544,-0.1171389899
2021-11-25,V23 60d risk-adjusted momentum Top2,89817.1996,91011.81089,261.7806999,2,759.1197767,435.4915176,1451638.392,-1.455191523e-11,"{""601398.SH"": 9500.0, ""601988.SH"": 14795.5906}",-0.001056586319,-0.1180718088
2021-11-26,V23 60d risk-adjusted momentum Top2,89479.24369,90673.85499,261.7806999,2,759.1197767,435.4915176,1451638.392,0,"{""601398.SH"": 9500.0, ""601988.SH"": 14795.5906}",-0.003762708112,-0.1213902471
2021-11-29,V23 60d risk-adjusted momentum Top2,89046.28779,90240.89908,261.7806999,2,759.1197767,435.4915176,1451638.392,0,"{""601398.SH"": 9500.0, ""601988.SH"": 14795.5906}",-0.004838618295,-0.1256415044
2021-11-30,V23 60d risk-adjusted momentum Top2,88898.33188,90092.94318,261.7806999,2,759.1197767,435.4915176,1451638.392,-1.455191523e-11,"{""601398.SH"": 9500.0, ""601988.SH"": 14795.5906}",-0.001661561747,-0.127094305
2021-12-01,V23 60d risk-adjusted momentum Top2,89236.28779,90430.89908,261.7806999,2,759.1197767,435.4915176,1451638.392,0,"{""601398.SH"": 9500.0, ""601988.SH"": 14795.5906}",0.003801600079,-0.1237758666
2021-12-02,V23 60d risk-adjusted momentum Top2,89175.69365,90380.94318,403.1424722,2,769.4364045,435.8131176,1452710.392,0,"{""601398.SH"": 9600.0, ""601988.SH"": 14595.5906}",-0.0006790301878,-0.1243708493
2021-12-03,V23 60d risk-adjusted momentum Top2,89321.64956,90526.89908,403.1424722,2,769.4364045,435.8131176,1452710.392,0,"{""601398.SH"": 9600.0, ""601988.SH"": 14595.5906}",0.001636722963,-0.1229376869
2021-12-06,V23 60d risk-adjusted momentum Top2,89513.64956,90718.89908,403.1424722,2,769.4364045,435.8131176,1452710.392,0,"{""601398.SH"": 9600.0, ""601988.SH"": 14595.5906}",0.002149534866,-0.1210524109
2021-12-07,V23 60d risk-adjusted momentum Top2,89947.60546,91152.85499,403.1424722,2,769.4364045,435.8131176,1452710.392,0,"{""601398.SH"": 9600.0, ""601988.SH"": 14595.5906}",0.004847929982,-0.1167913345
2021-12-08,V23 60d risk-adjusted momentum Top2,89609.64956,90814.89908,403.1424722,2,769.4364045,435.8131176,1452710.392,0,"{""601398.SH"": 9600.0, ""601988.SH"": 14595.5906}",-0.003757252945,-0.1201097729
2021-12-09,V23 60d risk-adjusted momentum Top2,89947.60546,91152.85499,403.1424722,2,769.4364045,435.8131176,1452710.392,0,"{""601398.SH"": 9600.0, ""601988.SH"": 14595.5906}",0.003771423136,-0.1167913345
2021-12-10,V23 60d risk-adjusted momentum Top2,89947.60546,91152.85499,403.1424722,2,769.4364045,435.8131176,1452710.392,0,"{""601398.SH"": 9600.0, ""601988.SH"": 14595.5906}",0,-0.1167913345
2021-12-13,V23 60d risk-adjusted momentum Top2,89513.64956,90718.89908,403.1424722,2,769.4364045,435.8131176,1452710.392,0,"{""601398.SH"": 9600.0, ""601988.SH"": 14595.5906}",-0.004824540945,-0.1210524109
2021-12-14,V23 60d risk-adjusted momentum Top2,89271.69365,90476.94318,403.1424722,2,769.4364045,435.8131176,1452710.392,0,"{""601398.SH"": 9600.0, ""601988.SH"": 14595.5906}",-0.002703005706,-0.1234282113
2021-12-15,V23 60d risk-adjusted momentum Top2,89175.69365,90380.94318,403.1424722,2,769.4364045,435.8131176,1452710.392,0,"{""601398.SH"": 9600.0, ""601988.SH"": 14595.5906}",-0.001075368866,-0.1243708493
2021-12-16,V23 60d risk-adjusted momentum Top2,89271.69365,90476.94318,403.1424722,2,769.4364045,435.8131176,1452710.392,0,"{""601398.SH"": 9600.0, ""601988.SH"": 14595.5906}",0.001076526529,-0.1234282113
2021-12-17,V23 60d risk-adjusted momentum Top2,89321.64956,90526.89908,403.1424722,2,769.4364045,435.8131176,1452710.392,0,"{""601398.SH"": 9600.0, ""601988.SH"": 14595.5906}",0.0005595940154,-0.1229376869
2021-12-20,V23 60d risk-adjusted momentum Top2,89175.69365,90380.94318,403.1424722,2,769.4364045,435.8131176,1452710.392,0,"{""601398.SH"": 9600.0, ""601988.SH"": 14595.5906}",-0.001634048478,-0.1243708493
2021-12-21,V23 60d risk-adjusted momentum Top2,89705.64956,90910.89908,403.1424722,2,769.4364045,435.8131176,1452710.392,0,"{""601398.SH"": 9600.0, ""601988.SH"": 14595.5906}",0.00594282908,-0.1191671349
2021-12-22,V23 60d risk-adjusted momentum Top2,89609.64956,90814.89908,403.1424722,2,769.4364045,435.8131176,1452710.392,0,"{""601398.SH"": 9600.0, ""601988.SH"": 14595.5906}",-0.001070166712,-0.1201097729
2021-12-23,V23 60d risk-adjusted momentum Top2,89705.64956,90910.89908,403.1424722,2,769.4364045,435.8131176,1452710.392,0,"{""601398.SH"": 9600.0, ""601988.SH"": 14595.5906}",0.001071313195,-0.1191671349
2021-12-24,V23 60d risk-adjusted momentum Top2,89559.69365,90764.94318,403.1424722,2,769.4364045,435.8131176,1452710.392,0,"{""601398.SH"": 9600.0, ""601988.SH"": 14595.5906}",-0.001627053661,-0.1206002972
2021-12-27,V23 60d risk-adjusted momentum Top2,89801.64956,91006.89908,403.1424722,2,769.4364045,435.8131176,1452710.392,0,"{""601398.SH"": 9600.0, ""601988.SH"": 14595.5906}",0.002701616047,-0.1182244969
2021-12-28,V23 60d risk-adjusted momentum Top2,90139.60546,91344.85499,403.1424722,2,769.4364045,435.8131176,1452710.392,0,"{""601398.SH"": 9600.0, ""601988.SH"": 14595.5906}",0.003763359662,-0.1149060585
2021-12-29,V23 60d risk-adjusted momentum Top2,89655.69365,90860.94318,403.1424722,2,769.4364045,435.8131176,1452710.392,0,"{""601398.SH"": 9600.0, ""601988.SH"": 14595.5906}",-0.00536847048,-0.1196576592
2021-12-30,V23 60d risk-adjusted momentum Top2,89463.69365,90668.94318,403.1424722,2,769.4364045,435.8131176,1452710.392,0,"{""601398.SH"": 9600.0, ""601988.SH"": 14595.5906}",-0.002141526011,-0.1215429352
2021-12-31,V23 60d risk-adjusted momentum Top2,89367.69365,90572.94318,403.1424722,2,769.4364045,435.8131176,1452710.392,0,"{""601398.SH"": 9600.0, ""601988.SH"": 14595.5906}",-0.001073060994,-0.1224855732
2022-01-04,V23 60d risk-adjusted momentum Top2,90043.60546,91248.85499,403.1424722,2,769.4364045,435.8131176,1452710.392,0,"{""601398.SH"": 9600.0, ""601988.SH"": 14595.5906}",0.007563267926,-0.1158486965
2022-01-05,V23 60d risk-adjusted momentum Top2,90719.51728,91924.7668,403.1424722,2,769.4364045,435.8131176,1452710.392,0,"{""601398.SH"": 9600.0, ""601988.SH"": 14595.5906}",0.007506494298,-0.1092118198
2022-01-06,V23 60d risk-adjusted momentum Top2,90623.51728,91828.7668,403.1424722,2,769.4364045,435.8131176,1452710.392,0,"{""601398.SH"": 9600.0, ""601988.SH"": 14595.5906}",-0.001058206689,-0.1101544578
2022-01-07,V23 60d risk-adjusted momentum Top2,91737.2968,92942.54632,403.1424722,2,769.4364045,435.8131176,1452710.392,0,"{""601398.SH"": 9600.0, ""601988.SH"": 14595.5906}",0.01229018207,-0.09921809409
2022-01-10,V23 60d risk-adjusted momentum Top2,91687.3409,92892.59042,403.1424722,2,769.4364045,435.8131176,1452710.392,0,"{""601398.SH"": 9600.0, ""601988.SH"": 14595.5906}",-0.0005445539301,-0.09970861841
2022-01-11,V23 60d risk-adjusted momentum Top2,91833.2968,93038.54632,403.1424722,2,769.4364045,435.8131176,1452710.392,0,"{""601398.SH"": 9600.0, ""601988.SH"": 14595.5906}",0.001591887212,-0.09827545608
2022-01-12,V23 60d risk-adjusted momentum Top2,91253.38499,92458.63451,403.1424722,2,769.4364045,435.8131176,1452710.392,0,"{""601398.SH"": 9600.0, ""601988.SH"": 14595.5906}",-0.00631483167,-0.1039696948
2022-01-13,V23 60d risk-adjusted momentum Top2,91641.2968,92846.54632,403.1424722,2,769.4364045,435.8131176,1452710.392,0,"{""601398.SH"": 9600.0, ""601988.SH"": 14595.5906}",0.004250930648,-0.1001607321
2022-01-14,V23 60d risk-adjusted momentum Top2,90431.51728,91636.7668,403.1424722,2,769.4364045,435.8131176,1452710.392,0,"{""601398.SH"": 9600.0, ""601988.SH"": 14595.5906}",-0.01320124845,-0.1120397338
2022-01-17,V23 60d risk-adjusted momentum Top2,90143.51728,91348.7668,403.1424722,2,769.4364045,435.8131176,1452710.392,0,"{""601398.SH"": 9600.0, ""601988.SH"": 14595.5906}",-0.003184730376,-0.1148676479
2022-01-18,V23 60d risk-adjusted momentum Top2,90965.38499,92170.63451,403.1424722,2,769.4364045,435.8131176,1452710.392,0,"{""601398.SH"": 9600.0, ""601988.SH"": 14595.5906}",0.009117324699,-0.1067976088
2022-01-19,V23 60d risk-adjusted momentum Top2,90915.42909,92120.67861,403.1424722,2,769.4364045,435.8131176,1452710.392,0,"{""601398.SH"": 9600.0, ""601988.SH"": 14595.5906}",-0.0005491748924,-0.1072881331
2022-01-20,V23 60d risk-adjusted momentum Top2,91541.38499,92746.63451,403.1424722,2,769.4364045,435.8131176,1452710.392,0,"{""601398.SH"": 9600.0, ""601988.SH"": 14595.5906}",0.006885034936,-0.1011417808
2022-01-21,V23 60d risk-adjusted momentum Top2,91061.38499,92266.63451,403.1424722,2,769.4364045,435.8131176,1452710.392,0,"{""601398.SH"": 9600.0, ""601988.SH"": 14595.5906}",-0.005243530017,-0.1058549708
2022-01-24,V23 60d risk-adjusted momentum Top2,91061.38499,92266.63451,403.1424722,2,769.4364045,435.8131176,1452710.392,0,"{""601398.SH"": 9600.0, ""601988.SH"": 14595.5906}",0,-0.1058549708
2022-01-25,V23 60d risk-adjusted momentum Top2,90335.51728,91540.7668,403.1424722,2,769.4364045,435.8131176,1452710.392,0,"{""601398.SH"": 9600.0, ""601988.SH"": 14595.5906}",-0.007971191264,-0.1129823718
2022-01-26,V23 60d risk-adjusted momentum Top2,90527.51728,91732.7668,403.1424722,2,769.4364045,435.8131176,1452710.392,0,"{""601398.SH"": 9600.0, ""601988.SH"": 14595.5906}",0.00212540987,-0.1110970958
2022-01-27,V23 60d risk-adjusted momentum Top2,90431.51728,91636.7668,403.1424722,2,769.4364045,435.8131176,1452710.392,0,"{""601398.SH"": 9600.0, ""601988.SH"": 14595.5906}",-0.001060451042,-0.1120397338
2022-01-28,V23 60d risk-adjusted momentum Top2,90239.51728,91444.7668,403.1424722,2,769.4364045,435.8131176,1452710.392,0,"{""601398.SH"": 9600.0, ""601988.SH"": 14595.5906}",-0.002123153584,-0.1139250099
2022-02-07,V23 60d risk-adjusted momentum Top2,91591.3409,92796.59042,403.1424722,2,769.4364045,435.8131176,1452710.392,0,"{""601398.SH"": 9600.0, ""601988.SH"": 14595.5906}",0.0149803951,-0.1006512564
2022-02-08,V23 60d risk-adjusted momentum Top2,93581.5344,94860.41404,471.5123488,2,815.8067278,463.0729176,1543576.392,0,"{""601939.SH"": 7400.0, ""601988.SH"": 14595.5906}",0.02172905735,-0.081109256
2022-02-09,V23 60d risk-adjusted momentum Top2,93139.57849,94418.45814,471.5123488,2,815.8067278,463.0729176,1543576.392,0,"{""601939.SH"": 7400.0, ""601988.SH"": 14595.5906}",-0.004722682828,-0.08544888554
2022-02-10,V23 60d risk-adjusted momentum Top2,93873.44621,95152.32585,471.5123488,2,815.8067278,463.0729176,1543576.392,0,"{""601939.SH"": 7400.0, ""601988.SH"": 14595.5906}",0.007879225228,-0.07824293133
2022-02-11,V23 60d risk-adjusted momentum Top2,94169.44621,95448.32585,471.5123488,2,815.8067278,463.0729176,1543576.392,0,"{""601939.SH"": 7400.0, ""601988.SH"": 14595.5906}",0.003153181352,-0.07533646413
2022-02-14,V23 60d risk-adjusted momentum Top2,93063.5344,94342.41404,471.5123488,2,815.8067278,463.0729176,1543576.392,0,"{""601939.SH"": 7400.0, ""601988.SH"": 14595.5906}",-0.01174384958,-0.0861955736
2022-02-15,V23 60d risk-adjusted momentum Top2,92401.62259,93680.50223,471.5123488,2,815.8067278,463.0729176,1543576.392,0,"{""601939.SH"": 7400.0, ""601988.SH"": 14595.5906}",-0.007112472305,-0.09269498228
2022-02-16,V23 60d risk-adjusted momentum Top2,92841.5344,94120.41404,471.5123488,2,815.8067278,463.0729176,1543576.392,0,"{""601939.SH"": 7400.0, ""601988.SH"": 14595.5906}",0.004760866733,-0.088375424
2022-02-17,V23 60d risk-adjusted momentum Top2,93135.4903,94414.36995,471.5123488,2,815.8067278,463.0729176,1543576.392,0,"{""601939.SH"": 7400.0, ""601988.SH"": 14595.5906}",0.003166211194,-0.08548902806
2022-02-18,V23 60d risk-adjusted momentum Top2,93797.40211,95076.28176,471.5123488,2,815.8067278,463.0729176,1543576.392,0,"{""601939.SH"": 7400.0, ""601988.SH"": 14595.5906}",0.007106977253,-0.07898961939
2022-02-21,V23 60d risk-adjusted momentum Top2,93283.4903,94562.36995,471.5123488,2,815.8067278,463.0729176,1543576.392,0,"{""601939.SH"": 7400.0, ""601988.SH"": 14595.5906}",-0.005478955701,-0.08403579446
2022-02-22,V23 60d risk-adjusted momentum Top2,92767.5344,94046.41404,471.5123488,2,815.8067278,463.0729176,1543576.392,0,"{""601939.SH"": 7400.0, ""601988.SH"": 14595.5906}",-0.005531052749,-0.0891020408
2022-02-23,V23 60d risk-adjusted momentum Top2,92103.57849,93382.45814,471.5123488,2,815.8067278,463.0729176,1543576.392,0,"{""601939.SH"": 7400.0, ""601988.SH"": 14595.5906}",-0.007157201168,-0.09562152074
2022-02-24,V23 60d risk-adjusted momentum Top2,90707.79896,91986.67861,471.5123488,2,815.8067278,463.0729176,1543576.392,0,"{""601939.SH"": 7400.0, ""601988.SH"": 14595.5906}",-0.01515445491,-0.1093268836
2022-02-25,V23 60d risk-adjusted momentum Top2,90337.79896,91616.67861,471.5123488,2,815.8067278,463.0729176,1543576.392,0,"{""601939.SH"": 7400.0, ""601988.SH"": 14595.5906}",-0.004079031839,-0.1129599676
2022-02-28,V23 60d risk-adjusted momentum Top2,90339.84306,91618.7227,471.5123488,2,815.8067278,463.0729176,1543576.392,0,"{""601939.SH"": 7400.0, ""601988.SH"": 14595.5906}",2.262723369e-05,-0.1129398964
2022-03-01,V23 60d risk-adjusted momentum Top2,91149.75487,92428.63451,471.5123488,2,815.8067278,463.0729176,1543576.392,0,"{""601939.SH"": 7400.0, ""601988.SH"": 14595.5906}",0.008965167346,-0.1049872541
2022-03-02,V23 60d risk-adjusted momentum Top2,91080.04029,92432.63451,488.0402892,2,862.2254343,490.3687904,1634562.635,0,"{""601288.SH"": 15200.0, ""601939.SH"": 7400.0}",-0.0007648356202,-0.1056717917
2022-03-03,V23 60d risk-adjusted momentum Top2,91898.04029,93250.63451,488.0402892,2,862.2254343,490.3687904,1634562.635,0,"{""601288.SH"": 15200.0, ""601939.SH"": 7400.0}",0.00898111153,-0.09763973033
2022-03-04,V23 60d risk-adjusted momentum Top2,91524.04029,92876.63451,488.0402892,2,862.2254343,490.3687904,1634562.635,0,"{""601288.SH"": 15200.0, ""601939.SH"": 7400.0}",-0.004069727698,-0.1013120909
2022-03-07,V23 60d risk-adjusted momentum Top2,90550.04029,91902.63451,488.0402892,2,862.2254343,490.3687904,1634562.635,0,"{""601288.SH"": 15200.0, ""601939.SH"": 7400.0}",-0.01064201271,-0.1108759391
2022-03-08,V23 60d risk-adjusted momentum Top2,90032.04029,91384.63451,488.0402892,2,862.2254343,490.3687904,1634562.635,0,"{""601288.SH"": 15200.0, ""601939.SH"": 7400.0}",-0.00572059381,-0.1159622567
2022-03-09,V23 60d risk-adjusted momentum Top2,89206.04029,90558.63451,488.0402892,2,862.2254343,490.3687904,1634562.635,0,"{""601288.SH"": 15200.0, ""601939.SH"": 7400.0}",-0.009174511622,-0.1240728712
2022-03-10,V23 60d risk-adjusted momentum Top2,89502.04029,90854.63451,488.0402892,2,862.2254343,490.3687904,1634562.635,0,"{""601288.SH"": 15200.0, ""601939.SH"": 7400.0}",0.003318160957,-0.121166404
2022-03-11,V23 60d risk-adjusted momentum Top2,90402.04029,91754.63451,488.0402892,2,862.2254343,490.3687904,1634562.635,0,"{""601288.SH"": 15200.0, ""601939.SH"": 7400.0}",0.01005563669,-0.1123291727
2022-03-14,V23 60d risk-adjusted momentum Top2,89736.04029,91088.63451,488.0402892,2,862.2254343,490.3687904,1634562.635,0,"{""601288.SH"": 15200.0, ""601939.SH"": 7400.0}",-0.007367090365,-0.1188687239
2022-03-15,V23 60d risk-adjusted momentum Top2,88092.04029,89444.63451,488.0402892,2,862.2254343,490.3687904,1634562.635,0,"{""601288.SH"": 15200.0, ""601939.SH"": 7400.0}",-0.0183203983,-0.1350113998
2022-03-16,V23 60d risk-adjusted momentum Top2,88762.04029,90114.63451,488.0402892,2,862.2254343,490.3687904,1634562.635,0,"{""601288.SH"": 15200.0, ""601939.SH"": 7400.0}",0.007605681487,-0.128432572
2022-03-17,V23 60d risk-adjusted momentum Top2,88462.04029,89814.63451,488.0402892,2,862.2254343,490.3687904,1634562.635,0,"{""601288.SH"": 15200.0, ""601939.SH"": 7400.0}",-0.003379823166,-0.1313783158
2022-03-18,V23 60d risk-adjusted momentum Top2,89806.04029,91158.63451,488.0402892,2,862.2254343,490.3687904,1634562.635,0,"{""601288.SH"": 15200.0, ""601939.SH"": 7400.0}",0.01519295729,-0.1181813837
2022-03-21,V23 60d risk-adjusted momentum Top2,89206.04029,90558.63451,488.0402892,2,862.2254343,490.3687904,1634562.635,0,"{""601288.SH"": 15200.0, ""601939.SH"": 7400.0}",-0.006681065083,-0.1240728712
2022-03-22,V23 60d risk-adjusted momentum Top2,90484.04029,91836.63451,488.0402892,2,862.2254343,490.3687904,1634562.635,0,"{""601288.SH"": 15200.0, ""601939.SH"": 7400.0}",0.01432638413,-0.1115240027
2022-03-23,V23 60d risk-adjusted momentum Top2,90558.04029,91910.63451,488.0402892,2,862.2254343,490.3687904,1634562.635,0,"{""601288.SH"": 15200.0, ""601939.SH"": 7400.0}",0.0008178237816,-0.1107973859
2022-03-24,V23 60d risk-adjusted momentum Top2,90928.04029,92280.63451,488.0402892,2,862.2254343,490.3687904,1634562.635,0,"{""601288.SH"": 15200.0, ""601939.SH"": 7400.0}",0.004085777462,-0.1071643019
2022-03-25,V23 60d risk-adjusted momentum Top2,90850.04029,92202.63451,488.0402892,2,862.2254343,490.3687904,1634562.635,0,"{""601288.SH"": 15200.0, ""601939.SH"": 7400.0}",-0.000857821193,-0.1079301953
2022-03-28,V23 60d risk-adjusted momentum Top2,92050.04029,93402.63451,488.0402892,2,862.2254343,490.3687904,1634562.635,0,"{""601288.SH"": 15200.0, ""601939.SH"": 7400.0}",0.01320857972,-0.09614722015
2022-03-29,V23 60d risk-adjusted momentum Top2,92646.04029,93998.63451,488.0402892,2,862.2254343,490.3687904,1634562.635,0,"{""601288.SH"": 15200.0, ""601939.SH"": 7400.0}",0.006474739154,-0.09029500917
2022-03-30,V23 60d risk-adjusted momentum Top2,92654.04029,94006.63451,488.0402892,2,862.2254343,490.3687904,1634562.635,0,"{""601288.SH"": 15200.0, ""601939.SH"": 7400.0}",8.635015566e-05,-0.090216456
2022-03-31,V23 60d risk-adjusted momentum Top2,93850.04029,95202.63451,488.0402892,2,862.2254343,490.3687904,1634562.635,0,"{""601288.SH"": 15200.0, ""601939.SH"": 7400.0}",0.01290823364,-0.07847275745
2022-04-01,V23 60d risk-adjusted momentum Top2,93924.04029,95276.63451,488.0402892,2,862.2254343,490.3687904,1634562.635,0,"{""601288.SH"": 15200.0, ""601939.SH"": 7400.0}",0.0007884919364,-0.07774614065
2022-04-06,V23 60d risk-adjusted momentum Top2,94350.5009,95778.63451,500.5008957,2,909.7928279,518.3407904,1727802.635,0,"{""601939.SH"": 7400.0, ""601988.SH"": 14200.0}",0.004540484046,-0.07355866171
2022-04-07,V23 60d risk-adjusted momentum Top2,93326.5009,94754.63451,500.5008957,2,909.7928279,518.3407904,1727802.635,0,"{""601939.SH"": 7400.0, ""601988.SH"": 14200.0}",-0.01085314853,-0.08361346716
2022-04-08,V23 60d risk-adjusted momentum Top2,93690.5009,95118.63451,500.5008957,2,909.7928279,518.3407904,1727802.635,0,"{""601939.SH"": 7400.0, ""601988.SH"": 14200.0}",0.003900285519,-0.08003929804
2022-04-11,V23 60d risk-adjusted momentum Top2,93326.5009,94754.63451,500.5008957,2,909.7928279,518.3407904,1727802.635,0,"{""601939.SH"": 7400.0, ""601988.SH"": 14200.0}",-0.003885132394,-0.08361346716
2022-04-12,V23 60d risk-adjusted momentum Top2,93610.5009,95038.63451,500.5008957,2,909.7928279,518.3407904,1727802.635,0,"{""601939.SH"": 7400.0, ""601988.SH"": 14200.0}",0.003043079911,-0.08082482971
2022-04-13,V23 60d risk-adjusted momentum Top2,93394.5009,94822.63451,500.5008957,2,909.7928279,518.3407904,1727802.635,0,"{""601939.SH"": 7400.0, ""601988.SH"": 14200.0}",-0.002307433439,-0.08294576524
2022-04-14,V23 60d risk-adjusted momentum Top2,93400.5009,94828.63451,500.5008957,2,909.7928279,518.3407904,1727802.635,0,"{""601939.SH"": 7400.0, ""601988.SH"": 14200.0}",6.424361116e-05,-0.08288685036
2022-04-15,V23 60d risk-adjusted momentum Top2,93178.5009,94606.63451,500.5008957,2,909.7928279,518.3407904,1727802.635,0,"{""601939.SH"": 7400.0, ""601988.SH"": 14200.0}",-0.002376860915,-0.08506670076
2022-04-18,V23 60d risk-adjusted momentum Top2,91506.5009,92934.63451,500.5008957,2,909.7928279,518.3407904,1727802.635,0,"{""601939.SH"": 7400.0, ""601988.SH"": 14200.0}",-0.01794405345,-0.1014843128
2022-04-19,V23 60d risk-adjusted momentum Top2,92080.5009,93508.63451,500.5008957,2,909.7928279,518.3407904,1727802.635,0,"{""601939.SH"": 7400.0, ""601988.SH"": 14200.0}",0.006272778375,-0.09584812301
2022-04-20,V23 60d risk-adjusted momentum Top2,92000.5009,93428.63451,500.5008957,2,909.7928279,518.3407904,1727802.635,0,"{""601939.SH"": 7400.0, ""601988.SH"": 14200.0}",-0.0008688050046,-0.09663365469
2022-04-21,V23 60d risk-adjusted momentum Top2,92148.5009,93576.63451,500.5008957,2,909.7928279,518.3407904,1727802.635,0,"{""601939.SH"": 7400.0, ""601988.SH"": 14200.0}",0.001608686894,-0.09518042109
2022-04-22,V23 60d risk-adjusted momentum Top2,93536.5009,94964.63451,500.5008957,2,909.7928279,518.3407904,1727802.635,0,"{""601939.SH"": 7400.0, ""601988.SH"": 14200.0}",0.0150626433,-0.08155144651
2022-04-25,V23 60d risk-adjusted momentum Top2,92074.5009,93502.63451,500.5008957,2,909.7928279,518.3407904,1727802.635,0,"{""601939.SH"": 7400.0, ""601988.SH"": 14200.0}",-0.01563026183,-0.09590703789
2022-04-26,V23 60d risk-adjusted momentum Top2,91920.5009,93348.63451,500.5008957,2,909.7928279,518.3407904,1727802.635,0,"{""601939.SH"": 7400.0, ""601988.SH"": 14200.0}",-0.001672558618,-0.09741918636
2022-04-27,V23 60d risk-adjusted momentum Top2,90766.5009,92194.63451,500.5008957,2,909.7928279,518.3407904,1727802.635,0,"{""601939.SH"": 7400.0, ""601988.SH"": 14200.0}",-0.01255432671,-0.1087504808
2022-04-28,V23 60d risk-adjusted momentum Top2,91562.5009,92990.63451,500.5008957,2,909.7928279,518.3407904,1727802.635,0,"{""601939.SH"": 7400.0, ""601988.SH"": 14200.0}",0.008769755275,-0.1009344406
2022-04-29,V23 60d risk-adjusted momentum Top2,91284.5009,92712.63451,500.5008957,2,909.7928279,518.3407904,1727802.635,0,"{""601939.SH"": 7400.0, ""601988.SH"": 14200.0}",-0.003036177445,-0.1036641632
2022-05-05,V23 60d risk-adjusted momentum Top2,91210.5009,92638.63451,500.5008957,2,909.7928279,518.3407904,1727802.635,0,"{""601939.SH"": 7400.0, ""601988.SH"": 14200.0}",-0.0008106524029,-0.10439078
2022-05-06,V23 60d risk-adjusted momentum Top2,89982.18636,91482.63451,154.1863565,2,955.296367,545.1517904,1817172.635,0,"{""601288.SH"": 14600.0, ""601988.SH"": 14200.0}",-0.01346681059,-0.1164517797
2022-05-09,V23 60d risk-adjusted momentum Top2,90274.18636,91774.63451,154.1863565,2,955.296367,545.1517904,1817172.635,0,"{""601288.SH"": 14600.0, ""601988.SH"": 14200.0}",0.003245086742,-0.1135845891
2022-05-10,V23 60d risk-adjusted momentum Top2,90708.18636,92208.63451,154.1863565,2,955.296367,545.1517904,1817172.635,0,"{""601288.SH"": 14600.0, ""601988.SH"": 14200.0}",0.00480757587,-0.1093230798
2022-05-11,V23 60d risk-adjusted momentum Top2,90124.18636,91624.63451,154.1863565,2,955.296367,545.1517904,1817172.635,0,"{""601288.SH"": 14600.0, ""601988.SH"": 14200.0}",-0.006438228163,-0.115057461
2022-05-12,V23 60d risk-adjusted momentum Top2,89832.18636,91332.63451,154.1863565,2,955.296367,545.1517904,1817172.635,0,"{""601288.SH"": 14600.0, ""601988.SH"": 14200.0}",-0.003239973772,-0.1179246516
2022-05-13,V23 60d risk-adjusted momentum Top2,90266.18636,91766.63451,154.1863565,2,955.296367,545.1517904,1817172.635,0,"{""601288.SH"": 14600.0, ""601988.SH"": 14200.0}",0.004831230516,-0.1136631423
2022-05-16,V23 60d risk-adjusted momentum Top2,89836.18636,91336.63451,154.1863565,2,955.296367,545.1517904,1817172.635,0,"{""601288.SH"": 14600.0, ""601988.SH"": 14200.0}",-0.004763688568,-0.117885375
2022-05-17,V23 60d risk-adjusted momentum Top2,89686.18636,91186.63451,154.1863565,2,955.296367,545.1517904,1817172.635,0,"{""601288.SH"": 14600.0, ""601988.SH"": 14200.0}",-0.001669705784,-0.1193582469
2022-05-18,V23 60d risk-adjusted momentum Top2,89544.18636,91044.63451,154.1863565,2,955.296367,545.1517904,1817172.635,0,"{""601288.SH"": 14600.0, ""601988.SH"": 14200.0}",-0.001583298452,-0.1207525656
2022-05-19,V23 60d risk-adjusted momentum Top2,89402.18636,90902.63451,154.1863565,2,955.296367,545.1517904,1817172.635,0,"{""601288.SH"": 14600.0, ""601988.SH"": 14200.0}",-0.001585809261,-0.1221468844
2022-05-20,V23 60d risk-adjusted momentum Top2,89544.18636,91044.63451,154.1863565,2,955.296367,545.1517904,1817172.635,0,"{""601288.SH"": 14600.0, ""601988.SH"": 14200.0}",0.001588328046,-0.1207525656
2022-05-23,V23 60d risk-adjusted momentum Top2,89540.18636,91040.63451,154.1863565,2,955.296367,545.1517904,1817172.635,0,"{""601288.SH"": 14600.0, ""601988.SH"": 14200.0}",-4.467068341e-05,-0.1207918422
2022-05-24,V23 60d risk-adjusted momentum Top2,89832.18636,91332.63451,154.1863565,2,955.296367,545.1517904,1817172.635,0,"{""601288.SH"": 14600.0, ""601988.SH"": 14200.0}",0.003261105565,-0.1179246516
2022-05-25,V23 60d risk-adjusted momentum Top2,89832.18636,91332.63451,154.1863565,2,955.296367,545.1517904,1817172.635,0,"{""601288.SH"": 14600.0, ""601988.SH"": 14200.0}",0,-0.1179246516
2022-05-26,V23 60d risk-adjusted momentum Top2,90120.18636,91620.63451,154.1863565,2,955.296367,545.1517904,1817172.635,0,"{""601288.SH"": 14600.0, ""601988.SH"": 14200.0}",0.003205977854,-0.1150967376
2022-05-27,V23 60d risk-adjusted momentum Top2,90262.18636,91762.63451,154.1863565,2,955.296367,545.1517904,1817172.635,0,"{""601288.SH"": 14600.0, ""601988.SH"": 14200.0}",0.001575673617,-0.1137024188
2022-05-30,V23 60d risk-adjusted momentum Top2,89686.18636,91186.63451,154.1863565,2,955.296367,545.1517904,1817172.635,0,"{""601288.SH"": 14600.0, ""601988.SH"": 14200.0}",-0.006381409794,-0.1193582469
2022-05-31,V23 60d risk-adjusted momentum Top2,89690.18636,91190.63451,154.1863565,2,955.296367,545.1517904,1817172.635,0,"{""601288.SH"": 14600.0, ""601988.SH"": 14200.0}",4.459995639e-05,-0.1193189703
2022-06-01,V23 60d risk-adjusted momentum Top2,89398.18636,90898.63451,154.1863565,2,955.296367,545.1517904,1817172.635,0,"{""601288.SH"": 14600.0, ""601988.SH"": 14200.0}",-0.003255651614,-0.1221861609
2022-06-02,V23 60d risk-adjusted momentum Top2,89387.8347,90898.63451,161.8347044,2,965.4620191,545.3377904,1817792.635,0,"{""601288.SH"": 14700.0, ""601988.SH"": 14100.0}",-0.000115792641,-0.1222878053
2022-06-06,V23 60d risk-adjusted momentum Top2,88952.8347,90463.63451,161.8347044,2,965.4620191,545.3377904,1817792.635,0,"{""601288.SH"": 14700.0, ""601988.SH"": 14100.0}",-0.004866434022,-0.1265591338
2022-06-07,V23 60d risk-adjusted momentum Top2,89093.8347,90604.63451,161.8347044,2,965.4620191,545.3377904,1817792.635,0,"{""601288.SH"": 14700.0, ""601988.SH"": 14100.0}",0.001585109687,-0.1251746342
2022-06-08,V23 60d risk-adjusted momentum Top2,89093.8347,90604.63451,161.8347044,2,965.4620191,545.3377904,1817792.635,0,"{""601288.SH"": 14700.0, ""601988.SH"": 14100.0}",0,-0.1251746342
2022-06-09,V23 60d risk-adjusted momentum Top2,89522.8347,91033.63451,161.8347044,2,965.4620191,545.3377904,1817792.635,0,"{""601288.SH"": 14700.0, ""601988.SH"": 14100.0}",0.004815148,-0.1209622206
2022-06-10,V23 60d risk-adjusted momentum Top2,90098.8347,91609.63451,161.8347044,2,965.4620191,545.3377904,1817792.635,0,"{""601288.SH"": 14700.0, ""601988.SH"": 14100.0}",0.006434112614,-0.1153063926
2022-06-13,V23 60d risk-adjusted momentum Top2,89522.8347,91033.63451,161.8347044,2,965.4620191,545.3377904,1817792.635,0,"{""601288.SH"": 14700.0, ""601988.SH"": 14100.0}",-0.006392979464,-0.1209622206
2022-06-14,V23 60d risk-adjusted momentum Top2,90098.8347,91609.63451,161.8347044,2,965.4620191,545.3377904,1817792.635,0,"{""601288.SH"": 14700.0, ""601988.SH"": 14100.0}",0.006434112614,-0.1153063926
2022-06-15,V23 60d risk-adjusted momentum Top2,90245.8347,91756.63451,161.8347044,2,965.4620191,545.3377904,1817792.635,0,"{""601288.SH"": 14700.0, ""601988.SH"": 14100.0}",0.001631541634,-0.1138629781
2022-06-16,V23 60d risk-adjusted momentum Top2,89804.8347,91315.63451,161.8347044,2,965.4620191,545.3377904,1817792.635,0,"{""601288.SH"": 14700.0, ""601988.SH"": 14100.0}",-0.004886652126,-0.1181932215
2022-06-17,V23 60d risk-adjusted momentum Top2,89951.8347,91462.63451,161.8347044,2,965.4620191,545.3377904,1817792.635,0,"{""601288.SH"": 14700.0, ""601988.SH"": 14100.0}",0.001636882919,-0.116749807
2022-06-20,V23 60d risk-adjusted momentum Top2,89663.8347,91174.63451,161.8347044,2,965.4620191,545.3377904,1817792.635,0,"{""601288.SH"": 14700.0, ""601988.SH"": 14100.0}",-0.003201713461,-0.119577721
2022-06-21,V23 60d risk-adjusted momentum Top2,90233.8347,91744.63451,161.8347044,2,965.4620191,545.3377904,1817792.635,0,"{""601288.SH"": 14700.0, ""601988.SH"": 14100.0}",0.0063570781,-0.1139808079
2022-06-22,V23 60d risk-adjusted momentum Top2,89951.8347,91462.63451,161.8347044,2,965.4620191,545.3377904,1817792.635,0,"{""601288.SH"": 14700.0, ""601988.SH"": 14100.0}",-0.003125213518,-0.116749807
2022-06-23,V23 60d risk-adjusted momentum Top2,90380.8347,91891.63451,161.8347044,2,965.4620191,545.3377904,1817792.635,0,"{""601288.SH"": 14700.0, ""601988.SH"": 14100.0}",0.004769219009,-0.1125373934
2022-06-24,V23 60d risk-adjusted momentum Top2,90233.8347,91744.63451,161.8347044,2,965.4620191,545.3377904,1817792.635,0,"{""601288.SH"": 14700.0, ""601988.SH"": 14100.0}",-0.001626451011,-0.1139808079
2022-06-27,V23 60d risk-adjusted momentum Top2,90233.8347,91744.63451,161.8347044,2,965.4620191,545.3377904,1817792.635,0,"{""601288.SH"": 14700.0, ""601988.SH"": 14100.0}",0,-0.1139808079
2022-06-28,V23 60d risk-adjusted momentum Top2,90233.8347,91744.63451,161.8347044,2,965.4620191,545.3377904,1817792.635,0,"{""601288.SH"": 14700.0, ""601988.SH"": 14100.0}",0,-0.1139808079
2022-06-29,V23 60d risk-adjusted momentum Top2,90521.8347,92032.63451,161.8347044,2,965.4620191,545.3377904,1817792.635,0,"{""601288.SH"": 14700.0, ""601988.SH"": 14100.0}",0.003191707423,-0.1111528938
2022-06-30,V23 60d risk-adjusted momentum Top2,90521.8347,92032.63451,161.8347044,2,965.4620191,545.3377904,1817792.635,0,"{""601288.SH"": 14700.0, ""601988.SH"": 14100.0}",0,-0.1111528938
2022-07-01,V23 60d risk-adjusted momentum Top2,90374.8347,91885.63451,161.8347044,2,965.4620191,545.3377904,1817792.635,0,"{""601288.SH"": 14700.0, ""601988.SH"": 14100.0}",-0.001623917594,-0.1125963083
2022-07-04,V23 60d risk-adjusted momentum Top2,90716.30056,92304.63451,147.3005554,2,1016.074468,572.2594904,1907531.635,0,"{""601398.SH"": 9400.0, ""601988.SH"": 13900.0}",0.003778328913,-0.1092434052
2022-07-05,V23 60d risk-adjusted momentum Top2,91137.30056,92725.63451,147.3005554,2,1016.074468,572.2594904,1907531.635,0,"{""601398.SH"": 9400.0, ""601988.SH"": 13900.0}",0.004640841805,-0.1051095448
2022-07-06,V23 60d risk-adjusted momentum Top2,90810.30056,92398.63451,147.3005554,2,1016.074468,572.2594904,1907531.635,0,"{""601398.SH"": 9400.0, ""601988.SH"": 13900.0}",-0.003587993039,-0.1083204055
2022-07-07,V23 60d risk-adjusted momentum Top2,90622.30056,92210.63451,147.3005554,2,1016.074468,572.2594904,1907531.635,0,"{""601398.SH"": 9400.0, ""601988.SH"": 13900.0}",-0.002070249728,-0.110166405
2022-07-08,V23 60d risk-adjusted momentum Top2,90855.30056,92443.63451,147.3005554,2,1016.074468,572.2594904,1907531.635,0,"{""601398.SH"": 9400.0, ""601988.SH"": 13900.0}",0.002571111068,-0.107878544
2022-07-11,V23 60d risk-adjusted momentum Top2,91321.30056,92909.63451,147.3005554,2,1016.074468,572.2594904,1907531.635,0,"{""601398.SH"": 9400.0, ""601988.SH"": 13900.0}",0.005129034819,-0.103302822
2022-07-12,V23 60d risk-adjusted momentum Top2,91559.92816,93148.26211,147.3005554,2,1016.074468,572.2594904,1907531.635,1.455191523e-11,"{""601398.SH"": 10005.6824, ""601988.SH"": 13900.0}",0.00261305521,-0.1009597027
2022-07-13,V23 60d risk-adjusted momentum Top2,90103.41674,91691.7507,147.3005554,2,1016.074468,572.2594904,1907531.635,1.455191523e-11,"{""601398.SH"": 10005.6824, ""601988.SH"": 13900.0}",-0.01590773873,-0.1152614009
2022-07-14,V23 60d risk-adjusted momentum Top2,88769.13262,90357.46658,147.3005554,2,1016.074468,572.2594904,1907531.635,0,"{""601398.SH"": 10005.6824, ""601988.SH"": 13900.0}",-0.01480836319,-0.1283629314
2022-07-15,V23 60d risk-adjusted momentum Top2,88220.16298,89808.49693,147.3005554,2,1016.074468,572.2594904,1907531.635,0,"{""601398.SH"": 10005.6824, ""601988.SH"": 14916.0859}",-0.006184240276,-0.1337533444
2022-07-18,V23 60d risk-adjusted momentum Top2,88918.71199,90507.04595,147.3005554,2,1016.074468,572.2594904,1907531.635,0,"{""601398.SH"": 10005.6824, ""601988.SH"": 14916.0859}",0.00791824669,-0.1268941897
2022-07-19,V23 60d risk-adjusted momentum Top2,89417.14735,91005.48131,147.3005554,2,1016.074468,572.2594904,1907531.635,0,"{""601398.SH"": 10005.6824, ""601988.SH"": 14916.0859}",0.005605517156,-0.1219999801
2022-07-20,V23 60d risk-adjusted momentum Top2,90514.07491,92102.40887,147.3005554,2,1016.074468,572.2594904,1907531.635,0,"{""601398.SH"": 10005.6824, ""601988.SH"": 14916.0859}",0.01226753019,-0.1112290884
2022-07-21,V23 60d risk-adjusted momentum Top2,89715.46907,91303.80303,147.3005554,2,1016.074468,572.2594904,1907531.635,1.455191523e-11,"{""601398.SH"": 10005.6824, ""601988.SH"": 14916.0859}",-0.008823001707,-0.1190707157
2022-07-22,V23 60d risk-adjusted momentum Top2,90213.90444,91802.2384,147.3005554,2,1016.074468,572.2594904,1907531.635,0,"{""601398.SH"": 10005.6824, ""601988.SH"": 14916.0859}",0.005555734933,-0.1141765061
2022-07-25,V23 60d risk-adjusted momentum Top2,90663.23577,92251.56973,147.3005554,2,1016.074468,572.2594904,1907531.635,0,"{""601398.SH"": 10005.6824, ""601988.SH"": 14916.0859}",0.004980732554,-0.1097644561
2022-07-26,V23 60d risk-adjusted momentum Top2,90761.44384,92349.7778,147.3005554,2,1016.074468,572.2594904,1907531.635,0,"{""601398.SH"": 10005.6824, ""601988.SH"": 14916.0859}",0.00108321823,-0.1088001368
2022-07-27,V23 60d risk-adjusted momentum Top2,90162.95165,91751.28561,147.3005554,2,1016.074468,572.2594904,1907531.635,1.455191523e-11,"{""601398.SH"": 10005.6824, ""601988.SH"": 14916.0859}",-0.006594123718,-0.1146768189
2022-07-28,V23 60d risk-adjusted momentum Top2,89864.62993,91452.96389,147.3005554,2,1016.074468,572.2594904,1907531.635,0,"{""601398.SH"": 10005.6824, ""601988.SH"": 14916.0859}",-0.003308695115,-0.1176060834
2022-07-29,V23 60d risk-adjusted momentum Top2,89615.41225,91203.74621,147.3005554,2,1016.074468,572.2594904,1907531.635,1.455191523e-11,"{""601398.SH"": 10005.6824, ""601988.SH"": 14916.0859}",-0.002773256653,-0.1200531882
2022-08-01,V23 60d risk-adjusted momentum Top2,89217.03371,90805.36766,147.3005554,2,1016.074468,572.2594904,1907531.635,0,"{""601398.SH"": 10005.6824, ""601988.SH"": 14916.0859}",-0.004445424416,-0.1239649253
2022-08-02,V23 60d risk-adjusted momentum Top2,88434.20414,90098.98912,155.6247706,2,1066.011261,598.7737229,1995912.41,0,"{""601288.SH"": 15600.0, ""601988.SH"": 14716.0859}",-0.008774440652,-0.131651643
2022-08-03,V23 60d risk-adjusted momentum Top2,88131.04328,89795.82826,155.6247706,2,1066.011261,598.7737229,1995912.41,0,"{""601288.SH"": 15600.0, ""601988.SH"": 14716.0859}",-0.003428095066,-0.1346284237
2022-08-04,V23 60d risk-adjusted momentum Top2,89361.365,91026.14998,155.6247706,2,1066.011261,598.7737229,1995912.41,0,"{""601288.SH"": 15600.0, ""601988.SH"": 14716.0859}",0.01396014017,-0.1225477152
2022-08-05,V23 60d risk-adjusted momentum Top2,89508.52586,91173.31084,155.6247706,2,1066.011261,598.7737229,1995912.41,0,"{""601288.SH"": 15600.0, ""601988.SH"": 14716.0859}",0.0016468063,-0.1211027213
2022-08-08,V23 60d risk-adjusted momentum Top2,89049.365,90714.14998,155.6247706,2,1066.011261,598.7737229,1995912.41,0,"{""601288.SH"": 15600.0, ""601988.SH"": 14716.0859}",-0.005129800256,-0.1256112888
2022-08-09,V23 60d risk-adjusted momentum Top2,88902.20414,90566.98912,155.6247706,2,1066.011261,598.7737229,1995912.41,0,"{""601288.SH"": 15600.0, ""601988.SH"": 14716.0859}",-0.001652576173,-0.1270562827
2022-08-10,V23 60d risk-adjusted momentum Top2,88902.20414,90566.98912,155.6247706,2,1066.011261,598.7737229,1995912.41,0,"{""601288.SH"": 15600.0, ""601988.SH"": 14716.0859}",0,-0.1270562827
2022-08-11,V23 60d risk-adjusted momentum Top2,89499.68672,91164.4717,155.6247706,2,1066.011261,598.7737229,1995912.41,0,"{""601288.SH"": 15600.0, ""601988.SH"": 14716.0859}",0.006720672252,-0.1211895141
2022-08-12,V23 60d risk-adjusted momentum Top2,89040.52586,90705.31084,155.6247706,2,1066.011261,598.7737229,1995912.41,0,"{""601288.SH"": 15600.0, ""601988.SH"": 14716.0859}",-0.005130306884,-0.1256980816
2022-08-15,V23 60d risk-adjusted momentum Top2,88893.365,90558.14998,155.6247706,2,1066.011261,598.7737229,1995912.41,0,"{""601288.SH"": 15600.0, ""601988.SH"": 14716.0859}",-0.001652740226,-0.1271430755
2022-08-16,V23 60d risk-adjusted momentum Top2,88737.365,90402.14998,155.6247706,2,1066.011261,598.7737229,1995912.41,0,"{""601288.SH"": 15600.0, ""601988.SH"": 14716.0859}",-0.001754911629,-0.1286748623
2022-08-17,V23 60d risk-adjusted momentum Top2,89040.52586,90705.31084,155.6247706,2,1066.011261,598.7737229,1995912.41,0,"{""601288.SH"": 15600.0, ""601988.SH"": 14716.0859}",0.003416383379,-0.1256980816
2022-08-18,V23 60d risk-adjusted momentum Top2,88590.20414,90254.98912,155.6247706,2,1066.011261,598.7737229,1995912.41,0,"{""601288.SH"": 15600.0, ""601988.SH"": 14716.0859}",-0.005057491668,-0.1301198563
2022-08-19,V23 60d risk-adjusted momentum Top2,88893.365,90558.14998,155.6247706,2,1066.011261,598.7737229,1995912.41,0,"{""601288.SH"": 15600.0, ""601988.SH"": 14716.0859}",0.003422058475,-0.1271430755
2022-08-22,V23 60d risk-adjusted momentum Top2,88590.20414,90254.98912,155.6247706,2,1066.011261,598.7737229,1995912.41,0,"{""601288.SH"": 15600.0, ""601988.SH"": 14716.0859}",-0.003410387928,-0.1301198563
2022-08-23,V23 60d risk-adjusted momentum Top2,88443.04328,90107.82826,155.6247706,2,1066.011261,598.7737229,1995912.41,0,"{""601288.SH"": 15600.0, ""601988.SH"": 14716.0859}",-0.001661141435,-0.1315648502
2022-08-24,V23 60d risk-adjusted momentum Top2,88443.04328,90107.82826,155.6247706,2,1066.011261,598.7737229,1995912.41,0,"{""601288.SH"": 15600.0, ""601988.SH"": 14716.0859}",0,-0.1315648502
2022-08-25,V23 60d risk-adjusted momentum Top2,88893.365,90558.14998,155.6247706,2,1066.011261,598.7737229,1995912.41,0,"{""601288.SH"": 15600.0, ""601988.SH"": 14716.0859}",0.005091657873,-0.1271430755
2022-08-26,V23 60d risk-adjusted momentum Top2,88590.20414,90254.98912,155.6247706,2,1066.011261,598.7737229,1995912.41,0,"{""601288.SH"": 15600.0, ""601988.SH"": 14716.0859}",-0.003410387928,-0.1301198563
2022-08-29,V23 60d risk-adjusted momentum Top2,88590.20414,90254.98912,155.6247706,2,1066.011261,598.7737229,1995912.41,0,"{""601288.SH"": 15600.0, ""601988.SH"": 14716.0859}",0,-0.1301198563
2022-08-30,V23 60d risk-adjusted momentum Top2,88737.365,90402.14998,155.6247706,2,1066.011261,598.7737229,1995912.41,0,"{""601288.SH"": 15600.0, ""601988.SH"": 14716.0859}",0.001661141435,-0.1286748623
2022-08-31,V23 60d risk-adjusted momentum Top2,89352.52586,91017.31084,155.6247706,2,1066.011261,598.7737229,1995912.41,0,"{""601288.SH"": 15600.0, ""601988.SH"": 14716.0859}",0.006932376895,-0.1226345081
2022-09-01,V23 60d risk-adjusted momentum Top2,89187.68672,90852.4717,155.6247706,2,1066.011261,598.7737229,1995912.41,0,"{""601288.SH"": 15600.0, ""601988.SH"": 14716.0859}",-0.001844817923,-0.1242530876
2022-09-02,V23 60d risk-adjusted momentum Top2,89040.52586,90705.31084,155.6247706,2,1066.011261,598.7737229,1995912.41,0,"{""601288.SH"": 15600.0, ""601988.SH"": 14716.0859}",-0.001650013183,-0.1256980816
2022-09-05,V23 60d risk-adjusted momentum Top2,89343.68672,91008.4717,155.6247706,2,1066.011261,598.7737229,1995912.41,0,"{""601288.SH"": 15600.0, ""601988.SH"": 14716.0859}",0.003404751442,-0.1227213009
2022-09-06,V23 60d risk-adjusted momentum Top2,89638.00843,91302.79342,155.6247706,2,1066.011261,598.7737229,1995912.41,0,"{""601288.SH"": 15600.0, ""601988.SH"": 14716.0859}",0.003294264301,-0.119831313
2022-09-07,V23 60d risk-adjusted momentum Top2,89334.84757,90999.63256,155.6247706,2,1066.011261,598.7737229,1995912.41,0,"{""601288.SH"": 15600.0, ""601988.SH"": 14716.0859}",-0.003382057055,-0.1228080937
2022-09-08,V23 60d risk-adjusted momentum Top2,89334.84757,90999.63256,155.6247706,2,1066.011261,598.7737229,1995912.41,0,"{""601288.SH"": 15600.0, ""601988.SH"": 14716.0859}",0,-0.1228080937
2022-09-09,V23 60d risk-adjusted momentum Top2,89785.16929,91449.95428,155.6247706,2,1066.011261,598.7737229,1995912.41,0,"{""601288.SH"": 15600.0, ""601988.SH"": 14716.0859}",0.005040829306,-0.118386319
2022-09-13,V23 60d risk-adjusted momentum Top2,89941.16929,91605.95428,155.6247706,2,1066.011261,598.7737229,1995912.41,0,"{""601288.SH"": 15600.0, ""601988.SH"": 14716.0859}",0.001737480713,-0.1168545323
2022-09-14,V23 60d risk-adjusted momentum Top2,89794.00843,91458.79342,155.6247706,2,1066.011261,598.7737229,1995912.41,0,"{""601288.SH"": 15600.0, ""601988.SH"": 14716.0859}",-0.00163619019,-0.1182995262
2022-09-15,V23 60d risk-adjusted momentum Top2,90400.33015,92065.11513,155.6247706,2,1066.011261,598.7737229,1995912.41,0,"{""601288.SH"": 15600.0, ""601988.SH"": 14716.0859}",0.006752362749,-0.1123459648
2022-09-16,V23 60d risk-adjusted momentum Top2,89499.68672,91164.4717,155.6247706,2,1066.011261,598.7737229,1995912.41,0,"{""601288.SH"": 15600.0, ""601988.SH"": 14716.0859}",-0.009962833475,-0.1211895141
2022-09-19,V23 60d risk-adjusted momentum Top2,90253.16929,91917.95428,155.6247706,2,1066.011261,598.7737229,1995912.41,0,"{""601288.SH"": 15600.0, ""601988.SH"": 14716.0859}",0.008418829207,-0.1137909587
2022-09-20,V23 60d risk-adjusted momentum Top2,89638.00843,91302.79342,155.6247706,2,1066.011261,598.7737229,1995912.41,0,"{""601288.SH"": 15600.0, ""601988.SH"": 14716.0859}",-0.006815947447,-0.119831313
2022-09-21,V23 60d risk-adjusted momentum Top2,89950.00843,91614.79342,155.6247706,2,1066.011261,598.7737229,1995912.41,0,"{""601288.SH"": 15600.0, ""601988.SH"": 14716.0859}",0.003480666354,-0.1167677394
2022-09-22,V23 60d risk-adjusted momentum Top2,89950.00843,91614.79342,155.6247706,2,1066.011261,598.7737229,1995912.41,0,"{""601288.SH"": 15600.0, ""601988.SH"": 14716.0859}",0,-0.1167677394
2022-09-23,V23 60d risk-adjusted momentum Top2,90703.49101,92368.27599,155.6247706,2,1066.011261,598.7737229,1995912.41,0,"{""601288.SH"": 15600.0, ""601988.SH"": 14716.0859}",0.008376681555,-0.1093691841
2022-09-26,V23 60d risk-adjusted momentum Top2,89646.84757,91311.63256,155.6247706,2,1066.011261,598.7737229,1995912.41,0,"{""601288.SH"": 15600.0, ""601988.SH"": 14716.0859}",-0.01164942411,-0.1197445202
2022-09-27,V23 60d risk-adjusted momentum Top2,89187.68672,90852.4717,155.6247706,2,1066.011261,598.7737229,1995912.41,0,"{""601288.SH"": 15600.0, ""601988.SH"": 14716.0859}",-0.005121885167,-0.1242530876
2022-09-28,V23 60d risk-adjusted momentum Top2,89794.00843,91458.79342,155.6247706,2,1066.011261,598.7737229,1995912.41,0,"{""601288.SH"": 15600.0, ""601988.SH"": 14716.0859}",0.006798267115,-0.1182995262
2022-09-29,V23 60d risk-adjusted momentum Top2,89031.68672,90696.4717,155.6247706,2,1066.011261,598.7737229,1995912.41,0,"{""601288.SH"": 15600.0, ""601988.SH"": 14716.0859}",-0.008489672429,-0.1257848744
2022-09-30,V23 60d risk-adjusted momentum Top2,90244.33015,91909.11513,155.6247706,2,1066.011261,598.7737229,1995912.41,0,"{""601288.SH"": 15600.0, ""601988.SH"": 14716.0859}",0.01362035788,-0.1138777515
2022-10-10,V23 60d risk-adjusted momentum Top2,90106.00843,91770.79342,155.6247706,2,1066.011261,598.7737229,1995912.41,0,"{""601288.SH"": 15600.0, ""601988.SH"": 14716.0859}",-0.001532746904,-0.1152359527
2022-10-11,V23 60d risk-adjusted momentum Top2,89958.84757,91623.63256,155.6247706,2,1066.011261,598.7737229,1995912.41,0,"{""601288.SH"": 15600.0, ""601988.SH"": 14716.0859}",-0.001633196958,-0.1166809466
2022-10-12,V23 60d risk-adjusted momentum Top2,89950.00843,91614.79342,155.6247706,2,1066.011261,598.7737229,1995912.41,0,"{""601288.SH"": 15600.0, ""601988.SH"": 14716.0859}",-9.825760782e-05,-0.1167677394
2022-10-13,V23 60d risk-adjusted momentum Top2,89655.68672,91320.4717,155.6247706,2,1066.011261,598.7737229,1995912.41,0,"{""601288.SH"": 15600.0, ""601988.SH"": 14716.0859}",-0.003272058811,-0.1196577273
2022-10-14,V23 60d risk-adjusted momentum Top2,89646.84757,91311.63256,155.6247706,2,1066.011261,598.7737229,1995912.41,0,"{""601288.SH"": 15600.0, ""601988.SH"": 14716.0859}",-9.858985513e-05,-0.1197445202
2022-10-17,V23 60d risk-adjusted momentum Top2,89499.68672,91164.4717,155.6247706,2,1066.011261,598.7737229,1995912.41,0,"{""601288.SH"": 15600.0, ""601988.SH"": 14716.0859}",-0.001641562005,-0.1211895141
2022-10-18,V23 60d risk-adjusted momentum Top2,89499.68672,91164.4717,155.6247706,2,1066.011261,598.7737229,1995912.41,0,"{""601288.SH"": 15600.0, ""601988.SH"": 14716.0859}",0,-0.1211895141
2022-10-19,V23 60d risk-adjusted momentum Top2,89343.68672,91008.4717,155.6247706,2,1066.011261,598.7737229,1995912.41,0,"{""601288.SH"": 15600.0, ""601988.SH"": 14716.0859}",-0.001743022861,-0.1227213009
2022-10-20,V23 60d risk-adjusted momentum Top2,89499.68672,91164.4717,155.6247706,2,1066.011261,598.7737229,1995912.41,0,"{""601288.SH"": 15600.0, ""601988.SH"": 14716.0859}",0.001746066295,-0.1211895141
2022-10-21,V23 60d risk-adjusted momentum Top2,89950.00843,91614.79342,155.6247706,2,1066.011261,598.7737229,1995912.41,0,"{""601288.SH"": 15600.0, ""601988.SH"": 14716.0859}",0.005031545184,-0.1167677394
2022-10-24,V23 60d risk-adjusted momentum Top2,89646.84757,91311.63256,155.6247706,2,1066.011261,598.7737229,1995912.41,0,"{""601288.SH"": 15600.0, ""601988.SH"": 14716.0859}",-0.003370326075,-0.1197445202
2022-10-25,V23 60d risk-adjusted momentum Top2,89499.68672,91164.4717,155.6247706,2,1066.011261,598.7737229,1995912.41,0,"{""601288.SH"": 15600.0, ""601988.SH"": 14716.0859}",-0.001641562005,-0.1211895141
2022-10-26,V23 60d risk-adjusted momentum Top2,89040.52586,90705.31084,155.6247706,2,1066.011261,598.7737229,1995912.41,0,"{""601288.SH"": 15600.0, ""601988.SH"": 14716.0859}",-0.005130306884,-0.1256980816
2022-10-27,V23 60d risk-adjusted momentum Top2,88425.365,90090.14998,155.6247706,2,1066.011261,598.7737229,1995912.41,0,"{""601288.SH"": 15600.0, ""601988.SH"": 14716.0859}",-0.006908773875,-0.1317384358
2022-10-28,V23 60d risk-adjusted momentum Top2,88866.84757,90531.63256,155.6247706,2,1066.011261,598.7737229,1995912.41,0,"{""601288.SH"": 15600.0, ""601988.SH"": 14716.0859}",0.004992714212,-0.127403454
2022-10-31,V23 60d risk-adjusted momentum Top2,87507.04328,89171.82826,155.6247706,2,1066.011261,598.7737229,1995912.41,0,"{""601288.SH"": 15600.0, ""601988.SH"": 14716.0859}",-0.01530159257,-0.1407555708
2022-11-01,V23 60d risk-adjusted momentum Top2,87186.20414,88850.98912,155.6247706,2,1066.011261,598.7737229,1995912.41,0,"{""601288.SH"": 15600.0, ""601988.SH"": 14716.0859}",-0.003666437913,-0.1439059372
2022-11-02,V23 60d risk-adjusted momentum Top2,86727.22625,88402.66741,202.9686011,2,1076.323631,599.1175229,1997058.41,0,"{""601288.SH"": 15800.0, ""601988.SH"": 14516.0859}",-0.005264340749,-0.148412708
2022-11-03,V23 60d risk-adjusted momentum Top2,86872.38711,88547.82826,202.9686011,2,1076.323631,599.1175229,1997058.41,0,"{""601288.SH"": 15800.0, ""601988.SH"": 14516.0859}",0.00167376342,-0.1469873524
2022-11-04,V23 60d risk-adjusted momentum Top2,87781.86969,89457.31084,202.9686011,2,1076.323631,599.1175229,1997058.41,0,"{""601288.SH"": 15800.0, ""601988.SH"": 14516.0859}",0.01046917907,-0.1380570102
2022-11-07,V23 60d risk-adjusted momentum Top2,87781.86969,89457.31084,202.9686011,2,1076.323631,599.1175229,1997058.41,0,"{""601288.SH"": 15800.0, ""601988.SH"": 14516.0859}",0,-0.1380570102
2022-11-08,V23 60d risk-adjusted momentum Top2,87465.86969,89141.31084,202.9686011,2,1076.323631,599.1175229,1997058.41,0,"{""601288.SH"": 15800.0, ""601988.SH"": 14516.0859}",-0.003599832188,-0.1411598603
2022-11-09,V23 60d risk-adjusted momentum Top2,87781.86969,89457.31084,202.9686011,2,1076.323631,599.1175229,1997058.41,0,"{""601288.SH"": 15800.0, ""601988.SH"": 14516.0859}",0.003612837798,-0.1380570102
2022-11-10,V23 60d risk-adjusted momentum Top2,88085.03055,89760.4717,202.9686011,2,1076.323631,599.1175229,1997058.41,0,"{""601288.SH"": 15800.0, ""601988.SH"": 14516.0859}",0.003453570309,-0.1350802295
2022-11-11,V23 60d risk-adjusted momentum Top2,88704.1914,90379.63256,202.9686011,2,1076.323631,599.1175229,1997058.41,0,"{""601288.SH"": 15800.0, ""601988.SH"": 14516.0859}",0.007029126913,-0.1290005987
2022-11-14,V23 60d risk-adjusted momentum Top2,88862.1914,90537.63256,202.9686011,2,1076.323631,599.1175229,1997058.41,0,"{""601288.SH"": 15800.0, ""601988.SH"": 14516.0859}",0.001781201063,-0.1274491736
2022-11-15,V23 60d risk-adjusted momentum Top2,88862.1914,90537.63256,202.9686011,2,1076.323631,599.1175229,1997058.41,0,"{""601288.SH"": 15800.0, ""601988.SH"": 14516.0859}",0,-0.1274491736
2022-11-16,V23 60d risk-adjusted momentum Top2,88559.03055,90234.4717,202.9686011,2,1076.323631,599.1175229,1997058.41,0,"{""601288.SH"": 15800.0, ""601988.SH"": 14516.0859}",-0.00341158432,-0.1304259543
2022-11-17,V23 60d risk-adjusted momentum Top2,88559.03055,90234.4717,202.9686011,2,1076.323631,599.1175229,1997058.41,0,"{""601288.SH"": 15800.0, ""601988.SH"": 14516.0859}",0,-0.1304259543
2022-11-18,V23 60d risk-adjusted momentum Top2,88413.86969,90089.31084,202.9686011,2,1076.323631,599.1175229,1997058.41,0,"{""601288.SH"": 15800.0, ""601988.SH"": 14516.0859}",-0.001639142366,-0.13185131
2022-11-21,V23 60d risk-adjusted momentum Top2,88559.03055,90234.4717,202.9686011,2,1076.323631,599.1175229,1997058.41,0,"{""601288.SH"": 15800.0, ""601988.SH"": 14516.0859}",0.001641833565,-0.1304259543
2022-11-22,V23 60d risk-adjusted momentum Top2,89310.51312,90985.95428,202.9686011,2,1076.323631,599.1175229,1997058.41,0,"{""601288.SH"": 15800.0, ""601988.SH"": 14516.0859}",0.008485668507,-0.1230470372
2022-11-23,V23 60d risk-adjusted momentum Top2,90074.83484,91750.27599,202.9686011,2,1076.323631,599.1175229,1997058.41,0,"{""601288.SH"": 15800.0, ""601988.SH"": 14516.0859}",0.008558026272,-0.1155420507
2022-11-24,V23 60d risk-adjusted momentum Top2,89771.67398,91447.11513,202.9686011,2,1076.323631,599.1175229,1997058.41,0,"{""601288.SH"": 15800.0, ""601988.SH"": 14516.0859}",-0.003365655451,-0.1185188314
2022-11-25,V23 60d risk-adjusted momentum Top2,90984.31742,92659.75857,202.9686011,2,1076.323631,599.1175229,1997058.41,0,"{""601288.SH"": 15800.0, ""601988.SH"": 14516.0859}",0.01350808536,-0.1066117086
2022-11-28,V23 60d risk-adjusted momentum Top2,90535.9957,92211.43685,202.9686011,2,1076.323631,599.1175229,1997058.41,0,"{""601288.SH"": 15800.0, ""601988.SH"": 14516.0859}",-0.004927461461,-0.111013845
2022-11-29,V23 60d risk-adjusted momentum Top2,91287.47828,92962.91943,202.9686011,2,1076.323631,599.1175229,1997058.41,0,"{""601288.SH"": 15800.0, ""601988.SH"": 14516.0859}",0.008300373467,-0.1036349279
2022-11-30,V23 60d risk-adjusted momentum Top2,91432.63913,93108.08029,202.9686011,2,1076.323631,599.1175229,1997058.41,0,"{""601288.SH"": 15800.0, ""601988.SH"": 14516.0859}",0.001590150824,-0.1022095722
2022-12-01,V23 60d risk-adjusted momentum Top2,90390.83484,92066.27599,202.9686011,2,1076.323631,599.1175229,1997058.41,0,"{""601288.SH"": 15800.0, ""601988.SH"": 14516.0859}",-0.01139422753,-0.1124392006
2022-12-02,V23 60d risk-adjusted momentum Top2,90390.83484,92066.27599,202.9686011,2,1076.323631,599.1175229,1997058.41,0,"{""601288.SH"": 15800.0, ""601988.SH"": 14516.0859}",0,-0.1124392006
2022-12-05,V23 60d risk-adjusted momentum Top2,91590.63913,93266.08029,202.9686011,2,1076.323631,599.1175229,1997058.41,0,"{""601288.SH"": 15800.0, ""601988.SH"": 14516.0859}",0.01327351712,-0.1006581471
2022-12-06,V23 60d risk-adjusted momentum Top2,91590.63913,93266.08029,202.9686011,2,1076.323631,599.1175229,1997058.41,0,"{""601288.SH"": 15800.0, ""601988.SH"": 14516.0859}",0,-0.1006581471
2022-12-07,V23 60d risk-adjusted momentum Top2,91287.47828,92962.91943,202.9686011,2,1076.323631,599.1175229,1997058.41,0,"{""601288.SH"": 15800.0, ""601988.SH"": 14516.0859}",-0.003309954617,-0.1036349279
2022-12-08,V23 60d risk-adjusted momentum Top2,91893.79999,93569.24115,202.9686011,2,1076.323631,599.1175229,1997058.41,0,"{""601288.SH"": 15800.0, ""601988.SH"": 14516.0859}",0.006641893599,-0.09768136642
2022-12-09,V23 60d risk-adjusted momentum Top2,91735.79999,93411.24115,202.9686011,2,1076.323631,599.1175229,1997058.41,0,"{""601288.SH"": 15800.0, ""601988.SH"": 14516.0859}",-0.001719376062,-0.09923279148
2022-12-12,V23 60d risk-adjusted momentum Top2,90826.31742,92501.75857,202.9686011,2,1076.323631,599.1175229,1997058.41,0,"{""601288.SH"": 15800.0, ""601988.SH"": 14516.0859}",-0.009914151036,-0.1081631336
2022-12-13,V23 60d risk-adjusted momentum Top2,91577.79999,93253.24115,202.9686011,2,1076.323631,599.1175229,1997058.41,0,"{""601288.SH"": 15800.0, ""601988.SH"": 14516.0859}",0.008273841744,-0.1007842165
2022-12-14,V23 60d risk-adjusted momentum Top2,91735.79999,93411.24115,202.9686011,2,1076.323631,599.1175229,1997058.41,0,"{""601288.SH"": 15800.0, ""601988.SH"": 14516.0859}",0.001725308972,-0.09923279148
2022-12-15,V23 60d risk-adjusted momentum Top2,91287.47828,92962.91943,202.9686011,2,1076.323631,599.1175229,1997058.41,0,"{""601288.SH"": 15800.0, ""601988.SH"": 14516.0859}",-0.004887096616,-0.1036349279
2022-12-16,V23 60d risk-adjusted momentum Top2,92184.12171,93859.56286,202.9686011,2,1076.323631,599.1175229,1997058.41,0,"{""601288.SH"": 15800.0, ""601988.SH"": 14516.0859}",0.009822195248,-0.0948306551
2022-12-19,V23 60d risk-adjusted momentum Top2,91432.63913,93108.08029,202.9686011,2,1076.323631,599.1175229,1997058.41,0,"{""601288.SH"": 15800.0, ""601988.SH"": 14516.0859}",-0.008151974142,-0.1022095722
2022-12-20,V23 60d risk-adjusted momentum Top2,90668.31742,92343.75857,202.9686011,2,1076.323631,599.1175229,1997058.41,0,"{""601288.SH"": 15800.0, ""601988.SH"": 14516.0859}",-0.008359396873,-0.1097145587
2022-12-21,V23 60d risk-adjusted momentum Top2,90523.15656,92198.59771,202.9686011,2,1076.323631,599.1175229,1997058.41,0,"{""601288.SH"": 15800.0, ""601988.SH"": 14516.0859}",-0.001601009735,-0.1111399144
2022-12-22,V23 60d risk-adjusted momentum Top2,90971.47828,92646.91943,202.9686011,2,1076.323631,599.1175229,1997058.41,0,"{""601288.SH"": 15800.0, ""601988.SH"": 14516.0859}",0.004952563904,-0.106737778
2022-12-23,V23 60d risk-adjusted momentum Top2,90984.31742,92659.75857,202.9686011,2,1076.323631,599.1175229,1997058.41,0,"{""601288.SH"": 15800.0, ""601988.SH"": 14516.0859}",0.0001411336983,-0.1066117086
2022-12-26,V23 60d risk-adjusted momentum Top2,90377.9957,92053.43685,202.9686011,2,1076.323631,599.1175229,1997058.41,0,"{""601288.SH"": 15800.0, ""601988.SH"": 14516.0859}",-0.00666402447,-0.11256527
2022-12-27,V23 60d risk-adjusted momentum Top2,91590.63913,93266.08029,202.9686011,2,1076.323631,599.1175229,1997058.41,0,"{""601288.SH"": 15800.0, ""601988.SH"": 14516.0859}",0.01341746324,-0.1006581471
2022-12-28,V23 60d risk-adjusted momentum Top2,91893.79999,93569.24115,202.9686011,2,1076.323631,599.1175229,1997058.41,0,"{""601288.SH"": 15800.0, ""601988.SH"": 14516.0859}",0.003309954617,-0.09768136642
2022-12-29,V23 60d risk-adjusted momentum Top2,91432.63913,93108.08029,202.9686011,2,1076.323631,599.1175229,1997058.41,0,"{""601288.SH"": 15800.0, ""601988.SH"": 14516.0859}",-0.005018411023,-0.1022095722
2022-12-30,V23 60d risk-adjusted momentum Top2,92051.79999,93727.24115,202.9686011,2,1076.323631,599.1175229,1997058.41,0,"{""601288.SH"": 15800.0, ""601988.SH"": 14516.0859}",0.006771770614,-0.09612994136
2023-01-03,V23 60d risk-adjusted momentum Top2,91893.79999,93569.24115,202.9686011,2,1076.323631,599.1175229,1997058.41,0,"{""601288.SH"": 15800.0, ""601988.SH"": 14516.0859}",-0.001716424883,-0.09768136642
2023-01-04,V23 60d risk-adjusted momentum Top2,92805.34344,94554.88458,345.868611,2,1122.996721,626.5444229,2088481.41,0,"{""601939.SH"": 8100.0, ""601988.SH"": 14516.0859}",0.009919531517,-0.0887307883
2023-01-05,V23 60d risk-adjusted momentum Top2,92805.34344,94554.88458,345.868611,2,1122.996721,626.5444229,2088481.41,0,"{""601939.SH"": 8100.0, ""601988.SH"": 14516.0859}",0,-0.0887307883
2023-01-06,V23 60d risk-adjusted momentum Top2,92869.5043,94619.04544,345.868611,2,1122.996721,626.5444229,2088481.41,0,"{""601939.SH"": 8100.0, ""601988.SH"": 14516.0859}",0.0006913487571,-0.08810078346
2023-01-09,V23 60d risk-adjusted momentum Top2,92255.18258,94004.72372,345.868611,2,1122.996721,626.5444229,2088481.41,0,"{""601939.SH"": 8100.0, ""601988.SH"": 14516.0859}",-0.006614891749,-0.09413289806
2023-01-10,V23 60d risk-adjusted momentum Top2,91867.02172,93616.56286,345.868611,2,1122.996721,626.5444229,2088481.41,0,"{""601939.SH"": 8100.0, ""601988.SH"": 14516.0859}",-0.004207469412,-0.09794430619
2023-01-11,V23 60d risk-adjusted momentum Top2,92336.18258,94085.72372,345.868611,2,1122.996721,626.5444229,2088481.41,0,"{""601939.SH"": 8100.0, ""601988.SH"": 14516.0859}",0.005106956229,-0.09333754724
2023-01-12,V23 60d risk-adjusted momentum Top2,92093.18258,93842.72372,345.868611,2,1122.996721,626.5444229,2088481.41,0,"{""601939.SH"": 8100.0, ""601988.SH"": 14516.0859}",-0.002631687744,-0.09572359971
2023-01-13,V23 60d risk-adjusted momentum Top2,92916.82601,94666.36716,345.868611,2,1122.996721,626.5444229,2088481.41,0,"{""601939.SH"": 8100.0, ""601988.SH"": 14516.0859}",0.008943587487,-0.08763612461
2023-01-16,V23 60d risk-adjusted momentum Top2,92464.5043,94214.04544,345.868611,2,1122.996721,626.5444229,2088481.41,0,"{""601939.SH"": 8100.0, ""601988.SH"": 14516.0859}",-0.004868028075,-0.09207753757
2023-01-17,V23 60d risk-adjusted momentum Top2,92447.66516,94197.2063,345.868611,2,1122.996721,626.5444229,2088481.41,0,"{""601939.SH"": 8100.0, ""601988.SH"": 14516.0859}",-0.0001821146535,-0.09224288355
2023-01-18,V23 60d risk-adjusted momentum Top2,92383.5043,94133.04544,345.868611,2,1122.996721,626.5444229,2088481.41,0,"{""601939.SH"": 8100.0, ""601988.SH"": 14516.0859}",-0.0006940235724,-0.09287288839
2023-01-19,V23 60d risk-adjusted momentum Top2,92609.66516,94359.2063,345.868611,2,1122.996721,626.5444229,2088481.41,0,"{""601939.SH"": 8100.0, ""601988.SH"": 14516.0859}",0.002448065383,-0.09065218191
2023-01-20,V23 60d risk-adjusted momentum Top2,92690.66516,94440.2063,345.868611,2,1122.996721,626.5444229,2088481.41,0,"{""601939.SH"": 8100.0, ""601988.SH"": 14516.0859}",0.0008746387309,-0.08985683109
2023-01-30,V23 60d risk-adjusted momentum Top2,92835.82601,94585.36716,345.868611,2,1122.996721,626.5444229,2088481.41,0,"{""601939.SH"": 8100.0, ""601988.SH"": 14516.0859}",0.001566078511,-0.08843147543
2023-01-31,V23 60d risk-adjusted momentum Top2,92528.66516,94278.2063,345.868611,2,1122.996721,626.5444229,2088481.41,0,"{""601939.SH"": 8100.0, ""601988.SH"": 14516.0859}",-0.003308645725,-0.09144753273
2023-02-01,V23 60d risk-adjusted momentum Top2,92609.66516,94359.2063,345.868611,2,1122.996721,626.5444229,2088481.41,0,"{""601939.SH"": 8100.0, ""601988.SH"": 14516.0859}",0.0008754043935,-0.09065218191
2023-02-02,V23 60d risk-adjusted momentum Top2,92386.32437,94215.04544,266.6886835,2,1174.670249,654.0508229,2180169.41,0,"{""601288.SH"": 15700.0, ""601988.SH"": 14416.0859}",-0.002411635827,-0.09284519769
2023-02-03,V23 60d risk-adjusted momentum Top2,92229.32437,94058.04544,266.6886835,2,1174.670249,654.0508229,2180169.41,0,"{""601288.SH"": 15700.0, ""601988.SH"": 14416.0859}",-0.001699385716,-0.0943868036
2023-02-06,V23 60d risk-adjusted momentum Top2,92242.16351,94070.88458,266.6886835,2,1174.670249,654.0508229,2180169.41,0,"{""601288.SH"": 15700.0, ""601988.SH"": 14416.0859}",0.0001392088823,-0.0942607342
2023-02-07,V23 60d risk-adjusted momentum Top2,92098.00265,93926.72372,266.6886835,2,1174.670249,654.0508229,2180169.41,0,"{""601288.SH"": 15700.0, ""601988.SH"": 14416.0859}",-0.001562852099,-0.09567627071
2023-02-08,V23 60d risk-adjusted momentum Top2,92242.16351,94070.88458,266.6886835,2,1174.670249,654.0508229,2180169.41,0,"{""601288.SH"": 15700.0, ""601988.SH"": 14416.0859}",0.001565298429,-0.0942607342
2023-02-09,V23 60d risk-adjusted momentum Top2,92543.32437,94372.04544,266.6886835,2,1174.670249,654.0508229,2180169.41,0,"{""601288.SH"": 15700.0, ""601988.SH"": 14416.0859}",0.003264893703,-0.09130359177
2023-02-10,V23 60d risk-adjusted momentum Top2,92831.64609,94660.36716,266.6886835,2,1174.670249,654.0508229,2180169.41,0,"{""601288.SH"": 15700.0, ""601988.SH"": 14416.0859}",0.003115532316,-0.08847251875
2023-02-13,V23 60d risk-adjusted momentum Top2,92386.32437,94215.04544,266.6886835,2,1174.670249,654.0508229,2180169.41,0,"{""601288.SH"": 15700.0, ""601988.SH"": 14416.0859}",-0.004797089532,-0.09284519769
2023-02-14,V23 60d risk-adjusted momentum Top2,92085.16351,93913.88458,266.6886835,2,1174.670249,654.0508229,2180169.41,0,"{""601288.SH"": 15700.0, ""601988.SH"": 14416.0859}",-0.00325979912,-0.09580234011
2023-02-15,V23 60d risk-adjusted momentum Top2,92085.16351,93913.88458,266.6886835,2,1174.670249,654.0508229,2180169.41,0,"{""601288.SH"": 15700.0, ""601988.SH"": 14416.0859}",0,-0.09580234011
2023-02-16,V23 60d risk-adjusted momentum Top2,92229.32437,94058.04544,266.6886835,2,1174.670249,654.0508229,2180169.41,0,"{""601288.SH"": 15700.0, ""601988.SH"": 14416.0859}",0.001565516673,-0.0943868036
2023-02-17,V23 60d risk-adjusted momentum Top2,92530.48523,94359.2063,266.6886835,2,1174.670249,654.0508229,2180169.41,0,"{""601288.SH"": 15700.0, ""601988.SH"": 14416.0859}",0.003265348206,-0.09142966117
2023-02-20,V23 60d risk-adjusted momentum Top2,93132.80695,94961.52802,266.6886835,2,1174.670249,654.0508229,2180169.41,0,"{""601288.SH"": 15700.0, ""601988.SH"": 14416.0859}",0.00650944082,-0.08551537632
2023-02-21,V23 60d risk-adjusted momentum Top2,93132.80695,94961.52802,266.6886835,2,1174.670249,654.0508229,2180169.41,0,"{""601288.SH"": 15700.0, ""601988.SH"": 14416.0859}",0,-0.08551537632
2023-02-22,V23 60d risk-adjusted momentum Top2,92831.64609,94660.36716,266.6886835,2,1174.670249,654.0508229,2180169.41,0,"{""601288.SH"": 15700.0, ""601988.SH"": 14416.0859}",-0.00323367102,-0.08847251875
2023-02-23,V23 60d risk-adjusted momentum Top2,92831.64609,94660.36716,266.6886835,2,1174.670249,654.0508229,2180169.41,0,"{""601288.SH"": 15700.0, ""601988.SH"": 14416.0859}",0,-0.08847251875
2023-02-24,V23 60d risk-adjusted momentum Top2,92530.48523,94359.2063,266.6886835,2,1174.670249,654.0508229,2180169.41,0,"{""601288.SH"": 15700.0, ""601988.SH"": 14416.0859}",-0.003244161571,-0.09142966117
2023-02-27,V23 60d risk-adjusted momentum Top2,92386.32437,94215.04544,266.6886835,2,1174.670249,654.0508229,2180169.41,0,"{""601288.SH"": 15700.0, ""601988.SH"": 14416.0859}",-0.001557982307,-0.09284519769
2023-02-28,V23 60d risk-adjusted momentum Top2,92831.64609,94660.36716,266.6886835,2,1174.670249,654.0508229,2180169.41,0,"{""601288.SH"": 15700.0, ""601988.SH"": 14416.0859}",0.004820212523,-0.08847251875
2023-03-01,V23 60d risk-adjusted momentum Top2,92975.80695,94804.52802,266.6886835,2,1174.670249,654.0508229,2180169.41,0,"{""601288.SH"": 15700.0, ""601988.SH"": 14416.0859}",0.001552927961,-0.08705698224
2023-03-02,V23 60d risk-adjusted momentum Top2,93264.12866,95092.84974,266.6886835,2,1174.670249,654.0508229,2180169.41,0,"{""601288.SH"": 15700.0, ""601988.SH"": 14416.0859}",0.003101040229,-0.08422590921
2023-03-03,V23 60d risk-adjusted momentum Top2,94612.93296,96441.65403,266.6886835,2,1174.670249,654.0508229,2180169.41,0,"{""601288.SH"": 15700.0, ""601988.SH"": 14416.0859}",0.01446219799,-0.07098180299
2023-03-06,V23 60d risk-adjusted momentum Top2,94455.93296,96284.65403,266.6886835,2,1174.670249,654.0508229,2180169.41,0,"{""601288.SH"": 15700.0, ""601988.SH"": 14416.0859}",-0.001659392591,-0.07252340891
2023-03-07,V23 60d risk-adjusted momentum Top2,95673.41553,97502.13661,266.6886835,2,1174.670249,654.0508229,2180169.41,0,"{""601288.SH"": 15700.0, ""601988.SH"": 14416.0859}",0.01288942408,-0.0605687698
2023-03-08,V23 60d risk-adjusted momentum Top2,95686.25468,97514.97575,266.6886835,2,1174.670249,654.0508229,2180169.41,0,"{""601288.SH"": 15700.0, ""601988.SH"": 14416.0859}",0.0001341975834,-0.0604427004
2023-03-09,V23 60d risk-adjusted momentum Top2,95817.57639,97646.29746,266.6886835,2,1174.670249,654.0508229,2180169.41,0,"{""601288.SH"": 15700.0, ""601988.SH"": 14416.0859}",0.001372419875,-0.05915323329
2023-03-10,V23 60d risk-adjusted momentum Top2,94625.7721,96454.49317,266.6886835,2,1174.670249,654.0508229,2180169.41,0,"{""601288.SH"": 15700.0, ""601988.SH"": 14416.0859}",-0.01243826382,-0.07085573359
2023-03-13,V23 60d risk-adjusted momentum Top2,95385.09382,97213.81489,266.6886835,2,1174.670249,654.0508229,2180169.41,0,"{""601288.SH"": 15700.0, ""601988.SH"": 14416.0859}",0.00802447051,-0.06339984283
2023-03-14,V23 60d risk-adjusted momentum Top2,95529.25468,97357.97575,266.6886835,2,1174.670249,654.0508229,2180169.41,0,"{""601288.SH"": 15700.0, ""601988.SH"": 14416.0859}",0.001511356262,-0.06198430632
2023-03-15,V23 60d risk-adjusted momentum Top2,96865.21983,98693.9409,266.6886835,2,1174.670249,654.0508229,2180169.41,0,"{""601288.SH"": 15700.0, ""601988.SH"": 14416.0859}",0.01398487989,-0.0488662695
2023-03-16,V23 60d risk-adjusted momentum Top2,98777.82842,100606.5495,266.6886835,2,1174.670249,654.0508229,2180169.41,0,"{""601288.SH"": 15700.0, ""601988.SH"": 14416.0859}",0.01974504979,-0.03008608664
2023-03-17,V23 60d risk-adjusted momentum Top2,98790.66756,100619.3886,266.6886835,2,1174.670249,654.0508229,2180169.41,0,"{""601288.SH"": 15700.0, ""601988.SH"": 14416.0859}",0.0001299799902,-0.02996001724
2023-03-20,V23 60d risk-adjusted momentum Top2,99537.15013,101365.8712,266.6886835,2,1174.670249,654.0508229,2180169.41,0,"{""601288.SH"": 15700.0, ""601988.SH"": 14416.0859}",0.007556205408,-0.02263019587
2023-03-21,V23 60d risk-adjusted momentum Top2,97598.86326,99427.58434,266.6886835,2,1174.670249,654.0508229,2180169.41,0,"{""601288.SH"": 15700.0, ""601988.SH"": 14416.0859}",-0.01947299946,-0.04166251754
2023-03-22,V23 60d risk-adjusted momentum Top2,98371.02412,100199.7452,266.6886835,2,1174.670249,654.0508229,2180169.41,0,"{""601288.SH"": 15700.0, ""601988.SH"": 14416.0859}",0.007911576355,-0.03408055737
2023-03-23,V23 60d risk-adjusted momentum Top2,98960.5067,100789.2278,266.6886835,2,1174.670249,654.0508229,2180169.41,0,"{""601288.SH"": 15700.0, ""601988.SH"": 14416.0859}",0.005992441186,-0.02829234192
2023-03-24,V23 60d risk-adjusted momentum Top2,97166.38069,98995.10176,266.6886835,2,1174.670249,654.0508229,2180169.41,0,"{""601288.SH"": 15700.0, ""601988.SH"": 14416.0859}",-0.01812971732,-0.04590912708
2023-03-27,V23 60d risk-adjusted momentum Top2,96589.73725,98418.45832,266.6886835,2,1174.670249,654.0508229,2180169.41,0,"{""601288.SH"": 15700.0, ""601988.SH"": 14416.0859}",-0.005934598276,-0.05157127313
2023-03-28,V23 60d risk-adjusted momentum Top2,97506.05897,99334.78004,266.6886835,2,1174.670249,654.0508229,2180169.41,0,"{""601288.SH"": 15700.0, ""601988.SH"": 14416.0859}",0.009486739935,-0.04257377645
2023-03-29,V23 60d risk-adjusted momentum Top2,97807.21983,99635.9409,266.6886835,2,1174.670249,654.0508229,2180169.41,0,"{""601288.SH"": 15700.0, ""601988.SH"": 14416.0859}",0.003088637383,-0.03961663402
2023-03-30,V23 60d risk-adjusted momentum Top2,97794.38069,99623.10176,266.6886835,2,1174.670249,654.0508229,2180169.41,0,"{""601288.SH"": 15700.0, ""601988.SH"": 14416.0859}",-0.0001312698714,-0.03974270342
2023-03-31,V23 60d risk-adjusted momentum Top2,97820.05897,99648.78004,266.6886835,2,1174.670249,654.0508229,2180169.41,0,"{""601288.SH"": 15700.0, ""601988.SH"": 14416.0859}",0.0002625742108,-0.03949056462
2023-04-03,V23 60d risk-adjusted momentum Top2,97374.73725,99203.45832,266.6886835,2,1174.670249,654.0508229,2180169.41,0,"{""601288.SH"": 15700.0, ""601988.SH"": 14416.0859}",-0.004552458078,-0.04386324356
2023-04-04,V23 60d risk-adjusted momentum Top2,99035.41909,100942.6192,575.4190864,2,1224.11611,683.0839858,2276946.619,0,"{""601288.SH"": 15700.0, ""601939.SH"": 8100.0}",0.01705454496,-0.02755676626
2023-04-06,V23 60d risk-adjusted momentum Top2,99425.41909,101332.6192,575.4190864,2,1224.11611,683.0839858,2276946.619,0,"{""601288.SH"": 15700.0, ""601939.SH"": 8100.0}",0.003937985052,-0.02372729934
2023-04-07,V23 60d risk-adjusted momentum Top2,99430.41909,101337.6192,575.4190864,2,1224.11611,683.0839858,2276946.619,0,"{""601288.SH"": 15700.0, ""601939.SH"": 8100.0}",5.028895071e-05,-0.02367820361
2023-04-10,V23 60d risk-adjusted momentum Top2,99349.41909,101256.6192,575.4190864,2,1224.11611,683.0839858,2276946.619,0,"{""601288.SH"": 15700.0, ""601939.SH"": 8100.0}",-0.0008146400341,-0.02447355443
2023-04-11,V23 60d risk-adjusted momentum Top2,100139.4191,102046.6192,575.4190864,2,1224.11611,683.0839858,2276946.619,0,"{""601288.SH"": 15700.0, ""601939.SH"": 8100.0}",0.007951732454,-0.01671642914
2023-04-12,V23 60d risk-adjusted momentum Top2,101182.4191,103089.6192,575.4190864,2,1224.11611,683.0839858,2276946.619,0,"{""601288.SH"": 15700.0, ""601939.SH"": 8100.0}",0.01041547883,-0.006475059915
2023-04-13,V23 60d risk-adjusted momentum Top2,101663.4191,103570.6192,575.4190864,2,1224.11611,683.0839858,2276946.619,0,"{""601288.SH"": 15700.0, ""601939.SH"": 8100.0}",0.004753790276,-0.001752050715
2023-04-14,V23 60d risk-adjusted momentum Top2,101425.4191,103332.6192,575.4190864,2,1224.11611,683.0839858,2276946.619,0,"{""601288.SH"": 15700.0, ""601939.SH"": 8100.0}",-0.002341058388,-0.00408900745
2023-04-17,V23 60d risk-adjusted momentum Top2,103415.4191,105322.6192,575.4190864,2,1224.11611,683.0839858,2276946.619,0,"{""601288.SH"": 15700.0, ""601939.SH"": 8100.0}",0.0196203281,0
2023-04-18,V23 60d risk-adjusted momentum Top2,104443.4191,106350.6192,575.4190864,2,1224.11611,683.0839858,2276946.619,0,"{""601288.SH"": 15700.0, ""601939.SH"": 8100.0}",0.009940490587,0
2023-04-19,V23 60d risk-adjusted momentum Top2,104757.4191,106664.6192,575.4190864,2,1224.11611,683.0839858,2276946.619,0,"{""601288.SH"": 15700.0, ""601939.SH"": 8100.0}",0.003006412493,0
2023-04-20,V23 60d risk-adjusted momentum Top2,104595.4191,106502.6192,575.4190864,2,1224.11611,683.0839858,2276946.619,0,"{""601288.SH"": 15700.0, ""601939.SH"": 8100.0}",-0.001546429851,-0.001546429851
2023-04-21,V23 60d risk-adjusted momentum Top2,103562.4191,105469.6192,575.4190864,2,1224.11611,683.0839858,2276946.619,0,"{""601288.SH"": 15700.0, ""601939.SH"": 8100.0}",-0.009876149539,-0.01140730662
2023-04-24,V23 60d risk-adjusted momentum Top2,104195.4191,106102.6192,575.4190864,2,1224.11611,683.0839858,2276946.619,0,"{""601288.SH"": 15700.0, ""601939.SH"": 8100.0}",0.006112255832,-0.005364775162
2023-04-25,V23 60d risk-adjusted momentum Top2,105947.4191,107854.6192,575.4190864,2,1224.11611,683.0839858,2276946.619,0,"{""601288.SH"": 15700.0, ""601939.SH"": 8100.0}",0.01681455879,0
2023-04-26,V23 60d risk-adjusted momentum Top2,105233.4191,107140.6192,575.4190864,2,1224.11611,683.0839858,2276946.619,0,"{""601288.SH"": 15700.0, ""601939.SH"": 8100.0}",-0.006739192008,-0.006739192008
2023-04-27,V23 60d risk-adjusted momentum Top2,105461.4191,107368.6192,575.4190864,2,1224.11611,683.0839858,2276946.619,0,"{""601288.SH"": 15700.0, ""601939.SH"": 8100.0}",0.002166612108,-0.004587181115
2023-04-28,V23 60d risk-adjusted momentum Top2,105380.4191,107287.6192,575.4190864,2,1224.11611,683.0839858,2276946.619,0,"{""601288.SH"": 15700.0, ""601939.SH"": 8100.0}",-0.0007680533858,-0.005351711301
2023-05-04,V23 60d risk-adjusted momentum Top2,109836.4191,111743.6192,575.4190864,2,1224.11611,683.0839858,2276946.619,0,"{""601288.SH"": 15700.0, ""601939.SH"": 8100.0}",0.04228489542,0
2023-05-05,V23 60d risk-adjusted momentum Top2,111519.1395,113437.6192,327.1395373,2,1234.678359,683.8012858,2279337.619,0,"{""601288.SH"": 15400.0, ""601939.SH"": 8300.0}",0.01532024136,0
2023-05-08,V23 60d risk-adjusted momentum Top2,118582.1395,120500.6192,327.1395373,2,1234.678359,683.8012858,2279337.619,0,"{""601288.SH"": 15400.0, ""601939.SH"": 8300.0}",0.06333441981,0
2023-05-09,V23 60d risk-adjusted momentum Top2,117326.1395,119244.6192,327.1395373,2,1234.678359,683.8012858,2279337.619,0,"{""601288.SH"": 15400.0, ""601939.SH"": 8300.0}",-0.01059181429,-0.01059181429
2023-05-10,V23 60d risk-adjusted momentum Top2,110867.1395,112785.6192,327.1395373,2,1234.678359,683.8012858,2279337.619,0,"{""601288.SH"": 15400.0, ""601939.SH"": 8300.0}",-0.05505167071,-0.06506038793
2023-05-11,V23 60d risk-adjusted momentum Top2,109895.1395,111813.6192,327.1395373,2,1234.678359,683.8012858,2279337.619,0,"{""601288.SH"": 15400.0, ""601939.SH"": 8300.0}",-0.008767250639,-0.07325723784
2023-05-12,V23 60d risk-adjusted momentum Top2,109184.1395,111102.6192,327.1395373,2,1234.678359,683.8012858,2279337.619,0,"{""601288.SH"": 15400.0, ""601939.SH"": 8300.0}",-0.006469803878,-0.07925308176
2023-05-15,V23 60d risk-adjusted momentum Top2,110405.1395,112323.6192,327.1395373,2,1234.678359,683.8012858,2279337.619,0,"{""601288.SH"": 15400.0, ""601939.SH"": 8300.0}",0.01118294292,-0.06895642153
2023-05-16,V23 60d risk-adjusted momentum Top2,110962.1395,112880.6192,327.1395373,2,1234.678359,683.8012858,2279337.619,0,"{""601288.SH"": 15400.0, ""601939.SH"": 8300.0}",0.005045054989,-0.06425925548
2023-05-17,V23 60d risk-adjusted momentum Top2,110073.1395,111991.6192,327.1395373,2,1234.678359,683.8012858,2279337.619,0,"{""601288.SH"": 15400.0, ""601939.SH"": 8300.0}",-0.008011741696,-0.07175616862
2023-05-18,V23 60d risk-adjusted momentum Top2,112929.1395,114847.6192,327.1395373,2,1234.678359,683.8012858,2279337.619,0,"{""601288.SH"": 15400.0, ""601939.SH"": 8300.0}",0.02594638449,-0.04767159727
2023-05-19,V23 60d risk-adjusted momentum Top2,111270.1395,113188.6192,327.1395373,2,1234.678359,683.8012858,2279337.619,0,"{""601288.SH"": 15400.0, ""601939.SH"": 8300.0}",-0.01469062818,-0.06166189975
2023-05-22,V23 60d risk-adjusted momentum Top2,111448.1395,113366.6192,327.1395373,2,1234.678359,683.8012858,2279337.619,0,"{""601288.SH"": 15400.0, ""601939.SH"": 8300.0}",0.001599710405,-0.06016083053
2023-05-23,V23 60d risk-adjusted momentum Top2,108177.1395,110095.6192,327.1395373,2,1234.678359,683.8012858,2279337.619,0,"{""601288.SH"": 15400.0, ""601939.SH"": 8300.0}",-0.02934997402,-0.08774508573
2023-05-24,V23 60d risk-adjusted momentum Top2,105131.1395,107049.6192,327.1395373,2,1234.678359,683.8012858,2279337.619,0,"{""601288.SH"": 15400.0, ""601939.SH"": 8300.0}",-0.02815752028,-0.113431922
2023-05-25,V23 60d risk-adjusted momentum Top2,104846.1395,106764.6192,327.1395373,2,1234.678359,683.8012858,2279337.619,0,"{""601288.SH"": 15400.0, ""601939.SH"": 8300.0}",-0.002710899941,-0.1158353193
2023-05-26,V23 60d risk-adjusted momentum Top2,106932.1395,108850.6192,327.1395373,2,1234.678359,683.8012858,2279337.619,0,"{""601288.SH"": 15400.0, ""601939.SH"": 8300.0}",0.01989582076,-0.09824413732
2023-05-29,V23 60d risk-adjusted momentum Top2,109018.1395,110936.6192,327.1395373,2,1234.678359,683.8012858,2279337.619,0,"{""601288.SH"": 15400.0, ""601939.SH"": 8300.0}",0.01950769908,-0.0806529553
2023-05-30,V23 60d risk-adjusted momentum Top2,107845.1395,109763.6192,327.1395373,2,1234.678359,683.8012858,2279337.619,0,"{""601288.SH"": 15400.0, ""601939.SH"": 8300.0}",-0.01075967729,-0.09054483282
2023-05-31,V23 60d risk-adjusted momentum Top2,107655.1395,109573.6192,327.1395373,2,1234.678359,683.8012858,2279337.619,0,"{""601288.SH"": 15400.0, ""601939.SH"": 8300.0}",-0.001761785471,-0.09214709772
2023-06-01,V23 60d risk-adjusted momentum Top2,106575.3495,108493.8292,327.1395373,2,1234.678359,683.8012858,2279337.619,0,"{""601288.SH"": 15400.0, ""601939.SH"": 8301.6003}",-0.01003008344,-0.1012529381
2023-06-02,V23 60d risk-adjusted momentum Top2,106053.7998,108057.7971,254.7997514,2,1288.521154,715.4762391,2384920.797,0,"{""601288.SH"": 15400.0, ""601988.SH"": 13500.0}",-0.004893718449,-0.1056511532
2023-06-05,V23 60d risk-adjusted momentum Top2,108808.7998,110812.7971,254.7997514,2,1288.521154,715.4762391,2384920.797,0,"{""601288.SH"": 15400.0, ""601988.SH"": 13500.0}",0.02597738135,-0.0824183121
2023-06-06,V23 60d risk-adjusted momentum Top2,108943.7998,110947.7971,254.7997514,2,1288.521154,715.4762391,2384920.797,0,"{""601288.SH"": 15400.0, ""601988.SH"": 13500.0}",0.001240708475,-0.08127986072
2023-06-07,V23 60d risk-adjusted momentum Top2,110542.7998,112546.7971,254.7997514,2,1288.521154,715.4762391,2384920.797,0,"{""601288.SH"": 15400.0, ""601988.SH"": 13500.0}",0.01467729236,-0.06779553664
2023-06-08,V23 60d risk-adjusted momentum Top2,113413.7998,115417.7971,254.7997514,2,1288.521154,715.4762391,2384920.797,0,"{""601288.SH"": 15400.0, ""601988.SH"": 13500.0}",0.02597184083,-0.0435844707
2023-06-09,V23 60d risk-adjusted momentum Top2,112681.7998,114685.7971,254.7997514,2,1288.521154,715.4762391,2384920.797,0,"{""601288.SH"": 15400.0, ""601988.SH"": 13500.0}",-0.006454241032,-0.04975740705
2023-06-12,V23 60d risk-adjusted momentum Top2,111158.7998,113162.7971,254.7997514,2,1288.521154,715.4762391,2384920.797,0,"{""601288.SH"": 15400.0, ""601988.SH"": 13500.0}",-0.01351593605,-0.06260082517
2023-06-13,V23 60d risk-adjusted momentum Top2,111582.7998,113586.7971,254.7997514,2,1288.521154,715.4762391,2384920.797,0,"{""601288.SH"": 15400.0, ""601988.SH"": 13500.0}",0.003814362884,-0.05902524455
2023-06-14,V23 60d risk-adjusted momentum Top2,109078.7998,111082.7971,254.7997514,2,1288.521154,715.4762391,2384920.797,0,"{""601288.SH"": 15400.0, ""601988.SH"": 13500.0}",-0.02244073464,-0.08014140935
2023-06-15,V23 60d risk-adjusted momentum Top2,109829.7998,111833.7971,254.7997514,2,1288.521154,715.4762391,2384920.797,0,"{""601288.SH"": 15400.0, ""601988.SH"": 13500.0}",0.00688493091,-0.0738082465
2023-06-16,V23 60d risk-adjusted momentum Top2,108846.7998,110850.7971,254.7997514,2,1288.521154,715.4762391,2384920.797,0,"{""601288.SH"": 15400.0, ""601988.SH"": 13500.0}",-0.008950212076,-0.08209785912
2023-06-19,V23 60d risk-adjusted momentum Top2,107112.7998,109116.7971,254.7997514,2,1288.521154,715.4762391,2384920.797,0,"{""601288.SH"": 15400.0, ""601988.SH"": 13500.0}",-0.01593064752,-0.09672063458
2023-06-20,V23 60d risk-adjusted momentum Top2,106399.7998,108403.7971,254.7997514,2,1288.521154,715.4762391,2384920.797,0,"{""601288.SH"": 15400.0, ""601988.SH"": 13500.0}",-0.006656534062,-0.1027333444
2023-06-21,V23 60d risk-adjusted momentum Top2,106996.7998,109000.7971,254.7997514,2,1288.521154,715.4762391,2384920.797,0,"{""601288.SH"": 15400.0, ""601988.SH"": 13500.0}",0.005610912816,-0.09769885947
2023-06-26,V23 60d risk-adjusted momentum Top2,104722.7998,106726.7971,254.7997514,2,1288.521154,715.4762391,2384920.797,0,"{""601288.SH"": 15400.0, ""601988.SH"": 13500.0}",-0.0212529721,-0.1168754404
2023-06-27,V23 60d risk-adjusted momentum Top2,106726.7998,108730.7971,254.7997514,2,1288.521154,715.4762391,2384920.797,0,"{""601288.SH"": 15400.0, ""601988.SH"": 13500.0}",0.01913623399,-0.09997576222
2023-06-28,V23 60d risk-adjusted momentum Top2,106707.7998,108711.7971,254.7997514,2,1288.521154,715.4762391,2384920.797,0,"{""601288.SH"": 15400.0, ""601988.SH"": 13500.0}",-0.000178024639,-0.1001359887
2023-06-29,V23 60d risk-adjusted momentum Top2,106110.7998,108114.7971,254.7997514,2,1288.521154,715.4762391,2384920.797,0,"{""601288.SH"": 15400.0, ""601988.SH"": 13500.0}",-0.00559471755,-0.1051704737
2023-06-30,V23 60d risk-adjusted momentum Top2,107401.7998,109405.7971,254.7997514,2,1288.521154,715.4762391,2384920.797,0,"{""601288.SH"": 15400.0, ""601988.SH"": 13500.0}",0.01216652785,-0.09428350534
2023-07-03,V23 60d risk-adjusted momentum Top2,109732.7998,111736.7971,254.7997514,2,1288.521154,715.4762391,2384920.797,0,"{""601288.SH"": 15400.0, ""601988.SH"": 13500.0}",0.02170354692,-0.0746262449
2023-07-04,V23 60d risk-adjusted momentum Top2,107987.9667,110002.7971,171.9666598,2,1298.898245,715.9322391,2386440.797,0,"{""601288.SH"": 15200.0, ""601988.SH"": 13700.0}",-0.0159007434,-0.08934037553
2023-07-05,V23 60d risk-adjusted momentum Top2,107835.9667,109850.7971,171.9666598,2,1298.898245,715.9322391,2386440.797,0,"{""601288.SH"": 15200.0, ""601988.SH"": 13700.0}",-0.001407564238,-0.09062218745
2023-07-06,V23 60d risk-adjusted momentum Top2,106816.9667,108831.7971,171.9666598,2,1298.898245,715.9322391,2386440.797,0,"{""601288.SH"": 15200.0, ""601988.SH"": 13700.0}",-0.0094495374,-0.0992153871
2023-07-07,V23 60d risk-adjusted momentum Top2,106831.9667,108846.7971,171.9666598,2,1298.898245,715.9322391,2386440.797,0,"{""601288.SH"": 15200.0, ""601988.SH"": 13700.0}",0.0001404271294,-0.0990888925
2023-07-10,V23 60d risk-adjusted momentum Top2,106816.9667,108831.7971,171.9666598,2,1298.898245,715.9322391,2386440.797,0,"{""601288.SH"": 15200.0, ""601988.SH"": 13700.0}",-0.0001404074124,-0.0992153871
2023-07-11,V23 60d risk-adjusted momentum Top2,107668.9667,109683.7971,171.9666598,2,1298.898245,715.9322391,2386440.797,0,"{""601288.SH"": 15200.0, ""601988.SH"": 13700.0}",0.00797626095,-0.09203049397
2023-07-12,V23 60d risk-adjusted momentum Top2,107972.9667,109987.7971,171.9666598,2,1298.898245,715.9322391,2386440.797,0,"{""601288.SH"": 15200.0, ""601988.SH"": 13700.0}",0.002823469096,-0.08946687013
2023-07-13,V23 60d risk-adjusted momentum Top2,109706.9667,111721.7971,171.9666598,2,1298.898245,715.9322391,2386440.797,0,"{""601288.SH"": 15200.0, ""601988.SH"": 13700.0}",0.01605957541,-0.07484409467
2023-07-14,V23 60d risk-adjusted momentum Top2,109706.9667,111721.7971,171.9666598,2,1298.898245,715.9322391,2386440.797,0,"{""601288.SH"": 15200.0, ""601988.SH"": 13700.0}",0,-0.07484409467
2023-07-17,V23 60d risk-adjusted momentum Top2,110004.7261,112019.5566,171.9666598,2,1298.898245,715.9322391,2386440.797,0,"{""601288.SH"": 15200.0, ""601988.SH"": 14538.1325}",0.002714134195,-0.07233309739
2023-07-18,V23 60d risk-adjusted momentum Top2,109111.1161,111125.9466,171.9666598,2,1298.898245,715.9322391,2386440.797,0,"{""601288.SH"": 16177.2582, ""601988.SH"": 14538.1325}",-0.008123377769,-0.07986888608
2023-07-19,V23 60d risk-adjusted momentum Top2,109256.4975,111271.328,171.9666598,2,1298.898245,715.9322391,2386440.797,0,"{""601288.SH"": 16177.2582, ""601988.SH"": 14538.1325}",0.001332415338,-0.07864288927
2023-07-20,V23 60d risk-adjusted momentum Top2,109725.424,111740.2544,171.9666598,2,1298.898245,715.9322391,2386440.797,0,"{""601288.SH"": 16177.2582, ""601988.SH"": 14538.1325}",0.004291978055,-0.07468844477
2023-07-21,V23 60d risk-adjusted momentum Top2,109709.0327,111723.8632,171.9666598,2,1298.898245,715.9322391,2386440.797,0,"{""601288.SH"": 16177.2582, ""601988.SH"": 14538.1325}",-0.0001493843179,-0.07482667181
2023-07-24,V23 60d risk-adjusted momentum Top2,109596.4339,111611.2644,171.9666598,2,1298.898245,715.9322391,2386440.797,0,"{""601288.SH"": 16177.2582, ""601988.SH"": 14538.1325}",-0.001026340373,-0.07577621455
2023-07-25,V23 60d risk-adjusted momentum Top2,112020.8826,114035.7131,171.9666598,2,1298.898245,715.9322391,2386440.797,0,"{""601288.SH"": 16177.2582, ""601988.SH"": 14538.1325}",0.02212160246,-0.05533090338
2023-07-26,V23 60d risk-adjusted momentum Top2,111568.3474,113583.1779,171.9666598,2,1298.898245,715.9322391,2386440.797,0,"{""601288.SH"": 16177.2582, ""601988.SH"": 14538.1325}",-0.004039739924,-0.05914712085
2023-07-27,V23 60d risk-adjusted momentum Top2,112975.1269,114989.9574,171.9666598,2,1298.898245,715.9322391,2386440.797,0,"{""601288.SH"": 16177.2582, ""601988.SH"": 14538.1325}",0.01260912706,-0.04728378735
2023-07-28,V23 60d risk-adjusted momentum Top2,115415.9669,117430.7974,171.9666598,2,1298.898245,715.9322391,2386440.797,0,"{""601288.SH"": 16177.2582, ""601988.SH"": 14538.1325}",0.02160510961,-0.02670024914
2023-07-31,V23 60d risk-adjusted momentum Top2,115577.7394,117592.5699,171.9666598,2,1298.898245,715.9322391,2386440.797,0,"{""601288.SH"": 16177.2582, ""601988.SH"": 14538.1325}",0.001401648201,-0.0253360253
2023-08-01,V23 60d risk-adjusted momentum Top2,116030.2747,118045.1052,171.9666598,2,1298.898245,715.9322391,2386440.797,0,"{""601288.SH"": 16177.2582, ""601988.SH"": 14538.1325}",0.003915418609,-0.02151980784
2023-08-02,V23 60d risk-adjusted momentum Top2,112606.9968,114719.6902,19.8204062,2,1362.292435,750.4009541,2501336.514,0,"{""601288.SH"": 15977.2582, ""601398.SH"": 12100.0}",-0.02950331607,-0.05038821821
2023-08-03,V23 60d risk-adjusted momentum Top2,113851.0871,115963.7805,19.8204062,2,1362.292435,750.4009541,2501336.514,0,"{""601288.SH"": 15977.2582, ""601398.SH"": 12100.0}",0.01104807307,-0.03989683785
2023-08-04,V23 60d risk-adjusted momentum Top2,114093.0871,116205.7805,19.8204062,2,1362.292435,750.4009541,2501336.514,0,"{""601288.SH"": 15977.2582, ""601398.SH"": 12100.0}",0.002125583568,-0.03785605835
2023-08-07,V23 60d risk-adjusted momentum Top2,113410.542,115523.2354,19.8204062,2,1362.292435,750.4009541,2501336.514,0,"{""601288.SH"": 15977.2582, ""601398.SH"": 12100.0}",-0.005982353373,-0.0436119434
2023-08-08,V23 60d risk-adjusted momentum Top2,112727.9968,114840.6902,19.8204062,2,1362.292435,750.4009541,2501336.514,0,"{""601288.SH"": 15977.2582, ""601398.SH"": 12100.0}",-0.006018357313,-0.04936782846
2023-08-09,V23 60d risk-adjusted momentum Top2,113250.7694,115363.4628,19.8204062,2,1362.292435,750.4009541,2501336.514,0,"{""601288.SH"": 15977.2582, ""601398.SH"": 12100.0}",0.004637468926,-0.0449593013
2023-08-10,V23 60d risk-adjusted momentum Top2,113008.7694,115121.4628,19.8204062,2,1362.292435,750.4009541,2501336.514,0,"{""601288.SH"": 15977.2582, ""601398.SH"": 12100.0}",-0.002136850825,-0.04700008081
2023-08-11,V23 60d risk-adjusted momentum Top2,111082.1339,113194.8273,19.8204062,2,1362.292435,750.4009541,2501336.514,0,"{""601288.SH"": 15977.2582, ""601398.SH"": 12100.0}",-0.01704854857,-0.06324734622
2023-08-14,V23 60d risk-adjusted momentum Top2,109838.0436,111950.737,19.8204062,2,1362.292435,750.4009541,2501336.514,0,"{""601288.SH"": 15977.2582, ""601398.SH"": 12100.0}",-0.0111997338,-0.07373872658
2023-08-15,V23 60d risk-adjusted momentum Top2,111924.4516,114037.145,19.8204062,2,1362.292435,750.4009541,2501336.514,0,"{""601288.SH"": 15977.2582, ""601398.SH"": 12100.0}",0.01899531354,-0.05614410327
2023-08-16,V23 60d risk-adjusted momentum Top2,111924.4516,114037.145,19.8204062,2,1362.292435,750.4009541,2501336.514,0,"{""601288.SH"": 15977.2582, ""601398.SH"": 12100.0}",0,-0.05614410327
2023-08-17,V23 60d risk-adjusted momentum Top2,111120.9065,113233.5999,19.8204062,2,1362.292435,750.4009541,2501336.514,0,"{""601288.SH"": 15977.2582, ""601398.SH"": 12100.0}",-0.007179353152,-0.06292037807
2023-08-18,V23 60d risk-adjusted momentum Top2,111561.4516,113674.145,19.8204062,2,1362.292435,750.4009541,2501336.514,0,"{""601288.SH"": 15977.2582, ""601398.SH"": 12100.0}",0.003964556974,-0.05920527252
2023-08-21,V23 60d risk-adjusted momentum Top2,109997.8162,112110.5095,19.8204062,2,1362.292435,750.4009541,2501336.514,0,"{""601288.SH"": 15977.2582, ""601398.SH"": 12100.0}",-0.01401591205,-0.07239136868
2023-08-22,V23 60d risk-adjusted momentum Top2,111522.6791,113635.3725,19.8204062,2,1362.292435,750.4009541,2501336.514,0,"{""601288.SH"": 15977.2582, ""601398.SH"": 12100.0}",0.01386266532,-0.05953224067
2023-08-23,V23 60d risk-adjusted momentum Top2,111764.6791,113877.3725,19.8204062,2,1362.292435,750.4009541,2501336.514,0,"{""601288.SH"": 15977.2582, ""601398.SH"": 12100.0}",0.002169962218,-0.05749146117
2023-08-24,V23 60d risk-adjusted momentum Top2,110999.9065,113112.5999,19.8204062,2,1362.292435,750.4009541,2501336.514,0,"{""601288.SH"": 15977.2582, ""601398.SH"": 12100.0}",-0.006842703694,-0.06394076783
2023-08-25,V23 60d risk-adjusted momentum Top2,112006.6791,114119.3725,19.8204062,2,1362.292435,750.4009541,2501336.514,0,"{""601288.SH"": 15977.2582, ""601398.SH"": 12100.0}",0.009070030906,-0.05545068166
2023-08-28,V23 60d risk-adjusted momentum Top2,113812.3146,115925.008,19.8204062,2,1362.292435,750.4009541,2501336.514,0,"{""601288.SH"": 15977.2582, ""601398.SH"": 12100.0}",0.01612078413,-0.040223806
2023-08-29,V23 60d risk-adjusted momentum Top2,111643.6791,113756.3725,19.8204062,2,1362.292435,750.4009541,2501336.514,0,"{""601288.SH"": 15977.2582, ""601398.SH"": 12100.0}",-0.01905448898,-0.05851185092
2023-08-30,V23 60d risk-adjusted momentum Top2,111159.6791,113272.3725,19.8204062,2,1362.292435,750.4009541,2501336.514,0,"{""601288.SH"": 15977.2582, ""601398.SH"": 12100.0}",-0.004335220803,-0.06259340993
2023-08-31,V23 60d risk-adjusted momentum Top2,111203.1339,113315.8273,19.8204062,2,1362.292435,750.4009541,2501336.514,0,"{""601288.SH"": 15977.2582, ""601398.SH"": 12100.0}",0.0003909226407,-0.06222695647
2023-09-01,V23 60d risk-adjusted momentum Top2,110278.5887,112391.2821,19.8204062,2,1362.292435,750.4009541,2501336.514,0,"{""601288.SH"": 15977.2582, ""601398.SH"": 12100.0}",-0.008314020768,-0.07002362103
2023-09-04,V23 60d risk-adjusted momentum Top2,111097.113,113299.3725,292.2543071,2,1418.716334,783.5431541,2611810.514,0,"{""601288.SH"": 15977.2582, ""601988.SH"": 14800.0}",0.007422331386,-0.06312102816
2023-09-05,V23 60d risk-adjusted momentum Top2,110321.7952,112524.0547,292.2543071,2,1418.716334,783.5431541,2611810.514,0,"{""601288.SH"": 15977.2582, ""601988.SH"": 14800.0}",-0.006978738928,-0.06965926191
2023-09-06,V23 60d risk-adjusted momentum Top2,110481.5678,112683.8273,292.2543071,2,1418.716334,783.5431541,2611810.514,0,"{""601288.SH"": 15977.2582, ""601988.SH"": 14800.0}",0.00144824132,-0.06831190401
2023-09-07,V23 60d risk-adjusted momentum Top2,110481.5678,112683.8273,292.2543071,2,1418.716334,783.5431541,2611810.514,0,"{""601288.SH"": 15977.2582, ""601988.SH"": 14800.0}",0,-0.06831190401
2023-09-08,V23 60d risk-adjusted momentum Top2,109877.7952,112080.0547,292.2543071,2,1418.716334,783.5431541,2611810.514,0,"{""601288.SH"": 15977.2582, ""601988.SH"": 14800.0}",-0.005464916858,-0.073403502
2023-09-11,V23 60d risk-adjusted momentum Top2,109866.0226,112068.2821,292.2543071,2,1418.716334,783.5431541,2611810.514,0,"{""601288.SH"": 15977.2582, ""601988.SH"": 14800.0}",-0.0001071425062,-0.07350277987
2023-09-12,V23 60d risk-adjusted momentum Top2,109570.0226,111772.2821,292.2543071,2,1418.716334,783.5431541,2611810.514,0,"{""601288.SH"": 15977.2582, ""601988.SH"": 14800.0}",-0.00269419055,-0.07599893992
2023-09-13,V23 60d risk-adjusted momentum Top2,110025.7952,112228.0547,292.2543071,2,1418.716334,783.5431541,2611810.514,0,"{""601288.SH"": 15977.2582, ""601988.SH"": 14800.0}",0.004159646693,-0.07215542197
2023-09-14,V23 60d risk-adjusted momentum Top2,111416.6581,113618.9176,292.2543071,2,1418.716334,783.5431541,2611810.514,0,"{""601288.SH"": 15977.2582, ""601988.SH"": 14800.0}",0.01264124389,-0.06042631236
2023-09-15,V23 60d risk-adjusted momentum Top2,110493.3404,112695.5999,292.2543071,2,1418.716334,783.5431541,2611810.514,0,"{""601288.SH"": 15977.2582, ""601988.SH"": 14800.0}",-0.008287070915,-0.06821262614
2023-09-18,V23 60d risk-adjusted momentum Top2,110493.3404,112695.5999,292.2543071,2,1418.716334,783.5431541,2611810.514,0,"{""601288.SH"": 15977.2582, ""601988.SH"": 14800.0}",0,-0.06821262614
2023-09-19,V23 60d risk-adjusted momentum Top2,111895.9759,114098.2354,292.2543071,2,1418.716334,783.5431541,2611810.514,0,"{""601288.SH"": 15977.2582, ""601988.SH"": 14800.0}",0.01269429894,-0.05638423867
2023-09-20,V23 60d risk-adjusted momentum Top2,113434.8388,115637.0983,292.2543071,2,1418.716334,783.5431541,2611810.514,0,"{""601288.SH"": 15977.2582, ""601988.SH"": 14800.0}",0.01375262068,-0.04340704903
2023-09-21,V23 60d risk-adjusted momentum Top2,112819.2936,115021.5531,292.2543071,2,1418.716334,783.5431541,2611810.514,0,"{""601288.SH"": 15977.2582, ""601988.SH"": 14800.0}",-0.005426420765,-0.04859792489
2023-09-22,V23 60d risk-adjusted momentum Top2,113742.6114,115944.8709,292.2543071,2,1418.716334,783.5431541,2611810.514,0,"{""601288.SH"": 15977.2582, ""601988.SH"": 14800.0}",0.008184041199,-0.04081161111
2023-09-25,V23 60d risk-adjusted momentum Top2,114369.9291,116572.1886,292.2543071,2,1418.716334,783.5431541,2611810.514,0,"{""601288.SH"": 15977.2582, ""601988.SH"": 14800.0}",0.005515239535,-0.03552145738
2023-09-26,V23 60d risk-adjusted momentum Top2,114073.9291,116276.1886,292.2543071,2,1418.716334,783.5431541,2611810.514,0,"{""601288.SH"": 15977.2582, ""601988.SH"": 14800.0}",-0.002588092887,-0.03801761744
2023-09-27,V23 60d risk-adjusted momentum Top2,112523.2936,114725.5531,292.2543071,2,1418.716334,783.5431541,2611810.514,0,"{""601288.SH"": 15977.2582, ""601988.SH"": 14800.0}",-0.0135932505,-0.05109408494
2023-09-28,V23 60d risk-adjusted momentum Top2,113606.384,115808.6434,292.2543071,2,1418.716334,783.5431541,2611810.514,0,"{""601288.SH"": 15977.2582, ""601988.SH"": 14800.0}",0.009625476597,-0.04196041327
2023-10-09,V23 60d risk-adjusted momentum Top2,113458.384,115660.6434,292.2543071,2,1418.716334,783.5431541,2611810.514,0,"{""601288.SH"": 15977.2582, ""601988.SH"": 14800.0}",-0.001302743691,-0.04320849329
2023-10-10,V23 60d risk-adjusted momentum Top2,113339.9436,115638.416,44.04141648,2,1481.062825,817.4095541,2724698.514,0,"{""601288.SH"": 15777.2582, ""601939.SH"": 9000.0}",-0.001043909707,-0.04420729723
2023-10-11,V23 60d risk-adjusted momentum Top2,114691.034,116989.5064,44.04141648,2,1481.062825,817.4095541,2724698.514,0,"{""601288.SH"": 15777.2582, ""601939.SH"": 9000.0}",0.01192068997,-0.03281358875
2023-10-12,V23 60d risk-adjusted momentum Top2,116536.5791,118835.0515,44.04141648,2,1481.062825,817.4095541,2724698.514,0,"{""601288.SH"": 15777.2582, ""601939.SH"": 9000.0}",0.0160914511,-0.01725015591
2023-10-13,V23 60d risk-adjusted momentum Top2,119215.4421,121513.9144,44.04141648,2,1481.062825,817.4095541,2724698.514,0,"{""601288.SH"": 15777.2582, ""601939.SH"": 9000.0}",0.02298731378,0
2023-10-16,V23 60d risk-adjusted momentum Top2,118877.6695,121176.1419,44.04141648,2,1481.062825,817.4095541,2724698.514,0,"{""601288.SH"": 15777.2582, ""601939.SH"": 9000.0}",-0.002833295558,-0.002833295558
2023-10-17,V23 60d risk-adjusted momentum Top2,119305.4421,121603.9144,44.04141648,2,1481.062825,817.4095541,2724698.514,0,"{""601288.SH"": 15777.2582, ""601939.SH"": 9000.0}",0.003598426721,0
2023-10-18,V23 60d risk-adjusted momentum Top2,119800.9872,122099.4596,44.04141648,2,1481.062825,817.4095541,2724698.514,0,"{""601288.SH"": 15777.2582, ""601939.SH"": 9000.0}",0.004153583912,0
2023-10-19,V23 60d risk-adjusted momentum Top2,117526.5791,119825.0515,44.04141648,2,1481.062825,817.4095541,2724698.514,0,"{""601288.SH"": 15777.2582, ""601939.SH"": 9000.0}",-0.01898488593,-0.01898488593
2023-10-20,V23 60d risk-adjusted momentum Top2,116738.8066,119037.2789,44.04141648,2,1481.062825,817.4095541,2724698.514,0,"{""601288.SH"": 15777.2582, ""601939.SH"": 9000.0}",-0.00670293127,-0.02556056281
2023-10-23,V23 60d risk-adjusted momentum Top2,116131.034,118429.5064,44.04141648,2,1481.062825,817.4095541,2724698.514,0,"{""601288.SH"": 15777.2582, ""601939.SH"": 9000.0}",-0.005206260028,-0.03063374791
2023-10-24,V23 60d risk-adjusted momentum Top2,114622.1711,116920.6434,44.04141648,2,1481.062825,817.4095541,2724698.514,0,"{""601288.SH"": 15777.2582, ""601939.SH"": 9000.0}",-0.01299276223,-0.04322849313
2023-10-25,V23 60d risk-adjusted momentum Top2,113631.0807,115929.5531,44.04141648,2,1481.062825,817.4095541,2724698.514,0,"{""601288.SH"": 15777.2582, ""601939.SH"": 9000.0}",-0.008646584864,-0.05150129916
2023-10-26,V23 60d risk-adjusted momentum Top2,115657.7162,117956.1886,44.04141648,2,1481.062825,817.4095541,2724698.514,0,"{""601288.SH"": 15777.2582, ""601939.SH"": 9000.0}",0.0178352215,-0.03458461474
2023-10-27,V23 60d risk-adjusted momentum Top2,115365.4888,117663.9612,44.04141648,2,1481.062825,817.4095541,2724698.514,0,"{""601288.SH"": 15777.2582, ""601939.SH"": 9000.0}",-0.00252665734,-0.03702388861
2023-10-30,V23 60d risk-adjusted momentum Top2,112281.0807,114579.5531,44.04141648,2,1481.062825,817.4095541,2724698.514,0,"{""601288.SH"": 15777.2582, ""601939.SH"": 9000.0}",-0.02673596851,-0.0627699876
2023-10-31,V23 60d risk-adjusted momentum Top2,113114.3985,115412.8709,44.04141648,2,1481.062825,817.4095541,2724698.514,0,"{""601288.SH"": 15777.2582, ""601939.SH"": 9000.0}",0.007421711134,-0.05581413718
2023-11-01,V23 60d risk-adjusted momentum Top2,113677.7162,115976.1886,44.04141648,2,1481.062825,817.4095541,2724698.514,0,"{""601288.SH"": 15777.2582, ""601939.SH"": 9000.0}",0.004980071102,-0.05111202445
2023-11-02,V23 60d risk-adjusted momentum Top2,114282.9358,116673.9612,340.9357797,2,1539.369824,851.6555884,2838851.961,0,"{""601398.SH"": 11900.0, ""601939.SH"": 9000.0}",0.005323994616,-0.04606014998
2023-11-03,V23 60d risk-adjusted momentum Top2,113446.9358,115837.9612,340.9357797,2,1539.369824,851.6555884,2838851.961,0,"{""601398.SH"": 11900.0, ""601939.SH"": 9000.0}",-0.007315177846,-0.05303838964
2023-11-06,V23 60d risk-adjusted momentum Top2,112189.9358,114580.9612,340.9357797,2,1539.369824,851.6555884,2838851.961,0,"{""601398.SH"": 11900.0, ""601939.SH"": 9000.0}",-0.01108007009,-0.06353079065
2023-11-07,V23 60d risk-adjusted momentum Top2,112758.9358,115149.9612,340.9357797,2,1539.369824,851.6555884,2838851.961,0,"{""601398.SH"": 11900.0, ""601939.SH"": 9000.0}",0.005071756179,-0.05878124715
2023-11-08,V23 60d risk-adjusted momentum Top2,112729.9358,115120.9612,340.9357797,2,1539.369824,851.6555884,2838851.961,0,"{""601398.SH"": 11900.0, ""601939.SH"": 9000.0}",-0.0002571858257,-0.05902331528
2023-11-09,V23 60d risk-adjusted momentum Top2,114642.9358,117033.9612,340.9357797,2,1539.369824,851.6555884,2838851.961,0,"{""601398.SH"": 11900.0, ""601939.SH"": 9000.0}",0.0169697604,-0.0430551664
2023-11-10,V23 60d risk-adjusted momentum Top2,114912.9358,117303.9612,340.9357797,2,1539.369824,851.6555884,2838851.961,0,"{""601398.SH"": 11900.0, ""601939.SH"": 9000.0}",0.002355138571,-0.04080142871
2023-11-13,V23 60d risk-adjusted momentum Top2,114314.9358,116705.9612,340.9357797,2,1539.369824,851.6555884,2838851.961,0,"{""601398.SH"": 11900.0, ""601939.SH"": 9000.0}",-0.0052039398,-0.04579304033
2023-11-14,V23 60d risk-adjusted momentum Top2,114671.9358,117062.9612,340.9357797,2,1539.369824,851.6555884,2838851.961,0,"{""601398.SH"": 11900.0, ""601939.SH"": 9000.0}",0.003122951499,-0.04281309827
2023-11-15,V23 60d risk-adjusted momentum Top2,114581.9358,116972.9612,340.9357797,2,1539.369824,851.6555884,2838851.961,0,"{""601398.SH"": 11900.0, ""601939.SH"": 9000.0}",-0.000784847656,-0.04356434417
2023-11-16,V23 60d risk-adjusted momentum Top2,115060.9358,117451.9612,340.9357797,2,1539.369824,851.6555884,2838851.961,0,"{""601398.SH"": 11900.0, ""601939.SH"": 9000.0}",0.004180414624,-0.03956604657
2023-11-17,V23 60d risk-adjusted momentum Top2,114642.9358,117033.9612,340.9357797,2,1539.369824,851.6555884,2838851.961,0,"{""601398.SH"": 11900.0, ""601939.SH"": 9000.0}",-0.003632857643,-0.0430551664
2023-11-20,V23 60d risk-adjusted momentum Top2,115089.9358,117480.9612,340.9357797,2,1539.369824,851.6555884,2838851.961,0,"{""601398.SH"": 11900.0, ""601939.SH"": 9000.0}",0.003899062746,-0.03932397845
2023-11-21,V23 60d risk-adjusted momentum Top2,115179.9358,117570.9612,340.9357797,2,1539.369824,851.6555884,2838851.961,0,"{""601398.SH"": 11900.0, ""601939.SH"": 9000.0}",0.0007819971346,-0.03857273255
2023-11-22,V23 60d risk-adjusted momentum Top2,114790.9358,117181.9612,340.9357797,2,1539.369824,851.6555884,2838851.961,0,"{""601398.SH"": 11900.0, ""601939.SH"": 9000.0}",-0.003377324335,-0.04181978426
2023-11-23,V23 60d risk-adjusted momentum Top2,114700.9358,117091.9612,340.9357797,2,1539.369824,851.6555884,2838851.961,0,"{""601398.SH"": 11900.0, ""601939.SH"": 9000.0}",-0.0007840340301,-0.04257103015
2023-11-24,V23 60d risk-adjusted momentum Top2,115060.9358,117451.9612,340.9357797,2,1539.369824,851.6555884,2838851.961,0,"{""601398.SH"": 11900.0, ""601939.SH"": 9000.0}",0.003138596887,-0.03956604657
2023-11-27,V23 60d risk-adjusted momentum Top2,114462.9358,116853.9612,340.9357797,2,1539.369824,851.6555884,2838851.961,0,"{""601398.SH"": 11900.0, ""601939.SH"": 9000.0}",-0.005197246102,-0.04455765819
2023-11-28,V23 60d risk-adjusted momentum Top2,114671.9358,117062.9612,340.9357797,2,1539.369824,851.6555884,2838851.961,0,"{""601398.SH"": 11900.0, ""601939.SH"": 9000.0}",0.00182591857,-0.04281309827
2023-11-29,V23 60d risk-adjusted momentum Top2,114163.9358,116554.9612,340.9357797,2,1539.369824,851.6555884,2838851.961,0,"{""601398.SH"": 11900.0, ""601939.SH"": 9000.0}",-0.004430028991,-0.047053464
2023-11-30,V23 60d risk-adjusted momentum Top2,115179.9358,117570.9612,340.9357797,2,1539.369824,851.6555884,2838851.961,0,"{""601398.SH"": 11900.0, ""601939.SH"": 9000.0}",0.00889948295,-0.03857273255
2023-12-01,V23 60d risk-adjusted momentum Top2,114999.9358,117390.9612,340.9357797,2,1539.369824,851.6555884,2838851.961,0,"{""601398.SH"": 11900.0, ""601939.SH"": 9000.0}",-0.001562772186,-0.04007522434
2023-12-04,V23 60d risk-adjusted momentum Top2,114500.1892,117076.9612,126.1891563,2,1656.312347,920.4596884,3068198.961,0,"{""601288.SH"": 15700.0, ""601988.SH"": 14200.0}",-0.004345625239,-0.04424669767
2023-12-05,V23 60d risk-adjusted momentum Top2,113745.1892,116321.9612,126.1891563,2,1656.312347,920.4596884,3068198.961,0,"{""601288.SH"": 15700.0, ""601988.SH"": 14200.0}",-0.00659387557,-0.05054881602
2023-12-06,V23 60d risk-adjusted momentum Top2,111779.1892,114355.9612,126.1891563,2,1656.312347,920.4596884,3068198.961,0,"{""601288.SH"": 15700.0, ""601988.SH"": 14200.0}",-0.01728424749,-0.06695936527
2023-12-07,V23 60d risk-adjusted momentum Top2,112676.1892,115252.9612,126.1891563,2,1656.312347,920.4596884,3068198.961,0,"{""601288.SH"": 15700.0, ""601988.SH"": 14200.0}",0.008024749569,-0.05947194784
2023-12-08,V23 60d risk-adjusted momentum Top2,112123.1892,114699.9612,126.1891563,2,1656.312347,920.4596884,3068198.961,0,"{""601288.SH"": 15700.0, ""601988.SH"": 14200.0}",-0.004907869215,-0.06408793651
2023-12-11,V23 60d risk-adjusted momentum Top2,111525.1892,114101.9612,126.1891563,2,1656.312347,920.4596884,3068198.961,0,"{""601288.SH"": 15700.0, ""601988.SH"": 14200.0}",-0.005333419469,-0.06907954813
2023-12-12,V23 60d risk-adjusted momentum Top2,113476.1892,116052.9612,126.1891563,2,1656.312347,920.4596884,3068198.961,0,"{""601288.SH"": 15700.0, ""601988.SH"": 14200.0}",0.01749380579,-0.05279420654
2023-12-13,V23 60d risk-adjusted momentum Top2,113476.1892,116052.9612,126.1891563,2,1656.312347,920.4596884,3068198.961,0,"{""601288.SH"": 15700.0, ""601988.SH"": 14200.0}",0,-0.05279420654
2023-12-14,V23 60d risk-adjusted momentum Top2,113476.1892,116052.9612,126.1891563,2,1656.312347,920.4596884,3068198.961,0,"{""601288.SH"": 15700.0, ""601988.SH"": 14200.0}",0,-0.05279420654
2023-12-15,V23 60d risk-adjusted momentum Top2,111854.1892,114430.9612,126.1891563,2,1656.312347,920.4596884,3068198.961,0,"{""601288.SH"": 15700.0, ""601988.SH"": 14200.0}",-0.01429374754,-0.06633332702
2023-12-18,V23 60d risk-adjusted momentum Top2,113618.1892,116194.9612,126.1891563,2,1656.312347,920.4596884,3068198.961,0,"{""601288.SH"": 15700.0, ""601988.SH"": 14200.0}",0.01577053138,-0.05160890746
2023-12-19,V23 60d risk-adjusted momentum Top2,113648.1892,116224.9612,126.1891563,2,1656.312347,920.4596884,3068198.961,0,"{""601288.SH"": 15700.0, ""601988.SH"": 14200.0}",0.0002640422297,-0.05135849216
2023-12-20,V23 60d risk-adjusted momentum Top2,113775.1892,116351.9612,126.1891563,2,1656.312347,920.4596884,3068198.961,0,"{""601288.SH"": 15700.0, ""601988.SH"": 14200.0}",0.00111748371,-0.05029840073
2023-12-21,V23 60d risk-adjusted momentum Top2,113319.1892,115895.9612,126.1891563,2,1656.312347,920.4596884,3068198.961,0,"{""601288.SH"": 15700.0, ""601988.SH"": 14200.0}",-0.004007903686,-0.05410471327
2023-12-22,V23 60d risk-adjusted momentum Top2,113775.1892,116351.9612,126.1891563,2,1656.312347,920.4596884,3068198.961,0,"{""601288.SH"": 15700.0, ""601988.SH"": 14200.0}",0.004024031617,-0.05029840073
2023-12-25,V23 60d risk-adjusted momentum Top2,114672.1892,117248.9612,126.1891563,2,1656.312347,920.4596884,3068198.961,0,"{""601288.SH"": 15700.0, ""601988.SH"": 14200.0}",0.007883968435,-0.04281098329
2023-12-26,V23 60d risk-adjusted momentum Top2,114971.1892,117547.9612,126.1891563,2,1656.312347,920.4596884,3068198.961,0,"{""601288.SH"": 15700.0, ""601988.SH"": 14200.0}",0.002607432562,-0.04031517748
2023-12-27,V23 60d risk-adjusted momentum Top2,115569.1892,118145.9612,126.1891563,2,1656.312347,920.4596884,3068198.961,0,"{""601288.SH"": 15700.0, ""601988.SH"": 14200.0}",0.005201303078,-0.03532356586
2023-12-28,V23 60d risk-adjusted momentum Top2,113775.1892,116351.9612,126.1891563,2,1656.312347,920.4596884,3068198.961,0,"{""601288.SH"": 15700.0, ""601988.SH"": 14200.0}",-0.01552316853,-0.05029840073
2023-12-29,V23 60d risk-adjusted momentum Top2,113932.1892,116508.9612,126.1891563,2,1656.312347,920.4596884,3068198.961,0,"{""601288.SH"": 15700.0, ""601988.SH"": 14200.0}",0.001379914208,-0.048987894
2024-01-02,V23 60d risk-adjusted momentum Top2,114530.1892,117106.9612,126.1891563,2,1656.312347,920.4596884,3068198.961,0,"{""601288.SH"": 15700.0, ""601988.SH"": 14200.0}",0.005248736151,-0.04399628238
2024-01-03,V23 60d risk-adjusted momentum Top2,115770.0858,118444.9612,261.0857974,2,1719.914206,954.9611884,3183203.961,0,"{""601939.SH"": 8700.0, ""601988.SH"": 14300.0}",0.01082593725,-0.03364664612
2024-01-04,V23 60d risk-adjusted momentum Top2,117492.0858,120166.9612,261.0857974,2,1719.914206,954.9611884,3183203.961,0,"{""601939.SH"": 8700.0, ""601988.SH"": 14300.0}",0.01487430875,-0.01927280797
2024-01-05,V23 60d risk-adjusted momentum Top2,117032.0858,119706.9612,261.0857974,2,1719.914206,954.9611884,3183203.961,0,"{""601939.SH"": 8700.0, ""601988.SH"": 14300.0}",-0.003915157322,-0.02311250922
2024-01-08,V23 60d risk-adjusted momentum Top2,116833.0858,119507.9612,261.0857974,2,1719.914206,954.9611884,3183203.961,0,"{""601939.SH"": 8700.0, ""601988.SH"": 14300.0}",-0.00170038839,-0.02477359737
2024-01-09,V23 60d risk-adjusted momentum Top2,116833.0858,119507.9612,261.0857974,2,1719.914206,954.9611884,3183203.961,0,"{""601939.SH"": 8700.0, ""601988.SH"": 14300.0}",0,-0.02477359737
2024-01-10,V23 60d risk-adjusted momentum Top2,115279.0858,117953.9612,261.0857974,2,1719.914206,954.9611884,3183203.961,0,"{""601939.SH"": 8700.0, ""601988.SH"": 14300.0}",-0.01330102675,-0.03774510984
2024-01-11,V23 60d risk-adjusted momentum Top2,113725.0858,116399.9612,261.0857974,2,1719.914206,954.9611884,3183203.961,0,"{""601939.SH"": 8700.0, ""601988.SH"": 14300.0}",-0.01348032897,-0.05071662231
2024-01-12,V23 60d risk-adjusted momentum Top2,114875.0858,117549.9612,261.0857974,2,1719.914206,954.9611884,3183203.961,0,"{""601939.SH"": 8700.0, ""601988.SH"": 14300.0}",0.01011210492,-0.0411173692
2024-01-15,V23 60d risk-adjusted momentum Top2,115422.0858,118096.9612,261.0857974,2,1719.914206,954.9611884,3183203.961,0,"{""601939.SH"": 8700.0, ""601988.SH"": 14300.0}",0.004761693941,-0.03655146358
2024-01-16,V23 60d risk-adjusted momentum Top2,115969.0858,118643.9612,261.0857974,2,1719.914206,954.9611884,3183203.961,0,"{""601939.SH"": 8700.0, ""601988.SH"": 14300.0}",0.004739127665,-0.03198555797
2024-01-17,V23 60d risk-adjusted momentum Top2,114875.0858,117549.9612,261.0857974,2,1719.914206,954.9611884,3183203.961,0,"{""601939.SH"": 8700.0, ""601988.SH"": 14300.0}",-0.00943354854,-0.0411173692
2024-01-18,V23 60d risk-adjusted momentum Top2,114328.0858,117002.9612,261.0857974,2,1719.914206,954.9611884,3183203.961,0,"{""601939.SH"": 8700.0, ""601988.SH"": 14300.0}",-0.004761693941,-0.04568327481
2024-01-19,V23 60d risk-adjusted momentum Top2,113408.0858,116082.9612,261.0857974,2,1719.914206,954.9611884,3183203.961,0,"{""601939.SH"": 8700.0, ""601988.SH"": 14300.0}",-0.008047016563,-0.0533626773
2024-01-22,V23 60d risk-adjusted momentum Top2,113924.0858,116598.9612,261.0857974,2,1719.914206,954.9611884,3183203.961,0,"{""601939.SH"": 8700.0, ""601988.SH"": 14300.0}",0.004549940124,-0.04905553416
2024-01-23,V23 60d risk-adjusted momentum Top2,113812.0858,116486.9612,261.0857974,2,1719.914206,954.9611884,3183203.961,0,"{""601939.SH"": 8700.0, ""601988.SH"": 14300.0}",-0.0009831108077,-0.04999041795
2024-01-24,V23 60d risk-adjusted momentum Top2,116659.0858,119333.9612,261.0857974,2,1719.914206,954.9611884,3183203.961,0,"{""601939.SH"": 8700.0, ""601988.SH"": 14300.0}",0.02501491806,-0.0262260061
2024-01-25,V23 60d risk-adjusted momentum Top2,117896.0858,120570.9612,261.0857974,2,1719.914206,954.9611884,3183203.961,0,"{""601939.SH"": 8700.0, ""601988.SH"": 14300.0}",0.01060354615,-0.01590054862
2024-01-26,V23 60d risk-adjusted momentum Top2,120973.0858,123647.9612,261.0857974,2,1719.914206,954.9611884,3183203.961,0,"{""601939.SH"": 8700.0, ""601988.SH"": 14300.0}",0.02609925494,0
2024-01-29,V23 60d risk-adjusted momentum Top2,121781.0858,124455.9612,261.0857974,2,1719.914206,954.9611884,3183203.961,0,"{""601939.SH"": 8700.0, ""601988.SH"": 14300.0}",0.006679171608,0
2024-01-30,V23 60d risk-adjusted momentum Top2,120569.0858,123243.9612,261.0857974,2,1719.914206,954.9611884,3183203.961,0,"{""601939.SH"": 8700.0, ""601988.SH"": 14300.0}",-0.009952284397,-0.009952284397
2024-01-31,V23 60d risk-adjusted momentum Top2,121719.0858,124393.9612,261.0857974,2,1719.914206,954.9611884,3183203.961,0,"{""601939.SH"": 8700.0, ""601988.SH"": 14300.0}",0.009538100023,-0.0005091102579
2024-02-01,V23 60d risk-adjusted momentum Top2,120830.0858,123504.9612,261.0857974,2,1719.914206,954.9611884,3183203.961,0,"{""601939.SH"": 8700.0, ""601988.SH"": 14300.0}",-0.007303702572,-0.00780909444
2024-02-02,V23 60d risk-adjusted momentum Top2,121923.3292,124701.9612,538.3291891,2,1787.062715,991.5692884,3305230.961,0,"{""601398.SH"": 11700.0, ""601939.SH"": 8800.0}",0.009047774687,0
2024-02-05,V23 60d risk-adjusted momentum Top2,124295.3292,127073.9612,538.3291891,2,1787.062715,991.5692884,3305230.961,0,"{""601398.SH"": 11700.0, ""601939.SH"": 8800.0}",0.01945484934,0
2024-02-06,V23 60d risk-adjusted momentum Top2,124822.3292,127600.9612,538.3291891,2,1787.062715,991.5692884,3305230.961,0,"{""601398.SH"": 11700.0, ""601939.SH"": 8800.0}",0.004239901881,0
2024-02-07,V23 60d risk-adjusted momentum Top2,122273.3292,125051.9612,538.3291891,2,1787.062715,991.5692884,3305230.961,0,"{""601398.SH"": 11700.0, ""601939.SH"": 8800.0}",-0.02042102576,-0.02042102576
2024-02-08,V23 60d risk-adjusted momentum Top2,120750.3292,123528.9612,538.3291891,2,1787.062715,991.5692884,3305230.961,0,"{""601398.SH"": 11700.0, ""601939.SH"": 8800.0}",-0.01245570077,-0.03262236834
2024-02-19,V23 60d risk-adjusted momentum Top2,124149.3292,126927.9612,538.3291891,2,1787.062715,991.5692884,3305230.961,0,"{""601398.SH"": 11700.0, ""601939.SH"": 8800.0}",0.02814899158,-0.00539166353
2024-02-20,V23 60d risk-adjusted momentum Top2,125701.3292,128479.9612,538.3291891,2,1787.062715,991.5692884,3305230.961,0,"{""601398.SH"": 11700.0, ""601939.SH"": 8800.0}",0.01250107439,0
2024-02-21,V23 60d risk-adjusted momentum Top2,126843.3292,129621.9612,538.3291891,2,1787.062715,991.5692884,3305230.961,0,"{""601398.SH"": 11700.0, ""601939.SH"": 8800.0}",0.009085027242,0
2024-02-22,V23 60d risk-adjusted momentum Top2,126872.3292,129650.9612,538.3291891,2,1787.062715,991.5692884,3305230.961,0,"{""601398.SH"": 11700.0, ""601939.SH"": 8800.0}",0.0002286284993,0
2024-02-23,V23 60d risk-adjusted momentum Top2,127926.3292,130704.9612,538.3291891,2,1787.062715,991.5692884,3305230.961,0,"{""601398.SH"": 11700.0, ""601939.SH"": 8800.0}",0.008307564043,0
2024-02-26,V23 60d risk-adjusted momentum Top2,124030.3292,126808.9612,538.3291891,2,1787.062715,991.5692884,3305230.961,0,"{""601398.SH"": 11700.0, ""601939.SH"": 8800.0}",-0.03045502849,-0.03045502849
2024-02-27,V23 60d risk-adjusted momentum Top2,124060.3292,126838.9612,538.3291891,2,1787.062715,991.5692884,3305230.961,0,"{""601398.SH"": 11700.0, ""601939.SH"": 8800.0}",0.0002418763233,-0.03022051852
2024-02-28,V23 60d risk-adjusted momentum Top2,124059.3292,126837.9612,538.3291891,2,1787.062715,991.5692884,3305230.961,0,"{""601398.SH"": 11700.0, ""601939.SH"": 8800.0}",-8.060594443e-06,-0.03022833552
2024-02-29,V23 60d risk-adjusted momentum Top2,124499.3292,127277.9612,538.3291891,2,1787.062715,991.5692884,3305230.961,0,"{""601398.SH"": 11700.0, ""601939.SH"": 8800.0}",0.003546690143,-0.02678885591
2024-03-01,V23 60d risk-adjusted momentum Top2,124880.3292,127658.9612,538.3291891,2,1787.062715,991.5692884,3305230.961,0,"{""601398.SH"": 11700.0, ""601939.SH"": 8800.0}",0.003060257453,-0.02381057926
2024-03-04,V23 60d risk-adjusted momentum Top2,124458.1896,127336.9612,310.1896455,2,1850.098258,1028.673288,3428910.961,0,"{""601288.SH"": 14600.0, ""601398.SH"": 11700.0}",-0.003380352585,-0.02711044369
2024-03-05,V23 60d risk-adjusted momentum Top2,127556.1896,130434.9612,310.1896455,2,1850.098258,1028.673288,3428910.961,0,"{""601288.SH"": 14600.0, ""601398.SH"": 11700.0}",0.02489189349,-0.002893380479
2024-03-06,V23 60d risk-adjusted momentum Top2,125101.1896,127979.9612,310.1896455,2,1850.098258,1028.673288,3428910.961,0,"{""601288.SH"": 14600.0, ""601398.SH"": 11700.0}",-0.01924642,-0.02208411327
2024-03-07,V23 60d risk-adjusted momentum Top2,125744.1896,128622.9612,310.1896455,2,1850.098258,1028.673288,3428910.961,0,"{""601288.SH"": 14600.0, ""601398.SH"": 11700.0}",0.005139839212,-0.01705778285
2024-03-08,V23 60d risk-adjusted momentum Top2,125715.1896,128593.9612,310.1896455,2,1850.098258,1028.673288,3428910.961,-1.455191523e-11,"{""601288.SH"": 14600.0, ""601398.SH"": 11700.0}",-0.0002306269584,-0.01728447582
2024-03-11,V23 60d risk-adjusted momentum Top2,125043.1896,127921.9612,310.1896455,2,1850.098258,1028.673288,3428910.961,0,"{""601288.SH"": 14600.0, ""601398.SH"": 11700.0}",-0.00534541611,-0.02253749921
2024-03-12,V23 60d risk-adjusted momentum Top2,121594.1896,124472.9612,310.1896455,2,1850.098258,1028.673288,3428910.961,0,"{""601288.SH"": 14600.0, ""601398.SH"": 11700.0}",-0.02758246978,-0.04949832911
2024-03-13,V23 60d risk-adjusted momentum Top2,120951.1896,123829.9612,310.1896455,2,1850.098258,1028.673288,3428910.961,0,"{""601288.SH"": 14600.0, ""601398.SH"": 11700.0}",-0.005288081625,-0.05452465953
2024-03-14,V23 60d risk-adjusted momentum Top2,121769.1896,124647.9612,310.1896455,2,1850.098258,1028.673288,3428910.961,0,"{""601288.SH"": 14600.0, ""601398.SH"": 11700.0}",0.006763058738,-0.04813035426
2024-03-15,V23 60d risk-adjusted momentum Top2,122003.1896,124881.9612,310.1896455,2,1850.098258,1028.673288,3428910.961,0,"{""601288.SH"": 14600.0, ""601398.SH"": 11700.0}",0.001921668369,-0.04630117648
2024-03-18,V23 60d risk-adjusted momentum Top2,121214.1896,124092.9612,310.1896455,2,1850.098258,1028.673288,3428910.961,0,"{""601288.SH"": 14600.0, ""601398.SH"": 11700.0}",-0.006467044036,-0.05246878876
2024-03-19,V23 60d risk-adjusted momentum Top2,120279.1896,123157.9612,310.1896455,2,1850.098258,1028.673288,3428910.961,0,"{""601288.SH"": 14600.0, ""601398.SH"": 11700.0}",-0.00771361837,-0.05977768292
2024-03-20,V23 60d risk-adjusted momentum Top2,121448.1896,124326.9612,310.1896455,2,1850.098258,1028.673288,3428910.961,0,"{""601288.SH"": 14600.0, ""601398.SH"": 11700.0}",0.009719054505,-0.05063961097
2024-03-21,V23 60d risk-adjusted momentum Top2,121828.1896,124706.9612,310.1896455,2,1850.098258,1028.673288,3428910.961,0,"{""601288.SH"": 14600.0, ""601398.SH"": 11700.0}",0.003128906253,-0.04766915132
2024-03-22,V23 60d risk-adjusted momentum Top2,122763.1896,125641.9612,310.1896455,2,1850.098258,1028.673288,3428910.961,0,"{""601288.SH"": 14600.0, ""601398.SH"": 11700.0}",0.007674742625,-0.04036025716
2024-03-25,V23 60d risk-adjusted momentum Top2,123669.1896,126547.9612,310.1896455,2,1850.098258,1028.673288,3428910.961,0,"{""601288.SH"": 14600.0, ""601398.SH"": 11700.0}",0.0073800624,-0.03327805598
2024-03-26,V23 60d risk-adjusted momentum Top2,124429.1896,127307.9612,310.1896455,2,1850.098258,1028.673288,3428910.961,0,"{""601288.SH"": 14600.0, ""601398.SH"": 11700.0}",0.006145427185,-0.02733713666
2024-03-27,V23 60d risk-adjusted momentum Top2,125510.1896,128388.9612,310.1896455,2,1850.098258,1028.673288,3428910.961,0,"{""601288.SH"": 14600.0, ""601398.SH"": 11700.0}",0.008687672106,-0.01888696064
2024-03-28,V23 60d risk-adjusted momentum Top2,122617.1896,125495.9612,310.1896455,2,1850.098258,1028.673288,3428910.961,0,"{""601288.SH"": 14600.0, ""601398.SH"": 11700.0}",-0.02304992135,-0.04150153903
2024-03-29,V23 60d risk-adjusted momentum Top2,123844.1896,126722.9612,310.1896455,2,1850.098258,1028.673288,3428910.961,0,"{""601288.SH"": 14600.0, ""601398.SH"": 11700.0}",0.01000675357,-0.03191008113
2024-04-01,V23 60d risk-adjusted momentum Top2,123961.1896,126839.9612,310.1896455,2,1850.098258,1028.673288,3428910.961,0,"{""601288.SH"": 14600.0, ""601398.SH"": 11700.0}",0.0009447354804,-0.03099549224
2024-04-02,V23 60d risk-adjusted momentum Top2,125130.1896,128008.9612,310.1896455,2,1850.098258,1028.673288,3428910.961,0,"{""601288.SH"": 14600.0, ""601398.SH"": 11700.0}",0.009430370936,-0.02185742029
2024-04-03,V23 60d risk-adjusted momentum Top2,125305.1896,128183.9612,310.1896455,2,1850.098258,1028.673288,3428910.961,0,"{""601288.SH"": 14600.0, ""601398.SH"": 11700.0}",0.001398543393,-0.02048944545
2024-04-08,V23 60d risk-adjusted momentum Top2,126854.1896,129732.9612,310.1896455,2,1850.098258,1028.673288,3428910.961,0,"{""601288.SH"": 14600.0, ""601398.SH"": 11700.0}",0.01236181841,-0.008380913846
2024-04-09,V23 60d risk-adjusted momentum Top2,125159.1896,128037.9612,310.1896455,2,1850.098258,1028.673288,3428910.961,0,"{""601288.SH"": 14600.0, ""601398.SH"": 11700.0}",-0.01336179755,-0.02163072732
2024-04-10,V23 60d risk-adjusted momentum Top2,125422.1896,128300.9612,310.1896455,2,1850.098258,1028.673288,3428910.961,0,"{""601288.SH"": 14600.0, ""601398.SH"": 11700.0}",0.002101323928,-0.01957485656
2024-04-11,V23 60d risk-adjusted momentum Top2,124896.1896,127774.9612,310.1896455,2,1850.098258,1028.673288,3428910.961,0,"{""601288.SH"": 14600.0, ""601398.SH"": 11700.0}",-0.004193835249,-0.02368659808
2024-04-12,V23 60d risk-adjusted momentum Top2,125042.1896,127920.9612,310.1896455,2,1850.098258,1028.673288,3428910.961,0,"{""601288.SH"": 14600.0, ""601398.SH"": 11700.0}",0.00116897081,-0.02254531621
2024-04-15,V23 60d risk-adjusted momentum Top2,127526.1896,130404.9612,310.1896455,2,1850.098258,1028.673288,3428910.961,0,"{""601288.SH"": 14600.0, ""601398.SH"": 11700.0}",0.01986529512,-0.003127890452
2024-04-16,V23 60d risk-adjusted momentum Top2,128987.1896,131865.9612,310.1896455,2,1850.098258,1028.673288,3428910.961,0,"{""601288.SH"": 14600.0, ""601398.SH"": 11700.0}",0.01145647027,0
2024-04-17,V23 60d risk-adjusted momentum Top2,129776.1896,132654.9612,310.1896455,2,1850.098258,1028.673288,3428910.961,0,"{""601288.SH"": 14600.0, ""601398.SH"": 11700.0}",0.006116886508,0
2024-04-18,V23 60d risk-adjusted momentum Top2,130448.1896,133326.9612,310.1896455,2,1850.098258,1028.673288,3428910.961,0,"{""601288.SH"": 14600.0, ""601398.SH"": 11700.0}",0.005178145558,0
2024-04-19,V23 60d risk-adjusted momentum Top2,131529.1896,134407.9612,310.1896455,2,1850.098258,1028.673288,3428910.961,0,"{""601288.SH"": 14600.0, ""601398.SH"": 11700.0}",0.008286814887,0
2024-04-22,V23 60d risk-adjusted momentum Top2,130126.1896,133004.9612,310.1896455,2,1850.098258,1028.673288,3428910.961,0,"{""601288.SH"": 14600.0, ""601398.SH"": 11700.0}",-0.01066683376,-0.01066683376
2024-04-23,V23 60d risk-adjusted momentum Top2,130360.1896,133238.9612,310.1896455,2,1850.098258,1028.673288,3428910.961,0,"{""601288.SH"": 14600.0, ""601398.SH"": 11700.0}",0.001798254453,-0.008887760984
2024-04-24,V23 60d risk-adjusted momentum Top2,129863.1896,132741.9612,310.1896455,2,1850.098258,1028.673288,3428910.961,0,"{""601288.SH"": 14600.0, ""601398.SH"": 11700.0}",-0.003812513631,-0.01266638991
2024-04-25,V23 60d risk-adjusted momentum Top2,130973.1896,133851.9612,310.1896455,2,1850.098258,1028.673288,3428910.961,0,"{""601288.SH"": 14600.0, ""601398.SH"": 11700.0}",0.008547456774,-0.004227198552
2024-04-26,V23 60d risk-adjusted momentum Top2,128460.1896,131338.9612,310.1896455,2,1850.098258,1028.673288,3428910.961,0,"{""601288.SH"": 14600.0, ""601398.SH"": 11700.0}",-0.01918713293,-0.02333322366
2024-04-29,V23 60d risk-adjusted momentum Top2,127642.1896,130520.9612,310.1896455,2,1850.098258,1028.673288,3428910.961,0,"{""601288.SH"": 14600.0, ""601398.SH"": 11700.0}",-0.00636773153,-0.02955237549
2024-04-30,V23 60d risk-adjusted momentum Top2,128081.1896,130959.9612,310.1896455,2,1850.098258,1028.673288,3428910.961,0,"{""601288.SH"": 14600.0, ""601398.SH"": 11700.0}",0.003439301701,-0.02621471332
2024-05-06,V23 60d risk-adjusted momentum Top2,126649.1896,129527.9612,310.1896455,2,1850.098258,1028.673288,3428910.961,0,"{""601288.SH"": 14600.0, ""601398.SH"": 11700.0}",-0.01118040833,-0.03710203046
2024-05-07,V23 60d risk-adjusted momentum Top2,127438.1896,130316.9612,310.1896455,2,1850.098258,1028.673288,3428910.961,0,"{""601288.SH"": 14600.0, ""601398.SH"": 11700.0}",0.006229806935,-0.03110336201
2024-05-08,V23 60d risk-adjusted momentum Top2,128285.1896,131163.9612,310.1896455,2,1850.098258,1028.673288,3428910.961,0,"{""601288.SH"": 14600.0, ""601398.SH"": 11700.0}",0.006646359324,-0.0246637268
2024-05-09,V23 60d risk-adjusted momentum Top2,127204.1896,130082.9612,310.1896455,2,1850.098258,1028.673288,3428910.961,0,"{""601288.SH"": 14600.0, ""601398.SH"": 11700.0}",-0.008426537802,-0.03288243478
2024-05-10,V23 60d risk-adjusted momentum Top2,127292.1896,130170.9612,310.1896455,2,1850.098258,1028.673288,3428910.961,0,"{""601288.SH"": 14600.0, ""601398.SH"": 11700.0}",0.0006918011132,-0.03221338177
2024-05-13,V23 60d risk-adjusted momentum Top2,127555.1896,130433.9612,310.1896455,2,1850.098258,1028.673288,3428910.961,0,"{""601288.SH"": 14600.0, ""601398.SH"": 11700.0}",0.002066112624,-0.03021382562
2024-05-14,V23 60d risk-adjusted momentum Top2,126503.1896,129381.9612,310.1896455,2,1850.098258,1028.673288,3428910.961,0,"{""601288.SH"": 14600.0, ""601398.SH"": 11700.0}",-0.008247410418,-0.03821205022
2024-05-15,V23 60d risk-adjusted momentum Top2,126620.1896,129498.9612,310.1896455,2,1850.098258,1028.673288,3428910.961,0,"{""601288.SH"": 14600.0, ""601398.SH"": 11700.0}",0.0009248778654,-0.03732251383
2024-05-16,V23 60d risk-adjusted momentum Top2,127117.1896,129995.9612,310.1896455,2,1850.098258,1028.673288,3428910.961,0,"{""601288.SH"": 14600.0, ""601398.SH"": 11700.0}",0.003925124432,-0.03354388491
2024-05-17,V23 60d risk-adjusted momentum Top2,128257.1896,131135.9612,310.1896455,2,1850.098258,1028.673288,3428910.961,0,"{""601288.SH"": 14600.0, ""601398.SH"": 11700.0}",0.008968102608,-0.02487660731
2024-05-20,V23 60d risk-adjusted momentum Top2,127994.1896,130872.9612,310.1896455,2,1850.098258,1028.673288,3428910.961,0,"{""601288.SH"": 14600.0, ""601398.SH"": 11700.0}",-0.002050567307,-0.02687616345
2024-05-21,V23 60d risk-adjusted momentum Top2,129046.1896,131924.9612,310.1896455,2,1850.098258,1028.673288,3428910.961,0,"{""601288.SH"": 14600.0, ""601398.SH"": 11700.0}",0.008219123094,-0.01887793886
2024-05-22,V23 60d risk-adjusted momentum Top2,129309.1896,132187.9612,310.1896455,2,1850.098258,1028.673288,3428910.961,0,"{""601288.SH"": 14600.0, ""601398.SH"": 11700.0}",0.002038029954,-0.01687838271
2024-05-23,V23 60d risk-adjusted momentum Top2,128783.1896,131661.9612,310.1896455,2,1850.098258,1028.673288,3428910.961,0,"{""601288.SH"": 14600.0, ""601398.SH"": 11700.0}",-0.004067769672,-0.02087749501
2024-05-24,V23 60d risk-adjusted momentum Top2,128052.1896,130930.9612,310.1896455,2,1850.098258,1028.673288,3428910.961,0,"{""601288.SH"": 14600.0, ""601398.SH"": 11700.0}",-0.00567620667,-0.0264351967
2024-05-27,V23 60d risk-adjusted momentum Top2,129396.1896,132274.9612,310.1896455,2,1850.098258,1028.673288,3428910.961,0,"{""601288.SH"": 14600.0, ""601398.SH"": 11700.0}",0.01049572056,-0.01621693257
2024-05-28,V23 60d risk-adjusted momentum Top2,129659.1896,132537.9612,310.1896455,2,1850.098258,1028.673288,3428910.961,0,"{""601288.SH"": 14600.0, ""601398.SH"": 11700.0}",0.002032517346,-0.01421737642
2024-05-29,V23 60d risk-adjusted momentum Top2,128987.1896,131865.9612,310.1896455,2,1850.098258,1028.673288,3428910.961,0,"{""601288.SH"": 14600.0, ""601398.SH"": 11700.0}",-0.005182818139,-0.01932650849
2024-05-30,V23 60d risk-adjusted momentum Top2,128052.1896,130930.9612,310.1896455,2,1850.098258,1028.673288,3428910.961,0,"{""601288.SH"": 14600.0, ""601398.SH"": 11700.0}",-0.007248781856,-0.0264351967
2024-05-31,V23 60d risk-adjusted momentum Top2,127935.1896,130813.9612,310.1896455,2,1850.098258,1028.673288,3428910.961,0,"{""601288.SH"": 14600.0, ""601398.SH"": 11700.0}",-0.0009136899597,-0.02732473309
2024-06-03,V23 60d risk-adjusted momentum Top2,128344.1896,131222.9612,310.1896455,2,1850.098258,1028.673288,3428910.961,0,"{""601288.SH"": 14600.0, ""601398.SH"": 11700.0}",0.003196931205,-0.02421515717
2024-06-04,V23 60d risk-adjusted momentum Top2,128695.1896,131573.9612,310.1896455,2,1850.098258,1028.673288,3428910.961,0,"{""601288.SH"": 14600.0, ""601398.SH"": 11700.0}",0.002734833583,-0.02154654801
2024-06-05,V23 60d risk-adjusted momentum Top2,129016.1896,131894.9612,310.1896455,2,1850.098258,1028.673288,3428910.961,0,"{""601288.SH"": 14600.0, ""601398.SH"": 11700.0}",0.002494265721,-0.01910602511
2024-06-06,V23 60d risk-adjusted momentum Top2,128870.1896,131748.9612,310.1896455,2,1850.098258,1028.673288,3428910.961,0,"{""601288.SH"": 14600.0, ""601398.SH"": 11700.0}",-0.001131640924,-0.02021604487
2024-06-07,V23 60d risk-adjusted momentum Top2,130496.5307,133375.3023,310.1896455,2,1850.098258,1028.673288,3428910.961,0,"{""601288.SH"": 15399.6106, ""601398.SH"": 11700.0}",0.01261999453,-0.007851176719
2024-06-11,V23 60d risk-adjusted momentum Top2,128174.5658,131053.3373,310.1896455,2,1850.098258,1028.673288,3428910.961,0,"{""601288.SH"": 15399.6106, ""601398.SH"": 11700.0}",-0.01779330791,-0.02550478622
2024-06-12,V23 60d risk-adjusted momentum Top2,127552.5697,130431.3412,310.1896455,2,1850.098258,1028.673288,3428910.961,0,"{""601288.SH"": 15399.6106, ""601398.SH"": 11700.0}",-0.004852726452,-0.03023374493
2024-06-13,V23 60d risk-adjusted momentum Top2,128827.5463,131706.3179,310.1896455,2,1850.098258,1028.673288,3428910.961,0,"{""601288.SH"": 15399.6106, ""601398.SH"": 11700.0}",0.009995695408,-0.02054025682
2024-06-14,V23 60d risk-adjusted momentum Top2,130108.5346,132987.3062,310.1896455,2,1850.098258,1028.673288,3428910.961,0,"{""601288.SH"": 15399.6106, ""601398.SH"": 11700.0}",0.00994343488,-0.01080106265
2024-06-17,V23 60d risk-adjusted momentum Top2,128057.5658,130936.3373,310.1896455,2,1850.098258,1028.673288,3428910.961,-1.455191523e-11,"{""601288.SH"": 15399.6106, ""601398.SH"": 11700.0}",-0.01576352276,-0.02639432261
2024-06-18,V23 60d risk-adjusted momentum Top2,128445.5619,131324.3334,310.1896455,2,1850.098258,1028.673288,3428910.961,0,"{""601288.SH"": 15399.6106, ""601398.SH"": 11700.0}",0.003029856951,-0.02344443668
2024-06-19,V23 60d risk-adjusted momentum Top2,129646.5463,132525.3179,310.1896455,2,1850.098258,1028.673288,3428910.961,0,"{""601288.SH"": 15399.6106, ""601398.SH"": 11700.0}",0.009350143405,-0.01431350212
2024-06-20,V23 60d risk-adjusted momentum Top2,130188.5385,133067.3101,310.1896455,2,1850.098258,1028.673288,3428910.961,0,"{""601288.SH"": 15399.6106, ""601398.SH"": 11700.0}",0.004180537215,-0.01019280303
2024-06-21,V23 60d risk-adjusted momentum Top2,129301.558,132180.3295,310.1896455,2,1850.098258,1028.673288,3428910.961,0,"{""601288.SH"": 15399.6106, ""601398.SH"": 11700.0}",-0.006813046212,-0.01693640521
2024-06-24,V23 60d risk-adjusted momentum Top2,130927.5346,133806.3062,310.1896455,2,1850.098258,1028.673288,3428910.961,0,"{""601288.SH"": 15399.6106, ""601398.SH"": 11700.0}",0.01257507381,-0.004574307947
2024-06-25,V23 60d risk-adjusted momentum Top2,131444.7764,134323.5479,310.1896455,2,1850.098258,1028.673288,3428910.961,0,"{""601288.SH"": 15401.7973, ""601398.SH"": 11700.5233}",0.003950595776,-0.0006417834128
2024-06-26,V23 60d risk-adjusted momentum Top2,132100.8821,134979.6537,310.1896455,2,1850.098258,1028.673288,3428910.961,0,"{""601288.SH"": 15401.7973, ""601398.SH"": 11700.0}",0.004991493245,0
2024-06-27,V23 60d risk-adjusted momentum Top2,133535.954,136414.7255,310.1896455,2,1850.098258,1028.673288,3428910.961,0,"{""601288.SH"": 15401.7973, ""601398.SH"": 11700.0}",0.01086345427,0
2024-06-28,V23 60d risk-adjusted momentum Top2,134152.0259,137030.7974,310.1896455,2,1850.098258,1028.673288,3428910.961,0,"{""601288.SH"": 15401.7973, ""601398.SH"": 11700.0}",0.00461352822,0
2024-07-01,V23 60d risk-adjusted momentum Top2,136788.1697,139666.9412,310.1896455,2,1850.098258,1028.673288,3428910.961,0,"{""601288.SH"": 15401.7973, ""601398.SH"": 11700.0}",0.01965042098,0
2024-07-02,V23 60d risk-adjusted momentum Top2,139782.6409,142771.9412,633.6409481,2,1919.726792,1069.573482,3565244.941,0,"{""601398.SH"": 11700.0, ""601939.SH"": 9000.0}",0.02189130303,0
2024-07-03,V23 60d risk-adjusted momentum Top2,138036.6409,141025.9412,633.6409481,2,1919.726792,1069.573482,3565244.941,0,"{""601398.SH"": 11700.0, ""601939.SH"": 9000.0}",-0.01249082138,-0.01249082138
2024-07-04,V23 60d risk-adjusted momentum Top2,139575.6409,142564.9412,633.6409481,2,1919.726792,1069.573482,3565244.941,0,"{""601398.SH"": 11700.0, ""601939.SH"": 9000.0}",0.01114921364,-0.001480870576
2024-07-05,V23 60d risk-adjusted momentum Top2,136884.6409,139873.9412,633.6409481,2,1919.726792,1069.573482,3565244.941,0,"{""601398.SH"": 11700.0, ""601939.SH"": 9000.0}",-0.01927986848,-0.02073218806
2024-07-08,V23 60d risk-adjusted momentum Top2,138486.6409,141475.9412,633.6409481,2,1919.726792,1069.573482,3565244.941,0,"{""601398.SH"": 11700.0, ""601939.SH"": 9000.0}",0.01170328525,-0.009271537519
2024-07-09,V23 60d risk-adjusted momentum Top2,139161.6409,142150.9412,633.6409481,2,1919.726792,1069.573482,3565244.941,0,"{""601398.SH"": 11700.0, ""601939.SH"": 9000.0}",0.004874116343,-0.004442611728
2024-07-10,V23 60d risk-adjusted momentum Top2,140493.6409,143482.9412,633.6409481,2,1919.726792,1069.573482,3565244.941,0,"{""601398.SH"": 11700.0, ""601939.SH"": 9000.0}",0.009571603144,0
2024-07-11,V23 60d risk-adjusted momentum Top2,139224.6409,142213.9412,633.6409481,2,1919.726792,1069.573482,3565244.941,0,"{""601398.SH"": 11700.0, ""601939.SH"": 9000.0}",-0.009032437279,-0.009032437279
2024-07-12,V23 60d risk-adjusted momentum Top2,141740.2876,144729.5878,633.6409481,2,1919.726792,1069.573482,3565244.941,-2.910383046e-11,"{""601398.SH"": 11700.0, ""601939.SH"": 9493.9819}",0.01806897536,0
2024-07-15,V23 60d risk-adjusted momentum Top2,145232.9636,148222.2638,633.6409481,2,1919.726792,1069.573482,3565244.941,-2.910383046e-11,"{""601398.SH"": 11700.0, ""601939.SH"": 9493.9819}",0.0246413781,0
2024-07-16,V23 60d risk-adjusted momentum Top2,144948.6307,147937.931,633.6409481,2,1919.726792,1069.573482,3565244.941,0,"{""601398.SH"": 12315.8721, ""601939.SH"": 9493.9819}",-0.00195777062,-0.00195777062
2024-07-17,V23 60d risk-adjusted momentum Top2,145289.888,148279.1883,633.6409481,2,1919.726792,1069.573482,3565244.941,0,"{""601398.SH"": 12315.8721, ""601939.SH"": 9493.9819}",0.002354332422,0
2024-07-18,V23 60d risk-adjusted momentum Top2,145669.6473,148658.9476,633.6409481,2,1919.726792,1069.573482,3565244.941,0,"{""601398.SH"": 12315.8721, ""601939.SH"": 9493.9819}",0.002613803901,0
2024-07-19,V23 60d risk-adjusted momentum Top2,145100.0084,148089.3086,633.6409481,2,1919.726792,1069.573482,3565244.941,0,"{""601398.SH"": 12315.8721, ""601939.SH"": 9493.9819}",-0.003910484611,-0.003910484611
2024-07-22,V23 60d risk-adjusted momentum Top2,143098.6195,146087.9198,633.6409481,2,1919.726792,1069.573482,3565244.941,0,"{""601398.SH"": 12315.8721, ""601939.SH"": 9493.9819}",-0.01379316857,-0.01764971521
2024-07-23,V23 60d risk-adjusted momentum Top2,146616.415,149605.7153,633.6409481,2,1919.726792,1069.573482,3565244.941,-2.910383046e-11,"{""601398.SH"": 12315.8721, ""601939.SH"": 9493.9819}",0.02458301522,0
2024-07-24,V23 60d risk-adjusted momentum Top2,147327.1485,150316.4487,633.6409481,2,1919.726792,1069.573482,3565244.941,-2.910383046e-11,"{""601398.SH"": 12315.8721, ""601939.SH"": 9493.9819}",0.004847570605,0
2024-07-25,V23 60d risk-adjusted momentum Top2,147422.0883,150411.3885,633.6409481,2,1919.726792,1069.573482,3565244.941,0,"{""601398.SH"": 12315.8721, ""601939.SH"": 9493.9819}",0.0006444149636,0
2024-07-26,V23 60d risk-adjusted momentum Top2,144112.1082,147101.4084,633.6409481,2,1919.726792,1069.573482,3565244.941,0,"{""601398.SH"": 12315.8721, ""601939.SH"": 9493.9819}",-0.02245240284,-0.02245240284
2024-07-29,V23 60d risk-adjusted momentum Top2,146057.0592,149046.3595,633.6409481,2,1919.726792,1069.573482,3565244.941,0,"{""601398.SH"": 12315.8721, ""601939.SH"": 9493.9819}",0.01349609756,-0.009259325108
2024-07-30,V23 60d risk-adjusted momentum Top2,146275.1578,149264.458,633.6409481,2,1919.726792,1069.573482,3565244.941,0,"{""601398.SH"": 12315.8721, ""601939.SH"": 9493.9819}",0.001493242032,-0.007779909489
2024-07-31,V23 60d risk-adjusted momentum Top2,143316.718,146306.0183,633.6409481,2,1919.726792,1069.573482,3565244.941,-2.910383046e-11,"{""601398.SH"": 12315.8721, ""601939.SH"": 9493.9819}",-0.02022516868,-0.02784772819
2024-08-01,V23 60d risk-adjusted momentum Top2,144065.9535,147055.2537,633.6409481,2,1919.726792,1069.573482,3565244.941,0,"{""601398.SH"": 12315.8721, ""601939.SH"": 9493.9819}",0.005227830005,-0.02276548137
2024-08-02,V23 60d risk-adjusted momentum Top2,144255.8331,147245.1334,633.6409481,2,1919.726792,1069.573482,3565244.941,-2.910383046e-11,"{""601398.SH"": 12315.8721, ""601939.SH"": 9493.9819}",0.001318004938,-0.02147748145
2024-08-05,V23 60d risk-adjusted momentum Top2,144322.554,147311.8543,633.6409481,2,1919.726792,1069.573482,3565244.941,0,"{""601398.SH"": 12315.8721, ""601939.SH"": 9493.9819}",0.0004625179838,-0.02102489719
2024-08-06,V23 60d risk-adjusted momentum Top2,142605.9846,145595.2849,633.6409481,2,1919.726792,1069.573482,3565244.941,0,"{""601398.SH"": 12315.8721, ""601939.SH"": 9493.9819}",-0.01189397894,-0.03266880644
2024-08-07,V23 60d risk-adjusted momentum Top2,143137.1215,146126.4218,633.6409481,2,1919.726792,1069.573482,3565244.941,0,"{""601398.SH"": 12315.8721, ""601939.SH"": 9493.9819}",0.003724506376,-0.02906597525
2024-08-08,V23 60d risk-adjusted momentum Top2,143752.9151,146742.2154,633.6409481,2,1919.726792,1069.573482,3565244.941,0,"{""601398.SH"": 12315.8721, ""601939.SH"": 9493.9819}",0.004302123713,-0.02488889695
2024-08-09,V23 60d risk-adjusted momentum Top2,144938.3476,147927.6479,633.6409481,2,1919.726792,1069.573482,3565244.941,0,"{""601398.SH"": 12315.8721, ""601939.SH"": 9493.9819}",0.008246319859,-0.0168478189
2024-08-12,V23 60d risk-adjusted momentum Top2,146559.9772,149549.2775,633.6409481,2,1919.726792,1069.573482,3565244.941,0,"{""601398.SH"": 12315.8721, ""601939.SH"": 9493.9819}",0.01118840959,-0.005847909608
2024-08-13,V23 60d risk-adjusted momentum Top2,147252.7749,150242.0751,633.6409481,2,1919.726792,1069.573482,3565244.941,0,"{""601398.SH"": 12315.8721, ""601939.SH"": 9493.9819}",0.004727058833,-0.001148494188
2024-08-14,V23 60d risk-adjusted momentum Top2,147309.2127,150298.5129,633.6409481,2,1919.726792,1069.573482,3565244.941,0,"{""601398.SH"": 12315.8721, ""601939.SH"": 9493.9819}",0.0003832715812,-0.0007656627919
2024-08-15,V23 60d risk-adjusted momentum Top2,148343.2676,151332.5678,633.6409481,2,1919.726792,1069.573482,3565244.941,0,"{""601398.SH"": 12315.8721, ""601939.SH"": 9493.9819}",0.00701962136,0
2024-08-16,V23 60d risk-adjusted momentum Top2,151065.673,154054.9732,633.6409481,2,1919.726792,1069.573482,3565244.941,0,"{""601398.SH"": 12315.8721, ""601939.SH"": 9493.9819}",0.01835206583,0
2024-08-19,V23 60d risk-adjusted momentum Top2,154280.7133,157270.0135,633.6409481,2,1919.726792,1069.573482,3565244.941,0,"{""601398.SH"": 12315.8721, ""601939.SH"": 9493.9819}",0.02128240143,0
2024-08-20,V23 60d risk-adjusted momentum Top2,156992.8356,159982.1358,633.6409481,2,1919.726792,1069.573482,3565244.941,0,"{""601398.SH"": 12315.8721, ""601939.SH"": 9493.9819}",0.01757914026,0
2024-08-21,V23 60d risk-adjusted momentum Top2,155219.8283,158209.1286,633.6409481,2,1919.726792,1069.573482,3565244.941,0,"{""601398.SH"": 12315.8721, ""601939.SH"": 9493.9819}",-0.01129355499,-0.01129355499
2024-08-22,V23 60d risk-adjusted momentum Top2,157742.071,160731.3713,633.6409481,2,1919.726792,1069.573482,3565244.941,0,"{""601398.SH"": 12315.8721, ""601939.SH"": 9493.9819}",0.0162494875,0
2024-08-23,V23 60d risk-adjusted momentum Top2,158424.5855,161413.8858,633.6409481,2,1919.726792,1069.573482,3565244.941,0,"{""601398.SH"": 12315.8721, ""601939.SH"": 9493.9819}",0.004326775459,0
2024-08-26,V23 60d risk-adjusted momentum Top2,158055.1094,161044.4096,633.6409481,2,1919.726792,1069.573482,3565244.941,0,"{""601398.SH"": 12315.8721, ""601939.SH"": 9493.9819}",-0.00233218955,-0.00233218955
2024-08-27,V23 60d risk-adjusted momentum Top2,160425.9744,163415.2747,633.6409481,2,1919.726792,1069.573482,3565244.941,0,"{""601398.SH"": 12315.8721, ""601939.SH"": 9493.9819}",0.01500024293,0
2024-08-28,V23 60d risk-adjusted momentum Top2,158983.9413,161973.2416,633.6409481,2,1919.726792,1069.573482,3565244.941,-2.910383046e-11,"{""601398.SH"": 12315.8721, ""601939.SH"": 9493.9819}",-0.008988775534,-0.008988775534
2024-08-29,V23 60d risk-adjusted momentum Top2,152335.7622,155325.0625,633.6409481,2,1919.726792,1069.573482,3565244.941,0,"{""601398.SH"": 12315.8721, ""601939.SH"": 9493.9819}",-0.04181667076,-0.05042956562
2024-08-30,V23 60d risk-adjusted momentum Top2,145772.2398,148761.54,633.6409481,2,1919.726792,1069.573482,3565244.941,0,"{""601398.SH"": 12315.8721, ""601939.SH"": 9493.9819}",-0.04308589349,-0.09134265622
2024-09-02,V23 60d risk-adjusted momentum Top2,144804.9058,147794.2061,633.6409481,2,1919.726792,1069.573482,3565244.941,0,"{""601398.SH"": 12315.8721, ""601939.SH"": 9493.9819}",-0.006635927254,-0.09737244025
2024-09-03,V23 60d risk-adjusted momentum Top2,140814.9703,143925.2889,479.547081,2,1997.713416,1112.60516,3708683.866,0,"{""601398.SH"": 12215.8721, ""601988.SH"": 14700.0}",-0.02755386938,-0.1222433221
2024-09-04,V23 60d risk-adjusted momentum Top2,139910.1767,143020.4953,479.547081,2,1997.713416,1112.60516,3708683.866,0,"{""601398.SH"": 12215.8721, ""601988.SH"": 14700.0}",-0.006425407771,-0.1278832667
2024-09-05,V23 60d risk-adjusted momentum Top2,138491.907,141602.2255,479.547081,2,1997.713416,1112.60516,3708683.866,0,"{""601398.SH"": 12215.8721, ""601988.SH"": 14700.0}",-0.01013700219,-0.1367239159
2024-09-06,V23 60d risk-adjusted momentum Top2,138761.0657,141871.3843,479.547081,2,1997.713416,1112.60516,3708683.866,0,"{""601398.SH"": 12215.8721, ""601988.SH"": 14700.0}",0.001943497832,-0.1350461407
2024-09-09,V23 60d risk-adjusted momentum Top2,137806.5895,140916.9081,479.547081,2,1997.713416,1112.60516,3708683.866,0,"{""601398.SH"": 12215.8721, ""601988.SH"": 14700.0}",-0.006878558896,-0.1409957768
2024-09-10,V23 60d risk-adjusted momentum Top2,140303.5418,143413.8604,479.547081,2,1997.713416,1112.60516,3708683.866,0,"{""601398.SH"": 12215.8721, ""601988.SH"": 14700.0}",0.01811925202,-0.1254312628
2024-09-11,V23 60d risk-adjusted momentum Top2,136216.4785,139326.7971,479.547081,2,1997.713416,1112.60516,3708683.866,0,"{""601398.SH"": 12215.8721, ""601988.SH"": 14700.0}",-0.02913015109,-0.1509075822
2024-09-12,V23 60d risk-adjusted momentum Top2,136216.4785,139326.7971,479.547081,2,1997.713416,1112.60516,3708683.866,0,"{""601398.SH"": 12215.8721, ""601988.SH"": 14700.0}",0,-0.1509075822
2024-09-13,V23 60d risk-adjusted momentum Top2,135725.7959,138836.1145,479.547081,2,1997.713416,1112.60516,3708683.866,0,"{""601398.SH"": 12215.8721, ""601988.SH"": 14700.0}",-0.00360222613,-0.1539662051
2024-09-18,V23 60d risk-adjusted momentum Top2,138220.7006,141331.0191,479.547081,2,1997.713416,1112.60516,3708683.866,0,"{""601398.SH"": 12215.8721, ""601988.SH"": 14700.0}",0.01838194895,-0.1384144551
2024-09-19,V23 60d risk-adjusted momentum Top2,137266.2244,140376.543,479.547081,2,1997.713416,1112.60516,3708683.866,0,"{""601398.SH"": 12215.8721, ""601988.SH"": 14700.0}",-0.006905450188,-0.1443640912
2024-09-20,V23 60d risk-adjusted momentum Top2,137951.5418,141061.8604,479.547081,2,1997.713416,1112.60516,3708683.866,0,"{""601398.SH"": 12215.8721, ""601988.SH"": 14700.0}",0.004992615225,-0.1400922303
2024-09-23,V23 60d risk-adjusted momentum Top2,139297.3355,142407.654,479.547081,2,1997.713416,1112.60516,3708683.866,0,"{""601398.SH"": 12215.8721, ""601988.SH"": 14700.0}",0.009755553194,-0.1317033543
2024-09-24,V23 60d risk-adjusted momentum Top2,145804.7796,148915.0982,479.547081,2,1997.713416,1112.60516,3708683.866,0,"{""601398.SH"": 12215.8721, ""601988.SH"": 14700.0}",0.04671621438,-0.09113982208
2024-09-25,V23 60d risk-adjusted momentum Top2,146293.4145,149403.7331,479.547081,2,1997.713416,1112.60516,3708683.866,0,"{""601398.SH"": 12215.8721, ""601988.SH"": 14700.0}",0.003351295375,-0.08809396317
2024-09-26,V23 60d risk-adjusted momentum Top2,149570.9541,152681.2726,479.547081,2,1997.713416,1112.60516,3708683.866,0,"{""601398.SH"": 12215.8721, ""601988.SH"": 14700.0}",0.02240387611,-0.06766373329
2024-09-27,V23 60d risk-adjusted momentum Top2,145485.9384,148596.2569,479.547081,2,1997.713416,1112.60516,3708683.866,0,"{""601398.SH"": 12215.8721, ""601988.SH"": 14700.0}",-0.0273115574,-0.09312728876
2024-09-30,V23 60d risk-adjusted momentum Top2,149473.6366,152583.9552,479.547081,2,1997.713416,1112.60516,3708683.866,0,"{""601398.SH"": 12215.8721, ""601988.SH"": 14700.0}",0.02740950982,-0.06827035228
2024-10-08,V23 60d risk-adjusted momentum Top2,148299.6843,151410.0029,479.547081,2,1997.713416,1112.60516,3708683.866,0,"{""601398.SH"": 12215.8721, ""601988.SH"": 14700.0}",-0.007853908904,-0.07558807206
2024-10-09,V23 60d risk-adjusted momentum Top2,144424.9245,147660.0505,324.9244977,2,2078.095027,1157.031015,3856770.051,0,"{""601939.SH"": 9300.0, ""601988.SH"": 14800.0}",-0.02612790318,-0.09974101741
2024-10-10,V23 60d risk-adjusted momentum Top2,149802.9245,153038.0505,324.9244977,2,2078.095027,1157.031015,3856770.051,0,"{""601939.SH"": 9300.0, ""601988.SH"": 14800.0}",0.03723733988,-0.0662177677
2024-10-11,V23 60d risk-adjusted momentum Top2,150508.9245,153744.0505,324.9244977,2,2078.095027,1157.031015,3856770.051,0,"{""601939.SH"": 9300.0, ""601988.SH"": 14800.0}",0.004712858593,-0.06181698408
2024-10-14,V23 60d risk-adjusted momentum Top2,155911.9245,159147.0505,324.9244977,2,2078.095027,1157.031015,3856770.051,0,"{""601939.SH"": 9300.0, ""601988.SH"": 14800.0}",0.0358982035,-0.02813789925
2024-10-15,V23 60d risk-adjusted momentum Top2,151066.9245,154302.0505,324.9244977,2,2078.095027,1157.031015,3856770.051,0,"{""601939.SH"": 9300.0, ""601988.SH"": 14800.0}",-0.03107523697,-0.05833874434
2024-10-16,V23 60d risk-adjusted momentum Top2,153552.9245,156788.0505,324.9244977,2,2078.095027,1157.031015,3856770.051,0,"{""601939.SH"": 9300.0, ""601988.SH"": 14800.0}",0.01645628259,-0.04284250061
2024-10-17,V23 60d risk-adjusted momentum Top2,152068.9245,155304.0505,324.9244977,2,2078.095027,1157.031015,3856770.051,0,"{""601939.SH"": 9300.0, ""601988.SH"": 14800.0}",-0.009664420296,-0.05209287297
2024-10-18,V23 60d risk-adjusted momentum Top2,152347.9245,155583.0505,324.9244977,2,2078.095027,1157.031015,3856770.051,0,"{""601939.SH"": 9300.0, ""601988.SH"": 14800.0}",0.001834694372,-0.0503537531
2024-10-21,V23 60d risk-adjusted momentum Top2,149379.9245,152615.0505,324.9244977,2,2078.095027,1157.031015,3856770.051,0,"{""601939.SH"": 9300.0, ""601988.SH"": 14800.0}",-0.01948172258,-0.06885449782
2024-10-22,V23 60d risk-adjusted momentum Top2,149138.9245,152374.0505,324.9244977,2,2078.095027,1157.031015,3856770.051,0,"{""601939.SH"": 9300.0, ""601988.SH"": 14800.0}",-0.001613335934,-0.07035674832
2024-10-23,V23 60d risk-adjusted momentum Top2,149434.9245,152670.0505,324.9244977,2,2078.095027,1157.031015,3856770.051,0,"{""601939.SH"": 9300.0, ""601988.SH"": 14800.0}",0.001984726663,-0.06851166057
2024-10-24,V23 60d risk-adjusted momentum Top2,149472.9245,152708.0505,324.9244977,2,2078.095027,1157.031015,3856770.051,0,"{""601939.SH"": 9300.0, ""601988.SH"": 14800.0}",0.0002542912919,-0.0682747912
2024-10-25,V23 60d risk-adjusted momentum Top2,148415.9245,151651.0505,324.9244977,2,2078.095027,1157.031015,3856770.051,0,"{""601939.SH"": 9300.0, ""601988.SH"": 14800.0}",-0.007071514815,-0.07486349982
2024-10-28,V23 60d risk-adjusted momentum Top2,147041.9245,150277.0505,324.9244977,2,2078.095027,1157.031015,3856770.051,0,"{""601939.SH"": 9300.0, ""601988.SH"": 14800.0}",-0.009257766676,-0.08342819768
2024-10-29,V23 60d risk-adjusted momentum Top2,147337.9245,150573.0505,324.9244977,2,2078.095027,1157.031015,3856770.051,0,"{""601939.SH"": 9300.0, ""601988.SH"": 14800.0}",0.002013031324,-0.08158310993
2024-10-30,V23 60d risk-adjusted momentum Top2,145464.9245,148700.0505,324.9244977,2,2078.095027,1157.031015,3856770.051,0,"{""601939.SH"": 9300.0, ""601988.SH"": 14800.0}",-0.01271227355,-0.09325827667
2024-10-31,V23 60d risk-adjusted momentum Top2,145409.9245,148645.0505,324.9244977,2,2078.095027,1157.031015,3856770.051,0,"{""601939.SH"": 9300.0, ""601988.SH"": 14800.0}",-0.0003780980205,-0.09360111392
2024-11-01,V23 60d risk-adjusted momentum Top2,147506.9245,150742.0505,324.9244977,2,2078.095027,1157.031015,3856770.051,0,"{""601939.SH"": 9300.0, ""601988.SH"": 14800.0}",0.01442129901,-0.08052966456
2024-11-04,V23 60d risk-adjusted momentum Top2,147478.5838,150837.0505,195.5838236,2,2157.526501,1200.940215,4003134.051,0,"{""601398.SH"": 11900.0, ""601939.SH"": 9200.0}",-0.0001921311439,-0.08070632345
2024-11-05,V23 60d risk-adjusted momentum Top2,147992.5838,151351.0505,195.5838236,2,2157.526501,1200.940215,4003134.051,0,"{""601398.SH"": 11900.0, ""601939.SH"": 9200.0}",0.003485251802,-0.07750235351
2024-11-06,V23 60d risk-adjusted momentum Top2,146266.5838,149625.0505,195.5838236,2,2157.526501,1200.940215,4003134.051,0,"{""601398.SH"": 11900.0, ""601939.SH"": 9200.0}",-0.01166274657,-0.08826120977
2024-11-07,V23 60d risk-adjusted momentum Top2,147716.5838,151075.0505,195.5838236,2,2157.526501,1200.940215,4003134.051,0,"{""601398.SH"": 11900.0, ""601939.SH"": 9200.0}",0.009913405797,-0.07922277316
2024-11-08,V23 60d risk-adjusted momentum Top2,146504.5838,149863.0505,195.5838236,2,2157.526501,1200.940215,4003134.051,0,"{""601398.SH"": 11900.0, ""601939.SH"": 9200.0}",-0.008204901363,-0.08677765949
2024-11-11,V23 60d risk-adjusted momentum Top2,144751.5838,148110.0505,195.5838236,2,2157.526501,1200.940215,4003134.051,0,"{""601398.SH"": 11900.0, ""601939.SH"": 9200.0}",-0.01196549592,-0.09770481768
2024-11-12,V23 60d risk-adjusted momentum Top2,143815.5838,147174.0505,195.5838236,2,2157.526501,1200.940215,4003134.051,0,"{""601398.SH"": 11900.0, ""601939.SH"": 9200.0}",-0.006466250491,-0.1035392843
2024-11-13,V23 60d risk-adjusted momentum Top2,144475.5838,147834.0505,195.5838236,2,2157.526501,1200.940215,4003134.051,0,"{""601398.SH"": 11900.0, ""601939.SH"": 9200.0}",0.004589210588,-0.09942523733
2024-11-14,V23 60d risk-adjusted momentum Top2,145292.5838,148651.0505,195.5838236,2,2157.526501,1200.940215,4003134.051,0,"{""601398.SH"": 11900.0, ""601939.SH"": 9200.0}",0.005654934754,-0.09433254581
2024-11-15,V23 60d risk-adjusted momentum Top2,145054.5838,148413.0505,195.5838236,2,2157.526501,1200.940215,4003134.051,0,"{""601398.SH"": 11900.0, ""601939.SH"": 9200.0}",-0.001638073973,-0.0958160961
2024-11-18,V23 60d risk-adjusted momentum Top2,147456.5838,150815.0505,195.5838236,2,2157.526501,1200.940215,4003134.051,0,"{""601398.SH"": 11900.0, ""601939.SH"": 9200.0}",0.01655928366,-0.08084345835
2024-11-19,V23 60d risk-adjusted momentum Top2,146520.5838,149879.0505,195.5838236,2,2157.526501,1200.940215,4003134.051,0,"{""601398.SH"": 11900.0, ""601939.SH"": 9200.0}",-0.006347631118,-0.08667792501
2024-11-20,V23 60d risk-adjusted momentum Top2,146401.5838,149760.0505,195.5838236,2,2157.526501,1200.940215,4003134.051,0,"{""601398.SH"": 11900.0, ""601939.SH"": 9200.0}",-0.000812172576,-0.08741970016
2024-11-21,V23 60d risk-adjusted momentum Top2,146190.5838,149549.0505,195.5838236,2,2157.526501,1200.940215,4003134.051,0,"{""601398.SH"": 11900.0, ""601939.SH"": 9200.0}",-0.001441241239,-0.08873494852
2024-11-22,V23 60d risk-adjusted momentum Top2,144318.5838,147677.0505,195.5838236,2,2157.526501,1200.940215,4003134.051,0,"{""601398.SH"": 11900.0, ""601939.SH"": 9200.0}",-0.0128052023,-0.1004038819
2024-11-25,V23 60d risk-adjusted momentum Top2,144924.5838,148283.0505,195.5838236,2,2157.526501,1200.940215,4003134.051,0,"{""601398.SH"": 11900.0, ""601939.SH"": 9200.0}",0.004199043421,-0.09662643869
2024-11-26,V23 60d risk-adjusted momentum Top2,146915.5838,150274.0505,195.5838236,2,2157.526501,1200.940215,4003134.051,0,"{""601398.SH"": 11900.0, ""601939.SH"": 9200.0}",0.01373817987,-0.08421573021
2024-11-27,V23 60d risk-adjusted momentum Top2,148127.5838,151486.0505,195.5838236,2,2157.526501,1200.940215,4003134.051,0,"{""601398.SH"": 11900.0, ""601939.SH"": 9200.0}",0.008249635392,-0.07666084389
2024-11-28,V23 60d risk-adjusted momentum Top2,147824.5838,151183.0505,195.5838236,2,2157.526501,1200.940215,4003134.051,0,"{""601398.SH"": 11900.0, ""601939.SH"": 9200.0}",-0.002045533939,-0.07854956547
2024-11-29,V23 60d risk-adjusted momentum Top2,146796.5838,150155.0505,195.5838236,2,2157.526501,1200.940215,4003134.051,0,"{""601398.SH"": 11900.0, ""601939.SH"": 9200.0}",-0.006954188359,-0.08495750536
2024-12-02,V23 60d risk-adjusted momentum Top2,146190.5838,149549.0505,195.5838236,2,2157.526501,1200.940215,4003134.051,0,"{""601398.SH"": 11900.0, ""601939.SH"": 9200.0}",-0.004128161461,-0.08873494852
2024-12-03,V23 60d risk-adjusted momentum Top2,148322.4965,151917.0505,678.4965189,2,2306.232506,1288.321515,4294405.051,0,"{""601288.SH"": 15100.0, ""601988.SH"": 14500.0}",0.01458310542,-0.07544587421
2024-12-04,V23 60d risk-adjusted momentum Top2,148914.4965,152509.0505,678.4965189,2,2306.232506,1288.321515,4294405.051,0,"{""601288.SH"": 15100.0, ""601988.SH"": 14500.0}",0.003991302829,-0.07175569871
2024-12-05,V23 60d risk-adjusted momentum Top2,148630.4965,152225.0505,678.4965189,2,2306.232506,1288.321515,4294405.051,0,"{""601288.SH"": 15100.0, ""601988.SH"": 14500.0}",-0.001907134676,-0.0735259856
2024-12-06,V23 60d risk-adjusted momentum Top2,149373.4965,152968.0505,678.4965189,2,2306.232506,1288.321515,4294405.051,0,"{""601288.SH"": 15100.0, ""601988.SH"": 14500.0}",0.004998974083,-0.06889456602
2024-12-09,V23 60d risk-adjusted momentum Top2,151004.4965,154599.0505,678.4965189,2,2306.232506,1288.321515,4294405.051,0,"{""601288.SH"": 15100.0, ""601988.SH"": 14500.0}",0.01091893835,-0.05872788318
2024-12-10,V23 60d risk-adjusted momentum Top2,152478.4965,156073.0505,678.4965189,2,2306.232506,1288.321515,4294405.051,0,"{""601288.SH"": 15100.0, ""601988.SH"": 14500.0}",0.009761298729,-0.04953984487
2024-12-11,V23 60d risk-adjusted momentum Top2,150110.4965,153705.0505,678.4965189,2,2306.232506,1288.321515,4294405.051,0,"{""601288.SH"": 15100.0, ""601988.SH"": 14500.0}",-0.01553005869,-0.06430054686
2024-12-12,V23 60d risk-adjusted momentum Top2,152031.4965,155626.0505,678.4965189,2,2306.232506,1288.321515,4294405.051,0,"{""601288.SH"": 15100.0, ""601988.SH"": 14500.0}",0.01279723966,-0.0523261767
2024-12-13,V23 60d risk-adjusted momentum Top2,151288.4965,154883.0505,678.4965189,2,2306.232506,1288.321515,4294405.051,0,"{""601288.SH"": 15100.0, ""601988.SH"": 14500.0}",-0.00488714521,-0.05695759629
2024-12-16,V23 60d risk-adjusted momentum Top2,154109.4965,157704.0505,678.4965189,2,2306.232506,1288.321515,4294405.051,0,"{""601288.SH"": 15100.0, ""601988.SH"": 14500.0}",0.01864649372,-0.03937316203
2024-12-17,V23 60d risk-adjusted momentum Top2,154248.4965,157843.0505,678.4965189,2,2306.232506,1288.321515,4294405.051,0,"{""601288.SH"": 15100.0, ""601988.SH"": 14500.0}",0.0009019560971,-0.0385067188
2024-12-18,V23 60d risk-adjusted momentum Top2,154248.4965,157843.0505,678.4965189,2,2306.232506,1288.321515,4294405.051,0,"{""601288.SH"": 15100.0, ""601988.SH"": 14500.0}",0,-0.0385067188
2024-12-19,V23 60d risk-adjusted momentum Top2,152617.4965,156212.0505,678.4965189,2,2306.232506,1288.321515,4294405.051,0,"{""601288.SH"": 15100.0, ""601988.SH"": 14500.0}",-0.01057384699,-0.04867340163
2024-12-20,V23 60d risk-adjusted momentum Top2,153052.4965,156647.0505,678.4965189,2,2306.232506,1288.321515,4294405.051,0,"{""601288.SH"": 15100.0, ""601988.SH"": 14500.0}",0.002850262977,-0.04596187065
2024-12-23,V23 60d risk-adjusted momentum Top2,156767.4965,160362.0505,678.4965189,2,2306.232506,1288.321515,4294405.051,0,"{""601288.SH"": 15100.0, ""601988.SH"": 14500.0}",0.02427271743,-0.02280477272
2024-12-24,V23 60d risk-adjusted momentum Top2,158688.4965,162283.0505,678.4965189,2,2306.232506,1288.321515,4294405.051,0,"{""601288.SH"": 15100.0, ""601988.SH"": 14500.0}",0.01225381564,-0.01083040256
2024-12-25,V23 60d risk-adjusted momentum Top2,160754.4965,164349.0505,678.4965189,2,2306.232506,1288.321515,4294405.051,0,"{""601288.SH"": 15100.0, ""601988.SH"": 14500.0}",0.01301921718,0
2024-12-26,V23 60d risk-adjusted momentum Top2,160458.4965,164053.0505,678.4965189,2,2306.232506,1288.321515,4294405.051,0,"{""601288.SH"": 15100.0, ""601988.SH"": 14500.0}",-0.001841317079,-0.001841317079
2024-12-27,V23 60d risk-adjusted momentum Top2,160319.4965,163914.0505,678.4965189,2,2306.232506,1288.321515,4294405.051,0,"{""601288.SH"": 15100.0, ""601988.SH"": 14500.0}",-0.0008662676207,-0.002705989627
2024-12-30,V23 60d risk-adjusted momentum Top2,161950.4965,165545.0505,678.4965189,2,2306.232506,1288.321515,4294405.051,0,"{""601288.SH"": 15100.0, ""601988.SH"": 14500.0}",0.01017343514,0
2024-12-31,V23 60d risk-adjusted momentum Top2,161207.4965,164802.0505,678.4965189,2,2306.232506,1288.321515,4294405.051,0,"{""601288.SH"": 15100.0, ""601988.SH"": 14500.0}",-0.004587821686,-0.004587821686
2025-01-02,V23 60d risk-adjusted momentum Top2,157063.4965,160658.0505,678.4965189,2,2306.232506,1288.321515,4294405.051,0,"{""601288.SH"": 15100.0, ""601988.SH"": 14500.0}",-0.02570600059,-0.03017588773
2025-01-03,V23 60d risk-adjusted momentum Top2,155338.4143,159065.0505,63.41426687,2,2391.148458,1335.487815,4451626.051,0,"{""601398.SH"": 11500.0, ""601988.SH"": 14600.0}",-0.01098334298,-0.04082779858
2025-01-06,V23 60d risk-adjusted momentum Top2,156382.4143,160109.0505,63.41426687,2,2391.148458,1335.487815,4451626.051,0,"{""601398.SH"": 11500.0, ""601988.SH"": 14600.0}",0.006720810206,-0.03438138426
2025-01-07,V23 60d risk-adjusted momentum Top2,158345.4873,162072.1235,63.41426687,2,2391.148458,1335.487815,4451626.051,0,"{""601398.SH"": 11743.8076, ""601988.SH"": 14600.0}",0.01255302906,-0.02225994571
2025-01-08,V23 60d risk-adjusted momentum Top2,160043.5538,163770.1901,63.41426687,2,2391.148458,1335.487815,4451626.051,0,"{""601398.SH"": 11743.8076, ""601988.SH"": 14600.0}",0.01072380756,-0.01177484953
2025-01-09,V23 60d risk-adjusted momentum Top2,158580.3634,162306.9997,63.41426687,2,2391.148458,1335.487815,4451626.051,0,"{""601398.SH"": 11743.8076, ""601988.SH"": 14600.0}",-0.009142451204,-0.02080964974
2025-01-10,V23 60d risk-adjusted momentum Top2,157964.6111,161691.2474,63.41426687,2,2391.148458,1335.487815,4451626.051,0,"{""601398.SH"": 11743.8076, ""601988.SH"": 14600.0}",-0.003882903858,-0.02461175173
2025-01-13,V23 60d risk-adjusted momentum Top2,155682.5446,159409.1808,63.41426687,2,2391.148458,1335.487815,4451626.051,0,"{""601398.SH"": 11743.8076, ""601988.SH"": 14600.0}",-0.01444669485,-0.03870288811
2025-01-14,V23 60d risk-adjusted momentum Top2,156967.9826,160694.6189,63.41426687,2,2391.148458,1335.487815,4451626.051,0,"{""601398.SH"": 11743.8076, ""601988.SH"": 14600.0}",0.008256789994,-0.03076565974
2025-01-15,V23 60d risk-adjusted momentum Top2,157494.8588,161221.4951,63.41426687,2,2391.148458,1335.487815,4451626.051,0,"{""601398.SH"": 11743.8076, ""601988.SH"": 14600.0}",0.003356583576,-0.02751234367
2025-01-16,V23 60d risk-adjusted momentum Top2,158520.0492,162246.6855,63.41426687,2,2391.148458,1335.487815,4451626.051,0,"{""601398.SH"": 11743.8076, ""601988.SH"": 14600.0}",0.006509357759,-0.0211820736
2025-01-17,V23 60d risk-adjusted momentum Top2,157259.9826,160986.6189,63.41426687,2,2391.148458,1335.487815,4451626.051,0,"{""601398.SH"": 11743.8076, ""601988.SH"": 14600.0}",-0.007948941096,-0.02896263964
2025-01-20,V23 60d risk-adjusted momentum Top2,156206.2303,159932.8666,63.41426687,2,2391.148458,1335.487815,4451626.051,0,"{""601398.SH"": 11743.8076, ""601988.SH"": 14600.0}",-0.006700702157,-0.03546927178
2025-01-21,V23 60d risk-adjusted momentum Top2,155971.3542,159697.9905,63.41426687,2,2391.148458,1335.487815,4451626.051,0,"{""601398.SH"": 11743.8076, ""601988.SH"": 14600.0}",-0.001503628581,-0.03691956775
2025-01-22,V23 60d risk-adjusted momentum Top2,153219.5354,156946.1716,63.41426687,2,2391.148458,1335.487815,4451626.051,0,"{""601398.SH"": 11743.8076, ""601988.SH"": 14600.0}",-0.0176431041,-0.05391129607
2025-01-23,V23 60d risk-adjusted momentum Top2,158043.8274,161770.4637,63.41426687,2,2391.148458,1335.487815,4451626.051,0,"{""601398.SH"": 11743.8076, ""601988.SH"": 14937.5757}",0.03148614227,-0.02412261253
2025-01-24,V23 60d risk-adjusted momentum Top2,157713.1382,161439.7745,63.41426687,2,2391.148458,1335.487815,4451626.051,0,"{""601398.SH"": 11743.8076, ""601988.SH"": 14937.5757}",-0.002092389188,-0.02616452783
2025-01-27,V23 60d risk-adjusted momentum Top2,161565.97,165292.6063,63.41426687,2,2391.148458,1335.487815,4451626.051,0,"{""601398.SH"": 11743.8076, ""601988.SH"": 14937.5757}",0.02442936453,-0.002374346083
2025-02-05,V23 60d risk-adjusted momentum Top2,158097.3902,161824.0264,63.41426687,2,2391.148458,1335.487815,4451626.051,0,"{""601398.SH"": 11743.8076, ""601988.SH"": 14937.5757}",-0.02146850501,-0.02379187743
2025-02-06,V23 60d risk-adjusted momentum Top2,157798.6386,161525.2749,63.41426687,2,2391.148458,1335.487815,4451626.051,0,"{""601398.SH"": 11743.8076, ""601988.SH"": 14937.5757}",-0.001889667593,-0.02563658628
2025-02-07,V23 60d risk-adjusted momentum Top2,157499.8871,161226.5234,63.41426687,2,2391.148458,1335.487815,4451626.051,0,"{""601398.SH"": 11743.8076, ""601988.SH"": 14937.5757}",-0.001893245197,-0.02748129514
2025-02-10,V23 60d risk-adjusted momentum Top2,157115.6352,160842.2715,63.41426687,2,2391.148458,1335.487815,4451626.051,0,"{""601398.SH"": 11743.8076, ""601988.SH"": 14937.5757}",-0.002439696414,-0.02985394553
2025-02-11,V23 60d risk-adjusted momentum Top2,160520.3397,164246.976,63.41426687,2,2391.148458,1335.487815,4451626.051,0,"{""601398.SH"": 11743.8076, ""601988.SH"": 14937.5757}",0.02167005511,-0.008830827068
2025-02-12,V23 60d risk-adjusted momentum Top2,161758.5958,165485.2321,63.41426687,2,2391.148458,1335.487815,4451626.051,0,"{""601398.SH"": 11743.8076, ""601988.SH"": 14937.5757}",0.007714013855,-0.001184934335
2025-02-13,V23 60d risk-adjusted momentum Top2,162612.6,166339.2363,63.41426687,2,2391.148458,1335.487815,4451626.051,0,"{""601398.SH"": 11743.8076, ""601988.SH"": 14937.5757}",0.005279498195,0
2025-02-14,V23 60d risk-adjusted momentum Top2,162964.9143,166691.5505,63.41426687,2,2391.148458,1335.487815,4451626.051,0,"{""601398.SH"": 11743.8076, ""601988.SH"": 14937.5757}",0.002166586283,0
2025-02-17,V23 60d risk-adjusted momentum Top2,163060.7273,166787.3636,63.41426687,2,2391.148458,1335.487815,4451626.051,0,"{""601398.SH"": 11743.8076, ""601988.SH"": 14937.5757}",0.000587936635,0
2025-02-18,V23 60d risk-adjusted momentum Top2,166379.9314,170106.5677,63.41426687,2,2391.148458,1335.487815,4451626.051,0,"{""601398.SH"": 11743.8076, ""601988.SH"": 14937.5757}",0.02035563151,0
2025-02-19,V23 60d risk-adjusted momentum Top2,165462.0518,169188.6881,63.41426687,2,2391.148458,1335.487815,4451626.051,0,"{""601398.SH"": 11743.8076, ""601988.SH"": 14937.5757}",-0.005516768574,-0.005516768574
2025-02-20,V23 60d risk-adjusted momentum Top2,166113.1175,169839.7538,63.41426687,2,2391.148458,1335.487815,4451626.051,0,"{""601398.SH"": 11743.8076, ""601988.SH"": 14937.5757}",0.003934834219,-0.001603641926
2025-02-21,V23 60d risk-adjusted momentum Top2,163007.1646,166733.8009,63.41426687,2,2391.148458,1335.487815,4451626.051,0,"{""601398.SH"": 11743.8076, ""601988.SH"": 14937.5757}",-0.01869781872,-0.02027147604
2025-02-24,V23 60d risk-adjusted momentum Top2,161790.5335,165517.1698,63.41426687,2,2391.148458,1335.487815,4451626.051,0,"{""601398.SH"": 11743.8076, ""601988.SH"": 14937.5757}",-0.007463666365,-0.02758384287
2025-02-25,V23 60d risk-adjusted momentum Top2,160691.3405,164417.9768,63.41426687,2,2391.148458,1335.487815,4451626.051,0,"{""601398.SH"": 11743.8076, ""601988.SH"": 14937.5757}",-0.006793926638,-0.03419036691
2025-02-26,V23 60d risk-adjusted momentum Top2,161673.0954,165399.7317,63.41426687,2,2391.148458,1335.487815,4451626.051,0,"{""601398.SH"": 11743.8076, ""601988.SH"": 14937.5757}",0.006109569664,-0.02828968567
2025-02-27,V23 60d risk-adjusted momentum Top2,162559.0373,166285.6736,63.41426687,2,2391.148458,1335.487815,4451626.051,0,"{""601398.SH"": 11743.8076, ""601988.SH"": 14937.5757}",0.005479835055,-0.02296487343
2025-02-28,V23 60d risk-adjusted momentum Top2,161406.2816,165132.9179,63.41426687,2,2391.148458,1335.487815,4451626.051,0,"{""601398.SH"": 11743.8076, ""601988.SH"": 14937.5757}",-0.007091305093,-0.0298933276
2025-03-03,V23 60d risk-adjusted momentum Top2,161470.1569,165196.7932,63.41426687,2,2391.148458,1335.487815,4451626.051,0,"{""601398.SH"": 11743.8076, ""601988.SH"": 14937.5757}",0.0003957427281,-0.02950941493
2025-03-04,V23 60d risk-adjusted momentum Top2,160050.5874,163777.2237,63.41426687,2,2391.148458,1335.487815,4451626.051,0,"{""601398.SH"": 11743.8076, ""601988.SH"": 14937.5757}",-0.008791528972,-0.03804151103
2025-03-05,V23 60d risk-adjusted momentum Top2,162451.9119,166178.5482,63.41426687,2,2391.148458,1335.487815,4451626.051,0,"{""601398.SH"": 11743.8076, ""601988.SH"": 14937.5757}",0.01500353445,-0.0236087337
2025-03-06,V23 60d risk-adjusted momentum Top2,161534.0323,165260.6686,63.41426687,2,2391.148458,1335.487815,4451626.051,0,"{""601398.SH"": 11743.8076, ""601988.SH"": 14937.5757}",-0.005650161738,-0.02912550227
2025-03-07,V23 60d risk-adjusted momentum Top2,160733.5908,164460.2271,63.41426687,2,2391.148458,1335.487815,4451626.051,0,"{""601398.SH"": 11743.8076, ""601988.SH"": 14937.5757}",-0.00495524992,-0.03393642805
2025-03-10,V23 60d risk-adjusted momentum Top2,159431.4593,163158.0956,63.41426687,2,2391.148458,1335.487815,4451626.051,0,"{""601398.SH"": 11743.8076, ""601988.SH"": 14937.5757}",-0.008101178354,-0.04176268135
2025-03-11,V23 60d risk-adjusted momentum Top2,160199.9631,163926.5994,63.41426687,2,2391.148458,1335.487815,4451626.051,0,"{""601398.SH"": 11743.8076, ""601988.SH"": 14937.5757}",0.004820277145,-0.0371437119
2025-03-12,V23 60d risk-adjusted momentum Top2,158599.0801,162325.7164,63.41426687,2,2391.148458,1335.487815,4451626.051,0,"{""601398.SH"": 11743.8076, ""601988.SH"": 14937.5757}",-0.009993029773,-0.04676556346
2025-03-13,V23 60d risk-adjusted momentum Top2,158716.5182,162443.1545,63.41426687,2,2391.148458,1335.487815,4451626.051,0,"{""601398.SH"": 11743.8076, ""601988.SH"": 14937.5757}",0.0007404713578,-0.04605972066
2025-03-14,V23 60d risk-adjusted momentum Top2,159399.5216,163126.1579,63.41426687,2,2391.148458,1335.487815,4451626.051,0,"{""601398.SH"": 11743.8076, ""601988.SH"": 14937.5757}",0.004303291378,-0.04195463768
2025-03-17,V23 60d risk-adjusted momentum Top2,160253.5259,163980.1621,63.41426687,2,2391.148458,1335.487815,4451626.051,0,"{""601398.SH"": 11743.8076, ""601988.SH"": 14937.5757}",0.005357633485,-0.03682178177
2025-03-18,V23 60d risk-adjusted momentum Top2,160136.0878,163862.7241,63.41426687,2,2391.148458,1335.487815,4451626.051,0,"{""601398.SH"": 11743.8076, ""601988.SH"": 14937.5757}",-0.0007328267855,-0.03752762456
2025-03-19,V23 60d risk-adjusted momentum Top2,161854.4089,165581.0451,63.41426687,2,2391.148458,1335.487815,4451626.051,0,"{""601398.SH"": 11743.8076, ""601988.SH"": 14937.5757}",0.01073038002,-0.02719993021
2025-03-20,V23 60d risk-adjusted momentum Top2,161352.7189,165079.3551,63.41426687,2,2391.148458,1335.487815,4451626.051,0,"{""601398.SH"": 11743.8076, ""601988.SH"": 14937.5757}",-0.003099637443,-0.03021525773
2025-03-21,V23 60d risk-adjusted momentum Top2,159516.9597,163243.596,63.41426687,2,2391.148458,1335.487815,4451626.051,0,"{""601398.SH"": 11743.8076, ""601988.SH"": 14937.5757}",-0.01137730536,-0.04124879488
2025-03-24,V23 60d risk-adjusted momentum Top2,160819.0912,164545.7275,63.41426687,2,2391.148458,1335.487815,4451626.051,0,"{""601398.SH"": 11743.8076, ""601988.SH"": 14937.5757}",0.0081629658,-0.03342254158
2025-03-25,V23 60d risk-adjusted momentum Top2,162366.4115,166093.0478,63.41426687,2,2391.148458,1335.487815,4451626.051,0,"{""601398.SH"": 11743.8076, ""601988.SH"": 14937.5757}",0.009621496277,-0.02412262017
2025-03-26,V23 60d risk-adjusted momentum Top2,162131.5353,165858.1716,63.41426687,2,2391.148458,1335.487815,4451626.051,0,"{""601398.SH"": 11743.8076, ""601988.SH"": 14937.5757}",-0.001446580917,-0.02553430576
2025-03-27,V23 60d risk-adjusted momentum Top2,163348.1664,167074.8027,63.41426687,2,2391.148458,1335.487815,4451626.051,0,"{""601398.SH"": 11743.8076, ""601988.SH"": 14937.5757}",0.007503975639,-0.01822193893
2025-03-28,V23 60d risk-adjusted momentum Top2,163017.4772,166744.1135,63.41426687,2,2391.148458,1335.487815,4451626.051,0,"{""601398.SH"": 11743.8076, ""601988.SH"": 14937.5757}",-0.002024443879,-0.02020949352
2025-03-31,V23 60d risk-adjusted momentum Top2,164628.6729,168355.3092,63.41426687,2,2391.148458,1335.487815,4451626.051,0,"{""601398.SH"": 11743.8076, ""601988.SH"": 14937.5757}",0.009883576147,-0.01052565944
2025-04-01,V23 60d risk-adjusted momentum Top2,162376.7241,166103.3604,63.41426687,2,2391.148458,1335.487815,4451626.051,0,"{""601398.SH"": 11743.8076, ""601988.SH"": 14937.5757}",-0.01367895826,-0.02406063764
2025-04-02,V23 60d risk-adjusted momentum Top2,164174.4113,168036.5526,230.3629267,2,2478.240016,1383.901351,4613004.504,0,"{""601939.SH"": 9300.0, ""601988.SH"": 14737.5757}",0.0110710888,-0.0132559263
2025-04-03,V23 60d risk-adjusted momentum Top2,166601.0416,170463.1829,230.3629267,2,2478.240016,1383.901351,4613004.504,-2.910383046e-11,"{""601939.SH"": 9300.0, ""601988.SH"": 14737.5757}",0.01478080708,0
2025-04-07,V23 60d risk-adjusted momentum Top2,162986.7749,166848.9163,230.3629267,2,2478.240016,1383.901351,4613004.504,-2.910383046e-11,"{""601939.SH"": 9300.0, ""601988.SH"": 14737.5757}",-0.02169414205,-0.02169414205
2025-04-08,V23 60d risk-adjusted momentum Top2,164265.9022,168128.0436,230.3629267,2,2478.240016,1383.901351,4613004.504,0,"{""601939.SH"": 9300.0, ""601988.SH"": 14737.5757}",0.007848043332,-0.01401635528
2025-04-09,V23 60d risk-adjusted momentum Top2,161800.6476,165662.789,230.3629267,2,2478.240016,1383.901351,4613004.504,0,"{""601939.SH"": 9300.0, ""601988.SH"": 14737.5757}",-0.01500770708,-0.02881370901
2025-04-10,V23 60d risk-adjusted momentum Top2,160800.5204,164662.6617,230.3629267,2,2478.240016,1383.901351,4613004.504,0,"{""601939.SH"": 9300.0, ""601988.SH"": 14737.5757}",-0.006181231575,-0.03481683638
2025-04-11,V23 60d risk-adjusted momentum Top2,161855.0234,165717.1648,230.3629267,2,2478.240016,1383.901351,4613004.504,0,"{""601939.SH"": 9300.0, ""601988.SH"": 14737.5757}",0.006557833438,-0.02848732596
2025-04-14,V23 60d risk-adjusted momentum Top2,164041.2779,167903.4193,230.3629267,2,2478.240016,1383.901351,4613004.504,0,"{""601939.SH"": 9300.0, ""601988.SH"": 14737.5757}",0.0135074865,-0.01536463162
2025-04-15,V23 60d risk-adjusted momentum Top2,165980.0355,169842.1769,230.3629267,2,2478.240016,1383.901351,4613004.504,0,"{""601939.SH"": 9300.0, ""601988.SH"": 14737.5757}",0.01181871781,-0.003727504058
2025-04-16,V23 60d risk-adjusted momentum Top2,167996.0416,171858.1829,230.3629267,2,2478.240016,1383.901351,4613004.504,-2.910383046e-11,"{""601939.SH"": 9300.0, ""601988.SH"": 14737.5757}",0.01214607559,0
2025-04-17,V23 60d risk-adjusted momentum Top2,168089.0416,171951.1829,230.3629267,2,2478.240016,1383.901351,4613004.504,-2.910383046e-11,"{""601939.SH"": 9300.0, ""601988.SH"": 14737.5757}",0.0005535844722,0
2025-04-18,V23 60d risk-adjusted momentum Top2,169685.7931,173547.9345,230.3629267,2,2478.240016,1383.901351,4613004.504,-2.910383046e-11,"{""601939.SH"": 9300.0, ""601988.SH"": 14737.5757}",0.00949943851,0
2025-04-21,V23 60d risk-adjusted momentum Top2,167646.9143,171509.0557,230.3629267,2,2478.240016,1383.901351,4613004.504,0,"{""601939.SH"": 9300.0, ""601988.SH"": 14737.5757}",-0.0120156128,-0.0120156128
2025-04-22,V23 60d risk-adjusted momentum Top2,170143.6719,174005.8132,230.3629267,2,2478.240016,1383.901351,4613004.504,0,"{""601939.SH"": 9300.0, ""601988.SH"": 14737.5757}",0.01489295275,0
2025-04-23,V23 60d risk-adjusted momentum Top2,169197.9204,173060.0617,230.3629267,2,2478.240016,1383.901351,4613004.504,0,"{""601939.SH"": 9300.0, ""601988.SH"": 14737.5757}",-0.005558546517,-0.005558546517
2025-04-24,V23 60d risk-adjusted momentum Top2,172361.4294,176223.5708,230.3629267,2,2478.240016,1383.901351,4613004.504,0,"{""601939.SH"": 9300.0, ""601988.SH"": 14737.5757}",0.01869709203,0
2025-04-25,V23 60d risk-adjusted momentum Top2,171052.0886,174914.2299,230.3629267,2,2478.240016,1383.901351,4613004.504,0,"{""601939.SH"": 9300.0, ""601988.SH"": 15047.478}",-0.007596484305,-0.007596484305
2025-04-28,V23 60d risk-adjusted momentum Top2,173478.4625,177340.6038,230.3629267,2,2478.240016,1383.901351,4613004.504,-2.910383046e-11,"{""601939.SH"": 9300.0, ""601988.SH"": 15047.478}",0.01418500015,0
2025-04-29,V23 60d risk-adjusted momentum Top2,173048.9877,176911.129,230.3629267,2,2478.240016,1383.901351,4613004.504,0,"{""601939.SH"": 9300.0, ""601988.SH"": 15047.478}",-0.002475666283,-0.002475666283
2025-04-30,V23 60d risk-adjusted momentum Top2,167700.9164,171563.0578,230.3629267,2,2478.240016,1383.901351,4613004.504,0,"{""601939.SH"": 9300.0, ""601988.SH"": 15047.478}",-0.03090495551,-0.03330411143
2025-05-06,V23 60d risk-adjusted momentum Top2,167006.0173,170868.1587,230.3629267,2,2478.240016,1383.901351,4613004.504,0,"{""601939.SH"": 9300.0, ""601988.SH"": 15047.478}",-0.004143681119,-0.03730979093
2025-05-07,V23 60d risk-adjusted momentum Top2,169915.1411,173911.583,538.1411208,2,2562.835902,1433.605975,4778686.583,0,"{""601288.SH"": 15300.0, ""601939.SH"": 9300.0}",0.01741927553,-0.02054042493
2025-05-08,V23 60d risk-adjusted momentum Top2,170353.1411,174349.583,538.1411208,2,2562.835902,1433.605975,4778686.583,0,"{""601288.SH"": 15300.0, ""601939.SH"": 9300.0}",0.002577757327,-0.01801561583
2025-05-09,V23 60d risk-adjusted momentum Top2,172757.7388,176754.1807,538.1411208,2,2562.835902,1433.605975,4778686.583,0,"{""601288.SH"": 15300.0, ""601939.SH"": 9514.7833}",0.0141153705,-0.004154542422
2025-05-12,V23 60d risk-adjusted momentum Top2,172244.704,176241.1459,538.1411208,2,2562.835902,1433.605975,4778686.583,0,"{""601288.SH"": 15300.0, ""601939.SH"": 9514.7833}",-0.002969677854,-0.007111882623
2025-05-13,V23 60d risk-adjusted momentum Top2,174784.0345,178780.4764,538.1411208,2,2562.835902,1433.605975,4778686.583,0,"{""601288.SH"": 15300.0, ""601939.SH"": 9514.7833}",0.01474257517,0
2025-05-14,V23 60d risk-adjusted momentum Top2,174841.8867,178838.3285,538.1411208,2,2562.835902,1433.605975,4778686.583,0,"{""601288.SH"": 15300.0, ""601939.SH"": 9514.7833}",0.0003309922852,0
2025-05-15,V23 60d risk-adjusted momentum Top2,174957.591,178954.0329,538.1411208,2,2562.835902,1433.605975,4778686.583,0,"{""601288.SH"": 15300.0, ""601939.SH"": 9514.7833}",0.0006617655311,0
2025-05-16,V23 60d risk-adjusted momentum Top2,173410.8518,177407.2937,538.1411208,2,2562.835902,1433.605975,4778686.583,0,"{""601288.SH"": 15300.0, ""601939.SH"": 9514.7833}",-0.008840651933,-0.008840651933
2025-05-19,V23 60d risk-adjusted momentum Top2,172761.5562,176757.998,538.1411208,2,2562.835902,1433.605975,4778686.583,0,"{""601288.SH"": 15300.0, ""601939.SH"": 9514.7833}",-0.003744262018,-0.01255181223
2025-05-20,V23 60d risk-adjusted momentum Top2,172914.5562,176910.998,538.1411208,2,2562.835902,1433.605975,4778686.583,0,"{""601288.SH"": 15300.0, ""601939.SH"": 9514.7833}",0.0008856136944,-0.0116773146
2025-05-21,V23 60d risk-adjusted momentum Top2,173162.704,177159.1459,538.1411208,2,2562.835902,1433.605975,4778686.583,0,"{""601288.SH"": 15300.0, ""601939.SH"": 9514.7833}",0.001435089321,-0.01025898327
2025-05-22,V23 60d risk-adjusted momentum Top2,173621.704,177618.1459,538.1411208,2,2562.835902,1433.605975,4778686.583,0,"{""601288.SH"": 15300.0, ""601939.SH"": 9514.7833}",0.002650686259,-0.007635490352
2025-05-23,V23 60d risk-adjusted momentum Top2,171694.3735,175690.8154,538.1411208,2,2562.835902,1433.605975,4778686.583,0,"{""601288.SH"": 15300.0, ""601939.SH"": 9514.7833}",-0.01110074635,-0.01865147706
2025-05-26,V23 60d risk-adjusted momentum Top2,170701.7822,174698.224,538.1411208,2,2562.835902,1433.605975,4778686.583,0,"{""601288.SH"": 15300.0, ""601939.SH"": 9514.7833}",-0.005781152357,-0.02432480239
2025-05-27,V23 60d risk-adjusted momentum Top2,171446.2257,175442.6675,538.1411208,2,2562.835902,1433.605975,4778686.583,0,"{""601288.SH"": 15300.0, ""601939.SH"": 9514.7833}",0.004361076314,-0.02006980839
2025-05-28,V23 60d risk-adjusted momentum Top2,171102.93,175099.3719,538.1411208,2,2562.835902,1433.605975,4778686.583,0,"{""601288.SH"": 15300.0, ""601939.SH"": 9514.7833}",-0.002002351844,-0.02203197342
2025-05-29,V23 60d risk-adjusted momentum Top2,170569.3387,174565.7805,538.1411208,2,2562.835902,1433.605975,4778686.583,0,"{""601288.SH"": 15300.0, ""601939.SH"": 9514.7833}",-0.003118540004,-0.02508180583
2025-05-30,V23 60d risk-adjusted momentum Top2,171065.6343,175062.0762,538.1411208,2,2562.835902,1433.605975,4778686.583,0,"{""601288.SH"": 15300.0, ""601939.SH"": 9514.7833}",0.002909641732,-0.02224514317
2025-06-03,V23 60d risk-adjusted momentum Top2,171963.0778,175959.5197,538.1411208,2,2562.835902,1433.605975,4778686.583,0,"{""601288.SH"": 15300.0, ""601939.SH"": 9514.7833}",0.005246193968,-0.01711565154
2025-06-04,V23 60d risk-adjusted momentum Top2,171487.3387,175483.7805,538.1411208,2,2562.835902,1433.605975,4778686.583,0,"{""601288.SH"": 15300.0, ""601939.SH"": 9514.7833}",-0.00276651925,-0.01983482001
2025-06-05,V23 60d risk-adjusted momentum Top2,171392.1908,175388.6327,538.1411208,2,2562.835902,1433.605975,4778686.583,0,"{""601288.SH"": 15300.0, ""601939.SH"": 9514.7833}",-0.0005548388222,-0.0203786537
2025-06-06,V23 60d risk-adjusted momentum Top2,172004.1908,176000.6327,538.1411208,2,2562.835902,1433.605975,4778686.583,0,"{""601288.SH"": 15300.0, ""601939.SH"": 9514.7833}",0.003570757787,-0.01688066315
2025-06-09,V23 60d risk-adjusted momentum Top2,171317.5995,175314.0414,538.1411208,2,2562.835902,1433.605975,4778686.583,0,"{""601288.SH"": 15300.0, ""601939.SH"": 9514.7833}",-0.003991712811,-0.0208049932
2025-06-10,V23 60d risk-adjusted momentum Top2,171871.7473,175868.1892,538.1411208,2,2562.835902,1433.605975,4778686.583,0,"{""601288.SH"": 15300.0, ""601939.SH"": 9514.7833}",0.003234622915,-0.0176376666
2025-06-11,V23 60d risk-adjusted momentum Top2,171396.0082,175392.45,538.1411208,2,2562.835902,1433.605975,4778686.583,0,"{""601288.SH"": 15300.0, ""601939.SH"": 9514.7833}",-0.002767989343,-0.02035683507
2025-06-12,V23 60d risk-adjusted momentum Top2,171263.5647,175260.0065,538.1411208,2,2562.835902,1433.605975,4778686.583,0,"{""601288.SH"": 15300.0, ""601939.SH"": 9514.7833}",-0.0007727338603,-0.02111383851
2025-06-13,V23 60d risk-adjusted momentum Top2,170519.1212,174515.563,538.1411208,2,2562.835902,1433.605975,4778686.583,0,"{""601288.SH"": 15300.0, ""601939.SH"": 9514.7833}",-0.004346771016,-0.02536883251
2025-06-16,V23 60d risk-adjusted momentum Top2,172310.1908,176306.6327,538.1411208,2,2562.835902,1433.605975,4778686.583,0,"{""601288.SH"": 15300.0, ""601939.SH"": 9514.7833}",0.01050362945,-0.01513166788
2025-06-17,V23 60d risk-adjusted momentum Top2,172653.4865,176649.9284,538.1411208,2,2562.835902,1433.605975,4778686.583,0,"{""601288.SH"": 15300.0, ""601939.SH"": 9514.7833}",0.00199231203,-0.01316950285
2025-06-18,V23 60d risk-adjusted momentum Top2,175933.4432,179929.885,538.1411208,2,2562.835902,1433.605975,4778686.583,0,"{""601288.SH"": 15300.0, ""601939.SH"": 9514.7833}",0.01899733812,0
2025-06-19,V23 60d risk-adjusted momentum Top2,176086.4432,180082.885,538.1411208,2,2562.835902,1433.605975,4778686.583,0,"{""601288.SH"": 15300.0, ""601939.SH"": 9514.7833}",0.0008696470509,0
2025-06-20,V23 60d risk-adjusted momentum Top2,177401.7737,181398.2155,538.1411208,2,2562.835902,1433.605975,4778686.583,0,"{""601288.SH"": 15300.0, ""601939.SH"": 9514.7833}",0.007469799909,0
2025-06-23,V23 60d risk-adjusted momentum Top2,180569.8433,184566.2852,538.1411208,2,2562.835902,1433.605975,4778686.583,0,"{""601288.SH"": 15300.0, ""601939.SH"": 9514.7833}",0.01785816228,0
2025-06-24,V23 60d risk-adjusted momentum Top2,181926.2868,185922.7287,538.1411208,2,2562.835902,1433.605975,4778686.583,0,"{""601288.SH"": 15300.0, ""601939.SH"": 9514.7833}",0.007512015706,0
2025-06-25,V23 60d risk-adjusted momentum Top2,183510.3216,187506.7635,538.1411208,2,2562.835902,1433.605975,4778686.583,0,"{""601288.SH"": 15300.0, ""601939.SH"": 9514.7833}",0.008707014576,0
2025-06-26,V23 60d risk-adjusted momentum Top2,184618.6173,188615.0592,538.1411208,2,2562.835902,1433.605975,4778686.583,0,"{""601288.SH"": 15300.0, ""601939.SH"": 9514.7833}",0.006039418688,0
2025-06-27,V23 60d risk-adjusted momentum Top2,179655.6607,183652.1025,538.1411208,2,2562.835902,1433.605975,4778686.583,0,"{""601288.SH"": 15300.0, ""601939.SH"": 9514.7833}",-0.02688221119,-0.02688221119
2025-06-30,V23 60d risk-adjusted momentum Top2,180321.6955,184318.1374,538.1411208,2,2562.835902,1433.605975,4778686.583,0,"{""601288.SH"": 15300.0, ""601939.SH"": 9514.7833}",0.00370728553,-0.02327458569
2025-07-01,V23 60d risk-adjusted momentum Top2,184114.687,188111.1289,538.1411208,2,2562.835902,1433.605975,4778686.583,0,"{""601288.SH"": 15300.0, ""601939.SH"": 9514.7833}",0.02103458201,-0.002729574867
2025-07-02,V23 60d risk-adjusted momentum Top2,184896.4261,188892.868,538.1411208,2,2562.835902,1433.605975,4778686.583,0,"{""601288.SH"": 15300.0, ""601939.SH"": 9514.7833}",0.004245935932,0
2025-07-03,V23 60d risk-adjusted momentum Top2,183676.2435,187672.6854,538.1411208,2,2562.835902,1433.605975,4778686.583,0,"{""601288.SH"": 15300.0, ""601939.SH"": 9514.7833}",-0.006599276631,-0.006599276631
2025-07-04,V23 60d risk-adjusted momentum Top2,186042.0175,190038.4593,538.1411208,2,2562.835902,1433.605975,4778686.583,0,"{""601288.SH"": 15300.0, ""601939.SH"": 9514.7833}",0.01288013056,0
2025-07-07,V23 60d risk-adjusted momentum Top2,186331.2783,190327.7202,538.1411208,2,2562.835902,1433.605975,4778686.583,0,"{""601288.SH"": 15300.0, ""601939.SH"": 9514.7833}",0.001554814546,0
2025-07-08,V23 60d risk-adjusted momentum Top2,186848.1305,190844.5724,538.1411208,2,2562.835902,1433.605975,4778686.583,0,"{""601288.SH"": 15300.0, ""601939.SH"": 9514.7833}",0.002773834708,0
2025-07-09,V23 60d risk-adjusted momentum Top2,188833.3131,192829.755,538.1411208,2,2562.835902,1433.605975,4778686.583,0,"{""601288.SH"": 15300.0, ""601939.SH"": 9514.7833}",0.01062457868,0
2025-07-10,V23 60d risk-adjusted momentum Top2,190992.0523,194988.4942,538.1411208,2,2562.835902,1433.605975,4778686.583,0,"{""601288.SH"": 15300.0, ""601939.SH"": 9514.7833}",0.01143198268,0
2025-07-11,V23 60d risk-adjusted momentum Top2,190003.2783,193999.7202,538.1411208,2,2562.835902,1433.605975,4778686.583,0,"{""601288.SH"": 15300.0, ""601939.SH"": 9514.7833}",-0.005177042627,-0.005177042627
2025-07-14,V23 60d risk-adjusted momentum Top2,191111.574,195108.0159,538.1411208,2,2562.835902,1433.605975,4778686.583,0,"{""601288.SH"": 15300.0, ""601939.SH"": 9514.7833}",0.00583303444,0
2025-07-15,V23 60d risk-adjusted momentum Top2,189680.5391,193676.981,538.1411208,2,2562.835902,1433.605975,4778686.583,0,"{""601288.SH"": 15300.0, ""601939.SH"": 9514.7833}",-0.007487954818,-0.007487954818
2025-07-16,V23 60d risk-adjusted momentum Top2,189258.8348,193255.2767,538.1411208,2,2562.835902,1433.605975,4778686.583,0,"{""601288.SH"": 15300.0, ""601939.SH"": 9514.7833}",-0.002223234581,-0.009694541919
2025-07-17,V23 60d risk-adjusted momentum Top2,188217.8317,192214.2736,538.1411208,2,2562.835902,1433.605975,4778686.583,0,"{""601288.SH"": 15622.6564, ""601939.SH"": 9514.7833}",-0.00550041999,-0.01514163786
2025-07-18,V23 60d risk-adjusted momentum Top2,189623.8708,193620.3127,538.1411208,2,2562.835902,1433.605975,4778686.583,0,"{""601288.SH"": 15622.6564, ""601939.SH"": 9514.7833}",0.007470275615,-0.007784474449
2025-07-21,V23 60d risk-adjusted momentum Top2,188298.8606,192295.3025,538.1411208,2,2562.835902,1433.605975,4778686.583,0,"{""601288.SH"": 15622.6564, ""601939.SH"": 9514.7833}",-0.006987570628,-0.01471765051
2025-07-22,V23 60d risk-adjusted momentum Top2,185560.7519,189557.1938,538.1411208,2,2562.835902,1433.605975,4778686.583,0,"{""601288.SH"": 15622.6564, ""601939.SH"": 9514.7833}",-0.01454129213,-0.02904492899
2025-07-23,V23 60d risk-adjusted momentum Top2,188570.1852,192566.6271,538.1411208,2,2562.835902,1433.605975,4778686.583,0,"{""601288.SH"": 15622.6564, ""601939.SH"": 9514.7833}",0.01621804862,-0.01329793244
2025-07-24,V23 60d risk-adjusted momentum Top2,186647.2784,190643.7202,538.1411208,2,2562.835902,1433.605975,4778686.583,0,"{""601288.SH"": 15622.6564, ""601939.SH"": 9514.7833}",-0.01019730036,-0.02335962979
2025-07-25,V23 60d risk-adjusted momentum Top2,186049.3817,190045.8236,538.1411208,2,2562.835902,1433.605975,4778686.583,0,"{""601288.SH"": 15622.6564, ""601939.SH"": 9514.7833}",-0.003203350367,-0.02648815108
2025-07-28,V23 60d risk-adjusted momentum Top2,186395.904,190392.3458,538.1411208,2,2562.835902,1433.605975,4778686.583,0,"{""601288.SH"": 15622.6564, ""601939.SH"": 9514.7833}",0.001862528255,-0.02467495776
2025-07-29,V23 60d risk-adjusted momentum Top2,184377.8493,188374.2912,538.1411208,2,2562.835902,1433.605975,4778686.583,0,"{""601288.SH"": 15622.6564, ""601939.SH"": 9514.7833}",-0.01082671136,-0.03523452047
2025-07-30,V23 60d risk-adjusted momentum Top2,186545.0711,190541.5129,538.1411208,2,2562.835902,1433.605975,4778686.583,0,"{""601288.SH"": 15622.6564, ""601939.SH"": 9514.7833}",0.01175424136,-0.02389443417
2025-07-31,V23 60d risk-adjusted momentum Top2,188494.9875,192491.4294,538.1411208,2,2562.835902,1433.605975,4778686.583,0,"{""601288.SH"": 15622.6564, ""601939.SH"": 9514.7833}",0.01045278997,-0.0136914077
2025-08-01,V23 60d risk-adjusted momentum Top2,189058.815,193055.2569,538.1411208,2,2562.835902,1433.605975,4778686.583,0,"{""601288.SH"": 15622.6564, ""601939.SH"": 9514.7833}",0.002991206999,-0.01074115453
2025-08-04,V23 60d risk-adjusted momentum Top2,190229.937,194382.3206,410.1623822,2,2662.459883,1489.923764,4966412.546,0,"{""601288.SH"": 14922.6564, ""601398.SH"": 12300.0}",0.006194484768,-0.004613205685
2025-08-05,V23 60d risk-adjusted momentum Top2,193452.3354,197604.7191,410.1623822,2,2662.459883,1489.923764,4966412.546,0,"{""601288.SH"": 14922.6564, ""601398.SH"": 12300.0}",0.01693949184,0
2025-08-06,V23 60d risk-adjusted momentum Top2,194646.148,198798.5316,410.1623822,2,2662.459883,1489.923764,4966412.546,0,"{""601288.SH"": 14922.6564, ""601398.SH"": 12300.0}",0.006171093834,0
2025-08-07,V23 60d risk-adjusted momentum Top2,196973.187,201125.5707,410.1623822,2,2662.459883,1489.923764,4966412.546,0,"{""601288.SH"": 14922.6564, ""601398.SH"": 12300.0}",0.011955228,0
2025-08-08,V23 60d risk-adjusted momentum Top2,196358.187,200510.5707,410.1623822,2,2662.459883,1489.923764,4966412.546,0,"{""601288.SH"": 14922.6564, ""601398.SH"": 12300.0}",-0.00312225237,-0.00312225237
2025-08-11,V23 60d risk-adjusted momentum Top2,195698.8667,199851.2504,410.1623822,2,2662.459883,1489.923764,4966412.546,0,"{""601288.SH"": 14922.6564, ""601398.SH"": 12300.0}",-0.003357742893,-0.006469511543
2025-08-12,V23 60d risk-adjusted momentum Top2,198324.3589,202476.7426,410.1623822,2,2662.459883,1489.923764,4966412.546,0,"{""601288.SH"": 14922.6564, ""601398.SH"": 12300.0}",0.01341598064,0
2025-08-13,V23 60d risk-adjusted momentum Top2,196594.2261,200746.6098,410.1623822,2,2662.459883,1489.923764,4966412.546,0,"{""601288.SH"": 14922.6564, ""601398.SH"": 12300.0}",-0.008723753506,-0.008723753506
2025-08-14,V23 60d risk-adjusted momentum Top2,198261.9449,202414.3285,410.1623822,2,2662.459883,1489.923764,4966412.546,0,"{""601288.SH"": 14922.6564, ""601398.SH"": 12300.0}",0.00848305062,-0.0003147069285
2025-08-15,V23 60d risk-adjusted momentum Top2,195495.3589,199647.7426,410.1623822,2,2662.459883,1489.923764,4966412.546,0,"{""601288.SH"": 14922.6564, ""601398.SH"": 12300.0}",-0.01395419556,-0.014264511
2025-08-18,V23 60d risk-adjusted momentum Top2,196443.1714,200595.5551,410.1623822,2,2662.459883,1489.923764,4966412.546,0,"{""601288.SH"": 14922.6564, ""601398.SH"": 12300.0}",0.004848260949,-0.009485408125
2025-08-19,V23 60d risk-adjusted momentum Top2,198278.2105,202430.5942,410.1623822,2,2662.459883,1489.923764,4966412.546,0,"{""601288.SH"": 14922.6564, ""601398.SH"": 12300.0}",0.009341322812,-0.0002326915717
2025-08-20,V23 60d risk-adjusted momentum Top2,199173.5699,203325.9536,410.1623822,2,2662.459883,1489.923764,4966412.546,0,"{""601288.SH"": 14922.6564, ""601398.SH"": 12300.0}",0.004515672113,0
2025-08-21,V23 60d risk-adjusted momentum Top2,201780.9684,205933.352,410.1623822,2,2662.459883,1489.923764,4966412.546,0,"{""601288.SH"": 14922.6564, ""601398.SH"": 12300.0}",0.01309108666,0
2025-08-22,V23 60d risk-adjusted momentum Top2,203194.5543,207346.938,410.1623822,2,2662.459883,1489.923764,4966412.546,0,"{""601288.SH"": 14922.6564, ""601398.SH"": 12300.0}",0.007005546467,0
2025-08-25,V23 60d risk-adjusted momentum Top2,202105.6481,206258.0317,410.1623822,2,2662.459883,1489.923764,4966412.546,0,"{""601288.SH"": 14922.6564, ""601398.SH"": 12300.0}",-0.005358934253,-0.005358934253
2025-08-26,V23 60d risk-adjusted momentum Top2,201912.1012,206064.4848,410.1623822,2,2662.459883,1489.923764,4966412.546,0,"{""601288.SH"": 14922.6564, ""601398.SH"": 12300.0}",-0.0009576519669,-0.006311454226
2025-08-27,V23 60d risk-adjusted momentum Top2,197653.2496,201805.6333,410.1623822,2,2662.459883,1489.923764,4966412.546,0,"{""601288.SH"": 14922.6564, ""601398.SH"": 12300.0}",-0.02109260202,-0.02727093125
2025-08-28,V23 60d risk-adjusted momentum Top2,195941.2105,200093.5942,410.1623822,2,2662.459883,1489.923764,4966412.546,0,"{""601288.SH"": 14922.6564, ""601398.SH"": 12300.0}",-0.008661831172,-0.03569654622
2025-08-29,V23 60d risk-adjusted momentum Top2,196556.2105,200708.5942,410.1623822,2,2662.459883,1489.923764,4966412.546,0,"{""601288.SH"": 14922.6564, ""601398.SH"": 12300.0}",0.003138696542,-0.03266989031
2025-09-01,V23 60d risk-adjusted momentum Top2,196388.8902,200541.2739,410.1623822,2,2662.459883,1489.923764,4966412.546,0,"{""601288.SH"": 14922.6564, ""601398.SH"": 12300.0}",-0.0008512593249,-0.03349333908
2025-09-02,V23 60d risk-adjusted momentum Top2,200833.882,205003.4458,86.98223028,2,2675.752035,1493.811764,4979372.546,0,"{""601288.SH"": 14022.6564, ""601398.SH"": 13200.0}",0.0226336212,-0.01161779343
2025-09-03,V23 60d risk-adjusted momentum Top2,198556.9757,202726.5395,86.98223028,2,2675.752035,1493.811764,4979372.546,0,"{""601288.SH"": 14022.6564, ""601398.SH"": 13200.0}",-0.0113372616,-0.02282334107
2025-09-04,V23 60d risk-adjusted momentum Top2,205065.3586,209234.9224,86.98223028,2,2675.752035,1493.811764,4979372.546,0,"{""601288.SH"": 14022.6564, ""601398.SH"": 13200.0}",0.03277841464,0
2025-09-05,V23 60d risk-adjusted momentum Top2,200660.3742,204829.938,86.98223028,2,2675.752035,1493.811764,4979372.546,0,"{""601288.SH"": 14022.6564, ""601398.SH"": 13200.0}",-0.02148088027,-0.02148088027
2025-09-08,V23 60d risk-adjusted momentum Top2,199571.4679,203741.0317,86.98223028,2,2675.752035,1493.811764,4979372.546,0,"{""601288.SH"": 14022.6564, ""601398.SH"": 13200.0}",-0.00542661331,-0.02679092515
2025-09-09,V23 60d risk-adjusted momentum Top2,200668.6007,204838.1645,86.98223028,2,2675.752035,1493.811764,4979372.546,0,"{""601288.SH"": 14022.6564, ""601398.SH"": 13200.0}",0.005497443262,-0.02144076348
2025-09-10,V23 60d risk-adjusted momentum Top2,200916.1476,205085.7114,86.98223028,2,2675.752035,1493.811764,4979372.546,0,"{""601288.SH"": 14022.6564, ""601398.SH"": 13200.0}",0.001233610393,-0.02023360263
2025-09-11,V23 60d risk-adjusted momentum Top2,201303.921,205473.4848,86.98223028,2,2675.752035,1493.811764,4979372.546,0,"{""601288.SH"": 14022.6564, ""601398.SH"": 13200.0}",0.001930026234,-0.01834262778
2025-09-12,V23 60d risk-adjusted momentum Top2,200347.0148,204516.5786,86.98223028,2,2675.752035,1493.811764,4979372.546,0,"{""601288.SH"": 14022.6564, ""601398.SH"": 13200.0}",-0.004753540081,-0.02300897545
2025-09-15,V23 60d risk-adjusted momentum Top2,198565.2023,202734.7661,86.98223028,2,2675.752035,1493.811764,4979372.546,0,"{""601288.SH"": 14022.6564, ""601398.SH"": 13200.0}",-0.008893631464,-0.03169797356
2025-09-16,V23 60d risk-adjusted momentum Top2,197146.4835,201316.0473,86.98223028,2,2675.752035,1493.811764,4979372.546,0,"{""601288.SH"": 14022.6564, ""601398.SH"": 13200.0}",-0.007144850938,-0.0386163472
2025-09-17,V23 60d risk-adjusted momentum Top2,196156.671,200326.2348,86.98223028,2,2675.752035,1493.811764,4979372.546,0,"{""601288.SH"": 14022.6564, ""601398.SH"": 13200.0}",-0.005020695763,-0.04344316204
2025-09-18,V23 60d risk-adjusted momentum Top2,191248.3663,195417.9301,86.98223028,2,2675.752035,1493.811764,4979372.546,0,"{""601288.SH"": 14022.6564, ""601398.SH"": 13200.0}",-0.0250223696,-0.06737848078
2025-09-19,V23 60d risk-adjusted momentum Top2,188377.6475,192547.2113,86.98223028,2,2675.752035,1493.811764,4979372.546,0,"{""601288.SH"": 14022.6564, ""601398.SH"": 13200.0}",-0.01501042246,-0.08137752378
2025-09-22,V23 60d risk-adjusted momentum Top2,185870.0225,190039.5863,86.98223028,2,2675.752035,1493.811764,4979372.546,0,"{""601288.SH"": 14022.6564, ""601398.SH"": 13200.0}",-0.01331169097,-0.0936059423
2025-09-23,V23 60d risk-adjusted momentum Top2,191017.6475,195187.2113,86.98223028,2,2675.752035,1493.811764,4979372.546,0,"{""601288.SH"": 14022.6564, ""601398.SH"": 13200.0}",0.02769475659,-0.0685035795
2025-09-24,V23 60d risk-adjusted momentum Top2,190819.835,194989.3988,86.98223028,2,2675.752035,1493.811764,4979372.546,0,"{""601288.SH"": 14022.6564, ""601398.SH"": 13200.0}",-0.001035571933,-0.06946821105
2025-09-25,V23 60d risk-adjusted momentum Top2,190192.7412,194362.305,86.98223028,2,2675.752035,1493.811764,4979372.546,0,"{""601288.SH"": 14022.6564, ""601398.SH"": 13200.0}",-0.003286313201,-0.07252622995
2025-09-26,V23 60d risk-adjusted momentum Top2,190728.9678,194898.5316,86.98223028,2,2675.752035,1493.811764,4979372.546,0,"{""601288.SH"": 14022.6564, ""601398.SH"": 13200.0}",0.002819385013,-0.0699113243
2025-09-29,V23 60d risk-adjusted momentum Top2,189672.9678,193842.5316,86.98223028,2,2675.752035,1493.811764,4979372.546,0,"{""601288.SH"": 14022.6564, ""601398.SH"": 13200.0}",-0.005536652414,-0.07506090201
2025-09-30,V23 60d risk-adjusted momentum Top2,189978.1006,194147.6644,86.98223028,2,2675.752035,1493.811764,4979372.546,0,"{""601288.SH"": 14022.6564, ""601398.SH"": 13200.0}",0.001608731202,-0.07357292363
2025-10-09,V23 60d risk-adjusted momentum Top2,190530.7803,194700.3441,86.98223028,2,2675.752035,1493.811764,4979372.546,0,"{""601288.SH"": 14022.6564, ""601398.SH"": 13200.0}",0.0029091758,-0.0708777844
2025-10-10,V23 60d risk-adjusted momentum Top2,192353.9276,196534.2895,135.1841498,2,2686.130415,1494.231464,4980771.546,0,"{""601288.SH"": 14122.6564, ""601398.SH"": 13100.0}",0.009568780711,-0.06198721766
2025-10-13,V23 60d risk-adjusted momentum Top2,192959.7401,197140.102,135.1841498,2,2686.130415,1494.231464,4980771.546,0,"{""601288.SH"": 14122.6564, ""601398.SH"": 13100.0}",0.003149467869,-0.05903297654
2025-10-14,V23 60d risk-adjusted momentum Top2,199079.7245,203260.0864,135.1841498,2,2686.130415,1494.231464,4980771.546,0,"{""601288.SH"": 14122.6564, ""601398.SH"": 13100.0}",0.03171637986,-0.02918890899
2025-10-15,V23 60d risk-adjusted momentum Top2,200532.8964,204713.2583,135.1841498,2,2686.130415,1494.231464,4980771.546,0,"{""601288.SH"": 14122.6564, ""601398.SH"": 13100.0}",0.007299447013,-0.02210252487
2025-10-16,V23 60d risk-adjusted momentum Top2,205866.8808,210047.2427,135.1841498,2,2686.130415,1494.231464,4980771.546,0,"{""601288.SH"": 14122.6564, ""601398.SH"": 13100.0}",0.02659904939,0
2025-10-17,V23 60d risk-adjusted momentum Top2,207571.8262,211752.188,135.1841498,2,2686.130415,1494.231464,4980771.546,0,"{""601288.SH"": 14122.6564, ""601398.SH"": 13100.0}",0.008281785439,0
2025-10-20,V23 60d risk-adjusted momentum Top2,209276.7715,213457.1334,135.1841498,2,2686.130415,1494.231464,4980771.546,0,"{""601288.SH"": 14122.6564, ""601398.SH"": 13100.0}",0.008213760834,0
2025-10-21,V23 60d risk-adjusted momentum Top2,211505.7168,215686.0787,135.1841498,2,2686.130415,1494.231464,4980771.546,0,"{""601288.SH"": 14122.6564, ""601398.SH"": 13100.0}",0.01065070586,0
2025-10-22,V23 60d risk-adjusted momentum Top2,216043.4747,220223.8366,135.1841498,2,2686.130415,1494.231464,4980771.546,0,"{""601288.SH"": 14122.6564, ""601398.SH"": 13100.0}",0.02145453995,0
2025-10-23,V23 60d risk-adjusted momentum Top2,215679.209,219859.5709,135.1841498,2,2686.130415,1494.231464,4980771.546,0,"{""601288.SH"": 14122.6564, ""601398.SH"": 13100.0}",-0.001686075655,-0.001686075655
2025-10-24,V23 60d risk-adjusted momentum Top2,215679.209,219859.5709,135.1841498,2,2686.130415,1494.231464,4980771.546,0,"{""601288.SH"": 14122.6564, ""601398.SH"": 13100.0}",0,-0.001686075655
2025-10-27,V23 60d risk-adjusted momentum Top2,219279.5138,223459.8756,135.1841498,2,2686.130415,1494.231464,4980771.546,0,"{""601288.SH"": 14122.6564, ""601398.SH"": 13100.0}",0.01669286872,0
2025-10-28,V23 60d risk-adjusted momentum Top2,222163.4591,226343.821,135.1841498,2,2686.130415,1494.231464,4980771.546,0,"{""601288.SH"": 14122.6564, ""601398.SH"": 13100.0}",0.01315191413,0
2025-10-29,V23 60d risk-adjusted momentum Top2,217807.8341,221988.1959,135.1841498,2,2686.130415,1494.231464,4980771.546,0,"{""601288.SH"": 14122.6564, ""601398.SH"": 13100.0}",-0.01960549699,-0.01960549699
2025-10-30,V23 60d risk-adjusted momentum Top2,216667.795,220848.1569,135.1841498,2,2686.130415,1494.231464,4980771.546,0,"{""601288.SH"": 14122.6564, ""601398.SH"": 13100.0}",-0.005234150937,-0.0247370298
2025-10-31,V23 60d risk-adjusted momentum Top2,214469.5293,218649.8912,135.1841498,2,2686.130415,1494.231464,4980771.546,0,"{""601288.SH"": 14122.6564, ""601398.SH"": 13100.0}",-0.01014578859,-0.03463184172
2025-11-03,V23 60d risk-adjusted momentum Top2,216747.6622,220928.024,135.1841498,2,2686.130415,1494.231464,4980771.546,0,"{""601288.SH"": 14122.6564, ""601398.SH"": 13100.0}",0.01062217476,-0.02437753243
2025-11-04,V23 60d risk-adjusted momentum Top2,221782.4744,225978.1959,191.8244709,2,2698.628094,1497.093464,4990311.546,0,"{""601288.SH"": 13522.6564, ""601398.SH"": 13700.0}",0.02322891131,-0.001714884659
2025-11-05,V23 60d risk-adjusted momentum Top2,222325.1541,226520.8756,191.8244709,2,2698.628094,1497.093464,4990311.546,0,"{""601288.SH"": 13522.6564, ""601398.SH"": 13700.0}",0.002446900705,0
2025-11-06,V23 60d risk-adjusted momentum Top2,221369.7009,225565.4225,191.8244709,2,2698.628094,1497.093464,4990311.546,0,"{""601288.SH"": 13522.6564, ""601398.SH"": 13700.0}",-0.004297548483,-0.004297548483
2025-11-07,V23 60d risk-adjusted momentum Top2,219739.8884,223935.61,191.8244709,2,2698.628094,1497.093464,4990311.546,0,"{""601288.SH"": 13522.6564, ""601398.SH"": 13700.0}",-0.007362401031,-0.01162830924
2025-11-10,V23 60d risk-adjusted momentum Top2,221239.7947,225435.5162,191.8244709,2,2698.628094,1497.093464,4990311.546,0,"{""601288.SH"": 13522.6564, ""601398.SH"": 13700.0}",0.006825826062,-0.004881855993
2025-11-11,V23 60d risk-adjusted momentum Top2,224221.8728,228417.5944,191.8244709,2,2698.628094,1497.093464,4990311.546,0,"{""601288.SH"": 13522.6564, ""601398.SH"": 13700.0}",0.01347894108,0
2025-11-12,V23 60d risk-adjusted momentum Top2,228554.4432,232750.1648,191.8244709,2,2698.628094,1497.093464,4990311.546,0,"{""601288.SH"": 13522.6564, ""601398.SH"": 13700.0}",0.01932269279,0
2025-11-13,V23 60d risk-adjusted momentum Top2,228422.7635,232618.4851,191.8244709,2,2698.628094,1497.093464,4990311.546,0,"{""601288.SH"": 13522.6564, ""601398.SH"": 13700.0}",-0.0005761414701,-0.0005761414701
2025-11-14,V23 60d risk-adjusted momentum Top2,228159.4041,232355.1257,191.8244709,2,2698.628094,1497.093464,4990311.546,0,"{""601288.SH"": 13522.6564, ""601398.SH"": 13700.0}",-0.001152947201,-0.00172842441
2025-11-17,V23 60d risk-adjusted momentum Top2,224629.326,228825.0475,191.8244709,2,2698.628094,1497.093464,4990311.546,0,"{""601288.SH"": 13522.6564, ""601398.SH"": 13700.0}",-0.01547198184,-0.0171736641
2025-11-18,V23 60d risk-adjusted momentum Top2,223282.3806,227478.1022,191.8244709,2,2698.628094,1497.093464,4990311.546,0,"{""601288.SH"": 13522.6564, ""601398.SH"": 13700.0}",-0.005996302264,-0.02306698788
2025-11-19,V23 60d risk-adjusted momentum Top2,224099.0603,228294.7819,191.8244709,2,2698.628094,1497.093464,4990311.546,0,"{""601288.SH"": 13522.6564, ""601398.SH"": 13700.0}",0.003657609215,-0.0194937487
2025-11-20,V23 60d risk-adjusted momentum Top2,223835.7009,228031.4225,191.8244709,2,2698.628094,1497.093464,4990311.546,0,"{""601288.SH"": 13522.6564, ""601398.SH"": 13700.0}",-0.001175191835,-0.02064603164
2025-11-21,V23 60d risk-adjusted momentum Top2,222074.2087,226269.9303,191.8244709,2,2698.628094,1497.093464,4990311.546,0,"{""601288.SH"": 13522.6564, ""601398.SH"": 13700.0}",-0.007869576658,-0.02835313277
2025-11-24,V23 60d risk-adjusted momentum Top2,220983.529,225179.2506,191.8244709,2,2698.628094,1497.093464,4990311.546,0,"{""601288.SH"": 13522.6564, ""601398.SH"": 13700.0}",-0.004911329862,-0.03312521104
2025-11-25,V23 60d risk-adjusted momentum Top2,223166.6619,227362.3834,191.8244709,2,2698.628094,1497.093464,4990311.546,0,"{""601288.SH"": 13522.6564, ""601398.SH"": 13700.0}",0.009879165343,-0.02357329513
2025-11-26,V23 60d risk-adjusted momentum Top2,219353.7165,223549.4381,191.8244709,2,2698.628094,1497.093464,4990311.546,0,"{""601288.SH"": 13522.6564, ""601398.SH"": 13700.0}",-0.01708564041,-0.0402561707
2025-11-27,V23 60d risk-adjusted momentum Top2,221517.3416,225713.0631,191.8244709,2,2698.628094,1497.093464,4990311.546,0,"{""601288.SH"": 13522.6564, ""601398.SH"": 13700.0}",0.009863635151,-0.03078960773
2025-11-28,V23 60d risk-adjusted momentum Top2,220020.9822,224216.7037,191.8244709,2,2698.628094,1497.093464,4990311.546,0,"{""601288.SH"": 13522.6564, ""601398.SH"": 13700.0}",-0.006755043986,-0.03733666656
2025-12-01,V23 60d risk-adjusted momentum Top2,219070.8494,223266.5709,191.8244709,2,2698.628094,1497.093464,4990311.546,0,"{""601288.SH"": 13522.6564, ""601398.SH"": 13700.0}",-0.004318373694,-0.04149380657
2025-12-02,V23 60d risk-adjusted momentum Top2,219123.723,223503.2506,594.0184611,2,2816.110104,1563.417464,5211391.546,0,"{""601288.SH"": 13722.6564, ""601988.SH"": 17900.0}",0.0002413542618,-0.04126246702
2025-12-03,V23 60d risk-adjusted momentum Top2,216426.8168,220806.3443,594.0184611,2,2816.110104,1563.417464,5211391.546,0,"{""601288.SH"": 13722.6564, ""601988.SH"": 17900.0}",-0.01230768727,-0.05306230875
2025-12-04,V23 60d risk-adjusted momentum Top2,214255.0043,218634.5318,594.0184611,2,2816.110104,1563.417464,5211391.546,0,"{""601288.SH"": 13722.6564, ""601988.SH"": 17900.0}",-0.01003485865,-0.06256469464
2025-12-05,V23 60d risk-adjusted momentum Top2,211904.1917,216283.7193,594.0184611,2,2816.110104,1563.417464,5211391.546,0,"{""601288.SH"": 13722.6564, ""601988.SH"": 17900.0}",-0.01097203084,-0.07285026372
2025-12-08,V23 60d risk-adjusted momentum Top2,212536.6449,216916.1724,594.0184611,2,2816.110104,1563.417464,5211391.546,-2.910383046e-11,"{""601288.SH"": 13722.6564, ""601988.SH"": 17900.0}",0.0029846183,-0.07008307565
2025-12-09,V23 60d risk-adjusted momentum Top2,215460.1762,219839.7037,594.0184611,2,2816.110104,1563.417464,5211391.546,0,"{""601288.SH"": 13722.6564, ""601988.SH"": 17900.0}",0.01375542221,-0.05729167573
2025-12-10,V23 60d risk-adjusted momentum Top2,210830.1917,215209.7193,594.0184611,2,2816.110104,1563.417464,5211391.546,0,"{""601288.SH"": 13722.6564, ""601988.SH"": 17900.0}",-0.02148881755,-0.07754936291
2025-12-11,V23 60d risk-adjusted momentum Top2,213615.7634,217995.291,594.0184611,2,2816.110104,1563.417464,5211391.546,0,"{""601288.SH"": 13722.6564, ""601988.SH"": 18248.8756}",0.01321239451,-0.06536158118
2025-12-12,V23 60d risk-adjusted momentum Top2,208544.1405,212923.6681,594.0184611,2,2816.110104,1563.417464,5211391.546,0,"{""601288.SH"": 13722.6564, ""601988.SH"": 18248.8756}",-0.02374180087,-0.08755158041
2025-12-15,V23 60d risk-adjusted momentum Top2,207377.5803,211757.1079,594.0184611,2,2816.110104,1563.417464,5211391.546,-2.910383046e-11,"{""601288.SH"": 13939.5687, ""601988.SH"": 18248.8756}",-0.005593828696,-0.09265566056
2025-12-16,V23 60d risk-adjusted momentum Top2,205339.8545,209719.3821,594.0184611,2,2816.110104,1563.417464,5211391.546,0,"{""601288.SH"": 13939.5687, ""601988.SH"": 18248.8756}",-0.009826162299,-0.1015713733
2025-12-17,V23 60d risk-adjusted momentum Top2,206819.9976,211199.5251,594.0184611,2,2816.110104,1563.417464,5211391.546,0,"{""601288.SH"": 13939.5687, ""601988.SH"": 18248.8756}",0.007208259763,-0.09509526638
2025-12-18,V23 60d risk-adjusted momentum Top2,210553.3317,214932.8592,594.0184611,2,2816.110104,1563.417464,5211391.546,0,"{""601288.SH"": 13939.5687, ""601988.SH"": 18248.8756}",0.01805112734,-0.0787607158
2025-12-19,V23 60d risk-adjusted momentum Top2,209126.3982,213505.9258,594.0184611,2,2816.110104,1563.417464,5211391.546,0,"{""601288.SH"": 13939.5687, ""601988.SH"": 18248.8756}",-0.006777064265,-0.08500401363
2025-12-22,V23 60d risk-adjusted momentum Top2,209866.4697,214245.9973,594.0184611,2,2816.110104,1563.417464,5211391.546,0,"{""601288.SH"": 13939.5687, ""601988.SH"": 18248.8756}",0.003538871764,-0.08176596017
2025-12-23,V23 60d risk-adjusted momentum Top2,211389.7058,215769.2334,594.0184611,2,2816.110104,1563.417464,5211391.546,0,"{""601288.SH"": 13939.5687, ""601988.SH"": 18248.8756}",0.007258120277,-0.07510130707
2025-12-24,V23 60d risk-adjusted momentum Top2,210563.4481,214942.9757,594.0184611,2,2816.110104,1563.417464,5211391.546,0,"{""601288.SH"": 13939.5687, ""601988.SH"": 18248.8756}",-0.003908693845,-0.07871645289
2025-12-25,V23 60d risk-adjusted momentum Top2,209362.0965,213741.6241,594.0184611,2,2816.110104,1563.417464,5211391.546,0,"{""601288.SH"": 13939.5687, ""601988.SH"": 18248.8756}",-0.005705413959,-0.0839727569
2025-12-26,V23 60d risk-adjusted momentum Top2,207656.3717,212035.8992,594.0184611,2,2816.110104,1563.417464,5211391.546,0,"{""601288.SH"": 13939.5687, ""601988.SH"": 18248.8756}",-0.008147247584,-0.09143585765
2025-12-29,V23 60d risk-adjusted momentum Top2,210745.9369,215125.4645,594.0184611,2,2816.110104,1563.417464,5211391.546,0,"{""601288.SH"": 13939.5687, ""601988.SH"": 18248.8756}",0.01487825874,-0.07791800526
2025-12-30,V23 60d risk-adjusted momentum Top2,210145.2611,214524.7887,594.0184611,2,2816.110104,1563.417464,5211391.546,0,"{""601288.SH"": 13939.5687, ""601988.SH"": 18248.8756}",-0.002850236768,-0.08054615726
2025-12-31,V23 60d risk-adjusted momentum Top2,212215.9634,216595.491,594.0184611,2,2816.110104,1563.417464,5211391.546,0,"{""601288.SH"": 13939.5687, ""601988.SH"": 18248.8756}",0.009853671387,-0.07148616124
2026-01-05,V23 60d risk-adjusted momentum Top2,209587.6783,213967.2059,594.0184611,2,2816.110104,1563.417464,5211391.546,-2.910383046e-11,"{""601288.SH"": 13939.5687, ""601988.SH"": 18248.8756}",-0.01238495471,-0.08298576308
2026-01-06,V23 60d risk-adjusted momentum Top2,207975.1968,212359.9002,21.84268943,2,2821.115776,1563.587564,5211958.546,0,"{""601288.SH"": 13939.5687, ""601988.SH"": 18348.8756}",-0.007693589227,-0.09004089394
2026-01-07,V23 60d risk-adjusted momentum Top2,206448.9608,210833.6641,21.84268943,2,2821.115776,1563.587564,5211958.546,0,"{""601288.SH"": 13939.5687, ""601988.SH"": 18348.8756}",-0.007338548551,-0.09671867301
2026-01-08,V23 60d risk-adjusted momentum Top2,205018.0273,209402.7306,21.84268943,2,2821.115776,1563.587564,5211958.546,0,"{""601288.SH"": 13939.5687, ""601988.SH"": 18348.8756}",-0.006931172987,-0.1029794721
2026-01-09,V23 60d risk-adjusted momentum Top2,204049.374,208434.0773,21.84268943,2,2821.115776,1563.587564,5211958.546,0,"{""601288.SH"": 13939.5687, ""601988.SH"": 18348.8756}",-0.004724722709,-0.1072176454
2026-01-12,V23 60d risk-adjusted momentum Top2,206316.6815,210701.3849,21.84268943,2,2821.115776,1563.587564,5211958.546,0,"{""601288.SH"": 13939.5687, ""601988.SH"": 18348.8756}",0.01111156354,-0.09729743754
2026-01-13,V23 60d risk-adjusted momentum Top2,207938.2202,212322.9236,21.84268943,2,2821.115776,1563.587564,5211958.546,0,"{""601288.SH"": 13939.5687, ""601988.SH"": 18348.8756}",0.007859464812,-0.09020267852
2026-01-14,V23 60d risk-adjusted momentum Top2,204658.1663,209042.8696,21.84268943,2,2821.115776,1563.587564,5211958.546,0,"{""601288.SH"": 13939.5687, ""601988.SH"": 18348.8756}",-0.01577417552,-0.1045539811
2026-01-15,V23 60d risk-adjusted momentum Top2,201833.2759,206217.9793,21.84268943,2,2821.115776,1563.587564,5211958.546,0,"{""601288.SH"": 13939.5687, ""601988.SH"": 18348.8756}",-0.01380296905,-0.1169137948
2026-01-16,V23 60d risk-adjusted momentum Top2,199610.0614,203994.7648,21.84268943,2,2821.115776,1563.587564,5211958.546,0,"{""601288.SH"": 13939.5687, ""601988.SH"": 18348.8756}",-0.01101510396,-0.1266410812
2026-01-19,V23 60d risk-adjusted momentum Top2,197342.7538,201727.4572,21.84268943,2,2821.115776,1563.587564,5211958.546,0,"{""601288.SH"": 13939.5687, ""601988.SH"": 18348.8756}",-0.01135868387,-0.1365612891
2026-01-20,V23 60d risk-adjusted momentum Top2,199786.4337,204171.137,21.84268943,2,2821.115776,1563.587564,5211958.546,0,"{""601288.SH"": 13939.5687, ""601988.SH"": 18348.8756}",0.01238292164,-0.1258693952
2026-01-21,V23 60d risk-adjusted momentum Top2,194840.7479,199225.4513,21.84268943,2,2821.115776,1563.587564,5211958.546,0,"{""601288.SH"": 13939.5687, ""601988.SH"": 18348.8756}",-0.02475486277,-0.1475083783
2026-01-22,V23 60d risk-adjusted momentum Top2,192199.3464,196584.0497,21.84268943,2,2821.115776,1563.587564,5211958.546,0,"{""601288.SH"": 13939.5687, ""601988.SH"": 18348.8756}",-0.01355672059,-0.159065369
2026-01-23,V23 60d risk-adjusted momentum Top2,190812.506,195197.2093,21.84268943,2,2821.115776,1563.587564,5211958.546,0,"{""601288.SH"": 13939.5687, ""601988.SH"": 18348.8756}",-0.007215635319,-0.1651332467
2026-01-26,V23 60d risk-adjusted momentum Top2,192801.0222,197185.7255,21.84268943,2,2821.115776,1563.587564,5211958.546,0,"{""601288.SH"": 13939.5687, ""601988.SH"": 18348.8756}",0.01042130965,-0.1564328417
2026-01-27,V23 60d risk-adjusted momentum Top2,193864.9781,198249.6815,21.84268943,2,2821.115776,1563.587564,5211958.546,0,"{""601288.SH"": 13939.5687, ""601988.SH"": 18348.8756}",0.00551841446,-0.1517776885
2026-01-28,V23 60d risk-adjusted momentum Top2,192793.9057,197178.609,21.84268943,2,2821.115776,1563.587564,5211958.546,0,"{""601288.SH"": 13939.5687, ""601988.SH"": 18348.8756}",-0.005524837143,-0.1564639786
2026-01-29,V23 60d risk-adjusted momentum Top2,193065.5806,197450.2839,21.84268943,2,2821.115776,1563.587564,5211958.546,0,"{""601288.SH"": 13939.5687, ""601988.SH"": 18348.8756}",0.001409146679,-0.1552753127
2026-01-30,V23 60d risk-adjusted momentum Top2,192229.2065,196613.9098,21.84268943,2,2821.115776,1563.587564,5211958.546,0,"{""601288.SH"": 13939.5687, ""601988.SH"": 18348.8756}",-0.004332072669,-0.1589347214
2026-02-02,V23 60d risk-adjusted momentum Top2,193983.0244,198367.7277,21.84268943,2,2821.115776,1563.587564,5211958.546,0,"{""601288.SH"": 13939.5687, ""601988.SH"": 18348.8756}",0.009123576669,-0.1512611978
2026-02-03,V23 60d risk-adjusted momentum Top2,189466.9287,194011.6981,411.8657348,2,2923.595565,1621.173791,5403912.635,0,"{""601939.SH"": 10900.0, ""601988.SH"": 17948.8756}",-0.02328088075,-0.1710205847
2026-02-04,V23 60d risk-adjusted momentum Top2,191486.35,196031.1193,411.8657348,2,2923.595565,1621.173791,5403912.635,0,"{""601939.SH"": 10900.0, ""601988.SH"": 17948.8756}",0.01065843682,-0.1621849599
2026-02-05,V23 60d risk-adjusted momentum Top2,193582.7938,198127.5631,411.8657348,2,2923.595565,1621.173791,5403912.635,0,"{""601939.SH"": 10900.0, ""601988.SH"": 17948.8756}",0.01094826748,-0.1530123368
2026-02-06,V23 60d risk-adjusted momentum Top2,192794.35,197339.1193,411.8657348,2,2923.595565,1621.173791,5403912.635,0,"{""601939.SH"": 10900.0, ""601988.SH"": 17948.8756}",-0.004072902156,-0.1564620347
2026-02-09,V23 60d risk-adjusted momentum Top2,193550.8163,198095.5856,411.8657348,2,2923.595565,1621.173791,5403912.635,0,"{""601939.SH"": 10900.0, ""601988.SH"": 17948.8756}",0.003923695206,-0.1531522488
2026-02-10,V23 60d risk-adjusted momentum Top2,195288.2825,199833.0519,411.8657348,2,2923.595565,1621.173791,5403912.635,0,"{""601939.SH"": 10900.0, ""601988.SH"": 17948.8756}",0.008976796381,-0.145550269
2026-02-11,V23 60d risk-adjusted momentum Top2,195179.2825,199724.0519,411.8657348,2,2923.595565,1621.173791,5403912.635,-2.910383046e-11,"{""601939.SH"": 10900.0, ""601988.SH"": 17948.8756}",-0.0005581492069,-0.1460271794
2026-02-12,V23 60d risk-adjusted momentum Top2,192287.8612,196832.6306,411.8657348,2,2923.595565,1621.173791,5403912.635,0,"{""601939.SH"": 10900.0, ""601988.SH"": 17948.8756}",-0.01481418136,-0.1586780877
2026-02-13,V23 60d risk-adjusted momentum Top2,190550.395,195095.1643,411.8657348,2,2923.595565,1621.173791,5403912.635,0,"{""601939.SH"": 10900.0, ""601988.SH"": 17948.8756}",-0.009035756369,-0.1662800675
2026-02-24,V23 60d risk-adjusted momentum Top2,189973.4175,194518.1868,411.8657348,2,2923.595565,1621.173791,5403912.635,0,"{""601939.SH"": 10900.0, ""601988.SH"": 17948.8756}",-0.003027952324,-0.1688045317
2026-02-25,V23 60d risk-adjusted momentum Top2,189646.4175,194191.1868,411.8657348,2,2923.595565,1621.173791,5403912.635,0,"{""601939.SH"": 10900.0, ""601988.SH"": 17948.8756}",-0.001721293454,-0.170235263
2026-02-26,V23 60d risk-adjusted momentum Top2,188960.4399,193505.2093,411.8657348,2,2923.595565,1621.173791,5403912.635,0,"{""601939.SH"": 10900.0, ""601988.SH"": 17948.8756}",-0.003617139308,-0.1732366377
2026-02-27,V23 60d risk-adjusted momentum Top2,188812.9287,193357.6981,411.8657348,2,2923.595565,1621.173791,5403912.635,0,"{""601939.SH"": 10900.0, ""601988.SH"": 17948.8756}",-0.0007806461734,-0.1738820473
2026-03-02,V23 60d risk-adjusted momentum Top2,190659.395,195204.1643,411.8657348,2,2923.595565,1621.173791,5403912.635,0,"{""601939.SH"": 10900.0, ""601988.SH"": 17948.8756}",0.009779342334,-0.165803157
2026-03-03,V23 60d risk-adjusted momentum Top2,194704.7713,199249.5406,411.8657348,2,2923.595565,1621.173791,5403912.635,0,"{""601939.SH"": 10900.0, ""601988.SH"": 17948.8756}",0.02121781784,-0.1481033204
2026-03-04,V23 60d risk-adjusted momentum Top2,193448.35,197993.1193,411.8657348,2,2923.595565,1621.173791,5403912.635,0,"{""601939.SH"": 10900.0, ""601988.SH"": 17948.8756}",-0.006452955832,-0.153600572
2026-03-05,V23 60d risk-adjusted momentum Top2,194602.305,199147.0744,411.8657348,2,2923.595565,1621.173791,5403912.635,0,"{""601939.SH"": 10900.0, ""601988.SH"": 17948.8756}",0.005965184105,-0.1485516436
2026-03-06,V23 60d risk-adjusted momentum Top2,194929.305,199474.0744,411.8657348,2,2923.595565,1621.173791,5403912.635,0,"{""601939.SH"": 10900.0, ""601988.SH"": 17948.8756}",0.001680350086,-0.1471209123
2026-03-09,V23 60d risk-adjusted momentum Top2,195371.8387,199916.6081,411.8657348,2,2923.595565,1621.173791,5403912.635,-2.910383046e-11,"{""601939.SH"": 10900.0, ""601988.SH"": 17948.8756}",0.002270226804,-0.1451846833
2026-03-10,V23 60d risk-adjusted momentum Top2,193525.3725,198070.1418,411.8657348,2,2923.595565,1621.173791,5403912.635,0,"{""601939.SH"": 10900.0, ""601988.SH"": 17948.8756}",-0.009451035926,-0.1532635736
2026-03-11,V23 60d risk-adjusted momentum Top2,195262.8387,199807.6081,411.8657348,2,2923.595565,1621.173791,5403912.635,0,"{""601939.SH"": 10900.0, ""601988.SH"": 17948.8756}",0.008977976606,-0.1456615938
2026-03-12,V23 60d risk-adjusted momentum Top2,195987.3275,200532.0969,411.8657348,2,2923.595565,1621.173791,5403912.635,-2.910383046e-11,"{""601939.SH"": 10900.0, ""601988.SH"": 17948.8756}",0.003710325837,-0.1424917199
2026-03-13,V23 60d risk-adjusted momentum Top2,196891.305,201436.0744,411.8657348,2,2923.595565,1621.173791,5403912.635,0,"{""601939.SH"": 10900.0, ""601988.SH"": 17948.8756}",0.004612428379,-0.1385365244
2026-03-16,V23 60d risk-adjusted momentum Top2,197397.7938,201942.5631,411.8657348,2,2923.595565,1621.173791,5403912.635,0,"{""601939.SH"": 10900.0, ""601988.SH"": 17948.8756}",0.002572428252,-0.1363204714
2026-03-17,V23 60d risk-adjusted momentum Top2,200064.6813,204609.4507,411.8657348,2,2923.595565,1621.173791,5403912.635,-2.910383046e-11,"{""601939.SH"": 10900.0, ""601988.SH"": 17948.8756}",0.01351021967,-0.1246519712
2026-03-18,V23 60d risk-adjusted momentum Top2,199737.6813,204282.4507,411.8657348,2,2923.595565,1621.173791,5403912.635,-2.910383046e-11,"{""601939.SH"": 10900.0, ""601988.SH"": 17948.8756}",-0.001634471401,-0.1260827026
2026-03-19,V23 60d risk-adjusted momentum Top2,201475.1476,206019.9169,411.8657348,2,2923.595565,1621.173791,5403912.635,0,"{""601939.SH"": 10900.0, ""601988.SH"": 17948.8756}",0.008698740545,-0.1184807227
2026-03-20,V23 60d risk-adjusted momentum Top2,201552.1701,206096.9394,411.8657348,2,2923.595565,1621.173791,5403912.635,0,"{""601939.SH"": 10900.0, ""601988.SH"": 17948.8756}",0.0003822927526,-0.1181437243
2026-03-23,V23 60d risk-adjusted momentum Top2,197000.305,201545.0744,411.8657348,2,2923.595565,1621.173791,5403912.635,0,"{""601939.SH"": 10900.0, ""601988.SH"": 17948.8756}",-0.02258405387,-0.1380596139
2026-03-24,V23 60d risk-adjusted momentum Top2,200180.2151,204724.9844,411.8657348,2,2923.595565,1621.173791,5403912.635,0,"{""601939.SH"": 10900.0, ""601988.SH"": 17948.8756}",0.01614165036,-0.1241464736
2026-03-25,V23 60d risk-adjusted momentum Top2,202379.1251,206923.8945,411.8657348,2,2923.595565,1621.173791,5403912.635,0,"{""601939.SH"": 10900.0, ""601988.SH"": 17948.8756}",0.01098465223,-0.1145255272
2026-03-26,V23 60d risk-adjusted momentum Top2,203462.5914,208007.3607,411.8657348,2,2923.595565,1621.173791,5403912.635,0,"{""601939.SH"": 10900.0, ""601988.SH"": 17948.8756}",0.005353646362,-0.10978501
2026-03-27,V23 60d risk-adjusted momentum Top2,203065.1026,207609.872,411.8657348,2,2923.595565,1621.173791,5403912.635,0,"{""601939.SH"": 10900.0, ""601988.SH"": 17948.8756}",-0.001953620825,-0.1115241526
2026-03-30,V23 60d risk-adjusted momentum Top2,205840.9902,210385.7595,411.8657348,2,2923.595565,1621.173791,5403912.635,0,"{""601939.SH"": 10900.0, ""601988.SH"": 17948.8756}",0.01366993895,-0.09937874197
2026-03-31,V23 60d risk-adjusted momentum Top2,210956.7653,215501.5346,411.8657348,2,2923.595565,1621.173791,5403912.635,0,"{""601939.SH"": 10900.0, ""601988.SH"": 17948.8756}",0.02485304364,-0.07699556254
2026-04-01,V23 60d risk-adjusted momentum Top2,208776.7653,213321.5346,411.8657348,2,2923.595565,1621.173791,5403912.635,0,"{""601939.SH"": 10900.0, ""601988.SH"": 17948.8756}",-0.010333871,-0.08653377133
2026-04-02,V23 60d risk-adjusted momentum Top2,211445.4182,216000.9559,43.09740183,2,2933.904298,1621.633391,5405444.635,0,"{""601939.SH"": 11000.0, ""601988.SH"": 17848.8756}",0.01278232735,-0.07485754697
2026-04-03,V23 60d risk-adjusted momentum Top2,207323.5532,211879.0909,43.09740183,2,2933.904298,1621.633391,5405444.635,0,"{""601939.SH"": 11000.0, ""601988.SH"": 17848.8756}",-0.01949375447,-0.09289204681
2026-04-07,V23 60d risk-adjusted momentum Top2,204876.5757,209432.1134,43.09740183,2,2933.904298,1621.633391,5405444.635,0,"{""601939.SH"": 11000.0, ""601988.SH"": 17848.8756}",-0.01180269908,-0.103598369
2026-04-08,V23 60d risk-adjusted momentum Top2,204795.6431,209351.1808,43.09740183,2,2933.904298,1621.633391,5405444.635,0,"{""601939.SH"": 11000.0, ""601988.SH"": 17848.8756}",-0.0003950306836,-0.1039524752
2026-04-09,V23 60d risk-adjusted momentum Top2,203573.1994,208128.737,43.09740183,2,2933.904298,1621.633391,5405444.635,0,"{""601939.SH"": 11000.0, ""601988.SH"": 17848.8756}",-0.005969090745,-0.1093010642
2026-04-10,V23 60d risk-adjusted momentum Top2,202529.2443,207084.782,43.09740183,2,2933.904298,1621.633391,5405444.635,0,"{""601939.SH"": 11000.0, ""601988.SH"": 17848.8756}",-0.005128155503,-0.1138687068
2026-04-13,V23 60d risk-adjusted momentum Top2,204123.1994,208678.737,43.09740183,2,2933.904298,1621.633391,5405444.635,0,"{""601939.SH"": 11000.0, ""601988.SH"": 17848.8756}",0.007870246234,-0.1068946353
2026-04-14,V23 60d risk-adjusted momentum Top2,205277.1544,209832.6921,43.09740183,2,2933.904298,1621.633391,5405444.635,0,"{""601939.SH"": 11000.0, ""601988.SH"": 17848.8756}",0.005653228179,-0.1018457069
2026-04-15,V23 60d risk-adjusted momentum Top2,207448.0869,212003.6246,43.09740183,2,2933.904298,1621.633391,5405444.635,0,"{""601939.SH"": 11000.0, ""601988.SH"": 17848.8756}",0.01057561685,-0.09234717123
2026-04-16,V23 60d risk-adjusted momentum Top2,207338.0869,211893.6246,43.09740183,2,2933.904298,1621.633391,5405444.635,0,"{""601939.SH"": 11000.0, ""601988.SH"": 17848.8756}",-0.0005302531426,-0.092828457
2026-04-17,V23 60d risk-adjusted momentum Top2,206541.1094,211096.6471,43.09740183,2,2933.904298,1621.633391,5405444.635,0,"{""601939.SH"": 11000.0, ""601988.SH"": 17848.8756}",-0.003843854851,-0.09631549273
2026-04-20,V23 60d risk-adjusted momentum Top2,212381.4632,216937.0009,43.09740183,2,2933.904298,1621.633391,5405444.635,0,"{""601939.SH"": 11000.0, ""601988.SH"": 17848.8756}",0.02827695581,-0.07076204586
2026-04-21,V23 60d risk-adjusted momentum Top2,214236.9295,218792.4672,43.09740183,2,2933.904298,1621.633391,5405444.635,0,"{""601939.SH"": 11000.0, ""601988.SH"": 17848.8756}",0.008736479346,-0.06264377766
2026-04-22,V23 60d risk-adjusted momentum Top2,211970.5307,216526.0684,43.09740183,2,2933.904298,1621.633391,5405444.635,0,"{""601939.SH"": 11000.0, ""601988.SH"": 17848.8756}",-0.01057893616,-0.0725600093
2026-04-23,V23 60d risk-adjusted momentum Top2,210953.5532,215509.0909,43.09740183,2,2933.904298,1621.633391,5405444.635,0,"{""601939.SH"": 11000.0, ""601988.SH"": 17848.8756}",-0.004797730647,-0.07700961657
2026-04-24,V23 60d risk-adjusted momentum Top2,210885.0644,215440.6021,43.09740183,2,2933.904298,1621.633391,5405444.635,0,"{""601939.SH"": 11000.0, ""601988.SH"": 17848.8756}",-0.0003246627259,-0.07730927714
2026-04-27,V23 60d risk-adjusted momentum Top2,209332.6206,213888.1583,43.09740183,2,2933.904298,1621.633391,5405444.635,0,"{""601939.SH"": 11000.0, ""601988.SH"": 17848.8756}",-0.00736156343,-0.08410172342
2026-04-28,V23 60d risk-adjusted momentum Top2,211545.0644,216100.6021,43.09740183,2,2933.904298,1621.633391,5405444.635,0,"{""601939.SH"": 11000.0, ""601988.SH"": 17848.8756}",0.01056903492,-0.07442156255
2026-04-29,V23 60d risk-adjusted momentum Top2,211298.0869,215853.6246,43.09740183,2,2933.904298,1621.633391,5405444.635,0,"{""601939.SH"": 11000.0, ""601988.SH"": 17848.8756}",-0.001167493611,-0.07550216946
2026-04-30,V23 60d risk-adjusted momentum Top2,212124.1319,216679.6696,43.09740183,2,2933.904298,1621.633391,5405444.635,0,"{""601939.SH"": 11000.0, ""601988.SH"": 17848.8756}",0.003909382189,-0.07188795411
2026-05-06,V23 60d risk-adjusted momentum Top2,209760.1769,214315.7146,43.09740183,2,2933.904298,1621.633391,5405444.635,0,"{""601939.SH"": 11000.0, ""601988.SH"": 17848.8756}",-0.011144206,-0.08223102594
2026-05-07,V23 60d risk-adjusted momentum Top2,208403.0891,212970.737,267.987165,2,2944.915634,1622.732291,5409107.635,0,"{""601939.SH"": 10800.0, ""601988.SH"": 18148.8756}",-0.006469711116,-0.08816872607
2026-05-08,V23 60d risk-adjusted momentum Top2,208005.6004,212573.2483,267.987165,2,2944.915634,1622.732291,5409107.635,0,"{""601939.SH"": 10800.0, ""601988.SH"": 18148.8756}",-0.001907307408,-0.08990786862
2026-05-11,V23 60d risk-adjusted momentum Top2,207033.6004,211601.2483,267.987165,2,2944.915634,1622.732291,5409107.635,0,"{""601939.SH"": 10800.0, ""601988.SH"": 18148.8756}",-0.004672951105,-0.09416068465
2026-05-12,V23 60d risk-adjusted momentum Top2,208446.5329,213014.1808,267.987165,2,2944.915634,1622.732291,5409107.635,0,"{""601939.SH"": 10800.0, ""601988.SH"": 18148.8756}",0.006824653251,-0.08797864542
2026-05-13,V23 60d risk-adjusted momentum Top2,207867.5554,212435.2033,267.987165,2,2944.915634,1622.732291,5409107.635,0,"{""601939.SH"": 10800.0, ""601988.SH"": 18148.8756}",-0.002777582832,-0.09051186028
2026-05-14,V23 60d risk-adjusted momentum Top2,209997.5104,214565.1583,267.987165,2,2944.915634,1622.732291,5409107.635,0,"{""601939.SH"": 10800.0, ""601988.SH"": 18148.8756}",0.01024669299,-0.08119261453
2026-05-15,V23 60d risk-adjusted momentum Top2,211405.9767,215973.6246,267.987165,2,2944.915634,1622.732291,5409107.635,0,"{""601939.SH"": 10800.0, ""601988.SH"": 18148.8756}",0.006707061737,-0.07503011667
2026-05-18,V23 60d risk-adjusted momentum Top2,210757.9767,215325.6246,267.987165,2,2944.915634,1622.732291,5409107.635,0,"{""601939.SH"": 10800.0, ""601988.SH"": 18148.8756}",-0.003065192433,-0.07786532736
2026-05-19,V23 60d risk-adjusted momentum Top2,213319.9317,217887.5796,267.987165,2,2944.915634,1622.732291,5409107.635,0,"{""601939.SH"": 10800.0, ""601988.SH"": 18148.8756}",0.01215591012,-0.06665594116
2026-05-20,V23 60d risk-adjusted momentum Top2,210096.5779,214664.2258,267.987165,2,2944.915634,1622.732291,5409107.635,0,"{""601939.SH"": 10800.0, ""601988.SH"": 18148.8756}",-0.01511042029,-0.08075916216
2026-05-21,V23 60d risk-adjusted momentum Top2,214071.4654,218639.1134,267.987165,2,2944.915634,1622.732291,5409107.635,0,"{""601939.SH"": 10800.0, ""601988.SH"": 18148.8756}",0.01891933508,-0.06336773672
2026-05-22,V23 60d risk-adjusted momentum Top2,215700.398,220268.0459,267.987165,2,2944.915634,1622.732291,5409107.635,0,"{""601939.SH"": 10800.0, ""601988.SH"": 18148.8756}",0.007609293142,-0.05624062727
2026-05-25,V23 60d risk-adjusted momentum Top2,216858.353,221426.0009,267.987165,2,2944.915634,1622.732291,5409107.635,0,"{""601939.SH"": 10800.0, ""601988.SH"": 18148.8756}",0.005368349032,-0.05117419755
2026-05-26,V23 60d risk-adjusted momentum Top2,218875.8417,223443.4897,267.987165,2,2944.915634,1622.732291,5409107.635,0,"{""601939.SH"": 10800.0, ""601988.SH"": 18148.8756}",0.009303255917,-0.04234702829
2026-05-27,V23 60d risk-adjusted momentum Top2,216814.9092,221382.5571,267.987165,2,2944.915634,1622.732291,5409107.635,0,"{""601939.SH"": 10800.0, ""601988.SH"": 18148.8756}",-0.009415989071,-0.05136427821
2026-05-28,V23 60d risk-adjusted momentum Top2,214684.9542,219252.6021,267.987165,2,2944.915634,1622.732291,5409107.635,0,"{""601939.SH"": 10800.0, ""601988.SH"": 18148.8756}",-0.009823840207,-0.06068352395
2026-05-29,V23 60d risk-adjusted momentum Top2,214188.398,218756.0459,267.987165,2,2944.915634,1622.732291,5409107.635,0,"{""601939.SH"": 10800.0, ""601988.SH"": 18148.8756}",-0.002312953061,-0.06285611887
2026-06-01,V23 60d risk-adjusted momentum Top2,216754.8192,221322.4672,267.987165,2,2944.915634,1622.732291,5409107.635,0,"{""601939.SH"": 10800.0, ""601988.SH"": 18148.8756}",0.01198207426,-0.0516271913
2026-06-02,V23 60d risk-adjusted momentum Top2,218560.7743,223128.4222,267.987165,2,2944.915634,1622.732291,5409107.635,0,"{""601939.SH"": 10800.0, ""601988.SH"": 18148.8756}",0.008331787172,-0.04372555089
2026-06-03,V23 60d risk-adjusted momentum Top2,216901.7968,221469.4447,267.987165,2,2944.915634,1622.732291,5409107.635,0,"{""601939.SH"": 10800.0, ""601988.SH"": 18148.8756}",-0.007590463187,-0.0509841169
2026-06-04,V23 60d risk-adjusted momentum Top2,215670.353,220238.0009,267.987165,2,2944.915634,1622.732291,5409107.635,0,"{""601939.SH"": 10800.0, ""601988.SH"": 18148.8756}",-0.005677425436,-0.05637208381
2026-06-05,V23 60d risk-adjusted momentum Top2,220444.6843,225012.3322,267.987165,2,2944.915634,1622.732291,5409107.635,0,"{""601939.SH"": 10800.0, ""601988.SH"": 18148.8756}",0.02213717031,-0.03548283192
2026-06-08,V23 60d risk-adjusted momentum Top2,223266.0831,227833.731,267.987165,2,2944.915634,1622.732291,5409107.635,0,"{""601939.SH"": 10800.0, ""601988.SH"": 18148.8756}",0.01279867015,-0.02313829484
2026-06-09,V23 60d risk-adjusted momentum Top2,223408.5944,227976.2423,267.987165,2,2944.915634,1622.732291,5409107.635,0,"{""601939.SH"": 10800.0, ""601988.SH"": 18148.8756}",0.0006383022553,-0.02251476181
2026-06-10,V23 60d risk-adjusted momentum Top2,226445.9932,231013.6411,267.987165,2,2944.915634,1622.732291,5409107.635,0,"{""601939.SH"": 10800.0, ""601988.SH"": 18148.8756}",0.01359571152,-0.009225154491
2026-06-11,V23 60d risk-adjusted momentum Top2,227271.0157,231838.6636,267.987165,2,2944.915634,1622.732291,5409107.635,0,"{""601939.SH"": 10800.0, ""601988.SH"": 18148.8756}",0.003643352118,-0.005615412859
2026-06-12,V23 60d risk-adjusted momentum Top2,229984.4145,234552.0624,267.987165,2,2944.915634,1622.732291,5409107.635,0,"{""601939.SH"": 10800.0, ""601988.SH"": 18148.8756}",0.01193904464,0
2026-06-15,V23 60d risk-adjusted momentum Top2,223732.5944,228300.2423,267.987165,2,2944.915634,1622.732291,5409107.635,0,"{""601939.SH"": 10800.0, ""601988.SH"": 18148.8756}",-0.02718366853,-0.02718366853
2026-06-16,V23 60d risk-adjusted momentum Top2,219723.1956,224290.8435,267.987165,2,2944.915634,1622.732291,5409107.635,0,"{""601939.SH"": 10800.0, ""601988.SH"": 18148.8756}",-0.01792049483,-0.04461701857
2026-06-17,V23 60d risk-adjusted momentum Top2,217476.308,222043.9559,267.987165,2,2944.915634,1622.732291,5409107.635,0,"{""601939.SH"": 10800.0, ""601988.SH"": 18148.8756}",-0.01022599162,-0.05438675693
2026-06-18,V23 60d risk-adjusted momentum Top2,212304.4879,216872.1358,267.987165,2,2944.915634,1622.732291,5409107.635,0,"{""601939.SH"": 10800.0, ""601988.SH"": 18148.8756}",-0.02378107361,-0.07687445508
2026-06-22,V23 60d risk-adjusted momentum Top2,215424.308,219991.9559,267.987165,2,2944.915634,1622.732291,5409107.635,0,"{""601939.SH"": 10800.0, ""601988.SH"": 18148.8756}",0.01469502657,-0.06330910067
2026-06-23,V23 60d risk-adjusted momentum Top2,220458.0831,225025.731,267.987165,2,2944.915634,1622.732291,5409107.635,0,"{""601939.SH"": 10800.0, ""601988.SH"": 18148.8756}",0.02336679254,-0.04142163875
2026-06-24,V23 60d risk-adjusted momentum Top2,216660.218,221227.866,267.987165,2,2944.915634,1622.732291,5409107.635,0,"{""601939.SH"": 10800.0, ""601988.SH"": 18148.8756}",-0.01722715273,-0.05793521458
2026-06-25,V23 60d risk-adjusted momentum Top2,211297.9767,215865.6246,267.987165,2,2944.915634,1622.732291,5409107.635,0,"{""601939.SH"": 10800.0, ""601988.SH"": 18148.8756}",-0.02474954298,-0.08125088748
2026-06-26,V23 60d risk-adjusted momentum Top2,210429.5104,214997.1583,267.987165,2,2944.915634,1622.732291,5409107.635,0,"{""601939.SH"": 10800.0, ""601988.SH"": 18148.8756}",-0.00411014947,-0.08502708366
2026-06-29,V23 60d risk-adjusted momentum Top2,211695.4654,216263.1134,267.987165,2,2944.915634,1622.732291,5409107.635,0,"{""601939.SH"": 10800.0, ""601988.SH"": 18148.8756}",0.006016052692,-0.07952255838
2026-06-30,V23 60d risk-adjusted momentum Top2,208083.5554,212651.2033,267.987165,2,2944.915634,1622.732291,5409107.635,0,"{""601939.SH"": 10800.0, ""601988.SH"": 18148.8756}",-0.01706182056,-0.09522757932
