trade_date,strategy,equity_net,equity_gross,cash,positions,fees_cumulative,slippage_cumulative,turnover_cumulative,accounting_residual,shares_json,daily_return_net,drawdown,gross_return_daily
2024-01-02,V28 60d+250d momentum rank Top2,100000,100000,100000,0,0,0,0,0,{},0,0,0
2024-01-03,V28 60d+250d momentum rank Top2,101120.1961,101176,308.1960684,2,25.91313161,29.8908,99636,0,"{""601288.SH"": 13600.0, ""601988.SH"": 12400.0}",0.01120196068,0,0.01176
2024-01-04,V28 60d+250d momentum rank Top2,102916.1961,102972,308.1960684,2,25.91313161,29.8908,99636,0,"{""601288.SH"": 13600.0, ""601988.SH"": 12400.0}",0.01776104151,0,0.01775124535
2024-01-05,V28 60d+250d momentum rank Top2,102124.1961,102180,308.1960684,2,25.91313161,29.8908,99636,0,"{""601288.SH"": 13600.0, ""601988.SH"": 12400.0}",-0.007695581748,-0.007695581748,-0.007691411257
2024-01-08,V28 60d+250d momentum rank Top2,101740.1961,101796,308.1960684,2,25.91313161,29.8908,99636,0,"{""601288.SH"": 13600.0, ""601988.SH"": 12400.0}",-0.003760127519,-0.0114267729,-0.003758073987
2024-01-09,V28 60d+250d momentum rank Top2,101740.1961,101796,308.1960684,2,25.91313161,29.8908,99636,0,"{""601288.SH"": 13600.0, ""601988.SH"": 12400.0}",0,-0.0114267729,0
2024-01-10,V28 60d+250d momentum rank Top2,100860.1961,100916,308.1960684,2,25.91313161,29.8908,99636,0,"{""601288.SH"": 13600.0, ""601988.SH"": 12400.0}",-0.008649482053,-0.01997741928,-0.008644740461
2024-01-11,V28 60d+250d momentum rank Top2,99300.19607,99356,308.1960684,2,25.91313161,29.8908,99636,0,"{""601288.SH"": 13600.0, ""601988.SH"": 12400.0}",-0.01546695387,-0.03513538333,-0.01545840105
2024-01-12,V28 60d+250d momentum rank Top2,100600.1961,100656,308.1960684,2,25.91313161,29.8908,99636,0,"{""601288.SH"": 13600.0, ""601988.SH"": 12400.0}",0.01309161564,-0.02250374663,0.01308426265
2024-01-15,V28 60d+250d momentum rank Top2,100984.1961,101040,308.1960684,2,25.91313161,29.8908,99636,0,"{""601288.SH"": 13600.0, ""601988.SH"": 12400.0}",0.003817089976,-0.01877255548,0.003814973772
2024-01-16,V28 60d+250d momentum rank Top2,101640.1961,101696,308.1960684,2,25.91313161,29.8908,99636,0,"{""601288.SH"": 13600.0, ""601988.SH"": 12400.0}",0.006496065974,-0.01239843726,0.006492478226
2024-01-17,V28 60d+250d momentum rank Top2,100600.1961,100656,308.1960684,2,25.91313161,29.8908,99636,0,"{""601288.SH"": 13600.0, ""601988.SH"": 12400.0}",-0.01023217231,-0.02250374663,-0.01022655758
2024-01-18,V28 60d+250d momentum rank Top2,100216.1961,100272,308.1960684,2,25.91313161,29.8908,99636,0,"{""601288.SH"": 13600.0, ""601988.SH"": 12400.0}",-0.003817089976,-0.02623493778,-0.003814973772
2024-01-19,V28 60d+250d momentum rank Top2,99584.19607,99640,308.1960684,2,25.91313161,29.8908,99636,0,"{""601288.SH"": 13600.0, ""601988.SH"": 12400.0}",-0.006306365885,-0.03237585654,-0.006302856231
2024-01-22,V28 60d+250d momentum rank Top2,99956.19607,100012,308.1960684,2,25.91313161,29.8908,99636,0,"{""601288.SH"": 13600.0, ""601988.SH"": 12400.0}",0.003735532491,-0.02876126512,0.003733440385
2024-01-23,V28 60d+250d momentum rank Top2,99708.19607,99764,308.1960684,2,25.91313161,29.8908,99636,0,"{""601288.SH"": 13600.0, ""601988.SH"": 12400.0}",-0.002481086814,-0.03117099274,-0.002479702436
2024-01-24,V28 60d+250d momentum rank Top2,102148.1961,102204,308.1960684,2,25.91313161,29.8908,99636,0,"{""601288.SH"": 13600.0, ""601988.SH"": 12400.0}",0.02447140853,-0.007462382301,0.02445772022
2024-01-25,V28 60d+250d momentum rank Top2,103448.1961,103504,308.1960684,2,25.91313161,29.8908,99636,0,"{""601288.SH"": 13600.0, ""601988.SH"": 12400.0}",0.01272660752,0,0.01271965872
2024-01-26,V28 60d+250d momentum rank Top2,105876.1961,105932,308.1960684,2,25.91313161,29.8908,99636,0,"{""601288.SH"": 13600.0, ""601988.SH"": 12400.0}",0.02347068477,0,0.02345803061
2024-01-29,V28 60d+250d momentum rank Top2,106804.1961,106860,308.1960684,2,25.91313161,29.8908,99636,0,"{""601288.SH"": 13600.0, ""601988.SH"": 12400.0}",0.008764954111,0,0.00876033682
2024-01-30,V28 60d+250d momentum rank Top2,106024.1961,106080,308.1960684,2,25.91313161,29.8908,99636,0,"{""601288.SH"": 13600.0, ""601988.SH"": 12400.0}",-0.007303083855,-0.007303083855,-0.007299270073
2024-01-31,V28 60d+250d momentum rank Top2,106780.1961,106836,308.1960684,2,25.91313161,29.8908,99636,0,"{""601288.SH"": 13600.0, ""601988.SH"": 12400.0}",0.007130447841,-0.0002247102725,0.007126696833
2024-02-01,V28 60d+250d momentum rank Top2,106160.1961,106216,308.1960684,2,25.91313161,29.8908,99636,0,"{""601288.SH"": 13600.0, ""601988.SH"": 12400.0}",-0.005806320112,-0.006029725645,-0.005803287281
2024-02-02,V28 60d+250d momentum rank Top2,107460.1961,107516,308.1960684,2,25.91313161,29.8908,99636,0,"{""601288.SH"": 13600.0, ""601988.SH"": 12400.0}",0.0122456443,0,0.01223921067
2024-02-05,V28 60d+250d momentum rank Top2,110036.1961,110092,308.1960684,2,25.91313161,29.8908,99636,0,"{""601288.SH"": 13600.0, ""601988.SH"": 12400.0}",0.02397166667,0,0.02395922467
2024-02-06,V28 60d+250d momentum rank Top2,111236.1961,111292,308.1960684,2,25.91313161,29.8908,99636,0,"{""601288.SH"": 13600.0, ""601988.SH"": 12400.0}",0.0109055024,0,0.01089997457
2024-02-07,V28 60d+250d momentum rank Top2,108920.1961,108976,308.1960684,2,25.91313161,29.8908,99636,1.455191523e-11,"{""601288.SH"": 13600.0, ""601988.SH"": 12400.0}",-0.02082056095,-0.02082056095,-0.02081012112
2024-02-08,V28 60d+250d momentum rank Top2,107608.1961,107664,308.1960684,2,25.91313161,29.8908,99636,0,"{""601288.SH"": 13600.0, ""601988.SH"": 12400.0}",-0.01204551633,-0.03261528287,-0.01203934811
2024-02-19,V28 60d+250d momentum rank Top2,111720.1961,111776,308.1960684,2,25.91313161,29.8908,99636,0,"{""601288.SH"": 13600.0, ""601988.SH"": 12400.0}",0.03821270266,0,0.03819289642
2024-02-20,V28 60d+250d momentum rank Top2,112920.1961,112976,308.1960684,2,25.91313161,29.8908,99636,0,"{""601288.SH"": 13600.0, ""601988.SH"": 12400.0}",0.01074111971,0,0.01073575723
2024-02-21,V28 60d+250d momentum rank Top2,113700.1961,113756,308.1960684,2,25.91313161,29.8908,99636,1.455191523e-11,"{""601288.SH"": 13600.0, ""601988.SH"": 12400.0}",0.006907533171,0,0.006904121229
2024-02-22,V28 60d+250d momentum rank Top2,113972.1961,114028,308.1960684,2,25.91313161,29.8908,99636,0,"{""601288.SH"": 13600.0, ""601988.SH"": 12400.0}",0.002392256209,0,0.002391082668
2024-02-23,V28 60d+250d momentum rank Top2,115284.1961,115340,308.1960684,2,25.91313161,29.8908,99636,0,"{""601288.SH"": 13600.0, ""601988.SH"": 12400.0}",0.01151157954,0,0.01150594591
2024-02-26,V28 60d+250d momentum rank Top2,111916.1961,111972,308.1960684,2,25.91313161,29.8908,99636,0,"{""601288.SH"": 13600.0, ""601988.SH"": 12400.0}",-0.02921475896,-0.02921475896,-0.02920062424
2024-02-27,V28 60d+250d momentum rank Top2,112188.1961,112244,308.1960684,2,25.91313161,29.8908,99636,0,"{""601288.SH"": 13600.0, ""601988.SH"": 12400.0}",0.002430389966,-0.02685537225,0.002429178723
2024-02-28,V28 60d+250d momentum rank Top2,112188.1961,112244,308.1960684,2,25.91313161,29.8908,99636,0,"{""601288.SH"": 13600.0, ""601988.SH"": 12400.0}",0,-0.02685537225,0
2024-02-29,V28 60d+250d momentum rank Top2,112720.1961,112776,308.1960684,2,25.91313161,29.8908,99636,0,"{""601288.SH"": 13600.0, ""601988.SH"": 12400.0}",0.004742031859,-0.02224068942,0.004739674281
2024-03-01,V28 60d+250d momentum rank Top2,113524.1961,113580,308.1960684,2,25.91313161,29.8908,99636,0,"{""601288.SH"": 13600.0, ""601988.SH"": 12400.0}",0.007132705833,-0.01526661988,0.007129176421
2024-03-04,V28 60d+250d momentum rank Top2,113893.2322,113960,251.2321755,2,36.35442455,30.4134,101378,0,"{""601288.SH"": 13400.0, ""601988.SH"": 12600.0}",0.003250726452,-0.01206552104,0.003345659447
2024-03-05,V28 60d+250d momentum rank Top2,116367.2322,116434,251.2321755,2,36.35442455,30.4134,101378,0,"{""601288.SH"": 13400.0, ""601988.SH"": 12600.0}",0.02172209843,0,0.02170937171
2024-03-06,V28 60d+250d momentum rank Top2,114665.2322,114732,251.2321755,2,36.35442455,30.4134,101378,0,"{""601288.SH"": 13400.0, ""601988.SH"": 12600.0}",-0.01462611053,-0.01462611053,-0.01461772335
2024-03-07,V28 60d+250d momentum rank Top2,115185.2322,115252,251.2321755,2,36.35442455,30.4134,101378,0,"{""601288.SH"": 13400.0, ""601988.SH"": 12600.0}",0.004534940453,-0.01015749862,0.004532301363
2024-03-08,V28 60d+250d momentum rank Top2,114799.2322,114866,251.2321755,2,36.35442455,30.4134,101378,0,"{""601288.SH"": 13400.0, ""601988.SH"": 12600.0}",-0.003351124035,-0.01347458362,-0.003349182661
2024-03-11,V28 60d+250d momentum rank Top2,113893.2322,113960,251.2321755,2,36.35442455,30.4134,101378,0,"{""601288.SH"": 13400.0, ""601988.SH"": 12600.0}",-0.007892038848,-0.02126028053,-0.007887451465
2024-03-12,V28 60d+250d momentum rank Top2,111041.2322,111108,251.2321755,2,36.35442455,30.4134,101378,0,"{""601288.SH"": 13400.0, ""601988.SH"": 12600.0}",-0.02504099625,-0.04576889817,-0.02502632503
2024-03-13,V28 60d+250d momentum rank Top2,110395.2322,110462,251.2321755,2,36.35442455,30.4134,101378,0,"{""601288.SH"": 13400.0, ""601988.SH"": 12600.0}",-0.005817658786,-0.05132028913,-0.005814162797
2024-03-14,V28 60d+250d momentum rank Top2,111057.2322,111124,251.2321755,2,36.35442455,30.4134,101378,0,"{""601288.SH"": 13400.0, ""601988.SH"": 12600.0}",0.005996635787,-0.04563140242,0.005993011171
2024-03-15,V28 60d+250d momentum rank Top2,110805.2322,110872,251.2321755,2,36.35442455,30.4134,101378,0,"{""601288.SH"": 13400.0, ""601988.SH"": 12600.0}",-0.00226910031,-0.0477969605,-0.002267736943
2024-03-18,V28 60d+250d momentum rank Top2,110403.2322,110470,251.2321755,2,36.35442455,30.4134,101378,0,"{""601288.SH"": 13400.0, ""601988.SH"": 12600.0}",-0.003627987525,-0.05125154125,-0.003625802727
2024-03-19,V28 60d+250d momentum rank Top2,109111.2322,109178,251.2321755,2,36.35442455,30.4134,101378,0,"{""601288.SH"": 13400.0, ""601988.SH"": 12600.0}",-0.01170255594,-0.06235432316,-0.01169548294
2024-03-20,V28 60d+250d momentum rank Top2,110403.2322,110470,251.2321755,2,36.35442455,30.4134,101378,0,"{""601288.SH"": 13400.0, ""601988.SH"": 12600.0}",0.01184112739,-0.05125154125,0.01183388595
2024-03-21,V28 60d+250d momentum rank Top2,110789.2322,110856,251.2321755,2,36.35442455,30.4134,101378,0,"{""601288.SH"": 13400.0, ""601988.SH"": 12600.0}",0.003496274451,-0.04793445625,0.003494161311
2024-03-22,V28 60d+250d momentum rank Top2,111577.2322,111644,251.2321755,2,36.35442455,30.4134,101378,0,"{""601288.SH"": 13400.0, ""601988.SH"": 12600.0}",0.007112604578,-0.04116279051,0.007108320704
2024-03-25,V28 60d+250d momentum rank Top2,112105.2322,112172,251.2321755,2,36.35442455,30.4134,101378,0,"{""601288.SH"": 13400.0, ""601988.SH"": 12600.0}",0.004732148214,-0.03662543072,0.00472931819
2024-03-26,V28 60d+250d momentum rank Top2,112877.2322,112944,251.2321755,2,36.35442455,30.4134,101378,0,"{""601288.SH"": 13400.0, ""601988.SH"": 12600.0}",0.00688638688,-0.02999126072,0.006882287915
2024-03-27,V28 60d+250d momentum rank Top2,114177.2322,114244,251.2321755,2,36.35442455,30.4134,101378,0,"{""601288.SH"": 13400.0, ""601988.SH"": 12600.0}",0.01151693725,-0.01881973094,0.01151012891
2024-03-28,V28 60d+250d momentum rank Top2,111317.2322,111384,251.2321755,2,36.35442455,30.4134,101378,0,"{""601288.SH"": 13400.0, ""601988.SH"": 12600.0}",-0.02504877676,-0.04339709646,-0.02503413746
2024-03-29,V28 60d+250d momentum rank Top2,112373.2322,112440,251.2321755,2,36.35442455,30.4134,101378,0,"{""601288.SH"": 13400.0, ""601988.SH"": 12600.0}",0.009486401875,-0.03432237689,0.009480715363
2024-04-01,V28 60d+250d momentum rank Top2,113129.2322,113196,251.2321755,2,36.35442455,30.4134,101378,0,"{""601288.SH"": 13400.0, ""601988.SH"": 12600.0}",0.006727580807,-0.02782570264,0.006723585912
2024-04-02,V28 60d+250d momentum rank Top2,114169.2322,114236,251.2321755,2,36.35442455,30.4134,101378,0,"{""601288.SH"": 13400.0, ""601988.SH"": 12600.0}",0.009193026241,-0.01888847882,0.009187603802
2024-04-03,V28 60d+250d momentum rank Top2,114185.2322,114252,251.2321755,2,36.35442455,30.4134,101378,0,"{""601288.SH"": 13400.0, ""601988.SH"": 12600.0}",0.0001401428362,-0.01875098307,0.0001400609265
2024-04-08,V28 60d+250d momentum rank Top2,115485.2322,115552,251.2321755,2,36.35442455,30.4134,101378,0,"{""601288.SH"": 13400.0, ""601988.SH"": 12600.0}",0.01138500991,-0.007579453283,0.01137835662
2024-04-09,V28 60d+250d momentum rank Top2,114177.2322,114244,251.2321755,2,36.35442455,30.4134,101378,0,"{""601288.SH"": 13400.0, ""601988.SH"": 12600.0}",-0.01132612348,-0.01881973094,-0.01131957906
2024-04-10,V28 60d+250d momentum rank Top2,114437.2322,114504,251.2321755,2,36.35442455,30.4134,101378,0,"{""601288.SH"": 13400.0, ""601988.SH"": 12600.0}",0.002277161524,-0.01658542499,0.002275830678
2024-04-11,V28 60d+250d momentum rank Top2,113917.2322,113984,251.2321755,2,36.35442455,30.4134,101378,0,"{""601288.SH"": 13400.0, ""601988.SH"": 12600.0}",-0.004543975681,-0.0210540369,-0.004541326067
2024-04-12,V28 60d+250d momentum rank Top2,114177.2322,114244,251.2321755,2,36.35442455,30.4134,101378,0,"{""601288.SH"": 13400.0, ""601988.SH"": 12600.0}",0.002282358823,-0.01881973094,0.002281021898
2024-04-15,V28 60d+250d momentum rank Top2,116643.2322,116710,251.2321755,2,36.35442455,30.4134,101378,0,"{""601288.SH"": 13400.0, ""601988.SH"": 12600.0}",0.02159800122,0,0.02158537866
2024-04-16,V28 60d+250d momentum rank Top2,118077.2322,118144,251.2321755,2,36.35442455,30.4134,101378,0,"{""601288.SH"": 13400.0, ""601988.SH"": 12600.0}",0.01229389801,0,0.01228686488
2024-04-17,V28 60d+250d momentum rank Top2,118731.2322,118798,251.2321755,2,36.35442455,30.4134,101378,0,"{""601288.SH"": 13400.0, ""601988.SH"": 12600.0}",0.005538747716,0,0.005535617551
2024-04-18,V28 60d+250d momentum rank Top2,119511.2322,119578,251.2321755,2,36.35442455,30.4134,101378,0,"{""601288.SH"": 13400.0, ""601988.SH"": 12600.0}",0.006569459322,0,0.0065657671
2024-04-19,V28 60d+250d momentum rank Top2,120559.2322,120626,251.2321755,2,36.35442455,30.4134,101378,0,"{""601288.SH"": 13400.0, ""601988.SH"": 12600.0}",0.008769050247,0,0.008764153941
2024-04-22,V28 60d+250d momentum rank Top2,119267.2322,119334,251.2321755,2,36.35442455,30.4134,101378,0,"{""601288.SH"": 13400.0, ""601988.SH"": 12600.0}",-0.01071672386,-0.01071672386,-0.01071079203
2024-04-23,V28 60d+250d momentum rank Top2,119267.2322,119334,251.2321755,2,36.35442455,30.4134,101378,0,"{""601288.SH"": 13400.0, ""601988.SH"": 12600.0}",0,-0.01071672386,0
2024-04-24,V28 60d+250d momentum rank Top2,118755.2322,118822,251.2321755,2,36.35442455,30.4134,101378,0,"{""601288.SH"": 13400.0, ""601988.SH"": 12600.0}",-0.004292880707,-0.01496359895,-0.004290478824
2024-04-25,V28 60d+250d momentum rank Top2,119811.2322,119878,251.2321755,2,36.35442455,30.4134,101378,0,"{""601288.SH"": 13400.0, ""601988.SH"": 12600.0}",0.008892239783,-0.006204419077,0.008887243103
2024-04-26,V28 60d+250d momentum rank Top2,117337.2322,117404,251.2321755,2,36.35442455,30.4134,101378,0,"{""601288.SH"": 13400.0, ""601988.SH"": 12600.0}",-0.02064914912,-0.02672545223,-0.02063764828
2024-04-29,V28 60d+250d momentum rank Top2,116927.2322,116994,251.2321755,2,36.35442455,30.4134,101378,0,"{""601288.SH"": 13400.0, ""601988.SH"": 12600.0}",-0.003494202074,-0.03012627017,-0.003492214916
2024-04-30,V28 60d+250d momentum rank Top2,117045.2322,117112,251.2321755,2,36.35442455,30.4134,101378,0,"{""601288.SH"": 13400.0, ""601988.SH"": 12600.0}",0.001009174662,-0.02914749818,0.001008598732
2024-05-06,V28 60d+250d momentum rank Top2,114989.2322,115056,251.2321755,2,36.35442455,30.4134,101378,0,"{""601288.SH"": 13400.0, ""601988.SH"": 12600.0}",-0.01756585862,-0.04620135596,-0.01755584398
2024-05-07,V28 60d+250d momentum rank Top2,115608.1779,115772,114.1779321,2,99.26746792,64.5546,215182,0,"{""601288.SH"": 13300.0, ""601398.SH"": 10600.0}",0.005382641008,-0.04106740026,0.006223056599
2024-05-08,V28 60d+250d momentum rank Top2,116379.1779,116543,114.1779321,2,99.26746792,64.5546,215182,0,"{""601288.SH"": 13300.0, ""601398.SH"": 10600.0}",0.00666907838,-0.0346722036,0.006659641364
2024-05-09,V28 60d+250d momentum rank Top2,115396.1779,115560,114.1779321,2,99.26746792,64.5546,215182,0,"{""601288.SH"": 13300.0, ""601398.SH"": 10600.0}",-0.008446528129,-0.04282587198,-0.00843465502
2024-05-10,V28 60d+250d momentum rank Top2,115475.1779,115639,114.1779321,2,99.26746792,64.5546,215182,0,"{""601288.SH"": 13300.0, ""601398.SH"": 10600.0}",0.000684598064,-0.04217059243,0.0006836275528
2024-05-13,V28 60d+250d momentum rank Top2,115714.1779,115878,114.1779321,2,99.26746792,64.5546,215182,0,"{""601288.SH"": 13300.0, ""601398.SH"": 10600.0}",0.00206970887,-0.04018816441,0.002066776779
2024-05-14,V28 60d+250d momentum rank Top2,114758.1779,114922,114.1779321,2,99.26746792,64.5546,215182,0,"{""601288.SH"": 13300.0, ""601398.SH"": 10600.0}",-0.00826173609,-0.04811787649,-0.008250056093
2024-05-15,V28 60d+250d momentum rank Top2,114864.1779,115028,114.1779321,2,99.26746792,64.5546,215182,0,"{""601288.SH"": 13300.0, ""601398.SH"": 10600.0}",0.0009236814483,-0.04723864063,0.0009223647343
2024-05-16,V28 60d+250d momentum rank Top2,115315.1779,115479,114.1779321,2,99.26746792,64.5546,215182,0,"{""601288.SH"": 13300.0, ""601398.SH"": 10600.0}",0.003926376422,-0.04349774089,0.003920784505
2024-05-17,V28 60d+250d momentum rank Top2,116350.1779,116514,114.1779321,2,99.26746792,64.5546,215182,0,"{""601288.SH"": 13300.0, ""601398.SH"": 10600.0}",0.008975401318,-0.03491274926,0.008962668537
2024-05-20,V28 60d+250d momentum rank Top2,116111.1779,116275,114.1779321,2,99.26746792,64.5546,215182,0,"{""601288.SH"": 13300.0, ""601398.SH"": 10600.0}",-0.002054143829,-0.03689517728,-0.002051255643
2024-05-21,V28 60d+250d momentum rank Top2,117067.1779,117231,114.1779321,2,99.26746792,64.5546,215182,0,"{""601288.SH"": 13300.0, ""601398.SH"": 10600.0}",0.008233488085,-0.02896546519,0.008221887766
2024-05-22,V28 60d+250d momentum rank Top2,117306.1779,117470,114.1779321,2,99.26746792,64.5546,215182,0,"{""601288.SH"": 13300.0, ""601398.SH"": 10600.0}",0.002041562838,-0.02698303717,0.002038709898
2024-05-23,V28 60d+250d momentum rank Top2,116828.1779,116992,114.1779321,2,99.26746792,64.5546,215182,0,"{""601288.SH"": 13300.0, ""601398.SH"": 10600.0}",-0.004074806702,-0.03094789321,-0.004069124032
2024-05-24,V28 60d+250d momentum rank Top2,116165.1779,116329,114.1779321,2,99.26746792,64.5546,215182,0,"{""601288.SH"": 13300.0, ""601398.SH"": 10600.0}",-0.005675000772,-0.03644726467,-0.005667054158
2024-05-27,V28 60d+250d momentum rank Top2,117387.1779,117551,114.1779321,2,99.26746792,64.5546,215182,0,"{""601288.SH"": 13300.0, ""601398.SH"": 10600.0}",0.01051950354,-0.02631116826,0.01050468929
2024-05-28,V28 60d+250d momentum rank Top2,117626.1779,117790,114.1779321,2,99.26746792,64.5546,215182,0,"{""601288.SH"": 13300.0, ""601398.SH"": 10600.0}",0.002035997493,-0.02432874024,0.002033160075
2024-05-29,V28 60d+250d momentum rank Top2,117015.1779,117179,114.1779321,2,99.26746792,64.5546,215182,0,"{""601288.SH"": 13300.0, ""601398.SH"": 10600.0}",-0.005194421945,-0.02939678845,-0.005187197555
2024-05-30,V28 60d+250d momentum rank Top2,116165.1779,116329,114.1779321,2,99.26746792,64.5546,215182,0,"{""601288.SH"": 13300.0, ""601398.SH"": 10600.0}",-0.007264014934,-0.03644726467,-0.00725385948
2024-05-31,V28 60d+250d momentum rank Top2,116059.1779,116223,114.1779321,2,99.26746792,64.5546,215182,0,"{""601288.SH"": 13300.0, ""601398.SH"": 10600.0}",-0.0009124937601,-0.03732650053,-0.000911208727
2024-06-03,V28 60d+250d momentum rank Top2,116431.1779,116595,114.1779321,2,99.26746792,64.5546,215182,0,"{""601288.SH"": 13300.0, ""601398.SH"": 10600.0}",0.003205261373,-0.03424088034,0.003200743398
2024-06-04,V28 60d+250d momentum rank Top2,116749.1779,116913,114.1779321,2,99.26746792,64.5546,215182,0,"{""601288.SH"": 13300.0, ""601398.SH"": 10600.0}",0.002731227199,-0.03160317277,0.002727389682
2024-06-05,V28 60d+250d momentum rank Top2,117042.1779,117206,114.1779321,2,99.26746792,64.5546,215182,0,"{""601288.SH"": 13300.0, ""601398.SH"": 10600.0}",0.002509653645,-0.02917283214,0.002506137042
2024-06-06,V28 60d+250d momentum rank Top2,116909.1779,117073,114.1779321,2,99.26746792,64.5546,215182,0,"{""601288.SH"": 13300.0, ""601398.SH"": 10600.0}",-0.001136342491,-0.0302760243,-0.001134754193
2024-06-07,V28 60d+250d momentum rank Top2,118387.2147,118551.0367,114.1779321,2,99.26746792,64.5546,215182,0,"{""601288.SH"": 14028.4124, ""601398.SH"": 10600.0}",0.0126426066,-0.01801618557,0.01262491561
2024-06-11,V28 60d+250d momentum rank Top2,116276.6576,116440.4796,114.1779321,2,99.26746792,64.5546,215182,0,"{""601288.SH"": 14028.4124, ""601398.SH"": 10600.0}",-0.0178275764,-0.03552257704,-0.01780294101
2024-06-12,V28 60d+250d momentum rank Top2,115712.3734,115876.1955,114.1779321,2,99.26746792,64.5546,215182,0,"{""601288.SH"": 14028.4124, ""601398.SH"": 10600.0}",-0.004852944139,-0.0402031321,-0.00484611645
2024-06-13,V28 60d+250d momentum rank Top2,116872.0782,117035.9002,114.1779321,2,99.26746792,64.5546,215182,0,"{""601288.SH"": 14028.4124, ""601398.SH"": 10600.0}",0.01002230538,-0.03058375478,0.01000813616
2024-06-14,V28 60d+250d momentum rank Top2,118034.9306,118198.7526,114.1779321,2,99.26746792,64.5546,215182,0,"{""601288.SH"": 14028.4124, ""601398.SH"": 10600.0}",0.009949787747,-0.02093826891,0.009935860441
2024-06-17,V28 60d+250d momentum rank Top2,116170.6576,116334.4796,114.1779321,2,99.26746792,64.5546,215182,0,"{""601288.SH"": 14028.4124, ""601398.SH"": 10600.0}",-0.01579424821,-0.0364018129,-0.01577235757
2024-06-18,V28 60d+250d momentum rank Top2,116522.9417,116686.7638,114.1779321,2,99.26746792,64.5546,215182,0,"{""601288.SH"": 14028.4124, ""601398.SH"": 10600.0}",0.003032470774,-0.03347972956,0.003028200452
2024-06-19,V28 60d+250d momentum rank Top2,117614.0782,117777.9002,114.1779321,2,99.26746792,64.5546,215182,0,"{""601288.SH"": 14028.4124, ""601398.SH"": 10600.0}",0.009364134474,-0.02442910377,0.009350987723
2024-06-20,V28 60d+250d momentum rank Top2,118106.6464,118270.4685,114.1779321,2,99.26746792,64.5546,215182,0,"{""601288.SH"": 14028.4124, ""601398.SH"": 10600.0}",0.004188004151,-0.02034340881,0.004182178886
2024-06-21,V28 60d+250d momentum rank Top2,117299.2258,117463.0479,114.1779321,2,99.26746792,64.5546,215182,0,"{""601288.SH"": 14028.4124, ""601398.SH"": 10600.0}",-0.006836369023,-0.02704070278,-0.006826899642
2024-06-24,V28 60d+250d momentum rank Top2,118776.9306,118940.7526,114.1779321,2,99.26746792,64.5546,215182,0,"{""601288.SH"": 14028.4124, ""601398.SH"": 10600.0}",0.01259773654,-0.0147836179,0.01258016687
2024-06-25,V28 60d+250d momentum rank Top2,119246.3554,119410.1775,114.1779321,2,99.26746792,64.5546,215182,0,"{""601288.SH"": 14030.4044, ""601398.SH"": 10600.4741}",0.003952154962,-0.01088989008,0.003946711494
2024-06-26,V28 60d+250d momentum rank Top2,119842.3087,120006.1308,114.1779321,2,99.26746792,64.5546,215182,0,"{""601288.SH"": 14030.4044, ""601398.SH"": 10600.0}",0.004997665089,-0.005946649018,0.004990808656
2024-06-27,V28 60d+250d momentum rank Top2,121145.5249,121309.347,114.1779321,2,99.26746792,64.5546,215182,0,"{""601288.SH"": 14030.4044, ""601398.SH"": 10600.0}",0.01087442481,0,0.01085957998
2024-06-28,V28 60d+250d momentum rank Top2,121706.7411,121870.5632,114.1779321,2,99.26746792,64.5546,215182,0,"{""601288.SH"": 14030.4044, ""601398.SH"": 10600.0}",0.004632578679,0,0.004626322618
2024-07-01,V28 60d+250d momentum rank Top2,124101.1734,124264.9955,114.1779321,2,99.26746792,64.5546,215182,0,"{""601288.SH"": 14030.4044, ""601398.SH"": 10600.0}",0.01967378577,0,0.01964733968
2024-07-02,V28 60d+250d momentum rank Top2,126813.6058,126977.4279,114.1779321,2,99.26746792,64.5546,215182,0,"{""601288.SH"": 14030.4044, ""601398.SH"": 10600.0}",0.02185662131,0,0.0218278071
2024-07-03,V28 60d+250d momentum rank Top2,125544.6937,125708.5157,114.1779321,2,99.26746792,64.5546,215182,0,"{""601288.SH"": 14030.4044, ""601398.SH"": 10600.0}",-0.0100061198,-0.0100061198,-0.009993210236
2024-07-04,V28 60d+250d momentum rank Top2,126847.9098,127011.7319,114.1779321,2,99.26746792,64.5546,215182,0,"{""601288.SH"": 14030.4044, ""601398.SH"": 10600.0}",0.01038049588,0,0.01036696813
2024-07-05,V28 60d+250d momentum rank Top2,124487.7815,124651.6036,114.1779321,2,99.26746792,64.5546,215182,0,"{""601288.SH"": 14030.4044, ""601398.SH"": 10600.0}",-0.01860596923,-0.01860596923,-0.01858197091
2024-07-08,V28 60d+250d momentum rank Top2,125684.9977,125848.8198,114.1779321,2,99.26746792,64.5546,215182,0,"{""601288.SH"": 14030.4044, ""601398.SH"": 10600.0}",0.009617138012,-0.009167767394,0.009604498789
2024-07-09,V28 60d+250d momentum rank Top2,126635.9098,126799.7319,114.1779321,2,99.26746792,64.5546,215182,0,"{""601288.SH"": 14030.4044, ""601398.SH"": 10600.0}",0.00756583641,-0.001671292813,0.007555987681
2024-07-10,V28 60d+250d momentum rank Top2,127552.5179,127716.34,114.1779321,2,99.26746792,64.5546,215182,0,"{""601288.SH"": 14030.4044, ""601398.SH"": 10600.0}",0.007238137185,0,0.007228785693
2024-07-11,V28 60d+250d momentum rank Top2,126249.3017,126413.1238,114.1779321,2,99.26746792,64.5546,215182,0,"{""601288.SH"": 14030.4044, ""601398.SH"": 10600.0}",-0.01021709486,-0.01021709486,-0.01020398937
2024-07-12,V28 60d+250d momentum rank Top2,129102.0381,129265.8602,114.1779321,2,99.26746792,64.5546,215182,0,"{""601288.SH"": 14030.4044, ""601398.SH"": 10600.0}",0.02259605682,0,0.022566774
2024-07-15,V28 60d+250d momentum rank Top2,132057.6867,132221.5087,114.1779321,2,99.26746792,64.5546,215182,0,"{""601288.SH"": 14030.4044, ""601398.SH"": 10600.0}",0.02289389517,0,0.02286488112
2024-07-16,V28 60d+250d momentum rank Top2,131917.8235,132081.6456,114.1779321,2,99.26746792,64.5546,215182,0,"{""601288.SH"": 14030.4044, ""601398.SH"": 11157.9696}",-0.001059106599,-0.001059106599,-0.001057794369
2024-07-17,V28 60d+250d momentum rank Top2,132281.2869,132445.109,114.1779321,2,99.26746792,64.5546,215182,0,"{""601288.SH"": 14030.4044, ""601398.SH"": 11157.9696}",0.00275522614,0,0.002751808808
2024-07-18,V28 60d+250d momentum rank Top2,132281.2869,132445.109,114.1779321,2,99.26746792,64.5546,215182,0,"{""601288.SH"": 14030.4044, ""601398.SH"": 11157.9696}",0,0,0
2024-07-19,V28 60d+250d momentum rank Top2,132140.9829,132304.805,114.1779321,2,99.26746792,64.5546,215182,0,"{""601288.SH"": 14030.4044, ""601398.SH"": 11157.9696}",-0.001060649221,-0.001060649221,-0.001059337298
2024-07-22,V28 60d+250d momentum rank Top2,130377.7967,130541.6188,114.1779321,2,99.26746792,64.5546,215182,-1.455191523e-11,"{""601288.SH"": 14030.4044, ""601398.SH"": 11157.9696}",-0.0133432198,-0.01438971654,-0.01332669799
2024-07-23,V28 60d+250d momentum rank Top2,133677.692,133841.5141,114.1779321,2,99.26746792,64.5546,215182,0,"{""601288.SH"": 14030.4044, ""601398.SH"": 11157.9696}",0.02531025491,0,0.02527849203
2024-07-24,V28 60d+250d momentum rank Top2,134656.5026,134820.3247,114.1779321,2,99.26746792,64.5546,215182,0,"{""601288.SH"": 14030.4044, ""601398.SH"": 11157.9696}",0.007322168693,0,0.007313206356
2024-07-25,V28 60d+250d momentum rank Top2,133954.9824,134118.8044,114.1779321,2,99.26746792,64.5546,215182,0,"{""601288.SH"": 14030.4044, ""601398.SH"": 11157.9696}",-0.005209701768,-0.005209701768,-0.005203371386
2024-07-26,V28 60d+250d momentum rank Top2,131101.4059,131265.228,114.1779321,2,99.26746792,64.5546,215182,-1.455191523e-11,"{""601288.SH"": 14030.4044, ""601398.SH"": 11157.9696}",-0.02130250354,-0.02640122561,-0.02127648317
2024-07-29,V28 60d+250d momentum rank Top2,132781.7367,132945.5588,114.1779321,2,99.26746792,64.5546,215182,0,"{""601288.SH"": 14030.4044, ""601398.SH"": 11157.9696}",0.01281703136,-0.01392257959,0.01280103541
2024-07-30,V28 60d+250d momentum rank Top2,132893.3164,133057.1385,114.1779321,2,99.26746792,64.5546,215182,0,"{""601288.SH"": 14030.4044, ""601398.SH"": 11157.9696}",0.0008403241187,-0.01309395495,0.0008392886299
2024-07-31,V28 60d+250d momentum rank Top2,129787.8562,129951.6783,114.1779321,2,99.26746792,64.5546,215182,-1.455191523e-11,"{""601288.SH"": 14030.4044, ""601398.SH"": 11157.9696}",-0.02336806929,-0.03615604379,-0.02333929815
2024-08-01,V28 60d+250d momentum rank Top2,130683.8115,130847.6335,114.1779321,2,99.26746792,64.5546,215182,0,"{""601288.SH"": 14030.4044, ""601398.SH"": 11157.9696}",0.006903228774,-0.02950240846,0.006894526299
2024-08-02,V28 60d+250d momentum rank Top2,130964.4195,131128.2416,114.1779321,2,99.26746792,64.5546,215182,0,"{""601288.SH"": 14030.4044, ""601398.SH"": 11157.9696}",0.002147229138,-0.02741852775,0.002144540794
2024-08-05,V28 60d+250d momentum rank Top2,130572.2318,130736.0538,114.1779321,2,99.26746792,64.5546,215182,0,"{""601288.SH"": 14030.4044, ""601398.SH"": 11157.9696}",-0.002994613233,-0.0303310331,-0.002990871981
2024-08-06,V28 60d+250d momentum rank Top2,128949.3496,129113.1717,114.1779321,2,99.26746792,64.5546,215182,0,"{""601288.SH"": 14030.4044, ""601398.SH"": 11157.9696}",-0.01242899898,-0.04238304769,-0.01241342451
2024-08-07,V28 60d+250d momentum rank Top2,128891.9009,129055.723,114.1779321,2,99.26746792,64.5546,215182,-1.455191523e-11,"{""601288.SH"": 14030.4044, ""601398.SH"": 11157.9696}",-0.0004455136553,-0.04280967912,-0.0004449483763
2024-08-08,V28 60d+250d momentum rank Top2,129730.4075,129894.2296,114.1779321,2,99.26746792,64.5546,215182,0,"{""601288.SH"": 14030.4044, ""601398.SH"": 11157.9696}",0.006505502373,-0.03658267522,0.006497244352
2024-08-09,V28 60d+250d momentum rank Top2,130849.5221,131013.3442,114.1779321,2,99.26746792,64.5546,215182,0,"{""601288.SH"": 14030.4044, ""601398.SH"": 11157.9696}",0.008626463732,-0.02827179061,0.008615584071
2024-08-12,V28 60d+250d momentum rank Top2,132051.4922,132215.3142,114.1779321,2,99.26746792,64.5546,215182,0,"{""601288.SH"": 14030.4044, ""601398.SH"": 11157.9696}",0.009185895243,-0.01934559707,0.00917440899
2024-08-13,V28 60d+250d momentum rank Top2,132443.6799,132607.502,114.1779321,2,99.26746792,64.5546,215182,0,"{""601288.SH"": 14030.4044, ""601398.SH"": 11157.9696}",0.002969961016,-0.01643309173,0.00296628107
2024-08-14,V28 60d+250d momentum rank Top2,132666.8393,132830.6614,114.1779321,2,99.26746792,64.5546,215182,0,"{""601288.SH"": 14030.4044, ""601398.SH"": 11157.9696}",0.00168493802,-0.01477584245,0.001682856463
2024-08-15,V28 60d+250d momentum rank Top2,133282.1865,133446.0086,114.1779321,2,99.26746792,64.5546,215182,0,"{""601288.SH"": 14030.4044, ""601398.SH"": 11157.9696}",0.004638289256,-0.01020608782,0.004632568784
2024-08-16,V28 60d+250d momentum rank Top2,135408.8361,135572.6582,114.1779321,2,99.26746792,64.5546,215182,0,"{""601288.SH"": 14030.4044, ""601398.SH"": 11157.9696}",0.01595599285,0,0.01593640482
2024-08-19,V28 60d+250d momentum rank Top2,138683.3247,138847.1468,114.1779321,2,99.26746792,64.5546,215182,0,"{""601288.SH"": 14030.4044, ""601398.SH"": 11157.9696}",0.02418223737,0,0.02415301626
2024-08-20,V28 60d+250d momentum rank Top2,140443.1932,140607.0153,114.1779321,2,99.26746792,64.5546,215182,0,"{""601288.SH"": 14030.4044, ""601398.SH"": 11157.9696}",0.01268983481,0,0.01267486241
2024-08-21,V28 60d+250d momentum rank Top2,138737.4557,138901.2778,114.1779321,2,99.26746792,64.5546,215182,0,"{""601288.SH"": 14030.4044, ""601398.SH"": 11157.9696}",-0.01214539091,-0.01214539091,-0.01213124025
2024-08-22,V28 60d+250d momentum rank Top2,140637.6283,140801.4503,114.1779321,2,99.26746792,64.5546,215182,0,"{""601288.SH"": 14030.4044, ""601398.SH"": 11157.9696}",0.01369617539,0,0.01368002193
2024-08-23,V28 60d+250d momentum rank Top2,141224.2511,141388.0732,114.1779321,2,99.26746792,64.5546,215182,0,"{""601288.SH"": 14030.4044, ""601398.SH"": 11157.9696}",0.004171165532,0,0.004166312393
2024-08-26,V28 60d+250d momentum rank Top2,140889.512,141053.3341,114.1779321,2,99.26746792,64.5546,215182,0,"{""601288.SH"": 14030.4044, ""601398.SH"": 11157.9696}",-0.002370266332,-0.002370266332,-0.002367519977
2024-08-27,V28 60d+250d momentum rank Top2,142847.1332,143010.9553,114.1779321,2,99.26746792,64.5546,215182,0,"{""601288.SH"": 14030.4044, ""601398.SH"": 11157.9696}",0.0138947264,0,0.0138785888
2024-08-28,V28 60d+250d momentum rank Top2,141839.5983,142003.4203,114.1779321,2,99.26746792,64.5546,215182,0,"{""601288.SH"": 14030.4044, ""601398.SH"": 11157.9696}",-0.007053238917,-0.007053238917,-0.007045159283
2024-08-29,V28 60d+250d momentum rank Top2,135599.9535,135763.7755,114.1779321,2,99.26746792,64.5546,215182,0,"{""601288.SH"": 14030.4044, ""601398.SH"": 11157.9696}",-0.04399085217,-0.0507338131,-0.04394010218
2024-08-30,V28 60d+250d momentum rank Top2,130256.2639,130420.086,114.1779321,2,99.26746792,64.5546,215182,0,"{""601288.SH"": 14030.4044, ""601398.SH"": 11157.9696}",-0.03940775346,-0.08814226096,-0.03936020131
2024-09-02,V28 60d+250d momentum rank Top2,132195.1139,132358.936,114.1779321,2,99.26746792,64.5546,215182,0,"{""601288.SH"": 14030.4044, ""601398.SH"": 11157.9696}",0.01488488849,-0.0745693602,0.01486619142
2024-09-03,V28 60d+250d momentum rank Top2,127410.1297,127680.9713,293.9179743,2,166.6730579,104.1686279,347228.7597,0,"{""601288.SH"": 14030.4044, ""601988.SH"": 13500.0}",-0.03619637743,-0.1080665969,-0.03534302074
2024-09-04,V28 60d+250d momentum rank Top2,127701.3458,127972.1875,293.9179743,2,166.6730579,104.1686279,347228.7597,0,"{""601288.SH"": 14030.4044, ""601988.SH"": 13500.0}",0.00228565952,-0.1060279408,0.002280811092
2024-09-05,V28 60d+250d momentum rank Top2,127015.7377,127286.5794,293.9179743,2,166.6730579,104.1686279,347228.7597,0,"{""601288.SH"": 14030.4044, ""601988.SH"": 13500.0}",-0.005368839955,-0.1108275338,-0.005357477286
2024-09-06,V28 60d+250d momentum rank Top2,127291.0418,127561.8835,293.9179743,2,166.6730579,104.1686279,347228.7597,0,"{""601288.SH"": 14030.4044, ""601988.SH"": 13500.0}",0.002167479785,-0.1089002704,0.002162867799
2024-09-09,V28 60d+250d momentum rank Top2,126891.3458,127162.1875,293.9179743,2,166.6730579,104.1686279,347228.7597,0,"{""601288.SH"": 14030.4044, ""601988.SH"": 13500.0}",-0.003140016379,-0.1116983382,-0.003133349439
2024-09-10,V28 60d+250d momentum rank Top2,129633.7782,129904.6199,293.9179743,2,166.6730579,104.1686279,347228.7597,0,"{""601288.SH"": 14030.4044, ""601988.SH"": 13500.0}",0.02161244594,-0.09249996652,0.02156641377
2024-09-11,V28 60d+250d momentum rank Top2,125374.5216,125645.3633,293.9179743,2,166.6730579,104.1686279,347228.7597,0,"{""601288.SH"": 14030.4044, ""601988.SH"": 13500.0}",-0.03285607096,-0.122316852,-0.03278756844
2024-09-12,V28 60d+250d momentum rank Top2,125655.1297,125925.9713,293.9179743,2,166.6730579,104.1686279,347228.7597,0,"{""601288.SH"": 14030.4044, ""601988.SH"": 13500.0}",0.002238158793,-0.1203524578,0.002233334208
2024-09-13,V28 60d+250d momentum rank Top2,124418.9135,124689.7552,293.9179743,2,166.6730579,104.1686279,347228.7597,0,"{""601288.SH"": 14030.4044, ""601988.SH"": 13500.0}",-0.009838167205,-0.1290065774,-0.009817007267
2024-09-18,V28 60d+250d momentum rank Top2,126205.7377,126476.5794,293.9179743,2,166.6730579,104.1686279,347228.7597,0,"{""601288.SH"": 14030.4044, ""601988.SH"": 13500.0}",0.01436135563,-0.1164979311,0.01433016098
2024-09-19,V28 60d+250d momentum rank Top2,125665.7377,125936.5794,293.9179743,2,166.6730579,104.1686279,347228.7597,0,"{""601288.SH"": 14030.4044, ""601988.SH"": 13500.0}",-0.004278727811,-0.1202781959,-0.004269565183
2024-09-20,V28 60d+250d momentum rank Top2,126631.9539,126902.7956,293.9179743,2,166.6730579,104.1686279,347228.7597,0,"{""601288.SH"": 14030.4044, ""601988.SH"": 13500.0}",0.007688779719,-0.1135142088,0.007672244078
2024-09-23,V28 60d+250d momentum rank Top2,128429.3863,128700.228,293.9179743,2,166.6730579,104.1686279,347228.7597,0,"{""601288.SH"": 14030.4044, ""601988.SH"": 13500.0}",0.01419414528,-0.1009313007,0.0141638515
2024-09-24,V28 60d+250d momentum rank Top2,133789.8591,134060.7007,293.9179743,2,166.6730579,104.1686279,347228.7597,0,"{""601288.SH"": 14030.4044, ""601988.SH"": 13500.0}",0.04173867793,-0.06340536178,0.04165084146
2024-09-25,V28 60d+250d momentum rank Top2,134351.0752,134621.9169,293.9179743,2,166.6730579,104.1686279,347228.7597,0,"{""601288.SH"": 14030.4044, ""601988.SH"": 13500.0}",0.004194758703,-0.05947657327,0.004186284068
2024-09-26,V28 60d+250d momentum rank Top2,136267.5955,136538.4371,293.9179743,2,166.6730579,104.1686279,347228.7597,0,"{""601288.SH"": 14030.4044, ""601988.SH"": 13500.0}",0.01426501586,-0.04605999167,0.01423631652
2024-09-27,V28 60d+250d momentum rank Top2,131981.8186,132252.6603,293.9179743,2,166.6730579,104.1686279,347228.7597,0,"{""601288.SH"": 14030.4044, ""601988.SH"": 13500.0}",-0.03145118119,-0.07606253171,-0.03138879369
2024-09-30,V28 60d+250d momentum rank Top2,135139.8591,135410.7007,293.9179743,2,166.6730579,104.1686279,347228.7597,0,"{""601288.SH"": 14030.4044, ""601988.SH"": 13500.0}",0.02392784455,-0.0539546996,0.02387884245
2024-10-08,V28 60d+250d momentum rank Top2,134173.6429,134444.4846,293.9179743,2,166.6730579,104.1686279,347228.7597,0,"{""601288.SH"": 14030.4044, ""601988.SH"": 13500.0}",-0.007149749766,-0.06071868677,-0.007135449196
2024-10-09,V28 60d+250d momentum rank Top2,130750.9065,131021.7482,293.9179743,2,166.6730579,104.1686279,347228.7597,0,"{""601288.SH"": 14030.4044, ""601988.SH"": 13500.0}",-0.0255097523,-0.08467952041,-0.02545836228
2024-10-10,V28 60d+250d momentum rank Top2,135555.4672,135826.3088,293.9179743,2,166.6730579,104.1686279,347228.7597,0,"{""601288.SH"": 14030.4044, ""601988.SH"": 13500.0}",0.03674590707,-0.05104523913,0.03666994774
2024-10-11,V28 60d+250d momentum rank Top2,135830.7712,136101.6129,293.9179743,2,166.6730579,104.1686279,347228.7597,0,"{""601288.SH"": 14030.4044, ""601988.SH"": 13500.0}",0.002030932796,-0.04911797578,0.002026883056
2024-10-14,V28 60d+250d momentum rank Top2,140256.8521,140527.6938,293.9179743,2,166.6730579,104.1686279,347228.7597,0,"{""601288.SH"": 14030.4044, ""601988.SH"": 13500.0}",0.03258525914,-0.01813323861,0.0325204146
2024-10-15,V28 60d+250d momentum rank Top2,137093.5076,137364.3493,293.9179743,2,166.6730579,104.1686279,347228.7597,0,"{""601288.SH"": 14030.4044, ""601988.SH"": 13500.0}",-0.02255393898,-0.04027820163,-0.02251047035
2024-10-16,V28 60d+250d momentum rank Top2,139576.548,139847.3897,293.9179743,2,166.6730579,104.1686279,347228.7597,0,"{""601288.SH"": 14030.4044, ""601988.SH"": 13500.0}",0.01811202064,-0.02289570061,0.01807630912
2024-10-17,V28 60d+250d momentum rank Top2,138340.3319,138611.1735,293.9179743,2,166.6730579,104.1686279,347228.7597,0,"{""601288.SH"": 14030.4044, ""601988.SH"": 13500.0}",-0.008856904639,-0.03154982021,-0.00883975152
2024-10-18,V28 60d+250d momentum rank Top2,138059.7238,138330.5655,293.9179743,2,166.6730579,104.1686279,347228.7597,0,"{""601288.SH"": 14030.4044, ""601988.SH"": 13500.0}",-0.002028389582,-0.03351421447,-0.002024426175
2024-10-21,V28 60d+250d momentum rank Top2,135026.0752,135296.9169,293.9179743,2,166.6730579,104.1686279,347228.7597,0,"{""601288.SH"": 14030.4044, ""601988.SH"": 13500.0}",-0.02197345065,-0.05475124218,-0.02193042815
2024-10-22,V28 60d+250d momentum rank Top2,135171.6833,135442.525,293.9179743,2,166.6730579,104.1686279,347228.7597,0,"{""601288.SH"": 14030.4044, ""601988.SH"": 13500.0}",0.001078370142,-0.05373191414,0.001076211426
2024-10-23,V28 60d+250d momentum rank Top2,135301.3793,135572.221,293.9179743,2,166.6730579,104.1686279,347228.7597,0,"{""601288.SH"": 14030.4044, ""601988.SH"": 13500.0}",0.0009594905743,-0.05282397884,0.0009575719004
2024-10-24,V28 60d+250d momentum rank Top2,135446.9874,135717.8291,293.9179743,2,166.6730579,104.1686279,347228.7597,0,"{""601288.SH"": 14030.4044, ""601988.SH"": 13500.0}",0.001076175931,-0.0518046508,0.001074025983
2024-10-25,V28 60d+250d momentum rank Top2,134205.4672,134476.3088,293.9179743,2,166.6730579,104.1686279,347228.7597,0,"{""601288.SH"": 14030.4044, ""601988.SH"": 13500.0}",-0.009166096964,-0.06049590131,-0.009147804885
2024-10-28,V28 60d+250d momentum rank Top2,132958.6429,133229.4846,293.9179743,2,166.6730579,104.1686279,347228.7597,0,"{""601288.SH"": 14030.4044, ""601988.SH"": 13500.0}",-0.00929041335,-0.06922428273,-0.009271702015
2024-10-29,V28 60d+250d momentum rank Top2,133649.555,133920.3967,293.9179743,2,166.6730579,104.1686279,347228.7597,0,"{""601288.SH"": 14030.4044, ""601988.SH"": 13500.0}",0.005196443923,-0.06438755891,0.005185880093
2024-10-30,V28 60d+250d momentum rank Top2,131582.1227,131852.9644,293.9179743,2,166.6730579,104.1686279,347228.7597,0,"{""601288.SH"": 14030.4044, ""601988.SH"": 13500.0}",-0.01546905526,-0.07886059946,-0.01543777051
2024-10-31,V28 60d+250d momentum rank Top2,131727.7308,131998.5724,293.9179743,2,166.6730579,104.1686279,347228.7597,0,"{""601288.SH"": 14030.4044, ""601988.SH"": 13500.0}",0.001106594763,-0.07784127142,0.001104321686
2024-11-01,V28 60d+250d momentum rank Top2,133239.251,133510.0927,293.9179743,2,166.6730579,104.1686279,347228.7597,0,"{""601288.SH"": 14030.4044, ""601988.SH"": 13500.0}",0.01147457875,-0.06725988848,0.0114510346
2024-11-04,V28 60d+250d momentum rank Top2,133053.4342,133431.0927,397.101193,2,233.9438392,143.7146279,479048.7597,0,"{""601288.SH"": 14030.4044, ""601398.SH"": 10700.0}",-0.001394609922,-0.06856069709,-0.0005917155657
2024-11-05,V28 60d+250d momentum rank Top2,133548.0423,133925.7007,397.101193,2,233.9438392,143.7146279,479048.7597,0,"{""601288.SH"": 14030.4044, ""601398.SH"": 10700.0}",0.003717364312,-0.06509819787,0.003706842821
2024-11-06,V28 60d+250d momentum rank Top2,132485.1301,132862.7886,397.101193,2,233.9438392,143.7146279,479048.7597,0,"{""601288.SH"": 14030.4044, ""601398.SH"": 10700.0}",-0.007959024435,-0.07253910415,-0.0079365807
2024-11-07,V28 60d+250d momentum rank Top2,133548.0423,133925.7007,397.101193,2,233.9438392,143.7146279,479048.7597,0,"{""601288.SH"": 14030.4044, ""601398.SH"": 10700.0}",0.008022878723,-0.06509819787,0.008000073932
2024-11-08,V28 60d+250d momentum rank Top2,132558.8261,132936.4846,397.101193,2,233.9438392,143.7146279,479048.7597,0,"{""601288.SH"": 14030.4044, ""601398.SH"": 10700.0}",-0.007407193388,-0.07202319631,-0.007386305767
2024-11-11,V28 60d+250d momentum rank Top2,130827.6978,131205.3563,397.101193,2,233.9438392,143.7146279,479048.7597,0,"{""601288.SH"": 14030.4044, ""601398.SH"": 10700.0}",-0.01305932135,-0.08414194359,-0.0130222212
2024-11-12,V28 60d+250d momentum rank Top2,129838.4816,130216.1401,397.101193,2,233.9438392,143.7146279,479048.7597,0,"{""601288.SH"": 14030.4044, ""601398.SH"": 10700.0}",-0.00756121366,-0.09106694204,-0.007539449638
2024-11-13,V28 60d+250d momentum rank Top2,130406.7857,130784.4441,397.101193,2,233.9438392,143.7146279,479048.7597,0,"{""601288.SH"": 14030.4044, ""601398.SH"": 10700.0}",0.004377007778,-0.08708853498,0.004364313391
2024-11-14,V28 60d+250d momentum rank Top2,131148.6978,131526.3563,397.101193,2,233.9438392,143.7146279,479048.7597,-1.455191523e-11,"{""601288.SH"": 14030.4044, ""601398.SH"": 10700.0}",0.005689214162,-0.08189478614,0.005672785756
2024-11-15,V28 60d+250d momentum rank Top2,131075.0018,131452.6603,397.101193,2,233.9438392,143.7146279,479048.7597,-1.455191523e-11,"{""601288.SH"": 14030.4044, ""601398.SH"": 10700.0}",-0.0005619267084,-0.08241069398,-0.000560313219
2024-11-18,V28 60d+250d momentum rank Top2,133976.0423,134353.7007,397.101193,2,233.9438392,143.7146279,479048.7597,0,"{""601288.SH"": 14030.4044, ""601398.SH"": 10700.0}",0.02213267518,-0.06210198793,0.02206908885
2024-11-19,V28 60d+250d momentum rank Top2,132846.5221,133224.1805,397.101193,2,233.9438392,143.7146279,479048.7597,0,"{""601288.SH"": 14030.4044, ""601398.SH"": 10700.0}",-0.008430762698,-0.0700091835,-0.008407064438
2024-11-20,V28 60d+250d momentum rank Top2,133020.1301,133397.7886,397.101193,2,233.9438392,143.7146279,479048.7597,0,"{""601288.SH"": 14030.4044, ""601398.SH"": 10700.0}",0.001306832013,-0.06879384173,0.001303127459
2024-11-21,V28 60d+250d momentum rank Top2,132913.1301,133290.7886,397.101193,2,233.9438392,143.7146279,479048.7597,0,"{""601288.SH"": 14030.4044, ""601398.SH"": 10700.0}",-0.0008043895302,-0.06954289422,-0.0008021122472
2024-11-22,V28 60d+250d momentum rank Top2,131075.0018,131452.6603,397.101193,2,233.9438392,143.7146279,479048.7597,-1.455191523e-11,"{""601288.SH"": 14030.4044, ""601398.SH"": 10700.0}",-0.01382954645,-0.08241069398,-0.01379036261
2024-11-25,V28 60d+250d momentum rank Top2,131709.914,132087.5724,397.101193,2,233.9438392,143.7146279,479048.7597,0,"{""601288.SH"": 14030.4044, ""601398.SH"": 10700.0}",0.00484388421,-0.07796599763,0.004829967916
2024-11-26,V28 60d+250d momentum rank Top2,133795.3463,134173.0048,397.101193,2,233.9438392,143.7146279,479048.7597,0,"{""601288.SH"": 14030.4044, ""601398.SH"": 10700.0}",0.01583352603,-0.06336694825,0.01578825557
2024-11-27,V28 60d+250d momentum rank Top2,134503.9544,134881.6129,397.101193,2,233.9438392,143.7146279,479048.7597,0,"{""601288.SH"": 14030.4044, ""601398.SH"": 10700.0}",0.00529620878,-0.05840634406,0.005281301473
2024-11-28,V28 60d+250d momentum rank Top2,134677.5625,135055.221,397.101193,2,233.9438392,143.7146279,479048.7597,0,"{""601288.SH"": 14030.4044, ""601398.SH"": 10700.0}",0.001290728504,-0.05719100229,0.00128711456
2024-11-29,V28 60d+250d momentum rank Top2,133688.3463,134066.0048,397.101193,2,233.9438392,143.7146279,479048.7597,0,"{""601288.SH"": 14030.4044, ""601398.SH"": 10700.0}",-0.007345070384,-0.06411600074,-0.007324531171
2024-12-02,V28 60d+250d momentum rank Top2,133614.6504,133992.3088,397.101193,2,233.9438392,143.7146279,479048.7597,0,"{""601288.SH"": 14030.4044, ""601398.SH"": 10700.0}",-0.0005512519086,-0.06463190858,-0.0005496990544
2024-12-03,V28 60d+250d momentum rank Top2,135532.8386,136022.4371,225.161073,2,306.2227592,183.3758279,611252.7597,0,"{""601288.SH"": 13930.4044, ""601988.SH"": 13200.0}",0.01435612174,-0.05120365038,0.01515108087
2024-12-04,V28 60d+250d momentum rank Top2,136075.4466,136565.0452,225.161073,2,306.2227592,183.3758279,611252.7597,0,"{""601288.SH"": 13930.4044, ""601988.SH"": 13200.0}",0.004003517477,-0.04740512761,0.003989107233
2024-12-05,V28 60d+250d momentum rank Top2,135818.7507,136308.3493,225.161073,2,306.2227592,183.3758279,611252.7597,0,"{""601288.SH"": 13930.4044, ""601988.SH"": 13200.0}",-0.001886423763,-0.04920212522,-0.001879660755
2024-12-06,V28 60d+250d momentum rank Top2,136500.6628,136990.2614,225.161073,2,306.2227592,183.3758279,611252.7597,0,"{""601288.SH"": 13930.4044, ""601988.SH"": 13200.0}",0.005020751026,-0.04442840581,0.005002717261
2024-12-09,V28 60d+250d momentum rank Top2,137996.4871,138486.0857,225.161073,2,306.2227592,183.3758279,611252.7597,0,"{""601288.SH"": 13930.4044, ""601988.SH"": 13200.0}",0.0109583663,-0.03395690226,0.01091920147
2024-12-10,V28 60d+250d momentum rank Top2,139345.7033,139835.3018,225.161073,2,306.2227592,183.3758279,611252.7597,0,"{""601288.SH"": 13930.4044, ""601988.SH"": 13200.0}",0.009777177697,-0.02451172723,0.009742611824
2024-12-11,V28 60d+250d momentum rank Top2,137175.2709,137664.8695,225.161073,2,306.2227592,183.3758279,611252.7597,0,"{""601288.SH"": 13930.4044, ""601988.SH"": 13200.0}",-0.01557588286,-0.0397058183,-0.01552134778
2024-12-12,V28 60d+250d momentum rank Top2,138935.0952,139424.6938,225.161073,2,306.2227592,183.3758279,611252.7597,0,"{""601288.SH"": 13930.4044, ""601988.SH"": 13200.0}",0.01282901978,-0.02738618525,0.01278339398
2024-12-13,V28 60d+250d momentum rank Top2,138253.183,138742.7816,225.161073,2,306.2227592,183.3758279,611252.7597,0,"{""601288.SH"": 13930.4044, ""601988.SH"": 13200.0}",-0.004908134485,-0.03215990465,-0.004890899262
2024-12-16,V28 60d+250d momentum rank Top2,140841.5275,141331.1261,225.161073,2,306.2227592,183.3758279,611252.7597,0,"{""601288.SH"": 13930.4044, ""601988.SH"": 13200.0}",0.01872177136,-0.01404022367,0.01865570556
2024-12-17,V28 60d+250d momentum rank Top2,140966.2235,141455.8221,225.161073,2,306.2227592,183.3758279,611252.7597,0,"{""601288.SH"": 13930.4044, ""601988.SH"": 13200.0}",0.000885363559,-0.01316729081,0.000882296487
2024-12-18,V28 60d+250d momentum rank Top2,140966.2235,141455.8221,225.161073,2,306.2227592,183.3758279,611252.7597,0,"{""601288.SH"": 13930.4044, ""601988.SH"": 13200.0}",0,-0.01316729081,0
2024-12-19,V28 60d+250d momentum rank Top2,139470.3992,139959.9978,225.161073,2,306.2227592,183.3758279,611252.7597,0,"{""601288.SH"": 13930.4044, ""601988.SH"": 13200.0}",-0.01061122464,-0.02363879437,-0.01057449769
2024-12-20,V28 60d+250d momentum rank Top2,139866.3992,140355.9978,225.161073,2,306.2227592,183.3758279,611252.7597,0,"{""601288.SH"": 13930.4044, ""601988.SH"": 13200.0}",0.002839312157,-0.02086660013,0.002829379867
2024-12-23,V28 60d+250d momentum rank Top2,143275.9599,143765.5585,225.161073,2,306.2227592,183.3758279,611252.7597,0,"{""601288.SH"": 13930.4044, ""601988.SH"": 13200.0}",0.02437726772,0,0.02429223341
2024-12-24,V28 60d+250d momentum rank Top2,145035.7841,145525.3827,225.161073,2,306.2227592,183.3758279,611252.7597,0,"{""601288.SH"": 13930.4044, ""601988.SH"": 13200.0}",0.01228276024,0,0.01224093088
2024-12-25,V28 60d+250d momentum rank Top2,146927.6084,147417.207,225.161073,2,306.2227592,183.3758279,611252.7597,0,"{""601288.SH"": 13930.4044, ""601988.SH"": 13200.0}",0.01304384483,0,0.01299996075
2024-12-26,V28 60d+250d momentum rank Top2,146656.3044,147145.9029,225.161073,2,306.2227592,183.3758279,611252.7597,0,"{""601288.SH"": 13930.4044, ""601988.SH"": 13200.0}",-0.001846515076,-0.001846515076,-0.001840382473
2024-12-27,V28 60d+250d momentum rank Top2,146531.6084,147021.207,225.161073,2,306.2227592,183.3758279,611252.7597,0,"{""601288.SH"": 13930.4044, ""601988.SH"": 13200.0}",-0.0008502597731,-0.002695204831,-0.0008474307036
2024-12-30,V28 60d+250d momentum rank Top2,148027.4327,148517.0313,225.161073,2,306.2227592,183.3758279,611252.7597,0,"{""601288.SH"": 13930.4044, ""601988.SH"": 13200.0}",0.01020820204,0,0.01017420748
2024-12-31,V28 60d+250d momentum rank Top2,147345.5205,147835.1191,225.161073,2,306.2227592,183.3758279,611252.7597,0,"{""601288.SH"": 13930.4044, ""601988.SH"": 13200.0}",-0.004606660533,-0.004606660533,-0.004591474298
2025-01-02,V28 60d+250d momentum rank Top2,143547.2639,144036.8625,225.161073,2,306.2227592,183.3758279,611252.7597,0,"{""601288.SH"": 13930.4044, ""601988.SH"": 13200.0}",-0.02577788996,-0.03026580051,-0.02569251906
2025-01-03,V28 60d+250d momentum rank Top2,141684.1541,142294.3423,2.571506577,2,383.9399256,226.2482279,754160.7597,2.910383046e-11,"{""601288.SH"": 13830.4044, ""601398.SH"": 10500.0}",-0.0129790686,-0.04285204721,-0.01209773796
2025-01-06,V28 60d+250d momentum rank Top2,142657.3703,143267.5585,2.571506577,2,383.9399256,226.2482279,754160.7597,2.910383046e-11,"{""601288.SH"": 13830.4044, ""601398.SH"": 10500.0}",0.006868913335,-0.03627748087,0.006839457986
2025-01-07,V28 60d+250d momentum rank Top2,144484.7392,145094.9273,2.571506577,2,383.9399256,226.2482279,754160.7597,2.910383046e-11,"{""601288.SH"": 13830.4044, ""601398.SH"": 10722.607}",0.01280949495,-0.02393268213,0.01275493827
2025-01-08,V28 60d+250d momentum rank Top2,145800.4112,146410.5993,2.571506577,2,383.9399256,226.2482279,754160.7597,0,"{""601288.SH"": 14153.092, ""601398.SH"": 10722.607}",0.009105958206,-0.01504465393,0.009067663636
2025-01-09,V28 60d+250d momentum rank Top2,144698.1571,145308.3453,2.571506577,2,383.9399256,226.2482279,754160.7597,0,"{""601288.SH"": 14153.092, ""601398.SH"": 10722.607}",-0.007560020027,-0.02249093607,-0.007528512509
2025-01-10,V28 60d+250d momentum rank Top2,143703.1292,144313.3173,2.571506577,2,383.9399256,226.2482279,754160.7597,2.910383046e-11,"{""601288.SH"": 14153.092, ""601398.SH"": 10722.607}",-0.006876576582,-0.02921285201,-0.006847700019
2025-01-13,V28 60d+250d momentum rank Top2,141961.8303,142572.0184,2.571506577,2,383.9399256,226.2482279,754160.7597,0,"{""601288.SH"": 14153.092, ""601398.SH"": 10722.607}",-0.0121173348,-0.0409762049,-0.01206610007
2025-01-14,V28 60d+250d momentum rank Top2,142352.1182,142962.3063,2.571506577,2,383.9399256,226.2482279,754160.7597,0,"{""601288.SH"": 14153.092, ""601398.SH"": 10722.607}",0.002749245407,-0.03833961313,0.002737479024
2025-01-15,V28 60d+250d momentum rank Top2,142849.6321,143459.8203,2.571506577,2,383.9399256,226.2482279,754160.7597,0,"{""601288.SH"": 14153.092, ""601398.SH"": 10722.607}",0.003494953119,-0.03497865516,0.003480036047
2025-01-16,V28 60d+250d momentum rank Top2,143810.3553,144420.5434,2.571506577,2,383.9399256,226.2482279,754160.7597,0,"{""601288.SH"": 14153.092, ""601398.SH"": 10722.607}",0.006725415347,-0.0284884858,0.006696809645
2025-01-17,V28 60d+250d momentum rank Top2,142352.1182,142962.3063,2.571506577,2,383.9399256,226.2482279,754160.7597,0,"{""601288.SH"": 14153.092, ""601398.SH"": 10722.607}",-0.01014000059,-0.03833961313,-0.01009715829
2025-01-20,V28 60d+250d momentum rank Top2,141357.0902,141967.2784,2.571506577,2,383.9399256,226.2482279,754160.7597,0,"{""601288.SH"": 14153.092, ""601398.SH"": 10722.607}",-0.006989906239,-0.04506152907,-0.006960072095
2025-01-21,V28 60d+250d momentum rank Top2,141142.6381,141752.8262,2.571506577,2,383.9399256,226.2482279,754160.7597,0,"{""601288.SH"": 14153.092, ""601398.SH"": 10722.607}",-0.001517095031,-0.04651026148,-0.00151057442
2025-01-22,V28 60d+250d momentum rank Top2,138830.9039,139441.0921,2.571506577,2,383.9399256,226.2482279,754160.7597,0,"{""601288.SH"": 14153.092, ""601398.SH"": 10722.607}",-0.0163787085,-0.06212719197,-0.01630820484
2025-01-23,V28 60d+250d momentum rank Top2,143029.7794,143639.9676,2.571506577,2,383.9399256,226.2482279,754160.7597,0,"{""601288.SH"": 14153.092, ""601398.SH"": 10722.607}",0.03024453038,-0.03376166933,0.03011218164
2025-01-24,V28 60d+250d momentum rank Top2,142853.9437,143464.1318,2.571506577,2,383.9399256,226.2482279,754160.7597,0,"{""601288.SH"": 14153.092, ""601398.SH"": 10722.607}",-0.001229364761,-0.03494952868,-0.001224142372
2025-01-27,V28 60d+250d momentum rank Top2,146160.7057,146770.8939,2.571506577,2,383.9399256,226.2482279,754160.7597,0,"{""601288.SH"": 14153.092, ""601398.SH"": 10722.607}",0.02314785298,-0.01261068226,0.02304939948
2025-02-05,V28 60d+250d momentum rank Top2,143209.9267,143820.1149,2.571506577,2,383.9399256,226.2482279,754160.7597,0,"{""601288.SH"": 14153.092, ""601398.SH"": 10722.607}",-0.02018859317,-0.03254468349,-0.02010466072
2025-02-06,V28 60d+250d momentum rank Top2,143068.3958,143678.584,2.571506577,2,383.9399256,226.2482279,754160.7597,0,"{""601288.SH"": 14153.092, ""601398.SH"": 10722.607}",-0.0009882759062,-0.03350079627,-0.0009840829305
2025-02-07,V28 60d+250d momentum rank Top2,142785.334,143395.5221,2.571506577,2,383.9399256,226.2482279,754160.7597,0,"{""601288.SH"": 14153.092, ""601398.SH"": 10722.607}",-0.001978507123,-0.03541302183,-0.001970104607
2025-02-10,V28 60d+250d momentum rank Top2,142570.8818,143181.07,2.571506577,2,383.9399256,226.2482279,754160.7597,0,"{""601288.SH"": 14153.092, ""601398.SH"": 10722.607}",-0.001501919933,-0.03686175424,-0.001495528842
2025-02-11,V28 60d+250d momentum rank Top2,145453.0511,146063.2393,2.571506577,2,383.9399256,226.2482279,754160.7597,0,"{""601288.SH"": 14153.092, ""601398.SH"": 10722.607}",0.02021569403,-0.01739124616,0.02012954174
2025-02-12,V28 60d+250d momentum rank Top2,146735.4525,147345.6406,2.571506577,2,383.9399256,226.2482279,754160.7597,0,"{""601288.SH"": 14153.092, ""601398.SH"": 10722.607}",0.008816599631,-0.008727978178,0.008779767745
2025-02-13,V28 60d+250d momentum rank Top2,147661.8707,148272.0589,2.571506577,2,383.9399256,226.2482279,754160.7597,0,"{""601288.SH"": 14153.092, ""601398.SH"": 10722.607}",0.006313527114,-0.002469555391,0.006287381519
2025-02-14,V28 60d+250d momentum rank Top2,148691.2035,149301.3917,2.571506577,2,383.9399256,226.2482279,754160.7597,0,"{""601288.SH"": 14153.092, ""601398.SH"": 10722.607}",0.006970877481,0,0.006942190033
2025-02-17,V28 60d+250d momentum rank Top2,148794.1181,149404.3062,2.571506577,2,383.9399256,226.2482279,754160.7597,2.910383046e-11,"{""601288.SH"": 14153.092, ""601398.SH"": 10722.607}",0.0006921361124,0,0.0006893073829
2025-02-18,V28 60d+250d momentum rank Top2,150895.7116,151505.8997,2.571506577,2,383.9399256,226.2482279,754160.7597,0,"{""601288.SH"": 14153.092, ""601398.SH"": 10722.607}",0.01412417058,0,0.01406648549
2025-02-19,V28 60d+250d momentum rank Top2,149900.6836,150510.8718,2.571506577,2,383.9399256,226.2482279,754160.7597,2.910383046e-11,"{""601288.SH"": 14153.092, ""601398.SH"": 10722.607}",-0.006594143388,-0.006594143388,-0.006567585556
2025-02-20,V28 60d+250d momentum rank Top2,150505.4237,151115.6118,2.571506577,2,383.9399256,226.2482279,754160.7597,0,"{""601288.SH"": 14153.092, ""601398.SH"": 10722.607}",0.004034271455,-0.002586474498,0.00401791606
2025-02-21,V28 60d+250d momentum rank Top2,147623.2544,148233.4425,2.571506577,2,383.9399256,226.2482279,754160.7597,0,"{""601288.SH"": 14153.092, ""601398.SH"": 10722.607}",-0.01914993662,-0.0216868803,-0.01907261129
2025-02-24,V28 60d+250d momentum rank Top2,146628.2264,147238.4145,2.571506577,2,383.9399256,226.2482279,754160.7597,2.910383046e-11,"{""601288.SH"": 14153.092, ""601398.SH"": 10722.607}",-0.006740319899,-0.02828102369,-0.006712574045
2025-02-25,V28 60d+250d momentum rank Top2,145881.9554,146492.1436,2.571506577,2,383.9399256,226.2482279,754160.7597,0,"{""601288.SH"": 14153.092, ""601398.SH"": 10722.607}",-0.005089545086,-0.03322663123,-0.005068452899
2025-02-26,V28 60d+250d momentum rank Top2,146237.9385,146848.1266,2.571506577,2,383.9399256,226.2482279,754160.7597,0,"{""601288.SH"": 14153.092, ""601398.SH"": 10722.607}",0.002440213104,-0.03086749818,0.002430048811
2025-02-27,V28 60d+250d momentum rank Top2,147340.1925,147950.3807,2.571506577,2,383.9399256,226.2482279,754160.7597,0,"{""601288.SH"": 14153.092, ""601398.SH"": 10722.607}",0.007537401305,-0.0235627576,0.007506081648
2025-02-28,V28 60d+250d momentum rank Top2,146272.2433,146882.4315,2.571506577,2,383.9399256,226.2482279,754160.7597,2.910383046e-11,"{""601288.SH"": 14153.092, ""601398.SH"": 10722.607}",-0.007248186389,-0.03064015673,-0.00721829287
2025-03-03,V28 60d+250d momentum rank Top2,145774.7294,146384.9175,2.571506577,2,383.9399256,226.2482279,754160.7597,2.910383046e-11,"{""601288.SH"": 14153.092, ""601398.SH"": 10722.607}",-0.003401287682,-0.03393722842,-0.00338715784
2025-03-04,V28 60d+250d momentum rank Top2,144599.5541,145209.7423,2.571506577,2,383.9399256,226.2482279,754160.7597,2.910383046e-11,"{""601288.SH"": 14153.092, ""601398.SH"": 10722.607}",-0.008061584149,-0.04172522475,-0.008027980392
2025-03-05,V28 60d+250d momentum rank Top2,146696.8361,147307.0242,2.571506577,2,383.9399256,226.2482279,754160.7597,0,"{""601288.SH"": 14153.092, ""601398.SH"": 10722.607}",0.01450406953,-0.02782634078,0.01444312175
2025-03-06,V28 60d+250d momentum rank Top2,145560.2772,146170.4654,2.571506577,2,383.9399256,226.2482279,754160.7597,2.910383046e-11,"{""601288.SH"": 14153.092, ""601398.SH"": 10722.607}",-0.007747671383,-0.03535842282,-0.007715578295
2025-03-07,V28 60d+250d momentum rank Top2,145097.0681,145707.2562,2.571506577,2,383.9399256,226.2482279,754160.7597,0,"{""601288.SH"": 14153.092, ""601398.SH"": 10722.607}",-0.003182249565,-0.03842815306,-0.003168965274
2025-03-10,V28 60d+250d momentum rank Top2,143887.588,144497.7761,2.571506577,2,383.9399256,226.2482279,754160.7597,0,"{""601288.SH"": 14153.092, ""601398.SH"": 10722.607}",-0.008335661871,-0.04644349084,-0.008300754054
2025-03-11,V28 60d+250d momentum rank Top2,144741.085,145351.2732,2.571506577,2,383.9399256,226.2482279,754160.7597,2.910383046e-11,"{""601288.SH"": 14153.092, ""601398.SH"": 10722.607}",0.00593169328,-0.0407872861,0.005906644804
2025-03-12,V28 60d+250d momentum rank Top2,143531.6049,144141.7931,2.571506577,2,383.9399256,226.2482279,754160.7597,0,"{""601288.SH"": 14153.092, ""601398.SH"": 10722.607}",-0.008356162991,-0.04880262388,-0.008321083617
2025-03-13,V28 60d+250d momentum rank Top2,144063.4238,144673.6119,2.571506577,2,383.9399256,226.2482279,754160.7597,2.910383046e-11,"{""601288.SH"": 14153.092, ""601398.SH"": 10722.607}",0.00370523851,-0.04527821073,0.003689553311
2025-03-14,V28 60d+250d momentum rank Top2,144419.4068,145029.595,2.571506577,2,383.9399256,226.2482279,754160.7597,2.910383046e-11,"{""601288.SH"": 14153.092, ""601398.SH"": 10722.607}",0.002471016237,-0.04291907769,0.002460594262
2025-03-17,V28 60d+250d momentum rank Top2,145628.8869,146239.0751,2.571506577,2,383.9399256,226.2482279,754160.7597,0,"{""601288.SH"": 14153.092, ""601398.SH"": 10722.607}",0.008374775417,-0.03490373991,0.008339539928
2025-03-18,V28 60d+250d momentum rank Top2,145380.1299,145990.3181,2.571506577,2,383.9399256,226.2482279,754160.7597,0,"{""601288.SH"": 14153.092, ""601398.SH"": 10722.607}",-0.001708156912,-0.03655227575,-0.001701029561
2025-03-19,V28 60d+250d momentum rank Top2,146838.367,147448.5552,2.571506577,2,383.9399256,226.2482279,754160.7597,0,"{""601288.SH"": 14153.092, ""601398.SH"": 10722.607}",0.01003051166,-0.02688840213,0.009988587647
2025-03-20,V28 60d+250d momentum rank Top2,146092.096,146702.2842,2.571506577,2,383.9399256,226.2482279,754160.7597,2.910383046e-11,"{""601288.SH"": 14153.092, ""601398.SH"": 10722.607}",-0.00508226143,-0.03183400967,-0.005061229446
2025-03-21,V28 60d+250d momentum rank Top2,144526.6329,145136.821,2.571506577,2,383.9399256,226.2482279,754160.7597,0,"{""601288.SH"": 14153.092, ""601398.SH"": 10722.607}",-0.01071559105,-0.04220848049,-0.01067102101
2025-03-24,V28 60d+250d momentum rank Top2,145877.6439,146487.8321,2.571506577,2,383.9399256,226.2482279,754160.7597,0,"{""601288.SH"": 14153.092, ""601398.SH"": 10722.607}",0.009347834313,-0.03325520406,0.009308533895
2025-03-25,V28 60d+250d momentum rank Top2,146623.9149,147234.103,2.571506577,2,383.9399256,226.2482279,754160.7597,0,"{""601288.SH"": 14153.092, ""601398.SH"": 10722.607}",0.005115732261,-0.02830959652,0.00509442292
2025-03-26,V28 60d+250d momentum rank Top2,146126.4009,146736.5891,2.571506577,2,383.9399256,226.2482279,754160.7597,0,"{""601288.SH"": 14153.092, ""601398.SH"": 10722.607}",-0.00339312983,-0.03160666821,-0.003379067547
2025-03-27,V28 60d+250d momentum rank Top2,146555.3052,147165.4933,2.571506577,2,383.9399256,226.2482279,754160.7597,2.910383046e-11,"{""601288.SH"": 14153.092, ""601398.SH"": 10722.607}",0.002935159394,-0.02876427943,0.002922953853
2025-03-28,V28 60d+250d momentum rank Top2,145954.8766,146565.0648,2.571506577,2,383.9399256,226.2482279,754160.7597,0,"{""601288.SH"": 14153.092, ""601398.SH"": 10722.607}",-0.004096941631,-0.03274337549,-0.004079954597
2025-03-31,V28 60d+250d momentum rank Top2,147194.3501,147804.5382,2.571506577,2,383.9399256,226.2482279,754160.7597,2.910383046e-11,"{""601288.SH"": 14153.092, ""601398.SH"": 10722.607}",0.008492168669,-0.02452926908,0.008456813581
2025-04-01,V28 60d+250d momentum rank Top2,145521.6608,146131.849,2.571506577,2,383.9399256,226.2482279,754160.7597,0,"{""601288.SH"": 14153.092, ""601398.SH"": 10722.607}",-0.01136381407,-0.0356143371,-0.01131690033
2025-04-02,V28 60d+250d momentum rank Top2,146712.2078,147439.4484,471.3501787,2,457.689802,269.5507772,898502.5908,0,"{""601398.SH"": 10722.607, ""601939.SH"": 8300.0}",0.008181235668,-0.02772447072,0.008948079675
2025-04-03,V28 60d+250d momentum rank Top2,148386.1121,149113.3527,471.3501787,2,457.689802,269.5507772,898502.5908,0,"{""601398.SH"": 10722.607, ""601939.SH"": 8300.0}",0.01140944099,-0.01663135044,0.01135316427
2025-04-07,V28 60d+250d momentum rank Top2,146660.1732,147387.4138,471.3501787,2,457.689802,269.5507772,898502.5908,0,"{""601398.SH"": 10722.607, ""601939.SH"": 8300.0}",-0.01163140458,-0.02806930906,-0.01157467707
2025-04-08,V28 60d+250d momentum rank Top2,148050.5296,148777.7702,471.3501787,2,457.689802,269.5507772,898502.5908,0,"{""601398.SH"": 10722.607, ""601939.SH"": 8300.0}",0.009480122565,-0.01885528698,0.009433345641
2025-04-09,V28 60d+250d momentum rank Top2,146425.0775,147152.3181,471.3501787,2,457.689802,269.5507772,898502.5908,0,"{""601398.SH"": 10722.607, ""601939.SH"": 8300.0}",-0.0109790363,-0.0296273104,-0.01092536968
2025-04-10,V28 60d+250d momentum rank Top2,145390.9472,146118.1877,471.3501787,2,457.689802,269.5507772,898502.5908,0,"{""601398.SH"": 10722.607, ""601939.SH"": 8300.0}",-0.007062522114,-0.03648058898,-0.007027618467
2025-04-11,V28 60d+250d momentum rank Top2,146342.0775,147069.3181,471.3501787,2,457.689802,269.5507772,898502.5908,0,"{""601398.SH"": 10722.607, ""601939.SH"": 8300.0}",0.006541881504,-0.03017735917,0.006509322095
2025-04-14,V28 60d+250d momentum rank Top2,148254.66,148981.9006,471.3501787,2,457.689802,269.5507772,898502.5908,0,"{""601398.SH"": 10722.607, ""601939.SH"": 8300.0}",0.01306925882,-0.01750249607,0.01300463286
2025-04-15,V28 60d+250d momentum rank Top2,149634.6946,150361.9352,471.3501787,2,457.689802,269.5507772,898502.5908,0,"{""601398.SH"": 10722.607, ""601939.SH"": 8300.0}",0.009308541306,-0.008356877469,0.009263102572
2025-04-16,V28 60d+250d momentum rank Top2,151453.9553,152181.1959,471.3501787,2,457.689802,269.5507772,898502.5908,0,"{""601398.SH"": 10722.607, ""601939.SH"": 8300.0}",0.01215801389,0,0.01209921044
2025-04-17,V28 60d+250d momentum rank Top2,151429.7292,152156.9698,471.3501787,2,457.689802,269.5507772,898502.5908,0,"{""601398.SH"": 10722.607, ""601939.SH"": 8300.0}",-0.000159956665,-0.000159956665,-0.0001591922672
2025-04-18,V28 60d+250d momentum rank Top2,153556.7639,154284.0044,471.3501787,2,457.689802,269.5507772,898502.5908,0,"{""601398.SH"": 10722.607, ""601939.SH"": 8300.0}",0.01404634768,0,0.01397921258
2025-04-21,V28 60d+250d momentum rank Top2,151429.7292,152156.9698,471.3501787,2,457.689802,269.5507772,898502.5908,0,"{""601398.SH"": 10722.607, ""601939.SH"": 8300.0}",-0.01385178075,-0.01385178075,-0.01378648833
2025-04-22,V28 60d+250d momentum rank Top2,153414.9899,154142.2305,471.3501787,2,457.689802,269.5507772,898502.5908,0,"{""601398.SH"": 10722.607, ""601939.SH"": 8300.0}",0.0131101119,-0.0009232672455,0.01304745158
2025-04-23,V28 60d+250d momentum rank Top2,152405.0857,153132.3262,471.3501787,2,457.689802,269.5507772,898502.5908,0,"{""601398.SH"": 10722.607, ""601939.SH"": 8300.0}",-0.006582826612,-0.007500016149,-0.006551768941
2025-04-24,V28 60d+250d momentum rank Top2,155044.0246,155771.2651,471.3501787,2,457.689802,269.5507772,898502.5908,0,"{""601398.SH"": 10722.607, ""601939.SH"": 8300.0}",0.01731529426,0,0.01723306221
2025-04-25,V28 60d+250d momentum rank Top2,154224.3464,154951.5869,471.3501787,2,457.689802,269.5507772,898502.5908,0,"{""601398.SH"": 10722.607, ""601939.SH"": 8300.0}",-0.005286744917,-0.005286744917,-0.005262062987
2025-04-28,V28 60d+250d momentum rank Top2,156576.1549,157303.3955,471.3501787,2,457.689802,269.5507772,898502.5908,0,"{""601398.SH"": 10722.607, ""601939.SH"": 8300.0}",0.01524926908,0,0.01517769907
2025-04-29,V28 60d+250d momentum rank Top2,156112.7028,156839.9434,471.3501787,2,457.689802,269.5507772,898502.5908,0,"{""601398.SH"": 10722.607, ""601939.SH"": 8300.0}",-0.002959915189,-0.002959915189,-0.002946230994
2025-04-30,V28 60d+250d momentum rank Top2,150834.825,151562.0655,471.3501787,2,457.689802,269.5507772,898502.5908,0,"{""601398.SH"": 10722.607, ""601939.SH"": 8300.0}",-0.03380812526,-0.03666797126,-0.03365136264
2025-05-06,V28 60d+250d momentum rank Top2,150430.1468,151157.3873,471.3501787,2,457.689802,269.5507772,898502.5908,0,"{""601398.SH"": 10722.607, ""601939.SH"": 8300.0}",-0.002682922918,-0.03925251684,-0.002670049444
2025-05-07,V28 60d+250d momentum rank Top2,152958.1272,153807.0655,455.1272429,2,534.3198798,314.6184197,1048728.066,0,"{""601288.SH"": 13900.0, ""601939.SH"": 8300.0}",0.01680501245,-0.02310714343,0.01752926705
2025-05-08,V28 60d+250d momentum rank Top2,153344.1272,154193.0655,455.1272429,2,534.3198798,314.6184197,1048728.066,0,"{""601288.SH"": 13900.0, ""601939.SH"": 8300.0}",0.002523566462,-0.02064188938,0.002509637634
2025-05-09,V28 60d+250d momentum rank Top2,155507.3273,156356.2656,455.1272429,2,534.3198798,314.6184197,1048728.066,0,"{""601288.SH"": 13900.0, ""601939.SH"": 8491.6883}",0.01410683369,-0.006826247386,0.01402916592
2025-05-12,V28 60d+250d momentum rank Top2,155051.9092,155900.8475,455.1272429,2,534.3198798,314.6184197,1048728.066,0,"{""601288.SH"": 13900.0, ""601939.SH"": 8491.6883}",-0.002928596294,-0.009734852358,-0.002912695444
2025-05-13,V28 60d+250d momentum rank Top2,157345.1611,158194.0994,455.1272429,2,534.3198798,314.6184197,1048728.066,0,"{""601288.SH"": 13900.0, ""601939.SH"": 8491.6883}",0.01479022065,0,0.01470968238
2025-05-14,V28 60d+250d momentum rank Top2,157399.2442,158248.1825,455.1272429,2,534.3198798,314.6184197,1048728.066,0,"{""601288.SH"": 13900.0, ""601939.SH"": 8491.6883}",0.0003437227837,0,0.0003418782178
2025-05-15,V28 60d+250d momentum rank Top2,157507.4105,158356.3488,455.1272429,2,534.3198798,314.6184197,1048728.066,0,"{""601288.SH"": 13900.0, ""601939.SH"": 8491.6883}",0.0006872093578,0,0.0006835227541
2025-05-16,V28 60d+250d momentum rank Top2,156109.826,156958.7643,455.1272429,2,534.3198798,314.6184197,1048728.066,0,"{""601288.SH"": 13900.0, ""601939.SH"": 8491.6883}",-0.008873134363,-0.008873134363,-0.008825566055
2025-05-19,V28 60d+250d momentum rank Top2,155522.9923,156371.9306,455.1272429,2,534.3198798,314.6184197,1048728.066,0,"{""601288.SH"": 13900.0, ""601939.SH"": 8491.6883}",-0.003759108452,-0.01259888774,-0.003738776671
2025-05-20,V28 60d+250d momentum rank Top2,155661.9923,156510.9306,455.1272429,2,534.3198798,314.6184197,1048728.066,0,"{""601288.SH"": 13900.0, ""601939.SH"": 8491.6883}",0.0008937585238,-0.01171638958,0.0008889063369
2025-05-21,V28 60d+250d momentum rank Top2,155885.9092,156734.8475,455.1272429,2,534.3198798,314.6184197,1048728.066,0,"{""601288.SH"": 13900.0, ""601939.SH"": 8491.6883}",0.001438481417,-0.01029476197,0.001430678882
2025-05-22,V28 60d+250d momentum rank Top2,156302.9092,157151.8475,455.1272429,2,534.3198798,314.6184197,1048728.066,0,"{""601288.SH"": 13900.0, ""601939.SH"": 8491.6883}",0.002675033313,-0.007647267489,0.002660544268
2025-05-23,V28 60d+250d momentum rank Top2,154565.6572,155414.5955,455.1272429,2,534.3198798,314.6184197,1048728.066,0,"{""601288.SH"": 13900.0, ""601939.SH"": 8491.6883}",-0.01111464885,-0.01867691964,-0.01105460723
2025-05-26,V28 60d+250d momentum rank Top2,153669.9897,154518.928,455.1272429,2,534.3198798,314.6184197,1048728.066,0,"{""601288.SH"": 13900.0, ""601939.SH"": 8491.6883}",-0.005794738295,-0.02436343008,-0.005763085056
2025-05-27,V28 60d+250d momentum rank Top2,154341.7403,155190.6786,455.1272429,2,534.3198798,314.6184197,1048728.066,0,"{""601288.SH"": 13900.0, ""601939.SH"": 8491.6883}",0.004371384752,-0.02009854725,0.004347368044
2025-05-28,V28 60d+250d momentum rank Top2,154032.9066,154881.8449,455.1272429,2,534.3198798,314.6184197,1048728.066,0,"{""601288.SH"": 13900.0, ""601939.SH"": 8491.6883}",-0.002000973721,-0.02205930431,-0.001990027811
2025-05-29,V28 60d+250d momentum rank Top2,153554.239,154403.1773,455.1272429,2,534.3198798,314.6184197,1048728.066,0,"{""601288.SH"": 13900.0, ""601939.SH"": 8491.6883}",-0.003107566711,-0.02509832026,-0.003090533518
2025-05-30,V28 60d+250d momentum rank Top2,154002.0728,154851.0111,455.1272429,2,534.3198798,314.6184197,1048728.066,0,"{""601288.SH"": 13900.0, ""601939.SH"": 8491.6883}",0.002916453295,-0.02225506504,0.002900418076
2025-06-03,V28 60d+250d momentum rank Top2,154812.8234,155661.7617,455.1272429,2,534.3198798,314.6184197,1048728.066,0,"{""601288.SH"": 13900.0, ""601939.SH"": 8491.6883}",0.005264543749,-0.01710768406,0.005235681988
2025-06-04,V28 60d+250d momentum rank Top2,154388.239,155237.1773,455.1272429,2,534.3198798,314.6184197,1048728.066,0,"{""601288.SH"": 13900.0, ""601939.SH"": 8491.6883}",-0.002742566195,-0.0198033313,-0.00272760896
2025-06-05,V28 60d+250d momentum rank Top2,154303.3221,155152.2604,455.1272429,2,534.3198798,314.6184197,1048728.066,0,"{""601288.SH"": 13900.0, ""601939.SH"": 8491.6883}",-0.0005500217099,-0.02034246074,-0.0005470138319
2025-06-06,V28 60d+250d momentum rank Top2,154859.3221,155708.2604,455.1272429,2,534.3198798,314.6184197,1048728.066,0,"{""601288.SH"": 13900.0, ""601939.SH"": 8491.6883}",0.003603292478,-0.0168124681,0.003583576536
2025-06-09,V28 60d+250d momentum rank Top2,154241.6546,155090.5929,455.1272429,2,534.3198798,314.6184197,1048728.066,0,"{""601288.SH"": 13900.0, ""601939.SH"": 8491.6883}",-0.003988571849,-0.02073398221,-0.003966825724
2025-06-10,V28 60d+250d momentum rank Top2,154743.5715,155592.5098,455.1272429,2,534.3198798,314.6184197,1048728.066,0,"{""601288.SH"": 13900.0, ""601939.SH"": 8491.6883}",0.003254094262,-0.01754735828,0.003236281929
2025-06-11,V28 60d+250d momentum rank Top2,154318.9871,155167.9254,455.1272429,2,534.3198798,314.6184197,1048728.066,0,"{""601288.SH"": 13900.0, ""601939.SH"": 8491.6883}",-0.002743793568,-0.02024300552,-0.002728822979
2025-06-12,V28 60d+250d momentum rank Top2,154203.2364,155052.1747,455.1272429,2,534.3198798,314.6184197,1048728.066,0,"{""601288.SH"": 13900.0, ""601939.SH"": 8491.6883}",-0.0007500739337,-0.02097789571,-0.0007459702087
2025-06-13,V28 60d+250d momentum rank Top2,153531.4858,154380.4241,455.1272429,2,534.3198798,314.6184197,1048728.066,0,"{""601288.SH"": 13900.0, ""601939.SH"": 8491.6883}",-0.004356268164,-0.02524277853,-0.004332416819
2025-06-16,V28 60d+250d momentum rank Top2,155137.3221,155986.2604,455.1272429,2,534.3198798,314.6184197,1048728.066,0,"{""601288.SH"": 13900.0, ""601939.SH"": 8491.6883}",0.01045932928,-0.01504747178,0.01040181341
2025-06-17,V28 60d+250d momentum rank Top2,155446.1559,156295.0942,455.1272429,2,534.3198798,314.6184197,1048728.066,0,"{""601288.SH"": 13900.0, ""601939.SH"": 8491.6883}",0.001990712242,-0.01308671472,0.001979878007
2025-06-18,V28 60d+250d momentum rank Top2,158395.4936,159244.4319,455.1272429,2,534.3198798,314.6184197,1048728.066,0,"{""601288.SH"": 13900.0, ""601939.SH"": 8491.6883}",0.0189733715,0,0.01887031502
2025-06-19,V28 60d+250d momentum rank Top2,158534.4936,159383.4319,455.1272429,2,534.3198798,314.6184197,1048728.066,0,"{""601288.SH"": 13900.0, ""601939.SH"": 8491.6883}",0.0008775502185,0,0.0008728719639
2025-06-20,V28 60d+250d momentum rank Top2,159715.7455,160564.6838,455.1272429,2,534.3198798,314.6184197,1048728.066,0,"{""601288.SH"": 13900.0, ""601939.SH"": 8491.6883}",0.007451072144,0,0.007411384829
2025-06-23,V28 60d+250d momentum rank Top2,162572.5819,163421.5202,455.1272429,2,534.3198798,314.6184197,1048728.066,0,"{""601288.SH"": 13900.0, ""601939.SH"": 8491.6883}",0.01788700517,0,0.01779243291
2025-06-24,V28 60d+250d momentum rank Top2,163800.3325,164649.2708,455.1272429,2,534.3198798,314.6184197,1048728.066,0,"{""601288.SH"": 13900.0, ""601939.SH"": 8491.6883}",0.007552015447,0,0.007512784413
2025-06-25,V28 60d+250d momentum rank Top2,165228.7507,166077.689,455.1272429,2,534.3198798,314.6184197,1048728.066,0,"{""601288.SH"": 13900.0, ""601939.SH"": 8491.6883}",0.008720484021,0,0.008675520853
2025-06-26,V28 60d+250d momentum rank Top2,166232.5845,167081.5228,455.1272429,2,534.3198798,314.6184197,1048728.066,0,"{""601288.SH"": 13900.0, ""601939.SH"": 8491.6883}",0.006075418243,0,0.006044362565
2025-06-27,V28 60d+250d momentum rank Top2,161754.2468,162603.1851,455.1272429,2,534.3198798,314.6184197,1048728.066,0,"{""601288.SH"": 13900.0, ""601939.SH"": 8491.6883}",-0.02694019153,-0.02694019153,-0.02680330889
2025-06-30,V28 60d+250d momentum rank Top2,162348.665,163197.6033,455.1272429,2,534.3198798,314.6184197,1048728.066,0,"{""601288.SH"": 13900.0, ""601939.SH"": 8491.6883}",0.003674822728,-0.02336436923,0.003655636771
2025-07-01,V28 60d+250d momentum rank Top2,165753.4209,166602.3592,455.1272429,2,534.3198798,314.6184197,1048728.066,0,"{""601288.SH"": 13900.0, ""601939.SH"": 8491.6883}",0.02097187462,-0.002882489232,0.02086278094
2025-07-02,V28 60d+250d momentum rank Top2,166236.8906,167220.0267,170.8905566,2,618.7963229,364.339808,1214466.027,0,"{""601288.SH"": 13900.0, ""601398.SH"": 10800.0}",0.002916800745,0,0.003707435693
2025-07-03,V28 60d+250d momentum rank Top2,165387.8906,166371.0267,170.8905566,2,618.7963229,364.339808,1214466.027,0,"{""601288.SH"": 13900.0, ""601398.SH"": 10800.0}",-0.005107169637,-0.005107169637,-0.005077143072
2025-07-04,V28 60d+250d momentum rank Top2,167687.8906,168671.0267,170.8905566,2,618.7963229,364.339808,1214466.027,0,"{""601288.SH"": 13900.0, ""601398.SH"": 10800.0}",0.01390670134,0,0.01382452249
2025-07-07,V28 60d+250d momentum rank Top2,168166.8906,169150.0267,170.8905566,2,618.7963229,364.339808,1214466.027,0,"{""601288.SH"": 13900.0, ""601398.SH"": 10800.0}",0.002856497261,0,0.002839847539
2025-07-08,V28 60d+250d momentum rank Top2,169046.8906,170030.0267,170.8905566,2,618.7963229,364.339808,1214466.027,0,"{""601288.SH"": 13900.0, ""601398.SH"": 10800.0}",0.005232896898,0,0.005202482182
2025-07-09,V28 60d+250d momentum rank Top2,171130.8906,172114.0267,170.8905566,2,618.7963229,364.339808,1214466.027,0,"{""601288.SH"": 13900.0, ""601398.SH"": 10800.0}",0.01232794045,0,0.01225665867
2025-07-10,V28 60d+250d momentum rank Top2,175143.8906,176127.0267,170.8905566,2,618.7963229,364.339808,1214466.027,0,"{""601288.SH"": 13900.0, ""601398.SH"": 10800.0}",0.02344988673,0,0.02331593814
2025-07-11,V28 60d+250d momentum rank Top2,174526.8906,175510.0267,170.8905566,2,618.7963229,364.339808,1214466.027,0,"{""601288.SH"": 13900.0, ""601398.SH"": 10800.0}",-0.003522817713,-0.003522817713,-0.003503153443
2025-07-14,V28 60d+250d momentum rank Top2,175251.0214,176234.1575,170.8905566,2,618.7963229,364.339808,1214466.027,0,"{""601288.SH"": 13900.0, ""601398.SH"": 11020.1697}",0.004149107347,0,0.004125865727
2025-07-15,V28 60d+250d momentum rank Top2,174115.2146,175098.3507,170.8905566,2,618.7963229,364.339808,1214466.027,-2.910383046e-11,"{""601288.SH"": 13900.0, ""601398.SH"": 11020.1697}",-0.006481028076,-0.006481028076,-0.00644487315
2025-07-16,V28 60d+250d momentum rank Top2,173559.2146,174542.3507,170.8905566,2,618.7963229,364.339808,1214466.027,-2.910383046e-11,"{""601288.SH"": 13900.0, ""601398.SH"": 11020.1697}",-0.003193287855,-0.009653620143,-0.003175358293
2025-07-17,V28 60d+250d momentum rank Top2,172581.1072,173564.2433,170.8905566,2,618.7963229,364.339808,1214466.027,-2.910383046e-11,"{""601288.SH"": 14193.1323, ""601398.SH"": 11020.1697}",-0.005635583291,-0.01523479965,-0.005603840018
2025-07-18,V28 60d+250d momentum rank Top2,174078.8925,175062.0286,170.8905566,2,618.7963229,364.339808,1214466.027,0,"{""601288.SH"": 14193.1323, ""601398.SH"": 11020.1697}",0.008678732729,-0.006688285679,0.008629572973
2025-07-21,V28 60d+250d momentum rank Top2,172881.6866,173864.8227,170.8905566,2,618.7963229,364.339808,1214466.027,0,"{""601288.SH"": 14193.1323, ""601398.SH"": 11020.1697}",-0.006877375164,-0.01351966299,-0.006838752305
2025-07-22,V28 60d+250d momentum rank Top2,170502.2877,171485.4239,170.8905566,2,618.7963229,364.339808,1214466.027,0,"{""601288.SH"": 14193.1323, ""601398.SH"": 11020.1697}",-0.01376316329,-0.02709675295,-0.0136853381
2025-07-23,V28 60d+250d momentum rank Top2,173182.2661,174165.4022,170.8905566,2,618.7963229,364.339808,1214466.027,0,"{""601288.SH"": 14193.1323, ""601398.SH"": 11020.1697}",0.0157181371,-0.01180452633,0.01562802408
2025-07-24,V28 60d+250d momentum rank Top2,171370.5925,172353.7286,170.8905566,2,618.7963229,364.339808,1214466.027,0,"{""601288.SH"": 14193.1323, ""601398.SH"": 11020.1697}",-0.01046108029,-0.02214211853,-0.01040202915
2025-07-25,V28 60d+250d momentum rank Top2,170425.5196,171408.6558,170.8905566,2,618.7963229,364.339808,1214466.027,-2.910383046e-11,"{""601288.SH"": 14193.1323, ""601398.SH"": 11020.1697}",-0.005514790008,-0.0275347994,-0.005483332671
2025-07-28,V28 60d+250d momentum rank Top2,170567.451,171550.5871,170.8905566,2,618.7963229,364.339808,1214466.027,0,"{""601288.SH"": 14193.1323, ""601398.SH"": 11020.1697}",0.0008328055765,-0.02672492496,0.0008280289142
2025-07-29,V28 60d+250d momentum rank Top2,169196.5842,170179.7203,170.8905566,2,618.7963229,364.339808,1214466.027,0,"{""601288.SH"": 14193.1323, ""601398.SH"": 11020.1697}",-0.008037094959,-0.03454722916,-0.007991035318
2025-07-30,V28 60d+250d momentum rank Top2,171135.1763,172118.3124,170.8905566,2,618.7963229,364.339808,1214466.027,0,"{""601288.SH"": 14193.1323, ""601398.SH"": 11020.1697}",0.01145763138,-0.02348542719,0.01139144012
2025-07-31,V28 60d+250d momentum rank Top2,172900.1074,173883.2435,170.8905566,2,618.7963229,364.339808,1214466.027,0,"{""601288.SH"": 14193.1323, ""601398.SH"": 11020.1697}",0.01031308222,-0.01341455211,0.01025417412
2025-08-01,V28 60d+250d momentum rank Top2,173987.1116,174970.2477,170.8905566,2,618.7963229,364.339808,1214466.027,0,"{""601288.SH"": 14193.1323, ""601398.SH"": 11020.1697}",0.006286891144,-0.007211996792,0.006251345052
2025-08-04,V28 60d+250d momentum rank Top2,175482.1463,176478.0458,405.1271877,2,630.1121917,365.787308,1219291.027,0,"{""601288.SH"": 13793.1323, ""601398.SH"": 11320.1697}",0.008592790243,0,0.008617454358
2025-08-05,V28 60d+250d momentum rank Top2,178456.7297,179452.6292,405.1271877,2,630.1121917,365.787308,1219291.027,0,"{""601288.SH"": 13793.1323, ""601398.SH"": 11320.1697}",0.01695091774,0,0.01685526045
2025-08-06,V28 60d+250d momentum rank Top2,179560.1803,180556.0798,405.1271877,2,630.1121917,365.787308,1219291.027,0,"{""601288.SH"": 13793.1323, ""601398.SH"": 11320.1697}",0.00618329489,0,0.00614897976
2025-08-07,V28 60d+250d momentum rank Top2,181707.1758,182703.0753,405.1271877,2,630.1121917,365.787308,1219291.027,0,"{""601288.SH"": 13793.1323, ""601398.SH"": 11320.1697}",0.01195696888,0,0.01189101741
2025-08-08,V28 60d+250d momentum rank Top2,181141.1673,182137.0668,405.1271877,2,630.1121917,365.787308,1219291.027,0,"{""601288.SH"": 13793.1323, ""601398.SH"": 11320.1697}",-0.003114948459,-0.003114948459,-0.00309796913
2025-08-11,V28 60d+250d momentum rank Top2,180536.146,181532.0455,405.1271877,2,630.1121917,365.787308,1219291.027,0,"{""601288.SH"": 13793.1323, ""601398.SH"": 11320.1697}",-0.00334005415,-0.006444598513,-0.003321791211
2025-08-12,V28 60d+250d momentum rank Top2,182959.0041,183954.9036,405.1271877,2,630.1121917,365.787308,1219291.027,0,"{""601288.SH"": 13793.1323, ""601398.SH"": 11320.1697}",0.01342034926,0,0.01334672414
2025-08-13,V28 60d+250d momentum rank Top2,181363.734,182359.6335,405.1271877,2,630.1121917,365.787308,1219291.027,0,"{""601288.SH"": 13793.1323, ""601398.SH"": 11320.1697}",-0.008719276773,-0.008719276773,-0.008672072142
2025-08-14,V28 60d+250d momentum rank Top2,182905.7081,183901.6076,405.1271877,2,630.1121917,365.787308,1219291.027,0,"{""601288.SH"": 13793.1323, ""601398.SH"": 11320.1697}",0.008502108699,-0.0002913003131,0.008455677119
2025-08-15,V28 60d+250d momentum rank Top2,180355.3651,181351.2646,405.1271877,2,630.1121917,365.787308,1219291.027,0,"{""601288.SH"": 13793.1323, ""601398.SH"": 11320.1697}",-0.01394348516,-0.01423072373,-0.0138679757
2025-08-18,V28 60d+250d momentum rank Top2,181232.4123,182228.3118,405.1271877,2,630.1121917,365.787308,1219291.027,0,"{""601288.SH"": 13793.1323, ""601398.SH"": 11320.1697}",0.004862883838,-0.009437042245,0.004836179069
2025-08-19,V28 60d+250d momentum rank Top2,182926.601,183922.5005,405.1271877,2,630.1121917,365.787308,1219291.027,0,"{""601288.SH"": 13793.1323, ""601398.SH"": 11320.1697}",0.009348155093,-0.0001771060872,0.009297066308
2025-08-20,V28 60d+250d momentum rank Top2,183754.1889,184750.0884,405.1271877,2,630.1121917,365.787308,1219291.027,0,"{""601288.SH"": 13793.1323, ""601398.SH"": 11320.1697}",0.004524153044,0,0.00449965576
2025-08-21,V28 60d+250d momentum rank Top2,186162.7639,187158.6634,405.1271877,2,630.1121917,365.787308,1219291.027,0,"{""601288.SH"": 13793.1323, ""601398.SH"": 11320.1697}",0.01310759201,0,0.01303693524
2025-08-22,V28 60d+250d momentum rank Top2,187467.8882,188463.7877,405.1271877,2,630.1121917,365.787308,1219291.027,0,"{""601288.SH"": 13793.1323, ""601398.SH"": 11320.1697}",0.007010662751,0,0.006973357956
2025-08-25,V28 60d+250d momentum rank Top2,186463.3561,187459.2556,405.1271877,2,630.1121917,365.787308,1219291.027,0,"{""601288.SH"": 13793.1323, ""601398.SH"": 11320.1697}",-0.005358422137,-0.005358422137,-0.005330106619
2025-08-26,V28 60d+250d momentum rank Top2,186286.412,187282.3115,405.1271877,2,630.1121917,365.787308,1219291.027,0,"{""601288.SH"": 13793.1323, ""601398.SH"": 11320.1697}",-0.000948948615,-0.006302285885,-0.0009439072131
2025-08-27,V28 60d+250d momentum rank Top2,182356.7557,183352.6552,405.1271877,2,630.1121917,365.787308,1219291.027,0,"{""601288.SH"": 13793.1323, ""601398.SH"": 11320.1697}",-0.02109470152,-0.02726404256,-0.02098252753
2025-08-28,V28 60d+250d momentum rank Top2,180775.7687,181771.6682,405.1271877,2,630.1121917,365.787308,1219291.027,0,"{""601288.SH"": 13793.1323, ""601398.SH"": 11320.1697}",-0.008669747354,-0.03569741755,-0.008622656696
2025-08-29,V28 60d+250d momentum rank Top2,181341.7772,182337.6767,405.1271877,2,630.1121917,365.787308,1219291.027,0,"{""601288.SH"": 13793.1323, ""601398.SH"": 11320.1697}",0.00313099754,-0.03267818854,0.003113843278
2025-09-01,V28 60d+250d momentum rank Top2,181189.5627,182185.4622,405.1271877,2,630.1121917,365.787308,1219291.027,0,"{""601288.SH"": 13793.1323, ""601398.SH"": 11320.1697}",-0.0008393792109,-0.03349013836,-0.0008347946547
2025-09-02,V28 60d+250d momentum rank Top2,185290.2533,186303.333,81.94703584,2,643.4043436,369.675308,1232251.027,0,"{""601288.SH"": 12893.1323, ""601398.SH"": 12220.1697}",0.02263204658,-0.01161604215,0.022602631
2025-09-03,V28 60d+250d momentum rank Top2,183185.906,184198.9856,81.94703584,2,643.4043436,369.675308,1232251.027,0,"{""601288.SH"": 12893.1323, ""601398.SH"": 12220.1697}",-0.01135703212,-0.02284115051,-0.01129527489
2025-09-04,V28 60d+250d momentum rank Top2,189178.3819,190191.4616,81.94703584,2,643.4043436,369.675308,1232251.027,0,"{""601288.SH"": 12893.1323, ""601398.SH"": 12220.1697}",0.03271253811,0,0.03253262177
2025-09-05,V28 60d+250d momentum rank Top2,185119.8758,186132.9555,81.94703584,2,643.4043436,369.675308,1232251.027,0,"{""601288.SH"": 12893.1323, ""601398.SH"": 12220.1697}",-0.02145332909,-0.02145332909,-0.02133905513
2025-09-08,V28 60d+250d momentum rank Top2,184115.3437,185128.4234,81.94703584,2,643.4043436,369.675308,1232251.027,0,"{""601288.SH"": 12893.1323, ""601398.SH"": 12220.1697}",-0.005426386971,-0.02676330199,-0.005396852372
2025-09-09,V28 60d+250d momentum rank Top2,185126.6055,186139.6851,81.94703584,2,643.4043436,369.675308,1232251.027,0,"{""601288.SH"": 12893.1323, ""601398.SH"": 12220.1697}",0.005492544442,-0.02141775618,0.00546248755
2025-09-10,V28 60d+250d momentum rank Top2,185357.5496,186370.6292,81.94703584,2,643.4043436,369.675308,1232251.027,0,"{""601288.SH"": 12893.1323, ""601398.SH"": 12220.1697}",0.001247492995,-0.02019698168,0.001240703418
2025-09-11,V28 60d+250d momentum rank Top2,185717.4251,186730.5047,81.94703584,2,643.4043436,369.675308,1232251.027,0,"{""601288.SH"": 12893.1323, ""601398.SH"": 12220.1697}",0.001941520415,-0.01829467412,0.001930966634
2025-09-12,V28 60d+250d momentum rank Top2,184835.0947,185848.1743,81.94703584,2,643.4043436,369.675308,1232251.027,0,"{""601288.SH"": 12893.1323, ""601398.SH"": 12220.1697}",-0.004750929454,-0.02295868687,-0.004725153966
2025-09-15,V28 60d+250d momentum rank Top2,183192.6356,184205.7153,81.94703584,2,643.4043436,369.675308,1232251.027,0,"{""601288.SH"": 12893.1323, ""601398.SH"": 12220.1697}",-0.008886078021,-0.03164075221,-0.008837638993
2025-09-16,V28 60d+250d momentum rank Top2,181889.8631,182902.9428,81.94703584,2,643.4043436,369.675308,1232251.027,0,"{""601288.SH"": 12893.1323, ""601398.SH"": 12220.1697}",-0.00711148938,-0.03852722871,-0.007072378188
2025-09-17,V28 60d+250d momentum rank Top2,180980.6142,181993.6939,81.94703584,2,643.4043436,369.675308,1232251.027,0,"{""601288.SH"": 12893.1323, ""601398.SH"": 12220.1697}",-0.00499889808,-0.0433335331,-0.004971209724
2025-09-18,V28 60d+250d momentum rank Top2,176453.4902,177466.5699,81.94703584,2,643.4043436,369.675308,1232251.027,0,"{""601288.SH"": 12893.1323, ""601398.SH"": 12220.1697}",-0.02501441392,-0.06726398409,-0.02487516957
2025-09-19,V28 60d+250d momentum rank Top2,173806.4991,174819.5787,81.94703584,2,643.4043436,369.675308,1232251.027,0,"{""601288.SH"": 12893.1323, ""601398.SH"": 12220.1697}",-0.01500106998,-0.08125602233,-0.01491543538
2025-09-22,V28 60d+250d momentum rank Top2,171499.1945,172512.2742,81.94703584,2,643.4043436,369.675308,1232251.027,0,"{""601288.SH"": 12893.1323, ""601398.SH"": 12220.1697}",-0.013275134,-0.09345247175,-0.01319820458
2025-09-23,V28 60d+250d momentum rank Top2,176250.533,177263.6127,81.94703584,2,643.4043436,369.675308,1232251.027,0,"{""601288.SH"": 12893.1323, ""601398.SH"": 12220.1697}",0.02770472787,-0.06833681918,0.02754203164
2025-09-24,V28 60d+250d momentum rank Top2,176074.4943,177087.574,81.94703584,2,643.4043436,369.675308,1232251.027,0,"{""601288.SH"": 12893.1323, ""601398.SH"": 12220.1697}",-0.0009987981303,-0.06926736262,-0.0009930898969
2025-09-25,V28 60d+250d momentum rank Top2,175490.4043,176503.484,81.94703584,2,643.4043436,369.675308,1232251.027,0,"{""601288.SH"": 12893.1323, ""601398.SH"": 12220.1697}",-0.003317289008,-0.07235487177,-0.003298311516
2025-09-26,V28 60d+250d momentum rank Top2,175985.9408,176999.0204,81.94703584,2,643.4043436,369.675308,1232251.027,0,"{""601288.SH"": 12893.1323, ""601398.SH"": 12220.1697}",0.002823723709,-0.06973545822,0.002807516341
2025-09-29,V28 60d+250d momentum rank Top2,175008.3272,176021.4068,81.94703584,2,643.4043436,369.675308,1232251.027,0,"{""601288.SH"": 12893.1323, ""601398.SH"": 12220.1697}",-0.005555066362,-0.07490313949,-0.005523271131
2025-09-30,V28 60d+250d momentum rank Top2,175286.3787,176299.4584,81.94703584,2,643.4043436,369.675308,1232251.027,0,"{""601288.SH"": 12893.1323, ""601398.SH"": 12220.1697}",0.001588790246,-0.07343335462,0.001579646069
2025-10-09,V28 60d+250d momentum rank Top2,175795.3744,176808.454,81.94703584,2,643.4043436,369.675308,1232251.027,0,"{""601288.SH"": 12893.1323, ""601398.SH"": 12220.1697}",0.002903794753,-0.07074279525,0.002887108512
2025-10-10,V28 60d+250d momentum rank Top2,177471.6835,178495.5612,130.1489554,2,653.7827241,370.095008,1233650.027,0,"{""601288.SH"": 12993.1323, ""601398.SH"": 12120.1697}",0.009535570126,-0.06188179801,0.009542005273
2025-10-13,V28 60d+250d momentum rank Top2,178026.3273,179050.205,130.1489554,2,653.7827241,370.095008,1233650.027,0,"{""601288.SH"": 12993.1323, ""601398.SH"": 12120.1697}",0.003125252346,-0.0589499419,0.003107325423
2025-10-14,V28 60d+250d momentum rank Top2,183672.4554,184696.3332,130.1489554,2,653.7827241,370.095008,1233650.027,0,"{""601288.SH"": 12993.1323, ""601398.SH"": 12120.1697}",0.03171513021,-0.02910441678,0.03153377093
2025-10-15,V28 60d+250d momentum rank Top2,185006.6872,186030.5649,130.1489554,2,653.7827241,370.095008,1233650.027,0,"{""601288.SH"": 12993.1323, ""601398.SH"": 12120.1697}",0.007264190653,-0.02205164616,0.007223921077
2025-10-16,V28 60d+250d momentum rank Top2,189925.6051,190949.4829,130.1489554,2,653.7827241,370.095008,1233650.027,0,"{""601288.SH"": 12993.1323, ""601398.SH"": 12120.1697}",0.02658778469,0,0.02644145046
2025-10-17,V28 60d+250d momentum rank Top2,191493.5106,192517.3884,130.1489554,2,653.7827241,370.095008,1233650.027,0,"{""601288.SH"": 12993.1323, ""601398.SH"": 12120.1697}",0.008255366632,0,0.008211101071
2025-10-20,V28 60d+250d momentum rank Top2,193061.4161,194085.2939,130.1489554,2,653.7827241,370.095008,1233650.027,0,"{""601288.SH"": 12993.1323, ""601398.SH"": 12120.1697}",0.008187773559,0,0.008144227991
2025-10-21,V28 60d+250d momentum rank Top2,195114.1284,196138.0062,130.1489554,2,653.7827241,370.095008,1233650.027,0,"{""601288.SH"": 12993.1323, ""601398.SH"": 12120.1697}",0.01063243155,0,0.01057634122
2025-10-22,V28 60d+250d momentum rank Top2,199297.1066,200320.9843,130.1489554,2,653.7827241,370.095008,1233650.027,0,"{""601288.SH"": 12993.1323, ""601398.SH"": 12120.1697}",0.02143862256,0,0.02132670887
2025-10-23,V28 60d+250d momentum rank Top2,198967.4069,199991.2847,130.1489554,2,653.7827241,370.095008,1233650.027,0,"{""601288.SH"": 12993.1323, ""601398.SH"": 12120.1697}",-0.001654312284,-0.001654312284,-0.001645856787
2025-10-24,V28 60d+250d momentum rank Top2,198967.4069,199991.2847,130.1489554,2,653.7827241,370.095008,1233650.027,0,"{""601288.SH"": 12993.1323, ""601398.SH"": 12120.1697}",0,-0.001654312284,0
2025-10-27,V28 60d+250d momentum rank Top2,202284.514,203308.3917,130.1489554,2,653.7827241,370.095008,1233650.027,0,"{""601288.SH"": 12993.1323, ""601398.SH"": 12120.1697}",0.01667161005,0,0.01658625788
2025-10-28,V28 60d+250d momentum rank Top2,204943.2347,205967.1125,130.1489554,2,653.7827241,370.095008,1233650.027,0,"{""601288.SH"": 12993.1323, ""601398.SH"": 12120.1697}",0.01314347168,0,0.01307728008
2025-10-29,V28 60d+250d momentum rank Top2,200925.1064,201948.9841,130.1489554,2,653.7827241,370.095008,1233650.027,0,"{""601288.SH"": 12993.1323, ""601398.SH"": 12120.1697}",-0.01960605499,-0.01960605499,-0.01950859184
2025-10-30,V28 60d+250d momentum rank Top2,199876.9262,200900.8039,130.1489554,2,653.7827241,370.095008,1233650.027,0,"{""601288.SH"": 12993.1323, ""601398.SH"": 12120.1697}",-0.005216770713,-0.02472054541,-0.005190321779
2025-10-31,V28 60d+250d momentum rank Top2,197850.4028,198874.2805,130.1489554,2,653.7827241,370.095008,1233650.027,0,"{""601288.SH"": 12993.1323, ""601398.SH"": 12120.1697}",-0.01013885622,-0.03460876357,-0.0100871842
2025-11-03,V28 60d+250d momentum rank Top2,199954.4798,200978.3575,130.1489554,2,653.7827241,370.095008,1233650.027,0,"{""601288.SH"": 12993.1323, ""601398.SH"": 12120.1697}",0.01063468639,-0.02434213053,0.01057993512
2025-11-04,V28 60d+250d momentum rank Top2,204596.6909,205635.0351,175.6825563,2,665.8641231,372.480008,1241600.027,0,"{""601288.SH"": 12493.1323, ""601398.SH"": 12620.1697}",0.0232163399,-0.001690925808,0.02317004489
2025-11-05,V28 60d+250d momentum rank Top2,205097.6866,206136.0307,175.6825563,2,665.8641231,372.480008,1241600.027,0,"{""601288.SH"": 12493.1323, ""601398.SH"": 12620.1697}",0.002448698777,0,0.002436334191
2025-11-06,V28 60d+250d momentum rank Top2,204216.8155,205255.1596,175.6825563,2,665.8641231,372.480008,1241600.027,0,"{""601288.SH"": 12493.1323, ""601398.SH"": 12620.1697}",-0.00429488576,-0.00429488576,-0.00427325165
2025-11-07,V28 60d+250d momentum rank Top2,202712.5581,203750.9022,175.6825563,2,665.8641231,372.480008,1241600.027,0,"{""601288.SH"": 12493.1323, ""601398.SH"": 12620.1697}",-0.007365981941,-0.01162923165,-0.007328718936
2025-11-10,V28 60d+250d momentum rank Top2,204095.6953,205134.0394,175.6825563,2,665.8641231,372.480008,1241600.027,0,"{""601288.SH"": 12493.1323, ""601398.SH"": 12620.1697}",0.006823144988,-0.004885434596,0.006788373252
2025-11-11,V28 60d+250d momentum rank Top2,206849.2659,207887.61,175.6825563,2,665.8641231,372.480008,1241600.027,0,"{""601288.SH"": 12493.1323, ""601398.SH"": 12620.1697}",0.01349156631,0,0.01342327492
2025-11-12,V28 60d+250d momentum rank Top2,210850.8793,211889.2235,175.6825563,2,665.8641231,372.480008,1241600.027,0,"{""601288.SH"": 12493.1323, ""601398.SH"": 12620.1697}",0.01934555313,0,0.01924892716
2025-11-13,V28 60d+250d momentum rank Top2,210728.4888,211766.8329,175.6825563,2,665.8641231,372.480008,1241600.027,0,"{""601288.SH"": 12493.1323, ""601398.SH"": 12620.1697}",-0.0005804603465,-0.0005804603465,-0.0005776158526
2025-11-14,V28 60d+250d momentum rank Top2,210483.7076,211522.0517,175.6825563,2,665.8641231,372.480008,1241600.027,0,"{""601288.SH"": 12493.1323, ""601398.SH"": 12620.1697}",-0.001161594953,-0.001741381039,-0.001155899371
2025-11-17,V28 60d+250d momentum rank Top2,207225.3302,208263.6743,175.6825563,2,665.8641231,372.480008,1241600.027,0,"{""601288.SH"": 12493.1323, ""601398.SH"": 12620.1697}",-0.0154804257,-0.01719484942,-0.01540443358
2025-11-18,V28 60d+250d momentum rank Top2,205979.8281,207018.1722,175.6825563,2,665.8641231,372.480008,1241600.027,0,"{""601288.SH"": 12493.1323, ""601398.SH"": 12620.1697}",-0.006010375792,-0.0231018777,-0.005980409748
2025-11-19,V28 60d+250d momentum rank Top2,206733.2272,207771.5713,175.6825563,2,665.8641231,372.480008,1241600.027,0,"{""601288.SH"": 12493.1323, ""601398.SH"": 12620.1697}",0.003657635161,-0.01952874078,0.003639289506
2025-11-20,V28 60d+250d momentum rank Top2,206488.446,207526.7902,175.6825563,2,665.8641231,372.480008,1241600.027,0,"{""601288.SH"": 12493.1323, ""601398.SH"": 12620.1697}",-0.001184043573,-0.02068966147,-0.001178126283
2025-11-21,V28 60d+250d momentum rank Top2,204861.7981,205900.1422,175.6825563,2,665.8641231,372.480008,1241600.027,0,"{""601288.SH"": 12493.1323, ""601398.SH"": 12620.1697}",-0.007877670546,-0.02840434568,-0.007838255235
2025-11-24,V28 60d+250d momentum rank Top2,203855.9956,204894.3397,175.6825563,2,665.8641231,372.480008,1241600.027,0,"{""601288.SH"": 12493.1323, ""601398.SH"": 12620.1697}",-0.004909663325,-0.03317455323,-0.004884904138
2025-11-25,V28 60d+250d momentum rank Top2,205868.8709,206907.215,175.6825563,2,665.8641231,372.480008,1241600.027,0,"{""601288.SH"": 12493.1323, ""601398.SH"": 12620.1697}",0.009874005822,-0.02362811314,0.009823967271
2025-11-26,V28 60d+250d momentum rank Top2,202351.7382,203390.0824,175.6825563,2,665.8641231,372.480008,1241600.027,0,"{""601288.SH"": 12493.1323, ""601398.SH"": 12620.1697}",-0.01708433454,-0.0403087771,-0.01699859844
2025-11-27,V28 60d+250d momentum rank Top2,204350.6394,205388.9835,175.6825563,2,665.8641231,372.480008,1241600.027,0,"{""601288.SH"": 12493.1323, ""601398.SH"": 12620.1697}",0.00987834939,-0.03082861189,0.009827918582
2025-11-28,V28 60d+250d momentum rank Top2,202970.043,204008.3871,175.6825563,2,665.8641231,372.480008,1241600.027,0,"{""601288.SH"": 12493.1323, ""601398.SH"": 12620.1697}",-0.006756017158,-0.03737635042,-0.006721862109
2025-12-01,V28 60d+250d momentum rank Top2,202092.983,203131.3271,175.6825563,2,665.8641231,372.480008,1241600.027,0,"{""601288.SH"": 12493.1323, ""601398.SH"": 12620.1697}",-0.004321130338,-0.04153597267,-0.004299137025
2025-12-02,V28 60d+250d momentum rank Top2,202461.8747,203511.1211,176.7803177,2,676.2845617,372.961808,1243206.027,0,"{""601288.SH"": 12593.1323, ""601398.SH"": 12520.1697}",0.001825356454,-0.03978643417,0.001869696687
2025-12-03,V28 60d+250d momentum rank Top2,201457.3426,202506.589,176.7803177,2,676.2845617,372.961808,1243206.027,0,"{""601288.SH"": 12593.1323, ""601398.SH"": 12520.1697}",-0.004961586391,-0.04455061674,-0.004936005841
2025-12-04,V28 60d+250d momentum rank Top2,200449.892,201499.1384,176.7803177,2,676.2845617,372.961808,1243206.027,0,"{""601288.SH"": 12593.1323, ""601398.SH"": 12520.1697}",-0.005000813432,-0.04932864085,-0.004974902743
2025-12-05,V28 60d+250d momentum rank Top2,198691.2313,199740.4776,176.7803177,2,676.2845617,372.961808,1243206.027,0,"{""601288.SH"": 12593.1323, ""601398.SH"": 12520.1697}",-0.008773568057,-0.05766942071,-0.008727882331
2025-12-08,V28 60d+250d momentum rank Top2,198943.0939,199992.3403,176.7803177,2,676.2845617,372.961808,1243206.027,0,"{""601288.SH"": 12593.1323, ""601398.SH"": 12520.1697}",0.001267608262,-0.05647491469,0.001260949454
2025-12-09,V28 60d+250d momentum rank Top2,202838.9391,203888.1854,176.7803177,2,676.2845617,372.961808,1243206.027,0,"{""601288.SH"": 12593.1323, ""601398.SH"": 12520.1697}",0.01958271111,-0.03799813552,0.01947997173
2025-12-10,V28 60d+250d momentum rank Top2,198065.2228,199114.4692,176.7803177,2,676.2845617,372.961808,1243206.027,0,"{""601288.SH"": 12593.1323, ""601398.SH"": 12520.1697}",-0.02353451606,-0.06063838385,-0.02341340308
2025-12-11,V28 60d+250d momentum rank Top2,200201.6775,201250.9239,176.7803177,2,676.2845617,372.961808,1243206.027,0,"{""601288.SH"": 12593.1323, ""601398.SH"": 12520.1697}",0.01078662225,-0.05050584494,0.01072978146
2025-12-12,V28 60d+250d momentum rank Top2,197181.5146,198230.761,176.7803177,2,676.2845617,372.961808,1243206.027,0,"{""601288.SH"": 12593.1323, ""601398.SH"": 12520.1697}",-0.01508560226,-0.0648295361,-0.01500695162
2025-12-15,V28 60d+250d momentum rank Top2,195523.0578,196572.3042,176.7803177,2,676.2845617,372.961808,1243206.027,0,"{""601288.SH"": 12792.1904, ""601398.SH"": 12744.2729}",-0.008410812854,-0.07269507986,-0.008366293957
2025-12-16,V28 60d+250d momentum rank Top2,193733.1095,194782.3559,176.7803177,2,676.2845617,372.961808,1243206.027,0,"{""601288.SH"": 12792.1904, ""601398.SH"": 12744.2729}",-0.009154666077,-0.08118424676,-0.009105801105
2025-12-17,V28 60d+250d momentum rank Top2,195011.3702,196060.6166,176.7803177,2,676.2845617,372.961808,1243206.027,0,"{""601288.SH"": 12792.1904, ""601398.SH"": 12744.2729}",0.006598049721,-0.07512185473,0.006562507592
2025-12-18,V28 60d+250d momentum rank Top2,199224.1679,200273.4143,176.7803177,2,676.2845617,372.961808,1243206.027,0,"{""601288.SH"": 12792.1904, ""601398.SH"": 12744.2729}",0.02160283105,-0.05514186842,0.02148722042
2025-12-19,V28 60d+250d momentum rank Top2,197182.6884,198231.9347,176.7803177,2,676.2845617,372.961808,1243206.027,0,"{""601288.SH"": 12792.1904, ""601398.SH"": 12744.2729}",-0.01024714804,-0.06482396957,-0.01019346251
2025-12-22,V28 60d+250d momentum rank Top2,197821.8187,198871.0651,176.7803177,2,676.2845617,372.961808,1243206.027,0,"{""601288.SH"": 12792.1904, ""601398.SH"": 12744.2729}",0.003241310634,-0.06179277355,0.003224154299
2025-12-23,V28 60d+250d momentum rank Top2,199099.6002,200148.8466,176.7803177,2,676.2845617,372.961808,1243206.027,0,"{""601288.SH"": 12792.1904, ""601398.SH"": 12744.2729}",0.006459254712,-0.0557326541,0.006425175599
2025-12-24,V28 60d+250d momentum rank Top2,198716.3137,199765.56,176.7803177,2,676.2845617,372.961808,1243206.027,0,"{""601288.SH"": 12792.1904, ""601398.SH"": 12744.2729}",-0.00192509948,-0.05755046268,-0.001915007473
2025-12-25,V28 60d+250d momentum rank Top2,197311.5686,198360.815,176.7803177,2,676.2845617,372.961808,1243206.027,0,"{""601288.SH"": 12792.1904, ""601398.SH"": 12744.2729}",-0.007069097867,-0.0642127307,-0.007031968218
2025-12-26,V28 60d+250d momentum rank Top2,195778.9016,196828.148,176.7803177,2,676.2845617,372.961808,1243206.027,0,"{""601288.SH"": 12792.1904, ""601398.SH"": 12744.2729}",-0.007767750183,-0.07148169243,-0.007726662009
2025-12-29,V28 60d+250d momentum rank Top2,198206.5428,199255.7891,176.7803177,2,676.2845617,372.961808,1243206.027,0,"{""601288.SH"": 12792.1904, ""601398.SH"": 12744.2729}",0.01239991187,-0.05996814725,0.01233381074
2025-12-30,V28 60d+250d momentum rank Top2,197567.8916,198617.138,176.7803177,2,676.2845617,372.961808,1243206.027,0,"{""601288.SH"": 12792.1904, ""601398.SH"": 12744.2729}",-0.003222149789,-0.06299707068,-0.003205182508
2025-12-31,V28 60d+250d momentum rank Top2,199482.8867,200532.1331,176.7803177,2,676.2845617,372.961808,1243206.027,0,"{""601288.SH"": 12792.1904, ""601398.SH"": 12744.2729}",0.009692846066,-0.05391484553,0.009641641101
2026-01-05,V28 60d+250d momentum rank Top2,196673.8758,197723.1222,176.7803177,2,676.2845617,372.961808,1243206.027,0,"{""601288.SH"": 12792.1904, ""601398.SH"": 12744.2729}",-0.01408146338,-0.06723710898,-0.01400778479
2026-01-06,V28 60d+250d momentum rank Top2,196280.2013,197340.3148,189.9131549,2,686.6903245,373.423208,1244744.027,0,"{""601288.SH"": 12892.1904, ""601398.SH"": 12644.2729}",-0.002001661499,-0.06910418455,-0.001936077876
2026-01-07,V28 60d+250d momentum rank Top2,194745.5343,195805.6478,189.9131549,2,686.6903245,373.423208,1244744.027,0,"{""601288.SH"": 12892.1904, ""601398.SH"": 12644.2729}",-0.007818755856,-0.07638263166,-0.007776753446
2026-01-08,V28 60d+250d momentum rank Top2,193342.2684,194402.3819,189.9131549,2,686.6903245,373.423208,1244744.027,0,"{""601288.SH"": 12892.1904, ""601398.SH"": 12644.2729}",-0.007205638372,-0.08303788441,-0.007166626245
2026-01-09,V28 60d+250d momentum rank Top2,193208.3881,194268.5017,189.9131549,2,686.6903245,373.423208,1244744.027,0,"{""601288.SH"": 12892.1904, ""601398.SH"": 12644.2729}",-0.0006924520655,-0.08367283672,-0.0006886759914
2026-01-12,V28 60d+250d momentum rank Top2,195005.8573,196065.9708,189.9131549,2,686.6903245,373.423208,1244744.027,0,"{""601288.SH"": 12892.1904, ""601398.SH"": 12644.2729}",0.009303266527,-0.07514800089,0.009252499065
2026-01-13,V28 60d+250d momentum rank Top2,197051.2535,198111.367,189.9131549,2,686.6903245,373.423208,1244744.027,0,"{""601288.SH"": 12892.1904, ""601398.SH"": 12644.2729}",0.01048889643,-0.06544732406,0.01043218377
2026-01-14,V28 60d+250d momentum rank Top2,193857.956,194918.0695,189.9131549,2,686.6903245,373.423208,1244744.027,0,"{""601288.SH"": 12892.1904, ""601398.SH"": 12644.2729}",-0.01620541582,-0.08059213878,-0.01611869903
2026-01-15,V28 60d+250d momentum rank Top2,191797.6847,192857.7983,189.9131549,2,686.6903245,373.423208,1244744.027,0,"{""601288.SH"": 12892.1904, ""601398.SH"": 12644.2729}",-0.01062773656,-0.09036336332,-0.0105699348
2026-01-16,V28 60d+250d momentum rank Top2,189365.5228,190425.6363,189.9131549,2,686.6903245,373.423208,1244744.027,0,"{""601288.SH"": 12892.1904, ""601398.SH"": 12644.2729}",-0.01268087232,-0.1018983494,-0.01261116726
2026-01-19,V28 60d+250d momentum rank Top2,186935.84,187995.9535,189.9131549,2,686.6903245,373.423208,1244744.027,0,"{""601288.SH"": 12892.1904, ""601398.SH"": 12644.2729}",-0.01283065017,-0.1134215775,-0.01275922099
2026-01-20,V28 60d+250d momentum rank Top2,187964.7361,189024.8496,189.9131549,2,686.6903245,373.423208,1244744.027,0,"{""601288.SH"": 12892.1904, ""601398.SH"": 12644.2729}",0.005504006381,-0.1085418442,0.005472969162
2026-01-21,V28 60d+250d momentum rank Top2,182854.9642,183915.0777,189.9131549,2,686.6903245,373.423208,1244744.027,0,"{""601288.SH"": 12892.1904, ""601398.SH"": 12644.2729}",-0.02718473658,-0.1327758993,-0.02703227564
2026-01-22,V28 60d+250d momentum rank Top2,179909.5938,180969.7074,189.9131549,2,686.6903245,373.423208,1244744.027,0,"{""601288.SH"": 12892.1904, ""601398.SH"": 12644.2729}",-0.01610768624,-0.146744873,-0.01601483917
2026-01-23,V28 60d+250d momentum rank Top2,178377.406,179437.5196,189.9131549,2,686.6903245,373.423208,1244744.027,0,"{""601288.SH"": 12892.1904, ""601398.SH"": 12644.2729}",-0.008516431869,-0.1540115622,-0.008466542942
2026-01-26,V28 60d+250d momentum rank Top2,179917.0313,180977.1449,189.9131549,2,686.6903245,373.423208,1244744.027,0,"{""601288.SH"": 12892.1904, ""601398.SH"": 12644.2729}",0.008631279917,-0.1467095992,0.008580286476
2026-01-27,V28 60d+250d momentum rank Top2,180435.1981,181495.3117,189.9131549,2,686.6903245,373.423208,1244744.027,0,"{""601288.SH"": 12892.1904, ""601398.SH"": 12644.2729}",0.002880031902,-0.1442520956,0.00286316148
2026-01-28,V28 60d+250d momentum rank Top2,178895.5728,179955.6863,189.9131549,2,686.6903245,373.423208,1244744.027,0,"{""601288.SH"": 12892.1904, ""601398.SH"": 12644.2729}",-0.008532843582,-0.1515540586,-0.00848300327
2026-01-29,V28 60d+250d momentum rank Top2,179396.3854,180456.4989,189.9131549,2,686.6903245,373.423208,1244744.027,0,"{""601288.SH"": 12892.1904, ""601398.SH"": 12644.2729}",0.002799468761,-0.1491788607,0.002782977175
2026-01-30,V28 60d+250d momentum rank Top2,178496.4112,179556.5248,189.9131549,2,686.6903245,373.423208,1244744.027,0,"{""601288.SH"": 12892.1904, ""601398.SH"": 12644.2729}",-0.005016679408,-0.1534471576,-0.004987208317
2026-02-02,V28 60d+250d momentum rank Top2,180155.0418,181215.1553,189.9131549,2,686.6903245,373.423208,1244744.027,0,"{""601288.SH"": 12892.1904, ""601398.SH"": 12644.2729}",0.009292234596,-0.14558079,0.009237372632
2026-02-03,V28 60d+250d momentum rank Top2,176834.3794,177906.8942,342.5118339,2,697.8271455,374.687708,1248959.027,0,"{""601288.SH"": 13192.1904, ""601398.SH"": 12344.2729}",-0.01843224782,-0.1613296566,-0.01825598444
2026-02-04,V28 60d+250d momentum rank Top2,177706.9577,178779.4725,342.5118339,2,697.8271455,374.687708,1248959.027,0,"{""601288.SH"": 13192.1904, ""601398.SH"": 12344.2729}",0.004934437988,-0.1571912898,0.004904690641
2026-02-05,V28 60d+250d momentum rank Top2,178843.3797,179915.8946,342.5118339,2,697.8271455,374.687708,1248959.027,0,"{""601288.SH"": 13192.1904, ""601398.SH"": 12344.2729}",0.00639492174,-0.1518015941,0.006356558004
2026-02-06,V28 60d+250d momentum rank Top2,177953.8431,179026.358,342.5118339,2,697.8271455,374.687708,1248959.027,0,"{""601288.SH"": 13192.1904, ""601398.SH"": 12344.2729}",-0.004973830341,-0.156020389,-0.004944180337
2026-02-09,V28 60d+250d momentum rank Top2,178728.4162,179800.931,342.5118339,2,697.8271455,374.687708,1248959.027,0,"{""601288.SH"": 13192.1904, ""601398.SH"": 12344.2729}",0.004352662804,-0.1523468304,0.004326586781
2026-02-10,V28 60d+250d momentum rank Top2,179239.1455,180311.6603,342.5118339,2,697.8271455,374.687708,1248959.027,0,"{""601288.SH"": 13192.1904, ""601398.SH"": 12344.2729}",0.002857571711,-0.1499246006,0.00284052626
2026-02-11,V28 60d+250d momentum rank Top2,179907.2342,180979.749,342.5118339,2,697.8271455,374.687708,1248959.027,0,"{""601288.SH"": 13192.1904, ""601398.SH"": 12344.2729}",0.00372735929,-0.1467560642,0.00370518852
2026-02-12,V28 60d+250d momentum rank Top2,176174.7699,177247.2847,342.5118339,2,697.8271455,374.687708,1248959.027,0,"{""601288.SH"": 13192.1904, ""601398.SH"": 12344.2729}",-0.02074660482,-0.164457979,-0.02062365713
2026-02-13,V28 60d+250d momentum rank Top2,173991.4517,175063.9666,342.5118339,2,697.8271455,374.687708,1248959.027,0,"{""601288.SH"": 13192.1904, ""601398.SH"": 12344.2729}",-0.01239291043,-0.1748127764,-0.01231792152
2026-02-24,V28 60d+250d momentum rank Top2,172978.4724,174050.9872,342.5118339,2,697.8271455,374.687708,1248959.027,0,"{""601288.SH"": 13192.1904, ""601398.SH"": 12344.2729}",-0.00582200647,-0.1796170217,-0.005786338431
2026-02-25,V28 60d+250d momentum rank Top2,173250.7953,174323.3102,342.5118339,2,697.8271455,374.687708,1248959.027,0,"{""601288.SH"": 13192.1904, ""601398.SH"": 12344.2729}",0.001574317189,-0.1783254787,0.001564616132
2026-02-26,V28 60d+250d momentum rank Top2,170952.5136,172025.0285,342.5118339,2,697.8271455,374.687708,1248959.027,0,"{""601288.SH"": 13192.1904, ""601398.SH"": 12344.2729}",-0.01326563433,-0.1892255124,-0.01318401822
2026-02-27,V28 60d+250d momentum rank Top2,170194.8989,171267.4138,342.5118339,2,697.8271455,374.687708,1248959.027,0,"{""601288.SH"": 13192.1904, ""601398.SH"": 12344.2729}",-0.004431726147,-0.1928186429,-0.004404095911
2026-03-02,V28 60d+250d momentum rank Top2,171744.0451,172816.5599,342.5118339,2,697.8271455,374.687708,1248959.027,0,"{""601288.SH"": 13192.1904, ""601398.SH"": 12344.2729}",0.009102189064,-0.1854715256,0.00904518912
2026-03-03,V28 60d+250d momentum rank Top2,176739.977,177951.1648,736.535696,2,785.1842847,426.003517,1420011.723,0,"{""601288.SH"": 13192.1904, ""601939.SH"": 9800.0}",0.02908940404,-0.1617773777,0.02971130122
2026-03-04,V28 60d+250d momentum rank Top2,176080.3675,177291.5553,736.535696,2,785.1842847,426.003517,1420011.723,0,"{""601288.SH"": 13192.1904, ""601939.SH"": 9800.0}",-0.003732090105,-0.1649057001,-0.003706688405
2026-03-05,V28 60d+250d momentum rank Top2,177263.8989,178475.0867,736.535696,2,785.1842847,426.003517,1420011.723,0,"{""601288.SH"": 13192.1904, ""601939.SH"": 9800.0}",0.006721541079,-0.1592925794,0.006675622092
2026-03-06,V28 60d+250d momentum rank Top2,177030.2113,178241.3991,736.535696,2,785.1842847,426.003517,1420011.723,0,"{""601288.SH"": 13192.1904, ""601939.SH"": 9800.0}",-0.001318303483,-0.160400887,-0.001309357063
2026-03-09,V28 60d+250d momentum rank Top2,177384.5237,178595.7115,736.535696,2,785.1842847,426.003517,1420011.723,0,"{""601288.SH"": 13192.1904, ""601939.SH"": 9800.0}",0.002001423271,-0.1587204938,0.001987823179
2026-03-10,V28 60d+250d momentum rank Top2,175153.1484,176364.3362,736.535696,2,785.1842847,426.003517,1420011.723,0,"{""601288.SH"": 13192.1904, ""601939.SH"": 9800.0}",-0.0125793118,-0.169303211,-0.01249400231
2026-03-11,V28 60d+250d momentum rank Top2,176890.7579,178101.9458,736.535696,2,785.1842847,426.003517,1420011.723,0,"{""601288.SH"": 13192.1904, ""601939.SH"": 9800.0}",0.009920515474,-0.1610622706,0.009852386012
2026-03-12,V28 60d+250d momentum rank Top2,177512.6799,178723.8677,736.535696,2,785.1842847,426.003517,1420011.723,0,"{""601288.SH"": 13192.1904, ""601939.SH"": 9800.0}",0.00351585301,-0.1581126889,0.003491943343
2026-03-13,V28 60d+250d momentum rank Top2,177738.836,178950.0238,736.535696,2,785.1842847,426.003517,1420011.723,0,"{""601288.SH"": 13192.1904, ""601939.SH"": 9800.0}",0.001274028382,-0.1570401006,0.001265394462
2026-03-16,V28 60d+250d momentum rank Top2,178428.6018,179639.7896,736.535696,2,785.1842847,426.003517,1420011.723,0,"{""601288.SH"": 13192.1904, ""601939.SH"": 9800.0}",0.003880782202,-0.1537687568,0.003854515896
2026-03-17,V28 60d+250d momentum rank Top2,180663.7427,181874.9305,736.535696,2,785.1842847,426.003517,1420011.723,0,"{""601288.SH"": 13192.1904, ""601939.SH"": 9800.0}",0.0125268086,-0.14316818,0.01244234892
2026-03-18,V28 60d+250d momentum rank Top2,180105.8989,181317.0867,736.535696,2,785.1842847,426.003517,1420011.723,0,"{""601288.SH"": 13192.1904, ""601939.SH"": 9800.0}",-0.003087746326,-0.1458138593,-0.00306718362
2026-03-19,V28 60d+250d momentum rank Top2,182371.196,183582.3838,736.535696,2,785.1842847,426.003517,1420011.723,0,"{""601288.SH"": 13192.1904, ""601939.SH"": 9800.0}",0.01257758435,-0.135070261,0.0124935668
2026-03-20,V28 60d+250d momentum rank Top2,181839.7427,183050.9305,736.535696,2,785.1842847,426.003517,1420011.723,-2.910383046e-11,"{""601288.SH"": 13192.1904, ""601939.SH"": 9800.0}",-0.002914129745,-0.1375907785,-0.002894903726
2026-03-23,V28 60d+250d momentum rank Top2,175858.0075,177069.1953,736.535696,2,785.1842847,426.003517,1420011.723,0,"{""601288.SH"": 13192.1904, ""601939.SH"": 9800.0}",-0.03289564274,-0.1659602842,-0.03267798309
2026-03-24,V28 60d+250d momentum rank Top2,177821.7732,179032.961,736.535696,2,785.1842847,426.003517,1420011.723,0,"{""601288.SH"": 13192.1904, ""601939.SH"": 9800.0}",0.0111667688,-0.1566467555,0.01109038593
2026-03-25,V28 60d+250d momentum rank Top2,179167.3827,180378.5705,736.535696,2,785.1842847,426.003517,1420011.723,0,"{""601288.SH"": 13192.1904, ""601939.SH"": 9800.0}",0.007567180863,-0.150264949,0.007515987624
2026-03-26,V28 60d+250d momentum rank Top2,179129.6951,180340.8829,736.535696,2,785.1842847,426.003517,1420011.723,0,"{""601288.SH"": 13192.1904, ""601939.SH"": 9800.0}",-0.0002103486406,-0.1504436896,-0.0002089362128
2026-03-27,V28 60d+250d momentum rank Top2,178537.9294,179749.1172,736.535696,2,785.1842847,426.003517,1420011.723,0,"{""601288.SH"": 13192.1904, ""601939.SH"": 9800.0}",-0.003303560089,-0.1532502499,-0.003281373042
2026-03-30,V28 60d+250d momentum rank Top2,179551.8513,180763.0391,736.535696,2,785.1842847,426.003517,1420011.723,0,"{""601288.SH"": 13192.1904, ""601939.SH"": 9800.0}",0.005679028021,-0.1484415343,0.005640761522
2026-03-31,V28 60d+250d momentum rank Top2,183694.2113,184905.3991,736.535696,2,785.1842847,426.003517,1420011.723,0,"{""601288.SH"": 13192.1904, ""601939.SH"": 9800.0}",0.0230705501,-0.1287956121,0.02291596779
2026-04-01,V28 60d+250d momentum rank Top2,181602.2894,182813.4772,736.535696,2,785.1842847,426.003517,1420011.723,-2.910383046e-11,"{""601288.SH"": 13192.1904, ""601939.SH"": 9800.0}",-0.01138806656,-0.1387169456,-0.01131347118
2026-04-02,V28 60d+250d momentum rank Top2,185926.3112,187148.681,326.3537466,2,795.6795341,426.690217,1422300.723,0,"{""601288.SH"": 13392.1904, ""601939.SH"": 9700.0}",0.02381039278,-0.1182094578,0.0237138085
2026-04-03,V28 60d+250d momentum rank Top2,183108.936,184331.3057,326.3537466,2,795.6795341,426.690217,1422300.723,0,"{""601288.SH"": 13392.1904, ""601939.SH"": 9700.0}",-0.01515318199,-0.1315713904,-0.01505420832
2026-04-07,V28 60d+250d momentum rank Top2,179257.1074,180479.4772,326.3537466,2,795.6795341,426.690217,1422300.723,0,"{""601288.SH"": 13392.1904, ""601939.SH"": 9700.0}",-0.02103572137,-0.1498394126,-0.02089622564
2026-04-08,V28 60d+250d momentum rank Top2,179326.576,180548.9458,326.3537466,2,795.6795341,426.690217,1422300.723,0,"{""601288.SH"": 13392.1904, ""601939.SH"": 9700.0}",0.0003875359694,-0.1495099448,0.0003849112264
2026-04-09,V28 60d+250d momentum rank Top2,178633.8103,179856.18,326.3537466,2,795.6795341,426.690217,1422300.723,0,"{""601288.SH"": 13392.1904, ""601939.SH"": 9700.0}",-0.003863151391,-0.1527955167,-0.003836996714
2026-04-10,V28 60d+250d momentum rank Top2,178208.8884,179431.2581,326.3537466,2,795.6795341,426.690217,1422300.723,0,"{""601288.SH"": 13392.1904, ""601939.SH"": 9700.0}",-0.002378731681,-0.1548107888,-0.002362564932
2026-04-13,V28 60d+250d momentum rank Top2,179654.4979,180876.8677,326.3537466,2,795.6795341,426.690217,1422300.723,0,"{""601288.SH"": 13392.1904, ""601939.SH"": 9700.0}",0.008111882254,-0.1479547135,0.008056620314
2026-04-14,V28 60d+250d momentum rank Top2,181649.5607,182871.9305,326.3537466,2,795.6795341,426.690217,1422300.723,0,"{""601288.SH"": 13392.1904, ""601939.SH"": 9700.0}",0.01110499804,-0.1384927522,0.01102995022
2026-04-15,V28 60d+250d momentum rank Top2,185164.0769,186386.4467,326.3537466,2,795.6795341,426.690217,1422300.723,0,"{""601288.SH"": 13392.1904, ""601939.SH"": 9700.0}",0.01934778239,-0.1218244975,0.01921845613
2026-04-16,V28 60d+250d momentum rank Top2,185736.6864,186959.0562,326.3537466,2,795.6795341,426.690217,1422300.723,0,"{""601288.SH"": 13392.1904, ""601939.SH"": 9700.0}",0.003092443895,-0.119108789,0.003072162861
2026-04-17,V28 60d+250d momentum rank Top2,186152.2179,187374.5876,326.3537466,2,795.6795341,426.690217,1422300.723,0,"{""601288.SH"": 13392.1904, ""601939.SH"": 9700.0}",0.002237207043,-0.117138053,0.002222579807
2026-04-20,V28 60d+250d momentum rank Top2,190997.2026,192219.5724,326.3537466,2,795.6795341,426.690217,1422300.723,0,"{""601288.SH"": 13392.1904, ""601939.SH"": 9700.0}",0.02602700524,-0.09415980045,0.02585721368
2026-04-21,V28 60d+250d momentum rank Top2,192027.2807,193249.6505,326.3537466,2,795.6795341,426.690217,1422300.723,0,"{""601288.SH"": 13392.1904, ""601939.SH"": 9700.0}",0.005393158026,-0.08927446111,0.005358861657
2026-04-22,V28 60d+250d momentum rank Top2,189972.1398,191194.5095,326.3537466,2,795.6795341,426.690217,1422300.723,0,"{""601288.SH"": 13392.1904, ""601939.SH"": 9700.0}",-0.01070233841,-0.09902135402,-0.01063464248
2026-04-23,V28 60d+250d momentum rank Top2,188854.4522,190076.8219,326.3537466,2,795.6795341,426.690217,1422300.723,0,"{""601288.SH"": 13392.1904, ""601939.SH"": 9700.0}",-0.005883429101,-0.104322198,-0.005845814392
2026-04-24,V28 60d+250d momentum rank Top2,189085.3741,190307.7438,326.3537466,2,795.6795341,426.690217,1422300.723,0,"{""601288.SH"": 13392.1904, ""601939.SH"": 9700.0}",0.001222750649,-0.1032270074,0.001214887231
2026-04-27,V28 60d+250d momentum rank Top2,186896.3112,188118.681,326.3537466,2,795.6795341,426.690217,1422300.723,0,"{""601288.SH"": 13392.1904, ""601939.SH"": 9700.0}",-0.01157711355,-0.1136090502,-0.01150275234
2026-04-28,V28 60d+250d momentum rank Top2,188863.8426,190086.2124,326.3537466,2,795.6795341,426.690217,1422300.723,0,"{""601288.SH"": 13392.1904, ""601939.SH"": 9700.0}",0.0105273957,-0.1042776619,0.01045899011
2026-04-29,V28 60d+250d momentum rank Top2,188425.155,189647.5248,326.3537466,2,795.6795341,426.690217,1422300.723,0,"{""601288.SH"": 13392.1904, ""601939.SH"": 9700.0}",-0.002322771841,-0.1063582205,-0.002307835008
2026-04-30,V28 60d+250d momentum rank Top2,189515.3112,190737.681,326.3537466,2,795.6795341,426.690217,1422300.723,0,"{""601288.SH"": 13392.1904, ""601939.SH"": 9700.0}",0.005785619188,-0.1011879495,0.005748328082
2026-05-06,V28 60d+250d momentum rank Top2,187256.7798,188479.1495,326.3537466,2,795.6795341,426.690217,1422300.723,0,"{""601288.SH"": 13392.1904, ""601939.SH"": 9700.0}",-0.01191740872,-0.1118994601,-0.0118410343
2026-05-07,V28 60d+250d momentum rank Top2,186514.7004,187748.0714,607.3524137,2,806.183467,427.187617,1423958.723,0,"{""601288.SH"": 13492.1904, ""601939.SH"": 9600.0}",-0.003962897524,-0.1154189115,-0.003878827435
2026-05-08,V28 60d+250d momentum rank Top2,186727.4661,187960.8372,607.3524137,2,806.183467,427.187617,1423958.723,0,"{""601288.SH"": 13492.1904, ""601939.SH"": 9600.0}",0.001140744998,-0.11440983,0.001133251116
2026-05-11,V28 60d+250d momentum rank Top2,184649.1689,185882.54,607.3524137,2,806.183467,427.187617,1423958.723,0,"{""601288.SH"": 13492.1904, ""601939.SH"": 9600.0}",-0.01113010945,-0.1242665456,-0.01105707533
2026-05-12,V28 60d+250d momentum rank Top2,184532.4032,185765.7743,607.3524137,2,806.183467,427.187617,1423958.723,0,"{""601288.SH"": 13492.1904, ""601939.SH"": 9600.0}",-0.0006323652157,-0.1248203289,-0.000628169335
2026-05-13,V28 60d+250d momentum rank Top2,184476.1914,185709.5625,607.3524137,2,806.183467,427.187617,1423958.723,0,"{""601288.SH"": 13755.6815, ""601939.SH"": 9600.0}",-0.0003046176331,-0.1250869241,-0.0003025951584
2026-05-14,V28 60d+250d momentum rank Top2,187099.7596,188333.1306,607.3524137,2,806.183467,427.187617,1423958.723,0,"{""601288.SH"": 13755.6815, ""601939.SH"": 9600.0}",0.01422171681,-0.1126441581,0.01412726473
2026-05-15,V28 60d+250d momentum rank Top2,186629.7482,187863.1193,607.3524137,2,806.183467,427.187617,1423958.723,0,"{""601288.SH"": 13755.6815, ""601939.SH"": 9600.0}",-0.00251208948,-0.1148732754,-0.002495638107
2026-05-18,V28 60d+250d momentum rank Top2,185090.8505,186324.2216,607.3524137,2,806.183467,427.187617,1423958.723,0,"{""601288.SH"": 13755.6815, ""601939.SH"": 9600.0}",-0.008245725678,-0.1221717875,-0.008191590307
2026-05-19,V28 60d+250d momentum rank Top2,186997.9641,188231.3352,607.3524137,2,806.183467,427.187617,1423958.723,0,"{""601288.SH"": 13755.6815, ""601939.SH"": 9600.0}",0.01030366237,-0.113126942,0.01023545739
2026-05-20,V28 60d+250d momentum rank Top2,184029.0551,185262.4262,607.3524137,2,806.183467,427.187617,1423958.723,0,"{""601288.SH"": 13755.6815, ""601939.SH"": 9600.0}",-0.0158766918,-0.1272075522,-0.01577266102
2026-05-21,V28 60d+250d momentum rank Top2,186636.8392,187870.2103,607.3524137,2,806.183467,427.187617,1423958.723,0,"{""601288.SH"": 13755.6815, ""601939.SH"": 9600.0}",0.01417050191,-0.1148396452,0.01407616283
2026-05-22,V28 60d+250d momentum rank Top2,186429.0551,187662.4262,607.3524137,2,806.183467,427.187617,1423958.723,0,"{""601288.SH"": 13755.6815, ""601939.SH"": 9600.0}",-0.001113306877,-0.1158251003,-0.001105997998
2026-05-25,V28 60d+250d momentum rank Top2,186537.9415,187771.3125,607.3524137,2,806.183467,427.187617,1423958.723,0,"{""601288.SH"": 13755.6815, ""601939.SH"": 9600.0}",0.0005840633015,-0.1153086862,0.0005802246706
2026-05-26,V28 60d+250d momentum rank Top2,187894.8278,189128.1989,607.3524137,2,806.183467,427.187617,1423958.723,0,"{""601288.SH"": 13755.6815, ""601939.SH"": 9600.0}",0.007274050302,-0.1088733971,0.007226270888
2026-05-27,V28 60d+250d momentum rank Top2,185517.7029,186751.0739,607.3524137,2,806.183467,427.187617,1423958.723,0,"{""601288.SH"": 13755.6815, ""601939.SH"": 9600.0}",-0.01265135925,-0.1201473598,-0.01256885532
2026-05-28,V28 60d+250d momentum rank Top2,182894.1347,184127.5058,607.3524137,2,806.183467,427.187617,1423958.723,0,"{""601288.SH"": 13755.6815, ""601939.SH"": 9600.0}",-0.01414187494,-0.1325901258,-0.01404847692
2026-05-29,V28 60d+250d momentum rank Top2,183159.2597,184392.6308,607.3524137,2,806.183467,427.187617,1423958.723,0,"{""601288.SH"": 13755.6815, ""601939.SH"": 9600.0}",0.001449608915,-0.1313327208,0.001439898765
2026-06-01,V28 60d+250d momentum rank Top2,186649.7255,187883.0966,607.3524137,2,806.183467,427.187617,1423958.723,0,"{""601288.SH"": 13755.6815, ""601939.SH"": 9600.0}",0.01905699917,-0.1147785291,0.01892953013
2026-06-02,V28 60d+250d momentum rank Top2,186985.0467,188231.8694,361.9007857,2,817.754695,429.068017,1430226.723,0,"{""601288.SH"": 14255.6815, ""601939.SH"": 9300.0}",0.001796526139,-0.1131882056,0.001856328457
2026-06-03,V28 60d+250d momentum rank Top2,184586.0353,185832.858,361.9007857,2,817.754695,429.068017,1430226.723,0,"{""601288.SH"": 14255.6815, ""601939.SH"": 9300.0}",-0.01282996358,-0.1245659686,-0.01274497961
2026-06-04,V28 60d+250d momentum rank Top2,183451.6944,184698.5171,361.9007857,2,817.754695,429.068017,1430226.723,0,"{""601288.SH"": 14255.6815, ""601939.SH"": 9300.0}",-0.006145323452,-0.1299457939,-0.00610409216
2026-06-05,V28 60d+250d momentum rank Top2,186074.0353,187320.858,361.9007857,2,817.754695,429.068017,1430226.723,0,"{""601288.SH"": 14255.6815, ""601939.SH"": 9300.0}",0.01429444901,-0.1175088484,0.01419795314
2026-06-08,V28 60d+250d momentum rank Top2,190090.7284,191337.5511,361.9007857,2,817.754695,429.068017,1430226.723,0,"{""601288.SH"": 14255.6815, ""601939.SH"": 9300.0}",0.02158653202,-0.09845892494,0.02144285032
2026-06-09,V28 60d+250d momentum rank Top2,190797.3989,192044.2216,361.9007857,2,817.754695,429.068017,1430226.723,0,"{""601288.SH"": 14255.6815, ""601939.SH"": 9300.0}",0.003717542942,-0.09510740728,0.003693318126
2026-06-10,V28 60d+250d momentum rank Top2,193574.5238,194821.3466,361.9007857,2,817.754695,429.068017,1430226.723,0,"{""601288.SH"": 14255.6815, ""601939.SH"": 9300.0}",0.01455536074,-0.08193636917,0.01446086191
2026-06-11,V28 60d+250d momentum rank Top2,194169.8534,195416.6761,361.9007857,2,817.754695,429.068017,1430226.723,0,"{""601288.SH"": 14255.6815, ""601939.SH"": 9300.0}",0.003075454054,-0.07911290665,0.003055771683
2026-06-12,V28 60d+250d momentum rank Top2,196810.5352,198057.3579,361.9007857,2,817.754695,429.068017,1430226.723,0,"{""601288.SH"": 14255.6815, ""601939.SH"": 9300.0}",0.01359985465,-0.06658897604,0.0135130831
2026-06-15,V28 60d+250d momentum rank Top2,192216.8534,193463.6761,361.9007857,2,817.754695,429.068017,1430226.723,0,"{""601288.SH"": 14255.6815, ""601939.SH"": 9300.0}",-0.0233406295,-0.08837537692,-0.02319369415
2026-06-16,V28 60d+250d momentum rank Top2,189172.9557,190419.7784,361.9007857,2,817.754695,429.068017,1430226.723,0,"{""601288.SH"": 14255.6815, ""601939.SH"": 9300.0}",-0.01583574829,-0.102811635,-0.01573369104
2026-06-17,V28 60d+250d momentum rank Top2,187660.5012,188907.3239,361.9007857,2,817.754695,429.068017,1430226.723,0,"{""601288.SH"": 14255.6815, ""601939.SH"": 9300.0}",-0.007995088499,-0.1099847354,-0.007942738591
2026-06-18,V28 60d+250d momentum rank Top2,183426.5921,184673.4148,361.9007857,2,817.754695,429.068017,1430226.723,0,"{""601288.SH"": 14255.6815, ""601939.SH"": 9300.0}",-0.02256153542,-0.1300648463,-0.02241262518
2026-06-22,V28 60d+250d momentum rank Top2,184040.2626,185287.0853,361.9007857,2,817.754695,429.068017,1430226.723,0,"{""601288.SH"": 14255.6815, ""601939.SH"": 9300.0}",0.003345591491,-0.1271543986,0.003323003727
2026-06-23,V28 60d+250d momentum rank Top2,187672.7284,188919.5511,361.9007857,2,817.754695,429.068017,1430226.723,0,"{""601288.SH"": 14255.6815, ""601939.SH"": 9300.0}",0.01973734339,-0.1099267453,0.01960452805
2026-06-24,V28 60d+250d momentum rank Top2,182998.9217,184245.7444,361.9007857,2,817.754695,429.068017,1430226.723,0,"{""601288.SH"": 14255.6815, ""601939.SH"": 9300.0}",-0.0249040273,-0.1320931539,-0.02473966682
2026-06-25,V28 60d+250d momentum rank Top2,180692.9103,181939.7331,361.9007857,2,817.754695,429.068017,1430226.723,0,"{""601288.SH"": 14255.6815, ""601939.SH"": 9300.0}",-0.0126012291,-0.1430298469,-0.01251595441
2026-06-26,V28 60d+250d momentum rank Top2,179558.5695,180805.3922,361.9007857,2,817.754695,429.068017,1430226.723,0,"{""601288.SH"": 14255.6815, ""601939.SH"": 9300.0}",-0.006277727718,-0.1484096722,-0.006234706805
2026-06-29,V28 60d+250d momentum rank Top2,180736.3535,181983.1762,361.9007857,2,817.754695,429.068017,1430226.723,0,"{""601288.SH"": 14255.6815, ""601939.SH"": 9300.0}",0.006559330919,-0.1428238094,0.006514098182
2026-06-30,V28 60d+250d momentum rank Top2,176452.8877,177699.7104,361.9007857,2,817.754695,429.068017,1430226.723,0,"{""601288.SH"": 14255.6815, ""601939.SH"": 9300.0}",-0.02370007902,-0.1631389529,-0.02353770249
