tree
version=v4
num_class=1
num_tree_per_iteration=1
label_index=0
max_feature_idx=7
objective=lambdarank
feature_names=Column_0 Column_1 Column_2 Column_3 Column_4 Column_5 Column_6 Column_7
feature_infos=[-2.8707199096679688:1.4220840930938721] [-1.4033499956130981:2.5005612373352051] [-1.2703711986541748:2.8120923042297363] [-2.4748332500457764:3.0045833587646484] [0:1] [0:1] [0:1] [0:1]
tree_sizes=862 902 906 902 896 900 783 912 887 880 691 901 687 900 683 900 905 903 668 798 903 903 694 698 903 690 904 881 691 903 903 765 692 904 902 904 908 694 777 907 794 888 690 863 682 905 902 694 905 893 885 882 906 903 755 887 692 685 691 911 887 899 688 803 905 913 911 901 694 905 783 674 909 684 687 905 900 901 902 693 912 797 900 905 908 908 905 907 691 901 887 907 905 899 903 773 899 899 899 869 906 903 910 900 887 878 897 893 907 892 908 693 911 912 691 890 897 911 908 903 890 669 906 693 901 898 903 903 671 799 914 826 876 903 653 648 693 886 905 904 910 887 902 912 883 789 908 904 906 901 887 905 900 895 909 909 906 908 887 696 888 908 695 905 697 900 909 910 903 689 883 898 916 891 769 904 904 901 770 883

Tree=0
num_leaves=7
num_cat=0
split_feature=3 3 2 0 0 0
split_gain=6.51872 2.85756 3.01317 1.88481 0.806189 0.371871
threshold=0.3401078879833222 -1.423451781272888 0.018113458529114727 -1.4768157005310056 -0.64240303635597218 -2.4126070737838741
decision_type=2 2 2 2 2 2
left_child=1 3 -3 -1 5 -2
right_child=4 2 -4 -5 -6 -7
leaf_value=-0.0048111628294608922 0 0.005230163834164068 -0.00017299030044931631 0.0010569443903597146 0 -0.0084449957692868376
leaf_weight=81.528059815987945 10.5530415661633 162.36957509815693 145.67084034346044 58.932405158877373 15.032031178474424 72.900818519294262
leaf_count=797 124 1928 1644 628 170 897
internal_value=-0.000514851 0.000982116 0.00263737 -0.00215032 -0.00685344 -0.00779794
internal_weight=546.987 448.501 308.04 140.46 98.4859 83.4539
internal_count=6188 4997 3572 1425 1191 1021
is_linear=0
shrinkage=0.03


Tree=1
num_leaves=7
num_cat=0
split_feature=3 1 3 1 1 1
split_gain=30.8755 33.7492 23.4592 11.8461 2.6915 5.19863
threshold=0.57246729731559765 -0.071726404130458818 -1.5573368072509763 0.3237923532724381 -0.081439621746540056 0.39135168492794042
decision_type=2 2 2 2 2 2
left_child=1 2 -1 -3 -2 -6
right_child=4 3 -4 -5 5 -7
leaf_value=-0.003266580216364774 -0.0097012607106045871 -0.00011861152276349671 0.0062368051506050222 -0.0057530393770980591 -0.0013673947114767335 -0.010706287197333885
leaf_weight=264.22131205536425 194.67409959807992 1549.2762613538653 1251.2440826520324 417.60761393979192 234.7909208573401 62.59378968551755
leaf_count=481 376 2368 1750 686 420 116
internal_value=0.000155487 0.00117531 0.00451985 -0.00139098 -0.00670876 -0.00407289
internal_weight=3974.41 3482.35 1515.47 1966.88 492.059 297.385
internal_count=6197 5285 2231 3054 912 536
is_linear=0
shrinkage=0.03


Tree=2
num_leaves=7
num_cat=0
split_feature=1 0 4 2 1 4
split_gain=33.7295 21.6382 21.5493 26.0021 7.60376 2.66279
threshold=0.37418296933174139 -0.60798862576484669 1.0000000180025095e-35 0.023950153030455116 -0.37523348629474634 1.0000000180025095e-35
decision_type=2 2 2 2 2 2
left_child=2 5 3 -1 -4 -2
right_child=1 -3 4 -5 -6 -7
leaf_value=0.0020845839743044974 -0.012786804733110682 0.0075080046191194991 0.012330384386600134 -0.0040034081990117446 0.0038609633707504531 -0.0040419101217008153
leaf_weight=1725.5868960395455 232.48255720362067 50.352320402860641 108.45045744627714 968.37922305986285 804.34679286181927 90.174273900687695
leaf_count=2625 414 82 146 1571 1218 162
internal_value=0.000325768 -0.00800377 0.00124313 -9.5087e-05 0.00517435 -0.0108965
internal_weight=3979.77 373.009 3606.76 2693.97 912.797 322.657
internal_count=6218 658 5560 4196 1364 576
is_linear=0
shrinkage=0.03


Tree=3
num_leaves=7
num_cat=0
split_feature=2 3 3 4 3 3
split_gain=40.0587 23.1034 32.6124 20.6201 33.8242 27.9684
threshold=0.15085061639547351 -0.1644756346940994 -1.0573425889015196 1.0000000180025095e-35 -0.7917136251926421 -0.89323109388351429
decision_type=2 2 2 2 2 2
left_child=1 2 -1 5 -5 -2
right_child=3 -3 -4 4 -6 -7
leaf_value=0.00018534959735153156 0.00040339102353115566 -0.0018994944211141655 0.0078028553360990479 -0.0069778433854738421 0.011425265017243138 -0.011825279768510133
leaf_weight=1069.5769084841013 244.98098811507225 862.3029687255621 970.63246117532253 175.026417568326 145.40858653187752 452.91333955526352
leaf_count=1680 421 1421 1338 253 223 845
internal_value=0.000329705 0.00214055 0.00387908 -0.00471572 0.00137757 -0.00755744
internal_weight=3920.84 2902.51 2040.21 1018.33 320.435 697.894
internal_count=6181 4439 3018 1742 476 1266
is_linear=0
shrinkage=0.03


Tree=4
num_leaves=7
num_cat=0
split_feature=3 1 3 5 2 3
split_gain=17.1422 16.1463 18.3946 12.3131 5.50084 3.74007
threshold=0.48397772014141088 -0.042951581999659531 -0.49475124478340143 1.0000000180025095e-35 -0.20248111337423322 1.1078833341598513
decision_type=2 2 2 2 2 2
left_child=1 2 -1 -3 5 -2
right_child=4 3 -4 -5 -6 -7
leaf_value=0.0055299867140121443 -0.0044041473141254285 0.00038674183909554198 -0.0011586214688603894 -0.0056283777245088751 -0.0067009876698983879 0.0044639412623048722
leaf_weight=1038.953978985548 59.43086414039135 1310.8607344031334 539.42549525201321 373.28817409276962 358.07222513854504 71.604553952813148
leaf_count=1567 135 2176 784 643 743 139
internal_value=0.000242494 0.0010507 0.00322066 -0.000961697 -0.0048602 0
internal_weight=3751.64 3262.53 1578.38 1684.15 489.108 131.035
internal_count=6187 5170 2351 2819 1017 274
is_linear=0
shrinkage=0.03


Tree=5
num_leaves=7
num_cat=0
split_feature=0 2 0 4 3 3
split_gain=29.518 28.3491 18.8731 14.5085 14.474 13.9536
threshold=-1.5507343411445615 0.093898307532072081 0.067015334963798537 1.0000000180025095e-35 0.57246729731559765 0.026481049135327343
decision_type=2 2 2 2 2 2
left_child=1 5 4 -3 -2 -1
right_child=2 3 -4 -5 -6 -7
leaf_value=0.0018089025654271192 0.0030718738564879311 -0.011088339861776916 0.01413308049371644 -0.0012068389897473401 -0.0051981186650874927 -0.0053801715011538099
leaf_weight=1013.630163423717 1474.2401837855577 381.10736635327339 108.34120462834835 230.6354828029871 195.20679675787687 297.27731910347939
leaf_count=1553 2395 794 168 363 406 556
internal_value=0.000155342 -0.00239228 0.00293989 -0.007614 0.00201927 7.71878e-05
internal_weight=3700.44 1922.65 1777.79 611.743 1669.45 1310.91
internal_count=6235 3266 2969 1157 2801 2109
is_linear=0
shrinkage=0.03


Tree=6
num_leaves=6
num_cat=0
split_feature=0 3 0 3 0
split_gain=38.9567 24.2771 15.5226 7.09962 1.53419
threshold=0.067015334963798537 0.57246729731559765 -1.4768157005310056 -0.88165247440338124 -0.64240303635597218
decision_type=2 2 2 2 2
left_child=1 2 -1 -2 -3
right_child=3 4 -4 -5 -6
leaf_value=-0.0018753508093341889 0.0033006665089128921 -0.0087695812546929042 0.0023630247277778983 0.0197831622408014 -0.0013585772012801264
leaf_weight=1738.8056095801294 56.72070899605751 316.24986651539803 1374.1475200206041 77.165768995881081 57.651499703526497
leaf_count=2986 71 763 2194 109 115
internal_value=-0.000225988 -0.000889184 0 0.0145268 -0.00790621
internal_weight=3620.74 3486.85 3112.95 133.886 373.901
internal_count=6238 6058 5180 180 878
is_linear=0
shrinkage=0.03


Tree=7
num_leaves=7
num_cat=0
split_feature=0 2 4 0 0 6
split_gain=23.8523 28.2482 13.4954 13.1301 18.51 12.0858
threshold=-1.5507343411445615 0.031767709180712707 1.0000000180025095e-35 -0.94385787844657887 0.067015334963798537 1.0000000180025095e-35
decision_type=2 2 2 2 2 2
left_child=1 5 -3 -2 -5 -1
right_child=3 2 -4 4 -6 -7
leaf_value=0.0018426667049039331 0.0041806688814809935 -0.011203986415088917 -0.0019875719908656357 -0.0029238692728478601 0.0086352161403866323 -0.0055137825851926696
leaf_weight=812.03132300451398 1003.6254542022943 394.11625976860523 261.20565500855446 688.05226719379425 130.34165668487549 244.86054948717356
leaf_count=1386 1680 921 441 1136 172 418
internal_value=-0.000455366 -0.0029938 -0.00778691 0.00190412 -0.000849266 1.18609e-05
internal_weight=3534.23 1712.21 655.322 1822.02 818.394 1056.89
internal_count=6154 3166 1362 2988 1308 1804
is_linear=0
shrinkage=0.03


Tree=8
num_leaves=7
num_cat=0
split_feature=2 4 2 5 5 2
split_gain=9.29229 20.3375 12.498 20.0421 9.04476 8.13858
threshold=-0.37741261720657343 1.0000000180025095e-35 0.020620883442461494 1.0000000180025095e-35 1.0000000180025095e-35 0.0058785791043192157
decision_type=2 2 2 2 2 2
left_child=1 4 5 -4 -1 -2
right_child=2 -3 3 -5 -6 -7
leaf_value=-0.011295823015900975 0.0020988489855483239 0.0071952154404343188 0.00061648984593832797 -0.0081324951061775459 0 0.011466659228424386
leaf_weight=192.65834371745586 1589.1702762246132 86.395755097270012 1152.1365224868059 272.71779409796 80.33415324985981 73.860084250569344
leaf_count=342 2632 130 2115 694 140 120
internal_value=0.000364046 -0.00404205 0.000918873 -0.00110594 -0.00805156 0.00268187
internal_weight=3447.27 359.388 3087.88 1424.85 272.992 1663.03
internal_count=6173 612 5561 2809 482 2752
is_linear=0
shrinkage=0.03


Tree=9
num_leaves=7
num_cat=0
split_feature=3 0 1 3 0 0
split_gain=24.7986 19.1361 15.8979 13.0227 6.59048 5.77471
threshold=0.25578932464122778 -1.6043397784233091 0.37418296933174139 -1.5406463742256162 -2.4991325139999385 -0.8764478564262389
decision_type=2 2 2 2 2 2
left_child=2 4 3 -1 -2 -4
right_child=1 -3 5 -5 -6 -7
leaf_value=-0.0021219530008248508 0 -0.00091792750146692129 -0.0087130431856675839 0.0027647764441030018 -0.014025079683213234 0.00084540372830618478
leaf_weight=618.4259128049016 37.496001593768597 339.53998813033104 178.28728929162025 1997.1751616597176 199.82203499227762 59.975116103887558
leaf_count=1108 102 707 372 3309 525 97
internal_value=-0.000268401 -0.00584466 0.000870693 0.00157927 -0.0120411 -0.00619554
internal_weight=3430.72 576.858 2853.86 2615.6 237.318 238.262
internal_count=6220 1334 4886 4417 627 469
is_linear=0
shrinkage=0.03


Tree=10
num_leaves=5
num_cat=0
split_feature=0 2 3 3
split_gain=28.5879 17.1043 14.432 12.0971
threshold=0.18499656766653064 0.023950153030455116 -0.50256088376045216 -1.8268567919731138
decision_type=2 2 2 2
left_child=1 2 -1 -3
right_child=-2 3 -4 -5
leaf_value=0.0032245088417984795 0.015093076415572133 0.0046715378950062114 -0.0019334000649663327 -0.0042309294015670422
leaf_weight=1212.8195666596293 88.740228593349457 132.60342551767826 776.61703644692898 1158.9232273325324
leaf_count=1938 119 255 1473 2420
internal_value=-2.32367e-05 -0.000539234 0.00118195 -0.00321385
internal_weight=3369.7 3280.96 1989.44 1291.53
internal_count=6205 6086 3411 2675
is_linear=0
shrinkage=0.03


Tree=11
num_leaves=7
num_cat=0
split_feature=0 2 5 3 3 3
split_gain=25.5152 10.9836 19.6315 13.9949 9.91666 16.3093
threshold=-1.4727239012718198 0.031767709180712707 1.0000000180025095e-35 -1.238659083843231 -0.77984499931335438 -1.5968546867370603
decision_type=2 2 2 2 2 2
left_child=1 3 -3 -1 5 -2
right_child=4 2 -4 -5 -6 -7
leaf_value=-0.0056052342047532913 -0.00035007492139479604 -0.0023464230784381096 -0.014767201374795862 0.0015284507395125694 0.00032382108000764305 0.0083909330601526239
leaf_weight=336.29332500696182 288.12689702212811 481.58906012773514 142.53791501373053 775.98785232752562 826.13413106650114 481.78364588320255
leaf_count=619 484 1032 450 1385 1520 748
internal_value=0 -0.00251516 -0.00564667 -0.000636308 0.00270819 0.00511775
internal_weight=3332.45 1736.41 624.127 1112.28 1596.04 769.911
internal_count=6238 3486 1482 2004 2752 1232
is_linear=0
shrinkage=0.03


Tree=12
num_leaves=5
num_cat=0
split_feature=0 1 0 3
split_gain=18.918 25.5376 12.2626 5.0182
threshold=0.10630556195974351 0.41885827481746679 -1.5507343411445615 -1.0212450623512266
decision_type=2 2 2 2
left_child=1 2 -1 -3
right_child=-2 3 -4 -5
leaf_value=-0.0016559480493020407 0.011897443872917884 -0.0015333660473200394 0.0021771795241467256 -0.012775347404785219
leaf_weight=1441.6048567220569 95.688589215278625 69.45500161498785 1515.4841395616531 149.66228663921356
leaf_count=2953 145 143 2629 356
internal_value=-1.69522e-06 -0.000451153 0.000289774 -0.00988913
internal_weight=3271.89 3176.21 2957.09 219.117
internal_count=6226 6081 5582 499
is_linear=0
shrinkage=0.03


Tree=13
num_leaves=7
num_cat=0
split_feature=0 0 2 3 0 0
split_gain=18.2008 15.8849 14.2968 9.55246 9.30658 10.7324
threshold=-1.5507343411445615 -2.3132040500640865 0.026498685590922836 0.14252267777919772 0.10630556195974351 -1.0109935402870176
decision_type=2 2 2 2 2 2
left_child=1 2 -1 -3 5 -2
right_child=4 3 -4 -5 -6 -7
leaf_value=0.006329596963232354 0.0038249740441115422 -0.0026923555830202645 -0.0036634584470516466 -0.010173154014443166 0.011040676285748953 -0.0010099758060639647
leaf_weight=286.33095451444387 895.24213523417711 845.91655420511961 197.48665386810899 190.04220268130302 85.863030582666397 712.97888085246086
leaf_count=549 1559 1667 479 538 144 1271
internal_value=0.000149461 -0.00219899 0.002148 -0.00428819 0.00229235 0.00165855
internal_weight=3213.86 1519.78 483.818 1035.96 1694.08 1608.22
internal_count=6207 3233 1028 2205 2974 2830
is_linear=0
shrinkage=0.03


Tree=14
num_leaves=5
num_cat=0
split_feature=0 3 1 2
split_gain=18.1259 17.9605 10.8646 4.79114
threshold=0.067015334963798537 0.31074088811874395 0.069171886891126647 -0.49283142387866968
decision_type=2 2 2 2
left_child=1 2 -1 -3
right_child=-2 3 -4 -5
leaf_value=0.0014087346842864021 0.011166492124038842 0.0025238661235602285 -0.0026166787458103591 -0.0072219109894876314
leaf_weight=1724.3248053267598 94.824969679117203 31.07513340562582 902.51425953954458 420.07232119888067
leaf_count=3046 166 76 1798 1086
internal_value=-0.000502284 -0.000950904 0 -0.00634463
internal_weight=3172.81 3077.99 2626.84 451.147
internal_count=6172 6006 4844 1162
is_linear=0
shrinkage=0.03


Tree=15
num_leaves=7
num_cat=0
split_feature=2 0 6 0 2 0
split_gain=17.5948 22.584 8.16704 6.50145 12.7003 7.65575
threshold=0.16700442135334018 0.067015334963798537 1.0000000180025095e-35 -1.5507343411445615 0.078152757138013854 -2.3132040500640865
decision_type=2 2 2 2 2 2
left_child=3 2 -2 5 -5 -1
right_child=1 -3 -4 4 -6 -7
leaf_value=0.0035680956681062351 -0.002785148974191444 0.014527929842905464 -0.010540364474529738 0.0018134315006456934 0.01042182676982267 -0.0015678525463803516
leaf_weight=364.3789966031909 543.09236176684499 37.492426842451096 165.46391569077969 1055.2294962033629 170.81618586182594 792.68409126251936
leaf_count=740 1199 67 386 1836 327 1643
internal_value=0.00042803 -0.00350879 -0.00491816 0.00170439 0.00320896 3.17164e-05
internal_weight=3129.16 746.049 708.556 2383.11 1226.05 1157.06
internal_count=6198 1652 1585 4546 2163 2383
is_linear=0
shrinkage=0.03


Tree=16
num_leaves=7
num_cat=0
split_feature=0 0 0 0 2 2
split_gain=16.8908 8.07111 13.7905 6.75467 5.01066 4.48868
threshold=-1.4768157005310056 0.067015334963798537 -0.49949216842651362 -2.3132040500640865 -0.40089134871959681 0.14687047898769381
decision_type=2 2 2 2 2 2
left_child=3 2 -2 5 -5 -1
right_child=1 -3 -4 4 -6 -7
leaf_value=0.0023931927470973273 0.0027884045208846067 0.010173338249956278 -0.0051918048833994165 -0.0092123996297993286 -0.0026089967432550258 -0.0037654027399875419
leaf_weight=361.08000559359789 1222.933805577457 89.720690593123436 208.10430780053139 114.74105427414179 960.50647439807653 124.28988984972239
leaf_count=706 2186 173 383 234 2159 316
internal_value=-1.06351e-05 0.00220525 0.00153099 -0.00220847 -0.00352379 0.000610817
internal_weight=3081.38 1520.76 1431.04 1560.62 1075.25 485.37
internal_count=6157 2742 2569 3415 2393 1022
is_linear=0
shrinkage=0.03


Tree=17
num_leaves=7
num_cat=0
split_feature=0 3 2 3 2 3
split_gain=17.3326 7.77589 17.1315 10.3056 5.12615 15.5982
threshold=-1.5507343411445615 -1.5406463742256162 0.0058785791043192157 0.57246729731559765 0.026498685590922836 -1.2276461720466612
decision_type=2 2 2 2 2 2
left_child=4 2 -2 -3 5 -1
right_child=1 3 -4 -5 -6 -7
leaf_value=-0.0069042973109693147 -0.0076766244561462657 0.0042675920860047725 0.0051850851586505873 -0.0028745439529073336 -0.0047530001944908386 0.0015360163655828926
leaf_weight=257.31176830083132 184.00044161081314 1123.8914089724422 148.51401215791702 191.23462437093258 512.2168686799705 645.47318087145686
leaf_count=551 310 1955 263 443 1393 1267
internal_value=1.30055e-05 0.00211208 -0.00179362 0.0031566 -0.00238473 -0.000902123
internal_weight=3062.64 1647.64 332.514 1315.13 1415 902.785
internal_count=6182 2971 573 2398 3211 1818
is_linear=0
shrinkage=0.03


Tree=18
num_leaves=5
num_cat=0
split_feature=0 1 0 0
split_gain=11.6306 18.7309 7.27442 2.87386
threshold=0.10630556195974351 0.39135168492794042 -0.49949216842651362 -0.89961132407188404
decision_type=2 2 2 2
left_child=1 2 -1 -3
right_child=-2 3 -4 -5
leaf_value=0.0014129932077406469 0.011330930069852772 -0.0091644563401511378 -0.0042657489227232621 0
leaf_weight=2522.4526438973844 67.738962784409523 183.56528984755278 197.1010354757309 50.266926199197769
leaf_count=5107 142 469 381 101
internal_value=0.000552876 0.000210938 0.000951385 -0.00756078
internal_weight=3021.12 2953.39 2719.55 233.832
internal_count=6200 6058 5488 570
is_linear=0
shrinkage=0.03


Tree=19
num_leaves=6
num_cat=0
split_feature=0 1 3 0 2
split_gain=9.79078 10.6496 7.33913 2.55319 0.84122
threshold=1.0000000180025095e-35 0.37418296933174139 0.25578932464122778 -0.69073989987373341 0.093898307532072081
decision_type=2 2 2 2 2
left_child=1 2 -1 -3 -2
right_child=4 3 -4 -5 -6
leaf_value=0.00078172492298737883 0.0023720129161515233 -0.0073928077425682937 -0.0033974469392529477 4.3105647899641064e-05 0.012102535619645765
leaf_weight=2260.4001703634858 45.875830233097076 209.09188022464514 432.60736398026347 31.258366733789444 38.713352128863335
leaf_count=4307 94 558 1106 61 82
internal_value=-0.000131552 -0.000469461 6.81665e-05 -0.00626626 0.00886171
internal_weight=3017.95 2933.36 2693.01 240.35 84.5892
internal_count=6208 6032 5413 619 176
is_linear=0
shrinkage=0.03


Tree=20
num_leaves=7
num_cat=0
split_feature=3 0 1 3 0 0
split_gain=10.9941 12.0187 11.9183 9.12847 4.74817 4.40103
threshold=0.25578932464122778 -0.64240303635597218 0.19219981878995898 -1.5968546867370603 -2.4991325139999385 -0.75256383419036854
decision_type=2 2 2 2 2 2
left_child=2 4 3 -1 -2 -4
right_child=1 -3 5 -5 -6 -7
leaf_value=-0.001768793685260914 0.0022972509087767928 0.0053493472006603303 -0.0013698627510378713 0.0031139121120278843 -0.0071546261527638613 -0.0086211712711774264
leaf_weight=408.51054574921727 34.787914976477623 80.95762374997139 448.77872212231159 1575.0861269682646 359.64628060534596 83.254156991839409
leaf_count=847 101 175 995 2890 992 163
internal_value=0.000168172 -0.00389653 0.000984638 0.00207078 -0.00610559 -0.00288449
internal_weight=2991.02 475.392 2515.63 1983.6 394.434 532.033
internal_count=6163 1268 4895 3737 1093 1158
is_linear=0
shrinkage=0.03


Tree=21
num_leaves=7
num_cat=0
split_feature=0 0 2 3 3 3
split_gain=12.4042 14.292 15.2598 8.33528 7.38076 10.4129
threshold=-1.4768157005310056 -0.99528285861015309 0.17055058479309085 -1.5861303210258482 -2.0531383752822872 -1.3678843379020689
decision_type=2 2 2 2 2 2
left_child=4 2 -2 -3 -1 -6
right_child=1 3 -4 -5 5 -7
leaf_value=0.0072454314374105332 0.0071824459585770727 -0.0072344987690709326 -0.0025121769210361949 0.00055431187432225493 -0.0069161267930805707 -0.00085663513064418971
leaf_weight=54.103791892528534 573.37800735235214 132.00095467269421 171.76993429660797 599.97998750954866 326.76870657876134 1116.302937168628
leaf_count=124 1013 260 346 1157 758 2535
internal_value=2.31699e-05 0.00197989 0.004862 -0.00092554 -0.00186846 -0.00234554
internal_weight=2974.3 1477.13 745.148 731.981 1497.18 1443.07
internal_count=6193 2776 1359 1417 3417 3293
is_linear=0
shrinkage=0.03


Tree=22
num_leaves=5
num_cat=0
split_feature=0 1 3 0
split_gain=12.6145 9.48885 13.6926 5.60189
threshold=0.18499656766653064 -0.042951581999659531 -0.47336934506893152 -0.49949216842651362
decision_type=2 2 2 2
left_child=1 2 -1 -3
right_child=-2 3 -4 -5
leaf_value=0.0039950961025013165 0.012578806889796391 -0.0011477753548322313 -0.0019788958172300892 -0.0077093687178047135
leaf_weight=848.09437892213464 51.983525082468987 1381.785559527576 542.42238263040781 115.34711718559265
leaf_count=1572 119 3052 1209 236
internal_value=0.000164965 -0.000122859 0.00162717 -0.00178783
internal_weight=2939.63 2887.65 1390.52 1497.13
internal_count=6188 6069 2781 3288
is_linear=0
shrinkage=0.03


Tree=23
num_leaves=5
num_cat=0
split_feature=0 2 4 0
split_gain=10.4492 12.2668 7.45419 5.61812
threshold=0.067015334963798537 0.16700442135334018 1.0000000180025095e-35 -1.4727239012718198
decision_type=2 2 2 2
left_child=1 3 -3 -1
right_child=-2 2 -4 -5
leaf_value=-0.0010623087719322814 0.0096148767931153768 -0.0063213664281480085 0.00030591983527904611 0.0019577633075976812
leaf_weight=1162.6913154534996 69.823261693120003 458.30592597648501 197.22576259821653 1009.0158970579505
leaf_count=2567 163 1181 418 1874
internal_value=-0.000416607 -0.000751222 -0.00428861 0.000318558
internal_weight=2897.06 2827.24 655.532 2171.71
internal_count=6203 6040 1599 4441
is_linear=0
shrinkage=0.03


Tree=24
num_leaves=7
num_cat=0
split_feature=1 0 3 3 1 0
split_gain=11.0024 7.01375 6.61816 7.32619 3.42585 0.796878
threshold=0.37418296933174139 -0.64240303635597218 -0.1644756346940994 -1.5406463742256162 0.085890851914882674 -1.7183637619018552
decision_type=2 2 2 2 2 2
left_child=2 5 3 -1 -4 -2
right_child=1 -3 4 -5 -6 -7
leaf_value=-0.0015463878544544202 -0.010888864487844816 0.0038661510539400291 -0.0031130916573885279 0.0025939405981940584 0.001109154715420531 -0.0040188581680914541
leaf_weight=496.58265950158238 93.411826554685831 34.031226694583893 533.68144619464874 1373.6160625889897 213.7296125665307 107.33582847565413
leaf_count=1085 289 78 1298 2624 513 268
internal_value=-6.47811e-05 -0.00603573 0.000489724 0.00145811 -0.00183007 -0.00818433
internal_weight=2852.39 234.779 2617.61 1870.2 747.411 200.748
internal_count=6155 635 5520 3709 1811 557
is_linear=0
shrinkage=0.03


Tree=25
num_leaves=5
num_cat=0
split_feature=0 3 1 0
split_gain=12.2368 11.6949 12.5416 3.80314
threshold=0.067015334963798537 0.48397772014141088 -0.69394648075103749 -0.64240303635597218
decision_type=2 2 2 2
left_child=1 2 -1 -3
right_child=-2 3 -4 -5
leaf_value=-0.013550633862251586 0.010223430883064816 -0.0074009476705469779 0.00024435130705589261 0.00039294498286349138
leaf_weight=40.753023020923138 72.864921018481255 268.45128206536174 2395.2192451581359 49.91877368837595
leaf_count=78 173 829 4931 112
internal_value=-0.00044641 -0.000821967 -7.04731e-05 -0.00605059
internal_weight=2827.21 2754.34 2435.97 318.37
internal_count=6123 5950 5009 941
is_linear=0
shrinkage=0.03


Tree=26
num_leaves=7
num_cat=0
split_feature=3 2 5 3 0 0
split_gain=9.14041 9.74064 9.55899 9.28251 8.92199 4.4458
threshold=0.25578932464122778 0.020620883442461494 1.0000000180025095e-35 -1.1523949503898618 -0.64240303635597218 -0.43518136441707606
decision_type=2 2 2 2 2 2
left_child=1 3 -3 -1 -2 -6
right_child=4 2 -4 -5 5 -7
leaf_value=-0.00015311227885149548 -0.0053224637545889013 0.00024090715830067671 -0.0072649651863770223 0.0046429796975207098 0.010148805161649248 -0.00076930917120749027
leaf_weight=569.29892989993095 383.4849162325263 807.59680882841349 164.37158374860883 875.56681925803423 37.18260158598423 53.9663105905056
leaf_count=1167 1146 1728 459 1578 75 126
internal_value=0.000406561 0.00117685 -0.00108882 0.002736 -0.00328344 0.00416947
internal_weight=2891.47 2416.83 971.968 1444.87 474.634 91.1489
internal_count=6279 4932 2187 2745 1347 201
is_linear=0
shrinkage=0.03


Tree=27
num_leaves=7
num_cat=0
split_feature=2 2 2 3 1 1
split_gain=9.88491 8.75106 6.08265 5.76519 3.70535 2.58297
threshold=0.023950153030455116 -0.37741261720657343 -0.34385985136032099 -1.869409918785095 -0.11591446399688719 -0.36149463057518
decision_type=2 2 2 2 2 2
left_child=1 5 -3 -2 -5 -1
right_child=3 2 -4 4 -6 -7
leaf_value=-0.005373176543854199 0.0034702217010763869 0.010636295219002551 0.0018055144803983401 0.0018856829416828342 -0.0035844158481998668 0
leaf_weight=168.00306929647923 116.39426962286234 59.665714502334595 1321.5866326577961 98.559606961905956 932.43003025650978 115.28448011726141
leaf_count=366 252 124 2668 228 2302 252
internal_value=-8.38825e-05 0.00136504 0.00237616 -0.00222465 -0.00297847 -0.00319871
internal_weight=2811.92 1664.54 1381.25 1147.38 1030.99 283.288
internal_count=6192 3410 2792 2782 2530 618
is_linear=0
shrinkage=0.03


Tree=28
num_leaves=5
num_cat=0
split_feature=1 2 3 4
split_gain=8.97383 9.39835 14.1032 9.65319
threshold=-0.69394648075103749 0.020620883442461494 -1.5406463742256162 1.0000000180025095e-35
decision_type=2 2 2 2
left_child=-1 2 -2 -3
right_child=1 3 -4 -5
leaf_value=-0.011390233714120764 -0.004151071202518025 -0.0037127557919979866 0.002946452432592484 0.0021349715712382015
leaf_weight=42.134072333574295 285.77947586402297 799.95109287276864 1325.243942193687 338.57185955345631
leaf_count=93 638 2049 2648 741
internal_value=-0.000103879 0.000128414 0.00161517 -0.00191514
internal_weight=2791.68 2749.55 1611.02 1138.52
internal_count=6169 6076 3286 2790
is_linear=0
shrinkage=0.03


Tree=29
num_leaves=7
num_cat=0
split_feature=1 0 0 1 0 3
split_gain=11.9711 6.91531 11.1395 6.74454 5.87393 2.43683
threshold=0.37418296933174139 -1.9160597920417783 -2.5589524507522579 -0.51229214668273915 -0.8764478564262389 0.042826648801565177
decision_type=2 2 2 2 2 2
left_child=1 2 -1 -3 5 -2
right_child=4 3 -4 -5 -6 -7
leaf_value=0.0086531177054860586 -0.010287267124527986 -0.0053076061313458728 -0.0021247276944614014 0.0028963442411945794 0.0013449062940216702 -0.00021884386269539147
leaf_weight=76.667727880179882 119.62791535258293 72.378500990569592 723.54934758320451 1672.556772403419 60.577026382088661 41.492260124534369
leaf_count=175 328 163 1702 3466 133 162
internal_value=0.000791961 0.00140676 -0.000833149 0.00246577 -0.00555024 -0.00833616
internal_weight=2766.85 2545.15 800.217 1744.94 221.697 161.12
internal_count=6129 5506 1877 3629 623 490
is_linear=0
shrinkage=0.03


Tree=30
num_leaves=7
num_cat=0
split_feature=1 6 0 3 0 0
split_gain=9.51924 6.99221 6.5153 11.7329 9.95072 3.12045
threshold=0.23719231784343722 1.0000000180025095e-35 -1.4768157005310056 -1.1315851807594297 -1.0109935402870176 -0.71009835600852955
decision_type=2 2 2 2 2 2
left_child=2 5 3 -1 -4 -2
right_child=1 -3 4 -5 -6 -7
leaf_value=-0.0046141095759866845 -0.0027261384382020084 -0.009876712096936897 0.0052081939907300352 0.0015102279188636497 -0.0003721095570756615 0.0035990652852927385
leaf_weight=414.75253485515714 308.73419743776321 107.27288944646716 569.22126635909081 763.97590745985508 520.68080255389214 64.118682451546192
leaf_count=973 785 298 1075 1780 1083 141
internal_value=2.71272e-05 -0.0037 0.000867581 -0.000635685 0.00252958 -0.00135783
internal_weight=2748.76 480.126 2268.63 1178.73 1089.9 372.853
internal_count=6135 1224 4911 2753 2158 926
is_linear=0
shrinkage=0.03


Tree=31
num_leaves=6
num_cat=0
split_feature=0 1 1 0 1
split_gain=9.83327 10.4381 5.20861 2.90122 0.0274034
threshold=0.067015334963798537 0.37418296933174139 -0.69394648075103749 -0.8764478564262389 0.072347491979599013
decision_type=2 2 2 2 2
left_child=1 2 -1 -3 -2
right_child=4 3 -4 -5 -6
leaf_value=-0.0085356363192653321 0.0026030935627062409 -0.0084943013221723852 0.00020758986871337499 0 0.011770852811036054
leaf_weight=42.894890956580639 36.414738476276398 158.96540085226297 2426.1087210588157 49.949083387851715 35.813425987958908
leaf_count=100 85 500 5329 107 85
internal_value=-0.000231356 -0.000579971 0 -0.00670842 0.00936617
internal_weight=2750.15 2677.92 2469 208.914 72.2282
internal_count=6206 6036 5429 607 170
is_linear=0
shrinkage=0.03


Tree=32
num_leaves=5
num_cat=0
split_feature=1 6 2 1
split_gain=4.21135 3.21904 3.4497 2.13012
threshold=0.73642051219940197 1.0000000180025095e-35 -0.31049019098281855 0.15989078581333163
decision_type=2 2 2 2
left_child=1 3 -3 -1
right_child=-2 2 -4 -5
leaf_value=0.00047060041826539454 -0.007417209448012013 -0.0060903759324637818 -0.000197180251241164 0.0028129816099982503
leaf_weight=1553.9040807001293 41.745020285248756 94.148687519133091 535.58298598602414 474.71433032304049
leaf_count=3364 120 220 1244 1185
internal_value=0.000275567 0.000473255 -0.00133095 0.00107014
internal_weight=2700.1 2658.35 629.732 2028.62
internal_count=6133 6013 1464 4549
is_linear=0
shrinkage=0.03


Tree=33
num_leaves=7
num_cat=0
split_feature=3 1 3 3 1 1
split_gain=6.7252 5.83473 10.1799 5.60213 3.81124 3.21064
threshold=0.31074088811874395 -0.10363589227199553 -1.5968546867370603 -2.0420337915420528 -0.46143589913845057 0.089220941066741957
decision_type=2 2 2 2 2 2
left_child=1 2 -1 -3 -2 -6
right_child=4 3 -4 -5 5 -7
leaf_value=-0.0046572471439491319 0.0033838188101787858 0.0056268262358412126 0.0032141475316741497 -0.0018469385642400199 -0.0073252225971433636 -0.001094581880619305
leaf_weight=159.08866869658232 31.08887954801321 74.161251753568649 755.52934074401855 1329.3936109170318 225.8450031131506 154.81642868369818
leaf_count=377 91 156 1459 2981 652 467
internal_value=-0.000772079 -0.000104275 0.00171044 -0.00133639 -0.00421388 -0.00512208
internal_weight=2729.92 2318.17 914.618 1403.55 411.75 380.661
internal_count=6183 4973 1836 3137 1210 1119
is_linear=0
shrinkage=0.03


Tree=34
num_leaves=7
num_cat=0
split_feature=0 0 1 3 0 0
split_gain=11.7669 12.6264 6.44842 6.24932 10.842 10.7623
threshold=-1.5507343411445615 -2.5676299333572383 -0.20017140358686444 -0.77984499931335438 -1.2733780145645139 -1.4768157005310056
decision_type=2 2 2 2 2 2
left_child=1 -1 -3 5 -5 -2
right_child=3 2 -4 4 -6 -7
leaf_value=0.0087300763684611052 -0.0072412955086445909 0.0008542754259168795 -0.0038289001327388144 0.0057189837940469848 -0.0019495599527395121 0.0054709660790983779
leaf_weight=76.348767399787903 44.987802639603615 340.13990174233913 873.1982838101685 216.23934046179056 530.64120034128428 625.30003579705954
leaf_count=181 91 786 2259 458 1182 1233
internal_value=0.000390994 -0.00164251 -0.00247483 0.00228043 0.00028367 0.00434575
internal_weight=2706.86 1289.69 1213.34 1417.17 746.881 670.288
internal_count=6190 3226 3045 2964 1640 1324
is_linear=0
shrinkage=0.03


Tree=35
num_leaves=7
num_cat=0
split_feature=1 3 3 3 3 3
split_gain=10.6569 6.84487 6.34319 3.06922 4.43316 2.36177
threshold=0.3237923532724381 0.25578932464122778 -1.5406463742256162 -0.40145954489707941 -1.1315851807594297 0.35341875255107885
decision_type=2 2 2 2 2 2
left_child=1 2 -1 4 -2 -3
right_child=3 5 -4 -5 -6 -7
leaf_value=-0.0010210597083066082 -0.0012348640031398634 -0.0070557221988161774 0.0028911498665985338 -0.00028524242369961018 -0.011452791423554808 -0.00084007663145188821
leaf_weight=448.99136496521533 95.268510222434998 58.603011302649975 1577.3953057974577 125.47288956493139 79.896605856716633 322.83329295739532
leaf_count=1054 230 143 3240 395 225 955
internal_value=0.000589674 0.0012838 0.00199348 -0.00451578 -0.00689896 -0.00224844
internal_weight=2708.46 2407.82 2026.39 300.638 175.165 381.436
internal_count=6242 5392 4294 850 455 1098
is_linear=0
shrinkage=0.03


Tree=36
num_leaves=7
num_cat=0
split_feature=2 4 1 1 1 1
split_gain=7.16781 7.04621 5.11625 5.03771 3.91456 1.94986
threshold=0.18577652424573901 1.0000000180025095e-35 -0.69394648075103749 -0.050178356468677514 -0.066591054201126085 0.18163712322711947
decision_type=2 2 2 2 2 2
left_child=2 3 -1 -2 -4 -3
right_child=1 5 4 -5 -6 -7
leaf_value=-0.0068760291382023164 -0.013897926761300366 -0.0014168978226148576 0.0027773109836137138 -0.0029396325250192956 0.00010204215470305412 0.0041879388193447218
leaf_weight=44.152327485382557 31.471150651574135 57.734145864844322 1138.5728777647018 364.3265802487731 942.86015359312296 124.54587531089783
leaf_count=103 83 125 2493 1025 2119 287
internal_value=0.000515828 -0.00235741 0.00133989 -0.00458185 0.00160651 0.00215151
internal_weight=2703.66 578.078 2125.59 395.798 2081.43 182.28
internal_count=6235 1520 4715 1108 4612 412
is_linear=0
shrinkage=0.03


Tree=37
num_leaves=5
num_cat=0
split_feature=0 2 3 0
split_gain=8.15333 10.0094 12.5486 6.02201
threshold=0.10630556195974351 0.18577652424573901 -1.2171831130981443 -1.4727239012718198
decision_type=2 2 2 2
left_child=1 3 -3 -1
right_child=-2 2 -4 -5
leaf_value=-0.00084522425312904875 0.0095812048916007302 0.0024584996022377183 -0.0067952193498055915 0.0023570254198541744
leaf_weight=1104.4445365238935 56.857223078608513 171.66910085827112 383.52959762141109 954.07958184927702
leaf_count=2638 145 390 1096 1942
internal_value=-2.56251e-05 -0.000328558 -0.00384363 0.000618479
internal_weight=2670.58 2613.72 555.199 2058.52
internal_count=6211 6066 1486 4580
is_linear=0
shrinkage=0.03


Tree=38
num_leaves=6
num_cat=0
split_feature=0 0 0 3 3
split_gain=7.82054 11.682 14.1111 12.7765 3.85308
threshold=-2.5589524507522579 -1.4727239012718198 -1.1355351805686948 -1.1071285009384153 -0.47336934506893152
decision_type=2 2 2 2 2
left_child=4 3 -3 -2 -1
right_child=1 2 -4 -5 -6
leaf_value=0.01245037634788934 -0.0063406504556445748 0.0055630542726772796 -0.00078978489657813495 -9.4069378423193318e-05 0
leaf_weight=45.023416712880135 458.49255232140422 477.18122496455908 812.10613010823727 821.36957636103034 40.401772893965244
leaf_count=95 1134 974 1785 2109 103
internal_value=-6.33952e-05 -0.000411116 0.00156471 -0.00244111 0.00791921
internal_weight=2654.57 2569.15 1289.29 1279.86 85.4252
internal_count=6200 6002 2759 3243 198
is_linear=0
shrinkage=0.03


Tree=39
num_leaves=7
num_cat=0
split_feature=1 4 1 7 0 1
split_gain=6.95948 12.9157 4.83468 5.18008 3.85092 2.95751
threshold=0.18935500085353854 1.0000000180025095e-35 -0.69394648075103749 1.0000000180025095e-35 -0.49949216842651362 0.4068600088357926
decision_type=2 2 2 2 2 2
left_child=2 4 -1 -4 -2 -3
right_child=1 5 3 -5 -6 -7
leaf_value=-0.0072585589217080268 -0.0037301899956866599 0.0064139359346958363 0.00041745711322192731 0.0038787846977447597 -0.012756528950292842 -0.00063294238306381249
leaf_weight=38.330526426434517 343.59496497362852 111.09989613294601 1493.6045222952962 534.70940696448088 48.235775791108608 61.360708378255367
leaf_count=97 982 246 3421 1147 118 152
internal_value=0.000302802 -0.00256269 0.00113103 0.0013882 -0.0055526 0.00378971
internal_weight=2630.94 564.291 2066.64 2028.31 391.831 172.461
internal_count=6163 1498 4665 4568 1100 398
is_linear=0
shrinkage=0.03


Tree=40
num_leaves=6
num_cat=0
split_feature=2 0 4 2 1
split_gain=5.95032 7.82026 10.229 6.0032 4.56991
threshold=-0.36976766586303705 -2.3906790018081661 1.0000000180025095e-35 -0.34385985136032099 0.41885827481746679
decision_type=2 2 2 2 2
left_child=1 -1 -3 -2 -5
right_child=3 2 -4 4 -6
leaf_value=0.0060124969522511364 0.0097879032023513515 -0.0092128431883055483 0.0038605856279000689 0.00081044051481592855 -0.0040066844033216781
leaf_weight=38.484665438532829 43.956399358808994 184.7150177359581 52.949947007000446 2127.7553085759282 170.86377585306764
leaf_count=84 100 442 118 4915 520
internal_value=0.000155059 -0.00382489 -0.00599374 0.00067803 0.000395018
internal_weight=2618.73 276.15 237.665 2342.58 2298.62
internal_count=6179 644 560 5535 5435
is_linear=0
shrinkage=0.03


Tree=41
num_leaves=7
num_cat=0
split_feature=2 2 4 3 5 2
split_gain=7.42214 13.2762 9.39566 7.05913 6.82575 4.09678
threshold=-0.37741261720657343 -0.24782244861125943 1.0000000180025095e-35 -1.3801388740539549 1.0000000180025095e-35 -0.021512132138013836
decision_type=2 2 2 2 2 2
left_child=2 3 4 -2 -1 -3
right_child=1 5 -4 -5 -6 -7
leaf_value=-0.011313837726643046 -0.0012183118242806953 0.0013625690740928925 0.0037283386130079177 0.0090731234056973253 0 -0.001295019417380698
leaf_weight=129.14862969517708 62.015832237899303 866.55177762359381 68.067554537206888 212.03225139528513 60.931651473045349 1232.2964927107096
leaf_count=334 149 1864 150 435 145 3133
internal_value=7.94499e-05 0.000640051 -0.00453338 0.00661571 -0.00785079 -0.000166959
internal_weight=2631.04 2372.9 258.148 274.048 190.08 2098.85
internal_count=6210 5581 629 584 479 4997
is_linear=0
shrinkage=0.03


Tree=42
num_leaves=5
num_cat=0
split_feature=0 2 3 0
split_gain=9.39533 11.5338 10.2665 8.27308
threshold=0.10630556195974351 0.17055058479309085 -1.2171831130981443 -1.5507343411445615
decision_type=2 2 2 2
left_child=1 3 -3 -1
right_child=-2 2 -4 -5
leaf_value=-0.0015738094173265325 0.0099591825514600153 0.0012132198668727645 -0.0070487848275511498 0.0022630151637799954
leaf_weight=969.1759123839438 55.985584244132042 177.35978276282549 390.58991180732846 1003.3952349051833
leaf_count=2391 142 407 1146 2069
internal_value=-0.000389367 -0.00071686 -0.00441317 0.000350896
internal_weight=2596.51 2540.52 567.95 1972.57
internal_count=6155 6013 1553 4460
is_linear=0
shrinkage=0.03


Tree=43
num_leaves=7
num_cat=0
split_feature=3 3 2 2 2 0
split_gain=9.45113 9.3272 11.5854 8.46105 3.4289 3.83907
threshold=0.57246729731559765 -1.5335924029350279 -0.0310220792889595 -0.16552672535181043 -0.20248111337423322 -0.93500888347625721
decision_type=2 2 2 2 2 2
left_child=1 3 -3 -1 -2 -6
right_child=4 2 -4 -5 5 -7
leaf_value=-0.0087034669679419419 0 0.0041363592275484671 -0.00058749716763770209 -2.188938891243383e-05 -0.0090160372872533871 0
leaf_weight=128.98158224672079 80.845906794071198 950.35099752247334 855.70995961874723 358.57829134166241 144.72935606539249 62.018638029694557
leaf_count=343 239 1956 2121 840 497 166
internal_value=0.000193293 0.000870627 0.00188342 -0.00268923 -0.0047189 -0.00661947
internal_weight=2581.21 2293.62 1806.06 487.56 287.594 206.748
internal_count=6162 5260 4077 1183 902 663
is_linear=0
shrinkage=0.03


Tree=44
num_leaves=5
num_cat=0
split_feature=0 3 0 0
split_gain=6.09367 6.7638 7.11969 2.99894
threshold=0.10630556195974351 0.31074088811874395 -0.49949216842651362 -1.5591948628425596
decision_type=2 2 2 2
left_child=1 2 -1 -3
right_child=-2 3 -4 -5
leaf_value=0.00092988454583247662 0.0085854518968115617 -0.0068090288645416587 -0.0053679458549158749 -0.0010686132724246362
leaf_weight=1980.3335593566298 52.366097629070282 159.26974180340767 154.37370239198208 224.07115079462528
leaf_count=4520 139 612 338 585
internal_value=0 -0.000243266 0.000401006 -0.00382176
internal_weight=2570.41 2518.05 2134.71 383.341
internal_count=6194 6055 4858 1197
is_linear=0
shrinkage=0.03


Tree=45
num_leaves=7
num_cat=0
split_feature=2 2 0 4 0 2
split_gain=8.87759 7.38771 9.67582 6.42636 8.63637 4.90502
threshold=0.020620883442461494 -0.058312207460403435 -0.73919138312339772 1.0000000180025095e-35 -2.2747230529785152 0.081173725426197066
decision_type=2 2 2 2 2 2
left_child=1 -1 -3 4 -2 -5
right_child=3 2 -4 5 -6 -7
leaf_value=0.0008534524815188956 -0.010669757587787031 0.0079509230980801694 -0.0047248397557120353 -0.0045967038623563328 -0.001494847229840464 0.0037615718682748522
leaf_weight=1187.1215209662914 95.438966769725084 289.91457502543926 45.48894165456295 57.659204319119453 651.84628527611494 263.06385149806738
leaf_count=2700 314 621 95 137 1749 617
internal_value=0.000588645 0.00206473 0.00589381 -0.00145975 -0.00299239 0.00190122
internal_weight=2590.53 1522.53 335.404 1068.01 747.285 320.723
internal_count=6233 3416 716 2817 2063 754
is_linear=0
shrinkage=0.03


Tree=46
num_leaves=7
num_cat=0
split_feature=3 3 0 2 0 0
split_gain=10.0745 7.65562 16.9744 13.0518 3.84943 8.97963
threshold=-0.1644756346940994 -1.2713732123374937 -1.4768157005310056 0.18577652424573901 -1.7423194050788877 -2.3677693605422969
decision_type=2 2 2 2 2 2
left_child=1 2 -1 -3 5 -2
right_child=4 3 -4 -5 -6 -7
leaf_value=-0.0052900874500922341 0.0013200748541223853 0.0044977791557553022 0.0036630448036904461 -0.0033546875805910694 -0.0009649090716010658 -0.0095477662461969075
leaf_weight=380.49306056275964 88.132161073386669 894.29070697724819 338.99346697330475 216.01120130345225 473.98182326555252 163.62091870978475
leaf_count=994 263 1854 720 598 1229 544
internal_value=0.000120296 0.00132821 -0.00100561 0.00288466 -0.00279868 -0.00570528
internal_weight=2555.52 1829.79 719.487 1110.3 725.735 251.753
internal_count=6202 4166 1714 2452 2036 807
is_linear=0
shrinkage=0.03


Tree=47
num_leaves=5
num_cat=0
split_feature=1 1 3 2
split_gain=4.97325 5.98045 9.57015 5.73328
threshold=-0.69394648075103749 -0.071726404130458818 -0.49475124478340143 -0.24227054417133329
decision_type=2 2 2 2
left_child=-1 2 -2 -3
right_child=1 3 -4 -5
leaf_value=-0.0084338981760690244 0.0044957048919704434 0.0067056345521658497 -0.0011311698972139776 -0.0012281869907209107
leaf_weight=36.754227459430695 638.58773877471685 65.773301817476749 428.33294859901071 1352.8028119690716
leaf_count=95 1403 153 1082 3436
internal_value=0.000292702 0.000511987 0.00220225 -0.00073051
internal_weight=2522.25 2485.5 1066.92 1418.58
internal_count=6169 6074 2485 3589
is_linear=0
shrinkage=0.03


Tree=48
num_leaves=7
num_cat=0
split_feature=2 2 3 3 4 3
split_gain=6.55242 10.6194 12.9155 8.92 7.20664 23.2184
threshold=0.023950153030455116 -0.060778530314564698 -1.5406463742256162 0.27276419103145605 1.0000000180025095e-35 -1.2171831130981443
decision_type=2 2 2 2 2 2
left_child=1 2 -1 -3 5 -2
right_child=4 3 -4 -5 -6 -7
leaf_value=-0.0069772270995864007 0.0045194080159087777 0.0073623103514913928 0.001191026120849563 -0.0048135814817951992 0.0017072968393051751 -0.0070082654268075629
leaf_weight=191.81075305491686 201.94552656263113 313.74182703346014 948.01510116457939 44.076565377414227 305.91391704976559 504.44314867258072
leaf_count=514 490 653 2111 125 733 1518
internal_value=-6.80607e-05 0.00116216 -0.000228414 0.00552825 -0.00193349 -0.00359639
internal_weight=2509.95 1497.64 1139.83 357.818 1012.3 706.389
internal_count=6144 3403 2625 778 2741 2008
is_linear=0
shrinkage=0.03


Tree=49
num_leaves=7
num_cat=0
split_feature=0 0 3 0 3 3
split_gain=9.94726 9.24192 8.8908 7.32199 6.18776 5.35384
threshold=-1.4727239012718198 -2.4838894605636592 -1.1187450289726255 1.0000000180025095e-35 -1.238659083843231 -1.6385371685028074
decision_type=2 2 2 2 2 2
left_child=1 -1 5 -4 -3 -2
right_child=2 4 3 -5 -6 -7
leaf_value=0.003923428394753398 0.0011001024150622751 -0.0065462770219496614 -0.00089451653068673516 0.0091878355380623118 -0.0014302678572878718 0.0085385685136046986
leaf_weight=178.03097668290138 186.00969679653645 311.07860027439892 740.82927328720689 50.851263910531998 770.51779914647341 207.47344451397657
leaf_count=465 416 856 1707 124 2096 440
internal_value=-0.000106175 -0.00197012 0.00182492 0 -0.00304829 0.00539062
internal_weight=2444.79 1259.63 1185.16 791.681 1081.6 393.483
internal_count=6104 3417 2687 1831 2952 856
is_linear=0
shrinkage=0.03


Tree=50
num_leaves=7
num_cat=0
split_feature=3 1 3 4 2 1
split_gain=5.3856 8.817 9.85268 6.96956 10.1758 8.14834
threshold=-0.49475124478340143 -0.048053395003080361 -1.1315851807594297 1.0000000180025095e-35 0.56346216797828685 0.15019131451845172
decision_type=2 2 2 2 2 2
left_child=1 2 -1 4 -2 -5
right_child=3 -3 -4 5 -6 -7
leaf_value=0 -0.0022026689379579579 -0.0012379123311476751 0.0072544558273388224 -0.0014792770205834427 -0.015493674501660427 0.0098835896637267523
leaf_weight=374.22204601764679 760.24030820094049 814.53891376405954 292.98135986179113 131.19479930773377 39.403952587395906 67.491167780011892
leaf_count=920 2107 1971 581 304 141 157
internal_value=-0.000322029 0.000794299 0.00332641 -0.00202089 -0.00329289 0.00265709
internal_weight=2480.07 1481.74 667.203 998.33 799.644 198.686
internal_count=6181 3472 1501 2709 2248 461
is_linear=0
shrinkage=0.03


Tree=51
num_leaves=7
num_cat=0
split_feature=0 5 3 0 1 1
split_gain=7.17946 9.90413 7.71908 7.47626 3.71738 9.19366
threshold=-1.5507343411445615 1.0000000180025095e-35 0.36982092261314398 -2.3049703836441036 -0.17783213406801221 -0.36149463057518
decision_type=2 2 2 2 2 2
left_child=1 2 -1 -3 5 -2
right_child=4 3 -4 -5 -6 -7
leaf_value=0.0013653387441303641 -0.0013814762147123449 0 -0.0069126410889770477 -0.0090392326799487877 0.00070607207596802904 0.0081803004143218422
leaf_weight=751.91914287395775 127.86135093122721 120.30845376849174 96.151128463447094 201.30589181557298 950.22619051858783 203.3648342192173
leaf_count=1889 302 347 362 626 2179 452
internal_value=0.000214304 -0.00144442 0.000220051 -0.00576503 0.00177338 0.00444991
internal_weight=2451.14 1169.68 848.07 321.614 1281.45 331.226
internal_count=6157 3224 2251 973 2933 754
is_linear=0
shrinkage=0.03


Tree=52
num_leaves=7
num_cat=0
split_feature=6 0 1 1 2 0
split_gain=7.11251 9.6838 7.3785 6.59822 10.7739 4.56669
threshold=1.0000000180025095e-35 -1.3216201066970823 -0.45097063481807703 -0.18041506409645078 -0.19900074601173398 -2.0217146873474117
decision_type=2 2 2 2 2 2
left_child=1 2 -1 4 -2 -5
right_child=3 -3 -4 5 -6 -7
leaf_value=0.0068374503363280133 -0.0039172781992186309 0.0035184641896810298 -0.0016315516648606914 0.00078735285020566028 0.0097114960374278369 -0.0064371827448716753
leaf_weight=79.895055346190929 103.24392565339804 717.5296016074717 1044.1152589768171 78.016363956034184 68.218198224902153 332.50993121229112
leaf_count=197 262 1654 2781 247 167 848
internal_value=-6.3927e-05 0.00082826 -0.000868114 -0.0029204 0.00163975 -0.00495207
internal_weight=2423.53 1841.54 1124.01 581.988 171.462 410.526
internal_count=6156 4632 2978 1524 429 1095
is_linear=0
shrinkage=0.03


Tree=53
num_leaves=7
num_cat=0
split_feature=3 3 2 2 1 1
split_gain=5.55345 9.17413 17.9998 6.16706 1.52345 4.44516
threshold=0.31074088811874395 -1.2713732123374937 0.21469429880380633 0.21469429880380633 -0.15095243602991101 0.031264224089682109
decision_type=2 2 2 2 2 2
left_child=1 3 -3 -1 -2 -6
right_child=4 2 -4 -5 5 -7
leaf_value=-0.0030184988333158426 -0.0051778412465206978 0.0041866876291242056 -0.004464141292615997 0.0036697318721837166 0.0040766074228948072 -0.0036914832616220233
leaf_weight=558.46125529706478 131.38916090130806 1133.818033721298 242.89542942121625 132.89295139163733 79.086164124310017 166.78804652765393
leaf_count=1392 407 2537 720 314 254 569
internal_value=0.000520257 0.00115517 0.00257538 -0.0015815 -0.00269206 -0.000848482
internal_weight=2445.33 2068.07 1376.71 691.354 377.263 245.874
internal_count=6193 4963 3257 1706 1230 823
is_linear=0
shrinkage=0.03


Tree=54
num_leaves=6
num_cat=0
split_feature=0 2 7 2 2
split_gain=4.67568 4.63631 9.10955 4.75114 0.331318
threshold=-2.5589524507522579 -0.37741261720657343 1.0000000180025095e-35 -0.24782244861125943 0.018113458529114727
decision_type=2 2 2 2 2
left_child=4 2 -2 -3 -1
right_child=1 3 -4 -5 -6
leaf_value=0.0083967931439197438 0 0.0043241179463118671 -0.011677277637199971 0 0.00090420853431417698
leaf_weight=46.802034772932529 164.9984381236136 237.1111693456769 66.838636495172977 1919.4411024544388 33.819594874978065
leaf_count=111 428 549 182 4882 95
internal_value=0.000316314 2.39674e-05 -0.00380318 0.000494132 0.0066545
internal_weight=2469.01 2388.39 231.837 2156.55 80.6216
internal_count=6247 6041 610 5431 206
is_linear=0
shrinkage=0.03


Tree=55
num_leaves=7
num_cat=0
split_feature=3 3 2 0 2 0
split_gain=5.4789 6.94193 11.6488 8.52061 1.26687 1.95427
threshold=0.48397772014141088 -1.5406463742256162 -0.041381200775504105 -2.4637768268585201 -0.21214929223060605 -1.8833451271057127
decision_type=2 2 2 2 2 2
left_child=1 3 -3 -1 -2 -6
right_child=4 2 -4 -5 5 -7
leaf_value=0.0078089425591688693 0 0.0040382459279964733 -0.00085686543948890214 -0.0039644616262578874 -0.009375246300102287 -0.0021209311309368733
leaf_weight=41.749074377119541 84.887003716081381 850.51509387791157 836.14993592724204 414.30828473716974 48.070321694016457 172.30115410685539
leaf_count=103 261 1849 2180 1067 217 537
internal_value=0.000117019 0.000685315 0.00159478 -0.00247786 -0.00348444 -0.00460135
internal_weight=2447.98 2142.72 1686.67 456.057 305.258 220.371
internal_count=6214 5199 4029 1170 1015 754
is_linear=0
shrinkage=0.03


Tree=56
num_leaves=5
num_cat=0
split_feature=0 0 0 3
split_gain=7.26436 10.3915 6.59337 0.418521
threshold=0.067015334963798537 -0.43518136441707606 -1.4727239012718198 -0.1644756346940994
decision_type=2 2 2 2
left_child=1 2 -1 -3
right_child=-2 3 -4 -5
leaf_value=-0.0013221666610681785 0.008337257419560316 -0.0038504060098226069 0.0019300421230199314 -0.011424558072701922
leaf_weight=1264.5300520081073 68.254396677017212 87.363519228994846 973.17714901268482 45.484242856502533
leaf_count=3488 166 204 2224 119
internal_value=-8.4273e-05 -0.000419572 7.02088e-05 -0.00799175
internal_weight=2438.81 2370.55 2237.71 132.848
internal_count=6201 6035 5712 323
is_linear=0
shrinkage=0.03


Tree=57
num_leaves=5
num_cat=0
split_feature=1 2 3 3
split_gain=6.47758 4.73931 4.95636 3.53058
threshold=-0.69394648075103749 0.16700442135334018 -1.5335924029350279 -1.2025760412216184
decision_type=2 2 2 2
left_child=-1 2 -2 -3
right_child=1 3 -4 -5
leaf_value=-0.01018103101043388 -0.0019926927051656918 0.0011174550355362639 0.0018366216585221648 -0.0036349147666218632
leaf_weight=34.32344127446413 350.745908703655 179.30049950629473 1474.0033525973558 384.53539006412029
leaf_count=95 929 436 3542 1227
internal_value=3.45184e-05 0.000289545 0.00105442 -0.00203438
internal_weight=2422.91 2388.59 1824.75 563.836
internal_count=6229 6134 4471 1663
is_linear=0
shrinkage=0.03


Tree=58
num_leaves=5
num_cat=0
split_feature=0 1 2 0
split_gain=6.82 6.67011 7.35651 4.83134
threshold=0.067015334963798537 -0.052943266928195946 0.20263166725635531 -0.47634746134281153
decision_type=2 2 2 2
left_child=1 2 -1 -3
right_child=-2 3 -4 -5
leaf_value=0.0023660332515769429 0.0087379146131030868 -0.00079853227478687892 -0.0088898783351579191 -0.0079927057302484009
leaf_weight=1036.6749786660075 64.967624843120575 1183.4837677069008 33.652924217283726 74.794394046068192
leaf_count=2543 163 3170 99 196
internal_value=0.000384043 5.29999e-05 0.00180052 -0.00139147
internal_weight=2393.57 2328.61 1070.33 1258.28
internal_count=6171 6008 2642 3366
is_linear=0
shrinkage=0.03


Tree=59
num_leaves=7
num_cat=0
split_feature=2 5 2 1 2 2
split_gain=4.5966 6.1335 5.96689 5.81347 4.45373 2.8881
threshold=-0.024200193583965298 1.0000000180025095e-35 -0.058312207460403435 0.072347491979599013 0.2593804150819779 -0.041381200775504105
decision_type=2 2 2 2 2 2
left_child=2 -2 3 -1 -3 -4
right_child=1 4 5 -5 -6 -7
leaf_value=0.00085776101478843389 -0.00049131956196400998 -0.0083908775173460997 0.0097977752517071099 -0.005889103099609644 2.0651386072969441e-05 0.00091970031632838424
leaf_weight=985.68629587069154 937.99290486052632 158.73732926696539 73.277637042105198 109.56730655580759 62.402852736413479 84.381544500589371
leaf_count=2410 2416 508 170 269 257 184
internal_value=-0.000303952 -0.00166965 0.000918772 3.55106e-05 -0.00596359 0.00602228
internal_weight=2412.05 1159.13 1252.91 1095.25 221.14 157.659
internal_count=6214 3181 3033 2679 765 354
is_linear=0
shrinkage=0.03


Tree=60
num_leaves=7
num_cat=0
split_feature=1 3 4 4 3 4
split_gain=3.63513 3.30643 12.1429 10.0196 2.14722 8.35508
threshold=0.37418296933174139 -1.0451450943946836 1.0000000180025095e-35 1.0000000180025095e-35 -1.0212450623512266 1.0000000180025095e-35
decision_type=2 2 2 2 2 2
left_child=1 3 -3 -1 -2 -6
right_child=4 2 -4 -5 5 -7
leaf_value=0.00096946101980036807 0 -0.00034110385565503716 0.0063301295058905095 -0.0057979281523347116 -0.010263008853799768 0.0037411033809485049
leaf_weight=561.33401249162853 70.846377033740282 1076.0153370462358 292.3772234171629 271.78582200407982 92.948118291795254 37.641978271305561
leaf_count=1369 185 2794 687 677 364 98
internal_value=-0.00015401 0.000186972 0.00111174 -0.00125208 -0.00383189 -0.0058672
internal_weight=2402.95 2201.51 1368.39 833.12 201.436 130.59
internal_count=6174 5527 3481 2046 647 462
is_linear=0
shrinkage=0.03


Tree=61
num_leaves=7
num_cat=0
split_feature=2 7 2 5 2 1
split_gain=2.58698 6.53065 5.26524 4.26736 5.27053 3.86543
threshold=-0.37741261720657343 1.0000000180025095e-35 -0.53629383444786061 1.0000000180025095e-35 -0.12207327783107756 0.37418296933174139
decision_type=2 2 2 2 2 2
left_child=1 2 -1 5 -5 -2
right_child=3 -3 -4 4 -6 -7
leaf_value=0.0061015341763546926 0.0014081688097063122 -0.010232778140452453 -0.0035728421698120291 0.0017148811681165878 -0.0044711884694272263 -0.0031510627515368619
leaf_weight=62.351407695561647 1494.2106346748769 58.60881695151329 111.0501738935709 165.09581040591002 317.46943356469274 162.56875533983111
leaf_count=169 3647 172 281 401 1021 502
internal_value=-0.000169206 -0.00305598 0 0.000141481 -0.00225139 0.00089277
internal_weight=2371.36 232.01 173.402 2139.34 482.565 1656.78
internal_count=6193 622 450 5571 1422 4149
is_linear=0
shrinkage=0.03


Tree=62
num_leaves=5
num_cat=0
split_feature=1 3 3 1
split_gain=6.5414 3.8895 4.7748 3.41791
threshold=0.7973773479461671 0.57246729731559765 -1.5406463742256162 0.092914972454309477
decision_type=2 2 2 2
left_child=1 2 -1 -3
right_child=-2 3 -4 -5
leaf_value=-0.0020294727248932518 -0.010670800596264237 -0.0055466569654081177 0.0013648631910550453 0.00090859498117355352
leaf_weight=448.85810795612633 31.273967500776052 166.94543943926692 1673.7531158812344 90.657499473541975
leaf_count=1180 103 560 4100 321
internal_value=-5.07126e-05 0.000151581 0.000606833 -0.00315695
internal_weight=2411.49 2380.21 2122.61 257.603
internal_count=6264 6161 5280 881
is_linear=0
shrinkage=0.03


Tree=63
num_leaves=6
num_cat=0
split_feature=2 2 4 5 1
split_gain=5.08545 8.10799 6.05815 9.89556 4.0911
threshold=-0.37741261720657343 -0.33673085272312159 1.0000000180025095e-35 1.0000000180025095e-35 -0.042951581999659531
decision_type=2 2 2 2 2
left_child=2 -2 3 -1 -3
right_child=1 4 -4 -5 -6
leaf_value=-0.01145909796483055 0.0093384978861900531 0.0013356589335276783 0.0029512782676136165 0.0021536869510024002 -0.001322335403240765
leaf_weight=117.83949106186628 63.377154238522053 868.35573726147413 53.573500737547874 55.252941612154245 1221.7545508556068
leaf_count=345 153 2121 133 142 3317
internal_value=-0.000290468 0.000148674 -0.00437964 -0.00703003 -0.000187419
internal_weight=2380.15 2153.49 226.666 173.092 2090.11
internal_count=6211 5591 620 487 5438
is_linear=0
shrinkage=0.03


Tree=64
num_leaves=7
num_cat=0
split_feature=0 0 3 2 3 0
split_gain=7.59925 7.26102 6.28898 6.53021 4.20984 3.88129
threshold=-1.4727239012718198 -2.5589524507522579 -1.1187450289726255 -0.095305416733026491 -1.1523949503898618 -0.25678320229053492
decision_type=2 2 2 2 2 2
left_child=1 -1 3 -2 -3 -4
right_child=2 4 5 -5 -6 -7
leaf_value=0.0054700853450695315 -0.00062616937222363049 -0.005328422575342699 -0.0011583624523686577 0.0070387447805060569 -0.0013058665580045689 0.004791645257168198
leaf_weight=82.06300050765276 133.01827308535576 379.420539714396 668.28002666682005 249.02358478307724 754.50747438147664 93.954764094203711
leaf_count=216 322 1075 1619 563 2165 243
internal_value=-0.000434769 -0.00208852 0.00127678 0.00432237 -0.00277286 -0.000244488
internal_weight=2360.27 1215.99 1144.28 382.042 1133.93 762.235
internal_count=6203 3456 2747 885 3240 1862
is_linear=0
shrinkage=0.03


Tree=65
num_leaves=7
num_cat=0
split_feature=1 4 7 2 1 1
split_gain=3.90142 6.17181 4.38057 11.4679 2.75499 1.17085
threshold=0.19219981878995898 1.0000000180025095e-35 1.0000000180025095e-35 -0.37741261720657343 -0.18293461203575132 0.4068600088357926
decision_type=2 2 2 2 2 2
left_child=2 -2 4 -4 -1 -3
right_child=1 5 3 -5 -6 -7
leaf_value=0.0016043319266148069 -0.0045065253368829017 0.0040639144003947816 -0.0077619417394308105 0.0048288417290423963 -0.0011575479099446182 -0.00026319344874933402
leaf_weight=474.70086136460304 339.99548944830894 97.029458999633789 54.427570790052414 435.33537641167641 905.42888041213155 59.157476097345352
leaf_count=1206 1088 234 165 1006 2350 159
internal_value=2.34323e-05 -0.00226192 0.000679126 0.00306229 -0.000155388 0.0022406
internal_weight=2366.08 496.182 1869.89 489.763 1380.13 156.187
internal_count=6208 1481 4727 1171 3556 393
is_linear=0
shrinkage=0.03


Tree=66
num_leaves=7
num_cat=0
split_feature=2 2 3 4 3 1
split_gain=6.01818 8.49917 6.44914 2.88838 16.0945 6.22486
threshold=-0.041381200775504105 -0.060778530314564698 -0.49475124478340143 1.0000000180025095e-35 -0.7917136251926421 0.19219981878995898
decision_type=2 2 2 2 2 2
left_child=1 2 -1 5 -5 -2
right_child=3 -3 -4 4 -6 -7
leaf_value=0.0026946935662504495 -0.00018812622442541347 0.0097859584653516123 -0.0019121759262611664 -0.0047296549197666316 0.0075688523555632803 -0.0055344532091923648
leaf_weight=629.44443758018315 532.01965286582708 85.766051612794399 441.32284264266491 188.47087582945824 155.21171890199184 316.76815977692604
leaf_count=1521 1427 202 1152 469 400 1033
internal_value=6.56077e-05 0.00161742 0.000740693 -0.0013918 0.000770332 -0.00233392
internal_weight=2349 1156.53 1070.77 1192.47 343.683 848.788
internal_count=6204 2875 2673 3329 869 2460
is_linear=0
shrinkage=0.03


Tree=67
num_leaves=7
num_cat=0
split_feature=0 1 0 7 0 0
split_gain=6.63722 6.07596 5.58805 4.60233 14.625 7.28396
threshold=-1.4768157005310056 -0.32951714098453516 -1.4189275503158567 1.0000000180025095e-35 -1.8076238632202146 -2.5589524507522579
decision_type=2 2 2 2 2 2
left_child=3 -2 -3 5 -5 -1
right_child=1 2 -4 4 -6 -7
leaf_value=0.0057601825054928064 -0.0036555894856235608 0.0096329314338892916 0.0018185757301707095 0.0080817476356396436 -0.0057964768730385816 -0.0030552018267130197
leaf_weight=70.15215877443552 132.6179264485836 79.184281542897224 922.89709119871259 140.10799846798182 96.611453836783767 909.28271213546395
leaf_count=184 331 187 2225 390 244 2658
internal_value=0.000173111 0.00182927 0.00267118 -0.00132818 0.00217364 -0.00226113
internal_weight=2350.85 1134.7 1002.08 1216.15 236.719 979.435
internal_count=6219 2743 2412 3476 634 2842
is_linear=0
shrinkage=0.03


Tree=68
num_leaves=5
num_cat=0
split_feature=0 3 2 2
split_gain=8.26873 4.45431 4.60318 4.55464
threshold=0.067015334963798537 -1.9865847826004026 0.56346216797828685 0.093898307532072081
decision_type=2 2 2 2
left_child=1 3 -3 -1
right_child=-2 2 -4 -5
leaf_value=0.0084432387083100812 0.0092549745177977986 -0.00039602245682564892 -0.0071421368740850859 -0.0018194470709450433
leaf_weight=79.171378523111343 63.142043635249138 2065.1327099790797 77.494780473411083 40.886896029114723
leaf_count=217 162 5439 251 100
internal_value=-1.11073e-05 -0.000374792 -0.000731555 0.00475907
internal_weight=2325.83 2262.69 2142.63 120.058
internal_count=6169 6007 5690 317
is_linear=0
shrinkage=0.03


Tree=69
num_leaves=7
num_cat=0
split_feature=0 3 3 2 1 3
split_gain=6.40659 6.89168 14.2396 5.94537 5.78715 5.13462
threshold=-1.5507343411445615 -1.1523949503898618 -1.7297434806823728 0.031767709180712707 -0.46143589913845057 -1.7297434806823728
decision_type=2 2 2 2 2 2
left_child=1 2 -1 -3 -2 -6
right_child=4 3 -4 -5 5 -7
leaf_value=0.0024543064790200696 -0.0060495504297309061 0.0023764026121859175 -0.0087348373619494258 -0.0031627190552151185 -0.0024378637956907969 0.0031398037289884686
leaf_weight=145.72760394494981 56.365889675915241 473.56475665047765 240.21657678484917 246.20435278862715 146.27482106536627 1002.7641600593925
leaf_count=427 148 1195 670 929 355 2406
internal_value=0.000295446 -0.00131048 -0.00444939 0.000366302 0.00181486 0.00234887
internal_weight=2311.12 1105.71 385.944 719.769 1205.4 1149.04
internal_count=6130 3221 1097 2124 2909 2761
is_linear=0
shrinkage=0.03


Tree=70
num_leaves=6
num_cat=0
split_feature=0 1 0 1 1
split_gain=4.06631 5.24966 6.17759 6.02011 0.164714
threshold=0.067015334963798537 -0.042951581999659531 -0.47634746134281153 -0.084220822900533662 0.089220941066741957
decision_type=2 2 2 2 2
left_child=1 3 -3 -1 -2
right_child=4 2 -4 -5 -6
leaf_value=0 0.00065357106747450356 -0.0012869139639939331 -0.0098437064677488317 0.0061774270054753234 0.0080258819539460423
leaf_weight=939.46474228799343 28.530141517519951 1111.1694319024682 66.233499582856894 144.06513422355056 30.627394944429398
leaf_count=2405 79 3092 180 353 81
internal_value=-0.000334251 -0.000587577 -0.00197475 0.000873878 0.00629185
internal_weight=2320.09 2260.93 1177.4 1083.53 59.1575
internal_count=6190 6030 3272 2758 160
is_linear=0
shrinkage=0.03


Tree=71
num_leaves=5
num_cat=0
split_feature=1 1 1 2
split_gain=3.77567 4.20912 2.67673 1.49605
threshold=-0.69394648075103749 -0.47284498810768122 -0.40555310249328608 -0.41723681986331934
decision_type=2 2 2 2
left_child=-1 3 -3 -2
right_child=1 2 -4 -5
leaf_value=-0.0081948541488962093 0 -0.0055497770407012788 -0.00018751818150593538 0.008280210614305809
leaf_weight=33.955373533070087 43.931593582034111 69.175404466688633 2137.8827026933432 49.347247704863548
leaf_count=97 130 173 5709 117
internal_value=-0.000331462 -0.000119897 -0.000430858 0.00548509
internal_weight=2334.29 2300.34 2207.06 93.2788
internal_count=6226 6129 5882 247
is_linear=0
shrinkage=0.03


Tree=72
num_leaves=7
num_cat=0
split_feature=0 0 3 3 1 1
split_gain=3.43114 9.0549 8.07124 6.94858 3.44473 9.00497
threshold=-1.5507343411445615 -1.2571008205413816 -0.73962628841400135 -0.68411257863044728 -0.20017140358686444 0.045893959701061256
decision_type=2 2 2 2 2 2
left_child=4 3 -3 -2 -1 -6
right_child=1 2 -4 -5 5 -7
leaf_value=0.00086330800607187165 4.9707949504929045e-05 0.0018351909649874456 -0.0038486228475052208 0.0083557629624106886 -0.005873101072215484 0.00026902511872420163
leaf_weight=305.15337717533112 194.53056327626109 407.89743665233254 439.42875981703401 178.67788412049413 387.43628830835223 413.79724391922355
leaf_count=840 451 942 1142 446 1079 1333
internal_value=-0.000454907 0.000602865 -0.00106407 0.00440166 -0.00166506 -0.00269864
internal_weight=2326.92 1220.53 847.326 373.208 1106.39 801.234
internal_count=6233 2981 2084 897 3252 2412
is_linear=0
shrinkage=0.03


Tree=73
num_leaves=5
num_cat=0
split_feature=0 1 0 1
split_gain=5.05413 3.37168 5.62368 4.07545
threshold=0.10630556195974351 -0.071726404130458818 -0.78707361221313465 -0.69394648075103749
decision_type=2 2 2 2
left_child=1 3 -3 -1
right_child=-2 2 -4 -5
leaf_value=-0.0071321084385722704 0.0078784652936753716 -0.00037523124805873069 -0.0059153021932617407 0.0014534304920486632
leaf_weight=30.866273943334818 50.830085426568985 1082.860212456435 182.24141904711723 972.54941996373236
leaf_count=98 146 3000 473 2474
internal_value=0 -0.000257953 -0.00129962 0.000996484
internal_weight=2319.35 2268.52 1265.1 1003.42
internal_count=6191 6045 3473 2572
is_linear=0
shrinkage=0.03


Tree=74
num_leaves=5
num_cat=0
split_feature=0 3 3 0
split_gain=5.75031 3.79657 4.5029 2.7845
threshold=0.10630556195974351 0.66255709528923046 -0.6763232648372649 -0.64240303635597218
decision_type=2 2 2 2
left_child=1 2 -1 -3
right_child=-2 3 -4 -5
leaf_value=-0.0011451671110788931 0.0083414894640361399 -0.0055798527845565653 0.0016760025008115192 0.0018191410265053294
leaf_weight=1176.562165716663 50.406202152371407 173.57949736714363 864.57292356714606 35.017679952085018
leaf_count=2987 149 648 2283 95
internal_value=-6.91704e-05 -0.000355891 2.5366e-05 -0.00402481
internal_weight=2300.14 2249.73 2041.14 208.597
internal_count=6162 6013 5270 743
is_linear=0
shrinkage=0.03


Tree=75
num_leaves=7
num_cat=0
split_feature=0 0 2 0 3 2
split_gain=2.99225 9.88443 3.85051 2.43884 2.22174 2.18508
threshold=-0.49949216842651362 0.067015334963798537 0.26352095603942877 -2.3253427743911739 -0.4560538381338119 -0.018860349431633946
decision_type=2 2 2 2 2 2
left_child=2 5 3 -1 -4 -2
right_child=1 -3 4 -5 -6 -7
leaf_value=0.0036097951474154842 -0.0017721992542345656 0.0056143060350548526 -0.0044057830738221445 0.00058190520778675446 0.00025788673382837635 -0.010508489051771435
leaf_weight=289.13343684002757 77.290908876806498 59.599910855293274 176.99192532524467 1495.6039628107101 126.41724245622754 71.687860202044249
leaf_count=794 198 165 494 3858 454 202
internal_value=0.000206619 -0.00301437 0.000582361 0.00114025 -0.00238133 -0.00707734
internal_weight=2296.73 208.579 2088.15 1784.74 303.409 148.979
internal_count=6165 565 5600 4652 948 400
is_linear=0
shrinkage=0.03


Tree=76
num_leaves=7
num_cat=0
split_feature=1 0 3 0 0 3
split_gain=5.91389 3.72879 5.03607 4.98507 3.06674 1.26912
threshold=0.37418296933174139 -1.4768157005310056 -1.1523949503898618 -1.4335806369781492 -0.41585689783096308 0.39009489119052893
decision_type=2 2 2 2 2 2
left_child=1 2 -1 -3 5 -2
right_child=4 3 -4 -5 -6 -7
leaf_value=-0.0033053108945778685 -0.0033020981211550945 0.0089872349371780905 0.00090725954858958912 0.0012509581658006288 0.002545189330391451 -0.01144484925130442
leaf_weight=364.06381963379681 139.14355242997408 67.434531897306442 714.7115806825459 938.77342738211155 23.665047876536846 28.055086590349674
leaf_count=1035 452 156 2011 2301 72 127
internal_value=0.000182046 0.000685185 -0.000494074 0.00199295 -0.00457336 -0.0060657
internal_weight=2275.85 2084.98 1078.78 1006.21 190.864 167.199
internal_count=6154 5503 3046 2457 651 579
is_linear=0
shrinkage=0.03


Tree=77
num_leaves=7
num_cat=0
split_feature=1 1 0 2 0 0
split_gain=4.35696 5.5279 4.51619 3.95314 3.931 2.36359
threshold=-0.27884325385093683 0.18935500085353854 -1.9870640039443968 -0.16312151402235028 -2.5799554586410518 -0.49949216842651362
decision_type=2 2 2 2 2 2
left_child=2 4 -1 -4 -2 -3
right_child=1 5 3 -5 -6 -7
leaf_value=0.0010902882082902249 0.0093550045794932677 -0.0013998217391837399 -0.0073458208580637237 0.00029456518008338602 0.00080486453847905363 -0.0078432585526868378
leaf_weight=119.19355713576078 32.500720657408237 429.11511830240488 194.8768592774868 62.629710979759693 1393.3915391359478 50.358302645385265
leaf_count=311 82 1345 514 155 3610 149
internal_value=-0.000362341 0.000201631 -0.00323253 -0.00538404 0.00116795 -0.00248365
internal_weight=2282.07 1905.37 376.7 257.507 1425.89 479.473
internal_count=6166 5186 980 669 3692 1494
is_linear=0
shrinkage=0.03


Tree=78
num_leaves=7
num_cat=0
split_feature=3 0 4 0 1 0
split_gain=7.01129 8.72928 16.0423 7.91413 4.07273 5.16874
threshold=-0.19775586575269696 -1.5507343411445615 1.0000000180025095e-35 -2.5054250955581661 -0.36149463057518 -1.9870640039443968
decision_type=2 2 2 2 2 2
left_child=4 3 -3 -2 5 -1
right_child=1 2 -4 -5 -6 -7
leaf_value=0.0036199335255417703 0.0035836569347224667 -0.0017664171078622191 0.013194496829686295 -0.0075612870678670374 0.0020939584087047887 -0.0060605237053465979
leaf_weight=54.730694591999054 50.711396135389805 320.41240171343088 58.906410731375217 270.24428630247712 1422.2479590028524 112.36357066035271
leaf_count=140 150 894 139 946 3658 275
internal_value=0.000427318 -0.00200117 0.00095117 -0.00551748 0.00154618 -0.00252104
internal_weight=2289.62 700.274 379.319 320.956 1589.34 167.094
internal_count=6202 2129 1033 1096 4073 415
is_linear=0
shrinkage=0.03


Tree=79
num_leaves=5
num_cat=0
split_feature=0 1 3 4
split_gain=6.55397 4.99696 6.31967 3.30866
threshold=0.067015334963798537 0.23244782537221911 0.25578932464122778 1.0000000180025095e-35
decision_type=2 2 2 2
left_child=1 2 -1 -3
right_child=-2 3 -4 -5
leaf_value=0.00086358025880825214 0.0080907654527023441 -0.0054414522845460753 -0.0038111712895279553 3.2970975981252513e-06
leaf_weight=1535.7124685384333 60.849123142659664 257.7706776894629 292.03456680476665 123.5017942301929
leaf_count=3829 174 898 977 323
internal_value=-0.000254428 -0.000581752 5.10164e-05 -0.003616
internal_weight=2269.87 2209.02 1827.75 381.272
internal_count=6201 6027 4806 1221
is_linear=0
shrinkage=0.03


Tree=80
num_leaves=7
num_cat=0
split_feature=3 4 2 3 1 4
split_gain=4.51479 10.7922 11.9829 4.09598 7.37537 7.00253
threshold=-1.423451781272888 1.0000000180025095e-35 -0.058312207460403435 -0.49475124478340143 -0.050178356468677514 1.0000000180025095e-35
decision_type=2 2 2 2 2 2
left_child=1 2 -1 4 -2 -5
right_child=3 -3 -4 5 -6 -7
leaf_value=-0.0048617674559708378 0.005411449922709418 -0.0071324829738383007 0.0060071523992762544 -0.0017684259349321964 -4.7182288689436888e-06 0.0045161627083860449
leaf_weight=139.77197034657001 388.25833817198873 209.28966234251857 187.65558640658855 716.10787188261747 458.62137735262513 181.93824198096991
leaf_count=394 889 575 482 2207 1228 468
internal_value=0.00023135 -0.00209219 0.00118196 0.000995648 0.00247671 -0.000359204
internal_weight=2281.64 536.717 327.428 1744.93 846.88 898.046
internal_count=6243 1451 876 4792 2117 2675
is_linear=0
shrinkage=0.03


Tree=81
num_leaves=6
num_cat=0
split_feature=0 2 0 4 2
split_gain=5.7077 4.49485 4.59077 3.27581 0.3573
threshold=1.0000000180025095e-35 0.19001768529415133 -1.5507343411445615 1.0000000180025095e-35 0.10294984281063081
decision_type=2 2 2 2 2
left_child=1 2 -1 -3 -2
right_child=4 3 -4 -5 -6
leaf_value=-0.001257349424999023 0.0015245307019674643 -0.0046913707203908991 0.0017788043538008622 0.0002916301555200875 0.0098557812441431164
leaf_weight=875.13544089719653 37.963105984032154 313.93783123418689 865.8801642768085 147.36097409576178 30.512967377901077
leaf_count=2448 108 1068 2120 378 90
internal_value=-0.000131526 -0.00045336 0.000221639 -0.00302893 0.0073038
internal_weight=2270.79 2202.31 1741.02 461.299 68.4761
internal_count=6212 6014 4568 1446 198
is_linear=0
shrinkage=0.03


Tree=82
num_leaves=7
num_cat=0
split_feature=3 3 3 7 2 3
split_gain=4.74544 3.18301 2.68108 7.51053 4.07695 1.93251
threshold=0.66255709528923046 1.036811411380768 -1.5335924029350279 1.0000000180025095e-35 0.15085061639547351 1.6745452880859377
decision_type=2 2 2 2 2 2
left_child=2 -2 3 -1 -4 -3
right_child=1 5 4 -5 -6 -7
leaf_value=-0.0046013431697629692 -0.0081393357838634942 0.0018667683768030892 0.0020505645463388231 0.0029420551340785927 -0.0013228841671975992 -0.004298718659115441
leaf_weight=260.01329449564219 77.121680062264204 83.885153062641621 1201.6116734333336 179.48269000649452 399.83217162638903 56.404598020017147
leaf_count=764 295 302 2965 455 1249 186
internal_value=8.91161e-05 -0.00389627 0.000576463 -0.0013962 0.00116538 -0.00046486
internal_weight=2258.35 217.411 2040.94 439.496 1601.44 140.29
internal_count=6216 783 5433 1219 4214 488
is_linear=0
shrinkage=0.03


Tree=83
num_leaves=7
num_cat=0
split_feature=2 1 3 2 2 3
split_gain=5.67758 6.47534 7.1767 4.57764 6.39748 6.36369
threshold=0.19001768529415133 -0.050178356468677514 -1.2493835091590879 -0.36976766586303705 -0.25362642109394068 -1.1805852651596067
decision_type=2 2 2 2 2 2
left_child=3 -2 -3 5 -5 -1
right_child=1 2 -4 4 -6 -7
leaf_value=-0.010103272084416408 -0.012417895738253993 0.0038951077500274994 -0.0038940005069268719 0.0062047671468276099 0.00059725617703406569 1.2075031991759308e-05
leaf_weight=56.899974580854177 37.734516330063343 133.22093363106251 307.29467813670635 200.02961741387844 1355.6058402787894 163.78928177803755
leaf_count=187 115 341 1063 498 3567 466
internal_value=7.68703e-06 -0.00279903 -0.00134127 0.000819506 0.00142598 -0.00296948
internal_weight=2254.57 478.25 440.516 1776.32 1555.64 220.689
internal_count=6237 1519 1404 4718 4065 653
is_linear=0
shrinkage=0.03


Tree=84
num_leaves=7
num_cat=0
split_feature=0 3 5 1 0 0
split_gain=4.34647 4.76623 8.32385 5.35835 2.31576 3.35933
threshold=-1.4727239012718198 -0.026227801106870171 1.0000000180025095e-35 0.079393468797206893 -1.4275178313255308 -1.3216201066970823
decision_type=2 2 2 2 2 2
left_child=1 2 -1 -3 -2 -6
right_child=4 3 -4 -5 5 -7
leaf_value=0.0014018456451793872 0.0061268014923946401 -0.0075897544534904611 -0.0049023081802648015 0.00054826841104022082 -0.0036910303887208273 0.0013948265969267854
leaf_weight=669.31819178164005 63.489937417209148 177.25527937524021 237.89570312947035 90.90394277498126 109.72663833200932 909.6144958846271
leaf_count=1778 163 606 707 374 264 2342
internal_value=-0.000125067 -0.00140063 -0.000256647 -0.00477623 0.0012054 0.000729141
internal_weight=2258.2 1175.37 907.214 268.159 1082.83 1019.34
internal_count=6234 3465 2485 980 2769 2606
is_linear=0
shrinkage=0.03


Tree=85
num_leaves=7
num_cat=0
split_feature=2 4 3 3 6 2
split_gain=4.7206 4.34831 10.9087 4.59612 4.19457 4.8662
threshold=0.026498685590922836 1.0000000180025095e-35 -1.5764073133468626 -1.2493835091590879 1.0000000180025095e-35 -0.060778530314564698
decision_type=2 2 2 2 2 2
left_child=4 3 -3 -2 5 -1
right_child=1 2 -4 -5 -6 -7
leaf_value=0.0006198813912649566 0.00061174870554858121 -0.0072750645986528611 0.0050723894550237765 -0.0047138970558357985 -0.0017512101269946726 0.0054770266435417436
leaf_weight=741.41736033558846 177.61544594168663 71.169457286596298 190.35243584960699 454.51297983154655 336.40834202617407 248.7863304913044
leaf_count=1964 459 189 517 1560 899 612
internal_value=-0.000121502 -0.00180834 0.00122096 -0.00315262 0.000980232 0.0019839
internal_weight=2220.26 893.65 261.522 632.128 1326.61 990.204
internal_count=6200 2725 706 2019 3475 2576
is_linear=0
shrinkage=0.03


Tree=86
num_leaves=7
num_cat=0
split_feature=2 3 1 3 1 2
split_gain=3.98435 6.78915 6.10585 4.49394 2.0853 5.43084
threshold=-0.024200193583965298 -1.5406463742256162 -0.57025212049484242 -1.7870308160781858 -0.050178356468677514 0.19001768529415133
decision_type=2 2 2 2 2 2
left_child=1 3 -3 -1 5 -2
right_child=4 2 -4 -5 -6 -7
leaf_value=0.00025610514516605275 -0.00040988325203722924 -0.0051758851980624309 0.0033266362415183205 -0.008020216475076598 -0.00020185241598714008 -0.01148262286812923
leaf_weight=114.69711503572762 171.86904574558139 60.045894805341959 888.0079029686749 77.124659799039364 864.82231506705284 38.38896045088768
leaf_count=343 458 179 2244 246 2620 125
internal_value=0.00031058 0.00155348 0.00263033 -0.00323132 -0.000956739 -0.00351389
internal_weight=2214.96 1139.88 948.054 191.822 1075.08 210.258
internal_count=6215 3012 2423 589 3203 583
is_linear=0
shrinkage=0.03


Tree=87
num_leaves=7
num_cat=0
split_feature=0 0 0 0 7 7
split_gain=4.94074 9.56471 8.69884 6.30636 5.80184 5.51059
threshold=-1.5507343411445615 -1.3830245733261106 -1.3306868076324461 -2.5054250955581661 1.0000000180025095e-35 1.0000000180025095e-35
decision_type=2 2 2 2 2 2
left_child=3 4 -3 -1 -2 -5
right_child=1 2 -4 5 -6 -7
leaf_value=0.0036862744171548235 0.0096349435214710989 -0.010209864513071799 0.0006536054541672338 -0.0038081462731126398 -0.00051887675330366883 0.0016468238650381225
leaf_weight=143.93577478826046 146.02153320610523 51.411457177251577 893.6099276393652 720.49368913844228 54.602640099823475 185.26899479515851
leaf_count=399 376 120 2330 2260 138 532
internal_value=-0.000148337 0.0011744 -7.45692e-05 -0.00164304 0.00680296 -0.00261608
internal_weight=2195.34 1145.65 945.021 1049.7 200.624 905.763
internal_count=6155 2964 2450 3191 514 2792
is_linear=0
shrinkage=0.03


Tree=88
num_leaves=5
num_cat=0
split_feature=0 3 3 0
split_gain=2.86489 3.31798 4.90203 2.34564
threshold=0.067015334963798537 -1.9865847826004026 -1.5406463742256162 -1.3744100928306577
decision_type=2 2 2 2
left_child=1 3 -3 -1
right_child=-2 2 -4 -5
leaf_value=0.0064676389981446836 0.0053485555602889477 -0.0042465769997282275 -9.1986934136851866e-05 -0.00084499354589118679
leaf_weight=82.923932544887066 59.70394441485405 286.40713548287749 1751.6947137415409 36.417998939752579
leaf_count=229 172 842 4907 86
internal_value=-0.000187673 -0.000416154 -0.000740563 0.00400455
internal_weight=2217.15 2157.44 2038.1 119.342
internal_count=6236 6064 5749 315
is_linear=0
shrinkage=0.03


Tree=89
num_leaves=7
num_cat=0
split_feature=3 3 2 2 0 4
split_gain=3.41566 4.53479 11.0771 7.03994 2.5459 8.80092
threshold=-0.1644756346940994 -1.5406463742256162 -0.16022573411464688 -0.018860349431633946 -1.5507343411445615 1.0000000180025095e-35
decision_type=2 2 2 2 2 2
left_child=1 2 -1 -3 -2 -6
right_child=4 3 -4 -5 5 -7
leaf_value=-0.0092166118359666722 -0.0036346273860186555 0.0040273842501519341 0.0011634879945534278 -0.00053062791119019186 -0.0020639338081294648 0.0094786714341252333
leaf_weight=106.19103288650513 290.4758229367435 619.05081873387098 308.58820604160428 536.56403184682131 299.32021393626928 53.020968787372112
leaf_count=346 1071 1447 831 1509 877 127
internal_value=0.000126388 0.000903945 -0.00165773 0.00188699 -0.00165261 0
internal_weight=2213.21 1570.39 414.779 1155.61 642.817 352.341
internal_count=6208 4133 1177 2956 2075 1004
is_linear=0
shrinkage=0.03


Tree=90
num_leaves=7
num_cat=0
split_feature=3 3 2 0 0 0
split_gain=3.59286 5.61535 5.17107 4.1534 3.96314 1.66856
threshold=-1.9323384165763853 -1.5968546867370603 -0.14985086023807523 0.10630556195974351 -0.66440305113792408 -1.7780448794364927
decision_type=2 2 2 2 2 2
left_child=2 4 -1 -3 -2 -4
right_child=1 3 5 -5 -6 -7
leaf_value=-0.0036015725986967111 -0.0021380443916093022 -0.00024850217797639274 0.0097245243162225551 0.007802110562109171 -0.012813738869152361 0.001173682547432203
leaf_weight=38.86300403624773 171.10218471288681 1771.0467825308442 64.311912633478642 39.590621739625931 30.807119719684124 59.658155158162117
leaf_count=118 524 4993 174 123 88 155
internal_value=-0.00015413 -0.000541075 0.00383622 0 -0.00504537 0.00676103
internal_weight=2175.38 2012.55 162.833 1810.64 201.909 123.97
internal_count=6175 5728 447 5116 612 329
is_linear=0
shrinkage=0.03


Tree=91
num_leaves=7
num_cat=0
split_feature=1 3 1 2 1 1
split_gain=2.46274 3.34817 3.78745 3.59426 2.66935 2.3036
threshold=0.24198099225759509 0.31074088811874395 -0.094404038041830049 -0.099945589900016771 0.28384613990783697 0.7973773479461671
decision_type=2 2 2 2 2 2
left_child=1 3 -3 -1 -2 -6
right_child=4 2 -4 -5 5 -7
leaf_value=-0.00036775249126300678 -0.0066415889239505978 -0.0054271826916445724 0.0010291201555766365 0.0024320155257553135 0.00038466851050962379 -0.0067677391832098787
leaf_weight=703.09403755515814 69.364147756248713 143.12003971263766 128.27427334710956 866.84810110554099 274.55564713664353 25.556609191000462
leaf_count=1826 224 509 438 2255 896 93
internal_value=0.000111928 0.000590016 -0.00230852 0.00115156 -0.00202459 -0.000421755
internal_weight=2210.81 1841.34 271.394 1569.94 369.476 300.112
internal_count=6241 5028 947 4081 1213 989
is_linear=0
shrinkage=0.03


Tree=92
num_leaves=7
num_cat=0
split_feature=1 0 0 0 0 3
split_gain=3.85062 6.29689 3.56966 4.87212 4.44396 1.55937
threshold=0.37418296933174139 -0.8764478564262389 -0.47634746134281153 -1.4727239012718198 -0.25678320229053492 0.042826648801565177
decision_type=2 2 2 2 2 2
left_child=2 5 3 -1 -4 -2
right_child=1 -3 4 -5 -6 -7
leaf_value=-0.0004248257305862466 -0.0087929133446391604 0.0037413439799716471 -0.0083028936143514937 0.0026194951912247117 0.00033602018504190408 -0.00020142974845042012
leaf_weight=1063.8382164314389 98.828402973711491 48.401537798345089 70.227047726511955 789.92261470109224 98.510965645313263 41.479219656437635
leaf_count=3122 339 147 194 1992 288 183
internal_value=1.36718e-05 -0.0038394 0.000436633 0.000854509 -0.00344034 -0.0069693
internal_weight=2211.21 188.709 2022.5 1853.76 168.738 140.308
internal_count=6265 669 5596 5114 482 522
is_linear=0
shrinkage=0.03


Tree=93
num_leaves=7
num_cat=0
split_feature=0 0 3 1 0 3
split_gain=3.39806 7.67038 8.86237 5.64242 5.31632 4.15797
threshold=-1.5507343411445615 -2.3253427743911739 -1.1412618160247801 0.10518799722194673 -1.4275178313255308 -0.56818056106567372
decision_type=2 2 2 2 2 2
left_child=1 2 -1 -3 -2 -6
right_child=4 3 -4 -5 5 -7
leaf_value=-0.0023795420707561255 0.0065078665070090382 -0.0040694169787319134 0.0068745128166731138 0.001452674864464746 0.0025863551710336866 -0.0012383089863392427
leaf_weight=135.90709283575416 164.95382435247302 495.86677668988705 198.79315792769194 213.8703273050487 532.06776829436421 436.69107621535659
leaf_count=375 412 1515 605 731 1340 1218
internal_value=0.000654888 -0.000532141 0.0030254 -0.00232898 0.00179072 0.00081144
internal_weight=2178.15 1044.44 334.7 709.737 1133.71 968.759
internal_count=6196 3226 980 2246 2970 2558
is_linear=0
shrinkage=0.03


Tree=94
num_leaves=7
num_cat=0
split_feature=1 1 0 0 1 1
split_gain=5.4663 5.23609 3.35974 2.5153 0.997623 1.44857
threshold=0.24198099225759509 0.089220941066741957 -2.5054250955581661 -0.75256383419036854 0.27854505181312567 0.7973773479461671
decision_type=2 2 2 2 2 2
left_child=1 2 -1 -3 -2 -6
right_child=4 3 -4 -5 5 -7
leaf_value=0.004760829126968371 -0.0068332123782504257 0.0047549872019745911 -0.00059625917164933746 -0.0012040438871887074 -0.0008753894907357531 -0.0072476196748560819
leaf_weight=93.275336593389511 60.629275232553482 315.1265830732882 1358.0964549407363 51.57218424975872 271.26732663437724 25.602048013359308
leaf_count=261 192 870 3746 138 901 95
internal_value=-1.43503e-05 0.000633778 -0.000151164 0.00374283 -0.00332832 -0.00203705
internal_weight=2175.57 1818.07 1451.37 366.699 357.499 296.869
internal_count=6203 5015 4007 1008 1188 996
is_linear=0
shrinkage=0.03


Tree=95
num_leaves=6
num_cat=0
split_feature=0 2 0 3 2
split_gain=3.98017 4.21362 3.52053 1.02428 0.535478
threshold=0.067015334963798537 0.54738095402717601 -0.43518136441707606 -1.08458536863327 0.10589841380715372
decision_type=2 2 2 2 2
left_child=1 2 -1 -3 -2
right_child=4 3 -4 -5 -6
leaf_value=0.00028640613068336204 0.00040604437383459771 0 -0.0048748955102231664 -0.0079837366256522331 0.0089341835435744772
leaf_weight=1911.7637867517769 29.10807229578495 27.32506163045764 106.66016740351915 57.736464142799377 27.921468064188957
leaf_count=5379 83 74 305 222 86
internal_value=-6.74362e-05 -0.000336769 -2.05359e-06 -0.00619579 0.0065959
internal_weight=2160.52 2103.49 2018.42 85.0615 57.0295
internal_count=6149 5980 5684 296 169
is_linear=0
shrinkage=0.03


Tree=96
num_leaves=7
num_cat=0
split_feature=0 2 1 2 1 1
split_gain=4.81751 5.04251 7.93833 7.07316 2.94543 3.93373
threshold=-1.3306868076324461 -0.12811623513698575 -0.4292884618043899 0.10294984281063081 -0.050178356468677514 -0.13353268057107923
decision_type=2 2 2 2 2 2
left_child=4 2 -2 -3 5 -1
right_child=1 3 -4 -5 -6 -7
leaf_value=-0.0015048407722647111 -0.0048714464751566612 -0.0033972911378046429 0.0068103684355595483 0.0029409728281796139 -0.0029267318296253833 0.0037093177217372071
leaf_weight=455.54921786859632 44.782753840088844 306.26150986552238 227.31614817678928 284.97344898059964 685.79515784233809 159.04236191511154
leaf_count=1316 133 774 583 809 2122 441
internal_value=-0.000439586 0.00124216 0.00448043 -0.000247837 -0.00160345 0
internal_weight=2163.72 863.334 272.099 591.235 1300.39 614.592
internal_count=6178 2299 716 1583 3879 1757
is_linear=0
shrinkage=0.03


Tree=97
num_leaves=7
num_cat=0
split_feature=0 1 1 0 0 1
split_gain=2.86055 3.73273 4.35695 2.79178 4.68156 2.8561
threshold=-1.4727239012718198 -0.45097063481807703 -0.62800332903861988 -0.7974165380001067 0.067015334963798537 -0.36149463057518
decision_type=2 2 2 2 2 2
left_child=1 2 -1 5 -5 -2
right_child=3 -3 -4 4 -6 -7
leaf_value=-0.0024972012605308938 -0.0030630584346374454 -0.0017065075197996537 0.0089497917295981479 -0.0027305195196610744 0.0054945574321770829 0.0027561197643455114
leaf_weight=30.001903042197227 59.765890307724476 1052.4395899940282 47.753996796905994 295.73101288080215 55.126992210745811 631.2666054405272
leaf_count=93 171 3225 138 827 168 1578
internal_value=-0.000112808 -0.0011725 0.00431196 0.000980629 -0.00104978 0.00209645
internal_weight=2172.09 1130.2 77.7559 1041.89 350.858 691.032
internal_count=6200 3456 231 2744 995 1749
is_linear=0
shrinkage=0.03


Tree=98
num_leaves=7
num_cat=0
split_feature=2 5 0 0 3 3
split_gain=2.74886 4.59462 10.6293 4.51641 5.20249 3.79467
threshold=0.020620883442461494 1.0000000180025095e-35 -1.565156042575836 -2.4348007440567012 1.485008776187897 -1.869409918785095
decision_type=2 2 2 2 2 2
left_child=3 5 -3 -1 -5 -2
right_child=1 2 -4 4 -6 -7
leaf_value=0.0059513601229680222 0.0051715169250762787 -0.01150190188720992 0.0019698292396550573 0.0007611554273717258 -0.0087152612531031497 -0.0009173943911841572
leaf_weight=126.91659066826105 86.427735839039087 90.117782704532146 79.46610277146101 1100.3819676935673 34.265058103948832 656.04230242595077
leaf_count=329 220 428 265 2959 113 1907
internal_value=5.18627e-05 -0.0011592 -0.00533079 0.000978652 0.000277012 -1.2859e-05
internal_weight=2173.62 912.054 169.584 1261.56 1134.65 742.47
internal_count=6221 2820 693 3401 3072 2127
is_linear=0
shrinkage=0.03


Tree=99
num_leaves=7
num_cat=0
split_feature=1 3 3 3 3 3
split_gain=3.8483 3.72622 3.7097 7.203 3.66894 3.04673
threshold=0.19219981878995898 -0.68411257863044728 -0.49475124478340143 -1.5406463742256162 -0.4164182692766189 -1.6508999466896055
decision_type=2 2 2 2 2 2
left_child=2 5 3 -1 -4 -2
right_child=1 -3 4 -5 -6 -7
leaf_value=-0.0019029632336430512 0 0.00024312333933052552 -0.0079217071753171619 0.0033968608109489224 -0.0002225057422438829 -0.0070024334928183839
leaf_weight=302.84824866987765 80.01339365914464 213.14658320695162 43.750025428831577 727.18145392090082 622.62075838446617 160.402498614043
leaf_count=910 215 778 109 1803 1874 505
internal_value=0 -0.00241591 0.000638375 0.00177491 -0.00103151 -0.00484135
internal_weight=2149.96 453.562 1696.4 1030.03 666.371 240.416
internal_count=6194 1498 4696 2713 1983 720
is_linear=0
shrinkage=0.03


Tree=100
num_leaves=7
num_cat=0
split_feature=0 3 7 2 2 2
split_gain=4.56684 4.00116 4.57636 3.5531 2.53711 3.77781
threshold=-1.5507343411445615 0.25578932464122778 1.0000000180025095e-35 -0.25362642109394068 -0.37741261720657343 -0.12811623513698575
decision_type=2 2 2 2 2 2
left_child=1 2 -1 -3 -2 -6
right_child=4 3 -4 -5 5 -7
leaf_value=-0.00087165808003136205 -0.0019075122016477706 0.0011411746795920474 0.0041742328194907729 -0.0074140033492230114 0.005561096418166947 0.0013255218760097455
leaf_weight=703.74462360516191 94.259574979543686 42.66920169070363 186.68279174156487 107.40799976885319 278.3908976316452 738.31413089483976
leaf_count=2071 272 165 519 502 702 1974
internal_value=0.000831413 -0.000548043 0.000188795 -0.00478069 0.00216328 0.00262808
internal_weight=2151.47 1040.5 890.427 150.077 1110.96 1016.71
internal_count=6205 3257 2590 667 2948 2676
is_linear=0
shrinkage=0.03


Tree=101
num_leaves=7
num_cat=0
split_feature=2 0 3 0 3 0
split_gain=4.71912 6.08631 8.50094 5.51497 6.13592 4.33466
threshold=0.23561993986368182 -0.25678320229053492 -1.2025760412216184 -1.4727239012718198 -1.1523949503898618 -1.2502368688583372
decision_type=2 2 2 2 2 2
left_child=3 2 -2 4 -1 -5
right_child=1 -3 -4 5 -6 -7
leaf_value=-0.0048081538169040686 0.0014113864094261904 0.00676679509467157 -0.0079192646022170268 0.0052274613524431659 0.00013898721717204351 0.00034334543802582953
leaf_weight=313.00415211543441 111.46941184997559 24.267445288598537 233.20285541564226 221.58981294184923 628.86664627492428 613.37442913651466
leaf_count=972 293 81 861 544 1831 1631
internal_value=-0.00060517 -0.00359973 -0.00482523 1.63714e-05 -0.00150847 0.00180167
internal_weight=2145.77 368.94 344.672 1776.84 941.871 834.964
internal_count=6213 1235 1154 4978 2803 2175
is_linear=0
shrinkage=0.03


Tree=102
num_leaves=7
num_cat=0
split_feature=2 2 1 2 4 0
split_gain=2.20578 11.4987 6.43506 4.98072 3.98364 2.2946
threshold=-0.024200193583965298 -0.060778530314564698 -0.050178356468677514 0.052666004747152335 1.0000000180025095e-35 -1.057455778121948
decision_type=2 2 2 2 2 2
left_child=1 2 -1 5 -5 -2
right_child=3 -3 -4 4 -6 -7
leaf_value=0.0011406260925770348 -0.0018944413715521068 0.008257415696710884 -0.0043728639374171971 -0.0010816091369627429 0.0034183344220541376 -0.0088908211042272624
leaf_weight=726.25121670216322 184.67047367617488 147.57410885766149 234.24695952236652 560.04001893103123 231.939587675035 64.09908103197813
leaf_count=2037 502 374 645 1855 648 173
internal_value=4.68118e-05 0.000995624 -0.000204584 -0.000906538 0.000214091 -0.00444785
internal_weight=2148.82 1108.07 960.498 1040.75 791.98 248.77
internal_count=6234 3056 2682 3178 2503 675
is_linear=0
shrinkage=0.03


Tree=103
num_leaves=7
num_cat=0
split_feature=2 3 3 0 0 3
split_gain=4.89307 4.7505 5.44587 4.66229 2.90907 2.78801
threshold=-0.021512132138013836 -0.1644756346940994 -1.5335924029350279 0.10630556195974351 -2.4991325139999385 1.1078833341598513
decision_type=2 2 2 2 2 2
left_child=1 2 -1 5 -3 -2
right_child=3 4 -4 -5 -6 -7
leaf_value=-0.001471953107825715 -0.0024642835141758645 0.0048116468689212181 0.0039831522436485148 0.0072506867300128116 -0.0027438334475552873 0.0034352015818724705
leaf_weight=195.41117123514414 952.03791673853993 30.307769794017076 584.1756608299911 29.280152030289173 292.92083867639303 52.475963693112135
leaf_count=613 2878 83 1427 93 910 205
internal_value=-9.09685e-05 0.00125836 0.00253812 -0.00158389 -0.00162148 -0.00203649
internal_weight=2136.61 1102.82 779.587 1033.79 323.229 1004.51
internal_count=6209 3033 2040 3176 993 3083
is_linear=0
shrinkage=0.03


Tree=104
num_leaves=7
num_cat=0
split_feature=1 4 1 0 0 0
split_gain=2.91528 5.90629 2.94621 3.50004 2.70862 1.60652
threshold=0.19219981878995898 1.0000000180025095e-35 -0.69394648075103749 -2.5676299333572383 -2.2115117311477657 -1.6592100858688352
decision_type=2 2 2 2 2 2
left_child=2 4 -1 -4 -2 -3
right_child=1 5 3 -5 -6 -7
leaf_value=-0.0066358040215026125 -0.010415011062599483 0 0.0075768954033679226 0.00035474569579305556 -0.0025817879099357057 0.005535090404095314
leaf_weight=30.159637048840523 47.155449274927378 78.923561494797468 44.520260587334633 1604.8656492084265 260.84609501063824 57.680687036365271
leaf_count=101 192 223 121 4521 918 160
internal_value=-0.000116419 -0.00224286 0.000430955 0.000674067 -0.00452592 0.00244222
internal_weight=2124.15 444.606 1679.55 1649.39 308.002 136.604
internal_count=6236 1493 4743 4642 1110 383
is_linear=0
shrinkage=0.03


Tree=105
num_leaves=7
num_cat=0
split_feature=1 0 0 1 3 3
split_gain=4.26112 6.90637 3.86247 4.05324 3.62431 0.793071
threshold=0.4068600088357926 -0.89961132407188404 -2.5589524507522579 -0.36149463057518 -0.39249129593372339 -0.40145954489707941
decision_type=2 2 2 2 2 2
left_child=2 5 4 -4 -1 -2
right_child=1 -3 3 -5 -6 -7
leaf_value=0.011854788563268983 -0.010004080082688594 0.0043453397540649868 -0.0033433190456294238 0.00082105409958615995 0 -0.0017035790211881391
leaf_weight=31.790066570043564 68.378694180399179 38.218519054353237 217.50859628990293 1680.4149983562529 28.90435054153204 45.599787179380655
leaf_count=86 233 124 634 4814 83 195
internal_value=0.000172914 -0.00431438 0.000592015 0.000282632 0.00705507 -0.00788113
internal_weight=2110.82 152.197 1958.62 1897.92 60.6944 113.978
internal_count=6169 552 5617 5448 169 428
is_linear=0
shrinkage=0.03


Tree=106
num_leaves=7
num_cat=0
split_feature=3 3 3 0 3 0
split_gain=5.13626 3.91747 3.30699 7.69331 3.81472 1.69158
threshold=0.64464426040649425 1.036811411380768 -1.5406463742256162 -0.96711379289627064 -1.2276461720466612 -0.64240303635597218
decision_type=2 2 2 2 2 2
left_child=2 -2 3 -1 -4 -3
right_child=1 5 4 -5 -6 -7
leaf_value=0.00056801701902599669 -0.0088417260836233177 -0.0025042455773077363 0.0046427790353833487 -0.0083782629535807777 0.00053434031371857077 0.0037782474600867896
leaf_weight=306.20085830241442 75.030573539435863 106.55944670364261 237.2100798971951 94.348366647958755 1258.7876799628139 32.550040945410728
leaf_count=933 312 400 638 265 3566 103
internal_value=6.857e-05 -0.00409423 0.00060772 -0.00169481 0.00127802 -0.000366973
internal_weight=2110.69 214.14 1896.55 400.549 1496 139.109
internal_count=6217 815 5402 1198 4204 503
is_linear=0
shrinkage=0.03


Tree=107
num_leaves=7
num_cat=0
split_feature=1 2 1 0 0 3
split_gain=3.79403 3.43398 2.06876 2.13484 1.68653 0.0200707
threshold=0.4068600088357926 0.43971975147724157 -0.69394648075103749 -2.6151149272918697 -1.6825179457664488 -0.63443714380264271
decision_type=2 2 2 2 2 2
left_child=2 5 -1 -4 -3 -2
right_child=1 4 3 -5 -6 -7
leaf_value=-0.0052079422474416428 -0.0099588909375874501 -0.003741249970327118 0.0070008241485481452 0.00062354416404471473 0.0032499404277135401 -0.0011637273858916442
leaf_weight=30.420307472348213 38.14269756898284 36.104852046817541 31.288429655134678 1897.1697638072073 49.358934998512268 23.847043376415968
leaf_count=102 124 145 82 5462 167 108
internal_value=0.000262124 -0.0040283 0.000652852 0.000828605 0 -0.00841645
internal_weight=2106.33 147.454 1958.88 1928.46 85.4638 61.9897
internal_count=6190 544 5646 5544 312 232
is_linear=0
shrinkage=0.03


Tree=108
num_leaves=7
num_cat=0
split_feature=0 3 3 0 3 3
split_gain=3.6069 4.0485 8.12124 3.41519 2.74918 2.59395
threshold=-1.2054114937782285 -0.48363000154495234 -1.5861303210258482 -1.2502368688583372 -0.14114062488079068 -1.1523949503898618
decision_type=2 2 2 2 2 2
left_child=3 2 -2 5 -3 -1
right_child=1 4 -4 -5 -6 -7
leaf_value=-0.0020807858630609885 -0.0021545881549995872 -0.0047065821638098788 0.0066620780580498402 -0.0071878634529731235 0.001109485961514873 0.00062641320680242006
leaf_weight=459.47929723188281 114.07240225747228 81.548783905804157 272.42915186285973 49.263539012521505 220.35021565109491 890.24315972998738
leaf_count=1366 321 219 706 123 662 2755
internal_value=0.000191076 0.00195939 0.00393434 -0.000652129 -0.000469969 -0.000268306
internal_weight=2087.39 688.401 386.502 1398.99 301.899 1349.72
internal_count=6152 1908 1027 4244 881 4121
is_linear=0
shrinkage=0.03


Tree=109
num_leaves=7
num_cat=0
split_feature=3 3 3 0 0 3
split_gain=3.63315 3.92225 4.22545 2.44753 5.45866 3.66286
threshold=0.59431850910186779 1.036811411380768 1.6745452880859377 -1.9404410123825071 -2.0639964342117305 0.36982092261314398
decision_type=2 2 2 2 2 2
left_child=3 -2 -3 4 -1 -5
right_child=1 2 -4 5 -6 -7
leaf_value=0.00031630300624410602 -0.0074155970035080813 0.003899506167109166 -0.0053912062187449743 0.00092288702151769274 -0.0070045066666718832 0.0080277102975307244
leaf_weight=496.69428521767259 90.590794954448938 87.517047673463821 54.590798374265432 1244.5642135860398 88.859758473932743 53.226752791553736
leaf_count=1476 378 328 191 3407 281 178
internal_value=0.000165188 -0.00317757 0 0.000638779 -0.000890221 0.00137722
internal_weight=2116.04 232.699 142.108 1883.35 585.554 1297.79
internal_count=6239 897 519 5342 1757 3585
is_linear=0
shrinkage=0.03


Tree=110
num_leaves=7
num_cat=0
split_feature=3 0 2 2 0 3
split_gain=6.5554 7.97649 5.93219 5.37259 7.38368 4.78812
threshold=-1.5406463742256162 -0.96711379289627064 -0.21214929223060605 0.15085061639547351 -0.63103443384170521 -0.19775586575269696
decision_type=2 2 2 2 2 2
left_child=1 2 -1 5 -5 -2
right_child=3 -3 -4 4 -6 -7
leaf_value=-0.0075679427643206877 0.0033820918930102611 -0.010366930633420614 0.0015700883966818929 -0.0034236504959365222 0.0066905845590090754 -0.00027666528766654542
leaf_weight=63.43561664223671 805.45903873443604 85.335661627352238 240.39960277080536 378.13685915246606 55.534943174570799 476.33403074741364
leaf_count=230 2049 255 702 1323 178 1491
internal_value=0.000170457 -0.00321282 -0.000502063 0.00100074 -0.00175834 0.00199299
internal_weight=2104.64 389.171 303.835 1715.46 433.672 1281.79
internal_count=6228 1187 932 5041 1501 3540
is_linear=0
shrinkage=0.03


Tree=111
num_leaves=5
num_cat=0
split_feature=1 1 1 0
split_gain=2.70686 5.55775 2.35084 1.07998
threshold=-0.69394648075103749 -0.47284498810768122 0.37418296933174139 -1.5246713757514951
decision_type=2 2 2 2
left_child=-1 3 -3 -2
right_child=1 2 -4 -5
leaf_value=-0.0069463111978355502 0.0091352651373416121 0.00017873026975144432 -0.0032509712950897353 0.00026255373194205379
leaf_weight=28.753392234444618 52.167958755046129 1824.7832727581263 177.59921099245548 34.286161921918392
leaf_count=101 150 5243 664 106
internal_value=1.03853e-05 0.000199568 -0.000124937 0.00689054
internal_weight=2117.59 2088.84 2002.38 86.4541
internal_count=6264 6163 5907 256
is_linear=0
shrinkage=0.03


Tree=112
num_leaves=7
num_cat=0
split_feature=2 2 0 0 3 0
split_gain=4.33021 3.92204 3.5413 1.96698 6.06329 5.54426
threshold=0.023950153030455116 0.052666004747152335 -2.5120072364807124 -1.9404410123825071 -1.1523949503898618 -1.7908670306205747
decision_type=2 2 2 2 2 2
left_child=3 -2 -3 4 -1 -5
right_child=1 2 -4 5 -6 -7
leaf_value=-0.0056783125200450396 -0.0074161657416209857 -0.0075475657157717535 -0.00026704185336341794 0.0083953660192235009 0.0017303521727643628 0.00075462906835704706
leaf_weight=129.34159630909562 83.562708843499422 48.248621605336666 728.08124970272183 81.426642660051584 264.70029743388295 769.61785965692252
leaf_count=419 255 156 2372 248 729 2076
internal_value=-0.000183961 -0.00182172 -0.000973064 0.000910614 -0.000713398 0.00173055
internal_weight=2104.98 859.893 776.33 1245.09 394.042 851.045
internal_count=6255 2783 2528 3472 1148 2324
is_linear=0
shrinkage=0.03


Tree=113
num_leaves=7
num_cat=0
split_feature=0 0 6 0 2 2
split_gain=3.21841 6.10625 4.02393 3.72518 6.5694 4.91251
threshold=-1.4727239012718198 -1.4275178313255308 1.0000000180025095e-35 -1.8076238632202146 0.10589841380715372 0.071439381688833251
decision_type=2 2 2 2 2 2
left_child=3 -2 -3 4 -1 -5
right_child=1 2 -4 5 -6 -7
leaf_value=0.0013247978671967369 0.0083641999189456029 0.0011313389835186901 -0.0031189818753919575 -0.0063957250902698399 -0.0046525041184329848 0.00073359563297843266
leaf_weight=534.18960480391979 63.964803136885166 682.11858909577131 259.93755273520947 244.04510439932346 213.31971494108438 103.13218831643462
leaf_count=1602 165 1865 738 684 808 367
internal_value=-0.000568796 0.000607699 -1.9527e-05 -0.00169533 -0.000379581 -0.00418989
internal_weight=2100.71 1006.02 942.056 1094.69 747.509 347.177
internal_count=6229 2768 2603 3461 2410 1051
is_linear=0
shrinkage=0.03


Tree=114
num_leaves=5
num_cat=0
split_feature=0 2 3 0
split_gain=2.53774 4.47243 6.34916 3.88828
threshold=0.18499656766653064 0.19001768529415133 -1.2493835091590879 -1.4727239012718198
decision_type=2 2 2 2
left_child=1 3 -3 -1
right_child=-2 2 -4 -5
leaf_value=-0.00063416576081000854 0.0065648694712147791 0.0021333932423698038 -0.00519427259947254 0.0022515004338699838
leaf_weight=887.31280745752156 33.305610470473766 134.55753401294351 289.60081142559648 733.93142115324736
leaf_count=2677 111 353 1087 1938
internal_value=9.22546e-05 -4.66392e-05 -0.00274321 0.000647125
internal_weight=2078.71 2045.4 424.158 1621.24
internal_count=6166 6055 1440 4615
is_linear=0
shrinkage=0.03


Tree=115
num_leaves=7
num_cat=0
split_feature=3 2 1 3 2 4
split_gain=5.86977 3.29293 4.64412 4.5498 2.75925 1.99349
threshold=0.32436768710613256 -0.36976766586303705 -0.057370424270629876 -1.1611097455024717 -0.20248111337423322 1.0000000180025095e-35
decision_type=2 2 2 2 2 2
left_child=1 3 -3 -1 -2 -6
right_child=4 2 -4 -5 5 -7
leaf_value=-0.0091394916549638154 0.00021277093044192648 0.0031238159458700562 -7.7002977846132251e-05 0.00022533218288928056 -0.0067016281269658643 0
leaf_weight=48.81946774572134 90.490382462739944 644.13876648060977 965.22957034036517 107.05347445607185 170.49927919916809 48.801657967269421
leaf_count=172 317 1716 2811 288 727 148
internal_value=4.29221e-05 0.000749723 0.0011899 -0.00307236 -0.00360383 -0.00531557
internal_weight=2075.03 1765.24 1609.37 155.873 309.791 219.301
internal_count=6179 4987 4527 460 1192 875
is_linear=0
shrinkage=0.03


Tree=116
num_leaves=7
num_cat=0
split_feature=3 3 7 4 1 1
split_gain=3.07132 5.26436 9.23489 5.35718 1.42849 2.3054
threshold=-1.8268567919731138 -1.6059857010841367 1.0000000180025095e-35 1.0000000180025095e-35 -0.17537417262792585 0.25376586616039282
decision_type=2 2 2 2 2 2
left_child=4 2 -2 -3 -1 -6
right_child=1 3 -4 -5 5 -7
leaf_value=-0.00026144415559363373 -0.011861081366070846 -0.0008544619351924706 0.0025900145888097348 0.0030257668967916163 0.0062120036435088441 -0.00060554277326053409
leaf_weight=47.046651303768158 71.432164289057255 1332.6565149929374 50.07559060677886 398.92945869639516 130.65414272993803 37.486011061817408
leaf_count=157 248 4093 145 1092 370 98
internal_value=0 -0.000390369 -0.00595718 2.95671e-05 0.00324646 0.00447036
internal_weight=2068.28 1853.09 121.508 1731.59 215.187 168.14
internal_count=6203 5578 393 5185 625 468
is_linear=0
shrinkage=0.03


Tree=117
num_leaves=7
num_cat=0
split_feature=2 2 3 2 2 2
split_gain=1.82222 5.84631 6.33416 5.82627 3.12211 2.07771
threshold=0.020620883442461494 -0.058312207460403435 -1.4848651289939878 0.052666004747152335 -0.041381200775504105 0.18577652424573901
decision_type=2 2 2 2 2 2
left_child=1 2 -1 -2 -3 -5
right_child=3 4 -4 5 -6 -7
leaf_value=-0.0048879267824984514 -0.0070185574681049887 0.0099672477446841289 0.0011321901825106816 0.0020220181702119738 0.0021775709524719752 -0.0010489685762597953
leaf_weight=176.89716343954206 94.515937317162752 64.557854674756527 757.78869649395347 318.04045952484012 211.13643509149551 444.81455196067691
leaf_count=597 289 172 2107 977 564 1539
internal_value=0.000314464 0.00107634 -2.28496e-05 -0.000692738 0.00475533 0.000173657
internal_weight=2067.75 1210.38 934.686 857.371 275.694 762.855
internal_count=6245 3440 2704 2805 736 2516
is_linear=0
shrinkage=0.03


Tree=118
num_leaves=7
num_cat=0
split_feature=3 3 1 0 0 0
split_gain=2.57522 3.16412 4.91335 4.61677 2.1045 1.34835
threshold=0.57246729731559765 -1.5968546867370603 -0.17783213406801221 -0.96711379289627064 -2.2936134338378902 -0.25678320229053492
decision_type=2 2 2 2 2 2
left_child=1 3 -3 -1 -2 -6
right_child=4 2 -4 -5 5 -7
leaf_value=-0.00014082853751779263 0.0023063403928355953 0.0033976512743908558 -0.00032709073784727833 -0.0080837598491989363 -0.0051961943862122197 0.00032325440086796689
leaf_weight=267.74483233410865 27.363943614065647 418.50510258600116 1076.5319553297013 75.640769988298416 177.11029519699514 22.535165324807167
leaf_count=815 123 1125 3119 234 699 72
internal_value=-0.000279882 7.4021e-05 0.00070706 -0.00240422 -0.00316278 -0.00432731
internal_weight=2065.43 1838.42 1495.04 343.386 227.009 199.645
internal_count=6187 5293 4244 1049 894 771
is_linear=0
shrinkage=0.03


Tree=119
num_leaves=7
num_cat=0
split_feature=3 3 3 3 0 0
split_gain=2.04118 2.44038 2.15353 3.68002 1.61499 1.34019
threshold=0.3401078879833222 1.2478365898132326 1.0000000180025095e-35 -0.19775586575269696 -0.64240303635597218 -1.4954501986503599
decision_type=2 2 2 2 2 2
left_child=2 -2 3 -1 -3 -4
right_child=1 4 5 -5 -6 -7
leaf_value=0.00098243201572370629 -0.0034788476473836516 -0.00017900161532760287 0.00034529497324628945 -0.0038356663664191339 0.0066513799895947124 0.0060513996686479311
leaf_weight=1428.9253874029964 203.6241544932127 66.265697054564953 94.101979248225689 135.34474893659353 20.983849175274372 96.24535671249032
leaf_count=4052 809 264 298 392 68 269
internal_value=0.000508193 -0.00167527 0.00091877 0.000484526 0.00183831 0.00381676
internal_weight=2045.49 290.874 1754.62 1564.27 87.2495 190.347
internal_count=6152 1141 5011 4444 332 567
is_linear=0
shrinkage=0.03


Tree=120
num_leaves=7
num_cat=0
split_feature=2 0 5 0 2 0
split_gain=2.56734 3.42532 8.24835 6.56836 2.83214 5.2789
threshold=0.020620883442461494 -1.112368047237396 1.0000000180025095e-35 -0.94385787844657887 -0.060778530314564698 -0.73919138312339772
decision_type=2 2 2 2 2 2
left_child=4 2 -2 -3 -1 -6
right_child=1 3 -4 -5 5 -7
leaf_value=0 -0.00055183725161493842 0.0086786877442340329 -0.0090515790113958761 -0.0011916034028040345 0.0050288938846770248 -0.0047364558655755328
leaf_weight=909.87468135543168 469.31625178456306 60.345407273620367 119.78529634140432 207.96169044822454 246.92788553982973 38.449869111180305
leaf_count=2639 1452 179 550 622 655 110
internal_value=-7.11308e-05 -0.00133307 -0.0026191 0.00126828 0.000791784 0.00329267
internal_weight=2052.66 857.409 589.102 268.307 1195.25 285.378
internal_count=6207 2803 2002 801 3404 765
is_linear=0
shrinkage=0.03


Tree=121
num_leaves=5
num_cat=0
split_feature=0 0 1 1
split_gain=2.03434 3.3498 3.89599 2.28711
threshold=0.18499656766653064 -0.66440305113792408 0.4068600088357926 -0.071726404130458818
decision_type=2 2 2 2
left_child=1 2 -1 -3
right_child=-2 3 -4 -5
leaf_value=0.00099019365439894074 0.0059478421948400131 0 -0.0041251033985166387 -0.0055010772019465264
leaf_weight=1680.9540627710521 35.946328572928905 98.32273032143712 122.63156525790691 128.8331276923418
leaf_count=4960 122 281 468 381
internal_value=0.000283324 9.67693e-05 0.000568059 -0.00314561
internal_weight=2066.69 2030.74 1803.59 227.156
internal_count=6212 6090 5428 662
is_linear=0
shrinkage=0.03


Tree=122
num_leaves=7
num_cat=0
split_feature=2 0 2 0 4 0
split_gain=1.73578 5.77486 5.46016 4.92995 4.38481 2.53436
threshold=-0.38412505388259882 -2.4126070737838741 -0.25362642109394068 -1.9870640039443968 1.0000000180025095e-35 -1.5507343411445615
decision_type=2 2 2 2 2 2
left_child=1 -1 3 -2 -3 -4
right_child=2 4 5 -5 -6 -7
leaf_value=0.006135192036173495 -0.0020157031529390063 -0.0081592357935599807 -0.0020312241653836424 0.0068686153130039932 0.0016900346918280176 0.00024796032491685458
leaf_weight=26.04627638682723 59.712539091706276 119.38276672363281 784.07292235642672 149.57424644380808 36.235653407871723 871.35675337538123
leaf_count=72 179 409 2614 400 110 2419
internal_value=-0.00050711 -0.00317217 -0.000184732 0.00411739 -0.0055929 -0.000807095
internal_weight=2046.38 181.665 1864.72 209.287 155.618 1655.43
internal_count=6203 591 5612 579 519 5033
is_linear=0
shrinkage=0.03


Tree=123
num_leaves=5
num_cat=0
split_feature=1 1 3 1
split_gain=1.86608 3.17766 4.3333 4.20596
threshold=-0.69394648075103749 -0.24056517332792279 -0.49475124478340143 0.045893959701061256
decision_type=2 2 2 2
left_child=-1 2 -2 -3
right_child=1 3 -4 -5
leaf_value=-0.0054917926593000214 0.0054985997172961156 -0.0016274741485144992 -0.00047196317625352203 0.0013657969091858588
leaf_weight=27.645247526466846 215.50190574675798 822.40196387749165 167.42927932739258 821.54298331961036
leaf_count=95 597 2388 545 2596
internal_value=0.000290767 0.00045184 0.00284533 -9.7125e-05
internal_weight=2054.52 2026.88 382.931 1643.94
internal_count=6221 6126 1142 4984
is_linear=0
shrinkage=0.03


Tree=124
num_leaves=7
num_cat=0
split_feature=2 5 7 2 0 0
split_gain=2.2202 5.15066 3.50994 9.26422 6.25453 2.51361
threshold=-0.27681820094585413 1.0000000180025095e-35 1.0000000180025095e-35 0.3349426686763764 -0.25678320229053492 -0.8764478564262389
decision_type=2 2 2 2 2 2
left_child=1 5 4 -4 -2 -1
right_child=2 -3 3 -5 -6 -7
leaf_value=-0.0053002402295946934 -0.00033973374726684762 0.0038637712290904196 0.0048482471997990731 -0.0063385995801563625 0.0086617891739065953 0.00087543737351235067
leaf_weight=195.70905202627182 1187.3397879954427 87.65604230761528 416.2780661098659 56.644420336931944 53.462219148874283 53.634677059948444
leaf_count=617 3730 262 1107 170 166 153
internal_value=0.000575942 -0.0015207 0.00103564 0.0031838 0.000131773 -0.0037827
internal_weight=2050.72 337 1713.72 472.922 1240.8 249.344
internal_count=6205 1032 5173 1277 3896 770
is_linear=0
shrinkage=0.03


Tree=125
num_leaves=7
num_cat=0
split_feature=3 3 7 0 3 5
split_gain=2.10063 2.98297 5.1418 3.42891 2.75807 1.44276
threshold=0.66255709528923046 -0.4164182692766189 1.0000000180025095e-35 -1.0511387586593626 0.99843284487724315 1.0000000180025095e-35
decision_type=2 2 2 2 2 2
left_child=1 2 -1 -3 -2 -6
right_child=4 3 -4 -5 5 -7
leaf_value=-0.0015618421332724407 -0.0070446566277302235 0.0037938276194409478 0.0023683639613921743 -0.00095599521678474343 -0.0018438474713808474 0.0039473950542661222
leaf_weight=863.89056434109807 57.949906684458256 407.94836787879467 429.50803627260029 165.04127372056246 100.72907121106982 36.991386830806732
leaf_count=2521 262 1293 1166 458 355 171
internal_value=0.000222854 0.000567627 -0.000194837 0.00233843 -0.00253521 0
internal_weight=2062.06 1866.39 1293.4 572.99 195.67 137.72
internal_count=6226 5438 3687 1751 788 526
is_linear=0
shrinkage=0.03


Tree=126
num_leaves=7
num_cat=0
split_feature=1 1 3 3 1 1
split_gain=2.7089 3.22318 2.9607 1.64722 0.984204 1.08826
threshold=0.39135168492794042 0.31629779934883123 -0.49475124478340143 -0.66529271006584156 0.45306023955345159 0.7973773479461671
decision_type=2 2 2 2 2 2
left_child=1 2 -1 -3 -2 -6
right_child=4 3 -4 -5 5 -7
leaf_value=0.0012222730962442427 -0.0068919281027097056 3.5661346738837515e-05 -0.0012202400657074363 0.0093578551142425911 0.00023475878284555079 -0.0049040942831813216
leaf_weight=1075.3538926029578 37.044706173241138 44.719865508377552 722.05757813714445 35.363611381500959 95.743582356721163 26.124051004648209
leaf_count=3039 138 133 2269 136 352 99
internal_value=0.000175818 0.000534244 0.00020542 0.00579909 -0.00330985 -0.000979962
internal_weight=2036.41 1877.49 1797.41 80.0835 158.912 121.868
internal_count=6166 5577 5308 269 589 451
is_linear=0
shrinkage=0.03


Tree=127
num_leaves=7
num_cat=0
split_feature=3 3 1 2 2 2
split_gain=2.37097 3.2047 2.52387 2.21107 5.28032 2.04435
threshold=-0.11418782547116278 1.6745452880859377 0.5058819353580476 -0.41723681986331934 -0.18488723784685132 -0.6165323257446288
decision_type=2 2 2 2 2 2
left_child=3 2 -2 5 -5 -1
right_child=1 -3 -4 4 -6 -7
leaf_value=0.00042700447102559405 0.0029300253523433972 -0.004305985257981617 -0.0038743898652259749 0.0029847196169725666 -0.0014337490383304935 -0.0071728395137235345
leaf_weight=24.88898953795433 475.09219631180167 52.165546584874392 29.969110187143087 287.90631460491568 1085.8310237936676 68.71837717294693
leaf_count=81 1608 186 126 770 3146 215
internal_value=-0.000165011 0.00143148 0.0022798 -0.000822718 -0.000435139 -0.00490457
internal_weight=2024.57 557.227 505.061 1467.34 1373.74 93.6074
internal_count=6132 1920 1734 4212 3916 296
is_linear=0
shrinkage=0.03


Tree=128
num_leaves=5
num_cat=0
split_feature=0 1 0 7
split_gain=2.29003 3.0169 3.08257 0.869592
threshold=0.10630556195974351 0.4068600088357926 -0.45672880113124842 1.0000000180025095e-35
decision_type=2 2 2 2
left_child=1 2 -1 -3
right_child=-2 3 -4 -5
leaf_value=0.0002564860694120841 0.0054631863138905508 -0.0057320502751014787 -0.0044339740522350464 0
leaf_weight=1744.210063137114 40.473970875144005 97.284924775362015 115.41989240795374 44.524757862091064
leaf_count=5195 135 405 350 145
internal_value=-0.0002243 -0.000421911 -4.67927e-05 -0.00435645
internal_weight=2041.91 2001.44 1859.63 141.81
internal_count=6230 6095 5545 550
is_linear=0
shrinkage=0.03


Tree=129
num_leaves=6
num_cat=0
split_feature=0 0 0 2 6
split_gain=1.93628 4.35386 8.83863 4.69669 0.101024
threshold=-0.25678320229053492 -0.99528285861015309 -1.1025235056877134 0.078152757138013854 1.0000000180025095e-35
decision_type=2 2 2 2 2
left_child=1 2 -1 -3 -2
right_child=4 3 -4 -5 -6
leaf_value=0.00044591057904621922 0.0053937446730662666 -0.0047919195213890955 0.0091837852920552462 0.0015144661702286609 0.00052863896716246676
leaf_weight=1453.4682090170681 63.053065583109856 243.95258186757565 94.492251634597778 146.18390607833862 41.695555865764618
leaf_count=4527 204 666 261 419 126
internal_value=0.00065731 0.000385756 0.0011279 -0.00232401 0.00433337
internal_weight=2042.85 1938.1 1547.96 390.136 104.749
internal_count=6203 5873 4788 1085 330
is_linear=0
shrinkage=0.03


Tree=130
num_leaves=7
num_cat=0
split_feature=1 3 3 3 3 7
split_gain=2.24652 2.45757 7.48884 5.88313 1.72449 5.20597
threshold=-0.071726404130458818 -0.49475124478340143 -0.36592121422290796 -1.1315851807594297 -1.2025760412216184 1.0000000180025095e-35
decision_type=2 2 2 2 2 2
left_child=1 3 -3 -1 -2 -6
right_child=4 2 -4 -5 5 -7
leaf_value=-0.00010089672507984595 0.00083439876327662027 -0.010275960267738823 0.001122380275062405 0.0060716214840611776 -4.9526540828803487e-05 -0.0058215830928138815
leaf_weight=282.52386452257633 375.5510011985898 40.350891515612602 329.17103261128068 221.57531648129225 600.85058479383588 173.02149311825633
leaf_count=859 1079 107 1066 546 2005 500
internal_value=0.000129012 0.00128463 -0.000431967 0.0026259 -0.000704956 -0.00152977
internal_weight=2023.04 873.621 369.522 504.099 1149.42 773.872
internal_count=6162 2578 1173 1405 3584 2505
is_linear=0
shrinkage=0.03


Tree=131
num_leaves=7
num_cat=0
split_feature=0 0 2 2 3 7
split_gain=3.10398 3.27953 2.70441 1.96554 1.84509 3.06891
threshold=-0.25678320229053492 -0.49949216842651362 -0.060778530314564698 -0.066708210855722413 -0.59830820560455311 1.0000000180025095e-35
decision_type=2 2 2 2 2 2
left_child=1 2 -1 -3 5 -2
right_child=4 3 -4 -5 -6 -7
leaf_value=-0.0012604784877235035 0.012145604783462698 0 0.0010174911957712589 -0.0089611837215571415 0 0
leaf_weight=819.04420735593885 27.983379192650318 35.274996750056744 1043.3638526313007 40.501459889113903 54.021039627492428 24.324132166802883
leaf_count=2387 88 101 3264 120 165 83
internal_value=0 -0.000265347 0 -0.00567951 0.004585 0.00772615
internal_weight=2044.51 1938.18 1862.41 75.7765 106.329 52.3075
internal_count=6208 5872 5651 221 336 171
is_linear=0
shrinkage=0.03


Tree=132
num_leaves=7
num_cat=0
split_feature=1 2 2 0 0 3
split_gain=3.9682 3.9443 5.99221 3.53963 5.85037 5.6345
threshold=-0.27884325385093683 -0.24782244861125943 -0.30467112362384791 -0.95591905713081349 -2.3132040500640865 -0.73962628841400135
decision_type=2 2 2 2 2 2
left_child=3 2 -2 4 -1 -5
right_child=1 -3 -4 5 -6 -7
leaf_value=0.0027228160796625121 0 0.00028939999156663118 0.010493473077742281 0.0096707050684948469 -0.0066424715463107411 -0.0039337847584972694
leaf_weight=59.243428189307451 112.85495851933956 1525.1867889622226 71.658377945423126 30.908381506800652 200.78483178839087 35.04229062050581
leaf_count=172 349 4680 194 84 623 110
internal_value=0.000249345 0.000860016 0.00479378 -0.00264466 -0.0042524 0.00251069
internal_weight=2035.68 1709.7 184.513 325.979 260.028 65.9507
internal_count=6212 5223 543 989 795 194
is_linear=0
shrinkage=0.03


Tree=133
num_leaves=7
num_cat=0
split_feature=0 2 2 0 2 2
split_gain=3.09711 3.04033 5.86794 4.09217 2.62939 9.13607
threshold=-1.9404410123825071 -0.064071726053953157 -0.038521323353052132 -2.0844856500625606 0.081173725426197066 -0.018860349431633946
decision_type=2 2 2 2 2 2
left_child=1 3 -3 -1 5 -2
right_child=4 2 -4 -5 -6 -7
leaf_value=-0.0015537922443236423 0.0013717886788387726 0.0098740002552345236 -0.0012695421373113071 -0.010403170243319953 0.0024808608937581214 -0.0055825885417606236
leaf_weight=231.71453288942575 718.13565481174737 28.629421912133694 315.02982263639569 52.611020684242249 480.93223555013537 200.09808121621609
leaf_count=716 2037 71 1105 180 1511 570
internal_value=-3.17867e-05 -0.0017773 0 -0.00396449 0.000723377 -0.000166431
internal_weight=2027.15 627.985 343.659 284.326 1399.17 918.234
internal_count=6190 2072 1176 896 4118 2607
is_linear=0
shrinkage=0.03


Tree=134
num_leaves=5
num_cat=0
split_feature=0 1 0 5
split_gain=1.97348 3.03017 1.37821 0.798483
threshold=0.18499656766653064 0.37418296933174139 -2.5589524507522579 1.0000000180025095e-35
decision_type=2 2 2 2
left_child=1 2 -1 -3
right_child=-2 3 -4 -5
leaf_value=0.0038887032332003461 0.0057614026927666076 -0.004686141971239715 0 0
leaf_weight=64.955163221806288 31.578899621963501 137.81173867732286 1789.1669323695824 25.374767053872347
leaf_count=189 113 480 5307 136
internal_value=-1.95934e-06 -0.000177303 0.000153748 -0.00387235
internal_weight=2048.89 2017.31 1854.12 163.187
internal_count=6225 6112 5496 616
is_linear=0
shrinkage=0.03


Tree=135
num_leaves=5
num_cat=0
split_feature=2 0 2 0
split_gain=4.45638 1.65124 1.57905 1.31896
threshold=0.49394783377647405 -2.5676299333572383 -0.37741261720657343 -0.7974165380001067
decision_type=2 2 2 2
left_child=1 -1 -3 -2
right_child=3 2 -4 -5
leaf_value=0.0042635738815013082 -0.0073476016926118312 -0.0028236174730678406 0 0
leaf_weight=52.879682928323746 85.9140884578228 181.652767367661 1673.7825207579881 26.376635394990444
leaf_count=151 318 600 5022 88
internal_value=-0.000517029 -0.000114526 -0.000315431 -0.00585234
internal_weight=2020.61 1908.31 1855.44 112.291
internal_count=6179 5773 5622 406
is_linear=0
shrinkage=0.03


Tree=136
num_leaves=5
num_cat=0
split_feature=0 0 3 3
split_gain=1.9207 1.96076 3.8166 1.94084
threshold=0.18499656766653064 -2.5054250955581661 -0.56818056106567372 -0.19775586575269696
decision_type=2 2 2 2
left_child=1 2 -1 -3
right_child=-2 3 -4 -5
leaf_value=-0.0015691974537790855 0.0049854907078694839 -0.00027838139797615097 0.0070424070689554504 -0.0024223567284254359
leaf_weight=72.736300393939018 33.226342886686325 1328.7547305300832 63.590273287147284 566.3506859280169
leaf_count=207 119 3823 195 1957
internal_value=-0.000521574 -0.000688623 0.00245099 -0.000969043
internal_weight=2064.66 2031.43 136.327 1895.11
internal_count=6301 6182 402 5780
is_linear=0
shrinkage=0.03


Tree=137
num_leaves=7
num_cat=0
split_feature=0 2 1 0 2 4
split_gain=3.03237 4.71396 7.62964 3.3035 2.56752 4.24142
threshold=-1.9404410123825071 -0.18488723784685132 -0.36896349489688868 -0.7974165380001067 -0.064071726053953157 1.0000000180025095e-35
decision_type=2 2 2 2 2 2
left_child=4 2 -2 -3 -1 -6
right_child=1 3 -4 -5 5 -7
leaf_value=-0.003781925940446814 -0.0024027961926415199 0.00065197393543260434 0.006368543424878601 -0.0031859663087317274 -0.0028349461431458624 0.003567052797318926
leaf_weight=275.9628223143518 107.43767947331071 799.1498101670295 254.2321903789416 244.30423175916076 187.01124129444361 149.25263560563326
leaf_count=877 341 2371 698 755 711 437
internal_value=0 0.000752393 0.00361635 -0.000233202 -0.00174374 0
internal_weight=2017.35 1405.12 361.67 1043.45 612.227 336.264
internal_count=6190 4165 1039 3126 2025 1148
is_linear=0
shrinkage=0.03


Tree=138
num_leaves=7
num_cat=0
split_feature=1 3 5 1 3 3
split_gain=4.67016 1.92912 2.75014 1.25143 0.489579 1.27258
threshold=0.37418296933174139 1.3525272607803347 1.0000000180025095e-35 0.039496909826993949 -0.4560538381338119 -0.09577335417270659
decision_type=2 2 2 2 2 2
left_child=1 2 -1 -3 -2 -6
right_child=4 3 -4 -5 5 -7
leaf_value=0.0014534718256483219 -0.0058974666871520302 -0.0059237418548389624 -0.0012651740516151113 8.1661244128611738e-05 0.002606249141618759 -0.0035470621352251567
leaf_weight=1385.3145394977182 93.266694732010365 45.60183922201395 400.13281460106373 24.21257197484374 21.780722938477993 57.440090423449874
leaf_count=3989 327 171 1332 87 76 258
internal_value=8.41244e-05 0.000568479 0.000803703 -0.00361855 -0.00433161 -0.00106625
internal_weight=2027.75 1855.26 1785.45 69.8144 172.488 79.2208
internal_count=6240 5579 5321 258 661 334
is_linear=0
shrinkage=0.03


Tree=139
num_leaves=7
num_cat=0
split_feature=2 0 0 0 5 2
split_gain=3.71702 4.6026 4.21161 2.8797 12.19 5.53069
threshold=-0.38412505388259882 -2.4126070737838741 -0.91512918472290028 -1.5507343411445615 1.0000000180025095e-35 -0.11324985697865485
decision_type=2 2 2 2 2 2
left_child=1 -1 -3 4 -2 -5
right_child=3 2 -4 5 -6 -7
leaf_value=0.0041249626890112303 0.00088510105156370329 -0.0090368794401440005 0.00096883417487374441 0.0045451098152446993 -0.0069049450820758808 -0.00021659513280953657
leaf_weight=25.106743283569813 641.30754325538874 111.0302128046751 33.997682578861713 284.90742183476686 225.21650878712535 703.69267467781901
leaf_count=73 1987 395 111 766 884 1994
internal_value=-0.000344464 -0.00434285 -0.0064946 3.26415e-05 -0.00118201 0.00115912
internal_weight=2025.26 170.135 145.028 1855.12 866.524 988.6
internal_count=6210 579 506 5631 2871 2760
is_linear=0
shrinkage=0.03


Tree=140
num_leaves=7
num_cat=0
split_feature=2 2 1 1 4 3
split_gain=3.54777 6.34599 4.29693 3.11909 1.95001 10.7268
threshold=-0.018860349431633946 -0.064071726053953157 -0.050178356468677514 0.0082805901765823382 1.0000000180025095e-35 -0.76690420508384693
decision_type=2 2 2 2 2 2
left_child=1 2 -1 -3 -2 -6
right_child=4 3 -4 -5 5 -7
leaf_value=0.0014341933141362076 -0.0020853007161732474 0.0014678915673656963 -0.003297466641773317 0.01081958952744913 -0.0040191413487694555 0.0069370480281311367
leaf_weight=661.68916687555611 671.75670405849814 91.778387069702148 209.39203311875463 65.842885810881853 159.62024094164371 123.43384557962418
leaf_count=1989 2273 261 621 163 463 363
internal_value=7.22193e-05 0.00131031 0.000180973 0.00649057 -0.00119965 0.000703136
internal_weight=1983.51 1028.7 871.081 157.621 954.811 283.054
internal_count=6133 3034 2610 424 3099 826
is_linear=0
shrinkage=0.03


Tree=141
num_leaves=7
num_cat=0
split_feature=3 7 0 0 0 3
split_gain=1.56634 3.07777 3.03661 3.01277 3.74273 2.71647
threshold=-0.49475124478340143 1.0000000180025095e-35 -1.7780448794364927 -0.82867875695228566 -0.53714480996131886 -0.66529271006584156
decision_type=2 2 2 2 2 2
left_child=3 -2 -3 5 -5 -1
right_child=1 2 -4 4 -6 -7
leaf_value=-0.00019871036980870387 0.00023591984098873914 0.0023953959637330524 -0.0064200460706136256 0.0081043749148207271 0 0.0042229072003040031
leaf_weight=900.50376654602587 661.5350044965744 24.400120869278908 112.83566800504923 93.287971377372742 103.25851607322693 121.88548268005252
leaf_count=2637 2224 95 344 256 320 347
internal_value=0.000407156 -0.00056874 -0.00436577 0.00109395 0.0043366 0.000341768
internal_weight=2017.71 798.771 137.236 1218.94 196.546 1022.39
internal_count=6223 2663 439 3560 576 2984
is_linear=0
shrinkage=0.03


Tree=142
num_leaves=7
num_cat=0
split_feature=1 1 3 3 2 3
split_gain=3.75168 7.59148 3.30328 2.92977 3.18123 1.85764
threshold=0.19219981878995898 0.10869866609573366 -1.1523949503898618 -0.044083207845687859 0.61926251649856578 0.41353827714920049
decision_type=2 2 2 2 2 2
left_child=1 2 -1 4 -2 -5
right_child=3 -3 -4 5 -6 -7
leaf_value=-0.0017441998103396173 -0.0047032575533862506 0.0063564505240618577 0.0013048749450349059 0.0051952282983707566 0.0032047358938063048 -0.0010628607026477313
leaf_weight=450.9669995456934 268.68124862760305 197.31934133172035 942.98852794058621 49.840395515784621 30.524113669991493 68.794530093669891
leaf_count=1364 883 561 2796 187 113 298
internal_value=0.000438188 0.00112737 0.000265298 -0.00198101 -0.00355829 0.00150367
internal_weight=2009.12 1591.27 1393.96 417.84 299.205 118.635
internal_count=6202 4721 4160 1481 996 485
is_linear=0
shrinkage=0.03


Tree=143
num_leaves=7
num_cat=0
split_feature=3 7 2 3 3 1
split_gain=1.29531 5.72168 6.50395 5.06018 3.32302 3.87923
threshold=-1.4634670615196226 1.0000000180025095e-35 -0.0310220792889595 -1.7971956729888914 -0.49475124478340143 -0.042951581999659531
decision_type=2 2 2 2 2 2
left_child=1 3 -3 -1 5 -2
right_child=4 2 -4 -5 -6 -7
leaf_value=-0.00011433577699399308 0.003457043329844001 -0.0036393296087471288 0.0065976009224233247 -0.0086341322798060959 -0.0014424065579181895 -0.00062524987000327681
leaf_weight=138.75717429071665 367.52764473482966 79.19111916795373 100.28409691900015 123.55577017739415 792.95833882689476 402.53688045218587
leaf_count=431 966 239 261 432 2664 1206
internal_value=-0.000514686 -0.00191654 0.00186789 -0.00466727 -6.13432e-05 0.00128535
internal_weight=2004.81 441.788 179.475 262.313 1563.02 770.065
internal_count=6199 1363 500 863 4836 2172
is_linear=0
shrinkage=0.03


Tree=144
num_leaves=7
num_cat=0
split_feature=2 2 0 5 0 2
split_gain=1.7798 2.82847 1.9243 4.76013 3.71657 0.820713
threshold=0.54738095402717601 0.61926251649856578 -0.94385787844657887 1.0000000180025095e-35 -1.4727239012718198 0.80573624372482311
decision_type=2 2 2 2 2 2
left_child=2 -2 4 -4 -1 -3
right_child=1 5 3 -5 -6 -7
leaf_value=0 -0.0089608999676978485 0.0030137510576708679 -0.0026840976890184945 0.0052168537129136791 0.0031649418897838275 -0.0023683834017474061
leaf_weight=993.44059297814965 26.39295532181859 35.106713145971298 339.00711746513844 62.094376418739557 503.55278858914971 22.518554143607616
leaf_count=3274 94 122 996 200 1404 90
internal_value=0.000375503 -0.00336811 0.000605885 -0.00112879 0.00111898 6.92774e-05
internal_weight=1982.11 84.0182 1898.09 401.101 1496.99 57.6253
internal_count=6180 306 5874 1196 4678 212
is_linear=0
shrinkage=0.03


Tree=145
num_leaves=6
num_cat=0
split_feature=3 0 1 0 1
split_gain=2.98816 2.99722 2.25374 2.13979 1.52957
threshold=0.59431850910186779 -0.52052974700927723 -0.59896859526634205 -1.9576038122177122 -0.39112922549247736
decision_type=2 2 2 2 2
left_child=2 4 -1 -4 -2
right_child=1 -3 3 -5 -6
leaf_value=-0.0050989149952929344 0.0004235636384808234 0.0030546450369281762 -0.00089765748327534894 0.0013395622235199149 -0.0057367673905932975
leaf_weight=42.545275878161192 20.380998101085424 31.493820533156395 513.50698345154524 1197.6901941988617 161.97338917851448
leaf_count=138 82 109 1668 3485 675
internal_value=0 -0.00320524 0.000402173 0.000630931 -0.00477793
internal_weight=1967.59 213.848 1753.74 1711.2 182.354
internal_count=6157 866 5291 5153 757
is_linear=0
shrinkage=0.03


Tree=146
num_leaves=7
num_cat=0
split_feature=2 2 5 2 2 1
split_gain=2.933 3.65331 6.69421 1.38634 2.35246 0.657451
threshold=-0.026324597187340256 -0.058312207460403435 1.0000000180025095e-35 0.54738095402717601 0.45133198797702795 0.058856932446360595
decision_type=2 2 2 2 2 2
left_child=1 2 -1 4 -2 -3
right_child=3 5 -4 -5 -6 -7
leaf_value=-0.0010356975404691487 -0.0010774094776217597 0.0070860771720490231 0.004727236698644657 -0.0045639268073551518 0.0044172704605185053 4.8670678876314566e-05
leaf_weight=658.1096770837903 836.85296656191349 84.760940037667751 224.78028724715114 77.435259040445089 53.777859248220921 34.031166300177574
leaf_count=1977 2703 236 693 295 176 89
internal_value=7.93163e-05 0.00123306 0.000437282 -0.00105456 -0.000590014 0.00579985
internal_weight=1969.75 1001.68 882.89 968.066 890.631 118.792
internal_count=6169 2995 2670 3174 2879 325
is_linear=0
shrinkage=0.03


Tree=147
num_leaves=7
num_cat=0
split_feature=0 3 5 0 0 3
split_gain=3.01771 4.333 3.95988 3.33275 3.26571 2.59778
threshold=-1.8965773582458494 -2.0824714899063106 1.0000000180025095e-35 -1.7908670306205747 -2.0460851192474361 -1.1315851807594297
decision_type=2 2 2 2 2 2
left_child=2 -2 4 -3 -1 -4
right_child=1 3 5 -5 -6 -7
leaf_value=0.0010583732413590203 -0.0080150239161037272 0.0062190893990031991 -0.010882998950975085 0.0006100690698543856 -0.0047721336263161348 -0.0020212506833292058
leaf_weight=383.35129061341286 27.334988087415695 89.05022150836885 40.501542564481497 1224.4417762700468 89.329424699768424 133.4839186668396
leaf_count=1205 79 310 161 3628 301 520
internal_value=-2.74405e-06 0.000777467 -0.00168526 0.00112291 -7.07119e-05 -0.00530281
internal_weight=1987.49 1340.83 646.666 1313.49 472.681 173.985
internal_count=6204 4017 2187 3938 1506 681
is_linear=0
shrinkage=0.03


Tree=148
num_leaves=7
num_cat=0
split_feature=2 2 3 3 5 2
split_gain=4.40827 3.10398 4.51073 3.47519 2.28877 8.23975
threshold=-0.024200193583965298 0.078152757138013854 -1.7002077102661131 -1.08458536863327 1.0000000180025095e-35 -0.13736280798912046
decision_type=2 2 2 2 2 2
left_child=4 2 -2 -3 -1 -6
right_child=1 3 -4 -5 5 -7
leaf_value=9.2816627002783813e-05 0.0029643340939449888 0.0020083270968647856 -0.0059483633193915348 -0.0022118304220123631 0.0071643792978942043 -0.0030878142345691782
leaf_weight=752.17235822789371 40.815480299293995 258.6438341178 239.33810589462519 430.53507184609771 165.56817038357258 89.509086087346077
leaf_count=2230 124 740 719 1589 505 268
internal_value=-0.000308653 -0.00175801 -0.00433898 -0.000531459 0.00103481 0.00338573
internal_weight=1976.58 969.332 280.154 689.179 1007.25 255.077
internal_count=6175 3172 843 2329 3003 773
is_linear=0
shrinkage=0.03


Tree=149
num_leaves=7
num_cat=0
split_feature=0 3 3 0 3 1
split_gain=3.21338 5.12874 10.2678 3.47043 3.20449 2.16645
threshold=-0.8764478564262389 -0.56818056106567372 -1.5335924029350279 -0.93500888347625721 -0.026227801106870171 -0.36149463057518
decision_type=2 2 2 2 2 2
left_child=3 2 -2 5 -3 -1
right_child=1 4 -4 -5 -6 -7
leaf_value=-0.0035045174611348568 -0.002773607272085529 -0.005780605107101093 0.0099123562811395238 -0.00784406547420987 0.0014896748734648845 -2.1875275203760093e-05
leaf_weight=167.74248745292425 71.5333366766572 66.167827006429434 130.4376265257597 41.823749639093876 112.8228425681591 1383.7514586541802
leaf_count=536 218 200 362 121 365 4377
internal_value=-0.000178776 0.00218743 0.00530391 -0.000801828 -0.00120729 -0.000476397
internal_weight=1974.28 380.962 201.971 1593.32 178.991 1551.49
internal_count=6179 1145 580 5034 565 4913
is_linear=0
shrinkage=0.03


Tree=150
num_leaves=7
num_cat=0
split_feature=0 0 3 3 1 3
split_gain=2.28181 2.78235 2.89365 2.35851 3.46187 2.29624
threshold=-0.25678320229053492 -0.49949216842651362 -0.89323109388351429 -0.9924013316631316 -0.048053395003080361 -0.09577335417270659
decision_type=2 2 2 2 2 2
left_child=1 2 -1 -2 -5 -3
right_child=3 5 -4 4 -6 -7
leaf_value=0.0010440191382386737 -0.001122262997548447 -0.0085309311321344772 -0.0013294293850323381 -0.00032163539946914214 0.010434967240049326 0
leaf_weight=809.37932248041034 35.788672562688589 48.923894722014666 998.90536533109844 27.596147768199444 42.433159753680229 26.572533518075943
leaf_count=2409 125 145 3217 86 135 88
internal_value=-0.000251703 -0.000535457 -0.000234468 0.00360497 0.00639991 -0.00555746
internal_weight=1989.6 1883.78 1808.28 105.818 70.0293 75.4964
internal_count=6205 5859 5626 346 221 233
is_linear=0
shrinkage=0.03


Tree=151
num_leaves=7
num_cat=0
split_feature=3 3 0 0 0 6
split_gain=4.24392 3.93495 3.68655 3.50667 3.24048 2.83549
threshold=-1.5335924029350279 0.31074088811874395 -0.8764478564262389 -0.52052974700927723 -2.4637768268585201 1.0000000180025095e-35
decision_type=2 2 2 2 2 2
left_child=4 2 -2 -3 -1 -6
right_child=1 3 -4 -5 5 -7
leaf_value=0.0028911159088437933 0.00011965613558932611 -0.004013515489011789 0.004190789712177327 0.0039652983776259226 -0.0052571900630045279 0.0019283086811892455
leaf_weight=42.457183949649334 1042.9032889846712 268.49707391858101 238.794837012887 35.824198082089424 301.78502637706697 34.418222773820162
leaf_count=117 3071 1069 687 127 940 117
internal_value=-0.000448923 0.000208721 0.000976984 -0.00270265 -0.00322625 -0.00428618
internal_weight=1964.68 1586.02 1281.7 304.321 378.66 336.203
internal_count=6128 4954 3758 1196 1174 1057
is_linear=0
shrinkage=0.03


Tree=152
num_leaves=7
num_cat=0
split_feature=0 1 1 0 0 1
split_gain=2.53955 3.63867 5.84772 3.33584 2.88906 9.69337
threshold=-1.4727239012718198 -0.36149463057518 0.064133912324905409 -0.86093518137931813 -1.7908670306205747 0.12629145383834842
decision_type=2 2 2 2 2 2
left_child=4 3 -3 -2 -1 -6
right_child=1 2 -4 -5 5 -7
leaf_value=0.00017333469161910783 -0.0074645045846180686 0.0040899426396620552 -0.00075478109999064299 0.0019945743589018447 -0.0064196917769585235 0.0045805932361481349
leaf_weight=730.97272191569209 56.555801764130592 491.9692215397954 357.77089937403798 33.883452095091343 218.89207358844578 80.243819434195757
leaf_count=2490 173 1374 1075 106 681 282
internal_value=0.00020125 0.0013381 0.0020107 -0.00365791 -0.000784936 -0.0031787
internal_weight=1970.29 940.179 849.74 90.4393 1030.11 299.136
internal_count=6181 2728 2449 279 3453 963
is_linear=0
shrinkage=0.03


Tree=153
num_leaves=7
num_cat=0
split_feature=2 2 5 3 0 0
split_gain=1.56314 4.04771 3.60585 3.213 7.4767 5.62489
threshold=-0.15297668427228925 -0.12811623513698575 1.0000000180025095e-35 -1.1315851807594297 -0.8764478564262389 -2.4507013559341426
decision_type=2 2 2 2 2 2
left_child=3 -2 -3 4 -1 -5
right_child=1 2 -4 5 -6 -7
leaf_value=-0.0070794968292804085 0.0064354193000782647 0.0006935663200395057 -0.0031338090452300241 0.0084068496186616055 0.0060191544290567707 -0.001254053649477791
leaf_weight=163.36442535929382 71.601408544927835 1056.8578832224011 258.01989015936852 42.778432920575142 28.568703155964613 377.7511589974165
leaf_count=550 204 3148 1017 118 82 1121
internal_value=-0.000194019 0.000330687 -4.82358e-05 -0.0014496 -0.00446266 0
internal_weight=1998.94 1386.48 1314.88 612.463 191.933 420.53
internal_count=6240 4369 4165 1871 632 1239
is_linear=0
shrinkage=0.03


Tree=154
num_leaves=7
num_cat=0
split_feature=1 2 5 5 1 1
split_gain=2.36204 2.50926 12.7806 4.71548 0.884883 0.781492
threshold=0.39135168492794042 -0.16022573411464688 1.0000000180025095e-35 1.0000000180025095e-35 0.45306023955345159 0.7973773479461671
decision_type=2 2 2 2 2 2
left_child=1 2 -1 -3 -2 -6
right_child=4 3 -4 -5 5 -7
leaf_value=-0.003561482251694623 -0.0063334732221623493 0.0023275624327843652 0.0060821525029176012 -0.0020291559415133659 0.00019610112029733913 -0.004187108273033981
leaf_weight=448.31459919922054 39.214953416958451 962.77271006070077 146.0839179046452 258.43422047421336 91.616385187953711 24.41582202911377
leaf_count=1376 151 2791 449 964 346 99
internal_value=0.000203737 0.000547357 -0.000972897 0.0013394 -0.00307635 -0.000765155
internal_weight=1970.85 1815.61 594.399 1221.21 155.247 116.032
internal_count=6176 5580 1825 3755 596 445
is_linear=0
shrinkage=0.03


Tree=155
num_leaves=7
num_cat=0
split_feature=2 2 0 1 0 2
split_gain=2.95413 7.06238 4.88206 4.73291 2.24453 0.427318
threshold=-0.058312207460403435 -0.028644536621868607 -2.4922325611114498 0.0032079382799565796 -2.459883332252502 -0.24227054417133329
decision_type=2 2 2 2 2 2
left_child=2 -2 5 -4 -3 -1
right_child=1 4 3 -5 -6 -7
leaf_value=0.00048184987301356212 0.0080577089113496349 -0.0037072994418587586 -0.00065549566417804608 -0.0065509427064688241 0.00079456787664478599 0.007603923555894879
leaf_weight=36.484856016933918 99.838774159550667 90.08373786136508 662.58944128826261 141.92448199912906 881.65555382147431 31.39850790053606
leaf_count=101 276 302 2022 429 2894 92
internal_value=9.35828e-05 0.00116706 -0.00115436 -0.00190196 0.000250381 0.00543957
internal_weight=1943.98 1071.58 872.397 804.514 971.739 67.8834
internal_count=6116 3472 2644 2451 3196 193
is_linear=0
shrinkage=0.03


Tree=156
num_leaves=7
num_cat=0
split_feature=2 4 0 0 2 0
split_gain=1.758 3.83903 3.58325 1.7032 5.87871 5.68668
threshold=0.18577652424573901 1.0000000180025095e-35 -1.1188428401947019 -1.9160597920417783 0.081173725426197066 -2.2836925983428951
decision_type=2 2 2 2 2 2
left_child=3 2 -2 5 -5 -1
right_child=1 -3 -4 4 -6 -7
leaf_value=0.0024305774788348946 -0.0056123311181907028 0.0024449281249494048 0.00058606377241127768 0.00053498328950297947 0.0065218982989110217 -0.0037752745959105643
leaf_weight=259.08697462454438 177.73815660923719 144.12593853473663 112.29076401889324 883.02134179323912 166.24673035368323 229.03501090966165
leaf_count=810 752 416 361 2593 487 788
internal_value=0.000464456 -0.00112509 -0.00313597 0.00096055 0.00164391 -0.000397214
internal_weight=1971.54 434.155 290.029 1537.39 1049.27 488.122
internal_count=6207 1529 1113 4678 3080 1598
is_linear=0
shrinkage=0.03


Tree=157
num_leaves=7
num_cat=0
split_feature=2 3 3 2 0 2
split_gain=3.1375 4.23655 5.34052 2.33076 5.37854 2.47578
threshold=0.020620883442461494 -1.5406463742256162 -0.19775586575269696 0.081173725426197066 -1.9404410123825071 0.54738095402717601
decision_type=2 2 2 2 2 2
left_child=1 -1 -3 4 -2 -5
right_child=3 2 -4 5 -6 -7
leaf_value=-0.0023946044889197574 0.0028626435940574974 0.0039057640586544849 -0.00054135302512063296 0.00039024937190475001 -0.007594531928089971 -0.0046357857434238215
leaf_weight=205.19391377642751 43.877623990178108 566.35561737790704 371.40569299459457 579.64182538352907 110.5842818915844 81.570037122815847
leaf_count=705 158 1530 1189 1953 356 311
internal_value=0.000188673 0.00122019 0.00210729 -0.00117954 -0.00429244 -0.000259607
internal_weight=1958.63 1142.96 937.761 815.674 154.462 661.212
internal_count=6202 3424 2719 2778 514 2264
is_linear=0
shrinkage=0.03


Tree=158
num_leaves=7
num_cat=0
split_feature=1 0 1 1 1 3
split_gain=3.21648 3.68189 8.062 3.3695 2.20411 2.96837
threshold=-0.097821928560733781 -1.5507343411445615 0.049053721129894264 0.064133912324905409 -0.36149463057518 0.31074088811874395
decision_type=2 2 2 2 2 2
left_child=4 2 -2 -3 -1 -6
right_child=1 3 -4 -5 5 -7
leaf_value=-0.00088399410098652603 -0.0074282015579331907 0.0030278675118661567 0 -0.0011986950904196156 0.0034844061792581745 -0.0019266263012884554
leaf_weight=207.56915858015418 191.06240256875753 261.81917336583138 358.05958045087755 388.28705201297998 455.4483376648277 83.893773071467876
leaf_count=675 639 719 1322 1173 1337 316
internal_value=-1.09199e-05 -0.000998001 -0.00277742 0.000453509 0.00148038 0.00249667
internal_weight=1946.14 1199.23 549.122 650.106 746.911 539.342
internal_count=6181 3853 1961 1892 2328 1653
is_linear=0
shrinkage=0.03


Tree=159
num_leaves=5
num_cat=0
split_feature=3 3 3 1
split_gain=2.22392 1.76944 5.01329 4.72414
threshold=-2.0824714899063106 -0.49475124478340143 -0.4164182692766189 -0.042951581999659531
decision_type=2 2 2 2
left_child=-1 3 -3 -2
right_child=1 2 -4 -5
leaf_value=-0.0047222140899520013 0.0034189314243839091 -0.0084026325581546078 0.00017684482359348711 -0.00034101732340672983
leaf_weight=52.053326316177845 517.44151560775936 45.803043812513351 744.50983272492886 618.44751602783799
leaf_count=153 1527 140 2561 1893
internal_value=0.000371216 0.000586802 -0.000441458 0.0013494
internal_weight=1978.26 1926.2 790.313 1135.89
internal_count=6274 6121 2701 3420
is_linear=0
shrinkage=0.03


Tree=160
num_leaves=7
num_cat=0
split_feature=2 2 0 0 3 2
split_gain=2.42315 1.73016 1.60256 4.77121 3.02436 1.46944
threshold=0.54738095402717601 0.64348548650741588 -2.3253427743911739 -1.9404410123825071 -1.2818809151649473 0.80573624372482311
decision_type=2 2 2 2 2 2
left_child=2 -2 4 -4 -1 -3
right_child=1 5 3 -5 -6 -7
leaf_value=-0.00091546039798270061 -0.007810895563164404 0.0038829423303783656 -0.00312069963695749 0.0011450927060721366 0.0048570141071877767 -0.003760750264786041
leaf_weight=98.513843469321728 30.799823544919491 24.741238608956337 264.17423896491528 1295.2558654788882 194.28797900304198 25.811506442725658
leaf_count=314 115 94 957 3943 632 101
internal_value=0.000530421 -0.00390074 0.000796681 0.000354094 0.00278868 0
internal_weight=1933.58 81.3526 1852.23 1559.43 292.802 50.5527
internal_count=6156 310 5846 4900 946 195
is_linear=0
shrinkage=0.03


Tree=161
num_leaves=7
num_cat=0
split_feature=2 2 3 3 3 2
split_gain=3.145 3.37975 3.06357 4.74775 2.91366 1.22365
threshold=0.023950153030455116 0.050286741927266128 -1.5335924029350279 -1.7870308160781858 0.08159880712628366 0.062757600098848357
decision_type=2 2 2 2 2 2
left_child=2 -2 3 -1 -4 -3
right_child=1 5 4 -5 -6 -7
leaf_value=0.0011438483960111629 -0.0074874902082972374 0.0034033412105868056 0.0025812413360070375 -0.0071010975935040912 -0.00099512889205991039 -0.0012147251384796388
leaf_weight=124.32130688987672 62.767833307385445 30.667001266032457 685.07820066437125 83.764582801610231 247.81319660693407 710.75740260072052
leaf_count=407 225 101 1867 305 860 2427
internal_value=-0.000179754 -0.00161971 0.000793907 -0.00224372 0.0015673 -0.000860535
internal_weight=1945.17 804.192 1140.98 208.086 932.891 741.424
internal_count=6192 2753 3439 712 2727 2528
is_linear=0
shrinkage=0.03


Tree=162
num_leaves=5
num_cat=0
split_feature=1 3 4 4
split_gain=2.36378 2.20115 13.6841 3.87641
threshold=-0.59896859526634205 -1.5406463742256162 1.0000000180025095e-35 1.0000000180025095e-35
decision_type=2 2 2 2
left_child=-1 2 -2 -3
right_child=1 3 -4 -5
leaf_value=-0.0049465957042007574 0.0034640209700086775 0.00028338688996734532 -0.0076719168082727092 0.0038554983917643195
leaf_weight=48.086191475391388 205.06707971170545 1185.832934461534 154.5125616453588 355.62894009053707
leaf_count=172 645 3847 525 1026
internal_value=0.000453983 0.000671899 -0.00131516 0.00118476
internal_weight=1949.13 1901.04 359.58 1541.46
internal_count=6215 6043 1170 4873
is_linear=0
shrinkage=0.03


Tree=163
num_leaves=7
num_cat=0
split_feature=2 2 1 3 1 1
split_gain=2.84804 3.38831 4.40359 4.38307 1.67084 2.21772
threshold=0.023950153030455116 -0.058312207460403435 -0.050178356468677514 -1.1187450289726255 0.2701095193624497 0.23244782537221911
decision_type=2 2 2 2 2 2
left_child=1 2 -1 -3 5 -2
right_child=4 3 -4 -5 -6 -7
leaf_value=0.0015287689752283959 -0.0011346870916063038 0.0088606159893957967 -0.0031603079225566016 0.00062752927646808436 0.00068206763398039451 -0.0074278308042235938
leaf_weight=667.89820764958858 495.9434357713908 90.07940049469471 221.57738586515188 168.96356531977654 271.8980062212795 45.501767419278622
leaf_count=2050 1610 257 679 481 998 162
internal_value=0.000256957 0.00123415 0.00025089 0.00413539 -0.00104744 -0.00201617
internal_weight=1961.86 1148.52 889.476 259.043 813.343 541.445
internal_count=6237 3467 2729 738 2770 1772
is_linear=0
shrinkage=0.03


Tree=164
num_leaves=5
num_cat=0
split_feature=1 3 0 0
split_gain=2.16519 2.56314 4.76738 4.10622
threshold=-0.59896859526634205 -1.5406463742256162 -0.25678320229053492 -0.49949216842651362
decision_type=2 2 2 2
left_child=-1 3 -3 -2
right_child=1 2 -4 -5
leaf_value=-0.0054660059588931467 -0.00083016172029674179 2.2046040672425214e-05 0.0067498265308279194 -0.010789699210232174
leaf_weight=48.442380651831627 330.18032640963793 1461.3207828998566 82.847687795758247 26.086287118494511
leaf_count=178 1061 4625 262 92
internal_value=-0.000221044 -5.73916e-07 0.000503054 -0.00225362
internal_weight=1948.88 1900.44 1544.17 356.267
internal_count=6218 6040 4887 1153
is_linear=0
shrinkage=0.03


Tree=165
num_leaves=7
num_cat=0
split_feature=0 0 3 0 4 2
split_gain=3.98189 4.66143 3.17304 5.69213 5.47764 2.5883
threshold=-1.5507343411445615 -1.6094959974288938 -1.1071285009384153 -0.49949216842651362 1.0000000180025095e-35 -0.016061173751950261
decision_type=2 2 2 2 2 2
left_child=1 5 3 -2 -4 -1
right_child=2 -3 4 -5 -6 -7
leaf_value=0.00057605200050415864 0.0052346632861096087 -0.0087356914501041088 -0.0014061502369149916 -0.0039096955100657799 0.0051272722031138977 -0.0025608345209192883
leaf_weight=484.24325750023127 282.48527387902141 55.880237530916929 533.00100199878216 53.547457192093134 125.93408434838057 396.539501208812
leaf_count=1549 798 189 1642 168 353 1516
internal_value=-8.84302e-05 -0.00150428 0.00118871 0.0034712 0 -0.000795107
internal_weight=1931.63 936.663 994.968 336.033 658.935 880.783
internal_count=6215 3254 2961 966 1995 3065
is_linear=0
shrinkage=0.03


Tree=166
num_leaves=7
num_cat=0
split_feature=3 2 0 0 2 0
split_gain=3.69758 4.49172 4.06319 11.1846 3.86498 3.10236
threshold=-1.2713732123374937 -0.0020592028740793462 -1.4768157005310056 -1.7043716907501218 -0.066708210855722413 -2.4507013559341426
decision_type=2 2 2 2 2 2
left_child=2 4 3 -1 -2 -3
right_child=1 5 -4 -5 -6 -7
leaf_value=-0.0011071665019902735 0.00090311018142342396 -0.0072716861153008829 0.00033837501984178162 -0.015045944571050478 0.0063053687323825457 -0.00037543806539140065
leaf_weight=241.44396247342229 624.28885183110833 49.650777786970139 248.98722064867616 51.95958998054266 143.764564499259 565.57116129621863
leaf_count=829 1879 199 716 160 398 1997
internal_value=-0.000201991 0.000590145 -0.00227803 -0.00456971 0.0021248 -0.00123787
internal_weight=1925.67 1383.28 542.391 293.404 768.053 615.222
internal_count=6178 4473 1705 989 2277 2196
is_linear=0
shrinkage=0.03


Tree=167
num_leaves=7
num_cat=0
split_feature=2 2 0 2 0 0
split_gain=3.82078 3.63225 4.89526 4.50638 2.12196 2.95464
threshold=0.023950153030455116 -0.060778530314564698 -0.73919138312339772 -0.19218920916318891 0.10630556195974351 -0.47634746134281153
decision_type=2 2 2 2 2 2
left_child=1 3 -3 -1 5 -2
right_child=4 2 -4 -5 -6 -7
leaf_value=0.0010678596037736379 -0.0020425644292392186 0.0049195358841385159 -0.0044801429466468159 -0.0031998729952882896 0.0037111554463106124 -0.0091607861795789357
leaf_weight=495.33124124538153 731.1362372841686 233.40850844979286 38.961831450462341 359.40549977123737 23.612511053681374 47.272808916866779
leaf_count=1554 2527 663 114 1082 82 160
internal_value=-0.00085675 0.000225565 0.00315523 -0.000690205 -0.00241923 -0.00276865
internal_weight=1929.13 1127.11 272.37 854.737 802.022 778.409
internal_count=6182 3413 777 2636 2769 2687
is_linear=0
shrinkage=0.03


Tree=168
num_leaves=7
num_cat=0
split_feature=1 3 1 0 0 3
split_gain=3.66858 3.37932 2.7109 6.56549 4.8161 1.23435
threshold=0.3237923532724381 -0.4164182692766189 0.045893959701061256 -1.5108044743537901 -1.5507343411445615 0.43964447081089025
decision_type=2 2 2 2 2 2
left_child=2 -2 4 -4 -1 -3
right_child=1 5 3 -5 -6 -7
leaf_value=-0.0026398584778304928 -0.0066684903538307624 0.0030091319541769128 0.0050532497009821977 -0.0012492132349435777 0.0011211167047754035 -0.0027349107405708092
leaf_weight=573.78985734842718 128.42537194490433 54.248580649495125 267.16803813353181 272.4452589340508 590.84936906024814 38.650187263265252
leaf_count=1920 439 216 908 799 1728 184
internal_value=-0.000371938 -0.00384028 8.30027e-05 0.00183306 -0.000694463 2.67563e-05
internal_weight=1925.58 221.324 1704.25 539.613 1164.64 92.8988
internal_count=6194 839 5355 1707 3648 400
is_linear=0
shrinkage=0.03


Tree=169
num_leaves=5
num_cat=0
split_feature=0 0 4 0
split_gain=2.2054 2.25576 3.84935 2.32754
threshold=-2.6151149272918697 -2.459883332252502 1.0000000180025095e-35 -2.3761845827102657
decision_type=2 2 2 2
left_child=-1 2 -2 -3
right_child=1 3 -4 -5
leaf_value=0.004948344776146525 -0.0079765769975189242 0.0037593746745345842 0.0001954949996035102 -0.0010105781184981402
leaf_weight=32.774042401462793 89.035634528845549 73.490256533026695 71.334762915968895 1677.985924096778
leaf_count=100 295 248 195 5397
internal_value=-0.000934131 -0.00111622 -0.00439027 -0.000736382
internal_weight=1944.62 1911.85 160.37 1751.48
internal_count=6235 6135 490 5645
is_linear=0
shrinkage=0.03


Tree=170
num_leaves=7
num_cat=0
split_feature=1 1 1 1 2 2
split_gain=2.33014 3.86979 3.27598 1.88007 1.67323 1.4207
threshold=-0.10148417949676512 -0.084220822900533662 -0.36149463057518 -0.042951581999659531 -0.25959010422229761 -0.03363393805921077
decision_type=2 2 2 2 2 2
left_child=2 -2 4 -3 -1 -4
right_child=1 3 5 -5 -6 -7
leaf_value=-0.002955244510168294 -0.0075018512733630383 0.0033867211487077029 0.003830578931246444 -0.00036153090554084889 0.0020843994878139414 0
leaf_weight=146.22488364577293 44.209221590310335 115.77337380871177 409.15784374810755 1015.3396885059774 61.504646167159081 120.95253480225801
leaf_count=494 141 360 1248 3354 181 401
internal_value=0.000457301 -0.000331433 0.00176845 2.21692e-05 -0.00114762 0.0030204
internal_weight=1913.16 1175.32 737.84 1131.11 207.73 530.11
internal_count=6179 3855 2324 3714 675 1649
is_linear=0
shrinkage=0.03


Tree=171
num_leaves=7
num_cat=0
split_feature=1 0 0 0 0 1
split_gain=2.33911 3.78877 3.10397 8.19866 4.71662 2.13079
threshold=-0.071726404130458818 -2.2836925983428951 -0.7974165380001067 -0.25678320229053492 -1.1025235056877134 -0.53179597854614247
decision_type=2 2 2 2 2 2
left_child=1 -1 4 -4 -2 -3
right_child=2 5 3 -5 -6 -7
leaf_value=0.0050072265919567701 -0.0012970453309868969 -0.004772046625679793 -0.0085999852487928692 0.0032589243599809013 0.0042961727859526944 0.00053852984655835515
leaf_weight=148.13168320059776 761.12675431184471 55.944665655493736 123.42779935523868 60.279610276222229 142.5948156490922 629.15477893315256
leaf_count=475 2571 202 393 203 403 1946
internal_value=-0.00017387 0.000971661 -0.0011075 -0.00447628 -0.000275647 0
internal_weight=1920.66 833.231 1087.43 183.707 903.722 685.099
internal_count=6193 2623 3570 596 2974 2148
is_linear=0
shrinkage=0.03


Tree=172
num_leaves=7
num_cat=0
split_feature=0 3 5 5 3 1
split_gain=3.78889 5.09394 4.61228 4.31793 4.25229 3.61979
threshold=-1.5507343411445615 -1.1412618160247801 1.0000000180025095e-35 1.0000000180025095e-35 -0.9126218557357787 -0.32951714098453516
decision_type=2 2 2 2 2 2
left_child=1 3 5 -1 -3 -2
right_child=2 4 -4 -5 -6 -7
leaf_value=-0.0024840553052390907 -0.0049739474055550863 0.0049784655176586812 0.0048918716465459408 -0.011463560767041083 -0.0013206110041514454 0.00057079658818963289
leaf_weight=274.03963395953178 102.75437644869089 97.818100243806839 177.37143328785896 55.384430073201656 501.68591385893524 718.56843779236078
leaf_count=880 317 296 566 225 1825 2096
internal_value=-0.000472608 -0.00185154 0.000762264 -0.00473518 -6.8427e-05 -0.000153332
internal_weight=1927.62 928.928 998.694 329.424 599.504 821.323
internal_count=6205 3226 2979 1105 2121 2413
is_linear=0
shrinkage=0.03


Tree=173
num_leaves=7
num_cat=0
split_feature=1 2 1 2 2 2
split_gain=2.00218 2.62305 2.42791 1.41792 1.04547 5.05633
threshold=0.18935500085353854 0.068657010793685927 0.7973773479461671 -0.076801866292953477 -0.03363393805921077 0.052666004747152335
decision_type=2 2 2 2 2 2
left_child=4 3 -3 -2 -1 -6
right_child=1 2 -4 -5 5 -7
leaf_value=0.0012331741971029293 0 0.00032247508767542846 -0.0071934815441115465 -0.0090446480739556911 -0.0038855936693276694 0.0016663412413547264
leaf_weight=905.65480300597847 27.525248117744923 331.51343427412212 22.418767776340246 39.527965191751719 212.97978456318378 373.45468837581575
leaf_count=2814 91 1190 97 132 668 1220
internal_value=4.17771e-05 -0.00170323 -0.000352428 -0.00642499 0.000589819 -0.000312705
internal_weight=1913.07 420.985 353.932 67.0532 1492.09 586.434
internal_count=6212 1510 1287 223 4702 1888
is_linear=0
shrinkage=0.03


Tree=174
num_leaves=6
num_cat=0
split_feature=2 3 1 1 1
split_gain=2.10667 1.80063 2.17819 1.9587 0.180734
threshold=-0.59808877110481251 0.64464426040649425 -0.015635536983609196 0.089220941066741957 -0.51229214668273915
decision_type=2 2 2 2 2
left_child=4 2 -2 -3 -1
right_child=1 3 -4 -5 -6
leaf_value=0 0.0010552771011110179 -0.0050708067543351045 -0.0010753433400527092 0.00021652816832212993 0.0065553357548502455
leaf_weight=22.221214108169079 846.7138042896986 119.75438456237316 840.62189582362771 75.189934430643916 23.619674563407898
leaf_count=89 2554 479 2706 324 84
internal_value=-0.000124828 -0.000335859 0 -0.00292195 0.0050989
internal_weight=1928.12 1882.28 1687.34 194.944 45.8409
internal_count=6236 6063 5260 803 173
is_linear=0
shrinkage=0.03


Tree=175
num_leaves=7
num_cat=0
split_feature=3 4 2 2 0 3
split_gain=2.11973 4.67123 5.17312 5.13478 3.97187 6.3157
threshold=-0.59830820560455311 1.0000000180025095e-35 0.32825024425983435 -0.25362642109394068 -1.09451687335968 -1.5861303210258482
decision_type=2 2 2 2 2 2
left_child=4 3 -3 -2 -1 -6
right_child=1 2 -4 -5 5 -7
leaf_value=-0.00058756013212604295 0.0017107167758109222 -6.7109049318331751e-05 0.010462900939954042 -0.0041206231462764288 -0.0022333195587673875 0.0064391802467153323
leaf_weight=782.72819104604423 152.75114321708679 147.18792067468166 33.307424936443567 516.31609732657671 92.834594741463661 188.59727591276169
leaf_count=2445 514 414 108 1892 282 545
internal_value=-0.000386999 -0.00150409 0.00242664 -0.00269122 0.00046077 0.003421
internal_weight=1913.72 849.563 180.495 669.067 1064.16 281.432
internal_count=6200 2928 522 2406 3272 827
is_linear=0
shrinkage=0.03


Tree=176
num_leaves=7
num_cat=0
split_feature=3 0 0 0 0 3
split_gain=2.67073 10.0815 4.48995 2.96595 4.41242 3.07518
threshold=-1.1523949503898618 -1.4768157005310056 -1.9226423501968382 -1.4189275503158567 -0.25678320229053492 -1.0451450943946836
decision_type=2 2 2 2 2 2
left_child=1 2 -1 5 -5 -2
right_child=3 -3 -4 4 -6 -7
leaf_value=-0.0014828741285678468 0.0086596179751783735 0.0027878879226145084 -0.0090672655170862277 -0.0014265557464460314 0.0056907117516142068 0.0016854237036917138
leaf_weight=221.29401535354555 52.501417439430952 286.28275380283594 113.87326344847679 503.07887730002403 71.208180736750364 646.37306295521557
leaf_count=760 155 830 384 1529 238 2273
internal_value=0.000420975 -0.00111901 -0.0045941 0.00122475 -0.000281281 0.00251915
internal_weight=1894.61 621.45 335.167 1273.16 574.287 698.874
internal_count=6169 1974 1144 4195 1767 2428
is_linear=0
shrinkage=0.03


Tree=177
num_leaves=7
num_cat=0
split_feature=1 1 0 1 0 0
split_gain=3.9084 3.73289 6.46459 3.71448 1.68367 2.76644
threshold=0.4068600088357926 0.089220941066741957 -0.47634746134281153 -0.042951581999659531 -0.8764478564262389 -1.3549301624298093
decision_type=2 2 2 2 2 2
left_child=1 3 -3 -1 5 -2
right_child=4 2 -4 -5 -6 -7
leaf_value=0.00093259335567555 -0.0011101097548232412 0.0040782196396860048 -0.0062669749719109873 -0.0025625798473292312 7.8058788975068184e-05 -0.012151603992540319
leaf_weight=895.23581297323108 73.690596910193563 454.05910164490342 39.269099954515696 368.66894736140966 34.260950785130262 24.650081194937229
leaf_count=2845 327 1490 140 1181 118 87
internal_value=0.000344054 0.000764912 0.00292577 -6.422e-05 -0.00420927 -0.0059707
internal_weight=1889.83 1757.23 493.328 1263.9 132.602 98.3407
internal_count=6188 5656 1630 4026 532 414
is_linear=0
shrinkage=0.03


Tree=178
num_leaves=6
num_cat=0
split_feature=2 3 3 0 2
split_gain=2.59201 3.61273 3.5183 3.28712 1.96427
threshold=0.56346216797828685 -1.6059857010841367 -1.08458536863327 -1.3744100928306577 0.45133198797702795
decision_type=2 2 2 2 2
left_child=1 3 -2 -1 -3
right_child=2 4 -4 -5 -6
leaf_value=0 0.0019453438574316348 0.00036322764077331493 -0.0088988074304275546 -0.0062343537529835459 0.0055727783350199298
leaf_weight=172.59483010694385 22.09505632147193 1495.5410173609853 48.288128457963467 123.10338655114174 51.376609038561583
leaf_count=617 66 4798 209 387 180
internal_value=-0.000188391 2.23524e-05 -0.00515354 -0.00287179 0.000643462
internal_weight=1913 1842.62 70.3832 295.698 1546.92
internal_count=6257 5982 275 1004 4978
is_linear=0
shrinkage=0.03


Tree=179
num_leaves=7
num_cat=0
split_feature=2 2 3 0 0 0
split_gain=1.90668 2.9094 3.01324 2.66791 3.71408 1.91615
threshold=0.22232153266668322 0.373082846403122 -1.2025760412216184 -0.43518136441707606 -1.9404410123825071 -1.1477264165878294
decision_type=2 2 2 2 2 2
left_child=3 5 -3 4 -1 -2
right_child=1 2 -4 -5 -6 -7
leaf_value=-0.0016084815370279106 -0.0067339078336176887 0.0051018139627351669 -0.0021349040444956983 -0.0039779926152402386 0.0015522990095157348 0
leaf_weight=475.24416498839855 119.62075323425233 57.907485339790583 130.37815262004733 112.59605033695698 962.9257158562541 56.835747964680195
leaf_count=1612 452 160 526 377 2903 188
internal_value=-0.000378791 -0.00227396 7.88656e-05 5.20367e-05 0.000458934 -0.00484238
internal_weight=1915.51 364.742 188.286 1550.77 1438.17 176.457
internal_count=6218 1326 686 4892 4515 640
is_linear=0
shrinkage=0.03


end of trees

feature_importances:
Column_0=292
Column_3=237
Column_2=196
Column_1=177
Column_4=41
Column_5=27
Column_7=17
Column_6=9

parameters:
[boosting: gbdt]
[objective: lambdarank]
[metric: ndcg]
[tree_learner: serial]
[device_type: cpu]
[data_sample_strategy: bagging]
[data: ]
[valid: ]
[num_iterations: 180]
[learning_rate: 0.03]
[num_leaves: 7]
[num_threads: 1]
[seed: 17]
[deterministic: 1]
[force_col_wise: 1]
[force_row_wise: 0]
[histogram_pool_size: -1]
[max_depth: 3]
[min_data_in_leaf: 80]
[min_sum_hessian_in_leaf: 0.001]
[bagging_fraction: 0.8]
[pos_bagging_fraction: 1]
[neg_bagging_fraction: 1]
[bagging_freq: 1]
[bagging_seed: 26602]
[bagging_by_query: 0]
[feature_fraction: 0.8]
[feature_fraction_bynode: 1]
[feature_fraction_seed: 18297]
[extra_trees: 0]
[extra_seed: 13015]
[early_stopping_round: 0]
[early_stopping_min_delta: 0]
[first_metric_only: 0]
[max_delta_step: 0]
[lambda_l1: 2]
[lambda_l2: 20]
[linear_lambda: 0]
[min_gain_to_split: 0]
[drop_rate: 0.1]
[max_drop: 50]
[skip_drop: 0.5]
[xgboost_dart_mode: 0]
[uniform_drop: 0]
[drop_seed: 30017]
[top_rate: 0.2]
[other_rate: 0.1]
[min_data_per_group: 100]
[max_cat_threshold: 32]
[cat_l2: 10]
[cat_smooth: 10]
[max_cat_to_onehot: 4]
[top_k: 20]
[monotone_constraints: ]
[monotone_constraints_method: basic]
[monotone_penalty: 0]
[feature_contri: ]
[forcedsplits_filename: ]
[refit_decay_rate: 0.9]
[cegb_tradeoff: 1]
[cegb_penalty_split: 0]
[cegb_penalty_feature_lazy: ]
[cegb_penalty_feature_coupled: ]
[path_smooth: 0]
[interaction_constraints: ]
[verbosity: -1]
[saved_feature_importance_type: 0]
[use_quantized_grad: 0]
[num_grad_quant_bins: 4]
[quant_train_renew_leaf: 0]
[stochastic_rounding: 1]
[linear_tree: 0]
[max_bin: 255]
[max_bin_by_feature: ]
[min_data_in_bin: 3]
[bin_construct_sample_cnt: 200000]
[data_random_seed: 94]
[is_enable_sparse: 1]
[enable_bundle: 1]
[use_missing: 1]
[zero_as_missing: 0]
[feature_pre_filter: 1]
[pre_partition: 0]
[two_round: 0]
[header: 0]
[label_column: ]
[weight_column: ]
[group_column: ]
[ignore_column: ]
[categorical_feature: ]
[forcedbins_filename: ]
[precise_float_parser: 0]
[parser_config_file: ]
[objective_seed: 20363]
[num_class: 1]
[is_unbalance: 0]
[scale_pos_weight: 1]
[sigmoid: 1]
[boost_from_average: 1]
[reg_sqrt: 0]
[alpha: 0.9]
[fair_c: 1]
[poisson_max_delta_step: 0.7]
[tweedie_variance_power: 1.5]
[lambdarank_truncation_level: 30]
[lambdarank_norm: 1]
[label_gain: 0,1,2,3]
[lambdarank_position_bias_regularization: 0]
[eval_at: 2]
[multi_error_top_k: 1]
[auc_mu_weights: ]
[num_machines: 1]
[local_listen_port: 12400]
[time_out: 120]
[machine_list_filename: ]
[machines: ]
[gpu_platform_id: -1]
[gpu_device_id: -1]
[gpu_device_id_list: ]
[gpu_use_dp: 0]
[num_gpu: 1]

end of parameters

pandas_categorical:null
