tree
version=v4
num_class=1
num_tree_per_iteration=1
label_index=0
max_feature_idx=7
objective=lambdarank
feature_names=Column_0 Column_1 Column_2 Column_3 Column_4 Column_5 Column_6 Column_7
feature_infos=[-2.8707199096679688:1.4220840930938721] [-1.4033499956130981:2.5005612373352051] [-1.2703711986541748:2.8120923042297363] [-2.4748332500457764:3.0045833587646484] [0:1] [0:1] [0:1] [0:1]
tree_sizes=776 907 900 898 904 904 890 904 909 902 689 906 894 901 691 694 695 885 883 854 909 794 683 902 883 687 909 909 695 790 897 660 901 907 885 899 802 689 906 908 794 894 691 904 874 883 898 879 910 690 901 894 903 907 884 906 688 694 668 782 891 804 904 888 776 903 864 901 668 687 902 913 895 674 693 898 878 907 879 693 903 677 889 881 905 915 877 907 793 906 908 892 797 900 894 693 911 880 897 680 690 881 905 885 884 858 904 890 682 866 868 692 775 909 903 879 892 917 799 886 890 913 908 898 903 883 876 898 781 694 891 888 689 914 776 797 732 919 893 881 897 904 895 907 888 896 918 910 908 864 905 907 687 779 895 909 900 689 904 911 901 906 882 909 883 912 588 907 907 910 881 897 899 865 793 908 905 902 774 909

Tree=0
num_leaves=6
num_cat=0
split_feature=3 3 2 0 0
split_gain=6.9508 2.91345 3.06601 1.80869 0.506935
threshold=0.32946947216987615 -1.4177936315536497 0.020261994563043121 -1.4732437729835508 -2.4120936393737789
decision_type=2 2 2 2 2
left_child=1 3 -3 -1 -2
right_child=4 2 -4 -5 -6
leaf_value=-0.0046780193456470009 0 0.0053987410546941887 -0.00010692545805369066 0.0010490689587091169 -0.0080748075063766557
leaf_weight=81.999793650582433 10.725739140063522 159.03437581285834 142.29844533465803 59.285692349076271 76.344698466360569
leaf_count=802 125 1900 1607 633 933
internal_value=-0.00042671 0.00107048 0.00276724 -0.00207074 -0.0073763
internal_weight=529.689 442.618 301.333 141.285 87.0704
internal_count=6000 4942 3507 1435 1058
is_linear=0
shrinkage=0.03


Tree=1
num_leaves=7
num_cat=0
split_feature=3 1 3 1 1 6
split_gain=42.4343 34.3898 25.3663 16.3739 6.80868 5.60758
threshold=0.30042670667171484 -0.071326069533824907 -1.5355415344238279 0.32127971947193151 -0.36571337282657618 1.0000000180025095e-35
decision_type=2 2 2 2 2 2
left_child=1 2 -1 -3 -2 -6
right_child=4 3 -4 -5 5 -7
leaf_value=-0.0029913987737379757 0.00064771249717276308 9.4092777426262695e-05 0.006806540241018246 -0.0065922885374309036 -0.011569609699321349 -0.0039015936358706813
leaf_weight=278.26705420948565 63.418956428766251 1462.1324816737324 1124.4993472695351 399.20669019967318 282.89186034351587 202.0747664347291
leaf_count=504 135 2222 1544 638 581 383
internal_value=-1.12154e-05 0.00128308 0.00480602 -0.0013629 -0.00759476 -0.00877441
internal_weight=3812.49 3264.11 1402.77 1861.34 548.386 484.967
internal_count=6007 4908 2048 2860 1099 964
is_linear=0
shrinkage=0.03


Tree=2
num_leaves=7
num_cat=0
split_feature=1 4 0 4 0 0
split_gain=37.1581 18.9488 16.2129 18.2598 16.4893 8.38803
threshold=0.3723894357681275 1.0000000180025095e-35 -1.4732437729835508 1.0000000180025095e-35 -0.9761814773082732 -1.7231572270393369
decision_type=2 2 2 2 2 2
left_child=2 -2 3 -1 -4 -3
right_child=1 5 4 -5 -6 -7
leaf_value=-0.002375953126755103 -0.012404164212924762 -0.0052239632526863014 0.0066737652447708858 0.0038385147049990196 0.00028767289397111902 0.0095317051252426857
leaf_weight=1365.3974798470736 268.10137750208378 46.800253890454769 766.32278770208359 591.43165625631809 719.10737966746092 48.84633606672287
leaf_count=2169 460 90 1185 908 1127 81
internal_value=0.000326531 -0.00851183 0.0013216 -0.00044751 0.00366696 0.00213807
internal_weight=3806.01 363.748 3442.26 1956.83 1485.43 95.6466
internal_count=6020 631 5389 3077 2312 171
is_linear=0
shrinkage=0.03


Tree=3
num_leaves=7
num_cat=0
split_feature=2 4 3 3 3 1
split_gain=31.173 27.7545 36.3562 35.2628 22.1261 15.1254
threshold=0.15002587437629702 1.0000000180025095e-35 -1.071472108364105 -1.2933036684989927 0.026481049135327343 -0.071326069533824907
decision_type=2 2 2 2 2 2
left_child=4 3 -3 -2 5 -1
right_child=1 2 -4 -5 -6 -7
leaf_value=0.0055898243277018927 0.0054832286664783696 -0.007273007178572018 0.012350100109227803 -0.010583543159451588 -0.0030380432045746075 0.000461123962796945
leaf_weight=1236.9521905630827 136.69231836497784 137.5447848290205 162.29790826141834 566.29209651052952 580.2737875059247 932.59253814816475
leaf_count=1769 218 204 246 1014 1052 1485
internal_value=0.000371477 -0.004087 0.00326902 -0.00731118 0.00203687 0.00343697
internal_weight=3752.65 1002.83 299.843 702.984 2749.82 2169.54
internal_count=5988 1682 450 1232 4306 3254
is_linear=0
shrinkage=0.03


Tree=4
num_leaves=7
num_cat=0
split_feature=3 1 3 5 1 1
split_gain=30.3957 18.0956 20.792 13.4801 8.57283 8.0701
threshold=0.55476582050323497 -0.042441032826900475 -0.47615905106067652 1.0000000180025095e-35 -0.38756209611892695 0.091290865093469634
decision_type=2 2 2 2 2 2
left_child=1 2 -1 -3 -2 -6
right_child=4 3 -4 -5 5 -7
leaf_value=0.0058612635943851941 0.0028453993430696484 0.00045584837989139017 -0.0012870637123173114 -0.0059714581687015144 -0.013089643619059314 -0.002585589116404515
leaf_weight=1074.8850786760449 44.09174656867981 1308.4198394417763 522.55636546015739 353.24459674954414 190.51699464023113 137.17465399205685
leaf_count=1593 89 2182 787 651 415 296
internal_value=0.000272874 0.00123078 0.0034988 -0.000929589 -0.00760526 -0.00926678
internal_weight=3630.89 3259.11 1597.44 1661.66 371.783 327.692
internal_count=6013 5213 2380 2833 800 711
is_linear=0
shrinkage=0.03


Tree=5
num_leaves=7
num_cat=0
split_feature=0 3 2 4 3 0
split_gain=35.3627 28.5588 23.8254 23.9181 14.4831 10.5493
threshold=-1.4732437729835508 0.55476582050323497 0.10185602679848672 1.0000000180025095e-35 -1.4919024109840391 -1.4288516640663145
decision_type=2 2 2 2 2 2
left_child=2 5 4 -4 -1 -2
right_child=1 -3 3 -5 -6 -7
leaf_value=-0.0061360734753654698 0.013786151893472333 -0.0084358730265284131 -0.011841434490926679 8.0016652919022018e-05 0.0013477353003647555 0.003924465304965795
leaf_weight=274.77090074121952 97.381157755851746 141.58597031235695 373.02784352004528 229.90911038219929 1075.7154477387667 1353.0942724049091
leaf_count=512 146 311 786 367 1785 2120
internal_value=0.000190089 0.00350097 -0.00248604 -0.00734266 -0.000198471 0.00480586
internal_weight=3545.48 1592.06 1953.42 602.937 1350.49 1450.48
internal_count=6027 2577 3450 1153 2297 2266
is_linear=0
shrinkage=0.03


Tree=6
num_leaves=7
num_cat=0
split_feature=0 2 4 0 3 3
split_gain=26.6571 13.2534 18.7683 12.6121 17.2805 11.5319
threshold=-1.5522954463958738 0.09910838678479196 1.0000000180025095e-35 -0.99618166685104359 -0.57040783762931813 -1.2184740304946897
decision_type=2 2 2 2 2 2
left_child=1 5 -3 -2 -5 -1
right_child=3 2 -4 4 -6 -7
leaf_value=-0.0054267275566192517 0.0047304658281937294 -0.011239208834402775 0 0.0032984872530804929 -0.0055324385375771171 0.00088079260602801708
leaf_weight=347.17389159649611 952.06173730641603 306.91630701720715 216.89519692957401 456.89543877542019 321.25945111364126 852.42779294401407
leaf_count=662 1523 742 355 715 593 1447
internal_value=-0.000150789 -0.00279172 -0.00669902 0.00244732 -0.000319441 -0.000954512
internal_weight=3453.63 1723.41 523.812 1730.22 778.155 1199.6
internal_count=6037 3206 1097 2831 1308 2109
is_linear=0
shrinkage=0.03


Tree=7
num_leaves=7
num_cat=0
split_feature=0 0 2 0 4 2
split_gain=24.5691 15.0893 14.3698 12.279 10.1045 9.76223
threshold=-1.4732437729835508 -0.99618166685104359 0.031499054282903678 -2.4195463657379146 1.0000000180025095e-35 0.15002587437629702
decision_type=2 2 2 2 2 2
left_child=2 5 3 -1 -4 -2
right_child=1 -3 4 -5 -6 -7
leaf_value=0.0057057169785776742 0.0067518634931642502 -0.00082610271640221327 -0.0093570878182801433 -0.002295785563802858 -0.0014663367145667675 -0.00037205587217103194
leaf_weight=192.58660685271025 622.7202570438385 763.85571030527353 394.38337031006813 865.06160705536604 269.96934964507818 212.92545720934868
leaf_count=362 914 1324 969 1560 464 363
internal_value=-0.000489664 0.00215211 -0.00297449 -0.000704268 -0.0063748 0.00490027
internal_weight=3321.5 1599.5 1722 1057.65 664.353 835.646
internal_count=5956 2601 3355 1922 1433 1277
is_linear=0
shrinkage=0.03


Tree=8
num_leaves=7
num_cat=0
split_feature=1 2 1 4 4 7
split_gain=9.41926 9.12539 9.58241 7.92231 5.7124 3.38876
threshold=0.37979812920093542 -0.37292703986167902 -0.18564333766698835 1.0000000180025095e-35 1.0000000180025095e-35 1.0000000180025095e-35
decision_type=2 2 2 2 2 2
left_child=1 3 -3 -1 5 -2
right_child=4 2 -4 -5 -6 -7
leaf_value=-0.0059698189161021212 -0.010517177603592297 0.0047921868851514039 0.00044067122637454054 0.0039222227751485915 0.00069324141538829943 -0.0008431352671792895
leaf_weight=270.36150083690882 113.77645424008369 583.1944402307272 2043.8970557376742 74.13954995572567 91.855337411165237 67.164960667490959
leaf_count=477 289 1006 3774 125 161 149
internal_value=0.000316461 0.000834322 0.00145825 -0.00357796 -0.00479138 -0.00766613
internal_weight=3244.39 2971.59 2627.09 344.501 272.797 180.941
internal_count=5981 5382 4780 602 599 438
is_linear=0
shrinkage=0.03


Tree=9
num_leaves=7
num_cat=0
split_feature=3 3 1 3 0 1
split_gain=22.4895 12.2445 16.1711 14.4275 8.12534 6.53663
threshold=0.29165817797183996 -1.5477165579795835 0.32127971947193151 -1.8225993514060972 -0.51589083671569813 -0.44650165736675257
decision_type=2 2 2 2 2 2
left_child=1 3 -3 -1 5 -2
right_child=4 2 -4 -5 -6 -7
leaf_value=0.0012250527206848717 0.0026085016412796891 0.0028146193933406786 -0.0052942451314474661 -0.0074281757767689742 0.0038971511321211714 -0.0085193628645020524
leaf_weight=350.85427280515432 35.505067825317383 1893.6664802283049 227.28057249635458 297.38939574360847 45.37414825707674 403.23434665799141
leaf_count=635 73 3208 499 554 103 957
internal_value=-0.000278727 0.000757844 0.00187631 -0.00275844 -0.00612189 -0.00741358
internal_weight=3253.3 2769.19 2120.95 648.244 484.114 438.739
internal_count=6029 4896 3707 1189 1133 1030
is_linear=0
shrinkage=0.03


Tree=10
num_leaves=5
num_cat=0
split_feature=0 1 3 3
split_gain=16.8716 10.6612 14.014 11.652
threshold=0.067833337932825102 -0.071326069533824907 0.026481049135327343 -1.83731472492218
decision_type=2 2 2 2
left_child=1 2 -1 -3
right_child=-2 3 -4 -5
leaf_value=0.0028661817485719655 0.011046278302520021 0.0044023377118647374 -0.0042764469323875801 -0.0031267283183888744
leaf_weight=1093.6258902847767 94.979138940572739 186.33085438609123 293.85446853935719 1525.3026197478175
leaf_count=1796 157 341 637 3073
internal_value=-0.000212701 -0.00064561 0.00127154 -0.00223107
internal_weight=3194.09 3099.11 1387.48 1711.63
internal_count=6004 5847 2433 3414
is_linear=0
shrinkage=0.03


Tree=11
num_leaves=7
num_cat=0
split_feature=0 0 2 3 2 3
split_gain=17.413 10.7607 12.9787 9.24339 9.23711 9.09744
threshold=-1.4732437729835508 -2.3158314228057857 0.087409157305955901 0.42287677526474005 -0.21072321385145185 -1.4575939774513242
decision_type=2 2 2 2 2 2
left_child=1 2 -1 4 -2 -3
right_child=3 5 -4 -5 -6 -7
leaf_value=0.0047568807023114197 -0.0013796203749040221 -0.0091039277787094159 -0.0049786603609388389 -0.0041218813579966089 0.0042693100876880826 -0.0023648081621169201
leaf_weight=327.87696303427219 313.26386889070272 227.79452396929264 167.75713288038969 165.20821149647236 1063.7521572113037 934.95956145226955
leaf_count=634 491 512 387 397 1735 1907
internal_value=-0.000158504 -0.00229635 0.00128004 0.00210193 0.00293991 -0.00386741
internal_weight=3200.61 1658.39 495.634 1542.22 1377.02 1162.75
internal_count=6063 3440 1021 2623 2226 2419
is_linear=0
shrinkage=0.03


Tree=12
num_leaves=7
num_cat=0
split_feature=0 0 0 1 0 0
split_gain=19.0815 12.4526 17.4631 9.95334 9.9288 4.59487
threshold=-1.5522954463958738 0.10499889031052591 -1.0279726386070249 -0.049412462860345834 -2.2799719572067256 -2.5537434816360469
decision_type=2 2 2 2 2 2
left_child=3 2 -2 4 -1 -5
right_child=1 -3 -4 5 -6 -7
leaf_value=0.0044144654567694307 0.0043081075160382497 0.012271770843380226 -0.0019704716126914311 0.0024989682141563904 -0.0025144962708777076 -0.0054523487619394448
leaf_weight=275.92139860987663 876.66919258236885 86.937754034996033 686.72239860892296 49.747341699898243 481.23386327922344 695.41950638592243
leaf_count=510 1484 135 1250 114 936 1617
internal_value=3.22287e-05 0.00226464 0.00152228 -0.00237823 0 -0.00479166
internal_weight=3152.65 1650.33 1563.39 1502.32 757.155 745.167
internal_count=6046 2869 2734 3177 1446 1731
is_linear=0
shrinkage=0.03


Tree=13
num_leaves=7
num_cat=0
split_feature=0 3 0 3 0 0
split_gain=17.2578 13.0337 14.336 13.7529 9.21706 11.0367
threshold=-1.4732437729835508 -1.0971601605415342 -2.2984071969985957 -2.0338807106018062 -1.2759666442871092 0.10499889031052591
decision_type=2 2 2 2 2 2
left_child=1 3 -3 -1 -2 -6
right_child=4 2 -4 -5 5 -7
leaf_value=0.0056688309629741524 0.0066734125363716191 0.0053665480042397792 -0.0021826023113060678 -0.0071722245294931364 0.00010560005681537904 0.010238430023936384
leaf_weight=66.942755624651909 353.77832597494125 306.77983105182648 714.52557160705328 509.02268157154322 1042.2733584791422 88.237739890813828
leaf_count=151 581 652 1544 1081 1866 134
internal_value=0.000220481 -0.00191118 8.69125e-05 -0.00543892 0.0025492 0.00111286
internal_weight=3081.56 1597.27 1021.31 575.965 1484.29 1130.51
internal_count=6009 3428 2196 1232 2581 2000
is_linear=0
shrinkage=0.03


Tree=14
num_leaves=5
num_cat=0
split_feature=0 2 3 0
split_gain=19.8757 12.9219 9.60951 5.30536
threshold=0.10499889031052591 0.12412730976939203 0.70463824272155773 -1.1738631725311277
decision_type=2 2 2 2
left_child=1 2 -1 -3
right_child=-2 3 -4 -5
leaf_value=0.00107323716436134 0.012297084024107115 -0.0055196723717695672 -0.0062878527297781798 -0.00012626793846930913
leaf_weight=1977.7061678692698 88.762183964252472 557.64298347756267 152.32134424895048 263.10417706519365
leaf_count=3689 134 1283 376 504
internal_value=-0.000270043 -0.000748514 0.000465334 -0.00390622
internal_weight=3039.54 2950.77 2130.03 820.747
internal_count=5986 5852 4065 1787
is_linear=0
shrinkage=0.03


Tree=15
num_leaves=5
num_cat=0
split_feature=0 2 6 1
split_gain=15.3766 20.0084 18.3367 8.94425
threshold=0.17637225985527041 0.15002587437629702 1.0000000180025095e-35 -0.049412462860345834
decision_type=2 2 2 2
left_child=1 3 -3 -1
right_child=-2 2 -4 -5
leaf_value=0.0032211699144974169 0.012822256257978755 -0.0010695574442180845 -0.011836413893503454 -0.00062814732730026037
leaf_weight=1321.3323700428009 70.029840350151062 580.31652814894915 177.91384834051132 865.72445450723171
leaf_count=2466 109 1265 407 1757
internal_value=0.000597637 0.000202217 -0.00391229 0.00167839
internal_weight=3015.32 2945.29 758.23 2187.06
internal_count=6004 5895 1672 4223
is_linear=0
shrinkage=0.03


Tree=16
num_leaves=5
num_cat=0
split_feature=0 2 0 4
split_gain=12.7916 13.2428 10.8815 9.87781
threshold=0.067833337932825102 0.18806516379117968 -1.4732437729835508 1.0000000180025095e-35
decision_type=2 2 2 2
left_child=1 2 -1 -3
right_child=-2 3 -4 -5
leaf_value=-0.0011856953914243251 0.0098448727040448165 -0.0066427976604505681 0.0029498457249106918 0.0012411002977511499
leaf_weight=1222.2851872518659 94.830384328961372 428.89402024820447 1027.4881335794926 184.69918579608202
leaf_count=2586 158 1050 1804 355
internal_value=6.57685e-06 -0.000364471 0.000685952 -0.00421068
internal_weight=2958.2 2863.37 2249.77 613.593
internal_count=5953 5795 4390 1405
is_linear=0
shrinkage=0.03


Tree=17
num_leaves=7
num_cat=0
split_feature=0 3 3 2 3 4
split_gain=13.0549 9.23414 12.8767 6.933 11.1942 8.39152
threshold=-1.5622841715812681 0.55476582050323497 -1.5355415344238279 0.026214370504021648 -1.2184740304946897 1.0000000180025095e-35
decision_type=2 2 2 2 2 2
left_child=3 2 -2 4 -1 -5
right_child=1 -3 -4 5 -6 -7
leaf_value=-0.0054886446954661725 -0.002111778227537772 -0.0046120296507409552 0.0043950063130059319 -0.0074508473000036565 0.0018876169996880361 0
leaf_weight=239.44601747393608 336.83864914625883 145.42917263507843 1080.9714313670993 323.8761883340776 621.44577408581972 212.71622438728809
leaf_count=552 581 361 1926 933 1229 432
internal_value=0.000132481 0.00202259 0.00279954 -0.00193819 -0.000173918 -0.00455298
internal_weight=2960.72 1563.24 1417.81 1397.48 860.892 536.592
internal_count=6014 2868 2507 3146 1781 1365
is_linear=0
shrinkage=0.03


Tree=18
num_leaves=7
num_cat=0
split_feature=0 0 0 0 1 4
split_gain=9.2038 12.7093 12.8416 8.29097 6.34717 5.17914
threshold=-1.4732437729835508 -1.0171655416488645 -0.22122037410736081 -2.4805699586868282 0.40394163131713873 1.0000000180025095e-35
decision_type=2 2 2 2 2 2
left_child=3 4 -3 5 -2 -1
right_child=1 2 -4 -5 -6 -7
leaf_value=0 0.0057261081215539298 -0.0029907489899392179 0.0062440757674519882 -0.0021843763121191309 -0.0039430762430071389 0.0082997805496901004
leaf_weight=133.36007988452911 661.80520905554295 531.81329344213009 158.10212671756744 1273.3769631907344 45.727687738835812 98.242234468460083
leaf_count=310 1147 1032 291 2936 98 191
internal_value=0.000396148 0.0021494 -0.000673674 -0.00119933 0.0049275 0.00372122
internal_weight=2902.43 1397.45 689.915 1504.98 707.533 231.602
internal_count=6005 2568 1323 3437 1245 501
is_linear=0
shrinkage=0.03


Tree=19
num_leaves=7
num_cat=0
split_feature=3 3 1 2 6 0
split_gain=10.4033 7.36747 11.1618 9.57418 5.96201 4.08849
threshold=0.29165817797183996 -1.5355415344238279 -0.20271357893943784 -0.15907963365316388 1.0000000180025095e-35 -0.9761814773082732
decision_type=2 2 2 2 2 2
left_child=1 3 -3 -1 -2 -6
right_child=4 2 -4 -5 5 -7
leaf_value=-0.0080567669719017448 -0.0071709929882109828 0.0052661648682048919 0 0 0.0026604107780719751 -0.0064764476131036778
leaf_weight=168.06327453255653 263.51862203329802 468.04164473712444 1408.437540397048 405.0288950279355 127.98934549838305 42.754556283354759
leaf_count=368 682 823 2867 844 348 98
internal_value=-0.000321239 0.00042639 0.00135637 -0.00246053 -0.00450362 0
internal_weight=2883.83 2449.57 1876.48 573.092 434.263 170.744
internal_count=6030 4902 3690 1212 1128 446
is_linear=0
shrinkage=0.03


Tree=20
num_leaves=7
num_cat=0
split_feature=3 0 0 0 2 2
split_gain=10.6576 7.20119 12.4537 9.99693 5.11083 2.46463
threshold=0.55476582050323497 -1.4732437729835508 -0.93389609456062306 -2.4805699586868282 -0.26226964592933649 0.25706437230110174
decision_type=2 2 2 2 2 2
left_child=1 3 -3 -1 -2 -6
right_child=4 2 -4 -5 5 -7
leaf_value=0.0049733007215712298 0.00096003191165244925 0.0048812687835819053 -0.00097828223887743283 -0.0019501060186312069 -0.0093288442606977353 -8.0246505168158122e-05
leaf_weight=202.21028306335211 64.985032714903355 722.03165882825851 547.16528318077326 1119.8540397230536 152.29874262213707 46.683041207492352
leaf_count=413 162 1264 1005 2549 419 154
internal_value=0.000103776 0.000723593 0.00233262 -0.000788127 -0.00539187 -0.00763853
internal_weight=2855.23 2591.26 1269.2 1322.06 263.967 198.982
internal_count=5966 5231 2269 2962 735 573
is_linear=0
shrinkage=0.03


Tree=21
num_leaves=6
num_cat=0
split_feature=0 0 3 3 1
split_gain=9.92227 12.472 10.6107 6.95808 8.70559
threshold=-1.4686346650123594 -1.4288516640663145 -1.6286472678184507 -2.0559248924255367 -0.10304981842637061
decision_type=2 2 2 2 2
left_child=3 -2 -3 -1 -5
right_child=1 2 -4 4 -6
leaf_value=0.0074717442702878258 0.012205096969933476 -0.0043509937653868859 0.0024830071257091846 0.0006880091416242985 -0.0039636505556368933
leaf_weight=52.659844592213631 82.509598597884178 228.15086862444878 1066.3921902105212 603.74373380094767 802.84191170707345
leaf_count=119 147 418 2034 1272 2029
internal_value=0.000223904 0.00205358 0.00118506 -0.00146657 -0.00194332
internal_weight=2836.3 1377.05 1294.54 1459.25 1406.59
internal_count=6019 2599 2452 3420 3301
is_linear=0
shrinkage=0.03


Tree=22
num_leaves=5
num_cat=0
split_feature=0 1 4 0
split_gain=17.2024 14.2333 8.75093 5.3185
threshold=0.17637225985527041 0.19094837456941607 1.0000000180025095e-35 -1.4732437729835508
decision_type=2 2 2 2
left_child=1 3 -3 -1
right_child=-2 2 -4 -5
leaf_value=-0.00063116217998435533 0.013491040055808558 -0.0067665654450620285 0.00069103731890011284 0.0023197537834101184
leaf_weight=1126.7014740593731 62.726162642240524 413.28181142732501 184.8165495917201 1002.9529118090868
leaf_count=2595 111 1030 374 1885
internal_value=0 -0.00039343 -0.00441725 0.000739302
internal_weight=2790.48 2727.75 598.098 2129.65
internal_count=5995 5884 1404 4480
is_linear=0
shrinkage=0.03


Tree=23
num_leaves=7
num_cat=0
split_feature=2 4 0 0 2 0
split_gain=11.1827 18.4928 10.5159 7.13239 10.595 9.91381
threshold=0.16914440691471103 1.0000000180025095e-35 -1.8347591757774351 -1.4732437729835508 0.10185602679848672 -2.0792038440704341
decision_type=2 2 2 2 2 2
left_child=3 -2 -3 5 -5 -1
right_child=1 2 -4 4 -6 -7
leaf_value=0.0017952547268913447 -0.007158921984052203 -0.0028342340741077639 0.0093239918199699463 0.0011386071195935842 0.010428033241609659 -0.0037777551177875395
leaf_weight=532.46776590496302 453.87393502891064 108.137575507164 103.19812370836735 891.24050536006689 111.71725727617741 564.12441015988588
leaf_count=1215 1185 223 201 1669 216 1319
internal_value=-0.000463473 -0.00380453 0.00313625 0.000592691 0.00241564 -0.00103427
internal_weight=2764.76 665.21 211.336 2099.55 1002.96 1096.59
internal_count=6028 1609 424 4419 1885 2534
is_linear=0
shrinkage=0.03


Tree=24
num_leaves=7
num_cat=0
split_feature=2 0 3 3 0 1
split_gain=12.8468 13.8168 9.94764 12.2737 7.90169 7.15102
threshold=0.020261994563043121 0.17637225985527041 -1.5989038348197935 -0.20638873428106305 -1.0821425914764402 0.38795408606529241
decision_type=2 2 2 2 2 2
left_child=2 5 4 -4 -1 -2
right_child=1 -3 3 -5 -6 -7
leaf_value=0 -0.0021160645444702648 0.011915692861794849 0.004759334801462037 -0.0010794642717171943 -0.010762363448238615 -0.0084297542511167743
leaf_weight=206.45297881960869 891.84318139404058 34.384518474340439 818.08425506949425 494.68878626823425 72.649348631501198 200.40297261625528
leaf_count=478 2083 64 1581 1092 140 530
internal_value=-0.000294627 -0.00273796 0.00140991 0.00253092 -0.00347888 -0.00345918
internal_weight=2718.51 1126.63 1591.88 1312.77 279.102 1092.25
internal_count=5968 2677 3291 2673 618 2613
is_linear=0
shrinkage=0.03


Tree=25
num_leaves=5
num_cat=0
split_feature=0 3 1 1
split_gain=15.021 11.4829 7.05028 4.04513
threshold=0.10499889031052591 0.55476582050323497 0.4252584725618363 -0.38756209611892695
decision_type=2 2 2 2
left_child=1 2 -1 -3
right_child=-2 3 -4 -5
leaf_value=0.00051157406525210167 0.011819072166597517 0.0010849455838819833 -0.0057596521092844414 -0.0080097444205681958
leaf_weight=2217.3369904831052 70.463819831609726 35.228624686598778 153.71286233142018 211.75461452454329
leaf_count=4664 137 83 391 652
internal_value=-0.000170995 -0.000603608 3.51469e-05 -0.00650369
internal_weight=2688.5 2618.03 2371.05 246.983
internal_count=5927 5790 5055 735
is_linear=0
shrinkage=0.03


Tree=26
num_leaves=7
num_cat=0
split_feature=3 4 0 2 2 3
split_gain=10.5197 8.45763 16.2413 8.63158 6.55486 10.7416
threshold=-0.17118373513221738 1.0000000180025095e-35 -1.6405402421951292 -0.030435356311500069 0.028957637958228592 -1.5477165579795835
decision_type=2 2 2 2 2 2
left_child=4 3 -3 -2 5 -1
right_child=1 2 -4 -5 -6 -7
leaf_value=-0.0015079507884046166 -0.00045625084782370247 -0.0045742305272839573 0.013244616775318812 -0.0074525992935587969 -0.00042088859290983745 0.0047880467959679415
leaf_weight=310.0085652731359 359.14586430042982 79.318844079971313 63.947361968457699 300.53123342618346 775.08946985006332 851.18810606002808
leaf_count=708 818 184 125 836 1778 1639
internal_value=0.000433011 -0.00238684 0.00365993 -0.00385739 0.00164547 0.00305932
internal_weight=2739.23 802.943 143.266 659.677 1936.29 1161.2
internal_count=6088 1963 309 1654 4125 2347
is_linear=0
shrinkage=0.03


Tree=27
num_leaves=7
num_cat=0
split_feature=1 2 3 3 1 7
split_gain=9.89914 9.57393 7.55649 4.64428 2.7267 2.33186
threshold=-0.071326069533824907 -0.37292703986167902 0.09589321538805963 -2.0065332651138301 0.54386490583419811 1.0000000180025095e-35
decision_type=2 2 2 2 2 2
left_child=1 5 -3 -2 -5 -1
right_child=3 2 -4 4 -6 -7
leaf_value=-0.00053503705217016514 0.0042307484341079296 0.0047658636736989087 -0.0016921384780372733 -0.0025261463009425989 0.0020264073423336463 -0.0069220849269884498
leaf_weight=189.70150502026081 87.332497134804726 745.21508203260601 180.44767289608717 1289.0258572809398 100.61651288345456 69.219046786427498
leaf_count=400 182 1485 459 3047 275 147
internal_value=-1.13107e-05 0.00199068 0.00343434 -0.0016622 -0.00212988 -0.00283156
internal_weight=2661.56 1184.58 925.663 1476.97 1389.64 258.921
internal_count=5995 2491 1944 3504 3322 547
is_linear=0
shrinkage=0.03


Tree=28
num_leaves=5
num_cat=0
split_feature=1 1 3 5
split_gain=8.14783 8.01954 21.3243 9.6043
threshold=-0.68812808394432057 -0.18564333766698835 -1.6393707394599912 1.0000000180025095e-35
decision_type=2 2 2 2
left_child=-1 2 -2 -3
right_child=1 3 -4 -5
leaf_value=-0.010375567375209629 -0.0086347721437615849 0.00046577412795270281 0.0053420983734986868 -0.0045424793498696691
leaf_weight=45.426821738481522 95.952897241339087 1506.7854154929519 585.68274474143982 420.50124536827207
leaf_count=90 227 3355 1204 1109
internal_value=5.44876e-05 0.000336472 0.00309903 -0.000631561
internal_weight=2654.35 2608.92 681.636 1927.29
internal_count=5985 5895 1431 4464
is_linear=0
shrinkage=0.03


Tree=29
num_leaves=6
num_cat=0
split_feature=1 0 0 0 1
split_gain=10.2663 6.21984 4.82636 5.93365 0.866822
threshold=0.38795408606529241 -0.87289050221443165 -2.5486598014831539 -1.4732437729835508 0.56330764293670665
decision_type=2 2 2 2 2
left_child=2 4 -1 -4 -2
right_child=1 -3 3 -5 -6
leaf_value=0.0075306389407795628 -0.010301037963720424 0.0027807642513462084 -0.00037144457370039076 0.00260324938721578 -0.0028212975831465167
leaf_weight=95.788863018155098 86.314896076917648 45.55012421309948 1158.149443782866 1166.7097526341677 71.643528953194618
leaf_count=216 255 112 2817 2333 194
internal_value=0.0008669 -0.00524109 0.00144373 0.00110526 -0.00794403
internal_weight=2624.16 203.509 2420.65 2324.86 157.958
internal_count=5927 561 5366 5150 449
is_linear=0
shrinkage=0.03


Tree=30
num_leaves=7
num_cat=0
split_feature=1 3 2 3 3 0
split_gain=9.46002 6.29075 8.3965 7.62233 2.91756 2.75802
threshold=0.3723894357681275 -1.5355415344238279 -0.059813953936099999 0.30042670667171484 0.42287677526474005 -0.64899167418479908
decision_type=2 2 2 2 2 2
left_child=1 2 -1 -3 5 -2
right_child=4 3 -4 -5 -6 -7
leaf_value=-0.0065522110592585057 -0.0046616988641044448 0.0022952374791386457 0.001089459945141535 -0.0025837815115656417 -0.012472325999121086 0.0029326799465355818
leaf_weight=210.94868355244398 162.49574570730329 1611.9233736209571 259.55548594892025 321.87211379036307 32.590210992842913 31.092879474163055
leaf_count=513 435 3352 579 899 120 72
internal_value=6.67221e-05 0.000657373 -0.00234179 0.0014343 -0.00551154 -0.00300063
internal_weight=2630.48 2404.3 470.504 1933.8 226.179 193.589
internal_count=5970 5343 1092 4251 627 507
is_linear=0
shrinkage=0.03


Tree=31
num_leaves=5
num_cat=0
split_feature=0 1 0 0
split_gain=8.35493 9.71359 4.1366 2.86643
threshold=0.067833337932825102 0.4252584725618363 -1.4686346650123594 -0.91325169801712025
decision_type=2 2 2 2
left_child=1 2 -1 -3
right_child=-2 3 -4 -5
leaf_value=-0.0011376620844914978 0.0084051293982552525 -0.0089892683407623367 0.0013458817639395724 0
leaf_weight=1276.8850030452013 78.404080659151077 127.79505820944905 1108.6372522413731 34.428461641073227
leaf_count=3149 158 382 2249 87
internal_value=-0.000141909 -0.000491719 0 -0.00716815
internal_weight=2626.15 2547.75 2385.52 162.224
internal_count=6025 5867 5398 469
is_linear=0
shrinkage=0.03


Tree=32
num_leaves=7
num_cat=0
split_feature=1 1 2 1 4 1
split_gain=4.21394 2.50105 1.82119 1.10574 6.23577 1.35171
threshold=0.38795408606529241 0.33977107703685766 0.20398800820112231 0.56330764293670665 1.0000000180025095e-35 0.50101110339164745
decision_type=2 2 2 2 2 2
left_child=1 2 -1 5 -5 -2
right_child=3 -3 -4 4 -6 -7
leaf_value=0.0011030655255465981 -0.0011789956394383089 0.0062198081647017803 -0.0012387275402634195 -0.0056479699154776486 0.0077474147692350587 -0.0093192612823414511
leaf_weight=2007.8208693414927 72.66550462692976 62.68670155107975 310.62080458551645 61.605749491602182 30.15407857298851 32.058988995850086
leaf_count=4462 224 162 766 188 65 91
internal_value=0.000598557 0.000975194 0.000755747 -0.00335704 -0.000110437 -0.00524679
internal_weight=2577.61 2381.13 2318.44 196.484 91.7598 104.724
internal_count=5958 5390 5228 568 253 315
is_linear=0
shrinkage=0.03


Tree=33
num_leaves=7
num_cat=0
split_feature=1 3 3 3 6 3
split_gain=6.12208 11.9656 16.1418 5.0611 3.41671 2.75435
threshold=-0.071326069533824907 -0.47615905106067652 -1.1227906942367551 -2.0464614629745479 1.0000000180025095e-35 -1.5355415344238279
decision_type=2 2 2 2 2 2
left_child=1 2 -1 -2 -3 -5
right_child=3 4 -4 5 -6 -7
leaf_value=-0.00054658470113330346 0.0050213658397022321 -0.0046417197546956314 0.00829746999171589 -0.0053372437813391446 0.0003032448117227785 -0.0016184844212126096
leaf_weight=389.06686174869537 65.66289584338665 279.12629642337561 312.70928984880447 232.52731542289257 176.18501194566488 1135.0753577314317
leaf_count=870 136 647 583 546 389 2798
internal_value=-0.000604914 0.000975363 0.00343189 -0.00191784 -0.00266976 -0.00236182
internal_weight=2590.35 1157.09 701.776 1433.27 455.311 1367.6
internal_count=5969 2489 1453 3480 1036 3344
is_linear=0
shrinkage=0.03


Tree=34
num_leaves=7
num_cat=0
split_feature=0 0 3 1 3 6
split_gain=7.87361 8.78031 5.70164 5.22587 4.01373 3.78556
threshold=-1.5622841715812681 -2.5705336332321163 0.2620192170143128 0.34461352229118353 -0.84053862094879139 1.0000000180025095e-35
decision_type=2 2 2 2 2 2
left_child=1 -1 -3 4 -2 -5
right_child=3 2 -4 5 -6 -7
leaf_value=0.0074175051329974954 0.0045067653207686523 -0.00096069066732510191 -0.0067194880585072997 0 0.0009005187639218469 -0.0096924741955492187
leaf_weight=75.254172876477242 563.10826519876719 991.23098194599152 175.73902190104127 95.113951101899147 653.29630029201508 32.407706059515476
leaf_count=172 1145 2417 576 245 1364 83
internal_value=0.000430167 -0.00125192 -0.00197709 0.00202451 0.00266438 -0.00320611
internal_weight=2586.15 1242.22 1166.97 1343.93 1216.4 127.522
internal_count=6002 3165 2993 2837 2509 328
is_linear=0
shrinkage=0.03


Tree=35
num_leaves=7
num_cat=0
split_feature=1 4 3 3 3 3
split_gain=9.30399 5.9611 9.61478 9.22625 4.76537 7.06146
threshold=0.32127971947193151 1.0000000180025095e-35 -1.446207523345947 -0.78794395923614491 -1.5355415344238279 -0.50869482755661
decision_type=2 2 2 2 2 2
left_child=4 2 -2 -3 -1 -6
right_child=1 3 -4 -5 5 -7
leaf_value=-0.0013609356827712013 0.0054237296142285738 -0.0059604878837545196 -0.0098502498218703393 0.0092665855189054836 0.0037627525626850551 9.8048254500560638e-06
leaf_weight=440.01191240921617 27.267698004841805 53.073669455945492 164.54583868011832 48.270454809069633 957.09173210337758 898.79270051047206
leaf_count=1066 71 118 531 104 2021 2136
internal_value=0.000649715 -0.00416524 -0.00708857 0.00112967 0.00132109 0.00199669
internal_weight=2589.05 293.158 191.814 101.344 2295.9 1855.88
internal_count=6047 824 602 222 5223 4157
is_linear=0
shrinkage=0.03


Tree=36
num_leaves=6
num_cat=0
split_feature=2 2 5 5 1
split_gain=5.15909 3.81127 7.82634 7.56609 1.82202
threshold=0.53944504261016857 -0.38822077214717859 1.0000000180025095e-35 1.0000000180025095e-35 0.56330764293670665
decision_type=2 2 2 2 2
left_child=1 3 -3 -1 -2
right_child=4 2 -4 -5 -6
leaf_value=-0.0056803322196678305 -0.0086985749752525911 0.0020538822955829122 -0.0020944124994511054 0.0051732809322546144 -0.00027936662035435482
leaf_weight=186.64685959368944 52.650651596486568 1708.5054893568158 505.78660748526454 57.365349888801575 59.346990793943405
leaf_count=428 137 3850 1324 125 167
internal_value=0.000324757 0.000651794 0.00106921 -0.00270287 -0.00541013
internal_weight=2570.3 2458.3 2214.29 244.012 111.998
internal_count=6031 5727 5174 553 304
is_linear=0
shrinkage=0.03


Tree=37
num_leaves=5
num_cat=0
split_feature=0 2 3 2
split_gain=8.88522 9.619 10.1653 5.04696
threshold=0.10499889031052591 0.1918386518955231 -1.2184740304946897 -0.16471158713102338
decision_type=2 2 2 2
left_child=1 3 -3 -1
right_child=-2 2 -4 -5
leaf_value=-0.0013546839177229534 0.0096455303026588939 0.0018023464021133901 -0.0067747050904852389 0.0017168729694296131
leaf_weight=748.14386922121048 61.496366903185844 161.77670192718506 352.62881921604276 1226.5440885387361
leaf_count=1660 134 378 1015 2825
internal_value=-7.43737e-05 -0.0004134 -0.00399851 0.000521167
internal_weight=2550.59 2489.09 514.406 1974.69
internal_count=6012 5878 1393 4485
is_linear=0
shrinkage=0.03


Tree=38
num_leaves=7
num_cat=0
split_feature=0 3 0 3 3 5
split_gain=5.7021 14.457 12.9342 13.0766 10.9929 8.21982
threshold=-1.4732437729835508 -1.1341651082038877 -1.1403049230575559 -0.51746761798858631 -0.58156338334083546 1.0000000180025095e-35
decision_type=2 2 2 2 2 2
left_child=1 5 -2 -4 -3 -1
right_child=2 4 3 -5 -6 -7
leaf_value=-0.0031934953404244276 0.0052625191891087523 0.0052105458392747352 0.0022217937873129151 -0.0055056371352830424 -0.0016346617805283543 -0.013593729041158598
leaf_weight=374.22740779817104 461.65283005684614 308.65067255869508 448.76690631359816 315.21859108656645 556.48847761377692 80.397435463964939
leaf_count=939 940 697 950 730 1532 225
internal_value=-4.79591e-05 -0.00142835 0.00138934 -0.00094911 0.000802231 -0.00565444
internal_weight=2545.4 1319.76 1225.64 763.985 865.139 454.625
internal_count=6013 3393 2620 1680 2229 1164
is_linear=0
shrinkage=0.03


Tree=39
num_leaves=7
num_cat=0
split_feature=1 4 0 1 1 2
split_gain=6.62563 14.5776 4.25671 4.11356 5.39647 3.61667
threshold=0.19094837456941607 1.0000000180025095e-35 -0.75798675417900074 0.048461290076375015 -0.071326069533824907 0.13492407649755481
decision_type=2 2 2 2 2 2
left_child=3 2 -2 4 -1 -5
right_child=1 -3 -4 5 -6 -7
leaf_value=0.0015764764991814052 -0.0035169628544181497 0.004313495047852103 -0.012180925349909411 0.0013370143458217815 -0.0022689839889846516 0.0074398818597185556
leaf_weight=1112.6426542680711 295.73777055367827 167.24700089544058 67.299957796931267 280.71360015869141 435.80942891165614 144.21873454004526
leaf_count=2493 881 370 168 636 1034 364
internal_value=0.000399832 -0.00248261 -0.00583189 0.00122163 0.000440791 0.00378445
internal_weight=2503.67 530.285 363.038 1973.38 1548.45 424.932
internal_count=5946 1419 1049 4527 3527 1000
is_linear=0
shrinkage=0.03


Tree=40
num_leaves=6
num_cat=0
split_feature=2 0 2 4 1
split_gain=6.57798 9.67631 8.40475 4.61062 4.47393
threshold=-0.36458329856395716 -2.4120936393737789 -0.34051799774169916 1.0000000180025095e-35 0.38795408606529241
decision_type=2 2 2 2 2
left_child=1 -1 -2 -3 -4
right_child=2 3 4 -5 -6
leaf_value=0.006917468287848374 0.011333366539799852 -0.0084526429842237006 0.00077114601752660832 0.00059908763063637178 -0.0038310409566086629
leaf_weight=38.3093471378088 44.934455268085003 189.68122662603855 2014.9781416710466 47.763715572655201 187.53168432787061
leaf_count=82 100 437 4698 112 579
internal_value=9.50448e-05 -0.00408586 0.000666005 -0.00649368 0.00032135
internal_weight=2523.2 275.754 2247.44 237.445 2202.51
internal_count=6008 631 5377 549 5277
is_linear=0
shrinkage=0.03


Tree=41
num_leaves=7
num_cat=0
split_feature=2 2 4 3 4 5
split_gain=7.07009 7.70623 6.69844 4.95476 3.61715 2.87612
threshold=-0.38822077214717859 -0.018440417014062401 1.0000000180025095e-35 -1.8646301031112669 1.0000000180025095e-35 1.0000000180025095e-35
decision_type=2 2 2 2 2 2
left_child=4 2 -2 -3 5 -1
right_child=1 3 -4 -5 -6 -7
leaf_value=-0.0091682102455468428 0.0035542311013888198 0.0040547795011476474 -0.001652970333182148 -0.0019300761419152113 0.00074852021159017563 0
leaf_weight=119.89736367017031 835.10907064937055 116.60375702008605 269.23803442716599 1054.8117608428001 55.557476907968521 56.172916293144226
leaf_count=293 1852 270 601 2731 131 130
internal_value=-7.27213e-05 0.000427127 0.00222454 -0.00122591 -0.00486583 -0.00683905
internal_weight=2507.39 2275.76 1104.35 1171.42 231.628 176.07
internal_count=6008 5454 2453 3001 554 423
is_linear=0
shrinkage=0.03


Tree=42
num_leaves=5
num_cat=0
split_feature=0 2 3 3
split_gain=7.30357 9.31403 9.70459 8.73438
threshold=0.10499889031052591 0.17308732867240909 -1.2184740304946897 0.75607007741928112
decision_type=2 2 2 2
left_child=1 3 -3 -1
right_child=-2 2 -4 -5
leaf_value=0.00071789435905613222 0.0083278061038969571 0.0013155023386954077 -0.0069224816220765043 -0.0069278538026866631
leaf_weight=1763.3307789377868 59.662199661135674 167.81251288577914 367.6090116687119 125.14007904753089
leaf_count=3976 130 403 1090 375
internal_value=-0.000550419 -0.000859864 -0.0042781 0.000112516
internal_weight=2483.55 2423.89 535.422 1888.47
internal_count=5974 5844 1493 4351
is_linear=0
shrinkage=0.03


Tree=43
num_leaves=7
num_cat=0
split_feature=0 2 3 0 2 0
split_gain=11.3112 8.62023 8.56701 7.45292 5.89267 5.24466
threshold=-1.5764803290367124 0.10185602679848672 -1.1739603877067564 -1.2468280196189878 0.028957637958228592 -1.099162697792053
decision_type=2 2 2 2 2 2
left_child=1 2 -1 4 -2 -5
right_child=3 -3 -4 5 -6 -7
leaf_value=-0.0044021950639144035 0.0080031517220467731 -0.0057523567488202117 0.0018999173805118526 -0.0037510748398669291 0.00057429652627568662 0.0017591642304030377
leaf_weight=266.19236348941922 267.11573073267937 328.16375043988228 580.62589622661471 176.57043404877186 177.17942921072245 681.89486554265022
leaf_count=715 574 1024 1348 370 408 1514
internal_value=0.000315073 -0.00177534 -6.77593e-05 0.00224415 0.0053222 0.000497911
internal_weight=2477.74 1174.98 846.818 1302.76 444.295 858.465
internal_count=5953 3087 2063 2866 982 1884
is_linear=0
shrinkage=0.03


Tree=44
num_leaves=7
num_cat=0
split_feature=2 3 0 2 2 0
split_gain=5.65303 5.44193 5.74964 3.17213 2.88405 0.666932
threshold=-0.38822077214717859 0.30042670667171484 -0.51589083671569813 0.020261994563043121 -0.5854007601737975 -2.1646325588226314
decision_type=2 2 2 2 2 2
left_child=4 3 -3 -2 -1 -6
right_child=1 2 -4 -5 5 -7
leaf_value=0 0.0021428451190903587 -0.0046312741142893223 0.0060126636122408549 -0.00021382859185990494 -0.0007005514412815638 -0.0079540519732247145
leaf_weight=63.710663199424744 1070.1057772226632 280.68806920573115 31.661844722926617 887.21147195994854 38.558975465595722 103.57365710288286
leaf_count=159 2309 880 87 2215 100 249
internal_value=0 0.000436743 -0.0030749 0.00105291 -0.00453804 -0.00668548
internal_weight=2475.51 2269.67 312.35 1957.32 205.843 142.133
internal_count=5999 5491 967 4524 508 349
is_linear=0
shrinkage=0.03


Tree=45
num_leaves=7
num_cat=0
split_feature=2 5 1 2 4 0
split_gain=6.96812 11.7217 8.57139 5.5821 5.42246 2.49055
threshold=-0.36458329856395716 1.0000000180025095e-35 0.37979812920093542 -0.34051799774169916 1.0000000180025095e-35 -0.87289050221443165
decision_type=2 2 2 2 2 2
left_child=1 4 3 -2 -1 -4
right_child=2 -3 5 -5 -6 -7
leaf_value=-0.010476255031787077 0.010403921582152857 0.0057537211838819876 -0.006302512054228224 0.0012971293840200976 0 0.00060595451187850835
leaf_weight=136.65218166261911 45.586686044931412 60.431326076388359 152.02516562864184 1998.5804189071059 58.260026060044765 39.593050129711628
leaf_count=343 102 138 495 4711 142 110
internal_value=0.000457452 -0.00400924 0.0010252 0.00162812 -0.00756912 -0.00466916
internal_weight=2491.13 255.344 2235.79 2044.17 194.912 191.618
internal_count=6041 623 5418 4813 485 605
is_linear=0
shrinkage=0.03


Tree=46
num_leaves=7
num_cat=0
split_feature=3 0 0 3 0 2
split_gain=9.33748 6.83256 9.59534 5.11325 8.25949 6.98505
threshold=-0.17118373513221738 -1.6703273653984068 -2.3084270954132076 -1.5355415344238279 -0.2674263715744018 -0.16471158713102338
decision_type=2 2 2 2 2 2
left_child=3 2 -2 5 -5 -1
right_child=1 -3 -4 4 -6 -7
leaf_value=-0.0072116133426316223 0.00022247306160898066 -0.0003208244923673782 -0.010270459649921621 0.0012403837881419637 0.01086600765217274 0.0004858611399995016
leaf_weight=122.5600544475019 108.3027380220592 400.76115583255887 184.284493252635 1217.0248533524573 69.577496230602264 360.96653721854091
leaf_count=343 311 1025 565 2765 153 855
internal_value=-0.000169036 -0.00309041 -0.00642877 0.000963475 0.0019652 -0.00155501
internal_weight=2463.48 693.348 292.587 1770.13 1286.6 483.527
internal_count=6017 1901 876 4116 2918 1198
is_linear=0
shrinkage=0.03


Tree=47
num_leaves=7
num_cat=0
split_feature=1 1 3 1 3 3
split_gain=5.00897 4.48602 4.48514 3.54531 3.69075 3.60482
threshold=0.3723894357681275 -0.68812808394432057 0.19586327672004702 0.56330764293670665 -0.11978641524910925 -0.24372383952140805
decision_type=2 2 2 2 2 2
left_child=1 -1 -3 5 -5 -2
right_child=3 2 -4 4 -6 -7
leaf_value=-0.0076145585228682621 -0.010358584297262731 0.0014144879014167783 -0.002083672799439842 0.0048464261196448566 -0.005829618348366275 0
leaf_weight=37.837610699236393 75.900835409760475 1831.5560487993062 371.41525790467858 51.457507751882076 28.359931576997042 38.529248688369989
leaf_count=93 221 4215 1051 151 100 147
internal_value=0.000111679 0.00054981 0.000784276 -0.00424199 4.40162e-05 -0.00723967
internal_weight=2435.06 2240.81 2202.97 194.248 79.8174 114.43
internal_count=5978 5359 5266 619 251 368
is_linear=0
shrinkage=0.03


Tree=48
num_leaves=7
num_cat=0
split_feature=1 3 3 3 7 4
split_gain=6.56444 7.26303 6.70444 14.1642 6.83926 4.6217
threshold=-0.11787444725632666 -1.9006319642066953 -0.47615905106067652 -1.5611675977706907 1.0000000180025095e-35 1.0000000180025095e-35
decision_type=2 2 2 2 2 2
left_child=2 -2 3 -1 -4 -3
right_child=1 5 4 -5 -6 -7
leaf_value=-0.0033886519793806615 0.0045148998786913377 -0.0030775247878395192 0.00083718963150594412 0.0068980545865346887 -0.0085144339633261932 0.00066471318292895144
leaf_weight=147.33056292682886 146.95664121210575 1021.0348831005394 292.25765959173441 391.24816177040339 68.702196188271046 373.32255228608847
leaf_count=400 340 2665 727 797 170 878
internal_value=-0.000118908 -0.00132489 0.00186611 0.00395609 -0.00113878 -0.00203793
internal_weight=2440.85 1541.31 899.539 538.579 360.96 1394.36
internal_count=5977 3883 2094 1197 897 3543
is_linear=0
shrinkage=0.03


Tree=49
num_leaves=5
num_cat=0
split_feature=0 2 0 3
split_gain=10.4302 5.85182 6.78521 5.06356
threshold=0.067833337932825102 0.1918386518955231 -1.4732437729835508 -1.3472768664360044
decision_type=2 2 2 2
left_child=1 2 -1 -3
right_child=-2 3 -4 -5
leaf_value=-0.0012043180993217869 0.01032848875188945 0.0013524103436302819 0.0024054611607701145 -0.0050948947597705989
leaf_weight=998.61401178501546 65.612750187516212 127.97304596751928 835.47445421665907 345.51212446764112
leaf_count=2585 151 306 1816 1053
internal_value=2.22298e-05 -0.000331268 0.000415878 -0.00324655
internal_weight=2373.19 2307.57 1834.09 473.485
internal_count=5911 5760 4401 1359
is_linear=0
shrinkage=0.03


Tree=50
num_leaves=7
num_cat=0
split_feature=3 2 1 2 2 2
split_gain=6.01506 6.77595 3.90234 4.14187 3.18801 2.45618
threshold=0.55476582050323497 -0.26226964592933649 -0.071326069533824907 -0.4051783680915832 -0.3806727528572082 -0.1799768581986427
decision_type=2 2 2 2 2 2
left_child=2 4 3 -1 -2 -4
right_child=1 -3 5 -5 -6 -7
leaf_value=-0.0024567446194838729 -0.0020884614358227926 -0.0073935946857326918 0.0032239509605016038 0.0025534947266432832 0.0085473222168779388 -0.0013514894024114687
leaf_weight=153.87544029951096 29.325130432844162 181.39457385614514 90.825589403510094 778.78921357356012 25.892304122447968 1129.2639892734587
leaf_count=382 98 626 210 1750 67 2841
internal_value=-0.000325053 -0.00467549 0.00016413 0.00162968 0.00304773 -0.000916
internal_weight=2389.37 236.612 2152.75 932.665 55.2174 1220.09
internal_count=5974 791 5183 2132 165 3051
is_linear=0
shrinkage=0.03


Tree=51
num_leaves=7
num_cat=0
split_feature=3 1 0 3 1 0
split_gain=6.02302 4.41467 5.73034 4.41809 2.75923 3.18616
threshold=0.30042670667171484 -0.065501403063535676 0.067833337932825102 -1.5873315930366514 -0.44650165736675257 -0.51589083671569813
decision_type=2 2 2 2 2 2
left_child=1 3 -3 -1 -2 -6
right_child=4 2 -4 -5 5 -7
leaf_value=-0.0017552285212492466 0.0027487538805916847 -0.0010699381060138005 0.0085153487492394646 0.0032344596015343569 -0.005646459255125252 0.0022351453430163736
leaf_weight=172.26415753923357 30.121516741812229 1106.510916441679 38.321334518492222 728.83900681138039 271.56499879434705 31.806396406143904
leaf_count=465 90 2746 85 1585 910 82
internal_value=0 0.000636976 -0.000556879 0.00219804 -0.00360048 -0.00454745
internal_weight=2379.43 2045.94 1144.83 901.103 333.493 303.371
internal_count=5963 4881 2831 2050 1082 992
is_linear=0
shrinkage=0.03


Tree=52
num_leaves=7
num_cat=0
split_feature=1 4 0 0 0 1
split_gain=6.47658 6.55796 5.7131 10.3659 5.22787 3.56319
threshold=0.2396972253918648 1.0000000180025095e-35 -2.3158314228057857 -2.1393469572067256 -1.8241938948631284 0.1068013943731785
decision_type=2 2 2 2 2 2
left_child=2 -2 5 -4 -3 -1
right_child=1 4 3 -5 -6 -7
leaf_value=0.0056408080468304464 -0.0059951343952873047 -0.0034209513538145581 -0.0074127512332630057 0.00066207249875033214 0.007046108656577699 -0.0016088660000503025
leaf_weight=260.88116398826241 273.58954244479537 63.019266303628683 137.76031143218279 1501.2498786188662 63.341921210289001 53.277933925390244
leaf_count=654 866 157 373 3606 152 145
internal_value=-6.43184e-05 -0.00346916 0.000630581 -6.16393e-05 0.00166186 0.00420908
internal_weight=2353.12 399.951 1953.17 1639.01 126.361 314.159
internal_count=5953 1175 4778 3979 309 799
is_linear=0
shrinkage=0.03


Tree=53
num_leaves=7
num_cat=0
split_feature=1 2 3 5 1 2
split_gain=4.96429 5.55328 7.70065 6.23653 1.37161 4.3956
threshold=0.19094837456941607 -0.15203188359737393 -1.4919024109840391 1.0000000180025095e-35 0.27742150425910955 0.1918386518955231
decision_type=2 2 2 2 2 2
left_child=1 2 -1 -3 -2 -6
right_child=4 3 -4 -5 5 -7
leaf_value=-0.0068259882379380979 -0.0039652588201529093 0.0037882168036181291 0.00073513585252629819 -0.0012735808631939639 0.0046421591407397123 -0.0026987272533797392
leaf_weight=128.79913275688887 183.05522764846683 889.59686472639441 598.03185304999352 256.70505934208632 80.668133437633514 236.33797818422318
leaf_count=374 476 2088 1393 706 227 750
internal_value=0.000577615 0.00130576 -0.000671322 0.00260082 -0.00197983 -0.000488029
internal_weight=2373.19 1873.13 726.831 1146.3 500.061 317.006
internal_count=6014 4561 1767 2794 1453 977
is_linear=0
shrinkage=0.03


Tree=54
num_leaves=7
num_cat=0
split_feature=2 7 1 2 2 0
split_gain=5.62798 5.17261 4.06313 3.36447 2.36793 2.01331
threshold=-0.38822077214717859 1.0000000180025095e-35 0.37979812920093542 -0.34051799774169916 -0.48874728381633753 -1.7311413884162901
decision_type=2 2 2 2 2 2
left_child=1 4 3 -2 -1 -4
right_child=2 -3 5 -5 -6 -7
leaf_value=0.0022887353557289399 0.0069034776577714032 -0.010535736133415862 -0.0062699661662461055 0.00088610480242014137 -0.0042609508648152484 0
leaf_weight=84.495241776108742 72.505411848425865 57.059141293168068 78.991008069366217 1925.1179361864924 69.336236268281937 104.62876543775201
leaf_count=221 165 158 280 4723 181 326
internal_value=0.000289407 -0.0041291 0.000777496 0.00120052 -0.000468818 -0.0031958
internal_weight=2392.13 210.891 2181.24 1997.62 153.831 183.62
internal_count=6054 560 5494 4888 402 606
is_linear=0
shrinkage=0.03


Tree=55
num_leaves=7
num_cat=0
split_feature=0 0 0 3 2 2
split_gain=7.71067 9.86419 8.63114 7.07815 5.11911 3.19268
threshold=-1.4732437729835508 -2.5486598014831539 -1.4288516640663145 -1.1227906942367551 0.049633512273430831 -0.035391559824347489
decision_type=2 2 2 2 2 2
left_child=1 4 -2 -3 -1 -4
right_child=2 3 5 -5 -6 -7
leaf_value=0.011516068591145545 0.010533453313586733 -0.0055634803123745932 0.0026813861033124385 -0.00054640768404756951 -0.00083279558282896044 -0.00050229524024639552
leaf_weight=54.326082646846771 75.33399723470211 396.40599438175559 495.09461155533791 738.66457655280828 32.669580407440662 564.76649120822549
leaf_count=130 170 1102 1103 2062 91 1328
internal_value=2.20897e-05 -0.00159341 0.00181064 -0.00241648 0.00702908 0.000951458
internal_weight=2357.26 1222.07 1135.2 1135.07 86.9957 1059.86
internal_count=5986 3385 2601 3164 221 2431
is_linear=0
shrinkage=0.03


Tree=56
num_leaves=5
num_cat=0
split_feature=0 0 0 3
split_gain=6.74909 8.19018 7.2914 2.79808
threshold=0.067833337932825102 -0.67125064134597767 -1.4732437729835508 -1.5700590610504148
decision_type=2 2 2 2
left_child=1 2 -1 -3
right_child=-2 3 -4 -5
leaf_value=-0.00137848461535325 0.0079879866881087547 -0.011514986282876795 0.0022472993592922894 -0.0029813786173123052
leaf_weight=1240.1498279571533 65.199598580598831 45.751096874475479 805.5537243001163 201.42804847657681
leaf_count=3440 150 105 1857 467
internal_value=-0.000260101 -0.000587628 2.81595e-05 -0.00552919
internal_weight=2358.08 2292.88 2045.7 247.179
internal_count=6019 5869 5297 572
is_linear=0
shrinkage=0.03


Tree=57
num_leaves=5
num_cat=0
split_feature=1 3 7 4
split_gain=4.09959 4.64993 12.4161 7.14184
threshold=-0.68812808394432057 -1.5355415344238279 1.0000000180025095e-35 1.0000000180025095e-35
decision_type=2 2 2 2
left_child=-1 2 -2 -3
right_child=1 3 -4 -5
leaf_value=-0.0080347150294707622 -0.0063468748183334216 -4.9951768351486524e-05 0.0032707939490821077 0.0043085892478562432
leaf_weight=35.273553244769573 271.57156462222338 1445.9546289294958 180.87139277532697 411.52560045570135
leaf_count=91 745 3772 443 974
internal_value=1.1996e-05 0.00022854 -0.00239936 0.000919338
internal_weight=2345.2 2309.92 452.443 1857.48
internal_count=6025 5934 1188 4746
is_linear=0
shrinkage=0.03


Tree=58
num_leaves=5
num_cat=0
split_feature=0 2 0 3
split_gain=6.27877 5.55776 2.60817 2.54558
threshold=0.10499889031052591 0.55446434020996105 -0.67125064134597767 -1.0888868570327757
decision_type=2 2 2 2
left_child=1 2 -1 -3
right_child=-2 3 -4 -5
leaf_value=0.0010461276887991405 0.0094303111112075729 0 -0.0020240249268095719 -0.0093399682780722585
leaf_weight=1946.3317700326443 51.017643183469772 27.224288389086723 255.40499867498875 55.457389757037163
leaf_count=5010 125 73 582 194
internal_value=0.000613689 0.000310615 0.000647965 -0.00646484
internal_weight=2335.44 2284.42 2201.74 82.6817
internal_count=5984 5859 5592 267
is_linear=0
shrinkage=0.03


Tree=59
num_leaves=6
num_cat=0
split_feature=1 1 2 6 7
split_gain=5.63037 2.95368 4.01003 1.43303 0.628197
threshold=0.3723894357681275 0.28171713650226599 -0.030435356311500069 1.0000000180025095e-35 1.0000000180025095e-35
decision_type=2 2 2 2 2
left_child=1 2 -1 -3 -2
right_child=4 3 -4 -5 -6
leaf_value=0.0010527832384146008 -0.0060291393654250411 0.0059073080001403452 -0.0016127370949259026 0 -0.0004322150822356269
leaf_weight=1154.1815523467958 135.65868991799653 95.290708556771278 870.95518837869167 29.849985420703888 51.932774860411882
leaf_count=2825 466 251 2238 86 157
internal_value=-0.0002292 0.000197742 -6.88061e-05 0.00433974 -0.00495964
internal_weight=2337.87 2150.28 2025.14 125.141 187.591
internal_count=6023 5400 5063 337 623
is_linear=0
shrinkage=0.03


Tree=60
num_leaves=7
num_cat=0
split_feature=3 1 5 1 1 3
split_gain=4.65013 3.99548 7.1125 3.90959 3.87242 3.21428
threshold=0.55476582050323497 -0.042441032826900475 1.0000000180025095e-35 -0.083167616277933107 -0.38756209611892695 -0.47615905106067652
decision_type=2 2 2 2 2 2
left_child=1 5 -3 4 -2 -1
right_child=3 2 -4 -5 -6 -7
leaf_value=0.002782124101224847 0 0.00021008164336637928 -0.0055892554376387928 -5.1986858998635304e-05 -0.011294863186261526 -0.00064934787334411761
leaf_weight=680.16158170253038 33.04335505515337 871.32117775827646 217.25486539676785 134.9599961489439 67.361430421471596 330.57504317164421
leaf_count=1609 90 2152 651 475 226 780
internal_value=-0.000189813 0.000246053 -0.000973165 -0.00402723 -0.00797606 0.00161078
internal_weight=2334.68 2099.31 1088.58 235.365 100.405 1010.74
internal_count=5983 5192 2803 791 316 2389
is_linear=0
shrinkage=0.03


Tree=61
num_leaves=6
num_cat=0
split_feature=2 3 2 2 2
split_gain=3.81574 3.95967 2.72326 8.53884 5.75233
threshold=0.48081676661968237 -0.88929209113121022 -0.062451714649796479 -0.025724115781486031 -0.087035764008760438
decision_type=2 2 2 2 2
left_child=2 -2 4 -4 -1
right_child=1 -3 3 -5 -6
leaf_value=1.971590669023674e-06 0.00094567183873073301 -0.0084184381092542674 0.0077449800726197768 0.00031954360133907466 -0.0074053918729442879
leaf_weight=949.1612986586988 47.725322611629963 72.785820122808218 145.74256253987551 1024.7805381193757 82.899259850382805
leaf_count=2343 135 255 343 2746 199
internal_value=8.55115e-05 -0.00467625 0.000412775 0.00140907 -0.000665455
internal_weight=2323.09 120.511 2202.58 1170.52 1032.06
internal_count=6021 390 5631 3089 2542
is_linear=0
shrinkage=0.03


Tree=62
num_leaves=7
num_cat=0
split_feature=3 3 7 1 1 1
split_gain=4.13749 5.10181 12.4066 4.25806 3.67413 4.06434
threshold=0.30042670667171484 -1.5355415344238279 1.0000000180025095e-35 -0.10304981842637061 0.087443500757217421 0.37979812920093542
decision_type=2 2 2 2 2 2
left_child=1 2 -1 -3 -2 -6
right_child=4 3 -4 -5 5 -7
leaf_value=-0.006015879901120476 -0.0052007329416627395 0.0033640110155974861 0.0034759242794818596 0.00011301388319366173 0.0046635564536255322 -0.0053264887278785993
leaf_weight=274.49942181259394 208.3349095210433 613.31385714560747 188.67546578124166 946.83388492837548 80.827617481350899 35.15214941650629
leaf_count=759 667 1358 448 2405 258 154
internal_value=7.70162e-05 0.000613416 -0.00204136 0.0014554 -0.00293644 0.000856363
internal_weight=2347.64 2023.32 463.175 1560.15 324.315 115.98
internal_count=6049 4970 1207 3763 1079 412
is_linear=0
shrinkage=0.03


Tree=63
num_leaves=7
num_cat=0
split_feature=1 4 1 2 5 1
split_gain=5.1333 7.30375 4.46619 5.77315 4.2393 1.61405
threshold=-0.37808527052402491 1.0000000180025095e-35 -0.036864912137389176 0.20398800820112231 1.0000000180025095e-35 -0.46881808340549463
decision_type=2 2 2 2 2 2
left_child=1 5 3 -2 -4 -1
right_child=2 -3 4 -5 -6 -7
leaf_value=-0.0028242049881516793 0.0024542274259067806 0.0039793684499429523 0 -0.0074658665972815548 -0.0043327264429819812 -0.010405472666825916
leaf_weight=103.17769677937031 858.21257146820426 51.160745326429605 947.12082282453775 34.406120579689741 237.6770934946835 77.099799782037735
leaf_count=262 2114 132 2421 97 786 184
internal_value=-0.000212767 -0.0042757 0.000247719 0.00185088 -0.000920963 -0.00708142
internal_weight=2308.85 231.438 2077.42 892.619 1184.8 180.277
internal_count=5996 578 5418 2211 3207 446
is_linear=0
shrinkage=0.03


Tree=64
num_leaves=6
num_cat=0
split_feature=0 0 2 2 2
split_gain=5.17306 7.7762 6.84061 4.63387 1.40301
threshold=-2.5616737604141231 -1.4732437729835508 0.10185602679848672 -0.24063858389854428 0.0056402091868221768
decision_type=2 2 2 2 2
left_child=4 3 -3 -2 -1
right_child=1 2 -4 -5 -6
leaf_value=0.009026808378840916 0.0010214499885076577 -0.00050678748470217279 0.0043553599656805369 -0.0033972112375313438 0
leaf_weight=44.431422829627991 244.93030087649822 731.63825167715549 367.68410085886717 881.66745715588331 33.489775724709034
leaf_count=110 658 1679 925 2547 95
internal_value=-0.000318481 -0.000634465 0.00111459 -0.00238317 0.00638124
internal_weight=2303.84 2225.92 1099.32 1126.6 77.9212
internal_count=6014 5809 2604 3205 205
is_linear=0
shrinkage=0.03


Tree=65
num_leaves=7
num_cat=0
split_feature=1 2 2 1 2 2
split_gain=3.62484 3.64997 4.26885 2.83926 1.57341 3.05709
threshold=0.39547458291053778 -0.36458329856395716 -0.34051799774169916 -0.41962681710720057 0.41929775476455694 0.53944504261016857
decision_type=2 2 2 2 2 2
left_child=1 3 -3 -1 -2 -6
right_child=4 2 -4 -5 5 -7
leaf_value=0.00050345528551111202 -0.0067588788362756306 0.0089659970583439875 0.00077068139736593058 -0.0054204590464912187 0.0049783319652846195 -0.004222731536677217
leaf_weight=103.67008600383997 67.656844023615122 41.334708526730537 1869.0353912301362 129.72810342907906 31.425824042409658 63.47197288274765
leaf_count=281 236 97 4723 353 105 215
internal_value=0.000243952 0.000608401 0.00107014 -0.00272035 -0.00377381 -0.000317368
internal_weight=2306.32 2143.77 1910.37 233.398 162.555 94.8978
internal_count=6010 5454 4820 634 556 320
is_linear=0
shrinkage=0.03


Tree=66
num_leaves=7
num_cat=0
split_feature=1 3 3 2 4 3
split_gain=5.62227 3.89152 4.96911 2.35013 1.88528 2.25901
threshold=0.50101110339164745 -1.5355415344238279 0.27850711345672613 0.0056402091868221768 1.0000000180025095e-35 -0.88929209113121022
decision_type=2 2 2 2 2 2
left_child=1 3 -3 -1 5 -2
right_child=4 2 -4 -5 -6 -7
leaf_value=-0.0039030264368950969 0 0.0019147839661180816 -0.0020568714299271118 0.0002480650484232267 0 -0.011703123404580594
leaf_weight=231.27299726009369 23.163246802985668 1445.3323068879545 320.68620301038027 186.82110211253166 37.56145365908742 40.367184616625309
leaf_count=668 75 3460 1047 482 103 171
internal_value=0.000136351 0.000506157 0.00114503 -0.00198455 -0.00612189 -0.00863962
internal_weight=2285.2 2184.11 1766.02 418.094 101.092 63.5304
internal_count=6006 5657 4507 1150 349 246
is_linear=0
shrinkage=0.03


Tree=67
num_leaves=7
num_cat=0
split_feature=0 3 0 0 1 1
split_gain=4.86456 7.63888 10.0012 6.45672 9.85703 6.06952
threshold=-1.4732437729835508 -1.0971601605415342 -0.49330645799636835 -2.2984071969985957 0.10353451222181322 0.39547458291053778
decision_type=2 2 2 2 2 2
left_child=3 2 -2 5 -5 -1
right_child=1 -3 -4 4 -6 -7
leaf_value=0.003230308235251353 0.0070796643148074529 -0.00022252187438364892 -0.0040476225954179917 -0.0046977036858155581 0.0022941839334076333 -0.0076002833684928276
leaf_weight=359.90213376656175 323.11073897778988 701.85509801283479 70.742188856005669 590.55334880203009 230.91806381940842 31.34864417091012
leaf_count=964 734 1696 170 1624 760 107
internal_value=0.000139828 0.00159647 0.00483703 -0.00113214 -0.00265315 0.0018892
internal_weight=2308.43 1095.71 393.853 1212.72 821.471 391.251
internal_count=6055 2600 904 3455 2384 1071
is_linear=0
shrinkage=0.03


Tree=68
num_leaves=5
num_cat=0
split_feature=0 3 3 2
split_gain=6.93952 5.33324 4.61411 2.22141
threshold=0.10499889031052591 -1.9951341748237608 -1.1341651082038877 0.083842243999242796
decision_type=2 2 2 2
left_child=1 3 -3 -1
right_child=-2 2 -4 -5
leaf_value=0.0076846638047760509 0.0089659505548374298 -0.0029417258438131678 3.0838807260763443e-05 0
leaf_weight=76.427268981933594 51.862794131040573 649.16502808779478 1448.3191919215024 40.091354258358479
leaf_count=209 129 1698 3828 100
internal_value=-0.000170023 -0.000489242 -0.000879921 0.0052026
internal_weight=2265.87 2214 2097.48 116.519
internal_count=5964 5835 5526 309
is_linear=0
shrinkage=0.03


Tree=69
num_leaves=5
num_cat=0
split_feature=0 0 3 3
split_gain=7.05102 6.995 5.72784 3.47271
threshold=0.067833337932825102 -0.49330645799636835 0.4778123944997788 -0.04257532395422458
decision_type=2 2 2 2
left_child=1 2 -1 -3
right_child=-2 3 -4 -5
leaf_value=0.00079090480292055821 0.0087482239032151878 -0.0084538754464446031 -0.0042121933385987961 0.00028600882569166454
leaf_weight=1832.6678170114756 61.21267107129097 112.36335475742817 210.39510700106621 38.956179067492485
leaf_count=4654 152 254 773 112
internal_value=4.53334e-05 -0.00024716 0.000210762 -0.00608291
internal_weight=2255.6 2194.38 2043.06 151.32
internal_count=5945 5793 5427 366
is_linear=0
shrinkage=0.03


Tree=70
num_leaves=7
num_cat=0
split_feature=0 1 0 1 1 0
split_gain=3.2326 5.09845 4.57719 5.335 3.04501 2.93943
threshold=-1.4732437729835508 0.063080586493015303 -2.4335521459579463 0.15229415148496631 -0.42589965462684626 -1.499416649341583
decision_type=2 2 2 2 2 2
left_child=2 4 3 -1 -2 -4
right_child=1 -3 5 -5 -6 -7
leaf_value=0.0048164002755477896 -0.0026559712118302491 -0.0015966433502721572 -0.0017854576033240136 -0.0038884797837901758 0.0032403566049183587 -0.0094520447670490716
leaf_weight=177.77915722876787 63.718987867236137 410.81623766198754 906.70844599977136 68.640606600791216 601.02764034643769 34.392729021608829
leaf_count=456 160 1025 2676 187 1407 88
internal_value=-0.000253464 0.000896467 -0.00134227 0.00205655 0.00252648 -0.00231892
internal_weight=2263.08 1075.56 1187.52 246.42 664.747 941.101
internal_count=5999 2592 3407 643 1567 2764
is_linear=0
shrinkage=0.03


Tree=71
num_leaves=7
num_cat=0
split_feature=2 2 5 3 3 2
split_gain=2.89968 7.20035 7.47395 5.43308 3.48157 5.33305
threshold=-0.16755340993404386 -0.12761672586202619 1.0000000180025095e-35 -1.2036177515983579 -1.5355415344238279 -0.24599005281925199
decision_type=2 2 2 2 2 2
left_child=4 3 -3 -2 -1 -6
right_child=1 2 -4 -5 5 -7
leaf_value=-0.0067345689698573817 -0.0011367023508241975 0.00062487004112692622 -0.0044778615598247947 0.0098956738469501513 0.00097630611157252197 -0.0051560186388350084
leaf_weight=106.67153429612517 42.719331674277782 1177.6520393379033 306.26952952891588 92.855120174586773 367.51904725283384 164.62138504162431
leaf_count=338 113 3031 1009 220 907 398
internal_value=-0.000480085 0.000166436 -0.000433941 0.00633449 -0.00216549 -0.000930151
internal_weight=2258.31 1619.5 1483.92 135.574 638.812 532.14
internal_count=6016 4373 4040 333 1643 1305
is_linear=0
shrinkage=0.03


Tree=72
num_leaves=7
num_cat=0
split_feature=3 1 1 3 1 0
split_gain=3.44982 3.43048 3.09563 6.868 5.99885 2.00841
threshold=0.32946947216987615 -0.38756209611892695 -0.40311433374881739 -0.59893128275871266 -0.20271357893943784 -2.3999272584915157
decision_type=2 2 2 2 2 2
left_child=2 -2 3 -1 -4 -3
right_child=1 5 4 -5 -6 -7
leaf_value=0.0010594172234140323 0.0029520032725837554 0.00064535202828312733 0.0040966447171398579 -0.010131842110698935 -0.00038292048304725332 -0.0056041209771317815
leaf_weight=92.768038421869278 41.158489793539047 31.776289943605661 303.98711731284857 63.585848227143288 1493.4178729131818 232.83849624544382
leaf_count=243 123 116 743 150 3848 808
internal_value=-0.000466171 -0.00332435 0 -0.00378449 0.000378419 -0.00465023
internal_weight=2259.53 305.773 1953.76 156.354 1797.4 264.615
internal_count=6031 1047 4984 393 4591 924
is_linear=0
shrinkage=0.03


Tree=73
num_leaves=5
num_cat=0
split_feature=0 1 1 0
split_gain=7.06241 2.59667 2.69275 1.50673
threshold=0.067833337932825102 0.50101110339164745 -0.68812808394432057 -1.7231572270393369
decision_type=2 2 2 2
left_child=1 2 -1 -3
right_child=-2 3 -4 -5
leaf_value=-0.0068534642740021067 0.0085511053435994699 -0.0079777308717291981 -2.3317511676471298e-05 0
leaf_weight=33.866553150117397 60.186977550387383 44.952404979616404 2064.2281687706709 49.524043444544077
leaf_count=94 155 164 5422 167
internal_value=-0.000156634 -0.000497918 -0.000225567 -0.00492596
internal_weight=2252.76 2192.57 2098.09 94.4764
internal_count=6002 5847 5516 331
is_linear=0
shrinkage=0.03


Tree=74
num_leaves=5
num_cat=0
split_feature=0 2 3 1
split_gain=5.33222 4.12307 5.02532 4.48218
threshold=0.067833337932825102 0.1918386518955231 -1.1341651082038877 0.036509428173303611
decision_type=2 2 2 2
left_child=1 2 -1 -3
right_child=-2 3 -4 -5
leaf_value=-0.0018610187726631794 0.0075305902722580366 -0.0090375604728207774 0.0014877608851007716 -0.001170578067732815
leaf_weight=591.29108009487391 60.205714859068394 69.344050846993923 1138.1247132234275 376.33084998652339
leaf_count=1578 159 194 2887 1167
internal_value=-3.63605e-05 -0.000339849 0.000300322 -0.00285905
internal_weight=2235.3 2175.09 1729.42 445.675
internal_count=5985 5826 4465 1361
is_linear=0
shrinkage=0.03


Tree=75
num_leaves=7
num_cat=0
split_feature=0 2 0 2 0 2
split_gain=3.46155 7.14945 6.93825 6.6138 6.03555 5.56688
threshold=-1.0171655416488645 0.080596823245286955 -0.8847743272781371 0.16914440691471103 -1.099162697792053 0.031499054282903678
decision_type=2 2 2 2 2 2
left_child=4 2 -2 -3 5 -1
right_child=1 3 -4 -5 -6 -7
leaf_value=0.0019868629694221921 -0.012169276390741741 0.0089347185820423357 -0.0016166819326975568 -0.0011263262822377403 0.0079724307184421608 -0.0015643689419971376
leaf_weight=974.53287645801902 61.857041373848915 68.27750376611948 266.45261147990823 141.64584611356258 88.19423995912075 628.02024964243174
leaf_count=2546 150 164 647 388 202 1884
internal_value=0.000378951 -0.00163476 -0.00436176 0.00237761 0.00106669 0.000556073
internal_weight=2228.98 538.233 328.31 209.923 1690.75 1602.55
internal_count=5981 1349 797 552 4632 4430
is_linear=0
shrinkage=0.03


Tree=76
num_leaves=7
num_cat=0
split_feature=1 2 0 0 3 1
split_gain=6.80508 4.24746 2.95558 2.20273 2.05477 1.54186
threshold=0.37979812920093542 -0.39621557295322413 -1.4732437729835508 -2.3837373256683345 0.32946947216987615 0.47045105695724493
decision_type=2 2 2 2 2 2
left_child=1 3 -3 -1 5 -2
right_child=4 2 -4 -5 -6 -7
leaf_value=0.0020501731499525068 -0.0059519690507412945 -5.6405934180870043e-05 0.0022650727348951603 -0.0048942695703699315 -0.011537590316745302 0
leaf_weight=27.515691690146923 48.371938895434141 957.7046132683754 900.64152989536524 156.956747174263 26.932419538497925 92.038578435778618
leaf_count=76 155 2698 2131 459 131 315
internal_value=5.9489e-05 0.000582462 0.00104889 -0.00346579 -0.00538501 -0.00253946
internal_weight=2210.16 2042.82 1858.35 184.472 167.343 140.411
internal_count=5965 5364 4829 535 601 470
is_linear=0
shrinkage=0.03


Tree=77
num_leaves=7
num_cat=0
split_feature=1 1 2 4 0 1
split_gain=5.49217 5.38449 4.73173 4.53466 7.21875 2.44423
threshold=0.19094837456941607 0.081602219492197051 0.24639371037483218 1.0000000180025095e-35 -0.49330645799636835 0.28171713650226599
decision_type=2 2 2 2 2 2
left_child=1 2 -1 4 -2 -5
right_child=3 -3 -4 5 -6 -7
leaf_value=0.00019356059583487881 -0.0025164250615393197 0.0041391848676842202 -0.0074229921661083205 -0.0031429459411478114 -0.014920173246379927 0.0039879281906272978
leaf_weight=1408.9459584876895 290.50911028683186 293.72025179862976 56.988911967724562 45.031778760254383 37.776381626725197 90.48230891674757
leaf_count=3636 963 743 170 119 106 237
internal_value=-0.000179882 0.000563955 -0.000158083 -0.00303267 -0.00489083 0.00113304
internal_weight=2223.45 1759.66 1465.93 463.8 328.285 135.514
internal_count=5974 4549 3806 1425 1069 356
is_linear=0
shrinkage=0.03


Tree=78
num_leaves=7
num_cat=0
split_feature=3 0 0 0 3 3
split_gain=8.04701 6.66244 6.18831 4.97672 3.02181 2.91828
threshold=-0.21520276367664334 -1.5685976743698118 -1.0533304810523985 -2.3084270954132076 -0.27545720338821406 -0.50869482755661
decision_type=2 2 2 2 2 2
left_child=4 3 -3 -2 5 -1
right_child=1 2 -4 -5 -6 -7
leaf_value=0.001580446440406392 0 0.0042780132318470032 -0.0032826371326388844 -0.0080004560199485285 0.0082270860987268268 -0.0022960773438829157
leaf_weight=1345.0425428971648 114.49736585468054 169.56159933283925 177.55735855549574 209.37061328440905 39.413604814559221 171.11493267863989
leaf_count=3481 341 455 485 725 98 423
internal_value=0.000194416 -0.00247559 0.000279032 -0.00544696 0.00140099 0.00107968
internal_weight=2226.56 670.987 347.119 323.868 1555.57 1516.16
internal_count=6008 2006 940 1066 4002 3904
is_linear=0
shrinkage=0.03


Tree=79
num_leaves=5
num_cat=0
split_feature=0 1 3 0
split_gain=6.31451 6.0016 8.40341 3.77391
threshold=0.067833337932825102 -0.049412462860345834 -0.48883685469627375 -0.9536772072315215
decision_type=2 2 2 2
left_child=1 2 -1 -3
right_child=-2 3 -4 -5
leaf_value=0.0032853148557730892 0.0080904846773210987 -0.0010355750155108571 -0.0021699311903869162 -0.0053262516415272026
leaf_weight=609.42684122920036 58.135518208146095 915.30928318947554 396.17304417490959 237.5125575363636
leaf_count=1507 157 2636 1094 615
internal_value=-0.000242876 -0.00056709 0.00107722 -0.00204648
internal_weight=2216.56 2158.42 1005.6 1152.82
internal_count=6009 5852 2601 3251
is_linear=0
shrinkage=0.03


Tree=80
num_leaves=7
num_cat=0
split_feature=3 3 2 2 1 1
split_gain=3.45243 4.41513 9.78713 5.24595 2.27446 5.28434
threshold=0.55476582050323497 -1.1562761664390562 -0.057450283318758004 0.15002587437629702 -0.10022268444299696 -0.38756209611892695
decision_type=2 2 2 2 2 2
left_child=1 2 -1 -3 5 -2
right_child=4 3 -4 -5 -6 -7
leaf_value=-0.0051460542134414231 0.0015722973743063663 0.0026525689201417593 0.0015235200616164814 -0.0016798060270632727 -0.00015670913536092719 -0.01099953999504071
leaf_weight=324.15068345144391 29.856661185622215 945.18356914818287 431.04201069846749 306.92960570007563 126.39325317367911 57.794356079772115
leaf_count=897 91 2302 1112 952 479 207
internal_value=3.09514e-06 0.000427755 -0.00132076 0.0015337 -0.00341924 -0.00666331
internal_weight=2221.35 2007.31 755.193 1252.11 214.044 87.651
internal_count=6040 5263 2009 3254 777 298
is_linear=0
shrinkage=0.03


Tree=81
num_leaves=5
num_cat=0
split_feature=0 0 0 2
split_gain=3.53702 3.35246 3.87133 0.00160567
threshold=1.0000000180025095e-35 -0.43113389611244196 -1.5685976743698118 -0.040817506611347192
decision_type=2 2 2 2
left_child=1 2 -1 -3
right_child=-2 3 -4 -5
leaf_value=-0.0012149529167558919 0.0057809019586367366 -0.0014662912559602274 0.0013725614486134892 -0.0065739070168289587
leaf_weight=1067.674921862781 70.609499216079712 54.401740837842226 977.209308732301 49.741102263331413
leaf_count=3138 182 133 2437 139
internal_value=0 -0.000267543 0 -0.00505519
internal_weight=2219.64 2149.03 2044.88 104.143
internal_count=6029 5847 5575 272
is_linear=0
shrinkage=0.03


Tree=82
num_leaves=7
num_cat=0
split_feature=2 5 2 4 3 2
split_gain=4.82843 6.05792 4.39598 9.85725 3.31568 2.30153
threshold=-0.36458329856395716 1.0000000180025095e-35 0.16914440691471103 1.0000000180025095e-35 -0.48883685469627375 -0.6374852955341338
decision_type=2 2 2 2 2 2
left_child=1 5 4 -4 -2 -1
right_child=2 -3 3 -5 -6 -7
leaf_value=0 0.0025219493947581193 0.0032357635119342064 -0.0045693671266857508 0.0038239596748302382 -0.00030021073869512821 -0.0082649191136665509
leaf_weight=28.947614058852196 912.82543166726828 54.040796622633934 351.06165135279298 165.8336789868772 561.70232341438532 133.18645994737744
leaf_count=95 2295 145 1168 427 1503 392
internal_value=6.11551e-05 -0.00396647 0.000563287 -0.00172268 0.00141711 -0.00678818
internal_weight=2207.6 216.175 1991.42 516.895 1474.53 162.134
internal_count=6025 632 5393 1595 3798 487
is_linear=0
shrinkage=0.03


Tree=83
num_leaves=7
num_cat=0
split_feature=1 2 2 5 2 3
split_gain=3.8953 3.87373 6.35476 3.68843 2.20045 1.42221
threshold=0.3723894357681275 -0.36458329856395716 -0.30235703289508814 1.0000000180025095e-35 0.62958651781082164 0.118819497525692
decision_type=2 2 2 2 2 2
left_child=1 3 -3 -1 5 -2
right_child=4 2 -4 -5 -6 -7
leaf_value=-0.0050622938562790215 -0.0069835850876630232 0.0081573887442591819 0.00070294093574057887 0.0026037162222843193 0.00095875278399741375 0
leaf_weight=163.44055825099349 100.37420096248388 92.834027003496885 1721.7404108308256 55.396869689226151 40.970146089792252 32.102468801662326
leaf_count=483 326 232 4542 145 144 142
internal_value=0.000311768 0.000717077 0.00120179 -0.00281496 -0.0037126 -0.00548705
internal_weight=2206.86 2033.41 1814.57 218.837 173.447 132.477
internal_count=6014 5402 4774 628 612 468
is_linear=0
shrinkage=0.03


Tree=84
num_leaves=7
num_cat=0
split_feature=3 0 5 0 1 0
split_gain=3.71243 4.13816 5.50666 4.12967 1.77072 3.12649
threshold=0.55476582050323497 -1.32330846786499 1.0000000180025095e-35 -1.0279726386070249 -0.38756209611892695 -0.51589083671569813
decision_type=2 2 2 2 2 2
left_child=1 2 -1 -3 -2 -6
right_child=4 3 -4 -5 5 -7
leaf_value=0.00033841456904346956 0.0012002707749444207 0.0044675730963589372 -0.0040878012185252693 4.3470004767966452e-06 -0.0063370771311324105 0.0024088145101233611
leaf_weight=877.19360004551709 28.407140605151653 313.41081323847175 323.52742144837976 486.17799840122461 163.94962870329618 23.56886450573802
leaf_count=2359 84 722 980 1194 628 69
internal_value=-0.000166156 0.000223277 -0.000852487 0.00189331 -0.00374123 -0.00482248
internal_weight=2216.24 2000.31 1200.72 799.589 215.926 187.518
internal_count=6036 5255 3339 1916 781 697
is_linear=0
shrinkage=0.03


Tree=85
num_leaves=7
num_cat=0
split_feature=2 4 3 3 2 3
split_gain=5.20519 3.68174 11.8495 7.99183 3.37668 6.30912
threshold=0.031499054282903678 1.0000000180025095e-35 -1.5787529945373533 -0.94167575240135182 -0.15907963365316388 -1.5355415344238279
decision_type=2 2 2 2 2 2
left_child=4 3 -3 -2 5 -1
right_child=1 2 -4 -5 -6 -7
leaf_value=-0.0064834001072540497 0.00067795363290382919 -0.0079861310617901742 0.0050157520870249949 -0.0059778323190766702 0.0024113728320376555 0.00076339131731717772
leaf_weight=111.96285498514771 246.39822758734226 71.137808155268431 179.51744646579027 370.34017347730696 656.47431406006217 543.79145064949989
leaf_count=361 682 185 476 1238 1660 1397
internal_value=-0.000251786 -0.00205083 0.000786578 -0.00328672 0.000905293 -0.000540395
internal_weight=2179.62 867.394 250.655 616.738 1312.23 655.754
internal_count=5999 2581 661 1920 3418 1758
is_linear=0
shrinkage=0.03


Tree=86
num_leaves=7
num_cat=0
split_feature=1 4 3 3 3 3
split_gain=3.8911 7.40869 7.00646 2.94285 2.89651 3.8019
threshold=0.2171590253710747 1.0000000180025095e-35 -0.91810610890388478 -1.1227906942367551 0.29165817797183996 -0.11978641524910925
decision_type=2 2 2 2 2 2
left_child=4 3 -3 -2 5 -1
right_child=1 2 -4 -5 -6 -7
leaf_value=0.0006513971872759163 0 -0.0027224144510488569 0.0094051667786695919 -0.0071296024138412925 -0.0019368930805555734 0.0049676689474079019
leaf_weight=1308.2511996291578 83.0756521448493 68.624643128365278 58.579266011714935 184.75224310159683 257.74941319972277 207.09845480322838
leaf_count=3346 236 185 154 710 867 538
internal_value=0.000182231 -0.00240139 0.00297396 -0.0051921 0.000811666 0.0013374
internal_weight=2168.13 395.032 127.204 267.828 1773.1 1515.35
internal_count=6036 1285 339 946 4751 3884
is_linear=0
shrinkage=0.03


Tree=87
num_leaves=7
num_cat=0
split_feature=2 2 0 4 1 2
split_gain=4.05636 3.48882 2.89027 2.77795 2.10009 0.439086
threshold=-0.44147388637065882 0.28697499632835394 -2.5705336332321163 1.0000000180025095e-35 -0.27696856856346125 -0.67237713932991017
decision_type=2 2 2 2 2 2
left_child=4 2 -2 -3 5 -1
right_child=1 3 -4 -5 -6 -7
leaf_value=-0.0002456031933287747 0.0068482066572380625 -0.0049501749660183121 0.00036923393742755047 0.00064522424330313709 0.00018870620936399336 -0.0080269141821752189
leaf_weight=26.466837994754314 46.421071954071522 178.78402122855186 1704.4938328750432 98.185625616461039 31.366812489926815 73.01367998868227
leaf_count=83 124 666 4531 262 97 223
internal_value=-0.000204011 0.000119073 0.000650289 -0.0028547 -0.00496086 -0.00684652
internal_weight=2158.73 2027.88 1750.91 276.97 130.847 99.4805
internal_count=5986 5583 4655 928 403 306
is_linear=0
shrinkage=0.03


Tree=88
num_leaves=6
num_cat=0
split_feature=0 0 3 3 3
split_gain=5.06804 5.69502 4.69815 4.64451 3.49091
threshold=-0.3837300688028335 -0.47021670639514918 -1.4575939774513242 0.217676617205143 -0.57040783762931813
decision_type=2 2 2 2 2
left_child=1 3 -2 -1 -4
right_child=2 -3 4 -5 -6
leaf_value=0.0003632588623767369 -0.0034833551787039085 -0.010046663454019646 0.011432052154138355 -0.0034698625179199307 0.00092633981770883183
leaf_weight=1658.2746362276375 28.688172556459904 35.697844617068768 61.557480432093143 319.53842011094093 71.089084826409817
leaf_count=4405 83 90 154 1109 186
internal_value=-0.000100659 -0.000554745 0.00467175 -0.00025453 0.00705387
internal_weight=2174.85 2013.51 161.335 1977.81 132.647
internal_count=6027 5604 423 5514 340
is_linear=0
shrinkage=0.03


Tree=89
num_leaves=7
num_cat=0
split_feature=3 3 2 2 0 0
split_gain=5.32234 4.14073 11.9941 6.14821 2.95694 4.3956
threshold=-0.17118373513221738 -1.5355415344238279 -0.15907963365316388 0.0118518453091383 -1.5764803290367124 -1.0533304810523985
decision_type=2 2 2 2 2 2
left_child=1 2 -1 -3 -2 -6
right_child=4 3 -4 -5 5 -7
leaf_value=-0.0094418960427550998 -0.0043535886635513964 0.0037911939832820313 0.0014118512546828217 -0.00052420677094821341 0.0030977550160230473 -0.0035897281786131511
leaf_weight=103.68796417117119 292.42954215407372 658.28966300189495 317.34127721190453 482.51574633643031 159.25855468213558 153.52222292870283
leaf_count=349 1022 1544 844 1351 447 442
internal_value=3.14324e-05 0.000984004 -0.00143204 0.00193668 -0.00228369 -2.28334e-05
internal_weight=2167.04 1561.83 421.029 1140.81 605.21 312.781
internal_count=5999 4088 1193 2895 1911 889
is_linear=0
shrinkage=0.03


Tree=90
num_leaves=7
num_cat=0
split_feature=0 3 3 4 3 3
split_gain=3.2535 7.95371 7.07552 16.1579 6.54659 6.08059
threshold=-1.4732437729835508 -1.0888868570327757 -1.0971601605415342 1.0000000180025095e-35 -2.0338807106018062 -0.90812313556671131
decision_type=2 2 2 2 2 2
left_child=1 4 3 -2 -1 -3
right_child=2 5 -4 -5 -6 -7
leaf_value=0.0037443022788664678 0.0080187660139401963 0.0070944479896893958 -0.00079042136674451499 -0.0052830168611567785 -0.0059987428115967452 -0.00049485445856020476
leaf_weight=52.050071582198143 265.29360576719046 90.314990229904652 654.85886797308922 93.798494361341 362.87167408317327 610.28986097499728
leaf_count=147 649 246 1712 238 1090 1890
internal_value=-0.000187566 -0.00131767 0.000999158 0.00429052 -0.00452259 0.000569969
internal_weight=2129.48 1115.53 1013.95 359.092 414.922 700.605
internal_count=5972 3373 2599 887 1237 2136
is_linear=0
shrinkage=0.03


Tree=91
num_leaves=7
num_cat=0
split_feature=1 3 2 1 4 3
split_gain=3.3496 3.25086 3.55704 3.0772 1.01779 6.38377
threshold=0.24501992762088778 0.30042670667171484 -0.10388321429491042 0.094630133360624327 1.0000000180025095e-35 -0.78794395923614491
decision_type=2 2 2 2 2 2
left_child=1 2 -1 -3 -2 -6
right_child=4 3 -4 -5 5 -7
leaf_value=-0.00042872156090914169 -0.0036323385921342177 -0.0040843500856749806 0.002374198419341003 0.003110125042539305 -0.0056637111635131701 0.0066374876031705405
leaf_weight=676.00775861367583 229.1977661550045 201.1960744522512 884.53705482557416 44.857868678867817 64.582187600433826 48.825587406754494
leaf_count=1765 831 706 2285 148 177 132
internal_value=4.61183e-05 0.000595331 0.00113199 -0.00241202 -0.00255757 0
internal_weight=2149.2 1806.6 1560.54 246.054 342.606 113.408
internal_count=6044 4904 4050 854 1140 309
is_linear=0
shrinkage=0.03


Tree=92
num_leaves=6
num_cat=0
split_feature=1 0 1 3 3
split_gain=5.85184 5.24037 3.88335 2.82035 2.75005
threshold=0.37979812920093542 -0.87289050221443165 -0.40311433374881739 -1.5355415344238279 -0.59893128275871266
decision_type=2 2 2 2 2
left_child=2 -2 4 -4 -1
right_child=1 -3 3 -5 -6
leaf_value=0.0001374540736876672 -0.0076414104976375392 0.0028031415628657465 -0.0010496191433044474 0.0017653651556648461 -0.006260836024388608
leaf_weight=89.539016384631395 127.46122209914029 39.002605736255646 366.43633610382676 1451.5787561871111 94.873573582619429
leaf_count=249 497 128 1021 3912 266
internal_value=0.000213211 -0.00483428 0.000706139 0.00116009 -0.00315122
internal_weight=2168.89 166.464 2002.43 1818.02 184.413
internal_count=6073 625 5448 4933 515
is_linear=0
shrinkage=0.03


Tree=93
num_leaves=7
num_cat=0
split_feature=0 1 3 3 0 5
split_gain=4.8714 7.15225 12.7922 8.1905 5.16985 5.98042
threshold=-2.3909466266632076 0.15229415148496631 -1.0971601605415342 -1.3774613142013548 -1.5764803290367124 1.0000000180025095e-35
decision_type=2 2 2 2 2 2
left_child=1 2 -1 -3 5 -2
right_child=4 3 -4 -5 -6 -7
leaf_value=-0.0022698143423422411 -0.00035312981945423259 0.0058373147268476018 0.012294002748625254 -0.0099225174081217435 0.0010783665861048429 -0.0064689473583002706
leaf_weight=69.487927310168743 555.53463484719396 32.994119187816978 121.41401389986277 43.851742718368769 1117.3483394607902 187.79517768323421
leaf_count=197 1651 80 328 156 2896 695
internal_value=0.000358505 0.00400071 0.00699578 -0.00272832 -0.00017067 -0.00210585
internal_weight=2128.43 267.748 190.902 76.8459 1860.68 743.33
internal_count=6003 761 525 236 5242 2346
is_linear=0
shrinkage=0.03


Tree=94
num_leaves=7
num_cat=0
split_feature=0 0 0 1 0 1
split_gain=3.00123 4.98348 4.88119 4.39441 4.30274 3.64466
threshold=-1.5522954463958738 -1.0171655416488645 -1.7885708212852476 0.12480914592742921 -0.87289050221443165 0.39547458291053778
decision_type=2 2 2 2 2 2
left_child=2 -2 5 -4 -3 -1
right_child=1 4 3 -5 -6 -7
leaf_value=0.0006742672689530316 0.0030074503616479334 -0.005816768381342206 -0.0071484570741461237 0.00080281643873329051 0.00042473832718767552 -0.0061639133930910988
leaf_weight=743.6429757270962 579.34018027409911 106.17063094675541 167.55484816804528 69.442011844366789 397.01023512706161 57.197227742522955
leaf_count=2235 1473 281 503 237 1048 240
internal_value=7.40106e-06 0.00112987 -0.0011059 -0.00470404 -0.000949548 0
internal_weight=2120.36 1082.52 1037.84 236.997 503.181 800.84
internal_count=6017 2802 3215 740 1329 2475
is_linear=0
shrinkage=0.03


Tree=95
num_leaves=5
num_cat=0
split_feature=0 3 1 0
split_gain=5.582 4.13891 7.19696 5.18619
threshold=0.067833337932825102 -0.49995161592960352 -0.044775480404496186 -1.0279726386070249
decision_type=2 2 2 2
left_child=1 2 -1 -3
right_child=-2 3 -4 -5
leaf_value=0.0031074093449011716 0.0077451344151096202 -0.00059474064674997222 -0.0013668223138077105 -0.006437525631220172
leaf_weight=579.11084033176303 59.395945854485035 620.38797162659466 666.18869410827756 169.16079569235444
leaf_count=1536 159 1915 1853 484
internal_value=-2.832e-05 -0.000357597 0.000682672 -0.00204879
internal_weight=2094.24 2034.85 1245.3 789.549
internal_count=5947 5788 3389 2399
is_linear=0
shrinkage=0.03


Tree=96
num_leaves=7
num_cat=0
split_feature=0 2 2 1 0 1
split_gain=4.79649 5.00703 8.85902 4.40252 2.36017 2.52041
threshold=-1.5919315814971922 -0.12761672586202619 0.080596823245286955 -0.42589965462684626 -2.5705336332321163 -0.022127756848931309
decision_type=2 2 2 2 2 2
left_child=4 3 -3 -2 -1 -6
right_child=1 2 -4 -5 5 -7
leaf_value=0.0027065065257262204 -0.0025701865151131595 -0.0038723490315091163 0.0023979396618342141 0.0051719909162751413 -0.00080235088947594436 -0.0041242900102251359
leaf_weight=58.83376681432128 59.306270413100719 367.37176075950265 398.5537477992475 291.85029259324074 493.91096702963114 439.58790195174515
leaf_count=165 163 904 1104 744 1442 1460
internal_value=-0.000554971 0.000749887 -0.000555233 0.00363473 -0.00206893 -0.00248329
internal_weight=2109.41 1117.08 765.926 351.157 992.333 933.499
internal_count=5982 2915 2008 907 3067 2902
is_linear=0
shrinkage=0.03


Tree=97
num_leaves=7
num_cat=0
split_feature=0 0 1 5 1 0
split_gain=3.52093 5.8897 4.02019 3.6181 3.53858 2.61561
threshold=-1.32330846786499 -1.0171655416488645 0.030689766630530361 1.0000000180025095e-35 0.39547458291053778 -1.5685976743698118
decision_type=2 2 2 2 2 2
left_child=3 2 -2 4 -1 -5
right_child=1 -3 -4 5 -6 -7
leaf_value=0.000408611061509777 0.006842974683777688 -0.00065586180813148468 0 -0.0050515033781189968 -0.005583432623749468 0.00081161667235379507
leaf_weight=867.4503156542778 197.27133686095476 499.14737334474921 136.83890802785754 265.1998230535537 77.915992714464664 61.826498001813889
leaf_count=2438 485 1338 351 942 283 171
internal_value=-0.000148287 0.00131631 0.00430274 -0.00115937 -0.000128537 -0.00378725
internal_weight=2105.65 833.258 334.11 1272.39 945.366 327.026
internal_count=6008 2174 836 3834 2721 1113
is_linear=0
shrinkage=0.03


Tree=98
num_leaves=7
num_cat=0
split_feature=2 0 3 5 0 3
split_gain=2.00228 5.00025 3.27423 3.20642 14.3559 3.70636
threshold=0.026214370504021648 -2.4335521459579463 1.3366728425025942 1.0000000180025095e-35 -1.5685976743698118 -1.8646301031112669
decision_type=2 2 2 2 2 2
left_child=1 -1 -3 5 -5 -2
right_child=3 2 -4 4 -6 -7
leaf_value=0.0058713055281210879 0.0049216758501802599 0.00029569461627846515 -0.0074464712917501445 -0.011826551194867242 0.0040658022726739627 -0.0011273836520607153
leaf_weight=125.12189769744873 85.052176684141159 1072.0614080652595 31.421638686209917 91.268428590148687 73.022284060716629 627.5227175205946
leaf_count=333 221 2903 101 417 247 1795
internal_value=-0.000112269 0.000634358 0 -0.00121611 -0.00476265 -0.000208817
internal_weight=2105.47 1228.6 1103.48 876.866 164.291 712.575
internal_count=6017 3337 3004 2680 664 2016
is_linear=0
shrinkage=0.03


Tree=99
num_leaves=5
num_cat=0
split_feature=0 2 1 2
split_gain=3.70515 4.6467 3.40012 2.21994
threshold=0.10499889031052591 0.55446434020996105 -0.20271357893943784 0.62958651781082164
decision_type=2 2 2 2
left_child=1 2 -1 -3
right_child=-2 3 -4 -5
leaf_value=0.0021084580335461707 0.006723571527469825 -0.011607013622673083 -0.00071367222528569206 -0.00031255156590334794
leaf_weight=497.28803104162216 49.932468585669994 27.129949608817697 1473.057077601552 43.007862266153097
leaf_count=1386 141 94 4228 165
internal_value=-3.38362e-05 -0.000291973 0 -0.00695303
internal_weight=2090.42 2040.48 1970.35 70.1378
internal_count=6014 5873 5614 259
is_linear=0
shrinkage=0.03


Tree=100
num_leaves=5
num_cat=0
split_feature=0 2 3 3
split_gain=3.85096 3.30876 3.35153 2.01944
threshold=0.067833337932825102 0.55446434020996105 -1.1447534561157224 -1.5477165579795835
decision_type=2 2 2 2
left_child=1 3 -3 -1
right_child=-2 2 -4 -5
leaf_value=-0.0013802501897946819 0.0072308413605841641 0.0013172762607785915 -0.0093413232809719908 0.00097985348427508177
leaf_weight=373.5749240256846 54.260800898075104 23.589116372168064 43.413043830543756 1592.1388584300876
leaf_count=1110 152 71 190 4482
internal_value=0.000492864 0.000215074 -0.00545898 0.000491726
internal_weight=2086.98 2032.72 67.0022 1965.71
internal_count=6005 5853 261 5592
is_linear=0
shrinkage=0.03


Tree=101
num_leaves=7
num_cat=0
split_feature=2 0 0 2 3 3
split_gain=3.26121 12.0442 13.3028 7.87253 4.26688 3.28538
threshold=-0.15203188359737393 -1.9130846261978147 -2.4487546682357784 -0.12168164923787116 0.42287677526474005 -1.0523484945297239
decision_type=2 2 2 2 2 2
left_child=1 2 -1 5 -5 -2
right_child=3 -3 -4 4 -6 -7
leaf_value=0.0031258676726880963 0 0.00081376906068236115 -0.011788010184297874 0.0004661870646097537 -0.0045806164938448201 0.011568125433736488
leaf_weight=59.262857165187597 30.930917046964169 420.59653146192431 156.65242346376181 1201.3984383828938 151.2040375508368 57.268996454775333
leaf_count=165 90 1142 480 3388 600 146
internal_value=-0.000294228 -0.00206557 -0.00752226 0.000464802 -0.000112793 0.00826067
internal_weight=2077.31 636.512 215.915 1440.8 1352.6 88.1999
internal_count=6011 1787 645 4224 3988 236
is_linear=0
shrinkage=0.03


Tree=102
num_leaves=7
num_cat=0
split_feature=1 4 2 0 1 2
split_gain=2.93473 5.76689 3.89865 6.99352 2.65841 2.13434
threshold=0.19094837456941607 1.0000000180025095e-35 -0.36458329856395716 -2.4120936393737789 0.10955535247921945 0.17718449234962466
decision_type=2 2 2 2 2 2
left_child=2 -2 3 -1 -4 -3
right_child=1 5 4 -5 -6 -7
leaf_value=0.0065931710482503699 -0.0042408537358788754 -0.0016116472945895478 0.00071261889870167367 -0.0055646903516114359 0.0044171595182265532 0.0050387567383235275
leaf_weight=32.948699787259102 304.20160521380603 40.279597967863083 1246.7990258745849 169.08624563738704 200.84951751679182 93.731400460004807
leaf_count=87 1068 112 3466 528 522 259
internal_value=0.000131026 -0.00196192 0.000739761 -0.00289642 0.00132067 0.00270056
internal_weight=2087.9 438.213 1649.68 202.035 1447.65 134.011
internal_count=6042 1439 4603 615 3988 371
is_linear=0
shrinkage=0.03


Tree=103
num_leaves=7
num_cat=0
split_feature=1 0 2 3 0 0
split_gain=3.27869 4.07962 4.52567 2.13522 1.76034 2.53092
threshold=0.24501992762088778 -2.5037196874618526 -0.45228432118892664 -1.1341651082038877 -1.7574685811996458 -0.47021670639514918
decision_type=2 2 2 2 2 2
left_child=1 3 -3 -1 -2 -6
right_child=4 2 -4 -5 5 -7
leaf_value=0 -0.0054980965042428585 -0.0056294636020227636 0.00029756621911847654 0.0075653881292550469 0.00076418947936298135 -0.0063510236572593198
leaf_weight=40.167253695428371 125.76619963720441 104.88408502936363 1518.891667470336 79.665074024349451 169.50279027596116 36.287539936602116
leaf_count=105 489 344 4199 219 549 109
internal_value=-0.000225249 0.0002734 -0.000112612 0.00520108 -0.00288461 -0.000676147
internal_weight=2075.16 1743.61 1623.78 119.832 331.557 205.79
internal_count=6014 4867 4543 324 1147 658
is_linear=0
shrinkage=0.03


Tree=104
num_leaves=7
num_cat=0
split_feature=2 2 2 2 1 0
split_gain=2.75084 2.133 2.52102 1.89009 1.20323 1.1348
threshold=0.55446434020996105 0.3833357989788056 0.34410892426967626 0.62958651781082164 0.2171590253710747 -1.9524812698364256
decision_type=2 2 2 2 2 2
left_child=1 2 -1 -2 -3 -5
right_child=3 4 -4 5 -6 -7
leaf_value=2.7148890713336284e-05 -0.0095584530088266614 0.0078361799655151734 -0.0067603627026403459 -0.0042545481203923379 0.00026706196054720376 0.0025153480771264378
leaf_weight=1887.3901387937367 25.869545638561249 28.612873896956444 30.199603825807571 19.40781207382679 63.896239999681711 28.678919441998005
leaf_count=5337 93 87 104 76 238 107
internal_value=-0.00011782 8.65774e-05 -0.000117457 -0.00514771 0.00411829 0
internal_weight=2084.06 2010.1 1917.59 73.9563 92.5091 48.0867
internal_count=6042 5766 5441 276 325 183
is_linear=0
shrinkage=0.03


Tree=105
num_leaves=7
num_cat=0
split_feature=1 0 0 3 1 3
split_gain=3.22311 4.44414 3.16076 3.30557 3.20349 1.19996
threshold=0.39547458291053778 -0.87289050221443165 -2.5616737604141231 -0.37288618087768549 -0.3581740111112594 0.041658582165837295
decision_type=2 2 2 2 2 2
left_child=2 5 3 -1 -4 -2
right_child=1 -3 4 -5 -6 -7
leaf_value=0.010976955735053003 -0.0083391080327824534 0.0032386673938308423 -0.003144546267279127 0 0.00060454149993240016 0
leaf_weight=30.665551863610744 82.208612933754921 33.737426646053791 212.30993951112032 28.011960625648499 1654.9790461361408 27.963484056293964
leaf_count=82 299 115 617 81 4650 143
internal_value=3.18487e-05 -0.00397634 0.000399966 0.0063072 0.000117674 -0.00680482
internal_weight=2069.88 143.91 1925.97 58.6775 1867.29 110.172
internal_count=5987 557 5430 163 5267 442
is_linear=0
shrinkage=0.03


Tree=106
num_leaves=7
num_cat=0
split_feature=3 3 0 0 0 3
split_gain=3.86537 4.09642 6.77831 4.23498 3.98941 5.24082
threshold=0.29165817797183996 -1.5355415344238279 -0.96610280871391285 -1.9524812698364256 -2.5092775821685787 1.1172013878822329
decision_type=2 2 2 2 2 2
left_child=1 2 -1 -3 -2 -6
right_child=4 3 -4 -5 5 -7
leaf_value=0.00017866254742064091 0.0052228950911811095 -0.00099094003979177431 -0.008095772267210229 0.0025095107103508809 -0.0067498480159036249 0.0013620890155949872
leaf_weight=314.71307942643762 24.037494361400604 416.0665424130857 97.188910745084286 946.57541579008102 194.81241837888956 82.431267093867064
leaf_count=951 85 1198 266 2506 703 325
internal_value=1.15248e-05 0.000582087 -0.00191926 0.00139842 -0.00298937 -0.00420675
internal_weight=2075.83 1774.54 411.902 1362.64 301.281 277.244
internal_count=6034 4921 1217 3704 1113 1028
is_linear=0
shrinkage=0.03


Tree=107
num_leaves=7
num_cat=0
split_feature=1 2 2 0 2 0
split_gain=3.58964 3.18458 2.32897 6.1195 2.46129 2.31875
threshold=0.38795408606529241 0.41929775476455694 -0.36458329856395716 -2.4120936393737789 -0.25096404552459711 -1.6405402421951292
decision_type=2 2 2 2 2 2
left_child=2 -2 3 -1 -4 -3
right_child=1 5 4 -5 -6 -7
leaf_value=0.0065410597317463346 -0.0081283443540151861 -0.0043388680794519121 0.0040462598727226554 -0.0048316613005797504 0.00049631781432088755 0.0038880440663611928
leaf_weight=32.972521536052227 63.510370891541243 37.123967740684748 191.83015934377909 166.78927239403129 1520.972440008074 46.91022602468729
leaf_count=82 254 166 509 529 4305 158
internal_value=0.000192019 -0.00397807 0.000582607 -0.00225702 0.000970643 0
internal_weight=2060.11 147.545 1912.56 199.762 1712.8 84.0342
internal_count=6003 578 5425 611 4814 324
is_linear=0
shrinkage=0.03


Tree=108
num_leaves=5
num_cat=0
split_feature=0 0 0 0
split_gain=4.76923 2.50698 6.34135 3.53097
threshold=0.10499889031052591 -1.9524812698364256 -2.2984071969985957 -0.47021670639514918
decision_type=2 2 2 2
left_child=1 2 -1 -3
right_child=-2 3 -4 -5
leaf_value=0.0010082907511852702 0.0080666560492588957 0.0012379321133535208 -0.0048111080583180801 -0.0035858410402186316
leaf_weight=345.85927098244429 47.943802148103714 1248.2261936794966 278.53675689175725 128.98866656422615
leaf_count=1043 137 3504 940 359
internal_value=0.000249526 0 -0.00156332 0.000698338
internal_weight=2049.55 2001.61 624.396 1377.21
internal_count=5983 5846 1983 3863
is_linear=0
shrinkage=0.03


Tree=109
num_leaves=7
num_cat=0
split_feature=3 2 0 0 0 2
split_gain=3.31317 3.36906 2.47267 4.07486 0.959903 0.631106
threshold=0.65797650814056408 -0.22365239262580869 1.0000000180025095e-35 -0.47021670639514918 -2.0160688161849971 -0.35816402733325953
decision_type=2 2 2 2 2 2
left_child=2 5 3 -1 -3 -2
right_child=1 4 -4 -5 -6 -7
leaf_value=0.00093900447683685246 0 0 0.0061362547226504714 -0.0045295049343034308 -0.0070952450560786175 0.0043125010026033028
leaf_weight=1739.9451469667256 24.168457992374897 29.826065924018621 57.470078684389591 109.50336991995573 93.434144167229533 25.365947000682354
leaf_count=4918 93 134 162 291 375 77
internal_value=0.000403188 -0.00329266 0.000799923 0.000538132 -0.00581645 0.00199124
internal_weight=2079.71 172.795 1906.92 1849.45 123.26 49.5344
internal_count=6050 679 5371 5209 509 170
is_linear=0
shrinkage=0.03


Tree=110
num_leaves=7
num_cat=0
split_feature=3 0 7 2 3 0
split_gain=9.55663 7.42359 6.82125 5.20343 6.11197 4.0604
threshold=-1.5355415344238279 -0.96610280871391285 1.0000000180025095e-35 -0.03298141993582248 -0.48883685469627375 -2.4487546682357784
decision_type=2 2 2 2 2 2
left_child=1 2 -1 4 -2 -5
right_child=3 -3 -4 5 -6 -7
leaf_value=-0.0045457181187796257 0.0050135364732728132 -0.010957866773615281 0.0041255536326882357 -0.0065309567414457582 0 0
leaf_weight=211.2671283185482 419.1521967574954 90.505316331982613 101.94596033170819 76.571712862700224 415.9440701380372 749.16766024194658
leaf_count=665 1059 255 286 266 1193 2310
internal_value=-0.000100736 -0.00415154 -0.00146507 0.000885924 0.00254479 -0.000741298
internal_weight=2064.55 403.718 313.213 1660.84 835.096 825.739
internal_count=6034 1206 951 4828 2252 2576
is_linear=0
shrinkage=0.03


Tree=111
num_leaves=5
num_cat=0
split_feature=1 1 3 0
split_gain=2.70637 5.06162 3.43677 2.92806
threshold=-0.68812808394432057 -0.23323451727628705 0.069439724087715163 0.17637225985527041
decision_type=2 2 2 2
left_child=-1 2 -2 -3
right_child=1 3 -4 -5
leaf_value=-0.0070802553105896917 0.0044472029971010206 -0.0010663305494346791 -0.0013565757198989159 0.0061733863418282978
leaf_weight=31.259748876094818 298.58589581400156 1617.1659786850214 98.7269596606493 30.115351229906082
leaf_count=97 826 4729 318 91
internal_value=-0.000259349 -5.84253e-05 0.00286537 -0.000825523
internal_weight=2075.85 2044.59 397.313 1647.28
internal_count=6061 5964 1144 4820
is_linear=0
shrinkage=0.03


Tree=112
num_leaves=6
num_cat=0
split_feature=2 3 1 3 3
split_gain=3.68287 2.48698 7.15198 4.83337 1.1565
threshold=0.55446434020996105 -1.9006319642066953 -0.17455018311738965 -1.5989038348197935 -1.1447534561157224
decision_type=2 2 2 2 2
left_child=1 2 -1 -3 -2
right_child=4 3 -4 -5 -6
leaf_value=-0.0053368344647391061 0 -0.0048273311893757449 0.0067252180543218801 0.00028442901286462652 -0.0079373176516515011
leaf_weight=39.810371432453394 22.185070361942053 163.80361935123801 133.26351258717477 1647.4098008163273 49.167671073228121
leaf_count=126 67 527 367 4764 203
internal_value=-0.00012138 0.000119001 0.00337452 -0.00019278 -0.00602556
internal_weight=2055.64 1984.29 173.074 1811.21 71.3527
internal_count=6054 5784 493 5291 270
is_linear=0
shrinkage=0.03


Tree=113
num_leaves=7
num_cat=0
split_feature=0 0 0 2 2 2
split_gain=2.38291 6.05152 3.7301 3.26246 2.60365 2.14853
threshold=-1.4732437729835508 -1.4288516640663145 -1.6294687986373899 0.10185602679848672 -0.22365239262580869 0.10185602679848672
decision_type=2 2 2 2 2 2
left_child=2 -2 3 -1 -4 -3
right_child=1 5 4 -5 -6 -7
leaf_value=0.00052134274075739677 0.0084718918748648286 -0.0011346620190410734 0.00036366385727170823 -0.0032832684502867998 -0.0071774122883849671 0.0018690847244926605
leaf_weight=655.61537626385689 60.758742779493332 600.1629195921123 34.558586314320564 261.20722895488143 127.55574355274439 305.35225117951632
leaf_count=1947 165 1576 108 988 368 882
internal_value=-0.000436597 0.000596807 -0.00141071 -0.000545516 -0.00537699 -3.84266e-05
internal_weight=2045.21 966.274 1078.94 916.823 162.114 905.515
internal_count=6034 2623 3411 2935 476 2458
is_linear=0
shrinkage=0.03


Tree=114
num_leaves=7
num_cat=0
split_feature=0 0 1 2 2 3
split_gain=3.09425 3.57337 3.4805 3.29569 5.83018 5.0543
threshold=-1.5522954463958738 -1.6294687986373899 0.38795408606529241 0.16914440691471103 0.080596823245286955 -1.0971601605415342
decision_type=2 2 2 2 2 2
left_child=1 2 -1 4 -2 -5
right_child=3 -3 -4 5 -6 -7
leaf_value=0.00013798845209669338 0.00098377837257187552 -0.0067575368750896932 -0.0060848440193790624 0.0036588357917082793 0.0079920721573250638 -0.0045787182592821512
leaf_weight=857.68258706480265 669.84359980374575 70.026293765753508 67.702296525239944 81.369839854538441 116.86866178363562 161.055110771209
leaf_count=2664 1748 227 304 216 301 499
internal_value=0.000143558 -0.00100541 -0.000372911 0.00131004 0.00227159 -0.00151702
internal_weight=2024.55 995.411 925.385 1029.14 786.712 242.425
internal_count=5959 3195 2968 2764 2049 715
is_linear=0
shrinkage=0.03


Tree=115
num_leaves=7
num_cat=0
split_feature=3 2 2 1 3 1
split_gain=4.25038 4.84626 4.0615 3.96262 1.65919 1.57362
threshold=0.31667348742485052 -0.36458329856395716 -0.21424037218093869 -0.071326069533824907 -0.37288618087768549 0.087443500757217421
decision_type=2 2 2 2 2 2
left_child=1 4 -2 -3 -1 -4
right_child=2 3 5 -5 -6 -7
leaf_value=-0.0059033456753927677 0.0015844726564117095 0.0029350777547765775 -0.0079513426232280474 -5.4105704806128802e-05 0 -0.0013404186184798727
leaf_weight=110.02604829147458 78.874396152794361 604.78644825145602 105.79554001614451 999.09764481149614 41.051522329449654 91.339930891990662
leaf_count=337 262 1594 411 2887 119 378
internal_value=0 0.000528306 -0.00335402 0.00105836 -0.00421408 -0.00557019
internal_weight=2030.97 1754.96 276.01 1603.88 151.078 197.135
internal_count=5988 4937 1051 4481 456 789
is_linear=0
shrinkage=0.03


Tree=116
num_leaves=7
num_cat=0
split_feature=1 4 3 1 1 3
split_gain=2.38953 5.68427 11.1505 3.60694 4.5254 3.55776
threshold=0.19094837456941607 1.0000000180025095e-35 -0.79858073592185963 0.051465569064021117 0.017847434617578987 -1.9006319642066953
decision_type=2 2 2 2 2 2
left_child=3 -2 -3 4 -1 -5
right_child=1 2 -4 5 -6 -7
leaf_value=0.00055886943162095375 -0.0040121608661428925 -0.004345062332339957 0.010982026687631753 0.01041793377423399 -0.0055825663182223866 0.0017492321575947286
leaf_weight=1133.0216946974397 292.55154587328434 67.333475301042199 60.735146388411522 38.572203457355499 99.131370287388563 332.72687135264277
leaf_count=3261 1070 194 167 99 294 922
internal_value=0.00022489 -0.00169498 0.00301999 0.000780148 0 0.00328956
internal_weight=2024.07 420.62 128.069 1603.45 1232.15 371.299
internal_count=6007 1431 361 4576 3555 1021
is_linear=0
shrinkage=0.03


Tree=117
num_leaves=7
num_cat=0
split_feature=3 2 4 3 7 7
split_gain=1.9629 3.99884 6.08919 3.66342 9.28474 3.56377
threshold=-1.5989038348197935 -0.057450283318758004 1.0000000180025095e-35 -0.75301977992057789 1.0000000180025095e-35 1.0000000180025095e-35
decision_type=2 2 2 2 2 2
left_child=1 -1 -3 5 -5 -2
right_child=3 2 -4 4 -6 -7
leaf_value=-0.0056528944848235002 0.00017416801947895593 0.0047383385146841338 -0.0047611340549478763 0.0004379060380552026 -0.0068176033826411403 0.0048299383755769885
leaf_weight=145.17849388718605 433.98506421595812 117.12709733098745 87.182167803868651 845.18100335821509 171.89390456303954 231.52931275963783
leaf_count=485 1240 321 247 2620 506 625
internal_value=-0.000150939 -0.00214971 0.00035418 0.000249357 -0.000838308 0.00197507
internal_weight=2032.08 349.488 204.309 1682.59 1017.07 665.514
internal_count=6044 1053 568 4991 3126 1865
is_linear=0
shrinkage=0.03


Tree=118
num_leaves=6
num_cat=0
split_feature=3 0 1 0 7
split_gain=2.55012 3.067 3.93996 2.92938 4.75941
threshold=-1.607573330402374 0.17637225985527041 0.35038071870803839 -0.96610280871391285 1.0000000180025095e-35
decision_type=2 2 2 2 2
left_child=3 2 -2 4 -1
right_child=1 -3 -4 -5 -6
leaf_value=-0.0033984012203516142 0.00057965240104076608 0.007564366106411753 -0.0043169866575149436 -0.0069891618937634225 0.0044419259302124429
leaf_weight=177.22854698821902 1509.5508029013872 31.430835589766502 143.17351781018078 76.157749779522419 85.296067334711552
leaf_count=562 4291 90 578 223 233
internal_value=-0.000119136 0.000335199 7.30484e-05 -0.00243839 -0.000504538
internal_weight=2022.84 1684.16 1652.72 338.682 262.525
internal_count=5977 4959 4869 1018 795
is_linear=0
shrinkage=0.03


Tree=119
num_leaves=7
num_cat=0
split_feature=3 0 0 0 7 3
split_gain=2.4293 1.94184 2.0379 1.52505 2.72863 0.757207
threshold=0.55476582050323497 -0.51589083671569813 -1.3339937925338743 1.0000000180025095e-35 1.0000000180025095e-35 -0.87622967362403859
decision_type=2 2 2 2 2 2
left_child=3 2 -2 4 -1 -5
right_child=1 -3 -4 5 -6 -7
leaf_value=-8.5242284582008981e-05 -0.00053756165338116545 0.0027097672890971031 -0.007730654126069568 0 0.0024588568023845136 0.0074960367499813428
leaf_weight=1273.1129104178399 112.01568182371557 25.854722127318382 55.979465648531914 28.062780596315861 496.34274388849735 27.650676056742668
leaf_count=3699 487 83 209 86 1349 78
internal_value=0.000467898 -0.00249746 -0.00382104 0.000839021 0.000614368 0.00513449
internal_weight=2019.02 193.85 167.995 1825.17 1769.46 55.7135
internal_count=5991 779 696 5212 5048 164
is_linear=0
shrinkage=0.03


Tree=120
num_leaves=7
num_cat=0
split_feature=2 1 0 5 0 1
split_gain=3.1638 4.93086 3.72523 3.71547 11.0845 3.04784
threshold=0.026214370504021648 0.0052810213528573522 -1.3570017814636228 1.0000000180025095e-35 -1.1199522018432615 -0.049412462860345834
decision_type=2 2 2 2 2 2
left_child=1 5 -3 -2 -5 -1
right_child=3 2 -4 4 -6 -7
leaf_value=0.0002630293836445846 -0.00057208064965534936 0.0065670748657728935 0 -0.0098820667283167091 0.0059472166194776618 -0.0046585726415473878
leaf_weight=792.79888341575861 682.21426806971431 170.98445176333189 109.008140578866 118.97966424748302 35.372206624597311 109.18065431714058
leaf_count=2275 2016 485 269 525 127 322
internal_value=-0.000276382 0.000684213 0.00403481 -0.00168792 -0.00564431 -0.000355764
internal_weight=2018.54 1181.97 279.993 836.566 154.352 901.98
internal_count=6019 3351 754 2668 652 2597
is_linear=0
shrinkage=0.03


Tree=121
num_leaves=7
num_cat=0
split_feature=1 4 3 1 3 3
split_gain=3.24062 5.10613 7.33135 3.65296 2.6705 2.95275
threshold=-0.20271357893943784 1.0000000180025095e-35 -0.78794395923614491 -0.083167616277933107 -1.9006319642066953 -0.49995161592960352
decision_type=2 2 2 2 2 2
left_child=4 3 -3 -2 -1 -6
right_child=1 2 -4 -5 5 -7
leaf_value=-0.0036270861542401661 -0.0043207125333228399 -0.00072758018463439536 0.0069265139449460984 -0.00028854642044919801 0.0053386179307977942 0.00025090402691835744
leaf_weight=33.511963371187449 261.06128418073058 238.78020927682519 170.23417818546295 873.15406126342714 242.00098513066769 215.50023165158927
leaf_count=106 734 681 471 2732 664 654
internal_value=0.000389922 -0.000257624 0.00249264 -0.0013274 0.00247297 0.00317865
internal_weight=2034.24 1543.23 409.014 1134.22 491.013 457.501
internal_count=6042 4618 1152 3466 1424 1318
is_linear=0
shrinkage=0.03


Tree=122
num_leaves=7
num_cat=0
split_feature=2 0 3 2 2 0
split_gain=1.52594 4.16867 7.50753 4.25641 2.55471 2.75804
threshold=0.023612617515027527 -2.5037196874618526 -0.86427277326583851 -0.38822077214717859 0.052089717239141471 -1.0712643861770628
decision_type=2 2 2 2 2 2
left_child=1 2 -1 -3 -2 -6
right_child=4 3 -4 -5 5 -7
leaf_value=-0.0032360756378698903 -0.0060350414386674631 -0.0046492409328503289 0.011897892020272064 0.00047033989880060969 -0.001904574367269237 0.0018729825641030902
leaf_weight=30.502271890640259 78.975695144385099 150.80827600508928 50.416806265711784 936.57427085936069 535.5726664699614 221.97060410678387
leaf_count=88 230 496 137 2602 1814 642
internal_value=-0.000430693 0.000227357 0.00608787 -0.000256654 -0.00140364 -0.000700826
internal_weight=2004.82 1168.3 80.9191 1087.38 836.519 757.543
internal_count=6009 3323 225 3098 2686 2456
is_linear=0
shrinkage=0.03


Tree=123
num_leaves=7
num_cat=0
split_feature=1 1 3 1 2 3
split_gain=2.38829 5.19122 9.78229 3.12206 2.12964 1.95351
threshold=0.048461290076375015 -0.17143853753805158 -0.85078278183937062 0.38795408606529241 -0.26226964592933649 -0.47615905106067652
decision_type=2 2 2 2 2 2
left_child=1 4 -3 5 -1 -2
right_child=3 2 -4 -5 -6 -7
leaf_value=-0.00049332145849418653 0.00071320445074791918 0.00094284580217157958 -0.0061019538706734268 -0.0023019717769256717 0.0029491060567259728 0.0043125363230005478
leaf_weight=280.20365403592587 419.67185419425368 321.63710661232471 333.87112669274211 145.91133774444461 287.50034825876355 237.03587323054671
leaf_count=834 1173 906 986 587 819 728
internal_value=0 -0.0008192 -0.0026309 0.00126441 0.00118896 0.00219009
internal_weight=2025.83 1223.21 655.508 802.619 567.704 656.708
internal_count=6033 3545 1892 2488 1653 1901
is_linear=0
shrinkage=0.03


Tree=124
num_leaves=7
num_cat=0
split_feature=2 0 0 2 5 0
split_gain=2.88548 4.02379 7.20105 3.88488 3.77775 6.34847
threshold=-0.15203188359737393 -1.9130846261978147 -2.5092775821685787 -0.18352843821048734 1.0000000180025095e-35 -1.7485793828964231
decision_type=2 2 2 2 2 2
left_child=1 2 -1 -3 5 -2
right_child=4 3 -4 -5 -6 -7
leaf_value=0.004591635014484328 0.0049413456411003713 0.0018545679435815717 -0.0070916525045203209 -0.0055880241163278038 -0.001623123252046258 0.00021626302052245392
leaf_weight=41.500510171055794 413.73766924440861 354.21233412250876 168.96118592470884 54.32584024220705 282.64767456054688 699.33399010077119
leaf_count=117 1244 989 541 147 1054 1911
internal_value=0.000505518 -0.00112518 -0.00432896 0.000510264 0.00127679 0.00208179
internal_weight=2014.72 619 210.462 408.538 1395.72 1113.07
internal_count=6003 1794 658 1136 4209 3155
is_linear=0
shrinkage=0.03


Tree=125
num_leaves=7
num_cat=0
split_feature=3 3 0 3 7 3
split_gain=3.12609 3.9522 4.0273 3.37419 2.49751 0.825392
threshold=0.49634872376918798 1.0000000180025095e-35 -1.6640040874481199 0.95566964149475109 1.0000000180025095e-35 1.556251645088196
decision_type=2 2 2 2 2 2
left_child=1 4 -3 -2 -1 -5
right_child=3 2 -4 5 -6 -7
leaf_value=-0.00063588765882926449 -0.0063444950337847219 0 0.0073639235785101665 0.0024227572944350395 0.0018990403303959359 -0.0019578297979658825
leaf_weight=1097.4301218893379 105.2871756143868 108.58654999360442 129.57358660176396 70.984688054770231 484.01706704497337 38.655533093959093
leaf_count=3140 420 351 374 284 1307 159
internal_value=0.000279141 0.000719062 0.00416874 -0.00293405 0.000116513 0.000351714
internal_weight=2034.53 1819.61 238.16 214.927 1581.45 109.64
internal_count=6035 5172 725 863 4447 443
is_linear=0
shrinkage=0.03


Tree=126
num_leaves=7
num_cat=0
split_feature=1 1 1 3 7 3
split_gain=3.66085 3.35408 3.53029 3.40505 0.613701 2.09202
threshold=0.39547458291053778 0.081602219492197051 0.068133056163787856 1.0000000180025095e-35 1.0000000180025095e-35 -0.39740669727325434
decision_type=2 2 2 2 2 2
left_child=1 2 -1 -3 5 -2
right_child=4 3 -4 -5 -6 -7
leaf_value=-0.00015749499293893368 -0.0086236852196075811 0.00065232034697063567 -0.0081364372916067507 0.0061992386325804951 0 0
leaf_weight=1273.2819558680058 55.317193979397416 425.27223251014948 33.010365035384893 127.48243688419461 37.313650108873844 45.943940479308367
leaf_count=3706 207 1202 92 423 127 214
internal_value=-6.88033e-05 0.000271275 -0.000524018 0.00220817 -0.00446828 -0.00553752
internal_weight=1997.62 1859.05 1306.29 552.755 138.575 101.261
internal_count=5971 5423 3798 1625 548 421
is_linear=0
shrinkage=0.03


Tree=127
num_leaves=7
num_cat=0
split_feature=3 2 2 3 1 2
split_gain=3.77969 3.69611 5.20702 3.50205 3.26472 2.07018
threshold=-0.11978641524910925 -0.45228432118892664 -0.18352843821048734 0.30042670667171484 -0.38756209611892695 -0.5293506085872649
decision_type=2 2 2 2 2 2
left_child=1 5 -3 -2 -5 -1
right_child=3 2 -4 4 -6 -7
leaf_value=-0.00018302573734123111 0.004522764726195787 0.0029015508966000513 -0.0013919317924746509 0.0063442982210901869 -0.0016264948646764197 -0.011067539784081978
leaf_weight=42.079318793490529 252.6967234686017 306.14395459741354 1084.9871396105736 35.684437178075314 243.75636796839535 28.671843729913235
leaf_count=138 719 824 3114 123 944 91
internal_value=0 -0.000810984 -0.000376821 0.00209662 -5.24969e-05 -0.00672211
internal_weight=1994.02 1461.88 1391.13 532.138 279.441 70.7512
internal_count=5953 4167 3938 1786 1067 229
is_linear=0
shrinkage=0.03


Tree=128
num_leaves=6
num_cat=0
split_feature=0 1 0 0 3
split_gain=2.94187 2.72575 3.87677 3.17668 1.37507
threshold=1.0000000180025095e-35 0.41268865764141088 -0.91325169801712025 -0.47021670639514918 -0.85078278183937062
decision_type=2 2 2 2 2
left_child=1 3 -3 -1 -2
right_child=4 2 -4 -5 -6
leaf_value=0.00015243284345233568 0 -0.0070814366509063427 0.0031296611222793786 -0.0048328455645533499 0.0079355842732528551
leaf_weight=1728.7323466800153 26.452933609485626 98.574855139479041 24.044864498078823 102.28580929338932 35.925456255674362
leaf_count=5058 81 429 87 296 100
internal_value=-0.000232056 -0.000489583 -0.00450032 -0.000142853 0.00526582
internal_weight=2016.02 1953.64 122.62 1831.02 62.3784
internal_count=6051 5870 516 5354 181
is_linear=0
shrinkage=0.03


Tree=129
num_leaves=5
num_cat=0
split_feature=0 0 0 2
split_gain=2.34701 2.26818 4.74322 1.89836
threshold=-2.5983262062072749 -1.4732437729835508 -0.99618166685104359 -0.1400296092033386
decision_type=2 2 2 2
left_child=-1 3 -3 -2
right_child=1 2 -4 -5
leaf_value=0.0064569988153383743 -0.0023721840817762956 0.003453783729367609 -0.00066817401510393839 0.00025213744049187327
leaf_weight=39.928815558552742 342.63690371066332 477.89002486690879 456.93190161511302 675.21555699035525
leaf_count=117 1066 1279 1303 2244
internal_value=0.000548016 0.000332533 0.00140438 -0.000602158
internal_weight=1992.6 1952.67 934.822 1017.85
internal_count=6009 5892 2582 3310
is_linear=0
shrinkage=0.03


Tree=130
num_leaves=7
num_cat=0
split_feature=1 3 3 3 3 4
split_gain=1.56622 3.83058 4.93195 2.69248 2.30432 6.97592
threshold=-0.071326069533824907 -1.5611675977706907 -0.48883685469627375 -1.7392354011535642 -1.1739603877067564 1.0000000180025095e-35
decision_type=2 2 2 2 2 2
left_child=1 3 -3 -1 -2 -6
right_child=4 2 -4 -5 5 -7
leaf_value=0 0.0010774401926828437 0.0043032541099133573 -0.00044104206116009868 -0.0079658964118194987 -0.0033146883522642322 0.0032110668204366776
leaf_weight=99.314251393079758 383.65052890777588 366.92580673098564 353.98683386296034 42.317215889692307 566.4644534830004 170.86694637686014
leaf_count=325 1110 941 1075 150 1867 488
internal_value=2.31949e-05 0.00100009 0.00194368 -0.00307783 -0.000680248 -0.00167834
internal_weight=1983.53 862.544 720.913 141.631 1120.98 737.331
internal_count=5956 2491 2016 475 3465 2355
is_linear=0
shrinkage=0.03


Tree=131
num_leaves=7
num_cat=0
split_feature=0 3 3 7 2 3
split_gain=3.11929 3.04983 2.79091 2.86804 2.78221 0.474113
threshold=-0.2674263715744018 -0.59893128275871266 0.30042670667171484 1.0000000180025095e-35 -0.2202217951416969 -1.1562761664390562
decision_type=2 2 2 2 2 2
left_child=2 5 4 -4 -1 -2
right_child=1 -3 3 -5 -6 -7
leaf_value=-0.0021661223411891979 0.001324810417760975 -0.0001205370544702 -0.0011175392806193501 -0.0093694696682984375 0.00080786485038632932 0.011026048204504976
leaf_weight=338.03169146180153 30.37899362295866 48.911634735763073 217.76053418032825 36.251684408634901 1288.2658766042441 27.030581966042519
leaf_count=977 96 141 885 131 3694 80
internal_value=0 0.0045677 -0.000300684 -0.00311211 0.00013446 0.00833623
internal_weight=1986.63 106.321 1880.31 254.012 1626.3 57.4096
internal_count=6004 317 5687 1016 4671 176
is_linear=0
shrinkage=0.03


Tree=132
num_leaves=5
num_cat=0
split_feature=1 2 3 0
split_gain=3.63567 2.17655 3.33464 3.18903
threshold=-0.61940655112266529 0.48081676661968237 -0.88929209113121022 -2.3158314228057857
decision_type=2 2 2 2
left_child=-1 3 -3 -2
right_child=1 2 -4 -5
leaf_value=-0.0066028371839537744 0.0034768567079457345 0.0017914212497967374 -0.0071379826281028191 0.00013279531338705148
leaf_weight=47.274150613695383 299.7517427764833 42.538302097469568 61.590033881366253 1539.0638019349426
leaf_count=145 919 139 266 4560
internal_value=0.000201078 0.00046278 -0.0033059 0.000741745
internal_weight=1990.22 1942.94 104.128 1838.82
internal_count=6029 5884 405 5479
is_linear=0
shrinkage=0.03


Tree=133
num_leaves=7
num_cat=0
split_feature=0 1 2 2 2 2
split_gain=3.61313 4.88465 5.91939 3.13043 8.07715 4.28189
threshold=-1.9524812698364256 -0.018900066614150998 -0.15907963365316388 0.080596823245286955 0.023612617515027527 0.17308732867240909
decision_type=2 2 2 2 2 2
left_child=1 2 -1 4 -2 -5
right_child=3 -3 -4 5 -6 -7
leaf_value=-0.0032004638713378449 0.00075151529067787578 -0.0047216365665396802 0.0044106825841529283 0.0063340080265912001 -0.0073720480428806556 0.00027027040514346476
leaf_weight=167.13005839288235 788.80691095255315 292.42228406667709 157.63321075215936 160.51756306737661 106.78512933850288 308.8337274659425
leaf_count=543 2202 1021 463 449 308 1018
internal_value=-0.000132422 -0.00202541 0.000361351 0.000697096 -0.000291435 0.00264079
internal_weight=1982.13 617.186 324.763 1364.94 895.592 469.351
internal_count=6004 2027 1006 3977 2510 1467
is_linear=0
shrinkage=0.03


Tree=134
num_leaves=6
num_cat=0
split_feature=1 0 0 0 1
split_gain=2.27121 2.81304 1.52354 6.62661 2.5058
threshold=0.39547458291053778 -0.87289050221443165 -1.0171655416488645 -1.099162697792053 0.17368122935295108
decision_type=2 2 2 2 2
left_child=2 -2 3 -1 -4
right_child=1 -3 4 -5 -6
leaf_value=0.00031233050363700931 -0.0057675459260273006 0.0022031232692687288 0 0.0087390301373687727 -0.0053614554783495017
leaf_weight=1360.9768270477653 101.27680763788521 33.360195152461529 350.78953101858497 71.316478684544563 76.631354924291372
leaf_count=4103 435 112 969 186 225
internal_value=8.13856e-05 -0.00337507 0.000396789 0.000887795 -0.00108061
internal_weight=1994.35 134.637 1859.71 1432.29 427.421
internal_count=6030 547 5483 4289 1194
is_linear=0
shrinkage=0.03


Tree=135
num_leaves=6
num_cat=0
split_feature=2 2 0 0 0
split_gain=2.98284 2.85475 4.49223 4.28855 2.0142
threshold=0.55446434020996105 -0.15203188359737393 -0.80170938372611988 -2.4487546682357784 -1.1063716411590574
decision_type=2 2 2 2 2
left_child=1 3 -3 -1 -2
right_child=4 2 -4 -5 -6
leaf_value=0.0047355109646042403 -0.0082986018231228035 0.0015016521166129472 -0.003054212687616006 -0.0027156930317914305 1.7554894015703187e-06
leaf_weight=55.920965794473886 48.574416620656848 1101.0053926184773 210.48768679797649 535.64670049399137 20.465586811304092
leaf_count=158 205 3336 603 1610 71
internal_value=-0.000340866 -5.72211e-05 0.000690504 -0.00178139 -0.00571654
internal_weight=1972.1 1903.06 1311.49 591.568 69.04
internal_count=5983 5707 3939 1768 276
is_linear=0
shrinkage=0.03


Tree=136
num_leaves=6
num_cat=0
split_feature=0 0 3 3 3
split_gain=3.12552 3.72093 2.22626 1.47738 2.65581
threshold=-0.2674263715744018 -0.47021670639514918 0.68602129817008983 -0.33234955370426172 -1.2933036684989927
decision_type=2 2 2 2 2
left_child=1 2 -1 4 -2
right_child=3 -3 -4 -5 -6
leaf_value=0 0 -0.0069521493665085296 -0.003651135489466419 0 0.0100229577195565
leaf_weight=1710.7133822441101 28.679468609392643 60.790677011013031 142.96569086425006 38.169719811528921 39.511711917817593
leaf_count=5021 84 172 599 108 122
internal_value=-0.000289034 -0.000612108 -0.000300177 0.00422784 0.0063787
internal_weight=2020.83 1914.47 1853.68 106.361 68.1912
internal_count=6106 5792 5620 314 206
is_linear=0
shrinkage=0.03


Tree=137
num_leaves=7
num_cat=0
split_feature=7 0 2 2 2 4
split_gain=2.80472 5.97214 5.40603 4.28535 6.25559 5.53248
threshold=1.0000000180025095e-35 -0.49330645799636835 0.33755950629711157 -0.03298141993582248 -0.068281508982181535 1.0000000180025095e-35
decision_type=2 2 2 2 2 2
left_child=3 2 -2 4 -1 -5
right_child=1 -3 -4 5 -6 -7
leaf_value=-0.00028724390669727375 0.0042374088828849802 -0.0052658341966321937 -0.0051708696208862988 -0.0045988259640039409 0.0073588847776054197 0.00051013798921968395
leaf_weight=640.59612671658397 413.25363345816731 68.865414887666702 40.302907101809978 417.37289850786328 90.825545087456703 297.9420358389616
leaf_count=1873 1161 205 130 1517 252 846
internal_value=-8.41077e-05 0.00172579 0.00309161 -0.000793194 0.000752973 -0.00243325
internal_weight=1969.16 522.422 453.557 1446.74 731.422 715.315
internal_count=5984 1496 1291 4488 2125 2363
is_linear=0
shrinkage=0.03


Tree=138
num_leaves=7
num_cat=0
split_feature=1 2 2 1 2 1
split_gain=3.2684 1.56177 3.82471 3.2029 0.572254 0.131383
threshold=0.39547458291053778 0.15002587437629702 0.080596823245286955 0.048461290076375015 0.62958651781082164 0.68015167117118847
decision_type=2 2 2 2 2 2
left_child=1 2 -1 -3 -2 -6
right_child=4 3 -4 -5 5 -7
leaf_value=0.00045841996460208007 -0.0049321647817066102 -0.0051250319928492051 0.0051654552070388047 0.0005741984559928864 0.00083147563307664257 -0.0015061691954735901
leaf_weight=1303.9707214422524 97.047026976943016 100.45293553546071 164.75654805079103 275.8680864982307 19.658406406641006 20.037595916539431
leaf_count=3779 403 308 490 901 78 86
internal_value=0.000254384 0.000629393 0.00108904 -0.000977587 -0.00385742 0
internal_weight=1981.79 1845.05 1468.73 376.321 136.743 39.696
internal_count=6045 5478 4269 1209 567 164
is_linear=0
shrinkage=0.03


Tree=139
num_leaves=7
num_cat=0
split_feature=2 0 0 2 0 2
split_gain=4.77498 4.50216 2.95644 2.5337 2.93735 2.20825
threshold=-0.38822077214717859 -2.4120936393737789 -0.85582005977630604 0.48081676661968237 -2.2799719572067256 -0.34051799774169916
decision_type=2 2 2 2 2 2
left_child=1 -1 -3 5 -5 -2
right_child=3 2 -4 4 -6 -7
leaf_value=0.0031882693408036133 0.0050501629137886927 -0.0093206820508440237 0 -0.010844502659152275 -6.5775275288493078e-05 -0.00011289953578911778
leaf_weight=24.764023512601852 57.522584699094296 111.23934302479029 24.087090149521828 22.252809459343553 76.038060668855906 1671.716670576483
leaf_count=71 164 391 77 82 305 4936
internal_value=-0.000670686 -0.00534433 -0.00750151 -0.00017538 -0.00443422 8.0325e-05
internal_weight=1987.62 160.09 135.326 1827.53 98.2909 1729.24
internal_count=6026 539 468 5487 387 5100
is_linear=0
shrinkage=0.03


Tree=140
num_leaves=7
num_cat=0
split_feature=2 2 3 4 3 3
split_gain=3.3358 5.42828 4.52391 3.87082 9.08248 4.48848
threshold=-0.018440417014062401 -0.068281508982181535 -0.48883685469627375 1.0000000180025095e-35 -1.3045100569725034 -1.1227906942367551
decision_type=2 2 2 2 2 2
left_child=1 2 -1 5 -5 -2
right_child=3 -3 -4 4 -6 -7
leaf_value=0.0019377238658656324 0.00071761868693923786 0.0057913370043693535 -0.0024129121815782092 -0.0044950058372946891 0.00573087459602316 -0.0042459135127228048
leaf_weight=502.77189628779888 218.2550530731678 169.1609251908958 343.32919582352042 109.25799050182104 169.58975915238261 438.90993132442236
leaf_count=1445 642 458 1047 316 484 1560
internal_value=0 0.00118984 8.8103e-05 -0.00126778 0.00149072 -0.00253633
internal_weight=1951.27 1015.26 846.101 936.013 278.848 657.165
internal_count=5952 2950 2492 3002 800 2202
is_linear=0
shrinkage=0.03


Tree=141
num_leaves=7
num_cat=0
split_feature=0 0 0 3 3 3
split_gain=1.44717 6.81605 5.18524 4.92788 4.77453 1.28703
threshold=-1.3783862590789793 -1.4732437729835508 -1.32330846786499 -0.76424372196197499 -1.1341651082038877 -0.62667530775070179
decision_type=2 2 2 2 2 2
left_child=1 4 -2 -4 -1 -3
right_child=2 5 3 -5 -6 -7
leaf_value=-0.0022198902147876507 -0.0083404563935924464 0.010215156875942323 0.0026798937840204549 -0.0019570178414086096 0.0019148905624361578 0.0014566871457381964
leaf_weight=366.23569978959858 47.10392203181982 65.514767147600651 391.04284102097154 386.90601652115583 677.75260037370026 49.976523667573929
leaf_count=1174 124 180 1058 1151 2227 131
internal_value=0.000598519 0.00128379 -0.000301104 0.000307324 0.000393537 0.00764241
internal_weight=1984.53 1159.48 825.053 777.949 1043.99 115.491
internal_count=6045 3712 2333 2209 3401 311
is_linear=0
shrinkage=0.03


Tree=142
num_leaves=7
num_cat=0
split_feature=1 1 3 3 2 3
split_gain=3.69807 5.74307 3.08945 1.69695 3.42956 1.20419
threshold=0.19094837456941607 0.10955535247921945 -1.1562761664390562 -0.79858073592185963 0.52421754598617565 -0.59270474314689625
decision_type=2 2 2 2 2 2
left_child=1 2 -1 4 -2 -5
right_child=3 -3 -4 5 -6 -7
leaf_value=-0.0013575317348822158 -0.0055465804739766008 0.0059676648339561135 0.0015926325560660947 0.0039236745664877051 0.0030705950694473135 -0.0010334267361952528
leaf_weight=448.14759504050016 158.13088995590806 192.69181446731091 916.42264617048204 36.996865853667259 30.370276952162385 173.15962386876345
leaf_count=1359 514 523 2685 122 104 692
internal_value=0.000665916 0.00134735 0.000574801 -0.00178984 -0.00370909 0
internal_weight=1955.92 1557.26 1364.57 398.658 188.501 210.156
internal_count=5999 4567 4044 1432 618 814
is_linear=0
shrinkage=0.03


Tree=143
num_leaves=7
num_cat=0
split_feature=1 3 2 2 2 2
split_gain=3.36113 4.16025 4.00614 6.04372 2.4271 1.41248
threshold=-0.25216108560562128 -1.0888868570327757 0.074005670845508589 0.023612617515027527 -0.16471158713102338 0.16914440691471103
decision_type=2 2 2 2 2 2
left_child=1 -1 3 -2 -3 -4
right_child=2 4 5 -5 -6 -7
leaf_value=-0.0019095488552050401 -0.0011953998002416952 0.0015078917690715201 0.0024717988146150198 -0.0079968111563414445 0.0084335653328070654 -0.0002700815255402446
leaf_weight=127.95642568916082 799.07622411847115 173.79657103121281 225.06633318401873 128.64884167164564 71.332625422626734 439.6620837263763
leaf_count=408 2263 529 672 388 199 1552
internal_value=-0.000456439 0.00198418 -0.00108297 -0.00235072 0.00423372 0.000615731
internal_weight=1965.54 373.086 1592.45 927.725 245.129 664.728
internal_count=6011 1136 4875 2651 728 2224
is_linear=0
shrinkage=0.03


Tree=144
num_leaves=7
num_cat=0
split_feature=2 6 0 0 2 2
split_gain=2.37219 3.95348 3.23971 3.1032 6.08616 5.60333
threshold=0.15002587437629702 1.0000000180025095e-35 -0.98710316419601429 -0.9427790343761443 -0.14903332293033597 -0.040817506611347192
decision_type=2 2 2 2 2 2
left_child=3 -2 -3 4 -1 -5
right_child=1 2 -4 5 -6 -7
leaf_value=-0.0010969973433824049 0 -0.0087507442638694397 0.00032807109789656687 0.0010235365388296393 0.00318012987170676 -0.0068672995005468872
leaf_weight=478.23655311763287 389.29299180023372 83.855442378669977 33.203246369957924 184.95224411413074 687.65624241530895 107.08814182132483
leaf_count=1477 1312 327 100 522 1967 305
internal_value=1.85992e-05 -0.00167947 -0.00606571 0.000663696 0.00138619 -0.00193237
internal_weight=1964.28 506.352 117.059 1457.93 1165.89 292.04
internal_count=6010 1739 427 4271 3444 827
is_linear=0
shrinkage=0.03


Tree=145
num_leaves=7
num_cat=0
split_feature=0 3 3 3 1 0
split_gain=4.27205 3.59062 7.0907 2.61103 2.51988 2.29409
threshold=-1.099162697792053 -0.47615905106067652 -1.5700590610504148 -2.0559248924255367 -0.23323451727628705 -1.0279726386070249
decision_type=2 2 2 2 2 2
left_child=3 2 -2 -1 -5 -3
right_child=1 5 -4 4 -6 -7
leaf_value=0.0048458855837073041 -0.0014952479576631199 0.0053546002673621022 0.0073396334929156067 0.0012588681006519514 -0.001719811291881611 -0.0019687411093256162
leaf_weight=49.14525555446744 102.22288989648223 26.004822120070457 210.71549391001463 293.90500128641725 1074.8908224850893 181.71592481806874
leaf_count=145 300 77 591 907 3386 564
internal_value=0.000105715 0.00240415 0.004357 -0.000718229 -0.00102811 -0.000398686
internal_weight=1938.6 520.659 312.938 1417.94 1368.8 207.721
internal_count=5970 1532 891 4438 4293 641
is_linear=0
shrinkage=0.03


Tree=146
num_leaves=7
num_cat=0
split_feature=2 5 2 2 2 2
split_gain=2.66541 4.18967 4.31918 1.75994 3.40412 2.13688
threshold=-0.025724115781486031 1.0000000180025095e-35 -0.062451714649796479 0.052089717239141471 0.034031275659799583 0.064941354095935835
decision_type=2 2 2 2 2 2
left_child=1 2 -1 4 -2 -5
right_child=3 -3 -4 5 -6 -7
leaf_value=-0.00088011360055859707 -0.00050193822669502197 0.0044880910949222494 0.0050980175046464607 0.0057418534737019907 -0.0088488997216449958 -0.00058426537524185868
leaf_weight=637.59316451475024 178.83547750115395 248.1963599473238 109.99860261008143 31.127039842307568 49.162946093827486 691.14000204764307
leaf_count=1885 523 743 282 95 151 2314
internal_value=0.000169842 0.00126765 3.12386e-05 -0.000921139 -0.00311219 -8.34343e-05
internal_weight=1946.05 995.788 747.592 950.265 227.998 722.267
internal_count=5993 2910 2167 3083 674 2409
is_linear=0
shrinkage=0.03


Tree=147
num_leaves=7
num_cat=0
split_feature=3 0 6 3 4 0
split_gain=3.71404 6.55314 7.08564 3.26369 3.17643 3.14887
threshold=-1.1341651082038877 -1.4732437729835508 1.0000000180025095e-35 -0.89844766259193409 1.0000000180025095e-35 -1.9029208421707151
decision_type=2 2 2 2 2 2
left_child=1 2 -1 -2 -3 -5
right_child=3 4 -4 5 -6 -7
leaf_value=-0.0060566827120182819 0.0044629838313600366 0.003192580808756403 0.0041887833153666379 -0.0018591026560267215 -0.0029804309673480789 0.0014967308868056388
leaf_weight=312.11786043085158 198.83991658315063 236.37051462382078 52.246179185807705 348.35828096419573 79.350660018622875 738.02594955638051
leaf_count=1012 558 624 166 1189 233 2232
internal_value=0.000120833 -0.00160914 -0.00428997 0.00109286 0.00137726 0.000352269
internal_weight=1965.31 680.085 364.364 1285.22 315.721 1086.38
internal_count=6014 2035 1178 3979 857 3421
is_linear=0
shrinkage=0.03


Tree=148
num_leaves=7
num_cat=0
split_feature=2 2 3 3 3 3
split_gain=4.52728 3.21967 4.33056 2.693 2.17997 4.2564
threshold=-0.025724115781486031 0.080596823245286955 -1.7002708315849302 -1.0888868570327757 -1.5355415344238279 -0.65270125865936268
decision_type=2 2 2 2 2 2
left_child=4 2 -2 -3 -1 -6
right_child=1 3 -4 -5 5 -7
leaf_value=-0.0019656444424110404 0.0024335924244893933 0.0015432191316842655 -0.0061416763675351911 -0.0022314714148781128 0.0039610870285210981 -0.00025508138253790217
leaf_weight=173.06415966898203 43.259649947285652 246.1962775029242 248.92336529493332 410.79892922379076 340.60543283820152 470.73120505362749
leaf_count=598 128 733 736 1492 911 1374
internal_value=-0.000575605 -0.00205144 -0.00460529 -0.000724549 0.000800196 0.00149544
internal_weight=1933.58 949.178 292.183 656.995 984.401 811.337
internal_count=5972 3089 864 2225 2883 2285
is_linear=0
shrinkage=0.03


Tree=149
num_leaves=7
num_cat=0
split_feature=0 3 3 0 0 7
split_gain=2.41955 8.02678 7.64489 6.60534 3.5765 2.05112
threshold=-0.87289050221443165 -1.5127196907997129 -0.57040783762931813 -0.93389609456062306 -0.49330645799636835 1.0000000180025095e-35
decision_type=2 2 2 2 2 2
left_child=3 4 -3 5 -2 -1
right_child=1 2 -4 -5 -6 -7
leaf_value=-0.00095239056334054089 0 0.009335278465028192 0 -0.010680071247622979 -0.010906648527023876 0.001551377265214768
leaf_weight=1173.5359150059521 44.754515767097473 124.95923245698214 151.33148473501205 38.310079276561737 31.171328224241734 360.4662069119513
leaf_count=3754 121 342 472 115 100 1053
internal_value=-0.000199655 0.00193701 0.00440622 -0.000734292 -0.00546814 -0.000313041
internal_weight=1924.53 352.217 276.291 1572.31 75.9258 1534
internal_count=5957 1035 814 4922 221 4807
is_linear=0
shrinkage=0.03


Tree=150
num_leaves=7
num_cat=0
split_feature=0 1 0 0 3 1
split_gain=3.4221 3.3223 2.42842 4.91896 3.86803 0.344536
threshold=-0.2674263715744018 -0.047539930790662759 -0.67125064134597767 -0.77156704664230336 -0.01361468620598316 0.1454398110508919
decision_type=2 2 2 2 2 2
left_child=2 -2 3 -1 -4 -3
right_child=1 5 4 -5 -6 -7
leaf_value=-0.00056538310398839085 -0.00053159154658542849 0.010911811617354616 -0.0070199284537444647 0.0077658890199438719 0.0019626485302451134 0.0015664549619318336
leaf_weight=1645.5091402325779 47.031795099377632 27.814152643084526 101.80981880426407 45.903822094202042 42.218288276344538 32.000197686254978
leaf_count=5139 142 83 294 128 133 99
internal_value=-0.000242203 0.00447441 -0.000594378 -0.000216107 -0.00410286 0.00830922
internal_weight=1942.29 106.846 1835.44 1691.41 144.028 59.8144
internal_count=6018 324 5694 5267 427 182
is_linear=0
shrinkage=0.03


Tree=151
num_leaves=7
num_cat=0
split_feature=3 0 0 3 0 2
split_gain=3.28606 6.2765 8.17509 7.48522 3.01656 4.30371
threshold=-1.5355415344238279 -0.87289050221443165 -1.0171655416488645 -0.53483331203460682 -0.49330645799636835 -0.057450283318758004
decision_type=2 2 2 2 2 2
left_child=4 2 -2 -3 5 -1
right_child=1 3 -4 -5 -6 -7
leaf_value=-0.0056009885225160273 -0.00017009612913914922 0.0085765579307303611 -0.0096486663300974166 -0.00042260933066391173 -0.010671276198469651 0.00076169636854608001
leaf_weight=134.59079059958458 1194.790801782161 134.48690504580736 69.302971631288528 150.95272525772452 25.73390456289053 206.9891621619463
leaf_count=476 3731 367 207 465 85 604
internal_value=-0.000576488 2.82497e-06 -0.000878663 0.00390493 -0.00304922 -0.00175055
internal_weight=1916.85 1549.53 1264.09 285.44 367.314 341.58
internal_count=5935 4770 3938 832 1165 1080
is_linear=0
shrinkage=0.03


Tree=152
num_leaves=5
num_cat=0
split_feature=0 1 0 0
split_gain=3.76661 1.6588 3.84143 3.28516
threshold=0.067833337932825102 -0.036864912137389176 -0.8847743272781371 -0.47021670639514918
decision_type=2 2 2 2
left_child=1 2 -1 -3
right_child=-2 3 -4 -5
leaf_value=-0.00020361771308075871 0.0067431234625715932 -0.00056224119556547907 0.0047778060485579926 -0.0073435571405350928
leaf_weight=762.1376596800983 51.702465616166592 929.93420244008303 145.44052621349692 52.823502995073795
leaf_count=2307 157 2977 418 165
internal_value=0 -0.000260525 0.000615782 -0.00112577
internal_weight=1942.04 1890.34 907.578 982.758
internal_count=6024 5867 2725 3142
is_linear=0
shrinkage=0.03


Tree=153
num_leaves=6
num_cat=0
split_feature=2 0 2 3 0
split_gain=2.57445 4.14973 3.62075 3.51957 2.42108
threshold=-0.38822077214717859 -2.2799719572067256 -0.34051799774169916 0.49634872376918798 -0.85582005977630604
decision_type=2 2 2 2 2
left_child=1 -1 -2 -4 -3
right_child=2 4 3 -5 -6
leaf_value=0.0030492486261085726 0.0063724526753293868 -0.0080610655553080349 0.00029928584492791511 -0.0040353671320624094 0
leaf_weight=38.783091947436333 60.22570326179266 98.910874649882317 1556.4046011455357 167.63875357806683 26.764302983880043
leaf_count=135 172 348 4597 716 80
internal_value=-0.000189928 -0.00357671 0.000125169 -0.000129237 -0.00617125
internal_weight=1948.73 164.458 1784.27 1724.04 125.675
internal_count=6048 563 5485 5313 428
is_linear=0
shrinkage=0.03


Tree=154
num_leaves=7
num_cat=0
split_feature=3 1 3 3 1 2
split_gain=2.37495 2.72199 2.30267 3.72696 3.57112 0.85563
threshold=-1.9006319642066953 -0.11513197422027587 -1.1875346899032591 -0.89844766259193409 -0.0029784772777929898 -0.16213808208703992
decision_type=2 2 2 2 2 2
left_child=1 5 4 -4 -2 -1
right_child=2 -3 3 -5 -6 -7
leaf_value=-0.004158793685899706 0.00056160336357416452 0.0057351785518497539 0.0039092231837305957 -7.1733097436814421e-05 -0.004399351302641877 0.0011972045754787043
leaf_weight=27.212653461843729 238.59363927133381 123.61933257244527 235.89703356102109 1067.4395025409758 219.8895221799612 22.053786814212799
leaf_count=97 749 353 678 3379 669 72
internal_value=0.000352945 0.00351338 0 0.000651651 -0.00177672 -0.00124159
internal_weight=1934.71 172.886 1761.82 1303.34 458.483 49.2664
internal_count=5997 522 5475 4057 1418 169
is_linear=0
shrinkage=0.03


Tree=155
num_leaves=7
num_cat=0
split_feature=2 2 0 0 2 1
split_gain=3.14516 4.43359 3.30708 3.1598 3.11248 4.16101
threshold=-0.16755340993404386 0.15002587437629702 -2.2799719572067256 -2.5537434816360469 -0.19421002268791196 -0.3581740111112594
decision_type=2 2 2 2 2 2
left_child=4 3 -3 -2 5 -1
right_child=1 2 -4 -5 -6 -7
leaf_value=-0.0047467534541563508 0.0097532142784291544 -0.0062632555426581742 -0.00016088847280630551 0.0013601764690277921 -0.0076518075169418574 0.00087455113513888261
leaf_weight=154.16552688367665 26.838323883712292 87.965886421501637 401.02556236833334 856.49273999221623 60.400224257260561 321.94533347710967
leaf_count=490 71 328 1385 2500 187 970
internal_value=-0.000123301 0.000606938 -0.00157951 0.0018919 -0.00205365 -0.000942677
internal_weight=1908.83 1372.32 488.991 883.331 536.511 476.111
internal_count=5931 4284 1713 2571 1647 1460
is_linear=0
shrinkage=0.03


Tree=156
num_leaves=7
num_cat=0
split_feature=2 0 2 0 0 0
split_gain=2.6925 3.84783 3.16676 6.63635 2.45946 2.28414
threshold=0.026214370504021648 -2.32706606388092 0.077634360641241087 -1.0821425914764402 -0.98710316419601429 -1.9130846261978147
decision_type=2 2 2 2 2 2
left_child=1 -1 4 -4 -2 -3
right_child=2 5 3 -5 -6 -7
leaf_value=0.0052714423306124232 -0.0011536915222414446 -0.0020885097180301064 -0.0018028954283256149 0.0045895223735791368 -0.01049512861609697 0.0013609815315853817
leaf_weight=180.75465359166265 105.44489403441548 192.83925771340728 462.84844301640987 189.10433815419674 28.89445449411869 762.49275521561503
leaf_count=528 324 658 1652 573 89 2188
internal_value=0.000509681 0.00145206 -0.00077976 4.34015e-05 -0.0046513 0.000574616
internal_weight=1922.38 1136.09 786.292 651.953 134.339 955.332
internal_count=6012 3374 2638 2225 413 2846
is_linear=0
shrinkage=0.03


Tree=157
num_leaves=5
num_cat=0
split_feature=0 3 0 7
split_gain=2.24721 2.31382 4.80929 4.61225
threshold=-2.6164931058883663 -1.5355415344238279 -0.53293088078498829 1.0000000180025095e-35
decision_type=2 2 2 2
left_child=-1 3 -3 -2
right_child=1 2 -4 -5
leaf_value=0.0066931945475321572 -0.0044567330406887059 0.00016327750644574591 0.005429377645341152 0.0017630948661941472
leaf_weight=31.872767133638263 219.57763029821217 1347.324733665213 161.2371682934463 162.11978673189878
leaf_count=94 769 4217 469 459
internal_value=0.00047773 0.000272539 0.000829053 -0.00170934
internal_weight=1922.13 1890.26 1508.56 381.697
internal_count=6008 5914 4686 1228
is_linear=0
shrinkage=0.03


Tree=158
num_leaves=7
num_cat=0
split_feature=1 3 3 0 1 0
split_gain=2.03671 4.25035 4.77766 3.12753 3.01219 7.43232
threshold=-0.044775480404496186 -0.47615905106067652 -1.0817664265632627 -1.0390347242355344 0.0132931936532259 -1.3783862590789793
decision_type=2 2 2 2 2 2
left_child=1 2 -1 -3 5 -2
right_child=4 3 -4 -5 -6 -7
leaf_value=8.9745918747699056e-05 -0.0095054117988666448 7.8497387665415628e-05 0.0059813839996177599 -0.0057643547450572964 -0.00017319454395075986 0.001766101962224949
leaf_weight=321.05934770219028 92.023958958685398 265.03894015029073 207.31290548294783 88.35533314011991 866.0722786244005 75.4491031691432
leaf_count=1004 302 842 556 275 2784 212
internal_value=-7.32147e-05 0.00094041 0.00264465 -0.00145215 -0.000996373 -0.0044607
internal_weight=1915.31 881.767 528.372 353.394 1033.55 167.473
internal_count=5975 2677 1560 1117 3298 514
is_linear=0
shrinkage=0.03


Tree=159
num_leaves=7
num_cat=0
split_feature=3 2 2 2 2 3
split_gain=1.73378 2.49656 3.21104 2.47671 2.42084 2.32542
threshold=-0.21520276367664334 -0.26726803183555597 -0.18352843821048734 -0.35816402733325953 -0.45228432118892664 -1.9598832130432127
decision_type=2 2 2 2 2 2
left_child=4 3 -3 -2 -1 -6
right_child=1 2 -4 -5 5 -7
leaf_value=-0.0037105580052869511 -0.00067955497636908787 -0.0079256574998565043 -0.00073656490526714834 0.0065509428232604725 -0.0020385333967409846 0.0018135334910014183
leaf_weight=66.366771580651402 66.65957997366786 51.330558735877275 423.64212501235306 51.794158831238747 129.39887481555343 1152.4639883805066
leaf_count=229 246 171 1490 147 386 3400
internal_value=0.000397927 -0.000881415 -0.00192357 0.00253824 0.00100954 0.00135325
internal_weight=1941.66 593.426 474.973 118.454 1348.23 1281.86
internal_count=6069 2054 1661 393 4015 3786
is_linear=0
shrinkage=0.03


Tree=160
num_leaves=7
num_cat=0
split_feature=0 2 3 0 7 0
split_gain=1.62511 4.27894 6.55494 3.55247 4.62501 3.99263
threshold=-2.32706606388092 0.031499054282903678 -1.2713732123374937 -1.9524812698364256 1.0000000180025095e-35 -1.7885708212852476
decision_type=2 2 2 2 2 2
left_child=1 2 -1 4 -2 -5
right_child=3 -3 -4 5 -6 -7
leaf_value=-0.0021821429851944241 -0.0047021603204504756 -0.0012651730610538556 0.0087193855318804109 0.0053668489301519394 0.0040734335753121005 0.00021600486174936864
leaf_weight=52.926439594477415 220.29395614564419 123.67851439490914 129.08682108670473 137.92046511173248 45.910299245268106 1194.6708870828152
leaf_count=179 820 449 356 474 155 3541
internal_value=0.000627451 0.00257615 0.00535019 0.000190568 -0.00280017 0.00086494
internal_weight=1904.49 305.692 182.013 1598.8 266.204 1332.59
internal_count=5974 984 535 4990 975 4015
is_linear=0
shrinkage=0.03


Tree=161
num_leaves=7
num_cat=0
split_feature=2 3 2 3 3 3
split_gain=2.90002 5.32764 4.03337 3.65456 4.75839 3.38239
threshold=-0.025724115781486031 -1.5355415344238279 -0.15907963365316388 0.32946947216987615 1.0858827233314516 -0.13809145241975782
decision_type=2 2 2 2 2 2
left_child=1 2 -1 5 -5 -2
right_child=3 -3 -4 4 -6 -7
leaf_value=-0.0072445852177337768 -0.0013990684022766758 0.0020735093390424073 0.0007557001851939936 -0.0095464937133908512 0.0010136282165939274 0.0034964515033826652
leaf_weight=90.583781849592924 675.6615578327328 797.65862590447068 85.317738480865955 78.917445324361324 41.843429252505302 132.02432458847761
leaf_count=353 2103 2308 262 340 192 438
internal_value=-0.000119398 0.00098019 -0.00337693 -0.00133203 -0.00583705 -0.000461204
internal_weight=1902.01 973.56 175.902 928.447 120.761 807.686
internal_count=5996 2923 615 3073 532 2541
is_linear=0
shrinkage=0.03


Tree=162
num_leaves=7
num_cat=0
split_feature=1 1 2 1 1 1
split_gain=2.38861 1.59187 1.51008 0.651035 0.345481 1.28897
threshold=0.48172438144683843 0.33977107703685766 0.12412730976939203 0.39547458291053778 0.56330764293670665 0.76197296380996715
decision_type=2 2 2 2 2 2
left_child=1 2 -1 -3 -2 -6
right_child=4 3 -4 -5 5 -7
leaf_value=0.0010295371897838495 -0.0063054675085649206 0.0061186231053384429 -0.0010155400136487816 0 0.0017325353563710662 -0.0050265169951448354
leaf_weight=1364.0641005504876 24.825405325740576 53.076684385538101 380.22810208797455 42.722614046186209 35.75851234793663 20.416193764656782
leaf_count=4075 110 189 1239 185 153 92
internal_value=0.000550338 0.000815794 0.000543276 0.00430878 -0.0038534 -0.000611083
internal_weight=1921.09 1840.09 1744.29 95.7993 81.0001 56.1747
internal_count=6043 5688 5314 374 355 245
is_linear=0
shrinkage=0.03


Tree=163
num_leaves=7
num_cat=0
split_feature=3 1 2 2 1 2
split_gain=2.21206 4.2594 6.3489 3.94876 6.47256 2.21256
threshold=-0.055337905883789056 0.087443500757217421 -0.030435356311500069 0.25706437230110174 0.27301105856895452 -0.41398094594478602
decision_type=2 2 2 2 2 2
left_child=3 2 -2 5 -5 -1
right_child=1 -3 -4 4 -6 -7
leaf_value=-0.0021975430291395364 -0.00014123181055853275 0.0022128770433033867 -0.0091335987179862049 -0.0082859505730505517 0.0014331905610051414 0.0019844157115155373
leaf_weight=96.416486445814371 221.45599070563912 160.02675299718976 95.259592372924089 84.114290922880173 120.40275530144572 1144.1432882323861
leaf_count=320 732 621 355 261 444 3310
internal_value=0.000300951 -0.00138595 -0.00340595 0.000909749 -0.00267891 0.00158209
internal_weight=1921.82 476.742 316.716 1445.08 204.517 1240.56
internal_count=6043 1708 1087 4335 705 3630
is_linear=0
shrinkage=0.03


Tree=164
num_leaves=7
num_cat=0
split_feature=1 1 2 3 3 3
split_gain=1.8977 4.48486 4.23057 2.97233 2.05833 0.974573
threshold=-0.42589965462684626 -0.23055828362703321 -0.1363890543580055 0.55476582050323497 -0.88929209113121022 0.24965338408946994
decision_type=2 2 2 2 2 2
left_child=2 3 5 -2 -3 -1
right_child=1 4 -4 -5 -6 -7
leaf_value=-0.007102951939283569 0.004893152117086531 0.00059006095876825641 0.0045391293184204968 -0.0027465616112674397 -0.0015672044617110971 0
leaf_weight=89.461085930466652 226.34358544647694 700.63912179321051 24.671659875661135 31.897210989147425 807.7116228081286 26.100148104131222
leaf_count=284 685 2123 64 123 2636 95
internal_value=-0.000176406 7.32598e-05 -0.00331261 0.00360428 -0.000531274 -0.00585388
internal_weight=1906.82 1766.59 140.233 258.241 1508.35 115.561
internal_count=6010 5567 443 808 4759 379
is_linear=0
shrinkage=0.03


Tree=165
num_leaves=7
num_cat=0
split_feature=2 0 2 2 3 1
split_gain=2.49907 4.31191 3.24607 4.85544 4.05931 3.03607
threshold=-0.12761672586202619 -1.9130846261978147 -0.068281508982181535 -0.044353425502777093 -0.99854341149330128 -0.11095719784498213
decision_type=2 2 2 2 2 2
left_child=1 5 4 -4 -2 -1
right_child=2 -3 3 -5 -6 -7
leaf_value=-0.0042150052519838192 0.00028093693496661647 0.003041493835820606 0.0060911600760083203 -0.00093593204287697692 -0.0077139814969878484 0.0025432933573235929
leaf_weight=151.67446395754814 74.860490836203098 418.74115273356438 76.112831201404333 994.49305196478963 110.70822738111019 63.911057148128748
leaf_count=521 227 1254 215 3282 310 213
internal_value=-0.000210133 0.00125966 -0.00100746 -0.000278797 -0.00448332 -0.00191098
internal_weight=1890.5 634.327 1256.17 1070.61 185.569 215.586
internal_count=6022 1988 4034 3497 537 734
is_linear=0
shrinkage=0.03


Tree=166
num_leaves=4
num_cat=0
split_feature=0 1 1
split_gain=1.94966 1.96288 1.99211
threshold=0.17637225985527041 -0.68812808394432057 -0.20271357893943784
decision_type=2 2 2
left_child=1 -1 -3
right_child=-2 2 -4
leaf_value=-0.0066863134724235778 0.0051666929289828616 0.0012757769159249099 -0.00099567785898028744
leaf_weight=28.434744548052549 32.144635684788227 422.71381860598922 1407.6836087312549
leaf_count=95 110 1332 4457
internal_value=-0.000445397 -0.000628347 -0.000430561
internal_weight=1890.98 1858.83 1830.4
internal_count=5994 5884 5789
is_linear=0
shrinkage=0.03


Tree=167
num_leaves=7
num_cat=0
split_feature=2 2 0 0 4 2
split_gain=1.73723 4.61716 5.33096 4.0612 3.48931 3.68436
threshold=0.023612617515027527 -0.062451714649796479 -0.77156704664230336 -1.0533304810523985 1.0000000180025095e-35 0.17718449234962466
decision_type=2 2 2 2 2 2
left_child=1 2 -1 -3 -2 -6
right_child=4 3 -4 -5 5 -7
leaf_value=-0.002038420152049576 -0.0029703396861661228 0.005508844834802849 0.0042228029864252578 -0.0018390792063663827 -0.0025332978855014381 0.0042980092766750225
leaf_weight=705.02333397977054 555.54727258533239 202.15797270834446 123.6227822303772 70.727931670844555 103.34670605137944 134.49713849648833
leaf_count=2178 1974 581 363 194 312 402
internal_value=-0.000612269 0.00011196 -0.000956125 0.00340398 -0.00166957 0.00113075
internal_weight=1894.92 1101.53 828.646 272.886 793.391 237.844
internal_count=6004 3316 2541 775 2688 714
is_linear=0
shrinkage=0.03


Tree=168
num_leaves=7
num_cat=0
split_feature=2 2 2 0 1 0
split_gain=2.89999 3.92902 3.69057 3.10876 1.40159 0.902457
threshold=-0.37292703986167902 -0.34051799774169916 -0.5854007601737975 -0.79161614179611195 -0.52833229303359974 -1.997215688228607
decision_type=2 2 2 2 2 2
left_child=2 -2 4 -3 -1 -4
right_child=1 3 5 -5 -6 -7
leaf_value=-0.0014748109563214734 0.0073599616568367715 0.00013361432256922193 -0.00074367971908056399 -0.0032451109252108578 0.0057078921252961051 -0.0082479624044460159
leaf_weight=22.762089256197214 40.423187762498856 1399.8553937375546 44.041055964305997 270.18384958617389 22.677038382738829 83.167728759348392
leaf_count=84 119 4472 165 813 81 276
internal_value=-0.000538735 -0.00010821 -0.00403856 -0.000409438 0.00184186 -0.0065115
internal_weight=1883.11 1710.46 172.648 1670.04 45.4391 127.209
internal_count=6010 5404 606 5285 165 441
is_linear=0
shrinkage=0.03


Tree=169
num_leaves=7
num_cat=0
split_feature=0 2 0 2 2 7
split_gain=2.31216 4.56971 5.35261 4.30692 3.18213 6.03971
threshold=-1.2021455764770506 0.095883443951606764 -1.0279726386070249 0.16914440691471103 0.031499054282903678 1.0000000180025095e-35
decision_type=2 2 2 2 2 2
left_child=4 2 -2 -3 5 -1
right_child=1 3 -4 -5 -6 -7
leaf_value=-0.0016627096780415062 0.0039920449420151579 0.010216801677104948 -0.0033001519173088251 0.00079859732819731054 -0.0033114664478461372 0.0043507425557189252
leaf_weight=627.55382052436471 104.07838431745768 53.311028532683849 288.3265331145376 159.96973258256912 503.05775057710707 174.46032474189997
leaf_count=1933 294 153 859 507 1778 513
internal_value=-0.000762502 0.000688093 -0.00112074 0.00408404 -0.00148123 -0.000207596
internal_weight=1910.76 605.686 392.405 213.281 1305.07 802.014
internal_count=6037 1813 1153 660 4224 2446
is_linear=0
shrinkage=0.03


Tree=170
num_leaves=7
num_cat=0
split_feature=1 2 2 1 2 2
split_gain=1.2913 2.61922 1.36722 1.27595 1.09484 1.98071
threshold=0.32127971947193151 0.43031184375286108 0.53944504261016857 0.4377721399068833 -0.36458329856395716 -0.34051799774169916
decision_type=2 2 2 2 2 2
left_child=4 3 -3 -2 -1 -6
right_child=1 2 -4 -5 5 -7
leaf_value=-0.0013667094437397342 -0.0064243953744335973 0.0052892267177868536 -0.00066871743836285176 0 0.0067932570492381696 0.00065398075885239734
leaf_weight=179.73362288996577 75.773843411356211 31.693050855770707 55.129494456574321 39.887708067893982 32.304736025631428 1475.0503365788609
leaf_count=615 276 112 238 178 95 4459
internal_value=0.000317576 -0.0017693 0.00152754 -0.00454674 0.000620985 0.000912069
internal_weight=1889.57 202.484 86.8225 115.662 1687.09 1507.36
internal_count=5973 804 350 454 5169 4554
is_linear=0
shrinkage=0.03


Tree=171
num_leaves=7
num_cat=0
split_feature=1 0 0 1 0 6
split_gain=2.14348 4.04185 4.03094 4.78134 4.12783 2.36878
threshold=0.15229415148496631 -2.3158314228057857 -2.2183018922805782 0.33977107703685766 -0.75798675417900074 1.0000000180025095e-35
decision_type=2 2 2 2 2 2
left_child=1 -1 3 -2 -4 -3
right_child=2 5 4 -5 -6 -7
leaf_value=0.0039922497189990372 -0.011205738501296301 -0.0010010492431937218 0.0013373768203736244 0.00052835498719776166 -0.005775362134672145 0.0019264775385625771
leaf_weight=237.5317405834794 54.524918712675571 843.19486394897103 310.60323265753686 35.217444129288197 73.766775075346231 325.68506735935807
leaf_count=722 197 2649 1064 156 241 957
internal_value=0 0.000581869 -0.0017108 -0.00679712 -9.74256e-05 -0.000116198
internal_weight=1880.52 1406.41 474.112 89.7424 384.37 1168.88
internal_count=5986 4328 1658 353 1305 3606
is_linear=0
shrinkage=0.03


Tree=172
num_leaves=7
num_cat=0
split_feature=0 3 3 3 3 0
split_gain=2.75202 4.90858 5.22714 4.28335 2.41314 5.39333
threshold=-1.5764803290367124 -1.1227906942367551 -2.0559248924255367 -0.19332916289567945 -0.75301977992057789 -1.4216579198837278
decision_type=2 2 2 2 2 2
left_child=1 2 -1 -3 -2 -6
right_child=4 3 -4 -5 5 -7
leaf_value=0.0039217749884121016 0.0019771581377485787 0.0021586806808326546 -0.0059766467802589021 -0.0028316314343011417 0.0051874685280608795 -0.0024066466477041799
leaf_weight=34.85382791236043 487.07746378146112 325.37270609848201 292.47297796048224 260.0660749450326 81.718774080276489 417.35291645303369
leaf_count=106 1383 1007 998 1005 252 1272
internal_value=-0.000574402 -0.00175812 -0.00458478 0 0.000474762 -0.00089562
internal_weight=1898.91 912.766 327.327 585.439 986.149 499.072
internal_count=6023 3116 1104 2012 2907 1524
is_linear=0
shrinkage=0.03


Tree=173
num_leaves=7
num_cat=0
split_feature=1 2 2 2 1 2
split_gain=1.08093 4.90133 4.92531 2.63637 1.42728 0.818745
threshold=-0.23791119456291196 -0.33449342846870417 -0.25096404552459711 -0.41398094594478602 -0.68812808394432057 -0.41398094594478602
decision_type=2 2 2 2 2 2
left_child=4 3 -3 -2 -1 -6
right_child=1 2 -4 -5 5 -7
leaf_value=-0.002771539681341916 0 0.0069563945908173216 -0.00014881038425061316 -0.010836333520338732 0 0.0031114608274329016
leaf_weight=29.949226129800081 26.13439716398716 72.981093227863312 1377.2115429118276 37.08501909673214 82.791545286774635 257.37306118011475
leaf_count=100 96 215 4412 111 301 793
internal_value=0.000219511 -0.000105273 0.000257717 -0.00721371 0.00163868 0.0023259
internal_weight=1883.53 1513.41 1450.19 63.2194 370.114 340.165
internal_count=6028 4834 4627 207 1194 1094
is_linear=0
shrinkage=0.03


Tree=174
num_leaves=6
num_cat=0
split_feature=2 2 3 3 2
split_gain=1.13602 5.52699 4.20659 2.5659 1.48626
threshold=-0.34051799774169916 -0.36458329856395716 -1.2036177515983579 1.556251645088196 0.31724469363689428
decision_type=2 2 2 2 2
left_child=1 2 -1 4 -2
right_child=3 -3 -4 -5 -6
leaf_value=-0.0068766620937957251 -0.00058722131801349951 0.010545883830566575 0.0020744479819677225 -0.0071742996798558212 0.0019793337359485835
leaf_weight=46.069607011973858 1449.2348198499531 31.044306017458439 138.59003796428442 30.15315068140626 210.38462716899812
leaf_count=184 4420 91 447 129 798
internal_value=-0.00015249 0.00175201 -0.000319318 -0.000448347 -0.00020645
internal_weight=1905.48 215.704 184.66 1689.77 1659.62
internal_count=6069 722 631 5347 5218
is_linear=0
shrinkage=0.03


Tree=175
num_leaves=7
num_cat=0
split_feature=3 3 4 2 2 0
split_gain=2.00605 4.01123 3.4878 4.64782 4.63292 1.94533
threshold=-0.64527243375778187 -0.68338012695312489 1.0000000180025095e-35 -0.11947875842452048 0.17718449234962466 -1.2021455764770506
decision_type=2 2 2 2 2 2
left_child=1 5 3 -2 -4 -1
right_child=2 -3 4 -5 -6 -7
leaf_value=-0.0008393778068115094 0.00039142780459540313 0.0085375023809117056 -0.00084049559931498774 -0.0044338587391013181 0.00834343873320538 0.001943204670684771
leaf_weight=678.37886378355324 270.28848389536142 32.998874515295029 132.00422799214721 403.15255506522954 49.186698392033577 313.35341130197048
leaf_count=2151 858 92 373 1471 147 909
internal_value=-0.000357503 0.000492039 -0.00143269 -0.00245525 0.00193595 1.55198e-06
internal_weight=1879.36 1024.73 854.632 673.441 181.191 991.732
internal_count=6001 3152 2849 2329 520 3060
is_linear=0
shrinkage=0.03


Tree=176
num_leaves=7
num_cat=0
split_feature=3 0 0 2 0 1
split_gain=2.22132 9.27603 6.5153 4.26719 3.30384 5.02479
threshold=-1.1562761664390562 -1.4732437729835508 -1.7955805063247678 0.0030836098594591026 -1.4216579198837278 0.2396972253918648
decision_type=2 2 2 2 2 2
left_child=1 2 -1 -3 -2 -6
right_child=4 3 -4 -5 5 -7
leaf_value=-0.001188297819009345 0.0025445021769165471 -0.00037401368954053743 -0.010505196850422808 0.0063233025221861618 0.00085598243171063472 -0.0060606339598271285
leaf_weight=247.10332052223384 713.2942505646497 150.65360286086798 88.139560218900442 136.45232303440571 440.72132246941328 97.111966256052256
leaf_count=859 2384 446 280 382 1265 341
internal_value=0.000476641 -0.000915324 -0.00426026 0.00281814 0.00121976 -0.000457849
internal_weight=1873.48 622.349 335.243 287.106 1251.13 537.833
internal_count=5957 1967 1139 828 3990 1606
is_linear=0
shrinkage=0.03


Tree=177
num_leaves=7
num_cat=0
split_feature=1 1 0 0 0 0
split_gain=2.72523 4.57154 6.35176 3.61034 2.2175 0.612732
threshold=0.39547458291053778 0.15813110023736957 -0.93389609456062306 -0.77156704664230336 -0.87289050221443165 -1.3703624606132505
decision_type=2 2 2 2 2 2
left_child=1 3 -3 -1 5 -2
right_child=4 2 -4 -5 -6 -7
leaf_value=-0.00059528810041979631 -0.0018957414445387485 0.0060548423276484522 -0.0028328435329230814 0.0035559875802325972 0.001518013917294422 -0.0093507714636086783
leaf_weight=1202.1446125879884 70.369523299857974 259.31827089935541 73.892159335315228 202.7141099460423 32.426700860261917 23.406178023666143
leaf_count=3754 342 862 224 608 115 89
internal_value=0.000462817 0.000813214 0.00386525 3.11642e-06 -0.0034036 -0.00560048
internal_weight=1864.27 1738.07 333.21 1404.86 126.202 93.7757
internal_count=5994 5448 1086 4362 546 431
is_linear=0
shrinkage=0.03


Tree=178
num_leaves=6
num_cat=0
split_feature=2 3 0 3 3
split_gain=2.07885 1.8904 5.27041 2.95786 0.871862
threshold=0.57001852989196788 -1.6286472678184507 -0.9761814773082732 -1.3472768664360044 -0.93046265840530384
decision_type=2 2 2 2 2
left_child=1 2 -1 -3 -2
right_child=4 3 -4 -5 -6
leaf_value=0.00037177816374075307 0 0.0042172524150931572 -0.0080558086072203793 0.00021122274926027782 -0.0065182284664839236
leaf_weight=225.97071720100939 20.195274315774441 176.32475751265883 67.703907381743193 1368.9077703133225 38.6822280138731
leaf_count=753 70 556 218 4298 179
internal_value=7.25488e-05 0.000304609 -0.0017696 0.000754725 -0.00465415
internal_weight=1897.78 1838.91 293.675 1545.23 58.8775
internal_count=6074 5825 971 4854 249
is_linear=0
shrinkage=0.03


Tree=179
num_leaves=7
num_cat=0
split_feature=3 4 0 0 4 2
split_gain=1.63645 2.72643 6.41125 3.70233 2.19086 12.6271
threshold=-1.607573330402374 1.0000000180025095e-35 -2.4629322290420528 -0.75798675417900074 1.0000000180025095e-35 0.16914440691471103
decision_type=2 2 2 2 2 2
left_child=1 3 -3 -1 5 -2
right_child=4 2 -4 -5 -6 -7
leaf_value=0.00241134325950236 0.0011389876870889618 0.0046660736403160421 -0.0082242038323276506 -0.0065000743815539002 0.0021391968209632443 -0.0061622211218113777
leaf_weight=153.69314159080386 937.92174438759685 26.306032419204712 109.30345117673278 34.961088925600052 368.47261549159884 252.63767802715302
leaf_count=480 2861 78 395 107 1077 1027
internal_value=-0.000222635 -0.00210817 -0.00505979 7.58489e-06 0.000153275 -0.000436982
internal_weight=1883.3 324.264 135.609 188.654 1559.03 1190.56
internal_count=6025 1060 473 587 4965 3888
is_linear=0
shrinkage=0.03


end of trees

feature_importances:
Column_0=269
Column_3=240
Column_2=220
Column_1=177
Column_4=45
Column_5=20
Column_7=20
Column_6=9

parameters:
[boosting: gbdt]
[objective: lambdarank]
[metric: ndcg]
[tree_learner: serial]
[device_type: cpu]
[data_sample_strategy: bagging]
[data: ]
[valid: ]
[num_iterations: 180]
[learning_rate: 0.03]
[num_leaves: 7]
[num_threads: 1]
[seed: 17]
[deterministic: 1]
[force_col_wise: 1]
[force_row_wise: 0]
[histogram_pool_size: -1]
[max_depth: 3]
[min_data_in_leaf: 80]
[min_sum_hessian_in_leaf: 0.001]
[bagging_fraction: 0.8]
[pos_bagging_fraction: 1]
[neg_bagging_fraction: 1]
[bagging_freq: 1]
[bagging_seed: 26602]
[bagging_by_query: 0]
[feature_fraction: 0.8]
[feature_fraction_bynode: 1]
[feature_fraction_seed: 18297]
[extra_trees: 0]
[extra_seed: 13015]
[early_stopping_round: 0]
[early_stopping_min_delta: 0]
[first_metric_only: 0]
[max_delta_step: 0]
[lambda_l1: 2]
[lambda_l2: 20]
[linear_lambda: 0]
[min_gain_to_split: 0]
[drop_rate: 0.1]
[max_drop: 50]
[skip_drop: 0.5]
[xgboost_dart_mode: 0]
[uniform_drop: 0]
[drop_seed: 30017]
[top_rate: 0.2]
[other_rate: 0.1]
[min_data_per_group: 100]
[max_cat_threshold: 32]
[cat_l2: 10]
[cat_smooth: 10]
[max_cat_to_onehot: 4]
[top_k: 20]
[monotone_constraints: ]
[monotone_constraints_method: basic]
[monotone_penalty: 0]
[feature_contri: ]
[forcedsplits_filename: ]
[refit_decay_rate: 0.9]
[cegb_tradeoff: 1]
[cegb_penalty_split: 0]
[cegb_penalty_feature_lazy: ]
[cegb_penalty_feature_coupled: ]
[path_smooth: 0]
[interaction_constraints: ]
[verbosity: -1]
[saved_feature_importance_type: 0]
[use_quantized_grad: 0]
[num_grad_quant_bins: 4]
[quant_train_renew_leaf: 0]
[stochastic_rounding: 1]
[linear_tree: 0]
[max_bin: 255]
[max_bin_by_feature: ]
[min_data_in_bin: 3]
[bin_construct_sample_cnt: 200000]
[data_random_seed: 94]
[is_enable_sparse: 1]
[enable_bundle: 1]
[use_missing: 1]
[zero_as_missing: 0]
[feature_pre_filter: 1]
[pre_partition: 0]
[two_round: 0]
[header: 0]
[label_column: ]
[weight_column: ]
[group_column: ]
[ignore_column: ]
[categorical_feature: ]
[forcedbins_filename: ]
[precise_float_parser: 0]
[parser_config_file: ]
[objective_seed: 20363]
[num_class: 1]
[is_unbalance: 0]
[scale_pos_weight: 1]
[sigmoid: 1]
[boost_from_average: 1]
[reg_sqrt: 0]
[alpha: 0.9]
[fair_c: 1]
[poisson_max_delta_step: 0.7]
[tweedie_variance_power: 1.5]
[lambdarank_truncation_level: 30]
[lambdarank_norm: 1]
[label_gain: 0,1,2,3]
[lambdarank_position_bias_regularization: 0]
[eval_at: 2]
[multi_error_top_k: 1]
[auc_mu_weights: ]
[num_machines: 1]
[local_listen_port: 12400]
[time_out: 120]
[machine_list_filename: ]
[machines: ]
[gpu_platform_id: -1]
[gpu_device_id: -1]
[gpu_device_id_list: ]
[gpu_use_dp: 0]
[num_gpu: 1]

end of parameters

pandas_categorical:null
