date,equity,daily_return,matched_return,cash,exposure,holdings
2023-01-03,100000.0,0.0,0.0,100000.0,0.0,0
2023-01-04,99944.099734976,-0.0005590026502400036,0.0,136.09973497600004,0.9986382414235868,2
2023-01-05,101422.099734976,0.014788266680266782,0.01478826668026667,136.09973497600004,0.998658086005598,2
2023-01-06,101250.099734976,-0.001695882854421793,-0.001695882854421656,136.09973497600004,0.9986558064107369,2
2023-01-09,101250.099734976,0.0,0.0,136.09973497600004,0.9986558064107369,2
2023-01-10,100920.099734976,-0.0032592560487720856,-0.003259256048772136,136.09973497600004,0.9986514110139267,2
2023-01-11,100432.099734976,-0.004835508499114849,-0.0048355084991148975,136.09973497600004,0.9986448582143045,2
2023-01-12,100748.099734976,0.003146404394948066,0.003146404394948155,136.09973497600004,0.9986491086647389,2
2023-01-13,100920.099734976,0.0017072282301349162,0.001707228230134919,136.09973497600004,0.9986514110139267,2
2023-01-16,101738.099734976,0.008105422033352516,0.008105422033352407,136.09973497600004,0.9986622540097512,2
2023-01-17,100906.099734976,-0.008177860626130573,-0.00817786062613045,136.09973497600004,0.9986512239068455,2
2023-01-18,101394.099734976,0.004836179391352058,0.00483617939135199,136.09973497600004,0.9986577154357923,2
2023-01-19,101236.099734976,-0.0015582760773357185,-0.001558276077335631,136.09973497600004,0.9986556205214119,2
2023-01-20,101236.099734976,0.0,0.0,136.09973497600004,0.9986556205214119,2
2023-01-30,101724.099734976,0.004820414864633582,0.004820414864633533,136.09973497600004,0.998662069899556,2
2023-01-31,101394.099734976,-0.0032440690147148565,-0.0032440690147149493,136.09973497600004,0.9986577154357923,2
2023-02-01,101064.099734976,-0.003254627250131481,-0.0032546272501314294,136.09973497600004,0.9986533325351643,2
2023-02-02,101225.748443366,0.0015994671581094355,0.001701890190988107,155.74844336600012,0.9984613752354409,2
2023-02-03,101068.748443366,-0.0015509887791823607,-0.0015509887791824212,155.74844336600012,0.9984589851386824,2
2023-02-06,100738.748443366,-0.00326510424916282,-0.0032651042491627473,155.74844336600012,0.9984539370820796,2
2023-02-07,100911.748443366,0.0017173133741805735,0.001717313374180519,155.74844336600012,0.9984565876048277,2
2023-02-08,100911.748443366,0.0,0.0,155.74844336600012,0.9984565876048277,2
2023-02-09,101241.748443366,0.003270184146945132,0.0032701841469451117,155.74844336600012,0.9984616183959611,2
2023-02-10,101241.748443366,0.0,0.0,155.74844336600012,0.9984616183959611,2
2023-02-13,101382.748443366,0.0013927060937599656,0.0013927060937599905,155.74844336600012,0.998463757929654,2
2023-02-14,101068.748443366,-0.0030971738764352663,-0.003097173876435233,155.74844336600012,0.9984589851386824,2
2023-02-15,101068.748443366,0.0,0.0,155.74844336600012,0.9984589851386824,2
2023-02-16,100738.748443366,-0.00326510424916282,-0.0032651042491627473,155.74844336600012,0.9984539370820796,2
2023-02-17,101052.748443366,0.003116973407472079,0.0031169734074722112,155.74844336600012,0.9984587411449448,2
2023-02-20,101225.748443366,0.001711977186815039,0.0017119771868150178,155.74844336600012,0.9984613752354409,2
2023-02-21,101885.748443366,0.006520080218219038,0.00652008021821893,155.74844336600012,0.9984713422068782,2
2023-02-22,101885.748443366,0.0,0.0,155.74844336600012,0.9984713422068782,2
2023-02-23,101885.748443366,0.0,0.0,155.74844336600012,0.9984713422068782,2
2023-02-24,101712.748443366,-0.001697980361759499,-0.0016979803617593516,155.74844336600012,0.998468742161139,2
2023-02-27,101398.748443366,-0.0030871253093198714,-0.0030871253093198796,155.74844336600012,0.9984640003377064,2
2023-02-28,101398.748443366,0.0,0.0,155.74844336600012,0.9984640003377064,2
2023-03-01,101555.748443366,0.001548342582233131,0.0015483425822330177,155.74844336600012,0.9984663749147311,2
2023-03-02,101625.38811777001,0.0006857285330612584,0.0015459489236845621,411.38811777000956,0.9959519159002546,2
2023-03-03,102543.38811777001,0.009033175833347507,0.00903317583334743,411.38811777000956,0.9959881555961704,2
2023-03-06,104607.38811777001,0.020128065181828303,0.020128065181828393,411.38811777000956,0.9960673129769108,2
2023-03-07,104337.38811777001,-0.002581079643208639,-0.0025810796432086634,411.38811777000956,0.9960571361312432,2
2023-03-08,104943.38811777001,0.005808080985465924,0.005808080985465975,411.38811777000956,0.9960799043641669,2
2023-03-09,105255.38811777001,0.0029730315134277596,0.0029730315134276963,411.38811777000956,0.9960915243853388,2
2023-03-10,104559.38811777001,-0.0066124880867974856,-0.006612488086797548,411.38811777000956,0.9960655076012243,2
2023-03-13,103395.38811777001,-0.01113242933947678,-0.011132429339476686,411.38811777000956,0.996021214047754,2
2023-03-14,104337.38811777001,0.009110657807358313,0.009110657807358138,411.38811777000956,0.9960571361312432,2
2023-03-15,105501.38811777001,0.011156115952281054,0.011156115952281097,411.38811777000956,0.9961006378673352,2
2023-03-16,106485.38811777001,0.009326891499300105,0.009326891499300152,411.38811777000956,0.9961366707203525,2
2023-03-17,109347.38811777001,0.026876926971752146,0.02687692697175222,411.38811777000956,0.996237787432774,2
2023-03-20,108723.38811777001,-0.005706583492675055,-0.0057065834926749714,411.38811777000956,0.9962161948326667,2
2023-03-21,109191.38811777001,0.004304501617380163,0.0043045016173801996,411.38811777000956,0.9962324124195006,2
2023-03-22,107379.38811777001,-0.016594715308918317,-0.016594715308918317,411.38811777000956,0.9961688353325425,2
2023-03-23,108165.38811777001,0.007319840555786605,0.007319840555786459,411.38811777000956,0.996196675064651,2
2023-03-24,109239.38811777001,0.009929239091072573,0.00992923909107259,411.38811777000956,0.9962340679048248,2
2023-03-27,107181.38811777001,-0.0188393585451182,-0.01883935854511825,411.38811777000956,0.9961617578854457,2
2023-03-28,106443.38811777001,-0.006885523811177796,-0.006885523811177789,411.38811777000956,0.9961351463435677,2
2023-03-29,106959.38811777001,0.0048476472717036145,0.004847647271703626,411.38811777000956,0.996153791406164,2
2023-03-30,107091.38811777001,0.0012341132678757027,0.0012341132678756555,411.38811777000956,0.9961585322125286,2
2023-03-31,107115.38811777001,0.0002241076562907729,0.000224107656290813,411.38811777000956,0.9961593929219796,2
2023-04-03,106509.38811777001,-0.005657450443382839,-0.005657450443382832,411.38811777000956,0.996137541253029,2
2023-04-04,106442.50219044101,-0.0006279815189158544,0.0002253322493363343,477.5021904410096,0.9955139894251388,2
2023-04-06,108098.50219044101,0.01555769514922889,0.015557695149228654,477.5021904410096,0.9955827122414723,2
2023-04-07,108782.50219044101,0.006327562233887196,0.00632756223388711,477.5021904410096,0.9956104871571618,2
2023-04-10,108618.50219044101,-0.0015075954008935133,-0.001507595400893656,477.5021904410096,0.9956038595560469,2
2023-04-11,108707.50219044101,0.0008193815805337401,0.0008193815805336757,477.5021904410096,0.9956074587234606,2
2023-04-12,109391.50219044101,0.006292114032771412,0.006292114032771457,477.5021904410096,0.9956349242776672,2
2023-04-13,110356.50219044101,0.008821526175954775,0.008821526175954775,477.5021904410096,0.9956730941905264,2
2023-04-14,111054.50219044101,0.006324955812712085,0.006324955812711976,477.5021904410096,0.9957002896683813,2
2023-04-17,110630.50219044101,-0.0038179451677960996,-0.003817945167796027,477.5021904410096,0.9956838106942782,2
2023-04-18,112888.50219044101,0.0204102842822953,0.020410284282295254,477.5021904410096,0.9957701432725586,2
2023-04-19,114270.50219044101,0.012242167919533475,0.012242167919533416,477.5021904410096,0.9958212996242441,2
2023-04-20,114612.50219044101,0.0029928983722329328,0.002992898372232829,477.5021904410096,0.9958337687310274,2
2023-04-21,114263.50219044101,-0.003045043021747351,-0.0030450430217472523,477.5021904410096,0.995821043629092,2
2023-04-24,113305.50219044101,-0.008384129504479199,-0.008384129504479242,477.5021904410096,0.9957857104799868,2
2023-04-25,113654.50219044101,0.0030801681582366403,0.003080168158236629,477.5021904410096,0.9957986513403498,2
2023-04-26,115652.50219044101,0.017579593957942174,0.01757959395794212,477.5021904410096,0.995871233381058,2
2023-04-27,114783.50219044101,-0.007513888446348038,-0.007513888446347997,477.5021904410096,0.9958399754204331,2
2023-04-28,115036.50219044101,0.002204149509049236,0.0022041495090490857,477.5021904410096,0.9958491245704731,2
2023-05-04,114591.50219044101,-0.003868337367067265,-0.003868337367067355,477.5021904410096,0.9958330052288917,2
2023-05-05,120237.694271931,0.04927234544937309,0.05016078758132804,155.69427193100273,0.9987051126281673,2
2023-05-08,123520.694271931,0.02730424946918175,0.027304249469181748,155.69427193100273,0.9987395288469781,2
2023-05-09,136764.69427193102,0.10722089993149919,0.107220899931499,155.69427193100273,0.9988615901731082,2
2023-05-10,131700.69427193102,-0.037027099917550266,-0.03702709991755018,155.69427193100273,0.9988178173790827,2
2023-05-11,125453.694271931,-0.04743331107352722,-0.04743331107352719,155.69427193100273,0.9987589502817388,2
2023-05-12,123269.694271931,-0.0174088137673013,-0.01740881376730124,155.69427193100273,0.9987369622935257,2
2023-05-15,122170.694271931,-0.008915411095087311,-0.008915411095087537,155.69427193100273,0.9987256004980666,2
2023-05-16,123269.694271931,0.008995610662192233,0.008995610662192264,155.69427193100273,0.9987369622935257,2
2023-05-17,123756.694271931,0.003950687173164269,0.0039506871731641935,155.69427193100273,0.9987419325245639,2
2023-05-18,123756.694271931,0.0,0.0,155.69427193100273,0.9987419325245639,2
2023-05-19,125718.694271931,0.015853687847292353,0.015853687847292526,155.69427193100273,0.998761566266396,2
2023-05-22,124396.694271931,-0.010515540331181739,-0.01051554033118186,155.69427193100273,0.9987484050694253,2
2023-05-23,123770.694271931,-0.0050322880657227564,-0.005032288065722613,155.69427193100273,0.9987420748275926,2
2023-05-24,119777.694271931,-0.03226127172905047,-0.0322612717290507,155.69427193100273,0.9987001396806192,2
2023-05-25,115826.694271931,-0.03298610834025617,-0.032986108340256164,155.69427193100273,0.9986557997453896,2
2023-05-26,116800.694271931,0.008409115067320228,0.008409115067320309,155.69427193100273,0.9986670090199248,2
2023-05-29,118289.694271931,0.01274821189447195,0.012748211894471789,155.69427193100273,0.9986837883647489,2
2023-05-30,120028.694271931,0.01470119616677934,0.014701196166779177,155.69427193100273,0.9987028579051417,2
2023-05-31,118734.694271931,-0.010780755450595647,-0.01078075545059559,155.69427193100273,0.9986887213304779,2
2023-06-01,118272.94968796521,-0.0038888766825666554,-0.003888876682566591,155.69427193100273,0.9986836020210728,2
2023-06-02,117658.40985555243,-0.005195945768107668,-0.004354394126074546,300.16147691300284,0.9974488735885391,2
2023-06-05,117445.43096773679,-0.0018101458967285655,-0.0018101458967287399,300.16147691300284,0.997444247303282,2
2023-06-06,119613.3746685785,0.0184591574399966,0.01845915743999687,300.16147691300284,0.9974905692800268,2
2023-06-07,120337.34651899937,0.006052599489202892,0.006052599489202712,300.16147691300284,0.9975056664818049,2
2023-06-08,121723.30429463065,0.0115172705375588,0.011517270537558834,300.16147691300284,0.9975340672958857,2
2023-06-09,123922.2409580776,0.018065042484588067,0.01806504248458826,300.16147691300284,0.9975778240080847,2
2023-06-12,123318.26910765676,-0.004873797033941307,-0.004873797033941492,300.16147691300284,0.9975659609960065,2
2023-06-13,120670.32540681501,-0.02147243648489816,-0.021472436484898147,300.16147691300284,0.9975125493703522,2
2023-06-14,121483.30429463065,0.006737189819243872,0.006737189819243835,300.16147691300284,0.9975291956482759,2
2023-06-15,119648.33948160458,-0.015104666634484842,-0.015104666634484839,300.16147691300284,0.997491302610521,2
2023-06-16,119768.33948160458,0.0010029391174162239,0.0010029391174162592,300.16147691300284,0.9974938161603293,2
2023-06-19,118653.3746685785,-0.00930934517295634,-0.009309345172956396,300.16147691300284,0.9974702659932648,2
2023-06-20,117298.40985555243,-0.011419521920979947,-0.011419521920980013,300.16147691300284,0.9974410439384248,2
2023-06-21,116574.43800513155,-0.006172051703960957,-0.006172051703960765,300.16147691300284,0.9974251518424667,2
2023-06-26,116934.43800513155,0.003088155569612505,0.0030881555696124297,300.16147691300284,0.9974330788941764,2
2023-06-27,114615.5013416846,-0.019831084007477573,-0.01983108400747763,300.16147691300284,0.9973811441436864,2
2023-06-28,116183.44504252635,0.013680031780059831,0.013680031780059759,300.16147691300284,0.9974164866879001,2
2023-06-29,116454.43800513155,0.0023324576277283793,0.0023324576277285606,300.16147691300284,0.9974224986006993,2
2023-06-30,116214.43800513155,-0.0020608918312707836,-0.0020608918312707363,300.16147691300284,0.9974171756791549,2
2023-07-03,117569.40281815763,0.01165917794969884,0.011659177949698833,300.16147691300284,0.997446942233965,2
2023-07-04,118735.05723653495,0.009914606950757632,0.010767748625799645,31.858119659002114,0.9997316873348068,2
2023-07-05,116870.10649829844,-0.01570682477140095,-0.01570682477140087,31.858119659002114,0.9997274057446035,2
2023-07-06,116231.1135356932,-0.0054675483898403154,-0.0054675483898400795,31.858119659002114,0.9997259071285658,2
2023-07-07,115129.13464787757,-0.009480928593850524,-0.009480928593850576,31.858119659002114,0.9997232836001378,2
2023-07-10,115755.120573088,0.005437250328728771,0.00543725032872878,31.858119659002114,0.999724780039956,2
2023-07-11,115755.120573088,0.0,0.0,31.858119659002114,0.999724780039956,2
2023-07-12,116668.08538611408,0.007887036085368004,0.00788703608536803,31.858119659002114,0.9997269337235323,2
2023-07-13,116994.08538611408,0.0027942517349204277,0.00279425173492042,31.858119659002114,0.9997276946133313,2
2023-07-14,118722.05019914015,0.014769676666331444,0.014769676666331605,31.858119659002114,0.9997316579388112,2
2023-07-17,119203.802493177,0.004057816498525657,0.004057816498525407,31.858119659002114,0.9997327424210244,2
2023-07-18,119527.8970734108,0.0027188275328073885,0.002718827532807462,31.858119659002114,0.999733467078071,2
2023-07-19,117907.58413590808,-0.013555939468319789,-0.013555939468319829,31.858119659002114,0.9997298043218129,2
2023-07-20,118225.9224659267,0.002699896977379268,0.0026998969773792143,31.858119659002114,0.9997305318580348,2
2023-07-21,118399.40227464083,0.0014673584700861664,0.0014673584700862117,31.858119659002114,0.9997309266850426,2
2023-07-24,118558.57143965014,0.0013443409506417314,0.0013443409506416484,31.858119659002114,0.9997312879256881,2
2023-07-25,119079.01086579254,0.004389724166061759,0.00438972416606184,31.858119659002114,0.9997324623422098,2
2023-07-26,121046.28342072354,0.016520733088287054,0.016520733088287057,31.858119659002114,0.9997368104268987,2
2023-07-27,120901.42489941904,-0.0011967201074734035,-0.0011967201074730921,31.858119659002114,0.9997364950852689,2
2023-07-28,122072.8516293035,0.009689106070164266,0.009689106070164141,31.858119659002114,0.999739023712203,2
2023-07-31,125703.36905285169,0.02974058011336478,0.029740580113364855,31.858119659002114,0.999746561131185,2
2023-08-01,124893.21258410034,-0.0064449861197491964,-0.00644498611974942,31.858119659002114,0.9997449171256,2
2023-08-02,124728.75106432402,-0.001316817114185298,-0.0012744420750817713,387.5657648920021,0.9968927311338817,2
2023-08-03,121889.76882211753,-0.02276124965560178,-0.022761249655601744,387.5657648920021,0.996820358520348,2
2023-08-04,123720.49349944887,0.015019510620313481,0.015019510620313443,387.5657648920021,0.9968674085114789,2
2023-08-07,123216.36471701131,-0.004074739504977831,-0.004074739504978067,387.5657648920021,0.9968545917923961,2
2023-08-08,122380.58696085028,-0.006783009367956505,-0.006783009367956269,387.5657648920021,0.9968331107529662,2
2023-08-09,121889.76882211753,-0.004010588206197818,-0.004010588206197818,387.5657648920021,0.996820358520348,2
2023-08-10,122234.72843954581,0.0028300949354633786,0.0028300949354633674,387.5657648920021,0.9968293318123279,2
2023-08-11,122062.24863083167,-0.0014110540508088798,-0.0014110540508087627,387.5657648920021,0.9968248515061838,2
2023-08-14,119236.57703233002,-0.02314943096819133,-0.02314943096819154,387.5657648920021,0.9967496067520714,2
2023-08-15,118745.75889359726,-0.004116338718778256,-0.0041163387187780785,387.5657648920021,0.9967361717293897,2
2023-08-16,120894.82190094722,0.018098019056627113,0.01809801905662676,387.5657648920021,0.9967941905302649,2
2023-08-17,120894.82190094722,0.0,0.0,387.5657648920021,0.9967941905302649,2
2023-08-18,120072.35478849104,-0.006803162447520328,-0.006803162447520249,387.5657648920021,0.9967722314967945,2
2023-08-21,121253.09216208031,0.009833548910314516,0.009833548910314512,387.5657648920021,0.9968036628346439,2
2023-08-22,118918.23870231141,-0.019256032305121518,-0.019256032305121584,387.5657648920021,0.9967409056077412,2
2023-08-23,120735.65273593791,0.015282887246388155,0.015282887246388188,387.5657648920021,0.9967899642225843,2
2023-08-24,121544.80920468929,0.006701885072184055,0.00670188507218404,387.5657648920021,0.9968113342936816,2
2023-08-25,120072.35478849104,-0.012114498560926168,-0.012114498560926107,387.5657648920021,0.9967722314967945,2
2023-08-28,125020.468106933,0.04120943015699252,0.041209430156992514,387.5657648920021,0.9968999814929463,2
2023-08-29,122234.72843954581,-0.022282268732224497,-0.022282268732224466,387.5657648920021,0.9968293318123279,2
2023-08-30,120894.82190094722,-0.010961750033757989,-0.010961750033758079,387.5657648920021,0.9967941905302649,2
2023-08-31,120098.97607590069,-0.006582960399235227,-0.006582960399235218,387.5657648920021,0.9967729469679486,2
2023-09-01,119754.01645847241,-0.0028722944083242608,-0.0028722944083241385,387.5657648920021,0.9967636512214486,2
2023-09-04,119008.1818203438,-0.006228055310255498,-0.005427686878188636,408.6478139676037,0.9965662208453491,2
2023-09-05,119647.14143777206,0.005369039402625564,0.005369039402625567,408.6478139676037,0.9965845584854183,2
2023-09-06,119008.1818203438,-0.005340366763050386,-0.005340366763050284,408.6478139676037,0.9965662208453491,2
2023-09-07,119180.66162905793,0.0014493105102177939,0.001449310510217707,408.6478139676037,0.9965711902553496,2
2023-09-08,119106.1818203438,-0.0006249319956448396,-0.0006249319956448665,408.6478139676037,0.9965690461425084,2
2023-09-11,119302.1818203438,0.0016455904891288231,0.0016455904891287253,408.6478139676037,0.9965746828118954,2
2023-09-12,118933.70201162968,-0.0030886259001450256,-0.003088625900145094,408.6478139676037,0.9965640705110849,2
2023-09-13,119031.70201162968,0.0008239884771299444,0.0008239884771300105,408.6478139676037,0.9965668993464643,2
2023-09-14,119596.1818203438,0.004742264448667433,0.004742264448667614,408.6478139676037,0.9965831031748031,2
2023-09-15,121317.0606726286,0.014389078531536148,0.014389078531536153,408.6478139676037,0.9966315717533717,2
2023-09-18,120407.6212464862,-0.007496385266013816,-0.007496385266013867,408.6478139676037,0.9966061299962811,2
2023-09-19,120333.14143777208,-0.0006185639076919935,-0.0006185639076920353,408.6478139676037,0.9966040293714186,2
2023-09-20,121858.02029005687,0.012672143634456345,0.012672143634456304,408.6478139676037,0.9966465250871883,2
2023-09-21,123578.89914234167,0.01412199909524725,0.014121999095247244,408.6478139676037,0.9966932233835737,2
2023-09-22,123257.45971619926,-0.0026010866610178818,-0.0026010866610177976,408.6478139676037,0.9966845997401819,2
2023-09-25,123872.89914234167,0.004993121126781741,0.004993121126781729,408.6478139676037,0.9967010716888282,2
2023-09-26,124684.33856848406,0.006550580730414479,0.006550580730414405,408.6478139676037,0.9967225409489329,2
2023-09-27,124684.33856848406,0.0,0.0,408.6478139676037,0.9967225409489329,2
2023-09-28,123014.41933362753,-0.013393175550586944,-0.013393175550586951,408.6478139676037,0.9966780494824813,2
2023-10-09,123602.41933362753,0.004779927452287502,0.00477992745228731,408.6478139676037,0.9966938526270704,2
2023-10-10,124045.37895105581,0.0035837455271214846,0.0035837455271214187,408.6478139676037,0.9967056587079407,2
2023-10-11,124488.33856848408,0.003570948157633813,0.003570948157633886,408.6478139676037,0.9967173807710287,2
2023-10-12,128024.17703819714,0.028402969389521804,0.028402969389521745,408.6478139676037,0.9968080418603614,2
2023-10-13,127138.25780334062,-0.006919936963095674,-0.006919936963095733,408.6478139676037,0.9967857997975739,2
2023-10-16,130231.13665562542,0.02432689346010175,0.0243268934601017,408.6478139676037,0.9968621343216238,2
2023-10-17,129984.17703819714,-0.0018963177606390325,-0.0018963177606389121,408.6478139676037,0.9968561726259381,2
2023-10-18,130254.65684691128,0.0020808671861241024,0.0020808671861240447,408.6478139676037,0.9968627009286287,2
2023-10-19,130599.61646433955,0.0026483476735399414,0.0026483476735399314,408.6478139676037,0.9968709876412295,2
2023-10-20,127945.77799462648,-0.020320415492473543,-0.020320415492473543,408.6478139676037,0.9968060859813228,2
2023-10-23,127185.29818591234,-0.0059437663409736,-0.005943766340973475,408.6478139676037,0.9967869885922643,2
2023-10-24,127334.25780334062,0.0011712015425755506,0.0011712015425754453,408.6478139676037,0.9967907472740075,2
2023-10-25,126252.33856848408,-0.008496686229777173,-0.008496686229777145,408.6478139676037,0.9967632455873604,2
2023-10-26,123966.97990748513,-0.0181015154801214,-0.018101515480121344,408.6478139676037,0.9967035753047095,2
2023-10-27,126620.81837719821,0.021407623801867226,0.02140762380186726,408.6478139676037,0.9967726648808235,2
2023-10-30,125738.81837719821,-0.006965679193231544,-0.006965679193231541,408.6478139676037,0.9967500266087937,2
2023-10-31,122692.97990748515,-0.024223533424467147,-0.024223533424467276,408.6478139676037,0.9966693464102369,2
2023-11-01,123578.89914234167,0.007220618779693266,0.00722061877969352,408.6478139676037,0.9966932233835737,2
2023-11-02,124361.84175826008,0.006335568785222678,0.00796187085080947,447.8417582600814,0.9963988812651181,2
2023-11-03,124519.84175826008,0.0012704861697621084,0.0012704861697620331,447.8417582600814,0.9964034506313499,2
2023-11-06,123213.84175826008,-0.010488288304569493,-0.010488288304569568,447.8417582600814,0.996365329155642,2
2023-11-07,121878.84175826008,-0.010834821647873083,-0.010834821647873034,447.8417582600814,0.9963255167853634,2
2023-11-08,122352.84175826008,0.003889108176299727,0.00388910817629981,447.8417582600814,0.9963397518862299,2
2023-11-09,122381.84175826008,0.0002370194233600742,0.00023701942336009372,447.8417582600814,0.9963406192305497,2
2023-11-10,124232.84175826008,0.015124792807549525,0.015124792807549511,447.8417582600814,0.9963951419614829,2
2023-11-13,124677.84175826008,0.0035819835858372784,0.003581983585837242,447.8417582600814,0.996408008416376,2
2023-11-14,123974.84175826008,-0.005638531996431717,-0.0056385319964317,447.8417582600814,0.9963876400089839,2
2023-11-15,124993.84175826008,0.008219409563651414,0.008219409563651352,447.8417582600814,0.9964170894184834,2
2023-11-16,124835.84175826008,-0.0012640622752084774,-0.0012640622752085537,447.8417582600814,0.99641255466417,2
2023-11-17,124935.84175826008,0.0008010519942953653,0.0008010519942953445,447.8417582600814,0.9964154260942459,2
2023-11-20,124519.84175826008,-0.0033297090262129903,-0.003329709026212936,447.8417582600814,0.9964034506313499,2
2023-11-21,125380.84175826008,0.006914560666335667,0.006914560666335601,447.8417582600814,0.9964281484158198,2
2023-11-22,124935.84175826008,-0.003549186572363139,-0.0035491865723631445,447.8417582600814,0.9964154260942459,2
2023-11-23,125380.84175826008,0.0035618281650595662,0.003561828165059612,447.8417582600814,0.9964281484158198,2
2023-11-24,124935.84175826008,-0.003549186572363139,-0.0035491865723631445,447.8417582600814,0.9964154260942459,2
2023-11-27,125122.84175826008,0.0014967682401485494,0.001496768240148661,447.8417582600814,0.9964207833520492,2
2023-11-28,124835.84175826008,-0.002293745857806617,-0.002293745857806572,447.8417582600814,0.99641255466417,2
2023-11-29,124835.84175826008,0.0,0.0,447.8417582600814,0.99641255466417,2
2023-11-30,124864.84175826008,0.00023230507834570702,0.00023230507834566365,447.8417582600814,0.996413387852386,2
2023-12-01,125409.84175826008,0.004364719422422558,0.004364719422422558,447.8417582600814,0.9964289743772794,2
2023-12-04,126159.89079869208,0.005980782926732209,0.00606810429971582,280.8907986920814,0.9977735332765919,2
2023-12-05,126184.89079869208,0.00019816123683780162,0.00019816123683796946,280.8907986920814,0.9977739743885803,2
2023-12-06,125036.89079869208,-0.009097761171988905,-0.009097761171988999,280.8907986920814,0.9977535366010954,2
2023-12-07,123626.89079869208,-0.01127667195651949,-0.01127667195651941,280.8907986920814,0.9977279150443937,2
2023-12-08,124618.89079869208,0.008024144209978656,0.008024144209978861,280.8907986920814,0.9977460014537778,2
2023-12-11,123264.89079869208,-0.010865126397146652,-0.010865126397146721,280.8907986920814,0.9977212424651329,2
2023-12-12,123264.89079869208,0.0,0.0,280.8907986920814,0.9977212424651329,2
2023-12-13,125117.89079869208,0.015032666544330109,0.015032666544330157,280.8907986920814,0.9977549909377547,2
2023-12-14,125273.89079869208,0.0012468240873002578,0.0012468240873001351,280.8907986920814,0.9977577865834513,2
2023-12-15,124699.89079869208,-0.004581960345770519,-0.0045819603457706096,280.8907986920814,0.9977474655599696,2
2023-12-18,123083.89079869208,-0.01295911319287979,-0.012959113192879752,280.8907986920814,0.997717891457043,2
2023-12-19,125011.89079869208,0.015664113211641295,0.015664113211641243,280.8907986920814,0.9977530873511512,2
2023-12-20,125248.89079869208,0.0018958196575207253,0.0018958196575207392,280.8907986920814,0.9977573390318997,2
2023-12-21,124986.89079869208,-0.002091834892343325,-0.0020918348923432946,280.8907986920814,0.9977526379214882,2
2023-12-22,125273.89079869208,0.002296240815064854,0.002296240815064736,280.8907986920814,0.9977577865834513,2
2023-12-25,125011.89079869208,-0.0020914174400555874,-0.00209141744005554,280.8907986920814,0.9977530873511512,2
2023-12-26,125872.89079869208,0.006887344831752573,0.0068873448317525775,280.8907986920814,0.9977684567589592,2
2023-12-27,126290.8907986921,0.003320810361529869,0.0033208103615297692,280.8907986920814,0.9977758427633564,2
2023-12-28,126733.89079869208,0.0035077747666387715,0.003507774766638912,280.8907986920814,0.9977836173345435,2
2023-12-29,125142.89079869208,-0.012553863768983375,-0.012553863768983244,280.8907986920814,0.9977554394268874,2
2024-01-02,125142.89079869208,0.0,0.0,280.8907986920814,0.9977554394268874,2
2024-01-03,125383.09639963608,0.0019194506328801264,0.003539953385866709,401.0963996360806,0.9968010329051241,2
2024-01-04,126713.09639963608,0.010607490468738101,0.010607490468738018,401.0963996360806,0.9968346097520095,2
2024-01-05,128138.09639963608,0.011245877817599448,0.011245877817599465,401.0963996360806,0.9968698114697666,2
2024-01-08,127359.09639963608,-0.0060793785914413645,-0.006079378591441436,401.0963996360806,0.996850665472865,2
2024-01-09,127188.09639963608,-0.001342660279744945,-0.0013426602797448998,401.0963996360806,0.996846431301434,2
2024-01-10,127188.09639963608,0.0,0.0,401.0963996360806,0.996846431301434,2
2024-01-11,126067.09639963608,-0.00881371788502694,-0.008813717885026915,401.0963996360806,0.9968183894839253,2
2024-01-12,124395.09639963608,-0.01326277869286141,-0.013262778692861426,401.0963996360806,0.9967756253160694,2
2024-01-15,125896.09639963608,0.012066392031867768,0.012066392031867903,401.0963996360806,0.9968140680203231,2
2024-01-16,126086.09639963608,0.0015091810265257521,0.0015091810265258074,401.0963996360806,0.9968188689229874,2
2024-01-17,126960.09639963608,0.006931771424105504,0.006931771424105431,401.0963996360806,0.9968407679971072,2
2024-01-18,125630.09639963608,-0.010475732436540652,-0.010475732436540765,401.0963996360806,0.9968073223603986,2
2024-01-19,125079.09639963608,-0.004385891723327484,-0.004385891723327471,401.0963996360806,0.9967932579369254,2
2024-01-22,124623.09639963608,-0.0036456931104063006,-0.0036456931104063804,401.0963996360806,0.9967815243624676,2
2024-01-23,124794.09639963608,0.0013721373079325083,0.0013721373079323917,401.0963996360806,0.996785934501648,2
2024-01-24,125345.09639963608,0.004415272964800376,0.004415272964800302,401.0963996360806,0.9968000630965469,2
2024-01-25,127967.09639963608,0.020918249499288777,0.02091824949928896,401.0963996360806,0.9968656286582961,2
2024-01-26,128936.09639963608,0.00757225902019254,0.007572259020192609,401.0963996360806,0.9968891845585826,2
2024-01-29,131748.09639963607,0.021809253409411644,0.021809253409411793,401.0963996360806,0.9969555810626712,2
2024-01-30,132527.09639963607,0.005912798904031513,0.005912798904031537,401.0963996360806,0.9969734762887541,2
2024-01-31,131368.09639963607,-0.00874538137095393,-0.008745381370953952,401.0963996360806,0.9969467746688215,2
2024-02-01,131805.09639963607,0.0033265306568088793,0.003326530656808855,401.0963996360806,0.9969568976421068,2
2024-02-02,131883.6530239941,0.0005960059702079246,0.001441522408389315,350.6530239940912,0.9973411941817362,2
2024-02-05,132943.6530239941,0.008037387315978917,0.008037387315978847,350.6530239940912,0.9973623936455935,2
2024-02-06,136000.6530239941,0.022994704376358976,0.02299470437635886,350.6530239940912,0.9974216813213961,2
2024-02-07,137101.6530239941,0.008095549363323684,0.008095549363323807,350.6530239940912,0.9974423866068725,2
2024-02-08,133829.6530239941,-0.02386550364514839,-0.02386550364514828,350.6530239940912,0.9973798555397044,2
2024-02-19,133491.6530239941,-0.0025255987171945993,-0.0025255987171946158,350.6530239940912,0.997373221350918,2
2024-02-20,136758.6530239941,0.02447344029377474,0.024473440293774535,350.6530239940912,0.9974359719385905,2
2024-02-21,138668.6530239941,0.013966209506793614,0.013966209506793685,350.6530239940912,0.9974712884538266,2
2024-02-22,140112.6530239941,0.010413312370966432,0.010413312370966401,350.6530239940912,0.9974973493369365,2
2024-02-23,140578.6530239941,0.003325895198916795,0.0033258951989169573,350.6530239940912,0.99750564529926,2
2024-02-26,142488.6530239941,0.013586700106409388,0.013586700106409413,350.6530239940912,0.9975390810667917,2
2024-02-27,137987.6530239941,-0.031588480236682814,-0.03158848023668304,350.6530239940912,0.9974588086954916,2
2024-02-28,138494.6530239941,0.0036742417809789707,0.003674241780979094,350.6530239940912,0.9974681114661276,2
2024-02-29,138453.6530239941,-0.00029604030989482943,-0.0002960403098946575,350.6530239940912,0.9974673617031014,2
2024-03-01,139088.6530239941,0.0045863723067671724,0.004586372306767088,350.6530239940912,0.9974789242948985,2
2024-03-04,139985.0579302741,0.006444845692231915,0.007290314327978093,293.0579302741098,0.9979065056327648,2
2024-03-05,140444.0579302741,0.0032789213847996823,0.00327892138479986,293.0579302741098,0.9979133476019355,2
2024-03-06,143663.0579302741,0.02292015801478864,0.022920158014788545,293.0579302741098,0.997960102377771,2
2024-03-07,141563.0579302741,-0.014617536548743204,-0.014617536548743341,293.0579302741098,0.997929841764096,2
2024-03-08,141884.0579302741,0.002267540731976103,0.002267540731976137,293.0579302741098,0.9979345253120817,2
2024-03-11,141728.0579302741,-0.001099489275085852,-0.0010994892750859106,293.0579302741098,0.9979322518451619,2
2024-03-12,140444.0579302741,-0.009059603431747387,-0.009059603431747129,293.0579302741098,0.9979133476019355,2
2024-03-13,136922.0579302741,-0.025077600661101318,-0.02507760066110149,293.0579302741098,0.997859673344792,2
2024-03-14,136133.0579302741,-0.005762402434834724,-0.0057624024348347305,293.0579302741098,0.9978472684392045,2
2024-03-15,137105.0579302741,0.0071400732105633136,0.007140073210563251,293.0579302741098,0.9978625301305576,2
2024-03-18,136793.0579302741,-0.002275627206683173,-0.0022756272066831893,293.0579302741098,0.9978576549518801,2
2024-03-19,136142.0579302741,-0.004759013431308912,-0.004759013431308974,293.0579302741098,0.9978474107507307,2
2024-03-20,134381.0579302741,-0.0129350182212018,-0.01293501822120173,293.0579302741098,0.9978192020900284,2
2024-03-21,136454.0579302741,0.015426281292379773,0.015426281292379827,293.0579302741098,0.9978523326112891,2
2024-03-22,136931.0579302741,0.0034956820429901114,0.0034956820429901166,293.0579302741098,0.9978598140209847,2
2024-03-25,137582.0579302741,0.004754217266994987,0.004754217266995044,293.0579302741098,0.997869940785283,2
2024-03-26,138884.0579302741,0.00946344326859716,0.009463443268597355,293.0579302741098,0.9978899095069556,2
2024-03-27,139352.0579302741,0.003369717208543621,0.0033697172085435253,293.0579302741098,0.997896996035604,2
2024-03-28,140636.0579302741,0.00921407275264241,0.009214072752642365,293.0579302741098,0.9979161963540004,2
2024-03-29,137270.0579302741,-0.023934117960479395,-0.023934117960479374,293.0579302741098,0.9978650993909906,2
2024-04-01,138884.0579302741,0.011757844531688155,0.011757844531688282,293.0579302741098,0.9978899095069556,2
2024-04-02,139707.04878258612,0.005925740251089051,0.00673943441708694,84.04878258610552,0.999398392684417,2
2024-04-03,141027.04878258612,0.009448342166716195,0.009448342166716132,84.04878258610552,0.9994040236726808,2
2024-04-08,141060.04878258612,0.0002339976641705377,0.00023399766417066573,84.04878258610552,0.9994041630971242,2
2024-04-09,143139.04878258612,0.014738404090617774,0.014738404090617708,84.04878258610552,0.9994128172340045,2
2024-04-10,141192.04878258612,-0.013602158296841083,-0.01360215829684097,84.04878258610552,0.9994047201431608,2
2024-04-11,141093.04878258612,-0.0007011726287253772,-0.0007011726287253694,84.04878258610552,0.9994043024563483,2
2024-04-12,140763.04878258612,-0.002338882055830438,-0.0023388820558305863,84.04878258610552,0.9994029059237276,2
2024-04-15,141060.04878258612,0.002109928724680632,0.002109928724680727,84.04878258610552,0.9994041630971242,2
2024-04-16,143733.04878258612,0.018949376687936947,0.01894937668793702,84.04878258610552,0.999415243861464,2
2024-04-17,144789.04878258612,0.007346953320369165,0.007346953320369138,84.04878258610552,0.9994195087039192,2
2024-04-18,145812.04878258612,0.007065451486846452,0.007065451486846411,84.04878258610552,0.9994235813618432,2
2024-04-19,146604.04878258612,0.005431649898705704,0.005431649898705699,84.04878258610552,0.9994266953519765,2
2024-04-22,148683.04878258612,0.014181054461075426,0.014181054461075215,84.04878258610552,0.9994347117356396,2
2024-04-23,146802.04878258612,-0.01265107230045115,-0.012651072300451108,84.04878258610552,0.9994274685994976,2
2024-04-24,146934.04878258612,0.000899170012235162,0.0008991700122352299,84.04878258610552,0.9994279829400843,2
2024-04-25,146505.04878258612,-0.0029196772535328153,-0.00291967725353274,84.04878258610552,0.9994263079444392,2
2024-04-26,147627.04878258612,0.0076584391413367925,0.007658439141336622,84.04878258610552,0.9994306681378566,2
2024-04-29,144657.04878258612,-0.02011826440000164,-0.020118264400001522,84.04878258610552,0.9994189790038338,2
2024-04-30,143568.04878258612,-0.00752815026412379,-0.007528150264123768,84.04878258610552,0.9994145718124692,2
2024-05-06,144789.04878258612,0.00850467781901143,0.00850467781901142,84.04878258610552,0.9994195087039192,2
2024-05-07,142457.9789159401,-0.016099766427406625,-0.015270491923184196,581.9789159400971,0.9959147327487813,2
2024-05-08,143613.9789159401,0.008114673595658095,0.008114673595658053,581.9789159400971,0.995947616518022,2
2024-05-09,144633.9789159401,0.0071023726777810214,0.007102372677781091,581.9789159400971,0.9959761950801455,2
2024-05-10,143149.9789159401,-0.01026038287214992,-0.010260382872149832,581.9789159400971,0.9959344813017273,2
2024-05-13,142949.9789159401,-0.0013971360772427888,-0.0013971360772427005,581.9789159400971,0.9959287932719296,2
2024-05-14,143213.9789159401,0.0018467998526621177,0.0018467998526619507,581.9789159400971,0.9959362981159703,2
2024-05-15,142157.9789159401,-0.007373581880717239,-0.00737358188071718,581.9789159400971,0.9959061114938598,2
2024-05-16,142157.9789159401,0.0,0.0,581.9789159400971,0.9959061114938598,2
2024-05-17,143685.9789159401,0.010748605260514577,0.010748605260514684,581.9789159400971,0.9959496471379398,2
2024-05-20,144077.9789159401,0.0027281715513058913,0.0027281715513057404,581.9789159400971,0.9959606671309594,2
2024-05-21,143349.9789159401,-0.005052819351559212,-0.005052819351559143,581.9789159400971,0.9959401534597967,2
2024-05-22,144305.9789159401,0.00666899295855905,0.00666899295855906,581.9789159400971,0.9959670491804147,2
2024-05-23,144569.9789159401,0.0018294460283851954,0.0018294460283852366,581.9789159400971,0.9959744137731493,2
2024-05-24,143841.9789159401,-0.005035623616043372,-0.005035623616043311,581.9789159400971,0.9959540398406213,2
2024-05-27,143441.9789159401,-0.002780829372722615,-0.0027808293727226642,581.9789159400971,0.995942757341063,2
2024-05-28,144825.9789159401,0.009648500463111054,0.009648500463110846,581.9789159400971,0.9959815295550124,2
2024-05-29,144561.9789159401,-0.0018228773730798453,-0.0018228773730797779,581.9789159400971,0.995974190998876,2
2024-05-30,143933.9789159401,-0.004344157465948739,-0.004344157465948684,581.9789159400971,0.9959566259452886,2
2024-05-31,142777.9789159401,-0.008031460039572225,-0.008031460039572306,581.9789159400971,0.9959238888212395,2
2024-06-03,142977.9789159401,0.0014007762367735932,0.0014007762367735546,581.9789159400971,0.9959295905540653,2
2024-06-04,143485.4253518941,0.0035491230174147237,0.004392284775330385,779.4253518940968,0.994567912734115,2
2024-06-05,143878.4253518941,0.002738954141413119,0.0027389541414131005,779.4253518940968,0.9945827503325269,2
2024-06-06,144071.4253518941,0.001341410288081546,0.0013414102880815845,779.4253518940968,0.9945900073523228,2
2024-06-07,144755.31931095553,0.004746909093118257,0.0047469090931181795,779.4253518940968,0.994615566767396,2
2024-06-11,145883.06409378123,0.007790696661054142,0.00779069666105455,779.4253518940968,0.9946571909718525,2
2024-06-12,143297.21257106535,-0.017725508706435966,-0.017725508706436164,779.4253518940968,0.9945607779948437,2
2024-06-13,142602.34017965244,-0.004849168933193981,-0.004849168933193853,779.4253518940968,0.9945342737649875,2
2024-06-14,143849.70213671686,0.008747135253832194,0.008747135253832066,779.4253518940968,0.994581668642224,2
2024-06-17,145148.31931095553,0.009027597241768603,0.009027597241768694,779.4253518940968,0.9946301455256652,2
2024-06-18,143035.21257106535,-0.01455825840713465,-0.01455825840713459,779.4253518940968,0.9945508148805885,2
2024-06-19,143468.0849624782,0.0030263344503214107,0.0030263344503216245,779.4253518940968,0.9945672561803696,2
2024-06-20,144937.5745281297,0.010242623410188001,0.01024262341018791,779.4253518940968,0.9946223375516553,2
2024-06-21,145410.31931095553,0.0032617130814069917,0.0032617130814068546,779.4253518940968,0.9946398209178859,2
2024-06-24,144555.9573538911,-0.00587552493600807,-0.0058755249360079465,779.4253518940968,0.9946081409153829,2
2024-06-25,146249.76115829183,0.011717288138143545,0.011717288138143477,779.4253518940968,0.9946705871809902,2
2024-06-26,146941.4003893379,0.004729164858583879,0.004729164858583905,779.4253518940968,0.9946956722215187,2
2024-06-27,147545.19369937287,0.004109075511973703,0.004109075511973813,779.4253518940968,0.9947173789104766,2
2024-06-28,149316.67697446025,0.012006377372731025,0.012006377372731115,779.4253518940968,0.9947800515810606,2
2024-07-01,149829.36693951266,0.003433574704720499,0.0034335747047204573,779.4253518940968,0.9947979133342479,2
2024-07-02,152776.41793025524,0.019669381583466983,0.02049113136398186,279.417930255222,0.99817106635932,2
2024-07-03,155923.41793025524,0.0205987288001257,0.02059872880012573,279.417930255222,0.9982079796994944,2
2024-07-04,154299.41793025524,-0.010415369426588716,-0.010415369426588744,279.417930255222,0.9981891187017858,2
2024-07-05,156226.41793025524,0.012488705569006164,0.01248870556900624,279.417930255222,0.9982114553098185,2
2024-07-08,152877.41793025524,-0.021436835359658013,-0.021436835359658006,279.417930255222,0.9981722746626797,2
2024-07-09,154804.41793025524,0.012604870137714608,0.012604870137714667,279.417930255222,0.9981950261239888,2
2024-07-10,155762.41793025524,0.006188453874950817,0.006188453874950935,279.417930255222,0.9982061274216971,2
2024-07-11,156952.41793025524,0.007639840314579871,0.007639840314579843,279.417930255222,0.9982197284123434,2
2024-07-12,155608.22743251768,-0.008564318507886082,-0.008564318507886136,279.417930255222,0.9982043498928974,2
2024-07-15,158581.03245514212,0.01910442058029127,0.019104420580291333,279.417930255222,0.9982380116592173,2
2024-07-16,162780.2229402521,0.0264797776890362,0.026479777689035963,279.417930255222,0.9982834651212034,2
2024-07-17,161802.4659940246,-0.006006607735058789,-0.0060066077350587445,279.417930255222,0.9982730922638375,2
2024-07-18,162078.25731781707,0.0017044939463572994,0.0017044939463572886,279.417930255222,0.9982760307589726,2
2024-07-19,162397.88804179896,0.001972076509652476,0.0019720765096526995,279.417930255222,0.9982794238667481,2
2024-07-22,161269.74812072143,-0.006946764731245558,-0.006946764731245679,279.417930255222,0.9982673878175461,2
2024-07-23,159376.9384027376,-0.01173691743207117,-0.011736917432070938,279.417930255222,0.9982468107804334,2
2024-07-24,163563.75751144014,0.02626991803621337,0.02626991803621314,279.417930255222,0.9982916879967392,2
2024-07-25,164572.86654490326,0.006169514865739911,0.006169514865739944,279.417930255222,0.9983021628284089,2
2024-07-26,164466.3229702426,-0.000647394536520407,-0.0006473945365200939,279.417930255222,0.9983010629458423,2
2024-07-29,161182.06932034256,-0.019969155937743288,-0.019969155937743246,279.417930255222,0.9982664453221538,2
2024-07-30,163256.61410041206,0.012870816144855635,0.012870816144855295,279.417930255222,0.9982884740578818,2
2024-07-31,163714.14048629015,0.002802498314688151,0.002802498314688466,279.417930255222,0.9982932572016978,2
2024-08-01,159727.92121395515,-0.024348655897984628,-0.024348655897985023,279.417930255222,0.9982506632019523,2
2024-08-02,160301.26221871705,0.003589485172062812,0.004394758393522922,371.30000941469916,0.9976837362084642,2
2024-08-05,160883.94920440577,0.003634949454694114,0.003634949454694352,371.30000941469916,0.9976921252166494,2
2024-08-06,160207.94920440577,-0.004201786463739365,-0.004201786463739403,371.30000941469916,0.9976823871021471,2
2024-08-07,158535.5752330283,-0.010438770233827332,-0.010438770233827149,371.30000941469916,0.9976579388640756,2
2024-08-08,159011.47089492457,0.0030018225322407943,0.0030018225322406486,371.30000941469916,0.9976649482749578,2
2024-08-09,159394.05354250953,0.0024060065945668008,0.002406006594567022,371.30000941469916,0.9976705529399459,2
2024-08-12,160252.53185199073,0.005385886677712559,0.005385886677712519,371.30000941469916,0.9976830318677421,2
2024-08-13,161555.80148526444,0.008132599330645363,0.008132599330645252,371.30000941469916,0.9977017228350753,2
2024-08-14,162262.9058233682,0.004376842747849219,0.004376842747849273,371.30000941469916,0.9977117381971522,2
2024-08-15,163152.48847095316,0.005482353733719858,0.005482353733719672,371.30000941469916,0.9977242148563318,2
2024-08-16,164073.1754566419,0.005643107220228982,0.005643107220228935,371.30000941469916,0.9977369852909758,2
2024-08-19,166328.2364137081,0.013744239122513546,0.01374423912251339,371.30000941469916,0.9977676670093997,2
2024-08-20,170010.984356463,0.02214144767094628,0.02214144767094652,371.30000941469916,0.9978160234127215,2
2024-08-21,171590.04531352918,0.009287993731954103,0.009287993731954209,371.30000941469916,0.9978361215026416,2
2024-08-22,170762.67134215173,-0.004821806357505509,-0.00482180635750562,371.30000941469916,0.9978256371460087,2
2024-08-23,174583.3149468029,0.02237399763438841,0.022373997634388652,371.30000941469916,0.9978732216791287,2
2024-08-26,174690.1062705954,0.0006116926112043064,0.0006116926112040938,371.30000941469916,0.9978745218184277,2
2024-08-27,174583.3149468029,-0.0006113186720895225,-0.0006113186720892716,371.30000941469916,0.9978732216791287,2
2024-08-28,177621.1672276616,0.017400587689518687,0.017400587689518507,371.30000941469916,0.9979095959383107,2
2024-08-29,176086.68891818039,-0.008639050927496839,-0.008639050927496901,371.30000941469916,0.9978913794580622,2
2024-08-30,168569.81906129306,-0.042688461592801485,-0.04268846159280144,371.30000941469916,0.9977973517947498,2
2024-09-02,162342.74052819825,-0.03694064908992167,-0.03694064908992166,371.30000941469916,0.9977128634874178,2
2024-09-03,164477.50210924132,0.013149719994238307,0.013999313910152834,593.5021092413081,0.9963915909371779,2
2024-09-04,158100.50210924132,-0.038771260009557884,-0.03877126000955784,593.5021092413081,0.9962460453868057,2
2024-09-05,159325.50210924132,0.007748235986964724,0.007748235986964511,593.5021092413081,0.9962749082765521,2
2024-09-06,158646.50210924132,-0.004261715739232064,-0.004261715739232022,593.5021092413081,0.9962589650490205,2
2024-09-09,158975.50210924132,0.0020737929650251896,0.002073792965025207,593.5021092413081,0.9962667071255199,2
2024-09-10,158653.50210924132,-0.002025469306451644,-0.0020254693064517,593.5021092413081,0.996259130108375,2
2024-09-11,161397.50210924132,0.01729555265732885,0.017295552657328767,593.5021092413081,0.9963227305163644,2
2024-09-12,156084.50210924132,-0.032918725076698574,-0.03291872507669856,593.5021092413081,0.9961975590066852,2
2024-09-13,157113.50210924132,0.0065925827746806664,0.006592582774680773,593.5021092413081,0.996222462733797,2
2024-09-18,155748.50210924132,-0.008687986593608699,-0.008687986593608761,593.5021092413081,0.9961893559090216,2
2024-09-19,157631.50210924132,0.012090003913355574,0.012090003913355574,593.5021092413081,0.9962348762696557,2
2024-09-20,156623.50210924132,-0.006394660880040592,-0.006394660880040601,593.5021092413081,0.996210644627092,2
2024-09-23,157652.50210924132,0.006569895233745182,0.006569895233745292,593.5021092413081,0.9962353778005371,2
2024-09-24,161264.50210924132,0.02291114921536197,0.022911149215362067,593.5021092413081,0.9963196977544427,2
2024-09-25,169482.50210924132,0.05095975799083852,0.050959757990838545,593.5021092413081,0.9964981511256025,2
2024-09-26,167613.50210924132,-0.01102768708710311,-0.01102768708710308,593.5021092413081,0.9964591032239485,2
2024-09-27,171197.50210924132,0.021382525601452818,0.02138252560145273,593.5021092413081,0.9965332314903601,2
2024-09-30,164316.50210924132,-0.040193343449656305,-0.040193343449656214,593.5021092413081,0.9963880553588784,2
2024-10-08,177483.50210924132,0.08013193946428032,0.08013193946427996,593.5021092413081,0.9966560153355773,2
2024-10-09,166213.70787001532,-0.06349770037943825,-0.06271005399222664,86.7078700153246,0.999478335023468,2
2024-10-10,165055.70787001532,-0.006966934405347569,-0.006966934405347488,86.7078700153246,0.9994746751194838,2
2024-10-11,169968.70787001532,0.02976570797460143,0.02976570797460139,86.7078700153246,0.9994898598035962,2
2024-10-14,172951.70787001532,0.017550289329029134,0.017550289329029144,86.7078700153246,0.9994986584921122,2
2024-10-15,177617.70787001532,0.02697862922236549,0.026978629222365307,86.7078700153246,0.9995118286850162,2
2024-10-16,172358.70787001532,-0.02960853432388988,-0.029608534323889848,86.7078700153246,0.9994969336270453,2
2024-10-17,175798.70787001532,0.01995837658863331,0.01995837658863324,86.7078700153246,0.999506777546514,2
2024-10-18,174640.70787001532,-0.006587079131754603,-0.006587079131754632,86.7078700153246,0.9995035071085496,2
2024-10-21,173584.70787001532,-0.0060467001816436605,-0.006046700181643672,86.7078700153246,0.9995004867013962,2
2024-10-22,170845.70787001532,-0.015779039718470056,-0.01577903971847003,86.7078700153246,0.9994924784994815,2
2024-10-23,170916.70787001532,0.0004155796530400657,0.00041557965304006225,86.7078700153246,0.9994926893274748,2
2024-10-24,170811.70787001532,-0.0006143343228904863,-0.0006143343228905234,86.7078700153246,0.9994923774775363,2
2024-10-25,171268.70787001532,0.002675460632638682,0.002675460632638638,86.7078700153246,0.9994937319776994,2
2024-10-28,169616.70787001532,-0.00964566160710334,-0.009645661607103357,86.7078700153246,0.9994888011263503,2
2024-10-29,167686.70787001532,-0.011378596037125321,-0.011378596037125332,86.7078700153246,0.9994829174529294,2
2024-10-30,168004.70787001532,0.0018963936023270733,0.0018963936023272156,86.7078700153246,0.9994838961888949,2
2024-10-31,167124.70787001532,-0.0052379484548781274,-0.005237948454878084,86.7078700153246,0.9994811786292979,2
2024-11-01,166633.70787001532,-0.0029379258534404373,-0.002937925853440527,86.7078700153246,0.9994796498792251,2
2024-11-04,168631.8949726523,0.011991493967089095,0.012842539647916495,448.8949726523133,0.9973380185716046,2
2024-11-05,167842.8949726523,-0.004678830182913818,-0.004678830182913925,448.8949726523133,0.9973255050639739,2
2024-11-06,168565.8949726523,0.004307599675981599,0.004307599675981495,448.8949726523133,0.997336976303984,2
2024-11-07,166840.8949726523,-0.010233386773047193,-0.010233386773047129,448.8949726523133,0.9973094427914337,2
2024-11-08,168631.8949726523,0.010734778186688443,0.010734778186688429,448.8949726523133,0.9973380185716046,2
2024-11-11,166424.8949726523,-0.013087678344348319,-0.013087678344348428,448.8949726523133,0.9973027174045922,2
2024-11-12,165356.8949726523,-0.006417309142213945,-0.006417309142213888,448.8949726523133,0.9972852963117954,2
2024-11-13,164184.8949726523,-0.0070876996099487055,-0.007087699609948706,448.8949726523133,0.997265917959584,2
2024-11-14,164699.8949726523,0.003136707552091167,0.0031367075520911084,448.8949726523133,0.9972744671590298,2
2024-11-15,165734.8949726523,0.0062841570128011615,0.006284157012801046,448.8949726523133,0.9972914878744975,2
2024-11-18,166528.8949726523,0.0047907834987377385,0.004790783498737681,448.8949726523133,0.9973044019013876,2
2024-11-19,168314.8949726523,0.010724865497325764,0.010724865497325823,448.8949726523133,0.997333005063365,2
2024-11-20,167005.8949726523,-0.007777089485827671,-0.007777089485827608,448.8949726523133,0.9973121010325664,2
2024-11-21,167109.8949726523,0.0006227325090353286,0.0006227325090352313,448.8949726523133,0.9973137738329273,2
2024-11-22,167038.8949726523,-0.0004248701132366639,-0.0004248701132367242,448.8949726523133,0.9973126320506023,2
2024-11-25,165006.8949726523,-0.012164831432419865,-0.012164831432419799,448.8949726523133,0.9972795380900494,2
2024-11-26,165455.8949726523,0.002721098412732381,0.002721098412732422,448.8949726523133,0.9972869206459734,2
2024-11-27,167799.8949726523,0.014166917415589397,0.014166917415589526,448.8949726523133,0.9973248197042943,2
2024-11-28,168971.8949726523,0.006984509735187938,0.006984509735187877,448.8949726523133,0.9973433749279726,2
2024-11-29,169075.8949726523,0.000615486972060264,0.0006154869720601502,448.8949726523133,0.9973450090403193,2
2024-12-02,167728.8949726523,-0.007966836432939606,-0.007966836432939634,448.8949726523133,0.9973236872947532,2
2024-12-03,166736.1973100864,-0.005918465406498763,-0.00431052741459887,357.19731008638337,0.9978577098683491,2
2024-12-04,169282.1973100864,0.015269629756909264,0.015269629756909401,357.19731008638337,0.9978899298581758,2
2024-12-05,169621.1973100864,0.002002573249796802,0.0020025732497968127,357.19731008638337,0.9978941469830955,2
2024-12-06,169801.1973100864,0.0010611881230324638,0.0010611881230324425,357.19731008638337,0.9978963793203761,2
2024-12-09,170652.1973100864,0.005011743223729548,0.00501174322372961,357.19731008638337,0.9979068695527117,2
2024-12-10,173703.1973100864,0.017878468886375565,0.017878468886375683,357.19731008638337,0.9979436342242524,2
2024-12-11,174035.1973100864,0.0019113062116371538,0.001911306211637048,357.19731008638337,0.9979475570711713,2
2024-12-12,171835.1973100864,-0.012641121072079264,-0.01264112107207923,357.19731008638337,0.9979212797163912,2
2024-12-13,173184.1973100864,0.007850545296407718,0.007850545296407791,357.19731008638337,0.9979374716883271,2
2024-12-16,172838.1973100864,-0.0019978728161927917,-0.0019978728161927886,357.19731008638337,0.997933342770027,2
2024-12-17,176242.1973100864,0.019694720570898605,0.019694720570898633,357.19731008638337,0.997973258870247,2
2024-12-18,176581.1973100864,0.0019234894093129729,0.0019234894093129785,357.19731008638337,0.997977149801181,2
2024-12-19,176069.1973100864,-0.002899515960925858,-0.002899515960925976,357.19731008638337,0.9979712674587974,2
2024-12-20,174533.1973100864,-0.00872384280422911,-0.00872384280422904,357.19731008638337,0.9979534133586531,2
2024-12-23,175038.1973100864,0.00289343235432038,0.002893432354320428,357.19731008638337,0.9979593179341671,2
2024-12-24,179279.1973100864,0.024228997242738526,0.02422899724273849,357.19731008638337,0.9980075919825289,2
2024-12-25,181493.1973100864,0.012349452882537193,0.012349452882537162,357.19731008638337,0.9980318969780663,2
2024-12-26,183686.1973100864,0.01208309750724812,0.0120830975072483,357.19731008638337,0.998055393843864,2
2024-12-27,182835.1973100864,-0.004632901178543092,-0.004632901178542974,357.19731008638337,0.998046342742855,2
2024-12-30,182510.1973100864,-0.0017775570829986487,-0.0017775570829986272,357.19731008638337,0.9980428638215786,2
2024-12-31,184890.1973100864,0.013040367251131446,0.013040367251131446,357.19731008638337,0.998068057066934,2
2025-01-02,184205.1973100864,-0.003704901665777083,-0.0037049016657771518,357.19731008638337,0.9980608727913084,2
2025-01-03,179136.3416854114,-0.02751744086863206,-0.026703915371722474,657.3416854113893,0.9963304950897915,2
2025-01-06,177310.3416854114,-0.010193353190201426,-0.010193353190201392,657.3416854113893,0.9962927053257972,2
2025-01-07,178008.12827673572,0.0039353970258675375,0.003935397025867384,657.3416854113893,0.9963072378111325,2
2025-01-08,180977.08656187047,0.01667877930000561,0.016678779300005636,657.3416854113893,0.9963678181702486,2
2025-01-09,182265.5536936398,0.007119504221485329,0.007119504221484948,657.3416854113893,0.9963934946999569,2
2025-01-10,181026.39229835116,-0.0067986592648849875,-0.006798659264884836,657.3416854113893,0.9963688074591465,2
2025-01-13,179167.65020541818,-0.010267796144716734,-0.010267796144716516,657.3416854113893,0.9963311363147437,2
2025-01-14,177175.13082566025,-0.011120977349836747,-0.011120977349836905,657.3416854113893,0.9962898761110089,2
2025-01-15,177836.9472984767,0.0037353801841844003,0.0037353801841845673,657.3416854113893,0.9963036832593167,2
2025-01-16,179076.10869376536,0.006967963711212777,0.006967963711212759,657.3416854113893,0.9963292608366004,2
2025-01-17,179301.42749224318,0.001258229253032983,0.001258229253033172,657.3416854113893,0.9963338736640018,2
2025-01-20,178280.5149341239,-0.005693833966622708,-0.0056938339666228474,657.3416854113893,0.9963128798138468,2
2025-01-21,177041.35353883525,-0.006950627194152625,-0.006950627194152535,657.3416854113893,0.9962870726399682,2
2025-01-22,176330.2313295381,-0.004016701155310276,-0.004016701155310426,657.3416854113893,0.99627209877481,2
2025-01-23,174295.476174608,-0.011539457185463675,-0.011539457185463647,657.3416854113893,0.9962285786192587,2
2025-01-24,178773.38830625173,0.025691499457838995,0.025691499457838943,657.3416854113893,0.9963230451039764,2
2025-01-27,178731.15253107954,-0.0002362531446785665,-0.00023625314467828039,657.3416854113893,0.9963221762065396,2
2025-02-05,182892.20435259264,0.02328106635349725,0.023281066353497037,657.3416854113893,0.9964058518090573,2
2025-02-06,179030.6675379256,-0.021113731054509643,-0.02032609426424254,388.88536517630564,0.9978278282122032,2
2025-02-07,178128.3356774506,-0.005040096609614797,-0.005040096609615118,388.88536517630564,0.9978168247982708,2
2025-02-10,177493.5583906256,-0.0035635952270639537,-0.0035635952270638344,388.88536517630564,0.997809017021787,2
2025-02-11,177928.11296427558,0.0024482836311929823,0.0024482836311933275,388.88536517630564,0.9978143680686683,2
2025-02-12,181337.2176930006,0.019160011714447256,0.01916001171444704,388.88536517630564,0.9978554575275624,2
2025-02-13,182407.4359876006,0.005901812701305742,0.005901812701305657,388.88536517630564,0.9978680399564263,2
2025-02-14,183844.87699537558,0.007880386016021257,0.007880386016021463,388.88536517630564,0.9978847092639623,2
2025-02-17,184279.43156902556,0.0023637023818776637,0.0023637023818778666,388.88536517630564,0.9978896973912651,2
2025-02-18,183878.09970855058,-0.0021778440331505777,-0.002177844033150651,388.88536517630564,0.9978850914502995,2
2025-02-19,187454.20443727556,0.019448236273885477,0.019448236273885547,388.88536517630564,0.997925438021816,2
2025-02-20,186752.09528997558,-0.0037454969303445385,-0.0037454969303446013,388.88536517630564,0.9979176385433723,2
2025-02-21,187520.64986362556,0.0041153732302527946,0.004115373230252862,388.88536517630564,0.997926173115019,2
2025-02-24,183877.2132744256,-0.01942952198517689,-0.019429521985176963,388.88536517630564,0.9978850812547615,2
2025-02-25,183075.4359876006,-0.004360395029635367,-0.0043603950296354325,388.88536517630564,0.9978758189864279,2
2025-02-26,181505.10412712558,-0.008577512608416549,-0.008577512608416441,388.88536517630564,0.9978574411609719,2
2025-02-27,182340.10412712558,0.004600421591533621,0.0046004215915337494,388.88536517630564,0.9978672526977106,2
2025-02-28,183209.2132744256,0.004766417960878622,0.0047664179608785644,388.88536517630564,0.9978773700392796,2
2025-03-03,182640.88141395058,-0.0031020921400045642,-0.0031020921400043825,388.88536517630564,0.9978707649559854,2
2025-03-04,181971.9949798256,-0.0036623040194871948,-0.0036623040194871254,388.88536517630564,0.9978629383866489,2
2025-03-05,180802.1085457006,-0.006428936684761188,-0.006428936684761416,388.88536517630564,0.9978491104539413,2
2025-03-06,183208.32684030058,0.013308574296807762,0.013308574296808052,388.88536517630564,0.9978773597691589,2
2025-03-07,182606.77226665057,-0.0032834455945572882,-0.0032834455945572197,388.88536517630564,0.9978703672358414,2
2025-03-10,181570.66311935062,-0.005673990807892881,-0.005673990807893101,388.88536517630564,0.9978582147661118,2
2025-03-11,179799.2221115756,-0.009756207183153842,-0.009756207183153703,388.88536517630564,0.9978371131943219,2
2025-03-12,180501.3312588756,0.003904962096356046,0.003904962096355892,388.88536517630564,0.9978455263323318,2
2025-03-13,179298.2221115756,-0.0066653754790013675,-0.006665375479001175,388.88536517630564,0.9978310695968067,2
2025-03-14,179465.2221115756,0.0009314091240462119,0.0009314091240462073,388.88536517630564,0.9978330878785276,2
2025-03-17,180200.5539720506,0.004097350181963666,0.004097350181963623,388.88536517630564,0.9978419302460267,2
2025-03-18,181604.77226665057,0.0077925303982016025,0.007792530398201815,388.88536517630564,0.9978586170378535,2
2025-03-19,181337.2176930006,-0.0014732794205271071,-0.0014732794205272984,388.88536517630564,0.9978554575275624,2
2025-03-20,182974.88141395058,0.009031040300411464,0.009031040300411589,388.88536517630564,0.9978746516343053,2
2025-03-21,181971.9949798256,-0.005481006061461069,-0.00548100606146106,388.88536517630564,0.9978629383866489,2
2025-03-24,180334.3312588756,-0.008999537105319644,-0.008999537105319828,388.88536517630564,0.9978435311653551,2
2025-03-25,181938.77226665057,0.008897035836574751,0.008897035836575007,388.88536517630564,0.997862548151054,2
2025-03-26,183509.10412712558,0.008631100676954828,0.008631100676954637,388.88536517630564,0.9978808388443393,2
2025-03-27,182973.9949798256,-0.002915981470484885,-0.002915981470484961,388.88536517630564,0.9978746413378623,2
2025-03-28,184511.10412712558,0.008400697309306038,0.008400697309306107,388.88536517630564,0.9978923470919757,2
2025-03-31,184945.6587007756,0.002355167596583163,0.0023551675965830642,388.88536517630564,0.9978972993045191,2
2025-04-01,185813.88141395058,0.004694474686641303,0.004694474686641367,388.88536517630564,0.9979071242567181,2
2025-04-02,182921.0256568705,-0.015568566433610265,-0.014747112937678854,691.0256568705081,0.9962222732220694,2
2025-04-03,184381.0256568705,0.007981586560413811,0.00798158656041386,691.0256568705081,0.9962521867181904,2
2025-04-07,186034.0256568705,0.008965130734635451,0.00896513073463536,691.0256568705081,0.9962854878056283,2
2025-04-08,182731.0256568705,-0.01775481656292377,-0.01775481656292384,691.0256568705081,0.9962183452186817,2
2025-04-09,184506.0256568705,0.009713730843568191,0.00971373084356826,691.0256568705081,0.9962547258041554,2
2025-04-10,183439.0256568705,-0.005783008962451541,-0.005783008962451555,691.0256568705081,0.9962329408674298,2
2025-04-11,182040.0256568705,-0.007626512379197203,-0.007626512379197311,691.0256568705081,0.9962039905544013,2
2025-04-14,182643.0256568705,0.00331245833340299,0.003312458333402996,691.0256568705081,0.9962165231637767,2
2025-04-15,184943.0256568705,0.012592870665212086,0.012592870665212242,691.0256568705081,0.9962635754745757,2
2025-04-16,187819.0256568705,0.015550735096850454,0.015550735096850482,691.0256568705081,0.9963207898962645,2
2025-04-17,189611.0256568705,0.00954109943725201,0.009541099437252072,691.0256568705081,0.9963555618431124,2
2025-04-18,189340.0256568705,-0.001429241780962709,-0.00142924178096279,691.0256568705081,0.9963503456045643,2
2025-04-21,191579.0256568705,0.011825286239569799,0.011825286239569868,691.0256568705081,0.996392999418902,2
2025-04-22,189506.0256568705,-0.010820599973782485,-0.01082059997378223,691.0256568705081,0.9963535425616401,2
2025-04-23,192470.0256568705,0.01564066361333949,0.015640663613339358,691.0256568705081,0.9964096972787729,2
2025-04-24,191237.0256568705,-0.0064061923189959735,-0.006406192318995966,691.0256568705081,0.99638654881555,2
2025-04-25,195588.1518250948,0.02275253002539035,0.02275253002539046,691.0256568705081,0.9964669349834214,2
2025-04-28,193602.22659144993,-0.010153607031476941,-0.010153607031476868,691.0256568705081,0.9964306936493621,2
2025-04-29,196129.679862478,0.013054877082388172,0.013054877082388078,691.0256568705081,0.99647669002797,2
2025-04-30,194506.71724565554,-0.008274946545369533,-0.008274946545369543,691.0256568705081,0.9964472915555005,2
2025-05-06,189888.33874098264,-0.0237440566067445,-0.023744056606744494,691.0256568705081,0.9963608841835564,2
2025-05-07,189747.0505965758,-0.0007440590893764698,8.704082353213705e-05,503.0505965758057,0.9973488357526813,2
2025-05-08,191837.0505965758,0.011014663961463,0.011014663961462941,503.0505965758057,0.9973777192934763,2
2025-05-09,193129.36688461335,0.006736531259309286,0.006736531259309385,503.0505965758057,0.9973952661643821,2
2025-05-12,194961.98378460496,0.009489063882690107,0.009489063882690139,503.0505965758057,0.9974197503184438,2
2025-05-13,194992.7781512744,0.00015795062232970558,0.00015795062232990052,503.0505965758057,0.9974201578061238,2
2025-05-14,196955.58190682813,0.010066033081650883,0.01006603308165073,503.0505965758057,0.9974458677854899,2
2025-05-15,197411.98378460496,0.0023172832846785063,0.0023172832846786737,503.0505965758057,0.9974517727499022,2
2025-05-16,197799.78754015864,0.0019644387747848047,0.001964438774784818,503.0505965758057,0.9974567687719398,2
2025-05-19,195829.97439572072,-0.0099586211336955,-0.009958621133695587,503.0505965758057,0.9974311869358709,2
2025-05-20,195548.5725179439,-0.0014369704058082577,-0.0014369704058082528,503.0505965758057,0.9974274903155856,2
2025-05-21,195335.7687623902,-0.0010882398823656159,-0.0010882398823655532,503.0505965758057,0.9974246877580945,2
2025-05-22,195617.17064016705,0.0014406059860914144,0.001440605986091254,503.0505965758057,0.9974283924313517,2
2025-05-23,196354.97439572072,0.003771671746090499,0.003771671746090526,503.0505965758057,0.9974380552459955,2
2025-05-26,194172.3574957291,-0.011115668990350658,-0.011115668990350606,503.0505965758057,0.9974092574089137,2
2025-05-27,193046.74998462174,-0.005796950326114936,-0.005796950326115004,503.0505965758057,0.9973941514342206,2
2025-05-28,193784.5537401754,0.003821891617509454,0.0038218916175095574,503.0505965758057,0.9974040727866769,2
2025-05-29,193571.74998462174,-0.0010981461186994057,-0.0010981461186994556,503.0505965758057,0.9974012189453483,2
2025-05-30,192796.14247351434,-0.004006821817589712,-0.004006821817589754,503.0505965758057,0.9973907642024273,2
2025-06-03,193183.946229068,0.00201147051273054,0.0020114705127305082,503.0505965758057,0.9973960020674838,2
2025-06-04,194654.10184554942,0.007610133477334413,0.007638354738637014,1055.5987019498057,0.9945770539025816,2
2025-06-05,193841.69057888835,-0.004173614935202852,-0.004173614935202776,1055.5987019498057,0.9945543257552213,2
2025-06-06,194015.69057888835,0.000897639715586207,0.0008976397155862876,1055.5987019498057,0.9945592096247463,2
2025-06-09,194605.2887011115,0.0030389197928475387,0.0030389197928474398,1055.5987019498057,0.9945756936566555,2
2025-06-10,193483.6811900041,-0.005763499638645753,-0.005763499638645581,1055.5987019498057,0.9945442494402761,2
2025-06-11,194005.6811900041,0.002697901945990955,0.0026979019459909236,1055.5987019498057,0.9945589289165404,2
2025-06-12,193860.47555667357,-0.0007484607277470356,-0.0007484607277471788,1055.5987019498057,0.9945548534381821,2
2025-06-13,193715.26992334303,-0.0007490213408049007,-0.0007490213408048568,1055.5987019498057,0.9945507718500068,2
2025-06-16,192767.66241223563,-0.004891754333472997,-0.004891754333472994,1055.5987019498057,0.9945239845275895,2
2025-06-17,194566.48494555784,0.009331557538293955,0.009331557538293938,1055.5987019498057,0.9945746118492854,2
2025-06-18,195340.09245666518,0.003976057394077026,0.003976057394077073,1055.5987019498057,0.9945960980734971,2
2025-06-19,198714.92437887157,0.017276698704107973,0.017276698704107925,1055.5987019498057,0.9946878740726227,2
2025-06-20,199034.13001220213,0.001606349570010046,0.001606349570009916,1055.5987019498057,0.9946963935186136,2
2025-06-23,200233.34503441688,0.006025172778865828,0.006025172778865888,1055.5987019498057,0.9947281572818535,2
2025-06-24,203559.36381218536,0.016610713750982775,0.01661071375098274,1055.5987019498057,0.9948142955343299,2
2025-06-25,205309.3732010696,0.008597046857047985,0.00859704685704793,1055.5987019498057,0.9948584972741794,2
2025-06-26,206924.1863455075,0.007865267519259644,0.007865267519259632,1055.5987019498057,0.9948986209848507,2
2025-06-27,208393.7938566149,0.007102154354511114,0.007102154354511069,1055.5987019498057,0.9949345962640513,2
2025-06-30,202118.55066774745,-0.0301124283633184,-0.030112428363318497,1055.5987019498057,0.9947773289563853,2
2025-07-01,204304.17695662327,0.010813585797320835,0.010813585797320936,1055.5987019498057,0.9948332005851552,2
2025-07-02,208507.27365151898,0.020572739909219262,0.021395806208503378,1085.4428190938052,0.9947942208437873,2
2025-07-03,208720.07740707265,0.0010206059089781228,0.0010206059089783262,1085.4428190938052,0.9947995284757545,2
2025-07-04,207860.87177374214,-0.004116545202571875,-0.004116545202571956,1085.4428190938052,0.9947780320084709,2
2025-07-07,209742.88116262638,0.009054178272343671,0.009054178272343696,1085.4428190938052,0.994824888391553,2
2025-07-08,209288.6755292958,-0.0021655353965429613,-0.0021655353965428204,1085.4428190938052,0.9948136571826034,2
2025-07-09,209374.4698959653,0.00040993315310777767,0.00040993315310775664,1085.4428190938052,0.9948157823652848,2
2025-07-10,212136.29242928745,0.013190827586068377,0.013190827586068429,1085.4428190938052,0.9948832761869087,2
2025-07-11,216043.30181817163,0.018417449198073976,0.01841744919807427,1085.4428190938052,0.994975808969966,2
2025-07-14,214077.0573982729,-0.009101158903568218,-0.009101158903568453,1085.4428190938052,0.9949296630274843,2
2025-07-15,213632.45078878064,-0.0020768531429554704,-0.002076853142955303,1085.4428190938052,0.9949191107667114,2
2025-07-16,211328.66291465668,-0.010783885433218732,-0.010783885433218798,1085.4428190938052,0.9948637217302977,2
2025-07-17,211604.16715829127,0.0013036766515002185,0.0013036766515000173,1085.4428190938052,0.9948704090582401,2
2025-07-18,210489.7990380975,-0.005266286270062759,-0.005266286270062637,1085.4428190938052,0.994843252147828,2
2025-07-21,210658.90140395518,0.0008033755869902848,0.0008033755869903842,1085.4428190938052,0.9948473916276038,2
2025-07-22,208248.7116520544,-0.01144119586610326,-0.011441195866103288,1085.4428190938052,0.994787757338411,2
2025-07-23,205657.06838864041,-0.012444942601825715,-0.012444942601825958,1085.4428190938052,0.9947220738504227,2
2025-07-24,207547.59989731252,0.00919264056171154,0.009192640561711594,1085.4428190938052,0.9947701499818313,2
2025-07-25,204404.94814662938,-0.015141836148613752,-0.015141836148613717,1085.4428190938052,0.9946897429395145,2
2025-07-28,203747.53778158344,-0.003216215512426568,-0.003216215512426534,1085.4428190938052,0.9946726089016231,2
2025-07-29,203960.3415371371,0.001044448231722006,0.0010444482317220575,1085.4428190938052,0.9946781672803966,2
2025-07-30,201431.39876180392,-0.012399188765197855,-0.012399188765197794,1085.4428190938052,0.9946113524218865,2
2025-07-31,203534.7340260297,0.010441943396883202,0.010441943396883334,1085.4428190938052,0.9946670388998323,2
2025-08-01,205243.81202318857,0.008396984452492928,0.008396984452492927,1085.4428190938052,0.9947114467988385,2
2025-08-04,206038.6756206491,0.00387277740373837,0.004698143360404842,385.8066740689683,0.9981275036208285,2
2025-08-05,207683.43622973547,0.007982776069259234,0.0079827760692592,385.8066740689683,0.9981423329608136,2
2025-08-06,211209.7010824564,0.01697903750408014,0.01697903750408008,385.8066740689683,0.9981733477577417,2
2025-08-07,212175.7010824564,0.004573653554023505,0.004573653554023475,385.8066740689683,0.9981816641957553,2
2025-08-08,215007.47017881187,0.013346340235515397,0.013346340235515397,385.8066740689683,0.9982056126991862,2
2025-08-11,213709.95744790824,-0.006034733257521463,-0.0060347332575214855,385.8066740689683,0.9981947183057064,2
2025-08-12,213293.18835155276,-0.001950162272888356,-0.0019501622728883184,385.8066740689683,0.9981911908343126,2
2025-08-13,216311.20532609092,0.014149617237489087,0.014149617237489233,385.8066740689683,0.9982164276996776,2
2025-08-14,214072.94047337002,-0.010347429063356617,-0.010347429063356665,385.8066740689683,0.9981977793493384,2
2025-08-15,216487.94047337002,0.011281201606610392,0.011281201606610388,385.8066740689683,0.9982178837619067,2
2025-08-18,211654.6501588418,-0.02232591018215524,-0.02232591018215518,385.8066740689683,0.9981771878209176,2
2025-08-19,214019.15440247636,0.011171520407702085,0.01117152040770204,385.8066740689683,0.998197326425543,2
2025-08-20,216307.91501156273,0.010694185833395986,0.010694185833396085,385.8066740689683,0.9982164005693072,2
2025-08-21,216977.16288974546,0.003093959267033597,0.0030939592670336264,385.8066740689683,0.9982219019323014,2
2025-08-22,219960.41925519728,0.013749172151207967,0.013749172151207908,385.8066740689683,0.998246017736394,2
2025-08-25,220926.41925519728,0.004391699212389799,0.0043916992123898746,385.8066740689683,0.9982536870177428,2
2025-08-26,219366.91501156273,-0.007058930520360884,-0.007058930520360843,385.8066740689683,0.9982412722809698,2
2025-08-27,218984.90652429365,-0.0017414134088951094,-0.0017414134088951253,385.8066740689683,0.9982382042662553,2
2025-08-28,214966.12894066906,-0.018351847382590103,-0.018351847382589874,385.8066740689683,0.9982052676113665,2
2025-08-29,213109.87257521725,-0.008635110910724664,-0.00863511091072475,385.8066740689683,0.9981896349080083,2
2025-09-01,213949.63318430362,0.003940505425387819,0.003940505425387881,385.8066740689683,0.9981967406612162,2
2025-09-02,213441.72929781943,-0.0023739413754763072,-0.0015494895970120264,752.7292978194309,0.9964733733169434,2
2025-09-03,217980.72929781943,0.021265757239375738,0.021265757239375863,752.7292978194309,0.9965468080584728,2
2025-09-04,214800.72929781943,-0.014588445548575413,-0.014588445548575538,752.7292978194309,0.9964956855580515,2
2025-09-05,221134.72929781943,0.029487795598766242,0.02948779559876614,752.7292978194309,0.9965960602379843,2
2025-09-08,216075.72929781943,-0.022877455821001536,-0.022877455821001553,752.7292978194309,0.9965163634978089,2
2025-09-09,215798.72929781943,-0.0012819579547419524,-0.0012819579547419357,752.7292978194309,0.9965118918898702,2
2025-09-10,216595.72929781943,0.0036932562234881505,0.00369325622348819,752.7292978194309,0.99652472696364,2
2025-09-11,216444.72929781943,-0.0006971513265267015,-0.0006971513265266547,752.7292978194309,0.9965223024822023,2
2025-09-12,216335.72929781943,-0.0005035927664009954,-0.000503592766401156,752.7292978194309,0.9965205502564803,2
2025-09-15,215538.72929781943,-0.003684088627370463,-0.003684088627370438,752.7292978194309,0.9965076842557639,2
2025-09-16,213793.72929781943,-0.008095992797604645,-0.008095992797604706,752.7292978194309,0.9964791797201364,2
2025-09-17,211058.72929781943,-0.01279270448662262,-0.012792704486622637,752.7292978194309,0.9964335552463349,2
2025-09-18,210110.72929781943,-0.004491640801372876,-0.004491640801372857,752.7292978194309,0.9964174637804789,2
2025-09-19,204321.72929781943,-0.02755213890954822,-0.027552138909548274,752.7292978194309,0.996315960615612,2
2025-09-22,202123.72929781943,-0.010757544033880961,-0.010757544033881065,752.7292978194309,0.996275898428975,2
2025-09-23,198163.72929781943,-0.01959195990375351,-0.01959195990375331,752.7292978194309,0.9962014779370237,2
2025-09-24,202811.72929781943,0.023455351877308184,0.023455351877308163,752.7292978194309,0.9962885317312488,2
2025-09-25,201368.72929781943,-0.007114973108291123,-0.0071149731082912155,752.7292978194309,0.9962619355028746,2
2025-09-26,201200.72929781943,-0.0008342904113554095,-0.000834290411355347,752.7292978194309,0.9962588142674909,2
2025-09-29,201393.72929781943,0.0009592410558030284,0.0009592410558031213,752.7292978194309,0.9962623995273144,2
2025-09-30,200730.72929781943,-0.003292058805959952,-0.0032920588059599408,752.7292978194309,0.9962500544861638,2
2025-10-09,200990.72929781943,0.0012952675502624356,0.001295267550262444,752.7292978194309,0.9962549053856904,2
2025-10-10,202341.85785337747,0.006722342668631143,0.008348643770099681,786.8578533774707,0.9961112452869358,2
2025-10-13,203338.85785337747,0.00492730476322123,0.004927304763221237,786.8578533774707,0.9961303124169958,2
2025-10-14,202388.85785337747,-0.0046720042102578185,-0.004672004210257872,786.8578533774707,0.9961121483577544,2
2025-10-15,207743.85785337747,0.026458966451006205,0.02645896645100642,786.8578533774707,0.9962123652583134,2
2025-10-16,207651.85785337747,-0.0004428530448535861,-0.00044285304485363686,786.8578533774707,0.9962106871495796,2
2025-10-17,213331.85785337747,0.027353475469555466,0.027353475469555563,786.8578533774707,0.9963115783020168,2
2025-10-20,212195.85785337747,-0.005325036829617713,-0.005325036829617686,786.8578533774707,0.996291832171761,2
2025-10-21,212868.85785337747,0.0031715981961581985,0.003171598196158109,786.8578533774707,0.9963035558074942,2
2025-10-22,214259.85785337747,0.00653453968808404,0.0065345396880840245,786.8578533774707,0.9963275535545444,2
2025-10-23,217458.85785337747,0.01493046822699351,0.01493046822699349,786.8578533774707,0.9963815782849921,2
2025-10-24,217666.85785337747,0.0009565027704701023,0.0009565027704699345,786.8578533774707,0.9963850360080656,2
2025-10-27,217666.85785337747,0.0,0.0,786.8578533774707,0.9963850360080656,2
2025-10-28,219868.85785337747,0.010116377025496837,0.010116377025496991,786.8578533774707,0.9964212400925728,2
2025-10-29,220400.85785337747,0.002419624157754763,0.00241962415775477,786.8578533774707,0.9964298784449336,2
2025-10-30,216575.85785337747,-0.017354741888276126,-0.017354741888275994,786.8578533774707,0.9963668256417104,2
2025-10-31,217943.85785337747,0.006316493507444232,0.006316493507443932,786.8578533774707,0.9963896305171085,2
2025-11-03,215091.85785337747,-0.013085938865589397,-0.013085938865589303,786.8578533774707,0.996341758999014,2
2025-11-04,218448.71913742152,0.015606640425842366,0.017248444627453015,456.71913742150355,0.9979092615455704,2
2025-11-05,221528.71913742152,0.01409941890326416,0.01409941890326416,456.71913742150355,0.9979383298960068,2
2025-11-06,219888.71913742152,-0.007403103337507488,-0.00740310333750739,456.71913742150355,0.9979229533046846,2
2025-11-07,220376.71913742152,0.0022193043913953936,0.002219304391395435,456.71913742150355,0.9979275526960871,2
2025-11-10,218168.71913742152,-0.01001920714965876,-0.010019207149658727,456.71913742150355,0.9979065782701239,2
2025-11-11,219368.71913742152,0.00550033022490326,0.00550033022490314,456.71913742150355,0.9979180297937765,2
2025-11-12,222856.71913742152,0.015900170332922237,0.015900170332922507,456.71913742150355,0.9979506153586516,2
2025-11-13,227656.71913742152,0.021538502489754974,0.02153850248975497,456.71913742150355,0.9979938253562117,2
2025-11-14,227080.71913742152,-0.002530125191043897,-0.0025301251910438954,456.71913742150355,0.9979887366080379,2
2025-11-17,227120.71913742152,0.00017614881682570527,0.00017614881682576425,456.71913742150355,0.9979890908273095,2
2025-11-18,223272.71913742152,-0.016942531771712677,-0.016942531771712677,456.71913742150355,0.9979544337562333,2
2025-11-19,223144.71913742152,-0.0005732899231688515,-0.0005732899231688836,456.71913742150355,0.9979532603810344,2
2025-11-20,226848.71913742152,0.016599093244590524,0.0165990932445905,456.71913742150355,0.9979866796728756,2
2025-11-21,230912.71913742152,0.017915022908011613,0.017915022908011658,456.71913742150355,0.9980221135538675,2
2025-11-24,230568.71913742152,-0.0014897403715352642,-0.0014897403715353683,456.71913742150355,0.9980191626204536,2
2025-11-25,227200.71913742152,-0.014607358763148781,-0.01460735876314868,456.71913742150355,0.9979897988916784,2
2025-11-26,230400.71913742152,0.01408446246186612,0.014084462461866057,456.71913742150355,0.9980177182643727,2
2025-11-27,226272.71913742152,-0.017916610744334815,-0.017916610744334916,456.71913742150355,0.9979815545631723,2
2025-11-28,228424.71913742152,0.00951064718806438,0.009510647188064505,456.71913742150355,0.9980005704323675,2
2025-12-01,225744.71913742152,-0.011732530569021682,-0.0117325305690219,456.71913742150355,0.9979768335703858,2
2025-12-02,225206.77712862252,-0.0023829660815742892,-0.0015592834301727402,1087.7771286225034,0.9951698739154672,2
2025-12-03,223607.77712862252,-0.0071001415693932035,-0.007100141569393131,1087.7771286225034,0.9951353340988814,2
2025-12-04,220550.77712862252,-0.013671259735485664,-0.013671259735485808,1087.7771286225034,0.995067906162996,2
2025-12-05,218559.77712862252,-0.009027399612556719,-0.009027399612556606,1087.7771286225034,0.9950229765837364,2
2025-12-08,216684.77712862252,-0.008578888689553144,-0.008578888689553154,1087.7771286225034,0.9949799097886013,2
2025-12-09,216336.77712862252,-0.0016060196041987052,-0.0016060196041987884,1087.7771286225034,0.9949718344561647,2
2025-12-10,217286.77712862252,0.0043913014357017666,0.004391301435701805,1087.7771286225034,0.9949938181098862,2
2025-12-11,214796.6562044273,-0.011460066540179725,-0.011460066540179661,1087.7771286225034,0.994935781832715,2
2025-12-12,214603.49932979402,-0.000899254569630914,-0.0008992545696308828,1087.7771286225034,0.9949312237124761,2
2025-12-15,211818.1519136991,-0.012979040065952074,-0.012979040065952054,1087.7771286225034,0.994864570770754,2
2025-12-16,211769.86269504082,-0.00022797488422032774,-0.000227974884220479,1087.7771286225034,0.9948633997549077,2
2025-12-17,211155.75638492825,-0.0028998758477589703,-0.002899875847758932,1087.7771286225034,0.9948484609311832,2
2025-12-18,212906.04805543122,0.00828910232175839,0.008289102321758684,1087.7771286225034,0.9948908115172975,2
2025-12-19,216665.3953328352,0.017657306176784626,0.01765730617678454,1087.7771286225034,0.9949794607165972,2
2025-12-22,215674.07762841973,-0.0045753393286114274,-0.0045753393286114405,1087.7771286225034,0.9949563844640772,2
2025-12-23,216454.92061509547,0.0036204767641154767,0.0036204767641157603,1087.7771286225034,0.9949745788844561,2
2025-12-24,217801.58069322555,0.006221434349024335,0.0062214343490241495,1087.7771286225034,0.9950056508995009,2
2025-12-25,216218.0256992858,-0.007270631319109655,-0.007270631319109897,1087.7771286225034,0.9949690728832415,2
2025-12-26,216503.20983375382,0.0013189655836773895,0.0013189655836774534,1087.7771286225034,0.994975699762337,2
2025-12-29,214564.3124660994,-0.008955513265337944,-0.008955513265337818,1087.7771286225034,0.9949302979786335,2
2025-12-30,217402.50027833448,0.013227678823259703,0.013227678823259488,1087.7771286225034,0.9949964828958735,2
2025-12-31,217047.15790461987,-0.001634490740721306,-0.0016344907407213568,1087.7771286225034,0.9949882913044154,2
2026-01-05,219196.52999001392,0.009902788436136012,0.00990278843613604,1087.7771286225034,0.9950374345402636,2
2026-01-06,217292.77729743923,-0.008685140648263978,-0.007864501652975205,212.3261933382455,0.9990228566454024,2
2026-01-07,215701.30271839048,-0.007324102525829823,-0.007324102525829581,212.3261933382455,0.9990156471441648,2
2026-01-08,213970.8281393418,-0.008022550430805353,-0.008022550430805575,212.3261933382455,0.9990076862571192,2
2026-01-09,213745.61797096126,-0.0010525274418896613,-0.0010525274418895416,212.3261933382455,0.9990066407192165,2
2026-01-12,213062.48576562718,-0.0031960056623331345,-0.003196005662333254,212.3261933382455,0.9990034557581768,2
2026-01-13,215166.8552604856,0.009876771536277307,0.009876771536277498,212.3261933382455,0.9990132021352397,2
2026-01-14,216427.54000791482,0.005859102908312819,0.005859102908312649,212.3261933382455,0.9990189502069353,2
2026-01-15,213136.8281393418,-0.015204681753776317,-0.015204681753776528,212.3261933382455,0.9990038033539682,2
2026-01-16,213115.27559724665,-0.0001011206851639912,-0.00010112068516393373,212.3261933382455,0.9990037026076933,2
2026-01-19,210967.8010181979,-0.010076586828562828,-0.01007658682856263,212.3261933382455,0.9989935611391242,2
2026-01-20,209738.35356029304,-0.0058276545139644975,-0.005827654513964625,212.3261933382455,0.9989876615805645,2
2026-01-21,210934.38068143692,0.0057024721556233615,0.005702472155623338,212.3261933382455,0.9989934016794592,2
2026-01-22,206553.22135495895,-0.020770247658652652,-0.020770247658652624,212.3261933382455,0.9989720509225398,2
2026-01-23,203444.61457057617,-0.015049907060227685,-0.015049907060227817,212.3261933382455,0.9989563439966871,2
2026-01-26,201745.37728105183,-0.008352333597579031,-0.008352333597578917,212.3261933382455,0.9989475536133724,2
2026-01-27,202792.71965476644,0.00519140704897314,0.005191407048973053,212.3261933382455,0.9989529890732778,2
2026-01-28,202962.95694429078,0.0008394645025431302,0.0008394645025432013,212.3261933382455,0.9989538672645741,2
2026-01-29,202684.95694429078,-0.0013697080698145125,-0.0013697080698143503,212.3261933382455,0.9989524324027825,2
2026-01-30,204266.74677591026,0.007804179725356963,0.007804179725356818,212.3261933382455,0.9989605445003186,2
2026-02-02,203657.95694429078,-0.0029803668057990507,-0.002980366805798948,212.3261933382455,0.9989574372809978,2
2026-02-03,204630.7865626291,0.004776781781251183,0.005613516440396489,329.91852215224935,0.9983877376044231,2
2026-02-04,201037.9696098658,-0.01755755823996541,-0.017557558239965482,329.91852215224935,0.9983589243226417,2
2026-02-05,203481.54927310476,0.012154816664637913,0.012154816664637882,329.91852215224935,0.9983786317563887,2
2026-02-06,205707.47131005832,0.010939183650336748,0.010939183650337019,329.91852215224935,0.9983961762786197,2
2026-02-09,203657.1289363437,-0.009967272266082072,-0.009967272266082045,329.91852215224935,0.9983800295925052,2
2026-02-10,205184.36622586806,0.007499061277652208,0.007499061277652175,329.91852215224935,0.9983920874274161,2
2026-02-11,207148.73572072654,0.009573680154052688,0.00957368015405276,329.91852215224935,0.9984073350918394,2
2026-02-12,206566.4984312022,-0.0028107209416392553,-0.002810720941639385,329.91852215224935,0.9984028459374686,2
2026-02-13,204268.02385215345,-0.011127044300527134,-0.011127044300527009,329.91852215224935,0.9983848743629545,2
2026-02-24,202536.54927310476,-0.00847648372171017,-0.008476483721710166,329.91852215224935,0.9983710667366641,2
2026-02-25,201620.20689939015,-0.004524330926952813,-0.004524330926952872,329.91852215224935,0.9983636634084159,2
2026-02-26,201270.86452567554,-0.0017326754053423876,-0.001732675405342374,329.91852215224935,0.9983608232471712,2
2026-02-27,200499.6272361512,-0.003831837714524111,-0.0038318377145241424,329.91852215224935,0.9983545180272895,2
2026-03-02,200266.73232034146,-0.0011615728119804825,-0.0011615728119805553,329.91852215224935,0.9983526044574167,2
2026-03-03,201798.33803091015,0.0076478289370536245,0.0077021008990220095,659.0496536722493,0.9967341175348466,2
2026-03-04,205966.39227319782,0.020654551880646466,0.020654551880646722,659.0496536722493,0.9968002078086697,2
2026-03-05,203604.60244157832,-0.011466869937143853,-0.011466869937143824,659.0496536722493,0.9967630905894608,2
2026-03-06,205899.07702062704,0.011269266762803598,0.0112692667628036,659.0496536722493,0.9967991616902381,2
2026-03-09,206129.9719364368,0.0011213984984821401,0.0011213984984820382,659.0496536722493,0.9968027470848564,2
2026-03-10,206327.20922596115,0.0009568588578916515,0.0009568588578916092,659.0496536722493,0.9968058034800904,2
2026-03-11,205139.07702062704,-0.0057584853194661,-0.00575848531946601,659.0496536722493,0.9967873032128054,2
2026-03-12,206673.55159967576,0.007480167120447856,0.007480167120447756,659.0496536722493,0.9968111562966276,2
2026-03-13,207746.23634710498,0.005190237159648836,0.005190237159648892,659.0496536722493,0.9968276216924041,2
2026-03-16,208703.47363662935,0.004607723857509516,0.0046077238575094,659.0496536722493,0.9968421720913966,2
2026-03-17,209239.81601034393,0.0025698775605833557,0.002569877560583596,659.0496536722493,0.9968502665207866,2
2026-03-18,211947.94821567807,0.012942719301570538,0.01294271930157026,659.0496536722493,0.996890511754322,2
2026-03-19,211221.60584196346,-0.0034269846904839696,-0.003426984690483834,659.0496536722493,0.9968798189416033,2
2026-03-20,213251.52787891703,0.009610390134389801,0.009610390134389775,659.0496536722493,0.9969095196633412,2
2026-03-23,212566.08042101216,-0.003214267511809199,-0.003214267511809106,659.0496536722493,0.9968995540004929,2
2026-03-24,208628.9210945342,-0.018522048855019402,-0.018522048855019308,659.0496536722493,0.9968410436567727,2
2026-03-25,211996.08042101216,0.016139465750063753,0.016139465750063562,659.0496536722493,0.9968912177415573,2
2026-03-26,213787.87025263163,0.00845199509378225,0.008451995093782265,659.0496536722493,0.9969172729355812,2
2026-03-27,215240.55500006085,0.006794982080660539,0.006794982080660568,659.0496536722493,0.9969380786363794,2
2026-03-30,213821.52787891703,-0.006592749777770357,-0.006592749777770437,659.0496536722493,0.9969177581873541,2
2026-03-31,218525.9244949193,0.022001510618080866,0.02200151061808088,659.0496536722493,0.9969841122731983,2
2026-04-01,223167.71432653881,0.021241369152644518,0.02124136915264452,659.0496536722493,0.9970468414050793,2
2026-04-02,221103.42682840745,-0.009249937896979588,-0.008427818326853976,225.42682840744965,0.9989804462479797,2
2026-04-03,223337.42682840745,0.010103868728067011,0.010103868728066972,225.42682840744965,0.9989906446420167,2
2026-04-07,219287.42682840745,-0.018133995978702022,-0.01813399597870207,225.42682840744965,0.9989720029476025,2
2026-04-08,216303.42682840745,-0.013607711318237015,-0.013607711318237074,225.42682840744965,0.9989578212804447,2
2026-04-09,215009.42682840745,-0.005982337029854512,-0.005982337029854438,225.42682840744965,0.9989515490937644,2
2026-04-10,213735.42682840745,-0.005925321595395605,-0.00592532159539573,225.42682840744965,0.9989452996550336,2
2026-04-13,213171.42682840745,-0.0026387763992573587,-0.0026387763992573292,225.42682840744965,0.9989425091731975,2
2026-04-14,213943.42682840745,0.0036214984882632084,0.0036214984882632128,225.42682840744965,0.9989463250554164,2
2026-04-15,216343.42682840745,0.011217918846952557,0.011217918846952564,225.42682840744965,0.9989580139701391,2
2026-04-16,218765.42682840745,0.011195163335935288,0.011195163335935367,225.42682840744965,0.9989695500259085,2
2026-04-17,217471.42682840745,-0.005915011429182382,-0.005915011429182417,225.42682840744965,0.9989634186352889,2
2026-04-20,216949.42682840745,-0.0024003153315946824,-0.0024003153315946112,225.42682840744965,0.9989609245264992,2
2026-04-21,221479.42682840745,0.020880442351124184,0.020880442351124247,225.42682840744965,0.9989821771185,2
2026-04-22,222961.42682840745,0.006691366422707068,0.006691366422706992,225.42682840744965,0.9989889424748751,2
2026-04-23,219621.42682840745,-0.014980169653159292,-0.014980169653159294,225.42682840744965,0.998973566324275,2
2026-04-24,220309.42682840745,0.003132663374132205,0.0031326633741322074,225.42682840744965,0.9989767717539249,2
2026-04-27,219495.42682840745,-0.0036948033124065693,-0.003694803312406708,225.42682840744965,0.9989729771063355,2
2026-04-28,217491.42682840745,-0.009130030766274944,-0.009130030766274838,225.42682840744965,0.9989635139568729,2
2026-04-29,219099.42682840745,0.007393394872840853,0.0073933948728408146,225.42682840744965,0.9989711208665827,2
2026-04-30,218181.42682840745,-0.004189878601183916,-0.004189878601183941,225.42682840744965,0.9989667918498638,2
2026-05-06,217095.42682840745,-0.004977508928173391,-0.0049775089281732824,225.42682840744965,0.9989616233206716,2
2026-05-07,214681.6574742015,-0.011118471676116015,-0.009516552375987947,200.65747420149273,0.9990653254844298,2
2026-05-08,215293.6574742015,0.00285073260193891,0.002850732601939042,200.65747420149273,0.9990679824173383,2
2026-05-11,214162.6574742015,-0.005253289916984816,-0.005253289916984808,200.65747420149273,0.9990630604019953,2
2026-05-12,212340.6574742015,-0.008507552257187911,-0.008507552257187842,200.65747420149273,0.9990550209432884,2
2026-05-13,212784.73157800033,0.0020913286653676533,0.0020913286653676585,200.65747420149273,0.9990569930806904,2
2026-05-14,212244.59942176705,-0.0025383971501511393,-0.0025383971501511914,200.65747420149273,0.9990545932629232,2
2026-05-15,215445.19412481683,0.015079746253941817,0.015079746253941727,200.65747420149273,0.9990686379660656,2
2026-05-18,213784.59942176705,-0.007707736112636199,-0.007707736112636134,200.65747420149273,0.99906140351202,2
2026-05-19,213584.33510930047,-0.0009367574325196415,-0.0009367574325196307,200.65747420149273,0.9990605234503794,2
2026-05-20,215554.46726553378,0.009224141626421822,0.009224141626421685,200.65747420149273,0.9990691101105582,2
2026-05-21,211243.27785943428,-0.020000464201879398,-0.020000464201879377,200.65747420149273,0.9990501119077738,2
2026-05-22,214473.47609378418,0.01529136579910162,0.015291365799101765,200.65747420149273,0.999064418230841,2
2026-05-25,213013.14570320098,-0.006808909041715827,-0.006808909041715863,200.65747420149273,0.9990580042675813,2
2026-05-26,214493.21178131763,0.006948238209574464,0.006948238209574513,200.65747420149273,0.9990645043144486,2
2026-05-27,215333.01354696768,0.003915283652455415,0.003915283652455574,200.65747420149273,0.9990681527607111,2
2026-05-28,212922.15453145138,-0.011195956327386125,-0.011195956327386344,200.65747420149273,0.9990576017106202,2
2026-05-29,209231.49375028498,-0.017333380780820695,-0.017333380780820685,200.65747420149273,0.9990409786280025,2
2026-06-01,211802.41884391793,0.01228746708992734,0.012287467089927347,200.65747420149273,0.9990526195342965,2
2026-06-02,214724.97276768586,0.013798491725071527,0.0146418979680533,755.9727676858602,0.9964793439815509,2
2026-06-03,216115.97276768586,0.00647805414559266,0.0064780541455927675,755.9727676858602,0.9965020041878233,2
2026-06-04,215404.97276768586,-0.003289900283142355,-0.0032899002831424575,755.9727676858602,0.9964904581450811,2
2026-06-05,214468.97276768586,-0.004345303583169757,-0.004345303583169668,755.9727676858602,0.9964751415650938,2
2026-06-08,219122.97276768586,0.021700108598185164,0.021700108598185056,755.9727676858602,0.9965500067923625,2
2026-06-09,219391.97276768586,0.0012276211690738226,0.0012276211690739089,755.9727676858602,0.9965542368841072,2
2026-06-10,222129.97276768586,0.012479946123185037,0.012479946123184994,755.9727676858602,0.9965967097629076,2
2026-06-11,224637.97276768586,0.011290687018734591,0.01129068701873467,755.9727676858602,0.9966347062414613,2
2026-06-12,223083.97276768586,-0.006917797471432396,-0.006917797471432444,755.9727676858602,0.996611263649706,2
2026-06-15,226739.97276768586,0.01638844760850322,0.0163884476085033,755.9727676858602,0.9966659043023683,2
2026-06-16,220239.97276768586,-0.02866719935024331,-0.02866719935024345,755.9727676858602,0.9965675042628012,2
2026-06-17,217987.97276768586,-0.010225210127388862,-0.010225210127388865,755.9727676858602,0.996532043680724,2
2026-06-18,214755.97276768586,-0.01482650606345337,-0.01482650606345335,755.9727676858602,0.9964798521878429,2
2026-06-22,210101.97276768586,-0.021671108561131858,-0.021671108561131854,755.9727676858602,0.9964018768708957,2
2026-06-23,213633.97276768586,0.016810884512281188,0.016810884512281,755.9727676858602,0.9964613644642187,2
2026-06-24,219024.97276768586,0.025234750494774527,0.02523475049477457,755.9727676858602,0.9965484631358101,2
2026-06-25,211319.97276768586,-0.03517863695010015,-0.03517863695010021,755.9727676858602,0.9964226156298206,2
2026-06-26,209540.97276768586,-0.008418513293846241,-0.00841851329384617,755.9727676858602,0.9963922436853245,2
2026-06-29,207756.97276768586,-0.008513848038578575,-0.00851384803857852,755.9727676858602,0.9963612640403112,2
2026-06-30,208573.97276768586,0.003932479324838756,0.003932479324838638,755.9727676858602,0.9963755172438131,2
2026-07-01,204824.97276768586,-0.01797443827843137,-0.017974438278431423,755.9727676858602,0.9963091767694592,2
2026-07-02,204685.69278046588,-0.0006799951457967524,0.0001513487324378153,870.6927804658771,0.9957461961867567,2
2026-07-03,203245.69278046588,-0.007035176618545913,-0.0070351766185459364,870.6927804658771,0.9957160578974417,2
2026-07-06,202380.69278046588,-0.004255932749011926,-0.004255932749011983,870.6927804658771,0.9956977478014152,2
2026-07-07,205015.69278046588,0.013020016701189574,0.013020016701189723,870.6927804658771,0.9957530432492393,2
2026-07-08,209420.69278046588,0.021486160109299268,0.021486160109299227,870.6927804658771,0.995842374653117,2
2026-07-09,213175.69278046588,0.017930415328805793,0.017930415328805935,870.6927804658771,0.9959156094716551,2
2026-07-10,210790.50469997054,-0.01118883700756479,-0.011188837007564859,870.6927804658771,0.9958693927807366,2
2026-07-13,213091.9822541501,0.010918317015538026,0.010918317015538317,870.6927804658771,0.9959140049698002,2
2026-07-14,217104.80733154947,0.01883142216309852,0.018831422163098327,870.6927804658771,0.9959895278636728,2
2026-07-15,215383.32977736992,-0.007929246594482908,-0.00792924659448299,870.6927804658771,0.9959574736755817,2
2026-07-16,217829.80733154947,0.011358713586183011,0.011358713586183152,870.6927804658771,0.9960028758638131,2
2026-07-17,214764.54726962995,-0.014071811840029813,-0.014071811840029745,870.6927804658771,0.9959458262942591,2
2026-07-20,218419.93736250923,0.01702045397786267,0.017020453977862657,870.6927804658771,0.9960136753495136,2
2026-07-21,225565.45748634823,0.03271459652503994,0.03271459652504,870.6927804658771,0.9961399551590536,2
2026-07-22,217462.2423160696,-0.035924007428172144,-0.035924007428172144,870.6927804658771,0.9959961197346601,2
2026-07-23,219396.1548547693,0.008893095730563072,0.008893095730563088,870.6927804658771,0.9960314127608926,2
2026-07-24,223476.4149166888,0.01859768264681061,0.01859768264681054,870.6927804658771,0.9961038717182282,2
2026-07-27,224646.54494764854,0.0052360336610730585,0.00523603366107322,870.6927804658771,0.9961241657169988,2
2026-07-28,224356.54494764854,-0.00129091680474136,-0.0012909168047413604,870.6927804658771,0.9961191558700949,2
2026-07-29,229413.0225018281,0.022537686856246797,0.02253768685624685,870.6927804658771,0.9962046933039342,2
2026-07-30,226086.4149166888,-0.014500517663999513,-0.014500517663999608,870.6927804658771,0.9961488496299669,2
2026-07-31,227072.76243990858,0.004362701419204029,0.004362701419204026,870.6927804658771,0.9961655780679716,2
2026-08-03,226125.1974244287,-0.00417295762511638,-0.004172957625116442,870.6927804658771,0.996149510136937,2
2026-08-04,224701.6057576739,-0.00629559059746343,-0.005472919557730589,1099.6057576739113,0.9951063733880934,2
2026-08-05,217521.6057576739,-0.03195348771892248,-0.03195348771892262,1099.6057576739113,0.9949448435071829,2
2026-08-06,214603.6057576739,-0.013414759374527407,-0.013414759374527234,1099.6057576739113,0.9948761077252561,2
2026-08-07,213969.6057576739,-0.002954284005441621,-0.0029542840054416807,1099.6057576739113,0.9948609254394792,2
2026-08-10,212909.6057576739,-0.004953974636942027,-0.004953974636942046,1099.6057576739113,0.9948353398440584,2
2026-08-11,213827.6057576739,0.004311688975859651,0.004311688975859764,1099.6057576739113,0.9948575126500735,2
2026-08-12,214209.6057576739,0.0017864858872942424,0.001786485887294225,1099.6057576739113,0.994866683248006,2
2026-08-13,212111.6057576739,-0.009794145283911204,-0.009794145283911182,1099.6057576739113,0.9948159095126075,2
2026-08-14,214931.6057576739,0.01329488780176269,0.01329488780176253,1099.6057576739113,0.9948839271274339,2
2026-08-17,214089.6057576739,-0.003917525284528489,-0.003917525284528501,1099.6057576739113,0.9948638059574058,2
2026-08-18,213947.6057576739,-0.0006632736769142111,-0.000663273676914152,1099.6057576739113,0.9948603969940221,2
2026-08-19,219313.6057576739,0.025080906986534535,0.025080906986534597,1099.6057576739113,0.9949861489264423,2
2026-08-20,220701.6057576739,0.006328836714005082,0.006328836714005045,1099.6057576739113,0.9950176812085307,2
2026-08-21,222505.6057576739,0.008173932372656845,0.008173932372656872,1099.6057576739113,0.9950580761597914,2
2026-08-24,221663.6057576739,-0.00378417432285727,-0.00378417432285732,1099.6057576739113,0.9950393040214458,2
2026-08-25,226231.6057576739,0.020607803362153287,0.020607803362153267,1099.6057576739113,0.9951394688907802,2
2026-08-26,224701.6057576739,-0.0067629807730704705,-0.006762980773070462,1099.6057576739113,0.9951063733880934,2
2026-08-27,225313.6057576739,0.0027236120451226142,0.002723612045122569,1099.6057576739113,0.9951196655258514,2
2026-08-28,222909.6057576739,-0.010669573157448431,-0.01066957315744837,1099.6057576739113,0.995067032872198,2
2026-08-31,225837.6057576739,0.013135369335240954,0.013135369335241056,1099.6057576739113,0.9951309891282951,2
2026-09-01,228427.6057576739,0.011468417721267832,0.01146841772126769,1099.6057576739113,0.9951861958451711,2
2026-09-02,233296.47814909596,0.021314728468446065,0.022965700588593478,21.47814909594308,0.9999079362480464,2
2026-09-03,233016.47814909596,-0.0012001895708904087,-0.0012001895708903102,21.47814909594308,0.9999078256213184,2
2026-09-04,228641.47814909596,-0.018775496199889607,-0.01877549619988962,21.47814909594308,0.9999060618866278,2
2026-09-07,230846.47814909596,0.009643919457877681,0.0096439194578778,21.47814909594308,0.9999069591649473,2
2026-09-08,224301.47814909596,-0.028352176097626303,-0.02835217609762629,21.47814909594308,0.9999042442819673,2
2026-09-09,223496.47814909596,-0.003588919728228057,-0.003588919728227993,21.47814909594308,0.9999038993845727,2
2026-09-10,226926.47814909596,0.015346997985855593,0.015346997985855662,21.47814909594308,0.9999053519480355,2
2026-09-11,230006.47814909596,0.013572677922478293,0.013572677922478411,21.47814909594308,0.9999066193732072,2
2026-09-14,230846.47814909596,0.0036520710493010977,0.003652071049301032,21.47814909594308,0.9999069591649473,2
2026-09-15,232806.47814909596,0.008490491237791886,0.00849049123779173,21.47814909594308,0.999907742476641,2
2026-09-16,229271.47814909596,-0.015184285369138628,-0.015184285369138507,21.47814909594308,0.9999063200129849,2
2026-09-17,228326.47814909596,-0.0041217512428015635,-0.004121751242801603,21.47814909594308,0.9999059322892813,2
2026-09-18,228466.47814909596,0.0006131570947658371,0.0006131570947656625,21.47814909594308,0.9999059899322214,2
2026-09-21,227206.47814909596,-0.005515032271726672,-0.0055150322717265905,21.47814909594308,0.9999054685884359,2
2026-09-22,229761.47814909596,0.011245277955161948,0.01124527795516181,21.47814909594308,0.9999065197992762,2
2026-09-23,230216.47814909596,0.00198031455779879,0.0019803145577987806,21.47814909594308,0.999906704553607,2
2026-09-24,228818.74797021595,-0.006071373300979732,-0.005017017067092788,228818.74797021595,0.0,0
