date,equity,daily_return,matched_return,cash,exposure,holdings
2023-01-03,100000.0,0.0,0.0,100000.0,0.0,0
2023-01-04,99944.287921184,-0.0005571207881599483,0.0,472.2879211840045,0.9952744881072498,2
2023-01-05,101350.287921184,0.01406783748470719,0.014067837484707104,472.2879211840045,0.995340043616341,2
2023-01-06,101086.287921184,-0.0026048273311793935,-0.002604827331179393,472.2879211840045,0.9953278735336266,2
2023-01-09,100998.287921184,-0.0008705433922809869,-0.0008705433922809588,472.2879211840045,0.995323802700967,2
2023-01-10,100664.287921184,-0.003306986750712504,-0.0033069867507124935,472.2879211840045,0.9953082872691278,2
2023-01-11,99996.287921184,-0.006635918395638152,-0.006635918395638142,472.2879211840045,0.9952769454646531,2
2023-01-12,100664.287921184,0.00668024797606992,0.006680247976069962,472.2879211840045,0.9953082872691278,2
2023-01-13,100312.287921184,-0.0034967713701565817,-0.003496771370156634,472.2879211840045,0.9952918238535733,2
2023-01-16,101226.287921184,0.009111545743210714,0.009111545743210846,472.2879211840045,0.9953343352711725,2
2023-01-17,100734.287921184,-0.004860397532141847,-0.004860397532141868,472.2879211840045,0.9953115475283497,2
2023-01-18,100874.287921184,0.0013897949038914614,0.0013897949038914744,472.2879211840045,0.9953180544723843,2
2023-01-19,100804.287921184,-0.0006939330273606492,-0.0006939330273605651,472.2879211840045,0.9953148032596265,2
2023-01-20,100892.287921184,0.0008729787374601727,0.0008729787374600193,472.2879211840045,0.9953188897693256,2
2023-01-30,101472.287921184,0.005748704999663401,0.0057487049996635085,472.2879211840045,0.9953456462758498,2
2023-01-31,101138.287921184,-0.0032915390678824874,-0.003291539067882587,472.2879211840045,0.9953302756958665,2
2023-02-01,100716.287921184,-0.004172504880929573,-0.0041725048809294904,472.2879211840045,0.9953107096088212,2
2023-02-02,100718.22493821202,1.9232410844338688e-05,0.0008737414952075326,262.2249382120135,0.9973964499635206,2
2023-02-03,100562.22493821202,-0.0015488755892560935,-0.001548875589256115,262.2249382120135,0.9973924111327773,2
2023-02-06,100234.22493821202,-0.003261662122149067,-0.0032616621221490142,262.2249382120135,0.997383878227485,2
2023-02-07,100406.22493821202,0.001715980745159884,0.001715980745159913,262.2249382120135,0.9973883597518641,2
2023-02-08,100406.22493821202,0.0,0.0,262.2249382120135,0.9973883597518641,2
2023-02-09,100734.22493821202,0.0032667297291761876,0.003266729729176185,262.2249382120135,0.9973968634952732,2
2023-02-10,100734.22493821202,0.0,0.0,262.2249382120135,0.9973968634952732,2
2023-02-13,100874.22493821202,0.0013897957728454813,0.0013897957728454713,262.2249382120135,0.9974004763023196,2
2023-02-14,100562.22493821202,-0.0030929605673908345,-0.003092960567390786,262.2249382120135,0.9973924111327773,2
2023-02-15,100562.22493821202,0.0,0.0,262.2249382120135,0.9973924111327773,2
2023-02-16,100234.22493821202,-0.003261662122149067,-0.0032616621221490142,262.2249382120135,0.997383878227485,2
2023-02-17,100546.22493821202,0.0031127092586622496,0.003112709258662223,262.2249382120135,0.9973919961851062,2
2023-02-20,100718.22493821202,0.0017106559704822555,0.0017106559704822073,262.2249382120135,0.9973964499635206,2
2023-02-21,101374.22493821202,0.006513220426615396,0.0065132204266152936,262.2249382120135,0.9974132977256117,2
2023-02-22,101374.22493821202,0.0,0.0,262.2249382120135,0.9974132977256117,2
2023-02-23,101374.22493821202,0.0,0.0,262.2249382120135,0.9974132977256117,2
2023-02-24,101202.22493821202,-0.0016966837488013864,-0.0016966837488012721,262.2249382120135,0.9974089014508117,2
2023-02-27,100890.22493821202,-0.003082936172504991,-0.003082936172505,262.2249382120135,0.9974008885561251,2
2023-02-28,100890.22493821202,0.0,0.0,262.2249382120135,0.9974008885561251,2
2023-03-01,101046.22493821202,0.0015462350301582717,0.0015462350301581372,262.2249382120135,0.9974049011888136,2
2023-03-02,101202.22493821202,0.00154384787848727,0.0015438478784872273,262.2249382120135,0.9974089014508117,2
2023-03-03,101842.22493821202,0.006323971635907588,0.0063239716359075986,262.2249382120135,0.9974251845109323,2
2023-03-06,103154.22493821202,0.012882672200023038,0.012882672200023112,262.2249382120135,0.997457933125191,2
2023-03-07,102982.22493821202,-0.00166740625605033,-0.0016674062560503224,262.2249382120135,0.9974536873876113,2
2023-03-08,103826.22493821202,0.0081955890980836,0.008195589098083468,262.2249382120135,0.9974743862798818,2
2023-03-09,104138.22493821202,0.0030050211320471476,0.003005021132047111,262.2249382120135,0.9974819530641356,2
2023-03-10,103810.22493821202,-0.003149659985030584,-0.0031496599850304634,262.2249382120135,0.9974739970136073,2
2023-03-13,102842.22493821202,-0.00932470766320137,-0.009324707663201388,262.2249382120135,0.9974502210704838,2
2023-03-14,103498.22493821202,0.006378702915015078,0.00637870291501501,262.2249382120135,0.9974663822653136,2
2023-03-15,104466.22493821202,0.009352817408973868,0.009352817408973757,262.2249382120135,0.9974898591543141,2
2023-03-16,105262.22493821202,0.007619687611673642,0.007619687611673486,262.2249382120135,0.9975088410076269,2
2023-03-17,107994.22493821202,0.025954230034598513,0.02595423003459841,262.2249382120135,0.9975718614734996,2
2023-03-20,107370.22493821202,-0.005778086748222111,-0.005778086748222009,262.2249382120135,0.9975577499407967,2
2023-03-21,108354.22493821202,0.009164551909677465,0.009164551909677457,262.2249382120135,0.997579928808853,2
2023-03-22,106402.22493821202,-0.018014987427699358,-0.01801498742769931,262.2249382120135,0.9975355314387054,2
2023-03-23,106902.22493821202,0.004699149856033147,0.004699149856033021,262.2249382120135,0.9975470581799062,2
2023-03-24,107698.22493821202,0.00744605643577656,0.0074460564357765185,262.2249382120135,0.9975651879280047,2
2023-03-27,105762.22493821202,-0.01797615514193207,-0.01797615514193212,262.2249382120135,0.9975206181756746,2
2023-03-28,105294.22493821202,-0.004425020372570754,-0.004425020372570749,262.2249382120135,0.9975095980965157,2
2023-03-29,105966.22493821202,0.0063821164018667,0.0063821164018667016,262.2249382120135,0.9975253913370518,2
2023-03-30,106794.22493821202,0.007813810489925466,0.00781381048992539,262.2249382120135,0.997544577542805,2
2023-03-31,106638.22493821202,-0.0014607531455025358,-0.0014607531455025442,262.2249382120135,0.9975409855296826,2
2023-04-03,106482.22493821202,-0.0014628900667691402,-0.0014628900667691272,262.2249382120135,0.997537382991723,2
2023-04-04,106143.86941463102,-0.0031775775137807827,-0.003080326319160916,224.8694146310135,0.9978814658267958,2
2023-04-06,107783.86941463102,0.015450727480017301,0.015450727480017093,224.8694146310135,0.9979137006691978,2
2023-04-07,108781.86941463102,0.009259270477299575,0.009259270477299473,224.8694146310135,0.9979328410530076,2
2023-04-10,108282.86941463102,-0.0045871614698771435,-0.004587161469877142,224.8694146310135,0.9979233149634227,2
2023-04-11,108439.86941463102,0.0014499061656634282,0.001449906165663354,224.8694146310135,0.9979263216025168,2
2023-04-12,109437.86941463102,0.009203257117398778,0.009203257117398883,224.8694146310135,0.9979452321592717,2
2023-04-13,110250.86941463102,0.007428872695974809,0.007428872695974821,224.8694146310135,0.9979603842053587,2
2023-04-14,111377.86941463102,0.010222141611977431,0.010222141611977436,224.8694146310135,0.9979810224794848,2
2023-04-17,110393.86941463102,-0.008834789219542505,-0.00883478921954261,224.8694146310135,0.99796302624572,2
2023-04-18,112860.86941463102,0.022347255450700265,0.022347255450700234,224.8694146310135,0.9980075519903636,2
2023-04-19,114200.86941463102,0.01187302567267201,0.011873025672672007,224.8694146310135,0.998030930799532,2
2023-04-20,114542.86941463102,0.002994723260453469,0.0029947232604534174,224.8694146310135,0.998036810010259,2
2023-04-21,114214.86941463102,-0.0028635566899645193,-0.002863556689964474,224.8694146310135,0.9980311721601267,2
2023-04-24,113544.86941463102,-0.00586613637465816,-0.00586613637465825,224.8694146310135,0.998019554597312,2
2023-04-25,114657.86941463102,0.00980229230733154,0.009802292307331584,224.8694146310135,0.9980387790582622,2
2023-04-26,116325.86941463102,0.014547627725124634,0.01454762772512451,224.8694146310135,0.9980669010619685,2
2023-04-27,115655.86941463102,-0.005759681860720622,-0.005759681860720492,224.8694146310135,0.9980557025270819,2
2023-04-28,115997.86941463102,0.002957048368845916,0.002957048368845925,224.8694146310135,0.9980614349576782,2
2023-05-04,115840.86941463102,-0.0013534731352591312,-0.0013534731352591333,224.8694146310135,0.9980588076059225,2
2023-05-05,123309.55114476001,0.0644736332511131,0.06451954338540226,612.5511447600136,0.995032411203566,2
2023-05-08,126660.55114476001,0.02717551048471556,0.027175510484715674,612.5511447600136,0.9951638364177026,2
2023-05-09,140184.55114476001,0.10677357612745153,0.10677357612745147,612.5511447600136,0.9956303947920233,2
2023-05-10,135012.55114476001,-0.036894222350216,-0.03689422235021592,612.5511447600136,0.9954630059237735,2
2023-05-11,128628.55114476001,-0.04728449278137925,-0.04728449278137928,612.5511447600136,0.9952378290876445,2
2023-05-12,126399.55114476001,-0.017328967637141868,-0.01732896763714186,612.5511447600136,0.9951538503166163,2
2023-05-15,125277.55114476001,-0.008876613799957411,-0.008876613799957595,612.5511447600136,0.9951104476487396,2
2023-05-16,126399.55114476001,0.00895611376297989,0.008956113762979986,612.5511447600136,0.9951538503166163,2
2023-05-17,126897.55114476001,0.003939887408537235,0.003939887408537164,612.5511447600136,0.9951728686705605,2
2023-05-18,126897.55114476001,0.0,0.0,612.5511447600136,0.9951728686705605,2
2023-05-19,128904.55114476001,0.015815908044675364,0.015815908044675333,612.5511447600136,0.9952480254628704,2
2023-05-22,127551.55114476001,-0.010496138328588422,-0.010496138328588504,612.5511447600136,0.9951976190076683,2
2023-05-23,126912.55114476001,-0.005009739154601012,-0.005009739154600894,612.5511447600136,0.9951734391970316,2
2023-05-24,122832.55114476001,-0.03214812060113925,-0.032148120601139474,612.5511447600136,0.9950131203899029,2
2023-05-25,118797.55114476001,-0.03284959859902847,-0.03284959859902842,612.5511447600136,0.9948437392954878,2
2023-05-26,119793.55114476001,0.00838401120563792,0.008384011205637802,612.5511447600136,0.9948866100144256,2
2023-05-29,121317.55114476001,0.012721886824762274,0.012721886824762153,612.5511447600136,0.9949508447954979,2
2023-05-30,123093.55114476001,0.014639266810462015,0.014639266810461843,612.5511447600136,0.9950236942629136,2
2023-05-31,121770.55114476001,-0.010747922922819342,-0.010747922922819265,612.5511447600136,0.9949696282146919,2
2023-06-01,121299.75274542236,-0.0038662746855597785,-0.0038662746855599064,612.5511447600136,0.9949501039293492,2
2023-06-02,120761.21439778643,-0.004439731618960385,-0.004352912214842459,301.0199725070137,0.9975073124760451,2
2023-06-05,120296.23592393518,-0.0038503958093665247,-0.0038503958093665308,301.0199725070137,0.9974976775441473,2
2023-06-06,123093.17852087184,0.023250458133246887,0.023250458133247068,301.0199725070137,0.9975545357092557,2
2023-06-07,123886.14981934018,0.006442040964389273,0.00644204096438925,301.0199725070137,0.9975701886534857,2
2023-06-08,126200.10676704267,0.018678092353962672,0.0186780923539627,301.0199725070137,0.9976147407461178,2
2023-06-09,128979.04218859643,0.022020071874293334,0.022020071874293213,301.0199725070137,0.9976661326724162,2
2023-06-12,127494.0708901281,-0.011513275903359266,-0.01151327590335929,301.0199725070137,0.9976389492436364,2
2023-06-13,125908.12829319143,-0.012439343930773061,-0.012439343930773129,301.0199725070137,0.9976092093768081,2
2023-06-14,126719.10676704267,0.006441033512648131,0.006441033512648009,301.0199725070137,0.997624509987587,2
2023-06-15,124041.14264395727,-0.021133072915424767,-0.021133072915424777,301.0199725070137,0.9975732247696956,2
2023-06-16,125079.14264395727,0.008368191213615539,0.008368191213615544,301.0199725070137,0.9975933639602578,2
2023-06-19,123612.17852087184,-0.011728287323340525,-0.011728287323340424,301.0199725070137,0.9975648032733588,2
2023-06-20,121972.21439778643,-0.013267010926504286,-0.013267010926504383,301.0199725070137,0.9975320611010201,2
2023-06-21,120833.2430993181,-0.009337957042854117,-0.009337957042854138,301.0199725070137,0.9975087983671879,2
2023-06-26,121179.2430993181,0.002863450414184454,0.002863450414184433,301.0199725070137,0.9975159114316278,2
2023-06-27,118746.30767776434,-0.020077163046477664,-0.020077163046477567,301.0199725070137,0.9974650161475009,2
2023-06-28,121024.25027470101,0.01918327097056527,0.019183270970565082,301.0199725070137,0.9975127301195937,2
2023-06-29,121006.2430993181,-0.00014878981148025439,-0.0001487898114802236,301.0199725070137,0.9975123599841047,2
2023-06-30,120660.2430993181,-0.002859356601262464,-0.0028593566012623133,301.0199725070137,0.997505226537135,2
2023-07-03,122300.20722240351,0.013591586432786462,0.013591586432786476,301.0199725070137,0.9975386797835951,2
2023-07-04,124603.74762429802,0.018835130816299506,0.01892030275545291,254.60342669901377,0.9979566952715845,2
2023-07-05,122651.79785197844,-0.015665257342058814,-0.0156652573420588,254.60342669901377,0.997924176969617,2
2023-07-06,121979.80502736136,-0.005478866485333245,-0.005478866485333279,254.60342669901377,0.9979127411570964,2
2023-07-07,120823.82655351011,-0.009476802111562321,-0.009476802111562231,254.60342669901377,0.9978927713683504,2
2023-07-10,121479.81220274427,0.00542927391017245,0.005429273910172387,254.60342669901377,0.9979041503103899,2
2023-07-11,121479.81220274427,0.0,0.0,254.60342669901377,0.9979041503103899,2
2023-07-12,122431.77632582969,0.007836397717644106,0.007836397717644,254.60342669901377,0.9979204465185456,2
2023-07-13,122775.77632582969,0.002809728081413443,0.002809728081413274,254.60342669901377,0.9979262731271734,2
2023-07-14,124587.7404489151,0.01475831941210215,0.014758319412102382,254.60342669901377,0.9979564327454561,2
2023-07-17,125091.24313968369,0.00404135020792884,0.004041350207928641,254.60342669901377,0.997964658274163,2
2023-07-18,125433.23251269115,0.002733919372961857,0.0027339193729616503,254.60342669901377,0.9979702075630296,2
2023-07-19,123742.8269445987,-0.013476536753698198,-0.013476536753698146,254.60342669901377,0.9979424793098269,2
2023-07-20,124073.89911239226,0.0026754857309165825,0.0026754857309167937,254.60342669901377,0.9979479694881808,2
2023-07-21,124256.95756085137,0.0014753985307842665,0.0014753985307841583,254.60342669901377,0.997950992590702,2
2023-07-24,124422.49364474815,0.0013322077664399412,0.0013322077664399952,254.60342669901377,0.997953718662592,2
2023-07-25,124971.6689901254,0.004413794719026143,0.004413794719026181,254.60342669901377,0.9979627108387331,2
2023-07-26,127028.19145513601,0.01645590942034314,0.016455909420343272,254.60342669901377,0.9979956935245438,2
2023-07-27,126880.17773580154,-0.001165203705090545,-0.0011652037050904995,254.60342669901377,0.9979933553747917,2
2023-07-28,128109.01978132823,0.009685059301268284,0.009685059301268284,254.60342669901377,0.9980126034284424,2
2023-07-31,131908.5149081182,0.029658295202596996,0.02965829520259712,254.60342669901377,0.9980698484333907,2
2023-08-01,131063.31212407198,-0.006407492227737954,-0.006407492227738022,254.60342669901377,0.9980574012469791,2
2023-08-02,130887.0704294712,-0.0013447065524632151,-0.001263023810508328,575.8978159950138,0.9956000404462766,2
2023-08-03,127910.73335760285,-0.022739733283832386,-0.022739733283832296,575.8978159950138,0.9954976583991199,2
2023-08-04,129829.76446784129,0.0150028935013089,0.015002893501309001,575.8978159950138,0.9955642081124034,2
2023-08-07,129301.11148702634,-0.0040718935521592,-0.004071893552159346,575.8978159950138,0.9955460721924823,2
2023-08-08,128424.8639738555,-0.006776797995729167,-0.00677679799572903,575.8978159950138,0.9955156828812195,2
2023-08-09,127910.73335760285,-0.004003357296584964,-0.004003357296584927,575.8978159950138,0.9954976583991199,2
2023-08-10,128272.85025452102,0.0028310125930228747,0.0028310125930229965,575.8978159950138,0.9955103686021453,2
2023-08-11,128091.79180606194,-0.0014115102930964962,-0.0014115102930964982,575.8978159950138,0.9955040224836033,2
2023-08-14,125129.97709875587,-0.023122595644461064,-0.02312259564446109,575.8978159950138,0.9953976031215884,2
2023-08-15,124615.84648250323,-0.0041087725593275115,-0.004108772559327551,575.8978159950138,0.9953786149013089,2
2023-08-16,126867.94976053522,0.01807236673024737,0.01807236673024723,575.8978159950138,0.995460651669062,2
2023-08-17,126867.94976053522,0.0,0.0,575.8978159950138,0.995460651669062,2
2023-08-18,126006.22461192671,-0.006792299790727485,-0.006792299790727499,575.8978159950138,0.9954296081977801,2
2023-08-21,127244.5890220157,0.00982780345893941,0.00982780345893933,575.8978159950138,0.995474087971667,2
2023-08-22,124796.90493096232,-0.019236056400244173,-0.0192360564002442,575.8978159950138,0.995385319721562,2
2023-08-23,126701.41367663846,0.01526086521720793,0.015260865217207945,575.8978159950138,0.9954546851587245,2
2023-08-24,127548.61646068467,0.006686608771456992,0.006686608771457244,575.8978159950138,0.9954848760262912,2
2023-08-25,126006.22461192671,-0.012092580002491693,-0.012092580002491797,575.8978159950138,0.9954296081977801,2
2023-08-28,131191.09786814015,0.041147754979421025,0.041147754979421025,575.8978159950138,0.9956102370865603,2
2023-08-29,128272.85025452102,-0.022244250265763044,-0.02224425026576326,575.8978159950138,0.9955103686021453,2
2023-08-30,126867.94976053522,-0.010952438424796651,-0.0109524384247966,575.8978159950138,0.995460651669062,2
2023-08-31,126035.2693410513,-0.006563363095688168,-0.006563363095688187,575.8978159950138,0.995430661440992,2
2023-09-01,125673.15244413314,-0.0028731393903580482,-0.0028731393903581094,575.8978159950138,0.9954174952661347,2
2023-09-04,124987.3704228677,-0.005456869728562852,-0.005416166356231146,198.78249487901383,0.9984095793502458,2
2023-09-05,125517.02340368266,0.004237652004542625,0.004237652004542301,198.78249487901383,0.9984162905597299,2
2023-09-06,124819.8343389709,-0.005554537908929569,-0.005554537908929349,198.78249487901383,0.99840744465067,2
2023-09-07,125168.42887132677,0.0027927815655419685,0.00279278156554189,198.78249487901383,0.9984118799231445,2
2023-09-08,124819.8343389709,-0.002785003658663965,-0.002785003658664022,198.78249487901383,0.99840744465067,2
2023-09-11,124484.76217117734,-0.002684446502978166,-0.0026844465029782555,198.78249487901383,0.9984031580137843,2
2023-09-12,124136.16763882147,-0.0028002988179108845,-0.002800298817910965,198.78249487901383,0.9983986738219809,2
2023-09-13,123968.63155492468,-0.0013496154028553864,-0.001349615402855364,198.78249487901383,0.9983965097268099,2
2023-09-14,124484.76217117734,0.004163396899513172,0.004163396899513149,198.78249487901383,0.9984031580137843,2
2023-09-15,126241.25719751898,0.014110120754589284,0.014110120754589388,198.78249487901383,0.9984253761465003,2
2023-09-18,125195.47360045137,-0.008284008099122109,-0.008284008099122164,198.78249487901383,0.9984122229888805,2
2023-09-19,125014.41515199229,-0.0014462060268800592,-0.0014462060268800952,198.78249487901383,0.9984099234105337,2
2023-09-20,126770.91017833396,0.014050339908450837,0.014050339908450645,198.78249487901383,0.998431954976111,2
2023-09-21,128527.4052046756,0.013855663131791873,0.013855663131791944,198.78249487901383,0.998453384361394,2
2023-09-22,127649.15769150478,-0.006833153690236293,-0.0068331536902362855,198.78249487901383,0.9984427433876265,2
2023-09-25,128694.94128857239,0.008192640014084596,0.008192640014084604,198.78249487901383,0.998455397757762,2
2023-09-26,129573.1888017432,0.006824258237171366,0.006824258237171249,198.78249487901383,0.9984658670769988,2
2023-09-27,129070.58055005287,-0.003878952554446813,-0.0038789525544469113,198.78249487901383,0.9984598930753091,2
2023-09-28,127676.20242062939,-0.010803221954074571,-0.010803221954074523,198.78249487901383,0.9984430732500633,2
2023-10-09,127676.20242062939,0.0,0.0,198.78249487901383,0.9984430732500633,2
2023-10-10,128264.88167514862,0.004610720270170843,0.0054606030841586,107.84022987762728,0.9991592380668097,2
2023-10-11,128722.9985720668,0.0035716471331446176,0.003571647133144589,107.84022987762728,0.9991622302846118,2
2023-10-12,132391.46615973947,0.02849892892775374,0.028498928927753832,107.84022987762728,0.9991854442510101,2
2023-10-13,131475.23236590315,-0.006920640887312368,-0.006920640887312492,107.84022987762728,0.9991797677179418,2
2023-10-16,134685.58305665763,0.02441791227886858,0.024417912278868865,107.84022987762728,0.9991993186840773,2
2023-10-17,134431.46615973947,-0.0018867416330020648,-0.0018867416330021107,107.84022987762728,0.9991978051496554,2
2023-10-18,134711.52460819855,0.0020832804733847965,0.0020832804733848,107.84022987762728,0.9991994728721891,2
2023-10-19,135067.64150511674,0.00264355182642273,0.002643551826422507,107.84022987762728,0.9992015835275132,2
2023-10-20,132317.17391744404,-0.02036363082247572,-0.02036363082247564,107.84022987762728,0.9991849869016632,2
2023-10-23,131527.11546898496,-0.005970944096433173,-0.005970944096433124,107.84022987762728,0.9991800912724871,2
2023-10-24,131679.23236590315,0.0011565440052097031,0.0011565440052095782,107.84022987762728,0.9991810384375726,2
2023-10-25,130558.9985720668,-0.008507292863946136,-0.008507292863946083,107.84022987762728,0.9991740115115995,2
2023-10-26,128190.58943285319,-0.018140527769951342,-0.01814052776995123,107.84022987762728,0.9991587508072571,2
2023-10-27,130941.05702052588,0.021456080355363394,0.021456080355363408,107.84022987762728,0.9991764215721832,2
2023-10-30,130023.05702052588,-0.007010788066695528,-0.007010788066695513,107.84022987762728,0.9991706068727441,2
2023-10-31,126864.58943285319,-0.024291596121863934,-0.024291596121863927,107.84022987762728,0.9991499579956888,2
2023-11-01,127780.82322668954,0.007222139747051326,0.007222139747051321,107.84022987762728,0.999156053098153,2
2023-11-02,128694.68431150123,0.00715178586062537,0.007968596289522607,586.6843115012307,0.99544127005214,2
2023-11-03,129306.68431150123,0.004755441168950547,0.004755441168950547,586.6843115012307,0.9954628462200152,2
2023-11-06,128260.68431150123,-0.008089295658375795,-0.008089295658375809,586.6843115012307,0.9954258445239823,2
2023-11-07,126940.68431150123,-0.010291540288325352,-0.01029154028832543,586.6843115012307,0.9953782799054276,2
2023-11-08,127144.68431150123,0.0016070497894860036,0.0016070497894859225,586.6843115012307,0.9953856953227878,2
2023-11-09,127316.68431150123,0.0013527895478397944,0.0013527895478399666,586.6843115012307,0.9953919290729736,2
2023-11-10,129580.68431150123,0.01778242979106137,0.017782429791061354,586.6843115012307,0.995472440089212,2
2023-11-13,129918.68431150123,0.0026084134514019475,0.0026084134514020568,586.6843115012307,0.9954842191128217,2
2023-11-14,129108.68431150123,-0.006234669049279273,-0.0062346690492792725,586.6843115012307,0.9954558880788705,2
2023-11-15,129714.68431150123,0.004693719893682058,0.004693719893682068,586.6843115012307,0.9954771172237343,2
2023-11-16,129510.68431150123,-0.0015726823919958166,-0.001572682391995871,586.6843115012307,0.9954699929614291,2
2023-11-17,130084.68431150123,0.004432066767707132,0.004432066767706917,586.6843115012307,0.9954899816638186,2
2023-11-20,129714.68431150123,-0.0028443010178968997,-0.0028443010178968494,586.6843115012307,0.9954771172237343,2
2023-11-21,130320.68431150123,0.004671791811517112,0.004671791811517042,586.6843115012307,0.9954981489346779,2
2023-11-22,130084.68431150123,-0.0018109174399045802,-0.001810917439904644,586.6843115012307,0.9954899816638186,2
2023-11-23,130116.68431150123,0.00024599360154775596,0.0002459936015478259,586.6843115012307,0.9954910908266252,2
2023-11-24,129880.68431150123,-0.0018137566388873871,-0.0018137566388873381,586.6843115012307,0.9954828979027078,2
2023-11-27,129950.68431150123,0.0005389561994615377,0.000538956199461459,586.6843115012307,0.9954853311114937,2
2023-11-28,129408.68431150123,-0.004170812973179783,-0.004170812973179712,586.6843115012307,0.995466422407255,2
2023-11-29,129510.68431150123,0.000788200579757703,0.000788200579757671,586.6843115012307,0.9954699929614291,2
2023-11-30,129070.68431150123,-0.0033974030971970492,-0.0033974030971970926,586.6843115012307,0.9954545502363239,2
2023-12-01,130084.68431150123,0.00785616040860826,0.007856160408608264,586.6843115012307,0.9954899816638186,2
2023-12-04,130006.52154375322,-0.0006008606482900136,0.0002459936015478259,685.521543753217,0.9947270218784947,2
2023-12-05,130571.52154375322,0.004345935829148884,0.004345935829148865,685.521543753217,0.9947498387424129,2
2023-12-06,129220.52154375322,-0.010346819766110293,-0.010346819766110366,685.521543753217,0.9946949483289224,2
2023-12-07,127970.52154375322,-0.009673386123710714,-0.009673386123710648,685.521543753217,0.9946431292497403,2
2023-12-08,128453.52154375322,0.0037743067244970785,0.003774306724497295,685.521543753217,0.9946632716992526,2
2023-12-11,127730.52154375322,-0.005628494970873477,-0.005628494970873475,685.521543753217,0.9946330639265542,2
2023-12-12,127932.52154375322,0.0015814544367205308,0.0015814544367205052,685.521543753217,0.9946415380899158,2
2023-12-13,129908.52154375322,0.015445642563405526,0.015445642563405745,685.521543753217,0.994723044065109,2
2023-12-14,129968.52154375322,0.0004618634658219989,0.0004618634658219233,685.521543753217,0.9947254801731168,2
2023-12-15,129545.52154375322,-0.0032546342373956927,-0.0032546342373957994,685.521543753217,0.9947082574867577,2
2023-12-18,127509.52154375322,-0.015716483099821765,-0.015716483099821786,685.521543753217,0.9946237619320217,2
2023-12-19,129766.52154375322,0.017700638922290457,0.01770063892229055,685.521543753217,0.994717269634741,2
2023-12-20,129908.52154375322,0.0010942729936096462,0.0010942729936096972,685.521543753217,0.994723044065109,2
2023-12-21,129201.52154375322,-0.005442291172268354,-0.005442291172268364,685.521543753217,0.9946941681834524,2
2023-12-22,129564.52154375322,0.0028095644359502625,0.002809564435950265,685.521543753217,0.9947090334947772,2
2023-12-25,129564.52154375322,0.0,0.0,685.521543753217,0.9947090334947772,2
2023-12-26,130350.52154375322,0.00606647553384887,0.00606647553384866,685.521543753217,0.9947409374689528,2
2023-12-27,130814.52154375322,0.0035596328614937445,0.0035596328614938546,685.521543753217,0.9947595913996143,2
2023-12-28,132045.52154375322,0.009410270247315555,0.009410270247315543,685.521543753217,0.9948084453320435,2
2023-12-29,130170.52154375322,-0.014199648561187383,-0.014199648561187316,685.521543753217,0.9947336652290911,2
2024-01-02,130675.52154375322,0.0038795265933559975,0.0038795265933558513,685.521543753217,0.9947540171590309,2
2024-01-03,131390.7424715622,0.0054732586436971875,0.005555745953207501,527.742471562217,0.9959834120605839,2
2024-01-04,132542.7424715622,0.008767741001610707,0.008767741001610763,527.742471562217,0.9960183223787192,2
2024-01-05,134609.7424715622,0.015594969301646167,0.015594969301646167,527.742471562217,0.9960794630323753,2
2024-01-08,134183.7424715622,-0.003164704071029645,-0.0031647040710295737,527.742471562217,0.9960670163028577,2
2024-01-09,133694.7424715622,-0.0036442566811224486,-0.003644256681122412,527.742471562217,0.9960526310772881,2
2024-01-10,133857.7424715622,0.0012191952876132728,0.001219195287613205,527.742471562217,0.9960574378305064,2
2024-01-11,131716.7424715622,-0.015994592172767663,-0.01599459217276763,527.742471562217,0.9959933531481304,2
2024-01-12,130238.74247156222,-0.011221048837577241,-0.011221048837577385,527.742471562217,0.9959478841583759,2
2024-01-15,131716.7424715622,0.011348389672318104,0.011348389672318306,527.742471562217,0.9959933531481304,2
2024-01-16,132079.7424715622,0.002755913889066708,0.0027559138890667256,527.742471562217,0.9960043647747433,2
2024-01-17,132605.7424715622,0.003982442652878726,0.003982442652878769,527.742471562217,0.9960202140440835,2
2024-01-18,131616.7424715622,-0.0074581988801284416,-0.007458198880128306,527.742471562217,0.9959903089709409,2
2024-01-19,130727.74247156222,-0.006754459830154769,-0.006754459830154828,527.742471562217,0.9959630414968956,2
2024-01-22,129938.74247156222,-0.006035444237642462,-0.00603544423764249,527.742471562217,0.9959385287134227,2
2024-01-23,130101.74247156222,0.001254437259431418,0.0012544372594315242,527.742471562217,0.9959436171911565,2
2024-01-24,130664.74247156222,0.004327382472399055,0.00432738247239897,527.742471562217,0.9959610950775258,2
2024-01-25,134120.7424715622,0.02644936908479467,0.026449369084794824,527.742471562217,0.9960651688781539,2
2024-01-26,134909.7424715622,0.005882758963754453,0.005882758963754481,527.742471562217,0.9960881811654674,2
2024-01-29,139054.7424715622,0.030724245143924467,0.03072424514392447,527.742471562217,0.9962047862433018,2
2024-01-30,138991.7424715622,-0.00045305898152225854,-0.00045305898152215207,527.742471562217,0.9962030660082546,2
2024-01-31,138002.7424715622,-0.007115530623715616,-0.007115530623715626,527.742471562217,0.9961758551887405,2
2024-02-01,139080.7424715622,0.00781143896630998,0.007811438966309871,527.742471562217,0.9962054957272743,2
2024-02-02,138781.1835049912,-0.0021538493485699917,-0.0020779296606005275,260.1835049912172,0.9981252249157981,2
2024-02-05,139610.1835049912,0.005973432269873902,0.005973432269873825,260.1835049912172,0.9981363572594838,2
2024-02-06,143090.1835049912,0.024926548426716932,0.024926548426716884,260.1835049912172,0.9981816816596498,2
2024-02-07,143130.1835049912,0.00027954398422180837,0.00027954398422163555,260.1835049912172,0.9981821898175507,2
2024-02-08,139429.1835049912,-0.02585757880951045,-0.025857578809510354,260.1835049912172,0.9981339379715877,2
2024-02-19,138095.1835049912,-0.009567580950169186,-0.009567580950169206,260.1835049912172,0.9981159118052673,2
2024-02-20,144264.1835049912,0.04467208662478095,0.044672086624780914,260.1835049912172,0.9981964788579544,2
2024-02-21,145093.1835049912,0.005746402051146182,0.005746402051146113,260.1835049912172,0.9982067834014942,2
2024-02-22,146347.1835049912,0.008642721661399566,0.008642721661399611,260.1835049912172,0.9982221488739321,2
2024-02-23,146408.1835049912,0.00041681704108720297,0.00041681704108721706,260.1835049912172,0.9982228896038292,2
2024-02-26,147298.1835049912,0.0060788951730259555,0.0060788951730259685,260.1835049912172,0.9982336271989234,2
2024-02-27,142444.1835049912,-0.03295356320423004,-0.03295356320423001,260.1835049912172,0.9981734353864854,2
2024-02-28,142707.1835049912,0.0018463372356005703,0.0018463372356006752,260.1835049912172,0.998176801625532,2
2024-02-29,142444.1835049912,-0.001842934556905429,-0.0018429345569054899,260.1835049912172,0.9981734353864854,2
2024-03-01,143273.1835049912,0.005819823453661499,0.0058198234536614175,260.1835049912172,0.9981840041616571,2
2024-03-04,143455.1865982612,0.0012703221134446885,0.002114840981316192,279.1865982612071,0.9980538410295122,2
2024-03-05,143926.1865982612,0.003283255288071274,0.003283255288071491,279.1865982612071,0.998060209855761,2
2024-03-06,147225.1865982612,0.022921471609669286,0.02292147160966922,279.1865982612071,0.9981036763836949,2
2024-03-07,145073.1865982612,-0.014617064170359906,-0.014617064170360034,279.1865982612071,0.9980755465237395,2
2024-03-08,145402.1865982612,0.0022678208683115653,0.0022678208683115614,279.1865982612071,0.9980799009644017,2
2024-03-11,145242.1865982612,-0.0011003961064359746,-0.0011003961064359805,279.1865982612071,0.9980777857673443,2
2024-03-12,143926.1865982612,-0.00906072836565075,-0.009060728365650488,279.1865982612071,0.998060209855761,2
2024-03-13,140316.1865982612,-0.025082301458292156,-0.025082301458292315,279.1865982612071,0.998010303693183,2
2024-03-14,139507.1865982612,-0.005765550073821846,-0.005765550073821766,279.1865982612071,0.9979987654753215,2
2024-03-15,140503.1865982612,0.007139417146072802,0.007139417146072814,279.1865982612071,0.9980129518410178,2
2024-03-18,140183.1865982612,-0.002277528415885466,-0.002277528415885529,279.1865982612071,0.9980084159517553,2
2024-03-19,139516.1865982612,-0.004758059908507417,-0.004758059908507419,279.1865982612071,0.9979988945722468,2
2024-03-20,137711.1865982612,-0.01293756691614234,-0.012937566916142278,279.1865982612071,0.9979726658003778,2
2024-03-21,139836.1865982612,0.01543084518034954,0.015430845180349553,279.1865982612071,0.9980034738857454,2
2024-03-22,140325.1865982612,0.0034969489078306992,0.003496948907830647,279.1865982612071,0.9980104313058176,2
2024-03-25,140992.1865982612,0.004753245060058697,0.0047532450600587545,279.1865982612071,0.998019843475038,2
2024-03-26,142326.1865982612,0.009461517210177517,0.009461517210177633,279.1865982612071,0.9980384031573244,2
2024-03-27,142806.1865982612,0.0033725346787718546,0.0033725346787719292,279.1865982612071,0.9980449964745113,2
2024-03-28,144122.1865982612,0.009215287035863051,0.009215287035862926,279.1865982612071,0.9980628478872623,2
2024-03-29,140672.1865982612,-0.023938021490173655,-0.023938021490173635,279.1865982612071,0.9980153390303194,2
2024-04-01,142326.1865982612,0.011757832447174321,0.0117578324471744,279.1865982612071,0.9980384031573244,2
2024-04-02,143286.1865982612,0.006745069357543931,0.006745069357543748,279.1865982612071,0.9980515456172759,2
2024-04-03,144282.1865982612,0.0069511236473376314,0.006951123647337409,279.1865982612071,0.9980649960688593,2
2024-04-08,144131.1865982612,-0.0010465602411504626,-0.0010465602411504748,279.1865982612071,0.9980629688490709,2
2024-04-09,146274.1865982612,0.014868399064619009,0.01486839906461894,279.1865982612071,0.9980913474567595,2
2024-04-10,144291.1865982612,-0.013556732367593138,-0.013556732367592937,279.1865982612071,0.9980651167625468,2
2024-04-11,144780.1865982612,0.0033889803773079485,0.0033889803773079347,279.1865982612071,0.9980716518964304,2
2024-04-12,144122.1865982612,-0.004544820775965963,-0.004544820775965966,279.1865982612071,0.9980628478872623,2
2024-04-15,144451.1865982612,0.002282785237758489,0.0022827852377586737,279.1865982612071,0.9980672599177903,2
2024-04-16,147412.1865982612,0.020498273982580306,0.020498273982580376,279.1865982612071,0.9981060819685006,2
2024-04-17,148728.1865982612,0.008927348751609498,0.008927348751609401,279.1865982612071,0.9981228400302135,2
2024-04-18,149715.1865982612,0.0066362672911897125,0.0066362672911897385,279.1865982612071,0.9981352152403192,2
2024-04-19,151031.1865982612,0.008790023443188133,0.00879002344318816,279.1865982612071,0.9981514639158345,2
2024-04-22,153014.1865982612,0.01312973859680211,0.01312973859680189,279.1865982612071,0.9981754201720249,2
2024-04-23,150889.1865982612,-0.013887601190726073,-0.013887601190726157,279.1865982612071,0.998149724280743,2
2024-04-24,150889.1865982612,0.0,0.0,279.1865982612071,0.998149724280743,2
2024-04-25,150240.1865982612,-0.004301169716872777,-0.004301169716872749,279.1865982612071,0.998141731552772,2
2024-04-26,151574.1865982612,0.008879115702691953,0.008879115702692024,279.1865982612071,0.9981580861192336,2
2024-04-29,148284.1865982612,-0.021705542835733338,-0.021705542835733366,279.1865982612071,0.9981172193430335,2
2024-04-30,147599.1865982612,-0.0046195080926318965,-0.0046195080926318185,279.1865982612071,0.9981084814578206,2
2024-05-06,148568.1865982612,0.006565076829572636,0.00656507682957256,279.1865982612071,0.9981208184292095,2
2024-05-07,145182.91633949522,-0.02278597010758432,-0.021962979253582492,209.9163394952193,0.998554125066586,2
2024-05-08,146255.91633949522,0.007390676720468337,0.007390676720468276,209.9163394952193,0.9985647326634777,2
2024-05-09,147090.91633949522,0.005709170752872472,0.005709170752872505,209.9163394952193,0.9985728803333395,2
2024-05-10,145953.91633949522,-0.00772991309249671,-0.007729913092496664,209.9163394952193,0.9985617628854374,2
2024-05-13,146088.91633949522,0.0009249494866994112,0.0009249494866995861,209.9163394952193,0.9985630919527981,2
2024-05-14,146390.91633949522,0.002067234171948984,0.00206723417194899,209.9163394952193,0.9985660562503181,2
2024-05-15,145182.91633949522,-0.008251878123356593,-0.008251878123356544,209.9163394952193,0.998554125066586,2
2024-05-16,145182.91633949522,0.0,0.0,209.9163394952193,0.998554125066586,2
2024-05-17,146056.91633949522,0.006019992035125155,0.006019992035125286,209.9163394952193,0.9985627771367753,2
2024-05-20,147367.91633949522,0.008975952887795513,0.00897595288779537,209.9163394952193,0.9985755628178142,2
2024-05-21,146898.91633949522,-0.003182510899587876,-0.00318251089958781,209.9163394952193,0.9985710150576599,2
2024-05-22,148106.91633949522,0.008223341806063544,0.008223341806063503,209.9163394952193,0.9985826702446897,2
2024-05-23,148543.91633949522,0.0029505711873596407,0.002950571187359621,209.9163394952193,0.9985868398742399,2
2024-05-24,147804.91633949522,-0.0049749597170376525,-0.004974959717037547,209.9163394952193,0.9985797743086363,2
2024-05-27,147264.91633949522,-0.003653464400058648,-0.0036534644000586654,209.9163394952193,0.9985745665382291,2
2024-05-28,148671.91633949522,0.009554210432282328,0.009554210432282334,209.9163394952193,0.9985880565431344,2
2024-05-29,148639.91633949522,-0.00021523903631492924,-0.00021523903631484609,209.9163394952193,0.998587752572359,2
2024-05-30,148035.91633949522,-0.004063511436729117,-0.0040635114367292635,209.9163394952193,0.9985819904744345,2
2024-05-31,147097.91633949522,-0.0063363001573810696,-0.006336300157381049,209.9163394952193,0.9985729482461823,2
2024-06-03,146827.91633949522,-0.0018355120637932876,-0.0018355120637933483,209.9163394952193,0.9985703240587447,2
2024-06-04,147296.91633949522,0.0031942154577442317,0.003194215457744334,209.9163394952193,0.9985748762111801,2
2024-06-05,147701.91633949522,0.002749548395613033,0.0027495483956129258,209.9163394952193,0.9985787839135903,2
2024-06-06,147900.91633949522,0.0013473081794186381,0.0013473081794186381,209.9163394952193,0.9985806961532722,2
2024-06-07,148605.91813679924,0.004766716899074153,0.0047667168990742515,209.9163394952193,0.998587429477055,2
2024-06-11,149768.21059810728,0.0078213066873829,0.007821306687382892,209.9163394952193,0.9985983918839859,2
2024-06-12,147102.89452222112,-0.017796273756907954,-0.017796273756907875,209.9163394952193,0.9985729965397553,2
2024-06-13,146386.74829156708,-0.004868335412297808,-0.004868335412297711,209.9163394952193,0.9985660154218529,2
2024-06-14,147672.4794448372,0.008783111642791885,0.008783111642791708,209.9163394952193,0.998578500609698,2
2024-06-17,149010.91813679924,0.009063562127444413,0.009063562127444746,209.9163394952193,0.9985912687330568,2
2024-06-18,146832.89452222112,-0.014616537108902317,-0.01461653710890239,209.9163394952193,0.998570372530091,2
2024-06-19,147279.04075287515,0.003038462410658971,0.0030384624106590255,209.9163394952193,0.9985747032407181,2
2024-06-20,148793.6256754912,0.010283777751903145,0.010283777751903186,209.9163394952193,0.9985892114763503,2
2024-06-21,149280.91813679924,0.0032749552213398037,0.0032749552213399958,209.9163394952193,0.9985938166638093,2
2024-06-24,148400.18698352916,-0.005899824065008663,-0.005899824065008743,209.9163394952193,0.9985854711927113,2
2024-06-25,150146.0515592952,0.01176457126674535,0.011764571266745155,209.9163394952193,0.9986019190160833,2
2024-06-26,150858.86591513176,0.0047474731998200514,0.004747473199819931,209.9163394952193,0.998608525006324,2
2024-06-27,151481.20840140234,0.004125329210818096,0.004125329210818305,209.9163394952193,0.9986142417154544,2
2024-06-28,153307.06461707884,0.012053351270068013,0.012053351270068124,209.9163394952193,0.998630745817099,2
2024-07-01,153835.57834648475,0.003447419274030139,0.003447419274030078,209.9163394952193,0.9986354499930932,2
2024-07-02,156994.4769606131,0.020534252531709818,0.020569818627751067,786.4450085412193,0.9949906199009885,2
2024-07-03,160456.0181488308,0.022048808692079813,0.02204880869207962,786.4450085412193,0.9950986879917975,2
2024-07-04,158637.1619331543,-0.011335543762462152,-0.011335543762462055,786.4450085412193,0.9950424919422561,2
2024-07-05,160456.0181488308,0.011465511570630138,0.01146551157062995,786.4450085412193,0.9950986879917975,2
2024-07-08,157170.6482037484,-0.020475205498587612,-0.020475205498587265,786.4450085412193,0.9949962348725462,2
2024-07-09,158813.3331762896,0.010451601436495261,0.010451601436495208,786.4450085412193,0.9950479912938529,2
2024-07-10,160011.84690569548,0.0075466820413339075,0.007546682041333883,786.4450085412193,0.9950850826126347,2
2024-07-11,161168.1893919661,0.00722660545848286,0.007226605458482771,786.4450085412193,0.9951203459472479,2
2024-07-12,159567.67566256018,-0.00993070490798531,-0.009930704907985245,786.4450085412193,0.9950714014898335,2
2024-07-15,163431.21685077786,0.024212555407449488,0.024212555407449557,786.4450085412193,0.9951879143795442,2
2024-07-16,167619.16107951527,0.025625118073747455,0.025625118073747493,786.4450085412193,0.9953081437499371,2
2024-07-17,166702.60428197455,-0.005468090829460204,-0.0054680908294603035,786.4450085412193,0.9952823471959025,2
2024-07-18,167337.05392388022,0.003805877206528363,0.0038058772065282533,786.4450085412193,0.9953002339284701,2
2024-07-19,166984.71143760963,-0.0021055855712081017,-0.0021055855712081247,786.4450085412193,0.9952903172885078,2
2024-07-22,166350.26179570396,-0.003799447485003493,-0.003799447485003447,786.4450085412193,0.995272354849029,2
2024-07-23,164446.91286998696,-0.011441815030351576,-0.01144181503035142,786.4450085412193,0.995217635923862,2
2024-07-24,168747.5897020555,0.026152371954034193,0.026152371954034095,786.4450085412193,0.9953395185677627,2
2024-07-25,170157.54256368434,0.008355395559239032,0.008355395559238955,786.4450085412193,0.9953781360691262,2
2024-07-26,169100.51510487258,-0.0062120517426733635,-0.006212051742673482,786.4450085412193,0.9953492453405391,2
2024-07-29,165505.10616189172,-0.021261963281135277,-0.021261963281135318,786.4450085412193,0.995248213020256,2
2024-07-30,167795.91523919703,0.013841319645235162,0.013841319645235195,786.4450085412193,0.9953130860937817,2
2024-07-31,168113.14006014986,0.0018905395909110112,0.0018905395909109336,786.4450085412193,0.9953219301700044,2
2024-08-01,163530.9389889927,-0.027256650310128472,-0.027256650310128305,786.4450085412193,0.9951908488179465,2
2024-08-02,164556.21257511512,0.006269600067491998,0.0071115800991627676,564.8695518593013,0.9965673155512044,2
2024-08-05,165306.3733085677,0.004558689834394114,0.004558689834394282,564.8695518593013,0.9965828930817755,2
2024-08-06,165306.3733085677,0.0,0.0,564.8695518593013,0.9965828930817755,2
2024-08-07,163586.05184166253,-0.010406867155048904,-0.010406867155048873,564.8695518593013,0.9965469577295866,2
2024-08-08,164276.10541948004,0.004218291046509393,0.0042182910465096285,564.8695518593013,0.9965614624816135,2
2024-08-09,164836.3197307502,0.0034101996138735657,0.0034101996138733892,564.8695518593013,0.9965731487284963,2
2024-08-12,166086.58761983784,0.007584905384504292,0.0075849053845042985,564.8695518593013,0.9965989454058009,2
2024-08-13,168056.96266456056,0.011863541017729906,0.011863541017729882,564.8695518593013,0.9966388208920164,2
2024-08-14,168466.90908674305,0.002439330187114841,0.0024393301871147846,564.8695518593013,0.9966469999662162,2
2024-08-15,169027.12339801315,0.0033253670664881163,0.0033253670664881367,564.8695518593013,0.9966581129672947,2
2024-08-16,169997.28413146574,0.0057396748755411675,0.005739674875541381,564.8695518593013,0.9966771848459505,2
2024-08-19,173237.7663318235,0.019061964530278974,0.01906196453027918,564.8695518593013,0.9967393394418551,2
2024-08-20,176898.4092656339,0.021130744244293176,0.021130744244293183,564.8695518593013,0.9968068138418866,2
2024-08-21,178928.8914659917,0.011478238887432823,0.011478238887432657,564.8695518593013,0.996843050067369,2
2024-08-22,177758.5699990865,-0.006540707078195096,-0.006540707078194939,564.8695518593013,0.9968222654364164,2
2024-08-23,180899.2665107144,0.01766832683028463,0.017668326830284933,564.8695518593013,0.9968774359191453,2
2024-08-26,181289.37366634948,0.0021564883217035646,0.0021564883217033495,564.8695518593013,0.9968841552020644,2
2024-08-27,181009.2665107144,-0.001545083145086057,-0.0015450831450859663,564.8695518593013,0.9968793335128737,2
2024-08-28,183979.85586670725,0.016411255695669036,0.01641125569566905,564.8695518593013,0.9969297206523058,2
2024-08-29,181959.58797761958,-0.010980918968386155,-0.010980918968385937,564.8695518593013,0.9968956318370605,2
2024-08-30,173687.98064309364,-0.04545848573554323,-0.04545848573554338,564.8695518593013,0.9967477913568468,2
2024-09-02,165146.4804642028,-0.04917726688551083,-0.049177266885510884,564.8695518593013,0.9965795846797852,2
2024-09-03,165867.3822724244,0.004365226592751403,0.005208471479590734,448.6106266283314,0.9972953656078594,2
2024-09-04,160567.25713825625,-0.03195399277154509,-0.031953992771545106,448.6106266283314,0.9972060889958277,2
2024-09-05,160289.1499826212,-0.0017320290611652078,-0.0017320290611652772,448.6106266283314,0.9972012414647095,2
2024-09-06,158805.77493789844,-0.009254369649371652,-0.009254369649371548,448.6106266283314,0.9971750987846395,2
2024-09-09,159315.77493789844,0.003211470113095194,0.0032114701130953028,448.6106266283314,0.9971841418289984,2
2024-09-10,158357.66778226342,-0.006013887551364561,-0.006013887551364762,448.6106266283314,0.9971671051177317,2
2024-09-11,160412.93567135104,0.012978644595306399,0.012978644595306718,448.6106266283314,0.9972034011798935,2
2024-09-12,155607.13200408808,-0.029958953417004497,-0.029958953417004736,448.6106266283314,0.9971170304288074,2
2024-09-13,156534.29273754067,0.005958343435236824,0.005958343435236959,448.6106266283314,0.9971341064070829,2
2024-09-18,156101.45347099326,-0.0027651402065178576,-0.0027651402065179548,448.6106266283314,0.9971261598360985,2
2024-09-19,158790.09640480365,0.017223689299664224,0.017223689299664294,448.6106266283314,0.9971748198610279,2
2024-09-20,157352.93567135104,-0.009050695011790011,-0.009050695011789902,448.6106266283314,0.9971490164786928,2
2024-09-23,157862.93567135104,0.0032411216087202543,0.0032411216087203927,448.6106266283314,0.997158227010536,2
2024-09-24,160644.41787170884,0.01761960265421947,0.01761960265421921,448.6106266283314,0.9972074309672772,2
2024-09-25,169792.2395175049,0.05694453481167039,0.056944534811670534,448.6106266283314,0.9973578849781172,2
2024-09-26,167736.97162841726,-0.012104604397280228,-0.012104604397280266,448.6106266283314,0.9973255113510566,2
2024-09-27,172867.0967625854,0.030584343358319055,0.030584343358319187,448.6106266283314,0.997404881350877,2
2024-09-30,166639.81089496464,-0.036023546321098165,-0.03602354632109814,448.6106266283314,0.9973079024500868,2
2024-10-08,180933.4362080237,0.08577557329363827,0.0857755732936381,448.6106266283314,0.9975205764283802,2
2024-10-09,168728.81524057218,-0.0674536515927302,-0.06670053737384442,732.8152405721776,0.9956568459303923,2
2024-10-10,166222.81524057218,-0.014852234909769058,-0.014852234909769113,732.8152405721776,0.9955913678906738,2
2024-10-11,172102.81524057218,0.03537420534894653,0.03537420534894661,732.8152405721776,0.995741991555758,2
2024-10-14,174372.81524057218,0.0131897900497846,0.013189790049784596,732.8152405721776,0.9957974226684294,2
2024-10-15,177978.81524057218,0.020679828991835736,0.020679828991835635,732.8152405721776,0.9958825704082722,2
2024-10-16,172738.81524057218,-0.02944170626665399,-0.02944170626665399,732.8152405721776,0.9957576689434184,2
2024-10-17,175624.81524057218,0.01670730458571623,0.016707304585716336,732.8152405721776,0.99582738214091,2
2024-10-18,174308.81524057218,-0.0074932463171411,-0.00749324631714122,732.8152405721776,0.9957958796314416,2
2024-10-21,174138.81524057218,-0.0009752805660767638,-0.0009752805660767853,732.8152405721776,0.9957917754318025,2
2024-10-22,171272.81524057218,-0.01645813425364484,-0.01645813425364475,732.8152405721776,0.9957213569500633,2
2024-10-23,171166.81524057218,-0.0006188956481570917,-0.0006188956481570104,732.8152405721776,0.9957187072766283,2
2024-10-24,170890.81524057218,-0.0016124620862524308,-0.001612462086252417,732.8152405721776,0.995711792704947,2
2024-10-25,170996.81524057218,0.0006202790937053226,0.0006202790937053971,732.8152405721776,0.9957144509414331,2
2024-10-28,170062.81524057218,-0.005462090031828848,-0.005462090031828876,732.8152405721776,0.9956909143275352,2
2024-10-29,168492.81524057218,-0.00923188292384236,-0.009231882923842347,732.8152405721776,0.9956507626777683,2
2024-10-30,168450.81524057218,-0.000249268788939383,-0.00024926878893934113,732.8152405721776,0.9956496782783413,2
2024-10-31,167600.81524057218,-0.005045983296584677,-0.0050459832965847285,732.8152405721776,0.9956276152981696,2
2024-11-01,167112.81524057218,-0.0029116803477329256,-0.002911680347732963,732.8152405721776,0.99561484713475,2
2024-11-04,169263.2199292642,0.01286798194139882,0.01371528566914814,1080.219929264189,0.9936181059906836,2
2024-11-05,168474.2199292642,-0.0046613788886311625,-0.0046613788886312275,1080.219929264189,0.9935882182465796,2
2024-11-06,169197.2199292642,0.0042914577690496,0.004291457769049489,1080.219929264189,0.9936156165585003,2
2024-11-07,167472.2199292642,-0.010195202975091244,-0.010195202975091185,1080.219929264189,0.993549856031523,2
2024-11-08,169263.2199292642,0.010694310977405586,0.010694310977405532,1080.219929264189,0.9936181059906836,2
2024-11-11,167056.2199292642,-0.013038863380492871,-0.013038863380493027,1080.219929264189,0.9935337940142451,2
2024-11-12,165988.2199292642,-0.0063930573818336,-0.006393057381833528,1080.219929264189,0.9934921892064116,2
2024-11-13,164816.2199292642,-0.007060742024340372,-0.007060742024340308,1080.219929264189,0.9934459124852651,2
2024-11-14,165331.2199292642,0.003124692461828227,0.0031246924618282814,1080.219929264189,0.9934663282002858,2
2024-11-15,166366.2199292642,0.0062601606668288845,0.006260160666828723,1080.219929264189,0.9935069755763912,2
2024-11-18,167160.2199292642,0.004772603478864879,0.004772603478864876,1080.219929264189,0.9935378170133942,2
2024-11-19,168946.2199292642,0.010684360195001963,0.010684360195001906,1080.219929264189,0.9936061314084655,2
2024-11-20,167637.2199292642,-0.007748027748404551,-0.007748027748404524,1080.219929264189,0.9935562047037049,2
2024-11-21,167741.2199292642,0.0006203872865697679,0.0006203872865696395,1080.219929264189,0.9935601998738312,2
2024-11-22,167670.2199292642,-0.00042327103636152774,-0.000423271036361535,1080.219929264189,0.9935574729387252,2
2024-11-25,165638.2199292642,-0.01211902746270177,-0.012119027462701722,1080.219929264189,0.9934784379491309,2
2024-11-26,166087.2199292642,0.0027107270302213493,0.0027107270302212565,1080.219929264189,0.9934960683325047,2
2024-11-27,168431.2199292642,0.014113066622454706,0.01411306662245487,1080.219929264189,0.9935865813373682,2
2024-11-28,169603.2199292642,0.0069583299372419916,0.006958329937242017,1080.219929264189,0.9936308996390828,2
2024-11-29,169707.2199292642,0.0006131959053805591,0.0006131959053805605,1080.219929264189,0.9936348027519722,2
2024-12-02,168360.2199292642,-0.007937199139561923,-0.007937199139561922,1080.219929264189,0.9935838767036653,2
2024-12-03,167366.97227010224,-0.005899538855314246,-0.004294363599095782,5.972270102225593,0.9999643163162885,2
2024-12-04,169927.97227010224,0.015301704782392678,0.015301704782392716,5.972270102225593,0.9999648541083469,2
2024-12-05,170268.97227010224,0.0020067325905470668,0.002006732590547141,5.972270102225593,0.9999649244955049,2
2024-12-06,170449.97227010224,0.0010630239766342697,0.0010630239766343398,5.972270102225593,0.9999649617420132,2
2024-12-09,171305.97227010224,0.005022001403693688,0.005022001403693665,5.972270102225593,0.9999651368249274,2
2024-12-10,174374.97227010224,0.017915312346267864,0.0179153123462681,5.972270102225593,0.9999657504169063,2
2024-12-11,174708.97227010224,0.0019154124909774861,0.0019154124909773554,5.972270102225593,0.9999658158935707,2
2024-12-12,172495.97227010224,-0.012666779337346612,-0.01266677933734665,5.972270102225593,0.9999653773359247,2
2024-12-13,173852.97227010224,0.007866850351005095,0.007866850351005004,5.972270102225593,0.9999656475812622,2
2024-12-16,173504.97227010224,-0.0020016914031204536,-0.0020016914031203824,5.972270102225593,0.9999655786804026,2
2024-12-17,176928.97227010224,0.019734304759114973,0.019734304759115,5.972270102225593,0.9999662448155008,2
2024-12-18,177269.97227010224,0.0019273270828670253,0.0019273270828670396,5.972270102225593,0.9999663097476366,2
2024-12-19,176754.97227010224,-0.0029051733545447656,-0.0029051733545449017,5.972270102225593,0.9999662115864378,2
2024-12-20,175209.97227010224,-0.008740913933889538,-0.008740913933889451,5.972270102225593,0.9999659136405031,2
2024-12-23,175717.97227010224,0.002899378348264703,0.0028993783482647124,5.972270102225593,0.9999660121840408,2
2024-12-24,179983.97227010224,0.02427753942802502,0.024277539428024936,5.972270102225593,0.9999668177670105,2
2024-12-25,182210.97227010224,0.012373323979414819,0.012373323979414857,5.972270102225593,0.9999672233234485,2
2024-12-26,184416.97227010224,0.012106845007829214,0.012106845007829404,5.972270102225593,0.9999676153987959,2
2024-12-27,183560.97227010224,-0.004641655209186912,-0.0046416552091867935,5.972270102225593,0.9999674643796642,2
2024-12-30,183233.97227010224,-0.001781424427839906,-0.0017814244278398618,5.972270102225593,0.9999674063164803,2
2024-12-31,185627.97227010224,0.013065262791285503,0.01306526279128541,5.972270102225593,0.9999678266694981,2
2025-01-02,184938.97227010224,-0.0037117250787906952,-0.0037117250787907117,5.972270102225593,0.9999677068060402,2
2025-01-03,179844.92196829425,-0.02754449340384657,-0.02675477179992903,273.9219682942494,0.9984768990678394,2
2025-01-06,178190.92196829425,-0.009196812353098216,-0.009196812353098252,273.9219682942494,0.9984627613726417,2
2025-01-07,179388.72219772026,0.0067220047811364925,0.006722004781136516,273.9219682942494,0.998473025701179,2
2025-01-08,181636.11009762256,0.01252803338119124,0.012528033381191248,273.9219682942494,0.9984919189904088,2
2025-01-09,183414.69951003703,0.009792047470398524,0.00979204747039869,273.9219682942494,0.9985065429923229,2
2025-01-10,182207.5055600859,-0.006581773179444972,-0.006581773179445006,273.9219682942494,0.9984966482722419,2
2025-01-13,180396.71463515918,-0.009938069891031964,-0.009938069891031876,273.9219682942494,0.9984815578884114,2
2025-01-14,178618.1252227447,-0.009859322637951307,-0.009859322637951438,273.9219682942494,0.9984664380059266,2
2025-01-15,179921.92371023248,0.0072993627374706715,0.0072993627374706325,273.9219682942494,0.9984775509140542,2
2025-01-16,181129.11766018363,0.006709543367796389,0.006709543367796415,273.9219682942494,0.998487697771442,2
2025-01-17,181700.51312264698,0.003154630629490285,0.003154630629490349,273.9219682942494,0.9984924535237314,2
2025-01-20,180692.52068520806,-0.005547548656390067,-0.005547548656389997,273.9219682942494,0.9984840436822979,2
2025-01-21,179485.3267352569,-0.0066809292679814725,-0.0066809292679814725,273.9219682942494,0.9984738475658331,2
2025-01-22,178946.1327853058,-0.0030041115881658254,-0.003004111588165999,273.9219682942494,0.9984692490190727,2
2025-01-23,177154.66906641296,-0.010011189909547635,-0.010011189909547533,273.9219682942494,0.9984537694110023,2
2025-01-24,181424.45344329983,0.024102014354959955,0.024102014354959962,273.9219682942494,0.9984901596058556,2
2025-01-27,181217.52930786385,-0.0011405526185070958,-0.0011405526185071855,273.9219682942494,0.9984884355871065,2
2025-02-05,185496.76649315938,0.02361381485356029,0.023613814853560414,273.9219682942494,0.9985233059666064,2
2025-02-06,181657.9875943013,-0.020694586603479448,-0.020694586603479337,273.9219682942494,0.9984921006121349,2
2025-02-07,180741.00819745223,-0.005047834168993237,-0.005047834168993324,273.9219682942494,0.9984844503689223,2
2025-02-10,180093.62577557878,-0.0035818236731656183,-0.0035818236731656647,273.9219682942494,0.9984790024237971,2
2025-02-11,180534.08406201625,0.002445718356441695,0.002445718356441814,273.9219682942494,0.9984827132797807,2
2025-02-12,183995.0775139764,0.01917085889870651,0.019170858898706684,273.9219682942494,0.998511253822682,2
2025-02-13,185073.46541387867,0.00586096059999397,0.005860960599994064,273.9219682942494,0.9985199284636418,2
2025-02-14,186529.63876067888,0.007868082782930497,0.007868082782930445,273.9219682942494,0.9985314828779265,2
2025-02-17,186970.09704711635,0.0023613313646233536,0.002361331364623498,273.9219682942494,0.9985349423644723,2
2025-02-18,186565.701584653,-0.0021628884449979013,-0.002162888444997958,273.9219682942494,0.998531766739719,2
2025-02-19,190197.55634807507,0.01946689414278091,0.019466894142780744,273.9219682942494,0.998559802904129,2
2025-02-20,189487.501086662,-0.0037332512312283628,-0.003733251231228204,273.9219682942494,0.9985544061390679,2
2025-02-21,190269.68199602328,0.004127876006996045,0.004127876006995997,273.9219682942494,0.9985603488405475,2
2025-02-24,186575.15439306165,-0.01941732158378684,-0.019417321583786805,273.9219682942494,0.9985318411275856,2
2025-02-25,185756.91065972627,-0.004385598586248873,-0.004385598586248962,273.9219682942494,0.9985253740099284,2
2025-02-26,184156.48601702965,-0.008615693688125092,-0.008615693688125075,273.9219682942494,0.9985125586710591,2
2025-02-27,185010.79257433914,0.004639025080172887,0.004639025080172809,273.9219682942494,0.9985194270859404,2
2025-02-28,185891.70914721407,0.004761433431084594,0.004761433431084712,273.9219682942494,0.9985264433279414,2
2025-03-03,185316.4523732888,-0.0030945800464382556,-0.0030945800464380674,273.9219682942494,0.9985218691336564,2
2025-03-04,184642.45993584988,-0.0036369811142362707,-0.003636981114236256,273.9219682942494,0.9985164735760701,2
2025-03-05,183455.88356402528,-0.006426346205725686,-0.006426346205725884,273.9219682942494,0.9985068782588341,2
2025-03-06,185901.16195562272,0.013328972307089071,0.013328972307089204,273.9219682942494,0.9985265182561923,2
2025-03-07,185289.84235772336,-0.003288411925285839,-0.0032884119252857644,273.9219682942494,0.9985216568549645,2
2025-03-10,184238.06447338653,-0.005676392569357591,-0.005676392569357694,273.9219682942494,0.9985132172926523,2
2025-03-11,182440.16850366257,-0.009758547859601951,-0.009758547859601976,273.9219682942494,0.9984985654719523,2
2025-03-12,183150.22376507559,0.003891989725929079,0.0038919897259290445,273.9219682942494,0.9985043863847767,2
2025-03-13,181927.58456927686,-0.006675608528695975,-0.006675608528695945,273.9219682942494,0.9984943351557007,2
2025-03-14,182098.44588073876,0.0009391720989777586,0.000939172098977758,273.9219682942494,0.998495747907296,2
2025-03-17,182844.56396612592,0.004097333625108668,0.0040973336251085395,273.9219682942494,0.9985018861794273,2
2025-03-18,184264.67448895198,0.00776676370367313,0.007766763703673395,273.9219682942494,0.9985134320017988,2
2025-03-19,183995.0775139764,-0.0014630963624649995,-0.0014630963624649598,273.9219682942494,0.998511253822682,2
2025-03-20,185658.1749962126,0.009038815085201657,0.009038815085201768,273.9219682942494,0.9985245897828101,2
2025-03-21,184642.45993584988,-0.005470887885133169,-0.005470887885133132,273.9219682942494,0.9985164735760701,2
2025-03-24,182979.3624536137,-0.00900712372882162,-0.009007123728821762,273.9219682942494,0.998502989820157,2
2025-03-25,184606.39711187576,0.008891902542695451,0.008891902542695533,273.9219682942494,0.99851618376947,2
2025-03-26,186206.8217545724,0.008669388860488514,0.008669388860488538,273.9219682942494,0.99852893698677,2
2025-03-27,185667.62780462127,-0.0028956723758585268,-0.002895672375858584,273.9219682942494,0.998524664899675,2
2025-03-28,187231.9896233438,0.008425603521841296,0.008425603521841294,273.9219682942494,0.9985369916281651,2
2025-03-31,187672.44790978124,0.0023524734599227326,0.0023524734599226996,273.9219682942494,0.9985404252390531,2
2025-04-01,188562.81729106486,0.004744273286783285,0.004744273286783263,273.9219682942494,0.9985473171634287,2
2025-04-02,185621.0285022466,-0.015601107530533564,-0.014780225786610136,85.30719820340164,0.9995404227694904,2
2025-04-03,187107.33505955606,0.008007210009029153,0.008007210009029181,85.30719820340164,0.999544073468973,2
2025-04-07,188790.9189939418,0.00899795795739311,0.008997957957392787,85.30719820340164,0.9995481392926207,2
2025-04-08,185430.41538762767,-0.017800133736421753,-0.01780013373642183,85.30719820340164,0.9995399503472768,2
2025-04-09,187237.72194493713,0.009746548609792072,0.009746548609792294,85.30719820340164,0.9995443909629039,2
2025-04-10,186150.99932201332,-0.005803972680480496,-0.0058039726804803545,85.30719820340164,0.9995417311832109,2
2025-04-11,184726.55407616572,-0.007652095616116017,-0.007652095616116067,85.30719820340164,0.999538197425757,2
2025-04-14,185340.13801055143,0.003321579495997762,0.0033215794959976113,85.30719820340164,0.9995397262615692,2
2025-04-15,187682.44456786092,0.01263788072271832,0.012637880722718292,85.30719820340164,0.9995454705505364,2
2025-04-16,190609.9189939418,0.015598019478174407,0.01559801947817439,85.30719820340164,0.9995524514219739,2
2025-04-17,192433.94817417505,0.009569434738027516,0.00956943473802772,85.30719820340164,0.9995566936135084,2
2025-04-18,192158.08686271316,-0.001433537658398043,-0.0014335376583980766,85.30719820340164,0.9995560572047933,2
2025-04-21,194438.53210856073,0.011867547617065988,0.01186754761706616,85.30719820340164,0.9995612639260424,2
2025-04-22,192326.94817417508,-0.01085990472920606,-0.010859904729206084,85.30719820340164,0.9995564469825302,2
2025-04-23,195344.69997733214,0.015690738254860337,0.015690738254860177,85.30719820340164,0.9995632991413983,2
2025-04-24,194089.1160429464,-0.006427530076482446,-0.0064275300764821824,85.30719820340164,0.9995604740752978,2
2025-04-25,198518.28392154007,0.022820279513322106,0.0228202795133222,85.30719820340164,0.9995702803967562,2
2025-04-28,196496.98685408497,-0.010181918902008924,-0.010181918902008943,85.30719820340164,0.9995658600186742,2
2025-04-29,199071.04752124444,0.013099746252449807,0.013099746252449588,85.30719820340164,0.999571473605702,2
2025-04-30,197418.39898751682,-0.008301802569011252,-0.008301802569010993,85.30719820340164,0.9995678862829356,2
2025-05-06,192716.0412529023,-0.02381924764222132,-0.02381924764222155,85.30719820340164,0.9995573425146719,2
2025-05-07,192572.6345256004,-0.0007441348751746624,9.217499274492532e-05,797.6345256003988,0.9958580068888533,2
2025-05-08,194690.6345256004,0.010998447444091175,0.010998447444091147,797.6345256003988,0.9959030667934079,2
2025-05-09,195994.05962409987,0.0066948525884436005,0.006694852588443629,797.6345256003988,0.9959303127496302,2
2025-05-12,197850.88437889906,0.009473882822573332,0.009473882822573514,797.6345256003988,0.9959685066452729,2
2025-05-13,197884.60946063267,0.00017045706841023467,0.0001704570684101347,797.6345256003988,0.995969193724694,2
2025-05-14,199879.45940614364,0.010080874661997585,0.01008087466199747,797.6345256003988,0.9960094222389322,2
2025-05-15,200342.88437889906,0.002318522244017851,0.002318522244018205,797.6345256003988,0.9960186530803266,2
2025-05-16,200735.73432441003,0.001960887938340816,0.00196088793834044,797.6345256003988,0.996026444776836,2
2025-05-19,198737.7595151217,-0.009953259274003479,-0.009953259274003243,797.6345256003988,0.9959864973443072,2
2025-05-20,198452.33454236627,-0.0014361889429155283,-0.001436188942915724,797.6345256003988,0.9959807249058583,2
2025-05-21,198237.4845968553,-0.0010826274531182678,-0.0010826274531180134,797.6345256003988,0.9959763688122734,2
2025-05-22,198522.90956961078,0.001439813329633166,0.0014398133296329543,797.6345256003988,0.9959821537608448,2
2025-05-23,199271.7595151217,0.0037721084540538463,0.003772108454054039,797.6345256003988,0.9959972525583092,2
2025-05-26,197058.9347603225,-0.011104557716475005,-0.011104557716475085,797.6345256003988,0.9959523046921442,2
2025-05-27,195917.23486930062,-0.005793697669230324,-0.005793697669230269,797.6345256003988,0.9959287169087879,2
2025-05-28,196666.08481481153,0.0038222770243285797,0.003822277024328694,797.6345256003988,0.9959442192264545,2
2025-05-29,196451.23486930062,-0.0010924605821752698,-0.0010924605821753034,797.6345256003988,0.9959397836000823,2
2025-05-30,195665.53497827874,-0.003999465269559743,-0.003999465269559815,797.6345256003988,0.9959234796987166,2
2025-06-03,196058.38492378965,0.0020077626116143943,0.002007762611614365,797.6345256003988,0.9959316479837858,2
2025-06-04,197550.63292018554,0.007611242931415241,0.0076390504369607485,1350.1826309743988,0.9931653844332663,2
2025-06-05,196729.08308365272,-0.0041586798502677436,-0.004158679850267709,1350.1826309743988,0.9931368427595412,2
2025-06-06,196906.08308365272,0.0008997144561728732,0.0008997144561728827,1350.1826309743988,0.993143012090689,2
2025-06-09,197506.65811089723,0.003050058270619216,0.0030500582706191924,1350.1826309743988,0.9931638627077762,2
2025-06-10,196368.95821987538,-0.005760311585967126,-0.005760311585967227,1350.1826309743988,0.9931242562815729,2
2025-06-11,196899.95821987538,0.0027040933802044975,0.002704093380204401,1350.1826309743988,0.9931427987939608,2
2025-06-12,196754.68330160895,-0.0007378108130637884,-0.000737810813063769,1350.1826309743988,0.9931377357411886,2
2025-06-13,196609.40838334255,-0.000738355579794292,-0.0007383555797942688,1350.1826309743988,0.9931326652062252,2
2025-06-16,195648.70849232067,-0.0048863373269947274,-0.004886337326994837,1350.1826309743988,0.9930989443202617,2
2025-06-17,197468.80816538632,0.009302896436635955,0.009302896436636184,1350.1826309743988,0.9931625523872937,2
2025-06-18,198252.5080564082,0.0039687275084250295,0.0039687275084249836,1350.1826309743988,0.9931895810841888,2
2025-06-19,201671.73259325116,0.017246816044668156,0.017246816044668288,1350.1826309743988,0.9933050476950205,2
2025-06-20,201994.00751151762,0.0015980173032799083,0.0015980173032797596,1350.1826309743988,0.9933157292752984,2
2025-06-23,203207.40729356135,0.006007107819644419,0.006007107819644477,1350.1826309743988,0.9933556426463143,2
2025-06-24,206582.65702111606,0.016609875459306922,0.016609875459306846,1350.1826309743988,0.993464201446318,2
2025-06-25,208358.78188489337,0.008597647495625749,0.008597647495625894,1350.1826309743988,0.9935199149334618,2
2025-06-26,209995.75669418168,0.0078565193867981,0.007856519386798051,1350.1826309743988,0.9935704289828071,2
2025-06-27,211487.4565852036,0.007103476348782944,0.00710347634878296,1350.1826309743988,0.9936157791446585,2
2025-06-30,205122.68221182778,-0.030095280713783534,-0.030095280713783583,1350.1826309743988,0.9934176824502515,2
2025-07-01,207334.63183040434,0.010783544729062733,0.01078354472906278,1350.1826309743988,0.9934879059081706,2
2025-07-02,211758.5310675575,0.021337000953954632,0.021337000953954542,1350.1826309743988,0.9936239516577321,2
2025-07-03,212327.38101306843,0.002686314183627747,0.0026863141836277514,1350.1826309743988,0.9936410338387243,2
2025-07-04,211297.10609480203,-0.004852294194703899,-0.00485229419470396,1350.1826309743988,0.9936100278137808,2
2025-07-07,213250.23095857934,0.00924350030095078,0.009243500300950754,1350.1826309743988,0.9936685525501886,2
2025-07-08,213812.95604031294,0.002638801745743047,0.0026388017457430668,1350.1826309743988,0.9936852160131969,2
2025-07-09,214021.68112204655,0.0009762040879048861,0.0009762040879050186,1350.1826309743988,0.9936913745191804,2
2025-07-10,217080.7807951122,0.014293410167735221,0.01429341016773504,1350.1826309743988,0.9937802755912845,2
2025-07-11,219741.90565888956,0.012258684780984908,0.012258684780984836,1350.1826309743988,0.9938555978800406,2
2025-07-14,218383.23095857934,-0.0061830477725051125,-0.00618304777250491,1350.1826309743988,0.9938173703857762,2
2025-07-15,219906.65593133483,0.0069759246901353045,0.006975924690135388,1350.1826309743988,0.9938602011600959,2
2025-07-16,217239.40620378015,-0.012129008629859328,-0.012129008629859637,1350.1826309743988,0.9937848171537172,2
2025-07-17,217245.20988504542,2.6715600851101584e-05,2.671560085135181e-05,1350.1826309743988,0.9937849831916256,2
2025-07-18,216273.31191790092,-0.004473737154705337,-0.004473737154705458,1350.1826309743988,0.9937570538916659,2
2025-07-21,217431.01578943164,0.005352966860609154,0.00535296686060911,1350.1826309743988,0.993790294240809,2
2025-07-22,215526.4103209579,-0.008759585018534022,-0.00875958501853389,1350.1826309743988,0.9937354191119143,2
2025-07-23,212395.8664740134,-0.014525105495343027,-0.014525105495342961,1350.1826309743988,0.9936430842398735,2
2025-07-24,216542.57196626312,0.019523475485136554,0.019523475485136225,1350.1826309743988,0.9937648166884028,2
2025-07-25,213773.49350340036,-0.012787686216704675,-0.012787686216704567,1350.1826309743988,0.9936840503055496,2
2025-07-28,213304.6031465631,-0.0021933980174665413,-0.002193398017466459,1350.1826309743988,0.9936701664612148,2
2025-07-29,214061.6511681967,0.0035491405739302984,0.0035491405739304428,1350.1826309743988,0.993692552479129,2
2025-07-30,211439.1881439048,-0.012250970736609634,-0.012250970736609648,1350.1826309743988,0.9936143217214045,2
2025-07-31,214535.61473737925,0.014644525552032661,0.014644525552032626,1350.1826309743988,0.9937064872299772,2
2025-08-01,216371.98569891282,0.008559748756781227,0.008559748756781277,1350.1826309743988,0.9937599009104016,2
2025-08-04,216737.29269704613,0.0016883285373257007,0.002505860795108264,275.7659431266802,0.9987276488522344,2
2025-08-05,218472.68884929141,0.008006910719656313,0.00800691071965647,275.7659431266802,0.9987377555310041,2
2025-08-06,222207.41192194552,0.017094690839047688,0.0170946908390477,275.7659431266802,0.998758970545845,2
2025-08-07,223237.8080741908,0.004637091730347986,0.004637091730348101,275.7659431266802,0.998764698751051,2
2025-08-08,226224.13499459962,0.013377334897574089,0.013377334897574148,275.7659431266802,0.9987810056467527,2
2025-08-11,224862.936918477,-0.006017032957845614,-0.006017032957845683,275.7659431266802,0.9987736265170872,2
2025-08-12,224452.60037868138,-0.0018248295847189677,-0.001824829584718829,275.7659431266802,0.9987713845031806,2
2025-08-13,227641.39268317202,0.014206974207965128,0.01420697420796483,275.7659431266802,0.9987885949041329,2
2025-08-14,225280.5311468449,-0.01037096772471835,-0.010370967724718048,275.7659431266802,0.9987758998004719,2
2025-08-15,227856.52152745816,0.011434589431672304,0.01143458943167226,275.7659431266802,0.9987897386422031,2
2025-08-18,222773.26383888582,-0.022309028745353565,-0.022309028745353673,275.7659431266802,0.9987621228042601,2
2025-08-19,225287.7888354173,0.011287373328381367,0.011287373328381159,275.7659431266802,0.9987759392350903,2
2025-08-20,227710.11575582612,0.010752144769721417,0.010752144769721373,275.7659431266802,0.9987889605070405,2
2025-08-21,228427.7792160305,0.0031516538376974434,0.0031516538376976846,275.7659431266802,0.9987927652929381,2
2025-08-22,231598.50228868466,0.013880636950269976,0.01388063695026971,275.7659431266802,0.9988092930636359,2
2025-08-25,232628.89844092994,0.0044490622437658445,0.004449062243765785,275.7659431266802,0.998814567128268,2
2025-08-26,230973.0369046029,-0.007118038848245356,-0.007118038848245335,275.7659431266802,0.9988060686787411,2
2025-08-27,230580.76959664375,-0.0016983251084894402,-0.0016983251084893044,275.7659431266802,0.9988040375456761,2
2025-08-28,226343.5119080714,-0.01837645739488425,-0.018376457394884207,275.7659431266802,0.9987816485623909,2
2025-08-29,224374.91767970345,-0.00869737423340633,-0.00869737423340631,275.7659431266802,0.9987709591340314,2
2025-09-01,225251.65037174436,0.003907445186419833,0.003907445186419706,275.7659431266802,0.9987757428517323,2
2025-09-02,224901.503384254,-0.0015544702421158574,-0.0014685882360079717,585.4208795136801,0.997396989923569,2
2025-09-03,230497.2264569081,0.024880772197834355,0.02488077219783455,585.4208795136801,0.9974601825431374,2
2025-09-04,226795.0976126219,-0.016061489767983494,-0.016061489767983515,585.4208795136801,0.9974187233953637,2
2025-09-05,233890.27644997102,0.031284533537264014,0.03128453353726387,585.4208795136801,0.9974970277157337,2
2025-09-08,228704.15722507163,-0.022173299820818726,-0.022173299820818754,585.4208795136801,0.9974402700562301,2
2025-09-09,228719.6226091534,6.762178820629572e-05,6.762178820618665e-05,585.4208795136801,0.9974404431380421,2
2025-09-10,230118.55337731692,0.006116356577564375,0.006116356577564439,585.4208795136801,0.9974560031300311,2
2025-09-11,230262.820685276,0.0006269260163587198,0.0006269260163588828,585.4208795136801,0.9974575970285979,2
2025-09-12,230399.35530119424,0.0005929512003366444,0.0005929512003365906,585.4208795136801,0.997459103656135,2
2025-09-15,229152.42453303072,-0.005412041047308747,-0.00541204104730867,585.4208795136801,0.9974452773925188,2
2025-09-16,227106.8303046628,-0.008926784137398669,-0.008926784137398834,585.4208795136801,0.9974222665221986,2
2025-09-17,225182.30530813133,-0.00847409562253032,-0.008474095622530344,585.4208795136801,0.9974002358723852,2
2025-09-18,224839.6418479269,-0.0015217157482048105,-0.0015217157482045785,585.4208795136801,0.9973962737411332,2
2025-09-19,218581.7899309866,-0.027832511498007473,-0.027832511498007417,585.4208795136801,0.9973217307823378,2
2025-09-22,215448.997626496,-0.014332357263062478,-0.01433235726306261,585.4208795136801,0.9972827867107158,2
2025-09-23,212285.2745538419,-0.014684324863459164,-0.014684324863459157,585.4208795136801,0.9972422916250595,2
2025-09-24,218656.46301057778,0.030012390026233016,0.03001239002623303,585.4208795136801,0.9973226454345173,2
2025-09-25,218298.33416629164,-0.001637860776467548,-0.001637860776467576,585.4208795136801,0.9973182531064678,2
2025-09-26,217569.26493445516,-0.003339783762532522,-0.0033397837625325656,585.4208795136801,0.9973092666388791,2
2025-09-29,218025.26493445516,0.0020958842699467795,0.0020958842699467677,585.4208795136801,0.9973148943096586,2
2025-09-30,217280.73031853692,-0.003414900636135254,-0.003414900636135287,585.4208795136801,0.9973056935207488,2
2025-10-09,216847.92839465954,-0.0019919020119404385,-0.001991902011940242,585.4208795136801,0.9973003160147871,2
2025-10-10,218402.13800749584,0.007167279043623909,0.007223477594835437,1420.2343401046803,0.9934971591713267,2
2025-10-13,220466.4649279047,0.009451953809801905,0.009451953809801933,1420.2343401046803,0.9935580482021649,2
2025-10-14,220866.32646423174,0.001813706844067342,0.0018137068440671955,1420.2343401046803,0.9935697108615845,2
2025-10-15,227715.17838117204,0.031009036219242114,0.03100903621924211,1420.2343401046803,0.9937631107851433,2
2025-10-16,229383.4360697444,0.007326071544426771,0.007326071544426669,1420.2343401046803,0.9938084703741518,2
2025-10-17,236245.02067872556,0.029913165163742983,0.029913165163743143,1420.2343401046803,0.9939882993680696,2
2025-10-20,236457.68413893,0.0009001817671900891,0.0009001817671899356,1420.2343401046803,0.9939937061243049,2
2025-10-21,239705.0706717885,0.0137334785489589,0.01373347854895907,1420.2343401046803,0.994075075941763,2
2025-10-22,242390.8629762791,0.011204570253618318,0.011204570253618361,1420.2343401046803,0.9941407265824056,2
2025-10-23,247885.9822011785,0.02267048830729701,0.022670488307297114,1420.2343401046803,0.9942706145482965,2
2025-10-24,244600.39759219735,-0.013254418744480079,-0.013254418744480193,1420.2343401046803,0.9941936548178776,2
2025-10-27,245732.5264364835,0.004628483254445204,0.004628483254445416,1420.2343401046803,0.9942204055738962,2
2025-10-28,251427.57642954643,0.023175808573860035,0.02317580857386014,1420.2343401046803,0.9943513183387716,2
2025-10-29,254560.36873403704,0.01246001870192015,0.012460018701920091,1420.2343401046803,0.9944208348409939,2
2025-10-30,249090.71489321938,-0.021486666868134163,-0.021486666868134156,1420.2343401046803,0.9942983248463777,2
2025-10-31,248878.05143301497,-0.0008537590824916341,-0.0008537590824916294,1420.2343401046803,0.9942934528299016,2
2025-11-03,245906.99182056528,-0.01193781289809459,-0.01193781289809459,1420.2343401046803,0.9942245060638983,2
2025-11-04,248513.51639360044,0.01059963587752355,0.010663091866047697,687.6300688536812,0.9972330274874683,2
2025-11-05,255528.97215829545,0.02822967485431982,0.02822967485431977,687.6300688536812,0.9973089937197896,2
2025-11-06,253970.30869809102,-0.0060997523961348055,-0.006099752396134705,687.6300688536812,0.9972924785090879,2
2025-11-07,254280.97215829545,0.0012232274780346053,0.0012232274780345402,687.6300688536812,0.9972957863774974,2
2025-11-10,251320.17985380488,-0.011643782385130308,-0.011643782385130301,687.6300688536812,0.9972639281523128,2
2025-11-11,253502.57600605013,0.0086837282764749,0.008683728276474885,687.6300688536812,0.9972874829136361,2
2025-11-12,257553.2298468678,0.01597874824246759,0.015978748242467672,687.6300688536812,0.9973301438725404,2
2025-11-13,262070.814455849,0.017540391986802906,0.01754039198680273,687.6300688536812,0.9973761669330428,2
2025-11-14,262382.814455849,0.0011905179164946045,0.0011905179164945524,687.6300688536812,0.9973792869388959,2
2025-11-17,260981.75484339925,-0.005339753731033792,-0.005339753731033628,687.6300688536812,0.9973652178510859,2
2025-11-18,256618.29907870427,-0.016719390086534003,-0.01671939008653403,687.6300688536812,0.997320416855219,2
2025-11-19,256308.43754237719,-0.0012074802827370945,-0.0012074802827371934,687.6300688536812,0.9973171773998272,2
2025-11-20,256308.70485033633,1.0429151755531052e-06,1.0429151756504666e-06,687.6300688536812,0.9973171801977807,2
2025-11-21,256777.77408217278,0.0018300948151970253,0.0018300948151969395,687.6300688536812,0.9973220810433787,2
2025-11-24,253816.71446972305,-0.011531604022325337,-0.011531604022325389,687.6300688536812,0.9972908400839942,2
2025-11-25,252726.05100951868,-0.004297051368279736,-0.004297051368279599,687.6300688536812,0.9972791484450972,2
2025-11-26,255999.91254584576,0.012954191003458515,0.012954191003458241,687.6300688536812,0.9973139441259359,2
2025-11-27,251635.12024135515,-0.017049975763991476,-0.017049975763991435,687.6300688536812,0.9972673525531963,2
2025-11-28,253659.64523788664,0.00804547868592298,0.008045478685923015,687.6300688536812,0.9972891625382161,2
2025-12-01,251009.51639360044,-0.01044757766573734,-0.01044757766573732,687.6300688536812,0.9972605418362888,2
2025-12-02,250801.55781428196,-0.0008284888250705835,4.2597262917749325e-06,843.6022576987016,0.9966363755271272,2
2025-12-03,250653.75589040457,-0.0005893182050600299,-0.000589318205059924,843.6022576987016,0.9966343921131285,2
2025-12-04,248172.82512224105,-0.009897839987876633,-0.009897839987876649,843.6022576987016,0.9966007468493653,2
2025-12-05,245633.6962779549,-0.010231292821989868,-0.010231292821990118,843.6022576987016,0.9965656085851344,2
2025-12-08,243094.5674336687,-0.010337054250948441,-0.010337054250948165,843.6022576987016,0.996529736280804,2
2025-12-09,243721.49820183223,0.002578958364976902,0.0025789583649769494,843.6022576987016,0.9965386629250075,2
2025-12-10,247111.419350609,0.013908995200618168,0.013908995200618139,843.6022576987016,0.9965861462011119,2
2025-12-11,242590.51857487194,-0.018294989311370857,-0.018294989311370892,843.6022576987016,0.996522525848683,2
2025-12-12,243900.77662100957,0.005401109877809285,0.00540110987780941,843.6022576987016,0.9965412071688088,2
2025-12-15,238923.27385747578,-0.02040790042775542,-0.020407900427755567,843.6022576987016,0.9964691499321998,2
2025-12-16,237063.55694988405,-0.007783741104690822,-0.007783741104690614,843.6022576987016,0.9964414511089232,2
2025-12-17,235051.42550326465,-0.008487729925712562,-0.008487729925712654,843.6022576987016,0.9964109885490272,2
2025-12-18,237432.782088549,0.010131215244432834,0.010131215244432947,843.6022576987016,0.9964469849096741,2
2025-12-19,241182.63392867445,0.01579331972249287,0.015793319722492972,843.6022576987016,0.9965022263669772,2
2025-12-22,239068.89278936997,-0.00876406856029932,-0.00876406856029954,843.6022576987016,0.9964713006035378,2
2025-12-23,240393.37880500202,0.005540185509617768,0.005540185509617928,843.6022576987016,0.9964907425408626,2
2025-12-24,242666.3300904677,0.009455132652839815,0.00945513265283993,843.6022576987016,0.9965236122482085,2
2025-12-25,241189.42953580798,-0.006086137100722255,-0.006086137100722384,843.6022576987016,0.9965023249181264,2
2025-12-26,239705.73337401473,-0.006151580376672294,-0.006151580376672361,843.6022576987016,0.9964806755106586,2
2025-12-29,237910.4125270326,-0.00748968671592376,-0.007489686715923708,843.6022576987016,0.9964541179650854,2
2025-12-30,241189.42953580798,0.013782570396757121,0.013782570396757251,843.6022576987016,0.9965023249181264,2
2025-12-31,240711.79909732437,-0.0019803124846841103,-0.001980312484684023,843.6022576987016,0.9964953846846635,2
2026-01-05,242977.95477565657,0.009414393838732993,0.009414393838733024,843.6022576987016,0.9965280707935928,2
2026-01-06,240433.39482546458,-0.010472390190877201,-0.01042798770222366,1022.8134318187018,0.9957459593640843,2
2026-01-07,238059.62945444728,-0.009872860518150839,-0.00987286051815083,1022.8134318187018,0.9957035410238911,2
2026-01-08,236530.12844631143,-0.006424865113169087,-0.006424865113169158,1022.8134318187018,0.9956757583546028,2
2026-01-09,234684.00275298677,-0.007805033994828681,-0.007805033994828675,1022.8134318187018,0.9956417420027761,2
2026-01-12,233207.102198327,-0.00629314540972048,-0.006293145409720395,1022.8134318187018,0.9956141411553201,2
2026-01-13,236160.69891478002,0.012665123354353103,0.012665123354352926,1022.8134318187018,0.9956689938820523,2
2026-01-14,237637.39507657327,0.006252929334046975,0.006252929334047125,1022.8134318187018,0.9956959070709847,2
2026-01-15,233945.3480827904,-0.01553647308999151,-0.015536473089991586,1022.8134318187018,0.9956279813204204,2
2026-01-16,231571.99149750607,-0.010144918908344569,-0.010144918908344576,1022.8134318187018,0.9955831729683522,2
2026-01-19,227985.55419640828,-0.015487353534878623,-0.015487353534878547,1022.8134318187018,0.9955136919291931,2
2026-01-20,226297.8430421113,-0.007402710931601608,-0.007402710931601626,1022.8134318187018,0.9954802334036017,2
2026-01-21,229409.85429759198,0.01375183790373824,0.013751837903738165,1022.8134318187018,0.9955415453492599,2
2026-01-22,222658.80528753743,-0.029427894589467152,-0.029427894589467055,1022.8134318187018,0.9954063643227679,2
2026-01-23,220865.68883342177,-0.008053202530212356,-0.008053202530212368,1022.8134318187018,0.9953690705096793,2
2026-01-26,218808.54814759333,-0.009313989405479561,-0.0093139894054796,1022.8134318187018,0.9953255325695558,2
2026-01-27,221920.35501020754,0.01422159640909082,0.014221596409090887,1022.8134318187018,0.9953910787869293,2
2026-01-28,221656.73956422773,-0.0011878831302684079,-0.001187883130268378,1022.8134318187018,0.9953855974159436,2
2026-01-29,220654.8782337845,-0.004519877592771948,-0.004519877592771832,1022.8134318187018,0.9953646461840965,2
2026-01-30,221815.3584961219,0.0052592549579069114,0.00525925495790696,1022.8134318187018,0.9953888971496238,2
2026-02-02,220813.2927728122,-0.004517566908367243,-0.004517566908367298,1022.8134318187018,0.9953679716516385,2
2026-02-03,221579.99881834496,0.00347219153296896,0.004299855583470255,243.9028663209756,0.9988992559453846,2
2026-02-04,217686.83390080376,-0.017570019578946217,-0.017570019578946258,243.9028663209756,0.9988795699677817,2
2026-02-05,220334.95384083374,0.012164814438142324,0.012164814438142272,243.9028663209756,0.9988930359796786,2
2026-02-06,222746.02880335247,0.010942771087788739,0.01094277108778879,243.9028663209756,0.9989050181157829,2
2026-02-09,220522.89387081872,-0.009980581671767519,-0.009980581671767484,243.9028663209756,0.9988939793867214,2
2026-02-10,222177.96883333748,0.007505229654243051,0.0075052296542429345,243.9028663209756,0.9989022184890711,2
2026-02-11,224305.01381084873,0.009573608889668073,0.00957360888966827,243.9028663209756,0.9989126285579748,2
2026-02-12,223675.01381084873,-0.0028086755141873976,-0.0028086755141874735,243.9028663209756,0.9989095658823688,2
2026-02-13,221184.92385582623,-0.011132624572578576,-0.011132624572578586,243.9028663209756,0.9988972898239666,2
2026-02-24,219309.87887831498,-0.008477272975139338,-0.008477272975139179,243.9028663209756,0.9988878619259267,2
2026-02-25,218316.83390080373,-0.004528044895151462,-0.004528044895151527,243.9028663209756,0.9988828032086989,2
2026-02-26,217938.83390080376,-0.0017314285538407859,-0.001731428553840937,243.9028663209756,0.9988808655072827,2
2026-02-27,217103.8189083,-0.003831419015868587,-0.0038314190158685443,243.9028663209756,0.9988765611422801,2
2026-03-02,216851.81890830002,-0.001160734994285928,-0.0011607349942860605,243.9028663209756,0.9988752556121094,2
2026-03-03,218516.14432641747,0.007674943316114069,0.007701249606366874,1108.1982994309756,0.9949285289521878,2
2026-03-04,223021.30924395876,0.020617080405791466,0.02061708040579141,1108.1982994309756,0.9950309757251997,2
2026-03-05,220471.15931892124,-0.011434557234385023,-0.011434557234384909,1108.1982994309756,0.9949734999223734,2
2026-03-06,222951.24927394374,0.01124904483055289,0.011249044830552815,1108.1982994309756,0.9950294142641501,2
2026-03-09,223201.24927394374,0.001121321368748207,0.001121321368748419,1108.1982994309756,0.9950349816453274,2
2026-03-10,223416.21928893623,0.0009631219166190697,0.0009631219166189927,1108.1982994309756,0.9950397589621827,2
2026-03-11,222131.18930392872,-0.005751730958017953,-0.005751730958017885,1108.1982994309756,0.9950110639442231,2
2026-03-12,223791.2192889362,0.007473196313446007,0.007473196313445918,1108.1982994309756,0.9950480706841309,2
2026-03-13,224951.24927394374,0.005183536640505304,0.005183536640505139,1108.1982994309756,0.995073606823666,2
2026-03-16,225986.27925895122,0.004601130193089276,0.0046011301930892175,1108.1982994309756,0.9950961699840143,2
2026-03-17,226566.29425145496,0.002566593841031972,0.0025665938410319887,1108.1982994309756,0.9951087239031193,2
2026-03-18,229491.44417649246,0.012910790348148682,0.01291079034814856,1108.1982994309756,0.9951710692160762,2
2026-03-19,228706.414191485,-0.003420737482499381,-0.003420737482499503,1108.1982994309756,0.9951544940121219,2
2026-03-20,230901.47416149997,0.009597719319656361,0.009597719319656514,1108.1982994309756,0.995200557712092,2
2026-03-23,230161.42918398872,-0.003205024914625043,-0.0032050249146249174,1108.1982994309756,0.9951851259207072,2
2026-03-24,225906.26426644748,-0.018487741115561507,-0.01848774111556158,1108.1982994309756,0.9950944330692667,2
2026-03-25,229546.38420647747,0.016113408593825485,0.016113408593825526,1108.1982994309756,0.995172224980751,2
2026-03-26,231481.4891540037,0.008430126025359641,0.008430126025359586,1108.1982994309756,0.9952125835051385,2
2026-03-27,233051.5491240187,0.006782658845651435,0.006782658845651494,1108.1982994309756,0.9952448361592257,2
2026-03-30,231516.5191390112,-0.006586654286475646,-0.00658665428647558,1108.1982994309756,0.9952133078730093,2
2026-03-31,236601.69904905616,0.021964652582702415,0.0219646525827024,1108.1982994309756,0.995316186215547,2
2026-04-01,241612.02888413865,0.021176220860711803,0.02117622086071181,1108.1982994309756,0.9954133148728187,2
2026-04-02,239566.23056610712,-0.00846728669710628,-0.008422718001276974,739.4299664069755,0.996913463284622,2
2026-04-03,242206.35050613713,0.01102041775166418,0.011020417751664142,739.4299664069755,0.996947107436028,2
2026-04-07,237790.1556035884,-0.01823319204191065,-0.01823319204191058,739.4299664069755,0.9968904096785248,2
2026-04-08,235006.08064106965,-0.011708116996903772,-0.011708116996903727,739.4299664069755,0.9968535709187187,2
2026-04-09,234898.0356635584,-0.0004597539655847305,-0.0004597539655846225,739.4299664069755,0.9968521236700929,2
2026-04-10,233043.94570853593,-0.007893169262931043,-0.007893169262931056,739.4299664069755,0.9968270792697109,2
2026-04-13,232305.9007310247,-0.0031669776928436866,-0.0031669776928438323,739.4299664069755,0.9968169987758376,2
2026-04-14,233265.91572352842,0.004132546738945253,0.004132546738945307,739.4299664069755,0.9968300985417716,2
2026-04-15,234663.99068604715,0.005993481551654467,0.005993481551654344,739.4299664069755,0.9968489840974525,2
2026-04-16,238138.12561858087,0.014804721092388284,0.014804721092388205,739.4299664069755,0.9968949534456683,2
2026-04-17,237778.08064106965,-0.0015119165676473756,-0.0015119165676472932,739.4299664069755,0.9968902517657918,2
2026-04-20,236740.05065606217,-0.004365541105424309,-0.004365541105424439,739.4299664069755,0.9968766165067641,2
2026-04-21,243754.26055111465,0.029628319651087587,0.029628319651087618,739.4299664069755,0.9969664941866649,2
2026-04-22,245830.32052112962,0.008517020237189366,0.00851702023718946,739.4299664069755,0.9969921124260039,2
2026-04-23,242404.17059609215,-0.013937051856640181,-0.013937051856640226,739.4299664069755,0.9969495988266676,2
2026-04-24,241696.1556035884,-0.0029208036757893963,-0.002920803675789451,739.4299664069755,0.9969406631042169,2
2026-04-27,241540.12561858093,-0.000645562543673206,-0.0006455625436731823,739.4299664069755,0.9969386868351032,2
2026-04-28,239560.03566355843,-0.00819776817599771,-0.008197768175997724,739.4299664069755,0.9969133834683284,2
2026-04-29,242626.14061108461,0.01279890002952011,0.012798900029520308,739.4299664069755,0.996952389530062,2
2026-04-30,242548.12561858093,-0.00032154405253770335,-0.00032154405253799045,739.4299664069755,0.9969514092738454,2
2026-05-06,243292.05065606217,0.003067123423790452,0.0030671234237905007,739.4299664069755,0.9969607310867206,2
2026-05-07,240068.73682500713,-0.013248742909449995,-0.01319426574505302,796.1761053669761,0.9966835494038221,2
2026-05-08,239490.72183250345,-0.002407706226758788,-0.002407706226758874,796.1761053669761,0.9966755450930419,2
2026-05-11,238125.67685499217,-0.005699782300819023,-0.005699782300819028,796.1761053669761,0.9966564878013898,2
2026-05-12,237350.6918474959,-0.003254520964440899,-0.003254520964440901,796.1761053669761,0.9966455707410429,2
2026-05-13,239305.79679502215,0.008237199278030571,0.008237199278030464,796.1761053669761,0.9966729760999107,2
2026-05-14,238223.73682500713,-0.004521662176624419,-0.004521662176624319,796.1761053669761,0.996657864090379,2
2026-05-15,241236.8117875259,0.012648088736564755,0.012648088736564735,796.1761053669761,0.9966996077444922,2
2026-05-18,241617.85676503717,0.0015795473944784089,0.0015795473944784659,796.1761053669761,0.9967048126490865,2
2026-05-19,242318.87175754085,0.002901337682112537,0.002901337682112757,796.1761053669761,0.9967143454424647,2
2026-05-20,244790.91673505213,0.010201619707047582,0.010201619707047598,796.1761053669761,0.996747525945872,2
2026-05-21,240683.7368250072,-0.016778318267790637,-0.016778318267790707,796.1761053669761,0.9966920236661198,2
2026-05-22,245430.85676503717,0.019723476137822438,0.01972347613782254,796.1761053669761,0.9967560064946146,2
2026-05-25,245737.93172755587,0.0012511668930557107,0.0012511668930558282,796.1761053669761,0.9967600602000278,2
2026-05-26,248049.9916975709,0.009408640960559378,0.00940864096055923,796.1761053669761,0.9967902594960063,2
2026-05-27,249944.02168257837,0.0076356784857978255,0.007635678485797966,796.1761053669761,0.9968145823212444,2
2026-05-28,248320.93172755587,-0.006493813871186638,-0.006493813871186674,796.1761053669761,0.9967937616058864,2
2026-05-29,245147.8717575409,-0.01277806082612587,-0.012778060826125988,796.1761053669761,0.9967522618097439,2
2026-06-01,246561.9467200596,0.0057682530644902474,0.00576825306449041,796.1761053669761,0.9967708881441023,2
2026-06-02,248480.0666600896,0.007779464615469411,0.007779464615469607,796.1761053669761,0.9967958149880244,2
2026-06-03,250091.11163760087,0.006483598459892326,0.0064835984598921115,796.1761053669761,0.9968164558102302,2
2026-06-04,249267.09664509713,-0.003294859169956421,-0.0032948591699565174,796.1761053669761,0.9968059318053496,2
2026-06-05,248185.0366750821,-0.004340965913987582,-0.004340965913987445,796.1761053669761,0.9967920060127988,2
2026-06-08,253571.2465701346,0.02170239578989608,0.021702395789895843,796.1761053669761,0.9968601483167503,2
2026-06-09,253878.32153265335,0.0012110007213843588,0.0012110007213843436,796.1761053669761,0.9968639460803094,2
2026-06-10,257051.38150266832,0.012498349409509668,0.01249834940950981,796.1761053669761,0.9969026577460401,2
2026-06-11,259953.5014426983,0.011290038291429605,0.011290038291429515,796.1761053669761,0.9969372364636432,2
2026-06-12,258158.38150266832,-0.006905542453043978,-0.006905542453044023,796.1761053669761,0.9969159393519101,2
2026-06-15,262388.5614127133,0.016385987103817,0.016385987103816932,796.1761053669761,0.9969656600078894,2
2026-06-16,254862.3215326533,-0.02868356699521646,-0.028683566995216323,796.1761053669761,0.9968760540962703,2
2026-06-17,252255.23157763085,-0.010229405191572893,-0.010229405191573024,796.1761053669761,0.9968437677173726,2
2026-06-18,248517.05166758585,-0.014819038188687017,-0.014819038188686923,796.1761053669761,0.9967962918438614,2
2026-06-22,243130.84177253343,-0.021673401719963126,-0.021673401719963327,796.1761053669761,0.9967253183530215,2
2026-06-23,247213.0816525934,0.016790300441929196,0.016790300441929015,796.1761053669761,0.996779393307002,2
2026-06-24,253447.3964951721,0.025218385697484136,0.025218385697484108,796.1761053669761,0.9968586139910016,2
2026-06-25,244532.02168257837,-0.03517643083291078,-0.035176430832910686,796.1761053669761,0.9967440824318687,2
2026-06-26,242478.85676503717,-0.008396302878509565,-0.00839630287850958,796.1761053669761,0.9967165132828942,2
2026-06-29,240412.79679502215,-0.008520577825129827,-0.008520577825129754,796.1761053669761,0.9966882956482312,2
2026-06-30,241359.8117875259,0.003939120567326482,0.003939120567326404,796.1761053669761,0.9967012896659538,2
2026-07-01,237018.67685499217,-0.017986154780213814,-0.01798615478021392,796.1761053669761,0.9966408718674349,2
2026-07-02,237055.66186248843,0.00015604258696821915,0.00015604258696827673,796.1761053669761,0.9966413959526991,2
2026-07-03,235014.54192245845,-0.008610298205887212,-0.008610298205887242,796.1761053669761,0.996612226210114,2
2026-07-06,232456.48195244343,-0.010884688024365041,-0.010884688024364994,796.1761053669761,0.99657494556108,2
2026-07-07,237166.61688497715,0.02026243748065215,0.02026243748065222,796.1761053669761,0.9966429672277481,2
2026-07-08,242675.82678002963,0.023229280610451042,0.02322928061045098,796.1761053669761,0.996719178354387,2
2026-07-09,245922.00669007463,0.013376610077391327,0.013376610077391184,796.1761053669761,0.9967624853258035,2
2026-07-10,243683.69833703368,-0.009101700100641263,-0.009101700100641322,796.1761053669761,0.9967327477759066,2
2026-07-13,247137.55416837317,0.014173520243289106,0.014173520243289148,796.1761053669761,0.996778409060306,2
2026-07-14,252283.67547086446,0.020822902936820542,0.020822902936820587,796.1761053669761,0.9968441235689112,2
2026-07-15,248405.28605743544,-0.015373128705970962,-0.015373128705971125,796.1761053669761,0.996794850391457,2
2026-07-16,251781.66728598246,0.013592227774759769,0.013592227774759739,796.1761053669761,0.9968378313085732,2
2026-07-17,247062.3604221309,-0.018743647679841602,-0.018743647679841352,796.1761053669761,0.996777428564972,2
2026-07-20,252384.29207082104,0.02154084353277086,0.02154084353277063,796.1761053669761,0.9968453817040898,2
2026-07-21,260818.88942875998,0.033419660505544124,0.033419660505544076,796.1761053669761,0.996947398606325,2
2026-07-22,252609.87330954772,-0.0314740091762199,-0.031474009176219724,796.1761053669761,0.9968481987859938,2
2026-07-23,253802.41145236773,0.004720869090333091,0.004720869090333265,796.1761053669761,0.9968630081140251,2
2026-07-24,257141.19580779364,0.013155053714107634,0.013155053714107377,796.1761053669761,0.9969037395860829,2
2026-07-27,257994.82468507328,0.003319689303761697,0.0033196893037616914,796.1761053669761,0.9969139841997263,2
2026-07-28,260253.86151704245,0.008756132355471458,0.008756132355471574,796.1761053669761,0.9969407712119006,2
2026-07-29,264257.752976692,0.01538456119847953,0.015384561198479483,796.1761053669761,0.9969871230024528,2
2026-07-30,261784.77151795255,-0.009358217236326682,-0.00935821723632686,796.1761053669761,0.9969586614960436,2
2026-07-31,262424.99317591224,0.002445603135153185,0.002445603135153277,796.1761053669761,0.9969660812572327,2
2026-08-03,262876.693060816,0.001721253297703118,0.0017212532977031413,796.1761053669761,0.9969712944266886,2
2026-08-04,257474.14880987623,-0.02055162893307494,-0.019765511101500016,713.0412027505809,0.9972306299251926,2
2026-08-05,250950.60583924552,-0.02533669108446235,-0.025336691084462418,713.0412027505809,0.9971586392454962,2
2026-08-06,248363.08742326093,-0.010310867380978195,-0.010310867380978177,713.0412027505809,0.997129037128068,2
2026-08-07,248577.59356192243,0.0008636796268195468,0.0008636796268197435,713.0412027505809,0.9971315145804847,2
2026-08-10,247302.0833308199,-0.005131235735391315,-0.005131235735391494,713.0412027505809,0.9971167197900361,2
2026-08-11,249419.60993168654,0.008562510159018766,0.008562510159018757,713.0412027505809,0.9971411983085617,2
2026-08-12,251359.12834767113,0.007776126410091733,0.007776126410091783,713.0412027505809,0.9971632571793282,2
2026-08-13,249524.6222090096,-0.007298346993486193,-0.007298346993486101,713.0412027505809,0.9971424014334213,2
2026-08-14,251249.63448633265,0.0069131946260523325,0.006913194626052276,713.0412027505809,0.9971620209350419,2
2026-08-17,251160.63039389165,-0.00035424565939357056,-0.0003542456593937036,713.0412027505809,0.9971610152370125,2
2026-08-18,252253.65085609676,0.004351878160565814,0.0043518781605657204,713.0412027505809,0.9971733166186866,2
2026-08-19,257141.18564184543,0.019375476902559807,0.01937547690255982,713.0412027505809,0.9972270439643078,2
2026-08-20,257412.67950318387,0.0010558163238640894,0.0010558163238641788,713.0412027505809,0.9972299686086685,2
2026-08-21,258793.2020116095,0.005363071124119045,0.005363071124119089,713.0412027505809,0.9972447452359332,2
2026-08-24,257825.68359562493,-0.003738577398726184,-0.0037385773987262646,713.0412027505809,0.997234405848143,2
2026-08-25,263053.2265662556,0.02027549349516944,0.020275493495169418,713.0412027505809,0.9972893653042838,2
2026-08-26,261866.72042759412,-0.004510517335785891,-0.00451051733578587,713.0412027505809,0.9972770835423979,2
2026-08-27,261814.21428893256,-0.00020050710749275336,-0.00020050710749280496,713.0412027505809,0.9972765374688034,2
2026-08-28,259190.19791916848,-0.010022436623201347,-0.010022436623201347,713.0412027505809,0.9972489653988653,2
2026-08-31,263915.73270491714,0.018231919353765003,0.018231919353765197,713.0412027505809,0.9972982239617074,2
2026-09-01,267883.77362932736,0.015035257215403997,0.015035257215403736,713.0412027505809,0.9973382441456226,2
2026-09-02,272473.7985942871,0.017134389674945183,0.017972491625609238,428.5272895205999,0.9984272715698486,2
2026-09-03,272147.29654806654,-0.0011982878643927997,-0.001198287864392615,428.5272895205999,0.9984253847274763,2
2026-09-04,267045.7658547589,-0.01874547628440837,-0.018745476284408515,428.5272895205999,0.9983953039354547,2
2026-09-07,269616.77813208196,0.009627609219317712,0.009627609219317847,428.5272895205999,0.9984106059997844,2
2026-09-08,261983.70856058464,-0.02831081071578556,-0.028310810715785693,428.5272895205999,0.9983642979486204,2
2026-09-09,261045.2065143641,-0.003582291629418255,-0.003582291629418123,428.5272895205999,0.9983584173207294,2
2026-09-10,265045.7494849948,0.015325096461445975,0.015325096461446027,428.5272895205999,0.9983831950131128,2
2026-09-11,268637.27199342044,0.013550575760615802,0.013550575760615847,428.5272895205999,0.9984048107459523,2
2026-09-14,269617.28836318455,0.003648102746472537,0.003648102746472538,428.5272895205999,0.9984106090075969,2
2026-09-15,271902.8026867281,0.008476883427686044,0.008476883427686118,428.5272895205999,0.9984239688400185,2
2026-09-16,267779.7576698769,-0.015163672371562575,-0.01516367237156271,428.5272895205999,0.9983997024523082,2
2026-09-17,266677.23925389233,-0.004117258248264588,-0.004117258248264574,428.5272895205999,0.998393086373927,2
2026-09-18,266840.74539255386,0.0006131237113409238,0.0006131237113409394,428.5272895205999,0.9983940710070713,2
2026-09-21,265371.2310690102,-0.0055070837153516905,-0.005507083715351358,428.5272895205999,0.9983851780473929,2
2026-09-22,268350.75357743585,0.011227752520207579,0.011227752520207301,428.5272895205999,0.998403107560505,2
2026-09-23,268881.2556236564,0.0019768979186691737,0.0019768979186691646,428.5272895205999,0.9984062582253023,2
2026-09-24,267251.17218741635,-0.006062465873491796,-0.005009692007718223,267251.17218741635,0.0,0
