tree
version=v4
num_class=1
num_tree_per_iteration=1
label_index=0
max_feature_idx=23
objective=lambdarank
feature_names=Column_0 Column_1 Column_2 Column_3 Column_4 Column_5 Column_6 Column_7 Column_8 Column_9 Column_10 Column_11 Column_12 Column_13 Column_14 Column_15 Column_16 Column_17 Column_18 Column_19 Column_20 Column_21 Column_22 Column_23
feature_infos=[-2.8707199096679688:1.7337260246276855] [-1.4033499956130981:2.5005612373352051] [-1.2703711986541748:2.8120923042297363] [-2.4748332500457764:3.0045833587646484] [-0.66183751821517944:1.6389422416687012] [-2.6019799709320068:1.8919925689697266] [-1.1248760223388672:3.0370988845825195] [-3.5753879547119141:1.9016095399856567] [-2.1968531608581543:2.1679477691650391] [-1.0730923414230347:1.9400030374526978] [-1.0632303953170776:2.8151693344116211] [-2.9535558223724365:2.9696903228759766] [-2.4684848785400391:3.1746187210083008] [-4.3413271903991699:1.7943376302719116] [-1.2829312086105347:4.7760739326477051] [-2.6704778671264648:2.63877272605896] [-4.3478174209594727:1.5158103704452515] [-2.9773988723754883:2.9774856567382812] [-4.8661012649536133:1.05962073802948] [-3.5699975490570068:2.0406937599182129] [0:1] [0:1] [0:1] [0:1]
tree_sizes=891 898 688 910 902 896 691 898 794 693 896 907 791 900 907 680 905 905 685 905 899 914 792 901 893 904 906 894 900 900 900 902 781 883 900 900 690 907 695 759 902 696 793 878 890 908 900 901 906 884 905 675 910 670 904 882 902 905 898 906 901 659 859 889 837 903 910 907 899 903 882 905 799 765 901 868 888 905 885 907 690 901 687 882 898 908 897 694 906 588 908 693 904 892 797 891 877 802 904 907 907 909 881 772 906 907 865 879 866 880 910 907 901 903 796 775 800 906 908 906 909 910 910 693 907 911 905 902 885 900 907 906 908 797 903 907 877 915 904 692 904 907 898 686 902 689 893 891 776 896 905 909 802 893 789 890 688 905 905 901 696 695 906 911 697 896 773 904 905 873 895 898 778 580 781 887 589 905 905 671

Tree=0
num_leaves=7
num_cat=0
split_feature=14 11 4 9 0 17
split_gain=9.09327 6.21437 4.43778 3.26002 3.06102 2.36491
threshold=0.71164682507514965 -0.28249238431453699 -0.30591996014118189 -0.27542085945606226 -1.4730488657951353 -0.49326607584953303
decision_type=2 2 2 2 2 2
left_child=1 4 -2 -3 -1 -4
right_child=2 3 5 -5 -6 -7
leaf_value=-0.0052581095327606719 0.0031915304145707386 -0.00069505058995107422 0 0.0083509668746636779 0.0024834292039818844 -0.0072792502720112765
leaf_weight=73.553625613451004 35.058944553136826 27.741661205887794 38.007844362407923 134.18982226587832 61.848580360412598 193.95897290669382
leaf_count=819 313 350 459 1570 725 2140
internal_value=-0.000550565 0.00285441 -0.00448576 0.00656539 -0.00147134 -0.00604544
internal_weight=564.359 297.334 267.026 161.931 135.402 231.967
internal_count=6376 3464 2912 1920 1544 2599
is_linear=0
shrinkage=0.03


Tree=1
num_leaves=7
num_cat=0
split_feature=14 0 1 7 4 11
split_gain=72.2724 62.4516 54.7016 39.2574 32.9591 16.7206
threshold=0.71164682507514965 0.14348567277193072 0.35016807913780218 1.246377229690552 -0.31578169763088221 -0.2045488357543945
decision_type=2 2 2 2 2 2
left_child=1 2 -1 4 -2 -5
right_child=3 -3 -4 5 -6 -7
leaf_value=0.0039264057122735266 0.0080668175804313492 0.023154804492550977 -0.0094062024091382205 -0.023480876928143081 -0.0045817784484756541 -0.0047179199326288154
leaf_weight=2144.9858563356102 196.03948949277401 116.89231294393539 296.3426907658577 112.41609847545624 1234.2125396132469 95.474414110183716
leaf_count=2923 269 138 392 192 2285 174
internal_value=0.000217468 0.00337238 0.00222036 -0.0046545 -0.00271937 -0.0162975
internal_weight=4196.36 2558.22 2441.33 1638.14 1430.25 207.891
internal_count=6373 3453 3315 2920 2554 366
is_linear=0
shrinkage=0.03


Tree=2
num_leaves=5
num_cat=0
split_feature=14 11 14 4
split_gain=51.3515 54.6228 40.1099 20.7787
threshold=-0.97011661529541005 -0.44181004166603083 0.69432741403579723 1.1000504493713381
decision_type=2 2 2 2
left_child=-1 3 -3 -2
right_child=1 2 -4 -5
leaf_value=0.022630587839563399 -0.00632071230389053 0.0050958691771334661 -0.0024254970102389039 0.0097214166342047097
leaf_weight=69.937737256288528 1198.3130869828165 1605.4470072388649 1022.6251014620066 56.985535115003586
leaf_count=78 2022 2175 2023 87
internal_value=0.000210738 -0.000291547 0.00215031 -0.00540438
internal_weight=3953.31 3883.37 2628.07 1255.3
internal_count=6385 6307 4198 2109
is_linear=0
shrinkage=0.03


Tree=3
num_leaves=7
num_cat=0
split_feature=14 0 18 11 6 16
split_gain=57.8753 44.4959 55.9113 48.4257 40.2252 25.3893
threshold=0.69432741403579723 -1.5935321450233457 -1.6076194643974302 -0.19590575993061063 -0.054294306784868233 -0.028585390187799927
decision_type=2 2 2 2 2 2
left_child=1 3 -3 -1 -2 -6
right_child=4 2 -4 -5 5 -7
leaf_value=-0.0081243214723614818 0.0010574742472265269 -0.0078816686814692297 0.0093029615173610865 0.0047724269974497007 0.0039177913850722019 -0.010940693450627549
leaf_weight=485.16185024753213 660.06240973621607 180.01477193832397 1148.1945363357663 521.04720582067966 104.52035109698772 679.16915834695101
leaf_count=796 1334 252 1659 693 204 1418
internal_value=0.000349333 0.00327437 0.00684702 -0.00142465 -0.00431931 -0.00883619
internal_weight=3778.17 2334.42 1328.21 1006.21 1443.75 783.69
internal_count=6356 3400 1911 1489 2956 1622
is_linear=0
shrinkage=0.03


Tree=4
num_leaves=7
num_cat=0
split_feature=15 14 0 3 1 8
split_gain=48.5064 41.32 42.0329 30.6436 28.6797 22.7345
threshold=-1.4184907674789426 0.65276396274566661 -1.4685729146003721 -0.40526412427425379 -0.042627507820725434 -1.0213693380355833
decision_type=2 2 2 2 2 2
left_child=3 2 -2 4 -1 -5
right_child=1 -3 -4 5 -6 -7
leaf_value=0.0068752871604762476 0.00073508901233624061 -0.0024864844926595119 0.010627160095563437 0.000236164324711459 -0.0054112941450731745 -0.011968896562781909
leaf_weight=310.17521305382252 768.05469815433025 775.22915641590953 795.01662531495094 176.68438237905502 333.10095247626305 469.21258951723576
leaf_count=564 1244 1704 1100 312 611 851
internal_value=0.000497251 0.00307988 0.00587504 -0.00411677 0.000451269 -0.0086333
internal_weight=3627.47 2338.3 1563.07 1289.17 643.276 645.897
internal_count=6386 4048 2344 2338 1175 1163
is_linear=0
shrinkage=0.03


Tree=5
num_leaves=7
num_cat=0
split_feature=14 12 0 5 4 6
split_gain=45.029 37.1024 46.3375 42.4064 23.843 29.8985
threshold=0.71164682507514965 2.124697327613831 -1.5622841715812681 0.23206014186143878 -0.3123969286680221 -0.095067750662565217
decision_type=2 2 2 2 2 2
left_child=1 2 -1 -3 5 -2
right_child=4 3 -4 -5 -6 -7
leaf_value=-0.0046049967167037485 0.017782610840741502 -0.00040631664252229046 0.005086077837026387 0.018140022547316628 -0.0057130360179327259 -0.0051842883252566398
leaf_weight=756.59229527041316 75.93723751604557 176.62838333845139 1011.6174765825272 249.51527632772923 1122.6410433575511 88.667654916644096
leaf_count=1311 133 274 1504 378 2627 191
internal_value=0.000278302 0.00289918 0.000900723 0.0106448 -0.00411958 0.00586469
internal_weight=3481.6 2194.35 1768.21 426.144 1287.25 164.605
internal_count=6418 3467 2815 652 2951 324
is_linear=0
shrinkage=0.03


Tree=6
num_leaves=5
num_cat=0
split_feature=14 11 0 3
split_gain=38.0715 31.6885 38.6911 32.0294
threshold=-0.97011661529541005 -0.28249238431453699 -1.5766479372978208 0.55922260880470287
decision_type=2 2 2 2
left_child=-1 2 -2 -3
right_child=1 3 -4 -5
leaf_value=0.021439935315233818 -0.0092277884399304937 0.0030451472473115512 0.00075308933079826603 -0.0097524037495737657
leaf_weight=51.60411174595356 664.10596071556211 1759.3621498942375 688.39028181880713 174.20278266072273
leaf_count=76 1385 3336 1259 344
internal_value=-0.000178589 -0.00066388 -0.00416708 0.00177341
internal_weight=3337.67 3286.06 1352.5 1933.56
internal_count=6400 6324 2644 3680
is_linear=0
shrinkage=0.03


Tree=7
num_leaves=7
num_cat=0
split_feature=14 12 0 10 15 2
split_gain=41.8271 32.3026 61.1777 60.76 25.341 22.5216
threshold=0.018644616007804874 1.1567983627319338 -1.601154565811157 1.0511176586151125 0.67261385917663585 0.026678652502596382
decision_type=2 2 2 2 2 2
left_child=1 2 -1 -3 5 -2
right_child=4 3 -4 -5 -6 -7
leaf_value=-0.011444142019221702 -0.00096387729598932325 -0.006320535267263735 0.0060572493360914383 0.014977163366013811 0.012131376685318124 -0.0075811289030444373
leaf_weight=266.23147210106254 1082.1993863359094 151.01328133046627 462.12297415733337 402.23398235440254 72.013772532343864 831.65247827768326
leaf_count=533 2265 252 724 655 129 1782
internal_value=-0.000460835 0.003709 -0.000394645 0.00904142 -0.00319195 -0.00391906
internal_weight=3267.47 1281.6 728.354 553.247 1985.87 1913.85
internal_count=6340 2164 1257 907 4176 4047
is_linear=0
shrinkage=0.03


Tree=8
num_leaves=6
num_cat=0
split_feature=0 3 4 13 17
split_gain=38.2759 40.7247 33.1928 19.2086 11.1108
threshold=0.055216835811734206 0.55922260880470287 -0.14285378158092496 -0.18317991495132444 0.36313998699188238
decision_type=2 2 2 2 2
left_child=1 2 -1 -3 -2
right_child=4 3 -4 -5 -6
leaf_value=0.0054570802444388385 0.0010421884610670609 -0.01900655195328195 -0.0015340126734033142 -0.0043595192807513918 0.021230558767280777
leaf_weight=929.77109110355377 44.407897084951401 106.41398809850216 1679.1472283415496 321.0011391043663 77.496422186493874
leaf_count=1892 83 229 3333 667 140
internal_value=0.000240447 -0.000449176 0.000957224 -0.00882691 0.0154825
internal_weight=3158.24 3036.33 2608.92 427.415 121.904
internal_count=6344 6121 5225 896 223
is_linear=0
shrinkage=0.03


Tree=9
num_leaves=5
num_cat=0
split_feature=14 3 11 18
split_gain=31.4827 33.0344 24.2367 17.0128
threshold=-0.97011661529541005 0.48036541044712072 0.43495620787143713 -0.11595309898257254
decision_type=2 2 2 2
left_child=-1 2 -2 -3
right_child=1 3 -4 -5
leaf_value=0.02010123129730735 -0.0013460494483132929 -0.00013527595931132403 0.005165933355491697 -0.012053037868103232
leaf_weight=44.827512234449387 1950.8922694325447 176.25754001736641 674.38772799819708 309.48462276160717
leaf_count=73 3930 397 1364 644
internal_value=-0.000554335 -0.000997629 0.000330491 -0.00802353
internal_weight=3155.85 3111.02 2625.28 485.742
internal_count=6408 6335 5294 1041
is_linear=0
shrinkage=0.03


Tree=10
num_leaves=7
num_cat=0
split_feature=15 6 7 6 13 11
split_gain=25.7316 29.9288 27.2523 22.8604 21.8068 20.2583
threshold=-1.4073573946952818 -0.031766267493367188 1.246377229690552 0.27880486845970159 1.2168654203414919 -0.19590575993061063
decision_type=2 2 2 2 2 2
left_child=1 2 -1 -3 5 -2
right_child=4 3 -4 -5 -6 -7
leaf_value=0.0040889487501172411 -0.00071220609674712892 -0.012394423408308384 -0.013637270496222079 0.00018480428137701381 -0.011750189948626708 0.005425545768896538
leaf_weight=482.94942485541105 813.66880458593369 374.96069531142712 71.845928624272346 179.14565062522888 76.301117464900017 1107.1330225355923
leaf_count=989 1673 824 169 366 143 2194
internal_value=6.89413e-05 -0.0035384 0.00129439 -0.00835822 0.0021169 0.00281408
internal_weight=3106 1108.9 554.795 554.106 1997.1 1920.8
internal_count=6358 2348 1158 1190 4010 3867
is_linear=0
shrinkage=0.03


Tree=11
num_leaves=7
num_cat=0
split_feature=14 11 13 4 9 1
split_gain=23.8767 34.0322 30.313 26.4625 22.7718 22.3852
threshold=0.67533418536186229 -0.18336180597543714 -0.71258074045181263 -0.31578169763088221 -0.081502728164196001 0.37283888459205633
decision_type=2 2 2 2 2 2
left_child=1 5 -3 4 -2 -1
right_child=3 2 -4 -5 -6 -7
leaf_value=-0.0001529762666739495 0.014824909074770423 0.020111375612141939 0.0038300960423919895 -0.0049039261924526661 -0.0064955834650833617 -0.014330696183501426
leaf_weight=803.83890464901924 105.44304691255093 102.74420791864395 889.70379877835512 1078.4658166319132 51.420458450913429 96.124218836426735
leaf_count=1530 199 186 1544 2690 113 179
internal_value=1.63953e-05 0.00214527 0.00593888 -0.00317927 0.00755251 -0.00201113
internal_weight=3127.74 1892.41 992.448 1235.33 156.864 899.963
internal_count=6441 3439 1730 3002 312 1709
is_linear=0
shrinkage=0.03


Tree=12
num_leaves=6
num_cat=0
split_feature=0 12 10 15 10
split_gain=27.4156 26.905 48.6463 25.9243 6.82017
threshold=0.14348567277193072 2.0416989326477055 1.0633023381233218 -1.4782938957214353 0.99606311321258556
decision_type=2 2 2 2 2
left_child=1 3 -3 -1 -2
right_child=4 2 -4 -5 -6
leaf_value=-0.0068525729209405715 0.0020987444670151852 -0.0077917450709142633 0.0098844459908696749 6.0246443728642716e-05 0.020591424226982871
leaf_weight=666.6100153028965 41.486475631594658 175.80672893673182 468.37338761985302 1630.9014690667391 50.889871940016747
leaf_count=1459 87 428 988 3336 94
internal_value=0.000112901 -0.000420017 0.00488064 -0.00196141 0.0146718
internal_weight=3034.07 2941.69 644.18 2297.51 92.3763
internal_count=6392 6211 1416 4795 181
is_linear=0
shrinkage=0.03


Tree=13
num_leaves=7
num_cat=0
split_feature=11 16 19 13 5 8
split_gain=26.6312 23.7423 16.4278 15.3223 20.4642 13.9021
threshold=-0.35782642662525171 -0.22261599451303479 1.6167818307876589 1.2168654203414919 0.58048337697982799 -0.089950233697891221
decision_type=2 2 2 2 2 2
left_child=1 5 -3 4 -2 -1
right_child=3 2 -4 -5 -6 -7
leaf_value=0.01050761051366964 0.0019728578249065295 -0.0068929665310803615 0.0061304400686722042 -0.010065213645026683 0.015295878602365745 -0.0049406124167836107
leaf_weight=133.2302265688777 1736.1013151779771 829.17291374504566 76.806109726428986 65.51570388674736 93.435763403773308 59.030180186033249
leaf_count=273 3663 1840 160 148 178 128
internal_value=9.91187e-05 -0.00355937 -0.00561552 0.00226568 0.00284376 0.00546322
internal_weight=2993.29 1098.24 905.979 1895.05 1829.54 192.26
internal_count=6390 2401 2000 3989 3841 401
is_linear=0
shrinkage=0.03


Tree=14
num_leaves=7
num_cat=0
split_feature=11 16 13 0 8 13
split_gain=19.6343 22.2371 21.7807 19.4751 17.5854 10.8491
threshold=-0.35782642662525171 -0.18314635008573529 1.1885443925857546 -1.2120152711868284 -1.2515159845352171 -0.040218770503997796
decision_type=2 2 2 2 2 2
left_child=1 5 4 -3 -2 -1
right_child=2 3 -4 -5 -6 -7
leaf_value=-0.0042083418565117374 0.0084845827632612711 -0.008594939150177049 -0.012158207660262011 0.0005475060682276565 0.0010075541843593172 0.0092123354214781236
leaf_weight=58.811864659190178 341.28935734927654 563.47830385714769 74.857829228043556 305.31900814175606 1467.6794061437249 148.15502658486366
leaf_count=138 721 1335 177 624 3073 278
internal_value=-2.96709e-05 -0.00324834 0.00179166 -0.00537451 0.00252837 0.00509957
internal_weight=2959.59 1075.76 1883.83 868.797 1808.97 206.967
internal_count=6346 2375 3971 1959 3794 416
is_linear=0
shrinkage=0.03


Tree=15
num_leaves=5
num_cat=0
split_feature=14 1 10 5
split_gain=23.2846 21.6417 22.3419 18.3902
threshold=-0.97011661529541005 0.19110777229070666 1.1357216835021975 0.23206014186143878
decision_type=2 2 2 2
left_child=-1 3 -3 -2
right_child=1 2 -4 -5
leaf_value=0.018635166303292625 -0.00038149905877599475 -0.01270480582984361 -0.00091019578783732417 0.0054513446546860106
leaf_weight=41.568534538149834 1499.6157135367393 193.56229501217604 498.2426493614912 687.14599707722664
leaf_count=78 3257 429 1077 1514
internal_value=0.000380096 0 -0.00455879 0.00145696
internal_weight=2920.14 2878.57 691.805 2186.76
internal_count=6355 6277 1506 4771
is_linear=0
shrinkage=0.03


Tree=16
num_leaves=7
num_cat=0
split_feature=4 7 12 16 4 16
split_gain=26.9164 44.3731 40.3956 25.205 19.9152 16.9866
threshold=-0.14443080127239225 0.46005007624626165 2.1007242202758794 -0.21071263402700421 0.65352132916450512 -0.014008599333465098
decision_type=2 2 2 2 2 2
left_child=2 3 5 -2 -3 -1
right_child=1 4 -4 -5 -6 -7
leaf_value=-0.0091892167084687559 0.0099832184597216395 -0.010169325766240774 0.014042070172771162 -0.00090956452120695148 0.0031169847120970139 0.0022229658275931697
leaf_weight=122.25663220882416 217.16237524151802 615.1772850677371 233.43681606650352 940.35353007912636 103.55099295079708 646.16890322417021
leaf_count=268 424 1435 487 2026 205 1468
internal_value=-0.00025108 -0.0023837 0.00365257 0.00121794 -0.00814131 0.00014414
internal_weight=2878.11 1876.24 1001.86 1157.52 718.728 768.426
internal_count=6313 4090 2223 2450 1640 1736
is_linear=0
shrinkage=0.03


Tree=17
num_leaves=7
num_cat=0
split_feature=13 11 14 16 16 12
split_gain=23.173 24.2753 21.4558 12.5735 11.9962 0.0522889
threshold=1.1885443925857546 -0.32286620140075678 0.10260282829403879 0.2630451768636704 -0.22261599451303479 1.8340041637420657
decision_type=2 2 2 2 2 2
left_child=1 4 -3 -2 -1 -5
right_child=3 2 -4 5 -6 -7
leaf_value=0.0028310151889012519 0.0011626316258703197 0.0065267510108697078 -0.00019401812674012912 -0.019930774597854563 -0.0047732240902879303 -0.0051213713579650842
leaf_weight=213.5557307228446 36.959995537996292 704.64652924984694 999.64378368109465 56.917732417583466 838.5637359842658 31.094639092683792
leaf_count=423 76 1334 2340 151 1972 73
internal_value=-0.000218393 0.000372726 0.00259339 -0.0119228 -0.00314976 -0.0171712
internal_weight=2881.38 2756.41 1704.29 124.972 1052.12 88.0124
internal_count=6369 6069 3674 300 2395 224
is_linear=0
shrinkage=0.03


Tree=18
num_leaves=5
num_cat=0
split_feature=14 0 4 2
split_gain=19.6923 20.588 21.8377 8.57954
threshold=-0.91764819622039784 0.14348567277193072 -0.14799242466688153 0.10576033219695093
decision_type=2 2 2 2
left_child=-1 2 -2 -3
right_child=1 3 -4 -5
leaf_value=0.016218220044391798 0.0033504782973746532 0.00045790689568817972 -0.0022965349445245205 0.01995097302795882
leaf_weight=50.369148150086403 910.30313205718994 40.502572566270828 1794.6516956165433 45.114649698138237
leaf_count=102 2068 90 4019 95
internal_value=0.000537451 0.000119675 -0.000363474 0.0131305
internal_weight=2840.94 2790.57 2704.95 85.6172
internal_count=6374 6272 6087 185
is_linear=0
shrinkage=0.03


Tree=19
num_leaves=7
num_cat=0
split_feature=15 5 14 23 9 14
split_gain=17.1279 17.0419 20.7428 15.8823 10.8005 18.202
threshold=-2.0532598495483394 0.25810062885284429 1.3029128313064577 1.0000000180025095e-35 -0.098698288202285753 2.432004570960999
decision_type=2 2 2 2 2 2
left_child=4 3 -3 -2 5 -1
right_child=1 2 -4 -5 -6 -7
leaf_value=-0.019498992771697789 0.00059461445115117787 0.0082934165499005848 -0.0027460844637311735 -0.0062494865019277956 -0.0014191338119496279 0.0017165313249349428
leaf_weight=84.420499876141548 1492.0795730315149 452.2031072974205 204.62101666629314 359.62470273673534 206.64344539493322 43.791838772594929
leaf_count=202 3394 895 562 760 473 125
internal_value=-0.000147461 0.000698427 0.0047861 -0.000755117 -0.00633562 -0.0125941
internal_weight=2843.38 2508.53 656.824 1851.7 334.856 128.212
internal_count=6411 5611 1457 4154 800 327
is_linear=0
shrinkage=0.03


Tree=20
num_leaves=7
num_cat=0
split_feature=4 12 7 10 14 17
split_gain=21.7701 36.7404 26.0621 17.9872 17.7565 15.1455
threshold=-0.14799242466688153 2.390985488891602 0.46005007624626165 0.76124489307403576 -0.30214244127273554 1.1360704302787783
decision_type=2 2 2 2 2 2
left_child=1 3 4 -1 -2 -4
right_child=2 -3 5 -5 -6 -7
leaf_value=0.0091629577836015597 -0.0062852765616185201 0.016393443065551551 -0.002486105786702269 -0.0012967990926390888 0.002898412055174081 -0.011858588890361735
leaf_weight=170.0974153727293 214.32627662271261 153.49638387560844 448.103765334934 628.71640419214964 936.71816701442003 251.32362920790911
leaf_count=391 439 337 1057 1436 2071 613
internal_value=0.000192608 0.00385145 -0.00167932 0.00102661 0.00105902 -0.00617334
internal_weight=2802.78 952.31 1850.47 798.814 1151.04 699.427
internal_count=6344 2164 4180 1827 2510 1670
is_linear=0
shrinkage=0.03


Tree=21
num_leaves=7
num_cat=0
split_feature=14 1 14 23 13 16
split_gain=17.0684 25.5896 20.2785 17.6743 19.2094 17.5272
threshold=0.038081530481576926 0.47269022464752203 -0.30214244127273554 1.0000000180025095e-35 0.63803309202194225 -0.1360765919089317
decision_type=2 2 2 2 2 2
left_child=1 2 -1 5 -5 -2
right_child=3 -3 -4 4 -6 -7
leaf_value=-0.00048705856722636967 0.0073732979869890409 -0.011918502281897732 0.0078421302705887885 -0.012858035671000885 0.0013295504728847263 -0.0018459683227685692
leaf_weight=449.42556440830231 199.23267215490341 76.589104205369949 567.12079299986362 218.82012788951397 117.56493486464024 1167.9399963021278
leaf_count=922 418 147 1138 496 267 2979
internal_value=-8.51521e-05 0.00278892 0.00416348 -0.00197515 -0.00793484 -0.000372291
internal_weight=2796.69 1093.14 1016.55 1703.56 336.385 1367.17
internal_count=6367 2207 2060 4160 763 3397
is_linear=0
shrinkage=0.03


Tree=22
num_leaves=6
num_cat=0
split_feature=0 15 2 12 2
split_gain=20.1405 20.5296 22.9096 10.2566 4.85869
threshold=0.14348567277193072 -2.0532598495483394 0.026678652502596382 2.4493046998977666 0.067917600274086012
decision_type=2 2 2 2 2
left_child=1 3 -3 -1 -2
right_child=4 2 -4 -5 -6
leaf_value=-0.010004043948864018 0.0017754811778202789 0.0034825561018561341 -0.0023962966896581808 0.0012292695686817931 0.018484939981641409
leaf_weight=238.49249057471752 38.162025228142738 1314.8364687301219 1050.3882771655917 83.930607438087463 46.280524134635925
leaf_count=590 85 2980 2403 191 103
internal_value=0.00036314 -0.000116166 0.000848421 -0.00700365 0.013294
internal_weight=2772.09 2687.65 2365.22 322.423 84.4425
internal_count=6352 6164 5383 781 188
is_linear=0
shrinkage=0.03


Tree=23
num_leaves=7
num_cat=0
split_feature=8 11 16 3 6 7
split_gain=20.5062 13.3252 21.378 17.7838 11.5068 2.61137
threshold=0.47002536058425909 -0.5080309510231017 -0.41499419510364527 -1.5298012495040891 -0.17702625691890714 -0.91401904821395863
decision_type=2 2 2 2 2 2
left_child=1 2 -1 -3 -2 -6
right_child=4 3 -4 -5 5 -7
leaf_value=0.0088014827818534477 0.0022621505006200555 -0.0033054972887425721 -0.0048896793904989839 0.0036157985420199271 -0.0028605564378618204 -0.014678485992310975
leaf_weight=100.5491860434413 50.989543430507183 411.24490869045258 630.00264549255371 1399.7503960877657 48.248820945620537 116.44080482423306
leaf_count=198 122 994 1508 3196 104 261
internal_value=-0.000160817 0.000597592 -0.00274104 0.00199239 -0.00864474 -0.0122258
internal_weight=2757.23 2541.55 730.552 1811 215.679 164.69
internal_count=6383 5896 1706 4190 487 365
is_linear=0
shrinkage=0.03


Tree=24
num_leaves=7
num_cat=0
split_feature=8 2 11 3 16 17
split_gain=15.765 14.6219 21.6972 20.217 11.3681 9.1869
threshold=0.49249008297920233 0.026678652502596382 0.26853534579277044 -1.5733677744865415 0.38303913176059728 0.69031834602355968
decision_type=2 2 2 2 2 2
left_child=1 3 -3 -1 -2 -6
right_child=4 2 -4 -5 5 -7
leaf_value=-0.0046670454015267458 -0.014333481399391447 -0.0046623729527437473 0.0043865089177968003 0.0042007428017961862 0.0073907247564274099 -0.0078885737979769097
leaf_weight=263.3580689355731 95.973680235445499 799.66330278664827 312.42674116790295 1177.9741454571486 49.270313695073128 52.063348025083542
leaf_count=640 222 1852 740 2668 107 118
internal_value=-0.000134359 0.000499939 -0.00203463 0.00249768 -0.00790965 0
internal_weight=2750.73 2553.42 1112.09 1441.33 197.307 101.334
internal_count=6347 5900 2592 3308 447 225
is_linear=0
shrinkage=0.03


Tree=25
num_leaves=7
num_cat=0
split_feature=4 12 7 16 9 4
split_gain=18.984 30.9021 23.4949 33.7645 18.8628 17.0795
threshold=-0.14443080127239225 2.390985488891602 0.023098286241292957 0.7371681034564973 -0.065300151705741868 -0.21400466561317441
decision_type=2 2 2 2 2 2
left_child=1 5 3 -2 -4 -1
right_child=2 -3 4 -5 -6 -7
leaf_value=-0.0024249820365798021 -0.00091439837320455935 0.014736105586466916 -0.010746071824979626 0.015414800314936207 -0.001869110589603985 0.006502098983357108
leaf_weight=536.05352705717087 687.03293774276972 151.35138885676861 335.32310247421265 115.0899039581418 630.12001670897007 273.34445831179619
leaf_count=1238 1492 333 869 257 1457 653
internal_value=-0.000186883 0.00314452 -0.00204613 0.00167356 -0.00516871 0.000601563
internal_weight=2728.32 960.749 1767.57 802.123 965.443 809.398
internal_count=6299 2224 4075 1749 2326 1891
is_linear=0
shrinkage=0.03


Tree=26
num_leaves=7
num_cat=0
split_feature=3 4 10 16 19 11
split_gain=14.9601 15.0199 19.6151 19.3116 13.5546 8.31743
threshold=0.65504670143127453 -0.14443080127239225 1.1579472422599795 -0.12404649332165717 -0.12261841446161269 -1.0995264649391172
decision_type=2 2 2 2 2 2
left_child=1 3 -3 -1 -2 -6
right_child=4 2 -4 -5 5 -7
leaf_value=-0.0081200930310143769 0.0083584613872276052 -0.0052546046750845902 0.0016974632219354945 0.0056910273831227241 0.00029600199016912676 -0.010342253746650716
leaf_weight=81.748604223132133 34.941117472946644 538.30346618592739 1023.4700810387731 783.5546722561121 73.836474657058716 230.38129281252623
leaf_count=179 76 1318 2296 1818 171 582
internal_value=0.000172966 0.00103161 -0.000696947 0.0041645 -0.00551986 -0.00771621
internal_weight=2766.24 2427.08 1561.77 865.303 339.159 304.218
internal_count=6440 5611 3614 1997 829 753
is_linear=0
shrinkage=0.03


Tree=27
num_leaves=7
num_cat=0
split_feature=6 11 17 17 5 13
split_gain=17.765 33.4944 19.4194 24.752 23.7499 18.9267
threshold=0.034652125090360648 0.44652903079986578 1.7872146368026736 2.4999824762344365 -0.28403584659099573 0.59380164742469799
decision_type=2 2 2 2 2 2
left_child=2 -2 4 -4 -1 -3
right_child=1 5 3 -5 -6 -7
leaf_value=0.010264735357699974 -0.0055144782943333474 0.01226713207095402 0.014779219334694881 -0.00401456331068396 -0.001173853613296816 -0.003308245454098174
leaf_weight=170.46953266859055 914.03624621778727 158.7539519444108 184.08684131503105 74.565497256815434 1109.1379045844078 95.992371320724487
leaf_count=365 2175 364 433 182 2607 244
internal_value=-2.76394e-05 -0.00281099 0.0020576 0.00924667 0.000438345 0.00636612
internal_weight=2707.04 1168.78 1538.26 258.652 1279.61 254.746
internal_count=6370 2783 3587 615 2972 608
is_linear=0
shrinkage=0.03


Tree=28
num_leaves=7
num_cat=0
split_feature=4 12 10 7 16 4
split_gain=15.4406 30.1461 20.9659 16.309 26.548 20.3896
threshold=-0.14085304737091062 2.390985488891602 0.75320008397102367 -0.11331881582736968 0.8014417588710786 0.65352132916450512
decision_type=2 2 2 2 2 2
left_child=1 2 -1 4 -2 -5
right_child=3 -3 -4 5 -6 -7
leaf_value=0.0089172214034016154 -0.00054179005689194255 0.014137648552109618 -0.0022787648025267442 -0.0061342348427529097 0.016921641223361466 0.0053994651901403653
leaf_weight=175.45742698013783 683.92631977796555 152.94606447219849 630.17524871975183 869.61355140060186 67.630953937768936 141.76734853535891
leaf_count=407 1497 343 1498 2175 150 288
internal_value=-0.0002392 0.00276563 0.000243862 -0.00191939 0.00134984 -0.004386
internal_weight=2721.52 958.579 805.633 1762.94 751.557 1011.38
internal_count=6358 2248 1905 4110 1647 2463
is_linear=0
shrinkage=0.03


Tree=29
num_leaves=7
num_cat=0
split_feature=6 7 17 3 5 17
split_gain=15.1574 15.2657 14.4327 13.9284 12.9314 20.6969
threshold=0.0444132648408413 0.26351867616176611 1.7872146368026736 -1.564485430717468 -0.30306206643581385 1.9195599555969241
decision_type=2 2 2 2 2 2
left_child=1 2 -1 -3 5 -2
right_child=4 3 -4 -5 -6 -7
leaf_value=0.0033174483961050417 -0.016294688044694257 -0.0085222608098536861 0.014222159832297023 0.0014356780126862905 -0.00056562714525655578 0.0047721378968542559
leaf_weight=673.86752194166183 104.24190427362919 135.91548696905375 124.04880967736244 634.36552304029465 945.07671504467726 46.568822853267193
leaf_count=1528 255 357 283 1510 2264 110
internal_value=0.000636559 0.00253197 0.00539243 -0.00041668 -0.00201874 -0.00964112
internal_weight=2664.08 1568.2 797.916 770.281 1095.89 150.811
internal_count=6307 3678 1811 1867 2629 365
is_linear=0
shrinkage=0.03


Tree=30
num_leaves=7
num_cat=0
split_feature=17 0 4 4 20 5
split_gain=14.5832 62.2711 21.924 18.2656 16.0862 25.7265
threshold=1.6904227137565615 -1.4685729146003721 -0.12214863672852515 0.15097340196371081 1.0000000180025095e-35 0.24418053030967715
decision_type=2 2 2 2 2 2
left_child=4 2 -2 -3 5 -1
right_child=1 3 -4 -5 -6 -7
leaf_value=-0.0053580196426556781 0.0050169236339782227 0.020137921852426962 -0.010252856634691082 0.0017657745503978067 0.0031197961638808787 0.0028089284076885709
leaf_weight=1094.1042736247182 115.48263073712587 164.45070677250624 201.3686136379838 82.06883329898119 523.77616886794567 478.60128194838762
leaf_count=2623 280 390 510 171 1246 1105
internal_value=-0.000122267 0.00405356 -0.00454193 0.0148383 -0.00130045 -0.00283094
internal_weight=2659.85 563.371 316.851 246.52 2096.48 1572.71
internal_count=6325 1351 790 561 4974 3728
is_linear=0
shrinkage=0.03


Tree=31
num_leaves=7
num_cat=0
split_feature=8 10 10 8 7 5
split_gain=22.3773 17.1356 17.9788 14.3262 6.69002 8.02919
threshold=0.42424079775810247 0.59226599335670482 0.96896794438362133 -1.074486970901489 -0.91401904821395863 -0.16334876418113706
decision_type=2 2 2 2 2 2
left_child=1 3 -3 -1 5 -2
right_child=4 2 -4 -5 -6 -7
leaf_value=-0.0026123346482287728 -0.0089429475288823404 -0.005774756569636259 0.0010344460304025655 0.011993173682769165 -0.012286075995844917 0.0069727157677750328
leaf_weight=69.428329408168793 35.574559740722179 410.52089465409517 1805.4203699678183 177.86309119313955 148.30946907401085 37.500477865338326
leaf_count=157 90 1036 4224 456 358 83
internal_value=-0.000230123 0.000596616 -0.000240549 0.00777949 -0.00896465 -0.000387493
internal_weight=2684.62 2463.23 2215.94 247.291 221.385 73.075
internal_count=6404 5873 5260 613 531 173
is_linear=0
shrinkage=0.03


Tree=32
num_leaves=6
num_cat=0
split_feature=0 12 10 2 18
split_gain=15.024 15.4808 39.4131 15.7683 2.6486
threshold=0.14348567277193072 2.1725811958312993 1.0583994984626772 0.16970987617969516 -0.020809356123208996
decision_type=2 2 2 2 2
left_child=1 3 -3 -1 -2
right_child=4 2 -4 -5 -6
leaf_value=0.00034940651824241526 0.0022084057008488422 -0.0084077735596860565 0.009567208040070713 -0.0055709280880120275 0.016239705071834115
leaf_weight=1529.4824998378754 38.464862689375877 131.76516892015934 371.68211067840457 522.19580175355077 41.201000466942787
leaf_count=3645 84 366 892 1254 92
internal_value=0.000442657 0 0.00460657 -0.00116772 0.0118697
internal_weight=2634.79 2555.13 503.447 2051.68 79.6659
internal_count=6333 6157 1258 4899 176
is_linear=0
shrinkage=0.03


Tree=33
num_leaves=7
num_cat=0
split_feature=0 17 12 19 4 17
split_gain=16.5521 31.7665 21.8286 16.8484 14.2129 14.007
threshold=-1.5766479372978208 1.5849488973617556 2.390985488891602 0.97511878609657299 -0.20036937296390531 0.65094870328903209
decision_type=2 2 2 2 2 2
left_child=2 3 5 -2 -4 -1
right_child=1 -3 4 -5 -6 -7
leaf_value=-0.0012257116602719027 0.0030475004610841525 0.009692270440671091 0.017124286621589744 -0.0043296741533339856 0 -0.0083041484972204826
leaf_weight=536.56672012805939 499.24405694752932 314.32542787119746 47.458900079131126 573.68571505695581 133.58056059479713 512.08925524353981
leaf_count=1314 1130 738 104 1370 360 1342
internal_value=-0.000607894 0.00160049 -0.00313299 -0.000849157 0.0058966 -0.00482919
internal_weight=2616.95 1387.26 1229.7 1072.93 181.039 1048.66
internal_count=6358 3238 3120 2500 464 2656
is_linear=0
shrinkage=0.03


Tree=34
num_leaves=7
num_cat=0
split_feature=6 8 4 5 9 14
split_gain=16.8403 24.4653 24.7202 21.2895 19.4732 9.11188
threshold=0.049105523154139526 -0.27997936308383936 0.58791291713714611 -0.30306206643581385 -0.3645359575748443 0.46660247445106512
decision_type=2 2 2 2 2 2
left_child=3 2 -2 5 -5 -1
right_child=1 -3 -4 4 -6 -7
leaf_value=0.014855617093172267 0.002663997968398989 -0.0094070142602319905 -0.012432721751693191 -0.0086063675007568719 0.0021133006882977723 0.0010774961844876455
leaf_weight=136.34639140963554 634.75940559059381 310.82669379934669 94.461037829518318 153.59311611950397 1190.9855066686869 78.022389233112335
leaf_count=288 1655 760 214 385 2888 188
internal_value=0.000268246 -0.00263278 0.00034865 0.00225049 0.000736616 0.0106168
internal_weight=2598.99 1040.05 729.22 1558.95 1344.58 214.369
internal_count=6378 2629 1869 3749 3273 476
is_linear=0
shrinkage=0.03


Tree=35
num_leaves=7
num_cat=0
split_feature=4 7 4 3 3 15
split_gain=21.498 18.3299 17.7901 16.1344 14.536 9.03165
threshold=-0.14085304737091062 0.47331987321376806 0.78437623381614696 1.2733480334281924 -1.6361442804336546 -0.48063957691192621
decision_type=2 2 2 2 2 2
left_child=3 2 -2 4 -1 -3
right_child=1 5 -4 -5 -6 -7
leaf_value=-0.0034887521172964654 0.0021352949844512382 -0.0074467960518879561 -0.009983446712319554 -0.011883232290331917 0.0065685704807349216 0.00085431095721638683
leaf_weight=133.43990159034729 970.42795772850513 486.11567046493292 101.79823829233646 33.567735448479652 763.19214251637459 132.61133711785078
leaf_count=332 2258 1290 210 95 1869 345
internal_value=0.000421372 -0.00156619 0.000768055 0.0040545 0.00496288 -0.00560265
internal_weight=2621.15 1690.95 1072.23 930.2 896.632 618.727
internal_count=6399 4103 2468 2296 2201 1635
is_linear=0
shrinkage=0.03


Tree=36
num_leaves=5
num_cat=0
split_feature=1 5 0 6
split_gain=14.3565 11.6474 21.3187 14.6048
threshold=0.78886717557907116 0.25810062885284429 -1.4730488657951353 -0.37305003404617304
decision_type=2 2 2 2
left_child=1 3 -3 -1
right_child=-2 2 -4 -5
leaf_value=0.0066836814699984702 -0.013992551037069811 -0.00063171834624266613 0.0096008864551916356 -0.0015214278601969828
leaf_weight=199.30306067317724 41.58482126891613 391.55056438595057 305.2711633965373 1685.4209674075246
leaf_count=473 105 1001 711 4130
internal_value=0.000284608 0.000643458 0.00391019 -0.000561196
internal_weight=2623.13 2581.55 696.822 1884.72
internal_count=6420 6315 1712 4603
is_linear=0
shrinkage=0.03


Tree=37
num_leaves=7
num_cat=0
split_feature=8 14 14 16 16 16
split_gain=14.2876 11.1098 20.9454 15.493 6.74219 3.21467
threshold=0.52082335948944103 0.068522211164236083 0.16841135919094088 0.55571657419204723 0.38303913176059728 -0.041452886536717408
decision_type=2 2 2 2 2 2
left_child=1 3 -3 -1 5 -2
right_child=4 2 -4 -5 -6 -7
leaf_value=-0.00027586435095372437 -0.0020379149411902933 -0.012901895712714093 0.0001113408797420049 0.0072111217808146092 -0.0008881996058069917 -0.017701353537936573
leaf_weight=506.85121563822031 33.388637058436871 100.28200182318687 1381.189552064985 439.91452816128731 87.550384528934956 44.864376649260521
leaf_count=1145 90 226 3633 953 210 112
internal_value=6.99259e-05 0.000700628 -0.000889698 0.00321811 -0.00792512 -0.0134041
internal_weight=2594.04 2428.24 1481.47 946.766 165.803 78.253
internal_count=6369 5957 3859 2098 412 202
is_linear=0
shrinkage=0.03


Tree=38
num_leaves=5
num_cat=0
split_feature=13 13 20 6
split_gain=11.219 13.0884 21.883 13.6566
threshold=-2.3972114324569698 -0.020356237888336178 1.0000000180025095e-35 0.037508629262447364
decision_type=2 2 2 2
left_child=-1 2 -2 -3
right_child=1 3 -4 -5
leaf_value=0.011539904588102324 -0.0068257373032663106 0.0030809805114526121 0.006052788068586632 -0.0020159795322522347
leaf_weight=53.221855387091637 512.81498971581459 1076.6655742228031 131.20292134582996 801.33685116842389
leaf_count=155 1279 2608 346 1984
internal_value=-1.29759e-05 -0.000369253 -0.00400841 0.000876188
internal_weight=2575.24 2522.02 644.018 1878
internal_count=6372 6217 1625 4592
is_linear=0
shrinkage=0.03


Tree=39
num_leaves=6
num_cat=0
split_feature=5 13 16 9 6
split_gain=11.6773 20.1268 15.0867 14.7821 10.204
threshold=0.58048337697982799 1.0759019851684573 0.51222214102745067 -0.5018334388732909 0.034652125090360648
decision_type=2 2 2 2 2
left_child=3 2 -2 -1 -5
right_child=1 -3 -4 4 -6
leaf_value=-0.014114866167060199 0 -0.0074761660150380266 0.020583597854419752 0.0017275439613735476 -0.002224829978930518
leaf_weight=48.501920744776726 41.731707185506821 38.825766481459141 71.147925198078156 1342.598759625107 1013.7763762436807
leaf_count=133 96 103 157 3266 2584
internal_value=0.000136372 0.00771261 0.0137274 -0.000376482 0
internal_weight=2556.58 151.705 112.88 2404.88 2356.38
internal_count=6339 356 253 5983 5850
is_linear=0
shrinkage=0.03


Tree=40
num_leaves=7
num_cat=0
split_feature=3 6 11 4 7 10
split_gain=15.1296 16.3577 17.4647 15.679 14.159 12.6625
threshold=-1.602636933326721 -0.1895014867186546 -0.18336180597543714 -0.24777176976203916 0.65052205324172985 0.88192486763000499
decision_type=2 2 2 2 2 2
left_child=3 4 -3 -1 -2 -5
right_child=1 2 -4 5 -6 -7
leaf_value=-0.016011537366547465 0.0085802214744133999 -0.0033915437465434932 0.0027453024555415219 -0.013414356565060768 -0.0011922655251483216 0.00099236894849191845
leaf_weight=73.246956571936607 387.72377721220255 826.00973431020975 799.59081548079848 46.572696402668953 176.93442579358816 272.1465200856328
leaf_count=177 914 2107 1908 133 432 712
internal_value=0.000164539 0.00116923 -0.000339848 -0.00508814 0.00547938 -0.00160343
internal_weight=2582.22 2190.26 1625.6 391.966 564.658 318.719
internal_count=6383 5361 4015 1022 1346 845
is_linear=0
shrinkage=0.03


Tree=41
num_leaves=5
num_cat=0
split_feature=14 11 7 1
split_gain=11.4424 12.1405 14.6041 12.6925
threshold=-0.91764819622039784 -0.44181004166603083 0.78480699658393871 -0.57074442505836476
decision_type=2 2 2 2
left_child=-1 2 -2 -3
right_child=1 3 -4 -5
leaf_value=0.01233143875333613 -0.00063409928152264878 -0.011477044076389224 -0.0094022144033681036 0.0015319972187202659
leaf_weight=44.891439348459244 578.95378656685352 49.681551277637482 235.38868590444326 1660.4275316558778
leaf_count=102 1427 119 648 4099
internal_value=-7.96103e-05 -0.000419086 -0.00340509 0.000991077
internal_weight=2569.34 2524.45 814.342 1710.11
internal_count=6395 6293 2075 4218
is_linear=0
shrinkage=0.03


Tree=42
num_leaves=6
num_cat=0
split_feature=0 2 4 13 17
split_gain=14.3272 14.177 13.6748 12.7544 10.9303
threshold=0.1032959818840027 0.16970987617969516 -0.14799242466688153 0.26578004658222204 0.51744282245635997
decision_type=2 2 2 2 2
left_child=1 2 -1 -3 -2
right_child=4 3 -4 -5 -6
leaf_value=0.0035476112269490008 -0.00057814282311808185 6.3143476860187163e-05 -0.0017376352920881986 -0.0082885369236863019 0.017651186747225114
leaf_weight=699.71389973908663 40.097419619560242 260.28777684271336 1107.7592228055 369.18961792439222 46.875169351696968
leaf_count=1751 92 672 2787 922 110
internal_value=-0.000553791 -0.0010397 0.000292005 -0.00484715 0.0101492
internal_weight=2523.92 2436.95 1807.47 629.477 86.9726
internal_count=6334 6132 4538 1594 202
is_linear=0
shrinkage=0.03


Tree=43
num_leaves=7
num_cat=0
split_feature=10 1 8 17 6 15
split_gain=12.8864 13.8361 21.5648 19.4815 13.6623 6.40095
threshold=0.38337884843349462 -0.071524821221828447 -1.2276756167411802 2.0087251663208012 -0.12839529663324353 -1.245267868041992
decision_type=2 2 2 2 2 2
left_child=4 2 -2 -3 -1 -6
right_child=1 3 -4 -5 5 -7
leaf_value=-0.003602053607588588 0.010600243853040321 -0.0038059141320736685 0 0.0055422989321268793 0.0012478539738940075 0.020585302615198853
leaf_weight=36.980361618101597 202.12811705842614 1177.0816622301936 798.98594960570335 218.25274737179279 32.615149199962616 47.712441176176071
leaf_count=98 496 2953 1991 584 79 114
internal_value=0.000181387 -0.000304042 0.00233159 -0.00224365 0.00913487 0.0151458
internal_weight=2513.76 2396.45 1001.11 1395.33 117.308 80.3276
internal_count=6315 6024 2487 3537 291 193
is_linear=0
shrinkage=0.03


Tree=44
num_leaves=7
num_cat=0
split_feature=8 14 5 13 6 16
split_gain=15.2466 11.365 10.6158 9.90961 3.27602 2.72542
threshold=0.5510547161102296 -0.97011661529541005 0.035592094063758857 1.0920780897140505 0.027076436206698421 0.36580096185207372
decision_type=2 2 2 2 2 2
left_child=1 -1 5 -3 -4 -2
right_child=2 3 4 -5 -6 -7
leaf_value=0.014464631264502223 -0.018574715348000915 0.00073379695214076889 0.0055535827108838766 -0.0061012590294600884 -0.0049705762251105326 -0.0026932663107017748
leaf_weight=31.000606819987297 52.279293768107891 2162.6938197389245 33.664246574044228 188.82402317970991 32.346010431647301 31.714018099009991
leaf_count=78 149 5412 84 499 77 78
internal_value=-0.000148378 0.000443397 -0.00884692 0.000112824 0 -0.0148264
internal_weight=2532.52 2382.52 150.004 2351.52 66.0103 83.9933
internal_count=6377 5989 388 5911 161 227
is_linear=0
shrinkage=0.03


Tree=45
num_leaves=7
num_cat=0
split_feature=4 2 9 15 4 16
split_gain=15.1635 25.2898 17.8315 14.9171 13.7155 17.4478
threshold=-0.14443080127239225 0.067917600274086012 0.10923235118389131 -1.6492147445678709 -0.082883641123771654 0.71977496147155773
decision_type=2 2 2 2 2 2
left_child=1 3 -3 -1 -2 -6
right_child=4 2 -4 -5 5 -7
leaf_value=-0.00029443712835052377 -0.0071430275792939407 -0.0073670516588816631 0.010432208879813302 0.0095888207595621056 -0.0017621537086881058 0.0064692761843586806
leaf_weight=177.21561398357153 282.00662452355027 229.74968803301454 42.718764126300812 444.08559699356556 1115.7739961110055 270.99694764614105
leaf_count=463 812 570 124 1101 2695 664
internal_value=0.000313734 0.00344326 -0.0038487 0.00675496 -0.00134779 -4.18467e-05
internal_weight=2562.55 893.77 272.468 621.301 1668.78 1386.77
internal_count=6429 2258 694 1564 4171 3359
is_linear=0
shrinkage=0.03


Tree=46
num_leaves=7
num_cat=0
split_feature=11 11 10 11 13 15
split_gain=10.8825 17.6096 12.614 13.8909 13.2292 8.91244
threshold=0.44652903079986578 0.71356409788131725 0.59226599335670482 -0.5080309510231017 -2.3972114324569698 -1.0162864923477171
decision_type=2 2 2 2 2 2
left_child=2 -2 3 -1 -4 -3
right_child=1 5 4 -5 -6 -7
leaf_value=-0.004157070745905306 0.0095478123500759033 -0.006259212837799082 0.012164857252521552 0.010810045575576233 -0.0024449754161481293 0.0030254080022780582
leaf_weight=67.197524636983871 231.33215091377497 138.7305134087801 36.817065186798573 133.09901422262192 1734.4002065137029 199.22430483996868
leaf_count=168 578 354 102 341 4360 493
internal_value=-4.5449e-05 0.00351168 -0.00112767 0.00559483 -0.00197536 -0.000755082
internal_weight=2540.8 569.287 1971.51 200.297 1771.22 337.955
internal_count=6396 1425 4971 509 4462 847
is_linear=0
shrinkage=0.03


Tree=47
num_leaves=7
num_cat=0
split_feature=20 7 17 5 17 12
split_gain=8.79165 31.9981 22.8029 12.9425 16.8628 15.7534
threshold=1.0000000180025095e-35 1.2607216238975527 -1.1427558064460752 0.22906168550252917 1.9476203918457033 2.3997521400451665
decision_type=2 2 2 2 2 2
left_child=3 2 -2 4 -1 -5
right_child=1 -3 -4 5 -6 -7
leaf_value=-0.0039098800914361504 -0.0072163026581476344 -0.014269348000101621 0.0084082133161986414 2.1066570547715082e-05 0.0049706794322525406 0.011237719126709197
leaf_weight=1085.9588955640793 81.139267787337303 60.586372368037701 474.72459952905774 473.44633340835571 209.78218708187342 132.56544795632362
leaf_count=2742 196 191 1191 1158 534 336
internal_value=0.000324195 0.0033938 0.0058519 -0.000664555 -0.0023728 0.0028512
internal_weight=2518.2 616.45 555.864 1901.75 1295.74 606.012
internal_count=6348 1578 1387 4770 3276 1494
is_linear=0
shrinkage=0.03


Tree=48
num_leaves=7
num_cat=0
split_feature=4 7 2 7 10 6
split_gain=10.8772 17.8286 15.8294 15.7488 19.5118 13.9507
threshold=-0.14285378158092496 0.89751797914505016 -0.048522513359785073 0.38343939185142523 1.770293712615967 0.26772582530975347
decision_type=2 2 2 2 2 2
left_child=1 2 -1 4 -2 -5
right_child=3 -3 -4 5 -6 -7
leaf_value=0.004146686231635179 0.0029754830915520434 0.009605648286729036 -0.0047822645278827666 -0.0077837902324579648 -0.0064147382462987875 0.0024126210707568242
leaf_weight=345.48444512486458 730.30006396770477 200.67186264693737 328.66862328350544 500.91202225163579 250.03473175317049 136.26541180163622
leaf_count=878 1785 499 855 1372 573 373
internal_value=-0.000433675 0.00219911 -0.000132357 -0.00190372 0.000440156 -0.00550485
internal_weight=2492.34 874.825 674.153 1617.51 980.335 637.177
internal_count=6335 2232 1733 4103 2358 1745
is_linear=0
shrinkage=0.03


Tree=49
num_leaves=7
num_cat=0
split_feature=12 10 0 3 15 10
split_gain=10.9647 29.1968 13.925 15.5704 13.29 12.4783
threshold=2.009530901908875 1.1630272269248965 -1.4730488657951353 -1.1610087752342222 -2.1449828147888179 1.828804135322571
decision_type=2 2 2 2 2 2
left_child=2 -2 3 -1 -3 -4
right_child=1 4 5 -5 -6 -7
leaf_value=-0.0096057374345453871 -0.0053750555885762295 -0.0037386958326814513 0.0029893677876793451 -0.0011131994705834462 0.011022285575620232 -0.0065326592467412833
leaf_weight=257.26654823124409 184.56559377163649 49.145535185933113 797.9115080460906 742.16110345348716 301.25757496803999 123.85886376351118
leaf_count=699 537 123 1932 1944 759 283
internal_value=0 0.0037172 -0.00106456 -0.00350372 0.00869992 0.00153462
internal_weight=2456.17 534.969 1921.2 999.428 350.403 921.77
internal_count=6277 1419 4858 2643 882 2215
is_linear=0
shrinkage=0.03


Tree=50
num_leaves=7
num_cat=0
split_feature=2 1 15 18 7 2
split_gain=9.25976 11.8374 9.94714 20.8621 11.5225 8.96704
threshold=-0.25069630146026606 -0.4378900527954101 -1.2757906317710874 -0.53684782981872547 0.85778352618217479 -0.37652556598186487
decision_type=2 2 2 2 2 2
left_child=1 -1 3 -2 -4 -3
right_child=2 5 4 -5 -6 -7
leaf_value=-0.0034197701691922083 0.003747272474028597 0.00018909924984363596 -0.0008371659565290739 -0.0066029490684200139 0.0061466941110776552 0.010512129028806213
leaf_weight=130.32759659737349 224.73542091995478 139.01125529408455 964.92775611206889 577.91346937045455 248.86239409819245 188.98763240873814
leaf_count=343 593 368 2404 1530 656 458
internal_value=-0.000148289 0.003581 -0.00105225 -0.00361139 0.000622526 0.00657178
internal_weight=2474.77 458.326 2016.44 802.649 1213.79 327.999
internal_count=6352 1169 5183 2123 3060 826
is_linear=0
shrinkage=0.03


Tree=51
num_leaves=5
num_cat=0
split_feature=14 6 8 13
split_gain=10.0134 9.70057 19.0873 14.5685
threshold=-0.97011661529541005 0.051761444658041007 -0.29691983759403223 -0.0095244660042226297
decision_type=2 2 2 2
left_child=-1 3 -3 -2
right_child=1 2 -4 -5
leaf_value=0.012649771055131119 -0.0037989676591134356 0 -0.0088044465452374598 0.0027868545568419086
leaf_weight=32.20115140080452 396.22848951071501 670.99908604472876 309.57061341032386 1055.8007387779653
leaf_count=84 1020 1787 823 2650
internal_value=-0.000304485 -0.000602184 -0.00289213 0.000921763
internal_weight=2464.8 2432.6 980.57 1452.03
internal_count=6364 6280 2610 3670
is_linear=0
shrinkage=0.03


Tree=52
num_leaves=7
num_cat=0
split_feature=20 15 18 15 3 13
split_gain=13.6502 15.8846 12.0912 13.6017 11.8739 9.84721
threshold=1.0000000180025095e-35 -0.22582004964351651 -1.6076194643974302 -1.1024082899093626 -0.89323109388351429 0.38297864794731146
decision_type=2 2 2 2 2 2
left_child=2 5 3 -1 -4 -2
right_child=1 -3 4 -5 -6 -7
leaf_value=0.00060158848901225475 0.0059780021150274247 0.014530100948540224 0.0028353191802120031 -0.012955669162802389 -0.0023909171413907557 -0.0019531718149716258
leaf_weight=98.607696227729321 224.6690557487309 83.905401259660721 608.40257899463177 137.30969920754433 1005.5802249796689 300.72752684354782
leaf_count=266 569 214 1537 350 2624 778
internal_value=-6.90152e-05 0.00372786 -0.00137818 -0.00745045 -0.000373538 0.00142318
internal_weight=2459.2 609.302 1849.9 235.917 1613.98 525.397
internal_count=6338 1561 4777 616 4161 1347
is_linear=0
shrinkage=0.03


Tree=53
num_leaves=5
num_cat=0
split_feature=14 14 9 9
split_gain=10.3606 11.9395 13.0326 7.16529
threshold=-0.91764819622039784 -0.69824412465095509 -0.18088258057832715 -0.15177162736654279
decision_type=2 2 2 2
left_child=-1 3 -3 -2
right_child=1 2 -4 -5
leaf_value=0.012875877221185947 0 -0.0033032198473277796 0.001783123495089797 -0.015936186478087307
leaf_weight=37.946652576327324 37.033463805913925 584.64102981239557 1759.8316575959325 45.630525752902031
leaf_count=102 84 1571 4512 113
internal_value=0.000337312 1.31317e-05 0.000472155 -0.00997684
internal_weight=2465.08 2427.14 2344.47 82.664
internal_count=6382 6280 6083 197
is_linear=0
shrinkage=0.03


Tree=54
num_leaves=7
num_cat=0
split_feature=5 16 9 18 16 13
split_gain=11.8553 17.0772 9.25193 18.1598 11.3419 3.76907
threshold=0.58048337697982799 0.51222214102745067 -0.18088258057832715 0.76753899455070507 -0.088955149054527269 0.84864050149917614
decision_type=2 2 2 2 2 2
left_child=2 -2 4 -4 -1 -3
right_child=1 5 3 -5 -6 -7
leaf_value=-0.01238359789994835 -0.0029147163894005729 0.020235153427607969 -1.9310107918667915e-05 0.0098449946003117839 -0.0012304079038663067 0.0027747781368771002
leaf_weight=84.917914606630802 58.610236942768097 50.409294128417969 1603.5261077098548 166.08709067851305 485.76396866887808 32.436809822916985
leaf_count=234 146 117 4095 417 1322 93
internal_value=0.000439786 0.00830637 -7.6635e-05 0.000972655 -0.00335469 0.0158513
internal_weight=2481.75 141.456 2340.3 1769.61 570.682 82.8461
internal_count=6424 356 6068 4512 1556 210
is_linear=0
shrinkage=0.03


Tree=55
num_leaves=7
num_cat=0
split_feature=10 12 9 9 11 16
split_gain=9.47961 15.0897 11.5279 12.5191 12.292 9.76947
threshold=1.8426883816719057 1.7115073800086977 -0.17814259231090543 -0.023736990056931969 0.99161088466644298 -0.16513076424598691
decision_type=2 2 2 2 2 2
left_child=2 5 4 -4 -1 -2
right_child=1 -3 3 -5 -6 -7
leaf_value=-0.0011451140041664565 0.0011977599443828433 0.0031940434891924805 0.0056179882839075684 0 -0.015395835124983983 -0.011833705839129531
leaf_weight=558.70604435727 54.301491603255272 129.12544319406152 551.73517397046089 945.79208324849606 42.870380498468876 182.02030947059393
leaf_count=1517 112 321 1458 2372 125 461
internal_value=-7.60167e-05 -0.00442432 0.000687306 0.00211337 -0.0027199 -0.00874547
internal_weight=2464.55 365.447 2099.1 1497.53 601.576 236.322
internal_count=6366 894 5472 3830 1642 573
is_linear=0
shrinkage=0.03


Tree=56
num_leaves=7
num_cat=0
split_feature=11 16 7 4 14 14
split_gain=10.115 7.98766 8.82698 8.01881 7.6245 10.8034
threshold=-0.44181004166603083 -0.83738145232200611 0.79251194000244152 0.41814702749252325 3.0206487178802495 1.3771764636039736
decision_type=2 2 2 2 2 2
left_child=1 3 -3 -1 5 -2
right_child=4 2 -4 -5 -6 -7
leaf_value=0.013149368449333253 0.0021447346582387458 -0.0015466773425852726 -0.0088730848049681406 -0.003201292021384253 0.0081777740338534813 -0.0032742406034139966
leaf_weight=34.254147343337536 1086.8890854120255 524.17331498116255 210.58787598088384 32.671346113085747 109.02628298848867 448.50111470744014
leaf_count=89 2574 1351 630 77 316 1344
internal_value=-0.000181561 -0.00292434 -0.00390546 0.00557709 0.00113862 0.000501481
internal_weight=2446.1 801.687 734.761 66.9255 1644.42 1535.39
internal_count=6381 2147 1981 166 4234 3918
is_linear=0
shrinkage=0.03


Tree=57
num_leaves=7
num_cat=0
split_feature=5 18 16 16 12 4
split_gain=8.98063 14.509 23.1081 16.5784 12.0007 22.7008
threshold=0.041175292804837234 0.63788807392120372 0.33958701789379125 0.29260918498039251 0.23311136662960055 0.24945084750652316
decision_type=2 2 2 2 2 2
left_child=1 3 -3 -1 5 -2
right_child=4 2 -4 -5 -6 -7
leaf_value=0.00079686469396295155 0.010327087463210673 -0.0047798347907655548 0.012805651592487928 -0.0073653242010132455 -4.2909853742443662e-05 -0.0064783074540664927
leaf_weight=369.35295388102531 266.24521140754223 110.64260949194431 116.57287193089724 493.68017372488976 1026.9189008958638 76.931552104651928
leaf_count=934 670 316 274 1319 2704 199
internal_value=-2.64081e-05 -0.00206143 0.00430578 -0.00386527 0.00155615 0.00624524
internal_weight=2460.34 1090.25 227.215 863.033 1370.1 343.177
internal_count=6416 2843 590 2253 3573 869
is_linear=0
shrinkage=0.03


Tree=58
num_leaves=7
num_cat=0
split_feature=5 0 9 3 17 10
split_gain=10.8039 21.3351 19.7826 18.4522 16.8047 13.5092
threshold=0.25810062885284429 -1.3217381834983823 0.29653269052505499 -1.3768936395645139 1.3005429506301882 0.59226599335670482
decision_type=2 2 2 2 2 2
left_child=3 4 -3 -1 -2 -5
right_child=1 2 -4 5 -6 -7
leaf_value=-0.0074058696688665167 0.0033123156506353227 0.013856122983107472 -0.0068438894317463857 0.0077483845885922631 -0.0090793959691721406 -0.00053927517479004114
leaf_weight=296.5270847119391 296.93100804835558 205.4100514575839 33.899466946721077 183.7807409465313 122.19497281312943 1277.1272240169346
leaf_count=798 790 513 78 506 337 3326
internal_value=0.000381163 0.00361591 0.0103908 -0.00082405 -0.000412795 0.000553352
internal_weight=2415.87 658.435 239.31 1757.44 419.126 1460.91
internal_count=6348 1718 591 4630 1127 3832
is_linear=0
shrinkage=0.03


Tree=59
num_leaves=7
num_cat=0
split_feature=6 7 15 10 5 5
split_gain=12.0674 15.9506 15.1913 17.7881 12.3775 12.0402
threshold=-0.068117629736661897 0.65052205324172985 -1.3778564929962156 1.7895066142082217 0.12722741812467578 0.061777971684932716
decision_type=2 2 2 2 2 2
left_child=1 5 -2 -4 -3 -1
right_child=2 4 3 -5 -6 -7
leaf_value=0.00067616462569980733 -0.0056808177494834218 0.0028254703112132219 0.0030209233493923835 -0.0064770188580041861 -0.0083183425470019414 0.0086973389978283432
leaf_weight=328.55236504226923 496.79223955795169 157.24384935200214 712.7366276755929 212.74005191028118 155.82937263324857 378.02629290521145
leaf_count=829 1388 430 1843 533 427 956
internal_value=0.000205495 0.00268901 -0.00154598 0.000683337 -0.00270755 0.00517143
internal_weight=2441.92 1019.65 1422.27 925.477 313.073 706.579
internal_count=6406 2642 3764 2376 857 1785
is_linear=0
shrinkage=0.03


Tree=60
num_leaves=7
num_cat=0
split_feature=0 17 9 3 2 10
split_gain=11.0767 37.4867 12.3167 11.9178 17.6382 15.2712
threshold=-1.4730488657951353 1.5849488973617556 0.36321148276329046 -1.1003577709197996 -0.25069630146026606 0.97638240456581127
decision_type=2 2 2 2 2 2
left_child=3 -2 -3 5 -5 -1
right_child=1 2 -4 4 -6 -7
leaf_value=-0.016264703176191192 -0.00084141184645737774 0.0148011821918251 -0.00041855016757908636 0.0081893772378379432 -0.0020960821946889299 -0.0025306597157625458
leaf_weight=82.640727579593658 890.48332502692938 204.25092228502035 49.889659121632576 171.01318965852261 677.8079648129642 343.14898708835244
leaf_count=263 2258 524 109 446 1835 927
internal_value=-3.40173e-05 0.00206404 0.011782 -0.00196724 4.78996e-05 -0.00594098
internal_weight=2419.23 1144.62 254.141 1274.61 848.821 425.79
internal_count=6362 2891 633 3471 2281 1190
is_linear=0
shrinkage=0.03


Tree=61
num_leaves=5
num_cat=0
split_feature=0 6 17 4
split_gain=13.0101 9.8678 7.82521 7.5009
threshold=0.055216835811734206 0.85704055428504955 0.45868048071861273 -0.14285378158092496
decision_type=2 2 2 2
left_child=1 3 -2 -1
right_child=2 -3 -4 -5
leaf_value=0.0023660782021039965 0 -0.012909683596281448 0.01560922863824408 -0.0011902123210957676
leaf_weight=809.00760500133038 35.093389540910721 33.92376396805048 57.057988166809082 1473.965216524899
leaf_count=2172 92 95 143 3895
internal_value=0.000236432 -0.000219427 0.010228 5.3566e-05
internal_weight=2409.05 2316.9 92.1514 2282.97
internal_count=6397 6162 235 6067
is_linear=0
shrinkage=0.03


Tree=62
num_leaves=7
num_cat=0
split_feature=8 13 1 18 17 12
split_gain=15.2278 10.0418 9.53163 8.11165 6.12296 3.22627
threshold=0.47002536058425909 1.1749747395515444 0.21836486458778384 0.54316550493240368 0.04461267031729222 1.1133654117584231
decision_type=2 2 2 2 2 2
left_child=1 2 -1 4 -2 -3
right_child=3 5 -4 -5 -6 -7
leaf_value=0.0020747477030720043 0 -0.011185164511888951 -0.0026917513161229295 0.0012298136918354372 -0.015415305761190736 0
leaf_weight=1683.4740864094347 34.834661707282066 62.521386511623859 457.74153672158718 44.060813046991825 88.866761468350887 42.608035296201706
leaf_count=4415 86 196 1213 129 250 122
internal_value=-0.000142541 0.000513921 0.00101254 -0.0083706 -0.0119029 -0.00770078
internal_weight=2414.11 2246.35 2141.22 167.762 123.701 105.129
internal_count=6411 5946 5628 465 336 318
is_linear=0
shrinkage=0.03


Tree=63
num_leaves=7
num_cat=0
split_feature=8 7 18 14 18 17
split_gain=9.88405 9.34765 23.6399 9.84539 7.55683 2.5916
threshold=0.47002536058425909 1.2913770079612734 -0.14959361404180524 3.0692547559738164 0.59694772958755504 0.04461267031729222
decision_type=2 2 2 2 2 2
left_child=1 3 -3 -1 5 -2
right_child=4 2 -4 -5 -6 -7
leaf_value=0.00057260327244995927 -0.00059073697034155148 0.0061745175353263215 -0.012477953728859896 0.0086013703923438177 0.0031723451665957997 -0.012234461885956815
leaf_weight=1882.7001100257039 36.178097359836102 82.061903279274702 130.83508371561766 131.23579207248986 35.321016691625118 92.32939762622118
leaf_count=4898 92 242 384 388 104 267
internal_value=0 0.000533372 -0.00511784 0.00120472 -0.00670178 -0.0098815
internal_weight=2390.66 2226.83 212.897 2013.94 163.829 128.507
internal_count=6375 5912 626 5286 463 359
is_linear=0
shrinkage=0.03


Tree=64
num_leaves=7
num_cat=0
split_feature=13 5 10 16 6 10
split_gain=9.83233 15.2481 10.9898 7.48054 4.36838 4.01798
threshold=1.1749747395515444 0.58048337697982799 1.8426883816719057 0.53865808248519909 -0.20399650931358335 1.7096001505851748
decision_type=2 2 2 2 2 2
left_child=1 2 -1 -3 -2 -6
right_child=4 3 -4 -5 5 -7
leaf_value=0.00034149769921173708 0 0 -0.0056752851152020523 0.015253321474123789 -0.015118994567567632 0
leaf_weight=1893.3727129194885 30.702781811356544 36.462278410792351 296.65259724110365 65.665668621659279 53.166802115738392 24.691409535706043
leaf_count=5036 94 96 744 160 164 76
internal_value=-0.000371893 5.44696e-05 -0.000490348 0.0103958 -0.00844883 -0.0115739
internal_weight=2400.71 2292.15 2190.03 102.128 108.561 77.8582
internal_count=6370 6036 5780 256 334 240
is_linear=0
shrinkage=0.03


Tree=65
num_leaves=7
num_cat=0
split_feature=11 16 16 4 10 20
split_gain=9.48983 11.9923 12.7645 9.72401 8.91058 11.9982
threshold=-0.62722563743591297 -0.51661399006843556 0.46025978028774267 0.41814702749252325 0.38337884843349462 1.0000000180025095e-35
decision_type=2 2 2 2 2 2
left_child=1 3 -3 -1 -2 -6
right_child=4 2 -4 -5 5 -7
leaf_value=0.014639609167668915 0.009951668769392203 -0.0090443550023696119 0.0002024745204973759 -0.002512392492788707 -0.00055573086427961103 0.0049574453624136507
leaf_weight=39.156653553247452 87.052582941949368 259.19455672800541 233.6610155031085 40.302243292331696 1277.5994310937822 463.34701603278518
leaf_count=93 243 717 650 97 3376 1222
internal_value=0.000405383 -0.00286883 -0.00470654 0.00658088 0.0014829 0.000917149
internal_weight=2400.31 572.314 492.856 79.4589 1828 1740.95
internal_count=6398 1557 1367 190 4841 4598
is_linear=0
shrinkage=0.03


Tree=66
num_leaves=7
num_cat=0
split_feature=2 3 13 8 11 13
split_gain=12.0255 12.1199 17.6814 10.8114 12.8089 8.4647
threshold=0.023950153030455116 -1.5378904938697813 1.0000000180025095e-35 -0.27997936308383936 0.33908212184906011 0.6739691197872163
decision_type=2 2 2 2 2 2
left_child=1 5 -3 4 -2 -1
right_child=3 2 -4 -5 -6 -7
leaf_value=0.00071462856426589359 -0.0025776605066901658 -0.0023611253033342054 0.0057929586309895774 -0.0067890064260441299 0.0060007656825121136 -0.0098572114477392253
leaf_weight=138.06514769047499 540.16496904194355 314.92832883447409 786.81662397831678 301.78587390482426 197.02565523982048 95.273579850792885
leaf_count=397 1478 843 1982 836 531 297
internal_value=0.000172731 0.00206609 0.00340813 -0.00219665 -0.00010776 -0.00380249
internal_weight=2374.06 1335.08 1101.74 1038.98 737.191 233.339
internal_count=6364 3519 2825 2845 2009 694
is_linear=0
shrinkage=0.03


Tree=67
num_leaves=7
num_cat=0
split_feature=15 9 9 16 11 9
split_gain=11.0146 12.8033 21.0434 16.4999 7.22475 9.8351
threshold=-2.0094084739685054 -0.004206642508506774 -0.18088258057832715 0.70557764172554027 0.080425243824720397 0.013334644492715599
decision_type=2 2 2 2 2 2
left_child=4 2 -2 -3 -1 -6
right_child=1 3 -4 -5 5 -7
leaf_value=-0.0078007143673870412 -0.0010824399346372018 -0.0036594382616561114 0.0070167828436912046 0.005158820390990174 -0.0063219961457964347 0.0095055753549130716
leaf_weight=214.80713660269976 523.71839601546526 749.8788681179285 583.30356800556183 230.93229323625565 51.009901084005833 48.403493538498878
leaf_count=634 1438 1924 1545 607 153 119
internal_value=0.000153393 0.000978207 0.00318069 -0.00146162 -0.00487814 0.0011832
internal_weight=2402.05 2087.83 1107.02 980.811 314.221 99.4134
internal_count=6420 5514 2983 2531 906 272
is_linear=0
shrinkage=0.03


Tree=68
num_leaves=7
num_cat=0
split_feature=7 4 18 17 18 4
split_gain=8.76099 18.8107 26.4831 17.089 21.1461 19.3635
threshold=0.47331987321376806 -0.14085304737091062 -0.1680546551942825 1.5081034302711489 0.32636712491512304 0.83961507678031932
decision_type=2 2 2 2 2 2
left_child=3 2 -2 5 -5 -1
right_child=1 -3 -4 4 -6 -7
leaf_value=0.0005489988760929061 0.012801582722067393 -0.0055202740351681257 -0.0028751927019659419 0.00065176791378975505 0.015051868771238021 -0.016475470460651575
leaf_weight=993.0824278742075 132.4675260707736 572.32368468865752 241.05453345924616 230.71177297830582 145.89840460568666 43.733753383159637
leaf_count=2594 347 1681 637 607 395 108
internal_value=4.12222e-05 -0.00214169 0.00290008 0.00155336 0.00685935 -0.000410537
internal_weight=2359.27 945.846 373.522 1413.43 376.61 1036.82
internal_count=6369 2665 984 3704 1002 2702
is_linear=0
shrinkage=0.03


Tree=69
num_leaves=7
num_cat=0
split_feature=0 12 10 13 11 11
split_gain=9.55189 7.91925 7.85047 10.5633 8.79124 0.471296
threshold=1.0000000180025095e-35 -0.37048457562923426 0.59226599335670482 -2.1691977977752681 -0.5080309510231017 0.043762408196926124
decision_type=2 2 2 2 2 2
left_child=2 -2 4 -4 -1 -3
right_child=1 5 3 -5 -6 -7
leaf_value=-0.0037085348501489698 -0.0013221381614815112 0.016862435124752915 0.011731056266291093 -0.0012378821961584489 0.0087457046057104314 0.0034373322101523898
leaf_weight=52.539100393652916 35.783585973083973 33.982351645827293 37.583926342427731 2007.7545213513076 144.92717300355434 30.163136452436447
leaf_count=148 88 79 116 5396 416 83
internal_value=0.000147176 0.00841287 -0.000265693 -0.00085923 0.00511983 0.0135801
internal_weight=2342.73 99.9291 2242.8 2045.34 197.466 64.1455
internal_count=6326 250 6076 5512 564 162
is_linear=0
shrinkage=0.03


Tree=70
num_leaves=7
num_cat=0
split_feature=7 4 10 19 5 14
split_gain=9.81553 17.1666 14.0891 10.5072 15.9203 15.8158
threshold=-0.43534477055072779 0.68198251724243175 1.4418919086456301 1.0515034794807436 -0.2488676309585571 0.73151424527168285
decision_type=2 2 2 2 2 2
left_child=1 2 -1 5 -5 -2
right_child=3 -3 -4 4 -6 -7
leaf_value=0 0.0043394581695601611 -0.010736596590453012 0.0087821320046773052 -0.018366223467568176 -0.0023582786764569895 -0.0047155026337327363
leaf_weight=307.83894000574946 485.11341442167759 54.441803157329559 303.35517458617687 42.304584663361311 918.9020161293447 241.2099949605763
leaf_count=813 1230 136 753 128 2579 737
internal_value=-0.000200528 0.00280386 0.00440701 -0.00143969 -0.00348397 0.00120616
internal_weight=2353.17 665.636 611.194 1687.53 961.207 726.323
internal_count=6376 1702 1566 4674 2707 1967
is_linear=0
shrinkage=0.03


Tree=71
num_leaves=7
num_cat=0
split_feature=6 15 5 12 18 0
split_gain=10.5146 16.7972 12.6352 10.2706 9.993 11.1871
threshold=0.079076223075389876 -1.5252533555030821 -0.30306206643581385 2.4356319904327397 -2.9040483236312862 1.0000000180025095e-35
decision_type=2 2 2 2 2 2
left_child=1 3 -3 -1 -2 -6
right_child=4 2 -4 -5 5 -7
leaf_value=-0.0055762194714129871 -0.013684423202697043 0.010702967089623681 0.0017264591797993985 0.0044853273087439071 -0.0027678920554795542 0.010929014688175909
leaf_weight=377.87750344723463 53.594508774578571 159.44619015604258 851.47431350126863 95.559106193482876 776.2607403434813 36.608156509697437
leaf_count=1059 151 409 2239 258 2185 102
internal_value=-0.000315313 0.00118645 0.00338064 -0.0033243 -0.00292442 -0.00183137
internal_weight=2350.82 1484.36 1010.92 473.437 866.463 812.869
internal_count=6403 3965 2648 1317 2438 2287
is_linear=0
shrinkage=0.03


Tree=72
num_leaves=6
num_cat=0
split_feature=2 0 9 11 4
split_gain=8.96581 13.3348 11.1137 9.74448 8.43772
threshold=0.026678652502596382 0.14348567277193072 -0.5018334388732909 0.26853534579277044 -0.15191766619682309
decision_type=2 2 2 2 2
left_child=2 3 -1 -2 -4
right_child=1 -3 4 -5 -6
leaf_value=-0.011554358767303888 -0.0052439677534915812 0.011140242186872373 0.0048219483455585041 0.0010151537600436495 -3.2512547694869346e-05
leaf_weight=37.797840967774391 683.66875980049372 40.127823278307915 491.52480945363641 298.60801395773888 805.31133522838354
leaf_count=121 1936 105 1298 787 2157
internal_value=-0.000363833 -0.00247192 0.00121944 -0.00329907 0.00180714
internal_weight=2357.04 1022.4 1334.63 982.277 1296.84
internal_count=6404 2828 3576 2723 3455
is_linear=0
shrinkage=0.03


Tree=73
num_leaves=6
num_cat=0
split_feature=0 13 5 7 9
split_gain=7.43533 9.11418 16.0486 9.04336 6.38409
threshold=0.055216835811734206 1.083122789859772 0.58048337697982799 -0.065510712563991533 0.073822330683469786
decision_type=2 2 2 2 2
left_child=1 2 -1 -3 -2
right_child=4 3 -4 -5 -6
leaf_value=-0.00038980695347992319 0 0.0014411844534545503 0.011334340815143767 -0.011208742401034682 0.013470553092012019
leaf_weight=1972.7584745511413 43.883946135640144 64.307939738035202 90.727813541889191 110.26876794546843 46.979188099503517
leaf_count=5379 116 179 236 345 118
internal_value=0 -0.000354468 0.000200738 -0.00657142 0.00760274
internal_weight=2328.93 2238.06 2063.49 174.577 90.8631
internal_count=6373 6139 5615 524 234
is_linear=0
shrinkage=0.03


Tree=74
num_leaves=7
num_cat=0
split_feature=19 12 8 17 0 2
split_gain=8.29228 10.6281 12.0365 6.84013 22.7404 9.2651
threshold=0.30018444359302526 0.15178757160902026 0.10882484167814256 1.6904227137565615 -1.5288965702056883 -0.34309475123882288
decision_type=2 2 2 2 2 2
left_child=1 2 -1 5 -5 -2
right_child=3 -3 -4 4 -6 -7
leaf_value=0.014593382639022176 0.0044336733373764392 -0.002797287694592946 -0.0025306754418802412 -0.0035675685436965701 0.0095940939015991787 -0.0021661034845763837
leaf_weight=104.11283040046692 195.67066524922848 71.840872384607792 37.411885775625706 220.65173755586147 208.12403305619955 1482.0717565976083
leaf_count=265 532 198 109 667 539 4021
internal_value=0.000137486 0.00552365 0.00994235 -0.000426673 0.00283015 -0.00131789
internal_weight=2319.88 213.366 141.525 2106.52 428.776 1677.74
internal_count=6331 572 374 5759 1206 4553
is_linear=0
shrinkage=0.03


Tree=75
num_leaves=7
num_cat=0
split_feature=8 8 1 7 12 16
split_gain=9.32022 11.2309 11.2267 10.7877 5.43029 4.87493
threshold=0.5510547161102296 0.16055809706449511 -0.066267542541027055 0.88546532392501842 1.3924956917762759 -0.057780763134360306
decision_type=2 2 2 2 2 2
left_child=1 2 -1 -3 5 -2
right_child=4 3 -4 -5 -6 -7
leaf_value=0.0025931171385638507 0 0.0023622934137924054 -0.0019121465582378366 0.019122356703498256 0.00097170113323143993 -0.013737279191836628
leaf_weight=849.09113600105047 28.573621362447739 145.39579445868731 1145.1107556261122 34.547717832028866 39.880518861114979 68.054682649672031
leaf_count=2307 87 409 3137 93 110 207
internal_value=0.00016454 0.000692564 0 0.00747108 -0.00687565 -0.0102401
internal_weight=2310.65 2174.15 1994.2 179.944 136.509 96.6283
internal_count=6350 5946 5444 502 404 294
is_linear=0
shrinkage=0.03


Tree=76
num_leaves=7
num_cat=0
split_feature=1 15 6 14 7 8
split_gain=11.7959 9.96662 8.29789 8.26803 6.60275 13.8347
threshold=0.37283888459205633 -2.0532598495483394 -0.028165837749838826 -0.32210198044776911 -0.20107236504554746 -0.52747532725334156
decision_type=2 2 2 2 2 2
left_child=1 3 -3 -1 5 -2
right_child=4 2 -4 -5 -6 -7
leaf_value=0.0048830420203374242 0.010131316944984864 0.0035114981172955154 -0.00046213117213708666 -0.0073130003398366944 -0.0096166848921262205 -0.0087236638227798907
leaf_weight=43.567043799906969 45.768578700721264 938.41817905381322 879.93411165848374 196.99951820448041 145.51790020242333 54.906086057424545
leaf_count=112 124 2507 2434 617 400 147
internal_value=0 0.000775922 0.00157184 -0.00466874 -0.0059313 0
internal_weight=2305.11 2058.92 1818.35 240.567 246.193 100.675
internal_count=6341 5670 4941 729 671 271
is_linear=0
shrinkage=0.03


Tree=77
num_leaves=7
num_cat=0
split_feature=1 19 0 15 17 18
split_gain=9.79369 10.9357 10.1245 9.08827 8.27154 6.94776
threshold=0.19110777229070666 0.63181611895561229 -1.6148625612258909 -2.0222080945968623 2.5878559350967412 0.25661084055900579
decision_type=2 2 2 2 2 2
left_child=3 2 -2 -1 -5 -3
right_child=1 5 -4 4 -6 -7
leaf_value=-0.0045374459132599748 -0.0059345512956640962 -0.0023091025617929233 0.0085446250186891077 0.0021421376447607388 -0.0076772175562699911 -0.010726496018785439
leaf_weight=227.02755242586136 49.652602165937424 241.59308452159166 89.722316607832909 1473.7849492840469 59.771397992968559 165.73789266496897
leaf_count=686 148 684 218 3971 163 471
internal_value=-0.000311773 -0.00376242 0.0029125 0.000756267 0.00162689 -0.00621617
internal_weight=2307.29 546.706 139.375 1760.58 1533.56 407.331
internal_count=6341 1521 366 4820 4134 1155
is_linear=0
shrinkage=0.03


Tree=78
num_leaves=7
num_cat=0
split_feature=5 0 12 9 17 1
split_gain=10.9392 15.1918 13.6442 11.5114 9.66173 13.0044
threshold=0.25810062885284429 -1.3319562077522276 2.390985488891602 0.28533810377120977 1.9476203918457033 -0.3086820095777511
decision_type=2 2 2 2 2 2
left_child=4 2 -2 -3 -1 -6
right_child=1 3 -4 -5 5 -7
leaf_value=-0.0023083199976747563 -0.003658215584139239 0.011817742789965542 0.0079215330560211666 -0.0039183415870337789 -0.0081787020683879667 0.0066897737151297128
leaf_weight=1399.5867588147521 294.22010488063097 196.92493391782045 108.85716240480542 35.00640881061554 45.971756771206856 229.13489275053144
leaf_count=3847 824 534 316 81 124 648
internal_value=0 0.00329658 -0.000162473 0.00908196 -0.00126853 0.00361596
internal_weight=2309.7 635.009 403.077 231.931 1674.69 275.107
internal_count=6374 1755 1140 615 4619 772
is_linear=0
shrinkage=0.03


Tree=79
num_leaves=7
num_cat=0
split_feature=10 11 11 6 6 15
split_gain=9.75167 14.1902 10.8991 10.2098 9.57213 8.178
threshold=0.59226599335670482 0.35797889530658727 0.65894106030464183 -0.089801389724016176 -0.12839529663324353 -1.5354462862014768
decision_type=2 2 2 2 2 2
left_child=4 3 -3 -2 -1 -6
right_child=1 2 -4 -5 5 -7
leaf_value=-0.0017730714174301915 0.00060693788942356235 0.0078071574389480328 -0.00031993235050167335 -0.0043044101815310131 -0.00049368043961358927 0.014014325188538956
leaf_weight=80.811652339994907 597.57308531925082 233.53913424909115 323.07051404565573 927.08559871464968 36.979452610015869 97.080116592347622
leaf_count=244 1612 626 862 2657 115 268
internal_value=-0.000171938 -0.000843374 0.00313845 -0.00235768 0.00559423 0.0100784
internal_weight=2296.14 2081.27 556.61 1524.66 214.871 134.06
internal_count=6384 5757 1488 4269 627 383
is_linear=0
shrinkage=0.03


Tree=80
num_leaves=5
num_cat=0
split_feature=14 3 6 12
split_gain=11.7807 8.60907 13.993 13.5057
threshold=-0.97011661529541005 -1.5378904938697813 -0.043874183669686311 1.6740791797637942
decision_type=2 2 2 2
left_child=-1 3 -3 -2
right_child=1 2 -4 -5
leaf_value=0.014476975913401325 -0.010378800993552871 0.0031381570850998112 -0.0020124928077313638 0.00013405418327410852
leaf_weight=27.970254600048065 168.8961606733501 852.6270551495254 1014.2621426060796 235.96486897021532
leaf_count=81 506 2249 2891 710
internal_value=-0.000196033 -0.000527635 0.000316391 -0.0043925
internal_weight=2299.72 2271.75 1866.89 404.861
internal_count=6437 6356 5140 1216
is_linear=0
shrinkage=0.03


Tree=81
num_leaves=7
num_cat=0
split_feature=20 7 13 5 7 11
split_gain=6.83629 20.048 23.9819 11.166 8.83999 20.6018
threshold=1.0000000180025095e-35 0.59019538760185253 0.47429057955741888 0.29729197919368749 0.95509004592895519 -0.28249238431453699
decision_type=2 2 2 2 2 2
left_child=4 2 -2 -3 -1 -6
right_child=1 3 -4 -5 5 -7
leaf_value=-0.0023755347225124603 0.012605090443427421 -0.009350999560767119 -0.001413831715571513 0.0062005002352299486 -0.0044656001503119045 0.0091005866195290226
leaf_weight=1365.6499977186322 212.90049735456705 136.76659707725048 187.96066113561392 36.022342801094055 167.35464424267411 193.44598369300365
leaf_count=3772 546 412 520 123 518 502
internal_value=-0.000285623 0.00246467 0.00613435 -0.00549076 -0.00125158 0.0027464
internal_weight=2300.1 573.65 400.861 172.789 1726.45 360.801
internal_count=6393 1601 1066 535 4792 1020
is_linear=0
shrinkage=0.03


Tree=82
num_leaves=5
num_cat=0
split_feature=1 13 7 11
split_gain=9.03406 8.97406 13.0701 9.77779
threshold=0.78886717557907116 1.083122789859772 -0.065510712563991533 -0.74158731102943409
decision_type=2 2 2 2
left_child=1 3 -3 -1
right_child=-2 2 -4 -5
leaf_value=-0.0027102994013614634 -0.011732590014389548 0.0041314532728826429 -0.011094229793942451 0.002318915536386764
leaf_weight=410.23251143842936 33.544448718428612 62.143416218459606 110.64665998518467 1674.401546318084
leaf_count=1168 100 181 357 4594
internal_value=0.000391545 0.000699502 -0.00544661 0.00128436
internal_weight=2290.97 2257.42 172.79 2084.63
internal_count=6400 6300 538 5762
is_linear=0
shrinkage=0.03


Tree=83
num_leaves=7
num_cat=0
split_feature=1 15 5 7 0 14
split_gain=8.77299 7.08391 9.66101 7.53689 6.81209 9.33432
threshold=0.19476024061441424 -0.90969961881637562 0.1243739388883114 -0.065510712563991533 -2.3999272584915157 2.6301040649414067
decision_type=2 2 2 2 2 2
left_child=4 3 -3 -2 5 -1
right_child=1 2 -4 -5 -6 -7
leaf_value=0.0092285640948864909 0 0.0053872698922877221 -0.0064138625255702039 -0.0094518804638380662 0.0004934938969593112 -0.0053447991854524996
leaf_weight=160.37237913534045 126.98319432139397 143.40020151436329 79.420632399618626 185.05855540931225 1557.3231791630387 30.823637329041958
leaf_count=428 346 422 217 555 4335 111
internal_value=0.000172255 -0.00309007 0.000752039 -0.00589437 0.00122777 0.00631137
internal_weight=2283.38 534.863 222.821 312.042 1748.52 191.196
internal_count=6414 1540 639 901 4874 539
is_linear=0
shrinkage=0.03


Tree=84
num_leaves=7
num_cat=0
split_feature=17 10 10 17 18 1
split_gain=7.10276 13.0162 11.9192 8.81435 17.6509 10.1964
threshold=1.6904227137565615 1.1222534179687502 1.7895066142082217 1.1785033941268923 0.6106223762035371 -0.22676795721054074
decision_type=2 2 2 2 2 2
left_child=3 -2 -3 5 -5 -1
right_child=1 2 -4 4 -6 -7
leaf_value=0.0048121968895926464 -0.002219380547290031 0.010554687180560608 -0.0025847242100581124 -0.0090771482100976634 0.005870187283215862 -0.0011097411306942142
leaf_weight=313.89533063024282 204.24155554920435 213.0125757753849 66.47362319752574 242.77911738678813 76.717277869582176 1178.3248942270875
leaf_count=849 633 593 177 708 219 3234
internal_value=3.35099e-05 0.00321242 0.00726532 -0.000808311 -0.00517689 0.000143458
internal_weight=2295.44 483.728 279.486 1811.72 319.496 1492.22
internal_count=6413 1403 770 5010 927 4083
is_linear=0
shrinkage=0.03


Tree=85
num_leaves=7
num_cat=0
split_feature=7 18 4 15 1 0
split_gain=9.78368 13.9889 21.1203 20.2251 13.5704 10.3173
threshold=0.47331987321376806 -0.60171750187873829 -0.17282617837190625 -0.11022720858454703 -0.18242768198251721 -0.085651360452175127
decision_type=2 2 2 2 2 2
left_child=4 2 -2 -3 -1 -6
right_child=1 3 -4 -5 5 -7
leaf_value=0.0060193553165182193 0.014236582183123578 -0.0070973935770592628 -0.0028703360347362363 0.0081638882058641914 -0.001347261527057803 0.010845537343666245
leaf_weight=367.02768714725971 77.774498596787453 563.26592542603612 168.13603460416198 69.718731738626957 967.62382610142231 46.211528219282627
leaf_count=979 214 1697 502 201 2653 120
internal_value=-0.000314982 -0.00277591 0.0029783 -0.00512602 0.00122579 -0.000534406
internal_weight=2259.76 878.895 245.911 632.985 1380.86 1013.84
internal_count=6366 2614 716 1898 3752 2773
is_linear=0
shrinkage=0.03


Tree=86
num_leaves=7
num_cat=0
split_feature=16 2 16 6 2 6
split_gain=8.34946 17.6738 16.9148 10.3775 10.7154 9.38234
threshold=0.53133720159530651 0.16970987617969516 0.32631029188632971 0.27880486845970159 0.54623302817344677 -0.34558466076850886
decision_type=2 2 2 2 2 2
left_child=1 2 -1 5 -5 -2
right_child=3 -3 -4 4 -6 -7
leaf_value=0.0036535148034096401 0.0080446270629555058 -0.00748568991483862 -0.0049602301293697462 0.012996177758436867 -0.002587885943257848 -0.00045337428238064771
leaf_weight=563.90766437351704 114.34590809047222 313.9648788832128 294.21535517647862 113.73151532560587 40.008571699261665 824.9428421203047
leaf_count=1517 317 920 836 328 103 2361
internal_value=0.000102913 -0.001615 0.000586176 0.00199491 0.00876426 0.00066475
internal_weight=2265.12 1172.09 858.123 1093.03 153.74 939.289
internal_count=6382 3273 2353 3109 431 2678
is_linear=0
shrinkage=0.03


Tree=87
num_leaves=5
num_cat=0
split_feature=14 14 18 9
split_gain=5.82571 10.1977 6.56306 1.53909
threshold=-0.91764819622039784 -0.76535731554031361 0.41610485315322882 -0.10381289944052695
decision_type=2 2 2 2
left_child=-1 3 -3 -2
right_child=1 2 -4 -5
leaf_value=0.0086946101759360333 -0.0018354271452826229 0.00084132032239670298 -0.0026268333263723756 -0.015188930970564238
leaf_weight=40.087031550705433 30.793779425323009 1430.165572527796 715.76631221547723 29.266291782259941
leaf_count=112 82 3989 2079 80
internal_value=-0.000455315 -0.000725165 -0.00030134 -0.0112607
internal_weight=2246.08 2205.99 2145.93 60.0601
internal_count=6342 6230 6068 162
is_linear=0
shrinkage=0.03


Tree=88
num_leaves=7
num_cat=0
split_feature=15 6 19 5 13 8
split_gain=8.05879 16.596 13.0393 11.3182 10.4237 11.7841
threshold=-1.3680185079574583 -0.089801389724016176 0.36131271719932562 -0.019931870512664315 -0.68398201465606678 -0.2423066049814224
decision_type=2 2 2 2 2 2
left_child=1 3 -3 -1 5 -2
right_child=4 2 -4 -5 -6 -7
leaf_value=-0.0053417097351087465 0.013668625603744058 0.0065207753897867449 -0.0074285217619575877 0.0057893784571153165 0.00044075239685566951 -0.0015445550400457907
leaf_weight=93.547318443655968 101.00684443116188 49.105479963123798 442.06689405813813 260.06298122555017 1267.5609380081296 57.387127809226513
leaf_count=259 287 138 1363 739 3446 186
internal_value=5.89178e-05 -0.00220518 -0.00571598 0.00255575 0.00145369 0.00826524
internal_weight=2270.74 844.783 491.172 353.61 1425.95 158.394
internal_count=6418 2499 1501 998 3919 473
is_linear=0
shrinkage=0.03


Tree=89
num_leaves=4
num_cat=0
split_feature=14 14 0
split_gain=7.06394 8.35891 9.74157
threshold=-0.91764819622039784 -0.79661926627159108 0.055216835811734206
decision_type=2 2 2
left_child=-1 -2 -3
right_child=1 2 -4
leaf_value=0.010474717809991926 -0.010916021826917041 -0.00060671564844946358 0.0089928747039288506
leaf_weight=33.801158048212528 47.463614240288734 2095.0546987205744 79.395541965961456
leaf_count=98 130 5930 219
internal_value=-0.000220708 -0.000502169 -0.000150099
internal_weight=2255.72 2221.91 2174.45
internal_count=6377 6279 6149
is_linear=0
shrinkage=0.03


Tree=90
num_leaves=7
num_cat=0
split_feature=16 18 5 7 18 15
split_gain=8.36932 11.7348 14.0287 13.8882 11.2731 14.6082
threshold=0.27665415406227117 0.63788807392120372 0.054940233007073409 1.2102071046829226 0.70614537596702587 -0.45842219889163965
decision_type=2 2 2 2 2 2
left_child=4 2 -2 -3 5 -1
right_child=1 3 -4 -5 -6 -7
leaf_value=0.0075243157939851556 -0.0066337142138960742 0.006646209015187904 -7.8326100781721085e-05 -0.0097329665351108489 -0.0059986341671911629 -0.001648221300533582
leaf_weight=387.20781745761633 470.12464018166065 247.05953353643417 782.29651392251253 35.534814491868019 96.086649596691132 228.68202623724937
leaf_count=1049 1356 689 2247 124 290 607
internal_value=-0.000106774 -0.00137605 -0.00265179 0.00388115 0.00251062 0.00407944
internal_weight=2246.99 1535.02 1252.42 282.594 711.976 615.89
internal_count=6362 4416 3603 813 1946 1656
is_linear=0
shrinkage=0.03


Tree=91
num_leaves=5
num_cat=0
split_feature=14 11 16 7
split_gain=6.91243 7.07969 12.3491 6.25572
threshold=-0.97011661529541005 -0.45048286020755762 -0.83738145232200611 0.82952061295509349
decision_type=2 2 2 2
left_child=-1 2 -2 -3
right_child=1 3 -4 -5
leaf_value=0.011762564068123267 0.0081156917941975371 -1.095867310833898e-05 -0.0039509021807005258 0.004414697808130405
leaf_weight=24.921391874551773 64.726376563310623 1165.0633409358561 642.60975212603807 350.44438578933477
leaf_count=73 164 3232 1928 1000
internal_value=9.72371e-05 -0.00011052 -0.00257143 0.00101752
internal_weight=2247.77 2222.84 707.336 1515.51
internal_count=6397 6324 2092 4232
is_linear=0
shrinkage=0.03


Tree=92
num_leaves=7
num_cat=0
split_feature=15 23 14 9 10 11
split_gain=8.31829 7.7623 19.4114 11.3434 7.66123 6.57749
threshold=-2.1449828147888179 1.0000000180025095e-35 0.068522211164236083 -0.004206642508506774 1.0139093399047854 -0.32938313484191889
decision_type=2 2 2 2 2 2
left_child=4 3 -3 -2 5 -1
right_child=1 2 -4 -5 -6 -7
leaf_value=-0.0049619877425596103 0.0044090602441424044 0.002839855037423416 -0.00807128818996059 -0.00065917966267917062 -0.009326076614908297 0.010175041872201116
leaf_weight=32.077576003968716 812.73369666188955 301.6783569380641 245.24783542752266 717.71699826419353 123.9408840239048 28.44801639020443
leaf_count=117 2362 775 709 2018 364 97
internal_value=0.000319944 0.000904898 -0.00205912 0.00201573 -0.00541825 0.00216766
internal_weight=2261.84 2077.38 546.926 1530.45 184.466 60.5256
internal_count=6442 5864 1484 4380 578 214
is_linear=0
shrinkage=0.03


Tree=93
num_leaves=7
num_cat=0
split_feature=0 2 18 3 0 17
split_gain=5.8562 10.2423 13.2149 11.2635 7.94462 19.0186
threshold=-2.3905198574066158 0.087534379214048399 -0.31744475662708277 -1.0907334089279173 -1.5622841715812681 1.5081034302711489
decision_type=2 2 2 2 2 2
left_child=1 3 -3 -1 -2 -6
right_child=4 2 -4 -5 5 -7
leaf_value=-0.00093098306956403837 -0.0022083466191652038 0.0079298131321778303 -0.010474546405291456 0.013952169198161514 -0.00058797418014652856 0.0081261604851422444
leaf_weight=56.741195164620876 831.40337395295501 41.890304073691368 58.515219248831272 106.80029055848718 856.91460725665092 280.01916237175465
leaf_count=170 2441 130 177 286 2396 776
internal_value=0.000571983 0.00459967 -0.00225598 0.00892275 0 0.00160977
internal_weight=2232.28 263.947 100.406 163.541 1968.34 1136.93
internal_count=6376 763 307 456 5613 3172
is_linear=0
shrinkage=0.03


Tree=94
num_leaves=6
num_cat=0
split_feature=17 17 0 5 0
split_gain=6.99492 12.4666 16.6671 8.83497 6.70066
threshold=2.5878559350967412 1.7872146368026736 -1.4685729146003721 -0.099665485322475419 -1.6077448725700376
decision_type=2 2 2 2 2
left_child=1 3 -3 -1 -2
right_child=4 2 -4 -5 -6
leaf_value=0.0028522440709249303 -0.01329819560384758 -0.00036685055822674087 0.012258587644322949 -0.0018066250267195453 0.00050687106944565451
leaf_weight=480.18224916607141 46.930350318551064 182.85914080962539 154.41909690201283 1312.9949839748442 42.551744610071182
leaf_count=1329 146 579 443 3778 103
internal_value=7.31205e-05 0.00047531 0.00560827 -0.000508268 -0.00729203
internal_weight=2219.94 2130.46 337.278 1793.18 89.4821
internal_count=6378 6129 1022 5107 249
is_linear=0
shrinkage=0.03


Tree=95
num_leaves=7
num_cat=0
split_feature=12 10 2 10 0 14
split_gain=6.9789 16.0167 8.42718 6.67599 8.5447 6.68579
threshold=2.390985488891602 1.1357216835021975 -0.25654634833335871 0.67466896772384655 1.0000000180025095e-35 -0.14941184967756269
decision_type=2 2 2 2 2 2
left_child=3 2 -2 5 -5 -1
right_child=1 -3 -4 4 -6 -7
leaf_value=-0.00091572601435327124 0.0063205219761415339 0.0084784708501150323 -0.0086971000995322394 -0.001929929484289869 0.0085649852942805433 0.0082286680462629741
leaf_weight=120.55205032229424 27.210801918059587 217.91997337341309 89.301614888012409 1576.0331042744219 51.693317949771881 119.09379114955664
leaf_count=333 77 598 297 4484 137 390
internal_value=0 0.00385119 -0.00433814 -0.000736648 -0.0014603 0.00368136
internal_weight=2201.8 334.432 116.512 1867.37 1627.73 239.646
internal_count=6316 972 374 5344 4621 723
is_linear=0
shrinkage=0.03


Tree=96
num_leaves=7
num_cat=0
split_feature=18 18 7 7 17 15
split_gain=7.03027 19.1262 12.838 12.3114 8.22161 7.64689
threshold=0.63331303000450145 0.44801975786685949 -0.8691309094429015 -1.7533556818962095 0.67743226885795604 -1.3880759477615354
decision_type=2 2 2 2 2 2
left_child=1 3 -3 -1 -2 -6
right_child=4 2 -4 -5 5 -7
leaf_value=-0.0099692731742824434 -0.0012807219244103539 0.0036519040003638887 -0.011027996667345732 0.00086325605491156777 0 0.011006045774899916
leaf_weight=80.81306467205286 189.3927057236433 50.584949679672718 230.33590206503868 1435.5875956304371 96.531302202492952 127.95188296586275
leaf_count=212 539 150 681 4096 282 387
internal_value=-0.00036605 -0.00120585 -0.00811819 0.00012465 0.00303011 0.00671976
internal_weight=2211.2 1797.32 280.921 1516.4 413.876 224.483
internal_count=6347 5139 831 4308 1208 669
is_linear=0
shrinkage=0.03


Tree=97
num_leaves=6
num_cat=0
split_feature=16 11 16 13 16
split_gain=5.52182 7.68545 13.7089 7.23954 4.68033
threshold=-0.90435752272605885 -0.59236076474189747 0.44005304574966436 1.083122789859772 -1.6516245007514951
decision_type=2 2 2 2 2
left_child=4 2 -2 -3 -1
right_child=1 3 -4 -5 -6
leaf_value=-0.00080658978835503666 -0.0085537583177320332 0.00079764047303920239 0.00094041373432144553 -0.0060032680312385733 0.010648448226725385
leaf_weight=37.40276413410902 260.55530085787177 1495.4891243651509 240.59074207395315 134.84545919299126 51.868869602680206
leaf_count=100 779 4205 744 424 125
internal_value=-0.00048935 -0.000843839 -0.00401949 0.000132844 0.00603076
internal_weight=2220.75 2131.48 501.146 1630.33 89.2716
internal_count=6377 6152 1523 4629 225
is_linear=0
shrinkage=0.03


Tree=98
num_leaves=7
num_cat=0
split_feature=9 9 15 16 13 14
split_gain=6.7794 10.0964 13.6237 9.80828 8.95319 7.99946
threshold=-0.18583811074495313 -0.088725760579109178 -1.818024158477783 -0.21071263402700421 -1.4112082123756406 2.432004570960999
decision_type=2 2 2 2 2 2
left_child=4 2 -2 -3 -1 -6
right_child=1 3 -4 -5 5 -7
leaf_value=0.0091549911754542843 -0.0047358887900949059 0.0055525535851479145 0.0082959377643166757 -0.001294272175070696 -0.0055005393438729332 0.0039388084206188421
leaf_weight=30.773626364767551 73.607562657445669 205.00866589695215 287.62738543003798 1120.802428048104 432.80248912796378 75.624726677313447
leaf_count=99 231 512 790 3236 1262 262
internal_value=0.000103474 0.00106711 0.00537396 -0.00012419 -0.00273458 -0.00388703
internal_weight=2226.25 1687.05 361.235 1325.81 539.201 508.427
internal_count=6392 4769 1021 3748 1623 1524
is_linear=0
shrinkage=0.03


Tree=99
num_leaves=7
num_cat=0
split_feature=1 15 18 20 17 15
split_gain=6.58959 9.3445 9.18144 8.56708 11.7702 8.09777
threshold=0.19110777229070666 -2.0222080945968623 -0.58997040987014759 1.0000000180025095e-35 1.617636561393738 -0.87432521581649769
decision_type=2 2 2 2 2 2
left_child=1 2 -1 4 -2 -3
right_child=3 5 -4 -5 -6 -7
leaf_value=0.004858392107277446 -0.0082668077768749716 0.0038301341360670615 -0.0078603934607076632 0.0028373485526819735 0.0028866783883164521 -0.00052411900859200772
leaf_weight=48.258944764733315 285.07576284185052 764.01489070430398 170.80304157733917 139.37976465001702 96.883910588920116 704.73342699557543
leaf_count=146 846 2198 548 406 300 1949
internal_value=-7.06561e-05 0.000816764 -0.00463544 -0.0029785 -0.0052856 0.0017216
internal_weight=2209.15 1687.81 219.062 521.339 381.96 1468.75
internal_count=6393 4841 694 1552 1146 4147
is_linear=0
shrinkage=0.03


Tree=100
num_leaves=7
num_cat=0
split_feature=4 16 3 16 15 16
split_gain=8.15756 20.5427 13.1019 12.8191 13.2564 7.90796
threshold=0.3960117250680924 0.73043805360794078 1.2402570843696596 0.29260918498039251 -0.12086491659283637 0.45069146156311041
decision_type=2 2 2 2 2 2
left_child=3 2 -2 4 -1 -5
right_child=1 -3 -4 5 -6 -7
leaf_value=0.0078031503212590498 -0.0088138409377268041 0.010102162317875153 0.0056280008737005661 -0.0056781933986246348 -0.0025416370847958902 0.00056771856934326832
leaf_weight=386.22471009194851 298.52216709591448 62.083300404250622 49.032658658921719 196.61056392267346 131.92338535934687 1088.4100744053721
leaf_count=1070 826 157 132 605 372 3231
internal_value=0.000265736 -0.00342071 -0.00641779 0.00116446 0.00506124 -0.000414317
internal_weight=2212.81 409.638 347.555 1803.17 518.148 1285.02
internal_count=6393 1115 958 5278 1442 3836
is_linear=0
shrinkage=0.03


Tree=101
num_leaves=7
num_cat=0
split_feature=15 9 16 0 10 8
split_gain=10.1322 9.02885 13.9987 12.2892 8.84836 10.5892
threshold=-1.5354462862014768 -0.004206642508506774 -0.10895520076155661 -0.90109091997146595 1.5364384651184084 -1.3585582971572874
decision_type=2 2 2 2 2 2
left_child=4 2 -2 -3 -1 -6
right_child=1 3 -4 -5 5 -7
leaf_value=-0.0060041044507101399 -0.0055141326270644955 -0.0034934526235011741 0.0047395608139466838 0.0053831995688720397 0.012653495130716064 -0.0019668508650703721
leaf_weight=410.08588179945946 120.85637835413218 576.50942414999008 711.81015210971236 160.76554039865732 36.823959991335869 175.52218975499272
leaf_count=1337 336 1607 2039 442 93 512
internal_value=-0.000301416 0.000956625 0.0030865 -0.00138758 -0.00349893 0.00118125
internal_weight=2192.37 1569.94 832.667 737.275 622.432 212.346
internal_count=6366 4424 2375 2049 1942 605
is_linear=0
shrinkage=0.03


Tree=102
num_leaves=7
num_cat=0
split_feature=8 13 3 8 12 17
split_gain=7.50064 6.22263 15.061 12.4409 4.58815 0.422479
threshold=0.5510547161102296 0.73267823457717907 -1.4694819450378416 -1.6537026166915891 1.1133654117584231 0.40992575883865362
decision_type=2 2 2 2 2 2
left_child=1 3 -3 -1 5 -2
right_child=4 2 -4 -5 -6 -7
leaf_value=0.011732122368048849 -0.0017545477926345526 -0.0097366309387825756 0.00070879377551939164 0.00090637140288747241 0 -0.012043207788373965
leaf_weight=85.278546005487442 28.300999321043491 141.60382631421089 492.45284277573228 1354.0215782206506 50.519713014364243 51.110412951558828
leaf_count=227 81 447 1427 3899 151 173
internal_value=0.000146417 0.000635468 -0.00175864 0.00174091 -0.00630113 -0.0100707
internal_weight=2203.29 2073.36 634.057 1439.3 129.931 79.4114
internal_count=6405 6000 1874 4126 405 254
is_linear=0
shrinkage=0.03


Tree=103
num_leaves=6
num_cat=0
split_feature=2 7 0 9 5
split_gain=6.26957 5.52343 12.9721 6.84819 3.71682
threshold=0.57694977521896373 1.280667304992676 -1.2969644069671629 -0.18583811074495313 -0.11159009486436842
decision_type=2 2 2 2 2
left_child=1 3 -3 -1 -2
right_child=4 2 -4 -5 -6
leaf_value=-0.0021411767837520401 0 -0.010771075769854132 0.0029018978874399567 0.0018946656521122791 -0.011062503641333493
leaf_weight=483.8559546712786 40.857251118868589 104.80702102929354 101.66446313261986 1417.6680833138525 52.153497137129307
leaf_count=1458 130 344 313 4014 146
internal_value=-6.01088e-05 0.000279046 -0.00411199 0.000824895 -0.00696668
internal_weight=2201.01 2108 206.471 1901.52 93.0107
internal_count=6405 6129 657 5472 276
is_linear=0
shrinkage=0.03


Tree=104
num_leaves=7
num_cat=0
split_feature=6 12 7 8 4 0
split_gain=7.3664 9.91154 10.1912 8.10791 10.2201 8.66188
threshold=-0.37305003404617304 -0.18472005426883695 0.59019538760185253 -0.20446699857711789 -0.081254038959741579 -1.9350225925445554
decision_type=2 2 2 2 2 2
left_child=1 -1 -3 4 -2 -5
right_child=3 2 -4 5 -6 -7
leaf_value=-0.0038339689351669271 -0.0024890201141795419 0.012960554543411065 -0.0011211996064192601 -0.009793596305679211 0.0024498597769192529 -0.001173403647359679
leaf_weight=69.782217048108578 700.60004926100373 108.25738683342934 56.264853775501251 154.1801546216011 769.45524429902434 330.35327525809407
leaf_count=207 2131 297 166 470 2134 1001
internal_value=-0.000391116 0.0043749 0.00822003 -0.00103135 5.40024e-05 -0.00431479
internal_weight=2188.89 234.304 164.522 1954.59 1470.06 484.533
internal_count=6406 670 463 5736 4265 1471
is_linear=0
shrinkage=0.03


Tree=105
num_leaves=7
num_cat=0
split_feature=17 16 17 13 14 16
split_gain=8.15279 12.0467 10.4372 9.91694 9.81217 8.24162
threshold=-1.0492215752601621 -0.16513076424598691 -0.12864010781049726 0.47929680347442633 1.265530049800873 0.46025978028774267
decision_type=2 2 2 2 2 2
left_child=1 -1 5 -3 -4 -2
right_child=2 3 4 -5 -6 -7
leaf_value=0.0055198013200660808 -0.00025047311710222394 -0.0005389379527871998 0.0013561530772282825 -0.01360059577927146 -0.0035921771445660898 0.0086270655505494512
leaf_weight=58.998321779072285 134.03372102975845 108.17863930761814 990.24458585307002 108.51321493834257 536.630102340132 214.87125477567315
leaf_count=146 379 295 2800 294 1814 608
internal_value=-1.04449e-05 -0.00467003 0.000684785 -0.00792987 -0.000368141 0.00522538
internal_weight=2151.47 275.69 1875.78 216.692 1526.87 348.905
internal_count=6336 735 5601 589 4614 987
is_linear=0
shrinkage=0.03


Tree=106
num_leaves=7
num_cat=0
split_feature=3 12 13 15 17 7
split_gain=5.5614 11.7489 11.0565 12.4962 9.41946 8.61549
threshold=-1.5378904938697813 1.1767075657844546 -0.1011870577931404 -1.2947570681571958 -0.38799323141574854 -1.5782697200775144
decision_type=2 2 2 2 2 2
left_child=1 4 3 -2 -1 -4
right_child=2 -3 5 -5 -6 -7
leaf_value=0.00072569969678267226 -0.010111209417260604 0 -0.0054864056940833244 0 -0.014951304211730394 0.0023275608725257801
leaf_weight=37.512750364840031 156.31699666753411 262.17135147750378 118.47038252651691 262.33396660350263 89.784988850355148 1238.0899511091411
leaf_count=107 522 816 329 776 287 3559
internal_value=-0.000512367 -0.00367172 0.000180535 -0.00393132 -0.0104529 0.00153177
internal_weight=2164.68 389.469 1775.21 418.651 127.298 1356.56
internal_count=6396 1210 5186 1298 394 3888
is_linear=0
shrinkage=0.03


Tree=107
num_leaves=7
num_cat=0
split_feature=7 18 7 10 5 8
split_gain=7.26038 17.9075 13.347 10.979 8.12131 5.36735
threshold=-1.5782697200775144 0.50764074921607982 -0.76905590295791615 1.3615719079971316 0.64804306626319896 -0.099269568920135484
decision_type=2 2 2 2 2 2
left_child=1 5 3 -2 -4 -1
right_child=2 -3 4 -5 -6 -7
leaf_value=-0.0034250896340914669 0 0.0069025420512826572 -0.00087709828511575369 0.012324126942916 0.0092944669734978825 -0.019280944901090561
leaf_weight=60.24090438336134 105.46760999411345 45.672657914459705 1719.2784494608641 124.45518978685141 53.110702313482761 41.926949631422758
leaf_count=165 316 142 5138 325 163 119
internal_value=-3.01671e-05 -0.00605059 0.000440123 0.00694639 -0.000438517 -0.0125143
internal_weight=2150.15 147.841 2002.31 229.923 1772.39 102.168
internal_count=6368 426 5942 641 5301 284
is_linear=0
shrinkage=0.03


Tree=108
num_leaves=7
num_cat=0
split_feature=11 0 18 3 0 9
split_gain=8.66686 9.22845 9.91217 8.73687 8.4245 8.83986
threshold=-0.28249238431453699 -1.5766479372978208 0.70076158642768871 -0.53537401556968678 -2.2999203205108638 -0.049004217609763139
decision_type=2 2 2 2 2 2
left_child=1 3 -3 -1 5 -2
right_child=4 2 -4 -5 -6 -7
leaf_value=0 0.012382486217114096 -0.0011475482538004177 0.0098779397491032938 -0.0087330219951017116 0.00055547148968066774 0
leaf_weight=174.25321361422539 104.63407758623362 383.98484466969967 68.666068531572819 240.21874862909317 1080.4286383725703 101.94629557803273
leaf_count=571 309 1119 188 794 3100 282
internal_value=0.000152493 -0.00210731 0.000745256 -0.00525163 0.00172989 0.00701616
internal_weight=2154.13 867.123 452.651 414.472 1287.01 206.58
internal_count=6363 2672 1307 1365 3691 591
is_linear=0
shrinkage=0.03


Tree=109
num_leaves=7
num_cat=0
split_feature=4 7 16 8 11 10
split_gain=8.61683 13.7286 8.59701 6.39904 6.01081 5.35904
threshold=0.73886299133300792 -0.20987044274806974 -0.83738145232200611 0.5510547161102296 -0.52422690391540516 1.5364384651184084
decision_type=2 2 2 2 2 2
left_child=2 -2 4 -4 -1 -3
right_child=1 5 3 -5 -6 -7
leaf_value=0.014615215229708121 -0.015140263401186797 -0.0054722295783023924 0.0008285068728746685 -0.0060903919150784355 0 0.0063642250967699049
leaf_weight=47.066084623336792 61.779427453875542 39.908693179488182 1816.032888026908 107.75714296847582 34.589153960347176 56.991896793246269
leaf_count=117 164 96 5432 351 100 142
internal_value=0.000255981 -0.00602195 0.000836901 0.000351414 0.00936521 0.000873902
internal_weight=2164.13 158.68 2005.45 1923.79 81.6552 96.9006
internal_count=6402 402 6000 5783 217 238
is_linear=0
shrinkage=0.03


Tree=110
num_leaves=7
num_cat=0
split_feature=20 11 4 18 2 13
split_gain=7.95006 14.7409 11.8801 10.0178 9.44972 15.5469
threshold=1.0000000180025095e-35 -0.71976545453071583 -0.050726670771837228 0.31026463210582739 0.15495242178440097 0.30660374462604528
decision_type=2 2 2 2 2 2
left_child=4 3 -3 -2 5 -1
right_child=1 2 -4 -5 -6 -7
leaf_value=-0.003673836797480917 -0.013394135717578196 -0.00016844319393214519 0.0092690879162659976 0.0027178649448246187 -0.0049038406184659412 0.0031374374225596642
leaf_weight=503.46571368724108 54.45947265625 186.87801674380898 261.43212227150798 45.256114795804024 419.38643600419164 688.52752595022321
leaf_count=1514 166 583 720 126 1305 1975
internal_value=-4.63608e-05 0.00298192 0.00536775 -0.00634807 -0.00113698 0.000197883
internal_weight=2159.41 548.026 448.31 99.7156 1611.38 1191.99
internal_count=6389 1595 1303 292 4794 3489
is_linear=0
shrinkage=0.03


Tree=111
num_leaves=7
num_cat=0
split_feature=10 10 9 15 18 8
split_gain=7.29638 12.7941 11.6046 7.19433 17.0663 7.47678
threshold=1.5101097226142886 1.7508658766746523 -0.13594014197587964 -1.4073573946952818 -0.60171750187873829 -1.7699578404426572
decision_type=2 2 2 2 2 2
left_child=3 2 -2 4 -1 -5
right_child=1 -3 -4 5 -6 -7
leaf_value=0.0039917435906502985 -0.0015566645827697432 -0.0013363889259828184 0.0091389477719072219 0.011266496624163519 -0.0078964191793039207 -0.00057946067846287221
leaf_weight=132.76720536500216 113.25392068549991 453.24245150014758 268.17597347125411 30.820268698036671 344.97477368637919 811.97974231466651
leaf_count=409 332 1296 752 88 1143 2396
internal_value=-0.000178356 0.00195836 0.00589441 -0.00158273 -0.00444444 3.53116e-05
internal_weight=2155.21 834.672 381.43 1320.54 477.742 842.8
internal_count=6416 2380 1084 4036 1552 2484
is_linear=0
shrinkage=0.03


Tree=112
num_leaves=7
num_cat=0
split_feature=11 17 17 6 9 17
split_gain=6.88882 9.19387 11.9233 8.4002 7.74797 9.28847
threshold=-0.18336180597543714 1.0000000180025095e-35 -0.22967647761106488 -0.028165837749838826 -0.27060730755329127 2.5442427396774296
decision_type=2 2 2 2 2 2
left_child=1 2 -1 -3 -2 -6
right_child=4 3 -4 -5 5 -7
leaf_value=-0.00023671591352094002 -0.0037058560772499772 -2.1960622213321925e-05 0.014263157326079974 -0.0067362144992487282 0.0034607904177378604 -0.0074287775943800947
leaf_weight=258.17920774593949 183.64570233970881 329.67633757740259 41.287161350250244 364.86770192161202 918.7843279838562 54.471517622470856
leaf_count=736 566 1035 117 1201 2614 148
internal_value=0 -0.00182634 0.00234234 -0.00372298 0.0015473 0.0026536
internal_weight=2150.91 994.01 299.466 694.544 1156.9 973.256
internal_count=6417 3089 853 2236 3328 2762
is_linear=0
shrinkage=0.03


Tree=113
num_leaves=7
num_cat=0
split_feature=13 6 0 1 18 3
split_gain=7.07402 5.6385 7.5173 4.73794 7.32301 4.94905
threshold=1.0920780897140505 -0.20675776898860929 -0.95664855837821949 0.19110777229070666 0.38219225406646734 -2.0811648368835445
decision_type=2 2 2 2 2 2
left_child=3 -2 -3 5 -5 -1
right_child=1 2 -4 4 -6 -7
leaf_value=-0.0078726940303520919 0.0015225126186653977 -0.013151065080773494 0.0021511457713252876 2.6402515270688685e-07 -0.0073970396448306327 0.0010682433653298397
leaf_weight=36.832849152386189 40.504075340926647 87.886054877191782 24.148374438285828 301.78281741589308 164.31646701693535 1480.5495657138526
leaf_count=113 130 300 80 899 529 4349
internal_value=-0.000612014 -0.00644337 -0.0095721 -7.3765e-05 -0.00268116 0.000712591
internal_weight=2136.02 152.539 112.034 1983.48 466.099 1517.38
internal_count=6400 510 380 5890 1428 4462
is_linear=0
shrinkage=0.03


Tree=114
num_leaves=6
num_cat=0
split_feature=0 18 11 10 11
split_gain=6.27849 8.5973 6.51622 13.5431 10.482
threshold=0.055216835811734206 0.13049478083848956 0.36543932557106024 0.59226599335670482 0.68373405933380138
decision_type=2 2 2 2 2
left_child=2 -2 3 -1 -4
right_child=1 -3 4 -5 -6
leaf_value=0.0069122351806383464 -0.0015666343395067215 0.014716310511387297 0.0068704614811383458 -0.0021712187040412514 -0.0012550060585691466
leaf_weight=143.214809499681 38.250820212066174 40.953361839056015 247.88201113045216 1392.9596721641719 274.16942678019404
leaf_count=442 108 114 687 4207 810
internal_value=0.000128567 0.00751733 -0.000196503 -0.00120788 0.00260361
internal_weight=2137.43 79.2042 2058.23 1536.17 522.051
internal_count=6368 222 6146 4649 1497
is_linear=0
shrinkage=0.03


Tree=115
num_leaves=6
num_cat=0
split_feature=13 11 0 0 10
split_gain=8.70659 6.12027 8.52786 5.93657 1.95985
threshold=-2.1691977977752681 -0.28249238431453699 -1.6651681661605833 -2.359695196151733 0.88192486763000499
decision_type=2 2 2 2 2
left_child=4 2 -2 -3 -1
right_child=1 3 -4 -5 -6
leaf_value=0 -0.0056070215016749492 0.0059528148206803473 0.00035285316019097933 6.607288595937131e-05 0.014148075037758312
leaf_weight=21.637233093380928 365.95896242558956 164.32832137495279 446.71654768288136 1083.3724720291793 26.947045885026455
leaf_count=84 1213 484 1340 3142 94
internal_value=6.73265e-06 -0.00031207 -0.00232912 0.000970399 0.0105499
internal_weight=2108.96 2060.38 812.676 1247.7 48.5843
internal_count=6357 6179 2553 3626 178
is_linear=0
shrinkage=0.03


Tree=116
num_leaves=6
num_cat=0
split_feature=5 1 18 7 17
split_gain=8.38616 7.53702 9.82621 9.25682 6.12348
threshold=0.64804306626319896 -0.0029784772777929898 0.62771922349929821 0.82952061295509349 -1.009260296821594
decision_type=2 2 2 2 2
left_child=1 2 -1 -3 -2
right_child=4 3 -4 -5 -6
leaf_value=-5.0143979123459323e-05 -0.00064292635701336401 -0.0039391252102352926 0.0068546273001577895 0.0024808372616851246 0.013573928161181569
leaf_weight=851.68530099838972 29.60908018052578 731.68142374232411 211.33137490600348 248.89249154925346 49.529057748615742
leaf_count=2521 83 2195 634 810 147
internal_value=4.66598e-05 -0.000335293 0.00136838 -0.00223261 0.00859293
internal_weight=2122.73 2043.59 1063.02 980.574 79.1381
internal_count=6390 6160 3155 3005 230
is_linear=0
shrinkage=0.03


Tree=117
num_leaves=7
num_cat=0
split_feature=3 11 13 3 0 23
split_gain=5.21524 15.3841 10.4455 9.1634 11.8118 9.05955
threshold=-1.5378904938697813 0.30387611687183386 0.47929680347442633 -0.7651250660419463 -1.0868114829063413 1.0000000180025095e-35
decision_type=2 2 2 2 2 2
left_child=1 -1 -3 4 -2 -5
right_child=3 2 -4 5 -6 -7
leaf_value=-0.0088291783563992903 0.0011107490354995034 0.0091970882861896249 -0.0032213220262356317 0.00061298946682269398 0.010407681048079799 -0.006239011221341172
leaf_weight=177.8927847482264 455.57869268581271 93.557161673903465 106.36166595667601 958.85686726495624 161.88627065345645 189.16845125332475
leaf_count=595 1297 275 338 2888 429 597
internal_value=0.000280312 -0.00278998 0.00262526 0.000994846 0.00389239 -0.000552193
internal_weight=2143.3 377.812 199.919 1765.49 617.465 1148.03
internal_count=6419 1208 613 5211 1726 3485
is_linear=0
shrinkage=0.03


Tree=118
num_leaves=7
num_cat=0
split_feature=6 8 16 18 8 12
split_gain=7.2969 12.7087 7.58701 8.66381 7.60112 6.36908
threshold=-0.34558466076850886 -0.25082656741142267 0.27665415406227117 -2.7569844722747798 -1.1056731343269346 -0.18472005426883695
decision_type=2 2 2 2 2 2
left_child=1 5 3 -2 -4 -1
right_child=2 -3 4 -5 -6 -7
leaf_value=-0.0072770405196693894 -0.009227974725809638 0.012526016838262988 0.0013236376637963583 0.0030663760803602458 -0.0036571762701312427 0.0032721414546448111
leaf_weight=59.906409926712513 35.836996987462044 84.276277229189873 353.98201259598136 515.03601431846619 937.59880588389933 121.70913046225905
leaf_count=184 118 247 1075 1501 2906 351
internal_value=-0.00026939 0.00415674 -0.000978135 0.00186619 -0.00224698 -0.000286634
internal_weight=2108.35 265.892 1842.45 550.873 1291.58 181.616
internal_count=6382 782 5600 1619 3981 535
is_linear=0
shrinkage=0.03


Tree=119
num_leaves=7
num_cat=0
split_feature=13 4 12 18 23 4
split_gain=10.1631 8.79514 11.1681 8.01973 16.733 7.47676
threshold=0.74826484918594371 -0.14085304737091062 -0.28026571869850153 -1.7339980602264402 1.0000000180025095e-35 0.71962472796440136
decision_type=2 2 2 2 2 2
left_child=3 2 -2 4 -1 -5
right_child=1 -3 -4 5 -6 -7
leaf_value=0.0015720304776159419 0.011658666328053636 -0.0059215851718177675 -0.0023393139103709128 0.0028797820699256642 -0.015221365190603339 -0.0048406893204909762
leaf_weight=143.01329640299082 49.000669807195663 385.58147696778178 170.71358390897512 1202.0490248743445 58.13857513666153 101.00186863914132
leaf_count=429 137 1191 543 3614 172 273
internal_value=-2.01831e-05 -0.00326784 0.00124447 0.00127305 -0.00394803 0.00217188
internal_weight=2109.5 605.296 219.714 1504.2 201.152 1303.05
internal_count=6359 1871 680 4488 601 3887
is_linear=0
shrinkage=0.03


Tree=120
num_leaves=7
num_cat=0
split_feature=15 18 5 19 18 15
split_gain=4.79003 9.73371 15.9958 7.5341 7.22996 7.50033
threshold=-1.5252533555030821 -0.4314295351505279 0.006715994095429779 0.40519273281097418 -1.1796954870223997 -0.60577100515365589
decision_type=2 2 2 2 2 2
left_child=1 2 -1 -3 5 -2
right_child=4 3 -4 -5 -6 -7
leaf_value=-0.0090400039894296905 0.00092307636176360475 0.0042510981074689704 0.0082146063406349501 -0.0063609448671720055 0.0016692727682646015 -0.0084324357337347486
leaf_weight=48.800573147833347 136.01393666490912 49.442251600325108 136.0669211037457 381.92302791401744 1233.8651845082641 124.99159179441631
leaf_count=164 413 157 414 1249 3622 369
internal_value=-0.000219093 -0.00242259 0.00292907 -0.00487721 0.000669644 -0.00362491
internal_weight=2111.1 616.233 184.867 431.365 1494.87 261.006
internal_count=6388 1984 578 1406 4404 782
is_linear=0
shrinkage=0.03


Tree=121
num_leaves=7
num_cat=0
split_feature=4 2 9 5 12 16
split_gain=5.80002 18.7123 14.9241 9.32532 8.01555 7.13661
threshold=-0.15345063805580136 0.084104247391223921 0.10923235118389131 -0.099665485322475419 -0.71548920869827259 0.4947389960289002
decision_type=2 2 2 2 2 2
left_child=1 -1 -3 5 -5 -2
right_child=3 2 -4 4 -6 -7
leaf_value=0.0053346833289540808 -1.1792929892675366e-05 -0.0089871923900987256 0.0091541903239002881 -0.0095945727064189017 -0.001433235166962503 0.0076654477826669353
leaf_weight=513.88617905974388 296.53631315380335 161.45737570151687 32.160644449293613 112.32046960294247 852.61059311032295 139.34412351250648
leaf_count=1528 922 498 114 356 2594 384
internal_value=0.000127945 0.00232962 -0.00511803 -0.000958961 -0.00261969 0.00253951
internal_weight=2108.32 707.504 193.618 1400.81 964.931 435.88
internal_count=6396 2140 612 4256 2950 1306
is_linear=0
shrinkage=0.03


Tree=122
num_leaves=7
num_cat=0
split_feature=14 13 5 19 10 13
split_gain=5.84541 11.0301 14.4497 9.95634 7.30873 9.47356
threshold=0.038081530481576926 0.25471982359886175 0.26896846294403082 1.2954951524734499 0.66497108340263378 0.24498106539249423
decision_type=2 2 2 2 2 2
left_child=1 2 -1 -3 -2 -6
right_child=4 3 -4 -5 5 -7
leaf_value=-0.0064935188989602753 0.0052403946259192225 0.0065576910433240761 0.0074848768426071426 -0.0032122087304711834 0.00095015961992274401 -0.0043786331945621492
leaf_weight=222.61075458675623 105.5433146879077 390.48705426603556 69.993820078670979 99.230627834796906 463.43999231606722 732.08867155387998
leaf_count=660 375 1095 209 279 1449 2312
internal_value=-0.000308468 0.00167894 -0.00269287 0.00441196 -0.00155622 -0.00228195
internal_weight=2083.39 782.322 292.605 489.718 1301.07 1195.53
internal_count=6379 2243 869 1374 4136 3761
is_linear=0
shrinkage=0.03


Tree=123
num_leaves=5
num_cat=0
split_feature=14 14 13 14
split_gain=5.85307 6.40144 8.98034 5.80966
threshold=-0.91764819622039784 -0.37481585144996638 0.27320292592048651 -0.21101247519254682
decision_type=2 2 2 2
left_child=-1 2 -2 -3
right_child=1 3 -4 -5
leaf_value=0.0096023617714950348 -0.01057647785486516 0.0047961927193042875 0.00040780685674829723 -0.00038075343461559173
leaf_weight=34.100064724683762 105.63185633718967 199.72716762498021 119.38515066355467 1651.976575082168
leaf_count=101 299 569 341 5117
internal_value=-0.000100979 -0.000379 -0.00494619 0.000190865
internal_weight=2110.82 2076.72 225.017 1851.7
internal_count=6427 6326 640 5686
is_linear=0
shrinkage=0.03


Tree=124
num_leaves=7
num_cat=0
split_feature=3 4 12 8 12 8
split_gain=5.14355 9.44979 12.4372 8.14434 10.9687 10.5503
threshold=-0.59401309490203846 0.50368648767471325 0.17296548187732699 -0.85925170779228199 0.7011074721813203 -1.5526447892189024
decision_type=2 2 2 2 2 2
left_child=3 2 -2 5 -5 -1
right_child=1 -3 -4 4 -6 -7
leaf_value=0.0062309417222906312 0.0039776148469824607 -0.007484814838666946 -0.0032601974245970861 -0.0012936049095925108 0.0063398022240110877 -0.0041560946714223907
leaf_weight=97.191035881638527 390.23622986674309 154.11978855356574 424.19031138345599 232.41741320118308 469.36952241510153 314.69294805079699
leaf_count=300 1173 469 1344 710 1403 956
internal_value=0.00041648 -0.00113261 0.000148142 0.00181285 0.00376285 -0.00139113
internal_weight=2082.22 968.546 814.427 1113.67 701.787 411.884
internal_count=6355 2986 2517 3369 2113 1256
is_linear=0
shrinkage=0.03


Tree=125
num_leaves=7
num_cat=0
split_feature=14 0 11 18 23 9
split_gain=6.22477 12.6484 19.5186 13.1079 8.12143 10.2367
threshold=0.068522211164236083 -1.5935321450233457 -0.072841335088014589 -1.4138054847717283 1.0000000180025095e-35 0.16753130406141284
decision_type=2 2 2 2 2 2
left_child=1 2 -1 -3 -2 -6
right_child=4 3 -4 -5 5 -7
leaf_value=-0.0086781653063310264 3.7647868851621401e-05 -0.0059052954315392528 0.0048358300447125984 0.0073168083020437617 -0.010042102637116086 0.0023115221106632254
leaf_weight=173.34047778695822 1040.3174043372273 59.302320472896099 167.99336196109653 414.712971072644 153.34773763082922 72.368587072938681
leaf_count=558 3320 165 451 1160 499 228
internal_value=0.000217155 0.00225495 -0.00196145 0.00536908 -0.00106323 -0.00597137
internal_weight=2081.38 815.349 341.334 474.015 1266.03 225.716
internal_count=6381 2334 1009 1325 4047 727
is_linear=0
shrinkage=0.03


Tree=126
num_leaves=7
num_cat=0
split_feature=4 3 16 3 7 16
split_gain=6.25224 10.5929 9.64579 7.74704 10.8034 7.16892
threshold=-0.1390433385968208 1.0133835077285769 -0.014008599333465098 0.98105046153068554 -0.065510712563991533 -0.90435752272605885
decision_type=2 2 2 2 2 2
left_child=1 2 -1 5 -5 -2
right_child=3 -3 -4 4 -6 -7
leaf_value=-0.0051363793439337868 0.006644367285911305 -0.0091752366692932751 0.0045864180839555319 0.012020113792003614 -0.0034560656184994681 -0.0026493530394471748
leaf_weight=84.888568215072155 57.648637562990189 46.817514419555664 610.95153073593974 68.598134852945805 53.665375545620918 1150.5956498552114
leaf_count=248 163 171 1887 191 177 3509
internal_value=-1.5782e-05 0.00212677 0.00320611 -0.00126991 0.00527449 -0.0020561
internal_weight=2073.17 742.658 695.84 1330.51 122.264 1208.24
internal_count=6346 2306 2135 4040 368 3672
is_linear=0
shrinkage=0.03


Tree=127
num_leaves=7
num_cat=0
split_feature=15 6 13 7 15 19
split_gain=7.40581 10.4639 9.06957 8.65709 8.2213 7.82165
threshold=-1.4682433009147642 -0.089801389724016176 0.59380164742469799 1.246377229690552 -0.60577100515365589 0.42152197659015661
decision_type=2 2 2 2 2 2
left_child=1 3 -2 -1 -4 -3
right_child=2 5 4 -5 -6 -7
leaf_value=0.004155980223103972 0.0034052214607635414 0.0040747302254527731 0.0017489980742908975 -0.0089218244444177457 -0.0053418208998824773 -0.0070663805307259247
leaf_weight=245.58090580627322 851.39913582988083 46.58873787522316 295.8764863461256 33.65774492174387 246.38314379379153 339.25774519145489
leaf_count=739 2531 135 893 130 749 1170
internal_value=0.000218645 -0.00230964 0.00148325 0.00188821 -0.00144151 -0.00543881
internal_weight=2058.74 665.085 1393.66 279.239 542.26 385.846
internal_count=6347 2174 4173 869 1642 1305
is_linear=0
shrinkage=0.03


Tree=128
num_leaves=7
num_cat=0
split_feature=13 7 18 17 17 1
split_gain=5.10657 14.0686 9.40898 6.15551 8.82986 3.1311
threshold=1.0759019851684573 -0.065510712563991533 -0.37623554468154902 2.5878559350967412 1.6904227137565615 -0.018777697347104546
decision_type=2 2 2 2 2 2
left_child=3 -2 -3 4 -1 -5
right_child=1 2 -4 5 -6 -7
leaf_value=-0.00039167397204130003 0.0049434373335034195 0.0021308902761660313 -0.014967499991440055 -0.012340209754742265 0.0048994377427319146 0
leaf_weight=1499.9858952388167 62.107923656702042 25.889209397137165 85.474048811942339 31.368102587759495 325.67628154531121 39.239865899085999
leaf_count=4532 192 84 322 100 1047 122
internal_value=-0.000282379 -0.00493615 -0.0108166 0.000159113 0.000562552 -0.00743177
internal_weight=2069.74 173.471 111.363 1896.27 1825.66 70.608
internal_count=6399 598 406 5801 5579 222
is_linear=0
shrinkage=0.03


Tree=129
num_leaves=7
num_cat=0
split_feature=17 0 7 4 7 16
split_gain=6.06832 9.90452 14.9375 8.26794 12.0519 9.82962
threshold=1.90038537979126 -1.2045530676841734 0.47331987321376806 0.75808417797088634 0.41822147369384771 -0.83738145232200611
decision_type=2 2 2 2 2 2
left_child=3 2 -2 5 -5 -1
right_child=1 -3 -4 4 -6 -7
leaf_value=0.011000294067072027 0.0056575467256806114 0.010718468703170704 -0.0086627345500388322 -0.014535612038270151 0.0024451792898428477 -0.00027355441216235434
leaf_weight=52.617410816252232 153.20726777985692 105.11899717897177 85.273060381412506 65.452204667031765 49.175743103027344 1554.5090404022485
leaf_count=146 466 314 324 178 130 4831
internal_value=0.000337691 0.00387531 3.08559e-05 -0.000370232 -0.00752409 0.000189352
internal_weight=2065.35 343.599 238.48 1721.75 114.628 1607.13
internal_count=6389 1104 790 5285 308 4977
is_linear=0
shrinkage=0.03


Tree=130
num_leaves=7
num_cat=0
split_feature=6 15 9 10 3 17
split_gain=6.85977 17.0413 11.9992 11.9401 9.00923 7.04977
threshold=-0.028165837749838826 -1.2757906317710874 -0.32182389497756952 1.7842212915420534 -1.5378904938697813 0.77846956253051769
decision_type=2 2 2 2 2 2
left_child=2 -2 5 -3 -4 -1
right_child=1 3 4 -5 -6 -7
leaf_value=-0.010554355086008355 -0.0062797009914238953 0.0038915530959263548 -0.0028328623014288084 -0.0048858782357305312 0.0048699815844255182 0.00078118996378396058
leaf_weight=77.474989373236895 390.77585587650537 482.79125997051597 144.31459388136864 169.74481994658709 697.2231983281672 76.945365533232689
leaf_count=253 1353 1490 479 502 2000 244
internal_value=0.000196356 -0.00145769 0.00198269 0.00144166 0.00344429 -0.00512012
internal_weight=2039.27 1043.31 995.958 652.536 841.538 154.42
internal_count=6321 3345 2976 1992 2479 497
is_linear=0
shrinkage=0.03


Tree=131
num_leaves=7
num_cat=0
split_feature=8 17 6 17 0 10
split_gain=6.99704 11.008 10.1406 7.64208 10.0326 7.80433
threshold=-0.20446699857711789 -1.8996092677116392 0.41346962749958044 0.45868048071861273 -1.7335808873176572 0.89882847666740429
decision_type=2 2 2 2 2 2
left_child=1 -1 -3 4 -2 -5
right_child=3 2 -4 5 -6 -7
leaf_value=-0.0085946282173792604 -0.0054700293368491002 0.00080872976653572368 0.0094536856340545917 0.0012356187845174499 0.0066022907181288691 -0.0084772847284272004
leaf_weight=79.303241901099682 87.906058341264725 1334.1908756792545 118.28598190099001 84.859795533120632 120.95182049274445 232.54981126263738
leaf_count=221 291 4133 349 299 359 725
internal_value=-9.63456e-07 0.000998216 0.00167234 -0.00294913 0.00122502 -0.00578339
internal_weight=2058.05 1531.78 1452.48 526.267 208.858 317.41
internal_count=6377 4703 4482 1674 650 1024
is_linear=0
shrinkage=0.03


Tree=132
num_leaves=7
num_cat=0
split_feature=11 14 11 3 17 6
split_gain=6.9595 11.1681 12.9461 9.04325 7.48869 6.68171
threshold=0.44652903079986578 -0.32210198044776911 0.8501042127609254 -1.5378904938697813 -0.31051975488662714 0.079076223075389876
decision_type=2 2 2 2 2 2
left_child=3 -2 -3 4 -1 -5
right_child=1 2 -4 5 -6 -7
leaf_value=0.0034763533858639729 -0.0071231280453948765 0.0095662748286428848 -0.0007845799521219429 0.0016551733175655234 -0.0092441963033778017 -0.0025699785722173006
leaf_weight=34.912121675908566 56.584743782877922 231.35953643172979 169.20772762596607 886.94838177226484 157.94921503216028 514.76451065391302
leaf_count=119 173 697 531 2646 558 1664
internal_value=0.000127103 0.00333353 0.00522182 -0.0007849 -0.00654935 4.70021e-05
internal_weight=2051.73 457.152 400.567 1594.57 192.861 1401.71
internal_count=6388 1401 1228 4987 677 4310
is_linear=0
shrinkage=0.03


Tree=133
num_leaves=6
num_cat=0
split_feature=16 4 17 11 17
split_gain=6.99832 6.83877 5.65138 9.82387 7.69957
threshold=-0.90435752272605885 0.41814702749252325 1.6904227137565615 -0.1042129024863243 1.1785033941268923
decision_type=2 2 2 2 2
left_child=1 -1 4 -4 -2
right_child=2 -3 3 -5 -6
leaf_value=0.01303480927190478 -8.8438497404169579e-05 -0.0017526472778420499 -0.0011831347771094913 0.0076583649589616071 -0.0055182172510428971
leaf_weight=51.476216740906239 1270.6170361191034 29.061726450920105 230.23620272800326 178.90730794519186 275.55935499258339
leaf_count=139 3920 87 780 546 891
internal_value=7.19075e-05 0.00781487 -0.00029254 0.00271993 -0.00115255
internal_weight=2035.86 80.5379 1955.32 409.144 1546.18
internal_count=6363 226 6137 1326 4811
is_linear=0
shrinkage=0.03


Tree=134
num_leaves=7
num_cat=0
split_feature=17 4 7 17 0 0
split_gain=7.11635 13.1075 10.5422 6.78673 15.8247 12.9439
threshold=-0.25461924076080317 0.86118084192276012 -2.1015076637268062 1.5081034302711489 -1.5288965702056883 -1.2640774846076963
decision_type=2 2 2 2 2 2
left_child=1 2 -1 5 -5 -2
right_child=3 -3 -4 4 -6 -7
leaf_value=-0.006914719992077413 0.0001877578942708756 -0.010448982278385853 0.0060149038868454975 -0.0031313808032130638 0.006984622298929293 -0.0065129850261108875
leaf_weight=43.750695362687111 616.66745959594846 38.136827558279037 436.03966334462166 269.47306437790394 242.87769442796707 406.92863270267844
leaf_count=124 1967 119 1281 920 740 1263
internal_value=-1.76691e-05 0.00292743 0.00448631 -0.00107419 0.00163361 -0.00249238
internal_weight=2053.87 517.927 479.79 1535.95 512.351 1023.6
internal_count=6414 1524 1405 4890 1660 3230
is_linear=0
shrinkage=0.03


Tree=135
num_leaves=7
num_cat=0
split_feature=9 13 6 7 4 7
split_gain=5.87415 7.40991 6.9943 7.23555 6.89303 5.26177
threshold=-0.18583811074495313 -1.4112082123756406 -0.028165837749838826 0.71261328458786022 -0.35537600517272944 -1.1944581866264341
decision_type=2 2 2 2 2 2
left_child=1 -1 3 -2 -3 -4
right_child=2 4 5 -5 -6 -7
leaf_value=0.0075429686733850766 0.0045789658390534638 0.0028007431941926399 0.004228507631755956 -0.0020857464270116633 -0.0060620939139931686 -0.0023019016972677954
leaf_weight=29.777229480445385 477.49324438348413 75.134904533624649 105.20765654370189 179.90697175636888 389.49808321893215 767.97531956806779
leaf_count=103 1384 230 321 556 1278 2479
internal_value=-0.000559342 -0.00334461 0.000333197 0.00265877 -0.00444866 -0.00137083
internal_weight=2024.99 494.41 1530.58 657.4 464.633 873.183
internal_count=6351 1611 4740 1940 1508 2800
is_linear=0
shrinkage=0.03


Tree=136
num_leaves=7
num_cat=0
split_feature=20 10 4 5 10 9
split_gain=6.62128 7.17921 8.24248 6.27198 6.47872 3.66057
threshold=1.0000000180025095e-35 0.87366473674774181 -0.050726670771837228 0.64804306626319896 0.23118473589420321 -0.045016665011644356
decision_type=2 2 2 2 2 2
left_child=3 -2 -3 4 -1 -5
right_child=1 2 -4 5 -6 -7
leaf_value=0.0078193376872186249 -0.0056511921738332501 -0.00077172052819140494 0.007055012541158436 0.011734940751093763 -0.0019056367651256545 0
leaf_weight=42.830109007656574 55.439580023288727 170.04836028441787 295.33070665225387 32.752864338457584 1435.4179569687694 29.547569863498211
leaf_count=135 214 540 857 99 4528 93
internal_value=0 0.00283214 0.00415757 -0.00101926 -0.0014832 0.00694537
internal_weight=2061.37 520.819 465.379 1540.55 1478.25 62.3004
internal_count=6466 1611 1397 4855 4663 192
is_linear=0
shrinkage=0.03


Tree=137
num_leaves=7
num_cat=0
split_feature=19 12 22 11 14 15
split_gain=4.71565 12.5021 7.92965 7.46019 6.46574 4.63892
threshold=0.88349685072898876 -0.96742784976959217 1.0000000180025095e-35 0.43495620787143713 -0.25654239952564234 -0.85328564047813404
decision_type=2 2 2 2 2 2
left_child=4 2 -2 -3 -1 -6
right_child=1 3 -4 -5 5 -7
leaf_value=-0.0036451404485178017 -0.00076447093282452428 -0.0015613140915510572 -0.018830683999318847 0.0036512460438279156 0.00050883934244171157 0.0062035792373398135
leaf_weight=123.00705439597368 50.987868625670671 946.60752698034048 36.100537367165089 310.35116304457188 295.34464109688997 257.14857473410666
leaf_count=381 180 3024 115 964 938 774
internal_value=-2.70512e-05 -0.00108036 -0.0109319 -0.000190284 0.00195326 0.00338829
internal_weight=2019.55 1344.05 87.0884 1256.96 675.5 552.493
internal_count=6376 4283 295 3988 2093 1712
is_linear=0
shrinkage=0.03


Tree=138
num_leaves=7
num_cat=0
split_feature=14 17 17 0 17 6
split_gain=7.02944 9.11016 9.08166 5.73345 8.17687 7.52293
threshold=2.1556924581527714 -0.16738976538181302 0.36313998699188238 -1.5468521714210508 1.4904417991638186 -0.1542926877737045
decision_type=2 2 2 2 2 2
left_child=3 -2 -3 5 -5 -1
right_child=1 2 -4 4 -6 -7
leaf_value=-0.0049176380542725624 0.0038024341152685937 -0.013643516914780354 -0.0021637797397661179 0.0010027606842061606 0.0078139845466930688 0.0013288875915946009
leaf_weight=235.79002255946398 111.19995451718569 72.294783193618059 279.54507016204298 648.17193968221545 206.60054060816765 501.61861388012767
leaf_count=711 353 239 1028 1931 621 1562
internal_value=0.00022526 -0.0029159 -0.00529092 0.00120083 0.00285865 -0.000666365
internal_weight=2055.22 463.04 351.84 1592.18 854.772 737.409
internal_count=6445 1620 1267 4825 2552 2273
is_linear=0
shrinkage=0.03


Tree=139
num_leaves=5
num_cat=0
split_feature=14 15 19 1
split_gain=5.69665 6.08227 12.2451 6.21191
threshold=-0.97011661529541005 -2.1449828147888179 0.63181611895561229 0.37283888459205633
decision_type=2 2 2 2
left_child=-1 2 -2 -3
right_child=1 3 -4 -5
leaf_value=0.010435460754180314 0.0086677313217555091 0.00069578797488636826 -0.0090355125387641833 -0.0048040536481029576
leaf_weight=24.073082588613033 24.290593296289444 1644.8089399337769 146.06820201873779 187.56070809066296
leaf_count=78 77 5104 519 591
internal_value=-0.000183441 -0.000442665 -0.00555064 5.46442e-05
internal_weight=2026.8 2002.73 170.359 1832.37
internal_count=6369 6291 596 5695
is_linear=0
shrinkage=0.03


Tree=140
num_leaves=7
num_cat=0
split_feature=13 8 7 11 8 18
split_gain=6.55179 7.42678 6.75834 6.39879 2.9844 2.95059
threshold=1.1514344811439516 0.5510547161102296 -0.05513735115528106 -0.98168256878852833 -0.89804106950759877 0.52664056420326244
decision_type=2 2 2 2 2 2
left_child=1 3 -2 -1 -4 -3
right_child=2 5 4 -5 -6 -7
leaf_value=-0.0034510715078510776 0.0015353467192933568 -0.0087245427966835785 -0.016201889039828173 0.0018844132813520017 -0.0013566826185020997 7.0169780962519709e-05
leaf_weight=206.36953027546406 44.259641364216805 80.056967742741108 31.905859187245369 1574.2466687355191 34.097718931734562 31.972173154354095
leaf_count=657 138 272 126 4889 125 111
internal_value=0.000206629 0.000676392 -0.00626198 0.00120126 -0.0113294 -0.00612974
internal_weight=2002.91 1892.65 110.263 1780.62 66.0036 112.029
internal_count=6318 5929 389 5546 251 383
is_linear=0
shrinkage=0.03


Tree=141
num_leaves=7
num_cat=0
split_feature=8 13 7 16 23 14
split_gain=4.98582 9.59248 4.52326 11.4998 9.50111 1.98764
threshold=-1.6738945245742796 0.7697206735610963 -0.43534477055072779 0.79748564958572399 1.0000000180025095e-35 0.84697833657264721
decision_type=2 2 2 2 2 2
left_child=1 -1 3 -2 -4 -3
right_child=2 5 4 -5 -6 -7
leaf_value=0.011739367175342495 0.0003501484088013452 -0.0065754725251473238 0.00045012739755475933 0.012813437554488428 -0.0051475069641748195 0.001662960907213203
leaf_weight=73.504972346127033 492.77583155781031 30.293415933847427 1021.8854695484042 59.505690336227417 343.98903458751738 24.969400741159916
leaf_count=210 1471 99 3295 175 1089 81
internal_value=0.000365472 0.00565827 -1.36037e-05 0.00219872 -0.000970257 -0.00260315
internal_weight=2046.92 128.768 1918.16 552.282 1365.87 55.2628
internal_count=6420 390 6030 1646 4384 180
is_linear=0
shrinkage=0.03


Tree=142
num_leaves=7
num_cat=0
split_feature=14 23 12 12 0 10
split_gain=6.21714 9.44424 16.1607 8.81943 17.2004 16.5754
threshold=0.038081530481576926 1.0000000180025095e-35 -0.56896987557411183 1.1440303921699526 -1.601154565811157 0.9055638611316682
decision_type=2 2 2 2 2 2
left_child=3 -2 -3 4 -1 -5
right_child=1 2 -4 5 -6 -7
leaf_value=-0.0069374674722169167 0.0005474187729154269 0.0072021252590775903 -0.0099968908812310339 -0.0058663107862915089 0.0046882020796149872 0.0095823536830798549
leaf_weight=174.60965756699443 1033.6879001222551 45.222105957567692 178.86006446927786 60.499643117189407 258.17747908085585 262.22669108957052
leaf_count=570 3371 158 595 193 743 743
internal_value=0.000612201 -0.000642867 -0.0059744 0.00274169 0 0.00633788
internal_weight=2013.28 1257.77 224.082 755.513 432.787 322.726
internal_count=6373 4124 753 2249 1313 936
is_linear=0
shrinkage=0.03


Tree=143
num_leaves=5
num_cat=0
split_feature=13 13 17 10
split_gain=6.55763 6.43602 11.5656 8.27472
threshold=-2.3972114324569698 -0.1011870577931404 0.36313998699188238 0.59226599335670482
decision_type=2 2 2 2
left_child=-1 2 -2 -3
right_child=1 3 -4 -5
leaf_value=0.0087154229672386646 0.0025920086698386032 0.0065431227660483699 -0.0074337586587762848 -0.00074433695879733402
leaf_weight=44.600525707006454 132.92500551044941 135.44281359389424 286.43567112274468 1410.1605232581496
leaf_count=161 434 432 960 4399
internal_value=-0.000613927 -0.000941592 -0.00414599 0
internal_weight=2009.56 1964.96 419.361 1545.6
internal_count=6386 6225 1394 4831
is_linear=0
shrinkage=0.03


Tree=144
num_leaves=7
num_cat=0
split_feature=1 1 7 10 10 6
split_gain=5.01046 6.90608 6.01935 4.8303 4.33879 6.15509
threshold=-0.16122257709503171 -0.4288173764944076 0.37474882602691656 1.4818496108055117 0.23118473589420321 -0.1968070641160011
decision_type=2 2 2 2 2 2
left_child=1 2 -1 -3 -2 -6
right_child=4 3 -4 -5 5 -7
leaf_value=0.0017620782404058446 0.0071740618503021792 0.0013027665308935942 -0.0090039790890646624 0.0080151959323692939 0.0030048524311592569 -0.0021723770627093274
leaf_weight=85.053325265645981 35.65460892021656 275.22399478405714 59.301049038767815 167.27971082925797 223.87010255455971 1162.5540784932673
leaf_count=264 114 882 200 495 684 3728
internal_value=1.96599e-05 0.00233461 -0.00285306 0.00420687 -0.000913189 -0.00126289
internal_weight=2008.94 586.858 144.354 442.504 1422.08 1386.42
internal_count=6367 1841 464 1377 4526 4412
is_linear=0
shrinkage=0.03


Tree=145
num_leaves=5
num_cat=0
split_feature=1 18 0 8
split_gain=6.24428 5.32162 8.0292 7.591
threshold=-0.62729683518409718 -0.28002750873565668 0.055216835811734206 -1.5526447892189024
decision_type=2 2 2 2
left_child=-1 3 -3 -2
right_child=1 2 -4 -5
leaf_value=-0.0087907396804839649 0.011390156556459318 -0.0011472215012305756 0.0088891507707435109 0.0013814357108309684
leaf_weight=46.08804352581501 62.206923238933086 1226.4980050325394 55.444852754473686 608.96708491258323
leaf_count=141 197 3939 174 1900
internal_value=0.000230237 0.000560463 -0.000537173 0.00269864
internal_weight=1999.2 1953.12 1281.94 671.174
internal_count=6351 6210 4113 2097
is_linear=0
shrinkage=0.03


Tree=146
num_leaves=7
num_cat=0
split_feature=7 4 7 17 1 3
split_gain=4.76847 11.6207 9.77523 9.89905 9.80219 9.36619
threshold=0.88546532392501842 0.24945084750652316 0.65052205324172985 1.4023643732070925 -0.18242768198251721 0.25428511202335363
decision_type=2 2 2 2 2 2
left_child=2 -2 4 -4 -1 -3
right_child=1 5 3 -5 -6 -7
leaf_value=0.0043281105139603929 0.0057984251520746249 0.0012843114503754446 -0.0011824477954914606 -0.015050629868939427 -0.0013357436099478664 -0.013672619795648096
leaf_weight=354.67227426171303 308.09710581600666 79.396426446735859 142.60728077590466 61.21580552496016 1005.6645312719047 39.058620147407055
leaf_count=1086 1035 283 459 201 3163 145
internal_value=0 0.0027379 -0.000772034 -0.00658834 0.000138805 -0.00447676
internal_weight=1990.71 426.552 1564.16 203.823 1360.34 118.455
internal_count=6372 1463 4909 660 4249 428
is_linear=0
shrinkage=0.03


Tree=147
num_leaves=7
num_cat=0
split_feature=16 11 0 13 8 17
split_gain=5.9682 7.79818 12.2512 8.79316 5.12488 1.22347
threshold=-0.90435752272605885 0.096893325448036208 -1.8461883664131162 -0.86796891689300526 -0.60993954539299 1.2084267139434817
decision_type=2 2 2 2 2 2
left_child=4 2 -2 -3 -1 -6
right_child=1 3 -4 -5 5 -7
leaf_value=0.014246685924366974 -0.0057869019071842042 0.0122331600103951 0.00047497672706830509 0.00095804968050778032 0.0037777542228851777 -0.0030325451450268436
leaf_weight=28.961860164999962 414.63503961265087 51.133026793599129 746.54026740416884 708.61188377439976 27.626664072275162 25.824842773377895
leaf_count=77 1428 180 2365 2172 72 89
internal_value=0.000136224 -0.000207568 -0.00177036 0.00208815 0.00721097 0
internal_weight=2003.33 1920.92 1161.18 759.745 82.4134 53.4515
internal_count=6383 6145 3793 2352 238 161
is_linear=0
shrinkage=0.03


Tree=148
num_leaves=6
num_cat=0
split_feature=5 13 2 12 3
split_gain=6.83502 7.95343 6.81904 6.3225 5.85299
threshold=0.64804306626319896 1.0320923924446108 -0.03353955224156379 2.351378440856934 -0.96256762742996205
decision_type=2 2 2 2 2
left_child=2 -2 3 -1 -4
right_child=1 -3 4 -5 -6
leaf_value=0 0.013105958134811607 -0.0029959717283128454 0.00046908233582862034 0.0063891754381435835 -0.0041188007359096784
leaf_weight=767.45204663649201 51.455204799771309 26.634385965764523 374.71513302251697 152.92761389538646 606.33120224997401
leaf_count=2394 147 96 1206 481 1997
internal_value=-0.000171647 0.00751123 -0.000593301 0.00120653 -0.00233214
internal_weight=1979.52 78.0896 1901.43 920.38 981.046
internal_count=6321 243 6078 2875 3203
is_linear=0
shrinkage=0.03


Tree=149
num_leaves=7
num_cat=0
split_feature=15 6 16 7 4 14
split_gain=7.23942 9.87848 8.66928 6.11696 5.82883 5.65336
threshold=-1.4682433009147642 -0.1895014867186546 -0.16513076424598691 0.85778352618217479 0.46111804246902471 -0.30214244127273554
decision_type=2 2 2 2 2 2
left_child=1 -1 -3 5 -5 -2
right_child=3 2 -4 4 -6 -7
leaf_value=0.0028745312836370154 -0.0046468569780411893 0.0048101231583806883 -0.0064624753293635968 0.007379809406263889 -0.0020505030231809246 0.0011474566796560825
leaf_weight=184.50828487053514 160.23754972964525 50.622399486601353 404.49187394417822 210.55624366924167 57.382296703755856 907.96473261900246
leaf_count=604 500 161 1426 679 196 2781
internal_value=0 -0.00257071 -0.00493264 0.00126097 0.00514967 0.000153704
internal_weight=1975.76 639.623 455.114 1336.14 267.939 1068.2
internal_count=6347 2191 1587 4156 875 3281
is_linear=0
shrinkage=0.03


Tree=150
num_leaves=7
num_cat=0
split_feature=13 7 20 7 7 11
split_gain=4.74416 8.30902 4.38773 10.8804 8.86742 0.508439
threshold=1.1514344811439516 -0.05513735115528106 1.0000000180025095e-35 0.93082839250564586 0.47331987321376806 -0.37617017328739161
decision_type=2 2 2 2 2 2
left_child=2 -2 3 -1 -4 -3
right_child=1 5 4 -5 -6 -7
leaf_value=-0.0020779640281162639 0.002317616087262938 -0.00170751783657355 0.0053275483384605622 0.0042172069478676431 -0.0027754857866006009 -0.014634859518771016
leaf_weight=1105.716010035947 45.295745939016342 21.537513129413128 330.31108716502786 293.56358587741852 159.90428679063916 34.901179321110249
leaf_count=3537 141 89 976 960 523 147
internal_value=-0.000185421 -0.0059397 0.000151947 -0.000674169 0.00256162 -0.0122241
internal_weight=1991.23 101.734 1889.49 1399.28 490.215 56.4387
internal_count=6373 377 5996 4497 1499 236
is_linear=0
shrinkage=0.03


Tree=151
num_leaves=7
num_cat=0
split_feature=6 3 12 5 8 11
split_gain=6.82273 11.6306 13.1349 8.65957 8.31613 11.5445
threshold=0.079076223075389876 -1.5378904938697813 1.4097748398780825 -0.30306206643581385 -0.27997936308383936 -0.91221973299980152
decision_type=2 2 2 2 2 2
left_child=1 2 -1 -3 5 -2
right_child=4 3 -4 -5 -6 -7
leaf_value=-0.012777464255674359 -0.0093959465701377257 0.0086884280462798408 0.00074641925937622114 0.0011411090737747606 -0.0071490176806465007 0.0017819845635504625
leaf_weight=85.714803151786327 82.182143304497004 152.07754293084145 141.88037552312016 862.26474001817405 221.12376473098993 419.39550778269768
leaf_count=298 272 446 481 2677 748 1388
internal_value=-0.000256466 0.00105545 -0.0047252 0.00247679 -0.00255944 -0.000224515
internal_weight=1964.64 1241.94 227.595 1014.34 722.701 501.578
internal_count=6310 3902 779 3123 2408 1660
is_linear=0
shrinkage=0.03


Tree=152
num_leaves=6
num_cat=0
split_feature=17 9 1 17 17
split_gain=5.63008 4.92411 4.73769 9.66789 8.56344
threshold=2.5878559350967412 1.0000000180025095e-35 -0.071524821221828447 1.9476203918457033 0.27510732412338262
decision_type=2 2 2 2 2
left_child=2 -2 4 -4 -1
right_child=1 -3 3 -5 -6
leaf_value=0.0054854435940574894 0.001056435236717852 -0.012013748516886288 -0.0023174264437759119 0.0052989624883341777 -0.00059950170007154805
leaf_weight=325.21532505378127 25.262976296246052 45.911800790578127 952.47005317360163 154.68251657113433 478.52282431907952
leaf_count=977 92 147 3079 524 1577
internal_value=-0.000208399 -0.00750241 0.000107102 -0.00112495 0.00186321
internal_weight=1982.07 71.1748 1910.89 1107.15 803.738
internal_count=6396 239 6157 3603 2554
is_linear=0
shrinkage=0.03


Tree=153
num_leaves=7
num_cat=0
split_feature=7 7 17 17 13 9
split_gain=5.95027 10.7972 11.5895 5.09355 4.53286 3.91467
threshold=-1.5782697200775144 -0.72480443120002735 1.1250270009040835 -0.25461924076080317 0.38937847316265112 0.34798091650009161
decision_type=2 2 2 2 2 2
left_child=4 2 -2 -3 5 -1
right_child=1 3 -4 -5 -6 -7
leaf_value=0.0063729889633348802 0.010384805955431922 0.0022508458056262745 -0.0020228410092673534 -0.0016677270134476878 -0.010202633657091724 -0.005040732671074917
leaf_weight=28.116691760718822 154.90648404508829 361.78042207285762 89.986010603606701 1247.9951623585075 71.981066480278969 41.747454427182674
leaf_count=79 449 1115 289 4133 231 139
internal_value=-0.00029978 0.000148584 0.0057906 -0.000733439 -0.00582689 0
internal_weight=1996.51 1854.67 244.892 1609.78 141.845 69.8641
internal_count=6435 5986 738 5248 449 218
is_linear=0
shrinkage=0.03


Tree=154
num_leaves=6
num_cat=0
split_feature=19 18 8 18 16
split_gain=4.73858 5.37147 11.7441 11.4703 3.62702
threshold=1.6553841829299929 -0.13884448260068891 -1.1696031689643858 0.62771922349929821 0.47859777510166174
decision_type=2 2 2 2 2
left_child=1 2 -1 -3 -2
right_child=4 3 -4 -5 -6
leaf_value=0.0084282160956511247 -0.00012519872963887029 -0.0033097964463606453 -8.8277027658933136e-05 0.0028708561926916831 0.011229953811604805
leaf_weight=170.52347810566425 25.516647033393383 793.47017947025597 561.76377279683948 377.68107164278626 41.256359651684761
leaf_count=526 80 2557 1813 1234 142
internal_value=0.000314483 0 0.0019865 -0.00125151 0.00717052
internal_weight=1970.21 1903.44 732.287 1171.15 66.773
internal_count=6352 6130 2339 3791 222
is_linear=0
shrinkage=0.03


Tree=155
num_leaves=7
num_cat=0
split_feature=13 5 5 9 7 9
split_gain=5.08 8.52991 6.99266 13.0876 7.34641 6.83822
threshold=-0.86796891689300526 0.23206014186143878 0.02297165617346764 -0.004206642508506774 1.3002884387969973 0.030628792941570285
decision_type=2 2 2 2 2 2
left_child=1 5 4 -4 -2 -1
right_child=2 -3 3 -5 -6 -7
leaf_value=-0.0046548103311474121 0.0025337350944415185 0.013538713542454331 0.00044366058667665427 -0.006223416200884139 -0.0071769260454779904 0.007882485179947378
leaf_weight=85.07273655384779 666.91780045628548 42.683798022568226 623.9904807806015 419.40914131700993 56.281542353332043 42.410055052489042
leaf_count=312 2100 143 2036 1366 191 145
internal_value=-0.000145343 0.00447771 -0.000669379 -0.00224649 0.00152449 0
internal_weight=1936.77 170.167 1766.6 1043.4 723.199 127.483
internal_count=6293 600 5693 3402 2291 457
is_linear=0
shrinkage=0.03


Tree=156
num_leaves=5
num_cat=0
split_feature=14 13 8 6
split_gain=7.12477 6.06098 6.2688 4.93237
threshold=-0.97011661529541005 1.1514344811439516 0.47002536058425909 -0.1542926877737045
decision_type=2 2 2 2
left_child=-1 2 -2 -3
right_child=1 3 -4 -5
leaf_value=0.011718639240611404 0.00069717853794833411 0.0011964673395851715 -0.005614723915775866 -0.010855114713634071
leaf_weight=25.977558121085167 1718.0024413205683 29.618245929479599 133.58804763481021 63.824377484619617
leaf_count=83 5485 116 461 246
internal_value=1.88755e-05 -0.000224532 0.000154598 -0.00696878
internal_weight=1971.01 1945.03 1851.59 93.4426
internal_count=6391 6308 5946 362
is_linear=0
shrinkage=0.03


Tree=157
num_leaves=7
num_cat=0
split_feature=4 19 14 9 17 3
split_gain=6.61622 15.752 8.68942 11.4245 9.51755 6.68053
threshold=0.14403279125690463 1.2679148316383364 2.1350271701812749 -0.18088258057832715 -0.28242194652557367 -0.61361512541770924
decision_type=2 2 2 2 2 2
left_child=2 5 3 -1 -4 -2
right_child=1 -3 4 -5 -6 -7
leaf_value=-0.0016397160742996455 0.0042888379491638181 -0.010978503723798612 0.0068614801294339103 0.0051205915774809995 -0.0045615342453489381 -0.002475680378122127
leaf_weight=308.26921427249908 197.17521173134446 125.55936546623707 59.73200636357069 656.74723360314965 313.10432071983814 310.11804002150893
leaf_count=998 602 404 204 2033 1173 972
internal_value=0.000176234 -0.00227289 0.00139536 0.00291069 -0.00232256 0.000102718
internal_weight=1970.71 632.853 1337.85 965.016 372.836 507.293
internal_count=6386 1978 4408 3031 1377 1574
is_linear=0
shrinkage=0.03


Tree=158
num_leaves=7
num_cat=0
split_feature=15 9 4 2 4 14
split_gain=5.93804 8.40906 7.07559 9.58454 9.56338 5.65323
threshold=-2.0222080945968623 0.084184326231479659 -0.14085304737091062 0.096166264265775694 -0.078290455043315874 -0.30757862329483027
decision_type=2 2 2 2 2 2
left_child=1 5 3 -2 -4 -1
right_child=2 -3 4 -5 -6 -7
leaf_value=0.0014607981536280796 0.0053489987943740559 0.0024935656117670837 -0.006771595788876786 -0.0028869640818926386 0.00039414762338933621 -0.010653867535768302
leaf_weight=28.87980604916811 446.95357906073332 83.889519184827805 180.91547381877899 149.80621995776892 933.3551631513983 127.2998128272593
leaf_count=91 1409 289 680 509 2889 489
internal_value=-4.87544e-05 -0.00430214 0.000556174 0.00315765 -0.000815287 -0.00816161
internal_weight=1951.1 240.069 1711.03 596.76 1114.27 156.18
internal_count=6356 869 5487 1918 3569 580
is_linear=0
shrinkage=0.03


Tree=159
num_leaves=7
num_cat=0
split_feature=13 3 9 3 15 16
split_gain=6.62832 10.45 7.05907 6.13244 7.70386 5.9036
threshold=0.76420325040817272 -1.4809406399726865 0.010355033911764623 -0.7651250660419463 -1.023185610771179 0.5698724389076234
decision_type=2 2 2 2 2 2
left_child=3 -2 -3 5 -5 -1
right_child=1 2 -4 4 -6 -7
leaf_value=0.0066831344360089003 -0.0094788882103498673 0.0034650170680291166 -0.0040506037112426211 -0.002776585674743137 0.0029927053719166134 0.00079270627936152611
leaf_weight=306.89845484681427 114.05103953555226 234.28595094382763 181.14201683551073 433.27059631422162 364.29896873608232 349.56849865987897
leaf_count=969 424 771 594 1481 1105 1098
internal_value=0.000581437 -0.00219171 1.4603e-05 0.001648 -5.92623e-05 0.00375135
internal_weight=1983.52 529.479 415.428 1454.04 797.57 656.467
internal_count=6442 1789 1365 4653 2586 2067
is_linear=0
shrinkage=0.03


Tree=160
num_leaves=5
num_cat=0
split_feature=9 11 16 1
split_gain=4.97528 3.96979 7.24219 6.33894
threshold=-0.53998935222625721 -0.61765906214714039 -0.44007512927055353 0.12649095803499225
decision_type=2 2 2 2
left_child=-1 2 -2 -3
right_child=1 3 -4 -5
leaf_value=-0.0087430752537925489 0.0056564738533932332 0.0026578412090505887 -0.0034646142782308854 -0.0015715237015752662
leaf_weight=32.945498814806342 73.74564167112112 1006.8196590263397 397.27672834321856 427.92470827698708
leaf_count=134 218 3215 1367 1406
internal_value=0.000268983 0.000545116 -0.00174215 0.00135089
internal_weight=1938.71 1905.77 471.022 1434.74
internal_count=6340 6206 1585 4621
is_linear=0
shrinkage=0.03


Tree=161
num_leaves=5
num_cat=0
split_feature=14 6 16 11
split_gain=4.97505 5.2008 9.50774 8.94676
threshold=-0.91764819622039784 -0.028165837749838826 0.70233654975891124 0.42383024096488958
decision_type=2 2 2 2
left_child=-1 2 -2 -3
right_child=1 3 -4 -5
leaf_value=0.0090082204583535434 0.0030416580065487807 -0.0036104509052614074 -0.0034300497524926555 0.0027911510400765891
leaf_weight=31.212187945842743 668.64327526092529 742.0661221370101 265.2153809890151 237.73710110038519
leaf_count=103 2087 2533 871 776
internal_value=-0.000170176 -0.000442531 0.00110741 -0.00197241
internal_weight=1944.87 1913.66 933.859 979.803
internal_count=6370 6267 2958 3309
is_linear=0
shrinkage=0.03


Tree=162
num_leaves=7
num_cat=0
split_feature=9 14 9 10 19 15
split_gain=5.18963 7.21994 7.15549 5.59348 3.79905 7.77456
threshold=-0.1834435164928436 2.324346780776978 0.57074987888336193 0.66497108340263378 0.95685473084449779 -0.36938722431659693
decision_type=2 2 2 2 2 2
left_child=4 2 -2 -3 5 -1
right_child=1 3 -4 -5 -6 -7
leaf_value=-0.010684196790998673 0.0030778068987919976 0.0060148389037244449 -0.0047099036669283646 -0.0043686383454170086 -0.00018847508718002886 0.0017834948845481878
leaf_weight=91.268992479890585 1086.7372794467956 33.539545770734549 94.005164574831724 263.61588962376118 328.30028693936765 55.199103558436036
leaf_count=340 3396 128 286 951 1122 174
internal_value=0.000360952 0.00126336 0.00233969 -0.00270209 -0.00226439 -0.00597533
internal_weight=1952.67 1477.9 1180.74 297.155 474.768 146.468
internal_count=6397 4761 3682 1079 1636 514
is_linear=0
shrinkage=0.03


Tree=163
num_leaves=7
num_cat=0
split_feature=4 5 7 1 15 7
split_gain=5.22242 9.85092 9.32228 8.77189 8.84709 6.02047
threshold=-0.15345063805580136 -0.099665485322475419 1.2176184058189394 -0.071524821221828447 -1.6634157896041868 -0.20107236504554746
decision_type=2 2 2 2 2 2
left_child=3 2 -2 4 -1 -3
right_child=1 5 -4 -5 -6 -7
leaf_value=-0.0015750256514458045 0.0042832976852288131 0.00031855145317907812 -0.0084811944228826829 -0.00089525719839716089 0.0087548131512312916 -0.0046187418294245143
leaf_weight=86.765600152313709 379.45289722830057 320.16242600977421 37.681344497948885 346.27009722404182 224.23318325355649 563.77634649164975
leaf_count=282 1194 954 146 1159 691 1973
internal_value=7.88374e-05 -0.00098873 0.00265769 0.00224748 0.00577059 -0.0027966
internal_weight=1958.34 1301.07 417.134 657.269 310.999 883.939
internal_count=6399 4267 1340 2132 973 2927
is_linear=0
shrinkage=0.03


Tree=164
num_leaves=5
num_cat=0
split_feature=1 11 0 0
split_gain=5.88183 6.79993 9.5604 6.5888
threshold=-0.62729683518409718 -0.054464561864733689 -1.6813210248947141 -1.6651681661605833
decision_type=2 2 2 2
left_child=-1 3 -3 -2
right_child=1 2 -4 -5
leaf_value=-0.0091893185232475739 -0.0044879994095682477 0.0053210083894245927 -0.00082832194082866121 0.00023991016832864589
leaf_weight=47.742614932358265 444.64936579018831 366.2408061362803 511.0800298564136 562.23652940988541
leaf_count=153 1614 1163 1635 1813
internal_value=-0.000488171 -0.000141989 0.00173325 -0.00183629
internal_weight=1931.95 1884.21 877.321 1006.89
internal_count=6378 6225 2798 3427
is_linear=0
shrinkage=0.03


Tree=165
num_leaves=7
num_cat=0
split_feature=15 7 14 5 18 15
split_gain=5.62584 8.78751 9.6855 8.38056 6.04226 8.41527
threshold=-1.5252533555030821 0.50103604793548595 2.3998001813888554 0.044294709339737899 -1.1796954870223997 -0.67474576830863942
decision_type=2 2 2 2 2 2
left_child=1 3 -3 -1 5 -2
right_child=4 2 -4 -5 -6 -7
leaf_value=-0.0047652694431452626 0.0024728832475004324 -0.0099246438530479156 0.0012723937415999812 0.0047986630109750922 0.0023187391684075984 -0.0079840758789684711
leaf_weight=108.59053365886211 114.78848495706916 168.43360738456249 89.941240958869457 200.2114527169615 1144.8763814810663 115.72179337218404
leaf_count=363 375 588 373 671 3633 382
internal_value=0.000338563 -0.00208846 -0.006 0.00116773 0.001398 -0.00275556
internal_weight=1942.56 567.177 258.375 308.802 1375.39 230.51
internal_count=6385 1995 961 1034 4390 757
is_linear=0
shrinkage=0.03


Tree=166
num_leaves=6
num_cat=0
split_feature=13 5 16 5 7
split_gain=6.44854 3.79377 6.22482 4.3062 2.96022
threshold=1.1885443925857546 0.58048337697982799 0.51222214102745067 0.4239011555910111 -0.38728374242782587
decision_type=2 2 2 2 2
left_child=1 3 -3 -1 -2
right_child=4 2 -4 -5 -6
leaf_value=0.00034451580601395961 0 -0.0026991557693472282 0.010722560221769262 -0.005329501471818137 -0.010844879377712131
leaf_weight=1648.9699077550322 24.410363465547562 31.640516392886639 56.319041445851326 109.53321315720677 50.974106814712286
leaf_count=5443 85 103 165 361 216
internal_value=-8.89236e-05 0.000269809 0.00573316 -3.11278e-05 -0.00771892
internal_weight=1921.85 1846.46 87.9596 1758.5 75.3845
internal_count=6373 6072 268 5804 301
is_linear=0
shrinkage=0.03


Tree=167
num_leaves=7
num_cat=0
split_feature=4 12 16 6 10 5
split_gain=7.2962 8.34128 16.6767 7.84934 9.88501 7.60287
threshold=-0.13253517448902127 2.009530901908875 0.85360589623451244 -0.038942551240324967 1.4135688543319704 0.28891831636428839
decision_type=2 2 2 2 2 2
left_child=1 5 -3 4 -2 -1
right_child=3 2 -4 -5 -6 -7
leaf_value=-0.0018492947742853594 -0.0027556165164956846 0.012432418187539465 -0.0050164465578220133 -0.0039544212268414541 0.0053634563630461877 0.0067520360908182057
leaf_weight=446.8223446123302 277.33054285123944 128.94122508913279 54.474631235003471 711.38676034659147 222.70735656097531 95.097975507378578
leaf_count=1493 899 421 174 2390 676 321
internal_value=-0.000520163 0.00178705 0.00697144 -0.00195691 0.00081229 -4.65305e-05
internal_weight=1936.76 725.336 183.416 1211.42 500.038 541.92
internal_count=6374 2409 595 3965 1575 1814
is_linear=0
shrinkage=0.03


Tree=168
num_leaves=7
num_cat=0
split_feature=17 7 17 0 0 12
split_gain=3.52881 13.8286 17.5623 13.6166 7.27004 11.3877
threshold=1.5081034302711489 0.53634116053581249 2.4999824762344365 -1.2640774846076963 -1.2563749551773069 1.5095154047012331
decision_type=2 2 2 2 2 2
left_child=4 2 -2 -3 5 -1
right_child=1 3 -4 -5 -6 -7
leaf_value=-0.0015669084714175891 0.0095828468337577199 -0.010105432743779183 -0.0051802325246388115 0.0059802933416609203 -0.0037739873966334916 0.0054621900110195286
leaf_weight=645.50453528761864 235.87171870656312 112.79142101854086 80.702856790274382 52.370005678385496 518.78323156014085 278.66896859556437
leaf_count=2138 778 436 249 187 1677 905
internal_value=-0.000217806 0.00191574 0.00555691 -0.00458584 -0.000987561 0.000559857
internal_weight=1924.69 481.736 316.575 165.161 1442.96 924.174
internal_count=6370 1650 1027 623 4720 3043
is_linear=0
shrinkage=0.03


Tree=169
num_leaves=7
num_cat=0
split_feature=10 5 8 11 0 5
split_gain=4.83634 9.5831 22.898 13.2508 4.92157 10.639
threshold=1.8426883816719057 0.19664806127548221 -0.68090710043907154 -0.61765906214714039 -0.87777519226074208 0.25595572590827947
decision_type=2 2 2 2 2 2
left_child=4 3 -3 -2 -1 -6
right_child=1 2 -4 -5 5 -7
leaf_value=-0.00032471423786350383 0 0.015219430374247849 -0.007062113615965984 -0.016693216068205875 0.00019890788277150025 0.011878636982126154
leaf_weight=1308.787241961807 87.56212455034256 49.624824918806553 80.853084199130535 66.018751502037048 268.78897765278816 81.060796938836575
leaf_count=4414 266 144 257 222 878 242
internal_value=-0.000108057 -0.00361283 0.00191001 -0.00833 0.000492323 0.00356336
internal_weight=1942.7 284.059 130.478 153.581 1658.64 349.85
internal_count=6423 889 401 488 5534 1120
is_linear=0
shrinkage=0.03


Tree=170
num_leaves=7
num_cat=0
split_feature=7 0 18 8 18 19
split_gain=4.55011 11.8547 12.0453 6.49 10.7219 5.37335
threshold=1.2913770079612734 -0.87777519226074208 -0.11595309898257254 0.39948360621929174 0.62771922349929821 1.313806474208832
decision_type=2 2 2 2 2 2
left_child=3 2 -2 5 -5 -1
right_child=1 -3 -4 4 -6 -7
leaf_value=0.0021899503511481695 0.0013768025025662643 0.005984902949301478 -0.015236663575707878 -0.0087740270854365018 0.0074924270122053611 -0.0021982125388186938
leaf_weight=1307.28843883425 51.491909198462963 51.699269980192184 74.842145930975676 120.12068346887827 28.454477179795504 279.78547052666545
leaf_count=4178 181 184 273 423 104 997
internal_value=0.000239847 -0.00402727 -0.00879254 0.000752612 -0.00478351 0.0013613
internal_weight=1913.68 178.033 126.334 1735.65 148.575 1587.07
internal_count=6340 638 454 5702 527 5175
is_linear=0
shrinkage=0.03


Tree=171
num_leaves=7
num_cat=0
split_feature=9 0 11 7 9 11
split_gain=6.46546 13.3299 12.3401 9.58292 7.47355 11.99
threshold=-0.004206642508506774 -2.3220875263214107 -0.43581794202327723 -0.20987044274806974 0.06815191358327867 0.37546749413013464
decision_type=2 2 2 2 2 2
left_child=1 2 -1 -3 -2 -6
right_child=4 3 -4 -5 5 -7
leaf_value=-0.0017666950685798924 -0.0070721640722862626 0.0046729741745803978 0.014096042683066318 -0.0020797407674881942 -0.0026581809353135246 0.0060823069703368786
leaf_weight=51.993702232837677 181.22989997640252 250.98408885300159 107.09973614290357 605.90281040966511 540.85824600234628 167.67559636384249
leaf_count=195 607 813 353 2101 1780 526
internal_value=-7.45138e-05 0.00151451 0.00895852 0 -0.0019483 -0.000397184
internal_weight=1905.74 1015.98 159.093 856.887 889.764 708.534
internal_count=6375 3462 548 2914 2913 2306
is_linear=0
shrinkage=0.03


Tree=172
num_leaves=6
num_cat=0
split_feature=0 18 9 9 17
split_gain=5.77606 7.69484 11.23 7.11935 3.80187
threshold=0.055216835811734206 -0.12845477461814878 0.57074987888336193 -0.17548470944166181 0.49736633896827703
decision_type=2 2 2 2 2
left_child=1 3 -3 -1 -2
right_child=4 2 -4 -5 -6
leaf_value=-0.0030299656320422327 0 -0.0014476033661430427 -0.012934863629552379 0.0033283343343547128 0.011231487188027117
leaf_weight=195.85530146770179 32.745245531201363 1050.2706138156354 65.953728556632996 531.31363896094263 41.165399588644505
leaf_count=672 100 3545 206 1729 133
internal_value=-0.000436264 -0.000826559 -0.00239489 0.00150023 0.00676206
internal_weight=1917.3 1843.39 1116.22 727.169 73.9106
internal_count=6385 6152 3751 2401 233
is_linear=0
shrinkage=0.03


Tree=173
num_leaves=4
num_cat=0
split_feature=17 17 3
split_gain=3.63573 8.41177 5.22489
threshold=-2.4568238258361812 -2.0101304054260249 -1.602636933326721
decision_type=2 2 2
left_child=-1 -2 -3
right_child=1 2 -4
leaf_value=0.0068232365885330442 -0.0105086765536991 -0.0032745123799958293 0.0010560832311749615
leaf_weight=52.057044357061386 46.718156166374683 276.0747004263103 1532.0713581684977
leaf_count=157 139 991 5097
internal_value=0.000207668 -1.6803e-05 0.000333461
internal_weight=1906.92 1854.86 1808.15
internal_count=6384 6227 6088
is_linear=0
shrinkage=0.03


Tree=174
num_leaves=6
num_cat=0
split_feature=0 9 0 9 9
split_gain=5.01969 5.83846 10.2095 9.2416 4.40202
threshold=0.055216835811734206 -0.004206642508506774 -0.48512971401214594 0.12221018224954606 0.084184326231479659
decision_type=2 2 2 2 2
left_child=1 2 -1 -3 -2
right_child=4 3 -4 -5 -6
leaf_value=0.0017690151240815706 0 -0.0065659620776251327 -0.0085824106421982533 -7.4311841143636365e-05 0.012111516532407251
leaf_weight=924.62105205655098 36.455809123814106 302.24373790621758 73.358841545879841 560.43582003936172 32.949998967349529
leaf_count=3138 114 1010 241 1827 108
internal_value=-0.00036198 -0.000717391 0.000795502 -0.00251391 0.00652401
internal_weight=1930.07 1860.66 997.98 862.68 69.4058
internal_count=6438 6216 3379 2837 222
is_linear=0
shrinkage=0.03


Tree=175
num_leaves=7
num_cat=0
split_feature=0 10 10 5 18 4
split_gain=4.07063 6.39326 8.50491 6.30104 7.84764 7.68239
threshold=-1.9523130655288694 0.66497108340263378 1.4418919086456301 0.23206014186143878 0.63788807392120372 0.29433064162731176
decision_type=2 2 2 2 2 2
left_child=1 -1 -3 4 -2 -5
right_child=3 2 -4 5 -6 -7
leaf_value=0.0066763491917842428 -0.0018675596160648061 -0.007327591248005816 0 0.0054716633072944302 0.0048851474166963773 -0.0059794984923166638
leaf_weight=44.02702796459198 764.61011553183198 229.14517615176737 316.80965297482908 349.77444986253977 171.05376275628805 39.803951673209667
leaf_count=156 2537 816 1049 1128 559 135
internal_value=-9.22648e-05 -0.0021513 -0.00317998 0.000798149 -0.000493877 0.00392033
internal_weight=1915.22 589.982 545.955 1325.24 935.664 389.578
internal_count=6380 2021 1865 4359 3096 1263
is_linear=0
shrinkage=0.03


Tree=176
num_leaves=4
num_cat=0
split_feature=14 14 0
split_gain=4.58701 5.00602 4.25126
threshold=-0.91764819622039784 -0.76535731554031361 0.055216835811734206
decision_type=2 2 2
left_child=-1 -2 -3
right_child=1 2 -4
leaf_value=0.0089576709479224359 -0.0081054698886130466 -0.00010799020760892203 0.0068906525003753511
leaf_weight=31.533023953437805 48.067445881664753 1758.8310967348516 61.228499129414558
leaf_count=105 158 5864 205
internal_value=0.000113311 -9.75028e-05 0.00016718
internal_weight=1899.66 1868.13 1820.06
internal_count=6332 6227 6069
is_linear=0
shrinkage=0.03


Tree=177
num_leaves=7
num_cat=0
split_feature=10 4 19 13 3 15
split_gain=5.42252 5.51523 8.48095 5.37292 10.483 10.1795
threshold=0.66497108340263378 -0.12479948252439498 0.47505754232406622 0.38297864794731146 -1.8276427388191221 -0.54137337207794178
decision_type=2 2 2 2 2 2
left_child=1 -1 -3 4 -2 -5
right_child=3 2 -4 5 -6 -7
leaf_value=0.0082718136116680056 0.011267815289478057 0.0096787229590559534 -0.005243889465917446 5.4115732027552405e-05 0.00018329569365816044 -0.0068587012532857379
leaf_weight=124.90749272704124 68.006937108933926 30.582116588950157 85.259975109249353 647.0190788730979 708.52762978896499 242.69148145988584
leaf_count=412 229 96 319 2182 2342 795
internal_value=0.000319566 0.00435762 -1.76777e-05 -0.000273059 0.00148792 -0.00187491
internal_weight=1906.99 240.75 115.842 1666.25 776.535 889.711
internal_count=6375 827 415 5548 2571 2977
is_linear=0
shrinkage=0.03


Tree=178
num_leaves=7
num_cat=0
split_feature=6 4 5 8 3 18
split_gain=4.76812 11.709 5.12284 4.72416 5.00973 4.88796
threshold=-0.37305003404617304 -0.15707527846097943 0.16873989254236224 -0.27997936308383936 0.98105046153068554 0.63331303000450145
decision_type=2 2 2 2 2 2
left_child=1 -1 -3 4 -2 -5
right_child=3 2 -4 5 -6 -7
leaf_value=0.012348523784563133 -0.00038055920905708933 0.0025498683406281449 -0.007777850085689395 -0.0047000228024441839 0.0060782899531307182 0.0019908249327714668
leaf_weight=69.590170826762915 1124.9845699109137 93.197096191346645 47.158384174108505 396.72201286256313 98.655958969146013 101.81755682826042
leaf_count=236 3738 289 159 1343 337 348
internal_value=-0.00022437 0.00379479 -0.00108328 -0.000786712 0.000181315 -0.00319375
internal_weight=1932.13 209.946 140.355 1722.18 1223.64 498.54
internal_count=6450 684 448 5766 4075 1691
is_linear=0
shrinkage=0.03


Tree=179
num_leaves=5
num_cat=0
split_feature=7 19 8 6
split_gain=4.66862 6.64127 5.20904 5.18912
threshold=-3.0832828283309932 0.18911737203598025 -0.35717125236988062 -0.34558466076850886
decision_type=2 2 2 2
left_child=-1 2 -2 -3
right_child=1 3 -4 -5
leaf_value=-0.0094188369040849162 0.011202699647210199 0.0040176843628734662 0 -0.00072635844054579535
leaf_weight=24.297418687492609 67.468103408813477 218.63248710334301 59.229882515966892 1545.8486639261246
leaf_count=82 211 713 200 5192
internal_value=0.000157417 0.000409122 0.00654763 -6.64716e-05
internal_weight=1915.48 1891.18 126.698 1764.48
internal_count=6398 6316 411 5905
is_linear=0
shrinkage=0.03


end of trees

feature_importances:
Column_7=68
Column_0=67
Column_17=67
Column_14=63
Column_16=60
Column_4=59
Column_11=58
Column_13=56
Column_10=53
Column_9=51
Column_5=48
Column_15=48
Column_18=46
Column_6=45
Column_8=44
Column_3=39
Column_12=38
Column_1=31
Column_2=24
Column_19=18
Column_20=10
Column_23=8
Column_22=1

parameters:
[boosting: gbdt]
[objective: lambdarank]
[metric: ndcg]
[tree_learner: serial]
[device_type: cpu]
[data_sample_strategy: bagging]
[data: ]
[valid: ]
[num_iterations: 180]
[learning_rate: 0.03]
[num_leaves: 7]
[num_threads: 1]
[seed: 17]
[deterministic: 1]
[force_col_wise: 1]
[force_row_wise: 0]
[histogram_pool_size: -1]
[max_depth: 3]
[min_data_in_leaf: 80]
[min_sum_hessian_in_leaf: 0.001]
[bagging_fraction: 0.8]
[pos_bagging_fraction: 1]
[neg_bagging_fraction: 1]
[bagging_freq: 1]
[bagging_seed: 26602]
[bagging_by_query: 0]
[feature_fraction: 0.8]
[feature_fraction_bynode: 1]
[feature_fraction_seed: 18297]
[extra_trees: 0]
[extra_seed: 13015]
[early_stopping_round: 0]
[early_stopping_min_delta: 0]
[first_metric_only: 0]
[max_delta_step: 0]
[lambda_l1: 2]
[lambda_l2: 20]
[linear_lambda: 0]
[min_gain_to_split: 0]
[drop_rate: 0.1]
[max_drop: 50]
[skip_drop: 0.5]
[xgboost_dart_mode: 0]
[uniform_drop: 0]
[drop_seed: 30017]
[top_rate: 0.2]
[other_rate: 0.1]
[min_data_per_group: 100]
[max_cat_threshold: 32]
[cat_l2: 10]
[cat_smooth: 10]
[max_cat_to_onehot: 4]
[top_k: 20]
[monotone_constraints: ]
[monotone_constraints_method: basic]
[monotone_penalty: 0]
[feature_contri: ]
[forcedsplits_filename: ]
[refit_decay_rate: 0.9]
[cegb_tradeoff: 1]
[cegb_penalty_split: 0]
[cegb_penalty_feature_lazy: ]
[cegb_penalty_feature_coupled: ]
[path_smooth: 0]
[interaction_constraints: ]
[verbosity: -1]
[saved_feature_importance_type: 0]
[use_quantized_grad: 0]
[num_grad_quant_bins: 4]
[quant_train_renew_leaf: 0]
[stochastic_rounding: 1]
[linear_tree: 0]
[max_bin: 255]
[max_bin_by_feature: ]
[min_data_in_bin: 3]
[bin_construct_sample_cnt: 200000]
[data_random_seed: 94]
[is_enable_sparse: 1]
[enable_bundle: 1]
[use_missing: 1]
[zero_as_missing: 0]
[feature_pre_filter: 1]
[pre_partition: 0]
[two_round: 0]
[header: 0]
[label_column: ]
[weight_column: ]
[group_column: ]
[ignore_column: ]
[categorical_feature: ]
[forcedbins_filename: ]
[precise_float_parser: 0]
[parser_config_file: ]
[objective_seed: 20363]
[num_class: 1]
[is_unbalance: 0]
[scale_pos_weight: 1]
[sigmoid: 1]
[boost_from_average: 1]
[reg_sqrt: 0]
[alpha: 0.9]
[fair_c: 1]
[poisson_max_delta_step: 0.7]
[tweedie_variance_power: 1.5]
[lambdarank_truncation_level: 30]
[lambdarank_norm: 1]
[label_gain: 0,1,2,3]
[lambdarank_position_bias_regularization: 0]
[eval_at: 2]
[multi_error_top_k: 1]
[auc_mu_weights: ]
[num_machines: 1]
[local_listen_port: 12400]
[time_out: 120]
[machine_list_filename: ]
[machines: ]
[gpu_platform_id: -1]
[gpu_device_id: -1]
[gpu_device_id_list: ]
[gpu_use_dp: 0]
[num_gpu: 1]

end of parameters

pandas_categorical:null
