tree
version=v4
num_class=1
num_tree_per_iteration=1
label_index=0
max_feature_idx=7
objective=lambdarank
feature_names=Column_0 Column_1 Column_2 Column_3 Column_4 Column_5 Column_6 Column_7
feature_infos=[-2.8707199096679688:1.4220840930938721] [-1.4033499956130981:2.5005612373352051] [-1.2703711986541748:2.8120923042297363] [-2.4748332500457764:2.8062193393707275] [0:1] [0:1] [0:1] [0:1]
tree_sizes=867 895 903 905 904 904 907 907 779 901 902 906 903 906 903 879 776 901 908 906 880 880 679 903 895 882 899 900 885 882 902 887 774 905 880 875 903 907 902 909 799 904 875 903 910 901 903 901 907 906 914 883 881 879 881 910 903 791 903 912 899 792 687 890 778 897 901 911 695 891 895 914 902 581 906 906 880 906 891 899 912 893 689 907 908 904 901 882 904 898 909 864 794 881 894 694 909 691 898 893 901 889 901 695 695 864 877 904 908 791 885 695 889 885 904 908 883 689 905 907 905 901 865 696 895 860 896 905 586 882 869 882 688 904 897 686 906 895 767 780 903 885 881 877 904 683 901 897 909 909 699 898 898 755 874 907 889 912 901 885 856 911 693 890 867 907 695 696 872 913 891 697 895 696 901 886 886 911 907 847

Tree=0
num_leaves=7
num_cat=0
split_feature=3 3 2 0 2 0
split_gain=3.98679 3.00813 5.95684 1.84423 0.878763 0.654899
threshold=0.026481049135327343 -1.4291837215423582 0.21084830164909366 -1.4730488657951353 0.32179473340511328 -0.52562636137008656
decision_type=2 2 2 2 2 2
left_child=1 3 -3 -1 5 -2
right_child=4 2 -4 -5 -6 -7
leaf_value=-0.0047982586428065013 -0.0065062432006460034 0.0054261165166101556 -0.0041292067384089371 0.0010208663863052732 0 0
leaf_weight=80.970671994611621 90.42882969416678 197.09682758897543 56.830090392380953 58.190844219177961 17.677100760862231 7.8950226027518502
leaf_count=791 1099 2300 643 620 226 104
internal_value=-0.000403076 0.000958837 0.00292321 -0.00216548 -0.00492164 -0.00587583
internal_weight=509.089 393.088 253.927 139.162 116.001 98.3239
internal_count=5783 4354 2943 1411 1429 1203
is_linear=0
shrinkage=0.03


Tree=1
num_leaves=7
num_cat=0
split_feature=1 3 3 3 3 2
split_gain=43.8308 23.7409 29.8522 25.2342 9.32151 2.01914
threshold=0.32127971947193151 -1.5386641621589658 -0.16036090999841687 -1.8349208235740659 -1.518774628639221 0.2755600661039353
decision_type=2 2 2 2 2 2
left_child=1 3 -3 -1 -2 -6
right_child=4 2 -4 -5 5 -7
leaf_value=0.0020245569873834817 0.00050419417595726646 0.0049583182873249127 -0.001799123856230677 -0.010129509642882385 -0.013825494543797268 -0.0068659352542198258
leaf_weight=295.13565861992538 80.34225706756115 1762.6566187441349 849.55421093851328 275.970782995224 131.56369648873806 265.73819153010845
leaf_count=526 131 2493 1509 498 206 434
internal_value=0.000214021 0.00151546 0.00274087 -0.00389106 -0.00805136 -0.00986649
internal_weight=3660.96 3183.32 2612.21 571.106 477.644 397.302
internal_count=5797 5026 4002 1024 771 640
is_linear=0
shrinkage=0.03


Tree=2
num_leaves=7
num_cat=0
split_feature=1 0 4 0 0 0
split_gain=51.2412 21.1011 27.1925 15.0109 1.17998 6.82151
threshold=0.37307685613632208 -1.4686117768287656 1.0000000180025095e-35 -0.94131574034690846 -2.1404143571853633 -1.6658251881599424
decision_type=2 2 2 2 2 2
left_child=1 2 -1 -3 -2 -6
right_child=4 3 -4 -5 5 -7
leaf_value=-0.0028789111297042786 -0.0044688757578659885 0.0071835098372002781 0.0046743794974540035 0.00073015857974816404 -0.018871746600986131 -0.0064214461294822573
leaf_weight=1314.6529383920133 90.066171828657389 753.63541172072291 610.25844679027796 606.0143068768084 81.173278544098139 162.64594867825508
leaf_count=2156 164 1202 909 955 149 277
internal_value=0.000391427 0.00156699 -0.000429984 0.00440293 -0.0104385 -0.0119103
internal_weight=3618.45 3284.56 1924.91 1359.65 333.885 243.819
internal_count=5812 5222 3065 2157 590 426
is_linear=0
shrinkage=0.03


Tree=3
num_leaves=7
num_cat=0
split_feature=2 3 3 3 4 7
split_gain=37.1952 19.9064 15.6025 11.8228 36.6333 13.2492
threshold=0.1483757942914963 -0.17118373513221738 -1.5386641621589658 -0.75869542360305775 1.0000000180025095e-35 1.0000000180025095e-35
decision_type=2 2 2 2 2 2
left_child=1 2 -1 5 -5 -2
right_child=3 -3 -4 4 -6 -7
leaf_value=-0.00055588653140076813 -0.0043089615177500729 -0.0017687598044153761 0.0055536309560145119 -0.011310291708265002 0.007176978134259931 0.0061414242726215897
leaf_weight=473.29642350971699 283.90709884464741 687.88916375488043 1492.5261169373989 411.58002544939518 105.10051243007183 149.1448910087347
leaf_count=888 469 1243 2050 725 163 247
internal_value=0.00068982 0.00252597 0.00406169 -0.0043251 -0.00731059 -0.000465142
internal_weight=3603.44 2653.71 1965.82 949.733 516.681 433.052
internal_count=5785 4181 2938 1604 888 716
is_linear=0
shrinkage=0.03


Tree=4
num_leaves=7
num_cat=0
split_feature=3 1 3 5 1 1
split_gain=18.4767 30.4163 27.2896 13.9881 7.18625 6.14147
threshold=-0.51377382874488819 -0.044445220381021493 -1.249608516693115 1.0000000180025095e-35 0.38861249387264257 0.092874109745025649
decision_type=2 2 2 2 2 2
left_child=1 2 -1 -3 5 -2
right_child=4 3 -4 -5 -6 -7
leaf_value=4.2762007329398137e-05 -0.0029299037681617701 0.00036569850123410627 0.010155637265383056 -0.0076589329322121541 -0.0091218068251708011 0.0016984909362746995
leaf_weight=434.94487088918686 885.81777285039425 934.85388158261776 552.02887111902237 222.93269181251526 115.67146188020706 327.897485896945
leaf_count=784 1555 1526 740 361 251 573
internal_value=0.00029098 0.0020221 0.00584799 -0.00123233 -0.00244602 -0.0016236
internal_weight=3474.15 2144.76 986.974 1157.79 1329.39 1213.72
internal_count=5790 3411 1524 1887 2379 2128
is_linear=0
shrinkage=0.03


Tree=5
num_leaves=7
num_cat=0
split_feature=0 2 5 3 1 3
split_gain=29.7567 24.7758 19.2495 11.7744 11.5343 11.9997
threshold=-1.5695746541023252 0.0956087000668049 1.0000000180025095e-35 -0.19332916289567945 -0.14276074618101117 -1.5832559466361997
decision_type=2 2 2 2 2 2
left_child=1 3 -3 -1 5 -2
right_child=4 2 -4 -5 -6 -7
leaf_value=0.002030736292367356 -0.0024301547886492166 -0.0035915122199353523 -0.016161061078516299 -0.0044801297565443933 0.0014929411053139986 0.0091751743815220808
leaf_weight=845.15128810703754 80.798689484596252 424.71584107726812 147.51634731888771 330.85520938038826 1168.1082125380635 398.26965798437595
leaf_count=1390 151 772 325 663 1911 618
internal_value=0.000330001 -0.00236361 -0.00736948 0.000104529 0.00321892 0.00707867
internal_weight=3395.42 1748.24 572.232 1176.01 1647.18 479.068
internal_count=5830 3150 1097 2053 2680 769
is_linear=0
shrinkage=0.03


Tree=6
num_leaves=7
num_cat=0
split_feature=0 0 2 3 3 4
split_gain=24.2193 19.9639 16.6518 16.5446 15.0407 14.9137
threshold=-1.4730488657951353 -0.94131574034690846 0.0956087000668049 -0.57632359862327565 0.60132166743278515 1.0000000180025095e-35
decision_type=2 2 2 2 2 2
left_child=2 4 -1 -3 -2 -4
right_child=1 3 5 -5 -6 -7
leaf_value=-0.0005657005503306422 0.0068106797014214617 0.0026244582877893241 -0.010424892527493361 -0.0068327079184952464 -0.0058521425251120288 -0.00016256906536517423
leaf_weight=1269.4319419115782 776.91955825686455 366.21034733206034 348.77304090559483 268.2252107784152 73.996888682246208 214.21241087466478
leaf_count=2258 1226 594 787 461 129 372
internal_value=-0.000242741 0.00256532 -0.00255446 -0.00136876 0.00553151 -0.0067626
internal_weight=3317.77 1485.35 1832.42 634.436 850.916 562.985
internal_count=5827 2410 3417 1055 1355 1159
is_linear=0
shrinkage=0.03


Tree=7
num_leaves=7
num_cat=0
split_feature=0 2 1 4 0 0
split_gain=24.2992 15.6042 15.0074 13.8181 13.0397 10.161
threshold=-1.4730488657951353 0.03147560358047486 0.26770646870136267 1.0000000180025095e-35 -2.4198677539825435 -1.0195924043655393
decision_type=2 2 2 2 2 2
left_child=1 4 5 -3 -1 -2
right_child=2 3 -4 -5 -6 -7
leaf_value=0.0061413941632488794 0.0060670762102605106 -0.0097593629069446935 -0.0046161293698549861 -0.00069923526570271795 -0.002190171070808768 0.00054456296504074508
leaf_weight=188.07287956774235 664.23493799567223 410.45551020652056 215.84991057962179 262.06177315115929 857.03050404787064 587.62203168869019
leaf_count=359 1032 957 394 458 1547 992
internal_value=-0.000514053 -0.00293573 0.00228101 -0.00643767 -0.000547355 0.00357131
internal_weight=3185.33 1717.62 1467.71 672.517 1045.1 1251.86
internal_count=5739 3321 2418 1415 1906 2024
is_linear=0
shrinkage=0.03


Tree=8
num_leaves=6
num_cat=0
split_feature=1 2 7 7 7
split_gain=17.967 14.3527 13.0021 5.51508 4.87829
threshold=0.37307685613632208 -0.36373962461948389 1.0000000180025095e-35 1.0000000180025095e-35 1.0000000180025095e-35
decision_type=2 2 2 2 2
left_child=1 4 -3 -2 -1
right_child=3 2 -4 -5 -6
leaf_value=-0.0015936726268476525 -0.0095187511000817578 0.00061619008745974059 0.0055214886090406449 0 -0.0097677636188923354
leaf_weight=237.88390839099884 177.78128135949373 1890.8737294971943 655.2353068292141 77.95075485855341 93.775207087397575
leaf_count=440 426 3479 1120 153 163
internal_value=0.000435493 0.0011469 0.00193513 -0.00685494 -0.00449956
internal_weight=3133.5 2877.77 2546.11 255.732 331.659
internal_count=5781 5202 4599 579 603
is_linear=0
shrinkage=0.03


Tree=9
num_leaves=7
num_cat=0
split_feature=3 1 3 0 5 0
split_gain=23.2321 15.4209 11.7299 9.27124 11.392 6.64338
threshold=0.25291956961154943 0.37307685613632208 -1.1488497853279112 -1.5993707180023191 1.0000000180025095e-35 -2.2356095314025874
decision_type=2 2 2 2 2 2
left_child=1 2 -1 5 -5 -2
right_child=3 -3 -4 4 -6 -7
leaf_value=-0.00087328600745894202 -0.0022328586283010942 -0.0068357068213949846 0.0032868830389034625 0.0018496318553319706 -0.010490044467142081 -0.013899889244937702
leaf_weight=1031.4523547142744 90.120617538690567 196.27639724314213 1389.2397227436304 199.4243501573801 75.063788212835789 147.58310728520155
leaf_count=1855 234 441 2408 361 154 365
internal_value=-0.00033382 0.000802204 0.00149703 -0.00606293 -0.00180438 -0.010226
internal_weight=3129.16 2616.97 2420.69 512.192 274.488 237.704
internal_count=5818 4704 4263 1114 515 599
is_linear=0
shrinkage=0.03


Tree=10
num_leaves=7
num_cat=0
split_feature=2 2 3 0 5 2
split_gain=15.8103 12.816 19.2889 10.4211 18.804 14.6463
threshold=0.026214370504021648 -0.1554472744464874 -1.5386641621589658 -1.1064960360527036 1.0000000180025095e-35 0.07084266841411592
decision_type=2 2 2 2 2 2
left_child=1 2 -1 4 -2 -5
right_child=3 -3 -4 5 -6 -7
leaf_value=-0.0094198753580947529 -0.0018140567392291719 0.0042632964409719141 0.0013090311145699481 -0.011390181537856198 -0.01221727250537062 0.0043271335644354684
leaf_weight=165.06144502013922 711.86713543534279 894.09411954879761 776.68143634498119 43.273228168487549 191.96385367959738 297.94673606753349
leaf_count=352 1378 1565 1364 77 518 539
internal_value=-2.11181e-05 0.0017225 -0.000665848 -0.00262611 -0.00430519 0.00164748
internal_weight=3080.89 1835.84 941.743 1245.05 903.831 341.22
internal_count=5793 3281 1716 2512 1896 616
is_linear=0
shrinkage=0.03


Tree=11
num_leaves=7
num_cat=0
split_feature=0 3 0 3 3 3
split_gain=20.2993 17.3484 14.1394 13.2562 11.7689 25.4317
threshold=-1.4730488657951353 -0.7831723392009734 -1.4220519661903379 -1.5937021374702451 -1.089898884296417 -0.17907399684190747
decision_type=2 2 2 2 2 2
left_child=4 3 -3 -2 -1 -6
right_child=1 2 -4 -5 5 -7
leaf_value=-0.0053999435266953765 0.00034150611051570167 0.011450595574024185 -0.0020177811015258951 0.0089491371333663416 0.0038651807088370582 -0.0055094542732684239
leaf_weight=610.62858515977859 269.73139818012714 57.831785976886749 656.16242045909166 451.43215540796518 583.69384561479092 437.43497483804822
leaf_count=1242 486 95 1147 707 1065 1099
internal_value=8.18094e-05 0.00268337 -0.000562848 0.00590673 -0.00217477 -0.000121821
internal_weight=3066.92 1435.16 713.994 721.164 1631.76 1021.13
internal_count=5841 2435 1242 1193 3406 2164
is_linear=0
shrinkage=0.03


Tree=12
num_leaves=7
num_cat=0
split_feature=0 1 0 3 3 3
split_gain=19.1193 14.7177 11.5452 11.2559 8.70595 12.6545
threshold=-1.554948568344116 0.19051335006952289 -1.2824541330337522 -1.0182533860206602 0.026481049135327343 -1.0182533860206602
decision_type=2 2 2 2 2 2
left_child=4 2 -2 -3 5 -1
right_child=1 3 -4 -5 -6 -7
leaf_value=-0.0040525495138148716 0.0084151822010568623 0.0035455403592095447 0.0018741802996602001 -0.0069877796961246384 -0.0068379724696914484 0.0020560063287197766
leaf_weight=608.88768526539207 355.82796788215637 126.52971071004868 835.17764941602945 211.17465239018202 293.76162360608578 562.22177292406559
leaf_count=1272 607 225 1436 406 801 1079
internal_value=5.72433e-05 0.00240816 0.00398464 -0.00289588 -0.00235511 -0.00108432
internal_weight=2993.58 1528.71 1191.01 337.704 1464.87 1171.11
internal_count=5826 2674 2043 631 3152 2351
is_linear=0
shrinkage=0.03


Tree=13
num_leaves=7
num_cat=0
split_feature=0 2 0 5 0 3
split_gain=20.7839 10.4629 20.3092 17.9073 9.82404 14.7336
threshold=-1.4730488657951353 0.03147560358047486 -2.3127735853195186 1.0000000180025095e-35 -1.2759666442871092 -0.77094918489456166
decision_type=2 2 2 2 2 2
left_child=1 2 -1 -3 -2 -6
right_child=4 3 -4 -5 5 -7
leaf_value=0.0065270871023394884 0.0073990609708962842 -0.0019430898814717329 -0.0028099914726762397 -0.01429955926504896 0.0048957771506776852 -0.0021278662155675304
leaf_weight=276.90974385291338 333.43753229081631 462.69048947840929 692.90189956501126 126.97026970237494 525.48450469225645 499.61108729243279
leaf_count=563 568 1006 1401 427 894 939
internal_value=0.000325119 -0.00200372 -5.34698e-06 -0.00508401 0.00303222 0.00143997
internal_weight=2918.01 1559.47 969.812 589.661 1358.53 1025.1
internal_count=5798 3397 1964 1433 2401 1833
is_linear=0
shrinkage=0.03


Tree=14
num_leaves=7
num_cat=0
split_feature=1 0 3 0 3 7
split_gain=13.7491 9.90911 11.2801 7.1084 1.27284 7.26024
threshold=0.37307685613632208 -1.4730488657951353 -1.1363757252693174 -1.429573595523834 -0.99914962053298939 1.0000000180025095e-35
decision_type=2 2 2 2 2 2
left_child=1 2 -1 -3 5 -2
right_child=4 3 -4 -5 -6 -7
leaf_value=-0.0052445143492906221 -0.0091566306828515538 0.0096997118997795683 0.00032290635523476817 0.0012829416757003556 -0.0093209385553745805 0.0047273826437771267
leaf_weight=479.4674645960331 50.736666142940521 82.825305268168449 893.5917677283287 1189.6314404308796 134.72016773372889 41.77212829887867
leaf_count=1068 122 140 1926 2071 374 74
internal_value=-0.000502299 0.000106847 -0.00162553 0.00201884 -0.00727191 -0.00262814
internal_weight=2872.74 2645.52 1373.06 1272.46 227.229 92.5088
internal_count=5775 5205 2994 2211 570 196
is_linear=0
shrinkage=0.03


Tree=15
num_leaves=7
num_cat=0
split_feature=2 6 0 0 0 0
split_gain=19.9561 11.0415 6.37394 13.4874 8.82454 5.63616
threshold=0.1483757942914963 1.0000000180025095e-35 -1.4730488657951353 -0.98423057794570912 -2.3127735853195186 -1.506649315357208
decision_type=2 2 2 2 2 2
left_child=2 5 4 -4 -1 -2
right_child=1 -3 3 -5 -6 -7
leaf_value=0.0042981552805703279 -0.0043989142212536502 -0.0099054426572490889 0.0069533756712833166 0 -0.0013214185605663154 0.001374725060613127
leaf_weight=340.1226694881916 269.02865095064044 176.71110133081675 513.98223200440407 460.48742758482695 799.35074803605676 284.52300955355167
leaf_count=716 700 401 879 823 1749 531
internal_value=0.00045114 -0.00373374 0.00194637 0.0037088 0.000349433 -0.00138222
internal_weight=2844.21 730.263 2113.94 974.47 1139.47 553.552
internal_count=5799 1632 4167 1702 2465 1231
is_linear=0
shrinkage=0.03


Tree=16
num_leaves=6
num_cat=0
split_feature=2 0 0 2 7
split_gain=11.2747 10.2172 8.55094 7.75051 4.67661
threshold=0.54005712270736705 -1.4730488657951353 -2.3232748508453365 -0.37160487473011011 1.0000000180025095e-35
decision_type=2 2 2 2 2
left_child=1 2 -1 -3 -2
right_child=4 3 -4 -5 -6
leaf_value=0.0019866862928155063 -0.012374704919370979 -0.0045123745237647256 -0.0029802956623316834 0.0030503543195576082 0
leaf_weight=426.2468313574791 71.740408807992935 112.28496009111404 960.55827618762851 1164.0652814283967 35.905295357108116
leaf_count=955 187 206 2242 2085 63
internal_value=-5.07404e-05 0.000342544 -0.00140446 0.0022794 -0.00877981
internal_weight=2770.8 2663.16 1386.81 1276.35 107.646
internal_count=5738 5488 3197 2291 250
is_linear=0
shrinkage=0.03


Tree=17
num_leaves=7
num_cat=0
split_feature=0 2 3 0 0 2
split_gain=12.5059 9.05862 16.62 8.3549 9.04939 7.01205
threshold=-1.4730488657951353 0.03147560358047486 -1.2305345535278318 -1.2472656369209287 -1.2014395594596861 0.17262800782918933
decision_type=2 2 2 2 2 2
left_child=1 2 -1 5 -5 -2
right_child=3 -3 -4 4 -6 -7
leaf_value=-0.0063993690171079178 0.0080040843642235834 -0.0050539188311714313 0.0023596294350740955 -0.0086706646932364004 0.0013614032314826828 -0.0007148103586992234
leaf_weight=253.19819988310337 277.5134711265564 525.35395335406065 658.56299322843552 68.113039739429951 900.86811416596174 94.152192667126656
leaf_count=612 480 1408 1354 119 1649 170
internal_value=-4.0716e-05 -0.00199251 -9.35206e-05 0.00200596 0.000434461 0.00571846
internal_weight=2777.76 1437.12 911.761 1340.65 968.981 371.666
internal_count=5792 3374 1966 2418 1768 650
is_linear=0
shrinkage=0.03


Tree=18
num_leaves=7
num_cat=0
split_feature=1 0 0 0 7 0
split_gain=9.18517 7.4864 9.51643 8.37203 1.73956 2.698
threshold=0.37307685613632208 -1.4730488657951353 -0.98423057794570912 -2.3232748508453365 1.0000000180025095e-35 -1.3427549600601194
decision_type=2 2 2 2 2 2
left_child=1 3 -3 -1 5 -2
right_child=4 2 -4 -5 -6 -7
leaf_value=0.0028344454543462027 -0.0025312361783708191 0.0051013843881654959 -0.00010796666007571857 -0.0021953332660151425 -0.00034487668308803095 -0.012402170919016861
leaf_weight=413.49772347509861 101.61384985968471 642.62035793066025 559.20882783830166 906.98016943782568 74.292955540120602 42.359269954264164
leaf_count=921 315 1128 1040 2131 148 116
internal_value=0.000419369 0.000964258 0.00266629 -0.000556745 -0.00517801 -0.00695982
internal_weight=2740.57 2522.31 1201.83 1320.48 218.266 143.973
internal_count=5799 5220 2168 3052 579 431
is_linear=0
shrinkage=0.03


Tree=19
num_leaves=7
num_cat=0
split_feature=1 3 0 3 2 0
split_gain=9.09531 5.18842 5.08976 10.7847 7.43897 4.324
threshold=0.37307685613632208 -0.88303440809249867 -1.4730488657951353 -1.1000226736068723 -0.37160487473011011 -1.3775836825370786
decision_type=2 2 2 2 2 2
left_child=2 -2 3 -1 -4 -3
right_child=1 5 4 -5 -6 -7
leaf_value=-0.0046689324100390875 -0.00020922758205119425 -0.0026590548575630979 -0.0051462678103787966 0.00088089512745765427 0.0023666861530861551 -0.015917911322620912
leaf_weight=470.67006726562977 101.46518234908581 69.54723883420229 109.65318933129311 833.48853658139706 1094.9087192192674 44.744169637560844
leaf_count=1151 231 238 208 1900 1974 116
internal_value=-0.000357729 -0.00599821 0.000147243 -0.00111699 0.00156089 -0.00989418
internal_weight=2724.48 215.757 2508.72 1304.16 1204.56 114.291
internal_count=5818 585 5233 3051 2182 354
is_linear=0
shrinkage=0.03


Tree=20
num_leaves=7
num_cat=0
split_feature=3 2 2 0 2 2
split_gain=9.28466 13.3311 5.84291 10.8993 8.44593 2.92165
threshold=0.49156990647315985 -0.22710212320089337 -0.36373962461948389 -2.3232748508453365 0.026214370504021648 -0.37160487473011011
decision_type=2 2 2 2 2 2
left_child=2 5 3 -1 -4 -2
right_child=1 -3 4 -5 -6 -7
leaf_value=0.0072634873494388952 0 -0.0082864817927370289 0.0031862301743489528 -0.0064403934962008478 -0.00050718333962511181 0.0097021756147518418
leaf_weight=47.234458401799202 36.709574453532696 212.11731424182653 1176.8807411529124 196.09830643236637 988.68181405961514 34.005880579352379
leaf_count=93 89 567 2336 413 2190 75
internal_value=0.000327081 -0.00459526 0.000962804 -0.0032028 0.00148335 0.00520133
internal_weight=2691.73 282.833 2408.9 243.333 2165.56 70.7155
internal_count=5763 731 5032 506 4526 164
is_linear=0
shrinkage=0.03


Tree=21
num_leaves=7
num_cat=0
split_feature=1 3 2 0 3 2
split_gain=10.629 7.76115 13.1406 11.1677 3.2727 4.43068
threshold=0.42789354920387274 -1.6020662784576414 -0.03248325735330581 -1.4730488657951353 -1.2305345535278318 0.54005712270736705
decision_type=2 2 2 2 2 2
left_child=1 2 -1 -3 -2 -6
right_child=4 3 -4 -5 5 -7
leaf_value=-0.0075471812803455073 0 -0.00070399783108358784 0.0022634753932684755 0.0036179925431551367 -0.0018108601384581868 -0.015144391848916599
leaf_weight=236.74547418579459 50.262773964554071 1094.7964413687587 208.87738628685474 995.27111457288265 60.942005358636379 47.409279350191355
leaf_count=535 111 2550 460 1834 187 131
internal_value=3.52113e-05 0.000551234 -0.00292006 0.00134044 -0.00701629 -0.00956319
internal_weight=2694.3 2535.69 445.623 2090.07 158.614 108.351
internal_count=5808 5379 995 4384 429 318
is_linear=0
shrinkage=0.03


Tree=22
num_leaves=5
num_cat=0
split_feature=0 1 3 0
split_gain=10.29 8.94741 7.81006 5.11846
threshold=0.12622033804655078 -0.044445220381021493 -0.46995516121387476 -0.48592744767665857
decision_type=2 2 2 2
left_child=1 2 -1 -3
right_child=-2 3 -4 -5
leaf_value=0.003753806764859658 0.010956150927406304 -0.001030146536955677 -0.0010837094184389978 -0.0080056517442015467
leaf_weight=747.42550950497389 59.545977354049683 1315.8605290018022 455.8451082482934 87.629743665456772
leaf_count=1545 107 2936 1025 175
internal_value=0.000327151 0 0.00188437 -0.00161419
internal_weight=2666.31 2606.76 1203.27 1403.49
internal_count=5788 5681 2570 3111
is_linear=0
shrinkage=0.03


Tree=23
num_leaves=7
num_cat=0
split_feature=2 0 4 2 0 0
split_gain=12.5958 7.20355 7.15234 5.58816 12.1445 3.72326
threshold=0.16868672519922259 -1.1738631725311277 1.0000000180025095e-35 0.11318301036953927 -1.7339125871658323 -0.93068662285804737
decision_type=2 2 2 2 2 2
left_child=3 2 -2 -1 -5 -3
right_child=1 5 -4 4 -6 -7
leaf_value=0.00031658603357761789 -0.0087804363997530371 0.0054147318867976057 -8.321426774914281e-05 -0.0037337377956625744 0.011279812892852558 -0.0021914573446666545
leaf_weight=1856.8970430344343 277.84277961403131 69.654287546873093 139.5051721855998 58.045885127037764 106.99313544481993 136.62792115658522
leaf_count=3895 778 141 325 169 216 282
internal_value=-0.00028174 -0.00395608 -0.00614719 0.000849809 0.00584231 0.00036331
internal_weight=2645.57 623.63 417.348 2021.94 165.039 206.282
internal_count=5806 1526 1103 4280 385 423
is_linear=0
shrinkage=0.03


Tree=24
num_leaves=7
num_cat=0
split_feature=2 2 3 2 0 0
split_gain=12.4904 9.82282 7.0774 7.05893 7.10637 6.05237
threshold=0.023642514832317833 -0.37160487473011011 -1.5386641621589658 0.049633512273430831 -2.5130456686019893 -2.1854479312896724
decision_type=2 2 2 2 2 2
left_child=1 5 -3 -2 -5 -1
right_child=3 2 -4 4 -6 -7
leaf_value=0.0030285119449848623 -0.0096285431557592005 -0.0013853660737799371 0.0039208029620856968 -0.010318428226984599 -0.0007185758499613945 -0.0060842044885867719
leaf_weight=71.143426597118378 95.355490498244762 258.35842226445675 1026.3215798288584 57.779560878872871 919.94345277175307 188.85982229560614
leaf_count=161 210 590 2052 149 2180 417
internal_value=0 0.00170135 0.00280283 -0.00247804 -0.00154149 -0.00333824
internal_weight=2617.76 1544.68 1284.68 1073.08 977.723 260.003
internal_count=5759 3220 2642 2539 2329 578
is_linear=0
shrinkage=0.03


Tree=25
num_leaves=7
num_cat=0
split_feature=1 0 0 0 0 3
split_gain=8.14083 6.92639 6.24746 5.70154 2.54727 0.470213
threshold=0.37307685613632208 -1.3224463462829588 -0.98423057794570912 -2.3232748508453365 -0.8066599667072295 -1.518774628639221
decision_type=2 2 2 2 2 2
left_child=1 3 -3 -1 5 -2
right_child=4 2 -4 -5 -6 -7
leaf_value=0.0018866537175612468 -0.0010359067824718879 0.0048077513174932442 0 -0.0022598942405227629 0.00032462864248978038 -0.0081930433668705345
leaf_weight=382.04301892966032 37.259009815752506 420.87964263558388 545.45414619892836 1048.3601916991174 30.664098642766476 130.46319303661585
leaf_count=876 82 769 1034 2476 80 411
internal_value=-0.000286356 0.000193138 0.00215204 -0.00110029 -0.00584111 -0.00720249
internal_weight=2595.12 2396.74 966.334 1430.4 198.386 167.722
internal_count=5728 5155 1803 3352 573 493
is_linear=0
shrinkage=0.03


Tree=26
num_leaves=7
num_cat=0
split_feature=3 0 2 3 3 2
split_gain=8.55128 12.1121 7.86698 8.63915 8.03963 6.75137
threshold=0.25291956961154943 -0.52562636137008656 0.1483757942914963 -0.88303440809249867 -1.1363757252693174 -0.25027857720851893
decision_type=2 2 2 2 2 2
left_child=2 5 4 -4 -1 -2
right_child=1 -3 3 -5 -6 -7
leaf_value=-0.00035212731781202787 0.00098049050408351005 0.0086846021920692837 0.001229723738973182 -0.0059522702325385682 0.0037767017586912924 -0.0075453931352406694
leaf_weight=694.52812978997827 92.332519821822643 42.365649960935116 304.91782262921333 250.54184495285153 969.81787411868572 292.49185717478395
leaf_count=1544 221 90 686 615 1899 805
internal_value=0.00021363 -0.00354684 0.00098931 -0.00199976 0.00203441 -0.00540415
internal_weight=2647 427.19 2219.81 555.46 1664.35 384.824
internal_count=5860 1116 4744 1301 3443 1026
is_linear=0
shrinkage=0.03


Tree=27
num_leaves=7
num_cat=0
split_feature=1 2 1 2 3 3
split_gain=10.6412 9.56851 10.617 2.53449 2.87594 1.21483
threshold=0.16659341007471087 -0.37160487473011011 -0.22681242227554319 0.6416088640689851 -1.8614344596862791 -1.4558946490287779
decision_type=2 2 2 2 2 2
left_child=1 5 -3 4 -2 -1
right_child=3 2 -4 -5 -6 -7
leaf_value=-0.0088921352805047989 0.00078782586465159059 0.0060750125512053143 0.000364483927271883 0.0015425531128162053 -0.0050017897495852285 -0.0025401114123974901
leaf_weight=40.12984649091959 64.599984124302864 365.70714551210403 1345.4204183742404 50.997151337563992 497.90939797461033 209.97208795696497
leaf_count=121 142 782 2897 151 1234 452
internal_value=-0.00022056 0.000838879 0.0016757 -0.0036216 -0.00422967 -0.00436442
internal_weight=2574.74 1961.23 1711.13 613.507 562.509 250.102
internal_count=5779 4252 3679 1527 1376 573
is_linear=0
shrinkage=0.03


Tree=28
num_leaves=7
num_cat=0
split_feature=2 3 2 3 4 3
split_gain=8.02793 12.7192 11.2986 10.4851 15.6333 10.0259
threshold=0.17262800782918933 -1.5386641621589658 -0.16186182200908658 -1.1000226736068723 1.0000000180025095e-35 -0.5023394227027892
decision_type=2 2 2 2 2 2
left_child=1 2 -1 -2 -5 -3
right_child=3 5 -4 4 -6 -7
leaf_value=-0.010462274771601493 0.0021103608628588039 0.0043832894107225942 0 -0.0089591994915244402 0.0048572783844801869 -0.00024245000301358996
leaf_weight=124.53267288953066 210.16779228299856 858.94218111783266 243.91835489869118 295.83865587413311 75.943597607314587 762.23527009040117
leaf_count=332 478 1694 542 828 182 1720
internal_value=9.39253e-05 0.00102572 -0.00381436 -0.00292034 -0.00587989 0.00219538
internal_weight=2571.58 1989.63 368.451 581.95 371.782 1621.18
internal_count=5776 4288 874 1488 1010 3414
is_linear=0
shrinkage=0.03


Tree=29
num_leaves=7
num_cat=0
split_feature=1 0 0 0 1 1
split_gain=16.6934 6.14129 6.90715 6.61522 0.422827 0.778921
threshold=0.37307685613632208 -1.9118556976318357 -2.0524172782897945 -0.64899167418479908 0.55328458547592174 0.64045083522796642
decision_type=2 2 2 2 2 2
left_child=1 2 -1 -3 -2 -6
right_child=4 3 -4 -5 5 -7
leaf_value=0.00088824271754427641 -0.0089154742874537809 0.0037065249417709075 -0.0061266465501465077 -0.0010876825310227448 0 -0.0046307206567437241
leaf_weight=626.8170055411756 105.61971323937178 1298.441160403192 135.45998245477676 290.38390693068504 30.256059624254704 53.361156661063433
leaf_count=1518 328 2728 352 561 88 151
internal_value=0.00100407 0.00173393 -0.000406401 0.00279038 -0.00707603 -0.00290112
internal_weight=2540.34 2351.1 762.277 1588.83 189.237 83.6172
internal_count=5726 5159 1870 3289 567 239
is_linear=0
shrinkage=0.03


Tree=30
num_leaves=7
num_cat=0
split_feature=1 3 3 3 3 7
split_gain=10.2838 7.19336 8.98878 7.85076 1.95412 3.50452
threshold=0.37307685613632208 -1.5386641621589658 -1.8614344596862791 0.29549646377563482 -0.88303440809249867 1.0000000180025095e-35
decision_type=2 2 2 2 2 2
left_child=1 2 -1 -3 5 -2
right_child=4 3 -4 -5 -6 -7
leaf_value=0.0012143117332404547 -0.0064547193452190992 0.0021272640719172215 -0.0068105811445195981 -0.0027822424621585396 -0.0094838818886315204 0.0030109147765385292
leaf_weight=218.64796935021877 52.814031094312668 1556.3427827358246 233.0920575261116 332.83453549817204 94.772245388478041 41.702733471989632
leaf_count=507 154 3249 569 856 340 86
internal_value=-0.000170568 0.000371769 -0.00291243 0.0012108 -0.00655887 -0.0019579
internal_weight=2530.21 2340.92 451.74 1889.18 189.289 94.5168
internal_count=5761 5181 1076 4105 580 240
is_linear=0
shrinkage=0.03


Tree=31
num_leaves=7
num_cat=0
split_feature=1 0 0 7 0 0
split_gain=8.47113 5.08519 4.84743 3.74712 3.69245 1.3765
threshold=0.37307685613632208 -1.4686117768287656 -1.644975423812866 1.0000000180025095e-35 -0.94131574034690846 -2.1404143571853633
decision_type=2 2 2 2 2 2
left_child=1 2 -1 5 -3 -2
right_child=3 4 -4 -5 -6 -7
leaf_value=-6.1828909054214234e-05 -0.0014077000475927518 0.0032289014937707324 -0.0050071004871803425 0 -9.9389166961561201e-05 -0.011028042833411756
leaf_weight=1024.750307507813 41.391754999756813 639.46315480768681 203.15484699606895 61.223888341337442 486.47717224061489 78.474612504243851
leaf_count=2570 137 1228 480 145 961 288
internal_value=-0.000176105 0.000302062 -0.000995231 -0.00610167 0.00176187 -0.00881129
internal_weight=2534.94 2353.85 1227.91 181.09 1125.94 119.866
internal_count=5809 5239 3050 570 2189 425
is_linear=0
shrinkage=0.03


Tree=32
num_leaves=6
num_cat=0
split_feature=1 1 2 7 1
split_gain=3.31008 2.37523 3.22355 2.01548 1.17484
threshold=0.37307685613632208 0.34009197354316717 0.19880933314561847 1.0000000180025095e-35 0.42789354920387274
decision_type=2 2 2 2 2
left_child=1 2 -1 4 -2
right_child=3 -3 -4 -5 -6
leaf_value=0.001307444743972794 0 0.0067404484809964358 -0.0018300702801849278 0.00056749880666266727 -0.0064279458992953179
leaf_weight=1946.4003052040935 23.429736487567425 47.268932811915874 314.53131694719195 60.932232812047005 90.789102166891098
leaf_count=4309 96 115 753 145 329
internal_value=0.000707339 0.00103606 0.000832442 -0.00297948 -0.00512132
internal_weight=2483.35 2308.2 2260.93 175.151 114.219
internal_count=5747 5177 5062 570 425
is_linear=0
shrinkage=0.03


Tree=33
num_leaves=7
num_cat=0
split_feature=1 7 3 3 3 3
split_gain=7.65642 7.094 15.5346 6.98106 6.91901 8.89168
threshold=-0.17922840267419812 1.0000000180025095e-35 -0.9126218557357787 -1.9737695455551145 -1.6020662784576414 -0.49355341494083399
decision_type=2 2 2 2 2 2
left_child=4 3 -3 -2 -1 -6
right_child=1 2 -4 -5 5 -7
leaf_value=-0.0046950891210267593 0.0052232557512806727 0.005057608445179558 -0.0055251694074735062 -0.0035217371069358964 0.0065369020280995936 -0.00051818974033647719
leaf_weight=98.18661817535758 65.155989974737167 319.33151145279408 174.99295805767179 1249.6632572598755 305.79970464110374 283.64809315651655
leaf_count=268 162 667 377 3041 609 650
internal_value=-0.000782872 -0.00181932 0.00112543 -0.00297166 0.00183354 0.00313788
internal_weight=2496.78 1809.14 494.324 1314.82 687.634 589.448
internal_count=5774 4247 1044 3203 1527 1259
is_linear=0
shrinkage=0.03


Tree=34
num_leaves=7
num_cat=0
split_feature=1 0 0 1 0 0
split_gain=9.58533 7.9389 6.05212 5.22562 1.41276 1.00788
threshold=0.37307685613632208 -1.554948568344116 -2.6018325090408321 -0.35952247679233545 -0.78669694066047657 -2.1404143571853633
decision_type=2 2 2 2 2 2
left_child=1 2 -1 -3 5 -2
right_child=4 3 -4 -5 -6 -7
leaf_value=0.008171248827999085 -0.0010371675496344296 -0.0022906552155219305 -0.0011513620880558603 0.0035831290317280911 0 -0.0086126612281802097
leaf_weight=45.588341131806374 48.369202923029661 129.27326054871082 1086.0475970432162 1057.4036295115948 25.738301917910576 95.04592065140605
leaf_count=104 152 270 2741 2112 73 335
internal_value=0.000621456 0.00116367 -0.000588313 0.00286617 -0.00582987 -0.00686449
internal_weight=2487.47 2318.31 1131.64 1186.68 169.153 143.415
internal_count=5787 5227 2845 2382 560 487
is_linear=0
shrinkage=0.03


Tree=35
num_leaves=7
num_cat=0
split_feature=1 3 3 3 3 3
split_gain=8.67912 6.39159 9.89272 5.81071 3.2212 1.83656
threshold=0.32127971947193151 0.29549646377563482 -1.1488497853279112 1.0093404650688174 -1.5832559466361997 0.22119855880737307
decision_type=2 2 2 2 2 2
left_child=1 2 -1 -3 -2 -6
right_child=4 3 -4 -5 5 -7
leaf_value=-0.00064046837502814953 0.001399720973811089 -0.0052940829011128019 0.0036630511799396141 0.0025409620643224574 -0.0074305952628548055 0
leaf_weight=766.61964965425432 45.956712499260902 211.76164110004902 1161.6079433187842 107.71554897725582 154.76425822451711 51.529249384999275
leaf_count=1793 109 559 2426 295 472 193
internal_value=0.000638569 0.00126209 0.00193226 -0.0024816 -0.00438154 -0.00594447
internal_weight=2499.96 2247.7 1928.23 319.477 252.25 206.294
internal_count=5847 5073 4219 854 774 665
is_linear=0
shrinkage=0.03


Tree=36
num_leaves=7
num_cat=0
split_feature=2 1 1 1 7 2
split_gain=6.87662 2.83413 2.73874 6.61455 2.67299 1.45454
threshold=0.19089509546756747 -0.049259796738624566 0.19329337030649188 0.10764565691351892 1.0000000180025095e-35 0.03147560358047486
decision_type=2 2 2 2 2 2
left_child=2 -2 3 -1 -3 -4
right_child=1 4 5 -5 -6 -7
leaf_value=0.00096994007419936169 -0.0089765963714034235 -0.003053261247630079 0.00084683555833639491 0.0068372699301967321 0.001497875018750509 -0.0037840408258635445
leaf_weight=1613.6958650276065 40.175303496420383 319.97819459438324 67.73592035472393 182.5652039013803 141.43554091453552 118.41941618919373
leaf_count=3632 99 948 154 381 312 297
internal_value=0.000472719 -0.00256217 0.00128849 0.00166803 -0.00152931 -0.00188929
internal_weight=2484.01 501.589 1982.42 1796.26 461.414 186.155
internal_count=5823 1359 4464 4013 1260 451
is_linear=0
shrinkage=0.03


Tree=37
num_leaves=7
num_cat=0
split_feature=2 3 3 0 3 4
split_gain=8.22472 7.09737 8.71496 7.13803 6.52447 16.3414
threshold=0.19089509546756747 -1.2818809151649473 -0.5023394227027892 -1.4686117768287656 -1.1000226736068723 1.0000000180025095e-35
decision_type=2 2 2 2 2 2
left_child=1 3 -3 -1 -2 -6
right_child=4 2 -4 -5 5 -7
leaf_value=-0.0052446861339588346 0.000734971788093295 0.0044125576787088505 -0.00020171306921657758 0.0012625429967493495 -0.0096131909014766422 0.0051267774555086602
leaf_weight=277.34062983468175 184.49681696295738 662.07285887002945 746.62048256769776 274.45828491449356 241.58471074327826 71.211719289422035
leaf_count=772 444 1345 1763 554 750 178
internal_value=-4.41466e-05 0.000811594 0.00195637 -0.00197218 -0.00343469 -0.00597074
internal_weight=2457.79 1960.49 1408.69 551.799 497.293 312.796
internal_count=5806 4434 3108 1326 1372 928
is_linear=0
shrinkage=0.03


Tree=38
num_leaves=7
num_cat=0
split_feature=1 0 0 0 7 1
split_gain=5.40302 5.88681 6.31712 2.60398 2.62319 1.61903
threshold=0.40520702302455908 -2.5652689933776851 -1.4686117768287656 -2.2852873802185054 1.0000000180025095e-35 -0.087984550744295106
decision_type=2 2 2 2 2 2
left_child=1 5 -3 -2 -5 -1
right_child=3 2 -4 4 -6 -7
leaf_value=0.00017466000734347415 -0.011306165230714633 -0.0017595011126252391 0.0013936172723276311 -0.0052861339412615836 0.0025436792511054807 0.010824116601029244
leaf_weight=33.16339486092329 34.490414764732122 1144.4443076625466 1094.4753449484706 64.064626559615135 42.974912457168102 37.060508981347084
leaf_count=78 109 2926 2232 260 108 88
internal_value=-0.000262698 8.21015e-05 -0.000192875 -0.00557337 -0.00176472 0.00761345
internal_weight=2450.67 2309.14 2238.92 141.53 107.04 70.2239
internal_count=5801 5324 5158 477 368 166
is_linear=0
shrinkage=0.03


Tree=39
num_leaves=7
num_cat=0
split_feature=1 7 2 4 1 2
split_gain=8.96168 7.71475 20.9341 6.56137 7.37844 5.87802
threshold=0.19051335006952289 1.0000000180025095e-35 -0.42104816436767573 1.0000000180025095e-35 0.40520702302455908 -0.030023142695426937
decision_type=2 2 2 2 2 2
left_child=1 5 -3 -2 -5 -1
right_child=3 2 -4 4 -6 -7
leaf_value=0.0015702334869838993 -0.0053084575238524553 -0.011122665003611941 0.0064323622160352015 0.0062794882773505502 -0.006869802682815845 -0.0023667495870601995
leaf_weight=878.33443055301905 355.39578655362129 49.242001704871655 469.27742277272046 97.350887909531593 35.059013016521931 529.32382669299841
leaf_count=1999 1013 126 976 229 112 1291
internal_value=0.000301326 0.00124734 0.00430264 -0.00321799 0.00195958 3.53606e-05
internal_weight=2413.98 1926.18 518.519 487.806 132.41 1407.66
internal_count=5746 4392 1102 1354 341 3290
is_linear=0
shrinkage=0.03


Tree=40
num_leaves=6
num_cat=0
split_feature=2 2 5 0 1
split_gain=6.35002 6.01286 5.59546 5.21537 3.71664
threshold=-0.37160487473011011 -0.33984297513961786 1.0000000180025095e-35 -1.4686117768287656 -0.41214661300182337
decision_type=2 2 2 2 2
left_child=2 -2 4 -3 -1
right_child=1 3 -4 -5 -6
leaf_value=-0.00089040441805349365 0.009695194794280158 -0.00079130076587946238 0.002658548025759027 0.0021362510248422273 -0.010158490403476919
leaf_weight=88.750538542866707 48.955880060791969 1104.0388897377998 60.818063758313656 1019.509043969214 95.648684322834015
leaf_count=225 116 2946 138 2143 227
internal_value=0.000362203 0.000912081 -0.00398462 0.000593035 -0.00651494
internal_weight=2417.72 2172.5 245.217 2123.55 184.399
internal_count=5795 5205 590 5089 452
is_linear=0
shrinkage=0.03


Tree=41
num_leaves=7
num_cat=0
split_feature=2 2 3 3 3 2
split_gain=5.56174 7.80235 3.68771 2.42449 3.5741 2.11534
threshold=-0.37160487473011011 -0.25027857720851893 0.49156990647315985 -0.013685419689863918 -1.1768497228622434 -0.30705775320529932
decision_type=2 2 2 2 2 2
left_child=3 5 -3 4 -1 -2
right_child=1 2 -4 -5 -6 -7
leaf_value=-0.006628086833083806 0.0012238829932901987 0.00039244744969520645 -0.0037501590993830897 -0.0085728401654590197 0.0012819441289536448 0.0079722850134931623
leaf_weight=57.284128330647945 103.43856351822615 1740.5809964351356 196.85393890365958 62.350347779691219 115.66863667964935 129.24279373139143
leaf_count=181 236 4083 608 166 241 287
internal_value=7.18542e-05 0.000583795 -3.1828e-05 -0.00409044 -0.00144246 0.00554406
internal_weight=2405.42 2170.12 1937.43 235.303 172.953 232.681
internal_count=5802 5214 4691 588 422 523
is_linear=0
shrinkage=0.03


Tree=42
num_leaves=7
num_cat=0
split_feature=2 0 0 0 3 0
split_gain=8.69179 8.37308 7.60266 6.38087 2.69196 0.666777
threshold=0.54005712270736705 -1.554948568344116 -2.3049703836441036 -1.429573595523834 -1.0827048420906065 -1.4842351078987119
decision_type=2 2 2 2 2 2
left_child=1 2 -1 -3 -2 -6
right_child=4 3 -4 -5 5 -7
leaf_value=0.0014965009030107437 0 0.0071315431239727259 -0.0035087733520973823 0.00088602783434702621 -0.0026634848818004198 -0.015039950131324302
leaf_weight=397.62980683147907 31.67490328848362 162.41107719391584 722.52584005519748 1002.0254923775792 31.72077139467001 26.807563669979572
leaf_count=1009 75 370 1998 2117 126 71
internal_value=-0.000245909 0.000124119 -0.00168431 0.0019135 -0.00848383 -0.011483
internal_weight=2374.8 2284.59 1120.16 1164.44 90.2032 58.5283
internal_count=5766 5494 3007 2487 272 197
is_linear=0
shrinkage=0.03


Tree=43
num_leaves=7
num_cat=0
split_feature=2 3 3 3 0 6
split_gain=6.79789 12.083 11.4546 7.80567 6.77993 7.18273
threshold=0.020333990454673771 -1.5386641621589658 -1.9835460782051084 0.026481049135327343 -1.4911407828330991 1.0000000180025095e-35
decision_type=2 2 2 2 2 2
left_child=1 2 -1 -3 -2 -6
right_child=4 3 -4 -5 5 -7
leaf_value=0.004471429353410771 -0.0044078958080879622 0.0041692008851320081 -0.0081032143813911887 -0.0012461278943924714 0.0027120588823298227 -0.00506642914453661
leaf_weight=74.14126317948103 456.57032274454832 866.57148053497076 182.11122091673315 296.91535805910826 368.20659815520048 125.55002871155739
leaf_count=188 1416 1787 493 751 811 299
internal_value=7.50276e-05 0.00140621 -0.00418749 0.00273884 -0.00183985 0.000497162
internal_weight=2370.07 1419.74 256.252 1163.49 950.327 493.757
internal_count=5745 3219 681 2538 2526 1110
is_linear=0
shrinkage=0.03


Tree=44
num_leaves=7
num_cat=0
split_feature=2 7 3 3 2 0
split_gain=6.50756 6.28468 14.9385 7.78256 2.99608 2.04164
threshold=-0.36373962461948389 1.0000000180025095e-35 -0.89516085386276234 -0.90247467160224903 -0.63930115103721608 -1.9941856265068052
decision_type=2 2 2 2 2 2
left_child=4 3 -3 -2 -1 -6
right_child=1 2 -4 -5 5 -7
leaf_value=0.0010655900566715073 -0.0029413477267937623 0.0066657889451728581 -0.0029328960878468291 0.0013445297728102855 -0.00035461532949133295 -0.0083791175030093392
leaf_weight=43.605178445577621 603.62701387703419 385.5699416603893 203.24008142948151 948.47890164330602 59.520779207348824 113.44712747633457
leaf_count=113 1513 853 449 2416 162 284
internal_value=0.000133737 0.000674042 0.00326654 -0.000300333 -0.00455923 -0.00625165
internal_weight=2357.49 2140.92 588.81 1552.11 216.573 172.968
internal_count=5790 5231 1302 3929 559 446
is_linear=0
shrinkage=0.03


Tree=45
num_leaves=7
num_cat=0
split_feature=1 2 0 2 1 1
split_gain=8.03335 7.16202 6.02972 5.48087 2.50256 6.78653
threshold=0.19051335006952289 -0.36373962461948389 -2.4622067213058467 0.023642514832317833 0.27706985175609594 0.37307685613632208
decision_type=2 2 2 2 2 2
left_child=1 2 -1 -3 -2 -6
right_child=4 3 -4 -5 5 -7
leaf_value=0.0054777494606101417 -0.005649427624175452 0.003160586810272285 -0.0056132905820936076 -0.00038812032521786944 0.0036012827332130258 -0.004831412726606814
leaf_weight=33.219134524464607 184.64410760998726 1105.4109755344689 195.60217884927988 551.72879062592983 132.57788189128041 169.26889761164784
leaf_count=72 459 2478 522 1371 336 588
internal_value=0.000324044 0.0012363 -0.00345114 0.00195276 -0.00300318 -0.000947532
internal_weight=2372.45 1885.96 228.821 1657.14 486.491 301.847
internal_count=5826 4443 594 3849 1383 924
is_linear=0
shrinkage=0.03


Tree=46
num_leaves=7
num_cat=0
split_feature=3 3 1 0 2 2
split_gain=6.86239 7.37891 8.2405 5.91067 3.49121 6.92795
threshold=-0.17118373513221738 -1.6140292882919309 0.1995101943612099 -2.47977602481842 -0.030023142695426937 -0.072490490972995744
decision_type=2 2 2 2 2 2
left_child=1 3 -3 -1 5 -2
right_child=4 2 -4 -5 -6 -7
leaf_value=0.0067615900306382017 -0.0022907792884939607 0.0032001782077703544 -0.0026334366597738621 -0.0038251480305742736 -0.0048316213151878814 0.0084346513497948455
leaf_weight=32.238232515752316 284.77737317234278 1072.4449734501541 244.84656646847725 358.0640418343246 311.13646504282951 45.458454348146915
leaf_count=82 725 2334 674 930 951 106
internal_value=-1.70369e-05 0.000952553 0.00204784 -0.0025175 -0.00263994 -0.000245716
internal_weight=2348.97 1707.59 1317.29 390.302 641.372 330.236
internal_count=5802 4020 3008 1012 1782 831
is_linear=0
shrinkage=0.03


Tree=47
num_leaves=7
num_cat=0
split_feature=1 3 7 3 1 2
split_gain=5.38515 4.61844 8.4411 4.95216 1.29493 2.54683
threshold=0.37307685613632208 -1.6140292882919309 1.0000000180025095e-35 0.22119855880737307 0.46356877684593206 0.54005712270736705
decision_type=2 2 2 2 2 2
left_child=1 2 -1 -3 -2 -6
right_child=4 3 -4 -5 5 -7
leaf_value=-0.0059151463151466818 -0.0078471480101605789 0.0023786175518229458 0.0029935465807461857 -0.0014482387249279965 0.0020085724345183863 -0.0055752213508930221
leaf_weight=199.07879845798016 51.296783395111561 1464.352659445256 143.62386802770197 347.66909470409155 60.043087556958199 50.789403192698956
leaf_count=588 194 3293 329 973 214 171
internal_value=0.00054723 0.000980431 -0.00205697 0.00160382 -0.00435609 -0.00132914
internal_weight=2316.85 2154.72 342.703 1812.02 162.129 110.832
internal_count=5762 5183 917 4266 579 385
is_linear=0
shrinkage=0.03


Tree=48
num_leaves=7
num_cat=0
split_feature=2 2 3 3 3 4
split_gain=10.6172 10.4135 11.6646 6.17805 6.00859 2.58734
threshold=0.03147560358047486 -0.058987442404031747 -1.5386641621589658 0.47711004316806799 -1.875918388366699 1.0000000180025095e-35
decision_type=2 2 2 2 2 2
left_child=1 2 -1 -3 -2 -6
right_child=4 3 -4 -5 5 -7
leaf_value=-0.0067842547634632509 0.0037968343977984203 0.0071200578475637535 0.0013551956485833246 -0.0035661022265616417 -0.0044829777148391444 -0.00028392492057853654
leaf_weight=172.64454781264067 90.510798592120409 318.83992327004671 869.23282454162836 36.407334834337234 615.9226040802896 210.04841550439596
leaf_count=518 219 706 1954 96 1718 556
internal_value=-0.000165843 0.00144627 -3.94257e-05 0.0057333 -0.00266588 -0.00351802
internal_weight=2313.61 1397.12 1041.88 355.247 916.482 825.971
internal_count=5767 3274 2472 802 2493 2274
is_linear=0
shrinkage=0.03


Tree=49
num_leaves=7
num_cat=0
split_feature=0 3 0 3 5 3
split_gain=7.98466 9.92179 10.2821 9.09399 14.3752 7.45161
threshold=-1.4686117768287656 -0.7831723392009734 -1.2599589824676511 -1.1363757252693174 1.0000000180025095e-35 0.026481049135327343
decision_type=2 2 2 2 2 2
left_child=3 -2 -3 4 -1 -5
right_child=1 2 -4 5 -6 -7
leaf_value=-0.0019314559538268811 0.0047900187179820012 0.0058206875826574533 -0.0033455314991332145 0.002206867517281478 -0.015908455642205298 -0.0037572482146731403
leaf_weight=328.28384068608284 528.41482581570745 127.60612708330154 397.24990225583315 552.73025742173195 70.534833934158087 259.48965862765908
leaf_count=925 1153 283 910 1341 228 866
internal_value=3.10935e-05 0.00194747 -0.000875008 -0.00159145 -0.00518832 0.00018484
internal_weight=2264.31 1053.27 524.856 1211.04 398.819 812.22
internal_count=5706 2346 1193 3360 1153 2207
is_linear=0
shrinkage=0.03


Tree=50
num_leaves=7
num_cat=0
split_feature=2 3 4 7 3 3
split_gain=4.60538 6.85547 9.16107 8.38165 5.48566 8.72058
threshold=0.023642514832317833 -0.88303440809249867 1.0000000180025095e-35 1.0000000180025095e-35 -1.5386641621589658 -0.49355341494083399
decision_type=2 2 2 2 2 2
left_child=4 3 -3 -2 -1 -6
right_child=1 2 -4 -5 5 -7
leaf_value=-0.0031926700168692173 -0.0026061605642103457 -0.006550703369197255 0.0025271181551184407 0.0053916003648264658 0.0041291446212843091 -0.0010399742920330407
leaf_weight=233.88300632685423 260.9481666944921 378.72067889757454 110.46835718303919 179.95612932741642 585.99951702356339 530.08859179913998
leaf_count=666 715 1177 287 401 1244 1282
internal_value=-0.000355072 -0.00197486 -0.00436418 0.000620275 0.000729663 0.00164616
internal_weight=2280.06 930.093 489.189 440.904 1349.97 1116.09
internal_count=5772 2580 1464 1116 3192 2526
is_linear=0
shrinkage=0.03


Tree=51
num_leaves=7
num_cat=0
split_feature=1 0 3 0 7 3
split_gain=5.10576 3.19545 4.97837 4.31959 3.13323 1.95274
threshold=0.40520702302455908 -1.554948568344116 -1.5937021374702451 -1.6323937773704527 1.0000000180025095e-35 -0.44145695865154261
decision_type=2 2 2 2 2 2
left_child=1 3 -3 -1 5 -2
right_child=4 2 -4 -5 -6 -7
leaf_value=0 -0.01138537523242154 -0.0023850716517440462 0.0026132224489067478 -0.006582675033918255 0.00011439787991431567 -0.00078089450245861288
leaf_weight=958.75991322472692 46.864933988079429 195.22218483686447 878.47259706258774 80.615790663287044 46.935586679726839 41.999848071485758
leaf_count=2652 177 466 1939 228 122 186
internal_value=6.40258e-05 0.000472233 0.00162256 -0.00066764 -0.00514787 -0.00798879
internal_weight=2248.87 2113.07 1073.69 1039.38 135.8 88.8648
internal_count=5770 5285 2405 2880 485 363
is_linear=0
shrinkage=0.03


Tree=52
num_leaves=7
num_cat=0
split_feature=1 0 0 1 0 4
split_gain=9.63515 3.34121 7.10764 4.72372 2.54301 1.56453
threshold=0.24406128376722339 -2.3232748508453365 -1.9118556976318357 0.10174590349197389 -2.5130456686019893 1.0000000180025095e-35
decision_type=2 2 2 2 2 2
left_child=1 3 -3 -1 -2 -6
right_child=4 2 -4 -5 5 -7
leaf_value=0.0054597805444803645 -0.011643306505107351 -0.0035683149526157319 0.0013542671585417959 -0.0028315738814876407 -0.0040966649122651374 0
leaf_weight=253.98492158576846 26.794749148190022 309.62900234386325 1267.1532993726432 55.77483868598938 239.39146944321692 85.015835482627153
leaf_count=637 85 901 2978 151 766 238
internal_value=5.14986e-05 0.000937962 0.000317469 0.00370371 -0.00434263 -0.0029243
internal_weight=2237.74 1886.54 1576.78 309.76 351.202 324.407
internal_count=5756 4667 3879 788 1089 1004
is_linear=0
shrinkage=0.03


Tree=53
num_leaves=7
num_cat=0
split_feature=2 3 3 3 3 3
split_gain=7.06436 5.9419 10.2073 4.37001 3.99921 5.67535
threshold=0.23568793386220935 -1.2713732123374937 -0.5023394227027892 -1.9835460782051084 -1.1967070102691648 0.041658582165837295
decision_type=2 2 2 2 2 2
left_child=1 3 -3 -1 -2 -6
right_child=4 2 -4 -5 5 -7
leaf_value=0.0036563384879358795 0.00075510589006748527 0.0050593010147272615 -1.1921899220219263e-05 -0.0026805915565122147 -0.00883166943787979 0
leaf_weight=100.17152384668589 120.87831720337272 639.29579638689756 728.49411528557539 430.600132714957 139.25216412357986 91.211223917081952
leaf_count=271 305 1419 1877 1156 449 328
internal_value=0.000551172 0.0013021 0.00235385 -0.00128635 -0.00319667 -0.00540373
internal_weight=2249.9 1898.56 1367.79 530.772 351.342 230.463
internal_count=5805 4723 3296 1427 1082 777
is_linear=0
shrinkage=0.03


Tree=54
num_leaves=7
num_cat=0
split_feature=2 2 1 0 2 0
split_gain=4.7554 5.83727 6.81567 4.20417 4.05881 3.30283
threshold=-0.37160487473011011 0.026214370504021648 0.12238760292530061 -2.0319392681121822 0.073919218033552184 -0.89673796296119679
decision_type=2 2 2 2 2 2
left_child=3 2 -2 -1 -3 -5
right_child=1 4 -4 5 -6 -7
leaf_value=0.001074881493800984 0.0011919058090741289 -0.0053475974599885723 0.0083267276554022836 -0.0090204861728988856 -2.2841525987941784e-05 0
leaf_weight=78.412078261375427 1008.5543348304927 140.71532745659351 125.22400806844234 102.51196974143386 770.90569480881095 36.287190038710833
leaf_count=213 2391 379 282 290 2209 87
internal_value=0.0002407 0.000725126 0.00216262 -0.00374455 -0.00100632 -0.00663752
internal_weight=2262.61 2045.4 1133.78 217.211 911.621 138.799
internal_count=5851 5261 2673 590 2588 377
is_linear=0
shrinkage=0.03


Tree=55
num_leaves=7
num_cat=0
split_feature=3 0 2 4 7 3
split_gain=5.25434 9.6276 7.01327 8.00937 6.54352 5.81458
threshold=-1.5386641621589658 -0.48592744767665857 -0.030023142695426937 1.0000000180025095e-35 1.0000000180025095e-35 0.026481049135327343
decision_type=2 2 2 2 2 2
left_child=1 4 5 -4 -1 -2
right_child=2 -3 3 -5 -6 -7
leaf_value=-0.0040284041009869855 0.0040318045771486136 -0.014408763481998276 -0.0026636834098791693 0.0038477052666359068 0.0035215711781688957 -0.0010417988356531697
leaf_weight=228.61362989619374 705.06155093759298 36.49148765951395 659.90974645875394 202.41201468557119 152.16238549351692 249.35546421259642
leaf_count=721 1527 84 1891 522 366 675
internal_value=0.000158916 -0.00276537 0.000886029 -0.0010147 -0.000836462 0.0026505
internal_weight=2234.01 417.268 1816.74 862.322 380.776 954.417
internal_count=5786 1171 4615 2413 1087 2202
is_linear=0
shrinkage=0.03


Tree=56
num_leaves=7
num_cat=0
split_feature=0 0 3 3 3 2
split_gain=3.68491 9.37181 7.27357 7.04173 11.0664 5.47053
threshold=-1.4686117768287656 -1.2472656369209287 -1.6327527165412901 -1.1000226736068723 -2.0482063293457027 0.17262800782918933
decision_type=2 2 2 2 2 2
left_child=3 5 -3 4 -1 -2
right_child=1 2 -4 -5 -6 -7
leaf_value=0.0069478902818524303 0.0079484746309000775 -0.0064403181379745584 0.0007502721258767608 0.00029103983961872561 -0.0061836285346410398 -0.00090208590216866102
leaf_weight=46.400796197354794 204.58086114376783 136.36217883229256 609.81014523655176 781.02844865992665 378.7756277564913 66.130137540400028
leaf_count=129 460 339 1413 2179 1119 169
internal_value=-0.00021333 0.0010733 -0.000619303 -0.00134676 -0.00436801 0.00566672
internal_weight=2223.09 1016.88 746.172 1206.2 425.176 270.711
internal_count=5808 2381 1752 3427 1248 629
is_linear=0
shrinkage=0.03


Tree=57
num_leaves=6
num_cat=0
split_feature=2 3 3 3 2
split_gain=5.50593 3.37663 2.81695 7.73318 3.47179
threshold=0.54005712270736705 -1.0827048420906065 0.66255709528923046 1.2551937699317934 -0.15183274447917935
decision_type=2 2 2 2 2
left_child=2 -2 4 -4 -1
right_child=1 -3 3 -5 -6
leaf_value=-0.0011067342404226025 4.0292835343735176e-05 -0.010265850719991873 -0.0074511643283880127 0.0039823758496440658 0.0015306460351607221
leaf_weight=629.707579549402 28.239153619855642 54.15535775013268 115.00742745772004 64.215750634670258 1333.8946984820068
leaf_count=1564 73 200 364 193 3425
internal_value=-7.40594e-06 -0.0068297 0.000287909 -0.00306482 0.000651986
internal_weight=2225.22 82.3945 2142.83 179.223 1963.6
internal_count=5819 273 5546 557 4989
is_linear=0
shrinkage=0.03


Tree=58
num_leaves=7
num_cat=0
split_feature=1 3 0 3 0 0
split_gain=3.41496 2.48123 5.35656 4.80877 1.64386 0.398214
threshold=0.37307685613632208 -1.5386641621589658 -0.2815470397472381 -1.8939820528030393 -0.81904667615890492 -2.1404143571853633
decision_type=2 2 2 2 2 2
left_child=1 3 -3 -1 5 -2
right_child=4 2 -4 -5 -6 -7
leaf_value=0.0020226987364060358 -0.00054131092454303364 0.00068612740753078952 0.0076270144966806702 -0.0043736615892390326 0.0010320988157215987 -0.0062284618152656512
leaf_weight=166.73692975565791 45.297075478360057 1567.7770562432706 90.749323435127735 207.48445818200707 27.150587469339371 86.217940615490079
leaf_count=453 161 3915 196 615 90 335
internal_value=0.00030235 0.000670748 0.00118801 -0.00141349 -0.00362832 -0.00499568
internal_weight=2191.41 2032.75 1658.53 374.221 158.666 131.515
internal_count=5765 5179 4111 1068 586 496
is_linear=0
shrinkage=0.03


Tree=59
num_leaves=7
num_cat=0
split_feature=2 2 5 2 5 2
split_gain=5.40894 8.38249 7.78818 7.07965 6.90488 4.60273
threshold=-0.030023142695426937 -0.058987442404031747 1.0000000180025095e-35 0.26019214093685156 1.0000000180025095e-35 0.25592552125453955
decision_type=2 2 2 2 2 2
left_child=1 4 5 -4 -1 -2
right_child=2 -3 3 -5 -6 -7
leaf_value=-0.0013040051442582434 0.00097545559086932251 0.0079369963284536705 -0.0096501659321838063 0.0013987003812548724 0.004195980773817041 -0.0035844247258978615
leaf_weight=729.9293298535049 619.14477706328034 125.10012661665678 156.99080294370651 55.099182171747088 261.70198803767562 264.90541728213429
leaf_count=1845 1542 279 490 230 660 771
internal_value=-0.000235101 0.00119269 -0.00173877 -0.00664807 0.000142448 -0.000373613
internal_weight=2212.87 1116.73 1096.14 212.09 991.631 884.05
internal_count=5817 2784 3033 720 2505 2313
is_linear=0
shrinkage=0.03


Tree=60
num_leaves=7
num_cat=0
split_feature=3 3 1 5 1 6
split_gain=2.75478 4.27522 3.12174 6.45043 2.95655 1.66037
threshold=0.66255709528923046 1.0093404650688174 -0.021842058748006817 1.0000000180025095e-35 -0.62405905127525318 1.0000000180025095e-35
decision_type=2 2 2 2 2 2
left_child=2 -2 4 -4 -1 -3
right_child=1 5 3 -5 -6 -7
leaf_value=-0.00461519010529092 -0.0080449462447640847 -0.0029622595307827325 5.6460257797293073e-05 -0.0056904872620861247 0.0016481935986753648 0.003221468849472206
leaf_weight=49.346370801329613 80.452090874314308 52.492011357098818 793.70335860922933 198.76635034009814 979.22080101072788 62.696799270808697
leaf_count=130 261 165 2009 613 2419 189
internal_value=-0.000281019 -0.00350799 3.32759e-05 -0.00112492 0.00120818 0
internal_weight=2216.68 195.641 2021.04 992.47 1028.57 115.189
internal_count=5786 615 5171 2622 2549 354
is_linear=0
shrinkage=0.03


Tree=61
num_leaves=6
num_cat=0
split_feature=2 3 2 5 3
split_gain=5.20622 10.3605 2.81708 5.32931 3.88681
threshold=0.48069293797016149 -0.96784287691116322 -0.36373962461948389 1.0000000180025095e-35 -1.1768497228622434
decision_type=2 2 2 2 2
left_child=2 -2 4 -4 -1
right_child=1 -3 3 -5 -6
leaf_value=-0.0089472824927815647 0.003238211484103888 -0.012900571896178525 0.0012717231773097116 -0.0024457243583986977 -0.00013681854452845093
leaf_weight=52.181966569274664 43.603722847998142 62.073000021278858 1435.1979672275484 430.47814906388521 161.59949704632163
leaf_count=188 115 235 3591 1250 414
internal_value=-0.000378499 -0.00630846 0 0.000365314 -0.00312548
internal_weight=2185.13 105.677 2079.46 1865.68 213.781
internal_count=5793 350 5443 4841 602
is_linear=0
shrinkage=0.03


Tree=62
num_leaves=5
num_cat=0
split_feature=1 3 3 3
split_gain=4.59416 3.0433 3.80004 3.31667
threshold=0.61338609457016002 0.66255709528923046 1.0093404650688174 -1.5386641621589658
decision_type=2 2 2 2
left_child=1 3 -3 -1
right_child=-2 2 -4 -5
leaf_value=-0.001633385314427445 -0.0073956044409868704 -0.0076565761715062068 0.00010083398293457126 0.0013082289960344106
leaf_weight=407.03697597794235 52.340340731665492 73.123293567448854 107.69876018352807 1570.8442244119942
leaf_count=1167 190 238 330 3921
internal_value=1.27935e-05 0.000286199 -0.00318754 0.000662538
internal_weight=2211.04 2158.7 180.822 1977.88
internal_count=5846 5656 568 5088
is_linear=0
shrinkage=0.03


Tree=63
num_leaves=7
num_cat=0
split_feature=1 1 2 2 4 5
split_gain=3.96035 11.4482 8.65763 3.63222 3.26385 3.41913
threshold=-0.31479947268962855 -0.19070166349411008 -0.25027857720851893 -0.37160487473011011 1.0000000180025095e-35 1.0000000180025095e-35
decision_type=2 2 2 2 2 2
left_child=4 3 -3 -2 5 -1
right_child=1 2 -4 -5 -6 -7
leaf_value=-0.0072199968895771431 -0.0013915691890018312 0.006461480319125309 -0.0013875647860168111 0.0072517123826942257 0.0016248472151929952 0
leaf_weight=161.78815074265003 32.967438258230686 116.38528450578451 1510.2685476653278 221.41085239872336 63.260593265295029 73.599068351089954
leaf_count=430 96 299 4038 563 178 184
internal_value=-0.000294703 0.000197176 -0.000717878 0.00589308 -0.00339902 -0.00500564
internal_weight=2179.68 1881.03 1626.65 254.378 298.648 235.387
internal_count=5788 4996 4337 659 792 614
is_linear=0
shrinkage=0.03


Tree=64
num_leaves=6
num_cat=0
split_feature=0 0 3 3 2
split_gain=4.91229 6.16753 9.33063 6.14178 1.07214
threshold=-2.5652689933776851 -1.4686117768287656 -0.4810966402292251 -1.1363757252693174 0.0058212538715451964
decision_type=2 2 2 2 2
left_child=4 3 -3 -2 -1
right_child=1 2 -4 -5 -6
leaf_value=0.0084784472877709183 -0.0054643645000412057 0.0031084240127425967 -0.0026952880843337675 -0.0006348692369841834 0
leaf_weight=43.135030955076218 361.46491518989205 625.20959413796663 379.32481130585074 734.7136955074966 31.121407315135002
leaf_count=106 1110 1463 927 2092 92
internal_value=-0.000480168 -0.000798938 0.000848473 -0.00235053 0.0061573
internal_weight=2174.97 2100.71 1004.53 1096.18 74.2564
internal_count=5790 5592 2390 3202 198
is_linear=0
shrinkage=0.03


Tree=65
num_leaves=7
num_cat=0
split_feature=1 1 7 4 2 2
split_gain=4.13749 3.10065 2.53809 1.57024 2.10017 1.84045
threshold=0.24406128376722339 -0.6922299563884734 1.0000000180025095e-35 1.0000000180025095e-35 0.52683007717132579 0.26452039182186132
decision_type=2 2 2 2 2 2
left_child=1 -1 -3 4 -2 -5
right_child=3 2 -4 5 -6 -7
leaf_value=-0.0060590130938541209 -0.0053127428573242147 0.00038091457808547716 0.0029724183457492262 0.0041736951804704448 0.00050703951620911011 -0.0027023309357003104
leaf_weight=33.993867482990026 183.38576613739133 1346.3875484466553 474.6751524284482 43.209303475916386 47.992794651538134 56.043661907315254
leaf_count=92 609 3513 1135 109 183 169
internal_value=0.000306466 0.000887285 0.00111395 -0.00264591 -0.00392261 0
internal_weight=2185.69 1855.06 1821.06 330.632 231.379 99.253
internal_count=5810 4740 4648 1070 792 278
is_linear=0
shrinkage=0.03


Tree=66
num_leaves=7
num_cat=0
split_feature=3 1 3 2 1 2
split_gain=7.02548 6.30087 4.94784 4.91408 7.45159 1.72319
threshold=-1.5657510757446287 0.32127971947193151 -0.39083792269229883 0.3349426686763764 0.2932139933109284 0.2755600661039353
decision_type=2 2 2 2 2 2
left_child=3 2 -2 4 -1 -3
right_child=1 5 -4 -5 -6 -7
leaf_value=-0.0034946295665724478 0.0029061573671355727 -0.0077666646246821718 -0.00037646616806581446 -0.012013879838750026 0.0086944050143112142 -0.00095657391859128101
leaf_weight=318.32466082088649 928.11004642397165 59.855775259435177 673.92030359059572 36.270729940384626 30.706586018204689 112.30448345094919
leaf_count=964 2185 208 1827 98 70 429
internal_value=4.12306e-05 0.000873568 0.00150066 -0.00349736 -0.00184661 -0.00419843
internal_weight=2159.49 1774.19 1602.03 385.302 349.031 172.16
internal_count=5781 4649 4012 1132 1034 637
is_linear=0
shrinkage=0.03


Tree=67
num_leaves=7
num_cat=0
split_feature=0 3 4 3 6 0
split_gain=4.54037 9.68545 12.8519 4.72802 8.14522 5.01959
threshold=-1.4730488657951353 -1.1000226736068723 1.0000000180025095e-35 -1.1363757252693174 1.0000000180025095e-35 -2.3049703836441036
decision_type=2 2 2 2 2 2
left_child=3 2 -2 4 -1 -5
right_child=1 -3 -4 5 -6 -7
leaf_value=-0.0057241321801497136 0.0083160713026336642 -0.00064886304031002296 -0.0037701943080815916 0.0036655480301785517 0.0046601971063875277 -0.0013886934506638715
leaf_weight=328.78216720931232 283.06600461527705 626.94322396442294 86.184621781110764 236.42285004630685 62.044415786862373 542.37772993370891
leaf_count=1024 652 1524 234 653 180 1569
internal_value=5.72015e-05 0.00155502 0.00529217 -0.00117278 -0.00378294 0.000123886
internal_weight=2165.82 996.194 369.251 1169.63 390.827 778.801
internal_count=5836 2410 886 3426 1204 2222
is_linear=0
shrinkage=0.03


Tree=68
num_leaves=5
num_cat=0
split_feature=0 2 2 0
split_gain=4.51672 4.32845 6.16534 3.78305
threshold=1.0000000180025095e-35 0.023642514832317833 -0.37160487473011011 -2.448592901229858
decision_type=2 2 2 2
left_child=1 2 -1 -3
right_child=-2 3 -4 -5
leaf_value=-0.0037404378982417623 0.0068146927895747387 -0.0070537275445204774 0.0017539350746924934 -0.0010627414897453414
leaf_weight=199.0119458027184 62.452947810292244 99.21092233248055 1026.0243534035981 754.91301922872663
leaf_count=579 145 288 2532 2226
internal_value=-4.02773e-05 -0.000337733 0.000767414 -0.00197273
internal_weight=2141.61 2079.16 1225.04 854.124
internal_count=5770 5625 3111 2514
is_linear=0
shrinkage=0.03


Tree=69
num_leaves=7
num_cat=0
split_feature=0 3 3 3 0 2
split_gain=2.68818 7.38843 12.7067 6.28483 4.64729 2.91956
threshold=-0.48592744767665857 -1.508148670196533 -0.69253331422805775 0.66255709528923046 -1.9118556976318357 -0.25611630082130427
decision_type=2 2 2 2 2 2
left_child=3 -2 -3 4 -1 -5
right_child=1 2 -4 5 -6 -7
leaf_value=-0.0011738812436531967 -0.012508287192681031 0.0089741962639084648 -0.0067599572805596333 0.00081790610737832853 0.0019392374570691381 -0.0071184214502080035
leaf_weight=650.6673535220325 37.60737469792366 62.144437544047832 85.487355127930641 35.707910165190697 1126.8045559488237 123.5557665117085
leaf_count=1879 91 134 207 109 2892 430
internal_value=-0.000110255 -0.0033935 0 0.000204584 0.000765877 -0.00511161
internal_weight=2121.97 185.239 147.632 1936.74 1777.47 159.264
internal_count=5742 432 341 5310 4771 539
is_linear=0
shrinkage=0.03


Tree=70
num_leaves=7
num_cat=0
split_feature=1 0 0 0 1 0
split_gain=3.43457 3.67993 4.96167 2.95566 2.30331 2.04386
threshold=0.23489528894424441 -1.4686117768287656 -1.6259316205978391 -1.4060026407241819 -0.42767497897148127 -1.5289708971977232
decision_type=2 2 2 2 2 2
left_child=1 2 -1 5 -3 -2
right_child=3 4 -4 -5 -6 -7
leaf_value=-0.00019697958324468111 -0.0018363221859190016 -0.0033757291204749846 -0.0059593627062593168 -0.006138872916726058 0.0019766645541676167 0.0053490539576138739
leaf_weight=821.91909865289927 173.0615896563977 54.142762586474419 147.43357254378498 148.93504080176353 754.62528331577778 22.293191187083721
leaf_count=2342 626 144 400 422 1773 66
internal_value=-0.000545234 0 -0.00123681 -0.00319901 0.00147314 -0.000317127
internal_weight=2122.41 1778.12 969.353 344.29 808.768 195.355
internal_count=5773 4659 2742 1114 1917 692
is_linear=0
shrinkage=0.03


Tree=71
num_leaves=7
num_cat=0
split_feature=2 2 2 3 5 2
split_gain=3.70606 7.13106 6.37643 4.74077 2.91916 5.24408
threshold=0.023642514832317833 -0.16727377474308011 -0.25027857720851893 0.66255709528923046 1.0000000180025095e-35 0.25592552125453955
decision_type=2 2 2 2 2 2
left_child=1 2 -1 -3 -2 -6
right_child=4 3 -4 -5 5 -7
leaf_value=0.00033610355920980626 -0.00099841351816138757 0.003354538012140969 -0.0058186882749724396 -0.0047172112514512771 -0.0087959848835305263 0.00098667328700090804
leaf_weight=389.63625190779567 681.00190384872258 628.34294165670872 210.31644306890666 49.513341121375561 112.57106216996908 56.646124880760908
leaf_count=1064 1923 1511 531 139 393 251
internal_value=-0.000533436 0.000450392 -0.00184282 0.00256067 -0.00205736 -0.00544596
internal_weight=2128.03 1277.81 599.953 677.856 850.219 169.217
internal_count=5812 3245 1595 1650 2567 644
is_linear=0
shrinkage=0.03


Tree=72
num_leaves=7
num_cat=0
split_feature=1 3 0 0 0 0
split_gain=4.05282 5.25497 8.2755 7.35205 4.64445 8.70846
threshold=-0.14276074618101117 -1.1363757252693174 -0.81904667615890492 -1.0195924043655393 -0.94131574034690846 -1.0994862914085386
decision_type=2 2 2 2 2 2
left_child=1 2 -1 -3 5 -2
right_child=4 3 -4 -5 -6 -7
leaf_value=-0.0052696445139813804 -0.0013985573610191446 0.0048814140228999872 0.0079709027713869528 -0.0035535542033084261 -0.0046529947897407248 0.0073146272587224061
leaf_weight=176.33626724407077 1039.0574283264577 383.88450236991048 32.609935000538826 96.585501372814178 310.19211849197745 93.441994108259678
leaf_count=558 2999 984 81 216 764 229
internal_value=-0.000578869 0.00124322 -0.00242535 0.00299166 -0.0014957 -0.000513117
internal_weight=2132.11 689.416 208.946 480.47 1442.69 1132.5
internal_count=5831 1839 639 1200 3992 3228
is_linear=0
shrinkage=0.03


Tree=73
num_leaves=4
num_cat=0
split_feature=1 1 1
split_gain=3.30101 3.46942 4.42095
threshold=0.61338609457016002 -0.6922299563884734 -0.18442846089601514
decision_type=2 2 2
left_child=1 -1 -3
right_child=-2 2 -4
leaf_value=-0.0074693967869132322 -0.0066560485002329084 0.0026454377312180883 -0.0004995912381671265
leaf_weight=33.048525374382734 47.515320144593716 518.22312330082059 1519.2088564131409
leaf_count=91 182 1400 4107
internal_value=-0.00011729 6.63101e-05 0.000289128
internal_weight=2118 2070.48 2037.43
internal_count=5780 5598 5507
is_linear=0
shrinkage=0.03


Tree=74
num_leaves=7
num_cat=0
split_feature=1 0 1 2 3 2
split_gain=4.1756 6.69122 5.23181 3.53731 3.92539 3.76723
threshold=-0.044445220381021493 0.069658081978559508 0.038277447223663337 -0.37160487473011011 -1.1488497853279112 -0.28782370686531061
decision_type=2 2 2 2 2 2
left_child=3 2 -2 4 -1 -5
right_child=1 -3 -4 5 -6 -7
leaf_value=-0.0079922470397415478 -0.0051473067979050276 0.009226606470571783 -0.00039206444948472718 0.0070498311746505582 0.00049746758390689118 0.0012782242433178304
leaf_weight=47.770514734089375 277.15169702842832 31.595076262950897 821.4041244238615 114.16642475873232 130.68868281692266 694.17008306644857
leaf_count=171 714 74 2369 282 350 1809
internal_value=4.06003e-06 -0.00120277 -0.00171598 0.00144224 -0.00204917 0.00231635
internal_weight=2116.95 1130.15 1098.56 986.796 178.459 808.337
internal_count=5769 3157 3083 2612 521 2091
is_linear=0
shrinkage=0.03


Tree=75
num_leaves=7
num_cat=0
split_feature=0 3 3 2 2 0
split_gain=4.77358 6.28605 8.31421 4.38628 5.12574 4.2561
threshold=-0.94131574034690846 -1.6327527165412901 -0.65786802768707264 0.093115780502557768 -0.064663037657737718 -1.0729326009750364
decision_type=2 2 2 2 2 2
left_child=3 -2 -3 4 -1 -5
right_child=1 2 -4 5 -6 -7
leaf_value=0.00061707052277545438 -0.0091914984685183918 0.0040211800829956538 -0.0046607556011967364 -0.0020092388922993893 0.0048865359384889914 0.0062131232529194086
leaf_weight=760.61527121253312 74.684973701834679 173.47394358366728 181.73404237627983 476.96492866612971 398.16063730418682 41.978534713387489
leaf_count=2032 194 394 481 1532 1033 100
internal_value=0.000413174 -0.00229507 -0.000272488 0.00116133 0.002193 -0.0010269
internal_weight=2107.61 429.893 355.208 1677.72 1158.78 518.943
internal_count=5766 1069 875 4697 3065 1632
is_linear=0
shrinkage=0.03


Tree=76
num_leaves=7
num_cat=0
split_feature=1 2 3 3 3 3
split_gain=6.06225 3.27082 3.4981 3.25323 1.17381 1.01461
threshold=0.37307685613632208 -0.36373962461948389 -1.1768497228622434 0.22119855880737307 -0.89516085386276234 -1.3631484508514402
decision_type=2 2 2 2 2 2
left_child=1 2 -1 -3 5 -2
right_child=4 3 -4 -5 -6 -7
leaf_value=-0.0081352419730705127 -0.003644735920533727 0.0017086911167200959 0 -0.0016659622985266971 -0.0075168349337394825 0.0018028932136189603
leaf_weight=51.744846299290657 42.258676819503307 1456.0061003565788 157.54740833491087 277.24358525127172 79.773776162415743 28.228321002796292
leaf_count=195 127 3727 420 842 354 101
internal_value=0.000166228 0.000662996 -0.00264154 0.00112183 -0.00522698 -0.000883728
internal_weight=2092.8 1942.54 209.292 1733.25 150.261 70.487
internal_count=5766 5184 615 4569 582 228
is_linear=0
shrinkage=0.03


Tree=77
num_leaves=7
num_cat=0
split_feature=1 2 0 0 0 1
split_gain=6.77391 5.51545 5.70375 3.78914 4.15381 2.77628
threshold=0.19051335006952289 -0.15183274447917935 -2.2356095314025874 -0.93068662285804737 -2.2776118516921993 -0.27579768002033228
decision_type=2 2 2 2 2 2
left_child=1 5 -3 4 -2 -1
right_child=3 2 -4 -5 -6 -7
leaf_value=-0.0037607361232867642 -0.0067001533152595332 0.0063196419428780048 0.00073829566209870565 -0.0085629079904913086 0.000241714225807106 2.6028653650538595e-05
leaf_weight=263.54634813964367 83.337493617087603 198.61055262386799 844.55659502372146 90.280576653778553 248.20767788216472 372.77326061576605
leaf_count=707 277 542 2179 256 819 980
internal_value=-0.000230117 0.00060237 0.00195627 -0.00355767 -0.00161444 -0.00151774
internal_weight=2101.31 1679.49 1043.17 421.826 331.545 636.32
internal_count=5760 4408 2721 1352 1096 1687
is_linear=0
shrinkage=0.03


Tree=78
num_leaves=7
num_cat=0
split_feature=3 0 0 3 0 1
split_gain=7.29804 7.12543 6.98654 4.27866 3.7189 11.2708
threshold=-0.77094918489456166 -1.3224463462829588 -0.54275947809219349 -1.1693100333213804 -2.3049703836441036 0.10764565691351892
decision_type=2 2 2 2 2 2
left_child=1 3 -3 -1 5 -2
right_child=4 2 -4 -5 -6 -7
leaf_value=-0.0016982581386689819 0.0066347641104163467 0.0072730571730633929 -0.0010107267596873427 0.0032873356381250382 -0.0022297987157088596 -0.0076971560380939821
leaf_weight=412.8906095828861 137.56241372227669 307.92089799046516 104.46561137586832 220.80770468153059 870.98367146588862 50.221658296883106
leaf_count=1276 356 756 242 566 2436 168
internal_value=0.000335934 0.00211582 0.00508616 0 -0.00137363 0.00214108
internal_weight=2104.85 1046.08 412.387 633.698 1058.77 187.784
internal_count=5800 2840 998 1842 2960 524
is_linear=0
shrinkage=0.03


Tree=79
num_leaves=7
num_cat=0
split_feature=1 3 0 3 0 3
split_gain=5.14123 4.39397 7.05496 2.6139 2.43937 2.38065
threshold=0.23489528894424441 -1.554100453853607 1.0000000180025095e-35 -1.4851230382919309 -1.4686117768287656 -1.9983775019645689
decision_type=2 2 2 2 2 2
left_child=1 5 -3 4 -2 -1
right_child=3 2 -4 -5 -6 -7
leaf_value=0.00074490261574004714 -0.0028765076683955181 0.00062026593260802742 0.011038944636517622 -0.0048758255719238827 0.0057037001209871239 -0.0042959041056485877
leaf_weight=93.57636783272028 42.564590238034725 1394.2321844622493 42.567944027483463 267.18121820315719 32.773088112473488 222.20438771136105
leaf_count=263 132 3592 98 933 83 698
internal_value=-0.000258716 0.000379109 0.00111744 -0.00352867 0.000640191 -0.00266806
internal_weight=2095.1 1752.58 1436.8 342.519 75.3377 315.781
internal_count=5799 4651 3690 1148 215 961
is_linear=0
shrinkage=0.03


Tree=80
num_leaves=7
num_cat=0
split_feature=3 4 2 3 1 3
split_gain=3.35462 8.29684 5.58608 3.46754 8.86604 4.64845
threshold=-1.6140292882919309 1.0000000180025095e-35 -0.03248325735330581 -0.49355341494083399 -0.049259796738624566 -0.41429552435874933
decision_type=2 2 2 2 2 2
left_child=1 2 -1 4 -2 -5
right_child=3 -3 -4 5 -6 -7
leaf_value=-0.0038422325477920276 0.0048287517575030681 -0.008024093864956847 0.0051704932597015606 -0.0081687755791404019 -0.00080011108990911341 -0.0001090991899933115
leaf_weight=90.74209625646472 431.96133659034967 132.96380621939898 114.0865985751152 52.423016458749771 525.47922161966562 749.51750098541379
leaf_count=289 1055 454 290 136 1405 2202
internal_value=-4.34303e-06 -0.002682 0.000924246 0.000500401 0.00172488 -0.000894908
internal_weight=2097.17 337.793 204.829 1759.38 957.441 801.941
internal_count=5831 1033 579 4798 2460 2338
is_linear=0
shrinkage=0.03


Tree=81
num_leaves=7
num_cat=0
split_feature=1 0 0 0 0 1
split_gain=4.23245 3.33798 4.94665 2.59112 1.88314 0.117206
threshold=0.40520702302455908 -1.4730488657951353 -2.4198677539825435 -1.0195924043655393 -0.81904667615890492 0.47269022464752203
decision_type=2 2 2 2 2 2
left_child=1 2 -1 -3 5 -2
right_child=4 3 -4 -5 -6 -7
leaf_value=0.0024637095664686729 -0.010061425060251074 0.0028313509980576875 -0.0022751081109368214 -0.00021263537408361212 0.0004549081481407344 -0.0031275176372924877
leaf_weight=231.19140812009573 28.694316457957029 467.42000078037381 817.49361069127917 446.26396764069796 20.919199347496033 78.517169924452901
leaf_count=630 115 1137 2435 1103 76 306
internal_value=-0.000371972 0 -0.0011477 0.00130763 -0.0052618 -0.00674505
internal_weight=2090.5 1962.37 1048.69 913.684 128.131 107.211
internal_count=5802 5305 3065 2240 497 421
is_linear=0
shrinkage=0.03


Tree=82
num_leaves=5
num_cat=0
split_feature=2 3 3 2
split_gain=5.83717 3.97654 4.62477 1.85168
threshold=0.54005712270736705 -0.49355341494083399 -1.1363757252693174 -0.16186182200908658
decision_type=2 2 2 2
left_child=1 2 -1 -3
right_child=-2 3 -4 -5
leaf_value=-8.9858596016979361e-05 -0.0071959434584137711 -0.0031679295375766619 0.0034759659425848874 -9.4076009690102203e-07
leaf_weight=670.7117229886353 73.73289473541081 254.66340220719576 564.45859999582171 519.92227357067168
leaf_count=1954 272 693 1381 1524
internal_value=8.7651e-05 0.0004527 0.0015213 -0.0011712
internal_weight=2083.49 2009.76 1235.17 774.586
internal_count=5824 5552 3335 2217
is_linear=0
shrinkage=0.03


Tree=83
num_leaves=7
num_cat=0
split_feature=2 3 2 2 5 3
split_gain=6.11881 5.59421 3.87087 7.87962 3.72467 3.63574
threshold=0.19089509546756747 -1.3462581038475034 -0.37160487473011011 -0.25027857720851893 1.0000000180025095e-35 -0.30670848488807673
decision_type=2 2 2 2 2 2
left_child=2 -2 4 -4 -1 -3
right_child=1 5 3 -5 -6 -7
leaf_value=-0.0051732314917933659 0.0021220923601328774 -0.0077468445964089406 0.0068976917379577158 0.00058158354676343226 0.0028864531335687097 -0.00071520603922401458
leaf_weight=142.58628296852112 113.43591580539942 172.4418310970068 193.8326715901494 1270.988494316116 49.841681562364101 139.06318959221244
leaf_count=445 319 532 491 3379 141 524
internal_value=0.000125988 -0.00296987 0.000981528 0.00153942 -0.00272799 -0.00502128
internal_weight=2082.19 424.941 1657.25 1464.82 192.428 311.505
internal_count=5831 1375 4456 3870 586 1056
is_linear=0
shrinkage=0.03


Tree=84
num_leaves=7
num_cat=0
split_feature=0 3 0 7 3 3
split_gain=5.35774 5.07328 9.57086 4.63003 3.14084 4.48777
threshold=-1.4686117768287656 -0.77094918489456166 -1.0538724660873411 1.0000000180025095e-35 -2.0482063293457027 -1.1363757252693174
decision_type=2 2 2 2 2 2
left_child=4 3 -3 -2 -1 -6
right_child=1 2 -4 -5 5 -7
leaf_value=0.0047067317909176374 0.00028524137588634949 0.0033819971537874193 -0.004753152145298597 0.0063616141803150656 -0.004942611892667855 -0.00065311290821232638
leaf_weight=42.148495275527239 247.05839682370424 229.72098669037223 246.55689917504787 233.04041491448879 320.18100959062576 760.35760004259646
leaf_count=126 632 575 649 557 1049 2234
internal_value=-0.000245365 0.00135551 -0.000730296 0.00349115 -0.00166146 -0.0020454
internal_weight=2079.06 956.377 476.278 480.099 1122.69 1080.54
internal_count=5822 2413 1224 1189 3409 3283
is_linear=0
shrinkage=0.03


Tree=85
num_leaves=7
num_cat=0
split_feature=1 2 3 2 2 2
split_gain=5.3555 5.61936 4.75926 4.50844 3.87241 8.85964
threshold=-0.18442846089601514 -0.25027857720851893 0.54996788501739513 -0.33400815725326533 -0.25027857720851893 -0.16186182200908658
decision_type=2 2 2 2 2 2
left_child=1 3 -3 -1 -2 -6
right_child=4 2 -4 -5 5 -7
leaf_value=0.001921238237208484 0.0039944968042580891 0.007013314499097003 -0.0030178098855916605 -0.0055655263827689349 -0.008477878960108598 -0.00062119096018875509
leaf_weight=201.93551406264305 102.06455313414335 225.24280337058008 30.542553529143333 85.629845030605793 127.89341041445732 1271.9145924113691
leaf_count=591 282 587 94 216 343 3666
internal_value=-7.88386e-05 0.00238917 0.00546598 -0.000329994 -0.00103081 -0.00149059
internal_weight=2045.22 543.351 255.785 287.565 1501.87 1399.81
internal_count=5779 1488 681 807 4291 4009
is_linear=0
shrinkage=0.03


Tree=86
num_leaves=7
num_cat=0
split_feature=1 3 3 3 2 3
split_gain=4.52867 2.06081 3.9466 3.50968 0.196141 0.176854
threshold=0.40520702302455908 0.22119855880737307 1.0093404650688174 -1.0641549229621885 0.6416088640689851 0.10632082447409631
decision_type=2 2 2 2 2 2
left_child=1 3 -3 -1 5 -2
right_child=4 2 -4 -5 -6 -7
leaf_value=-0.00037555581535125479 -0.0065524901232014284 -0.0035456285478462006 0.0029907855525922468 0.0023694027531646401 -0.00020312845210615604 -2.5304532698873741e-05
leaf_weight=706.75967914611101 65.944414898753166 230.31465651467443 97.806389229372144 892.23731005191803 33.596950694918633 24.429410416632891
leaf_count=2039 256 723 314 2255 125 113
internal_value=0.000259848 0.000664228 -0.00136501 0.00112941 -0.00482849 -0.005656
internal_weight=2051.09 1927.12 328.121 1599 123.971 90.3738
internal_count=5825 5331 1037 4294 494 369
is_linear=0
shrinkage=0.03


Tree=87
num_leaves=7
num_cat=0
split_feature=2 2 2 0 0 0
split_gain=2.75422 3.60491 7.9502 4.39072 1.9002 3.70097
threshold=0.28563940525054937 -0.16460460424423215 -0.1196412183344364 -0.88333407044410694 -1.3895760774612425 -1.5993707180023191
decision_type=2 2 2 2 2 2
left_child=1 3 -3 -1 5 -2
right_child=4 2 -4 -5 -6 -7
leaf_value=-0.003210030144721611 -0.002932800050261101 0.0073152052820721278 0 0.0030797759712463072 -0.0059430478187867276 0.0071843239398439503
leaf_weight=483.85401736944914 123.08274802193046 130.2709013260901 1074.8400168549269 98.358606316149235 113.39503377303481 21.170470111072063
leaf_count=1382 475 332 2935 242 340 70
internal_value=-0.000516983 -5.03124e-05 0.000850484 -0.00198081 -0.00330139 -0.000388736
internal_weight=2044.97 1787.32 1205.11 582.213 257.648 144.253
internal_count=5776 4891 3267 1624 885 545
is_linear=0
shrinkage=0.03


Tree=88
num_leaves=7
num_cat=0
split_feature=3 3 0 3 3 0
split_gain=3.91841 8.77205 5.20497 4.89731 4.48289 4.38616
threshold=-0.77094918489456166 -1.2713732123374937 -1.4730488657951353 -0.66971156001090992 -0.6405804157257079 -1.9727181792259214
decision_type=2 2 2 2 2 2
left_child=1 2 -1 -2 -5 -3
right_child=3 5 -4 4 -6 -7
leaf_value=-0.0044759706683656312 -0.0080099389959475079 -0.00056031804946084446 0.00095338481710351879 0.0074840997047973586 -0.0016701770311009533 0.0055292569741103121
leaf_weight=292.87132956646383 92.715317368507385 126.04769697785378 282.52864361181855 29.249229788780212 911.93846393935382 316.6997183188796
leaf_count=993 231 355 720 69 2656 795
internal_value=-0.000686696 0.000585552 -0.00176684 -0.00198382 -0.00117346 0.00371664
internal_weight=2052.05 1018.15 575.4 1033.9 941.188 442.747
internal_count=5819 2863 1713 2956 2725 1150
is_linear=0
shrinkage=0.03


Tree=89
num_leaves=7
num_cat=0
split_feature=3 3 2 2 3 0
split_gain=5.31665 4.49996 9.89017 6.24637 2.47821 1.95675
threshold=-0.17118373513221738 -1.5386641621589658 -0.072490490972995744 0.023642514832317833 1.0510383844375613 -2.3127735853195186
decision_type=2 2 2 2 2 2
left_child=1 2 -1 -3 5 -2
right_child=4 3 -4 -5 -6 -7
leaf_value=-0.0076324010288442296 0.00016757146885378824 0.0037506693893076676 0.001818129310435895 -0.00075755177282056663 0.001302400218309729 -0.0041774713122398055
leaf_weight=138.77378053963184 85.093008004128933 659.27730195969343 235.93525275960565 424.87258852086961 99.850346580147743 394.68828928656876
leaf_count=498 259 1578 678 1241 327 1218
internal_value=0 0.000949535 -0.00173926 0.00194786 -0.00239921 -0.00331092
internal_weight=2038.49 1458.86 374.709 1084.15 579.632 479.781
internal_count=5799 3995 1176 2819 1804 1477
is_linear=0
shrinkage=0.03


Tree=90
num_leaves=7
num_cat=0
split_feature=2 2 0 2 0 0
split_gain=3.07933 6.50111 6.78072 4.52126 6.29756 5.78899
threshold=0.020333990454673771 0.073919218033552184 -1.0729326009750364 -0.10164590179920195 -1.1201680302619932 -0.88333407044410694
decision_type=2 2 2 2 2 2
left_child=3 -2 -3 5 -5 -1
right_child=1 2 -4 4 -6 -7
leaf_value=-0.0019265440891884831 -0.0071802472971710368 -0.0022760222072917818 0.0040510365700043684 0.0053826655997319941 -0.0021498409677283615 0.0045236498281736705
leaf_weight=639.19139222800732 139.49413300678134 492.19409017078578 194.94551178812981 299.26516608521342 118.76455673575401 131.92160096764565
leaf_count=1806 406 1629 539 776 281 328
internal_value=-0.000296086 -0.00170111 -0.000332343 0.00064298 0.00310521 -0.000660741
internal_weight=2015.78 826.634 687.14 1189.14 418.03 771.113
internal_count=5765 2574 2168 3191 1057 2134
is_linear=0
shrinkage=0.03


Tree=91
num_leaves=7
num_cat=0
split_feature=2 3 3 3 7 3
split_gain=3.78454 3.42291 3.52499 2.99498 0.612678 0.0515048
threshold=0.54005712270736705 -1.6140292882919309 -1.3462581038475034 -1.8215504288673399 1.0000000180025095e-35 -0.39900584518909449
decision_type=2 2 2 2 2 2
left_child=1 3 -3 -1 5 -2
right_child=4 2 -4 -5 -6 -7
leaf_value=0 -0.0091108750447577054 0.0047394415807603179 0.0004464168445192675 -0.0059232197434390902 0 -0.0010457828793711669
leaf_weight=208.10967940464616 23.475528065115213 184.40949328616261 1463.024062808603 106.56450718268752 23.224134497344494 27.224109373986721
leaf_count=622 87 515 4051 381 65 115
internal_value=0.000131465 0.00043723 0.00101403 -0.00228341 -0.00571037 -0.00714977
internal_weight=2036.03 1962.11 1647.43 314.674 73.9238 50.6996
internal_count=5836 5569 4566 1003 267 202
is_linear=0
shrinkage=0.03


Tree=92
num_leaves=6
num_cat=0
split_feature=1 0 0 1 0
split_gain=4.85554 2.52881 4.76231 4.39857 2.40472
threshold=0.37307685613632208 -1.4730488657951353 -0.48592744767665857 0.1252752020955086 -0.85064029693603505
decision_type=2 2 2 2 2
left_child=1 3 -3 -1 -2
right_child=4 2 -4 -5 -6
leaf_value=-0.0013717220002721615 -0.0063503770385751604 0.0029006662673162938 -0.0023933349666948401 0.0033089695947168727 0.0012031824002479261
leaf_weight=815.0008117929101 122.20584584772587 717.94075425714254 164.32288072258234 207.7058642860502 27.50763526186347
leaf_count=2383 503 1799 407 667 100
internal_value=0.00019355 0.000648039 0.00181696 -0.000318323 -0.00463075
internal_weight=2054.68 1904.97 882.264 1022.71 149.713
internal_count=5859 5256 2206 3050 603
is_linear=0
shrinkage=0.03


Tree=93
num_leaves=7
num_cat=0
split_feature=0 3 1 1 0 5
split_gain=4.77325 7.96592 14.4098 6.36791 3.68799 7.09964
threshold=-2.3850942850112911 -1.1363757252693174 0.10174590349197389 0.085939686745405211 -1.5695746541023252 1.0000000180025095e-35
decision_type=2 2 2 2 2 2
left_child=1 3 -3 -1 5 -2
right_child=4 2 -4 -5 -6 -7
leaf_value=-0.0080988114230981685 0 0.012768121064361791 -0.0040920964558613495 0.0047608631408495704 0.0010032457156911663 -0.0064441338073795724
leaf_weight=54.447584133595228 526.9101205393672 121.7934994250536 48.955588214099407 41.369605023413897 1019.7474445812404 189.12604192271829
leaf_count=179 1640 319 170 114 2684 689
internal_value=0.000445532 0.0040392 0.00769736 -0.00216518 -0.000111903 -0.00176567
internal_weight=2002.35 266.566 170.749 95.8172 1735.78 716.036
internal_count=5795 782 489 293 5013 2329
is_linear=0
shrinkage=0.03


Tree=94
num_leaves=7
num_cat=0
split_feature=1 1 0 1 4 0
split_gain=5.29479 3.08334 8.72981 4.46166 2.2309 0.672632
threshold=0.23489528894424441 0.10764565691351892 -0.94978725910186756 -0.12241487205028533 1.0000000180025095e-35 -1.8068384528160093
decision_type=2 2 2 2 2 2
left_child=1 3 -3 -1 -2 -6
right_child=4 2 -4 -5 5 -7
leaf_value=0.0018015106815635665 -0.0048826333661445443 0.0061592330580753371 -0.0052467228882319061 -0.001525577235787235 -0.0013974630741314953 0.0028241004416172497
leaf_weight=699.7430932559073 226.0625139772892 227.6315715238452 57.524194955825806 706.61842482537031 54.075369194149971 37.764942083507776
leaf_count=1948 812 633 141 1952 180 117
internal_value=2.20597e-05 0.000728351 0.00346863 8.98176e-05 -0.00337913 0
internal_weight=2009.42 1691.52 285.156 1406.36 317.903 91.8403
internal_count=5783 4674 774 3900 1109 297
is_linear=0
shrinkage=0.03


Tree=95
num_leaves=5
num_cat=0
split_feature=0 0 1 3
split_gain=4.0452 3.0796 4.70333 2.02157
threshold=1.0000000180025095e-35 -0.50784891843795765 0.50452229380607616 -0.043596835806965821
decision_type=2 2 2 2
left_child=1 2 -1 -3
right_child=-2 3 -4 -5
leaf_value=0.00062366239970126859 0.0067181838722938812 -0.0065598570495856053 -0.0064894852789130347 0.00053567516898688947
leaf_weight=1751.1087449323386 62.788757514208555 83.493390757590532 67.122711321339011 29.113213203847408
leaf_count=5008 154 212 279 84
internal_value=0.000219896 -2.73732e-05 0.000260681 -0.00446881
internal_weight=1993.63 1930.84 1818.23 112.607
internal_count=5737 5583 5287 296
is_linear=0
shrinkage=0.03


Tree=96
num_leaves=7
num_cat=0
split_feature=0 0 1 2 1 1
split_gain=4.0045 3.43673 2.36685 2.20158 5.0953 2.51203
threshold=-1.4730488657951353 -1.4494397044181822 -0.14520850032567975 -0.015482773073017595 -0.13692613691091535 -0.13493551313877103
decision_type=2 2 2 2 2 2
left_child=3 -2 -3 4 -1 -5
right_child=1 2 -4 5 -6 -7
leaf_value=-0.0031720572691102023 0.0079332795467109973 0.0024653185344699329 -0.00083424336958442147 0.0012720936571958212 0.0021073305783574502 -0.0043577807237485345
leaf_weight=330.58733903616667 34.641102373600006 257.48759830743074 628.43031490966678 57.411361001431942 280.71723319590092 419.7775960303843
leaf_count=960 90 670 1633 176 767 1477
internal_value=-0.000788409 0.000613071 9.17816e-05 -0.00201747 -0.000662711 -0.00353584
internal_weight=2009.05 920.559 885.918 1088.49 611.305 477.189
internal_count=5773 2393 2303 3380 1727 1653
is_linear=0
shrinkage=0.03


Tree=97
num_leaves=5
num_cat=0
split_feature=1 0 0 1
split_gain=2.45047 1.94098 6.26245 4.70068
threshold=0.61338609457016002 -0.94131574034690846 -1.2014395594596861 -0.30121591687202448
decision_type=2 2 2 2
left_child=1 2 -1 -3
right_child=-2 3 -4 -5
leaf_value=-0.0002149909344481331 -0.005792678003013532 0.0049123878598159969 0.0049822149809797909 -0.0032277637056323362
leaf_weight=1340.7382123749703 46.582778664305806 54.404708385467529 223.32551342248917 336.87473015114665
leaf_count=3998 188 145 580 883
internal_value=-0.000124803 3.71334e-05 0.000542752 -0.0017662
internal_weight=2001.93 1955.34 1564.06 391.279
internal_count=5794 5606 4578 1028
is_linear=0
shrinkage=0.03


Tree=98
num_leaves=7
num_cat=0
split_feature=2 2 0 0 3 3
split_gain=2.83118 5.02185 5.37931 4.22146 2.44555 0.567607
threshold=0.023642514832317833 0.0058212538715451964 -2.4335521459579463 -2.5130456686019893 -1.875918388366699 -0.87043139338493336
decision_type=2 2 2 2 2 2
left_child=1 2 -1 5 -5 -2
right_child=3 -3 -4 4 -6 -7
leaf_value=0.0059265399038534745 -0.00081774675452021752 0.0086294304951837885 -0.00033222790631272142 0.0037522913334193803 -0.001252707422621779 -0.010926061470676001
leaf_weight=118.98532440140843 25.827263467013836 52.247520700097084 1011.2773106675595 76.651317622512579 696.81640171632171 26.309085767716169
leaf_count=311 77 134 2763 220 2203 96
internal_value=0 0.000918527 0.000366076 -0.00134667 -0.000599013 -0.00836542
internal_weight=2008.11 1182.51 1130.26 825.604 773.468 52.1363
internal_count=5804 3208 3074 2596 2423 173
is_linear=0
shrinkage=0.03


Tree=99
num_leaves=7
num_cat=0
split_feature=1 3 3 0 0 3
split_gain=3.52887 3.31524 5.03601 3.39471 1.28765 1.82061
threshold=0.19051335006952289 -0.5023394227027892 -1.5386641621589658 -2.0443615913391109 -0.37934657931327814 -0.036369288340210908
decision_type=2 2 2 2 2 2
left_child=1 2 -1 -3 5 -2
right_child=4 3 -4 -5 -6 -7
leaf_value=-0.0014706298376589936 -0.0041489259950675678 0.0020831740425086816 0.003107905451078175 -0.0024707048822009679 0.0018797838020172884 1.5124279824450865e-05
leaf_weight=276.60746195726097 281.38685014843941 186.23396072536707 689.04736109450459 439.91713909432292 26.436806812882423 96.685985948890448
leaf_count=909 922 526 1740 1242 75 382
internal_value=0 0.00062089 0.0017323 -0.00100085 -0.00245313 -0.00298605
internal_weight=1996.32 1591.81 965.655 626.151 404.51 378.073
internal_count=5796 4417 2649 1768 1379 1304
is_linear=0
shrinkage=0.03


Tree=100
num_leaves=7
num_cat=0
split_feature=0 3 2 3 0 3
split_gain=4.30436 5.8465 7.49745 6.08121 3.86951 8.47365
threshold=-1.554948568344116 0.25291956961154943 -0.25027857720851893 -1.089898884296417 -1.2759666442871092 -0.89516085386276234
decision_type=2 2 2 2 2 2
left_child=1 3 -3 -1 -2 -6
right_child=4 2 -4 -5 5 -7
leaf_value=-0.0026389977793694953 0.0048383637563689458 0.0027125486541903876 -0.0094223026734454544 0.0023820524383059614 0.0041666022459119828 -0.0022430906705080862
leaf_weight=350.8030213508755 284.59854581579566 48.294617883861065 115.79159831255674 497.01338527724147 319.61605532094836 381.09009195491672
leaf_count=1181 773 153 469 1387 823 1021
internal_value=0.000569059 -0.00075706 -0.00561811 0.000222403 0.00197863 0.00063183
internal_weight=1997.21 1011.9 164.086 847.816 985.305 700.706
internal_count=5807 3190 622 2568 2617 1844
is_linear=0
shrinkage=0.03


Tree=101
num_leaves=7
num_cat=0
split_feature=0 3 3 3 3 3
split_gain=4.44501 5.70348 5.10641 5.44367 4.76602 4.63441
threshold=-1.4686117768287656 -1.1363757252693174 -0.4810966402292251 -0.27497714757919306 -2.0482063293457027 0.31778118014335638
decision_type=2 2 2 2 2 2
left_child=1 4 -2 -4 -1 -3
right_child=2 5 3 -5 -6 -7
leaf_value=0.0029707894519810469 0.0027421418316368449 0.00098443286403071908 -0.0092400383808301113 0 -0.0061820927400195892 -0.0045245790762633254
leaf_weight=38.789033681154251 559.59545651450753 575.22093978710473 50.459837801754475 286.89711132645607 308.34050259739161 157.13491337187588
leaf_count=124 1461 1614 136 799 1061 605
internal_value=-0.000527435 -0.00182875 0.000978999 -0.00176753 -0.00488978 -0.000206692
internal_weight=1976.44 1079.49 896.952 337.357 347.13 732.356
internal_count=5800 3404 2396 935 1185 2219
is_linear=0
shrinkage=0.03


Tree=102
num_leaves=7
num_cat=0
split_feature=2 0 1 0 4 2
split_gain=3.20818 4.63457 4.45574 4.2533 3.48484 3.18889
threshold=-0.37160487473011011 -2.2852873802185054 0.19051335006952289 -0.91050699353218068 1.0000000180025095e-35 -0.1936586648225784
decision_type=2 2 2 2 2 2
left_child=1 -1 5 -3 -4 -2
right_child=2 3 4 -5 -6 -7
leaf_value=0.0034151182121622149 0.004106386040111658 -0.008551875293098192 -0.0036405406534459153 0.0015339698280666789 0.0021342071531927002 0.00063681278752590652
leaf_weight=44.34721040725708 314.39484453760087 107.10207878425717 297.97025811113417 32.880040496587753 104.08861241862178 1085.1193556003273
leaf_count=128 862 357 1027 90 339 3027
internal_value=0.00025827 -0.00325989 0.000683012 -0.00591219 -0.00197307 0.00150538
internal_weight=1985.9 184.329 1801.57 139.982 402.059 1399.51
internal_count=5830 575 5255 447 1366 3889
is_linear=0
shrinkage=0.03


Tree=103
num_leaves=5
num_cat=0
split_feature=0 2 2 0
split_gain=4.68774 4.95055 4.69267 2.94868
threshold=0.12622033804655078 -0.025142045691609379 -0.45291896164417261 -0.48592744767665857
decision_type=2 2 2 2
left_child=1 2 -1 -3
right_child=-2 3 -4 -5
leaf_value=-0.0042276394003185327 0.007780814424563496 -0.0013599579020432794 0.0018105274630034749 -0.0076426245493487165
leaf_weight=109.36344563215971 44.400141008198261 879.17457611486316 875.36732252128422 61.83807510137558
leaf_count=360 109 2761 2408 179
internal_value=-0.000137189 -0.000428686 0.00100941 -0.00198572
internal_weight=1970.14 1925.74 984.731 941.013
internal_count=5817 5708 2768 2940
is_linear=0
shrinkage=0.03


Tree=104
num_leaves=5
num_cat=0
split_feature=2 2 1 1
split_gain=3.49018 5.22862 2.51564 0.341147
threshold=0.48069293797016149 0.37236844003200537 -0.12241487205028533 0.64045083522796642
decision_type=2 2 2 2
left_child=1 2 -1 -2
right_child=3 -3 -4 -5
leaf_value=0.001106235001971187 -0.0065714151604317171 0.0075481190203861544 -0.0011526940376161362 -0.00013375070122509229
leaf_weight=683.87299278564751 62.660493766888976 60.302861254662275 1135.0904415175319 31.385644074529409
leaf_count=1976 225 220 3291 124
internal_value=-0.000249209 2.80733e-05 -0.000267986 -0.00534932
internal_weight=1973.31 1879.27 1818.96 94.0461
internal_count=5836 5487 5267 349
is_linear=0
shrinkage=0.03


Tree=105
num_leaves=7
num_cat=0
split_feature=2 3 3 3 3 0
split_gain=3.26609 6.44054 5.73222 3.63655 7.0618 5.46657
threshold=0.19880933314561847 -0.89516085386276234 0.026481049135327343 -1.3039630651473997 -0.17118373513221738 -2.3636896610260005
decision_type=2 2 2 2 2 2
left_child=3 -2 -3 5 -5 -1
right_child=1 2 -4 4 -6 -7
leaf_value=-0.0087239703772030597 0.0015944665286772915 -0.009779343423095728 0 0.0033891634515879052 -0.0012758914520414307 0
leaf_weight=59.495525687932968 176.57331051304936 112.09213437885046 99.766648000106215 720.80678091570735 444.85877621360123 344.99398145824671
leaf_count=197 525 394 388 1831 1346 1090
internal_value=5.15421e-05 -0.0023087 -0.00567749 0.000694855 0.00156672 -0.00163179
internal_weight=1958.59 388.432 211.859 1570.16 1165.67 404.49
internal_count=5771 1307 782 4464 3177 1287
is_linear=0
shrinkage=0.03


Tree=106
num_leaves=7
num_cat=0
split_feature=3 3 0 3 0 3
split_gain=4.76331 5.57612 2.88058 4.74246 3.61745 2.09846
threshold=0.29549646377563482 1.0093404650688174 -0.50784891843795765 -1.518774628639221 -1.4730488657951353 0.66255709528923046
decision_type=2 2 2 2 2 2
left_child=2 5 4 -4 -1 -2
right_child=1 -3 3 -5 -6 -7
leaf_value=-0.00018034915688183636 -0.0026153802849072849 0.001453911487355691 -0.010476022688568544 0 0.0027170477731180902 -0.010482435584302903
leaf_weight=898.20060062780976 122.57567551359534 105.98865749500692 33.694339916110039 113.62549479678273 616.66777577996254 66.021485086530447
leaf_count=2772 416 355 94 294 1634 253
internal_value=-5.49059e-05 -0.00346941 0.000548626 -0.003116 0.000980058 -0.006398
internal_weight=1956.77 294.586 1662.19 147.32 1514.87 188.597
internal_count=5818 1024 4794 388 4406 669
is_linear=0
shrinkage=0.03


Tree=107
num_leaves=7
num_cat=0
split_feature=1 3 0 0 0 2
split_gain=4.14572 2.46384 5.64159 3.08804 2.09562 2.94809
threshold=0.40520702302455908 -1.5386641621589658 -0.96377757191658009 1.0000000180025095e-35 -2.2852873802185054 0.3349426686763764
decision_type=2 2 2 2 2 2
left_child=1 2 -1 -3 -2 -6
right_child=4 3 -4 -5 5 -7
leaf_value=0.00044547750598473729 -0.010470206365594507 0.00075684285045000738 -0.0077500409980390738 0.0077972434877533296 -0.0071987366789761156 0.0018804956853574236
leaf_weight=260.09788089990616 25.198984140530229 1450.1075435522944 79.544114522635937 41.587551657110453 28.49940899014473 63.554983485490084
leaf_count=889 105 4079 231 101 123 257
internal_value=0.000142695 0.000543477 -0.00163133 0.00109338 -0.00484689 -0.00117809
internal_weight=1948.59 1831.34 339.642 1491.7 117.253 92.0544
internal_count=5785 5300 1120 4180 485 380
is_linear=0
shrinkage=0.03


Tree=108
num_leaves=7
num_cat=0
split_feature=0 3 4 3 4 3
split_gain=1.86431 11.2155 15.7258 3.20305 4.25054 3.25934
threshold=-1.0994862914085386 -0.59484159946441639 1.0000000180025095e-35 -1.1693100333213804 1.0000000180025095e-35 -1.8215504288673399
decision_type=2 2 2 2 2 2
left_child=3 2 -2 5 -5 -1
right_child=1 -3 -4 4 -6 -7
leaf_value=0.00093575800879589063 0.008899020371801623 -0.0030673187272523476 -0.0064955268689956885 -0.00045239466044283357 0.0040048218869025458 -0.0040917943385566733
leaf_weight=144.55161911062896 237.15920202434063 219.11692805215716 57.329738091677427 737.18956913612783 232.07497385516763 304.8803727440536
leaf_count=461 583 629 184 2265 641 999
internal_value=0.000217345 0.00174796 0.0054888 -0.000311668 0.000613554 -0.00237598
internal_weight=1932.3 513.606 294.489 1418.7 969.265 449.432
internal_count=5762 1396 767 4366 2906 1460
is_linear=0
shrinkage=0.03


Tree=109
num_leaves=6
num_cat=0
split_feature=2 3 0 0 0
split_gain=3.64993 6.89707 1.94607 9.36629 5.0028
threshold=0.48069293797016149 -1.1000226736068723 -1.9118556976318357 -2.0698548555374141 -1.789893567562103
decision_type=2 2 2 2 2
left_child=2 -2 3 -1 -4
right_child=1 -3 4 -5 -6
leaf_value=0.00098732963085367605 0.00356198852918736 -0.010258190590321936 0.0071128350677028282 -0.0077006336779845124 0.00052468279160601192
leaf_weight=497.0313069447875 33.226371007040143 59.772201174870133 98.462413903325796 120.5913867354393 1150.273397423327
leaf_count=1551 104 250 319 415 3194
internal_value=0.000159515 -0.00503304 0.000500681 -0.000803237 0.00119538
internal_weight=1959.36 92.9986 1866.36 617.623 1248.74
internal_count=5833 354 5479 1966 3513
is_linear=0
shrinkage=0.03


Tree=110
num_leaves=7
num_cat=0
split_feature=2 3 0 3 0 2
split_gain=6.16686 6.23533 7.18454 4.88733 2.61884 1.4511
threshold=0.17262800782918933 -1.5386641621589658 -0.97186598181724537 -0.17118373513221738 -0.37934657931327814 0.6416088640689851
decision_type=2 2 2 2 2 2
left_child=1 2 -1 -3 5 -2
right_child=4 3 -4 -5 -6 -7
leaf_value=0 -0.0044529311112363841 0.0031627234284659798 -0.010579235069110581 -0.00065407918501384236 0.0031301358136688619 0.00025489214779093682
leaf_weight=212.92882690764964 362.47972366027534 808.65224146842957 61.599167484790087 429.74290621653199 29.842596635222435 39.431533545255661
leaf_count=744 1244 2103 187 1300 88 152
internal_value=-1.60682e-05 0.000861377 -0.0030089 0.00180121 -0.00312558 -0.00385865
internal_weight=1944.68 1512.92 274.528 1238.4 431.754 401.911
internal_count=5818 4334 931 3403 1484 1396
is_linear=0
shrinkage=0.03


Tree=111
num_leaves=5
num_cat=0
split_feature=1 1 3 7
split_gain=2.6802 4.50286 2.80223 2.49496
threshold=-0.6922299563884734 -0.19070166349411008 -1.5386641621589658 1.0000000180025095e-35
decision_type=2 2 2 2
left_child=-1 2 -2 -3
right_child=1 3 -4 -5
leaf_value=-0.0071233748257118921 -0.0020579875020611724 -0.0016609663709869665 0.0034861966210026378 0.0010002306011165289
leaf_weight=29.668748773634434 73.665261520072818 1055.6356958579272 394.1119105219841 404.10228933766484
leaf_count=93 278 3307 1079 1089
internal_value=-0.00023533 -2.64342e-05 0.00244151 -0.000880152
internal_weight=1957.18 1927.52 467.777 1459.74
internal_count=5846 5753 1357 4396
is_linear=0
shrinkage=0.03


Tree=112
num_leaves=7
num_cat=0
split_feature=2 2 7 2 7 3
split_gain=3.23386 2.98973 2.83714 2.40555 1.94516 0.214583
threshold=0.54005712270736705 0.37236844003200537 1.0000000180025095e-35 0.023642514832317833 1.0000000180025095e-35 -0.44145695865154261
decision_type=2 2 2 2 2 2
left_child=1 3 -3 -1 5 -2
right_child=4 2 -4 -5 -6 -7
leaf_value=0.00060822818543294389 -0.010995729126607859 0.0077410586853714491 -0.0014653884977716388 -0.0016591779195885327 0 -0.0013460188328011124
leaf_weight=1156.1959169898182 19.615575574338436 65.435730937868357 23.344384249299765 626.12466928549111 23.816132664680481 27.136418897658587
leaf_count=3258 76 242 75 1996 69 121
internal_value=-0.000139703 9.58206e-05 0.00494435 -0.000164588 -0.00568918 -0.00837501
internal_weight=1941.67 1871.1 88.7801 1782.32 70.5681 46.752
internal_count=5837 5571 317 5254 266 197
is_linear=0
shrinkage=0.03


Tree=113
num_leaves=7
num_cat=0
split_feature=0 0 0 2 2 2
split_gain=2.60533 5.68555 5.18583 3.09608 2.33528 1.60282
threshold=-1.4730488657951353 -1.429573595523834 -1.6323937773704527 0.10449715703725816 0.11023380234837533 -0.22710212320089337
decision_type=2 2 2 2 2 2
left_child=2 -2 3 -1 -3 -4
right_child=1 4 5 -5 -6 -7
leaf_value=0.00041602571060856959 0.0082808306489803116 -0.0013049511502788288 0 -0.0033604859366967344 0.0019863547459603465 -0.0077319220583659254
leaf_weight=638.81988753005862 57.75742843747139 558.9808132275939 31.808527087792754 247.98528962023556 267.4438940603286 124.70268332213163
leaf_count=1933 157 1504 108 962 769 376
internal_value=-0.000634212 0.000507995 -0.00164998 -0.000624693 -0.000147179 -0.00639037
internal_weight=1927.5 884.182 1043.32 886.805 826.425 156.511
internal_count=5809 2430 3379 2895 2273 484
is_linear=0
shrinkage=0.03


Tree=114
num_leaves=7
num_cat=0
split_feature=3 2 2 2 2 2
split_gain=4.57173 5.63368 2.74815 2.59967 2.29906 2.07706
threshold=0.31778118014335638 -0.25027857720851893 -0.37160487473011011 -0.45291896164417261 -0.56700333952903736 0.25592552125453955
decision_type=2 2 2 2 2 2
left_child=3 2 -2 4 -1 -5
right_child=1 -3 -4 5 -6 -7
leaf_value=0.00046897605654133413 -0.0016452167665765743 -0.0056388258389721687 0.0077051135592196779 0.0016338011846732925 -0.0072523586303642361 -0.0012179215983231769
leaf_weight=41.930911883711815 30.62406100332737 207.21053840592504 34.487543679773808 1321.2740982212126 45.294857166707516 237.50820145942271
leaf_count=131 109 779 97 3705 149 795
internal_value=0.000190162 -0.00323156 0.00324921 0.000824277 -0.00358587 0.00115136
internal_weight=1918.33 272.322 65.1116 1646.01 87.2258 1558.78
internal_count=5765 985 206 4780 280 4500
is_linear=0
shrinkage=0.03


Tree=115
num_leaves=7
num_cat=0
split_feature=2 1 3 3 3 2
split_gain=3.10074 3.97743 3.12661 2.59668 1.99354 1.57729
threshold=-0.37160487473011011 0.19051335006952289 -0.5023394227027892 -1.1363757252693174 -1.1278003454208372 -0.45291896164417261
decision_type=2 2 2 2 2 2
left_child=3 2 -2 -1 -3 -5
right_child=1 4 -4 5 -6 -7
leaf_value=-0.0087432267324000241 0.0022684506876462117 0.00028627144746871204 -0.00059139384550959079 -0.0031407704463947781 -0.0037715895568504829 0.0026262222270916997
leaf_weight=43.37441324442625 846.62883520498872 137.60827305354178 513.66507386788726 82.669179528951645 244.32756707444787 46.483715504407883
leaf_count=173 2385 428 1488 249 921 128
internal_value=-1.79557e-06 0.000362315 0.00115214 -0.00364601 -0.0022188 -0.000589055
internal_weight=1914.76 1742.23 1360.29 172.527 381.936 129.153
internal_count=5772 5222 3873 550 1349 377
is_linear=0
shrinkage=0.03


Tree=116
num_leaves=7
num_cat=0
split_feature=3 2 3 1 2 3
split_gain=3.43451 4.94045 4.63321 2.29872 2.15365 1.74114
threshold=-1.8349208235740659 -0.030023142695426937 -1.5386641621589658 -0.11478919535875319 0.11023380234837533 -1.9329152703285215
decision_type=2 2 2 2 2 2
left_child=3 2 -2 -1 -3 -5
right_child=1 4 -4 5 -6 -7
leaf_value=-0.0003387842899258423 -0.0050854442302043727 -0.0036979774161570761 0.0019932624739600205 0.007303503927199988 -0.00046443820295310735 0
leaf_weight=59.090544115751982 69.562631025910378 342.77368391305208 806.22244164720178 104.62832069210708 497.17327859438956 34.053186163306236
leaf_count=197 291 988 2199 311 1711 100
internal_value=0.00015557 -0.000259436 0.00126304 0.00372457 -0.0019091 0.00565852
internal_weight=1913.5 1715.73 875.785 197.772 839.947 138.682
internal_count=5797 5189 2490 608 2699 411
is_linear=0
shrinkage=0.03


Tree=117
num_leaves=5
num_cat=0
split_feature=3 3 2 2
split_gain=2.19621 3.97394 2.7439 1.17188
threshold=-1.9626725912094114 -1.9109694957733152 0.023642514832317833 0.18664767593145373
decision_type=2 2 2 2
left_child=3 -2 -3 -1
right_child=1 2 -4 -5
leaf_value=-0.0047561643849679735 0.0083880107609473637 0.0012498329713964077 -0.0011198250096578464 0.0002268449714147514
leaf_weight=94.399958822876215 36.990156088024378 1054.9176322557032 708.23794026486576 30.992477029561996
leaf_count=289 122 2976 2364 86
internal_value=0.000243359 0.000552704 0.000262438 -0.00325008
internal_weight=1925.54 1800.15 1763.16 125.392
internal_count=5837 5462 5340 375
is_linear=0
shrinkage=0.03


Tree=118
num_leaves=7
num_cat=0
split_feature=1 1 0 0 0 3
split_gain=1.77343 2.69559 2.16149 2.06614 1.41496 4.37496
threshold=0.19051335006952289 0.10764565691351892 -2.110747098922729 -2.3127735853195186 -1.1396321058273313 -0.80699288845062245
decision_type=2 2 2 2 2 2
left_child=1 3 -3 -1 5 -2
right_child=4 2 -4 -5 -6 -7
leaf_value=0.0019879281757698678 -0.0042965545174098781 -0.0012202680351306931 0.0048923063643292568 -0.00098714523139422175 -0.0047432951212693433 0.0026959099506116218
leaf_weight=230.81085484847426 135.73710594698787 45.528544828295708 149.63141885399818 1095.5292106028646 114.87477425485849 140.59972401335835
leaf_count=668 457 133 391 3218 363 558
internal_value=-0.000376978 5.66533e-05 0.00320657 -0.000403015 -0.0021301 -0.000594494
internal_weight=1912.71 1521.5 195.16 1326.34 391.212 276.337
internal_count=5788 4410 524 3886 1378 1015
is_linear=0
shrinkage=0.03


Tree=119
num_leaves=7
num_cat=0
split_feature=3 3 7 0 3 3
split_gain=2.76951 7.28999 9.70831 4.57259 9.9345 3.40815
threshold=-0.49355341494083399 -0.69253331422805775 1.0000000180025095e-35 -1.0305315256118772 -0.013685419689863918 0.71503853797912609
decision_type=2 2 2 2 2 2
left_child=1 2 -1 5 -5 -2
right_child=3 -3 -4 4 -6 -7
leaf_value=-0.0019374148659058355 0.0014992313360248342 0.0068220610324180074 0.0040148327619036498 -0.012598807059106905 0.00075931458628899899 -0.0038582794707385914
leaf_weight=637.165642330423 454.70797409676015 163.1528817564249 372.5887531042099 66.419907063245773 96.223182633519173 116.18619643710554
leaf_count=1990 1415 442 1013 187 290 437
internal_value=0.000383178 0.00130141 0.000235955 -0.00100099 -0.00514959 0.000213664
internal_weight=1906.44 1172.91 1009.75 733.537 162.643 570.894
internal_count=5774 3445 3003 2329 477 1852
is_linear=0
shrinkage=0.03


Tree=120
num_leaves=7
num_cat=0
split_feature=5 2 1 0 2 2
split_gain=2.10404 14.1904 6.75025 5.68594 5.25436 2.38473
threshold=1.0000000180025095e-35 -0.12761672586202619 -0.41214661300182337 -1.1064960360527036 -0.16186182200908658 0.54005712270736705
decision_type=2 2 2 2 2 2
left_child=4 2 -2 -3 -1 -6
right_child=1 3 -4 -5 5 -7
leaf_value=-0.0021418756053682912 -0.005157685985911117 -0.0080742480435966046 0.0072836593775974373 0.0015136225675369645 0.002134486829532138 -0.0031967254880809056
leaf_weight=414.14465423300862 30.216415241360664 213.65344190597534 142.16296223551035 52.838736265897751 996.55275889113545 55.49153059720993
leaf_count=1251 88 780 415 165 2912 200
internal_value=1.26867e-05 -0.00173074 0.00448145 -0.00599083 0.000591183 0.00174292
internal_weight=1905.06 438.872 172.379 266.492 1466.19 1052.04
internal_count=5811 1448 503 945 4363 3112
is_linear=0
shrinkage=0.03


Tree=121
num_leaves=7
num_cat=0
split_feature=0 3 3 0 0 3
split_gain=2.54219 4.73676 13.8656 6.22763 3.16195 4.13693
threshold=-0.99898812174797047 -0.7831723392009734 -1.5937021374702451 -0.19060152024030683 -1.0994862914085386 -1.073564827442169
decision_type=2 2 2 2 2 2
left_child=4 2 -2 -3 5 -1
right_child=1 3 -4 -5 -6 -7
leaf_value=-0.0015019879707313059 -0.0069840547769473588 -0.0073912332230086329 0.0070766284190086123 0.0034727390079989742 0.0062362093429861182 0.0018164568441005116
leaf_weight=494.88802120089531 84.66999701410532 158.5951301753521 135.04873743653297 42.718124508857727 80.802625961601734 914.95323552563787
leaf_count=1614 252 466 344 123 226 2793
internal_value=0.000423228 -0.00153284 0.00127734 -0.00470932 0.00102842 0.000604925
internal_weight=1911.68 421.032 219.719 201.313 1490.64 1409.84
internal_count=5818 1185 596 589 4633 4407
is_linear=0
shrinkage=0.03


Tree=122
num_leaves=7
num_cat=0
split_feature=2 0 2 3 0 3
split_gain=2.01014 4.62347 5.88142 4.19358 3.71496 2.69124
threshold=-0.025142045691609379 -2.4622067213058467 -0.38775964081287378 -1.8614344596862791 -1.0491262078285215 -0.84713408350944508
decision_type=2 2 2 2 2 2
left_child=1 5 -3 4 -2 -1
right_child=3 2 -4 -5 -6 -7
leaf_value=0 0 -0.0055524502765311396 0.00079830796839967821 -0.0022468965957708484 0.010181282940014448 0.0094086852899507144
leaf_weight=34.09056119993329 68.313895910978317 137.43502589128911 743.03760368190706 815.45735332742333 27.819542407989502 55.872851572930813
leaf_count=107 220 471 2090 2687 71 147
internal_value=-0.000474306 0.000426253 -0.000227671 -0.00148597 0.00372733 0.00624924
internal_weight=1882.03 970.436 880.473 911.591 96.1334 89.9634
internal_count=5793 2815 2561 2978 291 254
is_linear=0
shrinkage=0.03


Tree=123
num_leaves=5
num_cat=0
split_feature=1 1 1 2
split_gain=2.79193 3.28099 5.12449 3.86825
threshold=0.61338609457016002 0.050473855808377273 -0.14276074618101117 -0.061287600547075265
decision_type=2 2 2 2
left_child=1 2 -1 -3
right_child=-2 3 -4 -5
leaf_value=0.0012186083166546861 -0.0061252273858611586 -0.0027352371991205223 -0.0026672747592979985 0.0029479732592221503
leaf_weight=613.41266606375575 41.642447670921683 103.62849307060242 553.86567234806716 592.29314148426056
leaf_count=1810 177 291 1646 1906
internal_value=0.000109371 0.000344146 -0.000588552 0.00196512
internal_weight=1904.84 1863.2 1167.28 695.922
internal_count=5830 5653 3456 2197
is_linear=0
shrinkage=0.03


Tree=124
num_leaves=7
num_cat=0
split_feature=7 2 0 0 0 2
split_gain=2.17993 5.36247 5.13371 3.71193 2.978 0.851974
threshold=1.0000000180025095e-35 -0.41425167024135584 -2.5652689933776851 -1.8068384528160093 -1.9118556976318357 0.0058212538715451964
decision_type=2 2 2 2 2 2
left_child=2 -2 5 -3 -4 -1
right_child=1 3 4 -5 -6 -7
leaf_value=0.010038337920300454 -0.0062321840112305503 0.0078335868701822631 -0.0022387402729498124 0.0014586092124190791 0.00062845859822811465 0.00020446615398286234
leaf_weight=31.098505165427923 37.374806091189384 108.24219555035233 495.27271438762546 368.96865630894899 825.02347997575998 26.267902176827192
leaf_count=90 130 323 1676 994 2488 87
internal_value=0.000645462 0.00227163 0 0.00328221 -0.000419683 0.00752787
internal_weight=1892.25 514.586 1377.66 477.211 1320.3 57.3664
internal_count=5788 1447 4341 1317 4164 177
is_linear=0
shrinkage=0.03


Tree=125
num_leaves=7
num_cat=0
split_feature=3 3 1 1 0 1
split_gain=2.01047 4.85888 2.90738 2.5801 1.63542 0.69961
threshold=0.49156990647315985 1.0093404650688174 -0.62405905127525318 -0.37274721264839167 -2.2460863590240474 -0.080621629953384386
decision_type=2 2 2 2 2 2
left_child=2 4 -1 -4 -2 -3
right_child=1 5 3 -5 -6 -7
leaf_value=-0.0058695383061687211 0 0 0.004644879082972472 0.00040163925150947597 -0.0077696728622229259 0.0037160679075321518
leaf_weight=39.134242925792933 22.811091788113117 44.904895126819611 127.90820552036166 1523.1730174217373 91.960491240024567 55.787948381155729
leaf_count=119 93 145 374 4539 341 205
internal_value=0.000176524 -0.00237741 0.000561171 0.000817922 -0.00626329 0.0018586
internal_weight=1905.68 215.464 1690.22 1651.08 114.772 100.693
internal_count=5816 784 5032 4913 434 350
is_linear=0
shrinkage=0.03


Tree=126
num_leaves=7
num_cat=0
split_feature=1 1 3 7 3 2
split_gain=2.60037 3.10169 4.53253 2.98447 1.50213 0.47594
threshold=0.38861249387264257 0.10764565691351892 0.69450700283050548 1.0000000180025095e-35 -1.1278003454208372 0.42850777506828314
decision_type=2 2 2 2 2 2
left_child=1 2 -1 -3 5 -2
right_child=4 3 -4 -5 -6 -7
leaf_value=0.00030268551371457052 -0.0018391688160996173 0.0040987629370082164 -0.0055991962705739607 -0.00081220523294342733 -0.0058496964794691898 0.0024830421438479795
leaf_weight=1194.1712170131505 24.243471574038267 321.43125393986702 108.63443909958005 129.64767223596573 76.694069193676114 25.201612463220954
leaf_count=3507 82 1015 374 345 366 79
internal_value=0.000142314 0.000487723 -0.0002213 0.00258534 -0.00365928 0
internal_weight=1880.02 1753.88 1302.81 451.079 126.139 49.4451
internal_count=5768 5241 3881 1360 527 161
is_linear=0
shrinkage=0.03


Tree=127
num_leaves=7
num_cat=0
split_feature=2 3 0 0 3 2
split_gain=3.67334 4.34615 6.96072 4.2455 3.75741 3.59959
threshold=0.03147560358047486 -1.5386641621589658 -1.1938186883926389 -1.0827138423919676 -0.30670848488807673 0.089922081679105773
decision_type=2 2 2 2 2 2
left_child=1 2 -1 4 -2 -5
right_child=3 -3 -4 5 -6 -7
leaf_value=0.00096831948897375193 -0.0048431164443846764 0.0017803070235163721 -0.0096135574465155936 -0.0049927222138539543 0.0002621976301595048 0.0035963776871419609
leaf_weight=128.95148432999849 364.39108160696924 949.52258624508977 65.552797596901655 33.83943784981966 160.60461598448455 170.38753379136324
leaf_count=500 1189 2592 198 110 657 504
internal_value=-0.000121792 0.000900163 -0.00288215 -0.00178638 -0.00321892 0.00158723
internal_weight=1873.25 1144.03 194.504 729.223 524.996 204.227
internal_count=5750 3290 698 2460 1846 614
is_linear=0
shrinkage=0.03


Tree=128
num_leaves=4
num_cat=0
split_feature=2 0 3
split_gain=2.34541 2.11225 2.06279
threshold=0.76171141862869274 0.24763464927673343 -0.77094918489456166
decision_type=2 2 2
left_child=1 2 -1
right_child=-2 -3 -4
leaf_value=0.00091491336289979935 -0.0067494656149330147 0.0060018414990633644 -0.0010735418618494418
leaf_weight=896.02324701100588 26.300149148330092 32.796836871653795 932.86570478789508
leaf_count=2759 97 85 2892
internal_value=-6.31463e-05 7.01599e-05 -6.75321e-05
internal_weight=1887.99 1861.69 1828.89
internal_count=5833 5736 5651
is_linear=0
shrinkage=0.03


Tree=129
num_leaves=7
num_cat=0
split_feature=2 2 2 0 0 0
split_gain=2.8072 2.6413 3.77921 2.41702 0.297478 2.14706
threshold=0.48069293797016149 -0.16727377474308011 -0.1936586648225784 -0.94131574034690846 -2.2852873802185054 -1.2859266996383665
decision_type=2 2 2 2 2 2
left_child=1 2 -1 -3 -2 -6
right_child=4 3 -4 -5 5 -7
leaf_value=0 -0.0071742902325706501 0.0021277013424190598 -0.0070705430694613883 -0.0009192903909328588 0.0019985649766950824 -0.0061521040105939123
leaf_weight=478.64477583765984 20.369271691888571 993.45173496939242 59.081261292099953 261.10445114970207 41.524992614984512 28.454632610082626
leaf_count=1447 78 3105 182 728 173 97
internal_value=0.000366965 0.000674816 -0.000995021 0.001442 -0.00421171 -0.00127958
internal_weight=1882.63 1792.28 537.726 1254.56 90.3489 69.9796
internal_count=5810 5462 1629 3833 348 270
is_linear=0
shrinkage=0.03


Tree=130
num_leaves=7
num_cat=0
split_feature=6 3 3 1 1 1
split_gain=1.81793 4.49178 5.83994 3.49693 4.15903 2.74451
threshold=1.0000000180025095e-35 -1.9626725912094114 0.026481049135327343 -0.18103100359439847 -0.30855232477188105 -0.015616970136761664
decision_type=2 2 2 2 2 2
left_child=1 -1 -3 4 -2 -5
right_child=3 2 -4 5 -6 -7
leaf_value=-0.0057890464615114757 0 0.0010561585964997749 -0.0038432640463599756 -0.0035328159061221802 0.0095741224220098377 0.0018042804393747667
leaf_weight=111.65538729354739 69.472305294126272 1024.9737234096974 256.92095342278481 115.36878135427833 68.987756371498108 219.76923660747707
leaf_count=338 211 3073 890 334 190 709
internal_value=4.1899e-06 -0.000511324 0 0.00160189 0.00527774 0
internal_weight=1867.15 1393.55 1281.89 473.598 138.46 335.138
internal_count=5745 4301 3963 1444 401 1043
is_linear=0
shrinkage=0.03


Tree=131
num_leaves=7
num_cat=0
split_feature=0 3 0 0 3 2
split_gain=2.89919 2.24345 2.41877 2.0519 1.27801 1.0033
threshold=-0.37934657931327814 0.16990146785974505 -0.50784891843795765 -2.501752376556396 -0.58689394593238819 -0.037346189841628068
decision_type=2 2 2 2 2 2
left_child=1 2 -1 -3 5 -2
right_child=4 3 -4 -5 -6 -7
leaf_value=0.00050243047746236869 0.0091512487694454959 0.0028344239129634735 -0.0060672431226042739 -0.0033902578781175494 0 0.00029052012709336616
leaf_weight=1414.2778715603054 34.557116478681564 30.334325816482306 31.543807059526443 282.37959258630872 50.833083808422089 35.651925422251225
leaf_count=4242 92 110 87 1010 151 99
internal_value=6.40388e-05 -0.000233102 0.000237339 -0.00247202 0.00422729 0.00637889
internal_weight=1879.58 1758.54 1445.82 312.714 121.042 70.209
internal_count=5791 5449 4329 1120 342 191
is_linear=0
shrinkage=0.03


Tree=132
num_leaves=5
num_cat=0
split_feature=1 2 3 0
split_gain=4.67723 2.935 5.33644 2.52647
threshold=-0.62405905127525318 0.48069293797016149 -1.1000226736068723 -2.3850942850112911
decision_type=2 2 2 2
left_child=-1 3 -3 -2
right_child=1 2 -4 -5
leaf_value=-0.0078898551025328358 0.0034483451587723432 0.0032227427649951681 -0.008942710799508256 0.00014272651413379747
leaf_weight=44.500587731599808 231.05606420710683 32.013345025479794 59.481093112379313 1512.3665098696947
leaf_count=140 713 104 262 4597
internal_value=1.70506e-05 0.000324158 -0.00433341 0.000648986
internal_weight=1879.42 1834.92 91.4944 1743.42
internal_count=5816 5676 366 5310
is_linear=0
shrinkage=0.03


Tree=133
num_leaves=7
num_cat=0
split_feature=0 0 1 1 2 2
split_gain=5.38729 3.4234 3.9322 3.93151 2.86874 4.27516
threshold=-1.9438573718070982 -2.0443615913391109 -0.055144105106592171 -0.11998008564114569 0.089922081679105773 0.023642514832317833
decision_type=2 2 2 2 2 2
left_child=1 2 -1 -3 5 -2
right_child=4 3 -4 -5 -6 -7
leaf_value=0.0015104860060666107 0.0010998440157799164 -0.013510704607902314 -0.0033954583574281306 -0.00016167573322692415 0.0032660832749425027 -0.0047034548353792937
leaf_weight=250.83921822160482 732.40616696327925 28.951724469661713 281.83957715705037 50.5007095746696 406.45176636427641 113.7813014537096
leaf_count=784 2087 102 982 184 1309 338
internal_value=9.68641e-05 -0.00213335 -0.00100562 -0.00736805 0.00125025 0.00015966
internal_weight=1864.77 612.131 532.679 79.4524 1252.64 846.187
internal_count=5786 2052 1766 286 3734 2425
is_linear=0
shrinkage=0.03


Tree=134
num_leaves=7
num_cat=0
split_feature=0 0 4 0 0 1
split_gain=1.38324 7.23251 3.32837 2.81785 2.49439 1.99779
threshold=-1.4686117768287656 -1.429573595523834 1.0000000180025095e-35 -1.789893567562103 -1.9118556976318357 0.16168773174285891
decision_type=2 2 2 2 2 2
left_child=3 -2 -3 4 -1 -5
right_child=1 2 -4 5 -6 -7
leaf_value=-0.00042499842511849515 0.010223317516279296 0.00097553530056054458 -0.0039285816423323718 -0.0043169451355184966 0.004249440795305497 0.00067949072011801517
leaf_weight=634.62139839492738 48.934035375714302 664.59729655273259 131.88606523349881 237.80465507507324 99.929532490670681 66.584872579202056
leaf_count=2139 132 1847 391 734 333 245
internal_value=0 0.000896546 1.36586e-05 -0.000720224 0.000227182 -0.00306451
internal_weight=1884.36 845.417 796.483 1038.94 734.551 304.39
internal_count=5821 2370 2238 3451 2472 979
is_linear=0
shrinkage=0.03


Tree=135
num_leaves=5
num_cat=0
split_feature=2 2 2 0
split_gain=3.94417 1.84944 4.91296 2.0055
threshold=0.49691148102283483 -0.22710212320089337 -0.25027857720851893 -1.4730488657951353
decision_type=2 2 2 2
left_child=1 2 -1 -3
right_child=-2 3 -4 -5
leaf_value=-0.00010849911678617802 -0.005950383516551699 -0.00046594879181540403 -0.0091592320340957017 0.0017570815260364023
leaf_weight=344.59597095660865 85.46356350928545 731.86706269532442 47.590825721621513 645.06614856980741
leaf_count=1071 336 2437 131 1789
internal_value=-0.000313639 0 -0.00174348 0.000542792
internal_weight=1854.58 1769.12 392.187 1376.93
internal_count=5764 5428 1202 4226
is_linear=0
shrinkage=0.03


Tree=136
num_leaves=7
num_cat=0
split_feature=0 3 3 0 3 3
split_gain=1.25663 7.19562 6.08736 6.08535 4.12077 2.67643
threshold=-0.87217170000076283 -0.5640653371810912 -1.5386641621589658 -0.94131574034690846 0.26690217852592474 -1.0641549229621885
decision_type=2 2 2 2 2 2
left_child=3 2 -2 5 -3 -1
right_child=1 4 -4 -5 -6 -7
leaf_value=-0.0018396737658155885 -0.0013762237941359332 -0.0074884518888273435 0.008363980721855525 -0.0094873531029307633 0.0018774818826425561 0.00071569564794254979
leaf_weight=558.19374016858637 70.918864853680134 76.962906789034605 129.22416329756379 47.050478734076023 49.014880947768688 971.36557722836733
leaf_count=1821 210 235 328 136 155 3003
internal_value=-0.000241244 0.00134767 0.0048286 -0.000620254 -0.00367541 -0.000189842
internal_weight=1902.73 326.121 200.143 1576.61 125.978 1529.56
internal_count=5888 928 538 4960 390 4824
is_linear=0
shrinkage=0.03


Tree=137
num_leaves=7
num_cat=0
split_feature=7 2 2 2 1 2
split_gain=2.24655 2.97578 3.03538 2.83118 5.01207 2.84072
threshold=1.0000000180025095e-35 0.29097777605056768 -0.44158348441123957 -0.030023142695426937 0.085939686745405211 -0.064663037657737718
decision_type=2 2 2 2 2 2
left_child=3 2 -2 5 -5 -1
right_child=1 -3 -4 4 -6 -7
leaf_value=-0.00047540394439636341 -0.0044085137996799422 -0.0036763910818772318 0.0030761112159938624 -0.0052892864257398893 0 0.0046700543719121693
leaf_weight=607.37259793840349 31.15785925090313 66.252305589616299 412.21208256296813 281.63266959227622 366.82439735531807 92.505109734833241
leaf_count=1836 112 190 1141 937 1322 245
internal_value=-0.000354801 0.00125921 0.00225306 -0.00101818 -0.00242402 0.000232192
internal_weight=1857.96 509.622 443.37 1348.33 648.457 699.878
internal_count=5783 1443 1253 4340 2259 2081
is_linear=0
shrinkage=0.03


Tree=138
num_leaves=6
num_cat=0
split_feature=1 1 2 1 3
split_gain=3.72116 1.47954 6.12257 3.37878 0.58071
threshold=0.37307685613632208 0.038277447223663337 0.16868672519922259 0.14898611605167392 -1.6140292882919309
decision_type=2 2 2 2 2
left_child=1 2 -1 -3 -2
right_child=4 3 -4 -5 -6
leaf_value=0.00066426946590775725 0 0.0041592637268841473 -0.0072016964166254898 -5.1388093169029203e-05 -0.004884258514747864
leaf_weight=1036.6657106764615 23.583764027804136 276.95293613709509 77.254543598741293 340.87130391225219 114.6112671457231
leaf_count=3133 83 827 237 1044 508
internal_value=0.000235934 0.000661098 0 0.00181329 -0.00412259
internal_weight=1869.94 1731.74 1113.92 617.824 138.195
internal_count=5832 5241 3370 1871 591
is_linear=0
shrinkage=0.03


Tree=139
num_leaves=6
num_cat=0
split_feature=2 2 5 0 3
split_gain=3.42804 2.99499 2.90941 2.33388 1.5982
threshold=0.48069293797016149 -0.37160487473011011 1.0000000180025095e-35 -1.4686117768287656 -1.1000226736068723
decision_type=2 2 2 2 2
left_child=1 2 -1 -3 -2
right_child=4 3 -4 -5 -6
leaf_value=-0.0061595521954047241 0 -0.0009649960626312965 0.0012111527535045693 0.0012922331748109507 -0.0080869970003815943
leaf_weight=122.23161448910832 29.830724090337753 852.79374877549708 46.165578752756119 754.75820089504123 59.603795634582639
leaf_count=429 98 2799 137 2082 257
internal_value=-0.000678449 -0.00032129 -0.00390636 6.07819e-05 -0.00586759
internal_weight=1865.38 1775.95 168.397 1607.55 89.4345
internal_count=5802 5447 566 4881 355
is_linear=0
shrinkage=0.03


Tree=140
num_leaves=7
num_cat=0
split_feature=2 4 3 3 1 1
split_gain=3.64246 3.82349 5.15881 4.761 2.59411 3.15414
threshold=0.03147560358047486 1.0000000180025095e-35 -1.1488497853279112 -0.80699288845062245 -0.62405905127525318 -0.049259796738624566
decision_type=2 2 2 2 2 2
left_child=4 2 -2 -3 -1 -6
right_child=1 3 -4 -5 5 -7
leaf_value=-0.0044778879424723101 0.0012470957449953212 -0.0015216243525285398 -0.0045663268206926812 0.00703157511286359 0.002996329909582182 -0.00026010683825289653
leaf_weight=38.559802889823914 182.82656572759151 108.6224984228611 359.52444147132337 80.102082878351212 691.75487049669027 373.288006298244
leaf_count=134 532 376 1315 259 2071 1063
internal_value=0.000364593 -0.00121416 -0.00252527 0.00214714 0.00146683 0.00181592
internal_weight=1834.68 731.076 542.351 188.725 1103.6 1065.04
internal_count=5750 2482 1847 635 3268 3134
is_linear=0
shrinkage=0.03


Tree=141
num_leaves=7
num_cat=0
split_feature=3 3 3 0 3 0
split_gain=1.47992 4.26929 4.25549 3.71213 3.31355 2.50999
threshold=-0.75869542360305775 -0.67987143993377674 -1.0424931049346922 -2.1555273532867427 -0.60356441140174855 -1.6259316205978391
decision_type=2 2 2 2 2 2
left_child=2 5 3 -1 -3 -2
right_child=1 4 -4 -5 -6 -7
leaf_value=-0.0033091191457918579 0 0.0058277584030490158 0.0050384147201457596 0.0015359827149999323 -8.4864620672551392e-05 -0.01029358319776839
leaf_weight=166.77305362746119 35.540325805544853 73.337489191442728 214.87192632444203 552.40270005166531 794.98648868501186 35.860508307814598
leaf_count=572 94 188 602 1692 2582 101
internal_value=0.000676396 -0.000107935 0.00151411 0.000272123 0.00046693 -0.00632787
internal_weight=1873.77 939.725 934.048 719.176 868.324 71.4008
internal_count=5831 2965 2866 2264 2770 195
is_linear=0
shrinkage=0.03


Tree=142
num_leaves=7
num_cat=0
split_feature=3 2 1 1 1 7
split_gain=2.39216 7.81147 6.66031 3.62817 2.6911 2.33618
threshold=-1.1488497853279112 1.0000000180025095e-35 0.29899324476718908 -0.37274721264839167 0.10441878065466882 1.0000000180025095e-35
decision_type=2 2 2 2 2 2
left_child=1 3 4 -1 -2 -3
right_child=2 5 -4 -5 -6 -7
leaf_value=0.0021452763162638864 0.0011286717687602559 0 -0.0045473724842858103 -0.005435483431646358 0.0048892868831617482 0.005099369623422687
leaf_weight=45.902667634189129 869.5063927359879 164.3140341732651 134.31754709407687 282.62162866815925 227.74330387637019 126.89067197591066
leaf_count=168 2530 562 577 925 695 335
internal_value=0.000428047 -0.00101997 0.00120929 -0.00414179 0.00203647 0.00234897
internal_weight=1851.3 619.729 1231.57 328.524 1097.25 291.205
internal_count=5792 1990 3802 1093 3225 897
is_linear=0
shrinkage=0.03


Tree=143
num_leaves=7
num_cat=0
split_feature=1 3 1 3 1 2
split_gain=2.30869 5.6343 3.35071 3.06128 3.37973 2.79608
threshold=-0.22681242227554319 -1.0543461441993711 -0.40447188913822169 -0.17118373513221738 0.20361295342445376 -0.33400815725326533
decision_type=2 2 2 2 2 2
left_child=1 -1 -3 5 -5 -2
right_child=3 2 -4 4 -6 -7
leaf_value=-0.0028990107210326108 -0.0064094912768161774 0 0.0066948191760324467 -0.0047208286220207906 0.00087222890066014083 0.00033251210404410409
leaf_weight=132.77014827728271 38.488821636885405 106.51181175932288 155.8475399017334 288.84249414503574 109.98957473039627 1007.9915810972452
leaf_count=469 127 321 456 942 447 3037
internal_value=-0.000316271 0.0016122 0.00415129 -0.000899246 -0.00306713 0
internal_weight=1840.44 395.129 262.359 1445.31 398.832 1046.48
internal_count=5799 1246 777 4553 1389 3164
is_linear=0
shrinkage=0.03


Tree=144
num_leaves=7
num_cat=0
split_feature=0 5 0 2 4 2
split_gain=3.23764 5.554 5.14512 4.43095 6.15562 5.38013
threshold=-0.94978725910186756 1.0000000180025095e-35 -0.88333407044410694 0.1483757942914963 1.0000000180025095e-35 -0.061287600547075265
decision_type=2 2 2 2 2 2
left_child=3 2 -2 5 -5 -1
right_child=1 -3 -4 4 -6 -7
leaf_value=0.00010108024752319244 -0.012148557125432247 0.0049967785926095 -0.0016990563207328069 -0.0043745732841401659 0.0033182617247244986 0.0044412504667249953
leaf_weight=668.66256523504853 38.417167715728283 56.636211954057217 275.392776876688 254.36462002620101 116.30954129248857 431.18817260861397
leaf_count=2047 116 177 785 954 385 1327
internal_value=0.000267008 -0.00212229 -0.00380927 0.00092956 -0.00176085 0.00190512
internal_weight=1840.97 370.446 313.81 1470.52 370.674 1099.85
internal_count=5791 1078 901 4713 1339 3374
is_linear=0
shrinkage=0.03


Tree=145
num_leaves=5
num_cat=0
split_feature=1 0 3 0
split_gain=3.955 3.28325 4.21337 2.4889
threshold=-0.62405905127525318 -1.4686117768287656 0.25291956961154943 -1.429573595523834
decision_type=2 2 2 2
left_child=-1 2 -2 -3
right_child=1 3 -4 -5
leaf_value=-0.0074379036006219949 0.00014803848285665691 0.007422305108484694 -0.0049146362311958897 0.0012149188926082438
leaf_weight=38.7468421459198 814.139882478863 51.219959631562233 155.53938352130353 771.2263509593904
leaf_count=128 2638 139 640 2210
internal_value=0.000169494 0.000447356 -0.000686311 0.00183975
internal_weight=1830.87 1792.13 969.679 822.446
internal_count=5755 5627 3278 2349
is_linear=0
shrinkage=0.03


Tree=146
num_leaves=7
num_cat=0
split_feature=2 2 5 2 2 1
split_gain=2.29649 2.65809 2.58176 3.88139 3.27953 2.01518
threshold=0.023642514832317833 0.11023380234837533 1.0000000180025095e-35 -0.083309978246688829 -0.061287600547075265 0.12979983538389209
decision_type=2 2 2 2 2 2
left_child=2 -2 4 -4 -1 -3
right_child=1 5 3 -5 -6 -7
leaf_value=-0.00096642891643327006 -0.0038365673259786182 0.0023827096926591291 0.0055320701151889478 -0.0016605307323700575 0.0031918859695590431 -0.0012943627046823781
leaf_weight=599.75668621063232 202.6882933229208 192.15034835971892 201.67242050915956 70.232488512992859 213.78842065110803 343.6337963566184
leaf_count=1832 660 636 601 211 595 1245
internal_value=0.000154133 -0.00108051 0.00105274 0.00348221 0.000104704 0
internal_weight=1823.92 738.472 1085.45 271.905 813.545 535.784
internal_count=5780 2541 3239 812 2427 1881
is_linear=0
shrinkage=0.03


Tree=147
num_leaves=7
num_cat=0
split_feature=3 0 6 4 4 0
split_gain=2.26143 8.73318 6.60828 4.86245 3.58941 6.55086
threshold=-1.1363757252693174 -1.4686117768287656 1.0000000180025095e-35 1.0000000180025095e-35 1.0000000180025095e-35 -1.1201680302619932
decision_type=2 2 2 2 2 2
left_child=1 2 -1 -3 -2 -6
right_child=4 3 -4 -5 5 -7
leaf_value=-0.0065564026989216474 -5.843998474941696e-05 0.0043416137005362595 0.0035599188254313904 -0.0036933150568648336 0.0059611525598201667 -0.0048872364148108043
leaf_weight=278.85774424299598 952.3226465601474 222.36564499884844 50.2883275821805 69.229889314621687 215.05617029219866 41.36402466148138
leaf_count=1021 3021 607 165 226 640 124
internal_value=0 -0.00144599 -0.00472356 0.00212681 0.000752381 0.00376711
internal_weight=1829.48 620.742 329.146 291.596 1208.74 256.42
internal_count=5804 2019 1186 833 3785 764
is_linear=0
shrinkage=0.03


Tree=148
num_leaves=7
num_cat=0
split_feature=2 3 1 2 1 2
split_gain=5.1474 3.07189 3.04164 2.95674 1.77659 1.99918
threshold=-0.025142045691609379 -0.89516085386276234 0.19638415426015857 0.37236844003200537 0.17751640826463702 -0.36373962461948389
decision_type=2 2 2 2 2 2
left_child=4 3 -3 -2 5 -1
right_child=1 2 -4 -5 -6 -7
leaf_value=-0.0011757611550619704 -0.0013186259081308085 -0.0054576688561920649 -9.9261539632398524e-05 0.0049142535420586501 -0.0035408974537885439 0.0021366349130709618
leaf_weight=171.30307931080461 347.43859378062189 296.68920884095132 171.04109664261341 63.750352669507265 44.92775971442461 720.31462916731834
leaf_count=583 1080 976 700 212 133 2079
internal_value=-0.000443124 -0.00209172 -0.00370563 -3.00184e-05 0.0010527 0.00142259
internal_weight=1815.46 878.919 467.73 411.189 936.545 891.618
internal_count=5763 2968 1676 1292 2795 2662
is_linear=0
shrinkage=0.03


Tree=149
num_leaves=7
num_cat=0
split_feature=0 3 3 0 0 0
split_gain=2.44956 8.29559 7.28029 2.51303 1.52278 0.373596
threshold=-0.85064029693603505 -1.5386641621589658 -0.21509310603141782 -0.93068662285804737 -2.6018325090408321 -0.48592744767665857
decision_type=2 2 2 2 2 2
left_child=3 5 -3 4 -1 -2
right_child=1 2 -4 -5 -6 -7
leaf_value=0.0043544717974558327 -0.00077282194870688956 0.0088159346870406094 -0.00095796110088236736 -0.0064677027257663373 -0.00053384130049292933 -0.0078939656999648649
leaf_weight=38.064192172139883 39.162546094506979 144.92381267622113 94.126481618732214 44.341953694820404 1415.2315214909613 28.815454617142677
leaf_count=117 115 391 299 136 4613 90
internal_value=-7.44971e-05 0.00224311 0.00495899 -0.000612459 -0.000307709 -0.00558173
internal_weight=1804.67 307.028 239.05 1497.64 1453.3 67.978
internal_count=5761 895 690 4866 4730 205
is_linear=0
shrinkage=0.03


Tree=150
num_leaves=5
num_cat=0
split_feature=0 3 0 0
split_gain=1.92651 2.39009 2.34132 2.14847
threshold=1.0000000180025095e-35 -1.4851230382919309 -1.2472656369209287 -0.96377757191658009
decision_type=2 2 2 2
left_child=1 3 -3 -1
right_child=-2 2 -4 -5
leaf_value=0.0026978260593749971 0.0041719837120464355 -0.00027678798639167664 -0.0030020600874191379 -0.0023003329662132374
leaf_weight=290.84755154885352 58.369542647153139 987.09764586016536 418.43737077899277 73.689091809093952
leaf_count=1037 157 3151 1215 230
internal_value=-0.000348897 -0.000576441 -0.00116095 0.00146435
internal_weight=1828.44 1770.07 1405.54 364.537
internal_count=5790 5633 4366 1267
is_linear=0
shrinkage=0.03


Tree=151
num_leaves=7
num_cat=0
split_feature=2 0 3 2 0 2
split_gain=2.42543 2.91132 4.45691 4.19939 2.20396 7.536
threshold=0.026214370504021648 -2.2852873802185054 -1.2713732123374937 -0.37160487473011011 -1.0729326009750364 0.080212652683258071
decision_type=2 2 2 2 2 2
left_child=1 2 -1 -3 -2 -6
right_child=4 3 -4 -5 5 -7
leaf_value=-0.002474365941227295 -0.002779063512706138 -0.0049463627982611882 0.0062370560951277047 0.000533035179392435 -0.0094931823980892137 0.0036533567364852074
leaf_weight=53.613369200378656 533.54891090653837 128.69482669979334 141.43777976930141 751.1751395277679 29.165712118148804 163.43413423746824
leaf_count=192 1939 437 385 2171 101 496
internal_value=-0.000458314 0.000402143 0.00355613 -0.000293859 -0.0017891 0.00067456
internal_weight=1801.07 1074.92 195.051 879.87 726.149 192.6
internal_count=5721 3185 577 2608 2536 597
is_linear=0
shrinkage=0.03


Tree=152
num_leaves=7
num_cat=0
split_feature=0 0 1 1 0 2
split_gain=2.34957 3.69373 2.77553 2.98457 2.13046 1.80843
threshold=-1.4686117768287656 -1.6323937773704527 -0.42767497897148127 0.061795778572559364 -1.5926294326782224 0.10449715703725816
decision_type=2 2 2 2 2 2
left_child=1 5 -2 -4 -3 -1
right_child=2 4 3 -5 -6 -7
leaf_value=0.0007253335527865586 -0.0042605724909337006 -0.010043340961457575 0.0032468524450458627 -0.00034284001368239714 -0.0014903621425640314 -0.0022153837006765962
leaf_weight=599.62319036200643 52.609163105487823 38.474061263725162 454.35590963065624 316.76654111593962 104.38921575993299 246.76770185120404
leaf_count=1918 162 135 1297 944 348 997
internal_value=0 -0.000965286 0.0011797 0.00172503 -0.00511263 -9.41369e-05
internal_weight=1812.99 989.254 823.732 771.122 142.863 846.391
internal_count=5801 3398 2403 2241 483 2915
is_linear=0
shrinkage=0.03


Tree=153
num_leaves=6
num_cat=0
split_feature=2 0 3 0 3
split_gain=1.92406 1.56624 4.46515 3.529 0.916336
threshold=0.54005712270736705 -1.9504249691963194 -2.0760430097579952 -2.0812851190567012 -1.1488497853279112
decision_type=2 2 2 2 2
left_child=1 3 -3 -1 -2
right_child=4 2 -4 -5 -6
leaf_value=0 0 -0.0077321000785364252 0.0010630935534634138 -0.0060715941672654485 -0.0064628536551913545
leaf_weight=478.75554298423231 23.325544141232967 33.317240737378597 1169.8573333565146 90.460643593221903 42.57065112516284
leaf_count=1581 75 96 3550 337 201
internal_value=-0.000175364 3.40572e-06 0.000648048 -0.00123311 -0.00456343
internal_weight=1838.29 1772.39 1203.17 569.216 65.8962
internal_count=5840 5564 3646 1918 276
is_linear=0
shrinkage=0.03


Tree=154
num_leaves=7
num_cat=0
split_feature=1 1 3 3 7 3
split_gain=1.88507 3.19739 2.51998 1.11376 1.4942 0.731092
threshold=0.37307685613632208 0.34009197354316717 -1.1363757252693174 -0.90247467160224903 1.0000000180025095e-35 0.12008802965283395
decision_type=2 2 2 2 2 2
left_child=1 2 -1 4 -2 -5
right_child=3 -3 -4 5 -6 -7
leaf_value=-0.001249898577936428 -0.0034296191141063273 0.0080912104084941028 0.0011727330375948303 -0.0072609563493169675 0.0037036439049783613 0
leaf_weight=555.30164917744696 34.057080855593085 30.330820698291063 1099.0953819900751 35.154817655682564 31.683641240000725 31.943519029766321
leaf_count=1825 148 104 3275 178 90 161
internal_value=0.000274231 0.000586937 0.000318521 -0.00285693 0 -0.00508245
internal_weight=1817.57 1684.73 1654.4 132.839 65.7407 67.0983
internal_count=5781 5204 5100 577 238 339
is_linear=0
shrinkage=0.03


Tree=155
num_leaves=7
num_cat=0
split_feature=2 0 0 2 0 0
split_gain=2.30216 6.50136 5.4631 4.63092 6.88025 2.38422
threshold=-0.061287600547075265 -2.5130456686019893 -0.91050699353218068 0.15218336135149005 -0.74574729800224293 -1.5926294326782224
decision_type=2 2 2 2 2 2
left_child=1 -1 -3 4 -2 -5
right_child=3 2 -4 5 -6 -7
leaf_value=0.0071399573120884165 0.0041767333010391504 -0.0033479473869316629 0.0028784998078126493 -0.0035821553395519773 -0.0043949513832594643 0.00050666244296864067
leaf_weight=53.12705197930336 463.44194930419326 614.97518493235111 131.88449962437153 201.69638245925307 78.531268265098333 246.27378828078508
leaf_count=155 1441 1911 376 836 231 771
internal_value=-6.60865e-05 -0.00127629 -0.00212381 0.000858393 0.00271573 -0.00128051
internal_weight=1789.93 799.987 746.86 989.943 541.973 447.97
internal_count=5721 2442 2287 3279 1672 1607
is_linear=0
shrinkage=0.03


Tree=156
num_leaves=7
num_cat=0
split_feature=2 0 0 2 2 4
split_gain=2.8509 3.34867 3.16245 2.19347 2.18509 1.7835
threshold=0.026214370504021648 -2.5130456686019893 -2.5066567659378047 0.077313281595706954 -0.10164590179920195 1.0000000180025095e-35
decision_type=2 2 2 2 2 2
left_child=2 5 -1 -3 -4 -2
right_child=1 3 4 -5 -6 -7
leaf_value=0.0068490213782479966 -0.01097862032076557 -0.0037419684359009126 -0.00012450043840679987 0.00049802263404942959 0.0026239373456848408 0
leaf_weight=72.978846319019794 23.493063118308783 112.84190092980862 640.99464900791645 563.73588694259524 377.74571822956204 22.685304336249828
leaf_count=209 99 383 1992 1978 1070 74
internal_value=0.000458548 -0.000938375 0.00143758 -0.000210137 0.000867749 -0.00741341
internal_weight=1814.48 722.756 1091.72 676.578 1018.74 46.1784
internal_count=5805 2534 3271 2361 3062 173
is_linear=0
shrinkage=0.03


Tree=157
num_leaves=7
num_cat=0
split_feature=3 2 3 2 7 0
split_gain=1.93437 3.28643 7.45069 2.20936 4.48801 2.02248
threshold=-1.5386641621589658 0.023642514832317833 -0.17118373513221738 -0.03248325735330581 1.0000000180025095e-35 -2.5130456686019893
decision_type=2 2 2 2 2 2
left_child=3 2 -2 -1 -5 -3
right_child=1 5 -4 4 -6 -7
leaf_value=-0.0040157088734546001 0.004117192927911309 -0.0065045231467707586 -0.001372482718026467 -0.0032806504830580193 0.0049965277015256489 -0.00012534832924338988
leaf_weight=153.03976293280721 560.1276920735836 31.363385148346424 327.01156363077462 103.75902872346342 89.705974049866199 546.57333911955357
leaf_count=602 1526 125 1010 374 242 1928
internal_value=0.000390034 0.000893636 0.00204184 -0.00150813 0.000384788 -0.000777864
internal_weight=1811.58 1465.08 887.139 346.505 193.465 577.937
internal_count=5807 4589 2536 1218 616 2053
is_linear=0
shrinkage=0.03


Tree=158
num_leaves=7
num_cat=0
split_feature=1 3 3 0 3 0
split_gain=3.71033 3.49959 3.0022 2.84025 2.67708 0.0580769
threshold=-0.12241487205028533 1.0510383844375613 -2.0367603302001949 -2.5508338212966915 -1.9737695455551145 -1.4842351078987119
decision_type=2 2 2 2 2 2
left_child=3 2 -2 -1 -5 -3
right_child=1 5 -4 4 -6 -7
leaf_value=-0.0053748468559950734 0.0039542797054687032 0.0061145740114506176 -0.0021210588545016603 -0.0044807722439604205 0.0026784068090308756 0.00014154337094691294
leaf_weight=26.28981265053153 53.983866695314646 28.661459136754274 1054.575705524534 27.311956685036421 568.38324910774827 26.320484533905983
leaf_count=80 172 120 3437 101 1760 90
internal_value=-0.000247822 -0.00126957 -0.00170721 0.00155009 0.00211783 0.00485584
internal_weight=1785.53 1163.54 1108.56 621.985 595.695 54.9819
internal_count=5760 3819 3609 1941 1861 210
is_linear=0
shrinkage=0.03


Tree=159
num_leaves=7
num_cat=0
split_feature=3 3 1 1 3 2
split_gain=2.09062 2.60125 7.36794 3.40671 2.3374 2.43321
threshold=-0.5023394227027892 -1.9626725912094114 0.059612864628434188 -0.042156750336289399 -0.44145695865154261 -0.2664471566677093
decision_type=2 2 2 2 2 2
left_child=1 2 -1 -3 -2 -6
right_child=4 3 -4 -5 5 -7
leaf_value=-0.0086017476869686398 -0.0068290933920828042 0.0035951897294444306 0.0041647103404881475 0 0.0029852883567978708 -0.0012447885623420589
leaf_weight=64.000665176659822 35.18153265491128 455.50371217541397 54.941138923168182 535.31837180815637 133.85007758811116 536.56256440468132
leaf_count=227 103 1391 160 1693 422 1854
internal_value=0.0003725 0.0011985 -0.00252224 0.00174558 -0.000841181 -0.000251322
internal_weight=1815.36 1109.76 118.942 990.822 705.594 670.413
internal_count=5850 3471 387 3084 2379 2276
is_linear=0
shrinkage=0.03


Tree=160
num_leaves=7
num_cat=0
split_feature=2 0 0 0 3 0
split_gain=2.75602 2.23306 4.85407 3.33059 1.26757 3.97316
threshold=0.48069293797016149 -1.9118556976318357 -2.3232748508453365 -1.789893567562103 -1.1000226736068723 -1.3895760774612425
decision_type=2 2 2 2 2 2
left_child=1 2 -1 -3 -2 -6
right_child=4 3 -4 -5 5 -7
leaf_value=0.0019788793426198342 0 0.0066965837946327631 -0.00334420762529239 0.0010392282501500984 0 -0.012583346017782779
leaf_weight=288.45404975116253 29.232272125780582 92.003177564591169 279.21683077141643 1045.6420583091676 35.315121820196509 20.694652490317822
leaf_count=924 103 319 1012 3134 172 85
internal_value=0.000574913 0.000885191 -0.000561964 0.00165637 -0.00405085 -0.0061424
internal_weight=1790.56 1705.32 567.671 1137.65 85.242 56.0098
internal_count=5749 5389 1936 3453 360 257
is_linear=0
shrinkage=0.03


Tree=161
num_leaves=7
num_cat=0
split_feature=2 3 4 3 3 3
split_gain=5.37158 3.12916 2.56969 6.07798 3.3819 1.95143
threshold=-0.042123988270759576 -1.5386641621589658 1.0000000180025095e-35 -1.1143824458122251 -0.75099369883537281 -1.7722295522689817
decision_type=2 2 2 2 2 2
left_child=1 5 4 -4 -2 -1
right_child=2 -3 3 -5 -6 -7
leaf_value=0.00025165447956398209 -0.00027846031900156888 0.0024138110036543213 -0.0037557458316809641 0.0050573119707140951 -0.0046744978626633423 -0.0057851396540354047
leaf_weight=88.751135868951678 344.06683940440416 729.72472386807203 109.93624380417168 128.42964329570532 335.23579911887646 52.988894704729319
leaf_count=337 1043 2099 384 421 1259 233
internal_value=-4.66904e-05 0.00158706 -0.00166293 0.000784343 -0.00260535 -0.0020705
internal_weight=1789.13 871.465 917.669 238.366 679.303 141.74
internal_count=5776 2669 3107 805 2302 570
is_linear=0
shrinkage=0.03


Tree=162
num_leaves=5
num_cat=0
split_feature=1 3 2 1
split_gain=1.71651 1.74067 2.58991 2.06429
threshold=-0.62405905127525318 0.71503853797912609 0.17262800782918933 -0.0094531881622970087
decision_type=2 2 2 2
left_child=-1 2 -2 -3
right_child=1 3 -4 -5
leaf_value=-0.0040239988935978008 0.001898725271347734 -0.0050478252961409786 -0.00083403560461159138 0.0010746515539592307
leaf_weight=41.605317033827305 1255.0905147045851 72.256923202425241 365.80714195966721 69.051911227405071
leaf_count=136 3846 251 1306 285
internal_value=0.000746444 0.000936633 0.00124278 -0.00192176
internal_weight=1803.81 1762.21 1620.9 141.309
internal_count=5824 5688 5152 536
is_linear=0
shrinkage=0.03


Tree=163
num_leaves=7
num_cat=0
split_feature=2 4 1 2 4 3
split_gain=2.91578 3.97316 5.63183 5.04888 2.15708 3.07586
threshold=-0.0018752603209577499 1.0000000180025095e-35 -0.40447188913822169 -0.16460460424423215 1.0000000180025095e-35 -0.89516085386276234
decision_type=2 2 2 2 2 2
left_child=1 3 -3 -1 5 -2
right_child=4 2 -4 -5 -6 -7
leaf_value=0 5.4804637835580081e-05 0.006452787915637 -0.0042121858005601982 0.004740169514388725 0.0011567164367376026 -0.0040436323649067586
leaf_weight=416.67418135516346 264.07389067858458 33.882473340258002 196.35829338058829 361.91518334671855 209.87427661754191 320.72837519645691
leaf_count=1287 813 116 623 1022 721 1234
internal_value=0.000107287 0.00119743 -0.00201266 0.00224846 -0.0011984 -0.00215312
internal_weight=1803.51 1008.83 230.241 778.589 794.677 584.802
internal_count=5816 3048 739 2309 2768 2047
is_linear=0
shrinkage=0.03


Tree=164
num_leaves=7
num_cat=0
split_feature=1 2 5 1 4 2
split_gain=2.71637 3.69576 5.13965 4.40812 2.78035 2.06307
threshold=-0.41214661300182337 -0.25027857720851893 1.0000000180025095e-35 -0.19070166349411008 1.0000000180025095e-35 -0.23919350653886792
decision_type=2 2 2 2 2 2
left_child=4 2 -2 -3 5 -1
right_child=1 3 -4 -5 -6 -7
leaf_value=-0.0079369481182212792 0 0.0036383861997522559 0.0093008337590386961 -0.0011749587880207509 0.0018642785386953965 0
leaf_weight=87.097092013806105 164.64775117114186 175.1377371866256 68.021534137427807 1232.139865944162 31.872383747249842 26.777925089001656
leaf_count=278 532 538 211 4046 112 85
internal_value=-0.000268385 6.492e-05 0.00343924 -0.000491303 -0.00393602 -0.00604362
internal_weight=1785.69 1639.95 232.669 1407.28 145.747 113.875
internal_count=5802 5327 743 4584 475 363
is_linear=0
shrinkage=0.03


Tree=165
num_leaves=7
num_cat=0
split_feature=0 3 0 3 0 3
split_gain=5.83357 4.96639 4.15862 7.19574 4.08865 3.69984
threshold=-1.4730488657951353 -1.1000226736068723 -1.6113461852073667 -0.42575030028820032 -0.2815470397472381 0.25291956961154943
decision_type=2 2 2 2 2 2
left_child=2 -2 5 -4 -3 -1
right_child=1 4 3 -5 -6 -7
leaf_value=-2.9376690994418549e-05 0.0044124534531716376 -0.0013951592123816259 -0.011418598310344844 0.0018297781297638013 0.0060760108831409785 -0.0051460009092055082
leaf_weight=715.18689014296979 298.87159143015742 451.07368483580649 77.996271329000592 40.357369812205434 55.798158831894398 141.65590552799404
leaf_count=2412 888 1344 239 156 175 597
internal_value=-0.000361858 0.00146575 -0.0019313 -0.00685591 -0.000259403 -0.00104178
internal_weight=1780.94 805.743 975.196 118.354 506.872 856.843
internal_count=5811 2407 3404 395 1519 3009
is_linear=0
shrinkage=0.03


Tree=166
num_leaves=5
num_cat=0
split_feature=0 3 3 2
split_gain=2.53512 1.82426 5.44852 2.8517
threshold=0.12622033804655078 -1.2713732123374937 -1.3462581038475034 0.16868672519922259
decision_type=2 2 2 2
left_child=1 2 -1 -3
right_child=-2 3 -4 -5
leaf_value=-0.00058546586343519798 0.0057765247197736078 0.00089197096690001704 -0.0097322803487189212 -0.0024521407374222277
leaf_weight=438.88457368407398 39.014067731797695 967.04512334242463 52.014244392514229 277.32708259113133
leaf_count=1525 104 2908 146 1092
internal_value=-0.000266011 -0.00050032 -0.00201512 7.22317e-05
internal_weight=1774.29 1735.27 490.899 1244.37
internal_count=5775 5671 1671 4000
is_linear=0
shrinkage=0.03


Tree=167
num_leaves=5
num_cat=0
split_feature=2 0 5 2
split_gain=1.65554 1.63152 1.30533 0.1105
threshold=0.48069293797016149 1.0000000180025095e-35 1.0000000180025095e-35 0.6416088640689851
decision_type=2 2 2 2
left_child=1 2 -1 -2
right_child=3 -3 -4 -5
leaf_value=6.9243542583780867e-06 -0.005186179668039202 0.0041144804062256029 -0.0018877559514853205 -0.00027460000904438466
leaf_weight=1241.349613673985 51.629107790067792 52.798598371446133 396.9850535094738 37.61684194765985
leaf_count=3919 204 140 1359 161
internal_value=-0.000481125 -0.000209746 -0.000433225 -0.00409446
internal_weight=1780.38 1691.13 1638.33 89.2459
internal_count=5783 5418 5278 365
is_linear=0
shrinkage=0.03


Tree=168
num_leaves=7
num_cat=0
split_feature=0 3 1 1 3 0
split_gain=2.43465 7.10757 3.42345 3.88672 3.21402 0.189033
threshold=-0.64899167418479908 -1.518774628639221 0.37307685613632208 0.27706985175609594 -1.1768497228622434 -1.2014395594596861
decision_type=2 2 2 2 2 2
left_child=2 -2 3 -1 -3 -4
right_child=1 4 5 -5 -6 -7
leaf_value=-3.7192735790236281e-05 -0.012324654740985 0.0065352806107657159 -0.0053245365688225172 0.0059645525056199319 -0.0022544812884560408 0
leaf_weight=1362.6215391587466 39.452050618827343 28.694687746465206 88.642690910026431 83.139036189764738 139.92982725054026 23.346790051087737
leaf_count=4370 128 75 422 283 411 104
internal_value=-0.000498952 -0.00339821 -3.54879e-05 0.000343681 0 -0.00469542
internal_weight=1765.83 208.077 1557.75 1445.76 168.625 111.989
internal_count=5793 614 5179 4653 486 526
is_linear=0
shrinkage=0.03


Tree=169
num_leaves=7
num_cat=0
split_feature=0 0 0 2 5 3
split_gain=3.42058 3.38878 3.69236 2.96718 7.84302 4.59224
threshold=-1.4686117768287656 -1.2472656369209287 -1.2014395594596861 -0.12761672586202619 1.0000000180025095e-35 0.026481049135327343
decision_type=2 2 2 2 2 2
left_child=3 -2 -3 5 -5 -1
right_child=1 2 -4 4 -6 -7
leaf_value=0.0025086405959023239 0.0040812632915744529 -0.0071135423362449351 0.00056475322299311083 -0.00062332460429588706 -0.0082562676295693683 -0.0045477642071224417
leaf_weight=273.9764981996268 212.91469444334507 42.182241693139076 551.62563036754727 468.77150621265173 155.87590399198234 93.60820596665144
leaf_count=867 619 118 1646 1579 673 321
internal_value=-0.000387501 0.00100527 -9.69499e-05 -0.00157664 -0.00281819 0.000414924
internal_weight=1798.95 806.723 593.808 992.232 624.647 367.585
internal_count=5823 2383 1764 3440 2252 1188
is_linear=0
shrinkage=0.03


Tree=170
num_leaves=7
num_cat=0
split_feature=2 5 5 2 1 1
split_gain=1.05972 2.16901 1.58715 7.88648 1.77476 1.49129
threshold=-0.37160487473011011 1.0000000180025095e-35 1.0000000180025095e-35 -0.12761672586202619 0.36581934988498693 -0.41214661300182337
decision_type=2 2 2 2 2 2
left_child=1 5 4 -4 -2 -1
right_child=2 -3 3 -5 -6 -7
leaf_value=0 0.0015848604431878614 0.0024123815758806638 0.0046349286105763958 -0.0041646767424310845 -0.0019677839851225823 -0.0064533800536275936
leaf_weight=56.603025864809752 1127.6333281192929 48.386881522834301 119.29944397881627 237.11666303500533 110.75960375368595 61.932805404067039
leaf_count=209 3429 149 357 937 468 217
internal_value=0.000396149 -0.00166131 0.00066656 -0.000970109 0.00119321 -0.00386551
internal_weight=1761.73 166.923 1594.81 356.416 1238.39 118.536
internal_count=5766 575 5191 1294 3897 426
is_linear=0
shrinkage=0.03


Tree=171
num_leaves=5
num_cat=0
split_feature=1 1 0 0
split_gain=2.42005 2.68827 3.18013 2.96819
threshold=-0.62405905127525318 0.14898611605167392 -2.3127735853195186 -0.94978725910186756
decision_type=2 2 2 2
left_child=-1 2 -2 -3
right_child=1 3 -4 -5
leaf_value=-0.0061647182926434872 0.0038971258289191195 -0.00023359541365796681 4.0502075615847771e-05 -0.0059321657273592211
leaf_weight=37.361711625009775 224.91334291175008 348.34139898605645 1058.0448980554938 99.993736620992422
leaf_count=138 699 1296 3343 303
internal_value=-8.57422e-05 8.00869e-05 0.000812091 -0.00183173
internal_weight=1768.66 1731.29 1282.96 448.335
internal_count=5779 5641 4042 1599
is_linear=0
shrinkage=0.03


Tree=172
num_leaves=7
num_cat=0
split_feature=0 3 3 3 0 3
split_gain=3.6733 10.6465 6.05792 5.38194 3.95561 3.70349
threshold=-1.4686117768287656 -1.1363757252693174 -2.0367603302001949 -0.17118373513221738 -1.4220519661903379 -1.0827048420906065
decision_type=2 2 2 2 2 2
left_child=1 2 -1 -3 -2 -6
right_child=4 3 -4 -5 5 -7
leaf_value=0.0025422749673091336 0.0072021674492887093 0.0025738211672656328 -0.0078097535132604897 -0.0027877970659974777 0.0026484417806579637 -0.0015699852888050971
leaf_weight=41.379742067307234 56.18138961493969 371.20270055532455 283.54739676229656 273.05991237983108 281.45009096339345 474.42989136837423
leaf_count=139 160 1142 1054 1068 823 1425
internal_value=-0.000740538 -0.00198616 -0.0062465 0.000195546 0.000686003 0
internal_weight=1781.25 969.19 324.927 644.263 812.061 755.88
internal_count=5811 3403 1193 2210 2408 2248
is_linear=0
shrinkage=0.03


Tree=173
num_leaves=5
num_cat=0
split_feature=1 2 1 1
split_gain=1.23727 1.07446 1.38804 1.11211
threshold=0.61338609457016002 0.37236844003200537 0.42789354920387274 -0.070768069475889192
decision_type=2 2 2 2
left_child=1 3 -3 -1
right_child=-2 2 -4 -5
leaf_value=0.00070748160232872524 -0.0043145830031294085 0.0047602783457375477 -0.00084291510132976182 -0.00083739910444022747
leaf_weight=756.05344616249204 39.092571611516178 76.283274441957474 32.784289577975869 869.36551131866872
leaf_count=2412 182 278 142 2808
internal_value=-2.0533e-05 9.01302e-05 0.00274153 -8.24777e-05
internal_weight=1773.58 1734.49 109.068 1625.42
internal_count=5822 5640 420 5220
is_linear=0
shrinkage=0.03


Tree=174
num_leaves=7
num_cat=0
split_feature=3 3 3 1 3 1
split_gain=1.97199 3.02973 2.21378 1.59274 1.36942 1.32552
threshold=0.66255709528923046 1.0510383844375613 -1.6020662784576414 0.32127971947193151 1.6741371750831606 0.31389041244983679
decision_type=2 2 2 2 2 2
left_child=2 -2 5 -4 -3 -1
right_child=1 4 3 -5 -6 -7
leaf_value=-0.0028898862414767968 -0.0070955859604300972 0.0027675049445795206 0.0011498835796511489 -0.0020241875117991931 -0.0036060022023059286 0.0018652686356876956
leaf_weight=251.60236907750368 67.944382287561893 65.05259595438838 1208.1049440950155 130.58596841059625 24.817867010831833 34.765730246901512
leaf_count=915 289 242 3628 564 91 112
internal_value=-6.96834e-05 -0.00309449 0.000221643 0.000770862 0.000125331 -0.00203268
internal_weight=1782.87 157.815 1625.06 1338.69 89.8705 286.368
internal_count=5841 622 5219 4192 333 1027
is_linear=0
shrinkage=0.03


Tree=175
num_leaves=7
num_cat=0
split_feature=3 2 2 0 0 3
split_gain=2.138 1.45441 2.2092 1.40187 5.55687 2.07198
threshold=0.66255709528923046 -0.21929120272397992 0.028957637958228592 -0.74574729800224293 -0.88333407044410694 -0.77094918489456166
decision_type=2 2 2 2 2 2
left_child=3 -2 -3 4 -1 -5
right_child=1 2 -4 5 -6 -7
leaf_value=-0.00014188134797934698 5.7958141242468096e-05 -0.0088845488720777476 0 0.00012910150590292758 0.0073993658375569584 -0.0050556194311472203
leaf_weight=1332.366550590843 39.883477680385113 49.432413849979639 58.990291908383369 117.12063686549664 73.31174548715353 96.959499768912792
leaf_count=4358 145 168 283 337 208 302
internal_value=-0.000381004 -0.00360196 -0.00521483 -9.16482e-06 0.000307624 -0.00219412
internal_weight=1768.06 148.306 108.423 1619.76 1405.68 214.08
internal_count=5801 596 451 5205 4566 639
is_linear=0
shrinkage=0.03


Tree=176
num_leaves=7
num_cat=0
split_feature=0 2 2 3 3 3
split_gain=2.54267 3.16054 2.27478 2.22309 3.53088 0.963611
threshold=-1.8587608933448789 -0.37160487473011011 -0.18328925222158429 -2.0629258155822749 -1.089898884296417 -1.1000226736068723
decision_type=2 2 2 2 2 2
left_child=3 5 -3 -1 -5 -2
right_child=1 2 -4 4 -6 -7
leaf_value=0.0049765471245238153 -0.0070480306720102151 0.0043471673103052293 0.00078251465005658516 -0.0047674485107257799 0 -9.4326335973739014e-05
leaf_weight=24.664678882807493 26.533863333985209 208.36635286547244 829.39022891037166 202.75897488743067 398.33393794670701 61.816583074629307
leaf_count=83 101 594 2608 780 1368 214
internal_value=0.000226834 0.00110087 0.00162363 -0.00123854 -0.00174221 -0.00365194
internal_weight=1751.86 1126.11 1037.76 625.758 601.093 88.3504
internal_count=5748 3517 3202 2231 2148 315
is_linear=0
shrinkage=0.03


Tree=177
num_leaves=7
num_cat=0
split_feature=0 0 1 0 2 1
split_gain=4.02672 4.79398 3.43062 2.81942 2.56452 0.77495
threshold=-1.5472180247306822 -1.6323937773704527 0.3339714407920838 -1.7190909981727598 -0.0095905545167624933 0.064859680831432356
decision_type=2 2 2 2 2 2
left_child=1 3 4 -1 -2 -3
right_child=2 5 -4 -5 -6 -7
leaf_value=-0.00082577417856321189 0.00081186550851388827 -0.0094150147826199838 -0.0031738953616560696 0.0046078275216205698 0.0044893389435252977 -0.00023110657339823804
leaf_weight=741.26467913202941 448.42710909619927 45.836577143520117 81.651408046483994 75.961895816028118 333.44979091361165 26.961849957704544
leaf_count=2662 1319 157 305 251 987 102
internal_value=0.000398783 -0.000963888 0.0018612 -0.000151043 0.00252789 -0.00744307
internal_weight=1753.55 890.025 863.528 817.227 781.877 72.7984
internal_count=5783 3172 2611 2913 2306 259
is_linear=0
shrinkage=0.03


Tree=178
num_leaves=7
num_cat=0
split_feature=2 3 4 2 3 3
split_gain=2.22632 2.92027 3.52835 3.00681 1.57075 3.26679
threshold=0.28563940525054937 -1.1000226736068723 1.0000000180025095e-35 0.41804119944572454 0.52953049540519725 0.30056671798229223
decision_type=2 2 2 2 2 2
left_child=4 3 -3 -2 5 -1
right_child=1 2 -4 -5 -6 -7
leaf_value=0.00010098198689610324 -0.0033209313765947862 -0.0077536837645364445 0.0013689289984763018 0.0057585018786330102 0.0027207661260010467 -0.0060626115158490014
leaf_weight=1319.4920340832323 44.614079046994448 109.52487310580909 32.231611631810665 42.054077938199043 164.18493107147515 61.343321312218904
leaf_count=4132 140 497 122 142 600 224
internal_value=-0.000293735 -0.00293865 -0.00539573 0.00077586 9.15232e-05 -0.000212651
internal_weight=1773.44 228.425 141.756 86.6682 1545.02 1380.84
internal_count=5857 901 619 282 4956 4356
is_linear=0
shrinkage=0.03


Tree=179
num_leaves=7
num_cat=0
split_feature=3 2 2 3 3 2
split_gain=1.97484 2.55527 4.20251 2.15095 1.83918 4.78189
threshold=1.0000000180025095e-35 0.25592552125453955 0.37236844003200537 -0.17118373513221738 0.25291956961154943 -0.18328925222158429
decision_type=2 2 2 2 2 2
left_child=1 3 -3 -1 5 -2
right_child=4 2 -4 -5 -6 -7
leaf_value=0 -0.0037339608466788253 -0.0082930662952125714 0 -0.0045227306194835495 0 0.0074181119059280503
leaf_weight=1079.6273944638669 27.847557693719864 84.997056886553764 108.88936474174261 81.587530024349689 285.73556383885443 90.13765951897949
leaf_count=3380 88 293 411 252 1092 303
internal_value=-0.000391607 -0.000965289 -0.00400977 -0.000346877 0.00134704 0.00419141
internal_weight=1758.82 1355.1 193.886 1161.21 403.721 117.985
internal_count=5819 4336 704 3632 1483 391
is_linear=0
shrinkage=0.03


end of trees

feature_importances:
Column_3=288
Column_0=262
Column_2=222
Column_1=157
Column_7=32
Column_4=31
Column_5=24
Column_6=6

parameters:
[boosting: gbdt]
[objective: lambdarank]
[metric: ndcg]
[tree_learner: serial]
[device_type: cpu]
[data_sample_strategy: bagging]
[data: ]
[valid: ]
[num_iterations: 180]
[learning_rate: 0.03]
[num_leaves: 7]
[num_threads: 1]
[seed: 17]
[deterministic: 1]
[force_col_wise: 1]
[force_row_wise: 0]
[histogram_pool_size: -1]
[max_depth: 3]
[min_data_in_leaf: 80]
[min_sum_hessian_in_leaf: 0.001]
[bagging_fraction: 0.8]
[pos_bagging_fraction: 1]
[neg_bagging_fraction: 1]
[bagging_freq: 1]
[bagging_seed: 26602]
[bagging_by_query: 0]
[feature_fraction: 0.8]
[feature_fraction_bynode: 1]
[feature_fraction_seed: 18297]
[extra_trees: 0]
[extra_seed: 13015]
[early_stopping_round: 0]
[early_stopping_min_delta: 0]
[first_metric_only: 0]
[max_delta_step: 0]
[lambda_l1: 2]
[lambda_l2: 20]
[linear_lambda: 0]
[min_gain_to_split: 0]
[drop_rate: 0.1]
[max_drop: 50]
[skip_drop: 0.5]
[xgboost_dart_mode: 0]
[uniform_drop: 0]
[drop_seed: 30017]
[top_rate: 0.2]
[other_rate: 0.1]
[min_data_per_group: 100]
[max_cat_threshold: 32]
[cat_l2: 10]
[cat_smooth: 10]
[max_cat_to_onehot: 4]
[top_k: 20]
[monotone_constraints: ]
[monotone_constraints_method: basic]
[monotone_penalty: 0]
[feature_contri: ]
[forcedsplits_filename: ]
[refit_decay_rate: 0.9]
[cegb_tradeoff: 1]
[cegb_penalty_split: 0]
[cegb_penalty_feature_lazy: ]
[cegb_penalty_feature_coupled: ]
[path_smooth: 0]
[interaction_constraints: ]
[verbosity: -1]
[saved_feature_importance_type: 0]
[use_quantized_grad: 0]
[num_grad_quant_bins: 4]
[quant_train_renew_leaf: 0]
[stochastic_rounding: 1]
[linear_tree: 0]
[max_bin: 255]
[max_bin_by_feature: ]
[min_data_in_bin: 3]
[bin_construct_sample_cnt: 200000]
[data_random_seed: 94]
[is_enable_sparse: 1]
[enable_bundle: 1]
[use_missing: 1]
[zero_as_missing: 0]
[feature_pre_filter: 1]
[pre_partition: 0]
[two_round: 0]
[header: 0]
[label_column: ]
[weight_column: ]
[group_column: ]
[ignore_column: ]
[categorical_feature: ]
[forcedbins_filename: ]
[precise_float_parser: 0]
[parser_config_file: ]
[objective_seed: 20363]
[num_class: 1]
[is_unbalance: 0]
[scale_pos_weight: 1]
[sigmoid: 1]
[boost_from_average: 1]
[reg_sqrt: 0]
[alpha: 0.9]
[fair_c: 1]
[poisson_max_delta_step: 0.7]
[tweedie_variance_power: 1.5]
[lambdarank_truncation_level: 30]
[lambdarank_norm: 1]
[label_gain: 0,1,2,3]
[lambdarank_position_bias_regularization: 0]
[eval_at: 2]
[multi_error_top_k: 1]
[auc_mu_weights: ]
[num_machines: 1]
[local_listen_port: 12400]
[time_out: 120]
[machine_list_filename: ]
[machines: ]
[gpu_platform_id: -1]
[gpu_device_id: -1]
[gpu_device_id_list: ]
[gpu_use_dp: 0]
[num_gpu: 1]

end of parameters

pandas_categorical:null
