tree
version=v4
num_class=1
num_tree_per_iteration=1
label_index=0
max_feature_idx=23
objective=lambdarank
feature_names=Column_0 Column_1 Column_2 Column_3 Column_4 Column_5 Column_6 Column_7 Column_8 Column_9 Column_10 Column_11 Column_12 Column_13 Column_14 Column_15 Column_16 Column_17 Column_18 Column_19 Column_20 Column_21 Column_22 Column_23
feature_infos=[-2.8707199096679688:1.4220840930938721] [-1.4033499956130981:2.5005612373352051] [-1.2703711986541748:2.8120923042297363] [-2.4748332500457764:3.0045833587646484] [-0.66183751821517944:1.6389422416687012] [-2.6019799709320068:1.8919925689697266] [-1.1248760223388672:3.0370988845825195] [-3.5753879547119141:1.9016095399856567] [-2.1968531608581543:2.1679477691650391] [-1.0730923414230347:1.9400030374526978] [-0.21451142430305481:2.8151693344116211] [-2.9535558223724365:2.9696903228759766] [-2.4684848785400391:3.1746187210083008] [-4.3413271903991699:1.7943376302719116] [-1.2829312086105347:4.3881587982177734] [-2.6704778671264648:2.63877272605896] [-4.3478174209594727:1.5158103704452515] [-2.9773988723754883:2.9774856567382812] [-4.8661012649536133:1.0583555698394775] [-3.5699975490570068:2.0406937599182129] [0:1] [0:1] [0:1] [0:1]
tree_sizes=886 897 901 910 903 908 685 901 688 904 877 690 883 906 879 880 905 880 665 881 903 692 894 903 905 894 903 898 776 904 886 898 692 902 901 882 898 905 901 899 902 870 689 793 687 908 873 788 898 900 899 893 904 685 902 689 905 668 666 775 796 890 884 902 900 894 689 903 874 897 908 901 900 893 894 880 906 905 902 886 674 909 910 903 881 894 891 882 907 671 901 910 897 898 692 902 885 898 692 911 909 887 901 896 797 908 910 881 889 910 912 672 902 776 912 883 906 883 698 887 904 914 902 664 770 906 896 864 761 901 888 898 669 895 917 907 579 908 863 887 901 898 903 885 902 902 895 904 912 901 875 910 696 909 896 672 877 897 896 906 901 907 907 868 696 902 906 901 914 870 907 877 777 904 908 898 905 685 885 895

Tree=0
num_leaves=7
num_cat=0
split_feature=14 11 4 9 0 11
split_gain=7.37469 5.64976 3.83436 3.48193 3.24365 2.92544
threshold=0.71303296089172374 -0.26632708311080927 -0.30272179841995234 -0.27732455730438227 -1.4732437729835508 0.42647962272167211
decision_type=2 2 2 2 2 2
left_child=1 4 -2 -3 -1 -4
right_child=2 3 5 -5 -6 -7
leaf_value=-0.0052168161920872723 0.0030097330044190039 -0.0011945018523395105 -0.0075981429973010555 0.0082913909883691028 0.0029814572537626332 0
leaf_weight=75.566315844655037 34.037169679999352 26.188847549259663 155.60691440664232 125.70159035921097 52.899488503113389 59.688418410718441
leaf_count=839 302 333 1819 1457 647 603
internal_value=-0.00042671 0.00270243 -0.00410737 0.0063581 -0.00148994 -0.00564774
internal_weight=529.689 280.356 249.333 151.89 128.466 215.295
internal_count=6000 3276 2724 1790 1486 2422
is_linear=0
shrinkage=0.03


Tree=1
num_leaves=7
num_cat=0
split_feature=14 5 14 3 4 11
split_gain=61.8728 58.583 53.325 49.8284 36.3979 35.0701
threshold=0.67081961035728466 0.25096198916435247 -0.93311592936515797 -0.63468959927558888 -0.31707021594047541 0.41689600050449377
decision_type=2 2 2 2 2 2
left_child=1 2 -1 -3 -2 -6
right_child=4 3 -4 -5 5 -7
leaf_value=0.020799819431283093 0.0066517835923618944 0.01563203076636166 -0.0012144767760299152 -0.0013295190541006349 -0.0092651958282251451 0.0015799015810549284
leaf_weight=85.252971321344376 202.30669794231653 470.98429474234581 1649.5432701818645 214.93446757271886 986.98452596366405 346.65499344468117
leaf_count=94 283 642 2202 291 1869 626
internal_value=6.34852e-05 0.00305826 5.79106e-05 0.010345 -0.00459649 -0.0064202
internal_weight=3956.66 2420.72 1734.8 685.919 1535.95 1333.64
internal_count=6007 3229 2296 933 2778 2495
is_linear=0
shrinkage=0.03


Tree=2
num_leaves=7
num_cat=0
split_feature=11 13 14 2 7 15
split_gain=44.0564 35.1295 32.8127 24.1 17.6112 15.9747
threshold=-0.44579729437828058 1.1868554353713991 0.67081961035728466 0.39131163060665136 -0.060695454478263848 -2.0569863319396968
decision_type=2 2 2 2 2 2
left_child=3 2 -2 5 -3 -1
right_child=1 4 -4 -5 -6 -7
leaf_value=-0.012160179927213657 0.0060470205245149291 0.0004179351808719437 -0.0010423462786449964 -0.015643961316378102 -0.019929255581290082 -0.0012139955392809242
leaf_weight=123.41917409002781 1458.1029516160488 54.807347670197487 945.52271622419357 138.37519097328186 71.579986110329628 896.22006425261497
leaf_count=224 2034 87 1818 229 127 1501
internal_value=0.000152088 0.00238346 0.00324791 -0.00462974 -0.0118443 -0.0028051
internal_weight=3688.03 2530.01 2403.63 1158.01 126.387 1019.64
internal_count=6020 4066 3852 1954 214 1725
is_linear=0
shrinkage=0.03


Tree=3
num_leaves=7
num_cat=0
split_feature=14 0 11 18 6 16
split_gain=56.952 48.2924 51.8464 51.8005 37.2833 24.5381
threshold=0.67081961035728466 -1.5919315814971922 -0.16227434575557706 -1.7027961015701292 -0.054069811478257172 -0.029141605831682679
decision_type=2 2 2 2 2 2
left_child=1 2 -1 -3 -2 -6
right_child=4 3 -4 -5 5 -7
leaf_value=-0.0082113730515997845 0.0010112295022723363 -0.0079028099023351894 0.0053952196827022434 0.0096685919477132905 0.0040995623906444189 -0.011010064370667618
leaf_weight=497.46285622194409 603.25380779057741 156.07740046083927 468.48577235639095 1069.8652558475733 96.435645341873169 636.79207181185484
leaf_count=821 1247 224 639 1517 197 1343
internal_value=0.000396979 0.00337827 -0.00157573 0.00729244 -0.00442596 -0.00888707
internal_weight=3528.37 2191.89 965.949 1225.94 1336.48 733.228
internal_count=5988 3201 1460 1741 2787 1540
is_linear=0
shrinkage=0.03


Tree=4
num_leaves=7
num_cat=0
split_feature=3 14 2 18 14 9
split_gain=42.4953 38.3663 39.4651 36.9916 36.3432 16.4689
threshold=0.49634872376918798 0.64959290623664867 0.020261994563043121 -0.11657157912850379 -0.29873985052108759 -0.11506817489862441
decision_type=2 2 2 2 2 2
left_child=1 4 -3 5 -1 -2
right_child=3 2 -4 -5 -6 -7
leaf_value=-0.0017732075750573912 -0.0099111593004222974 0.0022541595316234002 -0.0091044871964853086 -0.013969968989876548 0.0072943022120026653 0.0075902483392517508
leaf_weight=556.08911407738924 47.929818511009216 619.79735730588436 459.01570004969835 294.68489262461662 1248.4025143682957 141.6227161064744
leaf_count=869 88 1325 1063 524 1885 259
internal_value=0.00039821 0.00180883 -0.00260189 -0.00762071 0.00447828 0.00235499
internal_weight=3367.54 2883.3 1078.81 484.237 1804.49 189.553
internal_count=6013 5142 2388 871 2754 347
is_linear=0
shrinkage=0.03


Tree=5
num_leaves=7
num_cat=0
split_feature=14 11 0 2 14 11
split_gain=38.8218 34.7252 34.9692 26.9291 25.886 22.6065
threshold=0.67081961035728466 -0.26129333674907679 -1.6640040874481199 0.020261994563043121 -0.29873985052108759 0.14002928882837298
decision_type=2 2 2 2 2 2
left_child=1 2 -1 5 -3 -2
right_child=3 4 -4 -5 -6 -7
leaf_value=-0.0087725759204685394 -0.0042289721561063085 -0.0010828034947155465 0.0031164463949353354 -0.0092811907094591736 0.0087137206892152277 0.0066536819199521941
leaf_weight=361.38208821415901 452.02288017421961 318.50055715441704 508.76229397207499 504.4809198230505 837.68096046149731 249.52758932858706
leaf_count=678 976 514 791 1261 1240 567
internal_value=6.72099e-05 0.00261406 -0.00183998 -0.00413581 0.00599148 -0.000197936
internal_weight=3232.36 2026.33 870.144 1206.03 1156.18 701.55
internal_count=6027 3223 1469 2804 1754 1543
is_linear=0
shrinkage=0.03


Tree=6
num_leaves=5
num_cat=0
split_feature=14 0 11 7
split_gain=34.1454 32.8878 36.9462 0.310516
threshold=-0.93311592936515797 0.067833337932825102 -0.27823454141616816 0.22001841664314273
decision_type=2 2 2 2
left_child=-1 2 -2 -3
right_child=1 3 -4 -5
leaf_value=0.018313008896910107 -0.005327772053124423 0.018463352305636036 0.001422169286171521 0.0058287818950215082
leaf_weight=67.190487653017044 1216.1619946956635 49.628889828920364 1745.3591676130891 48.360921554267406
leaf_count=96 2406 77 3370 88
internal_value=-0.000176244 -0.000718071 -0.00134675 0.0147813
internal_weight=3126.7 3059.51 2961.52 97.9898
internal_count=6037 5941 5776 165
is_linear=0
shrinkage=0.03


Tree=7
num_leaves=7
num_cat=0
split_feature=14 2 12 10 0 11
split_gain=38.2292 30.5458 24.5342 52.543 41.6802 19.791
threshold=0.67081961035728466 0.031499054282903678 2.130003929138184 1.0501032471656802 -1.4732437729835508 0.41010729968547827
decision_type=2 2 2 2 2 2
left_child=2 5 4 -4 -1 -2
right_child=1 -3 3 -5 -6 -7
leaf_value=-0.0043438294420532842 -0.003357779848019151 -0.010128304383809265 -0.0091198212957069851 0.014794758619732198 0.0055353329996377055 0.0076598117002849965
leaf_weight=736.99727457016706 508.90410487353802 468.78459770977497 92.423883676528931 305.18345092236996 757.86298204958439 182.59042073786259
leaf_count=1344 1157 1213 161 486 1191 404
internal_value=-0.000120905 -0.0043843 0.00248014 0.0089216 0.000632047 -0.000230696
internal_weight=3052.75 1160.28 1892.47 397.607 1494.86 691.495
internal_count=5956 2774 3182 647 2535 1561
is_linear=0
shrinkage=0.03


Tree=8
num_leaves=5
num_cat=0
split_feature=14 15 0 4
split_gain=38.7428 37.0106 30.1814 10.1261
threshold=-0.98415306210517872 -2.1336852312088008 -1.4732437729835508 -0.040939971804618829
decision_type=2 2 2 2
left_child=-1 3 -3 -2
right_child=1 2 -4 -5
leaf_value=0.022952136447146342 -0.0046387186365181255 -0.0022718254110653847 0.0040629797294391076 -0.018448757991349429
leaf_weight=45.12486132979393 142.92382578551769 1473.5181605219841 1212.6803390234709 93.383748397231102
leaf_count=71 326 3095 2309 180
internal_value=4.77135e-05 -0.000439151 0.000574733 -0.011344
internal_weight=2967.63 2922.51 2686.2 236.308
internal_count=5981 5910 5404 506
is_linear=0
shrinkage=0.03


Tree=9
num_leaves=7
num_cat=0
split_feature=3 4 7 1 18 15
split_gain=26.8363 26.5631 27.6559 25.3495 19.8072 8.99624
threshold=0.31667348742485052 -0.14492195844650266 0.4572760164737702 -0.071326069533824907 -0.21161131560802457 -1.5167164802551267
decision_type=2 2 2 2 2 2
left_child=1 3 -3 -1 5 -2
right_child=4 2 -4 -5 -6 -7
leaf_value=0.010529384489301366 -0.0062450351675651201 0.0016725351441699344 -0.0063736387248992344 0.0001425835295684192 -0.010806995067953698 0.0058745017336056813
leaf_weight=393.6466104388237 69.609668672084808 991.95145363360643 594.96578752249479 458.30059206485748 323.92801230400801 118.62476846575737
leaf_count=778 147 1915 1273 985 693 238
internal_value=-0.000385556 0.000917739 -0.00134857 0.0051421 -0.00650571 0.000935176
internal_weight=2951.03 2438.86 1586.92 851.947 512.162 188.234
internal_count=6029 4951 3188 1763 1078 385
is_linear=0
shrinkage=0.03


Tree=10
num_leaves=7
num_cat=0
split_feature=15 10 10 18 6 6
split_gain=28.9221 23.1839 21.521 18.9462 12.6808 10.4672
threshold=-2.0569863319396968 0.37255311012268072 1.0501032471656802 -0.58861136436462391 -0.067698433995246873 -0.090865705162286745
decision_type=2 2 2 2 2 2
left_child=3 4 -3 -1 -2 -5
right_child=1 2 -4 5 -6 -7
leaf_value=0.0034724204633118489 0 -0.0041238325678888653 0.002141325039339718 -0.0040749442383727977 0.020778610290525457 -0.018515396158165141
leaf_weight=73.55732573568821 43.684333652257919 646.81208428740501 1857.7650145888329 109.73995765298605 61.29929219186306 113.70690413564444
leaf_count=159 90 1370 3744 256 109 276
internal_value=8.6207e-05 0.00113773 0.000479718 -0.00845241 0.013767 -0.0125872
internal_weight=2906.56 2609.56 2504.58 297.004 104.984 223.447
internal_count=6004 5313 5114 691 199 532
is_linear=0
shrinkage=0.03


Tree=11
num_leaves=5
num_cat=0
split_feature=14 3 4 10
split_gain=23.9493 22.0862 24.1749 13.694
threshold=-0.98415306210517872 0.42287677526474005 -0.14342228323221204 0.73870185017585765
decision_type=2 2 2 2
left_child=-1 2 -2 -3
right_child=1 3 -4 -5
leaf_value=0.018770894472643386 0.0045478702930249323 0.0071533036402300207 -0.0015788109545816888 -0.0084100359469651519
leaf_weight=39.304754048585892 881.89443799108267 38.479675799608231 1588.526329241693 389.74272622913122
leaf_count=70 1802 82 3256 853
internal_value=-7.85291e-05 -0.000481555 0.000603167 -0.00662088
internal_weight=2937.95 2898.64 2470.42 428.222
internal_count=6063 5993 5058 935
is_linear=0
shrinkage=0.03


Tree=12
num_leaves=7
num_cat=0
split_feature=0 17 12 15 7 7
split_gain=22.1251 54.4968 39.2127 31.3039 21.456 19.6566
threshold=-1.5622841715812681 1.5702450871467593 2.3775863647460942 0.66972559690475475 1.1574947237968447 0.54113140702247631
decision_type=2 2 2 2 2 2
left_child=2 3 4 -2 -1 -4
right_child=1 -3 5 -5 -6 -7
leaf_value=-0.0028483254288892714 -0.0012459922699046724 0.014091017056283886 0.015360079041795822 0.018798660253868879 -0.015112404499280271 -0.0013728035638389529
leaf_weight=1070.8093098178506 1129.3231476470828 290.81339620053768 131.57951556146145 54.674425587058067 133.43318558484316 92.730476871132851
leaf_count=2350 2207 594 274 87 314 220
internal_value=0.000334957 0.00291101 -0.00228656 0 -0.00448091 0.00865096
internal_weight=2903.36 1474.81 1428.55 1184 1204.24 224.31
internal_count=6046 2888 3158 2294 2664 494
is_linear=0
shrinkage=0.03


Tree=13
num_leaves=7
num_cat=0
split_feature=15 6 3 18 20 3
split_gain=21.8039 25.9971 28.9573 27.3902 17.0935 34.5757
threshold=-1.3724414110183714 -0.090865705162286745 0.026481049135327343 0.19966994225978854 1.0000000180025095e-35 -1.4919024109840391
decision_type=2 2 2 2 2 2
left_child=1 2 -1 -3 -2 -6
right_child=4 3 -4 -5 5 -7
leaf_value=0.0071340802056115227 0.00040352225598551367 -0.0012985681521194986 -0.0094380502046076311 -0.014573588614332203 -0.004663006633970174 0.012778355836061453
leaf_weight=296.97347880154848 1427.6571835353971 323.19551361724734 114.21055449545383 249.36671496927738 133.51609893143177 291.28243736177683
leaf_count=610 2925 724 261 570 321 598
internal_value=0.000122302 -0.00342385 0.00216759 -0.00747821 0.00205398 0.00719839
internal_weight=2836.2 983.746 411.184 572.562 1852.46 424.799
internal_count=6009 2165 871 1294 3844 919
is_linear=0
shrinkage=0.03


Tree=14
num_leaves=7
num_cat=0
split_feature=11 13 2 16 16 5
split_gain=20.0339 25.5341 22.3571 21.058 22.0978 9.17012
threshold=-0.35653612017631525 1.1868554353713991 0.1081557869911194 -0.17399678379297254 1.0904698371887209 -0.40246537327766413
decision_type=2 2 2 2 2 2
left_child=3 2 -2 5 -5 -1
right_child=1 -3 -4 4 -6 -7
leaf_value=0.013333705814497589 0.0048857363166866941 -0.01299736682414045 -0.0023640942587957567 -0.0067805954367328352 0.011662282684097374 0
leaf_weight=58.399305678904057 1200.5912980213761 78.786087587475777 530.63439427316189 781.51684426516294 42.87221397459507 115.52941461652517
leaf_count=129 2441 180 1160 1742 79 255
internal_value=-7.5567e-05 0.00178019 0.00262772 -0.00346798 -0.00549691 0.00541448
internal_weight=2808.33 1810.01 1731.23 998.318 824.389 173.929
internal_count=5986 3781 3601 2205 1821 384
is_linear=0
shrinkage=0.03


Tree=15
num_leaves=7
num_cat=0
split_feature=1 4 4 12 6 15
split_gain=19.8041 20.3858 25.3551 24.3961 18.7544 17.9846
threshold=0.19094837456941607 -0.14840725809335706 -0.10855264961719512 2.3925294876098637 0.2791688740253449 -0.91634556651115406
decision_type=2 2 2 2 2 2
left_child=1 3 -3 -1 5 -2
right_child=4 2 -4 -5 -6 -7
leaf_value=0.0028918813776609505 -0.012799650513757114 -0.010208322460473825 0.0012542619938533802 0.016627019794674115 0.0020548843570477879 0
leaf_weight=651.12019126862288 242.45463035255671 182.71013809740543 1176.6693681776524 130.77991664409637 255.68463257700205 162.15228147804737
leaf_count=1402 539 431 2469 265 558 340
internal_value=0.000401132 0.00182273 -0.000368567 0.00562142 -0.00403887 -0.00794642
internal_weight=2801.57 2141.28 1359.38 781.9 660.292 404.607
internal_count=6004 4567 2900 1667 1437 879
is_linear=0
shrinkage=0.03


Tree=16
num_leaves=7
num_cat=0
split_feature=4 12 7 16 3 4
split_gain=20.9653 29.0178 23.6129 25.9275 21.1976 21.097
threshold=-0.14840725809335706 2.1057511568069462 -0.060695454478263848 0.78476065397262584 0.78928306698799144 0.02165520936250687
decision_type=2 2 2 2 2 2
left_child=1 4 3 -2 -1 -4
right_child=2 -3 5 -5 -6 -7
leaf_value=0.0021262482363973794 -3.1131969820269777e-05 0.012477121500307241 -0.0099632914131424794 0.016276111749241311 -0.014787631262066409 -0.0011043186540901548
leaf_weight=661.09983430057764 721.41119696199894 225.05450761318207 416.89478903263807 78.781370505690575 53.715289287269115 594.7045831605792
leaf_count=1419 1478 471 1010 158 139 1278
internal_value=-1.13135e-05 0.00355849 -0.00191454 0.00185895 0.000405698 -0.00493577
internal_weight=2751.66 939.87 1811.79 800.193 714.815 1011.6
internal_count=5953 2029 3924 1636 1558 2288
is_linear=0
shrinkage=0.03


Tree=17
num_leaves=7
num_cat=0
split_feature=13 11 3 16 16 10
split_gain=22.2443 23.3328 21.2515 18.5923 7.66549 2.82745
threshold=1.1868554353713991 -0.35653612017631525 -1.5611675977706907 -0.44311659038066858 0.26460169255733496 1.7498675584793093
decision_type=2 2 2 2 2 2
left_child=1 3 -3 -1 -2 -6
right_child=4 2 -4 -5 5 -7
leaf_value=0.0068542010206400087 0 -0.0031736094805748919 0.0044665660070813025 -0.0049712613333205867 -0.019065198912533613 -0.0028993858248503009
leaf_weight=118.11844527721405 37.847100496292114 411.56647735089064 1290.3014703392982 808.44947154074907 58.384639486670494 31.72985728085041
leaf_count=248 78 893 2709 1860 149 77
internal_value=-0.00013927 0.000472421 0.00256868 -0.0032874 -0.0114749 -0.0154785
internal_weight=2756.4 2628.44 1701.87 926.568 127.962 90.1145
internal_count=6014 5710 3602 2108 304 226
is_linear=0
shrinkage=0.03


Tree=18
num_leaves=5
num_cat=0
split_feature=10 5 14 3
split_gain=19.1434 16.2605 29.2637 27.9357
threshold=0.18140659481287005 0.25873281061649328 1.1573611497879031 -1.5355415344238279
decision_type=2 2 2 2
left_child=-1 3 -3 -2
right_child=1 2 -4 -5
leaf_value=0.016999979563033434 -0.01024183519549954 0.0076965540129287115 -0.0041883306045564176 0
leaf_weight=41.193511836230755 259.02493935823441 518.37586348503828 262.40294858068228 1649.8294412046671
leaf_count=83 598 980 710 3634
internal_value=0.000407141 7.26503e-06 0.00362253 -0.00146261
internal_weight=2730.83 2689.63 780.779 1908.85
internal_count=6005 5922 1690 4232
is_linear=0
shrinkage=0.03


Tree=19
num_leaves=7
num_cat=0
split_feature=15 18 12 10 10 12
split_gain=18.976 18.7685 18.4837 31.204 24.6636 11.3411
threshold=-2.0452251434326167 -0.58861136436462391 0.67825159430503856 0.66819512844085704 1.0111650228500368 2.4352041482925419
decision_type=2 2 2 2 2 2
left_child=1 -1 3 -2 -4 -3
right_child=2 5 4 -5 -6 -7
leaf_value=0.0046726986145578537 0.0090787806864777894 -0.015532602225189478 -0.0041465982925908114 -0.0041237460377261132 0.0054807354884207375 0
leaf_weight=69.7234076410532 169.86381188780069 151.91387405246496 293.84568400681019 1004.7997513264418 957.20387464016676 62.924928069114685
leaf_count=151 361 403 714 2143 2110 148
internal_value=-0.000248498 -0.00732392 0.000610097 -0.00204433 0.0031426 -0.0115391
internal_weight=2710.28 284.562 2425.71 1174.66 1251.05 214.839
internal_count=6030 702 5328 2504 2824 551
is_linear=0
shrinkage=0.03


Tree=20
num_leaves=7
num_cat=0
split_feature=15 6 12 4 7 14
split_gain=15.8001 23.551 14.8432 13.9115 23.0761 21.2951
threshold=-1.4685647487640379 -0.090865705162286745 2.1756203174591069 -0.14492195844650266 -0.11670807376503943 -0.044935416430234902
decision_type=2 2 2 2 2 2
left_child=1 2 -1 5 -5 -2
right_child=3 -3 -4 4 -6 -7
leaf_value=-0.0018663958898855163 0.013566603685082501 -0.0077193516130353345 0.010301661180760171 0.0041586329711905028 -0.0038625378519385719 0.0013671340079695928
leaf_weight=236.79110214114189 176.2567830234766 452.7797424197197 116.36843177676201 581.89777194708586 675.13165797293186 429.49285069853067
leaf_count=545 362 1118 254 1208 1523 956
internal_value=0.000138039 -0.00329807 0.00231951 0.0016758 -9.54562e-05 0.00533289
internal_weight=2668.72 805.939 353.16 1862.78 1257.03 605.75
internal_count=5966 1917 799 4049 2731 1318
is_linear=0
shrinkage=0.03


Tree=21
num_leaves=5
num_cat=0
split_feature=9 11 2 1
split_gain=16.0834 16.0041 20.2932 18.4975
threshold=-0.51614713668823231 -0.35653612017631525 0.12153615429997446 -0.19217761605978009
decision_type=2 2 2 2
left_child=-1 3 -3 -2
right_child=1 2 -4 -5
leaf_value=-0.012405911926413403 0.0043934249002011948 0.0044224326346453983 -0.002689692196840651 -0.0050425452167150789
leaf_weight=68.697039060294628 230.97443691641092 1195.8793889582157 486.78143738955259 683.72050582617521
leaf_count=154 545 2576 1139 1605
internal_value=0.000129478 0.000576213 0.00232228 -0.0025526
internal_weight=2666.05 2597.36 1682.66 914.695
internal_count=6019 5865 3715 2150
is_linear=0
shrinkage=0.03


Tree=22
num_leaves=7
num_cat=0
split_feature=15 12 8 11 5 10
split_gain=20.7678 18.6794 16.0709 17.9754 12.0001 6.4666
threshold=-2.0452251434326167 2.448372602462769 0.41024039685726171 0.49271076917648321 0.064562559127807631 1.2197754979133608
decision_type=2 2 2 2 2 2
left_child=1 5 3 -2 -4 -1
right_child=2 -3 4 -5 -6 -7
leaf_value=-0.003642532760319438 0.00062230956541401295 0.0030743689106943967 -0.011992646111792019 0.0071321803537753971 0.0012846678773129052 -0.017205069950106986
leaf_weight=79.75794506072998 1695.2262591868639 89.854557693004608 114.43991320580244 484.602115675807 92.706326209008694 98.344669178128242
leaf_count=239 3800 197 248 1042 196 273
internal_value=0.000425076 -0.00715998 0.0013539 0.00214849 -0.00619645 -0.0124153
internal_weight=2654.93 267.957 2386.97 2179.83 207.146 178.103
internal_count=5995 709 5286 4842 444 512
is_linear=0
shrinkage=0.03


Tree=23
num_leaves=7
num_cat=0
split_feature=8 11 9 10 13 6
split_gain=19.1535 14.5381 43.7182 28.8679 12.8171 18.2772
threshold=0.41024039685726171 0.41689600050449377 0.056505406275391586 0.58616623282432567 -0.019673032686114308 0.22991897165775302
decision_type=2 2 2 2 2 2
left_child=1 3 -3 -1 -2 -6
right_child=4 2 -4 -5 5 -7
leaf_value=0.010321784265197859 -0.015684465308960598 -0.0013227474070142569 0.015252872928812417 -0.002042360599515812 0.0057465068321188566 -0.014085193870817412
leaf_weight=168.41574822366238 93.863076463341713 384.71762679517269 200.48052544891834 1660.3061651326716 93.256067112088203 45.482814610004425
leaf_count=380 226 864 413 3848 204 93
internal_value=-0.000268805 0.000526154 0.00457308 -0.000771887 -0.0081448 -0.00133245
internal_weight=2646.52 2413.92 585.198 1828.72 232.602 138.739
internal_count=6028 5505 1277 4228 523 297
is_linear=0
shrinkage=0.03


Tree=24
num_leaves=7
num_cat=0
split_feature=1 16 2 0 14 14
split_gain=19.9387 14.3514 13.002 11.7318 14.0074 7.64084
threshold=0.3723894357681275 -0.87652704119682301 -0.44147388637065882 -1.5852791666984556 0.92041614651680004 0.61198687553405773
decision_type=2 2 2 2 2 2
left_child=1 -1 -3 4 -2 -5
right_child=3 2 -4 5 -6 -7
leaf_value=0.011486759442364901 -0.020296949001641713 -0.0075443615910480632 0.00078126165563105791 0.0038620462557887275 -0.0002484234196399929 -0.0092410144320897759
leaf_weight=84.681072160601616 77.862433686852455 163.28309908509254 2091.0440979190171 89.412898510694504 56.032290920615196 42.056190513074398
leaf_count=180 161 364 4805 177 166 115
internal_value=-0.000261827 0.000622707 9.08066e-05 -0.00776588 -0.0134195 -0.000600152
internal_weight=2604.37 2339.01 2254.33 265.364 133.895 131.469
internal_count=5968 5349 5169 619 327 292
is_linear=0
shrinkage=0.03


Tree=25
num_leaves=7
num_cat=0
split_feature=11 0 16 7 7 4
split_gain=15.8308 15.2932 18.4742 13.5434 27.0476 19.9912
threshold=-0.39370034635066981 -1.5156689286231992 0.87976703047752391 0.85812348127365123 0.36668992042541509 0.26389400660991674
decision_type=2 2 2 2 2 2
left_child=1 2 -1 4 -2 -5
right_child=3 -3 -4 5 -6 -7
leaf_value=-0.0091558169073335041 0.0026718535726414673 0.00081292771906820414 0.0078152319671005964 0.0099707378875556769 -0.0064026583938255289 -0.006015402285644721
leaf_weight=421.18711929023266 992.75760658830404 374.86624136939645 47.060652047395706 284.51040381938219 397.45100078731775 71.871425814926624
leaf_count=1075 2188 839 107 651 897 170
internal_value=-0.00021368 -0.00356191 -0.00707701 0.00139064 0 0.00643907
internal_weight=2589.7 843.114 468.248 1746.59 1390.21 356.382
internal_count=5927 2021 1182 3906 3085 821
is_linear=0
shrinkage=0.03


Tree=26
num_leaves=7
num_cat=0
split_feature=20 5 4 10 13 3
split_gain=18.4156 24.9673 21.8698 21.5379 17.4446 17.0268
threshold=1.0000000180025095e-35 0.22305863350629809 0.40543846786022192 0.66819512844085704 0.51395353674888622 -1.607573330402374
decision_type=2 2 2 2 2 2
left_child=1 3 -3 -1 -2 -6
right_child=4 2 -4 -5 5 -7
leaf_value=0.003897761746844748 0.0090018694897641971 0.0047442158314523241 -0.014452803022960592 -0.0055817213098106428 -0.011755418416867173 0.0033222960885915145
leaf_weight=246.35182777792215 335.62707145512104 649.76001609489322 37.464845761656761 1064.2568110898137 71.894833460450172 228.53762082010508
leaf_count=560 777 1448 95 2470 213 525
internal_value=0.000105459 -0.00129192 0.00323371 -0.00372299 0.00449161 -0.000607138
internal_weight=2633.89 1997.83 687.225 1310.61 636.06 300.432
internal_count=6088 4573 1543 3030 1515 738
is_linear=0
shrinkage=0.03


Tree=27
num_leaves=7
num_cat=0
split_feature=4 11 1 4 4 7
split_gain=15.7918 20.914 20.6106 20.12 17.9957 15.5323
threshold=-0.14840725809335706 0.18323602527379992 -0.071326069533824907 -0.10855264961719512 -0.23646537214517591 0.42414420843124395
decision_type=2 2 2 2 2 2
left_child=2 -2 4 -3 -1 -4
right_child=1 3 5 -5 -6 -7
leaf_value=0.0017934285383413837 -0.0042514390567826897 -0.0096696101801926684 -0.0061305937284981864 0.0048745068568195864 0.01454902484303707 0.004490470236185414
leaf_weight=239.01624876260757 1104.209860060364 80.537803202867508 248.555269934237 520.47889067605138 177.67511568963528 206.52051270753145
leaf_count=538 2606 210 602 1142 400 497
internal_value=-0.000110056 -0.00180678 0.00310764 0.0025803 0.00778698 -0.00119817
internal_weight=2576.99 1705.23 871.767 601.017 416.691 455.076
internal_count=5995 3958 2037 1352 938 1099
is_linear=0
shrinkage=0.03


Tree=28
num_leaves=6
num_cat=0
split_feature=8 14 14 18 7
split_gain=14.1787 13.6326 15.0748 9.53799 5.55763
threshold=0.41024039685726171 -0.93311592936515797 -0.61183589696884144 0.6245027780532838 0.42414420843124395
decision_type=2 2 2 2 2
left_child=1 -1 -3 4 -2
right_child=3 2 -4 -5 -6
leaf_value=0.014891121058742216 -0.012804380780568329 -0.0094882104183286655 0.00069754781866783553 0.0032237800232299526 0
leaf_weight=37.504290759563446 134.40286122262478 118.88074998557568 2191.4885471574962 44.735150367021561 42.407947510480881
leaf_count=85 301 242 5143 110 104
internal_value=-0.000227681 0.000456609 7.07567e-05 -0.00716532 -0.0101592
internal_weight=2569.42 2347.87 2310.37 221.546 176.811
internal_count=5985 5470 5385 515 405
is_linear=0
shrinkage=0.03


Tree=29
num_leaves=7
num_cat=0
split_feature=6 7 15 18 8 6
split_gain=13.682 24.3648 25.5362 19.9828 17.4783 18.1269
threshold=-0.021716129966080185 0.4572760164737702 -0.40168292820453638 -0.58861136436462391 -0.30008290708065027 0.38204576075077062
decision_type=2 2 2 2 2 2
left_child=1 2 -1 -3 5 -2
right_child=4 3 -4 -5 -6 -7
leaf_value=0.0098087802741836528 -0.00084023580957826125 0.008293888582043326 -0.0016171235189789423 -0.0052856546003242329 -0.0061910918776404223 0.0097942045897295819
leaf_weight=559.5750343427062 704.89669361710548 107.74499452859163 233.59074399620295 377.37298604846001 399.15241938829422 158.47171926498413
leaf_count=1252 1695 269 519 888 924 380
internal_value=0.0010379 0.00321499 0.00641301 -0.00194187 -0.00113535 0.00122135
internal_weight=2540.8 1278.28 793.166 485.118 1262.52 863.368
internal_count=5927 2928 1771 1157 2999 2075
is_linear=0
shrinkage=0.03


Tree=30
num_leaves=7
num_cat=0
split_feature=1 3 13 11 20 12
split_gain=14.1606 14.7145 17.1722 13.8125 11.6667 13.2947
threshold=0.22172086685895923 -1.5989038348197935 0.70322284102439891 -0.26129333674907679 1.0000000180025095e-35 1.2702195644378664
decision_type=2 2 2 2 2 2
left_child=1 2 -1 -3 5 -2
right_child=4 3 -4 -5 -6 -7
leaf_value=0.00077581340901592799 -0.010965665848075885 -0.00053843365808043915 -0.012255452421424463 0.0048517741407295197 0.0025777084644892758 0
leaf_weight=223.99294488877058 234.74586943536997 726.07422222942114 122.81165912002325 950.6445867754519 145.53754258900881 147.16466015577316
leaf_count=534 577 1778 321 2079 346 335
internal_value=0.000145611 0.00131474 -0.0040919 0.00250344 -0.00411426 -0.00681508
internal_weight=2550.97 2023.52 346.805 1676.72 527.448 381.911
internal_count=5970 4712 855 3857 1258 912
is_linear=0
shrinkage=0.03


Tree=31
num_leaves=7
num_cat=0
split_feature=10 3 3 8 10 6
split_gain=15.1353 14.4397 13.7126 20.625 17.3631 11.2884
threshold=0.59635630249977123 -1.2494300603866575 -0.50869482755661 -0.12430967018008231 0.8769744634628297 0.093962971121072783
decision_type=2 2 2 2 2 2
left_child=1 -1 4 -4 -2 -3
right_child=2 5 3 -5 -6 -7
leaf_value=-0.0044138860728931322 -0.0073300189306501218 0.014965255871171965 -0.00097041234756423383 -0.010841877619976159 0.0022229219782120679 -0.0013734974603667491
leaf_weight=57.106430254876614 178.06534203141928 126.51285665482283 717.7748972736299 250.2795293405652 1192.8589339852333 38.505774781107903
leaf_count=149 454 278 1772 574 2711 87
internal_value=-0.000290616 0.00682253 -0.00104368 -0.00375109 0.000851425 0.0110921
internal_weight=2561.1 222.125 2338.98 968.054 1370.92 165.019
internal_count=6025 514 5511 2346 3165 365
is_linear=0
shrinkage=0.03


Tree=32
num_leaves=5
num_cat=0
split_feature=9 11 14 14
split_gain=13.1636 10.8936 29.5539 13.3108
threshold=-0.51614713668823231 0.4533372968435288 -0.33760254085063929 0.69432741403579723
decision_type=2 2 2 2
left_child=-1 3 -3 -2
right_child=1 2 -4 -5
leaf_value=-0.011967690707486349 0.0014568467962455746 -0.011736890165805102 0.007030426793162123 -0.0036454022441661633
leaf_weight=56.974583819508553 1197.6648145616055 68.307113952934742 481.9320220053196 714.78565526753664
leaf_count=145 2559 153 1063 2038
internal_value=0.000215186 0.000615344 0.00426548 -0.000437081
internal_weight=2519.66 2462.69 550.239 1912.45
internal_count=5958 5813 1216 4597
is_linear=0
shrinkage=0.03


Tree=33
num_leaves=7
num_cat=0
split_feature=0 17 12 19 17 6
split_gain=17.8173 33.2756 17.4452 15.9951 12.9454 11.4577
threshold=-1.5622841715812681 1.5702450871467593 2.3775863647460942 0.97382533550262462 0.68821758031845104 -0.10590006038546561
decision_type=2 2 2 2 2 2
left_child=2 3 4 -2 -1 -3
right_child=1 5 -4 -5 -6 -7
leaf_value=-0.0013103325226255273 0.0037061587302690381 0.020058797985349142 0.0045138140700962731 -0.0038370726628478239 -0.0081450628160510876 0.005449209098601286
leaf_weight=554.51433755084872 420.56232523173094 76.418655887246132 202.6529700756073 568.16300674900413 490.32390239834785 179.515161447227
leaf_count=1344 931 171 485 1325 1298 415
internal_value=-0.000552196 0.00194298 -0.00308042 -0.000559152 -0.00466684 0.0111666
internal_weight=2492.15 1244.66 1247.49 988.725 1044.84 255.934
internal_count=5969 2842 3127 2256 2642 586
is_linear=0
shrinkage=0.03


Tree=34
num_leaves=7
num_cat=0
split_feature=15 1 15 9 14 8
split_gain=14.6948 14.2422 13.2743 13.1115 12.9073 9.15997
threshold=-2.0569863319396968 0.4252584725618363 -2.3585894107818599 -0.27732455730438227 -0.32427328824996943 -0.63544243574142445
decision_type=2 2 2 2 2 2
left_child=2 3 -1 -2 -4 -3
right_child=1 5 4 -5 -6 -7
leaf_value=0.0061690333070687445 -0.0032663584183585891 0.00075596363029447602 0.0031087046284267801 0.0029834355399496297 -0.013070361996363534 -0.011839811391840522
leaf_weight=42.882816307246685 338.99426713213325 74.031278170645237 42.719665110111237 1737.3693275116384 161.30988135933876 97.831787690520287
leaf_count=124 797 183 98 4077 476 247
internal_value=0.000381486 0.00118435 -0.00624506 0.00191302 -0.00943987 -0.00658815
internal_weight=2495.14 2248.23 246.912 2076.36 204.03 171.863
internal_count=6002 5304 698 4874 574 430
is_linear=0
shrinkage=0.03


Tree=35
num_leaves=7
num_cat=0
split_feature=4 6 7 0 8 16
split_gain=15.6931 11.0378 23.6878 12.4841 9.62514 2.39765
threshold=-0.39379666745662684 -0.038626378402113908 0.36668992042541509 -1.9258826375007627 -0.46869139373302454 0.34816731512546545
decision_type=2 2 2 2 2 2
left_child=4 2 -2 -3 5 -1
right_child=1 3 -4 -5 -6 -7
leaf_value=0.00292602391851208 0.0056129938397041623 -0.0062787713822259443 -0.0031966263436978303 0 -0.00058430574430973832 0.016411982447212807
leaf_weight=39.515109471976757 636.78274536132812 415.50585795193911 446.2094618678093 853.31382609158754 54.462741777300835 71.592214480042458
leaf_count=91 1449 1067 1112 2048 136 144
internal_value=0.000395983 -0.000239936 0.00193675 -0.00214561 0.00880446 0.0132514
internal_weight=2517.38 2351.81 1082.99 1268.82 165.57 111.107
internal_count=6047 5676 2561 3115 371 235
is_linear=0
shrinkage=0.03


Tree=36
num_leaves=7
num_cat=0
split_feature=11 12 7 8 18 0
split_gain=10.842 19.7171 17.5962 14.101 13.6061 12.9433
threshold=-0.26129333674907679 -0.94044923782348622 1.285292983055115 -0.99370959401130665 0.6245027780532838 -0.84030461311340321
decision_type=2 2 2 2 2 2
left_child=2 3 -1 -2 -3 -4
right_child=1 4 5 -5 -6 -7
leaf_value=-0.00031672224465919597 0.0020981194453040608 0.0014387702510640984 -0.01645097104610458 -0.01591709416503535 0.0088827082867237797 0.0019615005172706197
leaf_weight=887.02535517886281 52.559707194566727 1083.9162286631763 95.899065442383289 70.283568944782019 271.97798545658588 35.587858647108078
leaf_count=2229 121 2525 262 175 634 85
internal_value=0.000322627 0.00197301 -0.00200758 -0.00857452 0.00308297 -0.0114704
internal_weight=2497.25 1478.74 1018.51 122.843 1355.89 131.487
internal_count=6031 3455 2576 296 3159 347
is_linear=0
shrinkage=0.03


Tree=37
num_leaves=7
num_cat=0
split_feature=8 0 11 13 23 14
split_gain=10.8323 10.8947 10.5592 20.5023 16.4901 9.27799
threshold=0.52974939346313488 -1.935495853424072 0.4533372968435288 0.54749780893325817 1.0000000180025095e-35 0.48116718232631689
decision_type=2 2 2 2 2 2
left_child=2 -2 4 -4 -1 -3
right_child=1 5 3 -5 -6 -7
leaf_value=0.0011904002117555943 -0.015921980256830174 0.0053914490596022723 0.0095664349581091636 -0.0017161896484045934 -0.0053488601919019756 -0.010493926225710231
leaf_weight=1339.6713664494455 53.353119872510433 68.822404682636261 283.43213637173176 253.26867514103651 443.87555431574583 32.389875859022141
leaf_count=3423 131 157 632 589 982 98
internal_value=8.51004e-05 -0.0070966 0.000645714 0.00426402 -0.000445041 -8.98756e-05
internal_weight=2474.81 154.565 2320.25 536.701 1783.55 101.212
internal_count=6012 386 5626 1221 4405 255
is_linear=0
shrinkage=0.03


Tree=38
num_leaves=7
num_cat=0
split_feature=1 15 7 7 18 10
split_gain=8.87456 9.92627 10.2711 9.54158 6.466 5.47253
threshold=0.3723894357681275 -2.1336852312088008 -0.44825902581214899 0.35766911506652838 0.22886230051517489 1.7867067456245425
decision_type=2 2 2 2 2 2
left_child=1 3 -3 -1 5 -2
right_child=4 2 -4 -5 -6 -7
leaf_value=-0.012640779758056964 0.0033722504398484027 0.0045612565574615106 -0.0001241484082477847 0.00029597205714554712 -0.01014739600040742 -0.0076365991677038916
leaf_weight=76.718658614903688 93.190106652677059 550.97196498140693 1513.2017687745392 89.069735057651997 108.27590426802635 42.524648100137711
leaf_count=223 237 1263 3661 251 275 103
internal_value=-6.96682e-05 0.000517203 0.00112947 -0.0060839 -0.00529351 -0.000229717
internal_weight=2473.95 2229.96 2064.17 165.788 243.991 135.715
internal_count=6013 5398 4924 474 615 340
is_linear=0
shrinkage=0.03


Tree=39
num_leaves=7
num_cat=0
split_feature=13 5 8 16 7 10
split_gain=10.7329 17.6801 14.2546 12.4746 12.4378 2.28423
threshold=1.1868554353713991 0.58019560575485241 -0.28235331177711481 0.53431802988052379 -0.11670807376503943 1.6884663105010989
decision_type=2 2 2 2 2 2
left_child=1 2 -1 -3 -2 -6
right_child=4 3 -4 -5 5 -7
leaf_value=0.0016547410168024099 0.0025900508695195332 -0.00062959712650946249 -0.0035234434675047764 0.017115393045840862 -0.019674514061809222 -0.0028020604059641502
leaf_weight=1548.4959862977266 43.487426407635212 44.360376015305519 667.89183601364493 76.868536725640297 34.247072011232376 28.243232294917107
leaf_count=3739 111 110 1643 166 97 80
internal_value=0.00025617 0.000733422 4.99496e-05 0.0110276 -0.00823979 -0.0153044
internal_weight=2443.59 2337.62 2216.39 121.229 105.978 62.4903
internal_count=5946 5658 5382 276 288 177
is_linear=0
shrinkage=0.03


Tree=40
num_leaves=7
num_cat=0
split_feature=3 6 7 16 4 10
split_gain=12.6803 15.964 20.2317 14.9179 14.8799 13.2362
threshold=-1.5989038348197935 -0.038626378402113908 0.63557079434394848 0.52553340792655956 -0.2106596305966377 0.8769744634628297
decision_type=2 2 2 2 2 2
left_child=4 2 -2 -3 -1 -6
right_child=1 3 -4 -5 5 -7
leaf_value=-0.013982985083502734 0.0070231603399680941 -0.0043828991131921249 -0.002087549326123303 0.0024287975587214505 -0.013193105545759639 0.00180049905478261
leaf_weight=88.728134110569954 658.38148573040962 579.23222007974982 300.13629071041942 530.92422837391496 44.279474087059498 269.34451859071851
leaf_count=213 1519 1421 723 1316 132 684
internal_value=0.000337357 0.00131557 0.00412469 -0.00108683 -0.00437414 -0.000800546
internal_weight=2471.03 2068.67 958.518 1110.16 402.352 313.624
internal_count=6008 4979 2242 2737 1029 816
is_linear=0
shrinkage=0.03


Tree=41
num_leaves=7
num_cat=0
split_feature=0 17 5 4 13 17
split_gain=12.4189 27.3864 14.6732 11.6621 10.7678 10.9038
threshold=-1.4732437729835508 1.7045393586158755 0.23152930289506915 0.15165767073631289 0.68082511425018322 1.1277802586555483
decision_type=2 2 2 2 2 2
left_child=4 2 -2 -3 5 -1
right_child=1 3 -4 -5 -6 -7
leaf_value=0.0027549586211176522 -0.0023052976842229738 0.016470279840374344 0.0056891241193767284 0 -0.0054737297453981539 -0.0039769622456566978
leaf_weight=522.20735333487391 659.32533243298531 131.54724962264299 276.5932143330574 50.140552878379822 477.21869769692421 340.27568932622671
leaf_count=1266 1519 308 643 112 1261 899
internal_value=0 0.00229092 6.41357e-05 0.0123203 -0.00195682 1.08332e-06
internal_weight=2457.31 1117.61 935.919 181.688 1339.7 862.483
internal_count=6008 2582 2162 420 3426 2165
is_linear=0
shrinkage=0.03


Tree=42
num_leaves=5
num_cat=0
split_feature=0 1 4 17
split_gain=11.4262 13.5764 21.3688 12.1609
threshold=0.10499889031052591 -0.042441032826900475 -0.15423376858234403 1.7045393586158755
decision_type=2 2 2 2
left_child=1 2 -1 -3
right_child=-2 3 -4 -5
leaf_value=0.0066105976518350158 0.0099320746505490078 -0.0047693639073097538 -0.001892002658721014 0.002184308490893259
leaf_weight=403.77812275290489 66.465875238180161 991.79954631999135 682.6032347381115 265.47013578563929
leaf_count=976 130 2468 1714 686
internal_value=-0.000720624 -0.0011296 0.00127632 -0.00324292
internal_weight=2410.12 2343.65 1086.38 1257.27
internal_count=5974 5844 2690 3154
is_linear=0
shrinkage=0.03


Tree=43
num_leaves=6
num_cat=0
split_feature=10 8 18 8 6
split_gain=15.3097 14.9597 28.7251 17.3088 1.37266
threshold=0.37255311012268072 -1.244593560695648 0.12733138352632525 -0.82629424333572377 -0.059915427118539803
decision_type=2 2 2 2 2
left_child=4 2 -2 -3 -1
right_child=1 3 -4 -5 -6
leaf_value=0.0024915519958011415 0.011623268661352383 -0.0061053461204747077 -0.0029000065951764239 0.00025368852602941855 0.014169021584764773
leaf_weight=38.665372721850872 226.31839683651924 507.91554873436689 221.40082657337189 1360.7606747895479 52.638138726353645
leaf_count=87 537 1235 567 3413 114
internal_value=0.000216467 -0.000278148 0.0044962 -0.00148931 0.0110992
internal_weight=2407.7 2316.4 447.719 1868.68 91.3035
internal_count=5953 5752 1104 4648 201
is_linear=0
shrinkage=0.03


Tree=44
num_leaves=5
num_cat=0
split_feature=14 5 8 4
split_gain=12.9777 11.4907 15.5971 10.4031
threshold=-0.98415306210517872 0.64248353242874157 0.50837090611457836 0.28096811473369604
decision_type=2 2 2 2
left_child=-1 2 -2 -3
right_child=1 3 -4 -5
leaf_value=0.014614706123945215 -0.00034786966681418259 0.014016055535954674 -0.0098180924526836966 -0.002739877401345717
leaf_weight=31.542388767004013 2129.1366348974407 68.622220315039158 150.76122914999723 36.199561148881912
leaf_count=76 5277 171 391 84
internal_value=-0.000239194 -0.000580531 -0.00108012 0.00823698
internal_weight=2416.26 2384.72 2279.9 104.822
internal_count=5999 5923 5668 255
is_linear=0
shrinkage=0.03


Tree=45
num_leaves=7
num_cat=0
split_feature=4 2 4 15 13 20
split_gain=11.4063 22.6086 17.2957 15.9695 14.2901 12.3978
threshold=-0.14342228323221204 0.064941354095935835 -0.082625906914472566 -1.9669627547264097 -0.57619884610176075 1.0000000180025095e-35
decision_type=2 2 2 2 2 2
left_child=1 3 4 -1 -2 -4
right_child=2 -3 5 -5 -6 -7
leaf_value=-0.0045895716776415572 0.0065575740926870768 -0.0040939489557970778 -0.001678799344625406 0.0082458437417664183 -0.010540341115187764 0.0045015868190157321
leaf_weight=84.600133545696735 34.463981978595257 252.93856035172939 911.52066569030285 510.65614046156406 235.0447158254683 404.07198822870851
leaf_count=235 104 653 2206 1228 674 941
internal_value=0.000274037 0.0030618 -0.00119989 0.00623421 -0.00784469 0.000213509
internal_weight=2433.3 848.195 1585.1 595.256 269.509 1315.59
internal_count=6041 2116 3925 1463 778 3147
is_linear=0
shrinkage=0.03


Tree=46
num_leaves=7
num_cat=0
split_feature=3 9 18 18 13 13
split_gain=10.7407 19.4225 19.1374 18.7718 22.7299 17.3566
threshold=-0.16057054698467252 0.29798214137554174 -0.26807372272014612 -1.7027961015701292 0.70322284102439891 0.58256497979164135
decision_type=2 2 2 2 2 2
left_child=3 -2 -3 5 -5 -1
right_child=1 2 -4 4 -6 -7
leaf_value=-0.012807612690533042 0 0.0026300283735555515 -0.016353594789972656 0.0053073233202401678 -0.0024503552321181159 0.0032204353487242788
leaf_weight=128.81966678798199 554.35566505789757 55.199859794229269 132.30011577904224 956.99514074251056 494.39356804639101 83.348898261785507
leaf_count=300 1425 125 328 2354 1266 219
internal_value=0 -0.00293157 -0.0107609 0.00136116 0.00262662 -0.00651766
internal_weight=2405.41 741.856 187.5 1663.56 1451.39 212.169
internal_count=6017 1878 453 4139 3620 519
is_linear=0
shrinkage=0.03


Tree=47
num_leaves=6
num_cat=0
split_feature=13 7 16 12 5
split_gain=10.1176 10.4954 9.2165 17.0653 15.5556
threshold=1.2131191492080691 -0.054394284263253205 0.51390928030014049 2.4120128154754643 0.58019560575485241
decision_type=2 2 2 2 2
left_child=2 -2 3 -1 -4
right_child=1 -3 4 -5 -6
leaf_value=-0.0024386014993281776 0.001947668401787881 -0.015705897527172163 0.0013864109197932037 0.010429768117954515 0.014363776930660653
leaf_weight=1036.9588275998831 36.672807596623898 51.13002460449934 1089.5463277958333 80.782609477639198 72.715836614370346
leaf_count=2614 93 154 2759 193 165
internal_value=0.000166217 -0.00878252 0.000610292 -0.00128884 0.00247833
internal_weight=2367.81 87.8028 2280 1117.74 1162.26
internal_count=5978 247 5731 2807 2924
is_linear=0
shrinkage=0.03


Tree=48
num_leaves=7
num_cat=0
split_feature=4 7 20 11 17 13
split_gain=12.8672 18.7149 14.4348 15.0635 13.8934 6.81997
threshold=0.67126068472862255 -0.4001858234405517 1.0000000180025095e-35 -0.71534222364425648 -0.27224180102348322 0.71461844444274913
decision_type=2 2 2 2 2 2
left_child=2 -2 4 -4 -1 -3
right_child=1 5 3 -5 -6 -7
leaf_value=0.0037965061754549187 -0.017878616473349644 -0.0047209555270379582 -0.0069205312999430536 0.0065272314077269231 -0.0025892735054074685 0.00776804426034615
leaf_weight=377.73967430368066 69.251855663955212 83.217831447720528 67.620916411280632 465.24384531378746 1270.6497791670263 43.595551028847694
leaf_count=939 151 185 164 1169 3266 103
internal_value=-0.000358685 -0.00735414 0.000303959 0.00452356 -0.001062 0
internal_weight=2377.32 196.065 2181.25 532.865 1648.39 126.813
internal_count=5977 439 5538 1333 4205 288
is_linear=0
shrinkage=0.03


Tree=49
num_leaves=7
num_cat=0
split_feature=12 10 9 0 5 23
split_gain=11.8231 35.1999 13.0611 12.7804 15.502 10.8196
threshold=2.0528365373611455 1.1380312442779543 0.21927118301391604 -1.4732437729835508 0.1401510685682297 1.0000000180025095e-35
decision_type=2 2 2 2 2 2
left_child=3 -2 -3 4 -1 -5
right_child=1 2 -4 5 -6 -7
leaf_value=-0.00047205242375108363 -0.00620301144679651 0.011673460593505077 -0.0014147670809608981 0.0037897173374822099 -0.0083192191408891503 -0.0034171095692470828
leaf_weight=614.51067701354623 189.74335831403732 296.23239049315453 72.514513790607452 564.50969924032688 358.92710584402084 250.44064742326736
leaf_count=1627 504 710 175 1363 972 560
internal_value=-8.9989e-06 0.00369859 0.00900493 -0.00122811 -0.0035351 0.00147434
internal_weight=2346.88 558.49 368.747 1788.39 973.438 814.95
internal_count=5911 1389 885 4522 2599 1923
is_linear=0
shrinkage=0.03


Tree=50
num_leaves=7
num_cat=0
split_feature=9 8 11 15 13 7
split_gain=10.0011 11.1176 17.0224 11.4047 11.0827 14.9563
threshold=0.19562344253063205 -0.53865495324134816 0.57234853506088268 -1.4164800047874448 1.099195182323456 -0.042457299306988709
decision_type=2 2 2 2 2 2
left_child=4 2 -2 -3 -1 -6
right_child=1 3 -4 -5 5 -7
leaf_value=0.0012832538062047558 -0.0030313851299098933 -0.016501586167684757 0.014704162902318667 -0.0032360236001324457 0.0030066640676231354 -0.014670545367981137
leaf_weight=1665.04170069471 220.47095299139619 78.464799948036671 40.819242388010025 218.22268020361662 59.883236110210419 75.219725303351879
leaf_count=4256 530 202 94 517 155 220
internal_value=-0.000515024 -0.00396275 0.000374474 -0.00775439 0.00055248 -0.00707107
internal_weight=2358.12 557.978 261.29 296.687 1800.14 135.103
internal_count=5974 1343 624 719 4631 375
is_linear=0
shrinkage=0.03


Tree=51
num_leaves=7
num_cat=0
split_feature=6 8 13 14 13 16
split_gain=14.0162 19.5026 14.7749 18.2471 15.1923 14.1452
threshold=0.081211641430854811 -0.28235331177711481 -0.078895248472690568 0.095633063465356841 -2.2439323663711543 0.70606729388237011
decision_type=2 2 2 2 2 2
left_child=2 5 4 -4 -1 -2
right_child=1 -3 3 -5 -6 -7
leaf_value=0.0096584922940290991 -0.0031413254226787999 -0.0097752653022185002 0.0077037964893488381 0 -0.0059369147124208651 0.0068151624587881885
leaf_weight=45.772856190800667 413.65296559780836 268.22802628204226 445.31084851175547 669.92197273299098 335.31187598407269 162.09626694023609
leaf_count=123 1076 710 1016 1781 826 431
internal_value=-0.000333969 -0.0034014 0.00137865 0.00314002 -0.00352591 -0.000102777
internal_weight=2340.29 843.977 1496.32 1115.23 381.085 575.749
internal_count=5963 2217 3746 2797 949 1507
is_linear=0
shrinkage=0.03


Tree=52
num_leaves=7
num_cat=0
split_feature=1 4 0 15 11 16
split_gain=10.5665 15.6724 12.3933 10.336 8.6778 11.9453
threshold=0.19442382454872134 -0.0041043960954993955 -2.2701795101165767 -1.6777186989784239 -0.61431398987770069 -0.58558508753776539
decision_type=2 2 2 2 2 2
left_child=4 3 -3 -2 5 -1
right_child=1 2 -4 -5 -6 -7
leaf_value=0.0087946863592878715 0.00032802402245546642 -0.0089383242221429161 0.0044199488052947987 -0.012238233937240852 0.0022890112631675538 -0.004722616059310179
leaf_weight=48.594282872974873 68.988313511013985 62.150898516178131 231.35973232239485 181.38838818669319 1397.0962267145514 350.17884086072445
leaf_count=115 200 168 581 483 3476 930
internal_value=1.69762e-05 -0.00354458 0.00101019 -0.0087857 0.00115581 -0.00259078
internal_weight=2339.76 543.887 293.511 250.377 1795.87 398.773
internal_count=5953 1432 749 683 4521 1045
is_linear=0
shrinkage=0.03


Tree=53
num_leaves=5
num_cat=0
split_feature=14 14 4 10
split_gain=10.1693 11.8241 20.7916 13.1522
threshold=-0.93311592936515797 -0.29873985052108759 -0.22399670630693433 0.66819512844085704
decision_type=2 2 2 2
left_child=-1 2 -2 -3
right_child=1 3 -4 -5
leaf_value=0.012946981879008388 0.010571164056815777 0.0091663172090207905 -0.0074510726657654753 0.0003213209754135983
leaf_weight=37.470551431179047 48.455074831843376 147.55591653287411 327.94449137151241 1780.2773372270167
leaf_count=95 106 383 777 4653
internal_value=0.000469787 0.00013141 -0.00456335 0.00111629
internal_weight=2341.7 2304.23 376.4 1927.83
internal_count=6014 5919 883 5036
is_linear=0
shrinkage=0.03


Tree=54
num_leaves=7
num_cat=0
split_feature=5 16 2 17 9 18
split_gain=8.92578 13.5276 9.57438 15.1296 11.8267 1.68938
threshold=0.58019560575485241 0.51390928030014049 -0.021070132963359352 1.9265183210372927 -0.21828690916299817 0.098371416330337538
decision_type=2 2 2 2 2 2
left_child=2 -2 4 -4 -1 -3
right_child=1 5 3 -5 -6 -7
leaf_value=-0.0028985324209117543 -0.0026949311877588291 0.018124136319334919 -0.0037649894173627982 0.0047580645975562191 0.0037687032834608234 0.0040946241735567912
leaf_weight=309.06738668680191 58.751933217048645 42.535570167005062 898.38606384024024 212.01869089156389 814.09400573000312 41.749236069619656
leaf_count=783 146 107 2342 559 2013 104
internal_value=0.000421388 0.0072009 -4.61995e-05 -0.00202914 0.00186294 0.0138682
internal_weight=2376.6 143.037 2233.57 1110.4 1123.16 84.2848
internal_count=6054 357 5697 2901 2796 211
is_linear=0
shrinkage=0.03


Tree=55
num_leaves=5
num_cat=0
split_feature=14 6 5 19
split_gain=10.1952 8.31224 12.7861 12.18
threshold=-0.93311592936515797 -0.34558466076850886 0.25096198916435247 1.2290906906127932
decision_type=2 2 2 2
left_child=-1 3 -3 -2
right_child=1 2 -4 -5
leaf_value=0.012073483747630686 0.0073576876091602334 -0.0027688598452003826 0.0023520548317655428 -0.0055888155301360102
leaf_weight=39.694280073046684 226.5423751026392 1406.8325819633901 604.58859646320343 67.256635390222073
leaf_count=101 560 3612 1527 186
internal_value=-0.000133026 -0.000471057 -0.00119209 0.00403545
internal_weight=2344.91 2305.22 2011.42 293.799
internal_count=5986 5885 5139 746
is_linear=0
shrinkage=0.03


Tree=56
num_leaves=7
num_cat=0
split_feature=15 9 19 9 8 10
split_gain=8.20448 10.4388 14.5186 12.0062 9.09812 32.401
threshold=-1.4609959125518797 -0.0042774628382176152 0.98697218298912059 -0.18650072813034055 -1.2766110301017759 0.99807244539260875
decision_type=2 2 2 2 2 2
left_child=4 3 -3 -2 5 -1
right_child=1 2 -4 -5 -6 -7
leaf_value=-0.015806064352907906 -0.00029193885829274205 0.002168638461613697 -0.0059326404479676451 0.0065124476872880331 -0.0044339681138969361 0.01213797675140204
leaf_weight=33.556477561593056 423.70522176474333 411.38575249537826 342.66589388251305 455.46746349334717 582.06510798633099 100.98156128823757
leaf_count=99 1077 982 840 1162 1596 263
internal_value=-0.000125202 0.00102277 -0.0014935 0.00323289 -0.00277976 0.00363635
internal_weight=2349.83 1633.22 754.052 879.173 716.603 134.538
internal_count=6019 4061 1822 2239 1958 362
is_linear=0
shrinkage=0.03


Tree=57
num_leaves=5
num_cat=0
split_feature=0 2 6 7
split_gain=9.88372 7.49076 9.0162 5.77232
threshold=0.10499889031052591 0.57001852989196788 0.29783946275711065 0.18917695432901385
decision_type=2 2 2 2
left_child=1 2 -1 -3
right_child=-2 3 -4 -5
leaf_value=-0.00086558542982414035 0.0098897961552099952 -0.013368118848897123 0.0049031770723487319 0
leaf_weight=1939.7390747368336 64.697022840380669 50.291553590446711 257.86118100956082 39.378026690334082
leaf_count=4975 134 141 669 106
internal_value=-0.000141277 -0.000534285 -0.00012352 -0.00819572
internal_weight=2351.97 2287.27 2197.6 89.6696
internal_count=6025 5891 5644 247
is_linear=0
shrinkage=0.03


Tree=58
num_leaves=5
num_cat=0
split_feature=14 14 0 7
split_gain=9.16276 12.3984 9.30052 5.16018
threshold=-0.98415306210517872 -0.75009718537330616 0.10499889031052591 0.37990181148052221
decision_type=2 2 2 2
left_child=-1 3 -3 -2
right_child=1 2 -4 -5
leaf_value=0.013277531592212632 -0.014786462597808843 0.00025358723001182881 0.011296890462239903 0
leaf_weight=29.212924495339394 48.375856161117554 2158.8914231844246 51.587468221783638 31.180299900472164
leaf_count=79 117 5600 111 77
internal_value=0.000453896 0.000150799 0.000637197 -0.0101742
internal_weight=2319.25 2290.04 2210.48 79.5562
internal_count=5984 5905 5711 194
is_linear=0
shrinkage=0.03


Tree=59
num_leaves=6
num_cat=0
split_feature=10 8 18 6 6
split_gain=10.8817 8.74329 13.6627 10.193 5.05723
threshold=0.37255311012268072 -1.6406757235527036 0.12733138352632525 -0.090865705162286745 -0.10590006038546561
decision_type=2 2 2 2 2
left_child=4 2 -2 -3 -1
right_child=1 3 -4 -5 -6
leaf_value=0 0.013266289850545706 0.0016264897316348086 -0.0026492581887718803 -0.0025855510781387201 0.014051625220897406
leaf_weight=36.71619063615799 82.963936544954777 833.05874682590365 71.717094823718071 1260.3015405647457 51.532028883695602
leaf_count=83 201 2103 192 3320 124
internal_value=9.25643e-05 -0.000326196 0.00608519 -0.000881437 0.00940371
internal_weight=2336.29 2248.04 154.681 2093.36 88.2482
internal_count=6023 5816 393 5423 207
is_linear=0
shrinkage=0.03


Tree=60
num_leaves=6
num_cat=0
split_feature=5 13 11 9 16
split_gain=10.3052 8.42588 16.2272 14.1896 6.98315
threshold=0.64248353242874157 -0.88262948393821705 -0.67215159535408009 -0.27222672104835505 0.53741261363029491
decision_type=2 2 2 2 2
left_child=1 2 -1 -3 -2
right_child=4 3 -4 -5 -6
leaf_value=-0.00751452482056276 -0.0002705807790083064 -0.007157195674276761 0.0096091612172628862 -0.0001936083673044327 0.013318211213144577
leaf_weight=49.382375612854958 42.586466159671545 295.92444483935833 151.55990129709244 1713.753864724189 62.272307209670544
leaf_count=144 107 784 403 4394 151
internal_value=-0.000193042 -0.000685742 0.00483009 -0.00130898 0.0081595
internal_weight=2315.48 2210.62 200.942 2009.68 104.859
internal_count=5983 5725 547 5178 258
is_linear=0
shrinkage=0.03


Tree=61
num_leaves=7
num_cat=0
split_feature=10 16 3 0 2 0
split_gain=8.62576 13.8489 17.0762 12.5864 16.5273 11.1057
threshold=1.7827949523925783 0.81088417768478405 1.1172013878822329 -2.3158314228057857 0.10526438057422639 -1.5291200280189512
decision_type=2 2 2 2 2 2
left_child=3 2 -2 4 -1 -5
right_child=1 -3 -4 5 -6 -7
leaf_value=0.011082160496186582 -0.0078748785605407719 0.0079638498716083916 0.0082782526264442279 -0.0028566602398390393 -0.0035101762496808171 0.0021790789047192818
leaf_weight=200.20986792817712 361.54041486606002 60.406797453761101 49.330467127263546 679.95986959710717 83.025292456150055 882.01641617715359
leaf_count=544 875 149 121 1857 239 2236
internal_value=0.000108916 -0.00339991 -0.00550199 0.00106411 0.00665742 0
internal_weight=2316.49 471.278 410.871 1845.21 283.235 1561.98
internal_count=6021 1145 996 4876 783 4093
is_linear=0
shrinkage=0.03


Tree=62
num_leaves=7
num_cat=0
split_feature=13 11 16 16 16 16
split_gain=10.739 9.69535 15.6605 12.3961 4.07576 1.46865
threshold=1.1868554353713991 -0.36453059315681452 -0.44311659038066858 -0.4887052029371261 0.2463505566120148 0.77614119648933422
decision_type=2 2 2 2 2 2
left_child=1 2 -1 -3 -2 -6
right_child=4 3 -4 -5 5 -7
leaf_value=0.0074526237968168298 0 -0.0080147342417059269 -0.0042982849540988627 0.0023557723191686523 -0.014467958654356112 -0.0012579939153874102
leaf_weight=98.294841144233942 31.295617312192917 90.534335121512413 661.42264908924699 1377.6589980199933 50.654738254845142 25.174171790480614
leaf_count=240 67 212 1833 3455 163 79
internal_value=-0.000323088 0.000133155 -0.0025488 0.00157685 -0.00881187 -0.0118864
internal_weight=2335.04 2227.91 759.717 1468.19 107.125 75.8289
internal_count=6049 5740 2073 3667 309 242
is_linear=0
shrinkage=0.03


Tree=63
num_leaves=7
num_cat=0
split_feature=14 18 14 18 16 10
split_gain=12.3992 23.2283 9.99832 15.1378 7.87633 4.15523
threshold=3.0667545795440678 -0.50891894102096547 2.1331802606582646 0.75158116221427929 0.78476065397262584 1.4169286489486697
decision_type=2 2 2 2 2 2
left_child=2 -2 4 -4 -1 -3
right_child=1 5 3 -5 -6 -7
leaf_value=-0.00053415695662478767 0.020537446720787705 -0.0058467863180216252 -0.0068901059548413905 0.010674221414188946 0.0044820546675620266 0.0045918428298572164
leaf_weight=1459.170740172267 54.239550992846489 57.515137180685997 344.45105600729585 29.774623431265354 325.27822674810886 38.195070050656796
leaf_count=3638 147 198 1018 79 816 100
internal_value=4.99628e-05 0.00787703 -0.000533514 -0.0048698 0.000386515 -0.00108886
internal_weight=2308.62 149.95 2158.67 374.226 1784.45 95.7102
internal_count=5996 445 5551 1097 4454 298
is_linear=0
shrinkage=0.03


Tree=64
num_leaves=7
num_cat=0
split_feature=13 5 0 6 18 12
split_gain=11.9767 9.33196 20.6586 18.8608 6.95069 3.60281
threshold=1.1717759370803835 0.22886359691619876 -1.4686346650123594 -0.38757526874542231 -0.27745482325553888 1.4643091559410097
decision_type=2 2 2 2 2 2
left_child=1 3 -3 -1 -2 -6
right_child=4 2 -4 -5 5 -7
leaf_value=0.0077882477873365517 0.00085286461762774793 -0.0015619634272010529 0.0086160483660014976 -0.0024083630231714766 -0.01709537898409532 -0.0012328227126491176
leaf_weight=163.90755359083414 32.412399768829346 376.5945357568562 302.09950653463602 1351.4683949388564 50.189113490283489 30.602434121072292
leaf_count=378 91 1021 741 3535 159 89
internal_value=-0.000400688 0.00010166 0.00299954 -0.0011793 -0.00914082 -0.0131191
internal_weight=2307.27 2194.07 678.694 1515.38 113.204 80.7915
internal_count=6014 5675 1762 3913 339 248
is_linear=0
shrinkage=0.03


Tree=65
num_leaves=7
num_cat=0
split_feature=12 10 14 10 14 0
split_gain=10.0992 27.5541 11.1969 10.9137 23.0309 12.4618
threshold=2.1513785123825078 1.1839074492454531 2.100147128105164 0.6763039529323579 -0.11799070611596106 -0.3837300688028335
decision_type=2 2 2 2 2 2
left_child=3 -2 -3 4 -1 -5
right_child=1 2 -4 5 -6 -7
leaf_value=-0.002621599169911823 -0.0044871394519268477 0.013722048097241703 0.0013769354263830315 -0.0024243193661704818 0.014816402930237794 0.0070953509616952116
leaf_weight=137.61477623134851 187.67314869910479 187.23310192674398 121.39458317309618 1449.5472588539124 99.05531757324934 113.27220404148102
leaf_count=334 529 455 319 3841 267 265
internal_value=0.000362824 0.00407998 0.00942816 -0.000662972 0.0050289 -0.0016155
internal_weight=2295.79 496.301 308.628 1799.49 236.67 1562.82
internal_count=6010 1303 774 4707 601 4106
is_linear=0
shrinkage=0.03


Tree=66
num_leaves=5
num_cat=0
split_feature=14 2 7 8
split_gain=11.2931 9.2039 12.7572 12.3623
threshold=-0.93311592936515797 -0.035391559824347489 0.64994883537292492 -0.39181543886661524
decision_type=2 2 2 2
left_child=-1 2 -2 -3
right_child=1 3 -4 -5
leaf_value=0.013642672170288545 0.00396078304496805 0.00017782082950350614 -0.002842772732483232 -0.00616436829897948
leaf_weight=34.643707633018494 753.74405833333731 763.89094020426273 338.04775174334645 397.96361214667559
leaf_count=90 1885 2042 899 1090
internal_value=0.000153872 -0.000145276 0.00178701 -0.00201132
internal_weight=2288.29 2253.65 1091.79 1161.85
internal_count=6006 5916 2784 3132
is_linear=0
shrinkage=0.03


Tree=67
num_leaves=7
num_cat=0
split_feature=5 1 14 14 3 11
split_gain=7.97136 15.4743 13.9489 12.5147 13.8164 12.1907
threshold=0.22886359691619876 0.29979288578033453 1.5168184638023379 2.769733309745789 -1.5355415344238279 -0.38751606643199915
decision_type=2 2 2 2 2 2
left_child=3 2 -2 4 -1 -5
right_child=1 -3 -4 5 -6 -7
leaf_value=-0.0095779996728142872 0.0077671104578496209 -0.0064493641121609159 -0.0011896921711806324 -0.0029141267063746991 -0.00073985192685454822 0.012361518729834792
leaf_weight=167.53430444002151 413.85836351290345 115.47807829082012 220.85451613366604 59.638330198824406 1231.6815873123705 95.801035076379776
leaf_count=475 1013 303 666 207 3147 244
internal_value=0.00019213 0.00271301 0.00461772 -0.00100521 -0.00196042 0.00649455
internal_weight=2304.85 750.191 634.713 1554.66 1399.22 155.439
internal_count=6055 1982 1679 4073 3622 451
is_linear=0
shrinkage=0.03


Tree=68
num_leaves=7
num_cat=0
split_feature=11 9 8 4 7 7
split_gain=10.2495 13.0896 18.9584 11.9201 19.5041 12.5957
threshold=0.41689600050449377 0.056505406275391586 -0.10434881597757338 -0.14342228323221204 0.46826492249965673 0.43770696222782141
decision_type=2 2 2 2 2 2
left_child=3 -2 -3 5 -5 -1
right_child=1 2 -4 4 -6 -7
leaf_value=-0.0018640404969534937 0 0.014353090042802996 -0.0047075396804799365 0.00036078900896349556 -0.0075557489869905754 0.0063995059211836795
leaf_weight=315.96622023358941 335.46335976943374 147.07463574409485 48.350372180342674 634.92473189160228 460.68230704590678 298.83055723458529
leaf_count=878 892 338 118 1649 1302 787
internal_value=0 0.00358769 0.00935952 -0.00111045 -0.00298996 0.00213313
internal_weight=2241.29 530.888 195.425 1710.4 1095.61 614.797
internal_count=5964 1348 456 4616 2951 1665
is_linear=0
shrinkage=0.03


Tree=69
num_leaves=7
num_cat=0
split_feature=17 0 11 8 0 16
split_gain=8.73997 34.0201 12.7669 11.5034 8.27937 10.3778
threshold=1.5702450871467593 -1.599322974681854 0.093991905450820937 0.14108677953481677 -2.4805699586868282 0.78931427001953136
decision_type=2 2 2 2 2 2
left_child=4 2 -2 -3 -1 -6
right_child=1 3 -4 -5 5 -7
leaf_value=0.0052222403506657659 -0.0077211933880521558 0.01445951915913332 0.0056047518258318316 -0.00091803361677939553 -0.002956738315521729 0.0029095357616555906
leaf_weight=147.13111467659473 190.69913985580206 184.84701190143824 71.402107149362564 43.711214646697044 1284.8325629644096 315.83102314919233
leaf_count=402 582 466 182 126 3353 834
internal_value=-4.39237e-05 0.0033857 -0.00373824 0.01144 -0.00106807 -0.00174061
internal_weight=2238.45 490.659 262.101 228.558 1747.79 1600.66
internal_count=5945 1356 764 592 4589 4187
is_linear=0
shrinkage=0.03


Tree=70
num_leaves=7
num_cat=0
split_feature=9 11 7 4 4 9
split_gain=10.1411 17.0286 13.9563 13.686 12.7625 11.7361
threshold=-0.0042774628382176152 0.38677753508090978 0.34775479137897497 -0.14167264103889463 -0.082625906914472566 0.067926812916994109
decision_type=2 2 2 2 2 2
left_child=2 -2 4 -4 -1 -3
right_child=1 5 3 -5 -6 -7
leaf_value=0.0010959634325109658 -0.0046444708136145164 -0.0062702910021948189 0.0024771265755057169 -0.0064472777866356225 0.0099294902396202464 0.0074660251175402001
leaf_weight=410.24579354375601 770.06241201236844 54.017226420342922 302.24915011227131 270.57239367440343 232.74731823056936 196.05459198355675
leaf_count=1140 2057 137 798 797 599 471
internal_value=-0.000219165 -0.00242321 0.00159088 -0.0017124 0.00458705 0.00403211
internal_weight=2235.95 1020.13 1215.81 572.822 642.993 250.072
internal_count=5999 2665 3334 1595 1739 608
is_linear=0
shrinkage=0.03


Tree=71
num_leaves=7
num_cat=0
split_feature=20 13 3 17 0 11
split_gain=9.7929 17.6892 13.0328 11.1183 30.9863 9.64814
threshold=1.0000000180025095e-35 0.51395353674888622 -1.6286472678184507 1.6860666871070864 -1.5291200280189512 -1.6623668670654295
decision_type=2 2 2 2 2 2
left_child=3 -2 -3 5 -5 -1
right_child=1 2 -4 4 -6 -7
leaf_value=0.0098159570250909156 0.0076074692825847433 -0.013145563605717546 0.0010567080896204889 -0.0042195459278149593 0.01336612271613689 -0.0032434144555506875
leaf_weight=31.845742449164391 315.39192884415388 56.882856383919716 204.6518928706646 191.47356509417295 135.46772253513336 1286.4658359736204
leaf_count=74 781 203 532 570 363 3493
internal_value=-0.000287492 0.00297894 -0.00253353 -0.00149095 0.00324458 -0.00274114
internal_weight=2222.18 576.927 261.535 1645.25 326.941 1318.31
internal_count=6016 1516 735 4500 933 3567
is_linear=0
shrinkage=0.03


Tree=72
num_leaves=7
num_cat=0
split_feature=2 3 12 11 0 18
split_gain=13.2942 11.171 13.5546 11.1352 20.3793 16.4193
threshold=-0.025724115781486031 -1.446207523345947 1.1094167828559878 0.27051049470901495 -1.7831272482872007 0.21463442593812945
decision_type=2 2 2 2 2 2
left_child=1 2 -1 4 -2 -5
right_child=3 -3 -4 5 -6 -7
leaf_value=-0.011801949021223468 -0.010362529148461546 0.0036907095486531888 0.0017149429982875788 0.007186538887746347 -0.00041707717415983967 -0.005187515265439889
leaf_weight=84.341898955404758 299.91789449378848 864.56167239323258 158.08679772540927 200.20908623188734 477.35939951986074 148.7155552059412
leaf_count=241 916 2204 468 503 1284 415
internal_value=-0.000211539 0.00207511 -0.00330005 -0.00250852 -0.00449354 0.00175463
internal_weight=2233.19 1106.99 242.429 1126.2 777.277 348.925
internal_count=6031 2913 709 3118 2200 918
is_linear=0
shrinkage=0.03


Tree=73
num_leaves=7
num_cat=0
split_feature=10 14 6 10 12 19
split_gain=10.3497 11.8707 12.4725 10.0831 12.951 11.1768
threshold=0.59635630249977123 -0.19282107055187223 -0.14578891545534131 1.4757105112075808 1.5071361064910891 1.2945911884307864
decision_type=2 2 2 2 2 2
left_child=1 2 -1 5 -5 -2
right_child=3 -3 -4 4 -6 -7
leaf_value=-0.01127254418213503 -0.00084060308467783233 0.01385017381998648 0.0063864216390509447 -0.00075772184198741126 0.0063852839182503077 -0.0086592660150819518
leaf_weight=37.138033621013165 869.84910243749619 82.737720981240273 77.207524493336678 611.82498182356358 330.65224215388298 191.86280102655292
leaf_count=99 2403 225 196 1617 859 603
internal_value=0.000205888 0.00644754 0 -0.000435888 0.00176655 -0.00244297
internal_weight=2201.27 197.083 114.346 2004.19 942.477 1061.71
internal_count=6002 520 295 5482 2476 3006
is_linear=0
shrinkage=0.03


Tree=74
num_leaves=7
num_cat=0
split_feature=18 8 3 5 18 2
split_gain=6.24948 10.532 11.6642 9.90935 20.011 10.9814
threshold=-0.36020232737064356 -1.244593560695648 -0.3104631751775741 -0.098595440387725816 0.76489856839180004 -0.25096404552459711
decision_type=2 2 2 2 2 2
left_child=1 -1 -3 4 -2 -5
right_child=3 2 -4 5 -6 -7
leaf_value=0.0093828031218233608 -0.00032353549335888067 -0.0028144300970505852 0.0056088575166137692 0.0033517363476692989 0.015396865810261059 -0.004183220491564648
leaf_weight=130.58401966094971 375.18645797669888 362.71635402739048 219.58506106957793 192.72828272357583 68.286653771996498 850.10142596811056
leaf_count=345 1008 952 566 543 171 2400
internal_value=0 0.00229172 0.000343134 -0.00108566 0.00252761 -0.00269734
internal_weight=2199.19 712.885 582.301 1486.3 443.473 1042.83
internal_count=5985 1863 1518 4122 1179 2943
is_linear=0
shrinkage=0.03


Tree=75
num_leaves=7
num_cat=0
split_feature=8 1 17 4 18 5
split_gain=9.27014 8.83421 15.0687 11.175 6.22483 4.51363
threshold=0.55981922149658214 -0.071326069533824907 1.611732065677643 -0.17108441889286038 0.52790534496307384 0.22305863350629809
decision_type=2 2 2 2 2 2
left_child=1 3 -3 -1 5 -2
right_child=4 2 -4 -5 -6 -7
leaf_value=0.0075591799751842789 -0.014461045676868881 -0.0027242106304831253 0.0051072053803888993 0.0003569556854771825 0.0017305840962690464 0
leaf_weight=294.70116454362869 60.571306869387627 942.24479274451733 264.53699449449778 560.69301286712289 36.384660355746746 34.440684229135513
leaf_count=781 180 2551 749 1522 107 91
internal_value=0.000163929 0.000709832 -0.000903314 0.00302283 -0.00696929 -0.0105442
internal_weight=2193.57 2062.18 1206.78 855.394 131.397 95.012
internal_count=5981 5603 3300 2303 378 271
is_linear=0
shrinkage=0.03


Tree=76
num_leaves=7
num_cat=0
split_feature=23 9 7 15 5 8
split_gain=12.1712 17.3957 15.8533 13.8526 13.5525 13.4494
threshold=1.0000000180025095e-35 0.50158149003982555 -0.38657748699188227 -1.2176839709281919 0.0038098896620795135 -0.62823712825775135
decision_type=2 2 2 2 2 2
left_child=1 -1 4 -4 -2 -3
right_child=2 5 3 -5 -6 -7
leaf_value=0.0024919181910884628 -0.0062802831234221018 0.0019680158971729744 -0.012395615443927284 -0.0012072231646173049 0.0093704020462540092 -0.016558773904757098
leaf_weight=1486.5937025398016 57.190485157072544 46.71553809940815 179.69941984117031 235.29742067679763 114.93933388590813 60.840048685669899
leaf_count=4188 133 119 454 626 281 164
internal_value=0.000192185 0.00157792 -0.00339952 -0.00653705 0.00374568 -0.00899463
internal_weight=2181.28 1594.15 587.127 414.997 172.13 107.556
internal_count=5965 4471 1494 1080 414 283
is_linear=0
shrinkage=0.03


Tree=77
num_leaves=7
num_cat=0
split_feature=1 18 5 0 9 9
split_gain=9.2241 12.8878 15.4867 9.3366 8.39512 10.4238
threshold=0.19094837456941607 0.25264801084995275 0.10141368582844736 -0.47021670639514918 -0.18650072813034055 -0.096697833389043794
decision_type=2 2 2 2 2 2
left_child=4 3 -3 -2 -1 -6
right_child=1 2 -4 -5 5 -7
leaf_value=-0.0026250720662989533 0.0023644434525417098 -0.00040226491828279182 -0.016547285008149348 -0.011848879974636616 0.0071121337193953476 0.00038534927113567408
leaf_weight=482.37677606940269 259.87474032863975 110.47044315189123 102.93645801395178 28.720860213041306 255.46670739725232 940.41417629644275
leaf_count=1357 727 329 300 69 703 2489
internal_value=-0.00045077 -0.00395072 -0.00919745 7.92635e-05 0.000595007 0.00196504
internal_weight=2180.26 502.003 213.407 288.596 1678.26 1195.88
internal_count=5974 1425 629 796 4549 3192
is_linear=0
shrinkage=0.03


Tree=78
num_leaves=7
num_cat=0
split_feature=11 12 8 0 12 5
split_gain=10.6974 11.2893 12.1377 10.9445 12.3456 8.31036
threshold=-0.39370034635066981 -0.94044923782348622 -0.84870728850364674 -1.5522954463958738 2.3775863647460942 0.12825128436088565
decision_type=2 2 2 2 2 2
left_child=3 2 -2 4 -1 -5
right_child=1 -3 -4 5 -6 -7
leaf_value=-0.0079929547200236484 0.0018007709542547246 0.0022435485623669578 -0.014438428989169746 0.0046480514385670345 0.0078892169793892478 -0.0044484713174564117
leaf_weight=362.67222372442484 65.898174211382866 1337.691566824913 60.459924280643463 199.60945989191532 29.92791036888957 130.45961900055408
leaf_count=1116 167 3581 171 521 85 367
internal_value=-6.99382e-05 0.00137395 -0.00647065 -0.00303412 -0.00631311 0.000832524
internal_weight=2186.72 1464.05 126.358 722.669 392.6 330.069
internal_count=6008 3919 338 2089 1201 888
is_linear=0
shrinkage=0.03


Tree=79
num_leaves=7
num_cat=0
split_feature=10 11 11 6 11 16
split_gain=10.9026 12.139 14.3649 11.856 6.3433 5.97754
threshold=0.59635630249977123 0.41689600050449377 0.64977687597274791 -0.038626378402113908 0.29617640376091009 0.69353318214416515
decision_type=2 2 2 2 2 2
left_child=4 3 -3 -2 5 -1
right_child=1 2 -4 -5 -6 -7
leaf_value=0.012248194172918352 0.00045428260254704218 0.0094124845945083389 -0.0007353748961092672 -0.0047911962165731407 -0.0021565747534216793 0
leaf_weight=105.86429470032454 695.29434221237898 175.29426014795899 318.14267499372363 797.88321013748646 42.961084175854921 39.089673347771168
leaf_count=285 1912 457 839 2295 116 105
internal_value=-0.000267729 -0.000968871 0.00297903 -0.00233528 0.00623626 0.00904733
internal_weight=2174.53 1986.61 493.437 1493.18 187.915 144.954
internal_count=6009 5503 1296 4207 506 390
is_linear=0
shrinkage=0.03


Tree=80
num_leaves=5
num_cat=0
split_feature=14 14 16 14
split_gain=7.90125 8.73723 9.14222 6.46859
threshold=-0.93311592936515797 -0.61183589696884144 0.39166939258575445 0.017727416008710865
decision_type=2 2 2 2
left_child=-1 2 -2 -3
right_child=1 3 -4 -5
leaf_value=0.01078324090600024 -0.017018764638277482 0.0023335846373508974 0 -0.00121859915768525
leaf_weight=36.987737379968166 37.531091064214706 670.54950116202235 68.866539813578129 1368.2031348571181
leaf_count=102 103 1715 173 3947
internal_value=-0.000199016 -0.000513947 -0.00816918 -9.81539e-06
internal_weight=2182.14 2145.15 106.398 2038.75
internal_count=6040 5938 276 5662
is_linear=0
shrinkage=0.03


Tree=81
num_leaves=7
num_cat=0
split_feature=5 13 23 14 14 2
split_gain=6.5946 7.47539 6.93098 13.8122 9.73178 4.03415
threshold=0.58019560575485241 0.85489696264266979 1.0000000180025095e-35 0.04525661654770375 0.34448760747909551 -0.027896903455257412
decision_type=2 2 2 2 2 2
left_child=2 5 4 -4 -1 -2
right_child=1 -3 3 -5 -6 -7
leaf_value=-0.0024621674613283127 8.0974945610622304e-05 -0.0017508028582903291 0.00054826752564026912 -0.0088842027158999807 0.0022916622078657484 0.015238417300928722
leaf_weight=652.85296707227826 32.054907739162445 53.997869811952114 288.27899840474129 229.18457724153996 887.0542700663209 44.922738678753376
leaf_count=1681 75 161 724 626 2645 117
internal_value=-0.000289276 0.00572264 -0.000752298 -0.00369288 0.000232056 0.0108637
internal_weight=2188.35 130.976 2057.37 517.464 1539.91 76.9776
internal_count=6029 353 5676 1350 4326 192
is_linear=0
shrinkage=0.03


Tree=82
num_leaves=7
num_cat=0
split_feature=6 8 6 13 20 16
split_gain=7.57776 12.6757 13.2197 10.3041 20.659 12.1077
threshold=0.051446497440338142 -0.30008290708065027 0.38204576075077062 -0.078895248472690568 1.0000000180025095e-35 0.71650779247283947
decision_type=2 2 2 2 2 2
left_child=3 2 -2 4 -1 -5
right_child=1 -3 -4 5 -6 -7
leaf_value=-0.0067846863464527491 -0.001791374107847184 -0.0068954955942411864 0.0082259330443143052 0.0054865555926699224 0.0092294733803757936 -0.0014979827285645816
leaf_weight=254.79505242407322 449.19630063697696 273.40590537339449 137.35957778245211 691.24488319829106 77.21821366250515 297.95316915214062
leaf_count=710 1304 799 370 1806 200 836
internal_value=0.000349639 -0.00178332 0.000649443 0.00178859 -0.00257696 0.00333532
internal_weight=2181.17 859.962 586.556 1321.21 332.013 989.198
internal_count=6025 2473 1674 3552 910 2642
is_linear=0
shrinkage=0.03


Tree=83
num_leaves=7
num_cat=0
split_feature=1 0 11 14 5 0
split_gain=9.93769 11.7294 13.1931 9.71409 9.01982 13.086
threshold=-0.071326069533824907 -1.4686346650123594 -0.10115813091397284 0.69432741403579723 0.42357037961483007 -2.0792038440704341
decision_type=2 2 2 2 2 2
left_child=4 2 -2 -3 5 -1
right_child=1 3 -4 -5 -6 -7
leaf_value=0.0098912651527358446 -0.0079034725427426511 0.0045541474012607752 0.00012232989332546228 -0.0032528816231492562 -0.0045700144531850726 0.0013085005297829248
leaf_weight=216.28988625481725 346.9001037478447 375.54793883115053 340.42238449305296 199.10278663039207 108.56949451565742 585.76543709635735
leaf_count=592 1069 947 920 591 302 1593
internal_value=0.00035358 -0.00133156 -0.0039525 0.00172987 0.00273181 0.00388034
internal_weight=2172.6 1261.97 687.322 574.651 910.625 802.055
internal_count=6014 3527 1989 1538 2487 2185
is_linear=0
shrinkage=0.03


Tree=84
num_leaves=7
num_cat=0
split_feature=13 7 5 5 10 3
split_gain=6.43767 9.13936 8.03146 9.30252 4.20459 3.50492
threshold=1.1868554353713991 -0.060695454478263848 0.58019560575485241 0.42357037961483007 1.7424992322921755 -0.37288618087768549
decision_type=2 2 2 2 2 2
left_child=2 -2 3 -1 -3 -4
right_child=1 4 5 -5 -6 -7
leaf_value=0.00042675238410341305 0.0024220176133632927 -0.018452107547836737 0.010493188103475401 -0.0073946778051252066 -0.00014571509734652704 0
leaf_weight=1834.5788694135845 39.408584147691727 30.618368722498417 76.041830837726593 127.46065720915794 23.782368987798691 33.041722036898136
leaf_count=5103 114 110 193 349 77 90
internal_value=-2.59883e-05 -0.00699861 0.000325052 -0.000120572 -0.013446 0.00758193
internal_weight=2164.93 93.8093 2071.12 1962.04 54.4007 109.084
internal_count=6036 301 5735 5452 187 283
is_linear=0
shrinkage=0.03


Tree=85
num_leaves=7
num_cat=0
split_feature=1 5 18 15 0 3
split_gain=7.88316 13.892 12.9983 16.7007 11.8037 11.6217
threshold=0.19094837456941607 0.22886359691619876 -0.31484043598175043 -0.095615167170763002 -1.3339937925338743 -1.5355415344238279
decision_type=2 2 2 2 2 2
left_child=1 5 -2 -4 -3 -1
right_child=2 4 3 -5 -6 -7
leaf_value=-0.0086793546529411528 0.0029440597196095878 0.0011502913394121916 -0.0097290953501769136 0.0069048988172064696 0.010437919435094874 0.00022095657615458218
leaf_weight=130.2499695494771 169.75579838454723 344.71677038818598 269.26678291708231 47.39073657989502 194.04810333251953 994.66384414583445
leaf_count=407 458 993 834 130 519 2658
internal_value=0 0.000970418 -0.00329834 -0.00679913 0.00485669 -0.000890789
internal_weight=2150.09 1663.68 486.413 316.658 538.765 1124.91
internal_count=5999 4577 1422 964 1512 3065
is_linear=0
shrinkage=0.03


Tree=86
num_leaves=7
num_cat=0
split_feature=16 2 16 3 3 14
split_gain=9.71147 12.2389 9.4724 8.55299 11.7696 10.1101
threshold=0.50653365254402172 0.16914440691471103 0.34472975134849554 0.63965722918510448 -1.4177936315536497 0.036246594041585929
decision_type=2 2 2 2 2 2
left_child=1 2 -1 4 -2 -5
right_child=3 -3 -4 5 -6 -7
leaf_value=0.002113531795318666 -0.0016829527542448293 -0.0073323385933942633 -0.0050276752128750688 0.0043189389241809232 0.0049328830569283577 -0.013228555037983043
leaf_weight=538.31489230319858 332.16775114834309 263.675492990762 218.59757237881422 31.607956871390343 713.38456147536635 49.108638413250446
leaf_count=1448 999 797 618 79 1925 170
internal_value=5.26676e-05 -0.00201769 0 0.00198357 0.00278261 -0.00626824
internal_weight=2146.86 1020.59 756.912 1126.27 1045.55 80.7166
internal_count=6036 2863 2066 3173 2924 249
is_linear=0
shrinkage=0.03


Tree=87
num_leaves=7
num_cat=0
split_feature=4 16 17 5 1 18
split_gain=10.5391 11.7626 11.5694 7.85494 7.79044 7.47224
threshold=0.73982840776443493 0.71118542551994335 -0.28410962224006647 -0.69828960299491871 -0.11787444725632666 0.45274479687213903
decision_type=2 2 2 2 2 2
left_child=2 4 5 -4 -2 -1
right_child=1 -3 3 -5 -6 -7
leaf_value=0.0066968676435050847 0 0.005062919589244836 0.010065750724883138 -0.0013834577490759365 -0.016649704645077625 -0.0011534597659851585
leaf_weight=330.25102700293064 34.430445499718189 31.235057160258293 35.139582261443138 1483.5290238074958 72.917850814759731 133.60459312796593
leaf_count=890 85 72 93 4268 195 383
internal_value=-0.000271983 -0.00772909 0.000291313 -0.000952153 -0.0121329 0.00435751
internal_weight=2121.11 138.583 1982.52 1518.67 107.348 463.856
internal_count=5986 352 5634 4361 280 1273
is_linear=0
shrinkage=0.03


Tree=88
num_leaves=7
num_cat=0
split_feature=8 13 15 6 14 17
split_gain=7.37605 9.11919 8.46285 16.0692 9.38985 5.42178
threshold=-1.6406757235527036 0.72261422872543346 -1.3333734869956968 -0.096210848540067659 0.017727416008710865 0.43147104978561407
decision_type=2 2 2 2 2 2
left_child=1 -1 3 -2 -4 -3
right_child=2 5 4 -5 -6 -7
leaf_value=0.011280314956957617 0.0019469490580493896 0.004589638413850964 0.0040443067785266955 -0.0067639219874145329 -0.0011887521172746843 -0.0086931105186162771
leaf_weight=87.886117804795504 299.71791477873921 34.250463135540485 478.41609155386686 437.70113020017743 769.24788353964686 32.907572768628597
leaf_count=224 837 88 1256 1332 2188 102
internal_value=-0.000124902 0.0057474 -0.000666233 -0.00318632 0.000802679 -0.00173181
internal_weight=2140.13 155.044 1985.08 737.419 1247.66 67.158
internal_count=6027 414 5613 2169 3444 190
is_linear=0
shrinkage=0.03


Tree=89
num_leaves=5
num_cat=0
split_feature=14 14 0 0
split_gain=6.39655 7.71031 7.19595 4.45783
threshold=-0.93311592936515797 -0.61183589696884144 0.067833337932825102 -1.4732437729835508
decision_type=2 2 2 2
left_child=-1 3 -3 -2
right_child=1 2 -4 -5
leaf_value=0.010470017952902408 -0.011651994205375861 -4.6533638019730299e-05 0.0092449712366226271 0
leaf_weight=32.297545857727528 59.791987493634224 1936.3830077685416 57.587021179497242 44.70909471064806
leaf_count=92 177 5475 145 110
internal_value=8.93915e-05 -0.000139391 0.000281162 -0.00740193
internal_weight=2130.77 2098.47 1993.97 104.501
internal_count=5999 5907 5620 287
is_linear=0
shrinkage=0.03


Tree=90
num_leaves=7
num_cat=0
split_feature=9 0 3 3 17 9
split_gain=6.82725 11.626 10.9273 14.6787 10.7226 9.55665
threshold=0.19562344253063205 -2.5037196874618526 1.0391433835029604 -0.58156338334083546 1.095692038536072 -0.21828690916299817
decision_type=2 2 2 2 2 2
left_child=1 4 3 -2 -1 -3
right_child=2 5 -4 -5 -6 -7
leaf_value=0.016784551471983471 0.00065095253999050066 -0.0036905830214039848 0.0064801670966409793 -0.0099417985009193754 -0.00094614228054720718 0.0015329136580342806
leaf_weight=54.597996987402439 200.64178943261504 417.12773793935776 66.71123219653964 228.38765928149223 38.562208369374275 1107.353446636349
leaf_count=141 537 1234 176 635 119 3130
internal_value=-0.000155774 0.000764249 -0.00318743 -0.00504598 0.0100449 3.55325e-05
internal_weight=2113.38 1617.64 495.741 429.029 93.1602 1524.48
internal_count=5972 4624 1348 1172 260 4364
is_linear=0
shrinkage=0.03


Tree=91
num_leaves=7
num_cat=0
split_feature=6 5 8 11 14 2
split_gain=7.09107 8.94686 10.4647 5.73172 12.4412 6.51096
threshold=-0.36643284559249872 0.16982786357402804 -0.24356450140476224 -0.10115813091397284 0.095633063465356841 -0.16471158713102338
decision_type=2 2 2 2 2 2
left_child=1 -1 -3 5 -5 -2
right_child=3 2 -4 4 -6 -7
leaf_value=0.0087727570015617307 -0.0062299104560169551 -0.010035741588783219 0.0069346641496900851 0.005232205605923146 -0.0015841019711078416 -0.00048840239211406342
leaf_weight=158.76225753501058 231.94876081496477 49.506617829203606 39.755463503301144 386.51085013523698 557.01799469441175 713.22882095351815
leaf_count=402 656 151 104 1008 1599 2124
internal_value=0.000208758 0.00479461 -0.00204249 -0.000405948 0.00119653 -0.00205944
internal_weight=2136.73 248.024 89.2621 1888.71 943.529 945.178
internal_count=6044 657 255 5387 2607 2780
is_linear=0
shrinkage=0.03


Tree=92
num_leaves=7
num_cat=0
split_feature=1 15 8 23 19 15
split_gain=10.5507 10.1307 8.56619 7.24212 6.0736 5.96233
threshold=0.3723894357681275 -2.148364663124084 -0.63544243574142445 1.0000000180025095e-35 0.90498530864715587 -2.3441717624664302
decision_type=2 2 2 2 2 2
left_child=1 5 4 -3 -2 -1
right_child=2 3 -4 -5 -6 -7
leaf_value=0.0016573008431553613 0.0085392326835119683 0.0028069224504297481 -0.010443193618185763 -0.0014098228130878226 -0.004407388978151414 -0.010056111122767672
leaf_weight=40.377873234450817 35.205162204802036 1320.2830985821784 120.209842056036 469.27175948023796 56.659101769328117 92.070074647665024
leaf_count=129 97 3720 378 1273 171 305
internal_value=0.000276064 0.00102233 -0.00573392 0.00166465 0.000657433 -0.00634266
internal_weight=2134.08 1922 212.074 1789.55 91.8643 132.448
internal_count=6073 5427 646 4993 268 434
is_linear=0
shrinkage=0.03


Tree=93
num_leaves=7
num_cat=0
split_feature=4 7 19 8 12 9
split_gain=5.80579 11.8515 9.33524 12.6324 8.16924 2.89298
threshold=0.69163390994071972 -0.21132260560989377 0.30072091519832617 -0.015582094900310038 0.67825159430503856 0.21377281844615939
decision_type=2 2 2 2 2 2
left_child=2 -2 3 -1 -4 -3
right_child=1 5 4 -5 -6 -7
leaf_value=0.014677170891459264 -0.012969182205639442 -0.0032581383538863602 -0.0018322363765429775 -0.0022019307613578396 0.0021670697217078668 0.0054635516091624406
leaf_weight=78.880515206605196 63.230059109628201 33.43164499104023 777.874920938164 50.084852673113346 1047.5130211561918 60.875720657408237
leaf_count=205 170 76 2211 148 3030 163
internal_value=0.000570761 -0.00457168 0.00105779 0.0083037 0.000428896 0.00181774
internal_weight=2111.89 157.537 1954.35 128.965 1825.39 94.3074
internal_count=6003 409 5594 353 5241 239
is_linear=0
shrinkage=0.03


Tree=94
num_leaves=5
num_cat=0
split_feature=14 15 6 7
split_gain=6.07158 7.01048 10.9287 10.2012
threshold=-0.93311592936515797 -0.50342968106269825 -0.027953468263149258 0.85199859738349926
decision_type=2 2 2 2
left_child=-1 2 -2 -3
right_child=1 3 -4 -5
leaf_value=0.010215147194637212 0.0034628173834333831 -0.0046708641076242917 -0.0015745958611186371 0.0058095403488414212
leaf_weight=31.445310331881046 724.89987293258309 494.94155360385776 773.25351023301482 77.457861170172691
leaf_count=96 1977 1395 2313 236
internal_value=7.95633e-06 -0.000214603 0.000836805 -0.0030031
internal_weight=2102 2070.55 1498.15 572.399
internal_count=6017 5921 4290 1631
is_linear=0
shrinkage=0.03


Tree=95
num_leaves=7
num_cat=0
split_feature=12 10 10 14 2 7
split_gain=10.8429 18.5118 10.7553 13.8653 10.3652 9.32039
threshold=2.3925294876098637 1.1380312442779543 0.76386803388595592 0.10976073518395425 -0.25722612440586085 -0.43922129273414606
decision_type=2 2 2 2 2 2
left_child=2 4 3 -1 -2 -4
right_child=1 -3 5 -5 -6 -7
leaf_value=-0.00069234908839740602 0.0077920160147146719 0.0096108169192329809 0.0012239215746672829 0.012234690131392853 -0.0086658262425535482 -0.003781383663340692
leaf_weight=183.75018218159676 27.844206977635622 219.32563854008913 465.20911663025618 95.518568236380816 95.575560487806797 994.30981209129095
leaf_count=487 73 592 1280 308 300 2907
internal_value=-8.47044e-05 0.00460753 -0.00108562 0.00405077 -0.00396567 -0.00215045
internal_weight=2081.53 342.745 1738.79 279.269 123.42 1459.52
internal_count=5947 965 4982 795 373 4187
is_linear=0
shrinkage=0.03


Tree=96
num_leaves=7
num_cat=0
split_feature=9 5 7 0 15 9
split_gain=6.91444 11.915 12.2903 10.9429 10.9276 10.8223
threshold=-0.0042774628382176152 -0.10331876203417777 0.800746649503708 -0.53293088078498829 -2.0569863319396968 -0.18650072813034055
decision_type=2 2 2 2 2 2
left_child=4 3 -3 -2 -1 -6
right_child=1 2 -4 -5 5 -7
leaf_value=-0.0067867380180587321 0 -0.0075356008952698764 0.0012552982853687585 0.015046547537453778 -0.00099828833213002829 0.005003427501620388
leaf_weight=115.40996810048819 305.09893421828747 418.18870059400797 189.14071045443416 30.235938929021358 473.83836922608316 555.32933232933283
leaf_count=386 843 1182 551 72 1388 1560
internal_value=-0.000368623 -0.00226809 -0.00474947 0.00207148 0.00115633 0.00221664
internal_weight=2087.24 942.664 607.329 335.335 1144.58 1029.17
internal_count=5982 2648 1733 915 3334 2948
is_linear=0
shrinkage=0.03


Tree=97
num_leaves=7
num_cat=0
split_feature=19 8 12 10 0 5
split_gain=6.04126 14.1147 13.726 9.47665 8.79279 17.6313
threshold=1.3155639767646792 -1.1035199165344236 -0.26396243274211878 1.704788386821747 -1.0171655416488645 0.25666697323322302
decision_type=2 2 2 2 2 2
left_child=4 3 -3 -2 -1 -6
right_child=1 2 -4 -5 5 -7
leaf_value=0.0017258092311728129 -0.0012433903850954981 0.0061253810952489069 -0.0098369471496602967 0.013893771665248819 -0.0067887314023306515 0.0065674143738816129
leaf_weight=1279.7619132306427 81.938378676772118 40.282612733542919 242.39718617871404 37.048690192401409 307.80803843960166 100.19863092154264
leaf_count=3674 252 128 756 105 834 259
internal_value=-0.000293409 -0.00352425 -0.0071096 0.0043592 0.000472625 -0.00321492
internal_weight=2089.44 401.667 282.68 118.987 1687.77 408.007
internal_count=6008 1241 884 357 4767 1093
is_linear=0
shrinkage=0.03


Tree=98
num_leaves=5
num_cat=0
split_feature=7 6 7 15
split_gain=4.63028 5.6526 7.49592 7.15231
threshold=-2.8330960273742671 -0.34558466076850886 -0.72430101037025441 -1.4609959125518797
decision_type=2 2 2 2
left_child=-1 2 -2 -3
right_child=1 3 -4 -5
leaf_value=-0.0085973193285008333 0.012117878327053912 -0.0032633847738988897 0.00073334161254428383 0.00077979000177917526
leaf_weight=35.683178290724754 57.904475063085556 541.81965963169932 206.42604660615325 1263.7882622350007
leaf_count=99 146 1683 570 3519
internal_value=-3.81018e-05 0.000161601 0.00411523 -0.000423064
internal_weight=2105.62 2069.94 264.331 1805.61
internal_count=6017 5918 716 5202
is_linear=0
shrinkage=0.03


Tree=99
num_leaves=7
num_cat=0
split_feature=18 7 15 15 6 19
split_gain=6.6423 11.4002 19.3802 12.4939 9.83483 14.1789
threshold=-0.31484043598175043 0.46826492249965673 -0.11022720858454703 -2.1336852312088008 -0.027953468263149258 1.0936000943183901
decision_type=2 2 2 2 2 2
left_child=4 3 -3 -2 5 -1
right_child=1 2 -4 -5 -6 -7
leaf_value=-0.00055597380163027938 -0.010869679389628101 -0.0067340494942677081 0.0095447290342267396 0.0019633859627011243 -0.00083176604175650261 0.011298297046363455
leaf_weight=149.25895109027624 53.953081950545311 477.32660521194339 55.222494836896658 786.38071135431528 394.91405207663774 175.45176693424582
leaf_count=399 183 1462 160 2239 1109 462
internal_value=-3.90987e-05 -0.00128629 -0.00465306 0.000836176 0.00222959 0.00595911
internal_weight=2092.51 1372.88 532.549 840.334 719.625 324.711
internal_count=6014 4044 1622 2422 1970 861
is_linear=0
shrinkage=0.03


Tree=100
num_leaves=7
num_cat=0
split_feature=4 2 6 10 7 16
split_gain=5.17895 13.1755 11.7674 9.49675 14.3602 12.3586
threshold=-0.14492195844650266 -0.087035764008760438 -0.070530321449041353 1.451497554779053 0.37990181148052221 -0.090443793684244142
decision_type=2 2 2 2 2 2
left_child=1 -1 -3 4 -2 -5
right_child=3 2 -4 5 -6 -7
leaf_value=0.0065560341278344718 0.00037608830977925017 -0.0089606235536729036 0.0019507644583441469 0.0096843083390660539 -0.0082121405442511196 -0.00014839744657217904
leaf_weight=338.37068154662848 392.27429401874542 107.3164568580687 263.68438798189163 119.95012383908033 277.48258307948709 581.59430261701345
leaf_count=942 1118 310 793 320 901 1621
internal_value=0.000352356 0.00241586 -0.00134893 -0.000691347 -0.00323 0.00167148
internal_weight=2080.67 709.372 371.001 1371.3 669.757 701.544
internal_count=6005 2045 1103 3960 2019 1941
is_linear=0
shrinkage=0.03


Tree=101
num_leaves=7
num_cat=0
split_feature=1 17 16 1 6 16
split_gain=7.15075 10.181 10.9121 9.64255 7.10369 6.11629
threshold=-0.22743099927902219 1.9616248011589053 -0.01449668826535344 -0.61940655112266529 -0.027953468263149258 0.76582458615303051
decision_type=2 2 2 2 2 2
left_child=3 2 -2 -1 -3 -5
right_child=1 4 -4 5 -6 -7
leaf_value=-0.0074411783337297813 -0.0086945286228050159 0.0098366071692904018 -0.0013003437746282177 0.0062893095773795702 0 -0.0017753712498860116
leaf_weight=51.199731059372425 201.99888364225626 86.192461900413036 1181.1444180719554 314.98486665263772 160.58982070535421 89.31124297901988
leaf_count=144 573 242 3424 875 500 253
internal_value=-0.00054692 -0.00149973 -0.00253151 0.00265606 0.00381447 0.00436666
internal_weight=2085.42 1629.93 1383.14 455.496 246.782 404.296
internal_count=6011 4739 3997 1272 742 1128
is_linear=0
shrinkage=0.03


Tree=102
num_leaves=7
num_cat=0
split_feature=13 3 20 18 17 6
split_gain=6.39706 11.8738 11.5622 13.7913 11.815 9.49522
threshold=0.70322284102439891 -1.4919024109840391 1.0000000180025095e-35 0.72085586190223705 -1.4962533712387083 -0.043521694839000695
decision_type=2 2 2 2 2 2
left_child=2 -2 3 -1 -4 -3
right_child=1 5 4 -5 -6 -7
leaf_value=-0.0015320953426275655 -0.0092459332244120458 0.0040265876327979155 -0.0070481570257697806 0.0081480607003538048 0.0078097244396073346 -0.0037811499915838065
leaf_weight=936.03729014098644 140.60788055509329 257.25009537860751 35.832002498209476 133.48258607834578 325.82651238515973 263.31122843176126
leaf_count=2703 465 708 96 394 880 796
internal_value=0.000252469 -0.00211378 0.00140103 -0.000141489 0.00588824 0
internal_weight=2092.35 661.169 1431.18 1069.52 361.659 520.561
internal_count=6042 1969 4073 3097 976 1504
is_linear=0
shrinkage=0.03


Tree=103
num_leaves=7
num_cat=0
split_feature=4 2 14 3 4 14
split_gain=7.67602 19.7083 11.635 10.9354 8.72363 8.33945
threshold=-0.14167264103889463 0.083842243999242796 0.02479579392820597 0.51483535766601574 -0.082625906914472566 -0.1713888272643089
decision_type=2 2 2 2 2 2
left_child=1 3 -3 -1 5 -2
right_child=4 2 -4 -5 -6 -7
leaf_value=0.0069298665006902547 -0.01474697113294747 0.0031898702798853762 -0.010501570819880828 -0.0059459572422829697 -0.00016052174833409982 -0.0020006205611368716
leaf_weight=476.54373275488615 58.227235049009323 71.932652279734612 119.39084812253714 46.954772509634495 1135.2370574474335 168.23160308972001
leaf_count=1336 187 198 386 153 3170 584
internal_value=0 0.00246631 -0.00525531 0.00548828 -0.00132854 -0.00645217
internal_weight=2076.52 714.822 191.324 523.499 1361.7 226.459
internal_count=6014 2073 584 1489 3941 771
is_linear=0
shrinkage=0.03


Tree=104
num_leaves=6
num_cat=0
split_feature=13 7 10 5 10
split_gain=7.16024 11.0461 7.59638 12.6914 6.56837
threshold=1.1868554353713991 -0.21132260560989377 1.7626330256462099 0.47380451858043676 1.4757105112075808
decision_type=2 2 2 2 2
left_child=2 -2 4 -4 -1
right_child=1 -3 3 -5 -6
leaf_value=-0.00012137632277741872 0.0041538443761242085 -0.014022781244182631 -0.0059354833981412275 0.0062486030567974081 0.0041434966717301602
leaf_weight=1145.1593655832112 29.77199449762702 60.317197009921074 345.31638177111745 75.571801625192165 419.92936716601253
leaf_count=3392 92 209 964 208 1177
internal_value=-0.000357451 -0.00780754 2.50671e-05 -0.00342749 0.00102292
internal_weight=2076.07 90.0892 1985.98 420.888 1565.09
internal_count=6042 301 5741 1172 4569
is_linear=0
shrinkage=0.03


Tree=105
num_leaves=7
num_cat=0
split_feature=18 14 5 14 9 19
split_gain=5.68876 16.0817 10.7404 7.92432 12.4061 8.13876
threshold=-0.16688466072082517 3.0667545795440678 -0.016786709427833554 0.073359530419111266 -0.24549450725316999 0.88290083408355724
decision_type=2 2 2 2 2 2
left_child=1 2 -1 4 -2 -5
right_child=3 -3 -4 5 -6 -7
leaf_value=-0.0048726637753799219 -0.0080397663976046526 0.014384665928300481 0.00277776648459793 0.00065594448889705304 0.003620560962458207 -0.0055956592046775442
leaf_weight=215.30657979846001 78.877070408314466 63.862065762281418 524.73097702115774 272.21019449457526 431.96576549857855 468.57247891277075
leaf_count=602 224 193 1455 815 1163 1535
internal_value=-3.8048e-06 0.00190908 0.000403356 -0.00129031 0.00147204 -0.00326271
internal_weight=2055.53 803.9 740.038 1251.63 510.843 740.783
internal_count=5987 2250 2057 3737 1387 2350
is_linear=0
shrinkage=0.03


Tree=106
num_leaves=7
num_cat=0
split_feature=11 14 9 13 13 14
split_gain=5.9925 14.1282 8.8379 6.49248 10.4937 10.4391
threshold=0.4533372968435288 -0.33760254085063929 -0.33933240175247187 -0.14417803287506101 -2.2439323663711543 0.04525661654770375
decision_type=2 2 2 2 2 2
left_child=3 -2 -3 4 -1 -5
right_child=1 2 -4 5 -6 -7
leaf_value=0.005982775957857382 -0.0097106546381720994 -0.0041631046973250891 0.0066931817737628779 0.0034516039578142347 -0.0064411515079018803 -0.0021201969504048867
leaf_weight=53.044511467218399 48.767724446952343 61.039951846003532 350.71380722522736 481.29488391801715 323.5474065579474 741.99658708274364
leaf_count=154 154 188 965 1276 1000 2297
internal_value=-8.89471e-05 0.00282214 0.00482654 -0.000988431 -0.00432644 4.39869e-05
internal_weight=2060.4 460.521 411.754 1599.88 376.592 1223.29
internal_count=6034 1307 1153 4727 1154 3573
is_linear=0
shrinkage=0.03


Tree=107
num_leaves=7
num_cat=0
split_feature=7 18 7 10 6 0
split_gain=6.82533 16.0534 8.01898 8.96616 6.15348 4.79834
threshold=-1.5839369893074033 0.49096147716045385 -0.94271415472030629 1.4409273862838747 -0.038626378402113908 -1.6340540647506712
decision_type=2 2 2 2 2 2
left_child=1 5 3 -2 -4 -1
right_child=2 -3 4 -5 -6 -7
leaf_value=-0.0033201766536959027 0 0.0061325546448934825 0.00190890553390169 0.012493074174299113 -0.0016467239115184921 -0.018465701972374265
leaf_weight=61.314583618193865 89.322817645967007 50.047035895287991 812.54304791800678 83.803701519966125 903.57410611584783 40.151679448783398
leaf_count=165 247 148 2337 218 2779 109
internal_value=0.000150626 -0.00554566 0.000692189 0.00648892 4.82368e-06 -0.0118611
internal_weight=2040.76 151.513 1889.24 173.127 1716.12 101.466
internal_count=6003 422 5581 465 5116 274
is_linear=0
shrinkage=0.03


Tree=108
num_leaves=7
num_cat=0
split_feature=11 0 7 4 14 2
split_gain=9.9508 13.1339 9.88962 10.234 9.42507 7.79795
threshold=-0.31592623889446253 -1.2021455764770506 0.8217260241508485 0.25771248340606695 -0.0060877522919327012 0.10526438057422639
decision_type=2 2 2 2 2 2
left_child=1 -1 5 -4 -3 -2
right_child=2 4 3 -5 -6 -7
leaf_value=-0.0051964563513854046 0.0019283123084934243 0.009386300801698777 0.0093856927407602563 -0.0032774008118369494 -0.0018413865006464422 -0.0036914981174004059
leaf_weight=540.98948525637388 693.72537200339139 96.289135552942753 214.09186761081219 56.637110121548176 131.88123742491007 301.4744179956615
leaf_count=1705 1924 242 619 167 401 925
internal_value=0 -0.00266525 0.00161401 0.00648695 0.00302958 0.000127623
internal_weight=2035.09 769.16 1265.93 270.729 228.17 995.2
internal_count=5983 2348 3635 786 643 2849
is_linear=0
shrinkage=0.03


Tree=109
num_leaves=7
num_cat=0
split_feature=9 11 5 11 16 9
split_gain=10.446 13.3604 10.4045 11.6419 8.87413 8.2493
threshold=-0.0042774628382176152 0.95164793729782116 -0.098595440387725816 0.36646823585033422 -0.17399678379297254 -0.18206619471311566
decision_type=2 2 2 2 2 2
left_child=1 5 3 -2 -4 -1
right_child=2 -3 4 -5 -6 -7
leaf_value=0.00030828725670601373 -0.0007731743486002826 -0.0078857635937545512 0.0048780332501819589 0.011520777551246829 -0.0056200133017118804 0.0057835922492285594
leaf_weight=483.66300542466342 269.17885893210769 83.274204082787037 61.703520946204662 69.316006533801556 529.87467918545008 552.58325241878629
leaf_count=1479 783 254 162 174 1562 1636
internal_value=0.000370178 0.0023277 -0.00192232 0.00207926 -0.00430321 0.00333905
internal_weight=2049.59 1119.52 930.073 338.495 591.578 1036.25
internal_count=6050 3369 2681 957 1724 3115
is_linear=0
shrinkage=0.03


Tree=110
num_leaves=7
num_cat=0
split_feature=20 2 13 4 11 18
split_gain=8.3195 14.3838 15.2774 10.3314 10.1569 11.0769
threshold=1.0000000180025095e-35 0.16914440691471103 0.25753237307071691 0.02981276344507933 -0.72526130080223072 0.31244434416294103
decision_type=2 2 2 2 2 2
left_child=1 2 -1 -3 5 -2
right_child=4 3 -4 -5 -6 -7
leaf_value=-0.0036711822492696486 -0.013556746124226518 -0.010788403170940188 0.0032355311134603763 -0.00044347881020893664 0.0049351511570859844 0.0043656279692511823
leaf_weight=464.13141881301999 44.282569214701653 189.46742409840226 686.56352463923395 173.25063201412559 444.9717866666615 39.010808050632477
leaf_count=1363 129 630 2011 532 1268 101
internal_value=-7.56108e-05 -0.00123695 0.000383339 -0.00628536 0.00306578 -0.00536185
internal_weight=2041.68 1513.41 1150.69 362.718 528.265 83.2934
internal_count=6034 4536 3374 1162 1498 230
is_linear=0
shrinkage=0.03


Tree=111
num_leaves=5
num_cat=0
split_feature=8 14 14 5
split_gain=8.87467 7.67442 7.24975 3.65043
threshold=0.74386721849441539 -0.93311592936515797 -0.61183589696884144 0.088823512196540846
decision_type=2 2 2 2
left_child=1 -1 -3 -2
right_child=3 2 -4 -5
leaf_value=0.011681757895270756 -0.013432924281397132 -0.0073787133347335433 0.00040725748491968959 0
leaf_weight=31.612033404409885 41.909154143184423 94.152882751077414 1848.4768589865416 29.747254714369774
leaf_count=88 137 272 5474 90
internal_value=-0.000130013 0.000261538 -1.08784e-05 -0.00927554
internal_weight=2045.9 1974.24 1942.63 71.6564
internal_count=6061 5834 5746 227
is_linear=0
shrinkage=0.03


Tree=112
num_leaves=7
num_cat=0
split_feature=13 11 14 14 6 15
split_gain=6.14928 6.66914 8.83571 8.60374 6.38508 1.146
threshold=1.1868554353713991 -0.10115813091397284 1.1986831426620486 1.1986831426620486 -0.13372499495744702 -1.1626686453819273
decision_type=2 2 2 2 2 2
left_child=1 3 -3 -1 -2 -6
right_child=4 2 -4 -5 5 -7
leaf_value=-0.0032234952457334317 0.0016535553268364105 0.0045481490264549238 -0.0011092414576680965 0.0025337615339795201 -0.015757105790285109 -0.0023274628294384994
leaf_weight=659.4685618057847 34.650995459407568 573.97317285463214 391.84487473219633 327.72997902520001 26.33376681804657 30.227290257811546
leaf_count=1870 117 1564 1191 1115 101 96
internal_value=2.84971e-05 0.000443709 0.00221607 -0.00124027 -0.0068034 -0.0118466
internal_weight=2044.23 1953.02 965.818 987.199 91.2121 56.5611
internal_count=6054 5740 2755 2985 314 197
is_linear=0
shrinkage=0.03


Tree=113
num_leaves=6
num_cat=0
split_feature=13 4 17 17 6
split_gain=5.78897 5.97018 11.3842 6.24428 2.8612
threshold=1.1868554353713991 0.69163390994071972 0.98126718401908886 -0.28410962224006647 -0.2045875936746597
decision_type=2 2 2 2 2
left_child=1 3 -3 -1 -2
right_child=4 2 -4 -5 -6
leaf_value=0.0035751697335410474 0 -0.010971782739711739 0.0049508017178583478 -0.00059858194968933482 -0.010230245271674212
leaf_weight=393.04828033596277 24.609984695911407 96.13349711149931 41.572508037090302 1410.5436104685068 59.909212455153465
leaf_count=1120 83 261 126 4227 217
internal_value=-0.000550749 -0.00014732 -0.00576616 0.000307317 -0.00744163
internal_weight=2025.82 1941.3 137.706 1803.59 84.5192
internal_count=6034 5734 387 5347 300
is_linear=0
shrinkage=0.03


Tree=114
num_leaves=7
num_cat=0
split_feature=11 16 13 15 12 19
split_gain=8.03851 9.92824 15.3271 10.1373 7.15042 14.3142
threshold=-0.38751606643199915 -0.19836960732936856 -0.078895248472690568 -1.0671933889389036 -0.94044923782348622 0.97864204645156871
decision_type=2 2 2 2 2 2
left_child=1 2 -1 -3 5 -2
right_child=4 3 -4 -5 -6 -7
leaf_value=-0.008604239240628234 0.0036007236769620911 -0.00050669831259894649 0.010773394788038333 -0.0087442117412998271 0.0022968869519117627 -0.014951340901731973
leaf_weight=34.220900364220142 62.439030785113573 338.34172968566418 90.521066769957542 226.88170016556978 1214.0025361813605 47.501709893345833
leaf_count=116 183 1058 240 708 3512 142
internal_value=0.000189666 -0.00236096 0.00458856 -0.00410161 0.00157891 -0.00502076
internal_weight=2013.91 689.965 124.742 565.223 1323.94 109.941
internal_count=5959 2122 356 1766 3837 325
is_linear=0
shrinkage=0.03


Tree=115
num_leaves=7
num_cat=0
split_feature=15 15 16 0 0 18
split_gain=5.80001 6.80375 6.76663 9.35334 8.35273 3.27816
threshold=-2.148364663124084 -2.3585894107818599 0.49263477325439459 -1.0171655416488645 -1.1738631725311277 -0.62604406476020802
decision_type=2 2 2 2 2 2
left_child=1 -1 4 -4 -2 -3
right_child=2 5 3 -5 -6 -7
leaf_value=0.0034160171342023844 -0.0030512531283257262 0 0.0040969711438798018 -0.0021991183274595589 0.0033168891612063195 -0.011314111522567066
leaf_weight=37.941123332828283 642.68554220721126 24.555405981838703 716.89012347906828 269.90832537412643 231.65850732475519 81.208727281540632
leaf_count=124 1916 76 2190 744 649 289
internal_value=0.00010389 -0.00527665 0.000602919 0.0023058 -0.00126047 -0.00891942
internal_weight=2004.85 143.705 1861.14 986.798 874.344 105.764
internal_count=5988 489 5499 2934 2565 365
is_linear=0
shrinkage=0.03


Tree=116
num_leaves=7
num_cat=0
split_feature=11 0 4 16 1 18
split_gain=5.15227 8.89433 10.1692 8.7871 7.78688 9.46881
threshold=-0.68163472414016713 -1.2093396186828611 0.21326354146003726 -0.44311659038066858 -0.0029784772777929898 0.25264801084995275
decision_type=2 2 2 2 2 2
left_child=1 3 -3 -1 -2 -6
right_child=4 2 -4 -5 5 -7
leaf_value=0.0041091000310401506 0.0029258343125776114 0.0092654740005267393 -0.0050565605827558096 -0.0081613543334701812 0.0015415059828381274 -0.005052364978390296
leaf_weight=46.11122090369463 838.44616974145174 79.346883192658424 58.15153007209301 229.99518590793014 437.85696648061275 314.58984227105975
leaf_count=134 2447 224 158 756 1296 992
internal_value=0.000140117 -0.00272904 0.00295443 -0.00577036 0.000947916 -0.00119708
internal_weight=2004.5 413.605 137.498 276.106 1590.89 752.447
internal_count=6007 1272 382 890 4735 2288
is_linear=0
shrinkage=0.03


Tree=117
num_leaves=7
num_cat=0
split_feature=18 7 3 16 7 17
split_gain=4.96052 11.2579 17.1935 15.0872 9.5012 11.8714
threshold=0.45274479687213903 0.64994883537292492 -0.75301977992057789 0.84830963611602794 -1.485313832759857 0.013448283076286318
decision_type=2 2 2 2 2 2
left_child=4 2 -2 -3 -1 -6
right_child=1 3 -4 -5 5 -7
leaf_value=-0.0064629954239028113 0.0068325855862591007 -0.010721844937885047 -0.0047270869322633595 0.0071447964547794148 0.0060736498019718851 0
leaf_weight=108.88060285151005 206.03738651424646 180.2161968909204 214.58319403603673 34.75900773704052 413.12779951840639 867.61162574961782
leaf_count=301 627 566 660 100 1198 2592
internal_value=0.000201027 -0.00192179 0.000852263 -0.00721542 0.00122804 0.00201733
internal_weight=2025.22 635.596 420.621 214.975 1389.62 1280.74
internal_count=6044 1953 1287 666 4091 3790
is_linear=0
shrinkage=0.03


Tree=118
num_leaves=5
num_cat=0
split_feature=14 15 18 6
split_gain=8.73601 7.80543 10.2282 10.0331
threshold=-0.98415306210517872 -0.4630053043365478 -0.47526359558105463 -0.027953468263149258
decision_type=2 2 2 2
left_child=-1 3 -3 -2
right_child=1 2 -4 -5
leaf_value=0.0125200275821693 0.0030255842120205587 -0.0094549483721380178 -0.00048528648167231529 -0.0018841451013134644
leaf_weight=26.492277584969997 710.75335534289479 164.8204071521759 347.93686727061868 738.91287368908525
leaf_count=82 2061 467 1036 2331
internal_value=-0.000280193 -0.000607826 -0.00372782 0.000490624
internal_weight=1988.92 1962.42 512.757 1449.67
internal_count=5977 5895 1503 4392
is_linear=0
shrinkage=0.03


Tree=119
num_leaves=7
num_cat=0
split_feature=13 0 4 18 18 0
split_gain=7.43829 10.7237 13.9885 6.62952 8.42766 6.6255
threshold=0.74963003396987926 -0.2674263715744018 -0.12253188341856001 0.62883573770523082 0.42865015566349035 -2.180046439170837
decision_type=2 2 2 2 2 2
left_child=3 2 -2 4 -1 -5
right_child=1 -3 -4 5 -6 -7
leaf_value=0.0013521323761319021 0.0014149056375237846 0.00961703240065802 -0.0080812870449082624 -0.0024224712502866883 -0.005102801311826926 0.0076959438447784436
leaf_weight=968.1324278190732 218.45283390581608 35.321357071399689 306.90596839413047 56.878566350787878 202.55044709146023 207.15966398641467
leaf_count=2797 713 93 966 178 625 619
internal_value=0 -0.00284564 -0.00411552 0.00117028 0.000117962 0.00528792
internal_weight=1995.4 560.68 525.359 1434.72 1170.68 264.038
internal_count=5991 1772 1679 4219 3422 797
is_linear=0
shrinkage=0.03


Tree=120
num_leaves=7
num_cat=0
split_feature=5 19 13 8 12 4
split_gain=6.28989 10.5765 10.4317 9.54186 8.04162 7.99186
threshold=-0.098595440387725816 1.1303222179412844 -0.88262948393821705 -0.68174967169761647 2.0528365373611455 0.013662097044289114
decision_type=2 2 2 2 2 2
left_child=1 3 5 -1 -4 -2
right_child=2 -3 4 -5 -6 -7
leaf_value=0.0092284123116205003 0.011771919086098131 -0.0053438029810393512 -0.0036007190474819902 0.00021007176662066619 0.001237885896675973 -0.003312818342061406
leaf_weight=190.49915695935488 71.615428544580936 101.14762091636658 936.76494275592268 242.30070055648685 421.69958075135946 29.335724495351315
leaf_count=537 233 311 2853 729 1267 89
internal_value=-0.000254764 0.00243757 -0.00129999 0.00454434 -0.00205901 0.00706938
internal_weight=1993.36 533.947 1459.42 432.8 1358.46 100.951
internal_count=6019 1577 4442 1266 4120 322
is_linear=0
shrinkage=0.03


Tree=121
num_leaves=7
num_cat=0
split_feature=1 9 18 13 20 17
split_gain=6.38901 10.2774 10.4578 8.79453 7.87916 12.1299
threshold=-0.18564333766698835 -0.2283455207943916 0.26906235516071325 -0.019673032686114308 1.0000000180025095e-35 -1.3911498785018919
decision_type=2 2 2 2 2 2
left_child=1 2 -1 -3 -2 -6
right_child=4 3 -4 -5 5 -7
leaf_value=-0.0094444769589846767 -0.0021351563269984219 -0.0013909074929435807 0.0048754948376999851 0.0080875680468093375 -0.0094367523955285488 0.0047708460432977643
leaf_weight=84.522104509174824 1077.7758170068264 102.30856897681952 59.110967569053173 286.51985793188214 42.171876065433025 348.60457405075431
leaf_count=236 3366 295 189 826 123 1007
internal_value=0.000205521 0.00298198 -0.00330894 0.00550079 -0.000787388 0.00270672
internal_weight=2001.01 532.461 143.633 388.828 1468.55 390.776
internal_count=6042 1546 425 1121 4496 1130
is_linear=0
shrinkage=0.03


Tree=122
num_leaves=7
num_cat=0
split_feature=14 10 5 13 11 6
split_gain=6.0084 15.3405 11.0168 12.796 10.621 8.83706
threshold=0.04525661654770375 0.66819512844085704 0.17472073435783389 0.25753237307071691 -0.059239000082015984 0.37484903633594518
decision_type=2 2 2 2 2 2
left_child=2 -2 3 -1 -4 -3
right_child=1 5 4 -5 -6 -7
leaf_value=-0.0071327333450026866 0.0088123201473737801 -0.0038172174228098044 -7.4439305763551017e-05 0.0026260793401423261 0.010317951816878492 0.004024474049276458
leaf_weight=185.21940416097641 89.928449153900146 1009.2786728180945 143.22800695151091 266.46456836909056 171.41752341389656 124.12054842710495
leaf_count=543 274 3198 402 733 480 379
internal_value=-0.000502004 -0.0018179 0.00151513 -0.00138121 0.00568627 -0.00285155
internal_weight=1989.66 1223.33 766.33 451.684 314.646 1133.4
internal_count=6009 3851 2158 1276 882 3577
is_linear=0
shrinkage=0.03


Tree=123
num_leaves=5
num_cat=0
split_feature=14 14 1 12
split_gain=5.82508 7.09004 4.64038 2.51585
threshold=-0.93311592936515797 -0.61183589696884144 -0.17143853753805158 0.90976670384407055
decision_type=2 2 2 2
left_child=-1 3 -3 -2
right_child=1 2 -4 -5
leaf_value=0.0099849509629590018 -0.0099513451051987372 0.0025081063051359486 -0.00073809657096972011 0
leaf_weight=31.476424284279346 67.803933024406433 536.47756976634264 1331.5719483494759 28.87486894801259
leaf_count=95 212 1565 4087 74
internal_value=0 -0.000235857 0.000179081 -0.00742403
internal_weight=1996.2 1964.73 1868.05 96.6788
internal_count=6033 5938 5652 286
is_linear=0
shrinkage=0.03


Tree=124
num_leaves=6
num_cat=0
split_feature=5 13 9 8 2
split_gain=4.94885 7.48578 5.47745 5.58275 3.62274
threshold=0.58019560575485241 1.0754428505897524 -0.490534096956253 0.72199875116348278 -0.072883658111095415
decision_type=2 2 2 2 2
left_child=2 4 -1 -4 -2
right_child=1 -3 3 -5 -6
leaf_value=-0.0086778269972691401 0 -0.00402243448515246 0.00083537934442573069 -0.0067161196965667674 0.013493604860331024
leaf_weight=41.12470867484808 33.230513736605644 29.962254021316767 1752.7320664487779 71.748669758439064 58.228222090750933
leaf_count=136 94 99 5275 235 164
internal_value=0.000557905 0.00597825 0.000113639 0.000436279 0.00992672
internal_weight=1987.03 121.421 1865.61 1824.48 91.4587
internal_count=6003 357 5646 5510 258
is_linear=0
shrinkage=0.03


Tree=125
num_leaves=7
num_cat=0
split_feature=6 18 0 11 0 0
split_gain=7.09577 11.1303 7.66059 6.60112 11.5243 9.24663
threshold=-0.37205713987350458 0.18475838005542758 -1.4620332121849058 -0.32289023697376246 -1.6640040874481199 -2.32706606388092
decision_type=2 2 2 2 2 2
left_child=1 2 -1 4 -2 -5
right_child=3 -3 -4 5 -6 -7
leaf_value=-0.0077504275668445885 -0.0068164797254661388 0.011191082406337899 0.0058715622586043995 0.0070301101353682964 0.00089084817029765973 -7.4521349658838681e-05
leaf_weight=59.183184001594782 297.97296572104096 110.47726113721728 47.628272280097008 175.91438673809171 352.8319354057312 940.21407688781619
leaf_count=175 1011 322 119 524 1047 2837
internal_value=0.000356241 0.00524071 -0.00123506 -0.000262783 -0.00264655 0.00109648
internal_weight=1984.22 217.289 106.811 1766.93 650.805 1116.13
internal_count=6035 616 294 5419 2058 3361
is_linear=0
shrinkage=0.03


Tree=126
num_leaves=7
num_cat=0
split_feature=10 15 18 4 12 12
split_gain=5.7743 12.2402 12.9832 12.7615 6.9556 13.7167
threshold=1.7498675584793093 -1.3449994921684263 -0.55580955743789662 -0.15220817923545835 1.7830687761306765 -0.23712860792875287
decision_type=2 2 2 2 2 2
left_child=1 2 -1 -3 5 -2
right_child=4 3 -4 -5 -6 -7
leaf_value=0.0041549976061967401 0.0029134842639518569 0.0073476480165429008 -0.0054492222773199397 0.00019939923176971915 0.001687790307688457 -0.010195890072157586
leaf_weight=157.68600930273533 90.362289890646935 346.9873436614871 398.89767443016171 630.18717386201024 153.84937321394682 184.03993919491768
leaf_count=485 281 1000 1321 1906 426 552
internal_value=0 0.000863557 -0.00257444 0.00289432 -0.00300146 -0.00577044
internal_weight=1962.01 1533.76 556.584 977.175 428.252 274.402
internal_count=5971 4712 1806 2906 1259 833
is_linear=0
shrinkage=0.03


Tree=127
num_leaves=7
num_cat=0
split_feature=15 1 3 6 18 18
split_gain=6.10346 5.41425 9.90783 9.11625 3.03315 5.30061
threshold=-2.148364663124084 0.19993320852518084 -1.5989038348197935 0.29132235050201422 0.49929995834827429 -0.42766314744949335
decision_type=2 2 2 2 2 2
left_child=4 2 -2 -3 5 -1
right_child=1 3 -4 -5 -6 -7
leaf_value=0 -0.0039589116315881488 -0.0063038822604595483 0.0024322356964530806 0.0024842981928521932 0 -0.012795719978510083
leaf_weight=39.704758774489164 242.55695003643632 230.29601326212287 1178.0809427984059 157.74230061843991 43.295695632696152 57.924605149775743
leaf_count=125 777 747 3447 495 139 223
internal_value=-9.21907e-05 0.000370926 0.00125956 -0.00263767 -0.00571622 -0.00824069
internal_weight=1949.6 1808.68 1420.64 388.038 140.925 97.6294
internal_count=5953 5466 4224 1242 487 348
is_linear=0
shrinkage=0.03


Tree=128
num_leaves=6
num_cat=0
split_feature=0 9 3 13 18
split_gain=5.60486 6.5139 9.23893 6.45025 3.41435
threshold=1.0000000180025095e-35 0.50158149003982555 -0.61839860677719105 1.0830449461936953 0.26164793968200689
decision_type=2 2 2 2 2
left_child=1 3 -3 -1 -2
right_child=4 2 -4 -5 -6
leaf_value=0.00055650017015308046 0 0.0043755944943498163 -0.010516063543549392 -0.0055191486057216662 0.011626493853877228
leaf_weight=1614.1525377184153 31.09359410405159 33.93938721716404 104.14011131227016 153.96465528011322 36.244514375925064
leaf_count=4957 80 96 298 519 101
internal_value=-0.000186193 -0.0005504 -0.0063857 0 0.00720187
internal_weight=1973.53 1906.2 138.079 1768.12 67.3381
internal_count=6051 5870 394 5476 181
is_linear=0
shrinkage=0.03


Tree=129
num_leaves=7
num_cat=0
split_feature=17 0 17 0 4 11
split_gain=6.42939 17.319 9.00736 11.4148 8.65157 8.0315
threshold=1.7045393586158755 -1.5291200280189512 1.294946074485779 -2.4805699586868282 -0.1237412393093109 0.32010339200496679
decision_type=2 2 2 2 2 2
left_child=2 4 3 -1 -2 -4
right_child=1 -3 5 -5 -6 -7
leaf_value=0.0089550306949451354 0.0053271522034120901 0.010609579632153258 -0.0092944035748878436 -0.00028784055890212183 -0.0059577206866538411 0.0029314405343678056
leaf_weight=111.72693519294262 76.993034746497869 168.21435563266277 147.94737538322806 1273.5348749123514 137.56482856720686 47.768035538494587
leaf_count=340 263 493 474 3808 475 156
internal_value=0.000514087 0.00391001 -0.000309202 0.000531778 -0.00154346 -0.00603718
internal_weight=1963.75 382.772 1580.98 1385.26 214.558 195.715
internal_count=6009 1231 4778 4148 738 630
is_linear=0
shrinkage=0.03


Tree=130
num_leaves=7
num_cat=0
split_feature=9 5 7 17 0 19
split_gain=5.07976 8.51352 9.0513 7.48703 17.4195 8.79782
threshold=0.16910381615161899 0.044138915836811073 -1.485313832759857 1.6860666871070864 -1.2599589824676511 0.24098286777734759
decision_type=2 2 2 2 2 2
left_child=3 2 -2 5 -5 -1
right_child=1 -3 -4 4 -6 -7
leaf_value=0.011058877918065108 -0.0070653211615843018 -0.0070440887840444713 0.0038641785949479735 5.18611769516612e-05 0.015467337614074025 -0.00085281746703029407
leaf_weight=38.516862288117409 75.004443548619747 201.87025348469615 214.59082210063934 226.01396954804659 78.17717932164669 1100.062101136893
leaf_count=108 225 628 640 752 240 3363
internal_value=0 -0.0025957 0.000566107 0.000877254 0.00490852 -0.000214122
internal_weight=1934.24 491.466 289.595 1442.77 304.191 1138.58
internal_count=5956 1493 865 4463 992 3471
is_linear=0
shrinkage=0.03


Tree=131
num_leaves=7
num_cat=0
split_feature=11 0 8 0 16 7
split_gain=6.26069 10.3805 8.89545 6.99637 10.1046 7.01476
threshold=-0.10115813091397284 -0.22122037410736081 -0.56047600507736195 -0.99618166685104359 0.34002098441123968 0.8153652846813203
decision_type=2 2 2 2 2 2
left_child=1 2 -1 5 -5 -2
right_child=3 -3 -4 4 -6 -7
leaf_value=6.1429510780463319e-06 0.0015095733430482519 0.0092379856310129127 -0.0056756461600696133 0.0057965379991567687 -0.0063429007919520155 0.0089311621341924951
leaf_weight=531.77838168293238 582.28789964690804 51.974670581519604 412.89851913973689 68.716626342386007 170.49978225678205 137.73962708190084
leaf_count=1648 1737 137 1363 208 496 415
internal_value=0 -0.00164136 -0.00248123 0.00171962 -0.00244611 0.00321339
internal_weight=1955.9 996.652 944.677 959.244 239.216 720.028
internal_count=6004 3148 3011 2856 704 2152
is_linear=0
shrinkage=0.03


Tree=132
num_leaves=5
num_cat=0
split_feature=1 9 13 17
split_gain=6.49005 6.47089 7.24344 2.2783
threshold=-0.61940655112266529 -0.490534096956253 -0.57619884610176075 -0.058010796085000031
decision_type=2 2 2 2
left_child=-1 3 -3 -2
right_child=1 2 -4 -5
leaf_value=-0.0089039942157473611 0 0.0056244364524118771 4.3541992499653896e-05 -0.01277177898861376
leaf_weight=48.976002335548401 23.686585880815983 224.24467280879617 1628.1016340330243 23.251607697457075
leaf_count=145 87 716 5005 76
internal_value=9.78244e-05 0.000451578 0.000804071 -0.0086467
internal_weight=1948.26 1899.28 1852.35 46.9382
internal_count=6029 5884 5721 163
is_linear=0
shrinkage=0.03


Tree=133
num_leaves=7
num_cat=0
split_feature=4 7 7 18 18 13
split_gain=6.49964 11.6424 8.78288 7.84542 7.77155 4.07207
threshold=0.67126068472862255 -0.4001858234405517 -0.94271415472030629 -0.47526359558105463 0.45274479687213903 0.71461844444274913
decision_type=2 2 2 2 2 2
left_child=2 -2 3 -1 -4 -3
right_child=1 5 4 -5 -6 -7
leaf_value=-0.0022050883483761413 -0.014818840171976712 -0.0032604133234775011 0.0010008664899124639 0.0080786675334230586 -0.0036015534992637861 0.0071912083605208356
leaf_weight=72.996765360236168 52.023686774075031 64.794634208083153 1054.8772899508476 206.67280591651797 452.35170281305909 33.859562300145626
leaf_count=210 164 182 3253 609 1487 99
internal_value=0 -0.00560388 0.000520647 0.00522625 -0.000370207 0.000428554
internal_weight=1937.58 150.678 1786.9 279.67 1507.23 98.6542
internal_count=6004 445 5559 819 4740 281
is_linear=0
shrinkage=0.03


Tree=134
num_leaves=7
num_cat=0
split_feature=2 20 3 17 4 9
split_gain=5.65369 8.37807 9.53138 8.37629 14.9489 8.53417
threshold=0.15002587437629702 1.0000000180025095e-35 -0.88929209113121022 -0.03329357132315635 -0.14492195844650266 0.0099977175705134886
decision_type=2 2 2 2 2 2
left_child=3 2 -2 5 -5 -1
right_child=1 -3 -4 4 -6 -7
leaf_value=0.0074727909271320222 0.00051194220331136908 0.0026257995298564073 -0.0087048364087083194 0.0032125399889925857 -0.0041526015221565538 -0.00021183493998647117
leaf_weight=248.66179355978966 143.15171544998884 148.87169867008924 238.28646835312247 415.46089588478208 546.89136461541057 221.7950213290751
leaf_count=723 446 452 807 1270 1694 638
internal_value=-0.000302604 -0.00290999 -0.00524319 0.000647913 -0.000911219 0.00386667
internal_weight=1963.12 530.31 381.438 1432.81 962.352 470.457
internal_count=6030 1705 1253 4325 2964 1361
is_linear=0
shrinkage=0.03


Tree=135
num_leaves=7
num_cat=0
split_feature=5 19 13 10 1 15
split_gain=4.99144 10.6353 9.2871 8.47072 7.00485 6.60535
threshold=-0.098595440387725816 1.1303222179412844 -0.88262948393821705 1.6566777825355532 0.40394163131713873 -0.87299951910972584
decision_type=2 2 2 2 2 2
left_child=1 4 -2 -3 -1 -4
right_child=2 3 5 -5 -6 -7
leaf_value=0.0055268593461502208 0.0063526229148475333 -0.012236564554293597 -0.00061058335732061 0.0028660637136360577 -0.0047393091597660239 -0.0050743699104375253
leaf_weight=359.38253423199058 98.664570342749357 57.132133036851883 844.34515409171581 38.85970039665699 48.869255356490612 481.57618302106857
leaf_count=1081 319 188 2680 119 167 1429
internal_value=-0.000679301 0.00178403 -0.00160538 -0.00616541 0.00399391 -0.00232773
internal_weight=1928.83 504.244 1424.59 95.9918 408.252 1325.92
internal_count=5983 1555 4428 307 1248 4109
is_linear=0
shrinkage=0.03


Tree=136
num_leaves=4
num_cat=0
split_feature=0 9 19
split_gain=4.66042 3.82617 4.38884
threshold=0.4031700342893601 -0.51614713668823231 1.274216949939728
decision_type=2 2 2
left_child=1 -1 -3
right_child=-2 2 -4
leaf_value=-0.007448093302993777 0.0095209167835773201 0.00094430207750428831 -0.0023442172282401377
leaf_weight=42.198487870395184 26.143377602100372 1441.8245093468577 464.7748025842011
leaf_count=146 68 4396 1496
internal_value=8.02297e-05 -0.000111374 9.5498e-05
internal_weight=1974.94 1948.8 1906.6
internal_count=6106 6038 5892
is_linear=0
shrinkage=0.03


Tree=137
num_leaves=7
num_cat=0
split_feature=6 7 18 7 6 15
split_gain=5.31729 8.3217 13.4387 11.2081 7.35961 11.2621
threshold=-0.099226668477058397 0.4572760164737702 -0.31484043598175043 -1.5404219627380369 0.29783946275711065 -1.3333734869956968
decision_type=2 2 2 2 2 2
left_child=1 3 -3 -1 5 -2
right_child=4 2 -4 -5 -6 -7
leaf_value=-0.0057425625909990081 -0.0073835399404604358 0.0066867065387877294 -0.0065396041475956892 0.0060404833413867133 0.0023232262515949053 -0.00035764657857284701
leaf_weight=66.59069361910224 314.75107262283564 79.631164811551571 195.77474121376872 390.39446732215583 287.17141200974584 587.82830333337188
leaf_count=194 1080 228 629 1162 904 1787
internal_value=-0.000380279 0.00156415 -0.00231843 0.00402891 -0.0016329 -0.00297973
internal_weight=1922.14 732.391 275.406 456.985 1189.75 902.579
internal_count=5984 2213 857 1356 3771 2867
is_linear=0
shrinkage=0.03


Tree=138
num_leaves=7
num_cat=0
split_feature=1 11 4 4 10 10
split_gain=8.99556 6.46297 7.52338 5.84662 7.22388 3.62645
threshold=0.3723894357681275 0.95164793729782116 -0.14492195844650266 -0.0041043960954993955 1.7867067456245425 1.3946962952613833
decision_type=2 2 2 2 2 2
left_child=1 2 -1 -2 -5 -3
right_child=3 5 -4 4 -6 -7
leaf_value=0.0041479691417752743 -0.011145980560087393 -0.0096074632871043213 0 0.0044251657052078678 -0.0083551067631765057 0
leaf_weight=602.25887196883559 74.218342147767544 54.67995198071003 1026.3032817617059 75.678675338625908 46.864132769405842 70.613835785537958
leaf_count=1835 250 179 3193 237 151 200
internal_value=0.000261587 0.0009927 0.00154503 -0.00546878 -0.000528003 -0.00499798
internal_weight=1950.62 1753.86 1628.56 196.761 122.543 125.294
internal_count=6045 5407 5028 638 388 379
is_linear=0
shrinkage=0.03


Tree=139
num_leaves=7
num_cat=0
split_feature=9 5 16 9 14 7
split_gain=8.66658 9.69945 16.3791 6.44736 7.55664 5.62693
threshold=0.19562344253063205 0.041175292804837234 0.54072079062461864 0.12499630451202394 -0.98415306210517872 0.34775479137897497
decision_type=2 2 2 2 2 2
left_child=3 2 -2 4 -1 -5
right_child=1 -3 -4 5 -6 -7
leaf_value=0.012236874512013624 -0.0056006587316713595 -0.0095025465226444162 0.0087702785711720795 0 -0.00063353912613246788 0.011798474831213605
leaf_weight=22.148542359471321 183.00451832264662 170.85835126787424 89.470336120575666 61.879065301269293 1355.8961085751653 59.095546446740627
leaf_count=75 557 540 242 196 4235 181
internal_value=-0.000698583 -0.00429607 -0.000399603 0.000368427 -0.000211665 0.00649454
internal_weight=1942.35 443.333 272.475 1499.02 1378.04 120.975
internal_count=6026 1339 799 4687 4310 377
is_linear=0
shrinkage=0.03


Tree=140
num_leaves=7
num_cat=0
split_feature=12 19 8 8 8 18
split_gain=5.64238 13.0553 15.7005 6.85667 10.6402 5.50001
threshold=-0.98389345407485951 0.93975004553794872 -0.84870728850364674 0.52974939346313488 -0.82629424333572377 0.54987028241157543
decision_type=2 2 2 2 2 2
left_child=1 2 -1 4 -2 -5
right_child=3 -3 -4 5 -6 -7
leaf_value=0.011959260260003712 -0.0015632440591660148 -0.01320252393220453 -0.006667707166832443 -0.0095674247340206183 0.0032737964354660324 0.0026080230579694583
leaf_weight=51.36664629727602 686.45177143439651 71.368980921804905 72.951161444187164 80.423457060009241 925.75322359055281 29.562864392995834
leaf_count=152 2135 249 234 259 2826 97
internal_value=3.49528e-05 -0.00450922 0.00120374 0.000631569 0.00118358 -0.00593549
internal_weight=1917.88 195.687 124.318 1722.19 1612.2 109.986
internal_count=5952 635 386 5317 4961 356
is_linear=0
shrinkage=0.03


Tree=141
num_leaves=7
num_cat=0
split_feature=10 12 16 10 12 19
split_gain=6.86344 7.1723 7.03916 6.24646 13.7589 6.00459
threshold=1.8524782061576845 2.3270070552825932 0.75735738873481762 1.5195146203041079 1.5754491686820986 1.3126421570777895
decision_type=2 2 2 2 2 2
left_child=3 2 -2 5 -5 -1
right_child=1 -3 -4 4 -6 -7
leaf_value=0.0010007206293699976 -0.0084421272823838722 0.0039343226942025111 0.0036659309985624168 0.00042343690978056308 0.011328154631373785 -0.0046964769655595115
leaf_weight=1010.4161059483886 186.70453019812703 63.007515914738178 34.671140387654305 335.76578579470515 140.82220636680722 178.28490046784282
leaf_count=3134 572 181 99 1017 415 627
internal_value=0.000494678 -0.00360738 -0.0061506 0.00126529 0.00409286 3.30257e-05
internal_weight=1949.67 284.383 221.376 1665.29 476.588 1188.7
internal_count=6045 852 671 5193 1432 3761
is_linear=0
shrinkage=0.03


Tree=142
num_leaves=7
num_cat=0
split_feature=14 4 7 23 16 8
split_gain=5.01726 11.2122 15.5429 9.74435 9.23951 9.06204
threshold=1.3175624012947085 -0.27764341235160822 0.03416732884943486 1.0000000180025095e-35 0.73645684123039257 -0.41275322437286371
decision_type=2 2 2 2 2 2
left_child=1 2 -1 -2 -3 -5
right_child=3 4 -4 5 -6 -7
leaf_value=-0.015229914977300387 0.00030002869296038946 0.0013152316240156515 0.0015538466311794735 -0.013724541320514087 0.007940167493619919 0.0014657345757259695
leaf_weight=58.132687147706747 557.26148679479957 833.72829702869058 113.11551628261805 75.514903414994478 243.57190464064479 40.155043743550777
leaf_count=175 1887 2498 334 229 734 142
internal_value=0.000671143 0.00180722 -0.00482678 -0.00134145 0.0029852 -0.00857026
internal_weight=1921.48 1248.55 171.248 672.931 1077.3 115.67
internal_count=5999 3741 509 2258 3232 371
is_linear=0
shrinkage=0.03


Tree=143
num_leaves=7
num_cat=0
split_feature=10 14 11 18 13 13
split_gain=7.27794 9.47427 6.57249 11.0452 6.36268 4.97955
threshold=0.59635630249977123 -0.19867654144763944 0.41689600050449377 0.25264801084995275 -0.078895248472690568 0.18734265863895419
decision_type=2 2 2 2 2 2
left_child=1 -1 4 -4 -2 -3
right_child=2 5 3 -5 -6 -7
leaf_value=-0.0012750359577875857 -0.0059628525772496528 0 0.0060047818057376579 -0.0032693538985156955 -0.0010946969137246318 0.015850949425303788
leaf_weight=93.566616486757994 326.89005647599697 30.097174286842346 232.20631506294012 187.4436775483191 993.34633690863848 48.277962356805801
leaf_count=285 1091 92 694 598 3111 140
internal_value=-0.0007401 0.00475028 -0.00136459 0.00176558 -0.00241581 0.0113502
internal_weight=1911.83 171.942 1739.89 419.65 1320.24 78.3751
internal_count=6011 517 5494 1292 4202 232
is_linear=0
shrinkage=0.03


Tree=144
num_leaves=7
num_cat=0
split_feature=2 16 17 10 4 6
split_gain=7.29273 11.6616 7.5671 11.0967 10.5747 6.94158
threshold=0.15002587437629702 0.47635377943515783 0.089675344526767745 1.1437794566154482 -0.14999058097600934 0.29132235050201422
decision_type=2 2 2 2 2 2
left_child=2 -2 3 -1 -4 -3
right_child=1 5 4 -5 -6 -7
leaf_value=0.010999222270073061 -0.0073921876245750728 -0.0022632934251058676 0.0033381443348227901 0.0011233946454594873 -0.0031468824885097116 0.0066044356172471827
leaf_weight=134.19181530922651 240.52472108229995 174.43906689807773 373.85827325284481 372.59538935497403 506.86154173314571 110.10754840821028
leaf_count=384 812 577 1150 1111 1626 350
internal_value=0.0001486 -0.0027641 0.00131709 0.00417062 -0.000314433 0.00117951
internal_weight=1912.58 525.071 1387.51 506.787 880.72 284.547
internal_count=6010 1739 4271 1495 2776 927
is_linear=0
shrinkage=0.03


Tree=145
num_leaves=7
num_cat=0
split_feature=0 18 19 10 7 18
split_gain=6.26417 9.177 10.7216 7.88348 5.76971 8.77438
threshold=-1.9258826375007627 -0.42766314744949335 1.0523843765258791 1.5133730769157412 -1.5839369893074033 0.41906949877738958
decision_type=2 2 2 2 2 2
left_child=1 3 -3 -1 5 -2
right_child=4 2 -4 -5 -6 -7
leaf_value=-0.0026253061977055312 -0.012529242664913403 0.00026380230650152863 -0.0088439283471874984 0.0078860145421059801 0.0021742388665669087 0.0038121114982830767
leaf_weight=101.59010243788362 42.738163001835346 200.13817464187741 219.52342851832509 109.01477152109146 1191.6431999634951 34.725990243256092
leaf_count=329 130 641 756 324 3679 111
internal_value=0.000362049 -0.00200234 -0.00454953 0.00276751 0.00159565 -0.00530903
internal_weight=1899.37 630.266 419.662 210.605 1269.11 77.4642
internal_count=5970 2050 1397 653 3920 241
is_linear=0
shrinkage=0.03


Tree=146
num_leaves=7
num_cat=0
split_feature=1 7 18 17 7 0
split_gain=5.34734 7.89081 9.26081 8.651 5.89365 12.5283
threshold=-0.18564333766698835 0.69347164034843456 -0.52820605039596547 -0.12308905273675917 0.87251728773117077 -1.7231572270393369
decision_type=2 2 2 2 2 2
left_child=1 2 -1 -3 -2 -6
right_child=4 3 -4 -5 5 -7
leaf_value=-0.0025239223016688371 -0.0019858223578405449 0.0068909416077531267 0.0078291383840091138 -0.0068763838117638382 -0.0042622124017404998 0.0073611973907936985
leaf_weight=85.958415273576975 1095.3352134935558 37.754117388278246 259.82588419131935 111.61994185298681 118.84808345511556 181.17254490405321
leaf_count=253 3471 113 792 373 425 566
internal_value=0 0.00263274 0.00509416 -0.00263965 -0.000936716 0.00259068
internal_weight=1890.51 495.158 345.784 149.374 1395.36 300.021
internal_count=5993 1531 1045 486 4462 991
is_linear=0
shrinkage=0.03


Tree=147
num_leaves=7
num_cat=0
split_feature=1 13 3 3 7 14
split_gain=4.6618 8.78846 11.8557 11.1948 5.87155 7.1278
threshold=-0.042441032826900475 -0.05818571895360946 -1.5989038348197935 -0.60939475893974293 0.78738319873809826 3.1234651803970341
decision_type=2 2 2 2 2 2
left_child=1 3 -3 -1 5 -2
right_child=4 2 -4 -5 -6 -7
leaf_value=0.0035852959083257376 -0.0033152140780344122 -0.0047159086252908803 0.005333775521977429 -0.0087578145117874796 0.0023845973547139566 0.0080342116054594927
leaf_weight=100.82401225715876 710.63238471746445 106.72649571113288 557.54094770923257 120.45249079540372 274.19426703825593 31.874350316822529
leaf_count=320 2270 382 1663 385 883 111
internal_value=0.000198766 0.00179558 0.00354078 -0.00305404 -0.00114199 -0.00255137
internal_weight=1902.24 885.544 664.267 221.277 1016.7 742.507
internal_count=6014 2750 2045 705 3264 2381
is_linear=0
shrinkage=0.03


Tree=148
num_leaves=7
num_cat=0
split_feature=2 12 20 3 16 2
split_gain=5.88688 7.13626 6.71208 7.65122 6.21607 6.03143
threshold=-0.025724115781486031 2.3925294876098637 1.0000000180025095e-35 -0.89844766259193409 0.88912114500999462 0.17718449234962466
decision_type=2 2 2 2 2 2
left_child=1 4 3 -2 -1 -4
right_child=2 -3 5 -5 -6 -7
leaf_value=0.0010142329158443252 0.00015524929572913702 0.0069923113984073429 -0.0020249278080331379 -0.0060101997557527138 -0.0081205368389423872 0.0062771509186100357
leaf_weight=729.55137272924185 282.34234436228871 150.61623835936189 138.15186343342066 404.18763117492199 53.351768329739571 128.03347029164433
leaf_count=2242 881 472 417 1391 169 400
internal_value=-0.000218213 0.00142374 -0.00188496 -0.00345706 0.000130232 0.00191828
internal_weight=1886.23 933.519 952.715 686.53 782.903 266.185
internal_count=5972 2883 3089 2272 2411 817
is_linear=0
shrinkage=0.03


Tree=149
num_leaves=7
num_cat=0
split_feature=15 6 6 16 8 4
split_gain=5.17241 7.35652 15.2604 7.28401 5.7499 5.31821
threshold=-1.4685647487640379 -0.096210848540067659 0.2791688740253449 -0.01449668826535344 0.52974939346313488 0.90903615951538097
decision_type=2 2 2 2 2 2
left_child=1 3 -3 -1 5 -2
right_child=4 2 -4 -5 -6 -7
leaf_value=-0.0090326486258927169 0.0023429924105224354 -0.0086515899185173068 0.0047796047022929094 0.0037757018563730838 -0.0053318260893894685 -0.006993930426468082
leaf_weight=26.583322763442993 1177.0567377507687 243.2436282299459 85.892064742743969 222.62113155797124 84.420330390334129 35.571771807968616
leaf_count=93 3626 878 294 682 269 115
internal_value=0.000244393 -0.00203239 -0.00490169 0.00161697 0.00132059 0.00191139
internal_weight=1875.39 578.34 329.136 249.204 1297.05 1212.63
internal_count=5957 1947 1172 775 4010 3741
is_linear=0
shrinkage=0.03


Tree=150
num_leaves=7
num_cat=0
split_feature=13 5 5 16 7 19
split_gain=6.09931 6.68665 8.60473 8.28503 6.36455 5.2842
threshold=1.0830449461936953 0.58019560575485241 0.42357037961483007 0.48837806284427648 -0.10589613392949103 1.1280307173728945
decision_type=2 2 2 2 2 2
left_child=1 2 -1 -3 -2 -6
right_child=4 3 -4 -5 5 -7
leaf_value=0.0005803056478621702 0.0016162400718244541 -0.002725076989588379 -0.007407364490411494 0.013566281626744833 0 -0.013419324166373049
leaf_weight=1552.6312073394656 54.518424645066261 27.9613246768713 111.48879947885871 52.95326641201973 32.973317980766296 65.975337445735931
leaf_count=4890 177 94 342 157 111 247
internal_value=-7.89636e-05 0.000417911 -8.18643e-07 0.00791765 -0.00547147 -0.00949619
internal_weight=1898.5 1745.03 1664.12 80.9146 153.467 98.9487
internal_count=6018 5483 5232 251 535 358
is_linear=0
shrinkage=0.03


Tree=151
num_leaves=7
num_cat=0
split_feature=3 5 6 16 12 8
split_gain=7.72193 12.3934 10.2052 8.80145 7.68592 7.39403
threshold=-1.5355415344238279 0.10891228541731836 0.07654250413179399 0.57843005657196056 0.86562752723693859 -0.82629424333572377
decision_type=2 2 2 2 2 2
left_child=1 -1 5 -4 -3 -2
right_child=2 4 3 -5 -6 -7
leaf_value=-0.014002514077527783 -0.00082606014339705908 -0.0097993674971461435 -0.0055969931092452983 0.0016679072820121202 0.0014244698075485999 0.0044364034601370294
leaf_weight=71.98736584931612 365.87617946788669 49.410494230687618 342.88317435979843 226.30569114908576 225.84899418801069 575.12210010364652
leaf_count=253 1111 168 1170 723 744 1766
internal_value=-0.000488339 -0.00440583 0.000419037 -0.00264811 -0.000914363 0.00235322
internal_weight=1857.43 347.247 1510.19 569.189 275.259 940.998
internal_count=5935 1165 4770 1893 912 2877
is_linear=0
shrinkage=0.03


Tree=152
num_leaves=5
num_cat=0
split_feature=0 16 16 16
split_gain=4.73343 5.22021 5.75537 4.42508
threshold=0.067833337932825102 -0.87652704119682301 -0.46218702197074885 -1.5678560137748716
decision_type=2 2 2 2
left_child=1 3 -3 -1
right_child=-2 2 -4 -5
leaf_value=-0.00054381324091742553 0.0071281499924353087 -0.0081165081356272244 -0.00045789623069007599 0.01158777884211537
leaf_weight=31.601440697908401 55.181591860949993 75.471097573637962 1679.7526153940707 37.459288880228996
leaf_count=102 157 240 5416 109
internal_value=-0.00019981 -0.000528898 -0.000908732 0.0064873
internal_weight=1879.47 1824.28 1755.22 69.0607
internal_count=6024 5867 5656 211
is_linear=0
shrinkage=0.03


Tree=153
num_leaves=7
num_cat=0
split_feature=17 9 9 16 8 3
split_gain=5.70201 11.3436 16.4532 12.4183 8.57226 11.1092
threshold=0.38574072718620306 0.0068198721855878839 -0.1787406727671623 -0.11289316043257712 -0.12430967018008231 -1.1562761664390562
decision_type=2 2 2 2 2 2
left_child=1 2 -1 -3 5 -2
right_child=4 3 -4 -5 -6 -7
leaf_value=-0.001299669130542989 -0.0048709549270975839 0.0080005616740129182 0.0098613476448957977 -0.0045509325454846797 -0.0062440346042620058 0.0024085253071586383
leaf_weight=201.18777743726969 273.63430920988321 66.87784118950367 232.40768998488784 337.9169942624867 272.61983235552907 504.99647514149547
leaf_count=648 922 202 677 1054 908 1637
internal_value=-0.000379713 0.00140708 0.00472141 -0.00205696 -0.00186039 -0.000132492
internal_weight=1889.64 838.39 433.595 404.795 1051.25 778.631
internal_count=6048 2581 1325 1256 3467 2559
is_linear=0
shrinkage=0.03


Tree=154
num_leaves=7
num_cat=0
split_feature=8 18 12 8 19 12
split_gain=7.93362 8.81051 8.33408 7.96894 9.78486 7.98109
threshold=-1.1183038353919981 -0.13884448260068891 -0.63267961144447316 -1.0079518556594846 1.274216949939728 -0.14876454323530194
decision_type=2 2 2 2 2 2
left_child=1 -1 -3 5 -5 -2
right_child=3 2 -4 4 -6 -7
leaf_value=0.0082262841294034415 0.0024698115687246487 0.0088468133769638527 -0.0026628855547192278 0.0012814468933467526 -0.0047493550186962271 -0.012601093746060867
leaf_weight=190.94808945059776 30.229827955365181 54.139378868043423 219.46978491172194 1022.2100554853678 294.87406205758452 74.35440956056118
leaf_count=594 91 164 731 3198 986 233
internal_value=0.000277361 0.00361884 0 -0.000807968 -7.47237e-05 -0.00806611
internal_weight=1886.23 464.557 273.609 1421.67 1317.08 104.584
internal_count=5997 1489 895 4508 4184 324
is_linear=0
shrinkage=0.03


Tree=155
num_leaves=5
num_cat=0
split_feature=14 14 5 12
split_gain=5.28311 6.953 5.22823 2.3425
threshold=-0.93311592936515797 -0.61183589696884144 -0.21269071102142331 0.90976670384407055
decision_type=2 2 2 2
left_child=-1 3 -3 -2
right_child=1 2 -4 -5
leaf_value=0.0095311483903178906 -0.010166918234449825 0.0035527558161287808 -0.00077848097767511384 0
leaf_weight=28.15616599470377 65.489078123122454 282.49834194779396 1444.0519263949245 25.738863062113523
leaf_count=91 220 880 4668 72
internal_value=-0.000220343 -0.000506116 -2.88216e-06 -0.00777768
internal_weight=1845.93 1817.78 1726.55 91.2279
internal_count=5931 5840 5548 292
is_linear=0
shrinkage=0.03


Tree=156
num_leaves=7
num_cat=0
split_feature=8 13 10 17 12 6
split_gain=5.62993 7.93172 8.74559 3.86567 2.47513 2.37605
threshold=0.50837090611457836 1.1868554353713991 1.8431389927864077 -0.28410962224006647 0.55266159772872936 -0.13809277117252347
decision_type=2 2 2 2 2 2
left_child=1 2 -1 -2 -5 -3
right_child=3 5 -4 4 -6 -7
leaf_value=0.0021483901539092669 0.002157342193777364 0 -0.0037782777164623188 -0.012101083475560406 -0.001209424776104911 -0.010744717330866982
leaf_weight=1434.6417367197573 26.386665746569633 24.160576567053795 240.20913497358561 45.514400966465473 52.999580103904009 46.643574038520455
leaf_count=4561 80 97 751 163 176 184
internal_value=0.00024899 0.00074292 0.00122842 -0.00538997 -0.00794069 -0.00782183
internal_weight=1870.56 1745.66 1674.85 124.901 98.514 70.8042
internal_count=6012 5593 5312 419 339 281
is_linear=0
shrinkage=0.03


Tree=157
num_leaves=7
num_cat=0
split_feature=13 7 11 1 4 6
split_gain=7.25793 7.02681 7.3392 6.00015 7.58994 5.84096
threshold=1.0754428505897524 -0.10589613392949103 -0.7725522220134734 0.2171590253710747 0.14415224641561511 0.26316127181053167
decision_type=2 2 2 2 2 2
left_child=3 -2 -3 4 -1 -5
right_child=1 2 -4 5 -6 -7
leaf_value=0.0032025777877214032 0.0018660300991650309 0.002128480820558542 -0.013747923934003764 -0.0057102691878131284 -0.0015606368623557697 0.0015966465328776872
leaf_weight=971.95109748467803 53.478974498808384 21.316607005894184 74.5401098318398 198.6896073333919 398.76726563461125 148.51442787051201
leaf_count=3104 176 73 298 662 1193 502
internal_value=0.000248436 -0.00563776 -0.00994149 0.000853628 0.00177121 -0.00250465
internal_weight=1867.26 149.336 95.8567 1717.92 1370.72 347.204
internal_count=6008 547 371 5461 4297 1164
is_linear=0
shrinkage=0.03


Tree=158
num_leaves=7
num_cat=0
split_feature=4 17 9 4 17 17
split_gain=5.94531 8.655 9.83746 7.36439 6.51931 5.15372
threshold=-0.14167264103889463 2.0288062095642094 -0.18980478495359418 -0.10855264961719512 1.6493517756462099 0.55974906682968151
decision_type=2 2 2 2 2 2
left_child=1 2 -1 4 -2 -5
right_child=3 -3 -4 5 -6 -7
leaf_value=-0.0039742282083144332 -0.011391378551497758 0.010283395612391397 0.0037980494063304931 0.0014945459349122664 0.0020737879953282084 -0.0025469779273151203
leaf_weight=219.50266340374947 88.423528872430325 83.530689250677824 349.60831446945667 576.41483722999692 28.720793455839157 512.41976859420538
leaf_count=689 344 288 1097 1752 111 1694
internal_value=0 0.00225469 0.000665329 -0.00125512 -0.00783158 -0.000364971
internal_weight=1858.62 652.642 569.111 1205.98 117.144 1088.83
internal_count=5975 2074 1786 3901 455 3446
is_linear=0
shrinkage=0.03


Tree=159
num_leaves=7
num_cat=0
split_feature=13 3 10 3 15 14
split_gain=4.43032 7.85993 6.61483 6.3412 8.66545 6.9726
threshold=0.67520195245742809 -0.99854341149330128 1.6713791489601137 -0.99854341149330128 -1.0196846127510069 0.017727416008710865
decision_type=2 2 2 2 2 2
left_child=3 -2 -3 5 -5 -1
right_child=1 2 -4 4 -6 -7
leaf_value=0.0080368999971792178 -0.0053419409146891802 0.0035858136194533772 -0.0049681310825012972 -0.0032294463204293588 0.0028994507132835668 0.00060899663900257665
leaf_weight=202.02746783569455 270.83937333896756 270.39378014951944 90.037114072591066 409.32449305430055 379.26957866922021 280.68994357064366
leaf_count=596 912 883 299 1317 1140 922
internal_value=0.000353528 -0.0016261 0.00114244 0.00139294 -0.00020878 0.00403314
internal_weight=1902.58 631.27 360.431 1271.31 788.594 482.717
internal_count=6069 2094 1182 3975 2457 1518
is_linear=0
shrinkage=0.03


Tree=160
num_leaves=7
num_cat=0
split_feature=9 9 5 17 4 16
split_gain=5.19367 10.4074 9.56489 7.02423 6.74032 6.08917
threshold=0.20169892907142642 0.12499630451202394 0.16066521406173709 1.6860666871070864 -0.018077788874506947 0.74222722649574291
decision_type=2 2 2 2 2 2
left_child=1 3 5 -1 -4 -2
right_child=2 -3 4 -5 -6 -7
leaf_value=-0.00084315787874307882 -0.0012909924649526635 0.008982149006170552 0.00055210494533825124 0.0042896797945034216 -0.012774502868708029 0.009552630540158388
leaf_weight=1016.9262327533215 265.0717256963253 119.68800957128406 35.728913649916649 289.88140593096614 86.831315815448761 35.185454055666924
leaf_count=3269 844 378 112 986 281 104
internal_value=0.000286143 0.00118196 -0.00251753 0.000297707 -0.00893621 0.000309566
internal_weight=1849.31 1426.5 422.817 1306.81 122.56 300.257
internal_count=5974 4633 1341 4255 393 948
is_linear=0
shrinkage=0.03


Tree=161
num_leaves=7
num_cat=0
split_feature=1 20 18 17 8 5
split_gain=4.62729 11.1764 10.3377 5.85765 5.61198 4.52738
threshold=0.22172086685895923 1.0000000180025095e-35 0.26164793968200689 2.5198888778686528 -0.66007003188133229 -0.21269071102142331
decision_type=2 2 2 2 2 2
left_child=3 2 -2 5 -3 -1
right_child=1 4 -4 -5 -6 -7
leaf_value=0.0047203949031044655 -0.00070175207032950983 0.0097947131633658469 -0.012755362821688409 -0.0063116905322939424 -0.0020208995700318295 0.00026237624599644455
leaf_weight=238.63820083811879 158.77070719003677 55.236332967877388 106.00910190492868 81.176798384636641 46.004211876541376 1178.5934377908707
leaf_count=732 539 170 386 266 147 3756
internal_value=-0.000123355 -0.0030807 -0.0062952 0.000590592 0.00448307 0.00111002
internal_weight=1864.43 366.02 264.78 1498.41 101.241 1417.23
internal_count=5996 1242 925 4754 317 4488
is_linear=0
shrinkage=0.03


Tree=162
num_leaves=7
num_cat=0
split_feature=5 17 13 5 0 14
split_gain=4.42318 7.92607 9.9116 6.01387 12.6603 10.4647
threshold=-0.098595440387725816 0.60998576879501354 0.21731997281312945 0.25666697323322302 -1.0605761408805845 0.073359530419111266
decision_type=2 2 2 2 2 2
left_child=1 -1 -3 4 -2 -5
right_child=3 2 -4 5 -6 -7
leaf_value=0.0064865797861401757 0.00010120922074595863 -0.0060682706737431522 0.0045326432887319509 0.0061703033062069897 -0.0077331678237013528 -0.0018792987333300796
leaf_weight=230.52196369692683 589.10344284400344 139.15808248892426 135.57309177517891 243.17869218066335 241.38410611450672 293.33832184970379
leaf_count=693 1947 463 435 712 772 1021
internal_value=0.000232384 0.00259755 -0.000680814 -0.00062339 -0.00223364 0.00175203
internal_weight=1872.26 505.253 274.731 1367 830.488 536.517
internal_count=6043 1591 898 4452 2719 1733
is_linear=0
shrinkage=0.03


Tree=163
num_leaves=7
num_cat=0
split_feature=16 8 4 6 7 8
split_gain=4.58206 14.7048 20.514 7.23328 7.87549 7.24896
threshold=0.34472975134849554 -0.12430967018008231 0.81494480371475231 -0.29473407566547388 -0.65524837374687184 -1.5585558414459226
decision_type=2 2 2 2 2 2
left_child=1 2 -1 4 -2 -5
right_child=3 -3 -4 5 -6 -7
leaf_value=0.0066013865098913035 0.013426274771340294 -0.0051533329258930637 -0.01342061447267443 0.0043103607964583091 0 -0.0029762914376665135
leaf_weight=448.31579940393567 38.106792956590652 163.81516840308905 30.6991176456213 116.90839933976531 140.98717685416341 939.88093573600054
leaf_count=1397 114 547 96 381 433 3075
internal_value=0 0.00202746 0.00471152 -0.00105553 0.00412437 -0.00204939
internal_weight=1878.71 642.83 479.015 1235.88 179.094 1056.79
internal_count=6043 2040 1493 4003 547 3456
is_linear=0
shrinkage=0.03


Tree=164
num_leaves=5
num_cat=0
split_feature=13 11 0 18
split_gain=7.26603 7.16395 10.3056 9.2704
threshold=-2.4810595512390132 -0.027765420265495774 -0.99618166685104359 -2.9992829561233516
decision_type=2 2 2 2
left_child=-1 3 -3 -2
right_child=1 2 -4 -5
leaf_value=0.0093937576853351541 0.0074097622184910138 0.0033032827553083717 -0.004123797592252924 -0.0032173364561354522
leaf_weight=46.385104544460773 58.291645109653473 616.16652223840356 204.37047933787107 932.70601408928633
leaf_count=157 171 1929 638 3115
internal_value=-0.000301008 -0.000681873 0.00132794 -0.00239867
internal_weight=1857.92 1811.53 820.537 990.998
internal_count=6010 5853 2567 3286
is_linear=0
shrinkage=0.03


Tree=165
num_leaves=7
num_cat=0
split_feature=7 4 18 4 14 15
split_gain=7.02926 13.1696 8.31083 7.74347 11.8635 7.66668
threshold=0.07795183360576631 0.8389684557914735 -2.7058414220809932 -0.17108441889286038 -0.15225701034069059 -1.3333734869956968
decision_type=2 2 2 2 2 2
left_child=1 2 -1 5 -5 -2
right_child=3 -3 -4 4 -6 -7
leaf_value=-0.00604283578802319 -0.003424465102264239 -0.01204207872293688 0.0038536716007437914 -0.0095262075587516371 -0.00088179028738098568 0.0052714543356371232
leaf_weight=62.694835662841797 126.81816366687417 36.180663511157036 735.40515691414475 193.64957492239773 503.20634354650974 207.48380288481712
leaf_count=193 426 120 2288 632 1746 617
internal_value=-9.83281e-05 0.00189029 0.00287419 -0.0017697 -0.00356645 0.0017962
internal_weight=1865.44 834.281 798.1 1031.16 696.856 334.302
internal_count=6022 2601 2481 3421 2378 1043
is_linear=0
shrinkage=0.03


Tree=166
num_leaves=7
num_cat=0
split_feature=14 6 8 11 15 13
split_gain=4.68133 11.7717 6.0316 5.1296 7.70174 5.68901
threshold=2.1331802606582646 -0.22694385051727292 -1.4735544323921201 0.66202658414840709 -1.0125427842140196 -0.11320360004901885
decision_type=2 2 2 2 2 2
left_child=3 -2 -3 5 -5 -1
right_child=1 2 -4 4 -6 -7
leaf_value=-0.0019796732669795651 0.0049966844387856046 0.0045719720981095098 -0.0070459380921556571 -0.010538003979051521 0.00063665618282317856 0.0025129878998670775
leaf_weight=317.9009867683053 101.59291470423341 25.602947268635035 302.13743140175939 68.549516886472702 119.41942558065057 906.78980666026473
leaf_count=1051 352 94 1094 219 388 2796
internal_value=-0.000278196 -0.00296818 -0.00575505 0.000527484 -0.00377159 0.00128552
internal_weight=1841.99 429.333 327.74 1412.66 187.969 1224.69
internal_count=5994 1540 1188 4454 607 3847
is_linear=0
shrinkage=0.03


Tree=167
num_leaves=7
num_cat=0
split_feature=10 6 7 4 7 4
split_gain=5.06843 9.02036 8.94435 6.32273 5.24471 12.9597
threshold=1.7626330256462099 -0.085175462067127214 0.62419888377189647 0.2939059585332871 0.46826492249965673 -0.14167264103889463
decision_type=2 2 2 2 2 2
left_child=4 3 -3 -2 -1 -6
right_child=1 2 -4 -5 5 -7
leaf_value=0.0017388342037289461 0.0080539162304840532 -0.009348567213593572 0.0012346574795706821 -0.0051520448974062957 0.0030584558175196508 -0.005576989069583661
leaf_weight=883.94638907909393 70.017117708921432 203.57748505100608 86.009910838678479 28.741664081811905 249.63280943036079 340.9653642848134
leaf_count=2788 214 634 282 93 803 1190
internal_value=-0.000521538 -0.0034906 -0.00613476 0.00348497 0.000256515 -0.00184809
internal_weight=1862.89 388.346 289.587 98.7588 1474.54 590.598
internal_count=6004 1223 916 307 4781 1993
is_linear=0
shrinkage=0.03


Tree=168
num_leaves=7
num_cat=0
split_feature=11 0 6 16 3 15
split_gain=6.01994 7.75621 11.2068 10.5331 7.69699 5.59184
threshold=0.33925767242908483 -1.8590298295021055 -0.003242324921302497 0.66282442212104808 0.17023759335279467 -0.32130433619022364
decision_type=2 2 2 2 2 2
left_child=1 2 -1 -3 5 -2
right_child=4 3 -4 -5 -6 -7
leaf_value=-5.5278471392991531e-05 0.0056988859940128363 0.0026523864378191087 -0.0092471000508396392 -0.0041189927498425719 -0.0070158695525636252 -0.0011508721241929472
leaf_weight=270.41015657782555 322.57188487797976 557.15020782127976 214.97752222418785 300.91732838377357 47.909708138555288 128.51473114639521
leaf_count=904 1020 1783 781 967 161 394
internal_value=-0.000426875 -0.00149616 -0.00444988 0.000169656 0.00228308 0.00365401
internal_weight=1842.45 1343.46 485.388 858.068 498.996 451.087
internal_count=6010 4435 1685 2750 1575 1414
is_linear=0
shrinkage=0.03


Tree=169
num_leaves=7
num_cat=0
split_feature=4 6 7 6 8 11
split_gain=5.26814 8.02769 8.51942 7.72859 4.83086 3.76407
threshold=0.63286569714546215 0.55933365225791942 -0.20161832123994824 0.09948288276791574 -0.63544243574142445 0.014814391266554596
decision_type=2 2 2 2 2 2
left_child=1 2 -1 5 -3 -2
right_child=3 4 -4 -5 -6 -7
leaf_value=0.0023664758242595003 -0.003651237427548045 0.014720079070979638 -0.0020960674748798469 -0.011210585862964514 0 0.0070057371931955227
leaf_weight=570.98692141100764 45.361468460410833 31.57870689034462 1062.1488782651722 77.046529412269592 32.961738064885139 32.209543786942959
leaf_count=1790 151 95 3544 256 116 85
internal_value=-0.000539846 0 -0.000489797 -0.0055025 0.00898722 0.000687869
internal_weight=1852.29 1697.68 1633.14 154.618 64.5404 77.571
internal_count=6037 5545 5334 492 211 236
is_linear=0
shrinkage=0.03


Tree=170
num_leaves=7
num_cat=0
split_feature=19 12 8 12 16 11
split_gain=5.59738 14.8136 6.95257 15.1336 15.049 5.97551
threshold=0.88866522908210765 -0.96284896135330189 -0.083723224699497209 0.83814960718154918 0.22416672855615619 0.10955637693405153
decision_type=2 2 2 2 2 2
left_child=2 -2 3 -1 -4 -3
right_child=1 5 4 -5 -6 -7
leaf_value=0.0084297232855287917 -0.011474915803376333 -0.001403855166561491 -0.010735154423151906 -0.0035155678552603576 0.0055068497848437528 0.0028565722325665155
leaf_weight=298.76385970041156 83.516790982335806 685.30537668988109 74.337898194789886 114.7462712302804 89.808777570724487 484.45409801602364
leaf_count=908 301 2293 268 343 300 1560
internal_value=0.000512372 -0.000578809 0.00292032 0.00496732 -0.00188997 0.000328523
internal_weight=1830.93 1253.28 577.657 413.51 164.147 1169.76
internal_count=5973 4154 1819 1251 568 3853
is_linear=0
shrinkage=0.03


Tree=171
num_leaves=7
num_cat=0
split_feature=10 12 8 7 0 14
split_gain=5.45678 11.5296 8.07729 4.64712 10.1636 8.87615
threshold=0.66819512844085704 1.2383828759193423 -0.54538288712501515 1.285292983055115 -0.87289050221443165 3.0667545795440678
decision_type=2 2 2 2 2 2
left_child=1 2 -1 5 -5 -2
right_child=3 -3 -4 4 -6 -7
leaf_value=0.013413368634656151 -0.0007822665355887707 -0.0049676731158592967 0 -0.01013170037880665 0.0044688792928740803 0.0078936830630608988
leaf_weight=90.087954729795456 1375.3064852058887 61.795752238482237 55.642447762191296 104.3168410025537 44.676348872482777 94.674552995711565
leaf_count=277 4453 221 177 390 136 332
internal_value=-3.3404e-05 0.00428578 0.00869763 -0.000669203 -0.00538785 -8.47642e-05
internal_weight=1826.5 207.526 145.73 1618.97 148.993 1469.98
internal_count=5986 675 454 5311 526 4785
is_linear=0
shrinkage=0.03


Tree=172
num_leaves=6
num_cat=0
split_feature=4 0 17 7 8
split_gain=5.01543 5.30552 12.8918 8.92196 3.33596
threshold=-0.46477487683296198 -1.5764803290367124 2.0064570903778081 1.1406776309013369 -0.56736978888511647
decision_type=2 2 2 2 2
left_child=4 3 -3 -2 -1
right_child=1 2 -4 -5 -6
leaf_value=0.011338421890995971 -0.0010664826397220703 -0.00054382888349746442 0.0094007724329759849 -0.0099809441526235183 0
leaf_weight=33.186070010066032 777.55724727362394 787.40641704201698 116.03829859942198 102.0744155459106 27.430653512477875
leaf_count=91 2606 2485 363 386 92
internal_value=-0.000361208 -0.000715014 0.000844419 -0.00236652 0.00689737
internal_weight=1843.69 1783.08 903.445 879.632 60.6167
internal_count=6023 5840 2848 2992 183
is_linear=0
shrinkage=0.03


Tree=173
num_leaves=7
num_cat=0
split_feature=1 17 17 18 19 18
split_gain=5.81496 6.233 10.9859 5.93041 6.92591 4.51711
threshold=-0.23791119456291196 -2.5219382047653194 -1.3911498785018919 0.11976108327507974 1.2719016671180727 -0.17796108126640317
decision_type=2 2 2 2 2 2
left_child=3 -2 -3 5 -5 -1
right_child=1 2 -4 4 -6 -7
leaf_value=0.0021090055119171716 0.0094926449220975977 -0.010169804747233743 -0.00032209837677416665 0.0093914664720506427 -0.002455620944649105 -0.0074304941952926477
leaf_weight=133.57063700631261 30.726721715182066 92.127546243369579 1336.8185147456825 157.04470459744334 40.17998243495822 41.784962303936481
leaf_count=410 99 290 4445 495 144 145
internal_value=8.84896e-05 -0.000740578 -0.00113002 0.00336165 0.00669781 -0.000384998
internal_weight=1832.25 1459.67 1428.95 372.58 197.225 175.356
internal_count=6028 4834 4735 1194 639 555
is_linear=0
shrinkage=0.03


Tree=174
num_leaves=7
num_cat=0
split_feature=6 8 9 9 0 15
split_gain=5.82695 12.0937 6.85688 8.43414 6.17323 2.72808
threshold=0.48951451480388647 -0.2133553400635719 -0.0042774628382176152 -0.062422735616564744 -0.8847743272781371 -0.79241332411766041
decision_type=2 2 2 2 2 2
left_child=2 5 3 -1 -4 -2
right_child=1 -3 4 -5 -6 -7
leaf_value=-0.00053904136239095056 0.0030810540777771712 -0.0047649450809550617 -0.0043463563218874559 0.0063770603000475636 0.0022602134800177179 0.018274133658120285
leaf_weight=827.06051222980022 42.351261712610722 42.670776315033436 603.27659022808075 172.87288071215153 133.50422391295433 26.477267473936081
leaf_count=2771 140 154 1975 544 403 82
internal_value=-0.000388527 0.00564883 -0.000870186 0.00069942 -0.00304187 0.0123996
internal_weight=1848.21 111.499 1736.71 999.933 736.781 68.8285
internal_count=6069 376 5693 3315 2378 222
is_linear=0
shrinkage=0.03


Tree=175
num_leaves=7
num_cat=0
split_feature=13 18 1 18 15 18
split_gain=3.47377 6.96917 8.98138 8.57975 4.92836 9.31753
threshold=0.74963003396987926 0.63476935029029857 0.3723894357681275 0.41906949877738958 -0.90833300352096547 -0.39030562341213221
decision_type=2 2 2 2 2 2
left_child=1 3 -3 -1 5 -2
right_child=4 2 -4 -5 -6 -7
leaf_value=0.0010534258184489045 0.0078928559695502064 0.0073207959441324733 -0.007105446728842107 -0.0055339051668396259 -0.0053250744482002546 -0.0028700151353838938
leaf_weight=867.63114367052913 84.352676507085562 220.29105232656002 25.696500420570374 201.58459628373384 214.64170342683792 212.41097819432616
leaf_count=2751 273 721 83 699 720 754
internal_value=0 0.000811302 0.00516726 -0.000212239 -0.00205656 0.000305015
internal_weight=1826.61 1315.2 245.988 1069.22 511.405 296.764
internal_count=6001 4254 804 3450 1747 1027
is_linear=0
shrinkage=0.03


Tree=176
num_leaves=7
num_cat=0
split_feature=20 7 10 0 1 9
split_gain=4.44157 13.721 15.5329 7.00263 5.76893 10.8532
threshold=1.0000000180025095e-35 0.61934486031532299 1.8020946979522707 -1.2093396186828611 0.22172086685895923 -0.27732455730438227
decision_type=2 2 2 2 2 2
left_child=4 2 -2 -3 5 -1
right_child=1 3 -4 -5 -6 -7
leaf_value=-0.0057385605735941116 0.0095275858609626275 -0.0078440929014976565 -0.0048106767123896393 0.0047442696142539235 -0.0044920369890583617 0.0017746795590543006
leaf_weight=192.27197242155671 252.6597994863987 112.14799361303449 70.628844406455755 34.968463160097599 257.26267215237021 896.7425037547946
leaf_count=653 798 377 210 113 911 2895
internal_value=0.000233749 0.0027039 0.00612255 -0.00428322 -0.000612383 0.000314503
internal_weight=1816.68 470.405 323.289 147.116 1346.28 1089.01
internal_count=5957 1498 1008 490 4459 3548
is_linear=0
shrinkage=0.03


Tree=177
num_leaves=5
num_cat=0
split_feature=14 15 10 15
split_gain=6.51198 4.22881 6.16558 5.05399
threshold=-0.98415306210517872 -0.57304376363754261 0.74848526716232311 -0.70159843564033497
decision_type=2 2 2 2
left_child=-1 3 -3 -2
right_child=1 2 -4 -5
leaf_value=0.011815240117082052 0.00031731815382017906 0.0037747657909602858 -0.0037076110624349647 0.006949161257053086
leaf_weight=23.138383187353611 1147.1569477282465 101.16837421059608 445.86715525016189 97.113761931657791
leaf_count=80 3843 332 1431 308
internal_value=0.000296559 0 -0.00213368 0.000984127
internal_weight=1814.44 1791.31 547.036 1244.27
internal_count=5994 5914 1763 4151
is_linear=0
shrinkage=0.03


Tree=178
num_leaves=7
num_cat=0
split_feature=20 1 4 1 13 3
split_gain=3.38643 7.1865 6.44999 6.44482 7.71293 6.71794
threshold=1.0000000180025095e-35 0.35038071870803839 0.38062766194343572 0.18039896339178088 0.7347867786884309 -0.79858073592185963
decision_type=2 2 2 2 2 2
left_child=1 -1 -3 4 -2 -5
right_child=3 2 -4 5 -6 -7
leaf_value=-0.00028817165885341002 0.0022461388548935418 -0.010416933837031357 0.0016460585854918234 0 -0.0071215142222044656 0.012972529225813333
leaf_weight=1226.2570025771856 252.64605796709657 107.32272163033485 39.641331885010004 66.110557358711958 90.459073226898909 59.004351958632469
leaf_count=4046 776 384 139 235 319 175
internal_value=-0.000363081 -0.00113928 -0.00699635 0.00174393 -0.000314606 0.00706789
internal_weight=1841.44 1373.22 146.964 468.22 343.105 125.115
internal_count=6074 4569 523 1505 1095 410
is_linear=0
shrinkage=0.03


Tree=179
num_leaves=7
num_cat=0
split_feature=19 19 12 6 18 5
split_gain=6.39028 7.10221 7.68206 5.3268 5.72669 5.64261
threshold=1.274216949939728 1.6269949078559878 -0.23712860792875287 -0.34558466076850886 0.69616225361824047 0.22599652409553531
decision_type=2 2 2 2 2 2
left_child=3 2 -2 4 -1 -5
right_child=1 -3 -4 5 -6 -7
leaf_value=0.0077494956502663376 0.0042814925614889868 0.0040440545473688014 -0.0068370136879025538 -0.0010684809264809999 -0.0031255416118157893 0.0034526784719260736
leaf_weight=157.89918226748705 46.550632335245609 74.997403051704168 300.3600724004209 879.16255841031671 36.523143045604229 321.62146988138556
leaf_count=467 173 259 1069 2908 115 1034
internal_value=0 -0.00317078 -0.00502948 0.00096151 0.00532577 0.000130057
internal_weight=1817.11 421.908 346.911 1395.21 194.422 1200.78
internal_count=6025 1501 1242 4524 582 3942
is_linear=0
shrinkage=0.03


end of trees

feature_importances:
Column_14=78
Column_7=65
Column_0=64
Column_4=61
Column_18=60
Column_11=57
Column_6=55
Column_13=54
Column_16=54
Column_8=53
Column_10=52
Column_5=48
Column_15=46
Column_9=45
Column_3=41
Column_12=40
Column_17=38
Column_1=35
Column_2=27
Column_19=23
Column_20=15
Column_23=6

parameters:
[boosting: gbdt]
[objective: lambdarank]
[metric: ndcg]
[tree_learner: serial]
[device_type: cpu]
[data_sample_strategy: bagging]
[data: ]
[valid: ]
[num_iterations: 180]
[learning_rate: 0.03]
[num_leaves: 7]
[num_threads: 1]
[seed: 17]
[deterministic: 1]
[force_col_wise: 1]
[force_row_wise: 0]
[histogram_pool_size: -1]
[max_depth: 3]
[min_data_in_leaf: 80]
[min_sum_hessian_in_leaf: 0.001]
[bagging_fraction: 0.8]
[pos_bagging_fraction: 1]
[neg_bagging_fraction: 1]
[bagging_freq: 1]
[bagging_seed: 26602]
[bagging_by_query: 0]
[feature_fraction: 0.8]
[feature_fraction_bynode: 1]
[feature_fraction_seed: 18297]
[extra_trees: 0]
[extra_seed: 13015]
[early_stopping_round: 0]
[early_stopping_min_delta: 0]
[first_metric_only: 0]
[max_delta_step: 0]
[lambda_l1: 2]
[lambda_l2: 20]
[linear_lambda: 0]
[min_gain_to_split: 0]
[drop_rate: 0.1]
[max_drop: 50]
[skip_drop: 0.5]
[xgboost_dart_mode: 0]
[uniform_drop: 0]
[drop_seed: 30017]
[top_rate: 0.2]
[other_rate: 0.1]
[min_data_per_group: 100]
[max_cat_threshold: 32]
[cat_l2: 10]
[cat_smooth: 10]
[max_cat_to_onehot: 4]
[top_k: 20]
[monotone_constraints: ]
[monotone_constraints_method: basic]
[monotone_penalty: 0]
[feature_contri: ]
[forcedsplits_filename: ]
[refit_decay_rate: 0.9]
[cegb_tradeoff: 1]
[cegb_penalty_split: 0]
[cegb_penalty_feature_lazy: ]
[cegb_penalty_feature_coupled: ]
[path_smooth: 0]
[interaction_constraints: ]
[verbosity: -1]
[saved_feature_importance_type: 0]
[use_quantized_grad: 0]
[num_grad_quant_bins: 4]
[quant_train_renew_leaf: 0]
[stochastic_rounding: 1]
[linear_tree: 0]
[max_bin: 255]
[max_bin_by_feature: ]
[min_data_in_bin: 3]
[bin_construct_sample_cnt: 200000]
[data_random_seed: 94]
[is_enable_sparse: 1]
[enable_bundle: 1]
[use_missing: 1]
[zero_as_missing: 0]
[feature_pre_filter: 1]
[pre_partition: 0]
[two_round: 0]
[header: 0]
[label_column: ]
[weight_column: ]
[group_column: ]
[ignore_column: ]
[categorical_feature: ]
[forcedbins_filename: ]
[precise_float_parser: 0]
[parser_config_file: ]
[objective_seed: 20363]
[num_class: 1]
[is_unbalance: 0]
[scale_pos_weight: 1]
[sigmoid: 1]
[boost_from_average: 1]
[reg_sqrt: 0]
[alpha: 0.9]
[fair_c: 1]
[poisson_max_delta_step: 0.7]
[tweedie_variance_power: 1.5]
[lambdarank_truncation_level: 30]
[lambdarank_norm: 1]
[label_gain: 0,1,2,3]
[lambdarank_position_bias_regularization: 0]
[eval_at: 2]
[multi_error_top_k: 1]
[auc_mu_weights: ]
[num_machines: 1]
[local_listen_port: 12400]
[time_out: 120]
[machine_list_filename: ]
[machines: ]
[gpu_platform_id: -1]
[gpu_device_id: -1]
[gpu_device_id_list: ]
[gpu_use_dp: 0]
[num_gpu: 1]

end of parameters

pandas_categorical:null
