tree
version=v4
num_class=1
num_tree_per_iteration=1
label_index=0
max_feature_idx=23
objective=lambdarank
feature_names=Column_0 Column_1 Column_2 Column_3 Column_4 Column_5 Column_6 Column_7 Column_8 Column_9 Column_10 Column_11 Column_12 Column_13 Column_14 Column_15 Column_16 Column_17 Column_18 Column_19 Column_20 Column_21 Column_22 Column_23
feature_infos=[-2.8707199096679688:1.4220840930938721] [-1.4033499956130981:2.5005612373352051] [-1.2703711986541748:2.8120923042297363] [-2.4748332500457764:3.0045833587646484] [-0.66183751821517944:1.6389422416687012] [-2.6019799709320068:1.8919925689697266] [-1.1248760223388672:3.0370988845825195] [-3.5753879547119141:1.9016095399856567] [-2.1968531608581543:2.1679477691650391] [-1.0730923414230347:1.9400030374526978] [-0.21451142430305481:2.8151693344116211] [-2.9535558223724365:2.9696903228759766] [-2.4684848785400391:3.1746187210083008] [-4.3413271903991699:1.7943376302719116] [-1.2829312086105347:4.7760739326477051] [-2.6704778671264648:2.63877272605896] [-4.3478174209594727:1.5158103704452515] [-2.9773988723754883:2.9774856567382812] [-4.8661012649536133:1.05962073802948] [-3.5699975490570068:2.0406937599182129] [0:1] [0:1] [0:1] [0:1]
tree_sizes=889 902 897 904 902 683 681 903 892 695 905 692 904 897 876 692 903 905 790 908 690 907 905 903 903 898 906 902 692 907 902 775 794 904 903 897 678 898 869 898 903 856 906 905 899 905 692 907 906 906 905 910 906 901 904 588 905 900 789 785 899 666 906 686 886 904 693 899 903 888 909 907 894 879 890 877 882 905 687 883 882 903 878 901 889 903 907 679 904 911 907 690 901 885 672 895 873 905 910 901 908 912 891 881 908 905 885 900 911 901 911 763 896 781 895 772 888 906 888 911 895 914 889 693 899 904 908 909 902 661 903 795 903 904 907 913 883 884 901 881 796 893 899 774 857 691 884 910 797 886 913 908 901 902 904 909 866 784 901 902 882 696 892 902 779 902 905 696 908 895 900 906 910 688 906 879 774 668 910 900

Tree=0
num_leaves=7
num_cat=0
split_feature=14 11 4 9 0 11
split_gain=7.78438 5.40693 4.32773 3.41306 3.30662 2.91562
threshold=0.70080021023750316 -0.26429490745067591 -0.30503495037555689 -0.27624648809432978 -1.5507343411445615 0.42724344134330755
decision_type=2 2 2 2 2 2
left_child=1 4 -2 -3 -1 -4
right_child=2 3 5 -5 -6 -7
leaf_value=-0.0054489997545027462 0.0032992400192845476 -0.0012577939373715485 -0.0077690161967161088 0.0080922175712789708 0.0026218058346967822 0
leaf_weight=69.884703729301691 34.900998659431934 26.073171623051167 160.56265798024833 129.15989914536476 64.956410454586148 61.448930088430643
leaf_count=779 311 330 1881 1506 760 621
internal_value=-0.000514851 0.00265111 -0.00423944 0.00621506 -0.00133713 -0.00584719
internal_weight=546.987 290.074 256.913 155.233 134.841 222.012
internal_count=6188 3375 2813 1836 1539 2502
is_linear=0
shrinkage=0.03


Tree=1
num_leaves=7
num_cat=0
split_feature=14 5 14 4 3 11
split_gain=76.1179 52.7308 50.8095 45.1689 43.6206 34.0047
threshold=0.70080021023750316 0.26113039255142217 -0.92459541559219349 -0.31079728901386255 -0.63443714380264271 0.42724344134330755
decision_type=2 2 2 2 2 2
left_child=1 2 -1 -2 -3 -5
right_child=3 4 -4 5 -6 -7
leaf_value=0.020663955157590633 0.0068692779283630228 0.015582821083199579 -0.0004464044387715335 -0.009911863321541264 -0.00065982484668446922 0.00075488774279916721
leaf_weight=88.64064759016037 224.98262768983841 452.38577899336815 1773.4216523729265 987.50862544029951 204.8401187248528 349.44697900861502
leaf_count=97 315 612 2365 1897 283 628
internal_value=0.000154237 0.00338563 0.000735552 -0.00499675 0.0105618 -0.00710959
internal_weight=4081.23 2519.29 1862.06 1561.94 657.226 1336.96
internal_count=6197 3357 2462 2840 895 2525
is_linear=0
shrinkage=0.03


Tree=2
num_leaves=7
num_cat=0
split_feature=11 13 5 2 7 7
split_gain=44.3792 36.8346 33.6008 24.3579 22.5804 8.86518
threshold=-0.39035971462726587 1.2090193629264834 0.58852687478065502 0.39852896332740789 0.64670154452323925 -0.028389801271259781
decision_type=2 2 2 2 2 2
left_child=3 2 -2 4 -1 -3
right_child=1 5 -4 -5 -6 -7
leaf_value=0.000525614344842013 0.0024834925092176875 -0.0013400563055752876 0.018035184962667396 -0.014845880943945008 -0.008082853382068456 -0.019724167653333617
leaf_weight=746.00379522144794 2290.7664384506643 49.586018025875092 115.10992659628391 151.97173145413399 401.44254495203495 56.580581769347191
leaf_count=1258 3676 79 172 254 680 99
internal_value=0.000233555 0.00257174 0.00339486 -0.00421164 -0.0025216 -0.0131868
internal_weight=3811.46 2512.04 2405.88 1299.42 1147.45 106.167
internal_count=6218 4026 3848 2192 1938 178
is_linear=0
shrinkage=0.03


Tree=3
num_leaves=7
num_cat=0
split_feature=14 2 0 18 11 11
split_gain=57.6212 49.7703 42.5253 51.5776 44.053 25.357
threshold=0.70080021023750316 0.020620883442461494 -1.5964889526367185 -1.7434192299842832 -0.26429490745067591 0.086962208151817336
decision_type=2 2 2 2 2 2
left_child=2 5 4 -4 -1 -2
right_child=1 -3 3 -5 -6 -7
leaf_value=-0.0083347491252389171 -0.0039071798220236967 -0.010509867618635078 -0.0082134560594899052 0.0090959502483357983 0.0042416326609971636 0.0066017915926176582
leaf_weight=433.58567168191075 454.53027614951134 628.43914757668972 159.32618474960327 1138.9594014845788 536.3114972859621 344.13250033557415
leaf_count=736 935 1262 230 1632 744 642
internal_value=0.00033993 -0.00432945 0.00331621 0.00683384 -0.00137474 0.000598356
internal_weight=3695.28 1427.1 2268.18 1298.29 969.897 798.663
internal_count=6181 2839 3342 1862 1480 1577
is_linear=0
shrinkage=0.03


Tree=4
num_leaves=7
num_cat=0
split_feature=14 5 20 3 2 23
split_gain=39.2952 40.1032 39.8211 30.1828 25.9763 21.4116
threshold=0.65943366289138805 0.23297718912363055 1.0000000180025095e-35 -0.63443714380264271 0.020620883442461494 1.0000000180025095e-35
decision_type=2 2 2 2 2 2
left_child=1 2 -1 -3 5 -2
right_child=4 3 -4 -5 -6 -7
leaf_value=-0.0027449969512313389 0.0023597706257078256 0.012660067796701415 0.0081302277611116323 -0.0012155095945249647 -0.0084621085624620868 -0.0097551794445157585
leaf_weight=1125.8340523988008 636.75367070734501 484.72531366348267 391.77118496596813 180.78679665923119 556.38484103232622 144.06841440498829
leaf_count=1760 1319 708 557 286 1284 273
internal_value=0.000367232 0.00285427 9.26652e-05 0.00887774 -0.0036311 0
internal_weight=3520.32 2183.12 1517.61 665.512 1337.21 780.822
internal_count=6187 3311 2317 994 2876 1592
is_linear=0
shrinkage=0.03


Tree=5
num_leaves=5
num_cat=0
split_feature=0 3 11 11
split_gain=36.8378 39.7861 33.6207 23.9743
threshold=0.10630556195974351 0.48397772014141088 -0.2818844318389892 -1.0827973484992979
decision_type=2 2 2 2
left_child=1 2 -1 -3
right_child=-2 3 -4 -5
leaf_value=-0.003254528031561228 0.017160069673232584 0.0026632312930768448 0.0035556323483022351 -0.011329900410252343
leaf_weight=1006.0205351561308 91.118824049830437 131.97633343935013 1754.9664215743542 398.9196869879961
leaf_count=1941 143 237 3185 729
internal_value=0.000157847 -0.000395441 0.00104708 -0.00777201
internal_weight=3383 3291.88 2760.99 530.896
internal_count=6235 6092 5126 966
is_linear=0
shrinkage=0.03


Tree=6
num_leaves=5
num_cat=0
split_feature=14 0 6 10
split_gain=39.2526 38.7301 39.8103 4.55459
threshold=-0.92459541559219349 0.067015334963798537 0.037825550884008415 1.193936884403229
decision_type=2 2 2 2
left_child=-1 2 -2 -3
right_child=1 3 -4 -5
leaf_value=0.01885412709958038 0.0011910312971040013 0.003841700222396893 -0.0055955248764658931 0.01974681754604778
leaf_weight=72.158962056040764 1818.1784744784236 48.487893059849739 1319.3152861148119 63.106467396020889
leaf_count=99 3406 82 2553 98
internal_value=-0.00042591 -0.000985182 -0.00166108 0.0149262
internal_weight=3321.25 3249.09 3137.49 111.594
internal_count=6238 6139 5959 180
is_linear=0
shrinkage=0.03


Tree=7
num_leaves=7
num_cat=0
split_feature=14 6 12 10 0 11
split_gain=37.3848 32.9509 28.8459 58.0732 41.66 23.1291
threshold=0.70080021023750316 -0.054294306784868233 2.1136373281478886 1.0555185079574587 -1.5507343411445615 0.41915924847126013
decision_type=2 2 2 2 2 2
left_child=2 5 4 -4 -1 -2
right_child=1 -3 3 -5 -6 -7
leaf_value=-0.0048269393053500037 -0.0028477825710754912 -0.0085804881358006943 -0.0090030634034373516 0.015547786008089863 0.0047988289330185207 0.0095790662483725923
leaf_weight=701.95480236411095 405.46504395455122 668.69559867307544 99.232510879635811 311.42284458875656 897.42986015975475 175.88269443064928
leaf_count=1259 906 1587 165 493 1407 337
internal_value=-7.54287e-05 -0.00412947 0.00243207 0.0093333 0.000529681 0.00100564
internal_weight=3260.08 1250.04 2010.04 410.655 1599.38 581.348
internal_count=6154 2830 3324 658 2666 1243
is_linear=0
shrinkage=0.03


Tree=8
num_leaves=7
num_cat=0
split_feature=0 17 14 17 16 4
split_gain=37.2074 60.4984 30.1734 29.9915 27.6622 19.4311
threshold=-1.5507343411445615 1.5689470171928408 -0.11875655874609946 1.2049359679222109 0.84742930531501781 0.14832294732332232
decision_type=2 2 2 2 2 2
left_child=3 2 -2 4 -1 -3
right_child=1 5 -4 -5 -6 -7
leaf_value=-0.0019231292688201677 0.0072242527183302829 0.018321058221224124 -0.0028711072072460154 -0.0085220616371690337 0.012544908077814559 0.0018376488759594975
leaf_weight=870.82867520302534 358.13929277658463 244.79444930702448 880.95322220027447 573.77950512617826 117.26053044945002 102.65883286297321
leaf_count=1807 573 465 1726 1186 235 181
internal_value=5.37415e-05 0.00328765 6.75411e-05 -0.00319336 0 0.0139792
internal_weight=3148.41 1586.55 1239.09 1561.87 988.089 347.453
internal_count=6173 2945 2299 3228 2042 646
is_linear=0
shrinkage=0.03


Tree=9
num_leaves=5
num_cat=0
split_feature=14 11 0 7
split_gain=31.8061 30.564 19.8997 18.7471
threshold=-0.97581359744071949 -0.35683944821357721 -1.6659870147705076 0.82039603590965282
decision_type=2 2 2 2
left_child=-1 2 -2 -3
right_child=1 3 -4 -5
leaf_value=0.020372535215196042 -0.0091227505904836852 -0.00013887902607469691 -0.00092872560699505159 0.0067030007128290568
leaf_weight=45.215473383665085 493.56902921199799 1531.9979095086455 603.97182373702526 444.73614259064198
leaf_count=71 1114 2989 1163 883
internal_value=-0.000330139 -0.000783729 -0.00476462 0.00142212
internal_weight=3119.49 3074.27 1097.54 1976.73
internal_count=6220 6149 2277 3872
is_linear=0
shrinkage=0.03


Tree=10
num_leaves=7
num_cat=0
split_feature=15 18 6 16 7 6
split_gain=38.0271 22.4875 21.9675 41.8069 22.9486 10.1967
threshold=-2.0537627935409541 -0.59158858656883229 0.037825550884008415 0.73130899667739879 -0.028389801271259781 -0.089473515748977647
decision_type=2 2 2 2 2 2
left_child=1 -1 4 -4 -2 -3
right_child=2 5 3 -5 -6 -7
leaf_value=0.0036473207201793379 0.0077143360081222655 -0.0050095315104961248 -0.0050662240261589815 0.0083228363129571811 0.00033463437514562159 -0.01813261174443858
leaf_weight=82.124619647860527 644.85076265782118 132.47265292704105 886.05041507259011 251.67219204828143 929.54626838117838 146.57859291136265
leaf_count=164 1225 280 1871 515 1833 317
internal_value=-5.6373e-05 -0.00895083 0.001163 -0.00196003 0.00345374 -0.0128551
internal_weight=3073.3 361.176 2712.12 1137.72 1574.4 279.051
internal_count=6205 761 5444 2386 3058 597
is_linear=0
shrinkage=0.03


Tree=11
num_leaves=5
num_cat=0
split_feature=14 3 4 13
split_gain=26.5825 21.8968 24.79 18.0785
threshold=-0.97581359744071949 0.48397772014141088 -0.14396727830171582 -0.20671860128641126
decision_type=2 2 2 2
left_child=-1 2 -2 -3
right_child=1 3 -4 -5
leaf_value=0.019368458150695635 0.0046015879015865388 -0.016088332516538992 -0.0014950267161793667 -0.0024977341973560349
leaf_weight=42.359741002321243 913.75729797780514 107.05207428336143 1645.3905322216451 371.08361334353685
leaf_count=72 1839 237 3328 762
internal_value=-1.96924e-06 -0.000416682 0.000677341 -0.00618482
internal_weight=3079.64 3037.28 2559.15 478.136
internal_count=6238 6166 5167 999
is_linear=0
shrinkage=0.03


Tree=12
num_leaves=7
num_cat=0
split_feature=15 6 10 1 3 16
split_gain=26.2613 35.1838 22.1906 20.5467 25.8222 17.2325
threshold=-1.4172694087028501 -0.039125507697463029 1.5255525112152102 0.24629738926887515 -1.5861303210258482 -0.18914354592561719
decision_type=2 2 2 2 2 2
left_child=1 2 -1 4 -2 -3
right_child=3 5 -4 -5 -6 -7
leaf_value=-0.0022967813131548019 -0.0035549939944430394 0.0046513194064862744 0.010320824613016318 -0.0039832690343201286 0.0055328036981293766 -0.010902526929109391
leaf_weight=373.41489207744598 335.28122973442078 56.541077002882957 162.21783725917339 375.96136738359928 1286.0148975737393 473.29903772473335
leaf_count=773 653 117 307 780 2552 1044
internal_value=7.15412e-05 -0.00367134 0.00165046 0.00211459 0.00359649 -0.00902479
internal_weight=3062.73 1065.47 535.633 1997.26 1621.3 529.84
internal_count=6226 2241 1080 3985 3205 1161
is_linear=0
shrinkage=0.03


Tree=13
num_leaves=7
num_cat=0
split_feature=11 3 20 12 16 8
split_gain=23.9596 20.7356 45.6918 33.8982 19.5769 18.5842
threshold=-0.35683944821357721 -1.4634670615196226 1.0000000180025095e-35 1.4207212924957278 -0.18914354592561719 -0.074729036539793001
decision_type=2 2 2 2 2 2
left_child=4 3 -3 -2 5 -1
right_child=1 2 -4 -5 -6 -7
leaf_value=0.010016031722832417 -0.011854096094612264 0.00099917619058039679 0.014138615273676431 0.0028731409080120975 -0.0055629776116641466 -0.0081175614535751884
leaf_weight=141.61314745247364 209.51340536773205 1128.6031336784363 287.46206036955118 337.86707002297044 863.54821496829391 53.324991971254349
leaf_count=291 394 2221 577 716 1894 114
internal_value=0 0.00194725 0.00386803 -0.00287721 -0.00360844 0.0044827
internal_weight=3021.93 1963.45 1416.07 547.38 1058.49 194.938
internal_count=6207 3908 2798 1110 2299 405
is_linear=0
shrinkage=0.03


Tree=14
num_leaves=7
num_cat=0
split_feature=10 11 12 4 0 3
split_gain=27.6812 28.503 21.8822 35.0996 25.4973 13.2814
threshold=0.58616623282432567 0.41151067614555364 2.1624599695205693 -0.20034875720739362 0.067015334963798537 -1.2818809151649473
decision_type=2 2 2 2 2 2
left_child=1 5 4 -4 -2 -1
right_child=2 -3 3 -5 -6 -7
leaf_value=0 -0.0033380123200342452 -0.0090544985971713256 0.015187406118515609 -0.00067048522717922255 0.013379482437741511 0.017511362082420903
leaf_weight=43.811315447092056 2097.2324631623924 45.240396648645401 152.69855110347271 431.8550990447402 64.732940450310707 153.00659906119108
leaf_count=97 4337 94 279 940 116 309
internal_value=-0.000385358 0.00890796 -0.00128457 0.0037381 -0.00269191 0.0137679
internal_weight=2988.58 242.058 2746.52 584.554 2161.97 196.818
internal_count=6172 500 5672 1219 4453 406
is_linear=0
shrinkage=0.03


Tree=15
num_leaves=5
num_cat=0
split_feature=14 6 15 3
split_gain=17.029 17.864 27.4496 23.4948
threshold=-0.92459541559219349 -0.089473515748977647 -1.3853937983512876 -1.5406463742256162
decision_type=2 2 2 2
left_child=-1 3 -3 -2
right_child=1 2 -4 -5
leaf_value=0.014591146779252263 -0.0056052348338392734 -0.0071607211566532148 0.00064580191872844357 0.0048004918764037157
leaf_weight=52.768109411001205 221.70905788615346 592.93037272244692 1154.4112520329654 953.6080447435379
leaf_count=103 471 1346 2386 1892
internal_value=0.00025043 -8.55094e-05 -0.00202031 0.00272644
internal_weight=2975.43 2922.66 1747.34 1175.32
internal_count=6198 6095 3732 2363
is_linear=0
shrinkage=0.03


Tree=16
num_leaves=7
num_cat=0
split_feature=12 4 7 20 7 7
split_gain=14.2217 34.7874 24.2485 19.166 24.6448 15.1968
threshold=2.1624599695205693 -0.18029888719320294 -0.10996795818209647 1.0000000180025095e-35 0.4590949565172196 0.9488397240638734
decision_type=2 2 2 2 2 2
left_child=3 -2 -3 5 -5 -1
right_child=1 2 -4 4 -6 -7
leaf_value=-0.0037962519865576754 0.014610492889437955 0.0087400574649739316 -0.0057531542796953735 0.00840581073989073 -0.0045178663900303367 0.0029857984639994899
leaf_weight=1432.4584078192711 177.49143588542938 139.90425503253937 274.13886356726289 357.08870708942413 182.66580668836832 347.95969236642122
leaf_count=3046 346 283 645 707 392 738
internal_value=0.000146559 0.00423654 -0.000540623 -0.000897851 0.00391979 -0.00241902
internal_weight=2911.71 591.535 414.043 2320.17 539.755 1780.42
internal_count=6157 1274 928 4883 1099 3784
is_linear=0
shrinkage=0.03


Tree=17
num_leaves=7
num_cat=0
split_feature=11 13 3 16 16 5
split_gain=24.8551 24.9694 17.5332 10.9905 12.7906 9.84201
threshold=-0.32158617675304407 1.2090193629264834 -1.5406463742256162 -0.18914354592561719 0.44428975880146032 -0.29382073879241938
decision_type=2 2 2 2 2 2
left_child=3 2 -2 5 -5 -1
right_child=1 -3 -4 4 -6 -7
leaf_value=0.008804926170147687 -0.0022615220129797533 -0.013218786203240877 0.0045890990428822725 -0.0093267485431462079 -0.001767545043374115 -0.0030634058875713905
leaf_weight=92.146071329712868 421.44887910038233 70.29769940674305 1325.6858208402991 357.84536426514387 510.69549026340246 117.1048416569829
leaf_count=185 917 159 2687 814 1174 246
internal_value=-1.06865e-05 0.00210267 0.00289573 -0.00360238 -0.00508935 0.00221343
internal_weight=2895.22 1817.43 1747.13 1077.79 868.541 209.251
internal_count=6182 3763 3604 2419 1988 431
is_linear=0
shrinkage=0.03


Tree=18
num_leaves=6
num_cat=0
split_feature=10 6 5 0 6
split_gain=19.7479 20.3487 20.2236 30.1397 27.8342
threshold=0.37431719899177557 -0.11692437529563902 0.25831219553947454 -1.3400088548660276 -0.34201706945896143
decision_type=2 2 2 2 2
left_child=1 -1 4 -4 -2
right_child=2 -3 3 -5 -6
leaf_value=-0.0034884640549978992 0.007067894199768587 0.019889516157301897 -0.00040381261662961827 0.011237440240095219 -0.0029653291762959041
leaf_weight=38.350199267268181 268.7958100065589 72.479762479662895 500.76248433440924 302.07262021303177 1710.7121381536126
leaf_count=81 535 136 1119 609 3720
internal_value=0.0006501 0.0120448 9.20759e-05 0.00407005 -0.00151585
internal_weight=2893.17 110.83 2782.34 802.835 1979.51
internal_count=6200 217 5983 1728 4255
is_linear=0
shrinkage=0.03


Tree=19
num_leaves=7
num_cat=0
split_feature=15 18 12 10 10 6
split_gain=19.9861 19.4479 18.8877 29.344 25.3977 9.90339
threshold=-2.0537627935409541 -0.59158858656883229 0.67363759875297557 1.0476729869842532 0.66907253861427318 -0.20516119152307508
decision_type=2 2 2 2 2 2
left_child=1 -1 4 -4 -2 -3
right_child=2 5 3 -5 -6 -7
leaf_value=0.0054797836970221191 0.0081582700174065628 -0.00059898306957696722 -0.0040573558476772915 0.0059343595537088966 -0.0035698588107156101 -0.014482501502753757
leaf_weight=68.834724955260754 174.86129266023636 75.814209386706352 334.99631439894438 991.22572308033705 1060.6548092514277 169.61926860362291
leaf_count=146 359 166 782 2084 2246 425
internal_value=-8.34969e-06 -0.00693083 0.000864757 0.00334316 -0.00175868 -0.0107882
internal_weight=2876.01 314.268 2561.74 1326.22 1235.52 245.433
internal_count=6208 737 5471 2866 2605 591
is_linear=0
shrinkage=0.03


Tree=20
num_leaves=5
num_cat=0
split_feature=9 4 7 12
split_gain=16.7065 22.8462 30.7888 28.6041
threshold=-0.54331052303314198 -0.14884815365076062 -0.11924421787261962 2.3917950391769414
decision_type=2 2 2 2
left_child=-1 3 -3 -2
right_child=1 2 -4 -5
leaf_value=-0.013636398822272711 0.0017809953277547589 0.0031119428678048526 -0.0045676791371232085 0.015407633809515701
leaf_weight=55.947979025542736 748.44328445196152 798.53070981055498 1071.8034310340881 156.57127712666988
leaf_count=128 1654 1650 2399 332
internal_value=0.000215234 0.000611499 -0.00125892 0.00448549
internal_weight=2831.3 2775.35 1870.33 905.015
internal_count=6163 6035 4049 1986
is_linear=0
shrinkage=0.03


Tree=21
num_leaves=7
num_cat=0
split_feature=14 14 4 11 23 16
split_gain=16.1266 28.4243 37.6089 27.3376 24.773 23.4773
threshold=0.078111339360475554 -0.30906015634536738 -0.2089397460222244 -0.25900028645992274 1.0000000180025095e-35 0.75547295808792125
decision_type=2 2 2 2 2 2
left_child=1 2 -1 -3 -2 -6
right_child=4 3 -4 -5 5 -7
leaf_value=0.0145822189654511 -0.00020830269895870683 -0.00058668766856971133 -0.0066546998208189692 0.011227134743845062 -0.014820528558716009 0.0019047730176643841
leaf_weight=70.471536755561829 1357.0749388113618 283.03447045385838 406.89657760411501 403.27429443597794 207.33847546577454 98.085170730948448
leaf_count=133 3251 572 806 749 488 194
internal_value=-0.000132958 0.00252837 -0.00293865 0.0063915 -0.00203935 -0.00947796
internal_weight=2826.18 1163.68 477.368 686.309 1662.5 305.424
internal_count=6193 2260 939 1321 3933 682
is_linear=0
shrinkage=0.03


Tree=22
num_leaves=7
num_cat=0
split_feature=0 17 12 4 11 20
split_gain=20.1705 40.681 28.5974 25.879 22.3417 18.1355
threshold=-1.5507343411445615 1.6946026682853701 2.3917950391769414 0.14832294732332232 -0.38087381422519678 1.0000000180025095e-35
decision_type=2 2 2 2 2 2
left_child=2 5 4 -3 -1 -2
right_child=1 3 -4 -5 -6 -7
leaf_value=-0.009191300016727905 -0.0016338334373603423 0.018343056153302648 0.0075156942817803133 -0.00037362686019447409 -0.00069207670667466152 0.0078432386388321475
leaf_weight=454.89627495408058 928.68161756172776 190.79056674987078 204.0233726426959 86.957769930362701 722.76840215176344 204.48050940781832
leaf_count=1130 1960 400 483 169 1601 445
internal_value=0.000256692 0.00277952 -0.00227959 0.0126502 -0.00412383 0.000130655
internal_weight=2792.6 1410.91 1381.69 277.748 1177.66 1133.16
internal_count=6188 2974 3214 569 2731 2405
is_linear=0
shrinkage=0.03


Tree=23
num_leaves=7
num_cat=0
split_feature=8 11 9 10 6 17
split_gain=15.2542 14.9304 31.0882 29.1093 8.13124 2.22475
threshold=0.55503523349761974 0.41915924847126013 0.056647386401891715 0.58616623282432567 -0.17301133275032041 1.8271723985671999
decision_type=2 2 2 2 2 2
left_child=1 3 -3 -1 -2 -6
right_child=4 2 -4 -5 5 -7
leaf_value=0.010011535684024943 0.0017770714428707566 -0.00026842041041962608 0.013421225928260429 -0.0020490398310017699 -0.013799591291183385 -0.0015773170828598691
leaf_weight=179.22305206954479 39.572311758995056 418.33022452145815 204.68749789893627 1794.3002969920635 97.174928143620491 34.936160624027252
leaf_count=392 95 910 423 4080 219 84
internal_value=-0.000151664 0.000426089 0.00441345 -0.000834224 -0.00833538 -0.0115943
internal_weight=2768.22 2596.54 623.018 1973.52 171.683 132.111
internal_count=6203 5805 1333 4472 398 303
is_linear=0
shrinkage=0.03


Tree=24
num_leaves=7
num_cat=0
split_feature=2 11 14 0 3 3
split_gain=13.8289 19.9836 23.5722 16.6548 14.2977 12.6848
threshold=0.018113458529114727 0.26848796010017401 1.181440591812134 -1.7780448794364927 -1.5406463742256162 -0.1644756346940994
decision_type=2 2 2 2 2 2
left_child=4 3 -3 -2 -1 -6
right_child=1 2 -4 -5 5 -7
leaf_value=-0.0040733672395037463 -0.01046012474910479 0.0089764522119119873 -0.0056828100915830354 -0.0016517654290332216 0.0055295761105699174 -0.00053339165712550682
leaf_weight=292.13228633254766 314.4467893615365 220.15149353444576 145.2349368929863 528.12550704181194 732.04132109880447 494.99864504486322
leaf_count=683 791 443 361 1189 1578 1110
internal_value=-0.000252873 -0.00264424 0.00300143 -0.00517491 0.00161928 0.00306628
internal_weight=2727.13 1207.96 365.386 842.572 1519.17 1227.04
internal_count=6155 2784 804 1980 3371 2688
is_linear=0
shrinkage=0.03


Tree=25
num_leaves=7
num_cat=0
split_feature=0 12 17 11 14 4
split_gain=19.9895 38.6188 24.5316 19.6634 18.5847 16.6362
threshold=-1.5507343411445615 2.3917950391769414 1.5689470171928408 -0.32158617675304407 0.046732814982533462 0.035343989729881294
decision_type=2 2 2 2 2 2
left_child=1 3 4 -1 -2 -3
right_child=2 5 -4 -5 -6 -7
leaf_value=-0.0098247833093279453 0.0047817430451976058 0.013266648619828731 0.0094700625658700483 -0.0016426824076164685 -0.0031883327002141821 -0.004264445601351253
leaf_weight=451.97051525861025 421.61538457125425 149.95132556557655 304.02298417687416 673.82044346630573 632.07568860799074 50.810846917331219
leaf_count=1194 817 352 641 1526 1468 125
internal_value=-0.000267298 -0.00288442 0.00225096 -0.00509407 0 0.00857355
internal_weight=2684.27 1326.55 1357.71 1125.79 1053.69 200.762
internal_count=6123 3197 2926 2720 2285 477
is_linear=0
shrinkage=0.03


Tree=26
num_leaves=7
num_cat=0
split_feature=20 1 5 3 11 13
split_gain=13.909 19.8963 21.0215 14.3678 18.0397 17.2288
threshold=1.0000000180025095e-35 0.19219981878995898 0.22716186940670016 -1.5573368072509763 -0.67205148935317982 0.47771079838275915
decision_type=2 2 2 2 2 2
left_child=1 2 -1 5 -5 -2
right_child=3 -3 -4 4 -6 -7
leaf_value=-0.0020282470001460771 0.0047905417893936734 -0.0065541905257958241 0.005201776798127394 -0.0024445019624523934 0.0098206039618958085 -0.011536919945381426
leaf_weight=1047.5513298586011 102.51086322963238 461.05828285589814 525.61311458796263 132.28430381417274 353.86907983571291 88.324991419911385
leaf_count=2426 254 1110 1181 276 777 255
internal_value=1.3353e-05 -0.00120729 0.000384706 0.00369664 0.00639996 -0.0028593
internal_weight=2711.21 2034.22 1573.16 676.989 486.153 190.836
internal_count=6279 4717 3607 1562 1053 509
is_linear=0
shrinkage=0.03


Tree=27
num_leaves=7
num_cat=0
split_feature=4 7 4 2 7 4
split_gain=16.6381 25.8422 24.6459 20.6161 14.8594 13.8848
threshold=-0.14396727830171582 0.37474882602691656 0.71058160066604625 0.081173725426197066 0.85812348127365123 0.92221692204475414
decision_type=2 2 2 2 2 2
left_child=3 2 -2 -1 -5 -3
right_child=1 5 -4 4 -6 -7
leaf_value=0.0058174016807158811 0.0028127883258855998 -0.007542676512813859 -0.01036470265921317 -0.0078641716457192225 0.0071227164771533796 0.0071376158141364518
leaf_weight=660.21766451001167 923.52523505687714 646.91467612236738 126.9591129720211 196.18432169407606 60.767467208206654 43.722273737192154
leaf_count=1557 2069 1583 250 486 147 100
internal_value=-0.000183877 -0.00192193 0.00100025 0.00302216 -0.00384481 -0.00635415
internal_weight=2658.29 1741.12 1050.48 917.169 256.952 690.637
internal_count=6192 4002 2319 2190 633 1683
is_linear=0
shrinkage=0.03


Tree=28
num_leaves=5
num_cat=0
split_feature=14 14 14 16
split_gain=16.9117 22.9518 14.668 6.70917
threshold=-0.92459541559219349 -0.6287521719932555 0.046732814982533462 0.46312730014324194
decision_type=2 2 2 2
left_child=-1 3 -3 -2
right_child=1 2 -4 -5
leaf_value=0.014573969452799837 -0.018685159617022575 0.0031648651722806804 -0.0016130532626622124 -0.0035058326320755459
leaf_weight=47.703287377953529 55.72708860039711 879.21960847824812 1596.8674263656139 76.677624806761742
leaf_count=102 119 1844 3955 149
internal_value=-0.000197813 -0.000599619 7.12377e-05 -0.0119019
internal_weight=2656.2 2608.49 2476.09 132.405
internal_count=6169 6067 5799 268
is_linear=0
shrinkage=0.03


Tree=29
num_leaves=7
num_cat=0
split_feature=6 7 15 15 18 8
split_gain=14.8904 29.1874 27.4099 20.8008 15.1914 14.0954
threshold=-0.034330569207668298 0.59317788481712352 -1.345472991466522 -0.4682787805795669 -0.59158858656883229 -0.3011117130517959
decision_type=2 2 2 2 2 2
left_child=1 3 -2 -1 -3 -4
right_child=2 4 5 -5 -6 -7
leaf_value=0.0093491573583134244 -0.0068272013380735082 0.0062963525862277303 0.0046693418176122119 -0.00077366742083131523 -0.0060390005428867469 -0.0032371761602412855
leaf_weight=624.98467081785202 463.73463389649987 99.459903068840504 585.99041117727757 236.15479784458876 324.07686827331781 279.29056150466204
leaf_count=1364 1195 245 1374 547 755 649
internal_value=0.00111795 0.00340787 -0.0010688 0.00655048 -0.0028537 0.00203407
internal_weight=2613.69 1284.68 1329.02 861.139 423.537 865.281
internal_count=6129 2911 3218 1911 1000 2023
is_linear=0
shrinkage=0.03


Tree=30
num_leaves=7
num_cat=0
split_feature=1 6 1 9 5 16
split_gain=15.271 12.4311 13.5695 12.0572 12.8533 7.55776
threshold=0.2198804169893265 0.2934549897909165 0.41885827481746679 -0.54331052303314198 0.22461993247270587 -0.31955388188362116
decision_type=2 2 2 2 2 2
left_child=3 5 -3 -1 -5 -2
right_child=1 2 -4 4 -6 -7
leaf_value=-0.012006329002034124 0.0022004157177316617 0.0094717892667610225 -0.0046010261727225813 -9.7216271304786714e-05 0.0049318367441847635 -0.0096816421466258493
leaf_weight=40.467348113656044 40.129695132374763 82.242811016738415 132.28869707137346 1374.8417382575572 648.66602852195501 286.08579666167498
leaf_count=100 91 206 319 3181 1538 700
internal_value=-4.84643e-05 -0.00446434 0.000885758 0.00111141 0.00151805 -0.00800398
internal_weight=2604.72 540.747 214.532 2063.98 2023.51 326.215
internal_count=6135 1316 525 4819 4719 791
is_linear=0
shrinkage=0.03


Tree=31
num_leaves=6
num_cat=0
split_feature=13 8 10 7 13
split_gain=17.9819 19.7761 20.0503 11.3783 11.0819
threshold=1.1917774081230166 0.40503495931625372 0.40392677485942846 -0.063647350296378122 -0.019137660972774025
decision_type=2 2 2 2 2
left_child=1 2 -1 -2 -3
right_child=3 4 -4 -5 -6
leaf_value=0.013245486065154867 0 -0.01513729012377636 0.00057061853338961877 -0.017620255719929777 -0.0013506971616413538
leaf_weight=99.541603781282902 44.890851743519306 85.694238238036633 2201.781770709902 64.069737762212753 134.74854199588299
leaf_count=220 107 228 5182 170 299
internal_value=-0.000146357 0.000386437 0.0012541 -0.0110901 -0.00777292
internal_weight=2630.73 2521.77 2301.32 108.961 220.443
internal_count=6206 5929 5402 277 527
is_linear=0
shrinkage=0.03


Tree=32
num_leaves=6
num_cat=0
split_feature=0 3 13 8 2
split_gain=10.5203 11.6802 14.0707 13.1704 4.40133
threshold=0.067015334963798537 0.48397772014141088 -0.78249362111091603 -0.14795461297035215 0.10589841380715372
decision_type=2 2 2 2 2
left_child=1 2 -1 -3 -2
right_child=4 3 -4 -5 -6
leaf_value=0.0083710513207078951 0.00086468390568006999 -0.00093193499996148442 0.00015238590209870137 -0.013409154528373544 0.015533450666017764
leaf_weight=189.80654243379831 44.531920835375786 291.00196093320847 1935.3270014375448 91.393568314611912 38.017751730978489
leaf_count=481 85 719 4535 235 78
internal_value=0.000493377 8.33772e-05 0.00098561 -0.00458138 0.0099173
internal_weight=2590.08 2507.53 2125.13 382.396 82.5497
internal_count=6133 5970 5016 954 163
is_linear=0
shrinkage=0.03


Tree=33
num_leaves=7
num_cat=0
split_feature=0 17 12 17 15 8
split_gain=15.0779 26.9707 21.5983 16.6301 15.6736 15.0248
threshold=-1.5507343411445615 1.5689470171928408 2.3917950391769414 1.2049359679222109 -1.0781149864196775 0.023421892896294597
decision_type=2 2 2 2 2 2
left_child=2 3 4 -2 -1 -3
right_child=1 5 -4 -5 -6 -7
leaf_value=-0.0084033021424801818 0.00074164157727214699 0.012401879142100433 0.0056932142654600353 -0.0096484240473243693 -0.0010805827545535742 -0.0031530965731437753
leaf_weight=519.88290227949619 880.01618645340204 235.26755852997303 191.4329276829958 142.78145606815815 568.41630862653255 55.324818402528763
leaf_count=1350 1994 514 469 343 1378 135
internal_value=-0.000743824 0.00147383 -0.00305363 -0.000808493 -0.00472132 0.0092349
internal_weight=2593.12 1313.39 1279.73 1022.8 1088.3 290.592
internal_count=6183 2986 3197 2337 2728 649
is_linear=0
shrinkage=0.03


Tree=34
num_leaves=7
num_cat=0
split_feature=15 1 9 0 10 4
split_gain=17.667 17.5419 13.6821 12.0158 11.9007 9.34817
threshold=-2.0537627935409541 0.37418296933174139 -0.10602739453315733 -1.4768157005310056 1.0032236576080324 -0.0041043960954993955
decision_type=2 2 2 2 2 2
left_child=2 3 -1 -2 -4 -3
right_child=1 5 4 -5 -6 -7
leaf_value=-0.013217175724975732 0.00024154380460805329 -0.013285301466047048 0.010487639993852669 0.0048714898484774494 -0.0049254587408597708 -0.00063978403450276914
leaf_weight=115.83932438492775 1113.7741161137819 77.830771595239639 43.311030514538288 951.98870275914669 134.75423018634319 142.2964948490262
leaf_count=315 2699 205 120 2168 336 347
internal_value=0.000612232 0.00153752 -0.00603261 0.00243023 -0.00019313 -0.00609488
internal_weight=2579.79 2285.89 293.905 2065.76 178.065 220.127
internal_count=6190 5419 771 4867 456 552
is_linear=0
shrinkage=0.03


Tree=35
num_leaves=7
num_cat=0
split_feature=4 7 3 4 4 1
split_gain=15.9455 23.457 19.1959 18.8015 16.6434 15.1981
threshold=-0.14247897267341611 0.37474882602691656 1.285621762275696 0.79398968815803539 0.61357039213180553 0.3237923532724381
decision_type=2 2 2 2 2 2
left_child=2 3 5 -2 -3 -1
right_child=1 4 -4 -5 -6 -7
leaf_value=0.0058202317746219607 0.0027524832537047937 -0.0079178730188072186 -0.013453658462138293 -0.010354581591408221 0.0037738928647036035 -0.007313956089684953
leaf_weight=803.54839462414384 959.48034558445215 538.79271118715405 35.738573729991913 88.569734752178192 115.88418394327164 66.818818356841803
leaf_count=1944 2186 1403 97 186 255 171
internal_value=0.000360821 -0.00132338 0.00355075 0.00141549 -0.00570886 0.00460288
internal_weight=2608.83 1702.73 906.106 1048.05 654.677 870.367
internal_count=6242 4030 2212 2372 1658 2115
is_linear=0
shrinkage=0.03


Tree=36
num_leaves=5
num_cat=0
split_feature=0 1 7 17
split_gain=11.707 12.2779 11.3576 3.15734
threshold=0.067015334963798537 0.7973773479461671 1.2897402048110964 0.51333147287368786
decision_type=2 2 2 2
left_child=1 2 -1 -2
right_child=3 -3 -4 -5
leaf_value=0.00098846700676854756 0.0012923682035619723 -0.013673379569900126 -0.0056834309233029547 0.015124085856500175
leaf_weight=2227.1726830340922 39.357362806797028 38.009011588990688 234.8197670802474 39.59490105509758
leaf_count=5392 85 100 579 79
internal_value=0.000368555 -8.00544e-06 0.000287271 0.0104902
internal_weight=2578.95 2500 2461.99 78.9523
internal_count=6235 6071 5971 164
is_linear=0
shrinkage=0.03


Tree=37
num_leaves=7
num_cat=0
split_feature=8 13 14 10 16 17
split_gain=15.6178 13.2536 16.216 15.925 9.04289 7.53988
threshold=0.40503495931625372 1.0948886871337893 0.046732814982533462 1.8596103787422182 0.67307534813880932 1.9227823019027712
decision_type=2 2 2 2 2 2
left_child=1 2 -1 -3 5 -2
right_child=4 3 -4 -5 -6 -7
leaf_value=0.0047567796008313569 -0.014058264405357788 -0.010590834662690845 -0.00050882712078477183 0.0084196065135462815 0.0016018348544828123 0.00023181807095979697
leaf_weight=820.13008208572865 118.3489534445107 151.74357967823744 1355.3168370723724 31.768633492290974 56.053795866668224 32.253681033849716
leaf_count=1784 300 393 3426 82 143 83
internal_value=3.96314e-05 0.000779113 0.00147419 -0.00650102 -0.00746066 -0.0109777
internal_weight=2565.62 2358.96 2175.45 183.512 206.656 150.603
internal_count=6211 5685 5210 475 526 383
is_linear=0
shrinkage=0.03


Tree=38
num_leaves=7
num_cat=0
split_feature=1 10 19 17 6 17
split_gain=8.75699 9.50489 19.2333 13.6885 6.58265 4.20579
threshold=0.41885827481746679 1.4828501939773562 1.0528878569602969 -1.0549560785293577 0.087800811976194396 1.4554547667503359
decision_type=2 2 2 2 2 2
left_child=1 2 -1 -3 -2 -6
right_child=4 3 -4 -5 5 -7
leaf_value=0.0023884272568207745 0.0039206092440550646 -0.0047522345934886594 -0.0045271386572527071 0.0044600115562622011 -0.010852076953597101 0
leaf_weight=706.22390114888549 31.909371327608824 153.6288897395134 693.1417451351881 792.31002289801836 117.04019435495138 51.15384729206562
leaf_count=1692 82 353 1800 1845 303 125
internal_value=0 0.000525864 -0.00101028 0.00283433 -0.00573023 -0.00810206
internal_weight=2545.41 2345.3 1399.37 945.939 200.103 168.194
internal_count=6200 5690 3492 2198 510 428
is_linear=0
shrinkage=0.03


Tree=39
num_leaves=7
num_cat=0
split_feature=13 5 16 8 7 10
split_gain=10.7408 12.4515 19.6322 16.4359 9.84373 5.05603
threshold=1.168628513813019 0.58852687478065502 0.49366807937622076 -0.28446218371391291 -0.10996795818209647 1.7079302072525027
decision_type=2 2 2 2 2 2
left_child=1 3 -3 -1 -2 -6
right_child=4 2 -4 -5 5 -7
leaf_value=0.0018686387770475703 0.0016132069076003686 -0.0048486661310527751 0.017520563292684973 -0.0036231732357427807 -0.018359038489298877 -0.00061470937285514071
leaf_weight=1610.4072306528687 48.689722754061222 39.837122082710266 73.550495147705078 679.85460041090846 44.38726344704628 29.962057657539845
leaf_count=3877 123 98 161 1696 123 85
internal_value=0.000250476 0.00074263 0.00966302 0.000195193 -0.00770412 -0.0134903
internal_weight=2526.69 2403.65 113.388 2290.26 123.039 74.3493
internal_count=6163 5832 259 5573 331 208
is_linear=0
shrinkage=0.03


Tree=40
num_leaves=7
num_cat=0
split_feature=3 4 10 11 4 16
split_gain=12.7102 19.1537 20.2199 15.9054 18.4673 11.7126
threshold=-1.5968546867370603 -0.24527956545352933 0.87710604071617138 -0.10146359354257582 -0.39726319909095759 -0.80279386043548573
decision_type=2 2 2 2 2 2
left_child=1 -1 -3 5 -5 -2
right_child=3 2 -4 4 -6 -7
leaf_value=-0.016589590036508308 0.0085058973342677108 -0.015821462756060563 0.0022579971170668478 0.017790043612169699 0.0026063719519400044 -0.002041454713649242
leaf_weight=73.235807970166206 82.302179083228111 47.639826752245426 285.43762326985598 62.376149490475655 884.0051851645112 1102.3984883837402
leaf_count=181 189 137 718 129 2061 2764
internal_value=0.000185058 -0.00452068 -0.000907687 0.00114384 0.00401668 -0.00112987
internal_weight=2537.4 406.313 333.077 2131.08 946.381 1184.7
internal_count=6179 1036 855 5143 2190 2953
is_linear=0
shrinkage=0.03


Tree=41
num_leaves=7
num_cat=0
split_feature=0 17 11 5 0 11
split_gain=13.594 22.4875 15.1309 13.736 12.6211 11.7792
threshold=-1.5507343411445615 1.5689470171928408 0.14027099311351779 0.23297718912363055 -1.8076238632202146 -0.51067018508911122
decision_type=2 2 2 2 2 2
left_child=2 3 -1 -2 -4 -3
right_child=1 5 4 -5 -6 -7
leaf_value=-0.0045008664123830098 -0.0022193978926762872 0 0.0052979556529724713 0.0053399907811057593 -0.005900203433295427 0.013503003646112892
leaf_weight=836.25502814352512 705.18512084335089 89.696404881775379 317.56023199111223 288.26620494201779 101.27505531907082 182.9768343269825
leaf_count=2213 1672 204 776 685 246 414
internal_value=0 0.0021901 -0.00218107 0 0.002308 0.00949891
internal_weight=2521.21 1266.12 1255.09 993.451 418.835 272.673
internal_count=6210 2975 3235 2357 1022 618
is_linear=0
shrinkage=0.03


Tree=42
num_leaves=7
num_cat=0
split_feature=2 0 15 6 4 15
split_gain=14.772 18.0392 13.8372 12.4244 11.6342 7.55209
threshold=0.15085061639547351 1.0000000180025095e-35 -2.0537627935409541 0.24437753856182101 -0.15305887162685392 -2.3456765413284297
decision_type=2 2 2 2 2 2
left_child=2 3 5 -2 -4 -1
right_child=1 -3 4 -5 -6 -7
leaf_value=0.0036842396509988995 -0.0091767999116507976 0.012672058440072688 0.0053474898379552698 -0.00072891215749050476 9.1536737808018127e-06 -0.0086207770497449699
leaf_weight=38.953006975352764 339.66087244078517 33.41987432539463 580.26213160529733 313.85781442373991 1006.1717694923282 165.04986168444157
leaf_count=109 879 75 1415 803 2415 459
internal_value=-0.000362675 -0.00405544 0.00105014 -0.00535084 0.00204135 -0.0058842
internal_weight=2477.38 686.939 1790.44 653.519 1586.43 204.003
internal_count=6155 1757 4398 1682 3830 568
is_linear=0
shrinkage=0.03


Tree=43
num_leaves=7
num_cat=0
split_feature=6 15 6 8 7 18
split_gain=16.521 18.4084 16.2805 16.1717 15.3965 19.9243
threshold=-0.034330569207668298 -1.345472991466522 0.30090558528900152 -0.19991372525691983 0.59317788481712352 -0.59158858656883229
decision_type=2 2 2 2 2 2
left_child=4 2 -2 -3 -1 -6
right_child=1 3 -4 -5 5 -7
leaf_value=0.0048857331418212741 -0.010747406158677102 0.0029572916099345017 0.0014622306970618177 -0.0060197562871965576 0.0083060685508154399 -0.0061550526981571548
leaf_weight=825.5409598313272 304.59539294615388 599.11353604495525 123.14252482354641 234.10697821527719 96.878854781389236 290.97316133975983
leaf_count=1961 858 1469 330 572 239 733
internal_value=8.41185e-05 -0.00227799 -0.00719003 0.000282737 0.00258461 -0.00216562
internal_weight=2474.35 1260.96 427.738 833.221 1213.39 387.852
internal_count=6162 3229 1188 2041 2933 972
is_linear=0
shrinkage=0.03


Tree=44
num_leaves=7
num_cat=0
split_feature=8 13 13 5 5 16
split_gain=18.6009 11.7742 13.9077 9.85987 9.42639 4.93574
threshold=0.55503523349761974 -0.88207003474235524 -0.20671860128641126 0.25325010716915136 0.03607397340238095 0.35982871055603033
decision_type=2 2 2 2 2 2
left_child=1 3 -3 -1 5 -2
right_child=4 2 -4 -5 -6 -7
leaf_value=0.0022097023674727792 -0.020808672281694057 -0.006434408568760523 0.00069632382051075157 0.01763131404825103 -0.00025544958116190933 -0.0018844886927410548
leaf_weight=145.51321645081043 47.388248540461063 262.20101740211248 1878.469763956964 41.152273014187813 66.07057598233223 29.807025995105505
leaf_count=365 132 680 4666 107 161 83
internal_value=-0.000228067 0.00043031 -0.000200793 0.00727712 -0.0100334 -0.0160103
internal_weight=2470.6 2327.34 2140.67 186.665 143.266 77.1953
internal_count=6194 5818 5346 472 376 215
is_linear=0
shrinkage=0.03


Tree=45
num_leaves=7
num_cat=0
split_feature=4 4 18 15 19 13
split_gain=11.4376 21.3557 18.8412 18.3073 15.5397 13.6488
threshold=-0.14396727830171582 -0.083943169564008699 -0.31744475662708277 -1.3203363418579099 0.95882099866867077 -0.57713833451271046
decision_type=2 2 2 2 2 2
left_child=2 5 4 -4 -1 -2
right_child=1 -3 3 -5 -6 -7
leaf_value=-0.003165019115405193 0.0059172812057006752 0.00043435169320399987 -0.006447155253912637 0.0042425551605475486 0.012115010458396131 -0.010937193028720612
leaf_weight=60.915861032903194 33.653896011412144 1362.9954428374767 227.76274858787656 323.8439464867115 243.52319727092981 242.3795413300395
leaf_count=157 105 3269 631 806 587 678
internal_value=0.000336528 -0.00110396 0.00312529 -0.000137486 0.00886603 -0.00841868
internal_weight=2495.07 1639.03 856.046 551.607 304.439 276.033
internal_count=6233 4052 2181 1437 744 783
is_linear=0
shrinkage=0.03


Tree=46
num_leaves=5
num_cat=0
split_feature=14 14 11 5
split_gain=10.7372 20.2112 11.4437 4.64151
threshold=-0.92459541559219349 -0.6287521719932555 0.41915924847126013 0.028913062997162346
decision_type=2 2 2 2
left_child=-1 3 -3 -2
right_child=1 2 -4 -5
leaf_value=0.011719963765659565 -0.015216125501738568 -0.0010499594228306687 0.0037856208090488348 -0.00093863245603849311
leaf_weight=46.206363141536713 78.945343010127544 1737.828261397779 566.42508391290903 41.292631551623344
leaf_count=107 189 4453 1362 91
internal_value=-0.000165747 -0.000510847 0.000135241 -0.0115739
internal_weight=2470.7 2424.49 2304.25 120.238
internal_count=6202 6095 5815 280
is_linear=0
shrinkage=0.03


Tree=47
num_leaves=7
num_cat=0
split_feature=7 16 16 13 23 10
split_gain=11.9735 23.4862 26.1883 13.1554 11.7147 9.24241
threshold=-0.43604744970798487 0.83035174012184154 -0.18914354592561719 -0.88207003474235524 1.0000000180025095e-35 1.1202635765075686
decision_type=2 2 2 2 2 2
left_child=1 2 -1 5 -5 -2
right_child=3 -3 -4 4 -6 -7
leaf_value=0.01331846508871044 -0.00043059894604852627 0.01881534796145673 -0.0014968283576843313 -0.00046172637592878797 -0.0062445392113734469 0.013384423465229743
leaf_weight=111.91809102147818 67.806660152971745 58.844590306282043 541.61320549249649 1166.1430140770972 428.2706266194582 68.573748610913754
leaf_count=256 183 140 1298 3069 1042 181
internal_value=3.27133e-05 0.00327673 0.00127137 -0.0012904 -0.00211031 0.00695547
internal_weight=2443.17 712.376 653.531 1730.79 1594.41 136.38
internal_count=6169 1694 1554 4475 4111 364
is_linear=0
shrinkage=0.03


Tree=48
num_leaves=7
num_cat=0
split_feature=10 14 14 10 12 17
split_gain=14.7888 19.2185 11.9019 11.5756 24.3528 10.4652
threshold=0.59635630249977123 -0.19114350527524945 -0.46242132782936091 1.1131074428558352 2.2998045682907109 0.027300927788019184
decision_type=2 2 2 2 2 2
left_child=1 2 -1 5 -5 -2
right_child=3 -3 -4 4 -6 -7
leaf_value=0.0052936025534481099 0.0024795539898214212 0.01606551698010077 -0.011606653815750963 -0.0013135598652498619 0.0079932544066050951 -0.0065435536285371144
leaf_weight=79.862326480448246 129.59205853193998 91.457114465534687 39.267671227455139 1343.9980832152069 289.90614070370793 458.57687640935183
leaf_count=186 323 241 103 3310 725 1256
internal_value=-0.000132044 0.00707476 -0.00071349 -0.000898814 0.000378175 -0.00444066
internal_weight=2432.66 210.587 119.13 2222.07 1633.9 588.169
internal_count=6144 530 289 5614 4035 1579
is_linear=0
shrinkage=0.03


Tree=49
num_leaves=7
num_cat=0
split_feature=8 18 15 18 18 5
split_gain=9.74125 9.52251 9.45761 17.1503 12.3372 3.34309
threshold=0.55503523349761974 0.52388599514961254 -1.4058220982551572 -1.796733498573303 -0.55722638964653004 0.25616697967052465
decision_type=2 2 2 2 2 2
left_child=2 5 4 -4 -1 -2
right_child=1 -3 3 -5 -6 -7
leaf_value=0.0034498579345557242 -0.014816662504872378 0.0037112792823938831 -0.0062695689811125511 0.0030890527528174513 -0.0045450710352904818 -0.00079644897363590817
leaf_weight=222.24450121074915 67.349247135221958 33.886080380529165 180.97021263092756 1303.8545347228646 562.61414216086268 33.018816605210304
leaf_count=565 190 103 446 3181 1542 77
internal_value=-4.92251e-05 -0.00736748 0.000418026 0.00184039 -0.00217717 -0.0116015
internal_weight=2403.94 134.254 2269.68 1484.82 784.859 100.368
internal_count=6104 370 5734 3627 2107 267
is_linear=0
shrinkage=0.03


Tree=50
num_leaves=7
num_cat=0
split_feature=7 18 7 20 13 0
split_gain=9.65999 21.4165 12.8572 19.7824 12.3245 7.93697
threshold=-1.6168353557586668 0.49117195606231695 -0.94806030392646778 1.0000000180025095e-35 0.42499072849750524 -2.5676299333572383
decision_type=2 2 2 2 2 2
left_child=1 4 3 -2 -1 -4
right_child=2 -3 5 -5 -6 -7
leaf_value=-0.0009990289239201124 0.012594808947664966 0.0057173922567351773 0.0098613235743307479 -0.0048911763196797242 -0.020937226498449882 -0.00078202979231338922
leaf_weight=55.514932990074158 150.8848585113883 64.436465747654438 44.648603305220604 69.090466670691967 62.368953622877598 1984.5473563969135
leaf_count=128 370 156 118 153 150 5106
internal_value=-0.000216543 -0.00651078 0.000320121 0.00690281 -0.0134897 -0.000424603
internal_weight=2431.49 182.32 2249.17 219.975 117.884 2029.2
internal_count=6181 434 5747 523 278 5224
is_linear=0
shrinkage=0.03


Tree=51
num_leaves=7
num_cat=0
split_feature=2 15 18 18 10 10
split_gain=13.9458 11.7389 16.9185 10.2885 9.75601 13.375
threshold=-0.024200193583965298 -0.69281852245330799 -1.1113375425338743 -0.28001897037029261 1.4786095023155215 1.9400652647018435
decision_type=2 2 2 2 2 2
left_child=4 3 -3 -2 -1 -6
right_child=1 2 -4 -5 5 -7
leaf_value=0.00027347685751576362 5.4369437746320739e-06 -0.0091192718346550759 0.0045821990923143215 -0.0068706707859918321 0.0083794401182865734 -0.0040450255878301681
leaf_weight=768.81295232847333 290.58388475328684 81.627055466175079 363.43712179362774 487.87720178812742 354.74630184099078 78.298468999564648
leaf_count=1955 747 204 904 1316 843 188
internal_value=0.000122974 -0.00208886 0.00165616 -0.00429297 0.00242112 0.00592115
internal_weight=2425.38 1223.53 445.064 778.461 1201.86 433.045
internal_count=6157 3171 1108 2063 2986 1031
is_linear=0
shrinkage=0.03


Tree=52
num_leaves=7
num_cat=0
split_feature=11 1 16 12 19 19
split_gain=11.5798 20.112 10.0298 9.18851 17.3875 8.94164
threshold=-0.39035971462726587 -0.17783213406801221 -0.18914354592561719 -0.94497802853584278 0.9630270004272462 0.82942330837249767
decision_type=2 2 2 2 2 2
left_child=1 5 -3 4 -2 -1
right_child=3 2 -4 -5 -6 -7
leaf_value=0.010183010466521815 0.0029652352453378395 0.0018705900598873966 -0.0076905571950687214 0.0021646689159337241 -0.015375149505114982 -0.00071594046692666355
leaf_weight=98.768483579158783 87.265791781246662 102.70894332975149 480.79201644659042 1458.1171536482871 61.26977851241827 130.82793245464563
leaf_count=238 217 253 1300 3625 153 370
internal_value=-5.4197e-05 -0.00295331 -0.00590195 0.00139438 -0.00517082 0.00417248
internal_weight=2419.75 813.097 583.501 1606.65 148.536 229.596
internal_count=6156 2161 1553 3995 370 608
is_linear=0
shrinkage=0.03


Tree=53
num_leaves=7
num_cat=0
split_feature=9 6 17 3 15 7
split_gain=9.75262 14.7959 14.1877 16.8488 13.1198 11.3785
threshold=-0.34037104249000544 -0.028112926520407196 0.91579237580299389 -1.0782713294029234 -0.8560197353363036 0.69012966752052318
decision_type=2 2 2 2 2 2
left_child=2 5 -1 -4 -3 -2
right_child=1 4 3 -5 -6 -7
leaf_value=-0.011329285004078194 0.0056002847624718839 -0.0039677275783484133 -0.0094633879464710701 0.011315383422849557 0.0022875765763580129 -0.0011988056310545977
leaf_weight=127.99043085426092 720.80071153119206 680.00988375768065 40.21715796738863 61.982848733663559 500.9391787648201 288.48691982403398
leaf_count=337 1758 1863 116 152 1247 720
internal_value=0.000309086 0.000965109 -0.00527125 0.00243706 -0.00127046 0.00361306
internal_weight=2420.43 2190.24 230.19 102.2 1180.95 1009.29
internal_count=6193 5588 605 268 3110 2478
is_linear=0
shrinkage=0.03


Tree=54
num_leaves=7
num_cat=0
split_feature=18 7 5 8 18 13
split_gain=13.0716 22.1409 19.9746 15.3753 16.8309 12.5286
threshold=0.63089156150817882 0.023098286241292957 0.073859762400388732 -1.6510312557220457 0.41260574758052831 0.90154540538787853
decision_type=2 2 2 2 2 2
left_child=3 -2 -3 5 -5 -1
right_child=1 2 -4 4 -6 -7
leaf_value=0.013574677827489204 0.012353265669534982 0.0066088347464423941 -0.0087542112039151812 3.3110804811333604e-05 -0.0070776837546937393 -0.0039301303484935253
leaf_weight=96.959281288087368 186.49960210174322 139.91293728351593 124.43893194571137 1507.1515727303922 348.87398570030928 36.235675849020481
leaf_count=238 479 343 353 3823 915 96
internal_value=0.000467383 0.0049768 -0.000519113 -0.000564168 -0.00133272 0.00852947
internal_weight=2440.07 450.851 264.352 1989.22 1856.03 133.195
internal_count=6247 1175 696 5072 4738 334
is_linear=0
shrinkage=0.03


Tree=55
num_leaves=4
num_cat=0
split_feature=14 14 16
split_gain=12.3002 9.38639 10.0292
threshold=-0.92459541559219349 -0.77282983064651478 0.19354768842458728
decision_type=2 2 2
left_child=-1 -2 -3
right_child=1 2 -4
leaf_value=0.013126826153515549 -0.010441240643224447 0.0031402552440401672 -0.0012746473893510493
leaf_weight=41.520108699798584 61.857602618634701 610.82258629053831 1714.3981143571436
leaf_count=104 150 1490 4470
internal_value=-8.85949e-05 -0.000450545 -7.24035e-05
internal_weight=2428.6 2387.08 2325.22
internal_count=6214 6110 5960
is_linear=0
shrinkage=0.03


Tree=56
num_leaves=7
num_cat=0
split_feature=11 7 13 7 4 4
split_gain=9.17885 10.1167 13.0306 12.4429 9.71998 7.33257
threshold=-0.2818844318389892 0.79854971170425426 0.85085612535476696 0.53568276762962352 1.0675461292266848 -0.01147243659943342
decision_type=2 2 2 2 2 2
left_child=4 3 -3 -2 5 -1
right_child=1 2 -4 -5 -6 -7
leaf_value=-2.0462915000119175e-05 0.0015324597718138202 0.0093672797133976596 -0.0028350131175820244 -0.0068821152318047215 0.0087708935156548991 -0.0054566732306552809
leaf_weight=444.70977811142802 933.28384631499648 248.14520249515772 91.307276248931885 169.35290056094527 46.761639006435871 479.60773565620184
leaf_count=1263 2321 583 255 441 106 1232
internal_value=3.4444e-05 0.00156896 0.00594302 8.70457e-05 -0.0021695 -0.00296056
internal_weight=2413.17 1442.09 339.452 1102.64 971.079 924.318
internal_count=6201 3600 838 2762 2601 2495
is_linear=0
shrinkage=0.03


Tree=57
num_leaves=7
num_cat=0
split_feature=0 17 5 12 9 16
split_gain=8.52017 21.1448 18.4748 15.4946 13.4166 11.2196
threshold=-1.4768157005310056 1.5689470171928408 0.25023418664932257 2.3917950391769414 0.21066244691610339 -0.8806345760822295
decision_type=2 2 2 2 2 2
left_child=3 2 -2 5 -5 -1
right_child=1 -3 -4 4 -6 -7
leaf_value=0.0069479417736703231 -0.0032465962223610458 0.0090713862405369227 0.0061630072788370124 0.0091039272388970683 -0.0073491926231016328 -0.0041661543337891621
leaf_weight=67.017971314489841 633.66674888134003 247.88771046698093 242.21548546105623 163.46884758025408 38.412518352270126 1021.104906026274
leaf_count=156 1570 604 594 426 94 2785
internal_value=-0.000184014 0.00168212 -0.000498007 -0.00185633 0.00532267 -0.00331444
internal_weight=2413.77 1123.77 875.882 1290 201.881 1088.12
internal_count=6229 2768 2164 3461 520 2941
is_linear=0
shrinkage=0.03


Tree=58
num_leaves=6
num_cat=0
split_feature=0 13 7 5 13
split_gain=8.50378 9.70071 13.7249 10.8362 3.48327
threshold=0.067015334963798537 1.0792763233184817 -0.10996795818209647 0.58852687478065502 0.50212591886520397
decision_type=2 2 2 2 2
left_child=1 3 -3 -1 -2
right_child=4 2 -4 -5 -6
leaf_value=0.00014122917692169977 0.00030082523333352303 0.0038609032845723684 -0.01132167388222015 0.0096714007431728446 0.014174987120453571
leaf_weight=2012.7571125365794 37.443056389689445 64.233887679874897 126.97428322583437 94.458597779273987 35.9103042781353
leaf_count=5241 85 169 364 234 78
internal_value=0.000436952 4.9725e-05 -0.00605458 0.000683551 0.00931737
internal_weight=2371.78 2298.42 191.208 2107.22 73.3534
internal_count=6171 6008 533 5475 163
is_linear=0
shrinkage=0.03


Tree=59
num_leaves=6
num_cat=0
split_feature=10 2 4 17 6
split_gain=12.0648 11.6126 12.3533 10.4181 3.78687
threshold=0.37431719899177557 -0.25362642109394068 -0.15305887162685392 1.9227823019027712 -0.068117629736661897
decision_type=2 2 2 2 2
left_child=4 2 -2 -3 -1
right_child=1 3 -4 -5 -6
leaf_value=0.00024499114184741816 0.0097087679511758326 -0.0025514263102716273 -9.7957714971800782e-05 0.003228905087180425 0.014201676620922969
leaf_weight=36.759810820221901 168.17005889862776 1542.7772536017001 268.3460227958858 316.0073369294405 48.386032365262508
leaf_count=93 431 4029 699 844 118
internal_value=0 -0.000450793 0.00380853 -0.00151288 0.00993955
internal_weight=2380.45 2295.3 436.516 1858.78 85.1458
internal_count=6214 6003 1130 4873 211
is_linear=0
shrinkage=0.03


Tree=60
num_leaves=7
num_cat=0
split_feature=17 16 0 13 9 11
split_gain=9.42651 17.2787 13.8386 13.4448 15.0245 12.7346
threshold=1.9227823019027712 -0.47435458004474634 -1.5108044743537901 -0.88207003474235524 -0.27624648809432978 -0.67205148935317982
decision_type=2 2 2 2 2 2
left_child=3 -2 -3 5 -5 -1
right_child=1 2 -4 4 -6 -7
leaf_value=-0.0049869633308691728 -0.0090144496184046026 0.00024036189596343099 0.012676259224480006 -0.0084572809426703994 -0.0007884232660500686 0.01112450213158906
leaf_weight=44.335027381777763 56.627565488219261 171.86555237323046 152.229890845716 256.1963348351419 1564.8196369148791 122.048952691257
leaf_count=116 125 519 378 681 4021 334
internal_value=-0.000329714 0.00383954 0.00665324 -0.0011886 -0.00198009 0.00643504
internal_weight=2368.12 380.723 324.095 1987.4 1821.02 166.384
internal_count=6174 1022 897 5152 4702 450
is_linear=0
shrinkage=0.03


Tree=61
num_leaves=5
num_cat=0
split_feature=0 6 18 10
split_gain=11.7858 10.8767 8.48371 8.44452
threshold=0.067015334963798537 0.86876168847084057 0.17565663158893588 1.7719711065292361
decision_type=2 2 2 2
left_child=1 3 -2 -1
right_child=2 -3 -4 -5
leaf_value=0.00066282411013812725 0 -0.014351349786217351 0.017051109594038386 -0.0038271104597296488
leaf_weight=1793.7716125920415 36.529417216777802 30.658709868788719 40.199027791619301 453.60510030761361
leaf_count=4785 78 92 93 1145
internal_value=-0.0001265 -0.000581953 0.0100998 -0.000242716
internal_weight=2354.76 2278.04 76.7284 2247.38
internal_count=6193 6022 171 5930
is_linear=0
shrinkage=0.03


Tree=62
num_leaves=7
num_cat=0
split_feature=8 6 13 3 13 17
split_gain=10.1971 22.9223 16.8523 16.0319 14.2135 13.2326
threshold=-0.19991372525691983 0.062181051820516593 0.70284700393676769 -1.423451781272888 -0.019137660972774025 2.0198104381561284
decision_type=2 2 2 2 2 2
left_child=2 4 5 -4 -2 -1
right_child=1 -3 3 -5 -6 -7
leaf_value=0.0015892633949301431 -0.0066405548652052684 -0.010264419086897595 -0.011194642681981913 -5.0525022286038441e-05 0.0054469028877002909 0.010633044828371251
leaf_weight=1038.5180198736489 110.83467230200768 243.26971743255854 142.02978758141398 450.59284533560276 237.06012098491192 157.52166321128607
leaf_count=2643 314 688 410 1179 612 418
internal_value=-0.000182816 -0.00355214 0.00092456 -0.00309757 0.00128125 0.00298498
internal_weight=2379.83 591.165 1788.66 592.623 347.895 1196.04
internal_count=6264 1614 4650 1589 926 3061
is_linear=0
shrinkage=0.03


Tree=63
num_leaves=5
num_cat=0
split_feature=14 5 13 5
split_gain=11.8886 8.56653 13.008 11.0497
threshold=-0.97581359744071949 0.58852687478065502 1.0948886871337893 0.4237388819456101
decision_type=2 2 2 2
left_child=-1 3 -3 -2
right_child=1 2 -4 -5
leaf_value=0.014594218263530195 -0.00034170363025372888 0.011626016736738366 -0.0066688372031425466 -0.0082117727072939066
leaf_weight=27.710611030459404 2050.6893808059394 95.35493365675211 30.405182629823685 156.64840653166175
leaf_count=74 5389 240 100 408
internal_value=-0.000191903 -0.000515569 0.00648308 -0.000995879
internal_weight=2360.81 2333.1 125.76 2207.34
internal_count=6211 6137 340 5797
is_linear=0
shrinkage=0.03


Tree=64
num_leaves=7
num_cat=0
split_feature=13 11 14 9 6 10
split_gain=9.11057 9.30042 21.1918 14.3821 4.50167 3.81013
threshold=1.1787058115005495 0.41915924847126013 -0.33743886649608607 0.024057901464402679 -0.20516119152307508 1.6313486695289614
decision_type=2 2 2 2 2 2
left_child=1 3 -3 -1 -2 -6
right_child=4 2 -4 -5 5 -7
leaf_value=0.0012067895620814274 0 -0.010440183256961368 0.0058233816185435539 -0.0042206594027290583 -0.016059907702893172 -0.00058936235491888395
leaf_weight=998.64766676351428 31.464354157447815 64.017612367868423 457.14992028847337 741.47674384713173 42.805322036147118 31.66189981251955
leaf_count=2658 90 164 1139 1919 140 93
internal_value=-0.000474214 -1.01582e-05 0.00340277 -0.00109347 -0.00832898 -0.0116347
internal_weight=2367.22 2261.29 521.168 1740.12 105.932 74.4672
internal_count=6203 5880 1303 4577 323 233
is_linear=0
shrinkage=0.03


Tree=65
num_leaves=7
num_cat=0
split_feature=11 7 4 18 16 17
split_gain=8.77304 12.3848 20.7255 12.1515 10.0695 12.9867
threshold=-0.39035971462726587 0.82039603590965282 0.25036251544952398 0.63089156150817882 -0.18914354592561719 -1.7668787240982053
decision_type=2 2 2 2 2 2
left_child=4 3 -3 -2 -1 -6
right_child=1 2 -4 -5 5 -7
leaf_value=0.0040351195716229202 -0.0013627317909505688 0.0099876195878440995 -0.005999379139799573 0.0062000041738558163 -0.015750926639635014 -0.002236884346684221
leaf_weight=155.69590429961681 991.62576517090201 282.31781346350908 76.379047349095345 215.64355048164725 56.877159971743822 582.5283331759274
leaf_count=381 2550 710 195 571 139 1662
internal_value=0.000232635 0.0015534 0.00628793 1.82653e-05 -0.00226931 -0.00397126
internal_weight=2361.07 1565.97 358.697 1207.27 795.101 639.405
internal_count=6208 4026 905 3121 2182 1801
is_linear=0
shrinkage=0.03


Tree=66
num_leaves=5
num_cat=0
split_feature=14 2 8 19
split_gain=13.7054 9.94211 12.9773 11.9932
threshold=-0.92459541559219349 -0.041381200775504105 -0.28446218371391291 1.2731825113296511
decision_type=2 2 2 2
left_child=-1 3 -3 -2
right_child=1 2 -4 -5
leaf_value=0.014631896582285841 0.0033946441042772527 -9.7175085303698435e-05 -0.0069225903091805971 -0.0038995380317135404
leaf_weight=36.702176675200462 863.96192724630237 861.9932647831738 345.01418425887823 238.64063627272844
leaf_count=93 2207 2301 972 631
internal_value=3.77237e-05 -0.000292064 -0.00217811 0.00172114
internal_weight=2346.31 2309.61 1207.01 1102.6
internal_count=6204 6111 3273 2838
is_linear=0
shrinkage=0.03


Tree=67
num_leaves=7
num_cat=0
split_feature=5 14 13 1 6 18
split_gain=7.5636 17.6841 12.5369 11.9948 10.6231 8.35816
threshold=0.25831219553947454 1.3118100762367251 -0.155022457242012 0.33619916439056402 -0.36933614313602442 -0.87509244680404652
decision_type=2 2 2 2 2 2
left_child=4 3 -3 -2 5 -1
right_child=1 2 -4 -5 -6 -7
leaf_value=-0.0052371814219740829 0.0085288405396837848 0.0078670176863908804 -0.0069490804627613855 -0.0050227690485938076 -0.0017958630267336836 0.0084316629678895718
leaf_weight=32.012578010559082 356.92997255921364 46.871680028736591 187.81184744089842 50.122722163796425 1515.3132212497294 151.17408306151628
leaf_count=76 888 148 571 125 4035 376
internal_value=0.000100929 0.00284788 -0.00336897 0.00656258 -0.00092309 0.0054673
internal_weight=2340.24 641.736 234.684 407.053 1698.5 183.187
internal_count=6219 1732 719 1013 4487 452
is_linear=0
shrinkage=0.03


Tree=68
num_leaves=7
num_cat=0
split_feature=11 9 8 9 0 18
split_gain=8.12156 16.2551 15.5989 12.0126 11.8758 16.7831
threshold=0.36174809932708746 0.056647386401891715 0.19020577520132068 -0.021087073720991608 -1.5507343411445615 0.72502425312995922
decision_type=2 2 2 2 2 2
left_child=4 3 -3 -2 -1 -6
right_child=1 2 -4 -5 5 -7
leaf_value=-0.0033930683760378137 0.001955159475461292 0.012964547499216725 -0.0056442235026820838 -0.010469923369984282 -9.7742487927308434e-05 0.011680409324589055
leaf_weight=862.22641552612185 314.40386439859867 174.53239994868636 33.934682428836823 67.934753097593784 753.43612794205546 105.3898521065712
leaf_count=2471 848 419 85 167 1913 266
internal_value=9.70473e-05 0.0030955 0.00944383 -0.000514137 -0.000921539 0.00151225
internal_weight=2311.86 590.806 208.467 382.339 1721.05 858.826
internal_count=6169 1519 504 1015 4650 2179
is_linear=0
shrinkage=0.03


Tree=69
num_leaves=7
num_cat=0
split_feature=17 0 7 10 11 8
split_gain=9.98988 19.7547 11.7347 7.64211 9.41939 9.27048
threshold=1.9392261505126955 -1.5358937382698057 0.50900340080261242 0.59635630249977123 0.31042967736721044 -1.669386029243469
decision_type=2 2 2 2 2 2
left_child=3 2 -2 4 -1 -5
right_child=1 -3 -4 5 -6 -7
leaf_value=0.0082507527626463212 0.0032989138592881186 0.011480637251657808 -0.010617114402222565 0.0062962390933204481 -0.005518258047797815 -0.0021171340475681839
leaf_weight=140.41180109232664 120.49283495172858 166.21524461358786 66.964029520750046 104.64503420889378 40.664280399680138 1641.1271326802671
leaf_count=355 343 423 230 273 108 4398
internal_value=0 0.00449067 -0.00192731 -0.000864616 0.00461893 -0.00151324
internal_weight=2280.52 353.672 187.457 1926.85 181.076 1745.77
internal_count=6130 996 573 5134 463 4671
is_linear=0
shrinkage=0.03


Tree=70
num_leaves=7
num_cat=0
split_feature=9 11 16 15 7 9
split_gain=7.22141 16.7405 20.4563 13.1957 13.1731 11.2519
threshold=-0.0042774628382176152 0.41915924847126013 -0.18914354592561719 -2.0086964368820186 0.34983089566230779 0.050495188683271415
decision_type=2 2 2 2 2 2
left_child=3 2 -2 -1 -5 -3
right_child=1 5 -4 4 -6 -7
leaf_value=-0.0064182411801624603 0.0049892035880838674 -0.0067999542950409851 -0.0065429440140388805 0.0053763295906323026 -0.001079893563743871 0.0075921221187678113
leaf_weight=154.31380258500576 152.2517646625638 42.124928042292595 656.78423277288675 593.66387489438057 495.88103589788079 195.36412705108523
leaf_count=474 366 105 1837 1570 1352 486
internal_value=-0.000317161 -0.00215292 -0.00423234 0.00118951 0.00241735 0.0044764
internal_weight=2290.38 1046.53 809.036 1243.86 1089.54 237.489
internal_count=6190 2794 2203 3396 2922 591
is_linear=0
shrinkage=0.03


Tree=71
num_leaves=7
num_cat=0
split_feature=14 5 6 3 12 6
split_gain=10.0018 13.9861 13.6845 12.9546 19.4245 14.5347
threshold=0.037261007353663451 0.16347671300172809 -0.13406070321798322 -0.98084345459938038 1.0357999205589297 -0.19075229018926618
decision_type=2 2 2 2 2 2
left_child=3 2 -2 4 -1 -5
right_child=1 -3 -4 5 -6 -7
leaf_value=-0.0015533570052262754 0.0056025471476690162 -0.005157215244760328 -0.0020029197760291781 0.0079136230444500459 0.011624392769071401 -0.0035858941108503272
leaf_weight=148.9026118144393 316.89349003136158 567.81476471573114 548.07500236853957 110.46992203593254 231.05849846452475 379.53083269670606
leaf_count=371 800 1669 1558 262 582 984
internal_value=-1.11864e-05 -0.00157066 0.000779297 0.00246735 0.00649072 -0.000667029
internal_weight=2302.75 1432.78 864.968 869.962 379.961 490.001
internal_count=6226 4027 2358 2199 953 1246
is_linear=0
shrinkage=0.03


Tree=72
num_leaves=7
num_cat=0
split_feature=20 17 3 9 9 6
split_gain=9.78335 17.6389 21.7457 14.528 19.7887 17.3602
threshold=1.0000000180025095e-35 -1.0147867798805235 -1.6655504703521726 0.20247326791286471 -0.18540291488170621 0.074392832815647139
decision_type=2 2 2 2 2 2
left_child=3 -2 -3 4 -1 -5
right_child=1 2 -4 5 -6 -7
leaf_value=-0.0049810419828287215 -0.0072991349128297203 -0.0049452181595643283 0.0089408300390478503 0.00078986690051487357 0.0025376974420126827 -0.01225512515120904
leaf_weight=456.1673630066216 99.531225070357323 116.49403124302626 370.7465181723237 142.91935204342008 911.02611320838332 193.3130693808198
leaf_count=1267 255 359 955 358 2482 557
internal_value=-0.00023743 0.00300958 0.00543846 -0.00141268 0 -0.00680874
internal_weight=2290.2 586.772 487.241 1703.43 1367.19 336.232
internal_count=6233 1569 1314 4664 3749 915
is_linear=0
shrinkage=0.03


Tree=73
num_leaves=7
num_cat=0
split_feature=10 10 12 14 8 4
split_gain=11.0078 11.0053 17.3081 9.73424 8.57458 7.96535
threshold=0.59635630249977123 1.51957643032074 1.5183584690093996 -0.19114350527524945 -1.7671007513999937 -0.19503034651279447
decision_type=2 2 2 2 2 2
left_child=3 4 -3 5 -2 -1
right_child=1 2 -4 -5 -6 -7
leaf_value=0.0089906720435374999 0.0074122399333999235 -0.0011533003138160544 0.007437970454569641 0.01306369095772205 -0.0031483832944620891 -0.0050647056308291936
leaf_weight=38.387812077999115 51.792691774666309 575.15885755419731 302.03282774612308 84.18761096149683 1143.6374944783747 75.480835169553757
leaf_count=90 147 1493 806 238 3209 208
internal_value=0 -0.000651125 0.00183782 0.00643154 -0.00252703 0
internal_weight=2270.68 2072.62 877.192 198.056 1195.43 113.869
internal_count=6191 5655 2299 536 3356 298
is_linear=0
shrinkage=0.03


Tree=74
num_leaves=7
num_cat=0
split_feature=8 17 0 17 5 10
split_gain=8.45235 13.984 12.7875 12.6988 13.1828 13.0882
threshold=-0.12590847909450528 0.45523476600646978 -1.7335808873176572 1.8481994271278384 -0.10086076706647872 1.1396976113319399
decision_type=2 2 2 2 2 2
left_child=3 2 -2 4 -1 -5
right_child=1 -3 -4 5 -6 -7
leaf_value=0.0045128792321657944 -0.0049602927806525572 -0.0072578453108533298 0.0088226297220565138 -0.0010906722244411185 -0.0018020088639086036 0.011555157492581354
leaf_weight=385.05033687129617 90.062914170324802 304.3280913606286 110.28746249526739 103.44246869534254 1096.4908919148147 165.87818831577897
leaf_count=974 261 880 295 304 2992 456
internal_value=0 -0.00333612 0.00246668 0.00099908 -8.25706e-05 0.00675104
internal_weight=2255.54 504.678 200.35 1750.86 1481.54 269.321
internal_count=6162 1436 556 4726 3966 760
is_linear=0
shrinkage=0.03


Tree=75
num_leaves=7
num_cat=0
split_feature=1 17 4 17 12 16
split_gain=11.7304 19.1698 15.9113 12.1115 10.5218 10.2689
threshold=-0.066591054201126085 2.040319681167603 -0.15305887162685392 -0.058403484523296349 1.5709351897239687 0.7346160113811494
decision_type=2 2 2 2 2 2
left_child=2 4 5 -4 -2 -1
right_child=1 -3 3 -5 -6 -7
leaf_value=0.010893663993121487 -0.004966655652776133 0.0067443310117546312 0.0051123947064208204 -0.0033633061651848154 0.0012071124119191012 0
leaf_weight=244.16453221812844 775.26550593599677 190.68088167160749 223.49509931355715 381.30066680535674 331.4307199344039 106.044244132936
leaf_count=654 2112 551 551 1079 918 300
internal_value=0.000313 -0.00150655 0.0028266 -7.17898e-05 -0.00307589 0.00772753
internal_weight=2252.38 1297.38 955.005 604.796 1106.7 350.209
internal_count=6165 3581 2584 1630 3030 954
is_linear=0
shrinkage=0.03


Tree=76
num_leaves=7
num_cat=0
split_feature=1 14 23 9 19 14
split_gain=11.4793 9.83776 17.4534 13.5955 8.25447 4.03312
threshold=0.37418296933174139 0.018002084456384185 1.0000000180025095e-35 -0.27624648809432978 0.37928311526775366 2.6197960376739506
decision_type=2 2 2 2 2 2
left_child=1 3 -3 -1 -2 -6
right_child=4 2 -4 -5 5 -7
leaf_value=-0.0060658943208842407 0.0029132638094697175 0.0012543056667298426 -0.0071915127554866357 0.0053812806268952714 -0.010521279816130295 0
leaf_weight=87.001946337521076 55.080584265291691 1024.3297348804772 257.81392727792263 641.3583023250103 148.44523529708385 27.673775121569633
leaf_count=248 153 2942 679 1634 405 93
internal_value=0.000293811 0.00106471 -0.000482277 0.00380818 -0.00572208 -0.00875037
internal_weight=2241.7 2010.5 1282.14 728.36 231.2 176.119
internal_count=6154 5503 3621 1882 651 498
is_linear=0
shrinkage=0.03


Tree=77
num_leaves=7
num_cat=0
split_feature=13 11 7 8 7 18
split_gain=8.54645 7.82614 11.72 9.79267 5.67303 2.3584
threshold=1.1463972926139834 -0.39035971462726587 0.82039603590965282 -0.68304994702339161 -0.11924421787261962 0.039302000775933273
decision_type=2 2 2 2 2 2
left_child=1 3 -3 -1 -2 -6
right_child=4 2 -4 -5 5 -7
leaf_value=0.0015571501577672905 0.00040386722564422306 0.00020937353158212039 0.0068372763429814633 -0.0052309138018576794 -0.0008408668123745189 -0.014330552762215806
leaf_weight=328.90836462378502 44.264382526278496 1099.5470240153372 295.39161859452724 386.38896190747619 29.224761519581079 50.729516703635454
leaf_count=922 129 2950 780 1128 89 168
internal_value=-4.46627e-05 0.000407626 0.00173211 -0.00207057 -0.00713521 -0.0111549
internal_weight=2234.45 2110.24 1394.94 715.297 124.219 79.9543
internal_count=6166 5780 3730 2050 386 257
is_linear=0
shrinkage=0.03


Tree=78
num_leaves=5
num_cat=0
split_feature=7 5 0 6
split_gain=9.91237 6.41454 18.513 13.2717
threshold=-3.0987920761108394 0.25616697967052465 -1.3123138546943662 -0.38948075473308558
decision_type=2 2 2 2
left_child=-1 3 -3 -2
right_child=1 2 -4 -5
leaf_value=-0.013035046203855276 0.0073673580413098445 -0.0007639006535116611 0.0094828616726714762 -0.0014427527190986997
leaf_weight=29.560380019247532 151.242645714432 404.50807253271341 229.07887664437294 1432.4491940364242
leaf_count=78 386 1165 605 3968
internal_value=0.000193114 0.000511237 0.00302591 -0.000482586
internal_weight=2246.84 2217.28 633.587 1583.69
internal_count=6202 6124 1770 4354
is_linear=0
shrinkage=0.03


Tree=79
num_leaves=7
num_cat=0
split_feature=10 0 11 3 15 17
split_gain=9.49242 10.1099 9.94867 8.08551 8.05466 1.05738
threshold=0.59635630249977123 0.067015334963798537 0.36174809932708746 -1.1611097455024717 -1.2263503074645994 1.1663735508918764
decision_type=2 2 2 2 2 2
left_child=3 2 -2 5 -5 -1
right_child=1 -3 -4 4 -6 -7
leaf_value=0.00015780026671786658 -0.0026355227803886759 0.0091231300409888756 0.0020945167542682709 0 0.014415951528179184 -0.0055575108128260772
leaf_weight=28.825437426567078 1444.5443880930543 65.752000719308853 520.09419806301594 53.780710183084011 81.534409001469612 26.187047399580479
leaf_count=85 4123 154 1399 148 213 79
internal_value=-0.000244789 -0.000890697 -0.00134463 0.00578989 0.00944374 -0.00251932
internal_weight=2220.72 2030.39 1964.64 190.328 135.315 55.0125
internal_count=6201 5676 5522 525 361 164
is_linear=0
shrinkage=0.03


Tree=80
num_leaves=7
num_cat=0
split_feature=3 13 17 17 6 14
split_gain=8.8727 21.793 12.2547 8.88239 8.77061 8.62911
threshold=-1.5968546867370603 0.37402603030204779 -0.39377243816852564 1.9227823019027712 -0.028112926520407196 -0.20400803536176679
decision_type=2 2 2 2 2 2
left_child=1 2 -1 -2 -5 -3
right_child=3 5 -4 4 -6 -7
leaf_value=0.015992427483194082 -8.8877023242210832e-05 0 -0.0009102886105300487 0.011126481870173972 0.00023466930914167321 -0.013661531432368331
leaf_weight=31.173423700034618 1613.4481991566718 44.485795959830284 127.45558485388756 116.66109662503004 154.35343702882528 152.20293464511633
leaf_count=85 4383 135 367 314 472 487
internal_value=-6.09253e-05 -0.00430029 0.00349417 0.000743673 0.00557179 -0.0106057
internal_weight=2239.78 355.318 158.629 1884.46 271.015 196.689
internal_count=6243 1074 452 5169 786 622
is_linear=0
shrinkage=0.03


Tree=81
num_leaves=7
num_cat=0
split_feature=12 10 23 17 0 2
split_gain=7.12315 16.1491 12.3226 13.5956 9.3276 8.15267
threshold=2.3917950391769414 1.1503056287765505 1.0000000180025095e-35 -0.45549371838569636 -1.8833451271057127 -0.097243156284093843
decision_type=2 2 2 2 2 2
left_child=2 5 4 -4 -1 -2
right_child=1 -3 3 -5 -6 -7
leaf_value=-0.0025697125620447281 0.0033173467889068497 0.0085695567088729628 0.0042196646407948553 -0.0079204288100050042 0.0022827611522858713 -0.0097246543721987745
leaf_weight=552.72716993093491 56.703504085540771 212.86992903798819 86.78949411958456 341.93573914468288 910.67530613765121 73.696123279631138
leaf_count=1620 159 587 226 925 2465 230
internal_value=-0.000134976 0.00368564 -0.00089079 -0.00525059 0.000399598 -0.0039675
internal_weight=2235.4 343.27 1892.13 428.725 1463.4 130.4
internal_count=6212 976 5236 1151 4085 389
is_linear=0
shrinkage=0.03


Tree=82
num_leaves=7
num_cat=0
split_feature=8 15 3 16 18 6
split_gain=9.42329 7.72747 8.18611 7.10643 5.94174 3.52328
threshold=0.55503523349761974 -2.1457490921020503 0.66255709528923046 0.3165529072284699 0.63089156150817882 -0.18389772623777387
decision_type=2 2 2 2 2 2
left_child=1 3 -3 -1 5 -2
right_child=4 2 -4 -5 -6 -7
leaf_value=0.0034200373448273016 0 0.0019037813042532535 -0.0039449066484569502 -0.0084706308851388197 0.0025210458794842306 -0.012876557840359884
leaf_weight=43.557335533201694 24.963380597531796 1701.5256159231067 221.85994099825621 128.77996752783656 26.242101572453976 76.529206812381744
leaf_count=134 74 4670 622 393 80 243
internal_value=3.93497e-05 0.000576825 0.00116461 -0.00511025 -0.00725708 -0.010278
internal_weight=2223.46 2095.72 1923.39 172.337 127.735 101.493
internal_count=6216 5819 5292 527 397 317
is_linear=0
shrinkage=0.03


Tree=83
num_leaves=7
num_cat=0
split_feature=6 16 2 10 14 5
split_gain=10.4869 15.7967 13.9101 10.9776 10.2749 15.388
threshold=0.076734881848096861 0.7346160113811494 -0.0310220792889595 1.2163023948669436 0.078111339360475554 0.17407999932765963
decision_type=2 2 2 2 2 2
left_child=4 2 -2 -3 5 -1
right_child=1 3 -4 -5 -6 -7
leaf_value=0.00043921520749732132 0.0033287342633643922 -0.0037792937168242596 -0.007052395210415007 0.0098043460734643512 -0.00025507400958118479 0.010724518258756555
leaf_weight=326.95493747293949 127.81343375146389 66.032558664679527 499.7722793482244 117.10129273682833 875.36959326639771 216.22269278019667
leaf_count=829 364 208 1468 316 2489 563
internal_value=0.000134628 -0.00252138 -0.00480802 0.00472125 0.00170824 0.00487548
internal_weight=2229.27 810.72 627.586 183.134 1418.55 543.178
internal_count=6237 2356 1832 524 3881 1392
is_linear=0
shrinkage=0.03


Tree=84
num_leaves=7
num_cat=0
split_feature=12 10 2 9 10 14
split_gain=7.80534 13.1943 13.8939 12.3489 10.6425 8.9114
threshold=2.0291485786437993 1.1620311141014101 0.1533436253666878 -0.021087073720991608 0.66907253861427318 -0.19667489081621167
decision_type=2 2 2 2 2 2
left_child=4 2 -2 -3 5 -1
right_child=1 3 -4 -5 -6 -7
leaf_value=-0.00046106581919341702 0.0015086740058220781 0.012953704748584347 -0.01577880447429001 0.00091334465798075567 -0.0018608363699704126 0.010930871817287689
leaf_weight=109.25237415730953 142.83504405617714 138.7442726790905 35.226997539401054 177.49730145558715 1525.3401579335332 95.629722863435745
leaf_count=285 434 397 118 490 4232 278
internal_value=0 0.00324897 -0.00285643 0.00683053 -0.000954899 0.00508862
internal_weight=2224.53 494.304 178.062 316.242 1730.22 204.882
internal_count=6234 1439 552 887 4795 563
is_linear=0
shrinkage=0.03


Tree=85
num_leaves=7
num_cat=0
split_feature=7 1 18 4 15 17
split_gain=10.1181 11.5866 11.3304 27.2236 17.4729 10.7511
threshold=0.47149360179901129 -0.24056517332792279 -0.59158858656883229 -0.17270455509424207 -0.096668116748332963 1.5150477886199953
decision_type=2 2 2 2 2 2
left_child=1 -1 3 -2 -4 -3
right_child=2 5 4 -5 -6 -7
leaf_value=0.0070091363289617337 0.015620079467436009 -0.001430393805734505 -0.0064003511000043202 -0.0038658249335968638 0.008927260281494093 0.0052512872847048841
leaf_weight=278.78311885893345 77.04948228597641 808.63809759169817 535.48422162979841 168.42746076360345 55.396529905498028 272.15166008844972
leaf_count=759 207 2207 1608 481 166 772
internal_value=0.00015722 0.00177091 -0.00237601 0.00274032 -0.0046199 0.000262442
internal_weight=2195.93 1359.57 836.358 245.477 590.881 1080.79
internal_count=6200 3738 2462 688 1774 2979
is_linear=0
shrinkage=0.03


Tree=86
num_leaves=7
num_cat=0
split_feature=16 16 11 4 14 6
split_gain=8.71596 14.7443 13.7615 10.0331 9.39525 16.4799
threshold=0.53073823451995861 0.27476391196250921 0.14480157196521762 -0.24227724224328992 1.3523616790771487 -0.34201706945896143
decision_type=2 2 2 2 2 2
left_child=1 2 -1 -3 -2 -6
right_child=4 3 -4 -5 5 -7
leaf_value=-0.0012505208484583127 0.0045395389886808664 0.0024415729292472394 0.0080242562790751749 -0.0079344949224608718 0.011516901916375354 -0.0035598365285295073
leaf_weight=508.43135107308626 639.17066915333271 88.03895365446806 175.33656542003155 347.36326371505857 57.446040458977222 376.52021646127105
leaf_count=1401 1684 246 468 1040 165 1211
internal_value=0.000329195 -0.00147866 0.00120298 -0.0056896 0.00226204 -0.00101243
internal_weight=2192.31 1119.17 683.768 435.402 1073.14 433.966
internal_count=6215 3155 1869 1286 3060 1376
is_linear=0
shrinkage=0.03


Tree=87
num_leaves=5
num_cat=0
split_feature=14 14 15 17
split_gain=7.77639 8.59064 11.8525 8.34019
threshold=-0.92459541559219349 -0.38805903494358057 -0.90444678068161 1.9227823019027712
decision_type=2 2 2 2
left_child=-1 2 -2 -3
right_child=1 3 -4 -5
leaf_value=0.010148244407809499 0.0001101849670582123 -0.00089255376223437146 -0.012522118234327431 0.0043348525441251635
leaf_weight=40.940727382898331 124.71683774888515 1589.9577311351895 103.78315392136574 311.20164771750569
leaf_count=110 321 4516 275 933
internal_value=-0.000363783 -0.000686316 -0.00593192 0
internal_weight=2170.6 2129.66 228.5 1901.16
internal_count=6155 6045 596 5449
is_linear=0
shrinkage=0.03


Tree=88
num_leaves=7
num_cat=0
split_feature=8 3 13 0 4 6
split_gain=8.86707 15.2138 11.002 23.2099 14.2038 10.7865
threshold=-0.29213787615299219 -0.49475124478340143 0.72896024584770214 -0.39171315729618067 0.84477752447128307 -0.021917708218097683
decision_type=2 2 2 2 2 2
left_child=2 5 4 -4 -1 -2
right_child=1 -3 3 -5 -6 -7
leaf_value=0.0038212061486632958 0.0060284055156914285 -0.0082072352488995436 -0.0046932745766613167 0.01559588632110054 -0.0087021446652177249 -0.003782683193995879
leaf_weight=1015.4614891856909 174.8995730727911 265.75230911746621 445.58694566786289 36.417175076901913 67.126664087176323 184.76841873303056
leaf_count=2799 510 810 1321 92 151 553
internal_value=-2.33507e-05 -0.00301335 0.00115694 -0.00248056 0.00284651 0.000896466
internal_weight=2190.01 625.42 1564.59 482.004 1082.59 359.668
internal_count=6236 1873 4363 1413 2950 1063
is_linear=0
shrinkage=0.03


Tree=89
num_leaves=7
num_cat=0
split_feature=14 23 0 19 18 1
split_gain=7.38284 22.6836 15.1859 23.8491 20.4113 13.247
threshold=0.046732814982533462 1.0000000180025095e-35 -1.6043397784233091 0.78397828340530407 -1.796733498573303 -0.076591074466705308
decision_type=2 2 2 2 2 2
left_child=2 5 3 -1 -4 -2
right_child=1 -3 4 -5 -6 -7
leaf_value=-0.014615060728915604 0.0041535966075003225 -0.0091426707964241231 -0.0087866661765070644 0.0020385435808960191 0.0078677169846843899 -0.0023696589328924445
leaf_weight=85.433537185192108 477.21629901975393 254.97172039747238 57.449413776397705 262.28892817348242 427.20970299467444 615.46196015924215
leaf_count=259 1391 726 141 700 1118 1873
internal_value=-3.72859e-05 -0.00142914 0.00212644 -0.00246234 0.0055047 0.000448834
internal_weight=2180.03 1347.65 832.382 347.722 484.659 1092.68
internal_count=6208 3990 2218 959 1259 3264
is_linear=0
shrinkage=0.03


Tree=90
num_leaves=7
num_cat=0
split_feature=10 12 10 0 0 11
split_gain=7.85579 16.385 16.2776 15.8404 12.9608 8.64834
threshold=1.0476729869842532 1.6753115057945254 0.59635630249977123 -0.53714480996131886 -0.97708868980407704 0.31042967736721044
decision_type=2 2 2 2 2 2
left_child=2 3 5 -2 -3 -1
right_child=1 4 -4 -5 -6 -7
leaf_value=0.0075108953728207231 -0.0024257955864345928 0.0079407660238663136 -0.0060888809363776088 0.008040352245928549 -0.0039704810833822166 -0.0056301596140503991
leaf_weight=143.40436136722565 946.02673506364226 381.34681940451264 433.24262851476669 129.18544797599316 82.855259232223034 40.490939877927303
leaf_count=409 2672 1078 1334 321 242 119
internal_value=-0.000109469 0.00100983 -0.00293971 -0.000989653 0.00561463 0.00405473
internal_weight=2156.55 1539.41 617.138 1075.21 464.202 183.895
internal_count=6175 4313 1862 2993 1320 528
is_linear=0
shrinkage=0.03


Tree=91
num_leaves=5
num_cat=0
split_feature=7 9 14 13
split_gain=6.94026 6.83446 7.42859 6.53725
threshold=-3.0987920761108394 -0.22029964625835416 2.3227127790451054 -0.88207003474235524
decision_type=2 2 2 2
left_child=-1 3 -3 -2
right_child=1 2 -4 -5
leaf_value=-0.011376252808534453 0.00532153093300232 0.0022187633978353921 -0.0025997477658188592 -0.0043170857890206934
leaf_weight=26.611590817570686 52.136165097355843 1362.6242430284619 335.71131465211511 392.33807033859193
leaf_count=72 151 3758 1091 1169
internal_value=4.40606e-05 0.000317519 0.00121219 -0.00287685
internal_weight=2169.42 2142.81 1698.34 444.474
internal_count=6241 6169 4849 1320
is_linear=0
shrinkage=0.03


Tree=92
num_leaves=7
num_cat=0
split_feature=1 15 15 0 19 11
split_gain=7.70295 7.76315 7.73617 7.31832 7.21813 8.09207
threshold=0.37418296933174139 -2.1457490921020503 -2.3456765413284297 -2.3132040500640865 0.90856757760047924 -0.43647710978984827
decision_type=2 2 2 2 2 2
left_child=1 2 -1 -3 5 -2
right_child=4 3 -4 -5 -6 -7
leaf_value=0.0037174766557068815 -0.0071949879650917651 0.0057684704138794476 -0.0090233525210417134 0.00055902837827581967 -0.00943184671703097 0.007133510033711596
leaf_weight=42.374752886593342 42.379528425633907 279.08102324604988 111.33206605911255 1523.0691203102469 115.4275272116065 60.317791055887938
leaf_count=139 135 805 351 4301 363 171
internal_value=0.000219453 0.000857694 -0.00514188 0.00145315 -0.00484285 0.00052265
internal_weight=2173.98 1955.86 153.707 1802.15 218.125 102.697
internal_count=6265 5596 490 5106 669 306
is_linear=0
shrinkage=0.03


Tree=93
num_leaves=7
num_cat=0
split_feature=0 18 2 0 12 7
split_gain=7.56265 13.6385 14.3205 10.958 8.67333 7.34933
threshold=-2.3906790018081661 -0.30737616121768946 1.0000000180025095e-35 -1.9404410123825071 2.3917950391769414 0.34324844181537634
decision_type=2 2 2 2 2 2
left_child=1 -1 -3 4 -2 -5
right_child=3 2 -4 5 -6 -7
leaf_value=0.013169382479500797 -0.0060944518212493679 0.0071035622449594649 -0.0089547852278719624 0.0030911028226723045 0.0041078949647681065 -0.0011060851879260705
leaf_weight=95.894958879798651 352.23373601585627 88.734415777027607 72.303665224462748 829.23256998509169 71.582602493464947 631.59107986092567
leaf_count=276 1075 256 230 2300 207 1852
internal_value=0.000686587 0.00531575 0 0 -0.00412862 0.00124549
internal_weight=2141.57 256.933 161.038 1884.64 423.816 1460.82
internal_count=6196 762 486 5434 1282 4152
is_linear=0
shrinkage=0.03


Tree=94
num_leaves=5
num_cat=0
split_feature=14 14 16 2
split_gain=7.57431 8.97215 8.31337 6.38931
threshold=-0.92459541559219349 -0.6287521719932555 0.39119578897953039 0.023950153030455116
decision_type=2 2 2 2
left_child=-1 2 -2 -3
right_child=1 3 -4 -5
leaf_value=0.011184180672528982 -0.016154877875183226 0.0017863748486855273 0 -0.0015943790957268647
leaf_weight=34.023255489766598 39.30470947176218 1118.1120438799262 65.026265345513821 872.57019114494324
leaf_count=100 114 3191 173 2625
internal_value=7.31384e-05 -0.000182991 -0.00801915 0.000273539
internal_weight=2129.04 2095.01 104.331 1990.68
internal_count=6203 6103 287 5816
is_linear=0
shrinkage=0.03


Tree=95
num_leaves=7
num_cat=0
split_feature=7 18 16 18 8 0
split_gain=6.14823 10.0463 19.379 14.4291 9.09302 10.1944
threshold=1.2897402048110964 0.62644118070602428 0.510950267314911 0.4724437296390534 -0.61077091097831715 -1.2648364305496214
decision_type=2 2 2 2 2 2
left_child=1 3 -3 -1 -2 -6
right_child=4 2 -4 -5 5 -7
leaf_value=0.00087356271259807433 -0.0088151949317634825 -0.0014343301653713947 0.011433439533701987 -0.0071967395529273608 -0.0052025381750577856 0.013013773326788334
leaf_weight=1318.8541840314865 131.411013931036 191.84980218857527 187.07272151857615 213.53755263984203 39.284294672310352 29.9457873031497
leaf_count=3815 382 569 537 630 132 84
internal_value=0.000206098 0.000772818 0.00502276 -0.000290607 -0.00450126 0.00315537
internal_weight=2111.96 1911.31 378.923 1532.39 200.641 69.2301
internal_count=6149 5551 1106 4445 598 216
is_linear=0
shrinkage=0.03


Tree=96
num_leaves=7
num_cat=0
split_feature=6 8 6 5 0 3
split_gain=6.05533 13.0424 9.45075 9.80325 8.09323 7.82477
threshold=0.48380863666534429 -0.67585512995719899 0.13869921863079074 0.20764056593179706 -1.5964889526367185 -0.22373307496309278
decision_type=2 2 2 2 2 2
left_child=2 5 -1 -4 -3 -2
right_child=1 4 3 -5 -6 -7
leaf_value=0.00045571431475858863 0.020365452819805042 -0.010220353889545182 -0.0073786349493731003 0.0011600248187699184 0.0055040496195392294 0
leaf_weight=1514.6181913334876 35.08332597464323 38.723520927131176 304.67149867117405 167.82757085189223 36.339252032339573 27.808940723538399
leaf_count=4345 95 132 916 503 110 77
internal_value=-0.000206954 0.00540958 -0.000676792 -0.0043 -0.00242031 0.0138077
internal_weight=2125.07 137.955 1987.12 472.499 75.0628 62.8923
internal_count=6178 414 5764 1419 242 172
is_linear=0
shrinkage=0.03


Tree=97
num_leaves=7
num_cat=0
split_feature=4 5 19 4 8 5
split_gain=6.31586 13.5047 15.0154 12.0931 9.00072 8.79744
threshold=-0.14396727830171582 -0.121225718408823 1.0429696440696719 -0.10836786031723021 -1.6510312557220457 -0.090168371796607957
decision_type=2 2 2 2 2 2
left_child=1 2 -1 -2 -3 -5
right_child=3 4 -4 5 -6 -7
leaf_value=0.0023774929222169536 -0.0089410506227724264 0.014292587667394238 -0.015994134760820612 0.0029883224500642904 0.0024715314724049566 -0.0021539976653563346
leaf_weight=70.062264069914818 145.80531876534224 51.347042188048363 52.061480462551117 446.93446230143309 554.58558245003223 805.42730856500566
leaf_count=212 500 137 150 1225 1666 2310
internal_value=-0.000113544 0.00208728 -0.0061808 -0.00131514 0.00399378 -0.000253558
internal_weight=2126.22 728.056 122.124 1398.17 605.933 1252.36
internal_count=6200 2165 362 4035 1803 3535
is_linear=0
shrinkage=0.03


Tree=98
num_leaves=7
num_cat=0
split_feature=15 6 16 9 15 6
split_gain=6.13674 7.7457 13.1964 9.54696 6.37183 13.4596
threshold=-1.4338583946228025 -0.15040834993124005 -0.21303507685661313 -0.22029964625835416 -0.54141920804977406 0.076734881848096861
decision_type=2 2 2 2 2 2
left_child=1 3 -3 -1 5 -2
right_child=4 2 -4 -5 -6 -7
leaf_value=-0.0066111870608318891 0.0058509021991390905 0.0074123753580442354 -0.0064595824190805421 0.0053629918559840615 -0.0011281246458094577 -0.0018281224748958075
leaf_weight=63.38873665034771 492.87604762986302 51.075066186487675 411.67545012384653 180.23860248178244 622.94965644739568 314.31259011104703
leaf_count=203 1349 128 1347 501 1766 927
internal_value=-3.46544e-05 -0.00231151 -0.00456055 0.00175467 0.00106493 0.00281631
internal_weight=2136.52 706.378 462.751 243.627 1430.14 807.189
internal_count=6221 2179 1475 704 4042 2276
is_linear=0
shrinkage=0.03


Tree=99
num_leaves=7
num_cat=0
split_feature=6 1 5 20 8 4
split_gain=6.167 8.89557 9.77333 8.9506 8.79422 3.85712
threshold=0.4983386248350144 0.19219981878995898 0.22716186940670016 1.0000000180025095e-35 -0.68304994702339161 0.42595133185386663
decision_type=2 2 2 2 2 2
left_child=1 2 -1 -3 -2 -6
right_child=4 3 -4 -5 5 -7
leaf_value=-0.0012113264749180662 0.012868043444352047 -0.0069672032110669304 0.0037585887669117028 0.0025091559833805227 -0.0065159849633187926 0.0044771307581683859
leaf_weight=1066.297601306811 56.505493856966496 306.722207903862 505.84464192017913 100.74504728615284 38.131083391606808 33.480183839797974
leaf_count=3071 149 928 1502 306 135 103
internal_value=-0.000163398 -0.000626522 0.00037721 -0.00447607 0.00570585 -0.000866089
internal_weight=2107.73 1979.61 1572.14 407.467 128.117 71.6113
internal_count=6194 5807 4573 1234 387 238
is_linear=0
shrinkage=0.03


Tree=100
num_leaves=7
num_cat=0
split_feature=16 15 12 1 15 3
split_gain=5.74376 9.67818 13.1263 7.73838 10.8506 8.69629
threshold=0.19354768842458728 0.30891707539558416 1.7574760317802431 -0.0029784772777929898 -0.096668116748332963 0.59431850910186779
decision_type=2 2 2 2 2 2
left_child=1 2 -1 5 -5 -2
right_child=3 -3 -4 4 -6 -7
leaf_value=0.0020049080372217553 0.0026025675729395574 -0.0058014138564771341 0.014887656230018462 -0.0041273946808689354 0.0058648478997542185 -0.0066988027519728731
leaf_weight=411.55041942186654 725.04511241987348 73.745362900197506 73.377248108386993 658.65440944209695 91.84543439373374 80.974562659859657
leaf_count=1132 2131 218 199 1997 267 261
internal_value=0.000388272 0.00295768 0.00458558 -0.000521717 -0.00270619 0.00145592
internal_weight=2115.19 558.673 484.928 1556.52 750.5 806.02
internal_count=6205 1549 1331 4656 2264 2392
is_linear=0
shrinkage=0.03


Tree=101
num_leaves=7
num_cat=0
split_feature=15 16 9 1 6 19
split_gain=6.57078 8.90372 11.9117 11.344 7.91012 8.7617
threshold=-1.4338583946228025 -0.014168436639010904 -0.0042774628382176152 -0.18974318355321881 -0.11692437529563902 0.2984540462493897
decision_type=2 2 2 2 2 2
left_child=4 3 -3 -2 -1 -6
right_child=1 2 -4 -5 5 -7
leaf_value=0.00082415196874673351 0.0038641318204085426 0.0044938829508002504 -0.001529126618091514 -0.0078802975749395626 0.0054142480455069983 -0.006894485516051126
leaf_weight=276.11020919680595 90.359135657548904 635.25034007057548 504.60019117966294 194.21636728942394 39.157295703887939 384.18884788453579
leaf_count=796 238 1841 1418 541 114 1265
internal_value=-0.000569784 0.000568248 0.00179544 -0.00394532 -0.00292213 -0.00542777
internal_weight=2123.88 1424.43 1139.85 284.576 699.456 423.346
internal_count=6213 4038 3259 779 2175 1379
is_linear=0
shrinkage=0.03


Tree=102
num_leaves=7
num_cat=0
split_feature=8 19 4 4 19 19
split_gain=6.28775 7.58867 12.7376 8.40344 5.08087 5.40605
threshold=0.40503495931625372 0.2984540462493897 0.63286569714546215 -0.14396727830171582 0.4500096738338471 1.1453447937965395
decision_type=2 2 2 2 2 2
left_child=1 2 -1 -3 -2 -6
right_child=4 3 -4 -5 5 -7
leaf_value=0.011927386634233043 -0.012177791151511392 0.0024707473705411808 -0.0037803419908657414 -0.0017055223234945227 0.0028867301573571509 -0.008543879779878567
leaf_weight=104.22980933636427 45.162656094878912 681.83458235859871 54.485658638179302 1110.5703632626683 82.726268410682678 36.489563554525375
leaf_count=285 157 2001 147 3277 248 119
internal_value=0 0.000479929 0.00637973 -7.40216e-05 -0.00531317 -0.000905766
internal_weight=2115.5 1951.12 158.715 1792.4 164.378 119.216
internal_count=6234 5710 432 5278 524 367
is_linear=0
shrinkage=0.03


Tree=103
num_leaves=7
num_cat=0
split_feature=2 4 7 7 5 9
split_gain=5.20653 4.76885 10.1092 8.44821 3.56904 1.08845
threshold=0.54738095402717601 0.74210622906684887 0.2893513441085816 -0.19635520130395887 -0.11262293159961699 0.19692286849021914
decision_type=2 2 2 2 2 2
left_child=1 3 -3 -1 -2 -6
right_child=4 2 -4 -5 5 -7
leaf_value=0.0034476056233180667 0 -0.011787159714044539 0.0025994960572046722 -0.00065020756633193488 -0.0010393920796501347 -0.012909873039983172
leaf_weight=696.35728423297405 42.271157413721085 64.560038164258003 68.776138290762901 1171.9563214872032 26.722694911062717 30.746324062347412
leaf_count=1946 138 162 175 3615 85 88
internal_value=4.23457e-05 0.000429723 -0.00460393 0.000865692 -0.00600398 -0.00985803
internal_weight=2101.39 2001.65 133.336 1868.31 99.7402 57.469
internal_count=6209 5898 337 5561 311 173
is_linear=0
shrinkage=0.03


Tree=104
num_leaves=7
num_cat=0
split_feature=6 15 13 9 5 7
split_gain=7.1206 11.24 9.11371 8.80191 7.14951 10.5671
threshold=-0.089473515748977647 -0.61627140641212452 0.65694129467010509 -0.26744759082794184 -0.090168371796607957 0.87305432558059703
decision_type=2 2 2 2 2 2
left_child=1 3 -3 -1 -2 -6
right_child=4 2 -4 -5 5 -7
leaf_value=-0.00237575854516532 0.0017902713968016119 0.00090843319788111931 -0.0097464223328971849 0.0060207525287793405 -0.0050415336143965015 0.0019628664480063887
leaf_weight=123.14027759060264 342.51374316960573 168.80590701475739 92.936267718672752 458.02127459645271 671.10810068994761 242.38625049591064
leaf_count=380 1032 468 283 1286 2049 738
internal_value=-0.000279126 0.00179484 -0.00308511 0.00412199 -0.0017243 -0.00311648
internal_weight=2098.91 842.904 261.742 581.162 1256.01 913.494
internal_count=6236 2417 751 1666 3819 2787
is_linear=0
shrinkage=0.03


Tree=105
num_leaves=7
num_cat=0
split_feature=9 12 2 14 13 5
split_gain=7.02168 10.3741 13.6692 8.96566 9.75008 7.32503
threshold=-0.1802314296364784 -0.074381768703460679 0.20263166725635531 2.432004570960999 -1.5226655602455137 0.26914151012897497
decision_type=2 2 2 2 2 2
left_child=3 2 -2 4 -1 -3
right_child=1 5 -4 -5 -6 -7
leaf_value=0.0080158541808964864 0.007975018610075808 -0.0019658260947864521 -0.0030740583625339527 0.0054202161104311419 -0.0057662848853026931 0.0032540524114638173
leaf_weight=30.606263242661953 332.33194214105606 778.62920373305678 119.38895054906607 78.273379519581795 426.41272886842489 323.96617704257369
leaf_count=90 917 2290 380 281 1259 952
internal_value=0.000139767 0.00118825 0.00492105 -0.00272978 -0.00442014 -0.000348017
internal_weight=2089.61 1554.32 451.721 535.292 457.019 1102.6
internal_count=6169 4539 1297 1630 1349 3242
is_linear=0
shrinkage=0.03


Tree=106
num_leaves=7
num_cat=0
split_feature=11 14 9 3 13 12
split_gain=6.04683 17.9536 10.411 10.3652 13.6384 10.6653
threshold=0.4533372968435288 -0.33743886649608607 -0.34643270075321192 -1.5406463742256162 -0.12188932672142981 1.7128077149391177
decision_type=2 2 2 2 2 2
left_child=3 -2 -3 5 -5 -1
right_child=1 2 -4 4 -6 -7
leaf_value=-0.012489755629317067 -0.011039315330364318 -0.0048935941797015048 0.0070267240334445889 -0.0050927816842684138 0.001586436581079199 0
leaf_weight=113.32831202074885 52.096648544073105 59.003089159727097 354.3052284643054 347.79643411934376 1068.8477560095489 99.032818000763655
leaf_count=360 155 182 1012 1064 3115 329
internal_value=-0.00017559 0.0027351 0.00503921 -0.00106664 -5.96662e-05 -0.00694257
internal_weight=2094.41 465.405 413.308 1629.01 1416.64 212.361
internal_count=6217 1349 1194 4868 4179 689
is_linear=0
shrinkage=0.03


Tree=107
num_leaves=7
num_cat=0
split_feature=7 18 6 8 7 0
split_gain=9.2256 11.9308 9.82593 14.9027 13.6893 3.12048
threshold=-1.5616360306739805 0.49117195606231695 -0.034330569207668298 -0.3011117130517959 1.2549649477005007 -1.8076238632202146
decision_type=2 2 2 2 2 2
left_child=1 5 4 -4 -2 -1
right_child=2 -3 3 -5 -6 -7
leaf_value=-0.0029270558820905348 0.0040857837369427776 0.0034187461663084712 0.00095136111529710169 -0.0069414227003760194 -0.0074612611671098306 -0.016690761609002035
leaf_weight=47.933485060930252 861.0662592574954 52.30753905698657 708.37785169109702 281.6161530315876 81.548856869339943 49.869700595736504
leaf_count=148 2439 151 2161 899 257 135
internal_value=9.6849e-05 -0.00657115 0.000707499 -0.00132743 0.00289021 -0.0120966
internal_weight=2082.72 150.111 1932.61 989.994 942.615 97.8032
internal_count=6190 434 5756 3060 2696 283
is_linear=0
shrinkage=0.03


Tree=108
num_leaves=7
num_cat=0
split_feature=11 13 3 2 14 0
split_gain=8.00386 9.19744 11.1841 7.83818 12.9549 12.4203
threshold=-0.32158617675304407 -0.0093793179839849455 0.95498883724212658 0.091065097600221648 1.3933908343315127 -1.0109935402870176
decision_type=2 2 2 2 2 2
left_child=1 -1 -3 5 -5 -2
right_child=3 2 -4 4 -6 -7
leaf_value=-0.0066931251737316292 0.0054552967429541801 -0.0017282783662443543 0.0091928637152657155 0.0023210308516736886 -0.0079592815541594062 -0.0026089522624356733
leaf_weight=238.17771960049868 649.15734220668674 464.35058555006981 82.023887746036053 276.12314005196095 152.70373487472534 206.41664689034224
leaf_count=762 1869 1403 244 770 526 578
internal_value=0.000299307 -0.00202251 7.20355e-05 0.00177281 -0.00139761 0.00342603
internal_weight=2068.95 784.552 546.374 1284.4 428.827 855.574
internal_count=6152 2409 1647 3743 1296 2447
is_linear=0
shrinkage=0.03


Tree=109
num_leaves=7
num_cat=0
split_feature=10 14 4 7 4 17
split_gain=8.94679 10.6616 8.20106 15.7707 8.04404 7.1043
threshold=0.59635630249977123 -0.15206267684698102 0.72999328374862682 -0.19635520130395887 -0.19503034651279447 0.25466175377368933
decision_type=2 2 2 2 2 2
left_child=1 4 5 -4 -1 -2
right_child=2 -3 3 -5 -6 -7
leaf_value=0.0091482726551257686 0.0024005415524945548 0.012846942473581336 -0.01614135184163604 0.0012870736945149014 -0.0059006590176885797 -0.0014400790613177425
leaf_weight=28.660251826047897 702.1604509986937 83.97179914265871 64.008480079472065 86.600874930620193 71.228695306926966 1060.2037935517728
leaf_count=76 2039 243 169 230 220 3262
internal_value=9.5311e-05 0.00609518 -0.00050741 -0.00679217 -0.000276524 6.62027e-05
internal_weight=2096.83 183.861 1912.97 150.609 99.8889 1762.36
internal_count=6239 539 5700 399 296 5301
is_linear=0
shrinkage=0.03


Tree=110
num_leaves=7
num_cat=0
split_feature=20 13 5 2 13 13
split_gain=8.5088 12.3291 10.8689 10.4439 15.6476 7.99549
threshold=1.0000000180025095e-35 0.51525476574897777 -0.20400611311197278 0.15085061639547351 -0.078895248472690568 0.06392808631062509
decision_type=2 2 2 2 2 2
left_child=3 -2 -3 4 -1 -5
right_child=1 2 -4 5 -6 -7
leaf_value=-0.0053866500351063785 0.0072166255465077565 0.009741534356708343 -0.0046915702393861662 0.00057785617842404254 0.0024105274814414592 -0.0078449727427355107
leaf_weight=294.99724630266428 286.80289413779974 38.443457640707493 202.19168293103576 129.86333528533578 847.1312742382288 281.75790300965309
leaf_count=890 799 95 656 427 2487 874
internal_value=-1.24865e-05 0.00318024 -0.00158497 -0.00116106 0.000286942 -0.00514498
internal_weight=2081.19 527.438 240.635 1553.75 1142.13 411.621
internal_count=6228 1550 751 4678 3377 1301
is_linear=0
shrinkage=0.03


Tree=111
num_leaves=6
num_cat=0
split_feature=8 18 5 5 4
split_gain=8.65578 7.9043 6.54791 5.17407 4.90254
threshold=0.55503523349761974 0.54544201493263256 0.25616697967052465 -0.69512316584587086 -0.1383344233036041
decision_type=2 2 2 2 2
left_child=3 2 -2 -1 -5
right_child=1 -3 -4 4 -6
leaf_value=0.008441065705527679 -0.015776701163929228 0.0030140925349946201 0 0.0019586780274693078 -0.0011504602841996389
leaf_weight=47.376587450504303 61.503325995057821 30.200097322463989 25.745309092104435 698.41244528070092 1231.2883130721748
leaf_count=129 207 101 73 2133 3621
internal_value=-0.000205638 -0.00750199 -0.0115847 0.000268548 0
internal_weight=2094.53 117.449 87.2486 1977.08 1929.7
internal_count=6264 381 280 5883 5754
is_linear=0
shrinkage=0.03


Tree=112
num_leaves=7
num_cat=0
split_feature=13 1 11 4 15 16
split_gain=7.22514 6.54712 7.86565 6.68093 4.51192 2.3653
threshold=1.168628513813019 0.018004753626883033 -0.74856978654861439 0.72999328374862682 -1.1471592783927915 0.48133824765682226
decision_type=2 2 2 2 2 2
left_child=1 2 -1 -3 -2 -6
right_child=4 3 -4 -5 5 -7
leaf_value=-0.0030624907865610144 -0.012322546372576787 -0.00058616207751381827 0.0030980196310451628 -0.0090611621924810652 0.0042460080650405709 -0.0051862830562423475
leaf_weight=208.10108151845634 48.632991779595613 805.93050187081099 892.25806569680572 77.137776978313923 27.869137205183506 27.058331824839115
leaf_count=612 182 2485 2607 206 74 89
internal_value=-0.000115431 0.000291164 0.00184551 -0.00157719 -0.00717494 0
internal_weight=2086.99 1983.43 1100.36 883.068 103.56 54.9275
internal_count=6255 5910 3219 2691 345 163
is_linear=0
shrinkage=0.03


Tree=113
num_leaves=6
num_cat=0
split_feature=10 10 17 9 6
split_gain=7.67032 5.19542 12.2927 9.83734 4.28818
threshold=0.37431719899177557 1.0476729869842532 -0.27539515495300287 -0.0042774628382176152 -0.089473515748977647
decision_type=2 2 2 2 2
left_child=4 2 -2 -3 -1
right_child=1 3 -4 -5 -6
leaf_value=0 0.0056095382771785014 0.002472069941295407 -0.0056090025323479063 -0.0023760011498679553 0.0120938716953564
leaf_weight=29.571358561515808 86.470072008669376 690.07976675033569 441.68872478231788 780.52324016392231 44.431532092392445
leaf_count=83 242 2069 1430 2276 129
internal_value=-0.000619181 -0.00102986 -0.00352519 -5.81491e-05 0.00769383
internal_weight=2072.76 1998.76 528.159 1470.6 74.0029
internal_count=6229 6017 1672 4345 212
is_linear=0
shrinkage=0.03


Tree=114
num_leaves=7
num_cat=0
split_feature=10 5 12 10 3 0
split_gain=6.27977 11.4783 8.68371 12.9299 9.9361 3.97568
threshold=0.59635630249977123 -0.079858373850584016 1.7128077149391177 1.0666397809982302 -1.5335924029350279 -0.75256383419036854
decision_type=2 2 2 2 2 2
left_child=1 -1 4 -4 -2 -3
right_child=2 5 3 -5 -6 -7
leaf_value=0.012001564101120632 -0.0086481162194530451 0.0018799056218348209 -0.0052083182059628128 0.0051145292290036681 -0.00080258915856649526 -0.0087609591490919649
leaf_weight=84.854193150997162 151.0824727602303 63.871341463178396 122.42403671517968 419.19906326383352 1189.1304649412632 27.286396145820618
leaf_count=243 476 206 422 1244 3503 72
internal_value=0 0.00511097 -0.000528684 0.00257202 -0.00184528 -0.00176869
internal_weight=2057.85 176.012 1881.84 541.623 1340.21 91.1577
internal_count=6166 521 5645 1666 3979 278
is_linear=0
shrinkage=0.03


Tree=115
num_leaves=6
num_cat=0
split_feature=13 0 17 0 17
split_gain=5.91837 4.46044 4.45667 16.3403 8.93408
threshold=-2.0603837966918941 -1.4671438932418821 1.6946026682853701 -1.6043397784233091 0.25466175377368933
decision_type=2 2 2 2 2
left_child=1 -1 4 -4 -2
right_child=2 -3 3 -5 -6
leaf_value=0 0.0011937280176286553 0.01322232580215381 -0.0032417860344073342 0.008363753902678614 -0.0032165738845506726
leaf_weight=25.508402336388826 806.92410479858518 32.904001511633396 196.24034290760756 195.2911207601428 786.77169619500637
leaf_count=95 2331 100 676 571 2406
internal_value=6.4159e-05 0.00817068 -0.000223556 0.00252626 -0.000959238
internal_weight=2043.64 58.4124 1985.23 391.531 1593.7
internal_count=6179 195 5984 1247 4737
is_linear=0
shrinkage=0.03


Tree=116
num_leaves=7
num_cat=0
split_feature=5 16 7 1 0 14
split_gain=6.82778 7.59299 7.23948 11.0941 8.19245 2.43903
threshold=0.61465573310852062 0.78045216202735912 0.85812348127365123 -0.1267442777752876 -1.9404410123825071 0.078111339360475554
decision_type=2 2 2 2 2 2
left_child=2 5 3 -1 -4 -2
right_child=1 -3 4 -5 -6 -7
leaf_value=0.0021131293519621379 0.0051026741490721554 0.016112019623798088 -0.002362849468067254 -0.0031454922724479897 0.0058004350333702159 -0.0040692745536835898
leaf_weight=531.68078377470374 29.537485048174858 29.636887639760971 143.91084805876017 989.32080215588212 296.12518959492445 34.671495787799358
leaf_count=1545 77 88 486 3009 891 107
internal_value=0.000128865 0.00729101 -0.000253741 -0.00126479 0.00301361 0
internal_weight=2054.88 93.8459 1961.04 1521 440.036 64.209
internal_count=6203 272 5931 4554 1377 184
is_linear=0
shrinkage=0.03


Tree=117
num_leaves=7
num_cat=0
split_feature=18 7 4 8 16 15
split_gain=5.87675 12.112 10.7408 10.4012 10.8899 7.39934
threshold=-0.30737616121768946 0.47149360179901129 0.84477752447128307 -1.1651389598846433 0.38131743669509893 -0.11058058962225913
decision_type=2 2 2 2 2 2
left_child=3 2 -2 -1 -5 -3
right_child=1 5 -4 4 -6 -7
leaf_value=0.0091256194808525797 0.002475411453384336 -0.0055001147790132562 -0.010232061823026457 0.0057463323900817116 -0.0026894054619310409 0.0045996376871697232
leaf_weight=157.00175881385803 825.1882435567677 450.98599217832088 43.428615499287844 206.24967484921217 326.09725239500403 53.771738931536674
leaf_count=461 2457 1475 114 589 981 168
internal_value=0.000564929 -0.000536805 0.00155656 0.00279772 0.000559992 -0.00417555
internal_weight=2062.72 1373.37 868.617 689.349 532.347 504.758
internal_count=6245 4214 2571 2031 1570 1643
is_linear=0
shrinkage=0.03


Tree=118
num_leaves=7
num_cat=0
split_feature=16 3 3 18 11 11
split_gain=7.03151 8.69959 9.43888 7.28627 9.43892 5.00288
threshold=0.27476391196250921 0.59431850910186779 -1.5968546867370603 -2.9138479232788081 -0.14367006719112393 -0.88538762927055348
decision_type=2 2 2 2 2 2
left_child=3 2 -2 -1 -5 -3
right_child=1 5 -4 4 -6 -7
leaf_value=-0.0084801085286290365 -0.0054267581791355114 0.00017554068894023783 0.00073474519757359472 0 0.0075416931287778568 -0.01073136827723249
leaf_weight=30.853894099593163 264.03168737143278 37.554549865424633 998.190793517977 357.51404603011906 239.02477707713842 110.91488461196423
leaf_count=95 880 120 2985 1054 683 370
internal_value=-0.000290685 -0.00148743 -0.000571867 0.00227034 0.00318073 -0.00792306
internal_weight=2038.08 1410.69 1262.22 627.393 596.539 148.469
internal_count=6187 4355 3865 1832 1737 490
is_linear=0
shrinkage=0.03


Tree=119
num_leaves=7
num_cat=0
split_feature=13 8 17 17 15 18
split_gain=8.75325 8.58792 12.0417 9.00618 7.65761 15.8529
threshold=0.74971535801887523 -0.19991372525691983 -1.9682197570800779 -1.2605470418930051 -0.54141920804977406 -0.3913846611976623
decision_type=2 2 2 2 2 2
left_child=1 2 -1 -3 5 -2
right_child=4 3 -4 -5 -6 -7
leaf_value=-0.0080643007421712012 0.0086017736243534509 0.0081097864083590054 0.0039119942091541569 -0.0039120678379799111 -0.0077373064300775346 -0.0038969617864244399
leaf_weight=60.037109971046448 108.00116524472833 44.943719502538443 1017.386219792068 337.75377060100436 163.25554697960615 296.68871188908815
leaf_count=152 337 124 2981 1091 498 969
internal_value=0.000424272 0.00167549 0.00305516 -0.00201858 -0.00263798 -0.000172094
internal_weight=2028.07 1460.12 1077.42 382.697 567.945 404.69
internal_count=6152 4348 3133 1215 1804 1306
is_linear=0
shrinkage=0.03


Tree=120
num_leaves=7
num_cat=0
split_feature=19 0 13 11 16 16
split_gain=6.15845 11.0509 7.4642 7.01573 11.2875 9.41978
threshold=0.18837621062994006 -1.0667907595634458 0.52211627364158641 -0.47764483094215388 -0.47435458004474634 -0.60249581933021534
decision_type=2 2 2 2 2 2
left_child=1 2 -1 5 -5 -2
right_child=3 -3 -4 4 -6 -7
leaf_value=0.004543484745028502 0.0081071497827404776 0.015183166687992498 -0.0094783231578913687 -0.0094666018295050322 0.0014659786017140375 -0.004612579089578391
leaf_weight=81.00990879163146 37.234405517578125 46.259136222302914 31.56585967540741 70.099645666778088 1298.4168081991374 474.58059979975224
leaf_count=252 109 122 86 197 3913 1528
internal_value=0.000115946 0.00545868 0 -0.000356491 0.000734477 -0.00330431
internal_weight=2039.17 158.835 112.576 1880.33 1368.52 511.815
internal_count=6207 460 338 5747 4110 1637
is_linear=0
shrinkage=0.03


Tree=121
num_leaves=7
num_cat=0
split_feature=11 9 15 4 2 23
split_gain=4.79601 8.69509 11.4195 7.66083 15.7147 7.84805
threshold=0.41915924847126013 0.056647386401891715 -0.45819166302680964 -0.15305887162685392 0.046722769737243659 1.0000000180025095e-35
decision_type=2 2 2 2 2 2
left_child=3 2 -2 4 -1 -5
right_child=1 -3 -4 5 -6 -7
leaf_value=0.005730838569914215 0.0034603043283006744 0.0079133609801287155 -0.0080283827617342127 -0.00047206175499532241 -0.0048059787253573738 -0.0065521156394966135
leaf_weight=363.37710407748818 222.65784945338964 167.33871371299028 94.391640871763229 767.46345105022192 167.38630959019065 248.2319443076849
leaf_count=1100 677 481 282 2381 550 741
internal_value=0.000219933 0.00278311 -5.55108e-05 -0.000569897 0.00224506 -0.00211377
internal_weight=2030.85 484.388 317.049 1546.46 530.763 1015.7
internal_count=6212 1440 959 4772 1650 3122
is_linear=0
shrinkage=0.03


Tree=122
num_leaves=7
num_cat=0
split_feature=7 18 7 13 19 20
split_gain=6.82342 8.28279 6.11013 8.37065 5.82242 5.30706
threshold=-1.4634612202644346 0.47818619012832647 -0.94806030392646778 0.67505511641502391 0.21055693924427035 1.0000000180025095e-35
decision_type=2 2 2 2 2 2
left_child=1 4 3 -2 -1 -4
right_child=2 -3 5 -5 -6 -7
leaf_value=0 0.0092413851614614427 0.0019135967349293271 -0.0016105707454006329 -0.0036552186610972733 -0.013831941523410768 0.0021833249528283006
leaf_weight=27.908809311687946 114.18321898952127 58.110608123242855 1281.0297186970711 47.067806176841259 81.164997972548008 416.86869202926755
leaf_count=85 304 172 3985 141 244 1272
internal_value=-0.000628919 -0.00609183 -4.61287e-05 0.00515799 -0.0104573 -0.000629591
internal_weight=2026.33 167.184 1859.15 161.251 109.074 1697.9
internal_count=6203 501 5702 445 329 5257
is_linear=0
shrinkage=0.03


Tree=123
num_leaves=5
num_cat=0
split_feature=14 14 0 2
split_gain=5.63825 7.67233 5.82095 1.25134
threshold=-0.92459541559219349 -0.6287521719932555 0.067015334963798537 -0.099945589900016771
decision_type=2 2 2 2
left_child=-1 3 -3 -2
right_child=1 2 -4 -5
leaf_value=0.0097326604495278843 -0.012432649825060213 -0.00019272509467306288 0.0081514104490926879 -0.0025473770149505191
leaf_weight=31.668090552091599 29.59209056198597 1843.4481778852642 58.17524541169405 60.44813285395503
leaf_count=98 89 5692 158 184
internal_value=-1.98301e-05 -0.000299945 0.000113501 -0.00801064
internal_weight=2023.33 1991.66 1901.62 90.0402
internal_count=6221 6123 5850 273
is_linear=0
shrinkage=0.03


Tree=124
num_leaves=7
num_cat=0
split_feature=5 13 11 0 10 2
split_gain=8.27483 8.51655 5.14301 8.9585 7.78799 2.6807
threshold=0.58852687478065502 1.061544716358185 0.41915924847126013 -1.6445844173431394 0.66907253861427318 -0.071969289332628236
decision_type=2 2 2 2 2 2
left_child=2 5 4 -4 -1 -2
right_child=1 -3 3 -5 -6 -7
leaf_value=0.0043350090637946526 0.0011018150195213484 -0.0036477570503109704 0.0071539249305906626 -0.00094418599155113173 -0.0018663518004544256 0.014837119186948574
leaf_weight=188.69303889945149 31.542395949363708 28.514680773019791 195.87093611434102 251.42451740056276 1272.449910633266 57.805019617080688
leaf_count=596 85 104 585 748 3932 155
internal_value=0.000398178 0.00750186 -8.26735e-05 0.00262799 -0.000977272 0.0116253
internal_weight=2026.3 117.862 1908.44 447.295 1461.14 89.3474
internal_count=6205 344 5861 1333 4528 240
is_linear=0
shrinkage=0.03


Tree=125
num_leaves=7
num_cat=0
split_feature=11 0 0 14 14 9
split_gain=5.79257 13.2306 8.8526 9.19265 6.70167 5.19283
threshold=-0.39035971462726587 -1.5108044743537901 -2.3132040500640865 0.72059831023216259 0.037261007353663451 -0.036279851570725434
decision_type=2 2 2 2 2 2
left_child=1 -1 5 -4 -3 -2
right_child=2 4 3 -5 -6 -7
leaf_value=-0.0058781546752231604 0.011071137354079724 0.0063914249161362681 0.002543505502089715 -0.0028065093784004642 -0.001667757884575814 0.00082332754387176522
leaf_weight=354.05139690265059 102.95507166162133 156.85213307291269 667.92875779792666 475.1796951405704 164.35007728263736 96.842823199927807
leaf_count=1223 322 412 1928 1518 521 302
internal_value=0.000216681 -0.00197891 0.00137755 0.00025795 0.00223588 0.00690385
internal_weight=2018.16 675.254 1342.91 1143.11 321.202 199.798
internal_count=6226 2156 4070 3446 933 624
is_linear=0
shrinkage=0.03


Tree=126
num_leaves=7
num_cat=0
split_feature=9 15 3 16 17 14
split_gain=6.23295 15.0283 13.7815 9.4883 10.335 10.3229
threshold=-0.0042774628382176152 -2.0086964368820186 -1.0212450623512266 -0.18914354592561719 0.73870155215263378 -0.10363660380244254
decision_type=2 2 2 2 2 2
left_child=1 -1 -3 4 -2 -5
right_child=3 2 -4 5 -6 -7
leaf_value=-0.0068281355180625919 0.010575462088470383 -0.00072460081594386146 0.006389677583622108 0.001992983429562977 -0.0031637698347390642 -0.0053158285719583486
leaf_weight=140.93014765158296 86.829508647322655 437.12690014764667 492.01202779635787 222.66025419533253 68.932410858571529 554.01820492744446
leaf_count=498 226 1373 1472 677 210 1710
internal_value=1.06285e-06 0.00157926 0.00303471 -0.00174221 0.00448567 -0.00314777
internal_weight=2002.51 1070.07 929.139 932.44 155.762 776.678
internal_count=6166 3343 2845 2823 436 2387
is_linear=0
shrinkage=0.03


Tree=127
num_leaves=7
num_cat=0
split_feature=13 8 18 3 14 18
split_gain=4.60957 13.8824 12.7059 10.2628 12.8963 8.42807
threshold=0.67505511641502391 -1.3748083114624021 0.14803048223257068 -1.0212450623512266 0.11415584757924081 0.55712309479713451
decision_type=2 2 2 2 2 2
left_child=1 -1 -3 4 -2 -5
right_child=3 2 -4 5 -6 -7
leaf_value=0.0085081343231411255 0.00054807140293054951 -0.0034321666453550411 0.0027600327354501816 0.0030699194421746679 -0.011940978791462081 -0.0066352586424038504
leaf_weight=163.02351795136929 115.08226564526558 585.09813671000302 563.88674953579903 321.23094540089369 147.70261896401644 83.975972168147564
leaf_count=490 343 1772 1739 1002 531 255
internal_value=-0.000179459 0.000819768 -0.000346669 -0.00219604 -0.00660749 0.000699998
internal_weight=1980 1312.01 1148.98 667.992 262.785 405.207
internal_count=6132 4001 3511 2131 874 1257
is_linear=0
shrinkage=0.03


Tree=128
num_leaves=7
num_cat=0
split_feature=8 13 7 9 6 13
split_gain=4.74901 5.7866 7.62768 6.55655 4.24398 3.97434
threshold=0.40503495931625372 -0.88207003474235524 -0.48252572119235987 -0.18540291488170621 -0.37358993291854853 0.78387495875358593
decision_type=2 2 2 2 2 2
left_child=1 2 -1 -3 -2 -6
right_child=4 3 -4 -5 5 -7
leaf_value=-0.0038656364355813058 0.003684603251422865 -0.0035576129888463385 0.0090224476757767586 0.0006597912376021482 -0.0090572689582352952 0.0014054786079618039
leaf_weight=38.641909699887037 21.438997115939856 422.85002668946981 114.57757194340229 1262.7665858156979 116.5759537294507 24.441029869019985
leaf_count=119 63 1360 354 3857 404 73
internal_value=-0.00031834 0.000106733 0.00535466 -0.00039231 -0.00494288 -0.0069219
internal_weight=2001.29 1838.84 153.219 1685.62 162.456 141.017
internal_count=6230 5690 473 5217 540 477
is_linear=0
shrinkage=0.03


Tree=129
num_leaves=5
num_cat=0
split_feature=1 17 0 4
split_gain=6.71771 5.8868 10.057 7.8633
threshold=0.7973773479461671 2.0958752632141118 -2.4710519313812251 -0.065645411610603319
decision_type=2 2 2 2
left_child=1 2 -1 -3
right_child=-2 3 -4 -5
leaf_value=0.0069983002744535916 -0.010582406083637863 0.010214080112501278 -0.00064384978538773081 0
leaf_weight=151.34710717573762 27.984162665903568 108.75123652815819 1585.7629210781306 134.4178200289607
leaf_count=468 95 376 4850 414
internal_value=0.000439164 0.000729163 5.991e-05 0.00491418
internal_weight=2008.26 1980.28 1737.11 243.169
internal_count=6203 6108 5318 790
is_linear=0
shrinkage=0.03


Tree=130
num_leaves=7
num_cat=0
split_feature=6 17 10 15 10 6
split_gain=4.88624 7.58937 10.8696 7.03415 8.86834 8.0862
threshold=-0.034330569207668298 -1.0147867798805235 1.51957643032074 -1.4172694087028501 1.7614498734474184 0.27648037672042852
decision_type=2 2 2 2 2 2
left_child=1 -1 -3 5 -5 -2
right_child=3 2 -4 4 -6 -7
leaf_value=-0.0045250999098305688 -0.0080860238167472179 0.00032344023859759452 0.0077405901844039577 0.002526783851033043 -0.0046454791728755083 0.0012506062650997839
leaf_weight=129.96436847001314 212.35001019015908 591.072125505656 247.68485955148935 494.95398622006178 200.53854302316904 107.18230441212654
leaf_count=366 778 1821 691 1555 594 357
internal_value=7.38706e-05 0.00160923 0.00271286 -0.00133626 0.000302827 -0.00488829
internal_weight=1983.75 968.721 838.757 1015.02 695.493 319.532
internal_count=6162 2878 2512 3284 2149 1135
is_linear=0
shrinkage=0.03


Tree=131
num_leaves=6
num_cat=0
split_feature=1 11 7 10 8
split_gain=5.56093 6.32386 7.65708 7.51386 1.09195
threshold=-0.59896859526634205 0.4533372968435288 0.8302171826362611 0.59635630249977123 -0.48572959005832667
decision_type=2 2 2 2 2
left_child=4 3 -3 -2 -1
right_child=1 2 -4 -5 -6
leaf_value=-0.00037865839352588856 0.0053491222553938723 0.0011721563524139844 0.011403326253279859 -0.0014337174439107347 -0.011155452920940417
leaf_weight=27.356426909565926 142.3888905569911 366.56686050072312 67.64814355224371 1366.185791566968 27.519760474562645
leaf_count=82 433 1102 209 4298 84
internal_value=-7.64249e-05 0.000200651 0.00333013 -0.000692646 -0.00812056
internal_weight=1997.67 1942.79 434.215 1508.57 54.8762
internal_count=6208 6042 1311 4731 166
is_linear=0
shrinkage=0.03


Tree=132
num_leaves=7
num_cat=0
split_feature=4 17 17 18 14 6
split_gain=7.56871 13.3142 5.63452 12.6185 5.95855 4.588
threshold=0.72999328374862682 -0.16305378824472425 -0.4170341938734054 0.46105539798736578 2.1157666444778447 0.044568801298737533
decision_type=2 2 2 2 2 2
left_child=2 -2 3 -1 -4 -3
right_child=1 5 4 -5 -6 -7
leaf_value=0.0074094105949217169 -0.014175059966230339 0.0090173474415462841 0.001008734223512729 -0.0040238241042392662 -0.0033362140012000597 -0.0027481711027530858
leaf_weight=262.91469638422132 66.61850243806839 28.917593076825142 1116.6657664719969 102.83039163798094 358.07417251542211 49.222908966243267
leaf_count=778 191 74 3408 311 1299 151
internal_value=0.000194634 -0.00592958 0.000767134 0.00399742 -3.66236e-05 0.00194487
internal_weight=1985.24 144.759 1840.49 365.745 1474.74 78.1405
internal_count=6212 416 5796 1089 4707 225
is_linear=0
shrinkage=0.03


Tree=133
num_leaves=7
num_cat=0
split_feature=8 12 19 8 18 2
split_gain=6.33497 14.5904 9.29877 9.06113 13.446 10.4545
threshold=-0.95775938034057606 -0.79863438010215748 1.2762954831123354 -1.1090426445007322 0.039302000775933273 0.2593804150819779
decision_type=2 2 2 2 2 2
left_child=3 -2 -3 4 -1 -5
right_child=1 2 -4 5 -6 -7
leaf_value=0.0047286545457475024 -0.0064083087364807763 0.0039443651631130856 -0.0021829922860489188 -0.011454094858612868 -0.0047623010322459533 0.0047719615138651795
leaf_weight=234.70961999893188 173.56326835975051 878.60217038169503 268.30081856995821 135.10367450118065 263.05596560239792 28.309908375144005
leaf_count=696 565 2731 859 409 844 86
internal_value=-7.47367e-06 0.00115978 0.0024467 -0.00239233 -0.000161393 -0.00810212
internal_weight=1981.65 1320.47 1146.9 661.179 497.766 163.414
internal_count=6190 4155 3590 2035 1540 495
is_linear=0
shrinkage=0.03


Tree=134
num_leaves=7
num_cat=0
split_feature=8 17 8 2 4 0
split_gain=4.84862 10.7327 8.86412 10.5383 7.70998 7.38141
threshold=-0.19991372525691983 0.61463570594787609 -0.41404597461223597 -0.013552593067288397 -0.39062258601188654 -1.7335808873176572
decision_type=2 2 2 2 2 2
left_child=2 5 4 -4 -1 -2
right_child=1 -3 3 -5 -6 -7
leaf_value=0.0071622743028301071 -0.0034961840981653949 -0.0065508797631879476 0.011866443592393316 -0.00062542559826129411 -0.0010301123626908415 0.0065030843963883138
leaf_weight=92.330017425119877 98.551939791068435 275.81244703754783 106.83802178502083 96.719016671180725 1198.6784047745168 123.25758323818445
leaf_count=261 327 931 313 304 3718 371
internal_value=-0.000218377 -0.00274466 0.00060828 0.00613766 -0.00029812 0.00189048
internal_weight=1992.19 497.622 1494.57 203.557 1291.01 221.81
internal_count=6225 1629 4596 617 3979 698
is_linear=0
shrinkage=0.03


Tree=135
num_leaves=7
num_cat=0
split_feature=13 3 4 20 18 7
split_gain=7.10499 14.108 13.9932 11.7831 9.60566 9.38318
threshold=0.54395279288291942 -1.4634670615196226 -0.14247897267341611 1.0000000180025095e-35 -1.7434192299842832 0.60414087772369396
decision_type=2 2 2 2 2 2
left_child=3 -2 -3 4 -1 -5
right_child=1 2 -4 5 -6 -7
leaf_value=-0.0084265383313519779 -0.0096490722988275667 0.0050696313032585058 -0.0038004770947071883 0.0091116660042098157 0.00037813360305200173 -0.0021607872661076528
leaf_weight=108.93356930837035 182.36334560066462 233.2887008190155 410.02144950628281 207.39900468289852 746.63091156259179 73.742453388869762
leaf_count=353 651 740 1255 598 2356 226
internal_value=-0.000620453 -0.00272307 -0.000437512 0.000875634 -0.000841257 0.00600856
internal_weight=1962.38 825.673 643.31 1136.71 855.564 281.141
internal_count=6179 2646 1995 3533 2709 824
is_linear=0
shrinkage=0.03


Tree=136
num_leaves=7
num_cat=0
split_feature=20 17 4 9 6 0
split_gain=6.82697 11.7452 13.3281 5.34626 8.79001 5.01342
threshold=1.0000000180025095e-35 -1.4134311676025388 -0.048083180561661713 -0.23451300710439679 0.19707675278186801 -1.5721699595451353
decision_type=2 2 2 2 2 2
left_child=3 -2 -3 5 -5 -1
right_child=1 2 -4 4 -6 -7
leaf_value=-0.0077587517433607284 -0.008171462385000031 -0.00099345700902053139 0.0088690792212601319 0.0015099491780335521 -0.0042419495383218117 0
leaf_weight=156.67295796796679 52.087576344609261 193.70734804868698 264.54391461610794 891.25171929970384 304.18352512270212 149.66772967576981
leaf_count=527 152 626 792 2722 1008 474
internal_value=6.36958e-05 0.00302122 0.00470743 -0.000928412 0 -0.0043317
internal_weight=2012.11 510.339 458.251 1501.78 1195.44 306.341
internal_count=6301 1570 1418 4731 3730 1001
is_linear=0
shrinkage=0.03


Tree=137
num_leaves=7
num_cat=0
split_feature=19 20 6 16 5 7
split_gain=5.05098 8.32794 6.60672 12.1131 9.00983 3.13951
threshold=0.2633975893259049 1.0000000180025095e-35 -0.10021428763866423 0.02556282747536898 0.2821070402860642 -2.1413648128509517
decision_type=2 2 2 2 2 2
left_child=1 5 3 -2 -4 -1
right_child=2 -3 4 -5 -6 -7
leaf_value=-0.0065079626313205722 -0.006201324374717391 0.012806476181263888 -0.0035613414884961745 0.0035993575775357251 0.0024211505529275093 0.0026013259935221121
leaf_weight=28.010256912559271 117.68588007241488 50.911915272474289 810.75602016597986 578.87261105701327 283.23831760883331 97.062770295888186
leaf_count=95 348 139 2612 1773 911 312
internal_value=0 0.00459322 -0.000476483 0.0017329 -0.00194294 0
internal_weight=1966.54 175.985 1790.55 696.558 1093.99 125.073
internal_count=6190 546 5644 2121 3523 407
is_linear=0
shrinkage=0.03


Tree=138
num_leaves=7
num_cat=0
split_feature=1 9 15 14 17 6
split_gain=8.26374 5.8457 5.04688 8.93301 6.05359 4.36061
threshold=0.39135168492794042 0.68260195851326 -2.0324790477752681 -0.32322813570499415 -0.27539515495300287 0.091382551938295378
decision_type=2 2 2 2 2 2
left_child=2 5 3 -1 -4 -2
right_child=1 -3 4 -5 -6 -7
leaf_value=0.0069346287964252374 0.0005486354662848907 0.0041917302946076511 0.0045328089659700732 -0.0062652713993632311 0.00032432534410634328 -0.0098904073260935779
leaf_weight=38.92317670583725 31.120574846863747 26.425396122038364 416.56454177945852 172.47945393621922 1179.3437779992819 127.60859384015203
leaf_count=120 99 83 1188 618 3706 426
internal_value=0.000225224 -0.00544594 0.000892303 -0.00318633 0.00150246 -0.00767565
internal_weight=1992.47 185.155 1807.31 211.403 1595.91 158.729
internal_count=6240 608 5632 738 4894 525
is_linear=0
shrinkage=0.03


Tree=139
num_leaves=7
num_cat=0
split_feature=9 15 3 16 9 7
split_gain=7.6131 9.20242 16.9339 8.19823 7.34676 6.37969
threshold=0.19692286849021914 -1.3969868421554563 0.76684910058975231 0.51864984631538402 0.12057489156723024 0.33087503910064703
decision_type=2 2 2 2 2 2
left_child=4 2 -2 -3 -1 -6
right_child=1 3 -4 -5 5 -7
leaf_value=-3.0763246768567057e-05 -0.015411178589520439 -0.0041780498082151507 0.003348393048823044 0.0053244328736272448 0 0.012384668624938771
leaf_weight=1380.7702869959176 103.05940920859575 187.92697631567717 50.378924507647753 113.30994309484959 72.727910190820694 64.455196764320135
leaf_count=4361 333 591 153 340 222 210
internal_value=-0.000370438 -0.0037073 -0.00922999 -0.000307964 0.000625258 0.00677369
internal_weight=1972.63 454.675 153.438 301.237 1517.95 137.183
internal_count=6210 1417 486 931 4793 432
is_linear=0
shrinkage=0.03


Tree=140
num_leaves=6
num_cat=0
split_feature=13 11 1 7 8
split_gain=5.43873 6.76804 6.98543 5.54591 5.41884
threshold=1.1917774081230166 -0.98088383674621571 -0.48871141672134394 -0.22812195122241971 0.27145867049694067
decision_type=2 2 2 2 2
left_child=1 2 -1 -2 -3
right_child=3 4 -4 -5 -6
leaf_value=0.0065911980778667377 0.0024440414840029021 0.0018329603809095251 -0.0063721130708127363 -0.010662703529832947 -0.0035944071305044952
leaf_weight=24.229545667767525 25.866592980921268 1486.7348002195358 188.80501063913107 60.079591810703278 160.95971848070621
leaf_count=75 90 4602 604 217 545
internal_value=0.000137579 0.000538269 -0.00420111 -0.00643501 0.00123005
internal_weight=1946.68 1860.73 213.035 85.9462 1647.69
internal_count=6133 5826 679 307 5147
is_linear=0
shrinkage=0.03


Tree=141
num_leaves=7
num_cat=0
split_feature=9 14 5 4 14 12
split_gain=4.84707 7.33829 6.91758 6.85814 6.07186 4.55284
threshold=0.57697489857673656 -0.19667489081621167 -0.44136583805084223 0.76916638016700756 0.4365046918392182 2.0029200315475468
decision_type=2 2 2 2 2 2
left_child=2 -2 4 -3 -1 -4
right_child=1 3 5 -5 -6 -7
leaf_value=0.012261213267192468 -0.014840616461420082 0.0060272932116880651 -0.00061220528974858786 -0.0086937754846857715 -0.00039798251027682802 0.0027939016876928967
leaf_weight=64.489391803741455 25.896605208516121 51.532331980764866 1311.0330833792686 27.282364688813686 40.533749703317881 455.83777789771557
leaf_count=180 83 151 4119 90 134 1466
internal_value=0.000373324 -0.00530064 0.000775112 0 0.0076134 0.000254399
internal_weight=1976.61 104.711 1871.89 78.8147 105.023 1766.87
internal_count=6223 324 5899 241 314 5585
is_linear=0
shrinkage=0.03


Tree=142
num_leaves=7
num_cat=0
split_feature=16 18 7 11 7 11
split_gain=6.36792 10.8176 9.92522 9.2611 8.88043 8.08702
threshold=0.2002600505948067 0.62644118070602428 1.1700362563133242 0.1023913510143757 0.8999343514442445 0.78458663821220409
decision_type=2 2 2 2 2 2
left_child=3 4 -3 -1 -2 -5
right_child=1 2 -4 5 -6 -7
leaf_value=0.00055087207536105571 -0.0032491002935454536 0.0069568615272897249 -0.007141831971542942 0.013466271886591755 0.0027569675391324456 -0.00052399016180242411
leaf_weight=381.59785282984376 903.36465943604708 236.48341946303844 33.524134367704391 97.33030004799366 264.24034874886274 40.694767020642757
leaf_count=1173 2872 733 130 283 891 120
internal_value=0.00048301 -0.000517561 0.00462767 0.00327901 -0.00181581 0.00941748
internal_weight=1957.24 1437.61 270.008 519.623 1167.61 138.025
internal_count=6202 4626 863 1576 3763 403
is_linear=0
shrinkage=0.03


Tree=143
num_leaves=6
num_cat=0
split_feature=5 16 2 9 0
split_gain=5.61783 7.7785 5.69071 6.66932 3.46188
threshold=0.63484987616539013 0.65121284127235424 0.58033606410026561 -0.1879572197794914 -1.6252343058586118
decision_type=2 2 2 2 2
left_child=2 -2 3 -1 -4
right_child=1 -3 4 -5 -6
leaf_value=-0.004018699752037367 -0.0024879864137745218 0.012641547910761497 -0.013898352120461316 8.7510443906716338e-05 0
leaf_weight=450.98777152225375 38.618047751486301 43.045406963676214 32.189250305294991 1346.8233209438622 35.199851751327515
leaf_count=1486 130 131 118 4217 117
internal_value=-0.000967118 0.00581478 -0.00135441 -0.000942423 -0.0089278
internal_weight=1946.86 81.6635 1865.2 1797.81 67.3891
internal_count=6199 261 5938 5703 235
is_linear=0
shrinkage=0.03


Tree=144
num_leaves=7
num_cat=0
split_feature=1 16 17 8 0 16
split_gain=6.46594 5.27373 5.31515 5.15188 3.90733 3.506
threshold=0.4068600088357926 -0.8806345760822295 2.0958752632141118 -0.42329786717891688 -0.95591905713081349 0.69106364250183117
decision_type=2 2 2 2 2 2
left_child=1 3 -3 -1 5 -2
right_child=4 2 -4 -5 -6 -7
leaf_value=0.013946215889939859 -0.010415602213221568 -0.00040589837119023227 0.0045743765430004239 0 0.0010875141968972469 0
leaf_weight=31.052867472171783 88.909487418830395 1521.414601366967 199.23570174351335 33.048772931098938 40.995057463645935 28.561459206044674
leaf_count=83 317 4783 661 107 132 97
internal_value=1.00132e-05 0.000578695 0.000182236 0.00793316 -0.00540575 -0.00793677
internal_weight=1943.22 1784.75 1720.65 64.1016 158.466 117.471
internal_count=6180 5634 5444 190 546 414
is_linear=0
shrinkage=0.03


Tree=145
num_leaves=5
num_cat=0
split_feature=1 11 0 3
split_gain=5.46735 5.56788 7.58022 4.5516
threshold=-0.59896859526634205 -0.39035971462726587 -1.5507343411445615 0.7115488350391389
decision_type=2 2 2 2
left_child=-1 2 -2 -3
right_child=1 3 -4 -5
leaf_value=-0.0078706189085449886 -0.0047895248941653623 0.0022986341370626294 0.0014832750210207553 -0.0041500296385589379
leaf_weight=51.018837422132492 319.90457721054554 1163.306424614042 319.10146083682775 83.179210871458054
leaf_count=161 1125 3635 949 287
internal_value=0.000249336 0.000580843 -0.00161607 0.00176219
internal_weight=1936.51 1885.49 639.006 1246.49
internal_count=6157 5996 2074 3922
is_linear=0
shrinkage=0.03


Tree=146
num_leaves=7
num_cat=0
split_feature=1 7 18 17 16 7
split_gain=5.27342 7.70999 7.03516 6.36396 5.8161 7.95365
threshold=-0.18607139587402341 0.69626808166503917 -0.57612580060958851 -0.12543578073382375 0.7346160113811494 -0.442155972123146
decision_type=2 2 2 2 2 2
left_child=1 2 -1 -3 -2 -6
right_child=4 3 -4 -5 5 -7
leaf_value=-0.0018160477722119718 -0.0018039903638439173 0.0059931241803978588 0.0074837563141353066 -0.0058745173229435635 0.010283247387214388 0
leaf_weight=76.303648181259632 1071.4875003024936 35.720465928316116 269.57738097384572 115.03679004684091 69.731079503893852 289.12770256772637
leaf_count=243 3407 111 843 382 219 964
internal_value=0.000227776 0.00285093 0.00528105 -0.00233862 -0.000668407 0.00248011
internal_weight=1926.98 496.638 345.881 150.757 1430.35 358.859
internal_count=6169 1579 1086 493 4590 1183
is_linear=0
shrinkage=0.03


Tree=147
num_leaves=7
num_cat=0
split_feature=11 3 13 6 0 13
split_gain=4.85594 9.77463 13.1079 8.31273 5.52666 11.6253
threshold=0.094220861792564406 -1.1523949503898618 -0.078895248472690568 0.26065559685230261 -1.6445844173431394 0.66304573416709911
decision_type=2 2 2 2 2 2
left_child=1 3 -3 -1 5 -2
right_child=4 2 -4 -5 -6 -7
leaf_value=-0.0082713612617275837 0.0087474288127200595 -0.0056782068785923489 0.0022323420828737586 0.0043162726030841481 -0.00059450565982592399 -0.002006711419090727
leaf_weight=239.90434547886252 196.77244471758604 238.93856097571552 672.0256719365716 37.791062206029892 417.85687212646008 131.65858929604292
leaf_count=823 592 819 2123 122 1311 414
internal_value=-0.000252811 -0.00146095 1.56089e-05 -0.00618189 0.00158107 0.00439647
internal_weight=1934.95 1188.66 910.964 277.695 746.288 328.431
internal_count=6204 3887 2942 945 2317 1006
is_linear=0
shrinkage=0.03


Tree=148
num_leaves=6
num_cat=0
split_feature=5 4 2 12 17
split_gain=6.47921 7.82929 7.50771 7.61723 6.82534
threshold=0.63484987616539013 0.28822813928127294 -0.041381200775504105 2.3917950391769414 1.5150477886199953
decision_type=2 2 2 2 2
left_child=2 -2 3 -1 -4
right_child=1 -3 4 -5 -6
leaf_value=-0.0001428061218386207 0.012163912099300331 -0.0036468933752492583 -0.0042196676499948738 0.0070880560668447447 0.0012374466701597327
leaf_weight=740.92954790219665 55.579896964132786 25.638045407831669 713.10862313210964 135.49302637577057 255.5579110942781
leaf_count=2301 176 84 2302 433 879
internal_value=-0.000486099 0.00684572 -0.000910953 0.00104134 -0.00272335
internal_weight=1926.31 81.2179 1845.09 876.423 968.667
internal_count=6175 260 5915 2734 3181
is_linear=0
shrinkage=0.03


Tree=149
num_leaves=7
num_cat=0
split_feature=15 6 16 4 7 17
split_gain=6.09088 4.68393 4.55273 4.27678 8.97878 7.68645
threshold=-2.0537627935409541 -0.29785589873790735 -0.071303855627775178 0.72999328374862682 -0.39251708984374994 -0.27539515495300287
decision_type=2 2 2 2 2 2
left_child=1 -1 -3 5 -5 -2
right_child=3 2 -4 4 -6 -7
leaf_value=0.0020003434787695487 0.0048118802897202627 0.001988273795267313 -0.0090125872924830229 -0.013184301688241494 0.0013835387462045453 0
leaf_weight=51.656966112554073 371.92011308670044 24.752919286489487 133.76577832922339 40.017370376735926 78.987796872854233 1228.3855098672211
leaf_count=167 1119 77 513 131 238 3934
internal_value=6.23551e-05 -0.00449008 -0.00692839 0.000698592 -0.00427562 0.00115373
internal_weight=1929.49 210.176 158.519 1719.31 119.005 1600.31
internal_count=6179 757 590 5422 369 5053
is_linear=0
shrinkage=0.03


Tree=150
num_leaves=7
num_cat=0
split_feature=20 7 10 12 12 16
split_gain=4.63775 10.3036 9.45292 6.42655 6.12491 6.56451
threshold=1.0000000180025095e-35 0.59317788481712352 1.7614498734474184 0.97684547305107128 -1.0490761399269102 -0.8806345760822295
decision_type=2 2 2 2 2 2
left_child=4 2 -2 -3 -1 -6
right_child=1 3 -4 -5 5 -7
leaf_value=-0.0062470040522350275 0.0077449399805160114 -0.010184328127348583 -0.0026467548529571718 0.00099509831997948738 0.0091194880394546065 -0.00069739901004484876
leaf_weight=153.51466750353575 271.48804147541523 58.182206705212593 86.260664567351341 85.703367415815592 44.183851443231106 1236.8714185766876
leaf_count=499 823 185 249 298 131 4020
internal_value=-4.59565e-05 0.00234889 0.00507298 -0.00385054 -0.000945409 -0.000177715
internal_weight=1936.2 501.634 357.749 143.886 1434.57 1281.06
internal_count=6205 1555 1072 483 4650 4151
is_linear=0
shrinkage=0.03


Tree=151
num_leaves=7
num_cat=0
split_feature=3 13 6 16 4 1
split_gain=5.23061 11.1989 8.74503 9.19925 6.99364 5.6233
threshold=-1.5968546867370603 0.38112841546535497 -0.21177203208208081 0.014257184229791166 -0.19210073351860044 0.22414284199476245
decision_type=2 2 2 2 2 2
left_child=1 4 3 -2 -1 -4
right_child=2 -3 5 -5 -6 -7
leaf_value=-0.0076713300839477859 -0.0031201577798651184 -0.0089665840104412673 0.00014514239248951426 0.0066920869451893772 0.0056094007524956991 -0.0043617573413356776
leaf_weight=27.640709437429905 96.084847532212734 161.02382439747453 903.46820777282119 288.47519344463944 108.93475849926472 311.83866865932941
leaf_count=89 280 590 2907 869 344 1049
internal_value=-0.000457172 -0.00398422 0.000202964 0.00405908 0.00190182 -0.00101462
internal_weight=1897.47 297.599 1599.87 384.56 136.575 1215.31
internal_count=6128 1023 5105 1149 433 3956
is_linear=0
shrinkage=0.03


Tree=152
num_leaves=7
num_cat=0
split_feature=1 17 0 3 17 18
split_gain=4.0655 11.3328 14.4244 9.87477 7.93381 6.7436
threshold=-0.071726404130458818 1.2410742044448855 -1.1261774897575376 -0.47336934506893152 1.6245003938674929 -0.09437991306185721
decision_type=2 2 2 2 2 2
left_child=1 3 -3 -1 5 -2
right_child=4 2 -4 -5 -6 -7
leaf_value=0.0073189935859240751 0.0002480945489889297 -0.0074329673350395677 0.0069635509780105707 -0.0003886244325963715 0.003071448514668743 -0.004952024051596662
leaf_weight=309.95166990906 362.6029439009726 197.18219017609954 66.340023051947355 244.60757847130299 257.42472562938929 485.90804513171315
leaf_count=919 1139 672 211 774 859 1607
internal_value=-7.16275e-05 0.00147838 -0.00336155 0.00391967 -0.00127738 -0.00270618
internal_weight=1924.02 818.081 263.522 554.559 1105.94 848.511
internal_count=6181 2576 883 1693 3605 2746
is_linear=0
shrinkage=0.03


Tree=153
num_leaves=7
num_cat=0
split_feature=9 13 7 7 13 7
split_gain=5.63238 6.68023 6.31026 9.67822 7.75042 2.97616
threshold=0.49945026636123663 0.62000164389610302 -1.6168353557586668 -0.72846901416778553 0.3873902708292008 -0.64450645446777333
decision_type=2 2 2 2 2 2
left_child=2 5 4 -4 -1 -2
right_child=1 -3 3 -5 -6 -7
leaf_value=0.0023395231707283651 -0.0028498366485191118 0.0018660174802387149 0.006289557407516186 -0.00021985045218385043 -0.012169802263835086 -0.016071254712143219
leaf_weight=37.650542739778757 58.659891340881586 48.689901910722256 215.88372056558728 1485.4173191934824 58.895986571907997 30.384626768529415
leaf_count=110 190 146 652 4850 193 99
internal_value=-0.000295754 -0.00574215 0.000147077 0.000634774 -0.00656625 -0.0100318
internal_weight=1935.58 137.734 1797.85 1701.3 96.5465 89.0445
internal_count=6240 435 5805 5502 303 289
is_linear=0
shrinkage=0.03


Tree=154
num_leaves=7
num_cat=0
split_feature=12 10 9 10 9 13
split_gain=4.9791 8.30883 13.8845 7.25962 7.7593 6.16429
threshold=1.6753115057945254 0.9236961603164674 -0.0042774628382176152 0.76432093977928173 -0.090701904147863374 -1.9992076158523557
decision_type=2 2 2 2 2 2
left_child=3 -2 -3 4 -1 -5
right_child=1 2 -4 5 -6 -7
leaf_value=0.008350972861017384 -0.0042842668231931787 0.0089782560359623238 -0.00098976131419793462 0.0084538363192872053 -0.0017561374919064857 -0.0022498765628988621
leaf_weight=127.28225627914071 103.63266203925014 243.85176549479365 215.00587157905102 29.176026321947575 101.99425575509667 1100.3509107492864
leaf_count=391 368 779 684 103 334 3517
internal_value=0.000204729 0.00255224 0.004336 -0.000746454 0.00383394 -0.00177893
internal_weight=1921.29 562.49 458.858 1358.8 229.277 1129.53
internal_count=6176 1831 1463 4345 725 3620
is_linear=0
shrinkage=0.03


Tree=155
num_leaves=7
num_cat=0
split_feature=13 21 3 5 13 9
split_gain=5.24774 10.0116 8.40692 6.06011 11.5082 6.22279
threshold=-0.56181594729423512 1.0000000180025095e-35 0.57246729731559765 -0.21083439141511914 0.20714824646711352 -0.0042774628382176152
decision_type=2 2 2 2 2 2
left_child=1 2 -1 4 -2 -5
right_child=3 -3 -4 5 -6 -7
leaf_value=0.009216505061938076 -0.0045566106980115435 -0.0065707542271859808 -0.0046450274208012284 0.00023428304362976287 0.0071777330152401619 -0.0037797459327380319
leaf_weight=179.23885754495859 92.403405752032995 43.732730180025101 29.715437427163124 774.07787792384624 195.88015384972095 572.5180285833776
leaf_count=556 302 176 98 2545 594 1845
internal_value=2.64249e-05 0.00391139 0.00674963 -0.000577793 0.0031703 -0.00145876
internal_weight=1887.57 252.687 208.954 1634.88 288.284 1346.6
internal_count=6116 830 654 5286 896 4390
is_linear=0
shrinkage=0.03


Tree=156
num_leaves=7
num_cat=0
split_feature=13 8 1 9 6 23
split_gain=5.86892 8.1314 6.02622 4.86744 2.95937 2.50322
threshold=1.0948886871337893 0.49862122535705572 -0.066591054201126085 0.11337874829769136 -0.14707465469837186 1.0000000180025095e-35
decision_type=2 2 2 2 2 2
left_child=1 2 -1 4 -2 -3
right_child=3 5 -4 -5 -6 -7
leaf_value=0.0030613263125614343 0 -0.0089063667161429841 -0.00050106626322715783 0.0016266059603566097 -0.012174435533274731 0
leaf_weight=722.05725455284119 31.993451863527298 82.417893674224615 943.80072340741754 37.45772147923708 59.943712636828423 36.190592354163527
leaf_count=2268 126 296 3024 149 216 128
internal_value=-1.75315e-05 0.000424857 0.00102544 -0.0057602 -0.0090587 -0.00650833
internal_weight=1913.86 1784.47 1665.86 129.395 91.9372 118.608
internal_count=6207 5716 5292 491 342 424
is_linear=0
shrinkage=0.03


Tree=157
num_leaves=6
num_cat=0
split_feature=13 7 8 6 6
split_gain=4.85662 6.11265 5.49647 9.31523 5.184
threshold=1.1917774081230166 -0.05467021465301513 -0.19991372525691983 0.052797710523009307 0.2934549897909165
decision_type=2 2 2 2 2
left_child=2 -2 4 -4 -1
right_child=1 -3 3 -5 -6
leaf_value=0.00050554173244480129 0.0016122077153427799 -0.012411524276946114 0.0010652769048770429 -0.0070603354442344895 0.0057279627729377542
leaf_weight=1182.980020031333 31.855254895985126 41.695373870432377 274.61132867261767 195.25099981203675 189.02688864991069
leaf_count=3728 112 173 890 691 608
internal_value=0 -0.00665022 0.000354243 -0.00233923 0.00134012
internal_weight=1915.42 73.5506 1841.87 469.862 1372.01
internal_count=6202 285 5917 1581 4336
is_linear=0
shrinkage=0.03


Tree=158
num_leaves=7
num_cat=0
split_feature=4 4 7 3 11 14
split_gain=5.82946 9.7626 13.398 8.99351 7.88626 6.8478
threshold=-0.14396727830171582 -0.19210073351860044 -0.31102134287357325 0.99843284487724315 0.42724344134330755 -0.37741500139236445
decision_type=2 2 2 2 2 2
left_child=1 2 -1 4 -2 -3
right_child=3 5 -4 -5 -6 -7
leaf_value=-0.0079128477988374395 -0.0035972679558433024 -0.0030239305438931716 0.0028964900745697742 0.0059446165633010783 0.0019025903125021032 0.010124017495262283
leaf_weight=123.54809880256653 846.61219303309917 27.007617056369781 346.00680004805326 116.8303036019206 291.59348096325994 153.48243419080973
leaf_count=414 2748 86 1113 370 931 519
internal_value=-2.73992e-05 0.0022065 -3.215e-05 -0.00124796 -0.00212795 0.00775196
internal_weight=1905.08 650.045 469.555 1255.04 1138.21 180.49
internal_count=6181 2132 1527 4049 3679 605
is_linear=0
shrinkage=0.03


Tree=159
num_leaves=7
num_cat=0
split_feature=9 16 12 8 13 14
split_gain=5.39894 7.03359 14.279 7.52408 6.50977 7.47158
threshold=-0.18540291488170621 0.33176408708095556 1.8686310052871706 -1.5526447892189024 -1.7752453684806822 2.432004570960999
decision_type=2 2 2 2 2 2
left_child=4 2 -2 -3 -1 -6
right_child=1 3 -4 -5 5 -7
leaf_value=0.0082107731508547326 0.0016123860410383584 0.0065822244750918446 0.014859920224244684 -0.0012472178986694549 -0.0049636060422782926 0.0044774213139473764
leaf_weight=27.289780259132385 444.27261162176728 106.62282486259937 73.339219465851784 823.5026722215116 390.57770708948374 69.438786529004574
leaf_count=84 1384 337 222 2707 1272 268
internal_value=0.00040297 0.00134699 0.00408399 -0.000166896 -0.00222588 -0.00328633
internal_weight=1935.04 1447.74 517.612 930.125 487.306 460.016
internal_count=6274 4650 1606 3044 1624 1540
is_linear=0
shrinkage=0.03


Tree=160
num_leaves=7
num_cat=0
split_feature=7 1 10 1 18 7
split_gain=4.45496 6.26957 4.89907 4.25208 8.79532 6.59843
threshold=-1.4634612202644346 -0.0093077560886740667 1.1999999284744265 0.1020466983318329 0.23549669235944751 0.64670154452323925
decision_type=2 2 2 2 2 2
left_child=1 2 -1 5 -5 -2
right_child=3 -3 -4 4 -6 -7
leaf_value=0 0.003542503655017883 0.0015079715573014965 -0.01352045103785097 0.0018255597656310876 -0.0053437505130880698 -0.0010996890469195649
leaf_weight=28.740273766219616 763.68982118740678 71.964332770556211 50.135165221989155 341.20397025346756 241.91537944972515 387.86440064013004
leaf_count=89 2402 236 168 1124 818 1319
internal_value=0.000395791 -0.00417528 -0.00922356 0.000870526 -0.00112782 0.00193563
internal_weight=1885.51 150.84 78.8754 1734.67 583.119 1151.55
internal_count=6156 493 257 5663 1942 3721
is_linear=0
shrinkage=0.03


Tree=161
num_leaves=5
num_cat=0
split_feature=14 14 18 1
split_gain=5.33041 5.07093 7.23582 5.58651
threshold=-0.97581359744071949 3.1781079769134526 -0.30737616121768946 -0.042951581999659531
decision_type=2 2 2 2
left_child=-1 3 -3 -2
right_child=1 2 -4 -5
leaf_value=0.010348131045489321 0.00096064681738786855 0.011898826821158792 -0.0013515824314345025 -0.0023465866112199717
leaf_weight=22.780171982944012 826.31950925663114 51.119185395538807 55.547285504639149 950.66920836269855
leaf_count=77 2624 169 242 3080
internal_value=-8.19773e-05 -0.000347026 0.00540101 -0.000781722
internal_weight=1906.44 1883.66 106.666 1776.99
internal_count=6192 6115 411 5704
is_linear=0
shrinkage=0.03


Tree=162
num_leaves=7
num_cat=0
split_feature=5 17 8 4 5 14
split_gain=8.50584 11.7626 11.1456 8.822 8.36292 8.29417
threshold=-0.090168371796607957 1.1769986748695376 0.38559448719024664 0.25709898769855505 0.26914151012897497 1.2459858655929568
decision_type=2 2 2 2 2 2
left_child=1 2 -1 4 -2 -5
right_child=3 -3 -4 5 -6 -7
leaf_value=0.0086237240675654143 -0.0019542956288211167 -0.0018719878465708211 -0.006381544413377834 -0.0097189941443098331 0.003275308653156801 0.0018084398458815421
leaf_weight=298.06917170807719 717.85831153020263 217.26264531910419 32.287101600319147 158.14222114533186 418.91717313602567 62.442616000771523
leaf_count=894 2408 709 123 486 1386 209
internal_value=0.000134256 0.00325062 0.00670537 -0.00110841 0 -0.00632738
internal_weight=1904.98 547.619 330.356 1357.36 1136.78 220.585
internal_count=6215 1726 1017 4489 3794 695
is_linear=0
shrinkage=0.03


Tree=163
num_leaves=7
num_cat=0
split_feature=4 7 14 5 6 4
split_gain=5.26535 9.5836 9.61438 9.07979 10.9074 7.2808
threshold=-0.14531725645065305 0.15500503778457644 0.90127220749855053 -0.090168371796607957 0.12981786578893664 -0.18509343266487119
decision_type=2 2 2 2 2 2
left_child=1 5 -3 4 -2 -1
right_child=3 2 -4 -5 -6 -7
leaf_value=-0.0046319097212566031 0.0058888800831835321 0.008954812522592356 -0.00012669073730290256 -0.002833145843508389 -0.0036953773056354442 0.0056950269378311527
leaf_weight=209.37389683350921 273.72955990955234 225.12237135320902 160.23441040888429 844.05590153858066 143.35419128090143 61.227208711206913
leaf_count=693 807 699 565 2778 490 205
internal_value=6.73323e-05 0.00223733 0.0052107 -0.00103183 0.00243908 -0.00185769
internal_weight=1917.1 655.958 385.357 1261.14 417.084 270.601
internal_count=6237 2162 1264 4075 1297 898
is_linear=0
shrinkage=0.03


Tree=164
num_leaves=6
num_cat=0
split_feature=1 14 14 11 11
split_gain=6.20753 5.60134 7.6558 5.86602 2.09293
threshold=-0.59896859526634205 3.2657387256622319 -0.045329093933105462 -0.57669275999069203 -0.33501292765140528
decision_type=2 2 2 2 2
left_child=4 2 -2 -3 -1
right_child=1 3 -4 -5 -6
leaf_value=0 0.0023665245474414594 -0.0021787828934475974 -0.0017222184503497052 0.011494036856258851 -0.012444344294333026
leaf_weight=24.450581133365631 608.83762980997562 26.210125947371125 1159.7704611867666 55.578679207712412 28.736678645014763
leaf_count=90 1891 126 3824 199 88
internal_value=-0.000218068 8.78741e-05 -0.000270413 0.0069558 -0.00879704
internal_weight=1903.58 1850.4 1768.61 81.7888 53.1873
internal_count=6218 6040 5715 325 178
is_linear=0
shrinkage=0.03


Tree=165
num_leaves=7
num_cat=0
split_feature=15 5 7 12 18 17
split_gain=6.28769 9.81707 16.4993 9.33277 6.88699 6.11802
threshold=-1.4782938957214353 0.044695477932691581 0.38326662778854376 0.35287624597549444 -1.1808409094810484 1.9077969789505007
decision_type=2 2 2 2 2 2
left_child=1 3 -3 -1 5 -2
right_child=4 2 -4 -5 -6 -7
leaf_value=-0.013751275133581308 -0.0056366686841627057 0.0065458598096325375 -0.0051325267135670424 -0.00063443109112470216 0.002445909534371737 0.004822389796231826
leaf_weight=86.511213287711143 178.17895781993866 191.62550729513168 202.54533446580172 112.98764580488205 1091.2095254026353 44.549153044819832
leaf_count=290 573 655 719 394 3437 147
internal_value=0.000252201 -0.00222593 0.00044197 -0.0073305 0.00143345 -0.00307252
internal_weight=1907.61 593.67 394.171 199.499 1313.94 222.728
internal_count=6215 2058 1374 684 4157 720
is_linear=0
shrinkage=0.03


Tree=166
num_leaves=7
num_cat=0
split_feature=14 6 8 9 18 9
split_gain=7.37076 9.7165 9.42842 4.62304 10.9906 7.11343
threshold=2.3227127790451054 -0.23472886532545087 -1.3748083114624021 -0.18540291488170621 0.25248868763446813 1.0000000180025095e-35
decision_type=2 2 2 2 2 2
left_child=3 -2 -3 4 -1 -5
right_child=1 2 -4 5 -6 -7
leaf_value=-0.0062640221232427382 0.0038443061800446901 0.0059544870787268563 -0.0086204542905662634 0.0046974110948873309 0.0034256540898819502 -7.678693432372524e-06
leaf_weight=211.84145814552903 87.493149194866419 27.551917616277933 242.0977444127202 445.4766290821135 167.59285246953368 697.29044913500547
leaf_count=671 314 110 935 1376 565 2207
internal_value=-3.7709e-05 -0.00382618 -0.00661577 0.00085034 -0.00187673 0.00182412
internal_weight=1879.34 357.143 269.65 1522.2 379.434 1142.77
internal_count=6178 1359 1045 4819 1236 3583
is_linear=0
shrinkage=0.03


Tree=167
num_leaves=5
num_cat=0
split_feature=14 14 6 16
split_gain=5.34922 7.57034 5.51875 5.10711
threshold=-0.97581359744071949 -0.6287521719932555 -0.039125507697463029 0.39119578897953039
decision_type=2 2 2 2
left_child=-1 3 -3 -2
right_child=1 2 -4 -5
leaf_value=0.0095216667423102981 -0.015288605811079129 0.001313056368876865 -0.0019945732395236331 -0.00094645484077793718
leaf_weight=24.498271800577641 34.15155865997076 834.57519675046206 929.50702007114887 60.030590731650591
leaf_count=83 116 2651 3146 186
internal_value=-0.000657836 -0.00092394 -0.000398948 -0.00843956
internal_weight=1882.76 1858.26 1764.08 94.1821
internal_count=6182 6099 5797 302
is_linear=0
shrinkage=0.03


Tree=168
num_leaves=7
num_cat=0
split_feature=11 0 2 10 6 10
split_gain=6.28304 6.73126 6.06687 5.96113 6.38387 5.14334
threshold=0.36174809932708746 -1.6445844173431394 0.34326781332492834 0.59635630249977123 -0.14707465469837186 1.1396976113319399
decision_type=2 2 2 2 2 2
left_child=3 2 -2 4 -1 -5
right_child=1 -3 -4 5 -6 -7
leaf_value=-0.0030595079603051457 0.0080709323964323586 -0.00059679197918296783 -0.0036161488622595203 -0.0049968689064185867 0.0086801505467422428 -0.00075802397433715309
leaf_weight=47.537464611232281 190.56446757912636 271.35374634712934 29.303764127194881 379.46172252297401 81.434686727821827 879.07994221895933
leaf_count=149 582 881 99 1327 281 2875
internal_value=-0.000408936 0.00240069 0.00609152 -0.00146623 0.00412048 -0.00214118
internal_weight=1878.74 491.222 219.868 1387.51 128.972 1258.54
internal_count=6194 1562 681 4632 430 4202
is_linear=0
shrinkage=0.03


Tree=169
num_leaves=7
num_cat=0
split_feature=11 13 17 16 4 16
split_gain=6.52412 8.23186 8.53673 5.96917 8.19846 6.4954
threshold=-1.0457003116607664 0.65023541450500499 -0.39377243816852564 -0.10961303114891051 0.41547884047031408 0.4337520450353623
decision_type=2 2 2 2 2 2
left_child=3 2 -2 4 -1 -5
right_child=1 -3 -4 5 -6 -7
leaf_value=0.010361173329788658 0.0069984931348058207 -0.0027670325892744413 0.00020053853932333412 -0.014557612150810795 -0.0063209621182878459 -0.00021390957451633536
leaf_weight=27.706917487084866 189.58626990765333 605.48027269542217 911.23041074723005 63.832784742116928 37.86517072468996 57.230272155255079
leaf_count=79 576 2075 2977 213 115 200
internal_value=-0.00061977 0 0.00152883 -0.00565436 0.000800916 -0.00919394
internal_weight=1892.93 1706.3 1100.82 186.635 65.5721 121.063
internal_count=6235 5628 3553 607 194 413
is_linear=0
shrinkage=0.03


Tree=170
num_leaves=7
num_cat=0
split_feature=19 4 18 0 8 12
split_gain=5.1051 9.32594 10.5114 5.94327 5.5911 12.0453
threshold=1.2731825113296511 0.14832294732332232 -0.14959361404180524 -0.88671380281448353 -0.94991111755371083 0.46037971973419195
decision_type=2 2 2 2 2 2
left_child=4 2 -2 -3 5 -1
right_child=1 3 -4 -5 -6 -7
leaf_value=0.0034377408567488246 0.0064353014805077951 -0.011874245901884333 -0.0040085167428714355 0.0015174576384222793 0.0024779113604155123 -0.005702447652032489
leaf_weight=219.7730666026473 128.64553498476744 96.311531439423561 186.52527670934796 24.56398319453001 962.63416883163154 255.53671041876078
leaf_count=691 442 317 693 76 3153 807
internal_value=0.000265659 -0.00246635 0.000205026 -0.00889784 0.00115774 -0.00138692
internal_weight=1873.99 436.046 315.171 120.876 1437.94 475.31
internal_count=6179 1528 1135 393 4651 1498
is_linear=0
shrinkage=0.03


Tree=171
num_leaves=7
num_cat=0
split_feature=10 14 4 10 12 20
split_gain=3.68098 8.36505 6.9273 4.65823 7.62364 6.22426
threshold=0.66907253861427318 -0.16976007074117658 -0.2089397460222244 1.5139102935791018 1.5709351897239687 1.0000000180025095e-35
decision_type=2 2 2 2 2 2
left_child=1 2 -1 5 -5 -2
right_child=3 -3 -4 4 -6 -7
leaf_value=0.0075731351988947444 -0.0035917314961734187 0.0089807544791827686 -0.0064305165056123626 -0.0010304642247004107 0.0052029208987596342 0.0016366267394922606
leaf_weight=24.747549250721931 672.81821574829519 99.736544169485569 80.550309207290411 485.63468575105071 244.9125817194581 259.11619516834617
leaf_count=72 2328 349 275 1541 769 859
internal_value=-0.0001519 0.00341109 -0.00197698 -0.000662312 0.00106227 -0.00207116
internal_weight=1867.52 205.034 105.298 1662.48 730.547 931.934
internal_count=6193 696 347 5497 2310 3187
is_linear=0
shrinkage=0.03


Tree=172
num_leaves=7
num_cat=0
split_feature=11 3 17 18 14 3
split_gain=5.67611 7.17377 9.63929 7.01736 5.84479 13.6777
threshold=-0.45845660567283625 -0.60843360424041737 1.1019251346588137 -0.62986043095588673 -0.030290239490568634 -0.26924771070480341
decision_type=2 2 2 2 2 2
left_child=1 2 -1 -3 5 -2
right_child=4 3 -4 -5 -6 -7
leaf_value=0.0069252595419630157 0.00015974298801408522 0.00097248691112022478 -0.0052639428936921816 -0.007744163299939765 -0.00084991936475983592 0.012633876329348905
leaf_weight=108.5252528488636 337.3432355709374 94.053532406687737 84.12608877196908 274.74383989349008 887.25323731452227 87.897029083222151
leaf_count=345 1060 320 318 972 2914 276
internal_value=-0.000559955 -0.00304356 0.00132591 -0.00543118 0.000487168 0.00332459
internal_weight=1873.94 561.449 192.651 368.797 1312.49 425.24
internal_count=6205 1955 663 1292 4250 1336
is_linear=0
shrinkage=0.03


Tree=173
num_leaves=5
num_cat=0
split_feature=10 14 8 10
split_gain=3.48891 3.9562 4.04911 3.96709
threshold=0.23118473589420321 -0.6287521719932555 0.55503523349761974 1.0252451896667483
decision_type=2 2 2 2
left_child=-1 3 -3 -2
right_child=1 2 -4 -5
leaf_value=0.0080588096416516399 -0.0088801396058327039 0.00081577634168103247 -0.0051152470675109602 0.0017867006432242109
leaf_weight=30.822949662804604 64.469081066548824 1659.0877819955349 88.82822498306632 28.06806593388319
leaf_count=105 211 5471 329 96
internal_value=0.000295269 4.77641e-05 0.000425969 -0.00536902
internal_weight=1871.28 1840.45 1747.92 92.5371
internal_count=6212 6107 5800 307
is_linear=0
shrinkage=0.03


Tree=174
num_leaves=7
num_cat=0
split_feature=0 17 12 5 12 16
split_gain=4.40974 11.0017 8.97369 10.0629 8.61387 6.83993
threshold=-1.4768157005310056 1.5312001109123232 2.1136373281478886 0.25325010716915136 1.0357999205589297 -0.56829154491424549
decision_type=2 2 2 2 2 2
left_child=2 4 5 -4 -2 -1
right_child=1 -3 3 -5 -6 -7
leaf_value=0.0038208407553480621 0.0018208163734487867 0.0069887153208847688 0.0091939614483546837 -0.0025961583734931651 -0.0048683780291178475 -0.0043738362314288464
leaf_weight=81.464270751923323 411.75775053724647 192.33895848318934 105.51460925489664 110.0176887921989 264.21297697722912 706.62232118844986
leaf_count=255 1278 629 346 381 871 2476
internal_value=-0.000511407 0.000997931 -0.00186985 0.00321158 -0.000772309 -0.00337891
internal_weight=1871.93 868.31 1003.62 215.532 675.971 788.087
internal_count=6236 2778 3458 727 2149 2731
is_linear=0
shrinkage=0.03


Tree=175
num_leaves=7
num_cat=0
split_feature=0 17 12 0 7 13
split_gain=3.58475 16.1168 8.89531 7.10096 5.76481 5.47526
threshold=-1.5507343411445615 1.5312001109123232 2.3917950391769414 -1.2571008205413816 0.55406048893928539 0.8233509659767152
decision_type=2 2 2 2 2 2
left_child=2 3 -1 -2 -4 -3
right_child=1 5 4 -5 -6 -7
leaf_value=-0.0027184203822284152 0.0034496409132513304 0.010662247702749261 0.0092689020977542638 -0.0028208412324570186 -0.0013234583467808194 0
leaf_weight=788.1046223975718 208.55920166894794 157.74392626434565 84.259374782443047 515.2713866289705 59.794498883187771 48.423964396119118
leaf_count=2753 677 511 262 1623 218 156
internal_value=-7.36135e-05 0.00119732 -0.00140313 -0.000889273 0.00488111 0.0082192
internal_weight=1862.16 929.998 932.158 723.831 144.054 206.168
internal_count=6200 2967 3233 2300 480 667
is_linear=0
shrinkage=0.03


Tree=176
num_leaves=6
num_cat=0
split_feature=0 7 0 9 13
split_gain=4.9034 4.64313 11.066 5.10207 1.96902
threshold=0.067015334963798537 1.2663406729698183 -1.3044522404670713 -0.0042774628382176152 0.53324881196022045
decision_type=2 2 2 2 2
left_child=1 3 -3 -1 -2
right_child=4 2 -4 -5 -6
leaf_value=0.0019200541555963986 0 -0.010736984405629363 0.0028172150843045951 -0.0013997377802644859 0.011443943223469293
leaf_weight=885.57850472256541 27.860098659992218 93.883708752691746 80.750599063932896 738.13411358743906 27.468023091554642
leaf_count=2920 84 359 268 2459 79
internal_value=0.000169322 -0.000110738 -0.00451581 0.000375717 0.00768125
internal_weight=1853.68 1798.35 174.634 1623.71 55.3281
internal_count=6169 6006 627 5379 163
is_linear=0
shrinkage=0.03


Tree=177
num_leaves=5
num_cat=0
split_feature=14 17 17 13
split_gain=4.40413 3.26566 4.4822 1.9765
threshold=-0.97581359744071949 -2.4032410383224483 -1.0147867798805235 0.40375913679599768
decision_type=2 2 2 2
left_child=-1 3 -3 -2
right_child=1 2 -4 -5
leaf_value=0.0098594342424184207 0.0095830810171933494 -0.0044156868209536751 0.0003673077218690322 0
leaf_weight=23.085300669074059 31.308801800012589 177.01760156452656 1598.4072221331298 23.15370524674654
leaf_count=81 102 566 5368 71
internal_value=0.000361256 0.000103696 -0.000120035 0.00627619
internal_weight=1852.97 1829.89 1775.42 54.4625
internal_count=6188 6107 5934 173
is_linear=0
shrinkage=0.03


Tree=178
num_leaves=7
num_cat=0
split_feature=18 13 0 13 16 9
split_gain=4.82629 10.2962 10.2266 7.63358 9.33245 6.26156
threshold=0.63623502850532543 0.74971535801887523 -2.1557675600051875 -0.0093793179839849455 0.33176408708095556 -0.3798732310533523
decision_type=2 2 2 2 2 2
left_child=3 2 -2 5 -5 -1
right_child=1 -3 -4 4 -6 -7
leaf_value=0.0044830898945894555 -0.0038895854292709925 -0.0048117328955130673 0.0088108038846562552 0.00398677890944776 -0.0017390468588897386 -0.0058334468086713625
leaf_weight=39.571185208857059 56.316978864371777 95.125065334141254 202.41176843270659 363.98862802237272 744.95483808219433 370.18733917176723
leaf_count=130 193 344 648 1136 2540 1266
internal_value=-0.000369688 0.00264498 0.00575034 -0.00113634 0.000124528 -0.00453528
internal_weight=1872.56 353.854 258.729 1518.7 1108.94 409.759
internal_count=6257 1185 841 5072 3676 1396
is_linear=0
shrinkage=0.03


Tree=179
num_leaves=7
num_cat=0
split_feature=19 8 10 14 8 12
split_gain=4.87777 11.4907 12.0744 6.72647 5.3784 12.4632
threshold=1.2762954831123354 -1.0459397435188291 1.701902508735657 -0.19667489081621167 -0.94991111755371083 0.39974497258663183
decision_type=2 2 2 2 2 2
left_child=4 2 -2 -3 5 -1
right_child=1 3 -4 -5 -6 -7
leaf_value=0.0031763419760496808 -0.0026187282665399059 0.0017383545215704393 0.013541807414707471 -0.0083631710916997684 0.0019790088432961152 -0.00617423883674413
leaf_weight=214.00475857034326 84.711516641080379 57.677445657551289 47.285744838416576 232.9601856097579 972.51819348335266 255.49613589048386
leaf_count=676 319 193 149 834 3217 830
internal_value=-0.00011517 -0.00289981 0.00379586 -0.0061825 0.000688433 -0.00183391
internal_weight=1864.65 422.635 131.997 290.638 1442.02 469.501
internal_count=6218 1495 468 1027 4723 1506
is_linear=0
shrinkage=0.03


end of trees

feature_importances:
Column_14=74
Column_7=67
Column_0=66
Column_13=63
Column_4=60
Column_17=59
Column_6=57
Column_11=57
Column_16=54
Column_10=53
Column_8=48
Column_5=46
Column_18=46
Column_9=45
Column_3=42
Column_15=38
Column_12=37
Column_1=34
Column_2=27
Column_19=19
Column_20=15
Column_23=8
Column_21=1

parameters:
[boosting: gbdt]
[objective: lambdarank]
[metric: ndcg]
[tree_learner: serial]
[device_type: cpu]
[data_sample_strategy: bagging]
[data: ]
[valid: ]
[num_iterations: 180]
[learning_rate: 0.03]
[num_leaves: 7]
[num_threads: 1]
[seed: 17]
[deterministic: 1]
[force_col_wise: 1]
[force_row_wise: 0]
[histogram_pool_size: -1]
[max_depth: 3]
[min_data_in_leaf: 80]
[min_sum_hessian_in_leaf: 0.001]
[bagging_fraction: 0.8]
[pos_bagging_fraction: 1]
[neg_bagging_fraction: 1]
[bagging_freq: 1]
[bagging_seed: 26602]
[bagging_by_query: 0]
[feature_fraction: 0.8]
[feature_fraction_bynode: 1]
[feature_fraction_seed: 18297]
[extra_trees: 0]
[extra_seed: 13015]
[early_stopping_round: 0]
[early_stopping_min_delta: 0]
[first_metric_only: 0]
[max_delta_step: 0]
[lambda_l1: 2]
[lambda_l2: 20]
[linear_lambda: 0]
[min_gain_to_split: 0]
[drop_rate: 0.1]
[max_drop: 50]
[skip_drop: 0.5]
[xgboost_dart_mode: 0]
[uniform_drop: 0]
[drop_seed: 30017]
[top_rate: 0.2]
[other_rate: 0.1]
[min_data_per_group: 100]
[max_cat_threshold: 32]
[cat_l2: 10]
[cat_smooth: 10]
[max_cat_to_onehot: 4]
[top_k: 20]
[monotone_constraints: ]
[monotone_constraints_method: basic]
[monotone_penalty: 0]
[feature_contri: ]
[forcedsplits_filename: ]
[refit_decay_rate: 0.9]
[cegb_tradeoff: 1]
[cegb_penalty_split: 0]
[cegb_penalty_feature_lazy: ]
[cegb_penalty_feature_coupled: ]
[path_smooth: 0]
[interaction_constraints: ]
[verbosity: -1]
[saved_feature_importance_type: 0]
[use_quantized_grad: 0]
[num_grad_quant_bins: 4]
[quant_train_renew_leaf: 0]
[stochastic_rounding: 1]
[linear_tree: 0]
[max_bin: 255]
[max_bin_by_feature: ]
[min_data_in_bin: 3]
[bin_construct_sample_cnt: 200000]
[data_random_seed: 94]
[is_enable_sparse: 1]
[enable_bundle: 1]
[use_missing: 1]
[zero_as_missing: 0]
[feature_pre_filter: 1]
[pre_partition: 0]
[two_round: 0]
[header: 0]
[label_column: ]
[weight_column: ]
[group_column: ]
[ignore_column: ]
[categorical_feature: ]
[forcedbins_filename: ]
[precise_float_parser: 0]
[parser_config_file: ]
[objective_seed: 20363]
[num_class: 1]
[is_unbalance: 0]
[scale_pos_weight: 1]
[sigmoid: 1]
[boost_from_average: 1]
[reg_sqrt: 0]
[alpha: 0.9]
[fair_c: 1]
[poisson_max_delta_step: 0.7]
[tweedie_variance_power: 1.5]
[lambdarank_truncation_level: 30]
[lambdarank_norm: 1]
[label_gain: 0,1,2,3]
[lambdarank_position_bias_regularization: 0]
[eval_at: 2]
[multi_error_top_k: 1]
[auc_mu_weights: ]
[num_machines: 1]
[local_listen_port: 12400]
[time_out: 120]
[machine_list_filename: ]
[machines: ]
[gpu_platform_id: -1]
[gpu_device_id: -1]
[gpu_device_id_list: ]
[gpu_use_dp: 0]
[num_gpu: 1]

end of parameters

pandas_categorical:null
