tree
version=v4
num_class=1
num_tree_per_iteration=1
label_index=0
max_feature_idx=7
objective=lambdarank
feature_names=Column_0 Column_1 Column_2 Column_3 Column_4 Column_5 Column_6 Column_7
feature_infos=[-2.8707199096679688:1.3665225505828857] [-1.3829426765441895:2.5005612373352051] [-1.2473015785217285:2.8120923042297363] [-2.4748332500457764:2.6832125186920166] [0:1] [0:1] [0:1] [0:1]
tree_sizes=835 880 904 883 874 899 910 906 908 883 903 907 906 898 889 902 907 897 898 876 906 881 863 907 883 898 906 899 905 879 886 902 798 892 892 775 898 885 683 874 686 898 881 901 902 905 906 903 905 861 901 901 913 901 906 888 693 877 778 898 907 908 684 909 881 696 907 885 901 875 905 896 671 884 696 692 663 914 882 894 897 875 579 886 905 902 912 905 899 880 894 676 889 902 807 687 910 689 903 899 902 906 900 903 694 889 885 868 906 906 907 870 912 886 794 908 905 676 876 903 888 908 904 684 907 910 905 886 904 589 886 904 908 890 789 586 903 890 781 790 881 888 901 888 905 670 671 796 916 899 909 900 879 909 889 906 895 863 907 901 900 887 904 909 883 904 890 696 799 883 760 905 696 865 898 895 900 895 893 775

Tree=0
num_leaves=7
num_cat=0
split_feature=3 2 3 3 0 0
split_gain=3.11216 2.13391 3.236 0.808631 0.524837 0.371168
threshold=0.32055969536304479 0.2355664670467377 -1.4492577910423277 -0.29964481294155115 -1.6004812121391294 -2.4368560314178462
decision_type=2 2 2 2 2 2
left_child=1 2 -1 -3 5 -2
right_child=4 3 -4 -5 -6 -7
leaf_value=-0.001731603007525619 0 -0.0048347227346215065 0.0041698728596298003 0 0 -0.0087431038912529953
leaf_weight=106.66051840782166 6.5248909927904597 51.817251617088914 190.8110154401511 15.941729433834551 28.083354532718658 25.751736398786306
leaf_count=1085 82 547 2281 189 344 321
internal_value=-0.000345996 0.000651164 0.00188908 -0.00329176 -0.00578672 -0.00777886
internal_weight=425.59 365.231 297.472 67.759 60.36 32.2766
internal_count=4849 4102 3366 736 747 403
is_linear=0
shrinkage=0.03


Tree=1
num_leaves=7
num_cat=0
split_feature=1 3 2 3 3 3
split_gain=45.1585 38.3435 26.5621 11.7736 5.82783 3.75813
threshold=0.32002255320549017 -1.5363268256187437 0.019736572168767456 -1.8290044665336607 -1.5163249373435972 -0.23367316275835034
decision_type=2 2 2 2 2 2
left_child=1 3 -3 -1 -2 -6
right_child=4 2 -4 -5 5 -7
leaf_value=-0.00078051886567032699 0 0.0056914484661662349 -0.0011165358712837748 -0.010425382627818666 -0.014853354393513117 -0.0057621955220909455
leaf_weight=231.96706105768681 59.388007421046495 1354.6912488639355 795.64339435473084 244.20719138160348 153.80965455621481 146.25029951706529
leaf_count=492 120 2039 1197 468 266 243
internal_value=2.17837e-05 0.00142911 0.00315771 -0.00606869 -0.00963685 -0.0112467
internal_weight=2985.96 2626.51 2150.33 476.174 359.448 300.06
internal_count=4825 4196 3236 960 629 509
is_linear=0
shrinkage=0.03


Tree=2
num_leaves=7
num_cat=0
split_feature=2 0 2 4 0 2
split_gain=48.5208 34.3289 19.3134 9.7002 12.7197 9.01296
threshold=0.2355664670467377 -1.4637369513511655 -0.37620048224925989 1.0000000180025095e-35 -1.2178461551666258 -0.017546155489981171
decision_type=2 2 2 2 2 2
left_child=1 5 -3 4 -2 -1
right_child=3 2 -4 -5 -6 -7
leaf_value=0.00086247294831053598 -0.014047726450688865 -0.0044786304377028383 0.0076644426404040037 -0.00030607464832465154 -0.0013722682377805503 -0.003867070361536979
leaf_weight=978.89426768198609 249.92787842079997 114.97005909308791 919.93842386826873 127.19635116308928 118.24978491291404 539.99313696846366
leaf_count=1476 456 180 1425 242 205 875
internal_value=0.000335259 0.0020342 0.00619923 -0.00804589 -0.0104117 -0.000808385
internal_weight=3049.17 2553.8 1034.91 495.374 368.178 1518.89
internal_count=4859 3956 1605 903 661 2351
is_linear=0
shrinkage=0.03


Tree=3
num_leaves=7
num_cat=0
split_feature=2 3 2 7 3 4
split_gain=37.6455 21.4105 21.3079 9.22285 25.3741 18.0861
threshold=0.15179387480020526 0.70178139209747326 -0.37620048224925989 1.0000000180025095e-35 -0.89516085386276234 1.0000000180025095e-35
decision_type=2 2 2 2 2 2
left_child=1 2 -1 5 -5 -2
right_child=3 -3 -4 4 -6 -7
leaf_value=-0.0044817932653594319 -0.011290195398763933 -0.0072166126659412794 0.0043673238486071778 0.0092960975847082 -0.010970292082194362 0
leaf_weight=258.59949519112706 342.29516372829676 170.74976724386215 1858.1606431119144 105.88111166656017 79.381715208292007 198.14607433974743
leaf_count=433 633 278 2809 194 144 354
internal_value=0.000456112 0.00236504 0.00322634 -0.00538264 9.72249e-05 -0.00730463
internal_weight=3013.21 2287.51 2116.76 725.704 185.263 540.441
internal_count=4845 3520 3242 1325 338 987
is_linear=0
shrinkage=0.03


Tree=4
num_leaves=7
num_cat=0
split_feature=3 2 2 1 2 2
split_gain=31.7918 21.1664 12.1599 7.84376 6.84449 2.78258
threshold=0.66997793316841137 0.15179387480020526 -0.37620048224925989 0.12099852040410043 -0.25465328991413111 0.039053369313478477
decision_type=2 2 2 2 2 2
left_child=1 2 -1 -3 -2 -6
right_child=4 3 -4 -5 5 -7
leaf_value=-0.0032590703691494018 0 0.0017560946270368109 0.0036287137806719355 -0.005513693404248423 -0.016650014545519374 -0.00566520624347571
leaf_weight=238.16016583889723 45.19621367752552 161.42729400098324 1854.2261176034808 441.7742380425334 85.078286394476891 93.992355458438396
leaf_count=435 86 312 2765 885 155 192
internal_value=0.000402975 0.00135226 0.00279289 -0.00347797 -0.00993791 -0.012334
internal_weight=2919.85 2695.59 2092.39 603.202 224.267 179.071
internal_count=4830 4397 3200 1197 433 347
is_linear=0
shrinkage=0.03


Tree=5
num_leaves=7
num_cat=0
split_feature=0 3 1 3 3 3
split_gain=40.6125 22.7065 18.4939 17.4289 15.9516 13.0742
threshold=-1.5514461398124693 -0.026611269451677796 0.29291497170925146 -1.0922257304191587 -1.5843290686607359 -1.1469975113868711
decision_type=2 2 2 2 2 2
left_child=1 3 4 -1 -2 -4
right_child=2 -3 5 -5 -6 -7
leaf_value=-0.004811396096925412 -0.0015925727518232961 -0.0098814012562551089 0.0050400587237478698 0.002422201474775705 0.0067598804161558461 -0.010909618613979604
leaf_weight=573.14033184945583 236.95216438174248 341.13148759305477 52.872251331806183 577.37639174237847 980.24603991210461 104.00334256142378
leaf_count=1040 422 664 92 975 1454 206
internal_value=9.40588e-05 -0.00329134 0.00380667 -0.00115066 0.00508595 -0.00523277
internal_weight=2865.72 1491.65 1374.07 1150.52 1217.2 156.876
internal_count=4853 2679 2174 2015 1876 298
is_linear=0
shrinkage=0.03


Tree=6
num_leaves=7
num_cat=0
split_feature=0 2 3 4 0 3
split_gain=33.9605 16.9699 22.2815 12.2171 9.92999 12.0494
threshold=-1.5514461398124693 0.095224417746067061 -0.026611269451677796 1.0000000180025095e-35 -0.94158935546874989 -0.57003766298294056
decision_type=2 2 2 2 2 2
left_child=1 2 -1 -3 -2 -6
right_child=4 3 -4 -5 5 -7
leaf_value=0.0014535257547930098 0.0054213569211790233 -0.011555802984184831 -0.009168385900563408 -0.00040320910405448998 0.0036780973982718508 -0.0051760374598685266
leaf_weight=770.15029934048653 836.65818681567907 277.99604109674692 207.96543999761343 144.09487622976303 331.93658344447613 207.28721667081118
leaf_count=1330 1338 630 427 287 523 327
internal_value=6.82883e-05 -0.00317652 -0.000883236 -0.00807469 0.00341165 0.000103733
internal_weight=2776.09 1400.21 978.116 422.091 1375.88 539.224
internal_count=4862 2674 1757 917 2188 850
is_linear=0
shrinkage=0.03


Tree=7
num_leaves=7
num_cat=0
split_feature=7 2 2 2 0 0
split_gain=28.2278 25.0658 27.5079 18.7375 9.51804 9.10352
threshold=1.0000000180025095e-35 0.30138066411018377 -0.42071475088596338 0.030599985271692279 -2.4074462652206416 -1.7627633213996885
decision_type=2 2 2 2 2 2
left_child=3 2 -2 4 -1 -5
right_child=1 -3 -4 5 -6 -7
leaf_value=0.0067510037196744305 -0.011181058219177437 -0.0091485699752799441 0.008640863070069232 -0.0099501394425245381 -0.0012065024030311997 -0.0029118763547648029
leaf_weight=133.47180442512035 50.914774462580681 85.626314491033554 559.94677456468344 326.49458126723766 1093.3036747202277 427.03710226714611
leaf_count=254 95 161 944 726 1808 796
internal_value=-0.000713622 0.00437134 0.00659152 -0.00255786 -0.000198203 -0.00621744
internal_weight=2676.8 696.488 610.862 1980.31 1226.78 753.532
internal_count=4784 1200 1039 3584 2062 1522
is_linear=0
shrinkage=0.03


Tree=8
num_leaves=7
num_cat=0
split_feature=7 2 2 5 2 2
split_gain=16.8916 21.8867 17.398 23.9808 11.5748 8.37641
threshold=1.0000000180025095e-35 -0.38177454471588129 0.019736572168767456 1.0000000180025095e-35 0.30843062698841101 1.0000000180025095e-35
decision_type=2 2 2 2 2 2
left_child=2 -2 5 -4 -3 -1
right_child=1 4 3 -5 -6 -7
leaf_value=0.00045201841447064009 -0.010931413135068947 0.0072514842564153255 -0.00087262784214826373 -0.012538915951384906 -0.0033932903305428342 0.010721344475845289
leaf_weight=1087.6906046718359 57.6237533390522 608.58552461862564 525.67586271837354 217.62542622536421 87.319897055625916 58.228015370666981
leaf_count=1931 117 931 1077 516 168 100
internal_value=0.00041654 0.00416981 -0.00107705 -0.00460596 0.00577452 0.00120026
internal_weight=2642.75 753.529 1889.22 743.301 695.905 1145.92
internal_count=4840 1216 3624 1593 1099 2031
is_linear=0
shrinkage=0.03


Tree=9
num_leaves=7
num_cat=0
split_feature=1 7 3 1 0 0
split_gain=25.0625 14.6596 18.2824 9.50985 6.17118 3.6017
threshold=0.37342086434364324 1.0000000180025095e-35 -1.1469975113868711 -0.34160919487476343 -2.1363962888717647 -0.83705812692642201
decision_type=2 2 2 2 2 2
left_child=1 2 -1 -3 -2 -6
right_child=4 3 -4 -5 5 -7
leaf_value=-0.0052839349799184664 0 -0.003841156560010653 0.0013764980000625989 0.0057325712372962015 -0.01470907010880217 -0.0016713216646642058
leaf_weight=522.63345257937908 58.421131737530231 87.439098194241524 1134.7343921363354 611.56880225241184 117.48259410262108 41.494272381067276
leaf_count=1072 132 156 2182 934 275 77
internal_value=-0.000119196 0.000786943 -0.000725989 0.00437801 -0.00943243 -0.0122084
internal_weight=2573.77 2356.38 1657.37 699.008 217.398 158.977
internal_count=4828 4344 3254 1090 484 352
is_linear=0
shrinkage=0.03


Tree=10
num_leaves=7
num_cat=0
split_feature=0 1 3 3 3 0
split_gain=12.739 15.5185 15.487 9.76056 9.11805 7.25365
threshold=-1.5514461398124693 0.29291497170925146 -1.5945945382118223 0.27291892468929296 -1.0922257304191587 -2.0467879772186275
decision_type=2 2 2 2 2 2
left_child=3 2 -2 4 -1 -5
right_child=1 -3 -4 5 -6 -7
leaf_value=-0.0040762639868531262 -0.0033254829408472146 -0.0065374289909496128 0.0050753136866374783 -0.00077301491002092942 0.0012883618718758068 -0.013672887906516095
leaf_weight=494.61794396489859 229.92781897634268 146.21989541500807 866.55154417455196 81.236251786351204 600.58759751915932 90.265280835330486
leaf_count=1041 422 304 1441 224 1181 227
internal_value=-0.000166969 0.00194959 0.00323194 -0.00228807 -0.00111027 -0.00859472
internal_weight=2509.41 1242.7 1096.48 1266.71 1095.21 171.502
internal_count=4840 2167 1863 2673 2222 451
is_linear=0
shrinkage=0.03


Tree=11
num_leaves=7
num_cat=0
split_feature=7 0 2 2 2 0
split_gain=30.7635 20.0178 19.2561 15.5041 11.7518 9.19168
threshold=1.0000000180025095e-35 -1.5514461398124693 0.16885603219270709 -0.38177454471588129 0.30843062698841101 -2.2984071969985957
decision_type=2 2 2 2 2 2
left_child=1 5 -3 -2 -5 -1
right_child=3 2 -4 4 -6 -7
leaf_value=-0.0009453990676392606 -0.0080248672568260689 0.003427535466110456 -0.0074517633045767737 0.0076268887459673045 -0.0035307038575265255 -0.0073928234276531661
leaf_weight=331.63328862190247 55.851389579474926 651.89053697884083 165.79322516918182 604.12353122234344 78.543177470564842 619.99759274721146
leaf_count=742 125 1132 353 933 164 1412
internal_value=-0.00018272 -0.00235027 0.00102478 0.00485618 0.00619382 -0.00527343
internal_weight=2507.83 1769.31 817.684 738.518 682.667 951.631
internal_count=4861 3639 1485 1222 1097 2154
is_linear=0
shrinkage=0.03


Tree=12
num_leaves=7
num_cat=0
split_feature=7 0 0 2 0 0
split_gain=17.7913 15.0957 18.1303 12.2094 17.8402 10.9452
threshold=1.0000000180025095e-35 -1.5514461398124693 -1.4330159425735471 -0.38177454471588129 -0.49187865853309626 -2.2984071969985957
decision_type=2 2 2 2 2 2
left_child=1 5 -3 -2 -5 -1
right_child=3 2 -4 4 -6 -7
leaf_value=6.755474937615794e-05 -0.0079252681041631148 0.010788344566934789 -0.00069077384299468349 0.0069510048676290747 -0.0069741477959383274 -0.0065886864041369226
leaf_weight=321.259471103549 49.955898448824883 129.88081806898117 661.93538722395897 590.60130939632654 75.161139629781246 590.81469451636076
leaf_count=726 123 243 1240 959 126 1439
internal_value=2.07802e-05 -0.00162163 0.00133762 0.00395016 0.00513388 -0.00422865
internal_weight=2419.61 1703.89 791.816 715.718 665.762 912.074
internal_count=4856 3648 1483 1208 1085 2165
is_linear=0
shrinkage=0.03


Tree=13
num_leaves=7
num_cat=0
split_feature=0 2 5 3 0 3
split_gain=17.9254 10.8184 16.434 15.0736 10.4602 17.0587
threshold=-1.4725311398506162 0.032886905595660217 1.0000000180025095e-35 -1.1020950078964231 -1.151837110519409 -1.5843290686607359
decision_type=2 2 2 2 2 2
left_child=1 3 -3 -1 -2 -6
right_child=4 2 -4 -5 5 -7
leaf_value=-0.0048565587835391732 0.0068713757161603566 -0.0020041209678768723 -0.0147862777577883 0.0034365616338558761 -0.0073530121895670998 0.0033980498109944827
leaf_weight=307.4304461479187 401.54812502488494 375.49677857011557 110.1353568136692 475.05991043895483 154.8912622705102 520.80067075043917
leaf_count=675 745 840 348 974 290 963
internal_value=0.000305485 -0.00206946 -0.00549182 6.37001e-05 0.00314271 0.000706764
internal_weight=2345.36 1268.12 485.632 782.49 1077.24 675.692
internal_count=4835 2837 1188 1649 1998 1253
is_linear=0
shrinkage=0.03


Tree=14
num_leaves=7
num_cat=0
split_feature=3 3 2 7 1 2
split_gain=17.2871 19.1491 10.5387 9.28799 3.7366 6.59501
threshold=0.32055969536304479 -1.5611675977706907 0.019736572168767456 1.0000000180025095e-35 0.087443500757217421 -0.28713004291057581
decision_type=2 2 2 2 2 2
left_child=1 3 -3 -1 5 -2
right_child=4 2 -4 -5 -6 -7
leaf_value=-0.0079990998896660465 0 0.0043223597829621721 -0.00064341820532311461 3.5293721533517086e-05 -0.0012771118553085504 -0.012378293662462335
leaf_weight=264.39060349017382 58.897436127066612 914.54488517343998 613.9624038040638 210.59407678246498 107.58012625947595 137.36020471900702
leaf_count=685 127 1692 1354 362 273 331
internal_value=-0.000361231 0.000644829 0.00230644 -0.00445818 -0.00681054 -0.00916765
internal_weight=2307.33 2003.49 1528.51 474.985 303.838 196.258
internal_count=4824 4093 3046 1047 731 458
is_linear=0
shrinkage=0.03


Tree=15
num_leaves=7
num_cat=0
split_feature=2 2 1 0 5 0
split_gain=19.9259 12.8276 11.4178 10.9421 9.98498 2.31305
threshold=0.15179387480020526 -0.37620048224925989 -0.13850719481706616 -2.2823582887649532 1.0000000180025095e-35 -2.0148286819458003
decision_type=2 2 2 2 2 2
left_child=1 3 -3 -1 5 -2
right_child=4 2 -4 -5 -6 -7
leaf_value=0.0057599258230217028 0.0010696769324702413 0.0066568263313477975 0.0011493139107724259 -0.0081762525524624961 -0.012156605972867189 -0.0032237385237916037
leaf_weight=49.510844156146049 125.96822632104158 540.39572121948004 971.32362032681704 157.56867681443691 96.475200101733208 345.39209043234587
leaf_count=109 296 1066 1954 360 311 715
internal_value=0.000598533 0.00223046 0.00321847 -0.00436618 -0.00414696 -0.0019574
internal_weight=2286.63 1718.8 1511.72 207.08 567.836 471.36
internal_count=4811 3489 3020 469 1322 1011
is_linear=0
shrinkage=0.03


Tree=16
num_leaves=7
num_cat=0
split_feature=2 7 0 2 5 2
split_gain=13.8045 7.92991 12.6691 10.2648 5.55904 5.24618
threshold=0.15179387480020526 1.0000000180025095e-35 -1.5514461398124693 -0.38177454471588129 1.0000000180025095e-35 0.5403062403202058
decision_type=2 2 2 2 2 2
left_child=1 2 -1 -3 5 -2
right_child=4 3 -4 -5 -6 -7
leaf_value=-0.0026088909930195529 -0.00037574851345281262 -0.0063435565837559084 0.0034006779658397662 0.0063692316790819386 -0.0099575745418266689 -0.0083753909012124709
leaf_weight=645.08138847351074 393.75682143121958 44.805633090436459 578.53685238957405 416.8015760332346 94.093900077044964 77.29790997505188
leaf_count=1533 856 122 1090 714 327 169
internal_value=0.00014307 0.00153135 0.000193232 0.0047985 -0.00380497 -0.00209829
internal_weight=2250.37 1685.23 1223.62 461.607 565.149 471.055
internal_count=4811 3459 2623 836 1352 1025
is_linear=0
shrinkage=0.03


Tree=17
num_leaves=7
num_cat=0
split_feature=0 3 3 0 2 3
split_gain=11.8618 10.0792 13.2028 10.6725 8.46578 15.0202
threshold=-1.5514461398124693 -1.5363268256187437 -1.1020950078964231 -0.9615170657634734 0.028445742093026642 -1.2290602922439573
decision_type=2 2 2 2 2 2
left_child=4 3 -3 -2 5 -1
right_child=1 2 -4 -5 -6 -7
leaf_value=-0.0057427372675911866 0.00275498885341482 0.011334107680850258 0.0023241227548961522 -0.0085811992884456088 -0.0046412034264611737 0.0036391913080670844
leaf_weight=202.40446849912405 153.17758172005415 181.59145699441433 701.11885680258274 107.6727672368288 420.84862729907036 467.92659693211317
leaf_count=516 312 333 1348 215 1137 998
internal_value=0.000795978 0.00292408 0.00445417 -0.00198854 -0.00139277 0.000635127
internal_weight=2234.74 1143.56 882.71 260.85 1091.18 670.331
internal_count=4859 2208 1681 527 2651 1514
is_linear=0
shrinkage=0.03


Tree=18
num_leaves=7
num_cat=0
split_feature=7 0 0 1 1 0
split_gain=15.326 6.58102 8.42778 6.53987 7.0388 2.0548
threshold=1.0000000180025095e-35 -2.5601093769073482 -1.5514461398124693 0.17331019043922427 -0.39315719902515406 -0.9615170657634734
decision_type=2 2 2 2 2 2
left_child=1 -1 -3 4 -2 -5
right_child=3 2 -4 5 -6 -7
leaf_value=0.008038874202738017 -0.0026399158049631756 -0.0034923788840257142 0.00093077163822624176 0.0017135275010619936 0.0075471418077618594 -0.0044932010484909999
leaf_weight=48.866605244576931 51.176006436347961 781.5949325338006 706.80329900979996 101.95740786194801 420.46363927423954 55.1904366761446
leaf_count=126 115 2048 1434 200 765 96
internal_value=0.000657852 -0.000930719 -0.00136767 0.00454305 0.00625731 -0.000388762
internal_weight=2166.05 1537.26 1488.4 628.787 471.64 157.148
internal_count=4784 3608 3482 1176 880 296
is_linear=0
shrinkage=0.03


Tree=19
num_leaves=7
num_cat=0
split_feature=1 3 3 1 4 3
split_gain=10.4134 10.0392 12.0285 7.84312 7.184 10.9232
threshold=0.18991009891033175 0.10432592406868936 -1.5363268256187437 0.094792239367961897 1.0000000180025095e-35 -0.76609584689140309
decision_type=2 2 2 2 2 2
left_child=1 2 -1 -3 5 -2
right_child=4 3 -4 -5 -6 -7
leaf_value=-0.0022624532034292945 0 -0.0057679971722169833 0.0038617497292195986 0.0059406978757126899 0.0019550759212354617 -0.010491180193810967
leaf_weight=367.79767047613859 169.2195957377553 254.02826487645507 1043.3504028767347 41.512672685086727 120.43843697011471 188.24840606004
leaf_count=887 365 618 2113 98 295 489
internal_value=2.52813e-06 0.00113156 0.00221432 -0.00366091 -0.00379244 -0.00588884
internal_weight=2184.6 1706.69 1411.15 295.541 477.906 357.468
internal_count=4865 3716 3000 716 1149 854
is_linear=0
shrinkage=0.03


Tree=20
num_leaves=7
num_cat=0
split_feature=2 3 3 5 2 0
split_gain=16.8792 25.4353 22.4923 14.8837 5.0851 4.24003
threshold=0.019736572168767456 -0.19775586575269696 -1.5843290686607359 1.0000000180025095e-35 -0.079822551459074007 -0.94158935546874989
decision_type=2 2 2 2 2 2
left_child=1 2 -1 5 -3 -2
right_child=3 4 -4 -5 -6 -7
leaf_value=-0.0023069909719392111 0.00051820889543352597 -0.006183483626460322 0.008018902103943279 -0.010576328767009211 0.0014758568864232928 -0.004506512132745116
leaf_weight=239.41503356397152 565.51308315992355 251.48115701973438 677.79618637263775 153.99870526790619 84.290818884968758 178.27632740139961
leaf_count=594 1271 569 1333 524 179 348
internal_value=0.0004247 0.00268056 0.00526785 -0.00264809 -0.00411719 -0.000694061
internal_weight=2150.77 1252.98 917.211 897.788 335.772 743.789
internal_count=4818 2675 1927 2143 748 1619
is_linear=0
shrinkage=0.03


Tree=21
num_leaves=7
num_cat=0
split_feature=1 0 0 3 3 0
split_gain=9.88531 10.5634 10.3687 7.88046 4.25907 1.88541
threshold=0.37342086434364324 -1.4725311398506162 -0.94158935546874989 -1.1020950078964231 -1.0176985859870908 -1.4262002706527708
decision_type=2 2 2 2 2 2
left_child=1 3 -3 -1 -2 -6
right_child=4 2 -4 -5 5 -7
leaf_value=-0.0043390246258423809 0 0.0060230645104949665 -0.00023466068220080237 0.00091640999209695935 -0.0031886400484594062 -0.013771941660474414
leaf_weight=388.5411431491375 69.378711946308613 518.71735312789679 392.93846716731787 644.37759552150965 68.212686304003 42.479277148842812
leaf_count=990 149 1043 792 1548 210 105
internal_value=0.000308847 0.000979347 0.00331435 -0.00104835 -0.00600605 -0.00919521
internal_weight=2124.65 1944.57 911.656 1032.92 180.071 110.692
internal_count=4837 4373 1835 2538 464 315
is_linear=0
shrinkage=0.03


Tree=22
num_leaves=7
num_cat=0
split_feature=1 0 3 0 7 0
split_gain=11.0107 7.61047 8.92271 8.01165 2.75856 9.31899
threshold=0.37342086434364324 -1.4725311398506162 -1.0922257304191587 -0.94158935546874989 1.0000000180025095e-35 -1.3344466090202329
decision_type=2 2 2 2 2 2
left_child=1 2 -1 -3 5 -2
right_child=4 3 -4 -5 -6 -7
leaf_value=-0.0039779163770815038 -0.00099758410799236975 0.0055335912055459457 0.0016495206410466724 0 0 -0.018044010043888416
leaf_weight=389.78328981623054 82.163509286940098 532.35353872179985 633.52689303457737 380.83940646797419 62.548100784420967 36.008577115833759
leaf_count=1008 246 1053 1508 775 131 97
internal_value=0.000548721 0.00125583 -0.00047165 0.00322453 -0.00609947 -0.00848606
internal_weight=2117.22 1936.5 1023.31 913.193 180.72 118.172
internal_count=4818 4344 2516 1828 474 343
is_linear=0
shrinkage=0.03


Tree=23
num_leaves=7
num_cat=0
split_feature=0 2 2 2 0 2
split_gain=8.70745 9.23699 8.13288 4.67886 4.23519 1.49528
threshold=-1.4725311398506162 -0.37620048224925989 0.2355664670467377 0.095224417746067061 -1.8115032911300657 -0.48151727020740503
decision_type=2 2 2 2 2 2
left_child=3 5 -3 4 -1 -2
right_child=1 2 -4 -5 -6 -7
leaf_value=0.00096920722904523583 -0.00021928698827989085 0.0042013581959725581 -0.0026774934509887936 -0.0048147831476962125 -0.0035181317931982426 -0.0099808994708250765
leaf_weight=506.73542968183756 37.480355829000473 726.57125791162252 169.12538660317659 342.98694015294313 267.86705442517996 39.066661462187767
leaf_count=1257 89 1431 380 975 597 86
internal_value=-0.000162029 0.00186253 0.00280686 -0.00197782 -0.000556553 -0.00685825
internal_weight=2089.83 972.244 895.697 1117.59 774.602 76.547
internal_count=4815 1986 1811 2829 1854 175
is_linear=0
shrinkage=0.03


Tree=24
num_leaves=7
num_cat=0
split_feature=2 3 3 0 4 0
split_gain=8.7927 7.92668 9.34047 8.06925 5.32515 12.4934
threshold=0.028445742093026642 -1.5843290686607359 -0.19775586575269696 -1.1403049230575559 1.0000000180025095e-35 -1.2278367877006529
decision_type=2 2 2 2 2 2
left_child=1 3 -3 -1 5 -2
right_child=4 2 -4 -5 -6 -7
leaf_value=0 -0.0073040039858224669 0.0044569124836494152 -0.001409208054557908 -0.011092636995711643 0.0012807128340310964 0.0010676894787451832
leaf_weight=166.43134761229157 380.96356358379126 678.9449824988842 343.74808501452208 63.335445836186409 199.23814503103495 241.18598531931639
leaf_count=447 1039 1365 789 156 507 509
internal_value=-0.000272652 0.00127163 0.00243844 -0.00346099 -0.00267296 -0.00403298
internal_weight=2073.85 1252.46 1022.69 229.767 821.388 622.15
internal_count=4812 2757 2154 603 2055 1548
is_linear=0
shrinkage=0.03


Tree=25
num_leaves=7
num_cat=0
split_feature=0 3 3 1 3 3
split_gain=12.8385 11.0525 12.8502 11.6092 4.7656 8.5396
threshold=-1.4725311398506162 -1.1020950078964231 -1.5945945382118223 0.29291497170925146 -1.1585068106651304 -1.8290044665336607
decision_type=2 2 2 2 2 2
left_child=4 2 -2 -3 5 -1
right_child=1 3 -4 -5 -6 -7
leaf_value=0.0005566858015967972 1.2771667753744914e-05 0.0010196041261579694 0.010938528472089492 -0.010621989999453709 -0.0011002048231433228 -0.0083220040565292926
leaf_weight=127.53461537137628 201.08434833586216 492.58102375268936 189.48096311837435 70.002486750483513 709.8558545447886 259.50977188721299
leaf_count=336 446 985 367 180 1806 685
internal_value=-0.000515003 0.00197386 0.00573414 -0.000640897 -0.00272803 -0.00536539
internal_weight=2050.05 953.149 390.565 562.584 1096.9 387.044
internal_count=4805 1978 813 1165 2827 1021
is_linear=0
shrinkage=0.03


Tree=26
num_leaves=7
num_cat=0
split_feature=7 3 2 0 4 2
split_gain=10.1835 12.6561 9.79357 10.9328 9.14593 7.95063
threshold=1.0000000180025095e-35 -0.91133701801300038 0.17670657485723498 -1.5514461398124693 1.0000000180025095e-35 0.24005358666181567
decision_type=2 2 2 2 2 2
left_child=2 -2 3 -1 -4 -3
right_child=1 5 4 -5 -6 -7
leaf_value=-0.0020660307787032099 0.0067799752308258139 0.0011048850198993186 -0.0093002282512551909 0.0036150250178363721 0.00067688434936231143 -0.011292993798371908
leaf_weight=627.7419509254396 413.71135641634464 154.9587954506278 179.6122233197093 549.13161032646894 118.94624642282724 41.477834828197956
leaf_count=1663 824 316 570 1138 305 99
internal_value=0.000663178 0.00387146 -0.000657481 0.000550743 -0.00534404 -0.00203736
internal_weight=2085.58 610.148 1475.43 1176.87 298.558 196.437
internal_count=4915 1239 3676 2801 875 415
is_linear=0
shrinkage=0.03


Tree=27
num_leaves=7
num_cat=0
split_feature=2 5 2 2 3 3
split_gain=10.0451 11.217 9.58366 10.5845 6.35644 4.8926
threshold=0.022488925606012348 1.0000000180025095e-35 -0.37620048224925989 -0.58888524770736683 -0.19775586575269696 -1.8677613139152525
decision_type=2 2 2 2 2 2
left_child=2 5 3 -1 -4 -2
right_child=1 -3 4 -5 -6 -7
leaf_value=0.0051944304496437926 0.0049207922846913584 -0.0098519814557170345 0.0043967420245939791 -0.0081337881124609913 -0.00083366106054642115 -0.0018545179933278095
leaf_weight=58.189516544342041 91.253317877650261 134.80319945886731 735.07714515179396 141.5446168705821 256.77588038146496 592.24918976426125
leaf_count=139 202 510 1614 350 597 1411
internal_value=0 -0.00252067 0.00175086 -0.00385839 0.00299366 -0.000750492
internal_weight=2009.89 818.306 1191.59 199.734 991.853 683.503
internal_count=4823 2123 2700 489 2211 1613
is_linear=0
shrinkage=0.03


Tree=28
num_leaves=7
num_cat=0
split_feature=2 3 3 2 3 2
split_gain=13.1588 9.81012 13.6943 6.01081 2.24559 3.96476
threshold=0.28903606534004217 -1.5611675977706907 0.030852703377604488 0.0055422375444322833 0.043976781889796264 0.41804119944572454
decision_type=2 2 2 2 2 2
left_child=1 3 -3 -1 5 -2
right_child=4 2 -4 -5 -6 -7
leaf_value=-0.0065828162213163576 -0.012131676388866986 0.0035825883494961241 -0.0031693558054857506 0.00093519594724322884 -0.00016373832410175848 -0.0022997947692535358
leaf_weight=211.96725491434336 88.552755787968636 1047.2063990458846 335.99117600172758 134.27484343573451 60.984910763800144 101.82573014497757
leaf_count=571 233 2297 871 329 194 270
internal_value=-0.000208908 0.000715874 0.00187792 -0.0036116 -0.00637655 -0.00787676
internal_weight=1980.8 1729.44 1383.2 346.242 251.363 190.378
internal_count=4765 4068 3168 900 697 503
is_linear=0
shrinkage=0.03


Tree=29
num_leaves=7
num_cat=0
split_feature=1 3 3 2 3 2
split_gain=11.1709 4.91889 4.80773 5.22396 4.41328 2.96772
threshold=0.32002255320549017 -1.1975190639495847 0.75577679276466381 0.019736572168767456 -0.24838442355394361 -0.25465328991413111
decision_type=2 2 2 2 2 2
left_child=2 -2 3 -1 -3 -4
right_child=1 4 5 -5 -6 -7
leaf_value=0.0028396187416822975 0 -0.013638708248927331 0.0015769414293470561 -0.00061443259289437936 -0.001941867448536722 -0.0073186800133387053
leaf_weight=1089.2284478396177 82.252917818725109 64.769834317266941 28.710522800683975 562.85662011429667 77.706977412104607 72.797218449413776
leaf_count=2458 184 196 71 1425 252 213
internal_value=0.000346894 -0.005623 0.00120057 0.00163368 -0.00865283 -0.00446342
internal_weight=1978.32 224.73 1753.59 1652.09 142.477 101.508
internal_count=4799 632 4167 3883 448 284
is_linear=0
shrinkage=0.03


Tree=30
num_leaves=7
num_cat=0
split_feature=1 3 3 3 7 0
split_gain=9.36515 5.39173 11.4378 5.90376 1.99537 3.48824
threshold=0.37342086434364324 -1.5363268256187437 -1.8290044665336607 -0.19775586575269696 1.0000000180025095e-35 -2.1297811269760127
decision_type=2 2 2 2 2 2
left_child=1 2 -1 -3 5 -2
right_child=4 3 -4 -5 -6 -7
leaf_value=0.0020296163648791119 0 0.002646545725378837 -0.0076662309448623416 -0.0013112274101163258 -0.00045355460868183877 -0.012188658345162792
leaf_weight=203.40928322449327 39.596188575029373 938.38286490365863 187.6244292780757 486.94142604991794 54.330590799450874 69.028283376246691
leaf_count=521 115 2113 503 1218 122 232
internal_value=-0.000249752 0.000366719 -0.00262329 0.00125348 -0.00673804 -0.00885559
internal_weight=1979.31 1816.36 391.034 1425.32 162.955 108.624
internal_count=4824 4355 1024 3331 469 347
is_linear=0
shrinkage=0.03


Tree=31
num_leaves=7
num_cat=0
split_feature=1 0 0 1 1 7
split_gain=7.14069 6.61789 6.697 4.37829 1.32212 1.24359
threshold=0.37342086434364324 -1.4725311398506162 -1.503814101219177 -0.37680947780609125 0.44669637084007269 1.0000000180025095e-35
decision_type=2 2 2 2 2 2
left_child=1 2 -1 -3 -2 -6
right_child=4 3 -4 -5 5 -7
leaf_value=-0.00029253784076333341 -0.0094792017526019266 -0.003182595272201032 -0.011054410411425833 0.0033211129505574307 -0.0043939472531313445 0.00071253183449470291
leaf_weight=920.89216512814164 47.94013961404562 80.15784627944231 36.352588787674904 777.51145301759243 71.388268612325191 40.437675766646862
leaf_count=2458 148 182 79 1637 232 91
internal_value=9.48336e-05 0.000682142 -0.000980503 0.00258624 -0.00557675 -0.00226428
internal_weight=1974.68 1814.91 957.245 857.669 159.766 111.826
internal_count=4827 4356 2537 1819 471 323
is_linear=0
shrinkage=0.03


Tree=32
num_leaves=6
num_cat=0
split_feature=7 2 2 1 1
split_gain=12.8199 6.97606 6.49032 5.26528 4.97911
threshold=1.0000000180025095e-35 -0.42071475088596338 0.2240121588110924 0.38831029832363134 0.20546224713325503
decision_type=2 2 2 2 2
left_child=3 -2 -3 4 -1
right_child=1 2 -4 -5 -6
leaf_value=-0.00099097107204753569 -0.0053639776006256532 0.0070744280243694004 -0.00068735388013127323 -0.0070388041701324898 0.0044825350069628879
leaf_weight=1117.452737595886 38.020598523318768 417.57536929100752 102.83258061110973 93.985833123326302 150.92973270639777
leaf_count=2812 101 865 228 316 441
internal_value=0.00069901 0.00446027 0.005461 -0.000841533 -0.000233614
internal_weight=1920.8 558.429 520.408 1362.37 1268.38
internal_count=4763 1194 1093 3569 3253
is_linear=0
shrinkage=0.03


Tree=33
num_leaves=7
num_cat=0
split_feature=3 3 1 4 3 7
split_gain=7.68968 9.46216 14.8253 6.71905 4.96911 10.2005
threshold=-1.5363268256187437 -0.60356441140174855 -0.13307094573974607 1.0000000180025095e-35 -1.8677613139152525 1.0000000180025095e-35
decision_type=2 2 2 2 2 2
left_child=4 2 -2 -3 -1 -6
right_child=1 3 -4 -5 5 -7
leaf_value=-0.00060724659162108175 0.0077726023526949774 -0.0035193412702272282 -0.00062600288428992347 0.0033471529635465506 -0.012746273863876639 0
leaf_weight=201.93541137129068 273.527079179883 646.59782490879297 493.01579242944717 133.38585221767426 116.13967264816165 94.947047308087349
leaf_count=512 585 1696 1147 315 375 208
internal_value=-0.000907339 4.32425e-05 0.00241604 -0.00221577 -0.00444287 -0.00748244
internal_weight=1959.55 1546.53 766.543 779.984 413.022 211.087
internal_count=4838 3743 1732 2011 1095 583
is_linear=0
shrinkage=0.03


Tree=34
num_leaves=7
num_cat=0
split_feature=0 1 6 3 0 1
split_gain=11.0456 8.046 7.5237 8.63935 8.06048 5.00321
threshold=-1.5514461398124693 0.11811238899827005 1.0000000180025095e-35 -0.8253846764564513 -1.8115032911300657 -0.37680947780609125
decision_type=2 2 2 2 2 2
left_child=2 5 4 -4 -1 -2
right_child=1 -3 3 -5 -6 -7
leaf_value=0.0017643361464359901 -0.0012211021598209706 -0.001139585774016569 0.0011314565291683683 -0.010295318946329983 -0.0051826607276459049 0.0056334170906453922
leaf_weight=554.14342078194022 89.515453092753887 278.60669806227088 75.851114630699158 137.91323182731867 183.54435223713517 602.85318376123905
leaf_count=1578 202 668 200 386 476 1307
internal_value=0.000697858 0.00294132 -0.00154329 -0.00623412 0 0.00465358
internal_weight=1922.43 970.975 951.452 213.764 737.688 692.369
internal_count=4817 2177 2640 586 2054 1509
is_linear=0
shrinkage=0.03


Tree=35
num_leaves=6
num_cat=0
split_feature=1 3 3 1 3
split_gain=9.21865 4.53348 6.16209 3.12788 2.86545
threshold=0.37342086434364324 -1.5363268256187437 -0.19775586575269696 -0.10853534191846846 -1.0595166683197019
decision_type=2 2 2 2 2
left_child=1 3 -3 -1 -2
right_child=4 2 -4 -5 -6
leaf_value=-0.0046835750621021192 0 0.0035276593173582207 -0.00055094073251667566 0.00052260197495391549 -0.0085572343626147563
leaf_weight=142.26224557682872 58.493610445410013 938.09090980514884 468.28870331496 233.55674736201763 96.587024159729481
leaf_count=412 144 2132 1243 607 336
internal_value=0.000685634 0.00134466 0.00213884 -0.00143363 -0.00583369
internal_weight=1937.28 1782.2 1406.38 375.819 155.081
internal_count=4874 4394 3375 1019 480
is_linear=0
shrinkage=0.03


Tree=36
num_leaves=7
num_cat=0
split_feature=2 5 7 2 2 2
split_gain=8.49443 7.56139 7.01343 10.7593 2.61324 1.78771
threshold=0.17262800782918933 1.0000000180025095e-35 1.0000000180025095e-35 -0.42071475088596338 -0.029097855091094967 0.28903606534004217
decision_type=2 2 2 2 2 2
left_child=2 5 4 -4 -1 -2
right_child=1 -3 3 -5 -6 -7
leaf_value=0.0010338009543043216 0.00092834859331046733 -0.011364365231395786 -0.0075734239618341845 0.0061894628913586915 -0.0020431674863320157 -0.0029940056680185525
leaf_weight=717.39744040742517 151.83930660039186 68.611858982592821 37.716248542070389 377.75952161103487 354.61160648986697 202.26562479883432
leaf_count=1783 363 295 100 784 955 535
internal_value=0.00020142 -0.00341743 0.00130133 0.00451187 0 -0.00119201
internal_weight=1910.2 422.717 1487.48 415.476 1072.01 354.105
internal_count=4815 1193 3622 884 2738 898
is_linear=0
shrinkage=0.03


Tree=37
num_leaves=7
num_cat=0
split_feature=2 2 0 2 3 3
split_gain=8.61777 5.30999 11.1391 7.11901 2.75464 2.19194
threshold=0.2355664670467377 -0.38177454471588129 -2.2823582887649532 -0.34239308536052698 0.043976781889796264 0.4816009402275086
decision_type=2 2 2 2 2 2
left_child=1 2 -1 -3 -2 -6
right_child=4 3 -4 -5 5 -7
leaf_value=0.0075342717369858269 -0.0059278373344449787 0.011294205551860861 -0.0074735197510974113 0.001149413065420416 0.0044154571254939904 -0.003781447207905617
leaf_weight=39.935709580779076 223.06697588786483 47.869795076549053 141.70347071439028 1371.6890176944435 39.68012049049139 36.590778421610594
leaf_count=108 635 114 365 3374 121 131
internal_value=0.000113456 0.00102963 -0.00345628 0.00168535 -0.00435696 0
internal_weight=1900.54 1601.2 181.639 1419.56 299.338 76.2709
internal_count=4848 3961 473 3488 887 252
is_linear=0
shrinkage=0.03


Tree=38
num_leaves=5
num_cat=0
split_feature=1 0 0 7
split_gain=6.42865 3.92795 9.57902 5.65715
threshold=0.61475428938865673 -1.5514461398124693 -0.94158935546874989 1.0000000180025095e-35
decision_type=2 2 2 2
left_child=1 3 -3 -1
right_child=-2 2 -4 -5
leaf_value=-0.0023779103848322481 -0.0091821088655392753 0.0040996324501559314 -0.0019358283701991327 0.0029869022023333094
leaf_weight=687.93549938499928 46.027818702161312 573.99935872852802 362.3680764734745 209.48667090386152
leaf_count=2060 141 1311 832 461
internal_value=0 0.000343635 0.00170957 -0.00102238
internal_weight=1879.82 1833.79 936.367 897.422
internal_count=4805 4664 2143 2521
is_linear=0
shrinkage=0.03


Tree=39
num_leaves=7
num_cat=0
split_feature=1 0 2 1 7 0
split_gain=6.18353 3.23705 5.68805 5.51958 1.69989 2.02746
threshold=0.37342086434364324 -1.4725311398506162 -0.37620048224925989 -0.23176448792219159 1.0000000180025095e-35 -1.4168538451194761
decision_type=2 2 2 2 2 2
left_child=1 3 -3 -1 5 -2
right_child=4 2 -4 -5 -6 -7
leaf_value=0.0030834063364316403 -0.0025221663796903366 -0.0049824830276961928 0.0027913679499317052 -0.0020544154926809928 0 -0.013515458540518603
leaf_weight=232.70849875360727 72.736261334270239 72.174327097833157 732.03335808962584 677.56642589718103 53.53193561732769 22.894476540386677
leaf_count=622 251 183 1631 1880 128 87
internal_value=0 0.000533909 0.00191693 -0.000638401 -0.005475 -0.00755539
internal_weight=1863.65 1714.48 804.208 910.275 149.163 95.6307
internal_count=4782 4316 1814 2502 466 338
is_linear=0
shrinkage=0.03


Tree=40
num_leaves=5
num_cat=0
split_feature=0 2 0 2
split_gain=5.03583 5.83115 7.11613 6.36258
threshold=0.14348567277193072 -0.38177454471588129 -2.3312586545944209 0.17262800782918933
decision_type=2 2 2 2
left_child=1 2 -1 -3
right_child=-2 3 -4 -5
leaf_value=0.004686263843615591 0.0091049254815984745 0.0014952739066296404 -0.0080149855773145959 -0.0027073624019623242
leaf_weight=31.719620600342751 34.515123963356018 1251.048914719373 139.99540589377284 410.49601841345429
leaf_count=83 70 3074 384 1198
internal_value=0.000101402 -0.000132163 -0.0051117 0.000401451
internal_weight=1867.78 1833.26 171.715 1661.54
internal_count=4809 4739 467 4272
is_linear=0
shrinkage=0.03


Tree=41
num_leaves=7
num_cat=0
split_feature=2 3 3 5 2 3
split_gain=4.84114 7.93681 9.37986 5.51329 4.33295 3.72348
threshold=0.019736572168767456 -1.5700590610504148 -0.19775586575269696 1.0000000180025095e-35 0.07601140066981317 -1.9957880973815916
decision_type=2 2 2 2 2 2
left_child=1 5 -3 4 -2 -1
right_child=3 2 -4 -5 -6 -7
leaf_value=0.0016710972742157188 -0.0055070784687567464 0.0045988162104860612 -0.0016662455030292298 -0.0070798183390397285 0.0006017868763702408 -0.0060140537921148981
leaf_weight=58.098039023578167 107.48345641791821 606.35038004815578 297.33134873956442 129.25213212519884 514.24437981471419 153.29886863380671
leaf_count=166 268 1347 764 511 1327 450
internal_value=0 0.00121577 0.00248107 -0.00186417 -0.000499527 -0.00368077
internal_weight=1866.06 1115.08 903.682 750.98 621.728 211.397
internal_count=4833 2727 2111 2106 1595 616
is_linear=0
shrinkage=0.03


Tree=42
num_leaves=7
num_cat=0
split_feature=2 3 0 3 2 2
split_gain=11.393 7.80806 4.24616 1.76276 3.47499 1.46888
threshold=0.2355664670467377 0.75577679276466381 -1.4773210287094114 -1.2876906394958494 0.41804119944572454 -0.25465328991413111
decision_type=2 2 2 2 2 2
left_child=1 2 -1 4 -2 -3
right_child=3 5 -4 -5 -6 -7
leaf_value=-0.00021953815922447017 -0.0052571852033096418 0 0.0029431711412443939 -0.0071833643508771782 0.0046505590284982778 -0.0088238151493345799
leaf_weight=775.93791630491614 56.448942378163338 28.786434471607208 672.28231613337994 202.03662517666817 31.433443002402782 66.292715609073639
leaf_count=2113 149 76 1541 663 78 206
internal_value=-0.000400915 0.000610694 0.00122786 -0.00567142 -0.000952074 -0.00684806
internal_weight=1833.22 1543.3 1448.22 289.919 87.8824 95.0792
internal_count=4826 3936 3654 890 227 282
is_linear=0
shrinkage=0.03


Tree=43
num_leaves=7
num_cat=0
split_feature=2 3 0 0 2 2
split_gain=10.0442 8.49892 11.0953 7.18169 3.15639 4.49579
threshold=0.019736572168767456 -1.2290602922439573 -1.4581595063209531 -2.2984071969985957 0.5403062403202058 0.45139403641223913
decision_type=2 2 2 2 2 2
left_child=1 2 -1 -3 5 -2
right_child=4 3 -4 -5 -6 -7
leaf_value=-0.0056895371489954607 -0.0017281707596225088 0.011245272761266696 0.0043749670256131353 0.0028929779264199947 -0.0071728677763243523 0.0069510415605572714
leaf_weight=195.71367302536964 631.95772296190262 105.44348919391632 157.99818852543831 640.85152300447226 71.855207741260529 36.96074428036809
leaf_count=580 1778 268 383 1499 219 104
internal_value=0.000797664 0.00261954 -0.00103977 0.00441406 -0.00182659 -0.000973639
internal_weight=1840.78 1100.01 353.712 746.295 740.774 668.918
internal_count=4831 2730 963 1767 2101 1882
is_linear=0
shrinkage=0.03


Tree=44
num_leaves=7
num_cat=0
split_feature=7 3 0 3 0 0
split_gain=11.2993 14.8689 15.4196 8.00725 7.33433 12.0794
threshold=1.0000000180025095e-35 -0.91133701801300038 -1.7847402095794676 -1.5843290686607359 -1.5514461398124693 -1.4330159425735471
decision_type=2 2 2 2 2 2
left_child=4 3 -3 -2 -1 -6
right_child=1 2 -4 -5 5 -7
leaf_value=-0.0034614657083863508 0.001409245231421186 0.0096111854561693796 -0.0079411350898239714 0.010947692048358616 0.009697897015909257 -0.00094205437065564344
leaf_weight=711.80621190741658 160.95297607034445 42.072146147489548 136.70514965057373 196.59994575381279 96.367086417973042 502.56041663512588
leaf_count=2179 364 109 309 440 229 1226
internal_value=4.36838e-05 0.00366409 -0.00295723 0.00711497 -0.00142544 0.000931023
internal_weight=1847.06 536.33 178.777 357.553 1310.73 598.928
internal_count=4856 1222 418 804 3634 1455
is_linear=0
shrinkage=0.03


Tree=45
num_leaves=7
num_cat=0
split_feature=2 2 5 5 0 2
split_gain=9.20401 9.44182 8.35137 7.32358 8.21345 3.99001
threshold=0.032886905595660217 -0.36701470613479609 1.0000000180025095e-35 1.0000000180025095e-35 -1.2693108320236204 -0.058217093348503106
decision_type=2 2 2 2 2 2
left_child=1 2 -1 -2 -5 -3
right_child=3 5 -4 4 -6 -7
leaf_value=-0.0078326466304628004 -0.001071940608828009 0.001427309894956203 0.0051231056812737468 -0.01304328440826435 0.0023185564084080997 0.005867648430421521
leaf_weight=134.0529651157558 610.55214427411556 654.68360052630305 41.353029660880566 86.475942358374596 28.329732231795788 280.24012884125113
leaf_count=377 1577 1628 113 395 89 678
internal_value=-1.58174e-07 0.00167417 -0.00425946 -0.00261976 -0.00902589 0.00291613
internal_weight=1835.69 1110.33 175.406 725.358 114.806 934.924
internal_count=4857 2796 490 2061 484 2306
is_linear=0
shrinkage=0.03


Tree=46
num_leaves=7
num_cat=0
split_feature=2 0 3 1 3 3
split_gain=6.00904 6.13229 8.79618 4.96634 4.83141 5.25119
threshold=0.2355664670467377 -1.5514461398124693 -0.18604782223701474 0.063523247838020339 -0.89516085386276234 -0.28158512711524958
decision_type=2 2 2 2 2 2
left_child=1 2 -1 -3 -2 -6
right_child=4 3 -4 -5 5 -7
leaf_value=0.00076953074581713574 2.1913419469350841e-05 0.0041402174747167389 -0.0064032989222415756 -0.00091566669256214032 -0.013169763239688846 -0.0015442554791456654
leaf_weight=559.70751120150089 142.08061292767525 560.96638115495443 185.64871552214026 216.14355175197124 55.891824938356876 102.86858232319355
leaf_count=1554 374 1291 586 503 192 348
internal_value=6.89241e-06 0.000815818 -0.00105928 0.00267102 -0.00369549 -0.00698822
internal_weight=1823.31 1522.47 745.356 777.11 300.841 158.76
internal_count=4848 3934 2140 1794 914 540
is_linear=0
shrinkage=0.03


Tree=47
num_leaves=7
num_cat=0
split_feature=1 3 7 3 3 2
split_gain=8.68734 3.1675 7.17939 3.95305 0.770741 2.26048
threshold=0.37342086434364324 -1.5363268256187437 1.0000000180025095e-35 -0.026611269451677796 0.11613035202026369 0.42839872837066656
decision_type=2 2 2 2 2 2
left_child=1 2 -1 -3 5 -2
right_child=4 3 -4 -5 -6 -7
leaf_value=-0.0049451213725203716 -0.011019275782447793 0.0029597109910647957 0.0031310714777269852 -0.00064450630725159687 -6.2995322782810913e-05 -0.0010254526956440778
leaf_weight=189.92694862931967 49.51312718167901 947.42261653393507 161.5381915345788 338.61183508858085 35.625702552497387 56.625771388411522
leaf_count=645 160 2335 368 974 130 175
internal_value=0.00059713 0.00126845 -0.00110294 0.00196945 -0.0059844 -0.00717115
internal_weight=1779.26 1637.5 351.465 1286.03 141.765 106.139
internal_count=4787 4322 1013 3309 465 335
is_linear=0
shrinkage=0.03


Tree=48
num_leaves=7
num_cat=0
split_feature=1 2 3 4 3 3
split_gain=9.21605 8.61883 8.67388 5.29273 15.5927 5.8211
threshold=-0.12589380145072934 -0.37620048224925989 -1.5775603055953977 1.0000000180025095e-35 -1.0804568529129026 -1.1020950078964231
decision_type=2 2 2 2 2 2
left_child=1 -1 -3 5 -5 -2
right_child=3 2 -4 4 -6 -7
leaf_value=-0.0022930053851949006 0.00075487532868606167 -0.0021043324271182548 0.0073907458101565996 -0.0038230467118820876 0.0091622583863030741 -0.0041050506966481097
leaf_weight=154.31532435491681 321.98400223441422 89.943063624203205 371.1741148494184 155.49341036751866 134.72292236238718 556.29374950006604
leaf_count=437 785 272 911 468 360 1572
internal_value=0.000431912 0.00336779 0.00540349 -0.00109455 0.00221359 -0.00227943
internal_weight=1783.93 615.433 461.117 1168.49 290.216 878.278
internal_count=4805 1620 1183 3185 828 2357
is_linear=0
shrinkage=0.03


Tree=49
num_leaves=7
num_cat=0
split_feature=0 3 3 2 0 1
split_gain=7.17485 7.06745 9.88901 7.3699 5.54321 7.5432
threshold=-1.4725311398506162 -1.1020950078964231 -1.6319485902786253 0.1918386518955231 -2.32639467716217 0.094792239367961897
decision_type=2 2 2 2 2 2
left_child=4 2 -2 -3 -1 -6
right_child=1 3 -4 -5 5 -7
leaf_value=0.0020957247990060625 0 0.0020773257193378272 0.010389182655116682 -0.0062548278483154805 -0.0048688900571516999 0.001575503613646429
leaf_weight=262.55734765157104 147.25016319006681 383.56236995756626 165.72416093572974 105.02722255140543 478.41878618299961 213.81117454171181
leaf_count=773 389 878 395 307 1348 695
internal_value=0.000324586 0.00241344 0.00578569 0 -0.00138103 -0.0028058
internal_weight=1756.35 801.564 312.974 488.59 954.787 692.23
internal_count=4785 1969 784 1185 2816 2043
is_linear=0
shrinkage=0.03


Tree=50
num_leaves=7
num_cat=0
split_feature=1 7 1 2 1 1
split_gain=5.42671 4.5778 6.34118 2.74017 1.55075 2.67182
threshold=-0.22883474826812741 1.0000000180025095e-35 0.17331019043922427 -0.24931240081787107 -0.37680947780609125 -0.47086043655872339
decision_type=2 2 2 2 2 2
left_child=4 3 -3 -2 5 -1
right_child=1 2 -4 -5 -6 -7
leaf_value=0.00362076988632249 0.0021871706571229437 0.0041959495076842324 -0.0032066783052366976 -0.002714555126865914 0.0046104356272569395 -0.0030552128713526908
leaf_weight=96.44988701492548 87.001465648412704 265.92225508391857 137.72000762820244 885.8703397475183 203.17736972868443 76.530283778905869
leaf_count=263 233 602 325 2619 555 206
internal_value=-0.000144067 -0.00105337 0.00149645 -0.00218055 0.00291718 0.000345723
internal_weight=1752.67 1376.51 403.642 972.872 376.158 172.98
internal_count=4803 3779 927 2852 1024 469
is_linear=0
shrinkage=0.03


Tree=51
num_leaves=7
num_cat=0
split_feature=1 3 0 3 0 0
split_gain=6.71154 3.79816 8.13899 7.86671 0.640526 6.82989
threshold=0.37342086434364324 -1.1585068106651304 -1.4637369513511655 -0.61340108513832081 -1.8976913094520567 -2.3155201673507686
decision_type=2 2 2 2 2 2
left_child=1 2 -1 -3 5 -2
right_child=4 3 -4 -5 -6 -7
leaf_value=-0.0042905571908924871 -0.0091626506306870976 0.0052214828676587065 0.0026404446042023154 -1.1379632353241482e-06 -0.0073869996269314243 0.006277219443880943
leaf_weight=304.3518397808075 31.300274856388569 388.79430419951677 260.17982196062803 649.05300197377801 78.599990911781788 29.707288078963757
leaf_count=942 93 936 661 1792 266 105
internal_value=0.000269877 0.000876429 -0.00101252 0.00196035 -0.0055535 -0.00121005
internal_weight=1741.99 1602.38 564.532 1037.85 139.608 61.0076
internal_count=4795 4331 1603 2728 464 198
is_linear=0
shrinkage=0.03


Tree=52
num_leaves=7
num_cat=0
split_feature=1 6 2 2 0 0
split_gain=4.60192 5.66155 5.53735 3.59456 2.93212 4.28674
threshold=-0.042567513883113854 1.0000000180025095e-35 -0.16417276114225385 -0.097690500319004045 1.0000000180025095e-35 -0.94158935546874989
decision_type=2 2 2 2 2 2
left_child=1 3 -3 -1 5 -2
right_child=4 2 -4 -5 -6 -7
leaf_value=0.0044946731361626014 -0.00094713766707802142 -0.006626299050656155 0.0020196524102253054 -6.0240548477806527e-05 0.0052559676862004639 -0.0063330020271761284
leaf_weight=393.88163375109434 715.1582927107811 116.1061825081706 101.95591644197702 208.61689681559801 28.299595639109612 159.78502288460732
leaf_count=1069 2089 301 264 566 64 422
internal_value=-0.000223704 0.00134543 -0.00250175 0.00286987 -0.00171246 -0.00211731
internal_weight=1723.8 820.561 218.062 602.499 903.243 874.943
internal_count=4775 2200 565 1635 2575 2511
is_linear=0
shrinkage=0.03


Tree=53
num_leaves=7
num_cat=0
split_feature=2 3 3 3 3 3
split_gain=7.92455 5.73405 9.66112 5.43383 9.09685 5.22682
threshold=0.2355664670467377 -1.2648686766624448 -0.19775586575269696 -1.0922257304191587 -0.28158512711524958 -1.8963778018951414
decision_type=2 2 2 2 2 2
left_child=1 5 -3 -2 -5 -1
right_child=3 2 -4 4 -6 -7
leaf_value=0.0028454754335351055 0.00050763949901022479 0.0046452745132184612 -0.0012026896979391414 -0.014251336357081241 -0.00035101124479810841 -0.0036620988479706441
leaf_weight=137.17454618960619 108.84339104034007 623.59831911697984 386.69624561443925 70.724959388375282 98.983969058841467 322.88201953470707
leaf_count=394 280 1545 1113 256 342 918
internal_value=0.00017119 0.00109513 0.0023688 -0.00425155 -0.00735188 -0.00155905
internal_weight=1748.9 1470.35 1010.29 278.552 169.709 460.057
internal_count=4848 3970 2658 878 598 1312
is_linear=0
shrinkage=0.03


Tree=54
num_leaves=7
num_cat=0
split_feature=2 7 1 0 0 0
split_gain=5.26642 4.61318 6.03584 4.60623 4.32991 5.42022
threshold=-0.37620048224925989 1.0000000180025095e-35 0.40482230484485632 -0.46848583221435541 -2.1669598817825313 -0.93130668997764576
decision_type=2 2 2 2 2 2
left_child=4 2 -2 -3 -1 -6
right_child=1 3 -4 -5 5 -7
leaf_value=0.0017956562107218179 0.00041526957632030405 0.004345131438976575 -0.0072885512416028643 -0.0036917117416525413 -0.010448749582359022 0.0017940663495404586
leaf_weight=47.138439301401377 1035.6223749853671 421.97081224620342 79.695257507264614 51.323073625564575 91.508246064186096 27.912378817796707
leaf_count=136 2979 984 291 121 275 71
internal_value=0.000231102 0.000813653 -0.000201059 0.00323766 -0.00449512 -0.00730999
internal_weight=1755.17 1588.61 1115.32 473.294 166.559 119.421
internal_count=4857 4375 3270 1105 482 346
is_linear=0
shrinkage=0.03


Tree=55
num_leaves=7
num_cat=0
split_feature=2 0 0 0 4 0
split_gain=7.62065 5.27597 7.93471 5.57162 2.18506 5.5883
threshold=0.28903606534004217 -1.4725311398506162 -2.32639467716217 -1.4262002706527708 1.0000000180025095e-35 -1.9828229546546934
decision_type=2 2 2 2 2 2
left_child=1 2 -1 -3 -2 -6
right_child=4 3 -4 -5 5 -7
leaf_value=0.0038755547112474678 -0.0067153952455248321 0.01115091916326234 -0.002611847290731674 0.0016932018851016082 0.0066068866306240159 -0.0073389058697368682
leaf_weight=211.12080321833491 152.91553339548409 47.219275921583176 591.04082712158561 654.39825898781419 33.548570841550827 29.982292182743549
leaf_count=625 500 116 1757 1596 91 96
internal_value=9.77055e-06 0.000821133 -0.000778708 0.00270427 -0.00496612 0
internal_weight=1720.23 1503.78 802.162 701.618 216.446 63.5309
internal_count=4781 4094 2382 1712 687 187
is_linear=0
shrinkage=0.03


Tree=56
num_leaves=5
num_cat=0
split_feature=0 0 0 3
split_gain=6.29367 5.94315 6.56329 1.89094
threshold=1.0000000180025095e-35 -0.66746416687965382 -1.4725311398506162 -1.4952079653739927
decision_type=2 2 2 2
left_child=1 2 -1 -3
right_child=-2 3 -4 -5
leaf_value=-0.0017502594404709157 0.0087361584055427929 -0.011152805815069959 0.0022124679736535424 -0.0025122719888654521
leaf_weight=941.4064565859735 44.062088087201118 38.462718494236469 594.20046412572265 110.96655903756618
leaf_count=2864 98 104 1511 275
internal_value=-0.000426049 -0.000800487 -0.000169588 -0.00614443
internal_weight=1729.1 1685.04 1535.61 149.429
internal_count=4852 4754 4375 379
is_linear=0
shrinkage=0.03


Tree=57
num_leaves=7
num_cat=0
split_feature=2 3 3 2 1 2
split_gain=4.75902 5.59406 7.65109 3.94846 2.44506 2.07332
threshold=0.019736572168767456 -1.5363268256187437 -0.19775586575269696 0.051228499040007598 0.61475428938865673 -0.15345191955566403
decision_type=2 2 2 2 2 2
left_child=1 5 -3 -2 -5 -1
right_child=3 2 -4 4 -6 -7
leaf_value=-0.0054798707192501529 -0.0078048175919461409 0.0044412639574648114 -0.0014814990803459374 -0.00019289326971217284 -0.0065357194637646601 0
leaf_weight=102.2080308906734 71.847664464265108 547.2226240336895 268.75899666547775 593.15841245464981 43.542144384235144 103.7448632158339
leaf_count=345 207 1311 758 1781 144 299
internal_value=0 0.00127933 0.00242994 -0.00188103 -0.000903864 -0.00282543
internal_weight=1730.48 1021.93 815.982 708.548 636.701 205.953
internal_count=4845 2713 2069 2132 1925 644
is_linear=0
shrinkage=0.03


Tree=58
num_leaves=6
num_cat=0
split_feature=1 0 2 3 0
split_gain=5.43511 3.43581 3.15622 1.17576 0.457238
threshold=0.37342086434364324 1.0000000180025095e-35 -0.36701470613479609 -1.3392093777656553 -1.4262002706527708
decision_type=2 2 2 2 2
left_child=1 2 -1 -2 -5
right_child=3 -3 -4 4 -6
leaf_value=-0.0031650946881460699 0 0.0077469198442026745 0.00096906271455505003 -0.0023648835701959737 -0.0097029258357666359
leaf_weight=165.07167769223452 42.627243362367153 42.372055903077126 1360.6173863038421 67.30188874527812 33.002218194305897
leaf_count=480 102 91 3776 253 127
internal_value=0.000212116 0.000777884 0.000447784 -0.0049601 -0.00648968
internal_weight=1710.99 1568.06 1525.69 142.931 100.304
internal_count=4829 4347 4256 482 380
is_linear=0
shrinkage=0.03


Tree=59
num_leaves=7
num_cat=0
split_feature=2 5 2 2 2 1
split_gain=5.8519 10.9235 2.94395 2.20065 7.30664 3.22905
threshold=0.028445742093026642 1.0000000180025095e-35 0.051228499040007598 -0.16628240048885343 -0.24931240081787107 -0.026538282632827755
decision_type=2 2 2 2 2 2
left_child=3 2 -2 4 -1 -5
right_child=1 -3 -4 5 -6 -7
leaf_value=0.0028234306982302709 -0.0060598074851389303 -0.0095375874820067003 0.00072632895673195531 0.0051872660793762142 -0.0044368773809294508 0.00023979115493888209
leaf_weight=337.8912101984024 44.175165899097919 112.00777181982994 535.32536115124822 281.49692075327039 170.21002665907145 243.64553505927324
leaf_count=934 116 494 1476 753 456 620
internal_value=0.000314733 -0.00174921 0 0.00176 0.000201746 0.00309491
internal_weight=1724.75 691.508 579.501 1033.24 508.101 525.142
internal_count=4849 2086 1592 2763 1390 1373
is_linear=0
shrinkage=0.03


Tree=60
num_leaves=7
num_cat=0
split_feature=7 3 3 3 3 1
split_gain=3.56259 10.0593 8.19777 6.99476 3.88221 4.41588
threshold=1.0000000180025095e-35 -1.0419870018959043 -0.026611269451677796 -1.8963778018951414 -0.91133701801300038 0.17331019043922427
decision_type=2 2 2 2 2 2
left_child=1 3 -3 -1 -2 -6
right_child=4 2 -4 -5 5 -7
leaf_value=0.0020041546816843728 0.0041647528087286993 0.0036312271973754553 -0.0023343061780443774 -0.0064201014115824271 0.001842062229122595 -0.0072080323258900221
leaf_weight=95.735724464058876 323.29285723716021 493.33526727184653 318.54135039821267 325.1208008825779 118.89458757638931 51.427499081939459
leaf_count=309 782 1341 1009 985 285 138
internal_value=0.000149312 -0.000678501 0.00121866 -0.00436368 0.00227939 -0.00104559
internal_weight=1726.35 1232.73 811.877 420.857 493.615 170.322
internal_count=4849 3644 2350 1294 1205 423
is_linear=0
shrinkage=0.03


Tree=61
num_leaves=7
num_cat=0
split_feature=1 2 2 5 1 3
split_gain=4.67088 3.68672 5.09654 5.05567 0.501461 1.84622
threshold=0.37342086434364324 -0.36701470613479609 -0.54417523741722096 1.0000000180025095e-35 0.44669637084007269 -1.1975190639495847
decision_type=2 2 2 2 2 2
left_child=1 2 -1 -3 -2 -6
right_child=4 3 -4 -5 5 -7
leaf_value=0.0021314788415630202 -0.0086351254513438343 0.0014804861412283112 -0.0074033694732232765 -0.0027556098391811608 0.0017133388081371677 -0.0051363735610251114
leaf_weight=57.181146331131458 40.526877462863922 1088.2157822474837 111.69303815439343 303.60786784440279 32.225126542150974 60.858618523925543
leaf_count=172 146 2879 326 990 83 245
internal_value=-0.000530826 -9.49679e-07 -0.00397334 0.000487994 -0.00552369 -0.00235083
internal_weight=1694.31 1560.7 168.874 1391.82 133.611 93.0837
internal_count=4841 4367 498 3869 474 328
is_linear=0
shrinkage=0.03


Tree=62
num_leaves=5
num_cat=0
split_feature=1 3 1 3
split_gain=7.23919 2.9439 4.25315 3.25676
threshold=0.61475428938865673 -1.5611675977706907 0.29866226017475134 0.66997793316841137
decision_type=2 2 2 2
left_child=1 2 -1 -3
right_child=-2 3 -4 -5
leaf_value=-0.0036334551600632438 -0.010155129316358369 0.0012682223996839353 0.0049524389871096882 -0.0034985040890589238
leaf_weight=306.0375082232058 44.465091295540333 1200.6956699714065 38.51845171302557 119.86542634293437
leaf_count=953 155 3273 105 391
internal_value=-0.000283705 6.16932e-05 -0.00229 0.000745057
internal_weight=1709.58 1665.12 344.556 1320.56
internal_count=4877 4722 1058 3664
is_linear=0
shrinkage=0.03


Tree=63
num_leaves=7
num_cat=0
split_feature=2 5 1 7 2 2
split_gain=4.00016 7.67175 5.393 5.64475 2.39714 0.774464
threshold=-0.37620048224925989 1.0000000180025095e-35 -0.13850719481706616 1.0000000180025095e-35 -0.33583357930183405 -0.48915755748748774
decision_type=2 2 2 2 2 2
left_child=1 5 4 -4 -2 -1
right_child=2 -3 3 -5 -6 -7
leaf_value=-0.0028998794952530987 0.0091840615798707073 0.004433264851583716 -0.0023195785764356328 0.002143002722336208 0.0018733358389089246 -0.011372678583649144
leaf_weight=61.814323909580708 37.288022205233574 39.825056113302708 765.11382832191885 348.07266345247626 380.07541400566697 52.595175672322512
leaf_count=192 99 116 2403 819 1042 165
internal_value=-0.000254797 -0.00457793 0.000195582 -0.000858069 0.00305378 -0.00835397
internal_weight=1684.78 154.235 1530.55 1113.19 417.363 114.409
internal_count=4836 473 4363 3222 1141 357
is_linear=0
shrinkage=0.03


Tree=64
num_leaves=7
num_cat=0
split_feature=0 0 1 1 2 2
split_gain=5.7724 5.14884 4.9147 6.92483 4.23492 2.52456
threshold=-1.4725311398506162 -2.5601093769073482 0.063523247838020339 -0.36487033963203425 -0.24931240081787107 0.10125237330794336
decision_type=2 2 2 2 2 2
left_child=1 -1 3 -2 -3 -4
right_child=2 4 5 -5 -6 -7
leaf_value=0.0050839185221179658 -0.0044347131475387302 0.00056414208351142445 -0.0053708061013528459 0.0043199385740401407 -0.0043617430549984151 0
leaf_weight=48.435135714709759 77.159137479960918 171.22313669323921 105.93390930444002 402.5220096334815 670.11259622126818 181.36950340121984
leaf_count=141 206 522 260 1013 2147 516
internal_value=-0.0010416 -0.00267573 0.00079772 0.0026705 -0.00329978 -0.00210412
internal_weight=1656.76 889.771 766.985 479.681 841.336 287.303
internal_count=4805 2810 1995 1219 2669 776
is_linear=0
shrinkage=0.03


Tree=65
num_leaves=5
num_cat=0
split_feature=1 2 7 5
split_gain=3.35054 2.29954 3.61643 3.56716
threshold=0.61475428938865673 -0.37620048224925989 1.0000000180025095e-35 1.0000000180025095e-35
decision_type=2 2 2 2
left_child=1 3 -3 -1
right_child=-2 2 -4 -5
leaf_value=-0.0051046898814958276 -0.0063195745527047419 8.9618765315853166e-05 0.0033737719951975357 0.0033104210879647705
leaf_weight=117.26135472208261 42.400721374899149 1056.3773882463574 427.23679414018989 42.362833186984062
leaf_count=376 142 3177 1027 127
internal_value=0.000420231 0.000704114 0.00110756 -0.00241743
internal_weight=1685.64 1643.24 1483.61 159.624
internal_count=4849 4707 4204 503
is_linear=0
shrinkage=0.03


Tree=66
num_leaves=7
num_cat=0
split_feature=2 3 3 5 2 1
split_gain=8.34327 6.9299 5.59905 4.36752 4.98561 4.19138
threshold=-0.03163380175828933 -1.4843130111694334 -0.4942313283681869 1.0000000180025095e-35 0.28903606534004217 -0.042567513883113854
decision_type=2 2 2 2 2 2
left_child=1 5 -3 4 -2 -1
right_child=3 2 -4 -5 -6 -7
leaf_value=0.00032306573078437484 0.0007054389230421609 0.006092408950794645 0.00036742299762114602 -0.0064484481635005064 -0.0047649535747199883 -0.0080900660462736116
leaf_weight=125.60729351639748 493.24441552534699 359.10204126685858 303.15685484558344 144.00061833299696 186.1378026753664 58.015920504927635
leaf_count=439 1353 877 846 598 553 169
internal_value=9.85889e-05 0.00219922 0.00364727 -0.00198928 -0.000800956 -0.00257394
internal_weight=1669.26 845.882 662.259 823.383 679.382 183.623
internal_count=4835 2331 1723 2504 1906 608
is_linear=0
shrinkage=0.03


Tree=67
num_leaves=7
num_cat=0
split_feature=1 0 1 1 7 3
split_gain=4.63353 4.45921 4.63454 3.24133 0.638076 2.1031
threshold=0.37342086434364324 -1.4725311398506162 0.1063547544181347 -0.44765248894691462 1.0000000180025095e-35 -0.39628119766712183
decision_type=2 2 2 2 2 2
left_child=1 2 -1 -3 5 -2
right_child=4 3 -4 -5 -6 -7
leaf_value=-0.0023382939767282759 -0.0097137013400160951 -0.004138316263389394 0.0026769177640789178 0.0027557551846534743 -0.00043754005591346785 0
leaf_weight=620.34879936650395 47.177681677043438 43.165321156382561 196.33228081837296 672.04458903893828 50.098991107195616 40.982903394848108
leaf_count=1931 174 121 637 1699 128 183
internal_value=-3.3504e-05 0.000430112 -0.00102574 0.00215681 -0.00495461 -0.00641124
internal_weight=1670.15 1531.89 816.681 715.21 138.26 88.1606
internal_count=4873 4388 2568 1820 485 357
is_linear=0
shrinkage=0.03


Tree=68
num_leaves=7
num_cat=0
split_feature=2 3 3 0 4 0
split_gain=4.40972 4.78351 8.40554 5.39868 4.74329 10.4086
threshold=0.15179387480020526 -1.08458536863327 -0.19775586575269696 -1.4773210287094114 1.0000000180025095e-35 -1.0855665206909177
decision_type=2 2 2 2 2 2
left_child=1 3 -3 -1 5 -2
right_child=4 2 -4 -5 -6 -7
leaf_value=-0.0039552972134670149 -0.0081114353797757579 0.0053048891877229293 -0.0008785880072004667 0.0020524788837371181 0.0024173100635540095 0.0026144625464394936
leaf_weight=265.77372132986784 201.95989867672324 421.14951292052865 323.84300180524588 223.64437875151634 104.8324919976294 105.43772730231285
leaf_count=880 715 1053 960 598 322 287
internal_value=0.000142326 0.00107453 0.00258585 -0.0011194 -0.00243089 -0.00431421
internal_weight=1646.64 1234.41 744.993 489.418 412.23 307.398
internal_count=4815 3491 2013 1478 1324 1002
is_linear=0
shrinkage=0.03


Tree=69
num_leaves=7
num_cat=0
split_feature=3 3 1 3 2 1
split_gain=3.15094 3.91675 5.09501 3.70594 3.53976 3.43826
threshold=0.66997793316841137 -1.5363268256187437 -0.37680947780609125 -1.6508999466896055 -0.26098932325839991 0.087443500757217421
decision_type=2 2 2 2 2 2
left_child=1 3 -3 -1 -2 -6
right_child=4 2 -4 -5 5 -7
leaf_value=-0.00074696999604736817 0.0024987161904214748 -0.0043422155603609998 0.0016236881577265049 -0.0083235947037115406 -0.011376403100564184 0
leaf_weight=284.04890155419707 24.920679494738579 123.49648553133011 1032.482709813863 63.657231561839581 50.015306890010834 43.715473145246506
leaf_count=887 75 329 2955 214 180 155
internal_value=-0.000370928 0 0.000872304 -0.00267454 -0.00469923 -0.00724342
internal_weight=1622.34 1503.69 1155.98 347.706 118.651 93.7308
internal_count=4795 4385 3284 1101 410 335
is_linear=0
shrinkage=0.03


Tree=70
num_leaves=7
num_cat=0
split_feature=1 0 0 1 1 1
split_gain=3.83961 6.06982 5.83492 3.68341 2.08042 2.6843
threshold=0.05923078581690789 -1.4637369513511655 -2.2823582887649532 -0.10255270078778266 0.087443500757217421 0.11811238899827005
decision_type=2 2 2 2 2 2
left_child=1 2 -1 -3 -2 -6
right_child=4 3 -4 -5 5 -7
leaf_value=0.0035416157184033747 -0.0062582642551935967 0.00091904360410976116 -0.0028115120547419197 0.006638204158865799 0.0038068300050199733 -0.0018022459719137997
leaf_weight=164.17096034809947 65.877702683210373 256.88573664426804 399.32694111764431 199.11597222089767 66.273333247750998 487.23325149714947
leaf_count=512 198 677 1229 502 196 1519
internal_value=3.56566e-05 0.00119512 -0.000799797 0.00371639 -0.00175665 -0.000916696
internal_weight=1638.88 1019.5 563.498 456.002 619.384 553.507
internal_count=4833 2920 1741 1179 1913 1715
is_linear=0
shrinkage=0.03


Tree=71
num_leaves=7
num_cat=0
split_feature=2 3 3 3 2 2
split_gain=4.04281 4.06549 9.5709 3.90762 3.9936 3.67887
threshold=0.15179387480020526 0.043976781889796264 -1.08458536863327 0.70178139209747326 -0.24931240081787107 0.11242790147662164
decision_type=2 2 2 2 2 2
left_child=3 2 -2 5 -5 -1
right_child=1 -3 -4 4 -6 -7
leaf_value=0.0002024878466700627 0.00014105277618479172 0.0015102181927942283 -0.0098899710409039304 0.0019021753576000419 -0.0089865916613564144 0.006774905809213418
leaf_weight=1097.55629234761 152.22935586422682 95.824751112610102 145.83661877736449 27.229059234261513 58.754324223846197 64.788985423743725
leaf_count=3085 432 348 519 80 194 201
internal_value=-0.000612477 -0.00319143 -0.00489152 0.00019146 -0.00526399 0.000727984
internal_weight=1642.22 393.891 298.066 1248.33 85.9834 1162.35
internal_count=4859 1299 951 3560 274 3286
is_linear=0
shrinkage=0.03


Tree=72
num_leaves=5
num_cat=0
split_feature=0 0 1 3
split_gain=5.78665 4.63932 3.71576 2.61676
threshold=0.085016787052154555 -0.49187865853309626 -0.14322289079427716 0.66997793316841137
decision_type=2 2 2 2
left_child=1 3 -3 -1
right_child=-2 2 -4 -5
leaf_value=0 0.0091077957785072328 1.9371752283405828e-05 -0.0099087114807222664 -0.0043479486710677933
leaf_weight=1404.5860637053847 33.25349648296833 36.333628736436367 67.34445995092392 116.36186044663191
leaf_count=4156 82 89 169 405
internal_value=-0.000539537 -0.000881841 -0.00650382 -0.000380233
internal_weight=1657.88 1624.63 103.678 1520.95
internal_count=4901 4819 258 4561
is_linear=0
shrinkage=0.03


Tree=73
num_leaves=7
num_cat=0
split_feature=0 1 0 4 1 1
split_gain=4.61292 5.84873 4.01332 3.84597 2.17168 1.96689
threshold=-1.4725311398506162 0.11811238899827005 -1.4956309199333189 1.0000000180025095e-35 0.23848892748355868 0.61475428938865673
decision_type=2 2 2 2 2 2
left_child=2 3 5 -2 -3 -1
right_child=1 4 -4 -5 -6 -7
leaf_value=-0.00073466030857259374 0.0043860334952912847 -0.0053474306669108792 -0.010490021370403215 -0.001241072667743709 0 -0.0072250274497269269
leaf_weight=817.6722255051136 423.51393093168736 99.455406166613102 27.214752778410912 115.23214933276176 116.89689348079264 28.533564820885658
leaf_count=2656 1088 251 80 304 355 95
internal_value=-0.000273946 0.00138013 -0.00176999 0.00307373 -0.00248652 -0.00118455
internal_weight=1628.52 755.098 873.421 538.746 216.352 846.206
internal_count=4829 1998 2831 1392 606 2751
is_linear=0
shrinkage=0.03


Tree=74
num_leaves=5
num_cat=0
split_feature=0 0 2 3
split_gain=3.84765 3.67899 7.01147 3.52329
threshold=1.0000000180025095e-35 -0.94158935546874989 -0.040951676666736596 -0.67778202891349781
decision_type=2 2 2 2
left_child=1 3 -3 -1
right_child=-2 2 -4 -5
leaf_value=-0.0011276662846822548 0.0069677040578029524 0.0012801999316275629 -0.0075220524485912757 0.0019569643168035468
leaf_weight=728.86546291969717 45.180270865559578 127.71480367332697 150.63291591405869 572.1132922116667
leaf_count=2178 108 341 411 1785
internal_value=-0.00012525 -0.000450271 -0.00346711 0.000192489
internal_weight=1624.51 1579.33 278.348 1300.98
internal_count=4823 4715 752 3963
is_linear=0
shrinkage=0.03


Tree=75
num_leaves=5
num_cat=0
split_feature=0 0 2 3
split_gain=3.34744 6.16949 2.5355 2.09199
threshold=1.0000000180025095e-35 -0.49187865853309626 0.22849042713642123 -0.72623106837272633
decision_type=2 2 2 2
left_child=1 2 -1 -3
right_child=-2 3 -4 -5
leaf_value=0.00082636704378430577 0.0066665586851173799 -0.00091344906215447231 -0.0023626475938184699 -0.011594961731052894
leaf_weight=1234.9126150421798 45.973715752363205 48.93772441893816 249.13980519771576 34.903094552457333
leaf_count=3593 108 134 867 99
internal_value=1.30875e-05 -0.00022573 0.000226811 -0.00731476
internal_weight=1613.87 1567.89 1484.05 83.8408
internal_count=4801 4693 4460 233
is_linear=0
shrinkage=0.03


Tree=76
num_leaves=5
num_cat=0
split_feature=1 0 0 3
split_gain=6.06727 5.1754 2.68845 0.860555
threshold=0.37342086434364324 1.0000000180025095e-35 -0.49187865853309626 -1.0595166683197019
decision_type=2 2 2 2
left_child=1 2 -1 -2
right_child=3 -3 -4 -5
leaf_value=0 -0.0010530239296649892 0.0086798875985193407 -0.0051491396952075066 -0.0081482190401471477
leaf_weight=1362.6454063765705 51.925231629982591 39.584262982010841 77.623670227825642 80.796783935278654
leaf_count=4025 153 91 218 332
internal_value=-0.000573503 0 -0.00033995 -0.00626664
internal_weight=1612.58 1479.85 1440.27 132.722
internal_count=4819 4334 4243 485
is_linear=0
shrinkage=0.03


Tree=77
num_leaves=7
num_cat=0
split_feature=2 2 4 2 0 0
split_gain=1.96627 5.22663 6.59794 3.87852 2.86742 4.33322
threshold=-0.16628240048885343 -0.086486089974641786 1.0000000180025095e-35 -0.058217093348503106 -2.4618335962295528 -1.7627633213996885
decision_type=2 2 2 2 2 2
left_child=4 2 -2 -3 -1 -6
right_child=1 3 -4 -5 5 -7
leaf_value=0.0042418718652952369 0.0075471756777066917 -0.0063454831104547086 -0.0039263524946616182 1.1223456538947232e-05 -0.0063141562080297527 -0.00011558492693746309
leaf_weight=36.494900569319725 147.95796577632427 73.691764637827873 39.860974375158548 881.59839842095971 161.83333657681942 278.62349728494883
leaf_count=111 415 195 117 2706 508 747
internal_value=-0.000301711 0.000333737 0.00467991 -0.000537687 -0.00189756 -0.00269871
internal_weight=1620.06 1143.11 187.819 955.29 476.952 440.457
internal_count=4799 3433 532 2901 1366 1255
is_linear=0
shrinkage=0.03


Tree=78
num_leaves=7
num_cat=0
split_feature=3 0 4 0 1 1
split_gain=6.53038 11.3595 9.23596 6.32483 4.27774 3.37871
threshold=-0.19775586575269696 -1.578825771808624 1.0000000180025095e-35 -2.3080848455429073 -0.042567513883113854 -0.36487033963203425
decision_type=2 2 2 2 2 2
left_child=4 3 -3 -2 5 -1
right_child=1 2 -4 -5 -6 -7
leaf_value=-0.00058162077479739858 0 -0.0010448263866193396 0.012978632965972877 -0.010787317783596321 -0.0002494373027117698 0.0045402437882912233
leaf_weight=125.7944897338748 63.624253358691931 201.3165939822793 31.185967192053795 144.44644372910261 638.18903174251318 413.51741555333138
leaf_count=359 222 565 77 533 1884 1180
internal_value=0.000135132 -0.00286153 0.00147756 -0.00767758 0.00133553 0.00326022
internal_weight=1618.07 440.573 232.503 208.071 1177.5 539.312
internal_count=4820 1397 642 755 3423 1539
is_linear=0
shrinkage=0.03


Tree=79
num_leaves=7
num_cat=0
split_feature=1 0 0 0 1 0
split_gain=5.45849 3.93305 3.97893 3.80209 2.95631 2.34837
threshold=-0.18526773154735562 -1.5715198516845701 -1.8115032911300657 1.0000000180025095e-35 -0.50459793210029591 -0.94158935546874989
decision_type=2 2 2 2 2 2
left_child=1 2 -1 5 -3 -2
right_child=3 4 -4 -5 -6 -7
leaf_value=0.0022508178603460427 -0.00077453710972826906 -0.0009059331955883252 -0.0059960624298318376 0.0065161783097462418 0.0072187286194520962 -0.0043470486861829499
leaf_weight=172.83710695058107 962.56629840098321 30.551190674304962 52.43079112842679 33.648275472223759 162.33145140111446 204.73837044090033
leaf_count=548 2949 86 167 82 431 576
internal_value=-7.21456e-05 0.00276194 0 -0.00113715 0.00568579 -0.00151434
internal_weight=1619.1 418.151 225.268 1200.95 192.883 1167.3
internal_count=4839 1232 715 3607 517 3525
is_linear=0
shrinkage=0.03


Tree=80
num_leaves=7
num_cat=0
split_feature=3 3 3 3 2 2
split_gain=3.80601 5.51809 3.01786 2.10605 1.60792 1.39121
threshold=-1.6128911972045896 -1.7860644459724424 0.4816009402275086 0.24109906703233722 -0.26098932325839991 -0.10486622527241705
decision_type=2 2 2 2 2 2
left_child=1 -1 3 -2 -4 -3
right_child=2 5 4 -5 -6 -7
leaf_value=4.3982098840166967e-05 0.001256690961156424 -0.011988338795653137 0.0018347799304003999 0.0061727508800691602 -0.0038092160083978452 -0.0019159266143569931
leaf_weight=211.70302991569042 1081.9953221715987 34.926676966249943 34.172814726829529 77.073922827839851 134.06708312779665 50.75526088476181
leaf_count=655 3095 137 105 250 470 162
internal_value=0.000433363 -0.00246972 0.00115534 0.00173364 -0.00227093 -0.00808124
internal_weight=1624.69 297.385 1327.31 1159.07 168.24 85.6819
internal_count=4874 954 3920 3345 575 299
is_linear=0
shrinkage=0.03


Tree=81
num_leaves=7
num_cat=0
split_feature=5 2 0 0 2 1
split_gain=3.85518 6.04621 6.29107 2.50434 2.46776 3.97786
threshold=1.0000000180025095e-35 -0.22213759273290631 -1.5715198516845701 -2.1363962888717647 -0.37620048224925989 -0.22883474826812741
decision_type=2 2 2 2 2 2
left_child=4 3 -3 -2 -1 -6
right_child=1 2 -4 -5 5 -7
leaf_value=-0.003925262289655479 0.0074422249234546269 -0.0092344650593662366 0 -0.00075884060941254169 0.0043128831660020272 -0.00028677647827741147
leaf_weight=109.34888419136405 31.362973853945732 154.90984220057726 100.56997681036592 57.696072354912758 180.3179620206356 976.82995153963566
leaf_count=351 97 633 304 162 506 2773
internal_value=-0.000774331 -0.00349294 -0.00579574 0.00241425 0 0.000440115
internal_weight=1611.04 344.539 255.48 89.059 1266.5 1157.15
internal_count=4826 1196 937 259 3630 3279
is_linear=0
shrinkage=0.03


Tree=82
num_leaves=4
num_cat=0
split_feature=3 2 2
split_gain=1.95728 2.52107 2.82474
threshold=-2.0778892040252681 0.5403062403202058 0.45139403641223913
decision_type=2 2 2
left_child=-1 2 -2
right_child=1 -3 -4
leaf_value=-0.0048000336810036237 0.00013191879892466459 -0.0048929896951015314 0.00711245636981733
leaf_weight=56.053931809961796 1443.379944127053 63.959385965019464 35.257621664553881
leaf_count=160 4354 223 106
internal_value=-8.01959e-05 0.000112155 0.000431101
internal_weight=1598.65 1542.6 1478.64
internal_count=4843 4683 4460
is_linear=0
shrinkage=0.03


Tree=83
num_leaves=7
num_cat=0
split_feature=2 2 1 3 3 2
split_gain=4.19194 9.32232 6.68781 2.36114 6.24749 4.89189
threshold=-0.029097855091094967 -0.058217093348503106 -0.050270978361368172 -0.67778202891349781 -1.1020950078964231 0.5403062403202058
decision_type=2 2 2 2 2 2
left_child=1 2 -1 4 -2 -5
right_child=3 -3 -4 5 -6 -7
leaf_value=0.0022790490333827007 0 0.010171232321061928 -0.004039172818534293 0.0020477081427600829 -0.0074375293964590297 -0.0073760610268428723
leaf_weight=535.59146217629313 317.06462955474854 86.35473919659853 184.12293155118823 313.12918987125158 138.31818346679211 37.233312204480171
leaf_count=1577 936 236 523 1020 430 139
internal_value=0.00030807 0.00184427 0.000516054 -0.00116353 -0.00256798 0.000539998
internal_weight=1611.81 806.069 719.714 805.745 455.383 350.363
internal_count=4861 2336 2100 2525 1366 1159
is_linear=0
shrinkage=0.03


Tree=84
num_leaves=7
num_cat=0
split_feature=0 3 3 0 0 5
split_gain=3.40218 6.39022 12.2218 4.13283 3.99164 2.39268
threshold=-1.2045530676841734 -0.77790892124176014 -1.6395657658576963 -1.0236825942993162 -2.5601093769073482 1.0000000180025095e-35
decision_type=2 2 2 2 2 2
left_child=4 2 -2 -3 -1 -6
right_child=1 3 -4 -5 5 -7
leaf_value=0.0062140594226060926 -0.0026469524634041173 0.0037263858378800579 0.0095967355270964415 -0.0039434356899055896 -0.00037145648152595723 -0.0037104196589664924
leaf_weight=45.77966133505106 96.665360283106565 71.228264786303043 173.18244806490839 164.97501198202372 799.38907985761762 261.70746430009604
leaf_count=142 283 194 449 444 2362 959
internal_value=5.80346e-05 0.00208274 0.00512377 -0.00128603 -0.000834929 -0.00130388
internal_weight=1612.93 506.051 269.848 236.203 1106.88 1061.1
internal_count=4833 1370 732 638 3463 3321
is_linear=0
shrinkage=0.03


Tree=85
num_leaves=7
num_cat=0
split_feature=2 4 3 3 1 3
split_gain=7.37218 2.81131 6.88103 5.17295 2.52178 4.69038
threshold=0.15179387480020526 1.0000000180025095e-35 -1.08458536863327 -0.91133701801300038 -0.11510623246431349 -1.5843290686607359
decision_type=2 2 2 2 2 2
left_child=4 2 -2 -3 5 -1
right_child=1 3 -4 -5 -6 -7
leaf_value=-0.0026218432928899358 0.00079155294838952213 -0.004410058158085298 -0.0081492888954723189 0.0069585437707523666 -9.1169372420270289e-05 0.003885796587924528
leaf_weight=99.565472476184368 100.32371957600117 61.872478276491165 187.40637927874923 43.327894136309624 638.28540393710136 454.87333547323942
leaf_count=349 277 199 704 134 1857 1281
internal_value=-2.71544e-05 -0.00352448 -0.00498805 0.000156609 0.00111465 0.00256212
internal_weight=1585.65 392.93 287.73 105.2 1192.72 554.439
internal_count=4801 1314 981 333 3487 1630
is_linear=0
shrinkage=0.03


Tree=86
num_leaves=7
num_cat=0
split_feature=2 3 1 1 4 3
split_gain=4.63257 5.81364 6.48436 5.66052 3.46846 9.23605
threshold=-0.0091208964586257917 -1.1637907624244688 0.0075279832817614087 0.010096928104758264 1.0000000180025095e-35 -1.0922257304191587
decision_type=2 2 2 2 2 2
left_child=1 3 -3 -1 5 -2
right_child=4 2 -4 -5 -6 -7
leaf_value=0.00027327043163380443 0.0017315327456847403 0.0012406893747688467 0.0090482990742333253 -0.0088155398950089531 0.0014168936136062283 -0.0059139054198954592
leaf_weight=238.45135142654181 205.29717162996531 438.06397499144077 116.46075563132763 57.876277454197407 189.29717591032386 343.76752685755491
leaf_count=783 567 1208 313 174 613 1198
internal_value=-2.32828e-05 0.00143211 0.00324277 -0.00175734 -0.00177307 -0.00298943
internal_weight=1589.21 850.852 554.525 296.328 738.362 549.065
internal_count=4856 2478 1521 957 2378 1765
is_linear=0
shrinkage=0.03


Tree=87
num_leaves=7
num_cat=0
split_feature=2 2 1 0 7 0
split_gain=3.19021 5.52167 2.51314 2.41779 6.00141 3.59637
threshold=0.2355664670467377 0.37129583954811102 0.30597798526287084 -1.5514461398124693 1.0000000180025095e-35 -1.2831174135208128
decision_type=2 2 2 2 2 2
left_child=3 -2 -3 4 -1 -5
right_child=1 2 -4 5 -6 -7
leaf_value=-0.0028896360461338091 -0.0076903833401821458 0.0049977807775735223 -0.0021910653702033275 0.0044838558272874609 0.0035252497994326488 -5.6708365127349057e-05
leaf_weight=493.15253942087293 120.91887426003814 50.05699048936367 89.829741325229406 198.88231674954295 151.16782062873244 466.64494062587619
leaf_count=1709 427 157 333 528 404 1264
internal_value=-0.000565686 -0.00346943 0.000309502 1.08472e-05 -0.00123346 0.00130387
internal_weight=1570.65 260.806 139.887 1309.85 644.32 665.527
internal_count=4822 917 490 3905 2113 1792
is_linear=0
shrinkage=0.03


Tree=88
num_leaves=7
num_cat=0
split_feature=3 0 0 3 0 0
split_gain=3.10326 4.72807 4.3585 3.96176 3.89654 2.07631
threshold=0.22395491600036624 -0.64138829708099354 -2.4941931962966915 -1.4695400595664976 -2.4788743257522579 -2.4841738939285274
decision_type=2 2 2 2 2 2
left_child=3 2 -2 5 -5 -1
right_child=1 -3 -4 4 -6 -7
leaf_value=0.0031693926970034502 0.0040337935042999533 0.0052427569154609071 -0.0064615623272277229 -0.0047513485683108418 0.0018477418209205505 -0.0030496859025239743
leaf_weight=29.793864563107491 21.080066949129105 26.737218141555786 200.2437888123095 65.056051716208458 888.89077463746071 351.98811198025942
leaf_count=95 77 73 698 196 2591 1131
internal_value=-0.000370213 -0.00332901 -0.00496184 0.000176019 0.00124777 -0.00228141
internal_weight=1583.79 248.061 221.324 1335.73 953.947 381.782
internal_count=4861 848 775 4013 2787 1226
is_linear=0
shrinkage=0.03


Tree=89
num_leaves=7
num_cat=0
split_feature=3 0 2 2 0 0
split_gain=3.57047 2.82977 5.20769 3.18343 2.05495 5.68508
threshold=0.32055969536304479 -0.49187865853309626 -0.036436429247260087 -0.36701470613479609 -1.578825771808624 -2.4841738939285274
decision_type=2 2 2 2 2 2
left_child=1 3 -3 -1 5 -2
right_child=4 2 -4 -5 -6 -7
leaf_value=-0.0032213280522846804 0.0039167613338468299 0.001995141599380371 -0.0088103008872080363 0.0014963430885532433 0 -0.0095588113236357557
leaf_weight=119.42775201797485 19.070708144456148 56.049781456589699 58.588501021265984 1129.5027989931405 104.40971359610558 81.334501588717103
leaf_count=390 66 147 164 3409 309 342
internal_value=-4.79302e-05 0.000484435 -0.00357 0.000954274 -0.00358687 -0.00627553
internal_weight=1568.38 1363.57 114.638 1248.93 204.815 100.405
internal_count=4827 4110 311 3799 717 408
is_linear=0
shrinkage=0.03


Tree=90
num_leaves=7
num_cat=0
split_feature=2 0 0 3 4 0
split_gain=2.86907 2.89881 4.78643 1.75407 5.87699 3.93906
threshold=0.30138066411018377 0.085016787052154555 -0.46848583221435541 -1.1020950078964231 1.0000000180025095e-35 -1.4773210287094114
decision_type=2 2 2 2 2 2
left_child=1 2 -1 5 -5 -2
right_child=3 -3 -4 4 -6 -7
leaf_value=0.00029551552164444714 -0.0053215590383905425 0.0073202078037717458 -0.0065805211041354067 -0.0093514133845057097 0.0032033595971316612 0.0058271633602891499
leaf_weight=1255.8826757073402 39.658243838697672 28.209123551845551 77.626153044402599 85.081655887886882 28.62166453152895 34.650203600525856
leaf_count=3843 117 77 218 364 93 92
internal_value=-0.000393963 6.33364e-05 -0.000151745 -0.00368214 -0.0057359 0
internal_weight=1549.73 1361.72 1333.51 188.012 113.703 74.3084
internal_count=4804 4138 4061 666 457 209
is_linear=0
shrinkage=0.03


Tree=91
num_leaves=5
num_cat=0
split_feature=1 3 3 3
split_gain=3.87139 1.89408 3.2884 2.18914
threshold=0.61475428938865673 -1.6128911972045896 -1.7860644459724424 0.32055969536304479
decision_type=2 2 2 2
left_child=1 2 -1 -3
right_child=-2 3 -4 -5
leaf_value=0.00010464014316253982 -0.0076595816865269797 0.0013594214674154822 -0.006206134943060884 -0.0018700213111287579
leaf_weight=202.73459962010384 37.739914387464523 1062.404894772917 83.042423535138369 197.21777581050992
leaf_count=643 143 3109 290 691
internal_value=0 0.000248534 -0.00181893 0.000785577
internal_weight=1583.14 1545.4 285.777 1259.62
internal_count=4876 4733 933 3800
is_linear=0
shrinkage=0.03


Tree=92
num_leaves=7
num_cat=0
split_feature=1 1 3 3 7 0
split_gain=3.82042 7.23876 4.74239 4.52624 3.52956 3.24131
threshold=-0.0027208272367715831 -0.36487033963203425 -0.44992703199386591 -0.17533057928085324 1.0000000180025095e-35 -0.49187865853309626
decision_type=2 2 2 2 2 2
left_child=1 -1 4 -4 -2 -3
right_child=2 5 3 -5 -6 -7
leaf_value=-0.0036128049529610133 -0.0051400613320223632 0.0036380040874486059 0.0078065916633380476 -0.00044250065304425227 0 -0.002852789035871391
leaf_weight=169.45736890286207 295.07171654328704 600.18361300602555 57.984666742384434 202.61736482568085 196.22118283808231 52.572880506515503
leaf_count=520 997 1824 185 705 497 146
internal_value=4.55903e-05 0.00147792 -0.00144067 0.00160471 -0.003173 0.00295678
internal_weight=1574.11 822.214 751.895 260.602 491.293 652.756
internal_count=4874 2490 2384 890 1494 1970
is_linear=0
shrinkage=0.03


Tree=93
num_leaves=7
num_cat=0
split_feature=1 1 3 3 0 0
split_gain=2.44036 2.28457 5.39485 3.31135 0.379719 0.825108
threshold=0.41268865764141088 0.27275785803794866 -1.1293457150459287 -1.0176985859870908 -1.7005170583724973 -1.1403049230575559
decision_type=2 2 2 2 2 2
left_child=1 3 -3 -1 -2 -6
right_child=4 2 -4 -5 5 -7
leaf_value=-0.0014189845330383588 -0.005223634244500488 0.010498337202520332 -0.00048096872387440374 0.0015293428493595314 0.0021747152840951799 -0.0033947000520028214
leaf_weight=587.84606163203716 55.658727284520864 47.249719187617302 72.988378062844276 751.82366356626153 22.069724103435874 27.275352299213409
leaf_count=1822 207 131 258 2249 89 98
internal_value=0.000249184 0.000621082 0.00428761 0.000189648 -0.00371356 -0.000129728
internal_weight=1564.91 1459.91 120.238 1339.67 105.004 49.3451
internal_count=4854 4460 389 4071 394 187
is_linear=0
shrinkage=0.03


Tree=94
num_leaves=6
num_cat=0
split_feature=1 0 0 0 4
split_gain=6.76429 2.16204 3.09965 1.69818 0.616804
threshold=0.32002255320549017 -0.46848583221435541 -1.5514461398124693 1.0000000180025095e-35 1.0000000180025095e-35
decision_type=2 2 2 2 2
left_child=1 2 -1 -3 -2
right_child=4 3 -4 -5 -6
leaf_value=-0.00059140728815049019 -0.0069900886141170682 -0.0058689222072515921 0.0022612507447293956 0.00055199384977238947 -0.00079141992191204163
leaf_weight=699.92947006225586 116.30200536176562 65.863347984850407 601.47850624099374 33.082342758774757 49.009962823241949
leaf_count=2329 463 186 1628 83 156
internal_value=-0.000354713 0.000313248 0.000695884 -0.00348583 -0.0057599
internal_weight=1565.67 1400.35 1301.41 98.9457 165.312
internal_count=4845 4226 3957 269 619
is_linear=0
shrinkage=0.03


Tree=95
num_leaves=5
num_cat=0
split_feature=0 7 2 1
split_gain=4.90796 3.62731 4.61177 4.40918
threshold=1.0000000180025095e-35 1.0000000180025095e-35 -0.38177454471588129 0.4252584725618363
decision_type=2 2 2 2
left_child=1 3 -3 -1
right_child=-2 2 -4 -5
leaf_value=-0.00064502672536071457 0.0082086384588315169 -0.0060893394482609249 0.0030417747038762643 -0.0080875765455219531
leaf_weight=1024.2543131299317 43.476327240467072 34.18503388017416 391.68909458816051 60.580636106431484
leaf_count=3293 109 112 1023 258
internal_value=0 -0.000302448 0.00193399 -0.00125383
internal_weight=1554.19 1510.71 425.874 1084.83
internal_count=4795 4686 1135 3551
is_linear=0
shrinkage=0.03


Tree=96
num_leaves=7
num_cat=0
split_feature=2 5 0 0 0 2
split_gain=4.35015 5.32061 7.29473 3.20075 4.91931 2.40758
threshold=-0.086486089974641786 1.0000000180025095e-35 -1.8864394426345823 -2.4941931962966915 -1.9160135388374326 -0.058217093348503106
decision_type=2 2 2 2 2 2
left_child=3 5 -3 -1 -5 -2
right_child=1 2 -4 4 -6 -7
leaf_value=0.007514692835251368 -0.0060362526304094484 -0.012745920429154248 -0.0001455359682361899 -0.0036094891039067534 0.0021128785478414982 -0.00019062147566139878
leaf_weight=43.811226695775986 53.285955924540758 71.307322800159454 94.747826538980007 172.981181897223 419.33048310130835 698.64380653388798
leaf_count=131 151 343 361 581 1200 2071
internal_value=-0.000742419 -0.00206811 -0.00666736 0.00108396 0.000280394 -0.000828264
internal_weight=1554.11 917.985 166.055 636.123 592.312 751.93
internal_count=4838 2926 704 1912 1781 2222
is_linear=0
shrinkage=0.03


Tree=97
num_leaves=5
num_cat=0
split_feature=1 0 0 1
split_gain=3.60745 2.09026 6.84733 5.86486
threshold=0.61475428938865673 -0.94158935546874989 -1.2045530676841734 0.05923078581690789
decision_type=2 2 2 2
left_child=1 2 -1 -3
right_child=-2 3 -4 -5
leaf_value=0.00016874238765168245 -0.0068903899117274429 0.0014847503526453523 0.0063136927624290462 -0.0065476383184348928
leaf_weight=1038.2354390732944 38.888982627540827 190.65047553181648 179.23949911817908 108.23102341592312
leaf_count=3356 150 522 492 318
internal_value=0.000319881 0.000631142 0.00120932 -0.00146401
internal_weight=1555.25 1516.36 1217.47 298.881
internal_count=4838 4688 3848 840
is_linear=0
shrinkage=0.03


Tree=98
num_leaves=7
num_cat=0
split_feature=2 5 0 3 0 3
split_gain=4.60666 4.11112 5.31611 3.81354 3.62659 3.51793
threshold=0.028445742093026642 1.0000000180025095e-35 -1.0855665206909177 -1.8813990354537962 -2.2984071969985957 -1.1585068106651304
decision_type=2 2 2 2 2 2
left_child=4 3 -3 -2 5 -1
right_child=1 2 -4 -5 -6 -7
leaf_value=-0.00028332886871364714 0.004594637381817453 -0.01029700887145165 0.003061845131713546 -0.0019948007268078835 0.00019427742242793594 0.0082505854869963369
leaf_weight=48.105136632919312 71.728316657245159 81.298463009297848 17.855769135057926 457.24594705179334 781.06352249160409 91.311178140342236
leaf_count=186 195 441 65 1413 2280 261
internal_value=-0.000180415 -0.00215654 -0.00727765 -0.000857148 0.00112146 0.00526349
internal_weight=1548.61 628.128 99.1542 528.974 920.48 139.416
internal_count=4841 2114 506 1608 2727 447
is_linear=0
shrinkage=0.03


Tree=99
num_leaves=7
num_cat=0
split_feature=3 3 0 1 2 3
split_gain=2.93666 4.30297 5.06019 4.298 8.64685 6.17449
threshold=-0.19775586575269696 -1.5611675977706907 -1.0855665206909177 0.094792239367961897 -0.28297759592533106 1.0000000180025095e-35
decision_type=2 2 2 2 2 2
left_child=1 -1 -3 4 -2 -5
right_child=3 2 -4 5 -6 -7
leaf_value=-0.001372191584315901 0.003868844261388121 0.0010003556105731429 0.0065718453965381562 -0.0068368464525233319 -0.0067403278897129743 0.0054847087093014392
leaf_weight=316.65341725200415 76.533900991082191 593.07070140168071 197.59157470613718 27.506150152534246 205.55605718865991 120.10087171196938
leaf_count=1044 239 1816 526 97 667 425
internal_value=0.000563956 0.00140273 0.0025945 -0.00143036 -0.00359776 0.00228881
internal_weight=1537.01 1107.32 790.662 429.697 282.09 147.607
internal_count=4814 3386 2342 1428 906 522
is_linear=0
shrinkage=0.03


Tree=100
num_leaves=7
num_cat=0
split_feature=2 3 2 7 0 3
split_gain=3.11604 4.6707 5.42304 2.75087 2.73324 5.27369
threshold=0.2355664670467377 -1.0922257304191587 0.41804119944572454 1.0000000180025095e-35 -1.5514461398124693 0.14082308858633044
decision_type=2 2 2 2 2 2
left_child=4 2 -2 -3 5 -1
right_child=1 3 -4 -5 -6 -7
leaf_value=0.00084494207850439938 -0.003083897672344012 -0.0019423576218512378 0.0084354781684063788 -0.011709227094887389 0.0023491414172943201 -0.0059829849534298509
leaf_weight=532.70451802760363 62.521610029041767 109.27967826649547 42.733216725289822 35.005899216979742 645.82298859208822 103.47919761389494
leaf_count=1741 190 486 116 118 1765 399
internal_value=0.00035568 -0.00252462 0.00171408 -0.00581417 0.000992577 -0.000322731
internal_weight=1531.55 249.54 105.255 144.286 1282.01 636.184
internal_count=4815 910 306 604 3905 2140
is_linear=0
shrinkage=0.03


Tree=101
num_leaves=7
num_cat=0
split_feature=0 3 3 0 3 0
split_gain=4.51016 4.05746 8.04325 4.47551 3.62213 5.39234
threshold=-1.4725311398506162 -1.1020950078964231 -1.5363268256187437 -1.2553613781929014 -1.1585068106651304 -1.7955805063247678
decision_type=2 2 2 2 2 2
left_child=4 2 -2 -3 5 -1
right_child=1 3 -4 -5 -6 -7
leaf_value=-0.0014885556085111069 -0.00020393070716831157 0.003807862318269511 0.0093961528154796071 -0.0026032025581653804 -0.00042131420682744726 -0.010528640136324987
leaf_weight=215.48393074050546 164.50877670943737 116.14040283858776 111.37620760127902 308.51757230237126 523.30483999103308 80.987686473876238
leaf_count=749 479 310 317 886 1809 268
internal_value=-0.000586038 0.00111029 0.00384205 -0.000622487 -0.00209901 -0.00465695
internal_weight=1520.32 700.543 275.885 424.658 819.776 296.472
internal_count=4818 1992 796 1196 2826 1017
is_linear=0
shrinkage=0.03


Tree=102
num_leaves=7
num_cat=0
split_feature=2 2 4 0 1 2
split_gain=3.443 7.81902 3.78582 8.06312 5.59022 3.47575
threshold=-0.0091208964586257917 -0.058217093348503106 1.0000000180025095e-35 -2.4618335962295528 0.18214087188243869 -0.086486089974641786
decision_type=2 2 2 2 2 2
left_child=1 5 3 -2 -4 -1
right_child=2 -3 4 -5 -6 -7
leaf_value=0.00070948161145870559 -0.013547733254016894 0.0073374295384475803 -0.0024332148216705558 -0.0013371657130219964 0.0070652801668664895 -0.0056933571662802487
leaf_weight=635.22566763684154 37.742002490907907 138.64345095679164 94.116672355681658 484.51963804289699 82.453919608145952 66.331049405038357
leaf_count=1949 140 389 327 1613 268 191
internal_value=4.28975e-06 0.00132224 -0.00148951 -0.00279736 0.00196466 0
internal_weight=1539.03 840.2 698.832 522.262 176.571 701.557
internal_count=4877 2529 2348 1753 595 2140
is_linear=0
shrinkage=0.03


Tree=103
num_leaves=7
num_cat=0
split_feature=1 2 0 3 3 0
split_gain=3.45549 3.54178 11.5754 3.47841 3.12869 2.76125
threshold=0.05923078581690789 -0.37620048224925989 -2.2984071969985957 0.030852703377604488 1.0474828481674197 -0.49187865853309626
decision_type=2 2 2 2 2 2
left_child=1 2 -1 -3 5 -2
right_child=4 3 -4 -5 -6 -7
leaf_value=0.0091431502353839962 -0.0015804105000681583 0.0027424433225367475 -0.0076343447581070246 -0.0019362581394958217 0.005488328773537169 -0.0087241606737781374
leaf_weight=30.302104227244854 498.84047741815448 667.5017153583467 111.32743909209967 149.69287617504597 24.335485264658928 43.835294842720032
leaf_count=94 1686 1973 373 507 87 132
internal_value=-7.72246e-05 0.000974829 -0.00298633 0.00178795 -0.00193107 -0.00255367
internal_weight=1525.84 958.824 141.63 817.195 567.011 542.676
internal_count=4852 2947 467 2480 1905 1818
is_linear=0
shrinkage=0.03


Tree=104
num_leaves=5
num_cat=0
split_feature=0 2 4 0
split_gain=4.63707 4.64911 4.50942 2.5124
threshold=1.0000000180025095e-35 0.15179387480020526 1.0000000180025095e-35 -1.151837110519409
decision_type=2 2 2 2
left_child=1 3 -3 -1
right_child=-2 2 -4 -5
leaf_value=0.0010200855804436424 0.007609929680211687 -0.0057089328037671864 0.0011129709286704917 -0.002088609321067603
leaf_weight=826.53283756226301 40.750244230031967 256.90701945312321 99.613587342202663 300.05791091918945
leaf_count=2621 108 946 335 854
internal_value=-0.000434205 -0.000793459 -0.00368563 0.000117793
internal_weight=1523.86 1483.11 356.521 1126.59
internal_count=4864 4756 1281 3475
is_linear=0
shrinkage=0.03


Tree=105
num_leaves=7
num_cat=0
split_feature=2 1 1 2 3 3
split_gain=5.5278 4.61434 4.788 3.67667 3.63553 7.24151
threshold=0.17262800782918933 -0.35613085329532618 -0.18526773154735562 -0.61168092489242543 -0.28158512711524958 -1.3226583003997801
decision_type=2 2 2 2 2 2
left_child=1 3 -3 -1 5 -2
right_child=4 2 -4 -5 -6 -7
leaf_value=0.0040673309960975804 0.00024784910588603401 0.0055032592342703036 0.00054342035160623574 -0.0053453199732295996 0.00068804183368674921 -0.009643401123203544
leaf_weight=25.297081679105759 99.818736188113689 221.00445269420743 794.45192971080542 140.68293250352144 108.61801608279347 126.10667266324162
leaf_count=84 296 686 2403 436 429 457
internal_value=0 0.000960714 0.00176627 -0.003305 -0.0033022 -0.00536451
internal_weight=1515.98 1181.44 1015.46 165.98 334.543 225.925
internal_count=4791 3609 3089 520 1182 753
is_linear=0
shrinkage=0.03


Tree=106
num_leaves=7
num_cat=0
split_feature=3 3 0 1 1 1
split_gain=6.44723 3.37161 7.31036 3.43812 2.16904 1.53601
threshold=0.32055969536304479 -1.5611675977706907 -0.96784269809722889 -0.12977054715156552 -0.31479947268962855 0.087443500757217421
decision_type=2 2 2 2 2 2
left_child=1 2 -1 -3 -2 -6
right_child=4 3 -4 -5 5 -7
leaf_value=0.00039361003961572457 0.00033761971861756443 0.0036816771179346438 -0.0092324837085335718 0 -0.0086774269243869856 -0.001165707478313836
leaf_weight=245.94505243375897 32.043731801211834 347.2004697099328 73.614463180303574 646.16270771995187 97.391200821846724 66.168841779232025
leaf_count=836 115 988 224 2036 349 263
internal_value=-0.000274632 0.000466455 -0.00206036 0.00136315 -0.00510905 -0.00642352
internal_weight=1508.53 1312.92 319.56 993.363 195.604 163.56
internal_count=4811 4084 1060 3024 727 612
is_linear=0
shrinkage=0.03


Tree=107
num_leaves=7
num_cat=0
split_feature=1 1 2 2 2 2
split_gain=3.13246 2.69321 2.48396 2.4723 1.77368 0.928945
threshold=0.37342086434364324 -0.36487033963203425 -0.25465328991413111 0.41804119944572454 -0.38177454471588129 0.5403062403202058
decision_type=2 2 2 2 2 2
left_child=1 4 -3 -2 -1 -5
right_child=3 2 -4 5 -6 -7
leaf_value=-0.0053888528130121172 -0.007704470173331617 0.0043843442385404097 0.00056188990028199315 0.003465011299526065 0 -0.0022210878620399998
leaf_weight=78.442604459822178 54.994852032512426 174.18726456910372 1059.239371612668 24.471310693770647 83.524115428328514 41.24075367115438
leaf_count=267 215 530 3320 90 239 160
internal_value=0.000233567 0.000691331 0.00121092 -0.00397794 -0.00263395 0
internal_weight=1516.1 1395.39 1233.43 120.707 161.967 65.7121
internal_count=4821 4356 3850 465 506 250
is_linear=0
shrinkage=0.03


Tree=108
num_leaves=7
num_cat=0
split_feature=3 3 4 0 7 0
split_gain=2.83913 2.78369 3.84359 2.57187 1.28951 1.69784
threshold=0.4816009402275086 -1.2648686766624448 1.0000000180025095e-35 -1.2373757958412168 1.0000000180025095e-35 -1.3258519768714903
decision_type=2 2 2 2 2 2
left_child=1 3 -3 -1 5 -2
right_child=4 2 -4 -5 -6 -7
leaf_value=-0.0028028513310555171 -0.00086057265325744454 0.00049172451166869832 0.0053098336817352394 0.0015720311822658157 0.00095516412290467991 -0.0084937105719324456
leaf_weight=295.76909796521068 90.460712177678943 702.32470197789371 184.76082970947027 160.93090301565826 21.960070192813873 43.321586452424526
leaf_count=1025 372 2196 552 467 65 148
internal_value=0.00016386 0.000661252 0.00165633 -0.0011341 -0.00337321 -0.00450569
internal_weight=1499.53 1343.79 887.086 456.7 155.742 133.782
internal_count=4825 4240 2748 1492 585 520
is_linear=0
shrinkage=0.03


Tree=109
num_leaves=7
num_cat=0
split_feature=2 2 3 3 3 0
split_gain=2.35188 3.08061 4.17571 2.68389 5.05606 2.38825
threshold=-0.01445229211822152 -0.058217093348503106 -0.4942313283681869 -1.8813990354537962 -0.67778202891349781 -1.0556792616844175
decision_type=2 2 2 2 2 2
left_child=1 2 -1 -2 -5 -3
right_child=3 5 -4 4 -6 -7
leaf_value=0.0021476342561142143 0.0033934666245532463 0.007427861305687818 -0.0025594005974740115 -0.0043045155662853442 0.00084469763357777861 -0.00034481053199981809
leaf_weight=444.03005972132087 80.660052180290222 93.284415293484926 242.21556696668267 320.90076300874352 303.38994993641973 29.05307774245739
leaf_count=1346 238 274 763 1037 1098 74
internal_value=0.000193892 0.0013155 0.000375864 -0.00101063 -0.00176046 0.00537137
internal_weight=1513.53 808.583 686.246 704.951 624.291 122.337
internal_count=4830 2457 2109 2373 2135 348
is_linear=0
shrinkage=0.03


Tree=110
num_leaves=7
num_cat=0
split_feature=3 0 3 0 2 0
split_gain=4.27148 6.43767 3.45618 7.52996 3.33564 2.55863
threshold=-1.5363268256187437 -0.96784269809722889 -0.19775586575269696 -0.82300603389739979 -0.21009846031665799 -1.5649095773696897
decision_type=2 2 2 2 2 2
left_child=1 4 3 -2 -1 -4
right_child=2 -3 5 -5 -6 -7
leaf_value=-0.0060226656205053389 0.0003967084479342464 -0.0099531058804221261 -0.0037419424679908503 0.0081754650067523867 0.0012255165178301493 0.00059742673330591444
leaf_weight=54.662640858441591 654.57977664470673 71.90454464033246 201.00074442848563 121.02840235084295 205.88773165270686 221.09023205935955
leaf_count=218 2002 227 787 333 666 654
internal_value=-0.000148326 -0.00308571 0.000655044 0.00186095 -0.000402206 -0.00140907
internal_weight=1530.15 332.455 1197.7 775.608 260.55 422.091
internal_count=4887 1111 3776 2335 884 1441
is_linear=0
shrinkage=0.03


Tree=111
num_leaves=7
num_cat=0
split_feature=1 3 3 1 7 0
split_gain=1.61331 2.33963 2.5934 1.72156 1.42158 2.14088
threshold=0.37342086434364324 -1.8290044665336607 -1.7131039500236509 -0.11510623246431349 1.0000000180025095e-35 -1.3344466090202329
decision_type=2 2 2 2 2 2
left_child=1 3 -3 -1 5 -2
right_child=4 2 -4 -5 -6 -7
leaf_value=0 -0.00027909599096269237 -0.0055423720155746078 0.00029003451502715064 0.0055782091916456366 0.00037939629630843747 -0.010568697014318449
leaf_weight=59.748441811650991 61.078491078689694 52.70999738201499 1175.4994137827307 105.82118708454072 42.50030080229044 19.339573282748461
leaf_count=206 269 204 3641 326 126 93
internal_value=8.5663e-05 0.000428867 0 0.00357048 -0.00290155 -0.00496322
internal_weight=1516.7 1393.78 1228.21 165.57 122.918 80.4181
internal_count=4865 4377 3845 532 488 362
is_linear=0
shrinkage=0.03


Tree=112
num_leaves=7
num_cat=0
split_feature=2 4 2 2 3 4
split_gain=2.048 3.26452 6.12513 5.70843 2.94327 8.05464
threshold=-0.0091208964586257917 1.0000000180025095e-35 -0.16628240048885343 -0.24261860549449918 -1.2290602922439573 1.0000000180025095e-35
decision_type=2 2 2 2 2 2
left_child=1 2 -1 -3 -2 -6
right_child=4 3 -4 -5 5 -7
leaf_value=-0.00058790659863804389 0.0011258943158792621 0.0033141438052941515 0.0050717487876311045 -0.0060236182186918751 -0.0049069973684506205 0.0040281210439536185
leaf_weight=352.07769805938005 237.45750835910439 74.53110384568572 283.59199319034815 123.40995392203331 352.04135312698781 96.223601315170527
leaf_count=1080 739 249 824 380 1294 315
internal_value=-0.000115073 0.000832274 0.00192322 -0.00225087 -0.0013427 -0.00277075
internal_weight=1519.33 833.611 635.67 197.941 685.722 448.265
internal_count=4881 2533 1904 629 2348 1609
is_linear=0
shrinkage=0.03


Tree=113
num_leaves=7
num_cat=0
split_feature=0 0 0 7 2 2
split_gain=3.46971 5.35865 4.15976 3.46214 2.61414 2.11016
threshold=-1.4725311398506162 -2.0148286819458003 -1.4330159425735471 1.0000000180025095e-35 0.10404429957270624 -0.24261860549449918
decision_type=2 2 2 2 2 2
left_child=1 4 -2 -4 -1 -3
right_child=2 5 3 -5 -6 -7
leaf_value=0.00199588330307549 0.0083078820917811009 0 -0.001414738458249948 0.0029942504173589108 -0.0027638516773105461 -0.0054318003431332116
leaf_weight=296.73065428994596 43.605300165712833 87.770114224404097 407.98163432255387 233.47507538273931 130.07940529286861 304.34060318022966
leaf_count=984 119 277 1226 653 510 1074
internal_value=-0.000537184 -0.00186021 0.000967165 0.000141333 0.000352186 -0.0043142
internal_weight=1503.98 818.921 685.062 641.457 426.81 392.111
internal_count=4843 2845 1998 1879 1494 1351
is_linear=0
shrinkage=0.03


Tree=114
num_leaves=6
num_cat=0
split_feature=1 0 0 0 0
split_gain=4.73512 3.05787 3.63728 0.951243 2.6289
threshold=0.36581934988498693 0.085016787052154555 -0.49187865853309626 -1.3454322218894956 -2.388523936271667
decision_type=2 2 2 2 2
left_child=1 2 -1 4 -2
right_child=3 -3 -4 -5 -6
leaf_value=0.00080190844139058234 -0.0079168845290172839 0.0082834156928033708 -0.0051322921283902551 -0.0084837403983453429 0.0010181633372862221
leaf_weight=1255.1965965759009 20.791641470044851 26.420607678592205 78.945228338241577 39.15951675735414 67.168056944385171
leaf_count=3995 73 72 231 159 269
internal_value=6.84567e-05 0.000651398 0.00033584 -0.00500333 -0.00161349
internal_weight=1487.68 1360.56 1334.14 127.119 87.9597
internal_count=4799 4298 4226 501 342
is_linear=0
shrinkage=0.03


Tree=115
num_leaves=7
num_cat=0
split_feature=3 3 2 2 3 3
split_gain=3.20914 5.74565 9.04115 5.40577 2.48153 3.5323
threshold=-0.76609584689140309 -1.2648686766624448 -0.029097855091094967 0.42839872837066656 -0.67778202891349781 -0.60356441140174855
decision_type=2 2 2 2 2 2
left_child=1 3 -3 -1 -2 -6
right_child=4 2 -4 -5 5 -7
leaf_value=-0.0019759705724537507 -0.0069735435616470652 0.0085158462109992759 -0.00092944926431543515 0.0082695151406043214 0.0050902067559226143 -0.0017056474486530936
leaf_weight=447.97183259576559 54.857999302446842 169.11500056833029 149.73795308545232 30.328430280089378 54.794977560639381 601.82540532946587
leaf_count=1477 158 465 494 80 154 2013
internal_value=-0.000168591 0.00108205 0.00411008 -0.000900073 -0.00164314 -0.000916161
internal_weight=1508.63 797.153 318.853 478.3 711.478 656.62
internal_count=4841 2516 959 1557 2325 2167
is_linear=0
shrinkage=0.03


Tree=116
num_leaves=7
num_cat=0
split_feature=2 3 3 3 3 2
split_gain=3.37716 3.51124 3.62462 2.68266 6.35952 3.69432
threshold=-0.029097855091094967 -1.8813990354537962 -1.6128911972045896 -0.47192794084548945 -1.1361725330352781 -0.16628240048885343
decision_type=2 2 2 2 2 2
left_child=3 -2 -3 4 -1 -5
right_child=1 2 -4 5 -6 -7
leaf_value=-6.9092202696548519e-05 0.0036799535609799358 -0.008304443512443898 -0.0011382513869454883 -0.003591365126942964 0.0063941966691125887 0.0030671243933929719
leaf_weight=276.87153479084373 85.347590368241072 58.709647547453642 598.89879930391908 158.77885773777962 220.02563901245594 103.75083068013191
leaf_count=926 253 195 2057 500 584 320
internal_value=0.000105972 -0.00127193 -0.0020928 0.00152902 0.00281344 -0.000716742
internal_weight=1502.38 742.956 657.608 759.427 496.897 262.53
internal_count=4835 2505 2252 2330 1510 820
is_linear=0
shrinkage=0.03


Tree=117
num_leaves=5
num_cat=0
split_feature=3 3 7 3
split_gain=1.3409 2.08931 7.87972 4.35529
threshold=-2.0778892040252681 -0.75529202818870533 1.0000000180025095e-35 -0.67778202891349781
decision_type=2 2 2 2
left_child=-1 2 -2 -3
right_child=1 3 -4 -5
leaf_value=-0.0039213134870214146 -0.00093682520156925506 -0.0079972813963825728 0.0051431207533253059 0
leaf_weight=50.68949830904603 461.18505245819688 48.955534569919109 289.42366369813681 645.79335967078805
leaf_count=154 1592 148 801 2162
internal_value=6.02784e-05 0.000292475 0.00140229 -0.000828314
internal_weight=1496.05 1445.36 750.609 694.749
internal_count=4857 4703 2393 2310
is_linear=0
shrinkage=0.03


Tree=118
num_leaves=7
num_cat=0
split_feature=1 3 0 3 1 1
split_gain=2.4431 2.47915 2.65076 2.22375 2.22045 2.91603
threshold=0.18991009891033175 0.092024762183427825 -1.9828229546546934 0.75577679276466381 0.047271501272916801 -0.0027208272367715831
decision_type=2 2 2 2 2 2
left_child=4 2 -2 -3 5 -1
right_child=1 3 -4 -5 -6 -7
leaf_value=0.0005807188401026304 0 0.0051996196710533344 -0.0057623629507968311 -0.0030326946578533025 0.0028977729817558969 -0.0041327316035649183
leaf_weight=776.15054993517697 87.275536738336086 49.280732870101929 162.80395913496614 24.950434487313032 272.53774082288146 118.08954534679651
leaf_count=2449 295 183 569 101 857 362
internal_value=0 -0.00224684 -0.00369344 0.00173947 0.000622998 -5.28826e-05
internal_weight=1491.09 324.311 250.079 74.2312 1166.78 894.24
internal_count=4816 1148 864 284 3668 2811
is_linear=0
shrinkage=0.03


Tree=119
num_leaves=7
num_cat=0
split_feature=7 3 3 0 3 3
split_gain=2.52411 6.65294 6.27128 4.64935 3.92658 3.58981
threshold=1.0000000180025095e-35 -0.6232374608516692 -0.90164130926132191 -1.3258519768714903 -1.8290044665336607 0.36174961924552923
decision_type=2 2 2 2 2 2
left_child=2 3 4 -2 -1 -3
right_child=1 5 -4 -5 -6 -7
leaf_value=0.0012663131203566392 0.00036095250125456845 -0.0066541994679727859 0.001303047663323848 0.0078455264821416116 -0.0048554803718946198 0.0031043176009643708
leaf_weight=100.59629462100565 168.17937509715557 79.889765907078981 625.32355485670269 151.09436757862568 327.66192359849811 27.30468738079071
leaf_count=370 465 233 2111 429 1133 82
internal_value=0.000211957 0.00213321 -0.000535093 0.00433352 -0.0032913 -0.00359951
internal_weight=1480.05 426.468 1053.58 319.274 428.258 107.194
internal_count=4823 1209 3614 894 1503 315
is_linear=0
shrinkage=0.03


Tree=120
num_leaves=7
num_cat=0
split_feature=0 0 1 0 0 1
split_gain=2.18891 6.22742 6.29346 3.31802 3.3166 2.64606
threshold=-1.5514461398124693 -0.94158935546874989 -0.35613085329532618 -1.769186198711395 -0.87584465742111195 0.044551990926265723
decision_type=2 2 2 2 2 2
left_child=3 2 -2 -1 -3 -5
right_child=1 4 -4 5 -6 -7
leaf_value=-6.2100027417307836e-05 -0.0053949052208432709 -0.0090598624741550279 0.0044810887031706626 -0.0075951950615844805 -0.00049400896961895261 0
leaf_weight=585.28313274681568 44.710460647940636 34.345394469797611 409.32747099921107 93.872444447129965 251.11066773161292 62.766859386116266
leaf_count=2077 138 106 1196 320 751 231
internal_value=-8.60376e-05 0.0010118 0.00319541 -0.00125686 -0.00224678 -0.00486893
internal_weight=1481.42 739.494 454.038 741.922 285.456 156.639
internal_count=4819 2191 1334 2628 857 551
is_linear=0
shrinkage=0.03


Tree=121
num_leaves=7
num_cat=0
split_feature=3 0 0 4 0 0
split_gain=2.86732 4.04237 5.70932 3.89811 7.50122 4.11724
threshold=-1.5363268256187437 -0.97864618897438038 -1.4637369513511655 1.0000000180025095e-35 -0.99352309107780445 -1.1089528799057005
decision_type=2 2 2 2 2 2
left_child=1 2 -1 5 -5 -2
right_child=3 -3 -4 4 -6 -7
leaf_value=-0.0025776177471755579 -0.00051140253731355486 -0.0067505860005947476 0.0061141548961428718 0.0073405970672812022 -0.0046556284324631601 0.0037613822050815782
leaf_weight=168.83350698277354 672.61966692656279 73.569695774465799 84.750010967254639 200.12034023180604 38.408471271395683 259.11446002870798
leaf_count=630 2268 241 249 606 107 754
internal_value=0.000950037 -0.00137672 0.000342554 0.00166311 0.00496613 0.000667885
internal_weight=1497.42 327.153 253.584 1170.26 238.529 931.734
internal_count=4855 1120 879 3735 713 3022
is_linear=0
shrinkage=0.03


Tree=122
num_leaves=7
num_cat=0
split_feature=2 4 0 3 0 3
split_gain=1.73528 2.8493 7.51832 5.06658 1.97449 4.81467
threshold=0.15179387480020526 1.0000000180025095e-35 -0.83705812692642201 -0.9226306378841399 -2.32639467716217 -1.1585068106651304
decision_type=2 2 2 2 2 2
left_child=4 2 -2 -3 5 -1
right_child=1 3 -4 -5 -6 -7
leaf_value=-0.0026889247192577511 -0.0067082919175407603 -0.0037144997180257253 0.0040933411143040718 0.0073953340657731742 -0.00062412710073787543 0.0065716051962900904
leaf_weight=61.63104248046875 206.03015561774373 57.479790322482586 55.571347959339619 47.047447994351387 946.94971226714551 99.131134156137705
leaf_count=226 814 195 178 151 2974 310
internal_value=-0.000695532 -0.00243157 -0.00407291 0.00118881 -3.55733e-05 0.00278478
internal_weight=1473.84 366.129 261.602 104.527 1107.71 160.762
internal_count=4848 1338 992 346 3510 536
is_linear=0
shrinkage=0.03


Tree=123
num_leaves=5
num_cat=0
split_feature=2 3 1 2
split_gain=1.88571 1.80681 2.59294 2.3706
threshold=-0.58888524770736683 0.66997793316841137 -0.012402790598571299 -0.37620048224925989
decision_type=2 2 2 2
left_child=-1 3 -3 -2
right_child=1 2 -4 -5
leaf_value=0.0053643764569936414 -0.0038504587194317435 -0.0071553223808848449 0.00062163649675887704 0.00072991311942458405
leaf_weight=41.943656541407108 88.292809769511223 53.887775246053934 48.963643357157707 1252.8943924307823
leaf_count=134 314 197 205 3997
internal_value=0.000238113 0 -0.00346614 0.000332155
internal_weight=1485.98 1444.04 102.851 1341.19
internal_count=4847 4713 402 4311
is_linear=0
shrinkage=0.03


Tree=124
num_leaves=7
num_cat=0
split_feature=7 0 0 0 0 0
split_gain=2.68109 10.2417 10.9902 6.14321 4.16945 5.95935
threshold=1.0000000180025095e-35 -1.8057615160942075 -1.3258519768714903 -2.3536666631698604 -2.5601093769073482 -1.5514461398124693
decision_type=2 2 2 2 2 2
left_child=4 3 -3 -2 -1 -6
right_child=1 2 -4 -5 5 -7
leaf_value=0.0076526695447774983 -0.00054372021219314145 -0.0078677613029664549 0.0034495339896312245 0.012897686573799369 -0.0028260912236902176 0.0016616289775528844
leaf_weight=37.330366730690002 29.250383220613003 97.022752359509468 204.43112513795495 86.182527884840965 529.93500311113894 483.38572836667299
leaf_count=130 88 282 586 242 2030 1466
internal_value=0.000616596 0.00260069 -0.000269165 0.00947134 -0.000148504 -0.000636517
internal_weight=1467.54 416.887 301.454 115.433 1050.65 1013.32
internal_count=4824 1198 868 330 3626 3496
is_linear=0
shrinkage=0.03


Tree=125
num_leaves=7
num_cat=0
split_feature=0 4 1 0 1 3
split_gain=3.63607 3.52118 4.81476 4.75223 1.96827 3.11258
threshold=-1.5514461398124693 1.0000000180025095e-35 0.10007465258240701 -1.3073157072067259 -0.45886075496673578 0.22395491600036624
decision_type=2 2 2 2 2 2
left_child=4 2 -2 -3 -1 -6
right_child=1 3 -4 -5 5 -7
leaf_value=0.0032440094861804205 0.0044885395123701452 0.0040285773086225513 -0.00097072116109692011 -0.0056501244081128086 -0.00074818430784847538 -0.0062551110233243275
leaf_weight=51.371637627482414 407.44687785208225 48.642805084586143 186.89436602219939 101.81260029226542 587.13618034124374 101.44507907144725
leaf_count=170 1155 146 567 327 2053 453
internal_value=0.000135358 0.00162926 0.00269846 -0.00206343 -0.00129267 -0.00179782
internal_weight=1484.75 744.797 594.341 150.455 739.953 688.581
internal_count=4871 2195 1722 473 2676 2506
is_linear=0
shrinkage=0.03


Tree=126
num_leaves=7
num_cat=0
split_feature=1 1 1 3 7 2
split_gain=2.69834 1.87146 3.56293 1.76567 1.75194 0.702492
threshold=0.37342086434364324 -0.37680947780609125 -0.54902026057243336 0.75577679276466381 1.0000000180025095e-35 0.5403062403202058
decision_type=2 2 2 2 2 2
left_child=1 2 -1 -3 5 -2
right_child=4 3 -4 -5 -6 -7
leaf_value=0.0030175025238440905 -0.0011261429210621594 0.0017484411513093679 -0.005191316851491103 -0.0023435119490177823 0.00058800862260525598 -0.008998633032434809
leaf_weight=54.418283455073833 50.322548964992166 1111.3050941191614 95.539237126708031 74.407147530466318 35.500547587871552 25.487033236771822
leaf_count=171 226 3573 307 282 113 118
internal_value=0.000549192 0.000974819 -0.00185484 0.00140728 -0.00347178 -0.00572505
internal_weight=1446.98 1335.67 149.958 1185.71 111.31 75.8096
internal_count=4790 4333 478 3855 457 344
is_linear=0
shrinkage=0.03


Tree=127
num_leaves=7
num_cat=0
split_feature=3 1 3 2 0 0
split_gain=3.93836 5.25889 3.17635 2.32863 2.18842 2.98964
threshold=-0.085748948156833635 0.05923078581690789 -1.5843290686607359 0.31909111142158514 -0.82300603389739979 -1.5514461398124693
decision_type=2 2 2 2 2 2
left_child=1 2 -1 -3 5 -2
right_child=4 3 -4 -5 -6 -7
leaf_value=-0.0028620286978749579 0.00037535969631678897 -0.0049308865139631201 0.0015923635773839972 0 -0.0019949077626684152 0.0068580289935844477
leaf_weight=168.19139108620584 160.14354762807488 306.96968898549676 550.92443985119462 90.408681631088257 49.209966354072094 122.19596975669265
leaf_count=620 666 1000 1613 353 153 359
internal_value=-0.000155226 -0.00104938 0.00042011 -0.0037451 0.00257356 0.00364756
internal_weight=1448.04 1116.49 719.116 397.378 331.549 282.34
internal_count=4764 3586 2233 1353 1178 1025
is_linear=0
shrinkage=0.03


Tree=128
num_leaves=7
num_cat=0
split_feature=1 7 1 0 0 0
split_gain=2.28411 1.56354 1.23403 1.50337 1.46179 1.04639
threshold=0.37342086434364324 1.0000000180025095e-35 0.27275785803794866 -1.1024994254112241 -1.1288047432899473 -1.3344466090202329
decision_type=2 2 2 2 2 2
left_child=2 5 3 -1 -4 -2
right_child=1 -3 4 -5 -6 -7
leaf_value=-0.00032237591406954284 -0.0012736677740308128 0.00012494372351983757 0.0057561287216520039 0.0019454394986949675 -0.00025344464412241683 -0.010020747771528074
leaf_weight=923.20640303008258 59.639938617125154 41.826798442751169 64.660764202475548 333.20233327150345 30.456857226788998 18.397150317206979
leaf_count=3077 273 131 218 977 87 94
internal_value=0.000173743 -0.00342103 0.00058154 0.000253106 0.00360093 -0.00557139
internal_weight=1471.39 119.864 1351.53 1256.41 95.1176 78.0371
internal_count=4857 498 4359 4054 305 367
is_linear=0
shrinkage=0.03


Tree=129
num_leaves=4
num_cat=0
split_feature=2 0 2
split_gain=2.76835 3.31346 1.51565
threshold=0.5403062403202058 1.0000000180025095e-35 -0.16628240048885343
decision_type=2 2 2
left_child=1 2 -1
right_child=-2 -3 -4
leaf_value=-0.0015749265983164061 -0.0057469905660684252 0.0074395776116670193 0.00052306926763999798
leaf_weight=426.71110269799829 54.993648201227188 34.227474257349968 960.32159188017249
leaf_count=1364 215 91 3217
internal_value=-0.000105811 0.000147557 -9.29339e-05
internal_weight=1476.25 1421.26 1387.03
internal_count=4887 4672 4581
is_linear=0
shrinkage=0.03


Tree=130
num_leaves=7
num_cat=0
split_feature=1 3 3 6 3 3
split_gain=3.07882 1.5477 3.51558 2.09243 0.129949 0.355125
threshold=0.37342086434364324 1.0474828481674197 0.030852703377604488 1.0000000180025095e-35 -1.3392093777656553 -0.44992703199386591
decision_type=2 2 2 2 2 2
left_child=1 2 -1 -3 -2 -6
right_child=4 3 -4 -5 5 -7
leaf_value=0.0010445147271982177 -1.128245005520542e-05 0 -0.0030124011123180364 0.0088273738604878454 -0.0072865851084312682 -0.00090633592749422376
leaf_weight=1060.006969191134 32.345135614275932 28.686731409281492 210.70775157958269 26.716305490583181 30.890294879674911 48.852545598521829
leaf_count=3359 103 101 720 107 142 227
internal_value=0.000125687 0.000592139 0.000289064 0.00482725 -0.00419274 -0.00494492
internal_weight=1438.21 1326.12 1270.71 55.403 112.088 79.7428
internal_count=4759 4287 4079 208 472 369
is_linear=0
shrinkage=0.03


Tree=131
num_leaves=7
num_cat=0
split_feature=0 3 3 2 3 3
split_gain=2.53158 5.29007 6.29465 4.01347 3.10977 1.72822
threshold=-1.578825771808624 0.27291892468929296 -1.0176985859870908 -0.24931240081787107 -2.0532609224319454 -1.0595166683197019
decision_type=2 2 2 2 2 2
left_child=1 2 -1 -3 -2 -6
right_child=4 3 -4 -5 5 -7
leaf_value=-0.0033107171973664512 -0.0062140370664098546 0.00047584091323456403 0.0025486183348357458 -0.010903736187464845 0.0032186096389233147 8.8874193196074891e-05
leaf_weight=313.30814582109451 29.108341075479984 25.018108546733856 301.81733487173915 64.262952819466591 278.30744534730911 432.50801113247871
leaf_count=1109 91 92 1022 321 859 1293
internal_value=-0.000249581 -0.001547 -0.000351583 -0.00766244 0.000914816 0.00145092
internal_weight=1444.33 704.407 615.125 89.2811 739.924 710.815
internal_count=4787 2544 2131 413 2243 2152
is_linear=0
shrinkage=0.03


Tree=132
num_leaves=7
num_cat=0
split_feature=3 0 3 2 2 0
split_gain=1.6437 4.01376 3.84342 4.47789 3.98989 2.2412
threshold=-0.76609584689140309 -2.5028587579727168 -1.0419870018959043 0.41804119944572454 0.0030836098594591026 -1.0236825942993162
decision_type=2 2 2 2 2 2
left_child=2 -2 3 -1 -4 -3
right_child=1 5 4 -5 -6 -7
leaf_value=-0.00098892690094599446 0.0061974466922486756 -0.00064655022304523774 0.008464072449127738 0.0077239908948981157 -0.00010299104359365607 -0.0049198578533949299
leaf_weight=575.68965792283416 39.332231219857931 498.11072270013392 86.805306702852249 37.961585462093353 64.963684730231762 145.29119607619941
leaf_count=1935 142 1733 235 113 237 440
internal_value=-1.81363e-05 -0.00111064 0.000883423 -0.00012846 0.00486268 -0.00182121
internal_weight=1448.15 682.734 765.42 613.651 151.769 643.402
internal_count=4835 2315 2520 2048 472 2173
is_linear=0
shrinkage=0.03


Tree=133
num_leaves=7
num_cat=0
split_feature=0 0 2 2 1 1
split_gain=4.58244 3.98954 5.44681 2.30524 1.37278 5.21033
threshold=-1.5514461398124693 -1.151837110519409 0.092970356345176711 0.22849042713642123 0.087443500757217421 -0.018777697347104546
decision_type=2 2 2 2 2 2
left_child=4 3 -3 -2 5 -1
right_child=1 2 -4 -5 -6 -7
leaf_value=-0.00085032442497954674 0.0050433192574343621 -0.0029339693215946587 0.0038625416703235707 -0.00091127136498032662 0 -0.0082277465144208976
leaf_weight=381.20603315159678 254.33292374014854 274.23655490204692 143.35556157678366 47.070329964160919 236.50756026245654 104.13693568855524
leaf_count=1331 750 806 457 165 938 383
internal_value=-0.000234856 0.00139394 -0.000393776 0.00392787 -0.00193193 -0.00281496
internal_weight=1440.85 718.995 417.592 301.403 721.851 485.343
internal_count=4830 2178 1263 915 2652 1714
is_linear=0
shrinkage=0.03


Tree=134
num_leaves=6
num_cat=0
split_feature=1 0 0 0 0
split_gain=1.62616 1.11667 3.35456 0.843388 2.17544
threshold=0.37342086434364324 1.0000000180025095e-35 -0.49187865853309626 -2.3155201673507686 -2.0148286819458003
decision_type=2 2 2 2 2
left_child=1 2 -1 -2 -5
right_child=3 -3 -4 4 -6
leaf_value=0.00049973152385514546 -0.0067958869548905738 0.0045074971726301455 -0.0054995653189924415 0.0049497005845670706 -0.0033152423611847916
leaf_weight=1244.1925141364336 24.838916607201099 34.573212429881096 69.538524687290192 18.341135837137699 76.607617339119315
leaf_count=4090 90 93 212 81 323
internal_value=0 0.000281606 5.94827e-05 -0.00311344 -0.000613321
internal_weight=1468.09 1348.3 1313.73 119.788 94.9488
internal_count=4889 4395 4302 494 404
is_linear=0
shrinkage=0.03


Tree=135
num_leaves=4
num_cat=0
split_feature=2 2 2
split_gain=3.59562 1.54376 1.03235
threshold=0.5403062403202058 0.45139403641223913 -0.25465328991413111
decision_type=2 2 2
left_child=1 2 -1
right_child=-2 -3 -4
leaf_value=0.0011205423518896751 -0.0069122526972150286 0.0048624088601795391 -0.00082923159396402742
leaf_weight=275.10889389738441 56.141769200563431 31.729422084987164 1079.7084583640099
leaf_count=903 219 108 3607
internal_value=-0.000544212 -0.00014909 -0.000379127
internal_weight=1442.69 1386.55 1354.82
internal_count=4837 4618 4510
is_linear=0
shrinkage=0.03


Tree=136
num_leaves=7
num_cat=0
split_feature=0 3 3 0 3 3
split_gain=1.85587 5.85354 11.3039 4.22049 3.06151 1.94754
threshold=-0.87584465742111195 -0.54327932000160206 -1.5363268256187437 -0.94158935546874989 0.36174961924552923 -0.7085621953010558
decision_type=2 2 2 2 2 2
left_child=3 2 -2 5 -3 -1
right_child=1 4 -4 -5 -6 -7
leaf_value=-0.0015802536152920055 -0.0038233840190239803 -0.0065006787085893133 0.01088269539552048 -0.0091199047041659927 0.0027340676552642953 0.00078050196429995506
leaf_weight=655.85886585153639 57.35126231238246 67.062132120132446 97.465252906084061 34.819018185138702 26.292571984231472 534.90086431801319
leaf_count=2192 187 194 276 112 87 1861
internal_value=-0.000396099 0.00180183 0.0052775 -0.00091112 -0.00334698 -0.000474848
internal_weight=1473.75 248.171 154.817 1225.58 93.3547 1190.76
internal_count=4909 744 463 4165 281 4053
is_linear=0
shrinkage=0.03


Tree=137
num_leaves=7
num_cat=0
split_feature=7 2 0 0 2 1
split_gain=3.01188 3.23648 3.20328 4.61489 3.04938 1.4015
threshold=1.0000000180025095e-35 0.30138066411018377 -0.93130668997764576 -1.5514461398124693 -0.38177454471588129 -0.17520274966955182
decision_type=2 2 2 2 2 2
left_child=2 4 3 -1 -2 -4
right_child=1 -3 5 -5 -6 -7
leaf_value=-0.0019502577134668945 -0.0035085481424472894 -0.0036305109317478642 0 0.0024186730882801381 0.0040314656310496159 -0.0062212276618538558
leaf_weight=553.45407381281257 31.918776113539934 54.042245641350746 42.432372502982616 326.38443553075194 323.86402661725879 116.91538813337684
leaf_count=2150 114 159 127 969 925 394
internal_value=-0.000174448 0.00189683 -0.00106834 -0.000245147 0.00304462 -0.00474486
internal_weight=1449.01 409.825 1039.19 879.839 355.783 159.348
internal_count=4838 1198 3640 3119 1039 521
is_linear=0
shrinkage=0.03


Tree=138
num_leaves=6
num_cat=0
split_feature=1 3 3 3 3
split_gain=4.05473 1.84079 2.6137 1.21851 0.957159
threshold=0.36581934988498693 -1.5363268256187437 -0.75529202818870533 -1.1975190639495847 -1.9457462430000303
decision_type=2 2 2 2 2
left_child=1 4 -3 -2 -1
right_child=3 2 -4 -5 -6
leaf_value=0.00017736922636437923 0 0.0028302523652509507 -9.9410421413946421e-05 -0.0068671567638964705 -0.0028852549524573555
leaf_weight=107.65439167432487 46.774665839970112 418.56867044791579 629.77383105829358 75.299867872148752 172.25387328863144
leaf_count=363 146 1289 2059 357 654
internal_value=-3.41126e-05 0.000433603 0.00104523 -0.00489013 -0.00157401
internal_weight=1450.33 1328.25 1048.34 122.075 279.908
internal_count=4868 4365 3348 503 1017
is_linear=0
shrinkage=0.03


Tree=139
num_leaves=6
num_cat=0
split_feature=2 2 0 0 0
split_gain=5.08518 3.15043 3.04839 2.21415 0.606769
threshold=-0.39044772088527674 0.5403062403202058 -2.2823582887649532 -1.4725311398506162 -1.0782901048660276
decision_type=2 2 2 2 2
left_child=2 3 -1 -2 -4
right_child=1 -3 4 -5 -6
leaf_value=0.00052380153181490891 -0.00081588529483474096 -0.0060522707468991374 -0.0097608881043392357 0.0016446654864755918 -0.00017059009368986064
leaf_weight=28.828788496553898 656.72955140843987 53.923150461167097 68.103606320917606 597.33425029180944 21.383387811481953
leaf_count=100 2389 214 254 1786 76
internal_value=-0.000612376 0 -0.00608356 0.000316448 -0.00846702
internal_weight=1426.3 1307.99 118.316 1254.06 89.487
internal_count=4819 4389 430 4175 330
is_linear=0
shrinkage=0.03


Tree=140
num_leaves=7
num_cat=0
split_feature=2 2 1 1 3 4
split_gain=3.58761 3.15842 5.15856 2.62522 1.30371 3.81503
threshold=-0.029097855091094967 -0.058217093348503106 -0.050270978361368172 -0.061844835057854645 -0.67778202891349781 1.0000000180025095e-35
decision_type=2 2 2 2 2 2
left_child=1 2 -1 -3 -2 -6
right_child=4 3 -4 -5 5 -7
leaf_value=0.0023285687178220401 -0.002515393008611404 0 -0.0034305836021211473 0.010362512805720977 -0.0017512688140583026 0.0055706330296725762
leaf_weight=482.9700670838356 389.56069117039442 33.509098865091801 169.58536018058658 42.465088281780481 236.55401304736733 65.289073657244444
leaf_count=1575 1327 105 528 125 924 207
internal_value=7.09615e-05 0.00155848 0.000685166 0.00672842 -0.00141184 0
internal_weight=1419.93 728.53 652.555 75.9742 691.404 301.843
internal_count=4791 2333 2103 230 2458 1131
is_linear=0
shrinkage=0.03


Tree=141
num_leaves=7
num_cat=0
split_feature=3 3 0 0 0 5
split_gain=2.65578 3.95308 2.73173 4.27349 2.2285 2.17369
threshold=-0.19775586575269696 -0.085748948156833635 -1.7955805063247678 -2.102433323860168 -0.82300603389739979 1.0000000180025095e-35
decision_type=2 2 2 2 2 2
left_child=2 -2 3 -1 -4 -3
right_child=1 5 4 -5 -6 -7
leaf_value=0.00050050190779039807 -0.0075877427060546572 0.0014330177502917898 -0.0010123686558210893 0.0070429187889617662 0.002867965388428196 -0.0034538894446439873
leaf_weight=265.44112247787416 58.904341593384743 238.55758125707507 480.52941239625216 139.63065299764276 161.47405364364386 99.483364624902606
leaf_count=928 198 802 1523 496 501 420
internal_value=0.000437152 -0.00153706 0.00125658 0.00312213 0 0
internal_weight=1444.02 396.945 1047.08 405.072 642.003 338.041
internal_count=4868 1420 3448 1424 2024 1222
is_linear=0
shrinkage=0.03


Tree=142
num_leaves=7
num_cat=0
split_feature=3 2 7 3 3 2
split_gain=3.08131 6.35525 6.1542 5.06529 4.9262 4.62802
threshold=-1.0922257304191587 0.17262800782918933 1.0000000180025095e-35 -0.50256088376045216 -1.8290044665336607 0.12068426236510278
decision_type=2 2 2 2 2 2
left_child=2 3 4 -2 -1 -4
right_child=1 -3 5 -5 -6 -7
leaf_value=0.0013153945745217927 0.0060831352008749251 -0.0027764461978200079 -0.00038821380590953723 0.00066491093845161037 -0.0059883645961548489 0.0076157247934633722
leaf_weight=97.269888361915946 278.62683703377843 190.16799925267696 156.78554600477219 395.78312595188618 230.83991562016308 76.240104928612709
leaf_count=353 790 811 477 1324 859 199
internal_value=0.000571323 0.00170649 -0.001073 0.00310054 -0.00369959 0.00238833
internal_weight=1425.71 864.578 561.135 674.41 328.11 233.026
internal_count=4813 2925 1888 2114 1212 676
is_linear=0
shrinkage=0.03


Tree=143
num_leaves=7
num_cat=0
split_feature=3 1 1 2 3 1
split_gain=4.07899 4.55013 3.28578 2.0588 1.77134 1.80905
threshold=-1.5363268256187437 -0.22883474826812741 -0.37680947780609125 0.051228499040007598 -1.8290044665336607 0.016583941876888279
decision_type=2 2 2 2 2 2
left_child=4 2 -2 -3 5 -1
right_child=1 3 -4 -5 -6 -7
leaf_value=-0.0034879970310018279 0 -0.0017959278734838761 0.0069393607662397612 0.0010191930953133365 -0.0056671297907335072 0.0019157826105640717
leaf_weight=89.940334346145391 123.72634088993073 482.76957498863339 128.57759707793593 393.50288665294647 135.76689305715263 82.251397872343659
leaf_count=314 392 1457 418 1470 540 259
internal_value=-0.000290222 0.000511601 0.00392617 -0.00047028 -0.00326362 -0.000663817
internal_weight=1436.54 1128.58 252.304 876.272 307.959 172.192
internal_count=4850 3737 810 2927 1113 573
is_linear=0
shrinkage=0.03


Tree=144
num_leaves=7
num_cat=0
split_feature=2 4 0 0 2 2
split_gain=3.38801 3.10738 7.41439 2.92008 5.2128 4.65386
threshold=0.15179387480020526 1.0000000180025095e-35 -1.0782901048660276 -0.94158935546874989 -0.060813486576080315 -0.040951676666736596
decision_type=2 2 2 2 2 2
left_child=3 2 -2 4 -1 -5
right_child=1 -3 -4 5 -6 -7
leaf_value=3.3790893106654421e-05 -0.0072596627515223947 0.0018606355806492091 0.0025302800293585444 0.0014437987273247395 0.004853760292223952 -0.0069897113987862775
leaf_weight=520.32499034702778 167.31549676135182 99.683049160987139 86.40872198343277 127.09910955280066 339.43240529485047 72.506359167397022
leaf_count=1723 719 341 275 382 1145 214
internal_value=0.000405319 -0.00200295 -0.00376512 0.00128654 0.002072 -0.00170402
internal_weight=1412.77 353.407 253.724 1059.36 859.757 199.605
internal_count=4799 1335 994 3464 2868 596
is_linear=0
shrinkage=0.03


Tree=145
num_leaves=5
num_cat=0
split_feature=0 0 0 1
split_gain=1.91262 2.20471 2.97063 0.930345
threshold=0.085016787052154555 -0.49187865853309626 -0.57839763164520253 0.05923078581690789
decision_type=2 2 2 2
left_child=1 2 -1 -3
right_child=-2 3 -4 -5
leaf_value=0 0.0059580429917315894 -8.0155611922351624e-05 0.0079326820428980045 -0.0072370149053917017
leaf_weight=1273.6425810605288 29.306993812322617 51.553336288779974 23.99972303584218 32.056697022169828
leaf_count=4384 91 153 72 105
internal_value=0.000143665 -2.01622e-05 0.000268827 -0.00427054
internal_weight=1410.56 1381.25 1297.64 83.61
internal_count=4805 4714 4456 258
is_linear=0
shrinkage=0.03


Tree=146
num_leaves=5
num_cat=0
split_feature=1 2 2 6
split_gain=1.94701 1.03039 1.70498 0.911893
threshold=0.61475428938865673 0.37129583954811102 0.17262800782918933 1.0000000180025095e-35
decision_type=2 2 2 2
left_child=1 2 -1 -3
right_child=-2 3 -4 -5
leaf_value=0.00077439545697473105 -0.0053032062503092668 0.0048453754421476222 -0.0020928440679848677 0
leaf_weight=1106.0810178685933 31.708220049738884 69.225044514983892 197.99094641767442 21.285228468477726
leaf_count=3621 141 263 734 89
internal_value=0.00031586 0.000559207 0.000268725 0.00339546
internal_weight=1426.29 1394.58 1304.07 90.5103
internal_count=4848 4707 4355 352
is_linear=0
shrinkage=0.03


Tree=147
num_leaves=6
num_cat=0
split_feature=0 3 3 3 0
split_gain=1.45204 2.17512 2.24241 1.88472 1.87982
threshold=-1.8579453229904173 -2.0701066255569454 -0.67778202891349781 -2.0701066255569454 -0.49187865853309626
decision_type=2 2 2 2 2
left_child=1 -1 -3 -2 -5
right_child=3 2 -4 4 -6
leaf_value=0.0050582477573817789 -0.0048025384389118932 -0.0036245043231793979 0.00019900570905259735 0.001687229722496152 -0.0020655770775783846
leaf_weight=22.489884674549103 28.298529468476772 254.69908728450537 218.37456526979804 787.39624567702413 110.34979984164238
leaf_count=77 92 929 851 2558 332
internal_value=4.70128e-05 -0.00118954 -0.00180137 0.000783324 0.0011256
internal_weight=1421.61 495.564 473.074 926.045 897.746
internal_count=4839 1857 1780 2982 2890
is_linear=0
shrinkage=0.03


Tree=148
num_leaves=7
num_cat=0
split_feature=2 3 5 2 2 2
split_gain=3.60862 4.73757 2.83467 5.21257 3.40237 2.57785
threshold=-0.0091208964586257917 -0.96754047274589527 1.0000000180025095e-35 -0.16870094090700147 -0.12898230552673337 0.41804119944572454
decision_type=2 2 2 2 2 2
left_child=2 5 3 -1 -4 -2
right_child=1 -3 4 -5 -6 -7
leaf_value=-0.0026884726101702671 -0.00040186057541796418 -0.0043022570812822685 0.0065309046533870325 0.0028728212635576811 -0.00071204619459127813 0.0065356171313895274
leaf_weight=306.82924677804112 265.65055082924664 346.6814878154546 128.76539909094572 262.21329240500927 67.852798171341419 35.87519907951355
leaf_count=1011 901 1336 422 816 221 115
internal_value=-0.000338997 -0.00198617 0.000994188 -1.34509e-05 0.00391942 0.000592137
internal_weight=1413.87 648.207 765.661 569.043 196.618 301.526
internal_count=4822 2352 2470 1827 643 1016
is_linear=0
shrinkage=0.03


Tree=149
num_leaves=7
num_cat=0
split_feature=0 3 3 3 3 1
split_gain=2.36625 4.56006 9.40512 4.83478 2.02247 2.65798
threshold=-1.2045530676841734 -0.77790892124176014 -1.5363268256187437 0.22395491600036624 1.0474828481674197 0.27275785803794866
decision_type=2 2 2 2 2 2
left_child=4 2 -2 -3 5 -1
right_child=1 3 -4 -5 -6 -7
leaf_value=-0.0016584759435709837 -0.001469268549249761 -0.0043546070331658103 0.0096911561630479686 0.0042542214272113122 0.004432248695958256 0.0025772412357736329
leaf_weight=796.95643180795014 101.8351832665503 133.14378591440618 128.84314850904047 71.577493757009506 44.705935779958963 131.60508887469769
leaf_count=2759 340 407 383 225 181 518
internal_value=0.000216129 0.00203374 0.00480079 -0.000966931 -0.000561165 -0.000953211
internal_weight=1408.67 435.4 230.678 204.721 973.267 928.562
internal_count=4813 1355 723 632 3458 3277
is_linear=0
shrinkage=0.03


Tree=150
num_leaves=7
num_cat=0
split_feature=2 1 2 3 2 1
split_gain=3.82882 3.84801 2.93703 2.13815 2.09185 2.05209
threshold=-0.20419228076934812 -0.35613085329532618 -0.16628240048885343 0.42987436056137091 -0.61168092489242543 -0.25243200361728663
decision_type=2 2 2 2 2 2
left_child=1 4 -2 -4 -1 -3
right_child=2 5 3 -5 -6 -7
leaf_value=0.0034983618873495508 -0.0068115483498759986 0.0084576116024471671 -0.00037275005565763235 -0.0047650759204332814 -0.0037798197588987058 0.0016102522791709099
leaf_weight=24.375292144715786 71.570174153894186 61.445486549288034 885.19416920468211 100.58097585849464 104.22017000243068 163.15796817466617
leaf_count=84 232 212 2997 417 355 522
internal_value=-0.000605537 0.00195466 -0.00153685 -0.000966408 -0.00171128 0.00426717
internal_weight=1410.54 353.199 1057.35 985.775 128.595 224.603
internal_count=4819 1173 3646 3414 439 734
is_linear=0
shrinkage=0.03


Tree=151
num_leaves=7
num_cat=0
split_feature=3 3 2 0 0 0
split_gain=2.48443 3.9686 3.87972 3.0865 1.7347 1.96733
threshold=0.32055969536304479 -0.97725924849510182 0.21190044283866885 -1.2045530676841734 -0.76824662089347828 -2.1958836317062373
decision_type=2 2 2 2 2 2
left_child=1 3 -3 -1 5 -2
right_child=4 2 -4 -5 -6 -7
leaf_value=-0.0028076108029046853 0.0002926912800833861 0.0032283261263983381 -0.0024371535377605206 0.0014106174883701567 0.0018582038613798647 -0.0060969560885707702
leaf_weight=424.27630825340748 35.02429062500596 477.50093368440866 111.10639442875981 204.17029674351215 22.284777209162712 125.75085600279272
leaf_count=1500 157 1465 471 626 68 478
internal_value=-0.000224296 0.000238819 0.00201537 -0.00134342 -0.00331901 -0.00449471
internal_weight=1400.11 1217.05 588.607 628.447 183.06 160.775
internal_count=4765 4062 1936 2126 703 635
is_linear=0
shrinkage=0.03


Tree=152
num_leaves=7
num_cat=0
split_feature=1 0 2 0 0 2
split_gain=2.46513 2.20545 1.95989 2.15176 1.85255 1.44858
threshold=0.24371363222599032 0.085016787052154555 0.1478046849370003 -1.9160135388374326 -2.2904556989669795 0.070482410490512862
decision_type=2 2 2 2 2 2
left_child=1 4 5 -4 -1 -2
right_child=2 -3 3 -5 -6 -7
leaf_value=0.0027818238339050267 -0.0019029817768023369 0.0070574347168867683 0 -0.0067193105743785439 -0.00033551947931336818 0.0050939752794135458
leaf_weight=184.65292791649699 31.143358830362558 24.43204802274704 68.58546113409102 103.84221514873207 965.15885820239782 26.103590860962868
leaf_count=654 102 72 284 427 3191 84
internal_value=-6.23269e-05 0.000462506 -0.00280803 -0.0043581 0.000152818 0.00100361
internal_weight=1403.92 1174.24 229.675 172.428 1149.81 57.2469
internal_count=4814 3917 897 711 3845 186
is_linear=0
shrinkage=0.03


Tree=153
num_leaves=7
num_cat=0
split_feature=0 0 3 3 3 3
split_gain=1.66258 3.41523 3.96876 2.54347 0.948849 3.06529
threshold=-0.49187865853309626 -1.2045530676841734 -1.7934480309486387 -1.1469975113868711 -0.55255722999572743 -1.4952079653739927
decision_type=2 2 2 2 2 2
left_child=1 3 -3 -1 5 -2
right_child=4 2 -4 -5 -6 -7
leaf_value=-0.0029002209200464928 -0.0064694404717105048 -0.0041343600995204406 0.0039342439996358806 0.00013242309341789446 -0.0063241515239721704 0.0035900851829312038
leaf_weight=357.30562317557633 26.468745186924934 43.070549145340919 281.84529116563499 627.10714586824179 44.156411670148373 43.300729397684336
leaf_count=1296 88 146 879 2202 137 130
internal_value=-0.000388641 -1.64001e-05 0.00251301 -0.00094441 -0.0035774 -0.000148957
internal_weight=1423.25 1309.33 324.916 984.413 113.926 69.7695
internal_count=4878 4523 1025 3498 355 218
is_linear=0
shrinkage=0.03


Tree=154
num_leaves=7
num_cat=0
split_feature=7 2 1 1 3 3
split_gain=2.59749 3.03601 3.46772 2.67493 4.24977 1.80945
threshold=1.0000000180025095e-35 -0.16870094090700147 0.16996404528617862 -0.23924993723630902 -1.8963778018951414 -0.026611269451677796
decision_type=2 2 2 2 2 2
left_child=3 -2 -3 5 -5 -1
right_child=1 2 -4 4 -6 -7
leaf_value=0.0044063798969493449 -0.0010039375172307011 0.0065479500464853445 0 0.0052767327368190772 -0.0016066849720061283 -0.00081692074095856984
leaf_weight=154.40990228205919 108.34945850074291 187.38024338334799 105.84798939153552 67.883960045874119 745.60283867642283 56.382663156837225
leaf_count=519 338 546 317 248 2654 207
internal_value=0.000757586 0.0027411 0.00429221 -2.15173e-07 -0.000847455 0.00279956
internal_weight=1425.86 401.578 293.228 1024.28 813.487 210.793
internal_count=4829 1201 863 3628 2902 726
is_linear=0
shrinkage=0.03


Tree=155
num_leaves=7
num_cat=0
split_feature=7 0 0 0 0 2
split_gain=1.95626 3.37371 8.05606 3.22568 2.53497 2.17852
threshold=1.0000000180025095e-35 -1.3258519768714903 -1.5586418509483335 -2.5601093769073482 -0.46848583221435541 0.12543950974941256
decision_type=2 2 2 2 2 2
left_child=3 2 -2 -1 -3 -5
right_child=1 4 -4 5 -6 -7
leaf_value=0.0061294127879979541 0.001905067845035448 0.0057896676054749038 -0.010441327429694778 -0.00052005030994750482 -0.0009268636024228334 -0.0038632798006288343
leaf_weight=30.567008700221777 162.06308673508465 150.58153013139963 43.013723231852055 715.86405745148659 44.895029544830322 244.82036210410297
leaf_count=116 487 452 130 2425 133 1043
internal_value=-0.000339607 0.00132292 -0.00111564 -0.00108362 0.00402578 -0.00149463
internal_weight=1391.8 400.553 205.077 991.251 195.477 960.684
internal_count=4786 1202 617 3584 585 3468
is_linear=0
shrinkage=0.03


Tree=156
num_leaves=7
num_cat=0
split_feature=2 2 2 7 2 2
split_gain=1.88905 1.69669 1.31408 0.976055 0.906421 2.04472
threshold=0.28903606534004217 0.41804119944572454 0.5403062403202058 1.0000000180025095e-35 0.21653357893228534 0.17262800782918933
decision_type=2 2 2 2 2 2
left_child=4 3 -3 -2 5 -1
right_child=1 2 -4 -5 -6 -7
leaf_value=0.00085680181194340728 -0.00068880613512817431 0.0034565691466339004 -0.002381482278472609 -0.0087131838384690782 0.0036787037397557594 -0.0039912346279735965
leaf_weight=1092.5524983108044 52.881340734660625 44.126382131129503 53.43789848126471 25.398979775607586 77.423214100301266 61.498370323330164
leaf_count=3620 239 166 215 73 295 221
internal_value=0.000327428 -0.00234372 0 -0.00514621 0.00078815 0.000483759
internal_weight=1407.32 175.845 97.5643 78.2803 1231.47 1154.05
internal_count=4829 693 381 312 4136 3841
is_linear=0
shrinkage=0.03


Tree=157
num_leaves=7
num_cat=0
split_feature=2 3 0 0 3 2
split_gain=2.21295 2.00881 2.64256 2.55695 1.32759 2.69738
threshold=0.28903606534004217 -1.6128911972045896 -1.2045530676841734 -0.97864618897438038 0.043976781889796264 0.44218963384628301
decision_type=2 2 2 2 2 2
left_child=1 3 -3 -1 -2 -6
right_child=4 2 -4 -5 5 -7
leaf_value=0 -0.0046005804127497909 0 0.0032373991223143294 -0.0069927629725739264 0.0062828319448069627 -0.0041557392939551947
leaf_weight=180.77256320416927 122.49021503329277 694.5028857793659 303.33421552740037 46.903795536607504 21.283264018595219 26.252489136531949
leaf_count=685 492 2359 906 173 90 112
internal_value=-4.55206e-05 0.000372488 0.000996381 -0.00197925 -0.00309629 0.000106055
internal_weight=1395.54 1225.51 997.837 227.676 170.026 47.5358
internal_count=4817 4123 3265 858 694 202
is_linear=0
shrinkage=0.03


Tree=158
num_leaves=7
num_cat=0
split_feature=1 3 3 0 3 1
split_gain=5.02821 3.46304 4.26714 2.49711 2.13581 4.06999
threshold=-0.042567513883113854 -0.4942313283681869 -0.97725924849510182 -0.82300603389739979 -0.54327932000160206 0.286492869257927
decision_type=2 2 2 2 2 2
left_child=1 2 -1 -3 5 -2
right_child=4 3 -4 -5 -6 -7
leaf_value=0.0012966501318148946 -0.0041897764164625356 0.00068208062001097914 0.0081824534753744092 -0.0061962766583237546 0.00041450463058911733 0.0019369612717956837
leaf_weight=291.32873430289328 366.20710904151201 203.62684970349073 117.36365413665771 37.966811038553715 273.96027192100883 102.20795532129705
leaf_count=1027 1202 703 337 121 1022 384
internal_value=0.000128444 0.00206033 0.00370349 -0.00056059 -0.00149475 -0.0027055
internal_weight=1392.66 650.286 408.692 241.594 742.375 468.415
internal_count=4796 2188 1364 824 2608 1586
is_linear=0
shrinkage=0.03


Tree=159
num_leaves=7
num_cat=0
split_feature=3 1 3 2 3 2
split_gain=2.02506 4.69322 3.11427 6.1999 1.73899 0.874181
threshold=-1.2052000761032102 0.32842153310775762 -0.60356441140174855 -0.0017164213350042699 -0.53223296999931324 -0.36701470613479609
decision_type=2 2 2 2 2 2
left_child=1 5 3 -2 -4 -1
right_child=2 -3 4 -5 -6 -7
leaf_value=-0.0059609558364303932 0.0066954184540913989 0.0058023696400788822 -0.004983200164484558 -0.00073553031831315673 0.00057993893277939973 -0.0012929881615366822
leaf_weight=38.007742185145617 211.61696514487267 57.855963945388794 35.473833480849862 149.60034445859492 537.63876186683774 382.66792076826096
leaf_count=164 609 178 131 545 1903 1341
internal_value=0.000654849 -0.000831798 0.0014806 0.00358333 0 -0.00210229
internal_weight=1412.86 478.532 934.33 361.217 573.113 420.676
internal_count=4871 1683 3188 1154 2034 1505
is_linear=0
shrinkage=0.03


Tree=160
num_leaves=7
num_cat=0
split_feature=7 3 3 0 0 0
split_gain=3.06835 7.79588 10.032 2.10511 14.3797 3.8357
threshold=1.0000000180025095e-35 -0.5877605378627776 -0.043944282457232468 -1.5514461398124693 -1.4330159425735471 -2.2984071969985957
decision_type=2 2 2 2 2 2
left_child=3 -2 -3 5 -5 -1
right_child=1 2 -4 4 -6 -7
leaf_value=0.0014778884354104624 0.0051477834293458379 -0.012442166643387372 0.0038357833558706408 0.011172377468692648 -0.0013920022948965428 -0.003477232823441815
leaf_weight=193.8942438326776 295.68662159517407 42.599366277456284 51.810479208827019 81.98755220323801 380.51214867085218 344.65076515451074
leaf_count=721 896 131 160 247 1214 1416
internal_value=0.000532711 0.00273512 -0.00387574 -0.000303546 0.00108172 -0.00159676
internal_weight=1391.14 390.096 94.4098 1001.04 462.5 538.545
internal_count=4785 1187 291 3598 1461 2137
is_linear=0
shrinkage=0.03


Tree=161
num_leaves=7
num_cat=0
split_feature=2 3 2 2 3 3
split_gain=4.77263 4.66796 2.9797 2.14807 2.34396 2.13925
threshold=-0.086486089974641786 -0.66605091094970692 -0.052479768171906464 -0.38177454471588129 -0.52194732427597035 0.33377005159854894
decision_type=2 2 2 2 2 2
left_child=3 2 -2 -1 -5 -3
right_child=1 5 -4 4 -6 -7
leaf_value=-0.0013194976967411216 -0.010509054036169833 0.0021856966457902984 -0.0025300151047813286 0.0042248709234608637 0 -0.002521066153808735
leaf_weight=127.8554450571537 40.399770706892014 253.25664567761123 419.23317841812968 286.70643417164683 168.18654789403081 100.48656359314919
leaf_count=452 132 898 1450 933 548 413
internal_value=-0.000313163 -0.00181492 -0.0037654 0.00167405 0.00266192 0.000624765
internal_weight=1396.12 813.376 459.633 582.748 454.893 353.743
internal_count=4826 2893 1582 1933 1481 1311
is_linear=0
shrinkage=0.03


Tree=162
num_leaves=7
num_cat=0
split_feature=7 3 3 3 3 3
split_gain=2.42392 5.1755 4.02642 3.44331 3.05319 2.50305
threshold=1.0000000180025095e-35 -1.0804568529129026 -0.77790892124176014 -0.043944282457232468 -1.8963778018951414 -1.2648686766624448
decision_type=2 2 2 2 2 2
left_child=1 4 5 -4 -1 -2
right_child=2 -3 3 -5 -6 -7
leaf_value=0.00074751448265949019 0.0014161481050416075 0.0009027964516686944 -0.0059331769319288744 0.0027019299899904378 -0.0051926046372342861 0.0078867933592543862
leaf_weight=81.268448552116752 184.73765994608402 689.02957145124674 67.098279558122158 52.077238779515028 240.80040895007551 92.077704969793558
leaf_count=313 557 2393 209 158 946 289
internal_value=0.000233641 -0.000502788 0.002192 -0.00188267 -0.00356225 0.00415704
internal_weight=1407.09 1011.1 395.991 119.176 322.069 276.815
internal_count=4865 3652 1213 367 1259 846
is_linear=0
shrinkage=0.03


Tree=163
num_leaves=7
num_cat=0
split_feature=2 4 3 1 4 3
split_gain=4.50826 3.62341 3.82231 3.23277 1.97949 7.81834
threshold=-0.012431531213223932 1.0000000180025095e-35 -1.1361725330352781 -0.38517914712429041 1.0000000180025095e-35 -0.44992703199386591
decision_type=2 2 2 2 2 2
left_child=1 2 -1 -3 -2 -6
right_child=4 3 -4 -5 5 -7
leaf_value=-0.00016926742633026638 -0.0024848070091086387 0.0047597480891055375 0.0046732402393147715 -0.0037371355166147175 -0.0028178813733545013 0.009601399964772897
leaf_weight=189.62043135240674 465.06418198905885 30.276272647082806 392.80882022716105 140.98481250554323 118.2505011446774 46.520272478461266
leaf_count=646 1737 109 1222 491 455 145
internal_value=0.000324309 0.00190173 0.0030438 -0.00158066 -0.00147141 0.00102351
internal_weight=1383.53 753.69 582.429 171.261 629.835 164.771
internal_count=4805 2468 1868 600 2337 600
is_linear=0
shrinkage=0.03


Tree=164
num_leaves=7
num_cat=0
split_feature=0 1 0 0 2 0
split_gain=2.24066 4.3492 2.87243 2.71816 2.67216 2.22793
threshold=-0.94933375716209401 -0.29479788243770594 -1.1024994254112241 -1.151837110519409 -0.076884165406227098 0.085016787052154555
decision_type=2 2 2 2 2 2
left_child=2 -2 3 -1 -4 -3
right_child=1 5 4 -5 -6 -7
leaf_value=0 0.0040811193678472694 -0.0055283474832163743 -0.00054534640462226434 -0.0066108003364170383 0.0080147555896703023 0.0014888563254877353
leaf_weight=982.53678056411445 43.441737849265337 211.55661341547966 32.711788114160299 38.604672469198704 55.828817173838615 25.315502688288689
leaf_count=3555 123 684 108 118 169 75
internal_value=-0.000468456 -0.00277624 0.000100225 -0.000332117 0.00478165 -0.00448728
internal_weight=1390 280.314 1109.68 1021.14 88.5406 236.872
internal_count=4832 882 3950 3673 277 759
is_linear=0
shrinkage=0.03


Tree=165
num_leaves=7
num_cat=0
split_feature=7 0 0 0 2 1
split_gain=2.01863 5.06637 5.13488 4.13883 2.15128 2.36148
threshold=1.0000000180025095e-35 -1.3258519768714903 -1.8115032911300657 -0.9615170657634734 -0.48151727020740503 0.14073633402585986
decision_type=2 2 2 2 2 2
left_child=4 2 -2 -3 -1 -6
right_child=1 3 -4 -5 5 -7
leaf_value=0.0035700408095117857 0.0023435619168926825 0.009495849995526072 -0.0063562485130101406 0.00038369240739424625 -0.0023967007223328748 0.00079173357676620595
leaf_weight=57.38550116494298 103.69139145687222 73.566077396273613 93.132695876061916 118.4200939424336 688.18265075236559 250.58809417672455
leaf_count=194 330 230 293 348 2409 1032
internal_value=-0.000323438 0.00140011 -0.00170286 0.00472484 -0.00106952 -0.00148426
internal_weight=1384.97 388.81 196.824 191.986 996.156 938.771
internal_count=4836 1201 623 578 3635 3441
is_linear=0
shrinkage=0.03


Tree=166
num_leaves=7
num_cat=0
split_feature=2 3 3 1 3 3
split_gain=2.27882 2.1952 5.81844 3.20924 1.97379 3.57592
threshold=0.16885603219270709 -1.2648686766624448 -0.57816356420516957 -0.037375677376985543 -1.08458536863327 -0.29964481294155115
decision_type=2 2 2 2 2 2
left_child=1 3 -3 -1 -2 -6
right_child=4 2 -4 -5 5 -7
leaf_value=0.00024566240941303489 0 0.0037188991575376308 -0.0014502346287208032 -0.0052796603335295402 -0.0085734815085317783 -4.6642270656618609e-05
leaf_weight=183.82763601467013 125.79746631160378 323.41393541172147 420.17823065817356 138.57412172108889 88.533854151144624 99.932241782546043
leaf_count=692 432 985 1400 490 382 436
internal_value=-0.000819121 -8.13859e-05 0.000757944 -0.00212366 -0.00298745 -0.00477827
internal_weight=1380.26 1065.99 743.592 322.402 314.264 188.466
internal_count=4817 3567 2385 1182 1250 818
is_linear=0
shrinkage=0.03


Tree=167
num_leaves=5
num_cat=0
split_feature=0 2 2 2
split_gain=2.26748 1.16661 5.16592 2.64946
threshold=1.0000000180025095e-35 -0.19425389915704724 -0.16628240048885343 -0.38177454471588129
decision_type=2 2 2 2
left_child=1 3 -3 -1
right_child=-2 2 -4 -5
leaf_value=-0.0023469947137044794 0.0054622346148049273 -0.0091161565686837063 -0.0005460158698163747 0.0026655923624550396
leaf_weight=126.18583678454161 35.223321475088596 50.371915999799967 944.09997468627989 226.71776761487126
leaf_count=451 106 170 3374 732
internal_value=-0.00039337 -0.000667983 -0.00121042 0.00068262
internal_weight=1382.6 1347.38 994.472 352.904
internal_count=4833 4727 3544 1183
is_linear=0
shrinkage=0.03


Tree=168
num_leaves=6
num_cat=0
split_feature=1 7 1 0 0
split_gain=2.61404 2.10917 2.07288 3.85018 1.98002
threshold=0.41268865764141088 1.0000000180025095e-35 -0.36487033963203425 -0.94158935546874989 -2.1801584959030147
decision_type=2 2 2 2 2
left_child=2 -2 4 -4 -1
right_child=1 -3 3 -5 -6
leaf_value=0.0014503813047142509 -0.007488929549660542 8.3740639815586411e-05 0.0014571182548529028 -0.0027851143459135205 -0.0047691315042625261
leaf_weight=38.98425455763936 57.617772234603763 31.24058685079217 918.66523085348308 216.71413680538535 119.08241808414459
leaf_count=135 291 104 3213 684 405
internal_value=-0.000275451 -0.00474914 5.38413e-05 0.000561262 -0.00290763
internal_weight=1382.3 88.8584 1293.45 1135.38 158.067
internal_count=4832 395 4437 3897 540
is_linear=0
shrinkage=0.03


Tree=169
num_leaves=7
num_cat=0
split_feature=7 2 0 0 2 2
split_gain=3.34331 4.19339 3.63354 2.9404 2.59424 1.69163
threshold=1.0000000180025095e-35 -0.42071475088596338 -2.2984071969985957 -2.3394284248352046 0.30138066411018377 0.054856652393937118
decision_type=2 2 2 2 2 2
left_child=2 -2 3 -1 -3 -4
right_child=1 4 5 -5 -6 -7
leaf_value=0.00022085554778256741 -0.0062161901092099422 0.0042109576071311314 -0.002917963511529939 0.0094725551140942398 -0.0018612478776040974 0
leaf_weight=172.59484443068504 25.599019709974527 321.73557092994452 526.63724997080863 22.690630435943604 50.521299719810486 272.28660622797906
leaf_count=633 95 964 1785 87 159 1115
internal_value=-4.97442e-05 0.0021642 -0.00102007 0.00235466 0.00318102 -0.0019556
internal_weight=1392.07 397.856 994.209 195.285 372.257 798.924
internal_count=4838 1218 3620 720 1123 2900
is_linear=0
shrinkage=0.03


Tree=170
num_leaves=6
num_cat=0
split_feature=2 1 2 2 2
split_gain=1.5172 2.7866 3.21042 1.55254 1.08352
threshold=-0.44159573316574091 -0.12977054715156552 0.054856652393937118 -0.56366500258445729 -0.097690500319004045
decision_type=2 2 2 2 2
left_child=3 4 -3 -1 -2
right_child=1 2 -4 -5 -6
leaf_value=0 0.0034515098381060066 -0.0023194293527198759 0.0011700294793944052 -0.0061624536281796169 0
leaf_weight=43.266741193830967 274.36923978850245 431.92899337410927 460.2148006297648 47.165067363530397 121.81601066142321
leaf_count=151 900 1423 1771 172 425
internal_value=8.80958e-05 0.000412825 -0.000467417 -0.00323173 0.00246636
internal_weight=1378.76 1288.33 892.144 90.4318 396.185
internal_count=4842 4519 3194 323 1325
is_linear=0
shrinkage=0.03


Tree=171
num_leaves=7
num_cat=0
split_feature=0 1 1 0 0 1
split_gain=1.74022 3.79208 4.18555 0.972866 1.09173 0.227329
threshold=-2.2984071969985957 0.10923506692051889 0.286492869257927 -2.2170294523239131 -0.97864618897438038 -0.053460948169231408
decision_type=2 2 2 2 2 2
left_child=1 5 -3 -2 -5 -1
right_child=3 2 -4 4 -6 -7
leaf_value=0.005727810430166967 -0.0044483116398041965 -0.0083524496304684236 0.0029127092046617145 0.00012987986854146274 -0.0019045545826304991 0.00073646020543214328
leaf_weight=104.02747393772006 40.64966407045722 35.862497426569462 37.313124224543571 821.48032652027905 290.26599185541272 48.737768229097128
leaf_count=369 172 138 147 2903 927 171
internal_value=-0.000121601 0.00211993 -0.00257205 -0.000640923 -0.000372546 0.00475228
internal_weight=1378.34 225.941 73.1756 1152.4 1111.75 152.765
internal_count=4827 825 285 4002 3830 540
is_linear=0
shrinkage=0.03


Tree=172
num_leaves=5
num_cat=0
split_feature=1 3 0 3
split_gain=1.77901 1.12797 7.32625 3.12353
threshold=0.67463123798370372 -1.1469975113868711 -1.4637369513511655 -0.19775586575269696
decision_type=2 2 2 2
left_child=1 2 -1 -3
right_child=-2 3 -4 -5
leaf_value=-0.0045101395278024413 -0.0062983287971305636 0.0020592027272933063 0.0024348916680234085 -0.0014734416508855889
leaf_weight=271.43225906603038 24.181919798254967 498.62272452190518 228.73202933557332 363.96665308251977
leaf_count=1031 110 1605 738 1343
internal_value=-0.000344607 -0.000105997 -0.00124723 0.000501022
internal_weight=1386.94 1362.75 500.164 862.589
internal_count=4827 4717 1769 2948
is_linear=0
shrinkage=0.03


Tree=173
num_leaves=7
num_cat=0
split_feature=2 2 2 1 2 2
split_gain=1.4228 2.86718 2.01343 1.85557 1.40176 1.89676
threshold=-0.24931240081787107 -0.37620048224925989 -0.4300826489925384 -0.34865692257881159 -0.16628240048885343 -0.12022439390420912
decision_type=2 2 2 2 2 2
left_child=1 2 -1 -3 -2 -6
right_child=4 3 -4 -5 5 -7
leaf_value=0.0011288506329474419 -0.0030470359520333749 0 -0.0055345865901719089 0.0064410104654947144 0.003792000170806191 -0.00046539407484348861
leaf_weight=93.548371315002441 140.69752003438771 34.228686854243279 38.331394165754318 104.88863749802113 85.183379307389259 878.59452595748007
leaf_count=335 460 110 138 335 287 3159
internal_value=0 0.00189966 -0.000886629 0.00469752 -0.000452652 0
internal_weight=1375.47 270.997 131.88 139.117 1104.48 963.778
internal_count=4824 918 473 445 3906 3446
is_linear=0
shrinkage=0.03


Tree=174
num_leaves=7
num_cat=0
split_feature=3 3 2 3 3 3
split_gain=2.51111 2.34225 2.6417 2.26879 1.33048 0.440422
threshold=0.66997793316841137 -0.67778202891349781 -0.16417276114225385 -0.75529202818870533 1.0474828481674197 1.3937462568283083
decision_type=2 2 2 2 2 2
left_child=1 3 -3 -1 -2 -6
right_child=4 2 -4 -5 5 -7
leaf_value=-0.00024070541534128905 -0.0070537665411163995 -0.0011071299488427376 0.0031838507121605547 -0.0061270297343992046 0.0011574811204954202 -0.0026610639584106611
leaf_weight=723.27560991980135 49.927615694701672 159.63538061827421 350.85935728438199 47.615224342793226 36.541411243379116 25.278306376188993
leaf_count=2526 200 512 1253 152 135 103
internal_value=-0.000197862 0.00016036 0.00173778 -0.000825893 -0.00416172 0
internal_weight=1393.13 1281.39 510.495 770.891 111.747 61.8197
internal_count=4881 4443 1765 2678 438 238
is_linear=0
shrinkage=0.03


Tree=175
num_leaves=7
num_cat=0
split_feature=3 3 0 0 2 0
split_gain=1.53462 3.29958 3.12037 5.79749 5.18273 2.61772
threshold=-0.60356441140174855 -0.67778202891349781 -1.0236825942993162 -1.578825771808624 0.097918812185525908 -2.1092768907546993
decision_type=2 2 2 2 2 2
left_child=1 5 3 -2 -4 -1
right_child=2 -3 4 -5 -6 -7
leaf_value=-0.0028754378834304436 -0.0028228391061064536 0.006910405343737696 -0.0093869880461051741 0.0038752829052917824 0.0016784421388090778 0.0010209894284308107
leaf_weight=188.98591131903231 272.99035641737282 48.038384065032005 75.952382303774357 172.05103298276663 41.361805168911815 582.46844543144107
leaf_count=703 1096 146 225 547 149 1978
internal_value=-0.000197 0.000576968 -0.00140897 -4.90549e-05 -0.00537244 0
internal_weight=1381.85 819.493 562.356 445.041 117.314 771.454
internal_count=4844 2827 2017 1643 374 2681
is_linear=0
shrinkage=0.03


Tree=176
num_leaves=7
num_cat=0
split_feature=3 0 0 1 0 3
split_gain=1.95806 4.47951 4.01127 3.06513 2.83122 2.46128
threshold=-1.1637907624244688 -1.4773210287094114 -1.7555412054061887 -0.42891059815883631 -2.1527681350708003 -1.5843290686607359
decision_type=2 2 2 2 2 2
left_child=1 2 -1 -2 -5 -3
right_child=3 5 -4 4 -6 -7
leaf_value=-0.0015158446813314536 0.0060477094927684849 -0.0011338511599709234 -0.010444790478910906 0.0033998867186174671 -0.00073783360935179886 0.0044955840809411118
leaf_weight=206.8611814007163 70.032285772264004 125.12018860504031 52.644089296460152 170.20591425523162 642.9155758023262 100.77473023533821
leaf_count=802 225 429 202 644 2166 315
internal_value=-1.59764e-05 -0.0015517 -0.00415963 0.000777328 0.000117098 0.0012949
internal_weight=1368.55 485.4 259.505 883.154 813.121 225.895
internal_count=4783 1748 1004 3035 2810 744
is_linear=0
shrinkage=0.03


Tree=177
num_leaves=7
num_cat=0
split_feature=1 1 1 0 0 0
split_gain=1.93259 2.77712 4.73194 3.22821 1.53798 1.54696
threshold=0.40482230484485632 0.094792239367961897 -0.0027208272367715831 -2.2048882246017452 -1.3616489171981809 -2.2823582887649532
decision_type=2 2 2 2 2 2
left_child=1 2 -1 -3 5 -2
right_child=4 3 -4 -5 -6 -7
leaf_value=0.00067029067199069045 -0.0047354696449538004 -0.0023314350372161201 -0.004337748586094506 0.0040108040523989036 -0.0074979861583184147 0.0030213797642950173
leaf_weight=730.63923223130405 19.200132209807634 66.658497169613838 196.31063240393996 292.10568662919104 31.479036735370755 36.219139145687222
leaf_count=2522 83 266 673 993 137 173
internal_value=6.66665e-05 0.00042475 -0.000396172 0.00261312 -0.00375835 0
internal_weight=1372.61 1285.71 926.95 358.764 86.8983 55.4193
internal_count=4847 4454 3195 1259 393 256
is_linear=0
shrinkage=0.03


Tree=178
num_leaves=7
num_cat=0
split_feature=1 4 0 1 3 2
split_gain=1.46734 2.65098 3.00207 2.49399 6.77826 2.39165
threshold=-0.35613085329532618 1.0000000180025095e-35 -2.1733303070068355 -0.042567513883113854 -0.22300878167152402 -0.058217093348503106
decision_type=2 2 2 2 2 2
left_child=1 2 -1 4 -2 -5
right_child=3 -3 -4 5 -6 -7
leaf_value=0.0017029408718439883 0.0040000039004053634 0.0023289600949632956 -0.0072108453974693426 -0.0040353318542010984 -0.0033042823924486512 0
leaf_weight=25.315276212990284 350.12983512878418 39.171698244288564 95.855929777026176 154.53653755038977 139.63112311437726 584.49692194722593
leaf_count=87 1194 136 331 512 503 2134
internal_value=-0.000234824 -0.00277494 -0.00494612 8.77185e-05 0.00175191 -0.000953202
internal_weight=1389.14 160.343 121.171 1228.79 489.761 739.033
internal_count=4897 554 418 4343 1697 2646
is_linear=0
shrinkage=0.03


Tree=179
num_leaves=6
num_cat=0
split_feature=2 2 2 0 3
split_gain=2.22301 3.79167 3.23666 2.5074 1.74941
threshold=-0.38177454471588129 -0.34239308536052698 -0.58888524770736683 -2.1856502294540401 -1.7052710652351377
decision_type=2 2 2 2 2
left_child=2 -2 -1 -4 -3
right_child=1 4 3 -5 -6
leaf_value=0.0019695618778233365 0.007940373863492332 -0.0026163729496836872 0 -0.0091989663283944447 0.00026432849476253339
leaf_weight=35.869378075003624 33.381490003317595 207.47668927162886 24.626437436789274 63.3424625210464 1015.2298557050526
leaf_count=127 111 749 94 236 3534
internal_value=-0.000276587 8.02028e-05 -0.0038206 -0.00666475 -0.000210446
internal_weight=1379.93 1256.09 123.838 87.9689 1222.71
internal_count=4851 4394 457 330 4283
is_linear=0
shrinkage=0.03


end of trees

feature_importances:
Column_3=271
Column_0=259
Column_2=234
Column_1=154
Column_7=48
Column_4=30
Column_5=21
Column_6=4

parameters:
[boosting: gbdt]
[objective: lambdarank]
[metric: ndcg]
[tree_learner: serial]
[device_type: cpu]
[data_sample_strategy: bagging]
[data: ]
[valid: ]
[num_iterations: 180]
[learning_rate: 0.03]
[num_leaves: 7]
[num_threads: 1]
[seed: 17]
[deterministic: 1]
[force_col_wise: 1]
[force_row_wise: 0]
[histogram_pool_size: -1]
[max_depth: 3]
[min_data_in_leaf: 80]
[min_sum_hessian_in_leaf: 0.001]
[bagging_fraction: 0.8]
[pos_bagging_fraction: 1]
[neg_bagging_fraction: 1]
[bagging_freq: 1]
[bagging_seed: 26602]
[bagging_by_query: 0]
[feature_fraction: 0.8]
[feature_fraction_bynode: 1]
[feature_fraction_seed: 18297]
[extra_trees: 0]
[extra_seed: 13015]
[early_stopping_round: 0]
[early_stopping_min_delta: 0]
[first_metric_only: 0]
[max_delta_step: 0]
[lambda_l1: 2]
[lambda_l2: 20]
[linear_lambda: 0]
[min_gain_to_split: 0]
[drop_rate: 0.1]
[max_drop: 50]
[skip_drop: 0.5]
[xgboost_dart_mode: 0]
[uniform_drop: 0]
[drop_seed: 30017]
[top_rate: 0.2]
[other_rate: 0.1]
[min_data_per_group: 100]
[max_cat_threshold: 32]
[cat_l2: 10]
[cat_smooth: 10]
[max_cat_to_onehot: 4]
[top_k: 20]
[monotone_constraints: ]
[monotone_constraints_method: basic]
[monotone_penalty: 0]
[feature_contri: ]
[forcedsplits_filename: ]
[refit_decay_rate: 0.9]
[cegb_tradeoff: 1]
[cegb_penalty_split: 0]
[cegb_penalty_feature_lazy: ]
[cegb_penalty_feature_coupled: ]
[path_smooth: 0]
[interaction_constraints: ]
[verbosity: -1]
[saved_feature_importance_type: 0]
[use_quantized_grad: 0]
[num_grad_quant_bins: 4]
[quant_train_renew_leaf: 0]
[stochastic_rounding: 1]
[linear_tree: 0]
[max_bin: 255]
[max_bin_by_feature: ]
[min_data_in_bin: 3]
[bin_construct_sample_cnt: 200000]
[data_random_seed: 94]
[is_enable_sparse: 1]
[enable_bundle: 1]
[use_missing: 1]
[zero_as_missing: 0]
[feature_pre_filter: 1]
[pre_partition: 0]
[two_round: 0]
[header: 0]
[label_column: ]
[weight_column: ]
[group_column: ]
[ignore_column: ]
[categorical_feature: ]
[forcedbins_filename: ]
[precise_float_parser: 0]
[parser_config_file: ]
[objective_seed: 20363]
[num_class: 1]
[is_unbalance: 0]
[scale_pos_weight: 1]
[sigmoid: 1]
[boost_from_average: 1]
[reg_sqrt: 0]
[alpha: 0.9]
[fair_c: 1]
[poisson_max_delta_step: 0.7]
[tweedie_variance_power: 1.5]
[lambdarank_truncation_level: 30]
[lambdarank_norm: 1]
[label_gain: 0,1,2,3]
[lambdarank_position_bias_regularization: 0]
[eval_at: 2]
[multi_error_top_k: 1]
[auc_mu_weights: ]
[num_machines: 1]
[local_listen_port: 12400]
[time_out: 120]
[machine_list_filename: ]
[machines: ]
[gpu_platform_id: -1]
[gpu_device_id: -1]
[gpu_device_id_list: ]
[gpu_use_dp: 0]
[num_gpu: 1]

end of parameters

pandas_categorical:null
