tree
version=v4
num_class=1
num_tree_per_iteration=1
label_index=0
max_feature_idx=23
objective=lambdarank
feature_names=Column_0 Column_1 Column_2 Column_3 Column_4 Column_5 Column_6 Column_7 Column_8 Column_9 Column_10 Column_11 Column_12 Column_13 Column_14 Column_15 Column_16 Column_17 Column_18 Column_19 Column_20 Column_21 Column_22 Column_23
feature_infos=[-2.8707199096679688:1.3665225505828857] [-1.3829426765441895:2.5005612373352051] [-1.2473015785217285:2.8120923042297363] [-2.4748332500457764:2.6832125186920166] [-0.66183751821517944:1.6389422416687012] [-2.6019799709320068:1.1305116415023804] [-1.0771976709365845:3.0370988845825195] [-3.5495328903198242:1.9016095399856567] [-2.1968531608581543:2.1679477691650391] [-1.0730923414230347:1.9400030374526978] [-0.21451142430305481:2.8151693344116211] [-2.9535558223724365:2.4795088768005371] [-2.4684848785400391:3.1746187210083008] [-4.3413271903991699:1.7943376302719116] [-1.2829312086105347:4.3881587982177734] [-2.6704778671264648:2.63877272605896] [-4.3478174209594727:1.5158103704452515] [-2.7775058746337891:2.9774856567382812] [-4.8661012649536133:1.0569585561752319] [-3.5699975490570068:2.0383784770965576] [0:1] [0:1] [0:1] [0:1]
tree_sizes=879 690 906 901 898 902 880 897 687 901 905 903 897 899 895 903 906 902 878 901 897 878 902 901 906 903 901 901 687 904 688 897 794 895 884 877 895 891 686 791 902 690 898 891 902 899 753 881 895 887 888 769 897 670 770 876 884 908 893 901 777 902 877 670 794 896 696 882 897 907 896 885 904 896 903 892 870 905 901 906 688 878 902 877 899 908 885 907 883 691 905 694 855 908 694 894 901 790 908 793 904 693 866 896 905 888 892 902 903 906 907 901 894 774 901 799 897 905 884 801 907 909 885 689 779 902 856 902 901 901 906 905 907 911 884 875 897 859 909 862 907 903 902 892 879 791 888 910 898 795 777 904 893 904 771 690 691 883 899 901 908 694 900 895 884 885 681 693 894 902 863 904 910 667 900 902 585 878 865 911

Tree=0
num_leaves=7
num_cat=0
split_feature=14 0 12 10 11 1
split_gain=5.32152 5.03562 3.82656 3.18452 2.424 1.89542
threshold=0.037771372124552734 -1.6004812121391294 1.0956071019172671 0.65637439489364635 0.42472471296787268 0.20157337188720706
decision_type=2 2 2 2 2 2
left_child=1 2 -1 -2 -5 -3
right_child=3 5 -4 4 -6 -7
leaf_value=-0.0069205222271657898 0.004807170545864551 0.0097584076956177337 0.0039588579096832156 -0.0056831118572862084 0.00020880330502154421 0
leaf_weight=39.047332439571619 18.726192936301231 67.417853392660618 32.82041073590517 187.24187208898365 61.138606732711196 19.198228497058153
leaf_count=452 246 863 370 2096 583 239
internal_value=-0.000345996 0.00358856 -0.00151881 -0.00297685 -0.00410178 0.00787902
internal_weight=425.59 158.484 71.8677 267.107 248.38 86.6161
internal_count=4849 1924 822 2925 2679 1102
is_linear=0
shrinkage=0.03


Tree=1
num_leaves=5
num_cat=0
split_feature=14 11 4 0
split_gain=58.6085 43.6333 38.2159 32.0287
threshold=-0.92279040813446034 -0.45424377918243403 -0.41315540671348566 -1.5514461398124693
decision_type=2 2 2 2
left_child=-1 3 -3 -2
right_child=1 2 -4 -5
leaf_value=0.021473957888413709 -0.011554116960727565 0.016435330372015916 0.00053790303986927862 -9.341259215375697e-05
leaf_weight=91.419559419155121 455.00382205471396 127.80903777107596 1878.9118080511689 428.42732059955597
leaf_count=93 824 237 3023 648
internal_value=0.000104346 -0.000693922 0.00173222 -0.00618768
internal_weight=2981.57 2890.15 2006.72 883.431
internal_count=4825 4732 3260 1472
is_linear=0
shrinkage=0.03


Tree=2
num_leaves=7
num_cat=0
split_feature=14 16 2 11 11 21
split_gain=49.8026 48.696 40.7948 43.3451 40.4902 32.8685
threshold=0.027295416221022609 0.54313862323760997 0.019736572168767456 -0.60630220174789418 -0.10255805030465125 1.0000000180025095e-35
decision_type=2 2 2 2 2 2
left_child=1 -1 3 -2 -3 -4
right_child=2 4 5 -5 -6 -7
leaf_value=-0.0012847106610961584 -0.01177334591337467 0.0013622511435050649 -0.003538061149181987 0.0038330972499424072 0.016226449325639818 -0.017116336678132303
leaf_weight=670.76145178452134 179.20083705708385 304.34706015884876 478.49096569791436 789.25675615668297 378.43261188268661 246.38837929069996
leaf_count=986 349 403 808 1363 491 459
internal_value=0.000108571 0.00438251 -0.00328399 0.000704835 0.00991348 -0.00856956
internal_weight=3046.88 1353.54 1693.34 968.458 682.78 724.879
internal_count=4859 1880 2979 1712 894 1267
is_linear=0
shrinkage=0.03


Tree=3
num_leaves=7
num_cat=0
split_feature=14 10 2 18 0 13
split_gain=55.9688 57.406 45.6879 44.9945 61.8368 28.2571
threshold=0.037771372124552734 0.59429049491882335 0.019736572168767456 -1.4852403402328489 -1.578825771808624 0.38940633833408361
decision_type=2 2 2 2 2 2
left_child=3 -2 -3 5 -5 -1
right_child=1 2 -4 4 -6 -7
leaf_value=-0.017671776502700322 0.017085005780405508 -0.00030961898919433327 -0.01106601599037573 -0.0011066848081150217 0.012998427627311173 0.0043616323027999048
leaf_weight=97.469565719366074 96.201066851615906 879.00192928314209 592.03322473168373 450.28197101131082 676.47408840805292 76.666685789823532
leaf_count=147 166 1575 1230 711 907 109
internal_value=0.000586027 -0.0031916 -0.00476925 0.00516192 0.00738833 -0.00821213
internal_weight=2868.13 1567.24 1471.04 1300.89 1126.76 174.136
internal_count=4845 2971 2805 1874 1618 256
is_linear=0
shrinkage=0.03


Tree=4
num_leaves=7
num_cat=0
split_feature=14 14 11 14 10 3
split_gain=32.2885 44.7322 44.2864 40.1803 31.7628 18.2058
threshold=0.08513751253485681 -0.29454126954078669 -0.24521095305681226 -0.96613135933876026 0.59429049491882335 -1.0922257304191587
decision_type=2 2 2 2 2 2
left_child=1 3 -3 -1 -2 -6
right_child=4 2 -4 -5 5 -7
leaf_value=0.017795927200518018 0.012213622002845767 -0.00013336113276889993 0.01463088879031 -0.0055537591598574286 -0.0084655652776434789 -0.001218157098446089
leaf_weight=55.621712356805801 96.188775345683098 298.90246112644672 419.42227059602737 498.9713861644268 507.71764607354999 841.77989447489381
leaf_count=71 158 469 640 795 1018 1679
internal_value=0.000230774 0.0037049 0.00856887 -0.00256962 -0.00279605 -0.00407245
internal_weight=2718.6 1272.92 718.325 554.593 1445.69 1349.5
internal_count=4830 1975 1109 866 2855 2697
is_linear=0
shrinkage=0.03


Tree=5
num_leaves=7
num_cat=0
split_feature=12 21 4 6 2 3
split_gain=32.1159 38.542 30.4009 24.8529 24.413 32.6245
threshold=0.71061390638351452 1.0000000180025095e-35 -0.14821236580610272 -0.16896843910217282 0.17262800782918933 -1.5363268256187437
decision_type=2 2 2 2 2 2
left_child=4 2 -2 -3 5 -1
right_child=1 3 -4 -5 -6 -7
leaf_value=-0.01667992645960012 0.010779002398853228 0.0050646721377775135 0.001055671002281718 -0.012904046863259178 -0.011611609786225793 0.00078807973177824457
leaf_weight=89.194290786981583 476.00678713619709 85.324996784329414 744.62515213340521 185.95319500565529 264.50688590109348 762.31658589094877
leaf_count=161 850 182 1344 426 510 1380
internal_value=-0.000136591 0.00270483 0.00500846 -0.00708667 -0.00396861 -0.00131361
internal_weight=2607.93 1491.91 1220.63 271.278 1116.02 851.511
internal_count=4853 2802 2194 608 2051 1541
is_linear=0
shrinkage=0.03


Tree=6
num_leaves=7
num_cat=0
split_feature=12 10 14 10 6 14
split_gain=38.4017 50.8694 31.5709 42.5432 23.9071 18.8065
threshold=0.71061390638351452 0.66497108340263378 -0.84353277087211598 0.97447329759597789 -0.2035764083266258 -0.20765239000320432
decision_type=2 2 2 2 2 2
left_child=1 5 -2 -4 -3 -1
right_child=2 4 3 -5 -6 -7
leaf_value=0 0.023914746846544089 0.00061376135912993293 -0.0069553609129426744 0.0050329196367046173 -0.01044255179785711 0.016722349436403078
leaf_weight=113.5446330755949 44.172907382249832 225.12575303018093 327.09541361778975 1104.9143133535981 627.22177086770535 97.440549537539482
leaf_count=220 64 427 669 2069 1249 164
internal_value=5.90836e-05 -0.00421928 0.00319621 0.00219518 -0.00750641 0.0083006
internal_weight=2539.52 1063.33 1476.18 1432.01 852.348 210.985
internal_count=4862 2060 2802 2738 1676 384
is_linear=0
shrinkage=0.03


Tree=7
num_leaves=7
num_cat=0
split_feature=12 10 0 11 17 17
split_gain=28.7384 59.0993 48.8586 39.7411 37.2645 23.9541
threshold=2.1142110824584965 1.135195314884186 -1.5649095773696897 0.18401075899600985 1.6409689188003542 2.3260428905487065
decision_type=2 2 2 2 2 2
left_child=2 -2 3 -1 -4 -3
right_child=1 5 4 -5 -6 -7
leaf_value=-0.010869006011057763 -0.0073297681881116447 0.014002497991291158 -0.00057231150915679717 0.0028313551627183577 0.014085284881246355 -0.0031666457876429457
leaf_weight=672.6914062127471 219.97234717011452 371.57427952438593 688.26546407490969 244.49787998199463 178.87923175096512 75.314944356679916
leaf_count=1391 481 666 1273 495 323 155
internal_value=-0.000389208 0.00480773 -0.00239648 -0.00717035 0.00263308 0.0109687
internal_weight=2451.2 666.862 1784.33 917.189 867.145 446.889
internal_count=4784 1302 3482 1886 1596 821
is_linear=0
shrinkage=0.03


Tree=8
num_leaves=5
num_cat=0
split_feature=14 11 17 4
split_gain=26.3892 26.8312 26.9126 22.0287
threshold=-0.96613135933876026 -0.10255805030465125 1.7040384411811831 -0.14821236580610272
decision_type=2 2 2 2
left_child=-1 3 -3 -2
right_child=1 2 -4 -5
leaf_value=0.01915895440926401 0.0014442114002092437 0.00032110688974904071 0.011015992710061519 -0.0066477268039579094
leaf_weight=44.541134476661682 482.05904224514961 903.14764354377985 262.35726641118526 725.89794941991568
leaf_count=76 1007 1791 505 1461
internal_value=0.000217378 -0.000270141 0.00292439 -0.00339869
internal_weight=2418 2373.46 1165.5 1207.96
internal_count=4840 4764 2296 2468
is_linear=0
shrinkage=0.03


Tree=9
num_leaves=7
num_cat=0
split_feature=16 3 4 3 2 16
split_gain=36.8796 24.8086 27.2185 27.141 24.2719 21.4991
threshold=0.53497937321662914 -1.5363268256187437 -0.25671680271625513 0.42987436056137091 0.1918386518955231 0.21643318235874179
decision_type=2 2 2 2 2 2
left_child=4 2 -2 -3 -1 -6
right_child=1 3 -4 -5 5 -7
leaf_value=-0.001719033228994386 -0.018759087925370788 0.0077078899832729265 0.00058363692015384874 -0.0070675162255254718 -0.0021660324660028128 -0.019868647623445125
leaf_weight=847.93126998096704 61.211341589689255 789.73341116309166 305.56132031232119 109.61709669977427 128.32838766276836 130.64697220921516
leaf_count=1704 126 1569 640 237 265 287
internal_value=-0.000390557 0.00305711 -0.00329248 0.00572716 -0.00437165 -0.0120958
internal_weight=2373.03 1266.12 366.773 899.351 1106.91 258.975
internal_count=4828 2572 766 1806 2256 552
is_linear=0
shrinkage=0.03


Tree=10
num_leaves=7
num_cat=0
split_feature=11 2 4 15 10 16
split_gain=26.7974 24.3498 24.5765 21.1259 13.4744 20.6284
threshold=-0.60630220174789418 0.025528560392558578 -0.1494541987776756 -1.3402957320213316 1.4562945365905764 0.59371039271354686
decision_type=2 2 2 2 2 2
left_child=4 2 -2 -3 5 -1
right_child=1 3 -4 -5 -6 -7
leaf_value=-0.0026396291491473565 0.0094094804486961354 -0.0089863446863735468 0.00028591985986946582 0.0012163337744127368 0.00039373357646369753 -0.018056624499959435
leaf_weight=210.51528577506542 494.21141047030687 256.16843050718307 581.81188175827265 505.42263879626989 183.90380202233791 125.88188378512859
leaf_count=471 985 571 1130 1033 371 279
internal_value=2.33452e-06 0.00173765 0.0046263 -0.0022808 -0.0058529 -0.00926665
internal_weight=2357.92 1837.61 1076.02 761.591 520.301 336.397
internal_count=4840 3719 2115 1604 1121 750
is_linear=0
shrinkage=0.03


Tree=11
num_leaves=7
num_cat=0
split_feature=4 12 7 4 10 16
split_gain=30.0823 36.6251 31.9645 29.8228 23.7676 16.3476
threshold=-0.14396727830171582 2.3917950391769414 0.4590949565172196 0.61123332381248485 0.67282935976982128 0.52632048726081859
decision_type=2 2 2 2 2 2
left_child=1 4 5 -4 -1 -2
right_child=2 -3 3 -5 -6 -7
leaf_value=0.011437411320901588 -0.0028395898461164677 0.015810096925924624 -0.011462065556454184 0.0040731763143193158 -0.0015386034379160213 0.0055730528146167545
leaf_weight=136.02349572628736 444.00372428447008 165.63568380475044 480.65934361517429 125.23613421618938 648.53128324449062 352.46903255581856
leaf_count=256 901 330 1058 225 1401 690
internal_value=-0.000243615 0.00380422 -0.00304338 -0.00812758 0.000864951 0.000855153
internal_weight=2352.56 950.19 1402.37 605.895 784.555 796.473
internal_count=4861 1987 2874 1283 1657 1591
is_linear=0
shrinkage=0.03


Tree=12
num_leaves=7
num_cat=0
split_feature=1 12 10 10 5 0
split_gain=20.7327 18.4947 37.3917 24.999 12.6282 20.3595
threshold=-0.0027208272367715831 1.4317271709442141 1.0647503733634951 0.59429049491882335 0.30061085522174841 -1.9740086197853086
decision_type=2 2 2 2 2 2
left_child=4 3 -3 -2 -1 -6
right_child=1 2 -4 -5 5 -7
leaf_value=0.00092380191998227658 0.0081661916535086462 -0.01224052862201091 0.0063993950436227109 -0.0083285639811938039 -0.0020759437491094405 0.013731119745329716
leaf_weight=928.83782251924276 76.1886215955019 109.85198770463467 355.03081922978163 570.8936293721199 99.165377259254456 179.4593635648489
leaf_count=1933 149 270 708 1233 212 351
internal_value=1.82398e-05 -0.00288462 0.00154782 -0.00610989 0.00274384 0.00814206
internal_weight=2319.43 1111.97 464.883 647.082 1207.46 278.625
internal_count=4856 2360 978 1382 2496 563
is_linear=0
shrinkage=0.03


Tree=13
num_leaves=7
num_cat=0
split_feature=2 15 6 2 16 5
split_gain=20.6617 18.2402 25.7643 18.8875 11.2745 8.77183
threshold=0.2355664670467377 -1.35351026058197 -0.090537354350090013 -0.36701470613479609 0.5218908190727235 -0.45956502854824061
decision_type=2 2 2 2 2 2
left_child=1 2 -1 -3 5 -2
right_child=4 3 -4 -5 -6 -7
leaf_value=0.0036684679248607517 0.001049300838057988 -0.0055418253285664416 -0.0079676832921682095 0.0052328982451595781 -0.00059735945997105907 -0.013645042086340339
leaf_weight=308.18822300434113 33.840606734156609 147.28554943948984 332.64101215451956 1067.4202414527535 217.73253983259201 149.49099486321211
leaf_count=650 82 306 750 2216 467 364
internal_value=0.000280805 0.00165153 -0.00233916 0.00380924 -0.00569564 -0.0108012
internal_weight=2256.6 1855.54 640.829 1214.71 401.064 183.332
internal_count=4835 3922 1400 2522 913 446
is_linear=0
shrinkage=0.03


Tree=14
num_leaves=7
num_cat=0
split_feature=3 18 16 3 12 8
split_gain=17.9904 21.6869 16.9905 32.305 15.2219 5.06403
threshold=0.55922400951385509 0.28451934456825262 0.53073823451995861 -1.5611675977706907 2.5000742673873906 -0.093020640313625322
decision_type=2 2 2 2 2 2
left_child=2 5 4 -4 -1 -2
right_child=1 -3 3 -5 -6 -7
leaf_value=-0.0037359954294093594 0.0033774426892117294 -0.017873792153443525 -0.0047742110054613505 0.0061859960157487869 0.0093790873910157783 -0.0073252658295256835
leaf_weight=811.59375466406345 102.36154635250568 90.486410990357399 318.63621735572815 810.29891908168793 66.842056907713413 38.924009621143341
leaf_count=1777 232 197 711 1675 147 85
internal_value=-0.000339068 -0.00791659 0.000575708 0.00301105 -0.00248469 0
internal_weight=2239.14 231.772 2007.37 1128.94 878.436 141.286
internal_count=4824 514 4310 2386 1924 317
is_linear=0
shrinkage=0.03


Tree=15
num_leaves=7
num_cat=0
split_feature=2 11 12 21 17 19
split_gain=18.8465 24.4337 21.864 29.0587 22.4075 18.6712
threshold=-0.01445229211822152 -0.60630220174789418 0.81506669521331798 1.0000000180025095e-35 1.7379158735275271 1.4178278446197512
decision_type=2 2 2 2 2 2
left_child=1 -1 4 -4 -2 -3
right_child=2 5 3 -5 -6 -7
leaf_value=-0.0048162481073550558 -0.011214959988774989 0.0069467294948074212 0.0041077677420060729 -0.012540297827920301 0.003594242276579352 -0.0056689134064284892
leaf_weight=246.54406178742647 321.06747862696648 824.78501413017511 531.10887009650469 93.234100006520748 107.49220047146082 100.13345777988434
leaf_count=559 751 1664 1092 280 248 217
internal_value=0.000561737 0.0031757 -0.00229563 0.00121649 -0.00737209 0.00542636
internal_weight=2224.37 1171.46 1052.9 624.343 428.56 924.918
internal_count=4811 2440 2371 1372 999 1881
is_linear=0
shrinkage=0.03


Tree=16
num_leaves=7
num_cat=0
split_feature=4 12 16 4 7 16
split_gain=23.0468 24.8537 19.6603 18.3315 25.2421 19.2741
threshold=-0.14821236580610272 1.9948381781578066 -0.015302859246730803 0.61123332381248485 0.017588604241609577 -0.31856465339660639
decision_type=2 2 2 2 2 2
left_child=1 2 -1 4 -2 -5
right_child=3 -3 -4 5 -6 -7
leaf_value=-0.01119491942953651 0.00092514231835062299 0.011569979818373027 0.0028230706550233333 -0.0082639358373395571 -0.0080277398861044943 0.0099835567389845274
leaf_weight=86.893079213798046 497.01108245551586 246.30149941891432 539.4923599101603 51.456465348601341 597.53448842093349 168.40876668691635
leaf_count=194 1049 501 1229 106 1428 304
internal_value=0.000124739 0.00388034 0.000499434 -0.00234457 -0.00396493 0.00512987
internal_weight=2187.1 872.687 626.385 1314.41 1094.55 219.865
internal_count=4811 1924 1423 2887 2477 410
is_linear=0
shrinkage=0.03


Tree=17
num_leaves=7
num_cat=0
split_feature=13 16 8 14 15 16
split_gain=26.6177 18.5503 19.585 17.9876 8.09366 9.66387
threshold=1.0922019481658938 0.53497937321662914 0.49968318641185766 0.027295416221022609 -1.1589023470878599 0.61130049824714672
decision_type=2 2 2 2 2 2
left_child=1 2 -1 -3 -2 -6
right_child=4 3 -4 -5 5 -7
leaf_value=0.00045457836448936525 -0.015360036023711813 0.0088852837820788694 -0.011744615766721374 0.00097438194539471777 0.006687511638333421 -0.0098639301203725816
leaf_weight=808.0831154063344 88.673695884644985 454.65246846526861 117.11772595345974 624.19734261184931 40.564001262187958 44.385116375982761
leaf_count=1856 209 838 241 1521 91 103
internal_value=0.000778937 0.00181376 -0.00124203 0.00446386 -0.00980928 -0.00162048
internal_weight=2177.67 2004.05 925.201 1078.85 173.623 84.9491
internal_count=4859 4456 2097 2359 403 194
is_linear=0
shrinkage=0.03


Tree=18
num_leaves=7
num_cat=0
split_feature=0 7 17 12 18 14
split_gain=16.8653 31.7445 26.0611 24.9315 22.944 21.8418
threshold=-1.4725311398506162 1.285292983055115 1.7040384411811831 2.3917950391769414 -0.10239404067397116 0.073359530419111266
decision_type=2 2 2 2 2 2
left_child=1 3 5 -1 -3 -2
right_child=2 4 -4 -5 -6 -7
leaf_value=-0.0020096858162233114 0.0057040285021970798 0 0.012701553732934894 0.0092096503005918637 -0.024811209713693168 -0.0047122033950082395
leaf_weight=927.95207182690501 367.00443516671658 48.317085132002831 204.67912447452545 199.44120655953884 64.763134814798832 317.9115987457335
leaf_count=2132 716 117 434 442 154 789
internal_value=0.000686682 -0.00153318 0.00381373 4.87112e-05 -0.0153924 0.000787578
internal_weight=2130.07 1240.47 889.595 1127.39 113.08 684.916
internal_count=4784 2845 1939 2574 271 1505
is_linear=0
shrinkage=0.03


Tree=19
num_leaves=7
num_cat=0
split_feature=1 14 18 12 5 10
split_gain=18.1402 20.9229 18.0566 16.2173 13.7 11.6151
threshold=0.18991009891033175 0.047018894925713546 -1.8053633570671079 1.144815266132355 -0.38617046177387232 0.65637439489364635
decision_type=2 2 2 2 2 2
left_child=1 2 -1 4 -2 -3
right_child=3 5 -4 -5 -6 -7
leaf_value=-0.0056358797077799326 0.0021412835494468846 0.0081419258512242382 0.0075597553964467257 0.00085689286100534704 -0.013139768600283383 -0.0021970239850184073
leaf_weight=88.950657144188881 54.960741624236107 89.011059433221817 620.84821920096874 235.83593685925007 194.50258229672909 847.47674556076527
leaf_count=178 122 198 1256 539 488 2084
internal_value=0.00035952 0.00189182 0.00571476 -0.00458892 -0.00964139 -0.0010019
internal_weight=2131.59 1646.29 709.799 485.299 249.463 936.488
internal_count=4865 3716 1434 1149 610 2282
is_linear=0
shrinkage=0.03


Tree=20
num_leaves=7
num_cat=0
split_feature=1 15 6 18 12 17
split_gain=18.9165 14.0058 23.6573 17.3288 12.9609 14.9464
threshold=0.37342086434364324 -1.2736093401908872 -0.037851268425583832 -1.1942389607429502 1.144815266132355 1.6409689188003542
decision_type=2 2 2 2 2 2
left_child=1 2 -1 -3 5 -2
right_child=4 3 -4 -5 -6 -7
leaf_value=0.0030794753212861898 -0.020039774651236637 -0.0040602855764158858 -0.0076956723563201762 0.0050666144352889912 0.00020861973599435775 0.00097857113252406368
leaf_weight=372.34517116844654 76.27235946804285 207.0438970848918 319.61392395943403 981.93381235748529 90.26209445297718 34.292272835969925
leaf_count=868 196 472 804 2200 198 80
internal_value=0.000426339 0.00141468 -0.00188963 0.00338679 -0.00784844 -0.01391
internal_weight=2081.76 1880.94 691.959 1188.98 200.827 110.565
internal_count=4818 4344 1672 2672 474 276
is_linear=0
shrinkage=0.03


Tree=21
num_leaves=7
num_cat=0
split_feature=16 5 11 4 4 4
split_gain=14.3838 21.2683 17.7713 18.1957 17.1048 16.9511
threshold=-0.44850353896617884 -0.31582267582416529 -0.37078122794628138 0.61123332381248485 0.45315027236938482 -0.1494541987776756
decision_type=2 2 2 2 2 2
left_child=1 4 3 -2 -1 -4
right_child=2 -3 5 -5 -6 -7
leaf_value=0.014134460325855275 -0.0050140316181169469 -0.016814619682219978 0.0068996414661842524 0.009707621557351229 -0.0088509682594677275 0
leaf_weight=39.148821517825127 548.52962904423475 83.987154386937618 551.5092690885067 66.041160553693771 36.11957086622715 750.16671277582645
leaf_count=82 1353 182 1243 144 86 1747
internal_value=0.000233713 -0.00786129 0.00101171 -0.00308141 0.00293197 0.00300701
internal_weight=2075.5 159.256 1916.25 614.571 75.2684 1301.68
internal_count=4837 350 4487 1497 168 2990
is_linear=0
shrinkage=0.03


Tree=22
num_leaves=7
num_cat=0
split_feature=0 11 17 3 4 21
split_gain=14.9663 33.8908 33.626 30.1971 22.5486 14.1186
threshold=-1.5514461398124693 0.13201919943094256 1.6409689188003542 -1.08458536863327 0.15260022133588794 1.0000000180025095e-35
decision_type=2 2 2 2 2 2
left_child=1 3 -2 -1 -4 -3
right_child=2 5 4 -5 -6 -7
leaf_value=-0.014155305580012607 -0.00010761601196506752 0.0082714208765730622 0.017342719628047766 -0.0011318805280805743 -0.0018650985451140582 -0.0041817297145904115
leaf_weight=233.05889838188887 717.49039125069976 288.85693855583668 179.92441441118717 479.37847978249192 63.529186308383942 90.371045827865601
leaf_count=560 1664 632 394 1188 130 250
internal_value=0.000452501 -0.00190185 0.00317253 -0.00574433 0.0123416 0.00509269
internal_weight=2052.61 1091.67 960.944 712.437 243.454 379.228
internal_count=4818 2630 2188 1748 524 882
is_linear=0
shrinkage=0.03


Tree=23
num_leaves=7
num_cat=0
split_feature=8 13 10 7 3 16
split_gain=13.7618 16.3213 15.4029 15.8331 13.2609 10.5709
threshold=0.41467186808586126 0.21385134011507037 0.56789225339889537 -0.81180536746978749 -1.2648686766624448 0.37830395996570593
decision_type=2 2 2 2 2 2
left_child=2 -2 4 -4 -1 -3
right_child=1 5 3 -5 -6 -7
leaf_value=-0.0031246968781950806 -0.014966127660515789 -0.0071162774278494597 0.0062476860868022838 -0.0016427856501244544 0.012985460522771997 0.0088927766304931523
leaf_weight=48.896844103932381 98.436396509408951 53.365004025399685 252.2475987970829 1391.9569275155663 131.60123568028212 53.881433412432671
leaf_count=114 235 113 581 3358 290 124
internal_value=-0.000245273 -0.00725624 0.00058259 -0.000335671 0.00844562 0.000588821
internal_weight=2030.39 205.683 1824.7 1644.2 180.498 107.246
internal_count=4815 472 4343 3939 404 237
is_linear=0
shrinkage=0.03


Tree=24
num_leaves=7
num_cat=0
split_feature=2 21 10 13 3 13
split_gain=15.3686 17.5295 18.2022 12.9246 12.3979 16.914
threshold=0.028445742093026642 1.0000000180025095e-35 0.70962950587272655 0.38940633833408361 -1.5363268256187437 -0.071759976446628557
decision_type=2 2 2 2 2 2
left_child=4 3 -3 -2 -1 -6
right_child=1 2 -4 -5 5 -7
leaf_value=-0.0030991828872451916 0.0034385653031842071 0.0058629169232099296 -0.016294924567010989 -0.0046338642912878564 -0.0026342785440669671 0.0062155062111503281
leaf_weight=278.84437298029661 315.07068642228842 27.621099427342415 123.36059824563563 356.22519528120756 243.154052272439 693.51001734286547
leaf_count=659 726 93 411 825 569 1529
internal_value=2.30179e-05 -0.0030727 -0.0116787 -0.000768432 0.00218164 0.00384838
internal_weight=2037.79 822.278 150.982 671.296 1215.51 936.664
internal_count=4812 2055 504 1551 2757 2098
is_linear=0
shrinkage=0.03


Tree=25
num_leaves=7
num_cat=0
split_feature=1 0 12 17 6 12
split_gain=19.3363 12.0039 30.8634 29.1035 5.92196 5.63655
threshold=0.37342086434364324 -1.5355938673019407 2.3917950391769414 1.5900504589080813 0.088539503514766707 1.1561296582221987
decision_type=2 2 2 2 2 2
left_child=1 2 -1 -3 -2 -6
right_child=4 3 -4 -5 5 -7
leaf_value=-0.0045582756854570423 4.7159761223873602e-05 -0.00037293132408821531 0.0085575665968688694 0.011935460959053576 -0.017015689603511658 -0.0033543919456561397
leaf_weight=801.33196584880352 35.730197288095951 637.68340322375298 179.55010878667235 212.38295911997557 75.595850501209497 73.557208582758904
leaf_count=1977 93 1472 420 460 218 165
internal_value=-0.000710125 0.000233466 -0.00197445 0.00283694 -0.00945821 -0.0118263
internal_weight=2015.83 1830.95 980.882 850.066 184.883 149.153
internal_count=4805 4329 2397 1932 476 383
is_linear=0
shrinkage=0.03


Tree=26
num_leaves=7
num_cat=0
split_feature=1 16 4 7 9 20
split_gain=11.6181 12.2239 17.1015 15.1831 7.1585 5.77382
threshold=0.19275278598070147 -0.12257436290383338 0.61123332381248485 -0.19823427498340604 -0.25823228061199183 1.0000000180025095e-35
decision_type=2 2 2 2 2 2
left_child=1 3 -3 -1 -2 -6
right_child=4 2 -4 -5 5 -7
leaf_value=0.0039369464004881958 0.0059800344292314858 0.0017953352483621851 0.0142975465640632 -0.010533724207893129 -0.0070309914306425688 0.0005621072328366632
leaf_weight=93.604867100715637 39.624828793108463 1299.717909026891 90.098791643977165 129.58893207460642 293.69474973157048 102.91324499249458
leaf_count=201 100 3128 168 305 760 253
internal_value=0.000558209 0.00176056 0.00283972 -0.0043935 -0.00363835 -0.00498429
internal_weight=2049.24 1613.01 1389.82 223.194 436.233 396.608
internal_count=4915 3802 3296 506 1113 1013
is_linear=0
shrinkage=0.03


Tree=27
num_leaves=7
num_cat=0
split_feature=4 4 7 1 7 3
split_gain=13.3367 20.8636 20.4882 17.0485 22.4725 14.4738
threshold=-0.14821236580610272 -0.10705211386084555 1.276182293891907 -0.0027208272367715831 0.40019832551479345 0.58660608530044567
decision_type=2 2 2 2 2 2
left_child=3 -2 -3 5 -5 -1
right_child=1 2 -4 4 -6 -7
leaf_value=0.0082915073623683385 -0.01051228718742298 0.0015757426115632464 -0.010623098050071639 -0.0091114247428279293 0.0054590605225271717 -0.0076614680639903072
leaf_weight=430.80669065192342 191.57036985456944 867.50436341762543 123.91273643821478 173.84075728058815 164.46341322362423 38.09450975060463
leaf_count=992 507 2059 316 446 408 95
internal_value=2.94499e-05 -0.00195714 -6.95269e-05 0.00299032 -0.00195133 0.00661233
internal_weight=1990.19 1182.99 991.417 807.205 338.304 468.901
internal_count=4823 2882 2375 1941 854 1087
is_linear=0
shrinkage=0.03


Tree=28
num_leaves=5
num_cat=0
split_feature=14 8 1 18
split_gain=14.4356 14.1754 16.1954 8.83416
threshold=-0.92279040813446034 0.41467186808586126 -0.21909716725349423 0.62981098890304577
decision_type=2 2 2 2
left_child=-1 2 -2 -3
right_child=1 3 -4 -5
leaf_value=0.013624879454768502 0.0054448669968574989 -0.010948025620815998 -0.0012601564251490153 0.0025492298967766652
leaf_weight=47.035812705755234 406.72294539958239 152.43410401791334 1314.5906337704509 40.902438931167126
leaf_count=98 938 365 3266 98
internal_value=-2.90395e-05 -0.000532862 0.000334033 -0.00784
internal_weight=1961.69 1914.65 1721.31 193.337
internal_count=4765 4667 4204 463
is_linear=0
shrinkage=0.03


Tree=29
num_leaves=7
num_cat=0
split_feature=6 7 8 19 12 18
split_gain=20.0034 15.6423 12.3324 14.6084 12.0337 9.14731
threshold=0.050533704459667213 0.24519682675600055 -0.18125595897436139 0.69181665778160106 1.3951832056045534 -0.31374093890190119
decision_type=2 2 2 2 2 2
left_child=1 4 3 -2 -1 -3
right_child=2 5 -4 -5 -6 -7
leaf_value=0.0020839606004441342 0.010392500309203101 0.0044206033045851873 -0.0087184256683274352 -0.002837602725418927 0.011075925423104755 -0.0030425228740282861
leaf_weight=344.08406598120928 69.410166785120964 197.2418732047081 247.36352280899882 435.21267903782427 239.88345872610807 431.5413141772151
leaf_count=823 174 473 598 1131 526 1074
internal_value=0.000267136 0.00266372 -0.00348906 -0.000576638 0.0061215 -0.000544842
internal_weight=1964.74 1212.75 751.986 504.623 583.968 628.783
internal_count=4799 2896 1903 1305 1349 1547
is_linear=0
shrinkage=0.03


Tree=30
num_leaves=5
num_cat=0
split_feature=14 11 14 0
split_gain=10.712 12.07 22.3884 13.541
threshold=-0.92279040813446034 0.37622424960136419 -0.33760254085063929 -1.5586418509483335
decision_type=2 2 2 2
left_child=-1 3 -3 -2
right_child=1 2 -4 -5
leaf_value=0.011604949401026559 -0.0047144501570740146 -0.01088497497810386 0.0058889230820984139 0.0010197161948890428
leaf_weight=47.001063123345375 759.87148331105709 64.023857556283474 437.23191329836845 668.78416721895337
leaf_count=97 1967 144 1026 1590
internal_value=-0.000149606 -0.000582742 0.0032959 -0.00201173
internal_weight=1976.91 1929.91 501.256 1428.66
internal_count=4824 4727 1170 3557
is_linear=0
shrinkage=0.03


Tree=31
num_leaves=7
num_cat=0
split_feature=8 13 10 16 0 5
split_gain=12.239 15.4982 13.9601 10.3183 9.17664 13.1993
threshold=0.41467186808586126 1.0280640721321108 0.59429049491882335 0.89452877640724193 -2.2535102367401119 0.064418081194162383
decision_type=2 2 2 2 2 2
left_child=1 2 -1 -3 -2 -6
right_child=4 3 -4 -5 5 -7
leaf_value=0.0088520254397240605 -0.017630856322088734 -0.0098194983781261843 0.00051356421969245367 0.0053765913235414046 -0.0099532528014117799 0.00542623790750996
leaf_weight=192.04264905303717 36.547802746295929 166.60679221153259 1387.9128622338176 31.892967447638512 82.181963466107845 75.956515498459339
leaf_count=443 92 436 3387 84 212 173
internal_value=-0.000163894 0.000615352 0.00166258 -0.00683469 -0.00695595 -0.00244956
internal_weight=1973.14 1778.46 1579.96 198.5 194.686 158.138
internal_count=4827 4350 3830 520 477 385
is_linear=0
shrinkage=0.03


Tree=32
num_leaves=6
num_cat=0
split_feature=5 8 13 6 13
split_gain=13.6753 14.1275 19.1773 15.9677 14.0996
threshold=0.57930499315261852 -0.30711987614631647 0.76155003905296337 0.050533704459667213 0.80267491936683666
decision_type=2 2 2 2 2
left_child=1 2 -1 -3 -2
right_child=4 3 -4 -5 -6
leaf_value=0.0039581794137878677 0.017128440628177592 0.00012773219256104185 -0.00416817821239545 -0.009244872753019653 -0.001771388957976842
leaf_weight=848.33406288176775 64.240864120423794 350.43395332992077 349.69458097219467 267.16215734928846 46.56142221391201
leaf_count=2090 133 860 897 673 110
internal_value=0.000284427 -0.000354861 0.00150741 -0.00399542 0.00967115
internal_weight=1926.43 1815.62 1198.03 617.596 110.802
internal_count=4763 4520 2987 1533 243
is_linear=0
shrinkage=0.03


Tree=33
num_leaves=7
num_cat=0
split_feature=0 17 19 19 16 18
split_gain=14.181 23.4321 17.8377 15.5206 15.0496 13.255
threshold=-1.5935321450233457 1.6409689188003542 1.3258370757102969 0.51650875806808483 0.47498486936092382 0.69213852286338817
decision_type=2 2 2 2 2 2
left_child=2 5 -1 -3 -4 -2
right_child=1 3 4 -5 -6 -7
leaf_value=-0.0012720934082745827 -0.0031491428557176085 -0.0054975343551220916 -0.020436142482505096 0.012017898287097439 -0.0034159832491531517 0.0071342801881559533
leaf_weight=762.69486201182008 609.97039163857698 38.79590667784214 74.315331302583218 216.31094777584076 134.50515414774418 115.70247998833656
leaf_count=1951 1468 77 199 494 368 281
internal_value=-0.00104948 0.00143988 -0.00360145 0.00893009 -0.0109921 -0.0012817
internal_weight=1952.3 980.78 971.515 255.107 208.82 725.673
internal_count=4838 2320 2518 571 567 1749
is_linear=0
shrinkage=0.03


Tree=34
num_leaves=7
num_cat=0
split_feature=1 14 0 0 23 0
split_gain=15.6822 12.95 16.5944 16.2739 4.37437 4.11836
threshold=0.37342086434364324 0.0057740756310522565 -1.3258519768714903 -2.4074462652206416 1.0000000180025095e-35 -2.1297811269760127
decision_type=2 2 2 2 2 2
left_child=1 2 -1 -3 5 -2
right_child=4 3 -4 -5 -6 -7
leaf_value=0.00020523775913353009 -0.00044579325473804695 0.0080313152420755599 0.0094412358682942257 -0.002283900136669576 0 -0.013671217743993274
leaf_weight=402.94165118038654 41.000624984502792 140.98172631114721 310.94008293002844 896.6724023707211 50.669961996376514 80.387593802064657
leaf_count=923 113 379 677 2379 109 237
internal_value=0.000487988 0.00139461 0.00445751 -0.000700317 -0.00761302 -0.0103235
internal_weight=1923.59 1751.54 713.882 1037.65 172.058 121.388
internal_count=4817 4358 1600 2758 459 350
is_linear=0
shrinkage=0.03


Tree=35
num_leaves=7
num_cat=0
split_feature=6 16 6 7 18 16
split_gain=15.0743 16.5002 12.9529 12.0945 11.7513 10.2207
threshold=0.050533704459667213 0.6564500927925111 0.26807782053947454 1.2536717653274538 0.6603221893310548 0.16955852508544925
decision_type=2 2 2 2 2 2
left_child=3 5 -3 4 -1 -2
right_child=1 2 -4 -5 -6 -7
leaf_value=0.0022098532435003778 0 -0.0015748222383478987 0.010786819637752154 -0.0055408122335239337 0.010118073331192575 -0.0093521122438420916
leaf_weight=887.61254750192165 170.11075968295336 186.89149358868599 97.922884441912174 114.2767545953393 206.45653715729713 278.49686420336366
leaf_count=2169 429 463 243 303 486 781
internal_value=0.000827992 -0.00248024 0.00290733 0.0028925 0.00391088 -0.00600686
internal_weight=1941.77 733.422 284.814 1208.35 1094.07 448.608
internal_count=4874 1916 706 2958 2655 1210
is_linear=0
shrinkage=0.03


Tree=36
num_leaves=7
num_cat=0
split_feature=2 5 5 0 7 6
split_gain=11.9148 11.9522 25.3166 20.1252 6.10602 6.39181
threshold=0.28416225314140325 0.22678767889738086 0.14858159422874453 -1.4725311398506162 -1.1957529783248899 0.45881570875644689
decision_type=2 2 2 2 2 2
left_child=1 2 -1 -3 -2 -6
right_child=4 3 -4 -5 5 -7
leaf_value=0.0016627392157260584 0.0039785409942032944 -3.8588410765175621e-05 -0.010333160023570633 0.010817069003235771 -0.009957461222759173 4.6452013990057961e-05
leaf_weight=896.83682969585061 34.643429219722748 320.66061156243086 170.95528567582369 256.944620475173 160.59921487048268 66.864097457379103
leaf_count=2241 93 826 451 587 440 177
internal_value=0.000496496 0.00148545 -0.000357339 0.00489049 -0.00516426 -0.00700821
internal_weight=1907.5 1645.4 1067.79 577.605 262.107 227.463
internal_count=4815 4105 2692 1413 710 617
is_linear=0
shrinkage=0.03


Tree=37
num_leaves=7
num_cat=0
split_feature=14 10 0 18 19 11
split_gain=11.769 16.3262 15.3275 18.0104 16.8833 12.2697
threshold=0.037771372124552734 0.59429049491882335 -1.5935321450233457 -1.4852403402328489 0.78535228967666637 0.42472471296787268
decision_type=2 2 2 2 2 2
left_child=2 -2 4 -4 -1 -3
right_child=1 5 3 -5 -6 -7
leaf_value=-0.012109036633885274 0.010600183421671121 -0.0048026086145395597 -0.0070905529209162295 0.0084265530788635301 0.001865496750984851 0.0027407490079479646
leaf_weight=85.971214555203915 64.440056033432484 796.01901667006314 59.73483294993639 414.02120076864958 261.71058288216591 229.20054040849209
leaf_count=228 167 2206 132 929 593 593
internal_value=0 -0.00200146 0.00270283 0.00614056 -0.00189751 -0.00303862
internal_weight=1911.1 1089.66 821.438 473.756 347.682 1025.22
internal_count=4848 2966 1882 1061 821 2799
is_linear=0
shrinkage=0.03


Tree=38
num_leaves=5
num_cat=0
split_feature=10 10 16 19
split_gain=12.2125 10.2647 19.8302 15.0123
threshold=0.1664056330919266 1.5867074131965639 0.83451113104820263 1.0708258748054507
decision_type=2 2 2 2
left_child=-1 3 -3 -2
right_child=1 2 -4 -5
leaf_value=0.014826893686986663 0.0016750571388286376 0.00014813391703317227 0.014275168116237654 -0.0046350007368322595
leaf_weight=30.084840908646584 618.06635238602757 432.699826721102 95.938130162656307 688.61499501764774
leaf_count=70 1567 1111 222 1835
internal_value=0.000195749 -0.000168994 0.00324822 -0.00162483
internal_weight=1865.4 1835.32 528.638 1306.68
internal_count=4805 4735 1333 3402
is_linear=0
shrinkage=0.03


Tree=39
num_leaves=6
num_cat=0
split_feature=13 14 6 5 7
split_gain=11.5478 11.5551 17.4635 12.09 9.60786
threshold=1.1694330573081972 2.5306080579757695 -0.0059312928933650247 0.2585196346044541 -0.055660495534539216
decision_type=2 2 2 2 2
left_child=1 3 -3 -1 -2
right_child=4 2 -4 -5 -6
leaf_value=7.999907660724727e-05 0.0017487383042938194 0.0018604119006724587 -0.01123730286967612 0.0061443352548317693 -0.016041014930798566
leaf_weight=1038.9530469253659 29.950383342802525 178.51226031035185 147.09088598564267 405.98272912949324 50.087891057133675
leaf_count=2679 77 477 451 950 148
internal_value=0.000115915 0.000700214 -0.00419075 0.00188547 -0.00976557
internal_weight=1850.58 1770.54 325.603 1444.94 80.0383
internal_count=4782 4557 928 3629 225
is_linear=0
shrinkage=0.03


Tree=40
num_leaves=7
num_cat=0
split_feature=3 12 6 16 9 10
split_gain=13.3678 34.3992 15.3682 13.0814 13.0056 9.9387
threshold=-1.5611675977706907 1.2384585142135622 -0.030268571339547631 0.57799619436264049 -0.2269320413470268 0.86446547508239757
decision_type=2 2 2 2 2 2
left_child=1 -1 4 -4 -2 -3
right_child=2 5 3 -5 -6 -7
leaf_value=-0.017458993849870652 -0.0015233541596998813 -0.010002588998567373 -0.0051020311887965053 0.0026429142319425525 0.0070858992329016803 0.003429530469584149
leaf_weight=108.71132937073708 199.91790274530649 39.675235643982887 392.04013619944453 346.93169622868299 519.0464170537889 255.01241005957127
leaf_count=294 492 113 1082 916 1270 642
internal_value=0.000176061 -0.00448965 0.00155091 -0.00141306 0.00463435 0.000909653
internal_weight=1861.34 403.399 1457.94 738.972 718.964 294.688
internal_count=4809 1049 3760 1998 1762 755
is_linear=0
shrinkage=0.03


Tree=41
num_leaves=5
num_cat=0
split_feature=14 11 17 17
split_gain=10.141 9.80584 9.75578 8.41944
threshold=-0.96613135933876026 -0.43763233721256251 0.027300927788019184 1.7040384411811831
decision_type=2 2 2 2
left_child=-1 2 -2 -3
right_child=1 3 -4 -5
leaf_value=0.013151609636518074 0.002950379376404706 -0.00018605234483446637 -0.005837994473968623 0.0053544731571997569
leaf_weight=32.033097162842751 129.96872384101152 987.36057808995247 413.77706391736865 300.6710139811039
leaf_count=76 326 2508 1176 747
internal_value=6.5823e-05 -0.000270184 -0.00360078 0.00112352
internal_weight=1863.81 1831.78 543.746 1288.03
internal_count=4833 4757 1502 3255
is_linear=0
shrinkage=0.03


Tree=42
num_leaves=7
num_cat=0
split_feature=2 15 6 6 5 6
split_gain=13.0369 9.6462 23.9174 15.3854 6.23059 5.16086
threshold=0.2355664670467377 -1.3402957320213316 -0.090537354350090013 -0.15868405252695081 -0.45956502854824061 0.25219543278217321
decision_type=2 2 2 2 2 2
left_child=1 2 -1 -3 -2 -6
right_child=4 3 -4 -5 5 -7
leaf_value=0.0035109648371537587 0.003775810191366811 -0.0022394023821491332 -0.0086830923430820991 0.005292644464576197 -0.011445980023841298 -0.0024057180009852668
leaf_weight=276.91572114825249 33.524124011397362 360.02475431188941 258.12040978297591 638.62672185525298 129.18471370637417 147.9153341203928
leaf_count=698 89 899 749 1590 380 421
internal_value=-0.000347078 0.000773878 -0.00236468 0.0025277 -0.00577521 -0.00730906
internal_weight=1844.31 1533.69 535.036 998.651 310.624 277.1
internal_count=4826 3936 1447 2489 890 801
is_linear=0
shrinkage=0.03


Tree=43
num_leaves=7
num_cat=0
split_feature=7 0 17 8 4 6
split_gain=11.1123 22.8647 16.3817 14.3615 15.4328 10.1939
threshold=1.285292983055115 -1.6662820577621458 1.5145261287689211 -0.54102730751037587 0.1058676950633526 0.05375731177628041
decision_type=2 2 2 2 2 2
left_child=3 -2 -3 4 -1 -5
right_child=1 2 -4 5 -6 -7
leaf_value=0.0018752803922043465 -0.016680311365952626 -0.0043998266968150145 0.015931030349667728 0.0014709508656606917 0.011386990226217693 -0.0052364524587501281
leaf_weight=664.00876432284713 75.076464056968689 83.694268986582756 33.396997362375259 479.33109810203314 194.1113841123879 317.39705428108573
leaf_count=1746 219 221 80 1221 487 857
internal_value=0.00080184 -0.00561571 0.00243949 0.00164106 0.00430555 -0.00119045
internal_weight=1847.02 192.168 117.091 1654.85 858.12 796.728
internal_count=4831 520 301 4311 2233 2078
is_linear=0
shrinkage=0.03


Tree=44
num_leaves=7
num_cat=0
split_feature=8 13 7 5 10 0
split_gain=11.2451 12.1671 15.1097 11.6003 9.67566 8.82458
threshold=-0.21088286489248273 0.71007806062698375 -0.055660495534539216 0.12178798392415048 0.40145395696163183 -1.174664258956909
decision_type=2 2 2 2 2 2
left_child=1 4 -3 -2 -1 -5
right_child=3 2 -4 5 -6 -7
leaf_value=0.014379881620864298 -0.0078076590014664942 0.0050878966974049382 -0.006159412824828671 -0.0029296049719076478 0.002333071120041968 0.0076301188938397704
leaf_weight=50.010096274316311 281.80681489408016 136.06004559248686 311.49559280276299 188.80503714084625 778.84471822530031 86.831794142723083
leaf_count=120 758 353 861 503 2054 207
internal_value=-0.000221314 0.00129797 -0.00254045 -0.00372847 0.0034523 0.000485132
internal_weight=1833.85 1276.41 447.556 557.444 828.855 275.637
internal_count=4856 3388 1214 1468 2174 710
is_linear=0
shrinkage=0.03


Tree=45
num_leaves=7
num_cat=0
split_feature=4 2 14 4 21 16
split_gain=17.1582 20.7158 15.6927 14.8455 10.6308 9.96008
threshold=-0.14396727830171582 0.064243398606777205 1.5694609284400942 -0.082279704511165605 1.0000000180025095e-35 0.56018421053886425
decision_type=2 2 2 2 2 2
left_child=1 2 -1 -2 -5 -3
right_child=3 5 -4 4 -6 -7
leaf_value=0.0023382554271218232 -0.0080046185939739618 -0.010013983562387837 0.012893814928789889 0.0015844034230465991 -0.00739943071623002 0.0017840870227523425
leaf_weight=331.6532785743475 250.57591536641121 95.156712368130684 219.02367915585637 696.39504383504391 121.9153246358037 119.84358498826623
leaf_count=813 730 281 569 1764 365 335
internal_value=0.000495862 0.00389536 0.00694646 -0.00191103 2.97815e-05 -0.00359014
internal_weight=1834.56 765.677 550.677 1068.89 818.31 215
internal_count=4857 1998 1382 2859 2129 616
is_linear=0
shrinkage=0.03


Tree=46
num_leaves=6
num_cat=0
split_feature=5 6 15 14 14
split_gain=10.4515 9.48549 12.2125 11.8979 3.94751
threshold=0.60212591290473949 -0.34708179533481592 -1.3402957320213316 1.3025001287460329 0.08513751253485681
decision_type=2 2 2 2 2
left_child=1 3 -3 -1 -2
right_child=4 2 -4 -5 -6
leaf_value=0 0.013235074585610199 -0.0050411811348954512 0.00060333189335128078 0.013083933239124889 0
leaf_weight=144.41903275251389 53.231917500495911 491.41342803090811 1005.3598553203046 79.705371089279652 37.621409513056278
leaf_count=344 119 1422 2646 206 111
internal_value=0.00019685 -0.000340863 -0.00125233 0.00510431 0.00914712
internal_weight=1811.75 1720.9 1496.77 224.124 90.8533
internal_count=4848 4618 4068 550 230
is_linear=0
shrinkage=0.03


Tree=47
num_leaves=7
num_cat=0
split_feature=7 16 12 5 13 15
split_gain=9.84383 14.9543 11.6993 9.42045 8.68179 9.09706
threshold=-0.89896085858345021 -0.44850353896617884 -0.25865532457828516 -0.39471848309040064 0.42938581109046942 -0.82957836985588063
decision_type=2 2 2 2 2 2
left_child=4 3 -3 -2 5 -1
right_child=1 2 -4 -5 -6 -7
leaf_value=0.00079506462956535704 0.00053463638690662957 -0.0051857939047114405 0.0016707040149267578 -0.016371348506695516 0 0.016558912829315788
leaf_weight=68.504130326211452 34.134018614888191 255.40969097986817 1155.4870316311717 62.488005086779594 136.06961017847061 70.615289494395256
leaf_count=168 90 725 3107 155 374 168
internal_value=0.000463286 -0.000475166 0.00033243 -0.010817 0.00549137 0.0102493
internal_weight=1782.71 1507.52 1410.9 96.622 275.189 139.119
internal_count=4787 4077 3832 245 710 336
is_linear=0
shrinkage=0.03


Tree=48
num_leaves=7
num_cat=0
split_feature=1 7 13 17 8 10
split_gain=10.1316 17.746 12.9628 12.0801 11.8003 11.2032
threshold=-0.18526773154735562 0.37009778618812567 0.41141605377197271 1.9220597147941592 0.43453025817871099 0.22462463378906253
decision_type=2 2 2 2 2 2
left_child=1 4 -3 5 -1 -2
right_child=3 2 -4 -5 -6 -7
leaf_value=0.01220669248832244 0.01108296386628539 -0.0093554339480097937 0.0038570579615986806 0.0046447025739138484 -0.003692383230014615 -0.0029020218683390806
leaf_weight=212.60827223956585 33.332748934626579 91.330804765224457 142.52858217060566 274.98993441462517 35.075066983699799 1006.2693682983518
leaf_count=532 80 241 363 739 102 2748
internal_value=0.000663124 0.00430941 -0.0013971 -0.000672139 0.00962338 -0.00219627
internal_weight=1796.13 481.543 233.859 1314.59 247.683 1039.6
internal_count=4805 1238 604 3567 634 2828
is_linear=0
shrinkage=0.03


Tree=49
num_leaves=7
num_cat=0
split_feature=0 12 5 6 10 11
split_gain=10.2193 15.3183 12.3823 10.94 9.79648 9.59468
threshold=-1.4773210287094114 2.3687993288040166 0.30061085522174841 -0.37199756503105158 1.9368248581886294 -0.31889458000659937
decision_type=2 2 2 2 2 2
left_child=1 5 3 -2 -4 -1
right_child=2 -3 4 -5 -6 -7
leaf_value=-0.0076309892148909925 0.01075873463408177 0.0050470826484409585 0.012482397637393476 -0.0011030849076747794 -0.0024393132103936919 -0.00088150571798077302
leaf_weight=333.86935229972005 59.613884836435318 196.3802222982049 138.46084190160036 540.44372652843595 36.836933389306068 471.95039891079068
leaf_count=996 138 509 341 1426 88 1287
internal_value=0 -0.00199759 0.0025368 0.000287599 0.00911085 -0.00386771
internal_weight=1777.56 1002.2 775.355 600.058 175.298 805.82
internal_count=4785 2792 1993 1564 429 2283
is_linear=0
shrinkage=0.03


Tree=50
num_leaves=7
num_cat=0
split_feature=1 0 13 17 3 13
split_gain=10.3635 8.74325 12.9031 12.6663 5.27327 13.6752
threshold=0.19275278598070147 -1.4725311398506162 0.27863909304142004 1.1398215889930727 -1.0595166683197019 0.8504893183708192
decision_type=2 2 2 2 2 2
left_child=1 3 -3 -1 5 -2
right_child=4 2 -4 -5 -6 -7
leaf_value=0.0020580039034421359 0.0049008860424493593 -0.0013377092659164946 0.0072671517687883692 -0.0053442436284196464 -0.0071076790903934423 -0.013380032987533732
leaf_weight=438.6782647818327 116.51290453225374 255.0380370542407 332.39937907084823 353.58237954229116 248.6827681325376 30.433019395917654
leaf_count=1189 308 651 831 1003 736 85
internal_value=-0.00043168 0.000771927 0.0035115 -0.00122196 -0.00460861 0
internal_weight=1775.33 1379.7 587.437 792.261 395.629 146.946
internal_count=4803 3674 1482 2192 1129 393
is_linear=0
shrinkage=0.03


Tree=51
num_leaves=6
num_cat=0
split_feature=1 19 18 17 17
split_gain=13.0497 9.21826 11.1459 9.082 7.2033
threshold=0.4252584725618363 1.3291438817977907 -0.13489732891321179 2.5878559350967412 1.4128762483596804
decision_type=2 2 2 2 2
left_child=1 3 -3 -1 -2
right_child=4 2 -4 -5 -6
leaf_value=0.0022272128345949432 -0.013829972505734065 0.0025016962342415752 -0.0084785062686011763 -0.0078901690003876958 0
leaf_weight=1281.160896256566 73.574866369366646 118.5337575301528 180.22793517261744 63.509478807449341 48.030935600399971
leaf_count=3402 215 344 538 158 138
internal_value=-0.00021478 0.000497762 -0.00405025 0.00159677 -0.00897834
internal_weight=1765.04 1643.43 298.762 1344.67 121.606
internal_count=4795 4442 882 3560 353
is_linear=0
shrinkage=0.03


Tree=52
num_leaves=7
num_cat=0
split_feature=12 19 14 10 12 15
split_gain=8.66589 16.8976 14.2902 11.9695 14.0317 11.1042
threshold=0.67481938004493724 0.93471619486808788 1.7008896470069887 0.88803812861442577 1.2274980545043948 -2.106026172637939
decision_type=2 2 2 2 2 2
left_child=1 -1 -3 4 -2 -5
right_child=3 2 -4 5 -6 -7
leaf_value=0.0018900324547640927 0.0067283167792001955 -0.010778206940916307 0.0014885877275486509 -0.00507816359046772 -0.0092706722613730471 0.0043873971558937488
leaf_weight=337.6227839589119 48.903755899518728 255.380983479321 105.97165764868259 107.5400218218565 147.91799429059029 755.80962827429175
leaf_count=912 142 695 332 277 436 1981
internal_value=-0.000180797 -0.00276042 -0.00713406 0.00148403 -0.00476477 0.00305215
internal_weight=1759.15 698.975 361.353 1060.17 196.822 863.35
internal_count=4775 1939 1027 2836 578 2258
is_linear=0
shrinkage=0.03


Tree=53
num_leaves=5
num_cat=0
split_feature=14 4 12 14
split_gain=13.4215 10.8017 14.8833 13.2817
threshold=-0.96613135933876026 -0.15296715497970578 2.3993717432022099 -0.2996059358119964
decision_type=2 2 2 2
left_child=-1 2 -2 -3
right_child=1 3 -4 -5
leaf_value=0.015137670071004314 0 -0.0089749718854920842 0.010962458230580795 -0.00067107729366463478
leaf_weight=30.31133097410202 559.96175268292427 205.44081157445908 122.16691629588604 855.26242784038186
leaf_count=75 1544 544 302 2383
internal_value=-0.00010009 -0.000567877 0.00229249 -0.00247126
internal_weight=1773.14 1742.83 682.129 1060.7
internal_count=4848 4773 1846 2927
is_linear=0
shrinkage=0.03


Tree=54
num_leaves=6
num_cat=0
split_feature=13 5 8 7 16
split_gain=9.31711 11.733 10.9701 9.4077 6.17665
threshold=1.1873055100440981 0.57930499315261852 -0.28332446515560145 -0.048809904605150216 0.59699004888534557
decision_type=2 2 2 2 2
left_child=1 2 -1 -2 -3
right_child=3 4 -4 -5 -6
leaf_value=0.0019546140475025188 0.0024303928882628157 0 -0.003199419948870335 -0.015440264415877968 0.015120365277533724
leaf_weight=1070.9630396850407 28.33841685205698 37.524516016244888 541.85381143540144 44.940076753497124 55.941110774874687
leaf_count=2919 74 102 1488 146 128
internal_value=0.000337222 0.000864321 0.000168301 -0.00884674 0.0101992
internal_weight=1779.56 1706.28 1612.82 73.2785 93.4656
internal_count=4857 4637 4407 220 230
is_linear=0
shrinkage=0.03


Tree=55
num_leaves=7
num_cat=0
split_feature=2 0 0 12 16 6
split_gain=12.1407 10.6334 12.9283 11.401 4.93024 6.64643
threshold=0.28903606534004217 -1.4725311398506162 -2.32639467716217 1.04856812953949 -0.10733478516340254 0.45881570875644689
decision_type=2 2 2 2 2 2
left_child=1 2 -1 -3 -2 -6
right_child=4 3 -4 -5 5 -7
leaf_value=0.0045593437369370335 0.0019799660001487951 0.0075336522090555186 -0.0035821057850950484 -6.3185986135885406e-05 -0.011356512818976473 0
leaf_weight=216.33215115964413 34.074845753610134 316.13017081469297 633.94806718453765 344.18275200203061 137.24474326521158 55.21411656588316
leaf_count=625 106 800 1757 912 424 157
internal_value=-0.000188698 0.000773742 -0.0013846 0.00360022 -0.00639203 -0.00820356
internal_weight=1737.13 1510.59 850.28 660.313 226.534 192.459
internal_count=4781 4094 2382 1712 687 581
is_linear=0
shrinkage=0.03


Tree=56
num_leaves=7
num_cat=0
split_feature=11 2 4 17 12 13
split_gain=11.623 8.57707 9.02327 8.41109 7.30939 7.79442
threshold=-0.44552242755889887 -0.01445229211822152 -0.15296715497970578 1.605230510234833 -0.81303599476814259 0.91000148653984081
decision_type=2 2 2 2 2 2
left_child=4 2 -2 -3 -1 -6
right_child=1 3 -4 -5 5 -7
leaf_value=0.0022745132623005582 0.006977808118753274 -0.0038157839370788699 0 0.0036425784904169901 -0.0077802378234142072 0.0016654128093109943
leaf_weight=106.01611008495092 318.44649766385555 399.89749826490879 342.77058567106724 176.27287301421165 336.2863537967205 80.390300557017326
leaf_count=296 779 1167 912 463 1002 233
internal_value=-0.000359171 0.00119201 0.00350273 -0.00138769 -0.0040505 -0.00582766
internal_weight=1760.08 1237.39 661.217 576.17 522.693 416.677
internal_count=4852 3321 1691 1630 1531 1235
is_linear=0
shrinkage=0.03


Tree=57
num_leaves=7
num_cat=0
split_feature=14 10 0 12 18 9
split_gain=7.64787 14.1592 10.7181 21.1219 13.6374 10.3116
threshold=0.020299896597862247 0.68892696499824535 -1.5586418509483335 1.0956071019172671 -1.8053633570671079 -0.0038902129745110865
decision_type=2 2 2 2 2 2
left_child=2 -2 3 -1 -4 -3
right_child=1 5 4 -5 -6 -7
leaf_value=-0.008879103509377026 0.0078540701428085925 -0.00027178653284513069 -0.0071843450815259492 0.0053971716391503759 0.0075361305858459657 -0.0067803089825126074
leaf_weight=164.15161280333996 99.721093259751797 551.76960084959865 46.362138122320175 166.1062031313777 352.46026818081737 369.47137935459614
leaf_count=492 288 1596 116 392 871 1090
internal_value=-8.83318e-05 -0.00178281 0.00218867 -0.00162924 0.00542029 -0.00303444
internal_weight=1750.04 1020.96 729.08 330.258 398.822 921.241
internal_count=4845 2974 1871 884 987 2686
is_linear=0
shrinkage=0.03


Tree=58
num_leaves=7
num_cat=0
split_feature=7 9 14 17 14 17
split_gain=7.99955 8.54248 15.923 12.1324 8.34765 9.22403
threshold=-0.89896085858345021 -0.0038902129745110865 3.0474610328674321 2.1762360334396367 0.3235363513231278 1.1511967778205874
decision_type=2 2 2 2 2 2
left_child=4 3 -3 -2 -1 -6
right_child=1 2 -4 -5 5 -7
leaf_value=0.010375854884641079 -5.8680058336239208e-05 -0.0051311339133404852 0.0086912486243385691 0.0094887613410350336 0.0051324781298744265 -0.0086484134740449289
leaf_weight=116.37388380616903 753.30039916187525 518.15246886387467 65.89236144721508 119.78616969659925 98.953036643564701 49.097184650599957
leaf_count=305 2119 1456 185 357 274 133
internal_value=0.000398574 -0.000456155 -0.00323622 0.00136719 0.00502046 0
internal_weight=1721.56 1457.13 584.045 873.087 264.424 148.05
internal_count=4829 4117 1641 2476 712 407
is_linear=0
shrinkage=0.03


Tree=59
num_leaves=7
num_cat=0
split_feature=6 5 16 16 19 17
split_gain=10.7875 11.5338 14.8748 9.76668 9.18324 8.20826
threshold=0.080095034092664733 -0.27958998084068293 -0.19411374628543851 0.52632048726081859 0.99719688296318065 2.382246851921082
decision_type=2 2 2 2 2 2
left_child=1 4 -3 5 -1 -2
right_child=3 2 -4 -5 -6 -7
leaf_value=0.011773506068415677 -0.0089229051496207846 -0.010309982965976449 0.0020022927571313751 0.00080481013327047927 -0.0029726522616230011 0.0026729351703026149
leaf_weight=148.07328449189663 229.9125552251935 77.226357910782099 882.69606940075755 312.90115389600396 32.466925725340843 51.153659850358963
leaf_count=369 719 214 2431 891 86 139
internal_value=0.000487948 0.00221283 0.000760325 -0.00269043 0.00879049 -0.00657582
internal_weight=1734.43 1140.46 959.922 593.967 180.54 281.066
internal_count=4849 3100 2645 1749 455 858
is_linear=0
shrinkage=0.03


Tree=60
num_leaves=6
num_cat=0
split_feature=5 19 19 4 23
split_gain=8.71638 9.99057 10.2309 7.71538 4.55345
threshold=0.57930499315261852 1.2771674990653994 1.6553841829299929 0.32912953197956091 1.0000000180025095e-35
decision_type=2 2 2 2 2
left_child=1 3 -3 -1 -2
right_child=4 2 -4 -5 -6
leaf_value=-0.00063126605484428158 0 -0.006866958856226583 0.0056949748787566293 0.0049132105848858753 0.011526947709555124
leaf_weight=991.41465974599123 34.474022090435028 327.08378360792994 49.106653854250908 267.46594039350748 63.949163019657135
leaf_count=2770 106 961 155 709 148
internal_value=-0.000103687 -0.000698423 -0.00487101 0.00055823 0.00771914
internal_weight=1733.49 1635.07 376.19 1258.88 98.4232
internal_count=4849 4595 1116 3479 254
is_linear=0
shrinkage=0.03


Tree=61
num_leaves=7
num_cat=0
split_feature=4 12 16 10 7 4
split_gain=7.86323 13.1587 17.0378 15.0049 10.4128 9.50105
threshold=-0.15456641465425489 2.0151079893112187 0.85119947791099559 1.1904442906379702 0.4590949565172196 0.61123332381248485
decision_type=2 2 2 2 2 2
left_child=1 3 -3 -1 -2 -6
right_child=4 2 -4 -5 5 -7
leaf_value=0.004882121362497438 0.00030939159521692377 0.013679301543139462 -0.0043853102239221351 -0.0054071805845466716 -0.0078468176149859379 0.0020337629821216121
leaf_weight=213.4140302836895 614.70409620925784 131.12101148068905 50.507070660591125 258.02102492004633 341.93595428019762 94.617034174501896
leaf_count=604 1706 338 120 760 1088 225
internal_value=-0.000519793 0.0019824 0.00842162 -0.000618096 -0.00213821 -0.00557863
internal_weight=1704.32 653.063 181.628 471.435 1051.26 436.553
internal_count=4841 1822 458 1364 3019 1313
is_linear=0
shrinkage=0.03


Tree=62
num_leaves=7
num_cat=0
split_feature=11 3 5 8 6 16
split_gain=8.82904 10.9145 16.0643 10.494 6.54409 11.095
threshold=-0.47764483094215388 -1.5945945382118223 0.11623514816164972 -1.4930424094200132 0.078035160899162306 0.6564500927925111
decision_type=2 2 2 2 2 2
left_child=4 2 -2 -3 5 -1
right_child=1 3 -4 -5 -6 -7
leaf_value=0.0033623424401690257 -0.01534507254693227 0.010803430698458214 0 0.00114647525656662 -0.0083239945771952789 -0.0078675528360320039
leaf_weight=183.66340800374746 62.204679064452648 100.20697464793921 252.06893916428089 845.6139864847064 170.82982916012406 107.61054439842701
leaf_count=530 163 272 709 2339 556 308
internal_value=-0.000480027 0.000790067 -0.00382828 0.00243425 -0.00395696 -0.000832696
internal_weight=1722.2 1260.09 314.274 945.821 462.104 291.274
internal_count=4877 3483 872 2611 1394 838
is_linear=0
shrinkage=0.03


Tree=63
num_leaves=5
num_cat=0
split_feature=5 14 2 2
split_gain=8.87415 8.81581 6.67005 2.32505
threshold=0.61465573310852062 -0.86158514022827137 0.29526194930076605 -0.060813486576080315
decision_type=2 2 2 2
left_child=1 -1 -3 -2
right_child=3 2 -4 -5
leaf_value=0.0088507208426859794 0 -0.0005062954628836815 -0.0062239645086671729 0.011971269965479066
leaf_weight=59.332046583294868 28.886719278991222 1368.9852636307478 199.4398316629231 43.445503689348698
leaf_count=156 73 3857 625 125
internal_value=-0.000292391 -0.000829538 -0.00134034 0.00870702
internal_weight=1700.09 1627.76 1568.43 72.3322
internal_count=4836 4638 4482 198
is_linear=0
shrinkage=0.03


Tree=64
num_leaves=6
num_cat=0
split_feature=13 12 9 10 16
split_gain=12.9029 10.8186 11.7383 11.3621 0.301022
threshold=1.1694330573081972 0.71061390638351452 0.5660439431667329 0.77214151620864879 0.81137931346893322
decision_type=2 2 2 2 2
left_child=1 3 -3 -1 -2
right_child=4 2 -4 -5 -6
leaf_value=0.003130782820571284 -0.013590474010042318 0.0026065069153682172 -0.012085966916710262 -0.0053873630335274404 -0.0019276363732758253
leaf_weight=169.37094221264124 49.870953176170588 914.96191099286079 30.854033328592777 494.93855718895793 23.59212426841259
leaf_count=467 167 2538 79 1479 75
internal_value=-0.000852627 -0.000183371 0.00182474 -0.00309989 -0.011701
internal_weight=1683.59 1610.13 945.816 664.309 73.4631
internal_count=4805 4563 2617 1946 242
is_linear=0
shrinkage=0.03


Tree=65
num_leaves=7
num_cat=0
split_feature=1 7 0 18 17 8
split_gain=8.73289 9.29211 16.6137 14.6948 8.13052 4.8717
threshold=0.19275278598070147 1.285292983055115 -1.2949258685111997 0.62981098890304577 1.6897807121276858 0.041448133066296584
decision_type=2 2 2 2 2 2
left_child=1 3 -3 -1 5 -2
right_child=4 2 -4 -5 -6 -7
leaf_value=0.0006798604847475223 -0.0086110977361173041 -0.012795641416117793 0.0055592902346797979 0.0087236575012058747 0.0024973186210984566 0.00024079385538046077
leaf_weight=953.97351365163922 189.94987633451819 82.253198478370905 57.493773207068443 249.11123750731349 113.04323527216911 57.337510135024786
leaf_count=2668 597 256 157 668 331 172
internal_value=0.000461472 0.00160857 -0.005118 0.00250988 -0.00351543 -0.00646973
internal_weight=1703.16 1342.83 139.747 1203.08 360.331 247.287
internal_count=4849 3749 413 3336 1100 769
is_linear=0
shrinkage=0.03


Tree=66
num_leaves=5
num_cat=0
split_feature=14 2 19 14
split_gain=14.4114 9.07992 9.64915 5.81913
threshold=-0.92279040813446034 0.28903606534004217 0.98633882403373729 -0.046900855377316468
decision_type=2 2 2 2
left_child=-1 2 -2 -3
right_child=1 3 -4 -5
leaf_value=0.015684309150490697 0.0041440635336800879 -0.010773100177342317 -0.00092072596173057024 -0.00057485642600278958
leaf_weight=33.940782077610493 492.23745022714138 87.089529879391193 950.24719106405973 125.36155308410525
leaf_count=91 1336 245 2729 434
internal_value=0.000420269 -4.05004e-05 0.000799607 -0.00558074
internal_weight=1688.88 1654.94 1442.48 212.451
internal_count=4835 4744 4065 679
is_linear=0
shrinkage=0.03


Tree=67
num_leaves=7
num_cat=0
split_feature=13 11 0 2 11 19
split_gain=8.14216 5.78872 10.6702 5.29372 4.21414 1.85342
threshold=1.0922019481658938 -0.45424377918243403 -1.2100432515144346 0.019736572168767456 0.53182280063629161 1.0996597409248354
decision_type=2 2 2 2 2 2
left_child=1 2 -1 -3 5 -2
right_child=4 3 -4 -5 -6 -7
leaf_value=-0.0051749488175981658 0 0.0036066602715848764 0.0041304642286787248 -0.00042247534729704037 0.0009115392646833596 -0.01178589570759885
leaf_weight=304.0295413993299 24.896721325814724 666.60677205771208 144.35568106919527 463.74662386253476 30.964669153094292 65.294937394559383
leaf_count=962 79 1753 404 1362 94 219
internal_value=0.000117067 0.000759358 -0.00200256 0.00192288 -0.00674906 -0.00961169
internal_weight=1699.89 1578.74 448.385 1130.35 121.156 90.1917
internal_count=4873 4481 1366 3115 392 298
is_linear=0
shrinkage=0.03


Tree=68
num_leaves=7
num_cat=0
split_feature=13 7 5 8 16 5
split_gain=8.49271 15.0718 8.80351 8.88628 2.77479 2.18363
threshold=1.0922019481658938 -0.12289734557271002 0.60212591290473949 0.49968318641185766 0.67767730355262767 0.026632222346961502
decision_type=2 2 2 2 2 2
left_child=2 -2 3 -1 -4 -3
right_child=1 5 4 -5 -6 -7
leaf_value=0.0010725515759567059 0.0059626539654189029 -0.0022633146428483021 0.00053247774753305494 -0.0068108792362250011 0.014273774631063165 -0.016510427504934064
leaf_weight=1362.6129911728203 38.38595075905323 32.210584454238415 32.029068641364574 121.17254266142845 36.652533993124962 52.067304909229279
leaf_count=3882 115 110 88 363 89 168
internal_value=0.000234713 -0.00672837 0.000901618 0.000306835 0.0101075 -0.0131191
internal_weight=1675.13 122.664 1552.47 1483.79 68.6816 84.2779
internal_count=4815 393 4422 4245 177 278
is_linear=0
shrinkage=0.03


Tree=69
num_leaves=7
num_cat=0
split_feature=8 5 13 7 13 8
split_gain=7.828 11.6382 10.5379 14.0663 8.83805 6.97585
threshold=-0.29985046386718744 -0.014554728288203476 0.69833394885063182 -0.055660495534539216 0.33760304749011999 0.067554920911788954
decision_type=2 2 2 2 2 2
left_child=2 -2 4 -4 -1 -3
right_child=1 5 3 -5 -6 -7
leaf_value=0.00054597438506452298 -0.0083754230385542829 -0.0037691963821329974 0.0052870823873708292 -0.0062815567191483387 0.0074480543029034471 0.0042210303469450748
leaf_weight=443.74583694338799 206.01345106586814 170.95511796697974 116.95123120397329 272.46426609158516 273.9000456687063 180.80630150437355
leaf_count=1273 624 486 329 826 744 513
internal_value=-0.000187542 -0.00305499 0.00123251 -0.0025721 0.00339211 0.000182542
internal_weight=1664.84 557.775 1107.06 389.415 717.646 351.761
internal_count=4795 1623 3172 1155 2017 999
is_linear=0
shrinkage=0.03


Tree=70
num_leaves=7
num_cat=0
split_feature=19 7 10 4 8 7
split_gain=8.74299 15.6771 12.0461 9.96068 8.86453 8.57595
threshold=1.3079206347465517 0.017588604241609577 1.5280175209045412 -0.14821236580610272 0.76419582962989818 -0.81180536746978749
decision_type=2 2 2 2 2 2
left_child=4 2 -2 -3 5 -1
right_child=1 3 -4 -5 -6 -7
leaf_value=0.0071569327289771542 -0.0057535689623868227 -0.00056771985423004136 0.011009956207382514 -0.01318605039946315 -0.0081606004734613522 0.00065135099111478364
leaf_weight=210.30862404033542 44.563320606946945 109.2830601260066 72.609263822436333 131.35146257653832 62.91436742246151 1040.914620295167
leaf_count=581 139 328 199 431 190 2965
internal_value=7.19468e-05 -0.00391991 0.0042877 -0.008169 0.00124627 0.00188742
internal_weight=1671.94 357.807 117.173 240.635 1314.14 1251.22
internal_count=4833 1097 338 759 3736 3546
is_linear=0
shrinkage=0.03


Tree=71
num_leaves=7
num_cat=0
split_feature=11 12 18 0 1 3
split_gain=5.61312 9.31484 7.78811 6.28788 10.6424 4.6356
threshold=-0.44552242755889887 -0.98509460687637318 -1.4852403402328489 -0.37143747508525843 -0.20773177593946454 -0.39628119766712183
decision_type=2 2 2 2 2 2
left_child=3 5 -3 4 -1 -2
right_child=1 2 -4 -5 -6 -7
leaf_value=0.0029589251428915548 -0.013112152092296929 -0.004279825616517725 0.002553038231435008 0.0072663040018682377 -0.0066647899278698764 0
leaf_weight=120.5760897025466 41.84339215606451 153.75108468532562 945.10431493073702 26.944441087543964 347.76532357186079 36.131160043179989
leaf_count=360 128 439 2650 70 1100 112
internal_value=-0.000419171 0.000672382 0.00148395 -0.00305464 -0.00404456 -0.00812045
internal_weight=1672.12 1176.83 1098.86 495.286 468.341 77.9746
internal_count=4859 3329 3089 1530 1460 240
is_linear=0
shrinkage=0.03


Tree=72
num_leaves=7
num_cat=0
split_feature=11 10 2 0 6 15
split_gain=6.95673 16.1406 15.3614 10.34 9.91084 9.33495
threshold=0.35739332437515264 0.59429049491882335 -0.24931240081787107 -0.94158935546874989 -0.12033468112349509 -0.56460270285606373
decision_type=2 2 2 2 2 2
left_child=1 4 -3 5 -1 -2
right_child=3 2 -4 -5 -6 -7
leaf_value=-0.0021626729426178389 0.0089497639311080252 0.003625100994332474 -0.0046831166899853902 -0.0051451313055929397 0.012029736772642834 -0.00057173206799806013
leaf_weight=52.530714549124241 208.13138506934047 234.07078406214714 870.84376729652286 90.525793142616749 97.426366835832596 133.4269587919116
leaf_count=147 605 654 2622 246 255 372
internal_value=-0.000357251 -0.00151791 -0.00283656 0.00279889 0.00703559 0.00523844
internal_weight=1686.96 1254.87 1104.91 432.084 149.957 341.558
internal_count=4901 3678 3276 1223 402 977
is_linear=0
shrinkage=0.03


Tree=73
num_leaves=7
num_cat=0
split_feature=0 6 5 12 5 12
split_gain=7.29856 11.4199 9.97294 9.0925 12.9195 8.81224
threshold=-1.4773210287094114 -0.29310058057308191 0.27569274604320532 2.3917950391769414 -0.23478641360998151 2.6911644935607915
decision_type=2 2 2 2 2 2
left_child=3 -2 -3 4 -1 -5
right_child=1 2 -4 5 -6 -7
leaf_value=0.003121985729853578 0.009738933111254908 -0.0020335264155388129 0.0063383224061234755 0.0086823121891419948 -0.005649374322698221 -0.003327513228214324
leaf_weight=179.4515443071723 120.4344948977232 453.95319773629308 154.91766814142466 107.39397823810577 566.54684323444963 73.115881964564323
leaf_count=534 307 1299 412 305 1775 197
internal_value=-0.000156424 0.00201863 0.000134985 -0.0019384 -0.00343465 0.00367179
internal_weight=1655.81 729.305 608.871 926.508 745.998 180.51
internal_count=4829 2018 1711 2811 2309 502
is_linear=0
shrinkage=0.03


Tree=74
num_leaves=7
num_cat=0
split_feature=3 12 8 16 17 13
split_gain=7.45281 15.2769 12.036 9.53754 9.02591 8.46529
threshold=-1.5363268256187437 1.2384585142135622 -1.3085867166519163 0.045064106583595283 1.7040384411811831 -0.030234054662287232
decision_type=2 2 2 2 2 2
left_child=1 -1 -3 5 -5 -2
right_child=3 2 -4 4 -6 -7
leaf_value=-0.012655790182720991 -0.010335561373000131 -0.011727565210440343 0.0031985767914042167 0.00074000401907135913 0.0076977476757075945 7.3721867156601063e-05
leaf_weight=100.3840505219996 92.049412406980991 40.681661259382963 223.04623837023973 833.19656601548195 200.68731803819537 158.43732830882072
leaf_count=320 270 130 628 2424 620 431
internal_value=-9.1446e-05 -0.00379525 2.02797e-05 0.000954656 0.00226796 -0.00401106
internal_weight=1648.48 364.112 263.728 1284.37 1033.88 250.487
internal_count=4823 1078 758 3745 3044 701
is_linear=0
shrinkage=0.03


Tree=75
num_leaves=7
num_cat=0
split_feature=17 7 4 1 7 16
split_gain=6.09241 10.6516 14.2529 10.2822 10.3147 7.74313
threshold=1.9220597147941592 0.54467990994453441 -0.10705211386084555 -0.18526773154735562 1.2536717653274538 -0.015302859246730803
decision_type=2 2 2 2 2 2
left_child=3 -2 -3 4 -1 -5
right_child=1 2 -4 5 -6 -7
leaf_value=0.0051093333707140452 0.007418093896610291 0.0065682080604944635 -0.011407447030387039 -0.0095122704382880324 -0.0092795205840648896 -0.0013866514827422626
leaf_weight=322.47128330171108 211.20830712839961 53.301577761769295 63.991327010095119 108.74063670635223 30.454152204096317 840.3948035351932
leaf_count=885 610 155 214 343 101 2493
internal_value=0 0.00355367 -0.00303487 -0.000904704 0.00327575 -0.00255659
internal_weight=1630.56 328.501 117.293 1302.06 352.925 949.135
internal_count=4801 979 369 3822 986 2836
is_linear=0
shrinkage=0.03


Tree=76
num_leaves=7
num_cat=0
split_feature=1 8 19 6 6 7
split_gain=11.9411 7.08808 12.3663 9.1823 5.25014 2.15353
threshold=0.37342086434364324 -0.28332446515560145 1.0172009468078616 1.0000000180025095e-35 0.088539503514766707 0.93588361144065868
decision_type=2 2 2 2 2 2
left_child=1 2 -1 -3 -2 -6
right_child=4 3 -4 -5 5 -7
leaf_value=0.0068732299754935252 0.0010838615056132761 0.0014415191350936765 0 -0.0065609645757253058 -0.012495675405163402 -0.00083898499984741621
leaf_weight=327.07765690982342 33.40839833393693 263.91653284057975 687.83798268064857 208.10606389865279 84.24772310256958 33.562464848160744
leaf_count=905 106 743 2046 640 273 106
internal_value=0 0.00082772 0.00225588 -0.00208796 -0.00753246 -0.0102139
internal_weight=1638.16 1486.94 1014.92 472.023 151.219 117.81
internal_count=4819 4334 2951 1383 485 379
is_linear=0
shrinkage=0.03


Tree=77
num_leaves=7
num_cat=0
split_feature=15 18 13 6 13 8
split_gain=6.80608 18.2874 12.8544 10.2149 6.02485 5.91739
threshold=-1.35351026058197 -0.55800163745880116 0.034895343706011779 -0.30653645098209376 1.1981229782104494 -0.29985046386718744
decision_type=2 2 2 2 2 2
left_child=1 2 -1 -3 5 -2
right_child=4 3 -4 -5 -6 -7
leaf_value=-0.0073344099714008886 0.0031249347880653333 0.0029285550157981287 0.010299382966104255 -0.0083228631047188428 -0.0090905591642818136 -0.0015133821052193046
leaf_weight=31.715353790670633 698.14202043786645 71.111876934766769 110.06741938740015 340.76894026808441 29.239120423793793 342.99992071464658
leaf_count=100 1995 190 328 1075 99 1012
internal_value=-0.00032135 -0.00299041 0.00556495 -0.0061957 0.00103375 0.00154059
internal_weight=1624.04 553.664 141.783 411.881 1070.38 1041.14
internal_count=4799 1693 428 1265 3106 3007
is_linear=0
shrinkage=0.03


Tree=78
num_leaves=7
num_cat=0
split_feature=1 10 16 11 6 8
split_gain=8.38985 10.2359 14.0002 9.67025 4.5975 7.68935
threshold=0.19275278598070147 1.481519401073456 0.91505354642868053 -0.62321645021438588 0.26341825723648077 0.067554920911788954
decision_type=2 2 2 2 2 2
left_child=1 3 -3 -1 5 -2
right_child=4 2 -4 -5 -6 -7
leaf_value=-0.0061797492726130684 -0.0086418639775636668 0.0026539676733984617 0.018324237279459029 0.0012790429643458603 0.00046142391868373708 0.0032752176791716494
leaf_weight=180.21589037030935 182.62691927328706 369.99638803675771 45.247940018773079 680.88959059119225 133.82164157181978 44.003522541373968
leaf_count=578 585 1060 125 1919 423 130
internal_value=0.000325548 0.0015041 0.00526292 -0.000318709 -0.00354965 -0.00600676
internal_weight=1636.8 1276.35 415.244 861.105 360.452 226.63
internal_count=4820 3682 1185 2497 1138 715
is_linear=0
shrinkage=0.03


Tree=79
num_leaves=7
num_cat=0
split_feature=4 1 15 11 0 0
split_gain=7.91315 13.6103 11.2867 9.28967 10.335 9.52516
threshold=-0.14821236580610272 -0.073162175714969621 -1.0751224756240843 0.48823118209838873 -0.94158935546874989 -0.74121791124343861
decision_type=2 2 2 2 2 2
left_child=1 -1 -3 5 -5 -2
right_child=3 2 -4 4 -6 -7
leaf_value=0.0066867702430401642 -0.0049300703734398389 -0.0069623485627966254 0.0032999565749064368 0.0062624467332834605 -0.0073012555042361246 0.0039959164328839461
leaf_weight=314.66459382325411 639.17959315702319 166.33476930111647 174.1044880785048 188.85289218649268 45.014662139117718 105.46540288627148
leaf_count=869 1975 518 507 560 121 289
internal_value=-0.00012952 0.00234191 -0.00165573 -0.00185797 0.00304585 -0.00351595
internal_weight=1633.62 655.104 340.439 978.513 233.868 744.645
internal_count=4839 1894 1025 2945 681 2264
is_linear=0
shrinkage=0.03


Tree=80
num_leaves=5
num_cat=0
split_feature=14 14 8 4
split_gain=9.43168 7.9363 7.4679 5.95413
threshold=-0.96613135933876026 -0.48529709875583643 -0.28332446515560145 -0.2086045295000076
decision_type=2 2 2 2
left_child=-1 3 -3 -2
right_child=1 2 -4 -5
leaf_value=0.013155921320645751 0.0020450446134406565 0.0019870810586975819 -0.0024591752999016435 -0.010568511786673271
leaf_weight=29.608410596847534 30.578453108668327 1006.9936464950442 481.90584510937333 86.866168856620789
leaf_count=82 81 2996 1460 255
internal_value=0.000261546 -9.80949e-05 0.000494695 -0.00702815
internal_weight=1635.95 1606.34 1488.9 117.445
internal_count=4874 4792 4456 336
is_linear=0
shrinkage=0.03


Tree=81
num_leaves=7
num_cat=0
split_feature=17 1 17 0 6 11
split_gain=7.35468 11.1485 9.71958 11.7891 10.7333 8.87887
threshold=1.9220597147941592 -0.22883474826812741 2.4896864891052251 -1.6004812121391294 0.02565089147537947 -0.18757465481758115
decision_type=2 2 2 2 2 2
left_child=1 -1 4 -4 -2 -3
right_child=2 5 3 -5 -6 -7
leaf_value=0.0029472360156253441 0.013097126634164531 -0.0066697682873499706 -0.010272707750647501 0.00529895129692513 0 -0.00083321906705093182
leaf_weight=298.00268386304379 98.539640322327614 420.41299283131957 69.392278604209423 62.92917612940073 95.439022786915302 575.46020984277129
leaf_count=835 280 1332 221 165 306 1687
internal_value=-0.000855985 -0.00190001 0.00298125 -0.00274986 0.00706271 -0.00343901
internal_weight=1620.18 1293.88 326.3 132.321 193.979 995.873
internal_count=4826 3854 972 386 586 3019
is_linear=0
shrinkage=0.03


Tree=82
num_leaves=7
num_cat=0
split_feature=15 18 6 13 7 8
split_gain=6.46567 11.9153 12.0429 9.16038 9.13813 16.1629
threshold=-1.35351026058197 -0.55800163745880116 -0.23913466930389402 0.034895343706011779 -0.28263476490974421 -0.32737074792385096
decision_type=2 2 2 2 2 2
left_child=1 3 -3 -1 5 -2
right_child=4 2 -4 -5 -6 -7
leaf_value=-0.0063590185447498782 0.0038219354848595738 0.0034746859614093314 -0.007709436130716508 0.00855588864313922 0.00351594475267158 -0.0082735887585698928
leaf_weight=30.688387289643288 175.88849902153015 94.923054769635201 318.56834967806935 109.62951481342316 710.12992276251316 177.23832756280899
leaf_count=100 487 264 1036 326 2088 542
internal_value=0.00015871 -0.00237724 -0.00496169 0.00453329 0.00155448 -0.00220621
internal_weight=1617.07 553.809 413.491 140.318 1063.26 353.127
internal_count=4843 1726 1300 426 3117 1029
is_linear=0
shrinkage=0.03


Tree=83
num_leaves=7
num_cat=0
split_feature=0 14 14 18 10 14
split_gain=9.02834 17.5253 8.27398 13.478 12.5276 6.35364
threshold=-2.32639467716217 2.6299858093261723 0.037771372124552734 -1.1942389607429502 0.54471960663795482 -0.086793247610330568
decision_type=2 2 2 2 2 2
left_child=1 5 3 -2 -4 -1
right_child=2 -3 4 -5 -6 -7
leaf_value=0 -0.007742363223221172 -0.0078533438646150103 0.010525654592914643 0.0036938878202349861 -0.003892218917591562 0.012612025544424497
leaf_weight=58.682037379592657 89.862496443092823 49.808312527835369 37.57607002556324 531.05783437937498 711.52363695949316 135.10434570536017
leaf_count=163 259 182 108 1474 2252 423
internal_value=0.000213291 0.00532905 -0.000716733 0.00175521 -0.00283607 0.00941565
internal_weight=1613.61 243.595 1370.02 620.92 749.1 193.786
internal_count=4861 768 4093 1733 2360 586
is_linear=0
shrinkage=0.03


Tree=84
num_leaves=7
num_cat=0
split_feature=13 20 5 3 10 7
split_gain=6.82342 20.7311 13.4597 9.64467 12.9735 8.37903
threshold=0.28671368956565862 1.0000000180025095e-35 0.55884003639221203 -1.6395657658576963 1.2195628285408022 0.61231088638305675
decision_type=2 2 2 2 2 2
left_child=1 2 -1 4 -2 -3
right_child=3 5 -4 -5 -6 -7
leaf_value=-0.0064147412259010269 -0.014617875377164359 0.010941825315698272 0.0099636126498231625 0.0034081364899489265 0.0009443406491464638 -0.0027292126150253058
leaf_weight=472.11593858152628 48.006592899560928 109.20215914398432 29.255599536001682 772.15285572782159 137.73380622640252 39.940347656607628
leaf_count=1426 163 314 78 2328 401 123
internal_value=0.0002694 -0.0020222 -0.00499842 0.00189653 -0.00381625 0.00703618
internal_weight=1608.41 650.514 501.372 957.893 185.74 149.143
internal_count=4833 1941 1504 2892 564 437
is_linear=0
shrinkage=0.03


Tree=85
num_leaves=7
num_cat=0
split_feature=2 11 13 5 15 0
split_gain=8.50108 8.19062 12.0956 7.36127 6.95878 6.26137
threshold=0.15179387480020526 -0.60630220174789418 -0.062844663858413682 -0.45956502854824061 -0.5806044042110442 -0.83705812692642201
decision_type=2 2 2 2 2 2
left_child=1 2 -1 -2 -3 -5
right_child=3 4 -4 5 -6 -7
leaf_value=-0.012496207311180901 0.0057788778969186981 0.0040118646208623697 0.00076557802729010816 -0.0072025621450344419 -0.0012252423426352594 0.0018315770648478175
leaf_weight=72.080549642443657 39.77520065009594 644.2679518610239 160.16761524602771 299.70162232220173 313.86403937637806 66.654662601649761
leaf_count=248 119 1859 498 998 882 197
internal_value=-0.00026932 0.000977514 -0.00377694 -0.00393898 0.00224498 -0.00539387
internal_weight=1596.51 1190.38 232.248 406.131 958.132 366.356
internal_count=4801 3487 746 1314 2741 1195
is_linear=0
shrinkage=0.03


Tree=86
num_leaves=7
num_cat=0
split_feature=4 2 2 10 12 5
split_gain=7.03054 9.9201 10.9167 7.23045 6.64087 10.4132
threshold=-0.14516024291515348 -0.086486089974641786 -0.14179348945617673 0.76307666301727306 -0.25865532457828516 -0.57554787397384632
decision_type=2 2 2 2 2 2
left_child=1 2 -1 -3 5 -2
right_child=4 3 -4 -5 -6 -7
leaf_value=0.0025406082755628405 0.0041520926398466657 0.0069530949159273018 0.015415716446747715 -0.0030456328441352803 0 -0.0094105124880420853
leaf_weight=253.35428907722235 50.819759294390678 61.653421960771084 70.406299293041229 280.62096179276705 724.53788086026907 159.07501604408026
leaf_count=715 139 170 185 909 2196 542
internal_value=0.000280822 0.00262425 0.00624901 -0.000794528 -0.00134663 -0.0057902
internal_weight=1600.47 666.035 323.761 342.274 934.433 209.895
internal_count=4856 1979 900 1079 2877 681
is_linear=0
shrinkage=0.03


Tree=87
num_leaves=7
num_cat=0
split_feature=18 18 16 4 1 16
split_gain=6.26233 12.7024 10.8862 9.67591 8.2034 8.60919
threshold=0.62981098890304577 -0.31374093890190119 0.67138007283210765 -0.15456641465425489 -0.032319774851202958 0.52632048726081859
decision_type=2 2 2 2 2 2
left_child=1 3 -3 -1 -2 -6
right_child=4 2 -4 -5 5 -7
leaf_value=0.0066226287430081023 0.0074824589650699632 -0.00082477060818390467 -0.0082555693519004471 -0.001284041418999983 -0.0090885995562640636 0.0039371056068592441
leaf_weight=221.02935669571161 164.28823966532946 477.24794476851821 289.40428876876831 295.62836583331227 60.168205626308918 81.513511028140783
leaf_count=638 465 1458 901 909 204 247
internal_value=-0.000449564 -0.00140677 -0.00384468 0.00210743 0.0032211 -0.00166344
internal_weight=1589.28 1283.31 766.652 516.658 305.97 141.682
internal_count=4822 3906 2359 1547 916 451
is_linear=0
shrinkage=0.03


Tree=88
num_leaves=7
num_cat=0
split_feature=15 6 12 7 19 0
split_gain=10.1764 12.072 8.97001 7.97833 6.36437 12.4012
threshold=-1.2736093401908872 -0.095878772437572465 2.2439029216766362 0.8999343514442445 1.0708258748054507 -1.5649095773696897
decision_type=2 2 2 2 2 2
left_child=1 2 -1 -3 5 -2
right_child=4 3 -4 -5 -6 -7
leaf_value=-0.0025233840338663442 -0.00035941826900725909 -0.0098573134711879683 0.0083724517667400945 0 -0.00085645489239116399 0.0085893750197634129
leaf_weight=159.89074985682964 280.06329191848636 233.65067306160927 86.453212350606918 111.96884458139539 496.43029276654124 232.99877560138702
leaf_count=473 857 802 233 372 1490 634
internal_value=-0.000324852 -0.00341472 0.00141674 -0.00691163 0.0014599 0.00376176
internal_weight=1601.46 591.963 246.344 345.62 1009.49 513.062
internal_count=4861 1880 706 1174 2981 1491
is_linear=0
shrinkage=0.03


Tree=89
num_leaves=5
num_cat=0
split_feature=14 12 4 0
split_gain=7.38638 7.27415 15.2654 9.98961
threshold=-0.92279040813446034 2.3917950391769414 -0.20149444043636319 -1.4773210287094114
decision_type=2 2 2 2
left_child=-1 3 -3 -2
right_child=1 2 -4 -5
leaf_value=0.011051177795526508 -0.0039005037586979279 0.013763891488604676 -0.00026151016648443215 0.0014409114533128499
leaf_weight=31.586128354072571 697.72795009240508 72.692091420292854 249.02537282556295 526.39439872652292
leaf_count=92 2277 194 743 1521
internal_value=-7.30276e-05 -0.000476897 0.00335204 -0.00156913
internal_weight=1577.43 1545.84 321.717 1224.12
internal_count=4827 4735 937 3798
is_linear=0
shrinkage=0.03


Tree=90
num_leaves=7
num_cat=0
split_feature=12 16 11 10 19 3
split_gain=7.49029 5.55027 7.27442 5.49306 7.96698 5.77239
threshold=-0.2769190222024917 -0.47803004086017603 -1.1302434206008909 0.64045786857604992 1.2119128704071047 -0.48168344795703882
decision_type=2 2 2 2 2 2
left_child=3 -2 -3 5 -5 -1
right_child=1 2 -4 4 -6 -7
leaf_value=-0.0042296429220013022 -0.0067747308921724345 -0.0090582109217451478 0.0017712933292300514 -0.0090789460483356663 0.0025785440787245198 0.0093805762895611666
leaf_weight=37.025007426738739 61.858555980026722 37.500943303108215 1151.875380627811 192.95242501422763 50.623302698135376 31.818179920315742
leaf_count=122 173 119 3503 644 156 87
internal_value=-0.000319565 0.000692484 0.00123607 -0.0043511 -0.00641667 0.00208107
internal_weight=1563.65 1251.23 1189.38 312.419 243.576 68.8432
internal_count=4804 3795 3622 1009 800 209
is_linear=0
shrinkage=0.03


Tree=91
num_leaves=5
num_cat=0
split_feature=14 2 7 16
split_gain=6.55029 6.76957 7.35045 5.99901
threshold=-0.92279040813446034 0.028445742093026642 -0.43792694807052607 0.94047060608863842
decision_type=2 2 2 2
left_child=-1 2 -2 -3
right_child=1 3 -4 -5
leaf_value=0.010313928176841292 0.0054532213956756297 -0.0038232463898850307 -0.00042063359422803999 0.0053498250609050283
leaf_weight=32.152751415967941 236.43847800046206 577.74092791229486 692.69595830887556 49.211257267743349
leaf_count=92 671 1899 2063 151
internal_value=-9.85619e-05 -0.00047993 0.00109429 -0.00286736
internal_weight=1588.24 1556.09 929.134 626.952
internal_count=4876 4784 2734 2050
is_linear=0
shrinkage=0.03


Tree=92
num_leaves=7
num_cat=0
split_feature=1 15 2 12 17 3
split_gain=8.90713 8.06537 8.12794 7.77164 6.67189 3.76645
threshold=0.37342086434364324 -1.35351026058197 -0.37620048224925989 2.200370311737061 1.2052596807479861 -0.88283067941665638
decision_type=2 2 2 2 2 2
left_child=1 3 -3 -1 5 -2
right_child=4 2 -4 -5 -6 -7
leaf_value=-0.0050187899967152954 0 -0.0047947700053969453 0.0034469990412137135 0.0024140426994779711 0 -0.015264005772224719
leaf_weight=308.15647738054395 27.844009473919868 99.443098321557045 857.28268806263804 178.2181013263762 69.412047065794468 50.358539916574955
leaf_count=1023 89 305 2522 536 209 190
internal_value=4.9536e-05 0.000835793 0.00244827 -0.00218898 -0.00646161 -0.011507
internal_weight=1590.71 1443.1 956.726 486.375 147.615 78.2025
internal_count=4874 4386 2827 1559 488 279
is_linear=0
shrinkage=0.03


Tree=93
num_leaves=7
num_cat=0
split_feature=6 8 19 8 7 5
split_gain=8.34145 11.0357 11.6974 6.92531 17.7934 7.15348
threshold=0.050533704459667213 -0.30711987614631647 1.1158062219619753 -0.94103416800498951 -0.011712023522704838 -0.077222798019647584
decision_type=2 2 2 2 2 2
left_child=3 2 -2 4 -1 -5
right_child=1 -3 -4 5 -6 -7
leaf_value=0.0087781984926233337 0.0069177678909861269 -0.0070933709643795761 -0.0031726631956616271 -0.00044990452997024542 -0.0060401869459054585 0.005968704567397439
leaf_weight=85.663150995969772 155.96287343278527 222.49308516085148 225.04977729544044 200.27566188573837 209.64469510316849 474.49498490616679
leaf_count=239 475 731 757 596 666 1390
internal_value=0.000622837 -0.00205336 0.000947127 0.0023562 -0.00126722 0.00401916
internal_weight=1573.58 603.506 381.013 970.078 295.308 674.771
internal_count=4854 1963 1232 2891 905 1986
is_linear=0
shrinkage=0.03


Tree=94
num_leaves=5
num_cat=0
split_feature=14 1 1 18
split_gain=6.5005 6.93372 6.43449 4.06333
threshold=-0.92279040813446034 0.18991009891033175 0.087443500757217421 0.27955116331577307
decision_type=2 2 2 2
left_child=-1 2 -2 -3
right_child=1 3 -4 -5
leaf_value=0.010172195428491506 -0.00048701944636146222 -0.00099924634555411123 0.0053926730229809554 -0.007966773707658751
leaf_weight=31.485000744462013 1016.0252375230193 200.69964787364006 177.83250746130943 139.03661492466927
leaf_count=95 3070 664 553 463
internal_value=-0.000253328 -0.000634181 0.000413789 -0.00430188
internal_weight=1565.08 1533.59 1193.86 339.736
internal_count=4845 4750 3623 1127
is_linear=0
shrinkage=0.03


Tree=95
num_leaves=7
num_cat=0
split_feature=9 8 7 17 14 16
split_gain=7.4473 8.9852 12.742 7.66854 8.90008 7.08297
threshold=0.21211319416761401 -0.093020640313625322 0.99287372827529918 -0.27669425308704371 2.1276322603225712 0.78476065397262584
decision_type=2 2 2 2 2 2
left_child=3 2 -2 5 -5 -1
right_child=1 -3 -4 4 -6 -7
leaf_value=0.0023514001867944666 0.0045246969948048773 -0.0095657551860049376 -0.010881309465664745 0.0020261639637727596 -0.003964880268019398 0.015951209152566734
leaf_weight=147.3675251044333 156.76121388375759 117.39198712259531 46.303020492196083 755.53113456442952 291.55202393978834 37.387995406985283
leaf_count=455 460 362 146 2272 991 109
internal_value=0.0002602 -0.00363022 8.21613e-05 0.00136203 0.00025873 0.00668581
internal_weight=1552.29 320.456 203.064 1231.84 1047.08 184.756
internal_count=4795 968 606 3827 3263 564
is_linear=0
shrinkage=0.03


Tree=96
num_leaves=7
num_cat=0
split_feature=11 0 17 8 14 15
split_gain=5.51663 14.3562 10.9092 8.78799 8.52987 15.7412
threshold=-0.10255805030465125 -1.5935321450233457 1.1277802586555483 0.33889742195606237 -0.1859338507056236 -0.32519702613353724
decision_type=2 2 2 2 2 2
left_child=1 2 -1 -3 5 -2
right_child=4 3 -4 -5 -6 -7
leaf_value=-0.00093703882516655407 0.011471524529416868 0.0036880366592642183 -0.011099160900010164 -0.007356470204358802 -0.00069060605070710623 -0.004687430639583488
leaf_weight=205.5810930095613 137.41507474705577 326.63923862576485 191.88908421993256 58.000838659703732 579.23558839410543 62.825076602399349
leaf_count=676 394 980 683 174 1754 177
internal_value=-0.000616371 -0.00239189 -0.00628349 0.00159304 0.00110537 0.00616397
internal_weight=1561.59 782.11 397.47 384.64 779.476 200.24
internal_count=4838 2513 1359 1154 2325 571
is_linear=0
shrinkage=0.03


Tree=97
num_leaves=6
num_cat=0
split_feature=2 7 17 16 10
split_gain=6.38945 6.06788 5.7556 9.19403 7.62711
threshold=0.5403062403202058 0.19903860241174701 -0.27669425308704371 0.79591122269630443 1.0608870983123782
decision_type=2 2 2 2 2
left_child=2 -2 3 -1 -4
right_child=1 -3 4 -5 -6
leaf_value=0.0011319643283854077 -0.013931940724440327 0.00071031042077170515 -0.0032194597118935697 0.014087764642751235 0.001588189824027233
leaf_weight=233.44902219623327 34.544974245131016 30.9639674089849 461.91294924542308 49.08033087849617 745.65184393152595
leaf_count=715 119 106 1489 138 2271
internal_value=0.000165566 -0.00776196 0.000652002 0.00436349 -0.000224427
internal_weight=1555.6 65.5089 1490.09 282.529 1207.56
internal_count=4838 225 4613 853 3760
is_linear=0
shrinkage=0.03


Tree=98
num_leaves=7
num_cat=0
split_feature=11 0 17 9 16 14
split_gain=5.49009 11.5975 9.09261 7.22212 9.38286 5.5204
threshold=0.42472471296787268 -1.6443733572959898 1.6409689188003542 0.17125389724969867 0.69138178229331981 0.020299896597862247
decision_type=2 2 2 2 2 2
left_child=3 -2 -3 4 -1 -5
right_child=1 2 -4 5 -6 -7
leaf_value=0.0025418925287402673 0.0080633997439747088 -0.0059791077025396497 0.0067987620235948629 -0.00012964629816102064 -0.0036852008432469354 -0.0087276727449609875
leaf_weight=580.85636617988348 184.54763803631067 137.60056475922465 51.432847082614899 137.86606138944626 319.65885797142982 147.27856346592307
leaf_count=1847 544 419 141 388 1014 488
internal_value=-7.67746e-06 0.00303036 -0.00189757 -0.00104907 0.000234218 -0.00504816
internal_weight=1559.24 373.581 189.033 1185.66 900.515 285.145
internal_count=4841 1104 560 3737 2861 876
is_linear=0
shrinkage=0.03


Tree=99
num_leaves=6
num_cat=0
split_feature=5 8 13 15 7
split_gain=7.29852 10.4883 9.6365 10.4461 8.576
threshold=0.2585196346044541 0.67115887999534618 -0.76731261610984791 -1.0392182469367979 -0.71421667933464039
decision_type=2 2 2 2 2
left_child=1 4 -2 -4 -1
right_child=2 -3 3 -5 -6
leaf_value=0.0057588631610871292 0.014565258471007628 -0.011461087457420398 0.0053945836846727201 -0.003771457382920364 -0.0013823332529997641
leaf_weight=162.54929235577583 42.769706323742867 59.784229598939419 247.25967659801245 167.62819154560566 855.94322555139661
leaf_count=504 124 211 768 500 2707
internal_value=0.000330603 -0.00097788 0.00345097 0.00155011 -9.58785e-05
internal_weight=1535.93 1078.28 457.658 414.888 1018.49
internal_count=4814 3422 1392 1268 3211
is_linear=0
shrinkage=0.03


Tree=100
num_leaves=7
num_cat=0
split_feature=7 0 1 6 15 19
split_gain=6.47479 17.9302 10.1365 9.45504 8.64883 8.01366
threshold=1.2654514312744143 -1.6662820577621458 -0.18526773154735562 -0.049317156895995133 -0.54959124326705922 0.41440285742282873
decision_type=2 2 2 2 2 2
left_child=2 -2 4 -3 -1 -4
right_child=1 3 5 -5 -6 -7
leaf_value=0.007780939392670559 -0.01542977229948863 -0.0074788655544642353 -0.0085168883508716289 0.0081265712343194033 -0.0014300337796935179 0.00011226822921308086
leaf_weight=260.83258182182908 65.673978880047798 34.25471768528223 86.842134300619364 72.823855802416801 113.4015444368124 906.04504013806581
leaf_count=751 238 109 281 229 355 2852
internal_value=6.09161e-05 -0.00504976 0.000813466 0.00227085 0.00490666 -0.000736506
internal_weight=1539.87 172.753 1367.12 107.079 374.234 992.887
internal_count=4815 576 4239 338 1106 3133
is_linear=0
shrinkage=0.03


Tree=101
num_leaves=5
num_cat=0
split_feature=1 16 10 17
split_gain=6.51479 5.45622 7.44241 7.42598
threshold=0.61475428938865673 -0.47803004086017603 1.2195628285408022 2.0976219177246098
decision_type=2 2 2 2
left_child=1 2 -1 -3
right_child=-2 3 -4 -5
leaf_value=5.6904326910032135e-05 -0.0096294119898361914 -0.00025086776691927315 -0.014195654634786288 0.0056114135757993214
leaf_weight=62.379590317606926 44.259638659656048 1195.6401891410351 34.739504933357239 208.6072022728622
leaf_count=185 144 3721 112 656
internal_value=-0.000263992 9.56175e-05 -0.00608249 0.000644442
internal_weight=1545.63 1501.37 97.1191 1404.25
internal_count=4818 4674 297 4377
is_linear=0
shrinkage=0.03


Tree=102
num_leaves=7
num_cat=0
split_feature=20 13 1 13 17 12
split_gain=6.06798 9.97185 9.59117 11.0598 7.41159 7.24925
threshold=1.0000000180025095e-35 0.51388072967529308 0.19275278598070147 0.25426773726940161 1.1769986748695376 2.2985190153121953
decision_type=2 2 2 2 2 2
left_child=2 5 3 -1 -4 -2
right_child=1 -3 4 -5 -6 -7
leaf_value=-0.0034512827263219669 0.011380206360921985 -0.0014102599022818442 -0.010031379146413864 0.0030891773086024871 0 0
leaf_weight=360.97127190232277 131.42079293727875 183.99084527790546 139.65405556187034 569.47283940017223 107.95851666852832 69.410330835729837
leaf_count=1116 375 593 482 1734 357 220
internal_value=0.000134409 0.00334039 -0.000901051 0.000469409 -0.0059252 0.00769793
internal_weight=1562.88 384.822 1178.06 930.444 247.613 200.831
internal_count=4877 1188 3689 2850 839 595
is_linear=0
shrinkage=0.03


Tree=103
num_leaves=7
num_cat=0
split_feature=9 4 7 3 18 16
split_gain=7.10582 10.7694 9.90797 15.0237 11.9316 6.32262
threshold=-0.012052070815116165 0.61123332381248485 0.23514713346958163 -1.1585068106651304 -0.74223485589027394 -0.1681047901511192
decision_type=2 2 2 2 2 2
left_child=2 5 4 -4 -1 -2
right_child=1 -3 3 -5 -6 -7
leaf_value=-0.0032049449154409331 0.0032016106070096671 0.0046799096601903237 -0.0075133870187124273 0.0029734680363257323 0.0080608764689069478 -0.0054681728060662384
leaf_weight=94.03435630351305 66.557274892926216 132.82161888480186 180.86510121077299 290.49287416040897 297.62055080011487 475.86655130237341
leaf_count=281 200 367 589 920 921 1574
internal_value=0 -0.00230015 0.0017541 -0.00107037 0.00518596 -0.00422166
internal_weight=1538.26 675.245 863.013 471.358 391.655 542.424
internal_count=4852 2141 2711 1509 1202 1774
is_linear=0
shrinkage=0.03


Tree=104
num_leaves=7
num_cat=0
split_feature=6 7 5 10 12 3
split_gain=6.10288 9.09261 8.97385 8.71494 8.3937 13.1805
threshold=-0.090537354350090013 0.82930517196655285 -0.42063637077808375 1.3364939093589785 1.7856170535087588 -1.5363268256187437
decision_type=2 2 2 2 2 2
left_child=4 2 -2 -3 5 -1
right_child=1 3 -4 -5 -6 -7
leaf_value=-0.011934045373315055 0.0043052490627245492 0.0066306694657071955 -0.0055067160553900502 -0.0035644762762634939 0.0061636613679624981 0.0013681938976303684
leaf_weight=60.728953339159489 75.490935288369656 151.04647353664041 575.98625388368964 109.96555960178375 206.72546344995499 357.47763358429074
leaf_count=213 228 497 1883 365 597 1081
internal_value=-0.000725188 -0.00229485 -0.00418602 0.00217391 0.0014738 -0.000883055
internal_weight=1537.42 912.489 651.477 261.012 624.932 418.207
internal_count=4864 2973 2111 862 1891 1294
is_linear=0
shrinkage=0.03


Tree=105
num_leaves=7
num_cat=0
split_feature=1 6 8 2 5 12
split_gain=7.16615 8.11262 12.1252 6.05133 3.50057 1.43994
threshold=0.4252584725618363 0.34434631466865545 -0.23843093961477277 0.12287525087594987 -0.23478641360998151 1.1069374084472658
decision_type=2 2 2 2 2 2
left_child=1 3 -3 -1 -2 -6
right_child=4 2 -4 -5 5 -7
leaf_value=0.00095377362533696428 0.00066937217750161345 0.015069641863066197 -0.003208064985023931 -0.0039588817202323478 -0.014012386656734478 -0.0025505273274316529
leaf_weight=1049.8012584485114 24.194863185286522 59.78824745118618 37.693036716431379 265.52059791237116 30.636933214962482 46.52009230107069
leaf_count=3212 85 187 127 907 133 140
internal_value=0 0.000591361 0.00814851 -3.74397e-05 -0.00700131 -0.00966688
internal_weight=1514.16 1412.8 97.4813 1315.32 101.352 77.157
internal_count=4791 4433 314 4119 358 273
is_linear=0
shrinkage=0.03


Tree=106
num_leaves=7
num_cat=0
split_feature=3 15 17 18 6 17
split_gain=8.05552 12.6919 8.83082 8.46068 5.90863 8.32178
threshold=0.2865652740001679 -1.0835101604461668 0.15333646535873416 -0.62103137373924244 0.49022608995437628 2.4896864891052251
decision_type=2 2 2 2 2 2
left_child=4 3 -3 -2 5 -1
right_child=1 2 -4 -5 -6 -7
leaf_value=0.00074857124821276302 0.00041738808839451093 -0.0079797846336311425 0.0072389324918502012 -0.015383679931209789 0.0083186759720664128 -0.0077871453318119266
leaf_weight=1139.7222117129713 30.942180588841438 32.235678177326918 74.769279606640339 89.120544411242008 61.783555161207914 92.793262135237455
leaf_count=3549 107 99 234 328 196 298
internal_value=-0.000388023 -0.00537591 0.00164717 -0.011405 0.000509875 0
internal_weight=1521.37 227.068 107.005 120.063 1294.3 1232.52
internal_count=4811 768 333 435 4043 3847
is_linear=0
shrinkage=0.03


Tree=107
num_leaves=7
num_cat=0
split_feature=6 15 15 18 7 14
split_gain=7.44418 9.98706 7.54921 10.3632 10.1917 7.52123
threshold=0.029101713560521606 -0.59958741068840016 -0.5806044042110442 0.32189966738224035 1.2654514312744143 -0.31571267545223231
decision_type=2 2 2 2 2 2
left_child=2 -2 4 -4 -1 -3
right_child=1 5 3 -5 -6 -7
leaf_value=0.0051867458720181309 -0.0049671846789781657 -0.0061792640899209885 -0.0063458271142522778 0.0044007601422986738 -0.0058095555931750396 0.0058350556219517015
leaf_weight=551.32490759342909 410.52447339519858 41.038110107183456 173.84168109484017 114.50763580948114 65.625813171267509 161.14236393943429
leaf_count=1638 1422 136 539 349 225 512
internal_value=0.000161917 -0.00230548 0.00191043 -0.00187498 0.00377717 0.00278965
internal_weight=1518 612.705 905.3 288.349 616.951 202.18
internal_count=4821 2070 2751 888 1863 648
is_linear=0
shrinkage=0.03


Tree=108
num_leaves=7
num_cat=0
split_feature=11 7 4 13 8 5
split_gain=6.69819 7.44933 9.94602 6.94354 6.46885 6.20379
threshold=-0.46060559153556818 0.82930517196655285 0.18273977190256122 1.0922019481658938 -1.1977398991584776 0.11028020828962327
decision_type=2 2 2 2 2 2
left_child=4 2 -2 -3 -1 -6
right_child=1 3 -4 -5 5 -7
leaf_value=-0.010656620578805816 -0.00192982212604433 0.0072833852993034257 0.0059254050247531977 -0.0046963618318071826 0.0018127361485917968 -0.0055789299463511327
leaf_weight=65.322812840342522 648.20635394006968 233.34193405508995 164.69702796638012 31.853427797555923 223.32158787921071 150.07466652244329
leaf_count=234 2052 694 464 119 765 497
internal_value=-6.80621e-06 0.00122626 -0.000162221 0.00540564 -0.00308906 -0.00113818
internal_weight=1516.82 1078.1 812.903 265.195 438.719 373.396
internal_count=4825 3329 2516 813 1496 1262
is_linear=0
shrinkage=0.03


Tree=109
num_leaves=7
num_cat=0
split_feature=16 9 7 14 5 9
split_gain=6.28929 10.9965 11.3793 9.82451 11.0511 9.59092
threshold=0.43628494441509252 -0.0014374412712641058 -0.76554378867149342 0.027295416221022609 0.12178798392415048 -0.18272566050291059
decision_type=2 2 2 2 2 2
left_child=1 5 -3 -2 -5 -1
right_child=3 2 -4 4 -6 -7
leaf_value=-0.0037956915118531865 0.0055815752515761263 0.0022159632304830771 -0.009956761990117179 0.0039269880757363514 -0.0041930191736032326 0.00633866806950442
leaf_weight=126.71895483136177 374.43910849839449 82.942533239722252 190.81606784276664 250.86510471999645 316.00687300786376 168.69458731636405
leaf_count=407 1091 254 626 849 1077 526
internal_value=0.00040813 -0.00198882 -0.00616468 0.0019311 -0.000485965 0.00183623
internal_weight=1510.48 569.172 273.759 941.311 566.872 295.414
internal_count=4830 1813 880 3017 1926 933
is_linear=0
shrinkage=0.03


Tree=110
num_leaves=7
num_cat=0
split_feature=20 13 2 5 13 4
split_gain=6.19396 11.2014 19.0435 8.42485 8.03326 5.3598
threshold=1.0000000180025095e-35 0.25426773726940161 0.1478046849370003 0.56933373212814342 0.23050010204315188 0.03943468630313874
decision_type=2 2 2 2 2 2
left_child=1 3 -3 -1 -2 -6
right_child=4 2 -4 -5 5 -7
leaf_value=-0.006272328337317278 0.0083027935208750542 0.0037516895593372891 -0.0073244705144267308 0.0072060083031756312 -0.0041001775465252738 0.0040789746611369941
leaf_weight=417.01159138604999 132.37580121308565 525.0237326361239 166.50816723704338 25.497390367090702 138.38641510531306 110.60725376754999
leaf_count=1373 412 1634 594 75 440 359
internal_value=-0.000303543 -0.00145102 0.000869513 -0.00508796 0.00286139 -0.000210669
internal_weight=1515.41 1134.04 691.532 442.509 381.369 248.994
internal_count=4887 3676 2228 1448 1211 799
is_linear=0
shrinkage=0.03


Tree=111
num_leaves=7
num_cat=0
split_feature=10 8 14 7 4 5
split_gain=6.4059 11.3801 8.47901 7.19109 13.3065 12.123
threshold=1.5071926712989809 -0.16716074198484418 -0.1859338507056236 -0.28263476490974421 -0.14685130119323728 -0.2723716646432876
decision_type=2 2 2 2 2 2
left_child=3 2 -2 5 -5 -1
right_child=1 -3 -4 4 -6 -7
leaf_value=0.0022331004121770278 0.013308449495929513 -0.0039671564061787238 0.0023923559755166376 0.0044120572753688567 -0.0035106609283592459 -0.0097465922030729752
leaf_weight=101.70701453462243 77.179669432342052 142.01263866946101 287.83384633809328 336.07964719459414 389.84838128834963 178.7887494713068
leaf_count=302 211 480 922 1044 1317 589
internal_value=-1.72776e-05 0.0026318 0.00542775 -0.00143559 9.6799e-05 -0.0053436
internal_weight=1513.45 507.026 365.014 1006.42 725.928 280.496
internal_count=4865 1613 1133 3252 2361 891
is_linear=0
shrinkage=0.03


Tree=112
num_leaves=7
num_cat=0
split_feature=11 13 14 4 0 5
split_gain=5.48895 7.02708 7.56494 7.56191 6.11323 6.2093
threshold=-0.44552242755889887 0.74971535801887523 2.7397441864013676 -0.42732049524784083 -1.5514461398124693 0.087651334702968611
decision_type=2 2 2 2 2 2
left_child=4 3 -3 -2 -1 -6
right_child=1 2 -4 -5 5 -7
leaf_value=-0.0058279936338896691 0.012658222397847564 -0.0045855849382383379 0.0063218028083098952 0.0016936652781676285 0.0053581126373664547 -0.0040426769120427671
leaf_weight=240.10430651158094 45.939587146043777 264.27562751993537 49.380613185465336 709.04308672621846 112.84484992176294 97.061073176562786
leaf_count=883 125 858 167 2187 353 308
internal_value=0 0.00116152 -0.00241254 0.00274772 -0.00271766 0.000776655
internal_weight=1518.65 1068.64 313.656 754.983 450.01 209.906
internal_count=4881 3337 1025 2312 1544 661
is_linear=0
shrinkage=0.03


Tree=113
num_leaves=6
num_cat=0
split_feature=13 10 14 10 12
split_gain=5.48526 5.5634 10.3165 9.57265 1.9413
threshold=1.1873055100440981 1.049028813838959 0.073359530419111266 0.37643018364906317 1.9753989577293398
decision_type=2 2 2 2 2
left_child=1 3 -3 -1 -2
right_child=4 2 -4 -5 -6
leaf_value=0.0071480098900070328 -0.01060949586970047 0.0056289181570680791 -0.00059090591405621935 -0.0037378945023414899 0
leaf_weight=64.824394479393959 36.161406639963388 373.07240505516529 570.55728883296251 429.36391570791602 21.819357849657536
leaf_count=199 142 1080 1908 1440 74
internal_value=4.81596e-05 0.000500926 0.00187168 -0.00197077 -0.00765906
internal_weight=1495.8 1437.82 943.63 494.188 57.9808
internal_count=4843 4627 2988 1639 216
is_linear=0
shrinkage=0.03


Tree=114
num_leaves=7
num_cat=0
split_feature=19 18 0 12 19 7
split_gain=6.88408 11.7188 10.6339 8.01115 12.1715 11.8007
threshold=1.2771674990653994 -0.13489732891321179 -0.83705812692642201 0.71061390638351452 1.2119128704071047 1.4351523518562319
decision_type=2 2 2 2 2 2
left_child=3 -2 -3 4 -1 -5
right_child=1 2 -4 5 -6 -7
leaf_value=-0.0031579629697943263 0.0026815730696486779 -0.010667218430276638 0.0045736638066704409 0.0046807238080063566 0.010853468754644796 -0.0091535531736851687
leaf_weight=462.73703256621957 141.09210377186537 176.7383626177907 33.779494516551495 585.27829253301024 42.201119914650917 39.980339996516705
leaf_count=1530 484 623 101 1809 125 127
internal_value=9.34741e-06 -0.00350018 -0.00777676 0.00119522 -0.00150373 0.00344685
internal_weight=1481.81 351.61 210.518 1130.2 504.938 625.259
internal_count=4799 1208 724 3591 1655 1936
is_linear=0
shrinkage=0.03


Tree=115
num_leaves=6
num_cat=0
split_feature=15 15 6 7 8
split_gain=6.2152 6.75063 10.1986 8.59878 0.903198
threshold=0.86729091405868541 -1.4747812151908872 -0.30653645098209376 1.276182293891907 -0.46035140752792353
decision_type=2 2 2 2 2
left_child=1 2 -1 -3 -2
right_child=4 3 -4 -5 -6
leaf_value=0.0058641767206865933 -0.00076983448812029717 0.0022439396451144132 -0.0052618943157602925 -0.0066395563097973107 -0.012204899806194863
leaf_weight=70.081892192363739 25.066805966198444 918.32173098623753 356.6590221747756 87.566833097487688 25.062431484460831
leaf_count=201 85 2916 1259 302 78
internal_value=-0.000470481 -1.61262e-06 -0.00311967 0.00129774 -0.00919269
internal_weight=1482.76 1432.63 426.741 1005.89 50.1292
internal_count=4841 4678 1460 3218 163
is_linear=0
shrinkage=0.03


Tree=116
num_leaves=7
num_cat=0
split_feature=1 7 18 14 7 5
split_gain=6.21992 8.71017 10.7297 8.37715 6.02686 8.5237
threshold=-0.23176448792219159 0.53690773248672496 0.2192279323935509 2.293581604957581 0.86198273301124584 0.57930499315261852
decision_type=2 2 2 2 2 2
left_child=1 2 -1 -3 5 -2
right_child=4 3 -4 -5 -6 -7
leaf_value=8.9811190000800545e-05 -0.0029592732832359756 -0.0073283262374034732 0.013972477901697013 0.0065489634463643358 0.0027056095336677253 0.0077808115948457893
leaf_weight=107.54189990460873 815.90641920268536 81.582985728979111 91.689621910452843 41.511165253818035 292.09754578769207 50.575856074690819
leaf_count=339 2673 260 279 136 996 152
internal_value=0.0001801 0.00376962 0.00744435 -0.00196793 -0.000814645 -0.0021033
internal_weight=1480.91 322.326 199.232 123.094 1158.58 866.482
internal_count=4835 1014 618 396 3821 2825
is_linear=0
shrinkage=0.03


Tree=117
num_leaves=7
num_cat=0
split_feature=18 19 8 10 4 19
split_gain=5.90444 11.2454 13.314 11.6388 10.9164 17.9123
threshold=-0.30510187149047846 1.0266221761703493 -0.68271487951278675 1.0608870983123782 -0.17628499120473859 1.0012663006782534
decision_type=2 2 2 2 2 2
left_child=4 2 -2 -3 5 -1
right_child=1 3 -4 -5 -6 -7
leaf_value=-0.005905310506000027 0.0095746701463399093 -0.0095373804435090106 -0.0010198167330753992 -0.00050228595924516832 -0.00040939248111258636 0.013461730300027001
leaf_weight=41.184243872761726 141.05339135974646 180.97536358609796 283.12990175560117 405.32219184190035 291.51458913832903 136.36945722252131
leaf_count=135 414 636 942 1332 977 421
internal_value=0.000319192 -0.000929193 0.00264057 -0.00361277 0.0030592 0.0085227
internal_weight=1479.55 1010.48 424.183 586.298 469.068 177.554
internal_count=4857 3324 1356 1968 1533 556
is_linear=0
shrinkage=0.03


Tree=118
num_leaves=7
num_cat=0
split_feature=2 15 19 19 19 16
split_gain=6.1798 9.75759 8.68521 6.26725 3.8173 4.36395
threshold=-0.0037154708988964553 -0.63154941797256459 1.0677846074104311 1.2059423327445986 1.639289438724518 0.21643318235874179
decision_type=2 2 2 2 2 2
left_child=1 3 -3 -1 5 -2
right_child=4 2 -4 -5 -6 -7
leaf_value=0.0065518982398171189 0.0015798644712168627 0.0016156083637321645 -0.0084305386393694025 0 0.0050099493818784703 -0.0040498838053069364
leaf_weight=332.87666454911232 133.90912714973092 159.96057882905006 110.66051522269845 199.65958764404058 39.539166837930679 490.99942974559963
leaf_count=1031 465 488 359 646 140 1687
internal_value=8.84785e-06 0.00179942 -0.00258341 0.00414814 -0.0020572 -0.00273889
internal_weight=1467.61 803.157 270.621 532.536 664.448 624.909
internal_count=4816 2524 847 1677 2292 2152
is_linear=0
shrinkage=0.03


Tree=119
num_leaves=6
num_cat=0
split_feature=13 14 5 10 9
split_gain=5.07617 5.0106 14.944 7.3545 3.62137
threshold=1.1506054401397707 0.073359530419111266 0.26914151012897497 0.65637439489364635 -0.097239769995212541
decision_type=2 2 2 2 2
left_child=1 2 -1 -3 -2
right_child=4 3 -4 -5 -6
leaf_value=-0.00072732673807300683 0.00020684714984488001 0.0068530843803527265 0.0089786279340081983 -0.0021896936122448468 -0.010585510716194775
leaf_weight=414.36829093471169 28.676276199519634 69.216641917824745 188.61707973852754 713.98888730630279 48.294293489307165
leaf_count=1292 105 239 536 2464 187
internal_value=-6.16895e-05 0.000356542 0.00240321 -0.00116508 -0.00673257
internal_weight=1463.16 1386.19 602.985 783.206 76.9706
internal_count=4823 4531 1828 2703 292
is_linear=0
shrinkage=0.03


Tree=120
num_leaves=7
num_cat=0
split_feature=5 16 13 8 19 1
split_gain=4.80836 7.49611 7.42084 6.12922 7.31044 5.08539
threshold=-0.27958998084068293 -0.12257436290383338 -0.8597140610218047 -0.16716074198484418 1.0708258748054507 -0.070615038275718675
decision_type=2 2 2 2 2 2
left_child=3 -2 -3 4 -1 -5
right_child=1 2 -4 5 -6 -7
leaf_value=0.009696973146395952 -0.007893449635839659 0.0076955535544856579 -0.00091573248044128479 -0.0090623972458437913 -0.0042925512546223817 0.0034132195475999058
leaf_weight=127.38241093233228 107.21400357037783 78.039444543421268 1048.7614660784602 34.743033967912197 24.309588570147753 38.469926465302706
leaf_count=379 356 265 3473 121 91 134
internal_value=-0.000193357 -0.000979565 -0.000143209 0.00360315 0.00686673 -0.00253755
internal_weight=1458.92 1234.01 1126.8 224.905 151.692 73.213
internal_count=4819 4094 3738 725 470 255
is_linear=0
shrinkage=0.03


Tree=121
num_leaves=7
num_cat=0
split_feature=4 2 16 6 1 18
split_gain=5.79437 17.6304 8.89023 7.88887 6.88106 11.6472
threshold=-0.15296715497970578 0.092970356345176711 -0.015302859246730803 0.1304881349205971 -0.076380196958780275 0.69813755154609691
decision_type=2 2 2 2 2 2
left_child=1 2 -1 -3 5 -2
right_child=4 3 -4 -5 -6 -7
leaf_value=-0.004114921798942784 -0.0066693165296039802 -0.011177021376656231 0.0074345536605506428 0.0013941362579920804 0.0012031051149932418 0.0061735545012141929
leaf_weight=49.880586922168732 281.66661508381367 75.569558065384626 396.37383272126317 63.459716968238354 547.29155922681093 58.977929584681988
leaf_count=164 944 266 1226 234 1843 178
internal_value=0.000679302 0.00296749 0.00589378 -0.00560795 -0.000795017 -0.00406033
internal_weight=1473.22 585.284 446.254 139.029 887.936 340.645
internal_count=4855 1890 1390 500 2965 1122
is_linear=0
shrinkage=0.03


Tree=122
num_leaves=7
num_cat=0
split_feature=4 10 17 1 5 7
split_gain=4.57476 9.77064 7.45896 8.14763 6.80403 6.2431
threshold=-0.14076813310384748 1.3933144807815554 2.040319681167603 0.13676335662603381 -0.2586244791746139 0.99287372827529918
decision_type=2 2 2 2 2 2
left_child=2 4 3 -1 -2 -3
right_child=1 5 -4 -5 -6 -7
leaf_value=0.0014928513205138788 0 0.0028300243185157203 0.0084818498467123232 -0.0069065280208613243 -0.0079236522665033799 -0.0059783104352187618
leaf_weight=432.43003756925464 145.44169669598341 323.41013199463487 80.174969624727964 113.91985034942627 288.8571869507432 69.784611649811268
leaf_count=1362 471 1031 275 396 1067 246
internal_value=-0.000922542 -0.0023835 0.000928284 -0.000334617 -0.00540415 0.000907801
internal_weight=1454.02 827.494 626.525 546.35 434.299 393.195
internal_count=4848 2815 2033 1758 1538 1277
is_linear=0
shrinkage=0.03


Tree=123
num_leaves=5
num_cat=0
split_feature=14 14 3 1
split_gain=5.3365 10.1556 4.38375 0.647492
threshold=-0.92279040813446034 -0.61076638102531422 0.55922400951385509 0.056720515713095672
decision_type=2 2 2 2
left_child=-1 3 -3 -2
right_child=1 2 -4 -5
leaf_value=0.00966744937503272 -0.011607801866310941 0.00093850659208634315 -0.0045707927279362631 -0.00099667543131738722
leaf_weight=30.08221922814846 51.616938926279545 1227.628153976053 123.47650790587068 24.46352169662714
leaf_count=94 166 4037 465 85
internal_value=2.46553e-06 -0.000290581 0.000331926 -0.00973799
internal_weight=1457.27 1427.19 1351.1 76.0805
internal_count=4847 4753 4502 251
is_linear=0
shrinkage=0.03


Tree=124
num_leaves=6
num_cat=0
split_feature=13 13 3 3 1
split_gain=3.81098 3.50783 9.93039 9.68658 0.468349
threshold=1.2125722169876101 0.56055760383605968 -0.63058805465698231 -1.1469975113868711 -0.11276549473404883
decision_type=2 2 2 2 2
left_child=1 2 -1 -3 -2
right_child=4 3 -4 -5 -6
leaf_value=0.0024018326090572734 0 -0.0018753411575664907 -0.0040479444752211389 0.0056846661781253709 -0.0087548015342230456
leaf_weight=460.23687519133091 22.49104680866003 234.1410913169384 364.94244092516601 342.80677732825279 22.290036432445049
leaf_count=1478 87 775 1236 1156 92
internal_value=0.000431965 0.000788296 -0.000407934 0.00255606 -0.00659767
internal_weight=1446.91 1402.13 825.179 576.948 44.7811
internal_count=4824 4645 2714 1931 179
is_linear=0
shrinkage=0.03


Tree=125
num_leaves=7
num_cat=0
split_feature=11 0 18 7 7 9
split_gain=5.04662 6.79082 6.50772 7.42491 5.59957 5.11453
threshold=-0.38862635195255274 -1.5514461398124693 0.62981098890304577 0.81961971521377575 0.038577299565076835 0.37590232491493231
decision_type=2 2 2 2 2 2
left_child=1 -1 3 -2 -4 -3
right_child=2 5 4 -5 -6 -7
leaf_value=-0.0055893462752923092 -0.001514881392787523 0.0036138143597405741 0.011367645604469293 0.0050511009128596969 0.00097635222647811902 -0.0069181266054380722
leaf_weight=248.02384443581104 613.2281576320529 178.70773975551128 77.906667632982135 184.97130316123366 125.07226637005806 30.601168438792229
leaf_count=954 1993 584 233 608 390 109
internal_value=0.000135694 -0.00236743 0.00136183 1.96348e-05 0.00589567 0.00134329
internal_weight=1458.51 457.333 1001.18 798.199 202.979 209.309
internal_count=4871 1647 3224 2601 623 693
is_linear=0
shrinkage=0.03


Tree=126
num_leaves=7
num_cat=0
split_feature=2 9 18 13 12 18
split_gain=3.84513 4.4911 7.89406 6.71194 3.18456 3.93969
threshold=0.3408616334199906 -0.20024491846561429 -1.4852403402328489 0.11956020817160608 1.1301881670951845 0.17515712231397632
decision_type=2 2 2 2 2 2
left_child=1 3 -3 -1 5 -2
right_child=4 2 -4 -5 -6 -7
leaf_value=0.0033852047077035734 0 -0.0047696504307660941 0.0028541079343151711 -0.0051027700041585333 0 -0.012813317559316329
leaf_weight=103.47782378643751 40.657190166413784 118.88876431062818 843.67028012126684 219.9642120115459 70.506534695625305 36.19581289216876
leaf_count=347 150 412 2759 734 240 148
internal_value=0.000130565 0.000716747 0.00177349 -0.00217354 -0.00410084 -0.00765842
internal_weight=1433.36 1286 962.559 323.442 147.36 76.853
internal_count=4790 4252 3171 1081 538 298
is_linear=0
shrinkage=0.03


Tree=127
num_leaves=7
num_cat=0
split_feature=3 5 13 5 18 8
split_gain=5.33213 13.2283 10.8576 5.62608 12.5893 12.1148
threshold=-1.5363268256187437 0.17387128621339801 0.61864033341407787 0.084043867886066451 0.76296895742416393 0.067554920911788954
decision_type=2 2 2 2 2 2
left_child=1 -1 -3 4 -2 -5
right_child=3 2 -4 5 -6 -7
leaf_value=-0.011579651260964489 0.0012518330997446773 0.0063442485757905578 -0.005843827287928309 -0.0035641637009381365 0.014462369742441535 0.0078996612259937121
leaf_weight=93.751183744519949 571.52543742954731 125.72368002682924 98.055425100028515 397.85856284573674 56.603402525186539 82.092095345258713
leaf_count=327 1923 406 347 1319 173 269
internal_value=5.73787e-05 -0.00320738 0.00071627 0.00108639 0.00294441 -0.00124577
internal_weight=1425.61 317.53 223.779 1108.08 628.129 479.951
internal_count=4764 1080 753 3684 2096 1588
is_linear=0
shrinkage=0.03


Tree=128
num_leaves=7
num_cat=0
split_feature=18 6 9 3 6 9
split_gain=6.67523 13.5778 12.1112 11.3183 10.4473 8.32728
threshold=-0.36768367886543268 0.014312134589999916 0.39256145060062414 -0.63058805465698231 0.16434615105390551 0.11483142897486688
decision_type=2 2 2 2 2 2
left_child=1 -1 4 -4 -2 -3
right_child=2 5 3 -5 -6 -7
leaf_value=0.0078182183518271265 -0.0017724685298844828 -0.0073646716730507208 0.0012261538911559578 -0.016482254041970196 0.0057677723992750479 0.0036754245697873866
leaf_weight=231.80428468808532 715.2984792329371 112.01563229784369 39.356563381850719 63.47840853780508 193.20593688637018 90.293901063501835
leaf_count=747 2359 394 135 230 689 303
internal_value=1.71168e-05 0.00308686 -0.00127669 -0.0101203 -1.4615e-05 -0.00228004
internal_weight=1445.45 434.114 1011.34 102.835 908.504 202.31
internal_count=4857 1444 3413 365 3048 697
is_linear=0
shrinkage=0.03


Tree=129
num_leaves=7
num_cat=0
split_feature=17 0 1 9 7 9
split_gain=8.12471 11.3834 7.76462 8.67161 7.10962 5.76867
threshold=1.7040384411811831 -1.5250180363655088 -0.18526773154735562 -0.23516375571489331 0.53690773248672496 0.22791215777397159
decision_type=2 2 2 2 2 2
left_child=2 4 3 -1 -2 -3
right_child=1 5 -4 -5 -6 -7
leaf_value=-0.0050179957103517964 0.0028798003867218187 0.011614036644143224 -0.0029563176704125323 0.0054731622120615803 -0.0077154190559798408 -0.00075189362217451341
leaf_weight=76.421648472547531 131.21198868006468 131.65182182192802 789.68738143891096 226.57921697199345 69.27083620429039 29.443211078643799
leaf_count=239 458 400 2685 728 286 91
internal_value=-3.87693e-05 0.00369731 -0.00137322 0.0024945 -0.000876719 0.00918917
internal_weight=1454.27 361.578 1092.69 303.001 200.483 161.095
internal_count=4887 1235 3652 967 744 491
is_linear=0
shrinkage=0.03


Tree=130
num_leaves=7
num_cat=0
split_feature=9 7 3 4 4 19
split_gain=3.98804 8.26491 11.3941 8.13459 6.44502 8.29853
threshold=-0.0038902129745110865 0.22596690803766253 -1.5611675977706907 -0.22383868694305417 -0.31398521363735193 1.2631453871726992
decision_type=2 2 2 2 2 2
left_child=1 3 -3 -1 -2 -6
right_child=4 2 -4 -5 5 -7
leaf_value=-0.00061605835383521639 -0.011220127734307644 -0.01014760460369379 0.0011690902134949158 0.0080189302234189991 0.001552991265381749 -0.0064590293913810359
leaf_weight=136.25532042235136 37.4543337225914 79.329533198848367 371.84892747551203 233.09365924447775 417.72057128697634 136.83245188742876
leaf_count=429 133 312 1217 762 1406 500
internal_value=0.000199349 0.00157452 -0.00103963 0.00481131 -0.00159778 -0.000475516
internal_weight=1412.53 820.527 451.178 369.349 592.007 554.553
internal_count=4759 2720 1529 1191 2039 1906
is_linear=0
shrinkage=0.03


Tree=131
num_leaves=7
num_cat=0
split_feature=8 5 15 10 10 17
split_gain=8.07878 10.3572 7.04703 6.58507 14.8256 8.37152
threshold=-0.28332446515560145 0.22443872690200808 -0.026456691324710842 1.0405309200286867 0.59429049491882335 0.691278636455536
decision_type=2 2 2 2 2 2
left_child=3 2 -2 4 -1 -5
right_child=1 -3 -4 5 -6 -7
leaf_value=0.006087110854859668 -0.008903451438500725 0.0018435567267993955 0.0022456930192139108 -0.00019738399731869318 -0.0064365704555117264 0.0064139211857266792
leaf_weight=112.28467789292336 228.98398483917117 187.12773346155882 45.380532741546631 302.22677673771977 210.85534401983023 332.25847768597305
leaf_count=364 830 604 148 978 741 1122
internal_value=-3.68767e-05 -0.00325683 -0.00682824 0.00148837 -0.00180884 0.00326326
internal_weight=1419.12 461.492 274.365 957.625 323.14 634.485
internal_count=4787 1582 978 3205 1105 2100
is_linear=0
shrinkage=0.03


Tree=132
num_leaves=7
num_cat=0
split_feature=11 0 0 16 18 17
split_gain=7.04986 13.9202 9.01013 7.56331 7.2925 6.37646
threshold=0.06722669675946237 -0.94158935546874989 -0.25420035421848292 -0.41695855557918543 -0.084478583186864839 1.9220597147941592
decision_type=2 2 2 2 2 2
left_child=2 3 5 -2 -3 -1
right_child=1 4 -4 -5 -6 -7
leaf_value=-0.0040312649732488727 -0.0064554089642927812 -0.012354886889061039 0.0097223707385672535 0.0060394591738653705 0.00053711265484101796 0.001903576420157844
leaf_weight=631.06565721333027 27.484354965388775 53.784616068005562 36.074143774807453 423.89841310307384 63.92207907140255 188.48637278750539
leaf_count=2214 75 168 102 1385 203 688
internal_value=-3.7879e-05 0.00245778 -0.00178452 0.00490976 -0.00585683 -0.00258203
internal_weight=1424.72 569.089 855.626 451.383 117.707 819.552
internal_count=4835 1831 3004 1460 371 2902
is_linear=0
shrinkage=0.03


Tree=133
num_leaves=7
num_cat=0
split_feature=17 2 11 6 13 16
split_gain=4.49695 10.7787 7.37928 6.08042 6.01916 4.84528
threshold=1.7040384411811831 -0.38177454471588129 -0.31889458000659937 -0.36648890376090998 0.79799100756645214 0.52632048726081859
decision_type=2 2 2 2 2 2
left_child=3 -2 -3 4 -1 -5
right_child=1 2 -4 5 -6 -7
leaf_value=0.0081390546119361647 -0.0099047794249105606 -0.00044080998799562857 0.0081131455444825914 -0.0045809881859211563 -0.0039612109796652497 -9.9465944930948142e-05
leaf_weight=94.332309722900391 31.854463048279285 132.88950061798096 192.92160748317838 366.29876926541328 32.634004667401314 563.48774879798293
leaf_count=278 120 498 628 1298 118 1890
internal_value=-5.51743e-05 0.00271791 0.004627 -0.00108252 0.00450486 -0.00198746
internal_weight=1414.42 357.666 325.811 1056.75 126.966 929.787
internal_count=4830 1246 1126 3584 396 3188
is_linear=0
shrinkage=0.03


Tree=134
num_leaves=7
num_cat=0
split_feature=17 14 14 12 8 19
split_gain=6.13478 8.66507 11.7425 4.82104 4.69334 8.30472
threshold=-0.27669425308704371 1.1631538271903994 0.08513751253485681 2.2338365316390996 -0.12748648226261136 1.0172009468078616
decision_type=2 2 2 2 2 2
left_child=1 2 -1 -3 5 -2
right_child=4 3 -4 -5 -6 -7
leaf_value=0.0037363613710517615 0.0045180275402879107 0.012575545726025438 -0.012129893969887787 0 -0.0038933464703431796 -0.0016461670748538102
leaf_weight=141.58748235926032 270.78498436138034 87.341776138171554 36.511434853076935 29.997461263090372 301.01963846385479 578.4179072342813
leaf_count=438 862 301 120 105 1047 2016
internal_value=0.000173636 0.00391726 -0.000109685 0.00959218 -0.000787168 0.000309109
internal_weight=1445.66 295.438 178.099 117.339 1150.22 849.203
internal_count=4889 964 558 406 3925 2878
is_linear=0
shrinkage=0.03


Tree=135
num_leaves=7
num_cat=0
split_feature=13 7 2 15 4 19
split_gain=4.77194 9.93829 4.2454 3.17661 1.492 1.43551
threshold=1.0850727558135989 -0.065510712563991533 0.5403062403202058 -2.0526118278503414 0.3865413516759873 1.1514074206352236
decision_type=2 2 2 2 2 2
left_child=2 -2 3 -1 -4 -3
right_child=1 5 4 -5 -6 -7
leaf_value=-0.0038830303961803064 0.0044264851994777685 -0.0010971399871099476 -0.010289671160478979 0.00073951184171315001 0 -0.014431777741056355
leaf_weight=130.09709322825074 33.134219355881214 23.817189067602158 28.90889460965991 1131.6743952035904 22.597070310264826 48.434767808765173
leaf_count=450 118 89 125 3781 75 199
internal_value=-0.000775281 -0.00638436 -0.000191151 0.000162935 -0.0073239 -0.0118774
internal_weight=1418.66 105.386 1313.28 1261.77 51.506 72.252
internal_count=4837 406 4431 4231 200 288
is_linear=0
shrinkage=0.03


Tree=136
num_leaves=7
num_cat=0
split_feature=19 19 10 9 7 7
split_gain=4.61888 6.05987 5.79707 5.48553 5.14848 6.55622
threshold=1.2870675921440127 1.5307886600494387 1.6722876429557803 0.23315881192684176 1.4351523518562319 0.82930517196655285
decision_type=2 2 2 2 2 2
left_child=4 2 -2 -3 5 -1
right_child=1 3 -4 -5 -6 -7
leaf_value=3.4069076804254907e-05 -0.0085484572337106799 0.0063488531066546467 0.000758926183684547 -0.0057182016268123477 -0.0063709250360249256 0.0060899848700453237
leaf_weight=852.6519120670855 169.32141827791929 75.809961549937725 67.496370807290077 29.792682982981205 64.526519104838371 184.55629875138402
leaf_count=2816 630 295 222 102 217 627
internal_value=-0.000253717 -0.003224 -0.00580958 0.00209835 0.000656985 0.00126321
internal_weight=1444.16 342.42 236.818 105.603 1101.73 1037.21
internal_count=4909 1249 852 397 3660 3443
is_linear=0
shrinkage=0.03


Tree=137
num_leaves=7
num_cat=0
split_feature=12 4 18 14 4 12
split_gain=3.65775 8.05565 11.1294 7.37332 6.15875 5.94723
threshold=2.1142110824584965 -0.20149444043636319 -0.31374093890190119 1.5384544730186465 0.58779048919677745 0.42383025586605078
decision_type=2 2 2 2 2 2
left_child=4 2 -2 -3 -1 -6
right_child=1 3 -4 -5 5 -7
leaf_value=-0.0018477291749168906 0.017944537010373095 0.0041415530477080641 0 -0.0046954383650916649 -0.00016934567220269092 0.01132305346567696
leaf_weight=901.80372280068696 41.118518389761448 153.92518219724298 55.01937073096633 145.67877482995391 76.195247806608677 47.259386025369167
leaf_count=3160 119 476 164 529 245 145
internal_value=0 0.00240968 0.00912208 0 -0.000916474 0.00477706
internal_weight=1421 395.742 96.1379 299.604 1025.26 123.455
internal_count=4838 1288 283 1005 3550 390
is_linear=0
shrinkage=0.03


Tree=138
num_leaves=7
num_cat=0
split_feature=4 10 7 17 7 9
split_gain=6.42823 8.13881 9.81684 8.1409 5.59809 10.1667
threshold=-0.14516024291515348 0.76307666301727306 -0.26153929531574244 2.040319681167603 0.029300300404429439 -0.066658861935138689
decision_type=2 2 2 2 2 2
left_child=1 2 -1 -3 -2 -6
right_child=4 3 -4 -5 5 -7
leaf_value=-0.0038425368297815652 0.00078213320882132965 -0.0014587655064686982 0.013046068058344512 0.0082698087052855626 -0.0096945750505116769 -0.00045069841378129029
leaf_weight=26.243188291788101 360.79779717326164 406.90931284055114 87.484936784952879 74.116113737225533 159.4958331361413 307.78706634044647
leaf_count=86 1203 1371 273 252 591 1092
internal_value=-0.000145483 0.00214741 0.00870845 0.000190732 -0.00187486 -0.00399741
internal_weight=1422.83 594.754 113.728 481.025 828.081 467.283
internal_count=4868 1982 359 1623 2886 1683
is_linear=0
shrinkage=0.03


Tree=139
num_leaves=7
num_cat=0
split_feature=1 15 2 2 7 15
split_gain=7.49938 5.66645 5.94487 5.09868 2.76385 1.08574
threshold=0.4252584725618363 -2.1922470331192012 -0.38177454471588129 -0.076884165406227098 0.78692322969436657 -1.0835101604461668
decision_type=2 2 2 2 2 2
left_child=1 3 -3 -1 5 -2
right_child=4 2 -4 -5 -6 -7
leaf_value=0 -0.00097819877434212124 -0.0047879723071424232 0.0016855491933453364 -0.012065007731726632 0 -0.012756603469058426
leaf_weight=52.34986250847578 25.543221060186625 121.33832152932882 1092.4726565591991 40.146273471415043 27.900482028722763 42.587106715887785
leaf_count=162 88 410 3733 156 110 160
internal_value=-0.0003038 0.000296906 0.000922672 -0.00608568 -0.00763499 -0.0102456
internal_weight=1402.34 1306.31 1213.81 92.4961 96.0308 68.1303
internal_count=4819 4461 4143 318 358 248
is_linear=0
shrinkage=0.03


Tree=140
num_leaves=7
num_cat=0
split_feature=9 5 7 6 11 23
split_gain=4.32304 7.3147 9.23393 7.95859 7.21507 12.8727
threshold=-0.0038902129745110865 -0.40618069469928736 0.82930517196655285 0.111811351031065 -0.60630220174789418 1.0000000180025095e-35
decision_type=2 2 2 2 2 2
left_child=4 3 -3 -2 -1 -6
right_child=1 2 -4 -5 5 -7
leaf_value=-0.0038442475298543508 0.01165330335726792 -0.0059286846006424594 0.0022836966152074145 -0.0035357155150585705 0.0054734097589606168 -0.0034911423774550213
leaf_weight=151.53271683678031 49.924406304955482 344.36234606802464 160.19364970177412 34.650878965854645 486.8997585773468 177.11230884492397
leaf_count=580 150 1194 586 121 1615 545
internal_value=0.000126237 -0.00175178 -0.00321926 0.00537049 0.00156414 0.00296241
internal_weight=1404.68 589.131 504.556 84.5753 815.545 664.012
internal_count=4791 2051 1780 271 2740 2160
is_linear=0
shrinkage=0.03


Tree=141
num_leaves=7
num_cat=0
split_feature=9 5 16 16 5 5
split_gain=5.93124 7.98754 15.9683 6.80685 12.4661 6.50825
threshold=0.19422955811023715 0.045170700177550323 0.54313862323760997 0.66794741153717052 0.16892655193805697 0.40770246088504797
decision_type=2 2 2 2 2 2
left_child=3 2 -2 5 -5 -1
right_child=1 -3 -4 4 -6 -7
leaf_value=0.0044969393633914881 -0.0049590620539916161 -0.0080214278805226472 0.012322895224352799 -0.0068726683915182095 0.0027700941897329462 -0.0038108699743137409
leaf_weight=590.66207936778665 113.56523058563471 137.07302097976208 54.322007201611996 187.37502657994628 261.21143801882863 75.120034255087376
leaf_count=2018 402 467 175 668 889 249
internal_value=0.000424459 -0.00309714 0.00102989 0.00147869 -0.00125108 0.00338828
internal_weight=1419.33 304.96 167.887 1114.37 448.586 665.782
internal_count=4868 1044 577 3824 1557 2267
is_linear=0
shrinkage=0.03


Tree=142
num_leaves=7
num_cat=0
split_feature=14 5 8 19 14 18
split_gain=6.47225 10.9889 9.47182 6.3169 6.14029 8.91767
threshold=0.08513751253485681 0.22678767889738086 -0.68271487951278675 1.4361845254898074 3.0674932003021245 -0.36768367886543268
decision_type=2 2 2 2 2 2
left_child=1 2 -1 -3 -2 -6
right_child=4 3 -4 -5 5 -7
leaf_value=0.0045369222911302342 -0.0023716733117182757 0.0097500504910155196 -0.0044321590325798015 -0.001488248266222465 0.012561683721993474 -0.0020470693775558489
leaf_weight=173.57928723469377 669.99466330185533 195.50874484330416 212.14796128869057 39.72180437296629 46.547019116580486 63.273661650717258
leaf_count=560 2407 587 716 133 152 258
internal_value=0.000542459 0.00281091 -0.000223457 0.00764932 -0.00121399 0.00466394
internal_weight=1400.77 620.958 385.727 235.231 779.815 109.821
internal_count=4813 1996 1276 720 2817 410
is_linear=0
shrinkage=0.03


Tree=143
num_leaves=7
num_cat=0
split_feature=1 11 0 0 17 0
split_gain=5.72016 5.62367 11.8214 7.70211 4.76826 5.51503
threshold=-0.22883474826812741 -0.28142094612121576 -0.854904145002365 -0.49187865853309626 1.1950637102127077 -1.1839463114738462
decision_type=2 2 2 2 2 2
left_child=4 2 -2 -3 -1 -6
right_child=1 3 -4 -5 5 -7
leaf_value=0.0054973467508129354 -0.0066720073517076359 0.0010877363049542367 0.0054372678448237613 -0.0090400592644674649 -0.005358006270708017 0.0067728148344486355
leaf_weight=195.91467061638832 344.53886248916388 621.36962839961052 69.05054546892643 55.536507837474346 89.066652655601501 26.833206452429295
leaf_count=627 1306 2086 223 182 335 91
internal_value=-0.000628173 -0.00168684 -0.00435438 0 0.00277194 -0.00152456
internal_weight=1402.31 1090.5 413.589 676.906 311.815 115.9
internal_count=4850 3797 1529 2268 1053 426
is_linear=0
shrinkage=0.03


Tree=144
num_leaves=7
num_cat=0
split_feature=1 17 19 15 7 17
split_gain=5.06096 5.59403 9.36771 7.88018 3.00587 2.45512
threshold=0.4594081193208695 0.10666123032569887 0.84702178835868847 -1.2963266372680662 0.78692322969436657 1.4128762483596804
decision_type=2 2 2 2 2 2
left_child=1 2 -1 -3 5 -2
right_child=4 3 -4 -5 -6 -7
leaf_value=0.011691467233282777 -0.012142184131544966 -0.0038358337991344746 0.00097118743191959372 0.0018097187882825832 0.00078995586132674393 0
leaf_weight=86.791899677366018 36.702237362042069 327.75535373389721 297.56790940836072 592.13314189389348 25.039715141057968 22.066074624657631
leaf_count=277 143 1191 983 2034 96 75
internal_value=0.000518724 0.00105028 0.00399884 -0.000176769 -0.0057841 -0.00883623
internal_weight=1388.06 1304.25 384.36 919.888 83.808 58.7683
internal_count=4799 4485 1260 3225 314 218
is_linear=0
shrinkage=0.03


Tree=145
num_leaves=6
num_cat=0
split_feature=5 7 8 18 5
split_gain=4.39806 4.79788 4.631 7.32738 3.9832
threshold=0.57930499315261852 0.017588604241609577 0.57156825065612804 0.52344217896461498 0.40770246088504797
decision_type=2 2 2 2 2
left_child=2 -2 4 -4 -1
right_child=1 -3 3 -5 -6
leaf_value=0.00083636638584485255 0.010990040669381633 -0.0011293308934677267 -0.010910401589115198 0.0041591947661902638 -0.0048911215549691774
leaf_weight=1118.3226528577507 47.798650607466698 31.8994380235672 63.922531619668007 24.331801377236843 99.735765468329191
leaf_count=3877 152 116 234 85 341
internal_value=0.000186106 0.00628395 -0.000229834 -0.00620062 0.000247494
internal_weight=1386.01 79.6981 1306.31 88.2543 1218.06
internal_count=4805 268 4537 319 4218
is_linear=0
shrinkage=0.03


Tree=146
num_leaves=7
num_cat=0
split_feature=15 7 7 1 17 17
split_gain=4.43669 6.007 8.07899 5.1774 8.07057 7.17747
threshold=-0.574481040239334 -1.0762814879417417 0.84722074866294872 -0.18526773154735562 1.1088450551033022 1.7040384411811831
decision_type=2 2 2 2 2 2
left_child=3 -2 -3 4 -1 -5
right_child=1 2 -4 5 -6 -7
leaf_value=0.0086945982543994924 0.0043913400503396245 -0.005957388025875112 0.0043034329218955931 -0.0018020468488862259 -0.001155447347572458 0.0050882530801495771
leaf_weight=158.41581325232983 75.462794031947851 305.42852287739515 65.147508434951305 521.76432789489627 105.26816117763519 161.55093703046441
leaf_count=494 244 1037 241 1865 376 591
internal_value=0.000142203 -0.0022167 -0.00387192 0.00133817 0.00474652 0
internal_weight=1393.04 446.039 370.576 946.999 263.684 683.315
internal_count=4848 1522 1278 3326 870 2456
is_linear=0
shrinkage=0.03


Tree=147
num_leaves=7
num_cat=0
split_feature=1 13 9 20 9 0
split_gain=4.92971 7.07941 13.2115 7.0582 6.25606 4.74483
threshold=0.05923078581690789 -0.030234054662287232 -0.25277590751647944 1.0000000180025095e-35 -0.38033847510814661 -0.93130668997764576
decision_type=2 2 2 2 2 2
left_child=1 3 -3 -1 -2 -6
right_child=4 2 -4 -5 5 -7
leaf_value=-0.0058819283817243629 0.0088926809882393584 -0.0043530447430869118 0.0053852966970800147 0.0049625452939856618 -0.001239665853221657 -0.0084652068602568322
leaf_weight=167.22752436995506 21.564322173595428 141.17657606676221 508.01070860773325 52.938053376972675 404.68709842115641 96.999701552093029
leaf_count=591 72 475 1716 174 1487 324
internal_value=9.57851e-05 0.00150962 0.00311107 -0.00282847 -0.00211188 -0.00302269
internal_weight=1392.6 869.353 649.187 220.166 523.251 501.687
internal_count=4839 2956 2191 765 1883 1811
is_linear=0
shrinkage=0.03


Tree=148
num_leaves=7
num_cat=0
split_feature=3 18 10 8 16 4
split_gain=5.77854 8.90774 5.66004 5.10156 9.75639 7.52413
threshold=-0.19775586575269696 0.6549108922481538 0.54471960663795482 -0.92135766148567189 -0.31856465339660639 0.090123232454061522
decision_type=2 2 2 2 2 2
left_child=3 2 -2 5 -5 -1
right_child=1 -3 -4 4 -6 -7
leaf_value=-0.0040932978280914314 0.0051960129966083669 0.0062010720718963493 -0.0063467091112561786 -0.0070427828185128365 0.0038745202107964001 0.0063598118168736928
leaf_weight=261.09691844880581 22.512323044240475 54.72618580237031 298.86223321408033 61.230188433080912 627.98809513449669 57.234120137989521
leaf_count=929 73 193 1127 207 2101 192
internal_value=0 -0.00307863 -0.00510533 0.00118645 0.00264877 -0.00177169
internal_weight=1383.65 376.101 321.375 1007.55 689.218 318.331
internal_count=4822 1393 1200 3429 2308 1121
is_linear=0
shrinkage=0.03


Tree=149
num_leaves=6
num_cat=0
split_feature=14 0 3 7 10
split_gain=3.82287 4.86872 11.4871 5.25783 3.1135
threshold=3.2769798040390019 -0.854904145002365 -1.5363268256187437 1.1558548808097842 1.0943435430526736
decision_type=2 2 2 2 2
left_child=1 3 -3 -1 -2
right_child=4 2 -4 -5 -6
leaf_value=-0.00011400954573785939 -0.00015285432157837451 -0.0064625971980842214 0.0075062960279696361 -0.0062072479240001446 0.0099868179188688771
leaf_weight=958.08125554025173 27.581810489296913 52.014826014637947 168.47447966784239 131.36298814415932 43.223100207746029
leaf_count=3332 111 175 539 508 148
internal_value=0.000244449 -0.000121597 0.00369805 -0.00100145 0.00621249
internal_weight=1380.74 1309.93 220.489 1089.44 70.8049
internal_count=4813 4554 714 3840 259
is_linear=0
shrinkage=0.03


Tree=150
num_leaves=6
num_cat=0
split_feature=15 13 12 7 14
split_gain=3.92697 5.02519 6.99917 6.28114 2.62835
threshold=0.86729091405868541 1.0850727558135989 -0.98509460687637318 -0.065510712563991533 -0.13144920766353604
decision_type=2 2 2 2 2
left_child=1 2 -1 -3 -2
right_child=4 3 -4 -5 -6
leaf_value=-0.0054330241382494048 -0.011404234073459798 0.0031579272820533495 0.0018238243424502473 -0.010013614356295931 0
leaf_weight=111.03136651962996 23.163876920938492 31.477387629449368 1129.1323441006243 65.417063966393471 24.420710168778896
leaf_count=407 78 117 3863 262 92
internal_value=7.3048e-05 0.000465085 0.00105059 -0.00541319 -0.00693266
internal_weight=1384.64 1337.06 1240.16 96.8945 47.5846
internal_count=4819 4649 4270 379 170
is_linear=0
shrinkage=0.03


Tree=151
num_leaves=7
num_cat=0
split_feature=6 3 12 12 13 3
split_gain=5.37348 10.1917 7.45312 6.74183 6.55997 6.59665
threshold=-0.22456006705760953 -1.5611675977706907 -0.18400569260120389 1.8018310666084292 -0.91168707609176625 -0.15467106550931928
decision_type=2 2 2 2 2 2
left_child=1 3 -3 -1 5 -2
right_child=4 2 -4 -5 -6 -7
leaf_value=-0.013394753764180478 0.0097387612938136699 -0.001483861557682398 0.0089329338685440393 0.0016456111833354301 -0.0022520381233787907 -0.0046385970510263415
leaf_weight=29.906610030680895 66.787838354706764 70.268495965749025 173.11657898500562 37.125937514007092 963.56310215219855 22.059355646371841
leaf_count=125 245 242 550 120 3406 77
internal_value=-0.000396463 0.00289534 0.00581336 -0.00591135 -0.00145925 0.00542145
internal_weight=1362.83 310.418 243.385 67.0325 1052.41 88.8472
internal_count=4765 1037 792 245 3728 322
is_linear=0
shrinkage=0.03


Tree=152
num_leaves=7
num_cat=0
split_feature=9 19 9 0 17 12
split_gain=5.9202 6.33145 5.9229 6.11235 4.49293 4.40522
threshold=0.21211319416761401 1.2701725959777834 0.12258353456854822 -1.4637369513511655 -0.017986314371228215 0.25570039451122289
decision_type=2 2 2 2 2 2
left_child=2 4 3 -1 -2 -4
right_child=1 -3 5 -5 -6 -7
leaf_value=-0.0020436212247896741 -0.0057323574583272759 -0.01112100582836693 -0.0012894201250079841 0.0025995134490616632 0.0022205297398317429 0.010244236228787796
leaf_weight=555.53037855401635 85.948556363582611 62.668390270322561 25.316491637378931 438.37866605073214 131.76234894990921 74.216828491538763
leaf_count=2032 298 227 98 1458 450 251
internal_value=-0.000191958 -0.00396065 0.000774304 0 -0.000884866 0.00708378
internal_weight=1373.82 280.379 1093.44 993.909 217.711 99.5333
internal_count=4814 975 3839 3490 748 349
is_linear=0
shrinkage=0.03


Tree=153
num_leaves=7
num_cat=0
split_feature=17 19 3 9 17 8
split_gain=3.7948 5.94858 7.78912 7.69786 5.7642 6.9141
threshold=0.38470643758773809 0.88798770308494579 0.17149635404348376 0.36170184612274175 0.81749954819679271 -0.66798573732376088
decision_type=2 2 2 2 2 2
left_child=1 3 -3 -1 -2 -6
right_child=4 2 -4 -5 5 -7
leaf_value=0.010813214202054167 -0.0066780778145051631 0.0014487730830909256 -0.0091144553018774003 -0.0030908973275733335 0.0025102080350419115 -0.0031761052700739691
leaf_weight=90.124086707830429 151.62044249847531 330.73982383683324 55.981931950896978 33.814345084130764 340.45270617678761 385.61084667220712
leaf_count=291 543 1100 220 124 1207 1393
internal_value=-0.000489566 0.00147 -0.000305839 0.00670051 -0.00170388 -0.000433544
internal_weight=1388.34 510.66 386.722 123.938 877.684 726.064
internal_count=4878 1735 1320 415 3143 2600
is_linear=0
shrinkage=0.03


Tree=154
num_leaves=6
num_cat=0
split_feature=8 18 7 18 0
split_gain=3.94525 2.83855 9.211 6.24119 0.667733
threshold=0.81804627180099498 0.62981098890304577 1.2955526709556582 0.42806266248226171 -1.7313029766082761
decision_type=2 2 2 2 2
left_child=1 3 -3 -1 -2
right_child=4 2 -4 -5 -6
leaf_value=0.0013013845277197876 0 0.0056668905282359783 -0.0089990736690539821 -0.0044316214647143002 -0.0089001578495394168
leaf_weight=882.55893409624696 22.031511031091213 243.12956200167537 24.054103426635265 189.77395117655396 22.869845435023308
leaf_count=3092 81 810 93 670 83
internal_value=0.000565157 0.00094123 0.00360285 0.000169305 -0.00656228
internal_weight=1384.42 1339.52 267.184 1072.33 44.9014
internal_count=4829 4665 903 3762 164
is_linear=0
shrinkage=0.03


Tree=155
num_leaves=5
num_cat=0
split_feature=14 14 7 13
split_gain=4.42632 7.10007 4.23276 1.18338
threshold=-0.96613135933876026 -0.61076638102531422 -1.580704867839813 0.27863909304142004
decision_type=2 2 2 2
left_child=-1 3 -3 -2
right_child=1 2 -4 -5
leaf_value=0.0089653841947259436 -0.01111552749441511 -0.00628077544366873 0.00031553100199863636 -0.00056085219173111832
leaf_weight=22.858773902058601 46.494940973818302 73.975856069475412 1184.6969996057451 28.832438990473747
leaf_count=73 167 263 4176 107
internal_value=-0.000430248 -0.00076561 -0.000117405 -0.00867027
internal_weight=1356.86 1334 1258.67 75.3274
internal_count=4786 4713 4439 274
is_linear=0
shrinkage=0.03


Tree=156
num_leaves=5
num_cat=0
split_feature=14 14 4 5
split_gain=5.68621 6.52935 13.6439 6.42072
threshold=-0.96613135933876026 -0.2996059358119964 -0.2086045295000076 0.023345287889242176
decision_type=2 2 2 2
left_child=-1 2 -2 -3
right_child=1 3 -4 -5
leaf_value=0.01062916326767761 0.0084174151627227026 0.003802867562897366 -0.0081455072723407036 -0.00082948713237084081
leaf_weight=25.321780376136303 36.58225928992033 387.89181582629681 183.98059786111116 740.92982363328338
leaf_count=82 115 1396 657 2579
internal_value=0.000155202 -0.000149901 -0.00467757 0.000748573
internal_weight=1374.71 1349.38 220.563 1128.82
internal_count=4829 4747 772 3975
is_linear=0
shrinkage=0.03


Tree=157
num_leaves=7
num_cat=0
split_feature=4 17 1 5 12 7
split_gain=5.06895 6.93548 6.80447 5.4627 6.79035 6.66837
threshold=-0.13916402310132978 2.040319681167603 0.29291497170925146 0.026632222346961502 -0.2769190222024917 0.22596690803766253
decision_type=2 2 2 2 2 2
left_child=1 2 -1 4 -2 -5
right_child=3 -3 -4 5 -6 -7
leaf_value=0.0017081833377868051 -0.0037526985089824556 0.0092516756987512452 -0.0090430800061996313 0 0.004276232524099699 -0.0071620106322770969
leaf_weight=462.18343143723905 132.77223978936672 80.764359597116709 38.931133512407541 218.31736071780324 218.60636592656374 225.4832755997777
leaf_count=1558 490 292 147 712 766 852
internal_value=-1.31093e-05 0.00203193 0.000442779 -0.00159633 0.00104214 -0.00376955
internal_weight=1377.06 581.879 501.115 795.179 351.379 443.801
internal_count=4817 1997 1705 2820 1256 1564
is_linear=0
shrinkage=0.03


Tree=158
num_leaves=7
num_cat=0
split_feature=11 7 13 8 7 4
split_gain=4.77832 9.4295 4.06027 5.19037 3.26577 3.00676
threshold=-1.1107078790664671 -0.011712023522704838 1.0850727558135989 0.41467186808586126 -0.065510712563991533 0.39447338879108435
decision_type=2 2 2 2 2 2
left_child=1 5 3 -2 -4 -1
right_child=2 -3 4 -5 -6 -7
leaf_value=0.0075177999343389252 0.0019079400878875155 -0.014026802952619034 0.0017089590061912777 -0.004412650161447978 -0.007589802523715712 -0.003201304861042377
leaf_weight=25.975331902503967 1071.4124582763761 40.544031463563442 30.247504286468029 107.27984274178743 70.826210100203753 22.460914604365826
leaf_count=93 3679 152 116 393 281 82
internal_value=0.000113548 -0.00586837 0.000659523 0.00121858 -0.00448885 0.00218748
internal_weight=1368.75 88.9803 1279.77 1178.69 101.074 48.4362
internal_count=4796 327 4469 4072 397 175
is_linear=0
shrinkage=0.03


Tree=159
num_leaves=7
num_cat=0
split_feature=14 14 17 11 10 19
split_gain=3.23495 4.14841 7.66234 7.6289 3.94645 4.49208
threshold=3.0674932003021245 2.1276322603225712 0.38470643758773809 0.37622424960136419 1.1668021678924563 0.91579613089561474
decision_type=2 2 2 2 2 2
left_child=1 2 -1 -3 5 -2
right_child=4 3 -4 -5 -6 -7
leaf_value=0.0041150467960074984 0.0051107376927359161 -0.0069073910479837252 -0.0012170148801040419 0.0024367684215161529 0.0082777148953695669 -0.0087941378586902149
leaf_weight=359.22757216915488 20.788823403418064 177.10155415348709 632.84088189527392 105.27566965296865 73.2626983076334 19.966859251260757
leaf_count=1200 76 704 2191 361 243 96
internal_value=0.000240561 -0.000177812 0.000697603 -0.00329453 0.0046933 -0.00136634
internal_weight=1388.46 1274.45 992.068 282.377 114.018 40.7557
internal_count=4871 4456 3391 1065 415 172
is_linear=0
shrinkage=0.03


Tree=160
num_leaves=7
num_cat=0
split_feature=17 9 5 1 19 16
split_gain=3.99753 6.25638 6.33742 5.88851 5.50626 4.71085
threshold=1.6897807121276858 0.17125389724969867 -0.049888323992490761 -0.22883474826812741 0.97799888253211986 0.76208588480949413
decision_type=2 2 2 2 2 2
left_child=3 2 -2 4 -1 -5
right_child=1 -3 -4 5 -6 -7
leaf_value=0.0080978757804444357 -0.00086788228808666536 -0.0040576578962951519 0.0078710901674343466 -0.0036534805587745316 -0.00041134900038170008 0.0012025760110170923
leaf_weight=90.949352644383907 94.24476170539856 69.458797190338373 183.46234577335417 549.72729505598545 142.64116228744388 227.91087993606925
leaf_count=282 353 228 675 1972 489 786
internal_value=4.89861e-05 0.0027762 0.00484476 -0.000864798 0.00304251 -0.00216057
internal_weight=1358.39 347.166 277.707 1011.23 233.591 777.638
internal_count=4785 1256 1028 3529 771 2758
is_linear=0
shrinkage=0.03


Tree=161
num_leaves=5
num_cat=0
split_feature=10 1 7 7
split_gain=4.84268 5.07796 6.4115 4.06055
threshold=0.22462463378906253 -0.0027208272367715831 0.60054710507392894 0.82930517196655285
decision_type=2 2 2 2
left_child=-1 2 -2 -3
right_child=1 3 -4 -5
leaf_value=0.0086891909238625536 0.003139477583588535 -0.0040585718614660248 -0.0026187582379392752 0.00097491254107366307
leaf_weight=31.550760395824909 459.18677657842636 455.30525194108486 245.56958742812276 173.00073403120041
leaf_count=105 1560 1644 895 622
internal_value=-0.000262914 -0.00064444 0.00103336 -0.00259276
internal_weight=1364.61 1333.06 704.756 628.306
internal_count=4826 4721 2455 2266
is_linear=0
shrinkage=0.03


Tree=162
num_leaves=7
num_cat=0
split_feature=8 5 3 3 5 19
split_gain=4.3684 8.13166 10.5822 6.7164 4.47422 4.27549
threshold=-0.35412545502185816 0.12758986651897433 -1.7632407546043394 -1.6128911972045896 0.57930499315261852 1.1103840470314028
decision_type=2 2 2 2 2 2
left_child=1 3 -3 -1 5 -2
right_child=4 2 -4 -5 -6 -7
leaf_value=-0.0056341509084642249 -0.0050256436661078449 0.0059000361633413196 -0.00434864837560017 0.0053014169699491043 0.0068514230391927182 0.00034396072761872138
leaf_weight=35.202656485140324 279.59139291197062 103.73314725235105 302.26516354829073 437.75913859158754 25.990405529737473 201.24175967276096
leaf_count=122 1007 370 1067 1512 83 704
internal_value=0.00023469 0.00153996 -0.00143519 0.00417021 -0.00188762 -0.00273453
internal_weight=1385.78 878.96 405.998 472.962 506.824 480.833
internal_count=4865 3071 1437 1634 1794 1711
is_linear=0
shrinkage=0.03


Tree=163
num_leaves=7
num_cat=0
split_feature=4 14 9 2 5 18
split_gain=4.07342 6.20586 11.9428 7.95848 4.56535 6.87791
threshold=-0.15296715497970578 -0.046900855377316468 -0.20579925179481504 -0.036436429247260087 -0.1189373806118965 -1.2755570411682127
decision_type=2 2 2 2 2 2
left_child=1 2 -1 -3 -2 -6
right_child=4 3 -4 -5 5 -7
leaf_value=-0.00363072471634788 0.002045509150626451 0.0036801494731441512 0.011658726225299433 -0.0045879304429121822 -0.0094224151063834905 -0.00082829760775851103
leaf_weight=50.71918997168541 253.41511916741729 218.56387960910797 114.01458651572466 166.78424656391144 89.837465189397335 465.80176552757621
leaf_count=166 907 734 362 629 328 1679
internal_value=0.000238284 0.00222192 0.0067431 0 -0.0010591 -0.00260115
internal_weight=1359.14 550.082 164.734 385.348 809.054 555.639
internal_count=4805 1891 528 1363 2914 2007
is_linear=0
shrinkage=0.03


Tree=164
num_leaves=7
num_cat=0
split_feature=19 0 11 11 0 18
split_gain=4.40936 5.47085 14.2436 8.45695 5.27575 5.36329
threshold=1.3291438817977907 -0.97864618897438038 0.19667330384254458 -0.047313088551163666 -1.4637369513511655 -0.11494056135416029
decision_type=2 2 2 2 2 2
left_child=1 3 -3 -1 5 -2
right_child=4 2 -4 -5 -6 -7
leaf_value=-0.0013059551223313193 0 0.0022872090823961061 -0.011546435468441609 0.0044097372236440082 0.00078594323802414748 -0.011530675517394758
leaf_weight=443.08350141346455 68.55484102666378 139.02819558605552 93.029339015483856 432.4160276427865 105.69856579601765 82.341843966394663
leaf_count=1647 263 451 307 1446 385 333
internal_value=-0.00044593 0.000344918 -0.00349664 0.00148551 -0.00385455 -0.00716773
internal_weight=1364.15 1107.56 232.058 875.5 256.595 150.897
internal_count=4832 3851 758 3093 981 596
is_linear=0
shrinkage=0.03


Tree=165
num_leaves=7
num_cat=0
split_feature=15 2 7 15 1 7
split_gain=4.62958 4.84977 4.51206 6.48526 5.07268 3.44616
threshold=-2.1382730007171626 -0.34239308536052698 0.22596690803766253 -1.1343197822570799 -0.17990162223577497 1.0129106640815737
decision_type=2 2 2 2 2 2
left_child=1 -1 3 -2 -4 -3
right_child=2 5 4 -5 -6 -7
leaf_value=0.0035552979719366308 0.0067607063550363033 -0.011427666726671689 -0.0051724183851721223 0.00016234123261205381 0.00051528835793692557 0
leaf_weight=22.675499588251114 192.36782414093614 60.897960349917412 172.41080504655838 420.43771463632584 466.36088074743748 29.359412088990211
leaf_count=69 684 234 619 1408 1715 107
internal_value=4.85763e-05 -0.00523114 0.000646948 0.00247668 -0.00103923 -0.00822724
internal_weight=1364.51 112.933 1251.58 612.806 638.772 90.2574
internal_count=4836 410 4426 2092 2334 341
is_linear=0
shrinkage=0.03


Tree=166
num_leaves=5
num_cat=0
split_feature=19 13 18 7
split_gain=4.85003 4.98192 4.84617 3.49446
threshold=-0.32170952856540674 1.1873055100440981 -1.1942389607429502 -0.055660495534539216
decision_type=2 2 2 2
left_child=-1 2 -2 -3
right_child=1 3 -4 -5
leaf_value=-0.009229233549146584 -0.0029598378487136648 0.00044727597539637577 0.001705638089501354 -0.011533169261686051
leaf_weight=29.283817507326603 220.48646142333746 20.022544175386429 1051.8821255229414 32.056488785892725
leaf_count=104 781 80 3704 148
internal_value=0 0.000352537 0.000817446 -0.00724864
internal_weight=1353.73 1324.45 1272.37 52.079
internal_count=4817 4713 4485 228
is_linear=0
shrinkage=0.03


Tree=167
num_leaves=5
num_cat=0
split_feature=0 11 8 14
split_gain=3.92738 5.57809 4.78619 4.08365
threshold=1.0000000180025095e-35 0.44713236391544348 0.18696153908967975 3.0674932003021245
decision_type=2 2 2 2
left_child=1 3 -3 -1
right_child=-2 2 -4 -5
leaf_value=-0.0019916583119923025 0.0076928097692609172 0.0048491066059898674 -0.0041133552432367076 0.0040504650373121434
leaf_weight=945.75289905816317 38.103883162140846 253.23059309646487 43.29833247512579 88.078854996711016
leaf_count=3388 106 848 156 335
internal_value=1.86232e-05 -0.000267428 0.00317366 -0.00135285
internal_weight=1368.46 1330.36 296.529 1033.83
internal_count=4833 4727 1004 3723
is_linear=0
shrinkage=0.03


Tree=168
num_leaves=7
num_cat=0
split_feature=12 4 19 7 18 6
split_gain=5.35381 10.2027 4.55094 4.23265 7.36061 6.37742
threshold=-0.23240835964679715 -0.24651820957660672 0.30329847335815435 0.52742326259613048 -0.62103137373924244 -0.044384658336639397
decision_type=2 2 2 2 2 2
left_child=1 -1 -3 5 -5 -2
right_child=3 2 -4 4 -6 -7
leaf_value=0.0059599571922126816 0.0050568381954065756 0 -0.0088909772249562043 0.0042208188314876577 -0.0039970696707467791 -0.00074002860617009881
leaf_weight=51.123731844127178 302.82698791660368 52.338193096220493 178.60861352086067 112.15101854503155 329.79453564807773 321.58993593230844
leaf_count=182 996 195 698 403 1209 1149
internal_value=-0.000499283 -0.00404728 -0.00680008 0.000441225 -0.00168931 0.00204789
internal_weight=1348.43 282.071 230.947 1066.36 441.946 624.417
internal_count=4832 1075 893 3757 1612 2145
is_linear=0
shrinkage=0.03


Tree=169
num_leaves=7
num_cat=0
split_feature=14 5 18 13 10 4
split_gain=3.95123 9.4233 9.6732 8.85483 8.00245 6.27507
threshold=0.073359530419111266 0.1857218146324158 -1.2755570411682127 0.25426773726940161 0.65637439489364635 0.11577104777097703
decision_type=2 2 2 2 2 2
left_child=1 3 -3 -1 -2 -6
right_child=4 2 -4 -5 5 -7
leaf_value=-0.0063224278934418399 0.0076951912244957793 -0.0054652309880905752 0.0086821867339350826 0.0029056910116090858 -0.0037155456909493153 0.0025025800844952961
leaf_weight=144.57834451645613 61.84625206142664 33.421096086502075 217.74348910339177 190.28266629949212 541.45026311092079 169.70822038501501
leaf_count=503 227 119 677 655 2040 617
internal_value=0.000261883 0.00211651 0.00631415 -0.0010413 -0.00108639 -0.00212175
internal_weight=1359.03 586.026 251.165 334.861 773.005 711.158
internal_count=4838 1954 796 1158 2884 2657
is_linear=0
shrinkage=0.03


Tree=170
num_leaves=7
num_cat=0
split_feature=3 3 11 20 16 12
split_gain=5.13521 5.01136 8.34951 6.57244 2.98403 0.77242
threshold=0.66997793316841137 -1.6024643182754514 0.53182280063629161 1.0000000180025095e-35 0.21643318235874179 0.6568812131881715
decision_type=2 2 2 2 2 2
left_child=1 2 -1 -3 -2 -6
right_child=4 3 -4 -5 5 -7
leaf_value=-0.0067070900110063293 0 0.00056200141961560215 0.0031957934150071954 0.0064468987730460451 -0.01030037965609976 0
leaf_weight=155.60247951373458 39.889367509633303 768.16596275195479 110.4531883765012 212.89121500775218 45.757422439754009 18.097837649285793
leaf_count=579 147 2733 385 727 191 80
internal_value=0.000376721 0.000981362 -0.00245015 0.00200226 -0.00539066 -0.00865502
internal_weight=1350.86 1247.11 266.056 981.057 103.745 63.8553
internal_count=4842 4424 964 3460 418 271
is_linear=0
shrinkage=0.03


Tree=171
num_leaves=7
num_cat=0
split_feature=9 0 0 7 9 8
split_gain=6.14029 5.54607 6.90947 5.27353 3.94715 7.7931
threshold=-0.007080305600538849 -2.3080848455429073 -1.9912292957305906 1.0275225639343264 0.073731452226638808 -0.68271487951278675
decision_type=2 2 2 2 2 2
left_child=1 3 -3 -1 -2 -6
right_child=4 2 -4 -5 5 -7
leaf_value=0.0097969304000451833 -0.0066207382867732823 -0.0060032258456354862 0.0018538297224920284 -0.0025739527365072233 0.0040108489845105616 -0.0037820240231749964
leaf_weight=100.752535674721 130.28002231195569 101.50937314331532 543.88351377472281 23.004338536411524 163.56900147348642 281.78468387573957
leaf_count=368 490 377 1905 93 581 1013
internal_value=-8.67919e-06 0.00168309 0.000384579 0.00704184 -0.00235053 -0.000741564
internal_weight=1344.78 769.15 645.393 123.757 575.634 445.354
internal_count=4827 2743 2282 461 2084 1594
is_linear=0
shrinkage=0.03


Tree=172
num_leaves=7
num_cat=0
split_feature=12 11 3 4 19 4
split_gain=6.41009 6.07679 7.14138 5.74192 5.29264 9.23479
threshold=-0.98509460687637318 -0.46060559153556818 -1.1469975113868711 0.61123332381248485 0.98633882403373729 -0.03181346878409385
decision_type=2 2 2 2 2 2
left_child=4 3 -3 -2 5 -1
right_child=1 2 -4 -5 -6 -7
leaf_value=0.0098280646139092855 -0.0047848470292711194 -0.0011236519816469062 0.0040401098204262374 0.0051810658149990781 -0.012467431026933618 -0.0074759564643971464
leaf_weight=26.118103563785553 272.03143678791821 417.01379687711596 491.49429034814239 40.649973474442959 47.595711156725883 49.007102735340595
leaf_count=94 1083 1448 1679 148 197 178
internal_value=-0.000302835 0.000348333 0.00163213 -0.0030753 -0.00634376 -2.77781e-05
internal_weight=1343.91 1221.19 908.508 312.681 122.721 75.1252
internal_count=4827 4358 3127 1231 469 272
is_linear=0
shrinkage=0.03


Tree=173
num_leaves=5
num_cat=0
split_feature=10 9 18 9
split_gain=4.06606 4.47422 5.73907 5.29945
threshold=0.22462463378906253 -0.38033847510814661 -0.40410181879997248 -0.18485382199287412
decision_type=2 2 2 2
left_child=-1 2 -2 -3
right_child=1 3 -4 -5
leaf_value=0.0081161033027958383 0.013139698765824737 -0.0048881116116267845 0 -6.7518863772055441e-05
leaf_weight=29.261332094669342 26.483620800077915 249.748758751899 62.434839256107807 974.06784121878445
leaf_count=102 88 909 221 3504
internal_value=-0.00026998 -0.00062092 0.00512455 -0.00116229
internal_weight=1342 1312.74 88.9185 1223.82
internal_count=4824 4722 309 4413
is_linear=0
shrinkage=0.03


Tree=174
num_leaves=7
num_cat=0
split_feature=0 1 17 5 7 7
split_gain=4.43249 7.35174 9.47597 5.78751 7.69709 5.24519
threshold=-1.4637369513511655 0.33427534997463232 1.7040384411811831 0.1513725891709328 1.2955526709556582 0.4590949565172196
decision_type=2 2 2 2 2 2
left_child=3 2 -2 4 -1 -5
right_child=1 -3 -4 5 -6 -7
leaf_value=0.001759311809130348 0.0005797862947148814 -0.0063324658174109764 0.010132863495436796 -0.00067559740880096552 -0.010784473577411706 -0.0085247458578448908
leaf_weight=418.40994659438729 407.53243575617671 66.01007416844368 109.01887423545122 183.03210970014334 28.544229816645384 146.79581961967051
leaf_count=1537 1397 233 369 647 128 570
internal_value=-0.000218025 0.00167709 0.00301035 -0.00172103 0.000402129 -0.00462816
internal_weight=1359.34 582.561 516.551 776.782 446.954 329.828
internal_count=4881 1999 1766 2882 1665 1217
is_linear=0
shrinkage=0.03


Tree=175
num_leaves=7
num_cat=0
split_feature=9 7 12 4 4 7
split_gain=3.5736 5.59952 9.67879 6.86451 5.43026 7.79618
threshold=-0.010161770973354576 0.22596690803766253 0.2916234433650971 -0.14516024291515348 0.61123332381248485 0.86198273301124584
decision_type=2 2 2 2 2 2
left_child=1 2 -1 -3 5 -2
right_child=4 3 -4 -5 -6 -7
leaf_value=-0.0035781177145445559 -0.0055474068024572408 0.0018638101082868923 0.0068214991966276681 -0.0054634119339932001 0.0033092944161538774 0.0029731511551127059
leaf_weight=91.4532161206007 363.02281078509986 248.8278750218451 251.32787077873945 174.82595132291317 110.30363943427801 104.96927697584033
leaf_count=330 1325 869 853 698 368 401
internal_value=-0.000229582 0.00105374 0.00383722 -0.0011346 -0.00200907 -0.00346979
internal_weight=1344.73 766.435 342.781 423.654 578.296 467.992
internal_count=4844 2750 1183 1567 2094 1726
is_linear=0
shrinkage=0.03


Tree=176
num_leaves=4
num_cat=0
split_feature=14 14 2
split_gain=2.96193 5.49714 2.63486
threshold=-0.92279040813446034 -0.7739085555076598 0.67619848251342785
decision_type=2 2 2
left_child=-1 -2 -3
right_child=1 2 -4
leaf_value=0.0072950920915322692 -0.0093345120192429003 0.00044227858120034441 -0.0068831447313979222
leaf_weight=28.894793935120106 37.208282232284546 1238.4225545339286 25.413335204124451
leaf_count=96 141 4447 99
internal_value=4.93905e-06 -0.000219542 0.00014331
internal_weight=1329.94 1301.04 1263.84
internal_count=4783 4687 4546
is_linear=0
shrinkage=0.03


Tree=177
num_leaves=7
num_cat=0
split_feature=9 6 2 14 8 6
split_gain=6.53434 6.89837 6.95473 5.87869 3.8793 2.55557
threshold=0.46208150684833532 0.28901933133602148 0.5403062403202058 0.08513751253485681 -0.68271487951278675 0.016759892925620083
decision_type=2 2 2 2 2 2
left_child=1 3 -3 -1 -2 -6
right_child=4 2 -4 -5 5 -7
leaf_value=0.0024172850477785939 0.0012505840213560087 0.0096928114802918835 -0.0031941694126472048 -0.0019317278784482291 0 -0.012525803826199453
leaf_weight=466.78029909357429 24.374805569648743 115.2345136962831 32.630992170423269 635.82188133150339 23.541757144033909 49.127459168434143
leaf_count=1561 84 425 128 2388 77 184
internal_value=0.000115609 0.000781214 0.00644975 -2.68863e-05 -0.00661641 -0.00960303
internal_weight=1347.51 1250.47 147.866 1102.6 97.044 72.6692
internal_count=4847 4502 553 3949 345 261
is_linear=0
shrinkage=0.03


Tree=178
num_leaves=7
num_cat=0
split_feature=10 12 6 3 14 13
split_gain=4.08271 8.5189 6.06468 5.83874 5.71057 3.77032
threshold=0.66497108340263378 0.67481938004493724 -0.10866365954279898 -1.1585068106651304 0.95321881771087658 -0.030234054662287232
decision_type=2 2 2 2 2 2
left_child=3 2 -2 -1 -3 -5
right_child=1 4 -4 5 -6 -7
leaf_value=-0.003285324542269688 0 0.0031123284818879546 -0.0072040923667753692 0 -0.0019927951411777881 0.010054269838513744
leaf_weight=53.313780080527067 177.95158164203167 416.8721163161099 251.00423026829958 41.76692483201623 328.79484149068594 82.177817583084106
leaf_count=208 617 1369 1020 141 1251 291
internal_value=-0.000395641 -0.00108912 -0.00437839 0.00354012 0.000789655 0.0069414
internal_weight=1351.88 1174.62 428.956 177.259 745.667 123.945
internal_count=4897 4257 1637 640 2620 432
is_linear=0
shrinkage=0.03


Tree=179
num_leaves=7
num_cat=0
split_feature=15 18 6 15 2 18
split_gain=4.08896 7.61315 7.04921 4.23258 9.93422 5.30553
threshold=-1.286668002605438 -0.5821423828601836 -0.30653645098209376 -0.574481040239334 0.15720784664154056 -0.48876239359378809
decision_type=2 2 2 2 2 2
left_child=1 -1 -3 4 -2 -5
right_child=3 2 -4 5 -6 -7
leaf_value=0.0031066353511342141 0.0057267616971589637 0.0030224243307186965 -0.0066566689855227616 -0.0061685602002754907 -0.0039034634046944731 0.00083039429780818906
leaf_weight=132.31608267873526 311.30475039035082 63.903009608387947 298.31149151548743 114.02858352288604 112.14304804429412 308.48031655326486
leaf_count=465 1087 208 1175 419 403 1094
internal_value=-0.00032681 -0.00247238 -0.00472327 0.000886294 0.00298003 -0.00111635
internal_weight=1340.49 494.531 362.215 845.957 423.448 422.509
internal_count=4851 1848 1383 3003 1490 1513
is_linear=0
shrinkage=0.03


end of trees

feature_importances:
Column_7=79
Column_14=72
Column_5=58
Column_0=57
Column_4=56
Column_12=54
Column_16=53
Column_17=53
Column_10=52
Column_13=51
Column_6=48
Column_8=47
Column_18=47
Column_1=44
Column_19=43
Column_11=42
Column_2=39
Column_3=38
Column_9=35
Column_15=35
Column_20=6
Column_21=6
Column_23=3

parameters:
[boosting: gbdt]
[objective: lambdarank]
[metric: ndcg]
[tree_learner: serial]
[device_type: cpu]
[data_sample_strategy: bagging]
[data: ]
[valid: ]
[num_iterations: 180]
[learning_rate: 0.03]
[num_leaves: 7]
[num_threads: 1]
[seed: 17]
[deterministic: 1]
[force_col_wise: 1]
[force_row_wise: 0]
[histogram_pool_size: -1]
[max_depth: 3]
[min_data_in_leaf: 80]
[min_sum_hessian_in_leaf: 0.001]
[bagging_fraction: 0.8]
[pos_bagging_fraction: 1]
[neg_bagging_fraction: 1]
[bagging_freq: 1]
[bagging_seed: 26602]
[bagging_by_query: 0]
[feature_fraction: 0.8]
[feature_fraction_bynode: 1]
[feature_fraction_seed: 18297]
[extra_trees: 0]
[extra_seed: 13015]
[early_stopping_round: 0]
[early_stopping_min_delta: 0]
[first_metric_only: 0]
[max_delta_step: 0]
[lambda_l1: 2]
[lambda_l2: 20]
[linear_lambda: 0]
[min_gain_to_split: 0]
[drop_rate: 0.1]
[max_drop: 50]
[skip_drop: 0.5]
[xgboost_dart_mode: 0]
[uniform_drop: 0]
[drop_seed: 30017]
[top_rate: 0.2]
[other_rate: 0.1]
[min_data_per_group: 100]
[max_cat_threshold: 32]
[cat_l2: 10]
[cat_smooth: 10]
[max_cat_to_onehot: 4]
[top_k: 20]
[monotone_constraints: ]
[monotone_constraints_method: basic]
[monotone_penalty: 0]
[feature_contri: ]
[forcedsplits_filename: ]
[refit_decay_rate: 0.9]
[cegb_tradeoff: 1]
[cegb_penalty_split: 0]
[cegb_penalty_feature_lazy: ]
[cegb_penalty_feature_coupled: ]
[path_smooth: 0]
[interaction_constraints: ]
[verbosity: -1]
[saved_feature_importance_type: 0]
[use_quantized_grad: 0]
[num_grad_quant_bins: 4]
[quant_train_renew_leaf: 0]
[stochastic_rounding: 1]
[linear_tree: 0]
[max_bin: 255]
[max_bin_by_feature: ]
[min_data_in_bin: 3]
[bin_construct_sample_cnt: 200000]
[data_random_seed: 94]
[is_enable_sparse: 1]
[enable_bundle: 1]
[use_missing: 1]
[zero_as_missing: 0]
[feature_pre_filter: 1]
[pre_partition: 0]
[two_round: 0]
[header: 0]
[label_column: ]
[weight_column: ]
[group_column: ]
[ignore_column: ]
[categorical_feature: ]
[forcedbins_filename: ]
[precise_float_parser: 0]
[parser_config_file: ]
[objective_seed: 20363]
[num_class: 1]
[is_unbalance: 0]
[scale_pos_weight: 1]
[sigmoid: 1]
[boost_from_average: 1]
[reg_sqrt: 0]
[alpha: 0.9]
[fair_c: 1]
[poisson_max_delta_step: 0.7]
[tweedie_variance_power: 1.5]
[lambdarank_truncation_level: 30]
[lambdarank_norm: 1]
[label_gain: 0,1,2,3]
[lambdarank_position_bias_regularization: 0]
[eval_at: 2]
[multi_error_top_k: 1]
[auc_mu_weights: ]
[num_machines: 1]
[local_listen_port: 12400]
[time_out: 120]
[machine_list_filename: ]
[machines: ]
[gpu_platform_id: -1]
[gpu_device_id: -1]
[gpu_device_id_list: ]
[gpu_use_dp: 0]
[num_gpu: 1]

end of parameters

pandas_categorical:null
