tree
version=v4
num_class=1
num_tree_per_iteration=1
label_index=0
max_feature_idx=7
objective=lambdarank
feature_names=Column_0 Column_1 Column_2 Column_3 Column_4 Column_5 Column_6 Column_7
feature_infos=[-2.8707199096679688:1.3665225505828857] [-1.3829426765441895:2.5005612373352051] [-1.2473015785217285:2.8120923042297363] [-2.4748332500457764:2.8062193393707275] [0:1] [0:1] [0:1] [0:1]
tree_sizes=857 905 798 899 886 902 904 898 906 858 881 884 905 905 905 910 897 898 881 854 905 772 904 686 904 881 885 909 886 689 905 904 697 881 907 794 897 899 903 900 883 892 689 871 893 903 898 895 780 907 904 798 762 891 909 904 669 773 670 887 886 780 792 907 878 905 895 890 679 882 885 884 879 895 693 895 862 884 895 697 901 902 780 905 893 901 902 901 902 884 905 879 886 794 582 671 906 678 765 903 901 902 907 905 784 906 884 906 902 756 894 887 664 880 884 910 906 661 879 903 783 902 781 891 800 881 760 889 691 905 798 695 889 904 671 908 877 901 892 902 909 895 900 886 907 883 775 901 909 786 909 905 884 782 904 778 904 798 871 892 879 880 905 867 896 884 859 692 903 899 907 902 909 697 887 834 878 896 792 867

Tree=0
num_leaves=7
num_cat=0
split_feature=3 3 2 0 0 0
split_gain=4.00084 2.41032 4.75257 1.604 0.39946 0.243696
threshold=0.32064229249954229 -1.4265487194061277 0.15247919410467151 -1.4729832410812376 -0.68972042202949513 -2.4345889091491695
decision_type=2 2 2 2 2 2
left_child=1 3 -3 -1 5 -2
right_child=4 2 -4 -5 -6 -7
leaf_value=-0.0044817495078779803 0 0.0053013769642352047 -0.0027801893611112253 0.0010229767978555645 0 -0.0075118407219603341
leaf_weight=78.042642829939723 6.9213945083320132 172.52320884540677 73.138787882402539 54.385769952088594 6.2523025013506404 49.603530291467905
leaf_count=764 87 2066 837 575 71 621
internal_value=-0.000277975 0.000850025 0.00264131 -0.00198984 -0.0063604 -0.00696118
internal_weight=440.868 378.09 245.662 132.428 62.7772 56.5249
internal_count=5021 4242 2903 1339 779 708
is_linear=0
shrinkage=0.03


Tree=1
num_leaves=7
num_cat=0
split_feature=2 5 3 3 3 1
split_gain=39.2674 38.5022 32.7643 40.3264 20.1291 18.9285
threshold=0.028765651397407058 1.0000000180025095e-35 -1.5373983383178709 -0.25284421443939203 -1.9898338913917539 0.36718244850635534
decision_type=2 2 2 2 2 2
left_child=2 5 4 -4 -1 -2
right_child=1 -3 3 -5 -6 -7
leaf_value=0.0058542387257104912 0.0016169366332191187 -0.012164846533870921 0.0086707266342287617 -0.0015660705539741386 -0.0092149480865786355 -0.0079342061749684088
leaf_weight=91.699987197294831 776.72706398740411 333.97065048292279 950.34483727067709 516.34158875793219 253.41485404968262 222.72296291589737
leaf_count=169 1256 536 1340 876 466 387
internal_value=0.000203621 -0.00365264 0.00308334 0.00505395 -0.00494525 -0.000566538
internal_weight=3145.22 1333.42 1811.8 1466.69 345.115 999.45
internal_count=5030 2179 2851 2216 635 1643
is_linear=0
shrinkage=0.03


Tree=2
num_leaves=6
num_cat=0
split_feature=1 0 4 2 4
split_gain=52.0282 22.5801 23.3292 15.2488 2.20761
threshold=0.3747695684432984 -1.468545079231262 1.0000000180025095e-35 -0.36241143941879267 1.0000000180025095e-35
decision_type=2 2 2 2 2
left_child=1 2 -1 -3 -2
right_child=4 3 -4 -5 -6
leaf_value=-0.0027955854949777564 -0.013151301062087827 -0.0044083737728653925 0.0047867742546597791 0.0060353821829285852 -0.0039919623722014692
leaf_weight=1186.9417155571282 207.73597764968872 121.02728322148323 501.7128417417407 1064.7056891359389 75.797849580645561
leaf_count=1951 373 197 744 1638 134
internal_value=0.000469074 0.00172338 -0.000478029 0.00486419 -0.0113248
internal_weight=3157.92 2874.39 1688.65 1185.73 283.534
internal_count=5037 4530 2695 1835 507
is_linear=0
shrinkage=0.03


Tree=3
num_leaves=7
num_cat=0
split_feature=2 3 3 1 1 3
split_gain=42.1312 21.2671 19.2751 12.8841 27.1019 9.01769
threshold=0.14986032247543338 -0.19944482296705243 -1.159601032733917 0.12059951201081277 0.04863948933780194 -1.86292427778244
decision_type=2 2 2 2 2 2
left_child=1 2 -1 4 -2 -5
right_child=3 -3 -4 5 -6 -7
leaf_value=0.00069041882006842998 -0.0069548465431685602 -0.0024722249004328167 0.0070974701024160425 0.0015549648149839625 0.012654355984463928 -0.0092170748130879065
leaf_weight=840.05258618295193 147.94483004510403 574.64124020934105 890.3877348639071 64.019440189003944 81.678173512220383 501.84237392246723
leaf_count=1400 244 1022 1219 103 138 916
internal_value=0.000328334 0.00240213 0.00406483 -0.00551889 0.000234919 -0.00788448
internal_weight=3100.57 2305.08 1730.44 795.485 229.623 565.862
internal_count=5042 3641 2619 1401 382 1019
is_linear=0
shrinkage=0.03


Tree=4
num_leaves=7
num_cat=0
split_feature=3 1 5 3 2 1
split_gain=24.39 22.4777 22.5912 18.1394 4.25982 2.65608
threshold=0.59479889273643505 -0.043033445253968232 1.0000000180025095e-35 -0.49976339936256403 -0.26215665042400355 -0.045738171786069863
decision_type=2 2 2 2 2 2
left_child=1 3 -3 -1 -2 -6
right_child=4 2 -4 -5 5 -7
leaf_value=0.006467187625877782 0 0.00062220977689799166 -0.0085096944292142995 -0.001204326304227844 -0.014402310107150165 -0.0051531840042149226
leaf_weight=892.29746161028743 51.337799265980721 1141.2306094616652 286.30318613350391 373.25717280805111 75.873879879713058 140.54377324134111
leaf_count=1405 105 1866 569 630 154 267
internal_value=0.000386198 0.00128355 -0.00126009 0.00417438 -0.00789273 -0.00959369
internal_weight=2960.84 2693.09 1427.53 1265.55 267.755 216.418
internal_count=4996 4470 2435 2035 526 421
is_linear=0
shrinkage=0.03


Tree=5
num_leaves=7
num_cat=0
split_feature=0 2 3 2 0 2
split_gain=33.1881 22.0896 19.5123 21.5965 10.2074 7.91579
threshold=-1.5565903782844541 0.2312089949846268 0.032555867917835719 0.033399384468793876 -2.5025336742401119 -0.37809583544731135
decision_type=2 2 2 2 2 2
left_child=2 5 3 -1 -4 -2
right_child=1 -3 4 -5 -6 -7
leaf_value=0.0021576339374942792 -0.0020085826066796068 -0.0043323622454371196 0.0026564318057166929 -0.0057964586637833989 -0.011386577789154652 0.0061156532835729867
leaf_weight=747.61986161768436 98.796631589531898 237.55707192420959 39.836381494998932 487.85948850214481 266.34703649580479 1041.2923937886953
leaf_count=1227 186 436 92 928 556 1616
internal_value=0.000213298 0.00358893 -0.00277211 -0.000977749 -0.0093247 0.00533742
internal_weight=2919.31 1377.65 1541.66 1235.48 306.183 1140.09
internal_count=5041 2238 2803 2155 648 1802
is_linear=0
shrinkage=0.03


Tree=6
num_leaves=7
num_cat=0
split_feature=0 2 3 3 0 4
split_gain=27.1229 18.1313 18.2106 15.511 15.353 14.3109
threshold=-1.468545079231262 0.095858320593833937 -1.2242271900177 -0.8425292670726775 -1.0312013030052183 1.0000000180025095e-35
decision_type=2 2 2 2 2 2
left_child=1 2 -1 -2 -5 -3
right_child=3 5 -4 4 -6 -7
leaf_value=-0.0060451295826182911 0.0062061371793978122 -0.011154660931789207 0.0020202026892266198 0.0039549132118866003 -0.0053042677189976423 -0.00022556861666968962
leaf_weight=351.67010892927647 651.73124200105667 312.50691548734903 753.01708707213402 321.60482223331928 283.45082625001669 177.74222642183304
leaf_count=666 1021 721 1325 533 471 329
internal_value=-0.000184022 -0.00278571 -0.000555837 0.0030626 -0.000317679 -0.00747401
internal_weight=2851.72 1594.94 1104.69 1256.79 605.056 490.249
internal_count=5066 3041 1991 2025 1004 1050
is_linear=0
shrinkage=0.03


Tree=7
num_leaves=7
num_cat=0
split_feature=0 2 0 2 6 1
split_gain=24.623 21.1643 13.5 12.6174 13.2322 9.99989
threshold=-1.468545079231262 0.16263715177774432 -1.1357439160346983 0.030839564278721813 1.0000000180025095e-35 0.12638185173273089
decision_type=2 2 2 2 2 2
left_child=3 2 -2 4 -1 -3
right_child=1 5 -4 -5 -6 -7
leaf_value=0.0014048014175864405 0.0093879915310437663 0.0029362544487567498 0.0018937650323296634 -0.0062907580552675974 -0.0068488642849390755 -0.0074572241644977012
leaf_weight=690.17372478544712 369.146488904953 108.52260291576385 576.70128446817398 575.81003811210394 210.25331933796406 204.53136678040028
leaf_count=1271 572 170 915 1269 390 385
internal_value=-0.000261732 0.00277293 0.00501457 -0.0028922 -0.000564217 -0.00371413
internal_weight=2735.14 1258.9 945.848 1476.24 900.427 313.054
internal_count=4972 2042 1487 2930 1661 555
is_linear=0
shrinkage=0.03


Tree=8
num_leaves=7
num_cat=0
split_feature=1 2 7 2 7 1
split_gain=18.4454 15.0958 15.1813 7.37557 1.67659 2.32144
threshold=0.3747695684432984 -0.37016989290714258 1.0000000180025095e-35 -0.63799208402633656 1.0000000180025095e-35 0.57092422246932995
decision_type=2 2 2 2 2 2
left_child=1 3 -3 -1 5 -2
right_child=4 2 -4 -5 -6 -7
leaf_value=0.0029962175349016683 -0.012266227581479008 0.00045964565979596592 0.0061182858702621837 -0.0075984208360994603 -0.0014891126380626636 -0.0025396203271337305
leaf_weight=57.084507256746292 89.621264934539795 1603.5179934799671 577.43653611838818 219.38715068995953 63.579711392521858 66.911975882947445
leaf_count=102 220 3005 988 417 134 145
internal_value=0.000372082 0.00115988 0.00202709 -0.00515396 -0.00753738 -0.00920712
internal_weight=2677.54 2457.43 2180.95 276.472 220.113 156.533
internal_count=5011 4512 3993 519 499 365
is_linear=0
shrinkage=0.03


Tree=9
num_leaves=7
num_cat=0
split_feature=1 3 3 0 7 1
split_gain=23.1922 16.0661 15.502 6.2486 5.41036 3.98178
threshold=0.3747695684432984 0.65413573384284984 -1.159601032733917 -2.1401311159133907 1.0000000180025095e-35 -0.25304344296455378
decision_type=2 2 2 2 2 2
left_child=1 2 -1 -2 -5 -3
right_child=3 5 -4 4 -6 -7
leaf_value=-0.0016549237525780947 0 0 0.0033044503901412331 -0.016081429131309135 -0.0023051213566554359 -0.010034318504630603
leaf_weight=942.81764154881239 59.431304976344109 42.714492656290531 1332.7013014405966 98.360639460384846 56.877881832420826 131.20202839374542
leaf_count=1710 138 100 2422 253 116 292
internal_value=-0.000328064 0.000507855 0.00122698 -0.00935217 -0.0122155 -0.00774782
internal_weight=2664.11 2449.44 2275.52 214.67 155.239 173.917
internal_count=5031 4524 4132 507 369 392
is_linear=0
shrinkage=0.03


Tree=10
num_leaves=7
num_cat=0
split_feature=1 0 1 3 3 0
split_gain=15.7227 11.9055 12.3006 8.80188 7.72473 9.54348
threshold=0.23244782537221911 -1.4729832410812376 -0.36623740196228022 0.27370740473270422 -1.1006312966346739 -1.4855665564537046
decision_type=2 2 2 2 2 2
left_child=1 3 -3 -1 5 -2
right_child=4 2 -4 -5 -6 -7
leaf_value=2.9915464700356833e-05 -0.005418513111018269 -0.0050771435187097324 0.0046992505868575498 -0.0074729496101161074 -0.0078353027388020618 0.0076359031378546516
leaf_weight=1049.6987815275788 97.309377782046795 110.45522268116474 883.19848634302616 139.8252110183239 282.5715016387403 68.238062173128128
leaf_count=2040 205 195 1433 363 646 129
internal_value=0 0.00107102 0.00347458 -0.000911404 -0.00498293 0
internal_weight=2631.3 2183.18 993.654 1189.52 448.119 165.547
internal_count=5011 4031 1628 2403 980 334
is_linear=0
shrinkage=0.03


Tree=11
num_leaves=7
num_cat=0
split_feature=0 2 3 3 7 3
split_gain=31.8245 16.8543 12.7533 24.6135 9.78186 8.82034
threshold=-1.4729832410812376 0.19235125929117206 0.27370740473270422 -1.0918600559234617 1.0000000180025095e-35 -1.5965417027473447
decision_type=2 2 2 2 2 2
left_child=2 5 3 -1 -3 -2
right_child=1 4 -4 -5 -6 -7
leaf_value=-0.0062906993683458541 0 -0.0077366427752533252 -0.010103650335346893 0.0020736216824554779 0.0033929630217865744 0.0068708407673439779
leaf_weight=559.58680950850248 207.21731618046761 145.49001612514257 178.44369477778673 667.67920634150505 100.17843441665173 758.55621740967035
leaf_count=1170 351 305 508 1317 172 1230
internal_value=6.52759e-05 0.00361947 -0.00296345 -0.0017318 -0.00305861 0.00540666
internal_weight=2617.15 1211.44 1405.71 1227.27 245.668 965.774
internal_count=5053 2058 2995 2487 477 1581
is_linear=0
shrinkage=0.03


Tree=12
num_leaves=7
num_cat=0
split_feature=0 1 3 2 0 0
split_gain=19.5263 14.075 8.52626 8.24388 7.03828 5.62156
threshold=-1.5565903782844541 0.065816346555948271 -1.5965417027473447 0.030839564278721813 -2.3132040500640865 -2.5552562475204463
decision_type=2 2 2 2 2 2
left_child=3 2 -2 4 -1 -5
right_child=1 -3 -4 5 -6 -7
leaf_value=0.0037018721537896721 -0.00079137339368492185 -0.0014245704442158256 0.0064282309965729752 0.0035762019614096873 -0.0023985858117465714 -0.0064769799978208918
leaf_weight=220.8591825067997 164.31031340360641 464.44095697999001 663.82716013491154 35.196632370352745 542.31879284232855 459.9048337675631
leaf_count=466 291 877 1113 76 1101 1123
internal_value=2.79054e-05 0.00262066 0.00494017 -0.00258792 -0.000507088 -0.00553471
internal_weight=2550.86 1292.58 828.137 1258.28 763.178 495.101
internal_count=5047 2281 1404 2766 1567 1199
is_linear=0
shrinkage=0.03


Tree=13
num_leaves=7
num_cat=0
split_feature=0 2 5 0 3 3
split_gain=25.0023 9.96721 18.3141 14.9306 8.86463 12.4191
threshold=-1.5565903782844541 0.028765651397407058 1.0000000180025095e-35 -2.3132040500640865 -1.5965417027473447 -1.1006312966346739
decision_type=2 2 2 2 2 2
left_child=1 3 -3 -1 -2 -6
right_child=4 2 -4 -5 5 -7
leaf_value=0.0057247579839466633 -0.0014600708459937947 -0.0022416348364286132 -0.015678775109699249 -0.0032414024137955976 0.010414919628357442 0.0024352960928380701
leaf_weight=219.15238652378321 259.46280227601528 365.46025575324893 113.20877125859261 527.9056177213788 230.42219465225935 768.38098604232073
leaf_count=454 476 847 357 1112 379 1390
internal_value=0.000255803 -0.00274499 -0.0060413 -0.000452238 0.00322314 0.00450339
internal_weight=2483.99 1225.73 478.669 747.058 1258.27 998.803
internal_count=5015 2770 1204 1566 2245 1769
is_linear=0
shrinkage=0.03


Tree=14
num_leaves=7
num_cat=0
split_feature=7 1 2 3 3 3
split_gain=16.9082 20.2316 18.7443 15.6877 12.4618 20.0893
threshold=1.0000000180025095e-35 0.062156930565834052 -0.43432085216045374 -1.0694714188575742 -1.0797774195671079 0.48851683735847479
decision_type=2 2 2 2 2 2
left_child=4 2 -2 -3 -1 -6
right_child=1 3 -4 -5 5 -7
leaf_value=-0.0054499908762539601 -0.0071199350238545 0.0034894739735966858 0.0099580746442138619 -0.0099502071603462632 0.0015741611127388833 -0.0085177693004217063
leaf_weight=621.80533629655838 49.284458324313164 147.2538925409317 358.33177505433559 123.31349628418684 970.91473328322172 195.91820642724633
leaf_count=1316 104 270 638 235 1937 521
internal_value=-0.000540984 0.00339708 0.00751645 -0.00269256 -0.00208838 -0.000184762
internal_weight=2466.82 678.184 407.616 270.567 1788.64 1166.83
internal_count=5021 1247 742 505 3774 2458
is_linear=0
shrinkage=0.03


Tree=15
num_leaves=7
num_cat=0
split_feature=2 0 1 6 5 6
split_gain=20.4913 14.3467 10.272 8.10742 5.22022 7.43758
threshold=0.16906868666410449 -1.5565903782844541 -0.13764278590679166 1.0000000180025095e-35 1.0000000180025095e-35 1.0000000180025095e-35
decision_type=2 2 2 2 2 2
left_child=1 3 -3 -1 5 -2
right_child=4 2 -4 -5 -6 -7
leaf_value=0.00070284226131649022 -8.6530682676148237e-05 0.0082194247016854783 0.001668530846497549 -0.0058230923176140629 -0.010692196407517663 -0.0081163469435138018
leaf_weight=718.3683969154954 332.24813084304333 372.98669388145208 573.48501771688461 199.90056259930134 92.042864948511124 142.55030821636319
leaf_count=1607 665 666 1003 452 302 329
internal_value=0.000322669 0.00186701 0.00442886 -0.000747701 -0.004546 -0.00284923
internal_weight=2431.58 1864.74 946.472 918.269 566.841 474.798
internal_count=5024 3728 1669 2059 1296 994
is_linear=0
shrinkage=0.03


Tree=16
num_leaves=7
num_cat=0
split_feature=0 2 2 2 7 0
split_gain=15.2153 8.59894 6.73416 7.50247 5.84909 5.79123
threshold=-1.531782269477844 0.15247919410467151 0.19235125929117206 -0.37809583544731135 1.0000000180025095e-35 -2.3132040500640865
decision_type=2 2 2 2 2 2
left_child=1 5 3 -2 -4 -1
right_child=2 -3 4 -5 -6 -7
leaf_value=0.0026655630478244889 -0.0036695134717142502 -0.0066922305184742162 -0.0057431663087547683 0.0044792973306457748 0.0027543254154002764 -0.0024095601147425343
leaf_weight=268.26003278791904 91.950278297066689 293.99753035604954 134.92842054367065 840.68338152766228 110.37624643743038 623.43239267170429
leaf_count=587 178 783 322 1470 192 1444
internal_value=0 -0.00239146 0.00238224 0.00355273 -0.00177412 -0.000791949
internal_weight=2363.63 1185.69 1177.94 932.634 245.305 891.692
internal_count=4976 2814 2162 1648 514 2031
is_linear=0
shrinkage=0.03


Tree=17
num_leaves=7
num_cat=0
split_feature=0 3 3 0 2 3
split_gain=16.5407 10.7256 11.5545 8.83354 6.89033 12.7646
threshold=-1.5695746541023252 -1.5373983383178709 -1.0188102722167967 -0.97305259108543385 0.030839564278721813 -1.2242271900177
decision_type=2 2 2 2 2 2
left_child=4 3 -3 -2 5 -1
right_child=1 2 -4 -5 -6 -7
leaf_value=-0.006277494076364667 0.0019956110548115902 0.0094109598568210065 0.0018859723285191508 -0.0079288737842824076 -0.0053521131793271099 0.0021480708748936655
leaf_weight=215.56801728904247 160.85040676593781 254.79109388589859 689.39101995527744 120.22403104603291 420.78920449316502 489.38516821712255
leaf_count=529 309 446 1311 224 1144 1041
internal_value=0.00018106 0.00259627 0.00413194 -0.00229482 -0.00239472 -0.000447727
internal_weight=2351 1225.26 944.182 281.074 1125.74 704.953
internal_count=5004 2290 1757 533 2714 1570
is_linear=0
shrinkage=0.03


Tree=18
num_leaves=7
num_cat=0
split_feature=0 1 7 1 0 0
split_gain=14.3896 9.60522 5.2982 4.76649 8.04728 5.0125
threshold=-1.468545079231262 0.33156737685203558 1.0000000180025095e-35 0.39140088856220251 -2.3132040500640865 -2.279078364372253
decision_type=2 2 2 2 2 2
left_child=3 2 -2 4 -1 -5
right_child=1 -3 -4 5 -6 -7
leaf_value=0.0030173252296484612 0.0024845748648066267 -0.0042415346310980019 0.0074683228397953577 -0.013139205067749652 -0.0023341553163086538 0
leaf_weight=341.78305198252201 636.63913176953793 109.58470720797777 327.99760390818119 40.965175606310368 793.46529752016068 61.772023946046829
leaf_count=791 1197 240 569 102 1914 185
internal_value=0.000838057 0.00336384 0.00435737 -0.00132455 -0.000646733 -0.00699975
internal_weight=2312.21 1074.22 964.637 1237.99 1135.25 102.737
internal_count=4998 2006 1766 2992 2705 287
is_linear=0
shrinkage=0.03


Tree=19
num_leaves=7
num_cat=0
split_feature=1 0 3 2 3 0
split_gain=14.299 7.22078 10.7038 7.98164 2.95633 5.0535
threshold=0.3747695684432984 -1.468545079231262 0.27370740473270422 0.16906868666410449 -0.89137530326843251 -2.0536472797393794
decision_type=2 2 2 2 2 2
left_child=1 2 -1 -3 -2 -6
right_child=4 3 -4 -5 5 -7
leaf_value=0 -0.0019174529475348269 0.0036030434103105939 -0.0083040130629875829 -0.0029944141051102928 0 -0.014344080476870608
leaf_weight=989.67467037588358 84.191955924034119 812.36428766697645 141.67497498914599 179.7853112667799 30.569334287196398 74.388690918684006
leaf_count=2278 201 1479 441 359 96 206
internal_value=-0.000258499 0.000447887 -0.00114714 0.00231271 -0.00776013 -0.0109097
internal_weight=2312.65 2123.5 1131.35 992.15 189.15 104.958
internal_count=5060 4557 2719 1838 503 302
is_linear=0
shrinkage=0.03


Tree=20
num_leaves=7
num_cat=0
split_feature=3 2 2 5 2 1
split_gain=13.3193 11.8075 14.2731 13.2169 8.69637 2.99408
threshold=0.48851683735847479 0.019809896126389507 -0.37016989290714258 1.0000000180025095e-35 -0.26215665042400355 0.086752913892269148
decision_type=2 2 2 2 2 2
left_child=1 2 -1 -3 -2 -6
right_child=4 3 -4 -5 5 -7
leaf_value=-0.0035641444480306941 0.0029183404421136996 0.00026479756024808484 0.0046061195147152449 -0.0089224491172606238 -0.013519194296139814 -0.0027840592577084234
leaf_weight=213.5100609511137 46.727783814072609 713.70721247047186 992.3140192180872 152.03190945461392 82.886011354625225 68.774256128817797
leaf_count=446 118 1526 2007 458 240 205
internal_value=0.00040462 0.00116177 0.00307595 -0.00144587 -0.00660913 -0.00989215
internal_weight=2269.95 2071.56 1205.82 865.739 198.388 151.66
internal_count=5000 4437 2453 1984 563 445
is_linear=0
shrinkage=0.03


Tree=21
num_leaves=6
num_cat=0
split_feature=1 3 3 0 0
split_gain=15.6526 12.1198 16.569 15.2801 1.65373
threshold=0.39140088856220251 -1.5965417027473447 -1.8275457620620725 -1.468545079231262 -0.84151655435562123
decision_type=2 2 2 2 2
left_child=1 2 -1 -3 -2
right_child=4 3 -4 -5 -6
leaf_value=0.0013182879742774049 -0.0094387446803868708 -0.00044029918328052076 -0.010353652472930235 0.0051679916080862162 0
leaf_weight=247.75895339995623 130.78244523704052 895.92215600982308 161.46541427820921 797.33831737935543 32.806958638131618
leaf_count=550 369 2173 383 1493 72
internal_value=0.000303582 0.00105295 -0.00341511 0.00219506 -0.00806615
internal_weight=2266.07 2102.48 409.224 1693.26 163.589
internal_count=5040 4599 933 3666 441
is_linear=0
shrinkage=0.03


Tree=22
num_leaves=7
num_cat=0
split_feature=1 0 3 3 4 3
split_gain=9.83151 8.89496 11.0818 5.14405 3.5478 6.34458
threshold=0.18971950560808185 -1.468545079231262 -1.1361725330352781 -1.5864732861518858 1.0000000180025095e-35 -0.63185518980026234
decision_type=2 2 2 2 2 2
left_child=1 2 -1 -3 -2 -6
right_child=4 3 -4 -5 5 -7
leaf_value=-0.0047319023570860513 -0.004877957827488239 -0.00064055591732821828 0.0018678404282639817 0.0048212516298891108 -0.0035696718014919674 0.0083332786542659465
leaf_weight=348.22352670878172 355.74975417181849 172.69516140967607 574.77926591783762 644.98475748300552 91.703836597502232 42.048239015042782
leaf_count=878 896 348 1373 1205 214 100
internal_value=0.000274026 0.0013581 -0.000605984 0.00360833 -0.00336519 0.000379307
internal_weight=2230.18 1740.68 923.003 817.68 489.502 133.752
internal_count=5014 3804 2251 1553 1210 314
is_linear=0
shrinkage=0.03


Tree=23
num_leaves=5
num_cat=0
split_feature=2 0 2 0
split_gain=11.0669 8.72081 9.14511 4.0467
threshold=0.48523756861686712 -1.468545079231262 -0.36241143941879267 -1.5002691745758054
decision_type=2 2 2 2
left_child=1 3 -3 -1
right_child=-2 2 -4 -5
leaf_value=-0.0010728222577754255 -0.0083187873040537867 -0.0056308390176585841 0.00325612444319662 -0.0089464492437881463
leaf_weight=1061.4058062657714 127.27815070003271 95.092732161283493 882.80452378094196 46.421274095773697
leaf_count=2701 316 192 1719 105
internal_value=-0.000361841 0.000169625 0.00223628 -0.00160875
internal_weight=2213 2085.72 977.897 1107.83
internal_count=5033 4717 1911 2806
is_linear=0
shrinkage=0.03


Tree=24
num_leaves=7
num_cat=0
split_feature=2 2 0 0 1 2
split_gain=14.0912 9.083 9.60625 9.43393 4.64862 5.19318
threshold=0.022807541303336624 -0.37809583544731135 -1.9158176183700559 -2.1692508459091182 0.39140088856220251 0.052253024652600295
decision_type=2 2 2 2 2 2
left_child=1 3 -3 -1 5 -2
right_child=4 2 -4 -5 -6 -7
leaf_value=0.0048208723053128491 -0.0079711474548952131 -0.0010666716305618342 0.0049067267153246738 -0.0073373089803286792 -0.0074898345689276107 -0.0006303062834094815
leaf_weight=63.560430414974689 86.222735561430454 324.83575704693794 740.50322616100311 152.00627835839987 157.41833485662937 645.35437570884824
leaf_count=150 201 780 1517 347 437 1555
internal_value=-9.60784e-05 0.0018791 0.00304398 -0.00339279 -0.00298673 -0.00176442
internal_weight=2169.9 1280.91 1065.34 215.567 888.995 731.577
internal_count=4987 2794 2297 497 2193 1756
is_linear=0
shrinkage=0.03


Tree=25
num_leaves=7
num_cat=0
split_feature=3 0 3 0 1 3
split_gain=14.1933 10.2681 8.28435 4.37577 2.27941 0.292524
threshold=0.65413573384284984 -1.7156170010566709 -1.5373983383178709 -2.3247439861297603 -0.28114418685436243 1.0555142760276797
decision_type=2 2 2 2 2 2
left_child=1 3 -3 -1 -2 -6
right_child=4 2 -4 -5 5 -7
leaf_value=0.0005199630998404377 0 -0.0020706632481987462 0.0036221031116949139 -0.0037729252016898427 -0.012920453060758317 -0.0040919750931845602
leaf_weight=313.12407792359591 29.996292248368263 278.0026618912816 896.62284364923835 511.59340107068419 61.449831120669842 59.480947196483612
leaf_count=748 81 602 1820 1343 176 187
internal_value=-0.000275413 0.000401412 0.00221244 -0.00209828 -0.00859027 -0.0102008
internal_weight=2150.27 1999.34 1174.63 824.717 150.927 120.931
internal_count=4957 4513 2422 2091 444 363
is_linear=0
shrinkage=0.03


Tree=26
num_leaves=7
num_cat=0
split_feature=3 2 5 2 0 2
split_gain=10.2777 7.07672 12.0125 6.50588 5.04445 3.63478
threshold=0.70975050330162059 0.030839564278721813 1.0000000180025095e-35 -0.37016989290714258 -0.91608679294586171 -0.25118048489093775
decision_type=2 2 2 2 2 2
left_child=1 3 -3 -1 5 -2
right_child=4 2 -4 -5 -6 -7
leaf_value=-0.0018668891915414358 0 0.00066225276466345886 -0.0084732971728651799 0.0035571371787718633 0.0023085421645902371 -0.011559679498177496
leaf_weight=216.4153543189168 32.206514418125153 678.20614580437541 137.25665020942688 1032.0988499894738 28.109290525317192 90.414074692875147
leaf_count=493 87 1518 450 2207 62 290
internal_value=0.000538031 0.00113773 -0.000969634 0.00255504 -0.00649367 -0.00897294
internal_weight=2214.71 2063.98 815.463 1248.51 150.73 122.621
internal_count=5107 4668 1968 2700 439 377
is_linear=0
shrinkage=0.03


Tree=27
num_leaves=7
num_cat=0
split_feature=2 2 5 5 1 2
split_gain=11.9226 11.2987 10.4095 7.70631 6.53135 4.3581
threshold=0.022807541303336624 -0.37016989290714258 1.0000000180025095e-35 1.0000000180025095e-35 0.164820171892643 0.074158884584903731
decision_type=2 2 2 2 2 2
left_child=1 3 5 -1 -3 -2
right_child=2 4 -4 -5 -6 -7
leaf_value=-0.0067837070499320836 -0.0057222925937477909 0.0040953221069639934 -0.0092333974076001801 0.0046579677880568774 -0.0039097375296426413 0.00013993122355934542
leaf_weight=171.82379212230444 115.17797132208943 950.95286294072866 149.4971324801445 50.748876169323921 77.937341257929802 618.89472546055913
leaf_count=404 254 2086 535 121 172 1438
internal_value=0.000117197 0.00201479 -0.00248919 -0.00375859 0.00336876 -0.000827674
internal_weight=2135.03 1251.46 883.57 222.573 1028.89 734.073
internal_count=5010 2783 2227 525 2258 1692
is_linear=0
shrinkage=0.03


Tree=28
num_leaves=7
num_cat=0
split_feature=2 3 3 3 4 2
split_gain=10.5873 13.3091 16.5093 7.61638 21.9892 6.89226
threshold=0.16906868666410449 -1.3724902272224424 -0.19944482296705243 -0.89137530326843251 1.0000000180025095e-35 -0.059077348560094826
decision_type=2 2 2 2 2 2
left_child=1 5 -3 -2 -5 -1
right_child=3 2 -4 4 -6 -7
leaf_value=-0.0064070269630708233 0 0.0053945552278052119 -0.0018221828854282339 -0.011390625106148331 0.0083739930008601988 0.00071670867516247111
leaf_weight=244.27129848301411 241.94163940101862 753.73079159110785 423.36876049637794 208.64701456949115 45.755324937403202 195.500921420753
leaf_count=606 571 1579 1040 599 122 451
internal_value=-7.39974e-05 0.00107968 0.0027617 -0.00384462 -0.00726596 -0.00321625
internal_weight=2113.22 1616.87 1177.1 496.344 254.402 439.772
internal_count=4968 3676 2619 1292 721 1057
is_linear=0
shrinkage=0.03


Tree=29
num_leaves=5
num_cat=0
split_feature=1 0 0 7
split_gain=13.7231 5.19157 11.1753 0.229206
threshold=0.39140088856220251 0.085016787052154555 -0.48358385264873499 1.0000000180025095e-35
decision_type=2 2 2 2
left_child=1 2 -1 -2
right_child=3 -3 -4 -5
leaf_value=0.0017569815617774426 -0.008735686785972958 0.010077633000798624 -0.0073917419374190472 -0.002085331433829845
leaf_weight=1792.1203745007515 100.32573699951172 43.168809488415718 107.17456591874361 49.917369857430458
leaf_count=4220 339 81 217 109
internal_value=0.000740038 0.00146775 0.00113782 -0.00738314
internal_weight=2092.71 1942.46 1899.29 150.243
internal_count=4966 4518 4437 448
is_linear=0
shrinkage=0.03


Tree=30
num_leaves=7
num_cat=0
split_feature=1 3 3 3 3 7
split_gain=13.7232 5.62348 8.04502 5.62866 0.874138 4.48015
threshold=0.3747695684432984 -1.5373983383178709 -1.8275457620620725 -0.19944482296705243 -1.0188102722167967 1.0000000180025095e-35
decision_type=2 2 2 2 2 2
left_child=1 2 -1 -3 5 -2
right_child=4 3 -4 -5 -6 -7
leaf_value=0.00095192011517162233 -0.0085808004740659371 0.0024313494283520753 -0.0068993497186599769 -0.0013513721740792937 -0.010488687608881915 0.0031579079075493063
leaf_weight=225.67217817157507 38.583540175110102 1012.0381470769644 194.68716690689325 501.02655164897442 94.99684190005064 33.470520049333572
leaf_count=532 123 2213 493 1264 309 63
internal_value=-0.000463199 0.000254836 -0.0026963 0.00113834 -0.00823308 -0.00297476
internal_weight=2100.47 1933.42 420.359 1513.06 167.051 72.0541
internal_count=4997 4502 1025 3477 495 186
is_linear=0
shrinkage=0.03


Tree=31
num_leaves=7
num_cat=0
split_feature=1 0 0 1 7 0
split_gain=10.8737 7.82151 6.76187 4.65838 3.01048 2.22617
threshold=0.3747695684432984 -1.468545079231262 -2.4284571409225459 0.11725974828004838 1.0000000180025095e-35 -2.1401311159133907
decision_type=2 2 2 2 2 2
left_child=1 2 -1 -3 5 -2
right_child=4 3 -4 -5 -6 -7
leaf_value=0.0035518576551538052 -0.00095848955183091341 0.0039328506939746884 -0.0022821356832192145 -0.00075807852482844018 -7.5849184500560512e-05 -0.012553407234639711
leaf_weight=201.78984221071005 36.981846317648888 688.91857333481312 826.50873549282551 225.62124942243099 55.925320751965046 65.378442920744419
leaf_count=489 121 1396 2182 463 124 246
internal_value=4.03669e-05 0.000712126 -0.00103413 0.00271992 -0.00702337 -0.00969601
internal_weight=2101.12 1942.84 1028.3 914.54 158.286 102.36
internal_count=5021 4530 2671 1859 491 367
is_linear=0
shrinkage=0.03


Tree=32
num_leaves=5
num_cat=0
split_feature=1 7 2 2
split_gain=7.20242 7.69562 9.73733 3.94522
threshold=0.50382608175277721 1.0000000180025095e-35 -0.41759276390075678 -0.52999761700630177
decision_type=2 2 2 2
left_child=1 3 -3 -1
right_child=-2 2 -4 -5
leaf_value=0.0062826954661078854 -0.0069736323921368139 -0.0072170282418087262 0.0051817328600944085 -0.00062460881594195866
leaf_weight=58.029032826423645 88.780302392318845 42.633184418082237 502.98560350388288 1359.4323632344604
leaf_count=142 261 112 1059 3385
internal_value=0.000486509 0.000921079 0.00388591 -0.000216613
internal_weight=2051.86 1963.08 545.619 1417.46
internal_count=4959 4698 1171 3527
is_linear=0
shrinkage=0.03


Tree=33
num_leaves=7
num_cat=0
split_feature=1 3 3 7 3 3
split_gain=9.09851 7.87208 7.82163 3.93102 3.074 1.66805
threshold=0.23244782537221911 -1.5373983383178709 -0.7454436421394347 1.0000000180025095e-35 -1.86292427778244 0.063774768263101592
decision_type=2 2 2 2 2 2
left_child=1 3 -3 -1 -2 -6
right_child=4 2 -4 -5 5 -7
leaf_value=-0.0063862030413397112 0.00061910585174655469 0.0034535325153186528 -0.0010432778494195792 0 -0.0078337277006410629 -0.0012509329724362972
leaf_weight=217.09143482893705 43.99753013253212 581.14350993931293 782.66173661500216 147.74665924906731 221.67198691889644 77.861787848174572
leaf_count=598 104 1254 1877 320 599 260
internal_value=-0.00111531 -0.0001701 0.00085176 -0.00399158 -0.00543554 -0.00649575
internal_weight=2072.17 1728.64 1363.81 364.838 343.531 299.534
internal_count=5012 4049 3131 918 963 859
is_linear=0
shrinkage=0.03


Tree=34
num_leaves=7
num_cat=0
split_feature=0 3 1 1 3 0
split_gain=12.5743 6.49046 5.41782 6.96507 4.21864 3.89139
threshold=-1.5695746541023252 0.27370740473270422 0.067824855446815505 -0.37872110307216639 -1.0188102722167967 -1.3119421601295469
decision_type=2 2 2 2 2 2
left_child=1 4 3 -2 -1 -4
right_child=2 -3 5 -5 -6 -7
leaf_value=-0.0030542467125340379 -0.0025333553171823695 -0.0081345853528951226 0.0046022122162426042 0.0053846546880194314 0.00093234880349844838 -0.002053313012186685
leaf_weight=446.31771729141474 96.430575832724571 120.91297012753785 85.478178024291992 580.03565156459808 443.18641421198845 284.70929011330009
leaf_count=1187 213 449 216 1218 1100 623
internal_value=0.000258599 -0.00207553 0.00256484 0.00412945 -0.00102517 -0.000205621
internal_weight=2057.07 1010.42 1046.65 676.466 889.504 370.187
internal_count=5006 2736 2270 1431 2287 839
is_linear=0
shrinkage=0.03


Tree=35
num_leaves=6
num_cat=0
split_feature=1 3 3 1 7
split_gain=8.1045 4.15401 4.6497 2.94552 1.28484
threshold=0.42960275709629064 0.30073878169059759 -1.5373983383178709 0.096970707178115859 1.0000000180025095e-35
decision_type=2 2 2 2 2
left_child=1 2 -1 -3 -2
right_child=4 3 -4 -5 -6
leaf_value=-0.0013190107494175122 -0.0086363895345216712 -0.004829874910638121 0.0022173696828235619 0.0016350880030403187 -0.00063036862960589224
leaf_weight=412.06928160041571 78.828477010130882 165.9176557213068 1286.4927830807865 66.74215280637145 47.640872940421104
leaf_count=1050 288 501 2917 199 112
internal_value=0.000238142 0.000774359 0.00131917 -0.0027552 -0.00652805
internal_weight=2057.69 1931.22 1698.56 232.66 126.469
internal_count=5067 4667 3967 700 400
is_linear=0
shrinkage=0.03


Tree=36
num_leaves=7
num_cat=0
split_feature=2 7 2 1 4 1
split_gain=6.87379 5.49259 16.3721 3.58651 2.49801 1.33969
threshold=0.234690897166729 1.0000000180025095e-35 -0.38484987616538996 -0.1175805702805519 1.0000000180025095e-35 0.2196174040436745
decision_type=2 2 2 2 2 2
left_child=1 3 -3 -1 5 -2
right_child=4 2 -4 -5 -6 -7
leaf_value=0.0018370321576040914 -0.00099496894886068224 -0.0095895343767918063 0.0058826904787708557 -0.0013712292609242829 0.00017493781605385457 -0.0066358933854616282
leaf_weight=537.13662857562304 95.020169176161289 50.571539096534252 421.67227755486965 696.75568918883801 92.977323859930038 152.64015300013125
leaf_count=1325 234 132 881 1733 257 471
internal_value=0.000291186 0.00110195 0.00378161 0 -0.00343918 -0.00493186
internal_weight=2046.77 1706.14 472.244 1233.89 340.638 247.66
internal_count=5033 4071 1013 3058 962 705
is_linear=0
shrinkage=0.03


Tree=37
num_leaves=7
num_cat=0
split_feature=2 3 4 3 3 0
split_gain=9.04438 10.9729 14.1673 10.3445 8.68204 9.52589
threshold=0.19235125929117206 -1.34427934885025 1.0000000180025095e-35 -1.6418841481208799 -1.2821397781372068 -1.4788708686828611
decision_type=2 2 2 2 2 2
left_child=4 3 -3 -2 5 -1
right_child=1 2 -4 -5 -6 -7
leaf_value=-0.0061789912885535283 -0.0031733257887671426 -0.010431905139098273 0.0039049828621348184 0.011905534890959931 0.0024112284406364796 0.0017514036371087504
leaf_weight=252.3403061516583 81.025409776717424 227.68469307199121 63.873473115265369 46.652145048603415 1110.9311289899051 242.34698526933789
leaf_count=723 197 701 170 115 2621 525
internal_value=-7.81158e-05 -0.00392353 -0.0070494 0.00279625 0.000924953 -0.00226023
internal_weight=2024.85 419.236 291.558 127.678 1605.62 494.687
internal_count=5052 1183 871 312 3869 1248
is_linear=0
shrinkage=0.03


Tree=38
num_leaves=7
num_cat=0
split_feature=1 0 3 0 0 0
split_gain=7.27935 6.65196 7.37515 5.99948 4.61101 8.23209
threshold=0.18971950560808185 -1.4729832410812376 -1.1006312966346739 -1.1503888964653013 -0.9251098334789275 -1.2014395594596861
decision_type=2 2 2 2 2 2
left_child=1 2 -1 -3 5 -2
right_child=4 3 -4 -5 -6 -7
leaf_value=-0.0045087073063729008 -0.0037265830691145005 0.0061340574306597718 0.0010578394962636858 0.00047858074009363952 -0.0091667644378627833 0.0075969243501781457
leaf_weight=319.13850356638432 284.32131845131516 279.48765505850315 537.88949698209763 455.67086552456021 87.696353770792484 49.672649633139372
leaf_count=877 845 594 1386 980 208 127
internal_value=-0.000170219 0.000735525 -0.00100216 0.00281361 -0.00360435 -0.00153896
internal_weight=2013.88 1592.19 857.028 735.159 421.69 333.994
internal_count=5017 3837 2263 1574 1180 972
is_linear=0
shrinkage=0.03


Tree=39
num_leaves=7
num_cat=0
split_feature=1 4 7 2 1 2
split_gain=6.08054 8.9372 6.56639 15.4485 5.89406 4.24904
threshold=0.18971950560808185 1.0000000180025095e-35 1.0000000180025095e-35 -0.38484987616538996 0.4068600088357926 -0.52999761700630177
decision_type=2 2 2 2 2 2
left_child=2 -2 5 -4 -3 -1
right_child=1 4 3 -5 -6 -7
leaf_value=0.0067134651253553512 -0.005610259557748405 0.0074606499603263642 -0.0091302427396372371 0.0062704913214019272 -0.004709654414477865 -0.00063375304643345
leaf_weight=55.397251226007938 303.32207010872662 83.776551127433777 47.637778829783201 385.15431568026543 31.959159411489964 1076.195027705282
leaf_count=137 888 211 131 817 99 2702
internal_value=0.000164735 -0.00292533 0.00105683 0.0041144 0.00345915 -0.000111619
internal_weight=1983.44 419.058 1564.38 432.792 115.736 1131.59
internal_count=4985 1198 3787 948 310 2839
is_linear=0
shrinkage=0.03


Tree=40
num_leaves=7
num_cat=0
split_feature=2 2 5 2 0 0
split_gain=7.41837 6.56576 7.9143 5.41726 5.19846 3.5516
threshold=-0.37016989290714258 -0.014940404798835514 1.0000000180025095e-35 -0.061730606481432908 -2.3698475360870357 -1.2082609534263609
decision_type=2 2 2 2 2 2
left_child=4 3 -3 -2 -1 -6
right_child=1 2 -4 -5 5 -7
leaf_value=0.0034774805564305772 0.0013874779706763603 0.00041785437903380993 -0.0064414684572208806 0.0075619595904072561 -0.0094198552320051334 0
leaf_weight=32.725337773561478 674.1308630630374 776.04998433217406 164.1144513450563 155.70351810008287 123.27400759607553 49.585250362753868
leaf_count=80 1603 1914 597 354 335 117
internal_value=0.000163862 0.000837107 -0.000826249 0.00276731 -0.00492684 -0.00702466
internal_weight=1975.58 1770 940.164 829.834 205.585 172.859
internal_count=5000 4468 2511 1957 532 452
is_linear=0
shrinkage=0.03


Tree=41
num_leaves=7
num_cat=0
split_feature=3 2 3 3 7 5
split_gain=6.35436 6.61495 10.4374 5.16792 5.53676 3.04301
threshold=-1.5373983383178709 0.022807541303336624 -0.2704149186611175 -1.9898338913917539 1.0000000180025095e-35 1.0000000180025095e-35
decision_type=2 2 2 2 2 2
left_child=3 2 -2 -1 -5 -3
right_child=1 5 -4 4 -6 -7
leaf_value=0.0017019201070085253 0.0048190425092747942 -0.00011474022792478591 -0.0015676960008427702 -0.0083769228262726893 0 -0.0052563096100389159
leaf_weight=116.97715929150581 617.80570490285754 488.34157863073051 329.97102426737547 171.75942065194249 132.43263892829418 121.66782495379448
leaf_count=295 1318 1246 849 527 301 476
internal_value=5.88902e-05 0.000977311 0.00254704 -0.00309239 -0.00511238 -0.00136978
internal_weight=1978.96 1557.79 947.777 421.169 304.192 610.009
internal_count=5012 3889 2167 1123 828 1722
is_linear=0
shrinkage=0.03


Tree=42
num_leaves=5
num_cat=0
split_feature=1 0 0 3
split_gain=10.9116 5.84433 11.8823 4.77544
threshold=0.39140088856220251 -1.5484877228736875 -2.3053303956985469 0.70975050330162059
decision_type=2 2 2 2
left_child=1 2 -1 -3
right_child=-2 3 -4 -5
leaf_value=0.0033105321277789052 -0.0081029474076556862 0.0025930514951026749 -0.0037978426394764328 -0.0050043096088435383
leaf_weight=291.7701884880662 132.62641013041139 845.57143874466419 614.4416736587882 58.203207463026047
leaf_count=785 457 1879 1740 148
internal_value=-0.000387743 0.000227179 -0.00142234 0.00194108
internal_weight=1942.61 1809.99 906.212 903.775
internal_count=5009 4552 2525 2027
is_linear=0
shrinkage=0.03


Tree=43
num_leaves=7
num_cat=0
split_feature=2 3 3 0 4 3
split_gain=7.31891 9.63332 13.1875 9.82819 5.03328 13.9688
threshold=0.019809896126389507 -1.5373983383178709 -1.9898338913917539 -1.5695746541023252 1.0000000180025095e-35 -0.87833741307258595
decision_type=2 2 2 2 2 2
left_child=1 2 -1 -3 5 -2
right_child=4 3 -4 -5 -6 -7
leaf_value=0.006088844404130365 0.0010212040169803422 0 -0.0081563077690446212 0.0059903507559578946 0.0014413685634314917 -0.0080215249484223861
leaf_weight=64.240531519055367 272.69489339739084 483.4747361317277 162.61681335419416 447.18986994028091 211.1233817152679 294.72549032047391
leaf_count=168 688 1196 473 966 578 924
internal_value=0 0.00150086 -0.00371288 0.00288624 -0.00221972 -0.00368676
internal_weight=1936.07 1157.52 226.857 930.665 778.544 567.42
internal_count=4993 2803 641 2162 2190 1612
is_linear=0
shrinkage=0.03


Tree=44
num_leaves=7
num_cat=0
split_feature=3 7 3 3 0 0
split_gain=7.23076 6.03904 14.0502 10.6898 2.19837 3.232
threshold=0.32064229249954229 1.0000000180025095e-35 -0.85177409648895253 -0.6677471101284026 -1.6741775274276731 -2.4942699670791622
decision_type=2 2 2 2 2 2
left_child=1 3 -3 -1 5 -2
right_child=4 2 -4 -5 -6 -7
leaf_value=-0.0027634950504790905 0.00026243583344670471 0.0063734415454018301 -0.0042649316077765899 0.0029233923769930313 -0.0013394430332259687 -0.01025717332912275
leaf_weight=707.9386875629425 20.076906397938728 373.91394679248333 132.94526279717684 478.85126329958439 138.41396156698465 76.983235888183117
leaf_count=1898 70 847 310 1207 383 308
internal_value=0 0.000726502 0.00341322 -0.000408784 -0.00468323 -0.00789557
internal_weight=1929.12 1693.65 506.859 1186.79 235.474 97.0601
internal_count=5023 4262 1157 3105 761 378
is_linear=0
shrinkage=0.03


Tree=45
num_leaves=7
num_cat=0
split_feature=2 2 5 1 4 0
split_gain=7.89495 7.7542 8.87068 5.06768 4.4781 7.29999
threshold=0.033399384468793876 -0.37016989290714258 1.0000000180025095e-35 -0.17142634838819501 1.0000000180025095e-35 -2.269319891929626
decision_type=2 2 2 2 2 2
left_child=1 2 -1 -3 5 -2
right_child=4 3 -4 -5 -6 -7
leaf_value=-0.0069409323578109011 -0.011015385489826951 0.0058182600312215414 0.0059835501137092753 0.0011675253448388614 0.0014092642785043922 -0.0016701627233149591
leaf_weight=145.60515919700265 79.148551870137453 344.11961954087019 45.095248565077782 638.91123067587614 208.01493371650577 468.48617746680975
leaf_count=397 272 854 117 1522 564 1321
internal_value=0.00027763 0.00183281 -0.00332203 0.00293893 -0.00204561 -0.00346704
internal_weight=1929.38 1173.73 190.7 983.031 755.65 547.635
internal_count=5047 2890 514 2376 2157 1593
is_linear=0
shrinkage=0.03


Tree=46
num_leaves=7
num_cat=0
split_feature=3 3 2 0 0 0
split_gain=9.43494 8.72855 14.7623 9.72464 4.23131 4.10062
threshold=-0.19944482296705243 -1.2610161304473875 0.17300860583782199 -1.2340694069862364 -2.4942699670791622 -1.6655274033546446
decision_type=2 2 2 2 2 2
left_child=1 3 -3 -1 -2 -6
right_child=4 2 -4 -5 5 -7
leaf_value=-0.0040282782465410113 0.0047441027582642674 0.0054765561706446768 -0.0040356563283894704 0.0035709043019513682 -0.0077398014738265476 -0.0015321207164025218
leaf_weight=390.97277787700295 30.559180945158005 652.14306353777647 164.70349496975541 215.02725878730416 167.62406829185784 288.6564901843667
leaf_count=1126 105 1478 499 485 583 750
internal_value=0.000162805 0.0014273 0.00343627 -0.00120807 -0.00332494 -0.00416786
internal_weight=1909.69 1422.85 816.847 606 486.84 456.281
internal_count=5026 3588 1977 1611 1438 1333
is_linear=0
shrinkage=0.03


Tree=47
num_leaves=7
num_cat=0
split_feature=1 3 3 1 3 3
split_gain=6.21306 6.28056 7.34868 5.3561 0.187564 1.06226
threshold=0.3747695684432984 0.10432592406868936 -1.570833623409271 0.14022666215896609 -0.44318357110023493 0.32064229249954229
decision_type=2 2 2 2 2 2
left_child=1 2 -1 -3 -2 -6
right_child=4 3 -4 -5 5 -7
leaf_value=-0.00186166714851105 -0.0065162926487486814 -0.0049373142912271075 0.0030419376188520956 0.0036636397644337986 0.0010621488046560212 -0.0048907431879501228
leaf_weight=333.34306499361992 81.222039213404059 231.52448781579733 1100.8762391321361 63.594026628881693 31.693641409277916 22.31834713742137
leaf_count=948 269 691 2664 187 120 100
internal_value=0.000469378 0.00100394 0.00185105 -0.00277863 -0.00522858 -0.00124388
internal_weight=1864.57 1729.34 1434.22 295.119 135.234 54.012
internal_count=4979 4490 3612 878 489 220
is_linear=0
shrinkage=0.03


Tree=48
num_leaves=6
num_cat=0
split_feature=1 4 3 2 7
split_gain=5.88764 5.53966 9.90025 6.92232 2.11954
threshold=0.39140088856220251 1.0000000180025095e-35 -1.5098679065704343 0.019809896126389507 1.0000000180025095e-35
decision_type=2 2 2 2 2
left_child=1 3 -3 -1 -2
right_child=4 2 -4 -5 -6
leaf_value=0.0012101932727533599 -0.0079363723894520684 -0.0022227930085740844 0.0067282002048700152 -0.0032616158876130731 0
leaf_weight=835.6943046413362 85.213841624557972 152.1814569812268 277.16078579425812 464.57613697461784 47.75660065561533
leaf_count=2069 347 473 667 1305 120
internal_value=5.41931e-05 0.000578235 0.00346425 -0.000367308 -0.00555444
internal_weight=1862.58 1729.61 429.342 1300.27 132.97
internal_count=4981 4514 1140 3374 467
is_linear=0
shrinkage=0.03


Tree=49
num_leaves=7
num_cat=0
split_feature=0 3 3 5 3 2
split_gain=12.2148 10.915 5.8847 8.54588 7.34648 5.45456
threshold=-1.4729832410812376 -0.8425292670726775 -1.0797774195671079 1.0000000180025095e-35 -0.75138479471206654 -0.037085814401507371
decision_type=2 2 2 2 2 2
left_child=2 5 3 -1 -4 -2
right_child=1 -3 4 -5 -6 -7
leaf_value=-0.0022691805410357205 0.0094685777054747018 -0.00060106155204639033 0.0052624458426913647 -0.013385201049543109 -0.0021063134398176505 0.0020634218253941963
leaf_weight=320.26615710183978 201.24447971954942 419.73301574215293 141.96830470860004 68.962775275111198 463.31207348778844 217.95868389680982
leaf_count=912 477 1008 368 240 1426 521
internal_value=3.93892e-05 0.00270285 -0.00215727 -0.00494322 -0.000168976 0.00602427
internal_weight=1833.45 838.936 994.509 389.229 605.28 419.203
internal_count=4952 2006 2946 1152 1794 998
is_linear=0
shrinkage=0.03


Tree=50
num_leaves=7
num_cat=0
split_feature=1 4 3 7 2 2
split_gain=6.9257 6.96409 7.03029 5.24678 7.60207 3.77505
threshold=0.164820171892643 1.0000000180025095e-35 -0.79836302995681752 1.0000000180025095e-35 -0.41759276390075678 0.1134389527142048
decision_type=2 2 2 2 2 2
left_child=3 5 -3 -1 -5 -2
right_child=1 2 -4 4 -6 -7
leaf_value=-0.00043374478350484381 -0.010757540188899418 -0.003019665117045405 0.0092073881180637224 -0.0067017522874312429 0.0051352084629405622 -0.0029411467122236108
leaf_weight=1015.7944815196097 92.127072520554066 82.917015817016363 48.99850432574749 34.843788482248783 340.09797768294811 226.28012811765075
leaf_count=2743 239 233 121 108 785 749
internal_value=-0.000372733 -0.00354233 0.00174124 0.000646725 0.00359959 -0.00588214
internal_weight=1841.06 450.323 131.916 1390.74 374.942 318.407
internal_count=4978 1342 354 3636 893 988
is_linear=0
shrinkage=0.03


Tree=51
num_leaves=6
num_cat=0
split_feature=1 3 3 0 7
split_gain=9.48421 3.54336 7.61197 5.19567 1.03297
threshold=0.39140088856220251 -1.5373983383178709 -1.8275457620620725 -1.6655274033546446 1.0000000180025095e-35
decision_type=2 2 2 2 2
left_child=1 2 -1 -3 -2
right_child=4 3 -4 -5 -6
leaf_value=0.0013931521412228311 -0.0097073028795739372 -0.0010126682362385166 -0.0069339197969088542 0.002634778378162349 -0.0011627669401770696
leaf_weight=195.84584845975041 80.034115532413125 593.45168790221214 154.01383521035314 762.45965106040239 41.712721481919289
leaf_count=536 341 1709 471 1812 111
internal_value=-0.000307616 0.000274945 -0.00228706 0.00100325 -0.0077802
internal_weight=1827.52 1705.77 349.86 1355.91 121.747
internal_count=4980 4528 1007 3521 452
is_linear=0
shrinkage=0.03


Tree=52
num_leaves=6
num_cat=0
split_feature=1 6 0 2 0
split_gain=7.08556 3.91186 5.04853 3.86847 0.275101
threshold=0.39140088856220251 1.0000000180025095e-35 -1.468545079231262 -0.16587913781404492 -0.82769113779067982
decision_type=2 2 2 2 2
left_child=1 2 -1 -3 -2
right_child=4 3 -4 -5 -6
leaf_value=-0.00035086624866802652 -0.0072222807712691928 -0.0057728542374302682 0.0033403852772571339 0 0
leaf_weight=705.93863378837705 101.56397563964128 136.15481406450272 567.04215684905648 285.15871347300708 21.947034195065498
leaf_count=2067 396 354 1336 756 72
internal_value=-8.74562e-05 0.000416731 0.00127321 -0.00197556 -0.00651607
internal_weight=1817.81 1694.29 1272.98 421.314 123.511
internal_count=4981 4513 3403 1110 468
is_linear=0
shrinkage=0.03


Tree=53
num_leaves=7
num_cat=0
split_feature=2 3 3 3 1 3
split_gain=7.58381 9.2974 12.3862 6.86204 4.03699 3.50391
threshold=0.234690897166729 -1.293783903121948 0.32064229249954229 -1.2006876468658445 0.4068600088357926 -1.9898338913917539
decision_type=2 2 2 2 2 2
left_child=1 5 -3 4 -2 -1
right_child=3 2 -4 -5 -6 -7
leaf_value=0.0024584368727206853 0.0060195863930785449 0.0043120500395729027 -0.0038264951009673595 -0.0069070059136578403 -0.004047220232658519 -0.0034235441310778917
leaf_weight=90.705119855701923 66.298692055046558 904.1880525611341 181.7353282943368 193.69640403613448 36.916857421398163 373.51213060319424
leaf_count=246 171 2212 601 668 110 1051
internal_value=0.00044524 0.00132355 0.0028512 -0.00374513 0.00185957 -0.00209626
internal_weight=1847.05 1550.14 1085.92 296.912 103.216 464.217
internal_count=5059 4110 2813 949 281 1297
is_linear=0
shrinkage=0.03


Tree=54
num_leaves=7
num_cat=0
split_feature=2 2 2 4 2 0
split_gain=5.06767 6.3086 5.15689 4.75653 4.01617 0.741072
threshold=-0.37809583544731135 -0.51939246058464039 0.019809896126389507 1.0000000180025095e-35 -0.061730606481432908 -2.0889695882797237
decision_type=2 2 2 2 2 2
left_child=1 -1 4 -4 -2 -3
right_child=2 5 3 -5 -6 -7
leaf_value=0.0015542842740135369 0.00097183949752109697 -0.0010583491170334078 -0.0023667721797775757 0.0026293248914809999 0.0054905115796174296 -0.010348283049900564
leaf_weight=76.562236182391644 645.76555195823312 31.118345182389021 552.57526619546115 217.57921020314097 258.51615687087178 68.581174559891224
leaf_count=225 1649 96 1685 608 632 192
internal_value=0.000334128 -0.00418155 0.000888633 -0.000848546 0.00241941 -0.00861126
internal_weight=1850.7 176.262 1674.44 770.154 904.282 99.6995
internal_count=5087 513 4574 2293 2281 288
is_linear=0
shrinkage=0.03


Tree=55
num_leaves=7
num_cat=0
split_feature=0 0 2 3 2 0
split_gain=6.40486 6.32352 5.59294 4.7052 4.17796 5.92685
threshold=-1.468545079231262 -2.3247439861297603 0.087409157305955901 0.25749541819095617 -0.045043768361210816 -0.93543002009391774
decision_type=2 2 2 2 2 2
left_child=1 2 -1 -3 -2 -6
right_child=4 3 -4 -5 5 -7
leaf_value=0.0049637569679793223 0.0039406244661944782 -0.0020721554412920268 -0.0031282774438825714 -0.009262472301666479 0.0026356618190798483 -0.0040571128388767058
leaf_weight=176.50221304222941 390.50008086115122 603.74436029791832 100.04778314940631 89.939414758235216 254.98719847947359 188.50183701515198
leaf_count=494 918 1768 325 373 640 471
internal_value=-0.000117571 -0.00178843 0.00182042 -0.00332193 0.00175235 -0.000131917
internal_weight=1804.22 970.234 276.55 693.684 833.989 443.489
internal_count=4989 2960 819 2141 2029 1111
is_linear=0
shrinkage=0.03


Tree=56
num_leaves=5
num_cat=0
split_feature=0 0 0 2
split_gain=3.15907 6.69861 5.09551 4.10904
threshold=0.085016787052154555 -0.48358385264873499 -1.468545079231262 -0.042993521317839616
decision_type=2 2 2 2
left_child=1 2 -1 -3
right_child=-2 3 -4 -5
leaf_value=-0.0014783922087468588 0.0067899703186458261 0 0.0018394888127953298 -0.012345684488149048
leaf_weight=997.88529561646283 32.632546544075012 48.20095057785511 681.9240773934871 48.109036087989807
leaf_count=3032 77 116 1697 126
internal_value=-0.000370695 -0.000609805 -9.03938e-05 -0.00758001
internal_weight=1808.75 1776.12 1679.81 96.31
internal_count=5048 4971 4729 242
is_linear=0
shrinkage=0.03


Tree=57
num_leaves=6
num_cat=0
split_feature=2 3 3 1 3
split_gain=6.00254 3.72511 3.3525 5.44639 3.58569
threshold=0.5463453233242036 -0.96483457088470448 -1.5373983383178709 0.30310586094856268 0.70975050330162059
decision_type=2 2 2 2 2
left_child=2 -2 3 -1 -4
right_child=1 -3 4 -5 -6
leaf_value=-0.0035566907318483557 0 -0.011703897806332008 0.0015126153602742698 0.0059314728038559325 -0.0036156428241416235
leaf_weight=334.16289061680436 25.134349431842566 42.905298359692097 1257.9542619250715 41.800941679626703 111.02541599422693
leaf_count=988 69 161 3317 105 399
internal_value=-6.24913e-05 -0.00773266 0.000286828 -0.00210392 0.00100744
internal_weight=1812.98 68.0396 1744.94 375.964 1368.98
internal_count=5039 230 4809 1093 3716
is_linear=0
shrinkage=0.03


Tree=58
num_leaves=5
num_cat=0
split_feature=1 2 1 3
split_gain=3.6126 3.12534 5.16806 4.30272
threshold=0.61157742142677318 -0.36241143941879267 -0.12912116199731824 -1.159601032733917
decision_type=2 2 2 2
left_child=1 3 -3 -1
right_child=-2 2 -4 -5
leaf_value=-0.0087935179013698024 -0.0067012479428244925 0.0036167337992167887 -0.00010453099084067091 0
leaf_weight=53.221817880868912 45.007426965981722 443.11396958678961 1114.7573948018253 129.12413685023785
leaf_count=183 157 1187 3135 347
internal_value=0.000187769 0.000474144 0.00094833 -0.00297385
internal_weight=1785.22 1740.22 1557.87 182.346
internal_count=5009 4852 4322 530
is_linear=0
shrinkage=0.03


Tree=59
num_leaves=7
num_cat=0
split_feature=2 5 2 2 2 2
split_gain=5.47939 5.83787 2.90539 2.37084 1.94261 2.86242
threshold=0.022807541303336624 1.0000000180025095e-35 0.077442824840545668 0.26567620038986212 -0.56476697325706471 -0.37809583544731135
decision_type=2 2 2 2 2 2
left_child=4 2 -2 -3 -1 -6
right_child=1 3 -4 -5 5 -7
leaf_value=0.006114767659812159 -0.0047712176576395759 -0.0097464729686094626 0.00021812734770121516 0 -0.003123412502516893 0.0014673337738408748
leaf_weight=53.85037399828434 106.26970290020108 88.762060970067978 511.93778792023659 33.720266196876764 115.7563005015254 887.34402661398053
leaf_count=159 288 348 1412 182 348 2286
internal_value=-8.15721e-05 -0.00206024 -0.000668168 -0.00758529 0.00126183 0.000828221
internal_weight=1797.64 740.69 618.207 122.482 1056.95 1003.1
internal_count=5023 2230 1700 530 2793 2634
is_linear=0
shrinkage=0.03


Tree=60
num_leaves=7
num_cat=0
split_feature=7 3 3 3 1 3
split_gain=4.54859 7.38787 6.18841 5.91627 5.70351 3.71485
threshold=1.0000000180025095e-35 -0.85177409648895253 -1.0797774195671079 -1.8275457620620725 -0.17142634838819501 -1.7072227001190183
decision_type=2 2 2 2 2 2
left_child=2 5 3 -1 -4 -2
right_child=1 -3 4 -5 -6 -7
leaf_value=0.00087361914537868355 0 -0.0027741286661003336 0.003876145346689769 -0.0063024447298663617 -0.0013075075329131132 0.0065530485019129154
leaf_weight=125.89551259577274 110.56815557926893 162.4227829053998 250.28545172512531 301.57538142800331 621.69539336301386 231.51449754834175
leaf_count=374 278 415 671 900 1837 549
internal_value=-0.000270544 0.00205365 -0.00123582 -0.00411033 0.000166645 0.00453823
internal_weight=1803.96 504.505 1299.45 427.471 871.981 342.083
internal_count=5024 1242 3782 1274 2508 827
is_linear=0
shrinkage=0.03


Tree=61
num_leaves=6
num_cat=0
split_feature=1 2 2 5 7
split_gain=4.88315 3.46081 4.81403 3.47177 1.4051
threshold=0.3858716487884522 -0.37016989290714258 -0.56476697325706471 1.0000000180025095e-35 1.0000000180025095e-35
decision_type=2 2 2 2 2
left_child=1 2 -1 -3 -2
right_child=4 3 -4 -5 -6
leaf_value=0.0023817016467151523 -0.007800273896900637 0.0013922566575480012 -0.0068373960326707003 -0.0019811611722475807 0
leaf_weight=55.53706993162632 76.524381900206208 1157.7190843895078 119.07554905116558 328.32931420579553 46.266114607453346
leaf_count=163 348 2984 359 1043 128
internal_value=-0.000350776 7.05573e-05 -0.00365345 0.000590679 -0.00568099
internal_weight=1783.45 1660.66 174.613 1486.05 122.79
internal_count=5025 4549 522 4027 476
is_linear=0
shrinkage=0.03


Tree=62
num_leaves=6
num_cat=0
split_feature=1 3 1 3 3
split_gain=7.12052 3.70625 6.13153 4.48718 0.225234
threshold=0.39140088856220251 -1.5965417027473447 0.090281236916780486 0.65413573384284984 -1.6333337426185606
decision_type=2 2 2 2 2
left_child=1 2 -1 -3 -2
right_child=4 3 -4 -5 -6
leaf_value=-0.0048776356285664523 -0.00015094247848312776 0.0018924346991665698 0.003468805940892006 -0.003756234084009272 -0.007093366067901309
leaf_weight=220.68957526981831 24.383288074284792 1245.8365160301328 92.831087727099657 115.83120626211166 98.687076443806291
leaf_count=669 75 3270 250 398 407
internal_value=4.07544e-05 0.000615089 -0.0021666 0.00132108 -0.00635065
internal_weight=1798.26 1675.19 313.521 1361.67 123.07
internal_count=5069 4587 919 3668 482
is_linear=0
shrinkage=0.03


Tree=63
num_leaves=7
num_cat=0
split_feature=1 2 7 4 2 1
split_gain=6.50197 6.57841 5.71583 3.38512 2.78913 1.0178
threshold=0.18971950560808185 -0.37809583544731135 1.0000000180025095e-35 1.0000000180025095e-35 -0.67237713932991017 0.28498056530952459
decision_type=2 2 2 2 2 2
left_child=1 4 -3 -2 -1 -5
right_child=3 2 -4 5 -6 -7
leaf_value=0.0017743009207312965 -0.0052983300048746584 0.00019921557927213656 0.0047575771915514126 -0.0021260148399226374 -0.0062470336253467769 0.0028840464201977463
leaf_weight=28.31289828568697 268.52813383191824 899.47169455140829 339.68322112411261 35.714950129389763 135.07875611633062 63.912661030888557
leaf_count=79 895 2510 819 102 417 197
internal_value=-0.000152916 0.000753109 0.00155215 -0.00362009 -0.00448799 0.000531292
internal_weight=1770.7 1402.55 1239.15 368.156 163.392 99.6276
internal_count=5019 3825 3329 1194 496 299
is_linear=0
shrinkage=0.03


Tree=64
num_leaves=7
num_cat=0
split_feature=0 1 0 1 3 0
split_gain=5.88568 8.89742 8.07902 6.43603 5.79676 1.84275
threshold=-1.468545079231262 -0.36623740196228022 -0.9536772072315215 -0.46286566555500025 -2.0501642227172847 -0.94339850544929493
decision_type=2 2 2 2 2 2
left_child=3 5 -3 -1 -5 -2
right_child=1 2 -4 4 -6 -7
leaf_value=0.0055272373914367024 -0.010075023466024194 0.0050961891408741631 -0.0010374252064297076 0.0059830749610988885 -0.0036625083986839423 0
leaf_weight=63.149306945502758 47.247492842376232 392.90979416668415 327.72002463787794 37.73563826084137 849.6907333098352 33.918417580425739
leaf_count=186 123 994 818 107 2699 83
internal_value=-0.000733328 0.00109577 0.00227311 -0.00232875 -0.0030634 -0.00714703
internal_weight=1752.37 801.796 720.63 950.576 887.426 81.1659
internal_count=5010 2018 1812 2992 2806 206
is_linear=0
shrinkage=0.03


Tree=65
num_leaves=7
num_cat=0
split_feature=1 2 4 7 5 1
split_gain=3.31092 3.39329 3.11169 2.98103 2.8412 2.02106
threshold=0.18971950560808185 -0.37016989290714258 1.0000000180025095e-35 1.0000000180025095e-35 1.0000000180025095e-35 0.3858716487884522
decision_type=2 2 2 2 2 2
left_child=1 4 -2 -3 -1 -4
right_child=2 3 5 -5 -6 -7
leaf_value=-0.0050094690995809823 -0.0040503268575916756 0.00041281176354362206 0.004275916994332162 0.0037940025619615696 0.0023521600029287946 -0.0026183416395533891
leaf_weight=128.64106098935008 260.1616912856698 895.61590095795691 71.736364159733057 328.63384702801704 42.24670384824276 37.683057401329279
leaf_count=400 893 2514 187 790 127 125
internal_value=0.00011709 0.000821472 -0.00229355 0.00141507 -0.00281945 0.00140028
internal_weight=1764.72 1395.14 369.581 1224.25 170.888 109.419
internal_count=5036 3831 1205 3304 527 312
is_linear=0
shrinkage=0.03


Tree=66
num_leaves=7
num_cat=0
split_feature=3 1 3 1 1 3
split_gain=7.1597 8.50557 6.4014 4.02115 4.25783 2.23567
threshold=-1.5965417027473447 0.33156737685203558 0.287830799818039 0.28988243639469152 0.13531687855720523 -0.44318357110023493
decision_type=2 2 2 2 2 2
left_child=3 2 -2 4 -1 -3
right_child=1 5 -4 -5 -6 -7
leaf_value=-0.0024076242903844788 0.0029152702073367768 -0.0084852168660666562 -0.0026428779629880891 0.0027885782748529402 -0.011708093438925362 -0.00012343722087130983
leaf_weight=224.57056339457631 1087.7746500894427 70.322389261797071 196.79840303584933 49.001480832695961 53.09867000579834 65.615992603823543
leaf_count=712 2830 243 674 130 150 279
internal_value=0.000219136 0.0011798 0.0019903 -0.00361226 -0.00505487 -0.00536733
internal_weight=1747.18 1420.51 1284.57 326.671 277.669 135.938
internal_count=5018 4026 3504 992 862 522
is_linear=0
shrinkage=0.03


Tree=67
num_leaves=7
num_cat=0
split_feature=1 0 0 3 7 3
split_gain=4.63282 3.57313 5.19966 4.33334 2.64122 1.43079
threshold=0.39140088856220251 -1.4729832410812376 -2.3053303956985469 -0.47454351186752314 1.0000000180025095e-35 -0.57025501132011402
decision_type=2 2 2 2 2 2
left_child=1 2 -1 -3 5 -2
right_child=4 3 -4 -5 -6 -7
leaf_value=0.0025468832192265512 -0.011361020424753761 0.0036441052525827493 -0.0023091883947278912 -0.00089290859140132687 0 -0.00099518260268777344
leaf_weight=261.45782592520118 37.315244229510427 487.58589428663254 614.26334267295897 262.94953156262636 42.263022903352976 38.700323171913624
leaf_count=793 156 1206 1918 666 119 195
internal_value=2.95434e-06 0.000479424 -0.000767865 0.00199478 -0.00523611 -0.00801513
internal_weight=1744.54 1626.26 875.721 750.535 118.279 76.0156
internal_count=5053 4583 2711 1872 470 351
is_linear=0
shrinkage=0.03


Tree=68
num_leaves=5
num_cat=0
split_feature=0 2 2 2
split_gain=6.09084 5.14522 4.09503 2.95734
threshold=0.085016787052154555 0.15247919410467151 -0.37809583544731135 0.26567620038986212
decision_type=2 2 2 2
left_child=1 2 -1 -3
right_child=-2 3 -4 -5
leaf_value=-0.003588480500802549 0.0098521124801601318 -0.0059463969745574474 0.0012793001248514787 -0.00061515964920143696
leaf_weight=156.53990383073688 34.515389002859592 176.1711594723165 1115.1873335428536 245.20111430250108
leaf_count=501 82 545 3041 828
internal_value=0 -0.000333266 0.00058738 -0.00314848
internal_weight=1727.61 1693.1 1271.73 421.372
internal_count=4997 4915 3542 1373
is_linear=0
shrinkage=0.03


Tree=69
num_leaves=7
num_cat=0
split_feature=3 3 2 3 2 1
split_gain=3.50983 4.56054 5.936 3.61649 2.27547 2.78999
threshold=0.70975050330162059 -1.3724902272224424 0.033399384468793876 -1.8275457620620725 -0.26215665042400355 0.086752913892269148
decision_type=2 2 2 2 2 2
left_child=1 3 -3 -1 -2 -6
right_child=4 2 -4 -5 5 -7
leaf_value=0.0005783556662441148 0.00079429046490951932 0.0029252616038907423 -0.0014466301018791745 -0.0043709871319429156 -0.010958567284601563 0
leaf_weight=203.88564233109355 24.395551793277264 712.32402900606394 415.74136604182422 268.48689737915993 43.801157101988792 37.734301764518023
leaf_count=585 82 1798 1346 832 173 149
internal_value=-0.000143381 0.000197722 0.00126463 -0.00217617 -0.00498625 -0.0071225
internal_weight=1706.37 1600.44 1128.07 472.373 105.931 81.5355
internal_count=4965 4561 3144 1417 404 322
is_linear=0
shrinkage=0.03


Tree=70
num_leaves=7
num_cat=0
split_feature=1 7 0 1 1 0
split_gain=6.50317 2.94363 4.05552 2.34612 1.45173 2.96564
threshold=0.18971950560808185 1.0000000180025095e-35 -2.3247439861297603 -0.082788437604904161 0.34181733429431921 -2.0958702564239498
decision_type=2 2 2 2 2 2
left_child=1 2 -1 -3 -2 -6
right_child=4 3 -4 -5 5 -7
leaf_value=0.0037106272583365928 -0.0054070066027427678 0 -0.0010759700690170964 0.00498525949664655 0.0037783101270689812 -0.0037180236627807487
leaf_weight=175.69922364130616 199.85541580989957 168.90659685060382 816.30397385731339 197.70139655843377 49.426120655611157 113.25174252130091
leaf_count=535 605 465 2331 473 186 412
internal_value=-0.0002333 0.000693213 -0.000112323 0.00292116 -0.00371701 -0.000947678
internal_weight=1721.14 1358.61 992.003 366.608 362.533 162.678
internal_count=5007 3804 2866 938 1203 598
is_linear=0
shrinkage=0.03


Tree=71
num_leaves=7
num_cat=0
split_feature=2 3 3 3 2 1
split_gain=3.72235 3.72497 6.53661 3.69864 5.32055 3.0441
threshold=0.15247919410467151 0.044350894168019302 -1.0918600559234617 0.70975050330162059 -0.16587913781404492 -0.25304344296455378
decision_type=2 2 2 2 2 2
left_child=3 2 -2 4 -1 -5
right_child=1 -3 -4 5 -6 -7
leaf_value=-0.0017784705922838722 0 0.0015029848179919539 -0.0085194009890069561 0.0010392215561395007 0.0021943747302336264 -0.0087075960495218256
leaf_weight=464.27063400298357 163.36067771166563 96.405729537829757 158.12271993421018 25.213100202381611 761.18205492198467 53.143771424889565
leaf_count=1296 462 364 554 85 2085 197
internal_value=-0.000604635 -0.0030056 -0.00454216 0.000153364 0.000636672 -0.00538773
internal_weight=1721.7 417.889 321.483 1303.81 1225.45 78.3569
internal_count=5043 1380 1016 3663 3381 282
is_linear=0
shrinkage=0.03


Tree=72
num_leaves=7
num_cat=0
split_feature=1 3 3 0 0 0
split_gain=4.46455 4.03144 6.66723 3.18369 3.72366 3.09456
threshold=-0.070229697972536073 -0.2704149186611175 -1.2006876468658445 -2.5552562475204463 -2.4598441123962398 -0.82769113779067982
decision_type=2 2 2 2 2 2
left_child=1 2 -1 -2 -5 -3
right_child=3 5 -4 4 -6 -7
leaf_value=-0.0010612068291513746 0.0049168400674037419 0 0.0054105707712282913 -0.0087324674595282339 -0.0016956573416435597 -0.0084832384949924729
leaf_weight=231.92154504358768 33.3771962672472 187.26063849776983 290.52756468206644 62.506443478167057 878.97723880596459 33.49917759001255
leaf_count=737 99 604 714 181 2628 86
internal_value=-0.00065358 0.00103042 0.00249386 -0.00199264 -0.00239717 -0.00210319
internal_weight=1718.07 743.209 522.449 974.861 941.484 220.76
internal_count=5049 2141 1451 2908 2809 690
is_linear=0
shrinkage=0.03


Tree=73
num_leaves=7
num_cat=0
split_feature=1 0 1 0 0 0
split_gain=4.51656 6.10277 4.08427 3.89853 2.28548 5.08025
threshold=0.060058025643229491 -1.468545079231262 -0.36623740196228022 -2.3132040500640865 -0.93543002009391774 -1.0705710649490354
decision_type=2 2 2 2 2 2
left_child=1 3 -3 -1 5 -2
right_child=4 2 -4 -5 -6 -7
leaf_value=0.0025937590776435602 -0.0018878843886228106 -0.001799889379774733 0.0047891997686109666 -0.0024391483026663576 -0.0053916568830168808 0.0076256172494971438
leaf_weight=176.04277670010924 468.93190800771117 79.082589820027351 414.16868252307177 414.54938691854477 125.89106202498078 35.097756810486317
leaf_count=518 1509 205 1046 1306 334 98
internal_value=0 0.00116823 0.0035869 -0.000804862 -0.00198407 -0.000845167
internal_weight=1713.76 1083.84 493.251 590.592 629.921 504.03
internal_count=5016 3075 1251 1824 1941 1607
is_linear=0
shrinkage=0.03


Tree=74
num_leaves=5
num_cat=0
split_feature=0 1 5 3
split_gain=3.48021 3.51326 6.68225 3.33735
threshold=0.085016787052154555 -0.022296408191323277 1.0000000180025095e-35 -1.5965417027473447
decision_type=2 2 2 2
left_child=1 3 -3 -1
right_child=-2 2 -4 -5
leaf_value=-0.0022749922836011968 0.0076254952970023849 3.3667478601947836e-05 -0.0063734800046475731 0.0023745745479829068
leaf_weight=143.56896867975593 37.426084846258163 668.62443590909243 161.35879327170551 684.45535230264068
leaf_count=483 94 1906 614 1904
internal_value=0.000353184 6.43389e-05 -0.00126203 0.001463
internal_weight=1695.43 1658.01 829.983 828.024
internal_count=5001 4907 2520 2387
is_linear=0
shrinkage=0.03


Tree=75
num_leaves=7
num_cat=0
split_feature=0 0 2 3 3 3
split_gain=3.08083 6.09799 2.98738 4.36134 2.26266 2.19209
threshold=-0.5136299431324004 0.085016787052154555 0.234690897166729 -1.1734166145324705 -1.3973562121391294 -1.4507091045379636
decision_type=2 2 2 2 2 2
left_child=2 5 3 -1 -4 -2
right_child=1 -3 4 -5 -6 -7
leaf_value=-0.00050639064091384902 -0.012344063466869164 0.0048750806845529121 0.002062237133376975 0.0030090471513165053 -0.0034140786317963263 -0.0018119571891021956
leaf_weight=451.07554382830858 28.982338935136795 35.269513726234436 71.651284296065569 849.35652473196387 182.50431639887393 68.94402576982975
leaf_count=1387 78 84 212 2358 674 185
internal_value=0.000737018 -0.00324004 0.0011527 0.00175502 -0.00161353 -0.00700271
internal_weight=1687.78 133.196 1554.59 1300.43 254.156 97.9264
internal_count=4978 347 4631 3745 886 263
is_linear=0
shrinkage=0.03


Tree=76
num_leaves=7
num_cat=0
split_feature=1 0 0 3 3 0
split_gain=5.59371 4.89039 5.39878 4.9903 1.75606 1.12291
threshold=0.34880705177783972 -1.4788708686828611 -1.0041114091873167 -1.1734166145324705 -1.4778272509574888 -2.1277189254760738
decision_type=2 2 2 2 2 2
left_child=1 3 -3 -1 -2 -6
right_child=4 2 -4 -5 5 -7
leaf_value=-0.0039152495604586049 0 0.0049448849217501667 -7.2141012976098548e-05 0.00084373754382776874 0 -0.0080176689708846994
leaf_weight=277.12666952610016 38.256124634295702 377.08307632803917 329.97538445517421 545.23688196018338 31.462074736133218 85.069861676543951
leaf_count=925 116 992 843 1657 121 345
internal_value=0.000163616 0.000769235 0.0025834 -0.000743638 -0.00488039 -0.00648596
internal_weight=1684.21 1529.42 707.058 822.364 154.788 116.532
internal_count=4999 4417 1835 2582 582 466
is_linear=0
shrinkage=0.03


Tree=77
num_leaves=7
num_cat=0
split_feature=1 1 0 1 2 0
split_gain=3.59133 5.23584 3.34238 2.52939 2.47243 2.23974
threshold=0.18971950560808185 -0.29584586620330805 -0.48358385264873499 0.030363359488546852 0.062054326757788665 -1.7057375907897947
decision_type=2 2 2 2 2 2
left_child=1 5 4 -3 -2 -1
right_child=2 3 -4 -5 -6 -7
leaf_value=-0.0060609696266814171 -0.0062605962634331254 0.00015251331300574571 -0.01051652383857974 0.003285569268454515 0 -2.7302131762184633e-05
leaf_weight=119.00275978446007 57.730378389358521 740.08200241997838 29.807943176478148 352.2101757414639 267.72746321745217 126.87734292075038
leaf_count=365 174 2087 78 985 956 353
internal_value=-0.000364282 0.000318327 -0.00297527 0.00125762 -0.00154204 -0.00340944
internal_weight=1693.44 1338.17 355.266 1092.29 325.458 245.88
internal_count=4998 3790 1208 3072 1130 718
is_linear=0
shrinkage=0.03


Tree=78
num_leaves=7
num_cat=0
split_feature=0 1 3 0 0 1
split_gain=5.98867 6.49794 5.80406 6.01569 5.7003 3.45469
threshold=-1.5484877228736875 -0.36623740196228022 -0.19944482296705243 -2.5141543149948116 -0.75484734773635853 0.22396545857191089
decision_type=2 2 2 2 2 2
left_child=2 -2 5 -4 -3 -1
right_child=1 4 3 -5 -6 -7
leaf_value=0.0011249242391689908 -0.0047232837880463747 0.0046577626802393798 0.0044637081698125211 -0.0073769309528590749 -0.00092079111025756535 -0.0042041902287380164
leaf_weight=528.04641735553741 86.336288750171661 541.76555605232716 26.517484121024609 190.74697904475033 201.91072003915906 116.67111598700285
leaf_count=1567 235 1466 94 735 518 410
internal_value=0.000283222 0.00210583 -0.00141171 -0.00542443 0.00308015 0
internal_weight=1691.99 830.013 861.982 217.264 743.676 644.718
internal_count=5025 2219 2806 829 1984 1977
is_linear=0
shrinkage=0.03


Tree=79
num_leaves=5
num_cat=0
split_feature=0 1 0 3
split_gain=6.49689 2.92138 4.77297 4.52204
threshold=1.0000000180025095e-35 0.11725974828004838 -0.93543002009391774 -0.19944482296705243
decision_type=2 2 2 2
left_child=1 3 -3 -1
right_child=-2 2 -4 -5
leaf_value=0.0011767705189449796 0.0089961270051310376 -0.00093234271586759314 -0.008455048388451682 -0.002972837788443118
leaf_weight=868.11207204684615 43.511291667819023 394.84351154230535 84.762148525565863 301.42989897727966
leaf_count=2402 109 1316 244 953
internal_value=-0.000357132 -0.000744692 -0.00266719 2.48374e-05
internal_weight=1692.66 1649.15 479.606 1169.54
internal_count=5024 4915 1560 3355
is_linear=0
shrinkage=0.03


Tree=80
num_leaves=7
num_cat=0
split_feature=3 3 1 2 4 3
split_gain=3.43218 4.27446 3.80478 2.79279 5.84881 3.35585
threshold=-1.5965417027473447 -1.9226092696189878 0.28498056530952459 0.16906868666410449 1.0000000180025095e-35 0.70975050330162059
decision_type=2 2 2 2 2 2
left_child=1 -1 -3 5 -5 -2
right_child=3 2 -4 4 -6 -7
leaf_value=0.00099391727206423223 0.0023073661995988873 -0.0072426414692134565 0.0026254515977761055 -0.0038206751759178653 0.004712203809918946 -0.0032725976659824792
leaf_weight=152.34346152096987 992.38530502095819 143.95138998329639 23.516949880868196 229.7054992672056 78.354986548423767 81.394768785685301
leaf_count=457 2676 490 67 850 234 296
internal_value=0.000355269 -0.00230096 -0.00540459 0.00103688 -0.00131249 0.00177743
internal_weight=1701.65 319.812 167.468 1381.84 308.06 1073.78
internal_count=5070 1014 557 4056 1084 2972
is_linear=0
shrinkage=0.03


Tree=81
num_leaves=7
num_cat=0
split_feature=0 2 2 1 0 2
split_gain=4.86092 4.83844 5.85811 2.82672 2.73334 1.6191
threshold=-1.5695746541023252 0.16906868666410449 0.11048172786831857 -0.46286566555500025 -1.6383115649223325 -0.41759276390075678
decision_type=2 2 2 2 2 2
left_child=3 2 -2 5 -5 -1
right_child=1 -3 -4 4 -6 -7
leaf_value=-0.0006031754359541125 0.00087559655744682381 -0.0031334586957905723 0.0098275428445287472 -0.0021563428318787485 -0.0085837814851322629 0.0066863484241857767
leaf_weight=29.577642202377319 594.7198709435761 189.71719554811716 58.601980082690716 721.10442232899368 59.453844606876373 26.662553526461124
leaf_count=95 1557 579 154 2378 176 76
internal_value=-0.000790911 0.00075729 0.00203574 -0.00240196 -0.00292307 0.00291314
internal_weight=1679.84 843.039 653.322 836.798 780.558 56.2402
internal_count=5015 2290 1711 2725 2554 171
is_linear=0
shrinkage=0.03


Tree=82
num_leaves=6
num_cat=0
split_feature=2 3 3 2 3
split_gain=2.82418 3.02445 3.59329 2.23202 1.51398
threshold=0.48523756861686712 -1.5373983383178709 -0.49976339936256403 -0.15721672773361203 -1.1471468806266782
decision_type=2 2 2 2 2
left_child=1 3 -3 -1 -2
right_child=4 2 -4 -5 -6
leaf_value=-0.0056879703949224676 0 0.0023542167501057281 -0.00078798215412825487 -0.00028282490360008016 -0.0071354237465290358
leaf_weight=93.78947401419282 31.788953084498644 697.81013027019799 550.44777600094676 248.18902294710279 55.458957139402628
leaf_count=347 96 1888 1742 747 223
internal_value=-6.97295e-05 0.00020947 0.000930708 -0.00216334 -0.00480812
internal_weight=1677.48 1590.24 1248.26 341.978 87.2479
internal_count=5043 4724 3630 1094 319
is_linear=0
shrinkage=0.03


Tree=83
num_leaves=7
num_cat=0
split_feature=2 2 2 3 4 4
split_gain=4.41259 4.66591 5.86562 3.46986 6.24093 2.7528
threshold=0.16906868666410449 -0.37016989290714258 -0.25118048489093775 -1.4265487194061277 1.0000000180025095e-35 1.0000000180025095e-35
decision_type=2 2 2 2 2 2
left_child=1 -1 -3 5 -5 -2
right_child=3 2 -4 4 -6 -7
leaf_value=-0.0033692093822683105 0.005481739469583179 0.0068165394450186148 0.00075278085211230215 -0.0066754897102405007 0.0027395178790235301 -0.0026893002244436168
leaf_weight=161.06996222957969 57.060573875904083 157.38481520861387 982.47384003549814 214.2341291680932 63.726105872541666 43.900512605905533
leaf_count=522 162 424 2798 806 197 139
internal_value=0.000158868 0.00102483 0.00174486 -0.00256612 -0.00427661 0.00157553
internal_weight=1679.85 1300.93 1139.86 378.921 277.96 100.961
internal_count=5048 3744 3222 1304 1003 301
is_linear=0
shrinkage=0.03


Tree=84
num_leaves=7
num_cat=0
split_feature=0 3 3 3 3 3
split_gain=4.05902 5.12325 8.43744 4.45951 4.70718 4.41568
threshold=-1.468545079231262 -1.1006312966346739 -2.0664765834808345 -2.0501642227172847 -1.0918600559234617 0.27370740473270422
decision_type=2 2 2 2 2 2
left_child=3 2 -2 -1 -5 -3
right_child=1 5 -4 4 -6 -7
leaf_value=0.0064541456033994186 -0.0072128086901718531 -0.0021163663343209209 0.0062743871924406296 -0.0046998374473823275 -0.00010170355389502529 0.0042543171956138425
leaf_weight=39.453961178660393 27.585927158594131 346.36556988954544 275.51483712717891 317.97417694330215 563.59954896382987 111.68986463546753
leaf_count=120 74 912 750 1049 1833 318
internal_value=0 0.00158206 0.00449069 -0.00134327 -0.00189422 -0.000324467
internal_weight=1682.18 761.156 303.101 921.028 881.574 458.055
internal_count=5056 2054 824 3002 2882 1230
is_linear=0
shrinkage=0.03


Tree=85
num_leaves=7
num_cat=0
split_feature=2 3 3 3 3 3
split_gain=6.51584 4.33627 3.61333 3.07905 4.50269 2.67918
threshold=0.033399384468793876 0.11613035202026369 -0.96483457088470448 -0.25284421443939203 -1.570833623409271 0.59479889273643505
decision_type=2 2 2 2 2 2
left_child=3 2 -2 4 -1 -3
right_child=1 5 -4 -5 -6 -7
leaf_value=-0.0015230029226402382 -0.0013420511798850115 0.0055456957777806834 -0.006733979008313286 -0.0013277967178430476 0.0035543866449161492 -0.0019882596212532143
leaf_weight=185.79698399826884 302.95232497900724 65.62559150159359 217.99311229214072 285.31843145191669 543.25615601986647 53.91314266808331
leaf_count=637 913 227 760 879 1377 229
internal_value=-0.00032538 -0.00267707 -0.00387481 0.00112455 0.00217421 0.00191986
internal_weight=1654.86 640.484 520.945 1014.37 729.053 119.539
internal_count=5022 2129 1673 2893 2014 456
is_linear=0
shrinkage=0.03


Tree=86
num_leaves=7
num_cat=0
split_feature=2 3 2 1 3 4
split_gain=5.27328 5.70871 5.38963 4.36794 3.70675 9.63966
threshold=0.16906868666410449 -1.1641328930854795 -0.16587913781404492 0.0077659056987613448 -1.2242271900177 1.0000000180025095e-35
decision_type=2 2 2 2 2 2
left_child=1 3 -3 -1 -2 -6
right_child=4 2 -4 -5 5 -7
leaf_value=0.00052837216055251024 0.00070359777883165794 -0.00033296938373378213 0.0044320133896018866 -0.0051780355217686241 -0.0081250942968978893 0.0045579545818509532
leaf_weight=297.24686507508159 131.596589948982 319.56950107961893 502.98474218323827 164.13190592080355 188.94924674369395 51.538634948432446
leaf_count=954 391 895 1422 477 751 163
internal_value=9.188e-05 0.00104223 0.0025456 -0.00150779 -0.00292029 -0.00503541
internal_weight=1656.02 1283.93 822.554 461.379 372.084 240.488
internal_count=5053 3748 2317 1431 1305 914
is_linear=0
shrinkage=0.03


Tree=87
num_leaves=7
num_cat=0
split_feature=2 0 2 1 0 0
split_gain=4.61041 6.19218 6.4171 4.66594 2.01817 3.49426
threshold=0.234690897166729 -1.9633117914199827 0.10251096263527872 -0.018934081308543679 -0.93543002009391774 -1.2145532369613645
decision_type=2 2 2 2 2 2
left_child=1 3 -3 -1 5 -2
right_child=4 2 -4 -5 -6 -7
leaf_value=2.7818173120117715e-05 -0.0037034162708652917 0.00059088603524315821 0.0069832655641619643 -0.0060291133082118146 -0.008463300752432833 0.0042311227659935216
leaf_weight=246.91162927076221 179.01885589212179 795.38411962613463 161.14155687019229 166.31737961992621 49.466267742216587 42.53451057523489
leaf_count=804 675 2206 475 547 156 133
internal_value=-0.000186369 0.000497106 0.00185019 -0.00243729 -0.00364365 -0.00170753
internal_weight=1640.77 1369.75 956.526 413.229 271.02 221.553
internal_count=4996 4032 2681 1351 964 808
is_linear=0
shrinkage=0.03


Tree=88
num_leaves=7
num_cat=0
split_feature=3 0 3 0 3 3
split_gain=2.87329 9.05391 18.1635 5.2879 4.57149 3.08533
threshold=-0.77335169911384571 -1.0899857878684995 -1.5373983383178709 -2.3053303956985469 -0.6677471101284026 -1.2735397219657896
decision_type=2 2 2 2 2 2
left_child=1 5 -3 -2 -5 -1
right_child=3 2 -4 4 -6 -7
leaf_value=-0.0032377808426185396 0.0030767394206753151 -0.0033852403931990925 0.012296730609215833 -0.010091083404724237 -0.0021218584927476525 0.00069942739005128844
leaf_weight=370.72865225747228 117.18249528110027 102.67616337537766 123.40215916931629 64.216245524585247 588.58668019808829 282.2673788908869
leaf_count=1223 392 290 322 175 1835 802
internal_value=-0.000853584 0.000260723 0.00523447 -0.00217611 -0.00327164 -0.0014765
internal_weight=1649.06 879.074 226.078 769.985 652.803 652.996
internal_count=5039 2637 612 2402 2010 2025
is_linear=0
shrinkage=0.03


Tree=89
num_leaves=7
num_cat=0
split_feature=3 3 2 2 0 0
split_gain=3.11567 3.71698 4.85159 3.51202 2.67355 5.65439
threshold=0.32064229249954229 -1.5373983383178709 -0.15096978843212125 0.0094351475127041357 -1.5992347598075864 -2.4859595298767085
decision_type=2 2 2 2 2 2
left_child=1 2 -1 -3 5 -2
right_child=4 3 -4 -5 -6 -7
leaf_value=-0.0071586444955491274 0.0039714634496146681 0.0029405863874170297 0.0001621799979477735 -0.00035687832248094958 0 -0.0097282117063098566
leaf_weight=91.097050234675407 17.91076946631074 646.94876636564732 247.76794724538922 456.67230476252735 103.67040202021599 75.919727720320225
leaf_count=347 69 1673 756 1478 326 353
internal_value=0.000138898 0.000669565 -0.00192796 0.00154065 -0.00316624 -0.00634774
internal_weight=1639.99 1442.49 338.865 1103.62 197.501 93.8305
internal_count=5002 4254 1103 3151 748 422
is_linear=0
shrinkage=0.03


Tree=90
num_leaves=7
num_cat=0
split_feature=0 3 0 3 4 3
split_gain=2.32298 7.23755 10.7142 6.88785 11.2315 5.20629
threshold=-1.4729832410812376 -1.0918600559234617 -1.7934133410453794 -1.1006312966346739 1.0000000180025095e-35 0.27370740473270422
decision_type=2 2 2 2 2 2
left_child=1 2 -1 4 -2 -3
right_child=3 5 -4 -5 -6 -7
leaf_value=-0.00097752837317709998 0.0078570955525861796 0.0022546180214070787 -0.012310709625540008 -0.0014634193452554836 -0.0042022895613900565 -0.0044636795693655962
leaf_weight=259.27730580791831 205.77370930835605 422.31220341101289 97.030066981911659 456.85882240906358 78.294786721467972 112.99535610340536
leaf_count=880 561 1277 301 1261 236 499
internal_value=-0.0004642 -0.00150297 -0.0047135 0.000713627 0.00427819 0.00061875
internal_weight=1632.54 891.615 356.307 740.927 284.068 535.308
internal_count=5015 2957 1181 2058 797 1776
is_linear=0
shrinkage=0.03


Tree=91
num_leaves=7
num_cat=0
split_feature=1 3 3 3 3 3
split_gain=5.81523 1.9844 4.90618 2.21447 0.729222 0.0775966
threshold=0.39140088856220251 -1.5965417027473447 -1.8023947477340696 -1.4977610707283018 -0.65570363402366627 0.32064229249954229
decision_type=2 2 2 2 2 2
left_child=1 2 -1 -3 -2 -6
right_child=4 3 -4 -5 5 -7
leaf_value=0.0011013863465450754 -0.0080103486043603348 0.0061003383741210339 -0.0065209435971282492 0.00073464039504426732 0 -0.0019059582881466265
leaf_weight=185.87043745815754 62.303906014189124 59.534037709236145 94.546335399150848 1191.255427248776 31.771287705749273 19.013675104826689
leaf_count=589 228 193 344 3472 138 94
internal_value=3.85734e-05 0.000589744 -0.0015319 0.00112924 -0.00594052 -0.00100776
internal_weight=1644.3 1531.21 280.417 1250.79 113.089 50.785
internal_count=5058 4598 933 3665 460 232
is_linear=0
shrinkage=0.03


Tree=92
num_leaves=7
num_cat=0
split_feature=1 1 1 3 0 3
split_gain=5.54939 2.73045 4.78147 4.03556 1.39713 1.21456
threshold=0.3858716487884522 -0.37872110307216639 -0.043033445253968232 -0.73142623901367176 -0.82769113779067982 -0.44318357110023493
decision_type=2 2 2 2 2 2
left_child=1 3 -3 -1 5 -2
right_child=4 2 -4 -5 -6 -7
leaf_value=0.0020411605608980101 -0.0090647412035657418 0.0032943252708946933 -0.00017217000425263251 -0.006178685834219674 0 -0.00057411548155528159
leaf_weight=72.365385290235281 57.247812937945127 600.89377379789948 770.30753565020859 94.723902091383934 21.959501773118973 42.985796483233571
leaf_count=233 225 1793 2291 276 77 202
internal_value=0.000305398 0.000852889 0.00132933 -0.00246038 -0.00531554 -0.00662371
internal_weight=1660.48 1538.29 1371.2 167.089 122.193 100.234
internal_count=5097 4593 4084 509 504 427
is_linear=0
shrinkage=0.03


Tree=93
num_leaves=6
num_cat=0
split_feature=1 0 0 3 3
split_gain=2.86755 2.98789 2.32782 0.36428 0.341159
threshold=0.4068600088357926 -2.5702295303344722 -1.5695746541023252 -0.44318357110023493 0.27370740473270422
decision_type=2 2 2 2 2
left_child=1 -1 -3 -2 -5
right_child=3 2 -4 4 -6
leaf_value=0.007418568740151444 -0.0054045938239889266 -0.00082667893956946278 0.0014981739856133602 0.00090509647796751678 -0.0026567993884367442
leaf_weight=37.469137012958527 61.332968125119805 714.33431263267994 768.01690135151148 23.463558692485094 18.473931364715099
leaf_count=110 234 2383 2116 102 90
internal_value=0.000266215 0.00064934 0.000341816 -0.004076 -4.64792e-05
internal_weight=1623.09 1519.82 1482.35 103.27 41.9375
internal_count=5035 4609 4499 426 192
is_linear=0
shrinkage=0.03


Tree=94
num_leaves=4
num_cat=0
split_feature=1 0 0
split_gain=5.81796 2.72194 3.69153
threshold=0.39140088856220251 -2.5627107620239253 -1.5565903782844541
decision_type=2 2 2
left_child=1 -1 -3
right_child=-2 2 -4
leaf_value=0.0069368599745683584 -0.0058663109215958244 -0.0010175775358983107 0.0019361827277977848
leaf_weight=42.798947907984257 109.2357512563467 725.30654837191105 734.97918770834804
leaf_count=126 460 2401 2010
internal_value=0.000196567 0.000747823 0.000434626
internal_weight=1612.32 1503.08 1460.29
internal_count=4997 4537 4411
is_linear=0
shrinkage=0.03


Tree=95
num_leaves=5
num_cat=0
split_feature=1 0 0 3
split_gain=5.26426 4.70902 3.93191 0.413309
threshold=0.50382608175277721 1.0000000180025095e-35 -0.48358385264873499 -0.12986052036285398
decision_type=2 2 2 2
left_child=1 2 -1 -2
right_child=3 -3 -4 -5
leaf_value=0.00063080544441931376 -0.0085757687612131178 0.0088564445899771624 -0.0056755306903406803 0
leaf_weight=1428.4556134063751 42.812186585739255 39.94433232396841 74.05199733003974 20.265010185539722
leaf_count=4406 161 100 206 94
internal_value=0.000157958 0.000582925 0.000210113 -0.0071503
internal_weight=1605.53 1542.45 1502.51 63.0772
internal_count=4967 4712 4612 255
is_linear=0
shrinkage=0.03


Tree=96
num_leaves=7
num_cat=0
split_feature=0 2 1 2 0 2
split_gain=4.24163 4.70857 5.38497 3.5831 3.46542 2.58824
threshold=-1.5565903782844541 -0.12849810719490048 -0.36623740196228022 0.077442824840545668 -2.5702295303344722 -0.084722079336643205
decision_type=2 2 2 2 2 2
left_child=4 2 -2 -3 -1 -6
right_child=1 3 -4 -5 5 -7
leaf_value=0.0047999608567183836 -0.0019424354632789865 -0.002999621883036437 0.0067267383745439292 0.0016767548680646414 -0.00029979836251958834 -0.003996619106712734
leaf_weight=39.265551306307316 69.041972085833549 259.9924226179719 189.24152016639709 279.76740571856499 335.47789106890559 441.64762199483812
leaf_count=122 195 694 512 834 1076 1575
internal_value=-0.000470994 0.00102356 0.00422071 -0.000495275 -0.00199324 -0.00252357
internal_weight=1614.43 798.043 258.283 539.76 816.391 777.126
internal_count=5008 2235 707 1528 2773 2651
is_linear=0
shrinkage=0.03


Tree=97
num_leaves=5
num_cat=0
split_feature=1 0 0 0
split_gain=3.35353 1.8084 6.28191 3.3108
threshold=0.61157742142677318 -1.3214679956436155 -0.94339850544929493 -2.3053303956985469
decision_type=2 2 2 2
left_child=1 3 -3 -1
right_child=-2 2 -4 -5
leaf_value=0.0027247129291279246 -0.0062812730310310349 0.0050968220993353533 -0.00076028461592723658 -0.0011058331701090695
leaf_weight=260.77930961176753 42.089763613417745 288.54290989972651 312.73550307378173 712.04828877747059
leaf_count=863 163 804 851 2345
internal_value=0.000467628 0.000762267 0.00202746 0
internal_weight=1616.2 1574.11 601.278 972.828
internal_count=5026 4863 1655 3208
is_linear=0
shrinkage=0.03


Tree=98
num_leaves=6
num_cat=0
split_feature=2 0 2 0 3
split_gain=2.05489 1.93104 3.71122 3.07976 0.952765
threshold=0.5463453233242036 -2.3053303956985469 0.083842243999242796 -1.468545079231262 -1.1471468806266782
decision_type=2 2 2 2 2
left_child=1 2 -1 -3 -2
right_child=4 3 -4 -5 -6
leaf_value=0.0047451636578239248 0 -0.0020724004702840793 -0.0020587436930408322 0.00079354825849310901 -0.0069214470011959624
leaf_weight=173.53563791885972 23.779425866901875 580.26635149307549 85.944652751088142 718.3802716806531 38.107437372207642
leaf_count=530 67 1988 321 1975 156
internal_value=-0.000216439 0 0.00229084 -0.000453535 -0.00485006
internal_weight=1620.01 1558.13 259.48 1298.65 61.8869
internal_count=5037 4814 851 3963 223
is_linear=0
shrinkage=0.03


Tree=99
num_leaves=7
num_cat=0
split_feature=1 2 2 2 0 2
split_gain=2.33679 2.56354 6.0149 3.00288 0.663496 2.01462
threshold=0.39140088856220251 -0.16587913781404492 -0.2044052109122276 -0.014940404798835514 -2.3283789157867427 0.42097508907318121
decision_type=2 2 2 2 2 2
left_child=1 2 -1 -3 -2 -6
right_child=4 3 -4 -5 5 -7
leaf_value=0.00033343762950190808 -0.0072960757510950021 0.003429608206316743 -0.0077694702979395772 2.9637107691803186e-05 -0.0053883136286865876 0.0018992632442809305
leaf_weight=385.83084475249052 21.22647774592042 383.00974560156465 80.65229868888855 645.47935377061367 37.475889857858419 52.143185298889875
leaf_count=1182 88 1087 237 2052 173 208
internal_value=0.00017328 0.000538091 -0.00120599 0.00139428 -0.00361855 -0.00102792
internal_weight=1605.82 1494.97 466.483 1028.49 110.846 89.6191
internal_count=5027 4558 1419 3139 469 381
is_linear=0
shrinkage=0.03


Tree=100
num_leaves=7
num_cat=0
split_feature=3 0 3 3 2 2
split_gain=3.04933 2.69792 4.02253 2.63243 1.85014 3.71476
threshold=0.70975050330162059 -1.5565903782844541 0.2422234192490578 -1.0918600559234617 0.1381863355636597 -0.26215665042400355
decision_type=2 2 2 2 2 2
left_child=1 3 -3 -1 5 -2
right_child=4 2 -4 -5 -6 -7
leaf_value=-0.0023751952537394241 0.00094420568445414965 0.0011682057738066512 0.0080614438272229288 0.0010809783721489061 0.00044622364234393226 -0.010024091014880537
leaf_weight=321.83076005429029 26.270793125033379 675.14353610575199 74.469070732593536 433.07085238955915 33.65587005391717 48.830757454037666
leaf_count=1112 94 1868 216 1403 148 186
internal_value=0.000458674 0.000860256 0.00212266 -0.000338307 -0.0039014 -0.00616474
internal_weight=1613.27 1504.51 749.613 754.902 108.757 75.1016
internal_count=5027 4599 2084 2515 428 280
is_linear=0
shrinkage=0.03


Tree=101
num_leaves=7
num_cat=0
split_feature=2 4 3 0 3 3
split_gain=4.68899 5.49768 8.49717 4.49491 8.60194 6.94676
threshold=0.234690897166729 1.0000000180025095e-35 -0.89137530326843251 -1.468545079231262 -1.0918600559234617 -0.47454351186752314
decision_type=2 2 2 2 2 2
left_child=3 2 -2 4 -1 -5
right_child=1 -3 -4 5 -6 -7
leaf_value=-0.0054322219309705334 0.0002531639946030027 0.0017315113593692978 -0.011592045050240116 0.0043716585929619968 0.0010344924292239324 -0.0020366925481430913
leaf_weight=273.26193813607097 77.561877932399511 78.191606257110834 106.41818538121879 395.56820900738239 460.07737009041011 210.5367087200284
leaf_count=976 255 253 458 1067 1448 576
internal_value=-0.00055498 -0.00407811 -0.00676902 0.000140324 -0.00137578 0.00205587
internal_weight=1601.62 262.172 183.98 1339.44 733.339 606.105
internal_count=5033 966 713 4067 2424 1643
is_linear=0
shrinkage=0.03


Tree=102
num_leaves=7
num_cat=0
split_feature=2 0 0 1 0 2
split_gain=2.56145 4.58626 4.84869 4.18012 5.55554 3.65371
threshold=-0.37809583544731135 -2.2865130901336665 -0.91608679294586171 -0.12498534470796584 -1.9792772531509397 -0.064748425036668764
decision_type=2 2 2 2 2 2
left_child=1 -1 -3 4 -2 -5
right_child=3 2 -4 5 -6 -7
leaf_value=0.0038811039912567281 -0.0020634987164080297 -0.0094108165988353882 0.0021757498204720547 -0.0036438686558791706 0.0049371149506042258 0.000333249344096539
leaf_weight=32.345275111496449 120.99277628958225 88.378111947327852 26.677645660936832 252.64043997600675 305.33061657845974 782.04926928505301
leaf_count=106 412 313 73 749 856 2532
internal_value=-3.76902e-06 -0.00355559 -0.00635565 0.000357237 0.00281244 -0.000631639
internal_weight=1608.41 147.401 115.056 1461.01 426.323 1034.69
internal_count=5041 492 386 4549 1268 3281
is_linear=0
shrinkage=0.03


Tree=103
num_leaves=7
num_cat=0
split_feature=2 3 3 0 2 0
split_gain=3.61139 3.97793 5.72201 3.11294 2.97834 5.09943
threshold=0.019809896126389507 -0.19944482296705243 -1.2242271900177 -2.0799781084060665 0.074158884584903731 -1.0705710649490354
decision_type=2 2 2 2 2 2
left_child=1 2 -1 -3 -2 -6
right_child=4 3 -4 -5 5 -7
leaf_value=-0.000839113906397557 -0.006064323934779672 0.0023400350028938326 0.0044951339968031913 -0.0041793449249368274 -0.0026236545255183242 0.0034773286386439433
leaf_weight=292.33222655206919 113.52642077207565 69.726200863718987 378.92688737809658 180.98612090200186 407.26861601322889 148.65563947707415
leaf_count=964 361 231 1013 556 1472 440
internal_value=-0.000275013 0.000892935 0.00212821 -0.00210566 -0.00194979 -0.000823952
internal_weight=1591.42 921.971 671.259 250.712 669.451 555.924
internal_count=5037 2764 1977 787 2273 1912
is_linear=0
shrinkage=0.03


Tree=104
num_leaves=6
num_cat=0
split_feature=1 0 0 0 0
split_gain=3.20066 3.44804 2.87503 4.13927 2.77826
threshold=0.3747695684432984 1.0000000180025095e-35 -2.0958702564239498 -2.3921179771423335 -2.5627107620239253
decision_type=2 2 2 2 2
left_child=1 4 3 -2 -1
right_child=2 -3 -4 -5 -6
leaf_value=0.0064058847122315981 -0.0056164149830200431 0.0074358249483803757 -0.0073072870456644262 0.0077091712808771001 -0.00023057756255061119
leaf_weight=39.087873969227076 19.50831251218915 38.999909706413746 78.907190034165978 22.233717756345868 1404.6097684744745
leaf_count=122 79 100 335 94 4350
internal_value=-4.33125e-05 0.000325242 -0.00440138 0.000707652 0
internal_weight=1603.35 1482.7 120.649 41.742 1443.7
internal_count=5080 4572 508 173 4472
is_linear=0
shrinkage=0.03


Tree=105
num_leaves=7
num_cat=0
split_feature=1 1 1 3 2 0
split_gain=2.72903 4.58532 3.16633 3.11509 2.67581 1.59347
threshold=-0.3600639402866363 -0.22883474826812741 -0.47356733679771418 -1.530798017978668 -0.25118048489093775 -1.8395354151725767
decision_type=2 2 2 2 2 2
left_child=2 3 5 -2 -3 -1
right_child=1 4 -4 -5 -6 -7
leaf_value=0.0043610140713096941 -0.0015533252224009073 0.0036806638837789136 -0.0067943625797413166 0.0067456849656714673 -0.00075718157444911826 -0.0023575373415300614
leaf_weight=36.370818577706814 32.367703787982464 114.86271072179079 90.975524827837944 131.77660517394543 1130.0677385702729 46.591988082975149
leaf_count=118 125 335 277 399 3583 155
internal_value=-6.05733e-05 0.000355522 -0.00342979 0.0047924 -0.000248572 0.000280109
internal_weight=1583.01 1409.07 173.938 164.144 1244.93 82.9628
internal_count=4992 4442 550 524 3918 273
is_linear=0
shrinkage=0.03


Tree=106
num_leaves=7
num_cat=0
split_feature=3 3 0 1 1 3
split_gain=4.51118 4.8041 7.31274 2.91232 2.47744 1.42721
threshold=0.4603144526481629 -1.5373983383178709 -0.96461689472198475 -0.12912116199731824 -0.28114418685436243 0.70975050330162059
decision_type=2 2 2 2 2 2
left_child=1 2 -1 -3 -2 -6
right_child=4 3 -4 -5 5 -7
leaf_value=0 0.0011352624165103687 0.0034780862531474301 -0.0093263232992320394 0.00016590138091332433 -0.00014207680891183811 -0.0083806288978842628
leaf_weight=252.6286988966167 29.48635196685791 377.75094011798501 82.732116688042879 709.35751844197512 42.936742208898067 83.747228782624006
leaf_count=891 109 1066 234 2201 162 348
internal_value=-0.000107885 0.000408855 -0.00257387 0.00141306 -0.00466724 -0.00639749
internal_weight=1578.64 1422.47 335.361 1087.11 156.17 126.684
internal_count=5011 4392 1125 3267 619 510
is_linear=0
shrinkage=0.03


Tree=107
num_leaves=7
num_cat=0
split_feature=1 0 0 3 2 0
split_gain=3.11348 3.52244 3.406 2.19195 3.6015 3.50258
threshold=0.16900764405727389 -0.93543002009391774 -1.9453307986259458 -0.19944482296705243 -0.37016989290714258 -2.1998070478439327
decision_type=2 2 2 2 2 2
left_child=3 2 -2 4 -1 -5
right_child=1 -3 -4 5 -6 -7
leaf_value=-0.0034407362391494704 -0.0043349510532996955 -0.0077883350752853296 0.0017559980529340278 0.0034134824070909077 0.0019262569580911449 -0.0033460199118465817
leaf_weight=105.19537165388465 121.72205015271902 75.171254441142082 165.55107117258012 67.065657712519169 796.23782941326499 250.05006803199649
leaf_count=334 484 229 601 232 2336 798
internal_value=-0.000308954 -0.00269257 -0.000743738 0.000383613 0.00117374 -0.0016208
internal_weight=1580.99 362.444 287.273 1218.55 901.433 317.116
internal_count=5014 1314 1085 3700 2670 1030
is_linear=0
shrinkage=0.03


Tree=108
num_leaves=7
num_cat=0
split_feature=0 3 3 3 3 0
split_gain=2.45385 7.00976 11.3807 3.44722 6.04763 4.74668
threshold=-1.2014395594596861 -0.44318357110023493 -1.5864732861518858 -1.1734166145324705 -1.8275457620620725 -1.273885130882263
decision_type=2 2 2 2 2 2
left_child=3 2 -2 4 -1 -5
right_child=1 -3 -4 5 -6 -7
leaf_value=0.0020143404370184274 -0.0030076327203101619 -0.0024399204973167949 0.0084671093973841382 0.0014131950087352247 -0.0053932205826250608 -0.0073053868120176967
leaf_weight=128.26863472163677 95.771300226449966 171.32238756492734 208.50598691031337 676.55890723876655 251.76228398829699 39.992456026375294
leaf_count=415 289 505 567 2237 885 114
internal_value=0.000237957 0.00201731 0.00470766 -0.000502341 -0.00276731 0.000659975
internal_weight=1572.18 475.6 304.277 1096.58 380.031 716.551
internal_count=5012 1361 856 3651 1300 2351
is_linear=0
shrinkage=0.03


Tree=109
num_leaves=6
num_cat=0
split_feature=2 3 3 2 3
split_gain=4.06787 2.18808 2.25015 1.69502 0.991556
threshold=0.5463453233242036 0.70975050330162059 1.0082216858863833 -0.014940404798835514 -1.1471468806266782
decision_type=2 2 2 2 2
left_child=1 3 -3 -1 -2
right_child=4 2 -4 -5 -6
leaf_value=0.0019478926661402826 0 -0.0074128162207573673 0 -3.5141264928683722e-05 -0.0082675234879798082
leaf_weight=788.84952348843217 21.425912268459797 37.75174854695797 64.930416319519281 633.74203578196466 38.319340098649263
leaf_count=2342 67 143 268 2060 167
internal_value=0.000311855 0.000684178 -0.00305943 0.00103465 -0.00622869
internal_weight=1585.02 1525.27 102.682 1422.59 59.7453
internal_count=5047 4813 411 4402 234
is_linear=0
shrinkage=0.03


Tree=110
num_leaves=7
num_cat=0
split_feature=3 0 2 0 3 2
split_gain=5.25005 8.50913 4.52253 3.97672 3.05529 2.73141
threshold=-1.5373983383178709 -0.97305259108543385 0.16906868666410449 -1.6972255706787107 -0.2704149186611175 -0.16859228163957593
decision_type=2 2 2 2 2 2
left_child=1 5 3 -2 -4 -1
right_child=2 -3 4 -5 -6 -7
leaf_value=-0.0045461198278118117 -0.00017924364345898579 -0.01080208018545924 -0.0047428330158902996 0.0035205488421727891 0.0010353461509742742 0.0016649538650635749
leaf_weight=72.071596655994654 419.47968561947346 76.897898599505424 163.48536456376314 560.03712703287601 113.49156215973198 181.10313688591123
leaf_count=285 1334 232 591 1553 471 613
internal_value=0 -0.00322916 0.000917548 0.0019042 -0.0022629 -8.6908e-05
internal_weight=1586.57 330.073 1256.49 979.517 276.977 253.175
internal_count=5079 1130 3949 2887 1062 898
is_linear=0
shrinkage=0.03


Tree=111
num_leaves=7
num_cat=0
split_feature=1 1 4 0 3 0
split_gain=1.53375 4.36571 2.62966 2.62606 2.56588 2.26849
threshold=-0.12912116199731824 -0.082788437604904161 1.0000000180025095e-35 -0.76838812232017506 -0.7454436421394347 -2.3132040500640865
decision_type=2 2 2 2 2 2
left_child=3 2 -2 5 -5 -1
right_child=1 -3 -4 4 -6 -7
leaf_value=0.00418672518388335 -0.0079682264351934907 0.00013015147579511395 0.00037166469000995679 0.0098726514375437283 0 -0.00058962269450459493
leaf_weight=91.898061268031597 83.560650698840618 921.88165952078998 28.829903170466423 38.558785162866116 31.894652977585793 381.97948263958097
leaf_count=289 255 3013 89 103 84 1214
internal_value=0.000100991 -0.000535402 -0.00564275 0.00139263 0.00612949 0.000347192
internal_weight=1578.6 1034.27 112.391 544.331 70.4534 473.878
internal_count=5047 3357 344 1690 187 1503
is_linear=0
shrinkage=0.03


Tree=112
num_leaves=5
num_cat=0
split_feature=0 1 2 3
split_gain=2.42944 2.83004 6.96061 2.58555
threshold=-2.5702295303344722 -0.37872110307216639 -0.25118048489093775 -0.73142623901367176
decision_type=2 2 2 2
left_child=-1 3 -3 -2
right_child=1 2 -4 -5
leaf_value=0.0056770702043504396 0 0.0050515266644229201 -0.00087537288913880492 -0.0069546260174595115
leaf_weight=39.561069961637259 71.074877575039864 189.2316913343966 1187.6444780807942 87.610565476119518
leaf_count=122 241 592 3827 268
internal_value=-0.000200084 -0.000461113 0 -0.00401314
internal_weight=1575.12 1535.56 1376.88 158.685
internal_count=5050 4928 4419 509
is_linear=0
shrinkage=0.03


Tree=113
num_leaves=7
num_cat=0
split_feature=0 0 7 0 2 2
split_gain=3.31269 5.40186 6.058 3.1508 2.36735 1.14833
threshold=-1.4729832410812376 -1.4287794828414915 1.0000000180025095e-35 -1.6321530938148496 0.087409157305955901 -0.22703368961811063
decision_type=2 2 2 2 2 2
left_child=3 -2 -3 4 -1 -5
right_child=1 2 -4 5 -6 -7
leaf_value=0.00010987791834137132 0.0087637841598602242 -0.0021922433860123969 0.0035686019934433448 0 -0.0034007798124595931 -0.0072788639188721841
leaf_weight=490.45125360786915 48.934875227510929 423.26409029215574 240.85013287514448 31.138273227959871 223.33271915279329 101.43825469911098
leaf_count=1632 144 1256 664 100 895 331
internal_value=-0.000668551 0.000768377 0 -0.00193819 -0.000969541 -0.00594941
internal_weight=1559.41 713.049 664.114 846.361 713.784 132.577
internal_count=5022 2064 1920 2958 2527 431
is_linear=0
shrinkage=0.03


Tree=114
num_leaves=7
num_cat=0
split_feature=1 3 0 0 0 3
split_gain=3.37395 3.5897 3.79101 2.28463 1.51499 0.926695
threshold=0.39140088856220251 -0.19944482296705243 -1.0200843811035154 -1.1938186883926389 -0.84151655435562123 -0.65570363402366627
decision_type=2 2 2 2 2 2
left_child=1 3 -3 -1 5 -2
right_child=4 2 -4 -5 -6 -7
leaf_value=0.00070629517540896601 -0.0079830060929692755 0 -0.0064395422492854563 0.0038819399609078048 0.0006815964757555449 -0.00025122772591406743
leaf_weight=744.42468941956758 49.837420174852014 301.8303656168282 84.841677092015743 308.85803674533963 20.132787562906742 40.75883380882442
leaf_count=2347 195 1069 243 855 70 203
internal_value=0.000378338 0.000821719 -0.00151681 0.00174839 -0.00417216 -0.0057215
internal_weight=1550.68 1439.95 386.672 1053.28 110.729 90.5963
internal_count=4982 4514 1312 3202 468 398
is_linear=0
shrinkage=0.03


Tree=115
num_leaves=7
num_cat=0
split_feature=2 2 3 3 4 3
split_gain=4.09234 4.94477 6.11141 3.15118 2.81199 2.22189
threshold=-0.37016989290714258 -0.014940404798835514 -0.25284421443939203 -1.2424581050872801 1.0000000180025095e-35 -0.73142623901367176
decision_type=2 2 2 2 2 2
left_child=3 2 -2 -1 -3 -5
right_child=1 4 -4 5 -6 -7
leaf_value=-0.010821813508121845 0.0038932314249650146 -0.0025110366650805678 -0.0020589138586446288 0.0037587450740955023 0.001432337300720708 -0.0037776764854316174
leaf_weight=34.133880518376827 492.42438955232501 533.44330184720457 193.27648552507162 30.412229962646961 194.35802851244807 78.301694124937057
leaf_count=139 1441 1852 599 89 629 254
internal_value=-0.000186828 0.000288235 0.00211969 -0.00471417 -0.00136759 -0.000946792
internal_weight=1556.35 1413.5 685.701 142.848 727.801 108.714
internal_count=5003 4521 2040 482 2481 343
is_linear=0
shrinkage=0.03


Tree=116
num_leaves=7
num_cat=0
split_feature=1 3 3 2 3 3
split_gain=1.6622 3.94939 5.11298 3.92984 2.9132 2.92393
threshold=-0.0026044559199362989 -0.47454351186752314 -0.6915684938430785 -0.26779629290103907 -1.9326749444007871 -1.6694759130477903
decision_type=2 2 2 2 2 2
left_child=1 2 -1 -3 -2 -6
right_child=4 3 -4 -5 5 -7
leaf_value=0.0012026166897749361 0.0041788644573069276 0.0026434545143612332 0.0090220577566656069 -0.0040045489145381112 -0.007027420067246706 -0.0005731614408856755
leaf_weight=450.20706124603748 73.142701134085655 104.03070896863937 80.605460610240698 183.46752814948559 56.096227776259184 607.41489605233073
leaf_count=1409 221 323 219 605 187 2048
internal_value=0.000305455 0.00124801 0.00278343 -0.00138839 -0.000667597 -0.00139628
internal_weight=1554.96 818.311 530.813 287.498 736.654 663.511
internal_count=5012 2556 1628 928 2456 2235
is_linear=0
shrinkage=0.03


Tree=117
num_leaves=5
num_cat=0
split_feature=2 3 2 3
split_gain=2.47366 2.10392 2.28627 1.59747
threshold=0.5463453233242036 -2.0760430097579952 -0.059077348560094826 -0.96483457088470448
decision_type=2 2 2 2
left_child=1 -1 -3 -2
right_child=3 2 -4 -5
leaf_value=-0.004649623592352263 0 -0.00067532081874908359 0.0016466881196123197 -0.0079242924934361143
leaf_weight=53.299541052430868 20.289981584995985 681.89013846218586 766.02884813584387 36.996203413233161
leaf_count=157 65 2119 2527 161
internal_value=0 0.000236342 0.000517974 -0.00526369
internal_weight=1558.5 1501.22 1447.92 57.2862
internal_count=5029 4803 4646 226
is_linear=0
shrinkage=0.03


Tree=118
num_leaves=7
num_cat=0
split_feature=3 0 3 3 3 3
split_gain=2.52383 2.44557 5.01609 2.96854 1.64508 1.4688
threshold=0.70975050330162059 -0.48358385264873499 -0.47454351186752314 -0.6915684938430785 1.0555142760276797 1.3343050479888918
decision_type=2 2 2 2 2 2
left_child=1 3 -3 -1 -2 -6
right_child=4 2 -4 -5 5 -7
leaf_value=-0.00068452728292304804 -0.0079384634283772033 0.00017210815588387314 -0.01105804106039518 0.0021148874631243771 0.0035187966795345092 -0.003859729873102066
leaf_weight=806.35664872452617 41.839394345879555 78.642931573092937 32.990819789469242 542.81050317175686 24.48145567253232 31.763959400355816
leaf_count=2552 169 220 95 1728 109 133
internal_value=-0.000303102 0 -0.00386677 0.00041238 -0.00452373 0
internal_weight=1558.89 1460.8 111.634 1349.17 98.0848 56.2454
internal_count=5006 4595 315 4280 411 242
is_linear=0
shrinkage=0.03


Tree=119
num_leaves=7
num_cat=0
split_feature=7 3 0 0 3 0
split_gain=3.34984 6.76077 7.98526 5.37817 4.9163 3.41052
threshold=1.0000000180025095e-35 -0.63969260454177845 -1.7762293815612791 -1.0899857878684995 -0.90043175220489491 -1.7614903450012205
decision_type=2 2 2 2 2 2
left_child=4 3 -3 -2 -1 -6
right_child=1 2 -4 -5 5 -7
leaf_value=-0.0027820658300303177 0.0013463253487805578 0.0073535791038736587 -0.0074023116219829677 0.0096775251899412842 -0.0011684252834519402 0.0030077971601039405
leaf_weight=459.2888344693929 209.62786860391498 25.800649974495173 88.207319363951683 111.9154272004962 275.61069029197097 376.73728277534246
leaf_count=1568 617 94 245 300 992 1180
internal_value=0.000405871 0.00259374 -0.00301613 0.00481862 -0.000429031 0.00117187
internal_weight=1547.19 435.551 114.008 321.543 1111.64 652.348
internal_count=4996 1256 339 917 3740 2172
is_linear=0
shrinkage=0.03


Tree=120
num_leaves=6
num_cat=0
split_feature=1 0 0 0 7
split_gain=3.19946 2.83143 3.37538 3.02833 0.591185
threshold=0.42960275709629064 -0.48358385264873499 1.0000000180025095e-35 -1.5565903782844541 1.0000000180025095e-35
decision_type=2 2 2 2 2
left_child=1 3 -3 -1 -2
right_child=4 2 -4 -5 -6
leaf_value=-0.00037472028411784773 -0.0064365450194697835 -0.0071623865605520247 0.0019599900166691613 0.0023804257847383197 0
leaf_weight=732.8167316429317 55.444111767224967 70.246764078736305 35.771781533956528 624.30152755975723 31.822320818901062
leaf_count=2558 272 209 95 1801 102
internal_value=4.27293e-05 0.000441326 -0.00378571 0.000865297 -0.00491714
internal_weight=1550.4 1463.14 106.019 1357.12 87.2664
internal_count=5037 4663 304 4359 374
is_linear=0
shrinkage=0.03


Tree=121
num_leaves=7
num_cat=0
split_feature=0 3 3 3 4 3
split_gain=4.30392 7.02954 16.9807 8.40041 3.50061 7.21827
threshold=-0.97305259108543385 -0.52433657646179188 -1.5864732861518858 0.21092925965785983 1.0000000180025095e-35 -1.5098679065704343
decision_type=2 2 2 2 2 2
left_child=4 2 -2 -3 -1 -6
right_child=1 3 -4 -5 5 -7
leaf_value=0.00050775978561421473 -0.008995438710727513 -0.013210268339757195 0.0070731180714211318 0.001108036028987957 -0.0012661679337916004 0.0072752052176122944
leaf_weight=905.19411579798907 73.742651537060738 67.210659638047218 137.75554643943906 46.709874413907528 118.61847305297852 213.08720486611128
leaf_count=3047 219 197 377 148 434 633
internal_value=0.000748539 -0.00215852 0.000918225 -0.00760271 0.00158328 0.00415189
internal_weight=1562.32 325.419 211.498 113.921 1236.9 331.706
internal_count=5055 941 596 345 4114 1067
is_linear=0
shrinkage=0.03


Tree=122
num_leaves=6
num_cat=0
split_feature=3 3 2 0 2
split_gain=1.96676 2.63539 2.65139 2.06437 0.662378
threshold=-2.0760430097579952 -1.8405250906944273 0.0058212538715451964 -1.5002691745758054 0.0058212538715451964
decision_type=2 2 2 2 2
left_child=3 4 -3 -1 -2
right_child=1 2 -4 -5 -6
leaf_value=0 0.00012867152011617229 0.00035347463782279469 -0.0022344758139972538 -0.0093099278547739972 0.0054810093198746261
leaf_weight=26.989522088319063 63.90784190967679 773.03281515836716 589.00541960075498 26.499012008309364 58.354545272886753
leaf_count=91 221 2380 2087 71 176
internal_value=-0.000590443 -0.000305944 -0.000738396 -0.00543696 0.00351645
internal_weight=1537.79 1484.3 1362.04 53.4885 122.262
internal_count=5026 4864 4467 162 397
is_linear=0
shrinkage=0.03


Tree=123
num_leaves=7
num_cat=0
split_feature=1 2 1 2 3 3
split_gain=3.18726 4.21396 5.08318 4.68181 2.35122 3.89813
threshold=-0.17142634838819501 -0.064748425036668764 1.0000000180025095e-35 -0.0203867619857192 -0.25284421443939203 -0.97175940871238697
decision_type=2 2 2 2 2 2
left_child=4 2 -2 -3 5 -1
right_child=1 3 -4 -5 -6 -7
leaf_value=0.0007836309297241114 0 0.0060332077893182302 -0.0077516029660223019 -0.00021837700736319012 -0.00035946572384057168 0.0080434624099222952
leaf_weight=193.35474167391658 193.84243195131421 104.34541280567646 117.30020509287715 697.00691960565746 138.10356018692255 108.64336124807596
leaf_count=631 622 287 360 2380 450 304
internal_value=0.000365984 -0.000449937 -0.00333142 0.000649689 0.00248879 0.00391906
internal_weight=1552.6 1112.49 311.143 801.352 440.102 301.998
internal_count=5034 3649 982 2667 1385 935
is_linear=0
shrinkage=0.03


Tree=124
num_leaves=6
num_cat=0
split_feature=7 2 2 0 0
split_gain=6.96748 6.00702 4.06538 3.57587 2.5822
threshold=1.0000000180025095e-35 -0.41759276390075678 0.28261609375476843 -2.5627107620239253 -1.0041114091873167
decision_type=2 2 2 2 2
left_child=3 -2 -3 -1 -5
right_child=1 2 -4 4 -6
leaf_value=0.0064587411859590915 -0.0056671501039317071 0.0062281168227389825 -0.0010965989955753058 -0.00028219661460909362 -0.0041321621142880668
leaf_weight=38.693720307201147 32.514160320162773 330.9411751255393 61.552587606012821 890.6432071570307 183.71860655397177
leaf_count=129 114 952 186 3061 567
internal_value=0.000576982 0.00377222 0.00493649 -0.000635177 -0.00105886
internal_weight=1538.06 425.008 392.494 1113.06 1074.36
internal_count=5009 1252 1138 3757 3628
is_linear=0
shrinkage=0.03


Tree=125
num_leaves=7
num_cat=0
split_feature=3 1 7 3 3 1
split_gain=3.89791 2.70969 2.01983 7.07646 6.744 1.79099
threshold=0.70975050330162059 -0.28114418685436243 1.0000000180025095e-35 -0.5886278748512267 -0.59545832872390736 0.086752913892269148
decision_type=2 2 2 2 2 2
left_child=2 -2 4 -4 -1 -3
right_child=1 5 3 -5 -6 -7
leaf_value=-0.0015828390809170354 0.001997472926879097 -0.0098991789692918913 0.004964669027114111 -0.0035324027966629232 0.003227738908641517 0
leaf_weight=607.47322461940348 22.309964522719383 43.185512818396091 330.66629470512271 93.455424625426531 425.10852280259132 36.240098128095269
leaf_count=2005 81 191 951 276 1394 152
internal_value=0.000718043 -0.00435608 0.00116725 0.00288248 0.000364347 -0.00678701
internal_weight=1558.44 101.736 1456.7 424.122 1032.58 79.4256
internal_count=5050 424 4626 1227 3399 343
is_linear=0
shrinkage=0.03


Tree=126
num_leaves=6
num_cat=0
split_feature=1 1 3 7 3
split_gain=2.65782 3.80864 3.22994 0.80565 0.660471
threshold=0.39140088856220251 0.34181733429431921 -1.1641328930854795 1.0000000180025095e-35 -0.036646215245127671
decision_type=2 2 2 2 2
left_child=1 2 -1 4 -2
right_child=3 -3 -4 -5 -6
leaf_value=-0.0016455684022167079 -0.0072475580817044603 0.0079238501116606144 0.0013221142406234278 0 0
leaf_weight=485.12703155726194 41.817581616342068 41.88804417103529 905.22457455657423 35.426290076225996 26.468400528654456
leaf_count=1614 204 136 2805 111 131
internal_value=0.000214719 0.000607629 0.000235425 -0.00394731 -0.00548146
internal_weight=1535.95 1432.24 1390.35 103.712 68.286
internal_count=5001 4555 4419 446 335
is_linear=0
shrinkage=0.03


Tree=127
num_leaves=7
num_cat=0
split_feature=3 1 3 1 2 0
split_gain=3.63178 4.92577 4.08722 3.57372 5.91656 2.22823
threshold=-0.083913024514913545 0.067824855446815505 -1.5965417027473447 0.093948893249034895 -0.27221225202083582 -1.7221234440803526
decision_type=2 2 2 2 2 2
left_child=1 2 -1 4 -2 -3
right_child=3 5 -4 -5 -6 -7
leaf_value=-0.0031875574436557941 0.0065410523722223756 -0.0004660957179608631 0.0017813703364796271 0.0062469455895189071 -0.0029396119549210736 -0.0053311674704853759
leaf_weight=172.25077660754323 68.231513880193233 181.06005793251097 595.36242293938994 125.67873775120825 159.35727288946509 225.14224465936422
leaf_count=622 230 657 1738 473 559 704
internal_value=0 -0.000818577 0.000537546 0.0025717 0 -0.00342703
internal_weight=1527.08 1173.82 767.613 353.268 227.589 406.202
internal_count=4983 3721 2360 1262 789 1361
is_linear=0
shrinkage=0.03


Tree=128
num_leaves=5
num_cat=0
split_feature=0 3 3 2
split_gain=3.51192 2.43961 5.19362 3.06909
threshold=0.085016787052154555 -1.2610161304473875 -0.89137530326843251 0.21620640158653262
decision_type=2 2 2 2
left_child=1 3 -3 -1
right_child=-2 2 -4 -5
leaf_value=-0.0031293243398746199 0.007819432480395341 0.0041324589264564882 -0.00055812185479142413 0.0023546732341247689
leaf_weight=385.65138772502542 31.264264099299908 262.99299204163253 784.16728254687041 90.123405609279871
leaf_count=1311 91 801 2583 287
internal_value=7.0754e-05 -0.000148727 0.000619058 -0.00191641
internal_weight=1554.2 1522.94 1047.16 475.775
internal_count=5073 4982 3384 1598
is_linear=0
shrinkage=0.03


Tree=129
num_leaves=7
num_cat=0
split_feature=0 0 0 0 0 0
split_gain=2.87273 3.12196 5.02074 2.23694 1.70202 1.46393
threshold=-1.4729832410812376 -0.97305259108543385 -1.0994862914085386 -0.82769113779067982 -1.811281085014343 -1.9527980685234068
decision_type=2 2 2 2 2 2
left_child=4 2 -2 -3 5 -1
right_child=1 3 -4 -5 -6 -7
leaf_value=-0.00053877202431109792 0.0012959018393702106 -0.0043006198721704447 0.0096189882754868384 0.00099787094137774863 -0.0027131561571470618 0.0032824182101380693
leaf_weight=501.79028696939349 301.2472811024636 76.430860757827759 76.777100332081318 238.67178116738796 262.80880372971296 88.258282721042633
leaf_count=1773 888 230 227 705 886 332
internal_value=0.000317711 0.0017537 0.00353547 -0.000288244 -0.000794038 2.33145e-05
internal_weight=1545.98 693.127 378.024 315.103 852.857 590.049
internal_count=5041 2050 1115 935 2991 2105
is_linear=0
shrinkage=0.03


Tree=130
num_leaves=6
num_cat=0
split_feature=1 3 1 1 3
split_gain=2.01577 2.48807 1.95858 2.55512 0.549871
threshold=-0.45358258485794062 -1.1826201081275938 -0.36623740196228022 -0.18499384075403211 -0.12986052036285398
decision_type=2 2 2 2 2
left_child=1 -1 -2 -4 -3
right_child=2 4 3 -5 -6
leaf_value=-0.0020251551043140859 -0.0048262980271823637 0.0079506732192277333 0.0024974837380841238 -0.00084644907447304718 0.00013845096386106706
leaf_weight=26.341005973517895 71.43409014120698 43.180547133088112 228.0002425275743 1109.1687508877367 29.378498181700706
leaf_count=100 219 113 744 3673 105
internal_value=-0.000197956 0.00349299 -0.000544375 -0.000203665 0.0061492
internal_weight=1507.5 98.9001 1408.6 1337.17 72.559
internal_count=4954 318 4636 4417 218
is_linear=0
shrinkage=0.03


Tree=131
num_leaves=5
num_cat=0
split_feature=0 3 0 2
split_gain=2.80096 1.89628 1.73547 1.47327
threshold=1.0000000180025095e-35 -0.19944482296705243 -2.5025336742401119 0.19235125929117206
decision_type=2 2 2 2
left_child=1 3 -3 -1
right_child=-2 2 -4 -5
leaf_value=0.0010965256223634398 0.0065436075231169498 0.0031156001067226876 -0.0025518478728283884 -0.0015108869663084561
leaf_weight=868.06592174246907 38.902236387133598 29.372906625270844 367.77474680915475 216.16020993888378
leaf_count=2706 106 105 1323 760
internal_value=0.000108223 -0.00010573 -0.00185957 0.000504404
internal_weight=1520.28 1481.37 397.148 1084.23
internal_count=5000 4894 1428 3466
is_linear=0
shrinkage=0.03


Tree=132
num_leaves=7
num_cat=0
split_feature=1 2 3 0 3 0
split_gain=3.24928 2.58551 3.89055 2.396 2.29454 2.28104
threshold=-0.39567549526691431 0.48523756861686712 -1.1471468806266782 -2.2865130901336665 -1.0797774195671079 -1.7221234440803526
decision_type=2 2 2 2 2 2
left_child=3 4 -3 -1 -2 -5
right_child=1 2 -4 5 -6 -7
leaf_value=0.0017793954628632868 -0.00062806222954214189 0.0024137428006862209 -0.0083364815559825479 -0.010378947689955512 0.0018380796600100794 -0.00093866419768685156
leaf_weight=24.672016575932503 527.67879802919924 28.82666614279151 50.998132064938545 41.823190651834011 782.70955115556717 70.08306098729372
leaf_count=82 1756 93 218 136 2521 222
internal_value=0 0.000423658 -0.00414746 -0.00413038 0.00080538 -0.00596043
internal_weight=1526.79 1390.21 79.8248 136.578 1310.39 111.906
internal_count=5028 4588 311 440 4277 358
is_linear=0
shrinkage=0.03


Tree=133
num_leaves=7
num_cat=0
split_feature=0 0 1 2 0 2
split_gain=3.8637 4.87559 2.82482 3.94076 2.39309 2.11093
threshold=-1.5565903782844541 -1.1503888964653013 -0.45358258485794062 -0.40204122662544245 -1.0994862914085386 0.22700922936201098
decision_type=2 2 2 2 2 2
left_child=2 5 3 -1 -3 -2
right_child=1 4 -4 -5 -6 -7
leaf_value=-0.0018728630163420364 0.005256517837672673 -0.0061904287527746894 -0.0021310224838732837 0.0097581765520858201 0.00018180830116195829 -0.00029608177119492407
leaf_weight=33.913739144802094 261.69479202851653 39.007500439882278 715.24686427786946 26.386712793260813 385.00850081071258 50.949086554348469
leaf_count=126 778 115 2587 80 1154 176
internal_value=-3.07215e-05 0.00146443 -0.00152744 0.00363232 -0.000521711 0.00420788
internal_weight=1512.21 736.66 775.547 60.3005 424.016 312.644
internal_count=5016 2223 2793 206 1269 954
is_linear=0
shrinkage=0.03


Tree=134
num_leaves=5
num_cat=0
split_feature=0 0 0 0
split_gain=1.75973 1.88061 4.37497 2.90296
threshold=-2.5627107620239253 -1.4729832410812376 -1.4287794828414915 -1.5002691745758054
decision_type=2 2 2 2
left_child=-1 3 -3 -2
right_child=1 2 -4 -5
leaf_value=0.0045631252167163665 -0.00086396413542614951 0.0080331738454859965 0 -0.0090096607363293162
leaf_weight=46.013342685997486 780.35532161593437 46.09585727751255 636.37014725618064 24.725083045661449
leaf_count=148 2802 135 1900 80
internal_value=-0.000163069 -0.000407658 0.000683125 -0.00139918
internal_weight=1533.56 1487.55 682.466 805.08
internal_count=5065 4917 2035 2882
is_linear=0
shrinkage=0.03


Tree=135
num_leaves=7
num_cat=0
split_feature=2 2 0 4 2 0
split_gain=3.6988 2.59662 4.78803 2.40325 1.74103 0.786284
threshold=0.28261609375476843 0.21620640158653262 -1.2082609534263609 1.0000000180025095e-35 -0.63799208402633656 -1.9881196022033689
decision_type=2 2 2 2 2 2
left_child=1 4 -3 -2 -1 -5
right_child=3 2 -4 5 -6 -7
leaf_value=0.0051354452197854171 -0.0059918308425370619 -0.00033657813949687496 0.012157988835583781 0.0031019195809504933 -0.00052551351139911069 -0.0020230217308770293
leaf_weight=29.863261431455612 144.01783957518637 47.971938656643033 24.376970715820789 32.961028058081865 1193.1430995073169 28.510094493627548
leaf_count=100 570 194 79 109 3834 103
internal_value=-0.000513806 5.71738e-05 0.00494491 -0.00406505 -0.000258609 7.54117e-05
internal_weight=1500.84 1295.36 72.3489 205.489 1223.01 61.4711
internal_count=4989 4207 273 782 3934 212
is_linear=0
shrinkage=0.03


Tree=136
num_leaves=7
num_cat=0
split_feature=0 3 4 3 0 0
split_gain=2.41661 3.48716 3.07976 4.17326 2.65871 1.93408
threshold=-2.4859595298767085 0.70975050330162059 1.0000000180025095e-35 -0.25284421443939203 -0.5136299431324004 -1.0994862914085386
decision_type=2 2 2 2 2 2
left_child=2 4 3 -1 -2 -3
right_child=1 5 -4 -5 -6 -7
leaf_value=-0.0055782471081124319 0.00033696934413553176 -0.0077435137573600536 0.0082002596738165161 0.0060677542795332272 -0.0041139624008330001 0
leaf_weight=43.014501817524433 1220.0340939145535 67.832098597660661 48.085151828825474 28.757164478302002 113.27871370315552 21.440028853714466
leaf_count=141 4002 307 145 99 327 73
internal_value=-0.000120651 -0.000520706 0.00359405 0 -5.20575e-05 -0.00568043
internal_weight=1542.44 1422.58 119.857 71.7717 1333.31 89.2721
internal_count=5094 4709 385 240 4329 380
is_linear=0
shrinkage=0.03


Tree=137
num_leaves=7
num_cat=0
split_feature=7 1 0 2 2 0
split_gain=3.91302 4.6013 4.06895 3.54002 3.35329 2.81439
threshold=1.0000000180025095e-35 0.16900764405727389 -2.5627107620239253 0.20075909793376925 -0.38484987616538996 -0.93543002009391774
decision_type=2 2 2 2 2 2
left_child=2 4 -1 -3 -2 -4
right_child=1 3 5 -5 -6 -7
leaf_value=0.0062964946240591461 -0.0028591175403909715 -0.0075182983641558796 -0.0011027239853542193 0.0013555801517816973 0.0049735528606623235 -0.0054058955863432439
leaf_weight=35.045094087719917 35.265525959432125 51.169395186007023 894.73398747481406 62.418917212635279 270.75638128817081 163.20342504605651
leaf_count=114 127 145 3131 194 780 523
internal_value=-0.000514 0.00183056 -0.00148474 -0.0027199 0.00376687 -0.0019102
internal_weight=1512.59 419.61 1092.98 113.588 306.022 1057.94
internal_count=5014 1246 3768 339 907 3654
is_linear=0
shrinkage=0.03


Tree=138
num_leaves=7
num_cat=0
split_feature=2 2 3 3 3 3
split_gain=6.62906 2.65889 1.84648 5.90597 2.17221 1.80137
threshold=0.16906868666410449 0.1134389527142048 -1.2006876468658445 -1.6418841481208799 -0.3183558583259582 -1.0188102722167967
decision_type=2 2 2 2 2 2
left_child=1 5 3 -2 -4 -1
right_child=2 -3 4 -5 -6 -7
leaf_value=-0.00058101971056891989 -0.0058531201402274276 0.0057428290886958489 -0.007541987718029163 0.0054643500750977715 -0.00083038056930885324 0.001794996613278089
leaf_weight=451.89182498306036 63.962551411241293 94.176727272570133 112.70629739761353 61.680271930992603 106.62100646831095 626.94647813215852
leaf_count=1504 204 319 431 203 453 1928
internal_value=0.000176633 0.00129318 -0.00331843 0 -0.00487204 0.000752693
internal_weight=1517.99 1173.02 344.97 125.643 219.327 1078.84
internal_count=5042 3751 1291 407 884 3432
is_linear=0
shrinkage=0.03


Tree=139
num_leaves=7
num_cat=0
split_feature=0 0 0 2 2 2
split_gain=5.6701 3.99945 3.42251 3.18805 3.00553 2.32358
threshold=-1.468545079231262 -1.811281085014343 -1.4212715029716489 -0.22703368961811063 0.29175513982772833 -0.30705775320529932
decision_type=2 2 2 2 2 2
left_child=1 5 -2 -3 -4 -1
right_child=2 3 4 -5 -6 -7
leaf_value=-0.004488990874694232 0.0079385341121209364 0.00026043486126077438 0.0015540888177291241 -0.0067100310218099288 -0.0040290396167494266 0.0002353560235133294
leaf_weight=91.170679125934839 48.771699171513319 56.262929148972034 555.9059430565685 206.10700335912406 78.882584903389215 476.74875195138156
leaf_count=334 147 190 1634 705 266 1750
internal_value=-0.000467387 -0.00213981 0.00148183 -0.00509021 0.000666791 -0.000547918
internal_weight=1513.85 830.289 683.56 262.37 634.789 567.919
internal_count=5026 2979 2047 895 1900 2084
is_linear=0
shrinkage=0.03


Tree=140
num_leaves=7
num_cat=0
split_feature=2 4 3 1 2 3
split_gain=4.77641 3.92733 8.03925 2.08259 4.34131 4.19046
threshold=0.033399384468793876 1.0000000180025095e-35 -0.3019630759954452 -0.050470151007175439 -0.064748425036668764 -0.48847630620002741
decision_type=2 2 2 2 2 2
left_child=3 -2 -3 5 -5 -1
right_child=1 2 -4 4 -6 -7
leaf_value=0.0046541277426584522 -0.0030983228163190307 -0.0014724700120545577 0.012025274271958533 -0.0033982901860583948 0.003298484976323761 -0.00022463943378821482
leaf_weight=379.92297287285328 430.54120029881597 124.20863992348313 33.103382721543312 161.56642054766417 146.4138447009027 222.37914772704244
leaf_count=1204 1569 435 109 519 431 722
internal_value=0.000427538 -0.00159526 0.00206551 0.00180455 -2.47022e-05 0.00280707
internal_weight=1498.14 587.853 157.312 910.282 307.98 602.302
internal_count=4989 2113 544 2876 950 1926
is_linear=0
shrinkage=0.03


Tree=141
num_leaves=7
num_cat=0
split_feature=3 3 0 0 0 0
split_gain=1.16142 2.80471 3.37699 1.63059 4.37457 3.2112
threshold=-0.19944482296705243 -0.016068984754383561 -1.5484877228736875 -1.7934133410453794 -2.1544133424758907 -1.0822920799255369
decision_type=2 2 2 2 2 2
left_child=3 -2 -3 4 -1 -5
right_child=1 2 -4 5 -6 -7
leaf_value=-5.5384165039120713e-05 -0.0051301004722642549 -0.0023999460099937749 0.0033644906512056063 -0.0016708825669755356 0.0056240194158260265 0.0024225829369074426
leaf_weight=252.37813905626535 85.110785055905581 157.45574747398496 162.45812145620584 396.19042631238699 184.270213637501 274.45693500339985
leaf_count=858 294 656 510 1237 650 825
internal_value=0.000444059 -0.000826386 0.00037655 0.000968402 0.00235134 0
internal_weight=1512.32 405.025 319.914 1107.3 436.648 670.647
internal_count=5030 1460 1166 3570 1508 2062
is_linear=0
shrinkage=0.03


Tree=142
num_leaves=7
num_cat=0
split_feature=3 2 7 3 2 3
split_gain=4.0884 5.239 4.59828 5.44242 3.93645 3.52231
threshold=-1.159601032733917 0.39059416949748998 1.0000000180025095e-35 -1.8275457620620725 -0.059077348560094826 0.70975050330162059
decision_type=2 2 2 2 2 2
left_child=2 5 3 -1 -4 -2
right_child=1 -3 4 -5 -6 -7
leaf_value=0.0011136729138706062 0.0027641615728118503 -0.0053006576879987962 -0.0030811618841253266 -0.0065754861620681837 0.0042353603463296521 -0.0027288232364899561
leaf_weight=100.00720773264766 796.01906587183475 73.002580668777227 86.196758773177862 221.57665833830833 140.76782242208719 93.51841963082552
leaf_count=366 2471 328 280 804 382 383
internal_value=0.000151348 0.00135655 -0.00183122 -0.00408343 0.00118924 0.0020734
internal_weight=1511.09 962.54 548.548 321.584 226.965 889.537
internal_count=5014 3182 1832 1170 662 2854
is_linear=0
shrinkage=0.03


Tree=143
num_leaves=7
num_cat=0
split_feature=1 3 1 2 2 2
split_gain=3.33838 3.14538 2.89481 2.51207 4.92138 0.7502
threshold=-0.26020927727222437 -1.4690337181091306 -0.37872110307216639 -0.33350375294685358 -0.25622192025184626 -0.21318700164556501
decision_type=2 2 2 2 2 2
left_child=1 5 -3 -2 -5 -1
right_child=3 2 -4 4 -6 -7
leaf_value=0 -0.0062279087893381564 0.00037932069625243466 0.0074959294582600472 0.0065371030074549922 -0.0011309555281490151 -0.0054344671480812999
leaf_weight=33.210967060178518 60.358301550149918 128.13786287978292 99.906382620334625 59.471751771867275 1103.0132693778723 21.440564878284931
leaf_count=147 213 391 312 181 3697 71
internal_value=-0.000287384 0.00248636 0.00409202 -0.00100658 -0.000583993 -0.00271112
internal_weight=1505.54 282.696 228.044 1222.84 1162.49 54.6515
internal_count=5012 921 703 4091 3878 218
is_linear=0
shrinkage=0.03


Tree=144
num_leaves=7
num_cat=0
split_feature=0 2 2 0 2 2
split_gain=3.32146 4.12926 5.77486 3.49587 3.0851 1.78034
threshold=-0.94339850544929493 -0.041509464383125298 0.09322036057710649 -1.0994862914085386 0.083842243999242796 -0.16587913781404492
decision_type=2 2 2 2 2 2
left_child=3 5 -3 4 -1 -2
right_child=1 2 -4 -5 -6 -7
leaf_value=0.0013825360344439004 -0.0013185188683386708 -0.012039353684716585 -0.00024222617054041865 0.0058904127905174911 -0.0018731721531168373 0.0047553892409117606
leaf_weight=752.84200898557901 82.756650432944298 55.843492776155472 96.988078810274601 91.982622772455215 369.67754893749952 47.634659484028816
leaf_count=2461 241 163 309 283 1403 146
internal_value=8.09574e-05 -0.00268879 -0.00579434 0.000808563 0.000243802 0.000838762
internal_weight=1497.73 283.223 152.832 1214.5 1122.52 130.391
internal_count=5006 859 472 4147 3864 387
is_linear=0
shrinkage=0.03


Tree=145
num_leaves=7
num_cat=0
split_feature=0 3 3 3 3 0
split_gain=3.90788 5.14256 4.92356 6.43651 2.64819 1.82858
threshold=-1.2014395594596861 -1.9433163404464719 -1.5373983383178709 -0.42750477790832514 -1.2524830698966978 -0.96461689472198475
decision_type=2 2 2 2 2 2
left_child=1 -1 5 -4 -3 -2
right_child=2 4 3 -5 -6 -7
leaf_value=0.0057658569353229751 0.0016031178215158866 -0.0039537363879426678 0.0079340285053477577 0 -0.00024624589410337947 -0.0048420522005546774
leaf_weight=82.62370041012764 38.839276745915413 226.92736567929387 188.06706133671105 149.40615267306566 733.88069652579725 69.898251637816429
leaf_count=292 117 847 552 467 2494 226
internal_value=0.000427092 -0.0005362 0.00273475 0.00452043 -0.00124584 -0.00218247
internal_weight=1489.64 1043.43 446.211 337.473 960.808 108.738
internal_count=4995 3633 1362 1019 3341 343
is_linear=0
shrinkage=0.03


Tree=146
num_leaves=6
num_cat=0
split_feature=1 1 2 1 2
split_gain=2.47424 1.6352 2.31134 1.10899 0.254218
threshold=0.42960275709629064 -0.26020927727222437 -0.33350375294685358 -0.60029107332229603 0.30405315756797796
decision_type=2 2 2 2 2
left_child=1 3 -3 -1 -2
right_child=4 2 -4 -5 -6
leaf_value=-0.00034956563068614174 0 -0.0046396618609343054 0.00074447184445183444 0.0037360922735698915 -0.0044599087448732502
leaf_weight=40.562175296247005 20.8699921220541 55.11242938414216 1076.5064363889396 236.98330709710717 65.882027734071016
leaf_count=140 96 197 3522 773 287
internal_value=0.000586677 0.000942344 0.000354129 0.00295398 -0.00372275
internal_weight=1495.92 1409.16 1131.62 277.545 86.752
internal_count=5015 4632 3719 913 383
is_linear=0
shrinkage=0.03


Tree=147
num_leaves=7
num_cat=0
split_feature=0 3 3 3 0 0
split_gain=2.9235 4.74328 4.07363 1.78883 1.77426 0.961193
threshold=-1.8573675155639646 -2.0865167379379268 -1.7722295522689817 -1.1471468806266782 -0.48358385264873499 -2.463384628295898
decision_type=2 2 2 2 2 2
left_child=2 -2 5 -4 -3 -1
right_child=1 4 3 -5 -6 -7
leaf_value=0.0070673370342207824 -0.0085050116026662501 0.0020321973361046596 -0.0057788401127630241 -0.0012912046141179156 -0.0015953332019251632 2.6220311782186619e-05
leaf_weight=23.744073487818241 23.237194687128067 827.42218315415084 127.27629584446549 330.25087508931756 107.59813380986452 60.690791979432106
leaf_count=75 73 2658 478 1194 323 224
internal_value=2.55048e-05 0.00105375 -0.00165859 -0.00285498 0.00152726 0.00355504
internal_weight=1500.22 958.258 541.962 457.527 935.02 84.4349
internal_count=5025 3054 1971 1672 2981 299
is_linear=0
shrinkage=0.03


Tree=148
num_leaves=7
num_cat=0
split_feature=2 1 2 3 4 2
split_gain=7.86574 2.92017 3.27967 2.20543 4.82154 1.96883
threshold=-0.041509464383125298 0.17302419245243075 -0.061730606481432908 -0.992306888103485 1.0000000180025095e-35 0.11048172786831857
decision_type=2 2 2 2 2 2
left_child=1 2 -1 5 -5 -2
right_child=3 -3 -4 4 -6 -7
leaf_value=0.0014837866085610138 -0.002967362859676101 -0.0044769090512564854 0.0086568162666462566 -0.0055914000452903182 0.0014805061928732546 0.0012684660620633844
leaf_weight=629.80162532627583 151.4132027477026 37.562205970287323 51.81725549697876 329.07371350377798 89.764645367860794 195.37537637725472
leaf_count=2046 499 124 145 1235 294 662
internal_value=-0.000383157 0.00179682 0.00234583 -0.00250087 -0.00394064 -0.000478338
internal_weight=1484.81 719.181 681.619 765.627 418.838 346.789
internal_count=5005 2315 2191 2690 1529 1161
is_linear=0
shrinkage=0.03


Tree=149
num_leaves=6
num_cat=0
split_feature=0 3 3 0 1
split_gain=3.77846 6.40589 10.0201 1.8742 2.19537
threshold=-0.82769113779067982 -1.5373983383178709 -0.6915684938430785 -0.93543002009391774 -0.36623740196228022
decision_type=2 2 2 2 2
left_child=3 -2 -3 4 -1
right_child=1 2 -4 -5 -6
leaf_value=-0.0036451478925491596 -0.0042494257091753446 0.012732393857445489 -0.0001831101568045387 -0.0054437254264219585 0.0001183374991345976
leaf_weight=136.46455604210496 50.84386433660984 80.946690142154694 96.264319729059935 51.011844053864479 1070.9690726008266
leaf_count=457 167 226 305 157 3695
internal_value=0 0.00339827 0.00610516 -0.000647507 -0.000310594
internal_weight=1486.5 228.055 177.211 1258.45 1207.43
internal_count=5007 698 531 4309 4152
is_linear=0
shrinkage=0.03


Tree=150
num_leaves=7
num_cat=0
split_feature=2 1 1 0 2 2
split_gain=2.73991 2.51266 4.38929 3.14724 2.4657 5.50564
threshold=-0.2044052109122276 -0.3600639402866363 -0.25304344296455378 -2.0536472797393794 -0.061730606481432908 -0.041509464383125298
decision_type=2 2 2 2 2 2
left_child=1 3 -3 -1 -2 -6
right_child=4 2 -4 -5 5 -7
leaf_value=0.0043227003385489368 -0.0032874044278956628 0.0092120478331343889 0.00039264361968248743 -0.0040513725404401077 0.0077303877566908558 -0.00086896311595261887
leaf_weight=38.895132996141911 293.06761081889272 67.490523859858513 163.77592064812779 94.285632643848658 52.983178731054068 772.79404794983566
leaf_count=135 931 225 537 308 157 2699
internal_value=-0.00024227 0.00189804 0.00373359 -0.000968971 -0.00101322 -7.65219e-05
internal_weight=1483.29 364.447 231.266 133.181 1118.84 825.777
internal_count=4992 1205 762 443 3787 2856
is_linear=0
shrinkage=0.03


Tree=151
num_leaves=7
num_cat=0
split_feature=2 3 0 0 0 0
split_gain=3.08675 4.19309 5.45891 2.8789 2.02276 4.10942
threshold=-0.0017683873302303252 -1.2242271900177 -2.3053303956985469 -0.71135181188583363 -1.9881196022033689 -2.4598441123962398
decision_type=2 2 2 2 2 2
left_child=1 3 -3 -1 5 -2
right_child=4 2 -4 -5 -6 -7
leaf_value=-0.0036150410465474632 -0.0043664856385465869 0.0085073996904986016 0.00071718291605551022 0.0039288506181034931 -0.0030109608842931695 0.0035499105197979112
leaf_weight=218.04778486862779 74.760442398488522 85.401758506894112 472.61655399948359 31.838372126221657 454.23698784224689 131.56536201015115
leaf_count=776 259 256 1442 100 1573 552
internal_value=-0.000396738 0.000788864 0.00226635 -0.00221163 -0.00191553 0.000283986
internal_weight=1468.47 807.904 558.018 249.886 660.563 206.326
internal_count=4958 2574 1698 876 2384 811
is_linear=0
shrinkage=0.03


Tree=152
num_leaves=7
num_cat=0
split_feature=2 5 1 2 0 0
split_gain=2.7938 6.04467 3.47558 2.02961 1.98748 0.776388
threshold=-0.37809583544731135 1.0000000180025095e-35 -0.18499384075403211 -0.34560686349868769 -1.468545079231262 -0.8974395990371703
decision_type=2 2 2 2 2 2
left_child=1 5 3 -2 -4 -1
right_child=2 -3 4 -5 -6 -7
leaf_value=-0.0081995969672701216 0.0098611777417007794 0.0046285305726609981 -0.0014534853246035001 0.0018835476971304161 0.001077963936664677 0
leaf_weight=85.931872140616179 24.215944424271584 34.833651594817638 571.32312784343958 249.63077029213309 492.65451273880899 21.966265745460987
leaf_count=326 77 115 2110 806 1517 62
internal_value=2.96136e-05 -0.00364152 0.000513341 0.00341635 -0.000227732 -0.00708681
internal_weight=1480.56 142.732 1337.82 273.847 1063.98 107.898
internal_count=5013 503 4510 883 3627 388
is_linear=0
shrinkage=0.03


Tree=153
num_leaves=6
num_cat=0
split_feature=2 2 0 7 0
split_gain=2.31573 4.32966 4.29141 3.62265 1.82261
threshold=-0.37809583544731135 -0.34560686349868769 -2.1692508459091182 1.0000000180025095e-35 -0.91608679294586171
decision_type=2 2 2 2 2
left_child=2 -2 -1 -3 -4
right_child=1 3 4 -5 -6
leaf_value=0.0022111130138405383 0.0081313455180414586 -0.0016146507864433005 -0.0091494147180388175 0.001764193636803068 0
leaf_weight=42.666223235428333 32.575343482196331 954.73059437982738 74.796217933297157 372.21068154089153 23.263882488012314
leaf_count=155 103 3358 280 1105 70
internal_value=-0.000695903 -0.000242408 -0.00412836 -0.000610208 -0.0073022
internal_weight=1500.24 1359.52 140.726 1326.94 98.0601
internal_count=5071 4566 505 4463 350
is_linear=0
shrinkage=0.03


Tree=154
num_leaves=7
num_cat=0
split_feature=1 7 3 3 1 3
split_gain=2.13066 2.34465 2.80472 1.81942 4.41227 1.51192
threshold=0.3858716487884522 1.0000000180025095e-35 0.14047423005104068 -1.8943385481834409 0.060058025643229491 -1.1641328930854795
decision_type=2 2 2 2 2 2
left_child=3 2 -2 4 -1 -5
right_child=1 -3 -4 5 -6 -7
leaf_value=-0.00010719918012292118 -0.0091678672709217639 0.0012795332915231531 0.0006913711330410056 -0.0013189411332010885 0.009460230146701061 0.00092210945126660053
leaf_weight=85.037470273673534 50.908237341791391 36.797648480162024 20.528227487578988 356.19344341009855 48.684499442577362 881.38611362501979
leaf_count=298 250 124 106 1245 147 2843
internal_value=0.00028284 -0.00334843 -0.00614697 0.000656587 0.00376336 0.000218674
internal_weight=1479.54 108.234 71.4365 1371.3 133.722 1237.58
internal_count=5013 480 356 4533 445 4088
is_linear=0
shrinkage=0.03


Tree=155
num_leaves=6
num_cat=0
split_feature=1 0 0 7 0
split_gain=2.09296 2.18256 2.11945 0.646454 1.01825
threshold=0.42960275709629064 -2.5627107620239253 -1.468545079231262 1.0000000180025095e-35 -1.4212715029716489
decision_type=2 2 2 2 2
left_child=1 -1 -3 4 -2
right_child=3 2 -4 -5 -6
leaf_value=0.0059750096267707628 -0.00041073340428070785 -0.0012619202459952573 0.0010733541316584935 0 -0.0098426486562725492
leaf_weight=34.344577558338642 38.717156641185284 729.46730067767203 623.74775926955044 30.366510711610317 15.486338347196577
leaf_count=113 200 2593 1887 101 78
internal_value=-0.00021553 4.9668e-05 -0.000141856 -0.00431777 -0.00584065
internal_weight=1472.13 1387.56 1353.22 84.57 54.2035
internal_count=4972 4593 4480 379 278
is_linear=0
shrinkage=0.03


Tree=156
num_leaves=7
num_cat=0
split_feature=2 4 0 2 0 2
split_gain=2.2657 2.38176 3.09006 2.37555 5.54361 2.92216
threshold=0.16906868666410449 1.0000000180025095e-35 -1.1146473884582517 0.11048172786831857 -2.0889695882797237 0.033399384468793876
decision_type=2 2 2 2 2 2
left_child=3 2 -2 5 -5 -1
right_child=1 -3 -4 4 -6 -7
leaf_value=0.0010944162109420949 -0.0057412850536802092 0.0015412719469861528 0.00058494779431470325 -0.0040092093538961386 0.0088821726700528767 -0.0031811760621029395
leaf_weight=894.14521389827132 155.27308452501893 97.421623606234789 83.503101795911789 23.233554590493441 71.597353585064411 147.22040022164583
leaf_count=2890 688 339 268 98 240 501
internal_value=0.000230488 -0.00181015 -0.00342284 0.000907068 0.00505309 0.000384879
internal_weight=1472.39 336.198 238.776 1136.2 94.8309 1041.37
internal_count=5024 1295 956 3729 338 3391
is_linear=0
shrinkage=0.03


Tree=157
num_leaves=6
num_cat=0
split_feature=2 0 3 7 3
split_gain=2.12721 1.84711 4.66733 4.19313 1.55412
threshold=0.48523756861686712 -2.3132040500640865 -1.2821397781372068 1.0000000180025095e-35 -1.1006312966346739
decision_type=2 2 2 2 2
left_child=1 2 -1 -3 -2
right_child=4 3 -4 -5 -6
leaf_value=-0.0018506937765610516 0.00018927833111198681 -0.0010453421836038677 0.0060751507411223593 0.0027735668406942068 -0.0065812753596539509
leaf_weight=84.583923608064651 25.352675296366215 811.60971268266439 144.94612380862236 353.70272633805871 46.455807847902179
leaf_count=295 95 2840 488 1093 215
internal_value=0.000327523 0.000647205 0.00299972 9.04173e-05 -0.00401684
internal_weight=1466.65 1394.84 229.53 1165.31 71.8085
internal_count=5026 4716 783 3933 310
is_linear=0
shrinkage=0.03


Tree=158
num_leaves=7
num_cat=0
split_feature=1 3 3 0 1 1
split_gain=4.54237 3.29898 4.60221 2.09134 6.05994 4.3595
threshold=-0.12207357212901114 -1.9326749444007871 -0.49976339936256403 -1.4729832410812376 0.12638185173273089 0.11725974828004838
decision_type=2 2 2 2 2 2
left_child=1 -1 -3 5 -5 -2
right_child=3 2 -4 4 -6 -7
leaf_value=-0.0047659889203159186 -0.0052914475069888271 0.005075645646876896 -0.00051300738045630026 0.0029034133194269342 -0.0038835444959373581 0
leaf_weight=36.344231098890305 269.117102811113 278.50168127194047 200.78097672387958 255.65585752949119 187.54794572480023 240.96821298263967
leaf_count=127 967 917 658 760 611 960
internal_value=-0.0002817 0.00189178 0.00268751 -0.00153368 0 -0.00280528
internal_weight=1468.92 515.627 479.283 953.289 443.204 510.085
internal_count=5000 1702 1575 3298 1371 1927
is_linear=0
shrinkage=0.03


Tree=159
num_leaves=7
num_cat=0
split_feature=3 1 3 3 3 2
split_gain=2.57298 3.29369 2.58511 2.53007 2.02564 1.25178
threshold=-1.9616612195968626 -0.10756680741906165 -0.76144114136695851 -0.6677471101284026 -1.1933145523071287 0.087409157305955901
decision_type=2 2 2 2 2 2
left_child=1 -1 4 -4 -2 -3
right_child=2 5 3 -5 -6 -7
leaf_value=-0.0094281111308297579 0.00052061236656015923 0.0033720426966583582 -0.00557451023455413 8.6245976973548297e-05 0.0040805496362604507 -0.002836527508115045
leaf_weight=32.439473636448383 402.9325799215585 37.478095587342978 57.53603919968009 644.60412230156362 262.55493968725204 38.792366184294224
leaf_count=117 1417 132 176 2257 845 123
internal_value=0.000354803 -0.00363105 0.000762638 -0.000436073 0.00209072 0
internal_weight=1476.34 108.71 1367.63 702.14 665.488 76.2705
internal_count=5067 372 4695 2433 2262 255
is_linear=0
shrinkage=0.03


Tree=160
num_leaves=7
num_cat=0
split_feature=2 0 0 0 3 3
split_gain=2.26035 1.8318 3.05252 2.51196 1.40194 3.60993
threshold=0.23775022476911548 -1.9881196022033689 -2.279078364372253 -0.77848497033119191 -0.25284421443939203 -1.0843374729156492
decision_type=2 2 2 2 2 2
left_child=4 2 -2 -3 5 -1
right_child=1 3 -4 -5 -6 -7
leaf_value=0 -0.0024104640951624376 -0.0055326334458715197 0.007151806227290212 0.0018052082141717999 -0.0001765617163782312 0.0039227149759321692
leaf_weight=474.46796607971191 48.787826834246516 122.92077567614615 29.004434067755938 33.194519717246294 350.54186315648258 403.76552242040634
leaf_count=1656 191 514 122 107 1212 1193
internal_value=0.000727633 -0.00177246 0.00127474 -0.0036039 0.00127236 0.00190854
internal_weight=1462.68 233.908 77.7923 156.115 1228.78 878.233
internal_count=4995 934 313 621 4061 2849
is_linear=0
shrinkage=0.03


Tree=161
num_leaves=7
num_cat=0
split_feature=3 2 4 2 3 2
split_gain=2.80495 4.06668 3.08735 1.97741 1.57296 2.224
threshold=-1.5373983383178709 0.0058212538715451964 1.0000000180025095e-35 -0.36241143941879267 -1.86292427778244 0.21187978982925418
decision_type=2 2 2 2 2 2
left_child=4 3 -3 -2 -1 -6
right_child=1 2 -4 -5 5 -7
leaf_value=0 -0.00078774849738622 -0.002726652734810446 0.0024644293576026629 0.0029447726083025598 -0.0062000288459040055 0.0009333973187242038
leaf_weight=155.32189624011517 126.19007701426744 374.2796227876097 111.00017400830984 537.99124061129987 122.09979292005301 29.319177079945803
leaf_count=535 420 1440 381 1631 501 100
internal_value=-3.4017e-05 0.000612054 -0.00136998 0.00214562 -0.00252796 -0.00452102
internal_weight=1456.2 1149.46 485.28 664.181 306.741 151.419
internal_count=5008 3872 1821 2051 1136 601
is_linear=0
shrinkage=0.03


Tree=162
num_leaves=7
num_cat=0
split_feature=2 2 7 2 3 3
split_gain=2.67022 3.28523 3.02459 4.34593 3.3417 1.55675
threshold=0.28730359673500067 0.36834727227687841 1.0000000180025095e-35 -0.41759276390075678 -1.0694714188575742 -1.2006876468658445
decision_type=2 2 2 2 2 2
left_child=2 -2 4 -4 -1 -3
right_child=1 5 3 -5 -6 -7
leaf_value=-0.0023936549638317517 -0.0072048816977982998 0.0041131082384386914 -0.0048260344597407636 0.0044892419459348215 0.001348185671016305 -0.0018732540858073079
leaf_weight=299.10434792935848 63.676616305485368 42.156401719897985 29.226010169833899 321.52496271952987 630.39484345912933 79.762706318870187
leaf_count=1148 234 147 113 968 2065 365
internal_value=0.000507821 -0.00259784 0.00103722 0.00333275 5.58477e-05 6.18318e-05
internal_weight=1465.85 185.596 1280.25 350.751 929.499 121.919
internal_count=5040 746 4294 1081 3213 512
is_linear=0
shrinkage=0.03


Tree=163
num_leaves=7
num_cat=0
split_feature=2 3 1 1 3 1
split_gain=2.5748 3.80514 3.02435 2.35262 1.92123 1.39705
threshold=0.022807541303336624 0.10432592406868936 -0.050470151007175439 0.012757210060954096 -0.2704149186611175 -0.14918653666973111
decision_type=2 2 2 2 2 2
left_child=1 2 -1 5 -5 -2
right_child=3 -3 -4 4 -6 -7
leaf_value=0.0038612124491037344 0 -0.0023304113970679069 0 -0.0011015395858594815 0.0029273219249410162 -0.0056273970504031393
leaf_weight=470.37904057651758 41.132344663143158 154.18074551783502 242.98552560061216 318.31718189269304 133.95592545345426 104.15461271628737
leaf_count=1513 147 555 754 1162 546 356
internal_value=0.000486008 0.00154203 0.00250153 -0.000950266 3.81321e-05 -0.00402243
internal_weight=1465.11 867.545 713.365 597.56 452.273 145.287
internal_count=5033 2822 2267 2211 1708 503
is_linear=0
shrinkage=0.03


Tree=164
num_leaves=7
num_cat=0
split_feature=0 3 3 3 0 1
split_gain=1.4885 8.36385 9.92239 6.25635 2.457 4.10848
threshold=-0.94339850544929493 -0.55388861894607533 -1.5965417027473447 0.25749541819095617 -1.0705710649490354 -0.030061752535402771
decision_type=2 2 2 2 2 2
left_child=4 2 -2 -3 -1 -6
right_child=1 3 -4 -5 5 -7
leaf_value=0.00014002758127011611 -0.0063363755998243152 -0.012251102005172565 0.0070269545220969796 0.00074170737184664276 -0.0012047475593126495 0.010139953319565324
leaf_weight=1107.53698316589 57.370250537991524 68.277445036917925 114.30126175656915 37.051983706653118 32.08668989688158 40.599585309624672
leaf_count=3927 195 218 337 128 102 129
internal_value=8.38828e-05 -0.00177002 0.0020529 -0.00781285 0.000591233 0.00530527
internal_weight=1457.22 277.001 171.672 105.329 1180.22 72.6863
internal_count=5036 878 532 346 4158 231
is_linear=0
shrinkage=0.03


Tree=165
num_leaves=7
num_cat=0
split_feature=0 3 3 2 0 1
split_gain=2.45533 6.2979 4.14553 3.20695 3.08925 5.64199
threshold=-1.4729832410812376 -1.1006312966346739 -1.5965417027473447 0.28730359673500067 -2.0536472797393794 0.086752913892269148
decision_type=2 2 2 2 2 2
left_child=4 2 -2 -3 -1 -6
right_child=1 3 -4 -5 5 -7
leaf_value=0.00024543809799337931 0.00024429269474847572 0 0.0082811370987342821 -0.0072273770441881125 -0.0056161207871438671 0.0015119115062411355
leaf_weight=409.52884653024375 130.79499129578471 341.71165654435754 116.17805431038141 48.147066036239266 273.86650419794023 123.52335032448173
leaf_count=1508 445 1042 361 191 974 505
internal_value=-0.000347588 0.000973142 0.00458678 -0.0012818 -0.00146081 -0.00329044
internal_weight=1443.75 636.832 246.973 389.859 806.919 397.39
internal_count=5026 2039 806 1233 2987 1479
is_linear=0
shrinkage=0.03


Tree=166
num_leaves=7
num_cat=0
split_feature=2 2 0 0 3 0
split_gain=1.42252 2.90443 2.87961 1.94925 1.07708 0.154075
threshold=-0.37809583544731135 -0.34560686349868769 -2.1234141588211055 -0.87709349393844593 1.0000000180025095e-35 -2.3698475360870357
decision_type=2 2 2 2 2 2
left_child=2 -2 5 -4 -3 -1
right_child=1 4 3 -5 -6 -7
leaf_value=0.00306228161600895 0.0069222061013210776 -0.0006767805429834338 -0.0076916485742447487 0 0.001379874695656457 0
leaf_weight=21.642636142671108 33.72288540750742 1003.264552583918 72.01428247615695 21.939088523387909 266.00683765672147 22.251065343618393
leaf_count=74 107 3378 283 66 1001 88
internal_value=-0.000224211 5.59405e-05 -0.002924 -0.00569001 -0.000184501 0.00198533
internal_weight=1440.84 1302.99 137.847 93.9534 1269.27 43.8937
internal_count=4997 4486 511 349 4379 162
is_linear=0
shrinkage=0.03


Tree=167
num_leaves=5
num_cat=0
split_feature=0 2 2 0
split_gain=2.45732 1.86479 2.896 1.00923
threshold=1.0000000180025095e-35 0.234690897166729 -0.061730606481432908 -1.531782269477844
decision_type=2 2 2 2
left_child=1 2 -1 -3
right_child=-2 3 -4 -5
leaf_value=-0.0017830485798190977 0.0054165499431691015 -0.0050033849656678812 0.0011235098141171944 -0.0003215427377566686
leaf_weight=622.06374364346266 35.156256504356861 125.75214727967978 555.07334794476628 103.919373171404
leaf_count=2096 101 557 1877 386
internal_value=-0.000662857 -0.000930629 -0.000366483 -0.00332076
internal_weight=1441.96 1406.81 1177.14 229.672
internal_count=5017 4916 3973 943
is_linear=0
shrinkage=0.03


Tree=168
num_leaves=7
num_cat=0
split_feature=2 0 0 3 1 2
split_gain=4.83974 4.91914 2.71869 5.10786 4.00792 0.185431
threshold=-0.37016989290714258 -2.1692508459091182 -0.66404196619987477 -1.4913112521171568 0.4068600088357926 -0.56476697325706471
decision_type=2 2 2 2 2 2
left_child=1 -1 4 -4 -2 -3
right_child=2 5 3 -5 -6 -7
leaf_value=0.0019702741571446043 0.0015692320607813965 -0.0016100768623160888 -0.010775026650323878 0.00011497962907702148 -0.0046122616250854733 -0.0098143781169899216
leaf_weight=41.829998210072517 1078.1155499629676 32.37866972014308 32.835429765284061 106.25291639193892 80.064411398023367 65.78433920070529
leaf_count=157 3660 122 112 330 379 248
internal_value=-6.69361e-05 -0.00502792 0.000491083 -0.00311014 0.00101994 -0.00834655
internal_weight=1437.26 139.993 1297.27 139.088 1158.18 98.163
internal_count=5008 527 4481 442 4039 370
is_linear=0
shrinkage=0.03


Tree=169
num_leaves=7
num_cat=0
split_feature=0 3 2 3 0 3
split_gain=2.09099 4.48348 3.80806 2.60379 3.86522 2.44439
threshold=-1.5695746541023252 0.27370740473270422 -0.25118048489093775 0.27370740473270422 -0.5136299431324004 -0.53325504064559925
decision_type=2 2 2 2 2 2
left_child=1 5 -3 4 -2 -1
right_child=3 2 -4 -5 -6 -7
leaf_value=-0.0016205814839951606 0.0010403821155313018 0.00066090510434398727 -0.010001825336590726 0.0046205042279420594 -0.0049296615071986851 0.0022501602902814072
leaf_weight=455.71211691945791 504.09903371334076 27.002410238608718 69.848940990865231 109.21375771984458 99.803578358143568 186.00923767499626
leaf_count=1652 1604 116 341 363 311 646
internal_value=-0.000341961 -0.00146982 -0.00691125 0.000752547 0 -0.000373838
internal_weight=1451.69 738.573 96.8514 713.116 603.903 641.721
internal_count=5033 2755 457 2278 1915 2298
is_linear=0
shrinkage=0.03


Tree=170
num_leaves=7
num_cat=0
split_feature=1 2 2 5 2 2
split_gain=1.9612 4.4404 3.50902 3.46083 2.27867 1.36877
threshold=-0.043033445253968232 -0.41759276390075678 0.058600522577762611 1.0000000180025095e-35 -0.18437944352626798 0.030839564278721813
decision_type=2 2 2 2 2 2
left_child=1 -1 4 -4 -2 -3
right_child=2 5 3 -5 -6 -7
leaf_value=-0.0038497294918014304 0.001269331038833765 0.003040268665521941 0.0020773324482219551 -0.004116213577311555 -0.0043939528515868484 -0.00034932248735792306
leaf_weight=99.928040321916342 53.389744779095054 473.74199267849326 364.40535502694547 79.644153737463057 265.12060135230422 93.349359948188066
leaf_count=376 181 1560 1286 407 857 340
internal_value=7.48857e-05 0.00128064 -0.000908901 0.000707642 -0.0032485 0.00238721
internal_weight=1429.58 667.019 762.56 444.05 318.51 567.091
internal_count=5007 2276 2731 1693 1038 1900
is_linear=0
shrinkage=0.03


Tree=171
num_leaves=7
num_cat=0
split_feature=1 4 0 0 1 0
split_gain=3.13329 2.63005 3.66324 2.2756 1.87178 1.50676
threshold=0.14339790493249896 1.0000000180025095e-35 -2.2121192216873165 -2.4942699670791622 -0.51434424519538868 -1.223723232746124
decision_type=2 2 2 2 2 2
left_child=3 2 -2 -1 -5 -3
right_child=1 5 -4 4 -6 -7
leaf_value=0.0051213214946319646 -0.01039804752448892 0.0033714107875745542 -0.0016347497641255786 -0.0041297122821175166 0.00063218197761466565 -0.002931576813428548
leaf_weight=77.120404969900846 45.981653433293104 78.278708765283227 230.04401601105928 59.290111444890499 917.09626342356205 25.605183310806751
leaf_count=252 197 293 855 209 3109 95
internal_value=-9.2776e-05 -0.00239353 -0.00390115 0.000710154 0.000205713 0.00111106
internal_weight=1433.42 379.91 276.026 1053.51 976.386 103.884
internal_count=5010 1440 1052 3570 3318 388
is_linear=0
shrinkage=0.03


Tree=172
num_leaves=7
num_cat=0
split_feature=1 0 3 0 0 0
split_gain=2.08011 1.66104 5.07607 2.33473 0.232352 0.383898
threshold=0.50382608175277721 -1.468545079231262 -1.1361725330352781 -0.93543002009391774 -1.3518377542495725 -1.9792772531509397
decision_type=2 2 2 2 2 2
left_child=1 2 -1 -3 5 -2
right_child=4 3 -4 -5 -6 -7
leaf_value=-0.0043520054558658754 -0.0030890272795905259 0.0023236694299033239 0.00051063257543388794 -0.0012261797102539199 -0.0080610936670437727 0.00029070512632121308
leaf_weight=279.56079875677824 21.77237173076719 364.73024708218873 485.58576973155141 254.0652772821486 17.897247146815062 17.975325711071491
leaf_count=1062 105 1133 1741 815 85 85
internal_value=-0.000623349 -0.000304563 -0.00125521 0.000779487 -0.00545418 -0.000970688
internal_weight=1441.59 1383.94 765.147 618.796 57.6449 39.7477
internal_count=5026 4751 2803 1948 275 190
is_linear=0
shrinkage=0.03


Tree=173
num_leaves=5
num_cat=0
split_feature=1 2 2 2
split_gain=2.77668 1.11071 2.88552 2.31581
threshold=0.61157742142677318 -0.041509464383125298 -0.056495811790227883 0.052253024652600295
decision_type=2 2 2 2
left_child=1 2 -1 -3
right_child=-2 3 -4 -5
leaf_value=0.00050194035325780157 -0.006623589867926878 -0.0030759323685194393 0.0075403337953188643 0.00055144050375776081
leaf_weight=656.18921285867691 33.336751664057374 197.66854510083795 40.703858856111765 512.01246197707951
leaf_count=2217 153 665 118 1883
internal_value=4.63677e-05 0.000337153 0.00119562 -0.000433286
internal_weight=1439.91 1406.57 696.893 709.681
internal_count=5036 4883 2335 2548
is_linear=0
shrinkage=0.03


Tree=174
num_leaves=7
num_cat=0
split_feature=3 2 2 6 2 2
split_gain=1.82918 3.2675 2.08587 1.30599 3.71073 3.57473
threshold=0.59479889273643505 -0.26215665042400355 0.1381863355636597 1.0000000180025095e-35 -0.21847996115684507 -0.2044052109122276
decision_type=2 2 2 2 2 2
left_child=3 -2 -3 5 -5 -1
right_child=1 2 -4 4 -6 -7
leaf_value=0.0037792761873817978 0.0031213654256153378 -0.0087289866785075984 0 -0.0066266748284898504 0.00027040310144914309 -0.00023809100478817453
leaf_weight=237.97565821185708 27.37990678101778 58.94422223418951 39.210207970812917 71.342644095420837 236.74405598267913 772.00886727124453
leaf_count=820 102 242 185 230 799 2674
internal_value=-0.000164534 -0.00337605 -0.00591786 0.000142382 -0.00145045 0.000705245
internal_weight=1443.61 125.534 98.1544 1318.07 308.087 1009.98
internal_count=5052 529 427 4523 1029 3494
is_linear=0
shrinkage=0.03


Tree=175
num_leaves=7
num_cat=0
split_feature=3 0 0 3 2 2
split_gain=1.66718 1.56507 3.09956 1.97799 1.5017 2.02814
threshold=0.70975050330162059 -0.66404196619987477 -1.2014395594596861 -1.4507091045379636 0.077442824840545668 -0.25118048489093775
decision_type=2 2 2 2 2 2
left_child=1 2 -1 -3 5 -2
right_child=4 3 -4 -5 -6 -7
leaf_value=-0.00042054024597917053 0 -0.0073273668311701961 0.0031517685836058101 0 0 -0.0091494584566616521
leaf_weight=949.24155783466995 24.015350952744484 36.891980275511742 257.07780209928751 102.68491334468126 35.001463491469622 37.801568239927292
leaf_count=3362 94 121 818 322 169 156
internal_value=-0.000332177 0 0.000330811 -0.00282592 -0.00377174 -0.00606885
internal_weight=1442.71 1345.9 1206.32 139.577 96.8184 61.8169
internal_count=5042 4623 4180 443 419 250
is_linear=0
shrinkage=0.03


Tree=176
num_leaves=7
num_cat=0
split_feature=2 2 1 0 0 1
split_gain=1.4191 3.02058 1.38549 5.43797 3.15155 1.27682
threshold=-0.39374075829982752 -0.52999761700630177 0.19260042160749438 -1.1503888964653013 -1.0994862914085386 -0.42348788678646082
decision_type=2 2 2 2 2 2
left_child=1 -1 4 -4 -2 -3
right_child=2 5 3 -5 -6 -7
leaf_value=0.001768786459390435 7.2067415273848173e-05 0 0.0012730470324109208 -0.0070745678262581603 0.0039034240129762971 -0.0084023222364522313
leaf_weight=51.724779982119799 758.15237996727228 20.775578141212463 213.28542125038803 77.295317970216274 256.56200500950217 44.307100160047412
leaf_count=197 2572 83 864 271 801 171
internal_value=0.000273225 -0.00256025 0.000606868 -0.00106684 0.00115551 -0.006313
internal_weight=1422.1 116.807 1305.3 290.581 1014.71 65.0827
internal_count=4959 451 4508 1135 3373 254
is_linear=0
shrinkage=0.03


Tree=177
num_leaves=7
num_cat=0
split_feature=0 1 1 1 1 1
split_gain=1.75545 3.54507 2.19592 2.51825 2.0489 1.92964
threshold=-1.4729832410812376 -0.17142634838819501 -0.45358258485794062 0.11215130239725114 0.43920786678791052 -0.60029107332229603
decision_type=2 2 2 2 2 2
left_child=2 -2 5 -4 -3 -1
right_child=1 4 3 -5 -6 -7
leaf_value=-0.00047782813696599564 0.0049061385923328945 0.00063698866404698863 -0.0024081483814282585 0.0011526807058069484 -0.0057984994810012947 0.0077180428150594518
leaf_weight=24.206005573272705 166.37187859788537 444.49958396330476 499.97167500294745 231.53369073010981 29.238881852477789 29.997484277933836
leaf_count=92 546 1385 1821 954 129 110
internal_value=0.000226352 0.00140088 -0.000667079 -0.00120056 0 0.00410708
internal_weight=1425.82 640.11 785.709 731.505 473.738 54.2035
internal_count=5037 2060 2977 2775 1514 202
is_linear=0
shrinkage=0.03


Tree=178
num_leaves=6
num_cat=0
split_feature=2 3 3 1 0
split_gain=2.7592 3.44127 1.99112 4.28157 2.30288
threshold=0.5463453233242036 -1.0694714188575742 -1.5965417027473447 0.30310586094856268 -1.9158176183700559
decision_type=2 2 2 2 2
left_child=2 -2 3 -1 -4
right_child=1 -3 4 -5 -6
leaf_value=-0.0037902788320722785 0.0011009227469727441 -0.010526232932951077 -0.001091427518277771 0.0055103603281997145 0.0016738225683864453
leaf_weight=224.82043641805649 21.149758249521255 29.924351768568158 371.9312352668494 31.628278836607933 761.09825772233307
leaf_count=858 70 152 1389 103 2521
internal_value=-0.000125983 -0.00591232 0.000125017 -0.00211051 0.000710871
internal_weight=1440.55 51.0741 1389.48 256.449 1133.03
internal_count=5093 222 4871 961 3910
is_linear=0
shrinkage=0.03


Tree=179
num_leaves=7
num_cat=0
split_feature=3 0 0 0 0 0
split_gain=2.45402 2.8041 3.84425 3.6504 2.67027 7.08956
threshold=-1.293783903121948 -2.3053303956985469 -1.9527980685234068 -2.47977602481842 -1.290405750274658 -0.97305259108543385
decision_type=2 2 2 2 2 2
left_child=4 3 -3 -2 -1 -6
right_child=1 2 -4 -5 5 -7
leaf_value=-0.0037754158712628738 0 -0.0040555380679842355 0.00092417699983816102 0.0081235072441711697 0.0073365219083690869 -0.003942533675767388
leaf_weight=267.1230045966804 76.699352897703648 153.13735449314117 696.73217384703457 74.759079247713089 67.273452837020159 94.258465684950352
leaf_count=1047 265 613 2311 276 217 307
internal_value=-0.000110771 0.000659511 0 0.00416051 -0.00199305 0.000715113
internal_weight=1429.98 1001.33 849.87 151.458 428.655 161.532
internal_count=5036 3465 2924 541 1571 524
is_linear=0
shrinkage=0.03


end of trees

feature_importances:
Column_3=285
Column_0=260
Column_2=217
Column_1=161
Column_7=39
Column_4=31
Column_5=18
Column_6=5

parameters:
[boosting: gbdt]
[objective: lambdarank]
[metric: ndcg]
[tree_learner: serial]
[device_type: cpu]
[data_sample_strategy: bagging]
[data: ]
[valid: ]
[num_iterations: 180]
[learning_rate: 0.03]
[num_leaves: 7]
[num_threads: 1]
[seed: 17]
[deterministic: 1]
[force_col_wise: 1]
[force_row_wise: 0]
[histogram_pool_size: -1]
[max_depth: 3]
[min_data_in_leaf: 80]
[min_sum_hessian_in_leaf: 0.001]
[bagging_fraction: 0.8]
[pos_bagging_fraction: 1]
[neg_bagging_fraction: 1]
[bagging_freq: 1]
[bagging_seed: 26602]
[bagging_by_query: 0]
[feature_fraction: 0.8]
[feature_fraction_bynode: 1]
[feature_fraction_seed: 18297]
[extra_trees: 0]
[extra_seed: 13015]
[early_stopping_round: 0]
[early_stopping_min_delta: 0]
[first_metric_only: 0]
[max_delta_step: 0]
[lambda_l1: 2]
[lambda_l2: 20]
[linear_lambda: 0]
[min_gain_to_split: 0]
[drop_rate: 0.1]
[max_drop: 50]
[skip_drop: 0.5]
[xgboost_dart_mode: 0]
[uniform_drop: 0]
[drop_seed: 30017]
[top_rate: 0.2]
[other_rate: 0.1]
[min_data_per_group: 100]
[max_cat_threshold: 32]
[cat_l2: 10]
[cat_smooth: 10]
[max_cat_to_onehot: 4]
[top_k: 20]
[monotone_constraints: ]
[monotone_constraints_method: basic]
[monotone_penalty: 0]
[feature_contri: ]
[forcedsplits_filename: ]
[refit_decay_rate: 0.9]
[cegb_tradeoff: 1]
[cegb_penalty_split: 0]
[cegb_penalty_feature_lazy: ]
[cegb_penalty_feature_coupled: ]
[path_smooth: 0]
[interaction_constraints: ]
[verbosity: -1]
[saved_feature_importance_type: 0]
[use_quantized_grad: 0]
[num_grad_quant_bins: 4]
[quant_train_renew_leaf: 0]
[stochastic_rounding: 1]
[linear_tree: 0]
[max_bin: 255]
[max_bin_by_feature: ]
[min_data_in_bin: 3]
[bin_construct_sample_cnt: 200000]
[data_random_seed: 94]
[is_enable_sparse: 1]
[enable_bundle: 1]
[use_missing: 1]
[zero_as_missing: 0]
[feature_pre_filter: 1]
[pre_partition: 0]
[two_round: 0]
[header: 0]
[label_column: ]
[weight_column: ]
[group_column: ]
[ignore_column: ]
[categorical_feature: ]
[forcedbins_filename: ]
[precise_float_parser: 0]
[parser_config_file: ]
[objective_seed: 20363]
[num_class: 1]
[is_unbalance: 0]
[scale_pos_weight: 1]
[sigmoid: 1]
[boost_from_average: 1]
[reg_sqrt: 0]
[alpha: 0.9]
[fair_c: 1]
[poisson_max_delta_step: 0.7]
[tweedie_variance_power: 1.5]
[lambdarank_truncation_level: 30]
[lambdarank_norm: 1]
[label_gain: 0,1,2,3]
[lambdarank_position_bias_regularization: 0]
[eval_at: 2]
[multi_error_top_k: 1]
[auc_mu_weights: ]
[num_machines: 1]
[local_listen_port: 12400]
[time_out: 120]
[machine_list_filename: ]
[machines: ]
[gpu_platform_id: -1]
[gpu_device_id: -1]
[gpu_device_id_list: ]
[gpu_use_dp: 0]
[num_gpu: 1]

end of parameters

pandas_categorical:null
