tree
version=v4
num_class=1
num_tree_per_iteration=1
label_index=0
max_feature_idx=23
objective=lambdarank
feature_names=Column_0 Column_1 Column_2 Column_3 Column_4 Column_5 Column_6 Column_7 Column_8 Column_9 Column_10 Column_11 Column_12 Column_13 Column_14 Column_15 Column_16 Column_17 Column_18 Column_19 Column_20 Column_21 Column_22 Column_23
feature_infos=[-2.8707199096679688:1.4220840930938721] [-1.4033499956130981:2.5005612373352051] [-1.2703711986541748:2.8120923042297363] [-2.4748332500457764:2.8062193393707275] [-0.66183751821517944:1.6389422416687012] [-2.6019799709320068:1.8919925689697266] [-1.1248760223388672:3.0370988845825195] [-3.5753879547119141:1.9016095399856567] [-2.1968531608581543:2.1679477691650391] [-1.0730923414230347:1.9400030374526978] [-0.21451142430305481:2.8151693344116211] [-2.9535558223724365:2.4795088768005371] [-2.4684848785400391:3.1746187210083008] [-4.3413271903991699:1.7943376302719116] [-1.2829312086105347:4.3881587982177734] [-2.6704778671264648:2.63877272605896] [-4.3478174209594727:1.5158103704452515] [-2.9773988723754883:2.9774856567382812] [-4.8661012649536133:1.0583555698394775] [-3.5699975490570068:2.0406937599182129] [0:1] [0:1] [0:1] [0:1]
tree_sizes=904 689 901 901 906 894 691 896 693 902 882 899 888 899 903 695 902 686 878 896 694 898 898 902 903 892 904 907 903 879 891 905 904 863 897 899 904 902 885 899 691 908 904 776 904 906 880 899 887 906 877 900 907 873 903 665 900 684 905 874 800 901 892 776 882 895 691 905 885 864 901 910 900 891 868 898 897 910 910 884 683 907 900 907 792 907 876 695 903 589 898 876 863 901 902 882 887 907 900 904 867 905 903 906 890 801 900 877 905 910 904 899 911 883 899 767 881 682 906 897 670 903 908 900 894 910 908 891 890 902 901 882 695 694 908 906 908 585 909 906 891 894 889 905 879 883 670 900 909 863 887 914 796 903 785 689 859 882 899 902 891 664 685 906 905 884 784 900 900 904 884 905 687 896 859 902 760 692 909 692

Tree=0
num_leaves=7
num_cat=0
split_feature=14 0 12 11 10 11
split_gain=5.35465 6.95594 4.77473 2.81463 3.62963 1.48315
threshold=0.043363161385059364 -1.6044587492942808 1.0322833061218264 0.43095575273036962 0.76243850588798534 0.91075927019119274
decision_type=2 2 2 2 2 2
left_child=1 2 -1 4 -2 -5
right_child=3 -3 -4 5 -6 -7
leaf_value=-0.0074642957042494211 0.0034701830644034547 0.0083888349470850072 0.0039338385274197574 0.004252812792546243 -0.005767994325635243 -0.0024698087415857763
leaf_weight=49.272445607930422 23.400349194183946 93.645804367959499 38.782396163791418 50.332844756543636 213.95381849631667 22.328309176489711
leaf_count=527 321 1173 430 510 2426 207
internal_value=-0.000423558 0.00330949 -0.00208995 -0.00286128 -0.00442517 0.00145228
internal_weight=491.716 181.701 88.0548 310.015 237.354 72.6612
internal_count=5594 2130 957 3464 2747 717
is_linear=0
shrinkage=0.03


Tree=1
num_leaves=5
num_cat=0
split_feature=14 11 0 5
split_gain=70.2265 47.1346 42.4728 37.1921
threshold=-0.94385063648223866 -0.39170117676258082 -1.5538208484649656 0.58791804313659679
decision_type=2 2 2 2
left_child=-1 2 -2 -3
right_child=1 3 -4 -5
leaf_value=0.024157316023812346 -0.010780231129141034 0.00098344541990331383 0.0005879211346326215 0.016224234976642767
leaf_weight=87.709625095129013 594.37290880084038 2090.8746533878148 548.35911142081022 136.30787890404463
leaf_count=86 1119 3365 830 201
internal_value=0.000300478 -0.000441612 -0.00535715 0.00207901
internal_weight=3457.62 3369.91 1142.73 2227.18
internal_count=5601 5515 1949 3566
is_linear=0
shrinkage=0.03


Tree=2
num_leaves=7
num_cat=0
split_feature=14 1 11 4 1 5
split_gain=54.2641 45.8296 44.8907 31.3879 24.5764 23.6184
threshold=0.6519359052181245 0.37454925477504736 0.42234627902507788 -0.14468472450971601 0.08531713113188745 0.30367778241634374
decision_type=2 2 2 2 2 2
left_child=1 5 3 -2 -4 -1
right_child=2 -3 4 -5 -6 -7
leaf_value=0.0032627805862807096 -0.00029673343878876919 -0.0090674865948132174 0.0098031824552345225 -0.011030411904102946 -0.0044970569812431728 0.011460263241486697
leaf_weight=1399.3756009228528 405.89635476097465 203.88243933022022 258.78092467039824 653.16786794364452 154.84259232878685 416.49054691940546
leaf_count=2097 773 297 402 1197 234 612
internal_value=0.000534764 0.0037276 -0.00379519 -0.00705398 0.00435092 0.00528002
internal_weight=3492.44 2019.75 1472.69 1059.06 413.624 1815.87
internal_count=5612 3006 2606 1970 636 2709
is_linear=0
shrinkage=0.03


Tree=3
num_leaves=7
num_cat=0
split_feature=14 2 0 18 19 13
split_gain=57.5291 46.9088 41.7386 71.8548 46.5157 35.9443
threshold=0.043363161385059364 0.062352878972888 -1.5844635367393491 -1.5364894270896909 0.7795940935611726 0.27394573390483862
decision_type=2 2 2 2 2 2
left_child=2 -2 4 -4 -1 -3
right_child=1 5 3 -5 -6 -7
leaf_value=-0.014700683137577018 0.00074806957016342512 -8.4151532682184821e-05 -0.01187985763835986 0.012605814085169248 0.0037083370875668543 -0.013790200952856962
leaf_weight=145.37089899927378 1213.2841017767787 285.21281819045544 107.09777447581291 737.05318312346935 463.88552679866552 452.82606379687786
leaf_count=268 2170 535 145 970 721 812
internal_value=0.000482737 -0.00285264 0.00497942 0.00922682 -0.000916406 -0.00871466
internal_weight=3404.73 1951.32 1453.41 844.151 609.256 738.039
internal_count=5621 3517 2104 1115 989 1347
is_linear=0
shrinkage=0.03


Tree=4
num_leaves=7
num_cat=0
split_feature=15 11 2 3 1 5
split_gain=38.6949 28.4768 35.8984 25.1113 30.6831 22.1674
threshold=-1.404078423976898 -0.18471099436283109 0.15794438868761065 0.028344309888780121 -0.053399743512272828 0.31300699710845953
decision_type=2 2 2 2 2 2
left_child=3 5 -3 4 -1 -2
right_child=1 2 -4 -5 -6 -7
leaf_value=0.0054340711991208695 -0.0030032565405348419 0.00890503816537596 -0.0026002699411641433 -0.010877958494567795 -0.0063430895371778947 0.0097167978373544298
leaf_weight=346.53984489291906 788.05795155465603 898.31963612884283 312.21653738617897 315.20958536863327 412.61956626921892 124.61332982778549
leaf_count=626 1392 1468 544 573 741 209
internal_value=0.000551177 0.00290788 0.00589484 -0.00401943 -0.000888574 -0.00103105
internal_weight=3197.58 2123.21 1210.54 1074.37 759.159 912.671
internal_count=5553 3613 2012 1940 1367 1601
is_linear=0
shrinkage=0.03


Tree=5
num_leaves=7
num_cat=0
split_feature=0 17 12 4 5 3
split_gain=35.1323 51.2741 46.9326 34.6972 32.7622 22.158
threshold=-1.4729832410812376 1.6331421732902529 2.3831300735473637 -0.20011248439550397 0.23243569582700732 -1.5538411140441892
decision_type=2 2 2 2 2 2
left_child=2 4 5 -4 -2 -1
right_child=1 -3 3 -5 -6 -7
leaf_value=-0.012786859750205227 -0.0028444582651899293 0.014829395440205461 0.022268614070579621 0.00068946611931763012 0.0080551570322856137 -0.0028311545818575454
leaf_weight=231.26867789030075 713.68883141875267 284.9396166652441 85.10065770149231 206.10558332502842 353.4609207585454 1284.8339145369828
leaf_count=427 1202 481 122 387 583 2440
internal_value=0.000324786 0.00396724 -0.00238098 0.00821429 0.000792291 -0.00453558
internal_weight=3159.4 1352.09 1807.31 291.206 1067.15 1516.1
internal_count=5642 2266 3376 509 1785 2867
is_linear=0
shrinkage=0.03


Tree=6
num_leaves=5
num_cat=0
split_feature=14 11 0 2
split_gain=30.3407 31.99 39.2003 36.537
threshold=-0.94385063648223866 -0.26816962659358973 -1.5761825442314146 -0.019897494465112683
decision_type=2 2 2 2
left_child=-1 2 -2 -3
right_child=1 3 -4 -5
leaf_value=0.017717269595525387 -0.0088873632073688813 0.0064094200106624456 0.0015960371906187959 -0.0020883712275733732
leaf_weight=66.229394882917404 662.44259386882186 904.05055204033852 580.95569202303886 868.78117663413286
leaf_count=92 1388 1579 1014 1596
internal_value=0.000157393 -0.000322586 -0.00399396 0.00223475
internal_weight=3082.46 3016.23 1243.4 1772.83
internal_count=5669 5577 2402 3175
is_linear=0
shrinkage=0.03


Tree=7
num_leaves=7
num_cat=0
split_feature=14 10 11 12 0 10
split_gain=44.7884 33.9123 34.7689 32.2727 49.7956 44.3381
threshold=0.023607517592608932 0.56947857141494762 0.42234627902507788 1.0712090134620669 -1.6094481348991392 1.053995728492737
decision_type=2 2 2 2 2 2
left_child=3 -2 -3 4 -1 -5
right_child=1 2 -4 5 -6 -7
leaf_value=-0.011102963303135323 0.015068716714756925 -0.006547388702736601 0.0034357693166333306 -0.0037268886393161389 0.0058878036504299881 0.013754285378368173
leaf_weight=232.1833393201232 66.189952194690704 1282.134245313704 391.07489217072725 164.71124991774559 382.2770029604435 445.70227620750666
leaf_count=496 141 2672 704 259 583 688
internal_value=-0.000137018 -0.00323659 -0.00416559 0.00419765 -0.000585465 0.00897348
internal_weight=2964.27 1739.4 1673.21 1224.87 614.46 610.414
internal_count=5543 3517 3376 2026 1079 947
is_linear=0
shrinkage=0.03


Tree=8
num_leaves=5
num_cat=0
split_feature=14 11 14 0
split_gain=38.4615 27.3208 36.4432 32.9175
threshold=-0.99505871534347523 -0.050840098410844796 0.10418091341853143 -1.5761825442314146
decision_type=2 2 2 2
left_child=-1 3 -3 -2
right_child=1 2 -4 -5
leaf_value=0.022936105123692315 -0.0071855703220856009 0.0083077163439885561 -0.0015973751591576225 0.0014967452851678475
leaf_weight=45.534999787807465 795.61271326243877 582.55756770819426 721.75721221417189 729.63925890624523
leaf_count=67 1773 975 1447 1333
internal_value=0.000202241 -0.000300962 0.00283997 -0.00302774
internal_weight=2875.1 2829.57 1304.31 1525.25
internal_count=5595 5528 2422 3106
is_linear=0
shrinkage=0.03


Tree=9
num_leaves=7
num_cat=0
split_feature=1 4 7 3 16 16
split_gain=28.3422 22.2472 41.7513 22.2069 12.8888 19.0242
threshold=0.19131091982126239 -0.14818672835826871 0.19399542361497882 0.67779007554054271 0.21403820812702182 0.42508159577846533
decision_type=2 2 2 2 2 2
left_child=1 3 -3 -1 -2 -6
right_child=4 2 -4 -5 5 -7
leaf_value=0.0071040585669178138 0.001202040503506589 0.0043654900866338404 -0.005969541362125976 -0.0097434385228335595 -0.019593598129086825 -0.004321561525535352
leaf_weight=748.97803463041782 174.00797487050295 710.53895242884755 656.35018520802259 57.318621233105659 84.093611627817154 377.07682685554028
leaf_count=1478 354 1337 1348 121 186 772
internal_value=7.73666e-05 0.00173318 -0.000568423 0.00562693 -0.00537618 -0.00792975
internal_weight=2808.36 2173.19 1366.89 806.297 635.178 461.17
internal_count=5596 4284 2685 1599 1312 958
is_linear=0
shrinkage=0.03


Tree=10
num_leaves=7
num_cat=0
split_feature=15 9 12 7 18 6
split_gain=30.1686 27.9919 26.4611 21.2298 17.8441 13.7674
threshold=-2.0520184040069576 0.57439658045768749 0.71639543771743786 -0.94937959313392628 -0.53565964102745045 -0.090373363345861421
decision_type=2 2 2 2 2 2
left_child=4 2 -2 -3 -1 -6
right_child=1 3 -4 -5 5 -7
leaf_value=0.0035129209106455834 -0.0013257424486588932 0 0.0049887398256278359 -0.021603156524789127 -0.0030315102898589223 -0.018843201055702419
leaf_weight=67.441662095487118 1079.4928748607635 77.645355395972729 1268.1696605756879 61.411963403224945 107.2004686370492 119.48267214000225
leaf_count=138 2163 153 2518 122 241 259
internal_value=0.000124494 0.00124283 0.00207323 -0.0108972 -0.00861675 -0.012461
internal_weight=2780.84 2486.72 2347.66 139.057 294.125 226.683
internal_count=5594 4956 4681 275 638 500
is_linear=0
shrinkage=0.03


Tree=11
num_leaves=7
num_cat=0
split_feature=4 12 10 4 5 14
split_gain=29.1909 33.9101 31.8779 22.6976 31.1371 25.5026
threshold=-0.14341691881418225 2.3938913345336919 0.66973027586936962 -0.10898847877979277 0.22678767889738086 0.6519359052181245
decision_type=2 2 2 2 2 2
left_child=1 2 -1 4 -2 -5
right_child=3 -3 -4 5 -6 -7
leaf_value=0.013735673779687327 -0.020720973542809329 0.015414187354245861 -0.0012902912048296227 0.0021152101757197675 0.0011633934042506481 -0.0055278762617674932
leaf_weight=133.74632278084755 110.55490959435701 174.14969255030155 694.28221698850393 953.0042022280395 93.530877828598022 634.43555934727192
leaf_count=253 261 333 1442 1745 185 1431
internal_value=1.7828e-05 0.00409208 0.00133271 -0.0022482 -0.0112151 -0.000932869
internal_weight=2793.7 1002.18 828.029 1791.53 204.086 1587.44
internal_count=5650 2028 1695 3622 446 3176
is_linear=0
shrinkage=0.03


Tree=12
num_leaves=7
num_cat=0
split_feature=15 6 1 5 18 5
split_gain=25.3459 25.815 21.5276 17.8347 14.741 13.6502
threshold=-1.2761207222938535 -0.29997788369655604 0.4297384917736054 0.22678767889738086 -1.800143241882324 0.27276219427585607
decision_type=2 2 2 2 2 2
left_child=1 5 4 -3 -2 -1
right_child=2 3 -4 -5 -6 -7
leaf_value=0.011922192809772686 -0.0045566630915102923 -0.0093115308085726205 -0.0084398058913045335 -0.00040330982834595663 0.0043314498248287177 -0.0033491713583146962
leaf_weight=111.47564271092415 167.62383169680834 509.62769334763288 132.91207104921341 353.90193025767803 1396.765713788569 67.814183354377747
leaf_count=217 349 1127 285 747 2748 151
internal_value=0 -0.00364038 0.00225421 -0.00582034 0.00329572 0.00608849
internal_weight=2740.12 1042.82 1697.3 863.53 1564.39 179.29
internal_count=5624 2242 3382 1874 3097 368
is_linear=0
shrinkage=0.03


Tree=13
num_leaves=7
num_cat=0
split_feature=11 3 12 8 16 5
split_gain=22.7282 16.8899 32.2554 31.5711 12.3495 16.0077
threshold=-0.36028112471103663 -1.5538411140441892 1.4142647981643679 -1.502717852592468 -0.17472433298826215 -0.28304934501647944
decision_type=2 2 2 2 2 2
left_child=4 2 -2 -3 5 -1
right_child=1 3 -4 -5 -6 -7
leaf_value=0.011880408134334691 -0.013152203203387914 0.016688901691113728 0.002937705691974689 0.0022530672496984894 -0.0049768092082550152 -0.0045812567127623688
leaf_weight=82.072110690176487 147.90026490390301 139.45111936330795 311.58587576448917 1144.5101272277534 784.7286384627223 88.161171711981297
leaf_count=172 298 267 646 2302 1735 192
internal_value=0.000280602 0.00233102 -0.00244878 0.00409888 -0.00337227 0.00345441
internal_weight=2698.41 1743.45 459.486 1283.96 954.962 170.233
internal_count=5612 3513 944 2569 2099 364
is_linear=0
shrinkage=0.03


Tree=14
num_leaves=7
num_cat=0
split_feature=0 17 11 0 5 8
split_gain=18.8841 38.5858 24.1081 23.0147 22.1173 19.5318
threshold=-1.468545079231262 1.5748206377029421 -0.31879521906375879 -1.6358428001403806 0.23243569582700732 0.31202340126037603
decision_type=2 2 2 2 2 2
left_child=2 4 -1 -4 -2 -3
right_child=1 5 3 -5 -6 -7
leaf_value=-0.0069466426489903999 -0.0035238337771980755 0.015874755521048899 0.0028552780018634614 -0.0094287874824211613 0.0061814399139989776 -0.004007370340187397
leaf_weight=582.96705737709999 602.44325305521488 219.84346539527178 778.36591026186943 145.02665605396032 299.38878861069679 40.449262291193008
leaf_count=1389 1198 431 1661 295 555 80
internal_value=-4.42374e-05 0.00277983 -0.00227013 0.000703371 -0.000172595 0.0125055
internal_weight=2668.48 1162.12 1506.36 923.393 901.832 260.293
internal_count=5609 2264 3345 1956 1753 511
is_linear=0
shrinkage=0.03


Tree=15
num_leaves=5
num_cat=0
split_feature=14 2 4 14
split_gain=28.4349 25.1624 19.1608 16.2093
threshold=-0.99505871534347523 -0.022222010418772694 -0.15332445502281186 0.023607517592608932
decision_type=2 2 2 2
left_child=-1 2 -2 -3
right_child=1 3 -4 -5
leaf_value=0.021009906476066507 0.0072873622897979082 0.00064996060642622769 -2.1411427369593174e-05 -0.0059231827054316462
leaf_weight=38.954762876033783 510.21779112517834 584.99437586963177 783.69089630618691 723.0620406344533
leaf_count=69 1069 1093 1649 1727
internal_value=0.000404839 -3.8669e-05 0.002882 -0.00297282
internal_weight=2640.92 2601.97 1293.91 1308.06
internal_count=5607 5538 2718 2820
is_linear=0
shrinkage=0.03


Tree=16
num_leaves=7
num_cat=0
split_feature=4 12 7 9 9 9
split_gain=25.1368 29.0862 24.9178 28.2609 28.0106 23.8429
threshold=-0.14818672835826871 1.9938169121742251 0.020355069078505043 0.0044339885935187348 0.065498650074005141 -0.21275144070386884
decision_type=2 2 2 2 2 2
left_child=1 -1 3 -2 -4 -3
right_child=2 5 4 -5 -6 -7
leaf_value=0.00062785962118926174 0.0087850441538534964 -0.0006590575397789184 -0.010137118251209888 -0.0025187825600404487 0.0003791165973434665 0.018092715552139618
leaf_weight=663.07835670933127 300.11180198937654 78.404688656330109 483.68410671129823 498.2251575216651 394.50026473402977 173.29127808660269
leaf_count=1452 620 159 1130 989 868 347
internal_value=0.000160581 0.00413061 -0.00199341 0.0017681 -0.00544294 0.0124121
internal_weight=2591.3 914.774 1676.52 798.337 878.184 251.696
internal_count=5565 1958 3607 1609 1998 506
is_linear=0
shrinkage=0.03


Tree=17
num_leaves=5
num_cat=0
split_feature=13 10 11 16
split_gain=25.8676 20.5125 19.8066 4.17161
threshold=1.1875138878822329 0.17604673653841021 -0.31879521906375879 0.31270191073417669
decision_type=2 2 2 2
left_child=1 -1 -3 -2
right_child=3 2 -4 -5
leaf_value=0.018415040214899505 -0.0011524167568756922 -0.0027818278299048295 0.002760839642592106 -0.015403467750607389
leaf_weight=40.43571200221777 38.557232216000557 908.84082115441561 1509.9776332899928 82.319190621376038
leaf_count=79 75 2082 3149 190
internal_value=0.000380566 0.00111044 0.000647915 -0.0120925
internal_weight=2580.13 2459.25 2418.82 120.876
internal_count=5575 5310 5231 265
is_linear=0
shrinkage=0.03


Tree=18
num_leaves=7
num_cat=0
split_feature=0 18 14 12 0 18
split_gain=22.3874 28.2361 28.9009 23.1758 19.0271 16.2744
threshold=-1.468545079231262 -1.800143241882324 0.56683138012886058 2.1688545942306523 -2.4903758764266963 -0.11978574469685553
decision_type=2 2 2 2 2 2
left_child=3 -2 -3 4 -1 -5
right_child=1 2 -4 5 -6 -7
leaf_value=0.0048637652954049279 -0.008799743207366954 0.0095504982551531184 -0.00085257408455262417 0.013096673845318407 -0.0052498479611824628 0
leaf_weight=178.74476766586304 115.81671398878098 624.07764893770218 362.615408398211 120.82678764313459 977.4157889187336 197.29576802253723
leaf_count=392 242 1158 818 259 2277 438
internal_value=0.000806101 0.0040177 0.00572673 -0.00157709 -0.00357913 0.00530283
internal_weight=2576.79 1102.51 986.693 1474.28 1156.16 318.123
internal_count=5584 2218 1976 3366 2669 697
is_linear=0
shrinkage=0.03


Tree=19
num_leaves=7
num_cat=0
split_feature=15 9 1 14 7 12
split_gain=18.6521 17.4156 16.056 15.6565 12.9788 8.95903
threshold=-2.0520184040069576 -0.0043503064662218085 -0.057437250390648835 -0.11688661202788352 -0.013292749412357805 2.4396293163299565
decision_type=2 2 2 2 2 2
left_child=2 4 5 -3 -2 -1
right_child=1 3 -4 -5 -6 -7
leaf_value=-0.0048331554996685283 0.0070723431002575063 0.0031768679120546561 -0.013905372358511855 -0.00446193920138862 0.00068267542810977896 0.0093486291593492653
leaf_weight=91.79956778883934 472.6735851764679 335.05884163826704 133.00489386916161 709.07492912560701 751.44267519563437 42.377029120922089
leaf_count=227 1013 646 323 1600 1747 89
internal_value=-3.08779e-05 0.000850383 -0.0072595 -0.00194065 0.0032722 0
internal_weight=2535.43 2268.25 267.181 1044.13 1224.12 134.177
internal_count=5645 5006 639 2246 2760 316
is_linear=0
shrinkage=0.03


Tree=20
num_leaves=5
num_cat=0
split_feature=14 4 12 4
split_gain=19.9714 17.8334 24.5737 17.1937
threshold=-0.94385063648223866 -0.14948049932718274 2.3938913345336919 -0.052796689793467515
decision_type=2 2 2 2
left_child=-1 2 -2 -3
right_child=1 3 -4 -5
leaf_value=0.016563494122381825 0.00046749052336065222 -0.0071900947079677298 0.013204533560028002 -0.00023755600840234809
leaf_weight=44.614559859037399 670.98168664425611 427.19860479608178 155.30068633705378 1200.8163222298026
leaf_count=88 1535 1040 330 2578
internal_value=8.04401e-05 -0.000326404 0.00318781 -0.00216346
internal_weight=2498.91 2454.3 826.282 1628.01
internal_count=5571 5483 1865 3618
is_linear=0
shrinkage=0.03


Tree=21
num_leaves=7
num_cat=0
split_feature=1 3 13 11 3 10
split_gain=18.7426 22.1421 25.3852 24.4783 13.2123 2.6763
threshold=0.4297384917736054 -1.6115207076072691 1.0000000180025095e-35 0.30289755761623388 -0.8926764428615569 1.6439903378486636
decision_type=2 2 2 2 2 2
left_child=1 3 -3 -1 5 -2
right_child=4 2 -4 -5 -6 -7
leaf_value=-0.012689519945338021 -0.0038971756164133701 -0.0030442121654986019 0.0045201862069892754 0.0013368445789594357 -0.014844808945726639 0.0050600952302627469
leaf_weight=184.23265840113163 36.879773817956448 531.83732597529888 1385.5909169316292 225.57711559534073 100.41866882890463 40.580143794417381
leaf_count=460 82 1211 3058 504 247 84
internal_value=0.000232696 0.00100131 0.00238131 -0.00512626 -0.00860488 0.00025519
internal_weight=2505.12 2327.24 1917.43 409.81 177.879 77.4599
internal_count=5646 5233 4269 964 413 166
is_linear=0
shrinkage=0.03


Tree=22
num_leaves=7
num_cat=0
split_feature=14 10 14 11 4 2
split_gain=20.6137 23.6082 21.1019 30.4637 29.1316 16.9175
threshold=0.071067210286855712 0.56947857141494762 -0.29810738563537592 -0.24370103329420087 -0.20823595672845838 0.020333990454673771
decision_type=2 2 2 2 2 2
left_child=2 -2 4 -4 -1 -3
right_child=1 5 3 -5 -6 -7
leaf_value=0.013498701483782839 0.013201164822866374 -0.00034621588489871922 -0.0011076490386250227 0.012199168100147796 -0.0049578598667469505 -0.0072153726049434897
leaf_weight=73.761274471879005 61.827554240822792 778.7269057109952 246.35872727632523 352.91690591722727 397.41084848716855 558.69870465248823
leaf_count=146 144 1824 521 678 842 1435
internal_value=0 -0.00237578 0.00310921 0.00677282 -0.00151436 -0.00332398
internal_weight=2469.7 1399.25 1070.45 599.276 471.172 1337.43
internal_count=5590 3403 2187 1199 988 3259
is_linear=0
shrinkage=0.03


Tree=23
num_leaves=7
num_cat=0
split_feature=10 11 5 5 6 15
split_gain=17.1377 15.4177 19.0132 16.9887 12.0271 19.8967
threshold=0.59068968892097484 0.39361160993576055 0.25940302014350897 -0.10315820202231406 -0.13019584119319913 -1.2993000745773313
decision_type=2 2 2 2 2 2
left_child=4 2 -2 -3 -1 -6
right_child=1 3 -4 -5 5 -7
leaf_value=-0.0016020525621559228 -0.0047727533240675621 0.013116211115085478 0.0021298921243038055 0.0001557530984224606 -0.0042559756969652775 0.018319356924765117
leaf_weight=72.840260788798332 1193.0170316174626 97.231407567858696 482.66296830773354 454.15911871194839 35.358089752495289 98.274029411375523
leaf_count=173 2855 188 1095 999 84 215
internal_value=-0.000491111 -0.00130273 -0.00274746 0.00292529 0.00734026 0.0121791
internal_weight=2433.54 2227.07 1675.68 551.391 206.472 133.632
internal_count=5609 5137 3950 1187 472 299
is_linear=0
shrinkage=0.03


Tree=24
num_leaves=7
num_cat=0
split_feature=2 3 14 16 3 19
split_gain=19.2892 20.8 19.4965 25.3871 24.7792 15.5553
threshold=0.023612617515027527 -1.5383042097091673 0.023607517592608932 -0.14351278543472287 -0.94446653127670277 1.274216949939728
decision_type=2 2 2 2 2 2
left_child=1 -1 4 -4 -2 -3
right_child=2 5 3 -5 -6 -7
leaf_value=-0.0048077711563792305 0.0085561641956706722 0.0059933016475733633 0.0071278321951827031 -0.0092916790701916899 -0.0048371695839225333 -0.0022775590703695229
leaf_weight=275.02518148720264 212.61308788508177 857.41478645801544 81.793544426560402 497.8777272850275 243.75180026888847 243.04402428865433
leaf_count=678 420 1869 191 1326 523 557
internal_value=-5.3803e-05 0.00223657 -0.00313618 -0.00671432 0.00137387 0.00410503
internal_weight=2411.52 1375.48 1036.04 579.671 456.365 1100.46
internal_count=5564 3104 2460 1517 943 2426
is_linear=0
shrinkage=0.03


Tree=25
num_leaves=7
num_cat=0
split_feature=0 17 12 19 17 4
split_gain=18.2136 28.9995 25.2304 18.7953 15.7841 11.2691
threshold=-1.5622841715812681 1.7027866840362551 2.3831300735473637 1.0164115428924563 1.1108548641204836 0.043381687253713615
decision_type=2 2 2 2 2 2
left_child=2 3 4 -2 -1 -4
right_child=1 -3 5 -5 -6 -7
leaf_value=-0.0014768299022087828 0.0052189395509602875 0.011864147750269328 0.010270163460294145 -0.0034531127033124052 -0.009091531072909529 -0.0039970060487353343
leaf_weight=644.63993163406849 356.7257241755724 216.08578813076019 152.92752559483051 538.09694316238165 411.15269006788731 50.338327117264271
leaf_count=1555 750 495 358 1224 1038 120
internal_value=-0.000237097 0.00251116 -0.00271023 0 -0.00461185 0.00642665
internal_weight=2369.97 1110.91 1259.06 894.823 1055.79 203.266
internal_count=5540 2469 3071 1974 2593 478
is_linear=0
shrinkage=0.03


Tree=26
num_leaves=7
num_cat=0
split_feature=6 16 9 16 9 13
split_gain=11.8106 21.9427 15.581 12.6038 11.8316 23.2893
threshold=0.050345467403531081 0.73266372084617626 0.060972373932600028 0.1867405250668526 -0.27840721607208246 -0.070391613990068422
decision_type=2 2 2 2 2 2
left_child=4 3 -3 -2 -1 -6
right_child=1 2 -4 -5 5 -7
leaf_value=-0.0031860883598991124 0.00041232757879621819 -0.0013699323290676962 0.012485474777176868 -0.0077249877183776612 -0.0036990735280907658 0.0058087364141103902
leaf_weight=282.93128205835819 241.40965755283833 140.72658117115498 112.0898152589798 463.52285722643137 288.1331220343709 885.65789188072085
leaf_count=669 559 343 247 1160 679 2034
internal_value=0.000343957 -0.00218707 0.0050181 -0.00492104 0.00205574 0.0034017
internal_weight=2414.47 957.749 252.816 704.933 1456.72 1173.79
internal_count=5691 2309 590 1719 3382 2713
is_linear=0
shrinkage=0.03


Tree=27
num_leaves=7
num_cat=0
split_feature=4 2 5 11 14 11
split_gain=16.9738 20.2848 19.5008 19.6032 16.3111 13.386
threshold=-0.14818672835826871 0.083842243999242796 -0.098424904048442827 0.45877446234226232 0.63140860199928295 0.12436723709106447
decision_type=2 2 2 2 2 2
left_child=1 -1 4 -4 -2 -3
right_child=2 5 3 -5 -6 -7
leaf_value=0.0063360639199493965 0.0067456154945452641 -0.0087131348370621635 -0.0066712390814510402 0.0023400867006675313 -0.0040230003432779379 0.0055282154937002972
leaf_weight=603.77466813474894 330.82064434140921 150.34911245107651 744.16813533753157 279.89211243763566 174.29160167649388 69.29267843067646
leaf_count=1405 728 397 1827 647 426 169
internal_value=6.33577e-05 0.00351147 -0.00177599 -0.00415318 0.00290389 -0.00388349
internal_weight=2352.59 823.416 1529.17 1024.06 505.112 219.642
internal_count=5599 1971 3628 2474 1154 566
is_linear=0
shrinkage=0.03


Tree=28
num_leaves=7
num_cat=0
split_feature=5 3 8 14 4 3
split_gain=15.1803 24.7882 25.4577 20.2127 21.4641 18.2511
threshold=0.22435454279184344 -1.5538411140441892 -0.092072270810604082 0.08412742987275125 0.34826211631298071 -0.96732217073440541
decision_type=2 2 2 2 2 2
left_child=1 -1 -3 5 -5 -2
right_child=3 2 -4 4 -6 -7
leaf_value=-0.012173920369429988 0.012396124548399111 0.0017960909176457122 -0.0076899512262688964 0.0010333992558921481 -0.018552422413736537 -0.00078852550165262709
leaf_weight=167.9926434494555 251.27074588835239 1025.1285017356277 315.58030410856009 396.11104192584753 36.883249394595623 128.94350510463119
leaf_count=452 504 2474 734 1017 96 285
internal_value=-0.000158892 -0.00195725 -0.000472879 0.0030724 -0.00124795 0.00795889
internal_weight=2321.91 1508.7 1340.71 813.209 432.994 380.214
internal_count=5562 3660 3208 1902 1113 789
is_linear=0
shrinkage=0.03


Tree=29
num_leaves=7
num_cat=0
split_feature=18 7 15 4 7 19
split_gain=13.4824 19.1546 11.9943 14.2357 12.2979 11.2719
threshold=0.62936243414878856 1.158386826515198 -2.1661370992660518 0.72999328374862682 0.35219669342041021 0.17224002629518512
decision_type=2 2 2 2 2 2
left_child=2 5 4 -4 -1 -2
right_child=1 -3 3 -5 -6 -7
leaf_value=-0.01725761957511213 -0.0051949811098964595 -0.0086512095116504616 0.00099994270869191394 -0.0092269427078421739 0 0.0094298785952407222
leaf_weight=54.600580051541328 35.946617484092712 55.952518425881863 1616.036357678473 112.12983487546444 80.323135554790497 348.91699656099081
leaf_count=140 79 142 3908 240 202 839
internal_value=0.000625504 0.00523228 -0.000476614 0.000204093 -0.0084835 0.00772655
internal_weight=2303.91 440.816 1863.09 1728.17 134.924 384.864
internal_count=5550 1060 4490 4148 342 918
is_linear=0
shrinkage=0.03


Tree=30
num_leaves=7
num_cat=0
split_feature=1 3 12 4 12 3
split_gain=13.4506 11.8167 19.3531 16.8144 9.36109 5.77057
threshold=0.37454925477504736 -1.5383042097091673 0.70790740847587597 -0.30208709836006159 1.1455361843109133 -0.8683292269706725
decision_type=2 2 2 2 2 2
left_child=1 2 -1 -3 -2 -6
right_child=4 3 -4 -5 5 -7
leaf_value=-0.015249222855468512 -0.011863844106195837 0.0089587555015890608 -6.0328321199580099e-05 0.0004269710424843606 0.0058071841200967372 -0.0068511079220333051
leaf_weight=82.364204816520214 121.4433202445507 226.62433201447129 319.48327362537384 1461.0725652202964 54.569550752639771 37.070857100188732
leaf_count=227 331 533 837 3419 128 93
internal_value=-0.000161737 0.000569017 -0.00389111 0.00169926 -0.00701903 0
internal_weight=2302.63 2089.54 401.847 1687.7 213.084 91.6404
internal_count=5568 5016 1064 3952 552 221
is_linear=0
shrinkage=0.03


Tree=31
num_leaves=7
num_cat=0
split_feature=8 10 2 3 13 16
split_gain=22.7866 16.6761 16.2398 11.0585 3.80428 6.03167
threshold=0.40958414971828466 0.59068968892097484 -0.014531627297401426 -1.2467917203903196 0.18461701273918155 0.33220876753330236
decision_type=2 2 2 2 2 2
left_child=1 3 -3 -1 -2 -6
right_child=4 2 -4 -5 5 -7
leaf_value=-0.0018875838262008933 -0.013243765242651464 0.0024690216057508016 -0.0030349325947400915 0.012450531071081253 -0.0099883236651813999 0.002019880435289053
leaf_weight=52.110193409025669 101.99171908199787 985.64188151806593 905.23427350074053 146.4921208769083 46.148294508457184 61.042681992053986
leaf_count=138 255 2300 2331 326 101 144
internal_value=-0.000216036 0.000735598 -0.000138718 0.00858546 -0.00921816 -0.00343589
internal_weight=2298.66 2089.48 1890.88 198.602 209.183 107.191
internal_count=5595 5095 4631 464 500 245
is_linear=0
shrinkage=0.03


Tree=32
num_leaves=7
num_cat=0
split_feature=15 6 18 6 16 10
split_gain=10.5063 21.2876 19.3485 15.8653 14.749 14.5119
threshold=-1.3685534596443174 -0.090373363345861421 -1.3621008992195127 0.28015497326850897 0.49276670813560491 1.4761275053024294
decision_type=2 2 2 2 2 2
left_child=1 5 -2 -3 -4 -1
right_child=2 3 4 -5 -6 -7
leaf_value=-0.0014930660021082788 -0.0062529458670446706 -0.009679564289710698 2.6126485874605717e-05 0.0025038890494556566 0.0064631654764640261 0.010635552588998821
leaf_weight=208.79391627013683 204.92651408165693 340.19183552265167 673.22937816008925 112.03215219825506 626.16088698804379 121.85788197815418
leaf_count=525 519 903 1547 288 1486 273
internal_value=0.000346364 -0.00240233 0.00182895 -0.00655601 0.00322449 0.00315736
internal_weight=2287.19 782.876 1504.32 452.224 1299.39 330.652
internal_count=5541 1989 3552 1191 3033 798
is_linear=0
shrinkage=0.03


Tree=33
num_leaves=7
num_cat=0
split_feature=2 7 7 4 16 6
split_gain=16.2063 14.3775 14.5498 11.9646 9.70185 15.0398
threshold=-0.024886962957680222 -0.84924721717834462 -1.5616360306739805 0.13959246128797534 0.52956300973892223 0.080382991582155242
decision_type=2 2 2 2 2 2
left_child=1 2 -1 -3 5 -2
right_child=4 3 -4 -5 -6 -7
leaf_value=0 0 0.0020852620470076864 0.014698848124972972 -0.0055369012167020325 -0.00035529765130334586 -0.010007811163229591
leaf_weight=104.30997142195702 227.22826518118382 697.00604657828808 118.520139798522 229.64231932908297 587.91027338057756 317.60054200142622
leaf_count=220 560 1697 253 550 1494 817
internal_value=-0.000636575 0.00182533 0.00832594 5.5882e-05 -0.00317524 -0.00599161
internal_weight=2282.22 1149.48 222.83 926.648 1132.74 544.829
internal_count=5591 2720 473 2247 2871 1377
is_linear=0
shrinkage=0.03


Tree=34
num_leaves=7
num_cat=0
split_feature=0 17 14 12 5 17
split_gain=17.2876 25.5652 15.2672 13.8967 12.1797 11.9511
threshold=-1.468545079231262 1.7027866840362551 0.043363161385059364 2.3938913345336919 -0.71529087424278248 2.3894468545913701
decision_type=2 2 2 2 2 2
left_child=3 2 -2 4 -1 -5
right_child=1 -3 -4 5 -6 -7
leaf_value=0.0097794456418324027 0.0054192311054535097 0.0130903986180113 -0.0027648488876587727 0.0085261768419695565 -0.0038576009168265341 -0.0072032348982576889
leaf_weight=41.220250710844994 353.2353675365448 178.50994502753019 428.65398889780045 164.95779612660408 1074.6399786137044 36.114515364170074
leaf_count=98 738 428 1066 411 2760 86
internal_value=0.000404624 0.00344835 0.000900608 -0.00178858 -0.0031377 0.00503354
internal_weight=2277.33 960.399 781.889 1316.93 1115.86 201.072
internal_count=5587 2232 1804 3355 2858 497
is_linear=0
shrinkage=0.03


Tree=35
num_leaves=7
num_cat=0
split_feature=4 7 4 4 1 3
split_gain=20.0252 17.7703 35.5129 16.3398 13.1603 11.3498
threshold=-0.14468472450971601 -0.43086214363574976 0.64985337853431713 0.61869344115257274 0.31063053011894232 0.2972054928541184
decision_type=2 2 2 2 2 2
left_child=4 2 -2 -3 5 -1
right_child=1 3 -4 -5 -6 -7
leaf_value=0.0068348900655399517 0.0062937446262656457 -0.0057308842081484346 -0.01478564654599584 0.0041295330161646316 -0.0070909081447883522 -0.0032029702776970683
leaf_weight=648.03096785023808 423.80325802788138 809.41142719984055 65.26805055141449 162.50652638822794 63.314097424969077 98.561428062617779
leaf_count=1600 972 2124 144 372 171 252
internal_value=0.000440109 -0.00162537 0.00289241 -0.00397169 0.0041877 0.00538248
internal_weight=2270.9 1460.99 489.071 971.918 809.906 746.592
internal_count=5635 3612 1116 2496 2023 1852
is_linear=0
shrinkage=0.03


Tree=36
num_leaves=7
num_cat=0
split_feature=12 2 3 9 8 8
split_gain=13.869 12.5914 14.1441 12.0593 12.0391 10.1521
threshold=0.67591503262519848 0.16934513300657275 -1.5314580202102659 0.57439658045768749 -0.91189283132553089 -0.92026370763778675
decision_type=2 2 2 2 2 2
left_child=1 2 -1 4 -2 -3
right_child=3 5 -4 -5 -6 -7
leaf_value=-0.011445408085038642 -0.00078091988590807968 0.00060916967544754155 0.0012649866161177459 -0.0094799932329064536 0.005376788386306482 -0.011818992665896418
leaf_weight=68.568040125072002 405.69732853770256 72.64251346886158 687.41703600436449 49.151970654726028 807.15895746834576 157.7092368081212
leaf_count=197 1042 196 1640 118 1979 425
internal_value=0.000518761 -0.00208949 -7.58059e-05 0.00260487 0.00328913 -0.00792449
internal_weight=2248.35 986.337 755.985 1262.01 1212.86 230.352
internal_count=5597 2458 1837 3139 3021 621
is_linear=0
shrinkage=0.03


Tree=37
num_leaves=7
num_cat=0
split_feature=2 11 11 10 6 12
split_gain=10.1122 10.884 18.1711 13.8389 9.26592 13.2725
threshold=0.14929969608783725 0.45877446234226232 0.97258326411247265 0.66973027586936962 0.2692518830299378 0.67591503262519848
decision_type=2 2 2 2 2 2
left_child=1 3 -3 -1 -2 -6
right_child=4 2 -4 -5 5 -7
leaf_value=0.0070961785711810936 -0.0062598389224988518 0.010408519602797095 -0.0033616640023720187 -0.0012687765616221775 -0.0060562038896644754 0.0066682390889445465
leaf_weight=191.46905145421624 341.98876278661191 235.79475640505552 109.90320397168398 1102.1947024129331 110.27489569783211 146.81309886276722
leaf_count=477 934 563 244 2750 293 375
internal_value=0.000106245 0.00135146 0.00592225 1.27946e-05 -0.00313792 0.000950522
internal_weight=2238.44 1639.36 345.698 1293.66 599.077 257.088
internal_count=5636 4034 807 3227 1602 668
is_linear=0
shrinkage=0.03


Tree=38
num_leaves=7
num_cat=0
split_feature=1 19 6 15 6 7
split_gain=9.38286 10.3539 20.0242 14.4849 6.1383 3.76095
threshold=0.4068600088357926 1.0523843765258791 0.29172803461551672 -1.2761207222938535 0.089211292564868941 0.19399542361497882
decision_type=2 2 2 2 2 2
left_child=1 3 -3 -1 -2 -6
right_child=4 2 -4 -5 5 -7
leaf_value=-0.0025462705058844136 0.0031238267823762724 -0.0025375752563909846 0.010081464229231354 0.005527840479526154 -0.013334898012257691 -0.0020443079681197111
leaf_weight=265.11128863692284 30.29131549037993 1066.41352603212 105.42397197335958 619.6759369596839 68.400112926959991 71.454921156167984
leaf_count=665 83 2719 277 1479 189 190
internal_value=0 0.000605626 -0.00120184 0.00303945 -0.00635651 -0.00891913
internal_weight=2226.77 2056.62 1171.84 884.787 170.146 139.855
internal_count=5602 5140 2996 2144 462 379
is_linear=0
shrinkage=0.03


Tree=39
num_leaves=7
num_cat=0
split_feature=0 7 5 12 4 6
split_gain=10.8454 18.8078 18.0523 16.7662 15.5006 14.7841
threshold=-1.4729832410812376 1.1822943687438967 0.24907440692186358 2.1001135110855107 0.27431166172027593 -0.36979909241199488
decision_type=2 2 2 2 2 2
left_child=1 3 5 -1 -4 -2
right_child=2 -3 4 -5 -6 -7
leaf_value=-0.0024548476563102592 0.011161844841667174 -0.011295979991482071 0.010929863759012308 0.0060717885465307658 -0.0056486614673749167 -0.002257937139890804
leaf_weight=883.72600959427655 63.933322079479694 148.08659512922168 256.23036320507526 248.19384006783366 43.899958431720734 574.17525903135538
leaf_count=2319 148 396 588 615 94 1416
internal_value=-0.000105147 -0.00191445 0.00228904 -0.000460183 0.0081161 -0.000523864
internal_weight=2218.25 1280.01 938.239 1131.92 300.13 638.109
internal_count=5576 3330 2246 2934 682 1564
is_linear=0
shrinkage=0.03


Tree=40
num_leaves=5
num_cat=0
split_feature=14 14 14 0
split_gain=12.4372 12.766 9.90667 7.77891
threshold=-0.94385063648223866 -0.61762753129005421 0.043363161385059364 -1.478472054004669
decision_type=2 2 2 2
left_child=-1 3 -3 -2
right_child=1 2 -4 -5
leaf_value=0.014185990718069945 -0.013670845339081798 0.0032470631710318264 -0.0010226375261132223 0.00012795729695656654
leaf_weight=36.667616784572601 75.671245761215687 754.27692276239395 1283.5405165459961 45.539853721857071
leaf_count=84 194 1733 3450 107
internal_value=0.000309358 -2.68211e-05 0.000544789 -0.00877778
internal_weight=2195.7 2159.03 2037.82 121.211
internal_count=5568 5484 5183 301
is_linear=0
shrinkage=0.03


Tree=41
num_leaves=7
num_cat=0
split_feature=9 16 14 0 9 17
split_gain=9.88253 17.4474 16.8717 14.6136 20.2394 13.6428
threshold=-0.0043503064662218085 -0.17472433298826215 -0.11688661202788352 -1.4729832410812376 -0.23459926247596738 1.7027866840362551
decision_type=2 2 2 2 2 2
left_child=3 -2 -3 4 -1 -5
right_child=1 2 -4 5 -6 -7
leaf_value=-0.0070158530891395255 0.0063243151358227485 0.0019927110620819905 -0.0067869027321918914 0.0027616476045719284 0.003140482304379208 0.014823803160160997
leaf_weight=272.20075347274542 160.81769414246082 272.4114872738719 564.03507676720619 409.84692173451185 420.79031938686967 98.941144660115242
leaf_count=729 380 637 1471 997 1133 256
internal_value=7.52364e-05 -0.00208161 -0.00387776 0.00191892 -0.000849581 0.00569273
internal_weight=2199.04 997.264 836.447 1201.78 692.991 508.788
internal_count=5603 2488 2108 3115 1862 1253
is_linear=0
shrinkage=0.03


Tree=42
num_leaves=7
num_cat=0
split_feature=1 4 7 4 4 0
split_gain=11.3467 13.6012 20.7271 12.2754 9.31597 9.88496
threshold=0.13697512447834018 -0.14818672835826871 0.020355069078505043 -0.23482491821050641 0.20436491817235949 -1.6413421034812925
decision_type=2 2 2 2 2 2
left_child=1 3 -3 -1 -2 -6
right_child=4 2 -4 -5 5 -7
leaf_value=0.00047410180030025748 -0.006516117529276326 0.0032847928222719818 -0.0052847641708784997 0.0092047544108576091 -0.0050169619779898084 0.0066295950032720678
leaf_weight=341.03352612629533 381.16839235648513 464.71565737575293 507.00503624230623 257.4486466050148 104.64526975899935 115.27556897699833
leaf_count=873 1080 1064 1389 640 284 273
internal_value=-0.000315098 0.0010012 -0.00114236 0.00450298 -0.00377173 0.000881464
internal_weight=2171.29 1570.2 971.721 598.482 601.089 219.921
internal_count=5603 3966 2453 1513 1637 557
is_linear=0
shrinkage=0.03


Tree=43
num_leaves=6
num_cat=0
split_feature=10 2 3 6 8
split_gain=13.8406 12.8265 13.3262 7.22744 4.75326
threshold=0.35764940083026892 -0.031846584752202027 -1.2267478704452512 0.29172803461551672 -0.52206775546073902
decision_type=2 2 2 2 2
left_child=4 2 -2 -3 -1
right_child=1 3 -4 -5 -6
leaf_value=0.015894977915779773 -0.0027992431172126592 -0.0040262375980556998 0.0043632851888193366 0.0014027744756179654 0
leaf_weight=46.413586765527725 315.98718666285276 778.59522830694914 715.03989758342505 273.67222838103771 32.937911376357079
leaf_count=104 843 2109 1718 736 85
internal_value=0.000264711 -0.000226644 0.00209955 -0.00255848 0.0112174
internal_weight=2162.65 2083.29 1031.03 1052.27 79.3515
internal_count=5595 5406 2561 2845 189
is_linear=0
shrinkage=0.03


Tree=44
num_leaves=7
num_cat=0
split_feature=8 13 5 5 6 0
split_gain=13.2452 13.6729 13.6046 11.621 10.1193 8.49862
threshold=-0.19991372525691983 1.0962663888931277 0.49857132136821752 -0.28304934501647944 -0.33872678875923151 -1.3000917434692381
decision_type=2 2 2 2 2 2
left_child=1 3 4 -1 -2 -3
right_child=2 5 -4 -5 -6 -7
leaf_value=0.0081054601614437699 0.0022678876719959664 -0.012335172334798788 0.0070696049378379221 0.00045077788534685656 -0.0078306950419131556 0.0021488773478526416
leaf_weight=193.74081160128117 90.052437484264374 89.507420621812344 60.665832966566086 1235.0106415599585 452.89570248872042 37.389577902853489
leaf_count=469 210 260 134 3255 1180 89
internal_value=-0.000721579 0.000717628 -0.00443101 0.00162775 -0.00602811 -0.00794754
internal_weight=2159.26 1555.65 603.614 1428.75 542.948 126.897
internal_count=5597 4073 1524 3724 1390 349
is_linear=0
shrinkage=0.03


Tree=45
num_leaves=7
num_cat=0
split_feature=4 1 4 3 14 0
split_gain=16.296 18.7933 17.2301 11.6562 11.2316 8.00256
threshold=-0.14173270016908643 -0.089510664343833909 -0.097318548709154115 0.59596717357635509 -0.29810738563537592 -1.3798843622207639
decision_type=2 2 2 2 2 2
left_child=1 3 -2 -1 -4 -3
right_child=2 5 4 -5 -6 -7
leaf_value=0.010365372203023525 -0.0096264573531676181 -0.003629225781976564 -0.0058259597004061562 -0.0050022718761595919 0.0012331627369124311 0.0042281222406387389
leaf_weight=324.43090169131756 188.31155666708946 270.26059099286795 236.15074353665113 33.315044440329075 942.90828761830926 172.85273765400052
leaf_count=805 574 719 576 90 2396 452
internal_value=0.000290298 0.00366134 -0.00166517 0.00858635 -0.000204245 -0.00038439
internal_weight=2168.23 800.859 1367.37 357.746 1179.06 443.113
internal_count=5612 2066 3546 895 2972 1171
is_linear=0
shrinkage=0.03


Tree=46
num_leaves=7
num_cat=0
split_feature=13 5 8 8 2 10
split_gain=12.6084 20.239 17.1635 9.75112 6.06689 4.31182
threshold=1.0319085121154787 0.58791804313659679 0.40958414971828466 -0.26437191665172571 -0.066199500113725648 1.7282853722572329
decision_type=2 2 2 2 2 2
left_child=1 2 -1 5 -3 -2
right_child=3 4 -4 -5 -6 -7
leaf_value=0.0008040738370962018 -0.012213588345612082 0.00038151377139653068 -0.0085989035131718728 0.0030581703295175112 0.016997517690125776 0
leaf_weight=1657.9878026116639 131.92114596068859 37.063878834247589 174.75343027338386 52.954081006348133 64.289268888533115 41.409432597458363
leaf_count=4307 368 84 458 134 156 116
internal_value=-0.000171252 0.000608486 -0.000143269 -0.00658763 0.0124799 -0.00985638
internal_weight=2160.38 1934.09 1832.74 226.285 101.353 173.331
internal_count=5623 5005 4765 618 240 484
is_linear=0
shrinkage=0.03


Tree=47
num_leaves=7
num_cat=0
split_feature=12 10 12 3 17 8
split_gain=12.6378 12.6935 18.1638 12.463 10.2268 9.79126
threshold=0.67591503262519848 0.8746057152748109 1.2284330129623415 -1.5314580202102659 -0.12080702185630797 0.1699396297335625
decision_type=2 2 2 2 2 2
left_child=3 2 -2 4 -1 -5
right_child=1 -3 -4 5 -6 -7
leaf_value=0.00049508237090055375 0.0092323044783802159 0.0036409434128980506 -0.0090868042684445101 0.00012888013868969094 -0.018712621104906065 -0.008605929077410715
leaf_weight=27.959145627915859 46.301763955503702 992.56879135593772 157.28012330830097 746.84107114374638 50.74493719637394 113.95716042071581
leaf_count=76 131 2532 446 1911 164 307
internal_value=0.000154867 0.00221018 -0.00419887 -0.0023909 -0.0125636 -0.00112852
internal_weight=2135.65 1196.15 203.582 939.502 78.7041 860.798
internal_count=5567 3109 577 2458 240 2218
is_linear=0
shrinkage=0.03


Tree=48
num_leaves=7
num_cat=0
split_feature=1 2 19 17 10 17
split_gain=9.67627 14.135 14.2983 13.0021 15.8887 9.46394
threshold=-0.18526773154735562 -0.45109488070011133 1.0523843765258791 1.9265183210372927 1.7852675914764407 1.1928147077560427
decision_type=2 2 2 2 2 2
left_child=1 5 -3 -2 -5 -1
right_child=3 2 -4 4 -6 -7
leaf_value=0.001035690393925037 -0.0024945869702058835 0.011691095212424675 0.00071369903522775445 0.0080146453201869715 -0.0085819961585238153 -0.013546825579722725
leaf_weight=82.929359786212444 1301.5312788560987 188.0322762876749 251.29610163718462 218.77526405826211 45.536588408052921 44.010087333619595
leaf_count=197 3411 451 655 619 120 131
internal_value=0 0.00328385 0.00584712 -0.00122674 0.00454172 -0.00476748
internal_weight=2132.11 566.268 439.328 1565.84 264.312 126.939
internal_count=5584 1434 1106 4150 739 328
is_linear=0
shrinkage=0.03


Tree=49
num_leaves=7
num_cat=0
split_feature=11 14 0 5 8 3
split_gain=12.1517 23.2607 10.4186 16.8981 10.296 8.41784
threshold=0.45877446234226232 -0.34004913270473475 -1.5982692837715147 0.3381496667861939 -0.28987850248813624 -1.1574772000312803
decision_type=2 2 2 2 2 2
left_child=2 -2 5 -4 -3 -1
right_child=1 4 3 -5 -6 -7
leaf_value=-0.0084676099183140004 -0.011371014107964554 0.0096776020338480775 -0.00098642384623349403 0.0099185362926174393 -0.00023089552503383816 -0.0016564457531651558
leaf_weight=227.2825535684824 54.816099271178246 281.28895834833384 672.50493786111474 135.60316246747971 119.24591228365898 620.09766563400626
leaf_count=660 140 707 1713 320 300 1713
internal_value=-0.00017883 0.00402412 -0.00140492 0.000966362 0.00671431 -0.00370562
internal_weight=2110.84 455.351 1655.49 808.108 400.535 847.38
internal_count=5553 1147 4406 2033 1007 2373
is_linear=0
shrinkage=0.03


Tree=50
num_leaves=7
num_cat=0
split_feature=9 0 0 17 8 13
split_gain=13.5603 13.1708 13.4226 13.3348 10.0196 16.217
threshold=0.2122864052653313 -2.5034524202346797 -1.468545079231262 1.0985732674598696 -0.49096991121768946 0.75346490740776073
decision_type=2 2 2 2 2 2
left_child=1 3 -3 -1 5 -2
right_child=4 2 -4 -5 -6 -7
leaf_value=0.017162243240878727 0.0055091233121376069 -0.0025466834348346454 0.003034049981874223 -0.0016757893488998478 -0.0087654765758901527 -0.010370227941514298
leaf_weight=63.537866570055485 144.70015791803598 836.91727988794446 688.5712313503027 42.473292745649815 251.62769339978695 69.235637500882149
leaf_count=158 370 2343 1728 121 645 191
internal_value=-0.000520739 0.000748743 0 0.0100706 -0.00494062 0
internal_weight=2097.06 1631.5 1525.49 106.011 465.563 213.936
internal_count=5556 4350 4071 279 1206 561
is_linear=0
shrinkage=0.03


Tree=51
num_leaves=7
num_cat=0
split_feature=6 15 13 8 2 17
split_gain=14.6061 19.416 14.988 9.57256 8.87119 13.5192
threshold=-0.33872678875923151 -1.3411712050437925 -0.13563665747642514 0.52610188722610485 -0.4051783680915832 1.2654103040695193
decision_type=2 2 2 2 2 2
left_child=4 2 -2 -3 5 -1
right_child=1 3 -4 -5 -6 -7
leaf_value=0.0059691452131964053 -0.013833427507986324 0.0018923619247617489 -0.0025749849483495445 -0.0074157386772296047 0.010006312554495821 -0.013119499000692911
leaf_weight=76.08247871696949 129.82585158199072 1107.4330693222582 489.2864802852273 87.597202770411968 167.07899854704738 30.852115198969841
leaf_count=181 390 2856 1362 227 438 99
internal_value=-0.000128105 -0.00114954 -0.00538874 0.00104985 0.00604852 -0.000264892
internal_weight=2088.16 1814.14 619.112 1195.03 274.014 106.935
internal_count=5553 4835 1752 3083 718 280
is_linear=0
shrinkage=0.03


Tree=52
num_leaves=7
num_cat=0
split_feature=1 9 18 20 12 10
split_gain=11.1731 11.8169 15.0616 14.0231 9.06507 17.9545
threshold=-0.042951581999659531 0.2122864052653313 0.70059940218925487 1.0000000180025095e-35 0.64634677767753612 0.98047128319740307
decision_type=2 2 2 2 2 2
left_child=1 2 -1 -3 -2 -6
right_child=4 3 -4 -5 5 -7
leaf_value=0.0014335497006305886 -0.005662375005502495 -0.010112100545914908 0.012406031548981601 0.0061689126558134265 -0.0098528272764478435 0.0022035380309694758
leaf_weight=685.64513853937387 453.34799850359559 120.03322141245008 121.3679797872901 51.096291188150644 118.6510474793613 537.68739373236895
leaf_count=1789 1277 306 301 127 371 1378
internal_value=-0.000431507 0.00185139 0.00341638 -0.00480011 -0.00249405 -0.000114173
internal_weight=2087.83 978.143 807.013 171.13 1109.69 656.338
internal_count=5549 2523 2090 433 3026 1749
is_linear=0
shrinkage=0.03


Tree=53
num_leaves=7
num_cat=0
split_feature=4 7 9 11 18 7
split_gain=14.0002 15.5654 28.445 16.4141 9.01611 24.2012
threshold=-0.14468472450971601 0.020355069078505043 -0.0019938191981054838 0.54049220681190502 -0.31744475662708277 0.43022771179676061
decision_type=2 2 2 2 2 2
left_child=4 2 -2 -3 5 -1
right_child=1 3 -4 -5 -6 -7
leaf_value=0 0.009208673371278878 -0.0069205347507069123 -0.0032888878283428634 0.00459593142561447 0.00069182548723421529 0.017682229568840628
leaf_weight=150.36611141264439 244.22372629120946 584.96833826601505 405.83940422534943 115.24965453147888 497.74631085246801 100.85496079176664
leaf_count=411 607 1666 1022 323 1342 272
internal_value=0 -0.00180437 0.00145152 -0.00486673 0.00325334 0.007682
internal_weight=2099.25 1350.28 650.063 700.218 748.967 251.221
internal_count=5643 3618 1629 1989 2025 683
is_linear=0
shrinkage=0.03


Tree=54
num_leaves=7
num_cat=0
split_feature=7 4 10 13 13 11
split_gain=11.5491 27.619 18.1729 14.5249 10.5026 0.128718
threshold=-0.4373765736818313 0.66319996118545543 1.4276609420776369 1.1875138878822329 -0.88558244705200184 0.17270596325397494
decision_type=2 2 2 2 2 2
left_child=1 2 -1 4 -2 -5
right_child=3 -3 -4 5 -6 -7
leaf_value=0.00017883812212514104 0.0076347386091740127 -0.012705764953506031 0.011097012522642755 -0.015670560951017404 -0.00090630572641317748 -0.0030655465080886169
leaf_weight=264.19250880181789 123.42580848187208 58.158240906894207 295.49208929017186 35.686158522963524 1311.953168399632 27.203768149018288
leaf_count=680 342 145 714 120 3586 74
internal_value=0.000612939 0.00401162 0.00623071 -0.000783443 -3.58245e-05 -0.0129972
internal_weight=2116.11 617.843 559.685 1498.27 1435.38 62.8899
internal_count=5661 1539 1394 4122 3928 194
is_linear=0
shrinkage=0.03


Tree=55
num_leaves=5
num_cat=0
split_feature=14 5 6 0
split_gain=12.0956 9.17688 8.33662 6.7159
threshold=-0.99505871534347523 0.62784734368324291 -0.34454686939716334 -1.9228234291076658
decision_type=2 2 2 2
left_child=-1 2 -2 -3
right_child=1 3 -4 -5
leaf_value=0.014680662880298699 0.0037876397258197587 0 -0.0017738719739009672 0.013829260103592667
leaf_weight=28.549884632229805 258.2830955684185 54.358394339680672 1692.2476845756173 47.264410831034184
leaf_count=71 678 144 4585 115
internal_value=-8.55824e-05 -0.00045968 -0.000976017 0.00748827
internal_weight=2080.7 2052.15 1950.53 101.623
internal_count=5593 5522 5263 259
is_linear=0
shrinkage=0.03


Tree=56
num_leaves=7
num_cat=0
split_feature=15 12 19 7 19 8
split_gain=10.7899 10.906 13.0668 10.4253 13.4043 9.93157
threshold=-1.3928377628326414 2.0472587347030644 1.3386097550392153 -2.7239722013473506 0.99147397279739391 -1.0848042964935301
decision_type=2 2 2 2 2 2
left_child=1 5 -3 -2 -5 -1
right_child=3 2 -4 4 -6 -7
leaf_value=0.0015194041865898007 -0.011716324190888151 0.0057406628135319385 -0.0086479471553787598 0.0053790455870360715 -0.00054497592313370398 -0.0080893878559954949
leaf_weight=110.16178109869361 31.117555528879166 189.08025317639112 56.604450359940529 574.5569671317935 769.81154613941908 351.36976044252515
leaf_count=329 77 514 161 1494 2054 993
internal_value=-4.74564e-05 -0.00303706 0.00179833 0.00146817 0.0019846 -0.00570344
internal_weight=2082.7 707.216 245.685 1375.49 1344.37 461.532
internal_count=5622 1997 675 3625 3548 1322
is_linear=0
shrinkage=0.03


Tree=57
num_leaves=5
num_cat=0
split_feature=14 14 16 6
split_gain=7.86573 9.91564 7.80644 7.04854
threshold=-0.94385063648223866 -0.61762753129005421 0.39006875455379492 -0.36979909241199488
decision_type=2 2 2 2
left_child=-1 2 -2 -3
right_child=1 3 -4 -5
leaf_value=0.010863033855251027 -0.017042014575833857 0.0048166878852661443 -0.00089004073348207861 -0.0006891747505184824
leaf_weight=35.451682724058628 36.919456727802753 217.92294849827886 72.196954622864723 1714.3736521303654
leaf_count=92 105 560 191 4679
internal_value=-0.000237971 -0.000563384 -0.00861301 0
internal_weight=2076.86 2041.41 109.116 1932.3
internal_count=5627 5535 296 5239
is_linear=0
shrinkage=0.03


Tree=58
num_leaves=7
num_cat=0
split_feature=4 7 9 16 1 5
split_gain=11.0775 12.2408 13.3034 12.7661 11.4988 10.3976
threshold=-0.13322972506284711 0.16051960736513141 -0.057222332805395119 0.90072140097618114 0.12769484519958499 0.25724436342716223
decision_type=2 2 2 2 2 2
left_child=4 3 -3 -2 5 -1
right_child=1 2 -4 -5 -6 -7
leaf_value=0.0018994338456585062 -0.00038792193198931342 -0.010735075871294809 -0.0013751527590877919 0.013632427993485843 -0.0039974164571966331 0.010940755194917957
leaf_weight=463.61801800876856 611.16585437208414 210.06971911340952 399.22200215607882 43.864457428455353 162.57996783405542 149.52622004970908
leaf_count=1231 1569 646 1127 110 490 406
internal_value=-0.000183019 -0.00193139 -0.0049362 0.000838162 0.0025681 0.00447504
internal_weight=2040.05 1264.32 609.292 655.03 775.724 613.144
internal_count=5579 3452 1773 1679 2127 1637
is_linear=0
shrinkage=0.03


Tree=59
num_leaves=7
num_cat=0
split_feature=10 14 17 14 11 6
split_gain=11.7226 11.9467 13.2591 10.5549 8.04269 6.16725
threshold=0.59068968892097484 -0.40762947499752039 0.70933133363723766 0.03268751688301564 0.31073474884033209 -0.12108163908123969
decision_type=2 2 2 2 2 2
left_child=4 2 -2 -3 5 -1
right_child=1 3 -4 -5 -6 -7
leaf_value=2.3150973243225472e-05 -0.015529669976297582 0.0034234718310728733 0 -0.0015491675212030789 -0.0037500231850627554 0.013804401828671098
leaf_weight=51.47668594866991 78.317713186144829 547.41170757263899 93.242887735366821 1167.6595444940031 32.155529774725437 93.237141110002995
leaf_count=144 208 1330 250 3333 94 251
internal_value=0 -0.000733985 -0.00784124 2.45721e-05 0.00695508 0.00986454
internal_weight=2063.5 1886.63 171.561 1715.07 176.869 144.714
internal_count=5610 5121 458 4663 489 395
is_linear=0
shrinkage=0.03


Tree=60
num_leaves=6
num_cat=0
split_feature=5 17 16 4 15
split_gain=8.75616 10.3324 7.68965 14.3105 10.8858
threshold=0.62784734368324291 -0.9817819595336913 0.19633349776268008 -0.13322972506284711 0.31553903222084051
decision_type=2 2 2 2 2
left_child=2 -2 4 -4 -1
right_child=1 -3 3 -5 -6
leaf_value=0.0041657824626821736 -0.0038505515448102054 0.013529230055208468 0.0013482167915598176 -0.0045374955232408472 -0.0068665809713397844
leaf_weight=421.28952632844448 30.681715413928032 62.412213578820229 611.83831636607647 856.13663154095411 76.416601024568081
leaf_count=1077 85 170 1678 2406 209
internal_value=-0.000465431 0.00760272 -0.000950479 -0.00205891 0.00215617
internal_weight=2058.78 93.0939 1965.68 1467.97 497.706
internal_count=5625 255 5370 4084 1286
is_linear=0
shrinkage=0.03


Tree=61
num_leaves=7
num_cat=0
split_feature=4 12 16 10 17 3
split_gain=6.93762 11.4502 14.6805 11.898 9.51482 9.37
threshold=-0.14173270016908643 2.0747828483581547 0.85179537534713756 0.75408053398132335 -2.4381588697433467 1.0917727351188662
decision_type=2 2 2 2 2 2
left_child=1 3 -3 -1 -2 -6
right_child=4 2 -4 -5 5 -7
leaf_value=0.0075928080050530417 0.0079112176953800295 0.012817751610041903 -0.0034327409065804996 -0.0025717708263090595 -0.0029547350190053568 0.0071029753795208489
leaf_weight=113.99185862392187 67.304584644734859 136.62564193457365 55.723811954259872 433.15307866036892 1163.4224948957562 67.753371484577656
leaf_count=312 157 358 142 1217 3237 184
internal_value=-0.000225021 0.00202716 0.00794751 -0.000155219 -0.00156446 -0.0022486
internal_weight=2037.97 739.494 192.349 547.145 1298.48 1231.18
internal_count=5607 2029 500 1529 3578 3421
is_linear=0
shrinkage=0.03


Tree=62
num_leaves=7
num_cat=0
split_feature=6 8 16 5 1 17
split_gain=8.27423 15.428 12.8099 11.2639 10.1291 9.81786
threshold=0.050345467403531081 -0.1279640048742294 0.73266372084617626 -0.30328543484210962 -0.3810009211301803 1.7027866840362551
decision_type=2 2 2 2 2 2
left_child=3 2 -2 4 -1 -5
right_child=1 -3 -4 5 -6 -7
leaf_value=-0.0034633688373209921 -0.0027995401076001919 -0.0091342880494876908 0.006451590964543362 -0.0012462749101586122 0.011823181071315851 0.0060555508024257333
leaf_weight=35.435553140938282 431.50313235074282 212.77950727567077 171.9685802012682 883.92308429256082 127.49293782562017 182.71926133707166
leaf_count=88 1229 599 479 2375 332 543
internal_value=-0.000241498 -0.00257312 0 0.00127474 0.00815533 3.77678e-05
internal_weight=2045.82 816.251 603.472 1229.57 162.928 1066.64
internal_count=5645 2307 1708 3338 420 2918
is_linear=0
shrinkage=0.03


Tree=63
num_leaves=6
num_cat=0
split_feature=5 8 15 18 14
split_gain=8.40939 8.60165 8.70135 8.16198 4.73038
threshold=0.62784734368324291 0.52610188722610485 -2.0520184040069576 0.52042764425277721 0.44933395087718969
decision_type=2 2 2 2 2
left_child=1 2 -1 -3 -2
right_child=4 3 -4 -5 -6
leaf_value=-0.0058254925448072937 0.012333385326911979 -0.011654476947168823 0.00067165508797657194 0.0023150211476481962 0
leaf_weight=189.14949878305197 52.69216039031744 94.825101301074028 1610.676820512861 38.016272999346256 40.011154063045979
leaf_count=548 127 260 4406 116 130
internal_value=-0.000162136 -0.000648889 -3.46992e-05 -0.00748435 0.00776761
internal_weight=2025.37 1932.67 1799.83 132.841 92.7033
internal_count=5587 5330 4954 376 257
is_linear=0
shrinkage=0.03


Tree=64
num_leaves=7
num_cat=0
split_feature=13 12 10 0 6 12
split_gain=11.8456 7.98498 12.1154 9.67069 5.91835 1.09899
threshold=1.1730029582977297 0.67591503262519848 0.66973027586936962 -1.9404410123825071 -0.20386117696762082 1.7219947576522829
decision_type=2 2 2 2 2 2
left_child=1 2 -1 -3 -2 -6
right_child=4 3 -4 -5 5 -7
leaf_value=0.0054101370650309613 0 -0.0021385992630159364 -0.0038892020093589741 0.0036422487720552052 -0.017237707959232091 -0.0025713882031929577
leaf_weight=129.25656922906637 27.258733376860619 379.54862692579627 716.86853546276689 694.91733865439892 39.511576421558857 25.681238152086735
leaf_count=356 81 1037 2009 1883 128 74
internal_value=-0.000715402 -0.00012826 -0.00230721 0.00154361 -0.010187 -0.0141245
internal_weight=2013.04 1920.59 846.125 1074.47 92.4515 65.1928
internal_count=5568 5285 2365 2920 283 202
is_linear=0
shrinkage=0.03


Tree=65
num_leaves=7
num_cat=0
split_feature=18 23 18 14 1 18
split_gain=10.0013 15.7166 13.1824 12.2286 11.5014 10.7437
threshold=-1.5364894270896909 1.0000000180025095e-35 -0.55761167407035817 -0.34004913270473475 -0.18526773154735562 -2.0930855274200435
decision_type=2 2 2 2 2 2
left_child=1 5 3 -2 -4 -1
right_child=2 -3 4 -5 -6 -7
leaf_value=0.0042750043612020273 -0.0063536402746285168 -0.01537029784147359 0.0040632841984613172 0.0092412147345438348 -0.0017148670872097834 -0.010097436935697297
leaf_weight=135.86393666267395 35.108379919081926 69.922145769000053 410.46423845738173 245.08752957731485 1084.8256195932627 46.897996187210083
leaf_count=415 97 191 1104 649 3028 144
internal_value=0.00021617 -0.00510228 0.0010549 0.0067942 -5.6445e-05 0
internal_weight=2028.17 252.684 1775.49 280.196 1495.29 182.762
internal_count=5628 750 4878 746 4132 559
is_linear=0
shrinkage=0.03


Tree=66
num_leaves=5
num_cat=0
split_feature=14 2 17 19
split_gain=12.3147 9.47673 13.5609 10.0488
threshold=-0.94385063648223866 -0.036891290917992585 1.7027866840362551 1.274216949939728
decision_type=2 2 2 2
left_child=-1 3 -3 -2
right_child=1 2 -4 -5
leaf_value=0.014786250285539293 0.0035774678249722754 -0.0041382334677078228 0.0037562476361070779 -0.0032828091617642672
leaf_weight=30.474520817399025 743.67769599333405 785.85302843898535 234.00428755581379 230.95345020666718
leaf_count=85 1948 2250 683 637
internal_value=0.000133902 -0.000204769 -0.00223175 0.00185818
internal_weight=2024.96 1994.49 1019.86 974.631
internal_count=5603 5518 2933 2585
is_linear=0
shrinkage=0.03


Tree=67
num_leaves=7
num_cat=0
split_feature=9 11 0 3 16 9
split_gain=12.0806 9.55698 17.4104 11.6188 8.79916 15.7635
threshold=-0.0043503064662218085 -0.36028112471103663 -1.2129845619201658 -0.60879230499267567 0.70642420649528515 0.12152680382132532
decision_type=2 2 2 2 2 2
left_child=1 2 -1 -3 -2 -6
right_child=4 3 -4 -5 5 -7
leaf_value=-0.0058707281029087661 -0.0041358422973878286 0.001621385691938648 0.0074516113594634463 0.0099531753019336845 -0.0067298761291948086 0.0078134793432097747
leaf_weight=253.91357846185565 656.95661317184567 545.90470189601183 108.56960768252611 208.12929702550173 86.490999389439821 155.47314028441906
leaf_count=784 1817 1531 278 551 258 416
internal_value=0.00019295 0.00228605 -0.00154261 0.00419641 -0.0023347 0.00226895
internal_weight=2015.44 1116.52 362.483 754.034 898.921 241.964
internal_count=5635 3144 1062 2082 2491 674
is_linear=0
shrinkage=0.03


Tree=68
num_leaves=7
num_cat=0
split_feature=18 16 7 8 16 16
split_gain=9.69489 15.034 23.4225 9.9054 11.0029 9.71967
threshold=0.62936243414878856 0.3053326159715653 1.3286261558532717 0.40958414971828466 0.6574268937110902 0.33220876753330236
decision_type=2 2 2 2 2 2
left_child=3 -2 -3 5 -5 -1
right_child=1 2 -4 4 -6 -7
leaf_value=0.0032719938074835509 -0.003703726519851173 0.011471206271706098 -0.011230101216869631 -0.013244155900694122 0.0025311129147114319 -0.0018963661407761848
leaf_weight=458.97591765224934 125.54944172501564 233.53846691176295 29.61545704305172 94.36253048107028 43.858598046004772 1005.4372149445117
leaf_count=1230 347 643 87 254 134 2880
internal_value=0 0.00414024 0.00809173 -0.00102944 -0.00817212 -0.000213821
internal_weight=1991.34 388.703 263.154 1602.63 138.221 1464.41
internal_count=5575 1077 730 4498 388 4110
is_linear=0
shrinkage=0.03


Tree=69
num_leaves=7
num_cat=0
split_feature=17 0 7 13 16 10
split_gain=8.01038 22.6294 10.2452 8.68935 7.20639 12.7119
threshold=1.9265183210372927 -1.5982692837715147 0.53886583447456371 -0.13563665747642514 0.77668124437332164 1.4761275053024294
decision_type=2 2 2 2 2 2
left_child=4 2 -2 -3 -1 -6
right_child=1 3 -4 -5 5 -7
leaf_value=-0.001974838778261879 0.0022442879680371619 0 -0.011312660985663719 0.015300289179286906 -0.0015741204577214239 0.0089798648337763316
leaf_weight=1278.3833429031074 103.81675390154123 36.720540016889572 61.62065301835537 117.8717777505517 235.32609724998474 147.44248794019222
leaf_count=3533 321 110 217 310 676 379
internal_value=0 0.00417863 -0.00315722 0.0118351 -0.00086988 0.00258634
internal_weight=1981.18 320.03 165.437 154.592 1661.15 382.769
internal_count=5546 958 538 420 4588 1055
is_linear=0
shrinkage=0.03


Tree=70
num_leaves=7
num_cat=0
split_feature=9 1 16 10 19 17
split_gain=9.78543 12.4566 13.2163 10.8566 9.53571 11.3951
threshold=0.2122864052653313 0.150955505669117 0.26275670528411871 1.4469888806343081 1.2719016671180727 -0.082208506762981401
decision_type=2 2 2 2 2 2
left_child=1 3 -3 -1 5 -2
right_child=4 2 -4 -5 -6 -7
leaf_value=0.0003257855051367118 -0.0065788019880770677 0.0050965170682703929 -0.0070382591688749573 0.0062276097409951561 -0.011880843503500925 0.0036843107894971123
leaf_weight=760.41866360232234 166.17719006165862 91.359015345573425 259.1396012082696 449.86343798786402 84.379920780658722 179.28048355132341
leaf_count=2200 429 258 802 1149 243 523
internal_value=2.61255e-05 0.00116605 -0.00360896 0.00263385 -0.00384746 -0.00117828
internal_weight=1990.62 1560.78 350.499 1210.28 429.838 345.458
internal_count=5604 4409 1060 3349 1195 952
is_linear=0
shrinkage=0.03


Tree=71
num_leaves=7
num_cat=0
split_feature=11 12 1 0 3 13
split_gain=9.17796 10.3605 9.81968 9.14823 8.26021 7.34353
threshold=-0.36683863401412958 -0.96529322862625111 -0.19261485338211057 -1.3238973021507261 -0.39614406228065485 -0.070391613990068422
decision_type=2 2 2 2 2 2
left_child=2 4 5 -4 -2 -1
right_child=1 -3 3 -5 -6 -7
leaf_value=-0.0047866197850983038 -0.014169910965402953 0.0021974446952898728 -0.0077760532913320086 4.0331100021513199e-06 0.0011975433518066224 0.0065147790401757916
leaf_weight=55.679496392607689 46.292017661035061 1182.2529382742941 333.96273577213287 196.12765092402697 42.273673452436924 130.43374987691641
leaf_count=167 135 3271 1043 522 116 366
internal_value=-0.000117916 0.00137673 -0.00281684 -0.00489294 -0.00741281 0.00270625
internal_weight=1987.02 1270.82 716.204 530.09 88.5657 186.113
internal_count=5620 3522 2098 1565 251 533
is_linear=0
shrinkage=0.03


Tree=72
num_leaves=7
num_cat=0
split_feature=11 11 10 2 6 17
split_gain=9.8894 11.0263 10.9534 12.4459 9.69062 9.08695
threshold=0.42234627902507788 0.97258326411247265 0.59848695993423473 -0.24845605343580243 -0.14542353898286817 1.1191695332527163
decision_type=2 2 2 2 2 2
left_child=2 5 4 -4 -1 -2
right_child=1 -3 3 -5 -6 -7
leaf_value=-0.0037312634795679139 0.0018698673820177524 -0.0036526711608447109 0.0029837148033116986 -0.0038451226279023303 0.010282892581114046 0.012536204337433774
leaf_weight=48.479887835681438 210.56780694425106 117.91180690005422 279.37568556517363 1105.9038325101137 103.77656923234463 113.78460321947932
leaf_count=135 574 316 789 3195 292 313
internal_value=-0.000347128 0.00347104 -0.00151439 -0.00240236 0.00555721 0.0062967
internal_weight=1979.8 442.264 1537.54 1385.28 152.256 324.352
internal_count=5614 1203 4411 3984 427 887
is_linear=0
shrinkage=0.03


Tree=73
num_leaves=7
num_cat=0
split_feature=11 16 12 7 7 13
split_gain=7.36685 14.6149 10.9367 6.88569 12.5377 11.8735
threshold=-0.4423124492168426 -0.43967357277870173 -0.8083946406841277 0.83140876889228832 0.50818669795990001 0.84656411409378063
decision_type=2 2 2 2 2 2
left_child=1 -1 -3 4 -2 -5
right_child=3 2 -4 5 -6 -7
leaf_value=0.0081157476988348281 0.0016555996793353098 0.0043269272585995692 -0.0063662722119066416 0.0086403472229224405 -0.00624935900553923 -0.003318114180131448
leaf_weight=74.40842667222023 830.102863535285 82.952237043529749 464.55847174674273 214.97278161346912 209.26395447552204 87.995603915303946
leaf_count=204 2299 254 1374 579 607 273
internal_value=-5.37166e-05 -0.00273114 -0.00454505 0.0011646 0 0.00499091
internal_weight=1964.25 621.919 547.511 1342.34 1039.37 302.968
internal_count=5590 1832 1628 3758 2906 852
is_linear=0
shrinkage=0.03


Tree=74
num_leaves=7
num_cat=0
split_feature=19 0 8 7 0 12
split_gain=4.53735 10.6237 9.68305 7.21936 16.9429 7.72263
threshold=1.278743624687195 -0.54366269707679737 -1.0265294313430784 1.357510030269623 -1.2761260867118833 1.6486382484436037
decision_type=2 2 2 2 2 2
left_child=3 2 -2 5 -5 -1
right_child=1 -3 -4 4 -6 -7
leaf_value=0 0.0018164142065254379 0.0090470444267578328 -0.0069380692091396672 -0.015445472186034407 0.0057527529702899247 0.0047961379621369463
leaf_weight=976.97788573801517 149.67907792702317 42.580974891781807 306.05118327960372 54.592629708349705 42.281729772686958 407.02715218067169
leaf_count=2749 451 105 898 153 111 1114
internal_value=0 -0.00244599 -0.00398116 0.000809134 -0.00627877 0.00143037
internal_weight=1979.19 498.311 455.73 1480.88 96.8744 1384.01
internal_count=5581 1454 1349 4127 264 3863
is_linear=0
shrinkage=0.03


Tree=75
num_leaves=7
num_cat=0
split_feature=1 17 8 4 4 1
split_gain=7.0886 14.2928 12.6405 8.0581 7.76474 7.315
threshold=-0.047797398641705506 1.6137925386428835 0.40958414971828466 -0.17158856242895124 0.16565304994583133 0.4068600088357926
decision_type=2 2 2 2 2 2
left_child=2 4 3 -1 -2 -3
right_child=1 5 -4 -5 -6 -7
leaf_value=0.0075899908901618327 -0.0051629542077147586 0.0069528947220298754 -0.0078864665528215507 0.0012207765991857416 0.0007687211336476383 -0.0045131622263680105
leaf_weight=288.89726612716913 528.33861853182316 219.97680402547121 72.687147818505764 516.21873916685581 279.02686750888824 41.772543512284756
leaf_count=796 1556 651 214 1442 765 126
internal_value=0.000537247 -0.00105722 0.00252634 0.00370752 -0.00307141 0.0047196
internal_weight=1946.92 1069.11 877.803 805.116 807.365 261.749
internal_count=5550 3098 2452 2238 2321 777
is_linear=0
shrinkage=0.03


Tree=76
num_leaves=7
num_cat=0
split_feature=1 15 16 4 0 7
split_gain=10.9768 8.15056 7.29175 7.19196 6.9677 5.99402
threshold=0.34812033176422125 -2.0520184040069576 0.26275670528411871 0.34826211631298071 -1.5982692837715147 0.78613176941871654
decision_type=2 2 2 2 2 2
left_child=1 5 4 -3 -2 -1
right_child=2 3 -4 -5 -6 -7
leaf_value=-0.0079503433857901016 -0.00609313998631748 0.0028985846423038148 -0.0091672421827077508 -0.0021237844985271979 0.0087896226671100204 0.0020466048275167522
leaf_weight=123.11521485447884 33.363732554018497 1249.6224663592875 148.69547903165221 291.96600139141083 37.617949537932873 63.011855728924274
leaf_count=385 107 3560 445 788 101 196
internal_value=0.000286904 0.00113842 -0.00569593 0.00189394 0.0013331 -0.00440467
internal_weight=1947.39 1727.72 219.677 1541.59 70.9817 186.127
internal_count=5582 4929 653 4348 208 581
is_linear=0
shrinkage=0.03


Tree=77
num_leaves=7
num_cat=0
split_feature=11 16 1 17 13 9
split_gain=8.21036 16.2822 9.10179 8.71661 8.55141 8.54048
threshold=-0.45217101275920862 -0.17472433298826215 0.19131091982126239 -1.7902811765670774 -0.052912320941686623 -0.47572791576385492
decision_type=2 2 2 2 2 2
left_child=1 4 5 -3 -1 -2
right_child=2 3 -4 -5 -6 -7
leaf_value=-0.0035971041669949412 -0.0085384443329030169 -0.015997554802158559 -0.0035211747846100169 -0.0036009149012828558 0.01081216004355787 0.0030358984636968522
leaf_weight=37.799645960330963 39.305315926671028 47.229179821908474 274.11708570644259 451.97740679979324 82.461281053721905 1013.1893079280853
leaf_count=113 112 127 828 1383 215 2793
internal_value=-0.000203701 -0.00302617 0.00109508 -0.00546036 0.00598824 0.00239655
internal_weight=1946.08 619.468 1326.61 499.207 120.261 1052.49
internal_count=5571 1838 3733 1510 328 2905
is_linear=0
shrinkage=0.03


Tree=78
num_leaves=7
num_cat=0
split_feature=10 12 15 10 17 10
split_gain=8.12434 15.9897 12.9863 11.3912 10.3755 8.33535
threshold=1.0473538041114809 1.6282795667648318 -2.1336852312088008 1.2097210288047793 1.0000000180025095e-35 0.59068968892097484
decision_type=2 2 2 2 2 2
left_child=4 3 -3 -2 -1 -6
right_child=1 2 -4 -5 5 -7
leaf_value=0.0047365712659259845 0.0064547346902362581 -0.0056206796110680095 0.0073521545303812238 -0.0026188794271817988 0.00066668348333529057 -0.0075826016489585861
leaf_weight=99.155878577381372 125.22072320431471 61.868294827640057 420.72783317044377 788.51238817721605 139.17497637122869 323.6128092110157
leaf_count=283 371 163 1153 2217 397 1028
internal_value=-0.00010861 0.00108739 0.00541219 -0.00119952 -0.00311881 -0.00505265
internal_weight=1958.27 1396.33 482.596 913.733 561.944 462.788
internal_count=5612 3904 1316 2588 1708 1425
is_linear=0
shrinkage=0.03


Tree=79
num_leaves=7
num_cat=0
split_feature=1 4 3 19 5 18
split_gain=7.91774 11.8622 11.623 10.8212 9.10336 4.94703
threshold=0.19476024061441424 0.34826211631298071 -1.5538411140441892 0.77382245659828197 -0.10315820202231406 -0.4622610062360763
decision_type=2 2 2 2 2 2
left_child=1 2 -1 -2 -3 -5
right_child=3 4 -4 5 -6 -7
leaf_value=-0.0033577851066515811 0.0031851110597223057 0 0.0034346282675791449 -0.00041013206835206236 -0.010675647018280178 -0.009181603298163199
leaf_weight=268.42389695718884 115.84768576174974 167.90372714027762 970.14516424760222 99.167803227901459 110.89557481557131 214.06910594180226
leaf_count=819 339 455 2714 307 305 667
internal_value=-0.000412188 0.000582011 0.00188493 -0.00393092 -0.00474415 -0.00677597
internal_weight=1946.45 1517.37 1238.57 429.085 278.799 313.237
internal_count=5606 4293 3533 1313 760 974
is_linear=0
shrinkage=0.03


Tree=80
num_leaves=5
num_cat=0
split_feature=14 14 14 16
split_gain=9.36251 9.86937 8.27728 3.86085
threshold=-0.94385063648223866 -0.61762753129005421 0.043363161385059364 0.39322744309902197
decision_type=2 2 2 2
left_child=-1 3 -3 -2
right_child=1 2 -4 -5
leaf_value=0.012428894273382075 -0.014894764741613435 0.0028730503002570907 -0.0012770738675143712 -0.001835617489836713
leaf_weight=33.263426393270493 35.029423199594021 654.37553132325411 1175.3739070594311 63.211813196539879
leaf_count=97 107 1742 3539 178
internal_value=0 -0.000319027 0.00018972 -0.00873126
internal_weight=1961.25 1927.99 1829.75 98.2412
internal_count=5663 5566 5281 285
is_linear=0
shrinkage=0.03


Tree=81
num_leaves=7
num_cat=0
split_feature=11 14 11 13 7 19
split_gain=6.03071 12.3526 8.42265 6.54515 7.78448 6.27244
threshold=0.44362758100032812 -0.33345799148082728 0.97258326411247265 1.0962663888931277 -0.056006006896495812 1.6545274257659914
decision_type=2 2 2 2 2 2
left_child=3 -2 -3 5 -5 -1
right_child=1 2 -4 4 -6 -7
leaf_value=-0.0013472634612903373 -0.0087005627953280693 0.0072262913039941304 -0.0020256017912356154 0.00082064497202525221 -0.013756957290184287 0.0083617959074120361
leaf_weight=1369.9211879558861 54.482658661901951 269.30019288137555 104.34973087161779 39.827353969216347 60.967022936791182 41.498752906918526
leaf_count=3972 163 735 266 115 208 130
internal_value=-0.0006287 0.00238912 0.00451844 -0.00154229 -0.00831796 -0.000907036
internal_weight=1940.35 428.133 373.65 1512.21 100.794 1411.42
internal_count=5589 1164 1001 4425 323 4102
is_linear=0
shrinkage=0.03


Tree=82
num_leaves=7
num_cat=0
split_feature=7 18 7 17 5 13
split_gain=7.61992 12.1364 11.7744 9.38522 7.40042 3.95644
threshold=-1.686782121658325 0.43432116508483892 -0.82488343119621266 -0.9817819595336913 0.62784734368324291 0.30742219090461737
decision_type=2 2 2 2 2 2
left_child=1 5 3 -2 -4 -1
right_child=2 -3 4 -5 -6 -7
leaf_value=-0.00031615483635890978 -0.0039133453913801535 0.0031225708033637634 -0.00051221243461083035 0.0097733131765254683 0.0089328777898953979 -0.016171506520695642
leaf_weight=28.451605513691902 38.852742597460747 60.87739485129714 1521.1276675648987 185.0952665284276 58.406753152608871 53.756654269993305
leaf_count=77 102 168 4472 488 174 150
internal_value=0.000309999 -0.00585906 0.000891241 0.0070267 -1.8122e-05 -0.0124068
internal_weight=1946.57 143.086 1803.48 223.948 1579.53 82.2083
internal_count=5631 395 5236 590 4646 227
is_linear=0
shrinkage=0.03


Tree=83
num_leaves=7
num_cat=0
split_feature=1 14 11 8 5 3
split_gain=9.35696 10.3022 11.0625 10.0736 17.3814 17.0431
threshold=-0.042951581999659531 0.03268751688301564 -0.068907875567674623 -0.28987850248813624 0.082021933048963561 -1.6307436823844907
decision_type=2 2 2 2 2 2
left_child=3 2 -2 5 -5 -1
right_child=1 -3 -4 4 -6 -7
leaf_value=-0.0054646906419461789 -0.0024195838968935368 -0.0040059496613293888 0.0065966094654316583 -0.0090683956561109069 0.0049577523596996218 0.0069953219547012491
leaf_weight=99.852892141789198 230.44258534163237 596.12205139920115 212.46951760351658 134.65081112086773 140.35132850706577 518.5852896720171
leaf_count=320 639 1880 566 374 392 1448
internal_value=0.000432557 -0.00145473 0.0018741 0.00267688 -0.00185576 0.00478138
internal_weight=1932.47 1039.03 442.912 893.44 275.002 618.438
internal_count=5619 3085 1205 2534 766 1768
is_linear=0
shrinkage=0.03


Tree=84
num_leaves=6
num_cat=0
split_feature=13 7 5 13 13
split_gain=8.90527 7.37885 6.87075 6.97402 4.08065
threshold=1.2161943912506106 -0.056006006896495812 0.58791804313659679 0.22545099258422854 0.36949120461940771
decision_type=2 2 2 2 2
left_child=2 -2 3 -1 -4
right_child=1 -3 4 -5 -6
leaf_value=-0.00227280561430816 0.00035177517004780805 -0.015878863908399043 0.014358456910499924 0.0015367590583632402 0.0013403868351406865
leaf_weight=689.18268064409494 31.806892156600952 36.118071213364601 29.483039334416389 1086.7338777109981 68.823233000934124
leaf_count=2015 89 124 77 3147 194
internal_value=5.38388e-05 -0.00924501 0.000516574 1.61193e-05 0.00751911
internal_weight=1942.15 67.925 1874.22 1775.92 98.3063
internal_count=5646 213 5433 5162 271
is_linear=0
shrinkage=0.03


Tree=85
num_leaves=7
num_cat=0
split_feature=6 0 9 7 18 5
split_gain=8.49358 10.3163 11.0577 8.77098 12.6794 8.90388
threshold=0.050345467403531081 -1.5844635367393491 -0.088212758302688585 0.23956786841154101 -0.59214326739311207 0.034609651193022735
decision_type=2 2 2 2 2 2
left_child=3 -2 -3 5 -5 -1
right_child=1 2 -4 4 -6 -7
leaf_value=-0.00011282962471475712 -0.0060574622351900666 0.0087490993654652013 -0.0021638334450229842 0.0056379125512734688 -0.0040516035112370102 0.0069748147506316031
leaf_weight=260.65751702338457 380.39782168716192 93.878372374922037 284.79937184602022 147.50082008168101 406.28964835777879 332.3533696718514
leaf_count=705 1226 264 809 439 1214 925
internal_value=-0.000231305 -0.00268087 0.00069429 0.00135681 -0.0012597 0.00385953
internal_weight=1905.88 759.076 378.678 1146.8 553.79 593.011
internal_count=5582 2299 1073 3283 1653 1630
is_linear=0
shrinkage=0.03


Tree=86
num_leaves=7
num_cat=0
split_feature=4 17 2 3 11 13
split_gain=7.87539 10.359 9.44816 8.0034 6.17106 5.83645
threshold=-0.14468472450971601 2.0805226564407353 -0.087182093411684022 1.0419203639030459 -1.0924401283264158 0.7276669740676881
decision_type=2 2 2 2 2 2
left_child=1 2 -1 4 -2 -3
right_child=3 5 -4 -5 -6 -7
leaf_value=0.0047658398015189077 -0.0082383174539550023 0.01611465682377624 -0.0024616509747790757 0.0067099158454372821 -0.0011231950656131686 0
leaf_weight=297.52870432287455 110.05671505630016 53.28826630115509 305.59464344382286 81.817023634910583 1037.2502230107784 30.063442766666412
leaf_count=804 321 170 938 231 3077 105
internal_value=0.000139166 0.00269667 0.00104601 -0.00126149 -0.00198658 0.0115464
internal_weight=1915.6 686.475 603.123 1229.12 1147.31 83.3517
internal_count=5646 2017 1742 3629 3398 275
is_linear=0
shrinkage=0.03


Tree=87
num_leaves=5
num_cat=0
split_feature=14 14 5 6
split_gain=6.05859 10.2773 6.67887 4.63606
threshold=-0.94385063648223866 -0.50490018725395192 0.029193821363151077 -0.49993711709976191
decision_type=2 2 2 2
left_child=-1 2 -2 -3
right_child=1 3 -4 -5
leaf_value=0.0095974548124834538 -0.011445929565390277 0.0061469995258843068 0.00093724398491141809 -0.00022094025850479925
leaf_weight=34.795515455305576 99.411215782165527 89.197491399943829 41.629876725375652 1636.1613766103983
leaf_count=100 285 246 125 4827
internal_value=-0.000186232 -0.000500258 -0.00775585 0.000140558
internal_weight=1901.2 1866.4 141.041 1725.36
internal_count=5583 5483 410 5073
is_linear=0
shrinkage=0.03


Tree=88
num_leaves=7
num_cat=0
split_feature=15 6 6 8 13 13
split_gain=12.6439 17.4014 10.8492 10.5645 12.3361 9.7313
threshold=-1.3411712050437925 -0.093011170625686632 0.34363782405853277 -0.1279640048742294 -0.69164991378784169 -0.24409530311822888
decision_type=2 2 2 2 2 2
left_child=1 5 -3 4 -2 -1
right_child=3 2 -4 -5 -6 -7
leaf_value=-0.0081206371544540034 0.012212606742811428 -0.0098077500744319073 0.0020772484601042046 -0.0033287624742997027 0.0015159182938301718 0.0044651937179552544
leaf_weight=48.947501491755247 95.656240381300449 332.44800205528736 68.521987956017256 300.4899090602994 810.36347610503435 236.65685911104083
leaf_count=149 281 1086 211 858 2347 685
internal_value=-0.000503021 -0.00371753 -0.00763199 0.0013081 0.00294943 0.00172159
internal_weight=1893.08 686.574 400.97 1206.51 906.02 285.604
internal_count=5617 2131 1297 3486 2628 834
is_linear=0
shrinkage=0.03


Tree=89
num_leaves=4
num_cat=0
split_feature=14 14 15
split_gain=5.32858 6.8937 5.30511
threshold=-0.86565929651260365 -0.68235570192337025 -2.0520184040069576
decision_type=2 2 2
left_child=-1 -2 -3
right_child=1 2 -4
leaf_value=0.0078133443783278689 -0.0097006151235945713 -0.0046260253683560138 0.00045478824090411661
leaf_weight=51.945324242115021 50.522066101431847 188.19829794019461 1597.9009090214968
leaf_count=154 159 605 4678
internal_value=-0.000151581 -0.000490911 -9.26462e-05
internal_weight=1888.57 1836.62 1786.1
internal_count=5596 5442 5283
is_linear=0
shrinkage=0.03


Tree=90
num_leaves=7
num_cat=0
split_feature=18 7 9 6 0 16
split_gain=6.65124 10.086 9.21616 12.4717 9.57093 6.82193
threshold=-1.1725745201110838 0.75786748528480541 0.37874303758144384 0.15123505145311358 -1.4729832410812376 0.75832775235176098
decision_type=2 2 2 2 2 2
left_child=1 5 4 -4 -2 -1
right_child=2 -3 3 -5 -6 -7
leaf_value=-0.0094975436251685669 -0.00067830899424172972 0.0038366843861232366 0.0020182074748543448 -0.011440117197236043 0.0042784504455701845 0.0025074970086732548
leaf_weight=192.99115777388215 792.50322468951344 79.98111954703927 98.916535913944244 107.05785542726517 580.51835625246167 35.118594456464052
leaf_count=570 2450 247 261 313 1633 117
internal_value=-0.000302286 -0.00420947 0.000465668 -0.00510482 0.00140569 -0.00735434
internal_weight=1887.09 308.091 1579 205.974 1373.02 228.11
internal_count=5591 934 4657 574 4083 687
is_linear=0
shrinkage=0.03


Tree=91
num_leaves=7
num_cat=0
split_feature=13 16 16 11 7 19
split_gain=5.88421 6.25561 11.2185 7.53919 4.36534 3.45984
threshold=1.0962663888931277 -0.81285738945007313 -1.6766668558120725 -0.45217101275920862 -0.056006006896495812 1.1291376948356631
decision_type=2 2 2 2 2 2
left_child=1 2 -1 -3 -2 -6
right_child=4 3 -4 -5 5 -7
leaf_value=-0.0041505507371559823 0.00020959545547939536 -0.0029897653493767247 0.014473180246982914 0.0013131518494312524 0 -0.012410577152062811
leaf_weight=30.051873601973057 52.751690924167633 507.68003183230758 52.585387475788593 1179.5701025053859 23.688057191669941 57.882332384586334
leaf_count=93 159 1569 134 3393 81 199
internal_value=-1.77618e-05 0.000435992 0.00762685 0 -0.00566707 -0.00935118
internal_weight=1904.21 1769.89 82.6373 1687.25 134.322 81.5704
internal_count=5628 5189 227 4962 439 280
is_linear=0
shrinkage=0.03


Tree=92
num_leaves=7
num_cat=0
split_feature=1 19 8 5 14 12
split_gain=12.0126 5.38801 13.0685 9.09903 4.06899 4.20834
threshold=0.37454925477504736 1.0523843765258791 -0.28144523501396174 -0.15678818523883817 2.0797412395477299 1.6282795667648318
decision_type=2 2 2 2 2 2
left_child=1 2 -1 -3 5 -2
right_child=4 3 -4 -5 -6 -7
leaf_value=0.0059046952110087848 -0.011809236810693676 -0.0088480655185940952 -0.0021383193310871404 0.00048530306451683439 0 0
leaf_weight=462.83027757704258 99.135126851499081 83.897796414792538 264.54513057693839 910.33582983911037 51.312407601624727 34.808258630335331
leaf_count=1306 314 256 802 2716 174 97
internal_value=0.000146963 0.000984559 0.00292024 -0.000402077 -0.0066821 -0.00912808
internal_weight=1906.86 1721.61 727.375 994.234 185.256 133.943
internal_count=5665 5080 2108 2972 585 411
is_linear=0
shrinkage=0.03


Tree=93
num_leaves=7
num_cat=0
split_feature=6 3 16 14 1 6
split_gain=5.37319 11.5099 11.1946 8.28478 8.80382 7.84905
threshold=-0.22226677834987638 -1.1123756170272825 0.12481497228145601 2.1574797630310063 0.34812033176422125 0.16417749971151355
decision_type=2 2 2 2 2 2
left_child=1 -1 -3 4 -2 -5
right_child=3 2 -4 5 -6 -7
leaf_value=-0.002857374219766274 0.0020379532250651392 -0.0016540246305616611 0.010473876921718767 -0.0073483208628069493 -0.0053151438947641426 0.0014377340930833223
leaf_weight=146.58177636191249 971.42669083550572 81.101541996002197 199.34465849399567 227.72267463803291 149.53316189348698 120.2593814060092
leaf_count=468 2787 220 546 749 447 407
internal_value=0.000540132 0.00343195 0.0068903 -0.000295043 0.000928506 -0.00423578
internal_weight=1895.97 427.028 280.446 1468.94 1120.96 347.982
internal_count=5624 1234 766 4390 3234 1156
is_linear=0
shrinkage=0.03


Tree=94
num_leaves=7
num_cat=0
split_feature=18 10 14 15 15 2
split_gain=5.59461 12.5618 8.73384 6.3602 7.25489 7.0632
threshold=-1.2897269129753111 1.3513758182525637 0.061718950048089034 -2.0520184040069576 -2.3590332269668575 0.57694977521896373
decision_type=2 2 2 2 2 2
left_child=1 2 -1 4 -2 -5
right_child=3 -3 -4 5 -6 -7
leaf_value=-0.0041177656950809605 0.0055988321086003091 -0.0090070443276147449 0.0092871880743748362 0.0020015475942854652 -0.0072552263589806855 -0.0074200926565498228
leaf_weight=63.645439572632313 30.836691811680794 155.80686082318425 67.443235043436289 1348.1624031364918 140.52413918077946 53.870433509349823
leaf_count=195 101 467 218 3944 464 176
internal_value=3.96073e-05 -0.00363587 0.00269821 0.00078468 -0.00428517 0.00149808
internal_weight=1860.29 286.896 131.089 1573.39 171.361 1402.03
internal_count=5565 880 413 4685 565 4120
is_linear=0
shrinkage=0.03


Tree=95
num_leaves=7
num_cat=0
split_feature=18 7 17 1 17 17
split_gain=5.48984 10.4898 8.70884 9.96712 9.59056 6.13603
threshold=0.70059940218925487 0.74567347764968883 1.9106587767601015 -0.31428909301757807 1.1742519140243532 -0.035609610378742211
decision_type=2 2 2 2 2 2
left_child=2 5 4 -4 -1 -2
right_child=1 -3 3 -5 -6 -7
leaf_value=6.452338111824722e-06 0 -0.0035898400312768613 -0.0068216274767476078 0.0067181896096667358 -0.0059532118560776635 0.011704964905435315
leaf_weight=1026.0899265483022 64.129310809075832 82.443867482244968 38.980489432811737 241.45529810711741 290.60356741771102 116.79274744167924
leaf_count=3000 184 242 129 748 902 337
internal_value=0.000379575 0.00424174 -0.000264775 0.00430762 -0.00133339 0.00811122
internal_weight=1860.5 263.366 1597.13 280.436 1316.69 180.922
internal_count=5542 763 4779 877 3902 521
is_linear=0
shrinkage=0.03


Tree=96
num_leaves=7
num_cat=0
split_feature=9 5 7 6 7 5
split_gain=7.47788 14.0714 15.8762 12.6578 10.2009 14.3062
threshold=-0.0043503064662218085 -0.098424904048442827 0.78613176941871654 0.15458641201257708 0.35219669342041021 0.43249073624610906
decision_type=2 2 2 2 2 2
left_child=4 3 -3 -2 -1 -6
right_child=1 2 -4 -5 5 -7
leaf_value=0.0041054242636563267 0.0067771602939899712 -0.0089495084076515914 0.001478057538986984 -0.0048387952819132383 0 -0.015419895087961837
leaf_weight=540.29902796074748 200.86984898895025 352.51937636360526 181.46418065577745 113.35451621562243 440.56112848967314 40.574098363518715
leaf_count=1593 535 1047 541 364 1397 114
internal_value=-0.000369966 -0.00244699 -0.00537216 0.00236845 0.00131107 -0.00174578
internal_weight=1869.64 848.208 533.984 314.224 1021.43 481.135
internal_count=5591 2487 1588 899 3104 1511
is_linear=0
shrinkage=0.03


Tree=97
num_leaves=7
num_cat=0
split_feature=11 14 11 4 7 16
split_gain=5.38815 8.90781 7.25265 7.24478 11.0025 10.3507
threshold=0.45877446234226232 -0.33345799148082728 0.97258326411247265 -0.14948049932718274 -0.30468486249446863 -0.41377955675125117
decision_type=2 2 2 2 2 2
left_child=3 -2 -3 4 -1 -5
right_child=1 2 -4 5 -6 -7
leaf_value=-0.0058047608563731061 -0.0070454436745853721 0.0070030369980083208 -0.0016856022558272051 0.0046750155779447886 0.0039033640211063687 -0.004053830147486036
leaf_weight=116.40351817384362 50.532717935740948 258.3844124302268 101.52869395911694 120.28985295444727 410.90217754244804 805.60241234302521
leaf_count=357 162 734 270 345 1242 2503
internal_value=-0.000293614 0.00261997 0.0044344 -0.00118166 0.00151685 -0.0027815
internal_weight=1863.64 410.446 359.913 1453.2 527.306 925.892
internal_count=5613 1166 1004 4447 1599 2848
is_linear=0
shrinkage=0.03


Tree=98
num_leaves=7
num_cat=0
split_feature=7 13 14 8 9 4
split_gain=6.23872 12.8639 9.46256 9.02104 8.05001 8.44624
threshold=-0.82488343119621266 0.51262611150741588 -0.079454664140939699 0.68901443481445324 0.57439658045768749 0.60834079980850231
decision_type=2 2 2 2 2 2
left_child=1 3 -3 -1 5 -2
right_child=4 2 -4 -5 -6 -7
leaf_value=0.01048307186034639 -0.0015344451250773065 0.0069615971113129614 -0.0072186023272023132 -0.0039208236998804482 -0.012507636291383585 0.006124304161671569
leaf_weight=169.28260011598468 1354.3665048405528 39.261546902358532 118.00137414783239 31.224982030689716 36.116093225777149 121.35048691183329
leaf_count=444 4181 114 346 94 108 331
internal_value=-0.000394421 0.00301717 -0.00295393 0.00781569 -0.00126978 -0.00079107
internal_weight=1869.6 357.771 157.263 200.508 1511.83 1475.72
internal_count=5618 998 460 538 4620 4512
is_linear=0
shrinkage=0.03


Tree=99
num_leaves=7
num_cat=0
split_feature=4 16 15 5 5 13
split_gain=8.26375 7.65901 9.00539 7.71177 7.29615 11.9702
threshold=-0.13987283408641812 -0.05935587361454963 0.38986283540725714 0.47380451858043676 0.25724436342716223 -0.052912320941686623
decision_type=2 2 2 2 2 2
left_child=4 2 -2 -3 5 -1
right_child=1 3 -4 -5 -6 -7
leaf_value=-0.0067360281565731527 0.0063347570704753347 -0.0037261356948301823 -0.007008365379832752 0.0033093339638459634 0.007760911349615496 0.0033509004499986841
leaf_weight=121.13567930832505 179.65659971535206 814.87445718050003 37.30862245708704 143.40568594262004 170.93543227016926 391.95910259336233
leaf_count=379 508 2515 116 413 518 1170
internal_value=0.000108881 -0.00137792 0.00338926 -0.00256582 0.00271519 0.000693573
internal_weight=1859.28 1175.25 216.965 958.28 684.03 513.095
internal_count=5619 3552 624 2928 2067 1549
is_linear=0
shrinkage=0.03


Tree=100
num_leaves=7
num_cat=0
split_feature=7 13 12 3 13 8
split_gain=10.6963 17.3375 8.89364 8.4165 6.0082 5.67496
threshold=-0.82488343119621266 0.47572182118892675 1.5798192620277407 0.81903758645057689 -0.71788993477821339 0.6519092619419099
decision_type=2 2 2 2 2 2
left_child=1 5 -3 4 -2 -1
right_child=3 2 -4 -5 -6 -7
leaf_value=0.012644566671300903 0.0049672005394566648 -0.0064069735410605018 0.0068866719060769917 -0.0084192806866269562 -0.0010893040269004347 0
leaf_weight=153.37872430682182 145.23577202484012 119.84821754693985 44.961272895336151 109.7013296186924 1253.8550658598542 30.557689011096954
leaf_count=406 471 358 128 342 3806 94
internal_value=0 0.00460707 -0.00210291 -0.00108507 -0.00035717 0.0105301
internal_weight=1857.54 348.746 164.809 1508.79 1399.09 183.936
internal_count=5605 986 486 4619 4277 500
is_linear=0
shrinkage=0.03


Tree=101
num_leaves=7
num_cat=0
split_feature=19 12 0 0 8 15
split_gain=5.66798 13.3844 11.3841 13.2274 10.4079 9.4002
threshold=0.90274080634117138 0.65826159715652477 -1.5622841715812681 -2.0467879772186275 0.072286456823349013 -1.7527727484703062
decision_type=2 2 2 2 2 2
left_child=2 5 3 -1 -3 -2
right_child=1 4 -4 -5 -6 -7
leaf_value=0.0042767633484803247 0.0027886386598091686 -0.00054653711708744634 0.0067758080862874385 -0.0075526743206767071 0.0080965104154131842 -0.0073846058630601518
leaf_weight=148.28488091379404 82.157121829688549 724.69832764193416 249.42033948749304 147.99508506432176 129.05523826181889 372.4074596837163
leaf_count=463 264 2221 689 479 365 1140
internal_value=-0.000222319 -0.00131977 0.00225639 -0.00154641 0.000846717 -0.00537945
internal_weight=1854.02 1308.32 545.7 296.28 853.754 454.565
internal_count=5621 3990 1631 942 2586 1404
is_linear=0
shrinkage=0.03


Tree=102
num_leaves=7
num_cat=0
split_feature=1 15 14 19 9 15
split_gain=6.59031 7.43773 12.0003 9.99063 5.16642 5.90924
threshold=0.19476024061441424 -0.8695574402809142 0.043363161385059364 1.0699430108070376 0.69817933440208446 -0.69373252987861622
decision_type=2 2 2 2 2 2
left_child=1 2 -1 -3 5 -2
right_child=4 3 -4 -5 -6 -7
leaf_value=0.0075124272078575579 -0.0068101302439213833 0.0022280859099549212 4.9475125007424974e-05 -0.0050723534513375731 0.0061469211863328889 0.00045162920093646673
leaf_weight=315.452526897192 237.40132096037269 337.16424529254436 499.4370782636106 292.30586897209287 27.687197841703892 137.93337991461158
leaf_count=879 780 962 1598 871 88 427
internal_value=0.000261837 0.00124111 0.00312109 -0.00112143 -0.00299861 -0.00410186
internal_weight=1847.38 1444.36 814.89 629.47 403.022 375.335
internal_count=5605 4310 2477 1833 1295 1207
is_linear=0
shrinkage=0.03


Tree=103
num_leaves=7
num_cat=0
split_feature=2 14 7 18 18 0
split_gain=7.5856 10.6936 10.3827 16.5257 13.42 6.32768
threshold=-0.019897494465112683 0.023607517592608932 0.37190808355808264 -0.60445314645767201 -0.4622610062360763 -1.6044587492942808
decision_type=2 2 2 2 2 2
left_child=2 5 4 -4 -1 -2
right_child=1 -3 3 -5 -6 -7
leaf_value=-0.0034183755341753255 -0.0027267756441501324 -0.004957208233341239 0.0078013354983541066 -0.0052942720850006047 0.0070284608073909547 0.0045960377933745777
leaf_weight=127.56219104677439 158.67129523307085 512.76902075856924 96.141628675162792 308.8760628439486 402.29912367835641 227.12753180414438
leaf_count=397 495 1738 283 942 1142 618
internal_value=-0.000196308 -0.00216907 0.00164271 -0.00182369 0.00437145 0.0014505
internal_weight=1833.45 898.568 934.879 405.018 529.861 385.799
internal_count=5615 2851 2764 1225 1539 1113
is_linear=0
shrinkage=0.03


Tree=104
num_leaves=7
num_cat=0
split_feature=6 0 13 5 7 5
split_gain=6.61982 7.92793 6.84146 8.07084 5.1429 4.67763
threshold=-0.33872678875923151 -1.5538208484649656 1.1730029582977297 0.53750932216644298 -0.21016024053096768 0.28269878029823309
decision_type=2 2 2 2 2 2
left_child=1 5 3 -2 -4 -1
right_child=2 -3 4 -5 -6 -7
leaf_value=0.0029784958505319706 -0.00081962889513222212 0.010069188702771686 0.00056271879571347539 0.0071376669321508062 -0.012865760916504425 -0.007308830682024349
leaf_weight=105.26012609899044 1417.2596560269594 101.78566354513168 25.432011969387531 104.3028983771801 49.368751652538776 38.006192870438099
leaf_count=315 4395 284 76 299 168 130
internal_value=9.51371e-06 0.00443465 -0.000679119 -0.00014971 -0.00851171 0
internal_weight=1841.42 245.052 1596.36 1521.56 74.8008 143.266
internal_count=5667 729 4938 4694 244 445
is_linear=0
shrinkage=0.03


Tree=105
num_leaves=6
num_cat=0
split_feature=16 16 9 5 20
split_gain=5.47671 7.37816 5.65519 10.8865 9.21423
threshold=-0.89970546960830677 -1.6766668558120725 -0.23459926247596738 0.25940302014350897 1.0000000180025095e-35
decision_type=2 2 2 2 2
left_child=1 -1 4 -4 -2
right_child=2 -3 3 -5 -6
leaf_value=-0.00238447832140655 -0.0061768872843098628 0.013197367005041476 -0.0010527203518818432 0.0046249334343170185 0.0046895667719056549
leaf_weight=28.890870474278927 267.23648345097899 44.556512534618378 996.29287022724748 409.44742719829082 70.409735977649689
leaf_count=91 825 115 3077 1223 247
internal_value=0.000131447 0.00722756 -0.000212064 0.000600596 -0.0036076
internal_weight=1816.83 73.4474 1743.39 1405.74 337.646
internal_count=5578 206 5372 4300 1072
is_linear=0
shrinkage=0.03


Tree=106
num_leaves=7
num_cat=0
split_feature=4 4 13 12 1 9
split_gain=5.73859 7.57805 6.95003 6.57877 9.15521 7.16747
threshold=-0.14173270016908643 -0.082363218069076524 -0.57713833451271046 2.0144125223159794 -0.0029759239405393596 -0.2083981707692146
decision_type=2 2 2 2 2 2
left_child=3 2 -2 4 -1 -5
right_child=1 -3 -4 5 -6 -7
leaf_value=0.0033632420041851455 0.0042621981168476175 -0.0002659906298557038 -0.0086943401197888057 -0.0010550544895810935 -0.0046811477893825048 0.010210567134867532
leaf_weight=288.15982853248715 26.414973739534616 949.80947303026915 176.05234319716692 59.757878661155701 196.94597694464028 122.59491492807865
leaf_count=881 103 2833 623 172 647 361
internal_value=-0.000202198 -0.00150534 -0.00650305 0.00193857 0 0.00648287
internal_weight=1819.74 1152.28 202.467 667.459 485.106 182.353
internal_count=5620 3559 726 2061 1528 533
is_linear=0
shrinkage=0.03


Tree=107
num_leaves=7
num_cat=0
split_feature=1 0 12 7 7 7
split_gain=9.88008 7.88182 8.78602 7.82495 6.69703 6.2538
threshold=0.19131091982126239 -0.94131574034690846 1.1455361843109133 -1.5616360306739805 0.61751294136047374 -0.82488343119621266
decision_type=2 2 2 2 2 2
left_child=3 2 -2 -1 -3 -5
right_child=1 4 -4 5 -6 -7
leaf_value=-0.0055083601517175295 -0.0055746619929444834 -0.01628977807488936 0.0038539790627217722 0.0078155666002135919 0 0.0012498717513416706
leaf_weight=111.52594812959433 174.70711328834295 50.955934796482325 139.19821241125464 136.60999920964241 29.222695268690586 1159.650090329349
leaf_count=319 616 150 445 389 90 3570
internal_value=0.000169933 -0.00387438 -0.00123352 0.0013825 -0.0113042 0.00209564
internal_weight=1801.87 394.084 313.905 1407.79 80.1786 1296.26
internal_count=5579 1301 1061 4278 240 3959
is_linear=0
shrinkage=0.03


Tree=108
num_leaves=7
num_cat=0
split_feature=9 11 2 7 7 7
split_gain=7.83439 10.2181 10.416 7.91797 15.2329 9.035
threshold=-0.0019938191981054838 -0.36028112471103663 0.09910838678479196 -0.75373843312263478 0.28608711063861852 -1.4665606617927549
decision_type=2 2 2 2 2 2
left_child=1 -1 -3 5 -5 -2
right_child=3 2 -4 4 -6 -7
leaf_value=-0.0022290032230621129 -0.0026818914378588395 0.0061009750206817313 -0.0020989213686086004 -0.0092772794829136616 0.00015669356990532032 0.0084793802631028831
leaf_weight=323.39715503156185 113.8222240768373 516.22306241467595 164.10786582529545 240.44226931035519 345.94703232496977 102.11941593140364
leaf_count=1068 342 1535 520 732 1089 301
internal_value=0.0001738 0.00195327 0.00403389 -0.00197275 -0.00379105 0.00261336
internal_weight=1806.06 1003.73 680.331 802.331 586.389 215.942
internal_count=5587 3123 2055 2464 1821 643
is_linear=0
shrinkage=0.03


Tree=109
num_leaves=7
num_cat=0
split_feature=9 5 9 12 20 14
split_gain=7.58044 9.90929 9.29133 8.72393 6.95565 6.30522
threshold=-0.0043503064662218085 -0.11564129590988158 -0.18579013645648954 2.1420902013778691 1.0000000180025095e-35 2.3332760334014897
decision_type=2 2 2 2 2 2
left_child=2 4 -1 -3 -2 -4
right_child=1 3 5 -5 -6 -7
leaf_value=-0.001089686858246292 -0.00028911186893328697 -0.0068286678764422739 0.0062361908006400221 0.0010586330499480375 0.0092495513834770799 -0.00085795928259059767
leaf_weight=451.04024236649275 219.32235009223223 360.58270366489887 427.3473585806787 163.59310860559344 72.88578724116087 126.03247864171863
leaf_count=1433 689 1127 1240 490 199 456
internal_value=0.000226321 -0.00185866 0.00198275 -0.00430838 0.00233806 0.00454228
internal_weight=1820.8 816.384 1004.42 524.176 292.208 553.38
internal_count=5634 2505 3129 1617 888 1696
is_linear=0
shrinkage=0.03


Tree=110
num_leaves=7
num_cat=0
split_feature=2 6 13 20 4 18
split_gain=7.11159 12.7355 9.91123 12.9279 9.7894 8.80978
threshold=0.15247919410467151 0.27474251389503485 -0.083464514464139924 1.0000000180025095e-35 0.24645911157131198 0.2303009629249573
decision_type=2 2 2 2 2 2
left_child=2 4 3 -1 -2 -3
right_child=1 5 -4 -5 -6 -7
leaf_value=-0.0063482259937014023 -0.010281631697295852 0.0074154080167664763 0.0027359265330292792 0.0068140966304929404 0.0010722325311583033 -0.0038102981190241986
leaf_weight=250.68637573160231 198.70938270166516 118.63328845053911 1013.3302710615098 67.495528936386108 81.232710421085358 90.68421259149909
leaf_count=778 671 372 3069 229 257 289
internal_value=9.29385e-05 -0.00289413 0.00126151 -0.00314084 -0.00693515 0.00238221
internal_weight=1820.77 489.26 1331.51 318.182 279.942 209.318
internal_count=5665 1589 4076 1007 928 661
is_linear=0
shrinkage=0.03


Tree=111
num_leaves=7
num_cat=0
split_feature=8 18 15 18 18 17
split_gain=6.48127 7.49905 15.1672 8.14558 7.39803 7.09706
threshold=0.40958414971828466 -0.14215494692325589 -1.3411712050437925 -1.5364894270896909 0.52504608035087597 0.24457293003797534
decision_type=2 2 2 2 2 2
left_child=1 3 -3 -1 5 -2
right_child=4 2 -4 -5 -6 -7
leaf_value=-0.0013140053342061368 0.00095624164469183175 -0.0056870481224228098 0.0016920422531595271 0.005579419453749364 0.0029049661549126809 -0.013811816621218803
leaf_weight=211.87987648695707 28.741101004183292 368.95529509335756 671.52532098814845 408.80910439044237 43.558072119951248 72.886632762849331
leaf_count=695 98 1220 1970 1268 137 236
internal_value=0 0.000586435 -0.000925917 0.00316505 -0.00564026 -0.00967152
internal_weight=1806.36 1661.17 1040.48 620.689 145.186 101.628
internal_count=5624 5153 3190 1963 471 334
is_linear=0
shrinkage=0.03


Tree=112
num_leaves=7
num_cat=0
split_feature=11 14 16 0 0 14
split_gain=5.94501 10.2696 10.5824 9.83738 8.17598 14.8738
threshold=-0.056508466601371758 -0.044457670301198952 -0.31641717255115503 -2.3570865392684932 -1.5622841715812681 -0.087013341486453996
decision_type=2 2 2 2 2 2
left_child=4 2 -2 -3 5 -1
right_child=1 3 -4 -5 -6 -7
leaf_value=-0.01158903243011161 -0.0072577167430015292 0.0074838174712629222 0.0080983930988733407 -0.002658301744607695 0.0010696337917859918 -0.00071058165096375583
leaf_weight=151.6784168407321 27.194177970290184 84.3418243303895 259.42318621650338 447.16831089928746 459.93423597887158 380.00391092896461
leaf_count=487 77 269 744 1372 1358 1338
internal_value=-0.000164564 0.00166962 0.00606736 -0.000727093 -0.00174025 -0.00423037
internal_weight=1809.74 818.127 286.617 531.51 991.617 531.682
internal_count=5645 2462 821 1641 3183 1825
is_linear=0
shrinkage=0.03


Tree=113
num_leaves=7
num_cat=0
split_feature=13 1 17 19 6 0
split_gain=8.09733 6.25499 10.0814 8.96386 4.53539 1.86976
threshold=1.0962663888931277 -0.18526773154735562 1.7027866840362551 1.0164115428924563 -0.1997970715165138 -1.2196432948112486
decision_type=2 2 2 2 2 2
left_child=1 3 -3 -1 -2 -6
right_child=4 2 -4 -5 5 -7
leaf_value=0.007916864529513826 0.00090935749065993051 -0.0020728490776748781 0.0042572332632597222 -0.00024714796456933784 -0.012151073171303779 0
leaf_weight=197.18518084287643 31.248676866292953 965.43033118732274 271.22861618176103 240.34663297235966 65.668237347155809 22.616576679050922
leaf_count=573 106 3009 875 734 240 67
internal_value=-7.21379e-05 0.000467634 -0.000591107 0.00348627 -0.00704562 -0.0100633
internal_weight=1793.72 1674.19 1236.66 437.532 119.533 88.2848
internal_count=5604 5191 3884 1307 413 307
is_linear=0
shrinkage=0.03


Tree=114
num_leaves=7
num_cat=0
split_feature=19 12 12 10 10 19
split_gain=6.65875 9.79234 6.718 17.95 12.5728 6.63146
threshold=1.331133306026459 -0.23085558414459226 1.6825599074363711 1.0647503733634951 0.76243850588798534 1.6339415907859804
decision_type=2 2 2 2 2 2
left_child=2 -2 4 -4 -1 -3
right_child=1 5 3 -5 -6 -7
leaf_value=0.0058356388015574946 0.005654117267792318 -0.0087427020630261535 -0.0048783030072749633 0.0073924698504440368 -0.0023393846908368408 0.001596843056684045
leaf_weight=190.46247051656246 54.660018820315599 209.95731095224619 133.60824017971754 323.52922961860895 818.52633225545287 54.401386320590973
leaf_count=580 176 689 440 933 2557 185
internal_value=-0.000162189 -0.00398062 0.000670689 0.00362617 -0.00065448 -0.0064413
internal_weight=1785.14 319.019 1466.13 457.137 1008.99 264.359
internal_count=5560 1050 4510 1373 3137 874
is_linear=0
shrinkage=0.03


Tree=115
num_leaves=6
num_cat=0
split_feature=13 15 6 15 16
split_gain=6.00749 5.69066 10.7533 5.77117 3.62012
threshold=1.1875138878822329 -1.4320346713066099 -0.30665023624896998 -1.0455020666122434 0.75832775235176098
decision_type=2 2 2 2 2
left_child=1 2 -1 -3 -2
right_child=4 3 -4 -5 -6
leaf_value=0.0060755917848726981 -0.011493573080306142 0.0047736211763979202 -0.0044561792123255679 0 3.091617546532797e-05
leaf_weight=84.996730521321297 47.557672940194607 281.64225702360272 445.52634417079389 883.23972818627954 22.70209302008152
leaf_count=258 164 855 1500 2707 91
internal_value=-0.000381364 0 -0.00250044 0.0011906 -0.00792334
internal_weight=1765.66 1695.41 530.523 1164.88 70.2598
internal_count=5575 5320 1758 3562 255
is_linear=0
shrinkage=0.03


Tree=116
num_leaves=7
num_cat=0
split_feature=8 17 5 8 13 14
split_gain=5.43659 9.13223 13.1256 6.57976 6.05533 6.77721
threshold=-0.19991372525691983 0.42375406622886663 0.026886622421443466 0.14071154594421389 0.70737767219543468 0.96476006507873546
decision_type=2 2 2 2 2 2
left_child=4 3 -3 -2 -1 -6
right_child=1 2 -4 -5 5 -7
leaf_value=0.0027543074516330752 -0.0030019098381645374 -0.012058799771544984 0 0.0069821481415384863 -0.0047457442531202727 0.0025744613704601813
leaf_weight=867.26953396946192 85.363869972527027 128.07870656624436 168.40961066074669 107.37741573154926 237.81220968812704 175.68916704133153
leaf_count=2677 276 437 513 325 726 638
internal_value=0.000269977 -0.00231887 -0.00554179 0.00241173 0.00132544 -0.00152183
internal_weight=1770 489.23 296.488 192.741 1280.77 413.501
internal_count=5592 1551 950 601 4041 1364
is_linear=0
shrinkage=0.03


Tree=117
num_leaves=5
num_cat=0
split_feature=11 11 4 0
split_gain=4.37825 7.00788 8.21645 4.97918
threshold=-1.6094008684158323 -1.0363744497299192 0.33929565548896795 -2.3990577459335323
decision_type=2 2 2 2
left_child=-1 2 -2 -3
right_child=1 3 -4 -5
leaf_value=0.0076718430479402085 0.00029243829445600803 0.0044518420318506455 -0.012761131469556533 -0.0003307313603972026
leaf_weight=44.969366930425167 70.388930611312389 205.16856599599123 63.967293329536915 1402.2879806999117
leaf_count=135 227 644 205 4398
internal_value=0 -0.000257158 -0.00638189 0.000290035
internal_weight=1786.78 1741.81 134.356 1607.46
internal_count=5609 5474 432 5042
is_linear=0
shrinkage=0.03


Tree=118
num_leaves=7
num_cat=0
split_feature=9 0 14 16 7 0
split_gain=5.90293 9.85018 9.31374 10.3454 9.89658 9.28934
threshold=-0.0043503064662218085 -2.3122209310531612 -0.10568418726325034 -0.20669259876012799 1.0113694071769717 -1.468545079231262
decision_type=2 2 2 2 2 2
left_child=1 -1 4 -4 -2 -3
right_child=2 5 3 -5 -6 -7
leaf_value=0.0072194227293380757 0.0048244045831986994 -0.0035314238604527044 0.0038998526813598974 -0.0064039047102119051 -0.009082496413131972 0.0026978571583589689
leaf_weight=174.755470585078 220.24534688144922 392.03566055372357 86.256627853959799 443.28312768414617 35.663695745170116 428.30088180676103
leaf_count=567 656 1301 257 1444 108 1258
internal_value=-0.000343541 0.00114315 -0.00228315 -0.0045355 0.00215098 -0.000220889
internal_weight=1780.54 995.092 785.449 529.54 255.909 820.337
internal_count=5591 3126 2465 1701 764 2559
is_linear=0
shrinkage=0.03


Tree=119
num_leaves=7
num_cat=0
split_feature=10 13 9 18 5 17
split_gain=7.41795 10.1417 9.88808 9.73102 11.1875 6.95618
threshold=1.8495894074440005 1.0962663888931277 -0.090421684086322771 0.61202797293663036 0.47380451858043676 1.7027866840362551
decision_type=2 2 2 2 2 2
left_child=1 5 -3 4 -2 -1
right_child=3 2 -4 -5 -6 -7
leaf_value=0.00044253892187270851 -0.010611738440591413 0.0017181478838248236 -0.014053788052765009 0.0048529764146421793 0.0040610993608891236 0.0055564490178724906
leaf_weight=1092.4936281815171 169.91934628784657 48.594968169927597 56.98842591047287 58.068778704851866 43.340579196810722 300.50628048181534
leaf_count=3421 498 166 202 168 137 996
internal_value=2.78224e-05 0.000901548 -0.00719938 -0.00432253 -0.00728004 0.00165124
internal_weight=1769.91 1498.58 105.583 271.329 213.26 1393
internal_count=5588 4785 368 803 635 4417
is_linear=0
shrinkage=0.03


Tree=120
num_leaves=5
num_cat=0
split_feature=17 17 1 3
split_gain=4.89799 9.62507 4.68628 1.25063
threshold=-2.4381588697433467 -1.971886873245239 0.34812033176422125 -0.32286958396434778
decision_type=2 2 2 2
left_child=3 -2 -3 -1
right_child=1 2 -4 -5
leaf_value=0.010075028999705325 -0.011887871662360187 0.00039390005069917373 -0.0044726611819403354 0
leaf_weight=29.133275926113129 45.823372446000576 1495.5684177950025 180.79097685962915 27.667424574494362
leaf_count=80 130 4718 599 82
internal_value=-0.000266256 -0.000621971 -0.000142121 0.00709105
internal_weight=1778.98 1722.18 1676.36 56.8007
internal_count=5609 5447 5317 162
is_linear=0
shrinkage=0.03


Tree=121
num_leaves=7
num_cat=0
split_feature=4 2 11 9 0 0
split_gain=5.46541 12.9207 11.5862 11.193 7.44523 6.62654
threshold=-0.14948049932718274 0.071068994700908675 0.42234627902507788 0.10990820452570917 -0.98229709267616261 -0.88152778148651112
decision_type=2 2 2 2 2 2
left_child=1 -1 5 -3 -4 -2
right_child=2 3 4 -5 -6 -7
leaf_value=0.0051209174883456322 -0.0039381249300009082 -0.0076424959479479684 0.0063659872108489564 0.0093433337766680117 -0.0038289084462794589 0.0024253864683794605
leaf_weight=456.28068003058434 715.33876227959991 141.72367661446333 237.04005159437656 23.651138700544834 63.266987442970276 157.33329883590341
leaf_count=1384 2332 481 718 90 179 454
internal_value=0.000254931 0.00251049 -0.000912222 -0.00414363 0.0039259 -0.002695
internal_weight=1794.63 621.655 1172.98 165.375 300.307 872.672
internal_count=5638 1955 3683 571 897 2786
is_linear=0
shrinkage=0.03


Tree=122
num_leaves=7
num_cat=0
split_feature=8 1 8 18 4 17
split_gain=6.39443 7.67724 8.2593 7.06139 6.50448 6.10774
threshold=0.40958414971828466 -0.047797398641705506 -0.6955471634864806 0.62590873241424572 0.23797884583473208 0.24457293003797534
decision_type=2 2 2 2 2 2
left_child=1 2 -1 5 -3 -2
right_child=3 4 -4 -5 -6 -7
leaf_value=-0.00044912869246744263 3.3141346528803566e-06 -0.0032548728847469842 0.0056531358919525128 0.0037430141812151156 0.0022774741278167054 -0.012822637712062634
leaf_weight=386.88088124990463 35.871199645102024 628.92888788878918 354.23612026125193 33.051524348556995 241.86663326993585 83.271131858229637
leaf_count=1189 125 2063 1103 104 754 279
internal_value=-0.000329785 0.00021881 0.00246068 -0.00583906 -0.00163425 -0.00908439
internal_weight=1764.11 1611.91 741.117 152.194 870.796 119.142
internal_count=5617 5109 2292 508 2817 404
is_linear=0
shrinkage=0.03


Tree=123
num_leaves=7
num_cat=0
split_feature=1 18 4 3 8 13
split_gain=5.18669 9.40189 7.72967 8.5774 7.65558 6.9224
threshold=-0.18526773154735562 0.16399534046649936 0.74095404148101818 -0.75313952565193165 -1.240808844566345 1.1875138878822329
decision_type=2 2 2 2 2 2
left_child=1 4 5 -4 -1 -2
right_child=2 -3 3 -5 -6 -7
leaf_value=0.0071407960125213976 0.0001592406089549121 0.0064448621572246734 0.0018437957455993608 -0.014809008844815355 -0.0047531548911991786 -0.0098273111875326023
leaf_weight=43.370019420981407 1177.5993082374334 245.71889016404748 29.571867696940899 52.029886715114117 172.11410815268755 45.481115892529488
leaf_count=135 3802 732 86 161 538 166
internal_value=-3.147e-05 0.00260158 -0.00103277 -0.00900861 -0.00170133 -0.000315987
internal_weight=1765.89 461.203 1304.68 81.6018 215.484 1223.08
internal_count=5620 1405 4215 247 673 3968
is_linear=0
shrinkage=0.03


Tree=124
num_leaves=7
num_cat=0
split_feature=15 13 15 0 12 11
split_gain=5.56289 7.25888 5.9275 5.23159 11.1473 7.64688
threshold=-2.0520184040069576 0.097559947520494475 -2.3590332269668575 -1.1961072683334348 2.0144125223159794 -0.30530381202697748
decision_type=2 2 2 2 2 2
left_child=1 -1 -3 4 -2 -5
right_child=3 2 -4 5 -6 -7
leaf_value=-0.012405323681100811 -0.001846372435572813 0.0089154233302975883 -0.0035574364448059588 0.0085440105702119778 0.0051297068553988754 0.00031502195711871715
leaf_weight=47.850566223263741 869.60716307908297 26.25570710003376 111.02175829187036 154.23225363343954 247.49320519343019 287.21014292538166
leaf_count=169 2862 83 389 467 763 853
internal_value=0.000237921 -0.00436518 0 0.000871079 -0.000185018 0.00356582
internal_weight=1743.67 185.128 137.277 1558.54 1117.1 441.442
internal_count=5586 641 472 4945 3625 1320
is_linear=0
shrinkage=0.03


Tree=125
num_leaves=7
num_cat=0
split_feature=11 0 7 13 9 18
split_gain=7.93449 8.08501 7.62912 9.82574 8.41038 7.32141
threshold=-0.39170117676258082 -0.72674325108528126 0.80026143789291393 0.84656411409378063 -0.0019938191981054838 -0.22979740053415296
decision_type=2 2 2 2 2 2
left_child=1 5 4 -4 -2 -1
right_child=2 -3 3 -5 -6 -7
leaf_value=0.0010469979230351943 0.0026764431763991658 0.0061240363683044046 0.0092069346115893295 -0.0020331380188440972 -0.0031345034443638685 -0.0061237588618239802
leaf_weight=166.67911558970809 533.97432715445757 63.584711082279682 203.1774133965373 81.550432026386261 353.61135366931558 357.16242937743664
leaf_count=608 1633 188 605 291 1125 1185
internal_value=0.000313296 -0.00244033 0.0017612 0.00586856 0.000277213 -0.0037772
internal_weight=1759.74 587.426 1172.31 284.728 887.586 523.842
internal_count=5635 1981 3654 896 2758 1793
is_linear=0
shrinkage=0.03


Tree=126
num_leaves=7
num_cat=0
split_feature=4 19 10 8 8 13
split_gain=6.11254 6.41011 11.322 5.95654 5.82337 6.85315
threshold=-0.14173270016908643 1.0469920039176943 1.1047081947326662 -0.21441471576690671 -0.57358232140541066 0.54430595040321361
decision_type=2 2 2 2 2 2
left_child=4 3 -3 -2 -1 -6
right_child=1 2 -4 -5 5 -7
leaf_value=0.0044897738520894631 0.0031882425231350956 -0.010649015411295195 -0.00093134676324701496 -0.0030289178673815276 -0.0054692685164327891 0.0037600321731808706
leaf_weight=389.4245836250484 354.5047953799367 132.57027288526297 443.58290193602443 194.39449283480644 135.38319014012814 110.98107496276498
leaf_count=1220 1091 472 1359 636 439 387
internal_value=-1.73886e-05 -0.00137273 -0.00355023 0.000851871 0.00225817 -0.00111629
internal_weight=1760.84 1125.05 576.153 548.899 635.789 246.364
internal_count=5604 3558 1831 1727 2046 826
is_linear=0
shrinkage=0.03


Tree=127
num_leaves=7
num_cat=0
split_feature=15 15 15 9 7 17
split_gain=5.93175 6.42783 10.9791 10.399 5.55756 3.92275
threshold=-2.1336852312088008 -1.7399917244911192 -1.4682433009147642 -0.060295393690466874 0.78613176941871654 0.40992575883865362
decision_type=2 2 2 2 2 2
left_child=4 3 -3 -2 -1 -6
right_child=1 2 -4 -5 5 -7
leaf_value=-0.0091086099504186207 -0.0015897159924819764 -0.0064680105942119493 0.0010386234633232749 0.010652592654310185 -0.0041049663678171975 0.008343200874731737
leaf_weight=92.361366149038076 91.981123350560665 184.70282851532102 1201.2250260226429 118.58590891957283 24.405689753592014 22.778528314083815
leaf_count=317 310 636 3742 385 83 81
internal_value=0.000155933 0.000731616 0 0.00537059 -0.0053203 0.00170614
internal_weight=1736.04 1596.49 1385.93 210.567 139.546 47.1842
internal_count=5554 5073 4378 695 481 164
is_linear=0
shrinkage=0.03


Tree=128
num_leaves=7
num_cat=0
split_feature=13 7 8 6 0 13
split_gain=4.35792 6.72264 5.35001 7.26417 5.8631 1.40401
threshold=1.0962663888931277 -0.068032156676053987 0.40958414971828466 0.29808863997459417 -2.2461446523666377 1.1875138878822329
decision_type=2 2 2 2 2 2
left_child=2 -2 3 -1 -4 -3
right_child=1 5 4 -5 -6 -7
leaf_value=0.00013806838993515264 0.0024016781988465486 -0.0014845510872213844 -0.013171781321726701 0.0060415038042075601 -0.00029390235468315109 -0.012795238367658137
leaf_weight=1281.9656350165606 49.253660324960947 34.872570659965277 30.412664361298084 204.89332138374448 117.4272590354085 43.240654624998569
leaf_count=4048 160 127 102 657 390 168
internal_value=0 -0.00491505 0.000467783 0.00106079 -0.00455443 -0.00968922
internal_weight=1762.07 127.367 1634.7 1486.86 147.84 78.1132
internal_count=5652 455 5197 4705 492 295
is_linear=0
shrinkage=0.03


Tree=129
num_leaves=7
num_cat=0
split_feature=17 0 7 16 16 5
split_gain=6.19188 11.5361 11.9424 7.13358 6.18197 4.9787
threshold=1.7027866840362551 -1.468545079231262 0.53886583447456371 -0.89970546960830677 0.027408795431256298 0.62784734368324291
decision_type=2 2 2 2 2 2
left_child=3 2 -2 -1 -3 -5
right_child=1 4 -4 5 -6 -7
leaf_value=0.0086850871696116539 0.004276820144551218 -0.00033377418538456643 -0.0089436121910178232 -0.0015842909374934571 0.012465824846436857 0.0053758471907432116
leaf_weight=50.358743943274021 142.33504163473845 32.016077533364296 78.029946144670248 1259.3170549254864 116.65177696198225 77.162368457764387
leaf_count=153 482 91 299 3986 363 244
internal_value=0.00034363 0.00371087 -0.000509492 -0.000549749 0.00964093 -0.00106487
internal_weight=1755.87 369.033 220.365 1386.84 148.668 1336.48
internal_count=5618 1235 781 4383 454 4230
is_linear=0
shrinkage=0.03


Tree=130
num_leaves=7
num_cat=0
split_feature=6 6 7 7 18 11
split_gain=6.28096 8.11183 8.94949 6.38569 12.882 12.2194
threshold=0.050345467403531081 0.29808863997459417 0.92095917463302623 0.706567943096161 0.35815504193305975 -0.20525530725717542
decision_type=2 2 2 2 2 2
left_child=3 -2 -3 4 -1 -5
right_child=1 2 -4 5 -6 -7
leaf_value=-6.3383027540853603e-05 -0.0045007691152761818 -0.001539852592181132 0.009578660251303649 -0.0079978479429240537 0.0076963829590266783 0.0036369761068833937
leaf_weight=453.41194296255708 437.43571740202606 178.7501979097724 74.095713555812836 138.14801186695695 296.13685616478324 142.04117685928941
leaf_count=1442 1468 591 229 464 901 450
internal_value=8.27878e-05 -0.00206052 0.00196178 0.00158859 0.00304478 -0.00205039
internal_weight=1720.02 690.282 252.846 1029.74 749.549 280.189
internal_count=5545 2288 820 3257 2343 914
is_linear=0
shrinkage=0.03


Tree=131
num_leaves=7
num_cat=0
split_feature=8 7 10 11 6 18
split_gain=5.30057 7.09371 4.83427 7.71046 7.35152 3.96963
threshold=-1.6670992374420164 0.85249334573745739 0.59848695993423473 0.45877446234226232 -0.1276283264160156 0.13338486850261691
decision_type=2 2 2 2 2 2
left_child=1 5 4 -4 -2 -1
right_child=2 -3 3 -5 -6 -7
leaf_value=0.0056867757698783224 -0.0033114939711064691 0.01444350227200999 -0.0021607749556314939 0.0028546132119390251 0.0089825279145778671 -0.0058116371613853779
leaf_weight=32.999711487442255 49.204764142632484 32.118097964674234 1152.4607355296612 334.07870309986174 92.417324475944042 35.031210340559483
leaf_count=116 175 107 3794 981 286 99
internal_value=0 0.00611194 -0.000413822 -0.000970878 0.00445868 0
internal_weight=1728.31 100.149 1628.16 1486.54 141.622 68.0309
internal_count=5558 322 5236 4775 461 215
is_linear=0
shrinkage=0.03


Tree=132
num_leaves=5
num_cat=0
split_feature=1 6 5 16
split_gain=5.84159 5.46678 10.2984 8.22931
threshold=-0.62892723083496083 0.080382991582155242 -0.28304934501647944 0.52076646685600292
decision_type=2 2 2 2
left_child=-1 2 -2 -3
right_child=1 3 -4 -5
leaf_value=-0.0092308482847804768 0.0085100871250929858 -0.0054097257009572434 0.00019568011230330793 0.0012381098001062606
leaf_weight=41.640503011643887 139.95761787891388 304.83981158584356 940.85654432699084 310.94892187416553
leaf_count=134 428 1031 2997 1024
internal_value=-0.000140631 0.00015247 0.00146189 -0.00202511
internal_weight=1738.24 1696.6 1080.81 615.789
internal_count=5614 5480 3425 2055
is_linear=0
shrinkage=0.03


Tree=133
num_leaves=5
num_cat=0
split_feature=7 7 13 12
split_gain=4.02036 6.64002 9.14834 6.08352
threshold=-2.9683593511581416 -0.82488343119621266 0.51262611150741588 -0.96529322862625111
decision_type=2 2 2 2
left_child=-1 2 -2 -3
right_child=1 3 -4 -5
leaf_value=-0.0083963113508174151 0.0090695056954462703 -0.0061987208701966764 -0.00080626319224245166 0.00017781073683182776
leaf_weight=27.944352850317955 151.32310516387224 128.62180567160249 140.75853208452463 1283.4414681568742
leaf_count=89 448 453 443 4170
internal_value=0.000121082 0.000391326 0.0043713 -0.000439575
internal_weight=1732.09 1704.14 292.082 1412.06
internal_count=5603 5514 891 4623
is_linear=0
shrinkage=0.03


Tree=134
num_leaves=7
num_cat=0
split_feature=4 2 7 11 0 0
split_gain=4.92867 9.18778 9.61706 7.82319 10.0651 9.47082
threshold=-0.14341691881418225 0.083842243999242796 0.85249334573745739 -0.056508466601371758 -0.98229709267616261 -0.78186464309692372
decision_type=2 2 2 2 2 2
left_child=1 -1 -3 5 -5 -2
right_child=3 2 -4 4 -6 -7
leaf_value=0.0041485508723932002 -0.0051041024329610404 -0.0077408319956040767 0.0063978534158144985 0.0035856162661480296 -0.0056483116940402537 0.0051008084428302777
leaf_weight=471.88793063908815 518.1229017265141 123.85576528310776 40.187121324241161 411.77068481221795 118.38139249756932 74.229212872684002
leaf_count=1475 1751 443 136 1298 347 211
internal_value=-3.78531e-05 0.0020004 -0.00363228 -0.0012599 0.00128427 -0.00360248
internal_weight=1758.44 635.931 164.043 1122.5 530.152 592.352
internal_count=5661 2054 579 3607 1645 1962
is_linear=0
shrinkage=0.03


Tree=135
num_leaves=7
num_cat=0
split_feature=15 3 5 5 12 2
split_gain=5.04469 5.15481 15.0957 7.23693 4.81372 4.59447
threshold=-2.0520184040069576 -1.5538411140441892 0.10718852654099466 0.085301421582698836 2.4396293163299565 -0.10582578182220458
decision_type=2 2 2 2 2 2
left_child=4 2 -2 -3 -1 -6
right_child=1 3 -4 -5 5 -7
leaf_value=-0.0083220588230617822 -0.014592790370058846 0.0027486910512245777 3.0308490775704776e-05 -0.0017942960875175372 0.0077207947803471771 -0.0049811132861289336
leaf_weight=117.9349511526525 61.76912672072649 720.87432042136788 249.01077006757259 517.36499994620681 29.131293103098869 30.824515514075756
leaf_count=445 228 2309 802 1632 84 106
internal_value=-0.000649476 -3.36795e-05 -0.00340131 0.000804491 -0.00516312 0.000827582
internal_weight=1726.91 1549.02 310.78 1238.24 177.891 59.9558
internal_count=5606 4971 1030 3941 635 190
is_linear=0
shrinkage=0.03


Tree=136
num_leaves=7
num_cat=0
split_feature=20 19 7 18 17 17
split_gain=7.13198 8.01983 14.9244 7.89989 5.53692 8.15797
threshold=1.0000000180025095e-35 1.2719016671180727 -0.30468486249446863 0.73387867212295543 0.18360602110624316 1.1742519140243532
decision_type=2 2 2 2 2 2
left_child=1 3 -3 -1 -2 -6
right_child=4 2 -4 -5 5 -7
leaf_value=-0.0012112873271043589 -0.0015190146150403129 0.0041847079532022421 -0.008896526214119068 0.0062345835133517484 0.010604920779911648 0.00019051165776191544
leaf_weight=853.51889101043344 142.12771305814385 88.656014192849398 257.03446541726589 130.04282695055008 117.89946313947439 158.49284350499511
leaf_count=2737 475 277 845 406 373 568
internal_value=-0.000431297 -0.00153609 -0.00533224 -6.24056e-05 0.00285082 0.00525121
internal_weight=1747.77 1329.25 345.69 983.562 418.52 276.392
internal_count=5681 4265 1122 3143 1416 941
is_linear=0
shrinkage=0.03


Tree=137
num_leaves=4
num_cat=0
split_feature=17 17 5
split_gain=4.5879 7.80468 6.10483
threshold=-2.4381588697433467 -1.971886873245239 0.62784734368324291
decision_type=2 2 2
left_child=-1 -2 -3
right_child=1 2 -4
leaf_value=0.007206715216180758 -0.010834912317707123 -0.00052740116070192349 0.0075852891902920133
leaf_weight=52.079858183860779 43.417373061180115 1548.4371392279863 68.015957377851009
leaf_count=156 136 5073 224
internal_value=-0.000154295 -0.000504021 -6.08444e-05
internal_weight=1711.95 1659.87 1616.45
internal_count=5589 5433 5297
is_linear=0
shrinkage=0.03


Tree=138
num_leaves=7
num_cat=0
split_feature=1 4 10 11 9 20
split_gain=8.26339 5.33392 9.42498 6.7124 4.27104 4.52468
threshold=0.19131091982126239 -0.14468472450971601 1.4106436371803286 0.71542096138000499 -0.28561349213123316 1.0000000180025095e-35
decision_type=2 2 2 2 2 2
left_child=1 3 -3 -1 -2 -6
right_child=4 2 -4 -5 5 -7
leaf_value=0.0047568145767242064 0.0047582263066089361 -0.0033348634076586186 0.0029792224529352263 -0.0052219397857232782 -0.0064748618797262946 0.00043714671147409499
leaf_weight=482.11145570501685 27.634889960289001 410.59602576494217 398.429462518543 46.769622776657343 264.75646547228098 96.004167679697275
leaf_count=1526 100 1407 1201 142 913 330
internal_value=0.000162635 0.0013185 -0.000156068 0.00360695 -0.00354164 -0.00455154
internal_weight=1726.3 1337.91 809.025 528.881 388.396 360.761
internal_count=5619 4276 2608 1668 1343 1243
is_linear=0
shrinkage=0.03


Tree=139
num_leaves=7
num_cat=0
split_feature=4 16 9 19 16 14
split_gain=5.96645 6.69669 6.17235 5.79653 5.27055 7.44318
threshold=-0.13322972506284711 -0.014008599333465098 -0.20578061789274213 1.0384733676910403 0.19633349776268008 -0.023364884778857228
decision_type=2 2 2 2 2 2
left_child=1 3 -3 -1 5 -2
right_child=4 2 -4 -5 -6 -7
leaf_value=0.0029143261649796732 -0.0040611526154079843 -0.0009956757936920059 0.0051032311122414667 -0.010654602891942309 -0.003259659617958338 0.0048887898702518725
leaf_weight=27.045390039682388 116.57483680546284 209.87492147274315 369.21526725590229 48.94902041554451 767.27654962614179 186.02348209358752
leaf_count=84 361 670 1233 160 2552 567
internal_value=-0.000546628 0.00162921 0.00283325 -0.00559948 -0.0019394 0.00121685
internal_weight=1724.96 655.085 579.09 75.9944 1069.87 302.598
internal_count=5627 2147 1903 244 3480 928
is_linear=0
shrinkage=0.03


Tree=140
num_leaves=7
num_cat=0
split_feature=1 7 11 18 15 9
split_gain=6.90694 9.23314 7.79377 8.95273 6.71993 5.89947
threshold=-0.18526773154735562 -0.56239479780197132 -0.36683863401412958 0.25283856689929968 -0.45819166302680964 0.15322154760360721
decision_type=2 2 2 2 2 2
left_child=1 5 -2 -4 -3 -1
right_child=2 4 3 -5 -6 -7
leaf_value=0.013316109876756395 -0.0040262039348614937 0.0028679687113629827 0.0035537111004909812 -0.0026343790985168783 -0.0062735045567054414 0
leaf_weight=86.250055052340031 444.10553065314889 255.63537764921784 456.76084762439132 349.56558226421475 77.122085016220808 39.921061255037785
leaf_count=252 1524 807 1476 1121 262 120
internal_value=0.000219541 0.00331481 -0.000903542 0.000799556 0.000343629 0.00962117
internal_weight=1709.36 458.929 1250.43 806.326 332.757 126.171
internal_count=5562 1441 4121 2597 1069 372
is_linear=0
shrinkage=0.03


Tree=141
num_leaves=7
num_cat=0
split_feature=8 13 17 4 2 7
split_gain=5.55384 4.92662 4.5173 8.84764 5.52752 2.83182
threshold=-1.628403306007385 0.83191916346549999 1.9106587767601015 -0.066747080534696565 -0.2875304371118545 0.84040763974189769
decision_type=2 2 2 2 2 2
left_child=1 5 4 -4 -2 -1
right_child=2 -3 3 -5 -6 -7
leaf_value=0.0024189768573726345 0.003532933243978621 -0.0010345684635692431 0.0087312506234639656 -0.0012452028905925588 -0.0014447869448813281 0.016234350237417986
leaf_weight=48.71078073233366 220.03087035566568 34.982042960822582 129.6311457939446 144.0442209020257 1120.9242776446044 26.534494876861572
leaf_count=165 691 128 460 457 3653 73
internal_value=0.000668595 0.00664058 0.000147935 0.00354881 -0.000544015 0.0103067
internal_weight=1724.86 110.227 1614.63 273.675 1340.96 75.2453
internal_count=5627 366 5261 917 4344 238
is_linear=0
shrinkage=0.03


Tree=142
num_leaves=7
num_cat=0
split_feature=14 10 12 18 23 16
split_gain=7.49471 10.2058 11.7106 9.62701 9.08306 9.2748
threshold=0.011414342094212772 1.0473538041114809 1.1155275106430056 0.72020840644836437 1.0000000180025095e-35 -0.24121786653995511
decision_type=2 2 2 2 2 2
left_child=1 3 -3 -1 5 -2
right_child=4 2 -4 -5 -6 -7
leaf_value=-0.004196109366087125 0.0081971258453192725 0 0.010027190637661861 0.0097072930575822398 -0.0065439879978706579 -0.00080939080079030191
leaf_weight=215.41525811702013 97.885256968438625 171.40194237604737 231.69093850255013 34.28291355073452 193.50354369729757 761.13165682926774
leaf_count=704 286 555 654 110 605 2678
internal_value=0.000530663 0.00303013 0.00590776 -0.00148643 -0.000991203 0.000311802
internal_weight=1705.31 652.791 403.093 249.698 1052.52 859.017
internal_count=5592 2023 1209 814 3569 2964
is_linear=0
shrinkage=0.03


Tree=143
num_leaves=7
num_cat=0
split_feature=14 1 0 11 0 3
split_gain=5.66697 4.59215 4.64766 3.8475 3.23934 0.879879
threshold=3.0612360239028935 0.37454925477504736 -2.3225803375244136 -0.39170117676258082 -1.9404410123825071 -0.59012147784233082
decision_type=2 2 2 2 2 2
left_child=1 2 -1 -2 -3 -5
right_child=3 4 -4 5 -6 -7
leaf_value=0.0033856853093195906 -0.00052662566253489031 -0.010204799878404293 -0.00096689115166932141 0.011242692072697721 -0.00062969100262301036 0.00069281790235639997
leaf_weight=248.25746154971421 40.141514502465725 55.052152346819639 1196.7227064445615 47.60193732753396 86.211490500718355 25.695616137236357
leaf_count=821 179 191 3865 150 292 97
internal_value=-0.00019827 -0.000722789 -0.00014212 0.00569559 -0.00553611 0.00912871
internal_weight=1699.68 1586.24 1444.98 113.439 141.264 73.2976
internal_count=5595 5169 4686 426 483 247
is_linear=0
shrinkage=0.03


Tree=144
num_leaves=7
num_cat=0
split_feature=8 6 17 19 17 13
split_gain=4.13718 11.7022 9.03842 10.1381 7.06006 6.72833
threshold=-0.19991372525691983 0.21555455029010775 -1.971886873245239 1.0425418019294741 0.56330159306526195 -0.0093793179839849455
decision_type=2 2 2 2 2 2
left_child=2 5 -1 -4 -3 -2
right_child=1 4 3 -5 -6 -7
leaf_value=-0.0084026090732510876 -0.0050964588246869618 0 0.0051141037714153761 -0.00047117108491660662 -0.015429444296135804 0.0032660439071079358
leaf_weight=65.940104983747005 109.30061469599605 47.293382130563259 441.75151582993567 744.95210814103484 61.975530937314034 236.44496778026223
leaf_count=200 373 158 1401 2482 218 747
internal_value=0 -0.00237001 0.000910625 0.00160853 -0.0100904 0.000324229
internal_weight=1707.66 455.014 1252.64 1186.7 109.269 345.746
internal_count=5579 1496 4083 3883 376 1120
is_linear=0
shrinkage=0.03


Tree=145
num_leaves=7
num_cat=0
split_feature=0 8 16 17 19 16
split_gain=5.90146 7.95563 9.83394 7.89919 9.30151 9.12265
threshold=-1.4729832410812376 -0.13799747079610822 0.38464193046092993 1.7027866840362551 0.89739280939102184 0.027408795431256298
decision_type=2 2 2 2 2 2
left_child=1 -1 -3 4 -2 -5
right_child=3 2 -4 5 -6 -7
leaf_value=0.00022860893624546016 0.0063680036782981829 -0.011759206923468025 0 -0.0031135721127905978 -0.0017264736377493053 0.01195210612070086
leaf_weight=753.26571354083717 158.45180650800467 106.06843861192465 116.80929622426629 32.64146463572979 418.23628597706556 110.22102110087872
leaf_count=2539 477 364 421 97 1324 356
internal_value=0.000259559 -0.00121164 -0.00594432 0.00231531 0.000535922 0.00818183
internal_weight=1695.69 976.143 222.878 719.551 576.688 142.862
internal_count=5578 3324 785 2254 1801 453
is_linear=0
shrinkage=0.03


Tree=146
num_leaves=5
num_cat=0
split_feature=14 14 7 10
split_gain=3.77884 6.63549 3.96914 3.95276
threshold=-0.94385063648223866 -0.66071701049804676 0.50818669795990001 1.7643679380416872
decision_type=2 2 2 2
left_child=-1 2 -2 -3
right_child=1 3 -4 -5
leaf_value=0.0082752392396559914 -0.01221723504335806 0.0011558184151791648 0 -0.0023296782888089338
leaf_weight=29.86592723429203 42.875500798225403 1244.8901638183743 28.50712663680315 355.67350269854069
leaf_count=98 138 4144 107 1104
internal_value=0.000122325 -8.39454e-05 -0.00797543 0.000325063
internal_weight=1701.81 1671.95 71.3826 1600.56
internal_count=5591 5493 245 5248
is_linear=0
shrinkage=0.03


Tree=147
num_leaves=7
num_cat=0
split_feature=11 0 16 3 0 13
split_gain=4.45901 8.9814 9.97495 6.74558 6.52087 9.28
threshold=0.085680492222309126 -1.6637264490127561 -1.0105527043342588 -1.6307436823844907 -1.6784259676933286 0.66753026843070995
decision_type=2 2 2 2 2 2
left_child=1 2 -1 -3 5 -2
right_child=4 3 -4 -5 -6 -7
leaf_value=0.0083140306778230581 0.0090726454436227122 -0.0071548116063871511 -0.005243798233126591 0.0026580252407216302 -0.00071416544052744862 -0.00079344167638194739
leaf_weight=33.077559858560562 180.69303761050105 50.080463737249374 477.3651447147131 494.2170400172472 349.02748199179769 126.68671224080026
leaf_count=102 557 174 1731 1553 1107 399
internal_value=1.12516e-05 -0.00115507 -0.00397177 0.00142724 0.00195279 0.005023
internal_weight=1711.15 1054.74 510.443 544.298 656.407 307.38
internal_count=5623 3560 1833 1727 2063 956
is_linear=0
shrinkage=0.03


Tree=148
num_leaves=7
num_cat=0
split_feature=2 14 5 12 12 8
split_gain=7.10698 6.80788 9.68015 8.60784 4.82165 7.47462
threshold=-0.024886962957680222 1.6046449542045595 0.39572137594223028 2.1688545942306523 0.67591503262519848 -0.79514873027801503
decision_type=2 2 2 2 2 2
left_child=1 3 -3 -1 5 -2
right_child=4 2 -4 -5 -6 -7
leaf_value=-0.0019382747861284926 0.00025463846413745304 0.007551394582547089 -0.0063885899223279606 0.0068590878475400978 -3.9794323468044653e-05 -0.0082037460722091116
leaf_weight=474.10779116302729 138.97263953648508 248.59910650551319 33.278393618762493 105.26198957115412 488.36174865625799 200.20718933269382
leaf_count=1469 493 836 115 307 1644 725
internal_value=-0.000115218 0.00173548 0.00539266 -6.42903e-05 -0.00210759 -0.00474983
internal_weight=1688.79 861.247 281.878 579.37 827.542 339.18
internal_count=5589 2727 951 1776 2862 1218
is_linear=0
shrinkage=0.03


Tree=149
num_leaves=7
num_cat=0
split_feature=0 3 3 13 0 13
split_gain=5.57493 8.96058 11.4392 5.74736 6.75741 1.49249
threshold=-0.81678068637847889 -1.5931830406188963 -0.63468959927558888 -2.0669546127319331 -0.94131574034690846 0.38297864794731146
decision_type=2 2 2 2 2 2
left_child=3 5 -3 -1 -5 -2
right_child=1 2 -4 4 -6 -7
leaf_value=0.0086829483045385864 0 0.013891119547575451 0 -0.00017083702830632036 -0.0090789204149167926 -0.008646021694932244
leaf_weight=40.349778868257999 27.363862462341785 92.475942328572273 109.79675516486168 1331.3038094062358 62.598381619900465 21.891912624239922
leaf_count=152 93 272 329 4481 186 73
internal_value=0.000389116 0.00434757 0.00716424 -0.000314074 -0.000736088 -0.00508155
internal_weight=1685.78 251.528 202.273 1434.25 1393.9 49.2558
internal_count=5586 767 601 4819 4667 166
is_linear=0
shrinkage=0.03


Tree=150
num_leaves=7
num_cat=0
split_feature=9 11 18 18 7 18
split_gain=5.0475 9.26442 10.3365 6.23501 12.3059 10.1037
threshold=-0.088212758302688585 -0.50915104150772084 0.30154821276664739 0.2618579119443894 -1.340720474720001 0.63565638661384594
decision_type=2 2 2 2 2 2
left_child=1 -1 -3 4 -2 -5
right_child=3 2 -4 5 -6 -7
leaf_value=-0.0040320511932087589 -0.010285625517003858 0 0.0080865192062281634 -0.0081025384095965245 0.0021969975195421107 0.00080555842048615268
leaf_weight=166.59135007485747 62.032495930790901 308.70286316424608 234.72552318684757 239.47607861831784 495.24991714954376 179.31003528274596
leaf_count=598 198 1013 748 797 1638 588
internal_value=-0.000181936 0.00167559 0.00361281 -0.0015999 0.000395382 -0.00428878
internal_weight=1686.09 710.02 543.428 976.069 557.282 418.786
internal_count=5580 2359 1761 3221 1836 1385
is_linear=0
shrinkage=0.03


Tree=151
num_leaves=7
num_cat=0
split_feature=3 13 13 2 13 12
split_gain=5.07958 10.7164 12.9195 11.4678 10.6114 12.9629
threshold=-1.3780869245529173 1.0000000180025095e-35 -0.56181594729423512 0.14929969608783725 -0.062380651012063019 1.1155275106430056
decision_type=2 2 2 2 2 2
left_child=4 2 -2 -3 -1 -6
right_child=1 3 -4 -5 5 -7
leaf_value=0.0047071614064050993 0.0025843158116048478 0.0045645257307416667 -0.0084039111990186453 -0.0027105390852770425 -0.013398069089561293 -0.0009235892144111034
leaf_weight=97.245248513296247 149.16768163070083 642.77271877229214 196.00497629679739 249.74574919044971 105.41907572001219 224.15244672819972
leaf_count=345 505 2050 643 894 365 735
internal_value=-0.000260014 0.000680599 -0.00360954 0.00244826 -0.00303028 -0.00562366
internal_weight=1664.51 1237.69 345.173 892.518 426.817 329.572
internal_count=5537 4092 1148 2944 1445 1100
is_linear=0
shrinkage=0.03


Tree=152
num_leaves=6
num_cat=0
split_feature=9 18 17 16 3
split_gain=4.2057 9.41168 5.69794 13.0204 7.7914
threshold=0.57439658045768749 -0.15416438877582547 -0.42946700751781458 0.78951343894004833 -1.145447790622711
decision_type=2 2 2 2 2
left_child=2 -2 3 -1 -4
right_child=1 -3 4 -5 -6
leaf_value=0.00099038381885609215 0.0042040190749374554 -0.012430082905126254 -0.0032010310142529886 0.016019353358687264 0.0015853914530697944
leaf_weight=279.16087462566793 34.41428355127573 48.536087539047003 463.08505115285516 47.959828287363052 809.51876306906343
leaf_count=906 112 170 1595 146 2661
internal_value=0.000346835 -0.00547012 0.000749324 0.00416269 -0.000132491
internal_weight=1682.67 82.9504 1599.72 327.121 1272.6
internal_count=5590 282 5308 1052 4256
is_linear=0
shrinkage=0.03


Tree=153
num_leaves=7
num_cat=0
split_feature=9 13 4 1 9 7
split_gain=4.96738 8.1091 9.85991 5.88275 5.28302 2.23029
threshold=-0.30714657902717585 0.25619918107986456 -0.27377657592296595 0.4068600088357926 -0.2202070206403732 0.46045102179050451
decision_type=2 2 2 2 2 2
left_child=1 5 -3 4 -2 -1
right_child=3 2 -4 -5 -6 -7
leaf_value=0.01263855236334185 -0.0057953029134015181 0.0072576280307189251 -0.0078974269286046367 -0.0071856256629400355 -5.1598563638205536e-05 0.00023955296847314378
leaf_weight=51.633543871343136 147.16773635149002 45.015981964766979 71.714800402522087 129.20397001318634 1216.0507258214056 29.549401890486479
leaf_count=157 513 144 243 464 4009 107
internal_value=-0.000841896 0.00332593 -0.0014075 -0.00147094 -0.000789872 0.00965789
internal_weight=1690.34 197.914 116.731 1492.42 1363.22 81.1829
internal_count=5637 651 387 4986 4522 264
is_linear=0
shrinkage=0.03


Tree=154
num_leaves=6
num_cat=0
split_feature=19 19 4 8 10
split_gain=4.73771 6.74051 6.7862 3.86757 3.63325
threshold=1.6545274257659914 1.331133306026459 0.14717595279216769 -0.61077091097831715 0.60855594277381908
decision_type=2 2 2 2 2
left_child=1 4 -3 -2 -1
right_child=3 2 -4 -5 -6
leaf_value=0.0045647143221781011 0.011384325651238945 -0.0011614374577702208 -0.012246146047838937 -0.00036917545063144905 -0.00010215984146169016
leaf_weight=147.77341443300247 37.820870373398066 187.33786917477846 59.35089373588562 26.219876673072577 1230.6653745472431
leaf_count=483 139 661 185 80 4045
internal_value=0 -0.000385674 -0.00477168 0.00691555 0.000413368
internal_weight=1689.17 1625.13 246.689 64.0407 1378.44
internal_count=5593 5374 846 219 4528
is_linear=0
shrinkage=0.03


Tree=155
num_leaves=5
num_cat=0
split_feature=7 7 13 5
split_gain=4.56761 4.57961 6.30429 5.99475
threshold=-3.1078292131423946 -1.2000759840011594 0.38921928405761724 0.81326776742935192
decision_type=2 2 2 2
left_child=-1 2 -2 -3
right_child=1 3 -4 -5
leaf_value=-0.0097839105740373071 0.0095467804108795382 -0.00073489607868414781 -0.0003785536958524803 0.010169811357499552
leaf_weight=22.315853513777256 85.876286573708057 1423.0216313488781 99.489065311849117 26.464596748352051
leaf_count=74 256 4822 322 84
internal_value=-2.1706e-05 0.000191927 0.00440943 -0.000359265
internal_weight=1657.17 1634.85 185.365 1449.49
internal_count=5558 5484 578 4906
is_linear=0
shrinkage=0.03


Tree=156
num_leaves=7
num_cat=0
split_feature=8 13 10 16 3 9
split_gain=6.31045 7.46084 5.76381 4.91471 3.02087 2.65372
threshold=0.52610188722610485 1.0962663888931277 1.8495894074440005 0.26962271332740789 -0.23300680518150327 -0.0043503064662218085
decision_type=2 2 2 2 2 2
left_child=1 2 -1 -3 5 -2
right_child=4 3 -4 -5 -6 -7
leaf_value=0.0022667551166930576 0 0.0020836768315341939 -0.0026954760739940657 -0.0093504710702302686 0 -0.01279981844294365
leaf_weight=1248.582168225199 25.988182112574577 30.247696310281754 224.94045500643551 81.555694196373224 42.390143491327763 40.09575454890728
leaf_count=4139 92 94 686 322 158 137
internal_value=0.000274353 0.000816308 0.00144312 -0.00595503 -0.00607325 -0.00930753
internal_weight=1693.8 1585.33 1473.52 111.803 108.474 66.0839
internal_count=5628 5241 4825 416 387 229
is_linear=0
shrinkage=0.03


Tree=157
num_leaves=7
num_cat=0
split_feature=13 7 4 7 17 11
split_gain=5.26617 6.32416 4.9388 8.88117 4.73807 2.77813
threshold=1.0962663888931277 -0.08451588079333304 -0.14173270016908643 -0.28351548314094538 2.5409414768218999 -0.64443761110305775
decision_type=2 2 2 2 2 2
left_child=2 -2 3 -1 -4 -3
right_child=1 5 4 -5 -6 -7
leaf_value=-0.0027807378444123431 0.002076364196831328 0 0.00024481364926064918 0.0052943833720402378 -0.0070796396348079809 -0.01289089959823168
leaf_weight=144.35705124586821 45.22472595050931 18.880974851548672 930.42280087061226 422.20021618530154 65.895602747797966 49.815255433320999
leaf_count=465 157 73 3102 1396 222 202
internal_value=0.000404098 -0.00524966 0.000915239 0.00310992 -0.000310369 -0.0101297
internal_weight=1676.8 113.921 1562.88 566.557 996.318 68.6962
internal_count=5617 432 5185 1861 3324 275
is_linear=0
shrinkage=0.03


Tree=158
num_leaves=7
num_cat=0
split_feature=1 7 2 13 9 0
split_gain=4.65614 10.8152 11.4227 9.2664 4.58187 5.07239
threshold=-0.18526773154735562 0.69812485575675975 -0.46742887794971461 0.41548794507980352 -0.38645716011524195 -1.468545079231262
decision_type=2 2 2 2 2 2
left_child=1 2 -1 -3 -2 -6
right_child=4 3 -4 -5 5 -7
leaf_value=-0.0040222258876251478 0.005626531220950335 -0.011504378255838775 0.0086171812328336463 0.0021892533379030865 -0.003304098566722047 0.00054616365012100359
leaf_weight=65.400681205093861 62.945393189787865 57.57976832985878 235.80172941461205 79.512233432382345 652.38483256101608 516.85705153271556
leaf_count=217 214 177 754 266 2312 1646
internal_value=-9.20327e-05 0.00245724 0.0056064 -0.00391267 -0.0010715 -0.0015711
internal_weight=1670.48 438.294 301.202 137.092 1232.19 1169.24
internal_count=5586 1414 971 443 4172 3958
is_linear=0
shrinkage=0.03


Tree=159
num_leaves=7
num_cat=0
split_feature=8 13 6 8 14 16
split_gain=4.79882 5.4452 4.82284 9.61717 6.21132 1.87874
threshold=-1.628403306007385 0.76420325040817272 0.050345467403531081 -0.93394908308982838 1.6439553499221804 0.56346634030342113
decision_type=2 2 2 2 2 2
left_child=1 5 3 -2 -4 -1
right_child=2 -3 4 -5 -6 -7
leaf_value=0.00025837210101004477 -0.0036908793403265337 -0.0017362920791995937 -0.00010540600853950603 0.002739863658114221 -0.0064905183072876665 0.012942772466343885
leaf_weight=25.834817670285702 270.01817025989294 38.87351256981492 406.01635866612196 704.59052377380431 204.35774213448167 42.500627100467682
leaf_count=80 888 149 1339 2276 781 137
internal_value=7.18767e-06 0.0056486 -0.00040265 0.000859491 -0.00247647 0.00997079
internal_weight=1692.19 107.209 1584.98 974.609 610.374 68.3354
internal_count=5650 366 5284 3164 2120 217
is_linear=0
shrinkage=0.03


Tree=160
num_leaves=7
num_cat=0
split_feature=14 18 9 16 17 8
split_gain=4.55884 10.1065 4.67855 10.7692 5.18828 2.07714
threshold=3.084875345230103 -0.11978574469685553 0.2122864052653313 -0.11385540291666983 1.6331421732902529 -0.3631432950496673
decision_type=2 2 2 2 2 2
left_child=2 -2 4 -4 -1 -3
right_child=1 5 3 -5 -6 -7
leaf_value=-0.00070129083685032192 0.013047736219072525 0.00097791889435699638 0.0051576313056282564 -0.0064776342585592872 0.0036588269445497904 -0.0076114391926392173
leaf_weight=927.69484209641814 52.63760157674551 32.870968643575907 74.506219185888767 254.50549048185349 307.30109137669206 20.463605158030987
leaf_count=3015 192 132 234 848 1077 80
internal_value=0 0.0054891 -0.000440522 -0.00352629 0.000376837 -0.00267654
internal_weight=1669.98 105.972 1564.01 329.012 1235 53.3346
internal_count=5578 404 5174 1082 4092 212
is_linear=0
shrinkage=0.03


Tree=161
num_leaves=5
num_cat=0
split_feature=14 14 11 5
split_gain=4.86768 6.21305 5.00034 3.31075
threshold=-0.94385063648223866 -0.66071701049804676 0.45877446234226232 0.029193821363151077
decision_type=2 2 2 2
left_child=-1 3 -3 -2
right_child=1 2 -4 -5
leaf_value=0.0095632989942089006 -0.01158076952108637 -0.00074057019123451267 0.0032162998349982487 0
leaf_weight=26.670400962233543 44.512841515243053 1213.8063277024776 352.71187739260495 26.111227236688137
leaf_count=88 172 4158 1086 79
internal_value=0 -0.000260656 0.000141841 -0.00791156
internal_weight=1663.81 1637.14 1566.52 70.6241
internal_count=5583 5495 5244 251
is_linear=0
shrinkage=0.03


Tree=162
num_leaves=5
num_cat=0
split_feature=10 5 19 12
split_gain=4.70616 3.38358 6.69332 4.59059
threshold=0.17604673653841021 -0.098424904048442827 1.0469920039176943 0.67591503262519848
decision_type=2 2 2 2
left_child=-1 2 -2 -3
right_child=1 3 -4 -5
leaf_value=0.010012158926567951 0.0042122636330513908 -0.0033483412592446131 -0.0035835972465583349 0.00045748156239089317
leaf_weight=23.647131502628326 351.84501589089632 404.69553820230067 110.10350065305829 796.09595767967403
leaf_count=75 1144 1400 391 2628
internal_value=0.000286216 0 0.00215805 -0.000809865
internal_weight=1686.39 1662.74 461.949 1200.79
internal_count=5638 5563 1535 4028
is_linear=0
shrinkage=0.03


Tree=163
num_leaves=7
num_cat=0
split_feature=4 5 6 16 2 6
split_gain=6.7945 7.99053 9.19263 7.02545 4.90537 7.57426
threshold=-0.14948049932718274 -0.092897318303585039 0.1308783441781998 -0.22126606106758115 0.083842243999242796 0.10152991116046907
decision_type=2 2 2 2 2 2
left_child=4 2 -2 -3 -1 -6
right_child=1 3 -4 -5 5 -7
leaf_value=0.0044500449661302108 0.0057363667550026981 0.0053313560682110052 -0.0036382195812830849 -0.0038607761736759558 -0.0071320045431703784 0.0048213850949454231
leaf_weight=439.86925646662712 241.43322731554508 61.317874416708946 122.36023741960526 666.3706126101315 80.767885122448206 67.255116440355778
leaf_count=1411 757 183 439 2285 289 258
internal_value=0.000302348 -0.00105683 0.00240165 -0.00288407 0.00287625 -0.00141639
internal_weight=1679.37 1091.48 363.793 727.688 587.892 148.023
internal_count=5622 3664 1196 2468 1958 547
is_linear=0
shrinkage=0.03


Tree=164
num_leaves=7
num_cat=0
split_feature=11 0 0 10 7 19
split_gain=4.99163 8.81462 6.09539 10.9667 6.08903 5.43918
threshold=-0.035274818539619439 -0.52278217673301686 -0.49898301064968104 1.4276609420776369 0.85249334573745739 1.1154686212539675
decision_type=2 2 2 2 2 2
left_child=1 5 4 -4 -2 -1
right_child=2 -3 3 -5 -6 -7
leaf_value=-0.00010682961335901624 0.001108871170664965 0.0074550488541995823 -0.013960151707348977 0.0048247617110386927 0.0084663524274628706 -0.004985623616820355
leaf_weight=458.47297375276685 561.57991096004844 66.322656109929085 38.420654498040676 32.847785726189613 114.71145047619939 397.57739251479506
leaf_count=1592 1814 201 121 96 378 1426
internal_value=-8.55836e-05 -0.00158054 0.00167391 -0.00548474 0.00265034 -0.00250328
internal_weight=1669.93 922.373 747.56 71.2684 676.291 856.05
internal_count=5628 3219 2409 217 2192 3018
is_linear=0
shrinkage=0.03


Tree=165
num_leaves=7
num_cat=0
split_feature=15 16 14 4 7 7
split_gain=5.69176 6.59499 6.45848 5.27962 7.70542 4.8757
threshold=-2.0520184040069576 0.29820558428764349 -0.32210198044776911 0.69602620601654064 0.30951550602912908 -0.21016024053096768
decision_type=2 2 2 2 2 2
left_child=1 -1 -3 4 -2 -5
right_child=3 2 -4 5 -6 -7
leaf_value=0.0040766692696619393 0.0030500623227438213 0.0019132874618700542 -0.010860906491629702 -0.010299520905196197 -0.0013785791764057613 0
leaf_weight=35.304563283920288 749.08973796665668 31.485101841390133 111.91368523240089 55.10547087341547 616.82605474069715 71.253027983009815
leaf_count=128 2421 106 416 182 2157 213
internal_value=-0.000180156 -0.00497595 -0.00779808 0.000412688 0.00101583 -0.00494511
internal_weight=1670.98 178.703 143.399 1492.27 1365.92 126.358
internal_count=5623 650 522 4973 4578 395
is_linear=0
shrinkage=0.03


Tree=166
num_leaves=6
num_cat=0
split_feature=13 7 10 19 10
split_gain=4.99897 4.64835 3.4754 7.78178 5.48708
threshold=1.1875138878822329 -0.39334884285926813 0.97203239798545849 1.0586677789688113 1.7852675914764407
decision_type=2 2 2 2 2
left_child=2 -2 3 -1 -4
right_child=1 -3 4 -5 -6
leaf_value=0.0017550189173469529 0.0012384480603956939 -0.011537003002654533 0.0024456219277422782 -0.0061725642376112026 -0.0020780051265194793
leaf_weight=211.15909979492426 24.588390551507473 43.02010602504015 875.44331851229072 185.98003515973687 299.64225568622351
leaf_count=727 84 178 2928 710 943
internal_value=0 -0.00698383 0.000376807 -0.00193158 0.00122644
internal_weight=1639.83 67.6085 1572.22 397.139 1175.09
internal_count=5570 262 5308 1437 3871
is_linear=0
shrinkage=0.03


Tree=167
num_leaves=7
num_cat=0
split_feature=10 0 5 5 6 6
split_gain=5.12223 7.41732 8.94816 7.53773 7.23088 8.96877
threshold=1.7643679380416872 -2.3225803375244136 0.4379315078258515 0.26811137795448309 -0.04612730257213115 0.30365344882011419
decision_type=2 2 2 2 2 2
left_child=1 2 -1 -3 -2 -6
right_child=4 3 -4 -5 5 -7
leaf_value=0.0075886112987814426 0.0020365100429850999 -0.0021680468374681142 -0.0067065931675315731 0.0033371944081163419 -0.010892562941386155 2.6810630842905471e-06
leaf_weight=193.38892690651119 112.80478404089808 803.50351183488965 27.637436103075743 282.98025434836745 139.06234581768513 99.860592622309923
leaf_count=650 340 2819 96 926 451 323
internal_value=-0.000486093 0.000350695 0.005144 -0.00064555 -0.00360968 -0.00645858
internal_weight=1659.24 1307.51 221.026 1086.48 351.728 238.923
internal_count=5605 4491 746 3745 1114 774
is_linear=0
shrinkage=0.03


Tree=168
num_leaves=7
num_cat=0
split_feature=18 8 7 0 18 1
split_gain=5.69982 7.1752 6.99909 16.1042 7.4962 6.8591
threshold=-0.14215494692325589 -1.2490025162696836 1.158386826515198 -0.87063974142074574 0.62590873241424572 0.4068600088357926
decision_type=2 2 2 2 2 2
left_child=1 -1 4 -4 -2 -3
right_child=2 5 3 -5 -6 -7
leaf_value=0.0082133577772201573 -0.0024672425768975741 0.0015284499967113379 -0.013707645530005299 0.0058947830998664179 0.0032387672085157737 -0.008750274813352138
leaf_weight=111.08070325106382 607.27550476975739 470.09534060955048 93.555616028606892 37.665109775960445 285.1871997974813 45.975406758487225
leaf_count=400 2032 1588 368 116 944 166
internal_value=-0.000243873 0.00192906 -0.00164405 -0.0076488 -0.000547102 0.000208523
internal_weight=1650.83 627.151 1023.68 131.221 892.463 516.071
internal_count=5614 2154 3460 484 2976 1754
is_linear=0
shrinkage=0.03


Tree=169
num_leaves=7
num_cat=0
split_feature=14 5 11 10 11 9
split_gain=5.53325 15.5359 10.1689 12.0094 9.24699 6.98022
threshold=0.043363161385059364 0.16848994046449664 0.43095575273036962 0.76243850588798534 0.91075927019119274 0.20336862653493884
decision_type=2 2 2 2 2 2
left_child=1 -1 3 -2 -4 -3
right_child=2 5 4 -5 -6 -7
leaf_value=-0.0023461288696161164 0.0059079530551670494 0.0087679122683684153 0.007152377455494574 -0.0048806554820777634 -0.0044801528420734373 -0.0019372687603805621
leaf_weight=359.9107555821538 84.802142839878798 236.58944212272763 162.57665108144283 692.14746119454503 69.788487810641527 50.760411985218525
leaf_count=1201 322 739 511 2470 225 154
internal_value=-0.000436388 0.00165056 -0.00183908 -0.00350911 0.00334274 0.00667862
internal_weight=1656.58 647.261 1009.31 776.95 232.365 287.35
internal_count=5622 2094 3528 2792 736 893
is_linear=0
shrinkage=0.03


Tree=170
num_leaves=7
num_cat=0
split_feature=0 7 4 18 7 18
split_gain=3.94585 8.54922 10.8771 9.32516 8.17363 9.48813
threshold=-1.468545079231262 -0.074577882885932908 -0.15519550442695615 -0.79403486847877491 1.2973255515098574 -0.099151603877544389
decision_type=2 2 2 2 2 2
left_child=4 3 -3 -2 -1 -6
right_child=1 2 -4 -5 5 -7
leaf_value=0 -0.0033305210178107771 0.0051331997928123294 -0.004395354484515333 0.0086904493426120007 0.0007084430259332601 -0.016250439921477709
leaf_weight=879.74626467376947 56.775496020913124 153.55556751415133 259.11319888755679 216.25568186491728 40.997597485780716 43.375955417752266
leaf_count=3086 177 524 863 650 142 165
internal_value=0.000248917 0.00198606 -0.000637684 0.00592929 -0.000940854 -0.00887844
internal_weight=1649.82 685.7 412.669 273.031 964.12 84.3736
internal_count=5607 2214 1387 827 3393 307
is_linear=0
shrinkage=0.03


Tree=171
num_leaves=7
num_cat=0
split_feature=8 17 0 10 18 10
split_gain=6.141 7.81525 10.4517 7.77195 8.69167 8.46138
threshold=-0.10098308324813841 0.45728589594364172 -1.483926475048065 1.4341126680374148 -1.1065637469291685 0.59848695993423473
decision_type=2 2 2 2 2 2
left_child=3 2 -2 5 -5 -1
right_child=1 -3 -4 4 -6 -7
leaf_value=0.0054094166395228837 -0.0046135574484744727 -0.0067084927626971397 0.0091765181776452074 -0.0037686692520886179 0.0052062377848401363 -0.0027623816030656876
leaf_weight=118.96948495879769 88.010401766747236 226.27179220318794 68.835140030831099 97.650609031319618 471.77139976248145 566.36357689276338
leaf_count=407 297 813 208 332 1503 2023
internal_value=-5.20854e-05 -0.00331226 0.0014526 0.000932631 0.00348968 -0.00114558
internal_weight=1637.87 383.117 156.846 1254.76 569.422 685.333
internal_count=5583 1318 505 4265 1835 2430
is_linear=0
shrinkage=0.03


Tree=172
num_leaves=5
num_cat=0
split_feature=14 11 3 3
split_gain=4.79993 5.57786 10.1763 4.85185
threshold=-0.90565624833106984 -1.0363744497299192 0.913029044866562 0.48397772014141088
decision_type=2 2 2 2
left_child=-1 2 -2 -3
right_child=1 3 -4 -5
leaf_value=0.0082360215401569709 -0.010174466556331873 0.0003440572263352731 0.0045208275972037065 -0.0050619367872532673
leaf_weight=32.87148455530405 116.41357951983809 1309.1734769120812 41.278780050575733 147.13429842144251
leaf_count=111 412 4439 131 528
internal_value=-0.00056643 -0.000881038 -0.00591418 -0.000222658
internal_weight=1646.87 1614 157.692 1456.31
internal_count=5621 5510 543 4967
is_linear=0
shrinkage=0.03


Tree=173
num_leaves=7
num_cat=0
split_feature=16 13 1 3 13 15
split_gain=4.2053 8.26241 7.30154 6.87396 14.3499 10.1673
threshold=0.52076646685600292 0.71389448642730724 -0.18526773154735562 -1.4572536945343015 0.61869919300079357 -0.85894909501075734
decision_type=2 2 2 2 2 2
left_child=1 2 -1 5 -5 -2
right_child=3 -3 -4 4 -6 -7
leaf_value=0.0053662236290727547 0.0022542193565645227 -0.0062044941084926945 -0.001796048967709338 -0.00037011543211241027 0.0088073815043796296 -0.0089636684363876267
leaf_weight=163.67387837544084 147.9428994320333 224.35814399830997 394.93320572189987 370.4692910797894 226.76532399281859 103.9806756451726
leaf_count=524 548 794 1356 1240 782 357
internal_value=0 -0.00158877 0.000311774 0.00142218 0.00318977 -0.00247401
internal_weight=1632.12 782.965 558.607 849.158 597.235 251.924
internal_count=5601 2674 1880 2927 2022 905
is_linear=0
shrinkage=0.03


Tree=174
num_leaves=7
num_cat=0
split_feature=1 6 4 7 7 8
split_gain=3.30475 4.65513 3.86631 3.18316 4.31927 2.3645
threshold=0.4297384917736054 0.48951451480388647 -0.13322972506284711 0.78613176941871654 -0.66506433486938465 -0.39784234762191767
decision_type=2 2 2 2 2 2
left_child=1 2 -1 4 -2 -3
right_child=3 5 -4 -5 -6 -7
leaf_value=0.0013060388693999711 0 0.011247507678472138 -0.0017613562847024122 0.000902769637965709 -0.011840972245933966 0
leaf_weight=598.78798873350024 30.319684885442257 27.448343485593796 865.03180287778378 36.434734590351582 52.080982018262148 25.539193578064442
leaf_count=2046 116 87 2975 126 195 91
internal_value=-0.000510972 -6.43651e-05 -0.000465485 -0.00494881 -0.0077931 0.00728588
internal_weight=1635.64 1516.81 1463.82 118.835 82.4007 52.9875
internal_count=5636 5199 5021 437 311 178
is_linear=0
shrinkage=0.03


Tree=175
num_leaves=7
num_cat=0
split_feature=17 0 7 13 2 5
split_gain=2.66141 13.6882 11.8372 7.05913 5.08098 6.21211
threshold=1.4996496438980105 -1.5538208484649656 0.47281084954738622 0.74853655695915233 -0.34608265757560724 0.25940302014350897
decision_type=2 2 2 2 2 2
left_child=4 2 -2 -3 -1 -6
right_child=1 3 -4 -5 5 -7
leaf_value=0.0038595762750659496 0.0022344568124809858 0.011204804748377626 -0.010561129912010938 -0.00045883664970463499 -0.0031928396186065725 0.0015342442767762507
leaf_weight=148.4102150388062 142.46521064266562 124.47049696743488 85.528767624869943 52.718760002404451 751.17604003101587 336.27304585650563
leaf_count=479 509 417 354 177 2595 1095
internal_value=-0.000187667 0.00182019 -0.0027883 0.0077357 -0.000912236 -0.00167559
internal_weight=1641.04 405.183 227.994 177.189 1235.86 1087.45
internal_count=5626 1457 863 594 4169 3690
is_linear=0
shrinkage=0.03


Tree=176
num_leaves=6
num_cat=0
split_feature=8 13 15 18 16
split_gain=4.80002 4.14691 7.32469 6.50229 2.28717
threshold=0.74069508910179149 0.73280182480812084 0.63898715376853954 0.71021056175231945 0.38464193046092993
decision_type=2 2 2 2 2
left_child=1 2 -1 -3 -2
right_child=4 3 -4 -5 -6
leaf_value=0.0022808260375742958 -0.010762031633589233 0 -0.0080362454449735051 -0.0096355403999098185 0
leaf_weight=1037.5233755707741 30.454684622585773 407.45559777319431 44.249757133424282 56.952418483793736 30.807691544294357
leaf_count=3478 115 1469 160 196 118
internal_value=0.000227243 0.000628563 0.00166613 -0.00163345 -0.00682502
internal_weight=1607.44 1546.18 1081.77 464.408 61.2624
internal_count=5536 5303 3638 1665 233
is_linear=0
shrinkage=0.03


Tree=177
num_leaves=5
num_cat=0
split_feature=14 14 8 14
split_gain=4.7579 4.84909 5.34689 3.39337
threshold=-0.99505871534347523 3.0612360239028935 -0.11063679307699202 -0.74244946241378773
decision_type=2 2 2 2
left_child=-1 3 -3 -2
right_child=1 2 -4 -5
leaf_value=0.0096981412808009072 -0.0070780101780168192 0.00840419598751449 -0.0042585387712925195 -0.00047332280396771166
leaf_weight=23.457191959023476 56.377608485519886 86.735262371599674 20.610680691897869 1445.5389650091529
leaf_count=75 200 333 86 4924
internal_value=-5.36925e-05 -0.00034997 0.00521479 -0.000850424
internal_weight=1632.72 1609.26 107.346 1501.92
internal_count=5618 5543 419 5124
is_linear=0
shrinkage=0.03


Tree=178
num_leaves=7
num_cat=0
split_feature=18 13 0 10 14 12
split_gain=4.94533 8.47815 9.26484 6.70647 8.16812 7.07632
threshold=0.63990354537963878 0.74853655695915233 -2.2358858585357662 0.66973027586936962 -0.093106910586357103 0.67591503262519848
decision_type=2 2 2 2 2 2
left_child=3 2 -2 4 -1 -5
right_child=1 -3 -4 5 -6 -7
leaf_value=-0.001591760568396162 -0.0042390629773083246 -0.0043808872719398022 0.0086792392882073192 -0.0047797579942868559 0.011110219543140752 -4.7452996480999115e-05
leaf_weight=78.022488180547953 45.881362117826939 83.824556898325682 182.35646826773882 497.33359977602959 61.993094310164452 690.80199035070837
leaf_count=277 160 292 597 1765 221 2337
internal_value=-0.000511588 0.0027169 0.00570834 -0.00134371 0.00434291 -0.00212431
internal_weight=1640.21 312.062 228.238 1328.15 140.016 1188.14
internal_count=5649 1049 757 4600 498 4102
is_linear=0
shrinkage=0.03


Tree=179
num_leaves=5
num_cat=0
split_feature=7 7 8 5
split_gain=4.66142 4.44403 6.22444 5.22072
threshold=-2.9683593511581416 -0.92315092682838429 0.40958414971828466 -0.14458005130290982
decision_type=2 2 2 2
left_child=-1 3 -3 -2
right_child=1 2 -4 -5
leaf_value=-0.0090714501823097229 0.0090693120328911754 0.00029553584807812697 -0.0071350597829550099 0.00024661132551171295
leaf_weight=27.757760517299175 88.057937309145927 1260.8656511176378 89.527505408972502 173.57875261083245
leaf_count=96 276 4346 338 573
internal_value=0.000115421 0.000419604 -0.000250252 0.00386224
internal_weight=1639.79 1612.03 1350.39 261.637
internal_count=5629 5533 4684 849
is_linear=0
shrinkage=0.03


end of trees

feature_importances:
Column_7=78
Column_14=72
Column_0=67
Column_13=63
Column_4=57
Column_5=56
Column_11=56
Column_16=54
Column_8=51
Column_17=50
Column_18=47
Column_10=46
Column_12=45
Column_1=44
Column_6=44
Column_9=44
Column_3=40
Column_15=35
Column_2=31
Column_19=30
Column_20=6
Column_23=2

parameters:
[boosting: gbdt]
[objective: lambdarank]
[metric: ndcg]
[tree_learner: serial]
[device_type: cpu]
[data_sample_strategy: bagging]
[data: ]
[valid: ]
[num_iterations: 180]
[learning_rate: 0.03]
[num_leaves: 7]
[num_threads: 1]
[seed: 17]
[deterministic: 1]
[force_col_wise: 1]
[force_row_wise: 0]
[histogram_pool_size: -1]
[max_depth: 3]
[min_data_in_leaf: 80]
[min_sum_hessian_in_leaf: 0.001]
[bagging_fraction: 0.8]
[pos_bagging_fraction: 1]
[neg_bagging_fraction: 1]
[bagging_freq: 1]
[bagging_seed: 26602]
[bagging_by_query: 0]
[feature_fraction: 0.8]
[feature_fraction_bynode: 1]
[feature_fraction_seed: 18297]
[extra_trees: 0]
[extra_seed: 13015]
[early_stopping_round: 0]
[early_stopping_min_delta: 0]
[first_metric_only: 0]
[max_delta_step: 0]
[lambda_l1: 2]
[lambda_l2: 20]
[linear_lambda: 0]
[min_gain_to_split: 0]
[drop_rate: 0.1]
[max_drop: 50]
[skip_drop: 0.5]
[xgboost_dart_mode: 0]
[uniform_drop: 0]
[drop_seed: 30017]
[top_rate: 0.2]
[other_rate: 0.1]
[min_data_per_group: 100]
[max_cat_threshold: 32]
[cat_l2: 10]
[cat_smooth: 10]
[max_cat_to_onehot: 4]
[top_k: 20]
[monotone_constraints: ]
[monotone_constraints_method: basic]
[monotone_penalty: 0]
[feature_contri: ]
[forcedsplits_filename: ]
[refit_decay_rate: 0.9]
[cegb_tradeoff: 1]
[cegb_penalty_split: 0]
[cegb_penalty_feature_lazy: ]
[cegb_penalty_feature_coupled: ]
[path_smooth: 0]
[interaction_constraints: ]
[verbosity: -1]
[saved_feature_importance_type: 0]
[use_quantized_grad: 0]
[num_grad_quant_bins: 4]
[quant_train_renew_leaf: 0]
[stochastic_rounding: 1]
[linear_tree: 0]
[max_bin: 255]
[max_bin_by_feature: ]
[min_data_in_bin: 3]
[bin_construct_sample_cnt: 200000]
[data_random_seed: 94]
[is_enable_sparse: 1]
[enable_bundle: 1]
[use_missing: 1]
[zero_as_missing: 0]
[feature_pre_filter: 1]
[pre_partition: 0]
[two_round: 0]
[header: 0]
[label_column: ]
[weight_column: ]
[group_column: ]
[ignore_column: ]
[categorical_feature: ]
[forcedbins_filename: ]
[precise_float_parser: 0]
[parser_config_file: ]
[objective_seed: 20363]
[num_class: 1]
[is_unbalance: 0]
[scale_pos_weight: 1]
[sigmoid: 1]
[boost_from_average: 1]
[reg_sqrt: 0]
[alpha: 0.9]
[fair_c: 1]
[poisson_max_delta_step: 0.7]
[tweedie_variance_power: 1.5]
[lambdarank_truncation_level: 30]
[lambdarank_norm: 1]
[label_gain: 0,1,2,3]
[lambdarank_position_bias_regularization: 0]
[eval_at: 2]
[multi_error_top_k: 1]
[auc_mu_weights: ]
[num_machines: 1]
[local_listen_port: 12400]
[time_out: 120]
[machine_list_filename: ]
[machines: ]
[gpu_platform_id: -1]
[gpu_device_id: -1]
[gpu_device_id_list: ]
[gpu_use_dp: 0]
[num_gpu: 1]

end of parameters

pandas_categorical:null
