tree
version=v4
num_class=1
num_tree_per_iteration=1
label_index=0
max_feature_idx=23
objective=lambdarank
feature_names=Column_0 Column_1 Column_2 Column_3 Column_4 Column_5 Column_6 Column_7 Column_8 Column_9 Column_10 Column_11 Column_12 Column_13 Column_14 Column_15 Column_16 Column_17 Column_18 Column_19 Column_20 Column_21 Column_22 Column_23
feature_infos=[-2.8707199096679688:1.3665225505828857] [-1.3829426765441895:2.5005612373352051] [-1.2473015785217285:2.8120923042297363] [-2.4748332500457764:2.6832125186920166] [-0.66183751821517944:1.5625426769256592] [-2.6019799709320068:1.1305116415023804] [-1.0771976709365845:3.0370988845825195] [-3.5495328903198242:1.9016095399856567] [-2.1968531608581543:2.1679477691650391] [-1.0730923414230347:1.9400030374526978] [-0.21451142430305481:2.5176265239715576] [-2.9535558223724365:2.4795088768005371] [-2.4684848785400391:3.1746187210083008] [-4.3413271903991699:1.7943376302719116] [-1.2829312086105347:4.3881587982177734] [-2.6704778671264648:2.63877272605896] [-4.3478174209594727:1.5158103704452515] [-2.7775058746337891:2.9774856567382812] [-4.8661012649536133:1.0569585561752319] [-3.5699975490570068:2.0383784770965576] [0:1] [0:1] [0:1] [0:1]
tree_sizes=885 882 900 881 903 893 877 902 692 906 691 891 899 893 905 679 900 768 902 686 692 899 896 903 906 903 899 901 882 885 879 898 894 887 876 887 876 890 905 772 887 905 693 792 695 903 851 893 896 891 897 902 906 690 788 690 901 905 888 883 776 881 903 877 669 885 895 910 689 900 879 904 903 903 901 879 872 899 893 906 693 897 897 901 903 880 885 884 907 585 884 906 905 897 878 890 906 902 900 908 898 878 905 903 906 874 908 906 892 851 906 772 902 798 901 903 778 908 882 904 798 905 906 899 799 898 890 900 891 902 906 890 908 752 877 909 879 905 906 889 910 778 904 902 896 773 681 667 908 903 900 885 837 740 904 885 896 899 903 905 890 904 902 884 894 875 794 893 874 905 893 900 899 682 879 892 910 885 659 908

Tree=0
num_leaves=7
num_cat=0
split_feature=0 14 12 17 9 1
split_gain=3.79211 4.76047 4.57153 2.89683 2.8219 2.0313
threshold=-1.4744830131530759 0.020299896597862247 1.0889088511466982 -0.27792678773403162 -0.12298034504055975 0.20123754441738131
decision_type=2 2 2 2 2 2
left_child=2 5 3 -1 -3 -2
right_child=1 4 -4 -5 -6 -7
leaf_value=0.0006352113086838517 0.0098150958271757613 0.0031069217178978596 0.00083961850839293646 -0.0085900437097662791 -0.0053904912106191071 0
leaf_weight=22.290306534618139 55.083804525434971 40.959847589954734 120.84473767690361 99.336726019158959 53.727906277403235 16.009873259812593
leaf_count=262 709 442 1298 1153 592 203
internal_value=-0.000481792 0.00265721 -0.00289551 -0.00662476 -0.00129074 0.00770297
internal_weight=408.253 165.781 242.472 121.627 94.6878 71.0937
internal_count=4659 1946 2713 1415 1034 912
is_linear=0
shrinkage=0.03


Tree=1
num_leaves=7
num_cat=0
split_feature=11 0 14 0 17 12
split_gain=60.8627 30.9991 33.3858 29.1836 71.7151 56.6371
threshold=-0.51352113485336293 -1.4065433144569395 0.54764780402183544 -1.4744830131530759 1.5825685262680056 2.3907675743103032
decision_type=2 2 2 2 2 2
left_child=1 -1 -3 5 -5 -2
right_child=3 2 -4 4 -6 -7
leaf_value=-0.01188308141821123 -0.00441256728170777 0.0060554803410378154 -0.012666092310364909 0.0015095308640707375 0.019270998712910908 0.0106172559274453
leaf_weight=443.77210306376219 849.00785688497126 242.82602129876614 107.21875208616257 767.03473975509405 265.56695540249348 284.35633393377066
leaf_count=805 1501 312 165 1054 354 446
internal_value=0.000187 -0.00679621 0 0.00281253 0.00641384 -0.000470906
internal_weight=2959.78 793.817 350.045 2165.97 1032.6 1133.36
internal_count=4637 1282 477 3355 1408 1947
is_linear=0
shrinkage=0.03


Tree=2
num_leaves=7
num_cat=0
split_feature=4 14 12 14 11 1
split_gain=48.6924 63.3435 51.0751 45.2269 39.6287 32.4872
threshold=-0.13325417041778562 0.64142918586730968 2.073189496994019 -0.29884746670722956 0.50957071781158458 0.15283785015344623
decision_type=2 2 2 2 2 2
left_child=2 3 5 -2 -3 -1
right_child=1 4 -4 -5 -6 -7
leaf_value=0.0038033747975548459 -0.0071603373058566552 -0.015067040262934076 0.013668358625452581 0.0063803728069105432 0.0010585766763873195 -0.009205205722451008
leaf_weight=722.98207698017359 314.93798815459013 441.0872014015913 379.30136486515403 631.26700737513602 182.12168917804956 204.33470583334565
leaf_count=1235 490 800 564 985 270 337
internal_value=0.000428996 -0.00309309 0.00468755 0.00175642 -0.0103749 0.000739765
internal_weight=2876.03 1569.41 1306.62 946.205 623.209 927.317
internal_count=4681 2545 2136 1475 1070 1572
is_linear=0
shrinkage=0.03


Tree=3
num_leaves=7
num_cat=0
split_feature=0 18 14 11 2 13
split_gain=43.335 61.582 72.266 41.1265 19.586 18.42
threshold=-1.5631610751152036 -1.5868367552757261 0.047536710277199752 -0.31879521906375879 0.099827140569686904 0.39103987812995916
decision_type=2 2 2 2 2 2
left_child=3 5 -3 -1 -5 -2
right_child=1 2 -4 4 -6 -7
leaf_value=-0.0097357367560418316 -0.018953697939292684 0.013921306930173429 -0.00088584143358405316 0.0041546763308957183 -0.0052748993320699952 0
leaf_weight=511.53412865102291 93.758594542741776 607.05761532112956 545.10028420388699 554.07559542730451 280.43516302108765 86.115420773625374
leaf_count=1014 144 880 968 1009 494 141
internal_value=0.000545198 0.00436789 0.00696909 -0.00320234 0.000866382 -0.0110237
internal_weight=2678.08 1332.03 1152.16 1346.04 834.511 179.874
internal_count=4650 2133 1848 2517 1503 285
is_linear=0
shrinkage=0.03


Tree=4
num_leaves=7
num_cat=0
split_feature=14 14 8 14 10 20
split_gain=35.7037 49.1208 39.8915 38.7795 35.4957 28.9377
threshold=0.084212526679039015 -0.28818386793136591 -1.0746718645095823 -0.93311592936515797 0.56867048144340526 1.0000000180025095e-35
decision_type=2 2 2 2 2 2
left_child=1 3 -3 -1 -2 -6
right_child=4 2 -4 -5 5 -7
leaf_value=0.017265544558040004 0.015989707670703276 0.02083042583384517 0.0045499184292765371 -0.0059591834859018715 -0.0071922803378009145 0.0018623959761390849
leaf_weight=54.765846341848373 65.322231933474541 182.3210087120533 505.58841177821159 443.19356050342321 847.10599558800459 476.35521718114614
leaf_count=88 135 263 800 751 1643 943
internal_value=0.000504365 0.00430929 0.0094162 -0.00272103 -0.00271708 -0.00390935
internal_weight=2574.65 1185.87 687.909 497.959 1388.78 1323.46
internal_count=4623 1902 1063 839 2721 2586
is_linear=0
shrinkage=0.03


Tree=5
num_leaves=7
num_cat=0
split_feature=0 17 12 14 14 0
split_gain=31.9097 48.634 39.5903 33.2584 26.0783 21.3761
threshold=-1.5751240253448484 1.6945902705192568 2.1142110824584965 2.407006144523621 0.047536710277199752 -2.5338484048843379
decision_type=2 2 2 2 2 2
left_child=2 4 5 -4 -2 -1
right_child=1 -3 3 -5 -6 -7
leaf_value=0.0065729529812581433 0.004917397678240871 0.013673359544362881 0.011363470220495085 -0.0061154218935670947 -0.0048837562397808431 -0.0079989145140628212
leaf_weight=81.95711413025856 482.8028808683157 302.48106515407562 237.99487619102001 136.98181726038456 454.67728830873966 816.25999584048986
leaf_count=151 758 518 380 268 893 1722
internal_value=0.000203844 0.00362207 -0.0030833 0.00484005 9.84601e-05 -0.00648976
internal_weight=2513.16 1239.96 1273.19 374.977 937.48 898.217
internal_count=4690 2169 2521 648 1651 1873
is_linear=0
shrinkage=0.03


Tree=6
num_leaves=7
num_cat=0
split_feature=2 11 7 3 5 11
split_gain=43.017 27.9595 37.4337 33.6698 24.0607 15.5015
threshold=0.09398935362696649 -0.49209657311439509 0.79097178578376781 -1.5464038848876951 0.58048337697982799 0.2689512968063355
decision_type=2 2 2 2 2 2
left_child=1 2 -1 -3 5 -2
right_child=4 3 -4 -5 -6 -7
leaf_value=0.0022962273173155212 -0.0094342858323290275 -0.0022651085587983527 -0.016326154077579955 0.0086551487328603849 0.011561450914388014 0
leaf_weight=297.3009954765439 538.14411717653275 340.82854623347521 118.95950172096491 833.23491214960814 50.362372189760208 235.51129303872585
leaf_count=603 1081 654 255 1565 96 435
internal_value=0.000187343 0.00308477 -0.00339265 0.00544993 -0.00527409 -0.00670935
internal_weight=2414.34 1590.32 416.26 1174.06 824.018 773.655
internal_count=4689 3077 858 2219 1612 1516
is_linear=0
shrinkage=0.03


Tree=7
num_leaves=7
num_cat=0
split_feature=0 12 14 17 11 18
split_gain=28.9783 41.7037 35.8984 31.9511 25.7393 23.1857
threshold=-1.5953487753868101 2.3907675743103032 0.038593215867877013 0.83238577842712413 -0.26531077921390528 -1.3955481052398679
decision_type=2 2 2 2 2 2
left_child=1 4 5 -4 -1 -2
right_child=2 -3 3 -5 -6 -7
leaf_value=-0.012410679670135974 -0.0062830499753316381 0.0064345547733916228 -0.0093808390315072657 0.0042727241985724132 -0.0019578084716412297 0.0097027554059730507
leaf_weight=404.20084714144468 76.314410328865051 248.88447683304548 290.10732151567936 283.18551257252693 474.29206588864326 556.3615668118
leaf_count=939 133 459 580 586 988 907
internal_value=-0.000479611 -0.0039239 0.00270277 -0.00261867 -0.00700323 0.00754915
internal_weight=2333.35 1127.38 1205.97 573.293 878.493 632.676
internal_count=4592 2386 2206 1166 1927 1040
is_linear=0
shrinkage=0.03


Tree=8
num_leaves=5
num_cat=0
split_feature=14 2 16 7
split_gain=34.2491 23.6096 26.9349 19.1063
threshold=-0.97187805175781239 0.028356108814477924 0.52519026398658764 0.24399533867836001
decision_type=2 2 2 2
left_child=-1 3 -3 -2
right_child=1 2 -4 -5
leaf_value=0.021492443979515094 0.0061557874940752801 -0.0091268228892769712 0.00075014566407381657 -0.0010726660558069004
leaf_weight=47.814068928360939 629.36522869765759 424.80824755132198 534.0824138969183 633.61341786384583
leaf_count=74 1243 896 1092 1326
internal_value=0.000484649 -0.000128374 -0.00366133 0.00252245
internal_weight=2269.68 2221.87 958.891 1262.98
internal_count=4631 4557 1988 2569
is_linear=0
shrinkage=0.03


Tree=9
num_leaves=7
num_cat=0
split_feature=1 15 18 16 11 14
split_gain=24.8255 22.5744 23.1397 20.1124 7.09333 7.0779
threshold=0.37327674031257635 -1.3612999916076658 -0.14071926474571225 0.47425058484077459 -0.10086350888013838 -0.046847650781273835
decision_type=2 2 2 2 2 2
left_child=1 2 -1 -3 5 -2
right_child=4 3 -4 -5 -6 -7
leaf_value=0.0032987671963643551 -0.020780378112765143 -0.00052848962891550143 -0.0075984282666352607 0.0066259796408941222 -0.0019553483082175218 -0.003844676041722628
leaf_weight=269.70698852837086 51.558814190328121 630.54101766645908 414.84927453100681 738.33345028758049 100.71799577027559 64.23326650261879
leaf_count=563 102 1302 878 1462 193 159
internal_value=1.98643e-05 0.00109596 -0.00324814 0.00332708 -0.00916204 -0.0137775
internal_weight=2269.94 2053.43 684.556 1368.87 216.51 115.792
internal_count=4659 4205 1441 2764 454 261
is_linear=0
shrinkage=0.03


Tree=10
num_leaves=5
num_cat=0
split_feature=10 12 10 19
split_gain=25.2237 20.0614 25.0672 24.3164
threshold=0.21555485576391223 0.71061390638351452 1.050710201263428 0.90274080634117138
decision_type=2 2 2 2
left_child=-1 3 -3 -2
right_child=1 2 -4 -5
leaf_value=0.017556243464454294 0.0017690509402245392 -0.0044036777559853862 0.0046083342478533173 -0.0080643786117063927
leaf_weight=54.211590141057968 383.04394050687551 362.93887382373214 965.44593117386103 487.14113676548004
leaf_count=103 814 798 1903 1030
internal_value=0.000343644 -0.000208174 0.00207279 -0.00372594
internal_weight=2252.78 2198.57 1328.38 870.185
internal_count=4648 4545 2701 1844
is_linear=0
shrinkage=0.03


Tree=11
num_leaves=7
num_cat=0
split_feature=1 4 7 3 12 10
split_gain=22.6808 24.6778 42.1567 28.4332 12.1479 13.6538
threshold=0.18991009891033175 -0.14338228106498715 0.19670845568180087 0.72319245338439953 1.1331716775894167 1.0843121409416201
decision_type=2 2 2 2 2 2
left_child=1 3 -3 -1 -2 -6
right_child=4 2 -4 -5 5 -7
leaf_value=0.0071043036537266112 -0.0099133376657821164 0.0044180188336448711 -0.0080806229381547492 -0.011984432341424961 -0.011246245372631088 0.0031547852739885283
leaf_weight=750.96356628835201 250.10300946980715 477.05771451443434 451.44378901273012 57.051194027066231 60.430746532976627 200.50539825111628
leaf_count=1541 571 933 1004 123 133 385
internal_value=0 0.00163972 -0.0016379 0.00542713 -0.0054356 -0.000530002
internal_weight=2247.56 1736.52 928.502 808.015 511.039 260.936
internal_count=4690 3601 1937 1664 1089 518
is_linear=0
shrinkage=0.03


Tree=12
num_leaves=7
num_cat=0
split_feature=10 14 5 7 14 14
split_gain=23.5845 27.1306 32.3046 24.0474 20.7723 15.7396
threshold=0.59347364306449901 0.020299896597862247 0.16807717829942706 1.3225802183151247 -0.19761612266302106 -0.86510783433914173
decision_type=2 2 2 2 2 2
left_child=4 2 -2 -3 5 -1
right_child=1 3 -4 -5 -6 -7
leaf_value=0.011811224916367494 -0.0028852809041145038 -0.002110196976978492 0.0088938306181113036 -0.016743503683196187 0.018325401713089044 -0.0064000331079203873
leaf_weight=50.423503562808037 366.37284754961729 1091.275602184236 431.87334638834 95.005865141749382 96.555135451257229 87.135068699717522
leaf_count=91 735 2461 765 229 209 185
internal_value=0.000355358 -0.000711649 0.00347584 -0.00359005 0.00898039 0.000546589
internal_weight=2218.64 1984.53 798.246 1186.28 234.114 137.559
internal_count=4675 4190 1500 2690 485 276
is_linear=0
shrinkage=0.03


Tree=13
num_leaves=7
num_cat=0
split_feature=2 10 10 3 18 13
split_gain=23.8436 18.2378 37.0962 28.5163 12.5015 15.764
threshold=0.23314429819583896 0.59347364306449901 1.032403349876404 -1.4396830797195432 0.2554237842559815 -0.20246593654155728
decision_type=2 2 2 2 2 2
left_child=1 3 -3 -1 -2 -6
right_child=4 2 -4 -5 5 -7
leaf_value=-0.0095137771171028875 -0.00098324656531262474 -0.0068135012571830635 0.003448266932658756 0.014383431622292943 0.0019042857755729029 -0.01692437631551142
leaf_weight=39.349393405020237 220.67452523112297 416.19828104227781 1132.3147038705647 184.35499073565006 43.074854724109173 121.5846269801259
leaf_count=93 510 947 2372 358 97 273
internal_value=0.000341383 0.0018503 0.000600219 0.00949794 -0.00619924 -0.0120011
internal_weight=2157.55 1772.22 1548.51 223.704 385.334 164.659
internal_count=4650 3770 3319 451 880 370
is_linear=0
shrinkage=0.03


Tree=14
num_leaves=7
num_cat=0
split_feature=11 2 3 17 0 13
split_gain=24.1331 23.2803 21.795 15.4369 14.9671 13.6431
threshold=-0.44251753389835352 -0.014358851592987774 -1.2290602922439573 1.615082919597626 -1.2126044034957884 -0.21418657153844831
decision_type=2 2 2 2 2 2
left_child=4 2 -2 -3 -1 -6
right_child=1 3 -4 -5 5 -7
leaf_value=-0.0082514444962981225 -0.00052531072976364954 -0.0048288019056815226 0.0092556154035128308 0.004423668855708645 -0.008983894151337983 0.0065762091498902647
leaf_weight=426.24575705826283 331.09737754613161 523.22259623557329 467.82827614992857 207.56898441165686 53.950859427452087 135.87870796024799
leaf_count=1048 695 1139 926 432 122 284
internal_value=-0.000280339 0.00171276 0.00521502 -0.00207304 -0.00522178 0.00143318
internal_weight=2145.79 1529.72 798.926 730.792 616.075 189.83
internal_count=4646 3192 1621 1571 1454 406
is_linear=0
shrinkage=0.03


Tree=15
num_leaves=5
num_cat=0
split_feature=14 14 4 14
split_gain=22.625 19.8212 25.6437 24.8689
threshold=-0.97187805175781239 -0.38972221314907068 -0.18196903169155118 0.038593215867877013
decision_type=2 2 2 2
left_child=-1 2 -2 -3
right_child=1 3 -4 -5
leaf_value=0.01860047585482932 0.0048630364739609931 0.0055942349770828105 -0.014839158778857362 -0.0015308008199448452
leaf_weight=40.453489810228348 74.289322301745415 666.79301565513015 146.79445368051529 1195.7309121191502
leaf_count=75 146 1270 328 2803
internal_value=0.00050789 0 -0.00811567 0.00102046
internal_weight=2124.06 2083.61 221.084 1862.52
internal_count=4622 4547 474 4073
is_linear=0
shrinkage=0.03


Tree=16
num_leaves=7
num_cat=0
split_feature=4 12 7 3 8 9
split_gain=18.8893 33.6917 26.7179 22.6654 22.1226 19.1277
threshold=-0.1486924812197685 2.046383380889893 0.5328500270843507 0.69971361756324779 -0.12590847909450528 -0.23147476464509961
decision_type=2 2 2 2 2 2
left_child=1 3 4 -1 -2 -3
right_child=2 5 -4 -5 -6 -7
leaf_value=0.0015837961966120415 0.0051909434567476882 -0.0001524882481827853 -0.0080544993286272744 -0.016581351464566116 -0.0049443979197250883 0.017355422044353089
leaf_weight=596.51010020822287 458.81679613515735 69.205777704715729 434.29286304488778 48.624995395541191 302.71433013677597 173.3978473842144
leaf_count=1305 1012 138 1050 128 638 348
internal_value=0.000138912 0.00343869 -0.00227765 -0.000152554 0.00106187 0.0125013
internal_weight=2083.56 887.739 1195.82 645.135 761.531 242.604
internal_count=4619 1919 2700 1433 1650 486
is_linear=0
shrinkage=0.03


Tree=17
num_leaves=6
num_cat=0
split_feature=13 10 10 6 6
split_gain=31.0133 20.0773 24.226 14.4544 2.12839
threshold=1.1916350126266482 0.59347364306449901 1.1336644291877749 -0.1210154742002487 -0.11418820545077323
decision_type=2 2 2 2 2
left_child=1 3 -3 -1 -2
right_child=4 2 -4 -5 -6
leaf_value=0 -0.004096745912352426 -0.0046420829753350277 0.0027005721579186188 0.014627650300036149 -0.019851633058330029
leaf_weight=89.200569625943899 36.483819350600243 590.09544892981648 1175.6563511565328 142.26066588610411 45.308318838477135
leaf_count=189 89 1411 2560 299 108
internal_value=0.000517124 0.001355 0.000188628 0.00929161 -0.0155992
internal_weight=2079.01 1997.21 1765.75 231.461 81.7921
internal_count=4656 4459 3971 488 197
is_linear=0
shrinkage=0.03


Tree=18
num_leaves=7
num_cat=0
split_feature=0 18 7 11 14 17
split_gain=17.2807 31.9504 25.8922 21.2276 18.4619 11.6247
threshold=-1.5953487753868101 -1.7388710379600523 -1.6004849076271055 -0.10651389509439467 -0.11850680410861968 2.5617049932479863
decision_type=2 2 2 2 2 2
left_child=3 -2 -3 4 -1 -5
right_child=1 2 -4 5 -6 -7
leaf_value=-0.015250912356812987 -0.0099888716777748743 -0.011434920290769167 0.0067807801283467561 0.0036577569564647085 -0.002459055753950072 -0.010418314598581611
leaf_weight=132.59481234103441 119.67260786890984 56.168244764208794 846.76399913430214 469.68586478382349 382.62493530660868 38.137950770556927
leaf_count=315 260 110 1811 1045 999 86
internal_value=0.000599982 0.00334852 0.00535939 -0.00210138 -0.00631009 0.00213225
internal_weight=2045.65 1022.6 902.932 1023.04 515.22 507.824
internal_count=4626 2181 1921 2445 1314 1131
is_linear=0
shrinkage=0.03


Tree=19
num_leaves=5
num_cat=0
split_feature=14 2 15 19
split_gain=16.087 15.9349 16.5238 14.4446
threshold=-0.97187805175781239 0.045176154002547271 -2.1022609472274776 1.3291438817977907
decision_type=2 2 2 2
left_child=-1 3 -3 -2
right_child=1 2 -4 -5
leaf_value=0.016313727476251039 0.003643477500118497 -0.01690365526929509 -0.0018133932963793899 -0.0045313344192889488
leaf_weight=35.469635888934135 1000.173316128552 54.46581806242466 751.37082782387733 216.63781266659498
leaf_count=70 2226 137 1749 497
internal_value=0.000371522 -3.56644e-05 -0.00329065 0.0020898
internal_weight=2058.12 2022.65 805.837 1216.81
internal_count=4679 4609 1886 2723
is_linear=0
shrinkage=0.03


Tree=20
num_leaves=5
num_cat=0
split_feature=14 5 14 6
split_gain=14.0936 15.4416 25.4686 23.9201
threshold=-0.93311592936515797 0.25774133205413824 0.084212526679039015 -0.38926553726196284
decision_type=2 2 2 2
left_child=-1 3 -3 -2
right_child=1 2 -4 -5
leaf_value=0.014259912656553526 0.0094428845752612782 0.0091870602705830615 -0.0025004572567624028 -0.0033942608391903119
leaf_weight=42.005741313099861 124.50358397513628 324.04083878919482 302.75363982468843 1241.3657866381109
leaf_count=90 276 628 724 2914
internal_value=0.000156237 -0.000250008 0.00354625 -0.00206143
internal_weight=2034.67 1992.66 626.794 1365.87
internal_count=4632 4542 1352 3190
is_linear=0
shrinkage=0.03


Tree=21
num_leaves=7
num_cat=0
split_feature=11 1 3 2 13 17
split_gain=20.7313 20.663 15.8368 21.1674 20.6916 13.3422
threshold=-0.36960713565349573 -0.19524314254522321 -1.5965417027473447 0.12346128746867181 0.11166219413280488 1.9826365709304812
decision_type=2 2 2 2 2 2
left_child=1 -1 4 -4 -2 -3
right_child=2 5 3 -5 -6 -7
leaf_value=0.0040727028149618802 0.0067670581303714188 -0.010191945686571275 0.0064828833323087587 -0.0029358889894584876 -0.0078408445493497597 0.0011717196042426376
leaf_weight=165.06033935397863 106.21497832238674 372.44336450845003 741.85094365105033 275.43439687043428 254.2044887766242 104.96278657019138
leaf_count=401 237 922 1580 673 570 287
internal_value=-9.99459e-05 -0.0044978 0.001943 0.00386743 -0.00324876 -0.00762624
internal_weight=2020.17 642.466 1377.7 1017.29 360.419 477.406
internal_count=4670 1610 3060 2253 807 1209
is_linear=0
shrinkage=0.03


Tree=22
num_leaves=7
num_cat=0
split_feature=8 5 7 11 6 2
split_gain=15.7654 16.6844 17.9751 15.7784 12.3785 8.57
threshold=0.40352749824523931 -0.27273112535476679 -0.8446020483970641 -0.48094162344932551 0.028332825750112537 -0.12118728458881377
decision_type=2 2 2 2 2 2
left_child=1 2 -1 -3 5 -2
right_child=4 3 -4 -5 -6 -7
leaf_value=0.01905258526248458 -0.0054981243670909636 -0.0051354149851803709 0.0023787145975150432 0.0020080256733214356 -0.012718854485324609 0.0090983978882299161
leaf_weight=75.073453359305859 63.325973033905029 342.68573496863246 195.67817290872335 1163.008457582444 112.47181037813425 43.038842104375362
leaf_count=148 137 881 458 2656 249 94
internal_value=0.000629156 0.00161285 0.00820092 0.000296894 -0.00657133 0.000438539
internal_weight=1995.28 1776.45 270.752 1505.69 218.837 106.365
internal_count=4623 4143 606 3537 480 231
is_linear=0
shrinkage=0.03


Tree=23
num_leaves=7
num_cat=0
split_feature=3 12 6 16 5 17
split_gain=13.1363 30.1362 19.2083 21.0195 11.3382 6.44985
threshold=-1.5666255354881284 1.2979602813720705 -0.37199756503105158 0.53439167141914379 0.25774133205413824 1.3021470308303835
decision_type=2 2 2 2 2 2
left_child=1 -1 5 -4 -3 -2
right_child=2 4 3 -5 -6 -7
leaf_value=-0.016668480902189316 0.014529239224516601 -0.0062986052029442392 -0.0039004925375777555 0.0033066771022560817 0.0045919017943280198 0.00075836250273242768
leaf_weight=116.36046664789319 95.089497171342373 124.42778550833464 696.29626733064651 718.86638874188066 192.21370536088943 58.034796416759491
leaf_count=285 208 298 1647 1674 432 129
internal_value=-0.000350037 -0.00487448 0.000907031 -0.000202566 1.4172e-05 0.0103471
internal_weight=2001.29 433.002 1568.29 1415.16 316.641 153.124
internal_count=4673 1015 3658 3321 730 337
is_linear=0
shrinkage=0.03


Tree=24
num_leaves=7
num_cat=0
split_feature=2 21 10 3 13 11
split_gain=15.1146 19.9116 15.3199 12.5821 12.0852 11.4199
threshold=0.028356108814477924 1.0000000180025095e-35 0.69160309433937084 -1.5733677744865415 -0.12557872384786603 0.49380648136138922
decision_type=2 2 2 2 2 2
left_child=3 -2 -3 5 -5 -1
right_child=1 2 -4 4 -6 -7
leaf_value=-0.0086743653763893761 -0.0007221351745078724 0.0045902809826909472 -0.01569213161925832 -0.0020919036430603298 0.0056233306647188895 0.0031738018577172743
leaf_weight=148.03846617415547 651.00842543691397 27.350180983543396 141.0892880409956 222.87458863854408 672.82727616280317 105.94169105961919
leaf_count=375 1477 84 412 508 1512 241
internal_value=-0.000233785 -0.00332962 -0.0119427 0.00194071 0.00363429 -0.00364228
internal_weight=1969.13 819.448 168.439 1149.68 895.702 253.98
internal_count=4609 1973 496 2636 2020 616
is_linear=0
shrinkage=0.03


Tree=25
num_leaves=7
num_cat=0
split_feature=11 13 8 1 7 4
split_gain=13.8739 16.84 19.0143 14.4958 19.6797 12.2315
threshold=-0.39263172447681421 0.69849905371665966 -1.4849737882614134 -0.13954760134220121 0.76793679594993602 -0.15477877110242841
decision_type=2 2 2 2 2 2
left_child=3 2 -2 4 -1 -3
right_child=1 5 -4 -5 -6 -7
leaf_value=0.0078301742641592054 0.016098026875896041 0.0022830257569017164 0.0021014055092518835 -0.0073885674207499977 -0.010489198764515751 -0.0071162776150367089
leaf_weight=148.27260225266218 82.239071287214756 193.27497872710228 810.14288985356688 385.42510903999209 55.861331578344107 268.19914722815156
leaf_count=351 177 454 1818 1007 159 618
internal_value=-0.000268568 0.00137301 0.00378166 -0.00405807 0.00206073 -0.00312373
internal_weight=1943.42 1353.86 892.382 589.559 204.134 461.474
internal_count=4584 3067 1995 1517 510 1072
is_linear=0
shrinkage=0.03


Tree=26
num_leaves=7
num_cat=0
split_feature=1 5 8 1 7 5
split_gain=11.6725 12.9759 17.1661 10.7696 10.5415 8.4498
threshold=0.018588720820844177 0.30487118661403662 -0.28987850248813624 -0.42946960031986231 -1.3022639155387876 0.65472483634948742
decision_type=2 2 2 2 2 2
left_child=1 2 -1 -3 -2 -6
right_child=4 3 -4 -5 5 -7
leaf_value=0.0033139262317445142 0.0067821593510410732 -0.0045059341143219049 -0.0053843277904623687 0.010357707600415931 -0.0043375071200473427 0.0079017329579741669
leaf_weight=567.1698260679841 77.065222397446632 35.692763291299343 292.13249185681343 215.42572976648808 765.0165194272995 32.955185383558273
leaf_count=1366 173 81 669 482 1869 73
internal_value=6.20664e-05 0.00211668 0.000233383 0.00784721 -0.00246723 -0.00357785
internal_weight=1985.46 1110.42 859.302 251.118 875.037 797.972
internal_count=4713 2598 2035 563 2115 1942
is_linear=0
shrinkage=0.03


Tree=27
num_leaves=7
num_cat=0
split_feature=4 4 2 13 17 3
split_gain=18.0333 21.5991 17.7458 15.0154 14.1152 13.1231
threshold=-0.14338228106498715 -0.10655178874731062 0.072838228195905699 0.82865571975708019 1.6331421732902529 0.69971361756324779
decision_type=2 2 2 2 2 2
left_child=2 4 5 -3 -2 -1
right_child=1 3 -4 -5 -6 -7
leaf_value=0.0071687030189179239 -0.016217500160531501 0.0015971730250553047 -0.003317754227488038 -0.0071845318996603498 0.00095959428152220944 -0.0082066397301016475
leaf_weight=575.45787846297026 127.41979756206274 701.78935246914625 238.00076631456614 210.1766372397542 48.848701916635036 34.491817787289619
leaf_count=1309 333 1641 600 530 123 99
internal_value=1.01627e-05 -0.0024955 0.00327839 -0.000473074 -0.0115389 0.00597106
internal_weight=1936.18 1088.23 847.95 911.966 176.268 609.95
internal_count=4635 2627 2008 2171 456 1408
is_linear=0
shrinkage=0.03


Tree=28
num_leaves=7
num_cat=0
split_feature=8 2 19 21 18 7
split_gain=18.9604 13.6029 15.0889 13.8986 9.63101 6.60798
threshold=0.40352749824523931 0.032705521211028106 1.0179342627525332 1.0000000180025095e-35 0.5315915346145631 0.42737761139869695
decision_type=2 2 2 2 2 2
left_child=1 2 -1 -3 5 -2
right_child=4 3 -4 -5 -6 -7
leaf_value=0.0083355535493661939 -0.014782892716748122 0.00036243711554508046 0.00070949084755215824 -0.0095987383120956712 0.0014741435632902389 0
leaf_weight=361.21813227236271 109.87603857368231 542.47514951601624 665.09241477400064 139.93728229403496 55.213313080370426 34.241222992539406
leaf_count=829 246 1287 1562 444 140 85
internal_value=0.000303114 0.00138391 0.00355892 -0.00180995 -0.0079696 -0.011692
internal_weight=1908.05 1708.72 1026.31 682.412 199.331 144.117
internal_count=4593 4122 2391 1731 471 331
is_linear=0
shrinkage=0.03


Tree=29
num_leaves=7
num_cat=0
split_feature=7 13 7 10 5 14
split_gain=15.2517 17.8882 17.4105 15.6559 14.2255 10.0713
threshold=-0.8446020483970641 1.1916350126266482 -1.686782121658325 1.0942560434341433 0.60378387570381176 0.18689999729394915
decision_type=2 2 2 2 2 2
left_child=2 4 5 -4 -2 -1
right_child=1 -3 3 -5 -6 -7
leaf_value=0.0068978364907758974 -0.00070044975204869016 -0.014561272226525361 -0.0013072760155629741 0.015688404912600051 0.012137634688229386 -0.0089235724539581205
leaf_weight=38.255611270666122 1455.3380636423826 60.226247012615204 55.622416488826275 150.10200976580381 61.991372048854828 70.86777637898922
leaf_count=89 3580 174 128 329 131 170
internal_value=0.000436272 -0.000755163 0.00627372 0.0111187 0 -0.00270305
internal_weight=1892.4 1577.56 314.848 205.724 1517.33 109.123
internal_count=4601 3885 716 457 3711 259
is_linear=0
shrinkage=0.03


Tree=30
num_leaves=7
num_cat=0
split_feature=1 4 7 12 17 12
split_gain=12.2408 11.8414 24.2557 19.8404 5.95075 12.1297
threshold=0.37327674031257635 -0.1486924812197685 0.17995729297399524 2.073189496994019 1.9205694198608401 1.1475328207015993
decision_type=2 2 2 2 2 2
left_child=1 3 -3 -1 5 -2
right_child=4 2 -4 -5 -6 -7
leaf_value=0.00022304977067656077 -0.018385166300786654 0.0029557086295176524 -0.0063247140250007865 0.010883608750588039 0.00013195235523752208 0
leaf_weight=552.64606038480997 58.77935291826725 499.01370543986559 469.36390052735806 207.05166260153055 51.647007964551449 58.295860923826694
leaf_count=1338 173 1150 1240 459 128 134
internal_value=-0.000125344 0.000628026 -0.00151868 0.00341013 -0.00740822 -0.0107062
internal_weight=1896.8 1728.08 968.378 759.698 168.722 117.075
internal_count=4622 4187 2390 1797 435 307
is_linear=0
shrinkage=0.03


Tree=31
num_leaves=7
num_cat=0
split_feature=10 5 13 6 6 3
split_gain=14.8525 15.3442 20.799 17.5949 13.8126 10.6572
threshold=0.59347364306449901 0.25991283357143408 -0.84833198785781849 -0.38152492046356196 -0.11658207699656485 -0.92866387963294972
decision_type=2 2 2 2 2 2
left_child=4 3 -3 -2 5 -1
right_child=1 2 -4 -5 -6 -7
leaf_value=-0.011616779618928749 0.0079431170338179168 0.020611819691355584 0.0012200258717172921 -0.0039904758175666839 0.012792675830718249 0.0061885386780832531
leaf_weight=34.456656634807587 102.99830957502127 36.663024380803108 523.65521559119225 1015.7500043362379 132.09736748039722 45.725761473178864
leaf_count=96 240 84 1210 2602 296 100
internal_value=0.000269404 -0.000673866 0.0032589 -0.0027189 0.00740429 -0.00165563
internal_weight=1891.35 1679.07 560.318 1118.75 212.28 80.1824
internal_count=4628 4136 1294 2842 492 196
is_linear=0
shrinkage=0.03


Tree=32
num_leaves=7
num_cat=0
split_feature=12 3 4 18 10 18
split_gain=14.2434 26.1226 16.7869 14.8207 14.5927 13.4774
threshold=0.71061390638351452 -1.1875346899032591 -0.1486924812197685 -0.31706477701663965 0.67746669054031383 0.5161004662513734
decision_type=2 2 2 2 2 2
left_child=1 5 3 -2 -3 -1
right_child=2 4 -4 -5 -6 -7
leaf_value=-0.017859534889281829 0.013212153593141986 0.0085251622327742627 -0.00082513134616698364 0.0020314314766654734 -0.0024757226690845053 7.5434914408403078e-05
leaf_weight=113.91690391302109 165.55491251498461 120.46989542245865 649.98671398684382 310.90814888477325 457.10480425134301 43.116688817739487
leaf_count=296 385 280 1567 754 1197 117
internal_value=0.000106529 -0.00306196 0.00224255 0.00641296 0 -0.013144
internal_weight=1861.06 734.608 1126.45 476.463 577.575 157.034
internal_count=4596 1890 2706 1139 1477 413
is_linear=0
shrinkage=0.03


Tree=33
num_leaves=7
num_cat=0
split_feature=15 6 17 19 12 8
split_gain=16.3117 22.6495 12.2812 11.3931 24.9886 22.8091
threshold=-1.2870709896087644 -0.29412718117237086 0.10598265752196313 1.0439198613166811 0.71061390638351452 0.12538667023181918
decision_type=2 2 2 2 2 2
left_child=1 -1 -3 5 -5 -2
right_child=3 2 -4 4 -6 -7
leaf_value=0.0074748970819017912 0.0076117055995831113 0 -0.0096915463335220126 -0.0097911785553268516 0.0025341194762613308 -0.005713861118699079
leaf_weight=98.181266292929649 433.64704944565892 176.57801499962807 393.98817671462893 198.71501565724611 429.85221464186907 133.64211077988148
leaf_count=238 1056 452 1044 517 1013 330
internal_value=-0.000815621 -0.00451655 -0.00686486 0.00124492 -0.00145166 0.00428262
internal_weight=1864.6 668.747 570.566 1195.86 628.567 567.289
internal_count=4650 1734 1496 2916 1530 1386
is_linear=0
shrinkage=0.03


Tree=34
num_leaves=7
num_cat=0
split_feature=1 0 17 17 17 12
split_gain=14.6565 15.4891 30.3602 21.3236 4.11603 5.4126
threshold=0.37327674031257635 -1.4744830131530759 1.6945902705192568 1.1493104100227358 1.4128762483596804 1.6090514063835146
decision_type=2 2 2 2 2 2
left_child=1 3 -3 -1 5 -2
right_child=4 2 -4 -5 -6 -7
leaf_value=0.0027753085886785037 -0.01579501529386669 0.00082973862367034844 0.014923776850368133 -0.0060569182894565799 -0.00063605144174734172 0
leaf_weight=505.09255116432905 58.160910800099373 570.74003110080957 166.99282601475716 437.3134452663362 64.126527603715658 31.457399398088455
leaf_count=1286 184 1377 383 1159 167 73
internal_value=0.000317368 0.00119295 0.00440894 -0.00130155 -0.00794165 -0.011552
internal_weight=1833.88 1680.14 737.733 942.406 153.745 89.6183
internal_count=4629 4205 1760 2445 424 257
is_linear=0
shrinkage=0.03


Tree=35
num_leaves=7
num_cat=0
split_feature=4 21 7 16 15 2
split_gain=16.569 15.9857 25.0023 14.3225 16.3122 6.21513
threshold=-0.1385616064071655 1.0000000180025095e-35 0.53934979438781749 -0.21541184931993482 -1.3523587584495542 -0.17853966355323789
decision_type=2 2 2 2 2 2
left_child=3 2 -2 -1 -5 -3
right_child=1 5 -4 4 -6 -7
leaf_value=-0.0089546571418732852 0.0032280476206173782 0 -0.0073295268169668547 -0.00079549148091164997 0.0078898951806169095 -0.012496704253105204
leaf_weight=55.988996483385563 565.4650097116828 38.427744165062904 287.24761560559273 293.64775495231152 480.919059664011 140.25356182456017
leaf_count=133 1334 106 736 777 1159 447
internal_value=0.000273781 -0.00221325 -0.000346128 0.00341217 0.0045845 -0.00988984
internal_weight=1861.95 1031.39 852.713 830.556 774.567 178.681
internal_count=4692 2623 2070 2069 1936 553
is_linear=0
shrinkage=0.03


Tree=36
num_leaves=7
num_cat=0
split_feature=9 8 0 5 11 7
split_gain=9.29845 13.0644 11.0853 20.643 17.8932 5.82682
threshold=0.43354913592338568 -0.68406501412391651 -1.4744830131530759 0.23243569582700732 -0.10651389509439467 -1.0250292420387266
decision_type=2 2 2 2 2 2
left_child=2 -2 4 -4 -1 -3
right_child=1 5 3 -5 -6 -7
leaf_value=-0.004919891577265495 0.006578956228297541 -0.00042930158272939142 0 0.010212709967827922 0.0031782878859101262 -0.015740767367235359
leaf_weight=468.64760591462255 33.549315333366394 43.432741820812225 465.90979409962893 274.4692445769906 468.24674385413527 64.400992996990681
leaf_count=1327 80 112 1169 624 1166 155
internal_value=0.0006101 -0.00621794 0.0012875 0.00399477 -0.000827996 -0.0110751
internal_weight=1818.66 141.383 1677.27 740.379 936.894 107.834
internal_count=4633 347 4286 1793 2493 267
is_linear=0
shrinkage=0.03


Tree=37
num_leaves=7
num_cat=0
split_feature=13 8 14 7 18 17
split_gain=10.8884 13.1022 14.3672 11.6986 8.47141 4.1967
threshold=1.0964681506156924 0.40352749824523931 0.047536710277199752 -0.065510712563991533 0.63211372494697582 0.40490695834159857
decision_type=2 2 2 2 2 2
left_child=1 2 -1 -2 -3 -5
right_child=3 4 -4 5 -6 -7
leaf_value=0.004999557256187533 0.0026115060575905855 -0.0094871951679961226 -0.00080683831384986443 -0.0019976459103257776 0.0040146543037733774 -0.018932388725539186
leaf_weight=639.89572237059474 45.231192752718925 148.19059198349714 871.84281099960208 34.40950869768858 35.986440345644951 43.259044781327248
leaf_count=1457 113 376 2397 95 92 137
internal_value=0 0.000669452 0.00164494 -0.00794952 -0.00642036 -0.0139895
internal_weight=1818.82 1695.92 1511.74 122.9 184.177 77.6686
internal_count=4667 4322 3854 345 468 232
is_linear=0
shrinkage=0.03


Tree=38
num_leaves=7
num_cat=0
split_feature=18 7 18 16 17 15
split_gain=11.2603 17.1123 10.3293 16.6395 11.7445 9.49043
threshold=0.63211372494697582 0.026295063085854057 0.44762642681598669 0.77709826827049266 -0.27792678773403162 -0.43438787758350367
decision_type=2 2 2 2 2 2
left_child=2 -2 4 -4 -1 -3
right_child=1 5 3 -5 -6 -7
leaf_value=0.0057706513454094327 0.012771186868172557 -0.0052789914793917297 -0.011652615347892184 0.0044010659256770402 -0.001332902666357776 0.0080272242846131277
leaf_weight=242.31368608027697 126.96365731209517 126.00354249030352 157.15875486284494 67.028082013130188 1015.1838013008237 50.977453216910362
leaf_count=615 317 339 431 164 2611 128
internal_value=7.1153e-05 0.00517342 -0.000990504 -0.00663978 5.78644e-05 -0.000715803
internal_weight=1785.63 303.945 1481.68 224.187 1257.5 176.981
internal_count=4605 784 3821 595 3226 467
is_linear=0
shrinkage=0.03


Tree=39
num_leaves=6
num_cat=0
split_feature=13 9 6 14 7
split_gain=12.4931 11.3827 13.4374 10.3787 3.63196
threshold=1.1651862859725954 0.45743775367736822 0.13135319948196414 0.020299896597862247 -0.1226692534983158
decision_type=2 2 2 2 2
left_child=1 3 -3 -1 -2
right_child=4 2 -4 -5 -6
leaf_value=0.0039818016665961039 0 0.0018756765665750694 -0.015590821290528533 -0.0008260464300936137 -0.01477005341477553
leaf_weight=671.86986760795116 29.061688408255577 58.506009258329868 62.825098685920238 923.26140390336514 45.036126315593719
leaf_count=1544 73 141 157 2544 143
internal_value=-0.000100516 0.000444381 -0.00767035 0.0011861 -0.0107722
internal_weight=1790.56 1716.46 121.331 1595.13 74.0978
internal_count=4602 4386 298 4088 216
is_linear=0
shrinkage=0.03


Tree=40
num_leaves=7
num_cat=0
split_feature=3 12 2 10 11 12
split_gain=14.0971 24.1666 14.8356 12.7513 11.6766 11.5838
threshold=-1.5587955117225645 1.2390003204345705 0.16903953254222873 0.8335053324699403 -0.44251753389835352 0.38986763358116155
decision_type=2 2 2 2 2 2
left_child=1 -1 4 -3 -2 -4
right_child=2 3 5 -5 -6 -7
leaf_value=-0.016004583220065694 -0.0010503432602593193 -0.01347676590213583 -0.010351995798407523 0.0025067455528144981 0.0055756204384701524 0.00033847343230979728
leaf_weight=100.29550275951624 328.02331767231226 33.447839997708797 119.40100271627307 261.49172861501575 706.959592923522 231.50026683136821
leaf_count=276 927 96 366 656 1684 604
internal_value=0.000149795 -0.00467194 0.00161447 0 0.00343864 -0.00349946
internal_weight=1781.12 395.235 1385.88 294.94 1034.98 350.901
internal_count=4609 1028 3581 752 2611 970
is_linear=0
shrinkage=0.03


Tree=41
num_leaves=7
num_cat=0
split_feature=10 10 16 11 19 11
split_gain=12.3501 11.9307 11.8744 10.8782 8.65559 6.47165
threshold=0.59347364306449901 1.1336644291877749 0.93472158908844005 0.30601096153259283 1.0276951193809511 -0.3785590380430221
decision_type=2 2 2 2 2 2
left_child=3 4 -3 5 -2 -1
right_child=1 2 -4 -5 -6 -7
leaf_value=0.00096864849207998972 -0.00017490403703962015 -0.00054754894842675231 0.0096854888966711374 -0.0049166814823070363 -0.008172351746583097 0.014478405094440733
leaf_weight=64.094720214605331 225.04426676779985 974.28085469081998 93.10921037197113 40.302882291376591 296.54343032836914 88.031797453761101
leaf_count=166 601 2489 228 101 852 209
internal_value=-0.000404998 -0.00132921 0.000451632 0.0063508 -0.00496644 0.00990891
internal_weight=1781.41 1588.98 1067.39 192.429 521.588 152.127
internal_count=4646 4170 2717 476 1453 375
is_linear=0
shrinkage=0.03


Tree=42
num_leaves=5
num_cat=0
split_feature=14 2 4 14
split_gain=13.9084 12.5439 9.65934 5.46083
threshold=-0.97187805175781239 0.29067805409431463 -0.39666345715522761 -0.052812218666076653
decision_type=2 2 2 2
left_child=-1 2 -2 -3
right_child=1 3 -4 -5
leaf_value=0.01498061017156508 0.0070218597557750468 -0.012778903307074469 -0.00084233266432167937 -0.0024252060083513071
leaf_weight=29.732541024684906 136.16800963878632 85.850881047546864 1380.4542572535574 134.98160735890269
leaf_count=71 330 220 3594 402
internal_value=-0.000596779 -0.00106494 -1.5006e-05 -0.00742641
internal_weight=1767.19 1737.45 1516.62 220.832
internal_count=4617 4546 3924 622
is_linear=0
shrinkage=0.03


Tree=43
num_leaves=6
num_cat=0
split_feature=10 6 15 7 8
split_gain=12.8702 14.7241 18.5429 15.0093 1.31849
threshold=0.36456182599067694 -0.089801389724016176 -1.3717362880706785 1.2670878767967226 -0.52040159702301014
decision_type=2 2 2 2 2
left_child=4 3 -3 -2 -1
right_child=1 2 -4 -5 -6
leaf_value=0.014089279334060444 0.0047816909474622986 -0.008128501416438387 0.000335330322366846 -0.009879494321153464 0.0019233452908953774
leaf_weight=45.888281732797623 612.78394592180848 315.84474715590477 715.68638164177537 48.756944060325623 32.179411716759205
leaf_count=107 1589 901 1795 146 87
internal_value=0.00053148 -4.47869e-05 -0.00230446 0.00335489 0.0111013
internal_weight=1771.14 1693.07 1031.53 661.541 78.0677
internal_count=4625 4431 2696 1735 194
is_linear=0
shrinkage=0.03


Tree=44
num_leaves=5
num_cat=0
split_feature=14 14 4 14
split_gain=14.4445 13.4273 15.4331 13.9559
threshold=-0.97187805175781239 -0.29884746670722956 -0.17031949013471601 0.072903022170066847
decision_type=2 2 2 2
left_child=-1 2 -2 -3
right_child=1 3 -4 -5
leaf_value=0.015394062880770529 0.0036957926169661659 0.0044479606070132486 -0.010404468254478936 -0.0016453570212280441
leaf_weight=31.095275983214378 79.858747065067291 492.37533758580685 214.65408688038588 964.78015342354774
leaf_count=79 184 1117 569 2724
internal_value=-0.000281301 -0.000764073 -0.00639845 0.000405313
internal_weight=1782.76 1751.67 294.513 1457.16
internal_count=4673 4594 753 3841
is_linear=0
shrinkage=0.03


Tree=45
num_leaves=7
num_cat=0
split_feature=1 4 2 0 4 10
split_gain=13.9569 14.3567 15.0012 12.2645 11.8988 7.25075
threshold=0.19275278598070147 -0.15477877110242841 -0.39133046567440027 -2.2244864702224727 0.29301354289054876 1.1125059127807619
decision_type=2 2 2 2 2 2
left_child=1 3 -3 -1 5 -2
right_child=4 2 -4 -5 -6 -7
leaf_value=0.013853163882804548 -0.014026835987454448 -0.011284224363825786 0.00087519075760132898 0.0029741833057893327 0.0039437656367518701 -0.0032408393366827903
leaf_weight=109.25923633575439 83.982971243560314 84.257806204259396 685.69077035412192 495.43312237411737 95.957944847643375 208.42609863728285
leaf_count=286 248 232 1798 1259 259 581
internal_value=0.000573892 0.00202546 -0.000631502 0.00541649 -0.00426463 -0.00723041
internal_weight=1763.01 1374.64 769.949 604.692 388.367 292.409
internal_count=4663 3575 2030 1545 1088 829
is_linear=0
shrinkage=0.03


Tree=46
num_leaves=7
num_cat=0
split_feature=13 5 8 19 11 19
split_gain=9.07877 11.1656 13.5107 6.51788 4.86159 1.03849
threshold=1.0964681506156924 0.60378387570381176 0.5643591880798341 1.1191626787185671 0.29755721986293798 1.2627590894699099
decision_type=2 2 2 2 2 2
left_child=1 2 -1 -2 -5 -3
right_child=3 5 -4 4 -6 -7
leaf_value=0.00087348700367297918 0.001712557168800196 0.014040683709533847 -0.0090093408552695386 -0.015231977239106501 0 0.0025784324816152471
leaf_weight=1438.7564769759774 36.156845405697823 37.205111160874367 116.09504372626543 55.701295375823975 33.135453283786774 38.693578131496906
leaf_count=3803 98 84 316 177 91 93
internal_value=0 0.000643716 0 -0.00718581 -0.0110079 0.0105793
internal_weight=1755.74 1630.75 1554.85 124.994 88.8367 75.8987
internal_count=4662 4296 4119 366 268 177
is_linear=0
shrinkage=0.03


Tree=47
num_leaves=7
num_cat=0
split_feature=7 14 16 7 5 2
split_gain=8.46459 14.2659 13.7341 12.4492 9.68476 8.70043
threshold=-0.8446020483970641 0.18689999729394915 -0.45098415017127985 -1.686782121658325 -0.35179626941680903 0.17722763866186145
decision_type=2 2 2 2 2 2
left_child=1 5 4 -3 -2 -1
right_child=2 3 -4 -5 -6 -7
leaf_value=0.015680538705290462 0.00038850245666516325 -0.010430495649874177 3.7037014700298336e-05 0.004625993614008732 -0.017030284175204656 -9.891054253962717e-05
leaf_weight=91.407346412539482 34.528587475419044 58.530395194888115 1346.0059239976108 110.35425531119108 55.468183398246765 33.152770601212978
leaf_count=209 100 169 3640 270 137 86
internal_value=0.000178405 0.00467571 -0.000751006 -0.000826393 -0.0109463 0.011633
internal_weight=1729.45 293.445 1436 168.885 89.9968 124.56
internal_count=4611 734 3877 439 237 295
is_linear=0
shrinkage=0.03


Tree=48
num_leaves=7
num_cat=0
split_feature=1 17 2 7 10 17
split_gain=7.95651 16.8829 15.7291 13.2315 12.8998 12.4664
threshold=-0.18479858338832852 1.9205694198608401 -0.37639430165290827 1.1850008368492129 1.8037996888160708 1.23319548368454
decision_type=2 2 2 2 2 2
left_child=2 -2 5 -4 -3 -1
right_child=1 4 3 -5 -6 -7
leaf_value=0.0028218435631045054 -0.0029132785276278998 0.0079823932645532135 0.0097713491827685506 -0.0060695054128644147 -0.0070730513381257682 -0.013033773482040089
leaf_weight=81.908545106649399 1011.6614133678377 237.03721763938665 261.23638442158699 38.075003057718277 43.320010371506214 57.454252429306507
leaf_count=205 2719 633 678 113 106 166
internal_value=8.68288e-05 -0.00106829 0.00351801 0.0073144 0.00514023 -0.00415374
internal_weight=1730.69 1292.02 438.674 299.311 280.357 139.363
internal_count=4620 3458 1162 791 739 371
is_linear=0
shrinkage=0.03


Tree=49
num_leaves=7
num_cat=0
split_feature=0 5 12 15 6 6
split_gain=9.95298 15.8834 13.955 16.6666 11.2561 10.0815
threshold=-1.1971287131309507 0.25774133205413824 2.3907675743103032 -1.3967394232749937 -0.29412718117237086 0.0019212650950066747
decision_type=2 2 2 2 2 2
left_child=2 4 3 -1 -2 -4
right_child=1 -3 5 -5 -6 -7
leaf_value=-0.0091788644686673828 0.011351156684759169 0.011027976495072785 0.0097653909796099423 -0.00046835286897771856 -0.002320575957375481 -0.0017821868341962258
leaf_weight=260.27232538163662 44.879934817552567 152.54117817431688 134.72384324669838 735.67759009450674 308.83302877098322 98.763485975563526
leaf_count=769 113 360 342 1974 806 252
internal_value=7.34383e-05 0.00356512 -0.00135039 -0.00293962 0 0.00488892
internal_weight=1735.69 506.254 1229.44 995.95 353.713 233.487
internal_count=4616 1279 3337 2743 919 594
is_linear=0
shrinkage=0.03


Tree=50
num_leaves=7
num_cat=0
split_feature=9 0 0 18 23 15
split_gain=8.69257 12.4891 21.9232 9.98832 17.5356 13.7759
threshold=-0.0037422644672915335 -2.2812517881393428 -1.5953487753868101 0.26403865218162542 1.0000000180025095e-35 -0.1564911678433418
decision_type=2 2 2 2 2 2
left_child=1 -1 -3 5 -5 -2
right_child=3 2 -4 4 -6 -7
leaf_value=0.0084551560124179869 0.0026827278386573734 -0.0060976425334727732 0.00366338333507497 -0.011880920478304732 0.002725104002870639 -0.010107195431137415
leaf_weight=163.43212291225791 349.97015081346035 322.2702374458313 503.03840950876474 193.49847931042314 94.572351321578026 75.302484426647425
leaf_count=482 936 921 1284 560 209 212
internal_value=-0.000403611 0.00136804 -0.000131255 -0.00291139 -0.00702545 0
internal_weight=1702.08 988.741 825.309 713.343 288.071 425.273
internal_count=4604 2687 2205 1917 769 1148
is_linear=0
shrinkage=0.03


Tree=51
num_leaves=7
num_cat=0
split_feature=10 6 21 12 14 10
split_gain=10.7776 11.4113 23.091 10.4264 13.0435 7.38863
threshold=0.67016255855560314 -0.20395270735025403 1.0000000180025095e-35 1.2284330129623415 -0.20808845013380048 1.4863529801368716
decision_type=2 2 2 2 2 2
left_child=3 5 -3 4 -1 -2
right_child=1 2 -4 -5 -6 -7
leaf_value=0.00051821848418004369 4.9512453999854986e-05 -0.0002407381709125837 -0.0107927804581335 -0.0023487409489617132 0.017500368368715442 0.0091821419127448168
leaf_weight=87.967106580734253 237.78714004904032 875.19333053380251 222.04778400436044 80.696061037480831 73.402654580771923 111.50897112488747
leaf_count=239 651 2286 728 223 190 283
internal_value=-1.96392e-05 -0.00105526 -0.00258483 0.00554831 0.00965173 0.00346686
internal_weight=1688.6 1446.54 1097.24 242.066 161.37 349.296
internal_count=4600 3948 3014 652 429 934
is_linear=0
shrinkage=0.03


Tree=52
num_leaves=7
num_cat=0
split_feature=12 10 14 10 12 9
split_gain=9.58473 15.4062 15.2543 12.607 16.5514 11.3866
threshold=0.71061390638351452 0.76307666301727306 -0.20808845013380048 0.90954226255416881 1.2284330129623415 -0.020578145049512383
decision_type=2 2 2 2 2 2
left_child=1 2 -1 4 -2 -5
right_child=3 -3 -4 5 -6 -7
leaf_value=-0.004181358782435151 0.0073621930863137907 -0.005831477641069502 0.011895930364703823 0.0063246343469296378 -0.0095535590826793127 -0.00053813354343069399
leaf_weight=82.969605259597301 53.119830492883921 484.71638435125351 87.137693032622337 445.86453556269407 155.55166887491941 375.08168873935938
leaf_count=231 148 1402 230 1156 460 968
internal_value=-0.000295873 -0.00311088 0.00412372 0.00146243 -0.00471778 0.00317953
internal_weight=1684.44 654.824 170.107 1029.62 208.671 820.946
internal_count=4595 1863 461 2732 608 2124
is_linear=0
shrinkage=0.03


Tree=53
num_leaves=5
num_cat=0
split_feature=14 2 10 3
split_gain=12.0145 10.575 11.0723 6.27678
threshold=-0.89693769812583912 0.23568793386220935 1.4551727771759035 -1.2006876468658445
decision_type=2 2 2 2
left_child=-1 2 -2 -3
right_child=1 3 -4 -5
leaf_value=0.012979945251803807 -0.0011974052292104741 0.00041031846190345137 0.0043914290654316797 -0.0083562389185598065
leaf_weight=42.542753919959068 914.8927928507328 90.596499625593424 458.98756663501263 192.15439997240901
leaf_count=110 2551 248 1199 588
internal_value=3.97649e-05 -0.000407626 0.000662894 -0.00550761
internal_weight=1699.17 1656.63 1373.88 282.751
internal_count=4696 4586 3750 836
is_linear=0
shrinkage=0.03


Tree=54
num_leaves=6
num_cat=0
split_feature=13 5 16 8 7
split_gain=7.27012 8.48355 11.7923 10.1219 6.73355
threshold=1.1916350126266482 0.58048337697982799 0.59637436270713817 0.50481292605400097 -0.032569101080298417
decision_type=2 2 2 2 2
left_child=1 3 -3 -1 -2
right_child=4 2 -4 -5 -6
leaf_value=0.0010323266361248404 0.0013957620241930727 -0.002573432484189197 0.015644606503995191 -0.0072172341062097366 -0.01459206990270912
leaf_weight=1430.3534036315978 25.659848868846893 37.711640022695065 57.722500830888748 126.94326732307673 34.304586432874203
leaf_count=3919 69 96 127 358 123
internal_value=0.000412911 0.00086334 0.00872724 0.000238836 -0.00836229
internal_weight=1712.7 1652.73 95.4341 1557.3 59.9644
internal_count=4692 4500 223 4277 192
is_linear=0
shrinkage=0.03


Tree=55
num_leaves=5
num_cat=0
split_feature=14 9 8 0
split_gain=11.6272 9.3414 9.80132 9.07515
threshold=-0.97187805175781239 0.43354913592338568 -0.68406501412391651 -1.4744830131530759
decision_type=2 2 2 2
left_child=-1 3 -3 -2
right_child=1 2 -4 -5
leaf_value=0.014002461579403356 -0.0020906306275369426 0.0036641310081292336 -0.012251448107895101 0.0025228871107074659
leaf_weight=29.040679052472115 862.03019043803215 31.635733537375927 97.079167146235704 658.08691287785769
leaf_count=78 2467 80 262 1735
internal_value=-0.000336752 -0.000790045 -0.00796954 -4.75695e-05
internal_weight=1677.87 1648.83 128.715 1520.12
internal_count=4622 4544 342 4202
is_linear=0
shrinkage=0.03


Tree=56
num_leaves=7
num_cat=0
split_feature=15 12 5 13 8 11
split_gain=9.23678 10.1055 7.31401 16.6408 13.7521 4.93316
threshold=-2.034249901771545 2.4456195831298833 0.28198143839836126 -0.76103350520133961 -0.10559137165546416 -0.10651389509439467
decision_type=2 2 2 2 2 2
left_child=1 -1 4 -4 -2 -3
right_child=2 5 3 -5 -6 -7
leaf_value=-0.011945949505057269 0.001108825805569676 -0.0036694794375888807 0.018598942746276392 0.0010701969797763395 -0.0063093134338077029 0.0085674200797441358
leaf_weight=100.78729947656393 866.75524135306478 50.907344698905945 40.21702615916729 322.88410823047161 278.81193497031927 28.786735691130161
leaf_count=320 2420 135 102 844 786 77
internal_value=-0.000339496 -0.00641025 0.000421861 0.00403791 -0.00072243 0.000980835
internal_weight=1689.15 180.481 1508.67 363.101 1145.57 79.6941
internal_count=4684 532 4152 946 3206 212
is_linear=0
shrinkage=0.03


Tree=57
num_leaves=7
num_cat=0
split_feature=9 17 0 1 7 18
split_gain=6.53655 9.2047 19.1796 11.719 7.02305 7.65058
threshold=0.20457506179809573 1.6945902705192568 -1.5307230949401853 -0.038571523502469056 -0.92032274603843678 0.24829570204019549
decision_type=2 2 2 2 2 2
left_child=1 3 -3 -1 -2 -6
right_child=4 2 -4 -5 5 -7
leaf_value=0.0025209330215165333 0.0027073919163275242 -0.00082946574831630566 0.012195943158266772 -0.0039663356697059648 -0.0011533005367500594 -0.011840184952921953
leaf_weight=479.89881967753172 90.674498148262501 219.89177113026381 154.50689472258091 475.65723399445415 157.97663727402687 101.59937903657556
leaf_count=1321 250 664 388 1358 422 267
internal_value=-7.16489e-05 0.000861927 0.00473961 -0.000661911 -0.0036337 -0.00609859
internal_weight=1680.21 1329.95 374.399 955.556 350.251 259.576
internal_count=4670 3731 1052 2679 939 689
is_linear=0
shrinkage=0.03


Tree=58
num_leaves=7
num_cat=0
split_feature=7 9 7 6 18 18
split_gain=8.56581 9.96669 8.98702 8.03651 7.22673 6.31679
threshold=-1.2058610320091245 0.43354913592338568 -1.6004849076271055 0.28901933133602148 0.42060379683971411 0.23945832997560504
decision_type=2 2 2 2 2 2
left_child=2 3 4 -2 -1 -3
right_child=1 5 -4 -5 -6 -7
leaf_value=-0.0067243712939135782 -0.00092234740743457632 -0.00036819512937292262 0.012384397070222819 0.0058130945026460077 0.0069312100479887988 -0.016582054206479454
leaf_weight=54.086225859820843 1223.6424247063696 49.68937523663044 77.68743946403265 162.7439915202558 45.65318500623107 36.226022653281689
leaf_count=151 3441 133 190 484 138 97
internal_value=2.34065e-06 -0.000738969 0.00590939 -1.7607e-05 0 -0.00961147
internal_weight=1649.73 1472.3 177.427 1386.39 99.7394 85.9154
internal_count=4634 4155 479 3925 289 230
is_linear=0
shrinkage=0.03


Tree=59
num_leaves=7
num_cat=0
split_feature=6 16 5 16 12 19
split_gain=10.977 13.9014 11.4739 14.0199 10.3719 6.98159
threshold=0.081448651850223555 0.52070993185043346 -0.29896073043346399 -0.19411374628543851 2.4142712354660039 0.98998823761940014
decision_type=2 2 2 2 2 2
left_child=2 4 5 -4 -2 -1
right_child=1 -3 3 -5 -6 -7
leaf_value=0.011506406733645898 -0.01016272935081192 0.00093371045930854273 -0.010328641328195104 0.0016442174759230968 0.0045991338282051685 -0.0019536152573486521
leaf_weight=130.08781476318836 238.75163060240448 314.02667066827416 77.57101683318615 847.3512197881937 33.199433393776417 29.092584863305092
leaf_count=342 719 868 215 2354 85 84
internal_value=0 -0.003223 0.00180183 0.000379225 -0.0079635 0.00876805
internal_weight=1670.08 585.978 1084.1 924.922 271.951 159.18
internal_count=4667 1672 2995 2569 804 426
is_linear=0
shrinkage=0.03


Tree=60
num_leaves=6
num_cat=0
split_feature=5 10 6 11 2
split_gain=7.32596 9.18319 8.11038 7.76787 7.68833
threshold=0.60378387570381176 1.7610542178153994 -0.36658841371536249 0.06021974794566632 -0.064869392663240419
decision_type=2 2 2 2 2
left_child=1 2 -1 -3 -2
right_child=4 3 -4 -5 -6
leaf_value=0.0066829101281060998 -0.0019935771067101692 -0.011068353317487704 -0.00021654475187053934 0 0.013694683027940925
leaf_weight=153.06716838479042 29.586396902799606 101.63369805365801 1226.1425638347864 108.99880264699459 50.540997497737408
leaf_count=407 73 302 3455 281 134
internal_value=0.00016761 -0.000288182 0.000590867 -0.00585639 0.00806155
internal_weight=1669.97 1589.84 1379.21 210.633 80.1274
internal_count=4652 4445 3862 583 207
is_linear=0
shrinkage=0.03


Tree=61
num_leaves=7
num_cat=0
split_feature=4 7 18 7 16 19
split_gain=11.0953 11.4799 16.424 11.4379 13.0384 12.9988
threshold=-0.141829177737236 0.85139659047126781 -0.31706477701663965 -0.19680225849151609 0.84780550003051769 1.0537039041519167
decision_type=2 2 2 2 2 2
left_child=1 -1 -3 4 -2 -5
right_child=3 2 -4 5 -6 -7
leaf_value=0 -0.00090033655024586011 0.019648805599528776 0.00069227971982951443 0.00010283718891634534 0.014564761640415123 -0.0089689087432919309
leaf_weight=545.85495131090283 337.39157239720225 53.376055758446455 113.3082607164979 213.4813269674778 36.242727309465408 338.57960261031985
leaf_count=1513 928 143 332 618 82 1019
internal_value=-0.000618016 0.00211573 0.00853868 -0.00278596 0.00111116 -0.00547504
internal_weight=1638.23 712.539 166.684 925.695 373.634 552.061
internal_count=4635 1988 475 2647 1010 1637
is_linear=0
shrinkage=0.03


Tree=62
num_leaves=7
num_cat=0
split_feature=3 12 13 13 17 3
split_gain=11.4861 16.7365 11.4893 10.3106 15.4967 9.45754
threshold=-1.5587955117225645 1.3951832056045534 0.70971825718879711 -0.12557872384786603 1.6945902705192568 -0.61097314953804005
decision_type=2 2 2 2 2 2
left_child=1 -1 -3 5 -5 -2
right_child=3 2 -4 4 -6 -7
leaf_value=-0.01362951799751602 0.0019482734507693233 0.0040846013006328608 -0.0078704217212298058 0.00041136928385753771 0.0091429453139674939 -0.0079610835146207443
leaf_weight=108.29419298842549 135.14103250950575 173.08284280449152 95.110361471772194 765.71400199830532 228.32617402076721 167.5072763748467
leaf_count=330 388 471 266 2120 633 495
internal_value=-0.000202425 -0.00470605 -0.000198827 0.00111123 0.00261691 -0.00350383
internal_weight=1673.18 376.487 268.193 1296.69 994.04 302.648
internal_count=4703 1067 737 3636 2753 883
is_linear=0
shrinkage=0.03


Tree=63
num_leaves=7
num_cat=0
split_feature=8 13 12 7 18 16
split_gain=8.21566 11.8268 8.41711 8.1775 7.97909 5.86474
threshold=0.40352749824523931 1.089305102825165 -0.99019989371299733 -0.21286817640066144 0.52091747522354137 0.72545316815376293
decision_type=2 2 2 2 2 2
left_child=1 2 -1 -3 5 -2
right_child=4 3 -4 -5 -6 -7
leaf_value=-0.0054200324763632405 -0.013476136874761126 0.0026097527974594174 0.0022190929667719977 -0.012064904345465841 0.002360426421837408 0
leaf_weight=121.92830194532871 84.779969058930874 32.857509933412075 1240.8013862706721 85.170284353196621 49.958786927163601 28.804604396224022
leaf_count=371 246 93 3446 277 147 79
internal_value=-0.000139707 0.000558155 0.00142369 -0.00775876 -0.00615751 -0.0101457
internal_weight=1644.3 1480.76 1362.73 118.028 163.543 113.585
internal_count=4659 4187 3817 370 472 325
is_linear=0
shrinkage=0.03


Tree=64
num_leaves=5
num_cat=0
split_feature=14 14 6 1
split_gain=10.875 9.05138 9.86179 4.98013
threshold=-0.97187805175781239 -0.63412934541702259 -0.49651198089122767 -0.12130889296531676
decision_type=2 2 2 2
left_child=-1 3 -3 -2
right_child=1 2 -4 -5
leaf_value=0.01291660758068101 0 0.0084649419941661211 -0.0014690132747273066 -0.013973271648180472
leaf_weight=28.025400519371033 31.471206396818161 74.858415991067886 1435.7201951593161 57.682005878537893
leaf_count=76 86 195 4073 169
internal_value=-0.00105304 -0.00149128 -0.000833346 -0.00989415
internal_weight=1627.76 1599.73 1510.58 89.1532
internal_count=4599 4523 4268 255
is_linear=0
shrinkage=0.03


Tree=65
num_leaves=7
num_cat=0
split_feature=18 7 15 0 16 7
split_gain=11.9431 11.4438 10.9988 14.6336 10.9759 10.9112
threshold=-1.48143595457077 0.12452066317200662 -1.3717362880706785 -1.177716791629791 0.44870121777057653 1.276182293891907
decision_type=2 2 2 2 2 2
left_child=1 -1 3 -2 -3 -4
right_child=2 4 5 -5 -6 -7
leaf_value=-0.012474959564591919 -0.0062153473749847034 -0.010027789696589932 0.0041607222263304253 0.0049827196680442476 0.0058686645527592065 -0.0055881414242961681
leaf_weight=99.736736547201872 296.37098282575607 40.221031993627548 891.72959644719958 134.10409577190876 90.99184568785131 94.129429064691067
leaf_count=282 946 131 2412 365 258 262
internal_value=0.000234491 -0.00576299 0.00132085 -0.00252733 0 0.00307765
internal_weight=1647.28 230.95 1416.33 430.475 131.213 985.859
internal_count=4656 671 3985 1311 389 2674
is_linear=0
shrinkage=0.03


Tree=66
num_leaves=7
num_cat=0
split_feature=2 17 3 13 20 16
split_gain=10.603 8.83553 8.79902 11.4656 8.20827 7.93601
threshold=0.019736572168767456 1.6945902705192568 -1.5352584719657896 -0.12557872384786603 1.0000000180025095e-35 0.56994497776031505
decision_type=2 2 2 2 2 2
left_child=2 4 5 -4 -2 -1
right_child=1 -3 3 -5 -6 -7
leaf_value=0.0037836798347477803 -0.0071732407879020518 0.0021458512878945952 -0.0026282014389488587 0.0058172080727683061 0.0010230947638284727 -0.0069968898973260451
leaf_weight=76.610704086720943 358.9165495634079 205.6696121878922 170.08488918840885 545.93315979838371 131.68430921807885 137.69704702869058
leaf_count=226 1063 603 493 1460 371 413
internal_value=0 -0.00273447 0.00209899 0.00371264 -0.00490182 -0.00289297
internal_weight=1626.6 696.27 930.326 716.018 490.601 214.308
internal_count=4629 2037 2592 1953 1434 639
is_linear=0
shrinkage=0.03


Tree=67
num_leaves=7
num_cat=0
split_feature=9 9 14 4 4 11
split_gain=12.4793 9.22949 11.4637 8.22398 7.97346 12.1911
threshold=-0.0037422644672915335 -0.17866565287113187 2.1401209831237797 -0.38049192726612086 0.61318108439445507 0.06021974794566632
decision_type=2 2 2 2 2 2
left_child=1 3 -3 -1 5 -2
right_child=4 2 -4 -5 -6 -7
leaf_value=0.0066238933320371465 -0.0081773613819976342 0.0077279102754299091 -0.0014498723401728873 -0.0029006412203657068 0.0040325785765490145 0.00030667259143964766
leaf_weight=81.078242048621178 326.3954680711031 352.11083148233593 159.52001154050231 376.74775743484497 93.431099943816662 246.34200786054134
leaf_count=212 984 959 510 1099 248 668
internal_value=-2.38186e-05 0.00209617 0.00480664 -0.000881684 -0.00316759 -0.00453982
internal_weight=1635.63 969.457 511.631 457.826 666.169 572.737
internal_count=4680 2780 1469 1311 1900 1652
is_linear=0
shrinkage=0.03


Tree=68
num_leaves=5
num_cat=0
split_feature=0 4 7 0
split_gain=8.15889 11.1781 17.7894 10.0443
threshold=0.085054744035005583 -0.14443080127239225 0.52202099561691295 -2.3147352933883663
decision_type=2 2 2 2
left_child=1 3 -3 -1
right_child=-2 2 -4 -5
leaf_value=0.010288120141589438 0.011820473540379637 0.00079155443661502937 -0.0076563259565551349 0.00076351957094489525
leaf_weight=106.058852404356 32.114961996674538 556.95208828896284 340.58979302272201 584.03400396555662
leaf_count=301 78 1571 1062 1642
internal_value=0.000115883 -0.000227666 -0.00244578 0.00256037
internal_weight=1619.75 1587.63 897.542 690.093
internal_count=4654 4576 2633 1943
is_linear=0
shrinkage=0.03


Tree=69
num_leaves=7
num_cat=0
split_feature=17 0 7 16 1 4
split_gain=7.18639 19.5174 11.7548 10.8685 11.0003 8.25849
threshold=1.9616248011589053 -1.5307230949401853 0.50914308428764354 -0.015302859246730803 -0.22122062742710111 0.012055258732289078
decision_type=2 2 2 2 2 2
left_child=3 2 -2 4 -1 -3
right_child=1 5 -4 -5 -6 -7
leaf_value=0.0026240956205729376 0.0028788761627085257 0.016838680623847448 -0.011455925708862903 -2.5702022647696553e-05 -0.012371290897767572 0.00026662461751372963
leaf_weight=47.234223023056984 114.90137368813157 80.386910572648048 61.060462102293968 1114.6023320369422 117.75709644705057 48.3069788813591
leaf_count=131 334 222 225 3191 353 123
internal_value=-0.000167448 0.00378351 -0.00245077 -0.00119804 -0.00793445 0.0118942
internal_weight=1584.25 304.656 175.962 1279.59 164.991 128.694
internal_count=4579 904 559 3675 484 345
is_linear=0
shrinkage=0.03


Tree=70
num_leaves=7
num_cat=0
split_feature=7 10 8 5 9 8
split_gain=8.17774 12.6207 13.4576 10.5463 8.83127 7.41829
threshold=-0.43887308239936823 1.0942560434341433 -0.28127521276473993 -0.27273112535476679 0.20998213440179828 -0.85155323147773732
decision_type=2 2 2 2 2 2
left_child=1 3 -3 -1 5 -2
right_child=4 2 -4 -5 -6 -7
leaf_value=0.0035300208486175101 -0.0030812420996079565 0.011956103104037517 0 -0.011711864236845067 -0.0067832239842435527 0.00207593671166891
leaf_weight=61.938279699534178 420.56052230671048 163.33827097713947 140.05905593186617 58.80103387311101 202.33202307671309 560.62997642531991
leaf_count=166 1248 419 398 186 567 1662
internal_value=-6.0714e-05 0.00338056 0.00660207 -0.00407607 -0.00137949 -9.2013e-05
internal_weight=1607.66 424.137 303.397 120.739 1183.52 981.19
internal_count=4646 1169 817 352 3477 2910
is_linear=0
shrinkage=0.03


Tree=71
num_leaves=7
num_cat=0
split_feature=4 17 1 17 14 5
split_gain=8.80151 10.3366 11.473 9.94741 9.15378 7.73598
threshold=-0.1486924812197685 0.37177020311355596 -0.17759732902050016 1.6945902705192568 -0.046847650781273835 -0.42112764716148371
decision_type=2 2 2 2 2 2
left_child=3 2 -2 4 -1 -3
right_child=1 5 -4 -5 -6 -7
leaf_value=0.0060735526160142755 0.01090507103122889 0.0025354653082266284 -0.0011385192042520683 0.0089869455559121961 -0.0021341791403044334 -0.0059696438271289376
leaf_weight=153.86154049634933 74.876327529549599 95.08803579211235 248.30500493012369 134.86215564608574 387.02360979095101 503.6224922798574
leaf_count=395 214 272 722 404 1120 1534
internal_value=-0.000250885 -0.00217103 0.00194988 0.00226955 0.000226955 -0.00448358
internal_weight=1597.64 921.892 323.181 675.747 540.885 598.711
internal_count=4661 2742 936 1919 1515 1806
is_linear=0
shrinkage=0.03


Tree=72
num_leaves=7
num_cat=0
split_feature=7 10 11 3 2 12
split_gain=10.6381 10.6603 19.2843 10.7742 9.28865 9.84421
threshold=-0.82456883788108815 0.59347364306449901 0.42175213992595678 -1.2375254631042478 -0.037888720631599419 0.91716396808624279
decision_type=2 2 2 2 2 2
left_child=4 3 -3 -2 -1 -6
right_child=1 2 -4 -5 5 -7
leaf_value=0.009951055937601698 -0.0055695143823287904 -0.0047136927791045632 0.0041613839956806536 0.0093720883537780717 -0.0076634763645681715 0.0064419530422010597
leaf_weight=128.9370905533433 41.600546941161156 919.33196886256337 264.03634984046221 122.06592477113008 69.841020826250315 67.056196615099907
leaf_count=344 132 2750 733 337 227 174
internal_value=-0.000479506 -0.0016074 -0.00264735 0.00505465 0.0047384 -0.000431382
internal_weight=1612.87 1347.03 1183.37 163.666 265.834 136.897
internal_count=4697 3952 3483 469 745 401
is_linear=0
shrinkage=0.03


Tree=73
num_leaves=7
num_cat=0
split_feature=5 6 16 11 0 18
split_gain=7.39392 13.4679 10.9842 11.6398 8.23509 3.09637
threshold=-0.27273112535476679 0.12858771532773974 -0.48005363345146174 -0.47049027681350702 -0.93049439787864674 0.32067488133907324
decision_type=2 2 2 2 2 2
left_child=1 4 -2 -4 -1 -3
right_child=2 5 3 -5 -6 -7
leaf_value=0.011702093663102275 -0.012506051732621048 0.00010757493359440625 -0.005114936111888956 0.0014042277715199942 -0.0028897800086280755 -0.0093920173563459067
leaf_weight=146.33629155158997 49.222628373652697 43.334964700043201 307.21244347468019 970.60297714546323 27.657184436917305 34.632287725806236
leaf_count=411 143 139 972 2767 76 113
internal_value=2.13444e-05 0.00456856 -0.000852493 -0.000171549 0.00901455 -0.00455554
internal_weight=1579 251.961 1327.04 1277.82 173.993 77.9673
internal_count=4621 739 3882 3739 487 252
is_linear=0
shrinkage=0.03


Tree=74
num_leaves=7
num_cat=0
split_feature=3 16 13 16 9 7
split_gain=7.6088 14.3352 12.0652 11.0092 9.26866 8.09617
threshold=-1.5965417027473447 0.2935310453176499 -0.06101169437170028 0.52937611937522899 0.034094186499714858 -0.43887308239936823
decision_type=2 2 2 2 2 2
left_child=1 -1 -3 4 -2 -5
right_child=3 2 -4 5 -6 -7
leaf_value=0.007363780526931425 0.0011453009052300972 0.0027613159683207932 -0.010732947576398259 0.0095929449206876918 -0.0059877636872021035 0.0016040000815198262
leaf_weight=56.896217010915279 368.81436971575022 64.38256847858429 192.98992048949003 143.88744398206472 254.74159410595894 506.514349617064
leaf_count=161 1087 183 589 386 770 1446
internal_value=-1.85558e-05 -0.00408879 -0.00718529 0.000986828 -0.00177106 0.00369434
internal_weight=1588.23 314.269 257.372 1273.96 623.556 650.402
internal_count=4622 933 772 3689 1857 1832
is_linear=0
shrinkage=0.03


Tree=75
num_leaves=7
num_cat=0
split_feature=5 6 17 6 2 12
split_gain=5.64103 12.1015 8.84729 8.36105 11.4495 3.3528
threshold=0.26608879864215856 -0.38152492046356196 2.1874891519546513 -0.39630125463008875 0.28200742602348333 -0.26049230992794031
decision_type=2 2 2 2 2 2
left_child=1 5 -3 -2 -5 -1
right_child=3 2 -4 4 -6 -7
leaf_value=0 -0.0074892518940050034 -0.0033279398308401729 0.0039906050280511191 0.0065482456983436297 -0.0053908403538433184 0.010692315363832507
leaf_weight=30.251540198922157 40.209483459591866 862.95182814449072 154.34549178183079 348.00903388857841 68.360936366021633 71.923224978148937
leaf_count=91 120 2582 461 969 191 200
internal_value=8.55812e-05 -0.00102324 -0.00210419 0.00285902 0.00429332 0.00783066
internal_weight=1576.05 1119.47 1017.3 456.579 416.37 102.175
internal_count=4614 3334 3043 1280 1160 291
is_linear=0
shrinkage=0.03


Tree=76
num_leaves=7
num_cat=0
split_feature=1 15 8 6 7 7
split_gain=10.3468 9.20273 8.83293 7.9163 5.34119 3.04551
threshold=0.37327674031257635 -2.034249901771545 -0.30653928220272059 0.087146643549203887 1.0101777315139773 0.93588361144065868
decision_type=2 2 2 2 2 2
left_child=1 4 -3 -2 -1 -5
right_child=3 2 -4 5 -6 -7
leaf_value=-0.0083651602050899155 0.0033919301779141769 0.0039983958050431173 -0.0011499341918531497 -0.01253762363425294 0.0023578719157143929 0
leaf_weight=107.1499525681138 36.157529920339584 860.63638969510794 420.2831643037498 82.895595114678144 40.40926381200552 29.269189603626728
leaf_count=330 103 2506 1222 263 134 89
internal_value=0.000558414 0.00140399 0.00227134 -0.00642795 -0.00513963 -0.0100817
internal_weight=1576.8 1428.48 1280.92 148.322 147.559 112.165
internal_count=4647 4192 3728 455 464 352
is_linear=0
shrinkage=0.03


Tree=77
num_leaves=7
num_cat=0
split_feature=15 16 18 8 5 13
split_gain=6.85587 12.6661 8.75418 5.24884 11.5351 6.2858
threshold=-2.0211232900619502 0.33202797174453741 -0.55618876218795765 0.36602792143821722 0.035214578732848174 1.1916350126266482
decision_type=2 2 2 2 2 2
left_child=1 -1 -3 5 -5 -2
right_child=3 2 -4 4 -6 -7
leaf_value=0.0084611947871778437 0.0016319318446655808 0.0023952095176145117 -0.012764118823438747 -0.011807313162822828 0.003280422435048553 -0.0079742276138444149
leaf_weight=26.283143553882837 1210.6777422912419 30.444665849208832 112.7444222830236 71.926441580057144 68.205833606421947 43.183918729424477
leaf_count=82 3494 94 366 234 194 154
internal_value=-0.000223208 -0.00560467 -0.00927476 0.000458621 -0.00459652 0.00113398
internal_weight=1563.47 169.472 143.189 1393.99 140.132 1253.86
internal_count=4618 542 460 4076 428 3648
is_linear=0
shrinkage=0.03


Tree=78
num_leaves=7
num_cat=0
split_feature=8 7 0 15 5 3
split_gain=6.41062 7.38685 8.96351 7.3065 6.96027 0.150081
threshold=0.5643591880798341 1.2952976822853091 -0.84570097923278797 -2.1022609472274776 0.25588415563106542 -0.67741879820823658
decision_type=2 2 2 2 2 2
left_child=1 3 -3 -1 5 -2
right_child=4 2 -4 -5 -6 -7
leaf_value=-0.0052544739287509381 -0.01368368296877372 -0.0084916042169933086 0.0059925324267397911 0.0024337948481588942 0.0028964781063962747 -0.0033665912568470449
leaf_weight=99.165484193712473 32.706076860427856 121.28869709745049 31.738955602049828 1221.744493547827 34.451783090829849 40.263258025050163
leaf_count=326 102 377 92 3540 95 139
internal_value=0.00038711 0.000968099 -0.0047953 0.0017421 -0.00601452 -0.0105852
internal_weight=1581.36 1473.94 153.028 1320.91 107.421 72.9693
internal_count=4671 4335 469 3866 336 241
is_linear=0
shrinkage=0.03


Tree=79
num_leaves=7
num_cat=0
split_feature=1 16 3 15 18 17
split_gain=9.27931 8.74597 8.8004 8.12947 7.97239 5.30867
threshold=0.20123754441738131 0.01767268963158131 -1.5965417027473447 -0.73318040370941151 -0.11046290770173071 0.42000493407249456
decision_type=2 2 2 2 2 2
left_child=1 5 -3 -2 -5 -1
right_child=3 2 -4 4 -6 -7
leaf_value=0.0028465437141951895 -0.0078846877871893983 -0.0026882517468517129 0.0037624596515179881 -0.0062210181515651329 0.0065954029541893154 -0.0069417966612716261
leaf_weight=47.524581611156464 203.02549440413713 219.92622967809439 812.33801939338446 54.542609348893166 81.848272211849689 149.54385473579168
leaf_count=134 639 674 2360 162 249 434
internal_value=-3.05637e-05 0.00115416 0.00230613 -0.0043139 0.000946343 -0.00426007
internal_weight=1568.75 1229.33 1032.26 339.416 136.391 197.068
internal_count=4652 3602 3034 1050 411 568
is_linear=0
shrinkage=0.03


Tree=80
num_leaves=5
num_cat=0
split_feature=14 6 16 8
split_gain=8.88077 5.9459 13.0298 7.06246
threshold=-0.93311592936515797 0.049682462587952621 0.65698033571243297 -0.30653928220272059
decision_type=2 2 2 2
left_child=-1 2 -2 -3
right_child=1 3 -4 -5
leaf_value=0.011810291524372759 0.003622033755014434 -0.00021257760451850747 -0.0033314484429544811 -0.0069677524860600514
leaf_weight=32.664216086268425 567.93721866607666 370.04908100888133 388.14350052177906 225.55106202885509
leaf_count=99 1635 1148 1139 696
internal_value=-0.000250604 -0.00068973 0.000727214 -0.00301146
internal_weight=1584.35 1551.68 956.081 595.6
internal_count=4717 4618 2774 1844
is_linear=0
shrinkage=0.03


Tree=81
num_leaves=7
num_cat=0
split_feature=12 10 0 17 17 17
split_gain=6.70638 16.7046 13.8472 17.5294 10.1068 8.11045
threshold=2.3907675743103032 1.1378142237663271 -1.5683609247207639 1.4892019629478457 -0.27792678773403162 2.4829580783843999
decision_type=2 2 2 2 2 2
left_child=2 -2 4 -4 -1 -3
right_child=1 5 3 -5 -6 -7
leaf_value=0.0024428932931953051 -0.004756782995447688 0.010799246139426727 -0.001234287870520229 0.0099368235941786568 -0.0063332947756728685 -0.0023829168859077331
leaf_weight=128.331378005445 124.62425267696381 171.29247757047415 448.16825193911791 150.96868766844273 518.88699385896325 36.856476634740829
leaf_count=369 380 470 1264 415 1678 96
internal_value=-0.000429707 0.0031816 -0.00147632 0.00171373 -0.00448215 0.00819785
internal_weight=1579.13 332.773 1246.36 599.137 647.218 208.149
internal_count=4672 946 3726 1679 2047 566
is_linear=0
shrinkage=0.03


Tree=82
num_leaves=7
num_cat=0
split_feature=8 7 4 19 18 13
split_gain=5.9582 8.28507 9.69086 8.61852 6.45087 5.8868
threshold=0.40352749824523931 1.2846111655235293 -0.141829177737236 1.315419137477875 0.63211372494697582 0.21952249109745028
decision_type=2 2 2 2 2 2
left_child=1 3 -3 -1 5 -2
right_child=4 2 -4 -5 -6 -7
leaf_value=0.0025624180318748824 -0.014185247401792195 0.0032116535894213673 -0.010846628653840774 -0.0034212040062945336 0.0037096959615665124 -0.00057576130778247143
leaf_weight=1013.5787646956742 56.797213114798069 50.951433975249529 95.304357826709747 248.61024397239089 32.850283309817314 64.099061913788319
leaf_count=2951 190 161 300 786 99 197
internal_value=-0.000148561 0.000452729 -0.00579103 0.00130206 -0.00542025 -0.00850135
internal_weight=1562.19 1408.44 146.256 1262.19 153.747 120.896
internal_count=4684 4198 461 3737 486 387
is_linear=0
shrinkage=0.03


Tree=83
num_leaves=7
num_cat=0
split_feature=11 2 16 8 18 15
split_gain=9.25771 11.9503 10.1753 7.80227 6.02352 9.92866
threshold=-0.47049027681350702 0.18958013504743579 0.8526461422443391 -0.29739819467067713 -0.60810735821723927 -1.6566542387008665
decision_type=2 2 2 2 2 2
left_child=4 3 -3 -2 5 -1
right_child=1 2 -4 -5 -6 -7
leaf_value=0.012392207682553249 0.0047574112304348392 -0.0072263452293429634 0.006735079527298511 -0.0010853046103427018 -0.0057155215133636982 -0.0039148379420077756
leaf_weight=32.139295749366283 628.09335399791598 196.6150165759027 38.774028301239014 270.16456851363182 324.53681726008654 69.914118565618992
leaf_count=99 1786 618 106 780 1041 253
internal_value=-4.8248e-05 0.00133389 -0.0043443 0.00294942 -0.00375083 0.00191819
internal_weight=1560.24 1133.65 235.389 898.258 426.59 102.053
internal_count=4683 3290 724 2566 1393 352
is_linear=0
shrinkage=0.03


Tree=84
num_leaves=7
num_cat=0
split_feature=12 3 14 3 8 9
split_gain=6.86613 17.0428 10.8366 19.0628 14.4981 6.08938
threshold=0.71061390638351452 -1.528650104999542 0.072903022170066847 -0.98416590690612782 -0.80254209041595448 0.03670147247612477
decision_type=2 2 2 2 2 2
left_child=1 -1 3 -2 -4 -3
right_child=2 5 4 -5 -6 -7
leaf_value=-0.016085906144237151 0.010020613392190429 0.002059663243393611 -0.0067493268027656733 -0.0026537702969550792 0.0028604533288700638 -0.0041214701868828767
leaf_weight=52.478569161146879 256.20017957314849 319.38794689998031 219.19718500599265 152.75383216887712 318.39894906058908 224.28928355500102
leaf_count=185 660 984 694 422 987 712
internal_value=4.42253e-05 -0.00239175 0.00165827 0.00524356 -0.00105174 -0.000439624
internal_weight=1542.71 596.156 946.55 408.954 537.596 543.677
internal_count=4644 1881 2763 1082 1681 1696
is_linear=0
shrinkage=0.03


Tree=85
num_leaves=7
num_cat=0
split_feature=18 7 5 5 5 17
split_gain=8.65156 9.40068 7.93258 13.8125 8.92097 5.98986
threshold=0.63211372494697582 0.13650740683078769 0.32524211704730993 0.4237388819456101 -0.38789628446102137 -0.29577957093715662
decision_type=2 2 2 2 2 2
left_child=2 5 4 -4 -1 -2
right_child=1 -3 3 -5 -6 -7
leaf_value=0.0039747099124203614 0 -0.00066281772827917157 0.010882618902082065 -0.0023749881479885821 -0.0037791220373620377 0.012863423272092724
leaf_weight=132.78796998411417 33.261429823935032 148.0495730265975 98.576806925237179 149.11707837879658 878.85925080254674 95.384995855391026
leaf_count=394 102 444 287 424 2717 275
internal_value=-0.000337456 0.00423242 -0.00143889 0.00309598 -0.00264588 0.00960083
internal_weight=1536.04 276.696 1259.34 247.694 1011.65 128.646
internal_count=4643 821 3822 711 3111 377
is_linear=0
shrinkage=0.03


Tree=86
num_leaves=7
num_cat=0
split_feature=1 4 4 10 14 11
split_gain=6.97575 7.20998 9.88771 8.14028 5.67561 7.15128
threshold=0.19275278598070147 -0.14443080127239225 -0.10797230526804923 1.2018096446990969 -0.10383991897106169 0.06021974794566632
decision_type=2 2 2 2 2 2
left_child=1 3 -3 -1 5 -2
right_child=4 2 -4 -5 -6 -7
leaf_value=0.0075443100226545634 -0.013221368413936627 -0.0078711292561447505 0.0012703362384618383 0.00019522208196365195 0 0.00022586601099015393
leaf_weight=279.87598789483309 65.293244816362858 111.73434159904718 518.5826637595892 281.49305641651154 228.30816470086575 45.486939042806625
leaf_count=813 202 377 1559 835 746 134
internal_value=0.000560132 0.00167411 -0.000450114 0.00409588 -0.00306292 -0.00805093
internal_weight=1530.77 1191.69 630.317 561.369 339.088 110.78
internal_count=4666 3584 1936 1648 1082 336
is_linear=0
shrinkage=0.03


Tree=87
num_leaves=7
num_cat=0
split_feature=9 8 18 17 18 16
split_gain=6.31849 10.681 8.97103 8.59688 8.35471 7.27668
threshold=0.20457506179809573 -0.29739819467067713 0.62678596377372753 -0.29577957093715662 0.55336895585060131 0.52070993185043346
decision_type=2 2 2 2 2 2
left_child=2 4 3 -1 -2 -4
right_child=1 -3 5 -5 -6 -7
leaf_value=0.0057529529892621726 0.0047582608708281755 -0.0093918138452610527 0 -0.0017505857308518584 -0.0086272007960738906 0.010084140423297028
leaf_weight=142.5833175778389 133.63812198489904 144.36740166693926 104.81823217123747 827.41475480049849 36.639298133552074 128.24959450960159
leaf_count=405 390 442 325 2592 102 389
internal_value=-0.000208425 -0.00388859 0.000752861 -0.00049307 0.000958662 0.00580452
internal_weight=1517.71 314.645 1203.07 969.998 170.277 233.068
internal_count=4645 934 3711 2997 492 714
is_linear=0
shrinkage=0.03


Tree=88
num_leaves=7
num_cat=0
split_feature=15 6 6 12 14 12
split_gain=9.93487 12.5793 12.6874 9.65248 9.45777 15.0093
threshold=-1.2754469513893125 -0.091712128371000276 0.29336006939411169 2.0122967958450322 0.072903022170066847 0.71061390638351452
decision_type=2 2 2 2 2 2
left_child=1 3 -3 -1 5 -2
right_child=4 2 -4 -5 -6 -7
leaf_value=-0.0030607736655975078 -0.00053933163126622711 -0.0096033571871590971 0.0036418581531366657 0.0085996086279941548 -0.00084754407431160091 0.01007532304435943
leaf_weight=119.58657016605139 215.03627551719546 268.86652404814959 64.904199369251728 93.759057845920324 544.80558588728309 220.69426017254591
leaf_count=374 655 891 214 271 1671 599
internal_value=-6.08836e-05 -0.00326889 -0.00679785 0.00210435 0.0016987 0.00491148
internal_weight=1527.65 547.116 333.771 213.346 980.536 435.731
internal_count=4675 1750 1105 645 2925 1254
is_linear=0
shrinkage=0.03


Tree=89
num_leaves=4
num_cat=0
split_feature=14 14 0
split_gain=5.11246 6.70079 5.64635
threshold=-0.86510783433914173 -0.71156603097915638 0.085054744035005583
decision_type=2 2 2
left_child=-1 -2 -3
right_child=1 2 -4
leaf_value=0.0082812849898023042 -0.010033214357246394 -0.00019444010908417178 0.010182599171224983
leaf_weight=45.688107416033745 40.747983790934086 1398.7470100410283 28.663431033492088
leaf_count=141 129 4304 71
internal_value=6.13773e-05 -0.00026196 0.000110307
internal_weight=1513.85 1468.16 1427.41
internal_count=4645 4504 4375
is_linear=0
shrinkage=0.03


Tree=90
num_leaves=7
num_cat=0
split_feature=9 18 6 17 16 0
split_gain=9.36351 11.0725 8.19599 7.60971 16.3142 10.5118
threshold=0.37590232491493231 -0.36971457302570337 -0.065260045230388627 -0.33666145801544184 0.78915473818779003 -1.4704480171203611
decision_type=2 2 2 2 2 2
left_child=3 -2 -3 4 -1 -5
right_child=1 2 -4 5 -6 -7
leaf_value=0 0.0041029380960786758 0.00025784454831730488 -0.015504152750876571 -0.0032213461982040863 0.017094745750030556 0.002507463945934462
leaf_weight=184.07528850436211 40.289897873997688 30.427575528621674 84.169947151094675 645.30832093581557 52.020159691572189 481.31245843693614
leaf_count=539 119 91 260 2078 132 1432
internal_value=-0.000510053 -0.00705996 -0.0114569 0.000282371 0.00498488 -0.000720522
internal_weight=1517.6 154.887 114.598 1362.72 236.095 1126.62
internal_count=4651 470 351 4181 671 3510
is_linear=0
shrinkage=0.03


Tree=91
num_leaves=7
num_cat=0
split_feature=2 16 12 14 17 7
split_gain=5.98023 8.28205 7.81339 6.90068 6.23296 5.33565
threshold=-0.26519255340099329 -0.42401899397373194 -0.36135345697402949 0.020299896597862247 1.3406774401664736 0.26464703679084783
decision_type=2 2 2 2 2 2
left_child=2 -2 5 -3 -4 -1
right_child=1 3 4 -5 -6 -7
leaf_value=0.0020590214859269843 -0.009020390407492862 0.0023624452654111999 0.0095863831979439255 -0.0022226368277799237 -0.00033448715109161671 -0.011965445077616823
leaf_weight=32.639529310166836 88.204611353576183 483.63966261222959 143.40644941478968 685.40703582018614 68.238824985921383 23.117727100849152
leaf_count=106 279 1376 400 2220 227 85
internal_value=-0.000145447 -0.00106016 0.003721 -0.000267477 0.00637596 -0.00458751
internal_weight=1524.65 1257.25 267.403 1169.05 211.645 55.7573
internal_count=4693 3875 818 3596 627 191
is_linear=0
shrinkage=0.03


Tree=92
num_leaves=7
num_cat=0
split_feature=1 11 3 14 12 10
split_gain=7.37747 6.72125 9.13093 7.07409 6.30785 7.76718
threshold=-0.0026044559199362989 0.4294703900814057 -1.2145074009895322 -0.24138423800468442 1.4317271709442141 0.80225598812103283
decision_type=2 2 2 2 2 2
left_child=1 2 -1 -3 5 -2
right_child=4 3 -4 -5 -6 -7
leaf_value=-0.0048416819130090638 0.0024090251742259817 -0.0020990098276519177 0.0029297161607887861 0.010332949626479699 0.0011812786918437923 -0.0064463643878390322
leaf_weight=168.62481703981757 97.522488724440336 38.511020056903362 453.2735212109983 130.86241906881332 315.85202991589904 318.09424744173884
leaf_count=557 313 117 1338 383 937 1053
internal_value=0.00026557 0.00227955 0.000643865 0.00726627 -0.00183591 -0.00421555
internal_weight=1522.74 791.272 621.898 169.373 731.469 415.617
internal_count=4698 2395 1895 500 2303 1366
is_linear=0
shrinkage=0.03


Tree=93
num_leaves=7
num_cat=0
split_feature=6 6 8 15 7 0
split_gain=7.44309 8.32084 14.5358 7.09208 7.07349 6.9633
threshold=0.052612761035561569 0.29336006939411169 -0.014733375050127505 -0.72003448009490956 1.342689633369446 -2.4166965484619136
decision_type=2 2 2 2 2 2
left_child=4 3 -3 -2 5 -1
right_child=1 2 -4 -5 -6 -7
leaf_value=0.010673301567641813 -0.0078231191172034951 0.0080237756789721792 -0.0072767610372922913 0.000189553966755725 -0.0066556353959801324 0.001700347457722828
leaf_weight=73.055004607886076 237.88889367878437 130.07304251939058 67.181761384010315 137.18585811555386 56.341327428817749 802.7597187384963
leaf_count=233 788 416 220 423 187 2388
internal_value=0.000305764 -0.00229256 0.00234633 -0.00487933 0.00197875 0.00273738
internal_weight=1504.49 572.33 197.255 375.075 932.156 875.815
internal_count=4655 1847 636 1211 2808 2621
is_linear=0
shrinkage=0.03


Tree=94
num_leaves=7
num_cat=0
split_feature=2 19 5 18 10 17
split_gain=6.86806 9.27171 7.91038 6.43172 6.05561 5.94089
threshold=0.025528560392558578 1.2738204002380373 0.58048337697982799 -0.040323112159967416 1.032403349876404 1.8361877202987673
decision_type=2 2 2 2 2 2
left_child=1 4 5 -3 -1 -2
right_child=2 3 -4 -5 -6 -7
leaf_value=0 -0.0051084839070629001 0.0020841550820807067 0.0080593225605638426 -0.0077837425595780399 0.005788723662792491 0.0012524755985974872
leaf_weight=270.5643347427249 426.95053522661328 81.673478655517101 39.114033915102482 113.17601138353348 395.97610531002283 158.85611041635275
leaf_count=844 1388 268 115 362 1136 522
internal_value=4.4231e-05 0.00180333 -0.0022682 -0.00355926 0.00351638 -0.00330011
internal_weight=1486.31 861.39 624.921 194.849 666.54 585.807
internal_count=4635 2610 2025 630 1980 1910
is_linear=0
shrinkage=0.03


Tree=95
num_leaves=7
num_cat=0
split_feature=16 12 0 16 14 11
split_gain=5.54419 9.31583 12.2427 8.68557 8.28662 7.87476
threshold=0.52937611937522899 2.4036269187927251 -1.5683609247207639 0.700963854789734 2.4487943649291997 -0.52145999670028675
decision_type=2 2 2 2 2 2
left_child=1 2 -1 4 -2 -5
right_child=3 -3 -4 5 -6 -7
leaf_value=-0.0062029480045201948 0.0089826673688768299 0.0077101568507054689 0.0021481353937466111 -0.0063105391685103875 -0.001428647177533083 0.001935099342852903
leaf_weight=346.85138992965221 221.96825520694256 67.858426913619041 249.74006627127528 117.58413577824831 76.383402638137341 409.49402677640319
leaf_count=1153 661 198 746 370 247 1248
internal_value=0.000649049 -0.00131305 -0.00265349 0.00229316 0.00620641 0
internal_weight=1489.88 664.45 596.591 825.43 298.352 527.078
internal_count=4623 2097 1899 2526 908 1618
is_linear=0
shrinkage=0.03


Tree=96
num_leaves=7
num_cat=0
split_feature=0 11 18 6 5 21
split_gain=6.9209 12.0379 8.32152 8.17912 7.23523 6.16299
threshold=-1.5307230949401853 0.12348389998078348 -1.0991010069847105 -0.29412718117237086 0.23243569582700732 1.0000000180025095e-35
decision_type=2 2 2 2 2 2
left_child=1 2 -1 -2 -5 -3
right_child=3 5 -4 4 -6 -7
leaf_value=0.0021262607326298913 0.0089691239008405713 0.0049631160462672913 -0.0067265517084958131 -0.0021134582677572638 0.0045235057118189221 -0.004418827875688547
leaf_weight=99.51094277203083 98.698795735836029 216.96179056540132 424.10774028673768 383.90684079378843 211.47730708867311 62.183605533093214
leaf_count=333 282 624 1426 1160 600 234
internal_value=-0.000357462 -0.00226102 -0.00491742 0.0017618 0.000216854 0.00251688
internal_weight=1496.85 802.764 523.619 694.083 595.384 279.145
internal_count=4659 2617 1759 2042 1760 858
is_linear=0
shrinkage=0.03


Tree=97
num_leaves=7
num_cat=0
split_feature=4 16 10 5 0 7
split_gain=5.98639 11.6415 10.3025 16.4022 9.77667 8.19995
threshold=-0.1486924812197685 -0.015302859246730803 1.3973063826560976 -0.14066189527511594 -2.3147352933883663 1.2846111655235293
decision_type=2 2 2 2 2 2
left_child=1 -1 3 -2 -3 -4
right_child=2 4 5 -5 -6 -7
leaf_value=-0.0081472711344953794 0.0018389495487193175 0.012278423847031723 0.0036450495466319099 -0.0087347206063100678 0.0014384907599172766 -0.0086623842415978255
leaf_weight=69.99164928868413 194.61400443315506 75.042956814169884 311.19556839391589 315.63192816823721 486.054123993963 35.739571049809456
leaf_count=214 620 238 960 1053 1469 114
internal_value=-0.000351963 0.00178431 -0.00199799 -0.00467139 0.00336421 0.00181064
internal_weight=1488.27 631.089 857.181 510.246 561.097 346.935
internal_count=4668 1921 2747 1673 1707 1074
is_linear=0
shrinkage=0.03


Tree=98
num_leaves=7
num_cat=0
split_feature=6 7 7 9 8 14
split_gain=4.27113 10.4758 9.64902 15.6795 8.1436 7.32401
threshold=0.052612761035561569 0.24399533867836001 0.88684749603271495 0.24492950737476352 -0.94393238425254811 -0.091201327741146074
decision_type=2 2 2 2 2 2
left_child=1 5 -2 -4 -3 -1
right_child=2 4 3 -5 -6 -7
leaf_value=0.0097575712689609052 -0.004574772469298243 -0.0067575515812624562 0.0087528391403814253 -0.010064284471798265 0.0009932001751844922 0.0013799998997470666
leaf_weight=131.97929825633764 417.86633791774511 176.51692027971148 123.05126511305571 34.312175862491131 283.74082897230983 326.38335775583982
leaf_count=381 1346 570 402 105 890 967
internal_value=-0.000160509 0.0010597 -0.00218008 0.00363937 -0.00201204 0.00422474
internal_weight=1493.85 918.62 575.23 157.363 460.258 458.363
internal_count=4661 2808 1853 507 1460 1348
is_linear=0
shrinkage=0.03


Tree=99
num_leaves=7
num_cat=0
split_feature=1 11 16 20 7 8
split_gain=5.44969 7.90133 8.16544 6.14206 5.21502 4.93064
threshold=0.19275278598070147 -0.61622717976570118 -0.48005363345146174 1.0000000180025095e-35 -1.1652434468269346 -0.053464999422430985
decision_type=2 2 2 2 2 2
left_child=1 4 -3 5 -1 -2
right_child=3 2 -4 -5 -6 -7
leaf_value=0.0053315396706879381 -0.0080149526530601551 -0.0071928113089152462 0.0032697866148841356 0.0028643892221690615 -0.0053736460296099943 0.00038935505123921337
leaf_weight=28.036916270852089 172.0063663572073 50.781967096030712 864.50854371488094 88.401981733739376 199.86434620991349 71.34438619017601
leaf_count=83 575 152 2645 281 677 228
internal_value=0.000177143 0.00120158 0.00248376 -0.00305001 -0.00349075 -0.00548074
internal_weight=1474.94 1143.19 915.291 331.753 227.901 243.351
internal_count=4641 3557 2797 1084 760 803
is_linear=0
shrinkage=0.03


Tree=100
num_leaves=7
num_cat=0
split_feature=7 7 13 4 7 7
split_gain=9.24409 9.70282 5.72478 5.60379 5.27182 4.74767
threshold=-0.82456883788108815 -1.6004849076271055 1.089305102825165 0.30261038243770605 0.86940652132034313 -0.055660495534539216
decision_type=2 2 2 2 2 2
left_child=1 3 4 -1 -2 -4
right_child=2 -3 5 -5 -6 -7
leaf_value=-0.006287614155334585 -0.00099786442697232967 0.009784558149132554 0.0014619523129999396 0.0063834603212399796 0.0035136691717220512 -0.010392495797027263
leaf_weight=63.898224800825119 839.68081227317452 159.64626643806696 27.54099527746439 28.042739756405354 297.73273597657681 68.064293418079615
leaf_count=210 2615 454 85 83 945 247
internal_value=0.000631246 0.00565902 -0.000420698 -0.00143684 0.000171557 -0.00679645
internal_weight=1484.61 251.587 1233.02 91.941 1137.41 95.6053
internal_count=4639 747 3892 293 3560 332
is_linear=0
shrinkage=0.03


Tree=101
num_leaves=7
num_cat=0
split_feature=1 17 0 19 12 17
split_gain=4.53418 5.53488 12.903 10.4228 3.95428 2.03084
threshold=0.42960275709629064 2.0842331647872929 -1.5563972592353819 1.0179342627525332 1.1475328207015993 1.2938317060470583
decision_type=2 2 2 2 2 2
left_child=1 3 -3 -1 5 -2
right_child=4 2 -4 -5 -6 -7
leaf_value=0.0025854981048896303 -0.01437743496286919 -0.0016624491115595948 0.011701225437732133 -0.0031639576406957554 0 -3.8329882416712506e-05
leaf_weight=432.93568646162748 28.28970954194665 132.81112113967538 90.493068039417267 719.14666678756475 53.124767646193504 21.7788465321064
leaf_count=1327 113 454 265 2262 151 76
internal_value=-0.000587967 -4.92342e-05 0.00402321 -0.000944954 -0.00610759 -0.0107878
internal_weight=1478.58 1375.39 223.304 1152.08 103.193 50.0686
internal_count=4648 4308 719 3589 340 189
is_linear=0
shrinkage=0.03


Tree=102
num_leaves=7
num_cat=0
split_feature=6 8 18 8 14 3
split_gain=6.09591 12.5461 8.60932 6.77102 9.51948 4.57911
threshold=0.049682462587952621 -0.30653928220272059 -1.6847060918807981 -0.92408150434494007 2.6867910623550419 0.66255709528923046
decision_type=2 2 2 2 2 2
left_child=3 2 -2 4 -1 -5
right_child=1 -3 -4 5 -6 -7
leaf_value=-0.0041506849036418887 -0.0082383394485595653 -0.0076841859259138279 0.0033829493951360854 0.0042758438052914946 0.0088385892411704733 -0.0041084009067916113
leaf_weight=260.88745595142245 48.840874705463648 209.66606456786394 294.92409820854664 576.18917974829674 40.651214264333248 41.970498867332935
leaf_count=805 160 693 969 1752 135 143
internal_value=0.000186353 -0.00220874 0.00120473 0.00170779 -0.00177212 0.00350165
internal_weight=1473.13 553.431 343.765 919.698 301.539 618.16
internal_count=4657 1822 1129 2835 940 1895
is_linear=0
shrinkage=0.03


Tree=103
num_leaves=7
num_cat=0
split_feature=9 7 3 18 4 12
split_gain=7.02995 10.3046 13.5787 10.7729 6.97282 7.04089
threshold=-0.011766479816287754 0.23348743468523028 -1.5666255354881284 0.35587643086910253 0.57710650563240062 2.200370311737061
decision_type=2 2 2 2 2 2
left_child=1 3 -3 -1 5 -2
right_child=4 2 -4 -5 -6 -7
leaf_value=0.00070973444064664575 -0.0061350589178674345 -0.010939810001097349 0.0011534081847939886 0.010941390622131652 0.0041622623511789261 0.0010624271071036835
leaf_weight=240.3809317946434 364.43556005135179 84.255157232284546 380.53795082122087 150.25963953137398 92.442877121269703 152.71850842237473
leaf_count=733 1215 300 1195 462 279 467
internal_value=-6.59155e-05 0.00163248 -0.0012759 0.00513266 -0.00252069 -0.00393748
internal_weight=1465.03 855.434 464.793 390.641 609.597 517.154
internal_count=4651 2690 1495 1195 1961 1682
is_linear=0
shrinkage=0.03


Tree=104
num_leaves=7
num_cat=0
split_feature=2 13 15 5 0 10
split_gain=5.48231 6.71079 7.85006 4.71042 9.02595 8.40104
threshold=0.24460528045892718 0.39773273468017584 -1.7699909806251524 0.25774133205413824 -1.3339374065399168 0.80225598812103283
decision_type=2 2 2 2 2 2
left_child=3 -2 -3 5 -5 -1
right_child=1 2 -4 4 -6 -7
leaf_value=0.0042398870641601029 0.00051946545496080513 0.0031256266149051349 -0.012024635612472178 -2.7975039931318786e-05 0.0090785148049067656 -0.0022809128306193051
leaf_weight=222.84143085405231 126.12435125932097 24.667277239263058 96.968078322708607 228.80653152987361 135.89956846088171 627.24082421511412
leaf_count=730 423 88 325 710 394 2002
internal_value=-7.37124e-05 -0.00399978 -0.00852107 0.000730244 0.00350495 -0.000444417
internal_weight=1462.55 247.76 121.635 1214.79 364.706 850.082
internal_count=4672 836 413 3836 1104 2732
is_linear=0
shrinkage=0.03


Tree=105
num_leaves=7
num_cat=0
split_feature=15 2 13 9 18 15
split_gain=5.77736 6.37334 6.87733 6.52546 4.09556 4.28752
threshold=-2.1382730007171626 0.23568793386220935 0.33246192336082464 -0.26347383856773371 -0.38289512693881983 -2.3039404153823848
decision_type=2 2 2 2 2 2
left_child=4 3 -3 -2 -1 -6
right_child=1 2 -4 -5 5 -7
leaf_value=0.0011648529427879045 -0.0028001900267490493 0.0013217128831873202 -0.0080959420114648344 0.0027248321721006856 0 -0.014116069455012186
leaf_weight=30.786534637212753 216.43167204409838 109.01553080976009 123.13679183274508 893.55552532151341 34.051787950098515 41.376356862485409
leaf_count=98 686 356 417 2803 120 136
internal_value=0 0.00057184 -0.00368153 0.00156394 -0.00613739 -0.00936608
internal_weight=1448.35 1342.14 232.152 1109.99 106.215 75.4281
internal_count=4616 4262 773 3489 354 256
is_linear=0
shrinkage=0.03


Tree=106
num_leaves=7
num_cat=0
split_feature=11 14 0 14 13 14
split_gain=4.43329 19.5558 9.55252 7.35502 9.7654 5.22202
threshold=0.42175213992595678 -0.32458195090293879 -0.94037958979606617 2.1401209831237797 -0.12557872384786603 3.0671237707138066
decision_type=2 2 2 2 2 2
left_child=3 -2 -3 4 -1 -5
right_child=1 2 -4 5 -6 -7
leaf_value=-0.0044244962590252032 -0.011814107284262396 0.008632299780185369 -0.0035777430933652179 -0.0074819246172520473 0.0026056146259129955 0.00059083827445880258
leaf_weight=224.62593142688274 45.357306152582169 241.39518674463034 54.028729923069477 187.95672661811113 613.53625936806202 86.336895015090704
leaf_count=722 152 717 159 680 1892 320
internal_value=0.000118626 0.00304741 0.00612378 -0.000763548 0.000592434 -0.00486959
internal_weight=1453.24 340.781 295.424 1112.46 838.162 274.294
internal_count=4642 1028 876 3614 2614 1000
is_linear=0
shrinkage=0.03


Tree=107
num_leaves=7
num_cat=0
split_feature=7 0 18 6 15 15
split_gain=5.46668 11.3892 14.8495 8.61764 13.4787 13.1482
threshold=1.2846111655235293 -1.2781978845596311 -0.11046290770173071 -0.037795741111040108 -0.57304376363754261 -1.3967394232749937
decision_type=2 2 2 2 2 2
left_child=3 2 -2 4 -1 -5
right_child=1 -3 -4 5 -6 -7
leaf_value=0.0064699843986516974 0.0018887502091530649 0.0037121296156568317 -0.019643702846309941 -0.0075287582159114857 -0.0023562597562161725 0.0012921880110625767
leaf_weight=417.16076400130987 36.546949587762356 61.306851003319025 47.914217609912157 198.4099685959518 216.43099115788937 463.01339327543974
leaf_count=1279 132 195 171 704 695 1459
internal_value=0.000222933 -0.00485897 -0.0111743 0.000905783 0.00338335 -0.00140913
internal_weight=1440.78 145.768 84.4612 1295.02 633.592 661.423
internal_count=4635 498 303 4137 1974 2163
is_linear=0
shrinkage=0.03


Tree=108
num_leaves=7
num_cat=0
split_feature=11 7 1 1 17 14
split_gain=6.16778 6.58102 14.3136 9.67096 6.24702 5.12374
threshold=-0.607846438884735 0.82300394773483287 -0.23017798364162442 -0.24174054712057111 0.21308887749910357 0.7571144998073579
decision_type=2 2 2 2 2 2
left_child=4 2 -2 -3 -1 -6
right_child=1 3 -4 -5 5 -7
leaf_value=0.0021078655876787919 0.0068965518551322132 -0.0052543462489634523 -0.002246013028648458 0.0076617631952817788 -0.0017883952157402151 -0.011825189306382327
leaf_weight=93.90597328171134 177.03701177239418 45.665503326803446 681.4651889950037 219.82002004235983 138.11011372506618 76.405002668499947
leaf_count=294 538 161 2160 706 454 320
internal_value=0 0.00106277 -0.000178285 0.00501747 -0.00360109 -0.00632271
internal_weight=1432.41 1123.99 858.502 265.486 308.421 214.515
internal_count=4633 3565 2698 867 1068 774
is_linear=0
shrinkage=0.03


Tree=109
num_leaves=7
num_cat=0
split_feature=8 7 9 7 18 16
split_gain=7.19297 7.17932 9.65736 6.71591 3.76636 1.92603
threshold=0.5643591880798341 -1.2058610320091245 0.53684085607528698 -1.686782121658325 0.52650293707847606 0.64592793583869945
decision_type=2 2 2 2 2 2
left_child=1 3 -3 -1 5 -2
right_child=4 2 -4 -5 -6 -7
leaf_value=0 -0.012682284723326224 0.00081367593727706545 -0.012066851597262181 0.012865036326504915 0.00063193871205509693 0
leaf_weight=64.661833539605141 44.40915597230196 1175.2226610742509 34.615854024887085 63.866029381752014 28.03021202981472 23.585123717784882
leaf_count=213 156 3806 114 182 96 78
internal_value=0.000379157 0.001025 0.00020611 0.00726358 -0.00673034 -0.00990106
internal_weight=1434.39 1338.37 1209.84 128.528 96.0245 67.9943
internal_count=4645 4315 3920 395 330 234
is_linear=0
shrinkage=0.03


Tree=110
num_leaves=7
num_cat=0
split_feature=20 2 13 13 16 2
split_gain=6.09074 10.6943 15.7273 9.75664 8.1246 5.79779
threshold=1.0000000180025095e-35 0.15254037827253344 0.28671368956565862 0.69849905371665966 0.8560767173767091 0.099827140569686904
decision_type=2 2 2 2 2 2
left_child=1 2 -1 4 -2 -5
right_child=3 -3 -4 5 -6 -7
leaf_value=-0.0046414257156304917 0.0089525048262184669 -0.0063428158005583921 0.0036503441223335177 -0.0081650360552343922 -0.0031818031690911352 0.0033643459596579932
leaf_weight=321.61207662150264 194.74699687585235 272.09338469058275 494.87337591126561 71.377858890220523 44.963432155549526 44.834700472652912
leaf_count=1033 605 938 1535 261 151 155
internal_value=-0.000253295 -0.00140612 0.00027962 0.0030002 0.00637565 -0.00343564
internal_weight=1444.5 1088.58 816.485 355.923 239.71 116.213
internal_count=4678 3506 2568 1172 756 416
is_linear=0
shrinkage=0.03


Tree=111
num_leaves=6
num_cat=0
split_feature=5 1 7 7 18
split_gain=6.45439 7.65456 10.712 5.99708 4.31765
threshold=0.60378387570381176 -0.18701423704624173 0.86940652132034313 0.69250351190567028 0.18735869973897937
decision_type=2 2 2 2 2
left_child=1 3 -3 -1 -2
right_child=4 2 -4 -5 -6
leaf_value=0.005228855226527265 0.012874207416199582 -0.0040992911500730717 0.0027507973905015462 -0.0026715281111269408 0
leaf_weight=239.21030740067363 31.641213126480579 778.2810270152986 250.06184864789248 103.45219219475985 40.137105377390981
leaf_count=749 92 2522 828 362 121
internal_value=-0.000498376 -0.00103805 -0.00235562 0.00266244 0.00713586
internal_weight=1442.78 1371.01 1028.34 342.662 71.7783
internal_count=4674 4461 3350 1111 213
is_linear=0
shrinkage=0.03


Tree=112
num_leaves=7
num_cat=0
split_feature=11 5 5 0 14 19
split_gain=5.04059 6.77245 11.0733 9.2785 6.23042 10.6474
threshold=-0.27518735826015467 0.092749100178480162 0.23243569582700732 -1.5563972592353819 0.038593215867877013 0.75486198067665111
decision_type=2 2 2 2 2 2
left_child=1 3 -3 -1 5 -2
right_child=4 2 -4 -5 -6 -7
leaf_value=-0.0033813852481898755 -0.0055633469921740767 -0.013603575283777121 -0.00037951404685639378 0.0061845573818439291 -0.00046912435631046482 0.006898546647730641
leaf_weight=190.25602900236845 55.645707033574581 79.38526663184166 159.86430434137583 138.81472501158714 519.32423208281398 290.70642153546214
leaf_count=724 185 275 519 419 1690 845
internal_value=5.54028e-05 -0.00205503 -0.00570977 0.000605156 0.00152377 0.0045382
internal_weight=1434 568.32 239.25 329.071 865.676 346.352
internal_count=4657 1937 794 1143 2720 1030
is_linear=0
shrinkage=0.03


Tree=113
num_leaves=6
num_cat=0
split_feature=13 17 0 1 6
split_gain=6.08277 6.40163 11.6057 9.93959 2.90608
threshold=1.0964681506156924 1.6945902705192568 -1.5307230949401853 -0.18479858338832852 -0.20039299875497815
decision_type=2 2 2 2 2
left_child=1 3 -3 -1 -2
right_child=4 2 -4 -5 -6
leaf_value=0.0038539458611950134 8.6848649384143456e-05 -0.00074133576652738137 0.0096591889272989208 -0.0027317147983050623 -0.0096463194105554425
leaf_weight=260.60483733564615 22.82989452034235 203.85253491066396 144.99592923372984 728.74612105637789 66.338693171739578
leaf_count=804 87 709 443 2364 249
internal_value=-0.00021092 0.000297344 0.00370824 -0.000895551 -0.00704535
internal_weight=1427.37 1338.2 348.848 989.351 89.1686
internal_count=4656 4320 1152 3168 336
is_linear=0
shrinkage=0.03


Tree=114
num_leaves=7
num_cat=0
split_feature=19 18 14 4 14 19
split_gain=7.62081 8.57857 7.52607 16.0793 13.8185 5.78406
threshold=1.2832121849060061 -0.11046290770173071 -0.29884746670722956 -0.20845992118120191 0.038593215867877013 1.6553841829299929
decision_type=2 2 2 2 2 2
left_child=2 -2 3 -1 -4 -3
right_child=1 5 4 -5 -6 -7
leaf_value=0.010326825252034055 0.001474933463151707 -0.0099336483625657966 0.008101548162945886 -0.0078439986231895412 9.7479357628722523e-07 0.001977767429167698
leaf_weight=36.845527954399586 137.66378275305033 154.55292484909296 261.56784917414188 161.7368147559464 625.74119709059596 29.081862010061741
leaf_count=105 467 536 758 543 2095 101
internal_value=0.000111355 -0.00376307 0.00135932 -0.00356163 0.002581 -0.00774364
internal_weight=1407.19 321.299 1085.89 198.582 887.309 183.635
internal_count=4605 1104 3501 648 2853 637
is_linear=0
shrinkage=0.03


Tree=115
num_leaves=7
num_cat=0
split_feature=10 10 11 17 6 16
split_gain=6.48018 13.8812 11.762 6.79506 14.1647 8.82594
threshold=1.050710201263428 0.59347364306449901 0.29755721986293798 1.8361877202987673 -0.027388527989387509 0.49219977855682379
decision_type=2 2 2 2 2 2
left_child=1 2 -1 5 -5 -2
right_child=3 -3 -4 4 -6 -7
leaf_value=0.0083362595231937751 -0.004775581188710798 -0.0064822530628917251 -0.008169617155239315 0.014023661538131702 -0.00070667738073555925 0.001967500881554605
leaf_weight=117.85038014501333 244.05301662161946 336.19773478806019 32.922743424773216 80.554240856319666 120.02718940377235 489.76680049300194
leaf_count=379 796 1175 105 255 410 1522
internal_value=-0.000373964 -0.00314055 0.00384603 0.00104059 0.00567221 -0.000262715
internal_weight=1421.37 486.971 150.773 934.401 200.581 733.82
internal_count=4642 1659 484 2983 665 2318
is_linear=0
shrinkage=0.03


Tree=116
num_leaves=6
num_cat=0
split_feature=5 8 5 7 14
split_gain=5.84684 6.18728 11.8785 7.95478 1.47151
threshold=0.60378387570381176 -0.54052999615669239 0.079969983547925963 0.86940652132034313 0.047536710277199752
decision_type=2 2 2 2 2
left_child=1 2 -1 -3 -2
right_child=4 3 -4 -5 -6
leaf_value=0.0055004954098733776 0.010655857798081477 -0.0042091929239733506 -0.0019548022420968069 0.0036207280486356876 0
leaf_weight=340.11116399988532 37.243086844682693 498.78433202579618 381.58424837514758 125.98811283707619 28.588526733219624
leaf_count=1133 103 1655 1234 422 91
internal_value=0.000144654 -0.000292219 0.00153132 -0.00247387 0.00776515
internal_weight=1412.3 1346.47 721.695 624.772 65.8316
internal_count=4638 4444 2367 2077 194
is_linear=0
shrinkage=0.03


Tree=117
num_leaves=7
num_cat=0
split_feature=3 13 12 13 20 10
split_gain=5.16888 11.9494 9.14482 8.70087 7.62454 7.20211
threshold=-1.5965417027473447 0.37075127661228185 1.6737797856330874 0.27863909304142004 1.0000000180025095e-35 1.8484283685684206
decision_type=2 2 2 2 2 2
left_child=1 2 -1 4 -2 -5
right_child=3 -3 -4 5 -6 -7
leaf_value=-0.0066918396849165503 -0.0038544666722379033 -0.0084434077268742795 0.0082847672133291115 0.0041467983170766394 0.0053877364063559773 -0.0057952293817363255
leaf_weight=34.696219816803932 387.94190160557628 160.82104698941112 84.408708374947309 622.6175790540874 77.105897426605225 50.784818850457668
leaf_count=123 1306 568 265 1999 239 173
internal_value=4.00531e-05 -0.00342672 0.00315577 0.000988712 -0.00203942 0.00316496
internal_weight=1418.38 279.926 119.105 1138.45 465.048 673.402
internal_count=4673 956 388 3717 1545 2172
is_linear=0
shrinkage=0.03


Tree=118
num_leaves=7
num_cat=0
split_feature=19 16 18 7 19 9
split_gain=5.1628 6.81025 11.9662 6.87238 6.08065 6.91043
threshold=1.2832121849060061 0.700963854789734 -0.46613056957721705 -1.2453032732009885 1.7138554453849795 -0.12545068562030789
decision_type=2 2 2 2 2 2
left_child=1 2 -1 -3 5 -2
right_child=4 3 -4 -5 -6 -7
leaf_value=-0.0034677092783032041 0 0.0082390133658712481 0.0046388953934601643 -0.0041761384595646375 0.0046331586758055357 -0.0092854348156514652
leaf_weight=205.37099762819707 138.93375388905406 24.224119171500206 547.09247675538063 308.16974361240864 47.029230862855911 147.500472843647
leaf_count=677 463 67 1773 996 160 520
internal_value=-0.000259839 0.000708727 0.00231618 -0.00268483 -0.00344243 -0.00518001
internal_weight=1418.32 1084.86 752.463 332.394 333.463 286.434
internal_count=4656 3513 2450 1063 1143 983
is_linear=0
shrinkage=0.03


Tree=119
num_leaves=7
num_cat=0
split_feature=13 9 8 12 5 0
split_gain=5.06299 6.8624 5.85236 7.84513 6.8781 1.66454
threshold=1.0964681506156924 -0.097382497042417512 -0.30653928220272059 0.58656623959541332 -0.25532416999340052 -1.3172551393508909
decision_type=2 2 2 2 2 2
left_child=2 -2 4 -4 -1 -3
right_child=1 5 3 -5 -6 -7
leaf_value=0.0081590108394811785 0.0025317655333444633 -0.013797881252823593 -0.0068799956986030468 0.00084963214889524185 0.00089137647623777798 -0.00020264017099666751
leaf_weight=128.58167254179716 37.26720467954874 38.790418148040771 159.81288589537144 303.51455860212445 724.66496767103672 20.982928574085236
leaf_count=406 134 159 563 954 2347 68
internal_value=0.000166929 -0.00576297 0.000728589 -0.00186673 0.00221708 -0.0110248
internal_weight=1413.61 97.0406 1316.57 463.327 853.247 59.7733
internal_count=4631 361 4270 1517 2753 227
is_linear=0
shrinkage=0.03


Tree=120
num_leaves=6
num_cat=0
split_feature=16 10 2 4 4
split_gain=3.61981 4.44494 4.21742 6.99258 5.63549
threshold=1.0161787271499636 1.5806617736816408 0.022488925606012348 -0.28210787475109095 -0.15477877110242841
decision_type=2 2 2 2 2
left_child=2 -2 4 -4 -1
right_child=1 -3 3 -5 -6
leaf_value=0.0047790090890921467 -0.01207725108725834 0.0010874652167060211 -0.0079685027290257796 0.00019885136341452539 -0.00016604213308961583
leaf_weight=349.78683781251311 26.418177835643291 25.608577236533165 93.232293512672186 486.66702646762133 419.10508070141077
leaf_count=1094 85 76 314 1666 1395
internal_value=0.00022646 -0.00626165 0.000608394 -0.00123611 0.00207165
internal_weight=1400.82 52.0268 1348.79 579.899 768.892
internal_count=4630 161 4469 1980 2489
is_linear=0
shrinkage=0.03


Tree=121
num_leaves=7
num_cat=0
split_feature=2 1 11 0 17 20
split_gain=5.03427 9.97088 8.17947 8.27036 5.39636 5.24084
threshold=-0.24855475872755048 -0.42946960031986231 0.42175213992595678 -0.94037958979606617 1.0129556059837344 1.0000000180025095e-35
decision_type=2 2 2 2 2 2
left_child=1 4 5 -4 -1 -2
right_child=2 -3 3 -5 -6 -7
leaf_value=0.0019385476959459078 -0.0032171890406678836 0.0074954659327189132 0.0063070511737129851 -0.0048403910104198528 -0.010953125099792857 0.002134265554855849
leaf_weight=41.97726596146822 668.01452613249421 191.58789927512407 228.65647474303842 56.548479720950127 31.977678865194321 187.0618251375854
leaf_count=129 2262 620 710 181 115 637
internal_value=0.000394855 0.00398111 -0.000442809 0.00372787 -0.00414211 -0.00195588
internal_weight=1405.82 265.543 1140.28 285.205 73.9549 855.076
internal_count=4654 864 3790 891 244 2899
is_linear=0
shrinkage=0.03


Tree=122
num_leaves=7
num_cat=0
split_feature=18 14 14 5 5 19
split_gain=4.98373 12.0246 8.60086 12.8279 8.17255 6.78849
threshold=-1.1896377205848692 -0.046847650781273835 0.020299896597862247 0.035214578732848174 0.14981435984373095 0.91971009969711315
decision_type=2 2 2 2 2 2
left_child=1 -1 3 -2 -3 -4
right_child=2 4 5 -5 -6 -7
leaf_value=-0.012542010438209116 -0.0021791487248028663 0.0060298296223069564 0.0025011734062843375 0.0072532798824418735 -0.0062654864146819674 -0.0037704251628145956
leaf_weight=78.043697752058506 198.80247068405151 91.79878793284297 199.31883500888944 287.07484733313322 64.807140469551086 469.63159646466374
leaf_count=244 663 323 673 854 213 1667
internal_value=-0.000449786 -0.0042682 0.000334459 0.00334171 0.000468669 -0.0017963
internal_weight=1389.48 234.65 1154.83 485.877 156.606 668.95
internal_count=4637 780 3857 1517 536 2340
is_linear=0
shrinkage=0.03


Tree=123
num_leaves=7
num_cat=0
split_feature=12 8 4 15 4 3
split_gain=5.59101 6.64593 5.8951 9.36999 6.45691 3.5673
threshold=-0.34539116919040674 -0.90022242069244374 -0.24445065110921857 -1.2416633963584898 -0.1486924812197685 -0.70178100466728199
decision_type=2 2 2 2 2 2
left_child=1 5 3 -2 -4 -1
right_child=2 -3 4 -5 -6 -7
leaf_value=-0.0039136603753668056 -0.0082571565313022538 -0.006602454328237051 0.0069841931047712894 0.0021623374740369831 0.0010654293137036372 0.0065886560341507942
leaf_weight=22.43232312053442 109.23553317040205 162.21451089903712 224.58196252956986 165.51615404337645 652.31260690465569 57.974175833165646
leaf_count=78 382 593 718 503 2166 201
internal_value=0.000638604 -0.0032571 0.00155212 -0.00205586 0.00277012 0.00286515
internal_weight=1394.27 242.621 1151.65 274.752 876.895 80.4065
internal_count=4641 872 3769 885 2884 279
is_linear=0
shrinkage=0.03


Tree=124
num_leaves=6
num_cat=0
split_feature=5 9 15 0 2
split_gain=4.64431 4.77174 8.09015 4.35185 3.85463
threshold=0.58048337697982799 0.17229131609201434 0.066231671720743193 -2.2812517881393428 -0.064869392663240419
decision_type=2 2 2 2 2
left_child=1 3 -3 -1 -2
right_child=4 2 -4 -5 -6
leaf_value=0.0047083589673015932 -0.00055994936156013959 -0.0058881935111781917 0.0063690549399595302 -0.00032887848552396528 0.010093726901399645
leaf_weight=164.33432759717107 32.375717096030712 245.62424280866981 37.600126869976521 849.05942296423018 52.62404627352953
leaf_count=604 96 811 137 2826 161
internal_value=2.04251e-05 -0.000421604 -0.00375032 0.000505226 0.00613068
internal_weight=1381.62 1296.62 283.224 1013.39 84.9998
internal_count=4635 4378 948 3430 257
is_linear=0
shrinkage=0.03


Tree=125
num_leaves=7
num_cat=0
split_feature=11 13 0 3 18 7
split_gain=6.11747 6.52543 9.61553 7.93415 6.28911 5.76039
threshold=-0.39263172447681421 -0.070391613990068422 -1.0200843811035154 -0.73875495791435231 0.62678596377372753 0.85139659047126781
decision_type=2 2 2 2 2 2
left_child=1 3 -3 -1 5 -2
right_child=4 2 -4 -5 -6 -7
leaf_value=0.0012145505575766485 -0.00084547217570298417 -0.0029212518487041991 0.0085851712387335997 -0.01262939216467336 0.0064715183810070591 0.0050877502966899567
leaf_weight=43.061347998678684 631.73900726996362 240.56949935108423 67.244236618280411 78.490858998149633 181.20319040864706 167.89199160784483
leaf_count=173 2010 887 195 310 590 540
internal_value=0.000368857 -0.00249122 0 -0.00782247 0.00170559 0.000420824
internal_weight=1410.2 429.366 307.814 121.552 980.834 799.631
internal_count=4705 1565 1082 483 3140 2550
is_linear=0
shrinkage=0.03


Tree=126
num_leaves=7
num_cat=0
split_feature=4 4 14 2 7 3
split_gain=4.32634 7.13516 9.05525 7.80657 6.32308 6.79092
threshold=-0.17198138684034345 -0.21313799917697904 -0.21581110358238217 -0.087182093411684022 0.46621854603290563 -0.037680419161915772
decision_type=2 2 2 2 2 2
left_child=1 2 -1 -3 -2 -6
right_child=4 3 -4 -5 5 -7
leaf_value=0.008889581319821661 0.00051116980968899251 0.013909863055955686 -0.0022849732210707945 0 -0.0067277920995354517 0.0021871432915358401
leaf_weight=60.482817612588406 531.60381603986025 59.776736497879028 322.79206896945834 61.165950063616037 269.89142827317119 81.482921224087477
leaf_count=186 1750 191 1061 205 942 290
internal_value=-0.000174472 0.00194746 -1.93718e-05 0.00772445 -0.00146893 -0.00449243
internal_weight=1387.2 504.218 383.275 120.943 882.978 351.374
internal_count=4625 1643 1247 396 2982 1232
is_linear=0
shrinkage=0.03


Tree=127
num_leaves=7
num_cat=0
split_feature=3 1 5 15 5 17
split_gain=6.4148 9.05313 8.98536 8.09416 7.28619 4.83201
threshold=-1.5965417027473447 0.31973123550415045 0.18443565815687182 -1.5250103473663328 0.4237388819456101 1.2811607122421267
decision_type=2 2 2 2 2 2
left_child=2 3 -1 -2 -4 -3
right_child=1 5 4 -5 -6 -7
leaf_value=-0.011658300547690367 -0.0023763847051771051 -0.0096483236433364608 0.0033729039367081121 0.0036097961862643596 -0.0078867946794576021 0.00012801395808164365
leaf_weight=76.794887889176607 254.52173191122711 82.773887187242508 135.51846116408706 701.80509995296597 57.02030098810792 59.863839041441679
leaf_count=286 888 295 474 2270 177 205
internal_value=-0.000172535 0.000814886 -0.00418672 0.0019391 -0.000107719 -0.00566518
internal_weight=1368.3 1098.96 269.334 956.327 192.539 142.638
internal_count=4595 3658 937 3158 651 500
is_linear=0
shrinkage=0.03


Tree=128
num_leaves=7
num_cat=0
split_feature=9 7 4 9 7 5
split_gain=5.77261 6.79596 7.85163 6.76477 4.67419 9.33015
threshold=-0.0037422644672915335 0.86940652132034313 0.29301354289054876 0.24492950737476352 0.68440791964530956 0.42944739758968359
decision_type=2 2 2 2 2 2
left_child=4 2 -2 -3 -1 -6
right_child=1 3 -4 -5 5 -7
leaf_value=0.0031677146570473574 -0.0064639475190136977 0.008186268027943467 0.0017459598902384149 -0.0040874971250439958 0.00058352263958273091 -0.014251315959565272
leaf_weight=558.57643721997738 318.23886663094163 78.529536578804255 126.99439484998584 45.192355005070567 241.60851634666324 23.83492985367775
leaf_count=1824 1085 284 423 167 846 68
internal_value=0 -0.00225755 -0.00401887 0.00334059 0.00161218 -0.00144355
internal_weight=1392.98 568.955 445.233 123.722 824.02 265.443
internal_count=4697 1959 1508 451 2738 914
is_linear=0
shrinkage=0.03


Tree=129
num_leaves=7
num_cat=0
split_feature=17 4 13 5 9 16
split_gain=5.5951 8.2304 5.88664 8.45449 6.93494 5.85875
threshold=1.9205694198608401 -0.06687541306018828 -0.84833198785781849 0.23243569582700732 -0.17866565287113187 0.35337547957897192
decision_type=2 2 2 2 2 2
left_child=2 -2 3 -1 -4 -3
right_child=1 5 4 -5 -6 -7
leaf_value=-0.00018467265163225449 0.0089110105451627817 0.0036259398407220166 -0.0049904438507084332 0.014920867351625226 0.0002770487633237516 -0.0071785888557247121
leaf_weight=71.679735478013754 135.9482858479023 86.480084151029587 294.44555842503905 31.756664976477623 719.08826611191034 56.404607810080051
leaf_count=256 489 282 943 96 2426 199
internal_value=0.000436596 0.00410688 -0.000482982 0.00563305 -0.00126214 -0.000628585
internal_weight=1395.8 278.833 1116.97 103.436 1013.53 142.885
internal_count=4691 970 3721 352 3369 481
is_linear=0
shrinkage=0.03


Tree=130
num_leaves=7
num_cat=0
split_feature=9 18 3 4 14 14
split_gain=4.25209 10.3488 8.88369 4.43886 13.803 8.16404
threshold=0.37590232491493231 -0.25244861841201777 -0.85056826472282399 -0.21313799917697904 -0.18098755180835721 -0.28334538638591761
decision_type=2 2 2 2 2 2
left_child=3 -2 -3 4 -1 -5
right_child=1 2 -4 5 -6 -7
leaf_value=0.0087970990852456448 0.0054983208266092282 0.0027051940187172272 -0.014442151418203982 -0.0030368751131510832 -0.0044723905487090371 0.0037688480651789083
leaf_weight=68.648438073694706 42.823749803006649 24.089310269802809 65.762213453650475 180.3207116946578 307.15883996337652 665.32658353820443
leaf_count=215 139 87 225 605 1009 2292
internal_value=0.000376467 -0.00428292 -0.0096432 0.000991748 -0.00157484 0.00221169
internal_weight=1354.13 132.675 89.8515 1221.45 375.807 845.647
internal_count=4572 451 312 4121 1224 2897
is_linear=0
shrinkage=0.03


Tree=131
num_leaves=7
num_cat=0
split_feature=8 15 15 12 1 18
split_gain=6.25468 9.62389 10.0461 6.67385 4.6351 4.14753
threshold=-0.66228994727134693 -1.3402957320213316 -0.57992166280746449 -0.86269465088844288 -0.11886221915483473 -0.11046290770173071
decision_type=2 2 2 2 2 2
left_child=1 5 -3 -2 -5 -1
right_child=3 2 -4 4 -6 -7
leaf_value=0.0015027571711671718 -0.010072094475031573 0.0089088997241222288 0 0.0023831172681612334 -0.0026769586827248082 -0.0063357486033533052
leaf_weight=78.395864598453045 64.025759659707546 208.93842616677284 228.51799003407359 222.02698769792914 445.90154989436269 120.25377245619893
leaf_count=265 255 677 746 729 1494 443
internal_value=-0.000110896 0.00198566 0.00446721 -0.00201706 -0.000887331 -0.00311342
internal_weight=1368.06 636.106 437.456 731.954 667.929 198.65
internal_count=4609 2131 1423 2478 2223 708
is_linear=0
shrinkage=0.03


Tree=132
num_leaves=7
num_cat=0
split_feature=11 3 13 6 16 17
split_gain=5.84443 6.26243 8.26061 6.56521 5.70658 8.35609
threshold=0.055885367095470435 -1.1610087752342222 -0.84833198785781849 -0.22169469296932218 -0.42401899397373194 1.615082919597626
decision_type=2 2 2 2 2 2
left_child=1 2 -1 -3 -2 -6
right_child=4 3 -4 -5 5 -7
leaf_value=0.0060424622790146475 -0.0070658127938410644 0.0055659045211516158 -0.0074846588544039442 -0.0013820137368055466 0.0010928516961558573 0.0098461684202213809
leaf_weight=28.938085921108723 27.906661510467529 144.22673380374908 203.38400085270405 447.11606623791158 400.06208957731724 122.83881628513336
leaf_count=103 91 454 725 1581 1299 402
internal_value=0.000300647 -0.00124189 -0.00521653 0.000341068 0.00267512 0.00354665
internal_weight=1374.47 823.665 232.322 591.343 550.808 522.901
internal_count=4655 2863 828 2035 1792 1701
is_linear=0
shrinkage=0.03


Tree=133
num_leaves=6
num_cat=0
split_feature=16 16 17 9 5
split_gain=3.81501 9.01476 5.72689 2.69577 2.68897
threshold=-0.90435752272605885 -0.45098415017127985 1.6945902705192568 0.3848643451929093 -0.16805978119373319
decision_type=2 2 2 2 2
left_child=3 4 -3 -1 -2
right_child=1 2 -4 -5 -6
leaf_value=0.011017238465604956 0 -0.00073898909024181284 0.0038036608954191602 0 -0.014724610097927476
leaf_weight=28.278041385114193 24.86127532273531 952.36929708346725 312.20757279545069 23.797674927860498 27.89902213960886
leaf_count=86 85 3179 1102 93 92
internal_value=0.000159234 -0.000161697 0.000377583 0.00690226 -0.0104628
internal_weight=1369.41 1317.34 1264.58 52.0757 52.7603
internal_count=4637 4458 4281 179 177
is_linear=0
shrinkage=0.03


Tree=134
num_leaves=7
num_cat=0
split_feature=17 18 1 9 0 12
split_gain=5.29521 10.095 8.13615 6.57332 5.00401 9.44355
threshold=-0.27792678773403162 0.23295170068740848 -0.1715918034315109 0.18160322308540347 -1.5307230949401853 2.046383380889893
decision_type=2 2 2 2 2 2
left_child=1 3 -3 -1 5 -2
right_child=4 2 -4 -5 -6 -7
leaf_value=0.012313473966330809 -0.0052574848925259531 0.0062019889782802939 -0.007591248234117884 0 0.0012241498153994525 0.002422967334837958
leaf_weight=100.23489860072732 404.55660175159574 40.161305148154497 80.14484541863203 56.798675142228603 518.77679130807519 191.24563096836209
leaf_count=294 1523 122 281 189 1681 599
internal_value=6.28031e-05 0.00366378 -0.00233136 0.00834018 -0.000829131 -0.00269609
internal_weight=1391.92 277.34 120.306 157.034 1114.58 595.802
internal_count=4689 886 403 483 3803 2122
is_linear=0
shrinkage=0.03


Tree=135
num_leaves=7
num_cat=0
split_feature=13 7 19 18 21 19
split_gain=5.47624 12.6595 5.17292 5.99856 4.70833 3.26305
threshold=1.0711603164672854 -0.065510712563991533 1.3291438817977907 -0.11046290770173071 1.0000000180025095e-35 1.1443873643875124
decision_type=2 2 2 2 2 2
left_child=2 -2 4 -4 -1 -3
right_child=1 5 3 -5 -6 -7
leaf_value=0.0023156621623367803 0.0053451664196132427 -0.00037620562308481476 0.0013764232917469978 -0.0077689761830961081 -0.0022246645553298011 -0.016464485491656741
leaf_weight=794.20629691705108 36.069564126431942 24.522223629057407 92.750471159815788 120.34375824406743 245.17529510706663 45.351930532604456
leaf_count=2551 123 92 327 435 906 187
internal_value=-0.000313887 -0.00629674 0.000236048 -0.00375443 0.00116625 -0.0128261
internal_weight=1358.42 105.944 1252.48 213.094 1039.38 69.8742
internal_count=4621 402 4219 762 3457 279
is_linear=0
shrinkage=0.03


Tree=136
num_leaves=7
num_cat=0
split_feature=4 9 0 4 18 17
split_gain=3.30574 6.32677 4.19604 4.11849 7.73889 7.4642
threshold=0.61318108439445507 0.53684085607528698 -1.5890334248542783 0.005206222878769041 -0.34152300655841822 2.0842331647872929
decision_type=2 2 2 2 2 2
left_child=3 2 -2 5 -5 -1
right_child=1 -3 -4 4 -6 -7
leaf_value=-0.0010194057896273751 0 -0.0042690568610563341 0.014715522631067167 -0.010313346490698035 -0.00046662788026422225 0.0061702634114839958
leaf_weight=820.07565574347973 34.246712751686573 29.233995988965034 29.495329640805721 90.704596154391766 251.78486169315875 133.5445645339787
leaf_count=2747 111 105 83 321 850 493
internal_value=-0.000486325 0.00435712 0.00910455 -0.00094029 -0.00366509 3.18732e-05
internal_weight=1389.09 92.976 63.742 1296.11 342.489 953.62
internal_count=4710 299 194 4411 1171 3240
is_linear=0
shrinkage=0.03


Tree=137
num_leaves=7
num_cat=0
split_feature=6 5 6 7 18 1
split_gain=3.88845 7.83174 7.36444 7.26491 9.5396 6.15866
threshold=-0.10070775449275969 -0.42112764716148371 0.29981799423694616 0.53934979438781749 0.27800956368446356 0.034110937267541892
decision_type=2 2 2 2 2 2
left_child=3 -2 -3 5 -5 -1
right_child=1 2 -4 4 -6 -7
leaf_value=0.0066104315160624254 0.0063935811003929741 -0.0039277474814589037 0.0028789734796041649 0.0035529315485736861 -0.0088202524733302472 -0.0021307352885625119
leaf_weight=255.41131456568837 79.950272485613823 619.70754401758313 158.08896178379655 89.15022555924952 90.538098026067019 75.122470840811729
leaf_count=835 262 2149 550 314 311 250
internal_value=-0.000151387 -0.00141368 -0.00243157 0.00183081 -0.00263997 0.00444438
internal_weight=1367.97 857.747 777.797 510.222 179.688 330.534
internal_count=4671 2961 2699 1710 625 1085
is_linear=0
shrinkage=0.03


Tree=138
num_leaves=7
num_cat=0
split_feature=1 4 4 17 3 15
split_gain=5.43607 6.64723 4.11593 8.33619 5.90228 0.938397
threshold=0.37327674031257635 0.31055569648742681 -0.14566291868686673 0.10598265752196313 0.75577679276466381 -1.6433576941490171
decision_type=2 2 2 2 2 2
left_child=2 5 4 -4 -1 -2
right_child=1 -3 3 -5 -6 -7
leaf_value=0.0035128042539465986 -0.00054282944382363744 0.0030211916526779333 0.0040475583921294892 -0.0029345348894750699 -0.0067926954725231886 -0.011288113162803292
leaf_weight=530.78753637522459 23.941024839878082 37.688208799809217 197.50002219155431 486.72882849350572 33.006101757287979 62.660984646528959
leaf_count=1731 87 130 657 1726 126 227
internal_value=4.69961e-05 -0.00542415 0.000716143 -0.000776267 0.00259467 -0.00953959
internal_weight=1372.31 124.29 1248.02 684.229 563.794 86.602
internal_count=4684 444 4240 2383 1857 314
is_linear=0
shrinkage=0.03


Tree=139
num_leaves=7
num_cat=0
split_feature=9 18 15 9 5 18
split_gain=5.1272 9.94379 10.4516 7.65198 5.85222 5.14681
threshold=0.16736295074224475 0.22463432699441913 -0.2375671714544296 0.12244125455617906 0.14364455640316012 0.62678596377372753
decision_type=2 2 2 2 2 2
left_child=3 4 -3 5 -2 -1
right_child=1 2 -4 -5 -6 -7
leaf_value=-0.0010480699613571269 0.0052181319460828813 -0.013686895528453868 0.0033342990098515803 0.01053326301329289 -0.0047547387531135738 0.0041706519511877198
leaf_weight=816.03292632102966 103.33715045079589 97.135597754269838 28.677722722291946 46.328905522823334 69.977777287364006 193.50539454817772
leaf_count=2776 369 338 92 170 221 663
internal_value=-0.000285275 -0.00365103 -0.00947044 0.000662624 0.000805777 0
internal_weight=1355 299.128 125.813 1055.87 173.315 1009.54
internal_count=4629 1020 430 3609 590 3439
is_linear=0
shrinkage=0.03


Tree=140
num_leaves=7
num_cat=0
split_feature=9 9 12 9 18 3
split_gain=3.75065 6.92379 6.84102 6.40664 8.60119 5.26206
threshold=-0.0037422644672915335 0.07322734966874124 -0.86269465088844288 -0.057222332805395119 0.2554237842559815 -0.12331891804933547
decision_type=2 2 2 2 2 2
left_child=3 5 -3 -1 -5 -2
right_child=1 2 -4 4 -6 -7
leaf_value=9.2926370217459361e-05 -0.011185975017369926 -0.0080885184245504827 0.0017679764595668239 0.013690391931192859 -0.00028087596170762395 0.00028168487295074536
leaf_weight=691.42474252358079 82.068927761167288 55.892254211008549 361.26566714048386 60.382096201181412 60.905636124312878 39.028372421860695
leaf_count=2306 309 222 1212 194 209 142
internal_value=5.75855e-05 -0.00180007 4.86844e-07 0.00137364 0.0072033 -0.00754878
internal_weight=1350.97 538.255 417.158 812.712 121.288 121.097
internal_count=4594 1885 1434 2709 403 451
is_linear=0
shrinkage=0.03


Tree=141
num_leaves=6
num_cat=0
split_feature=8 9 7 13 4
split_gain=6.20564 4.76927 8.0086 4.56114 4.43451
threshold=-1.6700169444084165 -0.0037422644672915335 0.23348743468523028 0.73509031534194957 0.61318108439445507
decision_type=2 2 2 2 2
left_child=3 2 -2 -1 -3
right_child=1 4 -4 -5 -6
leaf_value=0.013318860277975826 0.0046091947646519048 -0.0034322921487204049 -0.0013027860529563234 0 0.0036478248618823121
leaf_weight=36.208353511989117 358.34165181592107 447.07458875328302 415.65042198449373 31.677929230034351 71.116350270807743
leaf_count=112 1158 1575 1445 125 242
internal_value=0.000451815 -2.62684e-05 0.00140592 0.0081697 -0.00224968
internal_weight=1360.07 1292.18 773.992 67.8863 518.191
internal_count=4657 4420 2603 237 1817
is_linear=0
shrinkage=0.03


Tree=142
num_leaves=7
num_cat=0
split_feature=12 8 19 11 14 10
split_gain=6.72201 7.89455 15.2455 12.748 7.27126 12.2382
threshold=0.58656623959541332 -0.68406501412391651 1.0020897388458254 0.10886352509260179 0.072903022170066847 0.75004974007606517
decision_type=2 2 2 2 2 2
left_child=1 2 -1 -3 5 -2
right_child=4 3 -4 -5 -6 -7
leaf_value=0.0094391205250496848 -0.0050580962444914121 -0.009566316675348855 -0.0046261485653988068 0.0036758890566935694 -0.00010681778162260074 0.0078662734225660412
leaf_weight=104.76841649413109 62.589199081063271 187.35650451853871 132.53213248029351 74.912201352417469 494.52200889773667 295.70816889032722
leaf_count=350 203 703 463 271 1736 903
internal_value=0.000530505 -0.0021223 0.0016015 -0.00557891 0.00216625 0.00530192
internal_weight=1352.39 499.569 237.301 262.269 852.819 358.297
internal_count=4629 1787 813 974 2842 1106
is_linear=0
shrinkage=0.03


Tree=143
num_leaves=7
num_cat=0
split_feature=1 18 7 18 5 5
split_gain=4.91593 5.95355 5.78994 5.33899 4.5168 4.66834
threshold=-0.22681242227554319 0.17379246652126315 0.70454949140548717 -0.18907217681407926 0.61678996682167064 0.43630065023899084
decision_type=2 2 2 2 2 2
left_child=1 3 -3 -1 5 -2
right_child=4 2 -4 -5 -6 -7
leaf_value=0.0023000858397609707 -0.0014736162588400168 0.0097700841027184987 -0.0015114025400366894 -0.0081295916929484645 0.0056425143781476455 -0.0085200903043992256
leaf_weight=92.848854638636112 930.02814523689449 105.67512840032578 41.272551901638508 49.178123690187931 46.844758186489344 81.748306043446064
leaf_count=313 3246 343 156 173 151 255
internal_value=-0.0007731 0.00249995 0.00644064 -0.00149869 -0.00175197 -0.00225522
internal_weight=1347.6 288.975 146.948 142.027 1058.62 1011.78
internal_count=4637 985 499 486 3652 3501
is_linear=0
shrinkage=0.03


Tree=144
num_leaves=7
num_cat=0
split_feature=2 7 10 19 16 5
split_gain=4.45101 4.9294 8.79281 6.87439 4.0297 4.98883
threshold=0.18958013504743579 1.2846111655235293 0.75653734803199779 1.271972715854645 0.52937611937522899 -0.38789628446102137
decision_type=2 2 2 2 2 2
left_child=1 3 -3 -1 5 -2
right_child=4 2 -4 -5 -6 -7
leaf_value=0.0034354910762850487 0.0025541834113742548 0.0066695596077432466 -0.0094021753476407986 -0.002272075713678645 0.00020608271620166875 -0.0090112281874478346
leaf_weight=733.3178743571043 26.004554897546768 24.469822980463505 72.86372421681881 225.18818045221269 157.63125720247626 105.31584031507373
leaf_count=2422 101 90 276 773 550 421
internal_value=0.000351164 0.00129611 -0.00440221 0.00201422 -0.00276787 -0.00628961
internal_weight=1344.79 1055.84 97.3335 958.506 288.952 131.32
internal_count=4633 3561 366 3195 1072 522
is_linear=0
shrinkage=0.03


Tree=145
num_leaves=6
num_cat=0
split_feature=9 0 10 16 3
split_gain=7.00455 5.4664 10.4931 6.5422 4.27534
threshold=0.51055291295051586 -1.9458745121955869 1.4863529801368716 0.700963854789734 -0.19653937965631482
decision_type=2 2 2 2 2
left_child=1 2 -1 -3 -2
right_child=4 3 -4 -5 -6
leaf_value=-0.0064114409391573162 0 0.0037219718557410211 0.0027612115882131227 -0.0014816046304477238 -0.012743542539812587
leaf_weight=234.16349789686501 30.676115423440933 535.6462876200676 174.49904703721404 322.81173459067941 42.106363251805305
leaf_count=860 112 1815 625 1060 140
internal_value=-0.000215526 0.000316744 -0.00240866 0.00170775 -0.00819963
internal_weight=1339.9 1267.12 408.663 858.458 72.7825
internal_count=4612 4360 1485 2875 252
is_linear=0
shrinkage=0.03


Tree=146
num_leaves=5
num_cat=0
split_feature=14 14 4 6
split_gain=3.77632 6.78953 3.76905 1.52619
threshold=-0.97187805175781239 -0.60187944769859303 -0.22298131138086316 -0.029764543287456032
decision_type=2 2 2 2
left_child=-1 3 -3 -2
right_child=1 2 -4 -5
leaf_value=0.0086363251116250393 -0.00079779069392213399 -0.002248267549211608 0.0013463813113773968 -0.01116398855812014
leaf_weight=24.293257176876068 38.160877704620361 342.83161233365536 895.30771005898714 39.703145019710064
leaf_count=81 131 1141 3139 143
internal_value=0 -0.000266702 0.000283443 -0.00789795
internal_weight=1340.3 1316 1238.14 77.864
internal_count=4635 4554 4280 274
is_linear=0
shrinkage=0.03


Tree=147
num_leaves=5
num_cat=0
split_feature=0 0 0 10
split_gain=3.58091 5.62622 3.86303 2.12032
threshold=0.14348567277193072 -0.47106426954269404 -1.177716791629791 1.3619055151939394
decision_type=2 2 2 2
left_child=1 2 -1 -3
right_child=-2 3 -4 -5
leaf_value=-0.00040069560796466625 0.0085580296733661267 -0.0098219682949815222 0.0034509370673306752 0
leaf_weight=976.38416929543018 24.824693873524666 49.56977516412735 280.44721508771181 24.322358891367912
leaf_count=3418 68 165 941 78
internal_value=0.000210562 -2.5152e-05 0.000452352 -0.00715237
internal_weight=1355.55 1330.72 1256.83 73.8921
internal_count=4670 4602 4359 243
is_linear=0
shrinkage=0.03


Tree=148
num_leaves=7
num_cat=0
split_feature=2 20 18 8 18 14
split_gain=4.49449 5.03827 4.43771 3.91001 4.87586 3.82492
threshold=0.15002587437629702 1.0000000180025095e-35 0.087389979511499419 0.40352749824523931 0.54263514280319225 0.80350187420845043
decision_type=2 2 2 2 2 2
left_child=3 -2 -3 5 -5 -1
right_child=1 2 -4 4 -6 -7
leaf_value=7.7945034809920002e-05 -0.0047755416241839462 0.0076202831789059658 -0.0030201277591978704 -0.0077958336746708542 0.0041277333326221232 0.0041376174604520451
leaf_weight=519.13967280648649 260.57174862548709 51.417986981570721 43.88319106400013 68.378608450293541 24.739140458405018 370.03895856067538
leaf_count=1683 975 166 161 241 84 1329
internal_value=0.000119977 -0.00263012 0.00252634 0.00120877 -0.00392789 0.00188726
internal_weight=1338.17 355.873 95.3012 982.296 93.1177 889.179
internal_count=4639 1302 327 3337 325 3012
is_linear=0
shrinkage=0.03


Tree=149
num_leaves=7
num_cat=0
split_feature=0 13 13 7 15 6
split_gain=4.79787 7.62871 7.41589 10.4308 6.39382 6.11798
threshold=-0.81615769863128651 0.25471982359886175 -0.84833198785781849 -0.048809904605150216 -0.53801634907722462 -0.19325773417949674
decision_type=2 2 2 2 2 2
left_child=2 5 3 -1 -3 -2
right_child=1 4 -4 -5 -6 -7
leaf_value=-0.002264306134727279 0.0071666477392037867 0.013217145788680176 -0.0012460727074841901 0.013665448322009126 -0.00031138837871384718 -0.00624768530399584
leaf_weight=52.213452804833651 25.613794982433319 75.698426127433777 1040.1890537701547 56.118198085576296 33.047559149563313 66.384645208716393
leaf_count=190 75 235 3615 190 108 232
internal_value=0.000344082 0.0044193 -0.000380307 0.00636379 0.00923013 -0.00136436
internal_weight=1349.27 200.744 1148.52 108.332 108.746 91.9984
internal_count=4645 650 3995 380 343 307
is_linear=0
shrinkage=0.03


Tree=150
num_leaves=7
num_cat=0
split_feature=2 13 17 14 17 0
split_gain=5.62459 11.5193 6.68693 6.1375 5.54877 10.5157
threshold=-0.25380344688892359 0.68257969617843639 1.7552353739738467 1.8945182561874392 1.7112828493118288 -1.5307230949401853
decision_type=2 2 2 2 2 2
left_child=1 2 -1 -3 -2 -6
right_child=4 3 -4 -5 5 -7
leaf_value=0.010949613176376804 -0.0021767259708592272 -0.0095705860400349067 -0.0016293223450173772 0.0035444177419295211 -0.0022997371580070359 0.0084387996420025799
leaf_weight=136.40035703033209 808.33408922888339 51.255668051540852 33.787829108536243 35.388107128441334 158.6891370229423 126.66028356179595
leaf_count=421 2783 182 120 135 618 407
internal_value=3.12935e-05 0.00389856 0.00822809 -0.00399123 -0.000876692 0.00251089
internal_weight=1350.52 256.832 170.188 86.6438 1093.68 285.349
internal_count=4666 858 541 317 3808 1025
is_linear=0
shrinkage=0.03


Tree=151
num_leaves=7
num_cat=0
split_feature=3 11 13 11 9 8
split_gain=6.84365 10.0886 6.41011 4.91394 8.34232 4.66818
threshold=-1.370936334133148 0.49380648136138922 -0.90303161740303028 -0.5312211513519286 -0.12298034504055975 -0.95127809047698964
decision_type=2 2 2 2 2 2
left_child=1 2 -1 5 -5 -2
right_child=3 -3 -4 4 -6 -7
leaf_value=0.0031275962219825238 -0.0082525338353477019 0.0019105295952496354 -0.0094632064761112026 0.0063023448021710645 -0.000329767440719219 0
leaf_weight=25.560946270823479 66.804380163550377 140.1080658622086 201.8625030554831 249.55269063264132 418.30785436555743 212.61212326958776
leaf_count=84 263 465 752 789 1431 794
internal_value=-0.000563746 -0.00395102 -0.00766716 0.000742961 0.00217235 -0.00239006
internal_weight=1314.81 367.532 227.423 947.277 667.861 279.417
internal_count=4578 1301 836 3277 2220 1057
is_linear=0
shrinkage=0.03


Tree=152
num_leaves=7
num_cat=0
split_feature=2 17 17 7 7 11
split_gain=3.97473 4.12446 10.4504 3.04529 3.19989 2.66921
threshold=0.29067805409431463 2.5837185382843022 2.1713695526123051 -1.2058610320091245 0.72201511263847362 0.24196068942546847
decision_type=2 2 2 2 2 2
left_child=1 2 -1 -2 -5 -3
right_child=3 5 -4 4 -6 -7
leaf_value=0 0.0025659170150818503 -0.01025524840684165 0.0092094423375204751 -0.0087064673115075115 0 0
leaf_weight=986.86599635705352 27.535555183887482 30.664876259863377 103.30840742588043 94.1000313796103 60.695906911045313 22.82397198677063
leaf_count=3389 101 116 375 356 223 76
internal_value=-0.000152151 0.000479038 0.000973866 -0.00406379 -0.00574502 -0.00631011
internal_weight=1325.99 1143.66 1090.17 182.331 154.796 53.4888
internal_count=4636 3956 3764 680 579 192
is_linear=0
shrinkage=0.03


Tree=153
num_leaves=6
num_cat=0
split_feature=7 7 16 0 8
split_gain=4.63072 7.99355 4.25328 3.58063 1.68139
threshold=-1.686782121658325 -1.2058610320091245 0.94735488295555126 -1.6347439885139463 -0.24035213887691495
decision_type=2 2 2 2 2
left_child=3 4 -3 -1 -2
right_child=1 2 -4 -5 -6
leaf_value=0 0.011522253285389106 -0.0012481710151405472 0.0048787788546237202 -0.01194741134182498 0
leaf_weight=37.401390861719847 41.485752314329147 1109.8859489802271 89.741791494190693 34.23403538018465 27.059784427285194
leaf_count=143 124 3887 316 120 89
internal_value=-0.000508192 0 -0.000668142 -0.00702233 0.008666
internal_weight=1339.81 1268.17 1199.63 71.6354 68.5455
internal_count=4679 4416 4203 263 213
is_linear=0
shrinkage=0.03


Tree=154
num_leaves=7
num_cat=0
split_feature=9 4 16 12 15 19
split_gain=5.02329 4.70285 8.04844 5.86993 4.65458 7.35843
threshold=0.17229131609201434 0.033961215987801559 -0.082151196897029863 -0.37978436052799219 -1.3836212158203123 0.45233911275863653
decision_type=2 2 2 2 2 2
left_child=1 2 -1 -3 -2 -6
right_child=4 3 -4 -5 5 -7
leaf_value=-0.0080329041179849747 -0.0082735235291327425 -0.0020476116217232336 0.0014553814015993058 0.0083910181650810444 -0.0073084884590684076 0.0033070415400448523
leaf_weight=68.760502092540264 75.940175570547581 47.701345399022102 777.86384776234627 144.16786077618599 68.58572955429554 152.98391556739807
leaf_count=244 279 182 2717 491 253 504
internal_value=0.00051473 0.00153719 0.000447935 0.00556433 -0.00273732 -6.35957e-05
internal_weight=1336 1038.49 846.624 191.869 297.51 221.57
internal_count=4670 3634 2961 673 1036 757
is_linear=0
shrinkage=0.03


Tree=155
num_leaves=7
num_cat=0
split_feature=13 7 5 14 5 8
split_gain=4.36182 8.76594 5.30488 16.0043 13.0548 2.12397
threshold=1.0711603164672854 -0.065510712563991533 0.22673280537128451 0.072903022170066847 0.14364455640316012 -0.52040159702301014
decision_type=2 2 2 2 2 2
left_child=2 -2 4 -4 -1 -3
right_child=1 5 3 -5 -6 -7
leaf_value=0.00083996304162049242 0.0044345708967661723 -0.013289755096820869 0.0089476456313244291 -0.0023877885676766813 -0.0087842067833733776 0
leaf_weight=660.30524174124002 33.867320448160172 50.16128221899271 198.99930671229959 203.88013331219554 134.40638155862689 19.873450621962547
leaf_count=2340 120 212 621 737 490 71
internal_value=-2.45607e-05 -0.00542768 0.000476386 0.00322775 -0.00088977 -0.0107889
internal_weight=1301.49 103.902 1197.59 402.879 794.712 70.0347
internal_count=4591 403 4188 1358 2830 283
is_linear=0
shrinkage=0.03


Tree=156
num_leaves=7
num_cat=0
split_feature=8 5 8 12 6 1
split_gain=4.38494 6.17246 10.4406 8.43286 5.19473 4.48464
threshold=0.40352749824523931 0.068057328462600722 0.066026691347360625 0.23746729642152789 0.25203301012516027 -0.10658250376582144
decision_type=2 2 2 2 2 2
left_child=1 3 -3 -1 5 -2
right_child=4 2 -4 -5 -6 -7
leaf_value=-0.00048120523040684769 -0.0057425186949937677 -0.0022214884599655988 0.0089020484889293511 0.0067993180389150781 -0.011173003443251686 0.0053852004596951723
leaf_weight=243.2816870175302 41.954579345881939 609.96627485752106 65.426329111680388 278.28279618173838 40.895187713205814 48.727813582867384
leaf_count=881 147 2118 211 959 158 181
internal_value=0.000353264 0.000988066 -0.000832614 0.0034002 -0.00439408 0
internal_weight=1328.53 1196.96 675.393 521.564 131.578 90.6824
internal_count=4655 4169 2329 1840 486 328
is_linear=0
shrinkage=0.03


Tree=157
num_leaves=7
num_cat=0
split_feature=4 5 19 19 7 14
split_gain=5.19637 7.95443 10.3289 7.94493 7.31825 5.7547
threshold=-0.1385616064071655 -0.12004983425140379 1.0179342627525332 0.95952540636062633 0.5328500270843507 2.1133083105087285
decision_type=2 2 2 2 2 2
left_child=1 2 -1 -3 5 -2
right_child=4 3 -4 -5 -6 -7
leaf_value=0.003238317107102076 0.0026383398764306403 -0.0043416494969281448 -0.013255536681016457 0.0054440909690286051 -0.0052738942912641052 -0.0047367495267928335
leaf_weight=51.986097041517496 359.61817384511232 67.22037985175848 43.358700945973396 425.65050852298737 264.50132282078266 104.46950103715062
leaf_count=180 1229 228 157 1438 1019 381
internal_value=0.000173767 0.00227015 -0.00474005 0.00387521 -0.001454 0.000727102
internal_weight=1316.8 588.216 95.3448 492.871 728.589 464.088
internal_count=4632 2003 337 1666 2629 1610
is_linear=0
shrinkage=0.03


Tree=158
num_leaves=7
num_cat=0
split_feature=1 7 4 9 11 0
split_gain=4.11031 8.0459 7.02594 6.54951 3.80571 5.55232
threshold=-0.18479858338832852 0.69250351190567028 -0.14040383696556089 -0.35903707146644587 -0.62501701712608326 -1.3555771112442014
decision_type=2 2 2 2 2 2
left_child=1 3 -3 -1 5 -2
right_child=4 2 -4 -5 -6 -7
leaf_value=-0.0034188534447183398 -0.0081546476159634583 0.0034099198427896367 -0.0096862773432648177 0.0080922389082366212 0.00011494784188624065 0.0012205815022416761
leaf_weight=35.624182917177677 113.07116490229964 50.9326401501894 52.381064470857382 199.29884658008814 785.21119901165366 74.342320926487446
leaf_count=114 481 165 217 681 2697 259
internal_value=0.000186181 0.00297351 -0.0032375 0.00598003 -0.000763067 -0.00438735
internal_weight=1310.86 338.237 103.314 234.923 972.625 187.413
internal_count=4614 1177 382 795 3437 740
is_linear=0
shrinkage=0.03


Tree=159
num_leaves=7
num_cat=0
split_feature=10 11 6 10 17 15
split_gain=3.53324 7.31015 6.39656 6.14233 8.46506 6.28649
threshold=0.67016255855560314 0.29755721986293798 -0.1210154742002487 1.050710201263428 0.58830127120018016 -0.52496987581253041
decision_type=2 2 2 2 2 2
left_child=1 2 -1 4 -2 -5
right_child=3 -3 -4 5 -6 -7
leaf_value=-0.00053546688127820608 0.0032534325688810357 -0.005151424769786919 0.010988541466026916 0.0027102555109026179 -0.0073216008705388833 -0.0025805827491089993
leaf_weight=51.058042727410793 77.587290182709694 37.741461470723152 97.094459917396307 603.62887493148446 190.70993258617818 271.25397850573063
leaf_count=187 272 136 332 2096 730 932
internal_value=0.000403644 0.00403702 0.00706887 -0.000194855 -0.0040418 0.000981792
internal_weight=1329.07 185.894 148.153 1143.18 268.297 874.883
internal_count=4685 655 519 4030 1002 3028
is_linear=0
shrinkage=0.03


Tree=160
num_leaves=7
num_cat=0
split_feature=2 12 16 4 4 10
split_gain=4.98953 4.41739 7.70513 6.78603 2.93806 3.9974
threshold=0.29067805409431463 2.0122967958450322 0.71555191278457653 -0.2017349302768707 0.33256275951862341 1.5106949806213381
decision_type=2 2 2 2 2 2
left_child=1 3 -3 -1 -2 -6
right_child=4 2 -4 -5 5 -7
leaf_value=-0.0036424170522330809 -0.0062894149833131706 0.0082795193437092823 -0.0002051390591748788 0.0020160935870460221 -0.0047081607698976468 0.0074467388846235858
leaf_weight=275.48205799981952 120.53093855082989 165.54934711009264 170.95855959504843 518.10682683438063 27.792021252214909 26.732756286859512
leaf_count=950 465 554 596 1845 103 89
internal_value=0.000471514 0.00125702 0.00403101 0 -0.00390075 0.000845277
internal_weight=1305.15 1130.1 336.508 793.589 175.056 54.5248
internal_count=4602 3945 1150 2795 657 192
is_linear=0
shrinkage=0.03


Tree=161
num_leaves=7
num_cat=0
split_feature=18 5 7 18 19 19
split_gain=5.12769 10.5241 6.44799 4.47943 11.6434 8.31362
threshold=0.73767414689064037 0.079969983547925963 0.015701536089181903 -0.14071926474571225 1.1169406175613406 1.11458957195282
decision_type=2 2 2 2 2 2
left_child=3 -2 -3 4 -1 -5
right_child=1 2 -4 5 -6 -7
leaf_value=-0.00369420546476388 0.012359495455033323 0.0051084250407204155 -0.0084989925402136901 0.00039089700480163768 0.0049663538334921466 -0.0061059480373156149
leaf_weight=241.06490483507514 60.68665536865592 36.871752686798573 45.570957168936729 331.52630982175469 275.14109745249152 320.72474808059633
leaf_count=843 206 123 153 1171 965 1173
internal_value=-0.000443985 0.00447795 -0.00201832 -0.00116259 0.000823094 -0.00280109
internal_weight=1311.59 143.129 82.4427 1168.46 516.206 652.251
internal_count=4634 482 276 4152 1808 2344
is_linear=0
shrinkage=0.03


Tree=162
num_leaves=7
num_cat=0
split_feature=8 15 15 2 6 5
split_gain=5.84969 6.75504 8.67875 6.20796 7.21447 6.55804
threshold=-0.28127521276473993 -0.64040395617485035 -1.0393300652503965 0.12579648196697238 0.37303923070430761 -0.27273112535476679
decision_type=2 2 2 2 2 2
left_child=3 2 -2 5 -5 -1
right_child=1 -3 -4 4 -6 -7
leaf_value=0.0098571613160968949 -0.0014284870868462962 0.0020621380670301304 -0.012822760077473065 -0.0051509054629132059 0.0059017105759769034 0.0015062189735962016
leaf_weight=89.792244240641594 213.4911513607949 148.86183561012149 77.347259763628244 190.25351898744702 48.619959466159344 553.68752307072282
leaf_count=298 749 540 269 708 183 1938
internal_value=2.58818e-05 -0.00268345 -0.00528184 0.00147206 -0.00238735 0.00302396
internal_weight=1322.05 439.7 290.838 882.353 238.873 643.48
internal_count=4685 1558 1018 3127 891 2236
is_linear=0
shrinkage=0.03


Tree=163
num_leaves=7
num_cat=0
split_feature=8 5 6 2 3 19
split_gain=5.57774 8.21572 7.65285 9.66245 7.56598 7.5525
threshold=-0.30653928220272059 0.068057328462600722 0.052612761035561569 0.10282338783144952 -1.7722295522689817 0.98725539445877086
decision_type=2 2 2 2 2 2
left_child=1 5 -2 -4 -3 -1
right_child=2 4 3 -5 -6 -7
leaf_value=0.0088556445914516717 0.00092696687854024141 0.0056279598130274302 -0.013707450055781847 0 -0.0028194632674877896 0.00036445260242676269
leaf_weight=196.29327790439129 263.55231650359929 104.15847098827362 73.452299457043409 109.09722928330302 372.57514852844179 197.90792910754681
leaf_count=668 899 366 265 423 1318 721
internal_value=0.000426121 0.00184833 -0.00218193 -0.0066149 -0.000700763 0.00496095
internal_weight=1317.04 870.935 446.102 182.55 476.734 394.201
internal_count=4660 3073 1587 688 1684 1389
is_linear=0
shrinkage=0.03


Tree=164
num_leaves=7
num_cat=0
split_feature=16 7 19 16 9 5
split_gain=5.74218 6.26606 5.75462 5.92204 5.7067 5.11508
threshold=-0.34394276142120356 -0.19680225849151609 0.51763209700584423 0.33202797174453741 0.44354811310768133 -0.49775758385658259
decision_type=2 2 2 2 2 2
left_child=1 4 5 -4 -1 -2
right_child=2 -3 3 -5 -6 -7
leaf_value=0.0081671211892727202 0.0027982445068706792 -0.01179934260290001 0.0050178238352018845 -0.00033563160669539908 -0.0065494507999167223 -0.0094942470965421518
leaf_weight=27.329923875629902 23.99149526655674 61.314163152128458 210.54975051432848 873.12089350260794 26.3076176289469 78.319372590631247
leaf_count=100 81 206 752 3118 103 298
internal_value=-0.000627939 -0.00649265 0 0.000722225 0.000315868 -0.00613494
internal_weight=1300.93 114.952 1185.98 1083.67 53.6375 102.311
internal_count=4658 409 4249 3870 203 379
is_linear=0
shrinkage=0.03


Tree=165
num_leaves=7
num_cat=0
split_feature=15 2 7 15 11 7
split_gain=4.80394 6.21935 4.75738 8.29489 5.74341 4.17549
threshold=-2.1382730007171626 -0.21262311935424802 0.25316804647445684 -0.57304376363754261 -0.20902506262063977 0.7982921600341798
decision_type=2 2 2 2 2 2
left_child=1 -1 3 -2 -4 -3
right_child=2 5 4 -5 -6 -7
leaf_value=0.0032974142203982359 0.0052221695392710901 -0.014630110290770004 -0.0044117746610185847 -0.0014935485519481418 0.0012723516668141123 0
leaf_weight=27.101445093750954 361.37375217676163 39.915450844913721 272.31162259727716 260.77000886201859 315.00027476623654 27.625966737046838
leaf_count=97 1239 156 1068 895 1079 117
internal_value=0 -0.00589287 0.000527778 0.00235501 -0.00132284 -0.0101768
internal_weight=1304.1 94.6429 1209.46 622.144 587.312 67.5414
internal_count=4651 370 4281 2134 2147 273
is_linear=0
shrinkage=0.03


Tree=166
num_leaves=6
num_cat=0
split_feature=13 7 8 2 5
split_gain=4.83462 4.37579 3.88111 7.77629 7.45286
threshold=1.1651862859725954 -0.055660495534539216 -0.29739819467067713 0.12579648196697238 0.58048337697982799
decision_type=2 2 2 2 2
left_child=2 -2 3 -1 -4
right_child=1 -3 4 -5 -6
leaf_value=0.0033400743463332903 0.00068596234393516196 -0.012542232196601662 -0.0031894009300993511 -0.0029098698264606654 0.009653925236668446
leaf_weight=589.00706240907311 22.334494471549988 32.193112974986434 404.28308634832501 226.90964063070714 23.80135740339756
leaf_count=2025 88 153 1452 849 74
internal_value=-0.000136727 -0.00758884 0.000257357 0.00150213 -0.00194239
internal_weight=1298.53 54.5276 1244 815.917 428.084
internal_count=4641 241 4400 2874 1526
is_linear=0
shrinkage=0.03


Tree=167
num_leaves=7
num_cat=0
split_feature=8 7 15 10 4 17
split_gain=5.37029 7.13892 8.2892 4.14538 4.06935 11.6143
threshold=-0.57893455028533924 1.2846111655235293 -0.48776566982269282 0.71260529756546032 0.048278540372848518 1.6945902705192568
decision_type=2 2 2 2 2 2
left_child=1 2 -1 -3 5 -2
right_child=4 3 -4 -5 -6 -7
leaf_value=0.0056199061429992401 -0.0029231373100277523 0.0023941619215399764 -0.0015205865780812695 -0.0089616254484054612 -0.0049821889216166799 0.0078192434525570873
leaf_weight=399.62889181263745 318.18751177191734 24.000597290694714 196.46815480664372 58.468391675502062 214.27552662976086 103.70039425604045
leaf_count=1395 1125 86 666 239 773 384
internal_value=9.19487e-05 0.00196296 0.00319611 -0.005249 -0.00181133 0
internal_weight=1314.73 678.566 596.097 82.469 636.163 421.888
internal_count=4668 2386 2061 325 2282 1509
is_linear=0
shrinkage=0.03


Tree=168
num_leaves=7
num_cat=0
split_feature=4 17 1 2 17 11
split_gain=4.43219 6.82205 8.37026 5.24384 10.3206 5.44186
threshold=-0.1486924812197685 2.0842331647872929 -0.038571523502469056 -0.10382085293531416 1.1493104100227358 -1.191227078437805
decision_type=2 2 2 2 2 2
left_child=1 2 -1 4 -2 -5
right_child=3 -3 -4 5 -6 -7
leaf_value=0.0036315594718850435 0 0.0094328349409729863 -0.0039964200792885225 -0.0096493374799748871 -0.01142706552932087 0.00081059724149789723
leaf_weight=260.03408613055944 138.80685055628419 63.062004648149014 220.43538824096322 29.171151883900166 110.52696577832103 467.17123357206583
leaf_count=855 482 245 789 113 432 1728
internal_value=-0.000477576 0.00148987 0 -0.00199149 -0.00536608 -3.79e-05
internal_weight=1289.21 543.531 480.469 745.676 249.334 496.342
internal_count=4644 1889 1644 2755 914 1841
is_linear=0
shrinkage=0.03


Tree=169
num_leaves=7
num_cat=0
split_feature=5 14 11 17 14 8
split_gain=4.86369 7.6173 7.53401 6.02517 9.54585 6.91528
threshold=0.33507284522056585 0.084212526679039015 -0.063840810209512697 -0.33666145801544184 0.6159474551677705 -1.6521289348602293
decision_type=2 2 2 2 2 2
left_child=3 -2 -3 4 -1 -5
right_child=1 2 -4 5 -6 -7
leaf_value=-0.0015398932497678352 0.0081514169992581396 0.0053061009892771231 -0.0077562477770012394 0.0068075954569022058 0.011425225781779369 -0.0026386971211913969
leaf_weight=98.804692696779966 134.26538311690092 53.045671664178371 63.344472371041775 53.958661504089832 66.794290021061897 826.77356522530317
leaf_count=310 413 210 239 205 214 3052
internal_value=5.80327e-05 0.00368967 -0.00145797 -0.000808567 0.00403395 -0.00185504
internal_weight=1296.99 250.656 116.39 1046.33 165.599 880.732
internal_count=4643 862 449 3781 524 3257
is_linear=0
shrinkage=0.03


Tree=170
num_leaves=7
num_cat=0
split_feature=19 7 0 12 0 4
split_gain=3.20906 6.18497 5.24532 5.11139 7.94943 4.10005
threshold=1.2870675921440127 1.342689633369446 -1.2713135480880735 2.3135886192321782 -0.87970164418220509 0.57710650563240062
decision_type=2 2 2 2 2 2
left_child=1 5 -3 4 -2 -1
right_child=3 2 -4 -5 -6 -7
leaf_value=0.00099081939237511741 -0.0073090616832026797 -0.011617018209559682 0.001752708861943476 0.0028289022240477768 0.0060676709689632558 0.0074927396463639632
leaf_weight=832.59551258012652 183.65184788219631 40.905130684375763 26.857725881040096 89.938292732462287 28.756767615675926 85.304088000208139
leaf_count=2946 727 158 92 325 95 295
internal_value=0.00018862 0.00106236 -0.00644245 -0.00236286 -0.00487359 0.00180593
internal_weight=1288.01 985.662 67.7629 302.347 212.409 917.9
internal_count=4638 3491 250 1147 822 3241
is_linear=0
shrinkage=0.03


Tree=171
num_leaves=7
num_cat=0
split_feature=3 12 13 10 7 12
split_gain=4.5369 15.6565 7.0283 6.81899 6.68251 6.38659
threshold=-1.5587955117225645 1.5338791608810427 0.37762635946273809 0.67016255855560314 1.2846111655235293 1.2390003204345705
decision_type=2 2 2 2 2 2
left_child=1 -1 -3 5 -5 -2
right_child=3 2 -4 4 -6 -7
leaf_value=-0.012926307467603614 0.0095059451673358206 0.0069296183970597109 -0.0032602425249212918 0.00068270638784543182 -0.0073690962350301155 -0.0019254693493817676
leaf_weight=82.589172605425119 116.61194948852062 88.416442312300205 113.28327326290309 752.26614282280207 84.863519795238972 44.830831073224545
leaf_count=343 400 303 415 2670 337 166
internal_value=-6.22268e-05 -0.00331708 0.00115809 0.000852446 -0.000216441 0.00613855
internal_weight=1282.86 284.289 201.7 998.572 837.13 161.443
internal_count=4634 1061 718 3573 3007 566
is_linear=0
shrinkage=0.03


Tree=172
num_leaves=7
num_cat=0
split_feature=3 5 14 9 18 7
split_gain=6.07033 9.54741 12.5467 7.15038 12.389 6.7882
threshold=-1.1523764133453367 0.16807717829942706 0.072903022170066847 0.41402186453342443 -0.14071926474571225 -0.8446020483970641
decision_type=2 2 2 2 2 2
left_child=1 5 -3 -2 -5 -1
right_child=3 2 -4 4 -6 -7
leaf_value=0.0027527782537671939 0.0024086532458597112 0.005958521734146128 -0.0052958334505153149 0.0059136701057877494 -0.012796171991922147 -0.010514423641499205
leaf_weight=26.477812565863132 711.29771570488811 157.69579483196139 158.01275280117989 33.058636412024498 58.634502299129963 147.30673032253981
leaf_count=88 2554 499 603 111 215 580
internal_value=-0.000248475 -0.002856 0.000167045 0.00129891 -0.00566238 -0.00810793
internal_weight=1292.48 489.493 315.709 802.991 91.6931 173.785
internal_count=4650 1770 1102 2880 326 668
is_linear=0
shrinkage=0.03


Tree=173
num_leaves=5
num_cat=0
split_feature=10 14 4 5
split_gain=3.96849 6.73056 5.60962 3.6297
threshold=0.21555485576391223 -0.38003227114677424 -0.23329889774322507 -0.21344502270221707
decision_type=2 2 2 2
left_child=-1 2 -2 -3
right_child=1 3 -4 -5
leaf_value=0.0084976447190716863 0.0036471094046744475 0.0042695444412659709 -0.008831590055701324 -0.00022599347122147497
leaf_weight=27.983315385878086 22.805582478642464 170.04013025760651 113.29183869622648 952.85005849972367
leaf_count=98 72 604 429 3428
internal_value=0 -0.000288928 -0.00615681 0.000465073
internal_weight=1286.97 1258.99 136.097 1122.89
internal_count=4631 4533 501 4032
is_linear=0
shrinkage=0.03


Tree=174
num_leaves=7
num_cat=0
split_feature=1 6 8 10 12 9
split_gain=3.28349 6.14687 7.77553 4.13959 3.42742 0.34571
threshold=0.42960275709629064 0.28901933133602148 -0.014733375050127505 1.8362982869148257 1.1331716775894167 0.18160322308540347
decision_type=2 2 2 2 2 2
left_child=1 3 -3 -1 5 -2
right_child=4 2 -4 -5 -6 -7
leaf_value=8.2633638696192187e-05 -0.0010208562895878174 0.01031178935346449 -0.0037326407833591798 -0.005865208337241661 0 -0.012164397457875198
leaf_weight=987.13428615219891 21.140175703912973 89.09565857052803 32.493512876331806 95.648190073668957 43.457753218710423 22.480113185942173
leaf_count=3551 91 322 136 324 150 100
internal_value=-0.000172672 0.000223751 0.0061377 -0.000485207 -0.00523362 -0.00972556
internal_weight=1291.45 1204.37 121.589 1082.78 87.078 43.6203
internal_count=4674 4333 458 3875 341 191
is_linear=0
shrinkage=0.03


Tree=175
num_leaves=7
num_cat=0
split_feature=1 7 15 4 19 17
split_gain=4.2392 7.4228 6.69813 5.2802 4.61696 4.95936
threshold=-0.18479858338832852 -0.07272890210151671 -0.98793071508407582 -0.23090610653162 0.54344838857650768 1.6945902705192568
decision_type=2 2 2 2 2 2
left_child=1 3 -3 -1 -2 -6
right_child=4 2 -4 -5 5 -7
leaf_value=-0.00084260601003751767 -0.0063290577140498643 0.003327082367783655 -0.0067847982935220078 0.010600541149051668 -0.0015266995154624653 0.0035754529025152468
leaf_weight=34.235856927931309 108.03564415499568 118.56884620711207 80.122590392827988 105.54499147087336 632.39434608072042 211.27567037194967
leaf_count=117 413 420 302 360 2254 783
internal_value=0 0.00280876 -0.000723767 0.00766766 -0.00100796 -0.000126315
internal_weight=1290.18 338.472 198.691 139.781 951.706 843.67
internal_count=4649 1199 722 477 3450 3037
is_linear=0
shrinkage=0.03


Tree=176
num_leaves=7
num_cat=0
split_feature=9 9 10 14 14 14
split_gain=5.78276 6.07178 9.0321 4.93719 4.37194 7.85878
threshold=-0.0037422644672915335 -0.062490062788128846 1.1630200147628786 -0.10383991897106169 -0.10832972824573515 -0.30906015634536738
decision_type=2 2 2 2 2 2
left_child=1 3 -3 -1 5 -2
right_child=4 2 -4 -5 -6 -7
leaf_value=-0.0033707332936982787 -0.0047940001198873801 -0.0003637841428142155 0.013751770105362125 0.0022305023943563081 -0.0041890628401540682 0.0064924446807517154
leaf_weight=177.7333263643086 79.050359841436148 60.804537761956453 65.902979969978333 456.19469409435987 324.92001338303089 101.37900499999523
leaf_count=606 308 228 217 1656 1230 348
internal_value=0.000230078 0.00190559 0.00744285 0.000513278 -0.00215417 0.00126328
internal_weight=1265.98 760.636 126.708 633.928 505.349 180.429
internal_count=4593 2707 445 2262 1886 656
is_linear=0
shrinkage=0.03


Tree=177
num_leaves=7
num_cat=0
split_feature=10 12 10 15 12 8
split_gain=5.54133 8.85734 8.12996 6.20973 4.90689 3.87701
threshold=0.67016255855560314 0.71061390638351452 0.88999134302139293 -0.63154941797256459 1.7293535470962527 -0.54052999615669239
decision_type=2 2 2 2 2 2
left_child=4 3 -3 -2 5 -1
right_child=1 2 -4 -5 -6 -7
leaf_value=0.010661629666820873 -0.00052069400564008241 -0.0066703367093245416 0.0025189122577987718 -0.0082221933159588381 -0.0024687019735657322 0
leaf_weight=84.681654902175069 226.32297169417143 78.41082577034831 616.46739590540528 172.31718268617988 43.843145288527012 57.483320292085409
leaf_count=298 871 305 2148 643 168 202
internal_value=5.19027e-05 -0.000738879 0.00124045 -0.00422685 0.00461246 0.0072014
internal_weight=1279.53 1093.52 694.878 398.64 186.008 142.165
internal_count=4635 3967 2453 1514 668 500
is_linear=0
shrinkage=0.03


Tree=178
num_leaves=5
num_cat=0
split_feature=14 14 10 18
split_gain=3.6092 4.6574 4.0592 1.70703
threshold=-0.97187805175781239 -0.76321512460708607 0.66136738657951366 0.36124362051486975
decision_type=2 2 2 2
left_child=-1 3 -3 -2
right_child=1 2 -4 -5
leaf_value=0.0087609355064470641 -0.011715338722305853 0.0048058966503404773 -0.00045468739278732931 0
leaf_weight=21.331492371857166 22.159840300679207 128.92977744340897 1097.3580995388329 21.624408487230539
leaf_count=76 90 481 3974 78
internal_value=0 -0.000242598 0.000118506 -0.00816285
internal_weight=1291.4 1270.07 1226.29 43.7842
internal_count=4699 4623 4455 168
is_linear=0
shrinkage=0.03


Tree=179
num_leaves=7
num_cat=0
split_feature=18 6 9 18 20 14
split_gain=4.58938 5.76949 6.74275 6.65083 4.68081 8.14464
threshold=-1.5207980275154112 -0.34721077978610987 0.48657378554344183 0.46968105435371404 1.0000000180025095e-35 0.36711288988590246
decision_type=2 2 2 2 2 2
left_child=4 3 -3 -2 5 -1
right_child=1 2 -4 -5 -6 -7
leaf_value=-0.012763920389195917 0.0099567570505243522 3.9541266494891062e-05 -0.0091997260238049772 -0.0019622807261094519 0.0014695856029840494 0.0011131746860702431
leaf_weight=76.588007636368275 86.777604427188635 912.9914710894227 56.020922407507896 48.443807303905487 53.3735719807446 45.856299065053463
leaf_count=274 310 3323 219 175 177 187
internal_value=-0.000511772 0.000183567 -0.000609173 0.00559751 -0.00475801 -0.00771903
internal_weight=1280.05 1104.23 969.012 135.221 175.818 122.444
internal_count=4665 4027 3542 485 638 461
is_linear=0
shrinkage=0.03


end of trees

feature_importances:
Column_7=87
Column_14=81
Column_5=61
Column_18=58
Column_17=57
Column_0=52
Column_4=52
Column_10=52
Column_12=51
Column_8=50
Column_9=46
Column_11=45
Column_16=45
Column_6=44
Column_13=44
Column_2=43
Column_3=39
Column_15=39
Column_1=38
Column_19=31
Column_20=8
Column_21=6
Column_23=1

parameters:
[boosting: gbdt]
[objective: lambdarank]
[metric: ndcg]
[tree_learner: serial]
[device_type: cpu]
[data_sample_strategy: bagging]
[data: ]
[valid: ]
[num_iterations: 180]
[learning_rate: 0.03]
[num_leaves: 7]
[num_threads: 1]
[seed: 17]
[deterministic: 1]
[force_col_wise: 1]
[force_row_wise: 0]
[histogram_pool_size: -1]
[max_depth: 3]
[min_data_in_leaf: 80]
[min_sum_hessian_in_leaf: 0.001]
[bagging_fraction: 0.8]
[pos_bagging_fraction: 1]
[neg_bagging_fraction: 1]
[bagging_freq: 1]
[bagging_seed: 26602]
[bagging_by_query: 0]
[feature_fraction: 0.8]
[feature_fraction_bynode: 1]
[feature_fraction_seed: 18297]
[extra_trees: 0]
[extra_seed: 13015]
[early_stopping_round: 0]
[early_stopping_min_delta: 0]
[first_metric_only: 0]
[max_delta_step: 0]
[lambda_l1: 2]
[lambda_l2: 20]
[linear_lambda: 0]
[min_gain_to_split: 0]
[drop_rate: 0.1]
[max_drop: 50]
[skip_drop: 0.5]
[xgboost_dart_mode: 0]
[uniform_drop: 0]
[drop_seed: 30017]
[top_rate: 0.2]
[other_rate: 0.1]
[min_data_per_group: 100]
[max_cat_threshold: 32]
[cat_l2: 10]
[cat_smooth: 10]
[max_cat_to_onehot: 4]
[top_k: 20]
[monotone_constraints: ]
[monotone_constraints_method: basic]
[monotone_penalty: 0]
[feature_contri: ]
[forcedsplits_filename: ]
[refit_decay_rate: 0.9]
[cegb_tradeoff: 1]
[cegb_penalty_split: 0]
[cegb_penalty_feature_lazy: ]
[cegb_penalty_feature_coupled: ]
[path_smooth: 0]
[interaction_constraints: ]
[verbosity: -1]
[saved_feature_importance_type: 0]
[use_quantized_grad: 0]
[num_grad_quant_bins: 4]
[quant_train_renew_leaf: 0]
[stochastic_rounding: 1]
[linear_tree: 0]
[max_bin: 255]
[max_bin_by_feature: ]
[min_data_in_bin: 3]
[bin_construct_sample_cnt: 200000]
[data_random_seed: 94]
[is_enable_sparse: 1]
[enable_bundle: 1]
[use_missing: 1]
[zero_as_missing: 0]
[feature_pre_filter: 1]
[pre_partition: 0]
[two_round: 0]
[header: 0]
[label_column: ]
[weight_column: ]
[group_column: ]
[ignore_column: ]
[categorical_feature: ]
[forcedbins_filename: ]
[precise_float_parser: 0]
[parser_config_file: ]
[objective_seed: 20363]
[num_class: 1]
[is_unbalance: 0]
[scale_pos_weight: 1]
[sigmoid: 1]
[boost_from_average: 1]
[reg_sqrt: 0]
[alpha: 0.9]
[fair_c: 1]
[poisson_max_delta_step: 0.7]
[tweedie_variance_power: 1.5]
[lambdarank_truncation_level: 30]
[lambdarank_norm: 1]
[label_gain: 0,1,2,3]
[lambdarank_position_bias_regularization: 0]
[eval_at: 2]
[multi_error_top_k: 1]
[auc_mu_weights: ]
[num_machines: 1]
[local_listen_port: 12400]
[time_out: 120]
[machine_list_filename: ]
[machines: ]
[gpu_platform_id: -1]
[gpu_device_id: -1]
[gpu_device_id_list: ]
[gpu_use_dp: 0]
[num_gpu: 1]

end of parameters

pandas_categorical:null
