trade_date,strategy,equity_net,equity_gross,cash,positions,fees_cumulative,slippage_cumulative,turnover_cumulative,accounting_residual,shares_json,daily_return_net,drawdown
2024-01-02,V25 rel_mom_ind_250d Top2,100000,100000,100000,0,0,0,0,0,{},0,0
2024-01-03,V25 rel_mom_ind_250d Top2,101120.1961,101176,308.1960684,2,25.91313161,29.8908,99636,0,"{""601288.SH"": 13600.0, ""601988.SH"": 12400.0}",0.01120196068,0
2024-01-04,V25 rel_mom_ind_250d Top2,102916.1961,102972,308.1960684,2,25.91313161,29.8908,99636,0,"{""601288.SH"": 13600.0, ""601988.SH"": 12400.0}",0.01776104151,0
2024-01-05,V25 rel_mom_ind_250d Top2,102124.1961,102180,308.1960684,2,25.91313161,29.8908,99636,0,"{""601288.SH"": 13600.0, ""601988.SH"": 12400.0}",-0.007695581748,-0.007695581748
2024-01-08,V25 rel_mom_ind_250d Top2,101740.1961,101796,308.1960684,2,25.91313161,29.8908,99636,0,"{""601288.SH"": 13600.0, ""601988.SH"": 12400.0}",-0.003760127519,-0.0114267729
2024-01-09,V25 rel_mom_ind_250d Top2,101740.1961,101796,308.1960684,2,25.91313161,29.8908,99636,0,"{""601288.SH"": 13600.0, ""601988.SH"": 12400.0}",0,-0.0114267729
2024-01-10,V25 rel_mom_ind_250d Top2,100860.1961,100916,308.1960684,2,25.91313161,29.8908,99636,0,"{""601288.SH"": 13600.0, ""601988.SH"": 12400.0}",-0.008649482053,-0.01997741928
2024-01-11,V25 rel_mom_ind_250d Top2,99300.19607,99356,308.1960684,2,25.91313161,29.8908,99636,0,"{""601288.SH"": 13600.0, ""601988.SH"": 12400.0}",-0.01546695387,-0.03513538333
2024-01-12,V25 rel_mom_ind_250d Top2,100600.1961,100656,308.1960684,2,25.91313161,29.8908,99636,0,"{""601288.SH"": 13600.0, ""601988.SH"": 12400.0}",0.01309161564,-0.02250374663
2024-01-15,V25 rel_mom_ind_250d Top2,100984.1961,101040,308.1960684,2,25.91313161,29.8908,99636,0,"{""601288.SH"": 13600.0, ""601988.SH"": 12400.0}",0.003817089976,-0.01877255548
2024-01-16,V25 rel_mom_ind_250d Top2,101640.1961,101696,308.1960684,2,25.91313161,29.8908,99636,0,"{""601288.SH"": 13600.0, ""601988.SH"": 12400.0}",0.006496065974,-0.01239843726
2024-01-17,V25 rel_mom_ind_250d Top2,100600.1961,100656,308.1960684,2,25.91313161,29.8908,99636,0,"{""601288.SH"": 13600.0, ""601988.SH"": 12400.0}",-0.01023217231,-0.02250374663
2024-01-18,V25 rel_mom_ind_250d Top2,100216.1961,100272,308.1960684,2,25.91313161,29.8908,99636,0,"{""601288.SH"": 13600.0, ""601988.SH"": 12400.0}",-0.003817089976,-0.02623493778
2024-01-19,V25 rel_mom_ind_250d Top2,99584.19607,99640,308.1960684,2,25.91313161,29.8908,99636,0,"{""601288.SH"": 13600.0, ""601988.SH"": 12400.0}",-0.006306365885,-0.03237585654
2024-01-22,V25 rel_mom_ind_250d Top2,99956.19607,100012,308.1960684,2,25.91313161,29.8908,99636,0,"{""601288.SH"": 13600.0, ""601988.SH"": 12400.0}",0.003735532491,-0.02876126512
2024-01-23,V25 rel_mom_ind_250d Top2,99708.19607,99764,308.1960684,2,25.91313161,29.8908,99636,0,"{""601288.SH"": 13600.0, ""601988.SH"": 12400.0}",-0.002481086814,-0.03117099274
2024-01-24,V25 rel_mom_ind_250d Top2,102148.1961,102204,308.1960684,2,25.91313161,29.8908,99636,0,"{""601288.SH"": 13600.0, ""601988.SH"": 12400.0}",0.02447140853,-0.007462382301
2024-01-25,V25 rel_mom_ind_250d Top2,103448.1961,103504,308.1960684,2,25.91313161,29.8908,99636,0,"{""601288.SH"": 13600.0, ""601988.SH"": 12400.0}",0.01272660752,0
2024-01-26,V25 rel_mom_ind_250d Top2,105876.1961,105932,308.1960684,2,25.91313161,29.8908,99636,0,"{""601288.SH"": 13600.0, ""601988.SH"": 12400.0}",0.02347068477,0
2024-01-29,V25 rel_mom_ind_250d Top2,106804.1961,106860,308.1960684,2,25.91313161,29.8908,99636,0,"{""601288.SH"": 13600.0, ""601988.SH"": 12400.0}",0.008764954111,0
2024-01-30,V25 rel_mom_ind_250d Top2,106024.1961,106080,308.1960684,2,25.91313161,29.8908,99636,0,"{""601288.SH"": 13600.0, ""601988.SH"": 12400.0}",-0.007303083855,-0.007303083855
2024-01-31,V25 rel_mom_ind_250d Top2,106780.1961,106836,308.1960684,2,25.91313161,29.8908,99636,0,"{""601288.SH"": 13600.0, ""601988.SH"": 12400.0}",0.007130447841,-0.0002247102725
2024-02-01,V25 rel_mom_ind_250d Top2,106160.1961,106216,308.1960684,2,25.91313161,29.8908,99636,0,"{""601288.SH"": 13600.0, ""601988.SH"": 12400.0}",-0.005806320112,-0.006029725645
2024-02-02,V25 rel_mom_ind_250d Top2,107460.1961,107516,308.1960684,2,25.91313161,29.8908,99636,0,"{""601288.SH"": 13600.0, ""601988.SH"": 12400.0}",0.0122456443,0
2024-02-05,V25 rel_mom_ind_250d Top2,110036.1961,110092,308.1960684,2,25.91313161,29.8908,99636,0,"{""601288.SH"": 13600.0, ""601988.SH"": 12400.0}",0.02397166667,0
2024-02-06,V25 rel_mom_ind_250d Top2,111236.1961,111292,308.1960684,2,25.91313161,29.8908,99636,0,"{""601288.SH"": 13600.0, ""601988.SH"": 12400.0}",0.0109055024,0
2024-02-07,V25 rel_mom_ind_250d Top2,108920.1961,108976,308.1960684,2,25.91313161,29.8908,99636,1.455191523e-11,"{""601288.SH"": 13600.0, ""601988.SH"": 12400.0}",-0.02082056095,-0.02082056095
2024-02-08,V25 rel_mom_ind_250d Top2,107608.1961,107664,308.1960684,2,25.91313161,29.8908,99636,0,"{""601288.SH"": 13600.0, ""601988.SH"": 12400.0}",-0.01204551633,-0.03261528287
2024-02-19,V25 rel_mom_ind_250d Top2,111720.1961,111776,308.1960684,2,25.91313161,29.8908,99636,0,"{""601288.SH"": 13600.0, ""601988.SH"": 12400.0}",0.03821270266,0
2024-02-20,V25 rel_mom_ind_250d Top2,112920.1961,112976,308.1960684,2,25.91313161,29.8908,99636,0,"{""601288.SH"": 13600.0, ""601988.SH"": 12400.0}",0.01074111971,0
2024-02-21,V25 rel_mom_ind_250d Top2,113700.1961,113756,308.1960684,2,25.91313161,29.8908,99636,1.455191523e-11,"{""601288.SH"": 13600.0, ""601988.SH"": 12400.0}",0.006907533171,0
2024-02-22,V25 rel_mom_ind_250d Top2,113972.1961,114028,308.1960684,2,25.91313161,29.8908,99636,0,"{""601288.SH"": 13600.0, ""601988.SH"": 12400.0}",0.002392256209,0
2024-02-23,V25 rel_mom_ind_250d Top2,115284.1961,115340,308.1960684,2,25.91313161,29.8908,99636,0,"{""601288.SH"": 13600.0, ""601988.SH"": 12400.0}",0.01151157954,0
2024-02-26,V25 rel_mom_ind_250d Top2,111916.1961,111972,308.1960684,2,25.91313161,29.8908,99636,0,"{""601288.SH"": 13600.0, ""601988.SH"": 12400.0}",-0.02921475896,-0.02921475896
2024-02-27,V25 rel_mom_ind_250d Top2,112188.1961,112244,308.1960684,2,25.91313161,29.8908,99636,0,"{""601288.SH"": 13600.0, ""601988.SH"": 12400.0}",0.002430389966,-0.02685537225
2024-02-28,V25 rel_mom_ind_250d Top2,112188.1961,112244,308.1960684,2,25.91313161,29.8908,99636,0,"{""601288.SH"": 13600.0, ""601988.SH"": 12400.0}",0,-0.02685537225
2024-02-29,V25 rel_mom_ind_250d Top2,112720.1961,112776,308.1960684,2,25.91313161,29.8908,99636,0,"{""601288.SH"": 13600.0, ""601988.SH"": 12400.0}",0.004742031859,-0.02224068942
2024-03-01,V25 rel_mom_ind_250d Top2,113524.1961,113580,308.1960684,2,25.91313161,29.8908,99636,0,"{""601288.SH"": 13600.0, ""601988.SH"": 12400.0}",0.007132705833,-0.01526661988
2024-03-04,V25 rel_mom_ind_250d Top2,113893.2322,113960,251.2321755,2,36.35442455,30.4134,101378,0,"{""601288.SH"": 13400.0, ""601988.SH"": 12600.0}",0.003250726452,-0.01206552104
2024-03-05,V25 rel_mom_ind_250d Top2,116367.2322,116434,251.2321755,2,36.35442455,30.4134,101378,0,"{""601288.SH"": 13400.0, ""601988.SH"": 12600.0}",0.02172209843,0
2024-03-06,V25 rel_mom_ind_250d Top2,114665.2322,114732,251.2321755,2,36.35442455,30.4134,101378,0,"{""601288.SH"": 13400.0, ""601988.SH"": 12600.0}",-0.01462611053,-0.01462611053
2024-03-07,V25 rel_mom_ind_250d Top2,115185.2322,115252,251.2321755,2,36.35442455,30.4134,101378,0,"{""601288.SH"": 13400.0, ""601988.SH"": 12600.0}",0.004534940453,-0.01015749862
2024-03-08,V25 rel_mom_ind_250d Top2,114799.2322,114866,251.2321755,2,36.35442455,30.4134,101378,0,"{""601288.SH"": 13400.0, ""601988.SH"": 12600.0}",-0.003351124035,-0.01347458362
2024-03-11,V25 rel_mom_ind_250d Top2,113893.2322,113960,251.2321755,2,36.35442455,30.4134,101378,0,"{""601288.SH"": 13400.0, ""601988.SH"": 12600.0}",-0.007892038848,-0.02126028053
2024-03-12,V25 rel_mom_ind_250d Top2,111041.2322,111108,251.2321755,2,36.35442455,30.4134,101378,0,"{""601288.SH"": 13400.0, ""601988.SH"": 12600.0}",-0.02504099625,-0.04576889817
2024-03-13,V25 rel_mom_ind_250d Top2,110395.2322,110462,251.2321755,2,36.35442455,30.4134,101378,0,"{""601288.SH"": 13400.0, ""601988.SH"": 12600.0}",-0.005817658786,-0.05132028913
2024-03-14,V25 rel_mom_ind_250d Top2,111057.2322,111124,251.2321755,2,36.35442455,30.4134,101378,0,"{""601288.SH"": 13400.0, ""601988.SH"": 12600.0}",0.005996635787,-0.04563140242
2024-03-15,V25 rel_mom_ind_250d Top2,110805.2322,110872,251.2321755,2,36.35442455,30.4134,101378,0,"{""601288.SH"": 13400.0, ""601988.SH"": 12600.0}",-0.00226910031,-0.0477969605
2024-03-18,V25 rel_mom_ind_250d Top2,110403.2322,110470,251.2321755,2,36.35442455,30.4134,101378,0,"{""601288.SH"": 13400.0, ""601988.SH"": 12600.0}",-0.003627987525,-0.05125154125
2024-03-19,V25 rel_mom_ind_250d Top2,109111.2322,109178,251.2321755,2,36.35442455,30.4134,101378,0,"{""601288.SH"": 13400.0, ""601988.SH"": 12600.0}",-0.01170255594,-0.06235432316
2024-03-20,V25 rel_mom_ind_250d Top2,110403.2322,110470,251.2321755,2,36.35442455,30.4134,101378,0,"{""601288.SH"": 13400.0, ""601988.SH"": 12600.0}",0.01184112739,-0.05125154125
2024-03-21,V25 rel_mom_ind_250d Top2,110789.2322,110856,251.2321755,2,36.35442455,30.4134,101378,0,"{""601288.SH"": 13400.0, ""601988.SH"": 12600.0}",0.003496274451,-0.04793445625
2024-03-22,V25 rel_mom_ind_250d Top2,111577.2322,111644,251.2321755,2,36.35442455,30.4134,101378,0,"{""601288.SH"": 13400.0, ""601988.SH"": 12600.0}",0.007112604578,-0.04116279051
2024-03-25,V25 rel_mom_ind_250d Top2,112105.2322,112172,251.2321755,2,36.35442455,30.4134,101378,0,"{""601288.SH"": 13400.0, ""601988.SH"": 12600.0}",0.004732148214,-0.03662543072
2024-03-26,V25 rel_mom_ind_250d Top2,112877.2322,112944,251.2321755,2,36.35442455,30.4134,101378,0,"{""601288.SH"": 13400.0, ""601988.SH"": 12600.0}",0.00688638688,-0.02999126072
2024-03-27,V25 rel_mom_ind_250d Top2,114177.2322,114244,251.2321755,2,36.35442455,30.4134,101378,0,"{""601288.SH"": 13400.0, ""601988.SH"": 12600.0}",0.01151693725,-0.01881973094
2024-03-28,V25 rel_mom_ind_250d Top2,111317.2322,111384,251.2321755,2,36.35442455,30.4134,101378,0,"{""601288.SH"": 13400.0, ""601988.SH"": 12600.0}",-0.02504877676,-0.04339709646
2024-03-29,V25 rel_mom_ind_250d Top2,112373.2322,112440,251.2321755,2,36.35442455,30.4134,101378,0,"{""601288.SH"": 13400.0, ""601988.SH"": 12600.0}",0.009486401875,-0.03432237689
2024-04-01,V25 rel_mom_ind_250d Top2,113129.2322,113196,251.2321755,2,36.35442455,30.4134,101378,0,"{""601288.SH"": 13400.0, ""601988.SH"": 12600.0}",0.006727580807,-0.02782570264
2024-04-02,V25 rel_mom_ind_250d Top2,114169.2322,114236,251.2321755,2,36.35442455,30.4134,101378,0,"{""601288.SH"": 13400.0, ""601988.SH"": 12600.0}",0.009193026241,-0.01888847882
2024-04-03,V25 rel_mom_ind_250d Top2,114185.2322,114252,251.2321755,2,36.35442455,30.4134,101378,0,"{""601288.SH"": 13400.0, ""601988.SH"": 12600.0}",0.0001401428362,-0.01875098307
2024-04-08,V25 rel_mom_ind_250d Top2,115485.2322,115552,251.2321755,2,36.35442455,30.4134,101378,0,"{""601288.SH"": 13400.0, ""601988.SH"": 12600.0}",0.01138500991,-0.007579453283
2024-04-09,V25 rel_mom_ind_250d Top2,114177.2322,114244,251.2321755,2,36.35442455,30.4134,101378,0,"{""601288.SH"": 13400.0, ""601988.SH"": 12600.0}",-0.01132612348,-0.01881973094
2024-04-10,V25 rel_mom_ind_250d Top2,114437.2322,114504,251.2321755,2,36.35442455,30.4134,101378,0,"{""601288.SH"": 13400.0, ""601988.SH"": 12600.0}",0.002277161524,-0.01658542499
2024-04-11,V25 rel_mom_ind_250d Top2,113917.2322,113984,251.2321755,2,36.35442455,30.4134,101378,0,"{""601288.SH"": 13400.0, ""601988.SH"": 12600.0}",-0.004543975681,-0.0210540369
2024-04-12,V25 rel_mom_ind_250d Top2,114177.2322,114244,251.2321755,2,36.35442455,30.4134,101378,0,"{""601288.SH"": 13400.0, ""601988.SH"": 12600.0}",0.002282358823,-0.01881973094
2024-04-15,V25 rel_mom_ind_250d Top2,116643.2322,116710,251.2321755,2,36.35442455,30.4134,101378,0,"{""601288.SH"": 13400.0, ""601988.SH"": 12600.0}",0.02159800122,0
2024-04-16,V25 rel_mom_ind_250d Top2,118077.2322,118144,251.2321755,2,36.35442455,30.4134,101378,0,"{""601288.SH"": 13400.0, ""601988.SH"": 12600.0}",0.01229389801,0
2024-04-17,V25 rel_mom_ind_250d Top2,118731.2322,118798,251.2321755,2,36.35442455,30.4134,101378,0,"{""601288.SH"": 13400.0, ""601988.SH"": 12600.0}",0.005538747716,0
2024-04-18,V25 rel_mom_ind_250d Top2,119511.2322,119578,251.2321755,2,36.35442455,30.4134,101378,0,"{""601288.SH"": 13400.0, ""601988.SH"": 12600.0}",0.006569459322,0
2024-04-19,V25 rel_mom_ind_250d Top2,120559.2322,120626,251.2321755,2,36.35442455,30.4134,101378,0,"{""601288.SH"": 13400.0, ""601988.SH"": 12600.0}",0.008769050247,0
2024-04-22,V25 rel_mom_ind_250d Top2,119267.2322,119334,251.2321755,2,36.35442455,30.4134,101378,0,"{""601288.SH"": 13400.0, ""601988.SH"": 12600.0}",-0.01071672386,-0.01071672386
2024-04-23,V25 rel_mom_ind_250d Top2,119267.2322,119334,251.2321755,2,36.35442455,30.4134,101378,0,"{""601288.SH"": 13400.0, ""601988.SH"": 12600.0}",0,-0.01071672386
2024-04-24,V25 rel_mom_ind_250d Top2,118755.2322,118822,251.2321755,2,36.35442455,30.4134,101378,0,"{""601288.SH"": 13400.0, ""601988.SH"": 12600.0}",-0.004292880707,-0.01496359895
2024-04-25,V25 rel_mom_ind_250d Top2,119811.2322,119878,251.2321755,2,36.35442455,30.4134,101378,0,"{""601288.SH"": 13400.0, ""601988.SH"": 12600.0}",0.008892239783,-0.006204419077
2024-04-26,V25 rel_mom_ind_250d Top2,117337.2322,117404,251.2321755,2,36.35442455,30.4134,101378,0,"{""601288.SH"": 13400.0, ""601988.SH"": 12600.0}",-0.02064914912,-0.02672545223
2024-04-29,V25 rel_mom_ind_250d Top2,116927.2322,116994,251.2321755,2,36.35442455,30.4134,101378,0,"{""601288.SH"": 13400.0, ""601988.SH"": 12600.0}",-0.003494202074,-0.03012627017
2024-04-30,V25 rel_mom_ind_250d Top2,117045.2322,117112,251.2321755,2,36.35442455,30.4134,101378,0,"{""601288.SH"": 13400.0, ""601988.SH"": 12600.0}",0.001009174662,-0.02914749818
2024-05-06,V25 rel_mom_ind_250d Top2,114989.2322,115056,251.2321755,2,36.35442455,30.4134,101378,0,"{""601288.SH"": 13400.0, ""601988.SH"": 12600.0}",-0.01756585862,-0.04620135596
2024-05-07,V25 rel_mom_ind_250d Top2,115376.7418,115454,226.7418205,2,46.58017949,30.678,102260,0,"{""601288.SH"": 13300.0, ""601988.SH"": 12700.0}",0.003369964628,-0.04298708827
2024-05-08,V25 rel_mom_ind_250d Top2,116422.7418,116500,226.7418205,2,46.58017949,30.678,102260,0,"{""601288.SH"": 13300.0, ""601988.SH"": 12700.0}",0.009065951972,-0.03431085517
2024-05-09,V25 rel_mom_ind_250d Top2,115249.7418,115327,226.7418205,2,46.58017949,30.678,102260,0,"{""601288.SH"": 13300.0, ""601988.SH"": 12700.0}",-0.0100753511,-0.04404051236
2024-05-10,V25 rel_mom_ind_250d Top2,115116.7418,115194,226.7418205,2,46.58017949,30.678,102260,0,"{""601288.SH"": 13300.0, ""601988.SH"": 12700.0}",-0.0011540156,-0.04514370452
2024-05-13,V25 rel_mom_ind_250d Top2,115122.7418,115200,226.7418205,2,46.58017949,30.678,102260,0,"{""601288.SH"": 13300.0, ""601988.SH"": 12700.0}",5.21210026e-05,-0.04509393646
2024-05-14,V25 rel_mom_ind_250d Top2,114082.7418,114160,226.7418205,2,46.58017949,30.678,102260,0,"{""601288.SH"": 13300.0, ""601988.SH"": 12700.0}",-0.009033836265,-0.05372040148
2024-05-15,V25 rel_mom_ind_250d Top2,114336.7418,114414,226.7418205,2,46.58017949,30.678,102260,0,"{""601288.SH"": 13300.0, ""601988.SH"": 12700.0}",0.002226454203,-0.05161355329
2024-05-16,V25 rel_mom_ind_250d Top2,114850.7418,114928,226.7418205,2,46.58017949,30.678,102260,0,"{""601288.SH"": 13300.0, ""601988.SH"": 12700.0}",0.004495492803,-0.04735008885
2024-05-17,V25 rel_mom_ind_250d Top2,115503.7418,115581,226.7418205,2,46.58017949,30.678,102260,0,"{""601288.SH"": 13300.0, ""601988.SH"": 12700.0}",0.005685640246,-0.04193366417
2024-05-20,V25 rel_mom_ind_250d Top2,115116.7418,115194,226.7418205,2,46.58017949,30.678,102260,0,"{""601288.SH"": 13300.0, ""601988.SH"": 12700.0}",-0.003350540804,-0.04514370452
2024-05-21,V25 rel_mom_ind_250d Top2,116156.7418,116234,226.7418205,2,46.58017949,30.678,102260,0,"{""601288.SH"": 13300.0, ""601988.SH"": 12700.0}",0.009034307118,-0.0365172395
2024-05-22,V25 rel_mom_ind_250d Top2,116543.7418,116621,226.7418205,2,46.58017949,30.678,102260,0,"{""601288.SH"": 13300.0, ""601988.SH"": 12700.0}",0.003331705021,-0.03330719915
2024-05-23,V25 rel_mom_ind_250d Top2,116150.7418,116228,226.7418205,2,46.58017949,30.678,102260,0,"{""601288.SH"": 13300.0, ""601988.SH"": 12700.0}",-0.003372124439,-0.03656700756
2024-05-24,V25 rel_mom_ind_250d Top2,115509.7418,115587,226.7418205,2,46.58017949,30.678,102260,0,"{""601288.SH"": 13300.0, ""601988.SH"": 12700.0}",-0.005518690539,-0.04188389611
2024-05-27,V25 rel_mom_ind_250d Top2,116688.7418,116766,226.7418205,2,46.58017949,30.678,102260,0,"{""601288.SH"": 13300.0, ""601988.SH"": 12700.0}",0.01020693131,-0.03210447085
2024-05-28,V25 rel_mom_ind_250d Top2,116440.7418,116518,226.7418205,2,46.58017949,30.678,102260,0,"{""601288.SH"": 13300.0, ""601988.SH"": 12700.0}",-0.002125312143,-0.03416155097
2024-05-29,V25 rel_mom_ind_250d Top2,115660.7418,115738,226.7418205,2,46.58017949,30.678,102260,0,"{""601288.SH"": 13300.0, ""601988.SH"": 12700.0}",-0.006698686283,-0.04063139974
2024-05-30,V25 rel_mom_ind_250d Top2,114620.7418,114698,226.7418205,2,46.58017949,30.678,102260,0,"{""601288.SH"": 13300.0, ""601988.SH"": 12700.0}",-0.008991815059,-0.04925786477
2024-05-31,V25 rel_mom_ind_250d Top2,115001.7418,115079,226.7418205,2,46.58017949,30.678,102260,0,"{""601288.SH"": 13300.0, ""601988.SH"": 12700.0}",0.003324005707,-0.04609759248
2024-06-03,V25 rel_mom_ind_250d Top2,115267.7418,115345,226.7418205,2,46.58017949,30.678,102260,0,"{""601288.SH"": 13300.0, ""601988.SH"": 12700.0}",0.002313008445,-0.04389120816
2024-06-04,V25 rel_mom_ind_250d Top2,115485.2775,115660,279.2774566,2,109.7275434,64.995,216650,0,"{""601288.SH"": 13100.0, ""601398.SH"": 10500.0}",0.001887220419,-0.04208682012
2024-06-05,V25 rel_mom_ind_250d Top2,115773.2775,115948,279.2774566,2,109.7275434,64.995,216650,0,"{""601288.SH"": 13100.0, ""601398.SH"": 10500.0}",0.002493824376,-0.03969795289
2024-06-06,V25 rel_mom_ind_250d Top2,115642.2775,115817,279.2774566,2,109.7275434,64.995,216650,0,"{""601288.SH"": 13100.0, ""601398.SH"": 10500.0}",-0.00113152191,-0.04078455569
2024-06-07,V25 rel_mom_ind_250d Top2,117101.652,117276.3745,279.2774566,2,109.7275434,64.995,216650,0,"{""601288.SH"": 13817.4588, ""601398.SH"": 10500.0}",0.0126197319,-0.02867951395
2024-06-11,V25 rel_mom_ind_250d Top2,115018.0807,115192.8032,279.2774566,2,109.7275434,64.995,216650,0,"{""601288.SH"": 13817.4588, ""601398.SH"": 10500.0}",-0.01779284286,-0.04596206673
2024-06-12,V25 rel_mom_ind_250d Top2,114459.9061,114634.6287,279.2774566,2,109.7275434,64.995,216650,0,"{""601288.SH"": 13817.4588, ""601398.SH"": 10500.0}",-0.004852929076,-0.05059194515
2024-06-13,V25 rel_mom_ind_250d Top2,115603.9536,115778.6762,279.2774566,2,109.7275434,64.995,216650,0,"{""601288.SH"": 13817.4588, ""601398.SH"": 10500.0}",0.009995181436,-0.04110243939
2024-06-14,V25 rel_mom_ind_250d Top2,116753.4774,116928.2,279.2774566,2,109.7275434,64.995,216650,0,"{""601288.SH"": 13817.4588, ""601398.SH"": 10500.0}",0.009943637117,-0.03156751001
2024-06-17,V25 rel_mom_ind_250d Top2,114913.0807,115087.8032,279.2774566,2,109.7275434,64.995,216650,0,"{""601288.SH"": 13817.4588, ""601398.SH"": 10500.0}",-0.0157630997,-0.04683300791
2024-06-18,V25 rel_mom_ind_250d Top2,115261.2553,115435.9778,279.2774566,2,109.7275434,64.995,216650,0,"{""601288.SH"": 13817.4588, ""601398.SH"": 10500.0}",0.003029895169,-0.04394501184
2024-06-19,V25 rel_mom_ind_250d Top2,116338.9536,116513.6762,279.2774566,2,109.7275434,64.995,216650,0,"{""601288.SH"": 13817.4588, ""601398.SH"": 10500.0}",0.00935004872,-0.03500585112
2024-06-20,V25 rel_mom_ind_250d Top2,116825.3028,117000.0254,279.2774566,2,109.7275434,64.995,216650,0,"{""601288.SH"": 13817.4588, ""601398.SH"": 10500.0}",0.004180449978,-0.03097174136
2024-06-21,V25 rel_mom_ind_250d Top2,116029.4299,116204.1524,279.2774566,2,109.7275434,64.995,216650,0,"{""601288.SH"": 13817.4588, ""601398.SH"": 10500.0}",-0.006812504837,-0.03757325105
2024-06-24,V25 rel_mom_ind_250d Top2,117488.4774,117663.2,279.2774566,2,109.7275434,64.995,216650,0,"{""601288.SH"": 13817.4588, ""601398.SH"": 10500.0}",0.01257480564,-0.02547092175
2024-06-25,V25 rel_mom_ind_250d Top2,117952.6401,118127.3626,279.2774566,2,109.7275434,64.995,216650,0,"{""601288.SH"": 13819.4209, ""601398.SH"": 10500.4696}",0.00395070782,-0.0216208421
2024-06-26,V25 rel_mom_ind_250d Top2,118541.3988,118716.1213,279.2774566,2,109.7275434,64.995,216650,0,"{""601288.SH"": 13819.4209, ""601398.SH"": 10500.0}",0.00499148405,-0.01673727814
2024-06-27,V25 rel_mom_ind_250d Top2,119829.1756,120003.8982,279.2774566,2,109.7275434,64.995,216650,0,"{""601288.SH"": 13819.4209, ""601398.SH"": 10500.0}",0.01086351982,-0.006055584072
2024-06-28,V25 rel_mom_ind_250d Top2,120381.9524,120556.675,279.2774566,2,109.7275434,64.995,216650,0,"{""601288.SH"": 13819.4209, ""601398.SH"": 10500.0}",0.004613040455,-0.001470478272
2024-07-01,V25 rel_mom_ind_250d Top2,122747.5061,122922.2287,279.2774566,2,109.7275434,64.995,216650,0,"{""601288.SH"": 13819.4209, ""601398.SH"": 10500.0}",0.01965040126,0
2024-07-02,V25 rel_mom_ind_250d Top2,124969.0455,125242.7823,135.2632196,2,172.0622804,101.6745,338915,0,"{""601288.SH"": 13819.4209, ""601939.SH"": 8100.0}",0.01809844862,0
2024-07-03,V25 rel_mom_ind_250d Top2,123825.4629,124099.1997,135.2632196,2,172.0622804,101.6745,338915,0,"{""601288.SH"": 13819.4209, ""601939.SH"": 8100.0}",-0.009150927104,-0.009150927104
2024-07-04,V25 rel_mom_ind_250d Top2,125026.2398,125299.9765,135.2632196,2,172.0622804,101.6745,338915,0,"{""601288.SH"": 13819.4209, ""601939.SH"": 8100.0}",0.009697333702,0
2024-07-05,V25 rel_mom_ind_250d Top2,123005.8803,123279.6171,135.2632196,2,172.0622804,101.6745,338915,0,"{""601288.SH"": 13819.4209, ""601939.SH"": 8100.0}",-0.01615948352,-0.01615948352
2024-07-08,V25 rel_mom_ind_250d Top2,124368.6571,124642.3939,135.2632196,2,172.0622804,101.6745,338915,0,"{""601288.SH"": 13819.4209, ""601939.SH"": 8100.0}",0.01107895681,-0.005259556933
2024-07-09,V25 rel_mom_ind_250d Top2,124864.2398,125137.9765,135.2632196,2,172.0622804,101.6745,338915,0,"{""601288.SH"": 13819.4209, ""601939.SH"": 8100.0}",0.003984787144,-0.001295728003
2024-07-10,V25 rel_mom_ind_250d Top2,125707.6282,125981.365,135.2632196,2,172.0622804,101.6745,338915,0,"{""601288.SH"": 13819.4209, ""601939.SH"": 8100.0}",0.006754443218,0
2024-07-11,V25 rel_mom_ind_250d Top2,124749.8513,125023.5881,135.2632196,2,172.0622804,101.6745,338915,0,"{""601288.SH"": 13819.4209, ""601939.SH"": 8100.0}",-0.007619082857,-0.007619082857
2024-07-12,V25 rel_mom_ind_250d Top2,126678.1812,126951.9179,135.2632196,2,172.0622804,101.6745,338915,0,"{""601288.SH"": 13819.4209, ""601939.SH"": 8544.5837}",0.01545757212,0
2024-07-15,V25 rel_mom_ind_250d Top2,130216.3201,130490.0569,135.2632196,2,172.0622804,101.6745,338915,0,"{""601288.SH"": 13819.4209, ""601939.SH"": 8544.5837}",0.02793013673,0
2024-07-16,V25 rel_mom_ind_250d Top2,129821.7884,130095.5251,135.2632196,2,172.0622804,101.6745,338915,0,"{""601288.SH"": 13819.4209, ""601939.SH"": 8544.5837}",-0.003029817766,-0.003029817766
2024-07-17,V25 rel_mom_ind_250d Top2,130045.4284,130319.1652,135.2632196,2,172.0622804,101.6745,338915,0,"{""601288.SH"": 13819.4209, ""601939.SH"": 8544.5837}",0.001722669581,-0.00131236756
2024-07-18,V25 rel_mom_ind_250d Top2,130387.2118,130660.9485,135.2632196,2,172.0622804,101.6745,338915,0,"{""601288.SH"": 13819.4209, ""601939.SH"": 8544.5837}",0.002628184263,0
2024-07-19,V25 rel_mom_ind_250d Top2,129736.3425,130010.0793,135.2632196,2,172.0622804,101.6745,338915,0,"{""601288.SH"": 13819.4209, ""601939.SH"": 8544.5837}",-0.004991818005,-0.004991818005
2024-07-22,V25 rel_mom_ind_250d Top2,127743.633,128017.3698,135.2632196,2,172.0622804,101.6745,338915,0,"{""601288.SH"": 13819.4209, ""601939.SH"": 8544.5837}",-0.01535968617,-0.02027483142
2024-07-23,V25 rel_mom_ind_250d Top2,130407.2627,130680.9994,135.2632196,2,172.0622804,101.6745,338915,0,"{""601288.SH"": 13819.4209, ""601939.SH"": 8544.5837}",0.02085136911,0
2024-07-24,V25 rel_mom_ind_250d Top2,130907.2911,131181.0279,135.2632196,2,172.0622804,101.6745,338915,0,"{""601288.SH"": 13819.4209, ""601939.SH"": 8544.5837}",0.003834360548,0
2024-07-25,V25 rel_mom_ind_250d Top2,130301.7659,130575.5027,135.2632196,2,172.0622804,101.6745,338915,0,"{""601288.SH"": 13819.4209, ""601939.SH"": 8544.5837}",-0.004625603365,-0.004625603365
2024-07-26,V25 rel_mom_ind_250d Top2,127381.7988,127655.5355,135.2632196,2,172.0622804,101.6745,338915,0,"{""601288.SH"": 13819.4209, ""601939.SH"": 8544.5837}",-0.0224092677,-0.02693121468
2024-07-29,V25 rel_mom_ind_250d Top2,129683.5942,129957.3309,135.2632196,2,172.0622804,101.6745,338915,0,"{""601288.SH"": 13819.4209, ""601939.SH"": 8544.5837}",0.01807004934,-0.009347813721
2024-07-30,V25 rel_mom_ind_250d Top2,129769.04,130042.7768,135.2632196,2,172.0622804,101.6745,338915,0,"{""601288.SH"": 13819.4209, ""601939.SH"": 8544.5837}",0.0006588793105,-0.008695093491
2024-07-31,V25 rel_mom_ind_250d Top2,127138.1078,127411.8446,135.2632196,2,172.0622804,101.6745,338915,0,"{""601288.SH"": 13819.4209, ""601939.SH"": 8544.5837}",-0.02027395886,-0.02879276838
2024-08-01,V25 rel_mom_ind_250d Top2,128032.668,128306.4048,135.2632196,2,172.0622804,101.6745,338915,0,"{""601288.SH"": 13819.4209, ""601939.SH"": 8544.5837}",0.007036129439,-0.02195922859
2024-08-02,V25 rel_mom_ind_250d Top2,128361.8987,128738.9015,9.591708683,2,237.0759926,139.9267783,466422.5945,0,"{""601288.SH"": 13819.4209, ""601398.SH"": 10900.0}",0.002571458971,-0.01944423687
2024-08-05,V25 rel_mom_ind_250d Top2,127976.5103,128353.5131,9.591708683,2,237.0759926,139.9267783,466422.5945,0,"{""601288.SH"": 13819.4209, ""601398.SH"": 10900.0}",-0.003002358341,-0.02238821665
2024-08-06,V25 rel_mom_ind_250d Top2,126384.3451,126761.3478,9.591708683,2,237.0759926,139.9267783,466422.5945,0,"{""601288.SH"": 13819.4209, ""601398.SH"": 10900.0}",-0.01244107413,-0.03455075732
2024-08-07,V25 rel_mom_ind_250d Top2,126325.9567,126702.9594,9.591708683,2,237.0759926,139.9267783,466422.5945,0,"{""601288.SH"": 13819.4209, ""601398.SH"": 10900.0}",-0.0004619909004,-0.03499678608
2024-08-08,V25 rel_mom_ind_250d Top2,127147.3451,127524.3478,9.591708683,2,237.0759926,139.9267783,466422.5945,0,"{""601288.SH"": 13819.4209, ""601398.SH"": 10900.0}",0.006502134946,-0.02872220496
2024-08-09,V25 rel_mom_ind_250d Top2,128245.1219,128622.1247,9.591708683,2,237.0759926,139.9267783,466422.5945,-1.455191523e-11,"{""601288.SH"": 13819.4209, ""601398.SH"": 10900.0}",0.008633895061,-0.0203362944
2024-08-12,V25 rel_mom_ind_250d Top2,129422.7045,129799.7073,9.591708683,2,237.0759926,139.9267783,466422.5945,0,"{""601288.SH"": 13819.4209, ""601398.SH"": 10900.0}",0.009182280063,-0.01134074789
2024-08-13,V25 rel_mom_ind_250d Top2,129808.093,130185.0957,9.591708683,2,237.0759926,139.9267783,466422.5945,0,"{""601288.SH"": 13819.4209, ""601398.SH"": 10900.0}",0.002977749683,-0.008396768117
2024-08-14,V25 rel_mom_ind_250d Top2,130026.093,130403.0957,9.591708683,2,237.0759926,139.9267783,466422.5945,0,"{""601288.SH"": 13819.4209, ""601398.SH"": 10900.0}",0.001679402224,-0.006731467444
2024-08-15,V25 rel_mom_ind_250d Top2,130629.4814,131006.4841,9.591708683,2,237.0759926,139.9267783,466422.5945,-1.455191523e-11,"{""601288.SH"": 13819.4209, ""601398.SH"": 10900.0}",0.004640517943,-0.002122186997
2024-08-16,V25 rel_mom_ind_250d Top2,132716.035,133093.0378,9.591708683,2,237.0759926,139.9267783,466422.5945,0,"{""601288.SH"": 13819.4209, ""601398.SH"": 10900.0}",0.01597306862,0
2024-08-19,V25 rel_mom_ind_250d Top2,135929.5598,136306.5625,9.591708683,2,237.0759926,139.9267783,466422.5945,0,"{""601288.SH"": 13819.4209, ""601398.SH"": 10900.0}",0.02421353766,0
2024-08-20,V25 rel_mom_ind_250d Top2,137652.1424,138029.1452,9.591708683,2,237.0759926,139.9267783,466422.5945,0,"{""601288.SH"": 13819.4209, ""601398.SH"": 10900.0}",0.01267261241,0
2024-08-21,V25 rel_mom_ind_250d Top2,135980.1713,136357.1741,9.591708683,2,237.0759926,139.9267783,466422.5945,0,"{""601288.SH"": 13819.4209, ""601398.SH"": 10900.0}",-0.01214634959,-0.01214634959
2024-08-22,V25 rel_mom_ind_250d Top2,137840.9482,138217.9509,9.591708683,2,237.0759926,139.9267783,466422.5945,0,"{""601288.SH"": 13819.4209, ""601398.SH"": 10900.0}",0.01368417775,0
2024-08-23,V25 rel_mom_ind_250d Top2,138415.1424,138792.1452,9.591708683,2,237.0759926,139.9267783,466422.5945,0,"{""601288.SH"": 13819.4209, ""601398.SH"": 10900.0}",0.004165628692,0
2024-08-26,V25 rel_mom_ind_250d Top2,138088.1424,138465.1452,9.591708683,2,237.0759926,139.9267783,466422.5945,0,"{""601288.SH"": 13819.4209, ""601398.SH"": 10900.0}",-0.002362458286,-0.002362458286
2024-08-27,V25 rel_mom_ind_250d Top2,140007.3076,140384.3104,9.591708683,2,237.0759926,139.9267783,466422.5945,0,"{""601288.SH"": 13819.4209, ""601398.SH"": 10900.0}",0.01389811767,0
2024-08-28,V25 rel_mom_ind_250d Top2,139018.5308,139395.5336,9.591708683,2,237.0759926,139.9267783,466422.5945,0,"{""601288.SH"": 13819.4209, ""601398.SH"": 10900.0}",-0.007062323042,-0.007062323042
2024-08-29,V25 rel_mom_ind_250d Top2,132897.064,133274.0668,9.591708683,2,237.0759926,139.9267783,466422.5945,0,"{""601288.SH"": 13819.4209, ""601398.SH"": 10900.0}",-0.04403345917,-0.0507848037
2024-08-30,V25 rel_mom_ind_250d Top2,127655.374,128032.3768,9.591708683,2,237.0759926,139.9267783,466422.5945,0,"{""601288.SH"": 13819.4209, ""601398.SH"": 10900.0}",-0.03944172886,-0.0882234921
2024-09-02,V25 rel_mom_ind_250d Top2,129568.6756,129945.6784,9.591708683,2,237.0759926,139.9267783,466422.5945,0,"{""601288.SH"": 13819.4209, ""601398.SH"": 10900.0}",0.01498802195,-0.07455776579
2024-09-03,V25 rel_mom_ind_250d Top2,124869.0187,125350.6,126.0132415,2,302.9385598,178.6426783,595475.5945,0,"{""601288.SH"": 13819.4209, ""601988.SH"": 13200.0}",-0.03627155119,-0.1081249912
2024-09-04,V25 rel_mom_ind_250d Top2,125157.7956,125639.3768,126.0132415,2,302.9385598,178.6426783,595475.5945,0,"{""601288.SH"": 13819.4209, ""601988.SH"": 13200.0}",0.002312637976,-0.1060624072
2024-09-05,V25 rel_mom_ind_250d Top2,124485.4072,124966.9884,126.0132415,2,302.9385598,178.6426783,595475.5945,0,"{""601288.SH"": 13819.4209, ""601988.SH"": 13200.0}",-0.005372325506,-0.1108649309
2024-09-06,V25 rel_mom_ind_250d Top2,124755.6014,125237.1826,126.0132415,2,302.9385598,178.6426783,595475.5945,0,"{""601288.SH"": 13819.4209, ""601988.SH"": 13200.0}",0.002170489015,-0.108935073
2024-09-09,V25 rel_mom_ind_250d Top2,124365.7956,124847.3768,126.0132415,2,302.9385598,178.6426783,595475.5945,0,"{""601288.SH"": 13819.4209, ""601988.SH"": 13200.0}",-0.003124555427,-0.1117192547
2024-09-10,V25 rel_mom_ind_250d Top2,127055.3492,127536.9305,126.0132415,2,302.9385598,178.6426783,595475.5945,0,"{""601288.SH"": 13819.4209, ""601988.SH"": 13200.0}",0.02162615257,-0.09250915982
2024-09-11,V25 rel_mom_ind_250d Top2,122876.6303,123358.2116,126.0132415,2,302.9385598,178.6426783,595475.5945,0,"{""601288.SH"": 13819.4209, ""601988.SH"": 13200.0}",-0.0328889649,-0.1223555942
2024-09-12,V25 rel_mom_ind_250d Top2,123153.0187,123634.6,126.0132415,2,302.9385598,178.6426783,595475.5945,0,"{""601288.SH"": 13819.4209, ""601988.SH"": 13200.0}",0.002249316381,-0.1203814943
2024-09-13,V25 rel_mom_ind_250d Top2,121940.2419,122421.8231,126.0132415,2,302.9385598,178.6426783,595475.5945,0,"{""601288.SH"": 13819.4209, ""601988.SH"": 13200.0}",-0.00984772316,-0.1290437338
2024-09-18,V25 rel_mom_ind_250d Top2,123693.4072,124174.9884,126.0132415,2,302.9385598,178.6426783,595475.5945,0,"{""601288.SH"": 13819.4209, ""601988.SH"": 13200.0}",0.01437724926,-0.1165217785
2024-09-19,V25 rel_mom_ind_250d Top2,123165.4072,123646.9884,126.0132415,2,302.9385598,178.6426783,595475.5945,0,"{""601288.SH"": 13819.4209, ""601988.SH"": 13200.0}",-0.004268618774,-0.1202930102
2024-09-20,V25 rel_mom_ind_250d Top2,124114.184,124595.7652,126.0132415,2,302.9385598,178.6426783,595475.5945,0,"{""601288.SH"": 13819.4209, ""601988.SH"": 13200.0}",0.007703273644,-0.1135163865
2024-09-23,V25 rel_mom_ind_250d Top2,125879.7377,126361.3189,126.0132415,2,302.9385598,178.6426783,595475.5945,0,"{""601288.SH"": 13819.4209, ""601988.SH"": 13200.0}",0.0142252369,-0.1009059471
2024-09-24,V25 rel_mom_ind_250d Top2,131139.2334,131620.8146,126.0132415,2,302.9385598,178.6426783,595475.5945,0,"{""601288.SH"": 13819.4209, ""601988.SH"": 13200.0}",0.0417819091,-0.06334008112
2024-09-25,V25 rel_mom_ind_250d Top2,131692.0102,132173.5915,126.0132415,2,302.9385598,178.6426783,595475.5945,0,"{""601288.SH"": 13819.4209, ""601988.SH"": 13200.0}",0.004215190377,-0.05939188125
2024-09-26,V25 rel_mom_ind_250d Top2,133570.9813,134052.5625,126.0132415,2,302.9385598,178.6426783,595475.5945,0,"{""601288.SH"": 13819.4209, ""601988.SH"": 13200.0}",0.01426791982,-0.04597136002
2024-09-27,V25 rel_mom_ind_250d Top2,129361.2913,129842.8726,126.0132415,2,302.9385598,178.6426783,595475.5945,0,"{""601288.SH"": 13819.4209, ""601988.SH"": 13200.0}",-0.031516501,-0.07603900461
2024-09-30,V25 rel_mom_ind_250d Top2,132459.2334,132940.8146,126.0132415,2,302.9385598,178.6426783,595475.5945,0,"{""601288.SH"": 13819.4209, ""601988.SH"": 13200.0}",0.02394798363,-0.05391200182
2024-10-08,V25 rel_mom_ind_250d Top2,131510.4566,131992.0378,126.0132415,2,302.9385598,178.6426783,595475.5945,0,"{""601288.SH"": 13819.4209, ""601988.SH"": 13200.0}",-0.007162783676,-0.06068862549
2024-10-09,V25 rel_mom_ind_250d Top2,128154.7087,128636.2899,126.0132415,2,302.9385598,178.6426783,595475.5945,0,"{""601288.SH"": 13819.4209, ""601988.SH"": 13200.0}",-0.02551696622,-0.0846570021
2024-10-10,V25 rel_mom_ind_250d Top2,132867.6218,133349.2031,126.0132415,2,302.9385598,178.6426783,595475.5945,0,"{""601288.SH"": 13819.4209, ""601988.SH"": 13200.0}",0.03677518507,-0.05099509395
2024-10-11,V25 rel_mom_ind_250d Top2,133137.816,133619.3973,126.0132415,2,302.9385598,178.6426783,595475.5945,0,"{""601288.SH"": 13819.4209, ""601988.SH"": 13200.0}",0.002033559455,-0.04906523605
2024-10-14,V25 rel_mom_ind_250d Top2,137485.7002,137967.2814,126.0132415,2,302.9385598,178.6426783,595475.5945,0,"{""601288.SH"": 13819.4209, ""601988.SH"": 13200.0}",0.03265701889,-0.0180105415
2024-10-15,V25 rel_mom_ind_250d Top2,134381.5639,134863.1452,126.0132415,2,302.9385598,178.6426783,595475.5945,0,"{""601288.SH"": 13819.4209, ""601988.SH"": 13200.0}",-0.02257788476,-0.04018178633
2024-10-16,V25 rel_mom_ind_250d Top2,136819.506,137301.0872,126.0132415,2,302.9385598,178.6426783,595475.5945,0,"{""601288.SH"": 13819.4209, ""601988.SH"": 13200.0}",0.01814193864,-0.02276882319
2024-10-17,V25 rel_mom_ind_250d Top2,135606.7292,136088.3104,126.0132415,2,302.9385598,178.6426783,595475.5945,0,"{""601288.SH"": 13819.4209, ""601988.SH"": 13200.0}",-0.008864063833,-0.03143106272
2024-10-18,V25 rel_mom_ind_250d Top2,135330.3408,135811.922,126.0132415,2,302.9385598,178.6426783,595475.5945,0,"{""601288.SH"": 13819.4209, ""601988.SH"": 13200.0}",-0.002038161521,-0.03340516266
2024-10-21,V25 rel_mom_ind_250d Top2,132352.0102,132833.5915,126.0132415,2,302.9385598,178.6426783,595475.5945,0,"{""601288.SH"": 13819.4209, ""601988.SH"": 13200.0}",-0.02200785491,-0.05467784159
2024-10-22,V25 rel_mom_ind_250d Top2,132496.3987,132977.9799,126.0132415,2,302.9385598,178.6426783,595475.5945,0,"{""601288.SH"": 13819.4209, ""601988.SH"": 13200.0}",0.001090942382,-0.05364654959
2024-10-23,V25 rel_mom_ind_250d Top2,132622.2045,133103.7857,126.0132415,2,302.9385598,178.6426783,595475.5945,0,"{""601288.SH"": 13819.4209, ""601988.SH"": 13200.0}",0.0009495034777,-0.05274798369
2024-10-24,V25 rel_mom_ind_250d Top2,132766.5929,133248.1741,126.0132415,2,302.9385598,178.6426783,595475.5945,0,"{""601288.SH"": 13819.4209, ""601988.SH"": 13200.0}",0.001088719781,-0.05171669169
2024-10-25,V25 rel_mom_ind_250d Top2,131547.6218,132029.2031,126.0132415,2,302.9385598,178.6426783,595475.5945,0,"{""601288.SH"": 13819.4209, ""601988.SH"": 13200.0}",-0.009181308468,-0.06042317326
2024-10-28,V25 rel_mom_ind_250d Top2,130322.4566,130804.0378,126.0132415,2,302.9385598,178.6426783,595475.5945,0,"{""601288.SH"": 13819.4209, ""601988.SH"": 13200.0}",-0.009313473213,-0.06917389686
2024-10-29,V25 rel_mom_ind_250d Top2,131001.0392,131482.6204,126.0132415,2,302.9385598,178.6426783,595475.5945,0,"{""601288.SH"": 13819.4209, ""601988.SH"": 13200.0}",0.00520695085,-0.06432713109
2024-10-30,V25 rel_mom_ind_250d Top2,128971.4855,129453.0668,126.0132415,2,302.9385598,178.6426783,595475.5945,0,"{""601288.SH"": 13819.4209, ""601988.SH"": 13200.0}",-0.0154926532,-0.07882318636
2024-10-31,V25 rel_mom_ind_250d Top2,129115.874,129597.4552,126.0132415,2,302.9385598,178.6426783,595475.5945,0,"{""601288.SH"": 13819.4209, ""601988.SH"": 13200.0}",0.001119537522,-0.07779189435
2024-11-01,V25 rel_mom_ind_250d Top2,130598.845,131080.4262,126.0132415,2,302.9385598,178.6426783,595475.5945,0,"{""601288.SH"": 13819.4209, ""601988.SH"": 13200.0}",0.01148558266,-0.06719979692
2024-11-04,V25 rel_mom_ind_250d Top2,130409.8855,131001.4262,466.0537445,2,374.0180567,217.5226783,725075.5945,0,"{""601288.SH"": 13719.4209, ""601398.SH"": 10500.0}",-0.001446869587,-0.06854943717
2024-11-05,V25 rel_mom_ind_250d Top2,130894.2739,131485.8146,466.0537445,2,374.0180567,217.5226783,725075.5945,0,"{""601288.SH"": 13719.4209, ""601398.SH"": 10500.0}",0.003714353521,-0.06508970049
2024-11-06,V25 rel_mom_ind_250d Top2,129852.6913,130444.232,466.0537445,2,374.0180567,217.5226783,725075.5945,0,"{""601288.SH"": 13719.4209, ""601398.SH"": 10500.0}",-0.007957434614,-0.07252918807
2024-11-07,V25 rel_mom_ind_250d Top2,130894.2739,131485.8146,466.0537445,2,374.0180567,217.5226783,725075.5945,0,"{""601288.SH"": 13719.4209, ""601398.SH"": 10500.0}",0.008021263292,-0.06508970049
2024-11-08,V25 rel_mom_ind_250d Top2,129925.4971,130517.0378,466.0537445,2,374.0180567,217.5226783,725075.5945,0,"{""601288.SH"": 13719.4209, ""601398.SH"": 10500.0}",-0.007401216308,-0.07200917385
2024-11-11,V25 rel_mom_ind_250d Top2,128230.1376,128821.6784,466.0537445,2,374.0180567,217.5226783,725075.5945,0,"{""601288.SH"": 13719.4209, ""601398.SH"": 10500.0}",-0.01304870483,-0.08411825222
2024-11-12,V25 rel_mom_ind_250d Top2,127261.3608,127852.9015,466.0537445,2,374.0180567,217.5226783,725075.5945,0,"{""601288.SH"": 13719.4209, ""601398.SH"": 10500.0}",-0.007554985534,-0.09103772557
2024-11-13,V25 rel_mom_ind_250d Top2,127818.555,128410.0957,466.0537445,2,374.0180567,217.5226783,725075.5945,0,"{""601288.SH"": 13719.4209, ""601398.SH"": 10500.0}",0.004378345519,-0.08705797467
2024-11-14,V25 rel_mom_ind_250d Top2,128545.1376,129136.6784,466.0537445,2,374.0180567,217.5226783,725075.5945,0,"{""601288.SH"": 13719.4209, ""601398.SH"": 10500.0}",0.005684484746,-0.08186836966
2024-11-15,V25 rel_mom_ind_250d Top2,128472.3318,129063.8726,466.0537445,2,374.0180567,217.5226783,725075.5945,0,"{""601288.SH"": 13719.4209, ""601398.SH"": 10500.0}",-0.0005663830827,-0.08238838388
2024-11-18,V25 rel_mom_ind_250d Top2,131314.2739,131905.8146,466.0537445,2,374.0180567,217.5226783,725075.5945,0,"{""601288.SH"": 13719.4209, ""601398.SH"": 10500.0}",0.02212104386,-0.06208985708
2024-11-19,V25 rel_mom_ind_250d Top2,130208.3029,130799.8436,466.0537445,2,374.0180567,217.5226783,725075.5945,0,"{""601288.SH"": 13719.4209, ""601398.SH"": 10500.0}",-0.008422321584,-0.06998923792
2024-11-20,V25 rel_mom_ind_250d Top2,130377.6913,130969.232,466.0537445,2,374.0180567,217.5226783,725075.5945,0,"{""601288.SH"": 13719.4209, ""601398.SH"": 10500.0}",0.00130090335,-0.0687793838
2024-11-21,V25 rel_mom_ind_250d Top2,130272.6913,130864.232,466.0537445,2,374.0180567,217.5226783,725075.5945,0,"{""601288.SH"": 13719.4209, ""601398.SH"": 10500.0}",-0.0008053525029,-0.06952934465
2024-11-22,V25 rel_mom_ind_250d Top2,128472.3318,129063.8726,466.0537445,2,374.0180567,217.5226783,725075.5945,0,"{""601288.SH"": 13719.4209, ""601398.SH"": 10500.0}",-0.01381992989,-0.08238838388
2024-11-25,V25 rel_mom_ind_250d Top2,129093.9145,129685.4552,466.0537445,2,374.0180567,217.5226783,725075.5945,0,"{""601288.SH"": 13719.4209, ""601398.SH"": 10500.0}",0.004838260637,-0.07794873972
2024-11-26,V25 rel_mom_ind_250d Top2,131136.4681,131728.0089,466.0537445,2,374.0180567,217.5226783,725075.5945,1.455191523e-11,"{""601288.SH"": 13719.4209, ""601398.SH"": 10500.0}",0.01582223049,-0.06335983215
2024-11-27,V25 rel_mom_ind_250d Top2,131830.8565,132422.3973,466.0537445,2,374.0180567,217.5226783,725075.5945,0,"{""601288.SH"": 13719.4209, ""601398.SH"": 10500.0}",0.005295158756,-0.05840017377
2024-11-28,V25 rel_mom_ind_250d Top2,132000.245,132591.7857,466.0537445,2,374.0180567,217.5226783,725075.5945,0,"{""601288.SH"": 13719.4209, ""601398.SH"": 10500.0}",0.001284892034,-0.05719031965
2024-11-29,V25 rel_mom_ind_250d Top2,131031.4681,131623.0089,466.0537445,2,374.0180567,217.5226783,725075.5945,0,"{""601288.SH"": 13719.4209, ""601398.SH"": 10500.0}",-0.007339204825,-0.06410979301
2024-12-02,V25 rel_mom_ind_250d Top2,130958.6623,131550.2031,466.0537445,2,374.0180567,217.5226783,725075.5945,0,"{""601288.SH"": 13719.4209, ""601398.SH"": 10500.0}",-0.0005556359274,-0.06462980723
2024-12-03,V25 rel_mom_ind_250d Top2,132748.4422,133350.5625,323.4741763,2,384.269425,217.8508783,726169.5945,0,"{""601288.SH"": 13619.4209, ""601398.SH"": 10600.0}",0.01366675454,-0.0518463324
2024-12-04,V25 rel_mom_ind_250d Top2,133550.8306,134152.9509,323.4741763,2,384.269425,217.8508783,726169.5945,0,"{""601288.SH"": 13619.4209, ""601398.SH"": 10600.0}",0.006044428122,-0.04611528571
2024-12-05,V25 rel_mom_ind_250d Top2,133687.0249,134289.1452,323.4741763,2,384.269425,217.8508783,726169.5945,0,"{""601288.SH"": 13619.4209, ""601398.SH"": 10600.0}",0.001019793048,-0.04514252071
2024-12-06,V25 rel_mom_ind_250d Top2,134731.6075,135333.7278,323.4741763,2,384.269425,217.8508783,726169.5945,0,"{""601288.SH"": 13619.4209, ""601398.SH"": 10600.0}",0.007813642552,-0.03768160568
2024-12-09,V25 rel_mom_ind_250d Top2,135548.7727,136150.893,323.4741763,2,384.269425,217.8508783,726169.5945,0,"{""601288.SH"": 13619.4209, ""601398.SH"": 10600.0}",0.006065133991,-0.03184501568
2024-12-10,V25 rel_mom_ind_250d Top2,137153.5496,137755.6699,323.4741763,2,384.269425,217.8508783,726169.5945,0,"{""601288.SH"": 13619.4209, ""601398.SH"": 10600.0}",0.01183911003,-0.02038292229
2024-12-11,V25 rel_mom_ind_250d Top2,134897.9959,135500.1162,323.4741763,2,384.269425,217.8508783,726169.5945,0,"{""601288.SH"": 13619.4209, ""601398.SH"": 10600.0}",-0.01644546333,-0.03649317902
2024-12-12,V25 rel_mom_ind_250d Top2,136881.1611,137483.2814,323.4741763,2,384.269425,217.8508783,726169.5945,0,"{""601288.SH"": 13619.4209, ""601398.SH"": 10600.0}",0.01470122102,-0.02232845229
2024-12-13,V25 rel_mom_ind_250d Top2,136154.5785,136756.6988,323.4741763,2,384.269425,217.8508783,726169.5945,0,"{""601288.SH"": 13619.4209, ""601398.SH"": 10600.0}",-0.005308127283,-0.02751805731
2024-12-16,V25 rel_mom_ind_250d Top2,139136.7148,139738.8351,323.4741763,2,384.269425,217.8508783,726169.5945,0,"{""601288.SH"": 13619.4209, ""601398.SH"": 10600.0}",0.02190257814,-0.006218195565
2024-12-17,V25 rel_mom_ind_250d Top2,138788.5206,139390.6409,323.4741763,2,384.269425,217.8508783,726169.5945,0,"{""601288.SH"": 13619.4209, ""601398.SH"": 10600.0}",-0.002502532916,-0.008705167243
2024-12-18,V25 rel_mom_ind_250d Top2,139636.5206,140238.6409,323.4741763,2,384.269425,217.8508783,726169.5945,0,"{""601288.SH"": 13619.4209, ""601398.SH"": 10600.0}",0.006110015413,-0.002648340536
2024-12-19,V25 rel_mom_ind_250d Top2,137759.3554,138361.4757,323.4741763,2,384.269425,217.8508783,726169.5945,0,"{""601288.SH"": 13619.4209, ""601398.SH"": 10600.0}",-0.01344322563,-0.01605596392
2024-12-20,V25 rel_mom_ind_250d Top2,138183.3554,138785.4757,323.4741763,2,384.269425,217.8508783,726169.5945,0,"{""601288.SH"": 13619.4209, ""601398.SH"": 10600.0}",0.003077830895,-0.01302755057
2024-12-23,V25 rel_mom_ind_250d Top2,142028.2685,142630.3888,323.4741763,2,384.269425,217.8508783,726169.5945,0,"{""601288.SH"": 13619.4209, ""601398.SH"": 10600.0}",0.0278247197,0
2024-12-24,V25 rel_mom_ind_250d Top2,143693.4337,144295.554,323.4741763,2,384.269425,217.8508783,726169.5945,0,"{""601288.SH"": 13619.4209, ""601398.SH"": 10600.0}",0.01172418188,0
2024-12-25,V25 rel_mom_ind_250d Top2,146206.599,146808.7193,323.4741763,2,384.269425,217.8508783,726169.5945,0,"{""601288.SH"": 13619.4209, ""601398.SH"": 10600.0}",0.01748977101,0
2024-12-26,V25 rel_mom_ind_250d Top2,145964.4048,146566.5251,323.4741763,2,384.269425,217.8508783,726169.5945,0,"{""601288.SH"": 13619.4209, ""601398.SH"": 10600.0}",-0.001656520365,-0.001656520365
2024-12-27,V25 rel_mom_ind_250d Top2,145994.599,146596.7193,323.4741763,2,384.269425,217.8508783,726169.5945,0,"{""601288.SH"": 13619.4209, ""601398.SH"": 10600.0}",0.0002068600816,-0.001450002951
2024-12-30,V25 rel_mom_ind_250d Top2,147129.7642,147731.8845,323.4741763,2,384.269425,217.8508783,726169.5945,0,"{""601288.SH"": 13619.4209, ""601398.SH"": 10600.0}",0.007775392103,0
2024-12-31,V25 rel_mom_ind_250d Top2,146403.1816,147005.3019,323.4741763,2,384.269425,217.8508783,726169.5945,0,"{""601288.SH"": 13619.4209, ""601398.SH"": 10600.0}",-0.004938379599,-0.004938379599
2025-01-02,V25 rel_mom_ind_250d Top2,143224.4627,143826.583,323.4741763,2,384.269425,217.8508783,726169.5945,0,"{""601288.SH"": 13619.4209, ""601398.SH"": 10600.0}",-0.02171208909,-0.02654324615
2025-01-03,V25 rel_mom_ind_250d Top2,141589.4917,142191.612,323.4741763,2,384.269425,217.8508783,726169.5945,0,"{""601288.SH"": 13619.4209, ""601398.SH"": 10600.0}",-0.01141544547,-0.03765568863
2025-01-06,V25 rel_mom_ind_250d Top2,142558.2685,143160.3888,323.4741763,2,384.269425,217.8508783,726169.5945,0,"{""601288.SH"": 13619.4209, ""601398.SH"": 10600.0}",0.00684215208,-0.0310711825
2025-01-07,V25 rel_mom_ind_250d Top2,144379.0517,144981.172,323.4741763,2,384.269425,217.8508783,726169.5945,0,"{""601288.SH"": 13619.4209, ""601398.SH"": 10824.727}",0.01277220382,-0.01869582616
2025-01-08,V25 rel_mom_ind_250d Top2,145693.2517,146295.372,323.4741763,2,384.269425,217.8508783,726169.5945,0,"{""601288.SH"": 13937.1859, ""601398.SH"": 10824.727}",0.009102428058,-0.009763575511
2025-01-09,V25 rel_mom_ind_250d Top2,144594.5279,145196.6482,323.4741763,2,384.269425,217.8508783,726169.5945,0,"{""601288.SH"": 13937.1859, ""601398.SH"": 10824.727}",-0.00754134988,-0.01723129485
2025-01-10,V25 rel_mom_ind_250d Top2,143604.0514,144206.1717,323.4741763,2,384.269425,217.8508783,726169.5945,0,"{""601288.SH"": 13937.1859, ""601398.SH"": 10824.727}",-0.006850027662,-0.02396328767
2025-01-13,V25 rel_mom_ind_250d Top2,141870.7175,142472.8378,323.4741763,2,384.269425,217.8508783,726169.5945,0,"{""601288.SH"": 13937.1859, ""601398.SH"": 10824.727}",-0.01207022982,-0.0357442751
2025-01-14,V25 rel_mom_ind_250d Top2,142257.7085,142859.8288,323.4741763,2,384.269425,217.8508783,726169.5945,0,"{""601288.SH"": 13937.1859, ""601398.SH"": 10824.727}",0.002727772119,-0.03311400521
2025-01-15,V25 rel_mom_ind_250d Top2,142752.9467,143355.067,323.4741763,2,384.269425,217.8508783,726169.5945,0,"{""601288.SH"": 13937.1859, ""601398.SH"": 10824.727}",0.003481275379,-0.02974800881
2025-01-16,V25 rel_mom_ind_250d Top2,143712.2986,144314.4189,323.4741763,2,384.269425,217.8508783,726169.5945,0,"{""601288.SH"": 13937.1859, ""601398.SH"": 10824.727}",0.006720365144,-0.02322756114
2025-01-17,V25 rel_mom_ind_250d Top2,142257.7085,142859.8288,323.4741763,2,384.269425,217.8508783,726169.5945,0,"{""601288.SH"": 13937.1859, ""601398.SH"": 10824.727}",-0.01012154283,-0.03311400521
2025-01-20,V25 rel_mom_ind_250d Top2,141267.2319,141869.3522,323.4741763,2,384.269425,217.8508783,726169.5945,0,"{""601288.SH"": 13937.1859, ""601398.SH"": 10824.727}",-0.006962550758,-0.03984599803
2025-01-21,V25 rel_mom_ind_250d Top2,141050.7374,141652.8577,323.4741763,2,384.269425,217.8508783,726169.5945,0,"{""601288.SH"": 13937.1859, ""601398.SH"": 10824.727}",-0.00153251775,-0.04131745108
2025-01-22,V25 rel_mom_ind_250d Top2,138745.0426,139347.1629,323.4741763,2,384.269425,217.8508783,726169.5945,0,"{""601288.SH"": 13937.1859, ""601398.SH"": 10824.727}",-0.01634656355,-0.05698861629
2025-01-23,V25 rel_mom_ind_250d Top2,142938.3167,143540.437,323.4741763,2,384.269425,217.8508783,726169.5945,0,"{""601288.SH"": 13937.1859, ""601398.SH"": 10824.727}",0.03022287522,-0.02848810091
2025-01-24,V25 rel_mom_ind_250d Top2,142767.8202,143369.9405,323.4741763,2,384.269425,217.8508783,726169.5945,0,"{""601288.SH"": 13937.1859, ""601398.SH"": 10824.727}",-0.001192797363,-0.02964691774
2025-01-27,V25 rel_mom_ind_250d Top2,146063.9916,146666.1119,323.4741763,2,384.269425,217.8508783,726169.5945,0,"{""601288.SH"": 13937.1859, ""601398.SH"": 10824.727}",0.02308763525,-0.007243759714
2025-02-05,V25 rel_mom_ind_250d Top2,143123.6866,143725.8069,323.4741763,2,384.269425,217.8508783,726169.5945,0,"{""601288.SH"": 13937.1859, ""601398.SH"": 10824.727}",-0.020130252,-0.02722819301
2025-02-06,V25 rel_mom_ind_250d Top2,142973.6156,143586.4351,477.7750273,2,394.616074,218.2033783,727344.5945,0,"{""601288.SH"": 14037.1859, ""601398.SH"": 10724.727}",-0.00104854068,-0.02824818382
2025-02-07,V25 rel_mom_ind_250d Top2,142692.8719,143305.6914,477.7750273,2,394.616074,218.2033783,727344.5945,0,"{""601288.SH"": 14037.1859, ""601398.SH"": 10724.727}",-0.001963605076,-0.03015632062
2025-02-10,V25 rel_mom_ind_250d Top2,142478.3774,143091.1968,477.7750273,2,394.616074,218.2033783,727344.5945,0,"{""601288.SH"": 14037.1859, ""601398.SH"": 10724.727}",-0.001503190297,-0.03161418023
2025-02-11,V25 rel_mom_ind_250d Top2,145350.4331,145963.2526,477.7750273,2,394.616074,218.2033783,727344.5945,0,"{""601288.SH"": 14037.1859, ""601398.SH"": 10724.727}",0.02015783613,-0.01209361757
2025-02-12,V25 rel_mom_ind_250d Top2,146629.5269,147242.3463,477.7750273,2,394.616074,218.2033783,727344.5945,0,"{""601288.SH"": 14037.1859, ""601398.SH"": 10724.727}",0.008800068294,-0.003399973934
2025-02-13,V25 rel_mom_ind_250d Top2,147553.7542,148166.5737,477.7750273,2,394.616074,218.2033783,727344.5945,0,"{""601288.SH"": 14037.1859, ""601398.SH"": 10724.727}",0.006303146158,0
2025-02-14,V25 rel_mom_ind_250d Top2,148577.3553,149190.1748,477.7750273,2,394.616074,218.2033783,727344.5945,0,"{""601288.SH"": 14037.1859, ""601398.SH"": 10724.727}",0.006937140364,0
2025-02-17,V25 rel_mom_ind_250d Top2,148676.7291,149289.5485,477.7750273,2,394.616074,218.2033783,727344.5945,0,"{""601288.SH"": 14037.1859, ""601398.SH"": 10724.727}",0.0006688352013,0
2025-02-18,V25 rel_mom_ind_250d Top2,150772.8029,151385.6223,477.7750273,2,394.616074,218.2033783,727344.5945,0,"{""601288.SH"": 14037.1859, ""601398.SH"": 10724.727}",0.01409819694,0
2025-02-19,V25 rel_mom_ind_250d Top2,149782.3264,150395.1458,477.7750273,2,394.616074,218.2033783,727344.5945,0,"{""601288.SH"": 14037.1859, ""601398.SH"": 10724.727}",-0.00656933145,-0.00656933145
2025-02-20,V25 rel_mom_ind_250d Top2,150384.8119,150997.6314,477.7750273,2,394.616074,218.2033783,727344.5945,0,"{""601288.SH"": 14037.1859, ""601398.SH"": 10724.727}",0.004022407334,-0.002573348643
2025-02-21,V25 rel_mom_ind_250d Top2,147512.7561,148125.5756,477.7750273,2,394.616074,218.2033783,727344.5945,0,"{""601288.SH"": 14037.1859, ""601398.SH"": 10724.727}",-0.01909804418,-0.0216222469
2025-02-24,V25 rel_mom_ind_250d Top2,146522.2796,147135.0991,477.7750273,2,394.616074,218.2033783,727344.5945,0,"{""601288.SH"": 14037.1859, ""601398.SH"": 10724.727}",-0.006714514337,-0.02819157835
2025-02-25,V25 rel_mom_ind_250d Top2,145779.4222,146392.2417,477.7750273,2,394.616074,218.2033783,727344.5945,0,"{""601288.SH"": 14037.1859, ""601398.SH"": 10724.727}",-0.005069927856,-0.03311857694
2025-02-26,V25 rel_mom_ind_250d Top2,146134.2886,146747.1081,477.7750273,2,394.616074,218.2033783,727344.5945,0,"{""601288.SH"": 14037.1859, ""601398.SH"": 10724.727}",0.002434269486,-0.03076492699
2025-02-27,V25 rel_mom_ind_250d Top2,147232.0124,147844.8319,477.7750273,2,394.616074,218.2033783,727344.5945,0,"{""601288.SH"": 14037.1859, ""601398.SH"": 10724.727}",0.007511746877,-0.02348427846
2025-02-28,V25 rel_mom_ind_250d Top2,146167.4132,146780.2327,477.7750273,2,394.616074,218.2033783,727344.5945,0,"{""601288.SH"": 14037.1859, ""601398.SH"": 10724.727}",-0.007230758992,-0.03054522829
2025-03-03,V25 rel_mom_ind_250d Top2,145672.175,146284.9944,477.7750273,2,394.616074,218.2033783,727344.5945,0,"{""601288.SH"": 14037.1859, ""601398.SH"": 10724.727}",-0.003388157778,-0.03382989402
2025-03-04,V25 rel_mom_ind_250d Top2,144500.3285,145113.1479,477.7750273,2,394.616074,218.2033783,727344.5945,0,"{""601288.SH"": 14037.1859, ""601398.SH"": 10724.727}",-0.008044408401,-0.04160216094
2025-03-05,V25 rel_mom_ind_250d Top2,146588.5288,147201.3482,477.7750273,2,394.616074,218.2033783,727344.5945,0,"{""601288.SH"": 14037.1859, ""601398.SH"": 10724.727}",0.01445118031,-0.02775218095
2025-03-06,V25 rel_mom_ind_250d Top2,145457.6804,146070.4999,477.7750273,2,394.616074,218.2033783,727344.5945,0,"{""601288.SH"": 14037.1859, ""601398.SH"": 10724.727}",-0.007714439758,-0.03525252818
2025-03-07,V25 rel_mom_ind_250d Top2,144995.5667,145608.3862,477.7750273,2,394.616074,218.2033783,727344.5945,0,"{""601288.SH"": 14037.1859, ""601398.SH"": 10724.727}",-0.003176963005,-0.03831749521
2025-03-10,V25 rel_mom_ind_250d Top2,143790.5957,144403.4151,477.7750273,2,394.616074,218.2033783,727344.5945,0,"{""601288.SH"": 14037.1859, ""601398.SH"": 10724.727}",-0.0083103993,-0.04630946083
2025-03-11,V25 rel_mom_ind_250d Top2,144640.7003,145253.5198,477.7750273,2,394.616074,218.2033783,727344.5945,0,"{""601288.SH"": 14037.1859, ""601398.SH"": 10724.727}",0.005912101922,-0.04067114516
2025-03-12,V25 rel_mom_ind_250d Top2,143435.7293,144048.5487,477.7750273,2,394.616074,218.2033783,727344.5945,0,"{""601288.SH"": 14037.1859, ""601398.SH"": 10724.727}",-0.008330788316,-0.04866311077
2025-03-13,V25 rel_mom_ind_250d Top2,143964.0921,144576.9116,477.7750273,2,394.616074,218.2033783,727344.5945,0,"{""601288.SH"": 14037.1859, ""601398.SH"": 10724.727}",0.003683620873,-0.04515874635
2025-03-14,V25 rel_mom_ind_250d Top2,144318.9585,144931.778,477.7750273,2,394.616074,218.2033783,727344.5945,0,"{""601288.SH"": 14037.1859, ""601398.SH"": 10724.727}",0.002464964659,-0.0428050964
2025-03-17,V25 rel_mom_ind_250d Top2,145523.9296,146136.749,477.7750273,2,394.616074,218.2033783,727344.5945,0,"{""601288.SH"": 14037.1859, ""601398.SH"": 10724.727}",0.008349360809,-0.03481313079
2025-03-18,V25 rel_mom_ind_250d Top2,145276.3105,145889.1299,477.7750273,2,394.616074,218.2033783,727344.5945,0,"{""601288.SH"": 14037.1859, ""601398.SH"": 10724.727}",-0.001701569836,-0.03645546365
2025-03-19,V25 rel_mom_ind_250d Top2,146728.9006,147341.7201,477.7750273,2,394.616074,218.2033783,727344.5945,0,"{""601288.SH"": 14037.1859, ""601398.SH"": 10724.727}",0.009998809722,-0.02682116517
2025-03-20,V25 rel_mom_ind_250d Top2,145986.0433,146598.8627,477.7750273,2,394.616074,218.2033783,727344.5945,0,"{""601288.SH"": 14037.1859, ""601398.SH"": 10724.727}",-0.005062788473,-0.03174816376
2025-03-21,V25 rel_mom_ind_250d Top2,144426.2058,145039.0253,477.7750273,2,394.616074,218.2033783,727344.5945,0,"{""601288.SH"": 14037.1859, ""601398.SH"": 10724.727}",-0.0106848396,-0.04209377932
2025-03-24,V25 rel_mom_ind_250d Top2,145771.5487,146384.3682,477.7750273,2,394.616074,218.2033783,727344.5945,0,"{""601288.SH"": 14037.1859, ""601398.SH"": 10724.727}",0.009315088682,-0.03317079793
2025-03-25,V25 rel_mom_ind_250d Top2,146514.4061,147127.2256,477.7750273,2,394.616074,218.2033783,727344.5945,0,"{""601288.SH"": 14037.1859, ""601398.SH"": 10724.727}",0.005096038242,-0.02824379934
2025-03-26,V25 rel_mom_ind_250d Top2,146019.1678,146631.9873,477.7750273,2,394.616074,218.2033783,727344.5945,0,"{""601288.SH"": 14037.1859, ""601398.SH"": 10724.727}",-0.003380133538,-0.03152846506
2025-03-27,V25 rel_mom_ind_250d Top2,146448.1569,147060.9764,477.7750273,2,394.616074,218.2033783,727344.5945,0,"{""601288.SH"": 14037.1859, ""601398.SH"": 10724.727}",0.002937895671,-0.02868319673
2025-03-28,V25 rel_mom_ind_250d Top2,145853.5449,146466.3644,477.7750273,2,394.616074,218.2033783,727344.5945,0,"{""601288.SH"": 14037.1859, ""601398.SH"": 10724.727}",-0.004060221964,-0.03262695855
2025-03-31,V25 rel_mom_ind_250d Top2,147083.767,147696.5865,477.7750273,2,394.616074,218.2033783,727344.5945,0,"{""601288.SH"": 14037.1859, ""601398.SH"": 10724.727}",0.008434639972,-0.02446751523
2025-04-01,V25 rel_mom_ind_250d Top2,145416.6823,146029.5018,477.7750273,2,394.616074,218.2033783,727344.5945,0,"{""601288.SH"": 14037.1859, ""601398.SH"": 10724.727}",-0.01133425367,-0.03552444787
2025-04-02,V25 rel_mom_ind_250d Top2,146609.1233,147338.3663,353.7431691,2,467.9150717,261.3278958,871092.9861,2.910383046e-11,"{""601398.SH"": 10724.727, ""601939.SH"": 8300.0}",0.008200166297,-0.02761558795
2025-04-03,V25 rel_mom_ind_250d Top2,148283.1124,149012.3553,353.7431691,2,467.9150717,261.3278958,871092.9861,0,"{""601398.SH"": 10724.727, ""601939.SH"": 8300.0}",0.01141804168,-0.0165128622
2025-04-07,V25 rel_mom_ind_250d Top2,146556.8979,147286.1408,353.7431691,2,467.9150717,261.3278958,871092.9861,0,"{""601398.SH"": 10724.727, ""601939.SH"": 8300.0}",-0.0116413426,-0.02796197292
2025-04-08,V25 rel_mom_ind_250d Top2,147947.3815,148676.6245,353.7431691,2,467.9150717,261.3278958,871092.9861,0,"{""601398.SH"": 10724.727, ""601939.SH"": 8300.0}",0.009487670944,-0.01873959597
2025-04-09,V25 rel_mom_ind_250d Top2,146321.8869,147051.1299,353.7431691,2,467.9150717,261.3278958,871092.9861,0,"{""601398.SH"": 10724.727, ""601939.SH"": 8300.0}",-0.01098697743,-0.02952068188
2025-04-10,V25 rel_mom_ind_250d Top2,145287.6506,146016.8936,353.7431691,2,467.9150717,261.3278958,871092.9861,0,"{""601398.SH"": 10724.727, ""601939.SH"": 8300.0}",-0.007068227269,-0.03638025026
2025-04-11,V25 rel_mom_ind_250d Top2,146238.8869,146968.1299,353.7431691,2,467.9150717,261.3278958,871092.9861,0,"{""601398.SH"": 10724.727, ""601939.SH"": 8300.0}",0.006547262258,-0.03007117904
2025-04-14,V25 rel_mom_ind_250d Top2,148151.6178,148880.8608,353.7431691,2,467.9150717,261.3278958,871092.9861,2.910383046e-11,"{""601398.SH"": 10724.727, ""601939.SH"": 8300.0}",0.01307949569,-0.01738499921
2025-04-15,V25 rel_mom_ind_250d Top2,149531.8433,150261.0862,353.7431691,2,467.9150717,261.3278958,871092.9861,0,"{""601398.SH"": 10724.727, ""601939.SH"": 8300.0}",0.009316303477,-0.008230659659
2025-04-16,V25 rel_mom_ind_250d Top2,151351.316,152080.5589,353.7431691,2,467.9150717,261.3278958,871092.9861,0,"{""601398.SH"": 10724.727, ""601939.SH"": 8300.0}",0.01216779425,0
2025-04-17,V25 rel_mom_ind_250d Top2,151327.0687,152056.3117,353.7431691,2,467.9150717,261.3278958,871092.9861,0,"{""601398.SH"": 10724.727, ""601939.SH"": 8300.0}",-0.0001602052159,-0.0001602052159
2025-04-18,V25 rel_mom_ind_250d Top2,153454.2941,154183.5371,353.7431691,2,467.9150717,261.3278958,871092.9861,0,"{""601398.SH"": 10724.727, ""601939.SH"": 8300.0}",0.01405713763,0
2025-04-21,V25 rel_mom_ind_250d Top2,151327.0687,152056.3117,353.7431691,2,467.9150717,261.3278958,871092.9861,0,"{""601398.SH"": 10724.727, ""601939.SH"": 8300.0}",-0.01386227374,-0.01386227374
2025-04-22,V25 rel_mom_ind_250d Top2,153312.5414,154041.7844,353.7431691,2,467.9150717,261.3278958,871092.9861,0,"{""601398.SH"": 10724.727, ""601939.SH"": 8300.0}",0.01312040681,-0.0009237456048
2025-04-23,V25 rel_mom_ind_250d Top2,152302.5523,153031.7953,353.7431691,2,467.9150717,261.3278958,871092.9861,0,"{""601398.SH"": 10724.727, ""601939.SH"": 8300.0}",-0.006587778611,-0.007505438784
2025-04-24,V25 rel_mom_ind_250d Top2,154941.7668,155671.0098,353.7431691,2,467.9150717,261.3278958,871092.9861,0,"{""601398.SH"": 10724.727, ""601939.SH"": 8300.0}",0.0173287609,0
2025-04-25,V25 rel_mom_ind_250d Top2,154122.025,154851.268,353.7431691,2,467.9150717,261.3278958,871092.9861,0,"{""601398.SH"": 10724.727, ""601939.SH"": 8300.0}",-0.005290644527,-0.005290644527
2025-04-28,V25 rel_mom_ind_250d Top2,156474.0032,157203.2462,353.7431691,2,467.9150717,261.3278958,871092.9861,2.910383046e-11,"{""601398.SH"": 10724.727, ""601939.SH"": 8300.0}",0.01526049351,0
2025-04-29,V25 rel_mom_ind_250d Top2,156010.5086,156739.7516,353.7431691,2,467.9150717,261.3278958,871092.9861,2.910383046e-11,"{""601398.SH"": 10724.727, ""601939.SH"": 8300.0}",-0.002962118506,-0.002962118506
2025-04-30,V25 rel_mom_ind_250d Top2,150732.0796,151461.3226,353.7431691,2,467.9150717,261.3278958,871092.9861,0,"{""601398.SH"": 10724.727, ""601939.SH"": 8300.0}",-0.03383380435,-0.03669570312
2025-05-06,V25 rel_mom_ind_250d Top2,150327.3378,151056.5808,353.7431691,2,467.9150717,261.3278958,871092.9861,0,"{""601398.SH"": 10724.727, ""601939.SH"": 8300.0}",-0.002685173666,-0.03928234245
2025-05-07,V25 rel_mom_ind_250d Top2,153215.5523,153944.7953,353.7431691,2,467.9150717,261.3278958,871092.9861,0,"{""601398.SH"": 10724.727, ""601939.SH"": 8300.0}",0.01921283617,-0.02082423149
2025-05-08,V25 rel_mom_ind_250d Top2,153879.5523,154608.7953,353.7431691,2,467.9150717,261.3278958,871092.9861,0,"{""601398.SH"": 10724.727, ""601939.SH"": 8300.0}",0.004333763707,-0.01658071508
2025-05-09,V25 rel_mom_ind_250d Top2,155713.236,156442.479,353.7431691,2,467.9150717,261.3278958,871092.9861,2.910383046e-11,"{""601398.SH"": 10724.727, ""601939.SH"": 8491.6883}",0.01191635727,-0.004861939536
2025-05-12,V25 rel_mom_ind_250d Top2,155011.5706,155740.8136,353.7431691,2,467.9150717,261.3278958,871092.9861,0,"{""601398.SH"": 10724.727, ""601939.SH"": 8491.6883}",-0.004506138789,-0.00934616975
2025-05-13,V25 rel_mom_ind_250d Top2,156526.5534,157255.7964,353.7431691,2,467.9150717,261.3278958,871092.9861,0,"{""601398.SH"": 10724.727, ""601939.SH"": 8491.6883}",0.009773353273,0
2025-05-14,V25 rel_mom_ind_250d Top2,156441.6365,157170.8795,353.7431691,2,467.9150717,261.3278958,871092.9861,2.910383046e-11,"{""601398.SH"": 10724.727, ""601939.SH"": 8491.6883}",-0.0005425078452,-0.0005425078452
2025-05-15,V25 rel_mom_ind_250d Top2,156700.7919,157430.0348,353.7431691,2,467.9150717,261.3278958,871092.9861,0,"{""601398.SH"": 10724.727, ""601939.SH"": 8491.6883}",0.001656562283,0
2025-05-16,V25 rel_mom_ind_250d Top2,155096.4875,155825.7304,353.7431691,2,467.9150717,261.3278958,871092.9861,0,"{""601398.SH"": 10724.727, ""601939.SH"": 8491.6883}",-0.01023801073,-0.01023801073
2025-05-19,V25 rel_mom_ind_250d Top2,154497.6646,155226.9076,353.7431691,2,467.9150717,261.3278958,871092.9861,0,"{""601398.SH"": 10724.727, ""601939.SH"": 8491.6883}",-0.003860969756,-0.01405945184
2025-05-20,V25 rel_mom_ind_250d Top2,154604.9119,155334.1549,353.7431691,2,467.9150717,261.3278958,871092.9861,2.910383046e-11,"{""601398.SH"": 10724.727, ""601939.SH"": 8491.6883}",0.0006941675819,-0.01337504387
2025-05-21,V25 rel_mom_ind_250d Top2,154797.076,155526.319,353.7431691,2,467.9150717,261.3278958,871092.9861,0,"{""601398.SH"": 10724.727, ""601939.SH"": 8491.6883}",0.001242936923,-0.01214873129
2025-05-22,V25 rel_mom_ind_250d Top2,154582.5815,155311.8245,353.7431691,2,467.9150717,261.3278958,871092.9861,0,"{""601398.SH"": 10724.727, ""601939.SH"": 8491.6883}",-0.00138564982,-0.01351754722
2025-05-23,V25 rel_mom_ind_250d Top2,153389.3405,154118.5834,353.7431691,2,467.9150717,261.3278958,871092.9861,0,"{""601398.SH"": 10724.727, ""601939.SH"": 8491.6883}",-0.007719116982,-0.02113232067
2025-05-26,V25 rel_mom_ind_250d Top2,152727.9311,153457.1741,353.7431691,2,467.9150717,261.3278958,871092.9861,0,"{""601398.SH"": 10724.727, ""601939.SH"": 8491.6883}",-0.004311964193,-0.02535316305
2025-05-27,V25 rel_mom_ind_250d Top2,153089.9291,153819.172,353.7431691,2,467.9150717,261.3278958,871092.9861,2.910383046e-11,"{""601398.SH"": 10724.727, ""601939.SH"": 8491.6883}",0.002370214258,-0.02304304123
2025-05-28,V25 rel_mom_ind_250d Top2,152812.848,153542.091,353.7431691,2,467.9150717,261.3278958,871092.9861,0,"{""601398.SH"": 10724.727, ""601939.SH"": 8491.6883}",-0.001809923346,-0.02481125843
2025-05-29,V25 rel_mom_ind_250d Top2,152365.9332,153095.1762,353.7431691,2,467.9150717,261.3278958,871092.9861,0,"{""601398.SH"": 10724.727, ""601939.SH"": 8491.6883}",-0.002924589188,-0.02766328488
2025-05-30,V25 rel_mom_ind_250d Top2,152857.5088,153586.7518,353.7431691,2,467.9150717,261.3278958,871092.9861,0,"{""601398.SH"": 10724.727, ""601939.SH"": 8491.6883}",0.003226282718,-0.02452625174
2025-06-03,V25 rel_mom_ind_250d Top2,153541.2485,154270.4915,353.7431691,2,467.9150717,261.3278958,871092.9861,0,"{""601398.SH"": 10724.727, ""601939.SH"": 8491.6883}",0.00447305295,-0.02016290602
2025-06-04,V25 rel_mom_ind_250d Top2,152794.9223,153524.1653,353.7431691,2,467.9150717,261.3278958,871092.9861,0,"{""601398.SH"": 10724.727, ""601939.SH"": 8491.6883}",-0.004860753928,-0.02492565302
2025-06-05,V25 rel_mom_ind_250d Top2,152817.2527,153546.4957,353.7431691,2,467.9150717,261.3278958,871092.9861,0,"{""601398.SH"": 10724.727, ""601939.SH"": 8491.6883}",0.000146146133,-0.02478314967
2025-06-06,V25 rel_mom_ind_250d Top2,152924.5,153653.7429,353.7431691,2,467.9150717,261.3278958,871092.9861,0,"{""601398.SH"": 10724.727, ""601939.SH"": 8491.6883}",0.0007018008004,-0.02409874171
2025-06-09,V25 rel_mom_ind_250d Top2,152370.3379,153099.5808,353.7431691,2,467.9150717,261.3278958,871092.9861,0,"{""601398.SH"": 10724.727, ""601939.SH"": 8491.6883}",-0.003623762534,-0.02763517612
2025-06-10,V25 rel_mom_ind_250d Top2,152669.7493,153398.9923,353.7431691,2,467.9150717,261.3278958,871092.9861,0,"{""601398.SH"": 10724.727, ""601939.SH"": 8491.6883}",0.001965024347,-0.02572445557
2025-06-11,V25 rel_mom_ind_250d Top2,152459.6594,153188.9024,353.7431691,2,467.9150717,261.3278958,871092.9861,2.910383046e-11,"{""601398.SH"": 10724.727, ""601939.SH"": 8491.6883}",-0.00137610677,-0.02706516274
2025-06-12,V25 rel_mom_ind_250d Top2,152097.6615,152826.9045,353.7431691,2,467.9150717,261.3278958,871092.9861,2.910383046e-11,"{""601398.SH"": 10724.727, ""601939.SH"": 8491.6883}",-0.002374384944,-0.02937528457
2025-06-13,V25 rel_mom_ind_250d Top2,151628.4163,152357.6593,353.7431691,2,467.9150717,261.3278958,871092.9861,0,"{""601398.SH"": 10724.727, ""601939.SH"": 8491.6883}",-0.003085157165,-0.03236981437
2025-06-16,V25 rel_mom_ind_250d Top2,153353.489,154082.732,353.7431691,2,467.9150717,261.3278958,871092.9861,0,"{""601398.SH"": 10724.727, ""601939.SH"": 8491.6883}",0.0113769751,-0.02136110984
2025-06-17,V25 rel_mom_ind_250d Top2,153845.0646,154574.3076,353.7431691,2,467.9150717,261.3278958,871092.9861,0,"{""601398.SH"": 10724.727, ""601939.SH"": 8491.6883}",0.003205506313,-0.0182240767
2025-06-18,V25 rel_mom_ind_250d Top2,156401.3804,157130.6234,353.7431691,2,467.9150717,261.3278958,871092.9861,0,"{""601398.SH"": 10724.727, ""601939.SH"": 8491.6883}",0.01661617052,-0.001910720553
2025-06-19,V25 rel_mom_ind_250d Top2,156937.6168,157666.8598,353.7431691,2,467.9150717,261.3278958,871092.9861,0,"{""601398.SH"": 10724.727, ""601939.SH"": 8491.6883}",0.00342859091,0
2025-06-20,V25 rel_mom_ind_250d Top2,158452.5996,159181.8426,353.7431691,2,467.9150717,261.3278958,871092.9861,0,"{""601398.SH"": 10724.727, ""601939.SH"": 8491.6883}",0.009653407971,0
2025-06-23,V25 rel_mom_ind_250d Top2,161250.145,161979.388,353.7431691,2,467.9150717,261.3278958,871092.9861,0,"{""601398.SH"": 10724.727, ""601939.SH"": 8491.6883}",0.01765540878,0
2025-06-24,V25 rel_mom_ind_250d Top2,162684.6157,163413.8586,353.7431691,2,467.9150717,261.3278958,871092.9861,0,"{""601398.SH"": 10724.727, ""601939.SH"": 8491.6883}",0.008895933843,0
2025-06-25,V25 rel_mom_ind_250d Top2,163708.0229,164437.2659,353.7431691,2,467.9150717,261.3278958,871092.9861,0,"{""601398.SH"": 10724.727, ""601939.SH"": 8491.6883}",0.006290743961,0
2025-06-26,V25 rel_mom_ind_250d Top2,164414.0931,165143.336,353.7431691,2,467.9150717,261.3278958,871092.9861,0,"{""601398.SH"": 10724.727, ""601939.SH"": 8491.6883}",0.004312984209,0
2025-06-27,V25 rel_mom_ind_250d Top2,160356.3154,161085.5584,353.7431691,2,467.9150717,261.3278958,871092.9861,0,"{""601398.SH"": 10724.727, ""601939.SH"": 8491.6883}",-0.02468022987,-0.02468022987
2025-06-30,V25 rel_mom_ind_250d Top2,161915.9591,162645.202,353.7431691,2,467.9150717,261.3278958,871092.9861,0,"{""601398.SH"": 10724.727, ""601939.SH"": 8491.6883}",0.009726112817,-0.01519415975
2025-07-01,V25 rel_mom_ind_250d Top2,164959.4458,165688.6888,353.7431691,2,467.9150717,261.3278958,871092.9861,0,"{""601398.SH"": 10724.727, ""601939.SH"": 8491.6883}",0.01879670637,0
2025-07-02,V25 rel_mom_ind_250d Top2,165598.5248,166327.7677,353.7431691,2,467.9150717,261.3278958,871092.9861,0,"{""601398.SH"": 10724.727, ""601939.SH"": 8491.6883}",0.003874158,0
2025-07-03,V25 rel_mom_ind_250d Top2,164490.2006,165219.4436,353.7431691,2,467.9150717,261.3278958,871092.9861,0,"{""601398.SH"": 10724.727, ""601939.SH"": 8491.6883}",-0.006692838288,-0.006692838288
2025-07-04,V25 rel_mom_ind_250d Top2,166688.9232,167418.1661,353.7431691,2,467.9150717,261.3278958,871092.9861,0,"{""601398.SH"": 10724.727, ""601939.SH"": 8491.6883}",0.01336689094,0
2025-07-07,V25 rel_mom_ind_250d Top2,166049.8442,166779.0872,353.7431691,2,467.9150717,261.3278958,871092.9861,0,"{""601398.SH"": 10724.727, ""601939.SH"": 8491.6883}",-0.003833961756,-0.003833961756
2025-07-08,V25 rel_mom_ind_250d Top2,166286.6691,167015.9121,353.7431691,2,467.9150717,261.3278958,871092.9861,0,"{""601398.SH"": 10724.727, ""601939.SH"": 8491.6883}",0.001426227942,-0.002413201918
2025-07-09,V25 rel_mom_ind_250d Top2,167931.2296,168660.4726,353.7431691,2,467.9150717,261.3278958,871092.9861,2.910383046e-11,"{""601398.SH"": 10724.727, ""601939.SH"": 8491.6883}",0.00988991184,0
2025-07-10,V25 rel_mom_ind_250d Top2,170822.5013,171551.7442,353.7431691,2,467.9150717,261.3278958,871092.9861,0,"{""601398.SH"": 10724.727, ""601939.SH"": 8491.6883}",0.01721699792,0
2025-07-11,V25 rel_mom_ind_250d Top2,169052.7678,169782.0108,353.7431691,2,467.9150717,261.3278958,871092.9861,2.910383046e-11,"{""601398.SH"": 10724.727, ""601939.SH"": 8491.6883}",-0.01036007246,-0.01036007246
2025-07-14,V25 rel_mom_ind_250d Top2,169113.4981,169842.7411,353.7431691,2,467.9150717,261.3278958,871092.9861,0,"{""601398.SH"": 10943.3622, ""601939.SH"": 8491.6883}",0.0003592388848,-0.01000455531
2025-07-15,V25 rel_mom_ind_250d Top2,168081.3454,168810.5884,353.7431691,2,467.9150717,261.3278958,871092.9861,2.910383046e-11,"{""601398.SH"": 10943.3622, ""601939.SH"": 8491.6883}",-0.006103313361,-0.01604680774
2025-07-16,V25 rel_mom_ind_250d Top2,168251.1792,168980.4222,353.7431691,2,467.9150717,261.3278958,871092.9861,2.910383046e-11,"{""601398.SH"": 10943.3622, ""601939.SH"": 8491.6883}",0.001010426029,-0.01505259582
2025-07-17,V25 rel_mom_ind_250d Top2,167194.5098,167923.7528,353.7431691,2,467.9150717,261.3278958,871092.9861,0,"{""601398.SH"": 10943.3622, ""601939.SH"": 8491.6883}",-0.0062803091,-0.02123836997
2025-07-18,V25 rel_mom_ind_250d Top2,167413.377,168142.62,353.7431691,2,467.9150717,261.3278958,871092.9861,2.910383046e-11,"{""601398.SH"": 10943.3622, ""601939.SH"": 8491.6883}",0.001309057608,-0.01995711461
2025-07-21,V25 rel_mom_ind_250d Top2,165883.0897,166612.3327,353.7431691,2,467.9150717,261.3278958,871092.9861,0,"{""601398.SH"": 10943.3622, ""601939.SH"": 8491.6883}",-0.009140770789,-0.02891546199
2025-07-22,V25 rel_mom_ind_250d Top2,163599.9171,164329.1601,353.7431691,2,467.9150717,261.3278958,871092.9861,0,"{""601398.SH"": 10943.3622, ""601939.SH"": 8491.6883}",-0.01376374526,-0.04228122219
2025-07-23,V25 rel_mom_ind_250d Top2,164741.5034,165470.7464,353.7431691,2,467.9150717,261.3278958,871092.9861,0,"{""601398.SH"": 10943.3622, ""601939.SH"": 8491.6883}",0.006977914873,-0.03559834209
2025-07-24,V25 rel_mom_ind_250d Top2,162628.1646,163357.4076,353.7431691,2,467.9150717,261.3278958,871092.9861,2.910383046e-11,"{""601398.SH"": 10943.3622, ""601939.SH"": 8491.6883}",-0.01282821135,-0.04796989038
2025-07-25,V25 rel_mom_ind_250d Top2,161716.8122,162446.0552,353.7431691,2,467.9150717,261.3278958,871092.9861,2.910383046e-11,"{""601398.SH"": 10943.3622, ""601939.SH"": 8491.6883}",-0.005603902539,-0.05330497433
2025-07-28,V25 rel_mom_ind_250d Top2,161886.646,162615.889,353.7431691,2,467.9150717,261.3278958,871092.9861,0,"{""601398.SH"": 10943.3622, ""601939.SH"": 8491.6883}",0.001050192396,-0.05231076241
2025-07-29,V25 rel_mom_ind_250d Top2,160126.1248,160855.3678,353.7431691,2,467.9150717,261.3278958,871092.9861,0,"{""601398.SH"": 10943.3622, ""601939.SH"": 8491.6883}",-0.01087502435,-0.06261690595
2025-07-30,V25 rel_mom_ind_250d Top2,161462.0616,162191.3046,353.7431691,2,467.9150717,261.3278958,871092.9861,0,"{""601398.SH"": 10943.3622, ""601939.SH"": 8491.6883}",0.008343028363,-0.0547962922
2025-07-31,V25 rel_mom_ind_250d Top2,162992.3489,163721.5919,353.7431691,2,467.9150717,261.3278958,871092.9861,0,"{""601398.SH"": 10943.3622, ""601939.SH"": 8491.6883}",0.009477689629,-0.04583794483
2025-08-01,V25 rel_mom_ind_250d Top2,163733.8675,164463.1105,353.7431691,2,467.9150717,261.3278958,871092.9861,0,"{""601398.SH"": 10943.3622, ""601939.SH"": 8491.6883}",0.004549407523,-0.04149707279
2025-08-04,V25 rel_mom_ind_250d Top2,164714.3552,165579.8784,413.3331419,2,555.4453701,310.0778569,1033592.856,0,"{""601288.SH"": 12800.0, ""601398.SH"": 10743.3622}",0.005988301162,-0.0357572686
2025-08-05,V25 rel_mom_ind_250d Top2,167493.8242,168359.3474,413.3331419,2,555.4453701,310.0778569,1033592.856,0,"{""601288.SH"": 12800.0, ""601398.SH"": 10743.3622}",0.01687447931,-0.01948617458
2025-08-06,V25 rel_mom_ind_250d Top2,168517.8242,169383.3474,413.3331419,2,555.4453701,310.0778569,1033592.856,0,"{""601288.SH"": 12800.0, ""601398.SH"": 10743.3622}",0.006113658249,-0.01349164814
2025-08-07,V25 rel_mom_ind_250d Top2,170529.2932,171394.8164,413.3331419,2,555.4453701,310.0778569,1033592.856,0,"{""601288.SH"": 12800.0, ""601398.SH"": 10743.3622}",0.01193623873,-0.001716448942
2025-08-08,V25 rel_mom_ind_250d Top2,169992.1251,170857.6483,413.3331419,2,555.4453701,310.0778569,1033592.856,0,"{""601288.SH"": 12800.0, ""601398.SH"": 10743.3622}",-0.00315000492,-0.004861047039
2025-08-11,V25 rel_mom_ind_250d Top2,169409.2225,170274.7457,413.3331419,2,555.4453701,310.0778569,1033592.856,0,"{""601288.SH"": 12800.0, ""601398.SH"": 10743.3622}",-0.00342899768,-0.0082733762
2025-08-12,V25 rel_mom_ind_250d Top2,171676.6914,172542.2147,413.3331419,2,555.4453701,310.0778569,1033592.856,0,"{""601288.SH"": 12800.0, ""601398.SH"": 10743.3622}",0.01338456636,0
2025-08-13,V25 rel_mom_ind_250d Top2,170177.2225,171042.7457,413.3331419,2,555.4453701,310.0778569,1033592.856,0,"{""601288.SH"": 12800.0, ""601398.SH"": 10743.3622}",-0.008734260705,-0.008734260705
2025-08-14,V25 rel_mom_ind_250d Top2,171605.7888,172471.3121,413.3331419,2,555.4453701,310.0778569,1033592.856,0,"{""601288.SH"": 12800.0, ""601398.SH"": 10743.3622}",0.008394580408,-0.0004130007508
2025-08-15,V25 rel_mom_ind_250d Top2,169205.7181,170071.2414,413.3331419,2,555.4453701,310.0778569,1033592.856,0,"{""601288.SH"": 12800.0, ""601398.SH"": 10743.3622}",-0.01398595427,-0.01439317881
2025-08-18,V25 rel_mom_ind_250d Top2,170014.8509,170880.3741,413.3331419,2,555.4453701,310.0778569,1033592.856,0,"{""601288.SH"": 12800.0, ""601398.SH"": 10743.3622}",0.004781946875,-0.009680059351
2025-08-19,V25 rel_mom_ind_250d Top2,171596.5854,172462.1086,413.3331419,2,555.4453701,310.0778569,1033592.856,0,"{""601288.SH"": 12800.0, ""601398.SH"": 10743.3622}",0.009303507792,-0.0004666100664
2025-08-20,V25 rel_mom_ind_250d Top2,172364.5854,173230.1086,413.3331419,2,555.4453701,310.0778569,1033592.856,0,"{""601288.SH"": 12800.0, ""601398.SH"": 10743.3622}",0.004475613535,0
2025-08-21,V25 rel_mom_ind_250d Top2,174606.8862,175472.4095,413.3331419,2,555.4453701,310.0778569,1033592.856,0,"{""601288.SH"": 12800.0, ""601398.SH"": 10743.3622}",0.01300905788,0
2025-08-22,V25 rel_mom_ind_250d Top2,175825.1871,176690.7103,413.3331419,2,555.4453701,310.0778569,1033592.856,0,"{""601288.SH"": 12800.0, ""601398.SH"": 10743.3622}",0.00697739301,0
2025-08-25,V25 rel_mom_ind_250d Top2,174883.4526,175748.9758,413.3331419,2,555.4453701,310.0778569,1033592.856,0,"{""601288.SH"": 12800.0, ""601398.SH"": 10743.3622}",-0.005356084105,-0.005356084105
2025-08-26,V25 rel_mom_ind_250d Top2,174709.7181,175575.2414,413.3331419,2,555.4453701,310.0778569,1033592.856,0,"{""601288.SH"": 12800.0, ""601398.SH"": 10743.3622}",-0.0009934301238,-0.006344193334
2025-08-27,V25 rel_mom_ind_250d Top2,171029.6474,171895.1706,413.3331419,2,555.4453701,310.0778569,1033592.856,0,"{""601288.SH"": 12800.0, ""601398.SH"": 10743.3622}",-0.02106391536,-0.02727447514
2025-08-28,V25 rel_mom_ind_250d Top2,169555.3465,170420.8698,413.3331419,2,555.4453701,310.0778569,1033592.856,0,"{""601288.SH"": 12800.0, ""601398.SH"": 10743.3622}",-0.008620147967,-0.0356595131
2025-08-29,V25 rel_mom_ind_250d Top2,170092.5147,170958.0379,413.3331419,2,555.4453701,310.0778569,1033592.856,0,"{""601288.SH"": 12800.0, ""601398.SH"": 10743.3622}",0.003168098933,-0.03260438703
2025-09-01,V25 rel_mom_ind_250d Top2,169939.3465,170804.8698,413.3331419,2,555.4453701,310.0778569,1033592.856,0,"{""601288.SH"": 12800.0, ""601398.SH"": 10743.3622}",-0.000900498842,-0.03347552566
2025-09-02,V25 rel_mom_ind_250d Top2,173785.0008,174666.1086,159.7485793,2,568.0059326,313.1018569,1043672.856,0,"{""601288.SH"": 12100.0, ""601398.SH"": 11443.3622}",0.02262956957,-0.01160349283
2025-09-03,V25 rel_mom_ind_250d Top2,171813.3637,172694.4715,159.7485793,2,568.0059326,313.1018569,1043672.856,0,"{""601288.SH"": 12100.0, ""601398.SH"": 11443.3622}",-0.01134526618,-0.02281711429
2025-09-04,V25 rel_mom_ind_250d Top2,177434.6999,178315.8077,159.7485793,2,568.0059326,313.1018569,1043672.856,0,"{""601288.SH"": 12100.0, ""601398.SH"": 11443.3622}",0.03271768914,0
2025-09-05,V25 rel_mom_ind_250d Top2,173628.3637,174509.4715,159.7485793,2,568.0059326,313.1018569,1043672.856,0,"{""601288.SH"": 12100.0, ""601398.SH"": 11443.3622}",-0.02145203969,-0.02145203969
2025-09-08,V25 rel_mom_ind_250d Top2,172686.6292,173567.737,159.7485793,2,568.0059326,313.1018569,1043672.856,0,"{""601288.SH"": 12100.0, ""601398.SH"": 11443.3622}",-0.005423851667,-0.02675953867
2025-09-09,V25 rel_mom_ind_250d Top2,173634.9301,174516.0379,159.7485793,2,568.0059326,313.1018569,1043672.856,0,"{""601288.SH"": 12100.0, ""601398.SH"": 11443.3622}",0.005491455081,-0.0214150324
2025-09-10,V25 rel_mom_ind_250d Top2,173850.6646,174731.7724,159.7485793,2,568.0059326,313.1018569,1043672.856,0,"{""601288.SH"": 12100.0, ""601398.SH"": 11443.3622}",0.0012424602,-0.02019917952
2025-09-11,V25 rel_mom_ind_250d Top2,174187.3991,175068.5069,159.7485793,2,568.0059326,313.1018569,1043672.856,0,"{""601288.SH"": 12100.0, ""601398.SH"": 11443.3622}",0.001936918049,-0.01830138563
2025-09-12,V25 rel_mom_ind_250d Top2,173360.0982,174241.206,159.7485793,2,568.0059326,313.1018569,1043672.856,0,"{""601288.SH"": 12100.0, ""601398.SH"": 11443.3622}",-0.004749487459,-0.02296395089
2025-09-15,V25 rel_mom_ind_250d Top2,171819.9301,172701.0379,159.7485793,2,568.0059326,313.1018569,1043672.856,0,"{""601288.SH"": 12100.0, ""601398.SH"": 11443.3622}",-0.008884213429,-0.03164414767
2025-09-16,V25 rel_mom_ind_250d Top2,170596.7973,171477.9051,159.7485793,2,568.0059326,313.1018569,1043672.856,0,"{""601288.SH"": 12100.0, ""601398.SH"": 11443.3622}",-0.007118689633,-0.03853757244
2025-09-17,V25 rel_mom_ind_250d Top2,169743.231,170624.3387,159.7485793,2,568.0059326,313.1018569,1043672.856,0,"{""601288.SH"": 12100.0, ""601398.SH"": 11443.3622}",-0.005003413844,-0.04334816686
2025-09-18,V25 rel_mom_ind_250d Top2,165498.8594,166379.9672,159.7485793,2,568.0059326,313.1018569,1043672.856,0,"{""601288.SH"": 12100.0, ""601398.SH"": 11443.3622}",-0.02500465885,-0.06726891959
2025-09-19,V25 rel_mom_ind_250d Top2,163016.9568,163898.0646,159.7485793,2,568.0059326,313.1018569,1043672.856,0,"{""601288.SH"": 12100.0, ""601398.SH"": 11443.3622}",-0.0149964937,-0.08125661536
2025-09-22,V25 rel_mom_ind_250d Top2,160852.0895,161733.1973,159.7485793,2,568.0059326,313.1018569,1043672.856,0,"{""601288.SH"": 12100.0, ""601398.SH"": 11443.3622}",-0.01328001263,-0.09345753911
2025-09-23,V25 rel_mom_ind_250d Top2,165305.6292,166186.737,159.7485793,2,568.0059326,313.1018569,1043672.856,0,"{""601288.SH"": 12100.0, ""601398.SH"": 11443.3622}",0.0276871734,-0.0683579408
2025-09-24,V25 rel_mom_ind_250d Top2,165138.6646,166019.7724,159.7485793,2,568.0059326,313.1018569,1043672.856,0,"{""601288.SH"": 12100.0, ""601398.SH"": 11443.3622}",-0.001010036036,-0.06929893286
2025-09-25,V25 rel_mom_ind_250d Top2,164592.762,165473.8698,159.7485793,2,568.0059326,313.1018569,1043672.856,0,"{""601288.SH"": 12100.0, ""601398.SH"": 11443.3622}",-0.00330572252,-0.07237557233
2025-09-26,V25 rel_mom_ind_250d Top2,165057.0628,165938.1706,159.7485793,2,568.0059326,313.1018569,1043672.856,0,"{""601288.SH"": 12100.0, ""601398.SH"": 11443.3622}",0.002820906958,-0.06975883013
2025-09-29,V25 rel_mom_ind_250d Top2,164141.5939,165022.7017,159.7485793,2,568.0059326,313.1018569,1043672.856,0,"{""601288.SH"": 12100.0, ""601398.SH"": 11443.3622}",-0.005546378714,-0.07491829995
2025-09-30,V25 rel_mom_ind_250d Top2,164403.293,165284.4008,159.7485793,2,568.0059326,313.1018569,1043672.856,0,"{""601288.SH"": 12100.0, ""601398.SH"": 11443.3622}",0.001594349892,-0.07344339605
2025-10-09,V25 rel_mom_ind_250d Top2,164880.7266,165761.8344,159.7485793,2,568.0059326,313.1018569,1043672.856,0,"{""601288.SH"": 12100.0, ""601398.SH"": 11443.3622}",0.002904039291,-0.07075263926
2025-10-10,V25 rel_mom_ind_250d Top2,166453.9285,167345.8344,207.9504988,2,578.3843131,313.5215569,1045071.856,0,"{""601288.SH"": 12200.0, ""601398.SH"": 11343.3622}",0.009541454309,-0.06188626803
2025-10-13,V25 rel_mom_ind_250d Top2,166976.1941,167868.0999,207.9504988,2,578.3843131,313.5215569,1045071.856,0,"{""601288.SH"": 12200.0, ""601398.SH"": 11343.3622}",0.00313759798,-0.05894284428
2025-10-14,V25 rel_mom_ind_250d Top2,172269.1674,173161.0732,207.9504988,2,578.3843131,313.5215569,1045071.856,0,"{""601288.SH"": 12200.0, ""601398.SH"": 11343.3622}",0.03169896971,-0.029112302
2025-10-15,V25 rel_mom_ind_250d Top2,173523.4329,174415.3387,207.9504988,2,578.3843131,313.5215569,1045071.856,0,"{""601288.SH"": 12200.0, ""601398.SH"": 11343.3622}",0.007280847346,-0.02204341688
2025-10-16,V25 rel_mom_ind_250d Top2,178135.8045,179027.7103,207.9504988,2,578.3843131,313.5215569,1045071.856,0,"{""601288.SH"": 12200.0, ""601398.SH"": 11343.3622}",0.02658068427,0
2025-10-17,V25 rel_mom_ind_250d Top2,179608.3708,180500.2767,207.9504988,2,578.3843131,313.5215569,1045071.856,0,"{""601288.SH"": 12200.0, ""601398.SH"": 11343.3622}",0.008266537892,0
2025-10-20,V25 rel_mom_ind_250d Top2,181080.9372,181972.8431,207.9504988,2,578.3843131,313.5215569,1045071.856,0,"{""601288.SH"": 12200.0, ""601398.SH"": 11343.3622}",0.008198762511,0
2025-10-21,V25 rel_mom_ind_250d Top2,183007.2381,183899.144,207.9504988,2,578.3843131,313.5215569,1045071.856,0,"{""601288.SH"": 12200.0, ""601398.SH"": 11343.3622}",0.01063778936,0
2025-10-22,V25 rel_mom_ind_250d Top2,186930.4416,187822.3474,207.9504988,2,578.3843131,313.5215569,1045071.856,0,"{""601288.SH"": 12200.0, ""601398.SH"": 11343.3622}",0.02143742243,0
2025-10-23,V25 rel_mom_ind_250d Top2,186617.9105,187509.8164,207.9504988,2,578.3843131,313.5215569,1045071.856,0,"{""601288.SH"": 12200.0, ""601398.SH"": 11343.3622}",-0.001671910778,-0.001671910778
2025-10-24,V25 rel_mom_ind_250d Top2,186617.9105,187509.8164,207.9504988,2,578.3843131,313.5215569,1045071.856,0,"{""601288.SH"": 12200.0, ""601398.SH"": 11343.3622}",0,-0.001671910778
2025-10-27,V25 rel_mom_ind_250d Top2,189729.9459,190621.8518,207.9504988,2,578.3843131,313.5215569,1045071.856,0,"{""601288.SH"": 12200.0, ""601398.SH"": 11343.3622}",0.01667597364,0
2025-10-28,V25 rel_mom_ind_250d Top2,192223.4149,193115.3207,207.9504988,2,578.3843131,313.5215569,1045071.856,0,"{""601288.SH"": 12200.0, ""601398.SH"": 11343.3622}",0.01314220045,0
2025-10-29,V25 rel_mom_ind_250d Top2,188456.4769,189348.3828,207.9504988,2,578.3843131,313.5215569,1045071.856,0,"{""601288.SH"": 12200.0, ""601398.SH"": 11343.3622}",-0.01959666549,-0.01959666549
2025-10-30,V25 rel_mom_ind_250d Top2,187471.9105,188363.8164,207.9504988,2,578.3843131,313.5215569,1045071.856,0,"{""601288.SH"": 12200.0, ""601398.SH"": 11343.3622}",-0.00522437007,-0.02471865532
2025-10-31,V25 rel_mom_ind_250d Top2,185571.3088,186463.2147,207.9504988,2,578.3843131,313.5215569,1045071.856,0,"{""601288.SH"": 12200.0, ""601398.SH"": 11343.3622}",-0.01013806137,-0.03460611745
2025-11-03,V25 rel_mom_ind_250d Top2,187542.5123,188434.4181,207.9504988,2,578.3843131,313.5215569,1045071.856,0,"{""601288.SH"": 12200.0, ""601398.SH"": 11343.3622}",0.01062235042,-0.02435136534
2025-11-04,V25 rel_mom_ind_250d Top2,191895.0192,192801.3915,253.4840998,2,590.4657122,315.9065569,1053021.856,0,"{""601288.SH"": 11700.0, ""601398.SH"": 11843.3622}",0.02320810821,-0.001708406254
2025-11-05,V25 rel_mom_ind_250d Top2,192364.4528,193270.8251,253.4840998,2,590.4657122,315.9065569,1053021.856,0,"{""601288.SH"": 11700.0, ""601398.SH"": 11843.3622}",0.002446304362,0
2025-11-06,V25 rel_mom_ind_250d Top2,191538.2847,192444.657,253.4840998,2,590.4657122,315.9065569,1053021.856,0,"{""601288.SH"": 11700.0, ""601398.SH"": 11843.3622}",-0.004294806553,-0.004294806553
2025-11-07,V25 rel_mom_ind_250d Top2,190128.5502,191034.9225,253.4840998,2,590.4657122,315.9065569,1053021.856,0,"{""601288.SH"": 11700.0, ""601398.SH"": 11843.3622}",-0.007360066382,-0.01162326287
2025-11-10,V25 rel_mom_ind_250d Top2,191425.5856,192331.9578,253.4840998,2,590.4657122,315.9065569,1053021.856,0,"{""601288.SH"": 11700.0, ""601398.SH"": 11843.3622}",0.006821886329,-0.004880669122
2025-11-11,V25 rel_mom_ind_250d Top2,194005.3201,194911.6923,253.4840998,2,590.4657122,315.9065569,1053021.856,0,"{""601288.SH"": 11700.0, ""601398.SH"": 11843.3622}",0.01347643515,0
2025-11-12,V25 rel_mom_ind_250d Top2,197753.6209,198659.9932,253.4840998,2,590.4657122,315.9065569,1053021.856,0,"{""601288.SH"": 11700.0, ""601398.SH"": 11843.3622}",0.01932060866,0
2025-11-13,V25 rel_mom_ind_250d Top2,197639.4882,198545.8604,253.4840998,2,590.4657122,315.9065569,1053021.856,0,"{""601288.SH"": 11700.0, ""601398.SH"": 11843.3622}",-0.000577146221,-0.000577146221
2025-11-14,V25 rel_mom_ind_250d Top2,197411.2227,198317.5949,253.4840998,2,590.4657122,315.9065569,1053021.856,0,"{""601288.SH"": 11700.0, ""601398.SH"": 11843.3622}",-0.001154959022,-0.001731438663
2025-11-17,V25 rel_mom_ind_250d Top2,194357.7537,195264.1259,253.4840998,2,590.4657122,315.9065569,1053021.856,0,"{""601288.SH"": 11700.0, ""601398.SH"": 11843.3622}",-0.01546755518,-0.01717221272
2025-11-18,V25 rel_mom_ind_250d Top2,193192.0545,194098.4268,253.4840998,2,590.4657122,315.9065569,1053021.856,0,"{""601288.SH"": 11700.0, ""601398.SH"": 11843.3622}",-0.005997698113,-0.02306691709
2025-11-19,V25 rel_mom_ind_250d Top2,193898.3554,194804.7277,253.4840998,2,590.4657122,315.9065569,1053021.856,0,"{""601288.SH"": 11700.0, ""601398.SH"": 11843.3622}",0.003655951945,-0.01949529668
2025-11-20,V25 rel_mom_ind_250d Top2,193670.0899,194576.4622,253.4840998,2,590.4657122,315.9065569,1053021.856,0,"{""601288.SH"": 11700.0, ""601398.SH"": 11843.3622}",-0.001177243146,-0.02064958913
2025-11-21,V25 rel_mom_ind_250d Top2,192146.2227,193052.5949,253.4840998,2,590.4657122,315.9065569,1053021.856,0,"{""601288.SH"": 11700.0, ""601398.SH"": 11843.3622}",-0.007868366487,-0.02835547708
2025-11-24,V25 rel_mom_ind_250d Top2,191203.0545,192109.4268,253.4840998,2,590.4657122,315.9065569,1053021.856,0,"{""601288.SH"": 11700.0, ""601398.SH"": 11843.3622}",-0.004908595649,-0.03312488715
2025-11-25,V25 rel_mom_ind_250d Top2,193090.8244,193997.1967,253.4840998,2,590.4657122,315.9065569,1053021.856,0,"{""601288.SH"": 11700.0, ""601398.SH"": 11843.3622}",0.009873115531,-0.02357881746
2025-11-26,V25 rel_mom_ind_250d Top2,189793.3201,190699.6923,253.4840998,2,590.4657122,315.9065569,1053021.856,0,"{""601288.SH"": 11700.0, ""601398.SH"": 11843.3622}",-0.01707747816,-0.04025362889
2025-11-27,V25 rel_mom_ind_250d Top2,191665.3201,192571.6923,253.4840998,2,590.4657122,315.9065569,1053021.856,0,"{""601288.SH"": 11700.0, ""601398.SH"": 11843.3622}",0.009863360836,-0.03078730412
2025-11-28,V25 rel_mom_ind_250d Top2,190371.1519,191277.5242,253.4840998,2,590.4657122,315.9065569,1053021.856,0,"{""601288.SH"": 11700.0, ""601398.SH"": 11843.3622}",-0.006752228896,-0.03733165009
2025-12-01,V25 rel_mom_ind_250d Top2,189549.2847,190455.657,253.4840998,2,590.4657122,315.9065569,1053021.856,0,"{""601288.SH"": 11700.0, ""601398.SH"": 11843.3622}",-0.004317183757,-0.04148766625
2025-12-02,V25 rel_mom_ind_250d Top2,189894.3825,190811.657,254.5818612,2,600.8861508,316.3883569,1054627.856,0,"{""601288.SH"": 11800.0, ""601398.SH"": 11743.3622}",0.001820622863,-0.03974257678
2025-12-03,V25 rel_mom_ind_250d Top2,188952.648,189869.9225,254.5818612,2,600.8861508,316.3883569,1054627.856,0,"{""601288.SH"": 11800.0, ""601398.SH"": 11743.3622}",-0.004959254075,-0.04450473732
2025-12-04,V25 rel_mom_ind_250d Top2,188008.648,188925.9225,254.5818612,2,600.8861508,316.3883569,1054627.856,0,"{""601288.SH"": 11800.0, ""601398.SH"": 11743.3622}",-0.004995960682,-0.04927835409
2025-12-05,V25 rel_mom_ind_250d Top2,186360.0462,187277.3207,254.5818612,2,600.8861508,316.3883569,1054627.856,0,"{""601288.SH"": 11800.0, ""601398.SH"": 11743.3622}",-0.008768754803,-0.05761499908
2025-12-08,V25 rel_mom_ind_250d Top2,186596.0462,187513.3207,254.5818612,2,600.8861508,316.3883569,1054627.856,0,"{""601288.SH"": 11800.0, ""601398.SH"": 11743.3622}",0.001266365859,-0.05642159489
2025-12-09,V25 rel_mom_ind_250d Top2,190247.8161,191165.0906,254.5818612,2,600.8861508,316.3883569,1054627.856,0,"{""601288.SH"": 11800.0, ""601398.SH"": 11743.3622}",0.01957045672,-0.03795533455
2025-12-10,V25 rel_mom_ind_250d Top2,185772.8781,186690.1526,254.5818612,2,600.8861508,316.3883569,1054627.856,0,"{""601288.SH"": 11800.0, ""601398.SH"": 11743.3622}",-0.02352162591,-0.06058418928
2025-12-11,V25 rel_mom_ind_250d Top2,187775.4799,188692.7544,254.5818612,2,600.8861508,316.3883569,1054627.856,0,"{""601288.SH"": 11800.0, ""601398.SH"": 11743.3622}",0.0107798391,-0.050457438
2025-12-12,V25 rel_mom_ind_250d Top2,184945.179,185862.4535,254.5818612,2,600.8861508,316.3883569,1054627.856,0,"{""601288.SH"": 11800.0, ""601398.SH"": 11743.3622}",-0.01507279262,-0.06476969612
2025-12-15,V25 rel_mom_ind_250d Top2,183390.937,184308.2115,254.5818612,2,600.8861508,316.3883569,1054627.856,0,"{""601288.SH"": 11986.5211, ""601398.SH"": 11953.5611}",-0.008403798381,-0.07262918303
2025-12-16,V25 rel_mom_ind_250d Top2,181713.4832,182630.7577,254.5818612,2,600.8861508,316.3883569,1054627.856,0,"{""601288.SH"": 11986.5211, ""601398.SH"": 11953.5611}",-0.009146873799,-0.08111172686
2025-12-17,V25 rel_mom_ind_250d Top2,182911.4761,183828.7507,254.5818612,2,600.8861508,316.3883569,1054627.856,0,"{""601288.SH"": 11986.5211, ""601398.SH"": 11953.5611}",0.006592757401,-0.0750537194
2025-12-18,V25 rel_mom_ind_250d Top2,186861.0953,187778.3698,254.5818612,2,600.8861508,316.3883569,1054627.856,0,"{""601288.SH"": 11986.5211, ""601398.SH"": 11953.5611}",0.02159306372,-0.05508129542
2025-12-19,V25 rel_mom_ind_250d Top2,184946.8775,185864.152,254.5818612,2,600.8861508,316.3883569,1054627.856,0,"{""601288.SH"": 11986.5211, ""601398.SH"": 11953.5611}",-0.01024406803,-0.06476110691
2025-12-22,V25 rel_mom_ind_250d Top2,185545.874,186463.1485,254.5818612,2,600.8861508,316.3883569,1054627.856,0,"{""601288.SH"": 11986.5211, ""601398.SH"": 11953.5611}",0.003238748681,-0.06173210318
2025-12-23,V25 rel_mom_ind_250d Top2,186743.5373,187660.8118,254.5818612,2,600.8861508,316.3883569,1054627.856,0,"{""601288.SH"": 11986.5211, ""601398.SH"": 11953.5611}",0.006454809719,-0.05567576244
2025-12-24,V25 rel_mom_ind_250d Top2,186384.2713,187301.5458,254.5818612,2,600.8861508,316.3883569,1054627.856,0,"{""601288.SH"": 11986.5211, ""601398.SH"": 11953.5611}",-0.00192384721,-0.05749249799
2025-12-25,V25 rel_mom_ind_250d Top2,185067.4019,185984.6765,254.5818612,2,600.8861508,316.3883569,1054627.856,0,"{""601288.SH"": 11986.5211, ""601398.SH"": 11953.5611}",-0.00706534576,-0.06415163938
2025-12-26,V25 rel_mom_ind_250d Top2,183630.6674,184547.9419,254.5818612,2,600.8861508,316.3883569,1054627.856,0,"{""601288.SH"": 11986.5211, ""601398.SH"": 11953.5611}",-0.007763304163,-0.07141691485
2025-12-29,V25 rel_mom_ind_250d Top2,185906.1288,186823.4033,254.5818612,2,600.8861508,316.3883569,1054627.856,0,"{""601288.SH"": 11986.5211, ""601398.SH"": 11953.5611}",0.01239151086,-0.05991036746
2025-12-30,V25 rel_mom_ind_250d Top2,185307.462,186224.7365,254.5818612,2,600.8861508,316.3883569,1054627.856,0,"{""601288.SH"": 11986.5211, ""601398.SH"": 11953.5611}",-0.003220264221,-0.06293770447
2025-12-31,V25 rel_mom_ind_250d Top2,187102.8033,188020.0778,254.5818612,2,600.8861508,316.3883569,1054627.856,0,"{""601288.SH"": 11986.5211, ""601398.SH"": 11953.5611}",0.009688446135,-0.05385902689
2026-01-05,V25 rel_mom_ind_250d Top2,184469.3943,185386.6688,254.5818612,2,600.8861508,316.3883569,1054627.856,0,"{""601288.SH"": 11986.5211, ""601398.SH"": 11953.5611}",-0.01407466373,-0.06717564294
2026-01-06,V25 rel_mom_ind_250d Top2,184099.5907,185027.7324,267.7146984,2,611.2919136,316.8497569,1056165.856,0,"{""601288.SH"": 12086.5211, ""601398.SH"": 11853.5611}",-0.002004688077,-0.0690456648
2026-01-07,V25 rel_mom_ind_250d Top2,182660.8562,183588.9978,267.7146984,2,611.2919136,316.8497569,1056165.856,0,"{""601288.SH"": 12086.5211, ""601398.SH"": 11853.5611}",-0.007814979526,-0.07632105387
2026-01-08,V25 rel_mom_ind_250d Top2,181345.3164,182273.4581,267.7146984,2,611.2919136,316.8497569,1056165.856,0,"{""601288.SH"": 12086.5211, ""601398.SH"": 11853.5611}",-0.007202088875,-0.08297347173
2026-01-09,V25 rel_mom_ind_250d Top2,181219.792,182147.9337,267.7146984,2,611.2919136,316.8497569,1056165.856,0,"{""601288.SH"": 12086.5211, ""601398.SH"": 11853.5611}",-0.000692184475,-0.08360822326
2026-01-12,V25 rel_mom_ind_250d Top2,182904.9162,183833.0579,267.7146984,2,611.2919136,316.8497569,1056165.856,0,"{""601288.SH"": 12086.5211, ""601398.SH"": 11853.5611}",0.009298786501,-0.07508689178
2026-01-13,V25 rel_mom_ind_250d Top2,184822.4524,185750.594,267.7146984,2,611.2919136,316.8497569,1056165.856,0,"{""601288.SH"": 12086.5211, ""601398.SH"": 11853.5611}",0.01048378696,-0.06539029979
2026-01-14,V25 rel_mom_ind_250d Top2,181828.7773,182756.919,267.7146984,2,611.2919136,316.8497569,1056165.856,0,"{""601288.SH"": 12086.5211, ""601398.SH"": 11853.5611}",-0.01619757251,-0.08052870818
2026-01-15,V25 rel_mom_ind_250d Top2,179897.2635,180825.4052,267.7146984,2,611.2919136,316.8497569,1056165.856,0,"{""601288.SH"": 12086.5211, ""601398.SH"": 11853.5611}",-0.01062270675,-0.09029598208
2026-01-16,V25 rel_mom_ind_250d Top2,177617.1317,178545.2734,267.7146984,2,611.2919136,316.8497569,1056165.856,0,"{""601288.SH"": 12086.5211, ""601398.SH"": 11853.5611}",-0.01267463309,-0.1018261467
2026-01-19,V25 rel_mom_ind_250d Top2,175339.3295,176267.4712,267.7146984,2,611.2919136,316.8497569,1056165.856,0,"{""601288.SH"": 12086.5211, ""601398.SH"": 11853.5611}",-0.01282422583,-0.1133445311
2026-01-20,V25 rel_mom_ind_250d Top2,176303.9216,177232.0633,267.7146984,2,611.2919136,316.8497569,1056165.856,0,"{""601288.SH"": 12086.5211, ""601398.SH"": 11853.5611}",0.00550128766,-0.1084667843
2026-01-21,V25 rel_mom_ind_250d Top2,171513.5755,172441.7172,267.7146984,2,611.2919136,316.8497569,1056165.856,0,"{""601288.SH"": 12086.5211, ""601398.SH"": 11853.5611}",-0.02717095567,-0.1326905938
2026-01-22,V25 rel_mom_ind_250d Top2,168752.3125,169680.4542,267.7146984,2,611.2919136,316.8497569,1056165.856,0,"{""601288.SH"": 12086.5211, ""601398.SH"": 11853.5611}",-0.01609938482,-0.1466537416
2026-01-23,V25 rel_mom_ind_250d Top2,167315.9076,168244.0492,267.7146984,2,611.2919136,316.8497569,1056165.856,0,"{""601288.SH"": 12086.5211, ""601398.SH"": 11853.5611}",-0.008511912578,-0.1539173504
2026-01-26,V25 rel_mom_ind_250d Top2,168759.3013,169687.443,267.7146984,2,611.2919136,316.8497569,1056165.856,0,"{""601288.SH"": 12086.5211, ""601398.SH"": 11853.5611}",0.008626757338,-0.1466184007
2026-01-27,V25 rel_mom_ind_250d Top2,169245.0917,170173.2334,267.7146984,2,611.2919136,316.8497569,1056165.856,0,"{""601288.SH"": 12086.5211, ""601398.SH"": 11853.5611}",0.002878599533,-0.1441618568
2026-01-28,V25 rel_mom_ind_250d Top2,167801.698,168729.8397,267.7146984,2,611.2919136,316.8497569,1056165.856,0,"{""601288.SH"": 12086.5211, ""601398.SH"": 11853.5611}",-0.008528423002,-0.1514608065
2026-01-29,V25 rel_mom_ind_250d Top2,168271.1812,169199.3229,267.7146984,2,611.2919136,316.8497569,1056165.856,0,"{""601288.SH"": 12086.5211, ""601398.SH"": 11853.5611}",0.002797845592,-0.1490867249
2026-01-30,V25 rel_mom_ind_250d Top2,167427.4544,168355.596,267.7146984,2,611.2919136,316.8497569,1056165.856,0,"{""601288.SH"": 12086.5211, ""601398.SH"": 11853.5611}",-0.005014090185,-0.1533532808
2026-02-02,V25 rel_mom_ind_250d Top2,168982.3949,169910.5366,267.7146984,2,611.2919136,316.8497569,1056165.856,0,"{""601288.SH"": 12086.5211, ""601398.SH"": 11853.5611}",0.0092872495,-0.1454902615
2026-02-03,V25 rel_mom_ind_250d Top2,165869.1125,166809.6555,420.3133774,2,622.4287346,318.1142569,1060380.856,0,"{""601288.SH"": 12386.5211, ""601398.SH"": 11553.5611}",-0.01842370861,-0.1612334999
2026-02-04,V25 rel_mom_ind_250d Top2,166686.1914,167626.7344,420.3133774,2,622.4287346,318.1142569,1060380.856,0,"{""601288.SH"": 12386.5211, ""601398.SH"": 11553.5611}",0.00492604598,-0.1571016975
2026-02-05,V25 rel_mom_ind_250d Top2,167751.0007,168691.5437,420.3133774,2,622.4287346,318.1142569,1060380.856,0,"{""601288.SH"": 12386.5211, ""601398.SH"": 11553.5611}",0.006388107429,-0.1517171726
2026-02-06,V25 rel_mom_ind_250d Top2,166917.2626,167857.8056,420.3133774,2,622.4287346,318.1142569,1060380.856,0,"{""601288.SH"": 12386.5211, ""601398.SH"": 11553.5611}",-0.004970093012,-0.1559332172
2026-02-09,V25 rel_mom_ind_250d Top2,167643.7947,168584.3377,420.3133774,2,622.4287346,318.1142569,1060380.856,0,"{""601288.SH"": 12386.5211, ""601398.SH"": 11553.5611}",0.004352647863,-0.1522592917
2026-02-10,V25 rel_mom_ind_250d Top2,168122.5963,169063.1393,420.3133774,2,622.4287346,318.1142569,1060380.856,0,"{""601288.SH"": 12386.5211, ""601398.SH"": 11553.5611}",0.002856065414,-0.1498380888
2026-02-11,V25 rel_mom_ind_250d Top2,168750.252,169690.795,420.3133774,2,622.4287346,318.1142569,1060380.856,0,"{""601288.SH"": 12386.5211, ""601398.SH"": 11553.5611}",0.003733321224,-0.1466641613
2026-02-12,V25 rel_mom_ind_250d Top2,165249.7864,166190.3294,420.3133774,2,622.4287346,318.1142569,1060380.856,0,"{""601288.SH"": 12386.5211, ""601398.SH"": 11553.5611}",-0.0207434684,-0.1643653063
2026-02-13,V25 rel_mom_ind_250d Top2,163202.3851,164142.9281,420.3133774,2,622.4287346,318.1142569,1060380.856,0,"{""601288.SH"": 12386.5211, ""601398.SH"": 11553.5611}",-0.01238973696,-0.1747186003
2026-02-24,V25 rel_mom_ind_250d Top2,162253.1114,163193.6544,420.3133774,2,622.4287346,318.1142569,1060380.856,0,"{""601288.SH"": 12386.5211, ""601398.SH"": 11553.5611}",-0.005816542978,-0.1795188851
2026-02-25,V25 rel_mom_ind_250d Top2,162509.1714,163449.7144,420.3133774,2,622.4287346,318.1142569,1060380.856,0,"{""601288.SH"": 12386.5211, ""601398.SH"": 11553.5611}",0.001578151698,-0.1782240414
2026-02-26,V25 rel_mom_ind_250d Top2,160354.564,161295.107,420.3133774,2,622.4287346,318.1142569,1060380.856,0,"{""601288.SH"": 12386.5211, ""601398.SH"": 11553.5611}",-0.01325837415,-0.1891194545
2026-02-27,V25 rel_mom_ind_250d Top2,159644.6911,160585.2341,420.3133774,2,622.4287346,318.1142569,1060380.856,0,"{""601288.SH"": 12386.5211, ""601398.SH"": 11553.5611}",-0.004426895295,-0.1927091378
2026-03-02,V25 rel_mom_ind_250d Top2,161097.7553,162038.2983,420.3133774,2,622.4287346,318.1142569,1060380.856,0,"{""601288.SH"": 12386.5211, ""601398.SH"": 11553.5611}",0.009101863158,-0.1853612869
2026-03-03,V25 rel_mom_ind_250d Top2,165788.9245,166859.3929,547.6373248,2,704.2529794,366.2154317,1220718.106,0,"{""601288.SH"": 12386.5211, ""601939.SH"": 9200.0}",0.02912001625,-0.1616389943
2026-03-04,V25 rel_mom_ind_250d Top2,165169.5985,166240.0669,547.6373248,2,704.2529794,366.2154317,1220718.106,0,"{""601288.SH"": 12386.5211, ""601939.SH"": 9200.0}",-0.003735629857,-0.1647708007
2026-03-05,V25 rel_mom_ind_250d Top2,166280.7897,167351.2581,547.6373248,2,704.2529794,366.2154317,1220718.106,0,"{""601288.SH"": 12386.5211, ""601939.SH"": 9200.0}",0.00672757746,-0.1591517316
2026-03-06,V25 rel_mom_ind_250d Top2,166061.3289,167131.7973,547.6373248,2,704.2529794,366.2154317,1220718.106,0,"{""601288.SH"": 12386.5211, ""601939.SH"": 9200.0}",-0.001319820801,-0.1602615006
2026-03-09,V25 rel_mom_ind_250d Top2,166393.868,167464.3365,547.6373248,2,704.2529794,366.2154317,1220718.106,0,"{""601288.SH"": 12386.5211, ""601939.SH"": 9200.0}",0.002002508092,-0.1585799174
2026-03-10,V25 rel_mom_ind_250d Top2,164298.9464,165369.4148,547.6373248,2,704.2529794,366.2154317,1220718.106,0,"{""601288.SH"": 12386.5211, ""601939.SH"": 9200.0}",-0.01259013758,-0.169173512
2026-03-11,V25 rel_mom_ind_250d Top2,165930.2724,167000.7408,547.6373248,2,704.2529794,366.2154317,1220718.106,0,"{""601288.SH"": 12386.5211, ""601939.SH"": 9200.0}",0.009929011066,-0.1609242267
2026-03-12,V25 rel_mom_ind_250d Top2,166514.1376,167584.606,547.6373248,2,704.2529794,366.2154317,1220718.106,0,"{""601288.SH"": 12386.5211, ""601939.SH"": 9200.0}",0.00351873834,-0.1579717386
2026-03-13,V25 rel_mom_ind_250d Top2,166726.4072,167796.8756,547.6373248,2,704.2529794,366.2154317,1220718.106,0,"{""601288.SH"": 12386.5211, ""601939.SH"": 9200.0}",0.001274784114,-0.1568983343
2026-03-16,V25 rel_mom_ind_250d Top2,167374.0028,168444.4712,547.6373248,2,704.2529794,366.2154317,1220718.106,0,"{""601288.SH"": 12386.5211, ""601939.SH"": 9200.0}",0.003884181545,-0.1536235744
2026-03-17,V25 rel_mom_ind_250d Top2,169472.5202,170542.9886,547.6373248,2,704.2529794,366.2154317,1220718.106,0,"{""601288.SH"": 12386.5211, ""601939.SH"": 9200.0}",0.01253789291,-0.1430117974
2026-03-18,V25 rel_mom_ind_250d Top2,168948.7897,170019.2581,547.6373248,2,704.2529794,366.2154317,1220718.106,0,"{""601288.SH"": 12386.5211, ""601939.SH"": 9200.0}",-0.003090356018,-0.145660196
2026-03-19,V25 rel_mom_ind_250d Top2,171075.5766,172146.045,547.6373248,2,704.2529794,366.2154317,1220718.106,0,"{""601288.SH"": 12386.5211, ""601939.SH"": 9200.0}",0.01258835239,-0.1349054655
2026-03-20,V25 rel_mom_ind_250d Top2,170576.5202,171646.9886,547.6373248,2,704.2529794,366.2154317,1220718.106,0,"{""601288.SH"": 12386.5211, ""601939.SH"": 9200.0}",-0.002917169644,-0.137429093
2026-03-23,V25 rel_mom_ind_250d Top2,164960.429,166030.8974,547.6373248,2,704.2529794,366.2154317,1220718.106,0,"{""601288.SH"": 12386.5211, ""601939.SH"": 9200.0}",-0.03292417457,-0.1658285282
2026-03-24,V25 rel_mom_ind_250d Top2,166804.0247,167874.4931,547.6373248,2,704.2529794,366.2154317,1220718.106,0,"{""601288.SH"": 12386.5211, ""601939.SH"": 9200.0}",0.01117598714,-0.1565058385
2026-03-25,V25 rel_mom_ind_250d Top2,168067.3507,169137.8191,547.6373248,2,704.2529794,366.2154317,1220718.106,0,"{""601288.SH"": 12386.5211, ""601939.SH"": 9200.0}",0.007573714477,-0.1501174546
2026-03-26,V25 rel_mom_ind_250d Top2,168031.8899,169102.3583,547.6373248,2,704.2529794,366.2154317,1220718.106,0,"{""601288.SH"": 12386.5211, ""601939.SH"": 9200.0}",-0.0002109918732,-0.1502967729
2026-03-27,V25 rel_mom_ind_250d Top2,167476.2942,168546.7626,547.6373248,2,704.2529794,366.2154317,1220718.106,0,"{""601288.SH"": 12386.5211, ""601939.SH"": 9200.0}",-0.003306489228,-0.1531063074
2026-03-30,V25 rel_mom_ind_250d Top2,168428.1594,169498.6279,547.6373248,2,704.2529794,366.2154317,1220718.106,0,"{""601288.SH"": 12386.5211, ""601939.SH"": 9200.0}",0.005683581761,-0.1482929179
2026-03-31,V25 rel_mom_ind_250d Top2,172317.3289,173387.7973,547.6373248,2,704.2529794,366.2154317,1220718.106,0,"{""601288.SH"": 12386.5211, ""601939.SH"": 9200.0}",0.02309096917,-0.1286261759
2026-04-01,V25 rel_mom_ind_250d Top2,170353.4637,171423.9321,547.6373248,2,704.2529794,366.2154317,1220718.106,0,"{""601288.SH"": 12386.5211, ""601939.SH"": 9200.0}",-0.01139679465,-0.1385570445
2026-04-02,V25 rel_mom_ind_250d Top2,174414.1816,175495.8319,137.4553754,2,714.7482289,366.9021317,1223007.106,0,"{""601288.SH"": 12586.5211, ""601939.SH"": 9100.0}",0.02383701407,-0.1180228166
2026-04-03,V25 rel_mom_ind_250d Top2,171769.2599,172850.9103,137.4553754,2,714.7482289,366.9021317,1223007.106,0,"{""601288.SH"": 12586.5211, ""601939.SH"": 9100.0}",-0.01516460225,-0.1313976498
2026-04-07,V25 rel_mom_ind_250d Top2,168152.2817,169233.9321,137.4553754,2,714.7482289,366.9021317,1223007.106,0,"{""601288.SH"": 12586.5211, ""601939.SH"": 9100.0}",-0.02105719132,-0.1496879757
2026-04-08,V25 rel_mom_ind_250d Top2,168216.0905,169297.7408,137.4553754,2,714.7482289,366.9021317,1223007.106,0,"{""601288.SH"": 12586.5211, ""601939.SH"": 9100.0}",0.0003794699163,-0.1493653078
2026-04-09,V25 rel_mom_ind_250d Top2,167565.4948,168647.1452,137.4553754,2,714.7482289,366.9021317,1223007.106,0,"{""601288.SH"": 12586.5211, ""601939.SH"": 9100.0}",-0.003867618324,-0.1526552382
2026-04-10,V25 rel_mom_ind_250d Top2,167166.6296,168248.28,137.4553754,2,714.7482289,366.9021317,1223007.106,0,"{""601288.SH"": 12586.5211, ""601939.SH"": 9100.0}",-0.002380354092,-0.1546722187
2026-04-13,V25 rel_mom_ind_250d Top2,168523.9557,169605.606,137.4553754,2,714.7482289,366.9021317,1223007.106,0,"{""601288.SH"": 12586.5211, ""601939.SH"": 9100.0}",0.008119599346,-0.1478084958
2026-04-14,V25 rel_mom_ind_250d Top2,170398.3382,171479.9886,137.4553754,2,714.7482289,366.9021317,1223007.106,0,"{""601288.SH"": 12586.5211, ""601939.SH"": 9100.0}",0.01112235069,-0.1383301231
2026-04-15,V25 rel_mom_ind_250d Top2,173699.7772,174781.4276,137.4553754,2,714.7482289,366.9021317,1223007.106,0,"{""601288.SH"": 12586.5211, ""601939.SH"": 9100.0}",0.01937483105,-0.1216354148
2026-04-16,V25 rel_mom_ind_250d Top2,174238.1033,175319.7536,137.4553754,2,714.7482289,366.9021317,1223007.106,0,"{""601288.SH"": 12586.5211, ""601939.SH"": 9100.0}",0.003099175284,-0.118913209
2026-04-17,V25 rel_mom_ind_250d Top2,174629.2945,175710.9449,137.4553754,2,714.7482289,366.9021317,1223007.106,0,"{""601288.SH"": 12586.5211, ""601939.SH"": 9100.0}",0.002245153387,-0.116935034
2026-04-20,V25 rel_mom_ind_250d Top2,179177.5423,180259.1927,137.4553754,2,714.7482289,366.9021317,1223007.106,0,"{""601288.SH"": 12586.5211, ""601939.SH"": 9100.0}",0.02604515902,-0.09393546649
2026-04-21,V25 rel_mom_ind_250d Top2,180143.6771,181225.3274,137.4553754,2,714.7482289,366.9021317,1223007.106,0,"{""601288.SH"": 12586.5211, ""601939.SH"": 9100.0}",0.005392052912,-0.08904991859
2026-04-22,V25 rel_mom_ind_250d Top2,178213.1598,179294.8101,137.4553754,2,714.7482289,366.9021317,1223007.106,0,"{""601288.SH"": 12586.5211, ""601939.SH"": 9100.0}",-0.01071654224,-0.09881215361
2026-04-23,V25 rel_mom_ind_250d Top2,177163.6989,178245.3493,137.4553754,2,714.7482289,366.9021317,1223007.106,0,"{""601288.SH"": 12586.5211, ""601939.SH"": 9100.0}",-0.005888795455,-0.1041190645
2026-04-24,V25 rel_mom_ind_250d Top2,177380.5641,178462.2145,137.4553754,2,714.7482289,366.9021317,1223007.106,0,"{""601288.SH"": 12586.5211, ""601939.SH"": 9100.0}",0.001224095075,-0.1030224211
2026-04-27,V25 rel_mom_ind_250d Top2,175324.1816,176405.8319,137.4553754,2,714.7482289,366.9021317,1223007.106,0,"{""601288.SH"": 12586.5211, ""601939.SH"": 9100.0}",-0.01159305443,-0.113421131
2026-04-28,V25 rel_mom_ind_250d Top2,177171.3729,178253.0232,137.4553754,2,714.7482289,366.9021317,1223007.106,0,"{""601288.SH"": 12586.5211, ""601939.SH"": 9100.0}",0.01053586135,-0.1040802589
2026-04-29,V25 rel_mom_ind_250d Top2,176758.912,177840.5624,137.4553754,2,714.7482289,366.9021317,1223007.106,0,"{""601288.SH"": 12586.5211, ""601939.SH"": 9100.0}",-0.00232803324,-0.1061659899
2026-04-30,V25 rel_mom_ind_250d Top2,177781.1816,178862.8319,137.4553754,2,714.7482289,366.9021317,1223007.106,0,"{""601288.SH"": 12586.5211, ""601939.SH"": 9100.0}",0.0057834118,-0.1009965797
2026-05-06,V25 rel_mom_ind_250d Top2,175660.9903,176742.6407,137.4553754,2,714.7482289,366.9021317,1223007.106,0,"{""601288.SH"": 12586.5211, ""601939.SH"": 9100.0}",-0.01192584754,-0.1117179574
2026-05-07,V25 rel_mom_ind_250d Top2,174964.8542,176057.5059,418.4540425,2,725.2521618,367.3995317,1224665.106,0,"{""601288.SH"": 12686.5211, ""601939.SH"": 9000.0}",-0.003962952277,-0.1152381768
2026-05-08,V25 rel_mom_ind_250d Top2,175165.4498,176258.1015,418.4540425,2,725.2521618,367.3995317,1224665.106,0,"{""601288.SH"": 12686.5211, ""601939.SH"": 9000.0}",0.001146491018,-0.1142238053
2026-05-11,V25 rel_mom_ind_250d Top2,173213.6629,174306.3146,418.4540425,2,725.2521618,367.3995317,1224665.106,0,"{""601288.SH"": 12686.5211, ""601939.SH"": 9000.0}",-0.01114253355,-0.1240935963
2026-05-12,V25 rel_mom_ind_250d Top2,173103.0673,174195.719,418.4540425,2,725.2521618,367.3995317,1224665.106,0,"{""601288.SH"": 12686.5211, ""601939.SH"": 9000.0}",-0.000638492553,-0.124652856
2026-05-13,V25 rel_mom_ind_250d Top2,173050.7471,174143.3987,418.4540425,2,725.2521618,367.3995317,1224665.106,0,"{""601288.SH"": 12934.2782, ""601939.SH"": 9000.0}",-0.0003022490915,-0.1249174289
2026-05-14,V25 rel_mom_ind_250d Top2,175514.1749,176606.8266,418.4540425,2,725.2521618,367.3995317,1224665.106,0,"{""601288.SH"": 12934.2782, ""601939.SH"": 9000.0}",0.01423529147,-0.1124603734
2026-05-15,V25 rel_mom_ind_250d Top2,175070.0898,176162.7415,418.4540425,2,725.2521618,367.3995317,1224665.106,0,"{""601288.SH"": 12934.2782, ""601939.SH"": 9000.0}",-0.002530194732,-0.1147060215
2026-05-18,V25 rel_mom_ind_250d Top2,173624.6904,174717.342,418.4540425,2,725.2521618,367.3995317,1224665.106,0,"{""601288.SH"": 12934.2782, ""601939.SH"": 9000.0}",-0.008256118892,-0.1220151138
2026-05-19,V25 rel_mom_ind_250d Top2,175413.3759,176506.0276,418.4540425,2,725.2521618,367.3995317,1224665.106,0,"{""601288.SH"": 12934.2782, ""601939.SH"": 9000.0}",0.01030202306,-0.1129700933
2026-05-20,V25 rel_mom_ind_250d Top2,172623.8914,173716.5431,418.4540425,2,725.2521618,367.3995317,1224665.106,0,"{""601288.SH"": 12934.2782, ""601939.SH"": 9000.0}",-0.01590234782,-0.1270759514
2026-05-21,V25 rel_mom_ind_250d Top2,175070.6053,176163.257,418.4540425,2,725.2521618,367.3995317,1224665.106,0,"{""601288.SH"": 12934.2782, ""601939.SH"": 9000.0}",0.01417366908,-0.1147034148
2026-05-22,V25 rel_mom_ind_250d Top2,174873.8914,175966.5431,418.4540425,2,725.2521618,367.3995317,1224665.106,0,"{""601288.SH"": 12934.2782, ""601939.SH"": 9000.0}",-0.001123626157,-0.1156981572
2026-05-25,V25 rel_mom_ind_250d Top2,174975.2058,176067.8575,418.4540425,2,725.2521618,367.3995317,1224665.106,0,"{""601288.SH"": 12934.2782, ""601939.SH"": 9000.0}",0.0005793571276,-0.1151858306
2026-05-26,V25 rel_mom_ind_250d Top2,176246.5203,177339.172,418.4540425,2,725.2521618,367.3995317,1224665.106,0,"{""601288.SH"": 12934.2782, ""601939.SH"": 9000.0}",0.007265683325,-0.1087570511
2026-05-27,V25 rel_mom_ind_250d Top2,174013.7497,175106.4014,418.4540425,2,725.2521618,367.3995317,1224665.106,0,"{""601288.SH"": 12934.2782, ""601939.SH"": 9000.0}",-0.01266845213,-0.1200477197
2026-05-28,V25 rel_mom_ind_250d Top2,171550.3218,172642.9735,418.4540425,2,725.2521618,367.3995317,1224665.106,0,"{""601288.SH"": 12934.2782, ""601939.SH"": 9000.0}",-0.0141565125,-0.1325047752
2026-05-29,V25 rel_mom_ind_250d Top2,171803.0925,172895.7441,418.4540425,2,725.2521618,367.3995317,1224665.106,0,"{""601288.SH"": 12934.2782, ""601939.SH"": 9000.0}",0.001473448738,-0.1312265654
2026-06-01,V25 rel_mom_ind_250d Top2,175081.9198,176174.5714,418.4540425,2,725.2521618,367.3995317,1224665.106,0,"{""601288.SH"": 12934.2782, ""601939.SH"": 9000.0}",0.01908479791,-0.1146462
2026-06-02,V25 rel_mom_ind_250d Top2,175390.097,176496.2003,173.0024145,2,736.8233897,369.2799317,1230933.106,0,"{""601288.SH"": 13434.2782, ""601939.SH"": 8700.0}",0.001760188849,-0.1130878101
2026-06-03,V25 rel_mom_ind_250d Top2,173137.012,174243.1153,173.0024145,2,736.8233897,369.2799317,1230933.106,0,"{""601288.SH"": 13434.2782, ""601939.SH"": 8700.0}",-0.01284613601,-0.1244812047
2026-06-04,V25 rel_mom_ind_250d Top2,172069.9553,173176.0586,173.0024145,2,736.8233897,369.2799317,1230933.106,0,"{""601288.SH"": 13434.2782, ""601939.SH"": 8700.0}",-0.006163076755,-0.1298770943
2026-06-05,V25 rel_mom_ind_250d Top2,174529.012,175635.1153,173.0024145,2,736.8233897,369.2799317,1230933.106,0,"{""601288.SH"": 13434.2782, ""601939.SH"": 8700.0}",0.01429102884,-0.1174421427
2026-06-08,V25 rel_mom_ind_250d Top2,178307.2104,179413.3137,173.0024145,2,736.8233897,369.2799317,1230933.106,0,"{""601288.SH"": 13434.2782, ""601939.SH"": 8700.0}",0.02164796778,-0.09833655865
2026-06-09,V25 rel_mom_ind_250d Top2,178971.2387,180077.342,173.0024145,2,736.8233897,369.2799317,1230933.106,0,"{""601288.SH"": 13434.2782, ""601939.SH"": 8700.0}",0.003724068956,-0.09497870182
2026-06-10,V25 rel_mom_ind_250d Top2,181580.0093,182686.1127,173.0024145,2,736.8233897,369.2799317,1230933.106,0,"{""601288.SH"": 13434.2782, ""601939.SH"": 8700.0}",0.01457647957,-0.08178667735
2026-06-11,V25 rel_mom_ind_250d Top2,182133.981,183240.0843,173.0024145,2,736.8233897,369.2799317,1230933.106,0,"{""601288.SH"": 13434.2782, ""601939.SH"": 8700.0}",0.003050840537,-0.07898535492
2026-06-12,V25 rel_mom_ind_250d Top2,184616.0944,185722.1977,173.0024145,2,736.8233897,369.2799317,1230933.106,0,"{""601288.SH"": 13434.2782, ""601939.SH"": 8700.0}",0.0136279533,-0.06643381035
2026-06-15,V25 rel_mom_ind_250d Top2,180306.981,181413.0843,173.0024145,2,736.8233897,369.2799317,1230933.106,0,"{""601288.SH"": 13434.2782, ""601939.SH"": 8700.0}",-0.02334094111,-0.08822412381
2026-06-16,V25 rel_mom_ind_250d Top2,177452.5815,178558.6848,173.0024145,2,736.8233897,369.2799317,1230933.106,0,"{""601288.SH"": 13434.2782, ""601939.SH"": 8700.0}",-0.01583077627,-0.1026582437
2026-06-17,V25 rel_mom_ind_250d Top2,176029.8393,177135.9426,173.0024145,2,736.8233897,369.2799317,1230933.106,0,"{""601288.SH"": 13434.2782, ""601939.SH"": 8700.0}",-0.008017591214,-0.1098527631
2026-06-18,V25 rel_mom_ind_250d Top2,172053.3547,173159.4581,173.0024145,2,736.8233897,369.2799317,1230933.106,0,"{""601288.SH"": 13434.2782, ""601939.SH"": 8700.0}",-0.02258983212,-0.1299610397
2026-06-22,V25 rel_mom_ind_250d Top2,172630.3831,173736.4864,173.0024145,2,736.8233897,369.2799317,1230933.106,0,"{""601288.SH"": 13434.2782, ""601939.SH"": 8700.0}",0.003353775622,-0.1270431243
2026-06-23,V25 rel_mom_ind_250d Top2,176045.2104,177151.3137,173.0024145,2,736.8233897,369.2799317,1230933.106,0,"{""601288.SH"": 13434.2782, ""601939.SH"": 8700.0}",0.01978114882,-0.1097750344
2026-06-24,V25 rel_mom_ind_250d Top2,171650.3264,172756.4297,173.0024145,2,736.8233897,369.2799317,1230933.106,0,"{""601288.SH"": 13434.2782, ""601939.SH"": 8700.0}",-0.02496451896,-0.1319990724
2026-06-25,V25 rel_mom_ind_250d Top2,169484.2413,170590.3447,173.0024145,2,736.8233897,369.2799317,1230933.106,0,"{""601288.SH"": 13434.2782, ""601939.SH"": 8700.0}",-0.01261917228,-0.1429525257
2026-06-26,V25 rel_mom_ind_250d Top2,168417.1847,169523.288,173.0024145,2,736.8233897,369.2799317,1230933.106,0,"{""601288.SH"": 13434.2782, ""601939.SH"": 8700.0}",-0.006295905066,-0.1483484152
2026-06-29,V25 rel_mom_ind_250d Top2,169523.8986,170630.0019,173.0024145,2,736.8233897,369.2799317,1230933.106,0,"{""601288.SH"": 13434.2782, ""601939.SH"": 8700.0}",0.006571264766,-0.1427519872
2026-06-30,V25 rel_mom_ind_250d Top2,165500.0713,166606.1746,173.0024145,2,736.8233897,369.2799317,1230933.106,0,"{""601288.SH"": 13434.2782, ""601939.SH"": 8700.0}",-0.02373604744,-0.1630996667
2024-01-02,60d momentum Top2,100000,100000,100000,0,0,0,0,0,{},0,0
2024-01-03,60d momentum Top2,100972.27,101028,440.2699987,2,25.87880131,29.8512,99504,0,"{""601939.SH"": 7600.0, ""601988.SH"": 12400.0}",0.009722699987,0
2024-01-04,60d momentum Top2,102468.27,102524,440.2699987,2,25.87880131,29.8512,99504,0,"{""601939.SH"": 7600.0, ""601988.SH"": 12400.0}",0.01481594897,0
2024-01-05,60d momentum Top2,102068.27,102124,440.2699987,2,25.87880131,29.8512,99504,0,"{""601939.SH"": 7600.0, ""601988.SH"": 12400.0}",-0.003903647441,-0.003903647441
2024-01-08,60d momentum Top2,101896.27,101952,440.2699987,2,25.87880131,29.8512,99504,0,"{""601939.SH"": 7600.0, ""601988.SH"": 12400.0}",-0.001685146618,-0.005582215841
2024-01-09,60d momentum Top2,101896.27,101952,440.2699987,2,25.87880131,29.8512,99504,0,"{""601939.SH"": 7600.0, ""601988.SH"": 12400.0}",0,-0.005582215841
2024-01-10,60d momentum Top2,100544.27,100600,440.2699987,2,25.87880131,29.8512,99504,0,"{""601939.SH"": 7600.0, ""601988.SH"": 12400.0}",-0.0132683954,-0.01877654419
2024-01-11,60d momentum Top2,99192.27,99248,440.2699987,2,25.87880131,29.8512,99504,0,"{""601939.SH"": 7600.0, ""601988.SH"": 12400.0}",-0.01344681303,-0.03197087254
2024-01-12,60d momentum Top2,100192.27,100248,440.2699987,2,25.87880131,29.8512,99504,0,"{""601939.SH"": 7600.0, ""601988.SH"": 12400.0}",0.01008143074,-0.02221175394
2024-01-15,60d momentum Top2,100668.27,100724,440.2699987,2,25.87880131,29.8512,99504,0,"{""601939.SH"": 7600.0, ""601988.SH"": 12400.0}",0.004750865511,-0.01756641349
2024-01-16,60d momentum Top2,101144.27,101200,440.2699987,2,25.87880131,29.8512,99504,0,"{""601939.SH"": 7600.0, ""601988.SH"": 12400.0}",0.004728401511,-0.01292107303
2024-01-17,60d momentum Top2,100192.27,100248,440.2699987,2,25.87880131,29.8512,99504,0,"{""601939.SH"": 7600.0, ""601988.SH"": 12400.0}",-0.009412297899,-0.02221175394
2024-01-18,60d momentum Top2,99716.27,99772,440.2699987,2,25.87880131,29.8512,99504,0,"{""601939.SH"": 7600.0, ""601988.SH"": 12400.0}",-0.004750865511,-0.0268570944
2024-01-19,60d momentum Top2,98916.27,98972,440.2699987,2,25.87880131,29.8512,99504,0,"{""601939.SH"": 7600.0, ""601988.SH"": 12400.0}",-0.008022762986,-0.03466438928
2024-01-22,60d momentum Top2,99364.27,99420,440.2699987,2,25.87880131,29.8512,99504,0,"{""601939.SH"": 7600.0, ""601988.SH"": 12400.0}",0.004529083032,-0.03029230414
2024-01-23,60d momentum Top2,99268.27,99324,440.2699987,2,25.87880131,29.8512,99504,0,"{""601939.SH"": 7600.0, ""601988.SH"": 12400.0}",-0.0009661420549,-0.03122917953
2024-01-24,60d momentum Top2,101744.27,101800,440.2699987,2,25.87880131,29.8512,99504,0,"{""601939.SH"": 7600.0, ""601988.SH"": 12400.0}",0.02494251184,-0.007065601869
2024-01-25,60d momentum Top2,102820.27,102876,440.2699987,2,25.87880131,29.8512,99504,0,"{""601939.SH"": 7600.0, ""601988.SH"": 12400.0}",0.01057553413,0
2024-01-26,60d momentum Top2,105496.27,105552,440.2699987,2,25.87880131,29.8512,99504,0,"{""601939.SH"": 7600.0, ""601988.SH"": 12400.0}",0.02602599663,0
2024-01-29,60d momentum Top2,106200.27,106256,440.2699987,2,25.87880131,29.8512,99504,0,"{""601939.SH"": 7600.0, ""601988.SH"": 12400.0}",0.006673221717,0
2024-01-30,60d momentum Top2,105144.27,105200,440.2699987,2,25.87880131,29.8512,99504,0,"{""601939.SH"": 7600.0, ""601988.SH"": 12400.0}",-0.009943477545,-0.009943477545
2024-01-31,60d momentum Top2,106144.27,106200,440.2699987,2,25.87880131,29.8512,99504,0,"{""601939.SH"": 7600.0, ""601988.SH"": 12400.0}",0.009510741765,-0.0005273056274
2024-02-01,60d momentum Top2,105372.27,105428,440.2699987,2,25.87880131,29.8512,99504,0,"{""601939.SH"": 7600.0, ""601988.SH"": 12400.0}",-0.007273119877,-0.007796590348
2024-02-02,60d momentum Top2,106600.27,106656,440.2699987,2,25.87880131,29.8512,99504,0,"{""601939.SH"": 7600.0, ""601988.SH"": 12400.0}",0.01165391995,0
2024-02-05,60d momentum Top2,108924.27,108980,440.2699987,2,25.87880131,29.8512,99504,0,"{""601939.SH"": 7600.0, ""601988.SH"": 12400.0}",0.02180107049,0
2024-02-06,60d momentum Top2,109324.27,109380,440.2699987,2,25.87880131,29.8512,99504,0,"{""601939.SH"": 7600.0, ""601988.SH"": 12400.0}",0.00367227616,0
2024-02-07,60d momentum Top2,106668.27,106724,440.2699987,2,25.87880131,29.8512,99504,0,"{""601939.SH"": 7600.0, ""601988.SH"": 12400.0}",-0.02429469687,-0.02429469687
2024-02-08,60d momentum Top2,105564.27,105620,440.2699987,2,25.87880131,29.8512,99504,0,"{""601939.SH"": 7600.0, ""601988.SH"": 12400.0}",-0.01034984443,-0.03439309496
2024-02-19,60d momentum Top2,109868.27,109924,440.2699987,2,25.87880131,29.8512,99504,0,"{""601939.SH"": 7600.0, ""601988.SH"": 12400.0}",0.04077137084,0
2024-02-20,60d momentum Top2,110648.27,110704,440.2699987,2,25.87880131,29.8512,99504,0,"{""601939.SH"": 7600.0, ""601988.SH"": 12400.0}",0.007099410958,0
2024-02-21,60d momentum Top2,111400.27,111456,440.2699987,2,25.87880131,29.8512,99504,0,"{""601939.SH"": 7600.0, ""601988.SH"": 12400.0}",0.006796310507,0
2024-02-22,60d momentum Top2,111324.27,111380,440.2699987,2,25.87880131,29.8512,99504,0,"{""601939.SH"": 7600.0, ""601988.SH"": 12400.0}",-0.0006822245584,-0.0006822245584
2024-02-23,60d momentum Top2,112124.27,112180,440.2699987,2,25.87880131,29.8512,99504,0,"{""601939.SH"": 7600.0, ""601988.SH"": 12400.0}",0.007186213752,0
2024-02-26,60d momentum Top2,108640.27,108696,440.2699987,2,25.87880131,29.8512,99504,0,"{""601939.SH"": 7600.0, ""601988.SH"": 12400.0}",-0.03107266607,-0.03107266607
2024-02-27,60d momentum Top2,108868.27,108924,440.2699987,2,25.87880131,29.8512,99504,0,"{""601939.SH"": 7600.0, ""601988.SH"": 12400.0}",0.002098669306,-0.02903920801
2024-02-28,60d momentum Top2,108564.27,108620,440.2699987,2,25.87880131,29.8512,99504,0,"{""601939.SH"": 7600.0, ""601988.SH"": 12400.0}",-0.002792365489,-0.03175048542
2024-02-29,60d momentum Top2,109068.27,109124,440.2699987,2,25.87880131,29.8512,99504,0,"{""601939.SH"": 7600.0, ""601988.SH"": 12400.0}",0.004642411357,-0.02725547288
2024-03-01,60d momentum Top2,109420.27,109476,440.2699987,2,25.87880131,29.8512,99504,0,"{""601939.SH"": 7600.0, ""601988.SH"": 12400.0}",0.00322733642,-0.02411609904
2024-03-04,60d momentum Top2,109620.208,109768,299.2079612,2,85.64673881,62.1453,207151,0,"{""601288.SH"": 12700.0, ""601988.SH"": 12300.0}",0.001827247936,-0.0223329172
2024-03-05,60d momentum Top2,111997.208,112145,299.2079612,2,85.64673881,62.1453,207151,0,"{""601288.SH"": 12700.0, ""601988.SH"": 12300.0}",0.02168395813,-0.001133225104
2024-03-06,60d momentum Top2,110366.208,110514,299.2079612,2,85.64673881,62.1453,207151,0,"{""601288.SH"": 12700.0, ""601988.SH"": 12300.0}",-0.01456286304,-0.01567958514
2024-03-07,60d momentum Top2,110866.208,111014,299.2079612,2,85.64673881,62.1453,207151,0,"{""601288.SH"": 12700.0, ""601988.SH"": 12300.0}",0.004530372197,-0.0112202473
2024-03-08,60d momentum Top2,110493.208,110641,299.2079612,2,85.64673881,62.1453,207151,0,"{""601288.SH"": 12700.0, ""601988.SH"": 12300.0}",-0.003364415604,-0.01454691333
2024-03-11,60d momentum Top2,109620.208,109768,299.2079612,2,85.64673881,62.1453,207151,0,"{""601288.SH"": 12700.0, ""601988.SH"": 12300.0}",-0.007900938131,-0.0223329172
2024-03-12,60d momentum Top2,106874.208,107022,299.2079612,2,85.64673881,62.1453,207151,0,"{""601288.SH"": 12700.0, ""601988.SH"": 12300.0}",-0.0250501258,-0.04682360061
2024-03-13,60d momentum Top2,106251.208,106399,299.2079612,2,85.64673881,62.1453,207151,0,"{""601288.SH"": 12700.0, ""601988.SH"": 12300.0}",-0.005829282966,-0.05237993556
2024-03-14,60d momentum Top2,106882.208,107030,299.2079612,2,85.64673881,62.1453,207151,0,"{""601288.SH"": 12700.0, ""601988.SH"": 12300.0}",0.005938756011,-0.04675225121
2024-03-15,60d momentum Top2,106636.208,106784,299.2079612,2,85.64673881,62.1453,207151,0,"{""601288.SH"": 12700.0, ""601988.SH"": 12300.0}",-0.002301599159,-0.04894624543
2024-03-18,60d momentum Top2,106255.208,106403,299.2079612,2,85.64673881,62.1453,207151,0,"{""601288.SH"": 12700.0, ""601988.SH"": 12300.0}",-0.003572895242,-0.05234426086
2024-03-19,60d momentum Top2,105009.208,105157,299.2079612,2,85.64673881,62.1453,207151,0,"{""601288.SH"": 12700.0, ""601988.SH"": 12300.0}",-0.01172648404,-0.06345693076
2024-03-20,60d momentum Top2,106255.208,106403,299.2079612,2,85.64673881,62.1453,207151,0,"{""601288.SH"": 12700.0, ""601988.SH"": 12300.0}",0.01186562611,-0.05234426086
2024-03-21,60d momentum Top2,106628.208,106776,299.2079612,2,85.64673881,62.1453,207151,0,"{""601288.SH"": 12700.0, ""601988.SH"": 12300.0}",0.003510416168,-0.04901759483
2024-03-22,60d momentum Top2,107382.208,107530,299.2079612,2,85.64673881,62.1453,207151,0,"{""601288.SH"": 12700.0, ""601988.SH"": 12300.0}",0.00707129956,-0.04229291337
2024-03-25,60d momentum Top2,107886.208,108034,299.2079612,2,85.64673881,62.1453,207151,0,"{""601288.SH"": 12700.0, ""601988.SH"": 12300.0}",0.004693514965,-0.03779790083
2024-03-26,60d momentum Top2,108632.208,108780,299.2079612,2,85.64673881,62.1453,207151,0,"{""601288.SH"": 12700.0, ""601988.SH"": 12300.0}",0.006914692935,-0.03114456877
2024-03-27,60d momentum Top2,109882.208,110030,299.2079612,2,85.64673881,62.1453,207151,0,"{""601288.SH"": 12700.0, ""601988.SH"": 12300.0}",0.01150671632,-0.01999622417
2024-03-28,60d momentum Top2,107132.208,107280,299.2079612,2,85.64673881,62.1453,207151,0,"{""601288.SH"": 12700.0, ""601988.SH"": 12300.0}",-0.02502679962,-0.04452258229
2024-03-29,60d momentum Top2,108140.208,108288,299.2079612,2,85.64673881,62.1453,207151,0,"{""601288.SH"": 12700.0, ""601988.SH"": 12300.0}",0.009408935176,-0.0355325572
2024-04-01,60d momentum Top2,108878.208,109026,299.2079612,2,85.64673881,62.1453,207151,0,"{""601288.SH"": 12700.0, ""601988.SH"": 12300.0}",0.006824473652,-0.02895057455
2024-04-02,60d momentum Top2,109868.7148,110027,312.7148283,2,95.87887169,62.4063,208021,0,"{""601288.SH"": 12800.0, ""601988.SH"": 12200.0}",0.009097384001,-0.02011656504
2024-04-03,60d momentum Top2,109880.7148,110039,312.7148283,2,95.87887169,62.4063,208021,0,"{""601288.SH"": 12800.0, ""601988.SH"": 12200.0}",0.0001092212648,-0.02000954094
2024-04-08,60d momentum Top2,111130.7148,111289,312.7148283,2,95.87887169,62.4063,208021,0,"{""601288.SH"": 12800.0, ""601988.SH"": 12200.0}",0.01137597259,-0.008861196335
2024-04-09,60d momentum Top2,109874.7148,110033,312.7148283,2,95.87887169,62.4063,208021,0,"{""601288.SH"": 12800.0, ""601988.SH"": 12200.0}",-0.01130200595,-0.02006305299
2024-04-10,60d momentum Top2,110124.7148,110283,312.7148283,2,95.87887169,62.4063,208021,0,"{""601288.SH"": 12800.0, ""601988.SH"": 12200.0}",0.002275318761,-0.01783338407
2024-04-11,60d momentum Top2,109624.7148,109783,312.7148283,2,95.87887169,62.4063,208021,0,"{""601288.SH"": 12800.0, ""601988.SH"": 12200.0}",-0.004540306876,-0.02229272191
2024-04-12,60d momentum Top2,109874.7148,110033,312.7148283,2,95.87887169,62.4063,208021,0,"{""601288.SH"": 12800.0, ""601988.SH"": 12200.0}",0.002280507643,-0.02006305299
2024-04-15,60d momentum Top2,112246.7148,112405,312.7148283,2,95.87887169,62.4063,208021,0,"{""601288.SH"": 12800.0, ""601988.SH"": 12200.0}",0.0215882244,0
2024-04-16,60d momentum Top2,113624.7148,113783,312.7148283,2,95.87887169,62.4063,208021,0,"{""601288.SH"": 12800.0, ""601988.SH"": 12200.0}",0.01227652856,0
2024-04-17,60d momentum Top2,114252.7148,114411,312.7148283,2,95.87887169,62.4063,208021,0,"{""601288.SH"": 12800.0, ""601988.SH"": 12200.0}",0.005526966567,0
2024-04-18,60d momentum Top2,115002.7148,115161,312.7148283,2,95.87887169,62.4063,208021,0,"{""601288.SH"": 12800.0, ""601988.SH"": 12200.0}",0.006564395438,0
2024-04-19,60d momentum Top2,116008.7148,116167,312.7148283,2,95.87887169,62.4063,208021,0,"{""601288.SH"": 12800.0, ""601988.SH"": 12200.0}",0.00874761958,0
2024-04-22,60d momentum Top2,114764.7148,114923,312.7148283,2,95.87887169,62.4063,208021,0,"{""601288.SH"": 12800.0, ""601988.SH"": 12200.0}",-0.01072333231,-0.01072333231
2024-04-23,60d momentum Top2,114764.7148,114923,312.7148283,2,95.87887169,62.4063,208021,0,"{""601288.SH"": 12800.0, ""601988.SH"": 12200.0}",0,-0.01072333231
2024-04-24,60d momentum Top2,114270.7148,114429,312.7148283,2,95.87887169,62.4063,208021,0,"{""601288.SH"": 12800.0, ""601988.SH"": 12200.0}",-0.004304458916,-0.01498163308
2024-04-25,60d momentum Top2,115282.7148,115441,312.7148283,2,95.87887169,62.4063,208021,0,"{""601288.SH"": 12800.0, ""601988.SH"": 12200.0}",0.008856162329,-0.006258150528
2024-04-26,60d momentum Top2,112904.7148,113063,312.7148283,2,95.87887169,62.4063,208021,0,"{""601288.SH"": 12800.0, ""601988.SH"": 12200.0}",-0.02062755031,-0.02675661052
2024-04-29,60d momentum Top2,112514.7148,112673,312.7148283,2,95.87887169,62.4063,208021,0,"{""601288.SH"": 12800.0, ""601988.SH"": 12200.0}",-0.003454240158,-0.03011842692
2024-04-30,60d momentum Top2,112630.7148,112789,312.7148283,2,95.87887169,62.4063,208021,0,"{""601288.SH"": 12800.0, ""601988.SH"": 12200.0}",0.001030976261,-0.02911850205
2024-05-06,60d momentum Top2,110648.7148,110807,312.7148283,2,95.87887169,62.4063,208021,0,"{""601288.SH"": 12800.0, ""601988.SH"": 12200.0}",-0.01759733127,-0.04620342539
2024-05-07,60d momentum Top2,111250.1142,111497,106.1142175,2,151.6504825,95.2353,317451,0,"{""601288.SH"": 12800.0, ""601398.SH"": 10200.0}",0.005435213505,-0.04101933736
2024-05-08,60d momentum Top2,111992.1142,112239,106.1142175,2,151.6504825,95.2353,317451,0,"{""601288.SH"": 12800.0, ""601398.SH"": 10200.0}",0.006669656074,-0.03462326616
2024-05-09,60d momentum Top2,111046.1142,111293,106.1142175,2,151.6504825,95.2353,317451,0,"{""601288.SH"": 12800.0, ""601398.SH"": 10200.0}",-0.008447023316,-0.04277782594
2024-05-10,60d momentum Top2,111122.1142,111369,106.1142175,2,151.6504825,95.2353,317451,0,"{""601288.SH"": 12800.0, ""601398.SH"": 10200.0}",0.0006844003551,-0.04212270275
2024-05-13,60d momentum Top2,111352.1142,111599,106.1142175,2,151.6504825,95.2353,317451,0,"{""601288.SH"": 12800.0, ""601398.SH"": 10200.0}",0.002069795032,-0.04014009308
2024-05-14,60d momentum Top2,110432.1142,110679,106.1142175,2,151.6504825,95.2353,317451,0,"{""601288.SH"": 12800.0, ""601398.SH"": 10200.0}",-0.008262079319,-0.04807053176
2024-05-15,60d momentum Top2,110534.1142,110781,106.1142175,2,151.6504825,95.2353,317451,0,"{""601288.SH"": 12800.0, ""601398.SH"": 10200.0}",0.0009236443649,-0.04719128747
2024-05-16,60d momentum Top2,110968.1142,111215,106.1142175,2,151.6504825,95.2353,317451,0,"{""601288.SH"": 12800.0, ""601398.SH"": 10200.0}",0.003926389632,-0.04345018922
2024-05-17,60d momentum Top2,111964.1142,112211,106.1142175,2,151.6504825,95.2353,317451,0,"{""601288.SH"": 12800.0, ""601398.SH"": 10200.0}",0.008975551284,-0.03486462734
2024-05-20,60d momentum Top2,111734.1142,111981,106.1142175,2,151.6504825,95.2353,317451,0,"{""601288.SH"": 12800.0, ""601398.SH"": 10200.0}",-0.002054229622,-0.03684723701
2024-05-21,60d momentum Top2,112654.1142,112901,106.1142175,2,151.6504825,95.2353,317451,0,"{""601288.SH"": 12800.0, ""601398.SH"": 10200.0}",0.00823383267,-0.02891679833
2024-05-22,60d momentum Top2,112884.1142,113131,106.1142175,2,151.6504825,95.2353,317451,0,"{""601288.SH"": 12800.0, ""601398.SH"": 10200.0}",0.002041647583,-0.02693418865
2024-05-23,60d momentum Top2,112424.1142,112671,106.1142175,2,151.6504825,95.2353,317451,0,"{""601288.SH"": 12800.0, ""601398.SH"": 10200.0}",-0.004074975502,-0.030899408
2024-05-24,60d momentum Top2,111786.1142,112033,106.1142175,2,151.6504825,95.2353,317451,0,"{""601288.SH"": 12800.0, ""601398.SH"": 10200.0}",-0.005674939086,-0.03639899483
2024-05-27,60d momentum Top2,112962.1142,113209,106.1142175,2,151.6504825,95.2353,317451,0,"{""601288.SH"": 12800.0, ""601398.SH"": 10200.0}",0.01052009016,-0.02626182538
2024-05-28,60d momentum Top2,113192.1142,113439,106.1142175,2,151.6504825,95.2353,317451,0,"{""601288.SH"": 12800.0, ""601398.SH"": 10200.0}",0.002036080872,-0.0242792157
2024-05-29,60d momentum Top2,112604.1142,112851,106.1142175,2,151.6504825,95.2353,317451,0,"{""601288.SH"": 12800.0, ""601398.SH"": 10200.0}",-0.005194708166,-0.02934780043
2024-05-30,60d momentum Top2,111786.1142,112033,106.1142175,2,151.6504825,95.2353,317451,0,"{""601288.SH"": 12800.0, ""601398.SH"": 10200.0}",-0.007264388212,-0.03639899483
2024-05-31,60d momentum Top2,111684.1142,111931,106.1142175,2,151.6504825,95.2353,317451,0,"{""601288.SH"": 12800.0, ""601398.SH"": 10200.0}",-0.0009124567994,-0.03727823912
2024-06-03,60d momentum Top2,112042.1142,112289,106.1142175,2,151.6504825,95.2353,317451,0,"{""601288.SH"": 12800.0, ""601398.SH"": 10200.0}",0.003205469305,-0.03419226406
2024-06-04,60d momentum Top2,112348.1142,112595,106.1142175,2,151.6504825,95.2353,317451,0,"{""601288.SH"": 12800.0, ""601398.SH"": 10200.0}",0.002731115903,-0.03155453119
2024-06-05,60d momentum Top2,112630.1142,112877,106.1142175,2,151.6504825,95.2353,317451,0,"{""601288.SH"": 12800.0, ""601398.SH"": 10200.0}",0.002510055482,-0.02912367934
2024-06-06,60d momentum Top2,112502.1142,112749,106.1142175,2,151.6504825,95.2353,317451,0,"{""601288.SH"": 12800.0, ""601398.SH"": 10200.0}",-0.001136463377,-0.03022704472
2024-06-07,60d momentum Top2,113924.4954,114171.3812,106.1142175,2,151.6504825,95.2353,317451,0,"{""601288.SH"": 13501.0285, ""601398.SH"": 10200.0}",0.01264315109,-0.01796605872
2024-06-11,60d momentum Top2,111893.4029,112140.2887,106.1142175,2,151.6504825,95.2353,317451,0,"{""601288.SH"": 13501.0285, ""601398.SH"": 10200.0}",-0.01782840954,-0.035474162
2024-06-12,60d momentum Top2,111350.3926,111597.2784,106.1142175,2,151.6504825,95.2353,317451,0,"{""601288.SH"": 13501.0285, ""601398.SH"": 10200.0}",-0.004852924932,-0.04015493349
2024-06-13,60d momentum Top2,112466.4543,112713.3401,106.1142175,2,151.6504825,95.2353,317451,0,"{""601288.SH"": 13501.0285, ""601398.SH"": 10200.0}",0.01002297057,-0.03053443464
2024-06-14,60d momentum Top2,113585.4852,113832.3709,106.1142175,2,151.6504825,95.2353,317451,0,"{""601288.SH"": 13501.0285, ""601398.SH"": 10200.0}",0.009949907825,-0.02088834163
2024-06-17,60d momentum Top2,111791.4029,112038.2887,106.1142175,2,151.6504825,95.2353,317451,0,"{""601288.SH"": 13501.0285, ""601398.SH"": 10200.0}",-0.01579499594,-0.03635340629
2024-06-18,60d momentum Top2,112130.4132,112377.299,106.1142175,2,151.6504825,95.2353,317451,0,"{""601288.SH"": 13501.0285, ""601398.SH"": 10200.0}",0.003032525542,-0.03343112339
2024-06-19,60d momentum Top2,113180.4543,113427.3401,106.1142175,2,151.6504825,95.2353,317451,0,"{""601288.SH"": 13501.0285, ""601398.SH"": 10200.0}",0.009364463294,-0.02437972462
2024-06-20,60d momentum Top2,113654.4749,113901.3607,106.1142175,2,151.6504825,95.2353,317451,0,"{""601288.SH"": 13501.0285, ""601398.SH"": 10200.0}",0.004188184012,-0.02029364738
2024-06-21,60d momentum Top2,112877.4235,113124.3092,106.1142175,2,151.6504825,95.2353,317451,0,"{""601288.SH"": 13501.0285, ""601398.SH"": 10200.0}",-0.006836962854,-0.02699186332
2024-06-24,60d momentum Top2,114299.4852,114546.3709,106.1142175,2,151.6504825,95.2353,317451,0,"{""601288.SH"": 13501.0285, ""601398.SH"": 10200.0}",0.01259828284,-0.0147336316
2024-06-25,60d momentum Top2,114751.217,114998.1027,106.1142175,2,151.6504825,95.2353,317451,0,"{""601288.SH"": 13502.9456, ""601398.SH"": 10200.4562}",0.003952176996,-0.01083968453
2024-06-26,60d momentum Top2,115324.7213,115571.6071,106.1142175,2,151.6504825,95.2353,317451,0,"{""601288.SH"": 13502.9456, ""601398.SH"": 10200.0}",0.004997806255,-0.005896052917
2024-06-27,60d momentum Top2,116578.8391,116825.7249,106.1142175,2,151.6504825,95.2353,317451,0,"{""601288.SH"": 13502.9456, ""601398.SH"": 10200.0}",0.01087466598,0
2024-06-28,60d momentum Top2,117118.957,117365.8427,106.1142175,2,151.6504825,95.2353,317451,0,"{""601288.SH"": 13502.9456, ""601398.SH"": 10200.0}",0.004633069151,0
2024-07-01,60d momentum Top2,119423.1926,119670.0784,106.1142175,2,151.6504825,95.2353,317451,0,"{""601288.SH"": 13502.9456, ""601398.SH"": 10200.0}",0.01967431837,0
2024-07-02,60d momentum Top2,122033.4282,122280.314,106.1142175,2,151.6504825,95.2353,317451,0,"{""601288.SH"": 13502.9456, ""601398.SH"": 10200.0}",0.0218570245,0
2024-07-03,60d momentum Top2,120812.3399,121059.2257,106.1142175,2,151.6504825,95.2353,317451,0,"{""601288.SH"": 13502.9456, ""601398.SH"": 10200.0}",-0.01000617933,-0.01000617933
2024-07-04,60d momentum Top2,122066.4577,122313.3435,106.1142175,2,151.6504825,95.2353,317451,0,"{""601288.SH"": 13502.9456, ""601398.SH"": 10200.0}",0.01038070966,0
2024-07-05,60d momentum Top2,119795.2515,120042.1373,106.1142175,2,151.6504825,95.2353,317451,0,"{""601288.SH"": 13502.9456, ""601398.SH"": 10200.0}",-0.01860630867,-0.01860630867
2024-07-08,60d momentum Top2,120947.3693,121194.2551,106.1142175,2,151.6504825,95.2353,317451,0,"{""601288.SH"": 13502.9456, ""601398.SH"": 10200.0}",0.009617391413,-0.009167861413
2024-07-09,60d momentum Top2,121862.4577,122109.3435,106.1142175,2,151.6504825,95.2353,317451,0,"{""601288.SH"": 13502.9456, ""601398.SH"": 10200.0}",0.007566004722,-0.001671220775
2024-07-10,60d momentum Top2,122744.5166,122991.4024,106.1142175,2,151.6504825,95.2353,317451,0,"{""601288.SH"": 13502.9456, ""601398.SH"": 10200.0}",0.007238151341,0
2024-07-11,60d momentum Top2,121490.3988,121737.2846,106.1142175,2,151.6504825,95.2353,317451,0,"{""601288.SH"": 13502.9456, ""601398.SH"": 10200.0}",-0.01021730223,-0.01021730223
2024-07-12,60d momentum Top2,124235.6639,124482.5497,106.1142175,2,151.6504825,95.2353,317451,0,"{""601288.SH"": 13502.9456, ""601398.SH"": 10200.0}",0.02259656014,0
2024-07-15,60d momentum Top2,127080.0174,127326.9031,106.1142175,2,151.6504825,95.2353,317451,0,"{""601288.SH"": 13502.9456, ""601398.SH"": 10200.0}",0.02289482247,0
2024-07-16,60d momentum Top2,126945.4121,127192.2979,106.1142175,2,151.6504825,95.2353,317451,0,"{""601288.SH"": 13502.9456, ""601398.SH"": 10736.9141}",-0.001059216224,-0.001059216224
2024-07-17,60d momentum Top2,127295.1799,127542.0657,106.1142175,2,151.6504825,95.2353,317451,0,"{""601288.SH"": 13502.9456, ""601398.SH"": 10736.9141}",0.002755260963,0
2024-07-18,60d momentum Top2,127295.1799,127542.0657,106.1142175,2,151.6504825,95.2353,317451,0,"{""601288.SH"": 13502.9456, ""601398.SH"": 10736.9141}",0,0
2024-07-19,60d momentum Top2,127160.1504,127407.0362,106.1142175,2,151.6504825,95.2353,317451,0,"{""601288.SH"": 13502.9456, ""601398.SH"": 10736.9141}",-0.001060758592,-0.001060758592
2024-07-22,60d momentum Top2,125463.3602,125710.246,106.1142175,2,151.6504825,95.2353,317451,0,"{""601288.SH"": 13502.9456, ""601398.SH"": 10736.9141}",-0.0133437258,-0.01439032992
2024-07-23,60d momentum Top2,128638.9302,128885.816,106.1142175,2,151.6504825,95.2353,317451,0,"{""601288.SH"": 13502.9456, ""601398.SH"": 10736.9141}",0.02531073577,0
2024-07-24,60d momentum Top2,129580.8643,129827.7501,106.1142175,2,151.6504825,95.2353,317451,0,"{""601288.SH"": 13502.9456, ""601398.SH"": 10736.9141}",0.007322309604,0
2024-07-25,60d momentum Top2,128905.717,129152.6028,106.1142175,2,151.6504825,95.2353,317451,0,"{""601288.SH"": 13502.9456, ""601398.SH"": 10736.9141}",-0.005210239049,-0.005210239049
2024-07-26,60d momentum Top2,126159.6236,126406.5094,106.1142175,2,151.6504825,95.2353,317451,0,"{""601288.SH"": 13502.9456, ""601398.SH"": 10736.9141}",-0.02130311564,-0.02640236036
2024-07-29,60d momentum Top2,127776.705,128023.5907,106.1142175,2,151.6504825,95.2353,317451,0,"{""601288.SH"": 13502.9456, ""601398.SH"": 10736.9141}",0.01281774079,-0.01392303818
2024-07-30,60d momentum Top2,127884.0741,128130.9599,106.1142175,2,151.6504825,95.2353,317451,0,"{""601288.SH"": 13502.9456, ""601398.SH"": 10736.9141}",0.0008402872915,-0.01309445024
2024-07-31,60d momentum Top2,124895.5821,125142.4679,106.1142175,2,151.6504825,95.2353,317451,0,"{""601288.SH"": 13502.9456, ""601398.SH"": 10736.9141}",-0.0233687581,-0.0361572073
2024-08-01,60d momentum Top2,125757.8074,126004.6931,106.1142175,2,151.6504825,95.2353,317451,0,"{""601288.SH"": 13502.9456, ""601398.SH"": 10736.9141}",0.006903568827,-0.02950325225
2024-08-02,60d momentum Top2,125853.9866,126201.6637,470.9314934,2,215.1513112,132.5257826,441752.6086,0,"{""601398.SH"": 10736.9141, ""601939.SH"": 8300.0}",0.0007647973113,-0.02876101894
2024-08-05,60d momentum Top2,125912.6175,126260.2945,470.9314934,2,215.1513112,132.5257826,441752.6086,0,"{""601398.SH"": 10736.9141, ""601939.SH"": 8300.0}",0.0004658641356,-0.02830855353
2024-08-06,60d momentum Top2,124414.0335,124761.7106,470.9314934,2,215.1513112,132.5257826,441752.6086,0,"{""601398.SH"": 10736.9141, ""601939.SH"": 8300.0}",-0.01190177775,-0.03987340918
2024-08-07,60d momentum Top2,124877.7717,125225.4488,470.9314934,2,215.1513112,132.5257826,441752.6086,0,"{""601398.SH"": 10736.9141, ""601939.SH"": 8300.0}",0.003727379217,-0.03629465327
2024-08-08,60d momentum Top2,125414.6175,125762.2945,470.9314934,2,215.1513112,132.5257826,441752.6086,0,"{""601398.SH"": 10736.9141, ""601939.SH"": 8300.0}",0.004298969297,-0.03215171358
2024-08-09,60d momentum Top2,126449.4632,126797.1403,470.9314934,2,215.1513112,132.5257826,441752.6086,0,"{""601398.SH"": 10736.9141, ""601939.SH"": 8300.0}",0.00825139627,-0.02416561384
2024-08-12,60d momentum Top2,127865.0471,128212.7242,470.9314934,2,215.1513112,132.5257826,441752.6086,0,"{""601398.SH"": 10736.9141, ""601939.SH"": 8300.0}",0.01119485962,-0.01324128487
2024-08-13,60d momentum Top2,128470.4163,128818.0934,470.9314934,2,215.1513112,132.5257826,441752.6086,0,"{""601398.SH"": 10736.9141, ""601939.SH"": 8300.0}",0.004734438025,-0.008569536888
2024-08-14,60d momentum Top2,128519.1546,128866.8317,470.9314934,2,215.1513112,132.5257826,441752.6086,0,"{""601398.SH"": 10736.9141, ""601939.SH"": 8300.0}",0.000379373587,-0.008193414357
2024-08-15,60d momentum Top2,129422.262,129769.9391,470.9314934,2,215.1513112,132.5257826,441752.6086,0,"{""601398.SH"": 10736.9141, ""601939.SH"": 8300.0}",0.00702702587,-0.001223963821
2024-08-16,60d momentum Top2,131799.5843,132147.2614,470.9314934,2,215.1513112,132.5257826,441752.6086,0,"{""601398.SH"": 10736.9141, ""601939.SH"": 8300.0}",0.01836872757,0
2024-08-19,60d momentum Top2,134606.3831,134954.0602,470.9314934,2,215.1513112,132.5257826,441752.6086,0,"{""601398.SH"": 10736.9141, ""601939.SH"": 8300.0}",0.02129596123,0
2024-08-20,60d momentum Top2,136973.8128,137321.4899,470.9314934,2,215.1513112,132.5257826,441752.6086,0,"{""601398.SH"": 10736.9141, ""601939.SH"": 8300.0}",0.01758779667,0
2024-08-21,60d momentum Top2,135426.4905,135774.1676,470.9314934,2,215.1513112,132.5257826,441752.6086,0,"{""601398.SH"": 10736.9141, ""601939.SH"": 8300.0}",-0.01129648245,-0.01129648245
2024-08-22,60d momentum Top2,137627.9202,137975.5973,470.9314934,2,215.1513112,132.5257826,441752.6086,0,"{""601398.SH"": 10736.9141, ""601939.SH"": 8300.0}",0.01625553234,0
2024-08-23,60d momentum Top2,138223.3968,138571.0739,470.9314934,2,215.1513112,132.5257826,441752.6086,0,"{""601398.SH"": 10736.9141, ""601939.SH"": 8300.0}",0.00432671339,0
2024-08-26,60d momentum Top2,137901.2894,138248.9665,470.9314934,2,215.1513112,132.5257826,441752.6086,0,"{""601398.SH"": 10736.9141, ""601939.SH"": 8300.0}",-0.002330339374,-0.002330339374
2024-08-27,60d momentum Top2,139970.9808,140318.6579,470.9314934,2,215.1513112,132.5257826,441752.6086,0,"{""601398.SH"": 10736.9141, ""601939.SH"": 8300.0}",0.01500849936,0
2024-08-28,60d momentum Top2,138711.5042,139059.1813,470.9314934,2,215.1513112,132.5257826,441752.6086,0,"{""601398.SH"": 10736.9141, ""601939.SH"": 8300.0}",-0.008998126314,-0.008998126314
2024-08-29,60d momentum Top2,132907.5374,133255.2145,470.9314934,2,215.1513112,132.5257826,441752.6086,0,"{""601398.SH"": 10736.9141, ""601939.SH"": 8300.0}",-0.04184200041,-0.05046362712
2024-08-30,60d momentum Top2,127176.678,127524.3551,470.9314934,2,215.1513112,132.5257826,441752.6086,0,"{""601398.SH"": 10736.9141, ""601939.SH"": 8300.0}",-0.04311914511,-0.09140682377
2024-09-02,60d momentum Top2,126332.2014,126679.8785,470.9314934,2,215.1513112,132.5257826,441752.6086,0,"{""601398.SH"": 10736.9141, ""601939.SH"": 8300.0}",-0.00664018418,-0.0974400498
2024-09-03,60d momentum Top2,122845.6893,123294.234,73.06393527,2,278.6295693,169.9150826,566383.6086,-1.455191523e-11,"{""601398.SH"": 10736.9141, ""601988.SH"": 12800.0}",-0.02759796839,-0.1223488708
2024-09-04,60d momentum Top2,122052.8436,122501.3883,73.06393527,2,278.6295693,169.9150826,566383.6086,0,"{""601398.SH"": 10736.9141, ""601988.SH"": 12800.0}",-0.006453996969,-0.1280132285
2024-09-05,60d momentum Top2,120809.8905,121258.4352,73.06393527,2,278.6295693,169.9150826,566383.6086,0,"{""601398.SH"": 10736.9141, ""601988.SH"": 12800.0}",-0.01018372939,-0.1368933058
2024-09-06,60d momentum Top2,121045.2596,121493.8043,73.06393527,2,278.6295693,169.9150826,566383.6086,-1.455191523e-11,"{""601398.SH"": 10736.9141, ""601988.SH"": 12800.0}",0.00194826053,-0.1352117491
2024-09-09,60d momentum Top2,120211.1522,120659.6969,73.06393527,2,278.6295693,169.9150826,566383.6086,0,"{""601398.SH"": 10736.9141, ""601988.SH"": 12800.0}",-0.006890872277,-0.1411708945
2024-09-10,60d momentum Top2,122391.3671,122839.9117,73.06393527,2,278.6295693,169.9150826,566383.6086,0,"{""601398.SH"": 10736.9141, ""601988.SH"": 12800.0}",0.01813654397,-0.1255947027
2024-09-11,60d momentum Top2,118819.5682,119268.1129,73.06393527,2,278.6295693,169.9150826,566383.6086,-1.455191523e-11,"{""601398.SH"": 10736.9141, ""601988.SH"": 12800.0}",-0.02918342137,-0.1511128409
2024-09-12,60d momentum Top2,118819.5682,119268.1129,73.06393527,2,278.6295693,169.9150826,566383.6086,-1.455191523e-11,"{""601398.SH"": 10736.9141, ""601988.SH"": 12800.0}",0,-0.1511128409
2024-09-13,60d momentum Top2,118394.3065,118842.8512,73.06393527,2,278.6295693,169.9150826,566383.6086,0,"{""601398.SH"": 10736.9141, ""601988.SH"": 12800.0}",-0.003579054559,-0.1541510544
2024-09-18,60d momentum Top2,120578.7362,121027.2809,73.06393527,2,278.6295693,169.9150826,566383.6086,0,"{""601398.SH"": 10736.9141, ""601988.SH"": 12800.0}",0.01845046236,-0.1385447502
2024-09-19,60d momentum Top2,119744.6288,120193.1734,73.06393527,2,278.6295693,169.9150826,566383.6086,-1.455191523e-11,"{""601398.SH"": 10736.9141, ""601988.SH"": 12800.0}",-0.006917533308,-0.1445038956
2024-09-20,60d momentum Top2,120343.3671,120791.9117,73.06393527,2,278.6295693,169.9150826,566383.6086,-1.455191523e-11,"{""601398.SH"": 10736.9141, ""601988.SH"": 12800.0}",0.005000126425,-0.1402263069
2024-09-23,60d momentum Top2,121520.2128,121968.7574,73.06393527,2,278.6295693,169.9150826,566383.6086,-1.455191523e-11,"{""601398.SH"": 10736.9141, ""601988.SH"": 12800.0}",0.009779065812,-0.1318185234
2024-09-24,60d momentum Top2,127214.5487,127663.0934,73.06393527,2,278.6295693,169.9150826,566383.6086,0,"{""601398.SH"": 10736.9141, ""601988.SH"": 12800.0}",0.04685916711,-0.09113626251
2024-09-25,60d momentum Top2,127644.0253,128092.5699,73.06393527,2,278.6295693,169.9150826,566383.6086,0,"{""601398.SH"": 10736.9141, ""601988.SH"": 12800.0}",0.003376001956,-0.08806793676
2024-09-26,60d momentum Top2,130513.9316,130962.4762,73.06393527,2,278.6295693,169.9150826,566383.6086,0,"{""601398.SH"": 10736.9141, ""601988.SH"": 12800.0}",0.02248367093,-0.06756435633
2024-09-27,60d momentum Top2,126937.9179,127386.4625,73.06393527,2,278.6295693,169.9150826,566383.6086,0,"{""601398.SH"": 10736.9141, ""601988.SH"": 12800.0}",-0.02739947868,-0.09311260687
2024-09-30,60d momentum Top2,130427.1933,130875.7379,73.06393527,2,278.6295693,169.9150826,566383.6086,-1.455191523e-11,"{""601398.SH"": 10736.9141, ""601988.SH"": 12800.0}",0.02748804661,-0.06818404395
2024-10-08,60d momentum Top2,129398.9784,129847.5231,73.06393527,2,278.6295693,169.9150826,566383.6086,-1.455191523e-11,"{""601398.SH"": 10736.9141, ""601988.SH"": 12800.0}",-0.007883439198,-0.07552995838
2024-10-09,60d momentum Top2,126015.7706,126574.3082,462.7705618,2,349.733075,208.8045925,696015.3082,0,"{""601939.SH"": 8100.0, ""601988.SH"": 12900.0}",-0.02614555312,-0.09970073896
2024-10-10,60d momentum Top2,130701.7706,131260.3082,462.7705618,2,349.733075,208.8045925,696015.3082,0,"{""601939.SH"": 8100.0, ""601988.SH"": 12900.0}",0.03718582189,-0.06622237098
2024-10-11,60d momentum Top2,131316.7706,131875.3082,462.7705618,2,349.733075,208.8045925,696015.3082,1.455191523e-11,"{""601939.SH"": 8100.0, ""601988.SH"": 12900.0}",0.004705368545,-0.0618286031
2024-10-14,60d momentum Top2,136023.7706,136582.3082,462.7705618,2,349.733075,208.8045925,696015.3082,0,"{""601939.SH"": 8100.0, ""601988.SH"": 12900.0}",0.03584462198,-0.02820020403
2024-10-15,60d momentum Top2,131802.7706,132361.3082,462.7705618,2,349.733075,208.8045925,696015.3082,0,"{""601939.SH"": 8100.0, ""601988.SH"": 12900.0}",-0.03103134094,-0.05835645482
2024-10-16,60d momentum Top2,133968.7706,134527.3082,462.7705618,2,349.733075,208.8045925,696015.3082,0,"{""601939.SH"": 8100.0, ""601988.SH"": 12900.0}",0.01643364544,-0.04288181866
2024-10-17,60d momentum Top2,132675.7706,133234.3082,462.7705618,2,349.733075,208.8045925,696015.3082,0,"{""601939.SH"": 8100.0, ""601988.SH"": 12900.0}",-0.009651503067,-0.05211944773
2024-10-18,60d momentum Top2,132918.7706,133477.3082,462.7705618,2,349.733075,208.8045925,696015.3082,0,"{""601939.SH"": 8100.0, ""601988.SH"": 12900.0}",0.001831532607,-0.05038337359
2024-10-21,60d momentum Top2,130332.7706,130891.3082,462.7705618,2,349.733075,208.8045925,696015.3082,0,"{""601939.SH"": 8100.0, ""601988.SH"": 12900.0}",-0.01945549142,-0.06885863171
2024-10-22,60d momentum Top2,130122.7706,130681.3082,462.7705618,2,349.733075,208.8045925,696015.3082,0,"{""601939.SH"": 8100.0, ""601988.SH"": 12900.0}",-0.001611260154,-0.0703589427
2024-10-23,60d momentum Top2,130380.7706,130939.3082,462.7705618,2,349.733075,208.8045925,696015.3082,0,"{""601939.SH"": 8100.0, ""601988.SH"": 12900.0}",0.001982742904,-0.06851570349
2024-10-24,60d momentum Top2,130413.7706,130972.3082,462.7705618,2,349.733075,208.8045925,696015.3082,0,"{""601939.SH"": 8100.0, ""601988.SH"": 12900.0}",0.0002531048088,-0.06827994033
2024-10-25,60d momentum Top2,129492.7706,130051.3082,462.7705618,2,349.733075,208.8045925,696015.3082,0,"{""601939.SH"": 8100.0, ""601988.SH"": 12900.0}",-0.007062137656,-0.07485987565
2024-10-28,60d momentum Top2,128295.7706,128854.3082,462.7705618,2,349.733075,208.8045925,696015.3082,0,"{""601939.SH"": 8100.0, ""601988.SH"": 12900.0}",-0.009243759283,-0.08341164827
2024-10-29,60d momentum Top2,128553.7706,129112.3082,462.7705618,2,349.733075,208.8045925,696015.3082,0,"{""601939.SH"": 8100.0, ""601988.SH"": 12900.0}",0.002010978218,-0.08156840906
2024-10-30,60d momentum Top2,126921.7706,127480.3082,462.7705618,2,349.733075,208.8045925,696015.3082,0,"{""601939.SH"": 8100.0, ""601988.SH"": 12900.0}",-0.01269507688,-0.09322796871
2024-10-31,60d momentum Top2,126873.7706,127432.3082,462.7705618,2,349.733075,208.8045925,696015.3082,0,"{""601939.SH"": 8100.0, ""601988.SH"": 12900.0}",-0.0003781857107,-0.09357089693
2024-11-01,60d momentum Top2,128700.7706,129259.3082,462.7705618,2,349.733075,208.8045925,696015.3082,0,"{""601939.SH"": 8100.0, ""601988.SH"": 12900.0}",0.01440013954,-0.08051819137
2024-11-04,60d momentum Top2,128674.4429,129341.3082,282.4429489,2,419.706288,247.1589925,823863.3082,0,"{""601398.SH"": 10400.0, ""601939.SH"": 8000.0}",-0.0002045645323,-0.08070628473
2024-11-05,60d momentum Top2,129122.4429,129789.3082,282.4429489,2,419.706288,247.1589925,823863.3082,0,"{""601398.SH"": 10400.0, ""601939.SH"": 8000.0}",0.003481654863,-0.0775056213
2024-11-06,60d momentum Top2,127618.4429,128285.3082,282.4429489,2,419.706288,247.1589925,823863.3082,0,"{""601398.SH"": 10400.0, ""601939.SH"": 8000.0}",-0.01164785893,-0.08825070568
2024-11-07,60d momentum Top2,128882.4429,129549.3082,282.4429489,2,419.706288,247.1589925,823863.3082,0,"{""601398.SH"": 10400.0, ""601939.SH"": 8000.0}",0.00990452454,-0.07922026242
2024-11-08,60d momentum Top2,127826.4429,128493.3082,282.4429489,2,419.706288,247.1589925,823863.3082,0,"{""601398.SH"": 10400.0, ""601939.SH"": 8000.0}",-0.008193513219,-0.08676468338
2024-11-11,60d momentum Top2,126298.4429,126965.3082,282.4429489,2,419.706288,247.1589925,823863.3082,0,"{""601398.SH"": 10400.0, ""601939.SH"": 8000.0}",-0.01195370821,-0.09768123187
2024-11-12,60d momentum Top2,125482.4429,126149.3082,282.4429489,2,419.706288,247.1589925,823863.3082,0,"{""601398.SH"": 10400.0, ""601939.SH"": 8000.0}",-0.006460887252,-0.1035110117
2024-11-13,60d momentum Top2,126058.4429,126725.3082,282.4429489,2,419.706288,247.1589925,823863.3082,0,"{""601398.SH"": 10400.0, ""601939.SH"": 8000.0}",0.0045902836,-0.099395873
2024-11-14,60d momentum Top2,126770.4429,127437.3082,282.4429489,2,419.706288,247.1589925,823863.3082,0,"{""601398.SH"": 10400.0, ""601939.SH"": 8000.0}",0.005648173842,-0.09430910433
2024-11-15,60d momentum Top2,126562.4429,127229.3082,282.4429489,2,419.706288,247.1589925,823863.3082,0,"{""601398.SH"": 10400.0, ""601939.SH"": 8000.0}",-0.00164076101,-0.09579512664
2024-11-18,60d momentum Top2,128658.4429,129325.3082,282.4429489,2,419.706288,247.1589925,823863.3082,0,"{""601398.SH"": 10400.0, ""601939.SH"": 8000.0}",0.01656099512,-0.08082059414
2024-11-19,60d momentum Top2,127842.4429,128509.3082,282.4429489,2,419.706288,247.1589925,823863.3082,0,"{""601398.SH"": 10400.0, ""601939.SH"": 8000.0}",-0.006342374284,-0.08665037397
2024-11-20,60d momentum Top2,127738.4429,128405.3082,282.4429489,2,419.706288,247.1589925,823863.3082,0,"{""601398.SH"": 10400.0, ""601939.SH"": 8000.0}",-0.0008135013506,-0.08739338512
2024-11-21,60d momentum Top2,127554.4429,128221.3082,282.4429489,2,419.706288,247.1589925,823863.3082,0,"{""601398.SH"": 10400.0, ""601939.SH"": 8000.0}",-0.001440443423,-0.08870794332
2024-11-22,60d momentum Top2,125922.4429,126589.3082,282.4429489,2,419.706288,247.1589925,823863.3082,0,"{""601398.SH"": 10400.0, ""601939.SH"": 8000.0}",-0.01279453669,-0.100367503
2024-11-25,60d momentum Top2,126450.4429,127117.3082,282.4429489,2,419.706288,247.1589925,823863.3082,0,"{""601398.SH"": 10400.0, ""601939.SH"": 8000.0}",0.004193057152,-0.09659529249
2024-11-26,60d momentum Top2,128186.4429,128853.3082,282.4429489,2,419.706288,247.1589925,823863.3082,0,"{""601398.SH"": 10400.0, ""601939.SH"": 8000.0}",0.01372869845,-0.08419272169
2024-11-27,60d momentum Top2,129242.4429,129909.3082,282.4429489,2,419.706288,247.1589925,823863.3082,0,"{""601398.SH"": 10400.0, ""601939.SH"": 8000.0}",0.008238000647,-0.07664830074
2024-11-28,60d momentum Top2,128978.4429,129645.3082,282.4429489,2,419.706288,247.1589925,823863.3082,0,"{""601398.SH"": 10400.0, ""601939.SH"": 8000.0}",-0.002042672623,-0.07853440597
2024-11-29,60d momentum Top2,128082.4429,128749.3082,282.4429489,2,419.706288,247.1589925,823863.3082,0,"{""601398.SH"": 10400.0, ""601939.SH"": 8000.0}",-0.006946897323,-0.08493573284
2024-12-02,60d momentum Top2,127554.4429,128221.3082,282.4429489,2,419.706288,247.1589925,823863.3082,0,"{""601398.SH"": 10400.0, ""601939.SH"": 8000.0}",-0.004122344857,-0.08870794332
2024-12-03,60d momentum Top2,129420.3671,130293.3082,229.3670916,2,549.4648453,323.4762925,1078254.308,0,"{""601288.SH"": 13200.0, ""601988.SH"": 12700.0}",0.01462845276,-0.07537715052
2024-12-04,60d momentum Top2,129938.3671,130811.3082,229.3670916,2,549.4648453,323.4762925,1078254.308,0,"{""601288.SH"": 13200.0, ""601988.SH"": 12700.0}",0.004002461217,-0.07167638342
2024-12-05,60d momentum Top2,129689.3671,130562.3082,229.3670916,2,549.4648453,323.4762925,1078254.308,0,"{""601288.SH"": 13200.0, ""601988.SH"": 12700.0}",-0.001916293129,-0.07345532359
2024-12-06,60d momentum Top2,130339.3671,131212.3082,229.3670916,2,549.4648453,323.4762925,1078254.308,0,"{""601288.SH"": 13200.0, ""601988.SH"": 12700.0}",0.005011976036,-0.06881150388
2024-12-09,60d momentum Top2,131766.3671,132639.3082,229.3670916,2,549.4648453,323.4762925,1078254.308,0,"{""601288.SH"": 13200.0, ""601988.SH"": 12700.0}",0.01094834225,-0.05861653352
2024-12-10,60d momentum Top2,133056.3671,133929.3082,229.3670916,2,549.4648453,323.4762925,1078254.308,0,"{""601288.SH"": 13200.0, ""601988.SH"": 12700.0}",0.009790055144,-0.04940033747
2024-12-11,60d momentum Top2,130984.3671,131857.3082,229.3670916,2,549.4648453,323.4762925,1078254.308,0,"{""601288.SH"": 13200.0, ""601988.SH"": 12700.0}",-0.01557234761,-0.06420340585
2024-12-12,60d momentum Top2,132665.3671,133538.3082,229.3670916,2,549.4648453,323.4762925,1078254.308,0,"{""601288.SH"": 13200.0, ""601988.SH"": 12700.0}",0.01283359257,-0.05219377364
2024-12-13,60d momentum Top2,132015.3671,132888.3082,229.3670916,2,549.4648453,323.4762925,1078254.308,0,"{""601288.SH"": 13200.0, ""601988.SH"": 12700.0}",-0.004899545482,-0.05683759335
2024-12-16,60d momentum Top2,134483.3671,135356.3082,229.3670916,2,549.4648453,323.4762925,1078254.308,0,"{""601288.SH"": 13200.0, ""601988.SH"": 12700.0}",0.0186947933,-0.03920536711
2024-12-17,60d momentum Top2,134605.3671,135478.3082,229.3670916,2,549.4648453,323.4762925,1078254.308,0,"{""601288.SH"": 13200.0, ""601988.SH"": 12700.0}",0.0009071753826,-0.03833375787
2024-12-18,60d momentum Top2,134605.3671,135478.3082,229.3670916,2,549.4648453,323.4762925,1078254.308,0,"{""601288.SH"": 13200.0, ""601988.SH"": 12700.0}",0,-0.03833375787
2024-12-19,60d momentum Top2,133178.3671,134051.3082,229.3670916,2,549.4648453,323.4762925,1078254.308,0,"{""601288.SH"": 13200.0, ""601988.SH"": 12700.0}",-0.01060136034,-0.04852872823
2024-12-20,60d momentum Top2,133559.3671,134432.3082,229.3670916,2,549.4648453,323.4762925,1078254.308,0,"{""601288.SH"": 13200.0, ""601988.SH"": 12700.0}",0.002860824985,-0.04580673544
2024-12-23,60d momentum Top2,136809.3671,137682.3082,229.3670916,2,549.4648453,323.4762925,1078254.308,0,"{""601288.SH"": 13200.0, ""601988.SH"": 12700.0}",0.02433374814,-0.02258763687
2024-12-24,60d momentum Top2,138490.3671,139363.3082,229.3670916,2,549.4648453,323.4762925,1078254.308,0,"{""601288.SH"": 13200.0, ""601988.SH"": 12700.0}",0.01228717036,-0.01057800465
2024-12-25,60d momentum Top2,140298.3671,141171.3082,229.3670916,2,549.4648453,323.4762925,1078254.308,0,"{""601288.SH"": 13200.0, ""601988.SH"": 12700.0}",0.01305505963,0
2024-12-26,60d momentum Top2,140039.3671,140912.3082,229.3670916,2,549.4648453,323.4762925,1078254.308,0,"{""601288.SH"": 13200.0, ""601988.SH"": 12700.0}",-0.001846065677,-0.001846065677
2024-12-27,60d momentum Top2,139917.3671,140790.3082,229.3670916,2,549.4648453,323.4762925,1078254.308,0,"{""601288.SH"": 13200.0, ""601988.SH"": 12700.0}",-0.0008711836003,-0.002715641015
2024-12-30,60d momentum Top2,141344.3671,142217.3082,229.3670916,2,549.4648453,323.4762925,1078254.308,0,"{""601288.SH"": 13200.0, ""601988.SH"": 12700.0}",0.01019887688,0
2024-12-31,60d momentum Top2,140694.3671,141567.3082,229.3670916,2,549.4648453,323.4762925,1078254.308,0,"{""601288.SH"": 13200.0, ""601988.SH"": 12700.0}",-0.004598697588,-0.004598697588
2025-01-02,60d momentum Top2,137068.3671,137941.3082,229.3670916,2,549.4648453,323.4762925,1078254.308,0,"{""601288.SH"": 13200.0, ""601988.SH"": 12700.0}",-0.02577217606,-0.03025235521
2025-01-03,60d momentum Top2,135571.6229,136555.3082,526.6229196,2,619.2266172,364.4586925,1214862.308,0,"{""601398.SH"": 10000.0, ""601988.SH"": 12700.0}",-0.01091969069,-0.04084169954
2025-01-06,60d momentum Top2,136479.6229,137463.3082,526.6229196,2,619.2266172,364.4586925,1214862.308,0,"{""601398.SH"": 10000.0, ""601988.SH"": 12700.0}",0.006697566795,-0.03441767275
2025-01-07,60d momentum Top2,138186.9473,139170.6326,526.6229196,2,619.2266172,364.4586925,1214862.308,0,"{""601398.SH"": 10212.0066, ""601988.SH"": 12700.0}",0.01250973811,-0.02233849071
2025-01-08,60d momentum Top2,139663.7877,140647.473,526.6229196,2,619.2266172,364.4586925,1214862.308,-2.910383046e-11,"{""601398.SH"": 10212.0066, ""601988.SH"": 12700.0}",0.01068726456,-0.01188996351
2025-01-09,60d momentum Top2,138391.1874,139374.8727,526.6229196,2,619.2266172,364.4586925,1214862.308,-2.910383046e-11,"{""601398.SH"": 10212.0066, ""601988.SH"": 12700.0}",-0.009111884706,-0.02089350824
2025-01-10,60d momentum Top2,137855.7071,138839.3924,526.6229196,2,619.2266172,364.4586925,1214862.308,0,"{""601398.SH"": 10212.0066, ""601988.SH"": 12700.0}",-0.003869323439,-0.02468198794
2025-01-13,60d momentum Top2,135870.8667,136854.552,526.6229196,2,619.2266172,364.4586925,1214862.308,0,"{""601398.SH"": 10212.0066, ""601988.SH"": 12700.0}",-0.01439795642,-0.03872457418
2025-01-14,60d momentum Top2,136988.9867,137972.672,526.6229196,2,619.2266172,364.4586925,1214862.308,0,"{""601398.SH"": 10212.0066, ""601988.SH"": 12700.0}",0.008229284862,-0.03081396487
2025-01-15,60d momentum Top2,137447.2269,138430.9122,526.6229196,2,619.2266172,364.4586925,1214862.308,0,"{""601398.SH"": 10212.0066, ""601988.SH"": 12700.0}",0.003345087393,-0.02757195288
2025-01-16,60d momentum Top2,138338.8272,139322.5125,526.6229196,2,619.2266172,364.4586925,1214862.308,0,"{""601398.SH"": 10212.0066, ""601988.SH"": 12700.0}",0.006486855732,-0.02126395243
2025-01-17,60d momentum Top2,137242.9867,138226.672,526.6229196,2,619.2266172,364.4586925,1214862.308,0,"{""601398.SH"": 10212.0066, ""601988.SH"": 12700.0}",-0.007921423697,-0.02901693535
2025-01-20,60d momentum Top2,136326.5065,137310.1918,526.6229196,2,619.2266172,364.4586925,1214862.308,0,"{""601398.SH"": 10212.0066, ""601988.SH"": 12700.0}",-0.006677793066,-0.03550095932
2025-01-21,60d momentum Top2,136122.2663,137105.9516,526.6229196,2,619.2266172,364.4586925,1214862.308,-2.910383046e-11,"{""601398.SH"": 10212.0066, ""601988.SH"": 12700.0}",-0.001498168902,-0.03694594179
2025-01-22,60d momentum Top2,133728.9456,134712.6309,526.6229196,2,619.2266172,364.4586925,1214862.308,-2.910383046e-11,"{""601398.SH"": 10212.0066, ""601988.SH"": 12700.0}",-0.01758213989,-0.05387849297
2025-01-23,60d momentum Top2,137924.6495,138908.3348,526.6229196,2,619.2266172,364.4586925,1214862.308,0,"{""601398.SH"": 10212.0066, ""601988.SH"": 12993.6446}",0.03137468735,-0.02419422649
2025-01-24,60d momentum Top2,137636.9602,138620.6455,526.6229196,2,619.2266172,364.4586925,1214862.308,-2.910383046e-11,"{""601398.SH"": 10212.0066, ""601988.SH"": 12993.6446}",-0.002085843786,-0.0262296049
2025-01-27,60d momentum Top2,140987.8714,141971.5567,526.6229196,2,619.2266172,364.4586925,1214862.308,-2.910383046e-11,"{""601398.SH"": 10212.0066, ""601988.SH"": 12993.6446}",0.02434601316,-0.002522178046
2025-02-05,60d momentum Top2,137971.1368,138954.8221,526.6229196,2,619.2266172,364.4586925,1214862.308,0,"{""601398.SH"": 10212.0066, ""601988.SH"": 12993.6446}",-0.02139712186,-0.02386533255
2025-02-06,60d momentum Top2,137711.2639,138694.9492,526.6229196,2,619.2266172,364.4586925,1214862.308,-2.910383046e-11,"{""601398.SH"": 10212.0066, ""601988.SH"": 12993.6446}",-0.001883530853,-0.02570391231
2025-02-07,60d momentum Top2,137451.391,138435.0763,526.6229196,2,619.2266172,364.4586925,1214862.308,0,"{""601398.SH"": 10212.0066, ""601988.SH"": 12993.6446}",-0.001887085236,-0.02754249208
2025-02-10,60d momentum Top2,137117.2144,138100.8997,526.6229196,2,619.2266172,364.4586925,1214862.308,0,"{""601398.SH"": 10212.0066, ""601988.SH"": 12993.6446}",-0.00243123461,-0.02990676443
2025-02-11,60d momentum Top2,140078.3163,141062.0016,526.6229196,2,619.2266172,364.4586925,1214862.308,0,"{""601398.SH"": 10212.0066, ""601988.SH"": 12993.6446}",0.02159540593,-0.008957207215
2025-02-12,60d momentum Top2,141155.1497,142138.835,526.6229196,2,619.2266172,364.4586925,1214862.308,0,"{""601398.SH"": 10212.0066, ""601988.SH"": 12993.6446}",0.007687366978,-0.001338697576
2025-02-13,60d momentum Top2,141897.8066,142881.4919,526.6229196,2,619.2266172,364.4586925,1214862.308,-2.910383046e-11,"{""601398.SH"": 10212.0066, ""601988.SH"": 12993.6446}",0.005261280552,0
2025-02-14,60d momentum Top2,142204.1668,143187.8521,526.6229196,2,619.2266172,364.4586925,1214862.308,0,"{""601398.SH"": 10212.0066, ""601988.SH"": 12993.6446}",0.002159019975,0
2025-02-17,60d momentum Top2,142287.6159,143271.3012,526.6229196,2,619.2266172,364.4586925,1214862.308,-2.910383046e-11,"{""601398.SH"": 10212.0066, ""601988.SH"": 12993.6446}",0.000586826268,0
2025-02-18,60d momentum Top2,145174.4141,146158.0994,526.6229196,2,619.2266172,364.4586925,1214862.308,0,"{""601398.SH"": 10212.0066, ""601988.SH"": 12993.6446}",0.02028847135,0
2025-02-19,60d momentum Top2,144376.1245,145359.8098,526.6229196,2,619.2266172,364.4586925,1214862.308,0,"{""601398.SH"": 10212.0066, ""601988.SH"": 12993.6446}",-0.005498831245,-0.005498831245
2025-02-20,60d momentum Top2,144942.3576,145926.0429,526.6229196,2,619.2266172,364.4586925,1214862.308,-2.910383046e-11,"{""601398.SH"": 10212.0066, ""601988.SH"": 12993.6446}",0.003921930261,-0.001598467017
2025-02-21,60d momentum Top2,142241.1286,143224.8139,526.6229196,2,619.2266172,364.4586925,1214862.308,0,"{""601398.SH"": 10212.0066, ""601988.SH"": 12993.6446}",-0.01863657427,-0.02020525133
2025-02-24,60d momentum Top2,141182.9661,142166.6514,526.6229196,2,619.2266172,364.4586925,1214862.308,0,"{""601398.SH"": 10212.0066, ""601988.SH"": 12993.6446}",-0.007439216123,-0.02749415623
2025-02-25,60d momentum Top2,140226.9237,141210.609,526.6229196,2,619.2266172,364.4586925,1214862.308,-2.910383046e-11,"{""601398.SH"": 10212.0066, ""601988.SH"": 12993.6446}",-0.006771655656,-0.03407963092
2025-02-26,60d momentum Top2,141080.846,142064.5314,526.6229196,2,619.2266172,364.4586925,1214862.308,0,"{""601398.SH"": 10212.0066, ""601988.SH"": 12993.6446}",0.006089574971,-0.02819758642
2025-02-27,60d momentum Top2,141851.3193,142835.0046,526.6229196,2,619.2266172,364.4586925,1214862.308,0,"{""601398.SH"": 10212.0066, ""601988.SH"": 12993.6446}",0.005461217776,-0.0228903618
2025-02-28,60d momentum Top2,140848.7895,141832.4748,526.6229196,2,619.2266172,364.4586925,1214862.308,0,"{""601398.SH"": 10212.0066, ""601988.SH"": 12993.6446}",-0.007067468545,-0.02979605344
2025-03-03,60d momentum Top2,140904.4223,141888.1076,526.6229196,2,619.2266172,364.4586925,1214862.308,0,"{""601398.SH"": 10212.0066, ""601988.SH"": 12993.6446}",0.0003949821685,-0.02941284018
2025-03-04,60d momentum Top2,139669.836,140653.5214,526.6229196,2,619.2266172,364.4586925,1214862.308,0,"{""601398.SH"": 10212.0066, ""601988.SH"": 12993.6446}",-0.008761870136,-0.03791699883
2025-03-05,60d momentum Top2,141758.3447,142742.03,526.6229196,2,619.2266172,364.4586925,1214862.308,-2.910383046e-11,"{""601398.SH"": 10212.0066, ""601988.SH"": 12993.6446}",0.01495318298,-0.02353079567
2025-03-06,60d momentum Top2,140960.0551,141943.7404,526.6229196,2,619.2266172,364.4586925,1214862.308,0,"{""601398.SH"": 10212.0066, ""601988.SH"": 12993.6446}",-0.005631341184,-0.02902962692
2025-03-07,60d momentum Top2,140263.8855,141247.5708,526.6229196,2,619.2266172,364.4586925,1214862.308,-2.910383046e-11,"{""601398.SH"": 10212.0066, ""601988.SH"": 12993.6446}",-0.004938771753,-0.03382502797
2025-03-10,60d momentum Top2,139131.4193,140115.1046,526.6229196,2,619.2266172,364.4586925,1214862.308,0,"{""601398.SH"": 10212.0066, ""601988.SH"": 12993.6446}",-0.008073825841,-0.04162575643
2025-03-11,60d momentum Top2,139799.7725,140783.4578,526.6229196,2,619.2266172,364.4586925,1214862.308,-2.910383046e-11,"{""601398.SH"": 10212.0066, ""601988.SH"": 12993.6446}",0.00480375433,-0.03702196201
2025-03-12,60d momentum Top2,138407.4334,139391.1187,526.6229196,2,619.2266172,364.4586925,1214862.308,0,"{""601398.SH"": 10212.0066, ""601988.SH"": 12993.6446}",-0.009959523192,-0.04661276411
2025-03-13,60d momentum Top2,138509.5535,139493.2388,526.6229196,2,619.2266172,364.4586925,1214862.308,0,"{""601398.SH"": 10212.0066, ""601988.SH"": 12993.6446}",0.0007378221224,-0.04590933391
2025-03-14,60d momentum Top2,139103.603,140087.2883,526.6229196,2,619.2266172,364.4586925,1214862.308,0,"{""601398.SH"": 10212.0066, ""601988.SH"": 12993.6446}",0.004288870023,-0.04181736306
2025-03-17,60d momentum Top2,139846.2598,140829.9451,526.6229196,2,619.2266172,364.4586925,1214862.308,0,"{""601398.SH"": 10212.0066, ""601988.SH"": 12993.6446}",0.00533887569,-0.03670174507
2025-03-18,60d momentum Top2,139744.1397,140727.825,526.6229196,2,619.2266172,364.4586925,1214862.308,0,"{""601398.SH"": 10212.0066, ""601988.SH"": 12993.6446}",-0.0007302309438,-0.03740517526
2025-03-19,60d momentum Top2,141238.5989,142222.2842,526.6229196,2,619.2266172,364.4586925,1214862.308,0,"{""601398.SH"": 10212.0066, ""601988.SH"": 12993.6446}",0.01069425269,-0.02711094297
2025-03-20,60d momentum Top2,140802.3022,141785.9875,526.6229196,2,619.2266172,364.4586925,1214862.308,0,"{""601398.SH"": 10212.0066, ""601988.SH"": 12993.6446}",-0.003089075145,-0.03011627037
2025-03-21,60d momentum Top2,139205.723,140189.4083,526.6229196,2,619.2266172,364.4586925,1214862.308,-2.910383046e-11,"{""601398.SH"": 10212.0066, ""601988.SH"": 12993.6446}",-0.01133915557,-0.04111393286
2025-03-24,60d momentum Top2,140338.1892,141321.8745,526.6229196,2,619.2266172,364.4586925,1214862.308,0,"{""601398.SH"": 10212.0066, ""601988.SH"": 12993.6446}",0.008135198459,-0.03331320441
2025-03-25,60d momentum Top2,141684.041,142667.7263,526.6229196,2,619.2266172,364.4586925,1214862.308,0,"{""601398.SH"": 10212.0066, ""601988.SH"": 12993.6446}",0.009590060824,-0.02404261924
2025-03-26,60d momentum Top2,141479.8008,142463.4861,526.6229196,2,619.2266172,364.4586925,1214862.308,-2.910383046e-11,"{""601398.SH"": 10212.0066, ""601988.SH"": 12993.6446}",-0.001441518262,-0.02544947963
2025-03-27,60d momentum Top2,142537.9633,143521.6486,526.6229196,2,619.2266172,364.4586925,1214862.308,0,"{""601398.SH"": 10212.0066, ""601988.SH"": 12993.6446}",0.007479247858,-0.01816057473
2025-03-28,60d momentum Top2,142250.2741,143233.9594,526.6229196,2,619.2266172,364.4586925,1214862.308,-2.910383046e-11,"{""601398.SH"": 10212.0066, ""601988.SH"": 12993.6446}",-0.002018334388,-0.02014225501
2025-03-31,60d momentum Top2,143651.7586,144635.4439,526.6229196,2,619.2266172,364.4586925,1214862.308,0,"{""601398.SH"": 10212.0066, ""601988.SH"": 12993.6446}",0.009852244855,-0.01048845658
2025-04-01,60d momentum Top2,141693.1864,142676.8717,526.6229196,2,619.2266172,364.4586925,1214862.308,0,"{""601398.SH"": 10212.0066, ""601988.SH"": 12993.6446}",-0.01363416771,-0.02397962292
2025-04-02,60d momentum Top2,143264.4047,144366.3068,151.9311885,2,695.4326941,406.46935,1354897.833,0,"{""601939.SH"": 8100.0, ""601988.SH"": 12893.6446}",0.01108887706,-0.01315665295
2025-04-03,60d momentum Top2,145381.9599,146483.8619,151.9311885,2,695.4326941,406.46935,1354897.833,0,"{""601939.SH"": 8100.0, ""601988.SH"": 12893.6446}",0.01478074843,0
2025-04-07,60d momentum Top2,142221.3581,143323.2601,151.9311885,2,695.4326941,406.46935,1354897.833,0,"{""601939.SH"": 8100.0, ""601988.SH"": 12893.6446}",-0.02173998634,-0.02173998634
2025-04-08,60d momentum Top2,143337.1674,144439.0694,151.9311885,2,695.4326941,406.46935,1354897.833,0,"{""601939.SH"": 8100.0, ""601988.SH"": 12893.6446}",0.007845582088,-0.0140649671
2025-04-09,60d momentum Top2,141186.5487,142288.4508,151.9311885,2,695.4326941,406.46935,1354897.833,0,"{""601939.SH"": 8100.0, ""601988.SH"": 12893.6446}",-0.01500391502,-0.02885785255
2025-04-10,60d momentum Top2,140313.7394,141415.6414,151.9311885,2,695.4326941,406.46935,1354897.833,0,"{""601939.SH"": 8100.0, ""601988.SH"": 12893.6446}",-0.006181958177,-0.03486141269
2025-04-11,60d momentum Top2,141234.4852,142336.3872,151.9311885,2,695.4326941,406.46935,1354897.833,0,"{""601939.SH"": 8100.0, ""601988.SH"": 12893.6446}",0.006562050088,-0.02852812494
2025-04-14,60d momentum Top2,143142.1038,144244.0059,151.9311885,2,695.4326941,406.46935,1354897.833,0,"{""601939.SH"": 8100.0, ""601988.SH"": 12893.6446}",0.01350674856,-0.01540669859
2025-04-15,60d momentum Top2,144836.4683,145938.3703,151.9311885,2,695.4326941,406.46935,1354897.833,0,"{""601939.SH"": 8100.0, ""601988.SH"": 12893.6446}",0.01183693979,-0.003752126963
2025-04-16,60d momentum Top2,146596.9599,147698.8619,151.9311885,2,695.4326941,406.46935,1354897.833,0,"{""601939.SH"": 8100.0, ""601988.SH"": 12893.6446}",0.01215502968,0
2025-04-17,60d momentum Top2,146677.9599,147779.8619,151.9311885,2,695.4326941,406.46935,1354897.833,0,"{""601939.SH"": 8100.0, ""601988.SH"": 12893.6446}",0.0005525353327,0
2025-04-18,60d momentum Top2,148069.8328,149171.7348,151.9311885,2,695.4326941,406.46935,1354897.833,0,"{""601939.SH"": 8100.0, ""601988.SH"": 12893.6446}",0.009489311783,0
2025-04-21,60d momentum Top2,146291.1505,147393.0526,151.9311885,2,695.4326941,406.46935,1354897.833,0,"{""601939.SH"": 8100.0, ""601988.SH"": 12893.6446}",-0.0120124552,-0.0120124552
2025-04-22,60d momentum Top2,148471.515,149573.417,151.9311885,2,695.4326941,406.46935,1354897.833,0,"{""601939.SH"": 8100.0, ""601988.SH"": 12893.6446}",0.01490428134,0
2025-04-23,60d momentum Top2,147646.6421,148748.5442,151.9311885,2,695.4326941,406.46935,1354897.833,0,"{""601939.SH"": 8100.0, ""601988.SH"": 12893.6446}",-0.005555765312,-0.005555765312
2025-04-24,60d momentum Top2,150408.8795,151510.7815,151.9311885,2,695.4326941,406.46935,1354897.833,0,"{""601939.SH"": 8100.0, ""601988.SH"": 12893.6446}",0.01870843331,0
2025-04-25,60d momentum Top2,149265.5446,150367.4466,151.9311885,2,695.4326941,406.46935,1354897.833,0,"{""601939.SH"": 8100.0, ""601988.SH"": 13164.7727}",-0.007601511814,-0.007601511814
2025-04-28,60d momentum Top2,151381.7832,152483.6853,151.9311885,2,695.4326941,406.46935,1354897.833,0,"{""601939.SH"": 8100.0, ""601988.SH"": 13164.7727}",0.0141776767,0
2025-04-29,60d momentum Top2,151007.1355,152109.0375,151.9311885,2,695.4326941,406.46935,1354897.833,0,"{""601939.SH"": 8100.0, ""601988.SH"": 13164.7727}",-0.002474853439,-0.002474853439
2025-04-30,60d momentum Top2,146339.1241,147441.0262,151.9311885,2,695.4326941,406.46935,1354897.833,0,"{""601939.SH"": 8100.0, ""601988.SH"": 13164.7727}",-0.03091252172,-0.0333108712
2025-05-06,60d momentum Top2,145731.5332,146833.4353,151.9311885,2,695.4326941,406.46935,1354897.833,0,"{""601939.SH"": 8100.0, ""601988.SH"": 13164.7727}",-0.00415193757,-0.03732450411
2025-05-07,60d momentum Top2,148270.936,149490.3785,343.9360201,2,769.4642239,449.9782135,1499927.378,0,"{""601288.SH"": 13400.0, ""601939.SH"": 8100.0}",0.01742521149,-0.02054968
2025-05-08,60d momentum Top2,148650.936,149870.3785,343.9360201,2,769.4642239,449.9782135,1499927.378,0,"{""601288.SH"": 13400.0, ""601939.SH"": 8100.0}",0.002562875842,-0.01803947044
2025-05-09,60d momentum Top2,150750.4566,151969.899,343.9360201,2,769.4642239,449.9782135,1499927.378,0,"{""601288.SH"": 13400.0, ""601939.SH"": 8287.0693}",0.0141238302,-0.004170426653
2025-05-12,60d momentum Top2,150304.3617,151523.8042,343.9360201,2,769.4642239,449.9782135,1499927.378,0,"{""601288.SH"": 13400.0, ""601939.SH"": 8287.0693}",-0.002959160874,-0.007117246563
2025-05-13,60d momentum Top2,152524.198,153743.6404,343.9360201,2,769.4642239,449.9782135,1499927.378,0,"{""601288.SH"": 13400.0, ""601939.SH"": 8287.0693}",0.01476894092,0
2025-05-14,60d momentum Top2,152575.3273,153794.7697,343.9360201,2,769.4642239,449.9782135,1499927.378,0,"{""601288.SH"": 13400.0, ""601939.SH"": 8287.0693}",0.0003352209512,0
2025-05-15,60d momentum Top2,152677.5859,153897.0283,343.9360201,2,769.4642239,449.9782135,1499927.378,0,"{""601288.SH"": 13400.0, ""601939.SH"": 8287.0693}",0.0006702172316,0
2025-05-16,60d momentum Top2,151325.2324,152544.6749,343.9360201,2,769.4642239,449.9782135,1499927.378,0,"{""601288.SH"": 13400.0, ""601939.SH"": 8287.0693}",-0.008857576954,-0.008857576954
2025-05-19,60d momentum Top2,150757.4911,151976.9335,343.9360201,2,769.4642239,449.9782135,1499927.378,0,"{""601288.SH"": 13400.0, ""601939.SH"": 8287.0693}",-0.003751795899,-0.01257614103
2025-05-20,60d momentum Top2,150891.4911,152110.9335,343.9360201,2,769.4642239,449.9782135,1499927.378,0,"{""601288.SH"": 13400.0, ""601939.SH"": 8287.0693}",0.0008888447205,-0.01169847455
2025-05-21,60d momentum Top2,151108.3617,152327.8042,343.9360201,2,769.4642239,449.9782135,1499927.378,0,"{""601288.SH"": 13400.0, ""601939.SH"": 8287.0693}",0.001437262577,-0.01027802575
2025-05-22,60d momentum Top2,151510.3617,152729.8042,343.9360201,2,769.4642239,449.9782135,1499927.378,0,"{""601288.SH"": 13400.0, ""601939.SH"": 8287.0693}",0.002660342521,-0.0076450263
2025-05-23,60d momentum Top2,149826.5255,151045.9679,343.9360201,2,769.4642239,449.9782135,1499927.378,0,"{""601288.SH"": 13400.0, ""601939.SH"": 8287.0693}",-0.01111367051,-0.01867373251
2025-05-26,60d momentum Top2,148959.0427,150178.4852,343.9360201,2,769.4642239,449.9782135,1499927.378,0,"{""601288.SH"": 13400.0, ""601939.SH"": 8287.0693}",-0.005789914504,-0.0243555277
2025-05-27,60d momentum Top2,149609.6548,150829.0973,343.9360201,2,769.4642239,449.9782135,1499927.378,0,"{""601288.SH"": 13400.0, ""601939.SH"": 8287.0693}",0.00436772463,-0.0200941813
2025-05-28,60d momentum Top2,149309.9134,150529.3559,343.9360201,2,769.4642239,449.9782135,1499927.378,0,"{""601288.SH"": 13400.0, ""601939.SH"": 8287.0693}",-0.002003489594,-0.02205741241
2025-05-29,60d momentum Top2,148844.4307,150063.8731,343.9360201,2,769.4642239,449.9782135,1499927.378,0,"{""601288.SH"": 13400.0, ""601939.SH"": 8287.0693}",-0.003117561067,-0.02510620815
2025-05-30,60d momentum Top2,149278.172,150497.6145,343.9360201,2,769.4642239,449.9782135,1499927.378,0,"{""601288.SH"": 13400.0, ""601939.SH"": 8287.0693}",0.002914058555,-0.02226531056
2025-06-03,60d momentum Top2,150062.7841,151282.2266,343.9360201,2,769.4642239,449.9782135,1499927.378,0,"{""601288.SH"": 13400.0, ""601939.SH"": 8287.0693}",0.005256040244,-0.01712629768
2025-06-04,60d momentum Top2,149648.4307,150867.8731,343.9360201,2,769.4642239,449.9782135,1499927.378,0,"{""601288.SH"": 13400.0, ""601939.SH"": 8287.0693}",-0.002761200712,-0.01984020925
2025-06-05,60d momentum Top2,149565.56,150785.0024,343.9360201,2,769.4642239,449.9782135,1499927.378,0,"{""601288.SH"": 13400.0, ""601939.SH"": 8287.0693}",-0.0005537692103,-0.02038299156
2025-06-06,60d momentum Top2,150101.56,151321.0024,343.9360201,2,769.4642239,449.9782135,1499927.378,0,"{""601288.SH"": 13400.0, ""601939.SH"": 8287.0693}",0.003583712722,-0.01687232563
2025-06-09,60d momentum Top2,149502.0772,150721.5196,343.9360201,2,769.4642239,449.9782135,1499927.378,0,"{""601288.SH"": 13400.0, ""601939.SH"": 8287.0693}",-0.00399384772,-0.02079878785
2025-06-10,60d momentum Top2,149986.9479,151206.3903,343.9360201,2,769.4642239,449.9782135,1499927.378,0,"{""601288.SH"": 13400.0, ""601939.SH"": 8287.0693}",0.003243237167,-0.01762300608
2025-06-11,60d momentum Top2,149572.5944,150792.0369,343.9360201,2,769.4642239,449.9782135,1499927.378,0,"{""601288.SH"": 13400.0, ""601939.SH"": 8287.0693}",-0.002762596827,-0.02033691765
2025-06-12,60d momentum Top2,149457.9823,150677.4248,343.9360201,2,769.4642239,449.9782135,1499927.378,0,"{""601288.SH"": 13400.0, ""601939.SH"": 8287.0693}",-0.0007662639018,-0.0210875981
2025-06-13,60d momentum Top2,148807.3703,150026.8127,343.9360201,2,769.4642239,449.9782135,1499927.378,0,"{""601288.SH"": 13400.0, ""601939.SH"": 8287.0693}",-0.004353143737,-0.0253489445
2025-06-16,60d momentum Top2,150369.56,151589.0024,343.9360201,2,769.4642239,449.9782135,1499927.378,0,"{""601288.SH"": 13400.0, ""601939.SH"": 8287.0693}",0.01049806675,-0.01511699266
2025-06-17,60d momentum Top2,150669.3013,151888.7438,343.9360201,2,769.4642239,449.9782135,1499927.378,0,"{""601288.SH"": 13400.0, ""601939.SH"": 8287.0693}",0.001993364791,-0.01315376155
2025-06-18,60d momentum Top2,153532.7152,154752.1577,343.9360201,2,769.4642239,449.9782135,1499927.378,0,"{""601288.SH"": 13400.0, ""601939.SH"": 8287.0693}",0.01900462695,0
2025-06-19,60d momentum Top2,153666.7152,154886.1577,343.9360201,2,769.4642239,449.9782135,1499927.378,0,"{""601288.SH"": 13400.0, ""601939.SH"": 8287.0693}",0.0008727781555,0
2025-06-20,60d momentum Top2,154814.5515,156033.9939,343.9360201,2,769.4642239,449.9782135,1499927.378,0,"{""601288.SH"": 13400.0, ""601939.SH"": 8287.0693}",0.007469647788,0
2025-06-23,60d momentum Top2,157582.7412,158802.1836,343.9360201,2,769.4642239,449.9782135,1499927.378,0,"{""601288.SH"": 13400.0, ""601939.SH"": 8287.0693}",0.01788068163,0
2025-06-24,60d momentum Top2,158769.3532,159988.7957,343.9360201,2,769.4642239,449.9782135,1499927.378,0,"{""601288.SH"": 13400.0, ""601939.SH"": 8287.0693}",0.007530089089,0
2025-06-25,60d momentum Top2,160153.4481,161372.8905,343.9360201,2,769.4642239,449.9782135,1499927.378,0,"{""601288.SH"": 13400.0, ""601939.SH"": 8287.0693}",0.008717644965,0
2025-06-26,60d momentum Top2,161123.1895,162342.6319,343.9360201,2,769.4642239,449.9782135,1499927.378,0,"{""601288.SH"": 13400.0, ""601939.SH"": 8287.0693}",0.006055076541,0
2025-06-27,60d momentum Top2,156785.7756,158005.2181,343.9360201,2,769.4642239,449.9782135,1499927.378,0,"{""601288.SH"": 13400.0, ""601939.SH"": 8287.0693}",-0.026919861,-0.026919861
2025-06-30,60d momentum Top2,157365.8705,158585.3129,343.9360201,2,769.4642239,449.9782135,1499927.378,0,"{""601288.SH"": 13400.0, ""601939.SH"": 8287.0693}",0.003699920166,-0.02331954218
2025-07-01,60d momentum Top2,160675.3792,161894.8216,343.9360201,2,769.4642239,449.9782135,1499927.378,0,"{""601288.SH"": 13400.0, ""601939.SH"": 8287.0693}",0.02103066382,-0.002779303809
2025-07-02,60d momentum Top2,161357.7327,162577.1751,343.9360201,2,769.4642239,449.9782135,1499927.378,0,"{""601288.SH"": 13400.0, ""601939.SH"": 8287.0693}",0.004246782984,0
2025-07-03,60d momentum Top2,160292.7671,161512.2095,343.9360201,2,769.4642239,449.9782135,1499927.378,0,"{""601288.SH"": 13400.0, ""601939.SH"": 8287.0693}",-0.006600027954,-0.006600027954
2025-07-04,60d momentum Top2,162359.2154,163578.6579,343.9360201,2,769.4642239,449.9782135,1499927.378,0,"{""601288.SH"": 13400.0, ""601939.SH"": 8287.0693}",0.01289171281,0
2025-07-07,60d momentum Top2,162614.862,163834.3044,343.9360201,2,769.4642239,449.9782135,1499927.378,0,"{""601288.SH"": 13400.0, ""601939.SH"": 8287.0693}",0.001574573596,0
2025-07-08,60d momentum Top2,163067.9913,164287.4337,343.9360201,2,769.4642239,449.9782135,1499927.378,0,"{""601288.SH"": 13400.0, ""601939.SH"": 8287.0693}",0.002786518411,0
2025-07-09,60d momentum Top2,164802.9568,166022.3992,343.9360201,2,769.4642239,449.9782135,1499927.378,0,"{""601288.SH"": 13400.0, ""601939.SH"": 8287.0693}",0.0106395224,0
2025-07-10,60d momentum Top2,166691.3103,167910.7527,343.9360201,2,769.4642239,449.9782135,1499927.378,0,"{""601288.SH"": 13400.0, ""601939.SH"": 8287.0693}",0.01145824992,0
2025-07-11,60d momentum Top2,165830.862,167050.3044,343.9360201,2,769.4642239,449.9782135,1499927.378,0,"{""601288.SH"": 13400.0, ""601939.SH"": 8287.0693}",-0.005161926664,-0.005161926664
2025-07-14,60d momentum Top2,166800.6033,168020.0458,343.9360201,2,769.4642239,449.9782135,1499927.378,0,"{""601288.SH"": 13400.0, ""601939.SH"": 8287.0693}",0.005847773901,0
2025-07-15,60d momentum Top2,165550.5085,166769.9509,343.9360201,2,769.4642239,449.9782135,1499927.378,0,"{""601288.SH"": 13400.0, ""601939.SH"": 8287.0693}",-0.007494546349,-0.007494546349
2025-07-16,60d momentum Top2,165180.2499,166399.6923,343.9360201,2,769.4642239,449.9782135,1499927.378,0,"{""601288.SH"": 13400.0, ""601939.SH"": 8287.0693}",-0.002236529606,-0.00971431418
2025-07-17,60d momentum Top2,164271.2901,165490.7325,343.9360201,2,769.4642239,449.9782135,1499927.378,0,"{""601288.SH"": 13682.588, ""601939.SH"": 8287.0693}",-0.005502835915,-0.01516369382
2025-07-18,60d momentum Top2,165502.723,166722.1654,343.9360201,2,769.4642239,449.9782135,1499927.378,0,"{""601288.SH"": 13682.588, ""601939.SH"": 8287.0693}",0.007496336811,-0.007781029164
2025-07-21,60d momentum Top2,164346.4091,165565.8515,343.9360201,2,769.4642239,449.9782135,1499927.378,0,"{""601288.SH"": 13682.588, ""601939.SH"": 8287.0693}",-0.006986675857,-0.01471334149
2025-07-22,60d momentum Top2,161954.7865,163174.2289,343.9360201,2,769.4642239,449.9782135,1499927.378,0,"{""601288.SH"": 13682.588, ""601939.SH"": 8287.0693}",-0.01455232662,-0.02905155476
2025-07-23,60d momentum Top2,164587.2695,165806.712,343.9360201,2,769.4642239,449.9782135,1499927.378,0,"{""601288.SH"": 13682.588, ""601939.SH"": 8287.0693}",0.01625443192,-0.01326933936
2025-07-24,60d momentum Top2,162908.6918,164128.1343,343.9360201,2,769.4642239,449.9782135,1499927.378,0,"{""601288.SH"": 13682.588, ""601939.SH"": 8287.0693}",-0.01019870931,-0.02333271854
2025-07-25,60d momentum Top2,162386.428,163605.8704,343.9360201,2,769.4642239,449.9782135,1499927.378,0,"{""601288.SH"": 13682.588, ""601939.SH"": 8287.0693}",-0.003205868476,-0.02646378539
2025-07-28,60d momentum Top2,162688.9952,163908.4377,343.9360201,2,769.4642239,449.9782135,1499927.378,0,"{""601288.SH"": 13682.588, ""601939.SH"": 8287.0693}",0.001863254646,-0.02464983952
2025-07-29,60d momentum Top2,160927.5468,162146.9893,343.9360201,2,769.4642239,449.9782135,1499927.378,0,"{""601288.SH"": 13682.588, ""601939.SH"": 8287.0693}",-0.01082709011,-0.03521004359
2025-07-30,60d momentum Top2,162821.9453,164041.3877,343.9360201,2,769.4642239,449.9782135,1499927.378,0,"{""601288.SH"": 13682.588, ""601939.SH"": 8287.0693}",0.01177174761,-0.02385277973
2025-07-31,60d momentum Top2,164525.5627,165745.0051,343.9360201,2,769.4642239,449.9782135,1499927.378,0,"{""601288.SH"": 13682.588, ""601939.SH"": 8287.0693}",0.01046306992,-0.01363928311
2025-08-01,60d momentum Top2,165018.911,166238.3535,343.9360201,2,769.4642239,449.9782135,1499927.378,0,"{""601288.SH"": 13682.588, ""601939.SH"": 8287.0693}",0.002998612038,-0.01068156999
2025-08-04,60d momentum Top2,166042.7643,167398.5674,269.0271086,2,856.8217723,498.981249,1663270.83,0,"{""601288.SH"": 13082.588, ""601398.SH"": 10700.0}",0.00620446046,-0.00454338291
2025-08-05,60d momentum Top2,168861.1525,170216.9556,269.0271086,2,856.8217723,498.981249,1663270.83,0,"{""601288.SH"": 13082.588, ""601398.SH"": 10700.0}",0.01697386941,0
2025-08-06,60d momentum Top2,169907.7596,171263.5626,269.0271086,2,856.8217723,498.981249,1663270.83,0,"{""601288.SH"": 13082.588, ""601398.SH"": 10700.0}",0.006198033255,0
2025-08-07,60d momentum Top2,171941.1925,173296.9955,269.0271086,2,856.8217723,498.981249,1663270.83,0,"{""601288.SH"": 13082.588, ""601398.SH"": 10700.0}",0.01196786376,0
2025-08-08,60d momentum Top2,171406.1925,172761.9955,269.0271086,2,856.8217723,498.981249,1663270.83,0,"{""601288.SH"": 13082.588, ""601398.SH"": 10700.0}",-0.003111528961,-0.003111528961
2025-08-11,60d momentum Top2,170835.6701,172191.4731,269.0271086,2,856.8217723,498.981249,1663270.83,0,"{""601288.SH"": 13082.588, ""601398.SH"": 10700.0}",-0.003328481615,-0.006429653909
2025-08-12,60d momentum Top2,173130.7548,174486.5578,269.0271086,2,856.8217723,498.981249,1663270.83,0,"{""601288.SH"": 13082.588, ""601398.SH"": 10700.0}",0.01343445825,0
2025-08-13,60d momentum Top2,171620.6254,172976.4284,269.0271086,2,856.8217723,498.981249,1663270.83,0,"{""601288.SH"": 13082.588, ""601398.SH"": 10700.0}",-0.008722479151,-0.008722479151
2025-08-14,60d momentum Top2,173083.536,174439.339,269.0271086,2,856.8217723,498.981249,1663270.83,0,"{""601288.SH"": 13082.588, ""601398.SH"": 10700.0}",0.008524095252,-0.0002727351423
2025-08-15,60d momentum Top2,170669.7548,172025.5578,269.0271086,2,856.8217723,498.981249,1663270.83,0,"{""601288.SH"": 13082.588, ""601398.SH"": 10700.0}",-0.0139457583,-0.01421468995
2025-08-18,60d momentum Top2,171502.3618,172858.1649,269.0271086,2,856.8217723,498.981249,1663270.83,0,"{""601288.SH"": 13082.588, ""601398.SH"": 10700.0}",0.004878468594,-0.009405567272
2025-08-19,60d momentum Top2,173107.7948,174463.5978,269.0271086,2,856.8217723,498.981249,1663270.83,0,"{""601288.SH"": 13082.588, ""601398.SH"": 10700.0}",0.009360995973,-0.0001326167761
2025-08-20,60d momentum Top2,173892.75,175248.5531,269.0271086,2,856.8217723,498.981249,1663270.83,0,"{""601288.SH"": 13082.588, ""601398.SH"": 10700.0}",0.004534488353,0
2025-08-21,60d momentum Top2,176176.1382,177531.9413,269.0271086,2,856.8217723,498.981249,1663270.83,0,"{""601288.SH"": 13082.588, ""601398.SH"": 10700.0}",0.01313101436,0
2025-08-22,60d momentum Top2,177412.9194,178768.7224,269.0271086,2,856.8217723,498.981249,1663270.83,0,"{""601288.SH"": 13082.588, ""601398.SH"": 10700.0}",0.007020140022,0
2025-08-25,60d momentum Top2,176461.6159,177817.4189,269.0271086,2,856.8217723,498.981249,1663270.83,0,"{""601288.SH"": 13082.588, ""601398.SH"": 10700.0}",-0.00536208706,-0.00536208706
2025-08-26,60d momentum Top2,176295.2676,177651.0707,269.0271086,2,856.8217723,498.981249,1663270.83,0,"{""601288.SH"": 13082.588, ""601398.SH"": 10700.0}",-0.0009426879578,-0.006299720243
2025-08-27,60d momentum Top2,172573.2277,173929.0307,269.0271086,2,856.8217723,498.981249,1663270.83,0,"{""601288.SH"": 13082.588, ""601398.SH"": 10700.0}",-0.02111253471,-0.02727925189
2025-08-28,60d momentum Top2,171074.7948,172430.5978,269.0271086,2,856.8217723,498.981249,1663270.83,0,"{""601288.SH"": 13082.588, ""601398.SH"": 10700.0}",-0.008682881689,-0.03572527106
2025-08-29,60d momentum Top2,171609.7948,172965.5978,269.0271086,2,856.8217723,498.981249,1663270.83,0,"{""601288.SH"": 13082.588, ""601398.SH"": 10700.0}",0.003127287107,-0.03270970714
2025-09-01,60d momentum Top2,171467.2724,172823.0754,269.0271086,2,856.8217723,498.981249,1663270.83,0,"{""601288.SH"": 13082.588, ""601398.SH"": 10700.0}",-0.0008305024818,-0.03351304413
2025-09-02,60d momentum Top2,175330.883,176703.6377,683.075429,2,870.1065519,502.648149,1675493.83,0,"{""601288.SH"": 12182.588, ""601398.SH"": 11500.0}",0.02253264185,-0.01173553969
2025-09-03,60d momentum Top2,173348.5795,174721.3342,683.075429,2,870.1065519,502.648149,1675493.83,0,"{""601288.SH"": 12182.588, ""601398.SH"": 11500.0}",-0.01130607161,-0.02290892845
2025-09-04,60d momentum Top2,179006.1371,180378.8918,683.075429,2,870.1065519,502.648149,1675493.83,0,"{""601288.SH"": 12182.588, ""601398.SH"": 11500.0}",0.03263688442,0
2025-09-05,60d momentum Top2,175175.9677,176548.7224,683.075429,2,870.1065519,502.648149,1675493.83,0,"{""601288.SH"": 12182.588, ""601398.SH"": 11500.0}",-0.02139686057,-0.02139686057
2025-09-08,60d momentum Top2,174228.6642,175601.4189,683.075429,2,870.1065519,502.648149,1675493.83,0,"{""601288.SH"": 12182.588, ""601398.SH"": 11500.0}",-0.005407725339,-0.02668887757
2025-09-09,60d momentum Top2,175182.7936,176555.5483,683.075429,2,870.1065519,502.648149,1675493.83,0,"{""601288.SH"": 12182.588, ""601398.SH"": 11500.0}",0.005476305542,-0.02135872847
2025-09-10,60d momentum Top2,175399.1418,176771.8965,683.075429,2,870.1065519,502.648149,1675493.83,0,"{""601288.SH"": 12182.588, ""601398.SH"": 11500.0}",0.001234985673,-0.02015012052
2025-09-11,60d momentum Top2,175737.316,177110.0707,683.075429,2,870.1065519,502.648149,1675493.83,0,"{""601288.SH"": 12182.588, ""601398.SH"": 11500.0}",0.001928026082,-0.0182609444
2025-09-12,60d momentum Top2,174905.0124,176277.7671,683.075429,2,870.1065519,502.648149,1675493.83,0,"{""601288.SH"": 12182.588, ""601398.SH"": 11500.0}",-0.004736065956,-0.02291052532
2025-09-15,60d momentum Top2,173355.4054,174728.1601,683.075429,2,870.1065519,502.648149,1675493.83,0,"{""601288.SH"": 12182.588, ""601398.SH"": 11500.0}",-0.00885970629,-0.03156725108
2025-09-16,60d momentum Top2,172123.4948,173496.2495,683.075429,2,870.1065519,502.648149,1675493.83,0,"{""601288.SH"": 12182.588, ""601398.SH"": 11500.0}",-0.007106271393,-0.03844919702
2025-09-17,60d momentum Top2,171263.8878,172636.6425,683.075429,2,870.1065519,502.648149,1675493.83,0,"{""601288.SH"": 12182.588, ""601398.SH"": 11500.0}",-0.00499412959,-0.04325130634
2025-09-18,60d momentum Top2,166994.1961,168366.9508,683.075429,2,870.1065519,502.648149,1675493.83,0,"{""601288.SH"": 12182.588, ""601398.SH"": 11500.0}",-0.0249304846,-0.06710351491
2025-09-19,60d momentum Top2,164497.2855,165870.0402,683.075429,2,870.1065519,502.648149,1675493.83,0,"{""601288.SH"": 12182.588, ""601398.SH"": 11500.0}",-0.01495207987,-0.08105225767
2025-09-22,60d momentum Top2,162318.0715,163690.8262,683.075429,2,870.1065519,502.648149,1675493.83,0,"{""601288.SH"": 12182.588, ""601398.SH"": 11500.0}",-0.0132477206,-0.0932262206
2025-09-23,60d momentum Top2,166797.2855,168170.0402,683.075429,2,870.1065519,502.648149,1675493.83,0,"{""601288.SH"": 12182.588, ""601398.SH"": 11500.0}",0.02759528891,-0.06820353618
2025-09-24,60d momentum Top2,166627.6785,168000.4332,683.075429,2,870.1065519,502.648149,1675493.83,0,"{""601288.SH"": 12182.588, ""601398.SH"": 11500.0}",-0.001016845318,-0.06915102905
2025-09-25,60d momentum Top2,166079.982,167452.7367,683.075429,2,870.1065519,502.648149,1675493.83,0,"{""601288.SH"": 12182.588, ""601398.SH"": 11500.0}",-0.003286947796,-0.07221068103
2025-09-26,60d momentum Top2,166546.8079,167919.5626,683.075429,2,870.1065519,502.648149,1675493.83,0,"{""601288.SH"": 12182.588, ""601398.SH"": 11500.0}",0.002810849774,-0.06960280463
2025-09-29,60d momentum Top2,165626.8079,166999.5626,683.075429,2,870.1065519,502.648149,1675493.83,0,"{""601288.SH"": 12182.588, ""601398.SH"": 11500.0}",-0.00552397258,-0.07474229323
2025-09-30,60d momentum Top2,165890.9373,167263.692,683.075429,2,870.1065519,502.648149,1675493.83,0,"{""601288.SH"": 12182.588, ""601398.SH"": 11500.0}",0.001594726135,-0.07326676058
2025-10-09,60d momentum Top2,166371.4149,167744.1696,683.075429,2,870.1065519,502.648149,1675493.83,0,"{""601288.SH"": 12182.588, ""601398.SH"": 11500.0}",0.002896346524,-0.07058261998
2025-10-10,60d momentum Top2,167968.1456,169351.9061,61.06964649,2,880.4916344,503.268849,1677562.83,0,"{""601288.SH"": 12382.588, ""601398.SH"": 11400.0}",0.009597385802,-0.06166264281
2025-10-13,60d momentum Top2,168502.7526,169886.5131,61.06964649,2,880.4916344,503.268849,1677562.83,0,"{""601288.SH"": 12382.588, ""601398.SH"": 11400.0}",0.003182788242,-0.05867611371
2025-10-14,60d momentum Top2,173848.922,175232.6825,61.06964649,2,880.4916344,503.268849,1677562.83,0,"{""601288.SH"": 12382.588, ""601398.SH"": 11400.0}",0.03172748975,-0.02881026975
2025-10-15,60d momentum Top2,175126.4843,176510.2448,61.06964649,2,880.4916344,503.268849,1677562.83,0,"{""601288.SH"": 12382.588, ""601398.SH"": 11400.0}",0.007348692781,-0.02167329479
2025-10-16,60d momentum Top2,179788.6537,181172.4141,61.06964649,2,880.4916344,503.268849,1677562.83,0,"{""601288.SH"": 12382.588, ""601398.SH"": 11400.0}",0.02662172644,0
2025-10-17,60d momentum Top2,181284.3901,182668.1506,61.06964649,2,880.4916344,503.268849,1677562.83,0,"{""601288.SH"": 12382.588, ""601398.SH"": 11400.0}",0.008319415089,0
2025-10-20,60d momentum Top2,182780.1265,184163.887,61.06964649,2,880.4916344,503.268849,1677562.83,0,"{""601288.SH"": 12382.588, ""601398.SH"": 11400.0}",0.00825077348,0
2025-10-21,60d momentum Top2,184731.863,186115.6235,61.06964649,2,880.4916344,503.268849,1677562.83,0,"{""601288.SH"": 12382.588, ""601398.SH"": 11400.0}",0.01067805606,0
2025-10-22,60d momentum Top2,188700.2064,190083.9669,61.06964649,2,880.4916344,503.268849,1677562.83,0,"{""601288.SH"": 12382.588, ""601398.SH"": 11400.0}",0.02148164054,0
2025-10-23,60d momentum Top2,188373.9476,189757.7081,61.06964649,2,880.4916344,503.268849,1677562.83,0,"{""601288.SH"": 12382.588, ""601398.SH"": 11400.0}",-0.001728979553,-0.001728979553
2025-10-24,60d momentum Top2,188373.9476,189757.7081,61.06964649,2,880.4916344,503.268849,1677562.83,0,"{""601288.SH"": 12382.588, ""601398.SH"": 11400.0}",0,-0.001728979553
2025-10-27,60d momentum Top2,191524.6394,192908.3998,61.06964649,2,880.4916344,503.268849,1677562.83,0,"{""601288.SH"": 12382.588, ""601398.SH"": 11400.0}",0.01672572963,0
2025-10-28,60d momentum Top2,194046.3758,195430.1363,61.06964649,2,880.4916344,503.268849,1677562.83,0,"{""601288.SH"": 12382.588, ""601398.SH"": 11400.0}",0.0131666424,0
2025-10-29,60d momentum Top2,190241.1617,191624.9222,61.06964649,2,880.4916344,503.268849,1677562.83,0,"{""601288.SH"": 12382.588, ""601398.SH"": 11400.0}",-0.01960981782,-0.01960981782
2025-10-30,60d momentum Top2,189240.7288,190624.4893,61.06964649,2,880.4916344,503.268849,1677562.83,0,"{""601288.SH"": 12382.588, ""601398.SH"": 11400.0}",-0.005258761614,-0.02476545607
2025-10-31,60d momentum Top2,187318.47,188702.2305,61.06964649,2,880.4916344,503.268849,1677562.83,0,"{""601288.SH"": 12382.588, ""601398.SH"": 11400.0}",-0.01015774358,-0.0346716385
2025-11-03,60d momentum Top2,189305.5994,190689.3599,61.06964649,2,880.4916344,503.268849,1677562.83,0,"{""601288.SH"": 12382.588, ""601398.SH"": 11400.0}",0.01060829399,-0.02443115145
2025-11-04,60d momentum Top2,193696.6953,195094.9222,106.6032474,2,892.5730335,505.653849,1685512.83,0,"{""601288.SH"": 11882.588, ""601398.SH"": 11900.0}",0.02319580579,-0.001802045904
2025-11-05,60d momentum Top2,194172.173,195570.3998,106.6032474,2,892.5730335,505.653849,1685512.83,0,"{""601288.SH"": 11882.588, ""601398.SH"": 11900.0}",0.002454753494,0
2025-11-06,60d momentum Top2,193339.5212,194737.7481,106.6032474,2,892.5730335,505.653849,1685512.83,0,"{""601288.SH"": 11882.588, ""601398.SH"": 11900.0}",-0.004288213635,-0.004288213635
2025-11-07,60d momentum Top2,191912.9142,193311.141,106.6032474,2,892.5730335,505.653849,1685512.83,0,"{""601288.SH"": 11882.588, ""601398.SH"": 11900.0}",-0.007378765758,-0.01163533767
2025-11-10,60d momentum Top2,193221.2177,194619.4446,106.6032474,2,892.5730335,505.653849,1685512.83,0,"{""601288.SH"": 11882.588, ""601398.SH"": 11900.0}",0.006817172909,-0.004897484869
2025-11-11,60d momentum Top2,195836.0835,197234.3104,106.6032474,2,892.5730335,505.653849,1685512.83,0,"{""601288.SH"": 11882.588, ""601398.SH"": 11900.0}",0.01353301604,0
2025-11-12,60d momentum Top2,199639.034,201037.2609,106.6032474,2,892.5730335,505.653849,1685512.83,0,"{""601288.SH"": 11882.588, ""601398.SH"": 11900.0}",0.01941904907,0
2025-11-13,60d momentum Top2,199520.5564,200918.7833,106.6032474,2,892.5730335,505.653849,1685512.83,0,"{""601288.SH"": 11882.588, ""601398.SH"": 11900.0}",-0.0005934592908,-0.0005934592908
2025-11-14,60d momentum Top2,199283.6011,200681.828,106.6032474,2,892.5730335,505.653849,1685512.83,0,"{""601288.SH"": 11882.588, ""601398.SH"": 11900.0}",-0.001187623388,-0.001780377872
2025-11-17,60d momentum Top2,196192.7353,197590.9622,106.6032474,2,892.5730335,505.653849,1685512.83,0,"{""601288.SH"": 11882.588, ""601398.SH"": 11900.0}",-0.01550988551,-0.01726264992
2025-11-18,60d momentum Top2,195004.9988,196403.2257,106.6032474,2,892.5730335,505.653849,1685512.83,0,"{""601288.SH"": 11882.588, ""601398.SH"": 11900.0}",-0.006053926698,-0.02321206981
2025-11-19,60d momentum Top2,195718.4765,197116.7034,106.6032474,2,892.5730335,505.653849,1685512.83,0,"{""601288.SH"": 11882.588, ""601398.SH"": 11900.0}",0.003658765897,-0.01963823144
2025-11-20,60d momentum Top2,195481.5212,196879.7481,106.6032474,2,892.5730335,505.653849,1685512.83,0,"{""601288.SH"": 11882.588, ""601398.SH"": 11900.0}",-0.00121069448,-0.02082515002
2025-11-21,60d momentum Top2,193936.4365,195334.6634,106.6032474,2,892.5730335,505.653849,1685512.83,0,"{""601288.SH"": 11882.588, ""601398.SH"": 11900.0}",-0.007903993528,-0.0285645417
2025-11-24,60d momentum Top2,192984.9589,194383.1858,106.6032474,2,892.5730335,505.653849,1685512.83,0,"{""601288.SH"": 11882.588, ""601398.SH"": 11900.0}",-0.004906131393,-0.03333053169
2025-11-25,60d momentum Top2,194888.0883,196286.3152,106.6032474,2,892.5730335,505.653849,1685512.83,0,"{""601288.SH"": 11882.588, ""601398.SH"": 11900.0}",0.009861542631,-0.02379767952
2025-11-26,60d momentum Top2,191558.3518,192956.5787,106.6032474,2,892.5730335,505.653849,1685512.83,0,"{""601288.SH"": 11882.588, ""601398.SH"": 11900.0}",-0.01708537688,-0.04047646408
2025-11-27,60d momentum Top2,193459.5659,194857.7928,106.6032474,2,892.5730335,505.653849,1685512.83,0,"{""601288.SH"": 11882.588, ""601398.SH"": 11900.0}",0.009924986612,-0.03095320583
2025-11-28,60d momentum Top2,192151.6106,193549.8375,106.6032474,2,892.5730335,505.653849,1685512.83,0,"{""601288.SH"": 11882.588, ""601398.SH"": 11900.0}",-0.006760871569,-0.03750480675
2025-12-01,60d momentum Top2,191319.4812,192717.7081,106.6032474,2,892.5730335,505.653849,1685512.83,0,"{""601288.SH"": 11882.588, ""601398.SH"": 11900.0}",-0.004330587688,-0.04167297659
2025-12-02,60d momentum Top2,191363.3116,192922.1858,120.9559915,2,995.5101894,563.363949,1877879.83,0,"{""601288.SH"": 11982.588, ""601988.SH"": 15700.0}",0.000229095246,-0.04145342842
2025-12-03,60d momentum Top2,189000.0081,190558.8823,120.9559915,2,995.5101894,563.363949,1877879.83,0,"{""601288.SH"": 11982.588, ""601988.SH"": 15700.0}",-0.01234982557,-0.05329131138
2025-12-04,60d momentum Top2,187099.4011,188658.2752,120.9559915,2,995.5101894,563.363949,1877879.83,0,"{""601288.SH"": 11982.588, ""601988.SH"": 15700.0}",-0.01005612147,-0.06281152895
2025-12-05,60d momentum Top2,185041.794,186600.6682,120.9559915,2,995.5101894,563.363949,1877879.83,0,"{""601288.SH"": 11982.588, ""601988.SH"": 15700.0}",-0.01099740046,-0.07311816587
2025-12-08,60d momentum Top2,185595.4458,187154.3199,120.9559915,2,995.5101894,563.363949,1877879.83,0,"{""601288.SH"": 11982.588, ""601988.SH"": 15700.0}",0.002992036273,-0.0703449018
2025-12-09,60d momentum Top2,188148.9634,189707.8375,120.9559915,2,995.5101894,563.363949,1877879.83,-2.910383046e-11,"{""601288.SH"": 11982.588, ""601988.SH"": 15700.0}",0.01375851431,-0.05755422883
2025-12-10,60d momentum Top2,184099.794,185658.6682,120.9559915,2,995.5101894,563.363949,1877879.83,0,"{""601288.SH"": 11982.588, ""601988.SH"": 15700.0}",-0.02152108246,-0.07783668199
2025-12-11,60d momentum Top2,186537.1216,188095.9957,120.9559915,2,995.5101894,563.363949,1877879.83,-2.910383046e-11,"{""601288.SH"": 11982.588, ""601988.SH"": 16005.997}",0.01323916504,-0.06562800963
2025-12-12,60d momentum Top2,182100.0585,183658.9326,120.9559915,2,995.5101894,563.363949,1877879.83,0,"{""601288.SH"": 11982.588, ""601988.SH"": 16005.997}",-0.0237864886,-0.08785343833
2025-12-15,60d momentum Top2,181082.8437,182641.7178,120.9559915,2,995.5101894,563.363949,1877879.83,0,"{""601288.SH"": 12171.9953, ""601988.SH"": 16005.997}",-0.005586021341,-0.09294870849
2025-12-16,60d momentum Top2,179302.0843,180860.9584,120.9559915,2,995.5101894,563.363949,1877879.83,-2.910383046e-11,"{""601288.SH"": 12171.9953, ""601988.SH"": 16005.997}",-0.009833948568,-0.1018686042
2025-12-17,60d momentum Top2,180595.9639,182154.838,120.9559915,2,995.5101894,563.363949,1877879.83,-2.910383046e-11,"{""601288.SH"": 12171.9953, ""601988.SH"": 16005.997}",0.00721619922,-0.09538750916
2025-12-18,60d momentum Top2,183862.3029,185421.177,120.9559915,2,995.5101894,563.363949,1877879.83,0,"{""601288.SH"": 12171.9953, ""601988.SH"": 16005.997}",0.01808644529,-0.07902628484
2025-12-19,60d momentum Top2,182613.4632,184172.3374,120.9559915,2,995.5101894,563.363949,1877879.83,0,"{""601288.SH"": 12171.9953, ""601988.SH"": 16005.997}",-0.006792254984,-0.08528177314
2025-12-22,60d momentum Top2,183260.403,184819.2771,120.9559915,2,995.5101894,563.363949,1877879.83,0,"{""601288.SH"": 12171.9953, ""601988.SH"": 16005.997}",0.003542672971,-0.08204122561
2025-12-23,60d momentum Top2,184592.6226,186151.4967,120.9559915,2,995.5101894,563.363949,1877879.83,0,"{""601288.SH"": 12171.9953, ""601988.SH"": 16005.997}",0.007269544082,-0.07536808383
2025-12-24,60d momentum Top2,183869.0028,185427.8769,120.9559915,2,995.5101894,563.363949,1877879.83,0,"{""601288.SH"": 12171.9953, ""601988.SH"": 16005.997}",-0.003920090657,-0.07899272477
2025-12-25,60d momentum Top2,182818.5631,184377.4373,120.9559915,2,995.5101894,563.363949,1877879.83,0,"{""601288.SH"": 12171.9953, ""601988.SH"": 16005.997}",-0.005712978478,-0.08425441951
2025-12-26,60d momentum Top2,181326.2836,182885.1577,120.9559915,2,995.5101894,563.363949,1877879.83,-2.910383046e-11,"{""601288.SH"": 12171.9953, ""601988.SH"": 16005.997}",-0.008162625954,-0.09172930815
2025-12-29,60d momentum Top2,184029.0627,185587.9369,120.9559915,2,995.5101894,563.363949,1877879.83,-2.910383046e-11,"{""601288.SH"": 12171.9953, ""601988.SH"": 16005.997}",0.0149056117,-0.0781909779
2025-12-30,60d momentum Top2,183503.8429,185062.7171,120.9559915,2,995.5101894,563.363949,1877879.83,0,"{""601288.SH"": 12171.9953, ""601988.SH"": 16005.997}",-0.002854004797,-0.08082182527
2025-12-31,60d momentum Top2,185316.2424,186875.1165,120.9559915,2,995.5101894,563.363949,1877879.83,0,"{""601288.SH"": 12171.9953, ""601988.SH"": 16005.997}",0.009876629609,-0.07174344289
2026-01-05,60d momentum Top2,183016.9631,184575.8372,120.9559915,2,995.5101894,563.363949,1877879.83,0,"{""601288.SH"": 12171.9953, ""601988.SH"": 16005.997}",-0.01240732744,-0.08326062594
2026-01-06,60d momentum Top2,181614.7634,183173.6375,120.9559915,2,995.5101894,563.363949,1877879.83,0,"{""601288.SH"": 12171.9953, ""601988.SH"": 16005.997}",-0.007661583325,-0.09028430104
2026-01-07,60d momentum Top2,180282.5438,181841.4179,120.9559915,2,995.5101894,563.363949,1877879.83,-2.910383046e-11,"{""601288.SH"": 12171.9953, ""601988.SH"": 16005.997}",-0.007335414552,-0.09695744282
2026-01-08,60d momentum Top2,179033.7042,180592.5783,120.9559915,2,995.5101894,563.363949,1877879.83,0,"{""601288.SH"": 12171.9953, ""601988.SH"": 16005.997}",-0.006927124594,-0.1032129311
2026-01-09,60d momentum Top2,178188.3644,179747.2385,120.9559915,2,995.5101894,563.363949,1877879.83,0,"{""601288.SH"": 12171.9953, ""601988.SH"": 16005.997}",-0.004721679483,-0.1074472722
2026-01-12,60d momentum Top2,180167.5238,181726.3979,120.9559915,2,995.5101894,563.363949,1877879.83,0,"{""601288.SH"": 12171.9953, ""601988.SH"": 16005.997}",0.01110711895,-0.09753358292
2026-01-13,60d momentum Top2,181583.1233,183141.9974,120.9559915,2,995.5101894,563.363949,1877879.83,-2.910383046e-11,"{""601288.SH"": 12171.9953, ""601988.SH"": 16005.997}",0.007857129209,-0.09044278767
2026-01-14,60d momentum Top2,178720.2841,180279.1583,120.9559915,2,995.5101894,563.363949,1877879.83,0,"{""601288.SH"": 12171.9953, ""601988.SH"": 16005.997}",-0.01576599792,-0.1047828648
2026-01-15,60d momentum Top2,176254.245,177813.1191,120.9559915,2,995.5101894,563.363949,1877879.83,0,"{""601288.SH"": 12171.9953, ""601988.SH"": 16005.997}",-0.01379831719,-0.1171353548
2026-01-16,60d momentum Top2,174313.4256,175872.2998,120.9559915,2,995.5101894,563.363949,1877879.83,0,"{""601288.SH"": 12171.9953, ""601988.SH"": 16005.997}",-0.01101147573,-0.1268569974
2026-01-19,60d momentum Top2,172334.2663,173893.1404,120.9559915,2,995.5101894,563.363949,1877879.83,0,"{""601288.SH"": 12171.9953, ""601988.SH"": 16005.997}",-0.0113540271,-0.1367706867
2026-01-20,60d momentum Top2,174466.7857,176025.6598,120.9559915,2,995.5101894,563.363949,1877879.83,0,"{""601288.SH"": 12171.9953, ""601988.SH"": 16005.997}",0.01237432041,-0.1260888106
2026-01-21,60d momentum Top2,170150.007,171708.8812,120.9559915,2,995.5101894,563.363949,1877879.83,0,"{""601288.SH"": 12171.9953, ""601988.SH"": 16005.997}",-0.0247426962,-0.1477117297
2026-01-22,60d momentum Top2,167844.0278,169402.902,120.9559915,2,995.5101894,563.363949,1877879.83,0,"{""601288.SH"": 12171.9953, ""601988.SH"": 16005.997}",-0.01355262477,-0.1592624728
2026-01-23,60d momentum Top2,166633.5282,168192.4023,120.9559915,2,995.5101894,563.363949,1877879.83,0,"{""601288.SH"": 12171.9953, ""601988.SH"": 16005.997}",-0.007212050624,-0.1653259144
2026-01-26,60d momentum Top2,168369.2476,169928.1218,120.9559915,2,995.5101894,563.363949,1877879.83,0,"{""601288.SH"": 12171.9953, ""601988.SH"": 16005.997}",0.01041638782,-0.1566316254
2026-01-27,60d momentum Top2,169297.9673,170856.8415,120.9559915,2,995.5101894,563.363949,1877879.83,0,"{""601288.SH"": 12171.9953, ""601988.SH"": 16005.997}",0.005515969905,-0.1519796308
2026-01-28,60d momentum Top2,168362.5477,169921.4219,120.9559915,2,995.5101894,563.363949,1877879.83,0,"{""601288.SH"": 12171.9953, ""601988.SH"": 16005.997}",-0.005525285495,-0.1566651855
2026-01-29,60d momentum Top2,168599.2877,170158.1619,120.9559915,2,995.5101894,563.363949,1877879.83,0,"{""601288.SH"": 12171.9953, ""601988.SH"": 16005.997}",0.001406132231,-0.1554793452
2026-01-30,60d momentum Top2,167868.968,169427.8422,120.9559915,2,995.5101894,563.363949,1877879.83,0,"{""601288.SH"": 12171.9953, ""601988.SH"": 16005.997}",-0.00433168921,-0.1591375462
2026-02-02,60d momentum Top2,169399.5876,170958.4617,120.9559915,2,995.5101894,563.363949,1877879.83,0,"{""601288.SH"": 12171.9953, ""601988.SH"": 16005.997}",0.009117942307,-0.1514706109
2026-02-03,60d momentum Top2,165454.4882,167153.4623,351.8240396,2,1085.45285,613.5212394,2045070.798,0,"{""601939.SH"": 9500.0, ""601988.SH"": 15705.997}",-0.02328871897,-0.1712317734
2026-02-04,60d momentum Top2,167218.908,168917.8821,351.8240396,2,1085.45285,613.5212394,2045070.798,0,"{""601939.SH"": 9500.0, ""601988.SH"": 15705.997}",0.01066407934,-0.1623937232
2026-02-05,60d momentum Top2,169049.2078,170748.1819,351.8240396,2,1085.45285,613.5212394,2045070.798,0,"{""601939.SH"": 9500.0, ""601988.SH"": 15705.997}",0.01094553165,-0.1532256772
2026-02-06,60d momentum Top2,168358.908,170057.8821,351.8240396,2,1085.45285,613.5212394,2045070.798,0,"{""601939.SH"": 9500.0, ""601988.SH"": 15705.997}",-0.004083425524,-0.1566834171
2026-02-09,60d momentum Top2,169020.0879,170719.062,351.8240396,2,1085.45285,613.5212394,2045070.798,0,"{""601939.SH"": 9500.0, ""601988.SH"": 15705.997}",0.003927204791,-0.1533715402
2026-02-10,60d momentum Top2,170536.2678,172235.2419,351.8240396,2,1085.45285,613.5212394,2045070.798,0,"{""601939.SH"": 9500.0, ""601988.SH"": 15705.997}",0.008970412504,-0.1457769337
2026-02-11,60d momentum Top2,170441.2678,172140.2419,351.8240396,2,1085.45285,613.5212394,2045070.798,0,"{""601939.SH"": 9500.0, ""601988.SH"": 15705.997}",-0.0005570662547,-0.1462527925
2026-02-12,60d momentum Top2,167916.848,169615.8221,351.8240396,2,1085.45285,613.5212394,2045070.798,0,"{""601939.SH"": 9500.0, ""601988.SH"": 15705.997}",-0.01481108315,-0.1588977134
2026-02-13,60d momentum Top2,166400.6681,168099.6422,351.8240396,2,1085.45285,613.5212394,2045070.798,0,"{""601939.SH"": 9500.0, ""601988.SH"": 15705.997}",-0.009029349513,-0.1664923199
2026-02-24,60d momentum Top2,165896.5482,167595.5223,351.8240396,2,1085.45285,613.5212394,2045070.798,0,"{""601939.SH"": 9500.0, ""601988.SH"": 15705.997}",-0.003029554783,-0.1690174771
2026-02-25,60d momentum Top2,165611.5482,167310.5223,351.8240396,2,1085.45285,613.5212394,2045070.798,0,"{""601939.SH"": 9500.0, ""601988.SH"": 15705.997}",-0.001717938095,-0.1704450536
2026-02-26,60d momentum Top2,165012.4282,166711.4023,351.8240396,2,1085.45285,613.5212394,2045070.798,0,"{""601939.SH"": 9500.0, ""601988.SH"": 15705.997}",-0.003617621758,-0.1734460696
2026-02-27,60d momentum Top2,164884.4882,166583.4623,351.8240396,2,1085.45285,613.5212394,2045070.798,0,"{""601939.SH"": 9500.0, ""601988.SH"": 15705.997}",-0.0007753357208,-0.1740869264
2026-03-02,60d momentum Top2,166495.6681,168194.6422,351.8240396,2,1085.45285,613.5212394,2045070.798,0,"{""601939.SH"": 9500.0, ""601988.SH"": 15705.997}",0.009771567523,-0.1660164611
2026-03-03,60d momentum Top2,170028.3278,171727.3019,351.8240396,2,1085.45285,613.5212394,2045070.798,0,"{""601939.SH"": 9500.0, ""601988.SH"": 15705.997}",0.02121772722,-0.1483212258
2026-03-04,60d momentum Top2,168928.908,170627.8821,351.8240396,2,1085.45285,613.5212394,2045070.798,0,"{""601939.SH"": 9500.0, ""601988.SH"": 15705.997}",-0.006466097764,-0.153828264
2026-03-05,60d momentum Top2,169937.1479,171636.122,351.8240396,2,1085.45285,613.5212394,2045070.798,0,"{""601939.SH"": 9500.0, ""601988.SH"": 15705.997}",0.005968427145,-0.1487779497
2026-03-06,60d momentum Top2,170222.1479,171921.122,351.8240396,2,1085.45285,613.5212394,2045070.798,0,"{""601939.SH"": 9500.0, ""601988.SH"": 15705.997}",0.001677090639,-0.1473503732
2026-03-09,60d momentum Top2,170605.968,172304.9421,351.8240396,2,1085.45285,613.5212394,2045070.798,0,"{""601939.SH"": 9500.0, ""601988.SH"": 15705.997}",0.002254818746,-0.1454278028
2026-03-10,60d momentum Top2,168994.7881,170693.7621,351.8240396,2,1085.45285,613.5212394,2045070.798,0,"{""601939.SH"": 9500.0, ""601988.SH"": 15705.997}",-0.009443866057,-0.1534982682
2026-03-11,60d momentum Top2,170510.968,172209.9421,351.8240396,2,1085.45285,613.5212394,2045070.798,0,"{""601939.SH"": 9500.0, ""601988.SH"": 15705.997}",0.008971755446,-0.1459036616
2026-03-12,60d momentum Top2,171143.0279,172842.002,351.8240396,2,1085.45285,613.5212394,2045070.798,0,"{""601939.SH"": 9500.0, ""601988.SH"": 15705.997}",0.003706858143,-0.1427376477
2026-03-13,60d momentum Top2,171932.1479,173631.122,351.8240396,2,1085.45285,613.5212394,2045070.798,0,"{""601939.SH"": 9500.0, ""601988.SH"": 15705.997}",0.004610879856,-0.138784914
2026-03-16,60d momentum Top2,172374.2078,174073.1819,351.8240396,2,1085.45285,613.5212394,2045070.798,0,"{""601939.SH"": 9500.0, ""601988.SH"": 15705.997}",0.002571130388,-0.1365706177
2026-03-17,60d momentum Top2,174704.8075,176403.7816,351.8240396,2,1085.45285,613.5212394,2045070.798,0,"{""601939.SH"": 9500.0, ""601988.SH"": 15705.997}",0.01352058251,-0.1248965495
2026-03-18,60d momentum Top2,174419.8075,176118.7816,351.8240396,2,1085.45285,613.5212394,2045070.798,0,"{""601939.SH"": 9500.0, ""601988.SH"": 15705.997}",-0.001631323167,-0.126324126
2026-03-19,60d momentum Top2,175935.9875,177634.9615,351.8240396,2,1085.45285,613.5212394,2045070.798,0,"{""601939.SH"": 9500.0, ""601988.SH"": 15705.997}",0.008692704867,-0.1187295195
2026-03-20,60d momentum Top2,176001.8675,177700.8416,351.8240396,2,1085.45285,613.5212394,2045070.798,0,"{""601939.SH"": 9500.0, ""601988.SH"": 15705.997}",0.0003744547146,-0.1183995236
2026-03-23,60d momentum Top2,172027.1479,173726.122,351.8240396,2,1085.45285,613.5212394,2045070.798,0,"{""601939.SH"": 9500.0, ""601988.SH"": 15705.997}",-0.02258339469,-0.1383090551
2026-03-24,60d momentum Top2,174803.6276,176502.6017,351.8240396,2,1085.45285,613.5212394,2045070.798,0,"{""601939.SH"": 9500.0, ""601988.SH"": 15705.997}",0.01613977674,-0.1244015556
2026-03-25,60d momentum Top2,176725.1074,178424.0815,351.8240396,2,1085.45285,613.5212394,2045070.798,0,"{""601939.SH"": 9500.0, ""601988.SH"": 15705.997}",0.01099221902,-0.1147767858
2026-03-26,60d momentum Top2,177671.2873,179370.2614,351.8240396,2,1085.45285,613.5212394,2045070.798,0,"{""601939.SH"": 9500.0, ""601988.SH"": 15705.997}",0.005353964267,-0.1100373323
2026-03-27,60d momentum Top2,177324.2273,179023.2014,351.8240396,2,1085.45285,613.5212394,2045070.798,0,"{""601939.SH"": 9500.0, ""601988.SH"": 15705.997}",-0.001953382425,-0.1117757697
2026-03-30,60d momentum Top2,179749.827,181448.8011,351.8240396,2,1085.45285,613.5212394,2045070.798,0,"{""601939.SH"": 9500.0, ""601988.SH"": 15705.997}",0.0136788962,-0.09962584269
2026-03-31,60d momentum Top2,184221.0264,185920.0005,351.8240396,2,1085.45285,613.5212394,2045070.798,0,"{""601939.SH"": 9500.0, ""601988.SH"": 15705.997}",0.02487456858,-0.07722942397
2026-04-01,60d momentum Top2,182321.0264,184020.0005,351.8240396,2,1085.45285,613.5212394,2045070.798,0,"{""601939.SH"": 9500.0, ""601988.SH"": 15705.997}",-0.01031369783,-0.08674660085
2026-04-02,60d momentum Top2,184642.9708,186347.4203,933.3486594,2,1090.752131,613.6973394,2045657.798,0,"{""601939.SH"": 9500.0, ""601988.SH"": 15605.997}",0.01273547245,-0.07511588734
2026-04-03,60d momentum Top2,181060.2512,182764.7007,933.3486594,2,1090.752131,613.6973394,2045657.798,0,"{""601939.SH"": 9500.0, ""601988.SH"": 15605.997}",-0.01940349867,-0.093061875
2026-04-07,60d momentum Top2,178943.1313,180647.5807,933.3486594,2,1090.752131,613.6973394,2045657.798,0,"{""601939.SH"": 9500.0, ""601988.SH"": 15605.997}",-0.01169290292,-0.1036666144
2026-04-08,60d momentum Top2,178861.7714,180566.2209,933.3486594,2,1090.752131,613.6973394,2045657.798,0,"{""601939.SH"": 9500.0, ""601988.SH"": 15605.997}",-0.0004546685839,-0.1040741491
2026-04-09,60d momentum Top2,177796.4716,179500.9211,933.3486594,2,1090.752131,613.6973394,2045657.798,0,"{""601939.SH"": 9500.0, ""601988.SH"": 15605.997}",-0.005955995188,-0.1094102791
2026-04-10,60d momentum Top2,176887.2317,178591.6812,933.3486594,2,1090.752131,613.6973394,2045657.798,0,"{""601939.SH"": 9500.0, ""601988.SH"": 15605.997}",-0.005113936581,-0.1139646985
2026-04-13,60d momentum Top2,178271.4716,179975.9211,933.3486594,2,1090.752131,613.6973394,2045657.798,0,"{""601939.SH"": 9500.0, ""601988.SH"": 15605.997}",0.007825550022,-0.1070309849
2026-04-14,60d momentum Top2,179275.7115,180980.1609,933.3486594,2,1090.752131,613.6973394,2045657.798,0,"{""601939.SH"": 9500.0, ""601988.SH"": 15605.997}",0.005633205757,-0.1020007067
2026-04-15,60d momentum Top2,181162.0713,182866.5208,933.3486594,2,1090.752131,613.6973394,2045657.798,0,"{""601939.SH"": 9500.0, ""601988.SH"": 15605.997}",0.01052211593,-0.09255185405
2026-04-16,60d momentum Top2,181067.0713,182771.5208,933.3486594,2,1090.752131,613.6973394,2045657.798,0,"{""601939.SH"": 9500.0, ""601988.SH"": 15605.997}",-0.0005243923263,-0.09302771289
2026-04-17,60d momentum Top2,180374.9514,182079.4008,933.3486594,2,1090.752131,613.6973394,2045657.798,0,"{""601939.SH"": 9500.0, ""601988.SH"": 15605.997}",-0.003822450626,-0.09649456968
2026-04-20,60d momentum Top2,185443.731,187148.1804,933.3486594,2,1090.752131,613.6973394,2045657.798,0,"{""601939.SH"": 9500.0, ""601988.SH"": 15605.997}",0.02810134984,-0.0711048475
2026-04-21,60d momentum Top2,187051.9109,188756.3603,933.3486594,2,1090.752131,613.6973394,2045657.798,0,"{""601939.SH"": 9500.0, ""601988.SH"": 15605.997}",0.008672064036,-0.06304940926
2026-04-22,60d momentum Top2,185077.3711,186781.8206,933.3486594,2,1090.752131,613.6973394,2045657.798,0,"{""601939.SH"": 9500.0, ""601988.SH"": 15605.997}",-0.01055610563,-0.07293995866
2026-04-23,60d momentum Top2,184195.2512,185899.7007,933.3486594,2,1090.752131,613.6973394,2045657.798,0,"{""601939.SH"": 9500.0, ""601988.SH"": 15605.997}",-0.004766222551,-0.07735853314
2026-04-24,60d momentum Top2,184134.1912,185838.6407,933.3486594,2,1090.752131,613.6973394,2045657.798,0,"{""601939.SH"": 9500.0, ""601988.SH"": 15605.997}",-0.000331495897,-0.077664385
2026-04-27,60d momentum Top2,182783.8914,184488.3409,933.3486594,2,1090.752131,613.6973394,2045657.798,0,"{""601939.SH"": 9500.0, ""601988.SH"": 15605.997}",-0.00733323801,-0.08442809159
2026-04-28,60d momentum Top2,184704.1912,186408.6407,933.3486594,2,1090.752131,613.6973394,2045657.798,0,"{""601939.SH"": 9500.0, ""601988.SH"": 15605.997}",0.01050584838,-0.07480923193
2026-04-29,60d momentum Top2,184487.0713,186191.5208,933.3486594,2,1090.752131,613.6973394,2045657.798,0,"{""601939.SH"": 9500.0, ""601988.SH"": 15605.997}",-0.001175500884,-0.0758967945
2026-04-30,60d momentum Top2,185192.8314,186897.2809,933.3486594,2,1090.752131,613.6973394,2045657.798,0,"{""601939.SH"": 9500.0, ""601988.SH"": 15605.997}",0.003825526174,-0.0723616135
2026-05-06,60d momentum Top2,183143.5915,184848.041,933.3486594,2,1090.752131,613.6973394,2045657.798,0,"{""601939.SH"": 9500.0, ""601988.SH"": 15605.997}",-0.01106543846,-0.08262633898
2026-05-07,60d momentum Top2,181963.151,183678.9211,184.0280235,2,1101.266367,614.5037394,2048345.798,0,"{""601939.SH"": 9400.0, ""601988.SH"": 15905.997}",-0.006445437518,-0.0885392136
2026-05-08,60d momentum Top2,181616.091,183331.8611,184.0280235,2,1101.266367,614.5037394,2048345.798,0,"{""601939.SH"": 9400.0, ""601988.SH"": 15905.997}",-0.00190730908,-0.09027765103
2026-05-11,60d momentum Top2,180770.091,182485.8611,184.0280235,2,1101.266367,614.5037394,2048345.798,0,"{""601939.SH"": 9400.0, ""601988.SH"": 15905.997}",-0.004658177562,-0.09451529926
2026-05-12,60d momentum Top2,182006.4508,183722.2209,184.0280235,2,1101.266367,614.5037394,2048345.798,0,"{""601939.SH"": 9400.0, ""601988.SH"": 15905.997}",0.006839404756,-0.08832232289
2026-05-13,60d momentum Top2,181500.3309,183216.101,184.0280235,2,1101.266367,614.5037394,2048345.798,0,"{""601939.SH"": 9400.0, ""601988.SH"": 15905.997}",-0.002780780229,-0.09085749815
2026-05-14,60d momentum Top2,183358.5708,185074.3409,184.0280235,2,1101.266367,614.5037394,2048345.798,0,"{""601939.SH"": 9400.0, ""601988.SH"": 15905.997}",0.01023821759,-0.0815494994
2026-05-15,60d momentum Top2,184587.7507,186303.5208,184.0280235,2,1101.266367,614.5037394,2048345.798,0,"{""601939.SH"": 9400.0, ""601988.SH"": 15905.997}",0.00670369487,-0.07539248749
2026-05-18,60d momentum Top2,184023.7507,185739.5208,184.0280235,2,1101.266367,614.5037394,2048345.798,0,"{""601939.SH"": 9400.0, ""601988.SH"": 15905.997}",-0.003055457353,-0.07821758631
2026-05-19,60d momentum Top2,186257.9905,187973.7606,184.0280235,2,1101.266367,614.5037394,2048345.798,0,"{""601939.SH"": 9400.0, ""601988.SH"": 15905.997}",0.01214104088,-0.06702618835
2026-05-20,60d momentum Top2,183438.2109,185153.981,184.0280235,2,1101.266367,614.5037394,2048345.798,0,"{""601939.SH"": 9400.0, ""601988.SH"": 15905.997}",-0.01513910679,-0.08115057852
2026-05-21,60d momentum Top2,186908.8106,188624.5807,184.0280235,2,1101.266367,614.5037394,2048345.798,0,"{""601939.SH"": 9400.0, ""601988.SH"": 15905.997}",0.01891972061,-0.06376620418
2026-05-22,60d momentum Top2,188333.1705,190048.9406,184.0280235,2,1101.266367,614.5037394,2048345.798,0,"{""601939.SH"": 9400.0, ""601988.SH"": 15905.997}",0.007620613578,-0.0566315282
2026-05-25,60d momentum Top2,189345.4103,191061.1804,184.0280235,2,1101.266367,614.5037394,2048345.798,0,"{""601939.SH"": 9400.0, ""601988.SH"": 15905.997}",0.005374729675,-0.05156117768
2026-05-26,60d momentum Top2,191102.4703,192818.2404,184.0280235,2,1101.266367,614.5037394,2048345.798,0,"{""601939.SH"": 9400.0, ""601988.SH"": 15905.997}",0.009279654399,-0.04275999319
2026-05-27,60d momentum Top2,189302.1105,191017.8806,184.0280235,2,1101.266367,614.5037394,2048345.798,0,"{""601939.SH"": 9400.0, ""601988.SH"": 15905.997}",-0.009420913383,-0.05177806838
2026-05-28,60d momentum Top2,187443.8706,189159.6407,184.0280235,2,1101.266367,614.5037394,2048345.798,0,"{""601939.SH"": 9400.0, ""601988.SH"": 15905.997}",-0.009816266049,-0.06108606714
2026-05-29,60d momentum Top2,187017.1705,188732.9406,184.0280235,2,1101.266367,614.5037394,2048345.798,0,"{""601939.SH"": 9400.0, ""601988.SH"": 15905.997}",-0.002276415593,-0.06322342546
2026-06-01,60d momentum Top2,189258.5902,190974.3603,184.0280235,2,1101.266367,614.5037394,2048345.798,0,"{""601939.SH"": 9400.0, ""601988.SH"": 15905.997}",0.01198510161,-0.05199606303
2026-06-02,60d momentum Top2,190834.8301,192550.6002,184.0280235,2,1101.266367,614.5037394,2048345.798,0,"{""601939.SH"": 9400.0, ""601988.SH"": 15905.997}",0.008328498474,-0.04410061368
2026-06-03,60d momentum Top2,189388.7102,191104.4803,184.0280235,2,1101.266367,614.5037394,2048345.798,0,"{""601939.SH"": 9400.0, ""601988.SH"": 15905.997}",-0.007577861647,-0.05134428698
2026-06-04,60d momentum Top2,188311.4103,190027.1804,184.0280235,2,1101.266367,614.5037394,2048345.798,0,"{""601939.SH"": 9400.0, ""601988.SH"": 15905.997}",-0.005688300264,-0.05674052552
2026-06-05,60d momentum Top2,192483.3099,194199.08,184.0280235,2,1101.266367,614.5037394,2048345.798,0,"{""601939.SH"": 9400.0, ""601988.SH"": 15905.997}",0.0221542579,-0.03584331186
2026-06-08,60d momentum Top2,194948.8496,196664.6197,184.0280235,2,1101.266367,614.5037394,2048345.798,0,"{""601939.SH"": 9400.0, ""601988.SH"": 15905.997}",0.01280910917,-0.02349332358
2026-06-09,60d momentum Top2,195071.7896,196787.5597,184.0280235,2,1101.266367,614.5037394,2048345.798,0,"{""601939.SH"": 9400.0, ""601988.SH"": 15905.997}",0.0006306271118,-0.022877512
2026-06-10,60d momentum Top2,197725.3294,199441.0995,184.0280235,2,1101.266367,614.5037394,2048345.798,0,"{""601939.SH"": 9400.0, ""601988.SH"": 15905.997}",0.01360288812,-0.009585824111
2026-06-11,60d momentum Top2,198441.2094,200156.9795,184.0280235,2,1101.266367,614.5037394,2048345.798,0,"{""601939.SH"": 9400.0, ""601988.SH"": 15905.997}",0.003620578417,-0.005999951922
2026-06-12,60d momentum Top2,200812.7492,202528.5193,184.0280235,2,1101.266367,614.5037394,2048345.798,0,"{""601939.SH"": 9400.0, ""601988.SH"": 15905.997}",0.01195084296,0
2026-06-15,60d momentum Top2,195353.7896,197069.5597,184.0280235,2,1101.266367,614.5037394,2048345.798,0,"{""601939.SH"": 9400.0, ""601988.SH"": 15905.997}",-0.0271843274,-0.0271843274
2026-06-16,60d momentum Top2,191854.2499,193570.02,184.0280235,2,1101.266367,614.5037394,2048345.798,0,"{""601939.SH"": 9400.0, ""601988.SH"": 15905.997}",-0.01791385638,-0.04461120764
2026-06-17,60d momentum Top2,189887.6502,191603.4203,184.0280235,2,1101.266367,614.5037394,2048345.798,0,"{""601939.SH"": 9400.0, ""601988.SH"": 15905.997}",-0.01025048807,-0.05440440906
2026-06-18,60d momentum Top2,185368.6907,187084.4608,184.0280235,2,1101.266367,614.5037394,2048345.798,0,"{""601939.SH"": 9400.0, ""601988.SH"": 15905.997}",-0.02379806962,-0.07690775877
2026-06-22,60d momentum Top2,188101.6502,189817.4203,184.0280235,2,1101.266367,614.5037394,2048345.798,0,"{""601939.SH"": 9400.0, ""601988.SH"": 15905.997}",0.01474337176,-0.06329826669
2026-06-23,60d momentum Top2,192504.8496,194220.6197,184.0280235,2,1101.266367,614.5037394,2048345.798,0,"{""601939.SH"": 9400.0, ""601988.SH"": 15905.997}",0.02340861654,-0.041371375
2026-06-24,60d momentum Top2,189186.13,190901.9001,184.0280235,2,1101.266367,614.5037394,2048345.798,0,"{""601939.SH"": 9400.0, ""601988.SH"": 15905.997}",-0.01723966771,-0.05789781395
2026-06-25,60d momentum Top2,184493.7507,186209.5208,184.0280235,2,1101.266367,614.5037394,2048345.798,0,"{""601939.SH"": 9400.0, ""601988.SH"": 15905.997}",-0.02480297742,-0.0812647532
2026-06-26,60d momentum Top2,183734.5708,185450.3409,184.0280235,2,1101.266367,614.5037394,2048345.798,0,"{""601939.SH"": 9400.0, ""601988.SH"": 15905.997}",-0.00411493564,-0.08504528961
2026-06-29,60d momentum Top2,184840.8106,186556.5807,184.0280235,2,1101.266367,614.5037394,2048345.798,0,"{""601939.SH"": 9400.0, ""601988.SH"": 15905.997}",0.006020858652,-0.07953647663
2026-06-30,60d momentum Top2,181688.3309,183404.101,184.0280235,2,1101.266367,614.5037394,2048345.798,0,"{""601939.SH"": 9400.0, ""601988.SH"": 15905.997}",-0.01705510677,-0.0952350803
2024-01-02,V11 LambdaRank Top2,100000,100000,100000,0,0,0,0,0,{},0,0
2024-01-03,V11 LambdaRank Top2,101144.1445,101200,216.1445412,2,25.93705878,29.9184,99728,0,"{""601288.SH"": 13600.0, ""601398.SH"": 10400.0}",0.01144144541,0
2024-01-04,V11 LambdaRank Top2,102344.1445,102400,216.1445412,2,25.93705878,29.9184,99728,0,"{""601288.SH"": 13600.0, ""601398.SH"": 10400.0}",0.01186425577,0
2024-01-05,V11 LambdaRank Top2,101592.1445,101648,216.1445412,2,25.93705878,29.9184,99728,0,"{""601288.SH"": 13600.0, ""601398.SH"": 10400.0}",-0.007347757934,-0.007347757934
2024-01-08,V11 LambdaRank Top2,101560.1445,101616,216.1445412,2,25.93705878,29.9184,99728,0,"{""601288.SH"": 13600.0, ""601398.SH"": 10400.0}",-0.0003149849838,-0.007660428484
2024-01-09,V11 LambdaRank Top2,101560.1445,101616,216.1445412,2,25.93705878,29.9184,99728,0,"{""601288.SH"": 13600.0, ""601398.SH"": 10400.0}",0,-0.007660428484
2024-01-10,V11 LambdaRank Top2,101112.1445,101168,216.1445412,2,25.93705878,29.9184,99728,0,"{""601288.SH"": 13600.0, ""601398.SH"": 10400.0}",-0.004411179228,-0.01203781619
2024-01-11,V11 LambdaRank Top2,99568.14454,99624,216.1445412,2,25.93705878,29.9184,99728,0,"{""601288.SH"": 13600.0, ""601398.SH"": 10400.0}",-0.0152701736,-0.02712417024
2024-01-12,V11 LambdaRank Top2,100560.1445,100616,216.1445412,2,25.93705878,29.9184,99728,0,"{""601288.SH"": 13600.0, ""601398.SH"": 10400.0}",0.009963025871,-0.01743138318
2024-01-15,V11 LambdaRank Top2,101216.1445,101272,216.1445412,2,25.93705878,29.9184,99728,0,"{""601288.SH"": 13600.0, ""601398.SH"": 10400.0}",0.006523459199,-0.0110216369
2024-01-16,V11 LambdaRank Top2,101936.1445,101992,216.1445412,2,25.93705878,29.9184,99728,0,"{""601288.SH"": 13600.0, ""601398.SH"": 10400.0}",0.007113489684,-0.003986549517
2024-01-17,V11 LambdaRank Top2,100872.1445,100928,216.1445412,2,25.93705878,29.9184,99728,0,"{""601288.SH"": 13600.0, ""601398.SH"": 10400.0}",-0.01043790703,-0.01438284532
2024-01-18,V11 LambdaRank Top2,100840.1445,100896,216.1445412,2,25.93705878,29.9184,99728,0,"{""601288.SH"": 13600.0, ""601398.SH"": 10400.0}",-0.0003172332674,-0.01469551587
2024-01-19,V11 LambdaRank Top2,101120.1445,101176,216.1445412,2,25.93705878,29.9184,99728,0,"{""601288.SH"": 13600.0, ""601398.SH"": 10400.0}",0.002776671942,-0.01195964855
2024-01-22,V11 LambdaRank Top2,101120.1445,101176,216.1445412,2,25.93705878,29.9184,99728,0,"{""601288.SH"": 13600.0, ""601398.SH"": 10400.0}",0,-0.01195964855
2024-01-23,V11 LambdaRank Top2,101120.1445,101176,216.1445412,2,25.93705878,29.9184,99728,0,"{""601288.SH"": 13600.0, ""601398.SH"": 10400.0}",0,-0.01195964855
2024-01-24,V11 LambdaRank Top2,102904.1445,102960,216.1445412,2,25.93705878,29.9184,99728,0,"{""601288.SH"": 13600.0, ""601398.SH"": 10400.0}",0.01764237985,0
2024-01-25,V11 LambdaRank Top2,104000.1445,104056,216.1445412,2,25.93705878,29.9184,99728,0,"{""601288.SH"": 13600.0, ""601398.SH"": 10400.0}",0.01065068861,0
2024-01-26,V11 LambdaRank Top2,105648.1445,105704,216.1445412,2,25.93705878,29.9184,99728,0,"{""601288.SH"": 13600.0, ""601398.SH"": 10400.0}",0.01584613182,0
2024-01-29,V11 LambdaRank Top2,107056.1445,107112,216.1445412,2,25.93705878,29.9184,99728,0,"{""601288.SH"": 13600.0, ""601398.SH"": 10400.0}",0.01332725725,0
2024-01-30,V11 LambdaRank Top2,106336.1445,106392,216.1445412,2,25.93705878,29.9184,99728,0,"{""601288.SH"": 13600.0, ""601398.SH"": 10400.0}",-0.00672544302,-0.00672544302
2024-01-31,V11 LambdaRank Top2,106888.1445,106944,216.1445412,2,25.93705878,29.9184,99728,0,"{""601288.SH"": 13600.0, ""601398.SH"": 10400.0}",0.00519108533,-0.001569270038
2024-02-01,V11 LambdaRank Top2,106576.1445,106632,216.1445412,2,25.93705878,29.9184,99728,0,"{""601288.SH"": 13600.0, ""601398.SH"": 10400.0}",-0.002918939246,-0.00448362868
2024-02-02,V11 LambdaRank Top2,107439.1614,107667,587.1614176,2,134.2670824,93.5715,311905,0,"{""601939.SH"": 7700.0, ""601988.SH"": 12400.0}",0.00809765525,0
2024-02-05,V11 LambdaRank Top2,109774.1614,110002,587.1614176,2,134.2670824,93.5715,311905,0,"{""601939.SH"": 7700.0, ""601988.SH"": 12400.0}",0.02173322994,0
2024-02-06,V11 LambdaRank Top2,110176.1614,110404,587.1614176,2,134.2670824,93.5715,311905,0,"{""601939.SH"": 7700.0, ""601988.SH"": 12400.0}",0.003662063958,0
2024-02-07,V11 LambdaRank Top2,107503.1614,107731,587.1614176,2,134.2670824,93.5715,311905,0,"{""601939.SH"": 7700.0, ""601988.SH"": 12400.0}",-0.02426114656,-0.02426114656
2024-02-08,V11 LambdaRank Top2,106391.1614,106619,587.1614176,2,134.2670824,93.5715,311905,0,"{""601939.SH"": 7700.0, ""601988.SH"": 12400.0}",-0.01034388185,-0.03435407398
2024-02-19,V11 LambdaRank Top2,110719.1614,110947,587.1614176,2,134.2670824,93.5715,311905,0,"{""601939.SH"": 7700.0, ""601988.SH"": 12400.0}",0.040680071,0
2024-02-20,V11 LambdaRank Top2,111506.1614,111734,587.1614176,2,134.2670824,93.5715,311905,0,"{""601939.SH"": 7700.0, ""601988.SH"": 12400.0}",0.007108074067,0
2024-02-21,V11 LambdaRank Top2,112263.1614,112491,587.1614176,2,134.2670824,93.5715,311905,0,"{""601939.SH"": 7700.0, ""601988.SH"": 12400.0}",0.00678886252,0
2024-02-22,V11 LambdaRank Top2,112186.1614,112414,587.1614176,2,134.2670824,93.5715,311905,0,"{""601939.SH"": 7700.0, ""601988.SH"": 12400.0}",-0.0006858883985,-0.0006858883985
2024-02-23,V11 LambdaRank Top2,112990.1614,113218,587.1614176,2,134.2670824,93.5715,311905,0,"{""601939.SH"": 7700.0, ""601988.SH"": 12400.0}",0.007166659326,0
2024-02-26,V11 LambdaRank Top2,109483.1614,109711,587.1614176,2,134.2670824,93.5715,311905,0,"{""601939.SH"": 7700.0, ""601988.SH"": 12400.0}",-0.03103810063,-0.03103810063
2024-02-27,V11 LambdaRank Top2,109714.1614,109942,587.1614176,2,134.2670824,93.5715,311905,0,"{""601939.SH"": 7700.0, ""601988.SH"": 12400.0}",0.002109913497,-0.02899367484
2024-02-28,V11 LambdaRank Top2,109406.1614,109634,587.1614176,2,134.2670824,93.5715,311905,0,"{""601939.SH"": 7700.0, ""601988.SH"": 12400.0}",-0.002807294847,-0.03171957589
2024-02-29,V11 LambdaRank Top2,109915.1614,110143,587.1614176,2,134.2670824,93.5715,311905,0,"{""601939.SH"": 7700.0, ""601988.SH"": 12400.0}",0.0046523888,-0.02721475889
2024-03-01,V11 LambdaRank Top2,110270.1614,110498,587.1614176,2,134.2670824,93.5715,311905,0,"{""601939.SH"": 7700.0, ""601988.SH"": 12400.0}",0.003229763714,-0.02407289242
2024-03-04,V11 LambdaRank Top2,109818.5687,110141,522.5687268,2,195.6119732,126.8193,422731,0,"{""601288.SH"": 12900.0, ""601939.SH"": 7800.0}",-0.004095329915,-0.0280696359
2024-03-05,V11 LambdaRank Top2,112200.5687,112523,522.5687268,2,195.6119732,126.8193,422731,0,"{""601288.SH"": 12900.0, ""601939.SH"": 7800.0}",0.02169032093,-0.006988154375
2024-03-06,V11 LambdaRank Top2,110544.5687,110867,522.5687268,2,195.6119732,126.8193,422731,0,"{""601288.SH"": 12900.0, ""601939.SH"": 7800.0}",-0.01475928348,-0.0216442977
2024-03-07,V11 LambdaRank Top2,111114.5687,111437,522.5687268,2,195.6119732,126.8193,422731,0,"{""601288.SH"": 12900.0, ""601939.SH"": 7800.0}",0.005156291318,-0.01659961069
2024-03-08,V11 LambdaRank Top2,111063.5687,111386,522.5687268,2,195.6119732,126.8193,422731,0,"{""601288.SH"": 12900.0, ""601939.SH"": 7800.0}",-0.000458985717,-0.01705097742
2024-03-11,V11 LambdaRank Top2,110364.5687,110687,522.5687268,2,195.6119732,126.8193,422731,0,"{""601288.SH"": 12900.0, ""601939.SH"": 7800.0}",-0.006293692955,-0.02323735676
2024-03-12,V11 LambdaRank Top2,107514.5687,107837,522.5687268,2,195.6119732,126.8193,422731,0,"{""601288.SH"": 12900.0, ""601939.SH"": 7800.0}",-0.02582350507,-0.04846079183
2024-03-13,V11 LambdaRank Top2,107178.5687,107501,522.5687268,2,195.6119732,126.8193,422731,0,"{""601288.SH"": 12900.0, ""601939.SH"": 7800.0}",-0.003125157864,-0.05143450207
2024-03-14,V11 LambdaRank Top2,107694.5687,108017,522.5687268,2,195.6119732,126.8193,422731,0,"{""601288.SH"": 12900.0, ""601939.SH"": 7800.0}",0.004814395323,-0.04686773277
2024-03-15,V11 LambdaRank Top2,107460.5687,107783,522.5687268,2,195.6119732,126.8193,422731,0,"{""601288.SH"": 12900.0, ""601939.SH"": 7800.0}",-0.002172811524,-0.04893870954
2024-03-18,V11 LambdaRank Top2,106683.5687,107006,522.5687268,2,195.6119732,126.8193,422731,0,"{""601288.SH"": 12900.0, ""601939.SH"": 7800.0}",-0.007230559164,-0.05581541447
2024-03-19,V11 LambdaRank Top2,105699.5687,106022,522.5687268,2,195.6119732,126.8193,422731,0,"{""601288.SH"": 12900.0, ""601939.SH"": 7800.0}",-0.009223538467,-0.06452413732
2024-03-20,V11 LambdaRank Top2,106371.5687,106694,522.5687268,2,195.6119732,126.8193,422731,0,"{""601288.SH"": 12900.0, ""601939.SH"": 7800.0}",0.006357641834,-0.05857671684
2024-03-21,V11 LambdaRank Top2,106656.5687,106979,522.5687268,2,195.6119732,126.8193,422731,0,"{""601288.SH"": 12900.0, ""601939.SH"": 7800.0}",0.002679287364,-0.05605437333
2024-03-22,V11 LambdaRank Top2,107952.5687,108275,522.5687268,2,195.6119732,126.8193,422731,0,"{""601288.SH"": 12900.0, ""601939.SH"": 7800.0}",0.01215115033,-0.04458434812
2024-03-25,V11 LambdaRank Top2,108261.5687,108584,522.5687268,2,195.6119732,126.8193,422731,0,"{""601288.SH"": 12900.0, ""601939.SH"": 7800.0}",0.002862368202,-0.04184959674
2024-03-26,V11 LambdaRank Top2,109221.5687,109544,522.5687268,2,195.6119732,126.8193,422731,0,"{""601288.SH"": 12900.0, ""601939.SH"": 7800.0}",0.008867412613,-0.03335328177
2024-03-27,V11 LambdaRank Top2,109944.5687,110267,522.5687268,2,195.6119732,126.8193,422731,0,"{""601288.SH"": 12900.0, ""601939.SH"": 7800.0}",0.006619571651,-0.02695449456
2024-03-28,V11 LambdaRank Top2,107589.5687,107912,522.5687268,2,195.6119732,126.8193,422731,0,"{""601288.SH"": 12900.0, ""601939.SH"": 7800.0}",-0.02141988483,-0.04779701722
2024-03-29,V11 LambdaRank Top2,108675.5687,108998,522.5687268,2,195.6119732,126.8193,422731,0,"{""601288.SH"": 12900.0, ""601939.SH"": 7800.0}",0.01009391536,-0.03818556091
2024-04-01,V11 LambdaRank Top2,108987.5687,109310,522.5687268,2,195.6119732,126.8193,422731,0,"{""601288.SH"": 12900.0, ""601939.SH"": 7800.0}",0.002870930455,-0.03542425854
2024-04-02,V11 LambdaRank Top2,109926.2284,110336,375.2284468,2,250.5954532,159.1761,530587,0,"{""601288.SH"": 12900.0, ""601398.SH"": 10200.0}",0.008612539311,-0.02711681205
2024-04-03,V11 LambdaRank Top2,110082.2284,110492,375.2284468,2,250.5954532,159.1761,530587,0,"{""601288.SH"": 12900.0, ""601398.SH"": 10200.0}",0.001419133561,-0.02573616087
2024-04-08,V11 LambdaRank Top2,111441.2284,111851,375.2284468,2,250.5954532,159.1761,530587,0,"{""601288.SH"": 12900.0, ""601398.SH"": 10200.0}",0.01234531694,-0.01370856499
2024-04-09,V11 LambdaRank Top2,109953.2284,110363,375.2284468,2,250.5954532,159.1761,530587,0,"{""601288.SH"": 12900.0, ""601398.SH"": 10200.0}",-0.01335232948,-0.02687785319
2024-04-10,V11 LambdaRank Top2,110184.2284,110594,375.2284468,2,250.5954532,159.1761,530587,0,"{""601288.SH"": 12900.0, ""601398.SH"": 10200.0}",0.002100893291,-0.0248334274
2024-04-11,V11 LambdaRank Top2,109722.2284,110132,375.2284468,2,250.5954532,159.1761,530587,0,"{""601288.SH"": 12900.0, ""601398.SH"": 10200.0}",-0.004192977584,-0.02892227898
2024-04-12,V11 LambdaRank Top2,109851.2284,110261,375.2284468,2,250.5954532,159.1761,530587,0,"{""601288.SH"": 12900.0, ""601398.SH"": 10200.0}",0.001175696136,-0.02778058666
2024-04-15,V11 LambdaRank Top2,112032.2284,112442,375.2284468,2,250.5954532,159.1761,530587,0,"{""601288.SH"": 12900.0, ""601398.SH"": 10200.0}",0.01985412481,-0.008478021084
2024-04-16,V11 LambdaRank Top2,113316.2284,113726,375.2284468,2,250.5954532,159.1761,530587,0,"{""601288.SH"": 12900.0, ""601398.SH"": 10200.0}",0.01146098777,0
2024-04-17,V11 LambdaRank Top2,114009.2284,114419,375.2284468,2,250.5954532,159.1761,530587,0,"{""601288.SH"": 12900.0, ""601398.SH"": 10200.0}",0.006115628887,0
2024-04-18,V11 LambdaRank Top2,114600.2284,115010,375.2284468,2,250.5954532,159.1761,530587,0,"{""601288.SH"": 12900.0, ""601398.SH"": 10200.0}",0.005183790892,0
2024-04-19,V11 LambdaRank Top2,115551.2284,115961,375.2284468,2,250.5954532,159.1761,530587,0,"{""601288.SH"": 12900.0, ""601398.SH"": 10200.0}",0.008298412777,0
2024-04-22,V11 LambdaRank Top2,114321.2284,114731,375.2284468,2,250.5954532,159.1761,530587,0,"{""601288.SH"": 12900.0, ""601398.SH"": 10200.0}",-0.01064462937,-0.01064462937
2024-04-23,V11 LambdaRank Top2,114525.2284,114935,375.2284468,2,250.5954532,159.1761,530587,0,"{""601288.SH"": 12900.0, ""601398.SH"": 10200.0}",0.001784445486,-0.008879178645
2024-04-24,V11 LambdaRank Top2,114090.2284,114500,375.2284468,2,250.5954532,159.1761,530587,0,"{""601288.SH"": 12900.0, ""601398.SH"": 10200.0}",-0.003798289738,-0.01264374269
2024-04-25,V11 LambdaRank Top2,115068.2284,115478,375.2284468,2,250.5954532,159.1761,530587,0,"{""601288.SH"": 12900.0, ""601398.SH"": 10200.0}",0.008572162694,-0.004179964216
2024-04-26,V11 LambdaRank Top2,112860.2284,113270,375.2284468,2,250.5954532,159.1761,530587,0,"{""601288.SH"": 12900.0, ""601398.SH"": 10200.0}",-0.01918861557,-0.02328837206
2024-04-29,V11 LambdaRank Top2,112140.2284,112550,375.2284468,2,250.5954532,159.1761,530587,0,"{""601288.SH"": 12900.0, ""601398.SH"": 10200.0}",-0.006379572414,-0.02951937462
2024-04-30,V11 LambdaRank Top2,112521.2284,112931,375.2284468,2,250.5954532,159.1761,530587,0,"{""601288.SH"": 12900.0, ""601398.SH"": 10200.0}",0.003397531869,-0.02622213576
2024-05-06,V11 LambdaRank Top2,111264.2284,111674,375.2284468,2,250.5954532,159.1761,530587,0,"{""601288.SH"": 12900.0, ""601398.SH"": 10200.0}",-0.01117122535,-0.03710042773
2024-05-07,V11 LambdaRank Top2,111957.2284,112367,375.2284468,2,250.5954532,159.1761,530587,0,"{""601288.SH"": 12900.0, ""601398.SH"": 10200.0}",0.006228416893,-0.03110308777
2024-05-08,V11 LambdaRank Top2,112704.2284,113114,375.2284468,2,250.5954532,159.1761,530587,0,"{""601288.SH"": 12900.0, ""601398.SH"": 10200.0}",0.006672190893,-0.02463842261
2024-05-09,V11 LambdaRank Top2,111753.2284,112163,375.2284468,2,250.5954532,159.1761,530587,0,"{""601288.SH"": 12900.0, ""601398.SH"": 10200.0}",-0.008438015264,-0.03286853849
2024-05-10,V11 LambdaRank Top2,111828.2284,112238,375.2284468,2,250.5954532,159.1761,530587,0,"{""601288.SH"": 12900.0, ""601398.SH"": 10200.0}",0.000671121551,-0.03221947573
2024-05-13,V11 LambdaRank Top2,112059.2284,112469,375.2284468,2,250.5954532,159.1761,530587,0,"{""601288.SH"": 12900.0, ""601398.SH"": 10200.0}",0.002065668063,-0.0302203624
2024-05-14,V11 LambdaRank Top2,111135.2284,111545,375.2284468,2,250.5954532,159.1761,530587,0,"{""601288.SH"": 12900.0, ""601398.SH"": 10200.0}",-0.008245639496,-0.03821681569
2024-05-15,V11 LambdaRank Top2,111237.2284,111647,375.2284468,2,250.5954532,159.1761,530587,0,"{""601288.SH"": 12900.0, ""601398.SH"": 10200.0}",0.0009178007858,-0.03733409033
2024-05-16,V11 LambdaRank Top2,111672.2284,112082,375.2284468,2,250.5954532,159.1761,530587,0,"{""601288.SH"": 12900.0, ""601398.SH"": 10200.0}",0.003910561294,-0.03356952628
2024-05-17,V11 LambdaRank Top2,112671.2284,113081,375.2284468,2,250.5954532,159.1761,530587,0,"{""601288.SH"": 12900.0, ""601398.SH"": 10200.0}",0.008945823092,-0.02492401023
2024-05-20,V11 LambdaRank Top2,112440.2284,112850,375.2284468,2,250.5954532,159.1761,530587,0,"{""601288.SH"": 12900.0, ""601398.SH"": 10200.0}",-0.002050212847,-0.02692312355
2024-05-21,V11 LambdaRank Top2,113364.2284,113774,375.2284468,2,250.5954532,159.1761,530587,0,"{""601288.SH"": 12900.0, ""601398.SH"": 10200.0}",0.008217699419,-0.01892667027
2024-05-22,V11 LambdaRank Top2,113595.2284,114005,375.2284468,2,250.5954532,159.1761,530587,0,"{""601288.SH"": 12900.0, ""601398.SH"": 10200.0}",0.002037679815,-0.01692755695
2024-05-23,V11 LambdaRank Top2,113133.2284,113543,375.2284468,2,250.5954532,159.1761,530587,0,"{""601288.SH"": 12900.0, ""601398.SH"": 10200.0}",-0.004067072238,-0.02092578359
2024-05-24,V11 LambdaRank Top2,112494.2284,112904,375.2284468,2,250.5954532,159.1761,530587,0,"{""601288.SH"": 12900.0, ""601398.SH"": 10200.0}",-0.005648207947,-0.02645579836
2024-05-27,V11 LambdaRank Top2,113676.2284,114086,375.2284468,2,250.5954532,159.1761,530587,0,"{""601288.SH"": 12900.0, ""601398.SH"": 10200.0}",0.01050720571,-0.01622656916
2024-05-28,V11 LambdaRank Top2,113907.2284,114317,375.2284468,2,250.5954532,159.1761,530587,0,"{""601288.SH"": 12900.0, ""601398.SH"": 10200.0}",0.002032087123,-0.01422745584
2024-05-29,V11 LambdaRank Top2,113316.2284,113726,375.2284468,2,250.5954532,159.1761,530587,0,"{""601288.SH"": 12900.0, ""601398.SH"": 10200.0}",-0.005188432798,-0.01934207044
2024-05-30,V11 LambdaRank Top2,112494.2284,112904,375.2284468,2,250.5954532,159.1761,530587,0,"{""601288.SH"": 12900.0, ""601398.SH"": 10200.0}",-0.007254035995,-0.02645579836
2024-05-31,V11 LambdaRank Top2,112392.2284,112802,375.2284468,2,250.5954532,159.1761,530587,0,"{""601288.SH"": 12900.0, ""601398.SH"": 10200.0}",-0.0009067131835,-0.02733852372
2024-06-03,V11 LambdaRank Top2,112752.2284,113162,375.2284468,2,250.5954532,159.1761,530587,0,"{""601288.SH"": 12900.0, ""601398.SH"": 10200.0}",0.003203068441,-0.02422302244
2024-06-04,V11 LambdaRank Top2,112656.7337,113162,264.7336719,2,312.5283281,192.738,642460,0,"{""601288.SH"": 12800.0, ""601988.SH"": 12600.0}",-0.0008469435701,-0.02504945048
2024-06-05,V11 LambdaRank Top2,113166.7337,113672,264.7336719,2,312.5283281,192.738,642460,0,"{""601288.SH"": 12800.0, ""601988.SH"": 12600.0}",0.004527026334,-0.02063582367
2024-06-06,V11 LambdaRank Top2,113038.7337,113544,264.7336719,2,312.5283281,192.738,642460,0,"{""601288.SH"": 12800.0, ""601988.SH"": 12600.0}",-0.001131074441,-0.02174355746
2024-06-07,V11 LambdaRank Top2,114857.1149,115362.3812,264.7336719,2,312.5283281,192.738,642460,0,"{""601288.SH"": 13501.0285, ""601988.SH"": 12600.0}",0.01608635526,-0.006006976785
2024-06-11,V11 LambdaRank Top2,112760.0223,113265.2887,264.7336719,2,312.5283281,192.738,642460,0,"{""601288.SH"": 13501.0285, ""601988.SH"": 12600.0}",-0.01825827301,-0.02415557277
2024-06-12,V11 LambdaRank Top2,111995.0121,112500.2784,264.7336719,2,312.5283281,192.738,642460,0,"{""601288.SH"": 13501.0285, ""601988.SH"": 12600.0}",-0.006784410545,-0.030776102
2024-06-13,V11 LambdaRank Top2,113309.0738,113814.3401,264.7336719,2,312.5283281,192.738,642460,-1.455191523e-11,"{""601288.SH"": 13501.0285, ""601988.SH"": 12600.0}",0.01173321636,-0.0194039883
2024-06-14,V11 LambdaRank Top2,114092.1046,114597.3709,264.7336719,2,312.5283281,192.738,642460,0,"{""601288.SH"": 13501.0285, ""601988.SH"": 12600.0}",0.006910575012,-0.01262750601
2024-06-17,V11 LambdaRank Top2,112382.0223,112887.2887,264.7336719,2,312.5283281,192.738,642460,0,"{""601288.SH"": 13501.0285, ""601988.SH"": 12600.0}",-0.0149886119,-0.02742684912
2024-06-18,V11 LambdaRank Top2,112643.0326,113148.299,264.7336719,2,312.5283281,192.738,642460,-1.455191523e-11,"{""601288.SH"": 13501.0285, ""601988.SH"": 12600.0}",0.00232252703,-0.02516802169
2024-06-19,V11 LambdaRank Top2,113687.0738,114192.3401,264.7336719,2,312.5283281,192.738,642460,0,"{""601288.SH"": 13501.0285, ""601988.SH"": 12600.0}",0.009268581589,-0.01613271196
2024-06-20,V11 LambdaRank Top2,114083.0943,114588.3607,264.7336719,2,312.5283281,192.738,642460,-1.455191523e-11,"{""601288.SH"": 13501.0285, ""601988.SH"": 12600.0}",0.003483426533,-0.01270548254
2024-06-21,V11 LambdaRank Top2,113156.0429,113661.3092,264.7336719,2,312.5283281,192.738,642460,0,"{""601288.SH"": 13501.0285, ""601988.SH"": 12600.0}",-0.008126106925,-0.02072834336
2024-06-24,V11 LambdaRank Top2,114218.1046,114723.3709,264.7336719,2,312.5283281,192.738,642460,0,"{""601288.SH"": 13501.0285, ""601988.SH"": 12600.0}",0.009385815199,-0.01153708056
2024-06-25,V11 LambdaRank Top2,114736.8132,115242.0795,264.7336719,2,312.5283281,192.738,642460,0,"{""601288.SH"": 13502.9456, ""601988.SH"": 12599.4538}",0.004541386633,-0.00704808827
2024-06-26,V11 LambdaRank Top2,115387.3408,115892.6071,264.7336719,2,312.5283281,192.738,642460,0,"{""601288.SH"": 13502.9456, ""601988.SH"": 12600.0}",0.00566973715,-0.001418311927
2024-06-27,V11 LambdaRank Top2,116683.4586,117188.7249,264.7336719,2,312.5283281,192.738,642460,0,"{""601288.SH"": 13502.9456, ""601988.SH"": 12600.0}",0.01123275582,0
2024-06-28,V11 LambdaRank Top2,117349.5764,117854.8427,264.7336719,2,312.5283281,192.738,642460,0,"{""601288.SH"": 13502.9456, ""601988.SH"": 12600.0}",0.005708759676,0
2024-07-01,V11 LambdaRank Top2,119059.8121,119565.0784,264.7336719,2,312.5283281,192.738,642460,0,"{""601288.SH"": 13502.9456, ""601988.SH"": 12600.0}",0.01457385445,0
2024-07-02,V11 LambdaRank Top2,121274.0477,121779.314,264.7336719,2,312.5283281,192.738,642460,0,"{""601288.SH"": 13502.9456, ""601988.SH"": 12600.0}",0.01859767463,0
2024-07-03,V11 LambdaRank Top2,120238.9593,120744.2257,264.7336719,2,312.5283281,192.738,642460,-1.455191523e-11,"{""601288.SH"": 13502.9456, ""601988.SH"": 12600.0}",-0.008535118495,-0.008535118495
2024-07-04,V11 LambdaRank Top2,121157.0772,121662.3435,264.7336719,2,312.5283281,192.738,642460,0,"{""601288.SH"": 13502.9456, ""601988.SH"": 12600.0}",0.007635776527,-0.0009645142254
2024-07-05,V11 LambdaRank Top2,118825.871,119331.1373,264.7336719,2,312.5283281,192.738,642460,0,"{""601288.SH"": 13502.9456, ""601988.SH"": 12600.0}",-0.01924118876,-0.02018714458
2024-07-08,V11 LambdaRank Top2,120121.9888,120627.2551,264.7336719,2,312.5283281,192.738,642460,0,"{""601288.SH"": 13502.9456, ""601988.SH"": 12600.0}",0.01090770733,-0.00949963272
2024-07-09,V11 LambdaRank Top2,121157.0772,121662.3435,264.7336719,2,312.5283281,192.738,642460,0,"{""601288.SH"": 13502.9456, ""601988.SH"": 12600.0}",0.008616976608,-0.0009645142254
2024-07-10,V11 LambdaRank Top2,121553.1361,122058.4024,264.7336719,2,312.5283281,192.738,642460,0,"{""601288.SH"": 13502.9456, ""601988.SH"": 12600.0}",0.003268970504,0
2024-07-11,V11 LambdaRank Top2,120383.0182,120888.2846,264.7336719,2,312.5283281,192.738,642460,-1.455191523e-11,"{""601288.SH"": 13502.9456, ""601988.SH"": 12600.0}",-0.009626389422,-0.009626389422
2024-07-12,V11 LambdaRank Top2,122480.2833,122985.5497,264.7336719,2,312.5283281,192.738,642460,0,"{""601288.SH"": 13502.9456, ""601988.SH"": 12600.0}",0.01742160259,0
2024-07-15,V11 LambdaRank Top2,125108.6368,125613.9031,264.7336719,2,312.5283281,192.738,642460,0,"{""601288.SH"": 13502.9456, ""601988.SH"": 12600.0}",0.02145940063,0
2024-07-16,V11 LambdaRank Top2,125351.6074,125856.8737,264.7336719,2,312.5283281,192.738,642460,-1.455191523e-11,"{""601288.SH"": 13502.9456, ""601988.SH"": 12600.0}",0.001942076505,0
2024-07-17,V11 LambdaRank Top2,125750.9692,126256.2355,264.7336719,2,312.5283281,192.738,642460,0,"{""601288.SH"": 13502.9456, ""601988.SH"": 13251.5735}",0.003185933104,0
2024-07-18,V11 LambdaRank Top2,125750.9692,126256.2355,264.7336719,2,312.5283281,192.738,642460,0,"{""601288.SH"": 13502.9456, ""601988.SH"": 13251.5735}",0,0
2024-07-19,V11 LambdaRank Top2,125748.4555,126253.7218,264.7336719,2,312.5283281,192.738,642460,0,"{""601288.SH"": 13502.9456, ""601988.SH"": 13251.5735}",-1.998967572e-05,-1.998967572e-05
2024-07-22,V11 LambdaRank Top2,124538.2178,125043.4841,264.7336719,2,312.5283281,192.738,642460,0,"{""601288.SH"": 13502.9456, ""601988.SH"": 13251.5735}",-0.009624274553,-0.009644071843
2024-07-23,V11 LambdaRank Top2,127346.1855,127851.4518,264.7336719,2,312.5283281,192.738,642460,0,"{""601288.SH"": 13502.9456, ""601988.SH"": 13251.5735}",0.02254703568,0
2024-07-24,V11 LambdaRank Top2,127751.2738,128256.5402,264.7336719,2,312.5283281,192.738,642460,0,"{""601288.SH"": 13502.9456, ""601988.SH"": 13251.5735}",0.00318100119,0
2024-07-25,V11 LambdaRank Top2,126678.5793,127183.8457,264.7336719,2,312.5283281,192.738,642460,0,"{""601288.SH"": 13502.9456, ""601988.SH"": 13251.5735}",-0.008396741975,-0.008396741975
2024-07-26,V11 LambdaRank Top2,124003.1274,124508.3938,264.7336719,2,312.5283281,192.738,642460,0,"{""601288.SH"": 13502.9456, ""601988.SH"": 13251.5735}",-0.02112000244,-0.02933940521
2024-07-29,V11 LambdaRank Top2,126541.0362,127046.3025,264.7336719,2,312.5283281,192.738,642460,-1.455191523e-11,"{""601288.SH"": 13502.9456, ""601988.SH"": 13251.5735}",0.02046648968,-0.009473390158
2024-07-30,V11 LambdaRank Top2,126938.5834,127443.8497,264.7336719,2,312.5283281,192.738,642460,-1.455191523e-11,"{""601288.SH"": 13502.9456, ""601988.SH"": 13251.5735}",0.003141646506,-0.006361505695
2024-07-31,V11 LambdaRank Top2,123995.5863,124500.8526,264.7336719,2,312.5283281,192.738,642460,0,"{""601288.SH"": 13502.9456, ""601988.SH"": 13251.5735}",-0.02318441736,-0.02939843525
2024-08-01,V11 LambdaRank Top2,124933.2513,125438.5176,264.7336719,2,312.5283281,192.738,642460,0,"{""601288.SH"": 13502.9456, ""601988.SH"": 13251.5735}",0.007562083907,-0.02205866478
2024-08-02,V11 LambdaRank Top2,125335.8259,125841.0923,264.7336719,2,312.5283281,192.738,642460,0,"{""601288.SH"": 13502.9456, ""601988.SH"": 13251.5735}",0.003222317855,-0.01890742695
2024-08-05,V11 LambdaRank Top2,124668.2198,125173.4862,264.7336719,2,312.5283281,192.738,642460,0,"{""601288.SH"": 13502.9456, ""601988.SH"": 13251.5735}",-0.005326538607,-0.02413325442
2024-08-06,V11 LambdaRank Top2,123062.9487,123568.215,264.7336719,2,312.5283281,192.738,642460,0,"{""601288.SH"": 13502.9456, ""601988.SH"": 13251.5735}",-0.01287634608,-0.03669885236
2024-08-07,V11 LambdaRank Top2,122925.4055,123430.6718,264.7336719,2,312.5283281,192.738,642460,0,"{""601288.SH"": 13502.9456, ""601988.SH"": 13251.5735}",-0.001117665214,-0.03777550055
2024-08-08,V11 LambdaRank Top2,123195.4644,123700.7307,264.7336719,2,312.5283281,192.738,642460,-1.455191523e-11,"{""601288.SH"": 13502.9456, ""601988.SH"": 13251.5735}",0.002196933258,-0.03566155754
2024-08-09,V11 LambdaRank Top2,123868.098,124373.3643,264.7336719,2,312.5283281,192.738,642460,0,"{""601288.SH"": 13502.9456, ""601988.SH"": 13251.5735}",0.005459888975,-0.03039637671
2024-08-12,V11 LambdaRank Top2,124670.7336,125175.9999,264.7336719,2,312.5283281,192.738,642460,0,"{""601288.SH"": 13502.9456, ""601988.SH"": 13251.5735}",0.006479760202,-0.02411357774
2024-08-13,V11 LambdaRank Top2,125470.8554,125976.1217,264.7336719,2,312.5283281,192.738,642460,-1.455191523e-11,"{""601288.SH"": 13502.9456, ""601988.SH"": 13251.5735}",0.006417880346,-0.01785045545
2024-08-14,V11 LambdaRank Top2,125735.8869,126241.1532,264.7336719,2,312.5283281,192.738,642460,0,"{""601288.SH"": 13502.9456, ""601988.SH"": 13251.5735}",0.002112295071,-0.01577586581
2024-08-15,V11 LambdaRank Top2,126403.493,126908.7593,264.7336719,2,312.5283281,192.738,642460,0,"{""601288.SH"": 13502.9456, ""601988.SH"": 13251.5735}",0.005309590861,-0.01055003834
2024-08-16,V11 LambdaRank Top2,128278.823,128784.0894,264.7336719,2,312.5283281,192.738,642460,0,"{""601288.SH"": 13502.9456, ""601988.SH"": 13251.5735}",0.01483606197,0
2024-08-19,V11 LambdaRank Top2,131491.879,131997.1454,264.7336719,2,312.5283281,192.738,642460,0,"{""601288.SH"": 13502.9456, ""601988.SH"": 13251.5735}",0.0250474391,0
2024-08-20,V11 LambdaRank Top2,132427.0304,132932.2967,264.7336719,2,312.5283281,192.738,642460,0,"{""601288.SH"": 13502.9456, ""601988.SH"": 13251.5735}",0.00711185598,0
2024-08-21,V11 LambdaRank Top2,131619.3673,132124.6337,264.7336719,2,312.5283281,192.738,642460,0,"{""601288.SH"": 13502.9456, ""601988.SH"": 13251.5735}",-0.006098928683,-0.006098928683
2024-08-22,V11 LambdaRank Top2,133749.674,134254.9403,264.7336719,2,312.5283281,192.738,642460,0,"{""601288.SH"": 13502.9456, ""601988.SH"": 13251.5735}",0.01618535845,0
2024-08-23,V11 LambdaRank Top2,134017.2192,134522.4855,264.7336719,2,312.5283281,192.738,642460,0,"{""601288.SH"": 13502.9456, ""601988.SH"": 13251.5735}",0.002000342749,0
2024-08-26,V11 LambdaRank Top2,134017.2192,134522.4855,264.7336719,2,312.5283281,192.738,642460,0,"{""601288.SH"": 13502.9456, ""601988.SH"": 13251.5735}",0,0
2024-08-27,V11 LambdaRank Top2,136020.0375,136525.3038,264.7336719,2,312.5283281,192.738,642460,0,"{""601288.SH"": 13502.9456, ""601988.SH"": 13251.5735}",0.01494448519,0
2024-08-28,V11 LambdaRank Top2,134817.341,135322.6074,264.7336719,2,312.5283281,192.738,642460,0,"{""601288.SH"": 13502.9456, ""601988.SH"": 13251.5735}",-0.008842053853,-0.008842053853
2024-08-29,V11 LambdaRank Top2,128928.8331,129434.0994,264.7336719,2,312.5283281,192.738,642460,-1.455191523e-11,"{""601288.SH"": 13502.9456, ""601988.SH"": 13251.5735}",-0.04367767431,-0.05213352782
2024-08-30,V11 LambdaRank Top2,124773.0846,125278.351,264.7336719,2,312.5283281,192.738,642460,0,"{""601288.SH"": 13502.9456, ""601988.SH"": 13251.5735}",-0.03223288676,-0.08268600048
2024-09-02,V11 LambdaRank Top2,128526.2585,129031.5248,264.7336719,2,312.5283281,192.738,642460,0,"{""601288.SH"": 13502.9456, ""601988.SH"": 13251.5735}",0.03007999555,-0.05509319945
2024-09-03,V11 LambdaRank Top2,123477.3928,124091.8747,904.1966298,2,383.1679102,231.3140036,771046.6785,0,"{""601288.SH"": 13602.9456, ""601398.SH"": 10700.0}",-0.03928275582,-0.09221174256
2024-09-04,V11 LambdaRank Top2,123486.5107,124100.9926,904.1966298,2,383.1679102,231.3140036,771046.6785,0,"{""601288.SH"": 13602.9456, ""601398.SH"": 10700.0}",7.384204554e-05,-0.09214470962
2024-09-05,V11 LambdaRank Top2,122358.4517,122972.9337,904.1966298,2,383.1679102,231.3140036,771046.6785,0,"{""601288.SH"": 13602.9456, ""601398.SH"": 10700.0}",-0.009135078039,-0.1004380385
2024-09-06,V11 LambdaRank Top2,122601.4812,123215.9631,904.1966298,2,383.1679102,231.3140036,771046.6785,0,"{""601288.SH"": 13602.9456, ""601398.SH"": 10700.0}",0.001986208981,-0.0986513205
2024-09-09,V11 LambdaRank Top2,122416.5107,123030.9926,904.1966298,2,383.1679102,231.3140036,771046.6785,0,"{""601288.SH"": 13602.9456, ""601398.SH"": 10700.0}",-0.00150871378,-0.1000111977
2024-09-10,V11 LambdaRank Top2,124146.7463,124761.2282,904.1966298,2,383.1679102,231.3140036,771046.6785,0,"{""601288.SH"": 13602.9456, ""601398.SH"": 10700.0}",0.01413400559,-0.08729075091
2024-09-11,V11 LambdaRank Top2,120851.3339,121465.8158,904.1966298,2,383.1679102,231.3140036,771046.6785,0,"{""601288.SH"": 13602.9456, ""601398.SH"": 10700.0}",-0.02654449254,-0.1115181548
2024-09-12,V11 LambdaRank Top2,121123.3928,121737.8747,904.1966298,2,383.1679102,231.3140036,771046.6785,0,"{""601288.SH"": 13602.9456, ""601398.SH"": 10700.0}",0.002251186667,-0.1095180163
2024-09-13,V11 LambdaRank Top2,120793.275,121407.7569,904.1966298,2,383.1679102,231.3140036,771046.6785,0,"{""601288.SH"": 13602.9456, ""601398.SH"": 10700.0}",-0.002725467109,-0.1119449956
2024-09-18,V11 LambdaRank Top2,122893.4517,123507.9337,904.1966298,2,383.1679102,231.3140036,771046.6785,0,"{""601288.SH"": 13602.9456, ""601398.SH"": 10700.0}",0.01738653691,-0.09650479452
2024-09-19,V11 LambdaRank Top2,122572.4517,123186.9337,904.1966298,2,383.1679102,231.3140036,771046.6785,0,"{""601288.SH"": 13602.9456, ""601398.SH"": 10700.0}",-0.002612018748,-0.09886474094
2024-09-20,V11 LambdaRank Top2,123330.5696,123945.0515,904.1966298,2,383.1679102,231.3140036,771046.6785,0,"{""601288.SH"": 13602.9456, ""601398.SH"": 10700.0}",0.006185058816,-0.09329116636
2024-09-23,V11 LambdaRank Top2,124953.8052,125568.2871,904.1966298,2,383.1679102,231.3140036,771046.6785,0,"{""601288.SH"": 13602.9456, ""601398.SH"": 10700.0}",0.01316166505,-0.0813573684
2024-09-24,V11 LambdaRank Top2,130398.3354,131012.8173,904.1966298,2,383.1679102,231.3140036,771046.6785,0,"{""601288.SH"": 13602.9456, ""601398.SH"": 10700.0}",0.04357234416,-0.0413299555
2024-09-25,V11 LambdaRank Top2,131370.4532,131984.9352,904.1966298,2,383.1679102,231.3140036,771046.6785,0,"{""601288.SH"": 13602.9456, ""601398.SH"": 10700.0}",0.007454986447,-0.03418308331
2024-09-26,V11 LambdaRank Top2,133762.6005,134377.0824,904.1966298,2,383.1679102,231.3140036,771046.6785,0,"{""601288.SH"": 13602.9456, ""601398.SH"": 10700.0}",0.01820917276,-0.01659635621
2024-09-27,V11 LambdaRank Top2,129145.0409,129759.5228,904.1966298,2,383.1679102,231.3140036,771046.6785,0,"{""601288.SH"": 13602.9456, ""601398.SH"": 10700.0}",-0.03452055838,-0.05054399911
2024-09-30,V11 LambdaRank Top2,132324.3354,132938.8173,904.1966298,2,383.1679102,231.3140036,771046.6785,0,"{""601288.SH"": 13602.9456, ""601398.SH"": 10700.0}",0.02461801504,-0.027170277
2024-10-08,V11 LambdaRank Top2,131138.2176,131752.6995,904.1966298,2,383.1679102,231.3140036,771046.6785,1.455191523e-11,"{""601288.SH"": 13602.9456, ""601398.SH"": 10700.0}",-0.008963716458,-0.0358904468
2024-10-09,V11 LambdaRank Top2,129047.8062,129667.4344,427.0503084,2,388.1726316,231.4556036,771518.6785,0,"{""601288.SH"": 13702.9456, ""601398.SH"": 10700.0}",-0.01594052033,-0.05125885473
2024-10-10,V11 LambdaRank Top2,133564.248,134183.8762,427.0503084,2,388.1726316,231.4556036,771518.6785,0,"{""601288.SH"": 13702.9456, ""601398.SH"": 10700.0}",0.03499820703,-0.01805461572
2024-10-11,V11 LambdaRank Top2,133701.2775,134320.9057,427.0503084,2,388.1726316,231.4556036,771518.6785,0,"{""601288.SH"": 13702.9456, ""601398.SH"": 10700.0}",0.001025944127,-0.01704719462
2024-10-14,V11 LambdaRank Top2,138581.8666,139201.4948,427.0503084,2,388.1726316,231.4556036,771518.6785,0,"{""601288.SH"": 13702.9456, ""601398.SH"": 10700.0}",0.0365036835,0
2024-10-15,V11 LambdaRank Top2,134827.5426,135447.1708,427.0503084,2,388.1726316,231.4556036,771518.6785,0,"{""601288.SH"": 13702.9456, ""601398.SH"": 10700.0}",-0.02709101924,-0.02709101924
2024-10-16,V11 LambdaRank Top2,137267.8371,137887.4654,427.0503084,2,388.1726316,231.4556036,771518.6785,0,"{""601288.SH"": 13702.9456, ""601398.SH"": 10700.0}",0.01809937726,-0.009481972557
2024-10-17,V11 LambdaRank Top2,135970.7193,136590.3475,427.0503084,2,388.1726316,231.4556036,771518.6785,0,"{""601288.SH"": 13702.9456, ""601398.SH"": 10700.0}",-0.009449539312,-0.0188419116
2024-10-18,V11 LambdaRank Top2,136017.6604,136637.2886,427.0503084,2,388.1726316,231.4556036,771518.6785,0,"{""601288.SH"": 13702.9456, ""601398.SH"": 10700.0}",0.0003452293891,-0.01850318699
2024-10-21,V11 LambdaRank Top2,132661.3069,133280.9352,427.0503084,2,388.1726316,231.4556036,771518.6785,0,"{""601288.SH"": 13702.9456, ""601398.SH"": 10700.0}",-0.02467586533,-0.04272247016
2024-10-22,V11 LambdaRank Top2,132721.3658,133340.9941,427.0503084,2,388.1726316,231.4556036,771518.6785,0,"{""601288.SH"": 13702.9456, ""601398.SH"": 10700.0}",0.0004527236541,-0.04228908798
2024-10-23,V11 LambdaRank Top2,132584.3364,133203.9646,427.0503084,2,388.1726316,231.4556036,771518.6785,0,"{""601288.SH"": 13702.9456, ""601398.SH"": 10700.0}",-0.001032459657,-0.04327788586
2024-10-24,V11 LambdaRank Top2,133072.3953,133692.0235,427.0503084,2,388.1726316,231.4556036,771518.6785,0,"{""601288.SH"": 13702.9456, ""601398.SH"": 10700.0}",0.003681120447,-0.03975607653
2024-10-25,V11 LambdaRank Top2,131959.248,132578.8762,427.0503084,2,388.1726316,231.4556036,771518.6785,0,"{""601288.SH"": 13702.9456, ""601398.SH"": 10700.0}",-0.008364975145,-0.04778849308
2024-10-28,V11 LambdaRank Top2,130602.0713,131221.6995,427.0503084,2,388.1726316,231.4556036,771518.6785,0,"{""601288.SH"": 13702.9456, ""601398.SH"": 10700.0}",-0.01028481713,-0.0575818143
2024-10-29,V11 LambdaRank Top2,130906.1596,131525.7879,427.0503084,2,388.1726316,231.4556036,771518.6785,0,"{""601288.SH"": 13702.9456, ""601398.SH"": 10700.0}",0.002328357923,-0.05538752745
2024-10-30,V11 LambdaRank Top2,129274.924,129894.5522,427.0503084,2,388.1726316,231.4556036,771518.6785,0,"{""601288.SH"": 13702.9456, ""601398.SH"": 10700.0}",-0.01246110688,-0.06715844443
2024-10-31,V11 LambdaRank Top2,129869.9829,130489.6111,427.0503084,2,388.1726316,231.4556036,771518.6785,0,"{""601288.SH"": 13702.9456, ""601398.SH"": 10700.0}",0.004603049789,-0.06286452831
2024-11-01,V11 LambdaRank Top2,131732.1302,132351.7584,427.0503084,2,388.1726316,231.4556036,771518.6785,0,"{""601288.SH"": 13702.9456, ""601398.SH"": 10700.0}",0.01433855027,-0.04942736423
2024-11-04,V11 LambdaRank Top2,131625.6922,132351.7584,599.6123409,2,455.2112991,270.8549036,902849.6785,-1.455191523e-11,"{""601288.SH"": 13702.9456, ""601988.SH"": 13400.0}",-0.0008079879019,-0.05019541542
2024-11-05,V11 LambdaRank Top2,132167.7511,132893.8173,599.6123409,2,455.2112991,270.8549036,902849.6785,2.910383046e-11,"{""601288.SH"": 13702.9456, ""601988.SH"": 13400.0}",0.004118184698,-0.04628394471
2024-11-06,V11 LambdaRank Top2,131488.6628,132214.729,599.6123409,2,455.2112991,270.8549036,902849.6785,1.455191523e-11,"{""601288.SH"": 13702.9456, ""601988.SH"": 13400.0}",-0.005138079158,-0.0511842133
2024-11-07,V11 LambdaRank Top2,132301.7511,133027.8173,599.6123409,2,455.2112991,270.8549036,902849.6785,2.910383046e-11,"{""601288.SH"": 13702.9456, ""601988.SH"": 13400.0}",0.006183714629,-0.04531700724
2024-11-08,V11 LambdaRank Top2,130949.6333,131675.6995,599.6123409,2,455.2112991,270.8549036,902849.6785,0,"{""601288.SH"": 13702.9456, ""601988.SH"": 13400.0}",-0.0102199541,-0.0550738236
2024-11-11,V11 LambdaRank Top2,129320.4271,130046.4933,599.6123409,2,455.2112991,270.8549036,902849.6785,0,"{""601288.SH"": 13702.9456, ""601988.SH"": 13400.0}",-0.01244147196,-0.06683009613
2024-11-12,V11 LambdaRank Top2,128504.3093,129230.3755,599.6123409,2,455.2112991,270.8549036,902849.6785,0,"{""601288.SH"": 13702.9456, ""601988.SH"": 13400.0}",-0.006310819114,-0.07271916259
2024-11-13,V11 LambdaRank Top2,129043.3388,129769.405,599.6123409,2,455.2112991,270.8549036,902849.6785,0,"{""601288.SH"": 13702.9456, ""601988.SH"": 13400.0}",0.004194641088,-0.06882955229
2024-11-14,V11 LambdaRank Top2,129722.4271,130448.4933,599.6123409,2,455.2112991,270.8549036,902849.6785,0,"{""601288.SH"": 13702.9456, ""601988.SH"": 13400.0}",0.00526248293,-0.06392928371
2024-11-15,V11 LambdaRank Top2,130127.4566,130853.5228,599.6123409,2,455.2112991,270.8549036,902849.6785,0,"{""601288.SH"": 13702.9456, ""601988.SH"": 13400.0}",0.003122277811,-0.06100661088
2024-11-18,V11 LambdaRank Top2,133373.7511,134099.8173,599.6123409,2,455.2112991,270.8549036,902849.6785,2.910383046e-11,"{""601288.SH"": 13702.9456, ""601988.SH"": 13400.0}",0.02494703765,-0.03758150745
2024-11-19,V11 LambdaRank Top2,132420.6039,133146.6701,599.6123409,2,455.2112991,270.8549036,902849.6785,0,"{""601288.SH"": 13702.9456, ""601988.SH"": 13400.0}",-0.007146438268,-0.04445937179
2024-11-20,V11 LambdaRank Top2,132426.6628,133152.729,599.6123409,2,455.2112991,270.8549036,902849.6785,2.910383046e-11,"{""601288.SH"": 13702.9456, ""601988.SH"": 13400.0}",4.575505213e-05,-0.04441565098
2024-11-21,V11 LambdaRank Top2,132426.6628,133152.729,599.6123409,2,455.2112991,270.8549036,902849.6785,2.910383046e-11,"{""601288.SH"": 13702.9456, ""601988.SH"": 13400.0}",0,-0.04441565098
2024-11-22,V11 LambdaRank Top2,130797.4566,131523.5228,599.6123409,2,455.2112991,270.8549036,902849.6785,0,"{""601288.SH"": 13702.9456, ""601988.SH"": 13400.0}",-0.01230270519,-0.05617192351
2024-11-25,V11 LambdaRank Top2,131208.5449,131934.6111,599.6123409,2,455.2112991,270.8549036,902849.6785,1.455191523e-11,"{""601288.SH"": 13702.9456, ""601988.SH"": 13400.0}",0.003142938542,-0.05320552987
2024-11-26,V11 LambdaRank Top2,133376.7806,134102.8468,599.6123409,2,455.2112991,270.8549036,902849.6785,0,"{""601288.SH"": 13702.9456, ""601988.SH"": 13400.0}",0.01652511006,-0.03755964704
2024-11-27,V11 LambdaRank Top2,134320.8395,135046.9057,599.6123409,2,455.2112991,270.8549036,902849.6785,0,"{""601288.SH"": 13702.9456, ""601988.SH"": 13400.0}",0.007078135396,-0.03074736391
2024-11-28,V11 LambdaRank Top2,134460.8984,135186.9646,599.6123409,2,455.2112991,270.8549036,902849.6785,0,"{""601288.SH"": 13702.9456, ""601988.SH"": 13400.0}",0.00104271915,-0.02973670563
2024-11-29,V11 LambdaRank Top2,133644.7806,134370.8468,599.6123409,2,455.2112991,270.8549036,902849.6785,0,"{""601288.SH"": 13702.9456, ""601988.SH"": 13400.0}",-0.006069555037,-0.0356257721
2024-12-02,V11 LambdaRank Top2,133781.81,134507.8762,599.6123409,2,455.2112991,270.8549036,902849.6785,0,"{""601288.SH"": 13702.9456, ""601988.SH"": 13400.0}",0.001025325907,-0.03463697422
2024-12-03,V11 LambdaRank Top2,135385.3487,136326.8468,529.3486783,2,590.8596588,350.638454,1168794.847,0,"{""601398.SH"": 10800.0, ""601939.SH"": 8400.0}",0.01198622319,-0.02306591753
2024-12-04,V11 LambdaRank Top2,136933.3487,137874.8468,529.3486783,2,590.8596588,350.638454,1168794.847,0,"{""601398.SH"": 10800.0, ""601939.SH"": 8400.0}",0.01143402898,-0.01189562492
2024-12-05,V11 LambdaRank Top2,137269.3487,138210.8468,529.3486783,2,590.8596588,350.638454,1168794.847,0,"{""601398.SH"": 10800.0, ""601939.SH"": 8400.0}",0.002453748508,-0.009471065285
2024-12-06,V11 LambdaRank Top2,138253.3487,139194.8468,529.3486783,2,590.8596588,350.638454,1168794.847,0,"{""601398.SH"": 10800.0, ""601939.SH"": 8400.0}",0.007168388351,-0.002370569208
2024-12-09,V11 LambdaRank Top2,138085.3487,139026.8468,529.3486783,2,590.8596588,350.638454,1168794.847,0,"{""601398.SH"": 10800.0, ""601939.SH"": 8400.0}",-0.00121516044,-0.003582849026
2024-12-10,V11 LambdaRank Top2,140173.3487,141114.8468,529.3486783,2,590.8596588,350.638454,1168794.847,0,"{""601398.SH"": 10800.0, ""601939.SH"": 8400.0}",0.01512108287,0
2024-12-11,V11 LambdaRank Top2,137641.3487,138582.8468,529.3486783,2,590.8596588,350.638454,1168794.847,0,"{""601398.SH"": 10800.0, ""601939.SH"": 8400.0}",-0.01806334816,-0.01806334816
2024-12-12,V11 LambdaRank Top2,139669.3487,140610.8468,529.3486783,2,590.8596588,350.638454,1168794.847,0,"{""601398.SH"": 10800.0, ""601939.SH"": 8400.0}",0.01473394456,-0.003595547975
2024-12-13,V11 LambdaRank Top2,139261.3487,140202.8468,529.3486783,2,590.8596588,350.638454,1168794.847,0,"{""601398.SH"": 10800.0, ""601939.SH"": 8400.0}",-0.002921184955,-0.006506229669
2024-12-16,V11 LambdaRank Top2,142033.3487,142974.8468,529.3486783,2,590.8596588,350.638454,1168794.847,0,"{""601398.SH"": 10800.0, ""601939.SH"": 8400.0}",0.0199050205,0
2024-12-17,V11 LambdaRank Top2,142153.3487,143094.8468,529.3486783,2,590.8596588,350.638454,1168794.847,0,"{""601398.SH"": 10800.0, ""601939.SH"": 8400.0}",0.0008448720045,0
2024-12-18,V11 LambdaRank Top2,143521.3487,144462.8468,529.3486783,2,590.8596588,350.638454,1168794.847,0,"{""601398.SH"": 10800.0, ""601939.SH"": 8400.0}",0.009623410301,0
2024-12-19,V11 LambdaRank Top2,141853.3487,142794.8468,529.3486783,2,590.8596588,350.638454,1168794.847,0,"{""601398.SH"": 10800.0, ""601939.SH"": 8400.0}",-0.01162196437,-0.01162196437
2024-12-20,V11 LambdaRank Top2,142285.3487,143226.8468,529.3486783,2,590.8596588,350.638454,1168794.847,0,"{""601398.SH"": 10800.0, ""601939.SH"": 8400.0}",0.003045398674,-0.008611959206
2024-12-23,V11 LambdaRank Top2,145297.3487,146238.8468,529.3486783,2,590.8596588,350.638454,1168794.847,0,"{""601398.SH"": 10800.0, ""601939.SH"": 8400.0}",0.02116872909,0
2024-12-24,V11 LambdaRank Top2,147505.3487,148446.8468,529.3486783,2,590.8596588,350.638454,1168794.847,0,"{""601398.SH"": 10800.0, ""601939.SH"": 8400.0}",0.0151964232,0
2024-12-25,V11 LambdaRank Top2,150073.3487,151014.8468,529.3486783,2,590.8596588,350.638454,1168794.847,0,"{""601398.SH"": 10800.0, ""601939.SH"": 8400.0}",0.01740953818,0
2024-12-26,V11 LambdaRank Top2,149545.3487,150486.8468,529.3486783,2,590.8596588,350.638454,1168794.847,0,"{""601398.SH"": 10800.0, ""601939.SH"": 8400.0}",-0.003518279592,-0.003518279592
2024-12-27,V11 LambdaRank Top2,148933.3487,149874.8468,529.3486783,2,590.8596588,350.638454,1168794.847,0,"{""601398.SH"": 10800.0, ""601939.SH"": 8400.0}",-0.004092404113,-0.007596285483
2024-12-30,V11 LambdaRank Top2,149509.3487,150450.8468,529.3486783,2,590.8596588,350.638454,1168794.847,0,"{""601398.SH"": 10800.0, ""601939.SH"": 8400.0}",0.00386750184,-0.003758162292
2024-12-31,V11 LambdaRank Top2,149101.3487,150042.8468,529.3486783,2,590.8596588,350.638454,1168794.847,0,"{""601398.SH"": 10800.0, ""601939.SH"": 8400.0}",-0.002728926342,-0.006476832886
2025-01-02,V11 LambdaRank Top2,146125.3487,147066.8468,529.3486783,2,590.8596588,350.638454,1168794.847,0,"{""601398.SH"": 10800.0, ""601939.SH"": 8400.0}",-0.01995957801,-0.02630713604
2025-01-03,V11 LambdaRank Top2,144145.3487,145086.8468,529.3486783,2,590.8596588,350.638454,1168794.847,0,"{""601398.SH"": 10800.0, ""601939.SH"": 8400.0}",-0.01355001044,-0.03950068451
2025-01-06,V11 LambdaRank Top2,144661.3487,145602.8468,529.3486783,2,590.8596588,350.638454,1168794.847,0,"{""601398.SH"": 10800.0, ""601939.SH"": 8400.0}",0.003579720086,-0.03606236582
2025-01-07,V11 LambdaRank Top2,146973.139,147914.6371,529.3486783,2,590.8596588,350.638454,1168794.847,0,"{""601398.SH"": 11028.9672, ""601939.SH"": 8400.0}",0.01598070465,-0.02065796319
2025-01-08,V11 LambdaRank Top2,149341.1667,150282.6648,529.3486783,2,590.8596588,350.638454,1168794.847,0,"{""601398.SH"": 11028.9672, ""601939.SH"": 8400.0}",0.01611197609,-0.004878827705
2025-01-09,V11 LambdaRank Top2,148117.7183,149059.2164,529.3486783,2,590.8596588,350.638454,1168794.847,2.910383046e-11,"{""601398.SH"": 11028.9672, ""601939.SH"": 8400.0}",-0.008192304809,-0.01303116367
2025-01-10,V11 LambdaRank Top2,146731.8956,147673.3937,529.3486783,2,590.8596588,350.638454,1168794.847,0,"{""601398.SH"": 11028.9672, ""601939.SH"": 8596.3711}",-0.009356224963,-0.02226546613
2025-01-13,V11 LambdaRank Top2,144584.4485,145525.9466,529.3486783,2,590.8596588,350.638454,1168794.847,2.910383046e-11,"{""601398.SH"": 11028.9672, ""601939.SH"": 8596.3711}",-0.01463517575,-0.03657478288
2025-01-14,V11 LambdaRank Top2,144952.6293,145894.1275,529.3486783,2,590.8596588,350.638454,1168794.847,0,"{""601398.SH"": 11028.9672, ""601939.SH"": 8596.3711}",0.002546475842,-0.03412144384
2025-01-15,V11 LambdaRank Top2,145173.2087,146114.7068,529.3486783,2,590.8596588,350.638454,1168794.847,0,"{""601398.SH"": 11028.9672, ""601939.SH"": 8596.3711}",0.001521733991,-0.03265163361
2025-01-16,V11 LambdaRank Top2,146928.149,147869.6471,529.3486783,2,590.8596588,350.638454,1168794.847,0,"{""601398.SH"": 11028.9672, ""601939.SH"": 8596.3711}",0.01208859631,-0.02095774971
2025-01-17,V11 LambdaRank Top2,145124.5568,146066.0549,529.3486783,2,590.8596588,350.638454,1168794.847,0,"{""601398.SH"": 11028.9672, ""601939.SH"": 8596.3711}",-0.0122753349,-0.03297582122
2025-01-20,V11 LambdaRank Top2,144253.5795,145195.0776,529.3486783,2,590.8596588,350.638454,1168794.847,0,"{""601398.SH"": 11028.9672, ""601939.SH"": 8596.3711}",-0.00600158417,-0.03877949822
2025-01-21,V11 LambdaRank Top2,143861.0728,144802.5709,529.3486783,2,590.8596588,350.638454,1168794.847,0,"{""601398.SH"": 11028.9672, ""601939.SH"": 8596.3711}",-0.00272094992,-0.04139493107
2025-01-22,V11 LambdaRank Top2,141788.2493,142729.7474,529.3486783,2,590.8596588,350.638454,1168794.847,0,"{""601398.SH"": 11028.9672, ""601939.SH"": 8596.3711}",-0.01440850857,-0.05520700042
2025-01-23,V11 LambdaRank Top2,146535.6422,147477.1403,529.3486783,2,590.8596588,350.638454,1168794.847,0,"{""601398.SH"": 11028.9672, ""601939.SH"": 8596.3711}",0.03348227376,-0.02357318256
2025-01-24,V11 LambdaRank Top2,146388.0408,147329.5389,529.3486783,2,590.8596588,350.638454,1168794.847,2.910383046e-11,"{""601398.SH"": 11028.9672, ""601939.SH"": 8596.3711}",-0.001007273452,-0.02455671137
2025-01-27,V11 LambdaRank Top2,149159.9141,150101.4122,529.3486783,2,590.8596588,350.638454,1168794.847,2.910383046e-11,"{""601398.SH"": 11028.9672, ""601939.SH"": 8596.3711}",0.01893510771,-0.006086587632
2025-02-05,V11 LambdaRank Top2,146350.729,147292.2271,529.3486783,2,590.8596588,350.638454,1168794.847,0,"{""601398.SH"": 11028.9672, ""601939.SH"": 8596.3711}",-0.01883337844,-0.02480533506
2025-02-06,V11 LambdaRank Top2,146011.9456,147190.3716,321.945624,2,740.0310741,438.3949115,1461316.372,0,"{""601288.SH"": 14500.0, ""601988.SH"": 13700.0}",-0.002314873035,-0.0270627869
2025-02-07,V11 LambdaRank Top2,145447.9456,146626.3716,321.945624,2,740.0310741,438.3949115,1461316.372,0,"{""601288.SH"": 14500.0, ""601988.SH"": 13700.0}",-0.003862697655,-0.03082094919
2025-02-10,V11 LambdaRank Top2,145310.9456,146489.3716,321.945624,2,740.0310741,438.3949115,1461316.372,0,"{""601288.SH"": 14500.0, ""601988.SH"": 13700.0}",-0.0009419177384,-0.03173383613
2025-02-11,V11 LambdaRank Top2,148122.9456,149301.3716,321.945624,2,740.0310741,438.3949115,1461316.372,0,"{""601288.SH"": 14500.0, ""601988.SH"": 13700.0}",0.01935160485,-0.01299633194
2025-02-12,V11 LambdaRank Top2,148831.9456,150010.3716,321.945624,2,740.0310741,438.3949115,1461316.372,0,"{""601288.SH"": 14500.0, ""601988.SH"": 13700.0}",0.004786564276,-0.008271975439
2025-02-13,V11 LambdaRank Top2,149258.9456,150437.3716,321.945624,2,740.0310741,438.3949115,1461316.372,0,"{""601288.SH"": 14500.0, ""601988.SH"": 13700.0}",0.002869007713,-0.005426700087
2025-02-14,V11 LambdaRank Top2,149983.9456,151162.3716,321.945624,2,740.0310741,438.3949115,1461316.372,0,"{""601288.SH"": 14500.0, ""601988.SH"": 13700.0}",0.004857330306,-0.0005957290562
2025-02-17,V11 LambdaRank Top2,150829.9456,152008.3716,321.945624,2,740.0310741,438.3949115,1461316.372,0,"{""601288.SH"": 14500.0, ""601988.SH"": 13700.0}",0.005640603709,0
2025-02-18,V11 LambdaRank Top2,153198.9456,154377.3716,321.945624,2,740.0310741,438.3949115,1461316.372,0,"{""601288.SH"": 14500.0, ""601988.SH"": 13700.0}",0.01570643011,0
2025-02-19,V11 LambdaRank Top2,152207.9456,153386.3716,321.945624,2,740.0310741,438.3949115,1461316.372,0,"{""601288.SH"": 14500.0, ""601988.SH"": 13700.0}",-0.006468712927,-0.006468712927
2025-02-20,V11 LambdaRank Top2,152771.9456,153950.3716,321.945624,2,740.0310741,438.3949115,1461316.372,0,"{""601288.SH"": 14500.0, ""601988.SH"": 13700.0}",0.003705457016,-0.002787225449
2025-02-21,V11 LambdaRank Top2,150233.9456,151412.3716,321.945624,2,740.0310741,438.3949115,1461316.372,0,"{""601288.SH"": 14500.0, ""601988.SH"": 13700.0}",-0.01661299782,-0.0193539191
2025-02-24,V11 LambdaRank Top2,148968.9456,150147.3716,321.945624,2,740.0310741,438.3949115,1461316.372,0,"{""601288.SH"": 14500.0, ""601988.SH"": 13700.0}",-0.008420200872,-0.02761115609
2025-02-25,V11 LambdaRank Top2,147848.9456,149027.3716,321.945624,2,740.0310741,438.3949115,1461316.372,0,"{""601288.SH"": 14500.0, ""601988.SH"": 13700.0}",-0.007518345487,-0.03492191136
2025-02-26,V11 LambdaRank Top2,148678.9456,149857.3716,321.945624,2,740.0310741,438.3949115,1461316.372,0,"{""601288.SH"": 14500.0, ""601988.SH"": 13700.0}",0.005613837802,-0.02950411951
2025-02-27,V11 LambdaRank Top2,149532.9456,150711.3716,321.945624,2,740.0310741,438.3949115,1461316.372,0,"{""601288.SH"": 14500.0, ""601988.SH"": 13700.0}",0.005743920206,-0.02392966861
2025-02-28,V11 LambdaRank Top2,148686.9456,149865.3716,321.945624,2,740.0310741,438.3949115,1461316.372,0,"{""601288.SH"": 14500.0, ""601988.SH"": 13700.0}",-0.005657616096,-0.02945189983
2025-03-03,V11 LambdaRank Top2,148670.9456,149849.3716,321.945624,2,740.0310741,438.3949115,1461316.372,0,"{""601288.SH"": 14500.0, ""601988.SH"": 13700.0}",-0.00010760864,-0.02955633919
2025-03-04,V11 LambdaRank Top2,147718.0782,149016.3716,543.0781881,2,815.5306099,482.7628115,1609209.372,0,"{""601288.SH"": 14500.0, ""601939.SH"": 8700.0}",-0.006409237742,-0.03577614332
2025-03-05,V11 LambdaRank Top2,150531.0782,151829.3716,543.0781881,2,815.5306099,482.7628115,1609209.372,0,"{""601288.SH"": 14500.0, ""601939.SH"": 8700.0}",0.01904303139,-0.01741439815
2025-03-06,V11 LambdaRank Top2,148849.0782,150147.3716,543.0781881,2,815.5306099,482.7628115,1609209.372,0,"{""601288.SH"": 14500.0, ""601939.SH"": 8700.0}",-0.01117377235,-0.02839358599
2025-03-07,V11 LambdaRank Top2,148443.0782,149741.3716,543.0781881,2,815.5306099,482.7628115,1609209.372,0,"{""601288.SH"": 14500.0, ""601939.SH"": 8700.0}",-0.00272759499,-0.03104373478
2025-03-10,V11 LambdaRank Top2,147428.0782,148726.3716,543.0781881,2,815.5306099,482.7628115,1609209.372,0,"{""601288.SH"": 14500.0, ""601939.SH"": 8700.0}",-0.006837637783,-0.03766910674
2025-03-11,V11 LambdaRank Top2,148211.0782,149509.3716,543.0781881,2,815.5306099,482.7628115,1609209.372,0,"{""601288.SH"": 14500.0, ""601939.SH"": 8700.0}",0.00531106428,-0.03255810551
2025-03-12,V11 LambdaRank Top2,147283.0782,148581.3716,543.0781881,2,815.5306099,482.7628115,1609209.372,0,"{""601288.SH"": 14500.0, ""601939.SH"": 8700.0}",-0.006261340322,-0.03861558845
2025-03-13,V11 LambdaRank Top2,147805.0782,149103.3716,543.0781881,2,815.5306099,482.7628115,1609209.372,0,"{""601288.SH"": 14500.0, ""601939.SH"": 8700.0}",0.003544195344,-0.0352082543
2025-03-14,V11 LambdaRank Top2,148124.0782,149422.3716,543.0781881,2,815.5306099,482.7628115,1609209.372,0,"{""601288.SH"": 14500.0, ""601939.SH"": 8700.0}",0.002158247903,-0.03312599454
2025-03-17,V11 LambdaRank Top2,149139.0782,150437.3716,543.0781881,2,815.5306099,482.7628115,1609209.372,0,"{""601288.SH"": 14500.0, ""601939.SH"": 8700.0}",0.006852363319,-0.02650062257
2025-03-18,V11 LambdaRank Top2,148733.0782,150031.3716,543.0781881,2,815.5306099,482.7628115,1609209.372,0,"{""601288.SH"": 14500.0, ""601939.SH"": 8700.0}",-0.002722291199,-0.02915077136
2025-03-19,V11 LambdaRank Top2,150154.0782,151452.3716,543.0781881,2,815.5306099,482.7628115,1609209.372,0,"{""601288.SH"": 14500.0, ""601939.SH"": 8700.0}",0.009554028043,-0.0198752506
2025-03-20,V11 LambdaRank Top2,149371.0782,150669.3716,543.0781881,2,815.5306099,482.7628115,1609209.372,0,"{""601288.SH"": 14500.0, ""601939.SH"": 8700.0}",-0.005214643581,-0.02498625183
2025-03-21,V11 LambdaRank Top2,148211.0782,149509.3716,543.0781881,2,815.5306099,482.7628115,1609209.372,0,"{""601288.SH"": 14500.0, ""601939.SH"": 8700.0}",-0.007765894269,-0.03255810551
2025-03-24,V11 LambdaRank Top2,149719.0782,151017.3716,543.0781881,2,815.5306099,482.7628115,1609209.372,0,"{""601288.SH"": 14500.0, ""601939.SH"": 8700.0}",0.01017467802,-0.02271469573
2025-03-25,V11 LambdaRank Top2,150763.0782,152061.3716,543.0781881,2,815.5306099,482.7628115,1609209.372,0,"{""601288.SH"": 14500.0, ""601939.SH"": 8700.0}",0.00697305923,-0.01590002742
2025-03-26,V11 LambdaRank Top2,149951.0782,151249.3716,543.0781881,2,815.5306099,482.7628115,1609209.372,0,"{""601288.SH"": 14500.0, ""601939.SH"": 8700.0}",-0.005385934075,-0.02120032499
2025-03-27,V11 LambdaRank Top2,150299.0782,151597.3716,543.0781881,2,815.5306099,482.7628115,1609209.372,0,"{""601288.SH"": 14500.0, ""601939.SH"": 8700.0}",0.002320756904,-0.01892876889
2025-03-28,V11 LambdaRank Top2,148617.0782,149915.3716,543.0781881,2,815.5306099,482.7628115,1609209.372,0,"{""601288.SH"": 14500.0, ""601939.SH"": 8700.0}",-0.01119102007,-0.02990795672
2025-03-31,V11 LambdaRank Top2,152474.0782,153772.3716,543.0781881,2,815.5306099,482.7628115,1609209.372,0,"{""601288.SH"": 14500.0, ""601939.SH"": 8700.0}",0.0259526028,-0.004731543242
2025-04-01,V11 LambdaRank Top2,150357.0782,151655.3716,543.0781881,2,815.5306099,482.7628115,1609209.372,0,"{""601288.SH"": 14500.0, ""601939.SH"": 8700.0}",-0.01388432726,-0.01855017621
2025-04-02,V11 LambdaRank Top2,151388.2419,152813.3716,556.2418987,2,897.2036993,527.9260115,1759753.372,0,"{""601288.SH"": 14600.0, ""601398.SH"": 11000.0}",0.006858098887,-0.01181929626
2025-04-03,V11 LambdaRank Top2,152558.2419,153983.3716,556.2418987,2,897.2036993,527.9260115,1759753.372,0,"{""601288.SH"": 14600.0, ""601398.SH"": 11000.0}",0.007728473396,-0.004182167982
2025-04-07,V11 LambdaRank Top2,148354.2419,149779.3716,556.2418987,2,897.2036993,527.9260115,1759753.372,0,"{""601288.SH"": 14600.0, ""601398.SH"": 11000.0}",-0.02755668883,-0.03162361011
2025-04-08,V11 LambdaRank Top2,150182.2419,151607.3716,556.2418987,2,897.2036993,527.9260115,1759753.372,0,"{""601288.SH"": 14600.0, ""601398.SH"": 11000.0}",0.01232185866,-0.0196914131
2025-04-09,V11 LambdaRank Top2,149524.2419,150949.3716,556.2418987,2,897.2036993,527.9260115,1759753.372,0,"{""601288.SH"": 14600.0, ""601398.SH"": 11000.0}",-0.004381343571,-0.02398648183
2025-04-10,V11 LambdaRank Top2,148974.2419,150399.3716,556.2418987,2,897.2036993,527.9260115,1759753.372,0,"{""601288.SH"": 14600.0, ""601398.SH"": 11000.0}",-0.003678333312,-0.02757658487
2025-04-11,V11 LambdaRank Top2,150254.2419,151679.3716,556.2418987,2,897.2036993,527.9260115,1759753.372,0,"{""601288.SH"": 14600.0, ""601398.SH"": 11000.0}",0.008592089369,-0.01922143598
2025-04-14,V11 LambdaRank Top2,151754.2419,153179.3716,556.2418987,2,897.2036993,527.9260115,1759753.372,0,"{""601288.SH"": 14600.0, ""601398.SH"": 11000.0}",0.00998307922,-0.009430245876
2025-04-15,V11 LambdaRank Top2,154496.2419,155921.3716,556.2418987,2,897.2036993,527.9260115,1759753.372,0,"{""601288.SH"": 14600.0, ""601398.SH"": 11000.0}",0.01806868767,0
2025-04-16,V11 LambdaRank Top2,156618.2419,158043.3716,556.2418987,2,897.2036993,527.9260115,1759753.372,0,"{""601288.SH"": 14600.0, ""601398.SH"": 11000.0}",0.01373496192,0
2025-04-17,V11 LambdaRank Top2,156508.2419,157933.3716,556.2418987,2,897.2036993,527.9260115,1759753.372,0,"{""601288.SH"": 14600.0, ""601398.SH"": 11000.0}",-0.0007023447503,-0.0007023447503
2025-04-18,V11 LambdaRank Top2,158228.2419,159653.3716,556.2418987,2,897.2036993,527.9260115,1759753.372,0,"{""601288.SH"": 14600.0, ""601398.SH"": 11000.0}",0.01098983657,0
2025-04-21,V11 LambdaRank Top2,156508.2419,157933.3716,556.2418987,2,897.2036993,527.9260115,1759753.372,0,"{""601288.SH"": 14600.0, ""601398.SH"": 11000.0}",-0.01087037295,-0.01087037295
2025-04-22,V11 LambdaRank Top2,159506.2419,160931.3716,556.2418987,2,897.2036993,527.9260115,1759753.372,0,"{""601288.SH"": 14600.0, ""601398.SH"": 11000.0}",0.01915554072,0
2025-04-23,V11 LambdaRank Top2,158774.2419,160199.3716,556.2418987,2,897.2036993,527.9260115,1759753.372,0,"{""601288.SH"": 14600.0, ""601398.SH"": 11000.0}",-0.0045891621,-0.0045891621
2025-04-24,V11 LambdaRank Top2,161810.2419,163235.3716,556.2418987,2,897.2036993,527.9260115,1759753.372,0,"{""601288.SH"": 14600.0, ""601398.SH"": 11000.0}",0.0191214895,0
2025-04-25,V11 LambdaRank Top2,160896.2419,162321.3716,556.2418987,2,897.2036993,527.9260115,1759753.372,0,"{""601288.SH"": 14600.0, ""601398.SH"": 11000.0}",-0.005648591766,-0.005648591766
2025-04-28,V11 LambdaRank Top2,162652.2419,164077.3716,556.2418987,2,897.2036993,527.9260115,1759753.372,0,"{""601288.SH"": 14600.0, ""601398.SH"": 11000.0}",0.01091386585,0
2025-04-29,V11 LambdaRank Top2,162140.2419,163565.3716,556.2418987,2,897.2036993,527.9260115,1759753.372,0,"{""601288.SH"": 14600.0, ""601398.SH"": 11000.0}",-0.003147820122,-0.003147820122
2025-04-30,V11 LambdaRank Top2,156798.2419,158223.3716,556.2418987,2,897.2036993,527.9260115,1759753.372,0,"{""601288.SH"": 14600.0, ""601398.SH"": 11000.0}",-0.03294678691,-0.03599089648
2025-05-06,V11 LambdaRank Top2,155884.2419,157309.3716,556.2418987,2,897.2036993,527.9260115,1759753.372,0,"{""601288.SH"": 14600.0, ""601398.SH"": 11000.0}",-0.005829146991,-0.04161024724
2025-05-07,V11 LambdaRank Top2,158684.0088,160361.3716,987.0088245,2,1056.071674,621.2911115,2070970.372,0,"{""601939.SH"": 8500.0, ""601988.SH"": 14100.0}",0.01796055131,-0.02439703891
2025-05-08,V11 LambdaRank Top2,159082.0088,160759.3716,987.0088245,2,1056.071674,621.2911115,2070970.372,0,"{""601939.SH"": 8500.0, ""601988.SH"": 14100.0}",0.002508129225,-0.02195010061
2025-05-09,V11 LambdaRank Top2,161005.8884,162683.2512,987.0088245,2,1056.071674,621.2911115,2070970.372,2.910383046e-11,"{""601939.SH"": 8696.3073, ""601988.SH"": 14100.0}",0.01209363419,-0.01012192291
2025-05-12,V11 LambdaRank Top2,160115.1469,161792.5097,987.0088245,2,1056.071674,621.2911115,2070970.372,2.910383046e-11,"{""601939.SH"": 8696.3073, ""601988.SH"": 14100.0}",-0.005532353636,-0.01559827849
2025-05-13,V11 LambdaRank Top2,161461.8146,163139.1774,987.0088245,2,1056.071674,621.2911115,2070970.372,2.910383046e-11,"{""601939.SH"": 8696.3073, ""601988.SH"": 14100.0}",0.00841062001,-0.007318849669
2025-05-14,V11 LambdaRank Top2,161515.8515,163193.2143,987.0088245,2,1056.071674,621.2911115,2070970.372,0,"{""601939.SH"": 8696.3073, ""601988.SH"": 14100.0}",0.0003346731049,-0.006986625986
2025-05-15,V11 LambdaRank Top2,161200.9254,162878.2882,987.0088245,2,1056.071674,621.2911115,2070970.372,0,"{""601939.SH"": 8696.3073, ""601988.SH"": 14100.0}",-0.00194981572,-0.008922819073
2025-05-16,V11 LambdaRank Top2,160202.11,161879.4728,987.0088245,2,1056.071674,621.2911115,2070970.372,0,"{""601939.SH"": 8696.3073, ""601988.SH"": 14100.0}",-0.00619608953,-0.01506362202
2025-05-19,V11 LambdaRank Top2,159746.1839,161423.5466,987.0088245,2,1056.071674,621.2911115,2070970.372,0,"{""601939.SH"": 8696.3073, ""601988.SH"": 14100.0}",-0.002845943454,-0.01786669526
2025-05-20,V11 LambdaRank Top2,159746.1839,161423.5466,987.0088245,2,1056.071674,621.2911115,2070970.372,0,"{""601939.SH"": 8696.3073, ""601988.SH"": 14100.0}",0,-0.01786669526
2025-05-21,V11 LambdaRank Top2,159974.1469,161651.5097,987.0088245,2,1056.071674,621.2911115,2070970.372,2.910383046e-11,"{""601939.SH"": 8696.3073, ""601988.SH"": 14100.0}",0.001427032982,-0.01646515864
2025-05-22,V11 LambdaRank Top2,160115.1469,161792.5097,987.0088245,2,1056.071674,621.2911115,2070970.372,2.910383046e-11,"{""601939.SH"": 8696.3073, ""601988.SH"": 14100.0}",0.0008813924169,-0.01559827849
2025-05-23,V11 LambdaRank Top2,158486.4793,160163.8421,987.0088245,2,1056.071674,621.2911115,2070970.372,0,"{""601939.SH"": 8696.3073, ""601988.SH"": 14100.0}",-0.01017185251,-0.0256114676
2025-05-26,V11 LambdaRank Top2,157292.627,158969.9898,987.0088245,2,1056.071674,621.2911115,2070970.372,2.910383046e-11,"{""601939.SH"": 8696.3073, ""601988.SH"": 14100.0}",-0.007532833704,-0.03295137438
2025-05-27,V11 LambdaRank Top2,158258.5162,159935.879,987.0088245,2,1056.071674,621.2911115,2070970.372,0,"{""601939.SH"": 8696.3073, ""601988.SH"": 14100.0}",0.006140715163,-0.02701300422
2025-05-28,V11 LambdaRank Top2,157661.5901,159338.9528,987.0088245,2,1056.071674,621.2911115,2070970.372,0,"{""601939.SH"": 8696.3073, ""601988.SH"": 14100.0}",-0.003771842178,-0.03068295761
2025-05-29,V11 LambdaRank Top2,157031.7378,158709.1005,987.0088245,2,1056.071674,621.2911115,2070970.372,0,"{""601939.SH"": 8696.3073, ""601988.SH"": 14100.0}",-0.003994963469,-0.03455534379
2025-05-30,V11 LambdaRank Top2,157346.6639,159024.0267,987.0088245,2,1056.071674,621.2911115,2070970.372,0,"{""601939.SH"": 8696.3073, ""601988.SH"": 14100.0}",0.002005493608,-0.0326191507
2025-06-03,V11 LambdaRank Top2,157607.5531,159284.9159,987.0088245,2,1056.071674,621.2911115,2070970.372,0,"{""601939.SH"": 8696.3073, ""601988.SH"": 14100.0}",0.001658053708,-0.03101518129
2025-06-04,V11 LambdaRank Top2,156884.567,158567.1005,430.8380128,2,1061.077185,621.4564115,2071521.372,0,"{""601939.SH"": 8696.3073, ""601988.SH"": 14200.0}",-0.004587255897,-0.03546016262
2025-06-05,V11 LambdaRank Top2,156371.6039,158054.1375,430.8380128,2,1061.077185,621.4564115,2071521.372,0,"{""601939.SH"": 8696.3073, ""601988.SH"": 14200.0}",-0.003269684732,-0.0386139038
2025-06-06,V11 LambdaRank Top2,156087.6039,157770.1375,430.8380128,2,1061.077185,621.4564115,2071521.372,0,"{""601939.SH"": 8696.3073, ""601988.SH"": 14200.0}",-0.001816186526,-0.04035996027
2025-06-09,V11 LambdaRank Top2,155455.7516,157138.2852,430.8380128,2,1061.077185,621.4564115,2071521.372,0,"{""601939.SH"": 8696.3073, ""601988.SH"": 14200.0}",-0.004048061967,-0.04424464262
2025-06-10,V11 LambdaRank Top2,155826.7147,157509.2483,430.8380128,2,1061.077185,621.4564115,2071521.372,0,"{""601939.SH"": 8696.3073, ""601988.SH"": 14200.0}",0.002386293652,-0.04196392968
2025-06-11,V11 LambdaRank Top2,155107.8993,156790.4329,430.8380128,2,1061.077185,621.4564115,2071521.372,0,"{""601939.SH"": 8696.3073, ""601988.SH"": 14200.0}",-0.004612914849,-0.04638326849
2025-06-12,V11 LambdaRank Top2,154847.0101,156529.5437,430.8380128,2,1061.077185,621.4564115,2071521.372,0,"{""601939.SH"": 8696.3073, ""601988.SH"": 14200.0}",-0.001681985384,-0.0479872379
2025-06-13,V11 LambdaRank Top2,153308.1209,154990.6544,430.8380128,2,1061.077185,621.4564115,2071521.372,0,"{""601939.SH"": 8696.3073, ""601988.SH"": 14200.0}",-0.009938126793,-0.05744846143
2025-06-16,V11 LambdaRank Top2,155093.6039,156776.1375,430.8380128,2,1061.077185,621.4564115,2071521.372,0,"{""601939.SH"": 8696.3073, ""601988.SH"": 14200.0}",0.01164636951,-0.04647115793
2025-06-17,V11 LambdaRank Top2,155125.53,156808.0636,430.8380128,2,1061.077185,621.4564115,2071521.372,0,"{""601939.SH"": 8696.3073, ""601988.SH"": 14200.0}",0.0002058508254,-0.04627487323
2025-06-18,V11 LambdaRank Top2,158710.7915,160393.3251,430.8380128,2,1061.077185,621.4564115,2071521.372,0,"{""601939.SH"": 8696.3073, ""601988.SH"": 14200.0}",0.02311200138,-0.02423237679
2025-06-19,V11 LambdaRank Top2,159278.7915,160961.3251,430.8380128,2,1061.077185,621.4564115,2071521.372,0,"{""601939.SH"": 8696.3073, ""601988.SH"": 14200.0}",0.003578836667,-0.02074026384
2025-06-20,V11 LambdaRank Top2,160771.4591,162453.9927,430.8380128,2,1061.077185,621.4564115,2071521.372,0,"{""601939.SH"": 8696.3073, ""601988.SH"": 14200.0}",0.009371415018,-0.01156321444
2025-06-23,V11 LambdaRank Top2,162982.9422,164665.4758,430.8380128,2,1061.077185,621.4564115,2071521.372,0,"{""601939.SH"": 8696.3073, ""601988.SH"": 14200.0}",0.01375544538,0
2025-06-24,V11 LambdaRank Top2,163953.8314,165636.365,430.8380128,2,1061.077185,621.4564115,2071521.372,0,"{""601939.SH"": 8696.3073, ""601988.SH"": 14200.0}",0.005956998976,0
2025-06-25,V11 LambdaRank Top2,165414.5729,167097.1065,430.8380128,2,1061.077185,621.4564115,2071521.372,0,"{""601939.SH"": 8696.3073, ""601988.SH"": 14200.0}",0.008909468598,0
2025-06-26,V11 LambdaRank Top2,166014.499,167697.0326,430.8380128,2,1061.077185,621.4564115,2071521.372,0,"{""601939.SH"": 8696.3073, ""601988.SH"": 14200.0}",0.003626803466,0
2025-06-27,V11 LambdaRank Top2,161435.2376,163117.7712,430.8380128,2,1061.077185,621.4564115,2071521.372,0,"{""601939.SH"": 8696.3073, ""601988.SH"": 14200.0}",-0.02758350319,-0.02758350319
2025-06-30,V11 LambdaRank Top2,162327.9791,164010.5127,430.8380128,2,1061.077185,621.4564115,2071521.372,0,"{""601939.SH"": 8696.3073, ""601988.SH"": 14200.0}",0.005530028794,-0.02220601196
2025-07-01,V11 LambdaRank Top2,165101.9821,166784.5157,430.8380128,2,1061.077185,621.4564115,2071521.372,0,"{""601939.SH"": 8696.3073, ""601988.SH"": 14200.0}",0.01708887766,-0.005496610119
2025-07-02,V11 LambdaRank Top2,165462.6338,167412.368,762.633811,2,1229.360842,720.3733104,2401244.368,0,"{""601288.SH"": 13800.0, ""601398.SH"": 10700.0}",0.002184417976,-0.003324199038
2025-07-03,V11 LambdaRank Top2,164620.6338,166570.368,762.633811,2,1229.360842,720.3733104,2401244.368,0,"{""601288.SH"": 13800.0, ""601398.SH"": 10700.0}",-0.005088762221,-0.008396045201
2025-07-04,V11 LambdaRank Top2,166901.6338,168851.368,762.633811,2,1229.360842,720.3733104,2401244.368,0,"{""601288.SH"": 13800.0, ""601398.SH"": 10700.0}",0.01385610022,0
2025-07-07,V11 LambdaRank Top2,167377.6338,169327.368,762.633811,2,1229.360842,720.3733104,2401244.368,0,"{""601288.SH"": 13800.0, ""601398.SH"": 10700.0}",0.002851979271,0
2025-07-08,V11 LambdaRank Top2,168250.6338,170200.368,762.633811,2,1229.360842,720.3733104,2401244.368,0,"{""601288.SH"": 13800.0, ""601398.SH"": 10700.0}",0.005215750636,0
2025-07-09,V11 LambdaRank Top2,170317.6338,172267.368,762.633811,2,1229.360842,720.3733104,2401244.368,0,"{""601288.SH"": 13800.0, ""601398.SH"": 10700.0}",0.01228524347,0
2025-07-10,V11 LambdaRank Top2,174296.6338,176246.368,762.633811,2,1229.360842,720.3733104,2401244.368,0,"{""601288.SH"": 13800.0, ""601398.SH"": 10700.0}",0.02336223156,0
2025-07-11,V11 LambdaRank Top2,173685.6338,175635.368,762.633811,2,1229.360842,720.3733104,2401244.368,0,"{""601288.SH"": 13800.0, ""601398.SH"": 10700.0}",-0.003505518074,-0.003505518074
2025-07-14,V11 LambdaRank Top2,174404.7819,176354.5161,762.633811,2,1229.360842,720.3733104,2401244.368,0,"{""601288.SH"": 13800.0, ""601398.SH"": 10918.1311}",0.004140515801,0
2025-07-15,V11 LambdaRank Top2,173278.0567,175227.7908,762.633811,2,1229.360842,720.3733104,2401244.368,0,"{""601288.SH"": 13800.0, ""601398.SH"": 10918.1311}",-0.006460403396,-0.006460403396
2025-07-16,V11 LambdaRank Top2,172726.0567,174675.7908,762.633811,2,1229.360842,720.3733104,2401244.368,0,"{""601288.SH"": 13800.0, ""601398.SH"": 10918.1311}",-0.003185631295,-0.009625454228
2025-07-17,V11 LambdaRank Top2,171756.1239,173705.858,762.633811,2,1229.360842,720.3733104,2401244.368,0,"{""601288.SH"": 14091.0234, ""601398.SH"": 10918.1311}",-0.005615440101,-0.01518684317
2025-07-18,V11 LambdaRank Top2,173242.6786,175192.4127,762.633811,2,1229.360842,720.3733104,2401244.368,0,"{""601288.SH"": 14091.0234, ""601398.SH"": 10918.1311}",0.008655031912,-0.006663253867
2025-07-21,V11 LambdaRank Top2,172055.6787,174005.4129,762.633811,2,1229.360842,720.3733104,2401244.368,-2.910383046e-11,"{""601288.SH"": 14091.0234, ""601398.SH"": 10918.1311}",-0.006851659722,-0.01346925924
2025-07-22,V11 LambdaRank Top2,169695.6735,171645.4076,762.633811,2,1229.360842,720.3733104,2401244.368,0,"{""601288.SH"": 14091.0234, ""601398.SH"": 10918.1311}",-0.01371652038,-0.02700102826
2025-07-23,V11 LambdaRank Top2,172355.2336,174304.9677,762.633811,2,1229.360842,720.3733104,2401244.368,0,"{""601288.SH"": 14091.0234, ""601398.SH"": 10918.1311}",0.01567252729,-0.01175167532
2025-07-24,V11 LambdaRank Top2,170558.8693,172508.6034,762.633811,2,1229.360842,720.3733104,2401244.368,-2.910383046e-11,"{""601288.SH"": 14091.0234, ""601398.SH"": 10918.1311}",-0.0104224528,-0.02205164683
2025-07-25,V11 LambdaRank Top2,169621.9609,171571.6951,762.633811,2,1229.360842,720.3733104,2401244.368,0,"{""601288.SH"": 14091.0234, ""601398.SH"": 10918.1311}",-0.005493166912,-0.02742368037
2025-07-28,V11 LambdaRank Top2,169762.8712,171712.6053,762.633811,2,1229.360842,720.3733104,2401244.368,-2.910383046e-11,"{""601288.SH"": 14091.0234, ""601398.SH"": 10918.1311}",0.0008307310781,-0.02661573099
2025-07-29,V11 LambdaRank Top2,168403.2321,170352.9663,762.633811,2,1229.360842,720.3733104,2401244.368,0,"{""601288.SH"": 14091.0234, ""601398.SH"": 10918.1311}",-0.008009048335,-0.03441161265
2025-07-30,V11 LambdaRank Top2,170326.5121,172276.2463,762.633811,2,1229.360842,720.3733104,2401244.368,-2.910383046e-11,"{""601288.SH"": 14091.0234, ""601398.SH"": 10918.1311}",0.01142068329,-0.02338393349
2025-07-31,V11 LambdaRank Top2,172077.1529,174026.8871,762.633811,2,1229.360842,720.3733104,2401244.368,0,"{""601288.SH"": 14091.0234, ""601398.SH"": 10918.1311}",0.01027814636,-0.01334613062
2025-08-01,V11 LambdaRank Top2,173154.9715,175104.7056,762.633811,2,1229.360842,720.3733104,2401244.368,0,"{""601288.SH"": 14091.0234, ""601398.SH"": 10918.1311}",0.006263577432,-0.007166147712
2025-08-04,V11 LambdaRank Top2,174569.8716,176663.3484,36.23176302,2,1321.42386,772.0529126,2573509.709,0,"{""601288.SH"": 13691.0234, ""601988.SH"": 15600.0}",0.008171293527,0
2025-08-05,V11 LambdaRank Top2,177715.5251,179809.0019,36.23176302,2,1321.42386,772.0529126,2573509.709,0,"{""601288.SH"": 13691.0234, ""601988.SH"": 15600.0}",0.01801945255,0
2025-08-06,V11 LambdaRank Top2,178966.807,181060.2838,36.23176302,2,1321.42386,772.0529126,2573509.709,0,"{""601288.SH"": 13691.0234, ""601988.SH"": 15600.0}",0.007040926081,0
2025-08-07,V11 LambdaRank Top2,181134.9991,183228.4759,36.23176302,2,1321.42386,772.0529126,2573509.709,0,"{""601288.SH"": 13691.0234, ""601988.SH"": 15600.0}",0.01211505165,0
2025-08-08,V11 LambdaRank Top2,180354.9991,182448.4759,36.23176302,2,1321.42386,772.0529126,2573509.709,0,"{""601288.SH"": 13691.0234, ""601988.SH"": 15600.0}",-0.004306180495,-0.004306180495
2025-08-11,V11 LambdaRank Top2,179985.7298,182079.2066,36.23176302,2,1321.42386,772.0529126,2573509.709,0,"{""601288.SH"": 13691.0234, ""601988.SH"": 15600.0}",-0.00204745806,-0.006344821831
2025-08-12,V11 LambdaRank Top2,182115.7424,184209.2191,36.23176302,2,1321.42386,772.0529126,2573509.709,0,"{""601288.SH"": 13691.0234, ""601988.SH"": 15600.0}",0.01183434143,0
2025-08-13,V11 LambdaRank Top2,180183.1912,182276.668,36.23176302,2,1321.42386,772.0529126,2573509.709,0,"{""601288.SH"": 13691.0234, ""601988.SH"": 15600.0}",-0.01061166458,-0.01061166458
2025-08-14,V11 LambdaRank Top2,181670.114,183763.5908,36.23176302,2,1321.42386,772.0529126,2573509.709,0,"{""601288.SH"": 13691.0234, ""601988.SH"": 15600.0}",0.00825228371,-0.002446951334
2025-08-15,V11 LambdaRank Top2,178839.7424,180933.2191,36.23176302,2,1321.42386,772.0529126,2573509.709,0,"{""601288.SH"": 13691.0234, ""601988.SH"": 15600.0}",-0.01557973174,-0.01798856023
2025-08-18,V11 LambdaRank Top2,179935.0243,182028.501,36.23176302,2,1321.42386,772.0529126,2573509.709,0,"{""601288.SH"": 13691.0234, ""601988.SH"": 15600.0}",0.006124376278,-0.01197435266
2025-08-19,V11 LambdaRank Top2,182883.2164,184976.6931,36.23176302,2,1321.42386,772.0529126,2573509.709,0,"{""601288.SH"": 13691.0234, ""601988.SH"": 15600.0}",0.01638475957,0
2025-08-20,V11 LambdaRank Top2,185420.6778,187514.1545,36.23176302,2,1321.42386,772.0529126,2573509.709,0,"{""601288.SH"": 13691.0234, ""601988.SH"": 15600.0}",0.01387476367,0
2025-08-21,V11 LambdaRank Top2,188098.3313,190191.8081,36.23176302,2,1321.42386,772.0529126,2573509.709,0,"{""601288.SH"": 13691.0234, ""601988.SH"": 15600.0}",0.014440965,0
2025-08-22,V11 LambdaRank Top2,188900.7029,190994.1797,36.23176302,2,1321.42386,772.0529126,2573509.709,0,"{""601288.SH"": 13691.0234, ""601988.SH"": 15600.0}",0.004265703134,0
2025-08-25,V11 LambdaRank Top2,188041.062,190134.5388,36.23176302,2,1321.42386,772.0529126,2573509.709,0,"{""601288.SH"": 13691.0234, ""601988.SH"": 15600.0}",-0.004550755633,-0.004550755633
2025-08-26,V11 LambdaRank Top2,188002.8825,190096.3592,36.23176302,2,1321.42386,772.0529126,2573509.709,0,"{""601288.SH"": 13691.0234, ""601988.SH"": 15600.0}",-0.0002030382654,-0.004752869921
2025-08-27,V11 LambdaRank Top2,183959.4085,186052.8852,36.23176302,2,1321.42386,772.0529126,2573509.709,0,"{""601288.SH"": 13691.0234, ""601988.SH"": 15600.0}",-0.02150751059,-0.02615815811
2025-08-28,V11 LambdaRank Top2,182415.2164,184508.6931,36.23176302,2,1321.42386,772.0529126,2573509.709,0,"{""601288.SH"": 13691.0234, ""601988.SH"": 15600.0}",-0.008394200237,-0.03433278153
2025-08-29,V11 LambdaRank Top2,182259.2164,184352.6931,36.23176302,2,1321.42386,772.0529126,2573509.709,0,"{""601288.SH"": 13691.0234, ""601988.SH"": 15600.0}",-0.0008551918152,-0.03515861224
2025-09-01,V11 LambdaRank Top2,182669.9471,184763.4238,36.23176302,2,1321.42386,772.0529126,2573509.709,0,"{""601288.SH"": 13691.0234, ""601988.SH"": 15600.0}",0.002253552449,-0.03298429156
2025-09-02,V11 LambdaRank Top2,185851.9546,188104.6034,756.9546271,2,1423.111061,829.537681,2765125.603,0,"{""601939.SH"": 10000.0, ""601988.SH"": 16500.0}",0.0174194366,-0.01613942274
2025-09-03,V11 LambdaRank Top2,183631.9546,185884.6034,756.9546271,2,1423.111061,829.537681,2765125.603,0,"{""601939.SH"": 10000.0, ""601988.SH"": 16500.0}",-0.0119449914,-0.02789162888
2025-09-04,V11 LambdaRank Top2,185486.9546,187739.6034,756.9546271,2,1423.111061,829.537681,2765125.603,0,"{""601939.SH"": 10000.0, ""601988.SH"": 16500.0}",0.01010172769,-0.01807165483
2025-09-05,V11 LambdaRank Top2,182336.9546,184589.6034,756.9546271,2,1423.111061,829.537681,2765125.603,0,"{""601939.SH"": 10000.0, ""601988.SH"": 16500.0}",-0.01698232637,-0.03474708246
2025-09-08,V11 LambdaRank Top2,181011.9546,183264.6034,756.9546271,2,1423.111061,829.537681,2765125.603,0,"{""601939.SH"": 10000.0, ""601988.SH"": 16500.0}",-0.007266766096,-0.04176134963
2025-09-09,V11 LambdaRank Top2,181276.9546,183529.6034,756.9546271,2,1423.111061,829.537681,2765125.603,0,"{""601939.SH"": 10000.0, ""601988.SH"": 16500.0}",0.001463991705,-0.0403584962
2025-09-10,V11 LambdaRank Top2,182841.9546,185094.6034,756.9546271,2,1423.111061,829.537681,2765125.603,0,"{""601939.SH"": 10000.0, ""601988.SH"": 16500.0}",0.008633198871,-0.03207372025
2025-09-11,V11 LambdaRank Top2,183106.9546,185359.6034,756.9546271,2,1423.111061,829.537681,2765125.603,0,"{""601939.SH"": 10000.0, ""601988.SH"": 16500.0}",0.001449339133,-0.03067086682
2025-09-12,V11 LambdaRank Top2,182376.9546,184629.6034,756.9546271,2,1423.111061,829.537681,2765125.603,0,"{""601939.SH"": 10000.0, ""601988.SH"": 16500.0}",-0.003986740981,-0.034535331
2025-09-15,V11 LambdaRank Top2,181246.9546,183499.6034,756.9546271,2,1423.111061,829.537681,2765125.603,0,"{""601939.SH"": 10000.0, ""601988.SH"": 16500.0}",-0.006195958268,-0.04051730979
2025-09-16,V11 LambdaRank Top2,180121.9546,182374.6034,756.9546271,2,1423.111061,829.537681,2765125.603,0,"{""601939.SH"": 10000.0, ""601988.SH"": 16500.0}",-0.006207000842,-0.04647281966
2025-09-17,V11 LambdaRank Top2,179856.9546,182109.6034,756.9546271,2,1423.111061,829.537681,2765125.603,0,"{""601939.SH"": 10000.0, ""601988.SH"": 16500.0}",-0.001471225429,-0.0478756731
2025-09-18,V11 LambdaRank Top2,175906.9546,178159.6034,756.9546271,2,1423.111061,829.537681,2765125.603,0,"{""601939.SH"": 10000.0, ""601988.SH"": 16500.0}",-0.02196189749,-0.06878612996
2025-09-19,V11 LambdaRank Top2,176841.9546,179094.6034,756.9546271,2,1423.111061,829.537681,2765125.603,0,"{""601939.SH"": 10000.0, ""601988.SH"": 16500.0}",0.005315310028,-0.06383643954
2025-09-22,V11 LambdaRank Top2,172621.9546,174874.6034,756.9546271,2,1423.111061,829.537681,2765125.603,0,"{""601939.SH"": 10000.0, ""601988.SH"": 16500.0}",-0.02386311556,-0.08617621877
2025-09-23,V11 LambdaRank Top2,176706.9546,178959.6034,756.9546271,2,1423.111061,829.537681,2765125.603,0,"{""601939.SH"": 10000.0, ""601988.SH"": 16500.0}",0.02366442906,-0.06455110072
2025-09-24,V11 LambdaRank Top2,175376.9546,177629.6034,756.9546271,2,1423.111061,829.537681,2765125.603,0,"{""601939.SH"": 10000.0, ""601988.SH"": 16500.0}",-0.007526585486,-0.07159183683
2025-09-25,V11 LambdaRank Top2,174516.9546,176769.6034,756.9546271,2,1423.111061,829.537681,2765125.603,0,"{""601939.SH"": 10000.0, ""601988.SH"": 16500.0}",-0.004903722965,-0.07614449326
2025-09-26,V11 LambdaRank Top2,173816.9546,176069.6034,756.9546271,2,1423.111061,829.537681,2765125.603,0,"{""601939.SH"": 10000.0, ""601988.SH"": 16500.0}",-0.004011071598,-0.07985014384
2025-09-29,V11 LambdaRank Top2,172556.9546,174809.6034,756.9546271,2,1423.111061,829.537681,2765125.603,0,"{""601939.SH"": 10000.0, ""601988.SH"": 16500.0}",-0.007249005154,-0.08652031489
2025-09-30,V11 LambdaRank Top2,172326.9546,174579.6034,756.9546271,2,1423.111061,829.537681,2765125.603,0,"{""601939.SH"": 10000.0, ""601988.SH"": 16500.0}",-0.00133289325,-0.0877378858
2025-10-09,V11 LambdaRank Top2,173751.9546,176004.6034,756.9546271,2,1423.111061,829.537681,2765125.603,0,"{""601939.SH"": 10000.0, ""601988.SH"": 16500.0}",0.008269164874,-0.08019423997
2025-10-10,V11 LambdaRank Top2,174920.5256,177452.6034,555.5255927,2,1599.045496,933.032281,3110107.603,0,"{""601288.SH"": 12900.0, ""601398.SH"": 11800.0}",0.006725512631,-0.07400807471
2025-10-13,V11 LambdaRank Top2,175480.5256,178012.6034,555.5255927,2,1599.045496,933.032281,3110107.603,0,"{""601288.SH"": 12900.0, ""601398.SH"": 11800.0}",0.003201453907,-0.07104355424
2025-10-14,V11 LambdaRank Top2,181032.5256,183564.6034,555.5255927,2,1599.045496,933.032281,3110107.603,0,"{""601288.SH"": 12900.0, ""601398.SH"": 11800.0}",0.03163883845,-0.04165245133
2025-10-15,V11 LambdaRank Top2,182366.5256,184898.6034,555.5255927,2,1599.045496,933.032281,3110107.603,0,"{""601288.SH"": 12900.0, ""601398.SH"": 11800.0}",0.007368841569,-0.03459054008
2025-10-16,V11 LambdaRank Top2,187210.5256,189742.6034,555.5255927,2,1599.045496,933.032281,3110107.603,0,"{""601288.SH"": 12900.0, ""601398.SH"": 11800.0}",0.02656189223,-0.008947438041
2025-10-17,V11 LambdaRank Top2,188769.5256,191301.6034,555.5255927,2,1599.045496,933.032281,3110107.603,0,"{""601288.SH"": 12900.0, ""601398.SH"": 11800.0}",0.008327523226,-0.0006944248129
2025-10-20,V11 LambdaRank Top2,190328.5256,192860.6034,555.5255927,2,1599.045496,933.032281,3110107.603,0,"{""601288.SH"": 12900.0, ""601398.SH"": 11800.0}",0.008258748308,0
2025-10-21,V11 LambdaRank Top2,192359.5256,194891.6034,555.5255927,2,1599.045496,933.032281,3110107.603,0,"{""601288.SH"": 12900.0, ""601398.SH"": 11800.0}",0.01067102261,0
2025-10-22,V11 LambdaRank Top2,196484.5256,199016.6034,555.5255927,2,1599.045496,933.032281,3110107.603,0,"{""601288.SH"": 12900.0, ""601398.SH"": 11800.0}",0.02144422007,0
2025-10-23,V11 LambdaRank Top2,196138.5256,198670.6034,555.5255927,2,1599.045496,933.032281,3110107.603,0,"{""601288.SH"": 12900.0, ""601398.SH"": 11800.0}",-0.001760952925,-0.001760952925
2025-10-24,V11 LambdaRank Top2,196138.5256,198670.6034,555.5255927,2,1599.045496,933.032281,3110107.603,0,"{""601288.SH"": 12900.0, ""601398.SH"": 11800.0}",0,-0.001760952925
2025-10-27,V11 LambdaRank Top2,199415.5256,201947.6034,555.5255927,2,1599.045496,933.032281,3110107.603,0,"{""601288.SH"": 12900.0, ""601398.SH"": 11800.0}",0.01670757945,0
2025-10-28,V11 LambdaRank Top2,202036.5256,204568.6034,555.5255927,2,1599.045496,933.032281,3110107.603,0,"{""601288.SH"": 12900.0, ""601398.SH"": 11800.0}",0.01314340993,0
2025-10-29,V11 LambdaRank Top2,198084.5256,200616.6034,555.5255927,2,1599.045496,933.032281,3110107.603,0,"{""601288.SH"": 12900.0, ""601398.SH"": 11800.0}",-0.01956081945,-0.01956081945
2025-10-30,V11 LambdaRank Top2,197041.5256,199573.6034,555.5255927,2,1599.045496,933.032281,3110107.603,0,"{""601288.SH"": 12900.0, ""601398.SH"": 11800.0}",-0.005265428972,-0.02472325232
2025-10-31,V11 LambdaRank Top2,195043.5256,197575.6034,555.5255927,2,1599.045496,933.032281,3110107.603,0,"{""601288.SH"": 12900.0, ""601398.SH"": 11800.0}",-0.01013999457,-0.03461255325
2025-11-03,V11 LambdaRank Top2,197104.5256,199636.6034,555.5255927,2,1599.045496,933.032281,3110107.603,0,"{""601288.SH"": 12900.0, ""601398.SH"": 11800.0}",0.01056687216,-0.02441142752
2025-11-04,V11 LambdaRank Top2,201669.1659,204216.6034,612.1659138,2,1611.543175,935.894281,3119647.603,0,"{""601288.SH"": 12300.0, ""601398.SH"": 12400.0}",0.02315847547,-0.00181828349
2025-11-05,V11 LambdaRank Top2,202162.1659,204709.6034,612.1659138,2,1611.543175,935.894281,3119647.603,0,"{""601288.SH"": 12300.0, ""601398.SH"": 12400.0}",0.002444597803,0
2025-11-06,V11 LambdaRank Top2,201296.1659,203843.6034,612.1659138,2,1611.543175,935.894281,3119647.603,0,"{""601288.SH"": 12300.0, ""601398.SH"": 12400.0}",-0.00428368976,-0.00428368976
2025-11-07,V11 LambdaRank Top2,199816.1659,202363.6034,612.1659138,2,1611.543175,935.894281,3119647.603,0,"{""601288.SH"": 12300.0, ""601398.SH"": 12400.0}",-0.007352350668,-0.01160454524
2025-11-10,V11 LambdaRank Top2,201176.1659,203723.6034,612.1659138,2,1611.543175,935.894281,3119647.603,0,"{""601288.SH"": 12300.0, ""601398.SH"": 12400.0}",0.006806256109,-0.004877272637
2025-11-11,V11 LambdaRank Top2,203886.1659,206433.6034,612.1659138,2,1611.543175,935.894281,3119647.603,0,"{""601288.SH"": 12300.0, ""601398.SH"": 12400.0}",0.01347078063,0
2025-11-12,V11 LambdaRank Top2,207825.1659,210372.6034,612.1659138,2,1611.543175,935.894281,3119647.603,0,"{""601288.SH"": 12300.0, ""601398.SH"": 12400.0}",0.01931960407,0
2025-11-13,V11 LambdaRank Top2,207704.1659,210251.6034,612.1659138,2,1611.543175,935.894281,3119647.603,0,"{""601288.SH"": 12300.0, ""601398.SH"": 12400.0}",-0.0005822201535,-0.0005822201535
2025-11-14,V11 LambdaRank Top2,207462.1659,210009.6034,612.1659138,2,1611.543175,935.894281,3119647.603,0,"{""601288.SH"": 12300.0, ""601398.SH"": 12400.0}",-0.001165118663,-0.001746660461
2025-11-17,V11 LambdaRank Top2,204256.1659,206803.6034,612.1659138,2,1611.543175,935.894281,3119647.603,0,"{""601288.SH"": 12300.0, ""601398.SH"": 12400.0}",-0.01545342008,-0.01717308866
2025-11-18,V11 LambdaRank Top2,203029.1659,205576.6034,612.1659138,2,1611.543175,935.894281,3119647.603,0,"{""601288.SH"": 12300.0, ""601398.SH"": 12400.0}",-0.006007162597,-0.02307708972
2025-11-19,V11 LambdaRank Top2,203770.1659,206317.6034,612.1659138,2,1611.543175,935.894281,3119647.603,0,"{""601288.SH"": 12300.0, ""601398.SH"": 12400.0}",0.003649721934,-0.01951159275
2025-11-20,V11 LambdaRank Top2,203528.1659,206075.6034,612.1659138,2,1611.543175,935.894281,3119647.603,0,"{""601288.SH"": 12300.0, ""601398.SH"": 12400.0}",-0.001187612519,-0.02067603305
2025-11-21,V11 LambdaRank Top2,201927.1659,204474.6034,612.1659138,2,1611.543175,935.894281,3119647.603,0,"{""601288.SH"": 12300.0, ""601398.SH"": 12400.0}",-0.007866233122,-0.02837962368
2025-11-24,V11 LambdaRank Top2,200938.1659,203485.6034,612.1659138,2,1611.543175,935.894281,3119647.603,0,"{""601288.SH"": 12300.0, ""601398.SH"": 12400.0}",-0.00489780558,-0.03313843138
2025-11-25,V11 LambdaRank Top2,202917.1659,205464.6034,612.1659138,2,1611.543175,935.894281,3119647.603,0,"{""601288.SH"": 12300.0, ""601398.SH"": 12400.0}",0.009848800953,-0.02361600424
2025-11-26,V11 LambdaRank Top2,199458.1659,202005.6034,612.1659138,2,1611.543175,935.894281,3119647.603,0,"{""601288.SH"": 12300.0, ""601398.SH"": 12400.0}",-0.01704636463,-0.04025980185
2025-11-27,V11 LambdaRank Top2,201426.1659,203973.6034,612.1659138,2,1611.543175,935.894281,3119647.603,0,"{""601288.SH"": 12300.0, ""601398.SH"": 12400.0}",0.009866730655,-0.03079030382
2025-11-28,V11 LambdaRank Top2,200068.1659,202615.6034,612.1659138,2,1611.543175,935.894281,3119647.603,0,"{""601288.SH"": 12300.0, ""601398.SH"": 12400.0}",-0.006741924486,-0.0373246424
2025-12-01,V11 LambdaRank Top2,199205.1659,201752.6034,612.1659138,2,1611.543175,935.894281,3119647.603,0,"{""601288.SH"": 12300.0, ""601398.SH"": 12400.0}",-0.004313529821,-0.04147717127
2025-12-02,V11 LambdaRank Top2,199568.2637,202126.6034,613.2636752,2,1621.963613,936.376081,3121253.603,0,"{""601288.SH"": 12400.0, ""601398.SH"": 12300.0}",0.001822732657,-0.0397300404
2025-12-03,V11 LambdaRank Top2,198580.2637,201138.6034,613.2636752,2,1621.963613,936.376081,3121253.603,0,"{""601288.SH"": 12400.0, ""601398.SH"": 12300.0}",-0.004950686957,-0.04448403637
2025-12-04,V11 LambdaRank Top2,197588.2637,200146.6034,613.2636752,2,1621.963613,936.376081,3121253.603,0,"{""601288.SH"": 12400.0, ""601398.SH"": 12300.0}",-0.004995461189,-0.04925727928
2025-12-05,V11 LambdaRank Top2,195858.2637,198416.6034,613.2636752,2,1621.963613,936.376081,3121253.603,0,"{""601288.SH"": 12400.0, ""601398.SH"": 12300.0}",-0.008755580761,-0.05758158395
2025-12-08,V11 LambdaRank Top2,196106.2637,198664.6034,613.2636752,2,1621.963613,936.376081,3121253.603,0,"{""601288.SH"": 12400.0, ""601398.SH"": 12300.0}",0.001266221784,-0.05638827323
2025-12-09,V11 LambdaRank Top2,199939.2637,202497.6034,613.2636752,2,1621.963613,936.376081,3121253.603,0,"{""601288.SH"": 12400.0, ""601398.SH"": 12300.0}",0.01954552562,-0.03794488605
2025-12-10,V11 LambdaRank Top2,195243.2637,197801.6034,613.2636752,2,1621.963613,936.376081,3121253.603,0,"{""601288.SH"": 12400.0, ""601398.SH"": 12300.0}",-0.02348713261,-0.06054080209
2025-12-11,V11 LambdaRank Top2,197345.2637,199903.6034,613.2636752,2,1621.963613,936.376081,3121253.603,0,"{""601288.SH"": 12400.0, ""601398.SH"": 12300.0}",0.01076605646,-0.05042653132
2025-12-12,V11 LambdaRank Top2,194372.2637,196930.6034,613.2636752,2,1621.963613,936.376081,3121253.603,0,"{""601288.SH"": 12400.0, ""601398.SH"": 12300.0}",-0.01506496758,-0.06473182485
2025-12-15,V11 LambdaRank Top2,192739.8104,195298.1501,613.2636752,2,1621.963613,936.376081,3121253.603,0,"{""601288.SH"": 12596.0053, ""601398.SH"": 12520.1623}",-0.008398591631,-0.07258676032
2025-12-16,V11 LambdaRank Top2,190977.8865,193536.2262,613.2636752,2,1621.963613,936.376081,3121253.603,0,"{""601288.SH"": 12596.0053, ""601398.SH"": 12520.1623}",-0.009141463158,-0.08106467428
2025-12-17,V11 LambdaRank Top2,192235.9702,194794.3099,613.2636752,2,1621.963613,936.376081,3121253.603,0,"{""601288.SH"": 12596.0053, ""601398.SH"": 12520.1623}",0.006587588169,-0.0750111068
2025-12-18,V11 LambdaRank Top2,196379.0002,198937.3399,613.2636752,2,1621.963613,936.376081,3121253.603,0,"{""601288.SH"": 12596.0053, ""601398.SH"": 12520.1623}",0.02155179384,-0.05507593687
2025-12-19,V11 LambdaRank Top2,194371.9821,196930.3218,613.2636752,2,1621.963613,936.376081,3121253.603,0,"{""601288.SH"": 12596.0053, ""601398.SH"": 12520.1623}",-0.01022012594,-0.0647331798
2025-12-22,V11 LambdaRank Top2,195001.0239,197559.3636,613.2636752,2,1621.963613,936.376081,3121253.603,0,"{""601288.SH"": 12596.0053, ""601398.SH"": 12520.1623}",0.003236278327,-0.06170639606
2025-12-23,V11 LambdaRank Top2,196258.3492,198816.6888,613.2636752,2,1621.963613,936.376081,3121253.603,0,"{""601288.SH"": 12596.0053, ""601398.SH"": 12520.1623}",0.006447787867,-0.05565647794
2025-12-24,V11 LambdaRank Top2,195881.2274,198439.5671,613.2636752,2,1621.963613,936.376081,3121253.603,0,"{""601288.SH"": 12596.0053, ""601398.SH"": 12520.1623}",-0.001921557628,-0.05747108844
2025-12-25,V11 LambdaRank Top2,194499.459,197057.7987,613.2636752,2,1621.963613,936.376081,3121253.603,0,"{""601288.SH"": 12596.0053, ""601398.SH"": 12520.1623}",-0.007054113593,-0.06411979445
2025-12-26,V11 LambdaRank Top2,192991.7305,195550.0702,613.2636752,2,1621.963613,936.376081,3121253.603,0,"{""601288.SH"": 12596.0053, ""601398.SH"": 12520.1623}",-0.007751838948,-0.07137458707
2025-12-29,V11 LambdaRank Top2,195380.4209,197938.7606,613.2636752,2,1621.963613,936.376081,3121253.603,0,"{""601288.SH"": 12596.0053, ""601398.SH"": 12520.1623}",0.01237716462,-0.05988083746
2025-12-30,V11 LambdaRank Top2,194752.1375,197310.4772,613.2636752,2,1621.963613,936.376081,3121253.603,0,"{""601288.SH"": 12596.0053, ""601398.SH"": 12520.1623}",-0.00321569275,-0.06290397184
2025-12-31,V11 LambdaRank Top2,196635.4709,199193.8106,613.2636752,2,1621.963613,936.376081,3121253.603,0,"{""601288.SH"": 12596.0053, ""601398.SH"": 12520.1623}",0.009670411703,-0.05384186744
2026-01-05,V11 LambdaRank Top2,193872.6925,196431.0321,613.2636752,2,1621.963613,936.376081,3121253.603,0,"{""601288.SH"": 12596.0053, ""601398.SH"": 12520.1623}",-0.0140502546,-0.06713563009
2026-01-06,V11 LambdaRank Top2,193485.462,196054.6688,626.3965124,2,1632.369376,936.837481,3122791.603,0,"{""601288.SH"": 12696.0053, ""601398.SH"": 12420.1623}",-0.001997344009,-0.06899888115
2026-01-07,V11 LambdaRank Top2,191975.7335,194544.9404,626.3965124,2,1632.369376,936.837481,3122791.603,0,"{""601288.SH"": 12696.0053, ""601398.SH"": 12420.1623}",-0.007802800614,-0.07626329725
2026-01-08,V11 LambdaRank Top2,190595.7235,193164.9304,626.3965124,2,1632.369376,936.837481,3122791.603,0,"{""601288.SH"": 12696.0053, ""601398.SH"": 12420.1623}",-0.007188460615,-0.08290354216
2026-01-09,V11 LambdaRank Top2,190463.2466,193032.4535,626.3965124,2,1632.369376,936.837481,3122791.603,0,"{""601288.SH"": 12696.0053, ""601398.SH"": 12420.1623}",-0.0006950675998,-0.08354098619
2026-01-12,V11 LambdaRank Top2,192232.412,194801.6189,626.3965124,2,1632.369376,936.837481,3122791.603,0,"{""601288.SH"": 12696.0053, ""601398.SH"": 12420.1623}",0.009288749813,-0.0750282277
2026-01-13,V11 LambdaRank Top2,194244.4639,196813.6707,626.3965124,2,1632.369376,936.837481,3122791.603,0,"{""601288.SH"": 12696.0053, ""601398.SH"": 12420.1623}",0.01046676682,-0.06534676384
2026-01-14,V11 LambdaRank Top2,191103.5637,193672.7706,626.3965124,2,1632.369376,936.837481,3122791.603,0,"{""601288.SH"": 12696.0053, ""601398.SH"": 12420.1623}",-0.01616983101,-0.08045994873
2026-01-15,V11 LambdaRank Top2,189074.9613,191644.1682,626.3965124,2,1632.369376,936.837481,3122791.603,0,"{""601288.SH"": 12696.0053, ""601398.SH"": 12420.1623}",-0.01061519927,-0.09022104961
2026-01-16,V11 LambdaRank Top2,186682.0293,189251.2362,626.3965124,2,1632.369376,936.837481,3122791.603,0,"{""601288.SH"": 12696.0053, ""601398.SH"": 12420.1623}",-0.01265599619,-0.1017352085
2026-01-19,V11 LambdaRank Top2,184291.8558,186861.0626,626.3965124,2,1632.369376,936.837481,3122791.603,0,"{""601288.SH"": 12696.0053, ""601398.SH"": 12420.1623}",-0.01280344749,-0.1132360946
2026-01-20,V11 LambdaRank Top2,185304.7777,187873.9846,626.3965124,2,1632.369376,936.837481,3122791.603,0,"{""601288.SH"": 12696.0053, ""601398.SH"": 12420.1623}",0.005496292749,-0.1083621806
2026-01-21,V11 LambdaRank Top2,180278.7858,182847.9927,626.3965124,2,1632.369376,936.837481,3122791.603,0,"{""601288.SH"": 12696.0053, ""601398.SH"": 12420.1623}",-0.02712284053,-0.132545931
2026-01-22,V11 LambdaRank Top2,177380.772,179949.9789,626.3965124,2,1632.369376,936.837481,3122791.603,0,"{""601288.SH"": 12696.0053, ""601398.SH"": 12420.1623}",-0.0160751791,-0.1464904105
2026-01-23,V11 LambdaRank Top2,175873.802,178443.0088,626.3965124,2,1632.369376,936.837481,3122791.603,0,"{""601288.SH"": 12696.0053, ""601398.SH"": 12420.1623}",-0.008495678728,-0.1537415538
2026-01-26,V11 LambdaRank Top2,177389.0473,179958.2542,626.3965124,2,1632.369376,936.837481,3122791.603,0,"{""601288.SH"": 12696.0053, ""601398.SH"": 12420.1623}",0.008615526156,-0.146450592
2026-01-27,V11 LambdaRank Top2,177899.646,180468.8528,626.3965124,2,1632.369376,936.837481,3122791.603,0,"{""601288.SH"": 12696.0053, ""601398.SH"": 12420.1623}",0.002878411309,-0.1439937257
2026-01-28,V11 LambdaRank Top2,176384.4006,178953.6075,626.3965124,2,1632.369376,936.837481,3122791.603,0,"{""601288.SH"": 12696.0053, ""601398.SH"": 12420.1623}",-0.008517416282,-0.1512846875
2026-01-29,V11 LambdaRank Top2,176875.6903,179444.8971,626.3965124,2,1632.369376,936.837481,3122791.603,0,"{""601288.SH"": 12696.0053, ""601398.SH"": 12420.1623}",0.002785334926,-0.1489207311
2026-01-30,V11 LambdaRank Top2,175989.7283,178558.9352,626.3965124,2,1632.369376,936.837481,3122791.603,0,"{""601288.SH"": 12696.0053, ""601398.SH"": 12420.1623}",-0.00500895254,-0.1531837468
2026-02-02,V11 LambdaRank Top2,177620.9,180190.1069,626.3965124,2,1632.369376,936.837481,3122791.603,0,"{""601288.SH"": 12696.0053, ""601398.SH"": 12420.1623}",0.009268561808,-0.145334978
2026-02-03,V11 LambdaRank Top2,174361.8777,177082.183,642.4827327,2,1729.117621,991.1876364,3303958.788,0,"{""601288.SH"": 13096.0053, ""601939.SH"": 10000.0}",-0.01834819144,-0.1610165354
2026-02-04,V11 LambdaRank Top2,175192.8378,177913.143,642.4827327,2,1729.117621,991.1876364,3303958.788,0,"{""601288.SH"": 13096.0053, ""601939.SH"": 10000.0}",0.004765720944,-0.1570181744
2026-02-05,V11 LambdaRank Top2,176685.7179,179406.0232,642.4827327,2,1729.117621,991.1876364,3303958.788,0,"{""601288.SH"": 13096.0053, ""601939.SH"": 10000.0}",0.008521353821,-0.149834828
2026-02-06,V11 LambdaRank Top2,176392.8378,179113.143,642.4827327,2,1729.117621,991.1876364,3303958.788,0,"{""601288.SH"": 13096.0053, ""601939.SH"": 10000.0}",-0.001657633458,-0.1512440902
2026-02-09,V11 LambdaRank Top2,177116.678,179836.9832,642.4827327,2,1729.117621,991.1876364,3303958.788,0,"{""601288.SH"": 13096.0053, ""601939.SH"": 10000.0}",0.004103569166,-0.1477611616
2026-02-10,V11 LambdaRank Top2,178478.5981,181198.9033,642.4827327,2,1729.117621,991.1876364,3303958.788,0,"{""601288.SH"": 13096.0053, ""601939.SH"": 10000.0}",0.007689395039,-0.1412079605
2026-02-11,V11 LambdaRank Top2,179164.3584,181884.6637,642.4827327,2,1729.117621,991.1876364,3303958.788,0,"{""601288.SH"": 13096.0053, ""601939.SH"": 10000.0}",0.003842255164,-0.1379082624
2026-02-12,V11 LambdaRank Top2,175307.0775,178027.3827,642.4827327,2,1729.117621,991.1876364,3303958.788,0,"{""601288.SH"": 13096.0053, ""601939.SH"": 10000.0}",-0.0215292873,-0.1564684831
2026-02-13,V11 LambdaRank Top2,172897.4769,175617.7822,642.4827327,2,1729.117621,991.1876364,3303958.788,0,"{""601288.SH"": 13096.0053, ""601939.SH"": 10000.0}",-0.01374502707,-0.1680628466
2026-02-24,V11 LambdaRank Top2,172304.5968,175024.902,642.4827327,2,1729.117621,991.1876364,3303958.788,0,"{""601288.SH"": 13096.0053, ""601939.SH"": 10000.0}",-0.003429085075,-0.1709156299
2026-02-25,V11 LambdaRank Top2,172397.4769,175117.7822,642.4827327,2,1729.117621,991.1876364,3303958.788,0,"{""601288.SH"": 13096.0053, ""601939.SH"": 10000.0}",0.0005390463131,-0.170468715
2026-02-26,V11 LambdaRank Top2,170918.8365,173639.1417,642.4827327,2,1729.117621,991.1876364,3303958.788,0,"{""601288.SH"": 13096.0053, ""601939.SH"": 10000.0}",-0.008576926409,-0.1775835438
2026-02-27,V11 LambdaRank Top2,170356.9164,173077.2216,642.4827327,2,1729.117621,991.1876364,3303958.788,0,"{""601288.SH"": 13096.0053, ""601939.SH"": 10000.0}",-0.003287642935,-0.1802873554
2026-03-02,V11 LambdaRank Top2,172604.5968,175324.902,642.4827327,2,1729.117621,991.1876364,3303958.788,0,"{""601288.SH"": 13096.0053, ""601939.SH"": 10000.0}",0.01319394873,-0.1694721088
2026-03-03,V11 LambdaRank Top2,177778.1191,180643.9033,720.003777,2,1822.463477,1043.320736,3477735.788,0,"{""601288.SH"": 13296.0053, ""601398.SH"": 12300.0}",0.02997325943,-0.1445784809
2026-03-04,V11 LambdaRank Top2,176621.3189,179487.1031,720.003777,2,1822.463477,1043.320736,3477735.788,0,"{""601288.SH"": 13296.0053, ""601398.SH"": 12300.0}",-0.006506988983,-0.1501446993
2026-03-05,V11 LambdaRank Top2,177788.0792,180653.8634,720.003777,2,1822.463477,1043.320736,3477735.788,0,"{""601288.SH"": 13296.0053, ""601398.SH"": 12300.0}",0.006605999336,-0.1445305557
2026-03-06,V11 LambdaRank Top2,177256.239,180122.0232,720.003777,2,1822.463477,1043.320736,3477735.788,0,"{""601288.SH"": 13296.0053, ""601398.SH"": 12300.0}",-0.002991427843,-0.1470896309
2026-03-09,V11 LambdaRank Top2,176601.3988,179467.183,720.003777,2,1822.463477,1043.320736,3477735.788,0,"{""601288.SH"": 13296.0053, ""601398.SH"": 12300.0}",-0.003694314028,-0.1502405496
2026-03-10,V11 LambdaRank Top2,174799.7183,177665.5026,720.003777,2,1822.463477,1043.320736,3477735.788,0,"{""601288.SH"": 13296.0053, ""601398.SH"": 12300.0}",-0.01020196008,-0.1589097616
2026-03-11,V11 LambdaRank Top2,176448.5186,179314.3028,720.003777,2,1822.463477,1043.320736,3477735.788,0,"{""601288.SH"": 13296.0053, ""601398.SH"": 12300.0}",0.00943251098,-0.1509761687
2026-03-12,V11 LambdaRank Top2,177073.4787,179939.2629,720.003777,2,1822.463477,1043.320736,3477735.788,0,"{""601288.SH"": 13296.0053, ""601398.SH"": 12300.0}",0.00354188325,-0.1479690254
2026-03-13,V11 LambdaRank Top2,177299.5586,180165.3428,720.003777,2,1822.463477,1043.320736,3477735.788,0,"{""601288.SH"": 13296.0053, ""601398.SH"": 12300.0}",0.001276757517,-0.1468811884
2026-03-16,V11 LambdaRank Top2,178313.4387,181179.2229,720.003777,2,1822.463477,1043.320736,3477735.788,0,"{""601288.SH"": 13296.0053, ""601398.SH"": 12300.0}",0.005718458443,-0.142002664
2026-03-17,V11 LambdaRank Top2,181497.9993,184363.7835,720.003777,2,1822.463477,1043.320736,3477735.788,0,"{""601288.SH"": 13296.0053, ""601398.SH"": 12300.0}",0.0178593414,-0.1266793966
2026-03-18,V11 LambdaRank Top2,181232.0792,184097.8634,720.003777,2,1822.463477,1043.320736,3477735.788,0,"{""601288.SH"": 13296.0053, ""601398.SH"": 12300.0}",-0.001465140696,-0.1279589342
2026-03-19,V11 LambdaRank Top2,184150.7197,187016.5039,720.003777,2,1822.463477,1043.320736,3477735.788,0,"{""601288.SH"": 13296.0053, ""601398.SH"": 12300.0}",0.01610443629,-0.1139152044
2026-03-20,V11 LambdaRank Top2,182850.9993,185716.7835,720.003777,2,1822.463477,1043.320736,3477735.788,0,"{""601288.SH"": 13296.0053, ""601398.SH"": 12300.0}",-0.00705791631,-0.1201691167
2026-03-23,V11 LambdaRank Top2,175920.1578,178785.942,720.003777,2,1822.463477,1043.320736,3477735.788,0,"{""601288.SH"": 13296.0053, ""601398.SH"": 12300.0}",-0.03790431308,-0.153518502
2026-03-24,V11 LambdaRank Top2,177180.0379,180045.8221,720.003777,2,1822.463477,1043.320736,3477735.788,0,"{""601288.SH"": 13296.0053, ""601398.SH"": 12300.0}",0.007161658866,-0.1474562903
2026-03-25,V11 LambdaRank Top2,178090.8382,180956.6224,720.003777,2,1822.463477,1043.320736,3477735.788,0,"{""601288.SH"": 13296.0053, ""601398.SH"": 12300.0}",0.005140535431,-0.1430737591
2026-03-26,V11 LambdaRank Top2,178542.998,181408.7822,720.003777,2,1822.463477,1043.320736,3477735.788,0,"{""601288.SH"": 13296.0053, ""601398.SH"": 12300.0}",0.002538927855,-0.1408980852
2026-03-27,V11 LambdaRank Top2,177898.1178,180763.902,720.003777,2,1822.463477,1043.320736,3477735.788,0,"{""601288.SH"": 13296.0053, ""601398.SH"": 12300.0}",-0.003611903939,-0.1440010788
2026-03-30,V11 LambdaRank Top2,180122.0779,182987.8621,720.003777,2,1822.463477,1043.320736,3477735.788,0,"{""601288.SH"": 13296.0053, ""601398.SH"": 12300.0}",0.012501313,-0.1332999684
2026-03-31,V11 LambdaRank Top2,183775.239,186641.0232,720.003777,2,1822.463477,1043.320736,3477735.788,0,"{""601288.SH"": 13296.0053, ""601398.SH"": 12300.0}",0.02028158428,-0.1157219186
2026-04-01,V11 LambdaRank Top2,182904.2789,185770.0631,720.003777,2,1822.463477,1043.320736,3477735.788,0,"{""601288.SH"": 13296.0053, ""601398.SH"": 12300.0}",-0.004739267691,-0.1199127492
2026-04-02,V11 LambdaRank Top2,186992.2485,190013.1443,939.8921041,2,1921.821049,1099.074836,3663582.788,0,"{""601288.SH"": 13596.0053, ""601939.SH"": 9600.0}",0.02235032203,-0.1002425157
2026-04-03,V11 LambdaRank Top2,184176.568,187197.4639,939.8921041,2,1921.821049,1099.074836,3663582.788,0,"{""601288.SH"": 13596.0053, ""601939.SH"": 9600.0}",-0.01505773872,-0.1137908288
2026-04-07,V11 LambdaRank Top2,180313.1673,183334.0631,939.8921041,2,1921.821049,1099.074836,3663582.788,0,"{""601288.SH"": 13596.0053, ""601939.SH"": 9600.0}",-0.02097661407,-0.1323804966
2026-04-08,V11 LambdaRank Top2,180361.4069,183382.3028,939.8921041,2,1921.821049,1099.074836,3663582.788,0,"{""601288.SH"": 13596.0053, ""601939.SH"": 9600.0}",0.0002675327903,-0.1321483799
2026-04-09,V11 LambdaRank Top2,179665.5268,182686.4227,939.8921041,2,1921.821049,1099.074836,3663582.788,0,"{""601288.SH"": 13596.0053, ""601939.SH"": 9600.0}",-0.00385825421,-0.1354967721
2026-04-10,V11 LambdaRank Top2,179241.5667,182262.4626,939.8921041,2,1921.821049,1099.074836,3663582.788,0,"{""601288.SH"": 13596.0053, ""601939.SH"": 9600.0}",-0.002359718418,-0.1375367562
2026-04-13,V11 LambdaRank Top2,180689.367,183710.2629,939.8921041,2,1921.821049,1099.074836,3663582.788,0,"{""601288.SH"": 13596.0053, ""601939.SH"": 9600.0}",0.008077368934,-0.1305703224
2026-04-14,V11 LambdaRank Top2,182704.8876,185725.7835,939.8921041,2,1921.821049,1099.074836,3663582.788,0,"{""601288.SH"": 13596.0053, ""601939.SH"": 9600.0}",0.0111546167,-0.1208721676
2026-04-15,V11 LambdaRank Top2,186248.1286,189269.0245,939.8921041,2,1921.821049,1099.074836,3663582.788,0,"{""601288.SH"": 13596.0053, ""601939.SH"": 9600.0}",0.01939324692,-0.1038230245
2026-04-16,V11 LambdaRank Top2,186831.9289,189852.8248,939.8921041,2,1921.821049,1099.074836,3663582.788,0,"{""601288.SH"": 13596.0053, ""601939.SH"": 9600.0}",0.003134529549,-0.1010139313
2026-04-17,V11 LambdaRank Top2,187263.6892,190284.5851,939.8921041,2,1921.821049,1099.074836,3663582.788,0,"{""601288.SH"": 13596.0053, ""601939.SH"": 9600.0}",0.002310955723,-0.0989364143
2026-04-20,V11 LambdaRank Top2,192103.1699,195124.0658,939.8921041,2,1921.821049,1099.074836,3663582.788,0,"{""601288.SH"": 13596.0053, ""601939.SH"": 9600.0}",0.02584313437,-0.07565010698
2026-04-21,V11 LambdaRank Top2,193119.2098,196140.1057,939.8921041,2,1921.821049,1099.074836,3663582.788,0,"{""601288.SH"": 13596.0053, ""601939.SH"": 9600.0}",0.005289032701,-0.07076119017
2026-04-22,V11 LambdaRank Top2,191047.6492,194068.5451,939.8921041,2,1921.821049,1099.074836,3663582.788,0,"{""601288.SH"": 13596.0053, ""601939.SH"": 9600.0}",-0.01072684887,-0.08072899445
2026-04-23,V11 LambdaRank Top2,189927.809,192948.7049,939.8921041,2,1921.821049,1099.074836,3663582.788,0,"{""601288.SH"": 13596.0053, ""601939.SH"": 9600.0}",-0.005861575448,-0.0861173708
2026-04-24,V11 LambdaRank Top2,190159.7691,193180.665,939.8921041,2,1921.821049,1099.074836,3663582.788,0,"{""601288.SH"": 13596.0053, ""601939.SH"": 9600.0}",0.00122130642,-0.08500124008
2026-04-27,V11 LambdaRank Top2,187952.2485,190973.1443,939.8921041,2,1921.821049,1099.074836,3663582.788,0,"{""601288.SH"": 13596.0053, ""601939.SH"": 9600.0}",-0.01160876794,-0.09562324835
2026-04-28,V11 LambdaRank Top2,189920.0088,192940.9047,939.8921041,2,1921.821049,1099.074836,3663582.788,0,"{""601288.SH"": 13596.0053, ""601939.SH"": 9600.0}",0.01046946941,-0.08615490361
2026-04-29,V11 LambdaRank Top2,189472.1686,192493.0645,939.8921041,2,1921.821049,1099.074836,3663582.788,0,"{""601288.SH"": 13596.0053, ""601939.SH"": 9600.0}",-0.00235804649,-0.08830979284
2026-04-30,V11 LambdaRank Top2,190544.2485,193565.1443,939.8921041,2,1921.821049,1099.074836,3663582.788,0,"{""601288.SH"": 13596.0053, ""601939.SH"": 9600.0}",0.005658244707,-0.08315122655
2026-05-06,V11 LambdaRank Top2,188288.4881,191309.384,939.8921041,2,1921.821049,1099.074836,3663582.788,0,"{""601288.SH"": 13596.0053, ""601939.SH"": 9600.0}",-0.0118385117,-0.09400535148
2026-05-07,V11 LambdaRank Top2,188172.6902,191350.3441,228.1341021,2,2022.252552,1155.401336,3851337.788,2.910383046e-11,"{""601288.SH"": 13696.0053, ""601398.SH"": 12700.0}",-0.0006150028112,-0.09456254074
2026-05-08,V11 LambdaRank Top2,189472.5704,192650.2242,228.1341021,2,2022.252552,1155.401336,3851337.788,0,"{""601288.SH"": 13696.0053, ""601398.SH"": 12700.0}",0.006907910793,-0.08830785954
2026-05-11,V11 LambdaRank Top2,188366.9299,191544.5838,228.1341021,2,2022.252552,1155.401336,3851337.788,0,"{""601288.SH"": 13696.0053, ""601398.SH"": 12700.0}",-0.005835359022,-0.0936279105
2026-05-12,V11 LambdaRank Top2,188083.0497,191260.7036,228.1341021,2,2022.252552,1155.401336,3851337.788,0,"{""601288.SH"": 13696.0053, ""601398.SH"": 12700.0}",-0.001507059428,-0.0949938671
2026-05-13,V11 LambdaRank Top2,187182.8009,190360.4547,228.1341021,2,2022.252552,1155.401336,3851337.788,0,"{""601288.SH"": 13963.4767, ""601398.SH"": 12995.5618}",-0.004786443404,-0.09932562773
2026-05-14,V11 LambdaRank Top2,189488.8378,192666.4917,228.1341021,2,2022.252552,1155.401336,3851337.788,0,"{""601288.SH"": 13963.4767, ""601398.SH"": 12995.5618}",0.01231970559,-0.08822958463
2026-05-15,V11 LambdaRank Top2,187452.3912,190630.0451,228.1341021,2,2022.252552,1155.401336,3851337.788,0,"{""601288.SH"": 13963.4767, ""601398.SH"": 12995.5618}",-0.01074705316,-0.09802842976
2026-05-18,V11 LambdaRank Top2,185825.1698,189002.8237,228.1341021,2,2022.252552,1155.401336,3851337.788,2.910383046e-11,"{""601288.SH"": 13963.4767, ""601398.SH"": 12995.5618}",-0.008680718607,-0.1058581911
2026-05-19,V11 LambdaRank Top2,187014.1286,190191.7825,228.1341021,2,2022.252552,1155.401336,3851337.788,2.910383046e-11,"{""601288.SH"": 13963.4767, ""601398.SH"": 12995.5618}",0.006398265968,-0.100137234
2026-05-20,V11 LambdaRank Top2,183090.5493,186268.2032,228.1341021,2,2022.252552,1155.401336,3851337.788,0,"{""601288.SH"": 13963.4767, ""601398.SH"": 12995.5618}",-0.0209801224,-0.119016465
2026-05-21,V11 LambdaRank Top2,184048.6344,187226.2883,228.1341021,2,2022.252552,1155.401336,3851337.788,0,"{""601288.SH"": 13963.4767, ""601398.SH"": 12995.5618}",0.005232848314,-0.1144064118
2026-05-22,V11 LambdaRank Top2,183740.3274,186917.9813,228.1341021,2,2022.252552,1155.401336,3851337.788,0,"{""601288.SH"": 13963.4767, ""601398.SH"": 12995.5618}",-0.001675138661,-0.1158899039
2026-05-25,V11 LambdaRank Top2,183331.1023,186508.7562,228.1341021,2,2022.252552,1155.401336,3851337.788,2.910383046e-11,"{""601288.SH"": 13963.4767, ""601398.SH"": 12995.5618}",-0.002227192899,-0.1178589876
2026-05-26,V11 LambdaRank Top2,183181.7883,186359.4422,228.1341021,2,2022.252552,1155.401336,3851337.788,2.910383046e-11,"{""601288.SH"": 13963.4767, ""601398.SH"": 12995.5618}",-0.0008144494574,-0.1185774469
2026-05-27,V11 LambdaRank Top2,180866.0722,184043.7261,228.1341021,2,2022.252552,1155.401336,3851337.788,2.910383046e-11,"{""601288.SH"": 13963.4767, ""601398.SH"": 12995.5618}",-0.01264162867,-0.1297200635
2026-05-28,V11 LambdaRank Top2,178430.0796,181607.7335,228.1341021,2,2022.252552,1155.401336,3851337.788,2.910383046e-11,"{""601288.SH"": 13963.4767, ""601398.SH"": 12995.5618}",-0.01346848851,-0.1414414188
2026-05-29,V11 LambdaRank Top2,182305.2631,185482.917,228.1341021,2,2022.252552,1155.401336,3851337.788,0,"{""601288.SH"": 13963.4767, ""601398.SH"": 12995.5618}",0.0217182191,-0.1227950554
2026-06-01,V11 LambdaRank Top2,185718.6991,188896.353,228.1341021,2,2022.252552,1155.401336,3851337.788,0,"{""601288.SH"": 13963.4767, ""601398.SH"": 12995.5618}",0.01872373802,-0.1063704999
2026-06-02,V11 LambdaRank Top2,185611.2058,188946.8139,479.7809148,2,2123.4091,1212.199017,4040663.389,0,"{""601288.SH"": 14263.4767, ""601988.SH"": 15600.0}",-0.0005787963115,-0.1068877293
2026-06-03,V11 LambdaRank Top2,184015.4929,187351.101,479.7809148,2,2123.4091,1212.199017,4040663.389,0,"{""601288.SH"": 14263.4767, ""601988.SH"": 15600.0}",-0.008597072028,-0.1145658798
2026-06-04,V11 LambdaRank Top2,182379.6843,185715.2924,479.7809148,2,2123.4091,1212.199017,4040663.389,0,"{""601288.SH"": 14263.4767, ""601988.SH"": 15600.0}",-0.008889515648,-0.1224369603
2026-06-05,V11 LambdaRank Top2,185575.4929,188911.101,479.7809148,2,2123.4091,1212.199017,4040663.389,0,"{""601288.SH"": 14263.4767, ""601988.SH"": 15600.0}",0.01752283219,-0.1070595704
2026-06-08,V11 LambdaRank Top2,189974.823,193310.4312,479.7809148,2,2123.4091,1212.199017,4040663.389,0,"{""601288.SH"": 14263.4767, ""601988.SH"": 15600.0}",0.0237064175,-0.0858911518
2026-06-09,V11 LambdaRank Top2,190246.7273,193582.3355,479.7809148,2,2123.4091,1212.199017,4040663.389,0,"{""601288.SH"": 14263.4767, ""601988.SH"": 15600.0}",0.001431264931,-0.08458281986
2026-06-10,V11 LambdaRank Top2,193219.7098,196555.3179,479.7809148,2,2123.4091,1212.199017,4040663.389,0,"{""601288.SH"": 14263.4767, ""601988.SH"": 15600.0}",0.01562698335,-0.07027761083
2026-06-11,V11 LambdaRank Top2,192479.8055,195815.4136,479.7809148,2,2123.4091,1212.199017,4040663.389,0,"{""601288.SH"": 14263.4767, ""601988.SH"": 15600.0}",-0.003829341752,-0.07383783559
2026-06-12,V11 LambdaRank Top2,195595.4227,198931.0308,479.7809148,2,2123.4091,1212.199017,4040663.389,0,"{""601288.SH"": 14263.4767, ""601988.SH"": 15600.0}",0.01618672255,-0.0588463056
2026-06-15,V11 LambdaRank Top2,191387.8055,194723.4136,479.7809148,2,2123.4091,1212.199017,4040663.389,0,"{""601288.SH"": 14263.4767, ""601988.SH"": 15600.0}",-0.02151183882,-0.07909225218
2026-06-16,V11 LambdaRank Top2,188985.3621,192320.9702,479.7809148,2,2123.4091,1212.199017,4040663.389,-2.910383046e-11,"{""601288.SH"": 14263.4767, ""601988.SH"": 15600.0}",-0.0125527505,-0.09065217738
2026-06-17,V11 LambdaRank Top2,186284.284,189619.8921,479.7809148,2,2123.4091,1212.199017,4040663.389,0,"{""601288.SH"": 14263.4767, ""601988.SH"": 15600.0}",-0.01429252567,-0.1036490545
2026-06-18,V11 LambdaRank Top2,181506.1277,184841.7358,479.7809148,2,2123.4091,1212.199017,4040663.389,0,"{""601288.SH"": 14263.4767, ""601988.SH"": 15600.0}",-0.02564980886,-0.1266402849
2026-06-22,V11 LambdaRank Top2,184430.032,187765.6401,479.7809148,2,2123.4091,1212.199017,4040663.389,0,"{""601288.SH"": 14263.4767, ""601988.SH"": 15600.0}",0.01610912171,-0.1125712269
2026-06-23,V11 LambdaRank Top2,189974.823,193310.4312,479.7809148,2,2123.4091,1212.199017,4040663.389,0,"{""601288.SH"": 14263.4767, ""601988.SH"": 15600.0}",0.03006446935,-0.0858911518
2026-06-24,V11 LambdaRank Top2,184822.2234,188157.8315,479.7809148,2,2123.4091,1212.199017,4040663.389,0,"{""601288.SH"": 14263.4767, ""601988.SH"": 15600.0}",-0.02712253953,-0.1106841052
2026-06-25,V11 LambdaRank Top2,179950.5105,183286.1186,479.7809148,2,2123.4091,1212.199017,4040663.389,0,"{""601288.SH"": 14263.4767, ""601988.SH"": 15600.0}",-0.02635891299,-0.1341255055
2026-06-26,V11 LambdaRank Top2,178626.7019,181962.31,479.7809148,2,2123.4091,1212.199017,4040663.389,0,"{""601288.SH"": 14263.4767, ""601988.SH"": 15600.0}",-0.007356514857,-0.1404953241
2026-06-29,V11 LambdaRank Top2,179963.8757,183299.4838,479.7809148,2,2123.4091,1212.199017,4040663.389,0,"{""601288.SH"": 14263.4767, ""601988.SH"": 15600.0}",0.007485856384,-0.1340611955
2026-06-30,V11 LambdaRank Top2,176291.0847,179626.6928,479.7809148,2,2123.4091,1212.199017,4040663.389,0,"{""601288.SH"": 14263.4767, ""601988.SH"": 15600.0}",-0.02040849048,-0.1517336993
2024-01-02,equal-weight hold,100000,100000,100000,0,0,0,0,0,{},0,0
2024-01-03,equal-weight hold,101058.2073,101114,328.20727,4,25.90793005,29.8848,99616,0,"{""601288.SH"": 6800.0, ""601398.SH"": 5200.0, ""601939.SH"": 3800.0, ""601988.SH"": 6200.0}",0.0105820727,0
2024-01-04,equal-weight hold,102406.2073,102462,328.20727,4,25.90793005,29.8848,99616,0,"{""601288.SH"": 6800.0, ""601398.SH"": 5200.0, ""601939.SH"": 3800.0, ""601988.SH"": 6200.0}",0.01333884735,0
2024-01-05,equal-weight hold,101830.2073,101886,328.20727,4,25.90793005,29.8848,99616,0,"{""601288.SH"": 6800.0, ""601398.SH"": 5200.0, ""601939.SH"": 3800.0, ""601988.SH"": 6200.0}",-0.005624659045,-0.005624659045
2024-01-08,equal-weight hold,101728.2073,101784,328.20727,4,25.90793005,29.8848,99616,0,"{""601288.SH"": 6800.0, ""601398.SH"": 5200.0, ""601939.SH"": 3800.0, ""601988.SH"": 6200.0}",-0.00100166741,-0.006620692418
2024-01-09,equal-weight hold,101728.2073,101784,328.20727,4,25.90793005,29.8848,99616,0,"{""601288.SH"": 6800.0, ""601398.SH"": 5200.0, ""601939.SH"": 3800.0, ""601988.SH"": 6200.0}",0,-0.006620692418
2024-01-10,equal-weight hold,100828.2073,100884,328.20727,4,25.90793005,29.8848,99616,0,"{""601288.SH"": 6800.0, ""601398.SH"": 5200.0, ""601939.SH"": 3800.0, ""601988.SH"": 6200.0}",-0.00884710371,-0.01540922218
2024-01-11,equal-weight hold,99380.20727,99436,328.20727,4,25.90793005,29.8848,99616,0,"{""601288.SH"": 6800.0, ""601398.SH"": 5200.0, ""601939.SH"": 3800.0, ""601988.SH"": 6200.0}",-0.01436106065,-0.02954899005
2024-01-12,equal-weight hold,100376.2073,100432,328.20727,4,25.90793005,29.8848,99616,0,"{""601288.SH"": 6800.0, ""601398.SH"": 5200.0, ""601939.SH"": 3800.0, ""601988.SH"": 6200.0}",0.01002211635,-0.01982301712
2024-01-15,equal-weight hold,100942.2073,100998,328.20727,4,25.90793005,29.8848,99616,0,"{""601288.SH"": 6800.0, ""601398.SH"": 5200.0, ""601939.SH"": 3800.0, ""601988.SH"": 6200.0}",0.005638786475,-0.01429600841
2024-01-16,equal-weight hold,101540.2073,101596,328.20727,4,25.90793005,29.8848,99616,0,"{""601288.SH"": 6800.0, ""601398.SH"": 5200.0, ""601939.SH"": 3800.0, ""601988.SH"": 6200.0}",0.005924181927,-0.008456518634
2024-01-17,equal-weight hold,100532.2073,100588,328.20727,4,25.90793005,29.8848,99616,0,"{""601288.SH"": 6800.0, ""601398.SH"": 5200.0, ""601939.SH"": 3800.0, ""601988.SH"": 6200.0}",-0.009927102052,-0.01829967196
2024-01-18,equal-weight hold,100278.2073,100334,328.20727,4,25.90793005,29.8848,99616,0,"{""601288.SH"": 6800.0, ""601398.SH"": 5200.0, ""601939.SH"": 3800.0, ""601988.SH"": 6200.0}",-0.002526553499,-0.02077999036
2024-01-19,equal-weight hold,100018.2073,100074,328.20727,4,25.90793005,29.8848,99616,0,"{""601288.SH"": 6800.0, ""601398.SH"": 5200.0, ""601939.SH"": 3800.0, ""601988.SH"": 6200.0}",-0.002592786679,-0.02331889896
2024-01-22,equal-weight hold,100242.2073,100298,328.20727,4,25.90793005,29.8848,99616,0,"{""601288.SH"": 6800.0, ""601398.SH"": 5200.0, ""601939.SH"": 3800.0, ""601988.SH"": 6200.0}",0.002239592231,-0.02113153155
2024-01-23,equal-weight hold,100194.2073,100250,328.20727,4,25.90793005,29.8848,99616,0,"{""601288.SH"": 6800.0, ""601398.SH"": 5200.0, ""601939.SH"": 3800.0, ""601988.SH"": 6200.0}",-0.0004788402142,-0.02160025314
2024-01-24,equal-weight hold,102324.2073,102380,328.20727,4,25.90793005,29.8848,99616,0,"{""601288.SH"": 6800.0, ""601398.SH"": 5200.0, ""601939.SH"": 3800.0, ""601988.SH"": 6200.0}",0.02125871403,-0.0008007327113
2024-01-25,equal-weight hold,103410.2073,103466,328.20727,4,25.90793005,29.8848,99616,0,"{""601288.SH"": 6800.0, ""601398.SH"": 5200.0, ""601939.SH"": 3800.0, ""601988.SH"": 6200.0}",0.01061332434,0
2024-01-26,equal-weight hold,105572.2073,105628,328.20727,4,25.90793005,29.8848,99616,0,"{""601288.SH"": 6800.0, ""601398.SH"": 5200.0, ""601939.SH"": 3800.0, ""601988.SH"": 6200.0}",0.02090702704,0
2024-01-29,equal-weight hold,106628.2073,106684,328.20727,4,25.90793005,29.8848,99616,0,"{""601288.SH"": 6800.0, ""601398.SH"": 5200.0, ""601939.SH"": 3800.0, ""601988.SH"": 6200.0}",0.01000263258,0
2024-01-30,equal-weight hold,105740.2073,105796,328.20727,4,25.90793005,29.8848,99616,0,"{""601288.SH"": 6800.0, ""601398.SH"": 5200.0, ""601939.SH"": 3800.0, ""601988.SH"": 6200.0}",-0.008328002718,-0.008328002718
2024-01-31,equal-weight hold,106516.2073,106572,328.20727,4,25.90793005,29.8848,99616,0,"{""601288.SH"": 6800.0, ""601398.SH"": 5200.0, ""601939.SH"": 3800.0, ""601988.SH"": 6200.0}",0.007338741053,-0.001050378721
2024-02-01,equal-weight hold,105974.2073,106030,328.20727,4,25.90793005,29.8848,99616,0,"{""601288.SH"": 6800.0, ""601398.SH"": 5200.0, ""601939.SH"": 3800.0, ""601988.SH"": 6200.0}",-0.005088427516,-0.006133461462
2024-02-02,equal-weight hold,107084.2073,107140,328.20727,4,25.90793005,29.8848,99616,0,"{""601288.SH"": 6800.0, ""601398.SH"": 5200.0, ""601939.SH"": 3800.0, ""601988.SH"": 6200.0}",0.01047424679,0
2024-02-05,equal-weight hold,109414.2073,109470,328.20727,4,25.90793005,29.8848,99616,0,"{""601288.SH"": 6800.0, ""601398.SH"": 5200.0, ""601939.SH"": 3800.0, ""601988.SH"": 6200.0}",0.02175857729,0
2024-02-06,equal-weight hold,110246.2073,110302,328.20727,4,25.90793005,29.8848,99616,0,"{""601288.SH"": 6800.0, ""601398.SH"": 5200.0, ""601939.SH"": 3800.0, ""601988.SH"": 6200.0}",0.007604131317,0
2024-02-07,equal-weight hold,107974.2073,108030,328.20727,4,25.90793005,29.8848,99616,0,"{""601288.SH"": 6800.0, ""601398.SH"": 5200.0, ""601939.SH"": 3800.0, ""601988.SH"": 6200.0}",-0.0206084187,-0.0206084187
2024-02-08,equal-weight hold,106650.2073,106706,328.20727,4,25.90793005,29.8848,99616,0,"{""601288.SH"": 6800.0, ""601398.SH"": 5200.0, ""601939.SH"": 3800.0, ""601988.SH"": 6200.0}",-0.01226218773,-0.03261790214
2024-02-19,equal-weight hold,110190.2073,110246,328.20727,4,25.90793005,29.8848,99616,0,"{""601288.SH"": 6800.0, ""601398.SH"": 5200.0, ""601939.SH"": 3800.0, ""601988.SH"": 6200.0}",0.03319262185,-0.0005079539822
2024-02-20,equal-weight hold,111472.2073,111528,328.20727,4,25.90793005,29.8848,99616,0,"{""601288.SH"": 6800.0, ""601398.SH"": 5200.0, ""601939.SH"": 3800.0, ""601988.SH"": 6200.0}",0.0116344277,0
2024-02-21,equal-weight hold,112364.2073,112420,328.20727,4,25.90793005,29.8848,99616,0,"{""601288.SH"": 6800.0, ""601398.SH"": 5200.0, ""601939.SH"": 3800.0, ""601988.SH"": 6200.0}",0.008001994594,0
2024-02-22,equal-weight hold,112514.2073,112570,328.20727,4,25.90793005,29.8848,99616,0,"{""601288.SH"": 6800.0, ""601398.SH"": 5200.0, ""601939.SH"": 3800.0, ""601988.SH"": 6200.0}",0.001334944674,0
2024-02-23,equal-weight hold,113634.2073,113690,328.20727,4,25.90793005,29.8848,99616,0,"{""601288.SH"": 6800.0, ""601398.SH"": 5200.0, ""601939.SH"": 3800.0, ""601988.SH"": 6200.0}",0.009954298459,0
2024-02-26,equal-weight hold,110244.2073,110300,328.20727,4,25.90793005,29.8848,99616,0,"{""601288.SH"": 6800.0, ""601398.SH"": 5200.0, ""601939.SH"": 3800.0, ""601988.SH"": 6200.0}",-0.0298325661,-0.0298325661
2024-02-27,equal-weight hold,110390.2073,110446,328.20727,4,25.90793005,29.8848,99616,0,"{""601288.SH"": 6800.0, ""601398.SH"": 5200.0, ""601939.SH"": 3800.0, ""601988.SH"": 6200.0}",0.001324332621,-0.02854774172
2024-02-28,equal-weight hold,110394.2073,110450,328.20727,4,25.90793005,29.8848,99616,0,"{""601288.SH"": 6800.0, ""601398.SH"": 5200.0, ""601939.SH"": 3800.0, ""601988.SH"": 6200.0}",3.623509819e-05,-0.02851254105
2024-02-29,equal-weight hold,110850.2073,110906,328.20727,4,25.90793005,29.8848,99616,0,"{""601288.SH"": 6800.0, ""601398.SH"": 5200.0, ""601939.SH"": 3800.0, ""601988.SH"": 6200.0}",0.004130651519,-0.02449966491
2024-03-01,equal-weight hold,111418.2073,111474,328.20727,4,25.90793005,29.8848,99616,0,"{""601288.SH"": 6800.0, ""601398.SH"": 5200.0, ""601939.SH"": 3800.0, ""601988.SH"": 6200.0}",0.005124031916,-0.01950117005
2024-03-04,equal-weight hold,111386.2073,111442,328.20727,4,25.90793005,29.8848,99616,0,"{""601288.SH"": 6800.0, ""601398.SH"": 5200.0, ""601939.SH"": 3800.0, ""601988.SH"": 6200.0}",-0.0002872062007,-0.0197827754
2024-03-05,equal-weight hold,113884.2073,113940,328.20727,4,25.90793005,29.8848,99616,0,"{""601288.SH"": 6800.0, ""601398.SH"": 5200.0, ""601939.SH"": 3800.0, ""601988.SH"": 6200.0}",0.02242647507,0
2024-03-06,equal-weight hold,112154.2073,112210,328.20727,4,25.90793005,29.8848,99616,0,"{""601288.SH"": 6800.0, ""601398.SH"": 5200.0, ""601939.SH"": 3800.0, ""601988.SH"": 6200.0}",-0.01519086835,-0.01519086835
2024-03-07,equal-weight hold,112722.2073,112778,328.20727,4,25.90793005,29.8848,99616,0,"{""601288.SH"": 6800.0, ""601398.SH"": 5200.0, ""601939.SH"": 3800.0, ""601988.SH"": 6200.0}",0.005064455573,-0.01020334626
2024-03-08,equal-weight hold,112620.2073,112676,328.20727,4,25.90793005,29.8848,99616,0,"{""601288.SH"": 6800.0, ""601398.SH"": 5200.0, ""601939.SH"": 3800.0, ""601988.SH"": 6200.0}",-0.0009048793709,-0.01109899283
2024-03-11,equal-weight hold,111912.2073,111968,328.20727,4,25.90793005,29.8848,99616,0,"{""601288.SH"": 6800.0, ""601398.SH"": 5200.0, ""601939.SH"": 3800.0, ""601988.SH"": 6200.0}",-0.006286616027,-0.01731583375
2024-03-12,equal-weight hold,108844.2073,108900,328.20727,4,25.90793005,29.8848,99616,0,"{""601288.SH"": 6800.0, ""601398.SH"": 5200.0, ""601939.SH"": 3800.0, ""601988.SH"": 6200.0}",-0.02741434625,-0.04425547774
2024-03-13,equal-weight hold,108328.2073,108384,328.20727,4,25.90793005,29.8848,99616,0,"{""601288.SH"": 6800.0, ""601398.SH"": 5200.0, ""601939.SH"": 3800.0, ""601988.SH"": 6200.0}",-0.004740720824,-0.0487863957
2024-03-14,equal-weight hold,108766.2073,108822,328.20727,4,25.90793005,29.8848,99616,0,"{""601288.SH"": 6800.0, ""601398.SH"": 5200.0, ""601939.SH"": 3800.0, ""601988.SH"": 6200.0}",0.00404326824,-0.04494038395
2024-03-15,equal-weight hold,108632.2073,108688,328.20727,4,25.90793005,29.8848,99616,0,"{""601288.SH"": 6800.0, ""601398.SH"": 5200.0, ""601939.SH"": 3800.0, ""601988.SH"": 6200.0}",-0.0012320003,-0.04611701768
2024-03-18,equal-weight hold,108082.2073,108138,328.20727,4,25.90793005,29.8848,99616,0,"{""601288.SH"": 6800.0, ""601398.SH"": 5200.0, ""601939.SH"": 3800.0, ""601988.SH"": 6200.0}",-0.005062955212,-0.0509464845
2024-03-19,equal-weight hold,107054.2073,107110,328.20727,4,25.90793005,29.8848,99616,0,"{""601288.SH"": 6800.0, ""601398.SH"": 5200.0, ""601939.SH"": 3800.0, ""601988.SH"": 6200.0}",-0.009511278738,-0.05997319702
2024-03-20,equal-weight hold,108034.2073,108090,328.20727,4,25.90793005,29.8848,99616,0,"{""601288.SH"": 6800.0, ""601398.SH"": 5200.0, ""601939.SH"": 3800.0, ""601988.SH"": 6200.0}",0.009154240875,-0.05136796524
2024-03-21,equal-weight hold,108406.2073,108462,328.20727,4,25.90793005,29.8848,99616,0,"{""601288.SH"": 6800.0, ""601398.SH"": 5200.0, ""601939.SH"": 3800.0, ""601988.SH"": 6200.0}",0.003443353817,-0.0481014895
2024-03-22,equal-weight hold,109338.2073,109394,328.20727,4,25.90793005,29.8848,99616,0,"{""601288.SH"": 6800.0, ""601398.SH"": 5200.0, ""601939.SH"": 3800.0, ""601988.SH"": 6200.0}",0.008597293674,-0.03991773846
2024-03-25,equal-weight hold,109774.2073,109830,328.20727,4,25.90793005,29.8848,99616,0,"{""601288.SH"": 6800.0, ""601398.SH"": 5200.0, ""601939.SH"": 3800.0, ""601988.SH"": 6200.0}",0.003987627115,-0.0360892884
2024-03-26,equal-weight hold,110708.2073,110764,328.20727,4,25.90793005,29.8848,99616,0,"{""601288.SH"": 6800.0, ""601398.SH"": 5200.0, ""601939.SH"": 3800.0, ""601988.SH"": 6200.0}",0.0085083739,-0.02788797566
2024-03-27,equal-weight hold,111552.2073,111608,328.20727,4,25.90793005,29.8848,99616,0,"{""601288.SH"": 6800.0, ""601398.SH"": 5200.0, ""601939.SH"": 3800.0, ""601988.SH"": 6200.0}",0.00762364436,-0.0204769393
2024-03-28,equal-weight hold,109094.2073,109150,328.20727,4,25.90793005,29.8848,99616,0,"{""601288.SH"": 6800.0, ""601398.SH"": 5200.0, ""601939.SH"": 3800.0, ""601988.SH"": 6200.0}",-0.0220345259,-0.04206026555
2024-03-29,equal-weight hold,109934.2073,109990,328.20727,4,25.90793005,29.8848,99616,0,"{""601288.SH"": 6800.0, ""601398.SH"": 5200.0, ""601939.SH"": 3800.0, ""601988.SH"": 6200.0}",0.007699767211,-0.0346843526
2024-04-01,equal-weight hold,110510.2073,110566,328.20727,4,25.90793005,29.8848,99616,0,"{""601288.SH"": 6800.0, ""601398.SH"": 5200.0, ""601939.SH"": 3800.0, ""601988.SH"": 6200.0}",0.005239497462,-0.02962658371
2024-04-02,equal-weight hold,111480.2073,111536,328.20727,4,25.90793005,29.8848,99616,0,"{""601288.SH"": 6800.0, ""601398.SH"": 5200.0, ""601939.SH"": 3800.0, ""601988.SH"": 6200.0}",0.008777469738,-0.02110916042
2024-04-03,equal-weight hold,111402.2073,111458,328.20727,4,25.90793005,29.8848,99616,0,"{""601288.SH"": 6800.0, ""601398.SH"": 5200.0, ""601939.SH"": 3800.0, ""601988.SH"": 6200.0}",-0.0006996757712,-0.02179406662
2024-04-08,equal-weight hold,112758.2073,112814,328.20727,4,25.90793005,29.8848,99616,0,"{""601288.SH"": 6800.0, ""601398.SH"": 5200.0, ""601939.SH"": 3800.0, ""601988.SH"": 6200.0}",0.01217211071,-0.009887235702
2024-04-09,equal-weight hold,111624.2073,111680,328.20727,4,25.90793005,29.8848,99616,0,"{""601288.SH"": 6800.0, ""601398.SH"": 5200.0, ""601939.SH"": 3800.0, ""601988.SH"": 6200.0}",-0.01005691761,-0.01984471819
2024-04-10,equal-weight hold,111882.2073,111938,328.20727,4,25.90793005,29.8848,99616,0,"{""601288.SH"": 6800.0, ""601398.SH"": 5200.0, ""601939.SH"": 3800.0, ""601988.SH"": 6200.0}",0.002311326605,-0.01757925921
2024-04-11,equal-weight hold,111328.2073,111384,328.20727,4,25.90793005,29.8848,99616,0,"{""601288.SH"": 6800.0, ""601398.SH"": 5200.0, ""601939.SH"": 3800.0, ""601988.SH"": 6200.0}",-0.00495163631,-0.02244384943
2024-04-12,equal-weight hold,111648.2073,111704,328.20727,4,25.90793005,29.8848,99616,0,"{""601288.SH"": 6800.0, ""601398.SH"": 5200.0, ""601939.SH"": 3800.0, ""601988.SH"": 6200.0}",0.002874383841,-0.01963397782
2024-04-15,equal-weight hold,113818.2073,113874,328.20727,4,25.90793005,29.8848,99616,0,"{""601288.SH"": 6800.0, ""601398.SH"": 5200.0, ""601939.SH"": 3800.0, ""601988.SH"": 6200.0}",0.01943604876,-0.000579536018
2024-04-16,equal-weight hold,114910.2073,114966,328.20727,4,25.90793005,29.8848,99616,0,"{""601288.SH"": 6800.0, ""601398.SH"": 5200.0, ""601939.SH"": 3800.0, ""601988.SH"": 6200.0}",0.009594247056,0
2024-04-17,equal-weight hold,115812.2073,115868,328.20727,4,25.90793005,29.8848,99616,0,"{""601288.SH"": 6800.0, ""601398.SH"": 5200.0, ""601939.SH"": 3800.0, ""601988.SH"": 6200.0}",0.007849607284,0
2024-04-18,equal-weight hold,116382.2073,116438,328.20727,4,25.90793005,29.8848,99616,0,"{""601288.SH"": 6800.0, ""601398.SH"": 5200.0, ""601939.SH"": 3800.0, ""601988.SH"": 6200.0}",0.004921760956,0
2024-04-19,equal-weight hold,117254.2073,117310,328.20727,4,25.90793005,29.8848,99616,0,"{""601288.SH"": 6800.0, ""601398.SH"": 5200.0, ""601939.SH"": 3800.0, ""601988.SH"": 6200.0}",0.007492554235,0
2024-04-22,equal-weight hold,116056.2073,116112,328.20727,4,25.90793005,29.8848,99616,0,"{""601288.SH"": 6800.0, ""601398.SH"": 5200.0, ""601939.SH"": 3800.0, ""601988.SH"": 6200.0}",-0.01021711739,-0.01021711739
2024-04-23,equal-weight hold,116198.2073,116254,328.20727,4,25.90793005,29.8848,99616,0,"{""601288.SH"": 6800.0, ""601398.SH"": 5200.0, ""601939.SH"": 3800.0, ""601988.SH"": 6200.0}",0.001223545068,-0.009006073424
2024-04-24,equal-weight hold,115522.2073,115578,328.20727,4,25.90793005,29.8848,99616,0,"{""601288.SH"": 6800.0, ""601398.SH"": 5200.0, ""601939.SH"": 3800.0, ""601988.SH"": 6200.0}",-0.005817645692,-0.01477132497
2024-04-25,equal-weight hold,116158.2073,116214,328.20727,4,25.90793005,29.8848,99616,0,"{""601288.SH"": 6800.0, ""601398.SH"": 5200.0, ""601939.SH"": 3800.0, ""601988.SH"": 6200.0}",0.005505434972,-0.009347212569
2024-04-26,equal-weight hold,113996.2073,114052,328.20727,4,25.90793005,29.8848,99616,0,"{""601288.SH"": 6800.0, ""601398.SH"": 5200.0, ""601939.SH"": 3800.0, ""601988.SH"": 6200.0}",-0.01861254621,-0.02778578335
2024-04-29,equal-weight hold,113492.2073,113548,328.20727,4,25.90793005,29.8848,99616,0,"{""601288.SH"": 6800.0, ""601398.SH"": 5200.0, ""601939.SH"": 3800.0, ""601988.SH"": 6200.0}",-0.004421199723,-0.03208413657
2024-04-30,equal-weight hold,113998.2073,114054,328.20727,4,25.90793005,29.8848,99616,0,"{""601288.SH"": 6800.0, ""601398.SH"": 5200.0, ""601939.SH"": 3800.0, ""601988.SH"": 6200.0}",0.00445845589,-0.02776872639
2024-05-06,equal-weight hold,112474.2073,112530,328.20727,4,25.90793005,29.8848,99616,0,"{""601288.SH"": 6800.0, ""601398.SH"": 5200.0, ""601939.SH"": 3800.0, ""601988.SH"": 6200.0}",-0.01336863128,-0.04076612781
2024-05-07,equal-weight hold,113024.2073,113080,328.20727,4,25.90793005,29.8848,99616,0,"{""601288.SH"": 6800.0, ""601398.SH"": 5200.0, ""601939.SH"": 3800.0, ""601988.SH"": 6200.0}",0.004890010015,-0.03607546457
2024-05-08,equal-weight hold,113678.2073,113734,328.20727,4,25.90793005,29.8848,99616,0,"{""601288.SH"": 6800.0, ""601398.SH"": 5200.0, ""601939.SH"": 3800.0, ""601988.SH"": 6200.0}",0.005786371042,-0.03049783955
2024-05-09,equal-weight hold,112744.2073,112800,328.20727,4,25.90793005,29.8848,99616,0,"{""601288.SH"": 6800.0, ""601398.SH"": 5200.0, ""601939.SH"": 3800.0, ""601988.SH"": 6200.0}",-0.008216174608,-0.03846343858
2024-05-10,equal-weight hold,112704.2073,112760,328.20727,4,25.90793005,29.8848,99616,0,"{""601288.SH"": 6800.0, ""601398.SH"": 5200.0, ""601939.SH"": 3800.0, ""601988.SH"": 6200.0}",-0.0003547854118,-0.03880457773
2024-05-13,equal-weight hold,112838.2073,112894,328.20727,4,25.90793005,29.8848,99616,0,"{""601288.SH"": 6800.0, ""601398.SH"": 5200.0, ""601939.SH"": 3800.0, ""601988.SH"": 6200.0}",0.001188952953,-0.03766176159
2024-05-14,equal-weight hold,111920.2073,111976,328.20727,4,25.90793005,29.8848,99616,0,"{""601288.SH"": 6800.0, ""601398.SH"": 5200.0, ""601939.SH"": 3800.0, ""601988.SH"": 6200.0}",-0.008135542226,-0.04549090497
2024-05-15,equal-weight hold,112096.2073,112152,328.20727,4,25.90793005,29.8848,99616,0,"{""601288.SH"": 6800.0, ""601398.SH"": 5200.0, ""601939.SH"": 3800.0, ""601988.SH"": 6200.0}",0.00157254891,-0.04398989273
2024-05-16,equal-weight hold,113000.2073,113056,328.20727,4,25.90793005,29.8848,99616,0,"{""601288.SH"": 6800.0, ""601398.SH"": 5200.0, ""601939.SH"": 3800.0, ""601988.SH"": 6200.0}",0.008064501217,-0.03628014806
2024-05-17,equal-weight hold,113526.2073,113582,328.20727,4,25.90793005,29.8848,99616,0,"{""601288.SH"": 6800.0, ""601398.SH"": 5200.0, ""601939.SH"": 3800.0, ""601988.SH"": 6200.0}",0.004654858718,-0.0317941683
2024-05-20,equal-weight hold,113168.2073,113224,328.20727,4,25.90793005,29.8848,99616,0,"{""601288.SH"": 6800.0, ""601398.SH"": 5200.0, ""601939.SH"": 3800.0, ""601988.SH"": 6200.0}",-0.003153456885,-0.03484736365
2024-05-21,equal-weight hold,114010.2073,114066,328.20727,4,25.90793005,29.8848,99616,0,"{""601288.SH"": 6800.0, ""601398.SH"": 5200.0, ""601939.SH"": 3800.0, ""601988.SH"": 6200.0}",0.007440252173,-0.02766638465
2024-05-22,equal-weight hold,114330.2073,114386,328.20727,4,25.90793005,29.8848,99616,0,"{""601288.SH"": 6800.0, ""601398.SH"": 5200.0, ""601939.SH"": 3800.0, ""601988.SH"": 6200.0}",0.002806766233,-0.02493727149
2024-05-23,equal-weight hold,113838.2073,113894,328.20727,4,25.90793005,29.8848,99616,0,"{""601288.SH"": 6800.0, ""601398.SH"": 5200.0, ""601939.SH"": 3800.0, ""601988.SH"": 6200.0}",-0.004303324657,-0.02913328297
2024-05-24,equal-weight hold,113110.2073,113166,328.20727,4,25.90793005,29.8848,99616,0,"{""601288.SH"": 6800.0, ""601398.SH"": 5200.0, ""601939.SH"": 3800.0, ""601988.SH"": 6200.0}",-0.006395040975,-0.03534201541
2024-05-27,equal-weight hold,114064.2073,114120,328.20727,4,25.90793005,29.8848,99616,0,"{""601288.SH"": 6800.0, ""601398.SH"": 5200.0, ""601939.SH"": 3800.0, ""601988.SH"": 6200.0}",0.008434252072,-0.0272058468
2024-05-28,equal-weight hold,113998.2073,114054,328.20727,4,25.90793005,29.8848,99616,0,"{""601288.SH"": 6800.0, ""601398.SH"": 5200.0, ""601939.SH"": 3800.0, ""601988.SH"": 6200.0}",-0.0005786214763,-0.02776872639
2024-05-29,equal-weight hold,113352.2073,113408,328.20727,4,25.90793005,29.8848,99616,0,"{""601288.SH"": 6800.0, ""601398.SH"": 5200.0, ""601939.SH"": 3800.0, ""601988.SH"": 6200.0}",-0.00566675578,-0.03327812358
2024-05-30,equal-weight hold,112524.2073,112580,328.20727,4,25.90793005,29.8848,99616,0,"{""601288.SH"": 6800.0, ""601398.SH"": 5200.0, ""601939.SH"": 3800.0, ""601988.SH"": 6200.0}",-0.007304665872,-0.04033970388
2024-05-31,equal-weight hold,112696.2073,112752,328.20727,4,25.90793005,29.8848,99616,0,"{""601288.SH"": 6800.0, ""601398.SH"": 5200.0, ""601939.SH"": 3800.0, ""601988.SH"": 6200.0}",0.00152855998,-0.03887280556
2024-06-03,equal-weight hold,112960.2073,113016,328.20727,4,25.90793005,29.8848,99616,0,"{""601288.SH"": 6800.0, ""601398.SH"": 5200.0, ""601939.SH"": 3800.0, ""601988.SH"": 6200.0}",0.002342581054,-0.0366212872
2024-06-04,equal-weight hold,113116.2073,113172,328.20727,4,25.90793005,29.8848,99616,0,"{""601288.SH"": 6800.0, ""601398.SH"": 5200.0, ""601939.SH"": 3800.0, ""601988.SH"": 6200.0}",0.001381017296,-0.03529084454
2024-06-05,equal-weight hold,113368.2073,113424,328.20727,4,25.90793005,29.8848,99616,0,"{""601288.SH"": 6800.0, ""601398.SH"": 5200.0, ""601939.SH"": 3800.0, ""601988.SH"": 6200.0}",0.002227797467,-0.03314166792
2024-06-06,equal-weight hold,113376.2073,113432,328.20727,4,25.90793005,29.8848,99616,0,"{""601288.SH"": 6800.0, ""601398.SH"": 5200.0, ""601939.SH"": 3800.0, ""601988.SH"": 6200.0}",7.056652118e-05,-0.03307344009
2024-06-07,equal-weight hold,115032.7223,115088.515,328.20727,4,25.90793005,29.8848,99616,0,"{""601288.SH"": 7172.4214, ""601398.SH"": 5200.0, ""601939.SH"": 3800.0, ""601988.SH"": 6200.0}",0.01461078182,-0.0189458871
2024-06-11,equal-weight hold,113233.2044,113288.9971,328.20727,4,25.90793005,29.8848,99616,-1.455191523e-11,"{""601288.SH"": 7172.4214, ""601398.SH"": 5200.0, ""601939.SH"": 3800.0, ""601988.SH"": 6200.0}",-0.0156435307,-0.03429303723
2024-06-12,equal-weight hold,112719.4802,112775.2729,328.20727,4,25.90793005,29.8848,99616,0,"{""601288.SH"": 7172.4214, ""601398.SH"": 5200.0, ""601939.SH"": 3800.0, ""601988.SH"": 6200.0}",-0.004536868991,-0.03867432321
2024-06-13,equal-weight hold,113591.8254,113647.6182,328.20727,4,25.90793005,29.8848,99616,0,"{""601288.SH"": 7172.4214, ""601398.SH"": 5200.0, ""601939.SH"": 3800.0, ""601988.SH"": 6200.0}",0.007739081841,-0.03123454512
2024-06-14,equal-weight hold,114280.9981,114336.7908,328.20727,4,25.90793005,29.8848,99616,-1.455191523e-11,"{""601288.SH"": 7172.4214, ""601398.SH"": 5200.0, ""601939.SH"": 3800.0, ""601988.SH"": 6200.0}",0.006067097156,-0.02535695098
2024-06-17,equal-weight hold,112805.2044,112860.9971,328.20727,4,25.90793005,29.8848,99616,-1.455191523e-11,"{""601288.SH"": 7172.4214, ""601398.SH"": 5200.0, ""601939.SH"": 3800.0, ""601988.SH"": 6200.0}",-0.01291372787,-0.03794322608
2024-06-18,equal-weight hold,113156.9286,113212.7213,328.20727,4,25.90793005,29.8848,99616,0,"{""601288.SH"": 7172.4214, ""601398.SH"": 5200.0, ""601939.SH"": 3800.0, ""601988.SH"": 6200.0}",0.003117978604,-0.03494355365
2024-06-19,equal-weight hold,114293.8254,114349.6182,328.20727,4,25.90793005,29.8848,99616,0,"{""601288.SH"": 7172.4214, ""601398.SH"": 5200.0, ""601939.SH"": 3800.0, ""601988.SH"": 6200.0}",0.01004708124,-0.02524755313
2024-06-20,equal-weight hold,114755.2739,114811.0666,328.20727,4,25.90793005,29.8848,99616,0,"{""601288.SH"": 7172.4214, ""601398.SH"": 5200.0, ""601939.SH"": 3800.0, ""601988.SH"": 6200.0}",0.004037387195,-0.02131210008
2024-06-21,equal-weight hold,114182.6528,114238.4455,328.20727,4,25.90793005,29.8848,99616,-1.455191523e-11,"{""601288.SH"": 7172.4214, ""601398.SH"": 5200.0, ""601939.SH"": 3800.0, ""601988.SH"": 6200.0}",-0.004989932481,-0.02619568662
2024-06-24,equal-weight hold,115162.9981,115218.7908,328.20727,4,25.90793005,29.8848,99616,-1.455191523e-11,"{""601288.SH"": 7172.4214, ""601398.SH"": 5200.0, ""601939.SH"": 3800.0, ""601988.SH"": 6200.0}",0.008585763757,-0.01783483284
2024-06-25,equal-weight hold,115692.645,115748.4378,328.20727,4,25.90793005,29.8848,99616,0,"{""601288.SH"": 7173.4398, ""601398.SH"": 5200.2326, ""601939.SH"": 3799.6561, ""601988.SH"": 6199.7313}",0.004599107117,-0.01331775003
2024-06-26,equal-weight hold,116294.5298,116350.3225,328.20727,4,25.90793005,29.8848,99616,0,"{""601288.SH"": 7173.4398, ""601398.SH"": 5200.0, ""601939.SH"": 3800.0, ""601988.SH"": 6200.0}",0.005202445999,-0.008184588904
2024-06-27,equal-weight hold,117659.4674,117715.2601,328.20727,4,25.90793005,29.8848,99616,0,"{""601288.SH"": 7173.4398, ""601398.SH"": 5200.0, ""601939.SH"": 3800.0, ""601988.SH"": 6200.0}",0.01173690281,0
2024-06-28,equal-weight hold,118008.405,118064.1977,328.20727,4,25.90793005,29.8848,99616,0,"{""601288.SH"": 7173.4398, ""601398.SH"": 5200.0, ""601939.SH"": 3800.0, ""601988.SH"": 6200.0}",0.00296565675,0
2024-07-01,equal-weight hold,120162.2802,120218.0729,328.20727,4,25.90793005,29.8848,99616,-1.455191523e-11,"{""601288.SH"": 7173.4398, ""601398.SH"": 5200.0, ""601939.SH"": 3800.0, ""601988.SH"": 6200.0}",0.0182518795,0
2024-07-02,equal-weight hold,122568.1553,122623.9481,328.20727,4,25.90793005,29.8848,99616,0,"{""601288.SH"": 7173.4398, ""601398.SH"": 5200.0, ""601939.SH"": 3800.0, ""601988.SH"": 6200.0}",0.02002188361,0
2024-07-03,equal-weight hold,121284.9522,121340.7449,328.20727,4,25.90793005,29.8848,99616,-1.455191523e-11,"{""601288.SH"": 7173.4398, ""601398.SH"": 5200.0, ""601939.SH"": 3800.0, ""601988.SH"": 6200.0}",-0.01046930332,-0.01046930332
2024-07-04,equal-weight hold,122425.8897,122481.6825,328.20727,4,25.90793005,29.8848,99616,-1.455191523e-11,"{""601288.SH"": 7173.4398, ""601398.SH"": 5200.0, ""601939.SH"": 3800.0, ""601988.SH"": 6200.0}",0.009407082852,-0.001160706068
2024-07-05,equal-weight hold,120071.749,120127.5417,328.20727,4,25.90793005,29.8848,99616,0,"{""601288.SH"": 7173.4398, ""601398.SH"": 5200.0, ""601939.SH"": 3800.0, ""601988.SH"": 6200.0}",-0.01922910909,-0.02036749581
2024-07-08,equal-weight hold,121422.6866,121478.4793,328.20727,4,25.90793005,29.8848,99616,0,"{""601288.SH"": 7173.4398, ""601398.SH"": 5200.0, ""601939.SH"": 3800.0, ""601988.SH"": 6200.0}",0.01125108617,-0.009345566094
2024-07-09,equal-weight hold,122245.8897,122301.6825,328.20727,4,25.90793005,29.8848,99616,-1.455191523e-11,"{""601288.SH"": 7173.4398, ""601398.SH"": 5200.0, ""601939.SH"": 3800.0, ""601988.SH"": 6200.0}",0.006779648998,-0.002629276754
2024-07-10,equal-weight hold,123029.3585,123085.1513,328.20727,4,25.90793005,29.8848,99616,0,"{""601288.SH"": 7173.4398, ""601398.SH"": 5200.0, ""601939.SH"": 3800.0, ""601988.SH"": 6200.0}",0.006408958194,0
2024-07-11,equal-weight hold,121878.4209,121934.2137,328.20727,4,25.90793005,29.8848,99616,0,"{""601288.SH"": 7173.4398, ""601398.SH"": 5200.0, ""601939.SH"": 3800.0, ""601988.SH"": 6200.0}",-0.009354983292,-0.009354983292
2024-07-12,equal-weight hold,124059.1924,124114.9852,328.20727,4,25.90793005,29.8848,99616,0,"{""601288.SH"": 7173.4398, ""601398.SH"": 5200.0, ""601939.SH"": 4008.5701, ""601988.SH"": 6200.0}",0.01789300738,0
2024-07-15,equal-weight hold,126921.8906,126977.6834,328.20727,4,25.90793005,29.8848,99616,0,"{""601288.SH"": 7173.4398, ""601398.SH"": 5200.0, ""601939.SH"": 4008.5701, ""601988.SH"": 6200.0}",0.02307526072,0
2024-07-16,equal-weight hold,126916.1154,126971.9082,328.20727,4,25.90793005,29.8848,99616,0,"{""601288.SH"": 7173.4398, ""601398.SH"": 5473.7209, ""601939.SH"": 4008.5701, ""601988.SH"": 6200.0}",-4.550218544e-05,-4.550218544e-05
2024-07-17,equal-weight hold,127267.4783,127323.271,328.20727,4,25.90793005,29.8848,99616,0,"{""601288.SH"": 7173.4398, ""601398.SH"": 5473.7209, ""601939.SH"": 4008.5701, ""601988.SH"": 6520.6155}",0.002768465069,0
2024-07-18,equal-weight hold,127427.8211,127483.6138,328.20727,4,25.90793005,29.8848,99616,0,"{""601288.SH"": 7173.4398, ""601398.SH"": 5473.7209, ""601939.SH"": 4008.5701, ""601988.SH"": 6520.6155}",0.001259888289,0
2024-07-19,equal-weight hold,127180.7786,127236.5713,328.20727,4,25.90793005,29.8848,99616,-1.455191523e-11,"{""601288.SH"": 7173.4398, ""601398.SH"": 5473.7209, ""601939.SH"": 4008.5701, ""601988.SH"": 6520.6155}",-0.001938685362,-0.001938685362
2024-07-22,equal-weight hold,125684.0366,125739.8294,328.20727,4,25.90793005,29.8848,99616,-1.455191523e-11,"{""601288.SH"": 7173.4398, ""601398.SH"": 5473.7209, ""601939.SH"": 4008.5701, ""601988.SH"": 6520.6155}",-0.01176861784,-0.01368448756
2024-07-23,equal-weight hold,128650.4664,128706.2591,328.20727,4,25.90793005,29.8848,99616,-1.455191523e-11,"{""601288.SH"": 7173.4398, ""601398.SH"": 5473.7209, ""601939.SH"": 4008.5701, ""601988.SH"": 6520.6155}",0.02360227957,0
2024-07-24,equal-weight hold,129179.4413,129235.2341,328.20727,4,25.90793005,29.8848,99616,-1.455191523e-11,"{""601288.SH"": 7173.4398, ""601398.SH"": 5473.7209, ""601939.SH"": 4008.5701, ""601988.SH"": 6520.6155}",0.004111721923,0
2024-07-25,equal-weight hold,128665.2366,128721.0293,328.20727,4,25.90793005,29.8848,99616,0,"{""601288.SH"": 7173.4398, ""601398.SH"": 5473.7209, ""601939.SH"": 4008.5701, ""601988.SH"": 6520.6155}",-0.003980546369,-0.003980546369
2024-07-26,equal-weight hold,125862.7047,125918.4974,328.20727,4,25.90793005,29.8848,99616,0,"{""601288.SH"": 7173.4398, ""601398.SH"": 5473.7209, ""601939.SH"": 4008.5701, ""601988.SH"": 6520.6155}",-0.02178157796,-0.02567542175
2024-07-29,equal-weight hold,127988.7335,128044.5262,328.20727,4,25.90793005,29.8848,99616,-1.455191523e-11,"{""601288.SH"": 7173.4398, ""601398.SH"": 5473.7209, ""601939.SH"": 4008.5701, ""601988.SH"": 6520.6155}",0.01689165003,-0.009217471955
2024-07-30,equal-weight hold,128279.1748,128334.9676,328.20727,4,25.90793005,29.8848,99616,0,"{""601288.SH"": 7173.4398, ""601398.SH"": 5473.7209, ""601939.SH"": 4008.5701, ""601988.SH"": 6520.6155}",0.002269272993,-0.006969115922
2024-07-31,equal-weight hold,125485.3937,125541.1864,328.20727,4,25.90793005,29.8848,99616,0,"{""601288.SH"": 7173.4398, ""601398.SH"": 5473.7209, ""601939.SH"": 4008.5701, ""601988.SH"": 6520.6155}",-0.02177891416,-0.0285962503
2024-08-01,equal-weight hold,126292.5042,126348.2969,328.20727,4,25.90793005,29.8848,99616,0,"{""601288.SH"": 7173.4398, ""601398.SH"": 5473.7209, ""601939.SH"": 4008.5701, ""601988.SH"": 6520.6155}",0.006431907879,-0.02234827087
2024-08-02,equal-weight hold,126581.3505,126637.1433,328.20727,4,25.90793005,29.8848,99616,0,"{""601288.SH"": 7173.4398, ""601398.SH"": 5473.7209, ""601939.SH"": 4008.5701, ""601988.SH"": 6520.6155}",0.00228712192,-0.02011226217
2024-08-05,equal-weight hold,126267.6975,126323.4902,328.20727,4,25.90793005,29.8848,99616,0,"{""601288.SH"": 7173.4398, ""601398.SH"": 5473.7209, ""601939.SH"": 4008.5701, ""601988.SH"": 6520.6155}",-0.002477877409,-0.02254030386
2024-08-06,equal-weight hold,124702.1224,124757.9151,328.20727,4,25.90793005,29.8848,99616,0,"{""601288.SH"": 7173.4398, ""601398.SH"": 5473.7209, ""601939.SH"": 4008.5701, ""601988.SH"": 6520.6155}",-0.01239885679,-0.03465968666
2024-08-07,equal-weight hold,124853.5913,124909.384,328.20727,4,25.90793005,29.8848,99616,-1.455191523e-11,"{""601288.SH"": 7173.4398, ""601398.SH"": 5473.7209, ""601939.SH"": 4008.5701, ""601988.SH"": 6520.6155}",0.001214645574,-0.03348714032
2024-08-08,equal-weight hold,125270.7461,125326.5388,328.20727,4,25.90793005,29.8848,99616,0,"{""601288.SH"": 7173.4398, ""601398.SH"": 5473.7209, ""601939.SH"": 4008.5701, ""601988.SH"": 6520.6155}",0.003341152137,-0.03025787381
2024-08-09,equal-weight hold,126137.0901,126192.8828,328.20727,4,25.90793005,29.8848,99616,0,"{""601288.SH"": 7173.4398, ""601398.SH"": 5473.7209, ""601939.SH"": 4008.5701, ""601988.SH"": 6520.6155}",0.006915772679,-0.02355135771
2024-08-12,equal-weight hold,127251.7578,127307.5506,328.20727,4,25.90793005,29.8848,99616,0,"{""601288.SH"": 7173.4398, ""601398.SH"": 5473.7209, ""601939.SH"": 4008.5701, ""601988.SH"": 6520.6155}",0.008836954585,-0.0149225254
2024-08-13,equal-weight hold,127951.3027,128007.0954,328.20727,4,25.90793005,29.8848,99616,0,"{""601288.SH"": 7173.4398, ""601398.SH"": 5473.7209, ""601939.SH"": 4008.5701, ""601988.SH"": 6520.6155}",0.005497329442,-0.009507229998
2024-08-14,equal-weight hold,128111.018,128166.8107,328.20727,4,25.90793005,29.8848,99616,0,"{""601288.SH"": 7173.4398, ""601398.SH"": 5473.7209, ""601939.SH"": 4008.5701, ""601988.SH"": 6520.6155}",0.001248250881,-0.008270846525
2024-08-15,equal-weight hold,128894.9168,128950.7095,328.20727,4,25.90793005,29.8848,99616,-1.455191523e-11,"{""601288.SH"": 7173.4398, ""601398.SH"": 5473.7209, ""601939.SH"": 4008.5701, ""601988.SH"": 6520.6155}",0.006118902277,-0.00220255275
2024-08-16,equal-weight hold,131034.1207,131089.9135,328.20727,4,25.90793005,29.8848,99616,-1.455191523e-11,"{""601288.SH"": 7173.4398, ""601398.SH"": 5473.7209, ""601939.SH"": 4008.5701, ""601988.SH"": 6520.6155}",0.01659649564,0
2024-08-19,equal-weight hold,134076.9763,134132.769,328.20727,4,25.90793005,29.8848,99616,0,"{""601288.SH"": 7173.4398, ""601398.SH"": 5473.7209, ""601939.SH"": 4008.5701, ""601988.SH"": 6520.6155}",0.02322185636,0
2024-08-20,equal-weight hold,135730.9647,135786.7574,328.20727,4,25.90793005,29.8848,99616,0,"{""601288.SH"": 7173.4398, ""601398.SH"": 5473.7209, ""601939.SH"": 4008.5701, ""601988.SH"": 6520.6155}",0.01233611088,0
2024-08-21,equal-weight hold,134533.8518,134589.6445,328.20727,4,25.90793005,29.8848,99616,0,"{""601288.SH"": 7173.4398, ""601398.SH"": 5473.7209, ""601939.SH"": 4008.5701, ""601988.SH"": 6520.6155}",-0.008819748264,-0.008819748264
2024-08-22,equal-weight hold,136701.0524,136756.8452,328.20727,4,25.90793005,29.8848,99616,0,"{""601288.SH"": 7173.4398, ""601398.SH"": 5473.7209, ""601939.SH"": 4008.5701, ""601988.SH"": 6520.6155}",0.01610896183,0
2024-08-23,equal-weight hold,137137.1132,137192.906,328.20727,4,25.90793005,29.8848,99616,0,"{""601288.SH"": 7173.4398, ""601398.SH"": 5473.7209, ""601939.SH"": 4008.5701, ""601988.SH"": 6520.6155}",0.003189886147,0
2024-08-26,equal-weight hold,136972.9016,137028.6943,328.20727,4,25.90793005,29.8848,99616,0,"{""601288.SH"": 7173.4398, ""601398.SH"": 5473.7209, ""601939.SH"": 4008.5701, ""601988.SH"": 6520.6155}",-0.001197426605,-0.001197426605
2024-08-27,equal-weight hold,139018.5639,139074.3566,328.20727,4,25.90793005,29.8848,99616,0,"{""601288.SH"": 7173.4398, ""601398.SH"": 5473.7209, ""601939.SH"": 4008.5701, ""601988.SH"": 6520.6155}",0.01493479566,0
2024-08-28,equal-weight hold,137785.7897,137841.5824,328.20727,4,25.90793005,29.8848,99616,0,"{""601288.SH"": 7173.4398, ""601398.SH"": 5473.7209, ""601939.SH"": 4008.5701, ""601988.SH"": 6520.6155}",-0.008867694973,-0.008867694973
2024-08-29,equal-weight hold,131885.6651,131941.4578,328.20727,4,25.90793005,29.8848,99616,0,"{""601288.SH"": 7173.4398, ""601398.SH"": 5473.7209, ""601939.SH"": 4008.5701, ""601988.SH"": 6520.6155}",-0.04282099507,-0.05130896652
2024-08-30,equal-weight hold,126903.288,126959.0807,328.20727,4,25.90793005,29.8848,99616,-1.455191523e-11,"{""601288.SH"": 7173.4398, ""601398.SH"": 5473.7209, ""601939.SH"": 4008.5701, ""601988.SH"": 6520.6155}",-0.03777800342,-0.08714861963
2024-09-02,equal-weight hold,128420.6631,128476.4558,328.20727,4,25.90793005,29.8848,99616,0,"{""601288.SH"": 7173.4398, ""601398.SH"": 5473.7209, ""601939.SH"": 4008.5701, ""601988.SH"": 6520.6155}",0.01195694107,-0.07623370947
2024-09-03,equal-weight hold,124374.7136,124430.5063,328.20727,4,25.90793005,29.8848,99616,-1.455191523e-11,"{""601288.SH"": 7173.4398, ""601398.SH"": 5473.7209, ""601939.SH"": 4008.5701, ""601988.SH"": 6520.6155}",-0.03150544025,-0.1053373731
2024-09-04,equal-weight hold,124177.3814,124233.1741,328.20727,4,25.90793005,29.8848,99616,0,"{""601288.SH"": 7173.4398, ""601398.SH"": 5473.7209, ""601939.SH"": 4008.5701, ""601988.SH"": 6520.6155}",-0.001586593933,-0.1067568394
2024-09-05,equal-weight hold,122999.5395,123055.3322,328.20727,4,25.90793005,29.8848,99616,0,"{""601288.SH"": 7173.4398, ""601398.SH"": 5473.7209, ""601939.SH"": 4008.5701, ""601988.SH"": 6520.6155}",-0.009485156934,-0.115229391
2024-09-06,equal-weight hold,123111.0458,123166.8385,328.20727,4,25.90793005,29.8848,99616,0,"{""601288.SH"": 7173.4398, ""601398.SH"": 5473.7209, ""601939.SH"": 4008.5701, ""601988.SH"": 6520.6155}",0.0009065591681,-0.1144272941
2024-09-09,equal-weight hold,122517.2298,122573.0225,328.20727,4,25.90793005,29.8848,99616,-1.455191523e-11,"{""601288.SH"": 7173.4398, ""601398.SH"": 5473.7209, ""601939.SH"": 4008.5701, ""601988.SH"": 6520.6155}",-0.004823418195,-0.1186987816
2024-09-10,equal-weight hold,124923.5447,124979.3374,328.20727,4,25.90793005,29.8848,99616,-1.455191523e-11,"{""601288.SH"": 7173.4398, ""601398.SH"": 5473.7209, ""601939.SH"": 4008.5701, ""601988.SH"": 6520.6155}",0.01964062471,-0.1013894751
2024-09-11,equal-weight hold,121377.6321,121433.4249,328.20727,4,25.90793005,29.8848,99616,0,"{""601288.SH"": 7173.4398, ""601398.SH"": 5473.7209, ""601939.SH"": 4008.5701, ""601988.SH"": 6520.6155}",-0.02838466175,-0.1268962309
2024-09-12,equal-weight hold,121400.8438,121456.6365,328.20727,4,25.90793005,29.8848,99616,0,"{""601288.SH"": 7173.4398, ""601398.SH"": 5473.7209, ""601939.SH"": 4008.5701, ""601988.SH"": 6520.6155}",0.0001912353399,-0.1267292626
2024-09-13,equal-weight hold,121017.607,121073.3997,328.20727,4,25.90793005,29.8848,99616,-1.455191523e-11,"{""601288.SH"": 7173.4398, ""601398.SH"": 5473.7209, ""601939.SH"": 4008.5701, ""601988.SH"": 6520.6155}",-0.003156788987,-0.1294859941
2024-09-18,equal-weight hold,123002.2457,123058.0384,328.20727,4,25.90793005,29.8848,99616,-1.455191523e-11,"{""601288.SH"": 7173.4398, ""601398.SH"": 5473.7209, ""601939.SH"": 4008.5701, ""601988.SH"": 6520.6155}",0.01639958641,-0.1152099244
2024-09-19,equal-weight hold,122376.7809,122432.5736,328.20727,4,25.90793005,29.8848,99616,-1.455191523e-11,"{""601288.SH"": 7173.4398, ""601398.SH"": 5473.7209, ""601939.SH"": 4008.5701, ""601988.SH"": 6520.6155}",-0.005084986473,-0.11970907
2024-09-20,equal-weight hold,123169.2399,123225.0326,328.20727,4,25.90793005,29.8848,99616,-1.455191523e-11,"{""601288.SH"": 7173.4398, ""601398.SH"": 5473.7209, ""601939.SH"": 4008.5701, ""601988.SH"": 6520.6155}",0.006475566513,-0.1140086875
2024-09-23,equal-weight hold,124783.7746,124839.5674,328.20727,4,25.90793005,29.8848,99616,0,"{""601288.SH"": 7173.4398, ""601398.SH"": 5473.7209, ""601939.SH"": 4008.5701, ""601988.SH"": 6520.6155}",0.01310826247,-0.1023948808
2024-09-24,equal-weight hold,130339.8788,130395.6715,328.20727,4,25.90793005,29.8848,99616,-1.455191523e-11,"{""601288.SH"": 7173.4398, ""601398.SH"": 5473.7209, ""601939.SH"": 4008.5701, ""601988.SH"": 6520.6155}",0.04452585405,-0.06242824629
2024-09-25,equal-weight hold,131086.2794,131142.0721,328.20727,4,25.90793005,29.8848,99616,-1.455191523e-11,"{""601288.SH"": 7173.4398, ""601398.SH"": 5473.7209, ""601939.SH"": 4008.5701, ""601988.SH"": 6520.6155}",0.00572657153,-0.05705917458
2024-09-26,equal-weight hold,133789.4876,133845.2803,328.20727,4,25.90793005,29.8848,99616,0,"{""601288.SH"": 7173.4398, ""601398.SH"": 5473.7209, ""601939.SH"": 4008.5701, ""601988.SH"": 6520.6155}",0.02062159503,-0.03761423074
2024-09-27,equal-weight hold,129361.3964,129417.1892,328.20727,4,25.90793005,29.8848,99616,0,"{""601288.SH"": 7173.4398, ""601398.SH"": 5473.7209, ""601939.SH"": 4008.5701, ""601988.SH"": 6520.6155}",-0.03309745206,-0.0694667476
2024-09-30,equal-weight hold,132979.3526,133035.1453,328.20727,4,25.90793005,29.8848,99616,0,"{""601288.SH"": 7173.4398, ""601398.SH"": 5473.7209, ""601939.SH"": 4008.5701, ""601988.SH"": 6520.6155}",0.02796781959,-0.04344176147
2024-10-08,equal-weight hold,132489.0589,132544.8516,328.20727,4,25.90793005,29.8848,99616,0,"{""601288.SH"": 7173.4398, ""601398.SH"": 5473.7209, ""601939.SH"": 4008.5701, ""601988.SH"": 6520.6155}",-0.003686991209,-0.04696858329
2024-10-09,equal-weight hold,129680.7962,129736.589,328.20727,4,25.90793005,29.8848,99616,0,"{""601288.SH"": 7173.4398, ""601398.SH"": 5473.7209, ""601939.SH"": 4008.5701, ""601988.SH"": 6520.6155}",-0.02119618547,-0.06716921396
2024-10-10,equal-weight hold,134362.1194,134417.9121,328.20727,4,25.90793005,29.8848,99616,0,"{""601288.SH"": 7173.4398, ""601398.SH"": 5473.7209, ""601939.SH"": 4008.5701, ""601988.SH"": 6520.6155}",0.03609881543,-0.03349512758
2024-10-11,equal-weight hold,134739.5741,134795.3669,328.20727,4,25.90793005,29.8848,99616,0,"{""601288.SH"": 7173.4398, ""601398.SH"": 5473.7209, ""601939.SH"": 4008.5701, ""601988.SH"": 6520.6155}",0.00280923495,-0.03077998831
2024-10-14,equal-weight hold,139614.8225,139670.6152,328.20727,4,25.90793005,29.8848,99616,0,"{""601288.SH"": 7173.4398, ""601398.SH"": 5473.7209, ""601939.SH"": 4008.5701, ""601988.SH"": 6520.6155}",0.03618275032,0
2024-10-15,equal-weight hold,135570.9607,135626.7535,328.20727,4,25.90793005,29.8848,99616,0,"{""601288.SH"": 7173.4398, ""601398.SH"": 5473.7209, ""601939.SH"": 4008.5701, ""601988.SH"": 6520.6155}",-0.0289644159,-0.0289644159
2024-10-16,equal-weight hold,137918.5259,137974.3186,328.20727,4,25.90793005,29.8848,99616,0,"{""601288.SH"": 7173.4398, ""601398.SH"": 5473.7209, ""601939.SH"": 4008.5701, ""601988.SH"": 6520.6155}",0.01731613559,-0.01214983206
2024-10-17,equal-weight hold,136601.7114,136657.5041,328.20727,4,25.90793005,29.8848,99616,0,"{""601288.SH"": 7173.4398, ""601398.SH"": 5473.7209, ""601939.SH"": 4008.5701, ""601988.SH"": 6520.6155}",-0.009547770593,-0.02158159885
2024-10-18,equal-weight hold,136742.7114,136798.5041,328.20727,4,25.90793005,29.8848,99616,0,"{""601288.SH"": 7173.4398, ""601398.SH"": 5473.7209, ""601939.SH"": 4008.5701, ""601988.SH"": 6520.6155}",0.001032197428,-0.02057167789
2024-10-21,equal-weight hold,133712.6704,133768.4632,328.20727,4,25.90793005,29.8848,99616,0,"{""601288.SH"": 7173.4398, ""601398.SH"": 5473.7209, ""601939.SH"": 4008.5701, ""601988.SH"": 6520.6155}",-0.02215870135,-0.04227453758
2024-10-22,equal-weight hold,133641.373,133697.1657,328.20727,4,25.90793005,29.8848,99616,0,"{""601288.SH"": 7173.4398, ""601398.SH"": 5473.7209, ""601939.SH"": 4008.5701, ""601988.SH"": 6520.6155}",-0.0005332140784,-0.04278521028
2024-10-23,equal-weight hold,133700.0509,133755.8436,328.20727,4,25.90793005,29.8848,99616,0,"{""601288.SH"": 7173.4398, ""601398.SH"": 5473.7209, ""601939.SH"": 4008.5701, ""601988.SH"": 6520.6155}",0.0004390699576,-0.04236492602
2024-10-24,equal-weight hold,133967.9593,134023.7521,328.20727,4,25.90793005,29.8848,99616,0,"{""601288.SH"": 7173.4398, ""601398.SH"": 5473.7209, ""601939.SH"": 4008.5701, ""601988.SH"": 6520.6155}",0.002003802251,-0.0404460147
2024-10-25,equal-weight hold,132929.0854,132984.8781,328.20727,4,25.90793005,29.8848,99616,0,"{""601288.SH"": 7173.4398, ""601398.SH"": 5473.7209, ""601939.SH"": 4008.5701, ""601988.SH"": 6520.6155}",-0.00775464493,-0.04788701515
2024-10-28,equal-weight hold,131628.5175,131684.3102,328.20727,4,25.90793005,29.8848,99616,0,"{""601288.SH"": 7173.4398, ""601398.SH"": 5473.7209, ""601939.SH"": 4008.5701, ""601988.SH"": 6520.6155}",-0.009783922851,-0.05720241514
2024-10-29,equal-weight hold,131919.3958,131975.1885,328.20727,4,25.90793005,29.8848,99616,0,"{""601288.SH"": 7173.4398, ""601398.SH"": 5473.7209, ""601939.SH"": 4008.5701, ""601988.SH"": 6520.6155}",0.002209842531,-0.05511898094
2024-10-30,equal-weight hold,130254.6201,130310.4129,328.20727,4,25.90793005,29.8848,99616,-1.455191523e-11,"{""601288.SH"": 7173.4398, ""601398.SH"": 5473.7209, ""601939.SH"": 4008.5701, ""601988.SH"": 6520.6155}",-0.01261964264,-0.06704304174
2024-10-31,equal-weight hold,130537.1801,130592.9728,328.20727,4,25.90793005,29.8848,99616,-1.455191523e-11,"{""601288.SH"": 7173.4398, ""601398.SH"": 5473.7209, ""601939.SH"": 4008.5701, ""601988.SH"": 6520.6155}",0.002169289432,-0.06501918807
2024-11-01,equal-weight hold,132410.3124,132466.1052,328.20727,4,25.90793005,29.8848,99616,0,"{""601288.SH"": 7173.4398, ""601398.SH"": 5473.7209, ""601939.SH"": 4008.5701, ""601988.SH"": 6520.6155}",0.01434941632,-0.05160275914
2024-11-04,equal-weight hold,132446.2156,132502.0083,328.20727,4,25.90793005,29.8848,99616,0,"{""601288.SH"": 7173.4398, ""601398.SH"": 5473.7209, ""601939.SH"": 4008.5701, ""601988.SH"": 6520.6155}",0.0002711506274,-0.05134560064
2024-11-05,equal-weight hold,132949.8282,133005.6209,328.20727,4,25.90793005,29.8848,99616,0,"{""601288.SH"": 7173.4398, ""601398.SH"": 5473.7209, ""601939.SH"": 4008.5701, ""601988.SH"": 6520.6155}",0.003802393504,-0.04773844331
2024-11-06,equal-weight hold,131834.8467,131890.6395,328.20727,4,25.90793005,29.8848,99616,0,"{""601288.SH"": 7173.4398, ""601398.SH"": 5473.7209, ""601939.SH"": 4008.5701, ""601988.SH"": 6520.6155}",-0.008386483016,-0.05572456868
2024-11-07,equal-weight hold,132894.7773,132950.57,328.20727,4,25.90793005,29.8848,99616,0,"{""601288.SH"": 7173.4398, ""601398.SH"": 5473.7209, ""601939.SH"": 4008.5701, ""601988.SH"": 6520.6155}",0.008039835852,-0.04813274922
2024-11-08,equal-weight hold,131676.9683,131732.761,328.20727,4,25.90793005,29.8848,99616,0,"{""601288.SH"": 7173.4398, ""601398.SH"": 5473.7209, ""601939.SH"": 4008.5701, ""601988.SH"": 6520.6155}",-0.009163708294,-0.05685538304
2024-11-11,equal-weight hold,130064.7793,130120.572,328.20727,4,25.90793005,29.8848,99616,0,"{""601288.SH"": 7173.4398, ""601398.SH"": 5473.7209, ""601939.SH"": 4008.5701, ""601988.SH"": 6520.6155}",-0.01224351581,-0.06840278907
2024-11-12,equal-weight hold,129228.052,129283.8447,328.20727,4,25.90793005,29.8848,99616,-1.455191523e-11,"{""601288.SH"": 7173.4398, ""601398.SH"": 5473.7209, ""601939.SH"": 4008.5701, ""601988.SH"": 6520.6155}",-0.006433157791,-0.07439590092
2024-11-13,equal-weight hold,129794.5251,129850.3178,328.20727,4,25.90793005,29.8848,99616,0,"{""601288.SH"": 7173.4398, ""601398.SH"": 5473.7209, ""601939.SH"": 4008.5701, ""601988.SH"": 6520.6155}",0.004383514996,-0.07033850148
2024-11-14,equal-weight hold,130504.7807,130560.5735,328.20727,4,25.90793005,29.8848,99616,-1.455191523e-11,"{""601288.SH"": 7173.4398, ""601398.SH"": 5473.7209, ""601939.SH"": 4008.5701, ""601988.SH"": 6520.6155}",0.005472154081,-0.06525125051
2024-11-15,equal-weight hold,130597.453,130653.2458,328.20727,4,25.90793005,29.8848,99616,0,"{""601288.SH"": 7173.4398, ""601398.SH"": 5473.7209, ""601939.SH"": 4008.5701, ""601988.SH"": 6520.6155}",0.0007101064775,-0.06458747937
2024-11-18,equal-weight hold,133314.6897,133370.4825,328.20727,4,25.90793005,29.8848,99616,0,"{""601288.SH"": 7173.4398, ""601398.SH"": 5473.7209, ""601939.SH"": 4008.5701, ""601988.SH"": 6520.6155}",0.02080619977,-0.0451250996
2024-11-19,equal-weight hold,132406.2281,132462.0208,328.20727,4,25.90793005,29.8848,99616,0,"{""601288.SH"": 7173.4398, ""601398.SH"": 5473.7209, ""601939.SH"": 4008.5701, ""601988.SH"": 6520.6155}",-0.006814415187,-0.05163201362
2024-11-20,equal-weight hold,132364.5474,132420.3401,328.20727,4,25.90793005,29.8848,99616,0,"{""601288.SH"": 7173.4398, ""601398.SH"": 5473.7209, ""601939.SH"": 4008.5701, ""601988.SH"": 6520.6155}",-0.0003147942771,-0.05193055443
2024-11-21,equal-weight hold,132269.7245,132325.5172,328.20727,4,25.90793005,29.8848,99616,0,"{""601288.SH"": 7173.4398, ""601398.SH"": 5473.7209, ""601939.SH"": 4008.5701, ""601988.SH"": 6520.6155}",-0.0007163769495,-0.05260972953
2024-11-22,equal-weight hold,130602.7982,130658.5909,328.20727,4,25.90793005,29.8848,99616,0,"{""601288.SH"": 7173.4398, ""601398.SH"": 5473.7209, ""601939.SH"": 4008.5701, ""601988.SH"": 6520.6155}",-0.0126024777,-0.06454919429
2024-11-25,equal-weight hold,131087.8186,131143.6114,328.20727,4,25.90793005,29.8848,99616,0,"{""601288.SH"": 7173.4398, ""601398.SH"": 5473.7209, ""601939.SH"": 4008.5701, ""601988.SH"": 6520.6155}",0.003713706183,-0.06107520485
2024-11-26,equal-weight hold,133076.8349,133132.6277,328.20727,4,25.90793005,29.8848,99616,0,"{""601288.SH"": 7173.4398, ""601398.SH"": 5473.7209, ""601939.SH"": 4008.5701, ""601988.SH"": 6520.6155}",0.01517315908,-0.04682874956
2024-11-27,equal-weight hold,134085.969,134141.7617,328.20727,4,25.90793005,29.8848,99616,0,"{""601288.SH"": 7173.4398, ""601398.SH"": 5473.7209, ""601939.SH"": 4008.5701, ""601988.SH"": 6520.6155}",0.007583093039,-0.03960076329
2024-11-28,equal-weight hold,134029.323,134085.1157,328.20727,4,25.90793005,29.8848,99616,0,"{""601288.SH"": 7173.4398, ""601398.SH"": 5473.7209, ""601939.SH"": 4008.5701, ""601988.SH"": 6520.6155}",-0.0004224600891,-0.04000649363
2024-11-29,equal-weight hold,133152.5101,133208.3028,328.20727,4,25.90793005,29.8848,99616,0,"{""601288.SH"": 7173.4398, ""601398.SH"": 5473.7209, ""601939.SH"": 4008.5701, ""601988.SH"": 6520.6155}",-0.006541948655,-0.04628672186
2024-12-02,equal-weight hold,132954.4272,133010.22,328.20727,4,25.90793005,29.8848,99616,0,"{""601288.SH"": 7173.4398, ""601398.SH"": 5473.7209, ""601939.SH"": 4008.5701, ""601988.SH"": 6520.6155}",-0.00148763869,-0.04770550263
2024-12-03,equal-weight hold,134937.229,134993.0218,328.20727,4,25.90793005,29.8848,99616,0,"{""601288.SH"": 7173.4398, ""601398.SH"": 5473.7209, ""601939.SH"": 4008.5701, ""601988.SH"": 6520.6155}",0.01491339449,-0.03350355912
2024-12-04,equal-weight hold,135965.8246,136021.6173,328.20727,4,25.90793005,29.8848,99616,0,"{""601288.SH"": 7173.4398, ""601398.SH"": 5473.7209, ""601939.SH"": 4008.5701, ""601988.SH"": 6520.6155}",0.007622770804,-0.02613617827
2024-12-05,equal-weight hold,136002.2834,136058.0761,328.20727,4,25.90793005,29.8848,99616,0,"{""601288.SH"": 7173.4398, ""601398.SH"": 5473.7209, ""601939.SH"": 4008.5701, ""601988.SH"": 6520.6155}",0.0002681463404,-0.02587504025
2024-12-06,equal-weight hold,136836.6649,136892.4577,328.20727,4,25.90793005,29.8848,99616,0,"{""601288.SH"": 7173.4398, ""601398.SH"": 5473.7209, ""601939.SH"": 4008.5701, ""601988.SH"": 6520.6155}",0.006135055576,-0.01989872949
2024-12-09,equal-weight hold,137512.9307,137568.7234,328.20727,4,25.90793005,29.8848,99616,0,"{""601288.SH"": 7173.4398, ""601398.SH"": 5473.7209, ""601939.SH"": 4008.5701, ""601988.SH"": 6520.6155}",0.0049421386,-0.01505493317
2024-12-10,equal-weight hold,139219.5057,139275.2985,328.20727,4,25.90793005,29.8848,99616,0,"{""601288.SH"": 7173.4398, ""601398.SH"": 5473.7209, ""601939.SH"": 4008.5701, ""601988.SH"": 6520.6155}",0.01241028771,-0.002831481506
2024-12-11,equal-weight hold,136880.5008,136936.2935,328.20727,4,25.90793005,29.8848,99616,0,"{""601288.SH"": 7173.4398, ""601398.SH"": 5473.7209, ""601939.SH"": 4008.5701, ""601988.SH"": 6520.6155}",-0.01680084224,-0.01958475247
2024-12-12,equal-weight hold,138770.3166,138826.1093,328.20727,4,25.90793005,29.8848,99616,0,"{""601288.SH"": 7173.4398, ""601398.SH"": 5473.7209, ""601939.SH"": 4008.5701, ""601988.SH"": 6520.6155}",0.01380631852,-0.006048827287
2024-12-13,equal-weight hold,138220.4037,138276.1965,328.20727,4,25.90793005,29.8848,99616,0,"{""601288.SH"": 7173.4398, ""601398.SH"": 5473.7209, ""601939.SH"": 4008.5701, ""601988.SH"": 6520.6155}",-0.003962755497,-0.009987612761
2024-12-16,equal-weight hold,140898.7378,140954.5305,328.20727,4,25.90793005,29.8848,99616,0,"{""601288.SH"": 7173.4398, ""601398.SH"": 5473.7209, ""601939.SH"": 4008.5701, ""601988.SH"": 6520.6155}",0.01937726994,0
2024-12-17,equal-weight hold,141008.2841,141064.0768,328.20727,4,25.90793005,29.8848,99616,0,"{""601288.SH"": 7173.4398, ""601398.SH"": 5473.7209, ""601939.SH"": 4008.5701, ""601988.SH"": 6520.6155}",0.0007774824707,0
2024-12-18,equal-weight hold,141686.696,141742.4887,328.20727,4,25.90793005,29.8848,99616,0,"{""601288.SH"": 7173.4398, ""601398.SH"": 5473.7209, ""601939.SH"": 4008.5701, ""601988.SH"": 6520.6155}",0.004811149124,0
2024-12-19,equal-weight hold,140102.2868,140158.0795,328.20727,4,25.90793005,29.8848,99616,0,"{""601288.SH"": 7173.4398, ""601398.SH"": 5473.7209, ""601939.SH"": 4008.5701, ""601988.SH"": 6520.6155}",-0.0111824837,-0.0111824837
2024-12-20,equal-weight hold,140516.8541,140572.6468,328.20727,4,25.90793005,29.8848,99616,0,"{""601288.SH"": 7173.4398, ""601398.SH"": 5473.7209, ""601939.SH"": 4008.5701, ""601988.SH"": 6520.6155}",0.002959033091,-0.008256539952
2024-12-23,equal-weight hold,143736.664,143792.4567,328.20727,4,25.90793005,29.8848,99616,0,"{""601288.SH"": 7173.4398, ""601398.SH"": 5473.7209, ""601939.SH"": 4008.5701, ""601988.SH"": 6520.6155}",0.02291404775,0
2024-12-24,equal-weight hold,145702.7824,145758.5751,328.20727,4,25.90793005,29.8848,99616,0,"{""601288.SH"": 7173.4398, ""601398.SH"": 5473.7209, ""601939.SH"": 4008.5701, ""601988.SH"": 6520.6155}",0.0136786142,0
2024-12-25,equal-weight hold,147931.4904,147987.2831,328.20727,4,25.90793005,29.8848,99616,0,"{""601288.SH"": 7173.4398, ""601398.SH"": 5473.7209, ""601939.SH"": 4008.5701, ""601988.SH"": 6520.6155}",0.01529626242,0
2024-12-26,equal-weight hold,147539.3841,147595.1768,328.20727,4,25.90793005,29.8848,99616,0,"{""601288.SH"": 7173.4398, ""601398.SH"": 5473.7209, ""601939.SH"": 4008.5701, ""601988.SH"": 6520.6155}",-0.002650593654,-0.002650593654
2024-12-27,equal-weight hold,147185.4548,147241.2475,328.20727,4,25.90793005,29.8848,99616,0,"{""601288.SH"": 7173.4398, ""601398.SH"": 5473.7209, ""601939.SH"": 4008.5701, ""601988.SH"": 6520.6155}",-0.00239888035,-0.005043115547
2024-12-30,equal-weight hold,148226.3607,148282.1534,328.20727,4,25.90793005,29.8848,99616,0,"{""601288.SH"": 7173.4398, ""601398.SH"": 5473.7209, ""601939.SH"": 4008.5701, ""601988.SH"": 6520.6155}",0.007072070401,0
2024-12-31,equal-weight hold,147676.4479,147732.2406,328.20727,4,25.90793005,29.8848,99616,0,"{""601288.SH"": 7173.4398, ""601398.SH"": 5473.7209, ""601939.SH"": 4008.5701, ""601988.SH"": 6520.6155}",-0.003709953022,-0.003709953022
2025-01-02,equal-weight hold,144300.7196,144356.5123,328.20727,4,25.90793005,29.8848,99616,0,"{""601288.SH"": 7173.4398, ""601398.SH"": 5473.7209, ""601939.SH"": 4008.5701, ""601988.SH"": 6520.6155}",-0.02285894832,-0.02648409571
2025-01-03,equal-weight hold,142837.972,142893.7647,328.20727,4,25.90793005,29.8848,99616,0,"{""601288.SH"": 7173.4398, ""601398.SH"": 5473.7209, ""601939.SH"": 4008.5701, ""601988.SH"": 6520.6155}",-0.01013680047,-0.03635243219
2025-01-06,equal-weight hold,143644.7687,143700.5614,328.20727,4,25.90793005,29.8848,99616,0,"{""601288.SH"": 7173.4398, ""601398.SH"": 5473.7209, ""601939.SH"": 4008.5701, ""601988.SH"": 6520.6155}",0.005648335256,-0.03090942766
2025-01-07,equal-weight hold,145732.7374,145788.5301,328.20727,4,25.90793005,29.8848,99616,0,"{""601288.SH"": 7173.4398, ""601398.SH"": 5589.7674, ""601939.SH"": 4008.5701, ""601988.SH"": 6520.6155}",0.01453564041,-0.01682307558
2025-01-08,equal-weight hold,147569.9824,147625.7751,328.20727,4,25.90793005,29.8848,99616,0,"{""601288.SH"": 7340.8088, ""601398.SH"": 5589.7674, ""601939.SH"": 4008.5701, ""601988.SH"": 6520.6155}",0.01260694725,-0.004428215948
2025-01-09,equal-weight hold,146284.9391,146340.7318,328.20727,4,25.90793005,29.8848,99616,0,"{""601288.SH"": 7340.8088, ""601398.SH"": 5589.7674, ""601939.SH"": 4008.5701, ""601988.SH"": 6520.6155}",-0.008708026152,-0.01309768108
2025-01-10,equal-weight hold,145251.7061,145307.4988,328.20727,4,25.90793005,29.8848,99616,0,"{""601288.SH"": 7340.8088, ""601398.SH"": 5589.7674, ""601939.SH"": 4102.2805, ""601988.SH"": 6520.6155}",-0.007063153676,-0.02006832382
2025-01-13,equal-weight hold,143038.1393,143093.932,328.20727,4,25.90793005,29.8848,99616,0,"{""601288.SH"": 7340.8088, ""601398.SH"": 5589.7674, ""601939.SH"": 4102.2805, ""601988.SH"": 6520.6155}",-0.01523952341,-0.03500201554
2025-01-14,equal-weight hold,143885.5708,143941.3635,328.20727,4,25.90793005,29.8848,99616,0,"{""601288.SH"": 7340.8088, ""601398.SH"": 5589.7674, ""601939.SH"": 4102.2805, ""601988.SH"": 6520.6155}",0.005924514343,-0.02928487114
2025-01-15,equal-weight hold,144274.5946,144330.3874,328.20727,4,25.90793005,29.8848,99616,0,"{""601288.SH"": 7340.8088, ""601398.SH"": 5589.7674, ""601939.SH"": 4102.2805, ""601988.SH"": 6520.6155}",0.002703702899,-0.02666034583
2025-01-16,equal-weight hold,145544.245,145600.0378,328.20727,4,25.90793005,29.8848,99616,0,"{""601288.SH"": 7340.8088, ""601398.SH"": 5589.7674, ""601939.SH"": 4102.2805, ""601988.SH"": 6520.6155}",0.008800235276,-0.01809472787
2025-01-17,equal-weight hold,144098.0287,144153.8215,328.20727,4,25.90793005,29.8848,99616,0,"{""601288.SH"": 7340.8088, ""601398.SH"": 5589.7674, ""601939.SH"": 4102.2805, ""601988.SH"": 6520.6155}",-0.009936609247,-0.02785153688
2025-01-20,equal-weight hold,143114.867,143170.6598,328.20727,4,25.90793005,29.8848,99616,0,"{""601288.SH"": 7340.8088, ""601398.SH"": 5589.7674, ""601939.SH"": 4102.2805, ""601988.SH"": 6520.6155}",-0.006822867083,-0.03448437662
2025-01-21,equal-weight hold,142921.0261,142976.8188,328.20727,4,25.90793005,29.8848,99616,0,"{""601288.SH"": 7340.8088, ""601398.SH"": 5589.7674, ""601939.SH"": 4102.2805, ""601988.SH"": 6520.6155}",-0.001354443209,-0.0357921127
2025-01-22,equal-weight hold,140656.5974,140712.3901,328.20727,4,25.90793005,29.8848,99616,0,"{""601288.SH"": 7340.8088, ""601398.SH"": 5589.7674, ""601939.SH"": 4102.2805, ""601988.SH"": 6520.6155}",-0.01584391597,-0.05106894145
2025-01-23,equal-weight hold,144948.9826,145004.7753,328.20727,4,25.90793005,29.8848,99616,0,"{""601288.SH"": 7340.8088, ""601398.SH"": 5589.7674, ""601939.SH"": 4102.2805, ""601988.SH"": 6671.3827}",0.03051677121,-0.02211062944
2025-01-24,equal-weight hold,144534.8542,144590.6469,328.20727,4,25.90793005,29.8848,99616,0,"{""601288.SH"": 7340.8088, ""601398.SH"": 5589.7674, ""601939.SH"": 4102.2805, ""601988.SH"": 6671.3827}",-0.002857063173,-0.02490452115
2025-01-27,equal-weight hold,147721.5064,147777.2991,328.20727,4,25.90793005,29.8848,99616,0,"{""601288.SH"": 7340.8088, ""601398.SH"": 5589.7674, ""601939.SH"": 4102.2805, ""601988.SH"": 6671.3827}",0.02204763858,-0.003405968452
2025-02-05,equal-weight hold,144663.703,144719.4957,328.20727,4,25.90793005,29.8848,99616,0,"{""601288.SH"": 7340.8088, ""601398.SH"": 5589.7674, ""601939.SH"": 4102.2805, ""601988.SH"": 6671.3827}",-0.0206997847,-0.02403525034
2025-02-06,equal-weight hold,144292.776,144348.5688,328.20727,4,25.90793005,29.8848,99616,0,"{""601288.SH"": 7340.8088, ""601398.SH"": 5589.7674, ""601939.SH"": 4102.2805, ""601988.SH"": 6671.3827}",-0.002564063804,-0.02653768623
2025-02-07,equal-weight hold,143848.441,143904.2337,328.20727,4,25.90793005,29.8848,99616,0,"{""601288.SH"": 7340.8088, ""601398.SH"": 5589.7674, ""601939.SH"": 4102.2805, ""601988.SH"": 6671.3827}",-0.003079399154,-0.02953536526
2025-02-10,equal-weight hold,143669.9318,143725.7245,328.20727,4,25.90793005,29.8848,99616,0,"{""601288.SH"": 7340.8088, ""601398.SH"": 5589.7674, ""601939.SH"": 4102.2805, ""601988.SH"": 6671.3827}",-0.001240953152,-0.0307396664
2025-02-11,equal-weight hold,147092.5832,147148.3759,328.20727,4,25.90793005,29.8848,99616,0,"{""601288.SH"": 7340.8088, ""601398.SH"": 5589.7674, ""601939.SH"": 4102.2805, ""601988.SH"": 6671.3827}",0.02382301797,-0.00764896006
2025-02-12,equal-weight hold,148426.713,148482.5057,328.20727,4,25.90793005,29.8848,99616,0,"{""601288.SH"": 7340.8088, ""601398.SH"": 5589.7674, ""601939.SH"": 4102.2805, ""601988.SH"": 6671.3827}",0.009070000375,0
2025-02-13,equal-weight hold,149180.743,149236.5358,328.20727,4,25.90793005,29.8848,99616,0,"{""601288.SH"": 7340.8088, ""601398.SH"": 5589.7674, ""601939.SH"": 4102.2805, ""601988.SH"": 6671.3827}",0.005080150748,0
2025-02-14,equal-weight hold,149674.4537,149730.2464,328.20727,4,25.90793005,29.8848,99616,0,"{""601288.SH"": 7340.8088, ""601398.SH"": 5589.7674, ""601939.SH"": 4102.2805, ""601988.SH"": 6671.3827}",0.00330947981,0
2025-02-17,equal-weight hold,149845.0808,149900.8735,328.20727,4,25.90793005,29.8848,99616,0,"{""601288.SH"": 7340.8088, ""601398.SH"": 5589.7674, ""601939.SH"": 4102.2805, ""601988.SH"": 6671.3827}",0.001139988206,0
2025-02-18,equal-weight hold,152026.5166,152082.3093,328.20727,4,25.90793005,29.8848,99616,0,"{""601288.SH"": 7340.8088, ""601398.SH"": 5589.7674, ""601939.SH"": 4102.2805, ""601988.SH"": 6671.3827}",0.01455794053,0
2025-02-19,equal-weight hold,151186.0836,151241.8764,328.20727,4,25.90793005,29.8848,99616,0,"{""601288.SH"": 7340.8088, ""601398.SH"": 5589.7674, ""601939.SH"": 4102.2805, ""601988.SH"": 6671.3827}",-0.00552819973,-0.00552819973
2025-02-20,equal-weight hold,151634.0205,151689.8132,328.20727,4,25.90793005,29.8848,99616,0,"{""601288.SH"": 7340.8088, ""601398.SH"": 5589.7674, ""601939.SH"": 4102.2805, ""601988.SH"": 6671.3827}",0.002962818027,-0.002581760753
2025-02-21,equal-weight hold,148960.1389,149015.9316,328.20727,4,25.90793005,29.8848,99616,0,"{""601288.SH"": 7340.8088, ""601398.SH"": 5589.7674, ""601939.SH"": 4102.2805, ""601988.SH"": 6671.3827}",-0.01763378444,-0.02017001898
2025-02-24,equal-weight hold,147863.2098,147919.0026,328.20727,4,25.90793005,29.8848,99616,0,"{""601288.SH"": 7340.8088, ""601398.SH"": 5589.7674, ""601939.SH"": 4102.2805, ""601988.SH"": 6671.3827}",-0.007363909752,-0.02738539853
2025-02-25,equal-weight hold,146813.541,146869.3337,328.20727,4,25.90793005,29.8848,99616,0,"{""601288.SH"": 7340.8088, ""601398.SH"": 5589.7674, ""601939.SH"": 4102.2805, ""601988.SH"": 6671.3827}",-0.007098918445,-0.03428991026
2025-02-26,equal-weight hold,147496.4048,147552.1975,328.20727,4,25.90793005,29.8848,99616,0,"{""601288.SH"": 7340.8088, ""601398.SH"": 5589.7674, ""601939.SH"": 4102.2805, ""601988.SH"": 6671.3827}",0.004651231701,-0.02979816888
2025-02-27,equal-weight hold,148367.0444,148422.8371,328.20727,4,25.90793005,29.8848,99616,0,"{""601288.SH"": 7340.8088, ""601398.SH"": 5589.7674, ""601939.SH"": 4102.2805, ""601988.SH"": 6671.3827}",0.005902785235,-0.02407127584
2025-02-28,equal-weight hold,147324.1329,147379.9257,328.20727,4,25.90793005,29.8848,99616,0,"{""601288.SH"": 7340.8088, ""601398.SH"": 5589.7674, ""601939.SH"": 4102.2805, ""601988.SH"": 6671.3827}",-0.007029266068,-0.0309313385
2025-03-03,equal-weight hold,147157.9263,147213.719,328.20727,4,25.90793005,29.8848,99616,0,"{""601288.SH"": 7340.8088, ""601398.SH"": 5589.7674, ""601939.SH"": 4102.2805, ""601988.SH"": 6671.3827}",-0.001128170054,-0.03202461275
2025-03-04,equal-weight hold,146074.4489,146130.2417,328.20727,4,25.90793005,29.8848,99616,0,"{""601288.SH"": 7340.8088, ""601398.SH"": 5589.7674, ""601939.SH"": 4102.2805, ""601988.SH"": 6671.3827}",-0.007362684085,-0.03915150973
2025-03-05,equal-weight hold,148544.6505,148600.4432,328.20727,4,25.90793005,29.8848,99616,0,"{""601288.SH"": 7340.8088, ""601398.SH"": 5589.7674, ""601939.SH"": 4102.2805, ""601988.SH"": 6671.3827}",0.01691056541,-0.02290301848
2025-03-06,equal-weight hold,147302.627,147358.4197,328.20727,4,25.90793005,29.8848,99616,0,"{""601288.SH"": 7340.8088, ""601398.SH"": 5589.7674, ""601939.SH"": 4102.2805, ""601988.SH"": 6671.3827}",-0.008361280432,-0.03107280036
2025-03-07,equal-weight hold,146738.316,146794.1087,328.20727,4,25.90793005,29.8848,99616,0,"{""601288.SH"": 7340.8088, ""601398.SH"": 5589.7674, ""601939.SH"": 4102.2805, ""601988.SH"": 6671.3827}",-0.003830963652,-0.03478472524
2025-03-10,equal-weight hold,145637.3282,145693.121,328.20727,4,25.90793005,29.8848,99616,0,"{""601288.SH"": 7340.8088, ""601398.SH"": 5589.7674, ""601939.SH"": 4102.2805, ""601988.SH"": 6671.3827}",-0.007503069173,-0.04202680221
2025-03-11,equal-weight hold,146378.6621,146434.4548,328.20727,4,25.90793005,29.8848,99616,0,"{""601288.SH"": 7340.8088, ""601398.SH"": 5589.7674, ""601939.SH"": 4102.2805, ""601988.SH"": 6671.3827}",0.005090273537,-0.03715045659
2025-03-12,equal-weight hold,145185.2695,145241.0622,328.20727,4,25.90793005,29.8848,99616,0,"{""601288.SH"": 7340.8088, ""601398.SH"": 5589.7674, ""601939.SH"": 4102.2805, ""601988.SH"": 6671.3827}",-0.008152776967,-0.04500035417
2025-03-13,equal-weight hold,145502.4142,145558.207,328.20727,4,25.90793005,29.8848,99616,0,"{""601288.SH"": 7340.8088, ""601398.SH"": 5589.7674, ""601939.SH"": 4102.2805, ""601988.SH"": 6671.3827}",0.002184414056,-0.04291423952
2025-03-14,equal-weight hold,145969.8048,146025.5975,328.20727,4,25.90793005,29.8848,99616,0,"{""601288.SH"": 7340.8088, ""601398.SH"": 5589.7674, ""601939.SH"": 4102.2805, ""601988.SH"": 6671.3827}",0.003212252748,-0.03983983816
2025-03-17,equal-weight hold,146870.651,146926.4437,328.20727,4,25.90793005,29.8848,99616,0,"{""601288.SH"": 7340.8088, ""601398.SH"": 5589.7674, ""601939.SH"": 4102.2805, ""601988.SH"": 6671.3827}",0.006171456173,-0.0339142518
2025-03-18,equal-weight hold,146618.2768,146674.0696,328.20727,4,25.90793005,29.8848,99616,0,"{""601288.SH"": 7340.8088, ""601398.SH"": 5589.7674, ""601939.SH"": 4102.2805, ""601988.SH"": 6671.3827}",-0.00171834316,-0.03557431864
2025-03-19,equal-weight hold,148105.0664,148160.8591,328.20727,4,25.90793005,29.8848,99616,0,"{""601288.SH"": 7340.8088, ""601398.SH"": 5589.7674, ""601939.SH"": 4102.2805, ""601988.SH"": 6671.3827}",0.01014054728,-0.02579451442
2025-03-20,equal-weight hold,147486.3441,147542.1368,328.20727,4,25.90793005,29.8848,99616,0,"{""601288.SH"": 7340.8088, ""601398.SH"": 5589.7674, ""601939.SH"": 4102.2805, ""601988.SH"": 6671.3827}",-0.004177590619,-0.02986434612
2025-03-21,equal-weight hold,146066.7252,146122.518,328.20727,4,25.90793005,29.8848,99616,0,"{""601288.SH"": 7340.8088, ""601398.SH"": 5589.7674, ""601939.SH"": 4102.2805, ""601988.SH"": 6671.3827}",-0.009625425565,-0.03920231464
2025-03-24,equal-weight hold,147405.2123,147461.005,328.20727,4,25.90793005,29.8848,99616,0,"{""601288.SH"": 7340.8088, ""601398.SH"": 5589.7674, ""601939.SH"": 4102.2805, ""601988.SH"": 6671.3827}",0.009163531546,-0.03039801474
2025-03-25,equal-weight hold,148613.9998,148669.7926,328.20727,4,25.90793005,29.8848,99616,0,"{""601288.SH"": 7340.8088, ""601398.SH"": 5589.7674, ""601939.SH"": 4102.2805, ""601988.SH"": 6671.3827}",0.008200439631,-0.02244685219
2025-03-26,equal-weight hold,148109.2515,148165.0442,328.20727,4,25.90793005,29.8848,99616,0,"{""601288.SH"": 7340.8088, ""601398.SH"": 5589.7674, ""601939.SH"": 4102.2805, ""601988.SH"": 6671.3827}",-0.003396371524,-0.02576698587
2025-03-27,equal-weight hold,148830.5025,148886.2953,328.20727,4,25.90793005,29.8848,99616,0,"{""601288.SH"": 7340.8088, ""601398.SH"": 5589.7674, ""601939.SH"": 4102.2805, ""601988.SH"": 6671.3827}",0.004869723192,-0.02102274077
2025-03-28,equal-weight hold,147867.9674,147923.7602,328.20727,4,25.90793005,29.8848,99616,0,"{""601288.SH"": 7340.8088, ""601398.SH"": 5589.7674, ""601939.SH"": 4102.2805, ""601988.SH"": 6671.3827}",-0.006467324176,-0.02735410406
2025-03-31,equal-weight hold,150449.975,150505.7678,328.20727,4,25.90793005,29.8848,99616,0,"{""601288.SH"": 7340.8088, ""601398.SH"": 5589.7674, ""601939.SH"": 4102.2805, ""601988.SH"": 6671.3827}",0.01746157512,-0.01037017469
2025-04-01,equal-weight hold,148389.78,148445.5728,328.20727,4,25.90793005,29.8848,99616,0,"{""601288.SH"": 7340.8088, ""601398.SH"": 5589.7674, ""601939.SH"": 4102.2805, ""601988.SH"": 6671.3827}",-0.01369355505,-0.02392172518
2025-04-02,equal-weight hold,149840.1256,149895.9183,328.20727,4,25.90793005,29.8848,99616,0,"{""601288.SH"": 7340.8088, ""601398.SH"": 5589.7674, ""601939.SH"": 4102.2805, ""601988.SH"": 6671.3827}",0.009773891234,-0.01438164229
2025-04-03,equal-weight hold,151513.0956,151568.8883,328.20727,4,25.90793005,29.8848,99616,0,"{""601288.SH"": 7340.8088, ""601398.SH"": 5589.7674, ""601939.SH"": 4102.2805, ""601988.SH"": 6671.3827}",0.01116503343,-0.003377180379
2025-04-07,equal-weight hold,147759.8767,147815.6695,328.20727,4,25.90793005,29.8848,99616,0,"{""601288.SH"": 7340.8088, ""601398.SH"": 5589.7674, ""601939.SH"": 4102.2805, ""601988.SH"": 6671.3827}",-0.02477158062,-0.02806510291
2025-04-08,equal-weight hold,149251.8742,149307.667,328.20727,4,25.90793005,29.8848,99616,0,"{""601288.SH"": 7340.8088, ""601398.SH"": 5589.7674, ""601939.SH"": 4102.2805, ""601988.SH"": 6671.3827}",0.01009744671,-0.01825104208
2025-04-09,equal-weight hold,147822.184,147877.9767,328.20727,4,25.90793005,29.8848,99616,0,"{""601288.SH"": 7340.8088, ""601398.SH"": 5589.7674, ""601939.SH"": 4102.2805, ""601988.SH"": 6671.3827}",-0.009579043996,-0.02765525854
2025-04-10,equal-weight hold,147096.4173,147152.21,328.20727,4,25.90793005,29.8848,99616,0,"{""601288.SH"": 7340.8088, ""601398.SH"": 5589.7674, ""601939.SH"": 4102.2805, ""601988.SH"": 6671.3827}",-0.004909727807,-0.03242920656
2025-04-11,equal-weight hold,148214.9154,148270.7081,328.20727,4,25.90793005,29.8848,99616,0,"{""601288.SH"": 7340.8088, ""601398.SH"": 5589.7674, ""601939.SH"": 4102.2805, ""601988.SH"": 6671.3827}",0.007603843583,-0.02507194959
2025-04-14,equal-weight hold,149947.8418,150003.6346,328.20727,4,25.90793005,29.8848,99616,0,"{""601288.SH"": 7340.8088, ""601398.SH"": 5589.7674, ""601939.SH"": 4102.2805, ""601988.SH"": 6671.3827}",0.01169198388,-0.01367310654
2025-04-15,equal-weight hold,152204.0702,152259.863,328.20727,4,25.90793005,29.8848,99616,0,"{""601288.SH"": 7340.8088, ""601398.SH"": 5589.7674, ""601939.SH"": 4102.2805, ""601988.SH"": 6671.3827}",0.01504675492,0
2025-04-16,equal-weight hold,154179.8195,154235.6122,328.20727,4,25.90793005,29.8848,99616,0,"{""601288.SH"": 7340.8088, ""601398.SH"": 5589.7674, ""601939.SH"": 4102.2805, ""601988.SH"": 6671.3827}",0.01298092242,0
2025-04-17,equal-weight hold,154164.9446,154220.7373,328.20727,4,25.90793005,29.8848,99616,0,"{""601288.SH"": 7340.8088, ""601398.SH"": 5589.7674, ""601939.SH"": 4102.2805, ""601988.SH"": 6671.3827}",-9.647740566e-05,-9.647740566e-05
2025-04-18,equal-weight hold,155742.811,155798.6038,328.20727,4,25.90793005,29.8848,99616,0,"{""601288.SH"": 7340.8088, ""601398.SH"": 5589.7674, ""601939.SH"": 4102.2805, ""601988.SH"": 6671.3827}",0.01023492367,0
2025-04-21,equal-weight hold,153964.8031,154020.5959,328.20727,4,25.90793005,29.8848,99616,0,"{""601288.SH"": 7340.8088, ""601398.SH"": 5589.7674, ""601939.SH"": 4102.2805, ""601988.SH"": 6671.3827}",-0.01141630815,-0.01141630815
2025-04-22,equal-weight hold,156596.4741,156652.2669,328.20727,4,25.90793005,29.8848,99616,0,"{""601288.SH"": 7340.8088, ""601398.SH"": 5589.7674, ""601939.SH"": 4102.2805, ""601988.SH"": 6671.3827}",0.01709267942,0
2025-04-23,equal-weight hold,155805.48,155861.2727,328.20727,4,25.90793005,29.8848,99616,0,"{""601288.SH"": 7340.8088, ""601398.SH"": 5589.7674, ""601939.SH"": 4102.2805, ""601988.SH"": 6671.3827}",-0.005051162044,-0.005051162044
2025-04-24,equal-weight hold,158755.5467,158811.3395,328.20727,4,25.90793005,29.8848,99616,0,"{""601288.SH"": 7340.8088, ""601398.SH"": 5589.7674, ""601939.SH"": 4102.2805, ""601988.SH"": 6671.3827}",0.01893429387,0
2025-04-25,equal-weight hold,157707.9687,157763.7614,328.20727,4,25.90793005,29.8848,99616,0,"{""601288.SH"": 7340.8088, ""601398.SH"": 5589.7674, ""601939.SH"": 4102.2805, ""601988.SH"": 6811.6688}",-0.006598686158,-0.006598686158
2025-04-28,equal-weight hold,159674.5926,159730.3853,328.20727,4,25.90793005,29.8848,99616,0,"{""601288.SH"": 7340.8088, ""601398.SH"": 5589.7674, ""601939.SH"": 4102.2805, ""601988.SH"": 6811.6688}",0.01247003483,0
2025-04-29,equal-weight hold,159224.7959,159280.5887,328.20727,4,25.90793005,29.8848,99616,0,"{""601288.SH"": 7340.8088, ""601398.SH"": 5589.7674, ""601939.SH"": 4102.2805, ""601988.SH"": 6811.6688}",-0.002816958052,-0.002816958052
2025-04-30,equal-weight hold,154134.851,154190.6438,328.20727,4,25.90793005,29.8848,99616,0,"{""601288.SH"": 7340.8088, ""601398.SH"": 5589.7674, ""601939.SH"": 4102.2805, ""601988.SH"": 6811.6688}",-0.03196703669,-0.03469394494
2025-05-06,equal-weight hold,153360.0361,153415.8288,328.20727,4,25.90793005,29.8848,99616,0,"{""601288.SH"": 7340.8088, ""601398.SH"": 5589.7674, ""601939.SH"": 4102.2805, ""601988.SH"": 6811.6688}",-0.005026863998,-0.0395464072
2025-05-07,equal-weight hold,156297.898,156353.6907,328.20727,4,25.90793005,29.8848,99616,0,"{""601288.SH"": 7340.8088, ""601398.SH"": 5589.7674, ""601939.SH"": 4102.2805, ""601988.SH"": 6811.6688}",0.01915663292,-0.02114735028
2025-05-08,equal-weight hold,156343.0309,156398.8236,328.20727,4,25.90793005,29.8848,99616,0,"{""601288.SH"": 7340.8088, ""601398.SH"": 5589.7674, ""601939.SH"": 4102.2805, ""601988.SH"": 6811.6688}",0.0002887619833,-0.02086469485
2025-05-09,equal-weight hold,158121.1142,158176.9069,328.20727,4,25.90793005,29.8848,99616,0,"{""601288.SH"": 7340.8088, ""601398.SH"": 5589.7674, ""601939.SH"": 4197.0226, ""601988.SH"": 6811.6688}",0.01137296167,-0.009729026552
2025-05-12,equal-weight hold,157708.5997,157764.3924,328.20727,4,25.90793005,29.8848,99616,0,"{""601288.SH"": 7340.8088, ""601398.SH"": 5589.7674, ""601939.SH"": 4197.0226, ""601988.SH"": 6811.6688}",-0.002608851759,-0.01231249672
2025-05-13,equal-weight hold,159557.5711,159613.3639,328.20727,4,25.90793005,29.8848,99616,0,"{""601288.SH"": 7340.8088, ""601398.SH"": 5589.7674, ""601939.SH"": 4197.0226, ""601988.SH"": 6811.6688}",0.01172397372,-0.0007328743956
2025-05-14,equal-weight hold,159657.1257,159712.9184,328.20727,4,25.90793005,29.8848,99616,0,"{""601288.SH"": 7340.8088, ""601398.SH"": 5589.7674, ""601939.SH"": 4197.0226, ""601988.SH"": 6811.6688}",0.0006239412474,-0.0001093904188
2025-05-15,equal-weight hold,159875.4754,159931.2681,328.20727,4,25.90793005,29.8848,99616,0,"{""601288.SH"": 7340.8088, ""601398.SH"": 5589.7674, ""601939.SH"": 4197.0226, ""601988.SH"": 6811.6688}",0.001367616582,0
2025-05-16,equal-weight hold,158264.4265,158320.2192,328.20727,4,25.90793005,29.8848,99616,0,"{""601288.SH"": 7340.8088, ""601398.SH"": 5589.7674, ""601939.SH"": 4197.0226, ""601988.SH"": 6811.6688}",-0.01007689837,-0.01007689837
2025-05-19,equal-weight hold,157600.4377,157656.2304,328.20727,4,25.90793005,29.8848,99616,0,"{""601288.SH"": 7340.8088, ""601398.SH"": 5589.7674, ""601939.SH"": 4197.0226, ""601988.SH"": 6811.6688}",-0.004195439273,-0.01423006063
2025-05-20,equal-weight hold,157729.7435,157785.5362,328.20727,4,25.90793005,29.8848,99616,0,"{""601288.SH"": 7340.8088, ""601398.SH"": 5589.7674, ""601939.SH"": 4197.0226, ""601988.SH"": 6811.6688}",0.0008204657561,-0.01342127015
2025-05-21,equal-weight hold,157969.1361,158024.9289,328.20727,4,25.90793005,29.8848,99616,0,"{""601288.SH"": 7340.8088, ""601398.SH"": 5589.7674, ""601939.SH"": 4197.0226, ""601988.SH"": 6811.6688}",0.001517739594,-0.01192390055
2025-05-22,equal-weight hold,158145.6818,158201.4745,328.20727,4,25.90793005,29.8848,99616,0,"{""601288.SH"": 7340.8088, ""601398.SH"": 5589.7674, ""601939.SH"": 4197.0226, ""601988.SH"": 6811.6688}",0.001117595547,-0.0108196311
2025-05-23,equal-weight hold,156621.8023,156677.595,328.20727,4,25.90793005,29.8848,99616,0,"{""601288.SH"": 7340.8088, ""601398.SH"": 5589.7674, ""601939.SH"": 4197.0226, ""601988.SH"": 6811.6688}",-0.009635922158,-0.02035129614
2025-05-26,equal-weight hold,155583.8959,155639.6886,328.20727,4,25.90793005,29.8848,99616,0,"{""601288.SH"": 7340.8088, ""601398.SH"": 5589.7674, ""601939.SH"": 4197.0226, ""601988.SH"": 6811.6688}",-0.006626832246,-0.02684326376
2025-05-27,equal-weight hold,156326.5119,156382.3047,328.20727,4,25.90793005,29.8848,99616,0,"{""601288.SH"": 7340.8088, ""601398.SH"": 5589.7674, ""601939.SH"": 4197.0226, ""601988.SH"": 6811.6688}",0.004773090777,-0.02219829832
2025-05-28,equal-weight hold,155908.9156,155964.7084,328.20727,4,25.90793005,29.8848,99616,0,"{""601288.SH"": 7340.8088, ""601398.SH"": 5589.7674, ""601939.SH"": 4197.0226, ""601988.SH"": 6811.6688}",-0.002671308114,-0.02481030794
2025-05-29,equal-weight hold,155475.4956,155531.2883,328.20727,4,25.90793005,29.8848,99616,0,"{""601288.SH"": 7340.8088, ""601398.SH"": 5589.7674, ""601939.SH"": 4197.0226, ""601988.SH"": 6811.6688}",-0.00277995676,-0.02752129311
2025-05-30,equal-weight hold,155942.0619,155997.8547,328.20727,4,25.90793005,29.8848,99616,0,"{""601288.SH"": 7340.8088, ""601398.SH"": 5589.7674, ""601939.SH"": 4197.0226, ""601988.SH"": 6811.6688}",0.003000899518,-0.02460298223
2025-06-03,equal-weight hold,156585.1957,156640.9884,328.20727,4,25.90793005,29.8848,99616,0,"{""601288.SH"": 7340.8088, ""601398.SH"": 5589.7674, ""601939.SH"": 4197.0226, ""601988.SH"": 6811.6688}",0.004124183815,-0.02058026564
2025-06-04,equal-weight hold,156071.4181,156127.2109,328.20727,4,25.90793005,29.8848,99616,0,"{""601288.SH"": 7340.8088, ""601398.SH"": 5589.7674, ""601939.SH"": 4197.0226, ""601988.SH"": 6811.6688}",-0.003281137332,-0.02379387629
2025-06-05,equal-weight hold,155880.9955,155936.7882,328.20727,4,25.90793005,29.8848,99616,0,"{""601288.SH"": 7340.8088, ""601398.SH"": 5589.7674, ""601939.SH"": 4197.0226, ""601988.SH"": 6811.6688}",-0.001220099228,-0.02498494463
2025-06-06,equal-weight hold,156094.2922,156150.0849,328.20727,4,25.90793005,29.8848,99616,0,"{""601288.SH"": 7340.8088, ""601398.SH"": 5589.7674, ""601939.SH"": 4197.0226, ""601988.SH"": 6811.6688}",0.001368330042,-0.02365080224
2025-06-09,equal-weight hold,155531.5664,155587.3591,328.20727,4,25.90793005,29.8848,99616,0,"{""601288.SH"": 7340.8088, ""601398.SH"": 5589.7674, ""601939.SH"": 4197.0226, ""601988.SH"": 6811.6688}",-0.003605037689,-0.02717057789
2025-06-10,equal-weight hold,156041.7896,156097.5823,328.20727,4,25.90793005,29.8848,99616,0,"{""601288.SH"": 7340.8088, ""601398.SH"": 5589.7674, ""601939.SH"": 4197.0226, ""601988.SH"": 6811.6688}",0.003280512293,-0.02397919901
2025-06-11,equal-weight hold,155807.5004,155863.2931,328.20727,4,25.90793005,29.8848,99616,0,"{""601288.SH"": 7340.8088, ""601398.SH"": 5589.7674, ""601939.SH"": 4197.0226, ""601988.SH"": 6811.6688}",-0.001501451372,-0.02544464678
2025-06-12,equal-weight hold,155699.1002,155754.8929,328.20727,4,25.90793005,29.8848,99616,0,"{""601288.SH"": 7340.8088, ""601398.SH"": 5589.7674, ""601939.SH"": 4197.0226, ""601988.SH"": 6811.6688}",-0.000695732009,-0.02612267614
2025-06-13,equal-weight hold,154628.1197,154683.9124,328.20727,4,25.90793005,29.8848,99616,0,"{""601288.SH"": 7340.8088, ""601398.SH"": 5589.7674, ""601939.SH"": 4197.0226, ""601988.SH"": 6811.6688}",-0.006878527141,-0.03282151774
2025-06-16,equal-weight hold,155987.8822,156043.675,328.20727,4,25.90793005,29.8848,99616,0,"{""601288.SH"": 7340.8088, ""601398.SH"": 5589.7674, ""601939.SH"": 4197.0226, ""601988.SH"": 6811.6688}",0.008793759889,-0.0243163824
2025-06-17,equal-weight hold,156244.8071,156300.5998,328.20727,4,25.90793005,29.8848,99616,0,"{""601288.SH"": 7340.8088, ""601398.SH"": 5589.7674, ""601939.SH"": 4197.0226, ""601988.SH"": 6811.6688}",0.001647082271,-0.02270935121
2025-06-18,equal-weight hold,159077.5828,159133.3755,328.20727,4,25.90793005,29.8848,99616,0,"{""601288.SH"": 7340.8088, ""601398.SH"": 5589.7674, ""601939.SH"": 4197.0226, ""601988.SH"": 6811.6688}",0.01813036678,-0.004990713302
2025-06-19,equal-weight hold,159702.946,159758.7387,328.20727,4,25.90793005,29.8848,99616,0,"{""601288.SH"": 7340.8088, ""601398.SH"": 5589.7674, ""601939.SH"": 4197.0226, ""601988.SH"": 6811.6688}",0.003931183781,-0.001079148931
2025-06-20,equal-weight hold,161032.7694,161088.5622,328.20727,4,25.90793005,29.8848,99616,0,"{""601288.SH"": 7340.8088, ""601398.SH"": 5589.7674, ""601939.SH"": 4197.0226, ""601988.SH"": 6811.6688}",0.008326856179,0
2025-06-23,equal-weight hold,163816.5316,163872.3243,328.20727,4,25.90793005,29.8848,99616,0,"{""601288.SH"": 7340.8088, ""601398.SH"": 5589.7674, ""601939.SH"": 4197.0226, ""601988.SH"": 6811.6688}",0.01728692965,0
2025-06-24,equal-weight hold,165411.7567,165467.5495,328.20727,4,25.90793005,29.8848,99616,0,"{""601288.SH"": 7340.8088, ""601398.SH"": 5589.7674, ""601939.SH"": 4197.0226, ""601988.SH"": 6811.6688}",0.009737876505,0
2025-06-25,equal-weight hold,166778.2877,166834.0804,328.20727,4,25.90793005,29.8848,99616,0,"{""601288.SH"": 7340.8088, ""601398.SH"": 5589.7674, ""601939.SH"": 4197.0226, ""601988.SH"": 6811.6688}",0.008261389429,0
2025-06-26,equal-weight hold,167786.5151,167842.3078,328.20727,4,25.90793005,29.8848,99616,0,"{""601288.SH"": 7340.8088, ""601398.SH"": 5589.7674, ""601939.SH"": 4197.0226, ""601988.SH"": 6811.6688}",0.006045315795,0
2025-06-27,equal-weight hold,162886.8662,162942.6589,328.20727,4,25.90793005,29.8848,99616,0,"{""601288.SH"": 7340.8088, ""601398.SH"": 5589.7674, ""601939.SH"": 4197.0226, ""601988.SH"": 6811.6688}",-0.02920168455,-0.02920168455
2025-06-30,equal-weight hold,163819.9702,163875.763,328.20727,4,25.90793005,29.8848,99616,0,"{""601288.SH"": 7340.8088, ""601398.SH"": 5589.7674, ""601939.SH"": 4197.0226, ""601988.SH"": 6811.6688}",0.005728540624,-0.02364042697
2025-07-01,equal-weight hold,166136.0648,166191.8576,328.20727,4,25.90793005,29.8848,99616,0,"{""601288.SH"": 7340.8088, ""601398.SH"": 5589.7674, ""601939.SH"": 4197.0226, ""601988.SH"": 6811.6688}",0.01413804797,-0.009836608488
2025-07-02,equal-weight hold,166604.5275,166660.3202,328.20727,4,25.90793005,29.8848,99616,0,"{""601288.SH"": 7340.8088, ""601398.SH"": 5589.7674, ""601939.SH"": 4197.0226, ""601988.SH"": 6811.6688}",0.002819752931,-0.007044592363
2025-07-03,equal-weight hold,165620.6007,165676.3934,328.20727,4,25.90793005,29.8848,99616,0,"{""601288.SH"": 7340.8088, ""601398.SH"": 5589.7674, ""601939.SH"": 4197.0226, ""601988.SH"": 6811.6688}",-0.005905762893,-0.01290875156
2025-07-04,equal-weight hold,167871.316,167927.1087,328.20727,4,25.90793005,29.8848,99616,0,"{""601288.SH"": 7340.8088, ""601398.SH"": 5589.7674, ""601939.SH"": 4197.0226, ""601988.SH"": 6811.6688}",0.01358958568,0
2025-07-07,equal-weight hold,168121.06,168176.8528,328.20727,4,25.90793005,29.8848,99616,0,"{""601288.SH"": 7340.8088, ""601398.SH"": 5589.7674, ""601939.SH"": 4197.0226, ""601988.SH"": 6811.6688}",0.001487711125,0
2025-07-08,equal-weight hold,168404.1818,168459.9745,328.20727,4,25.90793005,29.8848,99616,0,"{""601288.SH"": 7340.8088, ""601398.SH"": 5589.7674, ""601939.SH"": 4197.0226, ""601988.SH"": 6811.6688}",0.001684035134,0
2025-07-09,equal-weight hold,170307.1042,170362.8969,328.20727,4,25.90793005,29.8848,99616,0,"{""601288.SH"": 7340.8088, ""601398.SH"": 5589.7674, ""601939.SH"": 4197.0226, ""601988.SH"": 6811.6688}",0.01129973366,0
2025-07-10,equal-weight hold,172882.5576,172938.3503,328.20727,4,25.90793005,29.8848,99616,0,"{""601288.SH"": 7340.8088, ""601398.SH"": 5589.7674, ""601939.SH"": 4197.0226, ""601988.SH"": 6811.6688}",0.01512240711,0
2025-07-11,equal-weight hold,171175.5223,171231.315,328.20727,4,25.90793005,29.8848,99616,0,"{""601288.SH"": 7340.8088, ""601398.SH"": 5589.7674, ""601939.SH"": 4197.0226, ""601988.SH"": 6811.6688}",-0.009873959065,-0.009873959065
2025-07-14,equal-weight hold,172051.7463,172107.539,328.20727,4,25.90793005,29.8848,99616,0,"{""601288.SH"": 7340.8088, ""601398.SH"": 5703.7209, ""601939.SH"": 4197.0226, ""601988.SH"": 6811.6688}",0.005118862685,-0.004805639821
2025-07-15,equal-weight hold,170822.182,170877.9747,328.20727,4,25.90793005,29.8848,99616,0,"{""601288.SH"": 7340.8088, ""601398.SH"": 5703.7209, ""601939.SH"": 4197.0226, ""601988.SH"": 6811.6688}",-0.007146479642,-0.01191777606
2025-07-16,equal-weight hold,170680.6067,170736.3995,328.20727,4,25.90793005,29.8848,99616,0,"{""601288.SH"": 7340.8088, ""601398.SH"": 5703.7209, ""601939.SH"": 4197.0226, ""601988.SH"": 6811.6688}",-0.0008287870405,-0.0127366858
2025-07-17,equal-weight hold,169645.5749,169701.3677,328.20727,4,25.90793005,29.8848,99616,0,"{""601288.SH"": 7495.6166, ""601398.SH"": 5703.7209, ""601939.SH"": 4197.0226, ""601988.SH"": 6811.6688}",-0.006064144255,-0.01872359295
2025-07-18,equal-weight hold,170570.4882,170626.2809,328.20727,4,25.90793005,29.8848,99616,0,"{""601288.SH"": 7495.6166, ""601398.SH"": 5703.7209, ""601939.SH"": 4197.0226, ""601988.SH"": 6811.6688}",0.005452033084,-0.01337364152
2025-07-21,equal-weight hold,169296.1605,169351.9532,328.20727,4,25.90793005,29.8848,99616,0,"{""601288.SH"": 7495.6166, ""601398.SH"": 5703.7209, ""601939.SH"": 4197.0226, ""601988.SH"": 6811.6688}",-0.007470974406,-0.02074470179
2025-07-22,equal-weight hold,166986.7829,167042.5756,328.20727,4,25.90793005,29.8848,99616,0,"{""601288.SH"": 7495.6166, ""601398.SH"": 5703.7209, ""601939.SH"": 4197.0226, ""601988.SH"": 6811.6688}",-0.01364105107,-0.03410277332
2025-07-23,equal-weight hold,169030.6864,169086.4792,328.20727,4,25.90793005,29.8848,99616,0,"{""601288.SH"": 7495.6166, ""601398.SH"": 5703.7209, ""601939.SH"": 4197.0226, ""601988.SH"": 6811.6688}",0.01223991218,-0.02228027609
2025-07-24,equal-weight hold,167105.074,167160.8667,328.20727,4,25.90793005,29.8848,99616,0,"{""601288.SH"": 7495.6166, ""601398.SH"": 5703.7209, ""601939.SH"": 4197.0226, ""601988.SH"": 6811.6688}",-0.011392088,-0.03341854523
2025-07-25,equal-weight hold,166282.6777,166338.4704,328.20727,4,25.90793005,29.8848,99616,0,"{""601288.SH"": 7495.6166, ""601398.SH"": 5703.7209, ""601939.SH"": 4197.0226, ""601988.SH"": 6811.6688}",-0.004921432434,-0.03817551055
2025-07-28,equal-weight hold,166441.5743,166497.367,328.20727,4,25.90793005,29.8848,99616,0,"{""601288.SH"": 7495.6166, ""601398.SH"": 5703.7209, ""601939.SH"": 4197.0226, ""601988.SH"": 6811.6688}",0.0009555813057,-0.03725640905
2025-07-29,equal-weight hold,164906.4905,164962.2832,328.20727,4,25.90793005,29.8848,99616,0,"{""601288.SH"": 7495.6166, ""601398.SH"": 5703.7209, ""601939.SH"": 4197.0226, ""601988.SH"": 6811.6688}",-0.009222958781,-0.0461357535
2025-07-30,equal-weight hold,166531.5478,166587.3405,328.20727,4,25.90793005,29.8848,99616,0,"{""601288.SH"": 7495.6166, ""601398.SH"": 5703.7209, ""601939.SH"": 4197.0226, ""601988.SH"": 6811.6688}",0.009854416924,-0.03673597753
2025-07-31,equal-weight hold,167969.4669,168025.2596,328.20727,4,25.90793005,29.8848,99616,0,"{""601288.SH"": 7495.6166, ""601398.SH"": 5703.7209, ""601939.SH"": 4197.0226, ""601988.SH"": 6811.6688}",0.008634514344,-0.02841866051
2025-08-01,equal-weight hold,168578.5288,168634.3216,328.20727,4,25.90793005,29.8848,99616,0,"{""601288.SH"": 7495.6166, ""601398.SH"": 5703.7209, ""601939.SH"": 4197.0226, ""601988.SH"": 6811.6688}",0.003626027937,-0.02489567943
2025-08-04,equal-weight hold,170120.4521,170176.2448,328.20727,4,25.90793005,29.8848,99616,0,"{""601288.SH"": 7495.6166, ""601398.SH"": 5703.7209, ""601939.SH"": 4197.0226, ""601988.SH"": 6811.6688}",0.009146617112,-0.01597677357
2025-08-05,equal-weight hold,172555.6411,172611.4338,328.20727,4,25.90793005,29.8848,99616,0,"{""601288.SH"": 7495.6166, ""601398.SH"": 5703.7209, ""601939.SH"": 4197.0226, ""601988.SH"": 6811.6688}",0.01431449885,-0.001890974226
2025-08-06,equal-weight hold,172971.5858,173027.3785,328.20727,4,25.90793005,29.8848,99616,0,"{""601288.SH"": 7495.6166, ""601398.SH"": 5703.7209, ""601939.SH"": 4197.0226, ""601988.SH"": 6811.6688}",0.002410495851,0
2025-08-07,equal-weight hold,174721.0402,174776.8329,328.20727,4,25.90793005,29.8848,99616,0,"{""601288.SH"": 7495.6166, ""601398.SH"": 5703.7209, ""601939.SH"": 4197.0226, ""601988.SH"": 6811.6688}",0.01011411452,0
2025-08-08,equal-weight hold,173969.36,174025.1527,328.20727,4,25.90793005,29.8848,99616,0,"{""601288.SH"": 7495.6166, ""601398.SH"": 5703.7209, ""601939.SH"": 4197.0226, ""601988.SH"": 6811.6688}",-0.004302173145,-0.004302173145
2025-08-11,equal-weight hold,172794.6972,172850.49,328.20727,4,25.90793005,29.8848,99616,0,"{""601288.SH"": 7495.6166, ""601398.SH"": 5703.7209, ""601939.SH"": 4197.0226, ""601988.SH"": 6811.6688}",-0.00675212445,-0.01102524879
2025-08-12,equal-weight hold,174515.8604,174571.6531,328.20727,4,25.90793005,29.8848,99616,0,"{""601288.SH"": 7495.6166, ""601398.SH"": 5703.7209, ""601939.SH"": 4197.0226, ""601988.SH"": 6811.6688}",0.009960740598,-0.001174327832
2025-08-13,equal-weight hold,172468.3248,172524.1175,328.20727,4,25.90793005,29.8848,99616,0,"{""601288.SH"": 7495.6166, ""601398.SH"": 5703.7209, ""601939.SH"": 4197.0226, ""601988.SH"": 6811.6688}",-0.01173266215,-0.01289321199
2025-08-14,equal-weight hold,173242.6449,173298.4376,328.20727,4,25.90793005,29.8848,99616,0,"{""601288.SH"": 7495.6166, ""601398.SH"": 5703.7209, ""601939.SH"": 4197.0226, ""601988.SH"": 6811.6688}",0.004489636531,-0.008461461294
2025-08-15,equal-weight hold,170346.5664,170402.3592,328.20727,4,25.90793005,29.8848,99616,0,"{""601288.SH"": 7495.6166, ""601398.SH"": 5703.7209, ""601939.SH"": 4197.0226, ""601988.SH"": 6811.6688}",-0.01671689107,-0.02503690304
2025-08-18,equal-weight hold,170706.2307,170762.0234,328.20727,4,25.90793005,29.8848,99616,0,"{""601288.SH"": 7495.6166, ""601398.SH"": 5703.7209, ""601939.SH"": 4197.0226, ""601988.SH"": 6811.6688}",0.002111367644,-0.0229783975
2025-08-19,equal-weight hold,172442.209,172498.0018,328.20727,4,25.90793005,29.8848,99616,0,"{""601288.SH"": 7495.6166, ""601398.SH"": 5703.7209, ""601939.SH"": 4197.0226, ""601988.SH"": 6811.6688}",0.01016939069,-0.01304268311
2025-08-20,equal-weight hold,173683.1998,173738.9925,328.20727,4,25.90793005,29.8848,99616,0,"{""601288.SH"": 7495.6166, ""601398.SH"": 5703.7209, ""601939.SH"": 4197.0226, ""601988.SH"": 6811.6688}",0.007196560514,-0.005939985054
2025-08-21,equal-weight hold,175544.9123,175600.705,328.20727,4,25.90793005,29.8848,99616,0,"{""601288.SH"": 7495.6166, ""601398.SH"": 5703.7209, ""601939.SH"": 4197.0226, ""601988.SH"": 6811.6688}",0.01071901285,0
2025-08-22,equal-weight hold,176046.6897,176102.4824,328.20727,4,25.90793005,29.8848,99616,0,"{""601288.SH"": 7495.6166, ""601398.SH"": 5703.7209, ""601939.SH"": 4197.0226, ""601988.SH"": 6811.6688}",0.002858399111,0
2025-08-25,equal-weight hold,175298.5424,175354.3351,328.20727,4,25.90793005,29.8848,99616,0,"{""601288.SH"": 7495.6166, ""601398.SH"": 5703.7209, ""601939.SH"": 4197.0226, ""601988.SH"": 6811.6688}",-0.004249709726,-0.004249709726
2025-08-26,equal-weight hold,174916.1916,174971.9843,328.20727,4,25.90793005,29.8848,99616,0,"{""601288.SH"": 7495.6166, ""601398.SH"": 5703.7209, ""601939.SH"": 4197.0226, ""601988.SH"": 6811.6688}",-0.002181140711,-0.006421581222
2025-08-27,equal-weight hold,171590.4895,171646.2823,328.20727,4,25.90793005,29.8848,99616,0,"{""601288.SH"": 7495.6166, ""601398.SH"": 5703.7209, ""601939.SH"": 4197.0226, ""601988.SH"": 6811.6688}",-0.01901311711,-0.02531260406
2025-08-28,equal-weight hold,170608.539,170664.3318,328.20727,4,25.90793005,29.8848,99616,0,"{""601288.SH"": 7495.6166, ""601398.SH"": 5703.7209, ""601939.SH"": 4197.0226, ""601988.SH"": 6811.6688}",-0.005722639401,-0.03089038855
2025-08-29,equal-weight hold,170699.6977,170755.4905,328.20727,4,25.90793005,29.8848,99616,0,"{""601288.SH"": 7495.6166, ""601398.SH"": 5703.7209, ""601939.SH"": 4197.0226, ""601988.SH"": 6811.6688}",0.0005343148705,-0.03037257888
2025-09-01,equal-weight hold,170807.2611,170863.0538,328.20727,4,25.90793005,29.8848,99616,0,"{""601288.SH"": 7495.6166, ""601398.SH"": 5703.7209, ""601939.SH"": 4197.0226, ""601988.SH"": 6811.6688}",0.0006301320808,-0.02976158553
2025-09-02,equal-weight hold,174445.102,174500.8947,328.20727,4,25.90793005,29.8848,99616,0,"{""601288.SH"": 7495.6166, ""601398.SH"": 5703.7209, ""601939.SH"": 4197.0226, ""601988.SH"": 6811.6688}",0.02129792913,-0.00909751654
2025-09-03,equal-weight hold,172481.1281,172536.9208,328.20727,4,25.90793005,29.8848,99616,0,"{""601288.SH"": 7495.6166, ""601398.SH"": 5703.7209, ""601939.SH"": 4197.0226, ""601988.SH"": 6811.6688}",-0.01125840682,-0.02025349982
2025-09-04,equal-weight hold,176595.4867,176651.2795,328.20727,4,25.90793005,29.8848,99616,0,"{""601288.SH"": 7495.6166, ""601398.SH"": 5703.7209, ""601939.SH"": 4197.0226, ""601988.SH"": 6811.6688}",0.02385396404,0
2025-09-05,equal-weight hold,173065.3587,173121.1514,328.20727,4,25.90793005,29.8848,99616,0,"{""601288.SH"": 7495.6166, ""601398.SH"": 5703.7209, ""601939.SH"": 4197.0226, ""601988.SH"": 6811.6688}",-0.01998991074,-0.01998991074
2025-09-08,equal-weight hold,171986.9506,172042.7434,328.20727,4,25.90793005,29.8848,99616,0,"{""601288.SH"": 7495.6166, ""601398.SH"": 5703.7209, ""601939.SH"": 4197.0226, ""601988.SH"": 6811.6688}",-0.006231218548,-0.02609656779
2025-09-09,equal-weight hold,172642.93,172698.7227,328.20727,4,25.90793005,29.8848,99616,0,"{""601288.SH"": 7495.6166, ""601398.SH"": 5703.7209, ""601939.SH"": 4197.0226, ""601988.SH"": 6811.6688}",0.003814122925,-0.02238198038
2025-09-10,equal-weight hold,173376.8664,173432.6591,328.20727,4,25.90793005,29.8848,99616,0,"{""601288.SH"": 7495.6166, ""601398.SH"": 5703.7209, ""601939.SH"": 4197.0226, ""601988.SH"": 6811.6688}",0.004251181102,-0.01822594913
2025-09-11,equal-weight hold,173640.1459,173695.9387,328.20727,4,25.90793005,29.8848,99616,0,"{""601288.SH"": 7495.6166, ""601398.SH"": 5703.7209, ""601939.SH"": 4197.0226, ""601988.SH"": 6811.6688}",0.001518539304,-0.01673508664
2025-09-12,equal-weight hold,172865.0954,172920.8881,328.20727,4,25.90793005,29.8848,99616,0,"{""601288.SH"": 7495.6166, ""601398.SH"": 5703.7209, ""601939.SH"": 4197.0226, ""601988.SH"": 6811.6688}",-0.004463544812,-0.02112393365
2025-09-15,equal-weight hold,171508.2648,171564.0575,328.20727,4,25.90793005,29.8848,99616,0,"{""601288.SH"": 7495.6166, ""601398.SH"": 5703.7209, ""601939.SH"": 4197.0226, ""601988.SH"": 6811.6688}",-0.00784907188,-0.02880720225
2025-09-16,equal-weight hold,170256.3711,170312.1639,328.20727,4,25.90793005,29.8848,99616,0,"{""601288.SH"": 7495.6166, ""601398.SH"": 5703.7209, ""601939.SH"": 4197.0226, ""601988.SH"": 6811.6688}",-0.007299319903,-0.03589624917
2025-09-17,equal-weight hold,169603.6721,169659.4648,328.20727,4,25.90793005,29.8848,99616,0,"{""601288.SH"": 7495.6166, ""601398.SH"": 5703.7209, ""601939.SH"": 4197.0226, ""601988.SH"": 6811.6688}",-0.003833624709,-0.03959226113
2025-09-18,equal-weight hold,165563.3903,165619.183,328.20727,4,25.90793005,29.8848,99616,0,"{""601288.SH"": 7495.6166, ""601398.SH"": 5703.7209, ""601939.SH"": 4197.0226, ""601988.SH"": 6811.6688}",-0.02382190046,-0.06247099869
2025-09-19,equal-weight hold,164544.1372,164599.93,328.20727,4,25.90793005,29.8848,99616,0,"{""601288.SH"": 7495.6166, ""601398.SH"": 5703.7209, ""601939.SH"": 4197.0226, ""601988.SH"": 6811.6688}",-0.006156270843,-0.06824268114
2025-09-22,equal-weight hold,161468.6941,161524.4868,328.20727,4,25.90793005,29.8848,99616,0,"{""601288.SH"": 7495.6166, ""601398.SH"": 5703.7209, ""601939.SH"": 4197.0226, ""601988.SH"": 6811.6688}",-0.01869068804,-0.08565786652
2025-09-23,equal-weight hold,165627.0874,165682.8802,328.20727,4,25.90793005,29.8848,99616,0,"{""601288.SH"": 7495.6166, ""601398.SH"": 5703.7209, ""601939.SH"": 4197.0226, ""601988.SH"": 6811.6688}",0.02575355773,-0.06211030361
2025-09-24,equal-weight hold,164870.7629,164926.5557,328.20727,4,25.90793005,29.8848,99616,0,"{""601288.SH"": 7495.6166, ""601398.SH"": 5703.7209, ""601939.SH"": 4197.0226, ""601988.SH"": 6811.6688}",-0.004566429995,-0.06639311125
2025-09-25,equal-weight hold,164300.8455,164356.6382,328.20727,4,25.90793005,29.8848,99616,0,"{""601288.SH"": 7495.6166, ""601398.SH"": 5703.7209, ""601939.SH"": 4197.0226, ""601988.SH"": 6811.6688}",-0.003456752528,-0.06962035922
2025-09-26,equal-weight hold,164253.1217,164308.9144,328.20727,4,25.90793005,29.8848,99616,0,"{""601288.SH"": 7495.6166, ""601398.SH"": 5703.7209, ""601939.SH"": 4197.0226, ""601988.SH"": 6811.6688}",-0.0002904658823,-0.06989060277
2025-09-29,equal-weight hold,163272.5359,163328.3287,328.20727,4,25.90793005,29.8848,99616,0,"{""601288.SH"": 7495.6166, ""601398.SH"": 5703.7209, ""601939.SH"": 4197.0226, ""601988.SH"": 6811.6688}",-0.00596996742,-0.07544332556
2025-09-30,equal-weight hold,163381.942,163437.7347,328.20727,4,25.90793005,29.8848,99616,0,"{""601288.SH"": 7495.6166, ""601398.SH"": 5703.7209, ""601939.SH"": 4197.0226, ""601988.SH"": 6811.6688}",0.0006700823858,-0.07482379642
2025-10-09,equal-weight hold,164256.2525,164312.0452,328.20727,4,25.90793005,29.8848,99616,0,"{""601288.SH"": 7495.6166, ""601398.SH"": 5703.7209, ""601939.SH"": 4197.0226, ""601988.SH"": 6811.6688}",0.005351328887,-0.06987287428
2025-10-10,equal-weight hold,165356.5933,165412.386,328.20727,4,25.90793005,29.8848,99616,0,"{""601288.SH"": 7495.6166, ""601398.SH"": 5703.7209, ""601939.SH"": 4197.0226, ""601988.SH"": 6811.6688}",0.00669892815,-0.06364201949
2025-10-13,equal-weight hold,165523.7437,165579.5365,328.20727,4,25.90793005,29.8848,99616,0,"{""601288.SH"": 7495.6166, ""601398.SH"": 5703.7209, ""601939.SH"": 4197.0226, ""601988.SH"": 6811.6688}",0.001010848255,-0.06269550366
2025-10-14,equal-weight hold,169827.003,169882.7957,328.20727,4,25.90793005,29.8848,99616,0,"{""601288.SH"": 7495.6166, ""601398.SH"": 5703.7209, ""601939.SH"": 4197.0226, ""601988.SH"": 6811.6688}",0.02599783674,-0.03832761439
2025-10-15,equal-weight hold,170900.0618,170955.8546,328.20727,4,25.90793005,29.8848,99616,0,"{""601288.SH"": 7495.6166, ""601398.SH"": 5703.7209, ""601939.SH"": 4197.0226, ""601988.SH"": 6811.6688}",0.006318540761,-0.03225124823
2025-10-16,equal-weight hold,175207.1824,175262.9751,328.20727,4,25.90793005,29.8848,99616,0,"{""601288.SH"": 7495.6166, ""601398.SH"": 5703.7209, ""601939.SH"": 4197.0226, ""601988.SH"": 6811.6688}",0.02520256852,-0.007861494004
2025-10-17,equal-weight hold,175978.0192,176033.812,328.20727,4,25.90793005,29.8848,99616,0,"{""601288.SH"": 7495.6166, ""601398.SH"": 5703.7209, ""601939.SH"": 4197.0226, ""601988.SH"": 6811.6688}",0.004399573468,-0.003496507757
2025-10-20,equal-weight hold,177157.5562,177213.349,328.20727,4,25.90793005,29.8848,99616,0,"{""601288.SH"": 7495.6166, ""601398.SH"": 5703.7209, ""601939.SH"": 4197.0226, ""601988.SH"": 6811.6688}",0.006702751889,0
2025-10-21,equal-weight hold,178675.329,178731.1217,328.20727,4,25.90793005,29.8848,99616,0,"{""601288.SH"": 7495.6166, ""601398.SH"": 5703.7209, ""601939.SH"": 4197.0226, ""601988.SH"": 6811.6688}",0.008567361082,0
2025-10-22,equal-weight hold,181788.4038,181844.1966,328.20727,4,25.90793005,29.8848,99616,0,"{""601288.SH"": 7495.6166, ""601398.SH"": 5703.7209, ""601939.SH"": 4197.0226, ""601988.SH"": 6811.6688}",0.01742308166,0
2025-10-23,equal-weight hold,181615.5495,181671.3422,328.20727,4,25.90793005,29.8848,99616,0,"{""601288.SH"": 7495.6166, ""601398.SH"": 5703.7209, ""601939.SH"": 4197.0226, ""601988.SH"": 6811.6688}",-0.0009508547681,-0.0009508547681
2025-10-24,equal-weight hold,181888.0162,181943.8089,328.20727,4,25.90793005,29.8848,99616,0,"{""601288.SH"": 7495.6166, ""601398.SH"": 5703.7209, ""601939.SH"": 4197.0226, ""601988.SH"": 6811.6688}",0.001500239127,0
2025-10-27,equal-weight hold,184413.9355,184469.7283,328.20727,4,25.90793005,29.8848,99616,0,"{""601288.SH"": 7495.6166, ""601398.SH"": 5703.7209, ""601939.SH"": 4197.0226, ""601988.SH"": 6811.6688}",0.01388722237,0
2025-10-28,equal-weight hold,185744.8992,185800.6919,328.20727,4,25.90793005,29.8848,99616,0,"{""601288.SH"": 7495.6166, ""601398.SH"": 5703.7209, ""601939.SH"": 4197.0226, ""601988.SH"": 6811.6688}",0.007217261584,0
2025-10-29,equal-weight hold,182961.4815,183017.2743,328.20727,4,25.90793005,29.8848,99616,0,"{""601288.SH"": 7495.6166, ""601398.SH"": 5703.7209, ""601939.SH"": 4197.0226, ""601988.SH"": 6811.6688}",-0.01498516316,-0.01498516316
2025-10-30,equal-weight hold,182726.4669,182782.2597,328.20727,4,25.90793005,29.8848,99616,0,"{""601288.SH"": 7495.6166, ""601398.SH"": 5703.7209, ""601939.SH"": 4197.0226, ""601988.SH"": 6811.6688}",-0.001284503233,-0.01625041791
2025-10-31,equal-weight hold,180900.5428,180956.3355,328.20727,4,25.90793005,29.8848,99616,0,"{""601288.SH"": 7495.6166, ""601398.SH"": 5703.7209, ""601939.SH"": 4197.0226, ""601988.SH"": 6811.6688}",-0.009992663822,-0.02608069677
2025-11-03,equal-weight hold,183317.9617,183373.7544,328.20727,4,25.90793005,29.8848,99616,0,"{""601288.SH"": 7495.6166, ""601398.SH"": 5703.7209, ""601939.SH"": 4197.0226, ""601988.SH"": 6811.6688}",0.01336324852,-0.01306597108
2025-11-04,equal-weight hold,186901.162,186956.9547,328.20727,4,25.90793005,29.8848,99616,0,"{""601288.SH"": 7495.6166, ""601398.SH"": 5703.7209, ""601939.SH"": 4197.0226, ""601988.SH"": 6811.6688}",0.01954636793,0
2025-11-05,equal-weight hold,186616.8094,186672.6021,328.20727,4,25.90793005,29.8848,99616,0,"{""601288.SH"": 7495.6166, ""601398.SH"": 5703.7209, ""601939.SH"": 4197.0226, ""601988.SH"": 6811.6688}",-0.001521406435,-0.001521406435
2025-11-06,equal-weight hold,185809.48,185865.2728,328.20727,4,25.90793005,29.8848,99616,0,"{""601288.SH"": 7495.6166, ""601398.SH"": 5703.7209, ""601939.SH"": 4197.0226, ""601988.SH"": 6811.6688}",-0.004326134129,-0.005840958755
2025-11-07,equal-weight hold,184635.5974,184691.3901,328.20727,4,25.90793005,29.8848,99616,0,"{""601288.SH"": 7495.6166, ""601398.SH"": 5703.7209, ""601939.SH"": 4197.0226, ""601988.SH"": 6811.6688}",-0.00631766835,-0.01212172587
2025-11-10,equal-weight hold,185932.5883,185988.3811,328.20727,4,25.90793005,29.8848,99616,0,"{""601288.SH"": 7495.6166, ""601398.SH"": 5703.7209, ""601939.SH"": 4197.0226, ""601988.SH"": 6811.6688}",0.007024598789,-0.005182277337
2025-11-11,equal-weight hold,187814.0624,187869.8552,328.20727,4,25.90793005,29.8848,99616,0,"{""601288.SH"": 7495.6166, ""601398.SH"": 5703.7209, ""601939.SH"": 4197.0226, ""601988.SH"": 6811.6688}",0.01011911962,0
2025-11-12,equal-weight hold,190913.6875,190969.4803,328.20727,4,25.90793005,29.8848,99616,0,"{""601288.SH"": 7495.6166, ""601398.SH"": 5703.7209, ""601939.SH"": 4197.0226, ""601988.SH"": 6811.6688}",0.01650369004,0
2025-11-13,equal-weight hold,190456.8089,190512.6017,328.20727,4,25.90793005,29.8848,99616,0,"{""601288.SH"": 7495.6166, ""601398.SH"": 5703.7209, ""601939.SH"": 4197.0226, ""601988.SH"": 6811.6688}",-0.002393115928,-0.002393115928
2025-11-14,equal-weight hold,190864.0947,190919.8875,328.20727,4,25.90793005,29.8848,99616,0,"{""601288.SH"": 7495.6166, ""601398.SH"": 5703.7209, ""601939.SH"": 4197.0226, ""601988.SH"": 6811.6688}",0.002138468056,-0.0002597654746
2025-11-17,equal-weight hold,188214.3599,188270.1527,328.20727,4,25.90793005,29.8848,99616,0,"{""601288.SH"": 7495.6166, ""601398.SH"": 5703.7209, ""601939.SH"": 4197.0226, ""601988.SH"": 6811.6688}",-0.01388283542,-0.01413899461
2025-11-18,equal-weight hold,187353.2474,187409.0401,328.20727,4,25.90793005,29.8848,99616,0,"{""601288.SH"": 7495.6166, ""601398.SH"": 5703.7209, ""601939.SH"": 4197.0226, ""601988.SH"": 6811.6688}",-0.004575169066,-0.01864947539
2025-11-19,equal-weight hold,189709.4672,189765.2599,328.20727,4,25.90793005,29.8848,99616,0,"{""601288.SH"": 7495.6166, ""601398.SH"": 5703.7209, ""601939.SH"": 4197.0226, ""601988.SH"": 6811.6688}",0.01257634864,-0.006307669056
2025-11-20,equal-weight hold,192381.7863,192437.579,328.20727,4,25.90793005,29.8848,99616,0,"{""601288.SH"": 7495.6166, ""601398.SH"": 5703.7209, ""601939.SH"": 4197.0226, ""601988.SH"": 6811.6688}",0.0140863774,0
2025-11-21,equal-weight hold,191657.8668,191713.6596,328.20727,4,25.90793005,29.8848,99616,0,"{""601288.SH"": 7495.6166, ""601398.SH"": 5703.7209, ""601939.SH"": 4197.0226, ""601988.SH"": 6811.6688}",-0.003762931475,-0.003762931475
2025-11-24,equal-weight hold,190162.5311,190218.3239,328.20727,4,25.90793005,29.8848,99616,0,"{""601288.SH"": 7495.6166, ""601398.SH"": 5703.7209, ""601939.SH"": 4197.0226, ""601988.SH"": 6811.6688}",-0.007802109736,-0.01153568241
2025-11-25,equal-weight hold,192197.4737,192253.2664,328.20727,4,25.90793005,29.8848,99616,0,"{""601288.SH"": 7495.6166, ""601398.SH"": 5703.7209, ""601939.SH"": 4197.0226, ""601988.SH"": 6811.6688}",0.01070107017,-0.0009580563871
2025-11-26,equal-weight hold,189072.5889,189128.3816,328.20727,4,25.90793005,29.8848,99616,0,"{""601288.SH"": 7495.6166, ""601398.SH"": 5703.7209, ""601939.SH"": 4197.0226, ""601988.SH"": 6811.6688}",-0.01625871947,-0.01720119908
2025-11-27,equal-weight hold,190366.1507,190421.9434,328.20727,4,25.90793005,29.8848,99616,0,"{""601288.SH"": 7495.6166, ""601398.SH"": 5703.7209, ""601939.SH"": 4197.0226, ""601988.SH"": 6811.6688}",0.006841614694,-0.01047726837
2025-11-28,equal-weight hold,188740.2097,188796.0024,328.20727,4,25.90793005,29.8848,99616,0,"{""601288.SH"": 7495.6166, ""601398.SH"": 5703.7209, ""601939.SH"": 4197.0226, ""601988.SH"": 6811.6688}",-0.008541124825,-0.01892890553
2025-12-01,equal-weight hold,188209.3842,188265.1769,328.20727,4,25.90793005,29.8848,99616,0,"{""601288.SH"": 7495.6166, ""601398.SH"": 5703.7209, ""601939.SH"": 4197.0226, ""601988.SH"": 6811.6688}",-0.002812466271,-0.0216881349
2025-12-02,equal-weight hold,188156.2849,188212.0776,328.20727,4,25.90793005,29.8848,99616,0,"{""601288.SH"": 7495.6166, ""601398.SH"": 5703.7209, ""601939.SH"": 4197.0226, ""601988.SH"": 6811.6688}",-0.0002821289838,-0.02196414503
2025-12-03,equal-weight hold,186139.3875,186195.1802,328.20727,4,25.90793005,29.8848,99616,0,"{""601288.SH"": 7495.6166, ""601398.SH"": 5703.7209, ""601939.SH"": 4197.0226, ""601988.SH"": 6811.6688}",-0.0107192666,-0.0324479721
2025-12-04,equal-weight hold,184921.1869,184976.9796,328.20727,4,25.90793005,29.8848,99616,0,"{""601288.SH"": 7495.6166, ""601398.SH"": 5703.7209, ""601939.SH"": 4197.0226, ""601988.SH"": 6811.6688}",-0.006544561061,-0.03878017543
2025-12-05,equal-weight hold,183166.7357,183222.5284,328.20727,4,25.90793005,29.8848,99616,0,"{""601288.SH"": 7495.6166, ""601398.SH"": 5703.7209, ""601939.SH"": 4197.0226, ""601988.SH"": 6811.6688}",-0.009487561916,-0.04789980803
2025-12-08,equal-weight hold,183452.8814,183508.6741,328.20727,4,25.90793005,29.8848,99616,0,"{""601288.SH"": 7495.6166, ""601398.SH"": 5703.7209, ""601939.SH"": 4197.0226, ""601988.SH"": 6811.6688}",0.001562214379,-0.04641242342
2025-12-09,equal-weight hold,185773.4414,185829.2341,328.20727,4,25.90793005,29.8848,99616,0,"{""601288.SH"": 7495.6166, ""601398.SH"": 5703.7209, ""601939.SH"": 4197.0226, ""601988.SH"": 6811.6688}",0.01264935152,-0.03435015896
2025-12-10,equal-weight hold,181969.2068,182024.9995,328.20727,4,25.90793005,29.8848,99616,0,"{""601288.SH"": 7495.6166, ""601398.SH"": 5703.7209, ""601939.SH"": 4197.0226, ""601988.SH"": 6811.6688}",-0.02047781726,-0.05412455994
2025-12-11,equal-weight hold,183363.9469,183419.7396,328.20727,4,25.90793005,29.8848,99616,0,"{""601288.SH"": 7495.6166, ""601398.SH"": 5703.7209, ""601939.SH"": 4285.5747, ""601988.SH"": 6944.43}",0.007664703996,-0.04687470467
2025-12-12,equal-weight hold,180528.2897,180584.0824,328.20727,4,25.90793005,29.8848,99616,0,"{""601288.SH"": 7495.6166, ""601398.SH"": 5703.7209, ""601939.SH"": 4285.5747, ""601988.SH"": 6944.43}",-0.01546463869,-0.06161444299
2025-12-15,equal-weight hold,179715.3699,179771.1626,328.20727,4,25.90793005,29.8848,99616,0,"{""601288.SH"": 7614.0989, ""601398.SH"": 5805.814, ""601939.SH"": 4285.5747, ""601988.SH"": 6944.43}",-0.004503005037,-0.06583999788
2025-12-16,equal-weight hold,178375.2502,178431.0429,328.20727,4,25.90793005,29.8848,99616,0,"{""601288.SH"": 7614.0989, ""601398.SH"": 5805.814, ""601939.SH"": 4285.5747, ""601988.SH"": 6944.43}",-0.007456901034,-0.07280593657
2025-12-17,equal-weight hold,179625.0847,179680.8774,328.20727,4,25.90793005,29.8848,99616,0,"{""601288.SH"": 7614.0989, ""601398.SH"": 5805.814, ""601939.SH"": 4285.5747, ""601988.SH"": 6944.43}",0.007006770868,-0.06630930022
2025-12-18,equal-weight hold,183422.9269,183478.7196,328.20727,4,25.90793005,29.8848,99616,0,"{""601288.SH"": 7614.0989, ""601398.SH"": 5805.814, ""601939.SH"": 4285.5747, ""601988.SH"": 6944.43}",0.0211431617,-0.04656812677
2025-12-19,equal-weight hold,182168.661,182224.4537,328.20727,4,25.90793005,29.8848,99616,0,"{""601288.SH"": 7614.0989, ""601398.SH"": 5805.814, ""601939.SH"": 4285.5747, ""601988.SH"": 6944.43}",-0.006838108801,-0.05308779766
2025-12-22,equal-weight hold,182686.4389,182742.2316,328.20727,4,25.90793005,29.8848,99616,0,"{""601288.SH"": 7614.0989, ""601398.SH"": 5805.814, ""601939.SH"": 4285.5747, ""601988.SH"": 6944.43}",0.00284229946,-0.05039638962
2025-12-23,equal-weight hold,183730.5003,183786.2931,328.20727,4,25.90793005,29.8848,99616,0,"{""601288.SH"": 7614.0989, ""601398.SH"": 5805.814, ""601939.SH"": 4285.5747, ""601988.SH"": 6944.43}",0.005715046418,-0.0449693609
2025-12-24,equal-weight hold,183097.5486,183153.3413,328.20727,4,25.90793005,29.8848,99616,0,"{""601288.SH"": 7614.0989, ""601398.SH"": 5805.814, ""601939.SH"": 4285.5747, ""601988.SH"": 6944.43}",-0.003445000957,-0.04825944237
2025-12-25,equal-weight hold,182340.0906,182395.8833,328.20727,4,25.90793005,29.8848,99616,0,"{""601288.SH"": 7614.0989, ""601398.SH"": 5805.814, ""601939.SH"": 4285.5747, ""601988.SH"": 6944.43}",-0.004136909504,-0.05219670693
2025-12-26,equal-weight hold,180767.6226,180823.4153,328.20727,4,25.90793005,29.8848,99616,0,"{""601288.SH"": 7614.0989, ""601398.SH"": 5805.814, ""601939.SH"": 4285.5747, ""601988.SH"": 6944.43}",-0.008623819505,-0.06037039145
2025-12-29,equal-weight hold,183363.3178,183419.1105,328.20727,4,25.90793005,29.8848,99616,0,"{""601288.SH"": 7614.0989, ""601398.SH"": 5805.814, ""601939.SH"": 4285.5747, ""601988.SH"": 6944.43}",0.01435929283,-0.04687797475
2025-12-30,equal-weight hold,182735.0555,182790.8482,328.20727,4,25.90793005,29.8848,99616,0,"{""601288.SH"": 7614.0989, ""601398.SH"": 5805.814, ""601939.SH"": 4285.5747, ""601988.SH"": 6944.43}",-0.00342632477,-0.05014368036
2025-12-31,equal-weight hold,184406.3078,184462.1006,328.20727,4,25.90793005,29.8848,99616,0,"{""601288.SH"": 7614.0989, ""601398.SH"": 5805.814, ""601939.SH"": 4285.5747, ""601988.SH"": 6944.43}",0.009145767409,-0.04145651538
2026-01-05,equal-weight hold,182384.8844,182440.6771,328.20727,4,25.90793005,29.8848,99616,0,"{""601288.SH"": 7614.0989, ""601398.SH"": 5805.814, ""601939.SH"": 4285.5747, ""601988.SH"": 6944.43}",-0.01096179123,-0.05196386895
2026-01-06,equal-weight hold,181251.371,181307.1637,328.20727,4,25.90793005,29.8848,99616,0,"{""601288.SH"": 7614.0989, ""601398.SH"": 5805.814, ""601939.SH"": 4285.5747, ""601988.SH"": 6944.43}",-0.006214952465,-0.05785586844
2026-01-07,equal-weight hold,179705.4915,179761.2842,328.20727,4,25.90793005,29.8848,99616,0,"{""601288.SH"": 7614.0989, ""601398.SH"": 5805.814, ""601939.SH"": 4285.5747, ""601988.SH"": 6944.43}",-0.008528925701,-0.06589134574
2026-01-08,equal-weight hold,178912.9393,178968.732,328.20727,4,25.90793005,29.8848,99616,0,"{""601288.SH"": 7614.0989, ""601398.SH"": 5805.814, ""601939.SH"": 4285.5747, ""601988.SH"": 6944.43}",-0.004410283959,-0.07001103015
2026-01-09,equal-weight hold,178463.7324,178519.5252,328.20727,4,25.90793005,29.8848,99616,0,"{""601288.SH"": 7614.0989, ""601398.SH"": 5805.814, ""601939.SH"": 4285.5747, ""601988.SH"": 6944.43}",-0.002510756505,-0.07234600601
2026-01-12,equal-weight hold,179967.5137,180023.3064,328.20727,4,25.90793005,29.8848,99616,0,"{""601288.SH"": 7614.0989, ""601398.SH"": 5805.814, ""601939.SH"": 4285.5747, ""601988.SH"": 6944.43}",0.008426256722,-0.0645293553
2026-01-13,equal-weight hold,181583.7799,181639.5726,328.20727,4,25.90793005,29.8848,99616,0,"{""601288.SH"": 7614.0989, ""601398.SH"": 5805.814, ""601939.SH"": 4285.5747, ""601988.SH"": 6944.43}",0.008980877492,-0.05612800805
2026-01-14,equal-weight hold,178784.5702,178840.363,328.20727,4,25.90793005,29.8848,99616,0,"{""601288.SH"": 7614.0989, ""601398.SH"": 5805.814, ""601939.SH"": 4285.5747, ""601988.SH"": 6944.43}",-0.01541552683,-0.07067829206
2026-01-15,equal-weight hold,177135.1971,177190.9898,328.20727,4,25.90793005,29.8848,99616,0,"{""601288.SH"": 7614.0989, ""601398.SH"": 5805.814, ""601939.SH"": 4285.5747, ""601988.SH"": 6944.43}",-0.009225478191,-0.07925172921
2026-01-16,equal-weight hold,175263.9194,175319.7121,328.20727,4,25.90793005,29.8848,99616,0,"{""601288.SH"": 7614.0989, ""601398.SH"": 5805.814, ""601939.SH"": 4285.5747, ""601988.SH"": 6944.43}",-0.01056412132,-0.08897862565
2026-01-19,equal-weight hold,173641.2704,173697.0632,328.20727,4,25.90793005,29.8848,99616,0,"{""601288.SH"": 7614.0989, ""601398.SH"": 5805.814, ""601939.SH"": 4285.5747, ""601988.SH"": 6944.43}",-0.00925831707,-0.09741315039
2026-01-20,equal-weight hold,175130.7159,175186.5086,328.20727,4,25.90793005,29.8848,99616,0,"{""601288.SH"": 7614.0989, ""601398.SH"": 5805.814, ""601939.SH"": 4285.5747, ""601988.SH"": 6944.43}",0.008577715586,-0.0896710171
2026-01-21,equal-weight hold,170979.0712,171034.8639,328.20727,4,25.90793005,29.8848,99616,0,"{""601288.SH"": 7614.0989, ""601398.SH"": 5805.814, ""601939.SH"": 4285.5747, ""601988.SH"": 6944.43}",-0.02370597662,-0.1112512547
2026-01-22,equal-weight hold,168435.6107,168491.4034,328.20727,4,25.90793005,29.8848,99616,0,"{""601288.SH"": 7614.0989, ""601398.SH"": 5805.814, ""601939.SH"": 4285.5747, ""601988.SH"": 6944.43}",-0.01487585889,-0.1244721556
2026-01-23,equal-weight hold,167250.66,167306.4527,328.20727,4,25.90793005,29.8848,99616,0,"{""601288.SH"": 7614.0989, ""601398.SH"": 5805.814, ""601939.SH"": 4285.5747, ""601988.SH"": 6944.43}",-0.007035036415,-0.1306315259
2026-01-26,equal-weight hold,168559.3035,168615.0962,328.20727,4,25.90793005,29.8848,99616,0,"{""601288.SH"": 7614.0989, ""601398.SH"": 5805.814, ""601939.SH"": 4285.5747, ""601988.SH"": 6944.43}",0.007824444468,-0.1238292005
2026-01-27,equal-weight hold,169149.4062,169205.1989,328.20727,4,25.90793005,29.8848,99616,0,"{""601288.SH"": 7614.0989, ""601398.SH"": 5805.814, ""601939.SH"": 4285.5747, ""601988.SH"": 6944.43}",0.003500860709,-0.1207618486
2026-01-28,equal-weight hold,168316.5514,168372.3441,328.20727,4,25.90793005,29.8848,99616,0,"{""601288.SH"": 7614.0989, ""601398.SH"": 5805.814, ""601939.SH"": 4285.5747, ""601988.SH"": 6944.43}",-0.004923781767,-0.1250910254
2026-01-29,equal-weight hold,168978.0856,169033.8784,328.20727,4,25.90793005,29.8848,99616,0,"{""601288.SH"": 7614.0989, ""601398.SH"": 5805.814, ""601939.SH"": 4285.5747, ""601988.SH"": 6944.43}",0.003930298204,-0.1216523722
2026-01-30,equal-weight hold,168248.9028,168304.6956,328.20727,4,25.90793005,29.8848,99616,0,"{""601288.SH"": 7614.0989, ""601398.SH"": 5805.814, ""601939.SH"": 4285.5747, ""601988.SH"": 6944.43}",-0.004315250708,-0.1254426624
2026-02-02,equal-weight hold,169759.3675,169815.1602,328.20727,4,25.90793005,29.8848,99616,0,"{""601288.SH"": 7614.0989, ""601398.SH"": 5805.814, ""601939.SH"": 4285.5747, ""601988.SH"": 6944.43}",0.008977560082,-0.1175912714
2026-02-03,equal-weight hold,166460.661,166516.4537,328.20727,4,25.90793005,29.8848,99616,0,"{""601288.SH"": 7614.0989, ""601398.SH"": 5805.814, ""601939.SH"": 4285.5747, ""601988.SH"": 6944.43}",-0.01943166093,-0.1347379386
2026-02-04,equal-weight hold,167671.2512,167727.0439,328.20727,4,25.90793005,29.8848,99616,0,"{""601288.SH"": 7614.0989, ""601398.SH"": 5805.814, ""601939.SH"": 4285.5747, ""601988.SH"": 6944.43}",0.007272530004,-0.1284452943
2026-02-05,equal-weight hold,169066.6577,169122.4504,328.20727,4,25.90793005,29.8848,99616,0,"{""601288.SH"": 7614.0989, ""601398.SH"": 5805.814, ""601939.SH"": 4285.5747, ""601988.SH"": 6944.43}",0.008322276512,-0.121191975
2026-02-06,equal-weight hold,168301.6364,168357.4291,328.20727,4,25.90793005,29.8848,99616,0,"{""601288.SH"": 7614.0989, ""601398.SH"": 5805.814, ""601939.SH"": 4285.5747, ""601988.SH"": 6944.43}",-0.004524968361,-0.1251685535
2026-02-09,equal-weight hold,169016.361,169072.1537,328.20727,4,25.90793005,29.8848,99616,0,"{""601288.SH"": 7614.0989, ""601398.SH"": 5805.814, ""601939.SH"": 4285.5747, ""601988.SH"": 6944.43}",0.004246688514,-0.1214534169
2026-02-10,equal-weight hold,169964.5054,170020.2981,328.20727,4,25.90793005,29.8848,99616,0,"{""601288.SH"": 7614.0989, ""601398.SH"": 5805.814, ""601939.SH"": 4285.5747, ""601988.SH"": 6944.43}",0.005609778621,-0.1165249651
2026-02-11,equal-weight hold,170320.4374,170376.2302,328.20727,4,25.90793005,29.8848,99616,0,"{""601288.SH"": 7614.0989, ""601398.SH"": 5805.814, ""601939.SH"": 4285.5747, ""601988.SH"": 6944.43}",0.002094155154,-0.1146748313
2026-02-12,equal-weight hold,167182.3138,167238.1065,328.20727,4,25.90793005,29.8848,99616,0,"{""601288.SH"": 7614.0989, ""601398.SH"": 5805.814, ""601939.SH"": 4285.5747, ""601988.SH"": 6944.43}",-0.01842482132,-0.1309867893
2026-02-13,equal-weight hold,165334.7508,165390.5436,328.20727,4,25.90793005,29.8848,99616,0,"{""601288.SH"": 7614.0989, ""601398.SH"": 5805.814, ""601939.SH"": 4285.5747, ""601988.SH"": 6944.43}",-0.01105118677,-0.1405904166
2026-02-24,equal-weight hold,164591.4371,164647.2298,328.20727,4,25.90793005,29.8848,99616,0,"{""601288.SH"": 7614.0989, ""601398.SH"": 5805.814, ""601939.SH"": 4285.5747, ""601988.SH"": 6944.43}",-0.004495810788,-0.1444541595
2026-02-25,equal-weight hold,164633.2347,164689.0274,328.20727,4,25.90793005,29.8848,99616,0,"{""601288.SH"": 7614.0989, ""601398.SH"": 5805.814, ""601939.SH"": 4285.5747, ""601988.SH"": 6944.43}",0.0002539475136,-0.1442368957
2026-02-26,equal-weight hold,163157.9867,163213.7794,328.20727,4,25.90793005,29.8848,99616,0,"{""601288.SH"": 7614.0989, ""601398.SH"": 5805.814, ""601939.SH"": 4285.5747, ""601988.SH"": 6944.43}",-0.008960815204,-0.1519052308
2026-02-27,equal-weight hold,162714.3492,162770.1419,328.20727,4,25.90793005,29.8848,99616,0,"{""601288.SH"": 7614.0989, ""601398.SH"": 5805.814, ""601939.SH"": 4285.5747, ""601988.SH"": 6944.43}",-0.002719066863,-0.1542112572
2026-03-02,equal-weight hold,164278.3115,164334.1042,328.20727,4,25.90793005,29.8848,99616,0,"{""601288.SH"": 7614.0989, ""601398.SH"": 5805.814, ""601939.SH"": 4285.5747, ""601988.SH"": 6944.43}",0.009611705011,-0.1460817853
2026-03-03,equal-weight hold,168688.9129,168744.7057,328.20727,4,25.90793005,29.8848,99616,0,"{""601288.SH"": 7614.0989, ""601398.SH"": 5805.814, ""601939.SH"": 4285.5747, ""601988.SH"": 6944.43}",0.02684834894,-0.1231554911
2026-03-04,equal-weight hold,167589.8653,167645.6581,328.20727,4,25.90793005,29.8848,99616,0,"{""601288.SH"": 7614.0989, ""601398.SH"": 5805.814, ""601939.SH"": 4285.5747, ""601988.SH"": 6944.43}",-0.006515233166,-0.1288683375
2026-03-05,equal-weight hold,168670.0859,168725.8786,328.20727,4,25.90793005,29.8848,99616,0,"{""601288.SH"": 7614.0989, ""601398.SH"": 5805.814, ""601939.SH"": 4285.5747, ""601988.SH"": 6944.43}",0.00644561969,-0.1232533541
2026-03-06,equal-weight hold,168494.0892,168549.8819,328.20727,4,25.90793005,29.8848,99616,0,"{""601288.SH"": 7614.0989, ""601398.SH"": 5805.814, ""601939.SH"": 4285.5747, ""601988.SH"": 6944.43}",-0.001043437628,-0.1241681845
2026-03-09,equal-weight hold,168308.8359,168364.6286,328.20727,4,25.90793005,29.8848,99616,0,"{""601288.SH"": 7614.0989, ""601398.SH"": 5805.814, ""601939.SH"": 4285.5747, ""601988.SH"": 6944.43}",-0.001099464527,-0.1251311305
2026-03-10,equal-weight hold,166628.7573,166684.55,328.20727,4,25.90793005,29.8848,99616,0,"{""601288.SH"": 7614.0989, ""601398.SH"": 5805.814, ""601939.SH"": 4285.5747, ""601988.SH"": 6944.43}",-0.009982117668,-0.1338641745
2026-03-11,equal-weight hold,168153.6735,168209.4662,328.20727,4,25.90793005,29.8848,99616,0,"{""601288.SH"": 7614.0989, ""601398.SH"": 5805.814, ""601939.SH"": 4285.5747, ""601988.SH"": 6944.43}",0.009151578612,-0.1259376645
2026-03-12,equal-weight hold,168745.77,168801.5628,328.20727,4,25.90793005,29.8848,99616,0,"{""601288.SH"": 7614.0989, ""601398.SH"": 5805.814, ""601939.SH"": 4285.5747, ""601988.SH"": 6944.43}",0.003521163513,-0.122859948
2026-03-13,equal-weight hold,169178.888,169234.6807,328.20727,4,25.90793005,29.8848,99616,0,"{""601288.SH"": 7614.0989, ""601398.SH"": 5805.814, ""601939.SH"": 4285.5747, ""601988.SH"": 6944.43}",0.002566689014,-0.1206086023
2026-03-16,equal-weight hold,169895.6132,169951.4059,328.20727,4,25.90793005,29.8848,99616,0,"{""601288.SH"": 7614.0989, ""601398.SH"": 5805.814, ""601939.SH"": 4285.5747, ""601988.SH"": 6944.43}",0.004236493168,-0.1168830667
2026-03-17,equal-weight hold,172583.267,172639.0597,328.20727,4,25.90793005,29.8848,99616,0,"{""601288.SH"": 7614.0989, ""601398.SH"": 5805.814, ""601939.SH"": 4285.5747, ""601988.SH"": 6944.43}",0.01581944201,-0.1029126496
2026-03-18,equal-weight hold,172302.4177,172358.2105,328.20727,4,25.90793005,29.8848,99616,0,"{""601288.SH"": 7614.0989, ""601398.SH"": 5805.814, ""601939.SH"": 4285.5747, ""601988.SH"": 6944.43}",-0.00162732588,-0.104372503
2026-03-19,equal-weight hold,174480.2467,174536.0394,328.20727,4,25.90793005,29.8848,99616,0,"{""601288.SH"": 7614.0989, ""601398.SH"": 5805.814, ""601939.SH"": 4285.5747, ""601988.SH"": 6944.43}",0.01263957286,-0.09305215401
2026-03-20,equal-weight hold,173805.6198,173861.4125,328.20727,4,25.90793005,29.8848,99616,0,"{""601288.SH"": 7614.0989, ""601398.SH"": 5805.814, ""601939.SH"": 4285.5747, ""601988.SH"": 6944.43}",-0.003866494715,-0.09655886306
2026-03-23,equal-weight hold,168369.9196,168425.7123,328.20727,4,25.90793005,29.8848,99616,0,"{""601288.SH"": 7614.0989, ""601398.SH"": 5805.814, ""601939.SH"": 4285.5747, ""601988.SH"": 6944.43}",-0.03127459393,-0.1248136178
2026-03-24,equal-weight hold,170245.9959,170301.7886,328.20727,4,25.90793005,29.8848,99616,0,"{""601288.SH"": 7614.0989, ""601398.SH"": 5805.814, ""601939.SH"": 4285.5747, ""601988.SH"": 6944.43}",0.01114258588,-0.1150617783
2026-03-25,equal-weight hold,171598.3617,171654.1544,328.20727,4,25.90793005,29.8848,99616,0,"{""601288.SH"": 7614.0989, ""601398.SH"": 5805.814, ""601939.SH"": 4285.5747, ""601988.SH"": 6944.43}",0.00794359856,-0.1080321844
2026-03-26,equal-weight hold,172180.8745,172236.6672,328.20727,4,25.90793005,29.8848,99616,0,"{""601288.SH"": 7614.0989, ""601398.SH"": 5805.814, ""601939.SH"": 4285.5747, ""601988.SH"": 6944.43}",0.003394629117,-0.1050042844
2026-03-27,equal-weight hold,171681.1795,171736.9722,328.20727,4,25.90793005,29.8848,99616,0,"{""601288.SH"": 7614.0989, ""601398.SH"": 5805.814, ""601939.SH"": 4285.5747, ""601988.SH"": 6944.43}",-0.002902151817,-0.1076016979
2026-03-30,equal-weight hold,173824.4535,173880.2463,328.20727,4,25.90793005,29.8848,99616,0,"{""601288.SH"": 7614.0989, ""601398.SH"": 5805.814, ""601939.SH"": 4285.5747, ""601988.SH"": 6944.43}",0.01248403632,-0.09646096506
2026-03-31,equal-weight hold,177818.6877,177874.4805,328.20727,4,25.90793005,29.8848,99616,0,"{""601288.SH"": 7614.0989, ""601398.SH"": 5805.814, ""601939.SH"": 4285.5747, ""601988.SH"": 6944.43}",0.02297855167,-0.07569894666
2026-04-01,equal-weight hold,176537.083,176592.8757,328.20727,4,25.90793005,29.8848,99616,0,"{""601288.SH"": 7614.0989, ""601398.SH"": 5805.814, ""601939.SH"": 4285.5747, ""601988.SH"": 6944.43}",-0.007207368214,-0.0823607247
2026-04-02,equal-weight hold,179621.8512,179677.6439,328.20727,4,25.90793005,29.8848,99616,0,"{""601288.SH"": 7614.0989, ""601398.SH"": 5805.814, ""601939.SH"": 4285.5747, ""601988.SH"": 6944.43}",0.01747376918,-0.06632610781
2026-04-03,equal-weight hold,176653.2325,176709.0252,328.20727,4,25.90793005,29.8848,99616,0,"{""601288.SH"": 7614.0989, ""601398.SH"": 5805.814, ""601939.SH"": 4285.5747, ""601988.SH"": 6944.43}",-0.01652704691,-0.08175698002
2026-04-07,equal-weight hold,173977.3884,174033.1812,328.20727,4,25.90793005,29.8848,99616,0,"{""601288.SH"": 7614.0989, ""601398.SH"": 5805.814, ""601939.SH"": 4285.5747, ""601988.SH"": 6944.43}",-0.01514743869,-0.09566600987
2026-04-08,equal-weight hold,173025.1133,173080.906,328.20727,4,25.90793005,29.8848,99616,0,"{""601288.SH"": 7614.0989, ""601398.SH"": 5805.814, ""601939.SH"": 4285.5747, ""601988.SH"": 6944.43}",-0.005473556858,-0.1006159334
2026-04-09,equal-weight hold,172378.9597,172434.7525,328.20727,4,25.90793005,29.8848,99616,0,"{""601288.SH"": 7614.0989, ""601398.SH"": 5805.814, ""601939.SH"": 4285.5747, ""601988.SH"": 6944.43}",-0.003734449602,-0.1039746379
2026-04-10,equal-weight hold,171780.358,171836.1508,328.20727,4,25.90793005,29.8848,99616,0,"{""601288.SH"": 7614.0989, ""601398.SH"": 5805.814, ""601939.SH"": 4285.5747, ""601988.SH"": 6944.43}",-0.003472591482,-0.1070861679
2026-04-13,equal-weight hold,173130.035,173185.8277,328.20727,4,25.90793005,29.8848,99616,0,"{""601288.SH"": 7614.0989, ""601398.SH"": 5805.814, ""601939.SH"": 4285.5747, ""601988.SH"": 6944.43}",0.007856992312,-0.1000705508
2026-04-14,equal-weight hold,175015.4503,175071.243,328.20727,4,25.90793005,29.8848,99616,0,"{""601288.SH"": 7614.0989, ""601398.SH"": 5805.814, ""601939.SH"": 4285.5747, ""601988.SH"": 6944.43}",0.01089016879,-0.09027016718
2026-04-15,equal-weight hold,177539.5849,177595.3776,328.20727,4,25.90793005,29.8848,99616,0,"{""601288.SH"": 7614.0989, ""601398.SH"": 5805.814, ""601939.SH"": 4285.5747, ""601988.SH"": 6944.43}",0.01442235301,-0.07714972239
2026-04-16,equal-weight hold,177645.2015,177700.9943,328.20727,4,25.90793005,29.8848,99616,0,"{""601288.SH"": 7614.0989, ""601398.SH"": 5805.814, ""601939.SH"": 4285.5747, ""601988.SH"": 6944.43}",0.0005948906431,-0.0766007274
2026-04-17,equal-weight hold,177675.6196,177731.4123,328.20727,4,25.90793005,29.8848,99616,0,"{""601288.SH"": 7614.0989, ""601398.SH"": 5805.814, ""601939.SH"": 4285.5747, ""601988.SH"": 6944.43}",0.0001712293123,-0.07644261437
2026-04-20,equal-weight hold,181694.3681,181750.1608,328.20727,4,25.90793005,29.8848,99616,0,"{""601288.SH"": 7614.0989, ""601398.SH"": 5805.814, ""601939.SH"": 4285.5747, ""601988.SH"": 6944.43}",0.02261845753,-0.05555317087
2026-04-21,equal-weight hold,182631.1196,182686.9124,328.20727,4,25.90793005,29.8848,99616,0,"{""601288.SH"": 7614.0989, ""601398.SH"": 5805.814, ""601939.SH"": 4285.5747, ""601988.SH"": 6944.43}",0.005155644494,-0.05068393878
2026-04-22,equal-weight hold,180330.8542,180386.6469,328.20727,4,25.90793005,29.8848,99616,0,"{""601288.SH"": 7614.0989, ""601398.SH"": 5805.814, ""601939.SH"": 4285.5747, ""601988.SH"": 6944.43}",-0.01259514508,-0.0626407123
2026-04-23,equal-weight hold,179978.616,180034.4087,328.20727,4,25.90793005,29.8848,99616,0,"{""601288.SH"": 7614.0989, ""601398.SH"": 5805.814, ""601939.SH"": 4285.5747, ""601988.SH"": 6944.43}",-0.001953288571,-0.06447164548
2026-04-24,equal-weight hold,180028.1684,180083.9612,328.20727,4,25.90793005,29.8848,99616,0,"{""601288.SH"": 7614.0989, ""601398.SH"": 5805.814, ""601939.SH"": 4285.5747, ""601988.SH"": 6944.43}",0.000275324015,-0.06421407206
2026-04-27,equal-weight hold,178103.7136,178159.5063,328.20727,4,25.90793005,29.8848,99616,0,"{""601288.SH"": 7614.0989, ""601398.SH"": 5805.814, ""601939.SH"": 4285.5747, ""601988.SH"": 6944.43}",-0.01068974281,-0.07421738295
2026-04-28,equal-weight hold,179538.1663,179593.959,328.20727,4,25.90793005,29.8848,99616,0,"{""601288.SH"": 7614.0989, ""601398.SH"": 5805.814, ""601939.SH"": 4285.5747, ""601988.SH"": 6944.43}",0.008054030094,-0.06676110189
2026-04-29,equal-weight hold,178789.2206,178845.0134,328.20727,4,25.90793005,29.8848,99616,0,"{""601288.SH"": 7614.0989, ""601398.SH"": 5805.814, ""601939.SH"": 4285.5747, ""601988.SH"": 6944.43}",-0.004171512164,-0.07065411931
2026-04-30,equal-weight hold,178843.0256,178898.8184,328.20727,4,25.90793005,29.8848,99616,0,"{""601288.SH"": 7614.0989, ""601398.SH"": 5805.814, ""601939.SH"": 4285.5747, ""601988.SH"": 6944.43}",0.0003009409425,-0.07037444108
2026-05-06,equal-weight hold,176943.043,176998.8358,328.20727,4,25.90793005,29.8848,99616,0,"{""601288.SH"": 7614.0989, ""601398.SH"": 5805.814, ""601939.SH"": 4285.5747, ""601988.SH"": 6944.43}",-0.01062374437,-0.08025054538
2026-05-07,equal-weight hold,176668.7681,176724.5609,328.20727,4,25.90793005,29.8848,99616,0,"{""601288.SH"": 7614.0989, ""601398.SH"": 5805.814, ""601939.SH"": 4285.5747, ""601988.SH"": 6944.43}",-0.001550074575,-0.08167622562
2026-05-08,equal-weight hold,177148.4423,177204.235,328.20727,4,25.90793005,29.8848,99616,0,"{""601288.SH"": 7614.0989, ""601398.SH"": 5805.814, ""601939.SH"": 4285.5747, ""601988.SH"": 6944.43}",0.002715104397,-0.0791828807
2026-05-11,equal-weight hold,176135.5298,176191.3225,328.20727,4,25.90793005,29.8848,99616,0,"{""601288.SH"": 7614.0989, ""601398.SH"": 5805.814, ""601939.SH"": 4285.5747, ""601988.SH"": 6944.43}",-0.005717874025,-0.08444799699
2026-05-12,equal-weight hold,176510.398,176566.1907,328.20727,4,25.90793005,29.8848,99616,0,"{""601288.SH"": 7614.0989, ""601398.SH"": 5805.814, ""601939.SH"": 4285.5747, ""601988.SH"": 6944.43}",0.002128294127,-0.08249943304
2026-05-13,equal-weight hold,175887.865,175943.6577,328.20727,4,25.90793005,29.8848,99616,0,"{""601288.SH"": 7762.7958, ""601398.SH"": 5940.9302, ""601939.SH"": 4285.5747, ""601988.SH"": 6944.43}",-0.003526891535,-0.08573535803
2026-05-14,equal-weight hold,177914.9116,177970.7043,328.20727,4,25.90793005,29.8848,99616,0,"{""601288.SH"": 7762.7958, ""601398.SH"": 5940.9302, ""601939.SH"": 4285.5747, ""601988.SH"": 6944.43}",0.01152465295,-0.07519877532
2026-05-15,equal-weight hold,177410.983,177466.7758,328.20727,4,25.90793005,29.8848,99616,0,"{""601288.SH"": 7762.7958, ""601398.SH"": 5940.9302, ""601939.SH"": 4285.5747, ""601988.SH"": 6944.43}",-0.002832413311,-0.07781819462
2026-05-18,equal-weight hold,176313.4063,176369.1991,328.20727,4,25.90793005,29.8848,99616,0,"{""601288.SH"": 7762.7958, ""601398.SH"": 5940.9302, ""601939.SH"": 4285.5747, ""601988.SH"": 6944.43}",-0.006186633313,-0.0835233953
2026-05-19,equal-weight hold,177890.8523,177946.645,328.20727,4,25.90793005,29.8848,99616,0,"{""601288.SH"": 7762.7958, ""601398.SH"": 5940.9302, ""601939.SH"": 4285.5747, ""601988.SH"": 6944.43}",0.008946829157,-0.07532383569
2026-05-20,equal-weight hold,174630.8621,174686.6548,328.20727,4,25.90793005,29.8848,99616,0,"{""601288.SH"": 7762.7958, ""601398.SH"": 5940.9302, ""601939.SH"": 4285.5747, ""601988.SH"": 6944.43}",-0.01832578848,-0.09226925549
2026-05-21,equal-weight hold,176689.3784,176745.1712,328.20727,4,25.90793005,29.8848,99616,0,"{""601288.SH"": 7762.7958, ""601398.SH"": 5940.9302, ""601939.SH"": 4285.5747, ""601988.SH"": 6944.43}",0.01178781518,-0.08156909324
2026-05-22,equal-weight hold,177110.4111,177166.2038,328.20727,4,25.90793005,29.8848,99616,0,"{""601288.SH"": 7762.7958, ""601398.SH"": 5940.9302, ""601939.SH"": 4285.5747, ""601988.SH"": 6944.43}",0.002382897337,-0.07938056668
2026-05-25,equal-weight hold,177344.9461,177400.7388,328.20727,4,25.90793005,29.8848,99616,0,"{""601288.SH"": 7762.7958, ""601398.SH"": 5940.9302, ""601939.SH"": 4285.5747, ""601988.SH"": 6944.43}",0.001324230272,-0.07816145456
2026-05-26,equal-weight hold,178047.0914,178102.8842,328.20727,4,25.90793005,29.8848,99616,0,"{""601288.SH"": 7762.7958, ""601398.SH"": 5940.9302, ""601939.SH"": 4285.5747, ""601988.SH"": 6944.43}",0.00395920715,-0.0745117048
2026-05-27,equal-weight hold,176034.3606,176090.1533,328.20727,4,25.90793005,29.8848,99616,0,"{""601288.SH"": 7762.7958, ""601398.SH"": 5940.9302, ""601939.SH"": 4285.5747, ""601988.SH"": 6944.43}",-0.01130448611,-0.08497387438
2026-05-28,equal-weight hold,173947.9047,174003.6974,328.20727,4,25.90793005,29.8848,99616,0,"{""601288.SH"": 7762.7958, ""601398.SH"": 5940.9302, ""601939.SH"": 4285.5747, ""601988.SH"": 6944.43}",-0.01185254912,-0.09581926647
2026-05-29,equal-weight hold,175661.2764,175717.0692,328.20727,4,25.90793005,29.8848,99616,0,"{""601288.SH"": 7762.7958, ""601398.SH"": 5940.9302, ""601939.SH"": 4285.5747, ""601988.SH"": 6944.43}",0.00984991327,-0.08691316467
2026-06-01,equal-weight hold,178456.6052,178512.3979,328.20727,4,25.90793005,29.8848,99616,0,"{""601288.SH"": 7762.7958, ""601398.SH"": 5940.9302, ""601939.SH"": 4285.5747, ""601988.SH"": 6944.43}",0.01591317575,-0.07238305338
2026-06-02,equal-weight hold,179090.0652,179145.858,328.20727,4,25.90793005,29.8848,99616,0,"{""601288.SH"": 7762.7958, ""601398.SH"": 5940.9302, ""601939.SH"": 4285.5747, ""601988.SH"": 6944.43}",0.00354965871,-0.06909032981
2026-06-03,equal-weight hold,177381.8003,177437.593,328.20727,4,25.90793005,29.8848,99616,0,"{""601288.SH"": 7762.7958, ""601398.SH"": 5940.9302, ""601939.SH"": 4285.5747, ""601988.SH"": 6944.43}",-0.009538580453,-0.07796988659
2026-06-04,equal-weight hold,176143.1973,176198.99,328.20727,4,25.90793005,29.8848,99616,0,"{""601288.SH"": 7762.7958, ""601398.SH"": 5940.9302, ""601939.SH"": 4285.5747, ""601988.SH"": 6944.43}",-0.006982694943,-0.0844081416
2026-06-05,equal-weight hold,179118.391,179174.1837,328.20727,4,25.90793005,29.8848,99616,0,"{""601288.SH"": 7762.7958, ""601398.SH"": 5940.9302, ""601939.SH"": 4285.5747, ""601988.SH"": 6944.43}",0.01689076731,-0.06894309257
2026-06-08,equal-weight hold,182795.5389,182851.3316,328.20727,4,25.90793005,29.8848,99616,0,"{""601288.SH"": 7762.7958, ""601398.SH"": 5940.9302, ""601939.SH"": 4285.5747, ""601988.SH"": 6944.43}",0.0205291475,-0.04982928798
2026-06-09,equal-weight hold,183325.1829,183380.9756,328.20727,4,25.90793005,29.8848,99616,0,"{""601288.SH"": 7762.7958, ""601398.SH"": 5940.9302, ""601939.SH"": 4285.5747, ""601988.SH"": 6944.43}",0.0028974669,-0.0470761998
2026-06-10,equal-weight hold,186252.3534,186308.1461,328.20727,4,25.90793005,29.8848,99616,0,"{""601288.SH"": 7762.7958, ""601398.SH"": 5940.9302, ""601939.SH"": 4285.5747, ""601988.SH"": 6944.43}",0.01596709428,-0.03186077564
2026-06-11,equal-weight hold,186173.7662,186229.5589,328.20727,4,25.90793005,29.8848,99616,0,"{""601288.SH"": 7762.7958, ""601398.SH"": 5940.9302, ""601939.SH"": 4285.5747, ""601988.SH"": 6944.43}",-0.0004219391969,-0.03226927152
2026-06-12,equal-weight hold,188871.7695,188927.5622,328.20727,4,25.90793005,29.8848,99616,0,"{""601288.SH"": 7762.7958, ""601398.SH"": 5940.9302, ""601939.SH"": 4285.5747, ""601988.SH"": 6944.43}",0.01449185535,-0.01824505779
2026-06-15,equal-weight hold,184253.0017,184308.7944,328.20727,4,25.90793005,29.8848,99616,0,"{""601288.SH"": 7762.7958, ""601398.SH"": 5940.9302, ""601939.SH"": 4285.5747, ""601988.SH"": 6944.43}",-0.02445451643,-0.04225340015
2026-06-16,equal-weight hold,181250.6413,181306.4341,328.20727,4,25.90793005,29.8848,99616,0,"{""601288.SH"": 7762.7958, ""601398.SH"": 5940.9302, ""601939.SH"": 4285.5747, ""601988.SH"": 6944.43}",-0.01629477044,-0.05785966113
2026-06-17,equal-weight hold,179407.2959,179463.0886,328.20727,4,25.90793005,29.8848,99616,0,"{""601288.SH"": 7762.7958, ""601398.SH"": 5940.9302, ""601939.SH"": 4285.5747, ""601988.SH"": 6944.43}",-0.01017014589,-0.06744136583
2026-06-18,equal-weight hold,174965.983,175021.7758,328.20727,4,25.90793005,29.8848,99616,0,"{""601288.SH"": 7762.7958, ""601398.SH"": 5940.9302, ""601939.SH"": 4285.5747, ""601988.SH"": 6944.43}",-0.02475547514,-0.09052729791
2026-06-22,equal-weight hold,176633.3244,176689.1171,328.20727,4,25.90793005,29.8848,99616,0,"{""601288.SH"": 7762.7958, ""601398.SH"": 5940.9302, ""601939.SH"": 4285.5747, ""601988.SH"": 6944.43}",0.009529517379,-0.08186046199
2026-06-23,equal-weight hold,180968.3778,181024.1706,328.20727,4,25.90793005,29.8848,99616,0,"{""601288.SH"": 7762.7958, ""601398.SH"": 5940.9302, ""601939.SH"": 4285.5747, ""601988.SH"": 6944.43}",0.02454267024,-0.05932686608
2026-06-24,equal-weight hold,176756.2182,176812.0109,328.20727,4,25.90793005,29.8848,99616,0,"{""601288.SH"": 7762.7958, ""601398.SH"": 5940.9302, ""601939.SH"": 4285.5747, ""601988.SH"": 6944.43}",-0.02327566684,-0.08122166055
2026-06-25,equal-weight hold,173810.7065,173866.4993,328.20727,4,25.90793005,29.8848,99616,0,"{""601288.SH"": 7762.7958, ""601398.SH"": 5940.9302, ""601939.SH"": 4285.5747, ""601988.SH"": 6944.43}",-0.01666426037,-0.09653242202
2026-06-26,equal-weight hold,172770.4014,172826.1942,328.20727,4,25.90793005,29.8848,99616,0,"{""601288.SH"": 7762.7958, ""601398.SH"": 5940.9302, ""601939.SH"": 4285.5747, ""601988.SH"": 6944.43}",-0.005985276271,-0.1019399251
2026-06-29,equal-weight hold,174066.4623,174122.255,328.20727,4,25.90793005,29.8848,99616,0,"{""601288.SH"": 7762.7958, ""601398.SH"": 5940.9302, ""601939.SH"": 4285.5747, ""601988.SH"": 6944.43}",0.007501637021,-0.09520300437
2026-06-30,equal-weight hold,170442.9781,170498.7708,328.20727,4,25.90793005,29.8848,99616,0,"{""601288.SH"": 7762.7958, ""601398.SH"": 5940.9302, ""601939.SH"": 4285.5747, ""601988.SH"": 6944.43}",-0.02081667029,-0.1140378651
