trade_date,strategy,equity_net,equity_gross,cash,positions,fees_cumulative,slippage_cumulative,turnover_cumulative,accounting_residual,shares_json,daily_return_net,drawdown
2024-01-02,V11 LambdaRank Top2,100000,100000,100000,0,0,0,0,0,{},0,0
2024-01-03,V11 LambdaRank Top2,101144.1445,101200,216.1445412,2,25.93705878,29.9184,99728,0,"{""601288.SH"": 13600.0, ""601398.SH"": 10400.0}",0.01144144541,0
2024-01-04,V11 LambdaRank Top2,102344.1445,102400,216.1445412,2,25.93705878,29.9184,99728,0,"{""601288.SH"": 13600.0, ""601398.SH"": 10400.0}",0.01186425577,0
2024-01-05,V11 LambdaRank Top2,101592.1445,101648,216.1445412,2,25.93705878,29.9184,99728,0,"{""601288.SH"": 13600.0, ""601398.SH"": 10400.0}",-0.007347757934,-0.007347757934
2024-01-08,V11 LambdaRank Top2,101560.1445,101616,216.1445412,2,25.93705878,29.9184,99728,0,"{""601288.SH"": 13600.0, ""601398.SH"": 10400.0}",-0.0003149849838,-0.007660428484
2024-01-09,V11 LambdaRank Top2,101560.1445,101616,216.1445412,2,25.93705878,29.9184,99728,0,"{""601288.SH"": 13600.0, ""601398.SH"": 10400.0}",0,-0.007660428484
2024-01-10,V11 LambdaRank Top2,101112.1445,101168,216.1445412,2,25.93705878,29.9184,99728,0,"{""601288.SH"": 13600.0, ""601398.SH"": 10400.0}",-0.004411179228,-0.01203781619
2024-01-11,V11 LambdaRank Top2,99568.14454,99624,216.1445412,2,25.93705878,29.9184,99728,0,"{""601288.SH"": 13600.0, ""601398.SH"": 10400.0}",-0.0152701736,-0.02712417024
2024-01-12,V11 LambdaRank Top2,100560.1445,100616,216.1445412,2,25.93705878,29.9184,99728,0,"{""601288.SH"": 13600.0, ""601398.SH"": 10400.0}",0.009963025871,-0.01743138318
2024-01-15,V11 LambdaRank Top2,101216.1445,101272,216.1445412,2,25.93705878,29.9184,99728,0,"{""601288.SH"": 13600.0, ""601398.SH"": 10400.0}",0.006523459199,-0.0110216369
2024-01-16,V11 LambdaRank Top2,101936.1445,101992,216.1445412,2,25.93705878,29.9184,99728,0,"{""601288.SH"": 13600.0, ""601398.SH"": 10400.0}",0.007113489684,-0.003986549517
2024-01-17,V11 LambdaRank Top2,100872.1445,100928,216.1445412,2,25.93705878,29.9184,99728,0,"{""601288.SH"": 13600.0, ""601398.SH"": 10400.0}",-0.01043790703,-0.01438284532
2024-01-18,V11 LambdaRank Top2,100840.1445,100896,216.1445412,2,25.93705878,29.9184,99728,0,"{""601288.SH"": 13600.0, ""601398.SH"": 10400.0}",-0.0003172332674,-0.01469551587
2024-01-19,V11 LambdaRank Top2,101120.1445,101176,216.1445412,2,25.93705878,29.9184,99728,0,"{""601288.SH"": 13600.0, ""601398.SH"": 10400.0}",0.002776671942,-0.01195964855
2024-01-22,V11 LambdaRank Top2,101120.1445,101176,216.1445412,2,25.93705878,29.9184,99728,0,"{""601288.SH"": 13600.0, ""601398.SH"": 10400.0}",0,-0.01195964855
2024-01-23,V11 LambdaRank Top2,101120.1445,101176,216.1445412,2,25.93705878,29.9184,99728,0,"{""601288.SH"": 13600.0, ""601398.SH"": 10400.0}",0,-0.01195964855
2024-01-24,V11 LambdaRank Top2,102904.1445,102960,216.1445412,2,25.93705878,29.9184,99728,0,"{""601288.SH"": 13600.0, ""601398.SH"": 10400.0}",0.01764237985,0
2024-01-25,V11 LambdaRank Top2,104000.1445,104056,216.1445412,2,25.93705878,29.9184,99728,0,"{""601288.SH"": 13600.0, ""601398.SH"": 10400.0}",0.01065068861,0
2024-01-26,V11 LambdaRank Top2,105648.1445,105704,216.1445412,2,25.93705878,29.9184,99728,0,"{""601288.SH"": 13600.0, ""601398.SH"": 10400.0}",0.01584613182,0
2024-01-29,V11 LambdaRank Top2,107056.1445,107112,216.1445412,2,25.93705878,29.9184,99728,0,"{""601288.SH"": 13600.0, ""601398.SH"": 10400.0}",0.01332725725,0
2024-01-30,V11 LambdaRank Top2,106336.1445,106392,216.1445412,2,25.93705878,29.9184,99728,0,"{""601288.SH"": 13600.0, ""601398.SH"": 10400.0}",-0.00672544302,-0.00672544302
2024-01-31,V11 LambdaRank Top2,106888.1445,106944,216.1445412,2,25.93705878,29.9184,99728,0,"{""601288.SH"": 13600.0, ""601398.SH"": 10400.0}",0.00519108533,-0.001569270038
2024-02-01,V11 LambdaRank Top2,106576.1445,106632,216.1445412,2,25.93705878,29.9184,99728,0,"{""601288.SH"": 13600.0, ""601398.SH"": 10400.0}",-0.002918939246,-0.00448362868
2024-02-02,V11 LambdaRank Top2,107439.1614,107667,587.1614176,2,134.2670824,93.5715,311905,0,"{""601939.SH"": 7700.0, ""601988.SH"": 12400.0}",0.00809765525,0
2024-02-05,V11 LambdaRank Top2,109774.1614,110002,587.1614176,2,134.2670824,93.5715,311905,0,"{""601939.SH"": 7700.0, ""601988.SH"": 12400.0}",0.02173322994,0
2024-02-06,V11 LambdaRank Top2,110176.1614,110404,587.1614176,2,134.2670824,93.5715,311905,0,"{""601939.SH"": 7700.0, ""601988.SH"": 12400.0}",0.003662063958,0
2024-02-07,V11 LambdaRank Top2,107503.1614,107731,587.1614176,2,134.2670824,93.5715,311905,0,"{""601939.SH"": 7700.0, ""601988.SH"": 12400.0}",-0.02426114656,-0.02426114656
2024-02-08,V11 LambdaRank Top2,106391.1614,106619,587.1614176,2,134.2670824,93.5715,311905,0,"{""601939.SH"": 7700.0, ""601988.SH"": 12400.0}",-0.01034388185,-0.03435407398
2024-02-19,V11 LambdaRank Top2,110719.1614,110947,587.1614176,2,134.2670824,93.5715,311905,0,"{""601939.SH"": 7700.0, ""601988.SH"": 12400.0}",0.040680071,0
2024-02-20,V11 LambdaRank Top2,111506.1614,111734,587.1614176,2,134.2670824,93.5715,311905,0,"{""601939.SH"": 7700.0, ""601988.SH"": 12400.0}",0.007108074067,0
2024-02-21,V11 LambdaRank Top2,112263.1614,112491,587.1614176,2,134.2670824,93.5715,311905,0,"{""601939.SH"": 7700.0, ""601988.SH"": 12400.0}",0.00678886252,0
2024-02-22,V11 LambdaRank Top2,112186.1614,112414,587.1614176,2,134.2670824,93.5715,311905,0,"{""601939.SH"": 7700.0, ""601988.SH"": 12400.0}",-0.0006858883985,-0.0006858883985
2024-02-23,V11 LambdaRank Top2,112990.1614,113218,587.1614176,2,134.2670824,93.5715,311905,0,"{""601939.SH"": 7700.0, ""601988.SH"": 12400.0}",0.007166659326,0
2024-02-26,V11 LambdaRank Top2,109483.1614,109711,587.1614176,2,134.2670824,93.5715,311905,0,"{""601939.SH"": 7700.0, ""601988.SH"": 12400.0}",-0.03103810063,-0.03103810063
2024-02-27,V11 LambdaRank Top2,109714.1614,109942,587.1614176,2,134.2670824,93.5715,311905,0,"{""601939.SH"": 7700.0, ""601988.SH"": 12400.0}",0.002109913497,-0.02899367484
2024-02-28,V11 LambdaRank Top2,109406.1614,109634,587.1614176,2,134.2670824,93.5715,311905,0,"{""601939.SH"": 7700.0, ""601988.SH"": 12400.0}",-0.002807294847,-0.03171957589
2024-02-29,V11 LambdaRank Top2,109915.1614,110143,587.1614176,2,134.2670824,93.5715,311905,0,"{""601939.SH"": 7700.0, ""601988.SH"": 12400.0}",0.0046523888,-0.02721475889
2024-03-01,V11 LambdaRank Top2,110270.1614,110498,587.1614176,2,134.2670824,93.5715,311905,0,"{""601939.SH"": 7700.0, ""601988.SH"": 12400.0}",0.003229763714,-0.02407289242
2024-03-04,V11 LambdaRank Top2,109818.5687,110141,522.5687268,2,195.6119732,126.8193,422731,0,"{""601288.SH"": 12900.0, ""601939.SH"": 7800.0}",-0.004095329915,-0.0280696359
2024-03-05,V11 LambdaRank Top2,112200.5687,112523,522.5687268,2,195.6119732,126.8193,422731,0,"{""601288.SH"": 12900.0, ""601939.SH"": 7800.0}",0.02169032093,-0.006988154375
2024-03-06,V11 LambdaRank Top2,110544.5687,110867,522.5687268,2,195.6119732,126.8193,422731,0,"{""601288.SH"": 12900.0, ""601939.SH"": 7800.0}",-0.01475928348,-0.0216442977
2024-03-07,V11 LambdaRank Top2,111114.5687,111437,522.5687268,2,195.6119732,126.8193,422731,0,"{""601288.SH"": 12900.0, ""601939.SH"": 7800.0}",0.005156291318,-0.01659961069
2024-03-08,V11 LambdaRank Top2,111063.5687,111386,522.5687268,2,195.6119732,126.8193,422731,0,"{""601288.SH"": 12900.0, ""601939.SH"": 7800.0}",-0.000458985717,-0.01705097742
2024-03-11,V11 LambdaRank Top2,110364.5687,110687,522.5687268,2,195.6119732,126.8193,422731,0,"{""601288.SH"": 12900.0, ""601939.SH"": 7800.0}",-0.006293692955,-0.02323735676
2024-03-12,V11 LambdaRank Top2,107514.5687,107837,522.5687268,2,195.6119732,126.8193,422731,0,"{""601288.SH"": 12900.0, ""601939.SH"": 7800.0}",-0.02582350507,-0.04846079183
2024-03-13,V11 LambdaRank Top2,107178.5687,107501,522.5687268,2,195.6119732,126.8193,422731,0,"{""601288.SH"": 12900.0, ""601939.SH"": 7800.0}",-0.003125157864,-0.05143450207
2024-03-14,V11 LambdaRank Top2,107694.5687,108017,522.5687268,2,195.6119732,126.8193,422731,0,"{""601288.SH"": 12900.0, ""601939.SH"": 7800.0}",0.004814395323,-0.04686773277
2024-03-15,V11 LambdaRank Top2,107460.5687,107783,522.5687268,2,195.6119732,126.8193,422731,0,"{""601288.SH"": 12900.0, ""601939.SH"": 7800.0}",-0.002172811524,-0.04893870954
2024-03-18,V11 LambdaRank Top2,106683.5687,107006,522.5687268,2,195.6119732,126.8193,422731,0,"{""601288.SH"": 12900.0, ""601939.SH"": 7800.0}",-0.007230559164,-0.05581541447
2024-03-19,V11 LambdaRank Top2,105699.5687,106022,522.5687268,2,195.6119732,126.8193,422731,0,"{""601288.SH"": 12900.0, ""601939.SH"": 7800.0}",-0.009223538467,-0.06452413732
2024-03-20,V11 LambdaRank Top2,106371.5687,106694,522.5687268,2,195.6119732,126.8193,422731,0,"{""601288.SH"": 12900.0, ""601939.SH"": 7800.0}",0.006357641834,-0.05857671684
2024-03-21,V11 LambdaRank Top2,106656.5687,106979,522.5687268,2,195.6119732,126.8193,422731,0,"{""601288.SH"": 12900.0, ""601939.SH"": 7800.0}",0.002679287364,-0.05605437333
2024-03-22,V11 LambdaRank Top2,107952.5687,108275,522.5687268,2,195.6119732,126.8193,422731,0,"{""601288.SH"": 12900.0, ""601939.SH"": 7800.0}",0.01215115033,-0.04458434812
2024-03-25,V11 LambdaRank Top2,108261.5687,108584,522.5687268,2,195.6119732,126.8193,422731,0,"{""601288.SH"": 12900.0, ""601939.SH"": 7800.0}",0.002862368202,-0.04184959674
2024-03-26,V11 LambdaRank Top2,109221.5687,109544,522.5687268,2,195.6119732,126.8193,422731,0,"{""601288.SH"": 12900.0, ""601939.SH"": 7800.0}",0.008867412613,-0.03335328177
2024-03-27,V11 LambdaRank Top2,109944.5687,110267,522.5687268,2,195.6119732,126.8193,422731,0,"{""601288.SH"": 12900.0, ""601939.SH"": 7800.0}",0.006619571651,-0.02695449456
2024-03-28,V11 LambdaRank Top2,107589.5687,107912,522.5687268,2,195.6119732,126.8193,422731,0,"{""601288.SH"": 12900.0, ""601939.SH"": 7800.0}",-0.02141988483,-0.04779701722
2024-03-29,V11 LambdaRank Top2,108675.5687,108998,522.5687268,2,195.6119732,126.8193,422731,0,"{""601288.SH"": 12900.0, ""601939.SH"": 7800.0}",0.01009391536,-0.03818556091
2024-04-01,V11 LambdaRank Top2,108987.5687,109310,522.5687268,2,195.6119732,126.8193,422731,0,"{""601288.SH"": 12900.0, ""601939.SH"": 7800.0}",0.002870930455,-0.03542425854
2024-04-02,V11 LambdaRank Top2,109926.2284,110336,375.2284468,2,250.5954532,159.1761,530587,0,"{""601288.SH"": 12900.0, ""601398.SH"": 10200.0}",0.008612539311,-0.02711681205
2024-04-03,V11 LambdaRank Top2,110082.2284,110492,375.2284468,2,250.5954532,159.1761,530587,0,"{""601288.SH"": 12900.0, ""601398.SH"": 10200.0}",0.001419133561,-0.02573616087
2024-04-08,V11 LambdaRank Top2,111441.2284,111851,375.2284468,2,250.5954532,159.1761,530587,0,"{""601288.SH"": 12900.0, ""601398.SH"": 10200.0}",0.01234531694,-0.01370856499
2024-04-09,V11 LambdaRank Top2,109953.2284,110363,375.2284468,2,250.5954532,159.1761,530587,0,"{""601288.SH"": 12900.0, ""601398.SH"": 10200.0}",-0.01335232948,-0.02687785319
2024-04-10,V11 LambdaRank Top2,110184.2284,110594,375.2284468,2,250.5954532,159.1761,530587,0,"{""601288.SH"": 12900.0, ""601398.SH"": 10200.0}",0.002100893291,-0.0248334274
2024-04-11,V11 LambdaRank Top2,109722.2284,110132,375.2284468,2,250.5954532,159.1761,530587,0,"{""601288.SH"": 12900.0, ""601398.SH"": 10200.0}",-0.004192977584,-0.02892227898
2024-04-12,V11 LambdaRank Top2,109851.2284,110261,375.2284468,2,250.5954532,159.1761,530587,0,"{""601288.SH"": 12900.0, ""601398.SH"": 10200.0}",0.001175696136,-0.02778058666
2024-04-15,V11 LambdaRank Top2,112032.2284,112442,375.2284468,2,250.5954532,159.1761,530587,0,"{""601288.SH"": 12900.0, ""601398.SH"": 10200.0}",0.01985412481,-0.008478021084
2024-04-16,V11 LambdaRank Top2,113316.2284,113726,375.2284468,2,250.5954532,159.1761,530587,0,"{""601288.SH"": 12900.0, ""601398.SH"": 10200.0}",0.01146098777,0
2024-04-17,V11 LambdaRank Top2,114009.2284,114419,375.2284468,2,250.5954532,159.1761,530587,0,"{""601288.SH"": 12900.0, ""601398.SH"": 10200.0}",0.006115628887,0
2024-04-18,V11 LambdaRank Top2,114600.2284,115010,375.2284468,2,250.5954532,159.1761,530587,0,"{""601288.SH"": 12900.0, ""601398.SH"": 10200.0}",0.005183790892,0
2024-04-19,V11 LambdaRank Top2,115551.2284,115961,375.2284468,2,250.5954532,159.1761,530587,0,"{""601288.SH"": 12900.0, ""601398.SH"": 10200.0}",0.008298412777,0
2024-04-22,V11 LambdaRank Top2,114321.2284,114731,375.2284468,2,250.5954532,159.1761,530587,0,"{""601288.SH"": 12900.0, ""601398.SH"": 10200.0}",-0.01064462937,-0.01064462937
2024-04-23,V11 LambdaRank Top2,114525.2284,114935,375.2284468,2,250.5954532,159.1761,530587,0,"{""601288.SH"": 12900.0, ""601398.SH"": 10200.0}",0.001784445486,-0.008879178645
2024-04-24,V11 LambdaRank Top2,114090.2284,114500,375.2284468,2,250.5954532,159.1761,530587,0,"{""601288.SH"": 12900.0, ""601398.SH"": 10200.0}",-0.003798289738,-0.01264374269
2024-04-25,V11 LambdaRank Top2,115068.2284,115478,375.2284468,2,250.5954532,159.1761,530587,0,"{""601288.SH"": 12900.0, ""601398.SH"": 10200.0}",0.008572162694,-0.004179964216
2024-04-26,V11 LambdaRank Top2,112860.2284,113270,375.2284468,2,250.5954532,159.1761,530587,0,"{""601288.SH"": 12900.0, ""601398.SH"": 10200.0}",-0.01918861557,-0.02328837206
2024-04-29,V11 LambdaRank Top2,112140.2284,112550,375.2284468,2,250.5954532,159.1761,530587,0,"{""601288.SH"": 12900.0, ""601398.SH"": 10200.0}",-0.006379572414,-0.02951937462
2024-04-30,V11 LambdaRank Top2,112521.2284,112931,375.2284468,2,250.5954532,159.1761,530587,0,"{""601288.SH"": 12900.0, ""601398.SH"": 10200.0}",0.003397531869,-0.02622213576
2024-05-06,V11 LambdaRank Top2,111264.2284,111674,375.2284468,2,250.5954532,159.1761,530587,0,"{""601288.SH"": 12900.0, ""601398.SH"": 10200.0}",-0.01117122535,-0.03710042773
2024-05-07,V11 LambdaRank Top2,111957.2284,112367,375.2284468,2,250.5954532,159.1761,530587,0,"{""601288.SH"": 12900.0, ""601398.SH"": 10200.0}",0.006228416893,-0.03110308777
2024-05-08,V11 LambdaRank Top2,112704.2284,113114,375.2284468,2,250.5954532,159.1761,530587,0,"{""601288.SH"": 12900.0, ""601398.SH"": 10200.0}",0.006672190893,-0.02463842261
2024-05-09,V11 LambdaRank Top2,111753.2284,112163,375.2284468,2,250.5954532,159.1761,530587,0,"{""601288.SH"": 12900.0, ""601398.SH"": 10200.0}",-0.008438015264,-0.03286853849
2024-05-10,V11 LambdaRank Top2,111828.2284,112238,375.2284468,2,250.5954532,159.1761,530587,0,"{""601288.SH"": 12900.0, ""601398.SH"": 10200.0}",0.000671121551,-0.03221947573
2024-05-13,V11 LambdaRank Top2,112059.2284,112469,375.2284468,2,250.5954532,159.1761,530587,0,"{""601288.SH"": 12900.0, ""601398.SH"": 10200.0}",0.002065668063,-0.0302203624
2024-05-14,V11 LambdaRank Top2,111135.2284,111545,375.2284468,2,250.5954532,159.1761,530587,0,"{""601288.SH"": 12900.0, ""601398.SH"": 10200.0}",-0.008245639496,-0.03821681569
2024-05-15,V11 LambdaRank Top2,111237.2284,111647,375.2284468,2,250.5954532,159.1761,530587,0,"{""601288.SH"": 12900.0, ""601398.SH"": 10200.0}",0.0009178007858,-0.03733409033
2024-05-16,V11 LambdaRank Top2,111672.2284,112082,375.2284468,2,250.5954532,159.1761,530587,0,"{""601288.SH"": 12900.0, ""601398.SH"": 10200.0}",0.003910561294,-0.03356952628
2024-05-17,V11 LambdaRank Top2,112671.2284,113081,375.2284468,2,250.5954532,159.1761,530587,0,"{""601288.SH"": 12900.0, ""601398.SH"": 10200.0}",0.008945823092,-0.02492401023
2024-05-20,V11 LambdaRank Top2,112440.2284,112850,375.2284468,2,250.5954532,159.1761,530587,0,"{""601288.SH"": 12900.0, ""601398.SH"": 10200.0}",-0.002050212847,-0.02692312355
2024-05-21,V11 LambdaRank Top2,113364.2284,113774,375.2284468,2,250.5954532,159.1761,530587,0,"{""601288.SH"": 12900.0, ""601398.SH"": 10200.0}",0.008217699419,-0.01892667027
2024-05-22,V11 LambdaRank Top2,113595.2284,114005,375.2284468,2,250.5954532,159.1761,530587,0,"{""601288.SH"": 12900.0, ""601398.SH"": 10200.0}",0.002037679815,-0.01692755695
2024-05-23,V11 LambdaRank Top2,113133.2284,113543,375.2284468,2,250.5954532,159.1761,530587,0,"{""601288.SH"": 12900.0, ""601398.SH"": 10200.0}",-0.004067072238,-0.02092578359
2024-05-24,V11 LambdaRank Top2,112494.2284,112904,375.2284468,2,250.5954532,159.1761,530587,0,"{""601288.SH"": 12900.0, ""601398.SH"": 10200.0}",-0.005648207947,-0.02645579836
2024-05-27,V11 LambdaRank Top2,113676.2284,114086,375.2284468,2,250.5954532,159.1761,530587,0,"{""601288.SH"": 12900.0, ""601398.SH"": 10200.0}",0.01050720571,-0.01622656916
2024-05-28,V11 LambdaRank Top2,113907.2284,114317,375.2284468,2,250.5954532,159.1761,530587,0,"{""601288.SH"": 12900.0, ""601398.SH"": 10200.0}",0.002032087123,-0.01422745584
2024-05-29,V11 LambdaRank Top2,113316.2284,113726,375.2284468,2,250.5954532,159.1761,530587,0,"{""601288.SH"": 12900.0, ""601398.SH"": 10200.0}",-0.005188432798,-0.01934207044
2024-05-30,V11 LambdaRank Top2,112494.2284,112904,375.2284468,2,250.5954532,159.1761,530587,0,"{""601288.SH"": 12900.0, ""601398.SH"": 10200.0}",-0.007254035995,-0.02645579836
2024-05-31,V11 LambdaRank Top2,112392.2284,112802,375.2284468,2,250.5954532,159.1761,530587,0,"{""601288.SH"": 12900.0, ""601398.SH"": 10200.0}",-0.0009067131835,-0.02733852372
2024-06-03,V11 LambdaRank Top2,112752.2284,113162,375.2284468,2,250.5954532,159.1761,530587,0,"{""601288.SH"": 12900.0, ""601398.SH"": 10200.0}",0.003203068441,-0.02422302244
2024-06-04,V11 LambdaRank Top2,112656.7337,113162,264.7336719,2,312.5283281,192.738,642460,0,"{""601288.SH"": 12800.0, ""601988.SH"": 12600.0}",-0.0008469435701,-0.02504945048
2024-06-05,V11 LambdaRank Top2,113166.7337,113672,264.7336719,2,312.5283281,192.738,642460,0,"{""601288.SH"": 12800.0, ""601988.SH"": 12600.0}",0.004527026334,-0.02063582367
2024-06-06,V11 LambdaRank Top2,113038.7337,113544,264.7336719,2,312.5283281,192.738,642460,0,"{""601288.SH"": 12800.0, ""601988.SH"": 12600.0}",-0.001131074441,-0.02174355746
2024-06-07,V11 LambdaRank Top2,114857.1149,115362.3812,264.7336719,2,312.5283281,192.738,642460,0,"{""601288.SH"": 13501.0285, ""601988.SH"": 12600.0}",0.01608635526,-0.006006976785
2024-06-11,V11 LambdaRank Top2,112760.0223,113265.2887,264.7336719,2,312.5283281,192.738,642460,0,"{""601288.SH"": 13501.0285, ""601988.SH"": 12600.0}",-0.01825827301,-0.02415557277
2024-06-12,V11 LambdaRank Top2,111995.0121,112500.2784,264.7336719,2,312.5283281,192.738,642460,0,"{""601288.SH"": 13501.0285, ""601988.SH"": 12600.0}",-0.006784410545,-0.030776102
2024-06-13,V11 LambdaRank Top2,113309.0738,113814.3401,264.7336719,2,312.5283281,192.738,642460,-1.455191523e-11,"{""601288.SH"": 13501.0285, ""601988.SH"": 12600.0}",0.01173321636,-0.0194039883
2024-06-14,V11 LambdaRank Top2,114092.1046,114597.3709,264.7336719,2,312.5283281,192.738,642460,0,"{""601288.SH"": 13501.0285, ""601988.SH"": 12600.0}",0.006910575012,-0.01262750601
2024-06-17,V11 LambdaRank Top2,112382.0223,112887.2887,264.7336719,2,312.5283281,192.738,642460,0,"{""601288.SH"": 13501.0285, ""601988.SH"": 12600.0}",-0.0149886119,-0.02742684912
2024-06-18,V11 LambdaRank Top2,112643.0326,113148.299,264.7336719,2,312.5283281,192.738,642460,-1.455191523e-11,"{""601288.SH"": 13501.0285, ""601988.SH"": 12600.0}",0.00232252703,-0.02516802169
2024-06-19,V11 LambdaRank Top2,113687.0738,114192.3401,264.7336719,2,312.5283281,192.738,642460,0,"{""601288.SH"": 13501.0285, ""601988.SH"": 12600.0}",0.009268581589,-0.01613271196
2024-06-20,V11 LambdaRank Top2,114083.0943,114588.3607,264.7336719,2,312.5283281,192.738,642460,-1.455191523e-11,"{""601288.SH"": 13501.0285, ""601988.SH"": 12600.0}",0.003483426533,-0.01270548254
2024-06-21,V11 LambdaRank Top2,113156.0429,113661.3092,264.7336719,2,312.5283281,192.738,642460,0,"{""601288.SH"": 13501.0285, ""601988.SH"": 12600.0}",-0.008126106925,-0.02072834336
2024-06-24,V11 LambdaRank Top2,114218.1046,114723.3709,264.7336719,2,312.5283281,192.738,642460,0,"{""601288.SH"": 13501.0285, ""601988.SH"": 12600.0}",0.009385815199,-0.01153708056
2024-06-25,V11 LambdaRank Top2,114736.8132,115242.0795,264.7336719,2,312.5283281,192.738,642460,0,"{""601288.SH"": 13502.9456, ""601988.SH"": 12599.4538}",0.004541386633,-0.00704808827
2024-06-26,V11 LambdaRank Top2,115387.3408,115892.6071,264.7336719,2,312.5283281,192.738,642460,0,"{""601288.SH"": 13502.9456, ""601988.SH"": 12600.0}",0.00566973715,-0.001418311927
2024-06-27,V11 LambdaRank Top2,116683.4586,117188.7249,264.7336719,2,312.5283281,192.738,642460,0,"{""601288.SH"": 13502.9456, ""601988.SH"": 12600.0}",0.01123275582,0
2024-06-28,V11 LambdaRank Top2,117349.5764,117854.8427,264.7336719,2,312.5283281,192.738,642460,0,"{""601288.SH"": 13502.9456, ""601988.SH"": 12600.0}",0.005708759676,0
2024-07-01,V11 LambdaRank Top2,119059.8121,119565.0784,264.7336719,2,312.5283281,192.738,642460,0,"{""601288.SH"": 13502.9456, ""601988.SH"": 12600.0}",0.01457385445,0
2024-07-02,V11 LambdaRank Top2,121274.0477,121779.314,264.7336719,2,312.5283281,192.738,642460,0,"{""601288.SH"": 13502.9456, ""601988.SH"": 12600.0}",0.01859767463,0
2024-07-03,V11 LambdaRank Top2,120238.9593,120744.2257,264.7336719,2,312.5283281,192.738,642460,-1.455191523e-11,"{""601288.SH"": 13502.9456, ""601988.SH"": 12600.0}",-0.008535118495,-0.008535118495
2024-07-04,V11 LambdaRank Top2,121157.0772,121662.3435,264.7336719,2,312.5283281,192.738,642460,0,"{""601288.SH"": 13502.9456, ""601988.SH"": 12600.0}",0.007635776527,-0.0009645142254
2024-07-05,V11 LambdaRank Top2,118825.871,119331.1373,264.7336719,2,312.5283281,192.738,642460,0,"{""601288.SH"": 13502.9456, ""601988.SH"": 12600.0}",-0.01924118876,-0.02018714458
2024-07-08,V11 LambdaRank Top2,120121.9888,120627.2551,264.7336719,2,312.5283281,192.738,642460,0,"{""601288.SH"": 13502.9456, ""601988.SH"": 12600.0}",0.01090770733,-0.00949963272
2024-07-09,V11 LambdaRank Top2,121157.0772,121662.3435,264.7336719,2,312.5283281,192.738,642460,0,"{""601288.SH"": 13502.9456, ""601988.SH"": 12600.0}",0.008616976608,-0.0009645142254
2024-07-10,V11 LambdaRank Top2,121553.1361,122058.4024,264.7336719,2,312.5283281,192.738,642460,0,"{""601288.SH"": 13502.9456, ""601988.SH"": 12600.0}",0.003268970504,0
2024-07-11,V11 LambdaRank Top2,120383.0182,120888.2846,264.7336719,2,312.5283281,192.738,642460,-1.455191523e-11,"{""601288.SH"": 13502.9456, ""601988.SH"": 12600.0}",-0.009626389422,-0.009626389422
2024-07-12,V11 LambdaRank Top2,122480.2833,122985.5497,264.7336719,2,312.5283281,192.738,642460,0,"{""601288.SH"": 13502.9456, ""601988.SH"": 12600.0}",0.01742160259,0
2024-07-15,V11 LambdaRank Top2,125108.6368,125613.9031,264.7336719,2,312.5283281,192.738,642460,0,"{""601288.SH"": 13502.9456, ""601988.SH"": 12600.0}",0.02145940063,0
2024-07-16,V11 LambdaRank Top2,125351.6074,125856.8737,264.7336719,2,312.5283281,192.738,642460,-1.455191523e-11,"{""601288.SH"": 13502.9456, ""601988.SH"": 12600.0}",0.001942076505,0
2024-07-17,V11 LambdaRank Top2,125750.9692,126256.2355,264.7336719,2,312.5283281,192.738,642460,0,"{""601288.SH"": 13502.9456, ""601988.SH"": 13251.5735}",0.003185933104,0
2024-07-18,V11 LambdaRank Top2,125750.9692,126256.2355,264.7336719,2,312.5283281,192.738,642460,0,"{""601288.SH"": 13502.9456, ""601988.SH"": 13251.5735}",0,0
2024-07-19,V11 LambdaRank Top2,125748.4555,126253.7218,264.7336719,2,312.5283281,192.738,642460,0,"{""601288.SH"": 13502.9456, ""601988.SH"": 13251.5735}",-1.998967572e-05,-1.998967572e-05
2024-07-22,V11 LambdaRank Top2,124538.2178,125043.4841,264.7336719,2,312.5283281,192.738,642460,0,"{""601288.SH"": 13502.9456, ""601988.SH"": 13251.5735}",-0.009624274553,-0.009644071843
2024-07-23,V11 LambdaRank Top2,127346.1855,127851.4518,264.7336719,2,312.5283281,192.738,642460,0,"{""601288.SH"": 13502.9456, ""601988.SH"": 13251.5735}",0.02254703568,0
2024-07-24,V11 LambdaRank Top2,127751.2738,128256.5402,264.7336719,2,312.5283281,192.738,642460,0,"{""601288.SH"": 13502.9456, ""601988.SH"": 13251.5735}",0.00318100119,0
2024-07-25,V11 LambdaRank Top2,126678.5793,127183.8457,264.7336719,2,312.5283281,192.738,642460,0,"{""601288.SH"": 13502.9456, ""601988.SH"": 13251.5735}",-0.008396741975,-0.008396741975
2024-07-26,V11 LambdaRank Top2,124003.1274,124508.3938,264.7336719,2,312.5283281,192.738,642460,0,"{""601288.SH"": 13502.9456, ""601988.SH"": 13251.5735}",-0.02112000244,-0.02933940521
2024-07-29,V11 LambdaRank Top2,126541.0362,127046.3025,264.7336719,2,312.5283281,192.738,642460,-1.455191523e-11,"{""601288.SH"": 13502.9456, ""601988.SH"": 13251.5735}",0.02046648968,-0.009473390158
2024-07-30,V11 LambdaRank Top2,126938.5834,127443.8497,264.7336719,2,312.5283281,192.738,642460,-1.455191523e-11,"{""601288.SH"": 13502.9456, ""601988.SH"": 13251.5735}",0.003141646506,-0.006361505695
2024-07-31,V11 LambdaRank Top2,123995.5863,124500.8526,264.7336719,2,312.5283281,192.738,642460,0,"{""601288.SH"": 13502.9456, ""601988.SH"": 13251.5735}",-0.02318441736,-0.02939843525
2024-08-01,V11 LambdaRank Top2,124933.2513,125438.5176,264.7336719,2,312.5283281,192.738,642460,0,"{""601288.SH"": 13502.9456, ""601988.SH"": 13251.5735}",0.007562083907,-0.02205866478
2024-08-02,V11 LambdaRank Top2,125335.8259,125841.0923,264.7336719,2,312.5283281,192.738,642460,0,"{""601288.SH"": 13502.9456, ""601988.SH"": 13251.5735}",0.003222317855,-0.01890742695
2024-08-05,V11 LambdaRank Top2,124668.2198,125173.4862,264.7336719,2,312.5283281,192.738,642460,0,"{""601288.SH"": 13502.9456, ""601988.SH"": 13251.5735}",-0.005326538607,-0.02413325442
2024-08-06,V11 LambdaRank Top2,123062.9487,123568.215,264.7336719,2,312.5283281,192.738,642460,0,"{""601288.SH"": 13502.9456, ""601988.SH"": 13251.5735}",-0.01287634608,-0.03669885236
2024-08-07,V11 LambdaRank Top2,122925.4055,123430.6718,264.7336719,2,312.5283281,192.738,642460,0,"{""601288.SH"": 13502.9456, ""601988.SH"": 13251.5735}",-0.001117665214,-0.03777550055
2024-08-08,V11 LambdaRank Top2,123195.4644,123700.7307,264.7336719,2,312.5283281,192.738,642460,-1.455191523e-11,"{""601288.SH"": 13502.9456, ""601988.SH"": 13251.5735}",0.002196933258,-0.03566155754
2024-08-09,V11 LambdaRank Top2,123868.098,124373.3643,264.7336719,2,312.5283281,192.738,642460,0,"{""601288.SH"": 13502.9456, ""601988.SH"": 13251.5735}",0.005459888975,-0.03039637671
2024-08-12,V11 LambdaRank Top2,124670.7336,125175.9999,264.7336719,2,312.5283281,192.738,642460,0,"{""601288.SH"": 13502.9456, ""601988.SH"": 13251.5735}",0.006479760202,-0.02411357774
2024-08-13,V11 LambdaRank Top2,125470.8554,125976.1217,264.7336719,2,312.5283281,192.738,642460,-1.455191523e-11,"{""601288.SH"": 13502.9456, ""601988.SH"": 13251.5735}",0.006417880346,-0.01785045545
2024-08-14,V11 LambdaRank Top2,125735.8869,126241.1532,264.7336719,2,312.5283281,192.738,642460,0,"{""601288.SH"": 13502.9456, ""601988.SH"": 13251.5735}",0.002112295071,-0.01577586581
2024-08-15,V11 LambdaRank Top2,126403.493,126908.7593,264.7336719,2,312.5283281,192.738,642460,0,"{""601288.SH"": 13502.9456, ""601988.SH"": 13251.5735}",0.005309590861,-0.01055003834
2024-08-16,V11 LambdaRank Top2,128278.823,128784.0894,264.7336719,2,312.5283281,192.738,642460,0,"{""601288.SH"": 13502.9456, ""601988.SH"": 13251.5735}",0.01483606197,0
2024-08-19,V11 LambdaRank Top2,131491.879,131997.1454,264.7336719,2,312.5283281,192.738,642460,0,"{""601288.SH"": 13502.9456, ""601988.SH"": 13251.5735}",0.0250474391,0
2024-08-20,V11 LambdaRank Top2,132427.0304,132932.2967,264.7336719,2,312.5283281,192.738,642460,0,"{""601288.SH"": 13502.9456, ""601988.SH"": 13251.5735}",0.00711185598,0
2024-08-21,V11 LambdaRank Top2,131619.3673,132124.6337,264.7336719,2,312.5283281,192.738,642460,0,"{""601288.SH"": 13502.9456, ""601988.SH"": 13251.5735}",-0.006098928683,-0.006098928683
2024-08-22,V11 LambdaRank Top2,133749.674,134254.9403,264.7336719,2,312.5283281,192.738,642460,0,"{""601288.SH"": 13502.9456, ""601988.SH"": 13251.5735}",0.01618535845,0
2024-08-23,V11 LambdaRank Top2,134017.2192,134522.4855,264.7336719,2,312.5283281,192.738,642460,0,"{""601288.SH"": 13502.9456, ""601988.SH"": 13251.5735}",0.002000342749,0
2024-08-26,V11 LambdaRank Top2,134017.2192,134522.4855,264.7336719,2,312.5283281,192.738,642460,0,"{""601288.SH"": 13502.9456, ""601988.SH"": 13251.5735}",0,0
2024-08-27,V11 LambdaRank Top2,136020.0375,136525.3038,264.7336719,2,312.5283281,192.738,642460,0,"{""601288.SH"": 13502.9456, ""601988.SH"": 13251.5735}",0.01494448519,0
2024-08-28,V11 LambdaRank Top2,134817.341,135322.6074,264.7336719,2,312.5283281,192.738,642460,0,"{""601288.SH"": 13502.9456, ""601988.SH"": 13251.5735}",-0.008842053853,-0.008842053853
2024-08-29,V11 LambdaRank Top2,128928.8331,129434.0994,264.7336719,2,312.5283281,192.738,642460,-1.455191523e-11,"{""601288.SH"": 13502.9456, ""601988.SH"": 13251.5735}",-0.04367767431,-0.05213352782
2024-08-30,V11 LambdaRank Top2,124773.0846,125278.351,264.7336719,2,312.5283281,192.738,642460,0,"{""601288.SH"": 13502.9456, ""601988.SH"": 13251.5735}",-0.03223288676,-0.08268600048
2024-09-02,V11 LambdaRank Top2,128526.2585,129031.5248,264.7336719,2,312.5283281,192.738,642460,0,"{""601288.SH"": 13502.9456, ""601988.SH"": 13251.5735}",0.03007999555,-0.05509319945
2024-09-03,V11 LambdaRank Top2,123477.3928,124091.8747,904.1966298,2,383.1679102,231.3140036,771046.6785,0,"{""601288.SH"": 13602.9456, ""601398.SH"": 10700.0}",-0.03928275582,-0.09221174256
2024-09-04,V11 LambdaRank Top2,123486.5107,124100.9926,904.1966298,2,383.1679102,231.3140036,771046.6785,0,"{""601288.SH"": 13602.9456, ""601398.SH"": 10700.0}",7.384204554e-05,-0.09214470962
2024-09-05,V11 LambdaRank Top2,122358.4517,122972.9337,904.1966298,2,383.1679102,231.3140036,771046.6785,0,"{""601288.SH"": 13602.9456, ""601398.SH"": 10700.0}",-0.009135078039,-0.1004380385
2024-09-06,V11 LambdaRank Top2,122601.4812,123215.9631,904.1966298,2,383.1679102,231.3140036,771046.6785,0,"{""601288.SH"": 13602.9456, ""601398.SH"": 10700.0}",0.001986208981,-0.0986513205
2024-09-09,V11 LambdaRank Top2,122416.5107,123030.9926,904.1966298,2,383.1679102,231.3140036,771046.6785,0,"{""601288.SH"": 13602.9456, ""601398.SH"": 10700.0}",-0.00150871378,-0.1000111977
2024-09-10,V11 LambdaRank Top2,124146.7463,124761.2282,904.1966298,2,383.1679102,231.3140036,771046.6785,0,"{""601288.SH"": 13602.9456, ""601398.SH"": 10700.0}",0.01413400559,-0.08729075091
2024-09-11,V11 LambdaRank Top2,120851.3339,121465.8158,904.1966298,2,383.1679102,231.3140036,771046.6785,0,"{""601288.SH"": 13602.9456, ""601398.SH"": 10700.0}",-0.02654449254,-0.1115181548
2024-09-12,V11 LambdaRank Top2,121123.3928,121737.8747,904.1966298,2,383.1679102,231.3140036,771046.6785,0,"{""601288.SH"": 13602.9456, ""601398.SH"": 10700.0}",0.002251186667,-0.1095180163
2024-09-13,V11 LambdaRank Top2,120793.275,121407.7569,904.1966298,2,383.1679102,231.3140036,771046.6785,0,"{""601288.SH"": 13602.9456, ""601398.SH"": 10700.0}",-0.002725467109,-0.1119449956
2024-09-18,V11 LambdaRank Top2,122893.4517,123507.9337,904.1966298,2,383.1679102,231.3140036,771046.6785,0,"{""601288.SH"": 13602.9456, ""601398.SH"": 10700.0}",0.01738653691,-0.09650479452
2024-09-19,V11 LambdaRank Top2,122572.4517,123186.9337,904.1966298,2,383.1679102,231.3140036,771046.6785,0,"{""601288.SH"": 13602.9456, ""601398.SH"": 10700.0}",-0.002612018748,-0.09886474094
2024-09-20,V11 LambdaRank Top2,123330.5696,123945.0515,904.1966298,2,383.1679102,231.3140036,771046.6785,0,"{""601288.SH"": 13602.9456, ""601398.SH"": 10700.0}",0.006185058816,-0.09329116636
2024-09-23,V11 LambdaRank Top2,124953.8052,125568.2871,904.1966298,2,383.1679102,231.3140036,771046.6785,0,"{""601288.SH"": 13602.9456, ""601398.SH"": 10700.0}",0.01316166505,-0.0813573684
2024-09-24,V11 LambdaRank Top2,130398.3354,131012.8173,904.1966298,2,383.1679102,231.3140036,771046.6785,0,"{""601288.SH"": 13602.9456, ""601398.SH"": 10700.0}",0.04357234416,-0.0413299555
2024-09-25,V11 LambdaRank Top2,131370.4532,131984.9352,904.1966298,2,383.1679102,231.3140036,771046.6785,0,"{""601288.SH"": 13602.9456, ""601398.SH"": 10700.0}",0.007454986447,-0.03418308331
2024-09-26,V11 LambdaRank Top2,133762.6005,134377.0824,904.1966298,2,383.1679102,231.3140036,771046.6785,0,"{""601288.SH"": 13602.9456, ""601398.SH"": 10700.0}",0.01820917276,-0.01659635621
2024-09-27,V11 LambdaRank Top2,129145.0409,129759.5228,904.1966298,2,383.1679102,231.3140036,771046.6785,0,"{""601288.SH"": 13602.9456, ""601398.SH"": 10700.0}",-0.03452055838,-0.05054399911
2024-09-30,V11 LambdaRank Top2,132324.3354,132938.8173,904.1966298,2,383.1679102,231.3140036,771046.6785,0,"{""601288.SH"": 13602.9456, ""601398.SH"": 10700.0}",0.02461801504,-0.027170277
2024-10-08,V11 LambdaRank Top2,131138.2176,131752.6995,904.1966298,2,383.1679102,231.3140036,771046.6785,1.455191523e-11,"{""601288.SH"": 13602.9456, ""601398.SH"": 10700.0}",-0.008963716458,-0.0358904468
2024-10-09,V11 LambdaRank Top2,129047.8062,129667.4344,427.0503084,2,388.1726316,231.4556036,771518.6785,0,"{""601288.SH"": 13702.9456, ""601398.SH"": 10700.0}",-0.01594052033,-0.05125885473
2024-10-10,V11 LambdaRank Top2,133564.248,134183.8762,427.0503084,2,388.1726316,231.4556036,771518.6785,0,"{""601288.SH"": 13702.9456, ""601398.SH"": 10700.0}",0.03499820703,-0.01805461572
2024-10-11,V11 LambdaRank Top2,133701.2775,134320.9057,427.0503084,2,388.1726316,231.4556036,771518.6785,0,"{""601288.SH"": 13702.9456, ""601398.SH"": 10700.0}",0.001025944127,-0.01704719462
2024-10-14,V11 LambdaRank Top2,138581.8666,139201.4948,427.0503084,2,388.1726316,231.4556036,771518.6785,0,"{""601288.SH"": 13702.9456, ""601398.SH"": 10700.0}",0.0365036835,0
2024-10-15,V11 LambdaRank Top2,134827.5426,135447.1708,427.0503084,2,388.1726316,231.4556036,771518.6785,0,"{""601288.SH"": 13702.9456, ""601398.SH"": 10700.0}",-0.02709101924,-0.02709101924
2024-10-16,V11 LambdaRank Top2,137267.8371,137887.4654,427.0503084,2,388.1726316,231.4556036,771518.6785,0,"{""601288.SH"": 13702.9456, ""601398.SH"": 10700.0}",0.01809937726,-0.009481972557
2024-10-17,V11 LambdaRank Top2,135970.7193,136590.3475,427.0503084,2,388.1726316,231.4556036,771518.6785,0,"{""601288.SH"": 13702.9456, ""601398.SH"": 10700.0}",-0.009449539312,-0.0188419116
2024-10-18,V11 LambdaRank Top2,136017.6604,136637.2886,427.0503084,2,388.1726316,231.4556036,771518.6785,0,"{""601288.SH"": 13702.9456, ""601398.SH"": 10700.0}",0.0003452293891,-0.01850318699
2024-10-21,V11 LambdaRank Top2,132661.3069,133280.9352,427.0503084,2,388.1726316,231.4556036,771518.6785,0,"{""601288.SH"": 13702.9456, ""601398.SH"": 10700.0}",-0.02467586533,-0.04272247016
2024-10-22,V11 LambdaRank Top2,132721.3658,133340.9941,427.0503084,2,388.1726316,231.4556036,771518.6785,0,"{""601288.SH"": 13702.9456, ""601398.SH"": 10700.0}",0.0004527236541,-0.04228908798
2024-10-23,V11 LambdaRank Top2,132584.3364,133203.9646,427.0503084,2,388.1726316,231.4556036,771518.6785,0,"{""601288.SH"": 13702.9456, ""601398.SH"": 10700.0}",-0.001032459657,-0.04327788586
2024-10-24,V11 LambdaRank Top2,133072.3953,133692.0235,427.0503084,2,388.1726316,231.4556036,771518.6785,0,"{""601288.SH"": 13702.9456, ""601398.SH"": 10700.0}",0.003681120447,-0.03975607653
2024-10-25,V11 LambdaRank Top2,131959.248,132578.8762,427.0503084,2,388.1726316,231.4556036,771518.6785,0,"{""601288.SH"": 13702.9456, ""601398.SH"": 10700.0}",-0.008364975145,-0.04778849308
2024-10-28,V11 LambdaRank Top2,130602.0713,131221.6995,427.0503084,2,388.1726316,231.4556036,771518.6785,0,"{""601288.SH"": 13702.9456, ""601398.SH"": 10700.0}",-0.01028481713,-0.0575818143
2024-10-29,V11 LambdaRank Top2,130906.1596,131525.7879,427.0503084,2,388.1726316,231.4556036,771518.6785,0,"{""601288.SH"": 13702.9456, ""601398.SH"": 10700.0}",0.002328357923,-0.05538752745
2024-10-30,V11 LambdaRank Top2,129274.924,129894.5522,427.0503084,2,388.1726316,231.4556036,771518.6785,0,"{""601288.SH"": 13702.9456, ""601398.SH"": 10700.0}",-0.01246110688,-0.06715844443
2024-10-31,V11 LambdaRank Top2,129869.9829,130489.6111,427.0503084,2,388.1726316,231.4556036,771518.6785,0,"{""601288.SH"": 13702.9456, ""601398.SH"": 10700.0}",0.004603049789,-0.06286452831
2024-11-01,V11 LambdaRank Top2,131732.1302,132351.7584,427.0503084,2,388.1726316,231.4556036,771518.6785,0,"{""601288.SH"": 13702.9456, ""601398.SH"": 10700.0}",0.01433855027,-0.04942736423
2024-11-04,V11 LambdaRank Top2,131625.6922,132351.7584,599.6123409,2,455.2112991,270.8549036,902849.6785,-1.455191523e-11,"{""601288.SH"": 13702.9456, ""601988.SH"": 13400.0}",-0.0008079879019,-0.05019541542
2024-11-05,V11 LambdaRank Top2,132167.7511,132893.8173,599.6123409,2,455.2112991,270.8549036,902849.6785,2.910383046e-11,"{""601288.SH"": 13702.9456, ""601988.SH"": 13400.0}",0.004118184698,-0.04628394471
2024-11-06,V11 LambdaRank Top2,131488.6628,132214.729,599.6123409,2,455.2112991,270.8549036,902849.6785,1.455191523e-11,"{""601288.SH"": 13702.9456, ""601988.SH"": 13400.0}",-0.005138079158,-0.0511842133
2024-11-07,V11 LambdaRank Top2,132301.7511,133027.8173,599.6123409,2,455.2112991,270.8549036,902849.6785,2.910383046e-11,"{""601288.SH"": 13702.9456, ""601988.SH"": 13400.0}",0.006183714629,-0.04531700724
2024-11-08,V11 LambdaRank Top2,130949.6333,131675.6995,599.6123409,2,455.2112991,270.8549036,902849.6785,0,"{""601288.SH"": 13702.9456, ""601988.SH"": 13400.0}",-0.0102199541,-0.0550738236
2024-11-11,V11 LambdaRank Top2,129320.4271,130046.4933,599.6123409,2,455.2112991,270.8549036,902849.6785,0,"{""601288.SH"": 13702.9456, ""601988.SH"": 13400.0}",-0.01244147196,-0.06683009613
2024-11-12,V11 LambdaRank Top2,128504.3093,129230.3755,599.6123409,2,455.2112991,270.8549036,902849.6785,0,"{""601288.SH"": 13702.9456, ""601988.SH"": 13400.0}",-0.006310819114,-0.07271916259
2024-11-13,V11 LambdaRank Top2,129043.3388,129769.405,599.6123409,2,455.2112991,270.8549036,902849.6785,0,"{""601288.SH"": 13702.9456, ""601988.SH"": 13400.0}",0.004194641088,-0.06882955229
2024-11-14,V11 LambdaRank Top2,129722.4271,130448.4933,599.6123409,2,455.2112991,270.8549036,902849.6785,0,"{""601288.SH"": 13702.9456, ""601988.SH"": 13400.0}",0.00526248293,-0.06392928371
2024-11-15,V11 LambdaRank Top2,130127.4566,130853.5228,599.6123409,2,455.2112991,270.8549036,902849.6785,0,"{""601288.SH"": 13702.9456, ""601988.SH"": 13400.0}",0.003122277811,-0.06100661088
2024-11-18,V11 LambdaRank Top2,133373.7511,134099.8173,599.6123409,2,455.2112991,270.8549036,902849.6785,2.910383046e-11,"{""601288.SH"": 13702.9456, ""601988.SH"": 13400.0}",0.02494703765,-0.03758150745
2024-11-19,V11 LambdaRank Top2,132420.6039,133146.6701,599.6123409,2,455.2112991,270.8549036,902849.6785,0,"{""601288.SH"": 13702.9456, ""601988.SH"": 13400.0}",-0.007146438268,-0.04445937179
2024-11-20,V11 LambdaRank Top2,132426.6628,133152.729,599.6123409,2,455.2112991,270.8549036,902849.6785,2.910383046e-11,"{""601288.SH"": 13702.9456, ""601988.SH"": 13400.0}",4.575505213e-05,-0.04441565098
2024-11-21,V11 LambdaRank Top2,132426.6628,133152.729,599.6123409,2,455.2112991,270.8549036,902849.6785,2.910383046e-11,"{""601288.SH"": 13702.9456, ""601988.SH"": 13400.0}",0,-0.04441565098
2024-11-22,V11 LambdaRank Top2,130797.4566,131523.5228,599.6123409,2,455.2112991,270.8549036,902849.6785,0,"{""601288.SH"": 13702.9456, ""601988.SH"": 13400.0}",-0.01230270519,-0.05617192351
2024-11-25,V11 LambdaRank Top2,131208.5449,131934.6111,599.6123409,2,455.2112991,270.8549036,902849.6785,1.455191523e-11,"{""601288.SH"": 13702.9456, ""601988.SH"": 13400.0}",0.003142938542,-0.05320552987
2024-11-26,V11 LambdaRank Top2,133376.7806,134102.8468,599.6123409,2,455.2112991,270.8549036,902849.6785,0,"{""601288.SH"": 13702.9456, ""601988.SH"": 13400.0}",0.01652511006,-0.03755964704
2024-11-27,V11 LambdaRank Top2,134320.8395,135046.9057,599.6123409,2,455.2112991,270.8549036,902849.6785,0,"{""601288.SH"": 13702.9456, ""601988.SH"": 13400.0}",0.007078135396,-0.03074736391
2024-11-28,V11 LambdaRank Top2,134460.8984,135186.9646,599.6123409,2,455.2112991,270.8549036,902849.6785,0,"{""601288.SH"": 13702.9456, ""601988.SH"": 13400.0}",0.00104271915,-0.02973670563
2024-11-29,V11 LambdaRank Top2,133644.7806,134370.8468,599.6123409,2,455.2112991,270.8549036,902849.6785,0,"{""601288.SH"": 13702.9456, ""601988.SH"": 13400.0}",-0.006069555037,-0.0356257721
2024-12-02,V11 LambdaRank Top2,133781.81,134507.8762,599.6123409,2,455.2112991,270.8549036,902849.6785,0,"{""601288.SH"": 13702.9456, ""601988.SH"": 13400.0}",0.001025325907,-0.03463697422
2024-12-03,V11 LambdaRank Top2,135385.3487,136326.8468,529.3486783,2,590.8596588,350.638454,1168794.847,0,"{""601398.SH"": 10800.0, ""601939.SH"": 8400.0}",0.01198622319,-0.02306591753
2024-12-04,V11 LambdaRank Top2,136933.3487,137874.8468,529.3486783,2,590.8596588,350.638454,1168794.847,0,"{""601398.SH"": 10800.0, ""601939.SH"": 8400.0}",0.01143402898,-0.01189562492
2024-12-05,V11 LambdaRank Top2,137269.3487,138210.8468,529.3486783,2,590.8596588,350.638454,1168794.847,0,"{""601398.SH"": 10800.0, ""601939.SH"": 8400.0}",0.002453748508,-0.009471065285
2024-12-06,V11 LambdaRank Top2,138253.3487,139194.8468,529.3486783,2,590.8596588,350.638454,1168794.847,0,"{""601398.SH"": 10800.0, ""601939.SH"": 8400.0}",0.007168388351,-0.002370569208
2024-12-09,V11 LambdaRank Top2,138085.3487,139026.8468,529.3486783,2,590.8596588,350.638454,1168794.847,0,"{""601398.SH"": 10800.0, ""601939.SH"": 8400.0}",-0.00121516044,-0.003582849026
2024-12-10,V11 LambdaRank Top2,140173.3487,141114.8468,529.3486783,2,590.8596588,350.638454,1168794.847,0,"{""601398.SH"": 10800.0, ""601939.SH"": 8400.0}",0.01512108287,0
2024-12-11,V11 LambdaRank Top2,137641.3487,138582.8468,529.3486783,2,590.8596588,350.638454,1168794.847,0,"{""601398.SH"": 10800.0, ""601939.SH"": 8400.0}",-0.01806334816,-0.01806334816
2024-12-12,V11 LambdaRank Top2,139669.3487,140610.8468,529.3486783,2,590.8596588,350.638454,1168794.847,0,"{""601398.SH"": 10800.0, ""601939.SH"": 8400.0}",0.01473394456,-0.003595547975
2024-12-13,V11 LambdaRank Top2,139261.3487,140202.8468,529.3486783,2,590.8596588,350.638454,1168794.847,0,"{""601398.SH"": 10800.0, ""601939.SH"": 8400.0}",-0.002921184955,-0.006506229669
2024-12-16,V11 LambdaRank Top2,142033.3487,142974.8468,529.3486783,2,590.8596588,350.638454,1168794.847,0,"{""601398.SH"": 10800.0, ""601939.SH"": 8400.0}",0.0199050205,0
2024-12-17,V11 LambdaRank Top2,142153.3487,143094.8468,529.3486783,2,590.8596588,350.638454,1168794.847,0,"{""601398.SH"": 10800.0, ""601939.SH"": 8400.0}",0.0008448720045,0
2024-12-18,V11 LambdaRank Top2,143521.3487,144462.8468,529.3486783,2,590.8596588,350.638454,1168794.847,0,"{""601398.SH"": 10800.0, ""601939.SH"": 8400.0}",0.009623410301,0
2024-12-19,V11 LambdaRank Top2,141853.3487,142794.8468,529.3486783,2,590.8596588,350.638454,1168794.847,0,"{""601398.SH"": 10800.0, ""601939.SH"": 8400.0}",-0.01162196437,-0.01162196437
2024-12-20,V11 LambdaRank Top2,142285.3487,143226.8468,529.3486783,2,590.8596588,350.638454,1168794.847,0,"{""601398.SH"": 10800.0, ""601939.SH"": 8400.0}",0.003045398674,-0.008611959206
2024-12-23,V11 LambdaRank Top2,145297.3487,146238.8468,529.3486783,2,590.8596588,350.638454,1168794.847,0,"{""601398.SH"": 10800.0, ""601939.SH"": 8400.0}",0.02116872909,0
2024-12-24,V11 LambdaRank Top2,147505.3487,148446.8468,529.3486783,2,590.8596588,350.638454,1168794.847,0,"{""601398.SH"": 10800.0, ""601939.SH"": 8400.0}",0.0151964232,0
2024-12-25,V11 LambdaRank Top2,150073.3487,151014.8468,529.3486783,2,590.8596588,350.638454,1168794.847,0,"{""601398.SH"": 10800.0, ""601939.SH"": 8400.0}",0.01740953818,0
2024-12-26,V11 LambdaRank Top2,149545.3487,150486.8468,529.3486783,2,590.8596588,350.638454,1168794.847,0,"{""601398.SH"": 10800.0, ""601939.SH"": 8400.0}",-0.003518279592,-0.003518279592
2024-12-27,V11 LambdaRank Top2,148933.3487,149874.8468,529.3486783,2,590.8596588,350.638454,1168794.847,0,"{""601398.SH"": 10800.0, ""601939.SH"": 8400.0}",-0.004092404113,-0.007596285483
2024-12-30,V11 LambdaRank Top2,149509.3487,150450.8468,529.3486783,2,590.8596588,350.638454,1168794.847,0,"{""601398.SH"": 10800.0, ""601939.SH"": 8400.0}",0.00386750184,-0.003758162292
2024-12-31,V11 LambdaRank Top2,149101.3487,150042.8468,529.3486783,2,590.8596588,350.638454,1168794.847,0,"{""601398.SH"": 10800.0, ""601939.SH"": 8400.0}",-0.002728926342,-0.006476832886
2025-01-02,V11 LambdaRank Top2,146125.3487,147066.8468,529.3486783,2,590.8596588,350.638454,1168794.847,0,"{""601398.SH"": 10800.0, ""601939.SH"": 8400.0}",-0.01995957801,-0.02630713604
2025-01-03,V11 LambdaRank Top2,144145.3487,145086.8468,529.3486783,2,590.8596588,350.638454,1168794.847,0,"{""601398.SH"": 10800.0, ""601939.SH"": 8400.0}",-0.01355001044,-0.03950068451
2025-01-06,V11 LambdaRank Top2,144661.3487,145602.8468,529.3486783,2,590.8596588,350.638454,1168794.847,0,"{""601398.SH"": 10800.0, ""601939.SH"": 8400.0}",0.003579720086,-0.03606236582
2025-01-07,V11 LambdaRank Top2,146973.139,147914.6371,529.3486783,2,590.8596588,350.638454,1168794.847,0,"{""601398.SH"": 11028.9672, ""601939.SH"": 8400.0}",0.01598070465,-0.02065796319
2025-01-08,V11 LambdaRank Top2,149341.1667,150282.6648,529.3486783,2,590.8596588,350.638454,1168794.847,0,"{""601398.SH"": 11028.9672, ""601939.SH"": 8400.0}",0.01611197609,-0.004878827705
2025-01-09,V11 LambdaRank Top2,148117.7183,149059.2164,529.3486783,2,590.8596588,350.638454,1168794.847,2.910383046e-11,"{""601398.SH"": 11028.9672, ""601939.SH"": 8400.0}",-0.008192304809,-0.01303116367
2025-01-10,V11 LambdaRank Top2,146731.8956,147673.3937,529.3486783,2,590.8596588,350.638454,1168794.847,0,"{""601398.SH"": 11028.9672, ""601939.SH"": 8596.3711}",-0.009356224963,-0.02226546613
2025-01-13,V11 LambdaRank Top2,144584.4485,145525.9466,529.3486783,2,590.8596588,350.638454,1168794.847,2.910383046e-11,"{""601398.SH"": 11028.9672, ""601939.SH"": 8596.3711}",-0.01463517575,-0.03657478288
2025-01-14,V11 LambdaRank Top2,144952.6293,145894.1275,529.3486783,2,590.8596588,350.638454,1168794.847,0,"{""601398.SH"": 11028.9672, ""601939.SH"": 8596.3711}",0.002546475842,-0.03412144384
2025-01-15,V11 LambdaRank Top2,145173.2087,146114.7068,529.3486783,2,590.8596588,350.638454,1168794.847,0,"{""601398.SH"": 11028.9672, ""601939.SH"": 8596.3711}",0.001521733991,-0.03265163361
2025-01-16,V11 LambdaRank Top2,146928.149,147869.6471,529.3486783,2,590.8596588,350.638454,1168794.847,0,"{""601398.SH"": 11028.9672, ""601939.SH"": 8596.3711}",0.01208859631,-0.02095774971
2025-01-17,V11 LambdaRank Top2,145124.5568,146066.0549,529.3486783,2,590.8596588,350.638454,1168794.847,0,"{""601398.SH"": 11028.9672, ""601939.SH"": 8596.3711}",-0.0122753349,-0.03297582122
2025-01-20,V11 LambdaRank Top2,144253.5795,145195.0776,529.3486783,2,590.8596588,350.638454,1168794.847,0,"{""601398.SH"": 11028.9672, ""601939.SH"": 8596.3711}",-0.00600158417,-0.03877949822
2025-01-21,V11 LambdaRank Top2,143861.0728,144802.5709,529.3486783,2,590.8596588,350.638454,1168794.847,0,"{""601398.SH"": 11028.9672, ""601939.SH"": 8596.3711}",-0.00272094992,-0.04139493107
2025-01-22,V11 LambdaRank Top2,141788.2493,142729.7474,529.3486783,2,590.8596588,350.638454,1168794.847,0,"{""601398.SH"": 11028.9672, ""601939.SH"": 8596.3711}",-0.01440850857,-0.05520700042
2025-01-23,V11 LambdaRank Top2,146535.6422,147477.1403,529.3486783,2,590.8596588,350.638454,1168794.847,0,"{""601398.SH"": 11028.9672, ""601939.SH"": 8596.3711}",0.03348227376,-0.02357318256
2025-01-24,V11 LambdaRank Top2,146388.0408,147329.5389,529.3486783,2,590.8596588,350.638454,1168794.847,2.910383046e-11,"{""601398.SH"": 11028.9672, ""601939.SH"": 8596.3711}",-0.001007273452,-0.02455671137
2025-01-27,V11 LambdaRank Top2,149159.9141,150101.4122,529.3486783,2,590.8596588,350.638454,1168794.847,2.910383046e-11,"{""601398.SH"": 11028.9672, ""601939.SH"": 8596.3711}",0.01893510771,-0.006086587632
2025-02-05,V11 LambdaRank Top2,146350.729,147292.2271,529.3486783,2,590.8596588,350.638454,1168794.847,0,"{""601398.SH"": 11028.9672, ""601939.SH"": 8596.3711}",-0.01883337844,-0.02480533506
2025-02-06,V11 LambdaRank Top2,146011.9456,147190.3716,321.945624,2,740.0310741,438.3949115,1461316.372,0,"{""601288.SH"": 14500.0, ""601988.SH"": 13700.0}",-0.002314873035,-0.0270627869
2025-02-07,V11 LambdaRank Top2,145447.9456,146626.3716,321.945624,2,740.0310741,438.3949115,1461316.372,0,"{""601288.SH"": 14500.0, ""601988.SH"": 13700.0}",-0.003862697655,-0.03082094919
2025-02-10,V11 LambdaRank Top2,145310.9456,146489.3716,321.945624,2,740.0310741,438.3949115,1461316.372,0,"{""601288.SH"": 14500.0, ""601988.SH"": 13700.0}",-0.0009419177384,-0.03173383613
2025-02-11,V11 LambdaRank Top2,148122.9456,149301.3716,321.945624,2,740.0310741,438.3949115,1461316.372,0,"{""601288.SH"": 14500.0, ""601988.SH"": 13700.0}",0.01935160485,-0.01299633194
2025-02-12,V11 LambdaRank Top2,148831.9456,150010.3716,321.945624,2,740.0310741,438.3949115,1461316.372,0,"{""601288.SH"": 14500.0, ""601988.SH"": 13700.0}",0.004786564276,-0.008271975439
2025-02-13,V11 LambdaRank Top2,149258.9456,150437.3716,321.945624,2,740.0310741,438.3949115,1461316.372,0,"{""601288.SH"": 14500.0, ""601988.SH"": 13700.0}",0.002869007713,-0.005426700087
2025-02-14,V11 LambdaRank Top2,149983.9456,151162.3716,321.945624,2,740.0310741,438.3949115,1461316.372,0,"{""601288.SH"": 14500.0, ""601988.SH"": 13700.0}",0.004857330306,-0.0005957290562
2025-02-17,V11 LambdaRank Top2,150829.9456,152008.3716,321.945624,2,740.0310741,438.3949115,1461316.372,0,"{""601288.SH"": 14500.0, ""601988.SH"": 13700.0}",0.005640603709,0
2025-02-18,V11 LambdaRank Top2,153198.9456,154377.3716,321.945624,2,740.0310741,438.3949115,1461316.372,0,"{""601288.SH"": 14500.0, ""601988.SH"": 13700.0}",0.01570643011,0
2025-02-19,V11 LambdaRank Top2,152207.9456,153386.3716,321.945624,2,740.0310741,438.3949115,1461316.372,0,"{""601288.SH"": 14500.0, ""601988.SH"": 13700.0}",-0.006468712927,-0.006468712927
2025-02-20,V11 LambdaRank Top2,152771.9456,153950.3716,321.945624,2,740.0310741,438.3949115,1461316.372,0,"{""601288.SH"": 14500.0, ""601988.SH"": 13700.0}",0.003705457016,-0.002787225449
2025-02-21,V11 LambdaRank Top2,150233.9456,151412.3716,321.945624,2,740.0310741,438.3949115,1461316.372,0,"{""601288.SH"": 14500.0, ""601988.SH"": 13700.0}",-0.01661299782,-0.0193539191
2025-02-24,V11 LambdaRank Top2,148968.9456,150147.3716,321.945624,2,740.0310741,438.3949115,1461316.372,0,"{""601288.SH"": 14500.0, ""601988.SH"": 13700.0}",-0.008420200872,-0.02761115609
2025-02-25,V11 LambdaRank Top2,147848.9456,149027.3716,321.945624,2,740.0310741,438.3949115,1461316.372,0,"{""601288.SH"": 14500.0, ""601988.SH"": 13700.0}",-0.007518345487,-0.03492191136
2025-02-26,V11 LambdaRank Top2,148678.9456,149857.3716,321.945624,2,740.0310741,438.3949115,1461316.372,0,"{""601288.SH"": 14500.0, ""601988.SH"": 13700.0}",0.005613837802,-0.02950411951
2025-02-27,V11 LambdaRank Top2,149532.9456,150711.3716,321.945624,2,740.0310741,438.3949115,1461316.372,0,"{""601288.SH"": 14500.0, ""601988.SH"": 13700.0}",0.005743920206,-0.02392966861
2025-02-28,V11 LambdaRank Top2,148686.9456,149865.3716,321.945624,2,740.0310741,438.3949115,1461316.372,0,"{""601288.SH"": 14500.0, ""601988.SH"": 13700.0}",-0.005657616096,-0.02945189983
2025-03-03,V11 LambdaRank Top2,148670.9456,149849.3716,321.945624,2,740.0310741,438.3949115,1461316.372,0,"{""601288.SH"": 14500.0, ""601988.SH"": 13700.0}",-0.00010760864,-0.02955633919
2025-03-04,V11 LambdaRank Top2,147718.0782,149016.3716,543.0781881,2,815.5306099,482.7628115,1609209.372,0,"{""601288.SH"": 14500.0, ""601939.SH"": 8700.0}",-0.006409237742,-0.03577614332
2025-03-05,V11 LambdaRank Top2,150531.0782,151829.3716,543.0781881,2,815.5306099,482.7628115,1609209.372,0,"{""601288.SH"": 14500.0, ""601939.SH"": 8700.0}",0.01904303139,-0.01741439815
2025-03-06,V11 LambdaRank Top2,148849.0782,150147.3716,543.0781881,2,815.5306099,482.7628115,1609209.372,0,"{""601288.SH"": 14500.0, ""601939.SH"": 8700.0}",-0.01117377235,-0.02839358599
2025-03-07,V11 LambdaRank Top2,148443.0782,149741.3716,543.0781881,2,815.5306099,482.7628115,1609209.372,0,"{""601288.SH"": 14500.0, ""601939.SH"": 8700.0}",-0.00272759499,-0.03104373478
2025-03-10,V11 LambdaRank Top2,147428.0782,148726.3716,543.0781881,2,815.5306099,482.7628115,1609209.372,0,"{""601288.SH"": 14500.0, ""601939.SH"": 8700.0}",-0.006837637783,-0.03766910674
2025-03-11,V11 LambdaRank Top2,148211.0782,149509.3716,543.0781881,2,815.5306099,482.7628115,1609209.372,0,"{""601288.SH"": 14500.0, ""601939.SH"": 8700.0}",0.00531106428,-0.03255810551
2025-03-12,V11 LambdaRank Top2,147283.0782,148581.3716,543.0781881,2,815.5306099,482.7628115,1609209.372,0,"{""601288.SH"": 14500.0, ""601939.SH"": 8700.0}",-0.006261340322,-0.03861558845
2025-03-13,V11 LambdaRank Top2,147805.0782,149103.3716,543.0781881,2,815.5306099,482.7628115,1609209.372,0,"{""601288.SH"": 14500.0, ""601939.SH"": 8700.0}",0.003544195344,-0.0352082543
2025-03-14,V11 LambdaRank Top2,148124.0782,149422.3716,543.0781881,2,815.5306099,482.7628115,1609209.372,0,"{""601288.SH"": 14500.0, ""601939.SH"": 8700.0}",0.002158247903,-0.03312599454
2025-03-17,V11 LambdaRank Top2,149139.0782,150437.3716,543.0781881,2,815.5306099,482.7628115,1609209.372,0,"{""601288.SH"": 14500.0, ""601939.SH"": 8700.0}",0.006852363319,-0.02650062257
2025-03-18,V11 LambdaRank Top2,148733.0782,150031.3716,543.0781881,2,815.5306099,482.7628115,1609209.372,0,"{""601288.SH"": 14500.0, ""601939.SH"": 8700.0}",-0.002722291199,-0.02915077136
2025-03-19,V11 LambdaRank Top2,150154.0782,151452.3716,543.0781881,2,815.5306099,482.7628115,1609209.372,0,"{""601288.SH"": 14500.0, ""601939.SH"": 8700.0}",0.009554028043,-0.0198752506
2025-03-20,V11 LambdaRank Top2,149371.0782,150669.3716,543.0781881,2,815.5306099,482.7628115,1609209.372,0,"{""601288.SH"": 14500.0, ""601939.SH"": 8700.0}",-0.005214643581,-0.02498625183
2025-03-21,V11 LambdaRank Top2,148211.0782,149509.3716,543.0781881,2,815.5306099,482.7628115,1609209.372,0,"{""601288.SH"": 14500.0, ""601939.SH"": 8700.0}",-0.007765894269,-0.03255810551
2025-03-24,V11 LambdaRank Top2,149719.0782,151017.3716,543.0781881,2,815.5306099,482.7628115,1609209.372,0,"{""601288.SH"": 14500.0, ""601939.SH"": 8700.0}",0.01017467802,-0.02271469573
2025-03-25,V11 LambdaRank Top2,150763.0782,152061.3716,543.0781881,2,815.5306099,482.7628115,1609209.372,0,"{""601288.SH"": 14500.0, ""601939.SH"": 8700.0}",0.00697305923,-0.01590002742
2025-03-26,V11 LambdaRank Top2,149951.0782,151249.3716,543.0781881,2,815.5306099,482.7628115,1609209.372,0,"{""601288.SH"": 14500.0, ""601939.SH"": 8700.0}",-0.005385934075,-0.02120032499
2025-03-27,V11 LambdaRank Top2,150299.0782,151597.3716,543.0781881,2,815.5306099,482.7628115,1609209.372,0,"{""601288.SH"": 14500.0, ""601939.SH"": 8700.0}",0.002320756904,-0.01892876889
2025-03-28,V11 LambdaRank Top2,148617.0782,149915.3716,543.0781881,2,815.5306099,482.7628115,1609209.372,0,"{""601288.SH"": 14500.0, ""601939.SH"": 8700.0}",-0.01119102007,-0.02990795672
2025-03-31,V11 LambdaRank Top2,152474.0782,153772.3716,543.0781881,2,815.5306099,482.7628115,1609209.372,0,"{""601288.SH"": 14500.0, ""601939.SH"": 8700.0}",0.0259526028,-0.004731543242
2025-04-01,V11 LambdaRank Top2,150357.0782,151655.3716,543.0781881,2,815.5306099,482.7628115,1609209.372,0,"{""601288.SH"": 14500.0, ""601939.SH"": 8700.0}",-0.01388432726,-0.01855017621
2025-04-02,V11 LambdaRank Top2,151388.2419,152813.3716,556.2418987,2,897.2036993,527.9260115,1759753.372,0,"{""601288.SH"": 14600.0, ""601398.SH"": 11000.0}",0.006858098887,-0.01181929626
2025-04-03,V11 LambdaRank Top2,152558.2419,153983.3716,556.2418987,2,897.2036993,527.9260115,1759753.372,0,"{""601288.SH"": 14600.0, ""601398.SH"": 11000.0}",0.007728473396,-0.004182167982
2025-04-07,V11 LambdaRank Top2,148354.2419,149779.3716,556.2418987,2,897.2036993,527.9260115,1759753.372,0,"{""601288.SH"": 14600.0, ""601398.SH"": 11000.0}",-0.02755668883,-0.03162361011
2025-04-08,V11 LambdaRank Top2,150182.2419,151607.3716,556.2418987,2,897.2036993,527.9260115,1759753.372,0,"{""601288.SH"": 14600.0, ""601398.SH"": 11000.0}",0.01232185866,-0.0196914131
2025-04-09,V11 LambdaRank Top2,149524.2419,150949.3716,556.2418987,2,897.2036993,527.9260115,1759753.372,0,"{""601288.SH"": 14600.0, ""601398.SH"": 11000.0}",-0.004381343571,-0.02398648183
2025-04-10,V11 LambdaRank Top2,148974.2419,150399.3716,556.2418987,2,897.2036993,527.9260115,1759753.372,0,"{""601288.SH"": 14600.0, ""601398.SH"": 11000.0}",-0.003678333312,-0.02757658487
2025-04-11,V11 LambdaRank Top2,150254.2419,151679.3716,556.2418987,2,897.2036993,527.9260115,1759753.372,0,"{""601288.SH"": 14600.0, ""601398.SH"": 11000.0}",0.008592089369,-0.01922143598
2025-04-14,V11 LambdaRank Top2,151754.2419,153179.3716,556.2418987,2,897.2036993,527.9260115,1759753.372,0,"{""601288.SH"": 14600.0, ""601398.SH"": 11000.0}",0.00998307922,-0.009430245876
2025-04-15,V11 LambdaRank Top2,154496.2419,155921.3716,556.2418987,2,897.2036993,527.9260115,1759753.372,0,"{""601288.SH"": 14600.0, ""601398.SH"": 11000.0}",0.01806868767,0
2025-04-16,V11 LambdaRank Top2,156618.2419,158043.3716,556.2418987,2,897.2036993,527.9260115,1759753.372,0,"{""601288.SH"": 14600.0, ""601398.SH"": 11000.0}",0.01373496192,0
2025-04-17,V11 LambdaRank Top2,156508.2419,157933.3716,556.2418987,2,897.2036993,527.9260115,1759753.372,0,"{""601288.SH"": 14600.0, ""601398.SH"": 11000.0}",-0.0007023447503,-0.0007023447503
2025-04-18,V11 LambdaRank Top2,158228.2419,159653.3716,556.2418987,2,897.2036993,527.9260115,1759753.372,0,"{""601288.SH"": 14600.0, ""601398.SH"": 11000.0}",0.01098983657,0
2025-04-21,V11 LambdaRank Top2,156508.2419,157933.3716,556.2418987,2,897.2036993,527.9260115,1759753.372,0,"{""601288.SH"": 14600.0, ""601398.SH"": 11000.0}",-0.01087037295,-0.01087037295
2025-04-22,V11 LambdaRank Top2,159506.2419,160931.3716,556.2418987,2,897.2036993,527.9260115,1759753.372,0,"{""601288.SH"": 14600.0, ""601398.SH"": 11000.0}",0.01915554072,0
2025-04-23,V11 LambdaRank Top2,158774.2419,160199.3716,556.2418987,2,897.2036993,527.9260115,1759753.372,0,"{""601288.SH"": 14600.0, ""601398.SH"": 11000.0}",-0.0045891621,-0.0045891621
2025-04-24,V11 LambdaRank Top2,161810.2419,163235.3716,556.2418987,2,897.2036993,527.9260115,1759753.372,0,"{""601288.SH"": 14600.0, ""601398.SH"": 11000.0}",0.0191214895,0
2025-04-25,V11 LambdaRank Top2,160896.2419,162321.3716,556.2418987,2,897.2036993,527.9260115,1759753.372,0,"{""601288.SH"": 14600.0, ""601398.SH"": 11000.0}",-0.005648591766,-0.005648591766
2025-04-28,V11 LambdaRank Top2,162652.2419,164077.3716,556.2418987,2,897.2036993,527.9260115,1759753.372,0,"{""601288.SH"": 14600.0, ""601398.SH"": 11000.0}",0.01091386585,0
2025-04-29,V11 LambdaRank Top2,162140.2419,163565.3716,556.2418987,2,897.2036993,527.9260115,1759753.372,0,"{""601288.SH"": 14600.0, ""601398.SH"": 11000.0}",-0.003147820122,-0.003147820122
2025-04-30,V11 LambdaRank Top2,156798.2419,158223.3716,556.2418987,2,897.2036993,527.9260115,1759753.372,0,"{""601288.SH"": 14600.0, ""601398.SH"": 11000.0}",-0.03294678691,-0.03599089648
2025-05-06,V11 LambdaRank Top2,155884.2419,157309.3716,556.2418987,2,897.2036993,527.9260115,1759753.372,0,"{""601288.SH"": 14600.0, ""601398.SH"": 11000.0}",-0.005829146991,-0.04161024724
2025-05-07,V11 LambdaRank Top2,158684.0088,160361.3716,987.0088245,2,1056.071674,621.2911115,2070970.372,0,"{""601939.SH"": 8500.0, ""601988.SH"": 14100.0}",0.01796055131,-0.02439703891
2025-05-08,V11 LambdaRank Top2,159082.0088,160759.3716,987.0088245,2,1056.071674,621.2911115,2070970.372,0,"{""601939.SH"": 8500.0, ""601988.SH"": 14100.0}",0.002508129225,-0.02195010061
2025-05-09,V11 LambdaRank Top2,161005.8884,162683.2512,987.0088245,2,1056.071674,621.2911115,2070970.372,2.910383046e-11,"{""601939.SH"": 8696.3073, ""601988.SH"": 14100.0}",0.01209363419,-0.01012192291
2025-05-12,V11 LambdaRank Top2,160115.1469,161792.5097,987.0088245,2,1056.071674,621.2911115,2070970.372,2.910383046e-11,"{""601939.SH"": 8696.3073, ""601988.SH"": 14100.0}",-0.005532353636,-0.01559827849
2025-05-13,V11 LambdaRank Top2,161461.8146,163139.1774,987.0088245,2,1056.071674,621.2911115,2070970.372,2.910383046e-11,"{""601939.SH"": 8696.3073, ""601988.SH"": 14100.0}",0.00841062001,-0.007318849669
2025-05-14,V11 LambdaRank Top2,161515.8515,163193.2143,987.0088245,2,1056.071674,621.2911115,2070970.372,0,"{""601939.SH"": 8696.3073, ""601988.SH"": 14100.0}",0.0003346731049,-0.006986625986
2025-05-15,V11 LambdaRank Top2,161200.9254,162878.2882,987.0088245,2,1056.071674,621.2911115,2070970.372,0,"{""601939.SH"": 8696.3073, ""601988.SH"": 14100.0}",-0.00194981572,-0.008922819073
2025-05-16,V11 LambdaRank Top2,160202.11,161879.4728,987.0088245,2,1056.071674,621.2911115,2070970.372,0,"{""601939.SH"": 8696.3073, ""601988.SH"": 14100.0}",-0.00619608953,-0.01506362202
2025-05-19,V11 LambdaRank Top2,159746.1839,161423.5466,987.0088245,2,1056.071674,621.2911115,2070970.372,0,"{""601939.SH"": 8696.3073, ""601988.SH"": 14100.0}",-0.002845943454,-0.01786669526
2025-05-20,V11 LambdaRank Top2,159746.1839,161423.5466,987.0088245,2,1056.071674,621.2911115,2070970.372,0,"{""601939.SH"": 8696.3073, ""601988.SH"": 14100.0}",0,-0.01786669526
2025-05-21,V11 LambdaRank Top2,159974.1469,161651.5097,987.0088245,2,1056.071674,621.2911115,2070970.372,2.910383046e-11,"{""601939.SH"": 8696.3073, ""601988.SH"": 14100.0}",0.001427032982,-0.01646515864
2025-05-22,V11 LambdaRank Top2,160115.1469,161792.5097,987.0088245,2,1056.071674,621.2911115,2070970.372,2.910383046e-11,"{""601939.SH"": 8696.3073, ""601988.SH"": 14100.0}",0.0008813924169,-0.01559827849
2025-05-23,V11 LambdaRank Top2,158486.4793,160163.8421,987.0088245,2,1056.071674,621.2911115,2070970.372,0,"{""601939.SH"": 8696.3073, ""601988.SH"": 14100.0}",-0.01017185251,-0.0256114676
2025-05-26,V11 LambdaRank Top2,157292.627,158969.9898,987.0088245,2,1056.071674,621.2911115,2070970.372,2.910383046e-11,"{""601939.SH"": 8696.3073, ""601988.SH"": 14100.0}",-0.007532833704,-0.03295137438
2025-05-27,V11 LambdaRank Top2,158258.5162,159935.879,987.0088245,2,1056.071674,621.2911115,2070970.372,0,"{""601939.SH"": 8696.3073, ""601988.SH"": 14100.0}",0.006140715163,-0.02701300422
2025-05-28,V11 LambdaRank Top2,157661.5901,159338.9528,987.0088245,2,1056.071674,621.2911115,2070970.372,0,"{""601939.SH"": 8696.3073, ""601988.SH"": 14100.0}",-0.003771842178,-0.03068295761
2025-05-29,V11 LambdaRank Top2,157031.7378,158709.1005,987.0088245,2,1056.071674,621.2911115,2070970.372,0,"{""601939.SH"": 8696.3073, ""601988.SH"": 14100.0}",-0.003994963469,-0.03455534379
2025-05-30,V11 LambdaRank Top2,157346.6639,159024.0267,987.0088245,2,1056.071674,621.2911115,2070970.372,0,"{""601939.SH"": 8696.3073, ""601988.SH"": 14100.0}",0.002005493608,-0.0326191507
2025-06-03,V11 LambdaRank Top2,157607.5531,159284.9159,987.0088245,2,1056.071674,621.2911115,2070970.372,0,"{""601939.SH"": 8696.3073, ""601988.SH"": 14100.0}",0.001658053708,-0.03101518129
2025-06-04,V11 LambdaRank Top2,156884.567,158567.1005,430.8380128,2,1061.077185,621.4564115,2071521.372,0,"{""601939.SH"": 8696.3073, ""601988.SH"": 14200.0}",-0.004587255897,-0.03546016262
2025-06-05,V11 LambdaRank Top2,156371.6039,158054.1375,430.8380128,2,1061.077185,621.4564115,2071521.372,0,"{""601939.SH"": 8696.3073, ""601988.SH"": 14200.0}",-0.003269684732,-0.0386139038
2025-06-06,V11 LambdaRank Top2,156087.6039,157770.1375,430.8380128,2,1061.077185,621.4564115,2071521.372,0,"{""601939.SH"": 8696.3073, ""601988.SH"": 14200.0}",-0.001816186526,-0.04035996027
2025-06-09,V11 LambdaRank Top2,155455.7516,157138.2852,430.8380128,2,1061.077185,621.4564115,2071521.372,0,"{""601939.SH"": 8696.3073, ""601988.SH"": 14200.0}",-0.004048061967,-0.04424464262
2025-06-10,V11 LambdaRank Top2,155826.7147,157509.2483,430.8380128,2,1061.077185,621.4564115,2071521.372,0,"{""601939.SH"": 8696.3073, ""601988.SH"": 14200.0}",0.002386293652,-0.04196392968
2025-06-11,V11 LambdaRank Top2,155107.8993,156790.4329,430.8380128,2,1061.077185,621.4564115,2071521.372,0,"{""601939.SH"": 8696.3073, ""601988.SH"": 14200.0}",-0.004612914849,-0.04638326849
2025-06-12,V11 LambdaRank Top2,154847.0101,156529.5437,430.8380128,2,1061.077185,621.4564115,2071521.372,0,"{""601939.SH"": 8696.3073, ""601988.SH"": 14200.0}",-0.001681985384,-0.0479872379
2025-06-13,V11 LambdaRank Top2,153308.1209,154990.6544,430.8380128,2,1061.077185,621.4564115,2071521.372,0,"{""601939.SH"": 8696.3073, ""601988.SH"": 14200.0}",-0.009938126793,-0.05744846143
2025-06-16,V11 LambdaRank Top2,155093.6039,156776.1375,430.8380128,2,1061.077185,621.4564115,2071521.372,0,"{""601939.SH"": 8696.3073, ""601988.SH"": 14200.0}",0.01164636951,-0.04647115793
2025-06-17,V11 LambdaRank Top2,155125.53,156808.0636,430.8380128,2,1061.077185,621.4564115,2071521.372,0,"{""601939.SH"": 8696.3073, ""601988.SH"": 14200.0}",0.0002058508254,-0.04627487323
2025-06-18,V11 LambdaRank Top2,158710.7915,160393.3251,430.8380128,2,1061.077185,621.4564115,2071521.372,0,"{""601939.SH"": 8696.3073, ""601988.SH"": 14200.0}",0.02311200138,-0.02423237679
2025-06-19,V11 LambdaRank Top2,159278.7915,160961.3251,430.8380128,2,1061.077185,621.4564115,2071521.372,0,"{""601939.SH"": 8696.3073, ""601988.SH"": 14200.0}",0.003578836667,-0.02074026384
2025-06-20,V11 LambdaRank Top2,160771.4591,162453.9927,430.8380128,2,1061.077185,621.4564115,2071521.372,0,"{""601939.SH"": 8696.3073, ""601988.SH"": 14200.0}",0.009371415018,-0.01156321444
2025-06-23,V11 LambdaRank Top2,162982.9422,164665.4758,430.8380128,2,1061.077185,621.4564115,2071521.372,0,"{""601939.SH"": 8696.3073, ""601988.SH"": 14200.0}",0.01375544538,0
2025-06-24,V11 LambdaRank Top2,163953.8314,165636.365,430.8380128,2,1061.077185,621.4564115,2071521.372,0,"{""601939.SH"": 8696.3073, ""601988.SH"": 14200.0}",0.005956998976,0
2025-06-25,V11 LambdaRank Top2,165414.5729,167097.1065,430.8380128,2,1061.077185,621.4564115,2071521.372,0,"{""601939.SH"": 8696.3073, ""601988.SH"": 14200.0}",0.008909468598,0
2025-06-26,V11 LambdaRank Top2,166014.499,167697.0326,430.8380128,2,1061.077185,621.4564115,2071521.372,0,"{""601939.SH"": 8696.3073, ""601988.SH"": 14200.0}",0.003626803466,0
2025-06-27,V11 LambdaRank Top2,161435.2376,163117.7712,430.8380128,2,1061.077185,621.4564115,2071521.372,0,"{""601939.SH"": 8696.3073, ""601988.SH"": 14200.0}",-0.02758350319,-0.02758350319
2025-06-30,V11 LambdaRank Top2,162327.9791,164010.5127,430.8380128,2,1061.077185,621.4564115,2071521.372,0,"{""601939.SH"": 8696.3073, ""601988.SH"": 14200.0}",0.005530028794,-0.02220601196
2025-07-01,V11 LambdaRank Top2,165101.9821,166784.5157,430.8380128,2,1061.077185,621.4564115,2071521.372,0,"{""601939.SH"": 8696.3073, ""601988.SH"": 14200.0}",0.01708887766,-0.005496610119
2025-07-02,V11 LambdaRank Top2,165462.6338,167412.368,762.633811,2,1229.360842,720.3733104,2401244.368,0,"{""601288.SH"": 13800.0, ""601398.SH"": 10700.0}",0.002184417976,-0.003324199038
2025-07-03,V11 LambdaRank Top2,164620.6338,166570.368,762.633811,2,1229.360842,720.3733104,2401244.368,0,"{""601288.SH"": 13800.0, ""601398.SH"": 10700.0}",-0.005088762221,-0.008396045201
2025-07-04,V11 LambdaRank Top2,166901.6338,168851.368,762.633811,2,1229.360842,720.3733104,2401244.368,0,"{""601288.SH"": 13800.0, ""601398.SH"": 10700.0}",0.01385610022,0
2025-07-07,V11 LambdaRank Top2,167377.6338,169327.368,762.633811,2,1229.360842,720.3733104,2401244.368,0,"{""601288.SH"": 13800.0, ""601398.SH"": 10700.0}",0.002851979271,0
2025-07-08,V11 LambdaRank Top2,168250.6338,170200.368,762.633811,2,1229.360842,720.3733104,2401244.368,0,"{""601288.SH"": 13800.0, ""601398.SH"": 10700.0}",0.005215750636,0
2025-07-09,V11 LambdaRank Top2,170317.6338,172267.368,762.633811,2,1229.360842,720.3733104,2401244.368,0,"{""601288.SH"": 13800.0, ""601398.SH"": 10700.0}",0.01228524347,0
2025-07-10,V11 LambdaRank Top2,174296.6338,176246.368,762.633811,2,1229.360842,720.3733104,2401244.368,0,"{""601288.SH"": 13800.0, ""601398.SH"": 10700.0}",0.02336223156,0
2025-07-11,V11 LambdaRank Top2,173685.6338,175635.368,762.633811,2,1229.360842,720.3733104,2401244.368,0,"{""601288.SH"": 13800.0, ""601398.SH"": 10700.0}",-0.003505518074,-0.003505518074
2025-07-14,V11 LambdaRank Top2,174404.7819,176354.5161,762.633811,2,1229.360842,720.3733104,2401244.368,0,"{""601288.SH"": 13800.0, ""601398.SH"": 10918.1311}",0.004140515801,0
2025-07-15,V11 LambdaRank Top2,173278.0567,175227.7908,762.633811,2,1229.360842,720.3733104,2401244.368,0,"{""601288.SH"": 13800.0, ""601398.SH"": 10918.1311}",-0.006460403396,-0.006460403396
2025-07-16,V11 LambdaRank Top2,172726.0567,174675.7908,762.633811,2,1229.360842,720.3733104,2401244.368,0,"{""601288.SH"": 13800.0, ""601398.SH"": 10918.1311}",-0.003185631295,-0.009625454228
2025-07-17,V11 LambdaRank Top2,171756.1239,173705.858,762.633811,2,1229.360842,720.3733104,2401244.368,0,"{""601288.SH"": 14091.0234, ""601398.SH"": 10918.1311}",-0.005615440101,-0.01518684317
2025-07-18,V11 LambdaRank Top2,173242.6786,175192.4127,762.633811,2,1229.360842,720.3733104,2401244.368,0,"{""601288.SH"": 14091.0234, ""601398.SH"": 10918.1311}",0.008655031912,-0.006663253867
2025-07-21,V11 LambdaRank Top2,172055.6787,174005.4129,762.633811,2,1229.360842,720.3733104,2401244.368,-2.910383046e-11,"{""601288.SH"": 14091.0234, ""601398.SH"": 10918.1311}",-0.006851659722,-0.01346925924
2025-07-22,V11 LambdaRank Top2,169695.6735,171645.4076,762.633811,2,1229.360842,720.3733104,2401244.368,0,"{""601288.SH"": 14091.0234, ""601398.SH"": 10918.1311}",-0.01371652038,-0.02700102826
2025-07-23,V11 LambdaRank Top2,172355.2336,174304.9677,762.633811,2,1229.360842,720.3733104,2401244.368,0,"{""601288.SH"": 14091.0234, ""601398.SH"": 10918.1311}",0.01567252729,-0.01175167532
2025-07-24,V11 LambdaRank Top2,170558.8693,172508.6034,762.633811,2,1229.360842,720.3733104,2401244.368,-2.910383046e-11,"{""601288.SH"": 14091.0234, ""601398.SH"": 10918.1311}",-0.0104224528,-0.02205164683
2025-07-25,V11 LambdaRank Top2,169621.9609,171571.6951,762.633811,2,1229.360842,720.3733104,2401244.368,0,"{""601288.SH"": 14091.0234, ""601398.SH"": 10918.1311}",-0.005493166912,-0.02742368037
2025-07-28,V11 LambdaRank Top2,169762.8712,171712.6053,762.633811,2,1229.360842,720.3733104,2401244.368,-2.910383046e-11,"{""601288.SH"": 14091.0234, ""601398.SH"": 10918.1311}",0.0008307310781,-0.02661573099
2025-07-29,V11 LambdaRank Top2,168403.2321,170352.9663,762.633811,2,1229.360842,720.3733104,2401244.368,0,"{""601288.SH"": 14091.0234, ""601398.SH"": 10918.1311}",-0.008009048335,-0.03441161265
2025-07-30,V11 LambdaRank Top2,170326.5121,172276.2463,762.633811,2,1229.360842,720.3733104,2401244.368,-2.910383046e-11,"{""601288.SH"": 14091.0234, ""601398.SH"": 10918.1311}",0.01142068329,-0.02338393349
2025-07-31,V11 LambdaRank Top2,172077.1529,174026.8871,762.633811,2,1229.360842,720.3733104,2401244.368,0,"{""601288.SH"": 14091.0234, ""601398.SH"": 10918.1311}",0.01027814636,-0.01334613062
2025-08-01,V11 LambdaRank Top2,173154.9715,175104.7056,762.633811,2,1229.360842,720.3733104,2401244.368,0,"{""601288.SH"": 14091.0234, ""601398.SH"": 10918.1311}",0.006263577432,-0.007166147712
2025-08-04,V11 LambdaRank Top2,174569.8716,176663.3484,36.23176302,2,1321.42386,772.0529126,2573509.709,0,"{""601288.SH"": 13691.0234, ""601988.SH"": 15600.0}",0.008171293527,0
2025-08-05,V11 LambdaRank Top2,177715.5251,179809.0019,36.23176302,2,1321.42386,772.0529126,2573509.709,0,"{""601288.SH"": 13691.0234, ""601988.SH"": 15600.0}",0.01801945255,0
2025-08-06,V11 LambdaRank Top2,178966.807,181060.2838,36.23176302,2,1321.42386,772.0529126,2573509.709,0,"{""601288.SH"": 13691.0234, ""601988.SH"": 15600.0}",0.007040926081,0
2025-08-07,V11 LambdaRank Top2,181134.9991,183228.4759,36.23176302,2,1321.42386,772.0529126,2573509.709,0,"{""601288.SH"": 13691.0234, ""601988.SH"": 15600.0}",0.01211505165,0
2025-08-08,V11 LambdaRank Top2,180354.9991,182448.4759,36.23176302,2,1321.42386,772.0529126,2573509.709,0,"{""601288.SH"": 13691.0234, ""601988.SH"": 15600.0}",-0.004306180495,-0.004306180495
2025-08-11,V11 LambdaRank Top2,179985.7298,182079.2066,36.23176302,2,1321.42386,772.0529126,2573509.709,0,"{""601288.SH"": 13691.0234, ""601988.SH"": 15600.0}",-0.00204745806,-0.006344821831
2025-08-12,V11 LambdaRank Top2,182115.7424,184209.2191,36.23176302,2,1321.42386,772.0529126,2573509.709,0,"{""601288.SH"": 13691.0234, ""601988.SH"": 15600.0}",0.01183434143,0
2025-08-13,V11 LambdaRank Top2,180183.1912,182276.668,36.23176302,2,1321.42386,772.0529126,2573509.709,0,"{""601288.SH"": 13691.0234, ""601988.SH"": 15600.0}",-0.01061166458,-0.01061166458
2025-08-14,V11 LambdaRank Top2,181670.114,183763.5908,36.23176302,2,1321.42386,772.0529126,2573509.709,0,"{""601288.SH"": 13691.0234, ""601988.SH"": 15600.0}",0.00825228371,-0.002446951334
2025-08-15,V11 LambdaRank Top2,178839.7424,180933.2191,36.23176302,2,1321.42386,772.0529126,2573509.709,0,"{""601288.SH"": 13691.0234, ""601988.SH"": 15600.0}",-0.01557973174,-0.01798856023
2025-08-18,V11 LambdaRank Top2,179935.0243,182028.501,36.23176302,2,1321.42386,772.0529126,2573509.709,0,"{""601288.SH"": 13691.0234, ""601988.SH"": 15600.0}",0.006124376278,-0.01197435266
2025-08-19,V11 LambdaRank Top2,182883.2164,184976.6931,36.23176302,2,1321.42386,772.0529126,2573509.709,0,"{""601288.SH"": 13691.0234, ""601988.SH"": 15600.0}",0.01638475957,0
2025-08-20,V11 LambdaRank Top2,185420.6778,187514.1545,36.23176302,2,1321.42386,772.0529126,2573509.709,0,"{""601288.SH"": 13691.0234, ""601988.SH"": 15600.0}",0.01387476367,0
2025-08-21,V11 LambdaRank Top2,188098.3313,190191.8081,36.23176302,2,1321.42386,772.0529126,2573509.709,0,"{""601288.SH"": 13691.0234, ""601988.SH"": 15600.0}",0.014440965,0
2025-08-22,V11 LambdaRank Top2,188900.7029,190994.1797,36.23176302,2,1321.42386,772.0529126,2573509.709,0,"{""601288.SH"": 13691.0234, ""601988.SH"": 15600.0}",0.004265703134,0
2025-08-25,V11 LambdaRank Top2,188041.062,190134.5388,36.23176302,2,1321.42386,772.0529126,2573509.709,0,"{""601288.SH"": 13691.0234, ""601988.SH"": 15600.0}",-0.004550755633,-0.004550755633
2025-08-26,V11 LambdaRank Top2,188002.8825,190096.3592,36.23176302,2,1321.42386,772.0529126,2573509.709,0,"{""601288.SH"": 13691.0234, ""601988.SH"": 15600.0}",-0.0002030382654,-0.004752869921
2025-08-27,V11 LambdaRank Top2,183959.4085,186052.8852,36.23176302,2,1321.42386,772.0529126,2573509.709,0,"{""601288.SH"": 13691.0234, ""601988.SH"": 15600.0}",-0.02150751059,-0.02615815811
2025-08-28,V11 LambdaRank Top2,182415.2164,184508.6931,36.23176302,2,1321.42386,772.0529126,2573509.709,0,"{""601288.SH"": 13691.0234, ""601988.SH"": 15600.0}",-0.008394200237,-0.03433278153
2025-08-29,V11 LambdaRank Top2,182259.2164,184352.6931,36.23176302,2,1321.42386,772.0529126,2573509.709,0,"{""601288.SH"": 13691.0234, ""601988.SH"": 15600.0}",-0.0008551918152,-0.03515861224
2025-09-01,V11 LambdaRank Top2,182669.9471,184763.4238,36.23176302,2,1321.42386,772.0529126,2573509.709,0,"{""601288.SH"": 13691.0234, ""601988.SH"": 15600.0}",0.002253552449,-0.03298429156
2025-09-02,V11 LambdaRank Top2,185851.9546,188104.6034,756.9546271,2,1423.111061,829.537681,2765125.603,0,"{""601939.SH"": 10000.0, ""601988.SH"": 16500.0}",0.0174194366,-0.01613942274
2025-09-03,V11 LambdaRank Top2,183631.9546,185884.6034,756.9546271,2,1423.111061,829.537681,2765125.603,0,"{""601939.SH"": 10000.0, ""601988.SH"": 16500.0}",-0.0119449914,-0.02789162888
2025-09-04,V11 LambdaRank Top2,185486.9546,187739.6034,756.9546271,2,1423.111061,829.537681,2765125.603,0,"{""601939.SH"": 10000.0, ""601988.SH"": 16500.0}",0.01010172769,-0.01807165483
2025-09-05,V11 LambdaRank Top2,182336.9546,184589.6034,756.9546271,2,1423.111061,829.537681,2765125.603,0,"{""601939.SH"": 10000.0, ""601988.SH"": 16500.0}",-0.01698232637,-0.03474708246
2025-09-08,V11 LambdaRank Top2,181011.9546,183264.6034,756.9546271,2,1423.111061,829.537681,2765125.603,0,"{""601939.SH"": 10000.0, ""601988.SH"": 16500.0}",-0.007266766096,-0.04176134963
2025-09-09,V11 LambdaRank Top2,181276.9546,183529.6034,756.9546271,2,1423.111061,829.537681,2765125.603,0,"{""601939.SH"": 10000.0, ""601988.SH"": 16500.0}",0.001463991705,-0.0403584962
2025-09-10,V11 LambdaRank Top2,182841.9546,185094.6034,756.9546271,2,1423.111061,829.537681,2765125.603,0,"{""601939.SH"": 10000.0, ""601988.SH"": 16500.0}",0.008633198871,-0.03207372025
2025-09-11,V11 LambdaRank Top2,183106.9546,185359.6034,756.9546271,2,1423.111061,829.537681,2765125.603,0,"{""601939.SH"": 10000.0, ""601988.SH"": 16500.0}",0.001449339133,-0.03067086682
2025-09-12,V11 LambdaRank Top2,182376.9546,184629.6034,756.9546271,2,1423.111061,829.537681,2765125.603,0,"{""601939.SH"": 10000.0, ""601988.SH"": 16500.0}",-0.003986740981,-0.034535331
2025-09-15,V11 LambdaRank Top2,181246.9546,183499.6034,756.9546271,2,1423.111061,829.537681,2765125.603,0,"{""601939.SH"": 10000.0, ""601988.SH"": 16500.0}",-0.006195958268,-0.04051730979
2025-09-16,V11 LambdaRank Top2,180121.9546,182374.6034,756.9546271,2,1423.111061,829.537681,2765125.603,0,"{""601939.SH"": 10000.0, ""601988.SH"": 16500.0}",-0.006207000842,-0.04647281966
2025-09-17,V11 LambdaRank Top2,179856.9546,182109.6034,756.9546271,2,1423.111061,829.537681,2765125.603,0,"{""601939.SH"": 10000.0, ""601988.SH"": 16500.0}",-0.001471225429,-0.0478756731
2025-09-18,V11 LambdaRank Top2,175906.9546,178159.6034,756.9546271,2,1423.111061,829.537681,2765125.603,0,"{""601939.SH"": 10000.0, ""601988.SH"": 16500.0}",-0.02196189749,-0.06878612996
2025-09-19,V11 LambdaRank Top2,176841.9546,179094.6034,756.9546271,2,1423.111061,829.537681,2765125.603,0,"{""601939.SH"": 10000.0, ""601988.SH"": 16500.0}",0.005315310028,-0.06383643954
2025-09-22,V11 LambdaRank Top2,172621.9546,174874.6034,756.9546271,2,1423.111061,829.537681,2765125.603,0,"{""601939.SH"": 10000.0, ""601988.SH"": 16500.0}",-0.02386311556,-0.08617621877
2025-09-23,V11 LambdaRank Top2,176706.9546,178959.6034,756.9546271,2,1423.111061,829.537681,2765125.603,0,"{""601939.SH"": 10000.0, ""601988.SH"": 16500.0}",0.02366442906,-0.06455110072
2025-09-24,V11 LambdaRank Top2,175376.9546,177629.6034,756.9546271,2,1423.111061,829.537681,2765125.603,0,"{""601939.SH"": 10000.0, ""601988.SH"": 16500.0}",-0.007526585486,-0.07159183683
2025-09-25,V11 LambdaRank Top2,174516.9546,176769.6034,756.9546271,2,1423.111061,829.537681,2765125.603,0,"{""601939.SH"": 10000.0, ""601988.SH"": 16500.0}",-0.004903722965,-0.07614449326
2025-09-26,V11 LambdaRank Top2,173816.9546,176069.6034,756.9546271,2,1423.111061,829.537681,2765125.603,0,"{""601939.SH"": 10000.0, ""601988.SH"": 16500.0}",-0.004011071598,-0.07985014384
2025-09-29,V11 LambdaRank Top2,172556.9546,174809.6034,756.9546271,2,1423.111061,829.537681,2765125.603,0,"{""601939.SH"": 10000.0, ""601988.SH"": 16500.0}",-0.007249005154,-0.08652031489
2025-09-30,V11 LambdaRank Top2,172326.9546,174579.6034,756.9546271,2,1423.111061,829.537681,2765125.603,0,"{""601939.SH"": 10000.0, ""601988.SH"": 16500.0}",-0.00133289325,-0.0877378858
2025-10-09,V11 LambdaRank Top2,173751.9546,176004.6034,756.9546271,2,1423.111061,829.537681,2765125.603,0,"{""601939.SH"": 10000.0, ""601988.SH"": 16500.0}",0.008269164874,-0.08019423997
2025-10-10,V11 LambdaRank Top2,174920.5256,177452.6034,555.5255927,2,1599.045496,933.032281,3110107.603,0,"{""601288.SH"": 12900.0, ""601398.SH"": 11800.0}",0.006725512631,-0.07400807471
2025-10-13,V11 LambdaRank Top2,175480.5256,178012.6034,555.5255927,2,1599.045496,933.032281,3110107.603,0,"{""601288.SH"": 12900.0, ""601398.SH"": 11800.0}",0.003201453907,-0.07104355424
2025-10-14,V11 LambdaRank Top2,181032.5256,183564.6034,555.5255927,2,1599.045496,933.032281,3110107.603,0,"{""601288.SH"": 12900.0, ""601398.SH"": 11800.0}",0.03163883845,-0.04165245133
2025-10-15,V11 LambdaRank Top2,182366.5256,184898.6034,555.5255927,2,1599.045496,933.032281,3110107.603,0,"{""601288.SH"": 12900.0, ""601398.SH"": 11800.0}",0.007368841569,-0.03459054008
2025-10-16,V11 LambdaRank Top2,187210.5256,189742.6034,555.5255927,2,1599.045496,933.032281,3110107.603,0,"{""601288.SH"": 12900.0, ""601398.SH"": 11800.0}",0.02656189223,-0.008947438041
2025-10-17,V11 LambdaRank Top2,188769.5256,191301.6034,555.5255927,2,1599.045496,933.032281,3110107.603,0,"{""601288.SH"": 12900.0, ""601398.SH"": 11800.0}",0.008327523226,-0.0006944248129
2025-10-20,V11 LambdaRank Top2,190328.5256,192860.6034,555.5255927,2,1599.045496,933.032281,3110107.603,0,"{""601288.SH"": 12900.0, ""601398.SH"": 11800.0}",0.008258748308,0
2025-10-21,V11 LambdaRank Top2,192359.5256,194891.6034,555.5255927,2,1599.045496,933.032281,3110107.603,0,"{""601288.SH"": 12900.0, ""601398.SH"": 11800.0}",0.01067102261,0
2025-10-22,V11 LambdaRank Top2,196484.5256,199016.6034,555.5255927,2,1599.045496,933.032281,3110107.603,0,"{""601288.SH"": 12900.0, ""601398.SH"": 11800.0}",0.02144422007,0
2025-10-23,V11 LambdaRank Top2,196138.5256,198670.6034,555.5255927,2,1599.045496,933.032281,3110107.603,0,"{""601288.SH"": 12900.0, ""601398.SH"": 11800.0}",-0.001760952925,-0.001760952925
2025-10-24,V11 LambdaRank Top2,196138.5256,198670.6034,555.5255927,2,1599.045496,933.032281,3110107.603,0,"{""601288.SH"": 12900.0, ""601398.SH"": 11800.0}",0,-0.001760952925
2025-10-27,V11 LambdaRank Top2,199415.5256,201947.6034,555.5255927,2,1599.045496,933.032281,3110107.603,0,"{""601288.SH"": 12900.0, ""601398.SH"": 11800.0}",0.01670757945,0
2025-10-28,V11 LambdaRank Top2,202036.5256,204568.6034,555.5255927,2,1599.045496,933.032281,3110107.603,0,"{""601288.SH"": 12900.0, ""601398.SH"": 11800.0}",0.01314340993,0
2025-10-29,V11 LambdaRank Top2,198084.5256,200616.6034,555.5255927,2,1599.045496,933.032281,3110107.603,0,"{""601288.SH"": 12900.0, ""601398.SH"": 11800.0}",-0.01956081945,-0.01956081945
2025-10-30,V11 LambdaRank Top2,197041.5256,199573.6034,555.5255927,2,1599.045496,933.032281,3110107.603,0,"{""601288.SH"": 12900.0, ""601398.SH"": 11800.0}",-0.005265428972,-0.02472325232
2025-10-31,V11 LambdaRank Top2,195043.5256,197575.6034,555.5255927,2,1599.045496,933.032281,3110107.603,0,"{""601288.SH"": 12900.0, ""601398.SH"": 11800.0}",-0.01013999457,-0.03461255325
2025-11-03,V11 LambdaRank Top2,197104.5256,199636.6034,555.5255927,2,1599.045496,933.032281,3110107.603,0,"{""601288.SH"": 12900.0, ""601398.SH"": 11800.0}",0.01056687216,-0.02441142752
2025-11-04,V11 LambdaRank Top2,201669.1659,204216.6034,612.1659138,2,1611.543175,935.894281,3119647.603,0,"{""601288.SH"": 12300.0, ""601398.SH"": 12400.0}",0.02315847547,-0.00181828349
2025-11-05,V11 LambdaRank Top2,202162.1659,204709.6034,612.1659138,2,1611.543175,935.894281,3119647.603,0,"{""601288.SH"": 12300.0, ""601398.SH"": 12400.0}",0.002444597803,0
2025-11-06,V11 LambdaRank Top2,201296.1659,203843.6034,612.1659138,2,1611.543175,935.894281,3119647.603,0,"{""601288.SH"": 12300.0, ""601398.SH"": 12400.0}",-0.00428368976,-0.00428368976
2025-11-07,V11 LambdaRank Top2,199816.1659,202363.6034,612.1659138,2,1611.543175,935.894281,3119647.603,0,"{""601288.SH"": 12300.0, ""601398.SH"": 12400.0}",-0.007352350668,-0.01160454524
2025-11-10,V11 LambdaRank Top2,201176.1659,203723.6034,612.1659138,2,1611.543175,935.894281,3119647.603,0,"{""601288.SH"": 12300.0, ""601398.SH"": 12400.0}",0.006806256109,-0.004877272637
2025-11-11,V11 LambdaRank Top2,203886.1659,206433.6034,612.1659138,2,1611.543175,935.894281,3119647.603,0,"{""601288.SH"": 12300.0, ""601398.SH"": 12400.0}",0.01347078063,0
2025-11-12,V11 LambdaRank Top2,207825.1659,210372.6034,612.1659138,2,1611.543175,935.894281,3119647.603,0,"{""601288.SH"": 12300.0, ""601398.SH"": 12400.0}",0.01931960407,0
2025-11-13,V11 LambdaRank Top2,207704.1659,210251.6034,612.1659138,2,1611.543175,935.894281,3119647.603,0,"{""601288.SH"": 12300.0, ""601398.SH"": 12400.0}",-0.0005822201535,-0.0005822201535
2025-11-14,V11 LambdaRank Top2,207462.1659,210009.6034,612.1659138,2,1611.543175,935.894281,3119647.603,0,"{""601288.SH"": 12300.0, ""601398.SH"": 12400.0}",-0.001165118663,-0.001746660461
2025-11-17,V11 LambdaRank Top2,204256.1659,206803.6034,612.1659138,2,1611.543175,935.894281,3119647.603,0,"{""601288.SH"": 12300.0, ""601398.SH"": 12400.0}",-0.01545342008,-0.01717308866
2025-11-18,V11 LambdaRank Top2,203029.1659,205576.6034,612.1659138,2,1611.543175,935.894281,3119647.603,0,"{""601288.SH"": 12300.0, ""601398.SH"": 12400.0}",-0.006007162597,-0.02307708972
2025-11-19,V11 LambdaRank Top2,203770.1659,206317.6034,612.1659138,2,1611.543175,935.894281,3119647.603,0,"{""601288.SH"": 12300.0, ""601398.SH"": 12400.0}",0.003649721934,-0.01951159275
2025-11-20,V11 LambdaRank Top2,203528.1659,206075.6034,612.1659138,2,1611.543175,935.894281,3119647.603,0,"{""601288.SH"": 12300.0, ""601398.SH"": 12400.0}",-0.001187612519,-0.02067603305
2025-11-21,V11 LambdaRank Top2,201927.1659,204474.6034,612.1659138,2,1611.543175,935.894281,3119647.603,0,"{""601288.SH"": 12300.0, ""601398.SH"": 12400.0}",-0.007866233122,-0.02837962368
2025-11-24,V11 LambdaRank Top2,200938.1659,203485.6034,612.1659138,2,1611.543175,935.894281,3119647.603,0,"{""601288.SH"": 12300.0, ""601398.SH"": 12400.0}",-0.00489780558,-0.03313843138
2025-11-25,V11 LambdaRank Top2,202917.1659,205464.6034,612.1659138,2,1611.543175,935.894281,3119647.603,0,"{""601288.SH"": 12300.0, ""601398.SH"": 12400.0}",0.009848800953,-0.02361600424
2025-11-26,V11 LambdaRank Top2,199458.1659,202005.6034,612.1659138,2,1611.543175,935.894281,3119647.603,0,"{""601288.SH"": 12300.0, ""601398.SH"": 12400.0}",-0.01704636463,-0.04025980185
2025-11-27,V11 LambdaRank Top2,201426.1659,203973.6034,612.1659138,2,1611.543175,935.894281,3119647.603,0,"{""601288.SH"": 12300.0, ""601398.SH"": 12400.0}",0.009866730655,-0.03079030382
2025-11-28,V11 LambdaRank Top2,200068.1659,202615.6034,612.1659138,2,1611.543175,935.894281,3119647.603,0,"{""601288.SH"": 12300.0, ""601398.SH"": 12400.0}",-0.006741924486,-0.0373246424
2025-12-01,V11 LambdaRank Top2,199205.1659,201752.6034,612.1659138,2,1611.543175,935.894281,3119647.603,0,"{""601288.SH"": 12300.0, ""601398.SH"": 12400.0}",-0.004313529821,-0.04147717127
2025-12-02,V11 LambdaRank Top2,199568.2637,202126.6034,613.2636752,2,1621.963613,936.376081,3121253.603,0,"{""601288.SH"": 12400.0, ""601398.SH"": 12300.0}",0.001822732657,-0.0397300404
2025-12-03,V11 LambdaRank Top2,198580.2637,201138.6034,613.2636752,2,1621.963613,936.376081,3121253.603,0,"{""601288.SH"": 12400.0, ""601398.SH"": 12300.0}",-0.004950686957,-0.04448403637
2025-12-04,V11 LambdaRank Top2,197588.2637,200146.6034,613.2636752,2,1621.963613,936.376081,3121253.603,0,"{""601288.SH"": 12400.0, ""601398.SH"": 12300.0}",-0.004995461189,-0.04925727928
2025-12-05,V11 LambdaRank Top2,195858.2637,198416.6034,613.2636752,2,1621.963613,936.376081,3121253.603,0,"{""601288.SH"": 12400.0, ""601398.SH"": 12300.0}",-0.008755580761,-0.05758158395
2025-12-08,V11 LambdaRank Top2,196106.2637,198664.6034,613.2636752,2,1621.963613,936.376081,3121253.603,0,"{""601288.SH"": 12400.0, ""601398.SH"": 12300.0}",0.001266221784,-0.05638827323
2025-12-09,V11 LambdaRank Top2,199939.2637,202497.6034,613.2636752,2,1621.963613,936.376081,3121253.603,0,"{""601288.SH"": 12400.0, ""601398.SH"": 12300.0}",0.01954552562,-0.03794488605
2025-12-10,V11 LambdaRank Top2,195243.2637,197801.6034,613.2636752,2,1621.963613,936.376081,3121253.603,0,"{""601288.SH"": 12400.0, ""601398.SH"": 12300.0}",-0.02348713261,-0.06054080209
2025-12-11,V11 LambdaRank Top2,197345.2637,199903.6034,613.2636752,2,1621.963613,936.376081,3121253.603,0,"{""601288.SH"": 12400.0, ""601398.SH"": 12300.0}",0.01076605646,-0.05042653132
2025-12-12,V11 LambdaRank Top2,194372.2637,196930.6034,613.2636752,2,1621.963613,936.376081,3121253.603,0,"{""601288.SH"": 12400.0, ""601398.SH"": 12300.0}",-0.01506496758,-0.06473182485
2025-12-15,V11 LambdaRank Top2,192739.8104,195298.1501,613.2636752,2,1621.963613,936.376081,3121253.603,0,"{""601288.SH"": 12596.0053, ""601398.SH"": 12520.1623}",-0.008398591631,-0.07258676032
2025-12-16,V11 LambdaRank Top2,190977.8865,193536.2262,613.2636752,2,1621.963613,936.376081,3121253.603,0,"{""601288.SH"": 12596.0053, ""601398.SH"": 12520.1623}",-0.009141463158,-0.08106467428
2025-12-17,V11 LambdaRank Top2,192235.9702,194794.3099,613.2636752,2,1621.963613,936.376081,3121253.603,0,"{""601288.SH"": 12596.0053, ""601398.SH"": 12520.1623}",0.006587588169,-0.0750111068
2025-12-18,V11 LambdaRank Top2,196379.0002,198937.3399,613.2636752,2,1621.963613,936.376081,3121253.603,0,"{""601288.SH"": 12596.0053, ""601398.SH"": 12520.1623}",0.02155179384,-0.05507593687
2025-12-19,V11 LambdaRank Top2,194371.9821,196930.3218,613.2636752,2,1621.963613,936.376081,3121253.603,0,"{""601288.SH"": 12596.0053, ""601398.SH"": 12520.1623}",-0.01022012594,-0.0647331798
2025-12-22,V11 LambdaRank Top2,195001.0239,197559.3636,613.2636752,2,1621.963613,936.376081,3121253.603,0,"{""601288.SH"": 12596.0053, ""601398.SH"": 12520.1623}",0.003236278327,-0.06170639606
2025-12-23,V11 LambdaRank Top2,196258.3492,198816.6888,613.2636752,2,1621.963613,936.376081,3121253.603,0,"{""601288.SH"": 12596.0053, ""601398.SH"": 12520.1623}",0.006447787867,-0.05565647794
2025-12-24,V11 LambdaRank Top2,195881.2274,198439.5671,613.2636752,2,1621.963613,936.376081,3121253.603,0,"{""601288.SH"": 12596.0053, ""601398.SH"": 12520.1623}",-0.001921557628,-0.05747108844
2025-12-25,V11 LambdaRank Top2,194499.459,197057.7987,613.2636752,2,1621.963613,936.376081,3121253.603,0,"{""601288.SH"": 12596.0053, ""601398.SH"": 12520.1623}",-0.007054113593,-0.06411979445
2025-12-26,V11 LambdaRank Top2,192991.7305,195550.0702,613.2636752,2,1621.963613,936.376081,3121253.603,0,"{""601288.SH"": 12596.0053, ""601398.SH"": 12520.1623}",-0.007751838948,-0.07137458707
2025-12-29,V11 LambdaRank Top2,195380.4209,197938.7606,613.2636752,2,1621.963613,936.376081,3121253.603,0,"{""601288.SH"": 12596.0053, ""601398.SH"": 12520.1623}",0.01237716462,-0.05988083746
2025-12-30,V11 LambdaRank Top2,194752.1375,197310.4772,613.2636752,2,1621.963613,936.376081,3121253.603,0,"{""601288.SH"": 12596.0053, ""601398.SH"": 12520.1623}",-0.00321569275,-0.06290397184
2025-12-31,V11 LambdaRank Top2,196635.4709,199193.8106,613.2636752,2,1621.963613,936.376081,3121253.603,0,"{""601288.SH"": 12596.0053, ""601398.SH"": 12520.1623}",0.009670411703,-0.05384186744
2026-01-05,V11 LambdaRank Top2,193872.6925,196431.0321,613.2636752,2,1621.963613,936.376081,3121253.603,0,"{""601288.SH"": 12596.0053, ""601398.SH"": 12520.1623}",-0.0140502546,-0.06713563009
2026-01-06,V11 LambdaRank Top2,193485.462,196054.6688,626.3965124,2,1632.369376,936.837481,3122791.603,0,"{""601288.SH"": 12696.0053, ""601398.SH"": 12420.1623}",-0.001997344009,-0.06899888115
2026-01-07,V11 LambdaRank Top2,191975.7335,194544.9404,626.3965124,2,1632.369376,936.837481,3122791.603,0,"{""601288.SH"": 12696.0053, ""601398.SH"": 12420.1623}",-0.007802800614,-0.07626329725
2026-01-08,V11 LambdaRank Top2,190595.7235,193164.9304,626.3965124,2,1632.369376,936.837481,3122791.603,0,"{""601288.SH"": 12696.0053, ""601398.SH"": 12420.1623}",-0.007188460615,-0.08290354216
2026-01-09,V11 LambdaRank Top2,190463.2466,193032.4535,626.3965124,2,1632.369376,936.837481,3122791.603,0,"{""601288.SH"": 12696.0053, ""601398.SH"": 12420.1623}",-0.0006950675998,-0.08354098619
2026-01-12,V11 LambdaRank Top2,192232.412,194801.6189,626.3965124,2,1632.369376,936.837481,3122791.603,0,"{""601288.SH"": 12696.0053, ""601398.SH"": 12420.1623}",0.009288749813,-0.0750282277
2026-01-13,V11 LambdaRank Top2,194244.4639,196813.6707,626.3965124,2,1632.369376,936.837481,3122791.603,0,"{""601288.SH"": 12696.0053, ""601398.SH"": 12420.1623}",0.01046676682,-0.06534676384
2026-01-14,V11 LambdaRank Top2,191103.5637,193672.7706,626.3965124,2,1632.369376,936.837481,3122791.603,0,"{""601288.SH"": 12696.0053, ""601398.SH"": 12420.1623}",-0.01616983101,-0.08045994873
2026-01-15,V11 LambdaRank Top2,189074.9613,191644.1682,626.3965124,2,1632.369376,936.837481,3122791.603,0,"{""601288.SH"": 12696.0053, ""601398.SH"": 12420.1623}",-0.01061519927,-0.09022104961
2026-01-16,V11 LambdaRank Top2,186682.0293,189251.2362,626.3965124,2,1632.369376,936.837481,3122791.603,0,"{""601288.SH"": 12696.0053, ""601398.SH"": 12420.1623}",-0.01265599619,-0.1017352085
2026-01-19,V11 LambdaRank Top2,184291.8558,186861.0626,626.3965124,2,1632.369376,936.837481,3122791.603,0,"{""601288.SH"": 12696.0053, ""601398.SH"": 12420.1623}",-0.01280344749,-0.1132360946
2026-01-20,V11 LambdaRank Top2,185304.7777,187873.9846,626.3965124,2,1632.369376,936.837481,3122791.603,0,"{""601288.SH"": 12696.0053, ""601398.SH"": 12420.1623}",0.005496292749,-0.1083621806
2026-01-21,V11 LambdaRank Top2,180278.7858,182847.9927,626.3965124,2,1632.369376,936.837481,3122791.603,0,"{""601288.SH"": 12696.0053, ""601398.SH"": 12420.1623}",-0.02712284053,-0.132545931
2026-01-22,V11 LambdaRank Top2,177380.772,179949.9789,626.3965124,2,1632.369376,936.837481,3122791.603,0,"{""601288.SH"": 12696.0053, ""601398.SH"": 12420.1623}",-0.0160751791,-0.1464904105
2026-01-23,V11 LambdaRank Top2,175873.802,178443.0088,626.3965124,2,1632.369376,936.837481,3122791.603,0,"{""601288.SH"": 12696.0053, ""601398.SH"": 12420.1623}",-0.008495678728,-0.1537415538
2026-01-26,V11 LambdaRank Top2,177389.0473,179958.2542,626.3965124,2,1632.369376,936.837481,3122791.603,0,"{""601288.SH"": 12696.0053, ""601398.SH"": 12420.1623}",0.008615526156,-0.146450592
2026-01-27,V11 LambdaRank Top2,177899.646,180468.8528,626.3965124,2,1632.369376,936.837481,3122791.603,0,"{""601288.SH"": 12696.0053, ""601398.SH"": 12420.1623}",0.002878411309,-0.1439937257
2026-01-28,V11 LambdaRank Top2,176384.4006,178953.6075,626.3965124,2,1632.369376,936.837481,3122791.603,0,"{""601288.SH"": 12696.0053, ""601398.SH"": 12420.1623}",-0.008517416282,-0.1512846875
2026-01-29,V11 LambdaRank Top2,176875.6903,179444.8971,626.3965124,2,1632.369376,936.837481,3122791.603,0,"{""601288.SH"": 12696.0053, ""601398.SH"": 12420.1623}",0.002785334926,-0.1489207311
2026-01-30,V11 LambdaRank Top2,175989.7283,178558.9352,626.3965124,2,1632.369376,936.837481,3122791.603,0,"{""601288.SH"": 12696.0053, ""601398.SH"": 12420.1623}",-0.00500895254,-0.1531837468
2026-02-02,V11 LambdaRank Top2,177620.9,180190.1069,626.3965124,2,1632.369376,936.837481,3122791.603,0,"{""601288.SH"": 12696.0053, ""601398.SH"": 12420.1623}",0.009268561808,-0.145334978
2026-02-03,V11 LambdaRank Top2,174361.8777,177082.183,642.4827327,2,1729.117621,991.1876364,3303958.788,0,"{""601288.SH"": 13096.0053, ""601939.SH"": 10000.0}",-0.01834819144,-0.1610165354
2026-02-04,V11 LambdaRank Top2,175192.8378,177913.143,642.4827327,2,1729.117621,991.1876364,3303958.788,0,"{""601288.SH"": 13096.0053, ""601939.SH"": 10000.0}",0.004765720944,-0.1570181744
2026-02-05,V11 LambdaRank Top2,176685.7179,179406.0232,642.4827327,2,1729.117621,991.1876364,3303958.788,0,"{""601288.SH"": 13096.0053, ""601939.SH"": 10000.0}",0.008521353821,-0.149834828
2026-02-06,V11 LambdaRank Top2,176392.8378,179113.143,642.4827327,2,1729.117621,991.1876364,3303958.788,0,"{""601288.SH"": 13096.0053, ""601939.SH"": 10000.0}",-0.001657633458,-0.1512440902
2026-02-09,V11 LambdaRank Top2,177116.678,179836.9832,642.4827327,2,1729.117621,991.1876364,3303958.788,0,"{""601288.SH"": 13096.0053, ""601939.SH"": 10000.0}",0.004103569166,-0.1477611616
2026-02-10,V11 LambdaRank Top2,178478.5981,181198.9033,642.4827327,2,1729.117621,991.1876364,3303958.788,0,"{""601288.SH"": 13096.0053, ""601939.SH"": 10000.0}",0.007689395039,-0.1412079605
2026-02-11,V11 LambdaRank Top2,179164.3584,181884.6637,642.4827327,2,1729.117621,991.1876364,3303958.788,0,"{""601288.SH"": 13096.0053, ""601939.SH"": 10000.0}",0.003842255164,-0.1379082624
2026-02-12,V11 LambdaRank Top2,175307.0775,178027.3827,642.4827327,2,1729.117621,991.1876364,3303958.788,0,"{""601288.SH"": 13096.0053, ""601939.SH"": 10000.0}",-0.0215292873,-0.1564684831
2026-02-13,V11 LambdaRank Top2,172897.4769,175617.7822,642.4827327,2,1729.117621,991.1876364,3303958.788,0,"{""601288.SH"": 13096.0053, ""601939.SH"": 10000.0}",-0.01374502707,-0.1680628466
2026-02-24,V11 LambdaRank Top2,172304.5968,175024.902,642.4827327,2,1729.117621,991.1876364,3303958.788,0,"{""601288.SH"": 13096.0053, ""601939.SH"": 10000.0}",-0.003429085075,-0.1709156299
2026-02-25,V11 LambdaRank Top2,172397.4769,175117.7822,642.4827327,2,1729.117621,991.1876364,3303958.788,0,"{""601288.SH"": 13096.0053, ""601939.SH"": 10000.0}",0.0005390463131,-0.170468715
2026-02-26,V11 LambdaRank Top2,170918.8365,173639.1417,642.4827327,2,1729.117621,991.1876364,3303958.788,0,"{""601288.SH"": 13096.0053, ""601939.SH"": 10000.0}",-0.008576926409,-0.1775835438
2026-02-27,V11 LambdaRank Top2,170356.9164,173077.2216,642.4827327,2,1729.117621,991.1876364,3303958.788,0,"{""601288.SH"": 13096.0053, ""601939.SH"": 10000.0}",-0.003287642935,-0.1802873554
2026-03-02,V11 LambdaRank Top2,172604.5968,175324.902,642.4827327,2,1729.117621,991.1876364,3303958.788,0,"{""601288.SH"": 13096.0053, ""601939.SH"": 10000.0}",0.01319394873,-0.1694721088
2026-03-03,V11 LambdaRank Top2,177778.1191,180643.9033,720.003777,2,1822.463477,1043.320736,3477735.788,0,"{""601288.SH"": 13296.0053, ""601398.SH"": 12300.0}",0.02997325943,-0.1445784809
2026-03-04,V11 LambdaRank Top2,176621.3189,179487.1031,720.003777,2,1822.463477,1043.320736,3477735.788,0,"{""601288.SH"": 13296.0053, ""601398.SH"": 12300.0}",-0.006506988983,-0.1501446993
2026-03-05,V11 LambdaRank Top2,177788.0792,180653.8634,720.003777,2,1822.463477,1043.320736,3477735.788,0,"{""601288.SH"": 13296.0053, ""601398.SH"": 12300.0}",0.006605999336,-0.1445305557
2026-03-06,V11 LambdaRank Top2,177256.239,180122.0232,720.003777,2,1822.463477,1043.320736,3477735.788,0,"{""601288.SH"": 13296.0053, ""601398.SH"": 12300.0}",-0.002991427843,-0.1470896309
2026-03-09,V11 LambdaRank Top2,176601.3988,179467.183,720.003777,2,1822.463477,1043.320736,3477735.788,0,"{""601288.SH"": 13296.0053, ""601398.SH"": 12300.0}",-0.003694314028,-0.1502405496
2026-03-10,V11 LambdaRank Top2,174799.7183,177665.5026,720.003777,2,1822.463477,1043.320736,3477735.788,0,"{""601288.SH"": 13296.0053, ""601398.SH"": 12300.0}",-0.01020196008,-0.1589097616
2026-03-11,V11 LambdaRank Top2,176448.5186,179314.3028,720.003777,2,1822.463477,1043.320736,3477735.788,0,"{""601288.SH"": 13296.0053, ""601398.SH"": 12300.0}",0.00943251098,-0.1509761687
2026-03-12,V11 LambdaRank Top2,177073.4787,179939.2629,720.003777,2,1822.463477,1043.320736,3477735.788,0,"{""601288.SH"": 13296.0053, ""601398.SH"": 12300.0}",0.00354188325,-0.1479690254
2026-03-13,V11 LambdaRank Top2,177299.5586,180165.3428,720.003777,2,1822.463477,1043.320736,3477735.788,0,"{""601288.SH"": 13296.0053, ""601398.SH"": 12300.0}",0.001276757517,-0.1468811884
2026-03-16,V11 LambdaRank Top2,178313.4387,181179.2229,720.003777,2,1822.463477,1043.320736,3477735.788,0,"{""601288.SH"": 13296.0053, ""601398.SH"": 12300.0}",0.005718458443,-0.142002664
2026-03-17,V11 LambdaRank Top2,181497.9993,184363.7835,720.003777,2,1822.463477,1043.320736,3477735.788,0,"{""601288.SH"": 13296.0053, ""601398.SH"": 12300.0}",0.0178593414,-0.1266793966
2026-03-18,V11 LambdaRank Top2,181232.0792,184097.8634,720.003777,2,1822.463477,1043.320736,3477735.788,0,"{""601288.SH"": 13296.0053, ""601398.SH"": 12300.0}",-0.001465140696,-0.1279589342
2026-03-19,V11 LambdaRank Top2,184150.7197,187016.5039,720.003777,2,1822.463477,1043.320736,3477735.788,0,"{""601288.SH"": 13296.0053, ""601398.SH"": 12300.0}",0.01610443629,-0.1139152044
2026-03-20,V11 LambdaRank Top2,182850.9993,185716.7835,720.003777,2,1822.463477,1043.320736,3477735.788,0,"{""601288.SH"": 13296.0053, ""601398.SH"": 12300.0}",-0.00705791631,-0.1201691167
2026-03-23,V11 LambdaRank Top2,175920.1578,178785.942,720.003777,2,1822.463477,1043.320736,3477735.788,0,"{""601288.SH"": 13296.0053, ""601398.SH"": 12300.0}",-0.03790431308,-0.153518502
2026-03-24,V11 LambdaRank Top2,177180.0379,180045.8221,720.003777,2,1822.463477,1043.320736,3477735.788,0,"{""601288.SH"": 13296.0053, ""601398.SH"": 12300.0}",0.007161658866,-0.1474562903
2026-03-25,V11 LambdaRank Top2,178090.8382,180956.6224,720.003777,2,1822.463477,1043.320736,3477735.788,0,"{""601288.SH"": 13296.0053, ""601398.SH"": 12300.0}",0.005140535431,-0.1430737591
2026-03-26,V11 LambdaRank Top2,178542.998,181408.7822,720.003777,2,1822.463477,1043.320736,3477735.788,0,"{""601288.SH"": 13296.0053, ""601398.SH"": 12300.0}",0.002538927855,-0.1408980852
2026-03-27,V11 LambdaRank Top2,177898.1178,180763.902,720.003777,2,1822.463477,1043.320736,3477735.788,0,"{""601288.SH"": 13296.0053, ""601398.SH"": 12300.0}",-0.003611903939,-0.1440010788
2026-03-30,V11 LambdaRank Top2,180122.0779,182987.8621,720.003777,2,1822.463477,1043.320736,3477735.788,0,"{""601288.SH"": 13296.0053, ""601398.SH"": 12300.0}",0.012501313,-0.1332999684
2026-03-31,V11 LambdaRank Top2,183775.239,186641.0232,720.003777,2,1822.463477,1043.320736,3477735.788,0,"{""601288.SH"": 13296.0053, ""601398.SH"": 12300.0}",0.02028158428,-0.1157219186
2026-04-01,V11 LambdaRank Top2,182904.2789,185770.0631,720.003777,2,1822.463477,1043.320736,3477735.788,0,"{""601288.SH"": 13296.0053, ""601398.SH"": 12300.0}",-0.004739267691,-0.1199127492
2026-04-02,V11 LambdaRank Top2,186992.2485,190013.1443,939.8921041,2,1921.821049,1099.074836,3663582.788,0,"{""601288.SH"": 13596.0053, ""601939.SH"": 9600.0}",0.02235032203,-0.1002425157
2026-04-03,V11 LambdaRank Top2,184176.568,187197.4639,939.8921041,2,1921.821049,1099.074836,3663582.788,0,"{""601288.SH"": 13596.0053, ""601939.SH"": 9600.0}",-0.01505773872,-0.1137908288
2026-04-07,V11 LambdaRank Top2,180313.1673,183334.0631,939.8921041,2,1921.821049,1099.074836,3663582.788,0,"{""601288.SH"": 13596.0053, ""601939.SH"": 9600.0}",-0.02097661407,-0.1323804966
2026-04-08,V11 LambdaRank Top2,180361.4069,183382.3028,939.8921041,2,1921.821049,1099.074836,3663582.788,0,"{""601288.SH"": 13596.0053, ""601939.SH"": 9600.0}",0.0002675327903,-0.1321483799
2026-04-09,V11 LambdaRank Top2,179665.5268,182686.4227,939.8921041,2,1921.821049,1099.074836,3663582.788,0,"{""601288.SH"": 13596.0053, ""601939.SH"": 9600.0}",-0.00385825421,-0.1354967721
2026-04-10,V11 LambdaRank Top2,179241.5667,182262.4626,939.8921041,2,1921.821049,1099.074836,3663582.788,0,"{""601288.SH"": 13596.0053, ""601939.SH"": 9600.0}",-0.002359718418,-0.1375367562
2026-04-13,V11 LambdaRank Top2,180689.367,183710.2629,939.8921041,2,1921.821049,1099.074836,3663582.788,0,"{""601288.SH"": 13596.0053, ""601939.SH"": 9600.0}",0.008077368934,-0.1305703224
2026-04-14,V11 LambdaRank Top2,182704.8876,185725.7835,939.8921041,2,1921.821049,1099.074836,3663582.788,0,"{""601288.SH"": 13596.0053, ""601939.SH"": 9600.0}",0.0111546167,-0.1208721676
2026-04-15,V11 LambdaRank Top2,186248.1286,189269.0245,939.8921041,2,1921.821049,1099.074836,3663582.788,0,"{""601288.SH"": 13596.0053, ""601939.SH"": 9600.0}",0.01939324692,-0.1038230245
2026-04-16,V11 LambdaRank Top2,186831.9289,189852.8248,939.8921041,2,1921.821049,1099.074836,3663582.788,0,"{""601288.SH"": 13596.0053, ""601939.SH"": 9600.0}",0.003134529549,-0.1010139313
2026-04-17,V11 LambdaRank Top2,187263.6892,190284.5851,939.8921041,2,1921.821049,1099.074836,3663582.788,0,"{""601288.SH"": 13596.0053, ""601939.SH"": 9600.0}",0.002310955723,-0.0989364143
2026-04-20,V11 LambdaRank Top2,192103.1699,195124.0658,939.8921041,2,1921.821049,1099.074836,3663582.788,0,"{""601288.SH"": 13596.0053, ""601939.SH"": 9600.0}",0.02584313437,-0.07565010698
2026-04-21,V11 LambdaRank Top2,193119.2098,196140.1057,939.8921041,2,1921.821049,1099.074836,3663582.788,0,"{""601288.SH"": 13596.0053, ""601939.SH"": 9600.0}",0.005289032701,-0.07076119017
2026-04-22,V11 LambdaRank Top2,191047.6492,194068.5451,939.8921041,2,1921.821049,1099.074836,3663582.788,0,"{""601288.SH"": 13596.0053, ""601939.SH"": 9600.0}",-0.01072684887,-0.08072899445
2026-04-23,V11 LambdaRank Top2,189927.809,192948.7049,939.8921041,2,1921.821049,1099.074836,3663582.788,0,"{""601288.SH"": 13596.0053, ""601939.SH"": 9600.0}",-0.005861575448,-0.0861173708
2026-04-24,V11 LambdaRank Top2,190159.7691,193180.665,939.8921041,2,1921.821049,1099.074836,3663582.788,0,"{""601288.SH"": 13596.0053, ""601939.SH"": 9600.0}",0.00122130642,-0.08500124008
2026-04-27,V11 LambdaRank Top2,187952.2485,190973.1443,939.8921041,2,1921.821049,1099.074836,3663582.788,0,"{""601288.SH"": 13596.0053, ""601939.SH"": 9600.0}",-0.01160876794,-0.09562324835
2026-04-28,V11 LambdaRank Top2,189920.0088,192940.9047,939.8921041,2,1921.821049,1099.074836,3663582.788,0,"{""601288.SH"": 13596.0053, ""601939.SH"": 9600.0}",0.01046946941,-0.08615490361
2026-04-29,V11 LambdaRank Top2,189472.1686,192493.0645,939.8921041,2,1921.821049,1099.074836,3663582.788,0,"{""601288.SH"": 13596.0053, ""601939.SH"": 9600.0}",-0.00235804649,-0.08830979284
2026-04-30,V11 LambdaRank Top2,190544.2485,193565.1443,939.8921041,2,1921.821049,1099.074836,3663582.788,0,"{""601288.SH"": 13596.0053, ""601939.SH"": 9600.0}",0.005658244707,-0.08315122655
2026-05-06,V11 LambdaRank Top2,188288.4881,191309.384,939.8921041,2,1921.821049,1099.074836,3663582.788,0,"{""601288.SH"": 13596.0053, ""601939.SH"": 9600.0}",-0.0118385117,-0.09400535148
2026-05-07,V11 LambdaRank Top2,188172.6902,191350.3441,228.1341021,2,2022.252552,1155.401336,3851337.788,2.910383046e-11,"{""601288.SH"": 13696.0053, ""601398.SH"": 12700.0}",-0.0006150028112,-0.09456254074
2026-05-08,V11 LambdaRank Top2,189472.5704,192650.2242,228.1341021,2,2022.252552,1155.401336,3851337.788,0,"{""601288.SH"": 13696.0053, ""601398.SH"": 12700.0}",0.006907910793,-0.08830785954
2026-05-11,V11 LambdaRank Top2,188366.9299,191544.5838,228.1341021,2,2022.252552,1155.401336,3851337.788,0,"{""601288.SH"": 13696.0053, ""601398.SH"": 12700.0}",-0.005835359022,-0.0936279105
2026-05-12,V11 LambdaRank Top2,188083.0497,191260.7036,228.1341021,2,2022.252552,1155.401336,3851337.788,0,"{""601288.SH"": 13696.0053, ""601398.SH"": 12700.0}",-0.001507059428,-0.0949938671
2026-05-13,V11 LambdaRank Top2,187182.8009,190360.4547,228.1341021,2,2022.252552,1155.401336,3851337.788,0,"{""601288.SH"": 13963.4767, ""601398.SH"": 12995.5618}",-0.004786443404,-0.09932562773
2026-05-14,V11 LambdaRank Top2,189488.8378,192666.4917,228.1341021,2,2022.252552,1155.401336,3851337.788,0,"{""601288.SH"": 13963.4767, ""601398.SH"": 12995.5618}",0.01231970559,-0.08822958463
2026-05-15,V11 LambdaRank Top2,187452.3912,190630.0451,228.1341021,2,2022.252552,1155.401336,3851337.788,0,"{""601288.SH"": 13963.4767, ""601398.SH"": 12995.5618}",-0.01074705316,-0.09802842976
2026-05-18,V11 LambdaRank Top2,185825.1698,189002.8237,228.1341021,2,2022.252552,1155.401336,3851337.788,2.910383046e-11,"{""601288.SH"": 13963.4767, ""601398.SH"": 12995.5618}",-0.008680718607,-0.1058581911
2026-05-19,V11 LambdaRank Top2,187014.1286,190191.7825,228.1341021,2,2022.252552,1155.401336,3851337.788,2.910383046e-11,"{""601288.SH"": 13963.4767, ""601398.SH"": 12995.5618}",0.006398265968,-0.100137234
2026-05-20,V11 LambdaRank Top2,183090.5493,186268.2032,228.1341021,2,2022.252552,1155.401336,3851337.788,0,"{""601288.SH"": 13963.4767, ""601398.SH"": 12995.5618}",-0.0209801224,-0.119016465
2026-05-21,V11 LambdaRank Top2,184048.6344,187226.2883,228.1341021,2,2022.252552,1155.401336,3851337.788,0,"{""601288.SH"": 13963.4767, ""601398.SH"": 12995.5618}",0.005232848314,-0.1144064118
2026-05-22,V11 LambdaRank Top2,183740.3274,186917.9813,228.1341021,2,2022.252552,1155.401336,3851337.788,0,"{""601288.SH"": 13963.4767, ""601398.SH"": 12995.5618}",-0.001675138661,-0.1158899039
2026-05-25,V11 LambdaRank Top2,183331.1023,186508.7562,228.1341021,2,2022.252552,1155.401336,3851337.788,2.910383046e-11,"{""601288.SH"": 13963.4767, ""601398.SH"": 12995.5618}",-0.002227192899,-0.1178589876
2026-05-26,V11 LambdaRank Top2,183181.7883,186359.4422,228.1341021,2,2022.252552,1155.401336,3851337.788,2.910383046e-11,"{""601288.SH"": 13963.4767, ""601398.SH"": 12995.5618}",-0.0008144494574,-0.1185774469
2026-05-27,V11 LambdaRank Top2,180866.0722,184043.7261,228.1341021,2,2022.252552,1155.401336,3851337.788,2.910383046e-11,"{""601288.SH"": 13963.4767, ""601398.SH"": 12995.5618}",-0.01264162867,-0.1297200635
2026-05-28,V11 LambdaRank Top2,178430.0796,181607.7335,228.1341021,2,2022.252552,1155.401336,3851337.788,2.910383046e-11,"{""601288.SH"": 13963.4767, ""601398.SH"": 12995.5618}",-0.01346848851,-0.1414414188
2026-05-29,V11 LambdaRank Top2,182305.2631,185482.917,228.1341021,2,2022.252552,1155.401336,3851337.788,0,"{""601288.SH"": 13963.4767, ""601398.SH"": 12995.5618}",0.0217182191,-0.1227950554
2026-06-01,V11 LambdaRank Top2,185718.6991,188896.353,228.1341021,2,2022.252552,1155.401336,3851337.788,0,"{""601288.SH"": 13963.4767, ""601398.SH"": 12995.5618}",0.01872373802,-0.1063704999
2026-06-02,V11 LambdaRank Top2,185611.2058,188946.8139,479.7809148,2,2123.4091,1212.199017,4040663.389,0,"{""601288.SH"": 14263.4767, ""601988.SH"": 15600.0}",-0.0005787963115,-0.1068877293
2026-06-03,V11 LambdaRank Top2,184015.4929,187351.101,479.7809148,2,2123.4091,1212.199017,4040663.389,0,"{""601288.SH"": 14263.4767, ""601988.SH"": 15600.0}",-0.008597072028,-0.1145658798
2026-06-04,V11 LambdaRank Top2,182379.6843,185715.2924,479.7809148,2,2123.4091,1212.199017,4040663.389,0,"{""601288.SH"": 14263.4767, ""601988.SH"": 15600.0}",-0.008889515648,-0.1224369603
2026-06-05,V11 LambdaRank Top2,185575.4929,188911.101,479.7809148,2,2123.4091,1212.199017,4040663.389,0,"{""601288.SH"": 14263.4767, ""601988.SH"": 15600.0}",0.01752283219,-0.1070595704
2026-06-08,V11 LambdaRank Top2,189974.823,193310.4312,479.7809148,2,2123.4091,1212.199017,4040663.389,0,"{""601288.SH"": 14263.4767, ""601988.SH"": 15600.0}",0.0237064175,-0.0858911518
2026-06-09,V11 LambdaRank Top2,190246.7273,193582.3355,479.7809148,2,2123.4091,1212.199017,4040663.389,0,"{""601288.SH"": 14263.4767, ""601988.SH"": 15600.0}",0.001431264931,-0.08458281986
2026-06-10,V11 LambdaRank Top2,193219.7098,196555.3179,479.7809148,2,2123.4091,1212.199017,4040663.389,0,"{""601288.SH"": 14263.4767, ""601988.SH"": 15600.0}",0.01562698335,-0.07027761083
2026-06-11,V11 LambdaRank Top2,192479.8055,195815.4136,479.7809148,2,2123.4091,1212.199017,4040663.389,0,"{""601288.SH"": 14263.4767, ""601988.SH"": 15600.0}",-0.003829341752,-0.07383783559
2026-06-12,V11 LambdaRank Top2,195595.4227,198931.0308,479.7809148,2,2123.4091,1212.199017,4040663.389,0,"{""601288.SH"": 14263.4767, ""601988.SH"": 15600.0}",0.01618672255,-0.0588463056
2026-06-15,V11 LambdaRank Top2,191387.8055,194723.4136,479.7809148,2,2123.4091,1212.199017,4040663.389,0,"{""601288.SH"": 14263.4767, ""601988.SH"": 15600.0}",-0.02151183882,-0.07909225218
2026-06-16,V11 LambdaRank Top2,188985.3621,192320.9702,479.7809148,2,2123.4091,1212.199017,4040663.389,-2.910383046e-11,"{""601288.SH"": 14263.4767, ""601988.SH"": 15600.0}",-0.0125527505,-0.09065217738
2026-06-17,V11 LambdaRank Top2,186284.284,189619.8921,479.7809148,2,2123.4091,1212.199017,4040663.389,0,"{""601288.SH"": 14263.4767, ""601988.SH"": 15600.0}",-0.01429252567,-0.1036490545
2026-06-18,V11 LambdaRank Top2,181506.1277,184841.7358,479.7809148,2,2123.4091,1212.199017,4040663.389,0,"{""601288.SH"": 14263.4767, ""601988.SH"": 15600.0}",-0.02564980886,-0.1266402849
2026-06-22,V11 LambdaRank Top2,184430.032,187765.6401,479.7809148,2,2123.4091,1212.199017,4040663.389,0,"{""601288.SH"": 14263.4767, ""601988.SH"": 15600.0}",0.01610912171,-0.1125712269
2026-06-23,V11 LambdaRank Top2,189974.823,193310.4312,479.7809148,2,2123.4091,1212.199017,4040663.389,0,"{""601288.SH"": 14263.4767, ""601988.SH"": 15600.0}",0.03006446935,-0.0858911518
2026-06-24,V11 LambdaRank Top2,184822.2234,188157.8315,479.7809148,2,2123.4091,1212.199017,4040663.389,0,"{""601288.SH"": 14263.4767, ""601988.SH"": 15600.0}",-0.02712253953,-0.1106841052
2026-06-25,V11 LambdaRank Top2,179950.5105,183286.1186,479.7809148,2,2123.4091,1212.199017,4040663.389,0,"{""601288.SH"": 14263.4767, ""601988.SH"": 15600.0}",-0.02635891299,-0.1341255055
2026-06-26,V11 LambdaRank Top2,178626.7019,181962.31,479.7809148,2,2123.4091,1212.199017,4040663.389,0,"{""601288.SH"": 14263.4767, ""601988.SH"": 15600.0}",-0.007356514857,-0.1404953241
2026-06-29,V11 LambdaRank Top2,179963.8757,183299.4838,479.7809148,2,2123.4091,1212.199017,4040663.389,0,"{""601288.SH"": 14263.4767, ""601988.SH"": 15600.0}",0.007485856384,-0.1340611955
2026-06-30,V11 LambdaRank Top2,176291.0847,179626.6928,479.7809148,2,2123.4091,1212.199017,4040663.389,0,"{""601288.SH"": 14263.4767, ""601988.SH"": 15600.0}",-0.02040849048,-0.1517336993
