tree
version=v4
num_class=1
num_tree_per_iteration=1
label_index=0
max_feature_idx=23
objective=lambdarank
feature_names=Column_0 Column_1 Column_2 Column_3 Column_4 Column_5 Column_6 Column_7 Column_8 Column_9 Column_10 Column_11 Column_12 Column_13 Column_14 Column_15 Column_16 Column_17 Column_18 Column_19 Column_20 Column_21 Column_22 Column_23
feature_infos=[-2.8707199096679688:1.4220840930938721] [-1.4033499956130981:2.5005612373352051] [-1.2703711986541748:2.8120923042297363] [-2.4748332500457764:2.8062193393707275] [-0.66183751821517944:1.6389422416687012] [-2.6019799709320068:1.8919925689697266] [-1.1248760223388672:3.0370988845825195] [-3.5753879547119141:1.9016095399856567] [-2.1968531608581543:2.1679477691650391] [-1.0730923414230347:1.9400030374526978] [-0.21451142430305481:2.8151693344116211] [-2.9535558223724365:2.4795088768005371] [-2.4684848785400391:3.1746187210083008] [-4.3413271903991699:1.7943376302719116] [-1.2829312086105347:4.3881587982177734] [-2.6704778671264648:2.63877272605896] [-4.3478174209594727:1.5158103704452515] [-2.9773988723754883:2.9774856567382812] [-4.8661012649536133:1.0583555698394775] [-3.5699975490570068:2.0406937599182129] [0:1] [0:1] [0:1] [0:1]
tree_sizes=877 895 898 896 901 906 690 903 688 909 884 894 897 901 896 689 902 893 902 911 898 911 775 689 669 881 903 903 691 904 901 899 761 903 901 904 904 790 681 870 903 898 905 797 902 907 876 895 907 904 910 904 910 694 901 582 905 906 896 907 896 771 900 896 906 891 663 907 896 892 891 913 904 886 690 901 892 905 899 904 672 692 901 893 773 910 893 898 912 881 902 581 869 874 665 909 899 886 892 904 900 910 897 899 904 910 908 906 891 912 898 892 903 897 907 902 881 889 899 908 909 910 896 893 883 687 885 865 901 895 895 904 692 886 895 908 911 890 881 901 686 773 879 904 898 900 904 912 899 904 902 905 870 865 880 897 691 885 903 694 778 679 692 883 915 882 901 760 901 890 872 877 906 889 683 697 780 906 693 905

Tree=0
num_leaves=7
num_cat=0
split_feature=14 0 12 6 13 7
split_gain=5.51266 6.11772 4.44564 3.22055 2.91003 2.09919
threshold=0.016715137287974361 -1.5993707180023191 1.0175908207893374 -0.034387670457363122 0.23908920586109164 0.46475954353809362
decision_type=2 2 2 2 2 2
left_child=1 2 -1 5 -5 -2
right_child=3 -3 -4 4 -6 -7
leaf_value=-0.0069593102992646068 0.0028502717648626525 0.0083734023799495998 0.0041063852707179946 0 -0.008016974559398796 -0.0032864025024351364
leaf_weight=47.436980005353689 98.99984434992075 89.387153968214989 39.069181188941002 62.129475364461541 106.65232581458986 65.414426561444998
leaf_count=510 1106 1123 431 684 1182 747
internal_value=-0.000403076 0.00351818 -0.00156568 -0.00272498 -0.00540798 0
internal_weight=509.089 175.893 86.5062 333.196 168.782 164.414
internal_count=5783 2064 941 3719 1866 1853
is_linear=0
shrinkage=0.03


Tree=1
num_leaves=7
num_cat=0
split_feature=14 5 14 11 3 12
split_gain=65.5689 58.1823 68.9279 40.1834 35.8886 33.1807
threshold=0.04479986988008023 0.23231013119220736 -0.9390071928501128 0.42256692051887518 -1.4851230382919309 2.3912323713302617
decision_type=2 2 2 2 2 2
left_child=1 2 -1 4 -2 -3
right_child=3 5 -4 -5 -6 -7
leaf_value=0.022831552866483411 -0.015377664123749109 0.0063902953474158477 -0.0020724081393119279 0.0048142061837530862 -0.0033198613594023988 0.022036449117859503
leaf_weight=91.17476624250412 253.80673796311021 395.33751035109162 969.72330982983112 419.92087694630027 1431.541484195739 189.68492639064789
leaf_count=90 458 520 1292 747 2462 228
internal_value=0.000225517 0.00469532 0.00039521 -0.00325208 -0.00532995 0.0121233
internal_weight=3751.19 1645.92 1060.9 2105.27 1685.35 585.022
internal_count=5797 2130 1382 3667 2920 748
is_linear=0
shrinkage=0.03


Tree=2
num_leaves=7
num_cat=0
split_feature=1 4 14 12 12 4
split_gain=61.0759 39.8003 54.3814 41.4698 18.0327 10.1255
threshold=0.37307685613632208 -0.14462909847497937 1.3175624012947085 2.1073471307754521 1.5681142807006838 0.083347238600254073
decision_type=2 2 2 2 2 2
left_child=1 3 -3 -1 5 -2
right_child=4 2 -4 -5 -6 -7
leaf_value=0.0025602238485497426 -0.021947405429012169 0.002265313517062083 -0.008130363538183966 0.015691741754724431 -0.00034931008086940929 -0.0075953501603490819
leaf_weight=871.31024257838726 110.09387099742889 1478.4160510785878 627.37557089328766 280.40862665697932 114.88050781190395 146.64594119787216
leaf_count=1442 179 2182 1144 454 180 231
internal_value=0.000229863 0.00158256 -0.000850985 0.00602183 -0.0109496 -0.0151079
internal_weight=3629.13 3257.51 2105.79 1151.72 371.62 256.74
internal_count=5812 5222 3326 1896 590 410
is_linear=0
shrinkage=0.03


Tree=3
num_leaves=7
num_cat=0
split_feature=14 2 0 18 19 9
split_gain=51.348 50.8329 50.499 75.2884 47.1536 31.6932
threshold=0.04479986988008023 0.033905791118741042 -1.5857247710227964 -1.5437974929809568 0.77940002083778392 0.21534142643213275
decision_type=2 2 2 2 2 2
left_child=2 5 4 -4 -1 -2
right_child=1 -3 3 -5 -6 -7
leaf_value=-0.014621362677545904 0.0035257901070503768 -0.0080675766083435647 -0.012157988627559381 0.013272884547369496 0.0034148361154331293 -0.0097620291109590997
leaf_weight=157.3198698759079 1047.107442304492 813.65567466616631 103.55754911899567 720.46352086961269 468.09724976122379 169.30079432576895
leaf_count=266 1864 1526 143 974 716 296
internal_value=0.000705485 -0.00234683 0.0049951 0.00979345 -0.00134159 0.00149986
internal_weight=3479.5 2030.06 1449.44 824.021 625.417 1216.41
internal_count=5785 3686 2099 1117 982 2160
is_linear=0
shrinkage=0.03


Tree=4
num_leaves=7
num_cat=0
split_feature=11 0 15 13 16 13
split_gain=38.1035 28.0817 27.409 26.6416 26.6069 24.7363
threshold=-0.39340817928314203 -1.554948568344116 -2.0152622461318965 -0.13599451631307599 0.73803293704986583 0.20803778618574145
decision_type=2 2 2 2 2 2
left_child=1 -1 5 -3 -4 -2
right_child=2 3 4 -5 -6 -7
leaf_value=-0.008025622903980045 -0.018222157782663031 -0.0086587905127340926 0.0016298597032626402 0.0054935410700522359 0.0095620007212826475 0.00071684584723793608
leaf_weight=653.12057000398636 79.996957570314407 151.33249978721142 1394.8324476629496 371.28922237455845 523.60440099984407 145.07863816618919
leaf_count=1158 139 259 2435 626 893 280
internal_value=0.00031861 -0.00396087 0.0027086 0.00111686 0.00390207 -0.00670742
internal_weight=3319.25 1175.74 2143.51 522.622 1918.44 225.076
internal_count=5790 2043 3747 885 3328 419
is_linear=0
shrinkage=0.03


Tree=5
num_leaves=7
num_cat=0
split_feature=11 14 14 0 12 11
split_gain=37.8752 39.0807 42.2844 27.9719 29.6403 25.5745
threshold=-0.28142094612121576 0.67678114771842968 -0.30157838761806482 -1.6658251881599424 1.5037598609924319 0.42256692051887518
decision_type=2 2 2 2 2 2
left_child=3 2 -2 4 -1 -3
right_child=1 5 -4 -5 -6 -7
leaf_value=-0.011570238261488256 -0.001860394673397669 -0.0063279241338716746 0.010640803730659775 0.00054301399364387797 0.0026195407936396987 0.0041604018563635541
leaf_weight=476.02049430459738 336.46974086761475 466.15805921703577 754.80520178377628 735.19982655346394 163.39750230312347 343.07577076554298
leaf_count=936 519 990 1184 1237 311 653
internal_value=0.000354151 0.00310102 0.00676824 -0.00339059 -0.00788371 -0.00181593
internal_weight=3275.13 1900.51 1091.27 1374.62 639.418 809.234
internal_count=5830 3346 1703 2484 1247 1643
is_linear=0
shrinkage=0.03


Tree=6
num_leaves=5
num_cat=0
split_feature=14 11 2 0
split_gain=31.8781 32.7024 31.5479 30.7726
threshold=-0.9390071928501128 -0.3873732835054397 0.13436861336231234 -1.5149703025817869
decision_type=2 2 2 2
left_child=-1 3 -3 -2
right_child=1 2 -4 -5
leaf_value=0.017968491523457215 -0.0093660168312725452 0.0039391379210572345 -0.0043449991391447049 0.00063355057743794759
leaf_weight=65.29406401515007 581.9589276984334 1457.2152825444937 550.69947366416454 489.10438990592957
leaf_count=94 1222 2636 1041 834
internal_value=-0.000102249 -0.000618316 0.00161706 -0.00481678
internal_weight=3144.27 3078.98 2007.91 1071.06
internal_count=5827 5733 3677 2056
is_linear=0
shrinkage=0.03


Tree=7
num_leaves=7
num_cat=0
split_feature=14 2 16 0 12 11
split_gain=37.3393 34.9277 32.6151 31.4742 46.0983 30.1261
threshold=0.024235923774540428 0.026214370504021648 -0.14337833225727079 -1.6065659523010252 0.8225592076778413 -0.61729493737220753
decision_type=2 2 2 2 2 2
left_child=3 5 -3 4 -1 -2
right_child=1 2 -4 -5 -6 -7
leaf_value=-0.012560297235554699 -0.0087683152223155831 0.0070539109706715996 -0.010376872318785731 0.007652065384287924 0.0052336721908123659 0.0029953438088811913
leaf_weight=199.67238480597734 231.24571296572685 94.266082853078842 649.03356596827507 717.9294555336237 301.67567713558674 863.76323505491018
leaf_count=441 470 191 1411 1110 489 1627
internal_value=-0.00032532 -0.00303086 -0.00796077 0.0036885 -0.00194804 0.000344547
internal_weight=3057.59 1838.31 743.3 1219.28 501.348 1095.01
internal_count=5739 3699 1602 2040 930 2097
is_linear=0
shrinkage=0.03


Tree=8
num_leaves=5
num_cat=0
split_feature=14 15 0 4
split_gain=34.0812 34.3789 23.037 11.2258
threshold=-0.98948615789413441 -2.1401861906051631 -1.4730488657951353 -0.13106825202703473
decision_type=2 2 2 2
left_child=-1 3 -3 -2
right_child=1 2 -4 -5
leaf_value=0.021489937614917298 -0.0016835110393835025 -0.0017822880572998738 0.0037444367300692501 -0.01637872914095808
leaf_weight=46.084628731012344 90.143337234854698 1505.6784278526902 1195.3636178001761 128.44210179150105
leaf_count=69 199 3082 2163 268
internal_value=0.000172518 -0.000287474 0.000651094 -0.0112191
internal_weight=2965.71 2919.63 2701.04 218.585
internal_count=5781 5712 5245 467
is_linear=0
shrinkage=0.03


Tree=9
num_leaves=7
num_cat=0
split_feature=4 7 9 4 16 3
split_gain=33.7634 38.8361 29.2843 26.1707 23.9258 26.6263
threshold=-0.14137874543666837 0.45663112401962286 -0.0043503064662218085 0.91897466778755199 -0.014008599333465098 -1.6327527165412901
decision_type=2 2 2 2 2 2
left_child=4 2 -2 -3 -1 -6
right_child=1 3 -4 -5 5 -7
leaf_value=-0.0074109501566104489 0.0064317517594731245 -0.0094908879347979092 -0.0030849199615913358 0.010991465794275906 -0.0048983881747448445 0.0080052725309367519
leaf_weight=124.52242579311132 458.3784224614501 704.42961070686579 718.08498587459326 41.727231755852699 156.50982464849949 752.30458891391754
leaf_count=244 890 1451 1361 80 316 1476
internal_value=-0.000386525 -0.00274739 0.000618388 -0.00801012 0.00391788 0.00566087
internal_weight=2955.96 1922.62 1176.46 746.157 1033.34 908.814
internal_count=5818 3782 2251 1531 2036 1792
is_linear=0
shrinkage=0.03


Tree=10
num_leaves=7
num_cat=0
split_feature=11 4 12 7 16 19
split_gain=26.1158 28.0013 24.1279 21.2927 16.5044 18.6221
threshold=-0.39340817928314203 -0.17270455509424207 0.71048989892005932 -0.26931528747081751 -0.23653619736433026 1.655963182449341
decision_type=2 2 2 2 2 2
left_child=4 2 -2 -3 -1 -6
right_child=1 3 -4 -5 5 -7
leaf_value=0.004525894348156612 0 0.0048361154565757306 0.0122489422513962 -0.0030446371414455816 -0.0068051880992588245 0.0087556651465527848
leaf_weight=155.23247689008713 247.64614328742027 449.0948511660099 349.63063114881516 876.67108092457056 780.88448341190815 55.487925693392754
leaf_count=320 457 831 669 1778 1622 116
internal_value=5.66598e-05 0.00211134 0.00739353 -0.000298299 -0.00383167 -0.00552239
internal_weight=2914.65 1923.04 597.277 1325.77 991.605 836.372
internal_count=5793 3735 1126 2609 2058 1738
is_linear=0
shrinkage=0.03


Tree=11
num_leaves=7
num_cat=0
split_feature=1 14 11 16 3 12
split_gain=24.2982 24.0265 28.4514 22.1332 17.0237 4.57629
threshold=0.37307685613632208 0.67678114771842968 0.43268646299839025 0.53741261363029491 -0.99914962053298939 1.1094167828559878
decision_type=2 2 2 2 2 2
left_child=1 3 -3 -1 5 -2
right_child=4 2 -4 -5 -6 -7
leaf_value=-0.0001094452965113724 -0.0045422570727635713 -0.0054298871846005211 0.0052907606339918116 0.0069018520646249122 -0.013222129936713919 0.0063544863351479549
leaf_weight=816.79786469787359 39.490678504109383 792.6854554861784 284.05688805878162 752.13754408061504 179.39740849286318 56.969736948609352
leaf_count=1533 83 1857 583 1292 381 112
internal_value=0 0.000890392 -0.00250204 0.00325853 -0.00817142 0.00136425
internal_weight=2921.54 2645.68 1076.74 1568.94 275.858 96.4604
internal_count=5841 5265 2440 2825 576 195
is_linear=0
shrinkage=0.03


Tree=12
num_leaves=7
num_cat=0
split_feature=15 1 14 12 12 5
split_gain=23.9134 22.2096 24.7432 18.0118 12.572 7.7064
threshold=-2.1401861906051631 0.42789354920387274 0.073359530419111266 2.3912323713302617 1.5874091982841494 0.20200455188751223
decision_type=2 2 2 2 2 2
left_child=3 2 -2 -1 -3 -5
right_child=1 4 -4 5 -6 -7
leaf_value=-0.015774418384933167 0.0055336609113374718 -0.012673293361181955 -0.00050289367721286383 -0.0061896041017192698 0.0021590368646488829 0.0085120361433983945
leaf_weight=117.84085343033075 1018.6138693913817 134.33640455082059 1439.0185788944364 42.614057213068008 60.076959818601608 43.800958923995495
leaf_count=294 1842 303 3080 87 122 98
internal_value=0.000379552 0.00118656 0.00199933 -0.00900239 -0.00803617 0.000897616
internal_weight=2856.3 2652.05 2457.63 204.256 194.413 86.415
internal_count=5826 5347 4922 479 425 185
is_linear=0
shrinkage=0.03


Tree=13
num_leaves=7
num_cat=0
split_feature=11 13 5 16 8 12
split_gain=27.513 20.6498 21.0341 19.4145 16.9768 14.0965
threshold=-0.39340817928314203 1.1010218262672427 0.58852687478065502 -0.17404771596193311 -0.072018288075923906 2.3912323713302617
decision_type=2 2 2 2 2 2
left_child=3 2 -2 4 -1 -5
right_child=1 -3 -4 5 -6 -7
leaf_value=0.010122246266584072 0.0022211273385869205 -0.0081708950576753463 0.016110810805789244 -0.0075166159190942546 -0.0078676630649091497 0.0046943875347946681
leaf_weight=124.52894446253777 1628.8219694644213 136.89990209043026 87.657679185271263 687.11941893398762 49.145407736301422 76.812567487359047
leaf_count=256 3302 289 159 1518 102 172
internal_value=6.15296e-05 0.0021964 0.00314239 -0.00405357 0.004435 -0.00612383
internal_weight=2790.99 1853.38 1716.48 937.606 173.674 763.932
internal_count=5798 3750 3461 2048 358 1690
is_linear=0
shrinkage=0.03


Tree=14
num_leaves=7
num_cat=0
split_feature=10 11 3 5 17 5
split_gain=18.7801 23.3137 21.5926 21.0744 18.0165 11.2992
threshold=0.58639234304428112 0.40648302435874945 -1.4558946490287779 0.25936269760131841 1.469089210033417 -0.080002930015325532
decision_type=2 2 2 2 2 2
left_child=2 3 -1 -2 -3 -4
right_child=1 4 5 -5 -6 -7
leaf_value=-0.008329790464238155 -0.0045598691810104629 0.0011595658735469422 0.018425110250977341 0.0022768433582893576 0.013639648384634403 0.0024936149402571958
leaf_weight=41.18162989616394 1376.0720951706171 491.22883585095406 96.001933425664902 544.59209579974413 118.73091347515583 87.372760340571404
leaf_count=91 2964 965 189 1138 240 188
internal_value=-0.000165722 -0.000946974 0.00775063 -0.00258696 0.00404001 0.012121
internal_weight=2755.18 2530.62 224.556 1920.66 609.96 183.375
internal_count=5775 5307 468 4102 1205 377
is_linear=0
shrinkage=0.03


Tree=15
num_leaves=5
num_cat=0
split_feature=14 1 4 10
split_gain=24.8144 17.9244 20.2881 16.9337
threshold=-0.98948615789413441 0.19051335006952289 -0.14821236580610272 1.0513346791267397
decision_type=2 2 2 2
left_child=-1 2 -2 -3
right_child=1 3 -4 -5
leaf_value=0.019516516777763723 0.0053379205182181311 -0.013225933324036857 -0.00071915127017851922 -0.0013781533860212543
leaf_weight=40.844885140657425 754.21854810416698 128.30524566024542 1345.3946661651134 484.8884459361434
leaf_count=71 1586 299 2794 1049
internal_value=0.00056279 0.000114718 0.00145819 -0.0042914
internal_weight=2753.65 2712.81 2099.61 613.194
internal_count=5799 5728 4380 1348
is_linear=0
shrinkage=0.03


Tree=16
num_leaves=7
num_cat=0
split_feature=4 12 7 3 4 16
split_gain=23.9868 31.9259 23.1223 21.0377 21.0153 18.4466
threshold=-0.14821236580610272 2.0219143629074101 0.48105999827384954 0.97596487402915966 -0.22210796177387235 0.85342383384704601
decision_type=2 2 2 2 2 2
left_child=1 4 3 -2 -1 -3
right_child=2 5 -4 -5 -6 -7
leaf_value=-0.0034013750199771778 -0.0003564284258527322 0.017310250795662233 -0.0061705760770947651 0.015004096784482814 0.0072497782456933503 -9.3060362527053536e-05
leaf_weight=431.39979996532202 1038.886953510344 182.00923901796341 674.82625633478165 66.421807542443275 243.16905944794416 65.624487891793251
leaf_count=939 2118 361 1518 148 519 135
internal_value=0.000137083 0.00403459 -0.00187109 0.00076358 0.000449973 0.0128118
internal_weight=2702.34 922.203 1780.14 1105.31 674.569 247.634
internal_count=5738 1954 3784 2266 1458 496
is_linear=0
shrinkage=0.03


Tree=17
num_leaves=7
num_cat=0
split_feature=11 13 8 1 10 19
split_gain=25.8335 23.9537 16.4842 14.2503 14.9146 13.2995
threshold=-0.31867340207099909 1.0932490825653078 -1.1133332848548887 -0.17358899116516111 0.62059617042541515 0.82502302527427684
decision_type=2 2 2 2 2 2
left_child=3 2 -2 5 -5 -1
right_child=1 -3 -4 4 -6 -7
leaf_value=0.0090195915528095243 0.0086853961636890326 -0.0091443911702603214 0.0014928346850017669 0.0054225749747566689 -0.0073326481186362941 -0.00302644332178905
leaf_weight=113.69505404680967 381.12184797972441 128.77692636102438 1153.8325795307755 73.59585989266634 668.24969511479139 188.78213216364384
leaf_count=241 803 282 2388 154 1514 410
internal_value=0 0.00230189 0.00340604 -0.00366915 -0.00587936 0.00159393
internal_weight=2708.05 1663.73 1534.95 1044.32 741.846 302.477
internal_count=5792 3473 3191 2319 1668 651
is_linear=0
shrinkage=0.03


Tree=18
num_leaves=7
num_cat=0
split_feature=3 18 18 7 5 16
split_gain=19.4922 26.3847 20.2386 32.3048 20.9077 15.3664
threshold=0.49156990647315985 0.25768809020519262 0.6291562318801881 -0.057936089113354676 0.25936269760131841 0.25330513715744024
decision_type=2 2 2 2 2 2
left_child=2 5 4 -4 -1 -2
right_child=1 -3 3 -5 -6 -7
leaf_value=-0.0019996881286037799 0.0094546915863781451 -0.014092416428478149 0.016425269492535848 0.00022899439222513071 0.0047779503596170917 -0.0055557190353666746
leaf_weight=1304.4587124586105 93.297282561659813 162.49920397251844 174.61091142892838 276.79969752579927 572.61597165465355 111.35766068100929
leaf_count=2837 190 349 357 614 1193 259
internal_value=0.000448159 -0.00576114 0.00149351 0.00705224 6.48289e-05 0.00125261
internal_weight=2695.64 367.154 2328.49 451.411 1877.07 204.655
internal_count=5799 798 5001 971 4030 449
is_linear=0
shrinkage=0.03


Tree=19
num_leaves=7
num_cat=0
split_feature=12 10 14 14 15 18
split_gain=18.1884 29.1295 35.5683 22.0952 22.2914 18.3851
threshold=0.67977634072303783 0.66973027586936962 -0.27125962078571314 0.04479986988008023 -1.8456569910049436 -0.075745046138763414
decision_type=2 2 2 2 2 2
left_child=1 2 -1 4 -2 -5
right_child=3 -3 -4 5 -6 -7
leaf_value=-0.0045722972621484084 -0.0040754841972509646 -0.0048265069176416245 0.019987332681031998 0.003967149286322069 0.0090613012975961863 -0.0046797408798659778
leaf_weight=90.131633915007114 129.30591586232185 1012.2924301996827 83.911177679896355 361.46637414395809 508.28709873557091 499.58429608121514
leaf_count=184 251 2203 178 848 932 1222
internal_value=-5.49819e-05 -0.00282593 0.00779907 0.00210733 0.00626295 -0.000974048
internal_weight=2684.98 1186.34 174.043 1498.64 637.593 861.051
internal_count=5818 2565 362 3253 1183 2070
is_linear=0
shrinkage=0.03


Tree=20
num_leaves=7
num_cat=0
split_feature=4 12 10 7 14 17
split_gain=18.5734 20.583 17.7609 17.7233 17.9238 17.58
threshold=-0.14821236580610272 2.3912323713302617 0.75769394636154186 0.46475954353809362 -0.30157838761806482 1.1338382959365847
decision_type=2 2 2 2 2 2
left_child=1 2 -1 4 -2 -5
right_child=3 -3 -4 5 -6 -7
leaf_value=0.010214259524237781 -0.0064531199625191661 0.012941533452621095 -0.00090743718983351315 -0.00147229122057971 0.002796041335320396 -0.01181092456462959
leaf_weight=142.49416081607342 217.61577259004116 158.92109049856663 586.97411658614874 435.31204267218709 870.50218117237091 224.12832120060921
leaf_count=307 442 335 1297 976 1855 551
internal_value=0.000266295 0.00376984 0.00139961 -0.00150333 0.000809045 -0.00531869
internal_weight=2635.95 888.389 729.468 1747.56 1088.12 659.44
internal_count=5763 1939 1604 3824 2297 1527
is_linear=0
shrinkage=0.03


Tree=21
num_leaves=7
num_cat=0
split_feature=14 11 14 23 16 4
split_gain=14.8313 27.1332 26.1952 25.8235 29.6276 23.0889
threshold=0.095633063465356841 -0.26921220123767847 -0.30157838761806482 1.0000000180025095e-35 0.75190779566764843 0.61085167527198803
decision_type=2 2 2 2 2 2
left_child=1 5 -3 -2 -5 -1
right_child=3 2 -4 4 -6 -7
leaf_value=-0.0060090477434254471 8.9954344624556282e-05 -0.00040304955597179329 0.011452973177919226 -0.015903700863597867 0.0035911682902313464 0.0099120707441709716
leaf_weight=373.06925155222416 1241.5571600906551 268.18976739048958 384.29212900996208 190.78603731840849 89.085973620414734 82.460119053721428
leaf_count=793 3048 534 719 395 165 154
internal_value=0.000121068 0.00275513 0.00662351 -0.00176917 -0.00967257 -0.00270515
internal_weight=2629.44 1108.01 652.482 1521.43 279.872 455.529
internal_count=5808 2200 1253 3608 560 947
is_linear=0
shrinkage=0.03


Tree=22
num_leaves=6
num_cat=0
split_feature=10 6 3 11 2
split_gain=16.4323 19.5102 31.7961 20.6265 6.05481
threshold=0.36731053888797766 -0.043932644650340073 -1.5386641621589658 0.45933027565479284 -0.1196412183344364
decision_type=2 2 2 2 2
left_child=4 2 -2 -3 -1
right_child=1 3 -4 -5 -6
leaf_value=0 -0.0065846002729182179 -0.0046802393134557328 0.0051580089480701367 0.0040727193290440236 0.015719931313664566
leaf_weight=38.070271484553814 244.60608664900064 1047.7664702571929 915.3142369017005 289.54419396072626 62.043988466262817
leaf_count=84 569 2410 1975 627 123
internal_value=0.000259709 -0.000236245 0.00256122 -0.00270882 0.0111097
internal_weight=2597.35 2497.23 1159.92 1337.31 100.114
internal_count=5788 5581 2544 3037 207
is_linear=0
shrinkage=0.03


Tree=23
num_leaves=5
num_cat=0
split_feature=10 11 5 2
split_gain=13.4077 13.9562 14.0569 12.8299
threshold=0.17953394353389743 0.42256692051887518 0.25936269760131841 0.28563940525054937
decision_type=2 2 2 2
left_child=-1 2 -2 -3
right_child=1 3 -4 -5
leaf_value=0.013945552165764416 -0.0034131671822655646 0.00531552805728038 0.0022273658681762234 -0.0058659181270316147
leaf_weight=37.603152386844158 1447.4057395234704 487.16122649982572 516.2798166051507 90.799273699522018
leaf_count=81 3339 1021 1163 202
internal_value=-0.000325021 -0.000666805 -0.00189244 0.00332111
internal_weight=2579.25 2541.65 1963.69 577.961
internal_count=5806 5725 4502 1223
is_linear=0
shrinkage=0.03


Tree=24
num_leaves=5
num_cat=0
split_feature=14 2 3 3
split_gain=16.5977 18.2354 20.095 12.1428
threshold=-0.9390071928501128 0.023642514832317833 -1.5386641621589658 -0.88303440809249867
decision_type=2 2 2 2
left_child=-1 2 -2 -3
right_child=1 3 -4 -5
leaf_value=0.01468004536348135 -0.0052245066614648224 0 0.0033796200992088081 -0.006319242650798463
leaf_weight=45.316893324255943 286.40358184278011 474.62935927510262 1140.7931883335114 600.68999864906073
leaf_count=94 689 1096 2483 1397
internal_value=-0.000216072 -0.000623858 0.00156318 -0.00355688
internal_weight=2547.83 2502.52 1427.2 1075.32
internal_count=5759 5665 3172 2493
is_linear=0
shrinkage=0.03


Tree=25
num_leaves=7
num_cat=0
split_feature=0 17 12 17 9 16
split_gain=18.9158 44.2891 29.9586 17.3205 17.1669 15.5897
threshold=-1.5289708971977232 1.5719206333160403 2.3912323713302617 1.1338382959365847 0.21077701449394229 0.060531510040164001
decision_type=2 2 2 2 2 2
left_child=2 -2 3 -1 -4 -3
right_child=1 5 4 -5 -6 -7
leaf_value=-0.0017148086733391583 -0.00067747760020485826 0 0.011246618896130982 -0.0095247535155624941 -0.0071030857088664658 0.016744241612259528
leaf_weight=704.68368080258369 928.37357148341835 58.744863912463188 168.09325907379389 415.76877994090319 41.333268597722054 194.80257493257523
leaf_count=1659 1981 124 395 1052 91 426
internal_value=-0.000340193 0.00237306 -0.00279546 -0.00478168 0.00706003 0.0129949
internal_weight=2511.8 1181.92 1329.88 1120.45 209.427 253.547
internal_count=5728 2531 3197 2711 486 550
is_linear=0
shrinkage=0.03


Tree=26
num_leaves=7
num_cat=0
split_feature=13 7 5 8 13 9
split_gain=10.8348 15.3076 12.1821 19.2733 15.7255 1.17301
threshold=1.1687327027320864 -0.069747753441333757 0.22673280537128451 -0.10274448245763777 -0.88388496637344349 0.10624385252594949
decision_type=2 2 2 2 2 2
left_child=2 -2 3 -1 -4 -3
right_child=1 5 4 -5 -6 -7
leaf_value=0.0010328259531714374 0.0033011304304210011 -0.017871675399364295 0.016240724896166896 -0.0065439784771341609 0.0021595215320840294 -0.0034944682075442523
leaf_weight=1235.2811490520835 55.945405498147011 48.785273462533951 63.068379566073418 375.51160034909844 741.28992828354239 31.365699499845505
leaf_count=2854 121 121 146 854 1681 83
internal_value=0.000211291 -0.00741912 0.000723315 -0.000755297 0.00370362 -0.0146659
internal_weight=2551.25 136.096 2415.15 1610.79 804.358 80.151
internal_count=5860 325 5535 3708 1827 204
is_linear=0
shrinkage=0.03


Tree=27
num_leaves=7
num_cat=0
split_feature=11 6 13 5 14 1
split_gain=16.6542 23.9868 14.5642 13.2485 10.8804 10.3031
threshold=0.43268646299839025 0.026994158513844017 0.5443733036518098 -0.30255320668220514 -0.38776957988739008 0.17368122935295108
decision_type=2 2 2 2 2 2
left_child=1 3 4 -1 -2 -4
right_child=2 -3 5 -5 -6 -7
leaf_value=0.0083658323428931081 -0.0037995092004154299 -0.0054317364836738878 0.0021536385851488333 -0.00020588227246924826 0.010655256601605535 -0.010731651172107523
leaf_weight=172.92434953898191 38.958725556731224 837.27830155938864 203.487026065588 942.31438393518329 259.58295203745365 53.421601355075836
leaf_count=363 85 2010 442 2202 549 128
internal_value=-0.000313403 -0.00164291 0.00415047 0.00119433 0.00846047 -0.000890636
internal_weight=2507.97 1952.52 555.45 1115.24 298.542 256.909
internal_count=5779 4575 1204 2565 634 570
is_linear=0
shrinkage=0.03


Tree=28
num_leaves=5
num_cat=0
split_feature=14 14 4 19
split_gain=14.1151 14.3326 13.1511 6.10618
threshold=-0.9390071928501128 -0.62942796945571888 -0.14462909847497937 0.92840561270713817
decision_type=2 2 2 2
left_child=-1 3 -3 -2
right_child=1 2 -4 -5
leaf_value=0.013702118602043425 -0.015995716051086732 0.0031350896743445496 -0.0016205614666465705 -0.001897902226902967
leaf_weight=43.265488654375076 54.445059314370155 759.02838556468487 1572.29060305655 71.845830768346786
leaf_count=94 126 1795 3612 149
internal_value=-0.000252423 -0.00063093 -3.32073e-05 -0.00974166
internal_weight=2500.88 2457.61 2331.32 126.291
internal_count=5776 5682 5407 275
is_linear=0
shrinkage=0.03


Tree=29
num_leaves=7
num_cat=0
split_feature=2 7 14 4 0 11
split_gain=13.4516 19.5927 17.767 16.9998 12.0881 14.0094
threshold=0.020333990454673771 0.37247496843338018 -0.37741500139236445 -0.14646846801042554 -1.8249882459640501 -0.91418936848640431
decision_type=2 2 2 2 2 2
left_child=1 2 -1 -3 -2 -6
right_child=4 3 -4 -5 5 -7
leaf_value=-0.0048235035315156594 -0.0055759243070948221 0.0043427601108003058 0.007486739781157983 -0.0055336840639594112 0.0097122318435834184 -0.001152115005425334
leaf_weight=103.20002548396587 410.8769081607461 251.47611308097839 705.43265275657177 344.56380160152912 110.23819847777486 552.2588064968586
leaf_count=230 1044 582 1511 845 241 1273
internal_value=0.000833252 0.00276446 0.00576476 -0.0012636 -0.00164348 0.000799411
internal_weight=2478.05 1404.67 808.633 596.04 1073.37 662.497
internal_count=5726 3168 1741 1427 2558 1514
is_linear=0
shrinkage=0.03


Tree=30
num_leaves=7
num_cat=0
split_feature=1 12 17 3 13 13
split_gain=14.3545 12.6076 14.2806 12.3569 20.1558 17.9387
threshold=0.2211691811680794 1.1350563168525698 2.146921038627625 -1.5386641621589658 0.69951003789901745 -0.030234054662287232
decision_type=2 2 2 2 2 2
left_child=3 2 -2 4 -1 -5
right_child=1 -3 -4 5 -6 -7
leaf_value=0.0015504340256356618 -0.011527390555359219 0.00043771534879904941 0.0058491081333427123 -0.0028361224521434693 -0.011710162506997177 0.0041388336639067921
leaf_weight=245.01408619433641 229.76200751960278 220.83007339388132 33.533103413879871 433.52410255372524 146.28668068349361 1170.4983162432909
leaf_count=589 583 521 87 994 369 2618
internal_value=-9.43812e-05 -0.00464283 -0.00884584 0.00101456 -0.00358948 0.00220503
internal_weight=2479.45 484.125 263.295 1995.32 391.301 1604.02
internal_count=5761 1191 670 4570 958 3612
is_linear=0
shrinkage=0.03


Tree=31
num_leaves=7
num_cat=0
split_feature=8 10 10 3 16 16
split_gain=19.6041 19.0464 15.2569 13.3866 5.2005 2.06746
threshold=0.5643591880798341 0.59655797481536876 1.1186155676841738 -1.2583684325218198 0.38411827385425573 0.58826237916946422
decision_type=2 2 2 2 2 2
left_child=1 3 -3 -1 -2 -6
right_child=4 2 -4 -5 5 -7
leaf_value=-0.0025962501768234821 -0.015180308842289103 -0.0045382517865503996 0.0011044267296396095 0.012831666295076141 0.0013958693490924562 -0.0061159326816256328
leaf_weight=54.69010441750288 72.351730719208717 570.04612682759762 1562.5554234422743 154.98540422320366 34.424350246787071 45.955849133431911
leaf_count=141 164 1384 3584 344 80 112
internal_value=-0.000241693 0.000449346 -0.000404144 0.00867067 -0.0100117 -0.00266399
internal_weight=2495.01 2342.28 2132.6 209.676 152.732 80.3802
internal_count=5809 5453 4968 485 356 192
is_linear=0
shrinkage=0.03


Tree=32
num_leaves=6
num_cat=0
split_feature=5 13 16 9 8
split_gain=11.0684 25.0304 15.1381 12.0237 10.2729
threshold=0.58852687478065502 1.0768556594848635 0.53439167141914379 -0.51253697276115406 -0.10274448245763777
decision_type=2 2 2 2 2
left_child=3 2 -2 -1 -5
right_child=1 -3 -4 4 -6
leaf_value=-0.013012836295841594 0 -0.0088792411983162171 0.021696680473447819 0.0015012327506475219 -0.0032070548351052566
leaf_weight=42.021040767431259 42.006879866123199 39.201191745698452 69.728006564080715 1748.3249289877713 522.47241478040814
leaf_count=99 90 100 138 4094 1226
internal_value=0.000565166 0.00793206 0.0147382 0 0.000373201
internal_weight=2463.75 150.936 111.735 2312.82 2270.8
internal_count=5747 328 228 5419 5320
is_linear=0
shrinkage=0.03


Tree=33
num_leaves=7
num_cat=0
split_feature=15 6 6 3 10 16
split_gain=16.7736 25.4156 23.8328 17.9258 13.0074 26.1274
threshold=-1.2852023243904112 -0.090670127421617494 0.29795663058757788 -0.49355341494083399 1.7460978627204897 0.78565308451652538
decision_type=2 2 2 2 2 2
left_child=1 3 -3 -1 -2 -6
right_child=4 2 -4 -5 5 -7
leaf_value=0.0075178082790313553 0.0026735181299064009 -0.011161942807385708 0.0028016432690752811 -0.0047840586158558358 -0.0070591406265782591 0.014970500277260197
leaf_weight=211.89543062448502 1166.3393124863505 432.79708814248443 127.84457495808601 173.82460340112448 302.29418599978089 36.549439020454884
leaf_count=496 2697 1078 313 427 682 81
internal_value=-0.000793292 -0.00389483 -0.00788763 0.00186354 0.00114291 -0.00381377
internal_weight=2451.54 946.362 560.642 385.72 1505.18 338.844
internal_count=5774 2314 1391 923 3460 763
is_linear=0
shrinkage=0.03


Tree=34
num_leaves=7
num_cat=0
split_feature=15 12 1 0 8 13
split_gain=16.2527 16.0806 15.0364 14.7306 10.5541 6.19115
threshold=-2.0540949106216426 2.3912323713302617 0.42789354920387274 -1.4730488657951353 -0.79897421598434437 0.097477745264768614
decision_type=2 2 2 2 2 2
left_child=1 5 3 -2 -3 -1
right_child=2 4 -4 -5 -6 -7
leaf_value=-0.021250371649471488 -0.00030644252442908645 -0.0077264332371364559 -0.0072509129515174872 0.0047392482918204738 0.0090145404458624248 -0.0058897852933663527
leaf_weight=39.166444726288319 1138.4126447737217 35.829503506422043 152.70085475221276 905.82277019321918 62.495347589254379 109.81310882419348
leaf_count=112 2735 87 395 2000 147 311
internal_value=0.00033718 -0.00662011 0.00120007 0.00192455 0.00213222 -0.0123203
internal_weight=2444.24 247.304 2196.94 2044.24 98.3249 148.98
internal_count=5787 657 5130 4735 234 423
is_linear=0
shrinkage=0.03


Tree=35
num_leaves=7
num_cat=0
split_feature=4 16 15 7 4 4
split_gain=14.4561 15.9011 19.3842 15.4321 21.7072 16.6595
threshold=-0.14462909847497937 -0.21944317221641538 -1.232190668582916 0.37247496843338018 0.77493709325790416 0.63913181424140941
decision_type=2 2 2 2 2 2
left_child=1 -1 -3 4 -2 -5
right_child=3 2 -4 5 -6 -7
leaf_value=-0.0088410727248052125 0.0025026178448922425 -0.00059260884740340147 0.0086468105927286244 -0.0069547363114476511 -0.012575004426872963 0.0053297650889290518
leaf_weight=64.113950237631798 900.69800247251987 331.99522997438908 459.44883854687214 537.01033298298717 74.2140182107687 99.800646513700485
leaf_count=143 2006 829 1055 1423 171 220
internal_value=0.000384964 0.00351028 0.00477803 -0.00125998 0.00106483 -0.0048345
internal_weight=2467.28 855.558 791.444 1611.72 974.912 636.811
internal_count=5847 2027 1884 3820 2177 1643
is_linear=0
shrinkage=0.03


Tree=36
num_leaves=7
num_cat=0
split_feature=6 16 13 5 12 1
split_gain=9.30482 21.3685 18.5986 16.8933 17.5237 12.428
threshold=0.078163139522075667 0.71548569202423107 0.38761341571807867 -0.30255320668220514 -0.89773565530776966 -0.37933884561061854
decision_type=2 2 2 2 2 2
left_child=3 2 -2 5 -5 -1
right_child=1 -3 -4 4 -6 -7
leaf_value=-0.0026847244608846502 0.00017964898035420176 0.0052734955012266769 -0.0097619891514754403 -0.0095163494149273289 0.001596910525564576 0.013069019565736131
leaf_weight=44.516055941581726 309.42982862144709 232.60077196359634 324.0431686937809 121.58034350723028 1240.9711504243314 158.46585806459188
leaf_count=95 770 550 818 295 2938 357
internal_value=0.000350065 -0.00208479 -0.00495715 0.00174421 0.000438559 0.00941406
internal_weight=2431.61 866.074 633.473 1565.53 1362.55 202.982
internal_count=5823 2138 1588 3685 3233 452
is_linear=0
shrinkage=0.03


Tree=37
num_leaves=6
num_cat=0
split_feature=9 18 14 23 9
split_gain=11.7679 28.4363 15.0163 24.6607 21.0384
threshold=0.56847876310348522 -0.12719629704952237 0.073359530419111266 1.0000000180025095e-35 -0.27790026366710657
decision_type=2 2 2 2 2
left_child=2 -2 4 -4 -1
right_child=1 -3 3 -5 -6
leaf_value=-0.0074619699893899837 0.007089027027924865 -0.01809213010684764 0.00037566743461767875 -0.010047103230494885 0.0051732423067231059
leaf_weight=116.51650705933571 50.091934278607368 77.789805456995964 1115.0711826570332 227.32452139258385 823.29103094339371
leaf_count=271 120 174 2935 513 1793
internal_value=0 -0.00819805 0.000532264 -0.00146689 0.00342138
internal_weight=2410.08 127.882 2282.2 1342.4 939.808
internal_count=5806 294 5512 3448 2064
is_linear=0
shrinkage=0.03


Tree=38
num_leaves=5
num_cat=0
split_feature=10 14 1 14
split_gain=9.48083 9.34233 9.50607 9.35017
threshold=0.17953394353389743 -0.62942796945571888 -0.021842058748006817 -0.90030553936958302
decision_type=2 2 2 2
left_child=-1 3 -3 -2
right_child=1 2 -4 -5
leaf_value=0.012314222371825445 0.0029465068667946458 0.0021985306085737059 -0.0016772528525791999 -0.01173604086901666
leaf_weight=35.14463347941637 39.667511492967606 1097.7524919398129 1134.3079193048179 98.933945313096046
leaf_count=83 86 2616 2786 230
internal_value=0 -0.000267146 0.000204855 -0.00731395
internal_weight=2405.81 2370.66 2232.06 138.601
internal_count=5801 5718 5402 316
is_linear=0
shrinkage=0.03


Tree=39
num_leaves=7
num_cat=0
split_feature=5 13 19 4 4 16
split_gain=9.86858 14.314 11.5766 35.653 13.8784 11.2083
threshold=0.58852687478065502 1.0285155177116396 1.2767978310585024 0.13672070950269702 -0.4156001210212707 0.51424291729927074
decision_type=2 2 2 2 2 2
left_child=2 5 4 -4 -1 -2
right_child=1 -3 3 -5 -6 -7
leaf_value=0.011424374002443694 0 -0.0052927364335345183 0.0002665346103676211 -0.017210518701359128 7.2594658534645261e-05 0.018488021929669706
leaf_weight=83.85240238904953 39.855403393507004 41.002700172364712 386.17447480931878 120.81760999560356 1637.880867511034 67.415672346949577
leaf_count=191 93 113 995 296 3919 139
internal_value=0.000131731 0.00715644 -0.000368423 -0.00427954 0.000784737 0.0124703
internal_weight=2377 148.274 2228.73 506.992 1721.73 107.271
internal_count=5746 345 5401 1291 4110 232
is_linear=0
shrinkage=0.03


Tree=40
num_leaves=7
num_cat=0
split_feature=3 4 11 4 10 16
split_gain=13.268 17.5696 13.9182 14.3375 13.889 11.6086
threshold=-1.6020662784576414 -0.24626967310905454 -0.13485885411500928 -0.39710018038749689 0.92975765466690075 -0.87652704119682301
decision_type=2 2 2 2 2 2
left_child=1 -1 5 -4 -3 -2
right_child=2 4 3 -5 -6 -7
leaf_value=-0.016180604706986446 0.0097289402107074933 -0.01337794538630227 0.016177658152290868 0.0027371447353594022 0.0016109408482204756 -0.001750537191478398
leaf_weight=71.872255221009254 64.864911623299122 47.510016344487667 63.459562435746193 818.67280808836222 281.71637262776494 1044.0463845618069
leaf_count=178 162 144 136 1910 700 2565
internal_value=0.000292311 -0.00452067 0.00132704 0.00410777 -0.00102254 -0.000865442
internal_weight=2392.14 401.099 1991.04 882.132 329.226 1108.91
internal_count=5795 1022 4773 2046 844 2727
is_linear=0
shrinkage=0.03


Tree=41
num_leaves=7
num_cat=0
split_feature=0 17 4 7 7 18
split_gain=12.016 28.4576 17.766 15.5363 12.9382 24.9309
threshold=-1.4786698818206785 1.6294807195663454 0.14912169426679614 -0.42405793070793146 1.1863555908203127 -0.11561292037367819
decision_type=2 2 2 2 2 2
left_child=4 3 -3 -2 -1 -6
right_child=1 2 -4 -5 5 -7
leaf_value=-0.00085685492571044286 0.0057237163498867804 0.016776321278849652 -0.0016263573444819069 -0.0028224608267785243 0.002484309012840713 -0.020063250085294526
leaf_weight=1177.0370955206454 254.82389662414789 146.08076429367065 53.482978910207748 607.77878132835031 67.524981342256069 74.760561883449554
leaf_count=2971 539 344 120 1430 182 216
internal_value=-0.000100606 0.00222503 0.0118722 -0.000157338 -0.002023 -0.0100056
internal_weight=2381.49 1062.17 199.564 862.603 1319.32 142.286
internal_count=5802 2433 464 1969 3369 398
is_linear=0
shrinkage=0.03


Tree=42
num_leaves=7
num_cat=0
split_feature=2 3 17 4 7 10
split_gain=14.1846 15.7586 15.123 14.3586 18.3293 12.8537
threshold=-0.025142045691609379 -1.2305345535278318 0.28669235110282904 -0.14821236580610272 0.37878946959972387 0.89188459515571605
decision_type=2 2 2 2 2 2
left_child=3 2 -2 -1 -5 -3
right_child=1 5 -4 4 -6 -7
leaf_value=0.0058120150761059421 0.0094308444091016908 0.0024744284077273977 -0.0025262840633859802 0.0028553628290393616 -0.0066945039498999964 -0.00687680663108461
leaf_weight=464.72463142126799 138.09406332671642 142.61291816085577 211.89999751746655 443.27650880813599 274.22803172469139 660.2304033190012
leaf_count=1106 320 381 550 995 739 1675
internal_value=-0.000458579 -0.00282249 0.00228413 0.00180526 -0.000795776 -0.00512302
internal_weight=2335.07 1152.84 349.994 1182.23 717.505 802.843
internal_count=5766 2926 870 2840 1734 2056
is_linear=0
shrinkage=0.03


Tree=43
num_leaves=6
num_cat=0
split_feature=10 6 7 15 8
split_gain=14.7697 11.6081 21.1585 15.7423 5.01631
threshold=0.36731053888797766 -0.036518232896924012 0.64904627203941356 -1.3860241770744322 -0.47078153491020197
decision_type=2 2 2 2 2
left_child=4 2 -2 -3 -1
right_child=1 3 -4 -5 -6
leaf_value=0.015829816770767027 0.0046187833640347984 -0.0072487856135460636 -0.0044012879108614334 7.1869742674068456e-05 6.9129304106518947e-05
leaf_weight=51.67427920550108 782.78548694401979 365.91002567484975 306.45891519263387 788.27589647099376 35.136210098862648
leaf_count=117 1851 973 790 1936 78
internal_value=0.000310677 -0.000180362 0.0019933 -0.00228183 0.0112199
internal_weight=2330.24 2243.43 1089.24 1154.19 86.8105
internal_count=5745 5550 2641 2909 195
is_linear=0
shrinkage=0.03


Tree=44
num_leaves=7
num_cat=0
split_feature=8 5 13 7 6 0
split_gain=13.7494 18.2829 14.0242 12.1742 11.4087 11.0226
threshold=-0.18065900355577466 0.47313971817493444 1.0932490825653078 -0.21016024053096768 -0.3362563550472259 -0.94131574034690846
decision_type=2 2 2 2 2 2
left_child=2 4 5 -4 -2 -1
right_child=1 -3 3 -5 -6 -7
leaf_value=0.003193240038980884 0.0028776849556007454 0.0089375634759520962 0.003810422299711911 -0.012512033723308367 -0.0078932983682163914 -0.0029552269698146852
leaf_weight=1275.0888700932264 88.659972831606865 64.011518955230713 44.184597857296467 98.679409965872765 455.38563995808363 302.53685853630304
leaf_count=3212 210 147 105 282 1153 681
internal_value=-0.00026689 -0.00409009 0.00108131 -0.00724746 -0.00599184 0.00195438
internal_weight=2328.55 608.057 1720.49 142.864 544.046 1577.63
internal_count=5790 1510 4280 387 1363 3893
is_linear=0
shrinkage=0.03


Tree=45
num_leaves=7
num_cat=0
split_feature=4 2 4 3 3 13
split_gain=12.4575 23.0999 19.9566 16.8033 14.0642 13.6424
threshold=-0.14462909847497937 0.064858965575695052 -0.082420360296964632 0.97596487402915966 0.71503853797912609 -0.53074076771736134
decision_type=2 2 2 2 2 2
left_child=1 4 5 -4 -1 -2
right_child=2 -3 3 -5 -6 -7
leaf_value=0.0080451480302444738 0.0052834928449020995 -0.0040034073372039909 -0.00056526812491571748 0.011241898519220896 -0.0069811079297319029 -0.010800603575614381
leaf_weight=534.53058115392923 39.892095852643251 242.05114054679871 1152.801228120923 99.053921639919281 42.780211731791496 239.22241639718413
leaf_count=1287 119 626 2802 232 107 653
internal_value=0.000441303 0.00340009 -0.00112696 0.000483895 0.00663475 -0.00810164
internal_weight=2350.33 819.362 1530.97 1251.86 577.311 279.115
internal_count=5826 2020 3806 3034 1394 772
is_linear=0
shrinkage=0.03


Tree=46
num_leaves=7
num_cat=0
split_feature=9 3 18 13 5 6
split_gain=10.202 17.7395 13.7514 11.8509 20.1172 11.375
threshold=0.50423377752304088 -0.16036090999841687 -0.057795304805040353 1.0768556594848635 0.58852687478065502 -0.088030721992254243
decision_type=2 2 2 2 2 2
left_child=3 -2 -3 4 -1 -5
right_child=1 2 -4 5 -6 -7
leaf_value=0.00051573931788911247 0.0039231502016558277 0 -0.022509479814597742 0.0015567975038401696 0.013293441819215915 -0.011836069405825995
leaf_weight=1883.919596619904 62.894304513931274 39.490777358412743 50.09311892837286 82.935290604829788 99.049654133617878 108.11676589399576
leaf_count=4690 158 87 119 223 229 296
internal_value=5.16001e-07 -0.00699883 -0.0145309 0.000578097 0.00131031 -0.00614137
internal_weight=2326.5 152.478 89.5839 2174.02 1982.97 191.052
internal_count=5802 364 206 5438 4919 519
is_linear=0
shrinkage=0.03


Tree=47
num_leaves=7
num_cat=0
split_feature=8 13 3 7 16 15
split_gain=8.55314 9.87559 17.1084 9.80166 7.59009 2.20093
threshold=0.5643591880798341 0.69951003789901745 -1.5657510757446287 -0.83638381958007801 0.38411827385425573 -0.95764684677124012
decision_type=2 2 2 2 2 2
left_child=1 3 -3 -1 -2 -6
right_child=4 2 -4 -5 5 -7
leaf_value=0.0073861625045226363 -0.012424161932436393 -0.010762220207103991 0.00018019709265136281 0.00088008146815158315 -0.0034323559482750247 0.0049762826499958022
leaf_weight=242.88152603805065 68.280784212052822 141.90748104080558 573.64039979875088 1200.1774566210806 38.806799955666065 32.013553828001022
leaf_count=566 168 388 1463 2994 113 70
internal_value=0.000146784 0.000660986 -0.00214196 0.00210213 -0.00653563 0
internal_weight=2297.71 2158.61 715.548 1443.06 139.101 70.8204
internal_count=5762 5411 1851 3560 351 183
is_linear=0
shrinkage=0.03


Tree=48
num_leaves=7
num_cat=0
split_feature=4 17 20 13 17 1
split_gain=12.4093 17.1935 13.9607 27.7263 20.5145 7.32597
threshold=0.73532217741012584 -0.16149347275495526 1.0000000180025095e-35 0.51685091853141796 -0.27792024612426752 -0.076021552085876451
decision_type=2 2 2 2 2 2
left_child=2 5 4 -4 -1 -2
right_child=1 -3 3 -5 -6 -7
leaf_value=0.005012458589637908 -0.001273494136696466 0.002985931676841603 0.011090238208300907 -0.0026962823925024532 -0.0026850122191310879 -0.020546244236598406
leaf_weight=387.38513784110546 36.072142004966736 64.323033653199673 265.30978509783745 221.13868691027164 1279.4462542869151 55.725642450153828
leaf_count=913 79 155 672 637 3190 121
internal_value=-0.000132461 -0.00780999 0.000463331 0.00484546 -0.000822268 -0.0150923
internal_weight=2309.4 156.121 2153.28 486.448 1666.83 91.7978
internal_count=5767 355 5412 1309 4103 200
is_linear=0
shrinkage=0.03


Tree=49
num_leaves=7
num_cat=0
split_feature=11 14 3 3 8 15
split_gain=10.8803 19.7083 14.7405 21.2564 12.5561 9.8803
threshold=0.45933027565479284 -0.33874544501304621 -1.2818809151649473 -0.75099369883537281 -0.94070172309875477 -1.4180436730384824
decision_type=2 2 2 2 2 2
left_child=2 -2 4 -4 -1 -3
right_child=1 5 3 -5 -6 -7
leaf_value=-0.013628581466989892 -0.010613384304525754 -0.0017316702976204169 0.0059008256422336284 -0.0020846187105562543 -0.0019758398077414406 0.0083936032733715298
leaf_weight=120.0198877453804 53.351786002516747 94.4789202734828 402.90337851643562 1007.5865505933762 265.11286078393459 337.99897778406739
leaf_count=334 141 243 971 2560 684 773
internal_value=-9.12927e-05 0.00377232 -0.00119973 0.000205072 -0.00624884 0.00607027
internal_weight=2281.45 485.83 1795.62 1410.49 385.133 432.478
internal_count=5706 1157 4549 3531 1018 1016
is_linear=0
shrinkage=0.03


Tree=50
num_leaves=7
num_cat=0
split_feature=9 3 13 13 3 17
split_gain=10.0176 13.5702 16.0469 12.6412 13.1037 12.309
threshold=-0.0043503064662218085 -1.1363757252693174 0.28010624647140508 0.74106073379516613 -0.89516085386276234 0.38671465218067175
decision_type=2 2 2 2 2 2
left_child=1 5 -3 4 -2 -1
right_child=3 2 -4 -5 -6 -7
leaf_value=0.0036733496770483777 0.0049537414273582627 -0.001001639010483754 0.0075992990488805388 -0.0077295178766841688 -0.0030893239925112426 -0.0055782995097879897
leaf_weight=182.0519881695509 254.98089794069529 309.34261417388916 446.75591599568725 271.36879286170006 515.86618825048208 325.50631437078118
leaf_count=430 609 751 1111 730 1271 870
internal_value=-0.000220741 0.00153624 0.00406796 -0.00239633 -0.000294975 -0.00213271
internal_weight=2305.87 1263.66 756.099 1042.22 770.847 507.558
internal_count=5772 3162 1862 2610 1880 1300
is_linear=0
shrinkage=0.03


Tree=51
num_leaves=7
num_cat=0
split_feature=6 8 16 13 13 16
split_gain=8.82181 16.3448 12.2381 10.8277 15.9544 13.111
threshold=0.078163139522075667 -0.27997936308383936 0.71548569202423107 -0.13599451631307599 -2.4290858507156368 0.71548569202423107
decision_type=2 2 2 2 2 2
left_child=3 2 -2 4 -1 -5
right_child=1 -3 -4 5 -6 -7
leaf_value=0.010773177788289229 -0.002442831531341384 -0.0084344172620008061 0.0069351606256166879 0.0048372663307544609 -0.0059561230966535782 -0.0018842752725849881
leaf_weight=40.353371135890484 393.89973816275597 266.12052580341697 158.67635326832533 776.13933899253607 295.738819796592 360.04523616284132
leaf_count=107 1048 696 402 1871 733 913
internal_value=-0.0001214 -0.00260547 0.000293519 0.00123613 -0.00328674 0.00265963
internal_weight=2290.97 818.697 552.576 1472.28 336.092 1136.18
internal_count=5770 2146 1450 3624 840 2784
is_linear=0
shrinkage=0.03


Tree=52
num_leaves=7
num_cat=0
split_feature=1 19 12 18 15 6
split_gain=10.8195 15.0254 19.6198 10.4993 7.59759 15.2596
threshold=-0.042156750336289399 1.0203995108604433 -0.94497802853584278 0.19638612866401675 -1.3067860603332517 0.29795663058757788
decision_type=2 2 2 2 2 2
left_child=1 3 -3 -1 5 -2
right_child=4 2 -4 -5 -6 -7
leaf_value=0.0009638369255710595 -0.0079085238654366674 -0.016793878907878788 0.00071443065137860758 0.010266090724924999 -9.5768671285476284e-05 0.0044635061602659558
leaf_weight=226.15572092682123 351.71517672762275 43.535767666995525 562.08078454807401 235.38918915763497 769.21059566363692 97.124742425978184
leaf_count=535 925 120 1414 562 1936 264
internal_value=-7.13887e-05 0.00208612 -0.000944917 0.00606195 -0.00201326 -0.00502716
internal_weight=2285.21 1067.16 605.617 461.545 1218.05 448.84
internal_count=5756 2631 1534 1097 3125 1189
is_linear=0
shrinkage=0.03


Tree=53
num_leaves=5
num_cat=0
split_feature=14 14 4 19
split_gain=10.5928 10.3012 15.8663 12.2368
threshold=-0.9390071928501128 -0.30157838761806482 -0.20823595672845838 0.91383057832717907
decision_type=2 2 2 2
left_child=-1 2 -2 -3
right_child=1 3 -4 -5
leaf_value=0.013011989354863451 0.0083545454448596835 0.0044037067362661456 -0.0073004861867763124 -0.00074954147799061036
leaf_weight=37.158676519989967 50.167719468474388 576.40022783726454 305.71011321991682 1306.8823375478387
leaf_count=91 119 1422 758 3415
internal_value=0.000254296 -4.41777e-05 -0.00460688 0.000825846
internal_weight=2276.32 2239.16 355.878 1883.28
internal_count=5805 5714 877 4837
is_linear=0
shrinkage=0.03


Tree=54
num_leaves=7
num_cat=0
split_feature=17 0 1 17 13 2
split_gain=8.53522 19.7109 11.386 19.8465 19.0683 10.0623
threshold=1.9192222952842715 -1.554948568344116 -0.047324284911155694 1.1882012486457827 -0.3680261075496673 -0.10743331164121626
decision_type=2 2 2 2 2 2
left_child=2 5 3 -1 -4 -2
right_child=1 -3 4 -5 -6 -7
leaf_value=0.0044453155293921413 -0.009930628774559358 0.011482724836422131 0.0060914965086130129 -0.0057445251980802366 -0.004376438392546895 0.0027191946576039438
leaf_weight=703.69449363648891 65.775767866522074 169.52325011044741 168.05373889952898 203.00046131759882 862.23289750516415 138.80021894723177
leaf_count=1694 186 407 430 532 2204 398
internal_value=0.000419013 0.00445635 -0.000367653 0.00202442 -0.00252837 -0.00160301
internal_weight=2311.08 374.099 1936.98 906.695 1030.29 204.576
internal_count=5851 991 4860 2226 2634 584
is_linear=0
shrinkage=0.03


Tree=55
num_leaves=4
num_cat=0
split_feature=14 5 5
split_gain=8.17223 6.77366 7.58141
threshold=-0.9390071928501128 -0.71031275391578663 0.25936269760131841
decision_type=2 2 2
left_child=-1 -2 -3
right_child=1 2 -4
leaf_value=0.010948137541392603 0.0087155219515618748 -0.0018462725637993101 0.0019266472189827088
leaf_weight=39.144647270441055 51.10148274153471 1517.3786182403564 665.92055289074779
leaf_count=97 129 3896 1664
internal_value=-3.03821e-05 -0.000344751 -0.000661233
internal_weight=2273.55 2234.4 2183.3
internal_count=5786 5689 5560
is_linear=0
shrinkage=0.03


Tree=56
num_leaves=7
num_cat=0
split_feature=15 8 12 10 15 14
split_gain=8.71188 9.68228 15.8953 15.6051 8.98298 13.8385
threshold=-1.3983867764472959 -1.0811999440193174 1.4587767124176028 1.1355372667312624 -0.57480052113533009 2.7428643703460698
decision_type=2 2 2 2 2 2
left_child=1 3 -3 -1 -2 -6
right_child=4 2 -4 -5 5 -7
leaf_value=-0.0085082443053621955 0.0031868200427144209 -0.0091614785279536919 0.00053137148895187366 0.0081181571994082616 -0.0027969666193215265 0.010515853277143248
leaf_weight=54.453094772994518 814.96377760916948 310.05120310932398 258.37115547806025 133.74787710607052 642.74297047406435 57.710594359785318
leaf_count=162 2031 837 667 358 1598 155
internal_value=-0.000225455 -0.00283426 -0.0047854 0.00266418 0.00105796 -0.00135536
internal_weight=2272.04 756.623 568.422 188.201 1515.42 700.454
internal_count=5808 2024 1504 520 3784 1753
is_linear=0
shrinkage=0.03


Tree=57
num_leaves=7
num_cat=0
split_feature=0 17 11 14 0 16
split_gain=9.23313 29.9392 21.1106 15.8977 14.2578 11.8868
threshold=-1.554948568344116 1.7032275199890139 -0.31867340207099909 0.034298738464713104 -2.0900458097457881 -0.78642535209655751
decision_type=2 2 2 2 2 2
left_child=2 3 5 -2 -4 -1
right_child=1 -3 4 -5 -6 -7
leaf_value=0.0054673957918332924 0.0041002644621839779 0.011542455882689687 0.0052040777939417922 -0.0039020691724233449 -0.003015440921472318 -0.0084673470663114148
leaf_weight=43.685607209801674 352.54244019836187 206.31397614628077 368.76011811569333 531.49374819546938 344.90974161401391 420.53505605459213
leaf_count=113 817 502 947 1329 904 1207
internal_value=-0.000153576 0.00179022 -0.00200285 -0.00062436 0.00117597 -0.00686044
internal_weight=2268.24 1090.35 1177.89 884.036 713.67 464.221
internal_count=5819 2648 3171 2146 1851 1320
is_linear=0
shrinkage=0.03


Tree=58
num_leaves=7
num_cat=0
split_feature=5 0 18 4 3 10
split_gain=9.14442 20.7741 15.3016 14.25 11.9371 19.0104
threshold=0.25936269760131841 -1.1738631725311277 -0.04878107272088527 0.25067797303199774 -1.5386641621589658 1.7045455574989321
decision_type=2 2 2 2 2 2
left_child=4 2 -2 -3 5 -1
right_child=1 3 -4 -5 -6 -7
leaf_value=-0.012034684005436365 0.0057146382609789244 0.015088687864076902 -0.0047175965295200113 -0.0030845322133316337 3.3698239941898403e-05 0.0061894431256087389
leaf_weight=164.38679500669241 200.72405908256769 145.48704649507999 275.37078495323658 36.297396078705788 1347.4444100186229 52.359868466854095
leaf_count=469 503 333 745 84 3504 127
internal_value=0.000207915 0.003144 -0.000145299 0.0112166 -0.00101319 -0.00722785
internal_weight=2222.07 657.879 476.095 181.784 1564.19 216.747
internal_count=5765 1665 1248 417 4100 596
is_linear=0
shrinkage=0.03


Tree=59
num_leaves=7
num_cat=0
split_feature=9 7 4 15 5 6
split_gain=10.0845 14.4079 17.1861 14.5277 12.345 15.9467
threshold=-0.0043503064662218085 0.34659078717231756 -0.14137874543666837 -2.1401861906051631 -0.11506632715463637 0.12856760621070865
decision_type=2 2 2 2 2 2
left_child=1 3 -3 -1 5 -2
right_child=4 2 -4 -5 -6 -7
leaf_value=-0.0087870346483756023 0.0072382649331365215 0.0031963235352546145 -0.0068880270272081981 0.0062157046298800143 -0.0044832704632155416 -0.0050862785439119793
leaf_weight=43.438204154372215 212.94641993194818 299.12783233076334 265.70282197371125 605.60601253062487 673.00652352720499 135.83124719560146
leaf_count=130 516 765 774 1509 1744 379
internal_value=2.20985e-05 0.00188289 -0.00151821 0.00488929 -0.00212463 0.00226024
internal_weight=2235.66 1213.87 564.831 649.044 1021.78 348.778
internal_count=5817 3178 1539 1639 2639 895
is_linear=0
shrinkage=0.03


Tree=60
num_leaves=7
num_cat=0
split_feature=5 5 16 17 13 16
split_gain=10.9985 10.9749 18.0911 9.89304 9.56235 0.516252
threshold=0.62961325049400341 0.42422698438167578 0.70546352863311779 1.9192222952842715 1.0344031453132632 0.66645208001136791
decision_type=2 2 2 2 2 2
left_child=1 3 -3 -1 5 -2
right_child=4 2 -4 -5 -6 -7
leaf_value=-0.0012068074293460956 0.0038438109797801442 -0.013955362135961508 0.0034172086344701389 0.0043006508798122843 -0.0029853082695884621 0.016472469710144801
leaf_weight=1589.5782671570778 35.907103978097439 117.81057066470385 70.316570296883583 337.924620218575 32.863227903842926 39.720891460776329
leaf_count=4125 87 291 180 917 100 86
internal_value=-0.000381831 -0.000916689 -0.00746931 -0.000176196 0.00810043 0.0131619
internal_weight=2224.12 2115.63 188.127 1927.5 108.491 75.628
internal_count=5786 5513 471 5042 273 173
is_linear=0
shrinkage=0.03


Tree=61
num_leaves=6
num_cat=0
split_feature=2 6 8 2 7
split_gain=9.92817 9.27917 20.0828 11.2699 7.60202
threshold=0.55610918998718273 0.29795663058757788 -0.047086047008633607 0.34973533451557165 0.63557079434394848
decision_type=2 2 2 2 2
left_child=1 3 -3 -1 -2
right_child=4 2 -4 -5 -6
leaf_value=0 -0.014340352011301818 0.010038691469756099 -0.00750121064530528 -0.011041306825867733 0.0013115518086103234
leaf_weight=1806.6142603084445 56.158976227045059 193.75661839544773 60.570204205811024 66.982899889349937 29.037223421037197
leaf_count=4683 157 507 160 203 83
internal_value=-0.000188481 0.000226699 0.00540036 -0.000493522 -0.00920025
internal_weight=2213.12 2127.92 254.327 1873.6 85.1962
internal_count=5793 5553 667 4886 240
is_linear=0
shrinkage=0.03


Tree=62
num_leaves=7
num_cat=0
split_feature=8 13 16 18 6 5
split_gain=9.77516 9.27216 8.85024 7.90111 4.44413 2.81799
threshold=0.5643591880798341 1.1687327027320864 -0.78642535209655751 0.53046464920043956 -0.19872069358825681 0.26218773424625402
decision_type=2 2 2 2 2 2
left_child=1 2 -1 5 -3 -2
right_child=3 4 -4 -5 -6 -7
leaf_value=0.0093859408257396353 -0.014808312078535552 0.00050447325079992387 0.00018292894559461165 0.0018438738920820222 -0.011087012829425836 -0.00085888978287317682
leaf_weight=79.958600573241711 63.979640007019043 27.444432646036148 1923.1126258708537 39.712708406150341 73.408198863267899 29.93011149764061
leaf_count=195 181 86 4985 104 226 69
internal_value=-0.000343029 0.00016101 0.00066911 -0.00765759 -0.00787474 -0.0118206
internal_weight=2237.55 2103.92 2003.07 133.622 100.853 93.9098
internal_count=5846 5492 5180 354 312 250
is_linear=0
shrinkage=0.03


Tree=63
num_leaves=7
num_cat=0
split_feature=5 5 13 16 5 2
split_gain=8.26823 14.326 13.3233 12.6366 9.23939 2.80713
threshold=0.58852687478065502 0.42922928929328924 1.0285155177116396 0.71548569202423107 0.25936269760131841 -0.072490490972995744
decision_type=2 2 2 2 2 2
left_child=1 4 5 -3 -1 -2
right_child=2 3 -4 -5 -6 -7
leaf_value=-0.00091854882024265433 0.0014784699789001082 -0.014932338045014698 -0.0058515312583518279 0.0011821031733438828 0.0041911276408458853 0.015459697472368555
leaf_weight=1552.7628118805587 33.194099515676498 91.85508481413126 35.255582097917795 56.936847448348999 378.6556804291904 60.248352382332087
leaf_count=4084 80 237 114 143 984 146
internal_value=-0.00010643 -0.000615726 0.00669768 -0.00900109 8.5147e-05 0.0121582
internal_weight=2208.91 2080.21 128.698 148.792 1931.42 93.4425
internal_count=5788 5448 340 380 5068 226
is_linear=0
shrinkage=0.03


Tree=64
num_leaves=7
num_cat=0
split_feature=9 16 14 16 16 5
split_gain=9.64549 16.7689 19.1731 18.4217 11.0432 12.8763
threshold=0.02672491874545813 0.51732018589973461 0.034298738464713104 -0.11385540291666983 0.69314584136009227 0.22673280537128451
decision_type=2 2 2 2 2 2
left_child=4 3 -3 -2 -1 -6
right_child=1 2 -4 -5 5 -7
leaf_value=0.0034163611054617298 0.0015323892728648322 0.0086870771902289954 -0.0037669100300592689 -0.010324704679925172 -0.0067165610123816584 0.0028320283258117147
leaf_weight=855.81655691936612 161.42442955076694 179.14414260536432 227.19587293639779 318.78435558080673 246.55826150625944 216.31659542769194
leaf_count=2227 400 432 633 868 655 575
internal_value=-0.000193244 -0.0026044 0.00173293 -0.00631703 0.00139764 -0.00219746
internal_weight=2205.24 886.549 406.34 480.209 1318.69 462.875
internal_count=5790 2333 1065 1268 3457 1230
is_linear=0
shrinkage=0.03


Tree=65
num_leaves=7
num_cat=0
split_feature=11 7 4 7 0 5
split_gain=8.41068 15.2722 23.0533 17.2495 10.8502 13.1239
threshold=-0.39340817928314203 0.83039805293083202 0.25771248340606695 0.36548335850238806 -1.5149703025817869 -0.04548764415085315
decision_type=2 2 2 2 2 2
left_child=4 3 -3 -2 -1 -6
right_child=1 2 -4 -5 5 -7
leaf_value=-0.0054863430525000818 0.0022524646497991923 0.011213443739412963 -0.0064614482852735885 -0.0057717323486564118 0.0086560317621909837 -0.0027006820574441977
leaf_weight=403.84478097781539 822.28596667572856 256.27338674291968 68.253106586635113 317.74068927019835 125.37759280204773 219.8245057836175
leaf_count=1190 2049 668 192 843 309 559
internal_value=0.000286958 0.00162716 0.00716268 0 -0.00222958 0.00150794
internal_weight=2213.6 1464.55 324.526 1140.03 749.047 345.202
internal_count=5810 3752 860 2892 2058 868
is_linear=0
shrinkage=0.03


Tree=66
num_leaves=5
num_cat=0
split_feature=14 2 7 17
split_gain=12.3416 10.1403 11.641 7.9511
threshold=-0.9390071928501128 0.023642514832317833 -0.86736989021301258 1.7032275199890139
decision_type=2 2 2 2
left_child=-1 2 -2 -3
right_child=1 3 -4 -5
leaf_value=0.014264145659402478 0.0073477836663985528 -0.0041816788229382135 0 0.002172023993585476
leaf_weight=33.821284800767899 223.33639956265688 707.07882923260331 1019.75861062482 206.77134075388312
leaf_count=87 520 1930 2659 585
internal_value=5.11714e-05 -0.000273129 0.00145141 -0.00266409
internal_weight=2190.77 2156.95 1243.1 913.85
internal_count=5781 5694 3179 2515
is_linear=0
shrinkage=0.03


Tree=67
num_leaves=7
num_cat=0
split_feature=5 4 13 16 15 14
split_gain=9.00488 13.3494 10.3479 15.2882 11.9119 10.1729
threshold=0.25936269760131841 0.29793451726436621 -0.13599451631307599 -0.87652704119682301 -1.2852023243904112 1.6956908106803896
decision_type=2 2 2 2 2 2
left_child=2 5 4 -4 -1 -2
right_child=1 -3 3 -5 -6 -7
leaf_value=-0.011819726804979971 0.007815119287400368 -0.0066565249460949563 0.013402973437763739 -0.00040771287029817106 -0.00066500436101822049 -0.00023433685022613386
leaf_weight=130.74952418357134 365.26407346874475 83.157047487795353 56.648833401501179 1137.3501511737704 236.71182760223746 199.11080233752728
leaf_count=372 876 219 134 3014 630 591
internal_value=0.000285239 0.00322512 -0.000921349 0.000408119 -0.00519415 0.00496178
internal_weight=2208.99 647.532 1561.46 1194 367.461 564.375
internal_count=5836 1686 4150 3148 1002 1467
is_linear=0
shrinkage=0.03


Tree=68
num_leaves=7
num_cat=0
split_feature=18 7 16 8 18 17
split_gain=9.1887 16.7305 17.7919 10.4189 15.3543 8.50313
threshold=0.6291562318801881 1.1596184372901919 0.31610853970050817 -1.6630275845527647 0.13525934517383578 2.0350809097290044
decision_type=2 2 2 2 2 2
left_child=3 2 -2 4 -1 -5
right_child=1 -3 -4 5 -6 -7
leaf_value=0.014983373565311273 -0.0020445925293755751 -0.0093580988908500817 0.011280523829720109 -0.0024739186056337453 -0.004176102749973226 0.0032169772288524615
leaf_weight=66.712895482778549 123.09265084564686 49.837584219872952 226.45059817284346 1385.4904633611441 47.52775639668107 257.98557414859533
leaf_count=177 335 149 604 3686 122 697
internal_value=6.81787e-05 0.00408693 0.00656899 -0.000846899 0.00713084 -0.00151658
internal_weight=2157.1 399.381 349.543 1757.72 114.241 1643.48
internal_count=5770 1088 939 4682 299 4383
is_linear=0
shrinkage=0.03


Tree=69
num_leaves=7
num_cat=0
split_feature=19 4 7 10 17 13
split_gain=6.98061 20.7482 21.295 16.2685 11.3644 11.3447
threshold=1.2767978310585024 0.14912169426679614 -0.28351548314094538 1.7142640948295595 1.9192222952842715 -0.71663382649421681
decision_type=2 2 2 2 2 2
left_child=4 3 -3 -2 -1 -6
right_child=1 2 -4 -5 5 -7
leaf_value=-6.9861267559581086e-05 -0.003122401188701036 0.0014589927826672967 -0.020588041958977937 0.0097140375295746168 -0.0059687618641305878 0.0094996314984709812
leaf_weight=1399.9643250070512 279.53257942944765 53.170579329133034 79.921643979847431 105.53116675838828 33.376553852111101 201.82122252136469
leaf_count=3667 796 124 239 282 105 529
internal_value=0 -0.00298479 -0.0123483 0.000553379 0.000948202 0.00677368
internal_weight=2153.32 518.156 133.092 385.064 1635.16 235.198
internal_count=5742 1441 363 1078 4301 634
is_linear=0
shrinkage=0.03


Tree=70
num_leaves=7
num_cat=0
split_feature=9 7 23 12 14 14
split_gain=13.644 14.8911 21.8265 14.0775 12.5952 21.7492
threshold=-0.0043503064662218085 0.066027700901031508 1.0000000180025095e-35 0.8542899787425996 -0.10290903970599173 -0.29064472019672388
decision_type=2 2 2 2 2 2
left_child=1 3 -3 -1 5 -2
right_child=4 2 -4 -5 -6 -7
leaf_value=0 -0.0053318999061909584 0.0020750474017548499 -0.0091696445021207888 0.0099943992224796867 -0.0055163039961519137 0.009575867779543671
leaf_weight=220.02252634614706 166.04155037924647 523.08639140427113 195.93895284086466 263.88474990427494 641.84058538079262 144.9624764546752
leaf_count=555 445 1460 507 660 1791 355
internal_value=-0.000480208 0.00160138 -0.00107324 0.00557947 -0.00314871 0.00159425
internal_weight=2155.78 1202.93 719.025 483.907 952.845 311.004
internal_count=5773 3182 1967 1215 2591 800
is_linear=0
shrinkage=0.03


Tree=71
num_leaves=7
num_cat=0
split_feature=11 12 4 1 6 13
split_gain=7.94128 8.20129 8.26424 7.01851 11.1383 7.68987
threshold=-0.3873732835054397 -0.94497802853584278 -0.15358878672122953 -0.20158848911523816 -0.30354361236095423 1.0000000180025095e-35
decision_type=2 2 2 2 2 2
left_child=3 -2 -3 5 -5 -1
right_child=1 2 -4 4 -6 -7
leaf_value=-0.0048953093919324748 -0.0062982841058513575 0.0050105593440296914 1.0124138831311236e-05 0.0062036504150790265 -0.0058526963689095662 0.0064071927295255779
leaf_weight=64.965573452413082 99.175425622612238 458.2506228685379 851.74306447803974 58.225147135555744 497.67898119613528 120.13253732025623
leaf_count=181 279 1149 2290 156 1429 328
internal_value=-0.000132748 0.00115769 0.00185349 -0.00263155 -0.00431415 0.00205718
internal_weight=2150.17 1409.17 1309.99 741.002 555.904 185.098
internal_count=5812 3718 3439 2094 1585 509
is_linear=0
shrinkage=0.03


Tree=72
num_leaves=7
num_cat=0
split_feature=11 10 11 3 6 4
split_gain=8.74817 16.581 9.09734 8.97062 7.21318 5.70908
threshold=0.40648302435874945 0.59655797481536876 0.67938035726547252 -1.3760730624198911 -0.1443199813365936 -0.060943840071558945
decision_type=2 2 2 2 2 2
left_child=1 4 -2 -3 -1 -4
right_child=2 3 5 -5 -6 -7
leaf_value=-0.0011985396132609815 0.0072417343655666582 -0.0071548276612198826 -0.0056050253168833221 -0.0012562394115939771 0.011036864652480426 0.002620463744708122
leaf_weight=47.877314150333405 222.29810005426407 282.89937953464687 105.59037892147899 1231.7614633888006 107.49727296829224 165.9386390671134
leaf_count=131 564 812 290 3330 286 418
internal_value=-0.000401088 -0.00146381 0.00299316 -0.00247592 0.00721779 -0.000537483
internal_weight=2163.86 1670.04 493.827 1514.66 155.375 271.529
internal_count=5831 4559 1272 4142 417 708
is_linear=0
shrinkage=0.03


Tree=73
num_leaves=7
num_cat=0
split_feature=11 7 7 4 7 15
split_gain=8.74895 9.70415 11.0123 9.84479 9.085 9.16854
threshold=-0.44305787980556482 0.83039805293083202 -0.41621673107147211 0.28043025732040411 1.206673860549927 0.3840251117944718
decision_type=2 2 2 2 2 2
left_child=4 2 -2 -3 5 -1
right_child=1 3 -4 -5 -6 -7
leaf_value=0.00020335632226499287 0.003931154258712613 0.0082543427371460816 -0.0021276351172453 -0.0035104641050596594 -0.010211741331246259 -0.011866631206415273
leaf_weight=531.9383615385741 401.23108302801847 265.77631716430187 731.37656118348241 62.088159888982773 101.1258650124073 42.275423418730497
leaf_count=1449 1000 709 1998 178 323 123
internal_value=6.69502e-05 0.00139685 0 0.00578021 -0.00268022 -0.000953797
internal_weight=2135.81 1460.47 1132.61 327.864 675.34 574.214
internal_count=5780 3885 2998 887 1895 1572
is_linear=0
shrinkage=0.03


Tree=74
num_leaves=5
num_cat=0
split_feature=0 5 18 8
split_gain=6.44713 8.70077 15.7048 11.5897
threshold=0.12622033804655078 0.079345718026161208 0.7523002326488496 -1.2211258411407468
decision_type=2 2 2 2
left_child=1 2 -1 -3
right_child=-2 3 -4 -5
leaf_value=0.00031709825736837296 0.0089024595482165136 0.0037208271618811846 0.012238871373108211 -0.0036036632826389162
leaf_weight=865.21136809140444 51.314020834863186 221.53033331781626 94.426575131714344 902.00648207589984
leaf_count=2361 112 611 260 2425
internal_value=5.62223e-06 -0.000267575 0.00177734 -0.00206719
internal_weight=2134.49 2083.17 959.638 1123.54
internal_count=5769 5657 2621 3036
is_linear=0
shrinkage=0.03


Tree=75
num_leaves=7
num_cat=0
split_feature=8 1 17 4 18 5
split_gain=8.25618 9.84489 13.8551 10.2259 7.44782 3.17673
threshold=0.5643591880798341 -0.12505766749382016 2.1884622573852544 -0.17468176037073133 0.5251518487930299 0.19948706775903705
decision_type=2 2 2 2 2 2
left_child=1 3 -3 -1 5 -2
right_child=4 2 -4 -5 -6 -7
leaf_value=0.0086516775058474264 -0.014326465067902645 -0.0018369386138198851 0.0072874411742739065 0.00080168140188741771 0.0027564005207574111 -0.001160603511209933
leaf_weight=226.88827662914991 54.670494429767132 1171.5199614018202 150.17618460394442 440.49882320687175 38.001195445656776 39.970728278160095
leaf_count=590 165 3195 414 1199 103 100
internal_value=0.000269446 0.000804631 -0.000662296 0.00373177 -0.00641691 -0.0104619
internal_weight=2121.73 1989.08 1321.7 667.387 132.642 94.6412
internal_count=5766 5398 3609 1789 368 265
is_linear=0
shrinkage=0.03


Tree=76
num_leaves=7
num_cat=0
split_feature=1 9 6 13 14 13
split_gain=12.5625 12.9928 11.9556 9.58736 6.89336 3.48479
threshold=0.37307685613632208 -0.21975366026163098 -0.034387670457363122 0.11780713871121408 0.6128939986228944 0.43735149502754217
decision_type=2 2 2 2 2 2
left_child=1 3 -3 -1 -2 -6
right_child=4 2 -4 -5 5 -7
leaf_value=0.0025376537194197585 -0.010558219631365525 0.0055250154853029188 8.8265444659044919e-05 -0.0062393305823499959 0.0051538860237467657 -0.0045743258079687958
leaf_weight=153.46183470264077 109.82972015812993 706.87857025489211 776.61402413994074 278.22716629505157 43.861821942031384 48.818171262741089
leaf_count=423 296 1842 2150 769 129 157
internal_value=0.000612505 0.00140854 0.0027578 -0.00301214 -0.00609605 0
internal_weight=2117.69 1915.18 1483.49 431.689 202.51 92.68
internal_count=5766 5184 3992 1192 582 286
is_linear=0
shrinkage=0.03


Tree=77
num_leaves=7
num_cat=0
split_feature=1 18 15 16 9 13
split_gain=10.6501 14.6912 8.98539 8.16173 6.45954 10.9722
threshold=0.19051335006952289 0.26580278575420385 -0.30417320132255549 -0.11385540291666983 -0.18486963957548139 -0.021241962909698483
decision_type=2 2 2 2 2 2
left_child=4 3 -3 -2 -1 -6
right_child=1 2 -4 -5 5 -7
leaf_value=-0.0018919402075255785 0.0098953201954053108 -0.012651416292245379 0.0014773366978399389 -0.0019624069398347598 -0.0025705488870746977 0.0038624827085936625
leaf_weight=464.59762746095657 46.212766855955124 162.07166067883372 37.803480852395296 218.5868093110621 296.98659417778254 882.52145110815763
leaf_count=1295 119 474 111 648 803 2310
internal_value=-0.00013001 -0.0040668 -0.00981498 0.0004459 0.000982098 0.00217685
internal_weight=2108.78 464.675 199.875 264.8 1644.11 1179.51
internal_count=5760 1352 585 767 4408 3113
is_linear=0
shrinkage=0.03


Tree=78
num_leaves=7
num_cat=0
split_feature=11 0 16 1 12 12
split_gain=9.22049 10.32 10.0009 9.14911 8.8198 7.86575
threshold=-0.39340817928314203 -1.554948568344116 0.66258859634399425 -0.59709376096725453 2.3912323713302617 -0.94497802853584278
decision_type=2 2 2 2 2 2
left_child=1 4 -3 -2 -1 -5
right_child=3 2 -4 5 -6 -7
leaf_value=-0.0071041931228231154 -0.01017596076286181 0.0051832760047029148 -0.0048923076580339635 -0.0054565334455377434 0.0060942909094290456 0.0028520610940982508
leaf_weight=357.13734683766961 34.910041868686676 212.20085623115301 120.22999470680952 88.512457102537155 31.481576889753342 1275.2099330238998
leaf_count=1113 82 543 324 251 84 3403
internal_value=0.000268803 -0.00241279 0.00129816 0.00170809 -0.00564221 0.00219836
internal_weight=2119.68 721.05 332.431 1398.63 388.619 1363.72
internal_count=5800 2064 867 3736 1197 3654
is_linear=0
shrinkage=0.03


Tree=79
num_leaves=7
num_cat=0
split_feature=1 4 17 4 16 1
split_gain=8.57934 11.7375 15.0324 13.7938 7.77825 12.9238
threshold=-0.049259796738624566 -0.15533631294965741 1.1777211427688601 -0.22857070714235303 0.64125448465347301 0.19329337030649188
decision_type=2 2 2 2 2 2
left_child=1 3 -3 -1 -2 -6
right_child=4 2 -4 -5 5 -7
leaf_value=0.00086621672366532282 -0.0038931997569044618 0.0027445150296883407 -0.0067763922884532543 0.013122731900956704 0.0050577990111743045 -0.0047715261213223384
leaf_weight=216.03836360573769 705.25442941859365 393.4042862765491 211.733279556036 130.55077610164881 274.18436605483294 180.76384299248457
leaf_count=582 1984 1034 618 326 731 524
internal_value=-0.000201324 0.00185688 -0.000601022 0.00611065 -0.00194338 0.00098953
internal_weight=2111.93 951.727 605.138 346.589 1160.2 454.948
internal_count=5799 2560 1652 908 3239 1255
is_linear=0
shrinkage=0.03


Tree=80
num_leaves=5
num_cat=0
split_feature=14 14 14 9
split_gain=8.74945 7.86843 5.85351 4.50274
threshold=-0.9390071928501128 -0.62942796945571888 0.024235923774540428 -0.16418766975402829
decision_type=2 2 2 2
left_child=-1 3 -3 -2
right_child=1 2 -4 -5
leaf_value=0.011638756924372102 0 0.0023056606775137571 -0.0010980179147313095 -0.011925020829624693
leaf_weight=35.881781376898289 33.740432016551495 667.24373558908701 1320.4513024017215 60.45826381072402
leaf_count=99 101 1711 3751 169
internal_value=-4.46725e-05 -0.000383413 2.62546e-05 -0.00804392
internal_weight=2117.78 2081.89 1987.7 94.1987
internal_count=5831 5732 5462 270
is_linear=0
shrinkage=0.03


Tree=81
num_leaves=5
num_cat=0
split_feature=0 17 1 1
split_gain=6.27627 6.47352 11.993 9.86977
threshold=1.0000000180025095e-35 1.9713030457496645 -0.22681242227554319 -0.31479947268962855
decision_type=2 2 2 2
left_child=1 2 -1 -3
right_child=-2 3 -4 -5
leaf_value=0.0029500752630598126 0.007453339795564025 -0.0078694049088953496 -0.0028940676378021168 0.0052127285833277193
leaf_weight=385.01935330033302 65.997533589601517 41.370749898254871 1338.5245380587876 276.66983267106116
leaf_count=1024 155 117 3714 792
internal_value=-0.000428819 -0.000782561 -0.00153528 0.0029686
internal_weight=2107.58 2041.58 1723.54 318.041
internal_count=5802 5647 4738 909
is_linear=0
shrinkage=0.03


Tree=82
num_leaves=7
num_cat=0
split_feature=14 18 1 15 18 19
split_gain=8.61283 14.836 9.83045 6.53223 4.55863 2.46629
threshold=3.0746992826461796 -0.36246678233146662 0.42789354920387274 -1.4180436730384824 -0.04878107272088527 0.90836545825004589
decision_type=2 2 2 2 2 2
left_child=2 -2 3 -1 -4 -3
right_child=1 5 4 -5 -6 -7
leaf_value=-0.0020868319517243147 0.016031455605565043 0.0035385307517657207 -0.012351527860552313 0.0016496911676406249 -0.00081717755028387065 -0.0051655962303683647
leaf_weight=606.52780703827739 61.761494252830744 25.202852465212345 63.263148650527 1235.3212384358048 73.340412419289351 49.745975121855736
leaf_count=1711 177 76 179 3274 229 178
internal_value=0.000304033 0.00708586 -0.00020079 0.000377815 -0.00743727 -0.00147793
internal_weight=2115.16 136.71 1978.45 1841.85 136.604 74.9488
internal_count=5824 431 5393 4985 408 254
is_linear=0
shrinkage=0.03


Tree=83
num_leaves=7
num_cat=0
split_feature=1 8 18 18 3 3
split_gain=8.06051 7.51223 20.7 10.9756 5.92834 5.74867
threshold=0.24739673733711245 -1.2211258411407468 0.057269951328635223 0.16512789577245715 -1.6871280074119566 0.12008802965283395
decision_type=2 2 2 2 2 2
left_child=1 2 -1 -3 -2 -6
right_child=4 3 -4 -5 5 -7
leaf_value=0.012073670863086005 0.004155025238092881 -0.0024105550964671936 -0.001709652560154367 0.002829317915493023 -0.007736071358683436 0.00054976840725558273
leaf_weight=166.25625874847174 50.170461446046829 716.23650903254747 184.5998819321394 681.5383108407259 219.27815518528223 87.529093481600285
leaf_count=452 149 1935 520 1864 639 272
internal_value=0.000286385 0.0011586 0.0049588 0.000105896 -0.00366175 -0.00529963
internal_weight=2105.61 1748.63 350.856 1397.77 356.978 306.807
internal_count=5831 4771 972 3799 1060 911
is_linear=0
shrinkage=0.03


Tree=84
num_leaves=6
num_cat=0
split_feature=13 5 17 1 19
split_gain=7.07316 7.89806 7.20904 7.14407 2.96626
threshold=1.2090193629264834 0.6112973988056184 1.9192222952842715 -0.096344847232103334 1.4172191619873049
decision_type=2 2 2 2 2
left_child=1 2 -1 -2 -3
right_child=3 4 -4 -5 -6
leaf_value=-0.00097863615138818667 0.0007363376236286125 0.011410145278053603 0.0037594579879576063 -0.014263881783203697 0
leaf_weight=1612.8845052011311 36.625727519392967 56.288106575608253 330.17956089600921 41.88900601118803 32.239624619483948
leaf_count=4390 114 150 951 131 86
internal_value=-5.38961e-05 0.000295516 -0.000112841 -0.00792858 0.00818032
internal_weight=2110.11 2031.59 1943.06 78.5147 88.5277
internal_count=5822 5577 5341 245 236
is_linear=0
shrinkage=0.03


Tree=85
num_leaves=7
num_cat=0
split_feature=7 6 16 15 18 4
split_gain=9.80036 17.8377 20.8278 20.6809 13.2948 18.8041
threshold=0.48105999827384954 -0.046431384980678551 -0.14337833225727079 -0.46701523661613459 -0.33477386832237238 -0.18012451380491254
decision_type=2 2 2 2 2 2
left_child=1 3 -3 -1 5 -2
right_child=4 2 -4 -5 -6 -7
leaf_value=0.0087614475235323411 0.013999193870524267 0.0092968567806485554 -0.0041286451995374935 -0.0027746118849488041 -0.0054034690863580363 -0.0021611471276760802
leaf_weight=425.15700323134661 70.18276172876358 105.19003048539162 566.64542312175035 182.5903175547719 523.25037348270416 202.03223294764757
leaf_count=1085 194 266 1595 496 1563 580
internal_value=-3.47781e-05 0.00155429 -0.00173188 0.00522202 -0.00263996 0.00247298
internal_weight=2075.05 1279.58 671.835 607.747 795.465 272.215
internal_count=5779 3442 1861 1581 2337 774
is_linear=0
shrinkage=0.03


Tree=86
num_leaves=7
num_cat=0
split_feature=16 2 16 3 12 14
split_gain=9.31674 12.6856 12.2851 12.0866 11.7175 9.26301
threshold=0.51024007797241222 0.17262800782918933 0.33070921897888189 0.60132166743278515 -0.40370497107505793 0.034298738464713104
decision_type=2 2 2 2 2 2
left_child=1 2 -1 4 -2 -5
right_child=3 -3 -4 5 -6 -7
leaf_value=0.0027238969666893596 0.011024693358398559 -0.0076251014069386924 -0.0053011407655913553 0.0034217735337174048 0.0015667405878849283 -0.013883278928578447
leaf_weight=492.91384020447731 122.54363760352135 244.71363883092999 238.02142031490803 27.052269667387009 910.36174508556724 52.783763155341148
leaf_count=1321 347 731 678 79 2492 177
internal_value=9.03574e-05 -0.00199784 0 0.0019772 0.00293392 -0.00790772
internal_weight=2088.39 975.649 730.935 1112.74 1032.91 79.836
internal_count=5825 2730 1999 3095 2839 256
is_linear=0
shrinkage=0.03


Tree=87
num_leaves=7
num_cat=0
split_feature=10 11 6 5 14 6
split_gain=5.3808 10.8295 7.68184 6.9191 13.286 7.4125
threshold=0.58639234304428112 0.31073474884033209 -0.12022631987929343 0.33507284522056585 1.3175624012947085 -0.38757526874542231
decision_type=2 2 2 2 2 2
left_child=1 2 -1 5 -5 -2
right_child=3 -3 -4 4 -6 -7
leaf_value=-0.00065894964687477145 0.0037873378262169416 -0.007214574237151607 0.012652704114442656 0.0061425607540989049 -0.0046460031231875904 -0.0026576290044610477
leaf_weight=45.241430692374706 157.48786145448685 34.164559282362461 88.687172941863537 273.57825745269656 134.54394092410803 1329.3312639631331
leaf_count=137 404 98 244 698 435 3760
internal_value=-0.000425861 0.0043671 0.00826484 -0.000923529 0.0023949 -0.00189393
internal_weight=2063.03 168.093 133.929 1894.94 408.122 1486.82
internal_count=5776 479 381 5297 1133 4164
is_linear=0
shrinkage=0.03


Tree=88
num_leaves=7
num_cat=0
split_feature=8 6 13 13 15 3
split_gain=8.60445 15.3914 19.062 13.8263 13.0559 10.7518
threshold=-0.27997936308383936 0.067191857844591155 -0.021241962909698483 0.69951003789901745 -1.3383482098579405 -1.4120032191276548
decision_type=2 2 2 2 2 2
left_child=3 2 -2 4 -1 -5
right_child=1 -3 -4 5 -6 -7
leaf_value=-0.0016560833341506167 -0.0082860088995454998 -0.0088624063566404062 0.0052874002234094232 -0.010171236668060761 0.0054152718736987142 -0.00020964968587090387
leaf_weight=337.44423680379987 122.04696971178055 244.01176686584949 247.73775382339954 122.14801248535514 636.14299084246159 355.45988326519728
leaf_count=973 337 710 699 390 1691 1019
internal_value=-0.000376235 -0.00331517 0.000458289 0.000854203 0.00291996 -0.00318431
internal_weight=2064.99 613.796 369.785 1451.2 973.587 477.608
internal_count=5819 1746 1036 4073 2664 1409
is_linear=0
shrinkage=0.03


Tree=89
num_leaves=7
num_cat=0
split_feature=0 17 12 17 17 13
split_gain=5.40075 16.7426 12.6324 10.2986 10.0462 9.64371
threshold=-1.5289708971977232 1.7032275199890139 2.3912323713302617 0.56124892830848705 2.3722631931304936 0.74106073379516613
decision_type=2 2 2 2 2 2
left_child=2 -2 3 -1 -4 -3
right_child=1 5 4 -5 -6 -7
leaf_value=0 -0.00063749087126179556 0.013207077734215112 0.0082817080949216543 -0.0063874940768013618 -0.0067000580455408541 -9.484114879541789e-05
leaf_weight=459.4170561209321 785.81141488999128 123.33945015817881 150.2930566817522 449.44572066515684 31.92430604994297 60.794217310845852
leaf_count=1294 2090 327 414 1426 82 166
internal_value=-0.000315201 0.00126445 -0.00177096 -0.00326216 0.00495715 0.00894234
internal_weight=2061.03 969.945 1091.08 908.863 182.217 184.134
internal_count=5799 2583 3216 2720 496 493
is_linear=0
shrinkage=0.03


Tree=90
num_leaves=7
num_cat=0
split_feature=0 10 17 18 15 17
split_gain=6.35647 11.7921 9.50349 9.32815 18.9459 11.3778
threshold=-2.4859595298767085 1.8042281866073611 1.1471844315528872 -1.1998316645622251 -1.2640765905380247 0.043812565505504615
decision_type=2 2 2 2 2 2
left_child=1 2 -1 4 -2 -5
right_child=3 -3 -4 5 -6 -7
leaf_value=0.014357989937479526 0.0036983757830782193 -0.0064185863967442889 -0.0013962006791600522 0.003992458658552028 -0.010358240779153042 -0.0013773658387591062
leaf_weight=85.749931894242764 119.29145919531584 36.804073967039585 36.661851957440376 508.37193111330271 203.40705748647451 1049.3259638920426
leaf_count=225 335 111 121 1396 556 3021
internal_value=-4.25607e-05 0.00532678 0.00968491 -0.000580038 -0.00507429 0.000365501
internal_weight=2039.61 159.216 122.412 1880.4 322.699 1557.7
internal_count=5765 457 346 5308 891 4417
is_linear=0
shrinkage=0.03


Tree=91
num_leaves=4
num_cat=0
split_feature=7 14 14
split_gain=8.37345 7.39403 8.62912
threshold=-2.7008329629898067 -0.9390071928501128 -0.76580849289894093
decision_type=2 2 2
left_child=-1 -2 -3
right_child=1 2 -4
leaf_value=-0.010567499887241668 0.011898931598042199 -0.0098638401298597918 0.00058868941647652556
leaf_weight=43.256207227706909 30.157800704240799 53.533155634999275 1939.8207016400993
leaf_count=117 87 161 5471
internal_value=0.000142215 0.0005017 0.000182981
internal_weight=2066.77 2023.51 1993.35
internal_count=5836 5719 5632
is_linear=0
shrinkage=0.03


Tree=92
num_leaves=7
num_cat=0
split_feature=1 11 14 11 3 9
split_gain=8.43352 7.37694 14.1354 9.27547 6.31993 3.99481
threshold=0.37307685613632208 0.42256692051887518 2.1411163806915288 0.96496242284774791 -0.88303440809249867 0.012717382982373239
decision_type=2 2 2 2 2 2
left_child=1 2 -1 -3 -2 -6
right_child=4 3 -4 -5 5 -7
leaf_value=0.0015203693686960667 0.00052648966379914423 0.0070655710726908278 -0.0056268716732476081 -0.0021609868487895904 0 -0.012256187591568895
leaf_weight=1154.6573865711689 81.862097978591919 308.6622704602778 296.0480119921267 116.4120947048068 31.066052503883839 80.477614924311638
leaf_count=3147 236 828 982 299 92 275
internal_value=0.00038233 0.00104176 0 0.00442039 -0.00523038 -0.00934917
internal_weight=2069.19 1875.78 1450.71 425.074 193.406 111.544
internal_count=5859 5256 4129 1127 603 367
is_linear=0
shrinkage=0.03


Tree=93
num_leaves=7
num_cat=0
split_feature=0 0 17 12 14 14
split_gain=8.25003 9.99487 12.7458 11.8338 9.61394 5.07533
threshold=-2.3850942850112911 -1.554948568344116 1.5719206333160403 2.3912323713302617 2.8365424871444707 1.872758746147156
decision_type=2 2 2 2 2 2
left_child=4 3 -3 -2 5 -1
right_child=1 2 -4 -5 -6 -7
leaf_value=0.0030967222171067801 -0.0043550427933695436 0 0.0079324788636874581 0.0047962726321007596 -0.0063737734868631411 0.013093012195885821
leaf_weight=157.10936147719622 664.82172759622335 773.68561486527324 213.15100818127394 132.9847709313035 33.955257929861546 80.983740393072367
leaf_count=446 2012 2062 577 362 116 220
internal_value=0.000545547 -0.000184972 0.00178268 -0.00267627 0.0052277 0.0074804
internal_weight=2056.69 1784.64 986.837 797.806 272.048 238.093
internal_count=5795 5013 2639 2374 782 666
is_linear=0
shrinkage=0.03


Tree=94
num_leaves=5
num_cat=0
split_feature=14 14 16 10
split_gain=6.081 6.87076 6.6919 6.6644
threshold=-0.9390071928501128 -0.62942796945571888 0.39274910092353826 1.8388624191284182
decision_type=2 2 2 2
left_child=-1 2 -2 -3
right_child=1 3 -4 -5
leaf_value=0.010360898849530373 -0.014806529264549437 0.0011200340075685862 0 -0.0034481509976389021
leaf_weight=30.814974755048752 35.206334169954062 1569.1054877862334 63.475779160857201 328.56585516408086
leaf_count=93 114 4501 179 896
internal_value=9.52268e-05 -0.000134671 -0.00715768 0.00027009
internal_weight=2027.17 1996.35 98.6821 1897.67
internal_count=5783 5690 293 5397
is_linear=0
shrinkage=0.03


Tree=95
num_leaves=7
num_cat=0
split_feature=14 18 9 7 14 17
split_gain=6.47363 13.9412 8.03602 15.4515 11.5845 2.9193
threshold=3.0746992826461796 -0.37759365141391749 -0.0043503064662218085 0.30406862497329717 -0.11912116408348082 0.52540597319602977
decision_type=2 2 2 2 2 2
left_child=2 -2 3 -1 -4 -3
right_child=1 5 4 -5 -6 -7
leaf_value=0.0050447726660001642 0.015486524325382134 0.0030130959590688733 0.0024295385906698483 -0.0020392302742914272 -0.0048715187358279195 -0.0061851436381168187
leaf_weight=532.91438851878047 55.838597007095814 34.946006037294865 269.72440846636891 524.76325605064631 552.25502993166447 42.674406982958317
leaf_count=1428 159 101 756 1526 1609 158
internal_value=0.000269025 0.00620611 -0.000181835 0.00150178 -0.00240369 -0.00166044
internal_weight=2013.12 133.459 1879.66 1057.68 821.979 77.6204
internal_count=5737 418 5319 2954 2365 259
is_linear=0
shrinkage=0.03


Tree=96
num_leaves=7
num_cat=0
split_feature=1 7 9 17 6 7
split_gain=6.48862 9.82143 15.3152 10.9344 6.17659 10.0653
threshold=-0.047324284911155694 0.37247496843338018 0.023714246228337291 1.4064534306526186 0.29136915504932409 0.20326349139213565
decision_type=2 2 2 2 2 2
left_child=1 2 -1 -3 -2 -6
right_child=4 3 -4 -5 5 -7
leaf_value=0.008079043406539213 -0.003009248523189166 0.0011263106101633532 -0.0020606591246856319 -0.0091426228236238562 -0.0035153418592163842 0.007815577275204268
leaf_weight=327.43215560168028 856.26016392931342 298.86196003109217 194.4668108895421 109.08482059836388 115.77224969118834 121.32103995233774
leaf_count=883 2475 850 526 338 334 367
internal_value=-0.000227939 0.0015623 0.00425352 -0.00177834 -0.00180506 0.00220628
internal_weight=2023.2 929.846 521.899 407.947 1093.35 237.093
internal_count=5773 2597 1409 1188 3176 701
is_linear=0
shrinkage=0.03


Tree=97
num_leaves=7
num_cat=0
split_feature=19 4 19 11 8 14
split_gain=6.11304 8.91094 12.2801 7.93679 7.41001 8.59436
threshold=1.331133306026459 0.13672070950269702 1.6205734014511111 -0.26416237652301783 0.39948360621929174 0.073359530419111266
decision_type=2 2 2 2 2 2
left_child=4 2 -2 -3 5 -1
right_child=1 3 -4 -5 -6 -7
leaf_value=0.0037156005051739685 -0.0039296718407724794 -0.016459032298028576 0.010338767191948648 0 -0.0055007520522316689 -0.00089259313060888212
leaf_weight=568.16846940293908 227.57567599415779 58.759230718016624 48.898731544613838 45.92489966750145 164.23515124246478 907.98861886188388
leaf_count=1534 682 177 158 124 469 2650
internal_value=-0.000640287 -0.00396559 -0.000676494 -0.0106691 0.000134698 0.000866943
internal_weight=2021.55 381.159 276.474 104.684 1640.39 1476.16
internal_count=5794 1141 840 301 4653 4184
is_linear=0
shrinkage=0.03


Tree=98
num_leaves=7
num_cat=0
split_feature=15 14 6 15 7 15
split_gain=6.41754 8.81193 7.81791 7.63281 11.6438 6.42694
threshold=-2.0294171571731563 -0.32708719372749323 -0.090670127421617494 -1.7436753511428831 0.5065332055091859 -1.4180436730384824
decision_type=2 2 2 2 2 2
left_child=1 -1 -3 4 -2 -5
right_child=3 2 -4 5 -6 -7
leaf_value=0.0050834583458145097 0.012063965129411181 -0.0003734344242735222 -0.013321844682061611 -0.0040322935913180815 -0.0018433268860677278 0.00087092623160606164
leaf_weight=44.5411142334342 102.99151182919741 90.070711966603994 82.479026384651661 271.49553755670786 76.995860442519188 1357.3143698573112
leaf_count=127 281 272 273 800 234 3817
internal_value=6.39781e-05 -0.00454772 -0.00761525 0.000693961 0.00622524 0
internal_weight=2025.89 217.091 172.55 1808.8 179.987 1628.81
internal_count=5804 672 545 5132 515 4617
is_linear=0
shrinkage=0.03


Tree=99
num_leaves=7
num_cat=0
split_feature=11 1 4 16 7 13
split_gain=8.11415 8.22466 7.35945 6.91526 13.0405 8.4719
threshold=-0.50914910435676564 0.19329337030649188 -0.13936547935009 -0.20059701800346372 -0.81180536746978749 0.90866145491600048
decision_type=2 2 2 2 2 2
left_child=3 2 -2 4 -1 -5
right_child=1 -3 -4 5 -6 -7
leaf_value=0.013829637332788016 0.0051021600431930755 -0.0031263058198051836 0.0001798967039628705 -0.0066160462515118664 -0.0043241659414121336 0.0028087711093010169
leaf_weight=39.507721289992332 472.39133924245834 293.38886327296495 678.36051200330257 372.61642388999462 65.383000157773495 87.518163241446018
leaf_count=110 1302 892 1892 1130 190 280
internal_value=-3.13783e-05 0.0011325 0.00230441 -0.00304571 0.00315284 -0.00465614
internal_weight=2009.17 1444.14 1150.75 565.025 104.891 460.135
internal_count=5796 4086 3194 1710 300 1410
is_linear=0
shrinkage=0.03


Tree=100
num_leaves=7
num_cat=0
split_feature=0 12 12 15 3 19
split_gain=5.32908 14.8344 10.0267 9.76592 13.1513 9.15889
threshold=-1.5289708971977232 2.3912323713302617 2.6497015953063969 -1.0912860035896299 -0.53144311904907215 1.0727885961532595
decision_type=2 2 2 2 2 2
left_child=1 -1 -3 4 -2 -5
right_child=3 2 -4 5 -6 -7
leaf_value=-0.0026717339161410145 0.010025648130428376 0.012064063596949254 -0.00069719903414470835 0.0028798887845177296 -0.00014885957002567165 -0.0047729550518553748
leaf_weight=891.73387634754181 222.76432940363884 96.349745962768793 86.133216824382544 278.6942325681448 193.6266560703516 241.93317406252027
leaf_count=2754 599 265 235 711 559 684
internal_value=0.00038687 -0.001011 0.00627043 0.00203975 0.00536691 -0.000610382
internal_weight=2011.24 1074.22 182.483 937.018 416.391 520.627
internal_count=5807 3254 500 2553 1158 1395
is_linear=0
shrinkage=0.03


Tree=101
num_leaves=7
num_cat=0
split_feature=15 9 16 6 6 16
split_gain=7.3016 10.3799 14.9023 9.73833 9.20413 8.64959
threshold=-1.3383482098579405 -0.038333060219883912 -0.12945231050252912 -0.20897661894559857 0.34363782405853277 0.50711423158645641
decision_type=2 2 2 2 2 2
left_child=3 2 -2 -1 -5 -3
right_child=1 5 -4 4 -6 -7
leaf_value=0.0026663312157148272 -0.0070078536892089907 -0.0047259218555843118 0.0052693763090932008 -0.0065736586411378152 0.0034995265051263181 0.0020732284382467105
leaf_weight=181.25907754898071 83.318428598344326 374.16034063324332 565.0405164770782 460.76990346983075 76.818908542394638 263.98568135872483
leaf_count=514 235 1051 1594 1409 235 762
internal_value=-0.000533349 0.000784348 0.00343941 -0.0029302 -0.00495275 -0.00184458
internal_weight=2005.35 1286.5 648.359 718.848 537.589 638.146
internal_count=5800 3642 1829 2158 1644 1813
is_linear=0
shrinkage=0.03


Tree=102
num_leaves=7
num_cat=0
split_feature=8 4 4 17 12 18
split_gain=6.08559 5.94813 14.42 14.3439 5.75685 5.05256
threshold=0.39948360621929174 -0.14462909847497937 -0.082420360296964632 2.0350809097290044 0.48934628069400793 -0.075745046138763414
decision_type=2 2 2 2 2 2
left_child=1 3 -3 -1 -2 -6
right_child=4 2 -4 -5 5 -7
leaf_value=0.00092146774852146424 -0.010698432889190432 -0.0075285345131677573 0.00087795016730383708 0.013470341208130366 -0.0066762275763303019 0.0045965593494953806
leaf_weight=594.04485089331865 67.254011616110802 204.73785816505551 954.5462229847908 78.684116814285517 42.284097269177437 63.829536397010088
leaf_count=1653 211 689 2726 249 120 182
internal_value=4.68114e-05 0.000604093 -0.000658318 0.00282236 -0.0049852 0
internal_weight=2005.38 1832.01 1159.28 672.729 173.368 106.114
internal_count=5830 5317 3415 1902 513 302
is_linear=0
shrinkage=0.03


Tree=103
num_leaves=7
num_cat=0
split_feature=14 7 15 1 14 9
split_gain=5.76267 10.0866 6.83907 7.74466 6.56156 1.65746
threshold=3.0746992826461796 1.1863555908203127 -2.0540949106216426 0.37307685613632208 -0.32708719372749323 0.2630502730607987
decision_type=2 2 2 2 2 2
left_child=2 5 4 -4 -1 -2
right_child=1 -3 3 -5 -6 -7
leaf_value=0.0028475065748819256 0.011945997063698493 -0.0065133323463240651 0.00073912886544374838 -0.0058831978502515399 -0.0087352146809321334 0.00093906262230531628
leaf_weight=40.293104492127895 71.878461509943008 27.517826948314905 1527.5989681705832 156.984460093081 139.42845251783729 33.081365898251534
leaf_count=119 233 105 4332 482 451 95
internal_value=-7.95272e-05 0.00549541 -0.000561648 2.50152e-05 -0.00581288 0.00966252
internal_weight=1996.78 132.478 1864.3 1684.58 179.722 104.96
internal_count=5817 433 5384 4814 570 328
is_linear=0
shrinkage=0.03


Tree=104
num_leaves=7
num_cat=0
split_feature=6 3 7 15 7 7
split_gain=9.68761 12.889 14.0806 12.3733 8.94255 14.9356
threshold=-0.036518232896924012 -1.6140292882919309 0.63557079434394848 -1.0039319992065427 0.86940652132034313 -0.94037729501724232
decision_type=2 2 2 2 2 2
left_child=1 3 -3 -1 5 -2
right_child=4 2 -4 -5 -6 -7
leaf_value=0.0031772368303827109 0.0035856511340800015 0.0061591351339572139 -0.0021187720732956878 -0.011389220784177822 0.0023085853225079007 -0.0060434005331808198
leaf_weight=74.170509073883295 165.81584952026606 554.56052301079035 247.22545879334211 96.10849404335022 261.2058317437768 604.19255658239126
leaf_count=228 490 1498 710 297 808 1805
internal_value=-0.000191454 0.00190454 0.00354424 -0.00506195 -0.00222294 -0.00385562
internal_weight=2003.28 972.065 801.786 170.279 1031.21 770.008
internal_count=5836 2733 2208 525 3103 2295
is_linear=0
shrinkage=0.03


Tree=105
num_leaves=7
num_cat=0
split_feature=17 20 3 1 16 14
split_gain=7.43601 12.8208 13.3252 11.3152 10.8857 10.3157
threshold=-1.0078775882720945 1.0000000180025095e-35 -1.3178836703300474 0.14600157737731936 -0.17404771596193311 2.3998001813888554
decision_type=2 2 2 2 2 2
left_child=4 3 -3 -2 -1 -6
right_child=1 2 -4 -5 5 -7
leaf_value=0.005628106673043809 0.00070232730394395311 -0.0011905294942331354 0.0094535414276900858 -0.0055560538599946346 -0.010868400343870266 0.0027164412669857555
leaf_weight=52.140477769076824 975.66291446983814 159.07534968107939 234.09113799035549 327.61344196647406 171.18336582928896 50.331419158726931
leaf_count=146 2811 507 671 1024 469 143
internal_value=-0.000203007 0.000522469 0.00515256 -0.000885739 -0.00463398 -0.00756395
internal_weight=1970.1 1696.44 393.166 1303.28 273.655 221.515
internal_count=5771 5013 1178 3835 758 612
is_linear=0
shrinkage=0.03


Tree=106
num_leaves=7
num_cat=0
split_feature=18 3 13 13 3 3
split_gain=6.87942 11.2048 10.0082 9.97015 13.8943 12.6119
threshold=0.62562093138694774 0.74331486225128185 0.75337001681327831 -0.0095244660042226297 -1.654009938240051 -1.554100453853607
decision_type=2 2 2 2 2 2
left_child=3 2 -2 4 -1 -5
right_child=1 -3 -4 5 -6 -7
leaf_value=0.0052742382766523248 0.0079739611559315644 -0.010322025889376694 -0.0024357262402665996 -0.0058005459701080198 -0.0074414534160704635 0.0018543692895355388
leaf_weight=76.403187341988087 256.41217221319675 27.704405032098293 96.889169760048389 221.06579590961337 354.36593910679221 950.61313324049115
leaf_count=205 749 93 291 681 1066 2733
internal_value=-0.000224027 0.00325926 0.00498094 -0.00111918 -0.00491909 0.000286622
internal_weight=1983.45 381.006 353.301 1602.45 430.769 1171.68
internal_count=5818 1133 1040 4685 1271 3414
is_linear=0
shrinkage=0.03


Tree=107
num_leaves=7
num_cat=0
split_feature=7 7 10 6 18 8
split_gain=7.64724 9.51346 11.6954 9.78712 8.41504 2.98996
threshold=-1.5753201842308042 -0.90107953548431385 1.4416166543960574 -0.039125507697463029 0.50634205341339122 -0.10274448245763777
decision_type=2 2 2 2 2 2
left_child=4 2 -2 -3 5 -1
right_child=1 3 -4 -5 -6 -7
leaf_value=-0.0031080528202049981 -0.00055190834412751049 0.002282446536092836 0.013575346547720317 -0.0022939033723450748 0.0027424333254002071 -0.015611350210308612
leaf_weight=63.219347752630711 85.561104532331228 788.05016806721687 87.462328173220158 855.18854563683271 49.304982542991638 41.836926743388176
leaf_count=165 242 2260 231 2624 142 121
internal_value=4.18803e-05 0.000641146 0.00694516 -6.20877e-05 -0.00592989 -0.0102674
internal_weight=1970.62 1816.26 173.023 1643.24 154.361 105.056
internal_count=5785 5357 473 4884 428 286
is_linear=0
shrinkage=0.03


Tree=108
num_leaves=7
num_cat=0
split_feature=11 7 2 4 0 5
split_gain=8.28382 12.595 11.0703 8.80022 7.43396 8.68606
threshold=-0.31867340207099909 0.83039805293083202 0.10449715703725816 0.28043025732040411 -1.554948568344116 0.098255559802055373
decision_type=2 2 2 2 2 2
left_child=4 2 -2 -3 -1 -6
right_child=1 3 -4 -5 5 -7
leaf_value=-0.0051286937683190205 0.0020781472651049582 0.0097597731240036921 -0.0048296348147537083 -0.0024145114426226658 0.0048670710651795082 -0.0039735440418239695
leaf_weight=387.06306263804436 666.50723138451576 212.4403150677681 280.03803950920701 51.074222110211849 193.0698719471693 165.18798233568668
leaf_count=1306 1830 617 843 156 538 472
internal_value=8.5055e-05 0.00163776 0 0.00718466 -0.00233435 0.00063759
internal_weight=1955.38 1210.06 946.545 263.515 745.321 358.258
internal_count=5762 3446 2673 773 2316 1010
is_linear=0
shrinkage=0.03


Tree=109
num_leaves=7
num_cat=0
split_feature=9 9 14 5 16 11
split_gain=7.67434 13.2342 9.89436 7.93356 9.66481 9.20064
threshold=-0.0043503064662218085 -0.18486963957548139 2.3638392686843877 -0.097525507211685167 -0.14337833225727079 0.36439956724643713
decision_type=2 2 2 2 2 2
left_child=1 -1 -3 5 -5 -2
right_child=3 2 -4 4 -6 -7
leaf_value=-0.0014609085432253559 -0.00061697307336399103 0.0069793978612718056 -0.0017533164505806696 0.0058446556391218499 -0.0052383853032159479 0.010788819623936808
leaf_weight=497.48664915189147 248.96449444815516 470.9915342181921 130.88142687082291 60.103486686944962 502.00840188190341 61.286412917077541
leaf_count=1484 765 1292 445 158 1521 168
internal_value=0.000367028 0.00204249 0.00498861 -0.00167562 -0.00379017 0.00197135
internal_weight=1971.72 1099.36 601.873 872.363 562.112 310.251
internal_count=5833 3221 1737 2612 1679 933
is_linear=0
shrinkage=0.03


Tree=110
num_leaves=7
num_cat=0
split_feature=20 13 12 2 13 6
split_gain=9.38217 14.5183 8.83937 7.91498 13.5284 10.7381
threshold=1.0000000180025095e-35 0.53947466611862194 -0.1787663400173187 0.15218336135149005 0.31535945832729345 0.26866093277931219
decision_type=2 2 2 2 2 2
left_child=3 2 -2 4 -1 -5
right_child=1 -3 -4 5 -6 -7
leaf_value=-0.0037909591301201417 -0.0030106733051041418 -0.00232739806036858 0.00995220026268623 -0.0088661564447258985 0.0028226017187266148 0.00069133266177390392
leaf_weight=468.63865461945534 40.479849830269814 204.09809862077236 232.30325148999691 227.52165291830897 626.80462985113263 161.13946332782507
leaf_count=1360 118 664 662 708 1810 496
internal_value=-0.000145763 0.00339583 0.00774938 -0.00135368 0 -0.00491688
internal_weight=1960.99 476.881 272.783 1484.1 1095.44 388.661
internal_count=5818 1444 780 4374 3170 1204
is_linear=0
shrinkage=0.03


Tree=111
num_leaves=7
num_cat=0
split_feature=10 10 9 5 7 1
split_gain=7.53815 11.9723 10.3216 8.50814 6.12428 10.4001
threshold=1.5102304220199587 1.7716305851936343 -0.13484803587198255 0.47912679612636572 0.86940652132034313 -0.18442846089601514
decision_type=2 2 2 2 2 2
left_child=4 2 -2 -3 5 -1
right_child=1 3 -4 -5 -6 -7
leaf_value=0.0020827151421740388 -0.00099806210272531792 -0.0034833295211479025 0.008862903039361044 0.0063723707745955626 0.0022121327088019636 -0.0047820296292325204
leaf_weight=256.0497774630785 120.66683509945869 335.91806638240814 274.79175307974219 79.1966233253479 265.16681881994009 642.16381268948317
leaf_count=744 340 974 779 217 849 1943
internal_value=0 0.00217278 0.00580639 -0.00125866 -0.00155548 -0.00275704
internal_weight=1973.95 810.573 395.459 415.115 1163.38 898.214
internal_count=5846 2310 1119 1191 3536 2687
is_linear=0
shrinkage=0.03


Tree=112
num_leaves=7
num_cat=0
split_feature=11 3 13 9 11 19
split_gain=6.61765 9.97177 9.10865 8.20477 7.87753 6.66454
threshold=-0.44305787980556482 0.89527115225791942 0.94464978575706493 -0.095433436334133134 -1.0048314332962034 0.46790549159049993
decision_type=2 2 2 2 2 2
left_child=1 -1 5 -4 -3 -2
right_child=2 4 3 -5 -6 -7
leaf_value=-0.0040197583223763956 -0.0047179704208842937 0.01131848815954572 0.0024421919638698826 -0.0090258903486188976 -0.002988814642678984 0.0031232690337674803
leaf_weight=523.94858940504491 83.750248730182648 58.929548539221287 74.566718950867653 111.63291917741299 40.544192962348461 1069.4758806191385
leaf_count=1646 236 164 232 358 137 3064
internal_value=0.000182539 -0.00229108 0.00139477 -0.0043509 0.00546068 0.00243196
internal_weight=1962.85 623.422 1339.43 186.2 99.4737 1153.23
internal_count=5837 1947 3890 590 301 3300
is_linear=0
shrinkage=0.03


Tree=113
num_leaves=7
num_cat=0
split_feature=13 13 4 0 8 3
split_gain=4.69766 5.52286 7.6059 5.0171 5.89894 4.07236
threshold=1.0932490825653078 1.0080209374427798 0.68198251724243175 -1.2268844842910764 -0.32836520671844477 -1.1907866001129148
decision_type=2 2 2 2 2 2
left_child=1 2 -1 4 -2 -3
right_child=3 5 -4 -5 -6 -7
leaf_value=0.00027968149464647281 -0.011767411755576246 -0.00050746442385873035 -0.0068218821087101889 0.002497039393315705 0.0019286523293696185 0.010926587700671321
leaf_weight=1606.5050507523119 79.259963665157557 28.042122591286898 127.29781416803598 33.91473776102066 22.994688481092453 51.175595819950104
leaf_count=4740 284 90 362 103 74 156
internal_value=-0.000318457 7.82216e-05 -0.000279361 -0.00531784 -0.00838505 0.00698793
internal_weight=1949.19 1813.02 1733.8 136.169 102.255 79.2177
internal_count=5809 5348 5102 461 358 246
is_linear=0
shrinkage=0.03


Tree=114
num_leaves=7
num_cat=0
split_feature=11 7 7 13 16 1
split_gain=6.60813 9.31593 10.5263 9.19251 7.99873 9.63156
threshold=-0.3873732835054397 0.82069543004035961 0.53794690966606151 0.86777666211128246 -0.23653619736433026 -0.17358899116516111
decision_type=2 2 2 2 2 2
left_child=4 2 -2 -3 -1 -6
right_child=1 3 -4 -5 5 -7
leaf_value=0.0043882429489790894 0.001375031937646894 0.0087719061983393409 -0.0064206520962339199 -0.0021734818682886711 0.0020556543195559438 -0.0061890615910825718
leaf_weight=108.71722708642483 809.35108294337988 221.4935931712389 171.79141628742218 76.219123564660549 157.47587959095836 403.30078894272447
leaf_count=324 2285 613 517 253 488 1285
internal_value=6.50412e-05 0.00135364 -3.10063e-05 0.00582044 -0.00227727 -0.00377943
internal_weight=1948.35 1278.86 981.142 297.713 669.494 560.777
internal_count=5765 3668 2802 866 2097 1773
is_linear=0
shrinkage=0.03


Tree=115
num_leaves=7
num_cat=0
split_feature=15 15 10 19 16 7
split_gain=8.18441 9.17814 5.73133 14.4574 8.74416 3.86458
threshold=-2.1401861906051631 -2.3590332269668575 1.0457418560981753 1.0526441335678103 0.89520812034606945 0.32971407473087316
decision_type=2 2 2 2 2 2
left_child=1 -1 3 -2 -4 -3
right_child=2 5 4 -5 -6 -7
leaf_value=0.0038964252216084588 0.0024845620290709172 -0.016563465316760614 0.000719628785291462 -0.007354441217792846 0.0089843058451749731 -0.0028275944893275742
leaf_weight=35.947523519396782 261.71760069206357 42.347408533096313 1191.1756475307047 230.88764844834805 111.56955272704363 59.233230575919151
leaf_count=120 794 152 3433 743 333 197
internal_value=-5.25834e-06 -0.00659395 0.000533486 -0.00211702 0.00159793 -0.0108301
internal_weight=1932.88 137.528 1795.35 492.605 1302.75 101.581
internal_count=5772 469 5303 1537 3766 349
is_linear=0
shrinkage=0.03


Tree=116
num_leaves=7
num_cat=0
split_feature=1 7 7 0 11 14
split_gain=5.95043 7.25991 6.02931 5.51849 12.9527 8.98934
threshold=0.42789354920387274 0.78659498691558849 -0.76554378867149342 -2.3127735853195186 -1.0048314332962034 0.04479986988008023
decision_type=2 2 2 2 2 2
left_child=3 2 -2 4 -1 -5
right_child=1 -3 -4 5 -6 -7
leaf_value=-0.0094682331477275641 0 0.0030027855696115381 -0.01405908752501597 0.002589379135268743 0.0065810950958759594 -0.0020698575325335503
leaf_weight=32.827514551579952 31.120016261935234 41.524831429123878 61.610377267003059 608.64032596722245 268.78273117914796 890.52108934149146
leaf_count=112 100 128 209 1704 825 2719
internal_value=8.67998e-05 -0.00553477 -0.0097446 0.000595057 0.00416754 -0.000129585
internal_weight=1935.03 134.255 92.7304 1800.77 301.61 1499.16
internal_count=5797 437 309 5360 937 4423
is_linear=0
shrinkage=0.03


Tree=117
num_leaves=7
num_cat=0
split_feature=18 8 7 0 3 15
split_gain=7.39422 16.5351 11.6678 16.9302 9.9928 7.94676
threshold=-0.13616479188203809 -1.2434642314910886 1.325504004955292 -0.87217170000076283 0.51382511854171764 0.34658470749855047
decision_type=2 2 2 2 2 2
left_child=1 -1 5 -4 -3 -2
right_child=2 4 3 -5 -6 -7
leaf_value=0.01060682928019302 0.00041007088794086738 -0.00156361386649168 -0.017583247057889589 0.004456298682328194 0.0086541589025738806 -0.0084239778738569079
leaf_weight=151.88823984563351 1020.5391915105283 522.59831995517015 66.635972287505865 32.939290761947632 82.369785375893116 79.90381670743227
leaf_count=454 3058 1519 218 100 252 236
internal_value=8.01155e-05 0.00239517 -0.00134614 -0.0102649 0 -0.000316743
internal_weight=1956.87 756.856 1200.02 99.5753 604.968 1100.44
internal_count=5837 2225 3612 318 1771 3294
is_linear=0
shrinkage=0.03


Tree=118
num_leaves=7
num_cat=0
split_feature=6 3 16 8 16 8
split_gain=8.94448 9.5282 7.87679 7.82467 9.34468 5.45668
threshold=-0.34139667451381678 -1.1278003454208372 0.016574679873883728 0.54710131883621227 0.3670987486839295 -0.17301847785711286
decision_type=2 2 2 2 2 2
left_child=1 5 -3 4 -2 -1
right_child=3 2 -4 -5 -6 -7
leaf_value=-0.0073903385494074759 0.0028139167634319748 -0.00063434622954899162 0.012335652623419594 -0.0086406186372101103 -0.002021972765515156 0.0051195192054743236
leaf_weight=56.906840816140175 513.79915147647262 45.350116111338139 121.21517369896173 92.986163735389709 1063.9765458740294 29.927949778735638
leaf_count=176 1503 125 341 317 3242 84
internal_value=-0.0001431 0.0048565 0.00879331 -0.00098534 -0.000394113 -0.0023659
internal_weight=1924.16 253.4 166.565 1670.76 1577.78 86.8348
internal_count=5788 726 466 5062 4745 260
is_linear=0
shrinkage=0.03


Tree=119
num_leaves=7
num_cat=0
split_feature=13 17 9 18 18 0
split_gain=6.49304 10.5698 8.92909 6.99249 12.2922 11.3404
threshold=0.74724298715591442 -0.98248243331909169 -0.0043503064662218085 0.62562093138694774 0.42821951210498815 -1.9247650504112241
decision_type=2 2 2 2 2 2
left_child=3 -2 -3 4 -1 -5
right_child=1 2 -4 5 -6 -7
leaf_value=0.0018017328597530002 -0.011303588019862875 0.0027426532748253104 -0.0054206332476383831 -0.002640950462627537 -0.0061143833164282874 0.0095582833147431906
leaf_weight=922.90965431556106 79.265707515180111 286.79396493732929 176.89071685820818 82.968902338296175 196.38338217511773 182.23687862604856
leaf_count=2691 240 891 578 266 590 518
internal_value=0.000292188 -0.00239435 -0.000342874 0.00140756 0.000277207 0.00561385
internal_weight=1927.45 542.95 463.685 1384.5 1119.29 265.206
internal_count=5774 1709 1469 4065 3281 784
is_linear=0
shrinkage=0.03


Tree=120
num_leaves=7
num_cat=0
split_feature=1 11 3 7 3 11
split_gain=4.26271 5.19982 9.31067 6.84161 4.81581 3.19367
threshold=0.42789354920387274 0.43268646299839025 -1.1609007120132444 -0.72151687741279591 -0.85974693298339833 0.092393778264522566
decision_type=2 2 2 2 2 2
left_child=1 2 -1 -3 5 -2
right_child=4 3 -4 -5 -6 -7
leaf_value=-0.0044064916910925523 0.006544033607390207 0.0091940690611455114 0.00093175899062184799 0.00049960908207379116 -0.0093480251857180272 -0.0039159612162850427
leaf_weight=389.23697884753346 28.084799252450466 103.57914870977402 997.30570761114359 296.29573618620634 71.923297639936209 34.498077265918255
leaf_count=1209 83 270 3021 870 259 99
internal_value=-0.000102653 0.000276129 -0.000565511 0.00322529 -0.00490624 0.000499573
internal_weight=1920.92 1786.42 1386.54 399.875 134.506 62.5829
internal_count=5811 5370 4230 1140 441 182
is_linear=0
shrinkage=0.03


Tree=121
num_leaves=7
num_cat=0
split_feature=2 4 9 5 5 5
split_gain=6.01966 8.93901 11.154 7.65185 6.93787 9.37991
threshold=-0.030023142695426937 -0.14959245175123212 -0.40015794336795801 -0.085295323282480226 -0.41421593725681299 0.25697541236877447
decision_type=2 2 2 2 2 2
left_child=1 2 -1 -3 -2 -6
right_child=4 3 -4 -5 5 -7
leaf_value=-0.0062993679374412723 0.0062986852081512766 0.0041674688100326873 0.0073412142245207731 -0.0028780147903495856 -0.0043612476081599117 0.0018571388280996103
leaf_weight=43.099170297384262 73.483999188989401 190.26393206417561 334.83203491941094 379.98766075447202 597.33103949576616 307.53163569420576
leaf_count=122 227 550 959 1152 1885 923
internal_value=0.000224644 0.00193405 0.00539644 -0.000364085 -0.00137751 -0.0021885
internal_weight=1926.53 948.183 377.931 570.252 978.347 904.863
internal_count=5818 2783 1081 1702 3035 2808
is_linear=0
shrinkage=0.03


Tree=122
num_leaves=7
num_cat=0
split_feature=8 6 13 14 16 18
split_gain=4.48467 7.47679 8.37999 8.35706 7.18704 3.85914
threshold=0.51817613840103161 0.37355802953243261 0.83955180644989025 0.04479986988008023 0.38411827385425573 -0.067542586475610719
decision_type=2 2 2 2 2 2
left_child=1 3 -3 -1 -2 -6
right_child=4 2 -4 -5 5 -7
leaf_value=0.0020317712972017254 -0.011607909369915667 0.0091449892846048667 -0.0049229417102009346 -0.0023369657944686587 -0.0052541969027059951 0.0060133305222610008
leaf_weight=611.56320723518729 60.162997260689735 127.85255387425423 31.00428506359458 1002.4774040691555 26.863348059356213 41.550009980797768
leaf_count=1747 200 372 110 3153 82 129
internal_value=-0.000422549 0 0.0058204 -0.000640316 -0.00542908 0.000722643
internal_weight=1901.47 1772.9 158.857 1614.04 128.576 68.4134
internal_count=5793 5382 482 4900 411 211
is_linear=0
shrinkage=0.03


Tree=123
num_leaves=7
num_cat=0
split_feature=1 18 4 4 16 10
split_gain=5.09414 8.20264 7.83752 7.20615 7.0886 6.12926
threshold=-0.22681242227554319 0.17409265786409381 0.74716976284980785 0.57885959744453441 0.59892237186431896 1.0041797161102297
decision_type=2 2 2 2 2 2
left_child=1 -1 3 -2 -4 -3
right_child=2 5 4 -5 -6 -7
leaf_value=-0.0008708698693922249 -0.00054254727307710812 -0.00017728476654242106 -0.01398878122921513 0.0082676208935805254 0.0010483628703110079 0.010023535535331935
leaf_weight=210.39710708707571 1357.8703708201647 60.026798509061337 51.019998334348202 68.948490150272846 31.182216241955757 147.87167704105377
leaf_count=611 4146 182 164 212 84 431
internal_value=0.000203275 0.00307517 -0.000583375 0 -0.00860868 0.00705788
internal_weight=1927.32 418.296 1509.02 1426.82 82.2022 207.898
internal_count=5830 1224 4606 4358 248 613
is_linear=0
shrinkage=0.03


Tree=124
num_leaves=7
num_cat=0
split_feature=5 13 2 7 11 5
split_gain=7.35819 9.4023 5.17246 5.1557 10.6017 5.03154
threshold=0.58852687478065502 1.0344031453132632 -0.064663037657737718 0.85778352618217479 -0.62657976150512684 -0.085295323282480226
decision_type=2 2 2 2 2 2
left_child=3 2 -2 5 -5 -1
right_child=1 -3 -4 4 -6 -7
leaf_value=0.0015728656367936589 0 -0.0041881318729789742 0.016183790201728394 -0.0048048740997086014 0.0055009698804806507 -0.0022187352013418749
leaf_weight=431.87471159920096 32.642015352845192 29.964441604912281 53.217873811721802 99.929057344794273 312.68515669554472 947.82280611619353
leaf_count=1293 88 109 147 358 949 2844
internal_value=0.000408606 0.00714603 0.0117123 -6.77352e-05 0.00275961 -0.000983501
internal_weight=1908.14 115.824 85.8599 1792.31 412.614 1379.7
internal_count=5788 344 235 5444 1307 4137
is_linear=0
shrinkage=0.03


Tree=125
num_leaves=5
num_cat=0
split_feature=7 6 3 12
split_gain=6.89369 7.02302 10.9363 5.83635
threshold=-2.9322805404663081 -0.37226957082748408 -1.1278003454208372 0.66337233781814586
decision_type=2 2 2 2
left_child=-1 2 -2 -3
right_child=1 3 -4 -5
leaf_value=-0.010947386422097674 -0.0031433474750325987 -0.00233178467753255 0.010234590626381606 0.0011909058161357143
leaf_weight=30.032721854746342 66.969604060053825 714.5172053463757 126.79279279708862 963.80028682202101
leaf_count=91 212 2238 353 2922
internal_value=1.04772e-05 0.000331839 0.00546863 -0.000283294
internal_weight=1902.11 1872.08 193.762 1678.32
internal_count=5816 5725 565 5160
is_linear=0
shrinkage=0.03


Tree=126
num_leaves=7
num_cat=0
split_feature=4 15 18 9 4 2
split_gain=5.6797 8.42684 17.5307 11.6845 7.98958 6.49995
threshold=-0.13936547935009 -1.3489347696304319 -0.55580955743789662 -0.027820569463074204 -0.10968776047229765 0.57349002361297619
decision_type=2 2 2 2 2 2
left_child=1 2 -1 -3 -2 -6
right_child=4 3 -4 -5 5 -7
leaf_value=0.0087575191982232955 -0.008748254136641001 0.007141520545197423 -0.0068941560254801582 -0.0037675935552517687 0 -0.0089481160355944465
leaf_weight=71.412303991615772 103.79255810007453 327.65740197151899 190.47738490998745 96.390404649078846 1042.2677490822971 58.058084078133106
leaf_count=220 370 938 617 295 3130 198
internal_value=-0.000219193 0.00188936 -0.00209486 0.00446864 -0.00148061 -0.000597571
internal_weight=1890.06 685.937 261.89 424.048 1204.12 1100.33
internal_count=5768 2070 837 1233 3698 3328
is_linear=0
shrinkage=0.03


Tree=127
num_leaves=7
num_cat=0
split_feature=15 15 7 3 7 3
split_gain=4.95454 6.3568 8.31246 8.24268 3.89172 3.10505
threshold=-2.1401861906051631 -0.49620570242404932 1.2469881772994997 -0.29010041058063502 0.34130880236625677 -0.013685419689863918
decision_type=2 2 2 2 2 2
left_child=4 2 -2 -3 5 -1
right_child=1 3 -4 -5 -6 -7
leaf_value=-0.013598521746347804 0.0024719958245467298 -0.0045416919364407076 -0.0044008723942606772 0.0036869801073865886 0 0
leaf_weight=37.995458707213402 1056.7425951585174 400.28098324686289 161.83374538272619 123.53693443909287 79.872197408229113 23.481828525662422
leaf_count=135 3169 1199 529 378 259 81
internal_value=-0.00019083 0.000239394 0.00145447 -0.00242649 -0.00523831 -0.00986546
internal_weight=1883.74 1742.39 1218.58 523.818 141.349 61.4773
internal_count=5750 5275 3698 1577 475 216
is_linear=0
shrinkage=0.03


Tree=128
num_leaves=7
num_cat=0
split_feature=9 17 4 18 9 14
split_gain=4.5377 9.85242 9.38577 8.23885 14.0734 7.79001
threshold=-0.18486963957548139 2.094953298568726 -0.1374947056174278 0.26580278575420385 -0.10791894420981406 -0.37741500139236445
decision_type=2 2 2 2 2 2
left_child=1 -1 -3 5 -5 -2
right_child=3 2 -4 4 -6 -7
leaf_value=-0.0045763228691341837 -0.0051225421390847714 0.014060488646214042 -0.0044696576140208629 0.0065767526814707452 -0.0042861088680457102 0.0035579924273541584
leaf_weight=416.3152970187366 83.257589712738991 36.737526129931211 23.821254543960094 113.18574630469084 498.47254665941 727.2834064476192
leaf_count=1271 261 126 88 328 1565 2194
internal_value=-0.000318508 -0.00280721 0.00672666 0.000501725 -0.00203639 0.00249222
internal_weight=1899.07 476.874 60.5588 1422.2 611.658 810.541
internal_count=5833 1485 214 4348 1893 2455
is_linear=0
shrinkage=0.03


Tree=129
num_leaves=7
num_cat=0
split_feature=17 0 2 9 0 16
split_gain=7.11034 14.9458 9.19988 9.15144 8.68138 6.95789
threshold=1.7032275199890139 -1.5289708971977232 -0.16460460424423215 0.2630502730607987 -2.47977602481842 0.77025941014289867
decision_type=2 2 2 2 2 2
left_child=4 2 -2 -3 5 -1
right_child=1 3 -4 -5 -6 -7
leaf_value=0.0094561610607767858 -0.010040788062940691 0.013063893260874511 0.0023764431002434795 -0.0025112265099738428 -0.0013070730181175751 -0.0040064544171689379
leaf_weight=107.03235471248627 55.014133758842945 139.99899891018867 160.03457285091281 28.159147366881371 1379.9233781471848 27.424493432044983
leaf_count=308 199 409 541 86 4177 90
internal_value=0.000367829 0.00392829 -0.00112895 0.0101472 -0.000533484 0.00615858
internal_weight=1897.59 383.207 215.049 168.158 1514.38 134.457
internal_count=5810 1235 740 495 4575 398
is_linear=0
shrinkage=0.03


Tree=130
num_leaves=7
num_cat=0
split_feature=7 13 7 10 17 5
split_gain=5.48535 17.6096 8.90326 9.21933 5.40511 3.41419
threshold=-1.5753201842308042 0.38761341571807867 -0.83638381958007801 1.0975877046585085 1.6845899820327761 -0.24179568141698835
decision_type=2 2 2 2 2 2
left_child=1 5 3 -2 -4 -1
right_child=2 -3 4 -5 -6 -7
leaf_value=-0.00057136093512627083 -0.0033762980648311936 -0.013832727587585773 -0.0012471905715222161 0.0098064230474486334 0.0029256696258198778 0.0095201944820076032
leaf_weight=42.894919261336327 47.323211289942265 77.307057112455368 1186.9374185204506 145.25741859897971 340.50909593701363 32.637508191168308
leaf_count=128 145 227 3642 399 1109 95
internal_value=0 -0.00509628 0.000507308 0.00627188 -0.000252384 0.00424132
internal_weight=1872.87 152.839 1720.03 192.581 1527.45 75.5324
internal_count=5745 450 5295 544 4751 223
is_linear=0
shrinkage=0.03


Tree=131
num_leaves=7
num_cat=0
split_feature=11 13 18 4 8 6
split_gain=5.55013 8.88291 8.49954 7.60406 7.4575 13.508
threshold=-0.3873732835054397 0.90221458673477184 -1.1015661954879759 0.20806352049112323 -0.27997936308383936 0.067191857844591155
decision_type=2 2 2 2 2 2
left_child=1 2 -1 -3 -2 -6
right_child=4 3 -4 -5 5 -7
leaf_value=0.0034870952753994025 0.0025727217690014095 0.010142515771100036 -0.0057624486186830873 -0.0028766551596423476 0.0022289425530742785 -0.0091988659033375789
leaf_weight=88.532188393175602 901.50642636418343 66.850088153034449 432.53871477022767 52.499806061387062 201.03758288919926 136.8630344979465
leaf_count=287 2682 224 1394 176 593 435
internal_value=-8.65861e-06 -0.00226666 -0.00400921 0.00439413 0.00112791 -0.00248751
internal_weight=1879.83 640.421 521.071 119.35 1239.41 337.901
internal_count=5791 2081 1681 400 3710 1028
is_linear=0
shrinkage=0.03


Tree=132
num_leaves=5
num_cat=0
split_feature=1 4 17 7
split_gain=6.94692 5.12771 14.3854 6.87907
threshold=-0.62405905127525318 0.68198251724243175 -0.16149347275495526 -0.26131509244441981
decision_type=2 2 2 2
left_child=-1 3 -3 -2
right_child=1 2 -4 -5
leaf_value=-0.0090694508922142449 0.0038086201196370797 -0.012527349046752789 0.0046194039233010062 -0.00015730665474123054
leaf_weight=48.319167420268059 558.31188073009253 71.328505389392376 63.292715787887573 1145.7201442494988
leaf_count=140 1623 207 196 3650
internal_value=0.000272807 0.00064555 -0.00452293 0.0011364
internal_weight=1886.97 1838.65 134.621 1704.03
internal_count=5816 5676 403 5273
is_linear=0
shrinkage=0.03


Tree=133
num_leaves=7
num_cat=0
split_feature=12 8 3 18 17 18
split_gain=4.2672 10.3266 12.3323 11.8685 8.94635 6.98496
threshold=0.61156594753265392 -0.90380644798278797 -0.6405804157257079 -0.12719629704952237 0.63128581643104564 0.21875070780515674
decision_type=2 2 2 2 2 2
left_child=4 3 -3 -2 -1 -6
right_child=1 2 -4 -5 5 -7
leaf_value=0.001360248506639109 0.003386008900432249 0.0062995982968189297 -0.0018248234929074806 -0.0067558544869751169 -0.0083253160354038458 0
leaf_weight=425.05264230817556 157.47701853513718 467.60110659897327 230.57306028902531 220.73251183703542 200.23066094890237 162.82753829285502
leaf_count=1278 465 1399 740 711 663 530
internal_value=0.000148546 0.00139461 0.00355685 -0.00242439 -0.00147144 -0.00484123
internal_weight=1864.49 1076.38 698.174 378.21 788.111 363.058
internal_count=5786 3315 2139 1176 2471 1193
is_linear=0
shrinkage=0.03


Tree=134
num_leaves=7
num_cat=0
split_feature=11 17 17 18 0 1
split_gain=4.74231 5.68151 9.88151 7.65696 5.32436 6.5938
threshold=-0.50914910435676564 -0.27792024612426752 1.5185861587524416 0.41180203855037695 -1.2097009420394895 -0.19070166349411008
decision_type=2 2 2 2 2 2
left_child=4 3 -3 -2 5 -1
right_child=1 2 -4 -5 -6 -7
leaf_value=0.0013799068011087871 0.0072355657628021992 -0.002164429584762997 0.0039930138061355456 -0.0018882675226674442 0.0017886055133425084 -0.0067448532703376354
leaf_weight=106.456757619977 223.01340936869383 708.48042361810803 324.89756732061505 101.46125587821007 161.1539299711585 265.85843081027269
leaf_count=344 644 2129 1018 302 487 897
internal_value=0 0.000921306 -0.000132492 0.00426443 -0.0023661 -0.00431687
internal_weight=1891.32 1357.85 1033.38 324.475 533.469 372.315
internal_count=5821 4093 3147 946 1728 1241
is_linear=0
shrinkage=0.03


Tree=135
num_leaves=7
num_cat=0
split_feature=13 20 7 3 7 12
split_gain=5.1855 12.1722 9.72086 8.72825 9.94629 7.91846
threshold=0.47504703700542456 1.0000000180025095e-35 -0.90107953548431385 -1.4735832214355467 -1.4806694388389585 1.1094167828559878
decision_type=2 2 2 2 2 2
left_child=1 2 -1 5 -5 -2
right_child=3 -3 -4 4 -6 -7
leaf_value=0.0063489513305591419 -0.014999281563275386 0.0066493652371002387 -0.0024633417638225525 -0.010098613836833865 0.00084046008029777506 -0.0022182010269121127
leaf_weight=114.3201280683279 61.8956841789186 232.55190690606833 634.19633874669671 64.420294649899006 607.94095616415143 143.17571356147528
leaf_count=334 216 687 1968 193 1894 472
internal_value=-0.000529416 0.00091961 -0.000909177 -0.00220084 -0.000382414 -0.00733249
internal_weight=1858.5 981.068 748.516 877.433 672.361 205.071
internal_count=5764 2989 2302 2775 2087 688
is_linear=0
shrinkage=0.03


Tree=136
num_leaves=7
num_cat=0
split_feature=15 15 15 18 18 7
split_gain=4.63947 6.50656 4.96065 10.5829 6.41327 1.64068
threshold=-2.1401861906051631 -2.3441717624664302 -0.45802122354507441 -0.47920975089073176 -0.11561292037367819 0.78659498691558849
decision_type=2 2 2 2 2 2
left_child=1 -1 4 -4 -2 -3
right_child=2 5 3 -5 -6 -7
leaf_value=0.0033144630102622768 0.004128863729964953 -0.010661574942798461 -0.0079986265119829404 0.00094960792992039903 -0.00011756072751351222 -3.7601795060153762e-05
leaf_weight=40.954732578247786 498.46301027387381 71.001386299729347 153.31318894028664 339.95395659282804 766.09544590115547 29.117857687175274
leaf_count=137 1519 244 459 1048 2378 103
internal_value=5.92861e-05 -0.00478062 0.000530871 -0.00191801 0.00154781 -0.008592
internal_weight=1898.9 141.074 1757.83 493.267 1264.56 100.119
internal_count=5888 484 5404 1507 3897 347
is_linear=0
shrinkage=0.03


Tree=137
num_leaves=7
num_cat=0
split_feature=5 14 16 4 6 14
split_gain=4.2891 10.1287 11.5588 9.56249 6.48181 7.68103
threshold=0.25697541236877447 1.3175624012947085 0.70546352863311779 0.025988242588937286 -0.29582265019416804 -0.9390071928501128
decision_type=2 2 2 2 2 2
left_child=4 2 -2 -3 -1 -6
right_child=1 3 -4 -5 5 -7
leaf_value=0.0035250219263543614 0.00054006721185204869 0.0014472708952381031 0.011846805840014905 -0.010786592862447814 0.0096557814290765109 -0.0024883472512190596
leaf_weight=211.42261590622365 217.14244176819921 145.12408390641212 125.31254371255636 65.45155792683363 27.841622591018677 1053.0475916899741
leaf_count=632 634 484 348 220 86 3379
internal_value=0 0.00214092 0.00526841 -0.00270086 -0.000969584 -0.0019513
internal_weight=1845.34 553.031 342.455 210.576 1292.31 1080.89
internal_count=5783 1686 982 704 4097 3465
is_linear=0
shrinkage=0.03


Tree=138
num_leaves=7
num_cat=0
split_feature=1 3 15 14 4 17
split_gain=7.87828 4.80464 4.72053 6.33753 5.95153 2.76543
threshold=0.37307685613632208 -0.94651135802268971 -2.0389013290405269 -0.32708719372749323 -0.13936547935009 1.2074894905090334
decision_type=2 2 2 2 2 2
left_child=2 -2 3 -1 -4 -3
right_child=1 5 4 -5 -6 -7
leaf_value=0.0052136397625841858 0.00013247189575167604 -0.011717786388070597 0.0038667913205068815 -0.0063309885660282374 0 -5.8728251449613082e-05
leaf_weight=35.884745791554451 68.663570966571569 71.560783814638853 567.25891777873039 140.71413629502058 945.8463026676327 36.470441870391369
leaf_count=111 211 259 1719 500 2911 121
internal_value=0.000233615 -0.00541174 0.000915452 -0.0033882 0.00149453 -0.00887445
internal_weight=1866.4 176.695 1689.7 176.599 1513.11 108.031
internal_count=5832 591 5241 611 4630 380
is_linear=0
shrinkage=0.03


Tree=139
num_leaves=7
num_cat=0
split_feature=9 5 16 16 9 9
split_gain=5.21995 8.33458 14.1748 6.62857 6.16142 5.80052
threshold=0.17135955393314364 0.037133555859327323 0.72873991727828991 -0.14337833225727079 0.12034588307142259 0.035680381581187255
decision_type=2 2 2 2 2 2
left_child=4 2 -2 -3 5 -1
right_child=1 3 -4 -5 -6 -7
leaf_value=0.00051628978330215585 -0.0025909278994515135 0.003182036185668315 0.015415355089338407 -0.009815736836571538 0.0073225713317736996 -0.005082248284137638
leaf_weight=1150.4295785911381 223.11663938313723 25.422518372535706 26.833300597965717 169.58369654417038 83.968386799097061 172.916892811656
leaf_count=3541 721 78 77 549 272 564
internal_value=-0.00059776 -0.00336443 0.000118742 -0.00770381 0.000269839 -0.000235361
internal_weight=1852.27 444.956 249.95 195.006 1407.31 1323.35
internal_count=5802 1425 798 627 4377 4105
is_linear=0
shrinkage=0.03


Tree=140
num_leaves=5
num_cat=0
split_feature=7 13 7 8
split_gain=6.54673 5.70396 6.76522 6.27739
threshold=-2.7008329629898067 1.2090193629264834 -0.21016024053096768 0.5643591880798341
decision_type=2 2 2 2
left_child=-1 3 -3 -2
right_child=1 2 -4 -5
leaf_value=-0.0096870452831964351 0.0014071505542795546 0.0034507476941628827 -0.011681890884624553 -0.0058064891036862026
leaf_weight=38.332310110330582 1632.9013662021607 22.875973753631115 51.121008533984423 94.130878761410713
leaf_count=117 5058 76 183 316
internal_value=0.000158786 0.000505378 -0.00662653 0.00091766
internal_weight=1839.36 1801.03 73.997 1727.03
internal_count=5750 5633 259 5374
is_linear=0
shrinkage=0.03


Tree=141
num_leaves=6
num_cat=0
split_feature=2 10 16 9 9
split_gain=5.081 3.81119 8.44526 6.6035 3.20289
threshold=0.54005712270736705 1.8474813699722292 0.73803293704986583 -0.18486963957548139 0.22152005881071093
decision_type=2 2 2 2 2
left_child=1 3 -3 -1 -2
right_child=4 2 -4 -5 -6
leaf_value=-0.0014694680535355829 0 -0.0051433426921361942 0.0062732615568174208 0.0027601880638769565 -0.010251232961581364
leaf_weight=439.26819049194455 33.337418954819441 207.4677298348397 56.093100003898144 1087.2781058214605 41.864293180406094
leaf_count=1384 120 620 173 3386 148
internal_value=0.000520809 0.000899849 -0.00223089 0.00150103 -0.00616519
internal_weight=1865.31 1790.11 263.561 1526.55 75.2017
internal_count=5831 5563 793 4770 268
is_linear=0
shrinkage=0.03


Tree=142
num_leaves=7
num_cat=0
split_feature=14 10 10 12 0 7
split_gain=6.46482 11.8268 11.273 15.9054 10.5729 8.01377
threshold=0.034298738464713104 0.65947207808494579 1.0513346791267397 1.2455085515975954 -1.554948568344116 0.44791868329048162
decision_type=2 2 2 2 2 2
left_child=2 5 4 -4 -1 -2
right_child=1 -3 3 -5 -6 -7
leaf_value=-0.0086479161472818918 0 -0.0017850797784001631 -0.0002161050260111618 0.010794969081304676 0.0025700810821294145 0.016935920471579716
leaf_weight=103.67551751434803 44.844193942844868 1068.1243423204869 204.02570335566998 228.07834808900952 166.66943430528045 33.130479492247105
leaf_count=341 149 3432 628 641 490 111
internal_value=0.000494619 -0.000853774 0.00274041 0.00568361 -0.00182466 0.00905136
internal_weight=1848.55 1146.1 702.449 432.104 270.345 77.9747
internal_count=5792 3692 2100 1269 831 260
is_linear=0
shrinkage=0.03


Tree=143
num_leaves=7
num_cat=0
split_feature=10 14 11 14 18 0
split_gain=5.85432 8.91321 8.02868 5.77119 5.75265 4.88821
threshold=0.59655797481536876 -0.19761612266302106 0.39348258078098303 -0.86346745491027821 -3.0296292304992671 -1.644975423812866
decision_type=2 2 2 2 2 2
left_child=1 3 4 -1 -2 -4
right_child=2 -3 5 -5 -6 -7
leaf_value=0.0056804814425360419 0.0041696258043102735 0.011044857218838447 0.0052086791318992319 -0.0069710388735418462 -0.0031238706305739762 -0.00096894964026407611
leaf_weight=33.6534383893013 81.939719285815954 70.613527461886406 207.95182208716869 56.601942017674446 1190.0798009056598 196.01202927529812
leaf_count=101 239 216 620 184 3839 600
internal_value=-0.00079999 0.00426605 -0.0013662 -0.00153478 -0.00255033 0.00216533
internal_weight=1836.85 160.869 1675.98 90.2554 1272.02 403.964
internal_count=5799 501 5298 285 4078 1220
is_linear=0
shrinkage=0.03


Tree=144
num_leaves=7
num_cat=0
split_feature=10 10 17 15 13 8
split_gain=5.19304 5.94092 11.4044 7.26493 4.7295 7.90333
threshold=0.58639234304428112 1.0457418560981753 0.027300927788019184 -0.50723928213119496 0.29868353903293615 -0.68513387441635121
decision_type=2 2 2 2 2 2
left_child=4 2 -2 -3 5 -1
right_child=1 3 -4 -5 -6 -7
leaf_value=0.0083859530850529523 0.0054494836034496372 0.0020748561626786391 -0.006249840634671446 -0.0028131800560620731 0.0097274162098417681 -0.0073967472331470489
leaf_weight=32.197880387306213 76.47865341603756 958.75169359147549 292.33641592971981 353.85807575285435 74.577491827309132 42.915537886321545
leaf_count=100 232 2986 1011 1089 244 129
internal_value=0.000240449 -0.000227606 -0.00351399 0.000689653 0.0052587 0
internal_weight=1831.12 1681.42 368.815 1312.61 149.691 75.1134
internal_count=5791 5318 1243 4075 473 229
is_linear=0
shrinkage=0.03


Tree=145
num_leaves=7
num_cat=0
split_feature=0 17 8 8 16 5
split_gain=5.95368 17.6748 7.77864 7.60608 11.1892 6.67304
threshold=-1.5289708971977232 1.5185861587524416 0.21262559294700625 -0.12205997854471205 0.66645208001136791 0.23231013119220736
decision_type=2 2 2 2 2 2
left_child=3 5 -3 -1 -5 -2
right_child=1 2 -4 4 -6 -7
leaf_value=0.00023087647553232714 -0.0022712476016911328 0.012233079863693416 -0.0015483128854531408 -0.0092649614129490764 0.0051039295789503418 0.003896428060039469
leaf_weight=751.55911825969815 445.88332510739565 160.94086569547653 31.83169949054718 172.49978636950254 45.071007486432791 217.77661390602589
leaf_count=2445 1350 479 104 583 161 633
internal_value=0.000394625 0.00221529 0.0097438 -0.00116592 -0.00585672 -0.000104814
internal_weight=1825.56 856.433 192.773 969.13 217.571 663.66
internal_count=5755 2566 583 3189 744 1983
is_linear=0
shrinkage=0.03


Tree=146
num_leaves=7
num_cat=0
split_feature=1 6 6 23 2 2
split_gain=4.65027 8.92682 10.625 8.235 5.63854 6.60688
threshold=-0.18442846089601514 -0.1542926877737045 -0.20897661894559857 1.0000000180025095e-35 -0.25027857720851893 -0.16186182200908658
decision_type=2 2 2 2 2 2
left_child=1 2 -1 -3 -2 -6
right_child=4 3 -4 -5 5 -7
leaf_value=0.0016670532515389999 0.0054313131247489075 0.010055298220284826 -0.012464096320629949 -0.0017640559953956566 -0.008027867289878152 -0.00061068762384162414
leaf_weight=221.74430837482214 97.197993110865355 161.11909925565124 38.9170873016119 56.374587245285511 103.54964479804039 1145.5620374511927
leaf_count=682 298 500 126 177 331 3666
internal_value=9.1102e-05 0.00259985 -0.000966815 0.00684851 -0.000781006 -0.00138966
internal_weight=1824.46 478.155 260.661 217.494 1346.31 1249.11
internal_count=5780 1485 808 677 4295 3997
is_linear=0
shrinkage=0.03


Tree=147
num_leaves=7
num_cat=0
split_feature=13 3 9 3 13 9
split_gain=5.211 9.28511 11.8384 7.52994 7.27345 7.11425
threshold=-0.030234054662287232 -1.0182533860206602 0.0098370630294084566 -1.8349208235740659 0.67214497923851024 -0.37678620219230646
decision_type=2 2 2 2 2 2
left_child=3 4 -3 -1 -2 -5
right_child=1 2 -4 5 -6 -7
leaf_value=0.0064878550211340154 0.0011353629011783828 0.0065329091985026223 -0.00049984446464976218 0.0056404217270535221 -0.0054715041290232715 -0.0053678329997328394
leaf_weight=48.430678993463516 285.10303933545947 396.93437097966671 410.40369295701385 38.821581911295652 261.0299281924963 395.32024974003434
leaf_count=138 855 1218 1297 125 873 1298
internal_value=-8.73748e-06 0.000915495 0.00295968 -0.00265359 -0.00199821 -0.00404629
internal_weight=1836.04 1353.47 807.338 482.573 546.133 434.142
internal_count=5804 4243 2515 1561 1728 1423
is_linear=0
shrinkage=0.03


Tree=148
num_leaves=7
num_cat=0
split_feature=2 12 19 2 17 6
split_gain=7.82796 5.52055 9.49978 6.96528 4.14178 8.66823
threshold=-0.030023142695426937 2.3643075227737431 1.2411710023880007 -0.28782370686531061 1.5185861587524416 -0.02463169768452644
decision_type=2 2 2 2 2 2
left_child=1 2 -1 -3 -2 -6
right_child=4 3 -4 -5 5 -7
leaf_value=0.002447308572311888 -0.0033206142449894193 0.014457190479852671 -0.0052371895562960255 0.0010475028049508161 0.01020847106151297 -0.0019141262225248271
leaf_weight=567.13033006340265 693.24414262920618 45.247350603342056 170.44010211154819 106.62539865449071 50.22180837765336 185.7297180518508
leaf_count=1702 2228 140 562 345 164 622
internal_value=-0.000222932 0.00173233 0.000500968 0.00660916 -0.00215482 0.00102779
internal_weight=1818.64 889.443 737.57 151.873 929.196 235.952
internal_count=5763 2749 2264 485 3014 786
is_linear=0
shrinkage=0.03


Tree=149
num_leaves=7
num_cat=0
split_feature=0 13 3 7 7 6
split_gain=5.24392 8.71564 10.2506 6.95541 7.54314 4.67854
threshold=-0.85064029693603505 -0.18883039802312848 -1.6140292882919309 1.1596184372901919 0.86940652132034313 0.38127580285072332
decision_type=2 2 2 2 2 2
left_child=3 -2 -3 4 -1 -5
right_child=1 2 -4 5 -6 -7
leaf_value=-0.00034107714012265058 -0.0037128173068016472 -0.0041075468344285507 0.0097561410476035577 -0.0076210975763187231 0.0065399382693159935 0.0030054172485999278
leaf_weight=1182.9418287556618 77.250683754682541 43.375737942755222 185.35218775272369 150.96553584188223 141.41239653527737 26.826753333210945
leaf_count=3775 239 141 515 552 455 84
internal_value=0.000407615 0.00387158 0.00676694 -0.000300155 0.000435399 -0.00557257
internal_weight=1808.13 305.979 228.728 1502.15 1324.35 177.792
internal_count=5761 895 656 4866 4230 636
is_linear=0
shrinkage=0.03


Tree=150
num_leaves=7
num_cat=0
split_feature=13 16 7 0 0 16
split_gain=4.66738 5.65966 5.32651 11.7527 8.16829 3.73901
threshold=1.0850727558135989 0.26741346716880804 0.94745051860809337 -1.7339125871658323 -0.93068662285804737 0.89520812034606945
decision_type=2 2 2 2 2 2
left_child=2 -2 4 -4 -1 -3
right_child=1 5 3 -5 -6 -7
leaf_value=0.00085196724686875571 0.0030621665997318183 -0.010807720159796927 -0.0023130932170218731 0.0086665516534885356 -0.0049119455375579617 0.00047897112308244568
leaf_weight=1117.7854949031025 36.873923666775227 79.30426162108779 132.17420402541757 179.87742992118001 253.39535816758871 20.513954877853394
leaf_count=3568 106 311 458 537 733 77
internal_value=6.90341e-05 -0.0048483 0.00055583 0.00397605 -0.000225382 -0.00829463
internal_weight=1819.92 136.692 1683.23 312.052 1371.18 99.8182
internal_count=5790 494 5296 995 4301 388
is_linear=0
shrinkage=0.03


Tree=151
num_leaves=7
num_cat=0
split_feature=13 7 3 13 12 18
split_gain=6.56974 8.86998 8.23929 12.4275 12.3189 6.44585
threshold=-0.5793008804321288 -0.14658974856138227 -1.5657510757446287 -0.13599451631307599 1.1094167828559878 0.53046464920043956
decision_type=2 2 2 2 2 2
left_child=1 5 4 -4 -2 -1
right_child=2 -3 3 -5 -6 -7
leaf_value=-0.0079848141899668823 -0.014134608573958632 0.0089976383080372542 -0.0076627560148403761 0.00099771612108801315 -0.00097118598360993987 0.0054606826477749055
leaf_weight=54.99126423150301 82.644360590726137 122.12426383048296 150.97177571803331 1137.84893145971 209.1690678820014 33.257045827805996
leaf_count=171 290 400 508 3551 685 116
internal_value=-0.000473495 0.00421409 -0.00117973 -7.2516e-05 -0.00555911 -0.00229077
internal_weight=1791.01 210.373 1580.63 1288.82 291.813 88.2483
internal_count=5721 687 5034 4059 975 287
is_linear=0
shrinkage=0.03


Tree=152
num_leaves=7
num_cat=0
split_feature=1 6 8 6 7 8
split_gain=4.32796 5.74047 7.48573 5.91879 3.69532 2.16864
threshold=0.42789354920387274 0.29795663058757788 -0.015278304461389778 0.050703058019280441 0.78659498691558849 -0.63352036476135243
decision_type=2 2 2 2 2 2
left_child=1 3 -3 -1 5 -2
right_child=4 2 -4 -5 -6 -7
leaf_value=0.0011619906920606663 0 0.0087322913202114716 -0.0036394854770886807 -0.0029914652711813265 0.001596290682022167 -0.010308243334838145
leaf_weight=1098.1499655079097 34.077308915555477 134.8135803937912 40.634161736816168 406.55236153304577 37.760549277067184 58.882653579115868
leaf_count=3405 123 425 147 1358 128 215
internal_value=0.000182643 0.000643745 0.00548075 0 -0.00464481 -0.00754489
internal_weight=1810.87 1680.15 175.448 1504.7 130.721 92.96
internal_count=5801 5335 572 4763 466 338
is_linear=0
shrinkage=0.03


Tree=153
num_leaves=7
num_cat=0
split_feature=1 17 13 3 17 8
split_gain=6.12053 7.95828 11.7247 7.36455 3.19322 6.3577
threshold=0.40520702302455908 0.38671465218067175 0.67914876341819774 -1.1488497853279112 1.2318190336227419 -0.63352036476135243
decision_type=2 2 2 2 2 2
left_child=1 2 -1 -3 5 -2
right_child=4 3 -4 -5 -6 -7
leaf_value=0.0054777136176650792 0 -0.0049962017323357498 -0.0019802859801282759 0.00031274201598986988 0 -0.014362546166574683
leaf_weight=444.35435723513365 39.580263819545507 346.80981555953622 291.89834522083402 597.14850159175694 51.324176780879498 49.415624396875501
leaf_count=1303 139 1178 910 1942 186 182
internal_value=-0.000364894 0.000133104 0.00246737 -0.00163871 -0.00597494 -0.0088813
internal_weight=1820.53 1680.21 736.253 943.958 140.32 88.9959
internal_count=5840 5333 2213 3120 507 321
is_linear=0
shrinkage=0.03


Tree=154
num_leaves=7
num_cat=0
split_feature=8 18 12 8 19 16
split_gain=4.62137 12.714 10.2426 8.39874 10.6652 7.51499
threshold=-1.1349677443504331 0.18854980170726779 0.94025766849517833 -1.0085996389389036 1.2767978310585024 0.50398564338684093
decision_type=2 2 2 2 2 2
left_child=1 5 -3 -2 -5 -1
right_child=3 2 -4 4 -6 -7
leaf_value=0 -0.0077507577233558765 0.0039036059535086779 -0.0082390832061370357 0.0017366829231494824 -0.0045953146586252052 0.011236521872591885
leaf_weight=74.648686747997999 111.7079623863101 102.2852346226573 103.30352722853422 973.65861055441201 294.42203494533896 147.18928515911102
leaf_count=243 355 317 336 3093 982 455
internal_value=0.00028679 0.00295928 -0.00212136 -0.000528676 0.000171419 0.00770192
internal_weight=1807.22 427.427 205.589 1379.79 1268.08 221.838
internal_count=5781 1351 653 4430 4075 698
is_linear=0
shrinkage=0.03


Tree=155
num_leaves=7
num_cat=0
split_feature=13 5 18 7 16 18
split_gain=6.74472 9.62685 8.38878 5.81502 9.18812 6.61333
threshold=-0.5793008804321288 0.25697541236877447 0.66461384296417247 -0.069747753441333757 -0.23653619736433026 -3.5394595861434932
decision_type=2 2 2 2 2 2
left_child=1 2 -1 4 -2 -5
right_child=3 -3 -4 5 -6 -7
leaf_value=-0.0035332492020281698 0.0095720452726567821 0.012494054843564634 0.010522937885541784 0.0065063290564247875 -8.309252253087783e-05 -0.0029434708262359808
leaf_weight=127.484260417521 84.004464834928513 68.205376036465168 31.554397739470005 49.681518040597439 523.32699302956462 896.29511700756848
leaf_count=434 246 201 108 147 1587 2998
internal_value=-2.77027e-05 0.00454388 0 -0.000783908 0.00141933 -0.00226063
internal_weight=1780.55 227.244 159.039 1553.31 607.331 945.977
internal_count=5721 743 542 4978 1833 3145
is_linear=0
shrinkage=0.03


Tree=156
num_leaves=5
num_cat=0
split_feature=14 8 13 12
split_gain=7.18361 5.73764 7.06033 4.48708
threshold=-0.98948615789413441 0.51817613840103161 1.1687327027320864 1.2657297849655154
decision_type=2 2 2 2
left_child=-1 2 -2 -3
right_child=1 3 -4 -5
leaf_value=0.011938668778014489 0.00074182796027972338 -0.0099444299411538574 -0.0075671695130281281 0.00045821725972236484
leaf_weight=24.837561577558517 1585.5563391521573 72.78535944968462 77.164408806711435 42.310436867177486
leaf_count=76 5036 264 294 135
internal_value=5.31873e-05 -0.000210455 0.000235207 -0.00617448
internal_weight=1802.65 1777.82 1662.72 115.096
internal_count=5805 5729 5330 399
is_linear=0
shrinkage=0.03


Tree=157
num_leaves=7
num_cat=0
split_feature=4 2 7 17 13 0
split_gain=5.24956 7.53103 10.6354 7.47629 6.19766 6.38886
threshold=-0.14137874543666837 -0.085676819086074815 0.43563595414161688 0.67925128340721141 0.81758055090904247 -0.45251384377479548
decision_type=2 2 2 2 2 2
left_child=1 3 -3 -1 -2 -6
right_child=4 2 -4 -5 5 -7
leaf_value=0 0.00028778017358118644 -0.0052575976245082465 0.0048486059647476383 0.0097320605051688606 -0.0064429340338157488 0.0058511925637047078
leaf_weight=132.56517815962434 909.19737046398222 181.77914025261998 153.04119218140841 164.58430541306734 235.50393125787377 23.59154786914587
leaf_count=381 2895 599 495 529 838 70
internal_value=0.000308298 0.00249231 -0.000456189 0.00582305 -0.000844681 -0.00476945
internal_weight=1800.26 631.97 334.82 297.149 1168.29 259.095
internal_count=5807 2004 1094 910 3803 908
is_linear=0
shrinkage=0.03


Tree=158
num_leaves=7
num_cat=0
split_feature=1 7 7 17 0 17
split_gain=6.60111 10.9283 11.1778 8.95218 7.25258 5.65541
threshold=-0.049259796738624566 0.59968394041061412 -1.5300307869911192 1.1338382959365847 0.12622033804655078 1.6294807195663454
decision_type=2 2 2 2 2 2
left_child=1 2 -1 -3 5 -2
right_child=4 3 -4 -5 -6 -7
leaf_value=-0.0050815404071898442 -0.003473141138673478 0.0012172221032584797 0.0063279373612012248 -0.0091845127618074562 0.0095706853190172195 0.0016387897628184884
leaf_weight=70.721551991999149 718.54647414013743 180.20680369250476 458.38908924162388 94.495594169944525 28.820986956357956 232.96850423887372
leaf_count=201 2366 568 1412 354 73 786
internal_value=4.16026e-05 0.00206154 0.00456413 -0.00253778 -0.00156274 -0.00215181
internal_weight=1784.15 803.813 529.111 274.702 980.336 951.515
internal_count=5760 2535 1613 922 3225 3152
is_linear=0
shrinkage=0.03


Tree=159
num_leaves=5
num_cat=0
split_feature=10 9 16 6
split_gain=4.12177 4.25548 6.57896 5.24947
threshold=0.17953394353389743 -0.18486963957548139 0.64874482154846203 0.050703058019280441
decision_type=2 2 2 2
left_child=-1 2 -2 -3
right_child=1 3 -4 -5
leaf_value=0.0094779647107680089 0.00095187586677540571 0.002784412768903555 -0.0058935510551680875 -0.00089751181326534616
leaf_weight=25.284783616662025 246.45618497952819 745.07597874850035 207.76565438881516 593.15124170668423
leaf_count=76 811 2301 663 1999
internal_value=0.000500872 0.000237944 -0.00216927 0.00111909
internal_weight=1817.73 1792.45 454.222 1338.23
internal_count=5850 5774 1474 4300
is_linear=0
shrinkage=0.03


Tree=160
num_leaves=6
num_cat=0
split_feature=7 11 16 16 16
split_gain=4.53578 4.65501 10.2332 5.8233 2.53689
threshold=-2.2944314479827876 -0.50914910435676564 -0.47645662724971766 -0.51139578223228443 0.050953039899468429
decision_type=2 2 2 2 2
left_child=4 3 -3 -2 -1
right_child=1 2 -4 -5 -6
leaf_value=0 0.0059523549018833085 -0.0080693127872719945 0.0023782754769718869 -0.003065753419647346 -0.0111323356427507
leaf_weight=25.851877376437187 52.730268776416779 69.303021714091301 1169.6516326926649 429.09036091715097 27.001892909407616
leaf_count=81 169 213 3722 1472 92
internal_value=0.000299314 0.000634672 0.00162731 -0.00176135 -0.00697235
internal_weight=1773.63 1720.78 1238.95 481.821 52.8538
internal_count=5749 5576 3935 1641 173
is_linear=0
shrinkage=0.03


Tree=161
num_leaves=5
num_cat=0
split_feature=14 14 5 17
split_gain=4.99787 5.35432 6.00652 4.64389
threshold=-0.9390071928501128 -0.64665058255195607 0.029616831801831726 2.584226250648499
decision_type=2 2 2 2
left_child=-1 2 -2 -3
right_child=1 3 -4 -5
leaf_value=0.0093071934677636872 -0.012075985095508586 0.00040262895442015416 0.0018636731815230962 -0.0062683415970561165
leaf_weight=29.08941888064146 50.771456480026245 1597.2209826111794 27.426131069660187 79.697770867496729
leaf_count=91 177 5170 78 260
internal_value=-9.04349e-05 -0.0003831 -0.00719211 0
internal_weight=1784.21 1755.12 78.1976 1676.92
internal_count=5776 5685 255 5430
is_linear=0
shrinkage=0.03


Tree=162
num_leaves=5
num_cat=0
split_feature=10 5 8 14
split_gain=5.0542 4.56532 7.7839 5.90053
threshold=0.17953394353389743 -0.097525507211685167 -0.10274448245763777 0.04479986988008023
decision_type=2 2 2 2
left_child=-1 2 -2 -3
right_child=1 3 -4 -5
leaf_value=0.0097753497404198409 0.004573911983584979 0.0014668963112405744 -0.0036117670265318406 -0.0026348357238727047
leaf_weight=27.442649394273758 350.90962038561702 470.68418191745877 120.70417045801878 816.1475449744612
leaf_count=78 1106 1431 429 2780
internal_value=9.34483e-05 -0.000132144 0.00229513 -0.00108914
internal_weight=1785.89 1758.45 471.614 1286.83
internal_count=5824 5746 1535 4211
is_linear=0
shrinkage=0.03


Tree=163
num_leaves=7
num_cat=0
split_feature=4 9 16 9 23 7
split_gain=7.20097 7.67549 10.6315 8.85975 5.18569 23.679
threshold=-0.14462909847497937 -0.20743337273597715 0.66645208001136791 -0.098026271909475313 1.0000000180025095e-35 -0.32168065011501307
decision_type=2 2 2 2 2 2
left_child=1 2 -1 -3 -2 -6
right_child=4 3 -4 -5 5 -7
leaf_value=0.0039631155763833444 0 0.0098126886584278608 -0.0079915778130825559 0.00081556628636650602 0.0049636091646308132 -0.010715545035499718
leaf_weight=120.03182456642389 834.59624349884689 173.86773873865604 104.69820058718324 241.76805201917887 124.99788132309914 192.04196197539568
leaf_count=380 2823 506 323 813 359 612
internal_value=9.1652e-05 0.00262624 -0.00155916 0.00499466 -0.00128727 -0.00442806
internal_weight=1792 640.366 224.73 415.636 1151.64 317.04
internal_count=5816 2022 703 1319 3794 971
is_linear=0
shrinkage=0.03


Tree=164
num_leaves=7
num_cat=0
split_feature=20 17 4 4 17 1
split_gain=6.74133 10.2933 12.1463 6.96796 9.84672 6.85999
threshold=1.0000000180025095e-35 -1.0404621958732603 -0.048980263993144028 -0.0151390447281301 -0.52503827214241017 0.19329337030649188
decision_type=2 2 2 2 2 2
left_child=3 -2 -3 5 -5 -1
right_child=1 2 -4 4 -6 -7
leaf_value=0.0019023343215656355 -0.0059110257370643517 -0.00044555525136682128 0.0098781851670351039 0.0019185137257602893 -0.0063665174419058378 -0.0049853901825929912
leaf_weight=644.62639274820685 73.274124447256327 173.46450527012348 194.19737176597118 164.62309861928225 383.43704918026924 139.92294724658132
leaf_count=2103 242 590 618 502 1240 507
internal_value=-0.000149919 0.00294691 0.00508093 -0.00124738 -0.00379236 0.000505952
internal_weight=1773.55 440.936 367.662 1332.61 548.06 784.549
internal_count=5802 1450 1208 4352 1742 2610
is_linear=0
shrinkage=0.03


Tree=165
num_leaves=7
num_cat=0
split_feature=15 4 7 16 15 2
split_gain=5.65247 6.15778 10.659 8.66941 5.91944 3.15217
threshold=-2.1401861906051631 0.68198251724243175 0.36548335850238806 0.72596165537834179 -2.3590332269668575 -0.21318700164556501
decision_type=2 2 2 2 2 2
left_child=4 2 -2 -3 -1 -6
right_child=1 3 -4 -5 5 -7
leaf_value=0.0028656964408413986 0.003191857753359742 -0.0090322048461972722 -0.0018117890349515441 0.0061576772514377971 0 -0.011664964997485504
leaf_weight=34.005974590778351 874.79299629852176 105.93491568416357 637.42764445021749 25.508403867483139 25.376586206257343 71.665196385234594
leaf_count=119 2726 347 2193 67 87 272
internal_value=-2.20295e-05 0.000449422 0.00104745 -0.00526431 -0.00560898 -0.00907359
internal_weight=1774.71 1643.66 1512.22 131.443 131.048 97.0418
internal_count=5811 5333 4919 414 478 359
is_linear=0
shrinkage=0.03


Tree=166
num_leaves=7
num_cat=0
split_feature=6 14 15 8 6 4
split_gain=5.22146 9.01744 8.22514 6.89022 6.49456 6.4713
threshold=-0.22057991474866864 2.1411163806915288 -1.0404357910156248 -1.4749104976654051 -0.27968685328960413 0.71735957264900219
decision_type=2 2 2 2 2 2
left_child=2 5 -1 -3 -4 -2
right_child=1 3 4 -5 -6 -7
leaf_value=0.0070205148019274917 0.0012873819379013798 0.0058124427165356617 -0.0042915035559908925 -0.006541045527284307 0.0067987404674668293 -0.0070734284750686828
leaf_weight=203.82341983914375 969.67063786834478 25.897131200879812 150.51120885275304 290.2691428810358 44.121235020458698 69.924698084592819
leaf_count=652 3121 93 486 1059 140 224
internal_value=8.50222e-05 -0.0007739 0.00304823 -0.00506508 -0.00109865 0.000545499
internal_weight=1754.22 1355.76 398.456 316.166 194.632 1039.6
internal_count=5775 4497 1278 1152 626 3345
is_linear=0
shrinkage=0.03


Tree=167
num_leaves=6
num_cat=0
split_feature=2 17 17 6 4
split_gain=5.42151 5.75238 7.37291 6.03761 2.65082
threshold=0.54005712270736705 2.4960190057754521 1.993166506290436 0.17578807473182681 0.38564860820770269
decision_type=2 2 2 2 2
left_child=1 2 -1 -3 -2
right_child=4 3 -4 -5 -6
leaf_value=-0.0001242530282038209 -0.010996331734754256 -0.01054854762474006 0.0066298542157170711 0.0020728948985331811 0
leaf_weight=1447.4296627622098 41.977706469595432 69.49563280493021 139.91696601733565 35.030520744621754 30.527793578803539
leaf_count=4679 163 237 485 110 109
internal_value=-0.0003584 0 0.000508847 -0.00618325 -0.00743132
internal_weight=1764.38 1691.87 1587.35 104.526 72.5055
internal_count=5783 5511 5164 347 272
is_linear=0
shrinkage=0.03


Tree=168
num_leaves=7
num_cat=0
split_feature=4 12 12 10 10 12
split_gain=4.3417 7.75989 7.29929 4.24065 5.9946 5.30239
threshold=-0.39072814583778376 2.131852507591248 0.29980105161666876 0.66973027586936962 1.1355372667312624 1.2335649728775027
decision_type=2 2 2 2 2 2
left_child=1 2 -1 5 -5 -2
right_child=3 -3 -4 4 -6 -7
leaf_value=0.0073327695475405947 0.0062667561052284181 0.013557096439522475 -0.007106706965155073 -0.0048547889662693021 -0.00042797874611203796 -0.0030648428775811383
leaf_weight=35.474384307861328 125.07336043938994 32.578347615897655 51.309619203209877 370.20724519528449 1078.1457334235311 62.863529276102781
leaf_count=115 412 93 171 1286 3495 221
internal_value=-0.000617445 0.00439727 -0.000374548 -0.00106816 -0.00165107 0.00286229
internal_weight=1755.65 119.362 86.784 1636.29 1448.35 187.937
internal_count=5793 379 286 5414 4781 633
is_linear=0
shrinkage=0.03


Tree=169
num_leaves=7
num_cat=0
split_feature=9 17 9 18 16 16
split_gain=5.44499 10.6664 9.82849 7.84691 5.98323 9.78393
threshold=-0.0100433356128633 0.015164060518145563 -0.13484803587198255 0.32516038417816168 -0.17404771596193311 0.50711423158645641
decision_type=2 2 2 2 2 2
left_child=1 2 -1 -3 -2 -6
right_child=4 3 -4 -5 5 -7
leaf_value=0.0010633894799736599 0.0030482299165952641 -0.0033497804454431031 0.013268503733729557 0.0028470827450518188 -0.0072209698665633678 0
leaf_weight=166.52020800858736 136.30940356850624 416.8036650493741 88.823513112962246 291.65057106688619 297.19891222193837 370.68717369437218
leaf_count=514 413 1395 262 968 1035 1236
internal_value=-0.000326454 0.00114492 0.00618234 -0.000708214 -0.00214763 -0.00335307
internal_weight=1767.99 963.798 255.344 708.454 804.195 667.886
internal_count=5823 3139 776 2363 2684 2271
is_linear=0
shrinkage=0.03


Tree=170
num_leaves=7
num_cat=0
split_feature=19 18 4 0 7 0
split_gain=5.3713 7.37401 9.62104 7.42808 6.26961 12.3292
threshold=1.3130040168762209 -0.13616479188203809 0.15734447538852694 -1.4842351078987119 1.3332573771476748 -1.2944379448890684
decision_type=2 2 2 2 2 2
left_child=4 2 -2 -3 -1 -6
right_child=1 3 -4 -5 5 -7
leaf_value=0.0019327900013367146 0.0065861908886441457 -0.010744736938525087 -0.0073454359533880091 0 -0.0141038323539532 0.0043354747330513243
leaf_weight=1302.7684159949422 111.60239004343748 113.393908649683 45.677438773214817 88.621147017925978 46.143363144248724 43.526037059724331
leaf_count=4197 378 418 149 309 178 137
internal_value=0.000469886 -0.00265403 0.00182948 -0.0062653 0.00134461 -0.00544782
internal_weight=1751.73 359.295 157.28 202.015 1392.44 89.6694
internal_count=5766 1254 527 727 4512 315
is_linear=0
shrinkage=0.03


Tree=171
num_leaves=7
num_cat=0
split_feature=9 18 3 1 2 17
split_gain=7.72458 9.09951 6.86023 5.81918 10.4392 5.81583
threshold=0.50423377752304088 -0.18516369163990018 -0.51377382874488819 -0.065315905958414064 -0.16186182200908658 1.8357306122779848
decision_type=2 2 2 2 2 2
left_child=3 -2 -3 4 -1 -5
right_child=1 2 -4 5 -6 -7
leaf_value=-0.00053767236792290015 0.0030047267350690765 0 -0.01754219078645796 -0.0022500224319497025 0.0064274993537011887 0.0033811334462233848
leaf_weight=405.91021373867989 36.184799268841743 24.837445601820946 45.840665355324745 719.96714015677571 323.1258921995759 187.27918182685971
leaf_count=1348 120 76 156 2418 1025 636
internal_value=0 -0.00710521 -0.0124639 0.000574985 0.00255854 -0.000975042
internal_weight=1743.15 106.863 70.6781 1636.28 729.036 907.246
internal_count=5779 352 232 5427 2373 3054
is_linear=0
shrinkage=0.03


Tree=172
num_leaves=7
num_cat=0
split_feature=11 7 6 8 12 19
split_gain=6.10652 6.52415 6.06659 5.95356 5.84312 6.96049
threshold=-0.45949187874794001 0.64164599776268016 0.054273448884487159 0.0368591956794262 -0.94497802853584278 1.0165840387344363
decision_type=2 2 2 2 2 2
left_child=1 2 -1 -3 5 -2
right_child=4 3 -4 -5 -6 -7
leaf_value=0.0022979247632237063 0.00087154931842530078 -0.0099765315060195373 -0.0051740143862847986 0.0031140314347761445 0.0010432267743987938 -0.013118141435473706
leaf_weight=207.68245147541165 47.99427668005228 149.58951483666897 146.87427933514118 20.616782255470753 1149.2703463956714 40.364185310900211
leaf_count=682 152 576 509 79 3669 144
internal_value=-0.00072848 -0.00338798 -0.000748118 -0.00791474 0.000387403 -0.00620723
internal_weight=1762.39 524.763 354.557 170.206 1237.63 88.3585
internal_count=5811 1846 1191 655 3965 296
is_linear=0
shrinkage=0.03


Tree=173
num_leaves=7
num_cat=0
split_feature=1 18 10 8 19 17
split_gain=5.443 8.3108 6.29702 6.21414 5.60864 4.65689
threshold=-0.22681242227554319 0.11607931926846506 0.21662101894617083 -1.2434642314910886 1.2710201144218447 -2.5282770395278926
decision_type=2 2 2 2 2 2
left_child=1 3 -2 -1 -3 -4
right_child=2 4 5 -5 -6 -7
leaf_value=0.0072037730601075449 0.0098078416755396428 0.0095494597347269457 0.0075625267222675895 -0.0043756409628170814 -0.0010012024613619197 -0.0016239865535143366
leaf_weight=34.427037090063095 26.994575247168541 154.94405697286129 30.022982504218817 142.23786241561174 43.30027692951262 1325.3978923410177
leaf_count=119 82 499 97 457 156 4412
internal_value=0 0.0031132 -0.000873987 -0.00131093 0.00708951 -0.00126987
internal_weight=1757.32 374.909 1382.42 176.665 198.244 1355.42
internal_count=5822 1231 4591 576 655 4509
is_linear=0
shrinkage=0.03


Tree=174
num_leaves=5
num_cat=0
split_feature=7 6 19 8
split_gain=4.20414 4.66744 5.53565 4.67897
threshold=-2.9322805404663081 -0.51740390062332142 0.82502302527427684 -0.27997936308383936
decision_type=2 2 2 2
left_child=-1 2 -2 -3
right_child=1 3 -4 -5
leaf_value=-0.0090544088132879369 0.013370034737401519 0.00060611050141261421 -0.00014620259262928861 -0.0028169855246545929
leaf_weight=27.670002736151218 30.006504103541374 1177.6629854533821 40.849162586033344 485.77303854748607
leaf_count=90 90 3887 143 1631
internal_value=-0.000264187 0 0.0066005 -0.000379485
internal_weight=1761.96 1734.29 70.8557 1663.44
internal_count=5841 5751 233 5518
is_linear=0
shrinkage=0.03


Tree=175
num_leaves=5
num_cat=0
split_feature=7 7 4 13
split_gain=3.61337 4.65635 11.2414 6.31182
threshold=-2.7008329629898067 -0.013858098071068524 -0.19194409996271131 0.72642564773559581
decision_type=2 2 2 2
left_child=-1 2 -2 -3
right_child=1 3 -4 -5
leaf_value=-0.0079663845751268385 -0.00484883073759328 0.00021710493311100478 0.0039195647218954188 -0.0046633997706838973
leaf_weight=33.549821019172668 149.05521181970835 710.91610293090343 535.10368190705776 322.65250223502517
leaf_count=113 479 2379 1661 1169
internal_value=-0.000287811 -1.33481e-05 0.00184056 -0.00130911
internal_weight=1751.28 1717.73 684.159 1033.57
internal_count=5801 5688 2140 3548
is_linear=0
shrinkage=0.03


Tree=176
num_leaves=6
num_cat=0
split_feature=8 12 13 21 16
split_gain=4.49566 4.8095 4.29815 8.23224 3.54606
threshold=0.73032355308532726 0.39256770908832556 -0.56258630752563465 1.0000000180025095e-35 -0.78642535209655751
decision_type=2 2 2 2 2
left_child=2 -2 3 -1 -4
right_child=1 -3 4 -5 -6
leaf_value=0.0071611505789207488 -0.012983692485256885 0 0.0061768770461549495 -0.0062282611661081027 -0.00046033725719759938
leaf_weight=167.45541298389435 27.65554191172123 40.240038000047207 55.99186260253191 31.692090637981892 1411.609876325354
leaf_count=531 108 137 179 133 4660
internal_value=7.98739e-05 -0.00649251 0.000456982 0.00438264 -8.71409e-05
internal_weight=1734.64 67.8956 1666.75 199.148 1467.6
internal_count=5748 245 5503 664 4839
is_linear=0
shrinkage=0.03


Tree=177
num_leaves=7
num_cat=0
split_feature=10 12 9 12 14 15
split_gain=6.31905 9.0512 8.26881 7.52178 7.78243 6.77064
threshold=0.66973027586936962 0.67977634072303783 0.56847876310348522 1.7083027958869936 -0.28421452641487116 -0.59958741068840016
decision_type=2 2 2 2 2 2
left_child=3 5 -3 4 -1 -2
right_child=1 2 -4 -5 -6 -7
leaf_value=5.0015737130951169e-05 -0.00042873251215591103 0.0023357372453190529 -0.0093621593709701644 -0.003745723258937129 0.013553635372043476 -0.0068803425152296378
leaf_weight=76.767894938588142 408.79020027816296 862.18800847418606 36.783378392457962 45.12192664667964 81.461473550647497 232.28577461093664
leaf_count=239 1380 2825 123 168 266 782
internal_value=0.000354644 -0.000288904 0.00159847 0.00508653 0.00807954 -0.00299459
internal_weight=1743.4 1540.05 898.971 203.351 158.229 641.076
internal_count=5783 5110 2948 673 505 2162
is_linear=0
shrinkage=0.03


Tree=178
num_leaves=5
num_cat=0
split_feature=14 14 10 18
split_gain=4.44005 5.00382 5.14124 4.78807
threshold=-0.9390071928501128 -0.70075538754463185 0.66973027586936962 0.5464162826538087
decision_type=2 2 2 2
left_child=-1 3 -3 -2
right_child=1 2 -4 -5
leaf_value=0.0083871482756086579 -0.012859788616559774 0.0048100080655984461 -0.00087050131702039527 0.00085238878609571319
leaf_weight=29.026109948754311 37.393007684499025 136.56695982441306 1532.2090603094548 21.789233058691025
leaf_count=95 130 477 5078 77
internal_value=-0.00043296 -0.000709715 -0.00031864 -0.00811345
internal_weight=1756.98 1727.96 1668.78 59.1822
internal_count=5857 5762 5555 207
is_linear=0
shrinkage=0.03


Tree=179
num_leaves=7
num_cat=0
split_feature=6 17 16 8 19 5
split_gain=4.12504 6.58017 6.39694 5.42235 8.54111 5.54541
threshold=-0.34598778188228602 1.3349232077598574 0.1234913468360901 -0.29691983759403223 1.0076633095741274 -0.080002930015325532
decision_type=2 2 2 2 2 2
left_child=1 2 -1 5 -5 -2
right_child=3 -3 -4 4 -6 -7
leaf_value=-0.0018774330970914303 0.0038091691368838019 -0.0038485659465272264 0.009590543771996439 -0.007726547771529267 0.00010520141580842687 -0.00097447991456618851
leaf_weight=43.891920760273933 274.7241126447916 59.158479906618595 120.63763746991754 209.46043797582388 242.76060161367059 799.50539977662265
leaf_count=137 898 220 364 754 803 2643
internal_value=-0.000280791 0.00330009 0.00633415 -0.00088023 -0.00356887 0.000241323
internal_weight=1750.14 223.688 164.53 1526.45 452.221 1074.23
internal_count=5819 721 501 5098 1557 3541
is_linear=0
shrinkage=0.03


end of trees

feature_importances:
Column_7=78
Column_14=76
Column_16=69
Column_13=66
Column_4=64
Column_17=57
Column_3=53
Column_18=48
Column_5=47
Column_6=46
Column_8=46
Column_12=46
Column_1=45
Column_9=44
Column_11=44
Column_0=43
Column_15=43
Column_10=40
Column_2=30
Column_19=22
Column_20=5
Column_23=5
Column_21=1

parameters:
[boosting: gbdt]
[objective: lambdarank]
[metric: ndcg]
[tree_learner: serial]
[device_type: cpu]
[data_sample_strategy: bagging]
[data: ]
[valid: ]
[num_iterations: 180]
[learning_rate: 0.03]
[num_leaves: 7]
[num_threads: 1]
[seed: 17]
[deterministic: 1]
[force_col_wise: 1]
[force_row_wise: 0]
[histogram_pool_size: -1]
[max_depth: 3]
[min_data_in_leaf: 80]
[min_sum_hessian_in_leaf: 0.001]
[bagging_fraction: 0.8]
[pos_bagging_fraction: 1]
[neg_bagging_fraction: 1]
[bagging_freq: 1]
[bagging_seed: 26602]
[bagging_by_query: 0]
[feature_fraction: 0.8]
[feature_fraction_bynode: 1]
[feature_fraction_seed: 18297]
[extra_trees: 0]
[extra_seed: 13015]
[early_stopping_round: 0]
[early_stopping_min_delta: 0]
[first_metric_only: 0]
[max_delta_step: 0]
[lambda_l1: 2]
[lambda_l2: 20]
[linear_lambda: 0]
[min_gain_to_split: 0]
[drop_rate: 0.1]
[max_drop: 50]
[skip_drop: 0.5]
[xgboost_dart_mode: 0]
[uniform_drop: 0]
[drop_seed: 30017]
[top_rate: 0.2]
[other_rate: 0.1]
[min_data_per_group: 100]
[max_cat_threshold: 32]
[cat_l2: 10]
[cat_smooth: 10]
[max_cat_to_onehot: 4]
[top_k: 20]
[monotone_constraints: ]
[monotone_constraints_method: basic]
[monotone_penalty: 0]
[feature_contri: ]
[forcedsplits_filename: ]
[refit_decay_rate: 0.9]
[cegb_tradeoff: 1]
[cegb_penalty_split: 0]
[cegb_penalty_feature_lazy: ]
[cegb_penalty_feature_coupled: ]
[path_smooth: 0]
[interaction_constraints: ]
[verbosity: -1]
[saved_feature_importance_type: 0]
[use_quantized_grad: 0]
[num_grad_quant_bins: 4]
[quant_train_renew_leaf: 0]
[stochastic_rounding: 1]
[linear_tree: 0]
[max_bin: 255]
[max_bin_by_feature: ]
[min_data_in_bin: 3]
[bin_construct_sample_cnt: 200000]
[data_random_seed: 94]
[is_enable_sparse: 1]
[enable_bundle: 1]
[use_missing: 1]
[zero_as_missing: 0]
[feature_pre_filter: 1]
[pre_partition: 0]
[two_round: 0]
[header: 0]
[label_column: ]
[weight_column: ]
[group_column: ]
[ignore_column: ]
[categorical_feature: ]
[forcedbins_filename: ]
[precise_float_parser: 0]
[parser_config_file: ]
[objective_seed: 20363]
[num_class: 1]
[is_unbalance: 0]
[scale_pos_weight: 1]
[sigmoid: 1]
[boost_from_average: 1]
[reg_sqrt: 0]
[alpha: 0.9]
[fair_c: 1]
[poisson_max_delta_step: 0.7]
[tweedie_variance_power: 1.5]
[lambdarank_truncation_level: 30]
[lambdarank_norm: 1]
[label_gain: 0,1,2,3]
[lambdarank_position_bias_regularization: 0]
[eval_at: 2]
[multi_error_top_k: 1]
[auc_mu_weights: ]
[num_machines: 1]
[local_listen_port: 12400]
[time_out: 120]
[machine_list_filename: ]
[machines: ]
[gpu_platform_id: -1]
[gpu_device_id: -1]
[gpu_device_id_list: ]
[gpu_use_dp: 0]
[num_gpu: 1]

end of parameters

pandas_categorical:null
