tree
version=v4
num_class=1
num_tree_per_iteration=1
label_index=0
max_feature_idx=7
objective=lambdarank
feature_names=Column_0 Column_1 Column_2 Column_3 Column_4 Column_5 Column_6 Column_7
feature_infos=[-2.8707199096679688:1.3665225505828857] [-1.4033499956130981:2.5005612373352051] [-1.2703711986541748:2.8120923042297363] [-2.4748332500457764:2.8062193393707275] [0:1] [0:1] [0:1] [0:1]
tree_sizes=902 885 905 890 906 902 906 900 908 906 884 909 903 883 907 906 803 905 791 908 874 896 904 887 909 904 902 885 883 880 900 855 908 894 902 882 908 908 679 904 899 909 688 886 886 909 906 883 908 898 907 904 888 902 774 676 883 776 794 916 905 805 905 774 881 900 882 906 681 898 893 867 684 907 881 874 901 908 866 690 886 909 883 881 904 909 794 884 901 911 903 907 908 690 902 900 907 901 900 901 777 909 904 886 906 864 905 861 906 695 904 691 776 909 901 915 902 893 897 904 887 905 888 897 904 788 861 884 575 905 855 889 881 907 871 586 886 905 888 801 890 905 904 899 912 583 907 896 909 883 783 908 888 885 871 900 909 906 889 798 903 908 885 903 879 793 890 673 869 884 880 904 903 897 906 866 882 905 672 910

Tree=0
num_leaves=7
num_cat=0
split_feature=0 2 3 2 3 3
split_gain=3.62035 1.95853 1.60637 1.41968 1.51357 0.662026
threshold=-1.4749506711959837 0.21179183572530749 0.64920103549957286 0.033210948109626777 -1.2727857232093809 -1.0862999558448789
decision_type=2 2 2 2 2 2
left_child=3 2 -2 4 -1 -3
right_child=1 5 -4 -5 -6 -7
leaf_value=-0.003839957530655011 0.0053408410960762613 0.00074863052757475235 -0.0016272543387046289 -0.0046507889091435854 0.0015035200857332371 -0.0039795462468585367
leaf_weight=52.643270704895258 133.44637564942241 13.901081368327139 12.263133838772772 125.88267307356 110.08129722625017 27.413007266819477
leaf_count=545 1565 160 144 1364 1307 330
internal_value=-0.000319002 0.00262641 0.0042667 -0.00246863 -0.000127882 -0.00168481
internal_weight=475.631 187.024 145.71 288.607 162.725 41.3141
internal_count=5415 2199 1709 3216 1852 490
is_linear=0
shrinkage=0.03


Tree=1
num_leaves=7
num_cat=0
split_feature=2 3 3 3 7 3
split_gain=35.7511 26.7168 27.0609 10.8193 7.03206 6.85766
threshold=0.17284101247787478 0.69912046194076549 -1.5343680977821348 -0.89113444089889515 1.0000000180025095e-35 0.84098690748214733
decision_type=2 2 2 2 2 2
left_child=1 2 -1 4 -2 -5
right_child=3 -3 -4 5 -6 -7
leaf_value=-0.0030365137662183724 -0.0044816917664507998 -0.0078310035699002915 0.0043111460449440286 -0.0098328929490479281 0.0038472974816078239 0
leaf_weight=564.90431373007596 199.94948851317167 221.76438423618674 1891.1712033934891 397.97553432732821 131.63375206664205 85.301839038729668
leaf_count=859 378 356 2797 679 213 136
internal_value=-1.23979e-05 0.00164947 0.00258606 -0.00545428 -0.000973783 -0.00824832
internal_weight=3492.7 2677.84 2456.08 814.861 331.583 483.277
internal_count=5418 4012 3656 1406 591 815
is_linear=0
shrinkage=0.03


Tree=2
num_leaves=7
num_cat=0
split_feature=0 1 2 2 5 2
split_gain=54.5392 25.4835 21.7677 20.1651 49.9611 13.2929
threshold=-1.4749506711959837 0.26360321044921881 -0.36672824621200556 0.030788389034569267 1.0000000180025095e-35 -0.16488507390022275
decision_type=2 2 2 2 2 2
left_child=3 2 -2 5 -5 -1
right_child=1 -3 -4 4 -6 -7
leaf_value=-0.0035999051100950078 -0.003738579950758695 -0.0039658346568238008 0.0076032483539796719 -0.0015020302700404743 -0.018141087395252407 0.002751574277814404
leaf_weight=564.44839913025498 154.87623266130686 244.1914477199316 1169.5180351771414 551.07065442949533 218.65453279018402 577.85638612508774
leaf_count=963 203 369 1592 983 408 909
internal_value=0.000416082 0.00454661 0.00619641 -0.00295344 -0.00664436 -0.000343208
internal_weight=3480.62 1568.59 1324.39 1912.03 769.725 1142.3
internal_count=5427 2164 1795 3263 1391 1872
is_linear=0
shrinkage=0.03


Tree=3
num_leaves=7
num_cat=0
split_feature=2 3 3 1 1 3
split_gain=37.9394 19.5072 12.7821 8.44251 29.6877 10.0447
threshold=0.1483757942914963 -0.17414048314094541 -1.1539148688316343 0.12140450999140741 0.047136828303337104 -0.76144114136695851
decision_type=2 2 2 2 2 2
left_child=1 2 -1 4 -2 -5
right_child=3 -3 -4 5 -6 -7
leaf_value=0.0012788176464374791 -0.007882653533198768 -0.0017833308388812514 0.0064572272852207492 -0.0023590714454301263 0.012313890262449757 -0.010527912512578209
leaf_weight=877.14121857658029 150.1995420306921 707.9590611346066 917.52602508291602 298.09736695885658 86.464223220944405 304.35194897651672
leaf_count=1433 272 1131 1348 509 152 602
internal_value=0.000472109 0.00233998 0.00400134 -0.00495371 0 -0.00678796
internal_weight=3341.74 2502.63 1794.67 839.113 236.664 602.449
internal_count=5447 3912 2781 1535 424 1111
is_linear=0
shrinkage=0.03


Tree=4
num_leaves=7
num_cat=0
split_feature=3 1 3 5 2 2
split_gain=21.6093 23.1634 23.8931 8.748 7.7267 12.5257
threshold=-0.50266554951667775 -0.043376710265874856 -1.5843290686607359 1.0000000180025095e-35 -0.17700561136007306 -0.24546119570732114
decision_type=2 2 2 2 2 2
left_child=1 2 -1 -3 5 -2
right_child=4 3 -4 -5 -6 -7
leaf_value=-0.0018052970972376834 -0.0021133630621052043 0.00076190739109678694 0.0088499458646078746 -0.0060969482011010209 -0.00088911026958943241 -0.014686403242722348
leaf_weight=241.48027569055557 261.60757139325142 905.25692054256797 666.31754123419523 182.74019325524569 891.95982034504414 92.240088656544685
leaf_count=463 440 1454 980 345 1567 154
internal_value=0.000544613 0.00248571 0.00597309 -0.000425214 -0.00250779 -0.00616171
internal_weight=3241.6 1995.79 907.798 1088 1245.81 353.848
internal_count=5403 3242 1443 1799 2161 594
is_linear=0
shrinkage=0.03


Tree=5
num_leaves=7
num_cat=0
split_feature=0 2 3 1 3 2
split_gain=50.0378 22.4946 20.0437 16.2379 16.0959 11.8665
threshold=-1.4749506711959837 0.095336794853210463 -0.18391618132591245 0.2040890231728554 -1.2520864009857176 -0.37377294898033137
decision_type=2 2 2 2 2 2
left_child=1 2 -1 5 -5 -2
right_child=3 -3 -4 4 -6 -7
leaf_value=0.0016952417316694343 -0.0027907715265647333 -0.008031747440082445 -0.0066137439561521402 0.0078365564756843597 -0.0066429702810644744 0.0070137185333994535
leaf_weight=871.95069994404912 104.12320524454117 540.34410379827023 347.3724076077342 81.42865863442421 189.63257531821728 1040.2720379829407
leaf_count=1469 178 1123 658 128 342 1514
internal_value=0.000298624 -0.00304449 -0.000692019 0.00448103 -0.00184749 0.00603751
internal_weight=3175.12 1759.67 1219.32 1415.46 271.061 1144.4
internal_count=5412 3250 2127 2162 470 1692
is_linear=0
shrinkage=0.03


Tree=6
num_leaves=7
num_cat=0
split_feature=0 2 4 0 3 3
split_gain=30.8566 16.9948 12.8496 11.9392 8.76447 11.8839
threshold=-1.5326734781265257 0.098478302359581008 1.0000000180025095e-35 -2.5490516424179073 -0.76144114136695851 -1.543423533439636
decision_type=2 2 2 2 2 2
left_child=1 3 -3 -1 5 -2
right_child=4 2 -4 -5 -6 -7
leaf_value=0.0090593109052755118 0.00052659143712535856 -0.010980921581540799 -0.00014137236880969666 -0.0018562671122874328 0.00038898950990935184 0.0081483509416381272
leaf_weight=77.58836418390274 335.1134469807148 317.29738406091928 155.79679122567177 1045.0817961506546 705.34367907047272 453.55870804190636
leaf_count=149 533 731 335 1901 1137 666
internal_value=-0.000120204 -0.00302128 -0.0076835 -0.000904017 0.0029378 0.00507712
internal_weight=3089.78 1595.76 473.094 1122.67 1494.02 788.672
internal_count=5452 3116 1066 2050 2336 1199
is_linear=0
shrinkage=0.03


Tree=7
num_leaves=7
num_cat=0
split_feature=0 1 2 0 2 0
split_gain=28.8125 16.6709 11.7653 11.7238 10.2407 5.91002
threshold=-1.4714441299438474 0.33476956188678747 0.030788389034569267 -2.4078719615936275 -0.37377294898033137 -2.5534572601318355
decision_type=2 2 2 2 2 2
left_child=2 4 3 -1 -2 -4
right_child=1 -3 5 -5 -6 -7
leaf_value=0.0050668832522817921 -0.0044241290637968946 -0.006063144290055696 0.0024871227128531528 -0.0027214669649257735 0.0047216293240390618 -0.0072287362547892205
leaf_weight=199.23221749067307 99.297480285167694 149.88466407358646 42.90972276031971 783.90780348703265 1145.5172163099051 564.75624074041843
leaf_count=372 173 266 94 1450 1750 1295
internal_value=-0.000400016 0.00270398 -0.0031584 -0.0010138 0.00388622 -0.00638968
internal_weight=2985.51 1394.7 1590.81 983.14 1244.81 607.666
internal_count=5400 2189 3211 1822 1923 1389
is_linear=0
shrinkage=0.03


Tree=8
num_leaves=7
num_cat=0
split_feature=1 2 2 7 7 1
split_gain=13.6094 14.7259 11.4964 9.56051 6.27754 1.85478
threshold=0.37179833650588995 -0.37377294898033137 0.028490640223026279 1.0000000180025095e-35 1.0000000180025095e-35 0.57439470291137706
decision_type=2 2 2 2 2 2
left_child=1 3 -3 -1 5 -2
right_child=4 2 -4 -5 -6 -7
leaf_value=-0.00092966554743165565 -0.011022829496814528 0.0036229303205800455 -0.00060216517448028286 -0.012580908347642045 0.00041117866394095901 -0.002526149999437519
leaf_weight=214.42863120138645 112.78163546323776 1429.6037517935038 921.38807980716228 81.316851317882538 85.175435461103916 72.195607140660286
leaf_count=402 254 2461 1858 144 147 158
internal_value=0.000442325 0.0011296 0.00195064 -0.00491725 -0.00569798 -0.00856939
internal_weight=2916.89 2646.74 2350.99 295.745 270.153 184.977
internal_count=5424 4865 4319 546 559 412
is_linear=0
shrinkage=0.03


Tree=9
num_leaves=7
num_cat=0
split_feature=0 3 3 0 1 1
split_gain=19.0897 14.9457 30.5504 14.812 10.8933 11.9478
threshold=-1.4749506711959837 -1.1539148688316343 -0.19655013084411618 -1.8096537590026853 0.066916853189468398 -0.37660196423530573
decision_type=2 2 2 2 2 2
left_child=1 3 -3 -1 5 -2
right_child=4 2 -4 -5 -6 -7
leaf_value=-0.0028000685656958619 -0.0039518593434905869 0.0046190745469731993 -0.0057347021850616131 -0.013920883437666129 -0.00087914978421238011 0.0059133812579487055
leaf_weight=406.02224849909544 107.4223395138979 537.80189030244946 454.38920033723116 146.40500178933144 510.62414104491472 739.170210942626
leaf_count=836 189 1060 1051 294 865 1136
internal_value=-8.69792e-05 -0.00237333 -8.29411e-05 -0.00623555 0.00246817 0.00453005
internal_weight=2901.84 1544.62 992.191 552.427 1357.22 846.593
internal_count=5431 3241 2111 1130 2190 1325
is_linear=0
shrinkage=0.03


Tree=10
num_leaves=7
num_cat=0
split_feature=1 0 0 3 3 4
split_gain=14.0555 11.8205 11.1797 9.01247 4.00317 4.8949
threshold=0.19993320852518084 -1.4749506711959837 -1.4275178313255308 -1.2247896194458006 -1.8403081893920896 1.0000000180025095e-35
decision_type=2 2 2 2 2 2
left_child=1 3 -3 -1 -2 -6
right_child=4 2 -4 -5 5 -7
leaf_value=-0.0045814123283124137 0.0019689102655014142 0.013388308797098175 0.0024061901049893149 0.00089255093601016834 -0.0064349668076692217 0
leaf_weight=369.50376826524734 65.315842658281326 77.696978464722633 961.66723020374775 838.35250511392951 393.19097769260406 122.84148648381233
leaf_count=809 122 126 1530 1697 856 258
internal_value=9.48249e-05 0.00119606 0.00352105 -0.00078051 -0.00396044 -0.00486833
internal_weight=2828.57 2247.22 1039.36 1207.86 581.348 516.032
internal_count=5398 4162 1656 2506 1236 1114
is_linear=0
shrinkage=0.03


Tree=11
num_leaves=7
num_cat=0
split_feature=0 7 2 3 3 3
split_gain=27.655 12.2257 19.8958 17.5138 9.12728 25.103
threshold=-1.4714441299438474 1.0000000180025095e-35 0.16903953254222873 -0.89113444089889515 -1.0955887436866758 -0.18391618132591245
decision_type=2 2 2 2 2 2
left_child=4 2 -2 -3 -1 -6
right_child=1 3 -4 -5 5 -7
leaf_value=-0.0058374636811985544 0.0033539853401076134 0.010953989442564673 -0.0072225092029670687 -0.00081114446855107866 0.0033619203630979744 -0.0061810880580309303
leaf_weight=552.54507086798549 660.45331692695618 303.45743881165981 187.97254753857851 157.78360924124718 524.34854619577527 432.28192024305463
leaf_count=1197 1059 482 365 273 1031 1049
internal_value=-4.53216e-05 0.00309783 0.000829255 0.00693819 -0.00281704 -0.000927206
internal_weight=2818.84 1309.67 848.426 461.241 1509.18 956.63
internal_count=5456 2179 1424 755 3277 2080
is_linear=0
shrinkage=0.03


Tree=12
num_leaves=7
num_cat=0
split_feature=1 0 3 3 3 2
split_gain=19.2459 15.9246 10.0067 9.41057 3.44226 6.97789
threshold=0.19993320852518084 -1.4749506711959837 -1.0809782743453977 -1.5843290686607359 -0.89113444089889515 0.43880195915699011
decision_type=2 2 2 2 2 2
left_child=1 2 -1 -3 5 -2
right_child=4 3 -4 -5 -6 -7
leaf_value=-0.0043860590791514635 -0.0044947790758540756 -0.0012057162158105289 0.0012720095839772493 0.005664238184268199 -0.0067118823722047303 0.0053594902161431552
leaf_weight=424.08694501593709 199.92095436155796 202.49991232156754 728.15297094359994 829.0834194123745 299.83615553379059 68.711290143430233
leaf_count=957 404 355 1516 1351 719 138
internal_value=0.000276036 0.00158135 -0.000798586 0.00426133 -0.00451979 -0.00156964
internal_weight=2752.29 2183.82 1152.24 1031.58 568.468 268.632
internal_count=5440 4179 2473 1706 1261 542
is_linear=0
shrinkage=0.03


Tree=13
num_leaves=7
num_cat=0
split_feature=0 3 3 0 2 5
split_gain=17.3893 10.7221 13.9476 12.5382 10.5997 17.6091
threshold=-1.5575629472732542 -1.5955495238304136 -1.1109924316406248 -0.9692891240119933 0.028490640223026279 1.0000000180025095e-35
decision_type=2 2 2 2 2 2
left_child=4 3 -3 -2 -1 -6
right_child=1 2 -4 -5 5 -7
leaf_value=0 0.0027905191830089795 0.010199122262129854 0.0019173453986827034 -0.0094325915208814306 -0.0019259043292311102 -0.014442310111493899
leaf_weight=812.93839494511485 147.43738148361444 230.01985267549753 846.09408567100763 113.71145647764206 400.60595878213644 126.82761847227812
leaf_count=1711 279 390 1511 205 923 393
internal_value=0.000139256 0.00256146 0.00389611 -0.00261075 -0.00223536 -0.0054629
internal_weight=2677.63 1337.26 1076.11 261.149 1340.37 527.434
internal_count=5412 2385 1901 484 3027 1316
is_linear=0
shrinkage=0.03


Tree=14
num_leaves=7
num_cat=0
split_feature=1 7 3 2 2 1
split_gain=18.6076 16.8912 17.8472 17.3014 3.3753 1.46858
threshold=0.19993320852518084 1.0000000180025095e-35 -1.603879928588867 -0.44363275170326227 0.10991002619266511 0.56131100654602062
decision_type=2 2 2 2 2 2
left_child=1 2 -1 -3 -2 -6
right_child=4 3 -4 -5 5 -7
leaf_value=-0.0082832326366002254 -0.00033365558800257819 -0.0091602660003261543 0.00053625635019815155 0.0069625502924371184 -0.007686235165247979 -0.0018872194792960801
leaf_weight=222.01509673893452 121.51801081001759 47.151527218520641 1339.9569213539362 508.06676269695163 315.14833530411124 96.593488149344921
leaf_count=521 250 102 2634 929 766 210
internal_value=-0.000440787 0.000807688 -0.00076827 0.00521813 -0.00535605 -0.00661522
internal_weight=2650.45 2117.19 1561.97 555.218 533.26 411.742
internal_count=5412 4186 3155 1031 1226 976
is_linear=0
shrinkage=0.03


Tree=15
num_leaves=7
num_cat=0
split_feature=2 5 0 2 5 1
split_gain=16.637 10.3384 16.2931 7.257 13.8252 11.184
threshold=0.020073367282748226 1.0000000180025095e-35 -1.0876108407974241 -0.37377294898033137 1.0000000180025095e-35 -0.050421604886651032
decision_type=2 2 2 2 2 2
left_child=3 -2 -3 4 -1 -5
right_child=1 2 -4 5 -6 -7
leaf_value=-0.0064994500842884195 -0.0010157023088023156 -0.012536057145408072 0.0054500510381811961 0.0053845883024869028 0.007875191536711762 -0.00024190599285990702
leaf_weight=181.11992982029915 905.07842193171382 161.07763618603349 42.398796066641808 775.59018125385046 64.304573222994804 494.07239808142185
leaf_count=392 1857 506 83 1524 133 934
internal_value=0.000199266 -0.00254266 -0.00836743 0.00225154 -0.00219744 0.00317879
internal_weight=2623.64 1108.55 203.476 1515.09 245.425 1269.66
internal_count=5429 2446 589 2983 525 2458
is_linear=0
shrinkage=0.03


Tree=16
num_leaves=6
num_cat=0
split_feature=7 2 2 0 2
split_gain=14.0947 17.7379 13.8582 8.07172 6.12321
threshold=1.0000000180025095e-35 -0.41643187403678888 0.54623302817344677 -1.5711763501167295 -0.0017683873302303252
decision_type=2 2 2 2 2
left_child=2 -2 3 -1 -3
right_child=1 4 -4 -5 -6
leaf_value=-0.0026669653858262463 -0.011130568524941282 0.0080112877831107557 -0.012965103998933348 0.0013160076404583562 0.0018801268910757733
leaf_weight=962.40141078457236 47.407356254756451 301.26194617897272 70.095657169818878 819.14100874215364 360.42622081935406
leaf_count=2319 115 547 176 1546 671
internal_value=-3.29848e-05 0.00348197 -0.00143394 -0.000808038 0.00491276
internal_weight=2560.73 709.096 1851.64 1781.54 661.688
internal_count=5374 1333 4041 3865 1218
is_linear=0
shrinkage=0.03


Tree=17
num_leaves=7
num_cat=0
split_feature=0 3 3 0 2 3
split_gain=16.8368 9.93499 14.2023 10.9082 7.66109 14.8448
threshold=-1.4714441299438474 -1.5843290686607359 -0.77335169911384571 -0.9692891240119933 0.095336794853210463 -1.1539148688316343
decision_type=2 2 2 2 2 2
left_child=4 3 -3 -2 5 -1
right_child=1 2 -4 -5 -6 -7
leaf_value=-0.0057575821081679371 0.0030702098907246659 0.0086543545318959279 0.0010527679254906735 -0.0087989236570349596 -0.0053993406118815661 0.0019810808328777616
leaf_weight=308.14278517663479 128.07362249493599 370.75821726024151 574.23248458653688 107.33563062548637 402.01091170310974 668.09157430380583
leaf_count=749 246 652 1068 206 1104 1396
internal_value=0.000208181 0.00283368 0.00421491 -0.00237188 -0.00200589 -0.000467906
internal_weight=2558.65 1180.4 944.991 235.409 1378.25 976.234
internal_count=5421 2172 1720 452 3249 2145
is_linear=0
shrinkage=0.03


Tree=18
num_leaves=6
num_cat=0
split_feature=0 0 0 0 1
split_gain=18.4325 7.34368 7.20967 8.9193 4.69672
threshold=-1.4714441299438474 -2.6084156036376949 0.10128532722592355 -1.2539047598838804 -0.18242768198251721
decision_type=2 2 2 2 2
left_child=1 -1 3 -2 -3
right_child=2 4 -4 -5 -6
leaf_value=0.0077853837887796248 0.0070871665555265256 0.00058837502072256085 0.01338994218276114 0.0010123180064137776 -0.0032127958539569798
leaf_weight=50.038837775588036 301.6515027359128 379.26581328362226 48.057811915874481 796.50500272214413 931.61896961927414
leaf_count=109 570 862 81 1487 2290
internal_value=0.000759868 -0.00156211 0.00354776 0.00283159 -0.00207564
internal_weight=2507.14 1360.92 1146.21 1098.16 1310.88
internal_count=5399 3261 2138 2057 3152
is_linear=0
shrinkage=0.03


Tree=19
num_leaves=7
num_cat=0
split_feature=1 0 3 3 3 4
split_gain=13.1818 9.63961 8.73193 8.13346 5.19581 11.8725
threshold=0.16635110974311831 -1.4714441299438474 0.030338943004608158 -1.5843290686607359 -0.75219950079917897 1.0000000180025095e-35
decision_type=2 2 2 2 2 2
left_child=1 2 -1 -3 -2 -6
right_child=4 3 -4 -5 5 -7
leaf_value=0.00057164164698263967 -0.001134299855244283 -0.0022595349956657036 -0.0056451536178440649 0.0047279741300271273 -0.0098796628599423422 0.0038410754451777217
leaf_weight=799.3665308393538 333.8897364847362 163.88504794239998 246.14394545555115 695.18562955409288 225.80911489576101 54.77838259190321
leaf_count=1832 721 333 606 1241 604 140
internal_value=-0.000240583 0.000972599 -0.000914153 0.00330563 -0.00400755 -0.00692405
internal_weight=2519.06 1904.58 1045.51 859.071 614.477 280.587
internal_count=5477 4012 2438 1574 1465 744
is_linear=0
shrinkage=0.03


Tree=20
num_leaves=7
num_cat=0
split_feature=3 2 2 2 3 0
split_gain=14.3979 8.97607 9.19732 8.05511 4.92602 4.20142
threshold=0.49634957313537603 0.028490640223026279 -0.36672824621200556 -0.26150216162204737 0.14557629823684695 -0.93979761004447926
decision_type=2 2 2 2 2 2
left_child=1 2 -1 -2 -3 -5
right_child=3 4 -4 5 -6 -7
leaf_value=-0.0025413156350259855 0.002643578962604227 -0.0017903403413536956 0.0039533116920402222 -0.010221030083334552 0.0053957848417141652 0
leaf_weight=212.08900490403175 59.1648283675313 810.1299675218761 1091.2126949876547 175.07343286275864 73.269980981945992 40.672204725444317
leaf_count=477 134 1863 2201 458 191 80
internal_value=0.000399492 0.00125083 0.00282865 -0.00579438 -0.00102164 -0.00839084
internal_weight=2461.61 2186.7 1303.3 274.91 883.4 215.746
internal_count=5404 4732 2678 672 2054 538
is_linear=0
shrinkage=0.03


Tree=21
num_leaves=7
num_cat=0
split_feature=1 0 0 3 3 0
split_gain=12.1882 12.6328 9.75359 9.6078 2.16949 4.79579
threshold=0.37179833650588995 -1.4714441299438474 -2.38952624797821 -1.5955495238304136 -1.0235788226127622 -1.40933221578598
decision_type=2 2 2 2 2 2
left_child=1 2 -1 -3 -2 -6
right_child=4 3 -4 -5 5 -7
leaf_value=0.0034497512047177784 -0.0011677569190285924 -0.0022428893189036232 -0.0026833986706471698 0.0047183198391755584 -0.0021338777483574209 -0.014564735556803661
leaf_weight=286.60730293020606 86.732535764575005 198.72771506756544 907.19023790955544 849.64103792607784 84.181857481598854 49.595414757728577
leaf_count=672 181 410 2231 1588 253 112
internal_value=0.000234333 0.000938198 -0.00112894 0.00332531 -0.00615604 -0.00842745
internal_weight=2462.68 2242.17 1193.8 1048.37 220.51 133.777
internal_count=5447 4901 2903 1998 546 365
is_linear=0
shrinkage=0.03


Tree=22
num_leaves=7
num_cat=0
split_feature=0 1 3 1 3 0
split_gain=9.84344 8.44792 7.92641 10.3347 9.13093 5.66228
threshold=-1.4714441299438474 0.064224511384964003 -1.1329931020736692 -0.050421604886651032 -1.8265675306320188 -0.94815751910209645
decision_type=2 2 2 2 2 2
left_child=2 -2 4 -4 -1 -3
right_child=1 5 3 -5 -6 -7
leaf_value=0.0011772182895894376 0.0042039448094770039 0.001925692397363012 0.003415683245536399 -0.0030892822825020652 -0.0074119431580121509 -0.004599952265597917
leaf_weight=142.07002866268158 688.23174091428518 235.24110166728497 413.63978477567434 424.75577894598246 319.57810884714127 196.93039736151695
leaf_count=362 1311 477 946 1140 791 381
internal_value=0.000103289 0.00216679 -0.00163551 5.49863e-05 -0.00470497 -0.000987133
internal_weight=2420.45 1120.4 1300.04 838.396 461.648 432.171
internal_count=5408 2169 3239 2086 1153 858
is_linear=0
shrinkage=0.03


Tree=23
num_leaves=7
num_cat=0
split_feature=2 0 4 2 0 0
split_gain=8.45757 6.9864 7.02623 4.92555 15.1412 8.20266
threshold=0.16903953254222873 -1.2083342075347898 1.0000000180025095e-35 -0.36672824621200556 -2.1664868593215938 -1.4749506711959837
decision_type=2 2 2 2 2 2
left_child=3 2 -2 4 -1 -5
right_child=1 -3 -4 5 -6 -7
leaf_value=0.0069505646606864528 -0.0082401102477986429 0.00097591026956491995 0 -0.000472951443633748 -0.0076813659509999948 0.0037643079374234064
leaf_weight=73.347798198461533 256.33982565999031 199.96158477663994 121.60493352264166 846.59389324486256 172.00274683535099 735.72106745094061
leaf_count=171 722 415 291 2032 399 1392
internal_value=-0.000140743 -0.00326183 -0.00559105 0.000838294 -0.00288684 0.00148217
internal_weight=2405.57 577.906 377.945 1827.67 245.351 1582.31
internal_count=5422 1428 1013 3994 570 3424
is_linear=0
shrinkage=0.03


Tree=24
num_leaves=7
num_cat=0
split_feature=1 2 2 2 0 0
split_gain=13.5746 5.63977 10.7979 6.12541 3.9277 1.55609
threshold=0.37179833650588995 0.028490640223026279 -0.061287600547075265 0.051771324127912528 -0.84788504242897023 -2.1439442634582515
decision_type=2 2 2 2 2 2
left_child=1 2 -1 -3 5 -2
right_child=4 3 -4 -5 -6 -7
leaf_value=0.00016806975291479474 -0.0020760492367667845 -0.0086201651959754277 0.0061740171920489067 -0.00027997998714096074 0.00049826002172378568 -0.010601705921667389
leaf_weight=1048.2801424562931 58.619907855987549 73.050916388630867 353.92671251296997 673.22027349099517 36.207893550395966 121.12853559479117
leaf_count=2279 156 171 732 1643 81 318
internal_value=-5.84803e-05 0.000660359 0.00179171 -0.00137837 -0.00691406 -0.00860794
internal_weight=2364.43 2148.48 1402.21 746.271 215.956 179.748
internal_count=5380 4825 3011 1814 555 474
is_linear=0
shrinkage=0.03


Tree=25
num_leaves=7
num_cat=0
split_feature=3 0 3 1 3 3
split_gain=11.7801 8.09829 8.4718 8.03349 4.55006 1.38179
threshold=0.49634957313537603 -1.4749506711959837 -1.1539148688316343 0.11877865716814996 1.4353234171867373 0.69912046194076549
decision_type=2 2 2 2 2 2
left_child=1 2 -1 -3 5 -2
right_child=4 3 -4 -5 -6 -7
leaf_value=-0.0045821130548640001 -0.0023488696827093738 0.0040668791848690045 0.00064735567637853994 -0.0016519214067550708 0.0007740621461390007 -0.0097810137054132901
leaf_weight=430.02762140333652 72.992502495646477 693.65889327228069 681.40600034222007 289.42966232448816 50.238502129912376 142.36003991216421
leaf_count=1102 190 1330 1661 595 128 371
internal_value=-0.000407086 0.000342012 -0.00136819 0.00232403 -0.00613501 -0.00793054
internal_weight=2360.11 2094.52 1111.43 983.089 265.591 215.353
internal_count=5377 4688 2763 1925 689 561
is_linear=0
shrinkage=0.03


Tree=26
num_leaves=7
num_cat=0
split_feature=0 2 5 0 3 2
split_gain=9.02965 7.81858 9.43118 7.07585 7.83283 7.12782
threshold=-1.1136702895164488 0.1483757942914963 1.0000000180025095e-35 -0.93979761004447926 -1.5843290686607359 -0.13092255592346189
decision_type=2 2 2 2 2 2
left_child=1 -1 -3 5 -5 -2
right_child=3 2 -4 4 -6 -7
leaf_value=0.00035330149428298692 -0.0003270840954934589 -0.0015953789458662984 -0.012479229730742308 -0.0055758890310482695 0.0031854573231771032 0.011593133907277047
leaf_weight=1315.3407320231199 50.247883938252926 354.65113785117865 79.254031203687191 96.732497654855251 380.04601608961821 124.88326302915812
leaf_count=3049 106 866 317 201 719 244
internal_value=0.000328591 -0.000771259 -0.0041778 0.00330419 0.00113419 0.00818257
internal_weight=2401.16 1749.25 433.905 651.91 476.779 175.131
internal_count=5502 4232 1183 1270 920 350
is_linear=0
shrinkage=0.03


Tree=27
num_leaves=7
num_cat=0
split_feature=2 2 2 2 3 3
split_gain=11.0006 12.1619 6.97547 5.18668 3.9421 2.65082
threshold=0.033210948109626777 -0.37377294898033137 -0.34065043926239008 0.070482410490512862 0.24965338408946994 -0.94243836402893055
decision_type=2 2 2 2 2 2
left_child=1 5 -3 -2 -5 -1
right_child=3 2 -4 4 -6 -7
leaf_value=0 -0.0080329848430032522 0.012565878994687607 0.0024241543914161347 -0.00021840918367200626 -0.0056141371819363496 -0.0064817226468632215
leaf_weight=86.761424154043198 108.62919281423092 50.527746565639973 1124.6756413802505 679.01375125348568 136.89054724946618 138.27659184485674
leaf_count=229 267 107 2421 1667 408 317
internal_value=0.000167265 0.0018581 0.00311337 -0.00231517 -0.00130814 -0.00417144
internal_weight=2324.77 1400.24 1175.2 924.533 815.904 225.038
internal_count=5416 3074 2528 2342 2075 546
is_linear=0
shrinkage=0.03


Tree=28
num_leaves=7
num_cat=0
split_feature=2 3 3 2 3 4
split_gain=9.75148 14.7368 11.8117 11.4684 8.41459 7.51662
threshold=0.16903953254222873 -1.5594444274902342 -0.16268533468246457 -0.16235569864511487 -0.89113444089889515 1.0000000180025095e-35
decision_type=2 2 2 2 2 2
left_child=1 3 -3 -1 -2 -6
right_child=4 2 -4 -5 5 -7
leaf_value=-0.011316027220825598 0.00025451959781352891 0.004282861637909057 -0.0013366577112327845 0 -0.0090340406052782235 0.0018880204219539985
leaf_weight=115.23336458206177 262.99554004892707 957.12122759595513 480.98200938478112 206.66282366216183 236.25717274844646 54.122044116258621
leaf_count=310 600 2026 1139 490 675 138
internal_value=-3.18621e-05 0.00103861 0.00236968 -0.00452334 -0.00345859 -0.00681455
internal_weight=2313.37 1760 1438.1 321.896 553.375 290.379
internal_count=5378 3965 3165 800 1413 813
is_linear=0
shrinkage=0.03


Tree=29
num_leaves=7
num_cat=0
split_feature=1 0 0 1 3 3
split_gain=12.9146 7.90318 9.49641 4.02409 2.92634 2.54535
threshold=0.38773125410079962 0.10128532722592355 -0.49786071479320521 0.57439470291137706 -0.037680419161915772 -0.74590376019477833
decision_type=2 2 2 2 2 2
left_child=1 2 -1 4 -2 -5
right_child=3 -3 -4 5 -6 -7
leaf_value=0.0014972057206510347 -0.012274557466018165 0.011975486266891855 -0.0064334760034383404 0.0039396617303326239 0 -0.0049112247193615404
leaf_weight=1934.6824354194105 80.27441330999136 41.613135695457458 124.29183465987444 35.696592167019844 31.066254436969757 39.190776236355305
leaf_count=4544 202 79 248 80 109 119
internal_value=0.000574322 0.00129026 0.000932317 -0.00655225 -0.00974552 -0.000118809
internal_weight=2286.82 2100.59 2058.97 186.228 111.341 74.8874
internal_count=5381 4871 4792 510 311 199
is_linear=0
shrinkage=0.03


Tree=30
num_leaves=7
num_cat=0
split_feature=1 3 3 0 3 2
split_gain=8.77055 6.35839 10.246 5.6698 2.85659 7.69413
threshold=0.37179833650588995 -1.5343680977821348 -1.8265675306320188 -0.37816277146339411 -0.89113444089889515 0.41615512967109686
decision_type=2 2 2 2 2 2
left_child=1 2 -1 -3 5 -2
right_child=4 3 -4 -5 -6 -7
leaf_value=0.0013690188704053028 -0.008497912778359323 0.00063197623486784449 -0.0075361653506088025 0.0075458811217288847 -0.0091202211153694739 0.0054049259666715792
leaf_weight=218.20335268229246 49.280010487884283 1573.3853055946529 198.68783049285412 98.311642363667488 103.54562099277973 51.512910895049572
leaf_count=538 121 3610 502 193 331 111
internal_value=-0.000272898 0.00030247 -0.00288851 0.00115845 -0.00592398 -0.00117733
internal_weight=2292.93 2088.59 416.891 1671.7 204.339 100.793
internal_count=5406 4843 1040 3803 563 232
is_linear=0
shrinkage=0.03


Tree=31
num_leaves=7
num_cat=0
split_feature=1 0 0 1 1 7
split_gain=6.61787 4.63488 6.56007 4.326 3.03142 2.99428
threshold=0.37179833650588995 -1.4653264284133909 -2.423694252967834 0.10353451222181322 0.57439470291137706 1.0000000180025095e-35
decision_type=2 2 2 2 2 2
left_child=1 2 -1 -3 5 -2
right_child=4 3 -4 -5 -6 -7
leaf_value=0.0034154173926634929 -0.010443419456891371 0.0033113868286952456 -0.001934134940795621 -0.0010091915912334094 0 0
leaf_weight=242.10266888141632 78.478005349636078 696.12766373902559 893.09561248868704 257.111661657691 77.139898300170898 39.411829844117165
leaf_count=588 263 1412 2327 534 199 90
internal_value=1.37014e-05 0.000550577 -0.000701923 0.00208758 -0.00497278 -0.00763861
internal_weight=2283.47 2088.44 1135.2 953.239 195.03 117.89
internal_count=5413 4861 2915 1946 552 353
is_linear=0
shrinkage=0.03


Tree=32
num_leaves=7
num_cat=0
split_feature=7 2 1 2 2 2
split_gain=5.04732 7.62524 4.75635 11.0255 7.39655 4.12573
threshold=1.0000000180025095e-35 -0.41643187403678888 -0.18242768198251721 -0.24931240081787107 -0.24546119570732114 0.2232448682188988
decision_type=2 2 2 2 2 2
left_child=2 -2 4 -4 -1 -3
right_child=1 5 3 -5 -6 -7
leaf_value=-0.0011603251405752565 -0.0068916498148697911 0.0051146098831031765 0.0074351605090147961 -0.0022972920541016362 0.0061693419360960948 -0.00054070792371064831
leaf_weight=242.37480822205544 44.605265371501446 452.94595316797495 93.976043991744518 1095.7475381568074 203.86822509020567 124.82454174757004
leaf_count=575 118 955 213 2764 477 269
internal_value=0.00049874 0.00276379 -0.000349698 -0.00136872 0.00218058 0.00381522
internal_weight=2258.34 622.376 1635.97 1189.72 446.243 577.77
internal_count=5371 1342 4029 2977 1052 1224
is_linear=0
shrinkage=0.03


Tree=33
num_leaves=7
num_cat=0
split_feature=1 3 3 7 3 3
split_gain=6.492 9.56314 11.9311 2.86162 10.2614 5.51478
threshold=-0.13252467662096021 -1.5955495238304136 -0.4953745156526565 1.0000000180025095e-35 -0.85089063644409169 -1.8998205065727232
decision_type=2 2 2 2 2 2
left_child=1 -1 -3 5 -5 -2
right_child=3 2 -4 4 -6 -7
leaf_value=-0.0059593190971940664 0.0037654435677573601 0.0064996558262273001 -0.0013298217226951638 0.0031421875937687129 -0.0062532871651426597 -0.003529255852931964
leaf_weight=113.35800312459469 78.719972658902407 342.61660482734442 308.10566730052233 294.16776226460934 136.84830962866545 985.74535597115755
leaf_count=320 208 731 715 611 308 2507
internal_value=-0.000897371 0.00128283 0.00277397 -0.00205311 0 -0.00287497
internal_weight=2259.56 764.08 650.722 1495.48 431.016 1064.47
internal_count=5400 1766 1446 3634 919 2715
is_linear=0
shrinkage=0.03


Tree=34
num_leaves=7
num_cat=0
split_feature=0 2 0 3 3 1
split_gain=12.6779 5.99466 9.00639 6.04603 4.32209 8.54153
threshold=-1.5711763501167295 0.098478302359581008 -2.4308307170867915 -1.3996766805648801 -1.5343680977821348 0.34555119276046758
decision_type=2 2 2 2 2 2
left_child=1 2 -1 -3 -2 -6
right_child=4 3 -4 -5 5 -7
leaf_value=0.0047885296612912732 -0.0010294221294335976 0.00031870674436658425 -0.0024532699245645149 -0.0079571455529299836 0.0042888078850039412 -0.0047456091304495128
leaf_weight=182.77358653396368 237.80056112259626 94.435788091272116 607.0698562040925 230.42191229388118 797.4347462579608 83.664098676294088
leaf_count=424 534 256 1541 758 1655 226
internal_value=4.65607e-05 -0.00217111 -0.000626521 -0.00549842 0.00230792 0.00327808
internal_weight=2233.6 1114.7 789.843 324.858 1118.9 881.099
internal_count=5394 2979 1965 1014 2415 1881
is_linear=0
shrinkage=0.03


Tree=35
num_leaves=7
num_cat=0
split_feature=3 1 3 3 1 1
split_gain=6.78267 6.49566 9.67971 3.45959 3.45187 4.55782
threshold=0.29049736261367803 0.32140816748142248 -1.5343680977821348 -0.90014880895614613 -0.45465753972530359 -0.098853472620248781
decision_type=2 2 2 2 2 2
left_child=1 2 -1 -3 -2 -6
right_child=4 3 -4 -5 5 -7
leaf_value=-0.0024238863263048409 0.0036438538657765193 0 0.0028105064839329887 -0.0076617516435119421 -0.008916081910625177 -0.001233785906260736
leaf_weight=391.68655535206199 29.733070082962513 122.67299345508218 1284.5549333021045 89.290071465075016 116.92885986715555 202.97493613138795
leaf_count=1012 77 296 2932 282 295 568
internal_value=0.000132273 0.000876951 0.00153786 -0.00377291 -0.00355688 -0.00457768
internal_weight=2237.84 1888.2 1676.24 211.963 349.637 319.904
internal_count=5462 4522 3944 578 940 863
is_linear=0
shrinkage=0.03


Tree=36
num_leaves=7
num_cat=0
split_feature=7 2 1 1 2 1
split_gain=7.23245 12.9111 8.88143 6.54374 6.52116 1.07044
threshold=1.0000000180025095e-35 -0.38163582980632776 0.39487975835800176 0.34009197354316717 -0.0038006940158084031 0.56131100654602062
decision_type=2 2 2 2 2 2
left_child=2 -2 3 -1 -3 -4
right_child=1 4 5 -5 -6 -7
leaf_value=-0.00047444160380608367 -0.0087982096306317027 0.0078819122680203087 -0.011218265684718436 0.0094681772738062515 0.0011673591954583793 -0.0024193268315882352
leaf_weight=1456.0097862668335 52.8236004114151 257.40280423313379 54.514184530824423 42.010177552700043 307.85628814995289 58.209337785840034
leaf_count=3588 142 539 200 122 661 171
internal_value=0.000298014 0.00302229 -0.000734813 -3.50174e-05 0.00449235 -0.0081759
internal_weight=2228.83 618.083 1610.74 1498.02 565.259 112.724
internal_count=5423 1342 4081 3710 1200 371
is_linear=0
shrinkage=0.03


Tree=37
num_leaves=7
num_cat=0
split_feature=2 3 3 0 3 0
split_gain=9.00992 8.19948 7.81672 7.33275 4.77816 7.1064
threshold=0.18784066289663318 -1.2822953462600706 -0.17414048314094541 -2.3566716909408565 -1.3462581038475034 -1.0876108407974241
decision_type=2 2 2 2 2 2
left_child=1 3 -3 -1 -2 -6
right_child=4 2 -4 -5 5 -7
leaf_value=-0.0091348426783530879 0.00092242740783803848 0.0043748420782854106 -0.00038422094428179805 -2.8005313354608287e-05 -0.0077639564812672732 0.00098774926812831296
leaf_weight=82.746375627815723 137.72522694244981 752.80089022964239 478.10888969898224 414.63233444839716 248.26169576123357 98.811288140714169
leaf_count=220 329 1672 1189 1043 777 218
internal_value=0.000133818 0.00117758 0.00250178 -0.00195359 -0.00336754 -0.00519084
internal_weight=2213.09 1728.29 1230.91 497.379 484.798 347.073
internal_count=5448 4124 2861 1263 1324 995
is_linear=0
shrinkage=0.03


Tree=38
num_leaves=5
num_cat=0
split_feature=0 3 0 1
split_gain=5.44115 4.72819 4.78153 3.84216
threshold=0.10128532722592355 0.49634957313537603 -0.93979761004447926 -0.3852862268686294
decision_type=2 2 2 2
left_child=1 2 -1 -3
right_child=-2 3 -4 -5
leaf_value=0.00072985232652070871 0.0082338907653564577 0.0033915047016822766 -0.0031145740903790087 -0.0056373905269354726
leaf_weight=1562.2151417657733 45.676137953996658 28.681513637304306 336.73713503777981 222.59453645348549
leaf_count=3899 85 77 721 642
internal_value=-0.000224751 -0.000506305 0 -0.00421156
internal_weight=2195.9 2150.23 1898.95 251.276
internal_count=5424 5339 4620 719
is_linear=0
shrinkage=0.03


Tree=39
num_leaves=7
num_cat=0
split_feature=7 2 1 0 0 0
split_gain=7.51324 14.0882 7.85493 7.14699 3.51447 1.94885
threshold=1.0000000180025095e-35 -0.38163582980632776 0.39487975835800176 -2.3566716909408565 -1.8819693326950071 -1.3386775851249693
decision_type=2 2 2 2 2 2
left_child=2 -2 4 -3 -1 -4
right_child=1 3 5 -5 -6 -7
leaf_value=-0.0020372788006199453 -0.00957856007982919 -0.0051504361937687445 -0.0030974647439775032 0.0055350798878954065 0.0009110685874916106 -0.014070357060197373
leaf_weight=585.83925466611981 50.837354682385921 41.415562272071838 75.935153070837259 519.15141179040074 869.42663859575987 25.999146170914173
leaf_count=1616 140 91 272 1124 2046 82
internal_value=0.000174127 0.00296072 -0.000905602 0.00449204 -0.000246691 -0.00823706
internal_weight=2168.6 611.404 1557.2 560.567 1455.27 101.934
internal_count=5371 1355 4016 1215 3662 354
is_linear=0
shrinkage=0.03


Tree=40
num_leaves=7
num_cat=0
split_feature=1 0 1 1 1 2
split_gain=6.24733 6.64462 6.50984 6.23409 3.46899 3.39228
threshold=-0.36423584818840021 -1.4749506711959837 -0.45465753972530359 0.064224511384964003 -0.70577925443649281 -0.017781428992748257
decision_type=2 2 2 2 2 2
left_child=2 5 4 -3 -1 -2
right_child=1 3 -4 -5 -6 -7
leaf_value=-0.00602243822171937 0.00059016575750771847 0.0045266195505925819 -0.0095575371117122138 -0.00034940217139105918 0.0028606402479265697 -0.0027226907290404177
leaf_weight=38.577520847320557 512.29864146560431 515.26928550750017 99.368565253913403 379.2500016503036 101.89523508399725 522.25203736498952
leaf_count=94 1279 1095 238 856 255 1582
internal_value=-1.08406e-05 0.000544476 -0.00440635 0.00243129 0 -0.00104522
internal_weight=2168.91 1929.07 239.841 894.519 140.473 1034.55
internal_count=5399 4812 587 1951 349 2861
is_linear=0
shrinkage=0.03


Tree=41
num_leaves=7
num_cat=0
split_feature=3 3 2 3 7 2
split_gain=5.62555 8.96654 12.2905 4.11127 6.93074 3.455
threshold=-1.5594444274902342 -0.4953745156526565 -0.084459584206342683 -1.8265675306320188 1.0000000180025095e-35 0.49145439267158514
decision_type=2 2 2 2 2 2
left_child=3 2 -2 -1 -5 -3
right_child=1 5 -4 4 -6 -7
leaf_value=-1.8835149429408559e-05 0.0067221399988357678 -0.00076826684723982884 -4.1083943378411277e-05 -0.010510547277188094 0.00020241167661542932 -0.0079948878591151462
leaf_weight=230.74954402446747 388.85098238289356 747.58233008906245 549.03736443445086 105.63138710707426 75.837333358824253 49.317917838692665
leaf_count=589 855 1937 1344 330 179 168
internal_value=1.62894e-05 0.000798431 0.00278214 -0.00302111 -0.00616004 -0.00147374
internal_weight=2147.01 1734.79 937.888 412.218 181.469 796.9
internal_count=5402 4304 2199 1098 509 2105
is_linear=0
shrinkage=0.03


Tree=42
num_leaves=5
num_cat=0
split_feature=0 2 3 1
split_gain=7.3801 9.78292 6.41513 4.81
threshold=0.10128532722592355 0.17284101247787478 -1.2247896194458006 -0.043376710265874856
decision_type=2 2 2 2
left_child=1 3 -3 -1
right_child=-2 2 -4 -5
leaf_value=0.0020305863037706675 0.010013193900774606 0.00042796595881044048 -0.0065624256944588752 -0.0012098761541145997
leaf_weight=933.85470712184906 42.181816712021828 155.65484442189336 313.31187300384045 686.10964880511165
leaf_count=2295 85 384 963 1667
internal_value=-0.000133393 -0.00045975 -0.00419693 0.000623537
internal_weight=2131.11 2088.93 468.967 1619.96
internal_count=5394 5309 1347 3962
is_linear=0
shrinkage=0.03


Tree=43
num_leaves=7
num_cat=0
split_feature=2 3 0 3 3 0
split_gain=7.19189 9.17828 8.30029 7.36098 3.51662 4.94361
threshold=-0.032470112666487687 -1.2520864009857176 -0.81633129715919484 -0.17414048314094541 0.40687128901481634 -0.92935958504676808
decision_type=2 2 2 2 2 2
left_child=1 2 -1 -3 -2 -6
right_child=4 3 -4 -5 5 -7
leaf_value=-0.0046840526434776021 -0.00077773104362443082 0.0059495169603696191 0.0067448250694669212 0 -0.0087452131525690251 0.0025118710764525983
leaf_weight=253.45377414673567 923.24707936123013 461.51107134670019 50.235079325735569 307.33695973455906 102.55282350257039 28.691839978098869
leaf_count=705 2397 1002 116 760 350 64
internal_value=0.000147508 0.00188528 -0.00230823 0.00363427 -0.00156635 -0.00588082
internal_weight=2127.03 1072.54 303.689 768.848 1054.49 131.245
internal_count=5394 2583 821 1762 2811 414
is_linear=0
shrinkage=0.03


Tree=44
num_leaves=7
num_cat=0
split_feature=3 7 3 3 0 0
split_gain=7.63325 9.00489 12.1569 11.766 5.71135 3.34533
threshold=0.030338943004608158 1.0000000180025095e-35 -0.85089063644409169 -1.0862999558448789 -1.6690759062767027 -2.017833828926086
decision_type=2 2 2 2 2 2
left_child=1 3 -3 -1 5 -2
right_child=4 2 -4 -5 -6 -7
leaf_value=-0.0041840060142694759 -0.0026040141777356734 0.0066178030331651419 -0.0034999797243232206 0.0019032136096690973 0 -0.011393106410814226
leaf_weight=462.99922180175781 133.32754041999578 398.14957316219807 120.83552562445402 669.75508012995124 249.46638181433082 77.270162254571915
leaf_count=1298 433 897 282 1632 625 236
internal_value=-2.85609e-05 0.000900972 0.0041083 -0.000562236 -0.00338929 -0.00679745
internal_weight=2111.8 1651.74 518.985 1132.75 460.064 210.598
internal_count=5403 4109 1179 2930 1294 669
is_linear=0
shrinkage=0.03


Tree=45
num_leaves=7
num_cat=0
split_feature=2 2 0 0 4 2
split_gain=9.95752 8.20908 11.0588 7.02365 10.1519 4.02065
threshold=0.033210948109626777 -0.058711189776659005 -0.93979761004447926 -2.2675479650497432 1.0000000180025095e-35 0.086056925356388106
decision_type=2 2 2 2 2 2
left_child=1 -1 -3 4 -2 -5
right_child=3 2 -4 5 -6 -7
leaf_value=0.00021527494155487565 -0.013536453110798494 0.0083718835579383484 -0.0041200873020221518 -0.0055227584488546574 0.00010256738640299786 0.00011220483780850313
leaf_weight=955.26002630591393 89.276295840740204 261.45962867885828 62.018707677721977 117.22258433699608 73.236551500856876 560.14356833323836
leaf_count=2343 302 632 126 292 207 1542
internal_value=3.08467e-05 0.0017158 0.00570174 -0.002445 -0.00772357 -0.000907346
internal_weight=2118.62 1278.74 323.478 839.879 162.513 677.366
internal_count=5444 3101 758 2343 509 1834
is_linear=0
shrinkage=0.03


Tree=46
num_leaves=7
num_cat=0
split_feature=3 3 2 0 3 0
split_gain=6.23446 6.88017 11.1455 8.64214 3.73195 5.07621
threshold=-0.17414048314094541 -1.2608357071876524 0.17284101247787478 -1.4749506711959837 -0.037680419161915772 -0.64061820507049549
decision_type=2 2 2 2 2 2
left_child=1 3 -3 -1 -2 -6
right_child=4 2 -4 -5 5 -7
leaf_value=-0.0042669512525863231 -0.0075105812576172432 0.0046729047095606041 -0.0031174623224760347 0.0025063347218110999 -0.0022329962795011194 0.0063814167411198304
leaf_weight=336.42924398556352 87.045159164816141 716.54028989747167 188.19844956323504 295.13189332559705 431.81802846491337 49.408482097089291
leaf_count=971 242 1628 550 678 1268 102
internal_value=0.000269107 0.00128619 0.00295514 -0.0010299 -0.00232878 -0.00100949
internal_weight=2104.57 1536.3 904.739 631.561 568.272 481.227
internal_count=5439 3827 2178 1649 1612 1370
is_linear=0
shrinkage=0.03


Tree=47
num_leaves=7
num_cat=0
split_feature=1 1 3 2 3 3
split_gain=5.31197 4.65628 5.15049 2.47116 3.21759 2.67333
threshold=0.37179833650588995 -0.70577925443649281 0.099982075393199935 0.42613244056701666 -0.23346863687038419 -0.89113444089889515
decision_type=2 2 2 2 2 2
left_child=1 -1 -3 4 -2 -5
right_child=3 2 -4 5 -6 -7
leaf_value=-0.0078643177111882116 -0.010801603402586072 0.0019076728929601371 -0.0019375466124589157 0.0037976859234913241 0 -0.0045963285019290801
leaf_weight=32.344828404486179 55.212252624332905 1495.5032783150673 363.58921437710524 44.476668678224087 24.672404877841473 49.986987177282572
leaf_count=82 167 3739 1007 108 102 177
internal_value=0.00034186 0.000845545 0.0011111 -0.00433839 -0.00767224 -0.000146955
internal_weight=2065.79 1891.44 1859.09 174.348 79.8847 94.4637
internal_count=5382 4828 4746 554 269 285
is_linear=0
shrinkage=0.03


Tree=48
num_leaves=7
num_cat=0
split_feature=2 2 1 4 3 3
split_gain=6.68295 10.9663 8.76213 8.42505 9.71152 7.51288
threshold=0.028490640223026279 -0.064663037657737718 -0.1198296695947647 1.0000000180025095e-35 -0.94243836402893055 0.35769796371459966
decision_type=2 2 2 2 2 2
left_child=1 2 -1 4 -2 -3
right_child=3 5 -4 -5 -6 -7
leaf_value=0.0016940671890676932 0.00018009227238187909 0.0074573712927364939 -0.0042630148936880176 0.0025134782323873051 -0.007140499803912021 -0.0044935177551810685
leaf_weight=570.84178008139133 259.01153188198805 286.49320541322231 332.19141086935997 215.71035761013627 355.85725910589099 35.652283400297165
leaf_count=1448 641 665 806 623 1093 93
internal_value=-0.000185966 0.00118464 -0.0004772 -0.00225859 -0.00405369 0.00577403
internal_weight=2055.76 1225.18 903.033 830.579 614.869 322.145
internal_count=5369 3012 2254 2357 1734 758
is_linear=0
shrinkage=0.03


Tree=49
num_leaves=7
num_cat=0
split_feature=0 3 6 1 0 1
split_gain=10.1009 7.80929 9.36742 7.5732 4.70761 3.73798
threshold=-1.4714441299438474 -0.76144114136695851 1.0000000180025095e-35 0.26913334429264074 -2.4359731674194331 0.10353451222181322
decision_type=2 2 2 2 2 2
left_child=4 2 -2 -3 -1 -6
right_child=1 3 -4 -5 5 -7
leaf_value=0.001954773300991094 0.007072480237236986 0.00142335180763043 -0.0034029151539604792 -0.0085173588458922565 -0.0038965029231769494 9.9537403952035077e-05
leaf_weight=226.04353021085262 389.92097757011652 380.79793689399958 73.370488360524178 62.931618854403496 619.84278329834342 270.0170182697475
leaf_count=624 927 845 159 191 1720 874
internal_value=0.000226255 0.00257334 0.0052172 -0.000163634 -0.00164039 -0.00264247
internal_weight=2022.92 907.021 463.291 443.73 1115.9 889.86
internal_count=5340 2122 1086 1036 3218 2594
is_linear=0
shrinkage=0.03


Tree=50
num_leaves=7
num_cat=0
split_feature=3 3 1 3 2 1
split_gain=4.65372 6.19766 7.63516 5.12033 3.59978 3.78688
threshold=-0.4953745156526565 -1.5343680977821348 -0.050421604886651032 -1.7490004301071165 0.47759988903999334 0.035018494352698333
decision_type=2 2 2 2 2 2
left_child=1 3 -3 -1 5 -2
right_child=4 2 -4 -5 -6 -7
leaf_value=0.0003458874938219837 -0.0028469675721445021 0.0053659828585629638 -0.00013626583002671692 -0.0061583251116778684 -0.00842830035085128 0.0015052420063539165
leaf_weight=261.81047278642654 469.40519870817661 382.9734997227788 470.97452783212066 147.59663335606456 56.355982795357704 248.90534308180213
leaf_count=701 1219 887 1210 409 194 751
internal_value=-0.000229005 0.000857756 0.00232902 -0.00203685 -0.00205382 -0.00125767
internal_weight=2038.02 1263.36 853.948 409.407 774.667 718.311
internal_count=5371 3207 2097 1110 2164 1970
is_linear=0
shrinkage=0.03


Tree=51
num_leaves=7
num_cat=0
split_feature=3 0 0 0 1 0
split_gain=3.77177 4.86753 8.11611 4.69473 7.53031 3.25218
threshold=-1.603879928588867 -0.9692891240119933 -1.4653264284133909 -1.7002202272415159 -0.17228824645280835 -2.0521612167358394
decision_type=2 2 2 2 2 2
left_child=1 2 -1 5 -5 -2
right_child=3 -3 -4 4 -6 -7
leaf_value=-0.0043113737930282605 9.2859533266278683e-05 -0.008841936940560232 0.0059337377765713694 0.0059874514635441202 3.0055762150660355e-05 -0.0037993837770994299
leaf_weight=178.53218759596348 462.11505185067654 76.146645113825798 85.530320346355438 254.21235838532448 698.42035045102239 279.65224665403366
leaf_count=556 1365 190 210 608 1682 796
internal_value=-0.000189904 -0.00299792 -0.000597605 0.000367301 0.00177192 -0.00135701
internal_weight=2034.61 340.209 264.063 1694.4 952.633 741.767
internal_count=5407 956 766 4451 2290 2161
is_linear=0
shrinkage=0.03


Tree=52
num_leaves=7
num_cat=0
split_feature=1 0 0 1 2 2
split_gain=6.15604 3.99513 8.7276 4.83474 1.63514 2.70457
threshold=0.24082365632057193 -2.3227392435073848 -2.1439442634582515 0.10689868777990343 0.42613244056701666 0.71470531821250927
decision_type=2 2 2 2 2 2
left_child=1 3 -3 -1 -2 -6
right_child=4 2 -4 -5 5 -7
leaf_value=0.0057593551663107732 -0.0049751532990072837 -0.007071665090120703 0.00077627416372021629 -0.0032957770186433409 0.0022600798165902688 -0.006197546784878152
leaf_weight=221.122702550143 233.14728878811002 121.31275192648172 1287.6750823706388 44.772258140146732 85.186747975647449 29.397741571068764
leaf_count=622 693 360 3226 133 264 88
internal_value=-6.6986e-05 0.000667323 0 0.00390086 -0.00361095 -6.25211e-05
internal_weight=2022.61 1674.88 1408.99 265.895 347.732 114.584
internal_count=5386 4341 3586 755 1045 352
is_linear=0
shrinkage=0.03


Tree=53
num_leaves=7
num_cat=0
split_feature=2 3 3 3 3 2
split_gain=4.84358 7.21581 10.8309 5.72539 4.49907 3.82957
threshold=0.16903953254222873 -1.293783903121948 -0.4953745156526565 -1.1985746026039121 -1.9884369373321531 0.37129583954811102
decision_type=2 2 2 2 2 2
left_child=1 4 -3 5 -1 -2
right_child=3 2 -4 -5 -6 -7
leaf_value=0.0032635290831324482 -0.0014116954300995284 0.0052792287376527925 -0.00042370445027713779 -0.0047259441147344183 -0.0036421679097855568 0.0067253812005892118
leaf_weight=83.861146979033947 104.15857487916946 543.27789080142975 597.13683526590466 310.86889339983463 357.43575021997094 63.089216202497482
leaf_count=231 269 1272 1556 1006 987 149
internal_value=0.00018094 0.00100921 0.00228555 -0.00236919 -0.00211519 0.00172783
internal_weight=2059.83 1581.71 1140.41 478.117 441.297 167.248
internal_count=5470 4046 2828 1424 1218 418
is_linear=0
shrinkage=0.03


Tree=54
num_leaves=6
num_cat=0
split_feature=2 0 0 0 0
split_gain=6.19114 5.6939 5.1867 6.50537 1.86027
threshold=-0.38163582980632776 -2.1664868593215938 0.10128532722592355 -0.44420057535171503 -0.94815751910209645
decision_type=2 2 2 2 2
left_child=1 -1 3 -2 -3
right_child=2 4 -4 -5 -6
leaf_value=0.0019213936205181921 0.00065178836686824676 -0.0096298366497058561 0.0093186072649386539 -0.0068085071595046995 0
leaf_weight=55.495961606502533 1730.1169066615403 105.49643133580685 38.356514990329742 91.47555273771286 29.666783049702644
leaf_count=156 4643 302 82 209 74
internal_value=-2.54941e-05 -0.00492888 0.000492314 0.000174699 -0.00801331
internal_weight=2050.61 190.659 1859.95 1821.59 135.163
internal_count=5466 532 4934 4852 376
is_linear=0
shrinkage=0.03


Tree=55
num_leaves=5
num_cat=0
split_feature=0 2 0 2
split_gain=5.61344 4.04941 9.97359 6.84425
threshold=0.10128532722592355 -0.36672824621200556 -2.3049703836441036 0.033210948109626777
decision_type=2 2 2 2
left_child=1 2 -1 -3
right_child=-2 3 -4 -5
leaf_value=0.0060188792970342951 0.0092565659786993486 0.0018481410919082117 -0.0076140452122393631 -0.00185014468589819
leaf_weight=44.675530910491943 37.603255748748779 1006.4260233789682 158.02960358932614 776.66899579204619
leaf_count=118 85 2493 444 2267
internal_value=0 -0.000240913 -0.00406929 0.000201336
internal_weight=2023.4 1985.8 202.705 1783.1
internal_count=5407 5322 562 4760
is_linear=0
shrinkage=0.03


Tree=56
num_leaves=7
num_cat=0
split_feature=1 0 0 2 0 4
split_gain=3.9736 5.60432 10.829 4.91647 4.59915 2.47415
threshold=-0.37660196423530573 -1.4714441299438474 -0.98022964596748341 -0.24546119570732114 -1.7921026349067686 1.0000000180025095e-35
decision_type=2 2 2 2 2 2
left_child=3 4 -3 5 -2 -1
right_child=1 2 -4 -5 -6 -7
leaf_value=-0.008390617292368948 0.00018587133034000288 0.0052971455360897972 -0.0013726956395627916 0.0021949332956151288 -0.0040742389832664067 0
leaf_weight=116.33927390724421 696.5828787535429 445.29267425835133 380.7895340025425 60.92518762499094 301.79143949598074 30.789521068334579
leaf_count=306 2085 1072 900 153 847 92
internal_value=-6.60929e-05 0.000366882 0.00219194 -0.00382521 -0.00109769 -0.00664146
internal_weight=2032.51 1824.46 826.082 208.054 998.374 147.129
internal_count=5455 4904 1972 551 2932 398
is_linear=0
shrinkage=0.03


Tree=57
num_leaves=6
num_cat=0
split_feature=1 1 3 3 7
split_gain=3.3392 3.37075 2.72117 2.48319 2.68533
threshold=0.37179833650588995 -0.70577925443649281 -1.5343680977821348 -0.909552901983261 1.0000000180025095e-35
decision_type=2 2 2 2 2
left_child=1 -1 -3 4 -2
right_child=3 2 -4 -5 -6
leaf_value=-0.0072774212460579033 -0.0039892361702874067 -0.0015914261298422524 0.0012135035027376236 -0.0066744912476353231 0.0049091732050678735
leaf_weight=29.312530413269997 45.913028996437788 360.81727430596948 1456.4971479251981 91.619143091142178 36.757570095360279
leaf_count=82 138 1035 3767 344 76
internal_value=0 0.000378664 0.000612683 -0.00375373 0
internal_weight=2020.92 1846.63 1817.31 174.29 82.6706
internal_count=5442 4884 4802 558 214
is_linear=0
shrinkage=0.03


Tree=58
num_leaves=6
num_cat=0
split_feature=1 0 0 2 2
split_gain=5.53964 3.18576 4.28707 1.65685 3.58326
threshold=0.37179833650588995 1.0000000180025095e-35 -0.66404196619987477 0.54623302817344677 0.37129583954811102
decision_type=2 2 2 2 2
left_child=1 2 -1 4 -2
right_child=3 -3 -4 -5 -6
leaf_value=0.00082999328802025945 -0.0055577404760780115 0.0073374874791243211 -0.00401111218593016 -0.0082742085597999494 0.003735147028283807
leaf_weight=1633.1905289255083 62.852675717324018 41.853851407766342 160.8269198089838 62.062362015247345 43.139429979026318
leaf_count=4391 225 91 375 187 145
internal_value=6.77061e-05 0.000593076 0.000323492 -0.0048052 -0.00130674
internal_weight=2003.93 1835.87 1794.02 168.054 105.992
internal_count=5414 4857 4766 557 370
is_linear=0
shrinkage=0.03


Tree=59
num_leaves=7
num_cat=0
split_feature=2 4 2 5 2 6
split_gain=4.8665 6.67573 5.82189 4.57172 3.55004 3.19308
threshold=-0.022872863337397572 1.0000000180025095e-35 -0.16765401512384412 1.0000000180025095e-35 0.26124115288257604 1.0000000180025095e-35
decision_type=2 2 2 2 2 2
left_child=1 2 -1 5 -5 -2
right_child=3 -3 -4 4 -6 -7
leaf_value=9.4174831392966024e-05 0.00066601599139288906 -0.002939041916523443 0.0052703355663087335 -0.0079221198711593964 0.00022291123735069344 -0.0033140589392701976
leaf_weight=441.85283244028687 557.45489374920726 229.49107708781958 370.82581354677677 135.09441891685128 48.275690387934446 236.81079103425145
leaf_count=1145 1444 640 883 440 221 676
internal_value=-9.31146e-05 0.00128983 0.00259797 -0.00162379 -0.00567171 -0.000499213
internal_weight=2019.81 1042.17 812.679 977.636 183.37 794.266
internal_count=5449 2668 2028 2781 661 2120
is_linear=0
shrinkage=0.03


Tree=60
num_leaves=7
num_cat=0
split_feature=3 7 3 3 1 4
split_gain=5.52676 5.52225 14.0711 2.18688 1.99751 4.47862
threshold=-0.17414048314094541 1.0000000180025095e-35 -1.0809782743453977 -0.85089063644409169 0.088502239435911192 1.0000000180025095e-35
decision_type=2 2 2 2 2 2
left_child=1 2 -1 -3 -2 -6
right_child=4 3 -4 -5 5 -7
leaf_value=-0.004500132775939374 -0.0040305208551545913 0.0043123506428753627 0.0025571919503492601 -0.00018032121126491986 -0.0026409321259520543 0.0069006582796924667
leaf_weight=441.70410841703415 371.92338634282351 366.88994621112943 539.44004933536053 95.045211020857096 155.66449699923396 38.917247004806995
leaf_count=1290 1038 876 1361 228 527 105
internal_value=-0.000313601 0.00064284 -0.000586463 0.00329434 -0.00279112 0
internal_weight=2009.58 1443.08 981.144 461.935 566.505 194.582
internal_count=5425 3755 2651 1104 1670 632
is_linear=0
shrinkage=0.03


Tree=61
num_leaves=6
num_cat=0
split_feature=1 2 5 2 7
split_gain=5.35995 3.15046 5.03942 4.7926 0.796747
threshold=0.38773125410079962 -0.36672824621200556 1.0000000180025095e-35 -0.50615835189819325 1.0000000180025095e-35
decision_type=2 2 2 2 2
left_child=1 3 -3 -1 -2
right_child=4 2 -4 -5 -6
leaf_value=0.001114913522118419 -0.0071779857383114003 0.0013416028947029529 -0.0025385631416109363 -0.0072488431807333923 -0.00082978553578616119
leaf_weight=89.731314033269882 97.000540744513273 1260.3898926824331 368.59134732931852 108.25397249311209 55.811276152729988
leaf_count=262 376 3224 1110 298 137
internal_value=-0.000519446 -8.68499e-06 0.000407107 -0.00342845 -0.005571
internal_weight=1979.78 1826.97 1628.98 197.985 152.812
internal_count=5407 4894 4334 560 513
is_linear=0
shrinkage=0.03


Tree=62
num_leaves=7
num_cat=0
split_feature=1 3 7 1 3 3
split_gain=4.99194 2.86041 4.26671 2.7136 1.37905 1.63446
threshold=0.38773125410079962 -1.5594444274902342 1.0000000180025095e-35 -0.11459963023662566 -0.89113444089889515 -1.3625164628028867
decision_type=2 2 2 2 2 2
left_child=1 2 -1 -3 5 -2
right_child=4 3 -4 -5 -6 -7
leaf_value=-0.0045267860714982219 -0.0039703279695385467 0.0027037057639844883 0.001651973457883565 3.9903693282593064e-05 -0.0070435108916693003 0.0029491938476766412
leaf_weight=199.85779345035553 47.102800525724888 589.00871448218822 152.46987139433622 902.30173839628696 83.562584597617388 31.132181491702795
leaf_count=651 122 1514 366 2399 331 92
internal_value=6.31886e-05 0.000554319 -0.00174667 0.00115356 -0.00464839 -0.000566208
internal_weight=2005.44 1843.64 352.328 1491.31 161.798 78.235
internal_count=5475 4930 1017 3913 545 214
is_linear=0
shrinkage=0.03


Tree=63
num_leaves=6
num_cat=0
split_feature=1 2 5 2 2
split_gain=4.0342 4.18577 8.71581 7.9447 1.1253
threshold=0.38773125410079962 -0.37377294898033137 1.0000000180025095e-35 -0.34065043926239008 0.58225375413894664
decision_type=2 2 2 2 2
left_child=1 2 -1 -3 -2
right_child=4 3 -4 -5 -6
leaf_value=-0.0075761207089278648 -0.0063005008627495676 0.011071686208680995 0.0051939653695544279 0.00014985579842216877 0
leaf_weight=140.63966888189316 101.62953040748835 42.951163776218891 46.621334969997406 1591.1507485620677 49.643897067755461
leaf_count=420 360 112 128 4259 155
internal_value=-0.000311631 6.91983e-05 -0.00391292 0.0006036 -0.00471986
internal_weight=1972.64 1821.36 187.261 1634.1 151.273
internal_count=5434 4919 548 4371 515
is_linear=0
shrinkage=0.03


Tree=64
num_leaves=7
num_cat=0
split_feature=1 1 0 0 0 0
split_gain=4.75708 3.24562 4.07966 1.74063 1.2092 1.23581
threshold=0.37179833650588995 0.27781111001968389 -1.4714441299438474 -1.1477264165878294 -0.81633129715919484 -2.1439442634582515
decision_type=2 2 2 2 2 2
left_child=1 2 -1 -3 5 -2
right_child=4 3 -4 -5 -6 -7
leaf_value=-0.0020564126529318346 -0.00058481633372502607 0.0064040825645178328 0.00084722489668887359 -1.29238430840327e-05 0 -0.0083052425752573201
leaf_weight=929.3755339384079 47.829404253512621 73.061505146324635 753.6155257448554 34.272954497486353 24.38689823448658 91.837729409337044
leaf_count=2730 166 212 1807 87 73 329
internal_value=-0.000866657 -0.000354417 -0.000726299 0.00420367 -0.00548481 -0.00644157
internal_weight=1954.38 1790.33 1682.99 107.334 164.054 139.667
internal_count=5404 4836 4537 299 568 495
is_linear=0
shrinkage=0.03


Tree=65
num_leaves=7
num_cat=0
split_feature=1 2 2 2 2 2
split_gain=4.23565 3.57494 3.24693 1.98978 0.215125 1.67922
threshold=0.41006210446357733 -0.37377294898033137 -0.34065043926239008 -0.43167677521705622 0.54623302817344677 0.42613244056701666
decision_type=2 2 2 2 2 2
left_child=1 3 -3 -1 5 -2
right_child=4 2 -4 -5 -6 -7
leaf_value=-0.00024943877667710809 -0.0045517216386795605 0.0080121644261034585 0.0008355455134558972 -0.0069448103582704064 -0.0065123539712668675 0.0024349829903627467
leaf_weight=133.65423186123371 50.983090821653605 42.108267396688461 1619.056698769331 55.09018174931407 52.34543039649725 26.206923827528954
leaf_count=397 196 111 4320 155 173 90
internal_value=0.000252866 0.000667045 0.00114631 -0.00296925 -0.00455893 -0.00154936
internal_weight=1979.44 1849.91 1661.16 188.744 129.535 77.19
internal_count=5442 4983 4431 552 459 286
is_linear=0
shrinkage=0.03


Tree=66
num_leaves=7
num_cat=0
split_feature=3 1 3 1 1 3
split_gain=6.02686 6.34622 5.93277 2.5368 4.03506 1.69547
threshold=-1.543423533439636 0.32140816748142248 0.27971279621124273 0.29437579214572912 -0.035003991797566407 -1.0235788226127622
decision_type=2 2 2 2 2 2
left_child=3 2 -2 4 -1 -3
right_child=1 5 -4 -5 -6 -7
leaf_value=-0.00035807982536730637 0.0026424346312729384 0 -0.0020945737957750871 0.0015816883218298166 -0.0073595868912600679 -0.0057236487634809811
leaf_weight=163.85801619291306 1144.0654317624867 49.797132637351751 268.90124141797423 57.204220782965422 157.75664183497429 123.71782669052482
leaf_count=528 2909 136 804 142 455 468
internal_value=0.000128021 0.000974862 0.00168241 -0.00313911 -0.00419786 -0.00405521
internal_weight=1965.3 1586.48 1412.97 378.819 321.615 173.515
internal_count=5442 4317 3713 1125 983 604
is_linear=0
shrinkage=0.03


Tree=67
num_leaves=7
num_cat=0
split_feature=0 3 4 7 1 3
split_gain=5.30362 4.90149 7.89497 5.14759 4.83563 5.17278
threshold=-1.4749506711959837 -1.0044251084327696 1.0000000180025095e-35 1.0000000180025095e-35 -0.347000703215599 -2.0529088973999019
decision_type=2 2 2 2 2 2
left_child=4 2 -2 -3 -1 -6
right_child=1 3 -4 -5 5 -7
leaf_value=0.0032522011975660401 0.0065699095200497321 0.0014698527772724183 -0.0026216833423709611 -0.0050410580208561798 0.006309777091838692 -0.0028389839635695837
leaf_weight=139.81373122707009 283.18051948770881 374.61073456332088 92.890253350138664 129.74876293167472 36.879715986549854 905.72698929160833
leaf_count=400 678 938 256 308 108 2777
internal_value=-5.46919e-05 0.00162259 0.00413034 -0.000219072 -0.00147809 -0.00229505
internal_weight=1962.85 880.43 376.071 504.359 1082.42 942.607
internal_count=5465 2180 934 1246 3285 2885
is_linear=0
shrinkage=0.03


Tree=68
num_leaves=5
num_cat=0
split_feature=0 2 2 2
split_gain=4.98357 4.30292 4.48074 3.5345
threshold=0.10128532722592355 0.15231222659349444 -0.37377294898033137 0.26124115288257604
decision_type=2 2 2 2
left_child=1 2 -1 -3
right_child=-2 3 -4 -5
leaf_value=-0.0035778976693625801 0.0088981770807166731 -0.0056864841181384906 0.0012317348081749622 -0.00031553237689000151
leaf_weight=178.95392820984125 34.917025551199913 188.51723811402917 1233.9606421291828 295.08689306676388
leaf_count=543 80 571 3260 940
internal_value=0 -0.000267381 0.000539258 -0.00267105
internal_weight=1931.44 1896.52 1412.91 483.604
internal_count=5394 5314 3803 1511
is_linear=0
shrinkage=0.03


Tree=69
num_leaves=7
num_cat=0
split_feature=3 0 3 0 3 1
split_gain=4.34993 7.28188 9.52264 7.69028 4.37886 4.02386
threshold=-1.293783903121948 -1.4749506711959837 -1.7897868156433103 -0.9692891240119933 0.66997793316841137 -0.37660196423530573
decision_type=2 2 2 2 2 2
left_child=1 2 -1 -3 5 -2
right_child=4 3 -4 -5 -6 -7
leaf_value=0.0005941336379219768 -0.0027327145077293939 0.0059989917492354753 -0.0096072534584975052 -0.0035846139470806573 -0.0033062008262902949 0.0023252412659201158
leaf_weight=125.92143747210503 135.2101873010397 136.67787361890078 164.76398279890418 120.01718771457672 157.13540433347225 1070.7167592830956
leaf_count=386 341 349 535 296 519 2916
internal_value=8.08174e-05 -0.00209802 -0.00524124 0.00136613 0.00101687 0.00167386
internal_weight=1910.44 547.38 290.685 256.695 1363.06 1205.93
internal_count=5342 1566 921 645 3776 3257
is_linear=0
shrinkage=0.03


Tree=70
num_leaves=7
num_cat=0
split_feature=1 1 1 1 1 0
split_gain=4.92423 8.27548 3.93092 2.66307 3.06933 0.469653
threshold=0.066916853189468398 0.03276732191443444 -0.043376710265874856 0.085592981427907958 0.16635110974311831 -1.578825771808624
decision_type=2 2 2 2 2 2
left_child=1 2 -1 -2 -5 -3
right_child=3 5 -4 4 -6 -7
leaf_value=0.00095342374196228058 -0.0082144465873260231 0.0023736512221951404 -0.0032980455036740368 0.0013079028767724018 -0.002852577724866405 0.010776875453529448
leaf_weight=887.47389375790954 47.320072121918201 47.054548032581806 229.41563852503896 200.41793171688914 466.29670083522797 52.019847750663757
leaf_count=2423 131 148 619 512 1450 125
internal_value=-0.00028409 0.000839779 0 -0.00225045 -0.00151288 0.00835875
internal_weight=1930 1215.96 1116.89 714.035 666.715 99.0744
internal_count=5408 3315 3042 2093 1962 273
is_linear=0
shrinkage=0.03


Tree=71
num_leaves=7
num_cat=0
split_feature=2 2 2 3 5 3
split_gain=2.29602 7.25792 4.81667 4.49563 3.43613 3.58603
threshold=0.025643150322139267 -0.16488507390022275 -0.24931240081787107 0.66997793316841137 1.0000000180025095e-35 -0.044529084116220467
decision_type=2 2 2 2 2 2
left_child=1 2 -1 -3 -2 -6
right_child=4 3 -4 -5 5 -7
leaf_value=0 -0.00078548840971262438 0.003231681196760706 -0.0057927330386911054 -0.0050336999271091499 -0.008612482314108369 0
leaf_weight=354.54909506812692 626.87326123937964 555.60944748669863 198.13745966553688 42.8868687748909 100.6447281613946 48.848379373550415
leaf_count=996 1796 1408 515 120 372 219
internal_value=-0.00070686 9.9231e-05 -0.00228295 0.00239877 -0.00194993 -0.00580998
internal_weight=1927.55 1151.18 552.687 598.496 776.366 149.493
internal_count=5426 3039 1511 1528 2387 591
is_linear=0
shrinkage=0.03


Tree=72
num_leaves=5
num_cat=0
split_feature=0 0 3 3
split_gain=4.55674 3.85814 9.43693 3.56191
threshold=0.10128532722592355 -1.1477264165878294 -0.44516795873641962 -0.68150958418846119
decision_type=2 2 2 2
left_child=1 3 -3 -1
right_child=-2 2 -4 -5
leaf_value=-0.0014070190447590487 0.0079870590884208864 4.3562180316884309e-05 -0.0081015628200613605 0.0015843430649180121
leaf_weight=747.74928314425051 33.443789705634117 309.53013073652983 182.19474154338241 651.59818975627422
leaf_count=2151 80 786 462 1969
internal_value=-0.000562132 -0.000826727 -0.00305582 0
internal_weight=1924.52 1891.07 491.725 1399.35
internal_count=5448 5368 1248 4120
is_linear=0
shrinkage=0.03


Tree=73
num_leaves=7
num_cat=0
split_feature=0 1 0 4 0 1
split_gain=4.32876 5.9301 4.42867 3.39084 3.22442 2.7765
threshold=-1.4714441299438474 0.15238444507122043 -0.93979761004447926 1.0000000180025095e-35 -2.6084156036376949 -0.23197051137685773
decision_type=2 2 2 2 2 2
left_child=4 3 -3 -2 -1 -6
right_child=1 2 -4 -5 5 -7
leaf_value=0.0053106528830744737 0.0038571443081334678 0.0006680074478913221 -0.0071318683945141145 -0.0010973480040579015 0.00066723334876164146 -0.0027830420440826493
leaf_weight=35.739775590598583 515.41069897636771 123.24523063004017 91.131036482751369 129.77057575434446 240.52100744098425 783.27188002131879
leaf_count=104 1247 346 245 334 704 2434
internal_value=-0.000227825 0.00130057 -0.00271735 0.00276737 -0.00152445 -0.00191773
internal_weight=1919.09 859.558 214.376 645.181 1059.53 1023.79
internal_count=5414 2172 591 1581 3242 3138
is_linear=0
shrinkage=0.03


Tree=74
num_leaves=7
num_cat=0
split_feature=1 3 0 1 2 3
split_gain=4.38882 5.78606 4.44479 2.33215 1.8261 0.6584
threshold=-0.23568449914455411 -1.5955495238304136 0.10128532722592355 -0.37660196423530573 0.16903953254222873 -1.9258095622062681
decision_type=2 2 2 2 2 2
left_child=1 5 4 -3 -2 -1
right_child=2 3 -4 -5 -6 -7
leaf_value=-0.0068840921877347328 -0.00012967481699918966 0.0013052787957877766 0.0079932898257570884 0.0070310193423415929 -0.0024906257321124468 0
leaf_weight=23.047060787677765 1067.1371116489172 163.02436216175556 31.930890440940857 163.99953688308597 424.41375525481999 34.311985433101654
leaf_count=71 2886 440 77 447 1346 131
internal_value=0.000158326 0.00296248 -0.000539523 0.00458932 -0.000865232 -0.00432563
internal_weight=1907.86 384.383 1523.48 327.024 1491.55 57.359
internal_count=5398 1089 4309 887 4232 202
is_linear=0
shrinkage=0.03


Tree=75
num_leaves=7
num_cat=0
split_feature=2 2 0 2 3 5
split_gain=2.50959 5.66615 4.33776 3.93989 5.68225 3.16847
threshold=-0.24931240081787107 -0.27151070535182947 -2.1863578557968135 -0.16488507390022275 -0.44516795873641962 1.0000000180025095e-35
decision_type=2 2 2 2 2 2
left_child=1 2 -1 4 -2 -5
right_child=3 -3 -4 5 -6 -7
leaf_value=0.0064420140646640591 0 0.012177548481614281 -0.00085379100843856691 0.0013880708815358434 -0.0097282100286938383 -0.0020008819584317913
leaf_weight=77.837874092161655 123.55556939169765 31.154950849711895 243.78284265846014 1067.4134162589908 66.294377438724041 292.13762715086341
leaf_count=231 327 79 691 2918 178 966
internal_value=0.000547543 0.00275769 0.00101006 0 -0.00381406 0.000597917
internal_weight=1902.18 352.776 321.621 1549.4 189.85 1359.55
internal_count=5390 1001 922 4389 505 3884
is_linear=0
shrinkage=0.03


Tree=76
num_leaves=7
num_cat=0
split_feature=1 0 0 3 3 0
split_gain=5.80881 3.85774 3.82934 1.36446 2.31281 0.443188
threshold=0.38773125410079962 1.0000000180025095e-35 -2.5601093769073482 -0.909552901983261 -1.3625164628028867 -1.3651037812232969
decision_type=2 2 2 2 2 2
left_child=1 2 -1 4 -2 -5
right_child=3 -3 -4 5 -6 -7
leaf_value=0.0070499361200101994 -0.0048201626461916404 0.008594167999486613 0.00025424402897043769 -0.0021101005862490321 0.0036666715999622221 -0.010661009962917974
leaf_weight=59.973166283220053 42.311149384826422 38.264842823147774 1641.9971139617264 47.315193254500628 29.825132448226213 26.889570698142052
leaf_count=174 117 92 4601 216 89 96
internal_value=0.000381578 0.000913001 0.000607652 -0.00492716 -0.000625785 -0.00745113
internal_weight=1886.58 1740.24 1701.97 146.341 72.1363 74.2048
internal_count=5385 4867 4775 518 206 312
is_linear=0
shrinkage=0.03


Tree=77
num_leaves=7
num_cat=0
split_feature=1 1 1 2 7 0
split_gain=3.16173 3.0498 2.58061 2.53619 0.582425 0.933156
threshold=0.38773125410079962 -0.27813564240932459 -0.25327040255069727 -0.16235569864511487 1.0000000180025095e-35 -1.3537023663520811
decision_type=2 2 2 2 2 2
left_child=1 3 -3 -1 5 -2
right_child=4 2 -4 -5 -6 -7
leaf_value=-0.0040538202013996934 -0.0014989847954300669 0.0064202487446665861 0.00036424079111281365 0.0014990753547192493 -0.00019594654383345902 -0.0096488882382543776
leaf_weight=230.7229835242033 64.009252674877644 48.933093667030334 1406.8368781730533 73.936239689588547 51.746422100812197 24.32177060469985
leaf_count=650 273 142 3902 203 135 98
internal_value=-0.000250419 8.24023e-05 0.000692709 -0.00251208 -0.00429569 -0.00566398
internal_weight=1900.51 1760.43 1455.77 304.659 140.077 88.331
internal_count=5403 4897 4044 853 506 371
is_linear=0
shrinkage=0.03


Tree=78
num_leaves=7
num_cat=0
split_feature=3 1 0 0 1 0
split_gain=6.42052 4.73992 3.90977 5.39829 4.0192 3.4649
threshold=-0.16268533468246457 0.19455122947692874 -1.6690759062767027 -2.3049703836441036 0.095023550093173995 -1.0972783565521238
decision_type=2 2 2 2 2 2
left_child=1 5 3 -2 -4 -1
right_child=2 -3 4 -5 -6 -7
leaf_value=0.0011024004092397078 0 -0.0019064882485419245 -0.0026937025517566851 -0.0084254043789116859 0.0042228296449833887 0.0051088921062157101
leaf_weight=819.70724456757307 95.25785755738616 289.96723495796323 178.62801361456513 147.04298485815525 102.0273106135428 271.7220566123724
leaf_count=2262 318 870 479 521 305 680
internal_value=0.000202871 0.00130236 -0.00253193 -0.00516575 0 0.00222783
internal_weight=1904.35 1381.4 522.956 242.301 280.655 1091.43
internal_count=5435 3812 1623 839 784 2942
is_linear=0
shrinkage=0.03


Tree=79
num_leaves=5
num_cat=0
split_feature=0 1 3 3
split_gain=3.93958 2.85743 9.5542 3.29522
threshold=1.0000000180025095e-35 -0.043376710265874856 -0.4953745156526565 0.99990689754486095
decision_type=2 2 2 2
left_child=1 2 -1 -3
right_child=-2 3 -4 -5
leaf_value=0.0030103059364977418 0.0067623300781946751 -0.0023126933805246845 -0.0032930577415620148 0.0041230902167970285
leaf_weight=526.74568729102612 44.42618216574192 930.57174827158451 334.40470166504383 53.127924222499132
leaf_count=1449 110 2714 956 183
internal_value=-0.00045169 -0.000728247 0.000475284 -0.0018301
internal_weight=1889.28 1844.85 861.15 983.7
internal_count=5412 5302 2405 2897
is_linear=0
shrinkage=0.03


Tree=80
num_leaves=7
num_cat=0
split_feature=3 2 2 3 4 4
split_gain=4.86168 8.88703 7.51608 5.57886 5.06359 4.68468
threshold=-1.1539148688316343 0.17284101247787478 -0.058711189776659005 -0.298636645078659 1.0000000180025095e-35 1.0000000180025095e-35
decision_type=2 2 2 2 2 2
left_child=2 3 -1 -2 -4 -3
right_child=1 5 4 -5 -6 -7
leaf_value=-0.0055708607041577143 0.0046362809226498632 -0.0053871632111074574 0.003122126216967717 0 -0.0038147711779976481 0.002787441707669187
leaf_weight=278.55935133621097 512.14628394693136 216.77022663131356 254.84536691755056 456.42729621380568 120.86455798149109 61.137561459094286
leaf_count=849 1273 786 683 1300 390 189
internal_value=3.48434e-05 0.00116024 -0.00199104 0.00254789 0.000658907 -0.00332101
internal_weight=1900.75 1246.48 654.269 968.574 375.71 277.908
internal_count=5470 3548 1922 2573 1073 975
is_linear=0
shrinkage=0.03


Tree=81
num_leaves=7
num_cat=0
split_feature=0 1 2 2 1 2
split_gain=4.24763 3.20816 2.87664 2.65328 4.40537 2.36997
threshold=-1.5711763501167295 -0.46426253020763392 -0.39860843122005457 -0.37377294898033137 -0.13807611912488935 -0.24931240081787107
decision_type=2 2 2 2 2 2
left_child=1 2 -1 -2 -5 -3
right_child=3 5 -4 4 -6 -7
leaf_value=-0.0013500505414962333 -0.0042181165619331485 0.00023949829979791654 0.0081645518268623225 0.0046499509018514745 -9.0727228396211327e-05 -0.0034746243278213733
leaf_weight=37.397399671375751 71.461778968572617 154.24969460070133 29.614261396229267 210.75806015729904 649.52924711257219 737.02981552295387
leaf_count=117 203 448 79 546 1699 2329
internal_value=-0.000855794 -0.00224992 0.00307532 0.000532149 0.00108177 -0.00277485
internal_weight=1890.04 958.291 67.0117 931.749 860.287 891.28
internal_count=5421 2973 196 2448 2245 2777
is_linear=0
shrinkage=0.03


Tree=82
num_leaves=7
num_cat=0
split_feature=2 3 3 2 2 2
split_gain=4.56252 4.12709 6.40913 2.39103 1.90531 4.55209
threshold=0.16903953254222873 -1.3752930164337156 -0.298636645078659 -0.11635219678282736 0.37129583954811102 0.54623302817344677
decision_type=2 2 2 2 2 2
left_child=1 3 -3 -1 -2 -6
right_child=4 2 -4 -5 5 -7
leaf_value=-0.0046480727661319526 -0.0043957902362972709 0.0034468928007372612 -0.0010791513247150615 0 0.0036712223838996066 -0.005059126627826995
leaf_weight=158.02590655907989 267.83403533324599 621.67304968088865 461.27689199149609 208.837147526443 96.827230023220181 78.566564459353685
leaf_count=517 859 1563 1312 618 322 263
internal_value=-0.000267745 0.000518987 0.00148004 -0.00209271 -0.00288199 -4.99606e-05
internal_weight=1893.04 1449.81 1082.95 366.863 443.228 175.394
internal_count=5454 4010 2875 1135 1444 585
is_linear=0
shrinkage=0.03


Tree=83
num_leaves=7
num_cat=0
split_feature=2 3 3 3 3 2
split_gain=4.59452 5.99767 5.99619 3.4279 4.68688 3.23503
threshold=0.17284101247787478 -1.3462581038475034 -0.266141727566719 -1.543423533439636 -0.19655013084411618 -0.15911717712879178
decision_type=2 2 2 2 2 2
left_child=3 -2 -3 5 -5 -1
right_child=1 2 -4 4 -6 -7
leaf_value=-0.0056850253277217731 0.0026541198267426205 -0.0079932171102474348 0 0.0031836359473242301 -0.00066657581030022425 0.00040243167553142759
leaf_weight=96.221244335174561 121.92928120493889 173.4719183370471 134.41280917078257 759.66049925610423 403.15459114313126 188.06304952502251
leaf_count=341 342 553 509 1952 1186 560
internal_value=0.000225967 -0.00238868 -0.00460881 0.00106544 0.00180932 -0.00169903
internal_weight=1876.91 429.814 307.885 1447.1 1162.82 284.284
internal_count=5443 1404 1062 4039 3138 901
is_linear=0
shrinkage=0.03


Tree=84
num_leaves=7
num_cat=0
split_feature=0 3 3 0 5 3
split_gain=3.63586 6.48108 8.51251 6.93197 4.30114 7.84422
threshold=-1.2014395594596861 -0.51528048515319813 -1.5843290686607359 -1.014560282230377 1.0000000180025095e-35 -1.1329931020736692
decision_type=2 2 2 2 2 2
left_child=4 2 -2 -3 -1 -6
right_child=1 3 -4 -5 5 -7
leaf_value=0.00029710128325072873 -0.001572952665183133 0.0052315668003267875 0.0077707241226309919 -0.0049856565034379291 -0.011112918218488893 -0.00059615384662573153
leaf_weight=980.32108971849084 110.79874148964882 66.786804862320423 233.70707293972373 158.7211796194315 71.804079905152321 265.11218310147524
leaf_count=2841 319 178 587 402 252 880
internal_value=0.000165553 0.00215035 0.00467962 -0.00153564 -0.000667784 -0.00350273
internal_weight=1887.25 570.014 344.506 225.508 1317.24 336.916
internal_count=5459 1486 906 580 3973 1132
is_linear=0
shrinkage=0.03


Tree=85
num_leaves=7
num_cat=0
split_feature=2 2 2 3 4 3
split_gain=6.44051 3.1198 6.58245 3.07483 2.06955 5.49375
threshold=0.033210948109626777 -0.1462093964219093 -0.19958717375993726 0.66997793316841137 1.0000000180025095e-35 -1.0955887436866758
decision_type=2 2 2 2 2 2
left_child=1 2 -1 -3 -2 -6
right_child=4 3 -4 -5 5 -7
leaf_value=0.0014414048632436808 -0.0032715158245211614 0.0035439616223541435 -0.0057089867803616617 -0.0033528757213189867 -0.0043907216753460267 0.0050051010263601212
leaf_weight=450.65835908427835 541.80668263137341 502.06620058044791 132.66457406058908 40.737677190452814 90.24406922981143 92.607260078191757
leaf_count=1296 1737 1321 366 117 288 285
internal_value=-0.000163041 0.00121573 -0.000220696 0.00281899 -0.00236135 9.64238e-05
internal_weight=1850.78 1126.13 583.323 542.804 724.658 182.851
internal_count=5410 3100 1662 1438 2310 573
is_linear=0
shrinkage=0.03


Tree=86
num_leaves=6
num_cat=0
split_feature=2 3 3 3 2
split_gain=4.2206 4.91529 4.37348 3.46077 2.74394
threshold=0.54623302817344677 -1.1539148688316343 -0.76144114136695851 -1.1433255076408384 0.37129583954811102
decision_type=2 2 2 2 2
left_child=1 4 -3 -2 -1
right_child=3 2 -4 -5 -6
leaf_value=-0.0021478505005650349 0.00088634805181515288 0.0048332924403265741 0.00054332509459652321 -0.0098075682227574453 0.0046405371744710202
leaf_weight=576.8531121686101 25.349038913846016 287.66686611622572 861.01019810512662 46.505743563175201 35.283005872741342
leaf_count=1751 68 771 2557 181 102
internal_value=0.00020956 0.000561716 0.00173334 -0.00601019 -0.00152722
internal_weight=1832.67 1760.81 1148.68 71.8548 612.136
internal_count=5430 5181 3328 249 1853
is_linear=0
shrinkage=0.03


Tree=87
num_leaves=7
num_cat=0
split_feature=2 2 0 0 1 0
split_gain=3.20398 4.20874 5.60774 2.70262 2.09802 1.55393
threshold=-0.37377294898033137 0.23707138001918796 -1.9621001482009885 -2.3227392435073848 0.18765421956777575 -0.89232966303825367
decision_type=2 2 2 2 2 2
left_child=3 2 -2 -1 -3 -5
right_child=1 4 -4 5 -6 -7
leaf_value=0.0019567558604162497 -0.0018798116245165337 -0.0062218531730868854 0.0022072248521115613 -0.0070174852212609275 -0.00070500682169292713 0
leaf_weight=30.893708728253841 410.64242655038834 95.625675298273563 932.38390382379293 114.13444277271628 214.32514758221805 25.560570746660233
leaf_count=95 1287 290 2512 363 754 65
internal_value=-0.000251848 0.000136279 0.00090431 -0.0039472 -0.00286287 -0.00571012
internal_weight=1823.57 1652.98 1343.03 170.589 309.951 139.695
internal_count=5366 4843 3799 523 1044 428
is_linear=0
shrinkage=0.03


Tree=88
num_leaves=7
num_cat=0
split_feature=3 3 0 3 0 0
split_gain=3.74716 4.92245 5.249 4.37157 2.4733 2.18045
threshold=-0.76144114136695851 -1.1539148688316343 -1.4749506711959837 -0.68150958418846119 -1.0377237796783445 -2.1664868593215938
decision_type=2 2 2 2 2 2
left_child=1 2 -1 -2 -3 -5
right_child=3 4 -4 5 -6 -7
leaf_value=-0.0033352708447635425 -0.0088723130820852376 0.0015226821016069544 0.0018842932975783528 0.0011433503979368818 0.0081307695144060693 -0.0022090121769891566
leaf_weight=352.930883590132 62.503442645072937 239.36922269314528 292.2473818063736 196.89048178866506 67.599076256155968 642.04553933441639
leaf_count=1131 168 656 789 649 173 1882
internal_value=-0.000733757 0.000526387 -0.000895188 -0.00211244 0.00356972 -0.00134409
internal_weight=1853.59 952.147 645.178 901.439 306.968 838.936
internal_count=5448 2749 1920 2699 829 2531
is_linear=0
shrinkage=0.03


Tree=89
num_leaves=7
num_cat=0
split_feature=3 3 2 7 0 2
split_gain=4.15412 5.21833 5.76836 4.0238 1.73085 2.61649
threshold=-0.12838614732027051 -1.1539148688316343 0.18784066289663318 1.0000000180025095e-35 -2.5016914606094356 -0.077849473804235444
decision_type=2 2 2 2 2 2
left_child=1 3 -3 -1 -2 -6
right_child=4 2 -4 -5 5 -7
leaf_value=-0.003151447482471446 0.0020089026422199447 0.0038422565330942984 -0.0024902283057809125 0.0014692734298663713 -0.0056208389796113447 -0.00068183367498781387
leaf_weight=365.12262077629566 42.300504844635725 585.44611773639917 137.65805201977491 266.79878455400467 183.27284490317106 258.88303611055017
leaf_count=1188 140 1498 458 705 565 856
internal_value=-3.55977e-05 0.000786434 0.00252142 -0.00112331 -0.00239378 -0.00301352
internal_weight=1839.48 1355.03 723.104 631.921 484.456 442.156
internal_count=5410 3849 1956 1893 1561 1421
is_linear=0
shrinkage=0.03


Tree=90
num_leaves=7
num_cat=0
split_feature=0 3 0 0 3 3
split_gain=4.32026 4.69382 7.70413 3.76507 6.44755 4.00023
threshold=-1.4714441299438474 -1.0862999558448789 -0.93979761004447926 -1.8096537590026853 -1.1329931020736692 -2.0529088973999019
decision_type=2 2 2 2 2 2
left_child=3 2 -2 5 -5 -1
right_child=1 -3 -4 4 -6 -7
leaf_value=0.0074240266633441611 0.007822007155752821 -0.00054951715390876813 -0.0011789338745179173 -0.010182926010383911 -0.00092435256310283956 -0.0010867071366205501
leaf_weight=32.689708456397057 173.63261584192514 505.53707976639271 127.09147938340902 96.478915378451347 213.6849632486701 680.59581103548408
leaf_count=97 479 1347 347 310 640 2200
internal_value=-0.000454062 0.00112845 0.00399466 -0.00175598 -0.00442842 -0.00042299
internal_weight=1829.71 806.261 300.724 1023.45 310.164 713.286
internal_count=5420 2173 826 3247 950 2297
is_linear=0
shrinkage=0.03


Tree=91
num_leaves=7
num_cat=0
split_feature=3 2 4 2 3 2
split_gain=3.49345 3.45239 8.00506 5.89704 1.4599 2.24563
threshold=-1.6202514767646787 -0.032470112666487687 1.0000000180025095e-35 -0.064663037657737718 -1.7786628603935239 0.093008477240800871
decision_type=2 2 2 2 2 2
left_child=4 3 -3 -2 5 -1
right_child=1 2 -4 -5 -6 -7
leaf_value=0.0013213435373882905 0.0012469161448105484 -0.0021493677462912884 0.0048770701754762081 0.0090941623613942316 -0.005446794194021296 -0.0042151569848258835
leaf_weight=143.96233583986759 692.24875428900123 575.95792230591178 171.63342879712582 86.300738498568535 82.831253945827484 83.406765036284924
leaf_count=461 1884 1841 519 219 290 232
internal_value=0.000392806 0.00101447 -0.000373015 0.00239789 -0.00236016 -0.000643674
internal_weight=1836.34 1526.14 747.591 778.549 310.2 227.369
internal_count=5446 4463 2360 2103 983 693
is_linear=0
shrinkage=0.03


Tree=92
num_leaves=7
num_cat=0
split_feature=1 0 0 1 1 1
split_gain=4.01009 6.41613 8.61836 3.77282 3.76418 2.97714
threshold=0.066916853189468398 -1.5326734781265257 -2.3227392435073848 0.088502239435911192 -0.37660196423530573 0.38773125410079962
decision_type=2 2 2 2 2 2
left_child=1 2 -1 -2 -3 -5
right_child=3 4 -4 5 -6 -7
leaf_value=0.0041363764455332585 -0.0081222513527639262 -0.0015494398555944821 -0.0030838642920578614 0.00042901124822331368 0.0047020389742216248 -0.0041457052612201301
leaf_weight=198.85140198469162 51.937382705509663 79.069009684026241 431.27977857738733 476.28824842348695 466.20061068981886 146.29057095572352
leaf_count=596 153 218 1337 1412 1233 541
internal_value=0.000248902 0.00132692 -0.00065592 -0.00152735 0.00366663 -0.000648136
internal_weight=1849.92 1175.4 630.131 674.516 545.27 622.579
internal_count=5490 3384 1933 2106 1451 1953
is_linear=0
shrinkage=0.03


Tree=93
num_leaves=5
num_cat=0
split_feature=0 3 0 0
split_gain=3.72021 2.97746 3.67017 2.76604
threshold=-2.6084156036376949 -1.305054724216461 -2.3689645528793331 -2.3494256734848018
decision_type=2 2 2 2
left_child=-1 3 -3 -2
right_child=1 2 -4 -5
leaf_value=0.0077382976425668234 -0.0063410884877869054 0.0048165033942914916 2.816886842879422e-05 -0.00065896848983917314
leaf_weight=36.821300432085991 88.156775694340467 149.75614163652062 1132.8265957348049 408.87614057958126
leaf_count=112 277 461 3331 1259
internal_value=0.00017499 -3.24195e-05 0.000698693 -0.00198913
internal_weight=1816.44 1779.62 1282.58 497.033
internal_count=5440 5328 3792 1536
is_linear=0
shrinkage=0.03


Tree=94
num_leaves=7
num_cat=0
split_feature=1 1 0 0 0 0
split_gain=4.68422 2.52771 4.04352 3.43502 0.854558 2.59275
threshold=0.3001736998558045 0.088502239435911192 -2.2086552381515498 -2.3227392435073848 -1.6690759062767027 -1.4039760231971739
decision_type=2 2 2 2 2 2
left_child=1 3 -3 -1 -2 -6
right_child=4 2 -4 -5 5 -7
leaf_value=0.0035979118698549768 -0.0052888027494413349 -0.0022518136078048256 0.004579785695591621 -0.00048961386546580857 0.0047931871679760046 -0.0036207160491221681
leaf_weight=204.18282436579466 111.35879158601165 75.904194362461567 306.29007179662585 989.3721486479044 26.103651080280542 81.765824817121029
leaf_count=621 421 255 880 2855 95 255
internal_value=0.000346316 0.000959278 0.00302933 0.000207974 -0.00352054 -0.000684149
internal_weight=1794.98 1575.75 382.194 1193.55 219.228 107.869
internal_count=5382 4611 1135 3476 771 350
is_linear=0
shrinkage=0.03


Tree=95
num_leaves=7
num_cat=0
split_feature=1 2 7 1 0 2
split_gain=3.11883 4.07256 2.98408 1.50439 1.138 1.75531
threshold=0.42245942354202276 0.26518815755844122 1.0000000180025095e-35 0.041180178523063667 -2.2852873802185054 0.58225375413894664
decision_type=2 2 2 2 2 2
left_child=1 2 -1 -3 -2 -6
right_child=4 3 -4 -5 5 -7
leaf_value=-0.0011430185464414429 -0.0089509372743277194 -9.2018150459791895e-05 0.0017801023149082726 0.0054893824116696863 -0.004496482009048423 0.0023836027042064994
leaf_weight=1109.2768732793629 25.302476797252893 30.616801410913467 407.32712921872735 143.56359896063805 52.075179401785135 33.147822178900242
leaf_count=3300 97 91 1101 463 200 120
internal_value=-0.00013166 0.000177174 -0.000305933 0.00429088 -0.00461903 -0.00130581
internal_weight=1801.31 1690.78 1516.6 174.18 110.525 85.223
internal_count=5372 4955 4401 554 417 320
is_linear=0
shrinkage=0.03


Tree=96
num_leaves=7
num_cat=0
split_feature=0 1 2 1 0 2
split_gain=3.19834 4.31368 7.14455 5.9606 3.17507 1.33165
threshold=-1.5326734781265257 -0.15430742502212522 0.1016235798597336 -0.37660196423530573 -2.6084156036376949 -0.0093114790506660921
decision_type=2 2 2 2 2 2
left_child=4 3 -3 -2 -1 -6
right_child=1 2 -4 -5 5 -7
leaf_value=0.0052301381873772262 -0.0018537031671216312 -0.0031347347778177157 0.0031209188864807064 0.0073760717267071655 -0.00073692689920879363 -0.0032434279867254862
leaf_weight=35.823398217558861 73.396887615323067 349.42926827818155 272.87115963920951 157.71727691590786 516.84760009124875 409.5068447496742
leaf_count=109 203 897 774 438 1531 1474
internal_value=-0.000328525 0.000954518 -0.000286526 0.00429177 -0.00152389 -0.00195349
internal_weight=1815.59 853.415 622.3 231.114 962.178 926.354
internal_count=5426 2312 1671 641 3114 3005
is_linear=0
shrinkage=0.03


Tree=97
num_leaves=7
num_cat=0
split_feature=1 1 0 0 0 0
split_gain=3.53803 4.10813 3.61182 3.36748 1.55948 0.203382
threshold=0.42245942354202276 0.27781111001968389 -0.94815751910209645 -1.6690759062767027 -1.4749506711959837 -0.90771886706352223
decision_type=2 2 2 2 2 2
left_child=1 4 -3 -2 -1 -5
right_child=3 2 -4 5 -6 -7
leaf_value=-0.00065856678824770492 -0.0083661007479547567 0.0078466341754134961 -0.0015722230332773648 -0.00023253335579390298 0.0012133069968527591 0.0020614458044174271
leaf_weight=845.48734078556299 59.823666760697961 102.36921365186572 30.470398493111134 33.388726346194744 705.51091543957591 23.256176471710205
leaf_count=2676 250 347 85 128 1857 70
internal_value=0.000263727 0.000663867 0.00537057 -0.00433109 0.000159317 0.000218613
internal_weight=1800.31 1683.84 132.84 116.469 1551 56.6449
internal_count=5413 4965 432 448 4533 198
is_linear=0
shrinkage=0.03


Tree=98
num_leaves=7
num_cat=0
split_feature=2 3 0 0 3 0
split_gain=3.71478 4.373 6.04383 4.10101 2.04352 5.49481
threshold=0.16903953254222873 -1.3462581038475034 -0.98022964596748341 -0.87097874283790577 -1.1539148688316343 -2.3049703836441036
decision_type=2 2 2 2 2 2
left_child=4 2 -2 -3 -1 -6
right_child=1 3 -4 -5 5 -7
leaf_value=-0.000667783041018636 0.0060038177049230746 -0.005896946780303852 -0.0065483452933474736 0.0018012717755929155 0.0063602476205057027 0.00043874159414305472
leaf_weight=470.73993160948157 89.089855048805475 243.97008346021175 28.317732848227024 57.184258323162794 162.84560205414891 757.86356255039573
leaf_count=1467 261 910 74 161 465 2080
internal_value=5.32692e-05 -0.00232358 0.00202721 -0.00422721 0.000833552 0.00166281
internal_weight=1810.01 418.562 117.408 301.154 1391.45 920.709
internal_count=5418 1406 335 1071 4012 2545
is_linear=0
shrinkage=0.03


Tree=99
num_leaves=7
num_cat=0
split_feature=1 1 2 3 2 2
split_gain=3.94871 2.13185 3.74522 2.70055 1.76478 0.962188
threshold=0.38773125410079962 -0.29867814481258387 -0.15253996849060056 -1.5955495238304136 0.42613244056701666 0.54623302817344677
decision_type=2 2 2 2 2 2
left_child=1 3 -3 -1 -2 -6
right_child=4 2 -4 -5 5 -7
leaf_value=-0.002813616823993041 -0.0076962872224006001 -0.0025699076310592211 0.00098507312017427607 0.0042260584886511781 0.0025484256946633485 -0.0028087517223677012
leaf_weight=35.372052185237408 57.102890491485596 332.72182308882475 1059.8672727942467 232.49126435816288 25.680552795529366 53.26843274012208
leaf_count=135 245 967 3135 655 94 186
internal_value=0.000146296 0.000600156 6.88705e-05 0.00295712 -0.00437537 -0.000296914
internal_weight=1796.5 1660.45 1392.59 267.863 136.052 78.949
internal_count=5417 4892 4102 790 525 280
is_linear=0
shrinkage=0.03


Tree=100
num_leaves=6
num_cat=0
split_feature=2 0 3 0 3
split_gain=2.26342 2.82596 11.1597 2.418 0.0274831
threshold=0.60457900166511547 -0.88152778148651112 -1.5019521713256834 -2.5601093769073482 -0.89113444089889515
decision_type=2 2 2 2 2
left_child=1 3 -3 -1 -2
right_child=4 2 -4 -5 -6
leaf_value=0.0049341296155939211 0 -0.0063573642641531897 0.0061691565364612577 -0.0003510534315168079 -0.0058121920417517009
leaf_weight=62.260357141494751 22.025567349046469 63.590874217450619 233.48257125169039 1392.9900853019208 31.565784212201834
leaf_count=186 65 181 599 4279 127
internal_value=0.000255605 0.000497767 0.00306666 -2.04384e-05 -0.00483061
internal_weight=1805.92 1752.32 297.073 1455.25 53.5914
internal_count=5437 5245 780 4465 192
is_linear=0
shrinkage=0.03


Tree=101
num_leaves=7
num_cat=0
split_feature=3 0 2 2 3 3
split_gain=3.68232 3.60816 4.73664 2.99791 3.11428 2.83322
threshold=0.29049736261367803 -0.64061820507049549 -0.025004623457789418 0.54623302817344677 -1.1539148688316343 -0.96713450551033009
decision_type=2 2 2 2 2 2
left_child=3 2 -2 4 -1 -5
right_child=1 -3 -4 5 -6 -7
leaf_value=-0.00091094150561307286 -0.00018897734907701887 0.0041057676427004603 -0.008725944805879713 0.00035410128686680337 0.0018234008436855608 -0.0095514609143697166
leaf_weight=590.80031651072204 135.69400447234511 27.753342136740685 109.75172559544444 28.171428263187408 886.18972259014845 31.794963710010052
leaf_count=1835 422 70 434 78 2479 118
internal_value=-0.000189755 -0.00329321 -0.00460218 0.000358574 0.000692018 -0.00522294
internal_weight=1810.16 273.199 245.446 1536.96 1476.99 59.9664
internal_count=5436 926 856 4510 4314 196
is_linear=0
shrinkage=0.03


Tree=102
num_leaves=7
num_cat=0
split_feature=1 4 1 1 0 1
split_gain=2.48788 6.60933 3.88644 5.79221 3.83134 3.26516
threshold=0.19105150550603869 1.0000000180025095e-35 0.095023550093173995 0.066916853189468398 -2.2776118516921993 0.38773125410079962
decision_type=2 2 2 2 2 2
left_child=2 4 3 -1 -2 -3
right_child=1 5 -4 -5 -6 -7
leaf_value=0.00066642571778717768 -0.010799412226500372 0.0074379898954293156 0.0044038373698631504 -0.0073273529071602615 -0.001928294471400669 -0.0016809436919482368
leaf_weight=1138.7237661518157 47.970646183937788 64.801378719508648 205.65589906275272 67.584533773362637 240.57448133081198 35.040231693536043
leaf_count=3355 182 196 579 198 796 128
internal_value=0.000168054 -0.00185676 0.00078507 5.74411e-05 -0.004202 0.00399054
internal_weight=1800.35 388.387 1411.96 1206.31 288.545 99.8416
internal_count=5434 1302 4132 3553 978 324
is_linear=0
shrinkage=0.03


Tree=103
num_leaves=7
num_cat=0
split_feature=7 3 0 0 3 3
split_gain=3.40951 8.4878 8.4266 8.12963 4.32217 4.98084
threshold=1.0000000180025095e-35 -0.85089063644409169 -1.8096537590026853 -1.3216094970703123 -1.0809782743453977 -1.4107826352119444
decision_type=2 2 2 2 2 2
left_child=4 3 -3 -2 5 -1
right_child=1 2 -4 -5 -6 -7
leaf_value=-0.00063148251139385006 -2.7292197549610234e-05 0.0062794607470703272 -0.0070209392638618494 0.0086649242996996723 0 -0.0076889281572382158
leaf_weight=247.52437354251742 168.70783218368888 37.981797937303782 130.63685040920973 171.16381249576807 889.35534517467022 148.56350776553154
leaf_count=880 467 122 350 446 2715 442
internal_value=-0.000293117 0.00169871 -0.00335872 0.00442177 -0.00114095 -0.00366511
internal_weight=1793.93 508.49 168.619 339.872 1285.44 396.088
internal_count=5422 1385 472 913 4037 1322
is_linear=0
shrinkage=0.03


Tree=104
num_leaves=7
num_cat=0
split_feature=1 1 2 1 1 2
split_gain=3.75194 2.30982 4.49969 3.13096 1.01467 3.19981
threshold=0.38773125410079962 -0.37660196423530573 -0.24931240081787107 -0.45465753972530359 0.45536831021308904 0.47759988903999334
decision_type=2 2 2 2 2 2
left_child=1 3 -3 -1 -2 -6
right_child=4 2 -4 -5 5 -7
leaf_value=9.8394726835695113e-05 -0.0083535278138730622 0.0046124400668998587 2.4013906567230832e-06 -0.0068904537645974213 0.0032539872758550136 -0.0057411073293604752
leaf_weight=117.83391223847866 35.399419747292995 209.49263915792108 1281.4574691541493 68.953934483230114 40.953574828803539 56.016840424388647
leaf_count=354 150 615 3790 203 166 207
internal_value=-6.47961e-05 0.00030763 0.000742345 -0.00260833 -0.00459972 -0.00152242
internal_weight=1810.11 1677.74 1490.95 186.788 132.37 96.9704
internal_count=5485 4962 4405 557 523 373
is_linear=0
shrinkage=0.03


Tree=105
num_leaves=7
num_cat=0
split_feature=2 3 3 0 3 3
split_gain=4.38818 5.21385 8.67496 5.22194 2.41199 5.82342
threshold=0.1483757942914963 -1.1539148688316343 -0.19655013084411618 -2.3689645528793331 -0.90014880895614613 -0.27816608548164362
decision_type=2 2 2 2 2 2
left_child=1 3 -3 -1 -2 -6
right_child=4 2 -4 -5 5 -7
leaf_value=-0.0087005665427813249 0 0.0046590033602195158 -0.0011071185214240086 -9.385008574149129e-05 -0.0095435183311729337 0
leaf_weight=60.53433059155941 209.06294221431017 509.82589760795236 385.95640140771866 373.8880805708468 94.882266201078892 140.54713997989893
leaf_count=199 632 1306 1170 1188 326 552
internal_value=-1.62591e-05 0.000815697 0.00213918 -0.00175533 -0.0025631 -0.00452161
internal_weight=1774.7 1330.2 895.782 434.422 444.492 235.429
internal_count=5373 3863 2476 1387 1510 878
is_linear=0
shrinkage=0.03


Tree=106
num_leaves=7
num_cat=0
split_feature=3 0 3 3 1 0
split_gain=5.90906 3.51497 4.91025 4.42155 1.89078 2.12246
threshold=0.29049736261367803 -0.49786071479320521 -0.55223771929740895 -0.23346863687038419 -0.347000703215599 -0.64061820507049549
decision_type=2 2 2 2 2 2
left_child=1 3 -3 -1 -2 -6
right_child=4 2 -4 -5 5 -7
leaf_value=8.5953649302876299e-05 0.00058245214474871205 9.5471611011418756e-05 -0.010506234051847372 0.0045075465592611412 -0.0061777440080574625 0.00087347239060558567
leaf_weight=1153.0282561704516 36.666448071599007 81.502815894782543 40.399688221514225 235.69669684022665 207.67335979267955 23.629712365567684
leaf_count=3429 122 219 103 745 739 66
internal_value=-0.000259583 0.000449821 -0.00398078 0.000932326 -0.00422056 -0.00520646
internal_weight=1778.6 1510.63 121.903 1388.72 267.97 231.303
internal_count=5423 4496 322 4174 927 805
is_linear=0
shrinkage=0.03


Tree=107
num_leaves=7
num_cat=0
split_feature=2 0 2 1 0 1
split_gain=5.3604 7.01444 5.02156 3.89791 3.03138 1.3324
threshold=-0.36672824621200556 -2.3227392435073848 -0.24931240081787107 -0.18242768198251721 -0.90771886706352223 -0.39324370026588434
decision_type=2 2 2 2 2 2
left_child=1 -1 5 -4 -3 -2
right_child=2 4 3 -5 -6 -7
leaf_value=0.0039617759248003013 0 -0.0099435296053315241 0.0033259264969542983 -0.00082529191161185222 0 0.0063027527329874208
leaf_weight=40.375974863767624 31.946817681193352 107.57844015583396 222.1849226988852 1223.1014706399292 28.128276214003563 131.52403282374144
leaf_count=116 84 351 656 3745 77 377
internal_value=-8.94963e-05 -0.0048015 0.000442033 -0.000109489 -0.0079681 0.00512559
internal_weight=1784.84 176.083 1608.76 1445.29 135.707 163.471
internal_count=5406 544 4862 4401 428 461
is_linear=0
shrinkage=0.03


Tree=108
num_leaves=7
num_cat=0
split_feature=0 3 0 0 3 3
split_gain=2.44172 4.11272 5.02535 4.08519 3.72305 5.10656
threshold=-1.4749506711959837 -1.1539148688316343 -1.7002202272415159 -2.3049703836441036 -2.0529088973999019 -0.76144114136695851
decision_type=2 2 2 2 2 2
left_child=1 2 -1 -3 -2 -6
right_child=4 3 -4 -5 5 -7
leaf_value=-0.0011677668084734522 -0.0063974715252701165 0.0040278125112680882 -0.01053775636210965 -0.00087953814050939591 0.0044661128574559677 -0.00025350699200941718
leaf_weight=271.38638073951006 28.109552592039108 198.65654806979001 52.821917254477739 456.3267106898129 368.99402660503983 387.75395054370165
leaf_count=936 79 644 174 1495 1016 1069
internal_value=0.000246771 -0.000706462 -0.00339228 0.000595215 0.00149858 0.0020263
internal_weight=1764.05 979.192 324.208 654.983 784.858 756.748
internal_count=5413 3249 1110 2139 2164 2085
is_linear=0
shrinkage=0.03


Tree=109
num_leaves=5
num_cat=0
split_feature=2 3 2 2
split_gain=3.83218 2.13109 2.22123 2.05213
threshold=0.71470531821250927 0.69912046194076549 -0.24931240081787107 -0.014940404798835514
decision_type=2 2 2 2
left_child=1 3 -3 -1
right_child=-2 2 -4 -5
leaf_value=0.0018036005717005136 -0.0079561313358045595 0.0022841784392164041 -0.0047103892116936207 -0.00026494627283713782
leaf_weight=874.72977765835822 29.466536611318588 31.791276812553406 112.20321234315634 741.53073982894421
leaf_count=2504 108 106 409 2329
internal_value=0.000217702 0.000476079 -0.00271002 0.000826256
internal_weight=1789.72 1760.26 143.994 1616.26
internal_count=5456 5348 515 4833
is_linear=0
shrinkage=0.03


Tree=110
num_leaves=7
num_cat=0
split_feature=3 2 3 0 3 0
split_gain=7.88089 8.40878 5.98662 5.74506 3.14673 2.93084
threshold=-1.543423533439636 0.16903953254222873 0.030338943004608158 -1.1477264165878294 -1.7786628603935239 -1.0876108407974241
decision_type=2 2 2 2 2 2
left_child=3 2 -2 4 -1 -3
right_child=1 5 -4 -5 -6 -7
leaf_value=0.0012215314825794882 0.0032061295193251699 -0.0050577703228001638 -0.0015936808585646672 -0.0094742975975012512 -0.0053604682920299681 0.00053262242698790842
leaf_weight=149.36578975431621 824.10567526891828 239.75092396140099 290.68453414365649 109.49118882417679 79.803919520229101 92.973625492304564
leaf_count=493 2246 921 924 324 315 264
internal_value=-0.00033073 0.000611641 0.00189566 -0.00433543 -0.00107601 -0.00338391
internal_weight=1786.18 1447.51 1114.79 338.661 229.17 332.725
internal_count=5487 4355 3170 1132 808 1185
is_linear=0
shrinkage=0.03


Tree=111
num_leaves=5
num_cat=0
split_feature=0 1 0 3
split_gain=2.77055 2.67914 4.01316 3.31885
threshold=-2.6084156036376949 -0.11761336401104926 -2.4591364860534664 -1.5843290686607359
decision_type=2 2 2 2
left_child=-1 3 -3 -2
right_child=1 2 -4 -5
leaf_value=0.006608924564100371 -0.0030966896320575592 -0.0064242298821215677 -0.00046842924321395117 0.002306919992539562
leaf_weight=34.54921530559659 100.0665294714272 98.307771012187004 1024.6739446222782 517.02009861916304
leaf_count=105 367 307 3174 1491
internal_value=-1.21624e-05 -0.000251319 -0.00114559 0.00126679
internal_weight=1774.62 1740.07 1122.98 617.087
internal_count=5444 5339 3481 1858
is_linear=0
shrinkage=0.03


Tree=112
num_leaves=6
num_cat=0
split_feature=2 0 3 0 3
split_gain=2.35476 2.64984 5.15326 4.69186 0.957203
threshold=0.54623302817344677 -2.3049703836441036 -1.1433255076408384 -1.9621001482009885 -0.91945329308509816
decision_type=2 2 2 2 2
left_child=1 2 -1 -3 -2
right_child=4 3 -4 -5 -6
leaf_value=-0.0021772288734409704 0 -0.0043498061732872564 0.00509061591612098 3.7802487057251953e-05 -0.0073235109318049111
leaf_weight=118.62583564594388 26.94989750534296 243.81975797191262 197.18402198329568 1148.7620397768915 40.945821404457092
leaf_count=375 73 842 620 3373 169
internal_value=-0.000422867 -0.000138627 0.00221489 -0.000738635 -0.00523334
internal_weight=1776.29 1708.39 315.81 1392.58 67.8957
internal_count=5452 5210 995 4215 242
is_linear=0
shrinkage=0.03


Tree=113
num_leaves=7
num_cat=0
split_feature=0 0 0 2 6 7
split_gain=4.36657 5.26598 4.69285 5.95877 4.9865 4.11213
threshold=-1.4714441299438474 -1.4334943890571592 -1.8096537590026853 0.1075386442244053 1.0000000180025095e-35 1.0000000180025095e-35
decision_type=2 2 2 2 2 2
left_child=2 -2 3 -1 -4 -3
right_child=1 5 4 -5 -6 -7
leaf_value=0.0012279257570204001 0.0089454950099206315 -0.0014747510708343747 -0.0073120404470638873 -0.00472064817213254 0.00054834952638100774 0.0030302027899394919
leaf_weight=486.03472920507193 48.432087488472462 464.2963882535696 212.49240240827203 193.19748917222023 82.176304906606674 269.91648326814175
leaf_count=1517 132 1324 682 760 269 734
internal_value=-0.000637515 0.000967362 -0.00198111 -0.000464877 -0.00503376 0.000138275
internal_weight=1756.55 782.645 973.901 679.232 294.669 734.213
internal_count=5418 2190 3228 2277 951 2058
is_linear=0
shrinkage=0.03


Tree=114
num_leaves=7
num_cat=0
split_feature=3 0 3 2 1 0
split_gain=3.64107 5.15714 5.90791 3.81459 3.64459 2.79011
threshold=-0.74590376019477833 -1.2014395594596861 -1.9390525817871092 0.21179183572530749 0.11262847483158113 -1.6891547441482542
decision_type=2 2 2 2 2 2
left_child=1 5 -3 4 -2 -1
right_child=3 2 -4 -5 -6 -7
leaf_value=0.0017122388622979674 -0.00088550444712563086 -0.004532662202509561 0.0067968461159492724 -0.004754316957361668 0.0045195546286713028 -0.0023324194666752441
leaf_weight=401.24993317015469 575.79886479303241 28.311407133936882 238.16875042393804 161.65686326101422 117.79693254083395 217.83424712903798
leaf_count=1318 1683 82 655 639 360 647
internal_value=0.0004622 0.00181357 0.00515133 -0.000877982 4.93252e-05 0.000166725
internal_weight=1740.82 885.564 266.48 855.253 693.596 619.084
internal_count=5384 2702 737 2682 2043 1965
is_linear=0
shrinkage=0.03


Tree=115
num_leaves=7
num_cat=0
split_feature=3 1 3 4 1 1
split_gain=3.67322 4.04608 5.73562 5.55702 2.96206 7.19033
threshold=-0.60646009445190419 -0.043376710265874856 -1.5955495238304136 1.0000000180025095e-35 0.010520216543227436 0.072350624948740019
decision_type=2 2 2 2 2 2
left_child=1 2 -1 -3 -2 -6
right_child=4 3 -4 -5 5 -7
leaf_value=-0.0017342769186980292 -0.0034120696240237348 0.0011350984545715683 0.0051848657742565333 -0.0052117588248325741 0.0076777835451708031 -0.0020274520003537807
leaf_weight=130.31937196850777 411.09615617245436 395.32632974535227 318.20714294165373 153.39622879773378 70.539149982854724 259.22741195559502
leaf_count=464 1238 1163 901 506 218 919
internal_value=-0.000160007 0.000983633 0.00305823 -0.00065456 -0.00176367 0.000197331
internal_weight=1738.11 997.249 448.527 548.723 740.863 329.767
internal_count=5409 3034 1365 1669 2375 1137
is_linear=0
shrinkage=0.03


Tree=116
num_leaves=7
num_cat=0
split_feature=2 2 2 3 2 2
split_gain=3.9335 4.47256 4.659 2.99782 3.16697 2.58699
threshold=-0.04182587377727031 -0.37377294898033137 -0.24931240081787107 -1.8813990354537962 0.26124115288257604 -0.60017275810241688
decision_type=2 2 2 2 2 2
left_child=1 5 -3 -2 -5 -1
right_child=3 2 -4 4 -6 -7
leaf_value=0.0023891353491975373 0.0031716286073248012 0.0069702037933568857 0.0010648070464853441 -0.0030396269111333716 0.00086031320730733344 -0.0046540865988205539
leaf_weight=42.586858499795198 95.480068560689688 158.84785690531135 504.43542032688856 585.05169686861336 230.5946266502142 121.77412183582783
leaf_count=141 280 458 1462 1820 844 391
internal_value=8.95207e-05 0.00159823 0.00272951 -0.0012214 -0.00187106 -0.00244249
internal_weight=1738.77 827.644 663.283 911.126 815.646 164.361
internal_count=5396 2452 1920 2944 2664 532
is_linear=0
shrinkage=0.03


Tree=117
num_leaves=7
num_cat=0
split_feature=2 2 2 5 2 3
split_gain=1.76862 4.51968 4.0397 2.90044 2.37584 1.97347
threshold=0.020073367282748226 0.051771324127912528 -0.064663037657737718 1.0000000180025095e-35 -0.034787561744451516 -0.91945329308509816
decision_type=2 2 2 2 2 2
left_child=2 5 3 -1 -4 -2
right_child=1 -3 4 -5 -6 -7
leaf_value=-0.0013564276890378935 0 -3.2409554586860174e-05 0.0073130348831916825 0.0026235186312409896 0.00096465532935923609 -0.010054031063234662
leaf_weight=564.23769208788872 34.559272408485413 649.83228467404842 98.997393369674683 206.58480760082603 157.15238375216722 45.866353828459978
leaf_count=1702 111 2193 260 601 451 135
internal_value=3.44342e-05 -0.00104217 0.000862579 -0.000174536 0.00398741 -0.00697222
internal_weight=1757.23 730.258 1026.97 770.822 256.15 80.4256
internal_count=5453 2439 3014 2303 711 246
is_linear=0
shrinkage=0.03


Tree=118
num_leaves=7
num_cat=0
split_feature=1 3 3 0 0 0
split_gain=4.04969 2.82492 3.50104 2.63807 2.16319 1.1535
threshold=-0.24056517332792279 -0.19655013084411618 -1.5955495238304136 -2.6084156036376949 0.10128532722592355 -1.9191419482231138
decision_type=2 2 2 2 2 2
left_child=1 2 -1 -2 -5 -3
right_child=3 5 -4 4 -6 -7
leaf_value=-0.0019115227723859353 0.0054176159462040949 -0.0045740033917945231 0.0057323447403380308 -0.001857837689973771 0.0045030042565746267 0.00050336110217362267
leaf_weight=47.6372085288167 26.787003148347139 40.184245467185974 189.39990271627903 1330.9971975013614 26.107749849557877 63.648466147482395
leaf_count=184 84 146 528 4192 69 205
internal_value=-0.000625272 0.00215558 0.00393353 -0.00137392 -0.00162828 -0.00139848
internal_weight=1724.76 340.87 237.037 1383.89 1357.1 103.833
internal_count=5408 1063 712 4345 4261 351
is_linear=0
shrinkage=0.03


Tree=119
num_leaves=7
num_cat=0
split_feature=7 3 0 3 3 3
split_gain=2.37521 4.86321 10.5591 4.85718 3.93558 5.26304
threshold=1.0000000180025095e-35 -0.83120381832122792 -1.8096537590026853 -1.2608357071876524 -1.1539148688316343 -1.8265675306320188
decision_type=2 2 2 2 2 2
left_child=4 3 -3 -2 5 -1
right_child=1 2 -4 -5 -6 -7
leaf_value=0.0018061315052884572 0.0010144093936439765 0.0090288004229368557 -0.0061105556442850794 0.0089623385130416823 0.00069671481435995628 -0.0054728068688201072
leaf_weight=110.86421070806682 210.8252154327929 36.780198734253645 125.03139074146748 107.27131733298302 902.73687908053398 230.88660183921456
leaf_count=381 587 118 344 300 2859 804
internal_value=0.000359679 0.00212286 -0.00172467 0.00424376 -0.000295623 -0.00297635
internal_weight=1724.4 479.908 161.812 318.097 1244.49 341.751
internal_count=5393 1349 462 887 4044 1185
is_linear=0
shrinkage=0.03


Tree=120
num_leaves=7
num_cat=0
split_feature=1 1 1 1 1 2
split_gain=2.96594 3.45671 4.12843 2.8211 2.28238 0.742828
threshold=0.42245942354202276 0.0052810213528573522 -0.18570008128881452 0.056720515713095672 0.56131100654602062 0.71470531821250927
decision_type=2 2 2 2 2 2
left_child=1 2 -1 -3 -2 -6
right_child=4 3 -4 -5 5 -7
leaf_value=0.0011357744500536278 -0.0081178604537681456 0.0054084618115812968 -0.0027459613911032686 0.00074332350296838748 0.0020982070042586012 -0.0031535856159117625
leaf_weight=450.48426894471049 48.621263433247805 148.19036549702287 473.67026920989156 555.226796310395 38.840748474001884 21.176126135513186
leaf_count=1386 204 433 1444 1745 146 80
internal_value=0 0.000349603 -0.000806262 0.00193143 -0.00438012 0
internal_weight=1736.21 1627.57 924.155 703.417 108.638 60.0169
internal_count=5438 5008 2830 2178 430 226
is_linear=0
shrinkage=0.03


Tree=121
num_leaves=7
num_cat=0
split_feature=6 0 3 3 3 0
split_gain=3.33239 3.55778 4.13631 3.34596 3.18632 2.03101
threshold=1.0000000180025095e-35 -1.3123138546943662 -0.68150958418846119 -1.700810372829437 0.24965338408946994 -2.4624639749526973
decision_type=2 2 2 2 2 2
left_child=3 -2 -3 5 -5 -1
right_child=1 2 -4 4 -6 -7
leaf_value=0.0040526096091359582 0.00079357662226802112 -0.0097067522891303958 -0.00016582488343374862 0.0031487962360693764 -0.0010001094801212491 -0.0025147692601449651
leaf_weight=27.616802632808685 265.41745687834918 58.821287110447884 114.88563296198845 896.33952439203858 168.74781006574631 211.55116542242467
leaf_count=90 876 158 332 2694 599 699
internal_value=0.000922267 -0.00122182 -0.00437499 0.00169701 0.00242985 -0.0012707
internal_weight=1743.38 439.124 173.707 1304.26 1065.09 239.168
internal_count=5448 1366 490 4082 3293 789
is_linear=0
shrinkage=0.03


Tree=122
num_leaves=7
num_cat=0
split_feature=2 0 2 3 0 2
split_gain=2.79753 4.87783 4.21337 4.50936 2.82445 2.07448
threshold=-0.39044772088527674 -2.1804025173187251 -0.25475704669952387 0.49634957313537603 -1.9871307015419004 -0.53448504209518422
decision_type=2 2 2 2 2 2
left_child=1 -1 4 -4 -2 -3
right_child=2 5 3 -5 -6 -7
leaf_value=0.0023257605234136844 -0.00058791533811988056 -0.00062999113781993374 0 -0.0052280186004860464 0.0065158998716537079 -0.010813463956921229
leaf_weight=47.092621218413115 52.623873263597488 45.059221088886261 1257.4160611387342 148.96370115876198 115.4552117548883 54.914063330739737
leaf_count=148 169 155 3870 564 330 194
internal_value=-0.000464324 -0.00416019 -3.36199e-05 -0.000626426 0.00414674 -0.00759392
internal_weight=1721.52 147.066 1574.46 1406.38 168.079 99.9733
internal_count=5430 497 4933 4434 499 349
is_linear=0
shrinkage=0.03


Tree=123
num_leaves=7
num_cat=0
split_feature=1 1 3 1 2 6
split_gain=3.3057 3.80149 5.22263 4.44905 2.31448 3.34829
threshold=-0.21973720937967298 0.088502239435911192 -0.79790839552879322 0.38773125410079962 -0.26655144989490503 1.0000000180025095e-35
decision_type=2 2 2 2 2 2
left_child=4 2 -2 -3 5 -1
right_child=1 3 -4 -5 -6 -7
leaf_value=0.0029141845384916139 0.00086553954762714667 0.0031528117282559171 -0.003921410664423153 -0.0026320751652536894 0.005461640877162971 -0.0047414382963172422
leaf_weight=150.99980709329247 388.68242896720767 461.35136657580733 369.2482156008482 131.46115506999195 174.17649840936065 51.431987710297108
leaf_count=482 1186 1422 1117 524 529 159
internal_value=0.000667547 0 -0.0014303 0.00172802 0.00307648 0.000447933
internal_weight=1727.35 1350.74 757.931 592.813 376.608 202.432
internal_count=5419 4249 2303 1946 1170 641
is_linear=0
shrinkage=0.03


Tree=124
num_leaves=7
num_cat=0
split_feature=7 2 0 0 0 5
split_gain=3.0528 8.25272 5.34287 3.75406 8.2762 4.70374
threshold=1.0000000180025095e-35 -0.41643187403678888 -1.8096537590026853 -1.3123138546943662 -1.5506523251533506 1.0000000180025095e-35
decision_type=2 2 2 2 2 2
left_child=3 -2 -3 4 -1 -5
right_child=1 2 -4 5 -6 -7
leaf_value=-0.00040576687726343312 -0.0086379635117722151 0.0090710450932463028 0.0015160873088997744 -0.0045580547484926522 0.0068614727786098298 0.002406952052893659
leaf_weight=720.5106312725693 31.367102436721325 113.86928320303559 332.16070518642664 278.88539810478687 151.48387288674712 96.104307550936937
leaf_count=2520 119 322 909 818 443 281
internal_value=0.000629342 0.00262272 0.0038801 -0.000115804 0.00091498 -0.00258963
internal_weight=1724.38 477.397 446.03 1246.98 871.995 374.99
internal_count=5412 1350 1231 4062 2963 1099
is_linear=0
shrinkage=0.03


Tree=125
num_leaves=6
num_cat=0
split_feature=3 1 3 7 1
split_gain=3.32669 3.88997 2.6917 2.60518 1.18273
threshold=0.66997793316841137 -0.70577925443649281 1.0406059026718142 1.0000000180025095e-35 -0.10762003809213637
decision_type=2 2 2 2 2
left_child=1 -1 -2 -3 -4
right_child=2 3 4 -5 -6
leaf_value=-0.0074983349706739125 -0.0074368914636722657 0.00035488609313841582 -0.0030444777041313759 0.0030790169116263187 0.0029225564747261132
leaf_weight=26.026258483529091 59.948455832898617 1110.9356769174337 33.924414440989494 464.51083633303642 46.107164058834314
leaf_count=80 224 3542 115 1299 187
internal_value=0.000523722 0.000954719 -0.00353505 0.00122422 0
internal_weight=1741.45 1601.47 139.98 1575.45 80.0316
internal_count=5447 4921 526 4841 302
is_linear=0
shrinkage=0.03


Tree=126
num_leaves=7
num_cat=0
split_feature=1 1 3 3 3 3
split_gain=3.50698 3.30817 2.62708 2.0842 1.62877 0.769591
threshold=0.41006210446357733 -0.37660196423530573 -0.59545832872390736 0.69912046194076549 -1.0235788226127622 0.11065493896603586
decision_type=2 2 2 2 2 2
left_child=1 2 -1 -3 -2 -6
right_child=4 3 -4 -5 5 -7
leaf_value=0.00028979939824709983 0 0.0015650708896898424 -0.0061159890741293906 -0.0022936043816290303 -0.0089194250020423211 0
leaf_weight=85.804419334977865 43.947292067110538 1324.8735111653805 87.145471706986427 109.56244628503919 38.832938898354769 25.535593051463366
leaf_count=265 145 4042 270 392 169 126
internal_value=0.000284697 0.000690075 -0.00292635 0.0012016 -0.00443336 -0.00687514
internal_weight=1715.7 1607.39 172.95 1434.44 108.316 64.3685
internal_count=5409 4969 535 4434 440 295
is_linear=0
shrinkage=0.03


Tree=127
num_leaves=7
num_cat=0
split_feature=3 1 0 2 3 0
split_gain=2.43055 3.59211 4.92771 3.7083 2.85969 4.16375
threshold=-0.082031354308128343 0.066916853189468398 -2.3227392435073848 0.41615512967109686 0.217676617205143 -1.0442511439323423
decision_type=2 2 2 2 2 2
left_child=1 2 -1 -3 5 -2
right_child=4 3 -4 -5 -6 -7
leaf_value=0.0049774815353139891 0.0076938911967506336 -0.0041808195627138197 -0.00074757733262695357 0.0021021554648793018 0 -0.0026197137991078234
leaf_weight=145.68287217989564 103.27850752696395 380.3487966991961 687.34880566596985 79.959481317549944 289.21700625494123 27.42513956874609
leaf_count=433 336 1181 2046 268 1026 80
internal_value=-0.000167869 -0.000843476 0.000276526 -0.00292241 0.00172033 0.00507122
internal_weight=1713.26 1293.34 833.032 460.308 419.921 130.704
internal_count=5370 3928 2479 1449 1442 416
is_linear=0
shrinkage=0.03


Tree=128
num_leaves=4
num_cat=0
split_feature=0 0 3
split_gain=2.43672 2.22848 1.81652
threshold=-2.6084156036376949 0.10128532722592355 -1.2727857232093809
decision_type=2 2 2
left_child=-1 2 -2
right_child=1 -3 -4
leaf_value=0.0060467908781747281 -0.0019380139050118744 0.0058337992882315243 0.00016717331746145717
leaf_weight=37.799787625670433 491.35460849106312 31.900675348937511 1169.3610032405704
leaf_count=118 1596 88 3664
internal_value=0 -0.000215696 -0.000435638
internal_weight=1730.42 1692.62 1660.72
internal_count=5466 5348 5260
is_linear=0
shrinkage=0.03


Tree=129
num_leaves=7
num_cat=0
split_feature=0 5 0 0 0 0
split_gain=4.20998 3.6077 2.48774 1.84995 1.07163 1.05829
threshold=-1.4749506711959837 1.0000000180025095e-35 -0.98022964596748341 -2.6084156036376949 -1.2355688810348509 -1.5016269683837888
decision_type=2 2 2 2 2 2
left_child=3 2 -2 -1 -3 -5
right_child=1 4 -4 5 -6 -7
leaf_value=0.0043635493966588945 0.0026889763209358352 0.00042701149186247212 -0.00086177490648557122 -0.00083616146328900295 0.008204320364837309 -0.0058051419731510821
leaf_weight=34.541470963507891 347.48093511909246 41.966683257371187 294.67055690661073 889.26377942785621 84.817360866814852 27.424976080656052
leaf_count=104 978 126 846 3047 240 90
internal_value=0.000463049 0.0021084 0.000992178 -0.000821232 0.00644767 -0.00116965
internal_weight=1720.17 768.936 642.151 951.23 126.784 916.689
internal_count=5431 2190 1824 3241 366 3137
is_linear=0
shrinkage=0.03


Tree=130
num_leaves=7
num_cat=0
split_feature=1 3 3 1 1 1
split_gain=1.49812 4.32591 2.83533 5.12857 3.22052 2.49207
threshold=0.3001736998558045 -1.543423533439636 -1.2727857232093809 0.18060631304979327 0.1484508886933327 0.43536034226417547
decision_type=2 2 2 2 2 2
left_child=2 -2 4 -4 -1 -3
right_child=1 5 3 -5 -6 -7
leaf_value=0 0.0044862409455926266 -0.0073566975465398365 0.0005759148137573901 0.0068123412129908632 -0.006553898931159677 0
leaf_weight=356.07693217135966 45.518427280709147 85.175167948007584 929.03382807970047 122.83842517063022 66.047521822154522 83.328911680728197
leaf_count=1182 131 309 2778 394 211 350
internal_value=0.000242019 -0.00193326 0.000619679 0.00147371 -0.00134312 -0.00427766
internal_weight=1688.02 214.023 1474 1051.87 422.124 168.504
internal_count=5355 790 4565 3172 1393 659
is_linear=0
shrinkage=0.03


Tree=131
num_leaves=7
num_cat=0
split_feature=2 2 3 3 0 0
split_gain=1.67617 4.08588 4.05146 6.76455 2.26767 1.37816
threshold=-0.37377294898033137 -0.29333133995532984 -1.1635940074920652 -0.18391618132591245 -1.9871307015419004 -1.4749506711959837
decision_type=2 2 2 2 2 2
left_child=2 4 -1 -4 -2 -3
right_child=1 5 3 -5 -6 -7
leaf_value=-0.0089467151210740128 0 -0.00098540415346643298 0.0064569778560007842 -0.0062217914735418862 0.0085187264362073904 0.00082799142349090449
leaf_weight=43.010646261274815 31.484332002699375 792.42334993928671 59.717556200921535 51.434383392333984 60.047943040728569 667.46312152594328
leaf_count=168 103 2709 166 194 180 1890
internal_value=-9.57928e-06 0.000265317 -0.00283329 7.84179e-05 0.00581245 -0.000115787
internal_weight=1705.58 1551.42 154.163 111.152 91.5323 1459.89
internal_count=5410 4882 528 360 283 4599
is_linear=0
shrinkage=0.03


Tree=132
num_leaves=7
num_cat=0
split_feature=1 3 3 2 3 3
split_gain=3.48717 4.1843 3.45915 2.95204 1.46901 1.15133
threshold=-0.37660196423530573 0.35769796371459966 -0.73471856117248524 0.54623302817344677 -1.040386915206909 -0.96713450551033009
decision_type=2 2 2 2 2 2
left_child=1 2 -1 4 -2 -5
right_child=3 -3 -4 5 -6 -7
leaf_value=-0.00020962917314437806 -0.00030516884818252224 0.003759248504492595 -0.01018850183497352 0 0.0015347044426559735 -0.0072207399277383309
leaf_weight=70.219086430966854 597.91259407997131 27.834773577749729 67.313257858157158 25.91131392121315 882.07517860643566 39.591134957969189
leaf_count=224 1911 97 196 78 2756 175
internal_value=-7.86661e-06 -0.00393102 -0.00614797 0.000418441 0.00075724 -0.00492133
internal_weight=1710.86 165.367 137.532 1545.49 1479.99 65.5024
internal_count=5437 517 420 4920 4667 253
is_linear=0
shrinkage=0.03


Tree=133
num_leaves=7
num_cat=0
split_feature=0 0 0 4 0 2
split_gain=2.7637 5.18417 2.06334 1.76082 1.74961 0.849572
threshold=-0.49786071479320521 -1.5575629472732542 -0.77102646231651295 1.0000000180025095e-35 0.10128532722592355 -0.04182587377727031
decision_type=2 2 2 2 2 2
left_child=1 3 -3 -1 5 -2
right_child=4 2 -4 -5 -6 -7
leaf_value=-0.0018602350887862822 -0.00030964002576169998 0.001489399308048656 0.0062930505398251435 0.00093012481427085251 0.00070206503989179807 -0.0077587197730697721
leaf_weight=635.70987270027399 41.38932279497385 588.67490008473396 95.831578630954027 248.3079781550914 29.603238359093666 54.280481178313494
leaf_count=2183 119 1734 272 861 85 153
internal_value=6.11356e-05 0.000456574 0.00240664 -0.00100685 -0.00385829 -0.00566552
internal_weight=1693.8 1568.52 684.506 884.018 125.273 95.6698
internal_count=5407 5050 2006 3044 357 272
is_linear=0
shrinkage=0.03


Tree=134
num_leaves=7
num_cat=0
split_feature=1 0 0 0 1 0
split_gain=2.20295 2.31491 2.1698 1.94252 1.33357 0.393176
threshold=0.38773125410079962 -2.5534572601318355 -1.4714441299438474 -1.6690759062767027 0.012980146799236538 -1.1477264165878294
decision_type=2 2 2 2 2 2
left_child=1 4 -3 -2 -1 -5
right_child=3 2 -4 5 -6 -7
leaf_value=0 -0.0065685760286613758 -0.0011100646918852767 0.0011376179171987907 0.002227258066971527 0.0082412740787430518 -0.0014391204907185677
leaf_weight=39.46974927932024 65.420206913724542 819.47218198701739 691.59424256905913 26.985962238162756 29.213899731636047 38.316020004451275
leaf_count=122 278 2774 1959 115 85 129
internal_value=-9.64079e-05 0.000195988 -4.07207e-05 -0.00358516 0.00491497 0
internal_weight=1710.47 1579.75 1511.07 130.722 68.6836 65.302
internal_count=5462 4940 4733 522 207 244
is_linear=0
shrinkage=0.03


Tree=135
num_leaves=4
num_cat=0
split_feature=2 0 2
split_gain=3.43556 2.75155 1.40586
threshold=0.54623302817344677 -2.6084156036376949 -0.14362326264381406
decision_type=2 2 2
left_child=1 -1 -3
right_child=-2 2 -4
leaf_value=0.0066471567321749053 -0.0061852370787892335 -0.0015416059805253037 0.00031120195021964818
leaf_weight=33.574467550963163 66.26279829069972 513.50841867551208 1080.7151805795729
leaf_count=97 252 1620 3437
internal_value=-0.000348502 -2.30439e-06 -0.000260134
internal_weight=1694.06 1627.8 1594.22
internal_count=5406 5154 5057
is_linear=0
shrinkage=0.03


Tree=136
num_leaves=7
num_cat=0
split_feature=3 0 0 6 0 3
split_gain=2.25604 3.13264 4.54191 3.0808 3.57271 2.67547
threshold=-1.2608357071876524 -2.3049703836441036 -1.9621001482009885 1.0000000180025095e-35 -1.4749506711959837 0.29049736261367803
decision_type=2 2 2 2 2 2
left_child=3 5 -3 4 -1 -2
right_child=1 2 -4 -5 -6 -7
leaf_value=-0.005128069724520865 0.0052875365595430402 -0.0043550700291281929 0.00070099344748763128 0.003525353561185498 0 -0.0014763876257380614
leaf_weight=239.72218515537679 170.89334129542112 175.32779214158654 832.95683360844851 57.022799413651228 214.31903850287199 45.639329735189676
leaf_count=861 513 632 2504 180 631 180
internal_value=-0.000180962 0.000481755 -0.000187447 -0.00184054 -0.00276132 0.00360393
internal_weight=1735.88 1224.82 1008.28 511.064 454.041 216.533
internal_count=5501 3829 3136 1672 1492 693
is_linear=0
shrinkage=0.03


Tree=137
num_leaves=7
num_cat=0
split_feature=0 0 2 2 2 2
split_gain=5.9348 4.03533 5.82109 5.62122 2.97881 7.24571
threshold=-0.93979761004447926 -1.1938186883926389 0.095336794853210463 -0.1462093964219093 -0.04182587377727031 0.089733425527811064
decision_type=2 2 2 2 2 2
left_child=1 2 -1 -3 -2 -6
right_child=4 3 -4 -5 5 -7
leaf_value=0.0010714243392063725 -0.00014930947203717422 -0.0030901566119931594 -0.0033789561488943671 0.0072054068502032118 -0.013218025279833956 -0.00085648232357172116
leaf_weight=831.93317590281367 136.85387954488397 45.66026208922267 360.23987540230155 137.19334139674902 63.826913818717003 117.0494008474052
leaf_count=2597 395 137 1364 387 173 343
internal_value=-0.000473574 0.000356774 -0.000257415 0.00428753 -0.00405302 -0.006399
internal_weight=1692.76 1375.03 1192.17 182.854 317.73 180.876
internal_count=5396 4485 3961 524 911 516
is_linear=0
shrinkage=0.03


Tree=138
num_leaves=7
num_cat=0
split_feature=2 2 3 3 3 1
split_gain=4.71969 5.48902 3.90551 5.45881 3.26072 1.86038
threshold=0.1483757942914963 0.11309826374053956 -0.77335169911384571 -0.31224647164344782 -1.7115510106086729 -0.043376710265874856
decision_type=2 2 2 2 2 2
left_child=1 5 4 -4 -2 -1
right_child=2 -3 3 -5 -6 -7
leaf_value=0.0013465256579803897 -0.0046441755774983638 0.0085992567098235571 -0.011020436045099724 -0.00093466809519472682 0.0024184479844913524 -0.0010048979553417751
leaf_weight=724.46695109829307 66.349410893395543 59.781140957027674 73.935681894421577 139.37566864863038 163.32163616269827 468.14630810916424
leaf_count=2261 198 212 264 565 529 1408
internal_value=0 0.000941505 -0.00259587 -0.00533268 0 0.000372672
internal_weight=1695.38 1252.39 442.982 213.311 229.671 1192.61
internal_count=5437 3881 1556 829 727 3669
is_linear=0
shrinkage=0.03


Tree=139
num_leaves=6
num_cat=0
split_feature=2 5 2 2 3
split_gain=3.54548 4.49444 3.69068 3.1437 1.45515
threshold=-0.37377294898033137 1.0000000180025095e-35 -0.34065043926239008 0.47759988903999334 -0.89113444089889515
decision_type=2 2 2 2 2
left_child=1 4 -2 -4 -1
right_child=2 -3 3 -5 -6
leaf_value=-0.0010904899275643578 0.0073564009019645125 0.0020644881814099489 -1.0661902375754668e-05 -0.005224523996352223 -0.01026501418086515
leaf_weight=45.63261379301548 36.358815371990204 40.825574561953545 1413.4646484553814 94.529311466962099 63.958152607083321
leaf_count=175 110 127 4434 350 221
internal_value=-0.000622169 -0.00474033 -0.000127239 -0.000440869 -0.0076657
internal_weight=1694.77 150.416 1544.35 1507.99 109.591
internal_count=5417 523 4894 4784 396
is_linear=0
shrinkage=0.03


Tree=140
num_leaves=7
num_cat=0
split_feature=2 4 3 2 1 3
split_gain=4.40783 5.98865 4.00604 2.90685 2.04049 1.80189
threshold=0.033210948109626777 1.0000000180025095e-35 -0.44516795873641962 -0.36672824621200556 -0.050421604886651032 -1.1635940074920652
decision_type=2 2 2 2 2 2
left_child=3 -2 -3 5 -5 -1
right_child=1 2 -4 4 -6 -7
leaf_value=-0.0059631672532607276 -0.0034138883533893333 -6.6936686913707431e-05 0.0085598243307651277 0.0032628385899180104 9.4488276428143905e-05 0
leaf_weight=45.343859069049358 496.67441024817526 120.06604581139982 48.59169389680028 513.40452392026782 341.85065095499158 117.77949939668179
leaf_count=183 1704 425 162 1544 984 378
internal_value=9.97693e-05 -0.00173071 0.00274443 0.00136375 0.00209608 -0.00195777
internal_weight=1683.71 665.332 168.658 1018.38 855.255 163.123
internal_count=5380 2291 587 3089 2528 561
is_linear=0
shrinkage=0.03


Tree=141
num_leaves=7
num_cat=0
split_feature=3 0 3 0 3 3
split_gain=2.47472 2.65046 6.3479 3.99364 1.92792 1.10475
threshold=-0.4953745156526565 -0.83224064111709584 -1.5019521713256834 -1.3744100928306577 -0.41989216208457941 -0.19655013084411618
decision_type=2 2 2 2 2 2
left_child=1 3 -3 -1 -2 -6
right_child=4 2 -4 -5 5 -7
leaf_value=0.0019479953454720864 -0.0057684694922269294 -0.0020666334748224656 0.0087885154607490398 -0.0023123304350333518 0.0020733174742802772 -0.00094211631904415427
leaf_weight=645.99133686721325 46.576088670641184 57.046307474374771 103.52848756313324 253.8009775839746 113.85086871311069 488.02923371456563
leaf_count=2103 130 179 286 726 339 1683
internal_value=0.00051219 0.00141677 0.00479804 0.00065692 -0.000875374 -0.000226904
internal_weight=1708.82 1060.37 160.575 899.792 648.456 601.88
internal_count=5446 3294 465 2829 2152 2022
is_linear=0
shrinkage=0.03


Tree=142
num_leaves=7
num_cat=0
split_feature=3 1 3 7 3 1
split_gain=3.28389 6.17343 4.63298 6.00778 3.22121 1.48472
threshold=-1.1539148688316343 0.28710474073886877 -1.8265675306320188 1.0000000180025095e-35 0.69912046194076549 -0.17551244795322415
decision_type=2 2 2 2 2 2
left_child=2 4 5 -4 -2 -1
right_child=1 -3 3 -5 -6 -7
leaf_value=-0.0014303666553215372 0.0027394714618008114 -0.0042635593239510475 -0.0063360063581969061 0.00062978984342634283 -0.0021248251912179025 0.0036886408689260244
leaf_weight=42.758391417562962 862.17640037089586 136.22357931360602 229.89361119642854 169.49427749216557 113.04873975738883 134.71095449477434
leaf_count=146 2552 566 822 492 415 417
internal_value=0.00021357 0.00119133 -0.00154657 -0.0033477 0.00208394 0.0021315
internal_weight=1688.31 1111.45 576.857 399.388 975.225 177.469
internal_count=5410 3533 1877 1314 2967 563
is_linear=0
shrinkage=0.03


Tree=143
num_leaves=7
num_cat=0
split_feature=1 3 1 3 1 3
split_gain=1.4709 2.21769 3.20935 2.0439 2.31601 1.48173
threshold=-0.23568449914455411 -1.5955495238304136 -0.40217122435569758 -2.0007886886596675 0.030147187411785129 -1.7189415097236631
decision_type=2 2 2 2 2 2
left_child=1 -1 -3 4 -2 -5
right_child=3 2 -4 5 -6 -7
leaf_value=-0.0034407897792465571 -0.0015047166797018132 -0.00081545300184184162 0.0049207107514239335 -0.004534409759171687 0.0065220040473495805 -0.00091724573863311899
leaf_weight=51.40019666403532 32.820326037704945 132.25448578223586 160.70803139358759 109.55658650025725 47.118785962462425 1145.4419249203056
leaf_count=203 109 406 499 380 143 3674
internal_value=-0.000528928 0.00109611 0.00225284 -0.0010024 0.00298451 -0.00134624
internal_weight=1679.3 344.363 292.963 1334.94 79.9391 1255
internal_count=5414 1108 905 4306 252 4054
is_linear=0
shrinkage=0.03


Tree=144
num_leaves=7
num_cat=0
split_feature=2 2 2 0 4 0
split_gain=2.36566 4.68548 5.07671 3.12508 2.74903 6.98217
threshold=0.030788389034569267 -0.061287600547075265 -0.084459584206342683 -1.2539047598838804 1.0000000180025095e-35 -2.4624639749526973
decision_type=2 2 2 2 2 2
left_child=1 2 -1 -3 5 -2
right_child=4 3 -4 -5 -6 -7
leaf_value=0.00016885377490652906 -0.01234303705278671 0.0060008353754599725 -0.0077805613113369459 -0.00025449406246839311 0.0012413868630473111 -0.0013100719534801344
leaf_weight=678.63260861486197 42.678802091628313 177.80795380100608 59.354674316942692 82.890712670981884 176.7218684181571 461.39482782781124
leaf_count=2143 164 528 167 239 604 1584
internal_value=-0.00029346 0.00059034 -0.000579769 0.00392174 -0.00165541 -0.00279409
internal_weight=1679.48 998.686 737.987 260.699 680.795 504.074
internal_count=5429 3077 2310 767 2352 1748
is_linear=0
shrinkage=0.03


Tree=145
num_leaves=4
num_cat=0
split_feature=0 1 0
split_gain=2.89944 2.69815 2.72521
threshold=0.10128532722592355 -0.70577925443649281 -0.47479552030563349
decision_type=2 2 2
left_child=1 -1 -3
right_child=-2 2 -4
leaf_value=-0.0070528975413168193 0.0075272773294069555 0.00078299934632050942 -0.0040573415955914779
leaf_weight=24.09903247654438 31.167138203978539 1517.9425028096884 89.908734168857336
leaf_count=79 91 4955 260
internal_value=0.000458907 0.000198096 0.000428952
internal_weight=1663.12 1631.95 1607.85
internal_count=5385 5294 5215
is_linear=0
shrinkage=0.03


Tree=146
num_leaves=7
num_cat=0
split_feature=1 1 1 1 2 2
split_gain=2.73153 3.8812 1.86919 1.66763 1.482 0.820141
threshold=-0.21973720937967298 -0.70577925443649281 0.38773125410079962 -0.45465753972530359 -0.24931240081787107 0.43880195915699011
decision_type=2 2 2 2 2 2
left_child=1 -1 4 -3 -2 -4
right_child=2 3 5 -5 -6 -7
leaf_value=-0.0056104707401589482 0.0030163595095870337 0.0070593255641276205 -0.0058857730389227083 0.0017123418478906655 -0.00040817930378111544 -5.7491635813341588e-05
leaf_weight=25.529269307851791 106.46270357072353 79.938215311616659 57.378150101751089 261.83924897387624 1079.7789270300418 61.883176999166608
leaf_count=87 335 259 251 837 3382 255
internal_value=0.000168402 0.00240807 -0.000443294 0.00344992 -6.17622e-06 -0.00373498
internal_weight=1672.81 367.307 1305.5 341.777 1186.24 119.261
internal_count=5406 1183 4223 1096 3717 506
is_linear=0
shrinkage=0.03


Tree=147
num_leaves=7
num_cat=0
split_feature=0 0 5 0 3 3
split_gain=2.20943 3.15232 2.34286 2.0044 2.53714 2.16201
threshold=-1.8930083513259885 -2.0521612167358394 1.0000000180025095e-35 -0.93979761004447926 -1.4932192564010618 0.69912046194076549
decision_type=2 2 2 2 2 2
left_child=1 2 -1 5 -5 -2
right_child=3 -3 -4 4 -6 -7
leaf_value=0.001243317568919733 0.0023166655984764909 -0.0053274136524138899 -0.0030914973110099777 -0.0052087017078185178 0.0004702365267290405 -0.002756879553605198
leaf_weight=337.47033323347569 715.01779888384044 114.36599511653185 142.80478855036199 71.847617849707603 239.10902096703649 56.976638924330473
leaf_count=1132 2210 419 527 221 679 225
internal_value=0.00014098 -0.00126039 0 0.000973761 -0.000896082 0.00180629
internal_weight=1677.59 594.641 480.275 1082.95 310.957 771.994
internal_count=5413 2078 1659 3335 900 2435
is_linear=0
shrinkage=0.03


Tree=148
num_leaves=7
num_cat=0
split_feature=2 3 2 1 1 1
split_gain=4.06223 3.51234 3.53491 2.82955 3.12872 1.33945
threshold=-0.04182587377727031 -1.0862999558448789 0.37129583954811102 0.17356639355421069 -0.35350376367568964 -0.010726756881922482
decision_type=2 2 2 2 2 2
left_child=3 2 -2 4 -1 -3
right_child=1 5 -4 -5 -6 -7
leaf_value=-0.0015958606462034551 -0.00085290161948627986 -0.0059616265372519541 0.0062897639859285327 -0.0048570506919124179 0.002727890870301496 -0.0019672908407771536
leaf_weight=166.66777627542615 284.61668818816543 133.46252134442329 56.66121719405055 41.478254541754723 587.89623704180121 392.45372888445854
leaf_count=544 912 445 166 128 1815 1408
internal_value=-0.000333972 -0.00176278 0.00044944 0.00115408 0.00167885 -0.00327212
internal_weight=1663.24 867.194 341.278 796.042 754.564 525.916
internal_count=5418 2931 1078 2487 2359 1853
is_linear=0
shrinkage=0.03


Tree=149
num_leaves=7
num_cat=0
split_feature=0 1 3 1 0 3
split_gain=4.01795 4.63679 4.35027 3.26202 3.5311 3.21932
threshold=-0.83224064111709584 0.19455122947692874 -0.55223771929740895 -0.37660196423530573 -0.93979761004447926 0.35769796371459966
decision_type=2 2 2 2 2 2
left_child=3 2 -2 5 -5 -1
right_child=1 -3 -4 4 -6 -7
leaf_value=-0.0066711104794167806 0.008622333406290001 -0.0028765288005125774 0 0.0001384586700521134 -0.0066144825421811668 0.0024569078710429968
leaf_weight=123.02967726811767 117.49080124497414 59.30358649417758 76.110001161694527 1217.1591394040734 53.229859746992588 23.335023030638695
leaf_count=389 343 185 217 4034 155 89
internal_value=-9.95863e-05 0.00319713 0.00543365 -0.000766157 -0.000196129 -0.00473476
internal_weight=1669.66 252.904 193.601 1416.75 1270.39 146.365
internal_count=5412 745 560 4667 4189 478
is_linear=0
shrinkage=0.03


Tree=150
num_leaves=6
num_cat=0
split_feature=2 2 2 0 3
split_gain=1.79747 3.40736 3.23259 4.54623 2.09401
threshold=-0.34065043926239008 -0.31440910696983332 -0.36672824621200556 -2.124894261360168 0.30042670667171484
decision_type=2 2 2 2 2
left_child=2 -2 3 -1 -3
right_child=1 4 -4 -5 -6
leaf_value=0.0062773584647104735 -0.0083686535309694526 0.00036867842730051962 0.009561308158734183 -0.0030303693653676808 -0.002789352290587088
leaf_weight=54.826866574585438 26.446403995156288 1251.428503504023 27.369477763772011 105.04490837454796 200.66852210275829
leaf_count=181 83 3906 86 380 765
internal_value=0 -0.000357326 0.0026235 0.000171137 -5.89458e-05
internal_weight=1665.78 1478.54 187.241 159.872 1452.1
internal_count=5401 4754 647 561 4671
is_linear=0
shrinkage=0.03


Tree=151
num_leaves=7
num_cat=0
split_feature=3 2 2 0 6 0
split_gain=3.04824 4.96745 4.60573 5.18753 2.50271 2.18773
threshold=-1.2608357071876524 0.37129583954811102 0.21179183572530749 -2.3049703836441036 1.0000000180025095e-35 -1.0876108407974241
decision_type=2 2 2 2 2 2
left_child=1 4 3 -2 -1 -4
right_child=2 -3 5 -5 -6 -7
leaf_value=-0.0044784121033998644 0.0057646836705116979 0.0049031269206735858 -0.0050304560511400193 0.00011008049623134279 0.0014052552224563144 0.00065283193398245798
leaf_weight=377.46577360108495 167.07863201573491 48.21307366527617 162.97163189016283 778.29549728706479 50.773473419249058 59.560833290219307
leaf_count=1294 508 141 699 2358 161 185
internal_value=-0.000485633 -0.00246973 0.000301232 0.00127031 -0.00361539 -0.00333354
internal_weight=1644.36 476.452 1167.91 945.374 428.239 222.532
internal_count=5346 1596 3750 2866 1455 884
is_linear=0
shrinkage=0.03


Tree=152
num_leaves=7
num_cat=0
split_feature=2 2 5 0 0 2
split_gain=2.22913 4.11629 3.79246 4.01368 3.19011 2.86823
threshold=-0.21734496206045148 0.033210948109626777 1.0000000180025095e-35 -1.9871307015419004 -1.4749506711959837 0.11309826374053956
decision_type=2 2 2 2 2 2
left_child=2 4 3 -1 -2 -3
right_child=1 5 -4 -5 -6 -7
leaf_value=-0.0087857931998377558 2.8335670521612066e-05 -0.004339207041060323 0.0023959934218237538 -0.00089685711234650247 0.0044250719105931226 0
leaf_weight=85.463745757937431 360.37555161491036 171.32161621376872 88.563899744302034 187.36281488090754 272.0630109347403 495.54235955700278
leaf_count=296 1116 549 284 612 771 1784
internal_value=-0.000194363 0.000353046 -0.00223508 -0.00400427 0.00208936 -0.00121917
internal_weight=1660.69 1299.3 361.39 272.827 632.439 666.864
internal_count=5412 4220 1192 908 1887 2333
is_linear=0
shrinkage=0.03


Tree=153
num_leaves=7
num_cat=0
split_feature=3 0 0 3 0 0
split_gain=1.95892 2.50091 4.32211 2.91426 2.32683 2.17339
threshold=0.30042670667171484 -0.49786071479320521 -0.83224064111709584 -0.55223771929740895 -2.5016914606094356 -0.64061820507049549
decision_type=2 2 2 2 2 2
left_child=1 2 -1 -3 -2 -6
right_child=4 3 -4 -5 5 -7
leaf_value=-0.0001549377370217724 0.0032790771199539153 0 0.0056529403899007432 -0.0090123650553230097 -0.0051354052803566702 0.0019605133784549211
leaf_weight=1223.6716833896935 22.398496810346842 78.232742965221405 105.64991452544928 38.095311775803566 191.94310070946813 22.866308078169823
leaf_count=3925 89 230 316 106 753 70
internal_value=-0.000482879 -1.15501e-05 0.000339133 -0.0039209 -0.00289783 -0.00402187
internal_weight=1682.86 1445.65 1329.32 116.328 237.208 214.809
internal_count=5489 4577 4241 336 912 823
is_linear=0
shrinkage=0.03


Tree=154
num_leaves=7
num_cat=0
split_feature=1 3 1 3 2 3
split_gain=2.46789 3.33954 6.48425 2.97911 1.14385 1.55883
threshold=0.38773125410079962 -1.8998205065727232 0.059242250397801406 -1.2727857232093809 0.42613244056701666 -0.89113444089889515
decision_type=2 2 2 2 2 2
left_child=1 2 -1 -3 -2 -6
right_child=4 3 -4 -5 5 -7
leaf_value=0 -0.0055105618806557885 -0.0018683192317342408 0.012151971483017204 0.0013382275120392419 0.0033862666606461833 -0.0037127650175608189
leaf_weight=87.271616607904434 54.862510103732347 310.72584421932697 49.272803530097008 1086.4881489742547 36.237236805260181 34.994796613231301
leaf_count=295 248 1056 148 3385 106 169
internal_value=0.000717856 0.00108909 0.00529782 0.000566486 -0.00291786 0
internal_weight=1659.85 1533.76 136.544 1397.21 126.095 71.232
internal_count=5407 4884 443 4441 523 275
is_linear=0
shrinkage=0.03


Tree=155
num_leaves=7
num_cat=0
split_feature=2 5 2 2 1 1
split_gain=2.64142 4.65389 3.69824 3.46938 3.40182 2.23978
threshold=-0.16765401512384412 1.0000000180025095e-35 -0.12789754569530484 -0.064663037657737718 -0.050421604886651032 -0.18941827118396756
decision_type=2 2 2 2 2 2
left_child=1 5 4 -4 -2 -1
right_child=2 -3 3 -5 -6 -7
leaf_value=-0.0012151817237206178 0.0093808009071025353 0.0027015410157533427 -0.0035489032102432173 0.00091382512981476966 -0.0004044693888919278 -0.0066469827497535319
leaf_weight=211.58526995778084 59.37987856566906 114.95430583879352 166.62591547891498 926.193722628057 32.537232011556625 130.11728384718299
leaf_count=693 179 377 494 3104 94 412
internal_value=0 -0.00191891 0.00071861 0.000127908 0.00592758 -0.00370261
internal_weight=1641.39 456.657 1184.74 1092.82 91.9171 341.703
internal_count=5353 1482 3871 3598 273 1105
is_linear=0
shrinkage=0.03


Tree=156
num_leaves=7
num_cat=0
split_feature=2 0 4 0 2 0
split_gain=1.28598 4.69203 4.41278 3.59251 3.28655 1.74063
threshold=0.020073367282748226 -2.4591364860534664 1.0000000180025095e-35 -2.5186879634857173 -0.077849473804235444 -0.47479552030563349
decision_type=2 2 2 2 2 2
left_child=3 2 -2 -1 -5 -3
right_child=1 5 -4 4 -6 -7
leaf_value=0.0071481074914909225 -0.011736139155105184 0.0010159890832716631 2.1145111880500071e-05 -0.00056073438593082659 0.0032588499197684015 -0.0037891129758306098
leaf_weight=64.425042845308781 39.953889574855566 558.23525013029575 36.333116695284843 645.5383743532002 263.09838623926044 54.218014985322952
leaf_count=186 159 1996 113 2050 764 157
internal_value=0.000449927 -0.000474329 -0.00667209 0.00116092 0.000526993 0.000389373
internal_weight=1661.8 688.74 76.287 973.062 908.637 612.453
internal_count=5425 2425 272 3000 2814 2153
is_linear=0
shrinkage=0.03


Tree=157
num_leaves=7
num_cat=0
split_feature=2 0 3 7 0 3
split_gain=1.48408 6.88081 4.64715 2.97778 2.55809 4.42082
threshold=0.020073367282748226 -2.4359731674194331 -1.2822953462600706 1.0000000180025095e-35 -2.4308307170867915 -1.4622720479965208
decision_type=2 2 2 2 2 2
left_child=1 2 -1 -3 5 -2
right_child=4 3 -4 -5 -6 -7
leaf_value=-0.00095906403965201185 0.0018523024669272446 -0.0012805154968072493 0.01038751813325285 0.0025420354115111153 -0.00012119204950000108 -0.0093900910333587963
leaf_weight=29.917380593717098 31.150957182049751 609.81753772497177 81.594278998672962 236.51271277666092 607.71291015669703 56.99957263469696
leaf_count=103 88 1932 225 716 2134 219
internal_value=1.71189e-05 0.000810982 0.00720422 -0.000108996 -0.00098393 -0.00525458
internal_weight=1653.71 957.842 111.512 846.33 695.863 88.1505
internal_count=5417 2976 328 2648 2441 307
is_linear=0
shrinkage=0.03


Tree=158
num_leaves=7
num_cat=0
split_feature=1 3 3 1 3 4
split_gain=7.42956 3.16621 3.29445 2.96493 2.33312 1.17114
threshold=-0.12234472855925559 0.030338943004608158 -1.9145485758781431 -0.082376655191183076 1.0406059026718142 1.0000000180025095e-35
decision_type=2 2 2 2 2 2
left_child=1 2 -1 5 -5 -2
right_child=3 -3 -4 4 -6 -7
leaf_value=-0.002477152034610033 -0.0076860667754872474 -0.00092820306910133311 0.0048081538687307617 -0.0012990934368464606 0.004501875077873428 0
leaf_weight=40.616529632359743 72.907380875200033 133.72596989199519 387.46528914198279 943.86540235765278 43.552702270448208 24.951170109212399
leaf_count=145 230 454 1219 3083 182 84
internal_value=-4.95944e-05 0.00265777 0.0039033 -0.00152811 -0.000899373 -0.00613399
internal_weight=1647.08 561.808 428.082 1085.28 987.418 97.8586
internal_count=5397 1818 1364 3579 3265 314
is_linear=0
shrinkage=0.03


Tree=159
num_leaves=6
num_cat=0
split_feature=3 1 3 1 2
split_gain=1.86175 4.2295 2.95406 4.8293 1.44836
threshold=-1.9677107334136961 0.069171886891126647 -0.4953745156526565 -0.043376710265874856 0.4639424085617066
decision_type=2 2 2 2 2
left_child=1 -1 3 -2 -4
right_child=2 -3 4 -5 -6
leaf_value=-0.0076283083590097649 0.0039276320830933806 0.0022300100655168373 -0.00039213217466858288 -0.0002526847661749897 -0.0054531313820371467
leaf_weight=61.960751354694366 421.24042013660073 48.519741453230381 584.06387248076499 508.88781247846782 41.551397528499365
leaf_count=213 1321 145 1973 1624 184
internal_value=0.000222061 -0.0031608 0.00053744 0.00162019 -0.000979718
internal_weight=1666.22 110.48 1555.74 930.128 625.615
internal_count=5460 358 5102 2945 2157
is_linear=0
shrinkage=0.03


Tree=160
num_leaves=7
num_cat=0
split_feature=2 3 4 0 3 0
split_gain=3.297 4.05829 5.15841 3.87025 1.5595 4.85006
threshold=0.21179183572530749 -0.94243836402893055 1.0000000180025095e-35 -1.3044522404670713 -1.2822953462600706 -2.3281191587448116
decision_type=2 2 2 2 2 2
left_child=4 3 -3 -2 -1 -6
right_child=1 2 -4 -5 5 -7
leaf_value=-0.00039914395296391597 -0.0023032028346403337 -0.0076179576678221351 0.0027549827722178227 0.0062884734898216599 0.0062260583796328239 0.00064277371837287987
leaf_weight=368.27746153250337 86.671965979039669 138.89097037725151 37.435243401676416 59.523115053772926 161.72008783742785 792.11346985772252
leaf_count=1271 288 597 130 166 491 2447
internal_value=0.00042089 -0.00215403 -0.00505379 0.00116966 0.00111647 0.00175944
internal_weight=1644.63 322.521 176.326 146.195 1322.11 953.834
internal_count=5390 1181 727 454 4209 2938
is_linear=0
shrinkage=0.03


Tree=161
num_leaves=7
num_cat=0
split_feature=2 2 3 5 3 3
split_gain=5.77389 3.58524 2.82629 2.7983 1.38557 7.02535
threshold=-0.084459584206342683 -0.36672824621200556 -1.543423533439636 1.0000000180025095e-35 -0.044529084116220467 0.38102690875530248
decision_type=2 2 2 2 2 2
left_child=1 3 -3 -1 -2 -6
right_child=4 2 -4 -5 5 -7
leaf_value=-0.0042240690753094345 -0.0023145248511851862 -0.00083973937100771266 0.0041941367927051682 0.0032654308741531788 0.0052274107269897644 -0.0043761047207396351
leaf_weight=113.15092507004738 739.18393917009234 98.950003534555435 412.40757163614035 41.812886379659176 113.26909261196852 120.11805965192616
leaf_count=420 2396 364 1224 128 390 490
internal_value=-0.000193245 0.0018841 0.0031122 -0.00171803 -0.0016862 9.26684e-05
internal_weight=1638.89 666.321 511.358 154.964 972.571 233.387
internal_count=5412 2136 1588 548 3276 880
is_linear=0
shrinkage=0.03


Tree=162
num_leaves=7
num_cat=0
split_feature=7 3 2 3 3 3
split_gain=2.65194 7.4552 4.88702 4.49257 3.88359 3.19262
threshold=1.0000000180025095e-35 -0.90014880895614613 0.23397286236286166 -1.0694714188575742 -1.7897868156433103 -0.73471856117248524
decision_type=2 2 2 2 2 2
left_child=3 -2 -3 4 -1 -5
right_child=1 2 -4 5 -6 -7
leaf_value=0.0010750960995577138 0.0051472869180765306 0.00035766945015683983 -0.010056334445929523 0.004560729611966686 -0.0049504191423382143 0
leaf_weight=118.94556579366326 302.52521372586489 122.84836637601256 33.553666263818741 160.32453610375524 246.41549088060856 669.62381586059928
leaf_count=439 878 369 117 487 907 2258
internal_value=0.000553544 0.00244853 -0.00242322 -0.000152969 -0.00287909 0.00101604
internal_weight=1654.24 458.927 156.402 1195.31 365.361 829.948
internal_count=5455 1364 486 4091 1346 2745
is_linear=0
shrinkage=0.03


Tree=163
num_leaves=7
num_cat=0
split_feature=1 1 1 3 1 2
split_gain=2.57937 2.08824 2.16317 1.88875 3.5854 2.07532
threshold=0.23619999736547473 0.27781111001968389 0.3001736998558045 0.1638630032539368 0.092219185084104552 -0.0093114790506660921
decision_type=2 2 2 2 2 2
left_child=3 -2 -3 5 -5 -1
right_child=1 2 -4 4 -6 -7
leaf_value=0.0025065446613031154 -0.0064458072799387246 0.0052580191402002005 -0.0017160352153561815 -0.0031835476730598111 0.0046547024689267752 -1.4876000988461377e-05
leaf_weight=703.28039498999715 54.695471867918968 27.302192069590092 205.13375086151063 194.86075369641185 46.117123793810606 416.28906745836139
leaf_count=2168 191 85 790 697 153 1353
internal_value=0.0004144 -0.00201573 -0.00030749 0.000992491 -0.00121184 0.00153255
internal_weight=1647.68 287.131 232.436 1360.55 240.978 1119.57
internal_count=5437 1066 875 4371 850 3521
is_linear=0
shrinkage=0.03


Tree=164
num_leaves=7
num_cat=0
split_feature=0 3 3 3 0 2
split_gain=3.38989 7.76662 11.1122 6.1684 4.99471 3.93527
threshold=-0.93979761004447926 -0.55223771929740895 -1.5955495238304136 0.2620192170143128 -1.0801700949668882 -0.0676119029521942
decision_type=2 2 2 2 2 2
left_child=4 2 -2 -3 -1 -6
right_child=1 3 -4 -5 5 -7
leaf_value=-0.00012750479339543948 -0.0079650365666444328 -0.012530590396262562 0.0059874415116674502 0 -0.00049504677892741526 0.010257400899266288
leaf_weight=1242.337487699464 59.982992716133595 78.226543497294188 120.26819809526205 43.521556124091148 31.274433623999357 57.770594291388988
leaf_count=4240 194 229 345 140 98 174
internal_value=-0.000259312 -0.00304388 0.000713005 -0.00834515 0.000363618 0.00653254
internal_weight=1633.38 301.999 180.251 121.748 1331.38 89.045
internal_count=5420 908 539 369 4512 272
is_linear=0
shrinkage=0.03


Tree=165
num_leaves=6
num_cat=0
split_feature=3 1 0 1 2
split_gain=1.68495 3.32145 3.5665 2.19152 1.65624
threshold=0.217676617205143 -0.37068535387516016 -0.64061820507049549 -0.5564710497856139 -0.12789754569530484
decision_type=2 2 2 2 2
left_child=3 -2 -3 -1 -5
right_child=1 2 -4 4 -6
leaf_value=-0.0052459544397073198 0.004057184704365697 -0.0050840890580174779 0.0041191286917574843 0.0020191517049972965 -0.00019720028644076721
leaf_weight=42.539182074368 36.430337272584438 216.7284874226898 22.307019755244255 408.28931363672018 902.8183210734278
leaf_count=143 134 843 70 1300 2945
internal_value=-0.000233828 -0.00230258 -0.00374188 0.000170876 0.000467882
internal_weight=1629.11 275.466 239.036 1353.65 1311.11
internal_count=5435 1047 913 4388 4245
is_linear=0
shrinkage=0.03


Tree=166
num_leaves=7
num_cat=0
split_feature=0 2 5 2 2 2
split_gain=1.87482 3.10639 3.8824 2.88306 2.57749 3.61297
threshold=-1.8096537590026853 0.082996021956205382 1.0000000180025095e-35 -0.16765401512384412 -0.37377294898033137 -0.32882104814052576
decision_type=2 2 2 2 2 2
left_child=1 3 -3 -1 -2 -6
right_child=4 2 -4 -5 5 -7
leaf_value=0 -0.0054602874530326646 0.00054682288847568861 -0.0078026425714198579 0.0046654845883498221 0.0077564518499274992 -0.00075181758170089438
leaf_weight=187.06849001348019 80.124878134578466 161.12738081067801 45.476911015808582 246.34463015571237 26.760001577436924 877.17286883294582
leaf_count=657 289 611 256 788 83 2730
internal_value=-3.24048e-06 0.00120179 -0.0015527 0.00265773 -0.00085506 -0.000272551
internal_weight=1624.08 640.017 206.604 433.413 984.058 903.933
internal_count=5414 2312 867 1445 3102 2813
is_linear=0
shrinkage=0.03


Tree=167
num_leaves=5
num_cat=0
split_feature=0 0 2 2
split_gain=1.03435 2.52209 1.1622 0.73153
threshold=-0.37816277146339411 -0.49786071479320521 -0.0676119029521942 0.045340707525610931
decision_type=2 2 2 2
left_child=1 2 -1 -2
right_child=3 -3 -4 -5
leaf_value=-0.0014183713407392106 0.0039803759088307506 -0.007310558599438105 0.00020149671517155987 0
leaf_weight=650.33140963688493 54.275144316256046 32.36076195538044 847.35583045426756 33.743134863674641
leaf_count=2090 155 101 2954 101
internal_value=-0.000526329 -0.000747587 -0.000471777 0.00219069
internal_weight=1618.07 1530.05 1497.69 88.0183
internal_count=5401 5145 5044 256
is_linear=0
shrinkage=0.03


Tree=168
num_leaves=7
num_cat=0
split_feature=0 3 1 0 0 2
split_gain=2.59323 8.003 3.48627 3.06756 2.99173 1.32786
threshold=-0.66404196619987477 -1.5019521713256834 0.37179833650588995 -0.52854478359222401 -1.5711763501167295 0.62564662098884594
decision_type=2 2 2 2 2 2
left_child=2 -2 4 -3 -1 -4
right_child=1 3 5 -5 -6 -7
leaf_value=-0.00049128193087428519 -0.013173466954778144 -0.0057204857362377444 -0.0058619747506329775 0.0029138507426775162 0.0022973562707216478 0
leaf_weight=766.31626853346825 35.19605815038085 32.646989472210407 89.57450358197093 102.25181011855602 569.33417686074972 32.305659253150225
leaf_count=2682 116 96 390 305 1720 132
internal_value=-0.000223553 -0.00353543 0.000164961 0 0.0006695 -0.00425621
internal_weight=1627.63 170.095 1457.53 134.899 1335.65 121.88
internal_count=5441 517 4924 401 4402 522
is_linear=0
shrinkage=0.03


Tree=169
num_leaves=7
num_cat=0
split_feature=3 2 2 3 0 2
split_gain=1.88214 1.78955 1.71664 1.5541 7.60386 3.86708
threshold=-1.7490004301071165 0.33314341306686407 -0.061287600547075265 -1.1539148688316343 -1.4749506711959837 -0.12789754569530484
decision_type=2 2 2 2 2 2
left_child=1 2 -1 4 -2 -5
right_child=3 -3 -4 5 -6 -7
leaf_value=0 -0.0065167669277242726 -0.0030242906712094854 0.0054070949544409337 0.0019851663124088913 0.0018535896344559742 -0.0016816102424757754
leaf_weight=84.804961238056421 189.00568787008524 27.376157514750957 101.43137507885695 378.18067887797952 154.61011288315058 696.39547085389495
leaf_count=304 703 73 334 1159 475 2376
internal_value=-0.000540513 0.00188263 0.0031182 -0.000968319 -0.00269071 -0.000323635
internal_weight=1631.8 213.612 186.236 1418.19 343.616 1074.58
internal_count=5424 711 638 4713 1178 3535
is_linear=0
shrinkage=0.03


Tree=170
num_leaves=7
num_cat=0
split_feature=1 2 1 1 2 1
split_gain=2.08026 2.49685 2.40994 2.22534 1.1291 0.643304
threshold=0.24552784860134128 0.42613244056701666 -0.70577925443649281 0.46946990489959722 0.37129583954811102 0.44418779015541082
decision_type=2 2 2 2 2 2
left_child=2 5 -1 -3 -4 -2
right_child=1 3 4 -5 -6 -7
leaf_value=-0.0061175038710856574 -0.0048969230869039624 0.0062549030946559723 0.00070223691219499398 -0.0015173465062731149 0.0054918373796164913 0
leaf_weight=23.382841199636459 142.96211255062371 31.520333390682936 1292.0439286194742 57.580644778907299 31.763417232781649 32.311566286720335
leaf_count=88 505 128 4184 228 117 151
internal_value=0.000170719 -0.0021159 0.000687722 0.00132481 0.000941833 -0.0041288
internal_weight=1611.56 264.375 1347.19 89.101 1323.81 175.274
internal_count=5401 1012 4389 356 4301 656
is_linear=0
shrinkage=0.03


Tree=171
num_leaves=7
num_cat=0
split_feature=1 0 1 0 0 0
split_gain=2.71117 3.4481 3.10382 2.68477 2.87202 1.54148
threshold=-0.043376710265874856 -1.2751360535621641 -0.32961776852607721 -0.37816277146339411 -0.93979761004447926 -1.5326734781265257
decision_type=2 2 2 2 2 2
left_child=1 5 -3 4 -2 -1
right_child=3 2 -4 -5 -6 -7
leaf_value=0.0013197919342497824 -0.00090165730598173825 -0.0067219664850638279 0.00015950350071743295 0.004214423696034939 -0.0058377250070366432 0.0056153372187326932
leaf_weight=424.04379045031965 689.21874397899956 58.179350189864635 175.38411717116833 47.744269981980324 120.71736445277929 103.18032958731055
leaf_count=1448 2413 189 531 140 381 317
internal_value=-0.000166038 0.00108018 -0.001713 -0.00133926 -0.0018326 0.0024446
internal_weight=1618.47 760.788 233.563 857.68 809.936 527.224
internal_count=5419 2485 720 2934 2794 1765
is_linear=0
shrinkage=0.03


Tree=172
num_leaves=7
num_cat=0
split_feature=0 3 3 3 3 0
split_gain=1.59478 9.19816 4.25295 3.98675 3.57517 4.5452
threshold=-1.4653264284133909 -1.0955887436866758 -0.19655013084411618 -2.0529088973999019 -1.0044251084327696 -0.9615170657634734
decision_type=2 2 2 2 2 2
left_child=1 3 -3 -1 5 -2
right_child=4 2 -4 -5 -6 -7
leaf_value=0.0019459859713690123 0.005832855800431914 0.0029532198992102648 -0.0019399589078926676 -0.0065330944637479026 -0.0013182040545470476 -0.0010471838993980937
leaf_weight=37.862568195909262 170.41212478652596 331.61886401847005 262.41970325447619 293.26068229228258 418.45494473446161 125.97005295008421
leaf_count=117 508 1047 1042 1077 1258 399
internal_value=-0.000640736 -0.0014637 0.000701137 -0.00533705 0.000353569 0.00283767
internal_weight=1640 925.162 594.039 331.123 714.837 296.382
internal_count=5448 3283 2089 1194 2165 907
is_linear=0
shrinkage=0.03


Tree=173
num_leaves=7
num_cat=0
split_feature=1 2 5 2 1 1
split_gain=1.70502 3.59134 3.09193 2.51272 2.24259 1.19109
threshold=-0.12234472855925559 -0.16235569864511487 1.0000000180025095e-35 -0.12179946526885031 -0.10762003809213637 0.6217477321624757
decision_type=2 2 2 2 2 2
left_child=1 2 -1 -3 -2 -6
right_child=4 3 -4 -5 5 -7
leaf_value=-0.0018711423886991849 -0.0059331554637749237 0.010250002887417958 0.0041175564889604889 0.0020038475383155718 0.00029644377378259894 -0.0040732478165679273
leaf_weight=258.08181749656796 39.710516393184662 41.089723374694586 86.775409407913685 170.87763051688671 977.93177542090416 39.32499142549932
leaf_count=863 132 129 281 557 3293 164
internal_value=0.000384318 0.0017128 -5.66712e-05 0.00460694 -0.00027864 0
internal_weight=1613.79 556.825 344.857 211.967 1056.97 1017.26
internal_count=5419 1830 1144 686 3589 3457
is_linear=0
shrinkage=0.03


Tree=174
num_leaves=7
num_cat=0
split_feature=3 2 2 3 2 7
split_gain=1.3525 2.48346 3.4891 1.78309 1.55062 1.1651
threshold=0.66997793316841137 -0.24931240081787107 0.13997416943311694 -0.082031354308128343 0.41615512967109686 1.0000000180025095e-35
decision_type=2 2 2 2 2 2
left_child=3 -2 -3 4 -1 -5
right_child=1 2 -4 5 -6 -7
leaf_value=-0.0009285306635899754 0.0023924125444067658 -0.0087521978868245597 0.00043087169144725822 0.0030084322667928145 0.0028082243756119402 -0.0011013102303883851
leaf_weight=1144.8548319879919 30.215460930019617 65.21228064969182 42.510267049074173 217.55278735607862 83.763931579887867 47.313227914273739
leaf_count=3679 108 237 202 782 296 158
internal_value=-0.000380525 -0.00303109 -0.00515853 -5.92555e-05 -0.000584815 0.0020379
internal_weight=1631.42 137.938 107.723 1493.48 1228.62 264.866
internal_count=5462 547 439 4915 3975 940
is_linear=0
shrinkage=0.03


Tree=175
num_leaves=7
num_cat=0
split_feature=3 2 2 3 0 0
split_gain=1.08944 2.50857 3.05776 1.28877 1.4107 1.01188
threshold=0.66997793316841137 -0.24931240081787107 -0.037240320816636079 -1.9677107334136961 -1.4749506711959837 -1.7874434590339658
decision_type=2 2 2 2 2 2
left_child=3 -2 -3 5 -5 -1
right_child=1 2 -4 4 -6 -7
leaf_value=0 0.0024690741729881749 -0.010361724953167643 0 -0.00066231912592695807 0.0012220995561710575 -0.0051777975762877905
leaf_weight=56.032887972891331 31.946030870079994 34.815031923353672 65.790467211976647 756.66002822108567 623.46525778248906 56.367637120187283
leaf_count=187 116 128 296 2642 1881 181
internal_value=-0.000366199 -0.00279556 -0.00509699 -7.6666e-05 0.000151402 -0.00293006
internal_weight=1625.08 132.552 100.605 1492.53 1380.13 112.401
internal_count=5431 540 424 4891 4523 368
is_linear=0
shrinkage=0.03


Tree=176
num_leaves=7
num_cat=0
split_feature=1 1 0 2 2 3
split_gain=2.3217 2.78817 2.72504 1.94726 1.84208 1.24108
threshold=0.24552784860134128 0.27781111001968389 -2.5351219177246089 -0.38163582980632776 0.16903953254222873 -0.56726765632629383
decision_type=2 2 2 2 2 2
left_child=2 -2 5 -4 -3 -1
right_child=1 4 3 -5 -6 -7
leaf_value=0 -0.0085815519104411979 0.0031336285114854376 -0.003176777768741099 0.00049667422068362102 -0.0023756594353604547 0.0081119259454163206
leaf_weight=30.00154097750783 37.364885933697224 52.27801875770092 125.25296159461141 1153.8673437889665 165.90271311625838 38.365633420646191
leaf_count=103 137 180 473 3672 665 125
internal_value=-2.17126e-05 -0.00256737 0.000447674 4.74115e-05 -0.000651392 0.00555178
internal_weight=1603.03 255.546 1347.49 1279.12 218.181 68.3672
internal_count=5355 982 4373 4145 845 228
is_linear=0
shrinkage=0.03


Tree=177
num_leaves=7
num_cat=0
split_feature=1 1 0 1 1 1
split_gain=2.22794 4.6564 8.53455 3.29942 2.90205 3.41818
threshold=-0.043376710265874856 0.088502239435911192 -1.1259605288505552 0.41006210446357733 -0.082376655191183076 -0.092050455510616289
decision_type=2 2 2 2 2 2
left_child=4 2 -2 -3 5 -1
right_child=1 3 -4 -5 -6 -7
leaf_value=0.001446719612299666 -0.0062238846511443067 0.0023755035870674482 0.003681685535025357 -0.0030485132641961048 0.0063640420324645982 -0.0068711333377340479
leaf_weight=638.52158744260669 233.3568010404706 437.46822211891413 89.507871516048908 103.15684326179326 88.836285676807165 26.202345699071884
leaf_count=2090 794 1472 263 449 286 92
internal_value=0.000528667 -0.000455487 -0.00324819 0.00116169 0.00171657 0.000840096
internal_weight=1617.05 863.49 322.865 540.625 753.56 664.724
internal_count=5446 2978 1057 1921 2468 2182
is_linear=0
shrinkage=0.03


Tree=178
num_leaves=5
num_cat=0
split_feature=1 1 2 3
split_gain=2.26379 1.33139 3.51486 1.68341
threshold=0.6217477321624757 -0.40887199342250818 -0.24546119570732114 -1.1985746026039121
decision_type=2 2 2 2
left_child=1 3 -3 -1
right_child=-2 2 -4 -5
leaf_value=-0.0067931776070115166 -0.0060325720689088985 0.0036849289349309578 -0.00026741394863483245 0
leaf_weight=35.498664822429419 37.126228017732501 217.51694368198514 1248.4215754736215 93.074699770659208
leaf_count=135 161 712 4152 314
internal_value=-0.000159117 1.35114e-05 0.000320363 -0.0026534
internal_weight=1631.64 1594.51 1465.94 128.573
internal_count=5474 5313 4864 449
is_linear=0
shrinkage=0.03


Tree=179
num_leaves=7
num_cat=0
split_feature=3 0 4 2 0 0
split_gain=1.54329 1.44777 2.94988 2.72637 0.763796 2.15648
threshold=-1.9568819999694822 -1.3651037812232969 1.0000000180025095e-35 -0.16488507390022275 -1.9733894467353819 -1.4514089822769163
decision_type=2 2 2 2 2 2
left_child=4 2 -2 -3 -1 -6
right_child=1 3 -4 -5 5 -7
leaf_value=-0.005818235020172177 -0.0018497994255007647 -0.0020426688888314387 0.0018309801199592993 0.0023532119122176812 0.0039775484825779906 -0.0043872727682465473
leaf_weight=47.001859555020928 674.08068032748997 146.68732975423336 241.01625798456371 425.50821146555245 28.490763749927282 41.109744295477867
leaf_count=156 2385 465 875 1297 97 130
internal_value=-0.000346802 -2.52813e-05 -0.000797772 0.00109404 -0.0034045 -0.000169985
internal_weight=1603.89 1487.29 915.097 572.196 116.602 69.6005
internal_count=5405 5022 3260 1762 383 227
is_linear=0
shrinkage=0.03


end of trees

feature_importances:
Column_3=278
Column_0=249
Column_2=232
Column_1=191
Column_7=30
Column_4=25
Column_5=22
Column_6=7

parameters:
[boosting: gbdt]
[objective: lambdarank]
[metric: ndcg]
[tree_learner: serial]
[device_type: cpu]
[data_sample_strategy: bagging]
[data: ]
[valid: ]
[num_iterations: 180]
[learning_rate: 0.03]
[num_leaves: 7]
[num_threads: 1]
[seed: 17]
[deterministic: 1]
[force_col_wise: 1]
[force_row_wise: 0]
[histogram_pool_size: -1]
[max_depth: 3]
[min_data_in_leaf: 80]
[min_sum_hessian_in_leaf: 0.001]
[bagging_fraction: 0.8]
[pos_bagging_fraction: 1]
[neg_bagging_fraction: 1]
[bagging_freq: 1]
[bagging_seed: 26602]
[bagging_by_query: 0]
[feature_fraction: 0.8]
[feature_fraction_bynode: 1]
[feature_fraction_seed: 18297]
[extra_trees: 0]
[extra_seed: 13015]
[early_stopping_round: 0]
[early_stopping_min_delta: 0]
[first_metric_only: 0]
[max_delta_step: 0]
[lambda_l1: 2]
[lambda_l2: 20]
[linear_lambda: 0]
[min_gain_to_split: 0]
[drop_rate: 0.1]
[max_drop: 50]
[skip_drop: 0.5]
[xgboost_dart_mode: 0]
[uniform_drop: 0]
[drop_seed: 30017]
[top_rate: 0.2]
[other_rate: 0.1]
[min_data_per_group: 100]
[max_cat_threshold: 32]
[cat_l2: 10]
[cat_smooth: 10]
[max_cat_to_onehot: 4]
[top_k: 20]
[monotone_constraints: ]
[monotone_constraints_method: basic]
[monotone_penalty: 0]
[feature_contri: ]
[forcedsplits_filename: ]
[refit_decay_rate: 0.9]
[cegb_tradeoff: 1]
[cegb_penalty_split: 0]
[cegb_penalty_feature_lazy: ]
[cegb_penalty_feature_coupled: ]
[path_smooth: 0]
[interaction_constraints: ]
[verbosity: -1]
[saved_feature_importance_type: 0]
[use_quantized_grad: 0]
[num_grad_quant_bins: 4]
[quant_train_renew_leaf: 0]
[stochastic_rounding: 1]
[linear_tree: 0]
[max_bin: 255]
[max_bin_by_feature: ]
[min_data_in_bin: 3]
[bin_construct_sample_cnt: 200000]
[data_random_seed: 94]
[is_enable_sparse: 1]
[enable_bundle: 1]
[use_missing: 1]
[zero_as_missing: 0]
[feature_pre_filter: 1]
[pre_partition: 0]
[two_round: 0]
[header: 0]
[label_column: ]
[weight_column: ]
[group_column: ]
[ignore_column: ]
[categorical_feature: ]
[forcedbins_filename: ]
[precise_float_parser: 0]
[parser_config_file: ]
[objective_seed: 20363]
[num_class: 1]
[is_unbalance: 0]
[scale_pos_weight: 1]
[sigmoid: 1]
[boost_from_average: 1]
[reg_sqrt: 0]
[alpha: 0.9]
[fair_c: 1]
[poisson_max_delta_step: 0.7]
[tweedie_variance_power: 1.5]
[lambdarank_truncation_level: 30]
[lambdarank_norm: 1]
[label_gain: 0,1,2,3]
[lambdarank_position_bias_regularization: 0]
[eval_at: 2]
[multi_error_top_k: 1]
[auc_mu_weights: ]
[num_machines: 1]
[local_listen_port: 12400]
[time_out: 120]
[machine_list_filename: ]
[machines: ]
[gpu_platform_id: -1]
[gpu_device_id: -1]
[gpu_device_id_list: ]
[gpu_use_dp: 0]
[num_gpu: 1]

end of parameters

pandas_categorical:null
