trade_date,strategy,equity_net,equity_gross,cash,positions,fees_cumulative,slippage_cumulative,turnover_cumulative,accounting_residual,shares_json,daily_return_net,drawdown,gross_return_daily
2024-01-02,V26 mf_tier_flow_agreement_20 Top2,100000,100000,100000,0,0,0,0,0,{},0,0,0
2024-01-03,V26 mf_tier_flow_agreement_20 Top2,100960.2498,101016,404.2498359,2,25.88816412,29.862,99540,0,"{""601398.SH"": 10400.0, ""601988.SH"": 12400.0}",0.009602498359,0,0.01016
2024-01-04,V26 mf_tier_flow_agreement_20 Top2,102596.2498,102652,404.2498359,2,25.88816412,29.862,99540,0,"{""601398.SH"": 10400.0, ""601988.SH"": 12400.0}",0.0162043973,0,0.01619545419
2024-01-05,V26 mf_tier_flow_agreement_20 Top2,102140.2498,102196,404.2498359,2,25.88816412,29.862,99540,0,"{""601398.SH"": 10400.0, ""601988.SH"": 12400.0}",-0.004444606901,-0.004444606901,-0.004442193041
2024-01-08,V26 mf_tier_flow_agreement_20 Top2,101996.2498,102052,404.2498359,2,25.88816412,29.862,99540,0,"{""601398.SH"": 10400.0, ""601988.SH"": 12400.0}",-0.001409826197,-0.005848166975,-0.001409057106
2024-01-09,V26 mf_tier_flow_agreement_20 Top2,101996.2498,102052,404.2498359,2,25.88816412,29.862,99540,0,"{""601398.SH"": 10400.0, ""601988.SH"": 12400.0}",0,-0.005848166975,0
2024-01-10,V26 mf_tier_flow_agreement_20 Top2,100940.2498,100996,404.2498359,2,25.88816412,29.862,99540,0,"{""601398.SH"": 10400.0, ""601988.SH"": 12400.0}",-0.01035332183,-0.01614094085,-0.0103476659
2024-01-11,V26 mf_tier_flow_agreement_20 Top2,99468.24984,99524,404.2498359,2,25.88816412,29.862,99540,0,"{""601398.SH"": 10400.0, ""601988.SH"": 12400.0}",-0.01458288445,-0.03048844383,-0.01457483465
2024-01-12,V26 mf_tier_flow_agreement_20 Top2,100400.2498,100456,404.2498359,2,25.88816412,29.862,99540,0,"{""601398.SH"": 10400.0, ""601988.SH"": 12400.0}",0.009369824055,-0.02140429113,0.009364575379
2024-01-15,V26 mf_tier_flow_agreement_20 Top2,101168.2498,101224,404.2498359,2,25.88816412,29.862,99540,0,"{""601398.SH"": 10400.0, ""601988.SH"": 12400.0}",0.007649383356,-0.0139186374,0.00764513817
2024-01-16,V26 mf_tier_flow_agreement_20 Top2,101728.2498,101784,404.2498359,2,25.88816412,29.862,99540,0,"{""601398.SH"": 10400.0, ""601988.SH"": 12400.0}",0.005535333476,-0.008460348223,0.005532284834
2024-01-17,V26 mf_tier_flow_agreement_20 Top2,100712.2498,100768,404.2498359,2,25.88816412,29.862,99540,0,"{""601398.SH"": 10400.0, ""601988.SH"": 12400.0}",-0.009987392899,-0.0183632443,-0.009981922503
2024-01-18,V26 mf_tier_flow_agreement_20 Top2,100568.2498,100624,404.2498359,2,25.88816412,29.862,99540,0,"{""601398.SH"": 10400.0, ""601988.SH"": 12400.0}",-0.001429816137,-0.01976680437,-0.001429025087
2024-01-19,V26 mf_tier_flow_agreement_20 Top2,100488.2498,100544,404.2498359,2,25.88816412,29.862,99540,0,"{""601398.SH"": 10400.0, ""601988.SH"": 12400.0}",-0.000795479688,-0.02054655997,-0.0007950389569
2024-01-22,V26 mf_tier_flow_agreement_20 Top2,100860.2498,100916,404.2498359,2,25.88816412,29.862,99540,0,"{""601398.SH"": 10400.0, ""601988.SH"": 12400.0}",0.003701925356,-0.01692069645,0.003699872693
2024-01-23,V26 mf_tier_flow_agreement_20 Top2,100612.2498,100668,404.2498359,2,25.88816412,29.862,99540,0,"{""601398.SH"": 10400.0, ""601988.SH"": 12400.0}",-0.002458847766,-0.0193379388,-0.002457489397
2024-01-24,V26 mf_tier_flow_agreement_20 Top2,102932.2498,102988,404.2498359,2,25.88816412,29.862,99540,0,"{""601398.SH"": 10400.0, ""601988.SH"": 12400.0}",0.0230588224,0,0.02304605237
2024-01-25,V26 mf_tier_flow_agreement_20 Top2,103968.2498,104024,404.2498359,2,25.88816412,29.862,99540,0,"{""601398.SH"": 10400.0, ""601988.SH"": 12400.0}",0.01006487278,0,0.0100594244
2024-01-26,V26 mf_tier_flow_agreement_20 Top2,106412.2498,106468,404.2498359,2,25.88816412,29.862,99540,0,"{""601398.SH"": 10400.0, ""601988.SH"": 12400.0}",0.02350717651,0,0.02349457817
2024-01-29,V26 mf_tier_flow_agreement_20 Top2,107388.2498,107444,404.2498359,2,25.88816412,29.862,99540,0,"{""601398.SH"": 10400.0, ""601988.SH"": 12400.0}",0.009171876372,0,0.009167073675
2024-01-30,V26 mf_tier_flow_agreement_20 Top2,106704.2498,106760,404.2498359,2,25.88816412,29.862,99540,0,"{""601398.SH"": 10400.0, ""601988.SH"": 12400.0}",-0.006369411933,-0.006369411933,-0.006366106995
2024-01-31,V26 mf_tier_flow_agreement_20 Top2,107740.2498,107796,404.2498359,2,25.88816412,29.862,99540,0,"{""601398.SH"": 10400.0, ""601988.SH"": 12400.0}",0.009709079082,0,0.009704008992
2024-02-01,V26 mf_tier_flow_agreement_20 Top2,106808.2498,106864,404.2498359,2,25.88816412,29.862,99540,0,"{""601398.SH"": 10400.0, ""601988.SH"": 12400.0}",-0.008650434739,-0.008650434739,-0.008645960889
2024-02-02,V26 mf_tier_flow_agreement_20 Top2,107740.2498,107796,404.2498359,2,25.88816412,29.862,99540,0,"{""601398.SH"": 10400.0, ""601988.SH"": 12400.0}",0.008725917721,0,0.008721365474
2024-02-05,V26 mf_tier_flow_agreement_20 Top2,110476.2498,110532,404.2498359,2,25.88816412,29.862,99540,0,"{""601398.SH"": 10400.0, ""601988.SH"": 12400.0}",0.02539440928,0,0.02538127574
2024-02-06,V26 mf_tier_flow_agreement_20 Top2,111036.2498,111092,404.2498359,2,25.88816412,29.862,99540,0,"{""601398.SH"": 10400.0, ""601988.SH"": 12400.0}",0.005068962794,0,0.005066406109
2024-02-07,V26 mf_tier_flow_agreement_20 Top2,108736.2498,108792,404.2498359,2,25.88816412,29.862,99540,0,"{""601398.SH"": 10400.0, ""601988.SH"": 12400.0}",-0.02071395606,-0.02071395606,-0.02070356101
2024-02-08,V26 mf_tier_flow_agreement_20 Top2,107512.2498,107568,404.2498359,2,25.88816412,29.862,99540,0,"{""601398.SH"": 10400.0, ""601988.SH"": 12400.0}",-0.01125659568,-0.03173738311,-0.01125082727
2024-02-19,V26 mf_tier_flow_agreement_20 Top2,111136.2498,111192,404.2498359,2,25.88816412,29.862,99540,0,"{""601398.SH"": 10400.0, ""601988.SH"": 12400.0}",0.03370778684,0,0.03369031682
2024-02-20,V26 mf_tier_flow_agreement_20 Top2,112216.2498,112272,404.2498359,2,25.88816412,29.862,99540,0,"{""601398.SH"": 10400.0, ""601988.SH"": 12400.0}",0.009717801362,0,0.009712928988
2024-02-21,V26 mf_tier_flow_agreement_20 Top2,113212.2498,113268,404.2498359,2,25.88816412,29.862,99540,0,"{""601398.SH"": 10400.0, ""601988.SH"": 12400.0}",0.008875719884,0,0.008871312527
2024-02-22,V26 mf_tier_flow_agreement_20 Top2,113316.2498,113372,404.2498359,2,25.88816412,29.862,99540,0,"{""601398.SH"": 10400.0, ""601988.SH"": 12400.0}",0.0009186285066,0,0.0009181763605
2024-02-23,V26 mf_tier_flow_agreement_20 Top2,114436.2498,114492,404.2498359,2,25.88816412,29.862,99540,0,"{""601398.SH"": 10400.0, ""601988.SH"": 12400.0}",0.009883842799,0,0.009878982465
2024-02-26,V26 mf_tier_flow_agreement_20 Top2,111036.2498,111092,404.2498359,2,25.88816412,29.862,99540,0,"{""601398.SH"": 10400.0, ""601988.SH"": 12400.0}",-0.02971086526,-0.02971086526,-0.029696398
2024-02-27,V26 mf_tier_flow_agreement_20 Top2,110828.2498,110884,404.2498359,2,25.88816412,29.862,99540,0,"{""601398.SH"": 10400.0, ""601988.SH"": 12400.0}",-0.001873262113,-0.03152847114,-0.001872322039
2024-02-28,V26 mf_tier_flow_agreement_20 Top2,111140.2498,111196,404.2498359,2,25.88816412,29.862,99540,0,"{""601398.SH"": 10400.0, ""601988.SH"": 12400.0}",0.002815166715,-0.02880206232,0.002813751308
2024-02-29,V26 mf_tier_flow_agreement_20 Top2,111264.2498,111320,404.2498359,2,25.88816412,29.862,99540,0,"{""601398.SH"": 10400.0, ""601988.SH"": 12400.0}",0.001115707407,-0.02771848959,0.001115148027
2024-03-01,V26 mf_tier_flow_agreement_20 Top2,111492.2498,111548,404.2498359,2,25.88816412,29.862,99540,0,"{""601398.SH"": 10400.0, ""601988.SH"": 12400.0}",0.002049175727,-0.02572611392,0.002048149479
2024-03-04,V26 mf_tier_flow_agreement_20 Top2,111408.554,111554,184.5539649,2,82.34823506,63.0978,210326,0,"{""601939.SH"": 7900.0, ""601988.SH"": 12400.0}",-0.0007506877928,-0.02645748943,5.37885036e-05
2024-03-05,V26 mf_tier_flow_agreement_20 Top2,113630.554,113776,184.5539649,2,82.34823506,63.0978,210326,0,"{""601939.SH"": 7900.0, ""601988.SH"": 12400.0}",0.01994460857,-0.007040565136,0.01991860444
2024-03-06,V26 mf_tier_flow_agreement_20 Top2,112378.554,112524,184.5539649,2,82.34823506,63.0978,210326,0,"{""601939.SH"": 7900.0, ""601988.SH"": 12400.0}",-0.0110181633,-0.01798115434,-0.01100407819
2024-03-07,V26 mf_tier_flow_agreement_20 Top2,112942.554,113088,184.5539649,2,82.34823506,63.0978,210326,0,"{""601939.SH"": 7900.0, ""601988.SH"": 12400.0}",0.005018751177,-0.01305264611,0.00501226405
2024-03-08,V26 mf_tier_flow_agreement_20 Top2,112773.554,112919,184.5539649,2,82.34823506,63.0978,210326,0,"{""601939.SH"": 7900.0, ""601988.SH"": 12400.0}",-0.001496335917,-0.01452945088,-0.001494411432
2024-03-11,V26 mf_tier_flow_agreement_20 Top2,111961.554,112107,184.5539649,2,82.34823506,63.0978,210326,0,"{""601939.SH"": 7900.0, ""601988.SH"": 12400.0}",-0.007200269668,-0.02162510458,-0.007190995315
2024-03-12,V26 mf_tier_flow_agreement_20 Top2,108893.554,109039,184.5539649,2,82.34823506,63.0978,210326,0,"{""601939.SH"": 7900.0, ""601988.SH"": 12400.0}",-0.02740226347,-0.04843479124,-0.02736671216
2024-03-13,V26 mf_tier_flow_agreement_20 Top2,108442.554,108588,184.5539649,2,82.34823506,63.0978,210326,0,"{""601939.SH"": 7900.0, ""601988.SH"": 12400.0}",-0.004141659296,-0.05237585013,-0.004136134777
2024-03-14,V26 mf_tier_flow_agreement_20 Top2,108566.554,108712,184.5539649,2,82.34823506,63.0978,210326,0,"{""601939.SH"": 7900.0, ""601988.SH"": 12400.0}",0.001143462557,-0.0512922774,0.001141930968
2024-03-15,V26 mf_tier_flow_agreement_20 Top2,108081.554,108227,184.5539649,2,82.34823506,63.0978,210326,0,"{""601939.SH"": 7900.0, ""601988.SH"": 12400.0}",-0.004467305835,-0.05553044494,-0.004461329016
2024-03-18,V26 mf_tier_flow_agreement_20 Top2,107686.554,107832,184.5539649,2,82.34823506,63.0978,210326,0,"{""601939.SH"": 7900.0, ""601988.SH"": 12400.0}",-0.003654647676,-0.05898214841,-0.003649736203
2024-03-19,V26 mf_tier_flow_agreement_20 Top2,106468.554,106614,184.5539649,2,82.34823506,63.0978,210326,0,"{""601939.SH"": 7900.0, ""601988.SH"": 12400.0}",-0.0113106043,-0.06962562896,-0.01129534832
2024-03-20,V26 mf_tier_flow_agreement_20 Top2,107370.554,107516,184.5539649,2,82.34823506,63.0978,210326,0,"{""601939.SH"": 7900.0, ""601988.SH"": 12400.0}",0.008471985074,-0.06174351118,0.008460427336
2024-03-21,V26 mf_tier_flow_agreement_20 Top2,107776.554,107922,184.5539649,2,82.34823506,63.0978,210326,0,"{""601939.SH"": 7900.0, ""601988.SH"": 12400.0}",0.003781297432,-0.05819568433,0.00377618215
2024-03-22,V26 mf_tier_flow_agreement_20 Top2,108814.554,108960,184.5539649,2,82.34823506,63.0978,210326,0,"{""601939.SH"": 7900.0, ""601988.SH"": 12400.0}",0.009631037195,-0.04912513193,0.009618057486
2024-03-25,V26 mf_tier_flow_agreement_20 Top2,108859.554,109005,184.5539649,2,82.34823506,63.0978,210326,0,"{""601939.SH"": 7900.0, ""601988.SH"": 12400.0}",0.0004135476217,-0.04873189989,0.0004129955947
2024-03-26,V26 mf_tier_flow_agreement_20 Top2,110066.554,110212,184.5539649,2,82.34823506,63.0978,210326,0,"{""601939.SH"": 7900.0, ""601988.SH"": 12400.0}",0.01108768092,-0.03818454272,0.01107288656
2024-03-27,V26 mf_tier_flow_agreement_20 Top2,110765.554,110911,184.5539649,2,82.34823506,63.0978,210326,0,"{""601939.SH"": 7900.0, ""601988.SH"": 12400.0}",0.00635070305,-0.03207633836,0.00634232207
2024-03-28,V26 mf_tier_flow_agreement_20 Top2,108453.554,108599,184.5539649,2,82.34823506,63.0978,210326,0,"{""601939.SH"": 7900.0, ""601988.SH"": 12400.0}",-0.02087291506,-0.05227972674,-0.02084554282
2024-03-29,V26 mf_tier_flow_agreement_20 Top2,109017.554,109163,184.5539649,2,82.34823506,63.0978,210326,0,"{""601939.SH"": 7900.0, ""601988.SH"": 12400.0}",0.005200382831,-0.04735121851,0.005193417987
2024-04-01,V26 mf_tier_flow_agreement_20 Top2,110077.554,110223,184.5539649,2,82.34823506,63.0978,210326,0,"{""601939.SH"": 7900.0, ""601988.SH"": 12400.0}",0.009723204763,-0.03808841934,0.00971024981
2024-04-02,V26 mf_tier_flow_agreement_20 Top2,110968.554,111114,184.5539649,2,82.34823506,63.0978,210326,0,"{""601939.SH"": 7900.0, ""601988.SH"": 12400.0}",0.008094293232,-0.03030242494,0.008083612313
2024-04-03,V26 mf_tier_flow_agreement_20 Top2,110641.554,110787,184.5539649,2,82.34823506,63.0978,210326,0,"{""601939.SH"": 7900.0, ""601988.SH"": 12400.0}",-0.002946780762,-0.0331599111,-0.002942923484
2024-04-08,V26 mf_tier_flow_agreement_20 Top2,111972.554,112118,184.5539649,2,82.34823506,63.0978,210326,0,"{""601939.SH"": 7900.0, ""601988.SH"": 12400.0}",0.01202983827,-0.0215289812,0.01201404497
2024-04-09,V26 mf_tier_flow_agreement_20 Top2,111239.554,111385,184.5539649,2,82.34823506,63.0978,210326,0,"{""601939.SH"": 7900.0, ""601988.SH"": 12400.0}",-0.00654624704,-0.02793429421,-0.006537754865
2024-04-10,V26 mf_tier_flow_agreement_20 Top2,111521.554,111667,184.5539649,2,82.34823506,63.0978,210326,0,"{""601939.SH"": 7900.0, ""601988.SH"": 12400.0}",0.002535069496,-0.02547004009,0.002531759214
2024-04-11,V26 mf_tier_flow_agreement_20 Top2,110878.554,111024,184.5539649,2,82.34823506,63.0978,210326,0,"{""601939.SH"": 7900.0, ""601988.SH"": 12400.0}",-0.005765701581,-0.03108888902,-0.005758191767
2024-04-12,V26 mf_tier_flow_agreement_20 Top2,111397.554,111543,184.5539649,2,82.34823506,63.0978,210326,0,"{""601939.SH"": 7900.0, ""601988.SH"": 12400.0}",0.004680796975,-0.02655361282,0.004674664937
2024-04-15,V26 mf_tier_flow_agreement_20 Top2,113506.554,113652,184.5539649,2,82.34823506,63.0978,210326,0,"{""601939.SH"": 7900.0, ""601988.SH"": 12400.0}",0.01893219308,-0.00812413787,0.01890750652
2024-04-16,V26 mf_tier_flow_agreement_20 Top2,114363.554,114509,184.5539649,2,82.34823506,63.0978,210326,0,"{""601939.SH"": 7900.0, ""601988.SH"": 12400.0}",0.007550224811,-0.0006352521255,0.007540562419
2024-04-17,V26 mf_tier_flow_agreement_20 Top2,115480.554,115626,184.5539649,2,82.34823506,63.0978,210326,0,"{""601939.SH"": 7900.0, ""601988.SH"": 12400.0}",0.009767097657,0,0.009754691771
2024-04-18,V26 mf_tier_flow_agreement_20 Top2,116010.554,116156,184.5539649,2,82.34823506,63.0978,210326,0,"{""601939.SH"": 7900.0, ""601988.SH"": 12400.0}",0.004589517298,0,0.004583744141
2024-04-19,V26 mf_tier_flow_agreement_20 Top2,116777.554,116923,184.5539649,2,82.34823506,63.0978,210326,0,"{""601939.SH"": 7900.0, ""601988.SH"": 12400.0}",0.006611467438,0,0.006603188815
2024-04-22,V26 mf_tier_flow_agreement_20 Top2,115638.554,115784,184.5539649,2,82.34823506,63.0978,210326,0,"{""601939.SH"": 7900.0, ""601988.SH"": 12400.0}",-0.009753586724,-0.009753586724,-0.009741453777
2024-04-23,V26 mf_tier_flow_agreement_20 Top2,115717.554,115863,184.5539649,2,82.34823506,63.0978,210326,0,"{""601939.SH"": 7900.0, ""601988.SH"": 12400.0}",0.0006831631605,-0.009077086855,0.0006823049817
2024-04-24,V26 mf_tier_flow_agreement_20 Top2,114792.554,114938,184.5539649,2,82.34823506,63.0978,210326,0,"{""601939.SH"": 7900.0, ""601988.SH"": 12400.0}",-0.007993601388,-0.01699812963,-0.007983566799
2024-04-25,V26 mf_tier_flow_agreement_20 Top2,115040.554,115186,184.5539649,2,82.34823506,63.0978,210326,0,"{""601939.SH"": 7900.0, ""601988.SH"": 12400.0}",0.002160418872,-0.01487443384,0.002157685013
2024-04-26,V26 mf_tier_flow_agreement_20 Top2,112976.554,113122,184.5539649,2,82.34823506,63.0978,210326,0,"{""601939.SH"": 7900.0, ""601988.SH"": 12400.0}",-0.01794149914,-0.03254906333,-0.0179188443
2024-04-29,V26 mf_tier_flow_agreement_20 Top2,112705.554,112851,184.5539649,2,82.34823506,63.0978,210326,0,"{""601939.SH"": 7900.0, ""601988.SH"": 12400.0}",-0.002398727793,-0.03486971478,-0.002395643641
2024-04-30,V26 mf_tier_flow_agreement_20 Top2,113348.554,113494,184.5539649,2,82.34823506,63.0978,210326,0,"{""601939.SH"": 7900.0, ""601988.SH"": 12400.0}",0.005705131445,-0.02936351965,0.005697778487
2024-05-06,V26 mf_tier_flow_agreement_20 Top2,111589.554,111735,184.5539649,2,82.34823506,63.0978,210326,0,"{""601939.SH"": 7900.0, ""601988.SH"": 12400.0}",-0.0155185041,-0.04442634585,-0.01549861667
2024-05-07,V26 mf_tier_flow_agreement_20 Top2,112406.5681,112642,94.56805774,2,139.0029423,96.429,321430,0,"{""601288.SH"": 12800.0, ""601939.SH"": 7900.0}",0.00732160013,-0.03743001766,0.008117420683
2024-05-08,V26 mf_tier_flow_agreement_20 Top2,113204.5681,113440,94.56805774,2,139.0029423,96.429,321430,0,"{""601288.SH"": 12800.0, ""601939.SH"": 7900.0}",0.007099229287,-0.03059651265,0.007084391257
2024-05-09,V26 mf_tier_flow_agreement_20 Top2,112169.5681,112405,94.56805774,2,139.0029423,96.429,321430,0,"{""601288.SH"": 12800.0, ""601939.SH"": 7900.0}",-0.009142740596,-0.03945951727,-0.009123765867
2024-05-10,V26 mf_tier_flow_agreement_20 Top2,111883.5681,112119,94.56805774,2,139.0029423,96.429,321430,0,"{""601288.SH"": 12800.0, ""601939.SH"": 7900.0}",-0.002549711165,-0.04190861806,-0.002544370802
2024-05-13,V26 mf_tier_flow_agreement_20 Top2,112169.5681,112405,94.56805774,2,139.0029423,96.429,321430,0,"{""601288.SH"": 12800.0, ""601939.SH"": 7900.0}",0.00255622881,-0.03945951727,0.002550861139
2024-05-14,V26 mf_tier_flow_agreement_20 Top2,111262.5681,111498,94.56805774,2,139.0029423,96.429,321430,0,"{""601288.SH"": 12800.0, ""601939.SH"": 7900.0}",-0.00808597212,-0.04722642083,-0.008069036075
2024-05-15,V26 mf_tier_flow_agreement_20 Top2,111262.5681,111498,94.56805774,2,139.0029423,96.429,321430,0,"{""601288.SH"": 12800.0, ""601939.SH"": 7900.0}",0,-0.04722642083,0
2024-05-16,V26 mf_tier_flow_agreement_20 Top2,112417.5681,112653,94.56805774,2,139.0029423,96.429,321430,0,"{""601288.SH"": 12800.0, ""601939.SH"": 7900.0}",0.01038084973,-0.03733582148,0.01035893021
2024-05-17,V26 mf_tier_flow_agreement_20 Top2,112564.5681,112800,94.56805774,2,139.0029423,96.429,321430,0,"{""601288.SH"": 12800.0, ""601939.SH"": 7900.0}",0.0013076248,-0.03607701792,0.001304892014
2024-05-20,V26 mf_tier_flow_agreement_20 Top2,112199.5681,112435,94.56805774,2,139.0029423,96.429,321430,0,"{""601288.SH"": 12800.0, ""601939.SH"": 7900.0}",-0.003242583402,-0.03920261858,-0.003235815603
2024-05-21,V26 mf_tier_flow_agreement_20 Top2,112948.5681,113184,94.56805774,2,139.0029423,96.429,321430,0,"{""601288.SH"": 12800.0, ""601939.SH"": 7900.0}",0.006675605022,-0.03278871476,0.006661626718
2024-05-22,V26 mf_tier_flow_agreement_20 Top2,113234.5681,113470,94.56805774,2,139.0029423,96.429,321430,0,"{""601288.SH"": 12800.0, ""601939.SH"": 7900.0}",0.002532125948,-0.03033961397,0.00252685892
2024-05-23,V26 mf_tier_flow_agreement_20 Top2,112583.5681,112819,94.56805774,2,139.0029423,96.429,321430,0,"{""601288.SH"": 12800.0, ""601939.SH"": 7900.0}",-0.005749127772,-0.03591431542,-0.00573719926
2024-05-24,V26 mf_tier_flow_agreement_20 Top2,112139.5681,112375,94.56805774,2,139.0029423,96.429,321430,0,"{""601288.SH"": 12800.0, ""601939.SH"": 7900.0}",-0.003943737152,-0.03971641595,-0.003935507317
2024-05-27,V26 mf_tier_flow_agreement_20 Top2,113223.5681,113459,94.56805774,2,139.0029423,96.429,321430,0,"{""601288.SH"": 12800.0, ""601939.SH"": 7900.0}",0.009666525552,-0.03043381015,0.009646273637
2024-05-28,V26 mf_tier_flow_agreement_20 Top2,113351.5681,113587,94.56805774,2,139.0029423,96.429,321430,0,"{""601288.SH"": 12800.0, ""601939.SH"": 7900.0}",0.00113050668,-0.0293377091,0.001128160833
2024-05-29,V26 mf_tier_flow_agreement_20 Top2,112651.5681,112887,94.56805774,2,139.0029423,96.429,321430,0,"{""601288.SH"": 12800.0, ""601939.SH"": 7900.0}",-0.006175476987,-0.03533201174,-0.006162677067
2024-05-30,V26 mf_tier_flow_agreement_20 Top2,111823.5681,112059,94.56805774,2,139.0029423,96.429,321430,0,"{""601288.SH"": 12800.0, ""601939.SH"": 7900.0}",-0.007350097422,-0.04242241543,-0.007334768397
2024-05-31,V26 mf_tier_flow_agreement_20 Top2,111902.5681,112138,94.56805774,2,139.0029423,96.429,321430,0,"{""601288.SH"": 12800.0, ""601939.SH"": 7900.0}",0.0007064700346,-0.04174591556,0.0007049857664
2024-06-03,V26 mf_tier_flow_agreement_20 Top2,112316.5681,112552,94.56805774,2,139.0029423,96.429,321430,0,"{""601288.SH"": 12800.0, ""601939.SH"": 7900.0}",0.003699646998,-0.03820071371,0.003691879648
2024-06-04,V26 mf_tier_flow_agreement_20 Top2,112305.2923,112631,357.2922832,2,195.8728168,129.8349,432783,0,"{""601288.SH"": 12800.0, ""601988.SH"": 12500.0}",-0.0001003927979,-0.03829727144,0.0007018977895
2024-06-05,V26 mf_tier_flow_agreement_20 Top2,112814.2923,113140,357.2922832,2,195.8728168,129.8349,432783,0,"{""601288.SH"": 12800.0, ""601988.SH"": 12500.0}",0.004532288636,-0.03393855709,0.004519182108
2024-06-06,V26 mf_tier_flow_agreement_20 Top2,112686.2923,113012,357.2922832,2,195.8728168,129.8349,432783,0,"{""601288.SH"": 12800.0, ""601988.SH"": 12500.0}",-0.001134608013,-0.03503465814,-0.001131341701
2024-06-07,V26 mf_tier_flow_agreement_20 Top2,114496.6735,114822.3812,357.2922832,2,195.8728168,129.8349,432783,0,"{""601288.SH"": 13501.0285, ""601988.SH"": 12500.0}",0.01606567393,-0.01953183961,0.01601937164
2024-06-11,V26 mf_tier_flow_agreement_20 Top2,112406.581,112732.2887,357.2922832,2,195.8728168,129.8349,432783,0,"{""601288.SH"": 13501.0285, ""601988.SH"": 12500.0}",-0.01825461384,-0.03742990726,-0.0182028324
2024-06-12,V26 mf_tier_flow_agreement_20 Top2,111646.5707,111972.2784,357.2922832,2,195.8728168,129.8349,432783,0,"{""601288.SH"": 13501.0285, ""601988.SH"": 12500.0}",-0.006761261468,-0.04393809534,-0.006741726736
2024-06-13,V26 mf_tier_flow_agreement_20 Top2,112956.6324,113282.3401,357.2922832,2,195.8728168,129.8349,432783,0,"{""601288.SH"": 13501.0285, ""601988.SH"": 12500.0}",0.01173400759,-0.03271965769,0.01169987542
2024-06-14,V26 mf_tier_flow_agreement_20 Top2,113736.6632,114062.3709,357.2922832,2,195.8728168,129.8349,432783,0,"{""601288.SH"": 13501.0285, ""601988.SH"": 12500.0}",0.006905578162,-0.02604002768,0.006885723345
2024-06-17,V26 mf_tier_flow_agreement_20 Top2,112031.581,112357.2887,357.2922832,2,195.8728168,129.8349,432783,0,"{""601288.SH"": 13501.0285, ""601988.SH"": 12500.0}",-0.014991492,-0.04064114081,-0.01494868345
2024-06-18,V26 mf_tier_flow_agreement_20 Top2,112291.5912,112617.299,357.2922832,2,195.8728168,129.8349,432783,0,"{""601288.SH"": 13501.0285, ""601988.SH"": 12500.0}",0.002320865977,-0.03841459748,0.002314138118
2024-06-19,V26 mf_tier_flow_agreement_20 Top2,113331.6324,113657.3401,357.2922832,2,195.8728168,129.8349,432783,0,"{""601288.SH"": 13501.0285, ""601988.SH"": 12500.0}",0.009261968121,-0.02950842414,0.009235180989
2024-06-20,V26 mf_tier_flow_agreement_20 Top2,113726.6529,114052.3607,357.2922832,2,195.8728168,129.8349,432783,0,"{""601288.SH"": 13501.0285, ""601988.SH"": 12500.0}",0.003485527923,-0.02612574865,0.003475539449
2024-06-21,V26 mf_tier_flow_agreement_20 Top2,112801.6015,113127.3092,357.2922832,2,195.8728168,129.8349,432783,0,"{""601288.SH"": 13501.0285, ""601988.SH"": 12500.0}",-0.008133989693,-0.03404723177,-0.00811076086
2024-06-24,V26 mf_tier_flow_agreement_20 Top2,113861.6632,114187.3709,357.2922832,2,195.8728168,129.8349,432783,0,"{""601288.SH"": 13501.0285, ""601988.SH"": 12500.0}",0.009397576747,-0.0249696165,0.009370519944
2024-06-25,V26 mf_tier_flow_agreement_20 Top2,114377.3914,114703.0991,357.2922832,2,195.8728168,129.8349,432783,0,"{""601288.SH"": 13502.9456, ""601988.SH"": 12499.4582}",0.004529427654,-0.02055328692,0.004516507928
2024-06-26,V26 mf_tier_flow_agreement_20 Top2,115024.8994,115350.6071,357.2922832,2,195.8728168,129.8349,432783,0,"{""601288.SH"": 13502.9456, ""601988.SH"": 12500.0}",0.005661153588,-0.01500848864,0.005645078335
2024-06-27,V26 mf_tier_flow_agreement_20 Top2,116315.0172,116640.7249,357.2922832,2,195.8728168,129.8349,432783,0,"{""601288.SH"": 13502.9456, ""601988.SH"": 12500.0}",0.01121598741,-0.003960836251,0.01118431758
2024-06-28,V26 mf_tier_flow_agreement_20 Top2,116980.135,117305.8427,357.2922832,2,195.8728168,129.8349,432783,0,"{""601288.SH"": 13502.9456, ""601988.SH"": 12500.0}",0.005718245497,0,0.00570227786
2024-07-01,V26 mf_tier_flow_agreement_20 Top2,118685.3707,119011.0784,357.2922832,2,195.8728168,129.8349,432783,0,"{""601288.SH"": 13502.9456, ""601988.SH"": 12500.0}",0.01457713864,0,0.01453666422
2024-07-02,V26 mf_tier_flow_agreement_20 Top2,121241.622,121669.0784,492.6220241,2,261.7207348,165.7356235,552452.0784,0,"{""601398.SH"": 10100.0, ""601988.SH"": 12700.0}",0.02153804925,0,0.02233405525
2024-07-03,V26 mf_tier_flow_agreement_20 Top2,119798.622,120226.0784,492.6220241,2,261.7207348,165.7356235,552452.0784,0,"{""601398.SH"": 10100.0, ""601988.SH"": 12700.0}",-0.01190185331,-0.01190185331,-0.01186003888
2024-07-04,V26 mf_tier_flow_agreement_20 Top2,120886.622,121314.0784,492.6220241,2,261.7207348,165.7356235,552452.0784,0,"{""601398.SH"": 10100.0, ""601988.SH"": 12700.0}",0.009081907468,-0.002928037369,0.00904961731
2024-07-05,V26 mf_tier_flow_agreement_20 Top2,118176.622,118604.0784,492.6220241,2,261.7207348,165.7356235,552452.0784,0,"{""601398.SH"": 10100.0, ""601988.SH"": 12700.0}",-0.02241769978,-0.02528009729,-0.02233870987
2024-07-08,V26 mf_tier_flow_agreement_20 Top2,119544.622,119972.0784,492.6220241,2,261.7207348,165.7356235,552452.0784,0,"{""601398.SH"": 10100.0, ""601988.SH"": 12700.0}",0.01157589358,-0.01399684342,0.01153417335
2024-07-09,V26 mf_tier_flow_agreement_20 Top2,120684.622,121112.0784,492.6220241,2,261.7207348,165.7356235,552452.0784,0,"{""601398.SH"": 10100.0, ""601988.SH"": 12700.0}",0.009536188084,-0.004594131872,0.009502210976
2024-07-10,V26 mf_tier_flow_agreement_20 Top2,121417.622,121845.0784,492.6220241,2,261.7207348,165.7356235,552452.0784,0,"{""601398.SH"": 10100.0, ""601988.SH"": 12700.0}",0.006073681864,0,0.006052245241
2024-07-11,V26 mf_tier_flow_agreement_20 Top2,120075.622,120503.0784,492.6220241,2,261.7207348,165.7356235,552452.0784,0,"{""601398.SH"": 10100.0, ""601988.SH"": 12700.0}",-0.01105276135,-0.01105276135,-0.0110139861
2024-07-12,V26 mf_tier_flow_agreement_20 Top2,122479.622,122907.0784,492.6220241,2,261.7207348,165.7356235,552452.0784,0,"{""601398.SH"": 10100.0, ""601988.SH"": 12700.0}",0.02002071661,0,0.01994969782
2024-07-15,V26 mf_tier_flow_agreement_20 Top2,124707.622,125135.0784,492.6220241,2,261.7207348,165.7356235,552452.0784,0,"{""601398.SH"": 10100.0, ""601988.SH"": 12700.0}",0.01819078115,0,0.01812751576
2024-07-16,V26 mf_tier_flow_agreement_20 Top2,125089.0421,125516.4985,492.6220241,2,261.7207348,165.7356235,552452.0784,0,"{""601398.SH"": 10631.6503, ""601988.SH"": 12700.0}",0.003058514582,0,0.003048066821
2024-07-17,V26 mf_tier_flow_agreement_20 Top2,125568.1054,125995.5617,492.6220241,2,261.7207348,165.7356235,552452.0784,0,"{""601398.SH"": 10631.6503, ""601988.SH"": 13356.7447}",0.003829777997,0,0.003816735385
2024-07-18,V26 mf_tier_flow_agreement_20 Top2,125568.1054,125995.5617,492.6220241,2,261.7207348,165.7356235,552452.0784,0,"{""601398.SH"": 10631.6503, ""601988.SH"": 13356.7447}",0,0,0
2024-07-19,V26 mf_tier_flow_agreement_20 Top2,125701.6728,126129.1292,492.6220241,2,261.7207348,165.7356235,552452.0784,0,"{""601398.SH"": 10631.6503, ""601988.SH"": 13356.7447}",0.001063705202,0,0.001060096444
2024-07-22,V26 mf_tier_flow_agreement_20 Top2,124690.3224,125117.7788,492.6220241,2,261.7207348,165.7356235,552452.0784,0,"{""601398.SH"": 10631.6503, ""601988.SH"": 13356.7447}",-0.008045640046,-0.008045640046,-0.008018373069
2024-07-23,V26 mf_tier_flow_agreement_20 Top2,127966.9449,128394.4012,492.6220241,2,261.7207348,165.7356235,552452.0784,0,"{""601398.SH"": 10631.6503, ""601988.SH"": 13356.7447}",0.02627808156,0,0.02618830428
2024-07-24,V26 mf_tier_flow_agreement_20 Top2,128498.5274,128925.9837,492.6220241,2,261.7207348,165.7356235,552452.0784,0,"{""601398.SH"": 10631.6503, ""601988.SH"": 13356.7447}",0.004154061144,0,0.004140231259
2024-07-25,V26 mf_tier_flow_agreement_20 Top2,128097.825,128525.2814,492.6220241,2,261.7207348,165.7356235,552452.0784,0,"{""601398.SH"": 10631.6503, ""601988.SH"": 13356.7447}",-0.00311834189,-0.00311834189,-0.003108002973
2024-07-26,V26 mf_tier_flow_agreement_20 Top2,125380.036,125807.4924,492.6220241,2,261.7207348,165.7356235,552452.0784,0,"{""601398.SH"": 10631.6503, ""601988.SH"": 13356.7447}",-0.0212165117,-0.02426869326,-0.02114594868
2024-07-29,V26 mf_tier_flow_agreement_20 Top2,127380.8605,127808.3168,492.6220241,2,261.7207348,165.7356235,552452.0784,0,"{""601398.SH"": 10631.6503, ""601988.SH"": 13356.7447}",0.01595807828,-0.008697896685,0.01590385748
2024-07-30,V26 mf_tier_flow_agreement_20 Top2,127887.8793,128315.3357,492.6220241,2,261.7207348,165.7356235,552452.0784,0,"{""601398.SH"": 10631.6503, ""601988.SH"": 13356.7447}",0.003980337718,-0.004752179534,0.003967025433
2024-07-31,V26 mf_tier_flow_agreement_20 Top2,124930.2063,125357.6627,492.6220241,2,261.7207348,165.7356235,552452.0784,0,"{""601398.SH"": 10631.6503, ""601988.SH"": 13356.7447}",-0.02312707795,-0.02776935346,-0.02305003481
2024-08-01,V26 mf_tier_flow_agreement_20 Top2,125649.8582,126077.3146,492.6220241,2,261.7207348,165.7356235,552452.0784,0,"{""601398.SH"": 10631.6503, ""601988.SH"": 13356.7447}",0.005760431122,-0.02216888578,0.005740788662
2024-08-02,V26 mf_tier_flow_agreement_20 Top2,125880.7919,126409.3146,1116.688273,2,325.4187426,203.1039633,677013.211,0,"{""601398.SH"": 10631.6503, ""601939.SH"": 8300.0}",0.001837914151,-0.02037171614,0.002633304819
2024-08-05,V26 mf_tier_flow_agreement_20 Top2,125940.4753,126468.9981,1116.688273,2,325.4187426,203.1039633,677013.211,0,"{""601398.SH"": 10631.6503, ""601939.SH"": 8300.0}",0.0004741271201,-0.0199072478,0.0004721447745
2024-08-06,V26 mf_tier_flow_agreement_20 Top2,124449.2598,124977.7825,1116.688273,2,325.4187426,203.1039633,677013.211,0,"{""601398.SH"": 10631.6503, ""601939.SH"": 8300.0}",-0.01184063753,-0.03151217083,-0.01179115468
2024-08-07,V26 mf_tier_flow_agreement_20 Top2,124910.8928,125439.4155,1116.688273,2,325.4187426,203.1039633,677013.211,0,"{""601398.SH"": 10631.6503, ""601939.SH"": 8300.0}",0.0037094074,-0.02791965491,0.003693720564
2024-08-08,V26 mf_tier_flow_agreement_20 Top2,125442.4753,125970.9981,1116.688273,2,325.4187426,203.1039633,677013.211,0,"{""601398.SH"": 10631.6503, ""601939.SH"": 8300.0}",0.00425569381,-0.0237827786,0.004237762996
2024-08-09,V26 mf_tier_flow_agreement_20 Top2,126472.0579,127000.5806,1116.688273,2,325.4187426,203.1039633,677013.211,0,"{""601398.SH"": 10631.6503, ""601939.SH"": 8300.0}",0.008207606798,-0.0157703715,0.008173171042
2024-08-12,V26 mf_tier_flow_agreement_20 Top2,127880.2734,128408.7961,1116.688273,2,325.4187426,203.1039633,677013.211,0,"{""601398.SH"": 10631.6503, ""601939.SH"": 8300.0}",0.01113459797,-0.004811370272,0.01108826048
2024-08-13,V26 mf_tier_flow_agreement_20 Top2,128484.5899,129013.1126,1116.688273,2,325.4187426,203.1039633,677013.211,0,"{""601398.SH"": 10631.6503, ""601939.SH"": 8300.0}",0.004725642874,-0.0001084642152,0.004706192419
2024-08-14,V26 mf_tier_flow_agreement_20 Top2,128531.2229,129059.7456,1116.688273,2,325.4187426,203.1039633,677013.211,0,"{""601398.SH"": 10631.6503, ""601939.SH"": 8300.0}",0.0003629462911,0,0.000361459424
2024-08-15,V26 mf_tier_flow_agreement_20 Top2,129431.1724,129959.6951,1116.688273,2,325.4187426,203.1039633,677013.211,0,"{""601398.SH"": 10631.6503, ""601939.SH"": 8300.0}",0.007001796823,0,0.006973123214
2024-08-16,V26 mf_tier_flow_agreement_20 Top2,131799.0209,132327.5436,1116.688273,2,325.4187426,203.1039633,677013.211,0,"{""601398.SH"": 10631.6503, ""601939.SH"": 8300.0}",0.01829426776,0,0.01821986826
2024-08-19,V26 mf_tier_flow_agreement_20 Top2,134592.1355,135120.6582,1116.688273,2,325.4187426,203.1039633,677013.211,-2.910383046e-11,"{""601398.SH"": 10631.6503, ""601939.SH"": 8300.0}",0.02119222522,0,0.02110758243
2024-08-20,V26 mf_tier_flow_agreement_20 Top2,136946.9335,137475.4562,1116.688273,2,325.4187426,203.1039633,677013.211,-2.910383046e-11,"{""601398.SH"": 10631.6503, ""601939.SH"": 8300.0}",0.01749580705,0,0.01742737243
2024-08-21,V26 mf_tier_flow_agreement_20 Top2,135409.085,135937.6077,1116.688273,2,325.4187426,203.1039633,677013.211,0,"{""601398.SH"": 10631.6503, ""601939.SH"": 8300.0}",-0.01122952143,-0.01122952143,-0.01118634967
2024-08-22,V26 mf_tier_flow_agreement_20 Top2,137597.883,138126.4057,1116.688273,2,325.4187426,203.1039633,677013.211,0,"{""601398.SH"": 10631.6503, ""601939.SH"": 8300.0}",0.01616433663,0,0.01610149001
2024-08-23,V26 mf_tier_flow_agreement_20 Top2,138189.149,138717.6717,1116.688273,2,325.4187426,203.1039633,677013.211,-2.910383046e-11,"{""601398.SH"": 10631.6503, ""601939.SH"": 8300.0}",0.004297057468,0,0.004280615337
2024-08-26,V26 mf_tier_flow_agreement_20 Top2,137870.1995,138398.7222,1116.688273,2,325.4187426,203.1039633,677013.211,0,"{""601398.SH"": 10631.6503, ""601939.SH"": 8300.0}",-0.002308064782,-0.002308064782,-0.002299270916
2024-08-27,V26 mf_tier_flow_agreement_20 Top2,139929.3645,140457.8872,1116.688273,2,325.4187426,203.1039633,677013.211,-2.910383046e-11,"{""601398.SH"": 10631.6503, ""601939.SH"": 8300.0}",0.01493553382,0,0.01487849739
2024-08-28,V26 mf_tier_flow_agreement_20 Top2,138674.0985,139202.6212,1116.688273,2,325.4187426,203.1039633,677013.211,0,"{""601398.SH"": 10631.6503, ""601939.SH"": 8300.0}",-0.008970711866,-0.008970711866,-0.008936956375
2024-08-29,V26 mf_tier_flow_agreement_20 Top2,132898.5529,133427.0756,1116.688273,2,325.4187426,203.1039633,677013.211,0,"{""601398.SH"": 10631.6503, ""601939.SH"": 8300.0}",-0.04164833689,-0.05024543352,-0.04149020702
2024-08-30,V26 mf_tier_flow_agreement_20 Top2,127192.9569,127721.4796,1116.688273,2,325.4187426,203.1039633,677013.211,0,"{""601398.SH"": 10631.6503, ""601939.SH"": 8300.0}",-0.04293196531,-0.09102026362,-0.04276190598
2024-09-02,V26 mf_tier_flow_agreement_20 Top2,126352.6909,126881.2136,1116.688273,2,325.4187426,203.1039633,677013.211,0,"{""601398.SH"": 10631.6503, ""601939.SH"": 8300.0}",-0.006606230654,-0.09702519342,-0.006578893491
2024-09-03,V26 mf_tier_flow_agreement_20 Top2,121898.2958,122629.8971,462.2958237,2,453.2342773,278.3669691,927889.8971,0,"{""601288.SH"": 13400.0, ""601988.SH"": 12900.0}",-0.03525366189,-0.128858362,-0.03350627239
2024-09-04,V26 mf_tier_flow_agreement_20 Top2,122176.2958,122907.8971,462.2958237,2,453.2342773,278.3669691,927889.8971,0,"{""601288.SH"": 13400.0, ""601988.SH"": 12900.0}",0.002280589717,-0.1268716453,0.002266983881
2024-09-05,V26 mf_tier_flow_agreement_20 Top2,121521.2958,122252.8971,462.2958237,2,453.2342773,278.3669691,927889.8971,0,"{""601288.SH"": 13400.0, ""601988.SH"": 12900.0}",-0.005361105406,-0.1315525784,-0.005329193775
2024-09-06,V26 mf_tier_flow_agreement_20 Top2,121784.2958,122515.8971,462.2958237,2,453.2342773,278.3669691,927889.8971,0,"{""601288.SH"": 13400.0, ""601988.SH"": 12900.0}",0.00216422972,-0.1296730587,0.002151278263
2024-09-09,V26 mf_tier_flow_agreement_20 Top2,121402.2958,122133.8971,462.2958237,2,453.2342773,278.3669691,927889.8971,0,"{""601288.SH"": 13400.0, ""601988.SH"": 12900.0}",-0.003136693425,-0.1324030075,-0.003117962723
2024-09-10,V26 mf_tier_flow_agreement_20 Top2,124022.2958,124753.8971,462.2958237,2,453.2342773,278.3669691,927889.8971,0,"{""601288.SH"": 13400.0, ""601988.SH"": 12900.0}",0.02158114047,-0.1136792749,0.02145186605
2024-09-11,V26 mf_tier_flow_agreement_20 Top2,119953.2958,120684.8971,462.2958237,2,453.2342773,278.3669691,927889.8971,0,"{""601288.SH"": 13400.0, ""601988.SH"": 12900.0}",-0.03280861697,-0.1427582321,-0.03261621557
2024-09-12,V26 mf_tier_flow_agreement_20 Top2,120221.2958,120952.8971,462.2958237,2,453.2342773,278.3669691,927889.8971,0,"{""601288.SH"": 13400.0, ""601988.SH"": 12900.0}",0.002234202888,-0.1408429801,0.002220658976
2024-09-13,V26 mf_tier_flow_agreement_20 Top2,119040.2958,119771.8971,462.2958237,2,453.2342773,278.3669691,927889.8971,0,"{""601288.SH"": 13400.0, ""601988.SH"": 12900.0}",-0.009823550744,-0.1492829527,-0.009764131564
2024-09-18,V26 mf_tier_flow_agreement_20 Top2,120747.2958,121478.8971,462.2958237,2,453.2342773,278.3669691,927889.8971,0,"{""601288.SH"": 13400.0, ""601988.SH"": 12900.0}",0.01433968211,-0.1370839406,0.0142520912
2024-09-19,V26 mf_tier_flow_agreement_20 Top2,120231.2958,120962.8971,462.2958237,2,453.2342773,278.3669691,927889.8971,0,"{""601288.SH"": 13400.0, ""601988.SH"": 12900.0}",-0.004273387627,-0.1407715155,-0.004247651341
2024-09-20,V26 mf_tier_flow_agreement_20 Top2,121154.2958,121885.8971,462.2958237,2,453.2342773,278.3669691,927889.8971,0,"{""601288.SH"": 13400.0, ""601988.SH"": 12900.0}",0.007676869767,-0.1341753303,0.007630438939
2024-09-23,V26 mf_tier_flow_agreement_20 Top2,122871.2958,123602.8971,462.2958237,2,453.2342773,278.3669691,927889.8971,0,"{""601288.SH"": 13400.0, ""601988.SH"": 12900.0}",0.01417201089,-0.1219048536,0.01408694559
2024-09-24,V26 mf_tier_flow_agreement_20 Top2,127992.2958,128723.8971,462.2958237,2,453.2342773,278.3669691,927889.8971,0,"{""601288.SH"": 13400.0, ""601988.SH"": 12900.0}",0.04167775692,-0.08530781757,0.04143106773
2024-09-25,V26 mf_tier_flow_agreement_20 Top2,128528.2958,129259.8971,462.2958237,2,453.2342773,278.3669691,927889.8971,0,"{""601288.SH"": 13400.0, ""601988.SH"": 12900.0}",0.004187752056,-0.0814773135,0.004163951001
2024-09-26,V26 mf_tier_flow_agreement_20 Top2,130359.2958,131090.8971,462.2958237,2,453.2342773,278.3669691,927889.8971,0,"{""601288.SH"": 13400.0, ""601988.SH"": 12900.0}",0.01424589028,-0.06839214009,0.01416525962
2024-09-27,V26 mf_tier_flow_agreement_20 Top2,126265.2958,126996.8971,462.2958237,2,453.2342773,278.3669691,927889.8971,0,"{""601288.SH"": 13400.0, ""601988.SH"": 12900.0}",-0.03140550871,-0.09764975885,-0.03123023865
2024-09-30,V26 mf_tier_flow_agreement_20 Top2,129282.2958,130013.8971,462.2958237,2,453.2342773,278.3669691,927889.8971,0,"{""601288.SH"": 13400.0, ""601988.SH"": 12900.0}",0.02389413481,-0.07608888054,0.02375648594
2024-10-08,V26 mf_tier_flow_agreement_20 Top2,128359.2958,129090.8971,462.2958237,2,453.2342773,278.3669691,927889.8971,0,"{""601288.SH"": 13400.0, ""601988.SH"": 12900.0}",-0.007139415294,-0.08268506572,-0.007099241087
2024-10-09,V26 mf_tier_flow_agreement_20 Top2,125089.2958,125820.8971,462.2958237,2,453.2342773,278.3669691,927889.8971,0,"{""601288.SH"": 13400.0, ""601988.SH"": 12900.0}",-0.02547536568,-0.1060539991,-0.02533098827
2024-10-10,V26 mf_tier_flow_agreement_20 Top2,129679.2958,130410.8971,462.2958237,2,453.2342773,278.3669691,927889.8971,0,"{""601288.SH"": 13400.0, ""601988.SH"": 12900.0}",0.03669378718,-0.0732517348,0.0364804266
2024-10-11,V26 mf_tier_flow_agreement_20 Top2,129942.2958,130673.8971,462.2958237,2,453.2342773,278.3669691,927889.8971,0,"{""601288.SH"": 13400.0, ""601988.SH"": 12900.0}",0.002028080106,-0.07137221508,0.002016702637
2024-10-14,V26 mf_tier_flow_agreement_20 Top2,134170.2958,134901.8971,462.2958237,2,453.2342773,278.3669691,927889.8971,0,"{""601288.SH"": 13400.0, ""601988.SH"": 12900.0}",0.03253751962,-0.04115697031,0.03235535248
2024-10-15,V26 mf_tier_flow_agreement_20 Top2,131148.2958,131879.8971,462.2958237,2,453.2342773,278.3669691,927889.8971,0,"{""601288.SH"": 13400.0, ""601988.SH"": 12900.0}",-0.02252361435,-0.06275358093,-0.02240146407
2024-10-16,V26 mf_tier_flow_agreement_20 Top2,133520.2958,134251.8971,462.2958237,2,453.2342773,278.3669691,927889.8971,0,"{""601288.SH"": 13400.0, ""601988.SH"": 12900.0}",0.0180863959,-0.04580217114,0.01798606196
2024-10-17,V26 mf_tier_flow_agreement_20 Top2,132339.2958,133070.8971,462.2958237,2,453.2342773,278.3669691,927889.8971,0,"{""601288.SH"": 13400.0, ""601988.SH"": 12900.0}",-0.008845097239,-0.05424214372,-0.008796896176
2024-10-18,V26 mf_tier_flow_agreement_20 Top2,132071.2958,132802.8971,462.2958237,2,453.2342773,278.3669691,927889.8971,0,"{""601288.SH"": 13400.0, ""601988.SH"": 12900.0}",-0.002025097673,-0.05615739576,-0.002013964029
2024-10-21,V26 mf_tier_flow_agreement_20 Top2,129173.2958,129904.8971,462.2958237,2,453.2342773,278.3669691,927889.8971,0,"{""601288.SH"": 13400.0, ""601988.SH"": 12900.0}",-0.02194269377,-0.07686784499,-0.02182181311
2024-10-22,V26 mf_tier_flow_agreement_20 Top2,129312.2958,130043.8971,462.2958237,2,453.2342773,278.3669691,927889.8971,0,"{""601288.SH"": 13400.0, ""601988.SH"": 12900.0}",0.001076073805,-0.07587448666,0.001070013549
2024-10-23,V26 mf_tier_flow_agreement_20 Top2,129436.2958,130167.8971,462.2958237,2,453.2342773,278.3669691,927889.8971,0,"{""601288.SH"": 13400.0, ""601988.SH"": 12900.0}",0.0009589188655,-0.07498832527,0.0009535241776
2024-10-24,V26 mf_tier_flow_agreement_20 Top2,129575.2958,130306.8971,462.2958237,2,453.2342773,278.3669691,927889.8971,0,"{""601288.SH"": 13400.0, ""601988.SH"": 12900.0}",0.001073887344,-0.07399496694,0.001067851622
2024-10-25,V26 mf_tier_flow_agreement_20 Top2,128389.2958,129120.8971,462.2958237,2,453.2342773,278.3669691,927889.8971,0,"{""601288.SH"": 13400.0, ""601988.SH"": 12900.0}",-0.009152979296,-0.08247067183,-0.009101590374
2024-10-28,V26 mf_tier_flow_agreement_20 Top2,127198.2958,127929.8971,462.2958237,2,453.2342773,278.3669691,927889.8971,0,"{""601288.SH"": 13400.0, ""601988.SH"": 12900.0}",-0.009276474276,-0.09098210904,-0.009223913611
2024-10-29,V26 mf_tier_flow_agreement_20 Top2,127858.2958,128589.8971,462.2958237,2,453.2342773,278.3669691,927889.8971,0,"{""601288.SH"": 13400.0, ""601988.SH"": 12900.0}",0.005188748762,-0.08626544359,0.005159075518
2024-10-30,V26 mf_tier_flow_agreement_20 Top2,125883.2958,126614.8971,462.2958237,2,453.2342773,278.3669691,927889.8971,0,"{""601288.SH"": 13400.0, ""601988.SH"": 12900.0}",-0.01544678808,-0.1003797076,-0.0153589049
2024-10-31,V26 mf_tier_flow_agreement_20 Top2,126022.2958,126753.8971,462.2958237,2,453.2342773,278.3669691,927889.8971,0,"{""601288.SH"": 13400.0, ""601988.SH"": 12900.0}",0.001104197337,-0.09938634931,0.001097817107
2024-11-01,V26 mf_tier_flow_agreement_20 Top2,127466.2958,128197.8971,462.2958237,2,453.2342773,278.3669691,927889.8971,0,"{""601288.SH"": 13400.0, ""601988.SH"": 12900.0}",0.0114582899,-0.08906685701,0.01139215467
2024-11-04,V26 mf_tier_flow_agreement_20 Top2,127431.1511,128270.8971,837.1510557,2,523.1731453,316.5728691,1055242.897,0,"{""601939.SH"": 7800.0, ""601988.SH"": 13000.0}",-0.0002757181239,-0.08931801779,0.0005694321176
2024-11-05,V26 mf_tier_flow_agreement_20 Top2,127925.1511,128764.8971,837.1510557,2,523.1731453,316.5728691,1055242.897,0,"{""601939.SH"": 7800.0, ""601988.SH"": 13000.0}",0.003876603138,-0.08578766516,0.003851224333
2024-11-06,V26 mf_tier_flow_agreement_20 Top2,126807.1511,127646.8971,837.1510557,2,523.1731453,316.5728691,1055242.897,0,"{""601939.SH"": 7800.0, ""601988.SH"": 13000.0}",-0.008739485479,-0.09377741058,-0.008682490535
2024-11-07,V26 mf_tier_flow_agreement_20 Top2,127821.1511,128660.8971,837.1510557,2,523.1731453,316.5728691,1055242.897,0,"{""601939.SH"": 7800.0, ""601988.SH"": 13000.0}",0.007996394458,-0.08653089729,0.007943788868
2024-11-08,V26 mf_tier_flow_agreement_20 Top2,126417.1511,127256.8971,837.1510557,2,523.1731453,316.5728691,1055242.897,0,"{""601939.SH"": 7800.0, ""601988.SH"": 13000.0}",-0.01098409761,-0.09656453108,-0.01091240643
2024-11-11,V26 mf_tier_flow_agreement_20 Top2,124987.1511,125826.8971,837.1510557,2,523.1731453,316.5728691,1055242.897,0,"{""601939.SH"": 7800.0, ""601988.SH"": 13000.0}",-0.01131175626,-0.1067839729,-0.01123711196
2024-11-12,V26 mf_tier_flow_agreement_20 Top2,124337.1511,125176.8971,837.1510557,2,523.1731453,316.5728691,1055242.897,0,"{""601939.SH"": 7800.0, ""601988.SH"": 13000.0}",-0.005200534571,-0.1114291737,-0.005165827141
2024-11-13,V26 mf_tier_flow_agreement_20 Top2,124883.1511,125722.8971,837.1510557,2,523.1731453,316.5728691,1055242.897,0,"{""601939.SH"": 7800.0, ""601988.SH"": 13000.0}",0.004391286075,-0.107527205,0.004361827244
2024-11-14,V26 mf_tier_flow_agreement_20 Top2,125533.1511,126372.8971,837.1510557,2,523.1731453,316.5728691,1055242.897,0,"{""601939.SH"": 7800.0, ""601988.SH"": 13000.0}",0.005204865464,-0.1028820042,0.005170100397
2024-11-15,V26 mf_tier_flow_agreement_20 Top2,125793.1511,126632.8971,837.1510557,2,523.1731453,316.5728691,1055242.897,0,"{""601939.SH"": 7800.0, ""601988.SH"": 13000.0}",0.002071166045,-0.1010239239,0.002057403178
2024-11-18,V26 mf_tier_flow_agreement_20 Top2,128237.1511,129076.8971,837.1510557,2,523.1731453,316.5728691,1055242.897,0,"{""601939.SH"": 7800.0, ""601988.SH"": 13000.0}",0.01942872072,-0.08355796876,0.01929988223
2024-11-19,V26 mf_tier_flow_agreement_20 Top2,127587.1511,128426.8971,837.1510557,2,523.1731453,316.5728691,1055242.897,0,"{""601939.SH"": 7800.0, ""601988.SH"": 13000.0}",-0.005068733941,-0.08820316959,-0.005035757868
2024-11-20,V26 mf_tier_flow_agreement_20 Top2,127327.1511,128166.8971,837.1510557,2,523.1731453,316.5728691,1055242.897,0,"{""601939.SH"": 7800.0, ""601988.SH"": 13000.0}",-0.002037822758,-0.09006124992,-0.002024498029
2024-11-21,V26 mf_tier_flow_agreement_20 Top2,127249.1511,128088.8971,837.1510557,2,523.1731453,316.5728691,1055242.897,0,"{""601939.SH"": 7800.0, ""601988.SH"": 13000.0}",-0.0006125951877,-0.09061867402,-0.0006085814807
2024-11-22,V26 mf_tier_flow_agreement_20 Top2,125819.1511,126658.8971,837.1510557,2,523.1731453,316.5728691,1055242.897,0,"{""601939.SH"": 7800.0, ""601988.SH"": 13000.0}",-0.01123779599,-0.1008381158,-0.01116412142
2024-11-25,V26 mf_tier_flow_agreement_20 Top2,126131.1511,126970.8971,837.1510557,2,523.1731453,316.5728691,1055242.897,0,"{""601939.SH"": 7800.0, ""601988.SH"": 13000.0}",0.002479749683,-0.09860841944,0.002463308991
2024-11-26,V26 mf_tier_flow_agreement_20 Top2,127951.1511,128790.8971,837.1510557,2,523.1731453,316.5728691,1055242.897,0,"{""601939.SH"": 7800.0, ""601988.SH"": 13000.0}",0.01442942512,-0.08560185712,0.0143339934
2024-11-27,V26 mf_tier_flow_agreement_20 Top2,129225.1511,130064.8971,837.1510557,2,523.1731453,316.5728691,1055242.897,0,"{""601939.SH"": 7800.0, ""601988.SH"": 13000.0}",0.009956924885,-0.0764972635,0.009892003464
2024-11-28,V26 mf_tier_flow_agreement_20 Top2,128939.1511,129778.8971,837.1510557,2,523.1731453,316.5728691,1055242.897,0,"{""601939.SH"": 7800.0, ""601988.SH"": 13000.0}",-0.002213191454,-0.07854115186,-0.00219890229
2024-11-29,V26 mf_tier_flow_agreement_20 Top2,128211.1511,129050.8971,837.1510557,2,523.1731453,316.5728691,1055242.897,0,"{""601939.SH"": 7800.0, ""601988.SH"": 13000.0}",-0.00564607409,-0.08374377679,-0.005609540661
2024-12-02,V26 mf_tier_flow_agreement_20 Top2,127899.1511,128738.8971,837.1510557,2,523.1731453,316.5728691,1055242.897,0,"{""601939.SH"": 7800.0, ""601988.SH"": 13000.0}",-0.002433485679,-0.08597347319,-0.002417650765
2024-12-03,V26 mf_tier_flow_agreement_20 Top2,129640.343,130586.8971,525.3430247,2,592.1592763,354.3947691,1181315.897,0,"{""601398.SH"": 10300.0, ""601988.SH"": 12800.0}",0.01361378832,-0.07353010953,0.01435463595
2024-12-04,V26 mf_tier_flow_agreement_20 Top2,130411.343,131357.8971,525.3430247,2,592.1592763,354.3947691,1181315.897,0,"{""601398.SH"": 10300.0, ""601988.SH"": 12800.0}",0.00594722277,-0.06802018671,0.005904114557
2024-12-05,V26 mf_tier_flow_agreement_20 Top2,130027.343,130973.8971,525.3430247,2,592.1592763,354.3947691,1181315.897,0,"{""601398.SH"": 10300.0, ""601988.SH"": 12800.0}",-0.002944529142,-0.07076442843,-0.002923311111
2024-12-06,V26 mf_tier_flow_agreement_20 Top2,130901.343,131847.8971,525.3430247,2,592.1592763,354.3947691,1181315.897,0,"{""601398.SH"": 10300.0, ""601988.SH"": 12800.0}",0.006721663149,-0.06451841993,0.006673085398
2024-12-09,V26 mf_tier_flow_agreement_20 Top2,131541.343,132487.8971,525.3430247,2,592.1592763,354.3947691,1181315.897,0,"{""601398.SH"": 10300.0, ""601988.SH"": 12800.0}",0.004889178256,-0.05994468373,0.004854078178
2024-12-10,V26 mf_tier_flow_agreement_20 Top2,133339.343,134285.8971,525.3430247,2,592.1592763,354.3947691,1181315.897,0,"{""601398.SH"": 10300.0, ""601988.SH"": 12800.0}",0.01366870642,-0.04709534359,0.01357105094
2024-12-11,V26 mf_tier_flow_agreement_20 Top2,131182.343,132128.8971,525.3430247,2,592.1592763,354.3947691,1181315.897,0,"{""601398.SH"": 10300.0, ""601988.SH"": 12800.0}",-0.01617677087,-0.06251026388,-0.01606274409
2024-12-12,V26 mf_tier_flow_agreement_20 Top2,133211.343,134157.8971,525.3430247,2,592.1592763,354.3947691,1181315.897,0,"{""601398.SH"": 10300.0, ""601988.SH"": 12800.0}",0.01546702059,-0.04801009083,0.01535621688
2024-12-13,V26 mf_tier_flow_agreement_20 Top2,132646.343,133592.8971,525.3430247,2,592.1592763,354.3947691,1181315.897,0,"{""601398.SH"": 10300.0, ""601988.SH"": 12800.0}",-0.004241380555,-0.05204784232,-0.004211455399
2024-12-16,V26 mf_tier_flow_agreement_20 Top2,135112.343,136058.8971,525.3430247,2,592.1592763,354.3947691,1181315.897,0,"{""601398.SH"": 10300.0, ""601988.SH"": 12800.0}",0.01859078768,-0.03442466502,0.01845906522
2024-12-17,V26 mf_tier_flow_agreement_20 Top2,135162.343,136108.8971,525.3430247,2,592.1592763,354.3947691,1181315.897,0,"{""601398.SH"": 10300.0, ""601988.SH"": 12800.0}",0.0003700624153,-0.03406734188,0.000367487912
2024-12-18,V26 mf_tier_flow_agreement_20 Top2,135986.343,136932.8971,525.3430247,2,592.1592763,354.3947691,1181315.897,0,"{""601398.SH"": 10300.0, ""601988.SH"": 12800.0}",0.006096372566,-0.02817865652,0.006053976028
2024-12-19,V26 mf_tier_flow_agreement_20 Top2,134316.343,135262.8971,525.3430247,2,592.1592763,354.3947691,1181315.897,0,"{""601398.SH"": 10300.0, ""601988.SH"": 12800.0}",-0.01228064497,-0.04011324942,-0.01219575453
2024-12-20,V26 mf_tier_flow_agreement_20 Top2,135112.343,136058.8971,525.3430247,2,592.1592763,354.3947691,1181315.897,0,"{""601398.SH"": 10300.0, ""601988.SH"": 12800.0}",0.005926307865,-0.03442466502,0.00588483625
2024-12-23,V26 mf_tier_flow_agreement_20 Top2,138143.343,139089.8971,525.3430247,2,592.1592763,354.3947691,1181315.897,0,"{""601398.SH"": 10300.0, ""601988.SH"": 12800.0}",0.02243318362,-0.01276373624,0.02227711723
2024-12-24,V26 mf_tier_flow_agreement_20 Top2,139863.343,140809.8971,525.3430247,2,592.1592763,354.3947691,1181315.897,0,"{""601398.SH"": 10300.0, ""601988.SH"": 12800.0}",0.01245083521,-0.0004718201985,0.01236610305
2024-12-25,V26 mf_tier_flow_agreement_20 Top2,142535.343,143481.8971,525.3430247,2,592.1592763,354.3947691,1181315.897,0,"{""601398.SH"": 10300.0, ""601988.SH"": 12800.0}",0.01910436246,0,0.01897593888
2024-12-26,V26 mf_tier_flow_agreement_20 Top2,142304.343,143250.8971,525.3430247,2,592.1592763,354.3947691,1181315.897,0,"{""601398.SH"": 10300.0, ""601988.SH"": 12800.0}",-0.001620650676,-0.001620650676,-0.001609959198
2024-12-27,V26 mf_tier_flow_agreement_20 Top2,141945.343,142891.8971,525.3430247,2,592.1592763,354.3947691,1181315.897,0,"{""601398.SH"": 10300.0, ""601988.SH"": 12800.0}",-0.002522762077,-0.004139324237,-0.002506092509
2024-12-30,V26 mf_tier_flow_agreement_20 Top2,142894.343,143840.8971,525.3430247,2,592.1592763,354.3947691,1181315.897,0,"{""601398.SH"": 10300.0, ""601988.SH"": 12800.0}",0.006685671962,0,0.006641384287
2024-12-31,V26 mf_tier_flow_agreement_20 Top2,142329.343,143275.8971,525.3430247,2,592.1592763,354.3947691,1181315.897,0,"{""601398.SH"": 10300.0, ""601988.SH"": 12800.0}",-0.003953970381,-0.003953970381,-0.003927951031
2025-01-02,V26 mf_tier_flow_agreement_20 Top2,139301.343,140247.8971,525.3430247,2,592.1592763,354.3947691,1181315.897,0,"{""601398.SH"": 10300.0, ""601988.SH"": 12800.0}",-0.02127460112,-0.02514445236,-0.02113405019
2025-01-03,V26 mf_tier_flow_agreement_20 Top2,137303.01,138360.8971,430.0099763,2,662.2555247,395.6315691,1318771.897,0,"{""601398.SH"": 10300.0, ""601939.SH"": 8000.0}",-0.01434539686,-0.03912914206,-0.0134547472
2025-01-06,V26 mf_tier_flow_agreement_20 Top2,137795.01,138852.8971,430.0099763,2,662.2555247,395.6315691,1318771.897,0,"{""601398.SH"": 10300.0, ""601939.SH"": 8000.0}",0.003583315472,-0.03568603865,0.003555917968
2025-01-07,V26 mf_tier_flow_agreement_20 Top2,139997.884,141055.7711,430.0099763,2,662.2555247,395.6315691,1318771.897,0,"{""601398.SH"": 10518.3668, ""601939.SH"": 8000.0}",0.01598660264,-0.02026993453,0.01586480453
2025-01-08,V26 mf_tier_flow_agreement_20 Top2,142254.1697,143312.0568,430.0099763,2,662.2555247,395.6315691,1318771.897,0,"{""601398.SH"": 10518.3668, ""601939.SH"": 8000.0}",0.01611656986,-0.00448004649,0.01599569915
2025-01-09,V26 mf_tier_flow_agreement_20 Top2,141088.2514,142146.1385,430.0099763,2,662.2555247,395.6315691,1318771.897,0,"{""601398.SH"": 10518.3668, ""601939.SH"": 8000.0}",-0.008196022258,-0.01263935019,-0.008135521653
2025-01-10,V26 mf_tier_flow_agreement_20 Top2,139767.8367,140825.7238,430.0099763,2,662.2555247,395.6315691,1318771.897,0,"{""601398.SH"": 10518.3668, ""601939.SH"": 8187.0201}",-0.009358785491,-0.02187984671,-0.00928913507
2025-01-13,V26 mf_tier_flow_agreement_20 Top2,137721.6278,138779.5149,430.0099763,2,662.2555247,395.6315691,1318771.897,0,"{""601398.SH"": 10518.3668, ""601939.SH"": 8187.0201}",-0.01464005557,-0.03619958011,-0.01453007903
2025-01-14,V26 mf_tier_flow_agreement_20 Top2,138072.4221,139130.3092,430.0099763,2,662.2555247,395.6315691,1318771.897,0,"{""601398.SH"": 10518.3668, ""601939.SH"": 8187.0201}",0.002547125512,-0.03374465947,0.00252770931
2025-01-15,V26 mf_tier_flow_agreement_20 Top2,138282.7894,139340.6765,430.0099763,2,662.2555247,395.6315691,1318771.897,0,"{""601398.SH"": 10518.3668, ""601939.SH"": 8187.0201}",0.001523601407,-0.03227247148,0.001512016596
2025-01-16,V26 mf_tier_flow_agreement_20 Top2,139954.8906,141012.7777,430.0099763,2,662.2555247,395.6315691,1318771.897,0,"{""601398.SH"": 10518.3668, ""601939.SH"": 8187.0201}",0.01209189636,-0.0205708105,0.01200009358
2025-01-17,V26 mf_tier_flow_agreement_20 Top2,138236.1625,139294.0496,430.0099763,2,662.2555247,395.6315691,1318771.897,0,"{""601398.SH"": 10518.3668, ""601939.SH"": 8187.0201}",-0.01228058616,-0.03259877505,-0.0121884564
2025-01-20,V26 mf_tier_flow_agreement_20 Top2,137406.0768,138463.9639,430.0099763,2,662.2555247,395.6315691,1318771.897,0,"{""601398.SH"": 10518.3668, ""601939.SH"": 8187.0201}",-0.006004837403,-0.03840786211,-0.005959232871
2025-01-21,V26 mf_tier_flow_agreement_20 Top2,137031.9691,138089.8562,430.0099763,2,662.2555247,395.6315691,1318771.897,0,"{""601398.SH"": 10518.3668, ""601939.SH"": 8187.0201}",-0.002722643333,-0.04102593453,-0.002701841897
2025-01-22,V26 mf_tier_flow_agreement_20 Top2,135056.2467,136114.1338,430.0099763,2,662.2555247,395.6315691,1318771.897,0,"{""601398.SH"": 10518.3668, ""601939.SH"": 8187.0201}",-0.01441796667,-0.05485239064,-0.01430751264
2025-01-23,V26 mf_tier_flow_agreement_20 Top2,139580.7828,140638.6699,430.0099763,2,662.2555247,395.6315691,1318771.897,-2.910383046e-11,"{""601398.SH"": 10518.3668, ""601939.SH"": 8187.0201}",0.03350112449,-0.02318888292,0.03324075177
2025-01-24,V26 mf_tier_flow_agreement_20 Top2,139440.3559,140498.243,430.0099763,2,662.2555247,395.6315691,1318771.897,0,"{""601398.SH"": 10518.3668, ""601939.SH"": 8187.0201}",-0.001006062098,-0.02417161556,-0.0009984944776
2025-01-27,V26 mf_tier_flow_agreement_20 Top2,142082.4235,143140.3106,430.0099763,2,662.2555247,395.6315691,1318771.897,0,"{""601398.SH"": 10518.3668, ""601939.SH"": 8187.0201}",0.01894765416,-0.005681956818,0.01880498704
2025-02-05,V26 mf_tier_flow_agreement_20 Top2,139405.1126,140462.9997,430.0099763,2,662.2555247,395.6315691,1318771.897,0,"{""601398.SH"": 10518.3668, ""601939.SH"": 8187.0201}",-0.01884336457,-0.02441825421,-0.01870410155
2025-02-06,V26 mf_tier_flow_agreement_20 Top2,139234.0291,140403.4805,496.1550081,2,732.5123697,436.9390819,1456463.606,0,"{""601398.SH"": 10518.3668, ""601988.SH"": 12900.0}",-0.001227240163,-0.02561552731,-0.0004237357554
2025-02-07,V26 mf_tier_flow_agreement_20 Top2,138976.0291,140145.4805,496.1550081,2,732.5123697,436.9390819,1456463.606,0,"{""601398.SH"": 10518.3668, ""601988.SH"": 12900.0}",-0.001852995289,-0.02742105715,-0.001837561284
2025-02-10,V26 mf_tier_flow_agreement_20 Top2,138636.6617,139806.1132,496.1550081,2,732.5123697,436.9390819,1456463.606,0,"{""601398.SH"": 10518.3668, ""601988.SH"": 12900.0}",-0.002441912744,-0.02979601006,-0.002421536073
2025-02-11,V26 mf_tier_flow_agreement_20 Top2,141633.4168,142802.8682,496.1550081,2,732.5123697,436.9390819,1456463.606,0,"{""601398.SH"": 10518.3668, ""601988.SH"": 12900.0}",0.0216158914,-0.008824185981,0.02143507859
2025-02-12,V26 mf_tier_flow_agreement_20 Top2,142732.8861,143902.3376,496.1550081,2,732.5123697,436.9390819,1456463.606,0,"{""601398.SH"": 10518.3668, ""601988.SH"": 12900.0}",0.007762782056,-0.001129904158,0.007699210526
2025-02-13,V26 mf_tier_flow_agreement_20 Top2,143492.9881,144662.4396,496.1550081,2,732.5123697,436.9390819,1456463.606,0,"{""601398.SH"": 10518.3668, ""601988.SH"": 12900.0}",0.005325346038,0,0.005282068537
2025-02-14,V26 mf_tier_flow_agreement_20 Top2,143808.5391,144977.9906,496.1550081,2,732.5123697,436.9390819,1456463.606,0,"{""601398.SH"": 10518.3668, ""601988.SH"": 12900.0}",0.00219906916,0,0.00218129188
2025-02-17,V26 mf_tier_flow_agreement_20 Top2,143879.9881,145049.4396,496.1550081,2,732.5123697,436.9390819,1456463.606,0,"{""601398.SH"": 10518.3668, ""601988.SH"": 12900.0}",0.0004968341632,0,0.0004928264967
2025-02-18,V26 mf_tier_flow_agreement_20 Top2,146795.3758,147964.8273,496.1550081,2,732.5123697,436.9390819,1456463.606,0,"{""601398.SH"": 10518.3668, ""601988.SH"": 12900.0}",0.02026263503,0,0.02009926888
2025-02-19,V26 mf_tier_flow_agreement_20 Top2,145987.6411,147157.0926,496.1550081,2,732.5123697,436.9390819,1456463.606,0,"{""601398.SH"": 10518.3668, ""601988.SH"": 12900.0}",-0.005502453116,-0.005502453116,-0.005458964053
2025-02-20,V26 mf_tier_flow_agreement_20 Top2,146561.1921,147730.6436,496.1550081,2,732.5123697,436.9390819,1456463.606,0,"{""601398.SH"": 10518.3668, ""601988.SH"": 12900.0}",0.003928764109,-0.001595306848,0.003897542379
2025-02-21,V26 mf_tier_flow_agreement_20 Top2,143822.4371,144991.8886,496.1550081,2,732.5123697,436.9390819,1456463.606,0,"{""601398.SH"": 10518.3668, ""601988.SH"": 12900.0}",-0.0186867682,-0.02025226391,-0.01853884176
2025-02-24,V26 mf_tier_flow_agreement_20 Top2,142756.7024,143926.1539,496.1550081,2,732.5123697,436.9390819,1456463.606,0,"{""601398.SH"": 10518.3668, ""601988.SH"": 12900.0}",-0.007410072409,-0.02751226558,-0.00735030548
2025-02-25,V26 mf_tier_flow_agreement_20 Top2,141796.1514,142965.6029,496.1550081,2,732.5123697,436.9390819,1456463.606,0,"{""601398.SH"": 10518.3668, ""601988.SH"": 12900.0}",-0.006728587789,-0.03405573468,-0.006673915607
2025-02-26,V26 mf_tier_flow_agreement_20 Top2,142651.5188,143820.9702,496.1550081,2,732.5123697,436.9390819,1456463.606,0,"{""601398.SH"": 10518.3668, ""601988.SH"": 12900.0}",0.006032373431,-0.02822879815,0.005983028919
2025-02-27,V26 mf_tier_flow_agreement_20 Top2,143435.4371,144604.8886,496.1550081,2,732.5123697,436.9390819,1456463.606,0,"{""601398.SH"": 10518.3668, ""601988.SH"": 12900.0}",0.005495338206,-0.02288858674,0.005450653963
2025-02-28,V26 mf_tier_flow_agreement_20 Top2,142417.3351,143586.7866,496.1550081,2,732.5123697,436.9390819,1456463.606,0,"{""601398.SH"": 10518.3668, ""601988.SH"": 12900.0}",-0.007097981015,-0.029824105,-0.007040578086
2025-03-03,V26 mf_tier_flow_agreement_20 Top2,142464.9678,143634.4192,496.1550081,2,732.5123697,436.9390819,1456463.606,0,"{""601398.SH"": 10518.3668, ""601988.SH"": 12900.0}",0.0003344583258,-0.0294996216,0.0003317343093
2025-03-04,V26 mf_tier_flow_agreement_20 Top2,141257.6378,142547.8682,644.6377911,2,810.3309662,479.8994605,1599664.868,0,"{""601939.SH"": 8300.0, ""601988.SH"": 13100.0}",-0.008474574478,-0.03772419933,-0.007564698007
2025-03-05,V26 mf_tier_flow_agreement_20 Top2,144013.6378,145303.8682,644.6377911,2,810.3309662,479.8994605,1599664.868,0,"{""601939.SH"": 8300.0, ""601988.SH"": 13100.0}",0.01951044944,-0.01894976598,0.0193338563
2025-03-06,V26 mf_tier_flow_agreement_20 Top2,142707.6378,143997.8682,644.6377911,2,810.3309662,479.8994605,1599664.868,0,"{""601939.SH"": 8300.0, ""601988.SH"": 13100.0}",-0.009068585587,-0.02784650399,-0.008988060786
2025-03-07,V26 mf_tier_flow_agreement_20 Top2,142065.6378,143355.8682,644.6377911,2,810.3309662,479.8994605,1599664.868,0,"{""601939.SH"": 8300.0, ""601988.SH"": 13100.0}",-0.004498708058,-0.03221993876,-0.004458399336
2025-03-10,V26 mf_tier_flow_agreement_20 Top2,141126.6378,142416.8682,644.6377911,2,810.3309662,479.8994605,1599664.868,0,"{""601939.SH"": 8300.0, ""601988.SH"": 13100.0}",-0.006609620839,-0.03861659802,-0.006550132978
2025-03-11,V26 mf_tier_flow_agreement_20 Top2,141720.6378,143010.8682,644.6377911,2,810.3309662,479.8994605,1599664.868,0,"{""601939.SH"": 8300.0, ""601988.SH"": 13100.0}",0.004208985698,-0.03457014903,0.004170854249
2025-03-12,V26 mf_tier_flow_agreement_20 Top2,140602.6378,141892.8682,644.6377911,2,810.3309662,479.8994605,1599664.868,0,"{""601939.SH"": 8300.0, ""601988.SH"": 13100.0}",-0.007888759304,-0.04218619275,-0.00781758767
2025-03-13,V26 mf_tier_flow_agreement_20 Top2,140685.6378,141975.8682,644.6377911,2,810.3309662,479.8994605,1599664.868,0,"{""601939.SH"": 8300.0, ""601988.SH"": 13100.0}",0.0005903160944,-0.04162077984,0.0005849483561
2025-03-14,V26 mf_tier_flow_agreement_20 Top2,141244.6378,142534.8682,644.6377911,2,810.3309662,479.8994605,1599664.868,0,"{""601939.SH"": 8300.0, ""601988.SH"": 13100.0}",0.003973397774,-0.03781275798,0.00393728883
2025-03-17,V26 mf_tier_flow_agreement_20 Top2,141790.6378,143080.8682,644.6377911,2,810.3309662,479.8994605,1599664.868,0,"{""601939.SH"": 8300.0, ""601988.SH"": 13100.0}",0.003865633475,-0.03409329477,0.003830641631
2025-03-18,V26 mf_tier_flow_agreement_20 Top2,141541.6378,142831.8682,644.6377911,2,810.3309662,479.8994605,1599664.868,0,"{""601939.SH"": 8300.0, ""601988.SH"": 13100.0}",-0.001756110304,-0.03578953349,-0.001740274595
2025-03-19,V26 mf_tier_flow_agreement_20 Top2,142991.6378,144281.8682,644.6377911,2,810.3309662,479.8994605,1599664.868,0,"{""601939.SH"": 8300.0, ""601988.SH"": 13100.0}",0.01024433533,-0.02591183814,0.01015179608
2025-03-20,V26 mf_tier_flow_agreement_20 Top2,142528.6378,143818.8682,644.6377911,2,810.3309662,479.8994605,1599664.868,0,"{""601939.SH"": 8300.0, ""601988.SH"": 13100.0}",-0.003237951583,-0.02906588845,-0.00320899643
2025-03-21,V26 mf_tier_flow_agreement_20 Top2,141327.6378,142617.8682,644.6377911,2,810.3309662,479.8994605,1599664.868,0,"{""601939.SH"": 8300.0, ""601988.SH"": 13100.0}",-0.008426376752,-0.03724734508,-0.008350781889
2025-03-24,V26 mf_tier_flow_agreement_20 Top2,142598.6378,143888.8682,644.6377911,2,810.3309662,479.8994605,1599664.868,0,"{""601939.SH"": 8300.0, ""601988.SH"": 13100.0}",0.008993286946,-0.02858903419,0.008911926786
2025-03-25,V26 mf_tier_flow_agreement_20 Top2,144227.6378,145517.8682,644.6377911,2,810.3309662,479.8994605,1599664.868,0,"{""601939.SH"": 8300.0, ""601988.SH"": 13100.0}",0.01142367154,-0.01749195439,0.01132123715
2025-03-26,V26 mf_tier_flow_agreement_20 Top2,143729.6378,145019.8682,644.6377911,2,810.3309662,479.8994605,1599664.868,0,"{""601939.SH"": 8300.0, ""601988.SH"": 13100.0}",-0.003452874966,-0.02088443182,-0.00342226014
2025-03-27,V26 mf_tier_flow_agreement_20 Top2,144716.6378,146006.8682,644.6377911,2,810.3309662,479.8994605,1599664.868,0,"{""601939.SH"": 8300.0, ""601988.SH"": 13100.0}",0.006867059677,-0.01416078679,0.006805963984
2025-03-28,V26 mf_tier_flow_agreement_20 Top2,143410.6378,144700.8682,644.6377911,2,810.3309662,479.8994605,1599664.868,0,"{""601939.SH"": 8300.0, ""601988.SH"": 13100.0}",-0.009024532493,-0.0230575248,-0.008944784694
2025-03-31,V26 mf_tier_flow_agreement_20 Top2,147293.6378,148583.8682,644.6377911,2,810.3309662,479.8994605,1599664.868,0,"{""601939.SH"": 8300.0, ""601988.SH"": 13100.0}",0.02707609463,0,0.02683466967
2025-04-01,V26 mf_tier_flow_agreement_20 Top2,144917.6378,146207.8682,644.6377911,2,810.3309662,479.8994605,1599664.868,0,"{""601939.SH"": 8300.0, ""601988.SH"": 13100.0}",-0.01613104297,-0.01613104297,-0.01599096879
2025-04-02,V26 mf_tier_flow_agreement_20 Top2,146664.6378,147954.8682,644.6377911,2,810.3309662,479.8994605,1599664.868,0,"{""601939.SH"": 8300.0, ""601988.SH"": 13100.0}",0.01205512336,-0.004270381324,0.01194874135
2025-04-03,V26 mf_tier_flow_agreement_20 Top2,148826.6378,150116.8682,644.6377911,2,810.3309662,479.8994605,1599664.868,0,"{""601939.SH"": 8300.0, ""601988.SH"": 13100.0}",0.01474111301,0,0.01461256413
2025-04-07,V26 mf_tier_flow_agreement_20 Top2,145612.6378,146902.8682,644.6377911,2,810.3309662,479.8994605,1599664.868,0,"{""601939.SH"": 8300.0, ""601988.SH"": 13100.0}",-0.02159559638,-0.02159559638,-0.02140998569
2025-04-08,V26 mf_tier_flow_agreement_20 Top2,146752.6378,148042.8682,644.6377911,2,810.3309662,479.8994605,1599664.868,0,"{""601939.SH"": 8300.0, ""601988.SH"": 13100.0}",0.007828990789,-0.01393567731,0.007760229693
2025-04-09,V26 mf_tier_flow_agreement_20 Top2,144555.6378,145845.8682,644.6377911,2,810.3309662,479.8994605,1599664.868,0,"{""601939.SH"": 8300.0, ""601988.SH"": 13100.0}",-0.01497077009,-0.02869781958,-0.0148402961
2025-04-10,V26 mf_tier_flow_agreement_20 Top2,143664.6378,144954.8682,644.6377911,2,810.3309662,479.8994605,1599664.868,0,"{""601939.SH"": 8300.0, ""601988.SH"": 13100.0}",-0.006163716709,-0.03468465106,-0.00610918918
2025-04-11,V26 mf_tier_flow_agreement_20 Top2,144603.6378,145893.8682,644.6377911,2,810.3309662,479.8994605,1599664.868,0,"{""601939.SH"": 8300.0, ""601988.SH"": 13100.0}",0.00653605518,-0.02837529667,0.006477878332
2025-04-14,V26 mf_tier_flow_agreement_20 Top2,146551.6378,147841.8682,644.6377911,2,810.3309662,479.8994605,1599664.868,0,"{""601939.SH"": 8300.0, ""601988.SH"": 13100.0}",0.01347130701,-0.01528624199,0.01335217185
2025-04-15,V26 mf_tier_flow_agreement_20 Top2,148276.6378,149566.8682,644.6377911,2,810.3309662,479.8994605,1599664.868,0,"{""601939.SH"": 8300.0, ""601988.SH"": 13100.0}",0.01177059517,-0.003695574987,0.01166787204
2025-04-16,V26 mf_tier_flow_agreement_20 Top2,150071.6378,151361.8682,644.6377911,2,810.3309662,479.8994605,1599664.868,0,"{""601939.SH"": 8300.0, ""601988.SH"": 13100.0}",0.01210575062,0,0.01200132102
2025-04-17,V26 mf_tier_flow_agreement_20 Top2,150154.6378,151444.8682,644.6377911,2,810.3309662,479.8994605,1599664.868,0,"{""601939.SH"": 8300.0, ""601988.SH"": 13100.0}",0.0005530691956,0,0.0005483547539
2025-04-18,V26 mf_tier_flow_agreement_20 Top2,151578.6378,152868.8682,644.6377911,2,810.3309662,479.8994605,1599664.868,0,"{""601939.SH"": 8300.0, ""601988.SH"": 13100.0}",0.009483556558,0,0.009402761657
2025-04-21,V26 mf_tier_flow_agreement_20 Top2,149761.6378,151051.8682,644.6377911,2,810.3309662,479.8994605,1599664.868,0,"{""601939.SH"": 8300.0, ""601988.SH"": 13100.0}",-0.01198717726,-0.01198717726,-0.01188600414
2025-04-22,V26 mf_tier_flow_agreement_20 Top2,151984.6378,153274.8682,644.6377911,2,810.3309662,479.8994605,1599664.868,0,"{""601939.SH"": 8300.0, ""601988.SH"": 13100.0}",0.01484358767,0,0.01471679911
2025-04-23,V26 mf_tier_flow_agreement_20 Top2,151141.6378,152431.8682,644.6377911,2,810.3309662,479.8994605,1599664.868,0,"{""601939.SH"": 8300.0, ""601988.SH"": 13100.0}",-0.005546613212,-0.005546613212,-0.005499923176
2025-04-24,V26 mf_tier_flow_agreement_20 Top2,153958.6378,155248.8682,644.6377911,2,810.3309662,479.8994605,1599664.868,0,"{""601939.SH"": 8300.0, ""601988.SH"": 13100.0}",0.01863814658,0,0.01848038755
2025-04-25,V26 mf_tier_flow_agreement_20 Top2,152792.7827,154083.0131,644.6377911,2,810.3309662,479.8994605,1599664.868,0,"{""601939.SH"": 8300.0, ""601988.SH"": 13375.4673}",-0.007572521795,-0.007572521795,-0.00750958866
2025-04-28,V26 mf_tier_flow_agreement_20 Top2,154955.556,156245.7864,644.6377911,2,810.3309662,479.8994605,1599664.868,0,"{""601939.SH"": 8300.0, ""601988.SH"": 13375.4673}",0.01415494454,0,0.01403641661
2025-04-29,V26 mf_tier_flow_agreement_20 Top2,154572.8013,155863.0318,644.6377911,2,810.3309662,479.8994605,1599664.868,0,"{""601939.SH"": 8300.0, ""601988.SH"": 13375.4673}",-0.00247009325,-0.00247009325,-0.002449695967
2025-04-30,V26 mf_tier_flow_agreement_20 Top2,149808.9719,151099.2023,644.6377911,2,810.3309662,479.8994605,1599664.868,0,"{""601939.SH"": 8300.0, ""601988.SH"": 13375.4673}",-0.03081932525,-0.03321329189,-0.03056420362
2025-05-06,V26 mf_tier_flow_agreement_20 Top2,149190.9532,150481.1836,644.6377911,2,810.3309662,479.8994605,1599664.868,0,"{""601939.SH"": 8300.0, ""601988.SH"": 13375.4673}",-0.004125378365,-0.03720165286,-0.004090151914
2025-05-07,V26 mf_tier_flow_agreement_20 Top2,152026.3544,153436.4477,51.35437412,2,885.7522486,524.3410343,1747803.448,0,"{""601398.SH"": 10600.0, ""601939.SH"": 8300.0}",0.01900518162,-0.01890349541,0.01963876112
2025-05-08,V26 mf_tier_flow_agreement_20 Top2,152690.3544,154100.4477,51.35437412,2,885.7522486,524.3410343,1747803.448,0,"{""601398.SH"": 10600.0, ""601939.SH"": 8300.0}",0.004367663769,-0.01461839575,0.004327524588
2025-05-09,V26 mf_tier_flow_agreement_20 Top2,154516.5545,155926.6478,51.35437412,2,885.7522486,524.3410343,1747803.448,0,"{""601398.SH"": 10600.0, ""601939.SH"": 8491.6883}",0.01196015366,-0.002833080349,0.0118507125
2025-05-12,V26 mf_tier_flow_agreement_20 Top2,153816.1363,155226.2296,51.35437412,2,885.7522486,524.3410343,1747803.448,0,"{""601398.SH"": 10600.0, ""601939.SH"": 8491.6883}",-0.004532965319,-0.007353203412,-0.0044919723
2025-05-13,V26 mf_tier_flow_agreement_20 Top2,155322.3882,156732.4815,51.35437412,2,885.7522486,524.3410343,1747803.448,0,"{""601398.SH"": 10600.0, ""601939.SH"": 8491.6883}",0.009792548333,0,0.009703591675
2025-05-14,V26 mf_tier_flow_agreement_20 Top2,155237.4714,156647.5646,51.35437412,2,885.7522486,524.3410343,1747803.448,0,"{""601398.SH"": 10600.0, ""601939.SH"": 8491.6883}",-0.0005467137364,-0.0005467137364,-0.0005417950536
2025-05-15,V26 mf_tier_flow_agreement_20 Top2,155491.6376,156901.7309,51.35437412,2,885.7522486,524.3410343,1747803.448,0,"{""601398.SH"": 10600.0, ""601939.SH"": 8491.6883}",0.001637273729,0,0.001622535493
2025-05-16,V26 mf_tier_flow_agreement_20 Top2,153901.0532,155311.1465,51.35437412,2,885.7522486,524.3410343,1747803.448,0,"{""601398.SH"": 10600.0, ""601939.SH"": 8491.6883}",-0.0102293888,-0.0102293888,-0.01013745615
2025-05-19,V26 mf_tier_flow_agreement_20 Top2,153307.2194,154717.3127,51.35437412,2,885.7522486,524.3410343,1747803.448,0,"{""601398.SH"": 10600.0, ""601939.SH"": 8491.6883}",-0.003858542578,-0.01404846085,-0.003823510289
2025-05-20,V26 mf_tier_flow_agreement_20 Top2,153413.2194,154823.3127,51.35437412,2,885.7522486,524.3410343,1747803.448,0,"{""601398.SH"": 10600.0, ""601939.SH"": 8491.6883}",0.0006914221027,-0.01336675216,0.000685120483
2025-05-21,V26 mf_tier_flow_agreement_20 Top2,153604.1363,155014.2296,51.35437412,2,885.7522486,524.3410343,1747803.448,0,"{""601398.SH"": 10600.0, ""601939.SH"": 8491.6883}",0.001244461748,-0.01213892482,0.001233127492
2025-05-22,V26 mf_tier_flow_agreement_20 Top2,153392.1363,154802.2296,51.35437412,2,885.7522486,524.3410343,1747803.448,0,"{""601398.SH"": 10600.0, ""601939.SH"": 8491.6883}",-0.001380171167,-0.0135023422,-0.001367616383
2025-05-23,V26 mf_tier_flow_agreement_20 Top2,152203.8843,153613.9776,51.35437412,2,885.7522486,524.3410343,1747803.448,0,"{""601398.SH"": 10600.0, ""601939.SH"": 8491.6883}",-0.00774649847,-0.02114424479,-0.007675935626
2025-05-26,V26 mf_tier_flow_agreement_20 Top2,151546.2168,152956.3101,51.35437412,2,885.7522486,524.3410343,1747803.448,0,"{""601398.SH"": 10600.0, ""601939.SH"": 8491.6883}",-0.004320964184,-0.02537384545,-0.004281300068
2025-05-27,V26 mf_tier_flow_agreement_20 Top2,151906.9675,153317.0607,51.35437412,2,885.7522486,524.3410343,1747803.448,0,"{""601398.SH"": 10600.0, ""601939.SH"": 8491.6883}",0.002380466219,-0.02305378082,0.002358520871
2025-05-28,V26 mf_tier_flow_agreement_20 Top2,151631.1337,153041.227,51.35437412,2,885.7522486,524.3410343,1747803.448,0,"{""601398.SH"": 10600.0, ""601939.SH"": 8491.6883}",-0.001815807208,-0.0248277268,-0.001799106799
2025-05-29,V26 mf_tier_flow_agreement_20 Top2,151185.4662,152595.5594,51.35437412,2,885.7522486,524.3410343,1747803.448,0,"{""601398.SH"": 10600.0, ""601939.SH"": 8491.6883}",-0.002939155845,-0.02769391009,-0.002912075012
2025-05-30,V26 mf_tier_flow_agreement_20 Top2,151673.2999,153083.3932,51.35437412,2,885.7522486,524.3410343,1747803.448,0,"{""601398.SH"": 10600.0, ""601939.SH"": 8491.6883}",0.003226723963,-0.02455654673,0.003196906701
2025-06-03,V26 mf_tier_flow_agreement_20 Top2,152352.0506,153762.1439,51.35437412,2,885.7522486,524.3410343,1747803.448,0,"{""601398.SH"": 10600.0, ""601939.SH"": 8491.6883}",0.004475083288,-0.02019135603,0.004433862063
2025-06-04,V26 mf_tier_flow_agreement_20 Top2,151669.6254,153201.5594,359.5135926,2,962.5024302,569.4316343,1898105.448,0,"{""601939.SH"": 8491.6883, ""601988.SH"": 13600.0}",-0.004479264933,-0.02458017853,-0.003645789543
2025-06-05,V26 mf_tier_flow_agreement_20 Top2,151176.7085,152708.6426,359.5135926,2,962.5024302,569.4316343,1898105.448,0,"{""601939.SH"": 8491.6883, ""601988.SH"": 13600.0}",-0.003249938028,-0.02775023251,-0.003217440377
2025-06-06,V26 mf_tier_flow_agreement_20 Top2,150904.7085,152436.6426,359.5135926,2,962.5024302,569.4316343,1898105.448,0,"{""601939.SH"": 8491.6883, ""601988.SH"": 13600.0}",-0.001799218958,-0.02949952272,-0.001781169654
2025-06-09,V26 mf_tier_flow_agreement_20 Top2,150293.041,151824.975,359.5135926,2,962.5024302,569.4316343,1898105.448,0,"{""601939.SH"": 8491.6883, ""601988.SH"": 13600.0}",-0.004053336301,-0.03343328753,-0.004012601712
2025-06-10,V26 mf_tier_flow_agreement_20 Top2,150649.9578,152181.8919,359.5135926,2,962.5024302,569.4316343,1898105.448,0,"{""601939.SH"": 8491.6883, ""601988.SH"": 13600.0}",0.002374806451,-0.03113787867,0.00235084434
2025-06-11,V26 mf_tier_flow_agreement_20 Top2,149953.3734,151485.3075,359.5135926,2,962.5024302,569.4316343,1898105.448,0,"{""601939.SH"": 8491.6883, ""601988.SH"": 13600.0}",-0.004623860677,-0.03561776213,-0.004577314734
2025-06-12,V26 mf_tier_flow_agreement_20 Top2,149698.6228,151230.5568,359.5135926,2,962.5024302,569.4316343,1898105.448,0,"{""601939.SH"": 8491.6883, ""601988.SH"": 13600.0}",-0.001698865746,-0.03725611808,-0.00168168553
2025-06-13,V26 mf_tier_flow_agreement_20 Top2,148219.8721,149751.8062,359.5135926,2,962.5024302,569.4316343,1898105.448,0,"{""601939.SH"": 8491.6883, ""601988.SH"": 13600.0}",-0.00987818473,-0.04676628,-0.009778120775
2025-06-16,V26 mf_tier_flow_agreement_20 Top2,149952.7085,151484.6426,359.5135926,2,962.5024302,569.4316343,1898105.448,0,"{""601939.SH"": 8491.6883, ""601988.SH"": 13600.0}",0.01169098543,-0.03562203847,0.01157138875
2025-06-17,V26 mf_tier_flow_agreement_20 Top2,149986.5423,151518.4763,359.5135926,2,962.5024302,569.4316343,1898105.448,0,"{""601939.SH"": 8491.6883, ""601988.SH"": 13600.0}",0.0002256295788,-0.03540444627,0.0002233478317
2025-06-18,V26 mf_tier_flow_agreement_20 Top2,153452.8799,154984.814,359.5135926,2,962.5024302,569.4316343,1898105.448,0,"{""601939.SH"": 8491.6883, ""601988.SH"": 13600.0}",0.02311099124,-0.01311168688,0.02287732657
2025-06-19,V26 mf_tier_flow_agreement_20 Top2,153996.8799,155528.814,359.5135926,2,962.5024302,569.4316343,1898105.448,0,"{""601939.SH"": 8491.6883, ""601988.SH"": 13600.0}",0.003545062173,-0.009613106453,0.003510021311
2025-06-20,V26 mf_tier_flow_agreement_20 Top2,155441.1319,156973.0659,359.5135926,2,962.5024302,569.4316343,1898105.448,0,"{""601939.SH"": 8491.6883, ""601988.SH"": 13600.0}",0.009378449419,-0.0003248130674,0.009286073185
2025-06-23,V26 mf_tier_flow_agreement_20 Top2,157581.9682,159113.9023,359.5135926,2,962.5024302,569.4316343,1898105.448,0,"{""601939.SH"": 8491.6883, ""601988.SH"": 13600.0}",0.01377265039,0,0.01363824012
2025-06-24,V26 mf_tier_flow_agreement_20 Top2,158516.7189,160048.653,359.5135926,2,962.5024302,569.4316343,1898105.448,0,"{""601939.SH"": 8491.6883, ""601988.SH"": 13600.0}",0.005931837634,0,0.005874726445
2025-06-25,V26 mf_tier_flow_agreement_20 Top2,159927.1371,161459.0711,359.5135926,2,962.5024302,569.4316343,1898105.448,0,"{""601939.SH"": 8491.6883, ""601988.SH"": 13600.0}",0.008897598893,0,0.008812433948
2025-06-26,V26 mf_tier_flow_agreement_20 Top2,160504.9708,162036.9049,359.5135926,2,962.5024302,569.4316343,1898105.448,0,"{""601939.SH"": 8491.6883, ""601988.SH"": 13600.0}",0.003613106425,0,0.003578825038
2025-06-27,V26 mf_tier_flow_agreement_20 Top2,156086.6332,157618.5672,359.5135926,2,962.5024302,569.4316343,1898105.448,0,"{""601939.SH"": 8491.6883, ""601988.SH"": 13600.0}",-0.02752773102,-0.02752773102,-0.02726747754
2025-06-30,V26 mf_tier_flow_agreement_20 Top2,156953.0514,158484.9854,359.5135926,2,962.5024302,569.4316343,1898105.448,0,"{""601939.SH"": 8491.6883, ""601988.SH"": 13600.0}",0.005550880078,-0.02212965407,0.005496929694
2025-07-01,V26 mf_tier_flow_agreement_20 Top2,159653.8072,161185.7413,359.5135926,2,962.5024302,569.4316343,1898105.448,0,"{""601939.SH"": 8491.6883, ""601988.SH"": 13600.0}",0.01720741218,-0.005303035977,0.01704108336
2025-07-02,V26 mf_tier_flow_agreement_20 Top2,160212.099,161876.3257,349.2209947,2,1047.476028,616.7506343,2055835.448,0,"{""601288.SH"": 13200.0, ""601939.SH"": 8291.6883}",0.003496890103,-0.001824690008,0.004284401404
2025-07-03,V26 mf_tier_flow_agreement_20 Top2,159152.764,160816.9906,349.2209947,2,1047.476028,616.7506343,2055835.448,0,"{""601288.SH"": 13200.0, ""601939.SH"": 8291.6883}",-0.006612079064,-0.008424704078,-0.006544101253
2025-07-04,V26 mf_tier_flow_agreement_20 Top2,161203.7666,162867.9932,349.2209947,2,1047.476028,616.7506343,2055835.448,0,"{""601288.SH"": 13200.0, ""601939.SH"": 8291.6883}",0.01288700584,0,0.0127536437
2025-07-07,V26 mf_tier_flow_agreement_20 Top2,161449.1821,163113.4088,349.2209947,2,1047.476028,616.7506343,2055835.448,0,"{""601288.SH"": 13200.0, ""601939.SH"": 8291.6883}",0.001522393609,0,0.001506837403
2025-07-08,V26 mf_tier_flow_agreement_20 Top2,161894.2653,163558.4919,349.2209947,2,1047.476028,616.7506343,2055835.448,0,"{""601288.SH"": 13200.0, ""601939.SH"": 8291.6883}",0.002756800071,0,0.002728672768
2025-07-09,V26 mf_tier_flow_agreement_20 Top2,163613.6003,165277.827,349.2209947,2,1047.476028,616.7506343,2055835.448,0,"{""601288.SH"": 13200.0, ""601939.SH"": 8291.6883}",0.01062011099,0,0.01051205013
2025-07-10,V26 mf_tier_flow_agreement_20 Top2,165480.1847,167144.4114,349.2209947,2,1047.476028,616.7506343,2055835.448,0,"{""601288.SH"": 13200.0, ""601939.SH"": 8291.6883}",0.01140849179,0,0.01129361663
2025-07-11,V26 mf_tier_flow_agreement_20 Top2,164617.1821,166281.4088,349.2209947,2,1047.476028,616.7506343,2055835.448,0,"{""601288.SH"": 13200.0, ""601939.SH"": 8291.6883}",-0.00521514162,-0.00521514162,-0.005163215398
2025-07-14,V26 mf_tier_flow_agreement_20 Top2,165575.0159,167239.2426,349.2209947,2,1047.476028,616.7506343,2055835.448,0,"{""601288.SH"": 13200.0, ""601939.SH"": 8291.6883}",0.005818552802,0,0.005760317845
2025-07-15,V26 mf_tier_flow_agreement_20 Top2,164334.5977,165998.8244,349.2209947,2,1047.476028,616.7506343,2055835.448,0,"{""601288.SH"": 13200.0, ""601939.SH"": 8291.6883}",-0.007491578218,-0.007491578218,-0.007417028226
2025-07-16,V26 mf_tier_flow_agreement_20 Top2,163972.4315,165636.6582,349.2209947,2,1047.476028,616.7506343,2055835.448,0,"{""601288.SH"": 13200.0, ""601939.SH"": 8291.6883}",-0.002203834363,-0.009678902384,-0.00218173975
2025-07-17,V26 mf_tier_flow_agreement_20 Top2,163069.3398,164733.5665,349.2209947,2,1047.476028,616.7506343,2055835.448,0,"{""601288.SH"": 13478.3703, ""601939.SH"": 8291.6883}",-0.005507582188,-0.01513317722,-0.005452245011
2025-07-18,V26 mf_tier_flow_agreement_20 Top2,164282.3932,165946.6198,349.2209947,2,1047.476028,616.7506343,2055835.448,0,"{""601288.SH"": 13478.3703, ""601939.SH"": 8291.6883}",0.007438880442,-0.007806870675,0.00736372889
2025-07-21,V26 mf_tier_flow_agreement_20 Top2,163131.7901,164796.0168,349.2209947,2,1047.476028,616.7506343,2055835.448,0,"{""601288.SH"": 13478.3703, ""601939.SH"": 8291.6883}",-0.007003812365,-0.01475600518,-0.006933573325
2025-07-22,V26 mf_tier_flow_agreement_20 Top2,160757.9004,162422.1271,349.2209947,2,1047.476028,616.7506343,2055835.448,0,"{""601288.SH"": 13478.3703, ""601939.SH"": 8291.6883}",-0.01455197473,-0.0290932509,-0.01440501861
2025-07-23,V26 mf_tier_flow_agreement_20 Top2,163360.0741,165024.3008,349.2209947,2,1047.476028,616.7506343,2055835.448,0,"{""601288.SH"": 13478.3703, ""601939.SH"": 8291.6883}",0.01618691034,-0.01337727041,0.01602105432
2025-07-24,V26 mf_tier_flow_agreement_20 Top2,161691.153,163355.3797,349.2209947,2,1047.476028,616.7506343,2055835.448,0,"{""601288.SH"": 13478.3703, ""601939.SH"": 8291.6883}",-0.01021621176,-0.02345681714,-0.01011318396
2025-07-25,V26 mf_tier_flow_agreement_20 Top2,161172.835,162837.0616,349.2209947,2,1047.476028,616.7506343,2055835.448,0,"{""601288.SH"": 13478.3703, ""601939.SH"": 8291.6883}",-0.003205605533,-0.02658722937,-0.003172947568
2025-07-28,V26 mf_tier_flow_agreement_20 Top2,161473.4524,163137.6791,349.2209947,2,1047.476028,616.7506343,2055835.448,0,"{""601288.SH"": 13478.3703, ""601939.SH"": 8291.6883}",0.001865186953,-0.02477163257,0.001846124377
2025-07-29,V26 mf_tier_flow_agreement_20 Top2,159721.6145,161385.8411,349.2209947,2,1047.476028,616.7506343,2055835.448,0,"{""601288.SH"": 13478.3703, ""601939.SH"": 8291.6883}",-0.01084907747,-0.03535196068,-0.01073840209
2025-07-30,V26 mf_tier_flow_agreement_20 Top2,161598.0028,163262.2295,349.2209947,2,1047.476028,616.7506343,2055835.448,0,"{""601288.SH"": 13478.3703, ""601939.SH"": 8291.6883}",0.01174786766,-0.02401940318,0.01162672249
2025-07-31,V26 mf_tier_flow_agreement_20 Top2,163287.7407,164951.9674,349.2209947,2,1047.476028,616.7506343,2055835.448,0,"{""601288.SH"": 13478.3703, ""601939.SH"": 8291.6883}",0.01045642791,-0.01381413243,0.01034983947
2025-08-01,V26 mf_tier_flow_agreement_20 Top2,163775.0087,165439.2354,349.2209947,2,1047.476028,616.7506343,2055835.448,0,"{""601288.SH"": 13478.3703, ""601939.SH"": 8291.6883}",0.002984106392,-0.01087124888,0.002953999268
2025-08-04,V26 mf_tier_flow_agreement_20 Top2,164841.408,166641.1038,441.6220513,2,1134.346443,665.3493954,2217831.318,0,"{""601288.SH"": 12978.3703, ""601988.SH"": 14600.0}",0.006511367525,-0.004430668048,0.007264712304
2025-08-05,V26 mf_tier_flow_agreement_20 Top2,167810.1635,169609.8593,441.6220513,2,1134.346443,665.3493954,2217831.318,0,"{""601288.SH"": 12978.3703, ""601988.SH"": 14600.0}",0.01800976814,0,0.01781526568
2025-08-06,V26 mf_tier_flow_agreement_20 Top2,168994.4331,170794.129,441.6220513,2,1134.346443,665.3493954,2217831.318,0,"{""601288.SH"": 12978.3703, ""601988.SH"": 14600.0}",0.007057198417,0,0.006982315915
2025-08-07,V26 mf_tier_flow_agreement_20 Top2,171038.4865,172838.1823,441.6220513,2,1134.346443,665.3493954,2217831.318,0,"{""601288.SH"": 12978.3703, ""601988.SH"": 14600.0}",0.0120953885,0,0.01196793669
2025-08-08,V26 mf_tier_flow_agreement_20 Top2,170308.4865,172108.1823,441.6220513,2,1134.346443,665.3493954,2217831.318,0,"{""601288.SH"": 12978.3703, ""601988.SH"": 14600.0}",-0.004268045252,-0.004268045252,-0.00422360378
2025-08-11,V26 mf_tier_flow_agreement_20 Top2,169967.8376,171767.5334,441.6220513,2,1134.346443,665.3493954,2217831.318,0,"{""601288.SH"": 12978.3703, ""601988.SH"": 14600.0}",-0.002000187422,-0.006259695783,-0.00197927192
2025-08-12,V26 mf_tier_flow_agreement_20 Top2,171979.4583,173779.1541,441.6220513,2,1134.346443,665.3493954,2217831.318,0,"{""601288.SH"": 12978.3703, ""601988.SH"": 14600.0}",0.01183530224,0,0.01171129775
2025-08-13,V26 mf_tier_flow_agreement_20 Top2,170162.5398,171962.2356,441.6220513,2,1134.346443,665.3493954,2217831.318,0,"{""601288.SH"": 12978.3703, ""601988.SH"": 14600.0}",-0.01056474146,-0.01056474146,-0.01045533063
2025-08-14,V26 mf_tier_flow_agreement_20 Top2,171573.9442,173373.64,441.6220513,2,1134.346443,665.3493954,2217831.318,0,"{""601288.SH"": 12978.3703, ""601988.SH"": 14600.0}",0.008294448545,-0.002357921616,0.008207641785
2025-08-15,V26 mf_tier_flow_agreement_20 Top2,168913.4583,170713.1541,441.6220513,2,1134.346443,665.3493954,2217831.318,0,"{""601288.SH"": 12978.3703, ""601988.SH"": 14600.0}",-0.01550635168,-0.01782771053,-0.01534538882
2025-08-18,V26 mf_tier_flow_agreement_20 Top2,169951.7279,171751.4237,441.6220513,2,1134.346443,665.3493954,2217831.318,0,"{""601288.SH"": 12978.3703, ""601988.SH"": 14600.0}",0.006146754858,-0.01179053824,0.006081954408
2025-08-19,V26 mf_tier_flow_agreement_20 Top2,172725.7812,174525.4771,441.6220513,2,1134.346443,665.3493954,2217831.318,0,"{""601288.SH"": 12978.3703, ""601988.SH"": 14600.0}",0.01632259558,0,0.0161515594
2025-08-20,V26 mf_tier_flow_agreement_20 Top2,175110.4834,176910.1793,441.6220513,2,1134.346443,665.3493954,2217831.318,0,"{""601288.SH"": 12978.3703, ""601988.SH"": 14600.0}",0.01380628994,0,0.01366392034
2025-08-21,V26 mf_tier_flow_agreement_20 Top2,177641.239,179440.9348,441.6220513,2,1134.346443,665.3493954,2217831.318,0,"{""601288.SH"": 12978.3703, ""601988.SH"": 14600.0}",0.01445233597,0,0.01430531329
2025-08-22,V26 mf_tier_flow_agreement_20 Top2,178403.7249,180203.4207,441.6220513,2,1134.346443,665.3493954,2217831.318,0,"{""601288.SH"": 12978.3703, ""601988.SH"": 14600.0}",0.00429227989,0,0.004249230637
2025-08-25,V26 mf_tier_flow_agreement_20 Top2,177592.5901,179392.2859,441.6220513,2,1134.346443,665.3493954,2217831.318,0,"{""601288.SH"": 12978.3703, ""601988.SH"": 14600.0}",-0.004546624857,-0.004546624857,-0.004501217606
2025-08-26,V26 mf_tier_flow_agreement_20 Top2,177560.1575,179359.8533,441.6220513,2,1134.346443,665.3493954,2217831.318,0,"{""601288.SH"": 12978.3703, ""601988.SH"": 14600.0}",-0.0001826235819,-0.004728418118,-0.0001807914691
2025-08-27,V26 mf_tier_flow_agreement_20 Top2,173747.8346,175547.5304,441.6220513,2,1134.346443,665.3493954,2217831.318,0,"{""601288.SH"": 12978.3703, ""601988.SH"": 14600.0}",-0.02147059902,-0.02609749517,-0.02125516314
2025-08-28,V26 mf_tier_flow_agreement_20 Top2,172287.7812,174087.4771,441.6220513,2,1134.346443,665.3493954,2217831.318,0,"{""601288.SH"": 12978.3703, ""601988.SH"": 14600.0}",-0.008403289322,-0.03428147969,-0.008317139635
2025-08-29,V26 mf_tier_flow_agreement_20 Top2,172141.7812,173941.4771,441.6220513,2,1134.346443,665.3493954,2217831.318,0,"{""601288.SH"": 12978.3703, ""601988.SH"": 14600.0}",-0.0008474193524,-0.03509984825,-0.0008386588309
2025-09-01,V26 mf_tier_flow_agreement_20 Top2,172531.1323,174330.8282,441.6220513,2,1134.346443,665.3493954,2217831.318,0,"{""601288.SH"": 12978.3703, ""601988.SH"": 14600.0}",0.002261804803,-0.03291743245,0.002238402905
2025-09-02,V26 mf_tier_flow_agreement_20 Top2,175546.0628,177497.2608,128.0628038,2,1231.057192,720.1407782,2400469.261,0,"{""601939.SH"": 9500.0, ""601988.SH"": 15600.0}",0.01747470397,-0.01601795087,0.01816335428
2025-09-03,V26 mf_tier_flow_agreement_20 Top2,173443.0628,175394.2608,128.0628038,2,1231.057192,720.1407782,2400469.261,0,"{""601939.SH"": 9500.0, ""601988.SH"": 15600.0}",-0.0119797617,-0.02780582134,-0.01184807017
2025-09-04,V26 mf_tier_flow_agreement_20 Top2,175200.0628,177151.2608,128.0628038,2,1231.057192,720.1407782,2400469.261,0,"{""601939.SH"": 9500.0, ""601988.SH"": 15600.0}",0.01013012554,-0.01795737226,0.01001743154
2025-09-05,V26 mf_tier_flow_agreement_20 Top2,172215.0628,174166.2608,128.0628038,2,1231.057192,720.1407782,2400469.261,0,"{""601939.SH"": 9500.0, ""601988.SH"": 15600.0}",-0.01703766513,-0.03468908569,-0.01685000709
2025-09-08,V26 mf_tier_flow_agreement_20 Top2,170960.0628,172911.2608,128.0628038,2,1231.057192,720.1407782,2400469.261,0,"{""601939.SH"": 9500.0, ""601988.SH"": 15600.0}",-0.007287399717,-0.04172369218,-0.00720575842
2025-09-09,V26 mf_tier_flow_agreement_20 Top2,171211.0628,173162.2608,128.0628038,2,1231.057192,720.1407782,2400469.261,0,"{""601939.SH"": 9500.0, ""601988.SH"": 15600.0}",0.001468179152,-0.04031677088,0.001451611647
2025-09-10,V26 mf_tier_flow_agreement_20 Top2,172697.0628,174648.2608,128.0628038,2,1231.057192,720.1407782,2400469.261,0,"{""601939.SH"": 9500.0, ""601988.SH"": 15600.0}",0.00867934569,-0.03198734838,0.008581546541
2025-09-11,V26 mf_tier_flow_agreement_20 Top2,172948.0628,174899.2608,128.0628038,2,1231.057192,720.1407782,2400469.261,0,"{""601939.SH"": 9500.0, ""601988.SH"": 15600.0}",0.001453412096,-0.03058042708,0.001437174346
2025-09-12,V26 mf_tier_flow_agreement_20 Top2,172256.0628,174207.2608,128.0628038,2,1231.057192,720.1407782,2400469.261,0,"{""601939.SH"": 9500.0, ""601988.SH"": 15600.0}",-0.004001201221,-0.03445926986,-0.003956563321
2025-09-15,V26 mf_tier_flow_agreement_20 Top2,171184.0628,173135.2608,128.0628038,2,1231.057192,720.1407782,2400469.261,0,"{""601939.SH"": 9500.0, ""601988.SH"": 15600.0}",-0.006223293291,-0.04046811301,-0.006153589668
2025-09-16,V26 mf_tier_flow_agreement_20 Top2,170119.0628,172070.2608,128.0628038,2,1231.057192,720.1407782,2400469.261,0,"{""601939.SH"": 9500.0, ""601988.SH"": 15600.0}",-0.006221373547,-0.04643771931,-0.006151259976
2025-09-17,V26 mf_tier_flow_agreement_20 Top2,169868.0628,171819.2608,128.0628038,2,1231.057192,720.1407782,2400469.261,0,"{""601939.SH"": 9500.0, ""601988.SH"": 15600.0}",-0.001475437237,-0.04784464061,-0.001458706454
2025-09-18,V26 mf_tier_flow_agreement_20 Top2,166123.0628,168074.2608,128.0628038,2,1231.057192,720.1407782,2400469.261,0,"{""601939.SH"": 9500.0, ""601988.SH"": 15600.0}",-0.0220465221,-0.06883635478,-0.02179615942
2025-09-19,V26 mf_tier_flow_agreement_20 Top2,167012.0628,168963.2608,128.0628038,2,1231.057192,720.1407782,2400469.261,0,"{""601939.SH"": 9500.0, ""601988.SH"": 15600.0}",0.005351454428,-0.06385327496,0.005289328633
2025-09-22,V26 mf_tier_flow_agreement_20 Top2,163009.0628,164960.2608,128.0628038,2,1231.057192,720.1407782,2400469.261,0,"{""601939.SH"": 9500.0, ""601988.SH"": 15600.0}",-0.02396832859,-0.08629114728,-0.02369154088
2025-09-23,V26 mf_tier_flow_agreement_20 Top2,166883.0628,168834.2608,128.0628038,2,1231.057192,720.1407782,2400469.261,0,"{""601939.SH"": 9500.0, ""601988.SH"": 15600.0}",0.0237655498,-0.06457635404,0.02348444396
2025-09-24,V26 mf_tier_flow_agreement_20 Top2,165621.0628,167572.2608,128.0628038,2,1231.057192,720.1407782,2400469.261,0,"{""601939.SH"": 9500.0, ""601988.SH"": 15600.0}",-0.007562181439,-0.07165019737,-0.007474786185
2025-09-25,V26 mf_tier_flow_agreement_20 Top2,164807.0628,166758.2608,128.0628038,2,1231.057192,720.1407782,2400469.261,0,"{""601939.SH"": 9500.0, ""601988.SH"": 15600.0}",-0.004914833815,-0.07621288237,-0.004857605884
2025-09-26,V26 mf_tier_flow_agreement_20 Top2,164142.0628,166093.2608,128.0628038,2,1231.057192,720.1407782,2400469.261,0,"{""601939.SH"": 9500.0, ""601988.SH"": 15600.0}",-0.004035021247,-0.07994038302,-0.003987808441
2025-09-29,V26 mf_tier_flow_agreement_20 Top2,162948.0628,164899.2608,128.0628038,2,1231.057192,720.1407782,2400469.261,0,"{""601939.SH"": 9500.0, ""601988.SH"": 15600.0}",-0.007274186638,-0.08663306839,-0.007188732369
2025-09-30,V26 mf_tier_flow_agreement_20 Top2,162731.0628,164682.2608,128.0628038,2,1231.057192,720.1407782,2400469.261,0,"{""601939.SH"": 9500.0, ""601988.SH"": 15600.0}",-0.001331712671,-0.08784941071,-0.001315954959
2025-10-09,V26 mf_tier_flow_agreement_20 Top2,164081.0628,166032.2608,128.0628038,2,1231.057192,720.1407782,2400469.261,0,"{""601939.SH"": 9500.0, ""601988.SH"": 15600.0}",0.008295896166,-0.08028230413,0.008197604245
2025-10-10,V26 mf_tier_flow_agreement_20 Top2,165651.3579,167734.2608,358.3579268,2,1314.011469,768.8913782,2562971.261,0,"{""601288.SH"": 12100.0, ""601939.SH"": 9500.0}",0.009570239833,-0.0714803852,0.01025101984
2025-10-13,V26 mf_tier_flow_agreement_20 Top2,166619.3579,168702.2608,358.3579268,2,1314.011469,768.8913782,2562971.261,0,"{""601288.SH"": 12100.0, ""601939.SH"": 9500.0}",0.005843598339,-0.06605448952,0.005771033273
2025-10-14,V26 mf_tier_flow_agreement_20 Top2,171086.3579,173169.2608,358.3579268,2,1314.011469,768.8913782,2562971.261,0,"{""601288.SH"": 12100.0, ""601939.SH"": 9500.0}",0.02680960997,-0.04101577465,0.02647860188
2025-10-15,V26 mf_tier_flow_agreement_20 Top2,173350.3579,175433.2608,358.3579268,2,1314.011469,768.8913782,2562971.261,0,"{""601288.SH"": 12100.0, ""601939.SH"": 9500.0}",0.01323308315,-0.02832545666,0.01307391387
2025-10-16,V26 mf_tier_flow_agreement_20 Top2,178292.3579,180375.2608,358.3579268,2,1314.011469,768.8913782,2562971.261,0,"{""601288.SH"": 12100.0, ""601939.SH"": 9500.0}",0.02850873837,-0.0006242413267,0.02817025676
2025-10-17,V26 mf_tier_flow_agreement_20 Top2,180150.3579,182233.2608,358.3579268,2,1314.011469,768.8913782,2562971.261,0,"{""601288.SH"": 12100.0, ""601939.SH"": 9500.0}",0.01042108603,0,0.01030074741
2025-10-20,V26 mf_tier_flow_agreement_20 Top2,182008.3579,184091.2608,358.3579268,2,1314.011469,768.8913782,2562971.261,0,"{""601288.SH"": 12100.0, ""601939.SH"": 9500.0}",0.01031360704,0,0.01019572383
2025-10-21,V26 mf_tier_flow_agreement_20 Top2,183961.3579,186044.2608,358.3579268,2,1314.011469,768.8913782,2562971.261,0,"{""601288.SH"": 12100.0, ""601939.SH"": 9500.0}",0.01073027647,0,0.01060886862
2025-10-22,V26 mf_tier_flow_agreement_20 Top2,187357.3579,189440.2608,358.3579268,2,1314.011469,768.8913782,2562971.261,0,"{""601288.SH"": 12100.0, ""601939.SH"": 9500.0}",0.01846039863,0,0.01825372084
2025-10-23,V26 mf_tier_flow_agreement_20 Top2,185957.3579,188040.2608,358.3579268,2,1314.011469,768.8913782,2562971.261,0,"{""601288.SH"": 12100.0, ""601939.SH"": 9500.0}",-0.007472351316,-0.007472351316,-0.00739019253
2025-10-24,V26 mf_tier_flow_agreement_20 Top2,185957.3579,188040.2608,358.3579268,2,1314.011469,768.8913782,2562971.261,0,"{""601288.SH"": 12100.0, ""601939.SH"": 9500.0}",0,-0.007472351316,0
2025-10-27,V26 mf_tier_flow_agreement_20 Top2,188921.3579,191004.2608,358.3579268,2,1314.011469,768.8913782,2562971.261,0,"{""601288.SH"": 12100.0, ""601939.SH"": 9500.0}",0.01593913805,0,0.01576258184
2025-10-28,V26 mf_tier_flow_agreement_20 Top2,190114.3579,192197.2608,358.3579268,2,1314.011469,768.8913782,2562971.261,0,"{""601288.SH"": 12100.0, ""601939.SH"": 9500.0}",0.006314796872,0,0.006245933966
2025-10-29,V26 mf_tier_flow_agreement_20 Top2,186658.3579,188741.2608,358.3579268,2,1314.011469,768.8913782,2562971.261,0,"{""601288.SH"": 12100.0, ""601939.SH"": 9500.0}",-0.01817853232,-0.01817853232,-0.01798152578
2025-10-30,V26 mf_tier_flow_agreement_20 Top2,185664.3579,187747.2608,358.3579268,2,1314.011469,768.8913782,2562971.261,0,"{""601288.SH"": 12100.0, ""601939.SH"": 9500.0}",-0.005325237032,-0.02340696436,-0.005266469006
2025-10-31,V26 mf_tier_flow_agreement_20 Top2,183409.3579,185492.2608,358.3579268,2,1314.011469,768.8913782,2562971.261,0,"{""601288.SH"": 12100.0, ""601939.SH"": 9500.0}",-0.01214557293,-0.0352682463,-0.0120108277
2025-11-03,V26 mf_tier_flow_agreement_20 Top2,186009.3579,188092.2608,358.3579268,2,1314.011469,768.8913782,2562971.261,0,"{""601288.SH"": 12100.0, ""601939.SH"": 9500.0}",0.01417593971,-0.02159226712,0.0140167573
2025-11-04,V26 mf_tier_flow_agreement_20 Top2,188742.6313,190986.2608,798.631332,2,1416.765764,826.8636782,2756212.261,0,"{""601939.SH"": 9900.0, ""601988.SH"": 16300.0}",0.01469427902,-0.007215270902,0.01538606633
2025-11-05,V26 mf_tier_flow_agreement_20 Top2,187397.6313,189641.2608,798.631332,2,1416.765764,826.8636782,2756212.261,0,"{""601939.SH"": 9900.0, ""601988.SH"": 16300.0}",-0.007126106013,-0.01428996013,-0.007042391398
2025-11-06,V26 mf_tier_flow_agreement_20 Top2,186512.6313,188756.2608,798.631332,2,1416.765764,826.8636782,2756212.261,0,"{""601939.SH"": 9900.0, ""601988.SH"": 16300.0}",-0.004722578368,-0.01894505304,-0.00466670595
2025-11-07,V26 mf_tier_flow_agreement_20 Top2,185691.6313,187935.2608,798.631332,2,1416.765764,826.8636782,2756212.261,0,"{""601939.SH"": 9900.0, ""601988.SH"": 16300.0}",-0.004401846642,-0.02326350647,-0.004349524602
2025-11-10,V26 mf_tier_flow_agreement_20 Top2,187106.6313,189350.2608,798.631332,2,1416.765764,826.8636782,2756212.261,0,"{""601939.SH"": 9900.0, ""601988.SH"": 16300.0}",0.007620160316,-0.0158206178,0.007529188478
2025-11-11,V26 mf_tier_flow_agreement_20 Top2,187828.6313,190072.2608,798.631332,2,1416.765764,826.8636782,2756212.261,0,"{""601939.SH"": 9900.0, ""601988.SH"": 16300.0}",0.003858762219,-0.01202290358,0.003813039375
2025-11-12,V26 mf_tier_flow_agreement_20 Top2,189627.6313,191871.2608,798.631332,2,1416.765764,826.8636782,2756212.261,0,"{""601939.SH"": 9900.0, ""601988.SH"": 16300.0}",0.009577879513,-0.00256017799,0.009464821393
2025-11-13,V26 mf_tier_flow_agreement_20 Top2,188806.6313,191050.2608,798.631332,2,1416.765764,826.8636782,2756212.261,0,"{""601939.SH"": 9900.0, ""601988.SH"": 16300.0}",-0.004329537812,-0.006878631414,-0.004278910748
2025-11-14,V26 mf_tier_flow_agreement_20 Top2,190308.6313,192552.2608,798.631332,2,1416.765764,826.8636782,2756212.261,0,"{""601939.SH"": 9900.0, ""601988.SH"": 16300.0}",0.007955229058,0,0.007861805547
2025-11-17,V26 mf_tier_flow_agreement_20 Top2,188305.6313,190549.2608,798.631332,2,1416.765764,826.8636782,2756212.261,0,"{""601939.SH"": 9900.0, ""601988.SH"": 16300.0}",-0.0105250087,-0.0105250087,-0.01040237072
2025-11-18,V26 mf_tier_flow_agreement_20 Top2,188171.6313,190415.2608,798.631332,2,1416.765764,826.8636782,2756212.261,0,"{""601939.SH"": 9900.0, ""601988.SH"": 16300.0}",-0.0007116090956,-0.0112291281,-0.0007032302275
2025-11-19,V26 mf_tier_flow_agreement_20 Top2,192846.6313,195090.2608,798.631332,2,1416.765764,826.8636782,2756212.261,0,"{""601939.SH"": 9900.0, ""601988.SH"": 16300.0}",0.02484434007,0,0.02455160359
2025-11-20,V26 mf_tier_flow_agreement_20 Top2,199728.6313,201972.2608,798.631332,2,1416.765764,826.8636782,2756212.261,0,"{""601939.SH"": 9900.0, ""601988.SH"": 16300.0}",0.0356863895,0,0.0352759793
2025-11-21,V26 mf_tier_flow_agreement_20 Top2,200246.6313,202490.2608,798.631332,2,1416.765764,826.8636782,2756212.261,0,"{""601939.SH"": 9900.0, ""601988.SH"": 16300.0}",0.002593518999,0,0.002564708629
2025-11-24,V26 mf_tier_flow_agreement_20 Top2,197894.6313,200138.2608,798.631332,2,1416.765764,826.8636782,2756212.261,0,"{""601939.SH"": 9900.0, ""601988.SH"": 16300.0}",-0.01174551594,-0.01174551594,-0.01161537346
2025-11-25,V26 mf_tier_flow_agreement_20 Top2,200351.6313,202595.2608,798.631332,2,1416.765764,826.8636782,2756212.261,0,"{""601939.SH"": 9900.0, ""601988.SH"": 16300.0}",0.01241569811,0,0.0122765132
2025-11-26,V26 mf_tier_flow_agreement_20 Top2,197271.6313,199515.2608,798.631332,2,1416.765764,826.8636782,2756212.261,0,"{""601939.SH"": 9900.0, ""601988.SH"": 16300.0}",-0.01537297191,-0.01537297191,-0.01520272482
2025-11-27,V26 mf_tier_flow_agreement_20 Top2,197498.6313,199742.2608,798.631332,2,1416.765764,826.8636782,2756212.261,0,"{""601939.SH"": 9900.0, ""601988.SH"": 16300.0}",0.001150697637,-0.01423996391,0.001137757579
2025-11-28,V26 mf_tier_flow_agreement_20 Top2,195373.6313,197617.2608,798.631332,2,1416.765764,826.8636782,2756212.261,0,"{""601939.SH"": 9900.0, ""601988.SH"": 16300.0}",-0.01075956823,-0.02484631628,-0.01063871006
2025-12-01,V26 mf_tier_flow_agreement_20 Top2,195274.6313,197518.2608,798.631332,2,1416.765764,826.8636782,2756212.261,0,"{""601939.SH"": 9900.0, ""601988.SH"": 16300.0}",-0.0005067214,-0.02534044752,-0.0005009683851
2025-12-02,V26 mf_tier_flow_agreement_20 Top2,195470.805,198029.2608,546.8050335,2,1614.984762,943.4709782,3144903.261,0,"{""601288.SH"": 12200.0, ""601398.SH"": 12000.0}",0.001004604132,-0.02436130051,0.00258710257
2025-12-03,V26 mf_tier_flow_agreement_20 Top2,194502.805,197061.2608,546.8050335,2,1614.984762,943.4709782,3144903.261,0,"{""601288.SH"": 12200.0, ""601398.SH"": 12000.0}",-0.004952146178,-0.02919280597,-0.004888166507
2025-12-04,V26 mf_tier_flow_agreement_20 Top2,193526.805,196085.2608,546.8050335,2,1614.984762,943.4709782,3144903.261,0,"{""601288.SH"": 12200.0, ""601398.SH"": 12000.0}",-0.005017922491,-0.03406424122,-0.004952774564
2025-12-05,V26 mf_tier_flow_agreement_20 Top2,191830.805,194389.2608,546.8050335,2,1614.984762,943.4709782,3144903.261,0,"{""601288.SH"": 12200.0, ""601398.SH"": 12000.0}",-0.008763643877,-0.04252935822,-0.008649298745
2025-12-08,V26 mf_tier_flow_agreement_20 Top2,192074.805,194633.2608,546.8050335,2,1614.984762,943.4709782,3144903.261,0,"{""601288.SH"": 12200.0, ""601398.SH"": 12000.0}",0.00127195421,-0.0413114994,0.001255213375
2025-12-09,V26 mf_tier_flow_agreement_20 Top2,195834.805,198393.2608,546.8050335,2,1614.984762,943.4709782,3144903.261,0,"{""601288.SH"": 12200.0, ""601398.SH"": 12000.0}",0.01957570645,-0.02254449474,0.01931838364
2025-12-10,V26 mf_tier_flow_agreement_20 Top2,191230.805,193789.2608,546.8050335,2,1614.984762,943.4709782,3144903.261,0,"{""601288.SH"": 12200.0, ""601398.SH"": 12000.0}",-0.02350961056,-0.04552409301,-0.02320643343
2025-12-11,V26 mf_tier_flow_agreement_20 Top2,193292.805,195851.2608,546.8050335,2,1614.984762,943.4709782,3144903.261,0,"{""601288.SH"": 12200.0, ""601398.SH"": 12000.0}",0.01078278157,-0.03523218779,0.01064042451
2025-12-12,V26 mf_tier_flow_agreement_20 Top2,190370.805,192929.2608,546.8050335,2,1614.984762,943.4709782,3144903.261,0,"{""601288.SH"": 12200.0, ""601398.SH"": 12000.0}",-0.01511696206,-0.0498165462,-0.01491948527
2025-12-15,V26 mf_tier_flow_agreement_20 Top2,188766.7348,191325.1906,546.8050335,2,1614.984762,943.4709782,3144903.261,0,"{""601288.SH"": 12392.8439, ""601398.SH"": 12214.7925}",-0.008426030424,-0.05782282089,-0.008314291926
2025-12-16,V26 mf_tier_flow_agreement_20 Top2,187035.2977,189593.7535,546.8050335,2,1614.984762,943.4709782,3144903.261,0,"{""601288.SH"": 12392.8439, ""601398.SH"": 12214.7925}",-0.009172363532,-0.06646481249,-0.009049708036
2025-12-17,V26 mf_tier_flow_agreement_20 Top2,188271.0211,190829.4768,546.8050335,2,1614.984762,943.4709782,3144903.261,0,"{""601288.SH"": 12392.8439, ""601398.SH"": 12214.7925}",0.006606899204,-0.0602970396,0.006517743001
2025-12-18,V26 mf_tier_flow_agreement_20 Top2,192328.6103,194887.066,546.8050335,2,1614.984762,943.4709782,3144903.261,0,"{""601288.SH"": 12392.8439, ""601398.SH"": 12214.7925}",0.02155185223,-0.04004470026,0.02126290599
2025-12-19,V26 mf_tier_flow_agreement_20 Top2,190365.3409,192923.7967,546.8050335,2,1614.984762,943.4709782,3144903.261,0,"{""601288.SH"": 12392.8439, ""601398.SH"": 12214.7925}",-0.01020789035,-0.0498438187,-0.0100738823
2025-12-22,V26 mf_tier_flow_agreement_20 Top2,190983.2026,193541.6584,546.8050335,2,1614.984762,943.4709782,3144903.261,0,"{""601288.SH"": 12392.8439, ""601398.SH"": 12214.7925}",0.003245662665,-0.04675993226,0.003202620363
2025-12-23,V26 mf_tier_flow_agreement_20 Top2,192217.1455,194775.6012,546.8050335,2,1614.984762,943.4709782,3144903.261,0,"{""601288.SH"": 12392.8439, ""601398.SH"": 12214.7925}",0.006461001955,-0.04060104632,0.006375593017
2025-12-24,V26 mf_tier_flow_agreement_20 Top2,191847.1407,194405.5964,546.8050335,2,1614.984762,943.4709782,3144903.261,0,"{""601288.SH"": 12392.8439, ""601398.SH"": 12214.7925}",-0.001924931313,-0.0424478234,-0.001899646567
2025-12-25,V26 mf_tier_flow_agreement_20 Top2,190492.8304,193051.2862,546.8050335,2,1614.984762,943.4709782,3144903.261,0,"{""601288.SH"": 12392.8439, ""601398.SH"": 12214.7925}",-0.007059319473,-0.04920749013,-0.006966415993
2025-12-26,V26 mf_tier_flow_agreement_20 Top2,189014.5917,191573.0475,546.8050335,2,1614.984762,943.4709782,3144903.261,0,"{""601288.SH"": 12392.8439, ""601398.SH"": 12214.7925}",-0.00776007523,-0.05658571153,-0.007657233082
2025-12-29,V26 mf_tier_flow_agreement_20 Top2,191358.549,193917.0047,546.8050335,2,1614.984762,943.4709782,3144903.261,0,"{""601288.SH"": 12392.8439, ""601398.SH"": 12214.7925}",0.01240093281,-0.04488649433,0.0122353185
2025-12-30,V26 mf_tier_flow_agreement_20 Top2,190742.4678,193300.9235,546.8050335,2,1614.984762,943.4709782,3144903.261,0,"{""601288.SH"": 12392.8439, ""601398.SH"": 12214.7925}",-0.00321951211,-0.04796149383,-0.003177035282
2025-12-31,V26 mf_tier_flow_agreement_20 Top2,192587.1503,195145.606,546.8050335,2,1614.984762,943.4709782,3144903.261,0,"{""601288.SH"": 12392.8439, ""601398.SH"": 12214.7925}",0.00967106324,-0.03875426923,0.009543060814
2026-01-05,V26 mf_tier_flow_agreement_20 Top2,189880.3103,192438.766,546.8050335,2,1614.984762,943.4709782,3144903.261,0,"{""601288.SH"": 12392.8439, ""601398.SH"": 12214.7925}",-0.01405514332,-0.05226471574,-0.01387087341
2026-01-06,V26 mf_tier_flow_agreement_20 Top2,189512.086,192070.5417,546.8050335,2,1614.984762,943.4709782,3144903.261,0,"{""601288.SH"": 12392.8439, ""601398.SH"": 12214.7925}",-0.001939244188,-0.05410260588,-0.001913462114
2026-01-07,V26 mf_tier_flow_agreement_20 Top2,188033.8473,190592.303,546.8050335,2,1614.984762,943.4709782,3144903.261,0,"{""601288.SH"": 12392.8439, ""601398.SH"": 12214.7925}",-0.007800234413,-0.06148082728,-0.007696332199
2026-01-08,V26 mf_tier_flow_agreement_20 Top2,186681.3175,189239.7733,546.8050335,2,1614.984762,943.4709782,3144903.261,0,"{""601288.SH"": 12392.8439, ""601398.SH"": 12214.7925}",-0.007193012116,-0.06823160706,-0.00709645521
2026-01-09,V26 mf_tier_flow_agreement_20 Top2,186553.8281,189112.2838,546.8050335,2,1614.984762,943.4709782,3144903.261,0,"{""601288.SH"": 12392.8439, ""601398.SH"": 12214.7925}",-0.0006829256871,-0.06886793563,-0.00067369277
2026-01-12,V26 mf_tier_flow_agreement_20 Top2,188283.4847,190841.9404,546.8050335,2,1614.984762,943.4709782,3144903.261,0,"{""601288.SH"": 12392.8439, ""601398.SH"": 12214.7925}",0.009271622129,-0.06023483098,0.009146188527
2026-01-13,V26 mf_tier_flow_agreement_20 Top2,190253.8761,192812.3318,546.8050335,2,1614.984762,943.4709782,3144903.261,0,"{""601288.SH"": 12392.8439, ""601398.SH"": 12214.7925}",0.01046502525,-0.05040016476,0.01032472955
2026-01-14,V26 mf_tier_flow_agreement_20 Top2,187177.0313,189735.487,546.8050335,2,1614.984762,943.4709782,3144903.261,0,"{""601288.SH"": 12392.8439, ""601398.SH"": 12214.7925}",-0.01617231072,-0.06575738835,-0.0159577179
2026-01-15,V26 mf_tier_flow_agreement_20 Top2,185195.9568,187754.4125,546.8050335,2,1614.984762,943.4709782,3144903.261,0,"{""601288.SH"": 12392.8439, ""601398.SH"": 12214.7925}",-0.01058396157,-0.07564537625,-0.01044124395
2026-01-16,V26 mf_tier_flow_agreement_20 Top2,182853.7801,185412.2358,546.8050335,2,1614.984762,943.4709782,3144903.261,0,"{""601288.SH"": 12392.8439, ""601398.SH"": 12214.7925}",-0.01264701875,-0.08733570651,-0.01247468279
2026-01-19,V26 mf_tier_flow_agreement_20 Top2,180513.3838,183071.8396,546.8050335,2,1614.984762,943.4709782,3144903.261,0,"{""601288.SH"": 12392.8439, ""601398.SH"": 12214.7925}",-0.01279927723,-0.09901714982,-0.0126226633
2026-01-20,V26 mf_tier_flow_agreement_20 Top2,181503.0308,184061.4866,546.8050335,2,1614.984762,943.4709782,3144903.261,0,"{""601288.SH"": 12392.8439, ""601398.SH"": 12214.7925}",0.00548240233,-0.09407759934,0.005405784956
2026-01-21,V26 mf_tier_flow_agreement_20 Top2,176579.723,179138.1788,546.8050335,2,1614.984762,943.4709782,3144903.261,0,"{""601288.SH"": 12392.8439, ""601398.SH"": 12214.7925}",-0.02712520976,-0.1186509345,-0.02674816918
2026-01-22,V26 mf_tier_flow_agreement_20 Top2,173743.6131,176302.0688,546.8050335,2,1614.984762,943.4709782,3144903.261,0,"{""601288.SH"": 12392.8439, ""601398.SH"": 12214.7925}",-0.01606135705,-0.1328065965,-0.01583196836
2026-01-23,V26 mf_tier_flow_agreement_20 Top2,172267.1549,174825.6106,546.8050335,2,1614.984762,943.4709782,3144903.261,0,"{""601288.SH"": 12392.8439, ""601398.SH"": 12214.7925}",-0.008497913417,-0.140175931,-0.00837459362
2026-01-26,V26 mf_tier_flow_agreement_20 Top2,173748.9546,176307.4104,546.8050335,2,1614.984762,943.4709782,3144903.261,0,"{""601288.SH"": 12392.8439, ""601398.SH"": 12214.7925}",0.0086017542,-0.1327799357,0.008475873287
2026-01-27,V26 mf_tier_flow_agreement_20 Top2,174246.4489,176804.9046,546.8050335,2,1614.984762,943.4709782,3144903.261,0,"{""601288.SH"": 12392.8439, ""601398.SH"": 12214.7925}",0.002863293597,-0.13029683,0.002821743387
2026-01-28,V26 mf_tier_flow_agreement_20 Top2,172764.6492,175323.1049,546.8050335,2,1614.984762,943.4709782,3144903.261,0,"{""601288.SH"": 12392.8439, ""601398.SH"": 12214.7925}",-0.008504045463,-0.1376928253,-0.008380987655
2026-01-29,V26 mf_tier_flow_agreement_20 Top2,173249.6798,175808.1356,546.8050335,2,1614.984762,943.4709782,3144903.261,0,"{""601288.SH"": 12392.8439, ""601398.SH"": 12214.7925}",0.002807464795,-0.1352719283,0.002766496011
2026-01-30,V26 mf_tier_flow_agreement_20 Top2,172383.9613,174942.417,546.8050335,2,1614.984762,943.4709782,3144903.261,0,"{""601288.SH"": 12392.8439, ""601398.SH"": 12214.7925}",-0.004996941745,-0.1395929241,-0.004924223527
2026-02-02,V26 mf_tier_flow_agreement_20 Top2,173982.5674,176541.0231,546.8050335,2,1614.984762,943.4709782,3144903.261,0,"{""601288.SH"": 12392.8439, ""601398.SH"": 12214.7925}",0.009273519958,-0.1316139219,0.009137898816
2026-02-03,V26 mf_tier_flow_agreement_20 Top2,169892.7547,172730.942,642.7546611,2,1791.137208,1047.050083,3490166.942,0,"{""601939.SH"": 9800.0, ""601988.SH"": 16000.0}",-0.02350702589,-0.1520270959,-0.02158184596
2026-02-04,V26 mf_tier_flow_agreement_20 Top2,171698.7547,174536.942,642.7546611,2,1791.137208,1047.050083,3490166.942,0,"{""601939.SH"": 9800.0, ""601988.SH"": 16000.0}",0.01063023555,-0.1430129442,0.01045556737
2026-02-05,V26 mf_tier_flow_agreement_20 Top2,173576.7547,176414.942,642.7546611,2,1791.137208,1047.050083,3490166.942,0,"{""601939.SH"": 9800.0, ""601988.SH"": 16000.0}",0.01093776133,-0.1336394243,0.01075989976
2026-02-06,V26 mf_tier_flow_agreement_20 Top2,172874.7547,175712.942,642.7546611,2,1791.137208,1047.050083,3490166.942,0,"{""601939.SH"": 9800.0, ""601988.SH"": 16000.0}",-0.004044320343,-0.137143264,-0.003979254774
2026-02-09,V26 mf_tier_flow_agreement_20 Top2,173550.7547,176388.942,642.7546611,2,1791.137208,1047.050083,3490166.942,0,"{""601939.SH"": 9800.0, ""601988.SH"": 16000.0}",0.00391034539,-0.1337691962,0.003847183893
2026-02-10,V26 mf_tier_flow_agreement_20 Top2,175108.7547,177946.942,642.7546611,2,1791.137208,1047.050083,3490166.942,0,"{""601939.SH"": 9800.0, ""601988.SH"": 16000.0}",0.008977200952,-0.1259928682,0.008832753248
2026-02-11,V26 mf_tier_flow_agreement_20 Top2,175010.7547,177848.942,642.7546611,2,1791.137208,1047.050083,3490166.942,0,"{""601939.SH"": 9800.0, ""601988.SH"": 16000.0}",-0.0005596522012,-0.1264820082,-0.0005507259576
2026-02-12,V26 mf_tier_flow_agreement_20 Top2,172420.7547,175258.942,642.7546611,2,1791.137208,1047.050083,3490166.942,0,"{""601939.SH"": 9800.0, ""601988.SH"": 16000.0}",-0.01479909052,-0.13940928,-0.01456292049
2026-02-13,V26 mf_tier_flow_agreement_20 Top2,170862.7547,173700.942,642.7546611,2,1791.137208,1047.050083,3490166.942,0,"{""601939.SH"": 9800.0, ""601988.SH"": 16000.0}",-0.009036035152,-0.147185608,-0.008889703331
2026-02-24,V26 mf_tier_flow_agreement_20 Top2,170346.7547,173184.942,642.7546611,2,1791.137208,1047.050083,3490166.942,0,"{""601939.SH"": 9800.0, ""601988.SH"": 16000.0}",-0.003019967699,-0.1497610799,-0.002970622924
2026-02-25,V26 mf_tier_flow_agreement_20 Top2,170052.7547,172890.942,642.7546611,2,1791.137208,1047.050083,3490166.942,0,"{""601939.SH"": 9800.0, ""601988.SH"": 16000.0}",-0.001725891407,-0.1512285,-0.001697607175
2026-02-26,V26 mf_tier_flow_agreement_20 Top2,169438.7547,172276.942,642.7546611,2,1791.137208,1047.050083,3490166.942,0,"{""601939.SH"": 9800.0, ""601988.SH"": 16000.0}",-0.003610644245,-0.1542931119,-0.003551371709
2026-02-27,V26 mf_tier_flow_agreement_20 Top2,169304.7547,172142.942,642.7546611,2,1791.137208,1047.050083,3490166.942,0,"{""601939.SH"": 9800.0, ""601988.SH"": 16000.0}",-0.000790846228,-0.154961936,-0.0007778173822
2026-03-02,V26 mf_tier_flow_agreement_20 Top2,170960.7547,173798.942,642.7546611,2,1791.137208,1047.050083,3490166.942,0,"{""601939.SH"": 9800.0, ""601988.SH"": 16000.0}",0.009781178345,-0.146696468,0.009619912273
2026-03-03,V26 mf_tier_flow_agreement_20 Top2,174589.5904,177432.942,107.5903595,2,1796.142509,1047.209083,3490696.942,0,"{""601939.SH"": 9800.0, ""601988.SH"": 16100.0}",0.0212261329,-0.1285841338,0.0209092182
2026-03-04,V26 mf_tier_flow_agreement_20 Top2,173462.5904,176305.942,107.5903595,2,1796.142509,1047.209083,3490696.942,0,"{""601939.SH"": 9800.0, ""601988.SH"": 16100.0}",-0.006455138578,-0.134209244,-0.006351695393
2026-03-05,V26 mf_tier_flow_agreement_20 Top2,174498.5904,177341.942,107.5903595,2,1796.142509,1047.209083,3490696.942,0,"{""601939.SH"": 9800.0, ""601988.SH"": 16100.0}",0.005972469325,-0.1290383353,0.005876149088
2026-03-06,V26 mf_tier_flow_agreement_20 Top2,174792.5904,177635.942,107.5903595,2,1796.142509,1047.209083,3490696.942,0,"{""601939.SH"": 9800.0, ""601988.SH"": 16100.0}",0.001684827364,-0.1275709152,0.001657814259
2026-03-09,V26 mf_tier_flow_agreement_20 Top2,175191.5904,178034.942,107.5903595,2,1796.142509,1047.209083,3490696.942,0,"{""601939.SH"": 9800.0, ""601988.SH"": 16100.0}",0.002282705458,-0.1255794166,0.002246167052
2026-03-10,V26 mf_tier_flow_agreement_20 Top2,173532.5904,176375.942,107.5903595,2,1796.142509,1047.209083,3490696.942,0,"{""601939.SH"": 9800.0, ""601988.SH"": 16100.0}",-0.009469632627,-0.1338598583,-0.009318395489
2026-03-11,V26 mf_tier_flow_agreement_20 Top2,175093.5904,177936.942,107.5903595,2,1796.142509,1047.209083,3490696.942,0,"{""601939.SH"": 9800.0, ""601988.SH"": 16100.0}",0.008995428448,-0.1260685566,0.0088504134
2026-03-12,V26 mf_tier_flow_agreement_20 Top2,175744.5904,178587.942,107.5903595,2,1796.142509,1047.209083,3490696.942,0,"{""601939.SH"": 9800.0, ""601988.SH"": 16100.0}",0.0037180116,-0.1228192693,0.003658599461
2026-03-13,V26 mf_tier_flow_agreement_20 Top2,176556.5904,179399.942,107.5903595,2,1796.142509,1047.209083,3490696.942,0,"{""601939.SH"": 9800.0, ""601988.SH"": 16100.0}",0.004620341362,-0.1187663949,0.004546779537
2026-03-16,V26 mf_tier_flow_agreement_20 Top2,177011.5904,179854.942,107.5903595,2,1796.142509,1047.209083,3490696.942,0,"{""601939.SH"": 9800.0, ""601988.SH"": 16100.0}",0.002577077407,-0.1164953877,0.002536232705
2026-03-17,V26 mf_tier_flow_agreement_20 Top2,179405.5904,182248.942,107.5903595,2,1796.142509,1047.209083,3490696.942,0,"{""601939.SH"": 9800.0, ""601988.SH"": 16100.0}",0.01352453811,-0.1045463959,0.01331072682
2026-03-18,V26 mf_tier_flow_agreement_20 Top2,179111.5904,181954.942,107.5903595,2,1796.142509,1047.209083,3490696.942,0,"{""601939.SH"": 9800.0, ""601988.SH"": 16100.0}",-0.001638744921,-0.106013816,-0.00161317809
2026-03-19,V26 mf_tier_flow_agreement_20 Top2,180672.5904,183515.942,107.5903595,2,1796.142509,1047.209083,3490696.942,0,"{""601939.SH"": 9800.0, ""601988.SH"": 16100.0}",0.008715237227,-0.09822251429,0.008579047006
2026-03-20,V26 mf_tier_flow_agreement_20 Top2,180742.5904,183585.942,107.5903595,2,1796.142509,1047.209083,3490696.942,0,"{""601939.SH"": 9800.0, ""601988.SH"": 16100.0}",0.0003874411711,-0.09787312857,0.0003814382514
2026-03-23,V26 mf_tier_flow_agreement_20 Top2,176654.5904,179497.942,107.5903595,2,1796.142509,1047.209083,3490696.942,0,"{""601939.SH"": 9800.0, ""601988.SH"": 16100.0}",-0.02261780133,-0.1182772549,-0.0222675002
2026-03-24,V26 mf_tier_flow_agreement_20 Top2,179510.5904,182353.942,107.5903595,2,1796.142509,1047.209083,3490696.942,0,"{""601939.SH"": 9800.0, ""601988.SH"": 16100.0}",0.01616714286,-0.1040223173,0.01591104594
2026-03-25,V26 mf_tier_flow_agreement_20 Top2,181484.5904,184327.942,107.5903595,2,1796.142509,1047.209083,3490696.942,0,"{""601939.SH"": 9800.0, ""601988.SH"": 16100.0}",0.0109965657,-0.09416963988,0.01082510188
2026-03-26,V26 mf_tier_flow_agreement_20 Top2,182457.5904,185300.942,107.5903595,2,1796.142509,1047.209083,3490696.942,0,"{""601939.SH"": 9800.0, ""601988.SH"": 16100.0}",0.005361336729,-0.0893131783,0.005278635402
2026-03-27,V26 mf_tier_flow_agreement_20 Top2,182100.5904,184943.942,107.5903595,2,1796.142509,1047.209083,3490696.942,0,"{""601939.SH"": 9800.0, ""601988.SH"": 16100.0}",-0.001956619066,-0.0910950455,-0.001926595711
2026-03-30,V26 mf_tier_flow_agreement_20 Top2,184592.5904,187435.942,107.5903595,2,1796.142509,1047.209083,3490696.942,0,"{""601939.SH"": 9800.0, ""601988.SH"": 16100.0}",0.01368474421,-0.07865691369,0.01347435322
2026-03-31,V26 mf_tier_flow_agreement_20 Top2,189184.5904,192027.942,107.5903595,2,1796.142509,1047.209083,3490696.942,0,"{""601939.SH"": 9800.0, ""601988.SH"": 16100.0}",0.0248764048,-0.05573721012,0.02449903659
2026-04-01,V26 mf_tier_flow_agreement_20 Top2,187224.5904,190067.942,107.5903595,2,1796.142509,1047.209083,3490696.942,0,"{""601939.SH"": 9800.0, ""601988.SH"": 16100.0}",-0.01036025184,-0.06552001042,-0.01020684792
2026-04-02,V26 mf_tier_flow_agreement_20 Top2,189613.115,192461.942,689.1149793,2,1801.44179,1047.385183,3491283.942,0,"{""601939.SH"": 9800.0, ""601988.SH"": 16000.0}",0.0127575369,-0.05359834747,0.01259549599
2026-04-03,V26 mf_tier_flow_agreement_20 Top2,185929.115,188777.942,689.1149793,2,1801.44179,1047.385183,3491283.942,0,"{""601939.SH"": 9800.0, ""601988.SH"": 16000.0}",-0.0194290358,-0.07198601906,-0.01914144668
2026-04-07,V26 mf_tier_flow_agreement_20 Top2,183747.115,186595.942,689.1149793,2,1801.44179,1047.385183,3491283.942,0,"{""601939.SH"": 9800.0, ""601988.SH"": 16000.0}",-0.01173565528,-0.08287687124,-0.01155855381
2026-04-08,V26 mf_tier_flow_agreement_20 Top2,183669.115,186517.942,689.1149793,2,1801.44179,1047.385183,3491283.942,0,"{""601939.SH"": 9800.0, ""601988.SH"": 16000.0}",-0.0004244964608,-0.08326618676,-0.0004180155216
2026-04-09,V26 mf_tier_flow_agreement_20 Top2,182575.115,185423.942,689.1149793,2,1801.44179,1047.385183,3491283.942,0,"{""601939.SH"": 9800.0, ""601988.SH"": 16000.0}",-0.005956363432,-0.08872658652,-0.005865387472
2026-04-10,V26 mf_tier_flow_agreement_20 Top2,181641.115,184489.942,689.1149793,2,1801.44179,1047.385183,3491283.942,0,"{""601939.SH"": 9800.0, ""601988.SH"": 16000.0}",-0.005115702653,-0.09338839034,-0.005037105727
2026-04-13,V26 mf_tier_flow_agreement_20 Top2,183065.115,185913.942,689.1149793,2,1801.44179,1047.385183,3491283.942,0,"{""601939.SH"": 9800.0, ""601988.SH"": 16000.0}",0.007839634766,-0.08628088645,0.007718577961
2026-04-14,V26 mf_tier_flow_agreement_20 Top2,184097.115,186945.942,689.1149793,2,1801.44179,1047.385183,3491283.942,0,"{""601939.SH"": 9800.0, ""601988.SH"": 16000.0}",0.005637338387,-0.08112994261,0.0055509554
2026-04-15,V26 mf_tier_flow_agreement_20 Top2,186037.115,188885.942,689.1149793,2,1801.44179,1047.385183,3491283.942,0,"{""601939.SH"": 9800.0, ""601988.SH"": 16000.0}",0.01053791636,-0.0714469668,0.01037733143
2026-04-16,V26 mf_tier_flow_agreement_20 Top2,185939.115,188787.942,689.1149793,2,1801.44179,1047.385183,3491283.942,0,"{""601939.SH"": 9800.0, ""601988.SH"": 16000.0}",-0.0005267766059,-0.07193610682,-0.0005188316239
2026-04-17,V26 mf_tier_flow_agreement_20 Top2,185227.115,188075.942,689.1149793,2,1801.44179,1047.385183,3491283.942,0,"{""601939.SH"": 9800.0, ""601988.SH"": 16000.0}",-0.003829210438,-0.07548985877,-0.00377142731
2026-04-20,V26 mf_tier_flow_agreement_20 Top2,190443.115,193291.942,689.1149793,2,1801.44179,1047.385183,3491283.942,0,"{""601939.SH"": 9800.0, ""601988.SH"": 16000.0}",0.02816002398,-0.04945563102,0.02773347801
2026-04-21,V26 mf_tier_flow_agreement_20 Top2,192099.115,194947.942,689.1149793,2,1801.44179,1047.385183,3491283.942,0,"{""601939.SH"": 9800.0, ""601988.SH"": 16000.0}",0.008695509944,-0.041190163,0.008567351454
2026-04-22,V26 mf_tier_flow_agreement_20 Top2,190071.115,192919.942,689.1149793,2,1801.44179,1047.385183,3491283.942,0,"{""601939.SH"": 9800.0, ""601988.SH"": 16000.0}",-0.0105570502,-0.05131236658,-0.01040277717
2026-04-23,V26 mf_tier_flow_agreement_20 Top2,189163.115,192011.942,689.1149793,2,1801.44179,1047.385183,3491283.942,0,"{""601939.SH"": 9800.0, ""601988.SH"": 16000.0}",-0.004777159328,-0.05584439856,-0.004706615557
2026-04-24,V26 mf_tier_flow_agreement_20 Top2,189101.115,191949.942,689.1149793,2,1801.44179,1047.385183,3491283.942,0,"{""601939.SH"": 9800.0, ""601988.SH"": 16000.0}",-0.0003277594578,-0.05615385449,-0.0003228965833
2026-04-27,V26 mf_tier_flow_agreement_20 Top2,187713.115,190561.942,689.1149793,2,1801.44179,1047.385183,3491283.942,0,"{""601939.SH"": 9800.0, ""601988.SH"": 16000.0}",-0.007339988451,-0.0630816743,-0.007231051939
2026-04-28,V26 mf_tier_flow_agreement_20 Top2,189689.115,192537.942,689.1149793,2,1801.44179,1047.385183,3491283.942,0,"{""601939.SH"": 9800.0, ""601988.SH"": 16000.0}",0.01052670188,-0.0532190144,0.01036933178
2026-04-29,V26 mf_tier_flow_agreement_20 Top2,189467.115,192315.942,689.1149793,2,1801.44179,1047.385183,3491283.942,0,"{""601939.SH"": 9800.0, ""601988.SH"": 16000.0}",-0.001170336,-0.05432706627,-0.001153019492
2026-04-30,V26 mf_tier_flow_agreement_20 Top2,190199.115,193047.942,689.1149793,2,1801.44179,1047.385183,3491283.942,0,"{""601939.SH"": 9800.0, ""601988.SH"": 16000.0}",0.003863467283,-0.05067348983,0.003806236719
2026-05-06,V26 mf_tier_flow_agreement_20 Top2,188089.115,190937.942,689.1149793,2,1801.44179,1047.385183,3491283.942,0,"{""601939.SH"": 9800.0, ""601988.SH"": 16000.0}",-0.01109363732,-0.06120497383,-0.01092992745
2026-05-07,V26 mf_tier_flow_agreement_20 Top2,187434.5652,190437.942,133.5652152,2,1900.470254,1102.906483,3676354.942,0,"{""601398.SH"": 12600.0, ""601939.SH"": 9700.0}",-0.003479998107,-0.06447197875,-0.002618651877
2026-05-08,V26 mf_tier_flow_agreement_20 Top2,188122.5652,191125.942,133.5652152,2,1900.470254,1102.906483,3676354.942,0,"{""601398.SH"": 12600.0, ""601939.SH"": 9700.0}",0.003670614325,-0.06103801619,0.003612725452
2026-05-11,V26 mf_tier_flow_agreement_20 Top2,187375.5652,190378.942,133.5652152,2,1900.470254,1102.906483,3676354.942,0,"{""601398.SH"": 12600.0, ""601939.SH"": 9700.0}",-0.003970815511,-0.064766461,-0.003908417624
2026-05-12,V26 mf_tier_flow_agreement_20 Top2,187792.5652,190795.942,133.5652152,2,1900.470254,1102.906483,3676354.942,0,"{""601398.SH"": 12600.0, ""601939.SH"": 9700.0}",0.002225476943,-0.06268512032,0.002190368303
2026-05-13,V26 mf_tier_flow_agreement_20 Top2,186568.6509,189572.0276,133.5652152,2,1900.470254,1102.906483,3676354.942,2.910383046e-11,"{""601398.SH"": 12893.2345, ""601939.SH"": 9700.0}",-0.006517373884,-0.06879395184,-0.006414781927
2026-05-14,V26 mf_tier_flow_agreement_20 Top2,188732.1773,191735.554,133.5652152,2,1900.470254,1102.906483,3676354.942,0,"{""601398.SH"": 12893.2345, ""601939.SH"": 9700.0}",0.01159640919,-0.05799530547,0.01141268807
2026-05-15,V26 mf_tier_flow_agreement_20 Top2,188734.5832,191737.9599,133.5652152,2,1900.470254,1102.906483,3676354.942,2.910383046e-11,"{""601398.SH"": 12893.2345, ""601939.SH"": 9700.0}",1.274784371e-05,-0.05798329694,1.254815943e-05
2026-05-18,V26 mf_tier_flow_agreement_20 Top2,187507.9215,190511.2982,133.5652152,2,1900.470254,1102.906483,3676354.942,0,"{""601398.SH"": 12893.2345, ""601939.SH"": 9700.0}",-0.006499400934,-0.06410584118,-0.006397594544
2026-05-19,V26 mf_tier_flow_agreement_20 Top2,190059.4479,193062.8246,133.5652152,2,1900.470254,1102.906483,3676354.942,0,"{""601398.SH"": 12893.2345, ""601939.SH"": 9700.0}",0.013607566,-0.05137059964,0.01339304514
2026-05-20,V26 mf_tier_flow_agreement_20 Top2,187607.3274,190610.7041,133.5652152,2,1900.470254,1102.906483,3676354.942,0,"{""601398.SH"": 12893.2345, ""601939.SH"": 9700.0}",-0.01290186053,-0.06360968386,-0.01270115308
2026-05-21,V26 mf_tier_flow_agreement_20 Top2,189805.1921,192808.5688,133.5652152,2,1900.470254,1102.906483,3676354.942,0,"{""601398.SH"": 12893.2345, ""601939.SH"": 9700.0}",0.01171523906,-0.05263964745,0.01153064672
2026-05-22,V26 mf_tier_flow_agreement_20 Top2,190676.9891,193680.3659,133.5652152,2,1900.470254,1102.906483,3676354.942,0,"{""601398.SH"": 12893.2345, ""601939.SH"": 9700.0}",0.004593114794,-0.0482883126,0.004521567901
2026-05-25,V26 mf_tier_flow_agreement_20 Top2,190936.0568,193939.4335,133.5652152,2,1900.470254,1102.906483,3676354.942,0,"{""601398.SH"": 12893.2345, ""601939.SH"": 9700.0}",0.001358672884,-0.04699524774,0.001337604117
2026-05-26,V26 mf_tier_flow_agreement_20 Top2,192713.9891,195717.3659,133.5652152,2,1900.470254,1102.906483,3676354.942,0,"{""601398.SH"": 12893.2345, ""601939.SH"": 9700.0}",0.009311663681,-0.038121188,0.009167461784
2026-05-27,V26 mf_tier_flow_agreement_20 Top2,191067.3951,194070.7718,133.5652152,2,1900.470254,1102.906483,3676354.942,0,"{""601398.SH"": 12893.2345, ""601939.SH"": 9700.0}",-0.008544237391,-0.04633970891,-0.008413121975
2026-05-28,V26 mf_tier_flow_agreement_20 Top2,188774.9363,191778.313,133.5652152,2,1900.470254,1102.906483,3676354.942,0,"{""601398.SH"": 12893.2345, ""601939.SH"": 9700.0}",-0.0119981683,-0.05778188558,-0.01181248851
2026-05-29,V26 mf_tier_flow_agreement_20 Top2,189834.7185,192838.0952,133.5652152,2,1900.470254,1102.906483,3676354.942,2.910383046e-11,"{""601398.SH"": 12893.2345, ""601939.SH"": 9700.0}",0.005613998531,-0.05249227447,0.005526079557
2026-06-01,V26 mf_tier_flow_agreement_20 Top2,192030.1773,195033.554,133.5652152,2,1900.470254,1102.906483,3676354.942,0,"{""601398.SH"": 12893.2345, ""601939.SH"": 9700.0}",0.01156510663,-0.04153424659,0.01138498469
2026-06-02,V26 mf_tier_flow_agreement_20 Top2,193496.8656,196511.2834,398.5242069,2,1910.990462,1103.427283,3678090.942,0,"{""601398.SH"": 12993.2345, ""601939.SH"": 9600.0}",0.007637801484,-0.03421367543,0.007576795637
2026-06-03,V26 mf_tier_flow_agreement_20 Top2,191565.2716,194579.6893,398.5242069,2,1910.990462,1103.427283,3678090.942,0,"{""601398.SH"": 12993.2345, ""601939.SH"": 9600.0}",-0.009982560003,-0.04385469537,-0.009829430852
2026-06-04,V26 mf_tier_flow_agreement_20 Top2,190627.6098,193642.0276,398.5242069,2,1910.990462,1103.427283,3678090.942,0,"{""601398.SH"": 12993.2345, ""601939.SH"": 9600.0}",-0.004894737541,-0.04853477569,-0.004818908539
2026-06-05,V26 mf_tier_flow_agreement_20 Top2,193880.8656,196895.2834,398.5242069,2,1910.990462,1103.427283,3678090.942,0,"{""601398.SH"": 12993.2345, ""601939.SH"": 9600.0}",0.01706602627,-0.03229704517,0.01680036012
2026-06-08,V26 mf_tier_flow_agreement_20 Top2,197015.7832,200030.2009,398.5242069,2,1910.990462,1103.427283,3678090.942,0,"{""601398.SH"": 12993.2345, ""601939.SH"": 9600.0}",0.01616929816,-0.01664996756,0.01592175023
2026-06-09,V26 mf_tier_flow_agreement_20 Top2,197823.5126,200837.9303,398.5242069,2,1910.990462,1103.427283,3678090.942,0,"{""601398.SH"": 12993.2345, ""601939.SH"": 9600.0}",0.004099820675,-0.01261840877,0.004038037144
2026-06-10,V26 mf_tier_flow_agreement_20 Top2,201020.4977,204034.9155,398.5242069,2,1910.990462,1103.427283,3678090.942,0,"{""601398.SH"": 12993.2345, ""601939.SH"": 9600.0}",0.01616079473,0,0.01591823404
2026-06-11,V26 mf_tier_flow_agreement_20 Top2,201686.7007,204701.1184,398.5242069,2,1910.990462,1103.427283,3678090.942,0,"{""601398.SH"": 12993.2345, ""601939.SH"": 9600.0}",0.003314104639,0,0.003265141962
2026-06-12,V26 mf_tier_flow_agreement_20 Top2,204205.8888,207220.3066,398.5242069,2,1910.990462,1103.427283,3678090.942,0,"{""601398.SH"": 12993.2345, ""601939.SH"": 9600.0}",0.01249060119,0,0.01230666526
2026-06-15,V26 mf_tier_flow_agreement_20 Top2,198501.3096,201515.7273,398.5242069,2,1910.990462,1103.427283,3678090.942,0,"{""601398.SH"": 12993.2345, ""601939.SH"": 9600.0}",-0.0279354297,-0.0279354297,-0.02752905516
2026-06-16,V26 mf_tier_flow_agreement_20 Top2,194440.3244,197454.7422,398.5242069,2,1910.990462,1103.427283,3678090.942,0,"{""601398.SH"": 12993.2345, ""601939.SH"": 9600.0}",-0.02045822865,-0.04782214894,-0.0201521997
2026-06-17,V26 mf_tier_flow_agreement_20 Top2,193276.7303,196291.1481,398.5242069,2,1910.990462,1103.427283,3678090.942,0,"{""601398.SH"": 12993.2345, ""601939.SH"": 9600.0}",-0.005984324883,-0.05352029055,-0.005892965948
2026-06-18,V26 mf_tier_flow_agreement_20 Top2,188662.0834,191676.5012,398.5242069,2,1910.990462,1103.427283,3678090.942,0,"{""601398.SH"": 12993.2345, ""601939.SH"": 9600.0}",-0.02387585354,-0.07611830147,-0.02350919515
2026-06-22,V26 mf_tier_flow_agreement_20 Top2,189373.8128,192388.2306,398.5242069,2,1910.990462,1103.427283,3678090.942,0,"{""601398.SH"": 12993.2345, ""601939.SH"": 9600.0}",0.003772508859,-0.07263294957,0.003713180159
2026-06-23,V26 mf_tier_flow_agreement_20 Top2,192960.595,195975.0128,398.5242069,2,1910.990462,1103.427283,3678090.942,0,"{""601398.SH"": 12993.2345, ""601939.SH"": 9600.0}",0.01894022284,-0.05506841098,0.01864345966
2026-06-24,V26 mf_tier_flow_agreement_20 Top2,189441.6775,192456.0952,398.5242069,2,1910.990462,1103.427283,3678090.942,0,"{""601398.SH"": 12993.2345, ""601939.SH"": 9600.0}",-0.01823645664,-0.07230061493,-0.01795594997
2026-06-25,V26 mf_tier_flow_agreement_20 Top2,187995.8805,191010.2982,398.5242069,2,1910.990462,1103.427283,3678090.942,0,"{""601398.SH"": 12993.2345, ""601939.SH"": 9600.0}",-0.007631884678,-0.07938070966,-0.007512347343
2026-06-26,V26 mf_tier_flow_agreement_20 Top2,187188.1511,190202.5688,398.5242069,2,1910.990462,1103.427283,3678090.942,0,"{""601398.SH"": 12993.2345, ""601939.SH"": 9600.0}",-0.004296527026,-0.08333617532,-0.004228721638
2026-06-29,V26 mf_tier_flow_agreement_20 Top2,188577.6775,191592.0952,398.5242069,2,1910.990462,1103.427283,3678090.942,0,"{""601398.SH"": 12993.2345, ""601939.SH"": 9600.0}",0.007423153704,-0.07653163885,0.007305508151
2026-06-30,V26 mf_tier_flow_agreement_20 Top2,184708.6923,187723.1101,398.5242069,2,1910.990462,1103.427283,3678090.942,0,"{""601398.SH"": 12993.2345, ""601939.SH"": 9600.0}",-0.02051666576,-0.09547813056,-0.02019386642
