trade_date,strategy,equity_net,equity_gross,cash,positions,fees_cumulative,slippage_cumulative,turnover_cumulative,accounting_residual,shares_json,daily_return_net,drawdown,gross_return_daily
2024-01-02,V34 id2_close_vs_pm_vwap_20 Top2,100000,100000,100000,0,0,0,0,0,{},0,0,0
2024-01-03,V34 id2_close_vs_pm_vwap_20 Top2,100960.2498,101016,404.2498359,2,25.88816412,29.862,99540,0,"{""601398.SH"": 10400.0, ""601988.SH"": 12400.0}",0.009602498359,0,0.01016
2024-01-04,V34 id2_close_vs_pm_vwap_20 Top2,102596.2498,102652,404.2498359,2,25.88816412,29.862,99540,0,"{""601398.SH"": 10400.0, ""601988.SH"": 12400.0}",0.0162043973,0,0.01619545419
2024-01-05,V34 id2_close_vs_pm_vwap_20 Top2,102140.2498,102196,404.2498359,2,25.88816412,29.862,99540,0,"{""601398.SH"": 10400.0, ""601988.SH"": 12400.0}",-0.004444606901,-0.004444606901,-0.004442193041
2024-01-08,V34 id2_close_vs_pm_vwap_20 Top2,101996.2498,102052,404.2498359,2,25.88816412,29.862,99540,0,"{""601398.SH"": 10400.0, ""601988.SH"": 12400.0}",-0.001409826197,-0.005848166975,-0.001409057106
2024-01-09,V34 id2_close_vs_pm_vwap_20 Top2,101996.2498,102052,404.2498359,2,25.88816412,29.862,99540,0,"{""601398.SH"": 10400.0, ""601988.SH"": 12400.0}",0,-0.005848166975,0
2024-01-10,V34 id2_close_vs_pm_vwap_20 Top2,100940.2498,100996,404.2498359,2,25.88816412,29.862,99540,0,"{""601398.SH"": 10400.0, ""601988.SH"": 12400.0}",-0.01035332183,-0.01614094085,-0.0103476659
2024-01-11,V34 id2_close_vs_pm_vwap_20 Top2,99468.24984,99524,404.2498359,2,25.88816412,29.862,99540,0,"{""601398.SH"": 10400.0, ""601988.SH"": 12400.0}",-0.01458288445,-0.03048844383,-0.01457483465
2024-01-12,V34 id2_close_vs_pm_vwap_20 Top2,100400.2498,100456,404.2498359,2,25.88816412,29.862,99540,0,"{""601398.SH"": 10400.0, ""601988.SH"": 12400.0}",0.009369824055,-0.02140429113,0.009364575379
2024-01-15,V34 id2_close_vs_pm_vwap_20 Top2,101168.2498,101224,404.2498359,2,25.88816412,29.862,99540,0,"{""601398.SH"": 10400.0, ""601988.SH"": 12400.0}",0.007649383356,-0.0139186374,0.00764513817
2024-01-16,V34 id2_close_vs_pm_vwap_20 Top2,101728.2498,101784,404.2498359,2,25.88816412,29.862,99540,0,"{""601398.SH"": 10400.0, ""601988.SH"": 12400.0}",0.005535333476,-0.008460348223,0.005532284834
2024-01-17,V34 id2_close_vs_pm_vwap_20 Top2,100712.2498,100768,404.2498359,2,25.88816412,29.862,99540,0,"{""601398.SH"": 10400.0, ""601988.SH"": 12400.0}",-0.009987392899,-0.0183632443,-0.009981922503
2024-01-18,V34 id2_close_vs_pm_vwap_20 Top2,100568.2498,100624,404.2498359,2,25.88816412,29.862,99540,0,"{""601398.SH"": 10400.0, ""601988.SH"": 12400.0}",-0.001429816137,-0.01976680437,-0.001429025087
2024-01-19,V34 id2_close_vs_pm_vwap_20 Top2,100488.2498,100544,404.2498359,2,25.88816412,29.862,99540,0,"{""601398.SH"": 10400.0, ""601988.SH"": 12400.0}",-0.000795479688,-0.02054655997,-0.0007950389569
2024-01-22,V34 id2_close_vs_pm_vwap_20 Top2,100860.2498,100916,404.2498359,2,25.88816412,29.862,99540,0,"{""601398.SH"": 10400.0, ""601988.SH"": 12400.0}",0.003701925356,-0.01692069645,0.003699872693
2024-01-23,V34 id2_close_vs_pm_vwap_20 Top2,100612.2498,100668,404.2498359,2,25.88816412,29.862,99540,0,"{""601398.SH"": 10400.0, ""601988.SH"": 12400.0}",-0.002458847766,-0.0193379388,-0.002457489397
2024-01-24,V34 id2_close_vs_pm_vwap_20 Top2,102932.2498,102988,404.2498359,2,25.88816412,29.862,99540,0,"{""601398.SH"": 10400.0, ""601988.SH"": 12400.0}",0.0230588224,0,0.02304605237
2024-01-25,V34 id2_close_vs_pm_vwap_20 Top2,103968.2498,104024,404.2498359,2,25.88816412,29.862,99540,0,"{""601398.SH"": 10400.0, ""601988.SH"": 12400.0}",0.01006487278,0,0.0100594244
2024-01-26,V34 id2_close_vs_pm_vwap_20 Top2,106412.2498,106468,404.2498359,2,25.88816412,29.862,99540,0,"{""601398.SH"": 10400.0, ""601988.SH"": 12400.0}",0.02350717651,0,0.02349457817
2024-01-29,V34 id2_close_vs_pm_vwap_20 Top2,107388.2498,107444,404.2498359,2,25.88816412,29.862,99540,0,"{""601398.SH"": 10400.0, ""601988.SH"": 12400.0}",0.009171876372,0,0.009167073675
2024-01-30,V34 id2_close_vs_pm_vwap_20 Top2,106704.2498,106760,404.2498359,2,25.88816412,29.862,99540,0,"{""601398.SH"": 10400.0, ""601988.SH"": 12400.0}",-0.006369411933,-0.006369411933,-0.006366106995
2024-01-31,V34 id2_close_vs_pm_vwap_20 Top2,107740.2498,107796,404.2498359,2,25.88816412,29.862,99540,0,"{""601398.SH"": 10400.0, ""601988.SH"": 12400.0}",0.009709079082,0,0.009704008992
2024-02-01,V34 id2_close_vs_pm_vwap_20 Top2,106808.2498,106864,404.2498359,2,25.88816412,29.862,99540,0,"{""601398.SH"": 10400.0, ""601988.SH"": 12400.0}",-0.008650434739,-0.008650434739,-0.008645960889
2024-02-02,V34 id2_close_vs_pm_vwap_20 Top2,107887.6737,108030,343.6736963,2,80.39850369,61.9278,206426,0,"{""601939.SH"": 7800.0, ""601988.SH"": 12400.0}",0.01010618433,0,0.01091106453
2024-02-05,V34 id2_close_vs_pm_vwap_20 Top2,110233.6737,110376,343.6736963,2,80.39850369,61.9278,206426,0,"{""601939.SH"": 7800.0, ""601988.SH"": 12400.0}",0.02174483812,0,0.02171618995
2024-02-06,V34 id2_close_vs_pm_vwap_20 Top2,110637.6737,110780,343.6736963,2,80.39850369,61.9278,206426,0,"{""601939.SH"": 7800.0, ""601988.SH"": 12400.0}",0.003664941814,0,0.003660215989
2024-02-07,V34 id2_close_vs_pm_vwap_20 Top2,107947.6737,108090,343.6736963,2,80.39850369,61.9278,206426,0,"{""601939.SH"": 7800.0, ""601988.SH"": 12400.0}",-0.02431359871,-0.02431359871,-0.02428236144
2024-02-08,V34 id2_close_vs_pm_vwap_20 Top2,106827.6737,106970,343.6736963,2,80.39850369,61.9278,206426,0,"{""601939.SH"": 7800.0, ""601988.SH"": 12400.0}",-0.01037539728,-0.03443673274,-0.01036173559
2024-02-19,V34 id2_close_vs_pm_vwap_20 Top2,111179.6737,111322,343.6736963,2,80.39850369,61.9278,206426,0,"{""601939.SH"": 7800.0, ""601988.SH"": 12400.0}",0.04073850763,0,0.04068430401
2024-02-20,V34 id2_close_vs_pm_vwap_20 Top2,111973.6737,112116,343.6736963,2,80.39850369,61.9278,206426,0,"{""601939.SH"": 7800.0, ""601988.SH"": 12400.0}",0.007141593185,0,0.007132462586
2024-02-21,V34 id2_close_vs_pm_vwap_20 Top2,112735.6737,112878,343.6736963,2,80.39850369,61.9278,206426,0,"{""601939.SH"": 7800.0, ""601988.SH"": 12400.0}",0.006805171027,0,0.006796532163
2024-02-22,V34 id2_close_vs_pm_vwap_20 Top2,112657.6737,112800,343.6736963,2,80.39850369,61.9278,206426,0,"{""601939.SH"": 7800.0, ""601988.SH"": 12400.0}",-0.0006918839214,-0.0006918839214,-0.0006910115346
2024-02-23,V34 id2_close_vs_pm_vwap_20 Top2,113465.6737,113608,343.6736963,2,80.39850369,61.9278,206426,0,"{""601939.SH"": 7800.0, ""601988.SH"": 12400.0}",0.00717217011,0,0.007163120567
2024-02-26,V34 id2_close_vs_pm_vwap_20 Top2,109935.6737,110078,343.6736963,2,80.39850369,61.9278,206426,0,"{""601939.SH"": 7800.0, ""601988.SH"": 12400.0}",-0.03111073054,-0.03111073054,-0.03107175551
2024-02-27,V34 id2_close_vs_pm_vwap_20 Top2,110169.6737,110312,343.6736963,2,80.39850369,61.9278,206426,0,"{""601939.SH"": 7800.0, ""601988.SH"": 12400.0}",0.002128517451,-0.02904843282,0.002125765366
2024-02-28,V34 id2_close_vs_pm_vwap_20 Top2,109857.6737,110000,343.6736963,2,80.39850369,61.9278,206426,0,"{""601939.SH"": 7800.0, ""601988.SH"": 12400.0}",-0.002831995317,-0.03179816311,-0.002828341432
2024-02-29,V34 id2_close_vs_pm_vwap_20 Top2,110371.6737,110514,343.6736963,2,80.39850369,61.9278,206426,0,"{""601939.SH"": 7800.0, ""601988.SH"": 12400.0}",0.004678781033,-0.02726815872,0.004672727273
2024-03-01,V34 id2_close_vs_pm_vwap_20 Top2,110729.6737,110872,343.6736963,2,80.39850369,61.9278,206426,0,"{""601939.SH"": 7800.0, ""601988.SH"": 12400.0}",0.003243585859,-0.02411301948,0.003239408582
2024-03-04,V34 id2_close_vs_pm_vwap_20 Top2,110935.0108,111166,315.0107944,2,136.2258056,94.7634,315878,0,"{""601288.SH"": 12900.0, ""601988.SH"": 12400.0}",0.00185439992,-0.02230333474,0.002651706472
2024-03-05,V34 id2_close_vs_pm_vwap_20 Top2,113341.0108,113572,315.0107944,2,136.2258056,94.7634,315878,0,"{""601288.SH"": 12900.0, ""601988.SH"": 12400.0}",0.02168837397,-0.001098683839,0.02164330821
2024-03-06,V34 id2_close_vs_pm_vwap_20 Top2,111689.0108,111920,315.0107944,2,136.2258056,94.7634,315878,0,"{""601288.SH"": 12900.0, ""601988.SH"": 12400.0}",-0.01457548321,-0.0156581532,-0.01454583876
2024-03-07,V34 id2_close_vs_pm_vwap_20 Top2,112195.0108,112426,315.0107944,2,136.2258056,94.7634,315878,0,"{""601288.SH"": 12900.0, ""601988.SH"": 12400.0}",0.004530436758,-0.01119865472,0.00452108649
2024-03-08,V34 id2_close_vs_pm_vwap_20 Top2,111818.0108,112049,315.0107944,2,136.2258056,94.7634,315878,0,"{""601288.SH"": 12900.0, ""601988.SH"": 12400.0}",-0.00336022072,-0.01452124549,-0.003353316848
2024-03-11,V34 id2_close_vs_pm_vwap_20 Top2,110935.0108,111166,315.0107944,2,136.2258056,94.7634,315878,0,"{""601288.SH"": 12900.0, ""601988.SH"": 12400.0}",-0.007896760045,-0.02230333474,-0.007880480861
2024-03-12,V34 id2_close_vs_pm_vwap_20 Top2,108157.0108,108388,315.0107944,2,136.2258056,94.7634,315878,0,"{""601288.SH"": 12900.0, ""601988.SH"": 12400.0}",-0.02504168864,-0.04678651022,-0.02498965511
2024-03-13,V34 id2_close_vs_pm_vwap_20 Top2,107527.0108,107758,315.0107944,2,136.2258056,94.7634,315878,0,"{""601288.SH"": 12900.0, ""601988.SH"": 12400.0}",-0.005824865123,-0.05233885023,-0.005812451563
2024-03-14,V34 id2_close_vs_pm_vwap_20 Top2,108167.0108,108398,315.0107944,2,136.2258056,94.7634,315878,0,"{""601288.SH"": 12900.0, ""601988.SH"": 12400.0}",0.005951992855,-0.04669837784,0.00593923421
2024-03-15,V34 id2_close_vs_pm_vwap_20 Top2,107919.0108,108150,315.0107944,2,136.2258056,94.7634,315878,0,"{""601288.SH"": 12900.0, ""601988.SH"": 12400.0}",-0.002292750795,-0.04888406089,-0.00228786509
2024-03-18,V34 id2_close_vs_pm_vwap_20 Top2,107532.0108,107763,315.0107944,2,136.2258056,94.7634,315878,0,"{""601288.SH"": 12900.0, ""601988.SH"": 12400.0}",-0.003586022492,-0.05229478404,-0.003578363384
2024-03-19,V34 id2_close_vs_pm_vwap_20 Top2,106272.0108,106503,315.0107944,2,136.2258056,94.7634,315878,0,"{""601288.SH"": 12900.0, ""601988.SH"": 12400.0}",-0.01171744107,-0.06339946406,-0.01169232482
2024-03-20,V34 id2_close_vs_pm_vwap_20 Top2,107532.0108,107763,315.0107944,2,136.2258056,94.7634,315878,0,"{""601288.SH"": 12900.0, ""601988.SH"": 12400.0}",0.01185636736,-0.05229478404,0.01183065266
2024-03-21,V34 id2_close_vs_pm_vwap_20 Top2,107909.0108,108140,315.0107944,2,136.2258056,94.7634,315878,0,"{""601288.SH"": 12900.0, ""601988.SH"": 12400.0}",0.003505932766,-0.04897219327,0.003498417824
2024-03-22,V34 id2_close_vs_pm_vwap_20 Top2,108673.0108,108904,315.0107944,2,136.2258056,94.7634,315878,0,"{""601288.SH"": 12900.0, ""601988.SH"": 12400.0}",0.007080038955,-0.04223887935,0.00706491585
2024-03-25,V34 id2_close_vs_pm_vwap_20 Top2,109184.0108,109415,315.0107944,2,136.2258056,94.7634,315878,0,"{""601288.SH"": 12900.0, ""601988.SH"": 12400.0}",0.004702179467,-0.03773531468,0.00469220598
2024-03-26,V34 id2_close_vs_pm_vwap_20 Top2,109938.0108,110169,315.0107944,2,136.2258056,94.7634,315878,0,"{""601288.SH"": 12900.0, ""601988.SH"": 12400.0}",0.006905773057,-0.03109013314,0.006891194078
2024-03-27,V34 id2_close_vs_pm_vwap_20 Top2,111203.0108,111434,315.0107944,2,136.2258056,94.7634,315878,0,"{""601288.SH"": 12900.0, ""601988.SH"": 12400.0}",0.01150648434,-0.01994138693,0.01148235892
2024-03-28,V34 id2_close_vs_pm_vwap_20 Top2,108420.0108,108651,315.0107944,2,136.2258056,94.7634,315878,0,"{""601288.SH"": 12900.0, ""601988.SH"": 12400.0}",-0.02502630082,-0.0444686286,-0.02497442432
2024-03-29,V34 id2_close_vs_pm_vwap_20 Top2,109442.0108,109673,315.0107944,2,136.2258056,94.7634,315878,0,"{""601288.SH"": 12900.0, ""601988.SH"": 12400.0}",0.009426304171,-0.03546149924,0.009406264093
2024-04-01,V34 id2_close_vs_pm_vwap_20 Top2,110186.0108,110417,315.0107944,2,136.2258056,94.7634,315878,0,"{""601288.SH"": 12900.0, ""601988.SH"": 12400.0}",0.006798120709,-0.02890445009,0.006783802759
2024-04-02,V34 id2_close_vs_pm_vwap_20 Top2,111198.0108,111429,315.0107944,2,136.2258056,94.7634,315878,0,"{""601288.SH"": 12900.0, ""601988.SH"": 12400.0}",0.009184468997,-0.01998545312,0.00916525535
2024-04-03,V34 id2_close_vs_pm_vwap_20 Top2,111208.0108,111439,315.0107944,2,136.2258056,94.7634,315878,0,"{""601288.SH"": 12900.0, ""601988.SH"": 12400.0}",8.992966626e-05,-0.01989732073,8.974324458e-05
2024-04-08,V34 id2_close_vs_pm_vwap_20 Top2,112473.0108,112704,315.0107944,2,136.2258056,94.7634,315878,0,"{""601288.SH"": 12900.0, ""601988.SH"": 12400.0}",0.01137507983,-0.008748574521,0.01135150172
2024-04-09,V34 id2_close_vs_pm_vwap_20 Top2,111203.0108,111434,315.0107944,2,136.2258056,94.7634,315878,0,"{""601288.SH"": 12900.0, ""601988.SH"": 12400.0}",-0.01129159779,-0.01994138693,-0.01126845542
2024-04-10,V34 id2_close_vs_pm_vwap_20 Top2,111456.0108,111687,315.0107944,2,136.2258056,94.7634,315878,0,"{""601288.SH"": 12900.0, ""601988.SH"": 12400.0}",0.002275118256,-0.01771163768,0.002270402211
2024-04-11,V34 id2_close_vs_pm_vwap_20 Top2,110950.0108,111181,315.0107944,2,136.2258056,94.7634,315878,0,"{""601288.SH"": 12900.0, ""601988.SH"": 12400.0}",-0.004539907685,-0.02217113617,-0.004530518324
2024-04-12,V34 id2_close_vs_pm_vwap_20 Top2,111203.0108,111434,315.0107944,2,136.2258056,94.7634,315878,0,"{""601288.SH"": 12900.0, ""601988.SH"": 12400.0}",0.002280306222,-0.01994138693,0.002275568667
2024-04-15,V34 id2_close_vs_pm_vwap_20 Top2,113604.0108,113835,315.0107944,2,136.2258056,94.7634,315878,0,"{""601288.SH"": 12900.0, ""601988.SH"": 12400.0}",0.02159114203,0,0.0215463862
2024-04-16,V34 id2_close_vs_pm_vwap_20 Top2,114998.0108,115229,315.0107944,2,136.2258056,94.7634,315878,0,"{""601288.SH"": 12900.0, ""601988.SH"": 12400.0}",0.01227069353,0,0.01224579435
2024-04-17,V34 id2_close_vs_pm_vwap_20 Top2,115633.0108,115864,315.0107944,2,136.2258056,94.7634,315878,0,"{""601288.SH"": 12900.0, ""601988.SH"": 12400.0}",0.005521834644,0,0.005510765519
2024-04-18,V34 id2_close_vs_pm_vwap_20 Top2,116392.0108,116623,315.0107944,2,136.2258056,94.7634,315878,0,"{""601288.SH"": 12900.0, ""601988.SH"": 12400.0}",0.006563869563,0,0.006550783677
2024-04-19,V34 id2_close_vs_pm_vwap_20 Top2,117409.0108,117640,315.0107944,2,136.2258056,94.7634,315878,0,"{""601288.SH"": 12900.0, ""601988.SH"": 12400.0}",0.008737713122,0,0.008720406781
2024-04-22,V34 id2_close_vs_pm_vwap_20 Top2,116149.0108,116380,315.0107944,2,136.2258056,94.7634,315878,0,"{""601288.SH"": 12900.0, ""601988.SH"": 12400.0}",-0.01073171464,-0.01073171464,-0.01071064264
2024-04-23,V34 id2_close_vs_pm_vwap_20 Top2,116149.0108,116380,315.0107944,2,136.2258056,94.7634,315878,0,"{""601288.SH"": 12900.0, ""601988.SH"": 12400.0}",0,-0.01073171464,0
2024-04-24,V34 id2_close_vs_pm_vwap_20 Top2,115648.0108,115879,315.0107944,2,136.2258056,94.7634,315878,0,"{""601288.SH"": 12900.0, ""601988.SH"": 12400.0}",-0.004313424596,-0.01499884879,-0.004304863379
2024-04-25,V34 id2_close_vs_pm_vwap_20 Top2,116670.0108,116901,315.0107944,2,136.2258056,94.7634,315878,0,"{""601288.SH"": 12900.0, ""601988.SH"": 12400.0}",0.008837160216,-0.006294235809,0.008819544525
2024-04-26,V34 id2_close_vs_pm_vwap_20 Top2,114264.0108,114495,315.0107944,2,136.2258056,94.7634,315878,0,"{""601288.SH"": 12900.0, ""601988.SH"": 12400.0}",-0.02062226603,-0.02678670043,-0.02058151769
2024-04-29,V34 id2_close_vs_pm_vwap_20 Top2,113872.0108,114103,315.0107944,2,136.2258056,94.7634,315878,0,"{""601288.SH"": 12900.0, ""601988.SH"": 12400.0}",-0.0034306515,-0.0301254561,-0.003423730294
2024-04-30,V34 id2_close_vs_pm_vwap_20 Top2,113991.0108,114222,315.0107944,2,136.2258056,94.7634,315878,0,"{""601288.SH"": 12900.0, ""601988.SH"": 12400.0}",0.00104503292,-0.02911190527,0.001042917364
2024-05-06,V34 id2_close_vs_pm_vwap_20 Top2,111982.0108,112213,315.0107944,2,136.2258056,94.7634,315878,0,"{""601288.SH"": 12900.0, ""601988.SH"": 12400.0}",-0.01762419673,-0.04622302806,-0.01758855562
2024-05-07,V34 id2_close_vs_pm_vwap_20 Top2,112074.3992,112396,362.3991631,2,193.2872369,128.3136,427712,1.455191523e-11,"{""601398.SH"": 10400.0, ""601988.SH"": 12400.0}",0.0008250286632,-0.04543613472,0.001630827088
2024-05-08,V34 id2_close_vs_pm_vwap_20 Top2,112550.3992,112872,362.3991631,2,193.2872369,128.3136,427712,0,"{""601398.SH"": 10400.0, ""601988.SH"": 12400.0}",0.004247178692,-0.04138193141,0.004235026158
2024-05-09,V34 id2_close_vs_pm_vwap_20 Top2,111742.3992,112064,362.3991631,2,193.2872369,128.3136,427712,0,"{""601398.SH"": 10400.0, ""601988.SH"": 12400.0}",-0.007179006081,-0.04826385635,-0.007158551279
2024-05-10,V34 id2_close_vs_pm_vwap_20 Top2,111950.3992,112272,362.3991631,2,193.2872369,128.3136,427712,0,"{""601398.SH"": 10400.0, ""601988.SH"": 12400.0}",0.001861424147,-0.04649227171,0.001856082239
2024-05-13,V34 id2_close_vs_pm_vwap_20 Top2,111930.3992,112252,362.3991631,2,193.2872369,128.3136,427712,0,"{""601398.SH"": 10400.0, ""601988.SH"": 12400.0}",-0.0001786505466,-0.04666261639,-0.0001781388058
2024-05-14,V34 id2_close_vs_pm_vwap_20 Top2,111018.3992,111340,362.3991631,2,193.2872369,128.3136,427712,0,"{""601398.SH"": 10400.0, ""601988.SH"": 12400.0}",-0.008147920554,-0.05443033365,-0.008124576845
2024-05-15,V34 id2_close_vs_pm_vwap_20 Top2,111370.3992,111692,362.3991631,2,193.2872369,128.3136,427712,0,"{""601398.SH"": 10400.0, ""601988.SH"": 12400.0}",0.003170645611,-0.05143226734,0.003161487336
2024-05-16,V34 id2_close_vs_pm_vwap_20 Top2,112054.3992,112376,362.3991631,2,193.2872369,128.3136,427712,0,"{""601398.SH"": 10400.0, ""601988.SH"": 12400.0}",0.00614166785,-0.04560647939,0.006123983813
2024-05-17,V34 id2_close_vs_pm_vwap_20 Top2,112926.3992,113248,362.3991631,2,193.2872369,128.3136,427712,0,"{""601398.SH"": 10400.0, ""601988.SH"": 12400.0}",0.007781934547,-0.03817945148,0.007759663985
2024-05-20,V34 id2_close_vs_pm_vwap_20 Top2,112574.3992,112896,362.3991631,2,193.2872369,128.3136,427712,0,"{""601398.SH"": 10400.0, ""601988.SH"": 12400.0}",-0.003117074507,-0.0411775178,-0.003108222662
2024-05-21,V34 id2_close_vs_pm_vwap_20 Top2,113486.3992,113808,362.3991631,2,193.2872369,128.3136,427712,0,"{""601398.SH"": 10400.0, ""601988.SH"": 12400.0}",0.008101309061,-0.03340980053,0.008078231293
2024-05-22,V34 id2_close_vs_pm_vwap_20 Top2,113838.3992,114160,362.3991631,2,193.2872369,128.3136,427712,0,"{""601398.SH"": 10400.0, ""601988.SH"": 12400.0}",0.003101693265,-0.03041173422,0.003092928441
2024-05-23,V34 id2_close_vs_pm_vwap_20 Top2,113506.3992,113828,362.3991631,2,193.2872369,128.3136,427712,0,"{""601398.SH"": 10400.0, ""601988.SH"": 12400.0}",-0.002916414869,-0.03323945586,-0.002908199019
2024-05-24,V34 id2_close_vs_pm_vwap_20 Top2,112490.3992,112812,362.3991631,2,193.2872369,128.3136,427712,1.455191523e-11,"{""601398.SH"": 10400.0, ""601988.SH"": 12400.0}",-0.008951037188,-0.04189296544,-0.008925747619
2024-05-27,V34 id2_close_vs_pm_vwap_20 Top2,113278.3992,113600,362.3991631,2,193.2872369,128.3136,427712,0,"{""601398.SH"": 10400.0, ""601988.SH"": 12400.0}",0.00700504226,-0.03518138517,0.00698507251
2024-05-28,V34 id2_close_vs_pm_vwap_20 Top2,113010.3992,113332,362.3991631,2,193.2872369,128.3136,427712,0,"{""601398.SH"": 10400.0, ""601988.SH"": 12400.0}",-0.002365852643,-0.03746400384,-0.00235915493
2024-05-29,V34 id2_close_vs_pm_vwap_20 Top2,112430.3992,112752,362.3991631,2,193.2872369,128.3136,427712,0,"{""601398.SH"": 10400.0, ""601988.SH"": 12400.0}",-0.00513227105,-0.04240399947,-0.005117707267
2024-05-30,V34 id2_close_vs_pm_vwap_20 Top2,111622.3992,111944,362.3991631,2,193.2872369,128.3136,427712,0,"{""601398.SH"": 10400.0, ""601988.SH"": 12400.0}",-0.007186668428,-0.04928592441,-0.007166170001
2024-05-31,V34 id2_close_vs_pm_vwap_20 Top2,111890.3992,112212,362.3991631,2,193.2872369,128.3136,427712,0,"{""601398.SH"": 10400.0, ""601988.SH"": 12400.0}",0.002400951798,-0.04700330574,0.00239405417
2024-06-03,V34 id2_close_vs_pm_vwap_20 Top2,111994.3992,112316,362.3991631,2,193.2872369,128.3136,427712,1.455191523e-11,"{""601398.SH"": 10400.0, ""601988.SH"": 12400.0}",0.0009294809991,-0.04611751342,0.0009268170962
2024-06-04,V34 id2_close_vs_pm_vwap_20 Top2,111898.0449,112316,388.0449256,2,255.7324744,162.2226,540742,0,"{""601288.SH"": 12600.0, ""601988.SH"": 12600.0}",-0.0008603487157,-0.046938185,-1.110223025e-16
2024-06-05,V34 id2_close_vs_pm_vwap_20 Top2,112402.0449,112820,388.0449256,2,255.7324744,162.2226,540742,0,"{""601288.SH"": 12600.0, ""601988.SH"": 12600.0}",0.004504100142,-0.04264549914,0.004487339293
2024-06-06,V34 id2_close_vs_pm_vwap_20 Top2,112276.0449,112694,388.0449256,2,255.7324744,162.2226,540742,0,"{""601288.SH"": 12600.0, ""601988.SH"": 12600.0}",-0.001120976047,-0.0437186706,-0.001116823258
2024-06-07,V34 id2_close_vs_pm_vwap_20 Top2,114081.7639,114499.719,388.0449256,2,255.7324744,162.2226,540742,0,"{""601288.SH"": 13290.0749, ""601988.SH"": 12600.0}",0.01608285207,-0.02833893945,0.01602320462
2024-06-11,V34 id2_close_vs_pm_vwap_20 Top2,112003.6572,112421.6123,388.0449256,2,255.7324744,162.2226,540742,0,"{""601288.SH"": 13290.0749, ""601988.SH"": 12600.0}",-0.01821594151,-0.0460386605,-0.01814944838
2024-06-12,V34 id2_close_vs_pm_vwap_20 Top2,111240.7565,111658.7115,388.0449256,2,255.7324744,162.2226,540742,0,"{""601288.SH"": 13290.0749, ""601988.SH"": 12600.0}",-0.006811391413,-0.05253646457,-0.006786068385
2024-06-13,V34 id2_close_vs_pm_vwap_20 Top2,112542.161,112960.116,388.0449256,2,255.7324744,162.2226,540742,0,"{""601288.SH"": 13290.0749, ""601988.SH"": 12600.0}",0.01169898996,-0.04145209818,0.01165519891
2024-06-14,V34 id2_close_vs_pm_vwap_20 Top2,113318.8632,113736.8183,388.0449256,2,255.7324744,162.2226,540742,0,"{""601288.SH"": 13290.0749, ""601988.SH"": 12600.0}",0.006901433561,-0.03483674352,0.006875898095
2024-06-17,V34 id2_close_vs_pm_vwap_20 Top2,111625.6572,112043.6123,388.0449256,2,255.7324744,162.2226,540742,0,"{""601288.SH"": 13290.0749, ""601988.SH"": 12600.0}",-0.01494196062,-0.04925817489,-0.01488705255
2024-06-18,V34 id2_close_vs_pm_vwap_20 Top2,111884.558,112302.513,388.0449256,2,255.7324744,162.2226,540742,0,"{""601288.SH"": 13290.0749, ""601988.SH"": 12600.0}",0.002319365954,-0.04705305667,0.002310714048
2024-06-19,V34 id2_close_vs_pm_vwap_20 Top2,112920.161,113338.116,388.0449256,2,255.7324744,162.2226,540742,0,"{""601288.SH"": 13290.0749, ""601988.SH"": 12600.0}",0.009255995773,-0.03823258379,0.009221547831
2024-06-20,V34 id2_close_vs_pm_vwap_20 Top2,113311.9624,113729.9175,388.0449256,2,255.7324744,162.2226,540742,0,"{""601288.SH"": 13290.0749, ""601988.SH"": 12600.0}",0.003469721389,-0.03489551881,0.003456926156
2024-06-21,V34 id2_close_vs_pm_vwap_20 Top2,112395.4587,112813.4138,388.0449256,2,255.7324744,162.2226,540742,0,"{""601288.SH"": 13290.0749, ""601988.SH"": 12600.0}",-0.008088322932,-0.04270159552,-0.008058598514
2024-06-24,V34 id2_close_vs_pm_vwap_20 Top2,113444.8632,113862.8183,388.0449256,2,255.7324744,162.2226,540742,0,"{""601288.SH"": 13290.0749, ""601988.SH"": 12600.0}",0.009336716139,-0.03376357206,0.009302125147
2024-06-25,V34 id2_close_vs_pm_vwap_20 Top2,113961.3346,114379.2897,388.0449256,2,255.7324744,162.2226,540742,0,"{""601288.SH"": 13291.9621, ""601988.SH"": 12599.4538}",0.004552620671,-0.02936466412,0.004535909414
2024-06-26,V34 id2_close_vs_pm_vwap_20 Top2,114607.6425,115025.5976,388.0449256,2,255.7324744,162.2226,540742,0,"{""601288.SH"": 13291.9621, ""601988.SH"": 12600.0}",0.005671291091,-0.02385990859,0.005650567541
2024-06-27,V34 id2_close_vs_pm_vwap_20 Top2,115895.321,116313.2761,388.0449256,2,255.7324744,162.2226,540742,0,"{""601288.SH"": 13291.9621, ""601988.SH"": 12600.0}",0.01123553765,-0.01289244984,0.01119471239
2024-06-28,V34 id2_close_vs_pm_vwap_20 Top2,116552.9995,116970.9546,388.0449256,2,255.7324744,162.2226,540742,0,"{""601288.SH"": 13291.9621, ""601988.SH"": 12600.0}",0.005674763024,-0.007290848419,0.005654371577
2024-07-01,V34 id2_close_vs_pm_vwap_20 Top2,118246.3565,118664.3115,388.0449256,2,255.7324744,162.2226,540742,0,"{""601288.SH"": 13291.9621, ""601988.SH"": 12600.0}",0.01452864338,0,0.01447673032
2024-07-02,V34 id2_close_vs_pm_vwap_20 Top2,120443.7134,120861.6685,388.0449256,2,255.7324744,162.2226,540742,0,"{""601288.SH"": 13291.9621, ""601988.SH"": 12600.0}",0.01858287249,0,0.01851742058
2024-07-03,V34 id2_close_vs_pm_vwap_20 Top2,119414.9546,119832.9096,388.0449256,2,255.7324744,162.2226,540742,0,"{""601288.SH"": 13291.9621, ""601988.SH"": 12600.0}",-0.008541407704,-0.008541407704,-0.008511870426
2024-07-04,V34 id2_close_vs_pm_vwap_20 Top2,120324.633,120742.5881,388.0449256,2,255.7324744,162.2226,540742,0,"{""601288.SH"": 13291.9621, ""601988.SH"": 12600.0}",0.007617793648,-0.0009886807376,0.007591224189
2024-07-05,V34 id2_close_vs_pm_vwap_20 Top2,118008.1957,118426.1508,388.0449256,2,255.7324744,162.2226,540742,0,"{""601288.SH"": 13291.9621, ""601988.SH"": 12600.0}",-0.01925156375,-0.02022121084,-0.01918492373
2024-07-08,V34 id2_close_vs_pm_vwap_20 Top2,119295.8742,119713.8293,388.0449256,2,255.7324744,162.2226,540742,0,"{""601288.SH"": 13291.9621, ""601988.SH"": 12600.0}",0.01091177163,-0.009530088441,0.0108732613
2024-07-09,V34 id2_close_vs_pm_vwap_20 Top2,120324.633,120742.5881,388.0449256,2,255.7324744,162.2226,540742,0,"{""601288.SH"": 13291.9621, ""601988.SH"": 12600.0}",0.008623591292,-0.0009886807376,0.008593483878
2024-07-10,V34 id2_close_vs_pm_vwap_20 Top2,120716.4723,121134.4274,388.0449256,2,255.7324744,162.2226,540742,0,"{""601288.SH"": 13291.9621, ""601988.SH"": 12600.0}",0.003256517234,0,0.003245244675
2024-07-11,V34 id2_close_vs_pm_vwap_20 Top2,119554.7938,119972.7489,388.0449256,2,255.7324744,162.2226,540742,0,"{""601288.SH"": 13291.9621, ""601988.SH"": 12600.0}",-0.009623197732,-0.009623197732,-0.009589994419
2024-07-12,V34 id2_close_vs_pm_vwap_20 Top2,121633.0704,122051.0255,388.0449256,2,255.7324744,162.2226,540742,0,"{""601288.SH"": 13291.9621, ""601988.SH"": 12600.0}",0.0173834651,0,0.01732290545
2024-07-15,V34 id2_close_vs_pm_vwap_20 Top2,124236.1058,124654.0609,388.0449256,2,255.7324744,162.2226,540742,0,"{""601288.SH"": 13291.9621, ""601988.SH"": 12600.0}",0.02140072135,0,0.0213274361
2024-07-16,V34 id2_close_vs_pm_vwap_20 Top2,124481.1862,124899.1413,388.0449256,2,255.7324744,162.2226,540742,0,"{""601288.SH"": 13291.9621, ""601988.SH"": 12600.0}",0.001972698498,0,0.001966084198
2024-07-17,V34 id2_close_vs_pm_vwap_20 Top2,124878.4382,125296.3933,388.0449256,2,255.7324744,162.2226,540742,0,"{""601288.SH"": 13291.9621, ""601988.SH"": 13251.5735}",0.003191261365,0,0.003180582318
2024-07-18,V34 id2_close_vs_pm_vwap_20 Top2,124878.4382,125296.3933,388.0449256,2,255.7324744,162.2226,540742,0,"{""601288.SH"": 13291.9621, ""601988.SH"": 13251.5735}",0,0,0
2024-07-19,V34 id2_close_vs_pm_vwap_20 Top2,124878.0343,125295.9894,388.0449256,2,255.7324744,162.2226,540742,0,"{""601288.SH"": 13291.9621, ""601988.SH"": 13251.5735}",-3.234232062e-06,-3.234232062e-06,-3.223443534e-06
2024-07-22,V34 id2_close_vs_pm_vwap_20 Top2,123682.5655,124100.5206,388.0449256,2,255.7324744,162.2226,540742,0,"{""601288.SH"": 13291.9621, ""601988.SH"": 13251.5735}",-0.009573091215,-0.009576294486,-0.009541157854
2024-07-23,V34 id2_close_vs_pm_vwap_20 Top2,126469.4348,126887.3899,388.0449256,2,255.7324744,162.2226,540742,0,"{""601288.SH"": 13291.9621, ""601988.SH"": 13251.5735}",0.02253243435,0,0.02245654792
2024-07-24,V34 id2_close_vs_pm_vwap_20 Top2,126868.1937,127286.1487,388.0449256,2,255.7324744,162.2226,540742,0,"{""601288.SH"": 13291.9621, ""601988.SH"": 13251.5735}",0.003153005802,0,0.003142620099
2024-07-25,V34 id2_close_vs_pm_vwap_20 Top2,125806.0484,126224.0034,388.0449256,2,255.7324744,162.2226,540742,0,"{""601288.SH"": 13291.9621, ""601988.SH"": 13251.5735}",-0.008372037753,-0.008372037753,-0.008344547443
2024-07-26,V34 id2_close_vs_pm_vwap_20 Top2,123151.6948,123569.6499,388.0449256,2,255.7324744,162.2226,540742,0,"{""601288.SH"": 13291.9621, ""601988.SH"": 13251.5735}",-0.02109877536,-0.02929417337,-0.02102891273
2024-07-29,V34 id2_close_vs_pm_vwap_20 Top2,125672.7249,126090.6799,388.0449256,2,255.7324744,162.2226,540742,0,"{""601288.SH"": 13291.9621, ""601988.SH"": 13251.5735}",0.02047093262,-0.009422919795,0.02040169288
2024-07-30,V34 id2_close_vs_pm_vwap_20 Top2,126070.2721,126488.2271,388.0449256,2,255.7324744,162.2226,540742,0,"{""601288.SH"": 13291.9621, ""601988.SH"": 13251.5735}",0.003163353103,-0.006289374714,0.003152867479
2024-07-31,V34 id2_close_vs_pm_vwap_20 Top2,123150.4831,123568.4382,388.0449256,2,255.7324744,162.2226,540742,0,"{""601288.SH"": 13291.9621, ""601988.SH"": 13251.5735}",-0.02316001116,-0.02930372389,-0.02308348353
2024-08-01,V34 id2_close_vs_pm_vwap_20 Top2,124079.7088,124497.6639,388.0449256,2,255.7324744,162.2226,540742,0,"{""601288.SH"": 13291.9621, ""601988.SH"": 13251.5735}",0.007545448972,-0.02197938467,0.007519927417
2024-08-02,V34 id2_close_vs_pm_vwap_20 Top2,124478.0638,124896.0189,388.0449256,2,255.7324744,162.2226,540742,0,"{""601288.SH"": 13291.9621, ""601988.SH"": 13251.5735}",0.003210476391,-0.01883947257,0.003199698399
2024-08-05,V34 id2_close_vs_pm_vwap_20 Top2,123814.6774,124232.6324,388.0449256,2,255.7324744,162.2226,540742,0,"{""601288.SH"": 13291.9621, ""601988.SH"": 13251.5735}",-0.005329344183,-0.02406841472,-0.005311509936
2024-08-06,V34 id2_close_vs_pm_vwap_20 Top2,122222.0652,122640.0203,388.0449256,2,255.7324744,162.2226,540742,0,"{""601288.SH"": 13291.9621, ""601988.SH"": 13251.5735}",-0.01286287026,-0.03662169609,-0.01281959579
2024-08-07,V34 id2_close_vs_pm_vwap_20 Top2,122088.7417,122506.6968,388.0449256,2,255.7324744,162.2226,540742,0,"{""601288.SH"": 13291.9621, ""601988.SH"": 13251.5735}",-0.00109083009,-0.03767257813,-0.00108711256
2024-08-08,V34 id2_close_vs_pm_vwap_20 Top2,122354.581,122772.536,388.0449256,2,255.7324744,162.2226,540742,0,"{""601288.SH"": 13291.9621, ""601988.SH"": 13251.5735}",0.002177426333,-0.03557718107,0.002169997625
2024-08-09,V34 id2_close_vs_pm_vwap_20 Top2,123018.7752,123436.7303,388.0449256,2,255.7324744,162.2226,540742,0,"{""601288.SH"": 13291.9621, ""601988.SH"": 13251.5735}",0.005428437675,-0.0303418719,0.005409957621
2024-08-12,V34 id2_close_vs_pm_vwap_20 Top2,123815.0812,124233.0363,388.0449256,2,255.7324744,162.2226,540742,0,"{""601288.SH"": 13291.9621, ""601988.SH"": 13251.5735}",0.006473044986,-0.02406523122,0.006451127344
2024-08-13,V34 id2_close_vs_pm_vwap_20 Top2,124610.9834,125028.9385,388.0449256,2,255.7324744,162.2226,540742,0,"{""601288.SH"": 13291.9621, ""601988.SH"": 13251.5735}",0.006428152144,-0.01779177404,0.006406526022
2024-08-14,V34 id2_close_vs_pm_vwap_20 Top2,124876.0149,125293.97,388.0449256,2,255.7324744,162.2226,540742,0,"{""601288.SH"": 13291.9621, ""601988.SH"": 13251.5735}",0.00212687086,-0.01570274399,0.002119761014
2024-08-15,V34 id2_close_vs_pm_vwap_20 Top2,125539.4013,125957.3564,388.0449256,2,255.7324744,162.2226,540742,0,"{""601288.SH"": 13291.9621, ""601988.SH"": 13251.5735}",0.005312360791,-0.01047380184,0.005294639841
2024-08-16,V34 id2_close_vs_pm_vwap_20 Top2,127397.8527,127815.8078,388.0449256,2,255.7324744,162.2226,540742,0,"{""601288.SH"": 13291.9621, ""601988.SH"": 13251.5735}",0.01480372977,0,0.01475460764
2024-08-19,V34 id2_close_vs_pm_vwap_20 Top2,130583.4809,131001.4359,388.0449256,2,255.7324744,162.2226,540742,0,"{""601288.SH"": 13291.9621, ""601988.SH"": 13251.5735}",0.02500535199,0,0.024923585
2024-08-20,V34 id2_close_vs_pm_vwap_20 Top2,131512.3027,131930.2577,388.0449256,2,255.7324744,162.2226,540742,0,"{""601288.SH"": 13291.9621, ""601988.SH"": 13251.5735}",0.007112858337,0,0.007090165035
2024-08-21,V34 id2_close_vs_pm_vwap_20 Top2,130715.1888,131133.1439,388.0449256,2,255.7324744,162.2226,540742,0,"{""601288.SH"": 13291.9621, ""601988.SH"": 13251.5735}",-0.006061135129,-0.006061135129,-0.006041933452
2024-08-22,V34 id2_close_vs_pm_vwap_20 Top2,132837.0561,133255.0112,388.0449256,2,255.7324744,162.2226,540742,0,"{""601288.SH"": 13291.9621, ""601988.SH"": 13251.5735}",0.01623275243,0,0.01618101447
2024-08-23,V34 id2_close_vs_pm_vwap_20 Top2,133102.4915,133520.4466,388.0449256,2,255.7324744,162.2226,540742,0,"{""601288.SH"": 13291.9621, ""601988.SH"": 13251.5735}",0.001998202633,0,0.001991935259
2024-08-26,V34 id2_close_vs_pm_vwap_20 Top2,133102.4915,133520.4466,388.0449256,2,255.7324744,162.2226,540742,0,"{""601288.SH"": 13291.9621, ""601988.SH"": 13251.5735}",0,0,0
2024-08-27,V34 id2_close_vs_pm_vwap_20 Top2,135092.6508,135510.6059,388.0449256,2,255.7324744,162.2226,540742,0,"{""601288.SH"": 13291.9621, ""601988.SH"": 13251.5735}",0.01495208177,0,0.01490527771
2024-08-28,V34 id2_close_vs_pm_vwap_20 Top2,133898.3937,134316.3487,388.0449256,2,255.7324744,162.2226,540742,0,"{""601288.SH"": 13291.9621, ""601988.SH"": 13251.5735}",-0.008840282196,-0.008840282196,-0.008813016133
2024-08-29,V34 id2_close_vs_pm_vwap_20 Top2,128058.412,128476.367,388.0449256,2,255.7324744,162.2226,540742,0,"{""601288.SH"": 13291.9621, ""601988.SH"": 13251.5735}",-0.04361502437,-0.05206973744,-0.04347930656
2024-08-30,V34 id2_close_vs_pm_vwap_20 Top2,123942.7504,124360.7054,388.0449256,2,255.7324744,162.2226,540742,0,"{""601288.SH"": 13291.9621, ""601988.SH"": 13251.5735}",-0.03213893991,-0.08253521119,-0.03203438658
2024-09-02,V34 id2_close_vs_pm_vwap_20 Top2,127660.057,128078.0121,388.0449256,2,255.7324744,162.2226,540742,0,"{""601288.SH"": 13291.9621, ""601988.SH"": 13251.5735}",0.02999212637,-0.0550184913,0.02989132796
2024-09-03,V34 id2_close_vs_pm_vwap_20 Top2,124160.9642,124685.8722,547.4744915,2,324.8558201,200.0521147,666840.3824,0,"{""601939.SH"": 8400.0, ""601988.SH"": 13051.5735}",-0.02740945641,-0.08091992077,-0.02648495126
2024-09-04,V34 id2_close_vs_pm_vwap_20 Top2,123731.9327,124256.8407,547.4744915,2,324.8558201,200.0521147,666840.3824,1.455191523e-11,"{""601939.SH"": 8400.0, ""601988.SH"": 13051.5735}",-0.003455445696,-0.08409575208,-0.003440898813
2024-09-05,V34 id2_close_vs_pm_vwap_20 Top2,122500.3855,123025.2935,547.4744915,2,324.8558201,200.0521147,666840.3824,0,"{""601939.SH"": 8400.0, ""601988.SH"": 13051.5735}",-0.009953349768,-0.09321206741,-0.009911303051
2024-09-06,V34 id2_close_vs_pm_vwap_20 Top2,122462.9013,122987.8092,547.4744915,2,324.8558201,200.0521147,666840.3824,0,"{""601939.SH"": 8400.0, ""601988.SH"": 13051.5735}",-0.0003059930392,-0.0934895382,-0.0003046874689
2024-09-09,V34 id2_close_vs_pm_vwap_20 Top2,121436.8383,121961.7463,547.4744915,2,324.8558201,200.0521147,666840.3824,1.455191523e-11,"{""601939.SH"": 8400.0, ""601988.SH"": 13051.5735}",-0.008378561411,-0.1010847918,-0.008342801985
2024-09-10,V34 id2_close_vs_pm_vwap_20 Top2,124515.0272,125039.9351,547.4744915,2,324.8558201,200.0521147,666840.3824,0,"{""601939.SH"": 8400.0, ""601988.SH"": 13051.5735}",0.02534806455,-0.07829903106,0.02523896968
2024-09-11,V34 id2_close_vs_pm_vwap_20 Top2,120784.2597,121309.1676,547.4744915,2,324.8558201,200.0521147,666840.3824,1.455191523e-11,"{""601939.SH"": 8400.0, ""601988.SH"": 13051.5735}",-0.02996238748,-0.1059153926,-0.0298366077
2024-09-12,V34 id2_close_vs_pm_vwap_20 Top2,120532.2597,121057.1676,547.4744915,2,324.8558201,200.0521147,666840.3824,1.455191523e-11,"{""601939.SH"": 8400.0, ""601988.SH"": 13051.5735}",-0.00208636457,-0.1077807791,-0.002077336816
2024-09-13,V34 id2_close_vs_pm_vwap_20 Top2,120131.681,120656.5889,547.4744915,2,324.8558201,200.0521147,666840.3824,0,"{""601939.SH"": 8400.0, ""601988.SH"": 13051.5735}",-0.003323414617,-0.1107459935,-0.00330900418
2024-09-18,V34 id2_close_vs_pm_vwap_20 Top2,121969.2911,122494.1991,547.4744915,2,324.8558201,200.0521147,666840.3824,1.455191523e-11,"{""601939.SH"": 8400.0, ""601988.SH"": 13051.5735}",0.01529663223,-0.09714340198,0.01523008531
2024-09-19,V34 id2_close_vs_pm_vwap_20 Top2,121027.2282,121552.1361,547.4744915,2,324.8558201,200.0521147,666840.3824,0,"{""601939.SH"": 8400.0, ""601988.SH"": 13051.5735}",-0.007723771534,-0.1041168601,-0.007690673893
2024-09-20,V34 id2_close_vs_pm_vwap_20 Top2,121838.7754,122363.6833,547.4744915,2,324.8558201,200.0521147,666840.3824,0,"{""601939.SH"": 8400.0, ""601988.SH"": 13051.5735}",0.006705492774,-0.09810952215,0.006676535929
2024-09-23,V34 id2_close_vs_pm_vwap_20 Top2,123415.3541,123940.262,547.4744915,2,324.8558201,200.0521147,666840.3824,1.455191523e-11,"{""601939.SH"": 8400.0, ""601988.SH"": 13051.5735}",0.01293987623,-0.08643917099,0.01288436757
2024-09-24,V34 id2_close_vs_pm_vwap_20 Top2,129012.1845,129537.0924,547.4744915,2,324.8558201,200.0521147,666840.3824,0,"{""601939.SH"": 8400.0, ""601988.SH"": 13051.5735}",0.04534954723,-0.04500960103,0.04515748425
2024-09-25,V34 id2_close_vs_pm_vwap_20 Top2,129516.1845,130041.0924,547.4744915,2,324.8558201,200.0521147,666840.3824,0,"{""601939.SH"": 8400.0, ""601988.SH"": 13051.5735}",0.003906607751,-0.04127882813,0.003890777464
2024-09-26,V34 id2_close_vs_pm_vwap_20 Top2,132538.8261,133063.7341,547.4744915,2,324.8558201,200.0521147,666840.3824,0,"{""601939.SH"": 8400.0, ""601988.SH"": 13051.5735}",0.02333794517,-0.01890424599,0.02324374208
2024-09-27,V34 id2_close_vs_pm_vwap_20 Top2,128368.6373,128893.5452,547.4744915,2,324.8558201,200.0521147,666840.3824,0,"{""601939.SH"": 8400.0, ""601988.SH"": 13051.5735}",-0.03146390336,-0.04977334798,-0.031339785
2024-09-30,V34 id2_close_vs_pm_vwap_20 Top2,132417.3419,132942.2498,547.4744915,2,324.8558201,200.0521147,666840.3824,0,"{""601939.SH"": 8400.0, ""601988.SH"": 13051.5735}",0.03153967072,-0.01980351227,0.03141122811
2024-10-08,V34 id2_close_vs_pm_vwap_20 Top2,132697.7946,133222.7026,547.4744915,2,324.8558201,200.0521147,666840.3824,0,"{""601939.SH"": 8400.0, ""601988.SH"": 13051.5735}",0.002117946123,-0.01772750892,0.002109583645
2024-10-09,V34 id2_close_vs_pm_vwap_20 Top2,128934.0749,129571.4508,281.0065003,2,397.4112113,239.9647147,799882.3824,0,"{""601288.SH"": 13900.0, ""601988.SH"": 13251.5735}",-0.02836309192,-0.04558779387,-0.0274071287
2024-10-10,V34 id2_close_vs_pm_vwap_20 Top2,133669.3896,134306.7655,281.0065003,2,397.4112113,239.9647147,799882.3824,0,"{""601288.SH"": 13900.0, ""601988.SH"": 13251.5735}",0.0367266349,-0.01053544523,0.03654597262
2024-10-11,V34 id2_close_vs_pm_vwap_20 Top2,133940.9053,134578.2813,281.0065003,2,397.4112113,239.9647147,799882.3824,0,"{""601288.SH"": 13900.0, ""601988.SH"": 13251.5735}",0.002031248407,-0.008525596933,0.002021608768
2024-10-14,V34 id2_close_vs_pm_vwap_20 Top2,138311.0941,138948.4701,281.0065003,2,397.4112113,239.9647147,799882.3824,0,"{""601288.SH"": 13900.0, ""601988.SH"": 13251.5735}",0.03262773837,0,0.03247321021
2024-10-15,V34 id2_close_vs_pm_vwap_20 Top2,135191.9053,135829.2813,281.0065003,2,397.4112113,239.9647147,799882.3824,0,"{""601288.SH"": 13900.0, ""601988.SH"": 13251.5735}",-0.02255197846,-0.02255197846,-0.02244852941
2024-10-16,V34 id2_close_vs_pm_vwap_20 Top2,137642.0312,138279.4071,281.0065003,2,397.4112113,239.9647147,799882.3824,0,"{""601288.SH"": 13900.0, ""601988.SH"": 13251.5735}",0.0181233179,-0.00483737724,0.01803827463
2024-10-17,V34 id2_close_vs_pm_vwap_20 Top2,136423.4525,137060.8285,281.0065003,2,397.4112113,239.9647147,799882.3824,0,"{""601288.SH"": 13900.0, ""601988.SH"": 13251.5735}",-0.008853245356,-0.01364779611,-0.008812437794
2024-10-18,V34 id2_close_vs_pm_vwap_20 Top2,136145.4525,136782.8285,281.0065003,2,397.4112113,239.9647147,799882.3824,0,"{""601288.SH"": 13900.0, ""601988.SH"": 13251.5735}",-0.002037772794,-0.01565775779,-0.00202829651
2024-10-21,V34 id2_close_vs_pm_vwap_20 Top2,133152.2952,133789.6711,281.0065003,2,397.4112113,239.9647147,799882.3824,0,"{""601288.SH"": 13900.0, ""601988.SH"": 13251.5735}",-0.02198499687,-0.0372985189,-0.02188255193
2024-10-22,V34 id2_close_vs_pm_vwap_20 Top2,133297.7795,133935.1554,281.0065003,2,397.4112113,239.9647147,799882.3824,0,"{""601288.SH"": 13900.0, ""601988.SH"": 13251.5735}",0.001092615528,-0.03624665632,0.001087410292
2024-10-23,V34 id2_close_vs_pm_vwap_20 Top2,133423.8109,134061.1868,281.0065003,2,397.4112113,239.9647147,799882.3824,0,"{""601288.SH"": 13900.0, ""601988.SH"": 13251.5735}",0.0009454881391,-0.03533543896,0.0009409887127
2024-10-24,V34 id2_close_vs_pm_vwap_20 Top2,133569.2952,134206.6711,281.0065003,2,397.4112113,239.9647147,799882.3824,0,"{""601288.SH"": 13900.0, ""601988.SH"": 13251.5735}",0.001090392069,-0.03428357638,0.001085207946
2024-10-25,V34 id2_close_vs_pm_vwap_20 Top2,132344.2322,132981.6082,281.0065003,2,397.4112113,239.9647147,799882.3824,0,"{""601288.SH"": 13900.0, ""601988.SH"": 13251.5735}",-0.009171740685,-0.04314087699,-0.009128182144
2024-10-28,V34 id2_close_vs_pm_vwap_20 Top2,131112.685,131750.061,281.0065003,2,397.4112113,239.9647147,799882.3824,0,"{""601288.SH"": 13900.0, ""601988.SH"": 13251.5735}",-0.009305635639,-0.05204505934,-0.009261034071
2024-10-29,V34 id2_close_vs_pm_vwap_20 Top2,131794.7165,132432.0924,281.0065003,2,397.4112113,239.9647147,799882.3824,0,"{""601288.SH"": 13900.0, ""601988.SH"": 13251.5735}",0.00520187249,-0.04711391862,0.00517670705
2024-10-30,V34 id2_close_vs_pm_vwap_20 Top2,129755.1064,130392.4823,281.0065003,2,397.4112113,239.9647147,799882.3824,0,"{""601288.SH"": 13900.0, ""601988.SH"": 13251.5735}",-0.0154756594,-0.06186045906,-0.01540117735
2024-10-31,V34 id2_close_vs_pm_vwap_20 Top2,129900.5906,130537.9666,281.0065003,2,397.4112113,239.9647147,799882.3824,0,"{""601288.SH"": 13900.0, ""601988.SH"": 13251.5735}",0.001121221888,-0.06080859647,0.001115741205
2024-11-01,V34 id2_close_vs_pm_vwap_20 Top2,131390.685,132028.061,281.0065003,2,397.4112113,239.9647147,799882.3824,0,"{""601288.SH"": 13900.0, ""601988.SH"": 13251.5735}",0.01147103644,-0.05003509766,0.01141502697
2024-11-04,V34 id2_close_vs_pm_vwap_20 Top2,131060.2716,131809.5767,793.0773611,2,469.7457505,279.5593147,931864.3824,0,"{""601398.SH"": 10600.0, ""601988.SH"": 13351.5735}",-0.002514739948,-0.05242401235,-0.001654832039
2024-11-05,V34 id2_close_vs_pm_vwap_20 Top2,131539.3031,132288.6082,793.0773611,2,469.7457505,279.5593147,931864.3824,1.455191523e-11,"{""601398.SH"": 10600.0, ""601988.SH"": 13351.5735}",0.003655047128,-0.04896057745,0.003634269083
2024-11-06,V34 id2_close_vs_pm_vwap_20 Top2,130636.2716,131385.5767,793.0773611,2,469.7457505,279.5593147,931864.3824,0,"{""601398.SH"": 10600.0, ""601988.SH"": 13351.5735}",-0.0068651076,-0.05548956542,-0.006826222468
2024-11-07,V34 id2_close_vs_pm_vwap_20 Top2,131672.8188,132422.1239,793.0773611,2,469.7457505,279.5593147,931864.3824,1.455191523e-11,"{""601398.SH"": 10600.0, ""601988.SH"": 13351.5735}",0.007934604924,-0.04799524828,0.007889353079
2024-11-08,V34 id2_close_vs_pm_vwap_20 Top2,130447.7244,131197.0295,793.0773611,2,469.7457505,279.5593147,931864.3824,0,"{""601398.SH"": 10600.0, ""601988.SH"": 13351.5735}",-0.009304079757,-0.05685277642,-0.00925143301
2024-11-11,V34 id2_close_vs_pm_vwap_20 Top2,129038.1458,129787.4508,793.0773611,2,469.7457505,279.5593147,931864.3824,0,"{""601398.SH"": 10600.0, ""601988.SH"": 13351.5735}",-0.01080569768,-0.06704414018,-0.01074398314
2024-11-12,V34 id2_close_vs_pm_vwap_20 Top2,128347.1143,129096.4194,793.0773611,2,469.7457505,279.5593147,931864.3824,0,"{""601398.SH"": 10600.0, ""601988.SH"": 13351.5735}",-0.00535524953,-0.07204035161,-0.005324331937
2024-11-13,V34 id2_close_vs_pm_vwap_20 Top2,129171.6615,129920.9666,793.0773611,2,469.7457505,279.5593147,931864.3824,0,"{""601398.SH"": 10600.0, ""601988.SH"": 13351.5735}",0.006424353276,-0.06607881101,0.006387064864
2024-11-14,V34 id2_close_vs_pm_vwap_20 Top2,129756.693,130505.998,793.0773611,2,469.7457505,279.5593147,931864.3824,0,"{""601398.SH"": 10600.0, ""601988.SH"": 13351.5735}",0.004529100754,-0.06184898785,0.004502979657
2024-11-15,V34 id2_close_vs_pm_vwap_20 Top2,129811.7244,130561.0295,793.0773611,2,469.7457505,279.5593147,931864.3824,0,"{""601398.SH"": 10600.0, ""601988.SH"": 13351.5735}",0.000424112762,-0.06145110603,0.0004216777027
2024-11-18,V34 id2_close_vs_pm_vwap_20 Top2,133164.9447,133914.2498,793.0773611,2,469.7457505,279.5593147,931864.3824,0,"{""601398.SH"": 10600.0, ""601988.SH"": 13351.5735}",0.02583141315,-0.03720706178,0.02568316364
2024-11-19,V34 id2_close_vs_pm_vwap_20 Top2,132473.9133,133223.2183,793.0773611,2,469.7457505,279.5593147,931864.3824,0,"{""601398.SH"": 10600.0, ""601988.SH"": 13351.5735}",-0.00518928965,-0.04220327321,-0.00516025345
2024-11-20,V34 id2_close_vs_pm_vwap_20 Top2,132100.8818,132850.1868,793.0773611,2,469.7457505,279.5593147,931864.3824,0,"{""601398.SH"": 10600.0, ""601988.SH"": 13351.5735}",-0.00281588624,-0.04490031984,-0.002800048476
2024-11-21,V34 id2_close_vs_pm_vwap_20 Top2,131994.8818,132744.1868,793.0773611,2,469.7457505,279.5593147,931864.3824,0,"{""601398.SH"": 10600.0, ""601988.SH"": 13351.5735}",-0.000802417051,-0.04566670811,-0.0007978912376
2024-11-22,V34 id2_close_vs_pm_vwap_20 Top2,130479.3031,131228.6082,793.0773611,2,469.7457505,279.5593147,931864.3824,0,"{""601398.SH"": 10600.0, ""601988.SH"": 13351.5735}",-0.01148210183,-0.05662446014,-0.01141728847
2024-11-25,V34 id2_close_vs_pm_vwap_20 Top2,130691.3031,131440.6082,793.0773611,2,469.7457505,279.5593147,931864.3824,0,"{""601398.SH"": 10600.0, ""601988.SH"": 13351.5735}",0.001624778758,-0.0550916836,0.001615501398
2024-11-26,V34 id2_close_vs_pm_vwap_20 Top2,132713.429,133462.7341,793.0773611,2,469.7457505,279.5593147,931864.3824,0,"{""601398.SH"": 10600.0, ""601988.SH"": 13351.5735}",0.01547253589,-0.04047155577,0.01538433142
2024-11-27,V34 id2_close_vs_pm_vwap_20 Top2,133805.0077,134554.3127,793.0773611,2,469.7457505,279.5593147,931864.3824,0,"{""601398.SH"": 10600.0, ""601988.SH"": 13351.5735}",0.008225080777,-0.03257935681,0.008178902383
2024-11-28,V34 id2_close_vs_pm_vwap_20 Top2,133565.4919,134314.797,793.0773611,2,469.7457505,279.5593147,931864.3824,0,"{""601398.SH"": 10600.0, ""601988.SH"": 13351.5735}",-0.001790035656,-0.03431107425,-0.001780067319
2024-11-29,V34 id2_close_vs_pm_vwap_20 Top2,132874.4605,133623.7655,793.0773611,2,469.7457505,279.5593147,931864.3824,0,"{""601398.SH"": 10600.0, ""601988.SH"": 13351.5735}",-0.005173727581,-0.03930728568,-0.005144864787
2024-12-02,V34 id2_close_vs_pm_vwap_20 Top2,132662.4605,133411.7655,793.0773611,2,469.7457505,279.5593147,931864.3824,0,"{""601398.SH"": 10600.0, ""601988.SH"": 13351.5735}",-0.001595490956,-0.04084006222,-0.001586544124
2024-12-03,V34 id2_close_vs_pm_vwap_20 Top2,134492.2805,135354.7655,443.2805172,2,542.7198745,319.7651297,1065883.766,0,"{""601398.SH"": 10800.0, ""601939.SH"": 8300.0}",0.01379305084,-0.02761032044,0.01456393289
2024-12-04,V34 id2_close_vs_pm_vwap_20 Top2,136028.2805,136890.7655,443.2805172,2,542.7198745,319.7651297,1065883.766,0,"{""601398.SH"": 10800.0, ""601939.SH"": 8300.0}",0.01142072983,-0.01650492062,0.01134795656
2024-12-05,V34 id2_close_vs_pm_vwap_20 Top2,136360.2805,137222.7655,443.2805172,2,542.7198745,319.7651297,1065883.766,0,"{""601398.SH"": 10800.0, ""601939.SH"": 8300.0}",0.002440668946,-0.01410453472,0.002425291427
2024-12-06,V34 id2_close_vs_pm_vwap_20 Top2,137340.2805,138202.7655,443.2805172,2,542.7198745,319.7651297,1065883.766,0,"{""601398.SH"": 10800.0, ""601939.SH"": 8300.0}",0.007186843532,-0.007019058272,0.007141672129
2024-12-09,V34 id2_close_vs_pm_vwap_20 Top2,137174.2805,138036.7655,443.2805172,2,542.7198745,319.7651297,1065883.766,0,"{""601398.SH"": 10800.0, ""601939.SH"": 8300.0}",-0.001208676722,-0.008219251221,-0.001201133707
2024-12-10,V34 id2_close_vs_pm_vwap_20 Top2,139250.2805,140112.7655,443.2805172,2,542.7198745,319.7651297,1065883.766,0,"{""601398.SH"": 10800.0, ""601939.SH"": 8300.0}",0.01513403236,0,0.01503947149
2024-12-11,V34 id2_close_vs_pm_vwap_20 Top2,136734.2805,137596.7655,443.2805172,2,542.7198745,319.7651297,1065883.766,0,"{""601398.SH"": 10800.0, ""601939.SH"": 8300.0}",-0.01806818622,-0.01806818622,-0.01795696481
2024-12-12,V34 id2_close_vs_pm_vwap_20 Top2,138752.2805,139614.7655,443.2805172,2,542.7198745,319.7651297,1065883.766,0,"{""601398.SH"": 10800.0, ""601939.SH"": 8300.0}",0.01475855208,-0.003576294411,0.01466604242
2024-12-13,V34 id2_close_vs_pm_vwap_20 Top2,138345.2805,139207.7655,443.2805172,2,542.7198745,319.7651297,1065883.766,0,"{""601398.SH"": 10800.0, ""601939.SH"": 8300.0}",-0.002933285121,-0.006499089242,-0.002915164442
2024-12-16,V34 id2_close_vs_pm_vwap_20 Top2,141102.2805,141964.7655,443.2805172,2,542.7198745,319.7651297,1065883.766,0,"{""601398.SH"": 10800.0, ""601939.SH"": 8300.0}",0.01992839936,0,0.01980492963
2024-12-17,V34 id2_close_vs_pm_vwap_20 Top2,141218.2805,142080.7655,443.2805172,2,542.7198745,319.7651297,1065883.766,0,"{""601398.SH"": 10800.0, ""601939.SH"": 8300.0}",0.0008220986902,0,0.0008171041566
2024-12-18,V34 id2_close_vs_pm_vwap_20 Top2,142580.2805,143442.7655,443.2805172,2,542.7198745,319.7651297,1065883.766,0,"{""601398.SH"": 10800.0, ""601939.SH"": 8300.0}",0.009644643703,0,0.009586096999
2024-12-19,V34 id2_close_vs_pm_vwap_20 Top2,140919.2805,141781.7655,443.2805172,2,542.7198745,319.7651297,1065883.766,0,"{""601398.SH"": 10800.0, ""601939.SH"": 8300.0}",-0.0116495773,-0.0116495773,-0.01157953135
2024-12-20,V34 id2_close_vs_pm_vwap_20 Top2,141351.2805,142213.7655,443.2805172,2,542.7198745,319.7651297,1065883.766,0,"{""601398.SH"": 10800.0, ""601939.SH"": 8300.0}",0.003065584769,-0.008619705302,0.003046936243
2024-12-23,V34 id2_close_vs_pm_vwap_20 Top2,144349.2805,145211.7655,443.2805172,2,542.7198745,319.7651297,1065883.766,0,"{""601398.SH"": 10800.0, ""601939.SH"": 8300.0}",0.02120957086,0,0.021080941
2024-12-24,V34 id2_close_vs_pm_vwap_20 Top2,146541.2805,147403.7655,443.2805172,2,542.7198745,319.7651297,1065883.766,0,"{""601398.SH"": 10800.0, ""601939.SH"": 8300.0}",0.01518538916,0,0.01509519557
2024-12-25,V34 id2_close_vs_pm_vwap_20 Top2,149099.2805,149961.7655,443.2805172,2,542.7198745,319.7651297,1065883.766,0,"{""601398.SH"": 10800.0, ""601939.SH"": 8300.0}",0.01745583218,0,0.01735369508
2024-12-26,V34 id2_close_vs_pm_vwap_20 Top2,148576.2805,149438.7655,443.2805172,2,542.7198745,319.7651297,1065883.766,0,"{""601398.SH"": 10800.0, ""601939.SH"": 8300.0}",-0.003507729871,-0.003507729871,-0.003487555632
2024-12-27,V34 id2_close_vs_pm_vwap_20 Top2,147970.2805,148832.7655,443.2805172,2,542.7198745,319.7651297,1065883.766,0,"{""601398.SH"": 10800.0, ""601939.SH"": 8300.0}",-0.004078712954,-0.007572135802,-0.004055172685
2024-12-30,V34 id2_close_vs_pm_vwap_20 Top2,148543.2805,149405.7655,443.2805172,2,542.7198745,319.7651297,1065883.766,0,"{""601398.SH"": 10800.0, ""601939.SH"": 8300.0}",0.003872399228,-0.003729058907,0.003849958697
2024-12-31,V34 id2_close_vs_pm_vwap_20 Top2,148136.2805,148998.7655,443.2805172,2,542.7198745,319.7651297,1065883.766,0,"{""601398.SH"": 10800.0, ""601939.SH"": 8300.0}",-0.002739942181,-0.006458783682,-0.002724125127
2025-01-02,V34 id2_close_vs_pm_vwap_20 Top2,145180.2805,146042.7655,443.2805172,2,542.7198745,319.7651297,1065883.766,0,"{""601398.SH"": 10800.0, ""601939.SH"": 8300.0}",-0.01995459849,-0.02628449974,-0.01983909054
2025-01-03,V34 id2_close_vs_pm_vwap_20 Top2,143828.8684,144812.7655,341.8683544,2,620.9512373,362.9459297,1209819.766,0,"{""601398.SH"": 10700.0, ""601988.SH"": 13400.0}",-0.009308510481,-0.03534834068,-0.008422190552
2025-01-06,V34 id2_close_vs_pm_vwap_20 Top2,144792.8684,145776.7655,341.8683544,2,620.9512373,362.9459297,1209819.766,0,"{""601398.SH"": 10700.0, ""601988.SH"": 13400.0}",0.006702409683,-0.02888285006,0.006656871696
2025-01-07,V34 id2_close_vs_pm_vwap_20 Top2,146606.4754,147590.3726,341.8683544,2,620.9512373,362.9459297,1209819.766,0,"{""601398.SH"": 10926.8471, ""601988.SH"": 13400.0}",0.01252552743,-0.01671909556,0.01244098837
2025-01-08,V34 id2_close_vs_pm_vwap_20 Top2,148175.3547,149159.2519,341.8683544,2,620.9512373,362.9459297,1209819.766,0,"{""601398.SH"": 10926.8471, ""601988.SH"": 13400.0}",0.01070129605,-0.006196715497,0.01062995688
2025-01-09,V34 id2_close_vs_pm_vwap_20 Top2,146825.0123,147808.9095,341.8683544,2,620.9512373,362.9459297,1209819.766,2.910383046e-11,"{""601398.SH"": 10926.8471, ""601988.SH"": 13400.0}",-0.009113137319,-0.0152533813,-0.009053024454
2025-01-10,V34 id2_close_vs_pm_vwap_20 Top2,146253.9385,147237.8356,341.8683544,2,620.9512373,362.9459297,1209819.766,0,"{""601398.SH"": 10926.8471, ""601988.SH"": 13400.0}",-0.003889486366,-0.01908353984,-0.003863595811
2025-01-13,V34 id2_close_vs_pm_vwap_20 Top2,144149.0592,145132.9563,341.8683544,2,620.9512373,362.9459297,1209819.766,2.910383046e-11,"{""601398.SH"": 10926.8471, ""601988.SH"": 13400.0}",-0.0143919495,-0.03320084,-0.01429577722
2025-01-14,V34 id2_close_vs_pm_vwap_20 Top2,145330.3276,146314.2248,341.8683544,2,620.9512373,362.9459297,1209819.766,0,"{""601398.SH"": 10926.8471, ""601988.SH"": 13400.0}",0.008194770592,-0.02527814268,0.008139215936
2025-01-15,V34 id2_close_vs_pm_vwap_20 Top2,145816.8646,146800.7617,341.8683544,2,620.9512373,362.9459297,1209819.766,0,"{""601398.SH"": 10926.8471, ""601988.SH"": 13400.0}",0.003347800488,-0.02201496837,0.00332528804
2025-01-16,V34 id2_close_vs_pm_vwap_20 Top2,146765.2069,147749.1041,341.8683544,2,620.9512373,362.9459297,1209819.766,0,"{""601398.SH"": 10926.8471, ""601988.SH"": 13400.0}",0.006503653452,-0.01565449264,0.006460064262
2025-01-17,V34 id2_close_vs_pm_vwap_20 Top2,145598.3276,146582.2248,341.8683544,2,620.9512373,362.9459297,1209819.766,0,"{""601398.SH"": 10926.8471, ""601988.SH"": 13400.0}",-0.007950653434,-0.02348068263,-0.007897708102
2025-01-20,V34 id2_close_vs_pm_vwap_20 Top2,144625.2537,145609.1509,341.8683544,2,620.9512373,362.9459297,1209819.766,0,"{""601398.SH"": 10926.8471, ""601988.SH"": 13400.0}",-0.006683276515,-0.03000703125,-0.006638416663
2025-01-21,V34 id2_close_vs_pm_vwap_20 Top2,144406.7168,145390.614,341.8683544,2,620.9512373,362.9459297,1209819.766,0,"{""601398.SH"": 10926.8471, ""601988.SH"": 13400.0}",-0.001511056584,-0.03147274551,-0.001500846207
2025-01-22,V34 id2_close_vs_pm_vwap_20 Top2,141864.7636,142848.6608,341.8683544,2,620.9512373,362.9459297,1209819.766,0,"{""601398.SH"": 10926.8471, ""601988.SH"": 13400.0}",-0.01760273508,-0.04852147419,-0.01748361267
2025-01-23,V34 id2_close_vs_pm_vwap_20 Top2,146325.161,147309.0582,341.8683544,2,620.9512373,362.9459297,1209819.766,0,"{""601398.SH"": 10926.8471, ""601988.SH"": 13709.8298}",0.03144119288,-0.01860585434,0.03122463572
2025-01-24,V34 id2_close_vs_pm_vwap_20 Top2,146023.1346,147007.0318,341.8683544,2,620.9512373,362.9459297,1209819.766,0,"{""601398.SH"": 10926.8471, ""601988.SH"": 13709.8298}",-0.002064077158,-0.02063152758,-0.002050290907
2025-01-27,V34 id2_close_vs_pm_vwap_20 Top2,149581.5378,150565.435,341.8683544,2,620.9512373,362.9459297,1209819.766,0,"{""601398.SH"": 10926.8471, ""601988.SH"": 13709.8298}",0.0243687635,0,0.02420566683
2025-02-05,V34 id2_close_vs_pm_vwap_20 Top2,146378.7698,147362.667,341.8683544,2,620.9512373,362.9459297,1209819.766,0,"{""601398.SH"": 10926.8471, ""601988.SH"": 13709.8298}",-0.02141151936,-0.02141151936,-0.0212716019
2025-02-06,V34 id2_close_vs_pm_vwap_20 Top2,146104.5732,147088.4704,341.8683544,2,620.9512373,362.9459297,1209819.766,0,"{""601398.SH"": 10926.8471, ""601988.SH"": 13709.8298}",-0.001873199207,-0.02324461053,-0.001860692407
2025-02-07,V34 id2_close_vs_pm_vwap_20 Top2,145830.3766,146814.2738,341.8683544,2,620.9512373,362.9459297,1209819.766,2.910383046e-11,"{""601398.SH"": 10926.8471, ""601988.SH"": 13709.8298}",-0.001876714668,-0.0250777017,-0.001864161038
2025-02-10,V34 id2_close_vs_pm_vwap_20 Top2,145474.7414,146458.6386,341.8683544,2,620.9512373,362.9459297,1209819.766,0,"{""601398.SH"": 10926.8471, ""601988.SH"": 13709.8298}",-0.002438691086,-0.02745523601,-0.002422347844
2025-02-11,V34 id2_close_vs_pm_vwap_20 Top2,148621.8497,149605.7469,341.8683544,2,620.9512373,362.9459297,1209819.766,0,"{""601398.SH"": 10926.8471, ""601988.SH"": 13709.8298}",0.0216333661,-0.006415819082,0.02148803492
2025-02-12,V34 id2_close_vs_pm_vwap_20 Top2,149770.1941,150754.0913,341.8683544,2,620.9512373,362.9459297,1209819.766,0,"{""601398.SH"": 10926.8471, ""601988.SH"": 13709.8298}",0.007726618697,0,0.007675803815
2025-02-13,V34 id2_close_vs_pm_vwap_20 Top2,150562.9032,151546.8004,341.8683544,2,620.9512373,362.9459297,1209819.766,0,"{""601398.SH"": 10926.8471, ""601988.SH"": 13709.8298}",0.005292836322,0,0.005258292605
2025-02-14,V34 id2_close_vs_pm_vwap_20 Top2,150890.7086,151874.6058,341.8683544,2,620.9512373,362.9459297,1209819.766,0,"{""601398.SH"": 10926.8471, ""601988.SH"": 13709.8298}",0.002177199069,0,0.002163063898
2025-02-17,V34 id2_close_vs_pm_vwap_20 Top2,150974.1981,151958.0953,341.8683544,2,620.9512373,362.9459297,1209819.766,0,"{""601398.SH"": 10926.8471, ""601988.SH"": 13709.8298}",0.0005533109457,0,0.0005497264026
2025-02-18,V34 id2_close_vs_pm_vwap_20 Top2,154039.8678,155023.765,341.8683544,2,620.9512373,362.9459297,1209819.766,0,"{""601398.SH"": 10926.8471, ""601988.SH"": 13709.8298}",0.02030591806,0,0.02017444145
2025-02-19,V34 id2_close_vs_pm_vwap_20 Top2,153191.499,154175.3962,341.8683544,2,620.9512373,362.9459297,1209819.766,0,"{""601398.SH"": 10926.8471, ""601988.SH"": 13709.8298}",-0.00550746238,-0.00550746238,-0.005472507891
2025-02-20,V34 id2_close_vs_pm_vwap_20 Top2,153793.5011,154777.3982,341.8683544,2,620.9512373,362.9459297,1209819.766,2.910383046e-11,"{""601398.SH"": 10926.8471, ""601988.SH"": 13709.8298}",0.003929735084,-0.001599370164,0.003904656795
2025-02-21,V34 id2_close_vs_pm_vwap_20 Top2,150920.5893,151904.4865,341.8683544,2,620.9512373,362.9459297,1209819.766,2.910383046e-11,"{""601398.SH"": 10926.8471, ""601988.SH"": 13709.8298}",-0.01868031955,-0.02024981297,-0.0185615715
2025-02-24,V34 id2_close_vs_pm_vwap_20 Top2,149798.0239,150781.9211,341.8683544,2,620.9512373,362.9459297,1209819.766,0,"{""601398.SH"": 10926.8471, ""601988.SH"": 13709.8298}",-0.007438119463,-0.0275373119,-0.007389942185
2025-02-25,V34 id2_close_vs_pm_vwap_20 Top2,148784.727,149768.6242,341.8683544,2,620.9512373,362.9459297,1209819.766,0,"{""601398.SH"": 10926.8471, ""601988.SH"": 13709.8298}",-0.00676442102,-0.03411545895,-0.006720281148
2025-02-26,V34 id2_close_vs_pm_vwap_20 Top2,149688.7555,150672.6526,341.8683544,2,620.9512373,362.9459297,1209819.766,0,"{""601398.SH"": 10926.8471, ""601988.SH"": 13709.8298}",0.00607608354,-0.02824666379,0.006036167026
2025-02-27,V34 id2_close_vs_pm_vwap_20 Top2,150509.2944,151493.1916,341.8683544,2,620.9512373,362.9459297,1209819.766,2.910383046e-11,"{""601398.SH"": 10926.8471, ""601988.SH"": 13709.8298}",0.005481633859,-0.0229198678,0.005445838617
2025-02-28,V34 id2_close_vs_pm_vwap_20 Top2,149442.3887,150426.2859,341.8683544,2,620.9512373,362.9459297,1209819.766,0,"{""601398.SH"": 10926.8471, ""601988.SH"": 13709.8298}",-0.007088636772,-0.02984603395,-0.007042598468
2025-03-03,V34 id2_close_vs_pm_vwap_20 Top2,149498.0484,150481.9455,341.8683544,2,620.9512373,362.9459297,1209819.766,0,"{""601398.SH"": 10926.8471, ""601988.SH"": 13709.8298}",0.0003724489035,-0.02948470117,0.0003700128171
2025-03-04,V34 id2_close_vs_pm_vwap_20 Top2,148096.7465,149321.0418,921.7464958,2,772.3806996,451.9146125,1506382.042,0,"{""601288.SH"": 14500.0, ""601939.SH"": 8700.0}",-0.009373378925,-0.03858170882,-0.007714571383
2025-03-05,V34 id2_close_vs_pm_vwap_20 Top2,150909.7465,152134.0418,921.7464958,2,772.3806996,451.9146125,1506382.042,0,"{""601288.SH"": 14500.0, ""601939.SH"": 8700.0}",0.0189943403,-0.02032020263,0.01883860416
2025-03-06,V34 id2_close_vs_pm_vwap_20 Top2,149227.7465,150452.0418,921.7464958,2,772.3806996,451.9146125,1506382.042,0,"{""601288.SH"": 14500.0, ""601939.SH"": 8700.0}",-0.01114573471,-0.03123945375,-0.01105603966
2025-03-07,V34 id2_close_vs_pm_vwap_20 Top2,148821.7465,150046.0418,921.7464958,2,772.3806996,451.9146125,1506382.042,0,"{""601288.SH"": 14500.0, ""601939.SH"": 8700.0}",-0.002720673665,-0.03387513506,-0.002698534331
2025-03-10,V34 id2_close_vs_pm_vwap_20 Top2,147806.7465,149031.0418,921.7464958,2,772.3806996,451.9146125,1506382.042,0,"{""601288.SH"": 14500.0, ""601939.SH"": 8700.0}",-0.00682023981,-0.04046433833,-0.006764590307
2025-03-11,V34 id2_close_vs_pm_vwap_20 Top2,148589.7465,149814.0418,921.7464958,2,772.3806996,451.9146125,1506382.042,0,"{""601288.SH"": 14500.0, ""601939.SH"": 8700.0}",0.005297457786,-0.03538123866,0.005253938981
2025-03-12,V34 id2_close_vs_pm_vwap_20 Top2,147661.7465,148886.0418,921.7464958,2,772.3806996,451.9146125,1506382.042,0,"{""601288.SH"": 14500.0, ""601939.SH"": 8700.0}",-0.00624538383,-0.04140565308,-0.006194345929
2025-03-13,V34 id2_close_vs_pm_vwap_20 Top2,148183.7465,149408.0418,921.7464958,2,772.3806996,451.9146125,1506382.042,0,"{""601288.SH"": 14500.0, ""601939.SH"": 8700.0}",0.003535106501,-0.03801691997,0.003506037192
2025-03-14,V34 id2_close_vs_pm_vwap_20 Top2,148502.7465,149727.0418,921.7464958,2,772.3806996,451.9146125,1506382.042,0,"{""601288.SH"": 14500.0, ""601939.SH"": 8700.0}",0.002152732722,-0.03594602752,0.00213509257
2025-03-17,V34 id2_close_vs_pm_vwap_20 Top2,149517.7465,150742.0418,921.7464958,2,772.3806996,451.9146125,1506382.042,0,"{""601288.SH"": 14500.0, ""601939.SH"": 8700.0}",0.006834890424,-0.02935682425,0.006779002562
2025-03-18,V34 id2_close_vs_pm_vwap_20 Top2,149111.7465,150336.0418,921.7464958,2,772.3806996,451.9146125,1506382.042,0,"{""601288.SH"": 14500.0, ""601939.SH"": 8700.0}",-0.002715396731,-0.03199250556,-0.002693342847
2025-03-19,V34 id2_close_vs_pm_vwap_20 Top2,150532.7465,151757.0418,921.7464958,2,772.3806996,451.9146125,1506382.042,0,"{""601288.SH"": 14500.0, ""601939.SH"": 8700.0}",0.009529765652,-0.02276762099,0.009452157865
2025-03-20,V34 id2_close_vs_pm_vwap_20 Top2,149749.7465,150974.0418,921.7464958,2,772.3806996,451.9146125,1506382.042,0,"{""601288.SH"": 14500.0, ""601939.SH"": 8700.0}",-0.005201526035,-0.02785072065,-0.005159562882
2025-03-21,V34 id2_close_vs_pm_vwap_20 Top2,148589.7465,149814.0418,921.7464958,2,772.3806996,451.9146125,1506382.042,0,"{""601288.SH"": 14500.0, ""601939.SH"": 8700.0}",-0.007746256853,-0.03538123866,-0.007683440054
2025-03-24,V34 id2_close_vs_pm_vwap_20 Top2,150097.7465,151322.0418,921.7464958,2,772.3806996,451.9146125,1506382.042,0,"{""601288.SH"": 14500.0, ""601939.SH"": 8700.0}",0.01014874872,-0.02559156524,0.01006581213
2025-03-25,V34 id2_close_vs_pm_vwap_20 Top2,151141.7465,152366.0418,921.7464958,2,772.3806996,451.9146125,1506382.042,0,"{""601288.SH"": 14500.0, ""601939.SH"": 8700.0}",0.006955467516,-0.01881409903,0.006899193188
2025-03-26,V34 id2_close_vs_pm_vwap_20 Top2,150329.7465,151554.0418,921.7464958,2,772.3806996,451.9146125,1506382.042,0,"{""601288.SH"": 14500.0, ""601939.SH"": 8700.0}",-0.005372440235,-0.02408546164,-0.005329271473
2025-03-27,V34 id2_close_vs_pm_vwap_20 Top2,150677.7465,151902.0418,921.7464958,2,772.3806996,451.9146125,1506382.042,0,"{""601288.SH"": 14500.0, ""601939.SH"": 8700.0}",0.002314911108,-0.02182630623,0.002296210618
2025-03-28,V34 id2_close_vs_pm_vwap_20 Top2,148995.7465,150220.0418,921.7464958,2,772.3806996,451.9146125,1506382.042,0,"{""601288.SH"": 14500.0, ""601939.SH"": 8700.0}",-0.01116289591,-0.03274555736,-0.01107292555
2025-03-31,V34 id2_close_vs_pm_vwap_20 Top2,152852.7465,154077.0418,921.7464958,2,772.3806996,451.9146125,1506382.042,0,"{""601288.SH"": 14500.0, ""601939.SH"": 8700.0}",0.02588664503,-0.007706584951,0.02567566853
2025-04-01,V34 id2_close_vs_pm_vwap_20 Top2,150735.7465,151960.0418,921.7464958,2,772.3806996,451.9146125,1506382.042,0,"{""601288.SH"": 14500.0, ""601939.SH"": 8700.0}",-0.01384993105,-0.02144978033,-0.01373987958
2025-04-02,V34 id2_close_vs_pm_vwap_20 Top2,152145.4976,153612.0418,771.4976203,2,924.9079751,541.6362125,1805454.042,0,"{""601398.SH"": 11000.0, ""601988.SH"": 13600.0}",0.009352467197,-0.0122979215,0.01087127893
2025-04-03,V34 id2_close_vs_pm_vwap_20 Top2,153537.4976,155004.0418,771.4976203,2,924.9079751,541.6362125,1805454.042,0,"{""601398.SH"": 11000.0, ""601988.SH"": 13600.0}",0.009149136989,-0.003261299882,0.009061789581
2025-04-07,V34 id2_close_vs_pm_vwap_20 Top2,149115.4976,150582.0418,771.4976203,2,924.9079751,541.6362125,1805454.042,0,"{""601398.SH"": 11000.0, ""601988.SH"": 13600.0}",-0.02880078201,-0.03196815391,-0.02852828835
2025-04-08,V34 id2_close_vs_pm_vwap_20 Top2,150183.4976,151650.0418,771.4976203,2,924.9079751,541.6362125,1805454.042,0,"{""601398.SH"": 11000.0, ""601988.SH"": 13600.0}",0.007162233417,-0.02503488387,0.007092479204
2025-04-09,V34 id2_close_vs_pm_vwap_20 Top2,149147.4976,150614.0418,771.4976203,2,924.9079751,541.6362125,1805454.042,0,"{""601398.SH"": 11000.0, ""601988.SH"": 13600.0}",-0.006898227944,-0.03176041548,-0.006831518064
2025-04-10,V34 id2_close_vs_pm_vwap_20 Top2,148189.4976,149656.0418,771.4976203,2,924.9079751,541.6362125,1805454.042,0,"{""601398.SH"": 11000.0, ""601988.SH"": 13600.0}",-0.006423171795,-0.03797958467,-0.00636062872
2025-04-11,V34 id2_close_vs_pm_vwap_20 Top2,149283.4976,150750.0418,771.4976203,2,924.9079751,541.6362125,1805454.042,0,"{""601398.SH"": 11000.0, ""601988.SH"": 13600.0}",0.007382439495,-0.03087752716,0.007310095782
2025-04-14,V34 id2_close_vs_pm_vwap_20 Top2,150869.4976,152336.0418,771.4976203,2,924.9079751,541.6362125,1805454.042,0,"{""601398.SH"": 11000.0, ""601988.SH"": 13600.0}",0.0106240812,-0.02058149132,0.01052072677
2025-04-15,V34 id2_close_vs_pm_vwap_20 Top2,153219.4976,154686.0418,771.4976203,2,924.9079751,541.6362125,1805454.042,0,"{""601398.SH"": 11000.0, ""601988.SH"": 13600.0}",0.01557637586,-0.005325700511,0.01542642156
2025-04-16,V34 id2_close_vs_pm_vwap_20 Top2,155407.4976,156874.0418,771.4976203,2,924.9079751,541.6362125,1805454.042,0,"{""601398.SH"": 11000.0, ""601988.SH"": 13600.0}",0.01428016691,0,0.0141447798
2025-04-17,V34 id2_close_vs_pm_vwap_20 Top2,155297.4976,156764.0418,771.4976203,2,924.9079751,541.6362125,1805454.042,0,"{""601398.SH"": 11000.0, ""601988.SH"": 13600.0}",-0.0007078165577,-0.0007078165577,-0.000701199502
2025-04-18,V34 id2_close_vs_pm_vwap_20 Top2,156559.4976,158026.0418,771.4976203,2,924.9079751,541.6362125,1805454.042,0,"{""601398.SH"": 11000.0, ""601988.SH"": 13600.0}",0.008126338282,0,0.008050315528
2025-04-21,V34 id2_close_vs_pm_vwap_20 Top2,154889.4976,156356.0418,771.4976203,2,924.9079751,541.6362125,1805454.042,0,"{""601398.SH"": 11000.0, ""601988.SH"": 13600.0}",-0.01066687122,-0.01066687122,-0.01056787844
2025-04-22,V34 id2_close_vs_pm_vwap_20 Top2,157349.4976,158816.0418,771.4976203,2,924.9079751,541.6362125,1805454.042,0,"{""601398.SH"": 11000.0, ""601988.SH"": 13600.0}",0.01588229052,0,0.0157333223
2025-04-23,V34 id2_close_vs_pm_vwap_20 Top2,156637.4976,158104.0418,771.4976203,2,924.9079751,541.6362125,1805454.042,0,"{""601398.SH"": 11000.0, ""601988.SH"": 13600.0}",-0.004524958839,-0.004524958839,-0.004483174319
2025-04-24,V34 id2_close_vs_pm_vwap_20 Top2,159699.4976,161166.0418,771.4976203,2,924.9079751,541.6362125,1805454.042,0,"{""601398.SH"": 11000.0, ""601988.SH"": 13600.0}",0.01954832046,0,0.01936699382
2025-04-25,V34 id2_close_vs_pm_vwap_20 Top2,158676.1518,160142.696,771.4976203,2,924.9079751,541.6362125,1805454.042,0,"{""601398.SH"": 11000.0, ""601988.SH"": 13885.9813}",-0.006407946234,-0.006407946234,-0.006349636579
2025-04-28,V34 id2_close_vs_pm_vwap_20 Top2,160250.4509,161716.9951,771.4976203,2,924.9079751,541.6362125,1805454.042,-2.910383046e-11,"{""601398.SH"": 11000.0, ""601988.SH"": 13885.9813}",0.009921459824,0,0.009830601736
2025-04-29,V34 id2_close_vs_pm_vwap_20 Top2,159891.5911,161358.1353,771.4976203,2,924.9079751,541.6362125,1805454.042,0,"{""601398.SH"": 11000.0, ""601988.SH"": 13885.9813}",-0.002239368508,-0.002239368508,-0.002219060606
2025-04-30,V34 id2_close_vs_pm_vwap_20 Top2,154670.9743,156137.5184,771.4976203,2,924.9079751,541.6362125,1805454.042,0,"{""601398.SH"": 11000.0, ""601988.SH"": 13885.9813}",-0.032650978,-0.03481722893,-0.03235422133
2025-05-06,V34 id2_close_vs_pm_vwap_20 Top2,153785.535,155252.0792,771.4976203,2,924.9079751,541.6362125,1805454.042,0,"{""601398.SH"": 11000.0, ""601988.SH"": 13885.9813}",-0.005724663316,-0.04034257534,-0.005670893589
2025-05-07,V34 id2_close_vs_pm_vwap_20 Top2,156365.633,157956.6586,77.63304206,2,1003.228191,587.7973976,1959324.659,0,"{""601288.SH"": 14300.0, ""601398.SH"": 11000.0}",0.01677724786,-0.02424216486,0.01742056824
2025-05-08,V34 id2_close_vs_pm_vwap_20 Top2,156079.633,157670.6586,77.63304206,2,1003.228191,587.7973976,1959324.659,0,"{""601288.SH"": 14300.0, ""601398.SH"": 11000.0}",-0.001829046412,-0.02602687123,-0.001810623259
2025-05-09,V34 id2_close_vs_pm_vwap_20 Top2,157740.633,159331.6586,77.63304206,2,1003.228191,587.7973976,1959324.659,0,"{""601288.SH"": 14300.0, ""601398.SH"": 11000.0}",0.01064200349,-0.01566184579,0.01053461699
2025-05-12,V34 id2_close_vs_pm_vwap_20 Top2,157773.633,159364.6586,77.63304206,2,1003.228191,587.7973976,1959324.659,0,"{""601288.SH"": 14300.0, ""601398.SH"": 11000.0}",0.0002092041813,-0.01545591813,0.0002071151476
2025-05-13,V34 id2_close_vs_pm_vwap_20 Top2,160116.633,161707.6586,77.63304206,2,1003.228191,587.7973976,1959324.659,0,"{""601288.SH"": 14300.0, ""601398.SH"": 11000.0}",0.01485039011,-0.000835054432,0.01470213045
2025-05-14,V34 id2_close_vs_pm_vwap_20 Top2,160259.633,161850.6586,77.63304206,2,1003.228191,587.7973976,1959324.659,0,"{""601288.SH"": 14300.0, ""601398.SH"": 11000.0}",0.0008930989697,0,0.0008843118577
2025-05-15,V34 id2_close_vs_pm_vwap_20 Top2,160985.633,162576.6586,77.63304206,2,1003.228191,587.7973976,1959324.659,0,"{""601288.SH"": 14300.0, ""601398.SH"": 11000.0}",0.004530148898,0,0.004485616593
2025-05-16,V34 id2_close_vs_pm_vwap_20 Top2,158774.633,160365.6586,77.63304206,2,1003.228191,587.7973976,1959324.659,0,"{""601288.SH"": 14300.0, ""601398.SH"": 11000.0}",-0.01373414483,-0.01373414483,-0.01359973823
2025-05-19,V34 id2_close_vs_pm_vwap_20 Top2,157905.633,159496.6586,77.63304206,2,1003.228191,587.7973976,1959324.659,0,"{""601288.SH"": 14300.0, ""601398.SH"": 11000.0}",-0.005473166484,-0.01913214205,-0.005418865906
2025-05-20,V34 id2_close_vs_pm_vwap_20 Top2,158158.633,159749.6586,77.63304206,2,1003.228191,587.7973976,1959324.659,0,"{""601288.SH"": 14300.0, ""601398.SH"": 11000.0}",0.001602222765,-0.01756057324,0.001586240127
2025-05-21,V34 id2_close_vs_pm_vwap_20 Top2,158411.633,160002.6586,77.63304206,2,1003.228191,587.7973976,1959324.659,0,"{""601288.SH"": 14300.0, ""601398.SH"": 11000.0}",0.001599659754,-0.01598900443,0.001583727954
2025-05-22,V34 id2_close_vs_pm_vwap_20 Top2,158620.633,160211.6586,77.63304206,2,1003.228191,587.7973976,1959324.659,0,"{""601288.SH"": 14300.0, ""601398.SH"": 11000.0}",0.00131934755,-0.01469075193,0.001306228295
2025-05-23,V34 id2_close_vs_pm_vwap_20 Top2,157179.633,158770.6586,77.63304206,2,1003.228191,587.7973976,1959324.659,0,"{""601288.SH"": 14300.0, ""601398.SH"": 11000.0}",-0.00908456846,-0.02364186125,-0.008994351674
2025-05-26,V34 id2_close_vs_pm_vwap_20 Top2,156277.633,157868.6586,77.63304206,2,1003.228191,587.7973976,1959324.659,0,"{""601288.SH"": 14300.0, ""601398.SH"": 11000.0}",-0.005738656991,-0.02924484571,-0.005681150458
2025-05-27,V34 id2_close_vs_pm_vwap_20 Top2,156816.633,158407.6586,77.63304206,2,1003.228191,587.7973976,1959324.659,0,"{""601288.SH"": 14300.0, ""601398.SH"": 11000.0}",0.003448990041,-0.02589672085,0.003414230568
2025-05-28,V34 id2_close_vs_pm_vwap_20 Top2,156563.633,158154.6586,77.63304206,2,1003.228191,587.7973976,1959324.659,0,"{""601288.SH"": 14300.0, ""601398.SH"": 11000.0}",-0.001613349267,-0.02746828966,-0.001597145
2025-05-29,V34 id2_close_vs_pm_vwap_20 Top2,156310.633,157901.6586,77.63304206,2,1003.228191,587.7973976,1959324.659,0,"{""601288.SH"": 14300.0, ""601398.SH"": 11000.0}",-0.001615956369,-0.02903985847,-0.001599699953
2025-05-30,V34 id2_close_vs_pm_vwap_20 Top2,156926.633,158517.6586,77.63304206,2,1003.228191,587.7973976,1959324.659,0,"{""601288.SH"": 14300.0, ""601398.SH"": 11000.0}",0.003940870739,-0.02521343006,0.003901162314
2025-06-03,V34 id2_close_vs_pm_vwap_20 Top2,157938.633,159529.6586,77.63304206,2,1003.228191,587.7973976,1959324.659,0,"{""601288.SH"": 14300.0, ""601398.SH"": 11000.0}",0.006448873466,-0.01892715482,0.006384146781
2025-06-04,V34 id2_close_vs_pm_vwap_20 Top2,157471.719,159196.6586,233.7189571,2,1089.352876,635.5867976,2118622.659,0,"{""601398.SH"": 11100.0, ""601988.SH"": 14300.0}",-0.002956300659,-0.02182750112,-0.00208738615
2025-06-05,V34 id2_close_vs_pm_vwap_20 Top2,157153.719,158878.6586,233.7189571,2,1089.352876,635.5867976,2118622.659,0,"{""601398.SH"": 11100.0, ""601988.SH"": 14300.0}",-0.002019410229,-0.02380283267,-0.001997529362
2025-06-06,V34 id2_close_vs_pm_vwap_20 Top2,156978.719,158703.6586,233.7189571,2,1089.352876,635.5867976,2118622.659,0,"{""601398.SH"": 11100.0, ""601988.SH"": 14300.0}",-0.001113559394,-0.02488988619,-0.001101469521
2025-06-09,V34 id2_close_vs_pm_vwap_20 Top2,156470.719,158195.6586,233.7189571,2,1089.352876,635.5867976,2118622.659,0,"{""601398.SH"": 11100.0, ""601988.SH"": 14300.0}",-0.003236107438,-0.02804544728,-0.003200934398
2025-06-10,V34 id2_close_vs_pm_vwap_20 Top2,156978.719,158703.6586,233.7189571,2,1089.352876,635.5867976,2118622.659,0,"{""601398.SH"": 11100.0, ""601988.SH"": 14300.0}",0.003246613829,-0.02488988619,0.003211213281
2025-06-11,V34 id2_close_vs_pm_vwap_20 Top2,156914.719,158639.6586,233.7189571,2,1089.352876,635.5867976,2118622.659,0,"{""601398.SH"": 11100.0, ""601988.SH"": 14300.0}",-0.0004076985748,-0.0252874372,-0.0004032673257
2025-06-12,V34 id2_close_vs_pm_vwap_20 Top2,156803.719,158528.6586,233.7189571,2,1089.352876,635.5867976,2118622.659,0,"{""601398.SH"": 11100.0, ""601988.SH"": 14300.0}",-0.0007073906179,-0.02597693972,-0.0006996989338
2025-06-13,V34 id2_close_vs_pm_vwap_20 Top2,155294.719,157019.6586,233.7189571,2,1089.352876,635.5867976,2118622.659,0,"{""601398.SH"": 11100.0, ""601988.SH"": 14300.0}",-0.009623496241,-0.03535044698,-0.009518783626
2025-06-16,V34 id2_close_vs_pm_vwap_20 Top2,156421.719,158146.6586,233.7189571,2,1089.352876,635.5867976,2118622.659,0,"{""601398.SH"": 11100.0, ""601988.SH"": 14300.0}",0.007257168869,-0.02834982227,0.007177445231
2025-06-17,V34 id2_close_vs_pm_vwap_20 Top2,156611.719,158336.6586,233.7189571,2,1089.352876,635.5867976,2118622.659,0,"{""601398.SH"": 11100.0, ""601988.SH"": 14300.0}",0.001214665081,-0.02716959273,0.001201416468
2025-06-18,V34 id2_close_vs_pm_vwap_20 Top2,159358.719,161083.6586,233.7189571,2,1089.352876,635.5867976,2118622.659,0,"{""601398.SH"": 11100.0, ""601988.SH"": 14300.0}",0.01754019443,-0.01010595824,0.01734910932
2025-06-19,V34 id2_close_vs_pm_vwap_20 Top2,160485.719,162210.6586,233.7189571,2,1089.352876,635.5867976,2118622.659,0,"{""601398.SH"": 11100.0, ""601988.SH"": 14300.0}",0.007072095003,-0.003105333535,0.006996364557
2025-06-20,V34 id2_close_vs_pm_vwap_20 Top2,161977.719,163702.6586,233.7189571,2,1089.352876,635.5867976,2118622.659,0,"{""601398.SH"": 11100.0, ""601988.SH"": 14300.0}",0.009296777369,0,0.009197915924
2025-06-23,V34 id2_close_vs_pm_vwap_20 Top2,164643.719,166368.6586,233.7189571,2,1089.352876,635.5867976,2118622.659,0,"{""601398.SH"": 11100.0, ""601988.SH"": 14300.0}",0.01645905386,0,0.01628562433
2025-06-24,V34 id2_close_vs_pm_vwap_20 Top2,166579.719,168304.6586,233.7189571,2,1089.352876,635.5867976,2118622.659,0,"{""601398.SH"": 11100.0, ""601988.SH"": 14300.0}",0.0117587237,0,0.01163680717
2025-06-25,V34 id2_close_vs_pm_vwap_20 Top2,167881.719,169606.6586,233.7189571,2,1089.352876,635.5867976,2118622.659,0,"{""601398.SH"": 11100.0, ""601988.SH"": 14300.0}",0.00781607754,0,0.007735971248
2025-06-26,V34 id2_close_vs_pm_vwap_20 Top2,168865.719,170590.6586,233.7189571,2,1089.352876,635.5867976,2118622.659,0,"{""601398.SH"": 11100.0, ""601988.SH"": 14300.0}",0.005861269506,0,0.005801659015
2025-06-27,V34 id2_close_vs_pm_vwap_20 Top2,163563.719,165288.6586,233.7189571,2,1089.352876,635.5867976,2118622.659,0,"{""601398.SH"": 11100.0, ""601988.SH"": 14300.0}",-0.03139772852,-0.03139772852,-0.03108024814
2025-06-30,V34 id2_close_vs_pm_vwap_20 Top2,164848.719,166573.6586,233.7189571,2,1089.352876,635.5867976,2118622.659,0,"{""601398.SH"": 11100.0, ""601988.SH"": 14300.0}",0.007856265486,-0.02378813192,0.007774278106
2025-07-01,V34 id2_close_vs_pm_vwap_20 Top2,166054.719,167779.6586,233.7189571,2,1089.352876,635.5867976,2118622.659,0,"{""601398.SH"": 11100.0, ""601988.SH"": 14300.0}",0.007315798434,-0.01664636267,0.007240040292
2025-07-02,V34 id2_close_vs_pm_vwap_20 Top2,166419.5566,168282.6586,183.5566199,2,1178.057213,685.0447976,2283482.659,0,"{""601288.SH"": 13800.0, ""601398.SH"": 10900.0}",0.002197093013,-0.01448584326,0.002997979637
2025-07-03,V34 id2_close_vs_pm_vwap_20 Top2,165569.5566,167432.6586,183.5566199,2,1178.057213,685.0447976,2283482.659,0,"{""601288.SH"": 13800.0, ""601398.SH"": 10900.0}",-0.005107572795,-0.01951942856,-0.0050510255
2025-07-04,V34 id2_close_vs_pm_vwap_20 Top2,167872.5566,169735.6586,183.5566199,2,1178.057213,685.0447976,2283482.659,0,"{""601288.SH"": 13800.0, ""601398.SH"": 10900.0}",0.01390956192,-0.005881373338,0.01375478368
2025-07-07,V34 id2_close_vs_pm_vwap_20 Top2,168344.5566,170207.6586,183.5566199,2,1178.057213,685.0447976,2283482.659,0,"{""601288.SH"": 13800.0, ""601398.SH"": 10900.0}",0.002811656709,-0.003086253033,0.002780794583
2025-07-08,V34 id2_close_vs_pm_vwap_20 Top2,169223.5566,171086.6586,183.5566199,2,1178.057213,685.0447976,2283482.659,0,"{""601288.SH"": 13800.0, ""601398.SH"": 10900.0}",0.00522143405,0,0.005164279957
2025-07-09,V34 id2_close_vs_pm_vwap_20 Top2,171308.5566,173171.6586,183.5566199,2,1178.057213,685.0447976,2283482.659,0,"{""601288.SH"": 13800.0, ""601398.SH"": 10900.0}",0.01232097967,0,0.01218680648
2025-07-10,V34 id2_close_vs_pm_vwap_20 Top2,175333.5566,177196.6586,183.5566199,2,1178.057213,685.0447976,2283482.659,0,"{""601288.SH"": 13800.0, ""601398.SH"": 10900.0}",0.02349561563,0,0.02324283334
2025-07-11,V34 id2_close_vs_pm_vwap_20 Top2,174708.5566,176571.6586,183.5566199,2,1178.057213,685.0447976,2283482.659,0,"{""601288.SH"": 13800.0, ""601398.SH"": 10900.0}",-0.003564634244,-0.003564634244,-0.003527154546
2025-07-14,V34 id2_close_vs_pm_vwap_20 Top2,175425.6701,177288.7721,183.5566199,2,1178.057213,685.0447976,2283482.659,0,"{""601288.SH"": 13800.0, ""601398.SH"": 11122.2084}",0.004104627216,0,0.004061317099
2025-07-15,V34 id2_close_vs_pm_vwap_20 Top2,174290.7818,176153.8838,183.5566199,2,1178.057213,685.0447976,2283482.659,0,"{""601288.SH"": 13800.0, ""601398.SH"": 11122.2084}",-0.006469340168,-0.006469340168,-0.00640135481
2025-07-16,V34 id2_close_vs_pm_vwap_20 Top2,173738.7818,175601.8838,183.5566199,2,1178.057213,685.0447976,2283482.659,0,"{""601288.SH"": 13800.0, ""601398.SH"": 11122.2084}",-0.003167121028,-0.009615972013,-0.003133623785
2025-07-17,V34 id2_close_vs_pm_vwap_20 Top2,172758.6451,174621.7471,183.5566199,2,1178.057213,685.0447976,2283482.659,0,"{""601288.SH"": 14091.0234, ""601398.SH"": 11122.2084}",-0.005641438693,-0.01520316279,-0.00558158412
2025-07-18,V34 id2_close_vs_pm_vwap_20 Top2,174249.2814,176112.3834,183.5566199,2,1178.057213,685.0447976,2283482.659,0,"{""601288.SH"": 14091.0234, ""601398.SH"": 11122.2084}",0.008628432322,-0.006705909928,0.008536372485
2025-07-21,V34 id2_close_vs_pm_vwap_20 Top2,173047.9961,174911.0981,183.5566199,2,1178.057213,685.0447976,2283482.659,0,"{""601288.SH"": 14091.0234, ""601398.SH"": 11122.2084}",-0.00689406165,-0.01355374062,-0.006821129015
2025-07-22,V34 id2_close_vs_pm_vwap_20 Top2,170667.5831,172530.6852,183.5566199,2,1178.057213,685.0447976,2283482.659,0,"{""601288.SH"": 14091.0234, ""601398.SH"": 11122.2084}",-0.01375579608,-0.02712309421,-0.01360927335
2025-07-23,V34 id2_close_vs_pm_vwap_20 Top2,173337.3471,175200.4491,183.5566199,2,1178.057213,685.0447976,2283482.659,0,"{""601288.SH"": 14091.0234, ""601398.SH"": 11122.2084}",0.01564306405,-0.01190431845,0.01547413976
2025-07-24,V34 id2_close_vs_pm_vwap_20 Top2,171520.5751,173383.6771,183.5566199,2,1178.057213,685.0447976,2283482.659,0,"{""601288.SH"": 14091.0234, ""601398.SH"": 11122.2084}",-0.01048113426,-0.02226068196,-0.01036967666
2025-07-25,V34 id2_close_vs_pm_vwap_20 Top2,170571.4221,172434.5241,183.5566199,2,1178.057213,685.0447976,2283482.659,0,"{""601288.SH"": 14091.0234, ""601398.SH"": 11122.2084}",-0.00553375576,-0.02767125254,-0.005474292541
2025-07-28,V34 id2_close_vs_pm_vwap_20 Top2,170712.3323,172575.4343,183.5566199,2,1178.057213,685.0447976,2283482.659,0,"{""601288.SH"": 14091.0234, ""601398.SH"": 11122.2084}",0.0008261069336,-0.02686800502,0.0008171811022
2025-07-29,V34 id2_close_vs_pm_vwap_20 Top2,169340.4487,171203.5507,183.5566199,2,1178.057213,685.0447976,2283482.659,0,"{""601288.SH"": 14091.0234, ""601398.SH"": 11122.2084}",-0.008036230628,-0.03468831816,-0.007949472524
2025-07-30,V34 id2_close_vs_pm_vwap_20 Top2,171275.9733,173139.0753,183.5566199,2,1178.057213,685.0447976,2283482.659,0,"{""601288.SH"": 14091.0234, ""601398.SH"": 11122.2084}",0.01142978318,-0.02365501494,0.01130539994
2025-07-31,V34 id2_close_vs_pm_vwap_20 Top2,173040.8995,174904.0015,183.5566199,2,1178.057213,685.0447976,2283482.659,0,"{""601288.SH"": 14091.0234, ""601398.SH"": 11122.2084}",0.01030457566,-0.01359419417,0.01019369096
2025-08-01,V34 id2_close_vs_pm_vwap_20 Top2,174130.9627,175994.0647,183.5566199,2,1178.057213,685.0447976,2283482.659,0,"{""601288.SH"": 14091.0234, ""601398.SH"": 11122.2084}",0.006299454105,-0.007380376064,0.006232351434
2025-08-04,V34 id2_close_vs_pm_vwap_20 Top2,175626.7432,177501.8586,547.5432263,2,1189.042206,686.0731976,2286910.659,0,"{""601288.SH"": 13791.0234, ""601398.SH"": 11322.2084}",0.008589974415,0,0.008567299758
2025-08-05,V34 id2_close_vs_pm_vwap_20 Top2,178601.1734,180476.2888,547.5432263,2,1189.042206,686.0731976,2286910.659,0,"{""601288.SH"": 13791.0234, ""601398.SH"": 11322.2084}",0.01693608918,0,0.01675717769
2025-08-06,V34 id2_close_vs_pm_vwap_20 Top2,179704.4553,181579.5707,547.5432263,2,1189.042206,686.0731976,2286910.659,0,"{""601288.SH"": 13791.0234, ""601398.SH"": 11322.2084}",0.006177349537,0,0.006113168013
2025-08-07,V34 id2_close_vs_pm_vwap_20 Top2,181851.4241,183726.5395,547.5432263,2,1189.042206,686.0731976,2286910.659,0,"{""601288.SH"": 13791.0234, ""601398.SH"": 11322.2084}",0.01194722065,0,0.01182384544
2025-08-08,V34 id2_close_vs_pm_vwap_20 Top2,181285.3136,183160.429,547.5432263,2,1189.042206,686.0731976,2286910.659,0,"{""601288.SH"": 13791.0234, ""601398.SH"": 11322.2084}",-0.003113038133,-0.003113038133,-0.003081266427
2025-08-11,V34 id2_close_vs_pm_vwap_20 Top2,180680.0456,182555.161,547.5432263,2,1189.042206,686.0731976,2286910.659,0,"{""601288.SH"": 13791.0234, ""601398.SH"": 11322.2084}",-0.003338759419,-0.006441403867,-0.003304578678
2025-08-12,V34 id2_close_vs_pm_vwap_20 Top2,183102.8348,184977.9502,547.5432263,2,1189.042206,686.0731976,2286910.659,0,"{""601288.SH"": 13791.0234, ""601398.SH"": 11322.2084}",0.01340927959,0,0.01327154617
2025-08-13,V34 id2_close_vs_pm_vwap_20 Top2,181507.507,183382.6224,547.5432263,2,1189.042206,686.0731976,2286910.659,0,"{""601288.SH"": 13791.0234, ""601398.SH"": 11322.2084}",-0.008712742444,-0.008712742444,-0.00862442166
2025-08-14,V34 id2_close_vs_pm_vwap_20 Top2,183049.2077,184924.3231,547.5432263,2,1189.042206,686.0731976,2286910.659,0,"{""601288.SH"": 13791.0234, ""601398.SH"": 11322.2084}",0.008493867585,-0.0002928797395,0.008407016488
2025-08-15,V34 id2_close_vs_pm_vwap_20 Top2,180498.7269,182373.8423,547.5432263,2,1189.042206,686.0731976,2286910.659,0,"{""601288.SH"": 13791.0234, ""601398.SH"": 11322.2084}",-0.01393330702,-0.01422210598,-0.01379202458
2025-08-18,V34 id2_close_vs_pm_vwap_20 Top2,181375.5646,183250.68,547.5432263,2,1189.042206,686.0731976,2286910.659,0,"{""601288.SH"": 13791.0234, ""601398.SH"": 11322.2084}",0.004857860904,-0.009433334084,0.004807913775
2025-08-19,V34 id2_close_vs_pm_vwap_20 Top2,183069.6451,184944.7605,547.5432263,2,1189.042206,686.0731976,2286910.659,0,"{""601288.SH"": 13791.0234, ""601398.SH"": 11322.2084}",0.009340180128,-0.0001812629955,0.009244606591
2025-08-20,V34 id2_close_vs_pm_vwap_20 Top2,183897.1065,185772.2219,547.5432263,2,1189.042206,686.0731976,2286910.659,0,"{""601288.SH"": 13791.0234, ""601398.SH"": 11322.2084}",0.004519926865,0,0.004474100292
2025-08-21,V34 id2_close_vs_pm_vwap_20 Top2,186305.4262,188180.5416,547.5432263,2,1189.042206,686.0731976,2286910.659,0,"{""601288.SH"": 13791.0234, ""601398.SH"": 11322.2084}",0.01309601773,0,0.01296383142
2025-08-22,V34 id2_close_vs_pm_vwap_20 Top2,187610.4641,189485.5795,547.5432263,2,1189.042206,686.0731976,2286910.659,0,"{""601288.SH"": 13791.0234, ""601398.SH"": 11322.2084}",0.007004830285,0,0.006935031011
2025-08-25,V34 id2_close_vs_pm_vwap_20 Top2,186605.9349,188481.0503,547.5432263,2,1189.042206,686.0731976,2286910.659,0,"{""601288.SH"": 13791.0234, ""601398.SH"": 11322.2084}",-0.005354334987,-0.005354334987,-0.005301349446
2025-08-26,V34 id2_close_vs_pm_vwap_20 Top2,186428.867,188303.9824,547.5432263,2,1189.042206,686.0731976,2286910.659,0,"{""601288.SH"": 13791.0234, ""601398.SH"": 11322.2084}",-0.0009488865687,-0.006298140899,-0.0009394465118
2025-08-27,V34 id2_close_vs_pm_vwap_20 Top2,182499.2838,184374.3992,547.5432263,2,1189.042206,686.0731976,2286910.659,0,"{""601288.SH"": 13791.0234, ""601398.SH"": 11322.2084}",-0.02107819041,-0.02724357789,-0.02086829554
2025-08-28,V34 id2_close_vs_pm_vwap_20 Top2,180918.4255,182793.5409,547.5432263,2,1189.042206,686.0731976,2286910.659,0,"{""601288.SH"": 13791.0234, ""601398.SH"": 11322.2084}",-0.008662271586,-0.03566985821,-0.00857417498
2025-08-29,V34 id2_close_vs_pm_vwap_20 Top2,181484.5359,183359.6513,547.5432263,2,1189.042206,686.0731976,2286910.659,0,"{""601288.SH"": 13791.0234, ""601398.SH"": 11322.2084}",0.00312909211,-0.03265238037,0.003096993553
2025-09-01,V34 id2_close_vs_pm_vwap_20 Top2,181332.1562,183207.2716,547.5432263,2,1189.042206,686.0731976,2286910.659,0,"{""601288.SH"": 13791.0234, ""601398.SH"": 11322.2084}",-0.0008396291923,-0.03346459367,-0.0008310427796
2025-09-02,V34 id2_close_vs_pm_vwap_20 Top2,184243.9108,186411.229,274.9108267,2,1373.013539,794.3046687,2647682.229,0,"{""601939.SH"": 10000.0, ""601988.SH"": 16300.0}",0.0160575747,-0.01794437918,0.01748815655
2025-09-03,V34 id2_close_vs_pm_vwap_20 Top2,182039.9108,184207.229,274.9108267,2,1373.013539,794.3046687,2647682.229,0,"{""601939.SH"": 10000.0, ""601988.SH"": 16300.0}",-0.01196240348,-0.02969212476,-0.01182332208
2025-09-04,V34 id2_close_vs_pm_vwap_20 Top2,183880.9108,186048.229,274.9108267,2,1373.013539,794.3046687,2647682.229,0,"{""601939.SH"": 10000.0, ""601988.SH"": 16300.0}",0.0101131669,-0.01987923927,0.009994178891
2025-09-05,V34 id2_close_vs_pm_vwap_20 Top2,180750.9108,182918.229,274.9108267,2,1373.013539,794.3046687,2647682.229,0,"{""601939.SH"": 10000.0, ""601988.SH"": 16300.0}",-0.01702188653,-0.03656274365,-0.0168235947
2025-09-08,V34 id2_close_vs_pm_vwap_20 Top2,179435.9108,181603.229,274.9108267,2,1373.013539,794.3046687,2647682.229,0,"{""601939.SH"": 10000.0, ""601988.SH"": 16300.0}",-0.007275205386,-0.04357194757,-0.007189004655
2025-09-09,V34 id2_close_vs_pm_vwap_20 Top2,179698.9108,181866.229,274.9108267,2,1373.013539,794.3046687,2647682.229,0,"{""601939.SH"": 10000.0, ""601988.SH"": 16300.0}",0.001465704378,-0.04217010679,0.001448212135
2025-09-10,V34 id2_close_vs_pm_vwap_20 Top2,181261.9108,183429.229,274.9108267,2,1373.013539,794.3046687,2647682.229,0,"{""601939.SH"": 10000.0, ""601988.SH"": 16300.0}",0.008697882435,-0.03383901498,0.008594228892
2025-09-11,V34 id2_close_vs_pm_vwap_20 Top2,181524.9108,183692.229,274.9108267,2,1373.013539,794.3046687,2647682.229,0,"{""601939.SH"": 10000.0, ""601988.SH"": 16300.0}",0.001450939134,-0.0324371742,0.001433795483
2025-09-12,V34 id2_close_vs_pm_vwap_20 Top2,180798.9108,182966.229,274.9108267,2,1373.013539,794.3046687,2647682.229,0,"{""601939.SH"": 10000.0, ""601988.SH"": 16300.0}",-0.003999451076,-0.03630689438,-0.003952262999
2025-09-15,V34 id2_close_vs_pm_vwap_20 Top2,179672.9108,181840.229,274.9108267,2,1373.013539,794.3046687,2647682.229,0,"{""601939.SH"": 10000.0, ""601988.SH"": 16300.0}",-0.006227913624,-0.04230869181,-0.006154141155
2025-09-16,V34 id2_close_vs_pm_vwap_20 Top2,178557.9108,180725.229,274.9108267,2,1373.013539,794.3046687,2647682.229,0,"{""601939.SH"": 10000.0, ""601988.SH"": 16300.0}",-0.006205721246,-0.0482518571,-0.006131756465
2025-09-17,V34 id2_close_vs_pm_vwap_20 Top2,178294.9108,180462.229,274.9108267,2,1373.013539,794.3046687,2647682.229,0,"{""601939.SH"": 10000.0, ""601988.SH"": 16300.0}",-0.001472911498,-0.04965369789,-0.001455247845
2025-09-18,V34 id2_close_vs_pm_vwap_20 Top2,174364.9108,176532.229,274.9108267,2,1373.013539,794.3046687,2647682.229,0,"{""601939.SH"": 10000.0, ""601988.SH"": 16300.0}",-0.02204213223,-0.07060135674,-0.02177741027
2025-09-19,V34 id2_close_vs_pm_vwap_20 Top2,175301.9108,177469.229,274.9108267,2,1373.013539,794.3046687,2647682.229,0,"{""601939.SH"": 10000.0, ""601988.SH"": 16300.0}",0.005373787625,-0.06560696581,0.005307812659
2025-09-22,V34 id2_close_vs_pm_vwap_20 Top2,171097.9108,173265.229,274.9108267,2,1373.013539,794.3046687,2647682.229,0,"{""601939.SH"": 10000.0, ""601988.SH"": 16300.0}",-0.02398148417,-0.08801509757,-0.02368861364
2025-09-23,V34 id2_close_vs_pm_vwap_20 Top2,175164.9108,177332.229,274.9108267,2,1373.013539,794.3046687,2647682.229,0,"{""601939.SH"": 10000.0, ""601988.SH"": 16300.0}",0.02377001554,-0.06633720227,0.02347268418
2025-09-24,V34 id2_close_vs_pm_vwap_20 Top2,173838.9108,176006.229,274.9108267,2,1373.013539,794.3046687,2647682.229,0,"{""601939.SH"": 10000.0, ""601988.SH"": 16300.0}",-0.007570009277,-0.07340503831,-0.007477490173
2025-09-25,V34 id2_close_vs_pm_vwap_20 Top2,172986.9108,175154.229,274.9108267,2,1373.013539,794.3046687,2647682.229,0,"{""601939.SH"": 10000.0, ""601988.SH"": 16300.0}",-0.004901089152,-0.07794636282,-0.004840737766
2025-09-26,V34 id2_close_vs_pm_vwap_20 Top2,172286.9108,174454.229,274.9108267,2,1373.013539,794.3046687,2647682.229,0,"{""601939.SH"": 10000.0, ""601988.SH"": 16300.0}",-0.004046548936,-0.08167749799,-0.003996477869
2025-09-29,V34 id2_close_vs_pm_vwap_20 Top2,171034.9108,173202.229,274.9108267,2,1373.013539,794.3046687,2647682.229,0,"{""601939.SH"": 10000.0, ""601988.SH"": 16300.0}",-0.007266947872,-0.08835089974,-0.007176667524
2025-09-30,V34 id2_close_vs_pm_vwap_20 Top2,170808.9108,172976.229,274.9108267,2,1373.013539,794.3046687,2647682.229,0,"{""601939.SH"": 10000.0, ""601988.SH"": 16300.0}",-0.001321367661,-0.08955552338,-0.001304833092
2025-10-09,V34 id2_close_vs_pm_vwap_20 Top2,172223.9108,174391.229,274.9108267,2,1373.013539,794.3046687,2647682.229,0,"{""601939.SH"": 10000.0, ""601988.SH"": 16300.0}",0.008284111134,-0.08201330015,0.008180314763
2025-10-10,V34 id2_close_vs_pm_vwap_20 Top2,172014.414,174326.229,715.4139715,2,1465.845894,845.9691687,2819897.229,0,"{""601398.SH"": 11700.0, ""601988.SH"": 16400.0}",-0.001216421426,-0.08312995884,-0.0003727251672
2025-10-13,V34 id2_close_vs_pm_vwap_20 Top2,171054.414,173366.229,715.4139715,2,1465.845894,845.9691687,2819897.229,0,"{""601398.SH"": 11700.0, ""601988.SH"": 16400.0}",-0.005580927655,-0.08824694421,-0.005506916574
2025-10-14,V34 id2_close_vs_pm_vwap_20 Top2,175057.414,177369.229,715.4139715,2,1465.845894,845.9691687,2819897.229,0,"{""601398.SH"": 11700.0, ""601988.SH"": 16400.0}",0.02340190999,-0.06691018126,0.02308984871
2025-10-15,V34 id2_close_vs_pm_vwap_20 Top2,174589.414,176901.229,715.4139715,2,1465.845894,845.9691687,2819897.229,0,"{""601398.SH"": 11700.0, ""601988.SH"": 16400.0}",-0.002673408623,-0.06940471163,-0.002638563648
2025-10-16,V34 id2_close_vs_pm_vwap_20 Top2,178218.414,180530.229,715.4139715,2,1465.845894,845.9691687,2819897.229,0,"{""601398.SH"": 11700.0, ""601988.SH"": 16400.0}",0.02078591088,-0.0500614409,0.0205142724
2025-10-17,V34 id2_close_vs_pm_vwap_20 Top2,177445.414,179757.229,715.4139715,2,1465.845894,845.9691687,2819897.229,0,"{""601398.SH"": 11700.0, ""601988.SH"": 16400.0}",-0.004337374476,-0.05418168016,-0.004281831382
2025-10-20,V34 id2_close_vs_pm_vwap_20 Top2,177656.414,179968.229,715.4139715,2,1465.845894,845.9691687,2819897.229,0,"{""601398.SH"": 11700.0, ""601988.SH"": 16400.0}",0.001189098074,-0.05305700941,0.001173805366
2025-10-21,V34 id2_close_vs_pm_vwap_20 Top2,178499.414,180811.229,715.4139715,2,1465.845894,845.9691687,2819897.229,0,"{""601398.SH"": 11700.0, ""601988.SH"": 16400.0}",0.004745114354,-0.04856365664,0.004684160113
2025-10-22,V34 id2_close_vs_pm_vwap_20 Top2,181051.414,183363.229,715.4139715,2,1465.845894,845.9691687,2819897.229,0,"{""601398.SH"": 11700.0, ""601988.SH"": 16400.0}",0.01429696571,-0.03496100387,0.01411416765
2025-10-23,V34 id2_close_vs_pm_vwap_20 Top2,182479.414,184791.229,715.4139715,2,1465.845894,845.9691687,2819897.229,0,"{""601398.SH"": 11700.0, ""601988.SH"": 16400.0}",0.007887262345,-0.02734948813,0.007787820969
2025-10-24,V34 id2_close_vs_pm_vwap_20 Top2,183135.414,185447.229,715.4139715,2,1465.845894,845.9691687,2819897.229,0,"{""601398.SH"": 11700.0, ""601988.SH"": 16400.0}",0.003594926056,-0.02385288146,0.003549952037
2025-10-27,V34 id2_close_vs_pm_vwap_20 Top2,184938.414,187250.229,715.4139715,2,1465.845894,845.9691687,2819897.229,0,"{""601398.SH"": 11700.0, ""601988.SH"": 16400.0}",0.009845173912,-0.01424254332,0.009722442386
2025-10-28,V34 id2_close_vs_pm_vwap_20 Top2,186038.414,188350.229,715.4139715,2,1465.845894,845.9691687,2819897.229,0,"{""601398.SH"": 11700.0, ""601988.SH"": 16400.0}",0.005947925995,-0.008379330914,0.005874492147
2025-10-29,V34 id2_close_vs_pm_vwap_20 Top2,184166.414,186478.229,715.4139715,2,1465.845894,845.9691687,2819897.229,0,"{""601398.SH"": 11700.0, ""601988.SH"": 16400.0}",-0.01006243797,-0.01835745238,-0.009938931371
2025-10-30,V34 id2_close_vs_pm_vwap_20 Top2,185103.414,187415.229,715.4139715,2,1465.845894,845.9691687,2819897.229,0,"{""601398.SH"": 11700.0, ""601988.SH"": 16400.0}",0.005087789786,-0.01336306146,0.005024715243
2025-10-31,V34 id2_close_vs_pm_vwap_20 Top2,183745.414,186057.229,715.4139715,2,1465.845894,845.9691687,2819897.229,0,"{""601398.SH"": 11700.0, ""601988.SH"": 16400.0}",-0.007336439512,-0.02060146367,-0.007245942643
2025-11-03,V34 id2_close_vs_pm_vwap_20 Top2,186297.414,188609.229,715.4139715,2,1465.845894,845.9691687,2819897.229,0,"{""601398.SH"": 11700.0, ""601988.SH"": 16400.0}",0.01388878201,-0.006998810903,0.01371620986
2025-11-04,V34 id2_close_vs_pm_vwap_20 Top2,189808.414,192120.229,715.4139715,2,1465.845894,845.9691687,2819897.229,0,"{""601398.SH"": 11700.0, ""601988.SH"": 16400.0}",0.018846209,0,0.01861520785
2025-11-05,V34 id2_close_vs_pm_vwap_20 Top2,189269.414,191581.229,715.4139715,2,1465.845894,845.9691687,2819897.229,0,"{""601398.SH"": 11700.0, ""601988.SH"": 16400.0}",-0.002839705515,-0.002839705515,-0.002805534861
2025-11-06,V34 id2_close_vs_pm_vwap_20 Top2,188192.414,190504.229,715.4139715,2,1465.845894,845.9691687,2819897.229,0,"{""601398.SH"": 11700.0, ""601988.SH"": 16400.0}",-0.00569030134,-0.008513848075,-0.005621636344
2025-11-07,V34 id2_close_vs_pm_vwap_20 Top2,187396.414,189708.229,715.4139715,2,1465.845894,845.9691687,2819897.229,0,"{""601398.SH"": 11700.0, ""601988.SH"": 16400.0}",-0.004229713532,-0.01270755047,-0.004178384932
2025-11-10,V34 id2_close_vs_pm_vwap_20 Top2,188543.414,190855.229,715.4139715,2,1465.845894,845.9691687,2819897.229,0,"{""601398.SH"": 11700.0, ""601988.SH"": 16400.0}",0.006120714776,-0.006664614985,0.006046126759
2025-11-11,V34 id2_close_vs_pm_vwap_20 Top2,189339.414,191651.229,715.4139715,2,1465.845894,845.9691687,2819897.229,0,"{""601398.SH"": 11700.0, ""601988.SH"": 16400.0}",0.004221839327,-0.002470912591,0.004170700504
2025-11-12,V34 id2_close_vs_pm_vwap_20 Top2,191002.414,193314.229,715.4139715,2,1465.845894,845.9691687,2819897.229,0,"{""601398.SH"": 11700.0, ""601988.SH"": 16400.0}",0.008783168624,0,0.008677220639
2025-11-13,V34 id2_close_vs_pm_vwap_20 Top2,190908.414,193220.229,715.4139715,2,1465.845894,845.9691687,2819897.229,0,"{""601398.SH"": 11700.0, ""601988.SH"": 16400.0}",-0.0004921403769,-0.0004921403769,-0.000486254946
2025-11-14,V34 id2_close_vs_pm_vwap_20 Top2,192688.414,195000.229,715.4139715,2,1465.845894,845.9691687,2819897.229,0,"{""601398.SH"": 11700.0, ""601988.SH"": 16400.0}",0.009323842585,0,0.009212285944
2025-11-17,V34 id2_close_vs_pm_vwap_20 Top2,190932.414,193244.229,715.4139715,2,1465.845894,845.9691687,2819897.229,0,"{""601398.SH"": 11700.0, ""601988.SH"": 16400.0}",-0.009113158201,-0.009113158201,-0.009005117628
2025-11-18,V34 id2_close_vs_pm_vwap_20 Top2,191447.414,193759.229,715.4139715,2,1465.845894,845.9691687,2819897.229,0,"{""601398.SH"": 11700.0, ""601988.SH"": 16400.0}",0.002697289524,-0.006440449503,0.00266502137
2025-11-19,V34 id2_close_vs_pm_vwap_20 Top2,195406.414,197718.229,715.4139715,2,1465.845894,845.9691687,2819897.229,0,"{""601398.SH"": 11700.0, ""601988.SH"": 16400.0}",0.02067930779,0,0.02043257511
2025-11-20,V34 id2_close_vs_pm_vwap_20 Top2,199810.414,202122.229,715.4139715,2,1465.845894,845.9691687,2819897.229,0,"{""601398.SH"": 11700.0, ""601988.SH"": 16400.0}",0.02253764301,0,0.02227412223
2025-11-21,V34 id2_close_vs_pm_vwap_20 Top2,200396.414,202708.229,715.4139715,2,1465.845894,845.9691687,2819897.229,0,"{""601398.SH"": 11700.0, ""601988.SH"": 16400.0}",0.002932780071,0,0.002899235788
2025-11-24,V34 id2_close_vs_pm_vwap_20 Top2,197843.414,200155.229,715.4139715,2,1465.845894,845.9691687,2819897.229,0,"{""601398.SH"": 11700.0, ""601988.SH"": 16400.0}",-0.01273974893,-0.01273974893,-0.01259445663
2025-11-25,V34 id2_close_vs_pm_vwap_20 Top2,200606.414,202918.229,715.4139715,2,1465.845894,845.9691687,2819897.229,0,"{""601398.SH"": 11700.0, ""601988.SH"": 16400.0}",0.01396558998,0,0.01380428587
2025-11-26,V34 id2_close_vs_pm_vwap_20 Top2,197047.414,199359.229,715.4139715,2,1465.845894,845.9691687,2819897.229,0,"{""601398.SH"": 11700.0, ""601988.SH"": 16400.0}",-0.01774120742,-0.01774120742,-0.01753908467
2025-11-27,V34 id2_close_vs_pm_vwap_20 Top2,197375.414,199687.229,715.4139715,2,1465.845894,845.9691687,2819897.229,0,"{""601398.SH"": 11700.0, ""601988.SH"": 16400.0}",0.00166457399,-0.01610616498,0.00164527121
2025-11-28,V34 id2_close_vs_pm_vwap_20 Top2,195150.414,197462.229,715.4139715,2,1465.845894,845.9691687,2819897.229,0,"{""601398.SH"": 11700.0, ""601988.SH"": 16400.0}",-0.01127293392,-0.02719753517,-0.01114242514
2025-12-01,V34 id2_close_vs_pm_vwap_20 Top2,194916.414,197228.229,715.4139715,2,1465.845894,845.9691687,2819897.229,0,"{""601398.SH"": 11700.0, ""601988.SH"": 16400.0}",-0.001199075089,-0.02836399838,-0.001185036759
2025-12-02,V34 id2_close_vs_pm_vwap_20 Top2,194346.632,196824.229,306.6319768,2,1571.826189,905.7708687,3019236.229,0,"{""601398.SH"": 12000.0, ""601939.SH"": 10100.0}",-0.002923211971,-0.03120429637,-0.002048388316
2025-12-03,V34 id2_close_vs_pm_vwap_20 Top2,192250.632,194728.229,306.6319768,2,1571.826189,905.7708687,3019236.229,0,"{""601398.SH"": 12000.0, ""601939.SH"": 10100.0}",-0.01078485374,-0.04165261633,-0.01064909544
2025-12-04,V34 id2_close_vs_pm_vwap_20 Top2,191745.632,194223.229,306.6319768,2,1571.826189,905.7708687,3019236.229,0,"{""601398.SH"": 12000.0, ""601939.SH"": 10100.0}",-0.002626779401,-0.0441699835,-0.002593357946
2025-12-05,V34 id2_close_vs_pm_vwap_20 Top2,190217.632,192695.229,306.6319768,2,1571.826189,905.7708687,3019236.229,0,"{""601398.SH"": 12000.0, ""601939.SH"": 10100.0}",-0.007968890786,-0.05178688851,-0.007867236106
2025-12-08,V34 id2_close_vs_pm_vwap_20 Top2,190217.632,192695.229,306.6319768,2,1571.826189,905.7708687,3019236.229,0,"{""601398.SH"": 12000.0, ""601939.SH"": 10100.0}",0,-0.05178688851,0
2025-12-09,V34 id2_close_vs_pm_vwap_20 Top2,191840.632,194318.229,306.6319768,2,1571.826189,905.7708687,3019236.229,0,"{""601398.SH"": 12000.0, ""601939.SH"": 10100.0}",0.008532332062,-0.04369641938,0.008422626798
2025-12-10,V34 id2_close_vs_pm_vwap_20 Top2,188405.632,190883.229,306.6319768,2,1571.826189,905.7708687,3019236.229,0,"{""601398.SH"": 12000.0, ""601939.SH"": 10100.0}",-0.0179054873,-0.060819501,-0.01767718869
2025-12-11,V34 id2_close_vs_pm_vwap_20 Top2,188505.7248,190983.3218,306.6319768,2,1571.826189,905.7708687,3019236.229,0,"{""601398.SH"": 12000.0, ""601939.SH"": 10313.0976}",0.0005312622165,-0.06032054988,0.0005243666201
2025-12-12,V34 id2_close_vs_pm_vwap_20 Top2,187526.9389,190004.536,306.6319768,2,1571.826189,905.7708687,3019236.229,0,"{""601398.SH"": 12000.0, ""601939.SH"": 10313.0976}",-0.005192340227,-0.06519968529,-0.005124980801
2025-12-15,V34 id2_close_vs_pm_vwap_20 Top2,187284.4681,189762.0651,306.6319768,2,1571.826189,905.7708687,3019236.229,0,"{""601398.SH"": 12214.7925, ""601939.SH"": 10313.0976}",-0.001292992082,-0.0664083747,-0.001276131888
2025-12-16,V34 id2_close_vs_pm_vwap_20 Top2,186627.6483,189105.2454,306.6319768,2,1571.826189,905.7708687,3019236.229,0,"{""601398.SH"": 12214.7925, ""601939.SH"": 10313.0976}",-0.00350707008,-0.06968254596,-0.003461280599
2025-12-17,V34 id2_close_vs_pm_vwap_20 Top2,187800.1229,190277.72,306.6319768,2,1571.826189,905.7708687,3019236.229,0,"{""601398.SH"": 12214.7925, ""601939.SH"": 10313.0976}",0.006282427317,-0.06383789417,0.006200116943
2025-12-18,V34 id2_close_vs_pm_vwap_20 Top2,192370.798,194848.3951,306.6319768,2,1571.826189,905.7708687,3019236.229,0,"{""601398.SH"": 12214.7925, ""601939.SH"": 10313.0976}",0.02433797713,-0.04105360224,0.0240210735
2025-12-19,V34 id2_close_vs_pm_vwap_20 Top2,191130.3019,193607.8989,306.6319768,2,1571.826189,905.7708687,3019236.229,0,"{""601398.SH"": 12214.7925, ""601939.SH"": 10313.0976}",-0.006448464151,-0.04723733371,-0.006366468629
2025-12-22,V34 id2_close_vs_pm_vwap_20 Top2,191458.7117,193936.3088,306.6319768,2,1571.826189,905.7708687,3019236.229,0,"{""601398.SH"": 12214.7925, ""601939.SH"": 10313.0976}",0.001718251235,-0.04560024808,0.001696262803
2025-12-23,V34 id2_close_vs_pm_vwap_20 Top2,192134.5484,194612.1455,306.6319768,2,1571.826189,905.7708687,3019236.229,0,"{""601398.SH"": 12214.7925, ""601939.SH"": 10313.0976}",0.003529934453,-0.04223127952,0.003484838435
2025-12-24,V34 id2_close_vs_pm_vwap_20 Top2,191496.7456,193974.3427,306.6319768,2,1571.826189,905.7708687,3019236.229,0,"{""601398.SH"": 12214.7925, ""601939.SH"": 10313.0976}",-0.003319563354,-0.04541065346,-0.003277302167
2025-12-25,V34 id2_close_vs_pm_vwap_20 Top2,191195.3989,193672.996,306.6319768,2,1571.826189,905.7708687,3019236.229,0,"{""601398.SH"": 12214.7925, ""601939.SH"": 10313.0976}",-0.001573638724,-0.04691283222,-0.001553538938
2025-12-26,V34 id2_close_vs_pm_vwap_20 Top2,189450.2186,191927.8156,306.6319768,2,1571.826189,905.7708687,3019236.229,0,"{""601398.SH"": 12214.7925, ""601939.SH"": 10313.0976}",-0.009127732007,-0.05561235647,-0.009010963833
2025-12-29,V34 id2_close_vs_pm_vwap_20 Top2,192039.4637,194517.0607,306.6319768,2,1571.826189,905.7708687,3019236.229,0,"{""601398.SH"": 12214.7925, ""601939.SH"": 10313.0976}",0.01366715299,-0.04270526607,0.01349072365
2025-12-30,V34 id2_close_vs_pm_vwap_20 Top2,191279.513,193757.11,306.6319768,2,1571.826189,905.7708687,3019236.229,0,"{""601398.SH"": 12214.7925, ""601939.SH"": 10313.0976}",-0.003957263346,-0.04649353343,-0.003906859007
2025-12-31,V34 id2_close_vs_pm_vwap_20 Top2,192875.4822,195353.0793,306.6319768,2,1571.826189,905.7708687,3019236.229,0,"{""601398.SH"": 12214.7925, ""601939.SH"": 10313.0976}",0.008343649721,-0.03853780946,0.0082369584
2026-01-05,V34 id2_close_vs_pm_vwap_20 Top2,191222.4621,193700.0592,306.6319768,2,1571.826189,905.7708687,3019236.229,0,"{""601398.SH"": 12214.7925, ""601939.SH"": 10313.0976}",-0.008570400349,-0.04677792536,-0.008461704859
2026-01-06,V34 id2_close_vs_pm_vwap_20 Top2,188673.685,191305.7325,293.7107093,2,1669.080551,962.9669275,3209889.758,0,"{""601939.SH"": 10313.0976, ""601988.SH"": 16800.0}",-0.01332885846,-0.05948328747,-0.01236100144
2026-01-07,V34 id2_close_vs_pm_vwap_20 Top2,186932.1133,189564.1607,293.7107093,2,1669.080551,962.9669275,3209889.758,0,"{""601939.SH"": 10313.0976, ""601988.SH"": 16800.0}",-0.009230602114,-0.06816482302,-0.00910360444
2026-01-08,V34 id2_close_vs_pm_vwap_20 Top2,186775.7681,189407.8156,293.7107093,2,1669.080551,962.9669275,3209889.758,0,"{""601939.SH"": 10313.0976, ""601988.SH"": 16800.0}",-0.0008363737823,-0.06894418554,-0.0008247609569
2026-01-09,V34 id2_close_vs_pm_vwap_20 Top2,185962.3752,188594.4227,293.7107093,2,1669.080551,962.9669275,3209889.758,0,"{""601939.SH"": 10313.0976, ""601988.SH"": 16800.0}",-0.004354916791,-0.07299885613,-0.004294400029
2026-01-12,V34 id2_close_vs_pm_vwap_20 Top2,187150.0301,189782.0776,293.7107093,2,1669.080551,962.9669275,3209889.758,0,"{""601939.SH"": 10313.0976, ""601988.SH"": 16800.0}",0.00638653319,-0.06707853256,0.00629740193
2026-01-13,V34 id2_close_vs_pm_vwap_20 Top2,188414.2089,191046.2564,293.7107093,2,1669.080551,962.9669275,3209889.758,0,"{""601939.SH"": 10313.0976, ""601988.SH"": 16800.0}",0.006754894914,-0.06077674609,0.006661212706
2026-01-14,V34 id2_close_vs_pm_vwap_20 Top2,185729.5062,188361.5537,293.7107093,2,1669.080551,962.9669275,3209889.758,0,"{""601939.SH"": 10313.0976, ""601988.SH"": 16800.0}",-0.01424893965,-0.07415968155,-0.01405263177
2026-01-15,V34 id2_close_vs_pm_vwap_20 Top2,184644.9823,187277.0298,293.7107093,2,1669.080551,962.9669275,3209889.758,0,"{""601939.SH"": 10313.0976, ""601988.SH"": 16800.0}",-0.005839265539,-0.07956590902,-0.005757671266
2026-01-16,V34 id2_close_vs_pm_vwap_20 Top2,183315.9345,185947.982,293.7107093,2,1669.080551,962.9669275,3209889.758,0,"{""601939.SH"": 10313.0976, ""601988.SH"": 16800.0}",-0.007197855007,-0.08619106015,-0.007096694196
2026-01-19,V34 id2_close_vs_pm_vwap_20 Top2,182540.8035,185172.851,293.7107093,2,1669.080551,962.9669275,3209889.758,0,"{""601939.SH"": 10313.0976, ""601988.SH"": 16800.0}",-0.004228388429,-0.09005499929,-0.004168536642
2026-01-20,V34 id2_close_vs_pm_vwap_20 Top2,184709.8513,187341.8988,293.7107093,2,1669.080551,962.9669275,3209889.758,0,"{""601939.SH"": 10313.0976, ""601988.SH"": 16800.0}",0.01188253677,-0.07924254436,0.01171363836
2026-01-21,V34 id2_close_vs_pm_vwap_20 Top2,181211.7557,183843.8032,293.7107093,2,1669.080551,962.9669275,3209889.758,0,"{""601939.SH"": 10313.0976, ""601988.SH"": 16800.0}",-0.0189383273,-0.09668015042,-0.01867225454
2026-01-22,V34 id2_close_vs_pm_vwap_20 Top2,178954.5291,181586.5766,293.7107093,2,1669.080551,962.9669275,3209889.758,0,"{""601939.SH"": 10313.0976, ""601988.SH"": 16800.0}",-0.0124562923,-0.1079321665,-0.01227795856
2026-01-23,V34 id2_close_vs_pm_vwap_20 Top2,178038.0052,180670.0527,293.7107093,2,1669.080551,962.9669275,3209889.758,0,"{""601939.SH"": 10313.0976, ""601988.SH"": 16800.0}",-0.005121546293,-0.1125009332,-0.005047310888
2026-01-26,V34 id2_close_vs_pm_vwap_20 Top2,179122.5291,181754.5766,293.7107093,2,1669.080551,962.9669275,3209889.758,0,"{""601939.SH"": 10313.0976, ""601988.SH"": 16800.0}",0.006091530311,-0.1070947057,0.006002787341
2026-01-27,V34 id2_close_vs_pm_vwap_20 Top2,179767.922,182399.9695,293.7107093,2,1669.080551,962.9669275,3209889.758,0,"{""601939.SH"": 10313.0976, ""601988.SH"": 16800.0}",0.003603080707,-0.1038774959,0.003550903317
2026-01-28,V34 id2_close_vs_pm_vwap_20 Top2,179832.791,182464.8385,293.7107093,2,1669.080551,962.9669275,3209889.758,0,"{""601939.SH"": 10313.0976, ""601988.SH"": 16800.0}",0.0003608487153,-0.1035541313,0.0003556416369
2026-01-29,V34 id2_close_vs_pm_vwap_20 Top2,180955.5769,183587.6244,293.7107093,2,1669.080551,962.9669275,3209889.758,0,"{""601939.SH"": 10313.0976, ""601988.SH"": 16800.0}",0.006243499037,-0.09795717234,0.006153436831
2026-01-30,V34 id2_close_vs_pm_vwap_20 Top2,180439.922,183071.9695,293.7107093,2,1669.080551,962.9669275,3209889.758,0,"{""601939.SH"": 10313.0976, ""601988.SH"": 16800.0}",-0.002849621383,-0.1005276529,-0.002808767111
2026-02-02,V34 id2_close_vs_pm_vwap_20 Top2,182001.8389,184633.8863,293.7107093,2,1669.080551,962.9669275,3209889.758,0,"{""601939.SH"": 10313.0976, ""601988.SH"": 16800.0}",0.008656159992,-0.09274167632,0.00853170935
2026-02-03,V34 id2_close_vs_pm_vwap_20 Top2,178587.1644,181366.0527,346.8699329,2,1761.549327,1017.338927,3391129.758,0,"{""601398.SH"": 12400.0, ""601939.SH"": 10313.0976}",-0.01876175793,-0.1097634374,-0.01769899195
2026-02-04,V34 id2_close_vs_pm_vwap_20 Top2,180053.0812,182831.9695,346.8699329,2,1761.549327,1017.338927,3391129.758,0,"{""601398.SH"": 12400.0, ""601939.SH"": 10313.0976}",0.008208410939,-0.1024560098,0.008082641775
2026-02-05,V34 id2_close_vs_pm_vwap_20 Top2,181931.522,184710.4102,346.8699329,2,1761.549327,1017.338927,3391129.758,0,"{""601398.SH"": 12400.0, ""601939.SH"": 10313.0976}",0.01043270532,-0.09309219787,0.0102741372
2026-02-06,V34 id2_close_vs_pm_vwap_20 Top2,181538.653,184317.5412,346.8699329,2,1761.549327,1017.338927,3391129.758,2.910383046e-11,"{""601398.SH"": 12400.0, ""601939.SH"": 10313.0976}",-0.002159433502,-0.09505060496,-0.002126945759
2026-02-09,V34 id2_close_vs_pm_vwap_20 Top2,181992.9149,184771.8032,346.8699329,2,1761.549327,1017.338927,3391129.758,2.910383046e-11,"{""601398.SH"": 12400.0, ""601939.SH"": 10313.0976}",0.002502287778,-0.09278616115,0.002464561699
2026-02-10,V34 id2_close_vs_pm_vwap_20 Top2,183375.3557,186154.2439,346.8699329,2,1761.549327,1017.338927,3391129.758,0,"{""601398.SH"": 12400.0, ""601939.SH"": 10313.0976}",0.007596123946,-0.08589485239,0.007481881517
2026-02-11,V34 id2_close_vs_pm_vwap_20 Top2,183148.2247,185927.1129,346.8699329,2,1761.549327,1017.338927,3391129.758,2.910383046e-11,"{""601398.SH"": 12400.0, ""601939.SH"": 10313.0976}",-0.001238612329,-0.08702707429,-0.001220122472
2026-02-12,V34 id2_close_vs_pm_vwap_20 Top2,180237.26,183016.1483,346.8699329,2,1761.549327,1017.338927,3391129.758,0,"{""601398.SH"": 12400.0, ""601939.SH"": 10313.0976}",-0.01589403692,-0.1015378997,-0.01565648279
2026-02-13,V34 id2_close_vs_pm_vwap_20 Top2,178234.8193,181013.7076,346.8699329,2,1761.549327,1017.338927,3391129.758,2.910383046e-11,"{""601398.SH"": 12400.0, ""601939.SH"": 10313.0976}",-0.01111002652,-0.1115198374,-0.01094133364
2026-02-24,V34 id2_close_vs_pm_vwap_20 Top2,177408.5573,180187.4456,346.8699329,2,1761.549327,1017.338927,3391129.758,0,"{""601398.SH"": 12400.0, ""601939.SH"": 10313.0976}",-0.004635805483,-0.1156386586,-0.004564637473
2026-02-25,V34 id2_close_vs_pm_vwap_20 Top2,176975.1644,179754.0527,346.8699329,2,1761.549327,1017.338927,3391129.758,0,"{""601398.SH"": 12400.0, ""601939.SH"": 10313.0976}",-0.002442908816,-0.1177990728,-0.002405233769
2026-02-26,V34 id2_close_vs_pm_vwap_20 Top2,175549.7715,178328.6597,346.8699329,2,1761.549327,1017.338927,3391129.758,0,"{""601398.SH"": 12400.0, ""601939.SH"": 10313.0976}",-0.008054197512,-0.1249044933,-0.00792968452
2026-02-27,V34 id2_close_vs_pm_vwap_20 Top2,174744.3786,177523.2668,346.8699329,2,1761.549327,1017.338927,3391129.758,0,"{""601398.SH"": 12400.0, ""601939.SH"": 10313.0976}",-0.004587832397,-0.1289192848,-0.004516340391
2026-03-02,V34 id2_close_vs_pm_vwap_20 Top2,176477.9503,179256.8385,346.8699329,2,1761.549327,1017.338927,3391129.758,0,"{""601398.SH"": 12400.0, ""601939.SH"": 10313.0976}",0.00992061507,-0.1202776283,0.009765321169
2026-03-03,V34 id2_close_vs_pm_vwap_20 Top2,180235.0258,183163.7076,551.0257999,2,1857.614638,1071.067112,3570223.708,0,"{""601398.SH"": 12600.0, ""601988.SH"": 16600.0}",0.02128920651,-0.1015490371,0.0217948116
2026-03-04,V34 id2_close_vs_pm_vwap_20 Top2,178569.0258,181497.7076,551.0257999,2,1857.614638,1071.067112,3570223.708,0,"{""601398.SH"": 12600.0, ""601988.SH"": 16600.0}",-0.009243486346,-0.1098538563,-0.009095688345
2026-03-05,V34 id2_close_vs_pm_vwap_20 Top2,179611.0258,182539.7076,551.0257999,2,1857.614638,1071.067112,3570223.708,0,"{""601398.SH"": 12600.0, ""601988.SH"": 16600.0}",0.005835278517,-0.1046596056,0.005741119346
2026-03-06,V34 id2_close_vs_pm_vwap_20 Top2,179611.0258,182539.7076,551.0257999,2,1857.614638,1071.067112,3570223.708,0,"{""601398.SH"": 12600.0, ""601988.SH"": 16600.0}",0,-0.1046596056,0
2026-03-09,V34 id2_close_vs_pm_vwap_20 Top2,178987.0258,181915.7076,551.0257999,2,1857.614638,1071.067112,3570223.708,0,"{""601398.SH"": 12600.0, ""601988.SH"": 16600.0}",-0.003474174245,-0.1077701742,-0.003418434314
2026-03-10,V34 id2_close_vs_pm_vwap_20 Top2,177733.0258,180661.7076,551.0257999,2,1857.614638,1071.067112,3570223.708,0,"{""601398.SH"": 12600.0, ""601988.SH"": 16600.0}",-0.007006094405,-0.1140212206,-0.006893302491
2026-03-11,V34 id2_close_vs_pm_vwap_20 Top2,179239.0258,182167.7076,551.0257999,2,1857.614638,1071.067112,3570223.708,0,"{""601398.SH"": 12600.0, ""601988.SH"": 16600.0}",0.008473383004,-0.106513983,0.008336022173
2026-03-12,V34 id2_close_vs_pm_vwap_20 Top2,179909.0258,182837.7076,551.0257999,2,1857.614638,1071.067112,3570223.708,0,"{""601398.SH"": 12600.0, ""601988.SH"": 16600.0}",0.003738025226,-0.1031741097,0.003677929579
2026-03-13,V34 id2_close_vs_pm_vwap_20 Top2,180745.0258,183673.7076,551.0257999,2,1857.614638,1071.067112,3570223.708,0,"{""601398.SH"": 12600.0, ""601988.SH"": 16600.0}",0.00464679299,-0.09900674549,0.004572360982
2026-03-16,V34 id2_close_vs_pm_vwap_20 Top2,181541.0258,184469.7076,551.0257999,2,1857.614638,1071.067112,3570223.708,0,"{""601398.SH"": 12600.0, ""601988.SH"": 16600.0}",0.004403993949,-0.09503877665,0.004333772158
2026-03-17,V34 id2_close_vs_pm_vwap_20 Top2,184965.0258,187893.7076,551.0257999,2,1857.614638,1071.067112,3570223.708,0,"{""601398.SH"": 12600.0, ""601988.SH"": 16600.0}",0.01886075054,-0.07797052877,0.0185613131
2026-03-18,V34 id2_close_vs_pm_vwap_20 Top2,184965.0258,187893.7076,551.0257999,2,1857.614638,1071.067112,3570223.708,0,"{""601398.SH"": 12600.0, ""601988.SH"": 16600.0}",0,-0.07797052877,0
2026-03-19,V34 id2_close_vs_pm_vwap_20 Top2,187227.0258,190155.7076,551.0257999,2,1857.614638,1071.067112,3570223.708,0,"{""601398.SH"": 12600.0, ""601988.SH"": 16600.0}",0.01222933898,-0.06669471781,0.01203872141
2026-03-20,V34 id2_close_vs_pm_vwap_20 Top2,186517.0258,189445.7076,551.0257999,2,1857.614638,1071.067112,3570223.708,0,"{""601398.SH"": 12600.0, ""601988.SH"": 16600.0}",-0.00379218757,-0.0702339865,-0.003733782221
2026-03-23,V34 id2_close_vs_pm_vwap_20 Top2,181375.0258,184303.7076,551.0257999,2,1857.614638,1071.067112,3570223.708,0,"{""601398.SH"": 12600.0, ""601988.SH"": 16600.0}",-0.02756852881,-0.09586626764,-0.02714234102
2026-03-24,V34 id2_close_vs_pm_vwap_20 Top2,183585.0258,186513.7076,551.0257999,2,1857.614638,1071.067112,3570223.708,0,"{""601398.SH"": 12600.0, ""601988.SH"": 16600.0}",0.01218469847,-0.08484967073,0.01199107728
2026-03-25,V34 id2_close_vs_pm_vwap_20 Top2,185165.0258,188093.7076,551.0257999,2,1857.614638,1071.067112,3570223.708,0,"{""601398.SH"": 12600.0, ""601988.SH"": 16600.0}",0.008606366413,-0.07697355167,0.00847122724
2026-03-26,V34 id2_close_vs_pm_vwap_20 Top2,186671.0258,189599.7076,551.0257999,2,1857.614638,1071.067112,3570223.708,0,"{""601398.SH"": 12600.0, ""601988.SH"": 16600.0}",0.008133285395,-0.06946631414,0.008006647429
2026-03-27,V34 id2_close_vs_pm_vwap_20 Top2,186253.0258,189181.7076,551.0257999,2,1857.614638,1071.067112,3570223.708,0,"{""601398.SH"": 12600.0, ""601988.SH"": 16600.0}",-0.002239233423,-0.07154999627,-0.002204644751
2026-03-30,V34 id2_close_vs_pm_vwap_20 Top2,190055.0258,192983.7076,551.0257999,2,1857.614638,1071.067112,3570223.708,0,"{""601398.SH"": 12600.0, ""601988.SH"": 16600.0}",0.02041309119,-0.05259746168,0.02009708047
2026-03-31,V34 id2_close_vs_pm_vwap_20 Top2,194257.0258,197185.7076,551.0257999,2,1857.614638,1071.067112,3570223.708,0,"{""601398.SH"": 12600.0, ""601988.SH"": 16600.0}",0.02210938639,-0.0316509729,0.02177385881
2026-04-01,V34 id2_close_vs_pm_vwap_20 Top2,193501.0258,196429.7076,551.0257999,2,1857.614638,1071.067112,3570223.708,0,"{""601398.SH"": 12600.0, ""601988.SH"": 16600.0}",-0.003891751132,-0.03541954632,-0.003833949272
2026-04-02,V34 id2_close_vs_pm_vwap_20 Top2,197248.8691,200489.7076,576.8691499,2,2054.178288,1186.660112,3955533.708,0,"{""601288.SH"": 14300.0, ""601939.SH"": 10200.0}",0.0193685968,-0.01673697643,0.02066897136
2026-04-03,V34 id2_close_vs_pm_vwap_20 Top2,194268.8691,197509.7076,576.8691499,2,2054.178288,1186.660112,3955533.708,0,"{""601288.SH"": 14300.0, ""601939.SH"": 10200.0}",-0.01510781792,-0.03159193515,-0.0148636059
2026-04-07,V34 id2_close_vs_pm_vwap_20 Top2,190185.8691,193426.7076,576.8691499,2,2054.178288,1186.660112,3955533.708,0,"{""601288.SH"": 14300.0, ""601939.SH"": 10200.0}",-0.02101726343,-0.05194522256,-0.02067240163
2026-04-08,V34 id2_close_vs_pm_vwap_20 Top2,190245.8691,193486.7076,576.8691499,2,2054.178288,1186.660112,3955533.708,0,"{""601288.SH"": 14300.0, ""601939.SH"": 10200.0}",0.0003154808518,-0.05164612944,0.0003101950127
2026-04-09,V34 id2_close_vs_pm_vwap_20 Top2,189510.8691,192751.7076,576.8691499,2,2054.178288,1186.660112,3955533.708,0,"{""601288.SH"": 14300.0, ""601939.SH"": 10200.0}",-0.003863421599,-0.05531002026,-0.003798710564
2026-04-10,V34 id2_close_vs_pm_vwap_20 Top2,189061.8691,192302.7076,576.8691499,2,2054.178288,1186.660112,3955533.708,0,"{""601288.SH"": 14300.0, ""601939.SH"": 10200.0}",-0.002369257246,-0.05754823384,-0.002329421647
2026-04-13,V34 id2_close_vs_pm_vwap_20 Top2,190592.8691,193833.7076,576.8691499,2,2054.178288,1186.660112,3955533.708,0,"{""601288.SH"": 14300.0, ""601939.SH"": 10200.0}",0.00809787826,-0.04991637417,0.007961406366
2026-04-14,V34 id2_close_vs_pm_vwap_20 Top2,192716.8691,195957.7076,576.8691499,2,2054.178288,1186.660112,3955533.708,0,"{""601288.SH"": 14300.0, ""601939.SH"": 10200.0}",0.01114417349,-0.03932847742,0.01095784643
2026-04-15,V34 id2_close_vs_pm_vwap_20 Top2,196453.8691,199694.7076,576.8691499,2,2054.178288,1186.660112,3955533.708,0,"{""601288.SH"": 14300.0, ""601939.SH"": 10200.0}",0.01939114109,-0.02069996038,0.01907044151
2026-04-16,V34 id2_close_vs_pm_vwap_20 Top2,197066.8691,200307.7076,576.8691499,2,2054.178288,1186.660112,3955533.708,0,"{""601288.SH"": 14300.0, ""601939.SH"": 10200.0}",0.003120325411,-0.01764422558,0.003069685759
2026-04-17,V34 id2_close_vs_pm_vwap_20 Top2,197516.8691,200757.7076,576.8691499,2,2054.178288,1186.660112,3955533.708,0,"{""601288.SH"": 14300.0, ""601939.SH"": 10200.0}",0.002283488858,-0.01540102712,0.002246543608
2026-04-20,V34 id2_close_vs_pm_vwap_20 Top2,202639.8691,205880.7076,576.8691499,2,2054.178288,1186.660112,3955533.708,0,"{""601288.SH"": 14300.0, ""601939.SH"": 10200.0}",0.02593702514,0,0.02551832287
2026-04-21,V34 id2_close_vs_pm_vwap_20 Top2,203720.8691,206961.7076,576.8691499,2,2054.178288,1186.660112,3955533.708,0,"{""601288.SH"": 14300.0, ""601939.SH"": 10200.0}",0.005334586943,0,0.005250613391
2026-04-22,V34 id2_close_vs_pm_vwap_20 Top2,201535.8691,204776.7076,576.8691499,2,2054.178288,1186.660112,3955533.708,0,"{""601288.SH"": 14300.0, ""601939.SH"": 10200.0}",-0.01072545984,-0.01072545984,-0.01055750856
2026-04-23,V34 id2_close_vs_pm_vwap_20 Top2,200351.8691,203592.7076,576.8691499,2,2054.178288,1186.660112,3955533.708,0,"{""601288.SH"": 14300.0, ""601939.SH"": 10200.0}",-0.005874884729,-0.01653733373,-0.005781907592
2026-04-24,V34 id2_close_vs_pm_vwap_20 Top2,200596.8691,203837.7076,576.8691499,2,2054.178288,1186.660112,3955533.708,0,"{""601288.SH"": 14300.0, ""601939.SH"": 10200.0}",0.001222848587,-0.01533470779,0.001203382984
2026-04-27,V34 id2_close_vs_pm_vwap_20 Top2,198268.8691,201509.7076,576.8691499,2,2054.178288,1186.660112,3955533.708,0,"{""601288.SH"": 14300.0, ""601939.SH"": 10200.0}",-0.01160536558,-0.02676210848,-0.01142085058
2026-04-28,V34 id2_close_vs_pm_vwap_20 Top2,200350.8691,203591.7076,576.8691499,2,2054.178288,1186.660112,3955533.708,0,"{""601288.SH"": 14300.0, ""601939.SH"": 10200.0}",0.01050089209,-0.0165422424,0.01033200844
2026-04-29,V34 id2_close_vs_pm_vwap_20 Top2,199880.8691,203121.7076,576.8691499,2,2054.178288,1186.660112,3955533.708,0,"{""601288.SH"": 14300.0, ""601939.SH"": 10200.0}",-0.002345884507,-0.01884932072,-0.002308541962
2026-04-30,V34 id2_close_vs_pm_vwap_20 Top2,201022.8691,204263.7076,576.8691499,2,2054.178288,1186.660112,3955533.708,0,"{""601288.SH"": 14300.0, ""601939.SH"": 10200.0}",0.005713403213,-0.01324361128,0.005622244977
2026-05-06,V34 id2_close_vs_pm_vwap_20 Top2,198634.8691,201875.7076,576.8691499,2,2054.178288,1186.660112,3955533.708,0,"{""601288.SH"": 14300.0, ""601939.SH"": 10200.0}",-0.01187924543,-0.0249655326,-0.01169076988
2026-05-07,V34 id2_close_vs_pm_vwap_20 Top2,197434.7244,200994.7076,540.7244398,2,2255.136498,1304.846612,4349488.708,0,"{""601398.SH"": 13400.0, ""601988.SH"": 17200.0}",-0.006041963907,-0.03085665566,-0.004364071392
2026-05-08,V34 id2_close_vs_pm_vwap_20 Top2,198200.7244,201760.7076,540.7244398,2,2255.136498,1304.846612,4349488.708,0,"{""601398.SH"": 13400.0, ""601988.SH"": 17200.0}",0.00387976331,-0.02709660887,0.003811045621
2026-05-11,V34 id2_close_vs_pm_vwap_20 Top2,198334.7244,201894.7076,540.7244398,2,2255.136498,1304.846612,4349488.708,0,"{""601398.SH"": 13400.0, ""601988.SH"": 17200.0}",0.0006760822917,-0.02643884612,0.0006641531031
2026-05-12,V34 id2_close_vs_pm_vwap_20 Top2,199500.7244,203060.7076,540.7244398,2,2255.136498,1304.846612,4349488.708,0,"{""601398.SH"": 13400.0, ""601988.SH"": 17200.0}",0.005878950362,-0.02071532842,0.005775287595
2026-05-13,V34 id2_close_vs_pm_vwap_20 Top2,198061.4187,201621.4018,540.7244398,2,2255.136498,1304.846612,4349488.708,0,"{""601398.SH"": 13711.8526, ""601988.SH"": 17200.0}",-0.007214538955,-0.02778041583,-0.007088056402
2026-05-14,V34 id2_close_vs_pm_vwap_20 Top2,199709.2484,203269.2315,540.7244398,2,2255.136498,1304.846612,4349488.708,0,"{""601398.SH"": 13711.8526, ""601988.SH"": 17200.0}",0.008319791368,-0.01969175173,0.008172890709
2026-05-15,V34 id2_close_vs_pm_vwap_20 Top2,199402.5372,202962.5203,540.7244398,2,2255.136498,1304.846612,4349488.708,0,"{""601398.SH"": 13711.8526, ""601988.SH"": 17200.0}",-0.001535788443,-0.0211972978,-0.001508891205
2026-05-18,V34 id2_close_vs_pm_vwap_20 Top2,198716.9446,202276.9277,540.7244398,2,2255.136498,1304.846612,4349488.708,0,"{""601398.SH"": 13711.8526, ""601988.SH"": 17200.0}",-0.003438234233,-0.02456265076,-0.003377927258
2026-05-19,V34 id2_close_vs_pm_vwap_20 Top2,200364.7743,203924.7574,540.7244398,2,2255.136498,1304.846612,4349488.708,0,"{""601398.SH"": 13711.8526, ""601988.SH"": 17200.0}",0.008292346106,-0.01647398666,0.008146404537
2026-05-20,V34 id2_close_vs_pm_vwap_20 Top2,196346.2334,199906.2165,540.7244398,2,2255.136498,1304.846612,4349488.708,0,"{""601398.SH"": 13711.8526, ""601988.SH"": 17200.0}",-0.0200561244,-0.03619970673,-0.01970599788
2026-05-21,V34 id2_close_vs_pm_vwap_20 Top2,198340.4705,201900.4536,540.7244398,2,2255.136498,1304.846612,4349488.708,0,"{""601398.SH"": 13711.8526, ""601988.SH"": 17200.0}",0.01015673699,-0.02641064064,0.009975863114
2026-05-22,V34 id2_close_vs_pm_vwap_20 Top2,199783.8261,203343.8092,540.7244398,2,2255.136498,1304.846612,4349488.708,0,"{""601398.SH"": 13711.8526, ""601988.SH"": 17200.0}",0.007277161208,-0.01932567392,0.007148847623
2026-05-25,V34 id2_close_vs_pm_vwap_20 Top2,200334.7075,203894.6906,540.7244398,2,2255.136498,1304.846612,4349488.708,0,"{""601398.SH"": 13711.8526, ""601988.SH"": 17200.0}",0.002757387747,-0.01662157455,0.002709113576
2026-05-26,V34 id2_close_vs_pm_vwap_20 Top2,200643.8261,204203.8092,540.7244398,2,2255.136498,1304.846612,4349488.708,0,"{""601398.SH"": 13711.8526, ""601988.SH"": 17200.0}",0.001543010344,-0.01510421147,0.001516069521
2026-05-27,V34 id2_close_vs_pm_vwap_20 Top2,198789.1149,202349.098,540.7244398,2,2255.136498,1304.846612,4349488.708,0,"{""601398.SH"": 13711.8526, ""601988.SH"": 17200.0}",-0.009243798785,-0.02420838996,-0.0090826472
2026-05-28,V34 id2_close_vs_pm_vwap_20 Top2,197004.1667,200564.1498,540.7244398,2,2255.136498,1304.846612,4349488.708,0,"{""601398.SH"": 13711.8526, ""601988.SH"": 17200.0}",-0.008979104356,-0.03297012466,-0.008821132513
2026-05-29,V34 id2_close_vs_pm_vwap_20 Top2,200332.3002,203892.2833,540.7244398,2,2255.136498,1304.846612,4349488.708,0,"{""601398.SH"": 13711.8526, ""601988.SH"": 17200.0}",0.0168937212,-0.01663339155,0.01659386022
2026-06-01,V34 id2_close_vs_pm_vwap_20 Top2,202633.2484,206193.2315,540.7244398,2,2255.136498,1304.846612,4349488.708,0,"{""601398.SH"": 13711.8526, ""601988.SH"": 17200.0}",0.01148565761,-0.005338779385,0.01128511668
2026-06-02,V34 id2_close_vs_pm_vwap_20 Top2,202374.2608,206102.2315,312.2607822,2,2362.692232,1365.278469,4550928.231,0,"{""601288.SH"": 15500.0, ""601988.SH"": 17100.0}",-0.00127811005,-0.006610065887,-0.0004413335944
2026-06-03,V34 id2_close_vs_pm_vwap_20 Top2,200637.2608,204365.2315,312.2607822,2,2362.692232,1365.278469,4550928.231,0,"{""601288.SH"": 15500.0, ""601988.SH"": 17100.0}",-0.008583107324,-0.01513643831,-0.008427856348
2026-06-04,V34 id2_close_vs_pm_vwap_20 Top2,198852.2608,202580.2315,312.2607822,2,2362.692232,1365.278469,4550928.231,0,"{""601288.SH"": 15500.0, ""601988.SH"": 17100.0}",-0.008896652561,-0.02389842724,-0.008734362431
2026-06-05,V34 id2_close_vs_pm_vwap_20 Top2,202347.2608,206075.2315,312.2607822,2,2362.692232,1365.278469,4550928.231,0,"{""601288.SH"": 15500.0, ""601988.SH"": 17100.0}",0.01757586253,-0.006742600174,0.01725242377
2026-06-08,V34 id2_close_vs_pm_vwap_20 Top2,207141.2608,210869.2315,312.2607822,2,2362.692232,1365.278469,4550928.231,0,"{""601288.SH"": 15500.0, ""601988.SH"": 17100.0}",0.02369194414,0,0.02326334885
2026-06-09,V34 id2_close_vs_pm_vwap_20 Top2,207435.2608,211163.2315,312.2607822,2,2362.692232,1365.278469,4550928.231,0,"{""601288.SH"": 15500.0, ""601988.SH"": 17100.0}",0.001419321283,0,0.001394229011
2026-06-10,V34 id2_close_vs_pm_vwap_20 Top2,210679.2608,214407.2315,312.2607822,2,2362.692232,1365.278469,4550928.231,0,"{""601288.SH"": 15500.0, ""601988.SH"": 17100.0}",0.01563861413,0,0.015362523
2026-06-11,V34 id2_close_vs_pm_vwap_20 Top2,209872.2608,213600.2315,312.2607822,2,2362.692232,1365.278469,4550928.231,0,"{""601288.SH"": 15500.0, ""601988.SH"": 17100.0}",-0.003830467209,-0.003830467209,-0.003763865586
2026-06-12,V34 id2_close_vs_pm_vwap_20 Top2,213271.2608,216999.2315,312.2607822,2,2362.692232,1365.278469,4550928.231,0,"{""601288.SH"": 15500.0, ""601988.SH"": 17100.0}",0.01619556576,0,0.0159129041
2026-06-15,V34 id2_close_vs_pm_vwap_20 Top2,208675.2608,212403.2315,312.2607822,2,2362.692232,1365.278469,4550928.231,0,"{""601288.SH"": 15500.0, ""601988.SH"": 17100.0}",-0.0215500203,-0.0215500203,-0.02117979851
2026-06-16,V34 id2_close_vs_pm_vwap_20 Top2,206051.2608,209779.2315,312.2607822,2,2362.692232,1365.278469,4550928.231,0,"{""601288.SH"": 15500.0, ""601988.SH"": 17100.0}",-0.01257456198,-0.03385360022,-0.01235386101
2026-06-17,V34 id2_close_vs_pm_vwap_20 Top2,203101.2608,206829.2315,312.2607822,2,2362.692232,1365.278469,4550928.231,0,"{""601288.SH"": 15500.0, ""601988.SH"": 17100.0}",-0.01431682577,-0.04768574989,-0.01406240255
2026-06-18,V34 id2_close_vs_pm_vwap_20 Top2,197885.2608,201613.2315,312.2607822,2,2362.692232,1365.278469,4550928.231,0,"{""601288.SH"": 15500.0, ""601988.SH"": 17100.0}",-0.02568177066,-0.07214286606,-0.02521887241
2026-06-22,V34 id2_close_vs_pm_vwap_20 Top2,201086.2608,204814.2315,312.2607822,2,2362.692232,1365.278469,4550928.231,0,"{""601288.SH"": 15500.0, ""601988.SH"": 17100.0}",0.01617604054,-0.05713381144,0.01587693415
2026-06-23,V34 id2_close_vs_pm_vwap_20 Top2,207141.2608,210869.2315,312.2607822,2,2362.692232,1365.278469,4550928.231,0,"{""601288.SH"": 15500.0, ""601988.SH"": 17100.0}",0.03011145553,-0.02874273813,0.02956337534
2026-06-24,V34 id2_close_vs_pm_vwap_20 Top2,201524.2608,205252.2315,312.2607822,2,2362.692232,1365.278469,4550928.231,0,"{""601288.SH"": 15500.0, ""601988.SH"": 17100.0}",-0.0271167607,-0.05508008888,-0.02663736175
2026-06-25,V34 id2_close_vs_pm_vwap_20 Top2,196196.2608,199924.2315,312.2607822,2,2362.692232,1365.278469,4550928.231,0,"{""601288.SH"": 15500.0, ""601988.SH"": 17100.0}",-0.02643850413,-0.08006235785,-0.02595830487
2026-06-26,V34 id2_close_vs_pm_vwap_20 Top2,194753.2608,198481.2315,312.2607822,2,2362.692232,1365.278469,4550928.231,0,"{""601288.SH"": 15500.0, ""601988.SH"": 17100.0}",-0.007354880232,-0.08682838903,-0.007217734385
2026-06-29,V34 id2_close_vs_pm_vwap_20 Top2,196212.2608,199940.2315,312.2607822,2,2362.692232,1365.278469,4550928.231,0,"{""601288.SH"": 15500.0, ""601988.SH"": 17100.0}",0.007491530535,-0.07998733602,0.007350820977
2026-06-30,V34 id2_close_vs_pm_vwap_20 Top2,192209.2608,195937.2315,312.2607822,2,2362.692232,1365.278469,4550928.231,0,"{""601288.SH"": 15500.0, ""601988.SH"": 17100.0}",-0.02040137545,-0.0987568598,-0.02002098312
