trade_date,strategy,equity_net,equity_gross,cash,positions,fees_cumulative,slippage_cumulative,turnover_cumulative,accounting_residual,shares_json,daily_return_net,drawdown,gross_return_daily
2024-01-02,V36 V26+V34 50/50 Top2 mix,100000,100000,100000,0,0,0,0,0,{},0,0,0
2024-01-03,V36 V26+V34 50/50 Top2 mix,100960.2498,101016,404.2498359,2,25.88816412,29.862,99540,0,"{""601398.SH"": 10400.0, ""601988.SH"": 12400.0}",0.009602498359,0,0.01016
2024-01-04,V36 V26+V34 50/50 Top2 mix,102596.2498,102652,404.2498359,2,25.88816412,29.862,99540,0,"{""601398.SH"": 10400.0, ""601988.SH"": 12400.0}",0.0162043973,0,0.01619545419
2024-01-05,V36 V26+V34 50/50 Top2 mix,102140.2498,102196,404.2498359,2,25.88816412,29.862,99540,0,"{""601398.SH"": 10400.0, ""601988.SH"": 12400.0}",-0.004444606901,-0.004444606901,-0.004442193041
2024-01-08,V36 V26+V34 50/50 Top2 mix,101996.2498,102052,404.2498359,2,25.88816412,29.862,99540,0,"{""601398.SH"": 10400.0, ""601988.SH"": 12400.0}",-0.001409826197,-0.005848166975,-0.001409057106
2024-01-09,V36 V26+V34 50/50 Top2 mix,101996.2498,102052,404.2498359,2,25.88816412,29.862,99540,0,"{""601398.SH"": 10400.0, ""601988.SH"": 12400.0}",0,-0.005848166975,0
2024-01-10,V36 V26+V34 50/50 Top2 mix,100940.2498,100996,404.2498359,2,25.88816412,29.862,99540,0,"{""601398.SH"": 10400.0, ""601988.SH"": 12400.0}",-0.01035332183,-0.01614094085,-0.0103476659
2024-01-11,V36 V26+V34 50/50 Top2 mix,99468.24984,99524,404.2498359,2,25.88816412,29.862,99540,0,"{""601398.SH"": 10400.0, ""601988.SH"": 12400.0}",-0.01458288445,-0.03048844383,-0.01457483465
2024-01-12,V36 V26+V34 50/50 Top2 mix,100400.2498,100456,404.2498359,2,25.88816412,29.862,99540,0,"{""601398.SH"": 10400.0, ""601988.SH"": 12400.0}",0.009369824055,-0.02140429113,0.009364575379
2024-01-15,V36 V26+V34 50/50 Top2 mix,101168.2498,101224,404.2498359,2,25.88816412,29.862,99540,0,"{""601398.SH"": 10400.0, ""601988.SH"": 12400.0}",0.007649383356,-0.0139186374,0.00764513817
2024-01-16,V36 V26+V34 50/50 Top2 mix,101728.2498,101784,404.2498359,2,25.88816412,29.862,99540,0,"{""601398.SH"": 10400.0, ""601988.SH"": 12400.0}",0.005535333476,-0.008460348223,0.005532284834
2024-01-17,V36 V26+V34 50/50 Top2 mix,100712.2498,100768,404.2498359,2,25.88816412,29.862,99540,0,"{""601398.SH"": 10400.0, ""601988.SH"": 12400.0}",-0.009987392899,-0.0183632443,-0.009981922503
2024-01-18,V36 V26+V34 50/50 Top2 mix,100568.2498,100624,404.2498359,2,25.88816412,29.862,99540,0,"{""601398.SH"": 10400.0, ""601988.SH"": 12400.0}",-0.001429816137,-0.01976680437,-0.001429025087
2024-01-19,V36 V26+V34 50/50 Top2 mix,100488.2498,100544,404.2498359,2,25.88816412,29.862,99540,0,"{""601398.SH"": 10400.0, ""601988.SH"": 12400.0}",-0.000795479688,-0.02054655997,-0.0007950389569
2024-01-22,V36 V26+V34 50/50 Top2 mix,100860.2498,100916,404.2498359,2,25.88816412,29.862,99540,0,"{""601398.SH"": 10400.0, ""601988.SH"": 12400.0}",0.003701925356,-0.01692069645,0.003699872693
2024-01-23,V36 V26+V34 50/50 Top2 mix,100612.2498,100668,404.2498359,2,25.88816412,29.862,99540,0,"{""601398.SH"": 10400.0, ""601988.SH"": 12400.0}",-0.002458847766,-0.0193379388,-0.002457489397
2024-01-24,V36 V26+V34 50/50 Top2 mix,102932.2498,102988,404.2498359,2,25.88816412,29.862,99540,0,"{""601398.SH"": 10400.0, ""601988.SH"": 12400.0}",0.0230588224,0,0.02304605237
2024-01-25,V36 V26+V34 50/50 Top2 mix,103968.2498,104024,404.2498359,2,25.88816412,29.862,99540,0,"{""601398.SH"": 10400.0, ""601988.SH"": 12400.0}",0.01006487278,0,0.0100594244
2024-01-26,V36 V26+V34 50/50 Top2 mix,106412.2498,106468,404.2498359,2,25.88816412,29.862,99540,0,"{""601398.SH"": 10400.0, ""601988.SH"": 12400.0}",0.02350717651,0,0.02349457817
2024-01-29,V36 V26+V34 50/50 Top2 mix,107388.2498,107444,404.2498359,2,25.88816412,29.862,99540,0,"{""601398.SH"": 10400.0, ""601988.SH"": 12400.0}",0.009171876372,0,0.009167073675
2024-01-30,V36 V26+V34 50/50 Top2 mix,106704.2498,106760,404.2498359,2,25.88816412,29.862,99540,0,"{""601398.SH"": 10400.0, ""601988.SH"": 12400.0}",-0.006369411933,-0.006369411933,-0.006366106995
2024-01-31,V36 V26+V34 50/50 Top2 mix,107740.2498,107796,404.2498359,2,25.88816412,29.862,99540,0,"{""601398.SH"": 10400.0, ""601988.SH"": 12400.0}",0.009709079082,0,0.009704008992
2024-02-01,V36 V26+V34 50/50 Top2 mix,106808.2498,106864,404.2498359,2,25.88816412,29.862,99540,0,"{""601398.SH"": 10400.0, ""601988.SH"": 12400.0}",-0.008650434739,-0.008650434739,-0.008645960889
2024-02-02,V36 V26+V34 50/50 Top2 mix,107810.8901,107909,545.8901423,3,52.57465767,45.5352,151784,0,"{""601398.SH"": 5300.0, ""601939.SH"": 3800.0, ""601988.SH"": 12400.0}",0.009387292723,0,0.009778784249
2024-02-05,V36 V26+V34 50/50 Top2 mix,110352.8901,110451,545.8901423,3,52.57465767,45.5352,151784,0,"{""601398.SH"": 5300.0, ""601939.SH"": 3800.0, ""601988.SH"": 12400.0}",0.02357832309,0,0.02355688589
2024-02-06,V36 V26+V34 50/50 Top2 mix,110835.8901,110934,545.8901423,3,52.57465767,45.5352,151784,0,"{""601398.SH"": 5300.0, ""601939.SH"": 3800.0, ""601988.SH"": 12400.0}",0.004376867696,0,0.004372979873
2024-02-07,V36 V26+V34 50/50 Top2 mix,108348.8901,108447,545.8901423,3,52.57465767,45.5352,151784,0,"{""601398.SH"": 5300.0, ""601939.SH"": 3800.0, ""601988.SH"": 12400.0}",-0.02243858011,-0.02243858011,-0.02241873546
2024-02-08,V36 V26+V34 50/50 Top2 mix,107177.8901,107276,545.8901423,3,52.57465767,45.5352,151784,0,"{""601398.SH"": 5300.0, ""601939.SH"": 3800.0, ""601988.SH"": 12400.0}",-0.01080767877,-0.03300374992,-0.01079790128
2024-02-19,V36 V26+V34 50/50 Top2 mix,111152.8901,111251,545.8901423,3,52.57465767,45.5352,151784,0,"{""601398.SH"": 5300.0, ""601939.SH"": 3800.0, ""601988.SH"": 12400.0}",0.03708787321,0,0.03705395429
2024-02-20,V36 V26+V34 50/50 Top2 mix,112090.8901,112189,545.8901423,3,52.57465767,45.5352,151784,0,"{""601398.SH"": 5300.0, ""601939.SH"": 3800.0, ""601988.SH"": 12400.0}",0.008438826906,0,0.008431384886
2024-02-21,V36 V26+V34 50/50 Top2 mix,112970.8901,113069,545.8901423,3,52.57465767,45.5352,151784,0,"{""601398.SH"": 5300.0, ""601939.SH"": 3800.0, ""601988.SH"": 12400.0}",0.007850771806,0,0.007843906265
2024-02-22,V36 V26+V34 50/50 Top2 mix,112985.8901,113084,545.8901423,3,52.57465767,45.5352,151784,0,"{""601398.SH"": 5300.0, ""601939.SH"": 3800.0, ""601988.SH"": 12400.0}",0.0001327775676,0,0.0001326623566
2024-02-23,V36 V26+V34 50/50 Top2 mix,113951.8901,114050,545.8901423,3,52.57465767,45.5352,151784,0,"{""601398.SH"": 5300.0, ""601939.SH"": 3800.0, ""601988.SH"": 12400.0}",0.008549740138,0,0.008542322521
2024-02-26,V36 V26+V34 50/50 Top2 mix,110493.8901,110592,545.8901423,3,52.57465767,45.5352,151784,0,"{""601398.SH"": 5300.0, ""601939.SH"": 3800.0, ""601988.SH"": 12400.0}",-0.0303461399,-0.0303461399,-0.03032003507
2024-02-27,V36 V26+V34 50/50 Top2 mix,110501.8901,110600,545.8901423,3,52.57465767,45.5352,151784,0,"{""601398.SH"": 5300.0, ""601939.SH"": 3800.0, ""601988.SH"": 12400.0}",7.240219337e-05,-0.03027593483,7.233796296e-05
2024-02-28,V36 V26+V34 50/50 Top2 mix,110508.8901,110607,545.8901423,3,52.57465767,45.5352,151784,0,"{""601398.SH"": 5300.0, ""601939.SH"": 3800.0, ""601988.SH"": 12400.0}",6.334733271e-05,-0.0302145054,6.329113924e-05
2024-02-29,V36 V26+V34 50/50 Top2 mix,110822.8901,110921,545.8901423,3,52.57465767,45.5352,151784,0,"{""601398.SH"": 5300.0, ""601939.SH"": 3800.0, ""601988.SH"": 12400.0}",0.002841400358,-0.02745895655,0.002838879999
2024-03-01,V36 V26+V34 50/50 Top2 mix,111113.8901,111212,545.8901423,3,52.57465767,45.5352,151784,0,"{""601398.SH"": 5300.0, ""601939.SH"": 3800.0, ""601988.SH"": 12400.0}",0.002625811325,-0.02490524726,0.002623488789
2024-03-04,V36 V26+V34 50/50 Top2 mix,111213.3554,111362,429.3554392,3,86.17196077,62.4726,208242,0,"{""601288.SH"": 6500.0, ""601939.SH"": 3900.0, ""601988.SH"": 12400.0}",0.0008951652829,-0.02403237629,0.001348775312
2024-03-05,V36 V26+V34 50/50 Top2 mix,113525.3554,113674,429.3554392,3,86.17196077,62.4726,208242,0,"{""601288.SH"": 6500.0, ""601939.SH"": 3900.0, ""601988.SH"": 12400.0}",0.0207888701,-0.003743112138,0.02076112139
2024-03-06,V36 V26+V34 50/50 Top2 mix,112073.3554,112222,429.3554392,3,86.17196077,62.4726,208242,0,"{""601288.SH"": 6500.0, ""601939.SH"": 3900.0, ""601988.SH"": 12400.0}",-0.01279009429,-0.01648533167,-0.01277336946
2024-03-07,V36 V26+V34 50/50 Top2 mix,112607.3554,112756,429.3554392,3,86.17196077,62.4726,208242,0,"{""601288.SH"": 6500.0, ""601939.SH"": 3900.0, ""601988.SH"": 12400.0}",0.004764736435,-0.01179914349,0.004758425264
2024-03-08,V36 V26+V34 50/50 Top2 mix,112333.3554,112482,429.3554392,3,86.17196077,62.4726,208242,0,"{""601288.SH"": 6500.0, ""601939.SH"": 3900.0, ""601988.SH"": 12400.0}",-0.002433233592,-0.01420366701,-0.002430025897
2024-03-11,V36 V26+V34 50/50 Top2 mix,111486.3554,111635,429.3554392,3,86.17196077,62.4726,208242,0,"{""601288.SH"": 6500.0, ""601939.SH"": 3900.0, ""601988.SH"": 12400.0}",-0.007540057863,-0.02163662841,-0.007530093704
2024-03-12,V36 V26+V34 50/50 Top2 mix,108568.3554,108717,429.3554392,3,86.17196077,62.4726,208242,0,"{""601288.SH"": 6500.0, ""601939.SH"": 3900.0, ""601988.SH"": 12400.0}",-0.02617360652,-0.04724392633,-0.02613875577
2024-03-13,V36 V26+V34 50/50 Top2 mix,108027.3554,108176,429.3554392,3,86.17196077,62.4726,208242,0,"{""601288.SH"": 6500.0, ""601939.SH"": 3900.0, ""601988.SH"": 12400.0}",-0.004983035782,-0.05199154394,-0.00497622267
2024-03-14,V36 V26+V34 50/50 Top2 mix,108411.3554,108560,429.3554392,3,86.17196077,62.4726,208242,0,"{""601288.SH"": 6500.0, ""601939.SH"": 3900.0, ""601988.SH"": 12400.0}",0.003554655193,-0.04862170076,0.003549770744
2024-03-15,V36 V26+V34 50/50 Top2 mix,108046.3554,108195,429.3554392,3,86.17196077,62.4726,208242,0,"{""601288.SH"": 6500.0, ""601939.SH"": 3900.0, ""601988.SH"": 12400.0}",-0.003366805982,-0.05182480691,-0.003362196021
2024-03-18,V36 V26+V34 50/50 Top2 mix,107656.3554,107805,429.3554392,3,86.17196077,62.4726,208242,0,"{""601288.SH"": 6500.0, ""601939.SH"": 3900.0, ""601988.SH"": 12400.0}",-0.003609561826,-0.05524730389,-0.0036046028
2024-03-19,V36 V26+V34 50/50 Top2 mix,106418.3554,106567,429.3554392,3,86.17196077,62.4726,208242,0,"{""601288.SH"": 6500.0, ""601939.SH"": 3900.0, ""601988.SH"": 12400.0}",-0.01149955332,-0.06611153789,-0.01148369742
2024-03-20,V36 V26+V34 50/50 Top2 mix,107500.3554,107649,429.3554392,3,86.17196077,62.4726,208242,0,"{""601288.SH"": 6500.0, ""601939.SH"": 3900.0, ""601988.SH"": 12400.0}",0.01016741892,-0.05661630268,0.01015323693
2024-03-21,V36 V26+V34 50/50 Top2 mix,107891.3554,108040,429.3554392,3,86.17196077,62.4726,208242,0,"{""601288.SH"": 6500.0, ""601939.SH"": 3900.0, ""601988.SH"": 12400.0}",0.003637197276,-0.05318503006,0.003632174939
2024-03-22,V36 V26+V34 50/50 Top2 mix,108789.3554,108938,429.3554392,3,86.17196077,62.4726,208242,0,"{""601288.SH"": 6500.0, ""601939.SH"": 3900.0, ""601988.SH"": 12400.0}",0.008323187677,-0.04530451137,0.008311736394
2024-03-25,V36 V26+V34 50/50 Top2 mix,109069.3554,109218,429.3554392,3,86.17196077,62.4726,208242,0,"{""601288.SH"": 6500.0, ""601939.SH"": 3900.0, ""601988.SH"": 12400.0}",0.00257378122,-0.04284733405,0.002570269328
2024-03-26,V36 V26+V34 50/50 Top2 mix,110046.3554,110195,429.3554392,3,86.17196077,62.4726,208242,0,"{""601288.SH"": 6500.0, ""601939.SH"": 3900.0, ""601988.SH"": 12400.0}",0.008957603133,-0.03427354034,0.008945411928
2024-03-27,V36 V26+V34 50/50 Top2 mix,111030.3554,111179,429.3554392,3,86.17196077,62.4726,208242,0,"{""601288.SH"": 6500.0, ""601939.SH"": 3900.0, ""601988.SH"": 12400.0}",0.008941686402,-0.02563831718,0.008929624756
2024-03-28,V36 V26+V34 50/50 Top2 mix,108483.3554,108632,429.3554392,3,86.17196077,62.4726,208242,0,"{""601288.SH"": 6500.0, ""601939.SH"": 3900.0, ""601988.SH"": 12400.0}",-0.02293967258,-0.04798985516,-0.0229090026
2024-03-29,V36 V26+V34 50/50 Top2 mix,109277.3554,109426,429.3554392,3,86.17196077,62.4726,208242,0,"{""601288.SH"": 6500.0, ""601939.SH"": 3900.0, ""601988.SH"": 12400.0}",0.007319095144,-0.04102200233,0.007309080197
2024-04-01,V36 V26+V34 50/50 Top2 mix,110177.3554,110326,429.3554392,3,86.17196077,62.4726,208242,0,"{""601288.SH"": 6500.0, ""601939.SH"": 3900.0, ""601988.SH"": 12400.0}",0.008235924052,-0.03312393238,0.008224736352
2024-04-02,V36 V26+V34 50/50 Top2 mix,111128.3554,111277,429.3554392,3,86.17196077,62.4726,208242,0,"{""601288.SH"": 6500.0, ""601939.SH"": 3900.0, ""601988.SH"": 12400.0}",0.008631537726,-0.02477830512,0.008619908272
2024-04-03,V36 V26+V34 50/50 Top2 mix,110971.3554,111120,429.3554392,3,86.17196077,62.4726,208242,0,"{""601288.SH"": 6500.0, ""601939.SH"": 3900.0, ""601988.SH"": 12400.0}",-0.001412780738,-0.02615607955,-0.001410893536
2024-04-08,V36 V26+V34 50/50 Top2 mix,112267.3554,112416,429.3554392,3,86.17196077,62.4726,208242,0,"{""601288.SH"": 6500.0, ""601939.SH"": 3900.0, ""601988.SH"": 12400.0}",0.01167868947,-0.01478285881,0.01166306695
2024-04-09,V36 V26+V34 50/50 Top2 mix,111264.3554,111413,429.3554392,3,86.17196077,62.4726,208242,0,"{""601288.SH"": 6500.0, ""601939.SH"": 3900.0, ""601988.SH"": 12400.0}",-0.008934030699,-0.02358481899,-0.008922217478
2024-04-10,V36 V26+V34 50/50 Top2 mix,111531.3554,111680,429.3554392,3,86.17196077,62.4726,208242,0,"{""601288.SH"": 6500.0, ""601939.SH"": 3900.0, ""601988.SH"": 12400.0}",0.00239969035,-0.02124172491,0.00239648874
2024-04-11,V36 V26+V34 50/50 Top2 mix,110958.3554,111107,429.3554392,3,86.17196077,62.4726,208242,0,"{""601288.SH"": 6500.0, ""601939.SH"": 3900.0, ""601988.SH"": 12400.0}",-0.005137568693,-0.02627016278,-0.005130730659
2024-04-12,V36 V26+V34 50/50 Top2 mix,111342.3554,111491,429.3554392,3,86.17196077,62.4726,208242,0,"{""601288.SH"": 6500.0, ""601939.SH"": 3900.0, ""601988.SH"": 12400.0}",0.003460757854,-0.0229003196,0.003456127877
2024-04-15,V36 V26+V34 50/50 Top2 mix,113596.3554,113745,429.3554392,3,86.17196077,62.4726,208242,0,"{""601288.SH"": 6500.0, ""601939.SH"": 3900.0, ""601988.SH"": 12400.0}",0.02024386848,-0.003120042174,0.02021687849
2024-04-16,V36 V26+V34 50/50 Top2 mix,114723.3554,114872,429.3554392,3,86.17196077,62.4726,208242,0,"{""601288.SH"": 6500.0, ""601939.SH"": 3900.0, ""601988.SH"": 12400.0}",0.00992109294,0,0.00990812783
2024-04-17,V36 V26+V34 50/50 Top2 mix,115595.3554,115744,429.3554392,3,86.17196077,62.4726,208242,0,"{""601288.SH"": 6500.0, ""601939.SH"": 3900.0, ""601988.SH"": 12400.0}",0.007600893442,0,0.007591057873
2024-04-18,V36 V26+V34 50/50 Top2 mix,116240.3554,116389,429.3554392,3,86.17196077,62.4726,208242,0,"{""601288.SH"": 6500.0, ""601939.SH"": 3900.0, ""601988.SH"": 12400.0}",0.00557980896,0,0.005572643074
2024-04-19,V36 V26+V34 50/50 Top2 mix,117132.3554,117281,429.3554392,3,86.17196077,62.4726,208242,0,"{""601288.SH"": 6500.0, ""601939.SH"": 3900.0, ""601988.SH"": 12400.0}",0.007673754925,0,0.007663954497
2024-04-22,V36 V26+V34 50/50 Top2 mix,115933.3554,116082,429.3554392,3,86.17196077,62.4726,208242,0,"{""601288.SH"": 6500.0, ""601939.SH"": 3900.0, ""601988.SH"": 12400.0}",-0.01023628352,-0.01023628352,-0.01022330983
2024-04-23,V36 V26+V34 50/50 Top2 mix,115972.3554,116121,429.3554392,3,86.17196077,62.4726,208242,0,"{""601288.SH"": 6500.0, ""601939.SH"": 3900.0, ""601988.SH"": 12400.0}",0.0003364001659,-0.009903326845,0.0003359694009
2024-04-24,V36 V26+V34 50/50 Top2 mix,115262.3554,115411,429.3554392,3,86.17196077,62.4726,208242,0,"{""601288.SH"": 6500.0, ""601939.SH"": 3900.0, ""601988.SH"": 12400.0}",-0.006122148656,-0.01596484586,-0.006114311795
2024-04-25,V36 V26+V34 50/50 Top2 mix,115900.3554,116049,429.3554392,3,86.17196077,62.4726,208242,0,"{""601288.SH"": 6500.0, ""601939.SH"": 3900.0, ""601988.SH"": 12400.0}",0.005535198353,-0.0105180161,0.005528069248
2024-04-26,V36 V26+V34 50/50 Top2 mix,113666.3554,113815,429.3554392,3,86.17196077,62.4726,208242,0,"{""601288.SH"": 6500.0, ""601939.SH"": 3900.0, ""601988.SH"": 12400.0}",-0.01927517816,-0.02959045762,-0.01925048902
2024-04-29,V36 V26+V34 50/50 Top2 mix,113335.3554,113484,429.3554392,3,86.17196077,62.4726,208242,0,"{""601288.SH"": 6500.0, ""601939.SH"": 3900.0, ""601988.SH"": 12400.0}",-0.002912031434,-0.03241632071,-0.002908228265
2024-04-30,V36 V26+V34 50/50 Top2 mix,113713.3554,113862,429.3554392,3,86.17196077,62.4726,208242,0,"{""601288.SH"": 6500.0, ""601939.SH"": 3900.0, ""601988.SH"": 12400.0}",0.00333523461,-0.02918920214,0.003330866025
2024-05-06,V36 V26+V34 50/50 Top2 mix,111829.3554,111978,429.3554392,3,86.17196077,62.4726,208242,0,"{""601288.SH"": 6500.0, ""601939.SH"": 3900.0, ""601988.SH"": 12400.0}",-0.01656797474,-0.04527357091,-0.01654634558
2024-05-07,V36 V26+V34 50/50 Top2 mix,112328.0551,112521,326.0551338,4,114.0577662,78.8871,262957,0,"{""601288.SH"": 6500.0, ""601398.SH"": 5100.0, ""601939.SH"": 3900.0, ""601988.SH"": 6300.0}",0.004459470348,-0.04101599671,0.004849166801
2024-05-08,V36 V26+V34 50/50 Top2 mix,112971.0551,113164,326.0551338,4,114.0577662,78.8871,262957,0,"{""601288.SH"": 6500.0, ""601398.SH"": 5100.0, ""601939.SH"": 3900.0, ""601988.SH"": 6300.0}",0.005724304576,-0.03552648019,0.005714488851
2024-05-09,V36 V26+V34 50/50 Top2 mix,112046.0551,112239,326.0551338,4,114.0577662,78.8871,262957,0,"{""601288.SH"": 6500.0, ""601398.SH"": 5100.0, ""601939.SH"": 3900.0, ""601988.SH"": 6300.0}",-0.008187938042,-0.04342352962,-0.00817397759
2024-05-10,V36 V26+V34 50/50 Top2 mix,112005.0551,112198,326.0551338,4,114.0577662,78.8871,262957,0,"{""601288.SH"": 6500.0, ""601398.SH"": 5100.0, ""601939.SH"": 3900.0, ""601988.SH"": 6300.0}",-0.0003659209595,-0.043773561,-0.0003652919217
2024-05-13,V36 V26+V34 50/50 Top2 mix,112136.0551,112329,326.0551338,4,114.0577662,78.8871,262957,0,"{""601288.SH"": 6500.0, ""601398.SH"": 5100.0, ""601939.SH"": 3900.0, ""601988.SH"": 6300.0}",0.001169590068,-0.04265516805,0.001167578745
2024-05-14,V36 V26+V34 50/50 Top2 mix,111225.0551,111418,326.0551338,4,114.0577662,78.8871,262957,0,"{""601288.SH"": 6500.0, ""601398.SH"": 5100.0, ""601939.SH"": 3900.0, ""601988.SH"": 6300.0}",-0.008124059643,-0.05043269456,-0.008110105138
2024-05-15,V36 V26+V34 50/50 Top2 mix,111402.0551,111595,326.0551338,4,114.0577662,78.8871,262957,0,"{""601288.SH"": 6500.0, ""601398.SH"": 5100.0, ""601939.SH"": 3900.0, ""601988.SH"": 6300.0}",0.001591368058,-0.04892158348,0.001588612253
2024-05-16,V36 V26+V34 50/50 Top2 mix,112316.0551,112509,326.0551338,4,114.0577662,78.8871,262957,0,"{""601288.SH"": 6500.0, ""601398.SH"": 5100.0, ""601939.SH"": 3900.0, ""601988.SH"": 6300.0}",0.008204516505,-0.04111844492,0.008190331108
2024-05-17,V36 V26+V34 50/50 Top2 mix,112826.0551,113019,326.0551338,4,114.0577662,78.8871,262957,0,"{""601288.SH"": 6500.0, ""601398.SH"": 5100.0, ""601939.SH"": 3900.0, ""601988.SH"": 6300.0}",0.00454075777,-0.03676439605,0.004532970696
2024-05-20,V36 V26+V34 50/50 Top2 mix,112467.0551,112660,326.0551338,4,114.0577662,78.8871,262957,0,"{""601288.SH"": 6500.0, ""601398.SH"": 5100.0, ""601939.SH"": 3900.0, ""601988.SH"": 6300.0}",-0.003181889144,-0.03982930496,-0.003176457056
2024-05-21,V36 V26+V34 50/50 Top2 mix,113300.0551,113493,326.0551338,4,114.0577662,78.8871,262957,0,"{""601288.SH"": 6500.0, ""601398.SH"": 5100.0, ""601939.SH"": 3900.0, ""601988.SH"": 6300.0}",0.007406613421,-0.0327176918,0.007393928635
2024-05-22,V36 V26+V34 50/50 Top2 mix,113620.0551,113813,326.0551338,4,114.0577662,78.8871,262957,0,"{""601288.SH"": 6500.0, ""601398.SH"": 5100.0, ""601939.SH"": 3900.0, ""601988.SH"": 6300.0}",0.002824358732,-0.02998573957,0.002819557153
2024-05-23,V36 V26+V34 50/50 Top2 mix,113130.0551,113323,326.0551338,4,114.0577662,78.8871,262957,0,"{""601288.SH"": 6500.0, ""601398.SH"": 5100.0, ""601939.SH"": 3900.0, ""601988.SH"": 6300.0}",-0.004312618925,-0.03416904143,-0.00430530783
2024-05-24,V36 V26+V34 50/50 Top2 mix,112402.0551,112595,326.0551338,4,114.0577662,78.8871,262957,0,"{""601288.SH"": 6500.0, ""601398.SH"": 5100.0, ""601939.SH"": 3900.0, ""601988.SH"": 6300.0}",-0.006435071557,-0.04038423276,-0.00642411514
2024-05-27,V36 V26+V34 50/50 Top2 mix,113341.0551,113534,326.0551338,4,114.0577662,78.8871,262957,0,"{""601288.SH"": 6500.0, ""601398.SH"": 5100.0, ""601939.SH"": 3900.0, ""601988.SH"": 6300.0}",0.008353939782,-0.03236766042,0.008339624317
2024-05-28,V36 V26+V34 50/50 Top2 mix,113268.0551,113461,326.0551338,4,114.0577662,78.8871,262957,0,"{""601288.SH"": 6500.0, ""601398.SH"": 5100.0, ""601939.SH"": 3900.0, ""601988.SH"": 6300.0}",-0.000644073764,-0.03299088703,-0.0006429791957
2024-05-29,V36 V26+V34 50/50 Top2 mix,112626.0551,112819,326.0551338,4,114.0577662,78.8871,262957,0,"{""601288.SH"": 6500.0, ""601398.SH"": 5100.0, ""601939.SH"": 3900.0, ""601988.SH"": 6300.0}",-0.005667970543,-0.03847186619,-0.005658331938
2024-05-30,V36 V26+V34 50/50 Top2 mix,111805.0551,111998,326.0551338,4,114.0577662,78.8871,262957,0,"{""601288.SH"": 6500.0, ""601398.SH"": 5100.0, ""601939.SH"": 3900.0, ""601988.SH"": 6300.0}",-0.007289609842,-0.04548103114,-0.007277143034
2024-05-31,V36 V26+V34 50/50 Top2 mix,111982.0551,112175,326.0551338,4,114.0577662,78.8871,262957,0,"{""601288.SH"": 6500.0, ""601398.SH"": 5100.0, ""601939.SH"": 3900.0, ""601988.SH"": 6300.0}",0.001583112676,-0.04396992006,0.001580385364
2024-06-03,V36 V26+V34 50/50 Top2 mix,112241.0551,112434,326.0551338,4,114.0577662,78.8871,262957,0,"{""601288.SH"": 6500.0, ""601398.SH"": 5100.0, ""601939.SH"": 3900.0, ""601988.SH"": 6300.0}",0.002312870573,-0.04175874622,0.002308892356
2024-06-04,V36 V26+V34 50/50 Top2 mix,112190.4516,112473,239.4515716,2,170.4720284,112.0764,373588,0,"{""601288.SH"": 12700.0, ""601988.SH"": 12600.0}",-0.0004508471713,-0.04219076658,0.0003468701638
2024-06-05,V36 V26+V34 50/50 Top2 mix,112697.4516,112980,239.4515716,2,170.4720284,112.0764,373588,0,"{""601288.SH"": 12700.0, ""601988.SH"": 12600.0}",0.004519101161,-0.03786232976,0.004507748526
2024-06-06,V36 V26+V34 50/50 Top2 mix,112570.4516,112853,239.4515716,2,170.4720284,112.0764,373588,0,"{""601288.SH"": 12700.0, ""601988.SH"": 12600.0}",-0.001126911019,-0.03894657331,-0.00112409276
2024-06-07,V36 V26+V34 50/50 Top2 mix,114382.5017,114665.0501,239.4515716,2,170.4720284,112.0764,373588,1.455191523e-11,"{""601288.SH"": 13395.5517, ""601988.SH"": 12600.0}",0.01609703168,-0.02347646585,0.01605672977
2024-06-11,V36 V26+V34 50/50 Top2 mix,112294.902,112577.4505,239.4515716,2,170.4720284,112.0764,373588,1.455191523e-11,"{""601288.SH"": 13395.5517, ""601988.SH"": 12600.0}",-0.01825104032,-0.04129903625,-0.01820606757
2024-06-12,V36 V26+V34 50/50 Top2 mix,111530.9465,111813.495,239.4515716,2,170.4720284,112.0764,373588,0,"{""601288.SH"": 13395.5517, ""601988.SH"": 12600.0}",-0.006803118421,-0.04782119244,-0.006786043861
2024-06-13,V36 V26+V34 50/50 Top2 mix,112838.6796,113121.2281,239.4515716,2,170.4720284,112.0764,373588,1.455191523e-11,"{""601288.SH"": 13395.5517, ""601988.SH"": 12600.0}",0.01172529366,-0.0366566163,0.01169566429
2024-06-14,V36 V26+V34 50/50 Top2 mix,113618.5462,113901.0946,239.4515716,2,170.4720284,112.0764,373588,0,"{""601288.SH"": 13395.5517, ""601988.SH"": 12600.0}",0.006911340621,-0.02999862204,0.006894077828
2024-06-17,V36 V26+V34 50/50 Top2 mix,111916.902,112199.4505,239.4515716,2,170.4720284,112.0764,373588,1.455191523e-11,"{""601288.SH"": 13395.5517, ""601988.SH"": 12600.0}",-0.01497681665,-0.04452615483,-0.01493966445
2024-06-18,V36 V26+V34 50/50 Top2 mix,112176.8576,112459.406,239.4515716,2,170.4720284,112.0764,373588,0,"{""601288.SH"": 13395.5517, ""601988.SH"": 12600.0}",0.002322754758,-0.04230682341,0.002316905436
2024-06-19,V36 V26+V34 50/50 Top2 mix,113216.6796,113499.2281,239.4515716,2,170.4720284,112.0764,373588,0,"{""601288.SH"": 13395.5517, ""601988.SH"": 12600.0}",0.009269488284,-0.03342949773,0.009246199175
2024-06-20,V36 V26+V34 50/50 Top2 mix,113610.5907,113893.1391,239.4515716,2,170.4720284,112.0764,373588,0,"{""601288.SH"": 13395.5517, ""601988.SH"": 12600.0}",0.003479266789,-0.03006654108,0.003470605397
2024-06-21,V36 V26+V34 50/50 Top2 mix,112688.8131,112971.3615,239.4515716,2,170.4720284,112.0764,373588,0,"{""601288.SH"": 13395.5517, ""601988.SH"": 12600.0}",-0.008113482891,-0.0379360796,-0.008093354797
2024-06-24,V36 V26+V34 50/50 Top2 mix,113744.5462,114027.0946,239.4515716,2,170.4720284,112.0764,373588,1.455191523e-11,"{""601288.SH"": 13395.5517, ""601988.SH"": 12600.0}",0.009368570593,-0.02892291585,0.009345139213
2024-06-25,V36 V26+V34 50/50 Top2 mix,114262.1362,114544.6846,239.4515716,2,170.4720284,112.0764,373588,0,"{""601288.SH"": 13397.4538, ""601988.SH"": 12599.4538}",0.004550459945,-0.02450406847,0.004539184333
2024-06-26,V36 V26+V34 50/50 Top2 mix,114910.5539,115193.1023,239.4515716,2,170.4720284,112.0764,373588,0,"{""601288.SH"": 13397.4538, ""601988.SH"": 12600.0}",0.005674825963,-0.01896829883,0.005660827817
2024-06-27,V36 V26+V34 50/50 Top2 mix,116202.4521,116485.0005,239.4515716,2,170.4720284,112.0764,373588,0,"{""601288.SH"": 13397.4538, ""601988.SH"": 12600.0}",0.01124264142,-0.007938911199,0.01121506519
2024-06-28,V36 V26+V34 50/50 Top2 mix,116864.3502,117146.8987,239.4515716,2,170.4720284,112.0764,373588,1.455191523e-11,"{""601288.SH"": 13397.4538, ""601988.SH"": 12600.0}",0.005696077329,-0.002288054523,0.005682260806
2024-07-01,V36 V26+V34 50/50 Top2 mix,118566.1465,118848.695,239.4515716,2,170.4720284,112.0764,373588,0,"{""601288.SH"": 13397.4538, ""601988.SH"": 12600.0}",0.01456215092,0,0.01452702825
2024-07-02,V36 V26+V34 50/50 Top2 mix,120938.1185,121268.4913,839.6272044,3,200.6419956,129.7308,432436,0,"{""601288.SH"": 6697.4538, ""601398.SH"": 5000.0, ""601988.SH"": 12600.0}",0.0200054738,0,0.02036031028
2024-07-03,V36 V26+V34 50/50 Top2 mix,119707.1949,120037.5676,839.6272044,3,200.6419956,129.7308,432436,0,"{""601288.SH"": 6697.4538, ""601398.SH"": 5000.0, ""601988.SH"": 12600.0}",-0.01017812771,-0.01017812771,-0.01015039935
2024-07-04,V36 V26+V34 50/50 Top2 mix,120703.093,121033.4658,839.6272044,3,200.6419956,129.7308,432436,0,"{""601288.SH"": 6697.4538, ""601398.SH"": 5000.0, ""601988.SH"": 12600.0}",0.008319451091,-0.001943353053,0.008296553923
2024-07-05,V36 V26+V34 50/50 Top2 mix,118198.2712,118528.644,839.6272044,3,200.6419956,129.7308,432436,0,"{""601288.SH"": 6697.4538, ""601398.SH"": 5000.0, ""601988.SH"": 12600.0}",-0.02075192694,-0.02265495167,-0.02069528251
2024-07-08,V36 V26+V34 50/50 Top2 mix,119522.1694,119852.5422,839.6272044,3,200.6419956,129.7308,432436,0,"{""601288.SH"": 6697.4538, ""601398.SH"": 5000.0, ""601988.SH"": 12600.0}",0.0112006558,-0.01170804618,0.01116943641
2024-07-09,V36 V26+V34 50/50 Top2 mix,120603.093,120933.4658,839.6272044,3,200.6419956,129.7308,432436,0,"{""601288.SH"": 6697.4538, ""601398.SH"": 5000.0, ""601988.SH"": 12600.0}",0.009043708126,-0.00277022221,0.0090187792
2024-07-10,V36 V26+V34 50/50 Top2 mix,121163.0421,121493.4149,839.6272044,3,200.6419956,129.7308,432436,0,"{""601288.SH"": 6697.4538, ""601398.SH"": 5000.0, ""601988.SH"": 12600.0}",0.004642908092,0,0.004630224336
2024-07-11,V36 V26+V34 50/50 Top2 mix,119915.1439,120245.5167,839.6272044,3,200.6419956,129.7308,432436,0,"{""601288.SH"": 6697.4538, ""601398.SH"": 5000.0, ""601988.SH"": 12600.0}",-0.01029932999,-0.01029932999,-0.01027132338
2024-07-12,V36 V26+V34 50/50 Top2 mix,122149.9148,122480.2876,839.6272044,3,200.6419956,129.7308,432436,0,"{""601288.SH"": 6697.4538, ""601398.SH"": 5000.0, ""601988.SH"": 12600.0}",0.0186362687,0,0.01858506583
2024-07-15,V36 V26+V34 50/50 Top2 mix,124561.6092,124891.982,839.6272044,3,200.6419956,129.7308,432436,0,"{""601288.SH"": 6697.4538, ""601398.SH"": 5000.0, ""601988.SH"": 12600.0}",0.01974372608,0,0.01969047025
2024-07-16,V36 V26+V34 50/50 Top2 mix,124872.8427,125203.2154,839.6272044,3,200.6419956,129.7308,432436,0,"{""601288.SH"": 6697.4538, ""601398.SH"": 5263.1932, ""601988.SH"": 12600.0}",0.002498630392,0,0.002492020844
2024-07-17,V36 V26+V34 50/50 Top2 mix,125309.4134,125639.7862,839.6272044,3,200.6419956,129.7308,432436,0,"{""601288.SH"": 6697.4538, ""601398.SH"": 5263.1932, ""601988.SH"": 13251.5735}",0.003496122717,0,0.003486897524
2024-07-18,V36 V26+V34 50/50 Top2 mix,125309.4134,125639.7862,839.6272044,3,200.6419956,129.7308,432436,0,"{""601288.SH"": 6697.4538, ""601398.SH"": 5263.1932, ""601988.SH"": 13251.5735}",0,0,0
2024-07-19,V36 V26+V34 50/50 Top2 mix,125374.9546,125705.3274,839.6272044,3,200.6419956,129.7308,432436,0,"{""601288.SH"": 6697.4538, ""601398.SH"": 5263.1932, ""601988.SH"": 13251.5735}",0.0005230349,0,0.0005216595674
2024-07-22,V36 V26+V34 50/50 Top2 mix,124272.6779,124603.0507,839.6272044,3,200.6419956,129.7308,432436,0,"{""601288.SH"": 6697.4538, ""601398.SH"": 5263.1932, ""601988.SH"": 13251.5735}",-0.008791841753,-0.008791841753,-0.008768735451
2024-07-23,V36 V26+V34 50/50 Top2 mix,127294.8392,127625.212,839.6272044,3,200.6419956,129.7308,432436,0,"{""601288.SH"": 6697.4538, ""601398.SH"": 5263.1932, ""601988.SH"": 13251.5735}",0.02431879123,0,0.02425431233
2024-07-24,V36 V26+V34 50/50 Top2 mix,127758.9225,128089.2952,839.6272044,3,200.6419956,129.7308,432436,0,"{""601288.SH"": 6697.4538, ""601398.SH"": 5263.1932, ""601988.SH"": 13251.5735}",0.00364573519,0,0.003636297778
2024-07-25,V36 V26+V34 50/50 Top2 mix,127026.5026,127356.8754,839.6272044,3,200.6419956,129.7308,432436,0,"{""601288.SH"": 6697.4538, ""601398.SH"": 5263.1932, ""601988.SH"": 13251.5735}",-0.005732827743,-0.005732827743,-0.005718041416
2024-07-26,V36 V26+V34 50/50 Top2 mix,124347.3847,124677.7575,839.6272044,3,200.6419956,129.7308,432436,0,"{""601288.SH"": 6697.4538, ""601398.SH"": 5263.1932, ""601988.SH"": 13251.5735}",-0.0210910148,-0.02670293139,-0.02103630321
2024-07-29,V36 V26+V34 50/50 Top2 mix,126604.0138,126934.3866,839.6272044,3,200.6419956,129.7308,432436,0,"{""601288.SH"": 6697.4538, ""601398.SH"": 5263.1932, ""601988.SH"": 13251.5735}",0.01814778053,-0.009039749794,0.0180996923
2024-07-30,V36 V26+V34 50/50 Top2 mix,127054.1929,127384.5657,839.6272044,3,200.6419956,129.7308,432436,0,"{""601288.SH"": 6697.4538, ""601398.SH"": 5263.1932, ""601988.SH"": 13251.5735}",0.003555804613,-0.005516088765,0.003546549902
2024-07-31,V36 V26+V34 50/50 Top2 mix,124122.9528,124453.3256,839.6272044,3,200.6419956,129.7308,432436,0,"{""601288.SH"": 6697.4538, ""601398.SH"": 5263.1932, ""601988.SH"": 13251.5735}",-0.02307078565,-0.02845961391,-0.0230109514
2024-08-01,V36 V26+V34 50/50 Top2 mix,124946.294,125276.6668,839.6272044,3,200.6419956,129.7308,432436,0,"{""601288.SH"": 6697.4538, ""601398.SH"": 5263.1932, ""601988.SH"": 13251.5735}",0.006633270754,-0.02201512348,0.006615662127
2024-08-02,V36 V26+V34 50/50 Top2 mix,125260.8241,125641.1316,1157.692476,4,232.1147238,148.1928,493976,0,"{""601288.SH"": 6697.4538, ""601398.SH"": 5263.1932, ""601939.SH"": 4100.0, ""601988.SH"": 6651.5735}",0.002517322226,-0.01955322042,0.002909279281
2024-08-05,V36 V26+V34 50/50 Top2 mix,124956.6959,125337.0034,1157.692476,4,232.1147238,148.1928,493976,0,"{""601288.SH"": 6697.4538, ""601398.SH"": 5263.1932, ""601939.SH"": 4100.0, ""601988.SH"": 6651.5735}",-0.002427959538,-0.02193370553,-0.002420610263
2024-08-06,V36 V26+V34 50/50 Top2 mix,123418.3307,123798.6382,1157.692476,4,232.1147238,148.1928,493976,0,"{""601288.SH"": 6697.4538, ""601398.SH"": 5263.1932, ""601939.SH"": 4100.0, ""601988.SH"": 6651.5735}",-0.01231118629,-0.03397486189,-0.01227383071
2024-08-07,V36 V26+V34 50/50 Top2 mix,123579.1612,123959.4688,1157.692476,4,232.1147238,148.1928,493976,0,"{""601288.SH"": 6697.4538, ""601398.SH"": 5263.1932, ""601939.SH"": 4100.0, ""601988.SH"": 6651.5735}",0.001303133185,-0.03271600247,0.00129912998
2024-08-08,V36 V26+V34 50/50 Top2 mix,123976.27,124356.5775,1157.692476,4,232.1147238,148.1928,493976,0,"{""601288.SH"": 6697.4538, ""601398.SH"": 5263.1932, ""601939.SH"": 4100.0, ""601988.SH"": 6651.5735}",0.003213395629,-0.0296077363,0.003203536934
2024-08-09,V36 V26+V34 50/50 Top2 mix,124819.8435,125200.151,1157.692476,4,232.1147238,148.1928,493976,0,"{""601288.SH"": 6697.4538, ""601398.SH"": 5263.1932, ""601939.SH"": 4100.0, ""601988.SH"": 6651.5735}",0.006804314631,-0.02300488203,0.006783505663
2024-08-12,V36 V26+V34 50/50 Top2 mix,125916.7379,126297.0454,1157.692476,4,232.1147238,148.1928,493976,0,"{""601288.SH"": 6697.4538, ""601398.SH"": 5263.1932, ""601939.SH"": 4100.0, ""601988.SH"": 6651.5735}",0.008787820205,-0.01441922459,0.008761126355
2024-08-13,V36 V26+V34 50/50 Top2 mix,126615.3818,126995.6893,1157.692476,4,232.1147238,148.1928,493976,0,"{""601288.SH"": 6697.4538, ""601398.SH"": 5263.1932, ""601939.SH"": 4100.0, ""601988.SH"": 6651.5735}",0.005548459714,-0.008950769362,0.00553175211
2024-08-14,V36 V26+V34 50/50 Top2 mix,126771.6771,127151.9847,1157.692476,4,232.1147238,148.1928,493976,0,"{""601288.SH"": 6697.4538, ""601398.SH"": 5263.1932, ""601939.SH"": 4100.0, ""601988.SH"": 6651.5735}",0.001234410316,-0.007727407967,0.00123071369
2024-08-15,V36 V26+V34 50/50 Top2 mix,127550.0692,127930.3767,1157.692476,4,232.1147238,148.1928,493976,0,"{""601288.SH"": 6697.4538, ""601398.SH"": 5263.1932, ""601939.SH"": 4100.0, ""601988.SH"": 6651.5735}",0.006140110269,-0.001634744836,0.006121745395
2024-08-16,V36 V26+V34 50/50 Top2 mix,129655.6473,130035.9548,1157.692476,4,232.1147238,148.1928,493976,0,"{""601288.SH"": 6697.4538, ""601398.SH"": 5263.1932, ""601939.SH"": 4100.0, ""601988.SH"": 6651.5735}",0.01650785542,0,0.01645878138
2024-08-19,V36 V26+V34 50/50 Top2 mix,132639.2045,133019.512,1157.692476,4,232.1147238,148.1928,493976,0,"{""601288.SH"": 6697.4538, ""601398.SH"": 5263.1932, ""601939.SH"": 4100.0, ""601988.SH"": 6651.5735}",0.02301139408,0,0.02294409418
2024-08-20,V36 V26+V34 50/50 Top2 mix,134270.7743,134651.0818,1157.692476,4,232.1147238,148.1928,493976,0,"{""601288.SH"": 6697.4538, ""601398.SH"": 5263.1932, ""601939.SH"": 4100.0, ""601988.SH"": 6651.5735}",0.01230081064,0,0.01226564218
2024-08-21,V36 V26+V34 50/50 Top2 mix,133108.6984,133489.006,1157.692476,4,232.1147238,148.1928,493976,0,"{""601288.SH"": 6697.4538, ""601398.SH"": 5263.1932, ""601939.SH"": 4100.0, ""601988.SH"": 6651.5735}",-0.008654718947,-0.008654718947,-0.008630274622
2024-08-22,V36 V26+V34 50/50 Top2 mix,135257.3686,135637.6761,1157.692476,4,232.1147238,148.1928,493976,0,"{""601288.SH"": 6697.4538, ""601398.SH"": 5263.1932, ""601939.SH"": 4100.0, ""601988.SH"": 6651.5735}",0.01614222195,0,0.01609623308
2024-08-23,V36 V26+V34 50/50 Top2 mix,135683.3866,136063.6941,1157.692476,4,232.1147238,148.1928,493976,-2.910383046e-11,"{""601288.SH"": 6697.4538, ""601398.SH"": 5263.1932, ""601939.SH"": 4100.0, ""601988.SH"": 6651.5735}",0.003149684231,0,0.003140852993
2024-08-26,V36 V26+V34 50/50 Top2 mix,135525.4908,135905.7983,1157.692476,4,232.1147238,148.1928,493976,-2.910383046e-11,"{""601288.SH"": 6697.4538, ""601398.SH"": 5263.1932, ""601939.SH"": 4100.0, ""601988.SH"": 6651.5735}",-0.001163707658,-0.001163707658,-0.001160455014
2024-08-27,V36 V26+V34 50/50 Top2 mix,137544.299,137924.6065,1157.692476,4,232.1147238,148.1928,493976,0,"{""601288.SH"": 6697.4538, ""601398.SH"": 5263.1932, ""601939.SH"": 4100.0, ""601988.SH"": 6651.5735}",0.0148961509,0,0.01485446675
2024-08-28,V36 V26+V34 50/50 Top2 mix,136323.2944,136703.6019,1157.692476,4,232.1147238,148.1928,493976,-2.910383046e-11,"{""601288.SH"": 6697.4538, ""601398.SH"": 5263.1932, ""601939.SH"": 4100.0, ""601988.SH"": 6651.5735}",-0.008877173127,-0.008877173127,-0.008852695582
2024-08-29,V36 V26+V34 50/50 Top2 mix,130529.9874,130910.295,1157.692476,4,232.1147238,148.1928,493976,0,"{""601288.SH"": 6697.4538, ""601398.SH"": 5263.1932, ""601939.SH"": 4100.0, ""601988.SH"": 6651.5735}",-0.04249682343,-0.0509967449,-0.04237859786
2024-08-30,V36 V26+V34 50/50 Top2 mix,125638.116,126018.4235,1157.692476,4,232.1147238,148.1928,493976,0,"{""601288.SH"": 6697.4538, ""601398.SH"": 5263.1932, ""601939.SH"": 4100.0, ""601988.SH"": 6651.5735}",-0.03747699289,-0.08656253315,-0.03736811847
2024-09-02,V36 V26+V34 50/50 Top2 mix,127092.8285,127473.136,1157.692476,4,232.1147238,148.1928,493976,0,"{""601288.SH"": 6697.4538, ""601398.SH"": 5263.1932, ""601939.SH"": 4100.0, ""601988.SH"": 6651.5735}",0.01157859214,-0.07598621327,0.01154364943
2024-09-03,V36 V26+V34 50/50 Top2 mix,123217.9835,123653.8185,819.9006708,3,268.8310972,167.0039207,556679.7357,0,"{""601288.SH"": 6697.4538, ""601939.SH"": 4200.0, ""601988.SH"": 12951.5735}",-0.03048830575,-0.1041578281,-0.0299617444
2024-09-04,V36 V26+V34 50/50 Top2 mix,123142.8502,123578.6852,819.9006708,3,268.8310972,167.0039207,556679.7357,0,"{""601288.SH"": 6697.4538, ""601939.SH"": 4200.0, ""601988.SH"": 12951.5735}",-0.000609759343,-0.1047040762,-0.0006076101617
2024-09-05,V36 V26+V34 50/50 Top2 mix,122200.3539,122636.1889,819.9006708,3,268.8310972,167.0039207,556679.7357,0,"{""601288.SH"": 6697.4538, ""601939.SH"": 4200.0, ""601988.SH"": 12951.5735}",-0.007653682525,-0.111556387,-0.007626689659
2024-09-06,V36 V26+V34 50/50 Top2 mix,122312.8442,122748.6792,819.9006708,3,268.8310972,167.0039207,556679.7357,0,"{""601288.SH"": 6697.4538, ""601939.SH"": 4200.0, ""601988.SH"": 12951.5735}",0.0009205396655,-0.1107385394,0.0009172681726
2024-09-09,V36 V26+V34 50/50 Top2 mix,121609.7558,122045.5908,819.9006708,3,268.8310972,167.0039207,556679.7357,0,"{""601288.SH"": 6697.4538, ""601939.SH"": 4200.0, ""601988.SH"": 12951.5735}",-0.005748279385,-0.1158502627,-0.005727869377
2024-09-10,V36 V26+V34 50/50 Top2 mix,124455.7409,124891.5759,819.9006708,3,268.8310972,167.0039207,556679.7357,0,"{""601288.SH"": 6697.4538, ""601939.SH"": 4200.0, ""601988.SH"": 12951.5735}",0.02340260536,-0.09515885537,0.0233190327
2024-09-11,V36 V26+V34 50/50 Top2 mix,120560.3299,120996.1649,819.9006708,3,268.8310972,167.0039207,556679.7357,0,"{""601288.SH"": 6697.4538, ""601939.SH"": 4200.0, ""601988.SH"": 12951.5735}",-0.0312995688,-0.123479993,-0.03119034247
2024-09-12,V36 V26+V34 50/50 Top2 mix,120568.279,121004.114,819.9006708,3,268.8310972,167.0039207,556679.7357,0,"{""601288.SH"": 6697.4538, ""601939.SH"": 4200.0, ""601988.SH"": 12951.5735}",6.593442796e-05,-0.1234222002,6.569692843e-05
2024-09-13,V36 V26+V34 50/50 Top2 mix,119778.8021,120214.6371,819.9006708,3,268.8310972,167.0039207,556679.7357,0,"{""601288.SH"": 6697.4538, ""601939.SH"": 4200.0, ""601988.SH"": 12951.5735}",-0.006547964632,-0.1291620006,-0.006524380043
2024-09-18,V36 V26+V34 50/50 Top2 mix,121549.2595,121985.0945,819.9006708,3,268.8310972,167.0039207,556679.7357,0,"{""601288.SH"": 6697.4538, ""601939.SH"": 4200.0, ""601988.SH"": 12951.5735}",0.01478105759,-0.116290094,0.01472746925
2024-09-19,V36 V26+V34 50/50 Top2 mix,120821.1966,121257.0316,819.9006708,3,268.8310972,167.0039207,556679.7357,0,"{""601288.SH"": 6697.4538, ""601939.SH"": 4200.0, ""601988.SH"": 12951.5735}",-0.005989859106,-0.1215833918,-0.00596845821
2024-09-20,V36 V26+V34 50/50 Top2 mix,121687.6419,122123.4769,819.9006708,3,268.8310972,167.0039207,556679.7357,0,"{""601288.SH"": 6697.4538, ""601939.SH"": 4200.0, ""601988.SH"": 12951.5735}",0.007171302566,-0.1152840005,0.007145526702
2024-09-23,V36 V26+V34 50/50 Top2 mix,123333.0169,123768.8519,819.9006708,3,268.8310972,167.0039207,556679.7357,0,"{""601288.SH"": 6697.4538, ""601939.SH"": 4200.0, ""601988.SH"": 12951.5735}",0.0135212989,-0.1033214911,0.01347304401
2024-09-24,V36 V26+V34 50/50 Top2 mix,128686.389,129122.224,819.9006708,3,268.8310972,167.0039207,556679.7357,0,"{""601288.SH"": 6697.4538, ""601939.SH"": 4200.0, ""601988.SH"": 12951.5735}",0.04340583123,-0.06440041505,0.04325298355
2024-09-25,V36 V26+V34 50/50 Top2 mix,129206.2872,129642.1222,819.9006708,3,268.8310972,167.0039207,556679.7357,0,"{""601288.SH"": 6697.4538, ""601939.SH"": 4200.0, ""601988.SH"": 12951.5735}",0.004040039951,-0.06062055535,0.00402640333
2024-09-26,V36 V26+V34 50/50 Top2 mix,131630.8015,132066.6365,819.9006708,3,268.8310972,167.0039207,556679.7357,0,"{""601288.SH"": 6697.4538, ""601939.SH"": 4200.0, ""601988.SH"": 12951.5735}",0.01876467745,-0.04299340306,0.01870159376
2024-09-27,V36 V26+V34 50/50 Top2 mix,127502.0964,127937.9314,819.9006708,3,268.8310972,167.0039207,556679.7357,0,"{""601288.SH"": 6697.4538, ""601939.SH"": 4200.0, ""601988.SH"": 12951.5735}",-0.03136579734,-0.07301067803,-0.03126228662
2024-09-30,V36 V26+V34 50/50 Top2 mix,131031.5464,131467.3814,819.9006708,3,268.8310972,167.0039207,556679.7357,0,"{""601288.SH"": 6697.4538, ""601939.SH"": 4200.0, ""601988.SH"": 12951.5735}",0.02768150511,-0.04735021838,0.02758720493
2024-10-08,V36 V26+V34 50/50 Top2 mix,130711.101,131146.936,819.9006708,3,268.8310972,167.0039207,556679.7357,0,"{""601288.SH"": 6697.4538, ""601939.SH"": 4200.0, ""601988.SH"": 12951.5735}",-0.002445558843,-0.04967997948,-0.002437451431
2024-10-09,V36 V26+V34 50/50 Top2 mix,127193.2122,127687.9134,448.0344968,2,307.6701712,187.0310207,623436.7357,0,"{""601288.SH"": 13697.4538, ""601988.SH"": 13051.5735}",-0.026913466,-0.07525638505,-0.02637516898
2024-10-10,V36 V26+V34 50/50 Top2 mix,131858.145,132352.8462,448.0344968,2,307.6701712,187.0310207,623436.7357,0,"{""601288.SH"": 13697.4538, ""601988.SH"": 13051.5735}",0.03667595688,-0.0413405281,0.03653386325
2024-10-11,V36 V26+V34 50/50 Top2 mix,132125.6353,132620.3365,448.0344968,2,307.6701712,187.0310207,623436.7357,0,"{""601288.SH"": 13697.4538, ""601988.SH"": 13051.5735}",0.002028621538,-0.03939577085,0.002021039068
2024-10-14,V36 V26+V34 50/50 Top2 mix,136431.3149,136926.016,448.0344968,2,307.6701712,187.0310207,623436.7357,0,"{""601288.SH"": 13697.4538, ""601988.SH"": 13051.5735}",0.03258776824,-0.00809182286,0.03246620914
2024-10-15,V36 V26+V34 50/50 Top2 mix,133358.4061,133853.1073,448.0344968,2,307.6701712,187.0310207,623436.7357,0,"{""601288.SH"": 13697.4538, ""601988.SH"": 13051.5735}",-0.02252348546,-0.03043305227,-0.02244211017
2024-10-16,V36 V26+V34 50/50 Top2 mix,135772.2774,136266.9786,448.0344968,2,307.6701712,187.0310207,623436.7357,0,"{""601288.SH"": 13697.4538, ""601988.SH"": 13051.5735}",0.0181006307,-0.01288327901,0.01803373346
2024-10-17,V36 V26+V34 50/50 Top2 mix,134571.8006,135066.5017,448.0344968,2,307.6701712,187.0310207,623436.7357,0,"{""601288.SH"": 13697.4538, ""601988.SH"": 13051.5735}",-0.00884184054,-0.02161120765,-0.008809741281
2024-10-18,V36 V26+V34 50/50 Top2 mix,134297.8515,134792.5527,448.0344968,2,307.6701712,187.0310207,623436.7357,0,"{""601288.SH"": 13697.4538, ""601988.SH"": 13051.5735}",-0.002035709378,-0.02360292289,-0.002028253289
2024-10-21,V36 V26+V34 50/50 Top2 mix,131348.9997,131843.7009,448.0344968,2,307.6701712,187.0310207,623436.7357,0,"{""601288.SH"": 13697.4538, ""601988.SH"": 13051.5735}",-0.02195755013,-0.04504221065,-0.02187696388
2024-10-22,V36 V26+V34 50/50 Top2 mix,131492.433,131987.1342,448.0344968,2,307.6701712,187.0310207,623436.7357,1.455191523e-11,"{""601288.SH"": 13697.4538, ""601988.SH"": 13051.5735}",0.001092001782,-0.04399939505,0.001087904395
2024-10-23,V36 V26+V34 50/50 Top2 mix,131616.4899,132111.1911,448.0344968,2,307.6701712,187.0310207,623436.7357,0,"{""601288.SH"": 13697.4538, ""601988.SH"": 13051.5735}",0.0009434530064,-0.0430974534,0.0009399168487
2024-10-24,V36 V26+V34 50/50 Top2 mix,131759.9233,132254.6245,448.0344968,2,307.6701712,187.0310207,623436.7357,0,"{""601288.SH"": 13697.4538, ""601988.SH"": 13051.5735}",0.001089782456,-0.04205463779,0.001085701676
2024-10-25,V36 V26+V34 50/50 Top2 mix,130552.9877,131047.6888,448.0344968,2,307.6701712,187.0310207,623436.7357,0,"{""601288.SH"": 13697.4538, ""601988.SH"": 13051.5735}",-0.009160111814,-0.05082952442,-0.009125848224
2024-10-28,V36 V26+V34 50/50 Top2 mix,129339.5932,129834.2944,448.0344968,2,307.6701712,187.0310207,623436.7357,0,"{""601288.SH"": 13697.4538, ""601988.SH"": 13051.5735}",-0.00929426783,-0.05965136904,-0.009259182241
2024-10-29,V36 V26+V34 50/50 Top2 mix,130011.5483,130506.2495,448.0344968,2,307.6701712,187.0310207,623436.7357,0,"{""601288.SH"": 13697.4538, ""601988.SH"": 13051.5735}",0.005195277543,-0.05476599692,0.005175482233
2024-10-30,V36 V26+V34 50/50 Top2 mix,128002.1419,128496.843,448.0344968,2,307.6701712,187.0310207,623436.7357,0,"{""601288.SH"": 13697.4538, ""601988.SH"": 13051.5735}",-0.01545559971,-0.0693751553,-0.01539701322
2024-10-31,V36 V26+V34 50/50 Top2 mix,128145.5752,128640.2764,448.0344968,2,307.6701712,187.0310207,623436.7357,0,"{""601288.SH"": 13697.4538, ""601988.SH"": 13051.5735}",0.001120554231,-0.06833233969,0.001116240199
2024-11-01,V36 V26+V34 50/50 Top2 mix,129613.5423,130108.2435,448.0344968,2,307.6701712,187.0310207,623436.7357,0,"{""601288.SH"": 13697.4538, ""601988.SH"": 13051.5735}",0.01145546459,-0.0576596538,0.01141141127
2024-11-04,V36 V26+V34 50/50 Top2 mix,129432.5475,130037.7847,436.3532504,3,379.0336792,226.2034771,754011.5904,0,"{""601398.SH"": 5200.0, ""601939.SH"": 4000.0, ""601988.SH"": 13251.5735}",-0.001396418651,-0.05897555544,-0.000541539887
2024-11-05,V36 V26+V34 50/50 Top2 mix,129921.579,130526.8162,436.3532504,3,379.0336792,226.2034771,754011.5904,0,"{""601398.SH"": 5200.0, ""601939.SH"": 4000.0, ""601988.SH"": 13251.5735}",0.003778272767,-0.0554201084,0.003760687485
2024-11-06,V36 V26+V34 50/50 Top2 mix,128904.5475,129509.7847,436.3532504,3,379.0336792,226.2034771,754011.5904,0,"{""601398.SH"": 5200.0, ""601939.SH"": 4000.0, ""601988.SH"": 13251.5735}",-0.007828041171,-0.06281431869,-0.007791743485
2024-11-07,V36 V26+V34 50/50 Top2 mix,129934.0947,130539.3319,436.3532504,3,379.0336792,226.2034771,754011.5904,0,"{""601398.SH"": 5200.0, ""601939.SH"": 4000.0, ""601988.SH"": 13251.5735}",0.007986895916,-0.05532911419,0.007949570812
2024-11-08,V36 V26+V34 50/50 Top2 mix,128611.0003,129216.2375,436.3532504,3,379.0336792,226.2034771,754011.5904,0,"{""601398.SH"": 5200.0, ""601939.SH"": 4000.0, ""601988.SH"": 13251.5735}",-0.01018281161,-0.06494851986,-0.01013559966
2024-11-11,V36 V26+V34 50/50 Top2 mix,127184.4217,127789.6588,436.3532504,3,379.0336792,226.2034771,754011.5904,0,"{""601398.SH"": 5200.0, ""601939.SH"": 4000.0, ""601988.SH"": 13251.5735}",-0.01109219795,-0.07532029597,-0.01104024309
2024-11-12,V36 V26+V34 50/50 Top2 mix,126511.3902,127116.6273,436.3532504,3,379.0336792,226.2034771,754011.5904,0,"{""601398.SH"": 5200.0, ""601939.SH"": 4000.0, ""601988.SH"": 13251.5735}",-0.005291775995,-0.08021349383,-0.005266713095
2024-11-13,V36 V26+V34 50/50 Top2 mix,127196.9374,127802.1745,436.3532504,3,379.0336792,226.2034771,754011.5904,0,"{""601398.SH"": 5200.0, ""601939.SH"": 4000.0, ""601988.SH"": 13251.5735}",0.005418857568,-0.07522930176,0.0053930569
2024-11-14,V36 V26+V34 50/50 Top2 mix,127817.9689,128423.206,436.3532504,3,379.0336792,226.2034771,754011.5904,0,"{""601398.SH"": 5200.0, ""601939.SH"": 4000.0, ""601988.SH"": 13251.5735}",0.004882440428,-0.07071416391,0.004859318487
2024-11-15,V36 V26+V34 50/50 Top2 mix,127979.0003,128584.2375,436.3532504,3,379.0336792,226.2034771,754011.5904,0,"{""601398.SH"": 5200.0, ""601939.SH"": 4000.0, ""601988.SH"": 13251.5735}",0.001259850011,-0.06954340314,0.001253912548
2024-11-18,V36 V26+V34 50/50 Top2 mix,130882.2206,131487.4578,436.3532504,3,379.0336792,226.2034771,754011.5904,0,"{""601398.SH"": 5200.0, ""601939.SH"": 4000.0, ""601988.SH"": 13251.5735}",0.02268513021,-0.04843587409,0.02257835286
2024-11-19,V36 V26+V34 50/50 Top2 mix,130209.1891,130814.4263,436.3532504,3,379.0336792,226.2034771,754011.5904,0,"{""601398.SH"": 5200.0, ""601939.SH"": 4000.0, ""601988.SH"": 13251.5735}",-0.005142268112,-0.05332907195,-0.005118598236
2024-11-20,V36 V26+V34 50/50 Top2 mix,129892.1577,130497.3948,436.3532504,3,379.0336792,226.2034771,754011.5904,0,"{""601398.SH"": 5200.0, ""601939.SH"": 4000.0, ""601988.SH"": 13251.5735}",-0.002434785682,-0.05563401277,-0.002423520696
2024-11-21,V36 V26+V34 50/50 Top2 mix,129800.1577,130405.3948,436.3532504,3,379.0336792,226.2034771,754011.5904,0,"{""601398.SH"": 5200.0, ""601939.SH"": 4000.0, ""601988.SH"": 13251.5735}",-0.0007082798658,-0.05630288819,-0.0007049949167
2024-11-22,V36 V26+V34 50/50 Top2 mix,128321.579,128926.8162,436.3532504,3,379.0336792,226.2034771,754011.5904,0,"{""601398.SH"": 5200.0, ""601939.SH"": 4000.0, ""601988.SH"": 13251.5735}",-0.0113911932,-0.06705272431,-0.01133832443
2024-11-25,V36 V26+V34 50/50 Top2 mix,128585.579,129190.8162,436.3532504,3,379.0336792,226.2034771,754011.5904,0,"{""601398.SH"": 5200.0, ""601939.SH"": 4000.0, ""601988.SH"": 13251.5735}",0.002057331293,-0.06513334269,0.002047673307
2024-11-26,V36 V26+V34 50/50 Top2 mix,130513.7049,131118.942,436.3532504,3,379.0336792,226.2034771,754011.5904,0,"{""601398.SH"": 5200.0, ""601939.SH"": 4000.0, ""601988.SH"": 13251.5735}",0.01499488428,-0.05111512534,0.01492463578
2024-11-27,V36 V26+V34 50/50 Top2 mix,131704.2835,132309.5207,436.3532504,3,379.0336792,226.2034771,754011.5904,0,"{""601398.SH"": 5200.0, ""601939.SH"": 4000.0, ""601988.SH"": 13251.5735}",0.009122250224,-0.04245916008,0.009080142466
2024-11-28,V36 V26+V34 50/50 Top2 mix,131439.7678,132045.005,436.3532504,3,379.0336792,226.2034771,754011.5904,0,"{""601398.SH"": 5200.0, ""601939.SH"": 4000.0, ""601988.SH"": 13251.5735}",-0.002008406466,-0.04438229129,-0.001999219204
2024-11-29,V36 V26+V34 50/50 Top2 mix,130726.7363,131331.9735,436.3532504,3,379.0336792,226.2034771,754011.5904,0,"{""601398.SH"": 5200.0, ""601939.SH"": 4000.0, ""601988.SH"": 13251.5735}",-0.005424777305,-0.04956630455,-0.005399912474
2024-12-02,V36 V26+V34 50/50 Top2 mix,130462.7363,131067.9735,436.3532504,3,379.0336792,226.2034771,754011.5904,0,"{""601398.SH"": 5200.0, ""601939.SH"": 4000.0, ""601988.SH"": 13251.5735}",-0.002019479774,-0.05148568618,-0.002010173098
2024-12-03,V36 V26+V34 50/50 Top2 mix,132308.503,132973.0994,47.99403929,3,418.1539902,246.4423771,821474.5904,0,"{""601398.SH"": 10600.0, ""601939.SH"": 4100.0, ""601988.SH"": 6551.5735}",0.01414784573,-0.038066252,0.01453540348
2024-12-04,V36 V26+V34 50/50 Top2 mix,133461.5345,134126.1308,47.99403929,3,418.1539902,246.4423771,821474.5904,0,"{""601398.SH"": 10600.0, ""601939.SH"": 4100.0, ""601988.SH"": 6551.5735}",0.008714719335,-0.02968326936,0.008671163377
2024-12-05,V36 V26+V34 50/50 Top2 mix,133428.9873,134093.5836,47.99403929,3,418.1539902,246.4423771,821474.5904,0,"{""601398.SH"": 10600.0, ""601939.SH"": 4100.0, ""601988.SH"": 6551.5735}",-0.0002438695485,-0.02991990007,-0.0002426611724
2024-12-06,V36 V26+V34 50/50 Top2 mix,134360.0187,135024.6151,47.99403929,3,418.1539902,246.4423771,821474.5904,0,"{""601398.SH"": 10600.0, ""601939.SH"": 4100.0, ""601988.SH"": 6551.5735}",0.006977730165,-0.02315094289,0.006943147048
2024-12-09,V36 V26+V34 50/50 Top2 mix,134605.5974,135270.1938,47.99403929,3,418.1539902,246.4423771,821474.5904,0,"{""601398.SH"": 10600.0, ""601939.SH"": 4100.0, ""601988.SH"": 6551.5735}",0.001827765997,-0.0213654914,0.001818769662
2024-12-10,V36 V26+V34 50/50 Top2 mix,136550.6918,137215.2882,47.99403929,3,418.1539902,246.4423771,821474.5904,0,"{""601398.SH"": 10600.0, ""601939.SH"": 4100.0, ""601988.SH"": 6551.5735}",0.01445032336,-0.007223906302,0.01437932743
2024-12-11,V36 V26+V34 50/50 Top2 mix,134204.566,134869.1623,47.99403929,3,418.1539902,246.4423771,821474.5904,0,"{""601398.SH"": 10600.0, ""601939.SH"": 4100.0, ""601988.SH"": 6551.5735}",-0.01718135475,-0.02428114456,-0.0170981376
2024-12-12,V36 V26+V34 50/50 Top2 mix,136239.1761,136903.7725,47.99403929,3,418.1539902,246.4423771,821474.5904,0,"{""601398.SH"": 10600.0, ""601939.SH"": 4100.0, ""601988.SH"": 6551.5735}",0.01516051357,-0.009488745608,0.01508580693
2024-12-13,V36 V26+V34 50/50 Top2 mix,135749.1446,136413.741,47.99403929,3,418.1539902,246.4423771,821474.5904,0,"{""601398.SH"": 10600.0, ""601939.SH"": 4100.0, ""601988.SH"": 6551.5735}",-0.003596846983,-0.01305146303,-0.003579386168
2024-12-16,V36 V26+V34 50/50 Top2 mix,138372.2705,139036.8669,47.99403929,3,418.1539902,246.4423771,821474.5904,0,"{""601398.SH"": 10600.0, ""601939.SH"": 4100.0, ""601988.SH"": 6551.5735}",0.01932333264,0,0.01922919098
2024-12-17,V36 V26+V34 50/50 Top2 mix,138455.302,139119.8983,47.99403929,3,418.1539902,246.4423771,821474.5904,0,"{""601398.SH"": 10600.0, ""601939.SH"": 4100.0, ""601988.SH"": 6551.5735}",0.0006000585893,0,0.0005971903087
2024-12-18,V36 V26+V34 50/50 Top2 mix,139549.302,140213.8983,47.99403929,3,418.1539902,246.4423771,821474.5904,0,"{""601398.SH"": 10600.0, ""601939.SH"": 4100.0, ""601988.SH"": 6551.5735}",0.007901467004,0,0.007863720525
2024-12-19,V36 V26+V34 50/50 Top2 mix,137874.7233,138539.3197,47.99403929,3,418.1539902,246.4423771,821474.5904,0,"{""601398.SH"": 10600.0, ""601939.SH"": 4100.0, ""601988.SH"": 6551.5735}",-0.0119999072,-0.0119999072,-0.01194302914
2024-12-20,V36 V26+V34 50/50 Top2 mix,138495.2705,139159.8669,47.99403929,3,418.1539902,246.4423771,821474.5904,0,"{""601398.SH"": 10600.0, ""601939.SH"": 4100.0, ""601988.SH"": 6551.5735}",0.004500804711,-0.007553111729,0.004479213596
2024-12-23,V36 V26+V34 50/50 Top2 mix,141526.4278,142191.0242,47.99403929,3,418.1539902,246.4423771,821474.5904,0,"{""601398.SH"": 10600.0, ""601939.SH"": 4100.0, ""601988.SH"": 6551.5735}",0.02188635999,0,0.02178183564
2024-12-24,V36 V26+V34 50/50 Top2 mix,143489.038,144153.6344,47.99403929,3,418.1539902,246.4423771,821474.5904,0,"{""601398.SH"": 10600.0, ""601939.SH"": 4100.0, ""601988.SH"": 6551.5735}",0.01386744633,0,0.01380263033
2024-12-25,V36 V26+V34 50/50 Top2 mix,146119.1639,146783.7602,47.99403929,3,418.1539902,246.4423771,821474.5904,0,"{""601398.SH"": 10600.0, ""601939.SH"": 4100.0, ""601988.SH"": 6551.5735}",0.01832980355,0,0.01824529704
2024-12-26,V36 V26+V34 50/50 Top2 mix,145742.6481,146407.2445,47.99403929,3,418.1539902,246.4423771,821474.5904,0,"{""601398.SH"": 10600.0, ""601939.SH"": 4100.0, ""601988.SH"": 6551.5735}",-0.002576771758,-0.002576771758,-0.002565104846
2024-12-27,V36 V26+V34 50/50 Top2 mix,145259.6167,145924.213,47.99403929,3,418.1539902,246.4423771,821474.5904,0,"{""601398.SH"": 10600.0, ""601939.SH"": 4100.0, ""601988.SH"": 6551.5735}",-0.003314276745,-0.005882508368,-0.003299232023
2024-12-30,V36 V26+V34 50/50 Top2 mix,146028.1953,146692.7917,47.99403929,3,418.1539902,246.4423771,821474.5904,0,"{""601398.SH"": 10600.0, ""601939.SH"": 4100.0, ""601988.SH"": 6551.5735}",0.00529106913,-0.0006225639961,0.005266971516
2024-12-31,V36 V26+V34 50/50 Top2 mix,145538.1639,146202.7602,47.99403929,3,418.1539902,246.4423771,821474.5904,0,"{""601398.SH"": 10600.0, ""601939.SH"": 4100.0, ""601988.SH"": 6551.5735}",-0.003355731873,-0.003976206711,-0.003340528623
2025-01-02,V36 V26+V34 50/50 Top2 mix,142528.9436,143193.54,47.99403929,3,418.1539902,246.4423771,821474.5904,0,"{""601398.SH"": 10600.0, ""601939.SH"": 4100.0, ""601988.SH"": 6551.5735}",-0.02067650303,-0.02457049569,-0.0205825135
2025-01-03,V36 V26+V34 50/50 Top2 mix,140956.3606,141626.5085,723.4425335,3,423.501196,246.6466771,822155.5904,0,"{""601398.SH"": 10500.0, ""601939.SH"": 4100.0, ""601988.SH"": 6551.5735}",-0.01103342897,-0.03533282784,-0.01094345087
2025-01-06,V36 V26+V34 50/50 Top2 mix,141679.4235,142349.5714,723.4425335,3,423.501196,246.6466771,822155.5904,0,"{""601398.SH"": 10500.0, ""601939.SH"": 4100.0, ""601988.SH"": 6551.5735}",0.005129693586,-0.03038438084,0.005105420918
2025-01-07,V36 V26+V34 50/50 Top2 mix,143694.2742,144364.4221,723.4425335,3,423.501196,246.6466771,822155.5904,0,"{""601398.SH"": 10722.607, ""601939.SH"": 4100.0, ""601988.SH"": 6551.5735}",0.01422119493,-0.0165952881,0.01415424494
2025-01-08,V36 V26+V34 50/50 Top2 mix,145616.9511,146287.099,723.4425335,3,423.501196,246.6466771,822155.5904,0,"{""601398.SH"": 10722.607, ""601939.SH"": 4100.0, ""601988.SH"": 6551.5735}",0.0133803306,-0.003437007941,0.01331821835
2025-01-09,V36 V26+V34 50/50 Top2 mix,144359.7264,145029.8743,723.4425335,3,423.501196,246.6466771,822155.5904,0,"{""601398.SH"": 10722.607, ""601939.SH"": 4100.0, ""601988.SH"": 6551.5735}",-0.008633780246,-0.01204111382,-0.008594228505
2025-01-10,V36 V26+V34 50/50 Top2 mix,143404.2204,144074.3682,723.4425335,3,423.501196,246.6466771,822155.5904,0,"{""601398.SH"": 10722.607, ""601939.SH"": 4195.8478, ""601988.SH"": 6551.5735}",-0.006618923716,-0.01858033832,-0.006588339275
2025-01-13,V36 V26+V34 50/50 Top2 mix,141327.1449,141997.2928,723.4425335,3,423.501196,246.6466771,822155.5904,0,"{""601398.SH"": 10722.607, ""601939.SH"": 4195.8478, ""601988.SH"": 6551.5735}",-0.01448406106,-0.03279528062,-0.01441668986
2025-01-14,V36 V26+V34 50/50 Top2 mix,142084.3723,142754.5201,723.4425335,3,423.501196,246.6466771,822155.5904,0,"{""601398.SH"": 10722.607, ""601939.SH"": 4195.8478, ""601988.SH"": 6551.5735}",0.005357975513,-0.02761302142,0.005332688863
2025-01-15,V36 V26+V34 50/50 Top2 mix,142429.8559,143100.0038,723.4425335,3,423.501196,246.6466771,822155.5904,0,"{""601398.SH"": 10722.607, ""601939.SH"": 4195.8478, ""601988.SH"": 6551.5735}",0.00243153841,-0.02524862513,0.002420123778
2025-01-16,V36 V26+V34 50/50 Top2 mix,143749.9521,144420.1,723.4425335,3,423.501196,246.6466771,822155.5904,0,"{""601398.SH"": 10722.607, ""601939.SH"": 4195.8478, ""601988.SH"": 6551.5735}",0.009268395572,-0.0162142438,0.009224990992
2025-01-17,V36 V26+V34 50/50 Top2 mix,142299.3207,142969.4686,723.4425335,3,423.501196,246.6466771,822155.5904,0,"{""601398.SH"": 10722.607, ""601939.SH"": 4195.8478, ""601988.SH"": 6551.5735}",-0.01009135243,-0.02614197259,-0.01004452586
2025-01-20,V36 V26+V34 50/50 Top2 mix,141398.5611,142068.709,723.4425335,3,423.501196,246.6466771,822155.5904,0,"{""601398.SH"": 10722.607, ""601939.SH"": 4195.8478, ""601988.SH"": 6551.5735}",-0.006330034489,-0.03230652749,-0.006300363405
2025-01-21,V36 V26+V34 50/50 Top2 mix,141100.192,141770.3399,723.4425335,3,423.501196,246.6466771,822155.5904,0,"{""601398.SH"": 10722.607, ""601939.SH"": 4195.8478, ""601988.SH"": 6551.5735}",-0.00211012823,-0.0343484848,-0.00210017461
2025-01-22,V36 V26+V34 50/50 Top2 mix,138845.9631,139516.111,723.4425335,3,423.501196,246.6466771,822155.5904,0,"{""601398.SH"": 10722.607, ""601939.SH"": 4195.8478, ""601988.SH"": 6551.5735}",-0.01597608665,-0.04977581708,-0.01590056775
2025-01-23,V36 V26+V34 50/50 Top2 mix,143343.2821,144013.43,723.4425335,3,423.501196,246.6466771,822155.5904,0,"{""601398.SH"": 10722.607, ""601939.SH"": 4195.8478, ""601988.SH"": 6703.0565}",0.03239070777,-0.01899738326,0.03223512313
2025-01-24,V36 V26+V34 50/50 Top2 mix,143123.5411,143793.6889,723.4425335,3,423.501196,246.6466771,822155.5904,0,"{""601398.SH"": 10722.607, ""601939.SH"": 4195.8478, ""601988.SH"": 6703.0565}",-0.001532970757,-0.02050123158,-0.001525837276
2025-01-27,V36 V26+V34 50/50 Top2 mix,146215.8202,146885.9681,723.4425335,3,423.501196,246.6466771,822155.5904,0,"{""601398.SH"": 10722.607, ""601939.SH"": 4195.8478, ""601988.SH"": 6703.0565}",0.02160566422,0,0.02150497141
2025-02-05,V36 V26+V34 50/50 Top2 mix,143279.1483,143949.2962,723.4425335,3,423.501196,246.6466771,822155.5904,0,"{""601398.SH"": 10722.607, ""601939.SH"": 4195.8478, ""601988.SH"": 6703.0565}",-0.02008450177,-0.02008450177,-0.01999286887
2025-02-06,V36 V26+V34 50/50 Top2 mix,143054.4794,143782.069,284.0394243,2,459.6308558,267.9586887,893195.629,0,"{""601398.SH"": 10722.607, ""601988.SH"": 13403.0565}",-0.001568050142,-0.0216210584,-0.001161709171
2025-02-07,V36 V26+V34 50/50 Top2 mix,142786.4183,143514.0078,284.0394243,2,459.6308558,267.9586887,893195.629,0,"{""601398.SH"": 10722.607, ""601988.SH"": 13403.0565}",-0.001873839471,-0.02345438348,-0.001864357162
2025-02-10,V36 V26+V34 50/50 Top2 mix,142437.9356,143165.5251,284.0394243,2,459.6308558,267.9586887,893195.629,0,"{""601398.SH"": 10722.607, ""601988.SH"": 13403.0565}",-0.002440587195,-0.02583772821,-0.002428213869
2025-02-11,V36 V26+V34 50/50 Top2 mix,145520.6629,146248.2524,284.0394243,2,459.6308558,267.9586887,893195.629,0,"{""601398.SH"": 10722.607, ""601988.SH"": 13403.0565}",0.02164259996,-0.004754323865,0.02153260889
2025-02-12,V36 V26+V34 50/50 Top2 mix,146646.5325,147374.1221,284.0394243,2,459.6308558,267.9586887,893195.629,0,"{""601398.SH"": 10722.607, ""601988.SH"": 13403.0565}",0.007736837262,0,0.007698346259
2025-02-13,V36 V26+V34 50/50 Top2 mix,147423.9195,148151.5091,284.0394243,2,459.6308558,267.9586887,893195.629,0,"{""601398.SH"": 10722.607, ""601988.SH"": 13403.0565}",0.005301093514,0,0.00527492189
2025-02-14,V36 V26+V34 50/50 Top2 mix,147745.5977,148473.1873,284.0394243,2,459.6308558,267.9586887,893195.629,0,"{""601398.SH"": 10722.607, ""601988.SH"": 13403.0565}",0.002181994684,0,0.002171278651
2025-02-17,V36 V26+V34 50/50 Top2 mix,147826.0112,148553.6008,284.0394243,2,459.6308558,267.9586887,893195.629,0,"{""601398.SH"": 10722.607, ""601988.SH"": 13403.0565}",0.0005442699307,0,0.000541602748
2025-02-18,V36 V26+V34 50/50 Top2 mix,150828.3169,151555.9065,284.0394243,2,459.6308558,267.9586887,893195.629,0,"{""601398.SH"": 10722.607, ""601988.SH"": 13403.0565}",0.02030972533,0,0.02021025185
2025-02-19,V36 V26+V34 50/50 Top2 mix,149997.3209,150724.9105,284.0394243,2,459.6308558,267.9586887,893195.629,0,"{""601398.SH"": 10722.607, ""601988.SH"": 13403.0565}",-0.005509548806,-0.005509548806,-0.005483098566
2025-02-20,V36 V26+V34 50/50 Top2 mix,150587.0603,151314.6498,284.0394243,2,459.6308558,267.9586887,893195.629,0,"{""601398.SH"": 10722.607, ""601988.SH"": 13403.0565}",0.003931665813,-0.001599544698,0.003912686608
2025-02-21,V36 V26+V34 50/50 Top2 mix,147772.3941,148499.9837,284.0394243,2,459.6308558,267.9586887,893195.629,0,"{""601398.SH"": 10722.607, ""601988.SH"": 13403.0565}",-0.01869128811,-0.02026093526,-0.01860141191
2025-02-24,V36 V26+V34 50/50 Top2 mix,146673.337,147400.9266,284.0394243,2,459.6308558,267.9586887,893195.629,0,"{""601398.SH"": 10722.607, ""601988.SH"": 13403.0565}",-0.007437499472,-0.02754774403,-0.007401058748
2025-02-25,V36 V26+V34 50/50 Top2 mix,145681.506,146409.0956,284.0394243,2,459.6308558,267.9586887,893195.629,0,"{""601398.SH"": 10722.607, ""601988.SH"": 13403.0565}",-0.006762176779,-0.0341236381,-0.006728797822
2025-02-26,V36 V26+V34 50/50 Top2 mix,146566.111,147293.7005,284.0394243,2,459.6308558,267.9586887,893195.629,0,"{""601398.SH"": 10722.607, ""601988.SH"": 13403.0565}",0.006072184373,-0.02825865874,0.006042008257
2025-02-27,V36 V26+V34 50/50 Top2 mix,147370.3024,148097.892,284.0394243,2,459.6308558,267.9586887,893195.629,0,"{""601398.SH"": 10722.607, ""601988.SH"": 13403.0565}",0.005486885561,-0.02292682521,0.005459781886
2025-02-28,V36 V26+V34 50/50 Top2 mix,146324.8543,147052.4439,284.0394243,2,459.6308558,267.9586887,893195.629,0,"{""601398.SH"": 10722.607, ""601988.SH"": 13403.0565}",-0.007094021626,-0.02985820344,-0.007059169435
2025-03-03,V36 V26+V34 50/50 Top2 mix,146378.4633,147106.0529,284.0394243,2,459.6308558,267.9586887,893195.629,0,"{""601398.SH"": 10722.607, ""601988.SH"": 13403.0565}",0.0003663696852,-0.0295027729,0.0003645569527
2025-03-04,V36 V26+V34 50/50 Top2 mix,145074.6328,145978.2524,581.1888583,3,570.5023301,333.1172425,1110390.808,0,"{""601288.SH"": 7100.0, ""601939.SH"": 8500.0, ""601988.SH"": 6803.0565}",-0.00890725635,-0.03814724049,-0.007666580992
2025-03-05,V36 V26+V34 50/50 Top2 mix,147869.9079,148773.5275,581.1888583,3,570.5023301,333.1172425,1110390.808,0,"{""601288.SH"": 7100.0, ""601939.SH"": 8500.0, ""601988.SH"": 6803.0565}",0.01926784187,-0.01961441361,0.01914857206
2025-03-06,V36 V26+V34 50/50 Top2 mix,146375.8162,147279.4358,581.1888583,3,570.5023301,333.1172425,1110390.808,0,"{""601288.SH"": 7100.0, ""601939.SH"": 8500.0, ""601988.SH"": 6803.0565}",-0.01010409566,-0.02952032336,-0.01004272548
2025-03-07,V36 V26+V34 50/50 Top2 mix,145845.7245,146749.3441,581.1888583,3,570.5023301,333.1172425,1110390.808,0,"{""601288.SH"": 7100.0, ""601939.SH"": 8500.0, ""601988.SH"": 6803.0565}",-0.003621443137,-0.03303486033,-0.003599224102
2025-03-10,V36 V26+V34 50/50 Top2 mix,144864.6023,145768.2218,581.1888583,3,570.5023301,333.1172425,1110390.808,0,"{""601288.SH"": 7100.0, ""601939.SH"": 8500.0, ""601988.SH"": 6803.0565}",-0.006727123906,-0.03953975463,-0.00668570116
2025-03-11,V36 V26+V34 50/50 Top2 mix,145553.6634,146457.283,581.1888583,3,570.5023301,333.1172425,1110390.808,2.910383046e-11,"{""601288.SH"": 7100.0, ""601939.SH"": 8500.0, ""601988.SH"": 6803.0565}",0.004756587318,-0.03497124161,0.004727101156
2025-03-12,V36 V26+V34 50/50 Top2 mix,144521.48,145425.0996,581.1888583,3,570.5023301,333.1172425,1110390.808,2.910383046e-11,"{""601288.SH"": 7100.0, ""601939.SH"": 8500.0, ""601988.SH"": 6803.0565}",-0.007091428453,-0.04181467401,-0.007047675398
2025-03-13,V36 V26+V34 50/50 Top2 mix,144819.48,145723.0996,581.1888583,3,570.5023301,333.1172425,1110390.808,2.910383046e-11,"{""601288.SH"": 7100.0, ""601939.SH"": 8500.0, ""601988.SH"": 6803.0565}",0.002061977223,-0.03983891769,0.002049164834
2025-03-14,V36 V26+V34 50/50 Top2 mix,145264.5717,146168.1913,581.1888583,3,570.5023301,333.1172425,1110390.808,2.910383046e-11,"{""601288.SH"": 7100.0, ""601939.SH"": 8500.0, ""601988.SH"": 6803.0565}",0.003073424204,-0.03688793538,0.003054366098
2025-03-17,V36 V26+V34 50/50 Top2 mix,146041.6023,146945.2218,581.1888583,3,570.5023301,333.1172425,1110390.808,0,"{""601288.SH"": 7100.0, ""601939.SH"": 8500.0, ""601988.SH"": 6803.0565}",0.005349071394,-0.03173618018,0.005316003148
2025-03-18,V36 V26+V34 50/50 Top2 mix,145715.6023,146619.2218,581.1888583,3,570.5023301,333.1172425,1110390.808,0,"{""601288.SH"": 7100.0, ""601939.SH"": 8500.0, ""601988.SH"": 6803.0565}",-0.002232240642,-0.03389757804,-0.002218513783
2025-03-19,V36 V26+V34 50/50 Top2 mix,147158.7857,148062.4052,581.1888583,3,570.5023301,333.1172425,1110390.808,0,"{""601288.SH"": 7100.0, ""601939.SH"": 8500.0, ""601988.SH"": 6803.0565}",0.00990411025,-0.02432919313,0.00984307086
2025-03-20,V36 V26+V34 50/50 Top2 mix,146537.7551,147441.3747,581.1888583,3,570.5023301,333.1172425,1110390.808,2.910383046e-11,"{""601288.SH"": 7100.0, ""601939.SH"": 8500.0, ""601988.SH"": 6803.0565}",-0.004220139234,-0.02844665979,-0.004194383875
2025-03-21,V36 V26+V34 50/50 Top2 mix,145349.5717,146253.1913,581.1888583,3,570.5023301,333.1172425,1110390.808,2.910383046e-11,"{""601288.SH"": 7100.0, ""601939.SH"": 8500.0, ""601988.SH"": 6803.0565}",-0.008108377184,-0.03632438072,-0.008058683614
2025-03-24,V36 V26+V34 50/50 Top2 mix,146741.694,147645.3135,581.1888583,3,570.5023301,333.1172425,1110390.808,0,"{""601288.SH"": 7100.0, ""601939.SH"": 8500.0, ""601988.SH"": 6803.0565}",0.00957775275,-0.02709453391,0.009518576982
2025-03-25,V36 V26+V34 50/50 Top2 mix,148093.9385,148997.5581,581.1888583,3,570.5023301,333.1172425,1110390.808,0,"{""601288.SH"": 7100.0, ""601939.SH"": 8500.0, ""601988.SH"": 6803.0565}",0.009215135,-0.0181290787,0.009158736486
2025-03-26,V36 V26+V34 50/50 Top2 mix,147441.9385,148345.5581,581.1888583,3,570.5023301,333.1172425,1110390.808,0,"{""601288.SH"": 7100.0, ""601939.SH"": 8500.0, ""601988.SH"": 6803.0565}",-0.004402610983,-0.0224518744,-0.004375910643
2025-03-27,V36 V26+V34 50/50 Top2 mix,148122.0913,149025.7109,581.1888583,3,570.5023301,333.1172425,1110390.808,0,"{""601288.SH"": 7100.0, ""601939.SH"": 8500.0, ""601988.SH"": 6803.0565}",0.004613021451,-0.01794242393,0.004584922083
2025-03-28,V36 V26+V34 50/50 Top2 mix,146627.9996,147531.6192,581.1888583,3,570.5023301,333.1172425,1110390.808,0,"{""601288.SH"": 7100.0, ""601939.SH"": 8500.0, ""601988.SH"": 6803.0565}",-0.01008689306,-0.02784833368,-0.01002573104
2025-03-31,V36 V26+V34 50/50 Top2 mix,150511.3053,151414.9248,581.1888583,3,570.5023301,333.1172425,1110390.808,0,"{""601288.SH"": 7100.0, ""601939.SH"": 8500.0, ""601988.SH"": 6803.0565}",0.02648406621,-0.002101804579,0.02632185339
2025-04-01,V36 V26+V34 50/50 Top2 mix,148252.0607,149155.6803,581.1888583,3,570.5023301,333.1172425,1110390.808,0,"{""601288.SH"": 7100.0, ""601939.SH"": 8500.0, ""601988.SH"": 6803.0565}",-0.01501046394,-0.01708071946,-0.01492088394
2025-04-02,V36 V26+V34 50/50 Top2 mix,149845.3372,150866.8943,221.251348,3,644.7328404,376.8242425,1256080.808,0,"{""601398.SH"": 5400.0, ""601939.SH"": 4300.0, ""601988.SH"": 13403.0565}",0.01074707789,-0.006517209385,0.01147267038
2025-04-03,V36 V26+V34 50/50 Top2 mix,151644.5511,152666.1082,221.251348,3,644.7328404,376.8242425,1256080.808,0,"{""601398.SH"": 5400.0, ""601939.SH"": 4300.0, ""601988.SH"": 13403.0565}",0.01200714009,0,0.01192583677
2025-04-07,V36 V26+V34 50/50 Top2 mix,147821.8787,148843.4358,221.251348,3,644.7328404,376.8242425,1256080.808,0,"{""601398.SH"": 5400.0, ""601939.SH"": 4300.0, ""601988.SH"": 13403.0565}",-0.02520810937,-0.02520810937,-0.02503943065
2025-04-08,V36 V26+V34 50/50 Top2 mix,148934.9704,149956.5275,221.251348,3,644.7328404,376.8242425,1256080.808,0,"{""601398.SH"": 5400.0, ""601939.SH"": 4300.0, ""601988.SH"": 13403.0565}",0.007529952296,-0.01786797293,0.007478271978
2025-04-09,V36 V26+V34 50/50 Top2 mix,147291.787,148313.3441,221.251348,3,644.7328404,376.8242425,1256080.808,0,"{""601398.SH"": 5400.0, ""601939.SH"": 4300.0, ""601988.SH"": 13403.0565}",-0.01103289164,-0.02870372916,-0.01095773167
2025-04-10,V36 V26+V34 50/50 Top2 mix,146361.6953,147383.2524,221.251348,3,644.7328404,376.8242425,1256080.808,0,"{""601398.SH"": 5400.0, ""601939.SH"": 4300.0, ""601988.SH"": 13403.0565}",-0.00631462021,-0.03483709623,-0.00627112618
2025-04-11,V36 V26+V34 50/50 Top2 mix,147382.8176,148404.3747,221.251348,3,644.7328404,376.8242425,1256080.808,2.910383046e-11,"{""601398.SH"": 5400.0, ""601939.SH"": 4300.0, ""601988.SH"": 13403.0565}",0.006976704238,-0.0281034401,0.006928346629
2025-04-14,V36 V26+V34 50/50 Top2 mix,149167.001,150188.5581,221.251348,3,644.7328404,376.8242425,1256080.808,0,"{""601398.SH"": 5400.0, ""601939.SH"": 4300.0, ""601988.SH"": 13403.0565}",0.0121057761,-0.01633787796,0.01202244472
2025-04-15,V36 V26+V34 50/50 Top2 mix,151208.3066,152229.8637,221.251348,3,644.7328404,376.8242425,1256080.808,2.910383046e-11,"{""601398.SH"": 5400.0, ""601939.SH"": 4300.0, ""601988.SH"": 13403.0565}",0.01368469995,-0.002876756974,0.01359161894
2025-04-16,V36 V26+V34 50/50 Top2 mix,153207.5511,154229.1082,221.251348,3,644.7328404,376.8242425,1256080.808,0,"{""601398.SH"": 5400.0, ""601939.SH"": 4300.0, ""601988.SH"": 13403.0565}",0.01322179029,0,0.01313306385
2025-04-17,V36 V26+V34 50/50 Top2 mix,153196.5511,154218.1082,221.251348,3,644.7328404,376.8242425,1256080.808,0,"{""601398.SH"": 5400.0, ""601939.SH"": 4300.0, ""601988.SH"": 13403.0565}",-7.17980277e-05,-7.17980277e-05,-7.132246388e-05
2025-04-18,V36 V26+V34 50/50 Top2 mix,154552.6123,155574.1694,221.251348,3,644.7328404,376.8242425,1256080.808,0,"{""601398.SH"": 5400.0, ""601939.SH"": 4300.0, ""601988.SH"": 13403.0565}",0.008851773228,0,0.008793138145
2025-04-21,V36 V26+V34 50/50 Top2 mix,152794.4594,153816.0165,221.251348,3,644.7328404,376.8242425,1256080.808,0,"{""601398.SH"": 5400.0, ""601939.SH"": 4300.0, ""601988.SH"": 13403.0565}",-0.01137575612,-0.01137575612,-0.01130105873
2025-04-22,V36 V26+V34 50/50 Top2 mix,155147.7651,156169.3222,221.251348,3,644.7328404,376.8242425,1256080.808,0,"{""601398.SH"": 5400.0, ""601939.SH"": 4300.0, ""601988.SH"": 13403.0565}",0.01540177346,0,0.01529948378
2025-04-23,V36 V26+V34 50/50 Top2 mix,154362.704,155384.261,221.251348,3,644.7328404,376.8242425,1256080.808,0,"{""601398.SH"": 5400.0, ""601939.SH"": 4300.0, ""601988.SH"": 13403.0565}",-0.005060086618,-0.005060086618,-0.005026986857
2025-04-24,V36 V26+V34 50/50 Top2 mix,157318.0707,158339.6278,221.251348,3,644.7328404,376.8242425,1256080.808,2.910383046e-11,"{""601398.SH"": 5400.0, ""601939.SH"": 4300.0, ""601988.SH"": 13403.0565}",0.01914560126,0,0.01901973057
2025-04-25,V36 V26+V34 50/50 Top2 mix,156214.7654,157236.3225,221.251348,3,644.7328404,376.8242425,1256080.808,2.910383046e-11,"{""601398.SH"": 5400.0, ""601939.SH"": 4300.0, ""601988.SH"": 13684.8965}",-0.007013214387,-0.007013214387,-0.006967967351
2025-04-28,V36 V26+V34 50/50 Top2 mix,158105.0102,159126.5673,221.251348,3,644.7328404,376.8242425,1256080.808,0,"{""601398.SH"": 5400.0, ""601939.SH"": 4300.0, ""601988.SH"": 13684.8965}",0.01210029551,0,0.01202168045
2025-04-29,V36 V26+V34 50/50 Top2 mix,157731.1612,158752.7183,221.251348,3,644.7328404,376.8242425,1256080.808,0,"{""601398.SH"": 5400.0, ""601939.SH"": 4300.0, ""601988.SH"": 13684.8965}",-0.00236456115,-0.00236456115,-0.002349381194
2025-04-30,V36 V26+V34 50/50 Top2 mix,152710.7288,153732.2859,221.251348,3,644.7328404,376.8242425,1256080.808,0,"{""601398.SH"": 5400.0, ""601939.SH"": 4300.0, ""601988.SH"": 13684.8965}",-0.03182904609,-0.03411834551,-0.03162422951
2025-05-06,V36 V26+V34 50/50 Top2 mix,151958.333,152979.8901,221.251348,3,644.7328404,376.8242425,1256080.808,0,"{""601398.SH"": 5400.0, ""601939.SH"": 4300.0, ""601988.SH"": 13684.8965}",-0.004926935158,-0.03887718179,-0.00489419548
2025-05-07,V36 V26+V34 50/50 Top2 mix,154664.7141,155814.437,890.7141275,3,727.2669065,422.4559311,1408186.437,0,"{""601288.SH"": 7000.0, ""601398.SH"": 10800.0, ""601939.SH"": 4200.0}",0.01781002125,-0.02175956398,0.01852888568
2025-05-08,V36 V26+V34 50/50 Top2 mix,154860.7141,156010.437,890.7141275,3,727.2669065,422.4559311,1408186.437,0,"{""601288.SH"": 7000.0, ""601398.SH"": 10800.0, ""601939.SH"": 4200.0}",0.001267257377,-0.02051988157,0.001257906545
2025-05-09,V36 V26+V34 50/50 Top2 mix,156600.9841,157750.7069,890.7141275,3,727.2669065,422.4559311,1408186.437,0,"{""601288.SH"": 7000.0, ""601398.SH"": 10800.0, ""601939.SH"": 4296.9989}",0.0112376463,-0.009512830442,0.01115483018
2025-05-12,V36 V26+V34 50/50 Top2 mix,156262.1941,157411.917,890.7141275,3,727.2669065,422.4559311,1408186.437,-2.910383046e-11,"{""601288.SH"": 7000.0, ""601398.SH"": 10800.0, ""601939.SH"": 4296.9989}",-0.00216339588,-0.0116556463,-0.002147628561
2025-05-13,V36 V26+V34 50/50 Top2 mix,158174.924,159324.6469,890.7141275,3,727.2669065,422.4559311,1408186.437,0,"{""601288.SH"": 7000.0, ""601398.SH"": 10800.0, ""601939.SH"": 4296.9989}",0.01224051609,0,0.01215111244
2025-05-14,V36 V26+V34 50/50 Top2 mix,158201.954,159351.6769,890.7141275,3,727.2669065,422.4559311,1408186.437,0,"{""601288.SH"": 7000.0, ""601398.SH"": 10800.0, ""601939.SH"": 4296.9989}",0.0001708868271,0,0.000169653669
2025-05-15,V36 V26+V34 50/50 Top2 mix,158688.0141,159837.7369,890.7141275,3,727.2669065,422.4559311,1408186.437,-2.910383046e-11,"{""601288.SH"": 7000.0, ""601398.SH"": 10800.0, ""601939.SH"": 4296.9989}",0.003072402138,0,0.003050234747
2025-05-16,V36 V26+V34 50/50 Top2 mix,156795.1641,157944.887,890.7141275,3,727.2669065,422.4559311,1408186.437,0,"{""601288.SH"": 7000.0, ""601398.SH"": 10800.0, ""601939.SH"": 4296.9989}",-0.01192812171,-0.01192812171,-0.01184232198
2025-05-19,V36 V26+V34 50/50 Top2 mix,156067.2241,157216.947,890.7141275,3,727.2669065,422.4559311,1408186.437,0,"{""601288.SH"": 7000.0, ""601398.SH"": 10800.0, ""601939.SH"": 4296.9989}",-0.004642617534,-0.01651536154,-0.004608822686
2025-05-20,V36 V26+V34 50/50 Top2 mix,156245.2241,157394.947,890.7141275,3,727.2669065,422.4559311,1408186.437,0,"{""601288.SH"": 7000.0, ""601398.SH"": 10800.0, ""601939.SH"": 4296.9989}",0.001140534157,-0.01539366371,0.001132193465
2025-05-21,V36 V26+V34 50/50 Top2 mix,156466.1941,157615.917,890.7141275,3,727.2669065,422.4559311,1408186.437,-2.910383046e-11,"{""601288.SH"": 7000.0, ""601398.SH"": 10800.0, ""601939.SH"": 4296.9989}",0.001414251158,-0.01400118306,0.001403920477
2025-05-22,V36 V26+V34 50/50 Top2 mix,156460.1941,157609.917,890.7141275,3,727.2669065,422.4559311,1408186.437,-2.910383046e-11,"{""601288.SH"": 7000.0, ""601398.SH"": 10800.0, ""601939.SH"": 4296.9989}",-3.834694154e-05,-0.0140389931,-3.806722135e-05
2025-05-23,V36 V26+V34 50/50 Top2 mix,155151.4642,156301.1871,890.7141275,3,727.2669065,422.4559311,1408186.437,0,"{""601288.SH"": 7000.0, ""601398.SH"": 10800.0, ""601939.SH"": 4296.9989}",-0.008364618932,-0.0222861812,-0.008303601239
2025-05-26,V36 V26+V34 50/50 Top2 mix,154375.5843,155525.3071,890.7141275,3,727.2669065,422.4559311,1408186.437,0,"{""601288.SH"": 7000.0, ""601398.SH"": 10800.0, ""601939.SH"": 4296.9989}",-0.005000790423,-0.02717552311,-0.004964005526
2025-05-27,V36 V26+V34 50/50 Top2 mix,154822.4942,155972.2171,890.7141275,3,727.2669065,422.4559311,1408186.437,-2.910383046e-11,"{""601288.SH"": 7000.0, ""601398.SH"": 10800.0, ""601939.SH"": 4296.9989}",0.002894952394,-0.02435924256,0.002873551421
2025-05-28,V36 V26+V34 50/50 Top2 mix,154558.5543,155708.2771,890.7141275,3,727.2669065,422.4559311,1408186.437,-2.910383046e-11,"{""601288.SH"": 7000.0, ""601398.SH"": 10800.0, ""601939.SH"": 4296.9989}",-0.001704790893,-0.02602250604,-0.001692224315
2025-05-29,V36 V26+V34 50/50 Top2 mix,154208.6743,155358.3971,890.7141275,3,727.2669065,422.4559311,1408186.437,-2.910383046e-11,"{""601288.SH"": 7000.0, ""601398.SH"": 10800.0, ""601939.SH"": 4296.9989}",-0.002263737249,-0.02822733517,-0.002247022207
2025-05-30,V36 V26+V34 50/50 Top2 mix,154758.6143,155908.3371,890.7141275,3,727.2669065,422.4559311,1408186.437,-2.910383046e-11,"{""601288.SH"": 7000.0, ""601398.SH"": 10800.0, ""601939.SH"": 4296.9989}",0.00356620651,-0.02476179316,0.003539814959
2025-06-03,V36 V26+V34 50/50 Top2 mix,155599.5243,156749.2471,890.7141275,3,727.2669065,422.4559311,1408186.437,0,"{""601288.SH"": 7000.0, ""601398.SH"": 10800.0, ""601939.SH"": 4296.9989}",0.005433687625,-0.01946265339,0.005393617704
2025-06-04,V36 V26+V34 50/50 Top2 mix,155025.1398,156299.3971,369.179628,3,805.636506,468.6208311,1562069.437,2.910383046e-11,"{""601398.SH"": 5500.0, ""601939.SH"": 4296.9989, ""601988.SH"": 14000.0}",-0.003691428028,-0.02308223643,-0.002869869896
2025-06-05,V36 V26+V34 50/50 Top2 mix,154617.1698,155891.4272,369.179628,3,805.636506,468.6208311,1562069.437,0,"{""601398.SH"": 5500.0, ""601939.SH"": 4296.9989, ""601988.SH"": 14000.0}",-0.002631637614,-0.02565312997,-0.002610182743
2025-06-06,V36 V26+V34 50/50 Top2 mix,154392.1698,155666.4272,369.179628,3,805.636506,468.6208311,1562069.437,0,"{""601398.SH"": 5500.0, ""601939.SH"": 4296.9989, ""601988.SH"": 14000.0}",-0.001455207079,-0.02707100643,-0.001443312208
2025-06-09,V36 V26+V34 50/50 Top2 mix,153830.2899,155104.5472,369.179628,3,805.636506,468.6208311,1562069.437,0,"{""601398.SH"": 5500.0, ""601939.SH"": 4296.9989, ""601988.SH"": 14000.0}",-0.003639303451,-0.03061179027,-0.003609512768
2025-06-10,V36 V26+V34 50/50 Top2 mix,154263.2599,155537.5172,369.179628,3,805.636506,468.6208311,1562069.437,2.910383046e-11,"{""601398.SH"": 5500.0, ""601939.SH"": 4296.9989, ""601988.SH"": 14000.0}",0.002814595159,-0.02788335491,0.002791471926
2025-06-11,V36 V26+V34 50/50 Top2 mix,153878.4099,155152.6672,369.179628,3,805.636506,468.6208311,1562069.437,0,"{""601398.SH"": 5500.0, ""601939.SH"": 4296.9989, ""601988.SH"": 14000.0}",-0.002494760877,-0.03030855348,-0.002474322289
2025-06-12,V36 V26+V34 50/50 Top2 mix,153694.4999,154968.7573,369.179628,3,805.636506,468.6208311,1562069.437,2.910383046e-11,"{""601398.SH"": 5500.0, ""601939.SH"": 4296.9989, ""601988.SH"": 14000.0}",-0.001195164204,-0.03146749399,-0.001185348409
2025-06-13,V36 V26+V34 50/50 Top2 mix,152195.59,153469.8473,369.179628,3,805.636506,468.6208311,1562069.437,0,"{""601398.SH"": 5500.0, ""601939.SH"": 4296.9989, ""601988.SH"": 14000.0}",-0.009752528346,-0.04091313471,-0.0096723365
2025-06-16,V36 V26+V34 50/50 Top2 mix,153632.1698,154906.4272,369.179628,3,805.636506,468.6208311,1562069.437,0,"{""601398.SH"": 5500.0, ""601939.SH"": 4296.9989, ""601988.SH"": 14000.0}",0.009439037279,-0.03186027803,0.009360665125
2025-06-17,V36 V26+V34 50/50 Top2 mix,153743.1098,155017.3671,369.179628,3,805.636506,468.6208311,1562069.437,0,"{""601398.SH"": 5500.0, ""601939.SH"": 4296.9989, ""601988.SH"": 14000.0}",0.0007221142443,-0.03116117055,0.0007161741462
2025-06-18,V36 V26+V34 50/50 Top2 mix,156862.5096,158136.7669,369.179628,3,805.636506,468.6208311,1562069.437,0,"{""601398.SH"": 5500.0, ""601939.SH"": 4296.9989, ""601988.SH"": 14000.0}",0.02028968834,-0.01150373265,0.02012290519
2025-06-19,V36 V26+V34 50/50 Top2 mix,157697.5096,158971.7669,369.179628,3,805.636506,468.6208311,1562069.437,0,"{""601398.SH"": 5500.0, ""601939.SH"": 4296.9989, ""601988.SH"": 14000.0}",0.005323132992,-0.006241835557,0.005280239481
2025-06-20,V36 V26+V34 50/50 Top2 mix,159169.2395,160443.4968,369.179628,3,805.636506,468.6208311,1562069.437,0,"{""601398.SH"": 5500.0, ""601939.SH"": 4296.9989, ""601988.SH"": 14000.0}",0.009332613469,0,0.009257806782
2025-06-23,V36 V26+V34 50/50 Top2 mix,161575.8193,162850.0767,369.179628,3,805.636506,468.6208311,1562069.437,0,"{""601398.SH"": 5500.0, ""601939.SH"": 4296.9989, ""601988.SH"": 14000.0}",0.01511962899,0,0.01499954747
2025-06-24,V36 V26+V34 50/50 Top2 mix,163009.7293,164283.9866,369.179628,3,805.636506,468.6208311,1562069.437,0,"{""601398.SH"": 5500.0, ""601939.SH"": 4296.9989, ""601988.SH"": 14000.0}",0.008874533165,0,0.008805092369
2025-06-25,V36 V26+V34 50/50 Top2 mix,164370.5192,165644.7766,369.179628,3,805.636506,468.6208311,1562069.437,0,"{""601398.SH"": 5500.0, ""601939.SH"": 4296.9989, ""601988.SH"": 14000.0}",0.008347906162,0,0.008283156208
2025-06-26,V36 V26+V34 50/50 Top2 mix,165151.4592,166425.7165,369.179628,3,805.636506,468.6208311,1562069.437,0,"{""601398.SH"": 5500.0, ""601939.SH"": 4296.9989, ""601988.SH"": 14000.0}",0.004751095159,0,0.004714546359
2025-06-27,V36 V26+V34 50/50 Top2 mix,160282.0594,161556.3168,369.179628,3,805.636506,468.6208311,1562069.437,0,"{""601398.SH"": 5500.0, ""601939.SH"": 4296.9989, ""601988.SH"": 14000.0}",-0.02948444904,-0.02948444904,-0.02925869801
2025-06-30,V36 V26+V34 50/50 Top2 mix,161357.8493,162632.1067,369.179628,3,805.636506,468.6208311,1562069.437,2.910383046e-11,"{""601398.SH"": 5500.0, ""601939.SH"": 4296.9989, ""601988.SH"": 14000.0}",0.006711854887,-0.02297048949,0.006658915884
2025-07-01,V36 V26+V34 50/50 Top2 mix,163323.039,164597.2964,369.179628,3,805.636506,468.6208311,1562069.437,0,"{""601398.SH"": 5500.0, ""601939.SH"": 4296.9989, ""601988.SH"": 14000.0}",0.01217907721,-0.01107117165,0.01208365154
2025-07-02,V36 V26+V34 50/50 Top2 mix,163787.4856,165196.1463,244.7762124,3,892.0381216,516.6226311,1722075.437,0,"{""601288.SH"": 13400.0, ""601398.SH"": 5400.0, ""601939.SH"": 4296.9989}",0.002843729413,-0.008258925651,0.003638273281
2025-07-03,V36 V26+V34 50/50 Top2 mix,162825.7257,164234.3864,244.7762124,3,892.0381216,516.6226311,1722075.437,0,"{""601288.SH"": 13400.0, ""601398.SH"": 5400.0, ""601939.SH"": 4296.9989}",-0.005871998764,-0.01408242801,-0.00582192705
2025-07-04,V36 V26+V34 50/50 Top2 mix,165007.3655,166416.0263,244.7762124,3,892.0381216,516.6226311,1722075.437,0,"{""601288.SH"": 13400.0, ""601398.SH"": 5400.0, ""601939.SH"": 4296.9989}",0.01339861905,-0.0008724940547,0.01328369726
2025-07-07,V36 V26+V34 50/50 Top2 mix,165354.5156,166763.1763,244.7762124,3,892.0381216,516.6226311,1722075.437,0,"{""601288.SH"": 13400.0, ""601398.SH"": 5400.0, ""601939.SH"": 4296.9989}",0.002103845809,0,0.002086037398
2025-07-08,V36 V26+V34 50/50 Top2 mix,166009.5456,167418.2064,244.7762124,3,892.0381216,516.6226311,1722075.437,0,"{""601288.SH"": 13400.0, ""601398.SH"": 5400.0, ""601939.SH"": 4296.9989}",0.003961367542,0,0.00392790558
2025-07-09,V36 V26+V34 50/50 Top2 mix,167911.3055,169319.9663,244.7762124,3,892.0381216,516.6226311,1722075.437,0,"{""601288.SH"": 13400.0, ""601398.SH"": 5400.0, ""601939.SH"": 4296.9989}",0.01145572627,0,0.01135933752
2025-07-10,V36 V26+V34 50/50 Top2 mix,170842.1555,172250.8162,244.7762124,3,892.0381216,516.6226311,1722075.437,0,"{""601288.SH"": 13400.0, ""601398.SH"": 5400.0, ""601939.SH"": 4296.9989}",0.01745475051,0,0.01730953537
2025-07-11,V36 V26+V34 50/50 Top2 mix,170082.5156,171491.1763,244.7762124,3,892.0381216,516.6226311,1722075.437,0,"{""601288.SH"": 13400.0, ""601398.SH"": 5400.0, ""601939.SH"": 4296.9989}",-0.004446442783,-0.004446442783,-0.00441007994
2025-07-14,V36 V26+V34 50/50 Top2 mix,170917.521,172326.1817,244.7762124,3,892.0381216,516.6226311,1722075.437,0,"{""601288.SH"": 13400.0, ""601398.SH"": 5510.0849, ""601939.SH"": 4296.9989}",0.004909413394,0,0.00486908655
2025-07-15,V36 V26+V34 50/50 Top2 mix,169726.3276,171134.9884,244.7762124,3,892.0381216,516.6226311,1722075.437,0,"{""601288.SH"": 13400.0, ""601398.SH"": 5510.0849, ""601939.SH"": 4296.9989}",-0.006969404376,-0.006969404376,-0.006912433774
2025-07-16,V36 V26+V34 50/50 Top2 mix,169276.2676,170684.9284,244.7762124,3,892.0381216,516.6226311,1722075.437,0,"{""601288.SH"": 13400.0, ""601398.SH"": 5510.0849, ""601939.SH"": 4296.9989}",-0.002651680668,-0.009602604409,-0.00262985393
2025-07-17,V36 V26+V34 50/50 Top2 mix,168331.2078,169739.8685,244.7762124,3,892.0381216,516.6226311,1722075.437,0,"{""601288.SH"": 13682.588, ""601398.SH"": 5510.0849, ""601939.SH"": 4296.9989}",-0.005582943453,-0.01513193706,-0.005536867485
2025-07-18,V36 V26+V34 50/50 Top2 mix,169672.8424,171081.5032,244.7762124,3,892.0381216,516.6226311,1722075.437,0,"{""601288.SH"": 13682.588, ""601398.SH"": 5510.0849, ""601939.SH"": 4296.9989}",0.00797020727,-0.00728233447,0.007904063009
2025-07-21,V36 V26+V34 50/50 Top2 mix,168489.9289,169898.5897,244.7762124,3,892.0381216,516.6226311,1722075.437,0,"{""601288.SH"": 13682.588, ""601398.SH"": 5510.0849, ""601939.SH"": 4296.9989}",-0.006971731396,-0.01420329539,-0.006914327152
2025-07-22,V36 V26+V34 50/50 Top2 mix,166105.9077,167514.5684,244.7762124,3,892.0381216,516.6226311,1722075.437,0,"{""601288.SH"": 13682.588, ""601398.SH"": 5510.0849, ""601939.SH"": 4296.9989}",-0.01414933978,-0.02815166791,-0.01403202497
2025-07-23,V36 V26+V34 50/50 Top2 mix,168734.59,170143.2508,244.7762124,3,892.0381216,516.6226311,1722075.437,0,"{""601288.SH"": 13682.588, ""601398.SH"": 5510.0849, ""601939.SH"": 4296.9989}",0.0158253394,-0.01277183821,0.01569226121
2025-07-24,V36 V26+V34 50/50 Top2 mix,166983.8123,168392.473,244.7762124,3,892.0381216,516.6226311,1722075.437,0,"{""601288.SH"": 13682.588, ""601398.SH"": 5510.0849, ""601939.SH"": 4296.9989}",-0.0103759268,-0.02301524536,-0.01029002178
2025-07-25,V36 V26+V34 50/50 Top2 mix,166250.6455,167659.3062,244.7762124,3,892.0381216,516.6226311,1722075.437,0,"{""601288.SH"": 13682.588, ""601398.SH"": 5510.0849, ""601939.SH"": 4296.9989}",-0.004390646071,-0.02730483963,-0.004353916812
2025-07-28,V36 V26+V34 50/50 Top2 mix,166473.4113,167882.0721,244.7762124,3,892.0381216,516.6226311,1722075.437,0,"{""601288.SH"": 13682.588, ""601398.SH"": 5510.0849, ""601939.SH"": 4296.9989}",0.001339939809,-0.02600148667,0.001328681736
2025-07-29,V36 V26+V34 50/50 Top2 mix,164900.067,166308.7277,244.7762124,3,892.0381216,516.6226311,1722075.437,0,"{""601288.SH"": 13682.588, ""601398.SH"": 5510.0849, ""601939.SH"": 4296.9989}",-0.009451024866,-0.03520677083,-0.009371723439
2025-07-30,V36 V26+V34 50/50 Top2 mix,166805.8649,168214.5257,244.7762124,3,892.0381216,516.6226311,1722075.437,0,"{""601288.SH"": 13682.588, ""601398.SH"": 5510.0849, ""601939.SH"": 4296.9989}",0.01155729017,-0.02405637553,0.01145939813
2025-07-31,V36 V26+V34 50/50 Top2 mix,168536.0819,169944.7427,244.7762124,3,892.0381216,516.6226311,1722075.437,0,"{""601288.SH"": 13682.588, ""601398.SH"": 5510.0849, ""601939.SH"": 4296.9989}",0.01037263889,-0.01393326473,0.01028577642
2025-08-01,V36 V26+V34 50/50 Top2 mix,169320.1346,170728.7954,244.7762124,3,892.0381216,516.6226311,1722075.437,0,"{""601288.SH"": 13682.588, ""601398.SH"": 5510.0849, ""601939.SH"": 4296.9989}",0.004652135686,-0.009345948481,0.004613574441
2025-08-04,V36 V26+V34 50/50 Top2 mix,170601.8271,172083.4158,361.6380275,3,939.6467256,541.941968,1806473.227,0,"{""601288.SH"": 13382.588, ""601398.SH"": 5510.0849, ""601988.SH"": 7600.0}",0.007569639932,-0.001847054013,0.007934340486
2025-08-05,V36 V26+V34 50/50 Top2 mix,173582.0221,175063.6108,361.6380275,3,939.6467256,541.941968,1806473.227,0,"{""601288.SH"": 13382.588, ""601398.SH"": 5510.0849, ""601988.SH"": 7600.0}",0.01746871671,0,0.01731831609
2025-08-06,V36 V26+V34 50/50 Top2 mix,174728.6291,176210.2178,361.6380275,3,939.6467256,541.941968,1806473.227,0,"{""601288.SH"": 13382.588, ""601398.SH"": 5510.0849, ""601988.SH"": 7600.0}",0.006605563325,0,0.006549659486
2025-08-07,V36 V26+V34 50/50 Top2 mix,176829.8688,178311.4575,361.6380275,3,939.6467256,541.941968,1806473.227,0,"{""601288.SH"": 13382.588, ""601398.SH"": 5510.0849, ""601988.SH"": 7600.0}",0.01202573224,0,0.01192461899
2025-08-08,V36 V26+V34 50/50 Top2 mix,176174.3646,177655.9533,361.6380275,3,939.6467256,541.941968,1806473.227,0,"{""601288.SH"": 13382.588, ""601398.SH"": 5510.0849, ""601988.SH"": 7600.0}",-0.003706976927,-0.003706976927,-0.003676175681
2025-08-11,V36 V26+V34 50/50 Top2 mix,175699.9346,177181.5233,361.6380275,3,939.6467256,541.941968,1806473.227,0,"{""601288.SH"": 13382.588, ""601398.SH"": 5510.0849, ""601988.SH"": 7600.0}",-0.002692957061,-0.006389951258,-0.002670498738
2025-08-12,V36 V26+V34 50/50 Top2 mix,177916.826,179398.4147,361.6380275,3,939.6467256,541.941968,1806473.227,0,"{""601288.SH"": 13382.588, ""601398.SH"": 5510.0849, ""601988.SH"": 7600.0}",0.01261748602,0,0.01251197883
2025-08-13,V36 V26+V34 50/50 Top2 mix,176198.8898,177680.4785,361.6380275,3,939.6467256,541.941968,1806473.227,0,"{""601288.SH"": 13382.588, ""601398.SH"": 5510.0849, ""601988.SH"": 7600.0}",-0.009655838784,-0.009655838784,-0.009576094592
2025-08-14,V36 V26+V34 50/50 Top2 mix,177673.6996,179155.2882,361.6380275,3,939.6467256,541.941968,1806473.227,0,"{""601288.SH"": 13382.588, ""601398.SH"": 5510.0849, ""601988.SH"": 7600.0}",0.008370141893,-0.001366517631,0.008300347464
2025-08-15,V36 V26+V34 50/50 Top2 mix,175053.5065,176535.0952,361.6380275,3,939.6467256,541.941968,1806473.227,0,"{""601288.SH"": 13382.588, ""601398.SH"": 5510.0849, ""601988.SH"": 7600.0}",-0.01474721947,-0.01609358476,-0.01462526207
2025-08-18,V36 V26+V34 50/50 Top2 mix,176013.9119,177495.5005,361.6380275,3,939.6467256,541.941968,1806473.227,0,"{""601288.SH"": 13382.588, ""601398.SH"": 5510.0849, ""601988.SH"": 7600.0}",0.005486353061,-0.01069552679,0.005440308287
2025-08-19,V36 V26+V34 50/50 Top2 mix,178274.7482,179756.3369,361.6380275,3,939.6467256,541.941968,1806473.227,0,"{""601288.SH"": 13382.588, ""601398.SH"": 5510.0849, ""601988.SH"": 7600.0}",0.01284464557,0,0.01273742887
2025-08-20,V36 V26+V34 50/50 Top2 mix,179913.7034,181395.2921,361.6380275,3,939.6467256,541.941968,1806473.227,0,"{""601288.SH"": 13382.588, ""601398.SH"": 5510.0849, ""601988.SH"": 7600.0}",0.009193423611,0,0.009117649523
2025-08-21,V36 V26+V34 50/50 Top2 mix,182390.3942,183871.9829,361.6380275,3,939.6467256,541.941968,1806473.227,0,"{""601288.SH"": 13382.588, ""601398.SH"": 5510.0849, ""601988.SH"": 7600.0}",0.01376599279,0,0.0136535558
2025-08-22,V36 V26+V34 50/50 Top2 mix,183416.4779,184898.0666,361.6380275,3,939.6467256,541.941968,1806473.227,0,"{""601288.SH"": 13382.588, ""601398.SH"": 5510.0849, ""601988.SH"": 7600.0}",0.005625755181,0,0.005580424429
2025-08-25,V36 V26+V34 50/50 Top2 mix,182508.771,183990.3597,361.6380275,3,939.6467256,541.941968,1806473.227,0,"{""601288.SH"": 13382.588, ""601398.SH"": 5510.0849, ""601988.SH"": 7600.0}",-0.004948884226,-0.004948884226,-0.004909228804
2025-08-26,V36 V26+V34 50/50 Top2 mix,182404.0193,183885.608,361.6380275,3,939.6467256,541.941968,1806473.227,0,"{""601288.SH"": 13382.588, ""601398.SH"": 5510.0849, ""601988.SH"": 7600.0}",-0.0005739539784,-0.005519997773,-0.0005693321943
2025-08-27,V36 V26+V34 50/50 Top2 mix,178521.5675,180003.1562,361.6380275,3,939.6467256,541.941968,1806473.227,0,"{""601288.SH"": 13382.588, ""601398.SH"": 5510.0849, ""601988.SH"": 7600.0}",-0.0212849029,-0.02668740805,-0.02111340785
2025-08-28,V36 V26+V34 50/50 Top2 mix,176999.832,178481.4207,361.6380275,3,939.6467256,541.941968,1806473.227,0,"{""601288.SH"": 13382.588, ""601398.SH"": 5510.0849, ""601988.SH"": 7600.0}",-0.008524098719,-0.03498402067,-0.008453937681
2025-08-29,V36 V26+V34 50/50 Top2 mix,177199.3363,178680.925,361.6380275,3,939.6467256,541.941968,1806473.227,0,"{""601288.SH"": 13382.588, ""601398.SH"": 5510.0849, ""601988.SH"": 7600.0}",0.001127143689,-0.033896309,0.001117787178
2025-09-01,V36 V26+V34 50/50 Top2 mix,177325.3097,178806.8984,361.6380275,3,939.6467256,541.941968,1806473.227,0,"{""601288.SH"": 13382.588, ""601398.SH"": 5510.0849, ""601988.SH"": 7600.0}",0.0007109134749,-0.03320949287,0.0007050187138
2025-09-02,V36 V26+V34 50/50 Top2 mix,180290.7357,181990.1458,776.7357124,2,1076.844611,622.5654437,2075218.146,0,"{""601939.SH"": 9700.0, ""601988.SH"": 16000.0}",0.01672308389,-0.01704177411,0.01780271019
2025-09-03,V36 V26+V34 50/50 Top2 mix,178137.7357,179837.1458,776.7357124,2,1076.844611,622.5654437,2075218.146,0,"{""601939.SH"": 9700.0, ""601988.SH"": 16000.0}",-0.0119418227,-0.02878008696,-0.01183031087
2025-09-04,V36 V26+V34 50/50 Top2 mix,179936.7357,181636.1458,776.7357124,2,1076.844611,622.5654437,2075218.146,0,"{""601939.SH"": 9700.0, ""601988.SH"": 16000.0}",0.01009892706,-0.0189718079,0.01000349506
2025-09-05,V36 V26+V34 50/50 Top2 mix,176881.7357,178581.1458,776.7357124,2,1076.844611,622.5654437,2075218.146,0,"{""601939.SH"": 9700.0, ""601988.SH"": 16000.0}",-0.01697818952,-0.03562789047,-0.01681933949
2025-09-08,V36 V26+V34 50/50 Top2 mix,175596.7357,177296.1458,776.7357124,2,1076.844611,622.5654437,2075218.146,0,"{""601939.SH"": 9700.0, ""601988.SH"": 16000.0}",-0.007264741014,-0.04263380408,-0.007195608442
2025-09-09,V36 V26+V34 50/50 Top2 mix,175853.7357,177553.1458,776.7357124,2,1076.844611,622.5654437,2075218.146,0,"{""601939.SH"": 9700.0, ""601988.SH"": 16000.0}",0.001463580738,-0.04123262136,0.001449552098
2025-09-10,V36 V26+V34 50/50 Top2 mix,177371.7357,179071.1458,776.7357124,2,1076.844611,622.5654437,2075218.146,0,"{""601939.SH"": 9700.0, ""601988.SH"": 16000.0}",0.008632173743,-0.03295637477,0.008549552831
2025-09-11,V36 V26+V34 50/50 Top2 mix,177628.7357,179328.1458,776.7357124,2,1076.844611,622.5654437,2075218.146,0,"{""601939.SH"": 9700.0, ""601988.SH"": 16000.0}",0.001448934347,-0.03155519205,0.001435183758
2025-09-12,V36 V26+V34 50/50 Top2 mix,176920.7357,178620.1458,776.7357124,2,1076.844611,622.5654437,2075218.146,0,"{""601939.SH"": 9700.0, ""601988.SH"": 16000.0}",-0.003985841577,-0.03541525963,-0.003948069596
2025-09-15,V36 V26+V34 50/50 Top2 mix,175824.7357,177524.1458,776.7357124,2,1076.844611,622.5654437,2075218.146,0,"{""601939.SH"": 9700.0, ""601988.SH"": 16000.0}",-0.006194864585,-0.04139073147,-0.006135926019
2025-09-16,V36 V26+V34 50/50 Top2 mix,174733.7357,176433.1458,776.7357124,2,1076.844611,622.5654437,2075218.146,0,"{""601939.SH"": 9700.0, ""601988.SH"": 16000.0}",-0.006205042741,-0.04733894296,-0.006145642866
2025-09-17,V36 V26+V34 50/50 Top2 mix,174476.7357,176176.1458,776.7357124,2,1076.844611,622.5654437,2075218.146,0,"{""601939.SH"": 9700.0, ""601988.SH"": 16000.0}",-0.00147080928,-0.04874012568,-0.001456642395
2025-09-18,V36 V26+V34 50/50 Top2 mix,170645.7357,172345.1458,776.7357124,2,1076.844611,622.5654437,2075218.146,0,"{""601939.SH"": 9700.0, ""601988.SH"": 16000.0}",-0.02195708204,-0.06962701678,-0.02174528216
2025-09-19,V36 V26+V34 50/50 Top2 mix,171552.7357,173252.1458,776.7357124,2,1076.844611,622.5654437,2075218.146,0,"{""601939.SH"": 9700.0, ""601988.SH"": 16000.0}",0.005315104982,-0.0646819867,0.005262695366
2025-09-22,V36 V26+V34 50/50 Top2 mix,167459.7357,169159.1458,776.7357124,2,1076.844611,622.5654437,2075218.146,0,"{""601939.SH"": 9700.0, ""601988.SH"": 16000.0}",-0.02385855278,-0.08699732089,-0.02362452703
2025-09-23,V36 V26+V34 50/50 Top2 mix,171421.7357,173121.1458,776.7357124,2,1076.844611,622.5654437,2075218.146,0,"{""601939.SH"": 9700.0, ""601988.SH"": 16000.0}",0.02365941868,-0.06539620825,0.02342173095
2025-09-24,V36 V26+V34 50/50 Top2 mix,170131.7357,171831.1458,776.7357124,2,1076.844611,622.5654437,2075218.146,0,"{""601939.SH"": 9700.0, ""601988.SH"": 16000.0}",-0.007525300071,-0.07242938223,-0.007451429427
2025-09-25,V36 V26+V34 50/50 Top2 mix,169297.7357,170997.1458,776.7357124,2,1076.844611,622.5654437,2075218.146,0,"{""601939.SH"": 9700.0, ""601988.SH"": 16000.0}",-0.00490208365,-0.07697641099,-0.004853602042
2025-09-26,V36 V26+V34 50/50 Top2 mix,168618.7357,170318.1458,776.7357124,2,1076.844611,622.5654437,2075218.146,0,"{""601939.SH"": 9700.0, ""601988.SH"": 16000.0}",-0.004010685655,-0.08067836845,-0.003970826513
2025-09-29,V36 V26+V34 50/50 Top2 mix,167396.7357,169096.1458,776.7357124,2,1076.844611,622.5654437,2075218.146,0,"{""601939.SH"": 9700.0, ""601988.SH"": 16000.0}",-0.007247118743,-0.08734080148,-0.007174808031
2025-09-30,V36 V26+V34 50/50 Top2 mix,167173.7357,168873.1458,776.7357124,2,1076.844611,622.5654437,2075218.146,0,"{""601939.SH"": 9700.0, ""601988.SH"": 16000.0}",-0.001332164567,-0.08855661373,-0.001318776362
2025-10-09,V36 V26+V34 50/50 Top2 mix,168555.7357,170255.1458,776.7357124,2,1076.844611,622.5654437,2075218.146,0,"{""601939.SH"": 9700.0, ""601988.SH"": 16000.0}",0.008266848821,-0.08102184904,0.008183657583
2025-10-10,V36 V26+V34 50/50 Top2 mix,169265.5434,171099.1458,259.543409,4,1161.296015,672.3063437,2241021.146,0,"{""601288.SH"": 6200.0, ""601398.SH"": 5700.0, ""601939.SH"": 4900.0, ""601988.SH"": 8100.0}",0.00421111565,-0.07715192577,0.004957265733
2025-10-13,V36 V26+V34 50/50 Top2 mix,169290.5434,171124.1458,259.543409,4,1161.296015,672.3063437,2241021.146,0,"{""601288.SH"": 6200.0, ""601398.SH"": 5700.0, ""601939.SH"": 4900.0, ""601988.SH"": 8100.0}",0.0001476969234,-0.07701562395,0.0001461141135
2025-10-14,V36 V26+V34 50/50 Top2 mix,173544.5434,175378.1458,259.543409,4,1161.296015,672.3063437,2241021.146,0,"{""601288.SH"": 6200.0, ""601398.SH"": 5700.0, ""601939.SH"": 4900.0, ""601988.SH"": 8100.0}",0.0251283971,-0.05382250603,0.02485914528
2025-10-15,V36 V26+V34 50/50 Top2 mix,174478.5434,176312.1458,259.543409,4,1161.296015,672.3063437,2241021.146,0,"{""601288.SH"": 6200.0, ""601398.SH"": 5700.0, ""601939.SH"": 4900.0, ""601988.SH"": 8100.0}",0.005381903583,-0.04873026999,0.005325635049
2025-10-16,V36 V26+V34 50/50 Top2 mix,178797.5434,180631.1458,259.543409,4,1161.296015,672.3063437,2241021.146,0,"{""601288.SH"": 6200.0, ""601398.SH"": 5700.0, ""601939.SH"": 4900.0, ""601988.SH"": 8100.0}",0.02475376006,-0.02518276733,0.02449632713
2025-10-17,V36 V26+V34 50/50 Top2 mix,179369.5434,181203.1458,259.543409,4,1161.296015,672.3063437,2241021.146,0,"{""601288.SH"": 6200.0, ""601398.SH"": 5700.0, ""601939.SH"": 4900.0, ""601988.SH"": 8100.0}",0.0031991491,-0.02206418166,0.003166674261
2025-10-20,V36 V26+V34 50/50 Top2 mix,180427.5434,182261.1458,259.543409,4,1161.296015,672.3063437,2241021.146,0,"{""601288.SH"": 6200.0, ""601398.SH"": 5700.0, ""601939.SH"": 4900.0, ""601988.SH"": 8100.0}",0.00589843727,-0.01629588858,0.005838750732
2025-10-21,V36 V26+V34 50/50 Top2 mix,181843.5434,183677.1458,259.543409,4,1161.296015,672.3063437,2241021.146,0,"{""601288.SH"": 6200.0, ""601398.SH"": 5700.0, ""601939.SH"": 4900.0, ""601988.SH"": 8100.0}",0.007848025713,-0.008575753421,0.007769072196
2025-10-22,V36 V26+V34 50/50 Top2 mix,184837.5434,186671.1458,259.543409,4,1161.296015,672.3063437,2241021.146,0,"{""601288.SH"": 6200.0, ""601398.SH"": 5700.0, ""601939.SH"": 4900.0, ""601988.SH"": 8100.0}",0.01646470336,0,0.0163003404
2025-10-23,V36 V26+V34 50/50 Top2 mix,184818.5434,186652.1458,259.543409,4,1161.296015,672.3063437,2241021.146,0,"{""601288.SH"": 6200.0, ""601398.SH"": 5700.0, ""601939.SH"": 4900.0, ""601988.SH"": 8100.0}",-0.0001027929697,-0.0001027929697,-0.000101783272
2025-10-24,V36 V26+V34 50/50 Top2 mix,185142.5434,186976.1458,259.543409,4,1161.296015,672.3063437,2241021.146,0,"{""601288.SH"": 6200.0, ""601398.SH"": 5700.0, ""601939.SH"": 4900.0, ""601988.SH"": 8100.0}",0.001753070845,0,0.001735849318
2025-10-27,V36 V26+V34 50/50 Top2 mix,187548.5434,189382.1458,259.543409,4,1161.296015,672.3063437,2241021.146,0,"{""601288.SH"": 6200.0, ""601398.SH"": 5700.0, ""601939.SH"": 4900.0, ""601988.SH"": 8100.0}",0.01299539239,0,0.01286795163
2025-10-28,V36 V26+V34 50/50 Top2 mix,188695.5434,190529.1458,259.543409,4,1161.296015,672.3063437,2241021.146,0,"{""601288.SH"": 6200.0, ""601398.SH"": 5700.0, ""601939.SH"": 4900.0, ""601988.SH"": 8100.0}",0.006115749977,0,0.006056537143
2025-10-29,V36 V26+V34 50/50 Top2 mix,186007.5434,187841.1458,259.543409,4,1161.296015,672.3063437,2241021.146,0,"{""601288.SH"": 6200.0, ""601398.SH"": 5700.0, ""601939.SH"": 4900.0, ""601988.SH"": 8100.0}",-0.0142451695,-0.0142451695,-0.01410807774
2025-10-30,V36 V26+V34 50/50 Top2 mix,185960.5434,187794.1458,259.543409,4,1161.296015,672.3063437,2241021.146,0,"{""601288.SH"": 6200.0, ""601398.SH"": 5700.0, ""601939.SH"": 4900.0, ""601988.SH"": 8100.0}",-0.0002526779244,-0.01449424799,-0.000250211421
2025-10-31,V36 V26+V34 50/50 Top2 mix,184135.5434,185969.1458,259.543409,4,1161.296015,672.3063437,2241021.146,0,"{""601288.SH"": 6200.0, ""601398.SH"": 5700.0, ""601939.SH"": 4900.0, ""601988.SH"": 8100.0}",-0.009813909803,-0.02416591255,-0.009718087817
2025-11-03,V36 V26+V34 50/50 Top2 mix,186725.5434,188559.1458,259.543409,4,1161.296015,672.3063437,2241021.146,0,"{""601288.SH"": 6200.0, ""601398.SH"": 5700.0, ""601939.SH"": 4900.0, ""601988.SH"": 8100.0}",0.01406572545,-0.01044009818,0.01392704144
2025-11-04,V36 V26+V34 50/50 Top2 mix,189849.0195,191767.1458,1115.01951,3,1216.304714,701.8215437,2339405.146,0,"{""601398.SH"": 5900.0, ""601939.SH"": 4900.0, ""601988.SH"": 16400.0}",0.0167276316,0,0.01701322939
2025-11-05,V36 V26+V34 50/50 Top2 mix,188909.0195,190827.1458,1115.01951,3,1216.304714,701.8215437,2339405.146,0,"{""601398.SH"": 5900.0, ""601939.SH"": 4900.0, ""601988.SH"": 16400.0}",-0.004951302895,-0.004951302895,-0.004901778124
2025-11-06,V36 V26+V34 50/50 Top2 mix,187926.0195,189844.1458,1115.01951,3,1216.304714,701.8215437,2339405.146,0,"{""601398.SH"": 5900.0, ""601939.SH"": 4900.0, ""601988.SH"": 16400.0}",-0.005203563083,-0.01012910156,-0.005151258727
2025-11-07,V36 V26+V34 50/50 Top2 mix,187117.0195,189035.1458,1115.01951,3,1216.304714,701.8215437,2339405.146,0,"{""601398.SH"": 5900.0, ""601939.SH"": 4900.0, ""601988.SH"": 16400.0}",-0.004304885519,-0.01439038246,-0.004261390293
2025-11-10,V36 V26+V34 50/50 Top2 mix,188397.0195,190315.1458,1115.01951,3,1216.304714,701.8215437,2339405.146,0,"{""601398.SH"": 5900.0, ""601939.SH"": 4900.0, ""601988.SH"": 16400.0}",0.0068406391,-0.00764818277,0.006771227619
2025-11-11,V36 V26+V34 50/50 Top2 mix,189157.0195,191075.1458,1115.01951,3,1216.304714,701.8215437,2339405.146,0,"{""601398.SH"": 5900.0, ""601939.SH"": 4900.0, ""601988.SH"": 16400.0}",0.004034034094,-0.003645001706,0.003993376339
2025-11-12,V36 V26+V34 50/50 Top2 mix,190891.0195,192809.1458,1115.01951,3,1216.304714,701.8215437,2339405.146,0,"{""601398.SH"": 5900.0, ""601939.SH"": 4900.0, ""601988.SH"": 16400.0}",0.009166987324,0,0.009074963638
2025-11-13,V36 V26+V34 50/50 Top2 mix,190436.0195,192354.1458,1115.01951,3,1216.304714,701.8215437,2339405.146,0,"{""601398.SH"": 5900.0, ""601939.SH"": 4900.0, ""601988.SH"": 16400.0}",-0.00238355896,-0.00238355896,-0.002359846563
2025-11-14,V36 V26+V34 50/50 Top2 mix,192082.0195,194000.1458,1115.01951,3,1216.304714,701.8215437,2339405.146,0,"{""601398.SH"": 5900.0, ""601939.SH"": 4900.0, ""601988.SH"": 16400.0}",0.008643322856,0,0.008557132956
2025-11-17,V36 V26+V34 50/50 Top2 mix,190202.0195,192120.1458,1115.01951,3,1216.304714,701.8215437,2339405.146,0,"{""601398.SH"": 5900.0, ""601939.SH"": 4900.0, ""601988.SH"": 16400.0}",-0.0097874856,-0.0097874856,-0.009690714368
2025-11-18,V36 V26+V34 50/50 Top2 mix,190396.0195,192314.1458,1115.01951,3,1216.304714,701.8215437,2339405.146,0,"{""601398.SH"": 5900.0, ""601939.SH"": 4900.0, ""601988.SH"": 16400.0}",0.00101996814,-0.008777500384,0.001009784785
2025-11-19,V36 V26+V34 50/50 Top2 mix,194720.0195,196638.1458,1115.01951,3,1216.304714,701.8215437,2339405.146,0,"{""601398.SH"": 5900.0, ""601939.SH"": 4900.0, ""601988.SH"": 16400.0}",0.02271055882,0,0.02248404548
2025-11-20,V36 V26+V34 50/50 Top2 mix,200362.0195,202280.1458,1115.01951,3,1216.304714,701.8215437,2339405.146,0,"{""601398.SH"": 5900.0, ""601939.SH"": 4900.0, ""601988.SH"": 16400.0}",0.02897493547,0,0.02869229659
2025-11-21,V36 V26+V34 50/50 Top2 mix,200917.0195,202835.1458,1115.01951,3,1216.304714,701.8215437,2339405.146,0,"{""601398.SH"": 5900.0, ""601939.SH"": 4900.0, ""601988.SH"": 16400.0}",0.002769986055,0,0.002743719597
2025-11-24,V36 V26+V34 50/50 Top2 mix,198458.0195,200376.1458,1115.01951,3,1216.304714,701.8215437,2339405.146,0,"{""601398.SH"": 5900.0, ""601939.SH"": 4900.0, ""601988.SH"": 16400.0}",-0.01223888353,-0.01223888353,-0.01212314558
2025-11-25,V36 V26+V34 50/50 Top2 mix,201073.0195,202991.1458,1115.01951,3,1216.304714,701.8215437,2339405.146,0,"{""601398.SH"": 5900.0, ""601939.SH"": 4900.0, ""601988.SH"": 16400.0}",0.01317659023,0,0.01305045563
2025-11-26,V36 V26+V34 50/50 Top2 mix,197747.0195,199665.1458,1115.01951,3,1216.304714,701.8215437,2339405.146,0,"{""601398.SH"": 5900.0, ""601939.SH"": 4900.0, ""601988.SH"": 16400.0}",-0.01654125456,-0.01654125456,-0.01638495111
2025-11-27,V36 V26+V34 50/50 Top2 mix,198026.0195,199944.1458,1115.01951,3,1216.304714,701.8215437,2339405.146,0,"{""601398.SH"": 5900.0, ""601939.SH"": 4900.0, ""601988.SH"": 16400.0}",0.001410893579,-0.01515369893,0.001397339525
2025-11-28,V36 V26+V34 50/50 Top2 mix,195846.0195,197764.1458,1115.01951,3,1216.304714,701.8215437,2339405.146,0,"{""601398.SH"": 5900.0, ""601939.SH"": 4900.0, ""601988.SH"": 16400.0}",-0.01100865434,-0.02599553144,-0.01090304491
2025-12-01,V36 V26+V34 50/50 Top2 mix,195679.0195,197597.1458,1115.01951,3,1216.304714,701.8215437,2339405.146,0,"{""601398.SH"": 5900.0, ""601939.SH"": 4900.0, ""601988.SH"": 16400.0}",-0.0008527107184,-0.02682607549,-0.0008444402263
2025-12-02,V36 V26+V34 50/50 Top2 mix,195569.3539,197653.1458,1567.353883,3,1322.426941,761.3649437,2537883.146,0,"{""601288.SH"": 6100.0, ""601398.SH"": 12000.0, ""601939.SH"": 5000.0}",-0.0005604363082,-0.02737147749,0.0002834049034
2025-12-03,V36 V26+V34 50/50 Top2 mix,194045.3539,196129.1458,1567.353883,3,1322.426941,761.3649437,2537883.146,0,"{""601288.SH"": 6100.0, ""601398.SH"": 12000.0, ""601939.SH"": 5000.0}",-0.007792631973,-0.03495081361,-0.007710476826
2025-12-04,V36 V26+V34 50/50 Top2 mix,193307.3539,195391.1458,1567.353883,3,1322.426941,761.3649437,2537883.146,0,"{""601288.SH"": 6100.0, ""601398.SH"": 12000.0, ""601939.SH"": 5000.0}",-0.00380323458,-0.03862112205,-0.00376282677
2025-12-05,V36 V26+V34 50/50 Top2 mix,191699.3539,193783.1458,1567.353883,3,1322.426941,761.3649437,2537883.146,0,"{""601288.SH"": 6100.0, ""601398.SH"": 12000.0, ""601939.SH"": 5000.0}",-0.008318359171,-0.04661821686,-0.008229646199
2025-12-08,V36 V26+V34 50/50 Top2 mix,191821.3539,193905.1458,1567.353883,3,1322.426941,761.3649437,2537883.146,0,"{""601288.SH"": 6100.0, ""601398.SH"": 12000.0, ""601939.SH"": 5000.0}",0.000636413204,-0.0460114721,0.0006295697158
2025-12-09,V36 V26+V34 50/50 Top2 mix,194511.3539,196595.1458,1567.353883,3,1322.426941,761.3649437,2537883.146,0,"{""601288.SH"": 6100.0, ""601398.SH"": 12000.0, ""601939.SH"": 5000.0}",0.01402346478,-0.03263324758,0.01387276232
2025-12-10,V36 V26+V34 50/50 Top2 mix,190499.3539,192583.1458,1567.353883,3,1322.426941,761.3649437,2537883.146,0,"{""601288.SH"": 6100.0, ""601398.SH"": 12000.0, ""601939.SH"": 5000.0}",-0.02062604532,-0.05258619805,-0.02040742148
2025-12-11,V36 V26+V34 50/50 Top2 mix,191583.4691,193667.261,1567.353883,3,1322.426941,761.3649437,2537883.146,0,"{""601288.SH"": 6100.0, ""601398.SH"": 12000.0, ""601939.SH"": 5105.4939}",0.005690912973,-0.04719454856,0.005629336046
2025-12-12,V36 V26+V34 50/50 Top2 mix,189636.1395,191719.9314,1567.353883,3,1322.426941,761.3649437,2537883.146,0,"{""601288.SH"": 6100.0, ""601398.SH"": 12000.0, ""601939.SH"": 5105.4939}",-0.01016439279,-0.05687923742,-0.01005502749
2025-12-15,V36 V26+V34 50/50 Top2 mix,188712.869,190796.6609,1567.353883,3,1322.426941,761.3649437,2537883.146,0,"{""601288.SH"": 6196.4219, ""601398.SH"": 12214.7925, ""601939.SH"": 5105.4939}",-0.004868642252,-0.06147095501,-0.004815725285
2025-12-16,V36 V26+V34 50/50 Top2 mix,187520.7827,189604.5746,1567.353883,3,1322.426941,761.3649437,2537883.146,0,"{""601288.SH"": 6196.4219, ""601398.SH"": 12214.7925, ""601939.SH"": 5105.4939}",-0.006316931344,-0.06739957855,-0.006247940775
2025-12-17,V36 V26+V34 50/50 Top2 mix,188720.2868,190804.0787,1567.353883,3,1322.426941,761.3649437,2537883.146,0,"{""601288.SH"": 6196.4219, ""601398.SH"": 12214.7925, ""601939.SH"": 5105.4939}",0.006396645938,-0.06143406386,0.006326345531
2025-12-18,V36 V26+V34 50/50 Top2 mix,193022.6763,195106.4682,1567.353883,3,1322.426941,761.3649437,2537883.146,0,"{""601288.SH"": 6196.4219, ""601398.SH"": 12214.7925, ""601939.SH"": 5105.4939}",0.02279770553,-0.04003691402,0.02254872933
2025-12-19,V36 V26+V34 50/50 Top2 mix,191420.283,193504.0749,1567.353883,3,1322.426941,761.3649437,2537883.146,0,"{""601288.SH"": 6196.4219, ""601398.SH"": 12214.7925, ""601939.SH"": 5105.4939}",-0.008301580726,-0.04800612508,-0.008212917512
2025-12-22,V36 V26+V34 50/50 Top2 mix,191892.3977,193976.1896,1567.353883,3,1322.426941,761.3649437,2537883.146,0,"{""601288.SH"": 6196.4219, ""601398.SH"": 12214.7925, ""601939.SH"": 5105.4939}",0.002466377504,-0.0456581488,0.002439817766
2025-12-23,V36 V26+V34 50/50 Top2 mix,192845.7558,194929.5477,1567.353883,3,1322.426941,761.3649437,2537883.146,0,"{""601288.SH"": 6196.4219, ""601398.SH"": 12214.7925, ""601939.SH"": 5105.4939}",0.004968191224,-0.04091679599,0.004914820361
2025-12-24,V36 V26+V34 50/50 Top2 mix,192344.4047,194428.1966,1567.353883,3,1322.426941,761.3649437,2537883.146,0,"{""601288.SH"": 6196.4219, ""601398.SH"": 12214.7925, ""601939.SH"": 5105.4939}",-0.002599751574,-0.04341017406,-0.002571960296
2025-12-25,V36 V26+V34 50/50 Top2 mix,191515.0446,193598.8365,1567.353883,3,1322.426941,761.3649437,2537883.146,0,"{""601288.SH"": 6196.4219, ""601398.SH"": 12214.7925, ""601939.SH"": 5105.4939}",-0.00431184949,-0.04753484541,-0.004265637072
2025-12-26,V36 V26+V34 50/50 Top2 mix,189908.9511,191992.743,1567.353883,3,1322.426941,761.3649437,2537883.146,0,"{""601288.SH"": 6196.4219, ""601398.SH"": 12214.7925, ""601939.SH"": 5105.4939}",-0.00838625231,-0.05552245851,-0.008295987282
2025-12-29,V36 V26+V34 50/50 Top2 mix,192366.3624,194450.1543,1567.353883,3,1322.426941,761.3649437,2537883.146,0,"{""601288.SH"": 6196.4219, ""601398.SH"": 12214.7925, ""601939.SH"": 5105.4939}",0.01293994455,-0.0433009715,0.01279950096
2025-12-30,V36 V26+V34 50/50 Top2 mix,191680.8992,193764.6911,1567.353883,3,1322.426941,761.3649437,2537883.146,0,"{""601288.SH"": 6196.4219, ""601398.SH"": 12214.7925, ""601939.SH"": 5105.4939}",-0.003563321532,-0.04670999774,-0.003525135805
2025-12-31,V36 V26+V34 50/50 Top2 mix,193398.1618,195481.9537,1567.353883,3,1322.426941,761.3649437,2537883.146,0,"{""601288.SH"": 6196.4219, ""601398.SH"": 12214.7925, ""601939.SH"": 5105.4939}",0.008958965512,-0.03816950549,0.008862618652
2026-01-05,V36 V26+V34 50/50 Top2 mix,191219.7634,193303.5553,1567.353883,3,1322.426941,761.3649437,2537883.146,0,"{""601288.SH"": 6196.4219, ""601398.SH"": 12214.7925, ""601939.SH"": 5105.4939}",-0.01126380096,-0.04900337274,-0.01114373148
2026-01-06,V36 V26+V34 50/50 Top2 mix,189767.7555,191932.8008,528.1004638,4,1375.27696,789.7683437,2632561.146,0,"{""601288.SH"": 6296.4219, ""601398.SH"": 6214.7925, ""601939.SH"": 5105.4939, ""601988.SH"": 8300.0}",-0.007593398876,-0.05622466946,-0.007091201792
2026-01-07,V36 V26+V34 50/50 Top2 mix,188154.607,190319.6523,528.1004638,4,1375.27696,789.7683437,2632561.146,0,"{""601288.SH"": 6296.4219, ""601398.SH"": 6214.7925, ""601939.SH"": 5105.4939, ""601988.SH"": 8300.0}",-0.00850064554,-0.06424736901,-0.00840475634
2026-01-08,V36 V26+V34 50/50 Top2 mix,187390.1731,189555.2184,528.1004638,4,1375.27696,789.7683437,2632561.146,0,"{""601288.SH"": 6296.4219, ""601398.SH"": 6214.7925, ""601939.SH"": 5105.4939, ""601988.SH"": 8300.0}",-0.004062796884,-0.06804914189,-0.00401657917
2026-01-09,V36 V26+V34 50/50 Top2 mix,186923.4115,189088.4568,528.1004638,4,1375.27696,789.7683437,2632561.146,0,"{""601288.SH"": 6296.4219, ""601398.SH"": 6214.7925, ""601939.SH"": 5105.4939, ""601988.SH"": 8300.0}",-0.002490854336,-0.07037049572,-0.002462404513
2026-01-12,V36 V26+V34 50/50 Top2 mix,188389.7363,190554.7816,528.1004638,4,1375.27696,789.7683437,2632561.146,0,"{""601288.SH"": 6296.4219, ""601398.SH"": 6214.7925, ""601939.SH"": 5105.4939, ""601988.SH"": 8300.0}",0.007844522362,-0.06307799629,0.007754703308
2026-01-13,V36 V26+V34 50/50 Top2 mix,190016.9442,192181.9895,528.1004638,4,1375.27696,789.7683437,2632561.146,0,"{""601288.SH"": 6296.4219, ""601398.SH"": 6214.7925, ""601939.SH"": 5105.4939, ""601988.SH"": 8300.0}",0.008637455137,-0.05498537452,0.0085393181
2026-01-14,V36 V26+V34 50/50 Top2 mix,187124.9201,189289.9654,528.1004638,4,1375.27696,789.7683437,2632561.146,0,"{""601288.SH"": 6296.4219, ""601398.SH"": 6214.7925, ""601939.SH"": 5105.4939, ""601988.SH"": 8300.0}",-0.01521982244,-0.06936832932,-0.01504836202
2026-01-15,V36 V26+V34 50/50 Top2 mix,185582.0891,187747.1344,528.1004638,4,1375.27696,789.7683437,2632561.146,0,"{""601288.SH"": 6296.4219, ""601398.SH"": 6214.7925, ""601939.SH"": 5105.4939, ""601988.SH"": 8300.0}",-0.008244925208,-0.07704131784,-0.008150622076
2026-01-16,V36 V26+V34 50/50 Top2 mix,183734.0435,185899.0888,528.1004638,4,1375.27696,789.7683437,2632561.146,0,"{""601288.SH"": 6296.4219, ""601398.SH"": 6214.7925, ""601939.SH"": 5105.4939, ""601988.SH"": 8300.0}",-0.009958103307,-0.08623223574,-0.009843269359
2026-01-19,V36 V26+V34 50/50 Top2 mix,182161.1987,184326.244,528.1004638,4,1375.27696,789.7683437,2632561.146,0,"{""601288.SH"": 6296.4219, ""601398.SH"": 6214.7925, ""601939.SH"": 5105.4939, ""601988.SH"": 8300.0}",-0.008560442689,-0.09405449232,-0.008460744802
2026-01-20,V36 V26+V34 50/50 Top2 mix,183736.5357,185901.581,528.1004638,4,1375.27696,789.7683437,2632561.146,0,"{""601288.SH"": 6296.4219, ""601398.SH"": 6214.7925, ""601939.SH"": 5105.4939, ""601988.SH"": 8300.0}",0.008648038009,-0.08621984114,0.008546460536
2026-01-21,V36 V26+V34 50/50 Top2 mix,179503.5975,181668.6428,528.1004638,4,1375.27696,789.7683437,2632561.146,0,"{""601288.SH"": 6296.4219, ""601398.SH"": 6214.7925, ""601939.SH"": 5105.4939, ""601988.SH"": 8300.0}",-0.02303808646,-0.1072715874,-0.02276978051
2026-01-22,V36 V26+V34 50/50 Top2 mix,176945.0169,179110.0622,528.1004638,4,1375.27696,789.7683437,2632561.146,0,"{""601288.SH"": 6296.4219, ""601398.SH"": 6214.7925, ""601939.SH"": 5105.4939, ""601988.SH"": 8300.0}",-0.01425364551,-0.1199962218,-0.01408377696
2026-01-23,V36 V26+V34 50/50 Top2 mix,175741.1242,177906.1696,528.1004638,4,1375.27696,789.7683437,2632561.146,0,"{""601288.SH"": 6296.4219, ""601398.SH"": 6214.7925, ""601939.SH"": 5105.4939, ""601988.SH"": 8300.0}",-0.006803766733,-0.1259835622,-0.006721524211
2026-01-26,V36 V26+V34 50/50 Top2 mix,177030.4658,179195.5111,528.1004638,4,1375.27696,789.7683437,2632561.146,0,"{""601288.SH"": 6296.4219, ""601398.SH"": 6214.7925, ""601939.SH"": 5105.4939, ""601988.SH"": 8300.0}",0.007336595285,-0.1195712573,0.007247311922
2026-01-27,V36 V26+V34 50/50 Top2 mix,177602.3037,179767.349,528.1004638,4,1375.27696,789.7683437,2632561.146,0,"{""601288.SH"": 6296.4219, ""601398.SH"": 6214.7925, ""601939.SH"": 5105.4939, ""601988.SH"": 8300.0}",0.003230167114,-0.1167273254,0.003191140142
2026-01-28,V36 V26+V34 50/50 Top2 mix,176881.1271,179046.1724,528.1004638,4,1375.27696,789.7683437,2632561.146,0,"{""601288.SH"": 6296.4219, ""601398.SH"": 6214.7925, ""601939.SH"": 5105.4939, ""601988.SH"": 8300.0}",-0.004060626873,-0.1203139661,-0.004011722324
2026-01-29,V36 V26+V34 50/50 Top2 mix,177683.4158,179848.4611,528.1004638,4,1375.27696,789.7683437,2632561.146,0,"{""601288.SH"": 6296.4219, ""601398.SH"": 6214.7925, ""601939.SH"": 5105.4939, ""601988.SH"": 8300.0}",0.004535750959,-0.1163239293,0.004480904177
2026-01-30,V36 V26+V34 50/50 Top2 mix,176988.2079,179153.2532,528.1004638,4,1375.27696,789.7683437,2632561.146,0,"{""601288.SH"": 6296.4219, ""601398.SH"": 6214.7925, ""601939.SH"": 5105.4939, ""601988.SH"": 8300.0}",-0.003912621398,-0.1197814192,-0.00386552062
2026-02-02,V36 V26+V34 50/50 Top2 mix,178573.4132,180738.4585,528.1004638,4,1375.27696,789.7683437,2632561.146,0,"{""601288.SH"": 6296.4219, ""601398.SH"": 6214.7925, ""601939.SH"": 5105.4939, ""601988.SH"": 8300.0}",0.008956559193,-0.1118976894,0.008848320263
2026-02-03,V36 V26+V34 50/50 Top2 mix,174937.9524,177177.7258,662.2204819,3,1424.129178,815.6441982,2718813.994,0,"{""601398.SH"": 6114.7925, ""601939.SH"": 10005.4939, ""601988.SH"": 8300.0}",-0.02035835432,-0.1299779909,-0.0197010242
2026-02-04,V36 V26+V34 50/50 Top2 mix,176586.2245,178825.9979,662.2204819,3,1424.129178,815.6441982,2718813.994,0,"{""601398.SH"": 6114.7925, ""601939.SH"": 10005.4939, ""601988.SH"": 8300.0}",0.00942203848,-0.1217806101,0.009302930783
2026-02-05,V36 V26+V34 50/50 Top2 mix,178468.7164,180708.4898,662.2204819,3,1424.129178,815.6441982,2718813.994,0,"{""601398.SH"": 6114.7925, ""601939.SH"": 10005.4939, ""601988.SH"": 8300.0}",0.01066046844,-0.11241838,0.0105269474
2026-02-06,V36 V26+V34 50/50 Top2 mix,177909.1796,180148.953,662.2204819,3,1424.129178,815.6441982,2718813.994,0,"{""601398.SH"": 6114.7925, ""601939.SH"": 10005.4939, ""601988.SH"": 8300.0}",-0.00313520919,-0.115201134,-0.003096350152
2026-02-09,V36 V26+V34 50/50 Top2 mix,178480.5854,180720.3587,662.2204819,3,1424.129178,815.6441982,2718813.994,0,"{""601398.SH"": 6114.7925, ""601939.SH"": 10005.4939, ""601988.SH"": 8300.0}",0.00321178327,-0.1123593519,0.0031718515
2026-02-10,V36 V26+V34 50/50 Top2 mix,179952.4855,182192.2589,662.2204819,3,1424.129178,815.6441982,2718813.994,0,"{""601398.SH"": 6114.7925, ""601939.SH"": 10005.4939, ""601988.SH"": 8300.0}",0.00824683633,-0.1050391247,0.008144628452
2026-02-11,V36 V26+V34 50/50 Top2 mix,179791.2827,182031.0561,662.2204819,3,1424.129178,815.6441982,2718813.994,0,"{""601398.SH"": 6114.7925, ""601939.SH"": 10005.4939, ""601988.SH"": 8300.0}",-0.0008958079291,-0.1058408378,-0.0008847953495
2026-02-12,V36 V26+V34 50/50 Top2 mix,177036.8314,179276.6048,662.2204819,3,1424.129178,815.6441982,2718813.994,0,"{""601398.SH"": 6114.7925, ""601939.SH"": 10005.4939, ""601988.SH"": 8300.0}",-0.01532027144,-0.1195395988,-0.01513176549
2026-02-13,V36 V26+V34 50/50 Top2 mix,175259.1916,177498.965,662.2204819,3,1424.129178,815.6441982,2718813.994,0,"{""601398.SH"": 6114.7925, ""601939.SH"": 10005.4939, ""601988.SH"": 8300.0}",-0.01004107329,-0.1283803662,-0.009915626196
2026-02-24,V36 V26+V34 50/50 Top2 mix,174587.3421,176827.1155,662.2204819,3,1424.129178,815.6441982,2718813.994,0,"{""601398.SH"": 6114.7925, ""601939.SH"": 10005.4939, ""601988.SH"": 8300.0}",-0.003833462283,-0.1317216872,-0.003785089681
2026-02-25,V36 V26+V34 50/50 Top2 mix,174226.0294,176465.8028,662.2204819,3,1424.129178,815.6441982,2718813.994,0,"{""601398.SH"": 6114.7925, ""601939.SH"": 10005.4939, ""601988.SH"": 8300.0}",-0.002069524265,-0.1335186103,-0.002043310721
2026-02-26,V36 V26+V34 50/50 Top2 mix,173209.5332,175449.3066,662.2204819,3,1424.129178,815.6441982,2718813.994,0,"{""601398.SH"": 6114.7925, ""601939.SH"": 10005.4939, ""601988.SH"": 8300.0}",-0.00583435289,-0.1385739685,-0.005760300989
2026-02-27,V36 V26+V34 50/50 Top2 mix,172747.7767,174987.5501,662.2204819,3,1424.129178,815.6441982,2718813.994,0,"{""601398.SH"": 6114.7925, ""601939.SH"": 10005.4939, ""601988.SH"": 8300.0}",-0.002665883951,-0.1408704303,-0.002631851466
2026-03-02,V36 V26+V34 50/50 Top2 mix,174442.0277,176681.8011,662.2204819,3,1424.129178,815.6441982,2718813.994,0,"{""601398.SH"": 6114.7925, ""601939.SH"": 10005.4939, ""601988.SH"": 8300.0}",0.009807657127,-0.1324443821,0.009682122886
2026-03-03,V36 V26+V34 50/50 Top2 mix,178157.2975,180471.2117,123.0796423,3,1472.552518,841.3616982,2804538.994,0,"{""601398.SH"": 6214.7925, ""601939.SH"": 5105.4939, ""601988.SH"": 16300.0}",0.02129801998,-0.1139671652,0.02144765679
2026-03-04,V36 V26+V34 50/50 Top2 mix,176767.7058,179081.62,123.0796423,3,1472.552518,841.3616982,2804538.994,0,"{""601398.SH"": 6214.7925, ""601939.SH"": 5105.4939, ""601988.SH"": 16300.0}",-0.0077998023,-0.1208780461,-0.007699797023
2026-03-05,V36 V26+V34 50/50 Top2 mix,177810.3693,180124.2835,123.0796423,3,1472.552518,841.3616982,2804538.994,0,"{""601398.SH"": 6214.7925, ""601939.SH"": 5105.4939, ""601988.SH"": 16300.0}",0.005898495567,-0.1156925492,0.005822281086
2026-03-06,V36 V26+V34 50/50 Top2 mix,177963.5341,180277.4483,123.0796423,3,1472.552518,841.3616982,2804538.994,0,"{""601398.SH"": 6214.7925, ""601939.SH"": 5105.4939, ""601988.SH"": 16300.0}",0.0008613941743,-0.1149308119,0.0008503285246
2026-03-09,V36 V26+V34 50/50 Top2 mix,177871.8807,180185.7949,123.0796423,3,1472.552518,841.3616982,2804538.994,0,"{""601398.SH"": 6214.7925, ""601939.SH"": 5105.4939, ""601988.SH"": 16300.0}",-0.0005150126757,-0.1153866337,-0.0005084023361
2026-03-10,V36 V26+V34 50/50 Top2 mix,176397.3338,178711.2481,123.0796423,3,1472.552518,841.3616982,2804538.994,0,"{""601398.SH"": 6214.7925, ""601939.SH"": 5105.4939, ""601988.SH"": 16300.0}",-0.008289937721,-0.1227200234,-0.008183479802
2026-03-11,V36 V26+V34 50/50 Top2 mix,177945.1216,180259.0358,123.0796423,3,1472.552518,841.3616982,2804538.994,0,"{""601398.SH"": 6214.7925, ""601939.SH"": 5105.4939, ""601988.SH"": 16300.0}",0.008774439442,-0.1150223834,0.008660829916
2026-03-12,V36 V26+V34 50/50 Top2 mix,178611.988,180925.9022,123.0796423,3,1472.552518,841.3616982,2804538.994,0,"{""601398.SH"": 6214.7925, ""601939.SH"": 5105.4939, ""601988.SH"": 16300.0}",0.003747595812,-0.111705845,0.003699489401
2026-03-13,V36 V26+V34 50/50 Top2 mix,179441.8543,181755.7686,123.0796423,3,1472.552518,841.3616982,2804538.994,0,"{""601398.SH"": 6214.7925, ""601939.SH"": 5105.4939, ""601988.SH"": 16300.0}",0.004646196495,-0.1075786558,0.00458677493
2026-03-16,V36 V26+V34 50/50 Top2 mix,180068.7588,182382.673,123.0796423,3,1472.552518,841.3616982,2804538.994,0,"{""601398.SH"": 6214.7925, ""601939.SH"": 5105.4939, ""601988.SH"": 16300.0}",0.003493635539,-0.1044608609,0.00344915842
2026-03-17,V36 V26+V34 50/50 Top2 mix,182977.2692,185291.1835,123.0796423,3,1472.552518,841.3616982,2804538.994,0,"{""601398.SH"": 6214.7925, ""601939.SH"": 5105.4939, ""601988.SH"": 16300.0}",0.01615222138,-0.08999591447,0.01594729591
2026-03-18,V36 V26+V34 50/50 Top2 mix,182824.1044,185138.0186,123.0796423,3,1472.552518,841.3616982,2804538.994,0,"{""601398.SH"": 6214.7925, ""601939.SH"": 5105.4939, ""601988.SH"": 16300.0}",-0.000837070183,-0.09075765176,-0.00082661686
2026-03-19,V36 V26+V34 50/50 Top2 mix,184744.7797,187058.6939,123.0796423,3,1472.552518,841.3616982,2804538.994,0,"{""601398.SH"": 6214.7925, ""601939.SH"": 5105.4939, ""601988.SH"": 16300.0}",0.01050559103,-0.0812055235,0.01037428879
2026-03-20,V36 V26+V34 50/50 Top2 mix,184436.5557,186750.4699,123.0796423,3,1472.552518,841.3616982,2804538.994,0,"{""601398.SH"": 6214.7925, ""601939.SH"": 5105.4939, ""601988.SH"": 16300.0}",-0.00166837742,-0.08273841946,-0.001647739608
2026-03-23,V36 V26+V34 50/50 Top2 mix,179803.6489,182117.5631,123.0796423,3,1472.552518,841.3616982,2804538.994,0,"{""601398.SH"": 6214.7925, ""601939.SH"": 5105.4939, ""601988.SH"": 16300.0}",-0.02511924359,-0.1057793365,-0.02480800595
2026-03-24,V36 V26+V34 50/50 Top2 mix,182359.5634,184673.4776,123.0796423,3,1472.552518,841.3616982,2804538.994,0,"{""601398.SH"": 6214.7925, ""601939.SH"": 5105.4939, ""601988.SH"": 16300.0}",0.01421503127,-0.09306796184,0.01403442067
2026-03-25,V36 V26+V34 50/50 Top2 mix,184145.2438,186459.158,123.0796423,3,1472.552518,841.3616982,2804538.994,0,"{""601398.SH"": 6214.7925, ""601939.SH"": 5105.4939, ""601988.SH"": 16300.0}",0.009792085412,-0.08418720586,0.009669392939
2026-03-26,V36 V26+V34 50/50 Top2 mix,185386.7019,187700.6161,123.0796423,3,1472.552518,841.3616982,2804538.994,0,"{""601398.SH"": 6214.7925, ""601939.SH"": 5105.4939, ""601988.SH"": 16300.0}",0.00674173313,-0.0780130404,0.00665806981
2026-03-27,V36 V26+V34 50/50 Top2 mix,184997.2962,187311.2104,123.0796423,3,1472.552518,841.3616982,2804538.994,0,"{""601398.SH"": 6214.7925, ""601939.SH"": 5105.4939, ""601988.SH"": 16300.0}",-0.002100505175,-0.07994967878,-0.002074610808
2026-03-30,V36 V26+V34 50/50 Top2 mix,188143.3054,190457.2196,123.0796423,3,1472.552518,841.3616982,2804538.994,0,"{""601398.SH"": 6214.7925, ""601939.SH"": 5105.4939, ""601988.SH"": 16300.0}",0.0170057035,-0.06430357581,0.01679562671
2026-03-31,V36 V26+V34 50/50 Top2 mix,192553.11,194867.0242,123.0796423,3,1472.552518,841.3616982,2804538.994,0,"{""601398.SH"": 6214.7925, ""601939.SH"": 5105.4939, ""601988.SH"": 16300.0}",0.02343854121,-0.04237221662,0.02315378028
2026-04-01,V36 V26+V34 50/50 Top2 mix,191159.1236,193473.0379,123.0796423,3,1472.552518,841.3616982,2804538.994,0,"{""601398.SH"": 6214.7925, ""601939.SH"": 5105.4939, ""601988.SH"": 16300.0}",-0.007239490046,-0.04930495342,-0.007153525994
2026-04-02,V36 V26+V34 50/50 Top2 mix,194238.7861,196705.6041,546.1547595,3,1568.873368,897.9446918,2993148.973,0,"{""601288.SH"": 7100.0, ""601939.SH"": 10005.4939, ""601988.SH"": 8200.0}",0.01611046534,-0.03398881383,0.01670809698
2026-04-03,V36 V26+V34 50/50 Top2 mix,190885.7972,193352.6152,546.1547595,3,1568.873368,897.9446918,2993148.973,-2.910383046e-11,"{""601288.SH"": 7100.0, ""601939.SH"": 10005.4939, ""601988.SH"": 8200.0}",-0.01726220064,-0.05066429274,-0.01704572126
2026-04-07,V36 V26+V34 50/50 Top2 mix,187755.7534,190222.5714,546.1547595,3,1568.873368,897.9446918,2993148.973,0,"{""601288.SH"": 7100.0, ""601939.SH"": 10005.4939, ""601988.SH"": 8200.0}",-0.01639746845,-0.06623099505,-0.01618826739
2026-04-08,V36 V26+V34 50/50 Top2 mix,187738.2478,190205.0659,546.1547595,3,1568.873368,897.9446918,2993148.973,-2.910383046e-11,"{""601288.SH"": 7100.0, ""601939.SH"": 10005.4939, ""601988.SH"": 8200.0}",-9.323576465e-05,-0.06631805572,-9.202667749e-05
2026-04-09,V36 V26+V34 50/50 Top2 mix,186815.083,189281.901,546.1547595,3,1568.873368,897.9446918,2993148.973,0,"{""601288.SH"": 7100.0, ""601939.SH"": 10005.4939, ""601988.SH"": 8200.0}",-0.004917297498,-0.07090924761,-0.004853523812
2026-04-10,V36 V26+V34 50/50 Top2 mix,186115.9182,188582.7362,546.1547595,3,1568.873368,897.9446918,2993148.973,0,"{""601288.SH"": 7100.0, ""601939.SH"": 10005.4939, ""601988.SH"": 8200.0}",-0.003742550147,-0.07438641634,-0.003693775329
2026-04-13,V36 V26+V34 50/50 Top2 mix,187599.3577,190066.1757,546.1547595,3,1568.873368,897.9446918,2993148.973,0,"{""601288.SH"": 7100.0, ""601939.SH"": 10005.4939, ""601988.SH"": 8200.0}",0.007970513885,-0.06700880042,0.007866252976
2026-04-14,V36 V26+V34 50/50 Top2 mix,189179.5774,191646.3955,546.1547595,3,1568.873368,897.9446918,2993148.973,-2.910383046e-11,"{""601288.SH"": 7100.0, ""601939.SH"": 10005.4939, ""601988.SH"": 8200.0}",0.008423375083,-0.05914986559,0.008314050351
2026-04-15,V36 V26+V34 50/50 Top2 mix,192021.1268,194487.9449,546.1547595,3,1568.873368,897.9446918,2993148.973,0,"{""601288.SH"": 7100.0, ""601939.SH"": 10005.4939, ""601988.SH"": 8200.0}",0.0150203813,-0.04501793783,0.01482704321
2026-04-16,V36 V26+V34 50/50 Top2 mix,192276.0719,194742.8899,546.1547595,3,1568.873368,897.9446918,2993148.973,-2.910383046e-11,"{""601288.SH"": 7100.0, ""601939.SH"": 10005.4939, ""601988.SH"": 8200.0}",0.001327692767,-0.04375001505,0.00131085277
2026-04-17,V36 V26+V34 50/50 Top2 mix,192137.8521,194604.6702,546.1547595,3,1568.873368,897.9446918,2993148.973,0,"{""601288.SH"": 7100.0, ""601939.SH"": 10005.4939, ""601988.SH"": 8200.0}",-0.0007188609256,-0.0444374258,-0.0007097550778
2026-04-20,V36 V26+V34 50/50 Top2 mix,197328.6102,199795.4282,546.1547595,3,1568.873368,897.9446918,2993148.973,0,"{""601288.SH"": 7100.0, ""601939.SH"": 10005.4939, ""601988.SH"": 8200.0}",0.02701580133,-0.01862213714,0.02667334774
2026-04-21,V36 V26+V34 50/50 Top2 mix,198704.2694,201171.0875,546.1547595,3,1568.873368,897.9446918,2993148.973,0,"{""601288.SH"": 7100.0, ""601939.SH"": 10005.4939, ""601988.SH"": 8200.0}",0.006971413136,-0.01178054662,0.006885339055
2026-04-22,V36 V26+V34 50/50 Top2 mix,196584.9398,199051.7579,546.1547595,3,1568.873368,897.9446918,2993148.973,0,"{""601288.SH"": 7100.0, ""601939.SH"": 10005.4939, ""601988.SH"": 8200.0}",-0.01066574784,-0.02232064612,-0.01053496136
2026-04-23,V36 V26+V34 50/50 Top2 mix,195536.6102,198003.4282,546.1547595,3,1568.873368,897.9446918,2993148.973,0,"{""601288.SH"": 7100.0, ""601939.SH"": 10005.4939, ""601988.SH"": 8200.0}",-0.005332705718,-0.0275343224,-0.00526661831
2026-04-24,V36 V26+V34 50/50 Top2 mix,195625.6651,198092.4832,546.1547595,3,1568.873368,897.9446918,2993148.973,-2.910383046e-11,"{""601288.SH"": 7100.0, ""601939.SH"": 10005.4939, ""601988.SH"": 8200.0}",0.000455438696,-0.0270914239,0.0004497646306
2026-04-27,V36 V26+V34 50/50 Top2 mix,193763.3355,196230.1535,546.1547595,3,1568.873368,897.9446918,2993148.973,0,"{""601288.SH"": 7100.0, ""601939.SH"": 10005.4939, ""601988.SH"": 8200.0}",-0.009519863519,-0.03635338076,-0.009401313986
2026-04-28,V36 V26+V34 50/50 Top2 mix,195799.9947,198266.8128,546.1547595,3,1568.873368,897.9446918,2993148.973,0,"{""601288.SH"": 7100.0, ""601939.SH"": 10005.4939, ""601988.SH"": 8200.0}",0.0105110663,-0.02622442726,0.01037893121
2026-04-29,V36 V26+V34 50/50 Top2 mix,195452.0497,197918.8677,546.1547595,3,1568.873368,897.9446918,2993148.973,0,"{""601288.SH"": 7100.0, ""601939.SH"": 10005.4939, ""601988.SH"": 8200.0}",-0.001777043261,-0.02795486858,-0.001754933447
2026-04-30,V36 V26+V34 50/50 Top2 mix,196382.8188,198849.6369,546.1547595,3,1568.873368,897.9446918,2993148.973,-2.910383046e-11,"{""601288.SH"": 7100.0, ""601939.SH"": 10005.4939, ""601988.SH"": 8200.0}",0.004762135491,-0.02332585796,0.004702781262
2026-05-06,V36 V26+V34 50/50 Top2 mix,194127.9947,196594.8128,546.1547595,3,1568.873368,897.9446918,2993148.973,0,"{""601288.SH"": 7100.0, ""601939.SH"": 10005.4939, ""601988.SH"": 8200.0}",-0.01148177878,-0.03453981439,-0.01133934221
2026-05-07,V36 V26+V34 50/50 Top2 mix,193277.0904,195906.3183,68.74484706,3,1672.842981,956.3849918,3187949.973,0,"{""601398.SH"": 13100.0, ""601939.SH"": 5005.4939, ""601988.SH"": 8400.0}",-0.004383213057,-0.03877163208,-0.003502098753
2026-05-08,V36 V26+V34 50/50 Top2 mix,194009.9805,196639.2085,68.74484706,3,1672.842981,956.3849918,3187949.973,2.910383046e-11,"{""601398.SH"": 13100.0, ""601939.SH"": 5005.4939, ""601988.SH"": 8400.0}",0.003791914091,-0.03512673669,0.003741023407
2026-05-11,V36 V26+V34 50/50 Top2 mix,193690.486,196319.714,68.74484706,3,1672.842981,956.3849918,3187949.973,2.910383046e-11,"{""601398.SH"": 13100.0, ""601939.SH"": 5005.4939, ""601988.SH"": 8400.0}",-0.001646793881,-0.03671568408,-0.001624774892
2026-05-12,V36 V26+V34 50/50 Top2 mix,194475.6509,197104.8788,68.74484706,3,1672.842981,956.3849918,3187949.973,0,"{""601398.SH"": 13100.0, ""601939.SH"": 5005.4939, ""601988.SH"": 8400.0}",0.004053708741,-0.03281081003,0.003999419112
2026-05-13,V36 V26+V34 50/50 Top2 mix,193136.757,195765.985,68.74484706,3,1672.842981,956.3849918,3187949.973,0,"{""601398.SH"": 13404.8708, ""601939.SH"": 5005.4939, ""601988.SH"": 8400.0}",-0.00688463491,-0.03946955449,-0.006792799158
2026-05-14,V36 V26+V34 50/50 Top2 mix,195061.8122,197691.0401,68.74484706,3,1672.842981,956.3849918,3187949.973,0,"{""601398.SH"": 13404.8708, ""601939.SH"": 5005.4939, ""601988.SH"": 8400.0}",0.009967316377,-0.02989564365,0.009833450695
2026-05-15,V36 V26+V34 50/50 Top2 mix,194909.9594,197539.1874,68.74484706,3,1672.842981,956.3849918,3187949.973,0,"{""601398.SH"": 13404.8708, ""601939.SH"": 5005.4939, ""601988.SH"": 8400.0}",-0.000778485227,-0.03065085556,-0.000768131621
2026-05-18,V36 V26+V34 50/50 Top2 mix,193939.3863,196568.6142,68.74484706,3,1672.842981,956.3849918,3187949.973,2.910383046e-11,"{""601398.SH"": 13404.8708, ""601939.SH"": 5005.4939, ""601988.SH"": 8400.0}",-0.004979597637,-0.03547782427,-0.004913319662
2026-05-19,V36 V26+V34 50/50 Top2 mix,196064.6612,198693.8891,68.74484706,3,1672.842981,956.3849918,3187949.973,0,"{""601398.SH"": 13404.8708, ""601939.SH"": 5005.4939, ""601988.SH"": 8400.0}",0.01095844922,-0.02490815698,0.01081187312
2026-05-20,V36 V26+V34 50/50 Top2 mix,192829.5885,195458.8164,68.74484706,3,1672.842981,956.3849918,3187949.973,2.910383046e-11,"{""601398.SH"": 13404.8708, ""601939.SH"": 5005.4939, ""601988.SH"": 8400.0}",-0.01650002962,-0.04099720127,-0.01628169206
2026-05-21,V36 V26+V34 50/50 Top2 mix,194938.7846,197568.0126,68.74484706,3,1672.842981,956.3849918,3187949.973,0,"{""601398.SH"": 13404.8708, ""601939.SH"": 5005.4939, ""601988.SH"": 8400.0}",0.01093813563,-0.03050749859,0.01079100053
2026-05-22,V36 V26+V34 50/50 Top2 mix,196095.2055,198724.4334,68.74484706,3,1672.842981,956.3849918,3187949.973,0,"{""601398.SH"": 13404.8708, ""601939.SH"": 5005.4939, ""601988.SH"": 8400.0}",0.005932225444,-0.02475625051,0.005853279602
2026-05-25,V36 V26+V34 50/50 Top2 mix,196497.3765,199126.6045,68.74484706,3,1672.842981,956.3849918,3187949.973,0,"{""601398.SH"": 13404.8708, ""601939.SH"": 5005.4939, ""601988.SH"": 8400.0}",0.002050896889,-0.02275612614,0.002023762453
2026-05-26,V36 V26+V34 50/50 Top2 mix,197566.3592,200195.5872,68.74484706,3,1672.842981,956.3849918,3187949.973,0,"{""601398.SH"": 13404.8708, ""601939.SH"": 5005.4939, ""601988.SH"": 8400.0}",0.005440187986,-0.01743973576,0.005368356829
2026-05-27,V36 V26+V34 50/50 Top2 mix,195807.5725,198436.8005,68.74484706,3,1672.842981,956.3849918,3187949.973,2.910383046e-11,"{""601398.SH"": 13404.8708, ""601939.SH"": 5005.4939, ""601988.SH"": 8400.0}",-0.008902257982,-0.02618674071,-0.008785341989
2026-05-28,V36 V26+V34 50/50 Top2 mix,193748.4686,196377.6966,68.74484706,3,1672.842981,956.3849918,3187949.973,0,"{""601398.SH"": 13404.8708, ""601939.SH"": 5005.4939, ""601988.SH"": 8400.0}",-0.01051595627,-0.03642731836,-0.01037662301
2026-05-29,V36 V26+V34 50/50 Top2 mix,195930.6312,198559.8591,68.74484706,3,1672.842981,956.3849918,3187949.973,0,"{""601398.SH"": 13404.8708, ""601939.SH"": 5005.4939, ""601988.SH"": 8400.0}",0.01126286344,-0.02557473083,0.01111206915
2026-06-01,V36 V26+V34 50/50 Top2 mix,198191.6801,200820.9081,68.74484706,3,1672.842981,956.3849918,3187949.973,2.910383046e-11,"{""601398.SH"": 13404.8708, ""601939.SH"": 5005.4939, ""601988.SH"": 8400.0}",0.01154004822,-0.01432981624,0.01138724081
2026-06-02,V36 V26+V34 50/50 Top2 mix,198852.4247,201559.6523,70.7452803,4,1721.958547,985.2689918,3284229.973,0,"{""601288.SH"": 7400.0, ""601398.SH"": 6804.8708, ""601939.SH"": 5005.4939, ""601988.SH"": 8400.0}",0.003333866756,-0.01104372319,0.003678622049
2026-06-03,V36 V26+V34 50/50 Top2 mix,197009.4732,199716.7008,70.7452803,4,1721.958547,985.2689918,3284229.973,0,"{""601288.SH"": 7400.0, ""601398.SH"": 6804.8708, ""601939.SH"": 5005.4939, ""601988.SH"": 8400.0}",-0.00926793584,-0.02020930651,-0.009143454522
2026-06-04,V36 V26+V34 50/50 Top2 mix,195655.0649,198362.2924,70.7452803,4,1721.958547,985.2689918,3284229.973,0,"{""601288.SH"": 7400.0, ""601398.SH"": 6804.8708, ""601939.SH"": 5005.4939, ""601988.SH"": 8400.0}",-0.006874838732,-0.02694520952,-0.006781647964
2026-06-05,V36 V26+V34 50/50 Top2 mix,199058.6445,201765.872,70.7452803,4,1721.958547,985.2689918,3284229.973,0,"{""601288.SH"": 7400.0, ""601398.SH"": 6804.8708, ""601939.SH"": 5005.4939, ""601988.SH"": 8400.0}",0.01739581661,-0.01001812683,0.01715840034
2026-06-08,V36 V26+V34 50/50 Top2 mix,203008.0282,205715.2557,70.7452803,4,1721.958547,985.2689918,3284229.973,0,"{""601288.SH"": 7400.0, ""601398.SH"": 6804.8708, ""601939.SH"": 5005.4939, ""601988.SH"": 8400.0}",0.01984030217,0,0.01957409158
2026-06-09,V36 V26+V34 50/50 Top2 mix,203568.3878,206275.6153,70.7452803,4,1721.958547,985.2689918,3284229.973,0,"{""601288.SH"": 7400.0, ""601398.SH"": 6804.8708, ""601939.SH"": 5005.4939, ""601988.SH"": 8400.0}",0.002760283197,0,0.002723957672
2026-06-10,V36 V26+V34 50/50 Top2 mix,206809.8326,209517.0602,70.7452803,4,1721.958547,985.2689918,3284229.973,0,"{""601288.SH"": 7400.0, ""601398.SH"": 6804.8708, ""601939.SH"": 5005.4939, ""601988.SH"": 8400.0}",0.01592312471,0,0.0157141445
2026-06-11,V36 V26+V34 50/50 Top2 mix,206766.2908,209473.5184,70.7452803,4,1721.958547,985.2689918,3284229.973,0,"{""601288.SH"": 7400.0, ""601398.SH"": 6804.8708, ""601939.SH"": 5005.4939, ""601988.SH"": 8400.0}",-0.0002105402715,-0.0002105402715,-0.0002078198227
2026-06-12,V36 V26+V34 50/50 Top2 mix,209727.4247,212434.6523,70.7452803,4,1721.958547,985.2689918,3284229.973,0,"{""601288.SH"": 7400.0, ""601398.SH"": 6804.8708, ""601939.SH"": 5005.4939, ""601988.SH"": 8400.0}",0.01432116364,0,0.01413607748
2026-06-15,V36 V26+V34 50/50 Top2 mix,204514.6987,207221.9263,70.7452803,4,1721.958547,985.2689918,3284229.973,0,"{""601288.SH"": 7400.0, ""601398.SH"": 6804.8708, ""601939.SH"": 5005.4939, ""601988.SH"": 8400.0}",-0.02485476556,-0.02485476556,-0.02453802107
2026-06-16,V36 V26+V34 50/50 Top2 mix,201118.7595,203825.987,70.7452803,4,1721.958547,985.2689918,3284229.973,0,"{""601288.SH"": 7400.0, ""601398.SH"": 6804.8708, ""601939.SH"": 5005.4939, ""601988.SH"": 8400.0}",-0.01660486653,-0.04104692202,-0.01638793412
2026-06-17,V36 V26+V34 50/50 Top2 mix,199078.2475,201785.475,70.7452803,4,1721.958547,985.2689918,3284229.973,0,"{""601288.SH"": 7400.0, ""601398.SH"": 6804.8708, ""601939.SH"": 5005.4939, ""601988.SH"": 8400.0}",-0.01014580644,-0.05077627433,-0.0100110493
2026-06-18,V36 V26+V34 50/50 Top2 mix,194138.1196,196845.3471,70.7452803,4,1721.958547,985.2689918,3284229.973,0,"{""601288.SH"": 7400.0, ""601398.SH"": 6804.8708, ""601939.SH"": 5005.4939, ""601988.SH"": 8400.0}",-0.02481500586,-0.07433126665,-0.02448207869
2026-06-22,V36 V26+V34 50/50 Top2 mix,196076.4243,198783.6518,70.7452803,4,1721.958547,985.2689918,3284229.973,0,"{""601288.SH"": 7400.0, ""601398.SH"": 6804.8708, ""601939.SH"": 5005.4939, ""601988.SH"": 8400.0}",0.009984153109,-0.06508924829,0.009846840368
2026-06-23,V36 V26+V34 50/50 Top2 mix,200890.0152,203597.2428,70.7452803,4,1721.958547,985.2689918,3284229.973,0,"{""601288.SH"": 7400.0, ""601398.SH"": 6804.8708, ""601939.SH"": 5005.4939, ""601988.SH"": 8400.0}",0.02454956514,-0.04213759589,0.02421522548
2026-06-24,V36 V26+V34 50/50 Top2 mix,196340.4118,199047.6394,70.7452803,4,1721.958547,985.2689918,3284229.973,0,"{""601288.SH"": 7400.0, ""601398.SH"": 6804.8708, ""601939.SH"": 5005.4939, ""601988.SH"": 8400.0}",-0.02264723514,-0.06383053098,-0.02234609541
2026-06-25,V36 V26+V34 50/50 Top2 mix,192987.6614,195694.8889,70.7452803,4,1721.958547,985.2689918,3284229.973,0,"{""601288.SH"": 7400.0, ""601398.SH"": 6804.8708, ""601939.SH"": 5005.4939, ""601988.SH"": 8400.0}",-0.01707621177,-0.07981675908,-0.01684395987
2026-06-26,V36 V26+V34 50/50 Top2 mix,191869.3017,194576.5293,70.7452803,4,1721.958547,985.2689918,3284229.973,0,"{""601288.SH"": 7400.0, ""601398.SH"": 6804.8708, ""601939.SH"": 5005.4939, ""601988.SH"": 8400.0}",-0.005794980057,-0.08514920262,-0.005714812764
2026-06-29,V36 V26+V34 50/50 Top2 mix,193301.9174,196009.1449,70.7452803,4,1721.958547,985.2689918,3284229.973,0,"{""601288.SH"": 7400.0, ""601398.SH"": 6804.8708, ""601939.SH"": 5005.4939, ""601988.SH"": 8400.0}",0.00746662253,-0.07831835704,0.007362736176
2026-06-30,V36 V26+V34 50/50 Top2 mix,189350.088,192057.3155,70.7452803,4,1721.958547,985.2689918,3284229.973,0,"{""601288.SH"": 7400.0, ""601398.SH"": 6804.8708, ""601939.SH"": 5005.4939, ""601988.SH"": 8400.0}",-0.02044381893,-0.09716104966,-0.0201614542
