tree
version=v4
num_class=1
num_tree_per_iteration=1
label_index=0
max_feature_idx=7
objective=lambdarank
feature_names=Column_0 Column_1 Column_2 Column_3 Column_4 Column_5 Column_6 Column_7
feature_infos=[-2.8707199096679688:1.3665225505828857] [-1.4033499956130981:2.5005612373352051] [-1.2703711986541748:2.8120923042297363] [-2.4748332500457764:2.8062193393707275] [0:1] [0:1] [0:1] [0:1]
tree_sizes=901 902 906 868 907 908 904 903 913 905 911 910 890 876 882 907 901 898 904 882 904 877 688 904 903 903 902 861 906 896 907 852 901 911 901 898 783 882 904 900 907 904 891 906 908 889 900 900 905 908 892 906 903 897 904 907 693 772 898 662 914 894 687 871 884 798 891 901 669 693 899 888 691 879 687 690 869 883 882 699 897 698 884 796 893 901 906 878 907 889 692 910 899 667 690 688 698 670 884 881 901 899 912 910 908 903 891 687 688 685 892 908 911 912 672 890 913 908 799 881 876 894 671 860 804 888 907 903 694 911 915 904 869 873 761 675 903 886 905 909 900 881 905 872 869 900 888 904 885 905 585 906 901 887 857 913 853 908 899 777 887 911 903 912 902 903 695 904 881 863 906 693 898 691 885 912 898 903 775 686

Tree=0
num_leaves=7
num_cat=0
split_feature=0 2 3 3 3 3
split_gain=3.3224 1.75187 1.4129 1.34891 2.10911 0.547364
threshold=-1.4765747189521787 0.21280741691589358 0.63522419333457958 0.3159570991992951 -1.2668786644935606 -1.0851470232009885
decision_type=2 2 2 2 2 2
left_child=3 2 -2 4 -1 -3
right_child=1 5 -4 -5 -6 -7
leaf_value=-0.0042527515290777338 0.0050349524775733434 0.00042623168390602025 -0.001425170509202894 -0.0066850044172331227 0.00094187975008497423 -0.0037541803342255194
leaf_weight=92.332779793068767 130.49019710719585 13.498283077031372 12.29157507419586 42.821116033941507 141.80929045565426 26.229404278099537
leaf_count=923 1524 154 144 533 1637 316
internal_value=-0.000402241 0.00243156 0.00400346 -0.00250966 -0.00104398 -0.00166214
internal_weight=459.473 182.509 142.782 276.963 234.142 39.7277
internal_count=5231 2138 1668 3093 2560 470
is_linear=0
shrinkage=0.03


Tree=1
num_leaves=7
num_cat=0
split_feature=2 3 3 3 5 7
split_gain=33.773 28.7626 35.1283 17.8044 8.9957 6.11043
threshold=0.15054602175951007 0.65669724345207225 -1.5370361804962156 -1.1404416561126707 1.0000000180025095e-35 1.0000000180025095e-35
decision_type=2 2 2 2 2 2
left_child=1 2 -1 5 -5 -2
right_child=3 -3 -4 4 -6 -7
leaf_value=-0.0035929237006002116 -0.0020476871215924686 -0.0084849102085603825 0.0050640898006671028 -0.0044697567186006313 -0.012600724758985033 0.0060914503452616942
leaf_weight=533.39741010777652 169.64006504788995 194.70160366594791 1713.007799513638 465.67598076537251 198.79543004184961 121.65872849524021
leaf_count=828 296 342 2539 714 309 191
internal_value=7.98442e-05 0.00196906 0.00296849 -0.00462532 -0.00728713 0.00133179
internal_weight=3396.88 2441.11 2246.41 955.77 664.471 291.299
internal_count=5219 3709 3367 1510 1023 487
is_linear=0
shrinkage=0.03


Tree=2
num_leaves=7
num_cat=0
split_feature=0 1 1 2 4 7
split_gain=58.8649 25.6291 24.3526 19.0919 15.3872 9.11612
threshold=-1.4663750529289243 0.37393912672996527 0.29251943528652197 -0.36209933459758753 1.0000000180025095e-35 1.0000000180025095e-35
decision_type=2 2 2 2 2 2
left_child=1 4 3 -2 -1 -4
right_child=2 -3 5 -5 -6 -7
leaf_value=-0.0034821088296564128 -0.0030193984424279133 -0.012620213925876804 -0.0094604108484221457 0.0077409703595817201 0.0028821466054560112 0.0024066049030399841
leaf_weight=1216.374458745122 150.93117696791887 205.69402582943439 113.50288446247578 1130.0778683312237 445.64750219136477 80.303202733397484
leaf_count=2039 201 354 188 1561 785 109
internal_value=0.000426338 -0.00307855 0.0048869 0.00640012 -0.00172597 -0.00449754
internal_weight=3342.53 1867.72 1474.82 1281.01 1662.02 193.806
internal_count=5237 3178 2059 1762 2824 297
is_linear=0
shrinkage=0.03


Tree=3
num_leaves=7
num_cat=0
split_feature=2 3 2 1 1 3
split_gain=42.2254 17.3149 11.4339 11.3196 34.6224 11.079
threshold=0.15054602175951007 -0.19775586575269696 -0.37809583544731135 0.12084056064486505 0.048533806577324874 -1.1494632959365843
decision_type=2 2 2 2 2 2
left_child=1 5 -3 4 -2 -1
right_child=3 2 -4 -5 -6 -7
leaf_value=0.0012676005992141805 -0.0082485624740392081 -0.009769083124534228 0 -0.007689918977674833 0.01325182372329449 0.0061717939562352117
leaf_weight=875.35958862304688 157.09333270788193 111.80062675476074 542.90977514907718 595.9166534692049 88.825376331806183 864.30915703997016
leaf_count=1429 263 196 893 1077 150 1242
internal_value=0.000164397 0.00221601 -0.00184144 -0.00551727 0 0.00378067
internal_weight=3236.21 2394.38 654.71 841.835 245.919 1739.67
internal_count=5250 3760 1089 1490 413 2671
is_linear=0
shrinkage=0.03


Tree=4
num_leaves=7
num_cat=0
split_feature=3 1 3 5 1 2
split_gain=17.4035 30.704 21.2926 19.5721 9.70222 9.33764
threshold=-0.5023394227027892 -0.043707801029086106 -1.5868133306503294 1.0000000180025095e-35 0.38960413634777075 -0.17603122442960736
decision_type=2 2 2 2 2 2
left_child=1 2 -1 -3 5 -2
right_child=4 3 -4 -5 -6 -7
leaf_value=-0.0013323327327295074 -0.0057236400408673758 0.00043336790112934512 0.0087204891633033323 -0.0098774657063952116 -0.010478510510961259 0.00028642384128643202
leaf_weight=242.0953036993742 311.71287785470486 891.43721775710583 665.34108106419444 180.68282555043697 109.28225909173489 717.66247973591089
leaf_count=459 550 1446 958 324 229 1226
internal_value=0.000279794 0.00199047 0.0060029 -0.00139843 -0.00262546 -0.00155075
internal_weight=3118.21 1979.56 907.436 1072.12 1138.66 1029.38
internal_count=5192 3187 1417 1770 2005 1776
is_linear=0
shrinkage=0.03


Tree=5
num_leaves=7
num_cat=0
split_feature=0 1 2 3 2 5
split_gain=42.5734 18.1996 15.8488 16.3772 12.0094 10.3221
threshold=-1.4765747189521787 0.12649095803499225 0.099736381322145476 -0.027853358536958691 -0.36994911730289454 1.0000000180025095e-35
decision_type=2 2 2 2 2 2
left_child=2 4 3 -1 -2 -4
right_child=1 -3 5 -5 -6 -7
leaf_value=0.0010920339148573139 -0.0027336977193098025 -0.0012040601100943374 -0.0039336518062644795 -0.0072378868091917872 0.007430762994594828 -0.013665759400870959
leaf_weight=906.03849592059851 98.600626707077026 378.80552537739277 395.03972926735878 253.66011878848076 893.75102643668652 142.21614123880863
leaf_count=1551 178 643 747 516 1285 329
internal_value=0.000300047 0.00421625 -0.00284159 -0.000770922 0.00632749 -0.0070155
internal_weight=3068.11 1371.16 1696.95 1159.7 992.352 537.256
internal_count=5249 2106 3143 2067 1463 1076
is_linear=0
shrinkage=0.03


Tree=6
num_leaves=7
num_cat=0
split_feature=0 2 3 0 3 3
split_gain=29.7951 17.1532 15.3507 10.5617 20.3988 12.7922
threshold=-1.4765747189521787 0.099736381322145476 -1.2176090478897093 -0.94218420982360829 0.65669724345207225 -0.5640653371810912
decision_type=2 2 2 2 2 2
left_child=1 2 -1 4 -2 -5
right_child=3 -3 -4 5 -6 -7
leaf_value=-0.0058683538443809096 0.0066040868796637892 -0.0074774895973356093 0.0015433108353644868 0.0034155972933223805 -0.0096519926916544714 -0.0054922637158589804
leaf_weight=346.4498662725091 749.20581449568272 496.9999492764473 766.69091519713402 345.12339988350868 55.977569341659546 220.46504820138216
leaf_count=680 1150 1088 1385 526 97 347
internal_value=-0.000176355 -0.00294589 -0.00077338 0.00302924 0.00519468 -2.31954e-05
internal_weight=2980.91 1610.14 1113.14 1370.77 805.183 565.588
internal_count=5273 3153 2065 2120 1247 873
is_linear=0
shrinkage=0.03


Tree=7
num_leaves=7
num_cat=0
split_feature=0 2 2 2 0 2
split_gain=31.4456 13.0446 11.5712 11.3754 8.8194 5.57683
threshold=-1.4725311398506162 0.20914582908153537 0.030797231011092666 -0.067678041756153093 -1.135949373245239 0.052298307418823249
decision_type=2 2 2 2 2 2
left_child=2 4 3 -1 -2 -4
right_child=1 -3 5 -5 -6 -7
leaf_value=-0.0029760171719582572 0.007808682849177846 -0.0025938051049684634 -0.01553679500209797 0.0044891294618868895 0.0020405441224771643 -0.0050382116067870832
leaf_weight=671.32949767261744 425.2534886598587 271.83980955183506 45.995616570115089 226.90518738329411 642.61997735500336 571.71241261065006
leaf_count=1300 630 478 85 431 1007 1257
internal_value=-0.000307262 0.00299473 -0.00326546 -0.000968183 0.00449404 -0.00637679
internal_weight=2855.66 1339.71 1515.94 898.235 1067.87 617.708
internal_count=5188 2115 3073 1731 1637 1342
is_linear=0
shrinkage=0.03


Tree=8
num_leaves=7
num_cat=0
split_feature=2 2 5 4 5 4
split_gain=15.3872 20.3512 20.5274 9.41411 5.44888 8.43643
threshold=-0.36994911730289454 0.019940784201025966 1.0000000180025095e-35 1.0000000180025095e-35 1.0000000180025095e-35 1.0000000180025095e-35
decision_type=2 2 2 2 2 2
left_child=4 3 -3 -2 5 -1
right_child=1 2 -4 -5 -6 -7
leaf_value=-0.011791429513750807 0.0050478142636827114 0.00023018253400806926 -0.0092863804890627247 -0.00064942183776017532 0.0004976437403262649 0.00035427562312840866
leaf_weight=149.92511776089668 1002.6115322336555 964.5934164300561 234.72516157478094 321.00579725205898 65.776017434895039 58.834876164793968
leaf_count=290 1741 1782 575 567 133 116
internal_value=0.000308295 0.00107815 -0.00170492 0.00363236 -0.0061556 -0.00837441
internal_weight=2797.47 2522.94 1199.32 1323.62 274.536 208.76
internal_count=5204 4665 2357 2308 539 406
is_linear=0
shrinkage=0.03


Tree=9
num_leaves=7
num_cat=0
split_feature=1 0 3 3 3 7
split_gain=22.2164 16.133 22.1408 9.92003 5.41825 6.75044
threshold=0.37393912672996527 -1.4663750529289243 0.043976781889796264 -1.5971319079399107 -1.0237202644348142 1.0000000180025095e-35
decision_type=2 2 2 2 2 2
left_child=1 2 -1 -3 5 -2
right_child=4 3 -4 -5 -6 -7
leaf_value=0.00058877617486720606 -0.0084056065855108181 -0.0017217049856969062 -0.0085613426452406244 0.0047996624115521237 -0.011627131494785102 0.0047744141278786055
leaf_weight=1076.0881697833538 47.417639464139938 242.78068727254868 281.54377993196249 928.46345525979996 149.16642963886261 49.229241490364075
leaf_count=2139 111 399 654 1483 357 74
internal_value=-1.41242e-05 0.000825307 -0.00136195 0.00339131 -0.00828806 -0.00151017
internal_weight=2774.69 2528.88 1357.63 1171.24 245.813 96.6469
internal_count=5217 4675 2793 1882 542 185
is_linear=0
shrinkage=0.03


Tree=10
num_leaves=7
num_cat=0
split_feature=1 0 1 3 4 0
split_gain=16.8396 13.3844 11.7071 8.74437 7.0964 6.70522
threshold=0.22012607753276828 -1.4765747189521787 -0.36685000360012049 0.030338943004608158 1.0000000180025095e-35 -0.85582005977630604
decision_type=2 2 2 2 2 2
left_child=1 3 -3 -1 5 -2
right_child=4 2 -4 -5 -6 -7
leaf_value=0.00017779417775020187 -0.0088342761936082686 -0.0047643926320355022 0.0047444785372991443 -0.0061738082992320266 0.00069578958886286238 0.00020883272444322434
leaf_weight=957.54713606834412 298.14194300025702 110.67310501635075 912.55624051392078 219.68130063265562 130.60521154105663 78.320359259843826
leaf_count=1901 669 196 1456 553 286 144
internal_value=-2.53933e-05 0.00109706 0.00358686 -0.00104069 -0.00486699 -0.00688595
internal_weight=2707.53 2200.46 1023.23 1177.23 507.068 376.462
internal_count=5205 4106 1652 2454 1099 813
is_linear=0
shrinkage=0.03


Tree=11
num_leaves=7
num_cat=0
split_feature=0 2 7 3 2 5
split_gain=32.2714 10.6089 14.8898 10.8048 10.5816 19.4593
threshold=-1.4725311398506162 0.18952205777168277 1.0000000180025095e-35 -1.5971319079399107 0.030797231011092666 1.0000000180025095e-35
decision_type=2 2 2 2 2 2
left_child=4 3 -3 -2 -1 -6
right_child=1 2 -4 -5 5 -7
leaf_value=-0.00089527777439010075 -0.00094378596820257458 -0.0072101072992285112 0.005944709897565687 0.0064968934687618602 -0.0027409901748609985 -0.015843025854067525
leaf_weight=871.34949370473623 202.12635798752308 160.05144392699003 113.43164700269699 776.46476919949055 432.46206588298082 126.40838006138802
leaf_count=1787 349 321 191 1248 953 416
internal_value=-6.59514e-06 0.00345886 -0.0015162 0.00491183 -0.00308764 -0.00625312
internal_weight=2682.29 1252.07 273.483 978.591 1430.22 558.87
internal_count=5265 2109 512 1597 3156 1369
is_linear=0
shrinkage=0.03


Tree=12
num_leaves=7
num_cat=0
split_feature=1 0 3 0 3 1
split_gain=19.1165 18.4066 10.3683 7.15246 3.42375 7.66006
threshold=0.1991575285792351 -1.5618142485618589 -1.5868133306503294 -2.3171495199203487 -1.1310900449752805 0.27961894869804388
decision_type=2 2 2 2 2 2
left_child=1 3 -3 -1 5 -2
right_child=4 2 -4 -5 -6 -7
leaf_value=0.0020978823237976021 -0.008181721354393108 -0.0015654273105754205 0.0054786631917595847 -0.0032098665901406074 -0.0066744667687041025 0.0026807200642273905
leaf_weight=303.65374623611569 71.779872201383114 213.67690832912922 864.68074036389589 703.17818727344275 345.1872331276536 133.09444198012352
leaf_count=666 145 385 1440 1528 825 273
internal_value=0 0.00131995 0.00402516 -0.00154097 -0.00487306 -0.00124743
internal_weight=2635.25 2085.19 1078.36 1006.83 550.062 204.874
internal_count=5262 4019 1825 2194 1243 418
is_linear=0
shrinkage=0.03


Tree=13
num_leaves=7
num_cat=0
split_feature=0 2 0 0 3 2
split_gain=20.6665 8.25306 13.45 6.336 9.93057 5.97724
threshold=-1.4663750529289243 0.028640219941735271 -2.2823582887649532 -1.1506561040878294 -1.5868133306503294 0.14222902804613116
decision_type=2 2 2 2 2 2
left_child=1 2 -1 5 -5 -2
right_child=3 -3 -4 4 -6 -7
leaf_value=0.0051825463540634284 0.0078154150751499965 -0.0051102173879778966 -0.0027958947547494788 -0.0050191331055338866 0.003103683452511313 0
leaf_weight=252.44336793571711 334.33312419056892 529.98895128071308 603.1113087721169 152.41892252117395 574.44803750514984 113.2751545086503
leaf_count=538 563 1376 1256 286 997 223
internal_value=0.000207951 -0.00223456 -0.000308608 0.00312881 0.00123126 0.00589745
internal_weight=2560.02 1385.54 855.555 1174.48 726.867 447.608
internal_count=5239 3170 1794 2069 1283 786
is_linear=0
shrinkage=0.03


Tree=14
num_leaves=7
num_cat=0
split_feature=2 3 5 0 3 1
split_gain=15.4908 10.8098 8.70188 11.0206 8.69651 5.81423
threshold=0.033286549150943763 0.69308155775070202 1.0000000180025095e-35 -1.5682451725006101 -1.1676899790763853 -0.281512901186943
decision_type=2 2 2 2 2 2
left_child=1 4 -2 -4 -1 -3
right_child=2 5 3 -5 -6 -7
leaf_value=-0.00076830465897471587 -0.0019482842257301997 0.0016123937038858835 -0.015202183563267 0 0.0039324599741906493 -0.010741330762128895
leaf_weight=548.95466850697994 833.07118875905871 34.076932802796364 94.978897698223591 79.019411280751228 868.20594971626997 77.520529493689537
leaf_count=1095 1698 85 360 183 1628 177
internal_value=-0.000557187 0.00131421 -0.00342671 -0.00926526 0.00208446 -0.00684137
internal_weight=2535.83 1528.76 1007.07 173.998 1417.16 111.597
internal_count=5226 2985 2241 543 2723 262
is_linear=0
shrinkage=0.03


Tree=15
num_leaves=7
num_cat=0
split_feature=2 2 0 5 1 0
split_gain=17.6349 9.98137 9.16755 12.2554 8.68964 6.96129
threshold=0.019940784201025966 -0.36994911730289454 -1.5618142485618589 1.0000000180025095e-35 -0.12411308661103247 -1.4589665532112119
decision_type=2 2 2 2 2 2
left_child=1 -1 3 -2 -3 -4
right_child=2 4 5 -5 -6 -7
leaf_value=-0.0029742864442098014 -0.0028724442359414348 0.0061106086934173539 0.0090332159954033472 -0.01461428039491583 0.00090785227495612797 -0.001292437867643144
leaf_weight=246.33482833206654 393.31628027558327 550.22070959210396 45.786864310503006 94.01422405615449 667.76195573806763 518.82541636377573
leaf_count=525 904 1083 107 392 1256 961
internal_value=9.50339e-05 0.00223445 -0.00281321 -0.00574273 0.0033674 -7.20673e-05
internal_weight=2516.26 1464.32 1051.94 487.331 1217.98 564.612
internal_count=5228 2864 2364 1296 2339 1068
is_linear=0
shrinkage=0.03


Tree=16
num_leaves=7
num_cat=0
split_feature=0 2 2 2 0 4
split_gain=14.8094 6.90173 6.68895 12.1776 6.51057 4.31021
threshold=-1.5618142485618589 0.14675451070070269 -0.37809583544731135 -0.030377040617167946 -1.6313886642456052 1.0000000180025095e-35
decision_type=2 2 2 2 2 2
left_child=1 4 -2 -4 -1 -3
right_child=2 5 3 -5 -6 -7
leaf_value=-4.89732895022245e-05 -0.0046683042671230076 -0.0087689207636635954 0.0062463769146075387 4.1276244414821155e-05 -0.0086606685870706055 -0.00054680151373871864
leaf_weight=838.82634140178561 91.372605204582214 189.36606656014919 518.5405720770359 646.33501703292131 69.049774259328842 105.49942444264889
leaf_count=1868 182 594 919 1203 158 250
internal_value=0 -0.00236994 0.00224996 0.00291291 -0.000941171 -0.00623929
internal_weight=2458.99 1202.74 1256.25 1164.88 907.876 294.865
internal_count=5174 2870 2304 2122 2026 844
is_linear=0
shrinkage=0.03


Tree=17
num_leaves=7
num_cat=0
split_feature=0 3 3 3 2 2
split_gain=13.1309 10.3809 14.5766 14.25 6.26575 6.33386
threshold=-1.4725311398506162 -1.1404416561126707 -1.8329066634178159 -0.18604782223701474 -0.36994911730289454 -0.18319222331047055
decision_type=2 2 2 2 2 2
left_child=1 2 -1 -3 -2 -6
right_child=4 3 -4 -5 5 -7
leaf_value=0.0021778380430786492 -0.0038903807605654415 0.003859322925670019 -0.0083656921260031689 -0.0039440846215473627 0.0084211138193719046 0.00218050968379447
leaf_weight=154.17482558637857 92.598451174795628 462.34281565248966 337.11733680218458 351.36647297814488 178.58084067702293 877.04138123244047
leaf_count=352 180 1019 759 978 325 1588
internal_value=0.000395773 -0.00162369 -0.00498386 0.000403997 0.00273084 0.00342897
internal_weight=2453.22 1305 491.292 813.709 1148.22 1055.62
internal_count=5201 3108 1111 1997 2093 1913
is_linear=0
shrinkage=0.03


Tree=18
num_leaves=7
num_cat=0
split_feature=0 1 1 0 0 7
split_gain=15.7143 8.49057 5.44384 4.10717 3.89519 3.55659
threshold=-1.4663750529289243 0.33186991512775427 0.38960413634777075 -1.0899857878684995 -2.4318996667861934 1.0000000180025095e-35
decision_type=2 2 2 2 2 2
left_child=2 5 4 -3 -1 -2
right_child=1 3 -4 -5 -6 -7
leaf_value=0.0022503976116613473 0.0025575971457611423 0.0017406177945464185 -0.0074487678686904956 -0.0076726866590394339 -0.0018171516531499039 0.0067177135324184211
leaf_weight=241.83559366315603 662.06038811057806 50.61064276099205 113.93937340378761 71.030607223510742 949.55767067149282 331.20247070491314
leaf_count=550 1210 105 313 147 2276 596
internal_value=0.000556457 0.00316165 -0.00163754 -0.00363978 -0.000918446 0.00410921
internal_weight=2420.24 1114.9 1305.33 121.641 1191.39 993.263
internal_count=5197 2058 3139 252 2826 1806
is_linear=0
shrinkage=0.03


Tree=19
num_leaves=7
num_cat=0
split_feature=1 0 3 3 2 2
split_gain=13.9977 8.5371 8.95811 7.51029 2.93821 2.79784
threshold=0.19041292369365695 -1.5753049850463865 -1.5787529945373533 0.25306178629398351 -0.078407462686300264 0.071439381688833251
decision_type=2 2 2 2 2 2
left_child=1 3 -3 -1 -2 -6
right_child=4 2 -4 -5 5 -7
leaf_value=0 0.001404301060102397 -0.0025754224185904877 0.0042009441624071518 -0.0073478672525912232 -0.011498444182403375 -0.0039283504403117937
leaf_weight=790.96619212627411 42.540466457605362 198.78798788785934 777.47236881405115 131.36899614334106 54.62703712284565 431.16022031381726
leaf_count=1781 87 399 1413 389 118 1092
internal_value=-0.000396402 0.000788399 0.0027369 -0.00122467 -0.00463698 -0.00531925
internal_weight=2426.92 1898.6 976.26 922.335 528.328 485.787
internal_count=5279 3982 1812 2170 1297 1210
is_linear=0
shrinkage=0.03


Tree=20
num_leaves=7
num_cat=0
split_feature=3 2 5 1 2 1
split_gain=8.43631 7.85013 10.4 8.8144 7.63935 6.3376
threshold=0.49912735819816595 0.028640219941735271 1.0000000180025095e-35 -0.36010172963142389 -0.25924241542816157 0.090599097311496748
decision_type=2 2 2 2 2 2
left_child=1 3 -3 -1 -2 -6
right_child=4 2 -4 -5 5 -7
leaf_value=-0.0025585215708156454 0.0039975340849065719 0.0001295785771010595 -0.0085799868090832669 0.0036016912233709777 -0.012043619446210845 -0.00051876557442663465
leaf_weight=233.22652851045132 47.375759333372116 729.76805863529444 125.43899742513895 1042.3921262547374 100.33998676389456 87.609391782432795
leaf_count=482 128 1540 454 2088 258 237
internal_value=0.000281623 0.00091491 -0.00124623 0.00240698 -0.00484017 -0.00752661
internal_weight=2366.15 2130.83 855.207 1275.62 235.325 187.949
internal_count=5187 4564 1994 2570 623 495
is_linear=0
shrinkage=0.03


Tree=21
num_leaves=7
num_cat=0
split_feature=1 0 3 3 3 0
split_gain=9.33388 10.5958 8.72101 6.77261 4.08873 2.46509
threshold=0.37393912672996527 -1.4663750529289243 -1.5868133306503294 -2.0433269739150997 -1.0237202644348142 -1.4091066122055051
decision_type=2 2 2 2 2 2
left_child=1 3 -3 -1 -2 -6
right_child=4 2 -4 -5 5 -7
leaf_value=0.007495274838140443 0 -0.0023098110911321714 0.0042871648798986943 -0.0018328341739933373 -0.002925864047214823 -0.013812202315804878
leaf_weight=53.159566909074783 78.66089191287756 202.94342716038227 820.83666929602623 1103.6584691368043 72.270130671560764 45.400799408555031
leaf_count=125 171 407 1509 2686 236 106
internal_value=8.18436e-05 0.000690139 0.00290276 -0.0012331 -0.00583616 -0.00895831
internal_weight=2376.93 2180.6 1023.78 1156.82 196.332 117.671
internal_count=5240 4727 1916 2811 513 342
is_linear=0
shrinkage=0.03


Tree=22
num_leaves=5
num_cat=0
split_feature=0 1 3 0
split_gain=8.84512 9.01127 9.22044 6.10242
threshold=0.14540544152259829 -0.071221359074115739 -1.570833623409271 -0.48781473934650416
decision_type=2 2 2 2
left_child=1 2 -1 -3
right_child=-2 3 -4 -5
leaf_value=-0.0032403351144073482 0.01186532802053848 -0.00085181258430399112 0.003713696067584401 -0.008733326929482128
leaf_weight=191.88989769667387 39.262507647275925 1243.1874669753015 793.40064655989408 79.129566818475723
leaf_count=455 69 2849 1685 153
internal_value=0.000412176 9.12519e-05 0.00226216 -0.00149125
internal_weight=2346.87 2307.61 985.291 1322.32
internal_count=5211 5142 2140 3002
is_linear=0
shrinkage=0.03


Tree=23
num_leaves=7
num_cat=0
split_feature=2 0 2 0 2 0
split_gain=11.3551 12.9527 5.37818 4.60922 10.0058 4.3719
threshold=0.15054602175951007 -1.2100432515144346 0.49600733816623693 -1.4725311398506162 -0.37809583544731135 -1.7922525405883787
decision_type=2 2 2 2 2 2
left_child=3 -2 -3 5 -5 -1
right_child=1 2 -4 4 -6 -7
leaf_value=0.00079938424123003041 -0.0070049848340452804 0.0041282011288352937 -0.0059682394670239145 -0.0057926936044180952 0.0038715353285780096 -0.0034803599043090666
leaf_weight=656.82142121344805 391.37944142892957 179.96368522197008 39.779480457305908 89.179576680064201 684.55307031422853 288.14292843639851
leaf_count=1565 1081 363 83 179 1296 667
internal_value=-0.000361366 -0.00382334 0.00170479 0.00086493 0.00256416 -0.000488524
internal_weight=2329.82 611.123 219.743 1718.7 773.733 944.964
internal_count=5234 1527 446 3707 1475 2232
is_linear=0
shrinkage=0.03


Tree=24
num_leaves=7
num_cat=0
split_feature=2 3 3 1 0 1
split_gain=15.1433 9.67065 12.1165 5.31207 4.55376 4.4594
threshold=0.022700300440192226 -0.19775586575269696 -1.570833623409271 0.38960413634777075 -0.83705812692642201 0.34251438081264501
decision_type=2 2 2 2 2 2
left_child=1 2 -1 5 -5 -2
right_child=3 -3 -4 4 -6 -7
leaf_value=-0.001660834909389041 -0.0024035230869684883 -0.0019914435776773026 0.0055063125245228134 -0.0096146549849912537 0.00073324380182016339 0.0052933902807646011
leaf_weight=271.11768359690905 709.51554135605693 375.6281325891614 719.37892484664917 143.27612658962607 33.008657693862915 51.695484917610884
leaf_count=623 1719 866 1396 395 75 127
internal_value=-4.51832e-05 0.00193336 0.00349111 -0.00297116 -0.00749409 -0.00168187
internal_weight=2303.62 1366.12 990.497 937.496 176.285 761.211
internal_count=5201 2885 2019 2316 470 1846
is_linear=0
shrinkage=0.03


Tree=25
num_leaves=7
num_cat=0
split_feature=0 1 3 3 3 0
split_gain=12.5399 7.76719 7.66541 6.70734 5.52407 5.44767
threshold=-1.5618142485618589 0.11755573004484178 0.28277757763862615 -1.1404416561126707 -0.78353339433670033 -1.135949373245239
decision_type=2 2 2 2 2 2
left_child=2 4 3 -1 -2 -3
right_child=1 5 -4 -5 -6 -7
leaf_value=-0.004108986019657564 0.0057875767014160051 0.002245536017599384 -0.0084219484588500017 0.00075602240787959465 0.00063447022760766366 -0.0048638825274442288
leaf_weight=425.31883021444082 431.64695063978434 147.46009591221809 151.27078941836953 548.45654252171516 378.68580502271652 194.77676291763783
leaf_count=1036 847 326 512 1335 728 398
internal_value=-0.000228146 0.00192593 -0.00248241 -0.00134844 0.00352497 -0.00168015
internal_weight=2277.62 1152.57 1125.05 973.775 810.333 342.237
internal_count=5182 2299 2883 2371 1575 724
is_linear=0
shrinkage=0.03


Tree=26
num_leaves=7
num_cat=0
split_feature=0 3 3 3 3 4
split_gain=9.35108 8.48672 9.1024 8.84714 7.58597 4.11376
threshold=-1.203863203525543 -0.53073513507843006 0.19978705793619159 -1.5370361804962156 0.25306178629398351 1.0000000180025095e-35
decision_type=2 2 2 2 2 2
left_child=4 3 -3 -2 5 -1
right_child=1 2 -4 -5 -6 -7
leaf_value=-0.00084116666679055904 5.7801066783761509e-05 -0.005571001818141936 0.0047560494838394356 0.0089422565150747875 -0.0054243077034594718 0.0026948167227203003
leaf_weight=968.24086037650704 173.31368336081505 144.9570531770587 121.24616886675358 279.50315653532743 235.39633816108108 399.17704413831234
leaf_count=2238 359 287 242 528 725 932
internal_value=0.000578686 0.00338584 -0.000654089 0.00581495 -0.000669835 0.00017178
internal_weight=2321.83 719.02 266.203 452.817 1602.81 1367.42
internal_count=5311 1416 529 887 3895 3170
is_linear=0
shrinkage=0.03


Tree=27
num_leaves=7
num_cat=0
split_feature=2 2 5 3 6 2
split_gain=10.3055 7.30638 6.2767 6.17646 5.46252 5.24787
threshold=0.022700300440192226 -0.36994911730289454 1.0000000180025095e-35 -0.17414048314094541 1.0000000180025095e-35 0.074352204799652113
decision_type=2 2 2 2 2 2
left_child=1 4 5 -3 -1 -2
right_child=2 3 -4 -5 -6 -7
leaf_value=0 -0.0063909398162867665 0.0040687983087882469 -0.0076402257006298281 -0.0009126738120230158 -0.0094240100446663245 0
leaf_weight=170.65935875475407 119.61796906590462 810.7253939807415 152.07355159148574 273.36003767699003 58.297144249081612 656.82336738333106
leaf_count=404 263 1696 571 634 139 1511
internal_value=0 0.00171045 -0.00238048 0.00276456 -0.00286076 -0.00110898
internal_weight=2241.56 1313.04 928.515 1084.09 228.957 776.441
internal_count=5218 2873 2345 2330 543 1774
is_linear=0
shrinkage=0.03


Tree=28
num_leaves=7
num_cat=0
split_feature=3 2 3 2 1 3
split_gain=7.33222 13.291 14.2455 10.9013 7.55555 4.94446
threshold=-1.5370361804962156 0.0058785791043192157 -0.19775586575269696 -0.1613783314824104 0.12084056064486505 -1.7870308160781858
decision_type=2 2 2 2 2 2
left_child=3 2 -2 5 -3 -1
right_child=1 4 -4 -5 -6 -7
leaf_value=-0.0021855041974743949 0.0057360793678376317 0.0010866768494806717 -0.0016261608544563468 -0.00010466349533136455 -0.0046696188818831433 -0.015495942753069069
leaf_weight=66.328195877373219 658.12331549823284 354.28325954452157 335.50289019197226 338.48338177800179 411.42195661738515 58.814927630126476
leaf_count=165 1324 841 811 769 1122 154
internal_value=7.27198e-06 0.000923838 0.00320795 -0.00324114 -0.00197002 -0.0101278
internal_weight=2222.96 1759.33 993.626 463.627 765.705 125.143
internal_count=5186 4098 2135 1088 1963 319
is_linear=0
shrinkage=0.03


Tree=29
num_leaves=7
num_cat=0
split_feature=1 0 0 3 3 3
split_gain=16.8875 8.50319 5.97439 5.72456 4.6481 1.55875
threshold=0.29781861603260046 -1.9147911667823789 -2.4928849935531612 -1.5868133306503294 -1.5868133306503294 0.11179424077272417
decision_type=2 2 2 2 2 2
left_child=1 2 -1 -2 -3 -5
right_child=3 4 -4 5 -6 -7
leaf_value=0.0039394963192857782 0.0013667553548584455 -0.00039630161651843532 -0.0026452810661357065 -0.0095751727133005227 0.0040190191561535063 -0.0019435902957864249
leaf_weight=140.543487675488 59.270686104893684 233.75739572197199 482.40216325595975 157.45876373723149 1057.3426628224552 67.410155467689037
leaf_count=347 128 527 1260 428 2266 217
internal_value=0.000744761 0.00179559 -0.000990028 -0.00578926 0.00318 -0.00787804
internal_weight=2198.19 1914.05 622.946 284.14 1291.1 224.869
internal_count=5173 4400 1607 773 2793 645
is_linear=0
shrinkage=0.03


Tree=30
num_leaves=7
num_cat=0
split_feature=1 0 3 1 7 0
split_gain=11.3445 4.85491 7.2317 6.85969 2.87276 3.67551
threshold=0.37393912672996527 -1.4765747189521787 -1.1404416561126707 0.12084056064486505 1.0000000180025095e-35 -2.1428008079528804
decision_type=2 2 2 2 2 2
left_child=1 2 -1 -3 5 -2
right_child=4 3 -4 -5 -6 -7
leaf_value=-0.0038980290063334489 -0.00032646208281444716 0.0035513582510775135 0.0010469419111049996 -0.0021567578340409062 -0.00036342927460467756 -0.012297487727405189
leaf_weight=405.82149718701839 45.007688440382481 713.25092529132962 665.52703627943993 226.43407305330038 65.476895421743393 82.915219098329544
leaf_count=1036 140 1436 1732 469 138 265
internal_value=-0.00013824 0.000527013 -0.000808319 0.00209708 -0.00673799 -0.00910489
internal_weight=2204.43 2011.03 1071.35 939.685 193.4 127.923
internal_count=5216 4673 2768 1905 543 405
is_linear=0
shrinkage=0.03


Tree=31
num_leaves=7
num_cat=0
split_feature=1 0 0 1 7 0
split_gain=7.15942 4.89218 5.50541 5.2856 2.82415 5.39738
threshold=0.37393912672996527 -1.4663750529289243 -2.5612887144088741 0.11755573004484178 1.0000000180025095e-35 -2.1428008079528804
decision_type=2 2 2 2 2 2
left_child=1 2 -1 -3 5 -2
right_child=4 3 -4 -5 -6 -7
leaf_value=0.0063217372312900141 0 0.0034405066910125205 -0.0014351964666578735 -0.0015067667523328977 0 -0.01165499876476698
leaf_weight=67.893066689372063 43.037438865751028 700.68003183975816 1006.3471163511276 233.62685407698154 61.921109646558762 77.354324817657471
leaf_count=169 137 1415 2634 481 135 267
internal_value=0 0.000552107 -0.000783533 0.0021349 -0.00536588 -0.00771988
internal_weight=2190.86 2008.55 1074.24 934.307 182.313 120.392
internal_count=5238 4699 2803 1896 539 404
is_linear=0
shrinkage=0.03


Tree=32
num_leaves=7
num_cat=0
split_feature=7 2 2 2 2 1
split_gain=4.73005 11.3616 5.11507 5.04237 2.81184 0.216436
threshold=1.0000000180025095e-35 -0.41794314980506891 0.54939743876457225 0.22432482242584231 -0.53548407554626454 0.5758018195629121
decision_type=2 2 2 2 2 2
left_child=2 -2 4 -3 -1 -4
right_child=1 3 5 -5 -6 -7
leaf_value=0.0055359650032583288 -0.008921303436098595 0.0056203523498222028 -0.010108765248057134 -0.00074157824726544023 -0.0002320019955233539 -0.0012643445095534358
leaf_weight=60.07830898463726 45.887920595705509 427.88986544311047 27.720354732125998 122.79665520787239 1428.7205187082291 29.015035562217236
leaf_count=153 116 921 81 258 3548 93
internal_value=0.00053024 0.002763 -0.000317566 0.00412031 3.12863e-05 -0.00787597
internal_weight=2142.11 596.574 1545.53 550.687 1488.8 56.7354
internal_count=5170 1295 3875 1179 3701 174
is_linear=0
shrinkage=0.03


Tree=33
num_leaves=7
num_cat=0
split_feature=3 3 7 1 7 3
split_gain=6.44906 11.9245 10.873 6.64457 6.31283 16.1641
threshold=-1.5370361804962156 -0.95986440777778614 1.0000000180025095e-35 0.34845030307769781 1.0000000180025095e-35 -1.8914484381675718
decision_type=2 2 2 2 2 2
left_child=4 2 -2 -3 5 -1
right_child=1 3 -4 -5 -6 -7
leaf_value=0.00099254693997376784 9.2760553741701147e-05 -0.00076326691379462164 0.0088824487817267418 -0.0079327956779752639 0.00026169967436970716 -0.012562572482519243
leaf_weight=126.92228787019849 335.11368396133184 1057.7518687620759 199.04170198738575 116.42464756593108 175.60279039293528 153.20006872713566
leaf_count=318 773 2540 415 381 384 410
internal_value=-0.00081733 7.94179e-06 0.00367869 -0.00164535 -0.00390734 -0.00656403
internal_weight=2164.06 1708.33 534.155 1174.18 455.725 280.122
internal_count=5221 4109 1188 2921 1112 728
is_linear=0
shrinkage=0.03


Tree=34
num_leaves=7
num_cat=0
split_feature=0 1 1 0 0 3
split_gain=12.143 5.89251 6.05122 4.57104 4.38169 4.95103
threshold=-1.5522954463958738 0.16964568942785266 -0.36685000360012049 -0.92091274261474598 -2.6104525327682491 0.22119855880737307
decision_type=2 2 2 2 2 2
left_child=4 2 -2 -3 -1 -6
right_child=1 3 -4 -5 5 -7
leaf_value=0.0054414395747219351 -0.0024718056703041317 0.0017698936694200212 0.0046690703655323518 -0.0057167939295491967 -0.0014595506528625355 -0.0073247354453192769
leaf_weight=43.860819630324841 100.25203224271536 146.1950838342309 720.58671493455768 104.33636254817247 878.15984981879592 147.9190269857645
leaf_count=109 230 364 1468 228 2280 521
internal_value=0.00019922 0.00245925 0.00368752 -0.00131836 -0.00201238 -0.00248631
internal_weight=2141.31 1071.37 820.839 250.531 1069.94 1026.08
internal_count=5200 2290 1698 592 2910 2801
is_linear=0
shrinkage=0.03


Tree=35
num_leaves=7
num_cat=0
split_feature=1 3 3 1 3 3
split_gain=5.11921 3.12243 2.66831 4.69342 4.15864 0.53418
threshold=0.37393912672996527 -1.0595166683197019 0.28277757763862615 -0.096446324139833436 -1.5370361804962156 -0.4412234872579574
decision_type=2 2 2 2 2 2
left_child=2 -2 4 -4 -1 -3
right_child=1 5 3 -5 -6 -7
leaf_value=-0.0010871144714029767 0.00016025933099514587 -0.010097828586045247 -0.0056179634485450155 0.0015755808361888608 0.0022411147617130453 -0.0026831345541474534
leaf_weight=416.02847743779421 72.335371341556311 38.381986372172832 125.40719190984964 152.16096121072769 1276.4624429605901 73.617994502186775
leaf_count=1038 176 124 361 404 2924 257
internal_value=0.000432279 -0.004042 0.000917495 -0.00163203 0.00138483 -0.00682364
internal_weight=2154.39 184.335 1970.06 277.568 1692.49 112
internal_count=5284 557 4727 765 3962 381
is_linear=0
shrinkage=0.03


Tree=36
num_leaves=6
num_cat=0
split_feature=1 1 7 7 2
split_gain=5.57591 3.4419 4.48408 2.79004 0.225018
threshold=0.38960413634777075 0.34251438081264501 1.0000000180025095e-35 1.0000000180025095e-35 0.53714558482170116
decision_type=2 2 2 2 2
left_child=1 2 -1 4 -2
right_child=3 -3 -4 -5 -6
leaf_value=-0.00023522847146610409 -0.0025197889045806914 0.0075882278050251849 0.0029421489104812905 0 -0.0096398067769841236
leaf_weight=1387.5607752390206 58.526809152215719 48.819508969783783 525.13246865570545 60.386730514466763 44.434967875480652
leaf_count=3453 222 132 1143 129 146
internal_value=0.000421138 0.000905864 0.000627499 -0.00453616 -0.00714866
internal_weight=2124.86 1961.51 1912.69 163.349 102.962
internal_count=5225 4728 4596 497 368
is_linear=0
shrinkage=0.03


Tree=37
num_leaves=7
num_cat=0
split_feature=2 3 3 0 3 4
split_gain=11.6429 7.0985 8.17327 7.39795 6.61418 8.45002
threshold=0.18952205777168277 -1.2779197096824644 -0.17414048314094541 -2.3677693605422969 -1.3402059078216551 1.0000000180025095e-35
decision_type=2 2 2 2 2 2
left_child=1 3 -3 -1 -2 -6
right_child=4 2 -4 -5 5 -7
leaf_value=-0.0091932461114119356 0.00093302355821273466 0.0043102443145653707 -0.00079986163213683367 0 -0.0087419096499117641 0.002138935868997226
leaf_weight=77.675622120499611 134.55285209044814 725.56084091588855 415.86102609708905 435.60444691777229 261.92595550790429 63.804101660847664
leaf_count=203 327 1602 1106 1054 774 180
internal_value=-6.51243e-05 0.001088 0.00241507 -0.0017305 -0.00420818 -0.00643658
internal_weight=2114.98 1654.7 1141.42 513.28 460.283 325.73
internal_count=5246 3965 2708 1257 1281 954
is_linear=0
shrinkage=0.03


Tree=38
num_leaves=7
num_cat=0
split_feature=0 0 3 3 3 0
split_gain=6.00725 9.80534 12.961 10.6248 6.36839 9.39829
threshold=-1.4725311398506162 -0.94218420982360829 0.65669724345207225 -1.5370361804962156 -1.1055967211723325 -1.7485793828964231
decision_type=2 2 2 2 2 2
left_child=4 2 -2 -3 5 -1
right_child=1 3 -4 -5 -6 -7
leaf_value=-0.0016384254774446853 0.0056544611168966811 -0.0097833715136516983 -0.0084347438585714671 0.00078281680557988186 0.00012889276895096497 -0.012213316961881087
leaf_weight=346.94843667373061 514.32593545690179 91.506071627140045 45.048470012843609 325.6749070212245 701.95970052853227 87.725826852023602
leaf_count=914 1129 205 103 682 1965 224
internal_value=-8.03956e-05 0.00159786 0.00416425 -0.00173911 -0.00157686 -0.00434796
internal_weight=2113.19 976.555 559.374 417.181 1136.63 434.674
internal_count=5222 2119 1232 887 3103 1138
is_linear=0
shrinkage=0.03


Tree=39
num_leaves=7
num_cat=0
split_feature=1 1 4 0 7 1
split_gain=9.26489 6.24322 5.32995 5.2147 4.94319 3.6426
threshold=0.19041292369365695 0.08701274544000627 1.0000000180025095e-35 -2.1935175657272334 1.0000000180025095e-35 0.4051524698734284
decision_type=2 2 2 2 2 2
left_child=1 4 -2 -3 -1 -4
right_child=2 3 5 -5 -6 -7
leaf_value=-0.0007810609066565764 -0.0055255067784932424 -0.0028080376563991783 0.0047988434986072723 0.0071387695692967752 0.0031990511973100824 -0.004503323947917642
leaf_weight=1011.8155005387962 334.51250956207514 38.305332019925117 82.5484669059515 212.47636338695884 362.11931653320789 36.439730003476143
leaf_count=2501 945 110 214 472 820 109
internal_value=3.40606e-05 0.00112626 -0.00363445 0.00530269 0.000255757 0.00128031
internal_weight=2078.22 1624.72 453.501 250.782 1373.93 118.988
internal_count=5171 3903 1268 582 3321 323
is_linear=0
shrinkage=0.03


Tree=40
num_leaves=7
num_cat=0
split_feature=0 1 4 0 2 1
split_gain=6.4598 8.33153 5.61293 4.22577 3.11748 5.71267
threshold=-1.4663750529289243 -0.36685000360012049 1.0000000180025095e-35 -0.93068662285804737 0.033286549150943763 0.11226525902748109
decision_type=2 2 2 2 2 2
left_child=4 3 -3 -2 5 -1
right_child=1 2 -4 -5 -6 -7
leaf_value=-0.0014015233418174964 -0.010369858070663743 0.0039283853978725157 -0.0017869765036949907 0.0005629121859604938 -0.0035803049721642192 0.0060239820811807581
leaf_weight=620.93795169889927 51.589543715119362 689.8788172788918 168.87780885398388 36.560654990375042 421.10945280641317 88.294627774506807
leaf_count=1602 123 1476 382 78 1333 210
internal_value=-4.03425e-05 0.00173814 0.00272107 -0.0060151 -0.00158669 -0.000254959
internal_weight=2077.25 946.907 858.757 88.1502 1130.34 709.233
internal_count=5204 2059 1858 201 3145 1812
is_linear=0
shrinkage=0.03


Tree=41
num_leaves=7
num_cat=0
split_feature=2 2 4 5 3 3
split_gain=5.1533 8.28956 6.02114 4.57458 1.88484 2.22888
threshold=-0.015598172321915625 -0.36994911730289454 1.0000000180025095e-35 1.0000000180025095e-35 1.0938266515731814 -1.8491197824478147
decision_type=2 2 2 2 2 2
left_child=1 3 -3 -1 5 -2
right_child=4 2 -4 -5 -6 -7
leaf_value=-0.0057721311757515182 0.0019221714327941574 0.0044176672813404164 -0.0010756894405898737 0.0029688148857577421 0.0034672614409212541 -0.0021494659017100453
leaf_weight=157.6235196441412 110.12655774876475 677.97661792114377 211.09316227585077 52.620244339108467 46.650231067091227 813.75885989516973
leaf_count=417 263 1574 513 135 149 2168
internal_value=0.000341774 0.0017557 0.0030524 -0.00325598 -0.0012023 -0.00157012
internal_weight=2069.85 1099.31 889.07 210.244 970.536 923.885
internal_count=5219 2639 2087 552 2580 2431
is_linear=0
shrinkage=0.03


Tree=42
num_leaves=7
num_cat=0
split_feature=1 3 7 3 3 2
split_gain=8.5902 6.58076 4.00348 3.25576 2.78789 5.19986
threshold=0.1991575285792351 -0.1615224555134773 1.0000000180025095e-35 1.4462573528289797 -1.6220871210098264 0.30212613940238958
decision_type=2 2 2 2 2 2
left_child=1 2 -1 -3 5 -2
right_child=4 3 -4 -5 -6 -7
leaf_value=0.00021883975692053701 0.0062821019793089785 -0.0036544590798666238 0.0039953976638404465 0.0038491931334138914 -0.0055756483322474378 -0.0060756670528304977
leaf_weight=838.04429330676794 44.074231542646885 394.68097679689527 368.79140950366855 35.391168627887964 333.3992832377553 38.276238933205605
leaf_count=2037 111 1054 823 95 999 91
internal_value=-0.000657634 0.000301119 0.00146813 -0.00276005 -0.00441073 0
internal_weight=2052.66 1636.91 1206.84 430.072 415.75 82.3505
internal_count=5210 4009 2860 1149 1201 202
is_linear=0
shrinkage=0.03


Tree=43
num_leaves=7
num_cat=0
split_feature=2 3 3 3 0 4
split_gain=5.97472 7.0798 13.5719 10.1396 3.6677 4.93677
threshold=0.019940784201025966 -1.5370361804962156 -1.990919768810272 -0.19775586575269696 -1.2100432515144346 1.0000000180025095e-35
decision_type=2 2 2 2 2 2
left_child=1 2 -1 -3 5 -2
right_child=4 3 -4 -5 -6 -7
leaf_value=0.0067601238888322047 -0.0051853111261540887 0.0046237178631869614 -0.0074078769251239625 -0.0016886771630176616 0.00064233402374910494 0.00051025648951017128
leaf_weight=66.801799714565277 384.76058852672577 644.45114133134484 173.83787767216563 319.37294368445873 279.50601242482662 174.75570179149508
leaf_count=167 1188 1402 478 834 637 490
internal_value=-1.79523e-05 0.00129853 -0.00302769 0.00247925 -0.00196392 -0.00334664
internal_weight=2043.49 1204.46 240.64 963.824 839.022 559.516
internal_count=5196 2881 645 2236 2315 1678
is_linear=0
shrinkage=0.03


Tree=44
num_leaves=7
num_cat=0
split_feature=3 2 2 2 7 3
split_gain=6.2032 6.60978 8.75525 8.11428 5.42856 10.1961
threshold=-0.19775586575269696 -0.16663904488086698 0.44454176723957067 -0.26519255340099329 1.0000000180025095e-35 -0.6763232648372649
decision_type=2 2 2 2 2 2
left_child=4 3 -3 -2 5 -1
right_child=1 2 -4 -5 -6 -7
leaf_value=-0.0021778672139910792 -0.0013976797096165578 0.0013017191376535199 -0.010274316977975593 -0.015372535229159764 0.0035060291772945709 0.0044440779736907767
leaf_weight=728.82565961778164 109.17819968611002 354.40801911428571 49.237161230295897 52.891560450196266 476.76728637516499 268.89529744535685
leaf_count=1892 302 987 164 142 1083 652
internal_value=-6.3274e-05 -0.00270621 -0.000387094 -0.00747558 0.000933236 -0.000281973
internal_weight=2040.2 565.715 403.645 162.07 1474.49 997.721
internal_count=5222 1595 1151 444 3627 2544
is_linear=0
shrinkage=0.03


Tree=45
num_leaves=7
num_cat=0
split_feature=2 2 5 0 4 2
split_gain=8.23876 7.84059 9.97954 5.43237 6.43704 4.05864
threshold=0.028640219941735271 -0.36994911730289454 1.0000000180025095e-35 -2.2729941606521602 1.0000000180025095e-35 -0.059077348560094826
decision_type=2 2 2 2 2 2
left_child=1 2 -1 4 -2 -3
right_child=3 5 -4 -5 -6 -7
leaf_value=-0.0069991290649954116 -0.011436783369813961 0.0015693581188641556 0.0065047586899180197 -0.00056002450311733838 0 0.0058839633463275013
leaf_weight=150.04345797374845 83.686539173126221 707.34188890457153 47.402903541922569 674.90949242562056 74.448759403079748 305.15378392487764
leaf_count=409 299 1718 125 1820 195 691
internal_value=0.000328346 0.00192118 -0.00318109 -0.0019056 -0.00660395 0.00301663
internal_weight=2042.99 1209.94 197.446 833.045 158.135 1012.5
internal_count=5257 2943 534 2314 494 2409
is_linear=0
shrinkage=0.03


Tree=46
num_leaves=7
num_cat=0
split_feature=0 0 3 1 3 0
split_gain=7.50931 9.25471 8.38175 7.18667 9.65006 5.69716
threshold=-1.203863203525543 -1.1506561040878294 -0.52142193913459767 -0.037750653922557824 -1.2492590546607969 -1.4334943890571592
decision_type=2 2 2 2 2 2
left_child=3 -2 -3 4 -1 -5
right_child=1 2 -4 5 -6 -7
leaf_value=-0.0041129406614932376 0.013744690091375253 0.004158467596284003 -0.0030689663444184601 -0.0016725008283080107 0.0033737941722344757 -0.008538989545345245
leaf_weight=200.90938299894333 44.205630756914616 360.63632855936885 206.24764527380466 598.80359246581793 478.7317066565156 129.90444040298462
leaf_count=565 100 808 474 1746 1225 309
internal_value=5.39623e-05 0.00280626 0.00141172 -0.00112084 0.00102057 -0.00317211
internal_weight=2019.44 611.09 566.884 1408.35 679.641 728.708
internal_count=5227 1382 1282 3845 1790 2055
is_linear=0
shrinkage=0.03


Tree=47
num_leaves=7
num_cat=0
split_feature=1 3 3 3 2 2
split_gain=6.17664 3.93853 7.43698 6.33342 1.09459 3.12737
threshold=0.37393912672996527 -1.570833623409271 -0.5023394227027892 -1.8329066634178159 0.41886904835700994 0.53714558482170116
decision_type=2 2 2 2 2 2
left_child=1 3 -3 -1 -2 -6
right_child=4 2 -4 -5 5 -7
leaf_value=0.001545343893951339 -0.0073060513035757583 0.0035619082127832415 -0.0006038617294964007 -0.0060107476392281603 0.0041688396189375372 -0.0051112114705093338
leaf_weight=201.31260596588254 73.302908524870872 822.61625307425857 663.26781668141484 153.44184743613005 31.319858338683844 59.762412691488862
leaf_count=508 249 1947 1763 448 101 187
internal_value=0.000440882 0.000982572 0.00167923 -0.00170915 -0.00474775 -0.00120396
internal_weight=2005.02 1840.64 1485.88 354.754 164.385 91.0823
internal_count=5203 4666 3710 956 537 288
is_linear=0
shrinkage=0.03


Tree=48
num_leaves=7
num_cat=0
split_feature=1 2 2 2 2 2
split_gain=6.14402 9.30451 4.37882 3.03712 7.29842 2.44401
threshold=-0.15701249241828916 -0.36994911730289454 0.033286549150943763 -0.33243702352046961 -0.25924241542816157 -0.61932489275932301
decision_type=2 2 2 2 2 2
left_child=1 5 -3 -2 -5 -1
right_child=3 2 -4 4 -6 -7
leaf_value=0.0017380223319082917 -0.0082096007975801886 0.0058179363091968618 -0.0023410517681329073 0.0090891553394602653 -0.0014015828104041513 -0.005036053086140648
leaf_weight=41.956338405609131 36.873103931546211 377.02806370705366 47.020159006118774 41.546647891402245 1313.7825555801392 131.98732989281416
leaf_count=117 100 937 130 92 3455 359
internal_value=-0.000140113 0.00232244 0.00471342 -0.00125825 -0.000908873 -0.003082
internal_weight=1990.19 597.992 424.048 1392.2 1355.33 173.944
internal_count=5190 1543 1067 3647 3547 476
is_linear=0
shrinkage=0.03


Tree=49
num_leaves=7
num_cat=0
split_feature=0 1 2 3 3 1
split_gain=8.98647 7.76227 9.54279 5.69817 11.1246 8.81815
threshold=-1.4725311398506162 0.11755573004484178 -0.36994911730289454 -1.1404416561126707 -0.18604782223701474 0.042347215116024024
decision_type=2 2 2 2 2 2
left_child=3 2 -2 5 -5 -1
right_child=1 -3 -4 4 -6 -7
leaf_value=-0.0085328180438443545 -0.0052007715558191553 -0.0021606790097922542 0.0051310489655335707 0.0026794496982942614 -0.0048591151056013018 0.00016125887180438244
leaf_weight=227.5776533856988 71.574608013033867 265.88925189897418 548.21860852092505 402.6758043076843 279.72001883760095 158.17878378927708
leaf_count=658 180 638 1240 1039 972 435
internal_value=-0.000296911 0.00187879 0.00371886 -0.00215745 -0.000375622 -0.00498773
internal_weight=1953.83 885.682 619.793 1068.15 682.396 385.756
internal_count=5162 2058 1420 3104 2011 1093
is_linear=0
shrinkage=0.03


Tree=50
num_leaves=7
num_cat=0
split_feature=1 3 2 3 3 3
split_gain=3.7683 4.99585 3.52338 2.9979 8.36828 5.50718
threshold=0.37393912672996527 -1.0237202644348142 0.42997992038726812 -1.5370361804962156 -1.7760428190231321 -0.49323806166648859
decision_type=2 2 2 2 2 2
left_child=3 2 -2 4 -1 -5
right_child=1 -3 -4 5 -6 -7
leaf_value=0.0010784890854512511 -0.0037297611121758644 -0.0082158416051867494 0.0068970568037491891 0.0023502504454707977 -0.0076377066287074439 -0.0013227235835138714
leaf_weight=225.90579728409648 36.066913112998009 100.10880950838327 32.246507540345192 779.59485238045454 139.86121002584696 641.78751852363348
leaf_count=598 102 378 81 1864 402 1753
internal_value=-0.000398591 -0.00443453 0.00103304 0 -0.00232204 0.000654848
internal_weight=1955.57 168.422 68.3134 1787.15 365.767 1421.38
internal_count=5178 561 183 4617 1000 3617
is_linear=0
shrinkage=0.03


Tree=51
num_leaves=7
num_cat=0
split_feature=0 1 1 3 3 0
split_gain=4.86552 6.16643 4.63926 4.23369 3.71017 3.79269
threshold=-1.6646964550018308 -0.16014762222766873 -0.062675766646862016 -1.5868133306503294 0.25306178629398351 -2.0521612167358394
decision_type=2 2 2 2 2 2
left_child=4 3 -3 -2 -1 -6
right_child=1 2 -4 -5 5 -7
leaf_value=-0.00082031235269554921 -0.0016914610762374161 -0.0046119987820527454 0.0009281908757154888 0.006341088947279824 -0.00034962595902595267 -0.011264211966533638
leaf_weight=753.00638831593096 52.720585830509663 151.11140558123589 626.17587197199464 246.43490922451019 70.583771657198668 51.253386676311493
leaf_count=2099 144 357 1502 607 287 185
internal_value=-0.000107188 0.00120124 -0.000162289 0.00472022 -0.00177505 -0.006305
internal_weight=1951.29 1076.44 777.287 299.155 874.844 121.837
internal_count=5181 2610 1859 751 2571 472
is_linear=0
shrinkage=0.03


Tree=52
num_leaves=7
num_cat=0
split_feature=1 0 0 1 0 2
split_gain=7.50064 3.11373 6.57605 5.83631 2.09102 1.35474
threshold=0.24266126751899722 -1.4725311398506162 -0.94218420982360829 0.12649095803499225 -1.598382234573364 0.24450749158859256
decision_type=2 2 2 2 2 2
left_child=1 3 -3 -1 -2 -6
right_child=4 2 -4 -5 5 -7
leaf_value=-0.0015444115971554907 -0.0065529520002679184 0.0044126186393241701 -0.0011125416080327143 0.005103615333239349 0.0011135767710477866 -0.0034397060423684614
leaf_weight=762.99006202444434 159.53055419027805 432.23884390294552 303.25477755069733 118.33087813854218 77.266293317079544 96.308270946145058
leaf_count=2143 565 993 694 347 178 281
internal_value=-0.00017034 0.000655329 0.00208595 -0.000491802 -0.00415799 -0.00119723
internal_weight=1949.92 1616.81 735.494 881.321 333.105 173.575
internal_count=5201 4177 1687 2490 1024 459
is_linear=0
shrinkage=0.03


Tree=53
num_leaves=7
num_cat=0
split_feature=3 3 3 2 2 3
split_gain=6.14982 5.62974 5.62794 20.2055 7.30878 3.8077
threshold=0.3159570991992951 1.0460495948791506 -1.2668786644935606 0.21280741691589358 0.21280741691589358 0.65669724345207225
decision_type=2 2 2 2 2 2
left_child=2 5 4 -4 -1 -2
right_child=1 -3 3 -5 -6 -7
leaf_value=-0.0031705091416249862 -0.0018968971689378293 0.0012530199973210996 0.0040220725733199937 -0.0060727108453035574 0.0045217923994229159 -0.01173501447697267
leaf_weight=487.11895202845335 103.90985853224993 95.779931791126728 895.39859049767256 199.20798788778484 118.66440507024527 70.109034493565559
leaf_count=1313 327 307 2170 616 300 228
internal_value=5.14518e-05 -0.0039593 0.000761339 0.00205509 -0.00147146 -0.00697084
internal_weight=1970.19 269.799 1700.39 1094.61 605.783 174.019
internal_count=5261 862 4399 2786 1613 555
is_linear=0
shrinkage=0.03


Tree=54
num_leaves=7
num_cat=0
split_feature=2 0 0 2 1 0
split_gain=5.74713 7.2051 5.1698 5.10926 9.01687 2.85468
threshold=-0.37809583544731135 -2.1646325588226314 -0.92091274261474598 0.019940784201025966 0.11226525902748109 -2.4078719615936275
decision_type=2 2 2 2 2 2
left_child=1 -1 -3 4 -2 -5
right_child=3 2 -4 5 -6 -7
leaf_value=0.0032659712545392359 0.00087395793455917329 -0.010783650637943173 0.0010830949475270459 -0.0051110786115625799 0.0090849038017532628 -0.00013485541171474866
leaf_weight=52.812573745846748 818.08398011699319 105.77690971642733 28.469240665435791 107.07756568305194 127.72421646118164 734.02353865280747
leaf_count=158 2065 303 73 329 279 2082
internal_value=0.000129034 -0.00456891 -0.00806398 0.000699162 0.00221008 -0.000942035
internal_weight=1973.97 187.059 134.246 1786.91 945.808 841.101
internal_count=5289 534 376 4755 2344 2411
is_linear=0
shrinkage=0.03


Tree=55
num_leaves=7
num_cat=0
split_feature=2 0 2 3 0 2
split_gain=4.74898 10.3692 5.83686 8.34409 4.33178 3.51094
threshold=-0.36994911730289454 -2.2990939617156978 0.033286549150943763 0.71503853797912609 -0.87589988112449635 0.055405821651220329
decision_type=2 2 2 2 2 2
left_child=1 -1 3 -2 -3 -4
right_child=2 4 5 -5 -6 -7
leaf_value=0.0068047085889082429 0.0030468911167675881 -0.0098632868498483937 -0.0075651727285324334 -0.0066075920626329984 0.00078665724999018205 -0.00047282412192464947
leaf_weight=38.757067985832691 911.46631203219295 123.78957412391901 52.639764778316021 66.042520977556705 28.424493044614792 717.07144041918218
leaf_count=111 2232 362 146 191 69 2079
internal_value=0.000138488 -0.0040779 0.000674226 0.00221506 -0.00766572 -0.00121315
internal_weight=1938.19 190.971 1747.22 977.509 152.214 769.711
internal_count=5190 542 4648 2423 431 2225
is_linear=0
shrinkage=0.03


Tree=56
num_leaves=5
num_cat=0
split_feature=0 0 0 2
split_gain=3.53651 6.05166 4.10128 2.65054
threshold=0.085054744035005583 -0.48781473934650416 -1.4725311398506162 -0.041945988312363618
decision_type=2 2 2 2
left_child=1 2 -1 -3
right_child=-2 3 -4 -5
leaf_value=-0.0013195438277717082 0.0072507536562496653 -0.00011889778886207301 0.001551652386755034 -0.010599530842628347
leaf_weight=1070.9548532832414 32.49196720123291 48.170784547924995 734.11226110160351 55.457872197031975
leaf_count=3152 77 117 1767 134
internal_value=-0.000355274 -0.000589707 -0.000114759 -0.00702041
internal_weight=1941.19 1908.7 1805.07 103.629
internal_count=5247 5170 4919 251
is_linear=0
shrinkage=0.03


Tree=57
num_leaves=6
num_cat=0
split_feature=2 3 3 1 3
split_gain=5.87986 3.9109 4.15599 3.49671 2.99125
threshold=0.54939743876457225 -1.5370361804962156 0.65669724345207225 0.3047939687967301 -0.93703091144561756
decision_type=2 2 2 2 2
left_child=1 3 -3 -1 -2
right_child=4 2 -4 -5 -6
leaf_value=-0.0033922214957803213 0 0.0015895010733818318 -0.0033581942458069869 0.0039358639694059283 -0.010843397069062016
leaf_weight=349.67822367325425 25.315849870443344 1327.3391080237925 147.03476845100522 45.229960463941097 46.718123450875282
leaf_count=995 66 3414 484 107 164
internal_value=-5.36684e-05 0.000277019 0.00101759 -0.00225904 -0.00748233
internal_weight=1941.32 1869.28 1474.37 394.908 72.034
internal_count=5230 5000 3898 1102 230
is_linear=0
shrinkage=0.03


Tree=58
num_leaves=7
num_cat=0
split_feature=1 2 3 1 0 0
split_gain=4.94675 2.56372 8.64169 5.85812 1.30918 3.77468
threshold=0.37393912672996527 -0.36209933459758753 -1.1609007120132444 -0.12744374573230741 -2.3980263471603389 -2.0949765443801875
decision_type=2 2 2 2 2 2
left_child=1 2 -1 -3 -2 -6
right_child=4 3 -4 -5 5 -7
leaf_value=-0.010552074456218719 -0.0094736705983408456 0.0038796315660851264 0.0016607498026362086 -1.3979607058365374e-06 0.0050909659174746659 -0.0047017458727687481
leaf_weight=55.908043406903744 26.445618193596601 475.01903335750103 135.4280416443944 1091.2392411157489 26.001188270747662 106.62572628632188
leaf_count=182 86 1233 371 2887 94 362
internal_value=0.000234886 0.00074037 -0.0022848 0.0011719 -0.00447406 -0.00197325
internal_weight=1916.67 1757.59 191.336 1566.26 159.073 132.627
internal_count=5215 4673 553 4120 542 456
is_linear=0
shrinkage=0.03


Tree=59
num_leaves=5
num_cat=0
split_feature=1 1 2 7
split_gain=5.98772 5.51818 3.90122 2.56965
threshold=0.37393912672996527 0.34251438081264501 0.019940784201025966 1.0000000180025095e-35
decision_type=2 2 2 2
left_child=1 2 -1 -2
right_child=3 -3 -4 -5
leaf_value=0.001083663236141383 -0.0079356155273254732 0.0092986100445295664 -0.0018322022566384702 0
leaf_weight=1096.4446425773203 100.46633610129356 39.478812158107758 635.36087130010128 56.869526483118534
leaf_count=2827 399 104 1762 143
internal_value=-0.00017699 0.000313834 0 -0.00545323
internal_weight=1928.62 1771.28 1731.81 157.336
internal_count=5235 4693 4589 542
is_linear=0
shrinkage=0.03


Tree=60
num_leaves=7
num_cat=0
split_feature=3 1 3 7 1 4
split_gain=5.15275 6.26479 8.39947 4.58555 3.76937 2.56517
threshold=-0.17414048314094541 -0.12744374573230741 -1.5971319079399107 1.0000000180025095e-35 -0.10631336644291876 1.0000000180025095e-35
decision_type=2 2 2 2 2 2
left_child=1 2 -1 -3 -2 -6
right_child=4 3 -4 -5 5 -7
leaf_value=-0.0033044915839310191 -0.0056748333455931312 -0.0020236371998840221 0.0056361337041918192 0.0022553322111334489 -0.0016992711102024835 0.004588858117527763
leaf_weight=100.22986758127809 195.83004380762577 631.47635676339269 379.23826231062412 317.17767854779959 268.39133791252971 51.536741137504578
leaf_count=323 577 1702 901 741 847 148
internal_value=-4.66551e-05 0.000852799 0.00358954 -0.000514016 -0.00258808 -0.000299425
internal_weight=1943.88 1428.12 479.468 948.654 515.758 319.928
internal_count=5239 3667 1224 2443 1572 995
is_linear=0
shrinkage=0.03


Tree=61
num_leaves=7
num_cat=0
split_feature=1 3 2 2 3 2
split_gain=3.35945 3.33441 6.88527 3.64636 2.39844 4.15707
threshold=0.37393912672996527 -1.1676899790763853 -0.36209933459758753 0.39964611828327185 -1.0237202644348142 0.42997992038726812
decision_type=2 2 2 2 2 2
left_child=1 2 -1 -3 5 -2
right_child=4 3 -4 -5 -6 -7
leaf_value=-0.010248959631520078 -0.0056541327566818761 0.0014810457821313259 -0.00035060036216948517 -0.006031845171915933 -0.0070432230293546276 0.0063371505870342968
leaf_weight=54.111809946596622 33.303887877613306 1115.1789687201381 554.26519922167063 39.173208255320787 86.555342070758343 30.729682002216578
leaf_count=183 100 2907 1481 124 348 81
internal_value=-0.000251887 0.000102888 -0.00162467 0.00107662 -0.00428163 0
internal_weight=1913.32 1762.73 608.377 1154.35 150.589 64.0336
internal_count=5224 4695 1664 3031 529 181
is_linear=0
shrinkage=0.03


Tree=62
num_leaves=5
num_cat=0
split_feature=1 3 1 1
split_gain=6.31987 5.23008 4.80675 3.8046
threshold=0.6217477321624757 0.65669724345207225 -0.37933884561061854 0.090599097311496748
decision_type=2 2 2 2
left_child=1 2 -1 -3
right_child=-2 3 -4 -5
leaf_value=-0.003534783548179478 -0.008679887840401879 -0.0079220349200484676 0.0014452185915320623 0.00069503896562089079
leaf_weight=171.37004866451025 51.871337313205004 91.463758252561092 1564.2943402640522 53.691522225737572
leaf_count=465 174 311 4153 180
internal_value=1.92368e-05 0.00037952 0.000884679 -0.00467319
internal_weight=1932.69 1880.82 1735.66 145.155
internal_count=5283 5109 4618 491
is_linear=0
shrinkage=0.03


Tree=63
num_leaves=7
num_cat=0
split_feature=1 2 7 5 4 2
split_gain=5.10754 6.25724 5.50883 4.17481 1.82152 1.78535
threshold=0.19041292369365695 -0.37809583544731135 1.0000000180025095e-35 1.0000000180025095e-35 1.0000000180025095e-35 0.59035047888755809
decision_type=2 2 2 2 2 2
left_child=1 3 -3 -1 5 -2
right_child=4 2 -4 -5 -6 -7
leaf_value=-0.0071281017470679825 -0.0052128727323377472 0 0.004282897649138839 0.0018431176249001206 0 0.00028928083521724942
leaf_weight=127.28614547476172 263.09275311604142 955.91089460998774 360.57590201124549 44.750417102128267 107.22430806234479 38.193539701402187
leaf_count=394 814 2590 853 121 322 134
internal_value=-0.000316811 0.000473167 0.00123032 -0.00453314 -0.00322308 -0.00435404
internal_weight=1897.03 1488.52 1316.49 172.037 408.511 301.286
internal_count=5228 3958 3443 515 1270 948
is_linear=0
shrinkage=0.03


Tree=64
num_leaves=7
num_cat=0
split_feature=0 1 1 0 3 0
split_gain=6.04215 7.05022 7.00416 6.96552 5.86696 2.4436
threshold=-1.4725311398506162 -0.46523393690586085 -0.36685000360012049 -0.94218420982360829 -2.0546054840087886 -0.93068662285804737
decision_type=2 2 2 2 2 2
left_child=1 -1 5 -4 -3 -2
right_child=2 4 3 -5 -6 -7
leaf_value=0.0061493759695774013 -0.0091377365316230499 0.0065567502556256761 0.0049043882160676429 -0.00060741939262075339 -0.0031608431448291409 0
leaf_weight=68.387026481330395 47.306976206600666 37.354905933141708 440.00328417122364 335.71037890017033 916.42462321184576 31.95560559630394
leaf_count=201 128 103 1071 819 2809 80
internal_value=-0.000275703 -0.00184261 0.00152833 0.00248829 -0.00259179 -0.00587042
internal_weight=1877.14 1022.17 854.976 775.714 953.78 79.2626
internal_count=5211 3113 2098 1890 2912 208
is_linear=0
shrinkage=0.03


Tree=65
num_leaves=6
num_cat=0
split_feature=1 7 2 5 1
split_gain=2.80361 3.06716 2.78087 5.01791 3.52052
threshold=0.38960413634777075 1.0000000180025095e-35 -0.37809583544731135 1.0000000180025095e-35 -0.18503660708665845
decision_type=2 2 2 2 2
left_child=2 -2 3 -1 -4
right_child=1 -3 4 -5 -6
leaf_value=-0.0058338109768640992 -0.0064098463885929324 0.0013036969089854477 0.0036183817515668764 0.0038760080597064601 0.00020204938937647956
leaf_weight=125.42730399593711 92.712929448112845 50.685202687978745 346.736910790205 47.292230743914843 1229.1086177751422
leaf_count=397 374 134 927 130 3278
internal_value=0.000220446 -0.00349037 0.000594723 -0.0027375 0.00102728
internal_weight=1891.96 143.398 1748.57 172.72 1575.85
internal_count=5240 508 4732 527 4205
is_linear=0
shrinkage=0.03


Tree=66
num_leaves=7
num_cat=0
split_feature=1 3 3 1 3 7
split_gain=6.2702 3.76117 4.79929 4.41233 0.575252 2.68358
threshold=0.4051524698734284 -1.5370361804962156 -0.19775586575269696 0.29251943528652197 -1.0237202644348142 1.0000000180025095e-35
decision_type=2 2 2 2 2 2
left_child=1 3 -3 -1 5 -2
right_child=4 2 -4 -5 -6 -7
leaf_value=-0.0032968217934353167 -0.0065424396367930529 0.0024958856937096039 -0.0011162619057169154 0.0062116744135856817 -0.0077029378750157751 0.0030966434735540524
leaf_weight=332.10811068490148 28.696275115013123 911.16694598644972 472.27535067498684 27.81198126077652 74.507503811269999 29.399104416370392
leaf_count=987 96 2276 1429 67 303 65
internal_value=0 0.000482449 0.00122169 -0.00211583 -0.00585576 -0.00135246
internal_weight=1875.97 1743.36 1383.44 359.92 132.603 58.0954
internal_count=5223 4759 3705 1054 464 161
is_linear=0
shrinkage=0.03


Tree=67
num_leaves=7
num_cat=0
split_feature=0 0 3 3 1 3
split_gain=4.61428 7.75451 5.70489 3.29546 4.72878 3.42999
threshold=-1.203863203525543 -1.135949373245239 -1.7184698581695554 -1.8215504288673399 0.030351191759109501 -1.2668786644935606
decision_type=2 2 2 2 2 2
left_child=3 -2 -3 4 -1 -5
right_child=1 2 -4 5 -6 -7
leaf_value=-0.0011308682949256032 0.012402974675915874 -0.0052145052467021131 0.0025385917574091408 -0.0044614237799680588 0.008010004812416956 -0.00040399976214550382
leaf_weight=87.848361976444721 44.203179243952036 81.964283481240273 444.50707683712244 231.86286396160722 69.066203106194735 927.25833958946168
leaf_count=259 111 210 1085 718 179 2693
internal_value=0.000214459 0.00244434 0.00107508 -0.000729697 0.00300404 -0.00132841
internal_weight=1886.71 570.675 526.471 1316.04 156.915 1159.12
internal_count=5255 1406 1295 3849 438 3411
is_linear=0
shrinkage=0.03


Tree=68
num_leaves=5
num_cat=0
split_feature=0 2 2 2
split_gain=7.03519 2.69807 4.12047 3.18617
threshold=0.085054744035005583 0.15054602175951007 -0.37809583544731135 0.26395691931247717
decision_type=2 2 2 2
left_child=1 2 -1 -3
right_child=-2 3 -4 -5
leaf_value=-0.0036029634560434043 0.010569912677071407 -0.0048458969930291118 0.0011481069432176809 0
leaf_weight=167.01773102581501 36.360048890113831 194.89896392822266 1184.8304846249521 278.39762732759118
leaf_count=524 82 581 3101 892
internal_value=0.000110784 -0.000177373 0.000473417 -0.00210165
internal_weight=1861.5 1825.14 1351.85 473.297
internal_count=5180 5098 3625 1473
is_linear=0
shrinkage=0.03


Tree=69
num_leaves=5
num_cat=0
split_feature=0 0 0 3
split_gain=3.78522 5.16299 5.13804 0.56445
threshold=0.085054744035005583 -0.48781473934650416 -1.4725311398506162 -0.75987342000007618
decision_type=2 2 2 2
left_child=1 2 -1 -3
right_child=-2 3 -4 -5
leaf_value=-0.0014431354834900498 0.0073030497973080874 -0.0017899398197857154 0.0018755680652720434 -0.0090799377904573347
leaf_weight=1022.7283165864646 36.529893264174461 56.374217756092548 680.07232462987304 45.905098780989647
leaf_count=3137 86 139 1695 118
internal_value=-0.000276129 -0.000540735 -7.6483e-05 -0.00650249
internal_weight=1841.61 1805.08 1702.8 102.279
internal_count=5175 5089 4832 257
is_linear=0
shrinkage=0.03


Tree=70
num_leaves=7
num_cat=0
split_feature=1 0 1 0 0 0
split_gain=6.208 4.82593 3.42059 3.40211 1.89074 3.10735
threshold=0.19307657331228259 -1.0491262078285215 0.020714288577437404 -2.4256150722503658 -0.97234234213829029 -1.2100432515144346
decision_type=2 2 2 2 2 2
left_child=1 3 -3 -1 5 -2
right_child=4 2 -4 -5 -6 -7
leaf_value=0.0034300061476970943 -0.0033509565353599378 0.00092011232209246658 0.007571322798616607 -0.001043875997279555 -0.007443766327580985 0.0036434370096999989
leaf_weight=158.13899787887931 265.35667776316404 214.13858575373888 112.58050838112831 973.2580307200551 82.435563504695892 46.442355435341597
leaf_count=451 905 539 262 2701 220 126
internal_value=-0.00030081 0.000577372 0.00368957 -0.000317719 -0.00356476 -0.00197149
internal_weight=1852.35 1458.12 326.719 1131.4 394.235 311.799
internal_count=5204 3953 801 3152 1251 1031
is_linear=0
shrinkage=0.03


Tree=71
num_leaves=7
num_cat=0
split_feature=2 2 3 3 5 3
split_gain=5.35128 6.77321 4.83613 3.66825 5.9164 3.62457
threshold=0.022700300440192226 -0.16663904488086698 -0.19775586575269696 1.0938266515731814 1.0000000180025095e-35 0.65669724345207225
decision_type=2 2 2 2 2 2
left_child=1 2 -1 4 -2 -3
right_child=3 5 -4 -5 -6 -7
leaf_value=0 -0.0016495094005467385 0.0036128780115861577 -0.0060728569440873462 0.0044088708581100531 -0.0087432455136282096 -0.004089585407709785
leaf_weight=378.12247221171856 604.16571964323521 533.24574978649616 142.14071616530418 39.228164233267307 123.71521649695933 37.339387200772762
leaf_count=1012 1675 1351 445 139 521 116
internal_value=-0.000670017 0.000636192 -0.00173546 -0.00257267 -0.003137 0.00288581
internal_weight=1857.96 1090.85 520.263 767.109 727.881 570.585
internal_count=5259 2924 1457 2335 2196 1467
is_linear=0
shrinkage=0.03


Tree=72
num_leaves=5
num_cat=0
split_feature=0 0 3 0
split_gain=5.39069 4.91349 7.54839 5.2592
threshold=0.085054744035005583 -1.1506561040878294 -0.78353339433670033 -1.4725311398506162
decision_type=2 2 2 2
left_child=1 3 -3 -1
right_child=-2 2 -4 -5
leaf_value=-0.00096749507985440701 0.008612371482256265 6.1578884691282986e-05 -0.007150684175642498 0.0033287125598998172
leaf_weight=1014.1252268142998 35.183351650834084 244.87550463527441 224.74923809617758 320.16089843586087
leaf_count=3143 82 623 577 816
internal_value=-0.000541537 -0.000845451 -0.00341856 5.30071e-05
internal_weight=1839.09 1803.91 469.625 1334.29
internal_count=5241 5159 1200 3959
is_linear=0
shrinkage=0.03


Tree=73
num_leaves=7
num_cat=0
split_feature=1 1 0 0 0 1
split_gain=3.78509 5.12306 3.5439 2.82048 5.12102 3.1537
threshold=-0.18503660708665845 -0.70577925443649281 -1.9147911667823789 -1.1839463114738462 -0.94218420982360829 0.27961894869804388
decision_type=2 2 2 2 2 2
left_child=1 -1 -3 5 -5 -2
right_child=3 2 -4 4 -6 -7
leaf_value=-0.0069090205087614003 -0.0025281756692475659 0 0.0051930270295265047 0.0053035025326322854 -0.0011363040608116611 0.0016036704461263973
leaf_weight=27.042958810925484 763.45764410123229 160.83411903679371 284.43541958741844 152.32202802971005 271.71582288295031 177.51198595017195
leaf_count=80 2171 503 776 374 682 613
internal_value=3.3261e-05 0.00232234 0.00328485 -0.000737571 0.00117655 -0.00166912
internal_weight=1837.32 472.312 445.27 1365.01 424.038 940.97
internal_count=5199 1359 1279 3840 1056 2784
is_linear=0
shrinkage=0.03


Tree=74
num_leaves=5
num_cat=0
split_feature=0 2 5 3
split_gain=4.55193 4.13162 6.41209 4.19333
threshold=1.0000000180025095e-35 0.019940784201025966 1.0000000180025095e-35 -1.2176090478897093
decision_type=2 2 2 2
left_child=1 3 -3 -1
right_child=-2 2 -4 -5
leaf_value=-0.0013926055670238358 0.0079073793122117035 -0.00021413133399379448 -0.007244739018423282 0.0025246299074248748
leaf_weight=334.52850520983338 47.958579152822495 613.31669458001852 130.74755987711251 707.13417288288474
leaf_count=964 112 1710 566 1858
internal_value=0.000286813 0 -0.00168538 0.00120756
internal_weight=1833.69 1785.73 744.064 1041.66
internal_count=5210 5098 2276 2822
is_linear=0
shrinkage=0.03


Tree=75
num_leaves=5
num_cat=0
split_feature=0 3 2 2
split_gain=2.25254 1.94761 5.84061 4.9458
threshold=-2.6104525327682491 -0.30101004242897028 -0.067678041756153093 0.23558758199214938
decision_type=2 2 2 2
left_child=-1 3 -3 -2
right_child=1 2 -4 -5
leaf_value=0.0068393942427811176 0.0020821506680293467 -0.0043287904606939291 0.0017062158967587723 -0.0027497674758651552
leaf_weight=35.823725696653128 1058.3546748831868 232.41320726275444 303.58962231129408 204.19210464507341
leaf_count=108 2826 691 966 606
internal_value=0.00079277 0.000565445 -0.000864258 0.00122321
internal_weight=1834.37 1798.55 536.003 1262.55
internal_count=5197 5089 1657 3432
is_linear=0
shrinkage=0.03


Tree=76
num_leaves=7
num_cat=0
split_feature=1 0 0 3 0 0
split_gain=5.68412 4.96755 4.05513 3.18744 1.3301 0.350579
threshold=0.37393912672996527 -2.5612887144088741 1.0000000180025095e-35 -0.88929209113121022 -1.4819543957710264 -1.3724370598793028
decision_type=2 2 2 2 2 2
left_child=1 -1 -3 4 -2 -5
right_child=3 2 -4 5 -6 -7
leaf_value=0.0081753283506142069 -0.003113638441914359 0 0.0078387926516999603 -0.0027787654362357718 0.0033978529814536109 -0.011819003901969062
leaf_weight=57.437441606074572 42.53908322378993 1572.3164585828781 42.093398541212082 48.210441064089537 31.171123072504997 29.752621170133352
leaf_count=167 132 4399 93 227 91 102
internal_value=0.000160152 0.00071736 0.000318517 -0.00500031 0 -0.00854983
internal_weight=1823.52 1671.85 1614.41 151.673 73.7102 77.9631
internal_count=5211 4659 4492 552 223 329
is_linear=0
shrinkage=0.03


Tree=77
num_leaves=7
num_cat=0
split_feature=1 1 0 0 2 0
split_gain=4.63517 6.17291 4.16134 3.87277 3.07221 2.11344
threshold=0.19041292369365695 0.10886881127953531 -1.4765747189521787 -0.93068662285804737 0.095971319824457182 -2.2823582887649532
decision_type=2 2 2 2 2 2
left_child=1 2 -1 5 -3 -2
right_child=3 4 -4 -5 -6 -7
leaf_value=-0.0016799962772013251 -0.0047607825271734983 0.0085137881341500951 0.0017418424630632943 -0.0081285417662709542 0 0.00027092891097859896
leaf_weight=694.2982509881258 78.266777042299509 102.11131843924522 554.91830799356103 83.114461280405521 71.670987032353878 235.28027381375432
leaf_count=2076 273 240 1395 219 209 778
internal_value=-0.00015733 0.000614969 -0.000109202 -0.00296844 0.00560423 -0.00101534
internal_weight=1819.66 1423 1249.22 396.662 173.782 313.547
internal_count=5190 3920 3471 1270 449 1051
is_linear=0
shrinkage=0.03


Tree=78
num_leaves=7
num_cat=0
split_feature=3 0 4 0 1 1
split_gain=6.26125 6.76521 5.33448 4.50741 3.53617 3.21891
threshold=-0.19775586575269696 -1.6646964550018308 1.0000000180025095e-35 -2.2990939617156978 0.19307657331228259 -0.55649104714393605
decision_type=2 2 2 2 2 2
left_child=4 3 -3 -2 5 -1
right_child=1 2 -4 -5 -6 -7
leaf_value=-0.0042899357054998087 0 -0.001208367113893958 0.0090024671968095479 -0.0093533546578945352 -0.0014513956476695775 0.0025607942307730668
leaf_weight=41.622288256883621 79.500922128558159 237.72767028212547 35.265742801129818 132.54714976809919 278.08820914104581 1023.0576451905072
leaf_count=115 302 671 92 509 841 2693
internal_value=0.000277084 -0.00253852 0.00043038 -0.00632695 0.00136051 0.0021635
internal_weight=1827.81 485.041 272.993 212.048 1342.77 1064.68
internal_count=5223 1574 763 811 3649 2808
is_linear=0
shrinkage=0.03


Tree=79
num_leaves=5
num_cat=0
split_feature=0 1 3 3
split_gain=5.8599 4.02763 13.2246 2.98507
threshold=1.0000000180025095e-35 -0.043707801029086106 -0.49323806166648859 -0.45065698027610773
decision_type=2 2 2 2
left_child=1 2 -1 -3
right_child=-2 3 -4 -5
leaf_value=0.0035463135971777571 0.0081662677543931014 -0.0033312238955607704 -0.0041602095226649814 8.8234946286737756e-06
leaf_weight=516.94387141242623 46.402202814817429 638.32671507634223 296.73441616073251 323.9087251573801
leaf_count=1418 110 1760 894 1044
internal_value=-0.000510907 -0.000859456 0.000631526 -0.00216852
internal_weight=1822.32 1775.91 813.678 962.235
internal_count=5226 5116 2312 2804
is_linear=0
shrinkage=0.03


Tree=80
num_leaves=7
num_cat=0
split_feature=3 2 1 4 2 2
split_gain=5.02878 6.31614 7.86554 4.53435 5.81648 3.32946
threshold=-1.2779197096824644 0.1697855889797211 0.10886881127953531 1.0000000180025095e-35 0.21280741691589358 0.25561921298503881
decision_type=2 2 2 2 2 2
left_child=3 2 -2 4 -1 -3
right_child=1 5 -4 -5 -6 -7
leaf_value=-0.00140482540727165 0.0014457639148097278 -0.0057643667435587093 0.008413748766673489 -0.005122518173247383 0.0075495874852736476 0.00022434800532636305
leaf_weight=309.96490135043859 778.21016340330243 102.75954937189817 174.33211715519428 193.21480783447623 60.752857055515051 203.60012328065932
leaf_count=844 2136 324 480 616 160 714
internal_value=0.000643318 0.00171367 0.00292952 -0.0016202 0.000220383 -0.0018307
internal_weight=1822.83 1258.9 952.542 563.933 370.718 306.36
internal_count=5274 3654 2616 1620 1004 1038
is_linear=0
shrinkage=0.03


Tree=81
num_leaves=5
num_cat=0
split_feature=0 2 4 0
split_gain=3.68312 3.63657 3.11381 2.65569
threshold=1.0000000180025095e-35 0.18952205777168277 1.0000000180025095e-35 -1.5522954463958738
decision_type=2 2 2 2
left_child=1 3 -3 -1
right_child=-2 2 -4 -5
leaf_value=-0.0017132456530295909 0.00592781637492367 -0.0054001347916981871 0.00013748672132648016 0.00084300783378040084
leaf_weight=734.20646745339036 44.843229576945305 272.27644181810319 101.70753765106201 660.06023327633739
leaf_count=2192 107 907 317 1686
internal_value=-0.000968889 -0.00124168 -0.00381132 -0.000465856
internal_weight=1813.09 1768.25 373.984 1394.27
internal_count=5209 5102 1224 3878
is_linear=0
shrinkage=0.03


Tree=82
num_leaves=7
num_cat=0
split_feature=3 3 3 2 3 2
split_gain=3.21551 4.6155 2.85906 3.19677 1.67894 0.223912
threshold=0.65669724345207225 1.0460495948791506 -1.5971319079399107 0.54939743876457225 -1.8329066634178159 -0.099309414625167833
decision_type=2 2 2 2 2 2
left_child=2 -2 4 -4 -1 -3
right_child=1 5 3 -5 -6 -7
leaf_value=0 -0.0090341896647657249 0.0020291260638430164 0.0013752961946608851 -0.0050060360444799208 -0.0043847018736927791 -0.00023300114006745109
leaf_weight=212.56980421766639 63.975793067365885 29.011761609464884 1262.6930066533387 51.979926336556673 132.00487017631531 56.508726965636015
leaf_count=581 225 105 3511 187 443 192
internal_value=-2.76655e-05 -0.00399436 0.000337315 0.0010068 -0.00196753 0.000204931
internal_weight=1808.74 149.496 1659.25 1314.67 344.575 85.5205
internal_count=5244 522 4722 3698 1024 297
is_linear=0
shrinkage=0.03


Tree=83
num_leaves=6
num_cat=0
split_feature=2 3 2 2 5
split_gain=3.92583 4.67618 2.23474 7.12219 5.10373
threshold=0.53714558482170116 -1.0688874721527097 -0.36994911730289454 -0.25924241542816157 1.0000000180025095e-35
decision_type=2 2 2 2 2
left_child=2 -2 4 -4 -1
right_child=1 -3 3 -5 -6
leaf_value=-0.0057800738868261179 0.0016426448149118246 -0.010655533320262039 0.0066007843219547937 9.6378496892838566e-05 0.0040760025016628029
leaf_weight=121.44156622514129 28.302372239530087 44.063206983730197 152.59512488543987 1421.3608338050544 47.00477796792984
leaf_count=410 74 176 403 4067 133
internal_value=0.000103808 -0.00588189 0.000450379 0.000839533 -0.00257066
internal_weight=1814.77 72.3656 1742.4 1573.96 168.446
internal_count=5263 250 5013 4470 543
is_linear=0
shrinkage=0.03


Tree=84
num_leaves=7
num_cat=0
split_feature=3 0 0 0 3 3
split_gain=3.97333 3.22029 3.85942 3.00197 4.82279 4.6059
threshold=-0.19775586575269696 -1.6646964550018308 -1.0195924043655393 -1.1839463114738462 -1.5868133306503294 -0.42528444528579706
decision_type=2 2 2 2 2 2
left_child=3 -2 -3 5 -5 -1
right_child=1 2 -4 4 -6 -7
leaf_value=-0.00047852789242443662 -0.0045793215115434672 0.0028455599280745869 -0.0037817252003187435 -0.0012915590996433624 0.0054886753423458463 0.0060811962138477057
leaf_weight=853.34384909085929 207.23742030188441 176.18587363511324 111.79903166741133 112.21705667674541 267.41750276461244 87.558536719530821
leaf_count=2420 808 510 294 308 678 241
internal_value=0.000295343 -0.00190357 0 0.00118083 0.00337002 0.000183333
internal_weight=1815.76 495.222 287.985 1320.54 379.635 940.902
internal_count=5259 1612 804 3647 986 2661
is_linear=0
shrinkage=0.03


Tree=85
num_leaves=7
num_cat=0
split_feature=2 2 1 3 3 7
split_gain=6.65329 4.42764 5.45258 3.18414 2.71175 5.76679
threshold=0.033286549150943763 -0.059077348560094826 -0.11886221915483473 0.12770533561706546 -1.2035603523254392 1.0000000180025095e-35
decision_type=2 2 2 2 2 2
left_child=1 2 -1 -3 5 -2
right_child=4 3 -4 -5 -6 -7
leaf_value=0.0017120271459369549 -0.0041003994324890977 0.0053591630429741296 -0.0032915733300853014 -0.0018975094807671114 -0.0040313997570725537 0.004323606215080383
leaf_weight=485.43981219269335 136.22469395026565 245.92944353073835 297.88289024680853 43.672932326793671 460.14722874760628 117.13058353960514
leaf_count=1423 433 623 821 121 1527 282
internal_value=-0.000476088 0.000972922 -0.000150635 0.00401915 -0.00270394 0
internal_weight=1786.43 1072.93 783.323 289.602 713.503 253.355
internal_count=5230 2988 2244 744 2242 715
is_linear=0
shrinkage=0.03


Tree=86
num_leaves=7
num_cat=0
split_feature=2 2 4 3 3 3
split_gain=4.428 3.63172 3.38665 11.6304 3.05532 2.37357
threshold=-0.015598172321915625 -0.37809583544731135 1.0000000180025095e-35 -1.1055967211723325 -0.91435131430625904 0.10070309787988664
decision_type=2 2 2 2 2 2
left_child=1 -1 4 -4 -2 -3
right_child=2 5 3 -5 -6 -7
leaf_value=-0.0016817350071452561 0.00012810318288560064 0.0036848967930504916 -0.003934536399675493 0.0086697690079215132 -0.0038090168355254038 -0.00035272699912072955
leaf_weight=159.71377129852772 278.66587122343481 626.30652074143291 114.81806079670787 104.98370548710227 358.441461160779 127.36131383478642
leaf_count=530 786 1657 364 321 1193 408
internal_value=0.000590556 0.0020435 -0.000901002 0.00205642 -0.00204416 0.00293355
internal_weight=1770.29 913.382 856.909 219.802 637.107 753.668
internal_count=5259 2595 2664 685 1979 2065
is_linear=0
shrinkage=0.03


Tree=87
num_leaves=7
num_cat=0
split_feature=2 1 0 1 0 0
split_gain=3.04345 2.95212 3.02547 2.61647 1.55863 0.968457
threshold=-0.36994911730289454 -0.14265671372413632 -1.5753049850463865 -0.084220822900533662 -2.2823582887649532 -0.89673796296119679
decision_type=2 2 2 2 2 2
left_child=4 2 -2 -3 -1 -6
right_child=1 3 -4 -5 5 -7
leaf_value=9.8864418195363925e-05 -9.4597097956565862e-05 -0.0042882911914333263 0.0046933813082908052 -0.00015457557850932411 -0.00663123527379834 0
leaf_weight=33.689837858080864 216.18738865852356 145.84687477722764 191.41855566203594 1052.3994908388704 101.55073674023151 24.479367733001709
leaf_count=116 643 413 510 3117 343 68
internal_value=-0.000431218 0 0.00212795 -0.000769111 -0.00413382 -0.00553473
internal_weight=1765.57 1605.85 407.606 1198.25 159.72 126.03
internal_count=5210 4683 1153 3530 527 411
is_linear=0
shrinkage=0.03


Tree=88
num_leaves=7
num_cat=0
split_feature=3 3 3 3 0 0
split_gain=4.02556 4.46223 5.36133 4.15916 3.69863 2.87877
threshold=-0.19775586575269696 -1.2668786644935606 -0.75987342000007618 -0.084066249430179582 -0.515500247478485 -1.4765747189521787
decision_type=2 2 2 2 2 2
left_child=1 5 -3 -2 -5 -1
right_child=3 2 -4 4 -6 -7
leaf_value=-0.0038437867061184884 -0.0092730270563306533 0.0039238964367313278 -0.00098589479430807002 -0.0026312406738764746 0.0056252891355435151 0.0002191809565838091
leaf_weight=300.78042281791568 67.353855058550835 390.52949111349881 349.14347654953599 371.41930041462183 33.095916457474232 252.56789770722389
leaf_count=954 206 1066 962 1280 87 677
internal_value=-0.000822238 1.04101e-05 0.00156243 -0.0031335 -0.00158119 -0.0019417
internal_weight=1764.89 1293.02 739.673 471.869 404.515 553.348
internal_count=5232 3659 2028 1573 1367 1631
is_linear=0
shrinkage=0.03


Tree=89
num_leaves=7
num_cat=0
split_feature=3 3 2 7 2 3
split_gain=4.3716 4.36719 10.0159 3.22057 2.00345 3.48463
threshold=-0.12892304360866544 -1.2779197096824644 0.19256807863712314 1.0000000180025095e-35 -0.078407462686300264 0.40630060434341436
decision_type=2 2 2 2 2 2
left_child=1 3 -3 -1 5 -2
right_child=4 2 -4 -5 -6 -7
leaf_value=-0.0033734185165790629 -0.0085842942742216672 0.0036783071147790595 -0.004400545960762392 0.0010558946053188098 -0.00072441411979862376 0
leaf_weight=313.03471616283059 94.947020813822746 635.37038646638393 151.07853416912258 224.36633343994617 252.97867112606764 84.617653712630272
leaf_count=1004 289 1665 495 575 866 307
internal_value=-0.000279858 0.000544982 0.0019813 -0.00144499 -0.00284948 -0.00517007
internal_weight=1756.39 1323.85 786.449 537.401 432.543 179.565
internal_count=5201 3739 2160 1579 1462 596
is_linear=0
shrinkage=0.03


Tree=90
num_leaves=5
num_cat=0
split_feature=0 3 0 3
split_gain=3.36322 2.93808 7.36543 2.38049
threshold=-2.6104525327682491 -0.75987342000007618 -1.3212662339210508 -0.68867215514183033
decision_type=2 2 2 2
left_child=-1 2 -2 -3
right_child=1 3 -4 -5
leaf_value=0.0065540828382315529 -0.0017049260182510977 -0.0078607672922292558 0.0037243588226064184 -0.0015284357580385654
leaf_weight=35.827984608709812 581.0518593955785 47.243072275072336 336.48183780163527 756.31934106349945
leaf_count=101 1732 132 905 2351
internal_value=-0.000588837 -0.00084557 0.000259102 -0.00215544
internal_weight=1756.92 1721.1 917.534 803.562
internal_count=5221 5120 2637 2483
is_linear=0
shrinkage=0.03


Tree=91
num_leaves=7
num_cat=0
split_feature=2 2 5 3 3 2
split_gain=3.40659 4.13766 3.67118 2.80832 6.66595 2.7382
threshold=0.019940784201025966 0.080330360680818572 1.0000000180025095e-35 -0.31760522723197931 -1.2176090478897093 -0.26519255340099329
decision_type=2 2 2 2 2 2
left_child=3 -2 -3 4 -1 -5
right_child=1 2 -4 5 -6 -7
leaf_value=-0.00072590972759656259 -0.0056756178793391917 0.00083425966450560826 -0.0050006822001230642 0.0023959428997087037 0.0048459956554365927 -0.0029890007812811963
leaf_weight=329.35648074746132 143.40225172415376 497.92775797471404 98.35733312740922 105.66433438286185 386.08544592559338 211.36168491840363
leaf_count=981 432 1468 463 345 961 619
internal_value=6.50844e-05 -0.0014311 -0.000161907 0.00120083 0.00224938 -0.000980505
internal_weight=1772.16 739.687 596.285 1032.47 715.442 317.026
internal_count=5269 2363 1931 2906 1942 964
is_linear=0
shrinkage=0.03


Tree=92
num_leaves=7
num_cat=0
split_feature=1 1 1 3 3 7
split_gain=3.91846 3.21639 4.67182 3.53619 1.80761 4.69592
threshold=0.37393912672996527 -0.36685000360012049 -0.071221359074115739 -0.5023394227027892 -0.88929209113121022 1.0000000180025095e-35
decision_type=2 2 2 2 2 2
left_child=1 3 -3 -1 5 -2
right_child=4 2 -4 -5 -6 -7
leaf_value=0.00046041650776541723 -0.0064522112697393977 0.0033488618801419635 -7.4861707374195664e-05 -0.0068164009160167965 -0.0067668426885567927 0.0058975538259800368
leaf_weight=109.7235989049077 35.301134876906872 547.17782844975591 885.08720648288727 80.837192106992006 77.065585840493441 35.319666840136051
leaf_count=317 140 1628 2537 254 340 85
internal_value=0.000221519 0.000696376 0.00121992 -0.00269575 -0.00409927 0
internal_weight=1770.51 1622.83 1432.27 190.561 147.686 70.6208
internal_count=5301 4736 4165 571 565 225
is_linear=0
shrinkage=0.03


Tree=93
num_leaves=5
num_cat=0
split_feature=0 0 3 3
split_gain=3.8008 3.15121 5.84785 3.16755
threshold=0.085054744035005583 -0.94218420982360829 -1.5868133306503294 0.65669724345207225
decision_type=2 2 2 2
left_child=1 3 -3 -1
right_child=-2 2 -4 -5
leaf_value=0.0012065908726941175 0.0082910598917856314 -0.009284174186895448 0 -0.0036172716919792691
leaf_weight=1299.1271075289696 33.417102470993996 65.119871705770493 230.68717171624303 110.92762642167509
leaf_count=3911 84 182 622 433
internal_value=0.000393136 0.000109366 -0.00256262 0.000739864
internal_weight=1739.28 1705.86 295.807 1410.05
internal_count=5232 5148 804 4344
is_linear=0
shrinkage=0.03


Tree=94
num_leaves=5
num_cat=0
split_feature=0 1 0 0
split_gain=3.92257 4.21494 3.43778 0.477247
threshold=-2.6104525327682491 0.22488133609294894 -1.4765747189521787 -2.2729941606521602
decision_type=2 2 2 2
left_child=-1 2 -2 -3
right_child=1 3 -4 -5
leaf_value=0.0077462567046086526 -0.00072137505986639787 -0.0058205485798361895 0.0022139324107445569 -0.0019073250835957983
leaf_weight=38.817719634622335 760.16190717369318 63.340392678976059 620.54205008223653 246.9178798943758
leaf_count=111 2383 223 1659 836
internal_value=0.000112448 -0.000116226 0.000567806 -0.003192
internal_weight=1729.78 1690.96 1380.7 310.258
internal_count=5212 5101 4042 1059
is_linear=0
shrinkage=0.03


Tree=95
num_leaves=5
num_cat=0
split_feature=1 2 7 1
split_gain=4.4148 3.86887 2.62653 2.56848
threshold=0.4957518875598908 0.31944553554058081 1.0000000180025095e-35 0.090599097311496748
decision_type=2 2 2 2
left_child=1 2 -1 -3
right_child=-2 3 -4 -5
leaf_value=-0.0005897523311861276 -0.0059700066752825277 -0.0010162507299038503 0.002161140966827485 0.0069721568971430397
leaf_weight=1091.9607295207679 74.945853941142559 26.954238336533308 409.69564277306199 112.20561405271292
leaf_count=3333 288 82 1101 378
internal_value=0.000265051 0.000654433 0.000139881 0.00511461
internal_weight=1715.76 1640.82 1501.66 139.16
internal_count=5182 4894 4434 460
is_linear=0
shrinkage=0.03


Tree=96
num_leaves=5
num_cat=0
split_feature=0 1 1 2
split_gain=3.28678 2.07677 4.38276 2.79708
threshold=0.085054744035005583 -0.043707801029086106 -0.084220822900533662 -0.061572980135679238
decision_type=2 2 2 2
left_child=1 2 -1 -3
right_child=-2 3 -4 -5
leaf_value=-0.00050620305033194379 0.0066435057391484136 -0.0048476622651999835 0.0058496317004208768 -0.00073739513234099662
leaf_weight=681.56774249300361 34.333174914121628 190.17480823397636 92.158435955643654 733.07485800422728
leaf_count=2038 90 527 278 2286
internal_value=-0.0005209 -0.000776493 0.000303568 -0.00173249
internal_weight=1731.31 1696.98 773.726 923.25
internal_count=5219 5129 2316 2813
is_linear=0
shrinkage=0.03


Tree=97
num_leaves=5
num_cat=0
split_feature=1 0 0 7
split_gain=3.85078 2.26733 9.74473 2.27631
threshold=0.6217477321624757 -0.94218420982360829 -1.203863203525543 1.0000000180025095e-35
decision_type=2 2 2 2
left_child=1 2 -1 -3
right_child=-2 3 -4 -5
leaf_value=0 -0.0069362655321671398 -0.0037750573340423325 0.0070025014029628683 0.00088492417367110271
leaf_weight=1177.5731868371367 44.291476275771856 178.32081792503595 191.30746350809932 137.11279891058803
leaf_count=3695 168 522 516 341
internal_value=0.000212184 0.000514558 0.00107036 -0.00163859
internal_weight=1728.61 1684.31 1368.88 315.434
internal_count=5242 5074 4211 863
is_linear=0
shrinkage=0.03


Tree=98
num_leaves=7
num_cat=0
split_feature=2 0 0 4 2 3
split_gain=3.49998 7.54145 4.84538 6.32182 4.11414 3.16286
threshold=0.019940784201025966 -2.4318996667861934 -2.4529027938842769 1.0000000180025095e-35 -0.059077348560094826 -1.2882586121559141
decision_type=2 2 2 2 2 2
left_child=1 5 3 -2 -3 -1
right_child=2 4 -4 -5 -6 -7
leaf_value=0 -0.01352418472099421 -0.00090935866163083668 -0.00043383967628218004 0.00052197270465190811 0.0036772302710109572 0.010787952002982758
leaf_weight=28.027325809001923 43.182877538725734 677.1518826559186 662.44777560047805 36.333835273981094 213.38659918308258 75.429936088621616
leaf_count=90 172 1983 2109 104 562 212
internal_value=3.0122e-05 0.00121703 -0.00147141 -0.00768808 0.000180393 0.00817937
internal_weight=1735.96 993.996 741.964 79.5167 890.538 103.457
internal_count=5232 2847 2385 276 2545 302
is_linear=0
shrinkage=0.03


Tree=99
num_leaves=7
num_cat=0
split_feature=1 3 3 3 3 3
split_gain=3.04672 2.55815 5.1224 2.62437 1.59308 3.07569
threshold=0.19041292369365695 -1.5971319079399107 -0.63497143983840931 -1.8215504288673399 -1.8329066634178159 -0.6763232648372649
decision_type=2 2 2 2 2 2
left_child=1 3 -3 -1 -2 -6
right_child=4 2 -4 -5 5 -7
leaf_value=0.00057452024064521612 0.001891039255184729 0.0037178344457514242 -0.00023818477932473247 -0.0052156019926772219 -0.0054627801264607537 0
leaf_weight=152.09975237771869 50.873590469360352 539.4076663851738 562.13481990247965 87.704949907958508 161.50505973212421 164.65997792221606
leaf_count=445 140 1466 1718 308 529 624
internal_value=0.000342159 0.0010418 0.00167727 -0.00155067 -0.00192287 -0.00276596
internal_weight=1718.39 1341.35 1101.54 239.805 377.039 326.165
internal_count=5230 3937 3184 753 1293 1153
is_linear=0
shrinkage=0.03


Tree=100
num_leaves=7
num_cat=0
split_feature=0 3 3 3 2 3
split_gain=2.50446 3.35526 9.10704 7.62701 3.23918 6.1512
threshold=-1.203863203525543 -0.48088735342025751 0.12770533561706546 -1.5370361804962156 0.019940784201025966 -1.1756736040115354
decision_type=2 2 2 2 2 2
left_child=4 3 -3 -2 5 -1
right_child=1 2 -4 -5 -6 -7
leaf_value=-0.0028082539360813775 -0.001689694729296276 -0.0072717034405811766 0.0047046918372366346 0.0070678716428454946 -0.0022200856705464492 0.0028657230254093904
leaf_weight=236.36242095008492 119.3240313231945 88.349025443196297 97.99527271091938 214.01586759462953 486.27166864275932 476.72187389060855
leaf_count=752 335 246 269 565 1694 1357
internal_value=0.000371123 0.00208609 -0.000837196 0.00384496 -0.000344797 0.000877848
internal_weight=1719.04 519.684 186.344 333.34 1199.36 713.084
internal_count=5218 1415 515 900 3803 2109
is_linear=0
shrinkage=0.03


Tree=101
num_leaves=7
num_cat=0
split_feature=2 3 0 3 0 3
split_gain=4.50964 6.007 4.96516 3.8791 5.0781 4.34476
threshold=0.1697855889797211 -1.2035603523254392 -0.79756659269332875 -1.2779197096824644 -1.4765747189521787 0.28277757763862615
decision_type=2 2 2 2 2 2
left_child=3 -2 -3 4 -1 -5
right_child=1 2 -4 5 -6 -7
leaf_value=-0.0049543503069771032 0.0015617265539818314 -0.0073652052687787151 0.0018634857441262444 0.0025748896788446579 0.0013943639972175653 -0.0023004375706884008
leaf_weight=214.67653600499034 135.97968494147062 227.9673466719687 45.546795144677162 726.72573203593493 185.11186084151268 181.65485447272658
leaf_count=720 397 860 123 2007 507 627
internal_value=-0.000436457 -0.00312132 -0.00560172 0.000393152 -0.00194543 0.00150675
internal_weight=1717.66 409.494 273.514 1308.17 399.788 908.381
internal_count=5241 1380 983 3861 1227 2634
is_linear=0
shrinkage=0.03


Tree=102
num_leaves=7
num_cat=0
split_feature=2 2 1 4 1 0
split_gain=2.05615 6.25848 5.54699 5.26208 6.74692 3.68752
threshold=-0.015598172321915625 -0.061572980135679238 -0.11886221915483473 1.0000000180025095e-35 0.090599097311496748 -2.478583455085754
decision_type=2 2 2 2 2 2
left_child=1 2 -1 5 -5 -2
right_child=3 -3 -4 4 -6 -7
leaf_value=0.0018480199793881062 -0.0097153823325579983 0.0062946376991350568 -0.0033301695484543566 -0.0031048043017426982 0.0069054735083997117 -0.0015048487372425661
leaf_weight=468.82504327595234 40.650264855474234 147.46698862314224 279.76933754980564 78.557156223803759 125.79574903100729 575.09493974782526
leaf_count=1425 157 391 814 254 407 1816
internal_value=3.1817e-05 0.00104711 -4.54391e-05 -0.00100462 0.00285616 -0.00242985
internal_weight=1716.16 896.061 748.594 820.098 204.353 615.745
internal_count=5264 2630 2239 2634 661 1973
is_linear=0
shrinkage=0.03


Tree=103
num_leaves=7
num_cat=0
split_feature=2 3 1 7 2 0
split_gain=4.81602 2.83116 3.7485 2.98912 2.67313 5.27543
threshold=0.019940784201025966 -0.17414048314094541 -0.55649104714393605 1.0000000180025095e-35 0.077824294567108168 -1.0729326009750364
decision_type=2 2 2 2 2 2
left_child=1 2 -1 -3 -2 -6
right_child=4 3 -4 -5 5 -7
leaf_value=-0.0051413879785003492 -0.0059325964466422978 -0.0031917808400322217 0.0025784412624789538 0.0041021139206985019 -0.0028831838520066233 0.003027895410240043
leaf_weight=38.380794420838356 126.57675036042929 207.62165870144963 689.00161622092128 40.687005341053009 441.27323617786169 166.25789176672697
leaf_count=112 395 676 1934 124 1535 458
internal_value=-0.000338282 0.000994673 0.00196414 -0.00155632 -0.00216885 -0.00112499
internal_weight=1709.8 975.691 727.382 248.309 734.108 607.531
internal_count=5234 2846 2046 800 2388 1993
is_linear=0
shrinkage=0.03


Tree=104
num_leaves=7
num_cat=0
split_feature=2 0 4 1 5 2
split_gain=3.44718 3.50284 6.04709 2.46854 2.37716 5.75159
threshold=0.1528476104140282 -1.1146473884582517 1.0000000180025095e-35 0.12084056064486505 1.0000000180025095e-35 -0.12303325533866881
decision_type=2 2 2 2 2 2
left_child=4 2 -2 -3 -1 -6
right_child=1 3 -4 -5 5 -7
leaf_value=0.0014717397124565303 -0.0067954569137112378 0.0059384441436859852 0.0013767167002020956 -0.0012229518896480528 0.0021022947731384853 -0.0056168451426012751
leaf_weight=968.81279987841845 207.93328750506043 46.172696866095066 101.11375176906586 86.191268764436245 159.25266741961241 140.25977093726397
leaf_count=2844 795 117 325 251 467 477
internal_value=-3.87994e-05 -0.0022953 -0.00401818 0.00133297 0.000723391 -0.00145006
internal_weight=1709.74 441.411 309.047 132.364 1268.33 299.512
internal_count=5276 1488 1120 368 3788 944
is_linear=0
shrinkage=0.03


Tree=105
num_leaves=7
num_cat=0
split_feature=2 3 0 0 3 3
split_gain=3.85099 3.46903 5.82649 5.0984 3.22656 7.25263
threshold=0.1528476104140282 -1.3402059078216551 -0.97234234213829029 -1.0729326009750364 -1.1676899790763853 -0.19775586575269696
decision_type=2 2 2 2 2 2
left_child=4 2 -2 -3 -1 -6
right_child=1 3 -4 -5 5 -7
leaf_value=-0.0012803824049242034 0.005187595055615093 -0.0065265209471112463 -0.0071919150317448152 0.0011140123309081593 0.0041540456869922681 -0.001376502107624245
leaf_weight=439.68530984967947 92.239432979375124 220.62855697795749 27.499666459858418 91.018696084618568 477.35982434824109 338.77455615997314
leaf_count=1364 276 847 77 247 1268 1106
internal_value=-0.000130344 -0.00253918 0.00129269 -0.00418152 0.000676921 0.00180856
internal_weight=1687.21 431.386 119.739 311.647 1255.82 816.134
internal_count=5185 1447 353 1094 3738 2374
is_linear=0
shrinkage=0.03


Tree=106
num_leaves=7
num_cat=0
split_feature=3 0 1 0 3 0
split_gain=4.26383 3.03003 9.65961 5.26481 2.6795 0.291714
threshold=0.42193222045898443 -0.9501676857471465 0.058113818988204009 -1.0729326009750364 1.0938266515731814 -1.3039540648460386
decision_type=2 2 2 2 2 2
left_child=1 3 -3 -1 -2 -6
right_child=4 2 -4 -5 5 -7
leaf_value=0.00042439622200621615 -0.0067156184208894644 0.0021662651414655772 -0.0081616326769831746 0.0080316192663827165 0.0015180623694386055 -0.0015118074732195655
leaf_weight=1128.3209830187261 115.6309901997447 164.25961545109749 121.10663255304098 71.027475386857986 46.559915233403444 27.758289404213428
leaf_count=3505 430 458 336 203 200 89
internal_value=-0.000174707 0.000349525 -0.00226779 0.00104846 -0.00420104 0
internal_weight=1674.66 1484.71 285.366 1199.35 189.949 74.3182
internal_count=5221 4502 794 3708 719 289
is_linear=0
shrinkage=0.03


Tree=107
num_leaves=5
num_cat=0
split_feature=0 1 0 2
split_gain=2.70924 2.59078 4.27215 3.87
threshold=-2.6104525327682491 0.12084056064486505 -1.0491262078285215 -0.36994911730289454
decision_type=2 2 2 2
left_child=-1 3 -3 -2
right_child=1 2 -4 -5
leaf_value=0.0067201699383820871 -0.0035571369320626604 -9.9841112054543495e-05 -0.006480630161312056 0.0012667309865832524
leaf_weight=32.986606547608972 150.90637147054076 358.7953466810286 119.33486267924309 1031.41128314659
leaf_count=105 504 1264 341 3019
internal_value=1.12055e-05 -0.000164765 -0.00200911 0.000552198
internal_weight=1693.43 1660.45 478.13 1182.32
internal_count=5233 5128 1605 3523
is_linear=0
shrinkage=0.03


Tree=108
num_leaves=5
num_cat=0
split_feature=0 3 0 0
split_gain=3.18604 2.54503 3.32957 2.62934
threshold=0.085054744035005583 0.3159570991992951 -0.48781473934650416 -0.69708529114723194
decision_type=2 2 2 2
left_child=1 2 -1 -3
right_child=-2 3 -4 -5
leaf_value=0.00099428786889766492 0.0075594787822325354 -0.0039570363180009343 -0.0047505371921021606 0.00369088654687641
leaf_weight=1335.0494519136846 33.347207866609097 207.65791550651193 75.063631273806095 24.771288514137268
leaf_count=4053 91 797 214 71
internal_value=0.000332202 6.02096e-05 0.000584364 -0.00267641
internal_weight=1675.89 1642.54 1410.11 232.429
internal_count=5226 5135 4267 868
is_linear=0
shrinkage=0.03


Tree=109
num_leaves=5
num_cat=0
split_feature=0 2 3 3
split_gain=3.09119 2.96889 4.05582 1.69336
threshold=1.0000000180025095e-35 0.1528476104140282 -1.3402059078216551 0.71503853797912609
decision_type=2 2 2 2
left_child=1 3 -3 -1
right_child=-2 2 -4 -5
leaf_value=0.00081604779731484346 0.0066223695609115875 0.0017143795360272094 -0.0042868741819141552 -0.0030939569463385441
leaf_weight=1159.8095706626773 41.243270471692085 119.69784899801016 292.51317585632205 84.785207103937864
leaf_count=3408 111 350 1078 316
internal_value=0 -0.000239521 -0.00240672 0.000457522
internal_weight=1698.05 1656.81 412.211 1244.59
internal_count=5263 5152 1428 3724
is_linear=0
shrinkage=0.03


Tree=110
num_leaves=7
num_cat=0
split_feature=2 0 3 1 3 3
split_gain=6.54995 5.35573 3.20892 4.0693 2.49649 2.34251
threshold=0.1528476104140282 -0.6031382381916045 -1.2779197096824644 0.10886881127953531 -0.18604782223701474 -1.7760428190231321
decision_type=2 2 2 2 2 2
left_child=2 4 5 -4 -2 -1
right_child=1 -3 3 -5 -6 -7
leaf_value=0.0013033965490098253 -0.0059056427114624922 0.0044768634925117547 0.00096981707156400352 0.0062770760722774032 -9.0892117667509427e-05 -0.0030519560956418874
leaf_weight=167.61243001371622 269.06587371602654 48.869109869003296 722.44057082384825 155.05052139982581 115.0007925145328 220.83678524196148
leaf_count=523 896 131 2128 441 488 691
internal_value=0 -0.00311539 0.00107964 0.00209343 -0.0044037 -0.00105396
internal_weight=1698.88 432.936 1265.94 877.491 384.067 388.449
internal_count=5298 1515 3783 2569 1384 1214
is_linear=0
shrinkage=0.03


Tree=111
num_leaves=7
num_cat=0
split_feature=1 3 4 1 0 1
split_gain=3.24499 4.29869 5.29196 3.27738 3.71863 3.55017
threshold=0.1991575285792351 -0.68867215514183033 1.0000000180025095e-35 0.090599097311496748 -2.1935175657272334 -0.12744374573230741
decision_type=2 2 2 2 2 2
left_child=3 -2 -3 5 -5 -1
right_child=1 2 -4 4 -6 -7
leaf_value=0.0014851305425106799 -0.0054917312355728162 -0.0020075531747721993 0.0090192268984994606 -0.0028178758546833658 0.0054651258219939889 -0.0018446902847169776
leaf_weight=573.72394315525889 187.51166922599077 121.92963976785541 32.716668620705605 39.40364820510149 189.57955383881927 535.95320593938231
leaf_count=1757 607 500 109 132 537 1611
internal_value=-6.7546e-05 -0.00262059 0.000747409 0.000569813 0.00368694 -7.4184e-05
internal_weight=1680.82 342.158 154.646 1338.66 228.983 1109.68
internal_count=5253 1216 609 4037 669 3368
is_linear=0
shrinkage=0.03


Tree=112
num_leaves=7
num_cat=0
split_feature=1 1 2 1 1 1
split_gain=2.64284 3.31608 3.7848 2.90737 2.87264 4.51908
threshold=-0.0026044559199362989 -0.37933884561061854 -0.12303325533866881 -0.46523393690586085 0.080994948744773879 0.068080399185419097
decision_type=2 2 2 2 2 2
left_child=1 3 -3 -1 5 -2
right_child=4 2 -4 -5 -6 -7
leaf_value=0.00047752610488396071 -0.0014823588049864321 0.0040324684432879333 -0.00012572348932351132 -0.0063973122730905559 -9.787876778072886e-05 -0.012811913455884252
leaf_weight=102.37523787468672 180.89107203856111 366.33030136674643 345.27964033558965 69.541824243962765 587.7323676943779 26.387125343084335
leaf_count=326 549 1108 1048 211 1930 84
internal_value=-4.35867e-05 0.00103766 0.00198458 -0.00236764 -0.00131481 -0.00418914
internal_weight=1678.54 883.527 711.61 171.917 795.011 207.278
internal_count=5256 2693 2156 537 2563 633
is_linear=0
shrinkage=0.03


Tree=113
num_leaves=7
num_cat=0
split_feature=0 0 7 0 6 0
split_gain=4.74227 8.47135 7.93205 5.05883 5.28553 4.01907
threshold=-1.4725311398506162 -1.4334943890571592 1.0000000180025095e-35 -1.8103052377700803 1.0000000180025095e-35 -1.8614463210105894
decision_type=2 2 2 2 2 2
left_child=3 -2 -3 5 -5 -1
right_child=1 2 -4 4 -6 -7
leaf_value=-0.00098048549258526372 0.011651773489669939 -0.0020713510199202975 0.0043256490658981983 -0.0073426763516033057 0.00074227743483555283 0.0070529497706904422
leaf_weight=589.71083264052868 46.026642344892025 437.17389387637377 259.77600845322013 208.72235058248043 83.191703695803881 41.276793204247952
leaf_count=2025 126 1281 698 666 260 144
internal_value=-0.000365326 0.00135335 0.000283486 -0.00181193 -0.00494635 -0.000162262
internal_weight=1665.88 742.977 696.95 922.902 291.914 630.988
internal_count=5200 2105 1979 3095 926 2169
is_linear=0
shrinkage=0.03


Tree=114
num_leaves=5
num_cat=0
split_feature=0 0 1 1
split_gain=3.36342 2.28644 3.1349 2.13968
threshold=0.085054744035005583 -0.48781473934650416 0.37393912672996527 -0.065600041300058351
decision_type=2 2 2 2
left_child=1 2 -1 -3
right_child=-2 3 -4 -5
leaf_value=0.00069688765019178343 0.0078115083852264254 0 -0.0038105427296752639 -0.0077006823830625152
leaf_weight=1400.9895014837384 30.372321285307407 41.044947423040867 132.22022182866931 45.868779741227627
leaf_count=4339 82 116 523 133
internal_value=0.000169755 -3.04296e-05 0.000225487 -0.00430381
internal_weight=1650.5 1620.12 1533.21 86.9137
internal_count=5193 5111 4862 249
is_linear=0
shrinkage=0.03


Tree=115
num_leaves=7
num_cat=0
split_feature=2 1 3 2 3 4
split_gain=4.22678 6.09328 6.70829 2.10236 1.85439 2.28073
threshold=-0.36994911730289454 -0.071221359074115739 0.10070309787988664 0.20501460134983066 0.061830773949623115 1.0000000180025095e-35
decision_type=2 2 2 2 2 2
left_child=4 2 -2 -3 5 -1
right_child=1 3 -4 -5 -6 -7
leaf_value=-0.0082390219652861939 0.0042717384034927338 -0.0022002754107043497 -0.00350932341341263 0.00063832258467171684 3.1051214930379766e-05 0
leaf_weight=91.259181443601847 457.29563957452774 630.05563620477915 101.39139174669981 313.34278738498688 32.657328173518181 25.482942804694176
leaf_count=276 1327 1909 348 1110 137 91
internal_value=-0.000245419 0.000220329 0.00268345 -0.0012015 -0.00475547 -0.00634193
internal_weight=1651.48 1502.09 558.687 943.398 149.399 116.742
internal_count=5198 4694 1675 3019 504 367
is_linear=0
shrinkage=0.03


Tree=116
num_leaves=7
num_cat=0
split_feature=2 4 3 3 3 4
split_gain=3.22302 3.52636 8.00591 4.19605 2.60717 3.79768
threshold=-0.015598172321915625 1.0000000180025095e-35 -1.1055967211723325 -0.96826475858688343 -0.46718275547027582 1.0000000180025095e-35
decision_type=2 2 2 2 2 2
left_child=4 3 -3 -2 -1 -6
right_child=1 2 -4 -5 5 -7
leaf_value=0.0025728912063400743 0.00032701033443385163 -0.0034386643221059111 0.0074013931104261431 -0.0045231218319359843 0.0005922869707726525 -0.0076674032652467384
leaf_weight=561.82026568800211 246.15891530364752 99.643273945897818 100.25398342311382 340.63490318693221 264.87733916938305 39.079210862517357
leaf_count=1640 734 324 330 1231 831 122
internal_value=8.80019e-05 -0.00124648 0.00190377 -0.0024459 0.00136909 -0.000692238
internal_weight=1652.47 786.691 199.897 586.794 865.777 303.957
internal_count=5212 2619 654 1965 2593 953
is_linear=0
shrinkage=0.03


Tree=117
num_leaves=7
num_cat=0
split_feature=3 3 3 2 2 2
split_gain=1.54874 2.80693 2.18035 0.436127 0.282878 1.43695
threshold=-1.9616612195968626 -1.8329066634178159 -1.5971319079399107 -0.039878550916910165 -0.1613783314824104 0.087210934609174742
decision_type=2 2 2 2 2 2
left_child=4 3 -3 -2 -1 -6
right_child=1 2 -4 -5 5 -7
leaf_value=-0.0049440845094528328 0.00031976687371296854 -0.0033481473057963632 0.00059729250812867632 0.0076099740007137756 0.0017730614849076961 -0.0042271488638046641
leaf_weight=29.746810890734196 32.357474237680435 116.83918540179729 1351.0265558101237 37.786967948079109 52.144328154623508 42.531890947371721
leaf_count=90 102 424 4236 110 151 122
internal_value=0.000258482 0.000563055 0.000202133 0.00572969 -0.00264755 -0.000666357
internal_weight=1662.43 1538.01 1467.87 70.1444 124.423 94.6762
internal_count=5235 4872 4660 212 363 273
is_linear=0
shrinkage=0.03


Tree=118
num_leaves=6
num_cat=0
split_feature=1 0 3 0 0
split_gain=4.81687 3.64027 2.53483 0.999648 2.68506
threshold=0.19041292369365695 -2.5490516424179073 -1.5971319079399107 -0.97234234213829029 -1.2100432515144346
decision_type=2 2 2 2 2
left_child=1 -1 -3 4 -2
right_child=3 2 -4 -5 -6
leaf_value=0.0069854657714279568 -0.0032773558902778888 -0.0026277033722600781 0.00073513905428381442 -0.0063446971135518639 0.0033822584289118899
leaf_weight=52.878364507108927 243.1854265127331 230.1613111384213 1007.2602877020836 80.626531798392534 43.135491080582142
leaf_count=166 925 746 3014 237 127
internal_value=-0.000369974 0.000463191 3.00849e-05 -0.00332721 -0.00192286
internal_weight=1657.25 1290.3 1237.42 366.947 286.321
internal_count=5215 3926 3760 1289 1052
is_linear=0
shrinkage=0.03


Tree=119
num_leaves=7
num_cat=0
split_feature=7 3 0 0 3 0
split_gain=4.37354 7.3792 10.688 5.19991 4.54456 5.9072
threshold=1.0000000180025095e-35 -0.63497143983840931 -1.3212662339210508 -1.7322555184364317 -0.70229211449623097 -1.6646964550018308
decision_type=2 2 2 2 2 2
left_child=4 2 -2 -3 -1 -6
right_child=1 3 -4 -5 5 -7
leaf_value=-0.0023595471423184999 0 0.0048564175273821137 0.010085789720215467 -0.0065274015638385561 -0.0016779627495230917 0.0040071603703396522
leaf_weight=574.04037095606327 179.05659352988005 30.974025912582874 168.58641571551561 88.941081374883652 283.23311243951321 321.85324620455503
leaf_count=1850 504 104 455 247 1065 976
internal_value=0.000486599 0.0028953 0.00510054 -0.00288426 -0.000450844 0.0012815
internal_weight=1646.68 467.558 347.643 119.915 1179.13 605.086
internal_count=5201 1310 959 351 3891 2041
is_linear=0
shrinkage=0.03


Tree=120
num_leaves=7
num_cat=0
split_feature=5 2 1 0 2 0
split_gain=2.16098 9.1465 3.52119 2.47908 6.79414 3.45901
threshold=1.0000000180025095e-35 -0.12898230552673337 -0.40361039340496058 -0.97234234213829029 0.093305595219135298 -1.4725311398506162
decision_type=2 2 2 2 2 2
left_child=3 2 -2 5 -5 -1
right_child=1 -3 -4 4 -6 -7
leaf_value=0 -0.0034627173643111851 -0.0058522484419885126 0.0055178821496989511 -0.0052599369384654857 0.0035159020406275742 0.0037113179906138969
leaf_weight=663.36161699518561 30.237418498843908 213.21554915606976 121.42065726593137 176.25998050346971 107.96548544615507 335.56348046660423
leaf_count=2163 92 860 365 516 295 954
internal_value=0 -0.00197065 0.00318298 0.000587795 -0.00171715 0.00132334
internal_weight=1648.02 364.874 151.658 1283.15 284.225 998.925
internal_count=5245 1317 457 3928 811 3117
is_linear=0
shrinkage=0.03


Tree=121
num_leaves=7
num_cat=0
split_feature=0 3 3 1 4 3
split_gain=2.27399 6.18923 14.1471 10.2118 3.54456 7.91742
threshold=-0.98472726345062245 -0.52142193913459767 -1.5868133306503294 0.026126073673367504 1.0000000180025095e-35 -1.5074780583381651
decision_type=2 2 2 2 2 2
left_child=4 2 -2 -3 5 -1
right_child=1 3 -4 -5 -6 -7
leaf_value=0.0056260466867395767 -0.0080999917712786425 -0.01325850371221363 0.0065224428062820852 0.0019506772320212872 0.0034916695323380315 -0.001216839392459228
leaf_weight=166.15482895448804 71.695598103106022 66.296439327299595 145.44384692236781 54.465588040649891 347.08391889557242 813.00749743916094
leaf_count=516 226 194 392 160 1112 2652
internal_value=0.00038766 -0.00168353 0.00116541 -0.00667015 0.000977098 0
internal_weight=1664.15 337.901 217.139 120.762 1326.25 979.162
internal_count=5252 972 618 354 4280 3168
is_linear=0
shrinkage=0.03


Tree=122
num_leaves=5
num_cat=0
split_feature=3 3 2 2
split_gain=2.59634 3.23397 2.73844 1.35454
threshold=1.0460495948791506 0.65669724345207225 -0.37809583544731135 -0.013055938761681317
decision_type=2 2 2 2
left_child=1 2 -1 -2
right_child=3 -3 -4 -5
leaf_value=-0.0043219544814518413 0.0071100342142870251 -0.0070410139662747942 -7.4206706578627829e-05 0
leaf_weight=136.0951942615211 36.080819915980101 55.425688933581114 1374.9737872239202 41.91424635052681
leaf_count=454 138 220 4262 166
internal_value=-0.000583535 -0.00090087 -0.00054743 0.00406079
internal_weight=1644.49 1566.49 1511.07 77.9951
internal_count=5240 4936 4716 304
is_linear=0
shrinkage=0.03


Tree=123
num_leaves=7
num_cat=0
split_feature=1 1 3 2 6 1
split_gain=3.58182 4.32741 4.81834 3.16986 4.05627 3.12805
threshold=-0.18503660708665845 0.039145871996879585 -0.85089063644409169 -0.24436552822589871 1.0000000180025095e-35 0.068080399185419097
decision_type=2 2 2 2 2 2
left_child=3 2 -2 4 -1 -3
right_child=1 5 -4 -5 -6 -7
leaf_value=0.0023901847488482734 0 0.0059700607886275323 -0.0055589277041523761 0.0051204745931731702 -0.0056796770919157928 0
leaf_weight=172.00688198581338 282.85005431622267 72.849253512918949 248.10139710456133 191.88831944018602 59.163335900753736 614.79228294081986
leaf_count=547 863 222 782 596 188 2038
internal_value=0.000126781 -0.000664958 -0.00267699 0.00246983 0 0.000835565
internal_weight=1641.65 1218.59 530.951 423.059 231.17 687.642
internal_count=5236 3905 1645 1331 735 2260
is_linear=0
shrinkage=0.03


Tree=124
num_leaves=6
num_cat=0
split_feature=7 2 0 0 0
split_gain=1.95714 6.53085 5.32394 3.78897 4.35525
threshold=1.0000000180025095e-35 -0.41794314980506891 -1.8036476373672483 -2.5540544986724849 -1.8833451271057127
decision_type=2 2 2 2 2
left_child=3 -2 -3 -1 -5
right_child=1 2 -4 4 -6
leaf_value=0.0060163885074550824 -0.0077911760547815971 0.0084456008584172012 0.00083704511731598204 -0.0031282280504734772 0.00062679975986460487
leaf_weight=58.400769017636776 33.252998389303684 106.76081700250506 318.97435413300991 420.23636691085994 692.91198415867984
leaf_count=192 115 310 877 1543 2178
internal_value=0.000327643 0.00196123 0.00317298 -0.000284182 -0.000768043
internal_weight=1630.54 458.988 425.735 1171.55 1113.15
internal_count=5215 1302 1187 3913 3721
is_linear=0
shrinkage=0.03


Tree=125
num_leaves=7
num_cat=0
split_feature=3 0 3 0 3 0
split_gain=3.28419 2.7656 6.40563 4.50042 2.67395 1.09075
threshold=0.65669724345207225 -0.87589988112449635 -0.5640653371810912 -0.94218420982360829 1.0460495948791506 -1.4883155822753904
decision_type=2 2 2 2 2 2
left_child=1 3 -3 -1 -2 -6
right_child=4 2 -4 -5 5 -7
leaf_value=0.00055103776045688799 -0.0079540561705123015 0.0067923477535081506 -0.0024437444069744098 -0.0081961259411334683 0.0025762839692019721 -0.003304725357521784
leaf_weight=1240.280241297558 53.096535166725516 165.2665271833539 81.419631853699684 34.98618633300066 46.232242118567228 29.635450132191181
leaf_count=3937 221 465 233 103 200 94
internal_value=0.000334862 0.000774563 0.00356431 0.000141892 -0.00385873 0
internal_weight=1650.92 1521.95 246.686 1275.27 128.964 75.8677
internal_count=5253 4738 698 4040 515 294
is_linear=0
shrinkage=0.03


Tree=126
num_leaves=7
num_cat=0
split_feature=1 2 2 3 2 3
split_gain=2.67601 2.77987 2.66973 2.42267 2.38195 0.612408
threshold=0.42674675583839422 -0.37809583544731135 -0.25924241542816157 -1.2121492624282835 -0.49375405907630915 -0.037180822342634194
decision_type=2 2 2 2 2 2
left_child=1 4 -3 -2 -1 -5
right_child=3 2 -4 5 -6 -7
leaf_value=0.00035585678295384953 0.000977838083637406 0.0048607378392393459 0.00067594370158688161 -0.009032624282706769 -0.0061455093539979433 -0.00054604824440800971
leaf_weight=74.766203179955482 35.935672484338284 146.57047305628657 1233.7125853803009 34.23115948587656 71.200804691761732 31.700396848842502
leaf_count=265 112 440 3847 153 250 143
internal_value=0.000404679 0.000769825 0.00122625 -0.00380237 -0.00281232 -0.00672722
internal_weight=1628.12 1526.25 1380.28 101.867 145.967 65.9316
internal_count=5210 4802 4287 408 515 296
is_linear=0
shrinkage=0.03


Tree=127
num_leaves=7
num_cat=0
split_feature=3 0 1 0 0 2
split_gain=2.78666 4.47187 3.2102 3.81199 3.20822 2.09042
threshold=-1.5971319079399107 -0.97234234213829029 0.29251943528652197 -1.4725311398506162 -1.9147911667823789 0.21280741691589358
decision_type=2 2 2 2 2 2
left_child=1 5 3 -2 -4 -1
right_child=2 -3 4 -5 -6 -7
leaf_value=-0.0019042443231774035 -0.00031338905386157873 -0.0086089633914777121 0.0014617664863725336 0.0030529254409423054 -0.0058920300471374688 0.004079453242006835
leaf_weight=186.85403555631638 651.7810087762773 63.447705060243607 61.965558441355824 499.57833651453257 108.63628947548568 48.659658815711737
leaf_count=643 2126 198 273 1406 398 140
internal_value=-5.76592e-05 -0.00260911 0.000504926 0.00112323 -0.0030331 -0.000210583
internal_weight=1620.92 298.961 1321.96 1151.36 170.602 235.514
internal_count=5184 981 4203 3532 671 783
is_linear=0
shrinkage=0.03


Tree=128
num_leaves=5
num_cat=0
split_feature=0 0 1 0
split_gain=2.34779 3.01349 2.83277 1.84435
threshold=0.085054744035005583 -0.48781473934650416 0.37393912672996527 -0.3803181499242782
decision_type=2 2 2 2
left_child=1 2 -1 -3
right_child=-2 3 -4 -5
leaf_value=0.00048578393937812102 0.0062797855471400446 -0.0095053985319313913 -0.0038478699514000684 -0.00029597221086050346
leaf_weight=1395.6490796338767 30.593093350529671 29.626061983406544 129.74457701481879 59.250538118183613
leaf_count=4394 90 90 531 174
internal_value=-3.96163e-05 -0.000271479 3.33261e-05 -0.00509909
internal_weight=1644.86 1614.27 1525.39 88.8766
internal_count=5279 5189 4925 264
is_linear=0
shrinkage=0.03


Tree=129
num_leaves=7
num_cat=0
split_feature=2 6 2 2 2 0
split_gain=2.30148 6.16736 3.26397 3.33732 2.90715 2.35621
threshold=-0.16663904488086698 1.0000000180025095e-35 -0.025088463909924027 -0.059077348560094826 -0.18591690808534619 -1.4725311398506162
decision_type=2 2 2 2 2 2
left_child=1 4 3 -2 -1 -4
right_child=2 -3 5 -5 -6 -7
leaf_value=0.0015886450725941081 0.0009525458736769852 -0.0069901799751972936 -0.0016059358076481783 0.0074182636199524987 -0.005901440961596378 0.0015506226016126941
leaf_weight=315.65134094655514 257.01388444378972 113.75675693899393 427.77071523852646 103.32463634759188 32.833874486386776 382.2903877645731
leaf_count=1008 765 377 1612 288 94 1102
internal_value=0.000223814 -0.00147965 0.000960545 0.0032569 0.000438104 -4.25155e-05
internal_weight=1632.64 462.242 1170.4 360.339 348.485 810.061
internal_count=5246 1479 3767 1053 1102 2714
is_linear=0
shrinkage=0.03


Tree=130
num_leaves=7
num_cat=0
split_feature=1 3 3 1 1 3
split_gain=1.71458 3.30005 4.06919 2.86231 5.79422 2.37211
threshold=-0.071221359074115739 -1.5971319079399107 -0.49323806166648859 0.08701274544000627 0.068080399185419097 1.0000000180025095e-35
decision_type=2 2 2 2 2 2
left_child=1 -1 -3 4 -2 -5
right_child=3 2 -4 5 -6 -7
leaf_value=-0.0026785216464188183 -0.00086041820279088147 0.0046188360616933079 -0.00025732196162339465 -0.00034709823605565251 -0.011515558221154125 0.0039247611622657656
leaf_weight=119.14259206876159 336.90923865512013 300.39838830009103 250.88864376395941 424.77908459492028 37.644609406590462 131.36019556596875
leaf_count=411 1032 880 850 1363 123 500
internal_value=0.000164229 0.00132883 0.00236337 -0.000621894 -0.00261283 0.000658991
internal_weight=1601.12 670.43 551.287 930.693 374.554 556.139
internal_count=5159 2141 1730 3018 1155 1863
is_linear=0
shrinkage=0.03


Tree=131
num_leaves=7
num_cat=0
split_feature=2 2 3 3 3 0
split_gain=2.0311 5.23566 3.48422 2.90319 5.79828 3.28475
threshold=0.1697855889797211 0.35355722904205328 -1.2035603523254392 -1.1676899790763853 -0.19775586575269696 -1.4765747189521787
decision_type=2 2 2 2 2 2
left_child=3 -2 -3 5 -5 -1
right_child=1 2 -4 4 -6 -7
leaf_value=-0.0032491141729512566 -0.0043956583867123923 0.0071055825873188178 -0.00072688459281234849 0.0041131911143057146 -0.00093477471371895989 0.0016372725951069016
leaf_weight=241.13583857193589 226.64902538061142 58.238637521862984 106.75459345243871 462.02103140950203 317.40487653389573 201.14460302889347
leaf_count=823 775 169 433 1312 1095 594
internal_value=0.000269674 -0.00150711 0.00218276 0.000902678 0.0020105 -0.000922354
internal_weight=1613.35 391.642 164.993 1221.71 779.426 442.28
internal_count=5201 1377 602 3824 2407 1417
is_linear=0
shrinkage=0.03


Tree=132
num_leaves=7
num_cat=0
split_feature=1 2 2 0 2 2
split_gain=2.1765 2.07202 3.58435 1.83165 1.5741 1.56269
threshold=-0.39679972827434534 -0.25333194434642786 -0.27783003449439997 -2.3102626800537105 -0.16927984356880185 -0.22073195874691007
decision_type=2 2 2 2 2 2
left_child=3 2 -2 -1 -3 -5
right_child=1 4 -4 5 -6 -7
leaf_value=0.0015688436908726064 0.00043109482366279479 -0.002813953726580192 0.0099782031880043254 -0.0066199156015162696 0.00027754741540945738 0
leaf_weight=26.195966690778732 163.67663671448827 148.43726194649935 32.463434681296349 87.858464881777763 1140.4905121717602 26.471149124205112
leaf_count=87 533 440 93 293 3716 76
internal_value=0 0.00033938 0.00306594 -0.00333509 -7.01975e-05 -0.00497167
internal_weight=1625.59 1485.07 196.14 140.526 1288.93 114.33
internal_count=5238 4782 626 456 4156 369
is_linear=0
shrinkage=0.03


Tree=133
num_leaves=7
num_cat=0
split_feature=0 0 1 2 1 0
split_gain=3.12244 3.74877 2.77053 3.24243 2.47078 2.02993
threshold=-1.5618142485618589 -0.48781473934650416 -0.45536927878856653 -0.47451069951057429 0.4957518875598908 -0.26630051434040064
decision_type=2 2 2 2 2 2
left_child=2 4 3 -1 -2 -3
right_child=1 5 -4 -5 -6 -7
leaf_value=-0.0018879760632753944 0.0027431535917077656 -0.0068310215917982168 -0.0018717935787869342 0.0082444810157687957 -0.0039984398852743949 0
leaf_weight=30.237521896138787 631.74131354317069 47.328782469034195 768.18259414844215 37.130235157907009 28.573533309623599 66.695874065160751
leaf_count=106 1859 142 2698 114 113 197
internal_value=0 0.00132667 -0.00128473 0.00361875 0.00225426 -0.00313213
internal_weight=1609.89 774.34 835.55 67.3678 660.315 114.025
internal_count=5229 2311 2918 220 1972 339
is_linear=0
shrinkage=0.03


Tree=134
num_leaves=6
num_cat=0
split_feature=0 1 0 0 1
split_gain=2.85996 1.36785 2.04721 1.58127 0.703092
threshold=-2.5490516424179073 -0.13102839142084119 -2.4615638256072994 -2.3271059989929195 0.080994948744773879
decision_type=2 2 2 2 2
left_child=4 3 -3 -2 -1
right_child=1 2 -4 -5 -6
leaf_value=0.0066263048761577925 0.0044935126774078033 -0.0057414072792199228 -0.00065672511442687329 0 0
leaf_weight=45.362905591726303 63.310207847505808 63.730478279292583 976.03688223473728 441.58823147788644 27.429326005280018
leaf_count=152 218 221 3174 1411 93
internal_value=-0.000152979 -0.000489638 -0.00112747 0.000702486 0.00491013
internal_weight=1617.46 1544.67 1039.77 504.898 72.7922
internal_count=5269 5024 3395 1629 245
is_linear=0
shrinkage=0.03


Tree=135
num_leaves=5
num_cat=0
split_feature=2 0 2 7
split_gain=2.21761 2.05581 1.13258 0.0473995
threshold=0.54939743876457225 -2.6104525327682491 -0.37809583544731135 1.0000000180025095e-35
decision_type=2 2 2 2
left_child=1 -1 -3 -2
right_child=3 2 -4 -5
leaf_value=0.0055679883386564027 -0.0065196975861022783 -0.0030277061173474211 -0.00026802939759492896 0
leaf_weight=28.994272079318762 40.287302371114492 140.41901866719127 1368.7759253624827 20.9255580753088
leaf_count=94 185 503 4369 57
internal_value=-0.000677731 -0.000375522 -0.000600273 -0.00557035
internal_weight=1599.4 1538.19 1509.19 61.2129
internal_count=5208 4966 4872 242
is_linear=0
shrinkage=0.03


Tree=136
num_leaves=7
num_cat=0
split_feature=0 0 3 0 0 3
split_gain=1.17461 1.64672 5.97048 4.28431 1.05903 1.29952
threshold=-2.2990939617156978 -0.87589988112449635 -0.5405876338481902 -0.97234234213829029 -2.354179739952087 -1.671755254268646
decision_type=2 2 2 2 2 2
left_child=4 3 -3 -2 5 -1
right_child=1 2 -4 -5 -6 -7
leaf_value=0.0036806464028843098 -0.00069509798604534107 0.0046469639679628996 -0.003966210565555895 -0.0079980107998648096 0.0048003502861872936 -0.0009107333909100289
leaf_weight=53.817901875823736 1036.8576300274581 163.89720083028078 95.148370072245598 61.559082895517349 42.125417940318584 186.90932674147189
leaf_count=168 3366 468 287 189 147 666
internal_value=-0.000365947 -0.000761595 0.00121077 -0.00129373 0.00125963 8.92057e-05
internal_weight=1640.31 1357.46 259.046 1098.42 282.853 240.727
internal_count=5291 4310 755 3555 981 834
is_linear=0
shrinkage=0.03


Tree=137
num_leaves=7
num_cat=0
split_feature=1 1 2 2 1 2
split_gain=3.11518 5.2013 3.226 7.01433 2.88965 1.74473
threshold=-0.20299988240003583 -0.26343698799610132 -0.24795652180910108 -0.33243702352046961 0.08701274544000627 -0.089733526110649095
decision_type=2 2 2 2 2 2
left_child=1 -1 3 -2 -4 -3
right_child=2 5 4 -5 -6 -7
leaf_value=-0.00038034309119442631 -0.0040368999918247335 0.0088675048313591499 -0.0032897743684427265 0.0095790343087457774 -0.00016882690834102383 0
leaf_weight=273.89923924766481 41.504292856901884 72.725543029606342 586.56086309999228 51.629880253225565 558.04985991120338 25.816440127789974
leaf_count=907 145 226 1838 154 1866 82
internal_value=-0.000615541 0.00166072 -0.00136369 0.00333991 -0.00184872 0.00694704
internal_weight=1610.19 372.441 1237.74 93.1342 1144.61 98.542
internal_count=5218 1215 4003 299 3704 308
is_linear=0
shrinkage=0.03


Tree=138
num_leaves=7
num_cat=0
split_feature=2 1 1 2 5 1
split_gain=6.01445 3.41399 3.69107 3.24379 2.2761 2.19505
threshold=0.1528476104140282 -0.02502401731908321 0.12084056064486505 0.077824294567108168 1.0000000180025095e-35 0.16556284576654437
decision_type=2 2 2 2 2 2
left_child=3 -2 -3 5 -5 -1
right_child=1 2 -4 4 -6 -7
leaf_value=0.00093075396536661486 -0.0093739520675685424 0.0034345665371064535 -0.0031691695943171709 0.006644040077263753 -0.000931174289440352 -0.0034596643035983633
leaf_weight=951.78404141589999 48.744729399681091 75.470015238970518 289.72234962321818 121.82772947847843 24.505783341825008 91.303980335593224
leaf_count=2998 161 252 1072 370 107 278
internal_value=1.36112e-06 -0.00299139 -0.00154122 0.00112474 0.0050553 0.000432154
internal_weight=1603.36 413.937 365.192 1189.42 146.334 1043.09
internal_count=5238 1485 1324 3753 477 3276
is_linear=0
shrinkage=0.03


Tree=139
num_leaves=7
num_cat=0
split_feature=2 2 0 2 0 2
split_gain=3.28438 4.01349 10.5699 3.11457 2.5528 0.928688
threshold=-0.36994911730289454 -0.18591690808534619 -1.9792772531509397 -0.16663904488086698 -2.3171495199203487 -0.57144561409950245
decision_type=2 2 2 2 2 2
left_child=4 2 -2 -3 -1 -6
right_child=1 3 -4 -5 5 -7
leaf_value=0.0011076162625671267 -0.0050527968256948528 -0.007851133354712124 0.0066916784662553906 -0.00066796753862084584 -0.00036120009816765147 -0.0082920368841516504
leaf_weight=28.887123219668865 80.569398291409016 40.127473071217537 186.82661598175764 1154.0857340693474 36.799919303506613 80.843576245009899
leaf_count=108 267 121 544 3764 130 290
internal_value=-0.000800316 -0.000297285 0.0028388 -0.00108409 -0.00481933 -0.00666007
internal_weight=1608.14 1461.61 267.396 1194.21 146.531 117.643
internal_count=5224 4696 811 3885 528 420
is_linear=0
shrinkage=0.03


Tree=140
num_leaves=7
num_cat=0
split_feature=2 3 1 3 2 3
split_gain=4.73301 4.80476 3.25431 2.17416 2.90704 1.83237
threshold=0.15054602175951007 -1.1404416561126707 0.10886881127953531 -1.2035603523254392 0.3695960938930512 -0.28545783460140223
decision_type=2 2 2 2 2 2
left_child=1 -1 -3 4 -2 -5
right_child=3 2 -4 5 -6 -7
leaf_value=-0.00083505327477204321 -0.002174089191293054 0.0017944715368227655 0.0071467793269056343 -0.0058944818709070106 0.0056155657068587602 -0.0004384436660156517
leaf_weight=446.87741253897548 90.067388791590929 607.14909467846155 128.75324546545744 138.8740308880806 47.801894668489695 130.60389509052038
leaf_count=1437 279 1895 387 507 145 527
internal_value=0.000507773 0.0014954 0.0029746 -0.0021553 0.000515931 -0.00367044
internal_weight=1590.13 1182.78 735.902 407.347 137.869 269.478
internal_count=5177 3719 2282 1458 424 1034
is_linear=0
shrinkage=0.03


Tree=141
num_leaves=7
num_cat=0
split_feature=0 0 0 0 0 3
split_gain=1.23173 4.79377 2.41004 2.40274 3.75465 2.3353
threshold=-1.3830245733261106 -1.4725311398506162 -1.4334943890571592 -1.203863203525543 -1.135949373245239 -1.9785257577896116
decision_type=2 2 2 2 2 2
left_child=1 5 -3 -2 -5 -1
right_child=3 2 -4 4 -6 -7
leaf_value=0.0049422233514016638 -0.0037746323585119185 0.010542326671871535 0 0.0073140013352154939 -0.00049355765222235343 -0.00017887238370224576
leaf_weight=67.075649324804544 144.32681313157082 47.678265735507011 42.673364453017712 42.186102837324142 435.04200275242329 828.10073235351592
leaf_count=205 444 132 132 126 1299 2884
internal_value=0.000367021 0.00104145 0.00696466 -0.00060795 0.000342378 0.000238911
internal_weight=1607.08 985.528 90.3516 621.555 477.228 895.176
internal_count=5222 3353 264 1869 1425 3089
is_linear=0
shrinkage=0.03


Tree=142
num_leaves=7
num_cat=0
split_feature=7 3 2 2 3 2
split_gain=4.36707 8.69595 6.26099 6.07563 5.88354 2.2819
threshold=1.0000000180025095e-35 -1.1609007120132444 -0.41183462738990778 -0.44824363291263575 -1.8078914880752561 -0.28685708343982691
decision_type=2 2 2 2 2 2
left_child=1 4 -3 -2 -1 -5
right_child=3 2 -4 5 -6 -7
leaf_value=0.00050198913603157044 -0.0070540854704468003 0.0089246386034757628 0.00019186062317553808 0.010363207166311762 -0.0071065722180974136 0.0027830747068078926
leaf_weight=120.54491038620472 27.95042284950614 64.413960818201303 739.34418454021215 35.685269556939602 222.60542161948979 384.48195117339492
leaf_count=391 101 222 2502 115 782 1085
internal_value=0.000452034 -0.000492317 0.00116424 0.00291494 -0.0043881 0.0040048
internal_weight=1595.03 1146.91 803.758 448.118 343.15 420.167
internal_count=5198 3897 2724 1301 1173 1200
is_linear=0
shrinkage=0.03


Tree=143
num_leaves=7
num_cat=0
split_feature=1 1 3 1 3 3
split_gain=2.08492 1.3547 4.16709 2.38148 1.27086 1.34541
threshold=0.37393912672996527 -0.22890395671129224 -1.5971319079399107 0.0077659056987613448 -1.0163024067878721 -0.4412234872579574
decision_type=2 2 2 2 2 2
left_child=1 2 -1 -3 -2 -6
right_child=4 3 -4 -5 5 -7
leaf_value=-0.0044060842427589278 0 -0.0020244539472202244 0.0032244807552097784 0.00067108203166834724 -0.0099585603958352552 -0.00080829988981084464
leaf_weight=57.869177896529436 50.65218291990459 507.970788449049 283.3899833522737 608.30171361193061 24.194273382425308 52.86371062323451
leaf_count=211 167 1596 915 1968 106 249
internal_value=-0.00035245 0 0.00159215 -0.000516787 -0.00374879 -0.00575952
internal_weight=1585.24 1457.53 341.259 1116.27 127.71 77.058
internal_count=5212 4690 1126 3564 522 355
is_linear=0
shrinkage=0.03


Tree=144
num_leaves=7
num_cat=0
split_feature=2 0 2 2 0 4
split_gain=2.3686 4.94747 4.53949 3.32914 2.72107 3.61258
threshold=0.1528476104140282 -0.94218420982360829 -0.061572980135679238 -0.043583400547504418 -1.0824065804481504 1.0000000180025095e-35
decision_type=2 2 2 2 2 2
left_child=1 2 -1 -3 5 -2
right_child=4 3 -4 -5 -6 -7
leaf_value=0 -0.0054831307205141693 0 0.0041845125789843505 -0.0073050604080274291 0.0016410262652904728 0.00079474044320858794
leaf_weight=587.42649226635695 199.16514963656664 124.72326954454184 388.6427257694304 77.377580784261227 116.08284582197666 101.00921883061528
leaf_count=1872 824 380 1242 226 341 332
internal_value=0.000103676 0.000825928 0.00175555 -0.00314744 -0.00174719 -0.00326553
internal_weight=1594.43 1178.17 976.069 202.101 416.257 300.174
internal_count=5217 3720 3114 606 1497 1156
is_linear=0
shrinkage=0.03


Tree=145
num_leaves=7
num_cat=0
split_feature=0 3 1 0 3 3
split_gain=4.51946 3.98754 8.28964 2.9272 2.50494 4.78801
threshold=-1.203863203525543 -1.5868133306503294 0.29251943528652197 -0.98472726345062245 0.25306178629398351 -0.42528444528579706
decision_type=2 2 2 2 2 2
left_child=4 3 -3 -2 5 -1
right_child=1 2 -4 -5 -6 -7
leaf_value=-0.0014192238586770648 0.0030745102862035031 0.00587028422408263 -0.0052971610364372524 -0.0055379397189702214 -0.0040862454653418298 0.0034711026216565043
leaf_weight=736.1852972637862 34.096467010676861 319.27462988719344 50.732661291956902 66.486058827489614 168.08208090625703 214.61909198760986
leaf_count=2382 98 920 164 213 708 724
internal_value=9.75242e-05 0.00253638 0.00399212 -0.00209512 -0.000902073 -0.000204788
internal_weight=1589.48 470.59 370.007 100.583 1118.89 950.804
internal_count=5209 1395 1084 311 3814 3106
is_linear=0
shrinkage=0.03


Tree=146
num_leaves=7
num_cat=0
split_feature=1 1 2 1 2 1
split_gain=2.38001 1.38003 4.27099 3.07879 0.392653 1.01696
threshold=0.38960413634777075 -0.12744374573230741 -0.16663904488086698 -0.10631336644291876 0.25965596735477453 0.59513413906097423
decision_type=2 2 2 2 2 2
left_child=1 2 -1 -3 -2 -6
right_child=4 3 -4 -5 5 -7
leaf_value=0 -0.005999233141419349 -0.0058310057593382531 0.0052378055752388573 0.00059831771790851964 0.00097854550024360451 -0.0040124173588651571
leaf_weight=338.11417512968183 27.11674628034234 52.154310390353203 203.37002591788769 876.34022161364555 52.766829987987876 38.508748412132263
leaf_count=1106 105 170 648 2798 225 161
internal_value=0.000461232 0.000837631 0.00201696 5.85813e-05 -0.00322431 -0.000930625
internal_weight=1588.37 1469.98 541.484 928.495 118.392 91.2756
internal_count=5213 4722 1754 2968 491 386
is_linear=0
shrinkage=0.03


Tree=147
num_leaves=7
num_cat=0
split_feature=3 0 3 3 0 0
split_gain=1.55183 3.21875 9.10843 3.41813 2.39322 4.19299
threshold=-1.1404416561126707 -1.4765747189521787 -1.7760428190231321 -1.7280583977699278 -1.9147911667823789 -1.4962263107299802
decision_type=2 2 2 2 2 2
left_child=1 2 -1 -3 -2 -6
right_child=4 3 -4 -5 5 -7
leaf_value=0.0028830045033068964 -0.0011064990995088757 -0.0024355416255637538 -0.0066523185217657677 0.0039489795340210496 0.0051318409355509114 7.2232025975175904e-05
leaf_weight=123.64151129871607 319.55619456060231 101.42364911362529 208.38523015752435 159.59541345387697 218.36962593346834 454.19982466474175
leaf_count=402 1200 311 721 474 742 1386
internal_value=0.000118444 -0.00103041 -0.00296901 0.00125787 0.000871244 0.00190238
internal_weight=1585.17 593.046 332.027 261.019 992.126 672.569
internal_count=5236 1908 1123 785 3328 2128
is_linear=0
shrinkage=0.03


Tree=148
num_leaves=7
num_cat=0
split_feature=2 2 2 2 1 2
split_gain=6.73023 3.20787 4.80709 2.53838 1.94384 1.54314
threshold=-0.025088463909924027 0.3619122058153153 0.53714558482170116 -0.37809583544731135 -0.048558672890067094 -0.53548407554626454
decision_type=2 2 2 2 2 2
left_child=3 -2 -3 5 -5 -1
right_child=1 2 -4 4 -6 -7
leaf_value=0.0013242066079453523 -0.0031909256597392557 0.0054522670090688518 -0.0039526214404260202 0.0036279989972588401 0 -0.0040312604663779615
leaf_weight=54.649040423333645 620.59724543243647 91.414185103029013 62.76408470235765 423.65498814731836 231.48170074447989 83.168124116957188
leaf_count=203 2106 328 256 1329 679 303
internal_value=-0.00022616 -0.00221921 0.00126494 0.00165408 0.00246134 -0.00162876
internal_weight=1567.73 774.776 154.178 792.954 655.137 137.817
internal_count=5204 2690 584 2514 2008 506
is_linear=0
shrinkage=0.03


Tree=149
num_leaves=7
num_cat=0
split_feature=0 3 3 3 3 7
split_gain=2.19148 5.7195 13.16 2.08157 5.32546 3.15186
threshold=-0.82213294506072987 -1.5868133306503294 -0.5640653371810912 -1.5074780583381651 -1.1756736040115354 1.0000000180025095e-35
decision_type=2 2 2 2 2 2
left_child=3 -2 -3 5 -5 -1
right_child=1 2 -4 4 -6 -7
leaf_value=-0.00078400892814691067 -0.0050207146801773796 0.011692566243941379 -0.0028135289915586078 -0.0059657708869588141 -0.00031091802524934345 0.0050280087223092892
leaf_weight=191.09659871831536 48.348068743944168 95.244980327785015 87.894150577485561 168.79555727168918 878.04388131946325 109.36213358491659
leaf_count=700 152 274 278 537 2955 317
internal_value=-0.000212541 0.00230942 0.00484371 -0.000717178 -0.00137371 0.00132601
internal_weight=1578.79 231.487 183.139 1347.3 1046.84 300.459
internal_count=5213 704 552 4509 3492 1017
is_linear=0
shrinkage=0.03


Tree=150
num_leaves=4
num_cat=0
split_feature=0 3 0
split_gain=3.14649 2.00897 2.83372
threshold=-2.6104525327682491 -2.1151142120361324 -1.5682451725006101
decision_type=2 2 2
left_child=-1 -2 -3
right_child=1 2 -4
leaf_value=0.0070609986891199128 -0.0060470373857112415 -0.0015006762485937027 0.0010529456231190854
leaf_weight=31.546021249145269 36.316540077328682 757.27384748123586 752.22153717651963
leaf_count=99 107 2711 2298
internal_value=-0.000168973 -0.000443142 -0.000191782
internal_weight=1577.36 1545.81 1509.5
internal_count=5215 5116 5009
is_linear=0
shrinkage=0.03


Tree=151
num_leaves=7
num_cat=0
split_feature=3 2 0 2 2 0
split_gain=3.71804 5.18979 4.38204 3.47295 2.7062 2.23174
threshold=-1.5971319079399107 -0.032749578356742852 -1.7092337012290952 -0.064695522189140306 -0.17603122442960736 -2.4615638256072994
decision_type=2 2 2 2 2 2
left_child=2 3 4 -2 -1 -3
right_child=1 5 -4 -5 -6 -7
leaf_value=-0.0051223605257852403 0.0011356318980585765 -0.0064414564189821388 -0.0064637561537963075 0.0078145008884694216 0.0030365794068657232 -0.00078240757042855589
leaf_weight=30.882791981101036 550.75101369991899 59.068412248045206 159.24844650551677 70.08983987569809 100.89035398513079 576.4081568941474
leaf_count=128 1738 238 505 206 338 2002
internal_value=-0.000431269 0.00024776 -0.00338293 0.00220362 0.00030607 -0.00158045
internal_weight=1547.34 1256.32 291.022 620.841 131.773 635.477
internal_count=5155 4184 971 1944 466 2240
is_linear=0
shrinkage=0.03


Tree=152
num_leaves=7
num_cat=0
split_feature=1 2 5 1 2 0
split_gain=2.6694 3.49955 5.84431 2.20725 0.799213 0.340143
threshold=0.42674675583839422 -0.27783003449439997 1.0000000180025095e-35 -0.18503660708665845 0.53714558482170116 -1.4392300844192503
decision_type=2 2 2 2 2 2
left_child=1 2 -1 -3 5 -2
right_child=4 3 -4 -5 -6 -7
leaf_value=-0.0053592318590873949 0.00072133627709146202 0.0037377174424705313 0.003665870615191648 0.00040731817589788008 -0.0065128066936812933 -0.002490607249314773
leaf_weight=186.53826225176454 30.919497879222035 217.8116902820766 69.417704444378614 997.392507776618 48.112322935834527 25.692840993404388
leaf_count=660 147 681 220 3217 197 95
internal_value=2.1978e-06 0.000391764 -0.00260582 0.00110368 -0.0041746 -0.000222847
internal_weight=1575.88 1471.16 255.956 1215.2 104.725 56.6123
internal_count=5217 4778 880 3898 439 242
is_linear=0
shrinkage=0.03


Tree=153
num_leaves=7
num_cat=0
split_feature=2 0 2 5 7 0
split_gain=1.73909 4.2151 2.01501 1.96995 1.45526 1.11581
threshold=-0.37809583544731135 -1.8103052377700803 -0.34339734911918635 1.0000000180025095e-35 1.0000000180025095e-35 -0.93068662285804737
decision_type=2 2 2 2 2 2
left_child=1 3 -2 -1 -4 -3
right_child=2 5 4 -5 -6 -7
leaf_value=-0.0016764222154761338 0.0055978287945544786 -0.0097606720081214026 -0.0010371647341742838 0.00627372947585362 0.0010071060383643313 0
leaf_weight=47.217200499027967 31.561492227017879 50.144197840243578 1012.8739399276674 22.854447040706873 407.09525916352868 22.2925655990839
leaf_count=190 109 190 3479 76 1154 74
internal_value=-0.000533335 -0.00349721 -0.000157997 0.00106774 -0.000403571 -0.00783778
internal_weight=1594.04 142.508 1451.53 70.0716 1419.97 72.4368
internal_count=5272 530 4742 266 4633 264
is_linear=0
shrinkage=0.03


Tree=154
num_leaves=7
num_cat=0
split_feature=1 2 2 3 3 2
split_gain=3.67419 3.34218 3.40886 2.93631 1.06117 2.66159
threshold=0.37393912672996527 -0.1613783314824104 -0.20587632060050962 -1.8914484381675718 0.12770533561706546 0.42997992038726812
decision_type=2 2 2 2 2 2
left_child=1 2 -1 -3 5 -2
right_child=4 3 -4 -5 -6 -7
leaf_value=0.0004378958343881888 -0.0090172618210513575 0.0065946237262341778 -0.0052872912271208182 0.0014058771102690695 0 0
leaf_weight=366.30895569548011 46.773327384144068 106.75187682360411 98.845922242850065 863.6045908331871 29.9073724783957 53.510461149737239
leaf_count=1228 188 317 301 2822 147 204
internal_value=0.000668555 0.00115348 -0.00082285 0.00215894 -0.00372046 -0.0050223
internal_weight=1565.7 1435.51 465.155 970.356 130.191 100.284
internal_count=5207 4668 1529 3139 539 392
is_linear=0
shrinkage=0.03


Tree=155
num_leaves=7
num_cat=0
split_feature=2 2 6 0 0 2
split_gain=3.71923 5.66162 3.60694 3.31002 2.70282 2.61055
threshold=-0.16442787647247312 0.14675451070070269 1.0000000180025095e-35 -0.48781473934650416 -0.73420509696006764 0.41886904835700994
decision_type=2 2 2 2 2 2
left_child=2 3 4 -2 -1 -3
right_child=1 5 -4 -5 -6 -7
leaf_value=-0.0016794645621078317 0.0030247194068790989 -0.0033081958029824543 -0.0066678795727203241 -0.0041219875795286383 0.0055342369605439435 0.0015349074772450036
leaf_weight=306.22049708664417 652.23701076954603 307.21412091329694 112.46503118053079 39.814959414303303 32.851286828517914 110.95643897354603
leaf_count=998 2040 1097 379 127 100 437
internal_value=-0.000147529 0.000747896 -0.00241475 0.00242506 -0.000544137 -0.0018748
internal_weight=1561.76 1110.22 451.537 692.052 339.072 418.171
internal_count=5178 3701 1477 2167 1098 1534
is_linear=0
shrinkage=0.03


Tree=156
num_leaves=7
num_cat=0
split_feature=2 2 0 0 0 2
split_gain=3.07589 2.47077 3.35008 3.30813 1.48608 1.76693
threshold=0.15054602175951007 0.10283476486802103 -1.1506561040878294 -1.4725311398506162 -1.0729326009750364 0.32595914602279669
decision_type=2 2 2 2 2 2
left_child=1 2 -1 -3 5 -2
right_child=4 3 -4 -5 -6 -7
leaf_value=0.001817629144124138 -0.0047097012263737975 0 -0.0018785878021842822 0.010439369004789463 0.0008666749539100614 0
leaf_weight=811.1491138767451 156.42258071526885 48.02572575211525 268.77197203785181 40.467800684273243 112.4291204251349 139.21566015668213
leaf_count=2619 621 176 827 116 339 548
internal_value=0.00053415 0.00134152 0.00082573 0.00577034 -0.00159209 -0.0027129
internal_weight=1576.48 1168.41 1079.92 88.4935 408.067 295.638
internal_count=5246 3738 3446 292 1508 1169
is_linear=0
shrinkage=0.03


Tree=157
num_leaves=7
num_cat=0
split_feature=3 0 2 0 2 0
split_gain=1.85757 3.71591 2.48665 3.30251 2.28661 1.54446
threshold=-1.5971319079399107 -2.4841738939285274 0.0095825088210403937 -2.3102626800537105 0.087210934609174742 -0.64497974514961232
decision_type=2 2 2 2 2 2
left_child=1 -1 3 -2 -4 -3
right_child=2 5 4 -5 -6 -7
leaf_value=0.0060040666659166853 0.0062934385056330399 -0.0016019156870868882 -0.0038425433045060206 0.00082685024660565079 0.00033380181820719638 -0.0083136880202702972
leaf_weight=25.050290614366531 112.58322447165847 249.16424552723765 133.53086636960506 599.65782599709928 417.89979709871113 29.728822700679302
leaf_count=79 356 853 439 1853 1556 96
internal_value=0.000207146 -0.0017723 0.000750185 0.00192118 -0.000671608 -0.00302653
internal_weight=1567.62 303.943 1263.67 712.241 551.431 278.893
internal_count=5232 1028 4204 2209 1995 949
is_linear=0
shrinkage=0.03


Tree=158
num_leaves=7
num_cat=0
split_feature=1 3 1 0 1 1
split_gain=5.20308 3.12431 3.34273 2.37712 8.40146 7.12356
threshold=-0.12411308661103247 -1.9616612195968626 -0.70577925443649281 -1.4725311398506162 0.12649095803499225 0.12649095803499225
decision_type=2 2 2 2 2 2
left_child=1 -1 -3 4 -2 -5
right_child=3 2 -4 5 -6 -7
leaf_value=-0.0044424699225763592 -0.0059151447722500224 -0.0045957348458448106 0.0036216719930815774 0.003257287394394195 0.0011810625042675781 -0.003852647502886965
leaf_weight=33.835154265165329 304.50591045618057 25.778368500992656 473.0163441374898 271.27479773759842 247.45940175838768 203.82529669627547
leaf_count=104 1059 87 1558 781 975 638
internal_value=-0.000114687 0.00220038 0.00292054 -0.00139167 -0.00269879 5.3415e-05
internal_weight=1559.7 532.63 498.795 1027.07 551.965 475.1
internal_count=5202 1749 1645 3453 2034 1419
is_linear=0
shrinkage=0.03


Tree=159
num_leaves=6
num_cat=0
split_feature=3 1 3 3 3
split_gain=2.79114 5.31972 3.27401 3.21843 2.06698
threshold=-1.9616612195968626 0.062604922801256194 -0.19775586575269696 0.043976781889796264 -0.28545783460140223
decision_type=2 2 2 2 2
left_child=1 -1 4 -4 -2
right_child=2 -3 3 -5 -6
leaf_value=-0.0085925446429708958 0.0011153947632570578 0.0021851644257065077 -0.0053788612174002683 0 0.0073834312612551046
leaf_weight=68.150300540030003 974.64224680513144 52.469900511205196 114.60677679255605 328.17863256298006 36.030667193233967
leaf_count=220 3135 152 395 1236 113
internal_value=0.000153368 -0.00383357 0.000572502 -0.00146841 0.001536
internal_weight=1574.08 120.62 1453.46 442.785 1010.67
internal_count=5251 372 4879 1631 3248
is_linear=0
shrinkage=0.03


Tree=160
num_leaves=7
num_cat=0
split_feature=3 0 0 0 0 0
split_gain=1.74481 4.80715 4.75607 2.55535 4.73883 3.30033
threshold=-0.19775586575269696 -1.740433871746063 -1.3482112884521482 -1.7922525405883787 -1.895242393016815 -1.5901114344596861
decision_type=2 2 2 2 2 2
left_child=3 -2 -3 4 -1 -5
right_child=1 2 -4 5 -6 -7
leaf_value=0.0013389728775655974 -0.0047860953249581712 0.0061584208395648148 -0.001418942109783633 -0.004153074078093187 0.010281823547595235 0.00097126185829298883
leaf_weight=396.37694666534662 167.86821288056672 95.527595840394497 173.61466556414962 120.58340264856815 49.139775764197111 558.27382956817746
leaf_count=1360 723 344 539 388 162 1682
internal_value=0.000495633 -0.00101183 0.00130296 0.00114141 0.0028536 0
internal_weight=1561.38 437.01 269.142 1124.37 445.517 678.857
internal_count=5198 1606 883 3592 1522 2070
is_linear=0
shrinkage=0.03


Tree=161
num_leaves=7
num_cat=0
split_feature=2 2 2 3 3 3
split_gain=3.20112 2.29842 3.03861 0.864121 2.64026 2.1067
threshold=-0.043583400547504418 -0.056860679760575288 -0.084547150880098329 -0.6763232648372649 0.28277757763862615 -0.75083830952644337
decision_type=2 2 2 2 2 2
left_child=1 2 -1 5 -5 -2
right_child=3 -3 -4 4 -6 -7
leaf_value=0.0014245057555797951 -0.0014061286646496261 0.0071883636106846154 -0.0044033408527927136 0.0015447335662053027 -0.0035623099384463363 -0.008762876078753784
leaf_weight=625.18041290342808 438.10143084637821 36.571033887565136 69.213948173448443 233.8704423867166 119.96953822299838 25.773952431976795
leaf_count=2053 1450 103 212 836 475 87
internal_value=-0.000139504 0.00124224 0.000652614 -0.00144645 -0.000124258 -0.00228419
internal_weight=1548.68 730.965 694.394 817.715 353.84 463.875
internal_count=5216 2368 2265 2848 1311 1537
is_linear=0
shrinkage=0.03


Tree=162
num_leaves=7
num_cat=0
split_feature=2 2 7 2 3 3
split_gain=2.45666 4.5001 2.46229 4.3592 1.47275 1.39143
threshold=0.2894380539655686 0.35355722904205328 1.0000000180025095e-35 -0.43577478826045984 0.12770533561706546 -1.0237202644348142
decision_type=2 2 2 2 2 2
left_child=2 -2 4 -4 -1 -3
right_child=1 5 3 -5 -6 -7
leaf_value=0.00097261356650066007 -0.0082229694455542603 0.0035971811482273536 -0.0052633584364978735 0.0042809568557124625 -0.001791449312970455 -0.0014224988511963557
leaf_weight=786.87445396184921 53.869528949260712 61.900026068091393 26.199721124023199 352.70479474589229 192.21214785240591 91.563035111874342
leaf_count=2595 209 202 100 1019 724 394
internal_value=0.000735157 -0.00207412 0.00123149 0.00323979 0.000344925 0.00043762
internal_weight=1565.32 207.333 1357.99 378.905 979.087 153.463
internal_count=5243 805 4438 1119 3319 596
is_linear=0
shrinkage=0.03


Tree=163
num_leaves=7
num_cat=0
split_feature=2 2 5 3 2 2
split_gain=3.46412 6.27069 2.05341 1.56889 3.53272 2.52863
threshold=-0.015598172321915625 -0.059077348560094826 1.0000000180025095e-35 -0.68867215514183033 0.48047161102294927 0.41886904835700994
decision_type=2 2 2 2 2 2
left_child=1 2 -1 5 -5 -2
right_child=3 -3 -4 4 -6 -7
leaf_value=-0.00042130422656885781 -0.0032046958391756834 0.0075193783445468747 0.0030413136325193354 0.0018464696502258047 -0.0059123558550966872 0.0027087951975410256
leaf_weight=514.59774755686522 360.31863404810429 122.64103159308434 187.42835732735693 283.66803766787052 42.729438330978155 51.594803439453244
leaf_count=1670 1207 353 597 1037 192 189
internal_value=0.0004063 0.00175004 0.00047869 -0.00102205 0.000374815 -0.00223394
internal_weight=1562.98 824.667 702.026 738.311 326.397 411.913
internal_count=5245 2620 2267 2625 1229 1396
is_linear=0
shrinkage=0.03


Tree=164
num_leaves=7
num_cat=0
split_feature=3 0 3 2 3 0
split_gain=2.76238 3.11376 8.57502 3.52091 2.96182 6.29674
threshold=-0.75083830952644337 -0.94218420982360829 0.043976781889796264 0.1216593235731125 -1.2779197096824644 -1.0899857878684995
decision_type=2 2 2 2 2 2
left_child=4 3 -3 -2 -1 -6
right_child=1 2 -4 -5 5 -7
leaf_value=-0.0002935519204414079 0.0010467762563731795 -0.010980419962085881 0.0022687869593206768 -0.00380122204865982 0.00042055580883644511 0.0095509106522295648
leaf_weight=487.5132824126631 434.78441017121077 75.403914108872414 59.71213585883379 168.42375805228949 258.53765144571662 81.753238245844841
leaf_count=1616 1417 232 181 714 830 253
internal_value=-2.9577e-05 -0.00138055 -0.00520078 -0.000289122 0.00110874 0.00318903
internal_weight=1566.13 738.324 135.116 603.208 827.804 340.291
internal_count=5243 2544 413 2131 2699 1083
is_linear=0
shrinkage=0.03


Tree=165
num_leaves=7
num_cat=0
split_feature=0 7 3 0 1 0
split_gain=3.05172 6.36482 9.72663 2.85684 2.89355 2.68869
threshold=-1.3280583024024961 1.0000000180025095e-35 -0.75987342000007618 -2.6104525327682491 0.33797986805439001 -0.40836200118064875
decision_type=2 2 2 2 2 2
left_child=3 5 -3 -1 -5 -2
right_child=1 2 -4 4 -6 -7
leaf_value=0.0052660337832804429 -0.0023065575739324652 0.0092821148404741739 -0.0030311330385225906 -0.002369247491826325 0.0023636771670688594 0.0040139469041823974
leaf_weight=32.356269277632236 293.5851961709559 146.61027229577303 67.004696622490883 849.32834998331964 105.40193667821586 51.004150077700615
leaf_count=106 950 426 188 2937 451 169
internal_value=-0.00033416 0.00135675 0.00523414 -0.00135791 -0.0017474 -0.00103759
internal_weight=1545.29 558.204 213.615 987.087 954.73 344.589
internal_count=5227 1733 614 3494 3388 1119
is_linear=0
shrinkage=0.03


Tree=166
num_leaves=5
num_cat=0
split_feature=1 1 2 0
split_gain=3.28022 2.72383 1.56467 1.29194
threshold=-0.70577925443649281 -0.21934386342763898 -0.41794314980506891 -1.7485793828964231
decision_type=2 2 2 2
left_child=-1 2 -2 -3
right_child=1 3 -4 -5
leaf_value=-0.0084087471977144484 -0.00083560851310104641 0.00031594481388705294 0.0033463626492016745 -0.0015962660546687602
leaf_weight=24.212762326002121 75.585143376141787 479.45831070374697 254.23786083236337 702.54198281094432
leaf_count=83 284 1799 814 2211
internal_value=-0.000340297 -6.38066e-05 0.00222349 -0.000778343
internal_weight=1536.04 1511.82 329.823 1182
internal_count=5191 5108 1098 4010
is_linear=0
shrinkage=0.03


Tree=167
num_leaves=7
num_cat=0
split_feature=2 6 2 0 2 0
split_gain=2.34648 3.65294 3.38132 3.21335 2.68393 3.82461
threshold=-0.19263423234224317 1.0000000180025095e-35 0.19713198393583301 -0.48781473934650416 -0.36994911730289454 -1.9945685267448423
decision_type=2 2 2 2 2 2
left_child=4 3 -3 -2 -1 -6
right_child=1 2 -4 -5 5 -7
leaf_value=-0.0015823957204814572 -0.0015785199745493004 0.003362879580275588 -0.0031875694098384613 -0.0084141382919441371 -0.0019033861018660806 0.0053721269881862963
leaf_weight=142.1048138178885 816.31370923202485 220.79112384468317 74.405062180012465 55.96303029358387 68.617263853549957 182.4574018009007
leaf_count=534 2779 682 299 162 233 544
internal_value=-0.000574467 -0.00127201 0.00142397 -0.00226309 0.00131284 0.0031687
internal_weight=1560.65 1167.47 295.196 872.277 393.179 251.075
internal_count=5233 3922 981 2941 1311 777
is_linear=0
shrinkage=0.03


Tree=168
num_leaves=7
num_cat=0
split_feature=1 0 1 3 3 3
split_gain=3.51084 3.10761 4.71808 4.61354 0.440076 1.81583
threshold=0.37393912672996527 -0.64497974514961232 0.27961894869804388 -1.5173338651657102 -0.4412234872579574 0.47711004316806799
decision_type=2 2 2 2 2 2
left_child=1 2 -1 -3 -2 -6
right_child=4 3 -4 -5 5 -7
leaf_value=3.926344666464467e-05 -0.0062281184266528957 -0.011525736628440794 0.0071155650473860178 0 0.0021699615798854675 -0.0060556769897597319
leaf_weight=1194.4409469682723 75.79298222437501 28.894757069647312 72.894905056804419 116.13773144036531 35.507288292050362 18.449597891420126
leaf_count=3982 287 96 248 340 158 98
internal_value=-0.000359872 6.06253e-05 0.000597111 -0.00376802 -0.00473456 -0.000708381
internal_weight=1542.12 1412.37 1267.34 145.032 129.75 53.9569
internal_count=5209 4666 4230 436 543 256
is_linear=0
shrinkage=0.03


Tree=169
num_leaves=7
num_cat=0
split_feature=2 3 0 0 7 3
split_gain=1.80282 2.04506 4.42512 2.22651 0.602025 0.666139
threshold=0.53714558482170116 -1.7760428190231321 -1.7877828478813169 -1.203863203525543 1.0000000180025095e-35 -0.4412234872579574
decision_type=2 2 2 2 2 2
left_child=1 2 -1 -3 5 -2
right_child=4 3 -4 -5 -6 -7
leaf_value=0.006773500330294239 -0.009075402695568573 -0.0015063586987721339 -0.0012084666239311028 0.0011152599696779945 0 0
leaf_weight=90.873672757297754 17.252166861668229 909.09622952342033 109.72683601826429 382.44409549236298 23.391185365617275 21.977193620055914
leaf_count=303 77 3184 348 1160 64 111
internal_value=-0.000479746 -0.000196073 0.00242172 -0.000679142 -0.00482925 -0.006456
internal_weight=1554.76 1492.14 200.601 1291.54 62.6205 39.2294
internal_count=5247 4995 651 4344 252 188
is_linear=0
shrinkage=0.03


Tree=170
num_leaves=7
num_cat=0
split_feature=1 2 1 1 2 2
split_gain=2.26006 3.81547 3.67376 3.3694 2.31531 1.45775
threshold=-0.043707801029086106 0.064941354095935835 0.093948893249034895 0.11755573004484178 -0.39460505545139307 0.18506394326686862
decision_type=2 2 2 2 2 2
left_child=4 2 -2 -3 -1 -6
right_child=1 3 -4 -5 5 -7
leaf_value=-0.0018870115016296578 -0.0054962598786272628 0.004711615097522011 0.00015182472341601034 -0.0005295474567341813 0.0027323986635347688 -0.0022320766802022625
leaf_weight=114.5212902855128 204.82598228007555 130.61568462476134 153.73818094283342 348.23060352541506 560.7415277659893 30.309088870882988
leaf_count=442 644 443 463 1315 1796 110
internal_value=0.000259762 -0.000740225 -0.00303601 0.000911398 0.00151698 0.0023149
internal_weight=1542.98 837.41 358.564 478.846 705.572 591.051
internal_count=5213 2865 1107 1758 2348 1906
is_linear=0
shrinkage=0.03


Tree=171
num_leaves=5
num_cat=0
split_feature=1 0 1 0
split_gain=1.60485 1.67338 2.95613 1.85588
threshold=0.6217477321624757 -2.2990939617156978 0.077361978590488448 -1.9517886042594907
decision_type=2 2 2 2
left_child=1 2 -1 -3
right_child=-2 3 -4 -5
leaf_value=0.0041321651708376671 -0.0052930721823246634 -0.0031001787541301323 -0.0018191366090456898 -0.00010170631466224716
leaf_weight=167.58910096436739 40.903768399730325 222.04514609836042 93.68264476582408 1015.5985954105854
leaf_count=583 160 843 351 3263
internal_value=-0.000467832 -0.000228693 0.00180731 -0.000728116
internal_weight=1539.82 1498.92 261.272 1237.64
internal_count=5200 5040 934 4106
is_linear=0
shrinkage=0.03


Tree=172
num_leaves=7
num_cat=0
split_feature=3 3 0 0 3 1
split_gain=1.74597 2.36206 7.99243 2.71472 1.99327 1.44325
threshold=0.65669724345207225 -1.1404416561126707 -1.4663750529289243 -1.4275178313255308 1.0460495948791506 -0.016156381927430626
decision_type=2 2 2 2 2 2
left_child=1 2 -1 -3 -2 -6
right_child=4 3 -4 -5 5 -7
leaf_value=-0.0047579941240017609 -0.0072746829677071889 0.0021071793372911146 0.0021144739368481962 -0.0011859180212723875 -0.0036882857534572492 0.0031914048371984257
leaf_weight=325.45804741606116 53.157502885907888 505.81363870576024 242.40027196705341 353.37381109595299 32.801647895947099 37.008660908788443
leaf_count=1129 227 1763 758 1076 133 151
internal_value=-0.000616978 -0.000251309 -0.00175016 0.000688355 -0.0038121 0
internal_weight=1550.01 1427.05 567.858 859.187 122.968 69.8103
internal_count=5237 4726 1887 2839 511 284
is_linear=0
shrinkage=0.03


Tree=173
num_leaves=5
num_cat=0
split_feature=1 1 1 1
split_gain=2.88687 0.971765 4.4517 1.90475
threshold=0.6217477321624757 0.068080399185419097 0.080994948744773879 -0.70577925443649281
decision_type=2 2 2 2
left_child=1 3 -3 -1
right_child=-2 2 -4 -5
leaf_value=-0.004686143044949893 -0.0060978730909787317 -0.0094453026438960069 0.0003454317551306152 0.0014792122300503489
leaf_weight=23.974594067782164 39.065611768513918 24.877792499959469 506.65675507858396 955.00728419609368
leaf_count=87 160 84 1764 3143
internal_value=0.000327499 0.000610389 -0.000329917 0.00117737
internal_weight=1549.58 1510.52 531.535 978.982
internal_count=5238 5078 1848 3230
is_linear=0
shrinkage=0.03


Tree=174
num_leaves=7
num_cat=0
split_feature=1 1 1 3 3 3
split_gain=1.51816 3.30675 2.78403 2.54198 4.23201 0.849296
threshold=0.017654364928603176 0.045519173145294196 0.068080399185419097 -1.9059560298919676 -0.52142193913459767 -0.64591732621192921
decision_type=2 2 2 2 2 2
left_child=3 5 -3 -1 -5 -2
right_child=1 2 -4 4 -6 -7
leaf_value=-0.0038568714685734578 -0.0091062506156869855 0.0047221916656497087 -0.00122615975228904 0.00299376922044884 -0.0013027673553488552 0
leaf_weight=80.35520938783884 38.300558172166348 58.573409181088209 567.15971870534122 455.76938056945801 325.73493410646915 25.050406791269779
leaf_count=257 124 185 2020 1470 1117 83
internal_value=-0.000257482 -0.00131348 -0.000447418 0.00052942 0.00114027 -0.00698794
internal_weight=1550.94 689.084 625.733 861.86 781.504 63.351
internal_count=5256 2412 2205 2844 2587 207
is_linear=0
shrinkage=0.03


Tree=175
num_leaves=7
num_cat=0
split_feature=3 3 0 2 2 2
split_gain=1.28618 2.60295 2.11531 2.09489 4.74642 2.13071
threshold=-0.5023394227027892 -0.68867215514183033 -1.0994862914085386 -0.26519255340099329 -0.16927984356880185 -0.36209933459758753
decision_type=2 2 2 2 2 2
left_child=1 2 -1 5 -5 -2
right_child=3 -3 -4 4 -6 -7
leaf_value=-0.0012012984690593772 -0.0013438080888345536 0.0039851729988743811 0.0021012308876883217 -0.0094221232788902244 -0.00089506959856437717 0.0055013650050426436
leaf_weight=643.01701255887747 59.439949406310916 127.79853205382824 210.86027387902141 55.204636164009571 406.83427618816495 51.666448354721069
leaf_count=2155 242 392 654 189 1455 158
internal_value=-0.000333695 0.000277148 -0.000287673 -0.00145516 -0.00238701 0.00173532
internal_weight=1554.82 981.676 853.877 573.145 462.039 111.106
internal_count=5245 3201 2809 2044 1644 400
is_linear=0
shrinkage=0.03


Tree=176
num_leaves=7
num_cat=0
split_feature=3 0 0 0 2 2
split_gain=2.08674 4.44583 5.68223 5.0676 2.54828 2.14645
threshold=-1.1609007120132444 -1.4765747189521787 -1.0030410289764402 -1.9196032881736753 0.48047161102294927 0.32595914602279669
decision_type=2 2 2 2 2 2
left_child=1 3 -3 -1 5 -2
right_child=4 2 -4 -5 -6 -7
leaf_value=-0.0004152698535279469 0.00094357471716562927 0.0057200051606510205 -0.0026806662645485306 -0.0086375815774731822 -0.0042455761884862761 0.0064389545353041398
leaf_weight=204.34055700153112 865.6199873238802 125.7847420796752 116.3816228620708 97.305312160402536 51.951614856719971 57.19739992171526
leaf_count=729 2866 393 364 351 237 229
internal_value=0.000174929 -0.00123818 0.00155739 -0.00362634 0.00103264 0.00147719
internal_weight=1518.58 543.812 242.166 301.646 974.769 922.817
internal_count=5169 1837 757 1080 3332 3095
is_linear=0
shrinkage=0.03


Tree=177
num_leaves=7
num_cat=0
split_feature=1 2 1 2 0 0
split_gain=1.83874 2.01971 2.68625 1.77334 0.728027 2.85874
threshold=0.42674675583839422 0.31944553554058081 0.16086642444133761 0.1528476104140282 -2.3271059989929195 -1.4455594420433042
decision_type=2 2 2 2 2 2
left_child=1 3 -3 -1 -2 -6
right_child=4 2 -4 -5 5 -7
leaf_value=0.00067748239498286995 -0.0070853246904863032 -0.00097223347363138441 0.0071797901275972445 -0.0022924699547089036 0.0036599760941336407 -0.0055750134741155274
leaf_weight=1134.5187702812254 17.90318045951426 35.026088088750839 69.497361376881599 190.91307042166591 38.151418648660183 38.701683387160301
leaf_count=3745 85 123 262 700 184 141
internal_value=0.000249071 0.000570865 0.00424879 0.000177381 -0.00333739 -0.000561984
internal_weight=1524.71 1429.96 104.523 1325.43 94.7563 76.8531
internal_count=5240 4830 385 4445 410 325
is_linear=0
shrinkage=0.03


Tree=178
num_leaves=6
num_cat=0
split_feature=2 3 1 0 1
split_gain=2.74862 4.41591 1.64281 2.20519 1.64477
threshold=0.54939743876457225 -1.0688874721527097 -0.40361039340496058 -0.48781473934650416 -0.46523393690586085
decision_type=2 2 2 2 2
left_child=2 -2 4 -4 -1
right_child=1 -3 3 -5 -6
leaf_value=0 0.0020123954975084617 -0.010687304757545334 0.0011293144949850154 -0.0029985663617339794 -0.006233492330647912
leaf_weight=84.755432810634375 24.235223136842251 32.907973483204842 1272.374232834205 102.41221014410257 42.535339541733265
leaf_count=307 74 159 4293 316 147
internal_value=7.72668e-05 -0.00539808 0.000393177 0.000740211 -0.00253912
internal_weight=1559.22 57.1432 1502.08 1374.79 127.291
internal_count=5296 233 5063 4609 454
is_linear=0
shrinkage=0.03


Tree=179
num_leaves=5
num_cat=0
split_feature=0 3 0 2
split_gain=1.87297 2.58024 1.33418 1.25002
threshold=-2.6104525327682491 -1.9616612195968626 -1.4725311398506162 0.087210934609174742
decision_type=2 2 2 2
left_child=-1 3 -3 -2
right_child=1 2 -4 -5
leaf_value=0.0055005518443850161 -0.00060325467968830857 -0.00082785999579780816 0.0010079082358469861 -0.0077366409900010407
leaf_weight=29.965008467435837 74.877684578299522 755.55957117304206 638.77211548388004 40.480224892497063
leaf_count=102 240 2785 1987 125
internal_value=-0.000146434 -0.000368194 0 -0.00432298
internal_weight=1539.65 1509.69 1394.33 115.358
internal_count=5239 5137 4772 365
is_linear=0
shrinkage=0.03


end of trees

feature_importances:
Column_3=263
Column_0=248
Column_2=228
Column_1=180
Column_7=36
Column_4=27
Column_5=24
Column_6=6

parameters:
[boosting: gbdt]
[objective: lambdarank]
[metric: ndcg]
[tree_learner: serial]
[device_type: cpu]
[data_sample_strategy: bagging]
[data: ]
[valid: ]
[num_iterations: 180]
[learning_rate: 0.03]
[num_leaves: 7]
[num_threads: 1]
[seed: 17]
[deterministic: 1]
[force_col_wise: 1]
[force_row_wise: 0]
[histogram_pool_size: -1]
[max_depth: 3]
[min_data_in_leaf: 80]
[min_sum_hessian_in_leaf: 0.001]
[bagging_fraction: 0.8]
[pos_bagging_fraction: 1]
[neg_bagging_fraction: 1]
[bagging_freq: 1]
[bagging_seed: 26602]
[bagging_by_query: 0]
[feature_fraction: 0.8]
[feature_fraction_bynode: 1]
[feature_fraction_seed: 18297]
[extra_trees: 0]
[extra_seed: 13015]
[early_stopping_round: 0]
[early_stopping_min_delta: 0]
[first_metric_only: 0]
[max_delta_step: 0]
[lambda_l1: 2]
[lambda_l2: 20]
[linear_lambda: 0]
[min_gain_to_split: 0]
[drop_rate: 0.1]
[max_drop: 50]
[skip_drop: 0.5]
[xgboost_dart_mode: 0]
[uniform_drop: 0]
[drop_seed: 30017]
[top_rate: 0.2]
[other_rate: 0.1]
[min_data_per_group: 100]
[max_cat_threshold: 32]
[cat_l2: 10]
[cat_smooth: 10]
[max_cat_to_onehot: 4]
[top_k: 20]
[monotone_constraints: ]
[monotone_constraints_method: basic]
[monotone_penalty: 0]
[feature_contri: ]
[forcedsplits_filename: ]
[refit_decay_rate: 0.9]
[cegb_tradeoff: 1]
[cegb_penalty_split: 0]
[cegb_penalty_feature_lazy: ]
[cegb_penalty_feature_coupled: ]
[path_smooth: 0]
[interaction_constraints: ]
[verbosity: -1]
[saved_feature_importance_type: 0]
[use_quantized_grad: 0]
[num_grad_quant_bins: 4]
[quant_train_renew_leaf: 0]
[stochastic_rounding: 1]
[linear_tree: 0]
[max_bin: 255]
[max_bin_by_feature: ]
[min_data_in_bin: 3]
[bin_construct_sample_cnt: 200000]
[data_random_seed: 94]
[is_enable_sparse: 1]
[enable_bundle: 1]
[use_missing: 1]
[zero_as_missing: 0]
[feature_pre_filter: 1]
[pre_partition: 0]
[two_round: 0]
[header: 0]
[label_column: ]
[weight_column: ]
[group_column: ]
[ignore_column: ]
[categorical_feature: ]
[forcedbins_filename: ]
[precise_float_parser: 0]
[parser_config_file: ]
[objective_seed: 20363]
[num_class: 1]
[is_unbalance: 0]
[scale_pos_weight: 1]
[sigmoid: 1]
[boost_from_average: 1]
[reg_sqrt: 0]
[alpha: 0.9]
[fair_c: 1]
[poisson_max_delta_step: 0.7]
[tweedie_variance_power: 1.5]
[lambdarank_truncation_level: 30]
[lambdarank_norm: 1]
[label_gain: 0,1,2,3]
[lambdarank_position_bias_regularization: 0]
[eval_at: 2]
[multi_error_top_k: 1]
[auc_mu_weights: ]
[num_machines: 1]
[local_listen_port: 12400]
[time_out: 120]
[machine_list_filename: ]
[machines: ]
[gpu_platform_id: -1]
[gpu_device_id: -1]
[gpu_device_id_list: ]
[gpu_use_dp: 0]
[num_gpu: 1]

end of parameters

pandas_categorical:null
