trade_date,strategy,equity_net,equity_gross,cash,positions,fees_cumulative,slippage_cumulative,turnover_cumulative,accounting_residual,shares_json,daily_return_net,drawdown,actual_exposure
2020-01-02,V11 LambdaRank Top2 ledger crosscheck,100000,100000,100000,0,0,0,0,0,{},0,0,0
2020-01-03,V11 LambdaRank Top2 ledger crosscheck,99844.38818,99900,651.3881751,2,25.82392485,29.7879,99293,0,"{""601288.SH"": 13300.0, ""601398.SH"": 8300.0}",-0.001556118249,-0.001556118249,0.9934759661
2020-01-06,V11 LambdaRank Top2 ledger crosscheck,99279.38818,99335,651.3881751,2,25.82392485,29.7879,99293,0,"{""601288.SH"": 13300.0, ""601398.SH"": 8300.0}",-0.005658805771,-0.007206118249,0.9934388377
2020-01-07,V11 LambdaRank Top2 ledger crosscheck,100010.3882,100066,651.3881751,2,25.82392485,29.7879,99293,0,"{""601288.SH"": 13300.0, ""601398.SH"": 8300.0}",0.007363059074,0,0.9934867949
2020-01-08,V11 LambdaRank Top2 ledger crosscheck,98781.38818,98837,651.3881751,2,25.82392485,29.7879,99293,0,"{""601288.SH"": 13300.0, ""601398.SH"": 8300.0}",-0.01228872343,-0.01228872343,0.9934057601
2020-01-09,V11 LambdaRank Top2 ledger crosscheck,98648.38818,98704,651.3881751,2,25.82392485,29.7879,99293,0,"{""601288.SH"": 13300.0, ""601398.SH"": 8300.0}",-0.001346407481,-0.01361858528,0.9933968696
2020-01-10,V11 LambdaRank Top2 ledger crosscheck,98648.38818,98704,651.3881751,2,25.82392485,29.7879,99293,0,"{""601288.SH"": 13300.0, ""601398.SH"": 8300.0}",0,-0.01361858528,0.9933968696
2020-01-13,V11 LambdaRank Top2 ledger crosscheck,98814.38818,98870,651.3881751,2,25.82392485,29.7879,99293,0,"{""601288.SH"": 13300.0, ""601398.SH"": 8300.0}",0.001682744169,-0.0119587577,0.9934079623
2020-01-14,V11 LambdaRank Top2 ledger crosscheck,98897.38818,98953,651.3881751,2,25.82392485,29.7879,99293,0,"{""601288.SH"": 13300.0, ""601398.SH"": 8300.0}",0.0008399586491,-0.01112884392,0.9934134947
2020-01-15,V11 LambdaRank Top2 ledger crosscheck,98000.38818,98056,651.3881751,2,25.82392485,29.7879,99293,0,"{""601288.SH"": 13300.0, ""601398.SH"": 8300.0}",-0.009070006969,-0.02009791219,0.9933532082
2020-01-16,V11 LambdaRank Top2 ledger crosscheck,96804.38818,96860,651.3881751,2,25.82392485,29.7879,99293,0,"{""601288.SH"": 13300.0, ""601398.SH"": 8300.0}",-0.01220403329,-0.0320566699,0.9932710884
2020-01-17,V11 LambdaRank Top2 ledger crosscheck,97103.38818,97159,651.3881751,2,25.82392485,29.7879,99293,0,"{""601288.SH"": 13300.0, ""601398.SH"": 8300.0}",0.003088702957,-0.02906698047,0.993291808
2020-01-20,V11 LambdaRank Top2 ledger crosscheck,97269.38818,97325,651.3881751,2,25.82392485,29.7879,99293,0,"{""601288.SH"": 13300.0, ""601398.SH"": 8300.0}",0.001709518104,-0.0274071529,0.9933032562
2020-01-21,V11 LambdaRank Top2 ledger crosscheck,96156.38818,96212,651.3881751,2,25.82392485,29.7879,99293,0,"{""601288.SH"": 13300.0, ""601398.SH"": 8300.0}",-0.01144244886,-0.03853599681,0.9932257421
2020-01-22,V11 LambdaRank Top2 ledger crosscheck,96189.38818,96245,651.3881751,2,25.82392485,29.7879,99293,0,"{""601288.SH"": 13300.0, ""601398.SH"": 8300.0}",0.0003431909271,-0.03820603109,0.9932280661
2020-01-23,V11 LambdaRank Top2 ledger crosscheck,94943.38818,94999,651.3881751,2,25.82392485,29.7879,99293,0,"{""601288.SH"": 13300.0, ""601398.SH"": 8300.0}",-0.01295361187,-0.05066473686,0.9931391939
2020-02-03,V11 LambdaRank Top2 ledger crosscheck,90458.38818,90514,651.3881751,2,25.82392485,29.7879,99293,0,"{""601288.SH"": 13300.0, ""601398.SH"": 8300.0}",-0.0472386765,-0.09551007825,0.9927990296
2020-02-04,V11 LambdaRank Top2 ledger crosscheck,92509.32105,92637,767.3210531,2,71.21444694,56.4645,188215,0,"{""601398.SH"": 8300.0, ""601939.SH"": 6900.0}",0.02267266662,-0.07500287979,0.9917054731
2020-02-05,V11 LambdaRank Top2 ledger crosscheck,92633.32105,92761,767.3210531,2,71.21444694,56.4645,188215,0,"{""601398.SH"": 8300.0, ""601939.SH"": 6900.0}",0.00134040547,-0.07376300859,0.9917165762
2020-02-06,V11 LambdaRank Top2 ledger crosscheck,92578.32105,92706,767.3210531,2,71.21444694,56.4645,188215,0,"{""601398.SH"": 8300.0, ""601939.SH"": 6900.0}",-0.0005937388337,-0.07431295146,0.9917116551
2020-02-07,V11 LambdaRank Top2 ledger crosscheck,91666.32105,91794,767.3210531,2,71.21444694,56.4645,188215,0,"{""601398.SH"": 8300.0, ""601939.SH"": 6900.0}",-0.009851118379,-0.08343200416,0.9916291933
2020-02-10,V11 LambdaRank Top2 ledger crosscheck,91431.32105,91559,767.3210531,2,71.21444694,56.4645,188215,0,"{""601398.SH"": 8300.0, ""601939.SH"": 6900.0}",-0.002563646029,-0.08578176006,0.9916076784
2020-02-11,V11 LambdaRank Top2 ledger crosscheck,92246.32105,92374,767.3210531,2,71.21444694,56.4645,188215,0,"{""601398.SH"": 8300.0, ""601939.SH"": 6900.0}",0.008913794426,-0.07763260661,0.9916818249
2020-02-12,V11 LambdaRank Top2 ledger crosscheck,92246.32105,92374,767.3210531,2,71.21444694,56.4645,188215,0,"{""601398.SH"": 8300.0, ""601939.SH"": 6900.0}",0,-0.07763260661,0.9916818249
2020-02-13,V11 LambdaRank Top2 ledger crosscheck,91348.32105,91476,767.3210531,2,71.21444694,56.4645,188215,0,"{""601398.SH"": 8300.0, ""601939.SH"": 6900.0}",-0.00973480557,-0.08661167385,0.991600053
2020-02-14,V11 LambdaRank Top2 ledger crosscheck,91721.32105,91849,767.3210531,2,71.21444694,56.4645,188215,0,"{""601398.SH"": 8300.0, ""601939.SH"": 6900.0}",0.004083271545,-0.08288206129,0.9916342128
2020-02-17,V11 LambdaRank Top2 ledger crosscheck,92840.32105,92968,767.3210531,2,71.21444694,56.4645,188215,0,"{""601398.SH"": 8300.0, ""601939.SH"": 6900.0}",0.01219999873,-0.0716932236,0.9917350452
2020-02-18,V11 LambdaRank Top2 ledger crosscheck,92315.32105,92443,767.3210531,2,71.21444694,56.4645,188215,0,"{""601398.SH"": 8300.0, ""601939.SH"": 6900.0}",-0.005654870578,-0.07694267828,0.9916880422
2020-02-19,V11 LambdaRank Top2 ledger crosscheck,92550.32105,92678,767.3210531,2,71.21444694,56.4645,188215,0,"{""601398.SH"": 8300.0, ""601939.SH"": 6900.0}",0.002545622951,-0.07459292238,0.9917091476
2020-02-20,V11 LambdaRank Top2 ledger crosscheck,93144.32105,93272,767.3210531,2,71.21444694,56.4645,188215,0,"{""601398.SH"": 8300.0, ""601939.SH"": 6900.0}",0.006418130086,-0.06865353937,0.99176202
2020-02-21,V11 LambdaRank Top2 ledger crosscheck,93047.32105,93175,767.3210531,2,71.21444694,56.4645,188215,0,"{""601398.SH"": 8300.0, ""601939.SH"": 6900.0}",-0.001041394676,-0.06962343862,0.9917534321
2020-02-24,V11 LambdaRank Top2 ledger crosscheck,92218.32105,92346,767.3210531,2,71.21444694,56.4645,188215,0,"{""601398.SH"": 8300.0, ""601939.SH"": 6900.0}",-0.008909445115,-0.07791257753,0.9916792993
2020-02-25,V11 LambdaRank Top2 ledger crosscheck,91486.32105,91614,767.3210531,2,71.21444694,56.4645,188215,0,"{""601398.SH"": 8300.0, ""601939.SH"": 6900.0}",-0.007937685176,-0.08523181719,0.9916127237
2020-02-26,V11 LambdaRank Top2 ledger crosscheck,91555.32105,91683,767.3210531,2,71.21444694,56.4645,188215,0,"{""601398.SH"": 8300.0, ""601939.SH"": 6900.0}",0.0007542111127,-0.08454188886,0.9916190447
2020-02-27,V11 LambdaRank Top2 ledger crosscheck,91610.32105,91738,767.3210531,2,71.21444694,56.4645,188215,0,"{""601398.SH"": 8300.0, ""601939.SH"": 6900.0}",0.000600729694,-0.08399194599,0.9916240764
2020-02-28,V11 LambdaRank Top2 ledger crosscheck,89607.32105,89735,767.3210531,2,71.21444694,56.4645,188215,0,"{""601398.SH"": 8300.0, ""601939.SH"": 6900.0}",-0.02186434866,-0.1040198655,0.9914368486
2020-03-02,V11 LambdaRank Top2 ledger crosscheck,90726.32105,90854,767.3210531,2,71.21444694,56.4645,188215,0,"{""601398.SH"": 8300.0, ""601939.SH"": 6900.0}",0.01248781893,-0.09283102777,0.9915424648
2020-03-03,V11 LambdaRank Top2 ledger crosscheck,90957.15458,91090,225.1545814,2,76.21981855,56.6256,188752,0,"{""601398.SH"": 8400.0, ""601939.SH"": 6900.0}",0.002544284015,-0.09052293226,0.9975246083
2020-03-04,V11 LambdaRank Top2 ledger crosscheck,91041.15458,91174,225.1545814,2,76.21981855,56.6256,188752,0,"{""601398.SH"": 8400.0, ""601939.SH"": 6900.0}",0.000923511739,-0.08968301951,0.9975268923
2020-03-05,V11 LambdaRank Top2 ledger crosscheck,92388.15458,92521,225.1545814,2,76.21981855,56.6256,188752,0,"{""601398.SH"": 8400.0, ""601939.SH"": 6900.0}",0.01479550656,-0.07621441865,0.9975629497
2020-03-06,V11 LambdaRank Top2 ledger crosscheck,91416.15458,91549,225.1545814,2,76.21981855,56.6256,188752,0,"{""601398.SH"": 8400.0, ""601939.SH"": 6900.0}",-0.01052082926,-0.08593340902,0.9975370373
2020-03-09,V11 LambdaRank Top2 ledger crosscheck,89541.15458,89674,225.1545814,2,76.21981855,56.6256,188752,0,"{""601398.SH"": 8400.0, ""601939.SH"": 6900.0}",-0.02051059803,-0.1046814614,0.9974854626
2020-03-10,V11 LambdaRank Top2 ledger crosscheck,90306.15458,90439,225.1545814,2,76.21981855,56.6256,188752,0,"{""601398.SH"": 8400.0, ""601939.SH"": 6900.0}",0.008543557469,-0.09703225606,0.9975067637
2020-03-11,V11 LambdaRank Top2 ledger crosscheck,89901.15458,90034,225.1545814,2,76.21981855,56.6256,188752,0,"{""601398.SH"": 8400.0, ""601939.SH"": 6900.0}",-0.004484744167,-0.1010818354,0.9974955318
2020-03-12,V11 LambdaRank Top2 ledger crosscheck,89787.15458,89920,225.1545814,2,76.21981855,56.6256,188752,0,"{""601398.SH"": 8400.0, ""601939.SH"": 6900.0}",-0.001268059354,-0.102221717,0.997492352
2020-03-13,V11 LambdaRank Top2 ledger crosscheck,88854.15458,88987,225.1545814,2,76.21981855,56.6256,188752,0,"{""601398.SH"": 8400.0, ""601939.SH"": 6900.0}",-0.01039124142,-0.1115507478,0.9974660208
2020-03-16,V11 LambdaRank Top2 ledger crosscheck,87951.15458,88084,225.1545814,2,76.21981855,56.6256,188752,0,"{""601398.SH"": 8400.0, ""601939.SH"": 6900.0}",-0.01016272119,-0.1205798099,0.9974400043
2020-03-17,V11 LambdaRank Top2 ledger crosscheck,88158.15458,88291,225.1545814,2,76.21981855,56.6256,188752,0,"{""601398.SH"": 8400.0, ""601939.SH"": 6900.0}",0.002353579109,-0.1185100249,0.9974460153
2020-03-18,V11 LambdaRank Top2 ledger crosscheck,87240.15458,87373,225.1545814,2,76.21981855,56.6256,188752,0,"{""601398.SH"": 8400.0, ""601939.SH"": 6900.0}",-0.01041310364,-0.1276890714,0.9974191405
2020-03-19,V11 LambdaRank Top2 ledger crosscheck,84990.15458,85123,225.1545814,2,76.21981855,56.6256,188752,0,"{""601398.SH"": 8400.0, ""601939.SH"": 6900.0}",-0.0257908759,-0.1501867343,0.9973508157
2020-03-20,V11 LambdaRank Top2 ledger crosscheck,86505.15458,86638,225.1545814,2,76.21981855,56.6256,188752,0,"{""601398.SH"": 8400.0, ""601939.SH"": 6900.0}",0.01782559412,-0.1350383079,0.997397212
2020-03-23,V11 LambdaRank Top2 ledger crosscheck,84714.15458,84847,225.1545814,2,76.21981855,56.6256,188752,0,"{""601398.SH"": 8400.0, ""601939.SH"": 6900.0}",-0.02070396855,-0.1529464476,0.9973421846
2020-03-24,V11 LambdaRank Top2 ledger crosscheck,87186.15458,87319,225.1545814,2,76.21981855,56.6256,188752,0,"{""601398.SH"": 8400.0, ""601939.SH"": 6900.0}",0.02918048362,-0.1282290153,0.997417542
2020-03-25,V11 LambdaRank Top2 ledger crosscheck,87759.15458,87892,225.1545814,2,76.21981855,56.6256,188752,0,"{""601398.SH"": 8400.0, ""601939.SH"": 6900.0}",0.006572144428,-0.1224996105,0.9974344035
2020-03-26,V11 LambdaRank Top2 ledger crosscheck,87897.15458,88030,225.1545814,2,76.21981855,56.6256,188752,0,"{""601398.SH"": 8400.0, ""601939.SH"": 6900.0}",0.001572485522,-0.1211197538,0.9974384315
2020-03-27,V11 LambdaRank Top2 ledger crosscheck,88632.15458,88765,225.1545814,2,76.21981855,56.6256,188752,0,"{""601398.SH"": 8400.0, ""601939.SH"": 6900.0}",0.008362045433,-0.1137705173,0.9974596738
2020-03-30,V11 LambdaRank Top2 ledger crosscheck,88716.15458,88849,225.1545814,2,76.21981855,56.6256,188752,0,"{""601398.SH"": 8400.0, ""601939.SH"": 6900.0}",0.0009477373127,-0.1129306045,0.9974620791
2020-03-31,V11 LambdaRank Top2 ledger crosscheck,87231.15458,87364,225.1545814,2,76.21981855,56.6256,188752,0,"{""601398.SH"": 8400.0, ""601939.SH"": 6900.0}",-0.01673877781,-0.127779062,0.9974188742
2020-04-01,V11 LambdaRank Top2 ledger crosscheck,87591.15458,87724,225.1545814,2,76.21981855,56.6256,188752,0,"{""601398.SH"": 8400.0, ""601939.SH"": 6900.0}",0.004126965896,-0.124179436,0.9974294827
2020-04-02,V11 LambdaRank Top2 ledger crosscheck,87940.42729,88144,594.427288,2,120.790112,82.7826,275942,0,"{""601398.SH"": 8400.0, ""601988.SH"": 12500.0}",0.003987533995,-0.1206870717,0.9932405686
2020-04-03,V11 LambdaRank Top2 ledger crosscheck,87395.42729,87599,594.427288,2,120.790112,82.7826,275942,0,"{""601398.SH"": 8400.0, ""601988.SH"": 12500.0}",-0.006197377211,-0.1261365056,0.9931984166
2020-04-07,V11 LambdaRank Top2 ledger crosscheck,87813.42729,88017,594.427288,2,120.790112,82.7826,275942,0,"{""601398.SH"": 8400.0, ""601988.SH"": 12500.0}",0.004782858932,-0.1219569398,0.9932307928
2020-04-08,V11 LambdaRank Top2 ledger crosscheck,87395.42729,87599,594.427288,2,120.790112,82.7826,275942,0,"{""601398.SH"": 8400.0, ""601988.SH"": 12500.0}",-0.004760092083,-0.1261365056,0.9931984166
2020-04-09,V11 LambdaRank Top2 ledger crosscheck,87311.42729,87515,594.427288,2,120.790112,82.7826,275942,0,"{""601398.SH"": 8400.0, ""601988.SH"": 12500.0}",-0.0009611486849,-0.1269764183,0.993191873
2020-04-10,V11 LambdaRank Top2 ledger crosscheck,87268.42729,87472,594.427288,2,120.790112,82.7826,275942,0,"{""601398.SH"": 8400.0, ""601988.SH"": 12500.0}",-0.0004924899447,-0.1274063737,0.9931885184
2020-04-13,V11 LambdaRank Top2 ledger crosscheck,87434.42729,87638,594.427288,2,120.790112,82.7826,275942,0,"{""601398.SH"": 8400.0, ""601988.SH"": 12500.0}",0.001902177055,-0.1257465461,0.9932014504
2020-04-14,V11 LambdaRank Top2 ledger crosscheck,87727.42729,87931,594.427288,2,120.790112,82.7826,275942,0,"{""601398.SH"": 8400.0, ""601988.SH"": 12500.0}",0.003351082738,-0.1228168504,0.9932241568
2020-04-15,V11 LambdaRank Top2 ledger crosscheck,87936.42729,88140,594.427288,2,120.790112,82.7826,275942,0,"{""601398.SH"": 8400.0, ""601988.SH"": 12500.0}",0.002382379222,-0.1207270675,0.9932402611
2020-04-16,V11 LambdaRank Top2 ledger crosscheck,87977.42729,88181,594.427288,2,120.790112,82.7826,275942,0,"{""601398.SH"": 8400.0, ""601988.SH"": 12500.0}",0.000466245915,-0.1203171101,0.9932434113
2020-04-17,V11 LambdaRank Top2 ledger crosscheck,88604.42729,88808,594.427288,2,120.790112,82.7826,275942,0,"{""601398.SH"": 8400.0, ""601988.SH"": 12500.0}",0.007126828089,-0.1140477614,0.9932912236
2020-04-20,V11 LambdaRank Top2 ledger crosscheck,87977.42729,88181,594.427288,2,120.790112,82.7826,275942,0,"{""601398.SH"": 8400.0, ""601988.SH"": 12500.0}",-0.007076395832,-0.1203171101,0.9932434113
2020-04-21,V11 LambdaRank Top2 ledger crosscheck,87766.42729,87970,594.427288,2,120.790112,82.7826,275942,0,"{""601398.SH"": 8400.0, ""601988.SH"": 12500.0}",-0.002398342467,-0.122426891,0.9932271678
2020-04-22,V11 LambdaRank Top2 ledger crosscheck,87475.42729,87679,594.427288,2,120.790112,82.7826,275942,0,"{""601398.SH"": 8400.0, ""601988.SH"": 12500.0}",-0.003315618614,-0.1253365887,0.9932046369
2020-04-23,V11 LambdaRank Top2 ledger crosscheck,86432.42729,86636,594.427288,2,120.790112,82.7826,275942,0,"{""601398.SH"": 8400.0, ""601988.SH"": 12500.0}",-0.01192334845,-0.1357655053,0.9931226357
2020-04-24,V11 LambdaRank Top2 ledger crosscheck,85889.42729,86093,594.427288,2,120.790112,82.7826,275942,0,"{""601398.SH"": 8400.0, ""601988.SH"": 12500.0}",-0.006282364351,-0.1411949413,0.9930791565
2020-04-27,V11 LambdaRank Top2 ledger crosscheck,86350.42729,86554,594.427288,2,120.790112,82.7826,275942,0,"{""601398.SH"": 8400.0, ""601988.SH"": 12500.0}",0.005367366096,-0.1365854201,0.9931161048
2020-04-28,V11 LambdaRank Top2 ledger crosscheck,86393.42729,86597,594.427288,2,120.790112,82.7826,275942,0,"{""601398.SH"": 8400.0, ""601988.SH"": 12500.0}",0.0004979709001,-0.1361554648,0.9931195311
2020-04-29,V11 LambdaRank Top2 ledger crosscheck,87104.42729,87308,594.427288,2,120.790112,82.7826,275942,0,"{""601398.SH"": 8400.0, ""601988.SH"": 12500.0}",0.008229792732,-0.1290462033,0.9931756937
2020-04-30,V11 LambdaRank Top2 ledger crosscheck,87522.42729,87726,594.427288,2,120.790112,82.7826,275942,0,"{""601398.SH"": 8400.0, ""601988.SH"": 12500.0}",0.004798837591,-0.1248666375,0.9932082861
2020-05-06,V11 LambdaRank Top2 ledger crosscheck,86643.42729,86847,594.427288,2,120.790112,82.7826,275942,0,"{""601398.SH"": 8400.0, ""601988.SH"": 12500.0}",-0.01004314011,-0.1336557245,0.9931393839
2020-05-07,V11 LambdaRank Top2 ledger crosscheck,86434.42729,86638,594.427288,2,120.790112,82.7826,275942,0,"{""601398.SH"": 8400.0, ""601988.SH"": 12500.0}",-0.002412185281,-0.1357455074,0.9931227949
2020-05-08,V11 LambdaRank Top2 ledger crosscheck,86684.42729,86888,594.427288,2,120.790112,82.7826,275942,0,"{""601398.SH"": 8400.0, ""601988.SH"": 12500.0}",0.002892366015,-0.1332457671,0.9931426289
2020-05-11,V11 LambdaRank Top2 ledger crosscheck,87020.42729,87224,594.427288,2,120.790112,82.7826,275942,0,"{""601398.SH"": 8400.0, ""601988.SH"": 12500.0}",0.003876128741,-0.1298861161,0.9931691063
2020-05-12,V11 LambdaRank Top2 ledger crosscheck,86686.42729,86890,594.427288,2,120.790112,82.7826,275942,0,"{""601398.SH"": 8400.0, ""601988.SH"": 12500.0}",-0.003838179269,-0.1332257691,0.9931427871
2020-05-13,V11 LambdaRank Top2 ledger crosscheck,86936.42729,87140,594.427288,2,120.790112,82.7826,275942,0,"{""601398.SH"": 8400.0, ""601988.SH"": 12500.0}",0.002883957822,-0.1307260288,0.9931625061
2020-05-14,V11 LambdaRank Top2 ledger crosscheck,86559.42729,86763,594.427288,2,120.790112,82.7826,275942,0,"{""601398.SH"": 8400.0, ""601988.SH"": 12500.0}",-0.004336502106,-0.1344956372,0.9931327262
2020-05-15,V11 LambdaRank Top2 ledger crosscheck,86475.42729,86679,594.427288,2,120.790112,82.7826,275942,0,"{""601398.SH"": 8400.0, ""601988.SH"": 12500.0}",-0.0009704315594,-0.13533555,0.9931260555
2020-05-18,V11 LambdaRank Top2 ledger crosscheck,86559.42729,86763,594.427288,2,120.790112,82.7826,275942,0,"{""601398.SH"": 8400.0, ""601988.SH"": 12500.0}",0.0009713742115,-0.1344956372,0.9931327262
2020-05-19,V11 LambdaRank Top2 ledger crosscheck,86852.42729,87056,594.427288,2,120.790112,82.7826,275942,0,"{""601398.SH"": 8400.0, ""601988.SH"": 12500.0}",0.003384957701,-0.1315659416,0.9931558932
2020-05-20,V11 LambdaRank Top2 ledger crosscheck,86977.42729,87181,594.427288,2,120.790112,82.7826,275942,0,"{""601398.SH"": 8400.0, ""601988.SH"": 12500.0}",0.001439222874,-0.1303160714,0.9931657292
2020-05-21,V11 LambdaRank Top2 ledger crosscheck,86559.42729,86763,594.427288,2,120.790112,82.7826,275942,0,"{""601398.SH"": 8400.0, ""601988.SH"": 12500.0}",-0.004805844609,-0.1344956372,0.9931327262
2020-05-22,V11 LambdaRank Top2 ledger crosscheck,85764.42729,85968,594.427288,2,120.790112,82.7826,275942,0,"{""601398.SH"": 8400.0, ""601988.SH"": 12500.0}",-0.009184441544,-0.1424448115,0.9930690695
2020-05-25,V11 LambdaRank Top2 ledger crosscheck,86350.42729,86554,594.427288,2,120.790112,82.7826,275942,0,"{""601398.SH"": 8400.0, ""601988.SH"": 12500.0}",0.006832669657,-0.1365854201,0.9931161048
2020-05-26,V11 LambdaRank Top2 ledger crosscheck,86141.42729,86345,594.427288,2,120.790112,82.7826,275942,0,"{""601398.SH"": 8400.0, ""601988.SH"": 12500.0}",-0.002420370189,-0.138675203,0.9930994028
2020-05-27,V11 LambdaRank Top2 ledger crosscheck,86727.42729,86931,594.427288,2,120.790112,82.7826,275942,0,"{""601398.SH"": 8400.0, ""601988.SH"": 12500.0}",0.006802766316,-0.1328158117,0.9931460288
2020-05-28,V11 LambdaRank Top2 ledger crosscheck,87397.42729,87601,594.427288,2,120.790112,82.7826,275942,0,"{""601398.SH"": 8400.0, ""601988.SH"": 12500.0}",0.007725353109,-0.1261165077,0.9931985722
2020-05-29,V11 LambdaRank Top2 ledger crosscheck,86727.42729,86931,594.427288,2,120.790112,82.7826,275942,0,"{""601398.SH"": 8400.0, ""601988.SH"": 12500.0}",-0.007666129551,-0.1328158117,0.9931460288
2020-06-01,V11 LambdaRank Top2 ledger crosscheck,87313.42729,87517,594.427288,2,120.790112,82.7826,275942,0,"{""601398.SH"": 8400.0, ""601988.SH"": 12500.0}",0.006756801376,-0.1269564204,0.9931920289
2020-06-02,V11 LambdaRank Top2 ledger crosscheck,87411.25512,87685,350.2551234,2,164.9540766,108.7908,362636,0,"{""601288.SH"": 12700.0, ""601988.SH"": 12500.0}",0.001120421434,-0.1259782437,0.9959930203
2020-06-03,V11 LambdaRank Top2 ledger crosscheck,87534.25512,87808,350.2551234,2,164.9540766,108.7908,362636,0,"{""601288.SH"": 12700.0, ""601988.SH"": 12500.0}",0.001407141447,-0.1247483714,0.9959986508
2020-06-04,V11 LambdaRank Top2 ledger crosscheck,87407.25512,87681,350.2551234,2,164.9540766,108.7908,362636,0,"{""601288.SH"": 12700.0, ""601988.SH"": 12500.0}",-0.001450860578,-0.1260182395,0.9959928369
2020-06-05,V11 LambdaRank Top2 ledger crosscheck,87534.25512,87808,350.2551234,2,164.9540766,108.7908,362636,0,"{""601288.SH"": 12700.0, ""601988.SH"": 12500.0}",0.001452968633,-0.1247483714,0.9959986508
2020-06-08,V11 LambdaRank Top2 ledger crosscheck,87532.25512,87806,350.2551234,2,164.9540766,108.7908,362636,0,"{""601288.SH"": 12700.0, ""601988.SH"": 12500.0}",-2.284819808e-05,-0.1247683694,0.9959985594
2020-06-09,V11 LambdaRank Top2 ledger crosscheck,87659.25512,87933,350.2551234,2,164.9540766,108.7908,362636,0,"{""601288.SH"": 12700.0, ""601988.SH"": 12500.0}",0.001450893728,-0.1234985013,0.9960043566
2020-06-10,V11 LambdaRank Top2 ledger crosscheck,87280.25512,87554,350.2551234,2,164.9540766,108.7908,362636,0,"{""601288.SH"": 12700.0, ""601988.SH"": 12500.0}",-0.00432355944,-0.1272881076,0.9959870062
2020-06-11,V11 LambdaRank Top2 ledger crosscheck,86776.25512,87050,350.2551234,2,164.9540766,108.7908,362636,0,"{""601288.SH"": 12700.0, ""601988.SH"": 12500.0}",-0.005774501911,-0.1323275841,0.9959636986
2020-06-12,V11 LambdaRank Top2 ledger crosscheck,86776.25512,87050,350.2551234,2,164.9540766,108.7908,362636,0,"{""601288.SH"": 12700.0, ""601988.SH"": 12500.0}",0,-0.1323275841,0.9959636986
2020-06-15,V11 LambdaRank Top2 ledger crosscheck,85641.25512,85915,350.2551234,2,164.9540766,108.7908,362636,0,"{""601288.SH"": 12700.0, ""601988.SH"": 12500.0}",-0.01307961491,-0.1436764052,0.9959102056
2020-06-16,V11 LambdaRank Top2 ledger crosscheck,86270.25512,86544,350.2551234,2,164.9540766,108.7908,362636,0,"{""601288.SH"": 12700.0, ""601988.SH"": 12500.0}",0.007344591098,-0.1373870585,0.9959400245
2020-06-17,V11 LambdaRank Top2 ledger crosscheck,86272.25512,86546,350.2551234,2,164.9540766,108.7908,362636,0,"{""601288.SH"": 12700.0, ""601988.SH"": 12500.0}",2.318296146e-05,-0.1373670606,0.9959401186
2020-06-18,V11 LambdaRank Top2 ledger crosscheck,86145.25512,86419,350.2551234,2,164.9540766,108.7908,362636,0,"{""601288.SH"": 12700.0, ""601988.SH"": 12500.0}",-0.001472083926,-0.1386369287,0.9959341333
2020-06-19,V11 LambdaRank Top2 ledger crosscheck,86270.25512,86544,350.2551234,2,164.9540766,108.7908,362636,0,"{""601288.SH"": 12700.0, ""601988.SH"": 12500.0}",0.001451037551,-0.1373870585,0.9959400245
2020-06-22,V11 LambdaRank Top2 ledger crosscheck,86272.25512,86546,350.2551234,2,164.9540766,108.7908,362636,0,"{""601288.SH"": 12700.0, ""601988.SH"": 12500.0}",2.318296146e-05,-0.1373670606,0.9959401186
2020-06-23,V11 LambdaRank Top2 ledger crosscheck,85895.25512,86169,350.2551234,2,164.9540766,108.7908,362636,0,"{""601288.SH"": 12700.0, ""601988.SH"": 12500.0}",-0.004369886929,-0.141136669,0.9959222995
2020-06-24,V11 LambdaRank Top2 ledger crosscheck,86399.25512,86673,350.2551234,2,164.9540766,108.7908,362636,0,"{""601288.SH"": 12700.0, ""601988.SH"": 12500.0}",0.005867611654,-0.1360971925,0.9959460863
2020-06-29,V11 LambdaRank Top2 ledger crosscheck,86524.25512,86798,350.2551234,2,164.9540766,108.7908,362636,0,"{""601288.SH"": 12700.0, ""601988.SH"": 12500.0}",0.001446771732,-0.1348473223,0.9959519429
2020-06-30,V11 LambdaRank Top2 ledger crosscheck,86776.25512,87050,350.2551234,2,164.9540766,108.7908,362636,0,"{""601288.SH"": 12700.0, ""601988.SH"": 12500.0}",0.002912478121,-0.1323275841,0.9959636986
2020-07-01,V11 LambdaRank Top2 ledger crosscheck,87153.25512,87427,350.2551234,2,164.9540766,108.7908,362636,0,"{""601288.SH"": 12700.0, ""601988.SH"": 12500.0}",0.004344506449,-0.1285579757,0.9959811584
2020-07-02,V11 LambdaRank Top2 ledger crosscheck,88649.64307,89064,563.6430703,2,253.5155297,160.8414,536138,0,"{""601398.SH"": 8700.0, ""601939.SH"": 6800.0}",0.01716961627,-0.1135956505,0.9936419025
2020-07-03,V11 LambdaRank Top2 ledger crosscheck,90879.64307,91294,563.6430703,2,253.5155297,160.8414,536138,0,"{""601398.SH"": 8700.0, ""601939.SH"": 6800.0}",0.02515520562,-0.09129796686,0.9937979172
2020-07-06,V11 LambdaRank Top2 ledger crosscheck,98583.64307,98998,563.6430703,2,253.5155297,160.8414,536138,0,"{""601398.SH"": 8700.0, ""601939.SH"": 6800.0}",0.0847714597,-0.01426596908,0.9942825904
2020-07-07,V11 LambdaRank Top2 ledger crosscheck,98235.64307,98650,563.6430703,2,253.5155297,160.8414,536138,0,"{""601398.SH"": 8700.0, ""601939.SH"": 6800.0}",-0.003529997362,-0.0177456076,0.9942623364
2020-07-08,V11 LambdaRank Top2 ledger crosscheck,97316.64307,97731,563.6430703,2,253.5155297,160.8414,536138,0,"{""601398.SH"": 8700.0, ""601939.SH"": 6800.0}",-0.009355056589,-0.02693465303,0.9942081534
2020-07-09,V11 LambdaRank Top2 ledger crosscheck,96125.64307,96540,563.6430703,2,253.5155297,160.8414,536138,0,"{""601398.SH"": 8700.0, ""601939.SH"": 6800.0}",-0.01223839995,-0.03884341593,0.9941363922
2020-07-10,V11 LambdaRank Top2 ledger crosscheck,92596.83166,93011.18859,563.6430703,2,253.5155297,160.8414,536138,0,"{""601398.SH"": 8700.0, ""601939.SH"": 7117.4334}",-0.03671040624,-0.07412786459,0.9939129335
2020-07-13,V11 LambdaRank Top2 ledger crosscheck,92153.95999,92568.31692,563.6430703,2,253.5155297,160.8414,536138,0,"{""601398.SH"": 8700.0, ""601939.SH"": 7117.4334}",-0.004782795056,-0.07855612126,0.9938836804
2020-07-14,V11 LambdaRank Top2 ledger crosscheck,90975.56532,91389.92225,563.6430703,2,253.5155297,160.8414,536138,-1.455191523e-11,"{""601398.SH"": 8700.0, ""601939.SH"": 7117.4334}",-0.01278723855,-0.09033884395,0.9938044565
2020-07-15,V11 LambdaRank Top2 ledger crosscheck,89670.64765,90085.00458,563.6430703,2,253.5155297,160.8414,536138,0,"{""601398.SH"": 8700.0, ""601939.SH"": 7117.4334}",-0.01434360607,-0.1033866652,0.9937142969
2020-07-16,V11 LambdaRank Top2 ledger crosscheck,89425.47332,89839.83025,563.6430703,2,253.5155297,160.8414,536138,-1.455191523e-11,"{""601398.SH"": 8700.0, ""601939.SH"": 7117.4334}",-0.002734164859,-0.1058381539,0.9936970636
2020-07-17,V11 LambdaRank Top2 ledger crosscheck,89354.29899,89768.65592,563.6430703,2,253.5155297,160.8414,536138,0,"{""601398.SH"": 8700.0, ""601939.SH"": 7117.4334}",-0.0007959067041,-0.1065498233,0.9936920431
2020-07-20,V11 LambdaRank Top2 ledger crosscheck,90746.21666,91160.57359,563.6430703,2,253.5155297,160.8414,536138,0,"{""601398.SH"": 8700.0, ""601939.SH"": 7117.4334}",0.01557751207,-0.0926320924,0.9937887981
2020-07-21,V11 LambdaRank Top2 ledger crosscheck,90271.69366,90686.05059,563.6430703,2,253.5155297,160.8414,536138,0,"{""601398.SH"": 8700.0, ""601939.SH"": 7117.4334}",-0.005229121595,-0.09737682952,0.9937561483
2020-07-22,V11 LambdaRank Top2 ledger crosscheck,89971.17065,90385.52758,563.6430703,2,253.5155297,160.8414,536138,-1.455191523e-11,"{""601398.SH"": 8700.0, ""601939.SH"": 7117.4334}",-0.003329094526,-0.1003817474,0.9937352925
2020-07-23,V11 LambdaRank Top2 ledger crosscheck,88950.95032,89365.30725,563.6430703,2,253.5155297,160.8414,536138,0,"{""601398.SH"": 8700.0, ""601939.SH"": 7117.4334}",-0.01133941382,-0.110582891,0.9936634396
2020-07-24,V11 LambdaRank Top2 ledger crosscheck,87448.33531,87862.69224,563.6430703,2,253.5155297,160.8414,536138,-1.455191523e-11,"{""601398.SH"": 8700.0, ""601939.SH"": 7117.4334}",-0.01689262454,-0.1256074803,0.9935545592
2020-07-27,V11 LambdaRank Top2 ledger crosscheck,86934.28931,87348.64624,563.6430703,2,253.5155297,160.8414,536138,0,"{""601398.SH"": 8700.0, ""601939.SH"": 7117.4334}",-0.005878282309,-0.1307474064,0.993516447
2020-07-28,V11 LambdaRank Top2 ledger crosscheck,87163.63798,87577.99491,563.6430703,2,253.5155297,160.8414,536138,-1.455191523e-11,"{""601398.SH"": 8700.0, ""601939.SH"": 7117.4334}",0.002638184188,-0.1284541579,0.9935335068
2020-07-29,V11 LambdaRank Top2 ledger crosscheck,87938.68398,88353.04091,563.6430703,2,253.5155297,160.8414,536138,0,"{""601398.SH"": 8700.0, ""601939.SH"": 7117.4334}",0.008891850092,-0.120704503,0.9935904991
2020-07-30,V11 LambdaRank Top2 ledger crosscheck,87448.33531,87862.69224,563.6430703,2,253.5155297,160.8414,536138,-1.455191523e-11,"{""601398.SH"": 8700.0, ""601939.SH"": 7117.4334}",-0.005576029175,-0.1256074803,0.9935545592
2020-07-31,V11 LambdaRank Top2 ledger crosscheck,87274.33531,87688.69224,563.6430703,2,253.5155297,160.8414,536138,0,"{""601398.SH"": 8700.0, ""601939.SH"": 7117.4334}",-0.001989746281,-0.1273472996,0.9935417088
2020-08-03,V11 LambdaRank Top2 ledger crosscheck,87661.85831,88076.21524,563.6430703,2,253.5155297,160.8414,536138,0,"{""601398.SH"": 8700.0, ""601939.SH"": 7117.4334}",0.004440285908,-0.1234724721,0.9935702587
2020-08-04,V11 LambdaRank Top2 ledger crosscheck,88663.98963,89149.38958,450.9896279,2,298.2400326,187.1599169,623866.3896,0,"{""601398.SH"": 8700.0, ""601988.SH"": 13100.0}",0.01143178269,-0.1134521999,0.9949134972
2020-08-05,V11 LambdaRank Top2 ledger crosscheck,87835.98963,88321.38958,450.9896279,2,298.2400326,187.1599169,623866.3896,0,"{""601398.SH"": 8700.0, ""601988.SH"": 13100.0}",-0.009338627818,-0.1217313398,0.9948655485
2020-08-06,V11 LambdaRank Top2 ledger crosscheck,88140.98963,88626.38958,450.9896279,2,298.2400326,187.1599169,623866.3896,0,"{""601398.SH"": 8700.0, ""601988.SH"": 13100.0}",0.003472380755,-0.1186816566,0.9948833156
2020-08-07,V11 LambdaRank Top2 ledger crosscheck,87530.98963,88016.38958,450.9896279,2,298.2400326,187.1599169,623866.3896,0,"{""601398.SH"": 8700.0, ""601988.SH"": 13100.0}",-0.0069207301,-0.124781023,0.9948476576
2020-08-10,V11 LambdaRank Top2 ledger crosscheck,87748.98963,88234.38958,450.9896279,2,298.2400326,187.1599169,623866.3896,0,"{""601398.SH"": 8700.0, ""601988.SH"": 13100.0}",0.002490546502,-0.1226012494,0.9948604579
2020-08-11,V11 LambdaRank Top2 ledger crosscheck,87661.98963,88147.38958,450.9896279,2,298.2400326,187.1599169,623866.3896,0,"{""601398.SH"": 8700.0, ""601988.SH"": 13100.0}",-0.0009914644074,-0.1234711591,0.9948553572
2020-08-12,V11 LambdaRank Top2 ledger crosscheck,87617.98963,88103.38958,450.9896279,2,298.2400326,187.1599169,623866.3896,0,"{""601398.SH"": 8700.0, ""601988.SH"": 13100.0}",-0.0005019279187,-0.1239111134,0.9948527736
2020-08-13,V11 LambdaRank Top2 ledger crosscheck,87399.98963,87885.38958,450.9896279,2,298.2400326,187.1599169,623866.3896,0,"{""601398.SH"": 8700.0, ""601988.SH"": 13100.0}",-0.002488073521,-0.1260908869,0.994839935
2020-08-14,V11 LambdaRank Top2 ledger crosscheck,88009.98963,88495.38958,450.9896279,2,298.2400326,187.1599169,623866.3896,0,"{""601398.SH"": 8700.0, ""601988.SH"": 13100.0}",0.006979405863,-0.1199915205,0.9948756996
2020-08-17,V11 LambdaRank Top2 ledger crosscheck,89273.98963,89759.38958,450.9896279,2,298.2400326,187.1599169,623866.3896,0,"{""601398.SH"": 8700.0, ""601988.SH"": 13100.0}",0.01436200601,-0.1073528335,0.9949482528
2020-08-18,V11 LambdaRank Top2 ledger crosscheck,88401.98963,88887.38958,450.9896279,2,298.2400326,187.1599169,623866.3896,0,"{""601398.SH"": 8700.0, ""601988.SH"": 13100.0}",-0.009767682655,-0.1160719277,0.9948984222
2020-08-19,V11 LambdaRank Top2 ledger crosscheck,87965.98963,88451.38958,450.9896279,2,298.2400326,187.1599169,623866.3896,0,"{""601398.SH"": 8700.0, ""601988.SH"": 13100.0}",-0.004932015691,-0.1204314748,0.9948731364
2020-08-20,V11 LambdaRank Top2 ledger crosscheck,87573.98963,88059.38958,450.9896279,2,298.2400326,187.1599169,623866.3896,0,"{""601398.SH"": 8700.0, ""601988.SH"": 13100.0}",-0.00445626772,-0.1243510677,0.9948501875
2020-08-21,V11 LambdaRank Top2 ledger crosscheck,87660.98963,88146.38958,450.9896279,2,298.2400326,187.1599169,623866.3896,0,"{""601398.SH"": 8700.0, ""601988.SH"": 13100.0}",0.0009934456609,-0.123481158,0.9948552985
2020-08-24,V11 LambdaRank Top2 ledger crosscheck,87355.98963,87841.38958,450.9896279,2,298.2400326,187.1599169,623866.3896,0,"{""601398.SH"": 8700.0, ""601988.SH"": 13100.0}",-0.003479312763,-0.1265308412,0.9948373359
2020-08-25,V11 LambdaRank Top2 ledger crosscheck,87442.98963,87928.38958,450.9896279,2,298.2400326,187.1599169,623866.3896,0,"{""601398.SH"": 8700.0, ""601988.SH"": 13100.0}",0.0009959248401,-0.1256609316,0.9948424725
2020-08-26,V11 LambdaRank Top2 ledger crosscheck,86875.98963,87361.38958,450.9896279,2,298.2400326,187.1599169,623866.3896,0,"{""601398.SH"": 8700.0, ""601988.SH"": 13100.0}",-0.006484224778,-0.1313303426,0.9948088116
2020-08-27,V11 LambdaRank Top2 ledger crosscheck,86657.98963,87143.38958,450.9896279,2,298.2400326,187.1599169,623866.3896,0,"{""601398.SH"": 8700.0, ""601988.SH"": 13100.0}",-0.002509323933,-0.1335101162,0.9947957525
2020-08-28,V11 LambdaRank Top2 ledger crosscheck,87180.98963,87666.38958,450.9896279,2,298.2400326,187.1599169,623866.3896,0,"{""601398.SH"": 8700.0, ""601988.SH"": 13100.0}",0.006035219629,-0.1282806595,0.9948269728
2020-08-31,V11 LambdaRank Top2 ledger crosscheck,86570.98963,87056.38958,450.9896279,2,298.2400326,187.1599169,623866.3896,0,"{""601398.SH"": 8700.0, ""601988.SH"": 13100.0}",-0.006996938239,-0.1343800258,0.9947905224
2020-09-01,V11 LambdaRank Top2 ledger crosscheck,86177.98963,86663.38958,450.9896279,2,298.2400326,187.1599169,623866.3896,0,"{""601398.SH"": 8700.0, ""601988.SH"": 13100.0}",-0.004539626978,-0.1383096176,0.9947667655
2020-09-02,V11 LambdaRank Top2 ledger crosscheck,85691.98699,86246.38958,314.9869889,2,341.6775715,212.7250169,709083.3896,0,"{""601398.SH"": 8700.0, ""601939.SH"": 6900.0}",-0.005639521658,-0.1431691392,0.9963241955
2020-09-03,V11 LambdaRank Top2 ledger crosscheck,85328.98699,85883.38958,314.9869889,2,341.6775715,212.7250169,709083.3896,0,"{""601398.SH"": 8700.0, ""601939.SH"": 6900.0}",-0.00423610203,-0.1467987621,0.9963085582
2020-09-04,V11 LambdaRank Top2 ledger crosscheck,85103.98699,85658.38958,314.9869889,2,341.6775715,212.7250169,709083.3896,0,"{""601398.SH"": 8700.0, ""601939.SH"": 6900.0}",-0.002636853055,-0.1490485284,0.9962987987
2020-09-07,V11 LambdaRank Top2 ledger crosscheck,85103.98699,85658.38958,314.9869889,2,341.6775715,212.7250169,709083.3896,0,"{""601398.SH"": 8700.0, ""601939.SH"": 6900.0}",0,-0.1490485284,0.9962987987
2020-09-08,V11 LambdaRank Top2 ledger crosscheck,86297.98699,86852.38958,314.9869889,2,341.6775715,212.7250169,709083.3896,0,"{""601398.SH"": 8700.0, ""601939.SH"": 6900.0}",0.01402989498,-0.1371097687,0.9963500077
2020-09-09,V11 LambdaRank Top2 ledger crosscheck,85934.98699,86489.38958,314.9869889,2,341.6775715,212.7250169,709083.3896,0,"{""601398.SH"": 8700.0, ""601939.SH"": 6900.0}",-0.004206355359,-0.1407393916,0.9963345897
2020-09-10,V11 LambdaRank Top2 ledger crosscheck,85397.98699,85952.38958,314.9869889,2,341.6775715,212.7250169,709083.3896,0,"{""601398.SH"": 8700.0, ""601939.SH"": 6900.0}",-0.006248910005,-0.1461088338,0.9963115408
2020-09-11,V11 LambdaRank Top2 ledger crosscheck,85640.98699,86195.38958,314.9869889,2,341.6775715,212.7250169,709083.3896,0,"{""601398.SH"": 8700.0, ""601939.SH"": 6900.0}",0.002845500328,-0.1436790862,0.9963220066
2020-09-14,V11 LambdaRank Top2 ledger crosscheck,85502.98699,86057.38958,314.9869889,2,341.6775715,212.7250169,709083.3896,0,"{""601398.SH"": 8700.0, ""601939.SH"": 6900.0}",-0.001611377973,-0.1450589429,0.9963160704
2020-09-15,V11 LambdaRank Top2 ledger crosscheck,85346.98699,85901.38958,314.9869889,2,341.6775715,212.7250169,709083.3896,0,"{""601398.SH"": 8700.0, ""601939.SH"": 6900.0}",-0.001824497664,-0.1466187808,0.9963093367
2020-09-16,V11 LambdaRank Top2 ledger crosscheck,85589.98699,86144.38958,314.9869889,2,341.6775715,212.7250169,709083.3896,0,"{""601398.SH"": 8700.0, ""601939.SH"": 6900.0}",0.002847200687,-0.1441890333,0.996319815
2020-09-17,V11 LambdaRank Top2 ledger crosscheck,85727.98699,86282.38958,314.9869889,2,341.6775715,212.7250169,709083.3896,0,"{""601398.SH"": 8700.0, ""601939.SH"": 6900.0}",0.001612338135,-0.1428091766,0.9963257391
2020-09-18,V11 LambdaRank Top2 ledger crosscheck,86696.98699,87251.38958,314.9869889,2,341.6775715,212.7250169,709083.3896,0,"{""601398.SH"": 8700.0, ""601939.SH"": 6900.0}",0.0113031932,-0.1331201831,0.9963668058
2020-09-21,V11 LambdaRank Top2 ledger crosscheck,86315.98699,86870.38958,314.9869889,2,341.6775715,212.7250169,709083.3896,0,"{""601398.SH"": 8700.0, ""601939.SH"": 6900.0}",-0.00439461639,-0.1369297874,0.9963507688
2020-09-22,V11 LambdaRank Top2 ledger crosscheck,85916.98699,86471.38958,314.9869889,2,341.6775715,212.7250169,709083.3896,0,"{""601398.SH"": 8700.0, ""601939.SH"": 6900.0}",-0.004622550398,-0.1409193729,0.9963338218
2020-09-23,V11 LambdaRank Top2 ledger crosscheck,85691.98699,86246.38958,314.9869889,2,341.6775715,212.7250169,709083.3896,0,"{""601398.SH"": 8700.0, ""601939.SH"": 6900.0}",-0.002618806919,-0.1431691392,0.9963241955
2020-09-24,V11 LambdaRank Top2 ledger crosscheck,85241.98699,85796.38958,314.9869889,2,341.6775715,212.7250169,709083.3896,0,"{""601398.SH"": 8700.0, ""601939.SH"": 6900.0}",-0.005251366152,-0.1476686718,0.9963047906
2020-09-25,V11 LambdaRank Top2 ledger crosscheck,85223.98699,85778.38958,314.9869889,2,341.6775715,212.7250169,709083.3896,0,"{""601398.SH"": 8700.0, ""601939.SH"": 6900.0}",-0.0002111635432,-0.1478486531,0.9963040102
2020-09-28,V11 LambdaRank Top2 ledger crosscheck,86003.98699,86558.38958,314.9869889,2,341.6775715,212.7250169,709083.3896,0,"{""601398.SH"": 8700.0, ""601939.SH"": 6900.0}",0.009152352848,-0.1400494633,0.9963375304
2020-09-29,V11 LambdaRank Top2 ledger crosscheck,85397.98699,85952.38958,314.9869889,2,341.6775715,212.7250169,709083.3896,0,"{""601398.SH"": 8700.0, ""601939.SH"": 6900.0}",-0.007046184964,-0.1461088338,0.9963115408
2020-09-30,V11 LambdaRank Top2 ledger crosscheck,85553.98699,86108.38958,314.9869889,2,341.6775715,212.7250169,709083.3896,0,"{""601398.SH"": 8700.0, ""601939.SH"": 6900.0}",0.001826740951,-0.1445489959,0.9963182664
2020-10-09,V11 LambdaRank Top2 ledger crosscheck,85397.98699,85952.38958,314.9869889,2,341.6775715,212.7250169,709083.3896,0,"{""601398.SH"": 8700.0, ""601939.SH"": 6900.0}",-0.001823410054,-0.1461088338,0.9963115408
2020-10-12,V11 LambdaRank Top2 ledger crosscheck,86302.7131,86926.38958,356.7130982,2,385.3023623,238.3741169,794580.3896,0,"{""601939.SH"": 6900.0, ""601988.SH"": 13300.0}",0.01059423227,-0.1370625125,0.9958667221
2020-10-13,V11 LambdaRank Top2 ledger crosscheck,85622.7131,86246.38958,356.7130982,2,385.3023623,238.3741169,794580.3896,0,"{""601939.SH"": 6900.0, ""601988.SH"": 13300.0}",-0.007879242443,-0.1438618062,0.9958338963
2020-10-14,V11 LambdaRank Top2 ledger crosscheck,85489.7131,86113.38958,356.7130982,2,385.3023623,238.3741169,794580.3896,0,"{""601939.SH"": 6900.0, ""601988.SH"": 13300.0}",-0.001553326158,-0.145191668,0.995827415
2020-10-15,V11 LambdaRank Top2 ledger crosscheck,86036.7131,86660.38958,356.7130982,2,385.3023623,238.3741169,794580.3896,0,"{""601939.SH"": 6900.0, ""601988.SH"": 13300.0}",0.006398430644,-0.1397222362,0.9958539432
2020-10-16,V11 LambdaRank Top2 ledger crosscheck,87475.7131,88099.38958,356.7130982,2,385.3023623,238.3741169,794580.3896,0,"{""601939.SH"": 6900.0, ""601988.SH"": 13300.0}",0.01672541812,-0.1253337309,0.995922147
2020-10-19,V11 LambdaRank Top2 ledger crosscheck,88436.7131,89060.38958,356.7130982,2,385.3023623,238.3741169,794580.3896,0,"{""601939.SH"": 6900.0, ""601988.SH"": 13300.0}",0.01098590644,-0.1157247291,0.9959664591
2020-10-20,V11 LambdaRank Top2 ledger crosscheck,86864.7131,87488.38958,356.7130982,2,385.3023623,238.3741169,794580.3896,0,"{""601939.SH"": 6900.0, ""601988.SH"": 13300.0}",-0.01777542318,-0.1314430962,0.9958934637
2020-10-21,V11 LambdaRank Top2 ledger crosscheck,87815.7131,88439.38958,356.7130982,2,385.3023623,238.3741169,794580.3896,0,"{""601939.SH"": 6900.0, ""601988.SH"": 13300.0}",0.01094805895,-0.121934084,0.9959379354
2020-10-22,V11 LambdaRank Top2 ledger crosscheck,87958.7131,88582.38958,356.7130982,2,385.3023623,238.3741169,794580.3896,0,"{""601939.SH"": 6900.0, ""601988.SH"": 13300.0}",0.001628410167,-0.1205042326,0.9959445394
2020-10-23,V11 LambdaRank Top2 ledger crosscheck,88091.7131,88715.38958,356.7130982,2,385.3023623,238.3741169,794580.3896,0,"{""601939.SH"": 6900.0, ""601988.SH"": 13300.0}",0.001512073055,-0.1191743707,0.9959506623
2020-10-26,V11 LambdaRank Top2 ledger crosscheck,87884.7131,88508.38958,356.7130982,2,385.3023623,238.3741169,794580.3896,0,"{""601939.SH"": 6900.0, ""601988.SH"": 13300.0}",-0.002349823754,-0.1212441557,0.9959411246
2020-10-27,V11 LambdaRank Top2 ledger crosscheck,87406.7131,88030.38958,356.7130982,2,385.3023623,238.3741169,794580.3896,0,"{""601939.SH"": 6900.0, ""601988.SH"": 13300.0}",-0.005438943625,-0.1260236592,0.9959189279
2020-10-28,V11 LambdaRank Top2 ledger crosscheck,86450.7131,87074.38958,356.7130982,2,385.3023623,238.3741169,794580.3896,0,"{""601939.SH"": 6900.0, ""601988.SH"": 13300.0}",-0.01093737502,-0.1355826662,0.9958737981
2020-10-29,V11 LambdaRank Top2 ledger crosscheck,86184.7131,86808.38958,356.7130982,2,385.3023623,238.3741169,794580.3896,0,"{""601939.SH"": 6900.0, ""601988.SH"": 13300.0}",-0.003076897697,-0.1382423899,0.995861063
2020-10-30,V11 LambdaRank Top2 ledger crosscheck,86051.7131,86675.38958,356.7130982,2,385.3023623,238.3741169,794580.3896,0,"{""601939.SH"": 6900.0, ""601988.SH"": 13300.0}",-0.001543197108,-0.1395722518,0.9958546659
2020-11-02,V11 LambdaRank Top2 ledger crosscheck,85839.7131,86463.38958,356.7130982,2,385.3023623,238.3741169,794580.3896,0,"{""601939.SH"": 6900.0, ""601988.SH"": 13300.0}",-0.002463634858,-0.1416920316,0.9958444281
2020-11-03,V11 LambdaRank Top2 ledger crosscheck,85977.90763,86670.38958,144.9076311,2,428.6087294,263.8732169,879577.3896,0,"{""601398.SH"": 8600.0, ""601939.SH"": 6900.0}",0.001609913732,-0.1403102298,0.9983145946
2020-11-04,V11 LambdaRank Top2 ledger crosscheck,86529.90763,87222.38958,144.9076311,2,428.6087294,263.8732169,879577.3896,0,"{""601398.SH"": 8600.0, ""601939.SH"": 6900.0}",0.006420253937,-0.1347908031,0.9983253463
2020-11-05,V11 LambdaRank Top2 ledger crosscheck,86598.90763,87291.38958,144.9076311,2,428.6087294,263.8732169,879577.3896,0,"{""601398.SH"": 8600.0, ""601939.SH"": 6900.0}",0.0007974121537,-0.1341008748,0.9983266806
2020-11-06,V11 LambdaRank Top2 ledger crosscheck,86891.90763,87584.38958,144.9076311,2,428.6087294,263.8732169,879577.3896,0,"{""601398.SH"": 8600.0, ""601939.SH"": 6900.0}",0.003383414503,-0.1311711791,0.9983323231
2020-11-09,V11 LambdaRank Top2 ledger crosscheck,87132.90763,87825.38958,144.9076311,2,428.6087294,263.8732169,879577.3896,0,"{""601398.SH"": 8600.0, ""601939.SH"": 6900.0}",0.002773560928,-0.1287614295,0.9983369357
2020-11-10,V11 LambdaRank Top2 ledger crosscheck,87821.90763,88514.38958,144.9076311,2,428.6087294,263.8732169,879577.3896,0,"{""601398.SH"": 8600.0, ""601939.SH"": 6900.0}",0.007907460209,-0.1218721451,0.9983499831
2020-11-11,V11 LambdaRank Top2 ledger crosscheck,89148.90763,89841.38958,144.9076311,2,428.6087294,263.8732169,879577.3896,0,"{""601398.SH"": 8600.0, ""601939.SH"": 6900.0}",0.01511012498,-0.1086035235,0.998374544
2020-11-12,V11 LambdaRank Top2 ledger crosscheck,88287.90763,88980.38958,144.9076311,2,428.6087294,263.8732169,879577.3896,0,"{""601398.SH"": 8600.0, ""601939.SH"": 6900.0}",-0.009657998319,-0.1172126292,0.9983586922
2020-11-13,V11 LambdaRank Top2 ledger crosscheck,86960.90763,87653.38958,144.9076311,2,428.6087294,263.8732169,879577.3896,0,"{""601398.SH"": 8600.0, ""601939.SH"": 6900.0}",-0.01503037093,-0.1304812508,0.9983336463
2020-11-16,V11 LambdaRank Top2 ledger crosscheck,87270.90763,87963.38958,144.9076311,2,428.6087294,263.8732169,879577.3896,0,"{""601398.SH"": 8600.0, ""601939.SH"": 6900.0}",0.003564820198,-0.1273815728,0.9983395654
2020-11-17,V11 LambdaRank Top2 ledger crosscheck,87856.90763,88549.38958,144.9076311,2,428.6087294,263.8732169,879577.3896,0,"{""601398.SH"": 8600.0, ""601939.SH"": 6900.0}",0.006714723336,-0.1215221815,0.9983506404
2020-11-18,V11 LambdaRank Top2 ledger crosscheck,88735.90763,89428.38958,144.9076311,2,428.6087294,263.8732169,879577.3896,0,"{""601398.SH"": 8600.0, ""601939.SH"": 6900.0}",0.01000490484,-0.1127330945,0.9983669787
2020-11-19,V11 LambdaRank Top2 ledger crosscheck,89373.90763,90066.38958,144.9076311,2,428.6087294,263.8732169,879577.3896,0,"{""601398.SH"": 8600.0, ""601939.SH"": 6900.0}",0.007189874055,-0.1063537572,0.9983786361
2020-11-20,V11 LambdaRank Top2 ledger crosscheck,88735.90763,89428.38958,144.9076311,2,428.6087294,263.8732169,879577.3896,0,"{""601398.SH"": 8600.0, ""601939.SH"": 6900.0}",-0.007138548788,-0.1127330945,0.9983669787
2020-11-23,V11 LambdaRank Top2 ledger crosscheck,90045.90763,90738.38958,144.9076311,2,428.6087294,263.8732169,879577.3896,0,"{""601398.SH"": 8600.0, ""601939.SH"": 6900.0}",0.01476290754,-0.09963445524,0.9983907361
2020-11-24,V11 LambdaRank Top2 ledger crosscheck,89390.90763,90083.38958,144.9076311,2,428.6087294,263.8732169,879577.3896,0,"{""601398.SH"": 8600.0, ""601939.SH"": 6900.0}",-0.007274067387,-0.1061837749,0.9983789444
2020-11-25,V11 LambdaRank Top2 ledger crosscheck,89166.90763,89859.38958,144.9076311,2,428.6087294,263.8732169,879577.3896,0,"{""601398.SH"": 8600.0, ""601939.SH"": 6900.0}",-0.002505847697,-0.1084235422,0.9983748721
2020-11-26,V11 LambdaRank Top2 ledger crosscheck,90424.90763,91117.38958,144.9076311,2,428.6087294,263.8732169,879577.3896,0,"{""601398.SH"": 8600.0, ""601939.SH"": 6900.0}",0.01410837309,-0.09584484891,0.998397481
2020-11-27,V11 LambdaRank Top2 ledger crosscheck,95005.90763,95698.38958,144.9076311,2,428.6087294,263.8732169,879577.3896,0,"{""601398.SH"": 8600.0, ""601939.SH"": 6900.0}",0.05066082034,-0.05003960724,0.9984747514
2020-11-30,V11 LambdaRank Top2 ledger crosscheck,95231.90763,95924.38958,144.9076311,2,428.6087294,263.8732169,879577.3896,0,"{""601398.SH"": 8600.0, ""601939.SH"": 6900.0}",0.002378799441,-0.04777984199,0.998478371
2020-12-01,V11 LambdaRank Top2 ledger crosscheck,97556.90763,98249.38958,144.9076311,2,428.6087294,263.8732169,879577.3896,0,"{""601398.SH"": 8600.0, ""601939.SH"": 6900.0}",0.02441408618,-0.02453225699,0.9985146348
2020-12-02,V11 LambdaRank Top2 ledger crosscheck,96208.82204,97058.38958,304.8220385,2,527.5384219,322.0291169,1073430.39,0,"{""601288.SH"": 14400.0, ""601988.SH"": 14400.0}",-0.01381845351,-0.03801171264,0.9968316623
2020-12-03,V11 LambdaRank Top2 ledger crosscheck,95632.82204,96482.38958,304.8220385,2,527.5384219,322.0291169,1073430.39,0,"{""601288.SH"": 14400.0, ""601988.SH"": 14400.0}",-0.005986976951,-0.04377111435,0.9968125793
2020-12-04,V11 LambdaRank Top2 ledger crosscheck,94624.82204,95474.38958,304.8220385,2,527.5384219,322.0291169,1073430.39,0,"{""601288.SH"": 14400.0, ""601988.SH"": 14400.0}",-0.01054031428,-0.05385006733,0.996778625
2020-12-07,V11 LambdaRank Top2 ledger crosscheck,93760.82204,94610.38958,304.8220385,2,527.5384219,322.0291169,1073430.39,0,"{""601288.SH"": 14400.0, ""601988.SH"": 14400.0}",-0.009130796565,-0.06248916988,0.9967489402
2020-12-08,V11 LambdaRank Top2 ledger crosscheck,93328.82204,94178.38958,304.8220385,2,527.5384219,322.0291169,1073430.39,0,"{""601288.SH"": 14400.0, ""601988.SH"": 14400.0}",-0.004607468137,-0.06680872116,0.9967338917
2020-12-09,V11 LambdaRank Top2 ledger crosscheck,93328.82204,94178.38958,304.8220385,2,527.5384219,322.0291169,1073430.39,0,"{""601288.SH"": 14400.0, ""601988.SH"": 14400.0}",0,-0.06680872116,0.9967338917
2020-12-10,V11 LambdaRank Top2 ledger crosscheck,93184.82204,94034.38958,304.8220385,2,527.5384219,322.0291169,1073430.39,0,"{""601288.SH"": 14400.0, ""601988.SH"": 14400.0}",-0.001542931721,-0.06824857158,0.9967288445
2020-12-11,V11 LambdaRank Top2 ledger crosscheck,92896.82204,93746.38958,304.8220385,2,527.5384219,322.0291169,1073430.39,0,"{""601288.SH"": 14400.0, ""601988.SH"": 14400.0}",-0.003090632076,-0.07112827244,0.9967187033
2020-12-14,V11 LambdaRank Top2 ledger crosscheck,92752.82204,93602.38958,304.8220385,2,527.5384219,322.0291169,1073430.39,0,"{""601288.SH"": 14400.0, ""601988.SH"": 14400.0}",-0.001550106848,-0.07256812286,0.996713609
2020-12-15,V11 LambdaRank Top2 ledger crosscheck,92032.82204,92882.38958,304.8220385,2,527.5384219,322.0291169,1073430.39,0,"{""601288.SH"": 14400.0, ""601988.SH"": 14400.0}",-0.007762567048,-0.07976737499,0.9966878986
2020-12-16,V11 LambdaRank Top2 ledger crosscheck,91888.82204,92738.38958,304.8220385,2,527.5384219,322.0291169,1073430.39,0,"{""601288.SH"": 14400.0, ""601988.SH"": 14400.0}",-0.001564659181,-0.08120722542,0.9966827082
2020-12-17,V11 LambdaRank Top2 ledger crosscheck,92032.82204,92882.38958,304.8220385,2,527.5384219,322.0291169,1073430.39,0,"{""601288.SH"": 14400.0, ""601988.SH"": 14400.0}",0.001567111176,-0.07976737499,0.9966878986
2020-12-18,V11 LambdaRank Top2 ledger crosscheck,91744.82204,92594.38958,304.8220385,2,527.5384219,322.0291169,1073430.39,0,"{""601288.SH"": 14400.0, ""601988.SH"": 14400.0}",-0.003129318363,-0.08264707584,0.9966775014
2020-12-21,V11 LambdaRank Top2 ledger crosscheck,91888.82204,92738.38958,304.8220385,2,527.5384219,322.0291169,1073430.39,0,"{""601288.SH"": 14400.0, ""601988.SH"": 14400.0}",0.001569570868,-0.08120722542,0.9966827082
2020-12-22,V11 LambdaRank Top2 ledger crosscheck,91168.82204,92018.38958,304.8220385,2,527.5384219,322.0291169,1073430.39,0,"{""601288.SH"": 14400.0, ""601988.SH"": 14400.0}",-0.007835555882,-0.08840647755,0.9966565101
2020-12-23,V11 LambdaRank Top2 ledger crosscheck,91024.82204,91874.38958,304.8220385,2,527.5384219,322.0291169,1073430.39,0,"{""601288.SH"": 14400.0, ""601988.SH"": 14400.0}",-0.001579487338,-0.08984632797,0.9966512207
2020-12-24,V11 LambdaRank Top2 ledger crosscheck,91168.82204,92018.38958,304.8220385,2,527.5384219,322.0291169,1073430.39,0,"{""601288.SH"": 14400.0, ""601988.SH"": 14400.0}",0.001581986065,-0.08840647755,0.9966565101
2020-12-25,V11 LambdaRank Top2 ledger crosscheck,91456.82204,92306.38958,304.8220385,2,527.5384219,322.0291169,1073430.39,0,"{""601288.SH"": 14400.0, ""601988.SH"": 14400.0}",0.003158974675,-0.08552677669,0.9966670388
2020-12-28,V11 LambdaRank Top2 ledger crosscheck,91168.82204,92018.38958,304.8220385,2,527.5384219,322.0291169,1073430.39,0,"{""601288.SH"": 14400.0, ""601988.SH"": 14400.0}",-0.003149026979,-0.08840647755,0.9966565101
2020-12-29,V11 LambdaRank Top2 ledger crosscheck,91168.82204,92018.38958,304.8220385,2,527.5384219,322.0291169,1073430.39,0,"{""601288.SH"": 14400.0, ""601988.SH"": 14400.0}",0,-0.08840647755,0.9966565101
2020-12-30,V11 LambdaRank Top2 ledger crosscheck,91024.82204,91874.38958,304.8220385,2,527.5384219,322.0291169,1073430.39,0,"{""601288.SH"": 14400.0, ""601988.SH"": 14400.0}",-0.001579487338,-0.08984632797,0.9966512207
2020-12-31,V11 LambdaRank Top2 ledger crosscheck,91312.82204,92162.38958,304.8220385,2,527.5384219,322.0291169,1073430.39,0,"{""601288.SH"": 14400.0, ""601988.SH"": 14400.0}",0.003163972129,-0.08696662712,0.9966617827
2021-01-04,V11 LambdaRank Top2 ledger crosscheck,91024.82204,91874.38958,304.8220385,2,527.5384219,322.0291169,1073430.39,0,"{""601288.SH"": 14400.0, ""601988.SH"": 14400.0}",-0.003153992983,-0.08984632797,0.9966512207
2021-01-05,V11 LambdaRank Top2 ledger crosscheck,91024.82204,91874.38958,304.8220385,2,527.5384219,322.0291169,1073430.39,0,"{""601288.SH"": 14400.0, ""601988.SH"": 14400.0}",0,-0.08984632797,0.9966512207
2021-01-06,V11 LambdaRank Top2 ledger crosscheck,91168.82204,92018.38958,304.8220385,2,527.5384219,322.0291169,1073430.39,0,"{""601288.SH"": 14400.0, ""601988.SH"": 14400.0}",0.001581986065,-0.08840647755,0.9966565101
2021-01-07,V11 LambdaRank Top2 ledger crosscheck,91459.2335,92308.80104,304.8220385,2,527.5384219,322.0291169,1073430.39,0,"{""601288.SH"": 14400.0, ""601988.SH"": 14400.7559}",0.003185425222,-0.08550266455,0.9966671267
2021-01-08,V11 LambdaRank Top2 ledger crosscheck,91459.2335,92308.80104,304.8220385,2,527.5384219,322.0291169,1073430.39,0,"{""601288.SH"": 14400.0, ""601988.SH"": 14400.7559}",0,-0.08550266455,0.9966671267
2021-01-11,V11 LambdaRank Top2 ledger crosscheck,91315.21838,92164.78592,304.8220385,2,527.5384219,322.0291169,1073430.39,0,"{""601288.SH"": 14400.0, ""601988.SH"": 14400.7559}",-0.001574637283,-0.08694266615,0.9966618703
2021-01-12,V11 LambdaRank Top2 ledger crosscheck,91459.22594,92308.79348,304.8220385,2,527.5384219,322.0291169,1073430.39,0,"{""601288.SH"": 14400.0, ""601988.SH"": 14400.7559}",0.001577037891,-0.08550274013,0.9966671264
2021-01-13,V11 LambdaRank Top2 ledger crosscheck,91891.24106,92740.8086,304.8220385,2,527.5384219,322.0291169,1073430.39,0,"{""601288.SH"": 14400.0, ""601988.SH"": 14400.7559}",0.004723581623,-0.08118303768,0.9966827955
2021-01-14,V11 LambdaRank Top2 ledger crosscheck,92323.24862,93172.81616,304.8220385,2,527.5384219,322.0291169,1073430.39,0,"{""601288.SH"": 14400.0, ""601988.SH"": 14400.7559}",0.004701292032,-0.07686341082,0.9966983177
2021-01-15,V11 LambdaRank Top2 ledger crosscheck,92899.26374,93748.83128,304.8220385,2,527.5384219,322.0291169,1073430.39,0,"{""601288.SH"": 14400.0, ""601988.SH"": 14400.7559}",0.006239112331,-0.07110385794,0.9967187895
2021-01-18,V11 LambdaRank Top2 ledger crosscheck,92323.24106,93172.8086,304.8220385,2,527.5384219,322.0291169,1073430.39,0,"{""601288.SH"": 14400.0, ""601988.SH"": 14400.7559}",-0.006200508542,-0.07686348641,0.9966983174
2021-01-19,V11 LambdaRank Top2 ledger crosscheck,92755.25618,93604.82372,304.8220385,2,527.5384219,322.0291169,1073430.39,0,"{""601288.SH"": 14400.0, ""601988.SH"": 14400.7559}",0.004679375571,-0.07254378396,0.9967136953
2021-01-20,V11 LambdaRank Top2 ledger crosscheck,92179.24106,93028.8086,304.8220385,2,527.5384219,322.0291169,1073430.39,0,"{""601288.SH"": 14400.0, ""601988.SH"": 14400.7559}",-0.006210053668,-0.07830333683,0.9966931596
2021-01-21,V11 LambdaRank Top2 ledger crosscheck,91747.2335,92596.80104,304.8220385,2,527.5384219,322.0291169,1073430.39,0,"{""601288.SH"": 14400.0, ""601988.SH"": 14400.7559}",-0.004686603561,-0.0826229637,0.9966775888
2021-01-22,V11 LambdaRank Top2 ledger crosscheck,91171.21838,92020.78592,304.8220385,2,527.5384219,322.0291169,1073430.39,0,"{""601288.SH"": 14400.0, ""601988.SH"": 14400.7559}",-0.006278283245,-0.08838251657,0.9966565979
2021-01-25,V11 LambdaRank Top2 ledger crosscheck,91171.21838,92020.78592,304.8220385,2,527.5384219,322.0291169,1073430.39,0,"{""601288.SH"": 14400.0, ""601988.SH"": 14400.7559}",0,-0.08838251657,0.9966565979
2021-01-26,V11 LambdaRank Top2 ledger crosscheck,91027.21838,91876.78592,304.8220385,2,527.5384219,322.0291169,1073430.39,0,"{""601288.SH"": 14400.0, ""601988.SH"": 14400.7559}",-0.001579445822,-0.089822367,0.9966513089
2021-01-27,V11 LambdaRank Top2 ledger crosscheck,91315.21838,92164.78592,304.8220385,2,527.5384219,322.0291169,1073430.39,0,"{""601288.SH"": 14400.0, ""601988.SH"": 14400.7559}",0.003163888836,-0.08694266615,0.9966618703
2021-01-28,V11 LambdaRank Top2 ledger crosscheck,91171.21838,92020.78592,304.8220385,2,527.5384219,322.0291169,1073430.39,0,"{""601288.SH"": 14400.0, ""601988.SH"": 14400.7559}",-0.001576955107,-0.08838251657,0.9966565979
2021-01-29,V11 LambdaRank Top2 ledger crosscheck,91315.21838,92164.78592,304.8220385,2,527.5384219,322.0291169,1073430.39,0,"{""601288.SH"": 14400.0, ""601988.SH"": 14400.7559}",0.001579445822,-0.08694266615,0.9966618703
2021-02-01,V11 LambdaRank Top2 ledger crosscheck,91747.22594,92596.79348,304.8220385,2,527.5384219,322.0291169,1073430.39,0,"{""601288.SH"": 14400.0, ""601988.SH"": 14400.7559}",0.004730948106,-0.08262303928,0.9966775885
2021-02-02,V11 LambdaRank Top2 ledger crosscheck,90940.07299,91863.79348,279.0729891,2,574.2292559,349.491238,1164970.793,0,"{""601288.SH"": 14400.0, ""601398.SH"": 8900.0}",-0.008797573408,-0.09069373044,0.996931243
2021-02-03,V11 LambdaRank Top2 ledger crosscheck,90351.07299,91274.79348,279.0729891,2,574.2292559,349.491238,1164970.793,0,"{""601288.SH"": 14400.0, ""601398.SH"": 8900.0}",-0.00647679269,-0.09658311864,0.9969112377
2021-02-04,V11 LambdaRank Top2 ledger crosscheck,90762.07299,91685.79348,279.0729891,2,574.2292559,349.491238,1164970.793,0,"{""601288.SH"": 14400.0, ""601398.SH"": 8900.0}",0.004548922181,-0.09247354555,0.9969252246
2021-02-05,V11 LambdaRank Top2 ledger crosscheck,92317.07299,93240.79348,279.0729891,2,574.2292559,349.491238,1164970.793,0,"{""601288.SH"": 14400.0, ""601398.SH"": 8900.0}",0.01713270696,-0.07692516074,0.9969770165
2021-02-08,V11 LambdaRank Top2 ledger crosscheck,91995.07299,92918.79348,279.0729891,2,574.2292559,349.491238,1164970.793,0,"{""601288.SH"": 14400.0, ""601398.SH"": 8900.0}",-0.003487978871,-0.08014482628,0.9969664355
2021-02-09,V11 LambdaRank Top2 ledger crosscheck,91618.07299,92541.79348,279.0729891,2,574.2292559,349.491238,1164970.793,0,"{""601288.SH"": 14400.0, ""601398.SH"": 8900.0}",-0.004098045556,-0.08391443468,0.9969539526
2021-02-10,V11 LambdaRank Top2 ledger crosscheck,93228.07299,94151.79348,279.0729891,2,574.2292559,349.491238,1164970.793,0,"{""601288.SH"": 14400.0, ""601398.SH"": 8900.0}",0.01757295201,-0.067816107,0.9970065563
2021-02-18,V11 LambdaRank Top2 ledger crosscheck,93283.07299,94206.79348,279.0729891,2,574.2292559,349.491238,1164970.793,0,"{""601288.SH"": 14400.0, ""601398.SH"": 8900.0}",0.0005899510548,-0.06726616413,0.9970083212
2021-02-19,V11 LambdaRank Top2 ledger crosscheck,93427.07299,94350.79348,279.0729891,2,574.2292559,349.491238,1164970.793,0,"{""601288.SH"": 14400.0, ""601398.SH"": 8900.0}",0.001543688425,-0.06582631371,0.9970129323
2021-02-22,V11 LambdaRank Top2 ledger crosscheck,95016.07299,95939.79348,279.0729891,2,574.2292559,349.491238,1164970.793,0,"{""601288.SH"": 14400.0, ""601398.SH"": 8900.0}",0.01700791804,-0.04993796422,0.9970628865
2021-02-23,V11 LambdaRank Top2 ledger crosscheck,94961.07299,95884.79348,279.0729891,2,574.2292559,349.491238,1164970.793,0,"{""601288.SH"": 14400.0, ""601398.SH"": 8900.0}",-0.0005788494333,-0.05048790709,0.9970611854
2021-02-24,V11 LambdaRank Top2 ledger crosscheck,93817.07299,94740.79348,279.0729891,2,574.2292559,349.491238,1164970.793,0,"{""601288.SH"": 14400.0, ""601398.SH"": 8900.0}",-0.01204704163,-0.0619267188,0.9970253496
2021-02-25,V11 LambdaRank Top2 ledger crosscheck,95783.07299,96706.79348,279.0729891,2,574.2292559,349.491238,1164970.793,0,"{""601288.SH"": 14400.0, ""601398.SH"": 8900.0}",0.02095567403,-0.04226876091,0.997086406
2021-02-26,V11 LambdaRank Top2 ledger crosscheck,95016.07299,95939.79348,279.0729891,2,574.2292559,349.491238,1164970.793,0,"{""601288.SH"": 14400.0, ""601398.SH"": 8900.0}",-0.008007677934,-0.04993796422,0.9970628865
2021-03-01,V11 LambdaRank Top2 ledger crosscheck,94605.07299,95528.79348,279.0729891,2,574.2292559,349.491238,1164970.793,0,"{""601288.SH"": 14400.0, ""601398.SH"": 8900.0}",-0.004325583947,-0.05404753731,0.9970501266
2021-03-02,V11 LambdaRank Top2 ledger crosscheck,93739.01695,94744.79348,182.0169546,2,627.7117904,378.064738,1260215.793,0,"{""601288.SH"": 14500.0, ""601988.SH"": 14600.0}",-0.009154435456,-0.06270719807,0.9980582583
2021-03-03,V11 LambdaRank Top2 ledger crosscheck,95484.01695,96489.79348,182.0169546,2,627.7117904,378.064738,1260215.793,0,"{""601288.SH"": 14500.0, ""601988.SH"": 14600.0}",0.01861551419,-0.04525901062,0.9980937443
2021-03-04,V11 LambdaRank Top2 ledger crosscheck,95774.01695,96779.79348,182.0169546,2,627.7117904,378.064738,1260215.793,0,"{""601288.SH"": 14500.0, ""601988.SH"": 14600.0}",0.003037157519,-0.04235931185,0.9980995163
2021-03-05,V11 LambdaRank Top2 ledger crosscheck,96937.01695,97942.79348,182.0169546,2,627.7117904,378.064738,1260215.793,0,"{""601288.SH"": 14500.0, ""601988.SH"": 14600.0}",0.01214316823,-0.03073051987,0.9981223174
2021-03-08,V11 LambdaRank Top2 ledger crosscheck,96936.01695,97941.79348,182.0169546,2,627.7117904,378.064738,1260215.793,0,"{""601288.SH"": 14500.0, ""601988.SH"": 14600.0}",-1.031597661e-05,-0.03074051883,0.998122298
2021-03-09,V11 LambdaRank Top2 ledger crosscheck,96209.01695,97214.79348,182.0169546,2,627.7117904,378.064738,1260215.793,0,"{""601288.SH"": 14500.0, ""601988.SH"": 14600.0}",-0.007499792367,-0.03800976368,0.9981081092
2021-03-10,V11 LambdaRank Top2 ledger crosscheck,96644.01695,97649.79348,182.0169546,2,627.7117904,378.064738,1260215.793,0,"{""601288.SH"": 14500.0, ""601988.SH"": 14600.0}",0.004521405724,-0.03366021552,0.9981166247
2021-03-11,V11 LambdaRank Top2 ledger crosscheck,96934.01695,97939.79348,182.0169546,2,627.7117904,378.064738,1260215.793,0,"{""601288.SH"": 14500.0, ""601988.SH"": 14600.0}",0.003000703087,-0.03076051675,0.9981222592
2021-03-12,V11 LambdaRank Top2 ledger crosscheck,97226.01695,98231.79348,182.0169546,2,627.7117904,378.064738,1260215.793,0,"{""601288.SH"": 14500.0, ""601988.SH"": 14600.0}",0.003012358398,-0.02784082005,0.9981278987
2021-03-15,V11 LambdaRank Top2 ledger crosscheck,98098.01695,99103.79348,182.0169546,2,627.7117904,378.064738,1260215.793,0,"{""601288.SH"": 14500.0, ""601988.SH"": 14600.0}",0.008968792791,-0.01912172581,0.9981445399
2021-03-16,V11 LambdaRank Top2 ledger crosscheck,97953.01695,98958.79348,182.0169546,2,627.7117904,378.064738,1260215.793,0,"{""601288.SH"": 14500.0, ""601988.SH"": 14600.0}",-0.001478113468,-0.02057157519,0.9981417933
2021-03-17,V11 LambdaRank Top2 ledger crosscheck,97516.01695,98521.79348,182.0169546,2,627.7117904,378.064738,1260215.793,0,"{""601288.SH"": 14500.0, ""601988.SH"": 14600.0}",-0.004461322515,-0.02494112128,0.9981334661
2021-03-18,V11 LambdaRank Top2 ledger crosscheck,97225.01695,98230.79348,182.0169546,2,627.7117904,378.064738,1260215.793,0,"{""601288.SH"": 14500.0, ""601988.SH"": 14600.0}",-0.002984125163,-0.02785081901,0.9981278794
2021-03-19,V11 LambdaRank Top2 ledger crosscheck,96062.01695,97067.79348,182.0169546,2,627.7117904,378.064738,1260215.793,0,"{""601288.SH"": 14500.0, ""601988.SH"": 14600.0}",-0.01196194186,-0.03947961099,0.9981052141
2021-03-22,V11 LambdaRank Top2 ledger crosscheck,97225.01695,98230.79348,182.0169546,2,627.7117904,378.064738,1260215.793,0,"{""601288.SH"": 14500.0, ""601988.SH"": 14600.0}",0.01210676224,-0.02785081901,0.9981278794
2021-03-23,V11 LambdaRank Top2 ledger crosscheck,97371.01695,98376.79348,182.0169546,2,627.7117904,378.064738,1260215.793,0,"{""601288.SH"": 14500.0, ""601988.SH"": 14600.0}",0.001501671119,-0.02639097067,0.9981306865
2021-03-24,V11 LambdaRank Top2 ledger crosscheck,97662.01695,98667.79348,182.0169546,2,627.7117904,378.064738,1260215.793,0,"{""601288.SH"": 14500.0, ""601988.SH"": 14600.0}",0.002988568972,-0.02348127293,0.9981362564
2021-03-25,V11 LambdaRank Top2 ledger crosscheck,96646.01695,97651.79348,182.0169546,2,627.7117904,378.064738,1260215.793,0,"{""601288.SH"": 14500.0, ""601988.SH"": 14600.0}",-0.01040322565,-0.0336402176,0.9981166637
2021-03-26,V11 LambdaRank Top2 ledger crosscheck,96063.01695,97068.79348,182.0169546,2,627.7117904,378.064738,1260215.793,0,"{""601288.SH"": 14500.0, ""601988.SH"": 14600.0}",-0.006032323094,-0.03946961203,0.9981052338
2021-03-29,V11 LambdaRank Top2 ledger crosscheck,97226.01695,98231.79348,182.0169546,2,627.7117904,378.064738,1260215.793,0,"{""601288.SH"": 14500.0, ""601988.SH"": 14600.0}",0.01210663622,-0.02784082005,0.9981278987
2021-03-30,V11 LambdaRank Top2 ledger crosscheck,97372.01695,98377.79348,182.0169546,2,627.7117904,378.064738,1260215.793,0,"{""601288.SH"": 14500.0, ""601988.SH"": 14600.0}",0.001501655674,-0.0263809717,0.9981307057
2021-03-31,V11 LambdaRank Top2 ledger crosscheck,98392.01695,99397.79348,182.0169546,2,627.7117904,378.064738,1260215.793,0,"{""601288.SH"": 14500.0, ""601988.SH"": 14600.0}",0.01047528881,-0.01618203119,0.9981500841
2021-04-01,V11 LambdaRank Top2 ledger crosscheck,97810.01695,98815.79348,182.0169546,2,627.7117904,378.064738,1260215.793,0,"{""601288.SH"": 14500.0, ""601988.SH"": 14600.0}",-0.005915114031,-0.02200142666,0.9981390765
2021-04-02,V11 LambdaRank Top2 ledger crosscheck,97083.01695,98088.79348,182.0169546,2,627.7117904,378.064738,1260215.793,0,"{""601288.SH"": 14500.0, ""601988.SH"": 14600.0}",-0.007432776546,-0.02927067152,0.9981251411
2021-04-06,V11 LambdaRank Top2 ledger crosscheck,96792.01695,97797.79348,182.0169546,2,627.7117904,378.064738,1260215.793,0,"{""601288.SH"": 14500.0, ""601988.SH"": 14600.0}",-0.002997434661,-0.03218036925,0.9981195045
2021-04-07,V11 LambdaRank Top2 ledger crosscheck,97083.01695,98088.79348,182.0169546,2,627.7117904,378.064738,1260215.793,0,"{""601288.SH"": 14500.0, ""601988.SH"": 14600.0}",0.003006446287,-0.02927067152,0.9981251411
2021-04-08,V11 LambdaRank Top2 ledger crosscheck,96792.01695,97797.79348,182.0169546,2,627.7117904,378.064738,1260215.793,0,"{""601288.SH"": 14500.0, ""601988.SH"": 14600.0}",-0.002997434661,-0.03218036925,0.9981195045
2021-04-09,V11 LambdaRank Top2 ledger crosscheck,97228.01695,98233.79348,182.0169546,2,627.7117904,378.064738,1260215.793,0,"{""601288.SH"": 14500.0, ""601988.SH"": 14600.0}",0.004504503715,-0.02782082213,0.9981279372
2021-04-12,V11 LambdaRank Top2 ledger crosscheck,98100.01695,99105.79348,182.0169546,2,627.7117904,378.064738,1260215.793,0,"{""601288.SH"": 14500.0, ""601988.SH"": 14600.0}",0.008968608302,-0.01910172788,0.9981445777
2021-04-13,V11 LambdaRank Top2 ledger crosscheck,97809.01695,98814.79348,182.0169546,2,627.7117904,378.064738,1260215.793,0,"{""601288.SH"": 14500.0, ""601988.SH"": 14600.0}",-0.002966360344,-0.02201142562,0.9981390575
2021-04-14,V11 LambdaRank Top2 ledger crosscheck,97229.01695,98234.79348,182.0169546,2,627.7117904,378.064738,1260215.793,0,"{""601288.SH"": 14500.0, ""601988.SH"": 14600.0}",-0.005929923621,-0.02781082317,0.9981279564
2021-04-15,V11 LambdaRank Top2 ledger crosscheck,96937.01695,97942.79348,182.0169546,2,627.7117904,378.064738,1260215.793,0,"{""601288.SH"": 14500.0, ""601988.SH"": 14600.0}",-0.00300321868,-0.03073051987,0.9981223174
2021-04-16,V11 LambdaRank Top2 ledger crosscheck,97229.01695,98234.79348,182.0169546,2,627.7117904,378.064738,1260215.793,0,"{""601288.SH"": 14500.0, ""601988.SH"": 14600.0}",0.003012265171,-0.02781082317,0.9981279564
2021-04-19,V11 LambdaRank Top2 ledger crosscheck,97229.01695,98234.79348,182.0169546,2,627.7117904,378.064738,1260215.793,0,"{""601288.SH"": 14500.0, ""601988.SH"": 14600.0}",0,-0.02781082317,0.9981279564
2021-04-20,V11 LambdaRank Top2 ledger crosscheck,96793.01695,97798.79348,182.0169546,2,627.7117904,378.064738,1260215.793,0,"{""601288.SH"": 14500.0, ""601988.SH"": 14600.0}",-0.00448425803,-0.03217037029,0.9981195239
2021-04-21,V11 LambdaRank Top2 ledger crosscheck,96793.01695,97798.79348,182.0169546,2,627.7117904,378.064738,1260215.793,0,"{""601288.SH"": 14500.0, ""601988.SH"": 14600.0}",0,-0.03217037029,0.9981195239
2021-04-22,V11 LambdaRank Top2 ledger crosscheck,96066.01695,97071.79348,182.0169546,2,627.7117904,378.064738,1260215.793,0,"{""601288.SH"": 14500.0, ""601988.SH"": 14600.0}",-0.007510872405,-0.03943961515,0.998105293
2021-04-23,V11 LambdaRank Top2 ledger crosscheck,95194.01695,96199.79348,182.0169546,2,627.7117904,378.064738,1260215.793,0,"{""601288.SH"": 14500.0, ""601988.SH"": 14600.0}",-0.00907709123,-0.04815870939,0.998087937
2021-04-26,V11 LambdaRank Top2 ledger crosscheck,94612.01695,95617.79348,182.0169546,2,627.7117904,378.064738,1260215.793,0,"{""601288.SH"": 14500.0, ""601988.SH"": 14600.0}",-0.006113829615,-0.05397810487,0.9980761751
2021-04-27,V11 LambdaRank Top2 ledger crosscheck,94467.01695,95472.79348,182.0169546,2,627.7117904,378.064738,1260215.793,0,"{""601288.SH"": 14500.0, ""601988.SH"": 14600.0}",-0.001532574874,-0.05542795425,0.9980732222
2021-04-28,V11 LambdaRank Top2 ledger crosscheck,94322.01695,95327.79348,182.0169546,2,627.7117904,378.064738,1260215.793,0,"{""601288.SH"": 14500.0, ""601988.SH"": 14600.0}",-0.001534927265,-0.05687780364,0.9980702602
2021-04-29,V11 LambdaRank Top2 ledger crosscheck,94905.01695,95910.79348,182.0169546,2,627.7117904,378.064738,1260215.793,0,"{""601288.SH"": 14500.0, ""601988.SH"": 14600.0}",0.006180953491,-0.05104840921,0.9980821145
2021-04-30,V11 LambdaRank Top2 ledger crosscheck,94032.01695,95037.79348,182.0169546,2,627.7117904,378.064738,1260215.793,0,"{""601288.SH"": 14500.0, ""601988.SH"": 14600.0}",-0.009198670713,-0.05977750241,0.9980643087
2021-05-06,V11 LambdaRank Top2 ledger crosscheck,94323.01695,95328.79348,182.0169546,2,627.7117904,378.064738,1260215.793,0,"{""601288.SH"": 14500.0, ""601988.SH"": 14600.0}",0.003094690611,-0.05686780468,0.9980702806
2021-05-07,V11 LambdaRank Top2 ledger crosscheck,95507.54563,96594.79348,654.5456294,2,680.8793156,406.368538,1354561.793,0,"{""601288.SH"": 14600.0, ""601939.SH"": 6900.0}",0.01255821445,-0.04502374831,0.9931466606
2021-05-10,V11 LambdaRank Top2 ledger crosscheck,95844.54563,96931.79348,654.5456294,2,680.8793156,406.368538,1354561.793,0,"{""601288.SH"": 14600.0, ""601939.SH"": 6900.0}",0.003528517017,-0.04165409836,0.9931707577
2021-05-11,V11 LambdaRank Top2 ledger crosscheck,95929.54563,97016.79348,654.5456294,2,680.8793156,406.368538,1354561.793,0,"{""601288.SH"": 14600.0, ""601939.SH"": 6900.0}",0.0008868527619,-0.04080418665,0.9931768088
2021-05-12,V11 LambdaRank Top2 ledger crosscheck,96627.54563,97714.79348,654.5456294,2,680.8793156,406.368538,1354561.793,0,"{""601288.SH"": 14600.0, ""601939.SH"": 6900.0}",0.007276173315,-0.03382491167,0.9932260969
2021-05-13,V11 LambdaRank Top2 ledger crosscheck,96351.54563,97438.79348,654.5456294,2,680.8793156,406.368538,1354561.793,0,"{""601288.SH"": 14600.0, ""601939.SH"": 6900.0}",-0.002856328371,-0.03658462498,0.993206693
2021-05-14,V11 LambdaRank Top2 ledger crosscheck,96850.54563,97937.79348,654.5456294,2,680.8793156,406.368538,1354561.793,0,"{""601288.SH"": 14600.0, ""601939.SH"": 6900.0}",0.005178951689,-0.0315951433,0.9932416939
2021-05-17,V11 LambdaRank Top2 ledger crosscheck,96627.54563,97714.79348,654.5456294,2,680.8793156,406.368538,1354561.793,0,"{""601288.SH"": 14600.0, ""601939.SH"": 6900.0}",-0.002302516713,-0.03382491167,0.9932260969
2021-05-18,V11 LambdaRank Top2 ledger crosscheck,96197.54563,97284.79348,654.5456294,2,680.8793156,406.368538,1354561.793,0,"{""601288.SH"": 14600.0, ""601939.SH"": 6900.0}",-0.00445007681,-0.03812446502,0.9931958178
2021-05-19,V11 LambdaRank Top2 ledger crosscheck,95775.54563,96862.79348,654.5456294,2,680.8793156,406.368538,1354561.793,0,"{""601288.SH"": 14600.0, ""601939.SH"": 6900.0}",-0.004386806308,-0.04234402669,0.9931658376
2021-05-20,V11 LambdaRank Top2 ledger crosscheck,95990.54563,97077.79348,654.5456294,2,680.8793156,406.368538,1354561.793,0,"{""601288.SH"": 14600.0, ""601939.SH"": 6900.0}",0.002244831899,-0.04019425001,0.9931811448
2021-05-21,V11 LambdaRank Top2 ledger crosscheck,95361.54563,96448.79348,654.5456294,2,680.8793156,406.368538,1354561.793,0,"{""601288.SH"": 14600.0, ""601939.SH"": 6900.0}",-0.006552728666,-0.04648359666,0.993136168
2021-05-24,V11 LambdaRank Top2 ledger crosscheck,95223.54563,96310.79348,654.5456294,2,680.8793156,406.368538,1354561.793,0,"{""601288.SH"": 14600.0, ""601939.SH"": 6900.0}",-0.001447124195,-0.04786345332,0.9931262208
2021-05-25,V11 LambdaRank Top2 ledger crosscheck,96696.54563,97783.79348,654.5456294,2,680.8793156,406.368538,1354561.793,0,"{""601288.SH"": 14600.0, ""601939.SH"": 6900.0}",0.01546886319,-0.03313498334,0.9932309306
2021-05-26,V11 LambdaRank Top2 ledger crosscheck,96980.54563,98067.79348,654.5456294,2,680.8793156,406.368538,1354561.793,0,"{""601288.SH"": 14600.0, ""601939.SH"": 6900.0}",0.002937023222,-0.03029527833,0.9932507533
2021-05-27,V11 LambdaRank Top2 ledger crosscheck,96489.54563,97576.79348,654.5456294,2,680.8793156,406.368538,1354561.793,0,"{""601288.SH"": 14600.0, ""601939.SH"": 6900.0}",-0.005062871082,-0.03520476832,0.9932164088
2021-05-28,V11 LambdaRank Top2 ledger crosscheck,96980.54563,98067.79348,654.5456294,2,680.8793156,406.368538,1354561.793,0,"{""601288.SH"": 14600.0, ""601939.SH"": 6900.0}",0.005088634181,-0.03029527833,0.9932507533
2021-05-31,V11 LambdaRank Top2 ledger crosscheck,96067.54563,97154.79348,654.5456294,2,680.8793156,406.368538,1354561.793,0,"{""601288.SH"": 14600.0, ""601939.SH"": 6900.0}",-0.009414259263,-0.03942432999,0.9931866103
2021-06-01,V11 LambdaRank Top2 ledger crosscheck,95438.54563,96525.79348,654.5456294,2,680.8793156,406.368538,1354561.793,0,"{""601288.SH"": 14600.0, ""601939.SH"": 6900.0}",-0.006547476527,-0.04571367664,0.9931417057
2021-06-02,V11 LambdaRank Top2 ledger crosscheck,95246.56837,96410.79348,371.5683708,2,729.3247742,434.900338,1449667.793,0,"{""601398.SH"": 9200.0, ""601939.SH"": 6900.0}",-0.002011527494,-0.04763324982,0.9960988792
2021-06-03,V11 LambdaRank Top2 ledger crosscheck,94464.56837,95628.79348,371.5683708,2,729.3247742,434.900338,1449667.793,0,"{""601398.SH"": 9200.0, ""601939.SH"": 6900.0}",-0.00821026955,-0.05545243755,0.9960665848
2021-06-04,V11 LambdaRank Top2 ledger crosscheck,94924.56837,96088.79348,371.5683708,2,729.3247742,434.900338,1449667.793,0,"{""601398.SH"": 9200.0, ""601939.SH"": 6900.0}",0.004869550647,-0.05085291535,0.9960856459
2021-06-07,V11 LambdaRank Top2 ledger crosscheck,94717.56837,95881.79348,371.5683708,2,729.3247742,434.900338,1449667.793,0,"{""601398.SH"": 9200.0, ""601939.SH"": 6900.0}",-0.002180678865,-0.05292270034,0.9960770913
2021-06-08,V11 LambdaRank Top2 ledger crosscheck,95200.56837,96364.79348,371.5683708,2,729.3247742,434.900338,1449667.793,0,"{""601398.SH"": 9200.0, ""601939.SH"": 6900.0}",0.005099370775,-0.04809320204,0.9960969942
2021-06-09,V11 LambdaRank Top2 ledger crosscheck,94970.56837,96134.79348,371.5683708,2,729.3247742,434.900338,1449667.793,0,"{""601398.SH"": 9200.0, ""601939.SH"": 6900.0}",-0.002415951963,-0.05039296313,0.9960875419
2021-06-10,V11 LambdaRank Top2 ledger crosscheck,95062.56837,96226.79348,371.5683708,2,729.3247742,434.900338,1449667.793,0,"{""601398.SH"": 9200.0, ""601939.SH"": 6900.0}",0.0009687211689,-0.0494730587,0.9960913283
2021-06-11,V11 LambdaRank Top2 ledger crosscheck,94763.56837,95927.79348,371.5683708,2,729.3247742,434.900338,1449667.793,0,"{""601398.SH"": 9200.0, ""601939.SH"": 6900.0}",-0.003145296883,-0.05246274812,0.9960789956
2021-06-15,V11 LambdaRank Top2 ledger crosscheck,94073.56837,95237.79348,371.5683708,2,729.3247742,434.900338,1449667.793,0,"{""601398.SH"": 9200.0, ""601939.SH"": 6900.0}",-0.007281279207,-0.05936203141,0.9960502362
2021-06-16,V11 LambdaRank Top2 ledger crosscheck,94303.56837,95467.79348,371.5683708,2,729.3247742,434.900338,1449667.793,0,"{""601398.SH"": 9200.0, ""601939.SH"": 6900.0}",0.002444895033,-0.05706227031,0.9960598694
2021-06-17,V11 LambdaRank Top2 ledger crosscheck,94395.56837,95559.79348,371.5683708,2,729.3247742,434.900338,1449667.793,0,"{""601398.SH"": 9200.0, ""601939.SH"": 6900.0}",0.0009755728398,-0.05614236588,0.9960637096
2021-06-18,V11 LambdaRank Top2 ledger crosscheck,94119.56837,95283.79348,371.5683708,2,729.3247742,434.900338,1449667.793,0,"{""601398.SH"": 9200.0, ""601939.SH"": 6900.0}",-0.002923866075,-0.05890207919,0.9960521667
2021-06-21,V11 LambdaRank Top2 ledger crosscheck,93636.56837,94800.79348,371.5683708,2,729.3247742,434.900338,1449667.793,0,"{""601398.SH"": 9200.0, ""601939.SH"": 6900.0}",-0.00513177024,-0.0637315775,0.9960318028
2021-06-22,V11 LambdaRank Top2 ledger crosscheck,93866.56837,95030.79348,371.5683708,2,729.3247742,434.900338,1449667.793,0,"{""601398.SH"": 9200.0, ""601939.SH"": 6900.0}",0.002456305309,-0.0614318164,0.996041526
2021-06-23,V11 LambdaRank Top2 ledger crosscheck,93337.56837,94501.79348,371.5683708,2,729.3247742,434.900338,1449667.793,0,"{""601398.SH"": 9200.0, ""601939.SH"": 6900.0}",-0.005635659311,-0.06672126692,0.9960190909
2021-06-24,V11 LambdaRank Top2 ledger crosscheck,94234.56837,95398.79348,371.5683708,2,729.3247742,434.900338,1449667.793,0,"{""601398.SH"": 9200.0, ""601939.SH"": 6900.0}",0.009610278215,-0.05775219864,0.9960569844
2021-06-25,V11 LambdaRank Top2 ledger crosscheck,94993.56837,96157.79348,371.5683708,2,729.3247742,434.900338,1449667.793,0,"{""601398.SH"": 9200.0, ""601939.SH"": 6900.0}",0.008054369146,-0.05016298702,0.9960884892
2021-06-28,V11 LambdaRank Top2 ledger crosscheck,93843.56837,95007.79348,371.5683708,2,729.3247742,434.900338,1449667.793,0,"{""601398.SH"": 9200.0, ""601939.SH"": 6900.0}",-0.01210608276,-0.06166179251,0.9960405558
2021-06-29,V11 LambdaRank Top2 ledger crosscheck,93406.56837,94570.79348,371.5683708,2,729.3247742,434.900338,1449667.793,0,"{""601398.SH"": 9200.0, ""601939.SH"": 6900.0}",-0.004656685669,-0.06603133859,0.9960220317
2021-06-30,V11 LambdaRank Top2 ledger crosscheck,93820.56837,94984.79348,371.5683708,2,729.3247742,434.900338,1449667.793,0,"{""601398.SH"": 9200.0, ""601939.SH"": 6900.0}",0.004432236482,-0.06189176862,0.9960395852
2021-07-01,V11 LambdaRank Top2 ledger crosscheck,95338.56837,96502.79348,371.5683708,2,729.3247742,434.900338,1449667.793,0,"{""601398.SH"": 9200.0, ""601939.SH"": 6900.0}",0.01617982097,-0.04671334538,0.9961026437
2021-07-02,V11 LambdaRank Top2 ledger crosscheck,94662.93257,95907.79348,225.9325693,2,781.8904757,462.970438,1543234.793,0,"{""601288.SH"": 15400.0, ""601398.SH"": 9100.0}",-0.007086699675,-0.0534690016,0.9976132942
2021-07-05,V11 LambdaRank Top2 ledger crosscheck,94361.93257,95606.79348,225.9325693,2,781.8904757,462.970438,1543234.793,0,"{""601288.SH"": 15400.0, ""601398.SH"": 9100.0}",-0.003179702887,-0.05647868895,0.997605681
2021-07-06,V11 LambdaRank Top2 ledger crosscheck,94699.24718,95944.10809,225.9325693,2,781.8904757,462.970438,1543234.793,0,"{""601288.SH"": 15400.0, ""601398.SH"": 9596.6292}",0.00357468947,-0.05310589326,0.9976142094
2021-07-07,V11 LambdaRank Top2 ledger crosscheck,94295.28088,95540.1418,225.9325693,2,781.8904757,462.970438,1543234.793,0,"{""601288.SH"": 15400.0, ""601398.SH"": 9596.6292}",-0.004265781452,-0.05714513658,0.9976039886
2021-07-08,V11 LambdaRank Top2 ledger crosscheck,93661.44942,94906.31034,225.9325693,2,781.8904757,462.970438,1543234.793,0,"{""601288.SH"": 15400.0, ""601398.SH"": 9596.6292}",-0.006721772869,-0.06348279282,0.9975877742
2021-07-09,V11 LambdaRank Top2 ledger crosscheck,93431.58425,94676.44517,225.9325693,2,781.8904757,462.970438,1543234.793,0,"{""601288.SH"": 15400.0, ""601398.SH"": 9596.6292}",-0.002454213232,-0.06578120574,0.9975818395
2021-07-12,V11 LambdaRank Top2 ledger crosscheck,92509.85392,93754.71483,225.9325693,2,781.8904757,462.970438,1543234.793,0,"{""601288.SH"": 15400.0, ""601398.SH"": 9596.6292}",-0.009865297099,-0.0749975517,0.9975577459
2021-07-13,V11 LambdaRank Top2 ledger crosscheck,92317.92133,93562.78225,225.9325693,2,781.8904757,462.970438,1543234.793,0,"{""601288.SH"": 15400.0, ""601398.SH"": 9596.6292}",-0.002074725839,-0.07691667818,0.9975526684
2021-07-14,V11 LambdaRank Top2 ledger crosscheck,91472.05616,92716.91708,225.9325693,2,781.8904757,462.970438,1543234.793,0,"{""601288.SH"": 15400.0, ""601398.SH"": 9596.6292}",-0.009162523986,-0.08537445126,0.9975300373
2021-07-15,V11 LambdaRank Top2 ledger crosscheck,92009.92133,93254.78225,225.9325693,2,781.8904757,462.970438,1543234.793,0,"{""601288.SH"": 15400.0, ""601398.SH"": 9596.6292}",0.00588010362,-0.07999635826,0.997544476
2021-07-16,V11 LambdaRank Top2 ledger crosscheck,91759.95504,93004.81595,225.9325693,2,781.8904757,462.970438,1543234.793,0,"{""601288.SH"": 15400.0, ""601398.SH"": 9596.6292}",-0.002716731941,-0.08249576154,0.9975377868
2021-07-19,V11 LambdaRank Top2 ledger crosscheck,91817.98875,93062.84966,225.9325693,2,781.8904757,462.970438,1543234.793,0,"{""601288.SH"": 15400.0, ""601398.SH"": 9596.6292}",0.0006324513546,-0.08191548474,0.9975393431
2021-07-20,V11 LambdaRank Top2 ledger crosscheck,91626.05616,92870.91708,225.9325693,2,781.8904757,462.970438,1543234.793,0,"{""601288.SH"": 15400.0, ""601398.SH"": 9596.6292}",-0.002090359274,-0.08383461122,0.9975341886
2021-07-21,V11 LambdaRank Top2 ledger crosscheck,91280.12358,92524.98449,225.9325693,2,781.8904757,462.970438,1543234.793,0,"{""601288.SH"": 15400.0, ""601398.SH"": 9596.6292}",-0.003775482638,-0.08729357774,0.9975248437
2021-07-22,V11 LambdaRank Top2 ledger crosscheck,91626.05616,92870.91708,225.9325693,2,781.8904757,462.970438,1543234.793,0,"{""601288.SH"": 15400.0, ""601398.SH"": 9596.6292}",0.003789790928,-0.08383461122,0.9975341886
2021-07-23,V11 LambdaRank Top2 ledger crosscheck,91376.08987,92620.95079,225.9325693,2,781.8904757,462.970438,1543234.793,0,"{""601288.SH"": 15400.0, ""601398.SH"": 9596.6292}",-0.002728113624,-0.0863340145,0.9975274432
2021-07-26,V11 LambdaRank Top2 ledger crosscheck,90934.191,92179.05191,225.9325693,2,781.8904757,462.970438,1543234.793,0,"{""601288.SH"": 15400.0, ""601398.SH"": 9596.6292}",-0.004836044933,-0.09075254426,0.9975154277
2021-07-27,V11 LambdaRank Top2 ledger crosscheck,90146.35954,91391.22045,225.9325693,2,781.8904757,462.970438,1543234.793,0,"{""601288.SH"": 15400.0, ""601398.SH"": 9596.6292}",-0.008663753997,-0.09863004053,0.9974937139
2021-07-28,V11 LambdaRank Top2 ledger crosscheck,90780.191,92025.05191,225.9325693,2,781.8904757,462.970438,1543234.793,0,"{""601288.SH"": 15400.0, ""601398.SH"": 9596.6292}",0.007031137629,-0.09229238429,0.9975112129
2021-07-29,V11 LambdaRank Top2 ledger crosscheck,89992.35954,91237.22045,225.9325693,2,781.8904757,462.970438,1543234.793,0,"{""601288.SH"": 15400.0, ""601398.SH"": 9596.6292}",-0.008678451235,-0.1001698806,0.997489425
2021-07-30,V11 LambdaRank Top2 ledger crosscheck,89396.46066,90641.32157,225.9325693,2,781.8904757,462.970438,1543234.793,0,"{""601288.SH"": 15400.0, ""601398.SH"": 9596.6292}",-0.006621660766,-0.1061282504,0.99747269
2021-08-02,V11 LambdaRank Top2 ledger crosscheck,89646.42695,90891.28787,225.9325693,2,781.8904757,462.970438,1543234.793,0,"{""601288.SH"": 15400.0, ""601398.SH"": 9596.6292}",0.002796154236,-0.1036288471,0.997479737
2021-08-03,V11 LambdaRank Top2 ledger crosscheck,88913.60621,90236.35528,305.0444143,2,832.7525307,489.996538,1633321.793,0,"{""601398.SH"": 9696.6292, ""601939.SH"": 7700.0}",-0.008174567177,-0.1109562933,0.9965692043
2021-08-04,V11 LambdaRank Top2 ledger crosscheck,88391.70734,89714.4564,305.0444143,2,832.7525307,489.996538,1633321.793,0,"{""601398.SH"": 9696.6292, ""601939.SH"": 7700.0}",-0.005869730164,-0.11617474,0.9965489476
2021-08-05,V11 LambdaRank Top2 ledger crosscheck,88217.74104,89540.49011,305.0444143,2,832.7525307,489.996538,1633321.793,0,"{""601398.SH"": 9696.6292, ""601939.SH"": 7700.0}",-0.001968129108,-0.1179142222,0.9965421421
2021-08-06,V11 LambdaRank Top2 ledger crosscheck,87966.77475,89289.52382,305.0444143,2,832.7525307,489.996538,1633321.793,0,"{""601398.SH"": 9696.6292, ""601939.SH"": 7700.0}",-0.002844850584,-0.1204236244,0.9965322769
2021-08-09,V11 LambdaRank Top2 ledger crosscheck,88622.70734,89945.4564,305.0444143,2,832.7525307,489.996538,1633321.793,0,"{""601398.SH"": 9696.6292, ""601939.SH"": 7700.0}",0.007456594676,-0.1138649799,0.996557943
2021-08-10,V11 LambdaRank Top2 ledger crosscheck,89412.67363,90735.4227,305.0444143,2,832.7525307,489.996538,1633321.793,0,"{""601398.SH"": 9696.6292, ""601939.SH"": 7700.0}",0.00891381358,-0.1059661375,0.9965883537
2021-08-11,V11 LambdaRank Top2 ledger crosscheck,91517.37026,92840.11933,305.0444143,2,832.7525307,489.996538,1633321.793,0,"{""601398.SH"": 9696.6292, ""601939.SH"": 7700.0}",0.02353913091,-0.0849213574,0.996666814
2021-08-12,V11 LambdaRank Top2 ledger crosscheck,90861.43767,92184.18674,305.0444143,2,832.7525307,489.996538,1633321.793,0,"{""601398.SH"": 9696.6292, ""601939.SH"": 7700.0}",-0.007167301491,-0.09148000192,0.9966427516
2021-08-13,V11 LambdaRank Top2 ledger crosscheck,90513.50509,91836.25416,305.0444143,2,832.7525307,489.996538,1633321.793,0,"{""601398.SH"": 9696.6292, ""601939.SH"": 7700.0}",-0.003829265673,-0.09495896636,0.9966298464
2021-08-16,V11 LambdaRank Top2 ledger crosscheck,90533.47138,91856.22045,305.0444143,2,832.7525307,489.996538,1633321.793,0,"{""601398.SH"": 9696.6292, ""601939.SH"": 7700.0}",0.0002205890946,-0.09475932418,0.9966305897
2021-08-17,V11 LambdaRank Top2 ledger crosscheck,90610.47138,91933.22045,305.0444143,2,832.7525307,489.996538,1633321.793,0,"{""601398.SH"": 9696.6292, ""601939.SH"": 7700.0}",0.000850514167,-0.09398940416,0.996633453
2021-08-18,V11 LambdaRank Top2 ledger crosscheck,91711.30284,93034.05191,305.0444143,2,832.7525307,489.996538,1633321.793,0,"{""601398.SH"": 9696.6292, ""601939.SH"": 7700.0}",0.01214905346,-0.082982233,0.9966738624
2021-08-19,V11 LambdaRank Top2 ledger crosscheck,90958.40396,92281.15303,305.0444143,2,832.7525307,489.996538,1633321.793,0,"{""601398.SH"": 9696.6292, ""601939.SH"": 7700.0}",-0.00820944478,-0.09051043972,0.9966463306
2021-08-20,V11 LambdaRank Top2 ledger crosscheck,91152.33655,92475.08562,305.0444143,2,832.7525307,489.996538,1633321.793,0,"{""601398.SH"": 9696.6292, ""601939.SH"": 7700.0}",0.002132101882,-0.08857131532,0.9966534658
2021-08-23,V11 LambdaRank Top2 ledger crosscheck,90784.43767,92107.18674,305.0444143,2,832.7525307,489.996538,1633321.793,0,"{""601398.SH"": 9696.6292, ""601939.SH"": 7700.0}",-0.004036088271,-0.09224992194,0.9966399041
2021-08-24,V11 LambdaRank Top2 ledger crosscheck,90861.43767,92184.18674,305.0444143,2,832.7525307,489.996538,1633321.793,0,"{""601398.SH"": 9696.6292, ""601939.SH"": 7700.0}",0.0008481629889,-0.09148000192,0.9966427516
2021-08-25,V11 LambdaRank Top2 ledger crosscheck,90553.43767,91876.18674,305.0444143,2,832.7525307,489.996538,1633321.793,0,"{""601398.SH"": 9696.6292, ""601939.SH"": 7700.0}",-0.003389776872,-0.094559682,0.9966313326
2021-08-26,V11 LambdaRank Top2 ledger crosscheck,90302.47138,91625.22045,305.0444143,2,832.7525307,489.996538,1633321.793,0,"{""601398.SH"": 9696.6292, ""601939.SH"": 7700.0}",-0.002771471725,-0.09706908424,0.9966219705
2021-08-27,V11 LambdaRank Top2 ledger crosscheck,90342.40396,91665.15303,305.0444143,2,832.7525307,489.996538,1633321.793,0,"{""601398.SH"": 9696.6292, ""601939.SH"": 7700.0}",0.0004422092071,-0.09666979987,0.9966234636
2021-08-30,V11 LambdaRank Top2 ledger crosscheck,89144.60621,90467.35528,305.0444143,2,832.7525307,489.996538,1633321.793,0,"{""601398.SH"": 9696.6292, ""601939.SH"": 7700.0}",-0.0132584224,-0.1086465332,0.9965780945
2021-08-31,V11 LambdaRank Top2 ledger crosscheck,90148.47138,91471.22045,305.0444143,2,832.7525307,489.996538,1633321.793,0,"{""601398.SH"": 9696.6292, ""601939.SH"": 7700.0}",0.01126108703,-0.09860892428,0.9966161998
2021-09-01,V11 LambdaRank Top2 ledger crosscheck,91500.26913,92823.0182,305.0444143,2,832.7525307,489.996538,1633321.793,0,"{""601398.SH"": 9696.6292, ""601939.SH"": 7700.0}",0.01499523766,-0.08509235088,0.9966661911
2021-09-02,V11 LambdaRank Top2 ledger crosscheck,91275.71565,92746.0182,236.7156491,2,925.6588476,544.6437055,1815479.018,0,"{""601288.SH"": 15300.0, ""601988.SH"": 14900.0}",-0.002454129222,-0.08733765247,0.9974065868
2021-09-03,V11 LambdaRank Top2 ledger crosscheck,91883.71565,93354.0182,236.7156491,2,925.6588476,544.6437055,1815479.018,0,"{""601288.SH"": 15300.0, ""601988.SH"": 14900.0}",0.006661136488,-0.08125828401,0.9974237475
2021-09-06,V11 LambdaRank Top2 ledger crosscheck,91883.71565,93354.0182,236.7156491,2,925.6588476,544.6437055,1815479.018,0,"{""601288.SH"": 15300.0, ""601988.SH"": 14900.0}",0,-0.08125828401,0.9974237475
2021-09-07,V11 LambdaRank Top2 ledger crosscheck,92483.71565,93954.0182,236.7156491,2,925.6588476,544.6437055,1815479.018,0,"{""601288.SH"": 15300.0, ""601988.SH"": 14900.0}",0.006529992782,-0.07525890723,0.9974404613
2021-09-08,V11 LambdaRank Top2 ledger crosscheck,92938.71565,94409.0182,236.7156491,2,925.6588476,544.6437055,1815479.018,0,"{""601288.SH"": 15300.0, ""601988.SH"": 14900.0}",0.004919785032,-0.07070937985,0.997452992
2021-09-09,V11 LambdaRank Top2 ledger crosscheck,92789.71565,94260.0182,236.7156491,2,925.6588476,544.6437055,1815479.018,0,"{""601288.SH"": 15300.0, ""601988.SH"": 14900.0}",-0.001603207005,-0.07219922508,0.9974489021
2021-09-10,V11 LambdaRank Top2 ledger crosscheck,92938.71565,94409.0182,236.7156491,2,925.6588476,544.6437055,1815479.018,0,"{""601288.SH"": 15300.0, ""601988.SH"": 14900.0}",0.001605781405,-0.07070937985,0.997452992
2021-09-13,V11 LambdaRank Top2 ledger crosscheck,92785.71565,94256.0182,236.7156491,2,925.6588476,544.6437055,1815479.018,0,"{""601288.SH"": 15300.0, ""601988.SH"": 14900.0}",-0.00164624612,-0.07223922092,0.9974487921
2021-09-14,V11 LambdaRank Top2 ledger crosscheck,91577.71565,93048.0182,236.7156491,2,925.6588476,544.6437055,1815479.018,0,"{""601288.SH"": 15300.0, ""601988.SH"": 14900.0}",-0.01301924538,-0.08431796616,0.9974151392
2021-09-15,V11 LambdaRank Top2 ledger crosscheck,91424.71565,92895.0182,236.7156491,2,925.6588476,544.6437055,1815479.018,0,"{""601288.SH"": 15300.0, ""601988.SH"": 14900.0}",-0.001670712126,-0.08584780724,0.9974108134
2021-09-16,V11 LambdaRank Top2 ledger crosscheck,91122.71565,92593.0182,236.7156491,2,925.6588476,544.6437055,1815479.018,0,"{""601288.SH"": 15300.0, ""601988.SH"": 14900.0}",-0.003303264307,-0.08886749355,0.9974022323
2021-09-17,V11 LambdaRank Top2 ledger crosscheck,91573.71565,93044.0182,236.7156491,2,925.6588476,544.6437055,1815479.018,0,"{""601288.SH"": 15300.0, ""601988.SH"": 14900.0}",0.004949369614,-0.08435796201,0.9974150263
2021-09-22,V11 LambdaRank Top2 ledger crosscheck,90816.71565,92287.0182,236.7156491,2,925.6588476,544.6437055,1815479.018,0,"{""601288.SH"": 15300.0, ""601988.SH"": 14900.0}",-0.008266564206,-0.0919271757,0.9973934793
2021-09-23,V11 LambdaRank Top2 ledger crosscheck,91267.71565,92738.0182,236.7156491,2,925.6588476,544.6437055,1815479.018,0,"{""601288.SH"": 15300.0, ""601988.SH"": 14900.0}",0.004966046138,-0.08741764416,0.9974063594
2021-09-24,V11 LambdaRank Top2 ledger crosscheck,90663.71565,92134.0182,236.7156491,2,925.6588476,544.6437055,1815479.018,0,"{""601288.SH"": 15300.0, ""601988.SH"": 14900.0}",-0.006617893257,-0.09345701678,0.9973890807
2021-09-27,V11 LambdaRank Top2 ledger crosscheck,90510.71565,91981.0182,236.7156491,2,925.6588476,544.6437055,1815479.018,0,"{""601288.SH"": 15300.0, ""601988.SH"": 14900.0}",-0.001687554927,-0.09498685786,0.9973846671
2021-09-28,V11 LambdaRank Top2 ledger crosscheck,90965.71565,92436.0182,236.7156491,2,925.6588476,544.6437055,1815479.018,0,"{""601288.SH"": 15300.0, ""601988.SH"": 14900.0}",0.005027029084,-0.09043733047,0.9973977487
2021-09-29,V11 LambdaRank Top2 ledger crosscheck,91118.71565,92589.0182,236.7156491,2,925.6588476,544.6437055,1815479.018,0,"{""601288.SH"": 15300.0, ""601988.SH"": 14900.0}",0.001681952359,-0.08890748939,0.9974021182
2021-09-30,V11 LambdaRank Top2 ledger crosscheck,90663.71565,92134.0182,236.7156491,2,925.6588476,544.6437055,1815479.018,0,"{""601288.SH"": 15300.0, ""601988.SH"": 14900.0}",-0.004993485661,-0.09345701678,0.9973890807
2021-10-08,V11 LambdaRank Top2 ledger crosscheck,91267.71565,92738.0182,236.7156491,2,925.6588476,544.6437055,1815479.018,0,"{""601288.SH"": 15300.0, ""601988.SH"": 14900.0}",0.00666198154,-0.08741764416,0.9974063594
2021-10-11,V11 LambdaRank Top2 ledger crosscheck,91986.33585,93604.0182,657.3358504,2,1018.501046,599.1813055,1997271.018,0,"{""601398.SH"": 9600.0, ""601939.SH"": 7500.0}",0.007873761233,-0.08023218859,0.9928539838
2021-10-12,V11 LambdaRank Top2 ledger crosscheck,91932.33585,93550.0182,657.3358504,2,1018.501046,599.1813055,1997271.018,0,"{""601398.SH"": 9600.0, ""601939.SH"": 7500.0}",-0.0005870437114,-0.0807721325,0.9928497863
2021-10-13,V11 LambdaRank Top2 ledger crosscheck,91344.33585,92962.0182,657.3358504,2,1018.501046,599.1813055,1997271.018,0,"{""601398.SH"": 9600.0, ""601939.SH"": 7500.0}",-0.006396008483,-0.08665152174,0.992803759
2021-10-14,V11 LambdaRank Top2 ledger crosscheck,91173.33585,92791.0182,657.3358504,2,1018.501046,599.1813055,1997271.018,0,"{""601398.SH"": 9600.0, ""601939.SH"": 7500.0}",-0.001872037258,-0.08836134412,0.9927902621
2021-10-15,V11 LambdaRank Top2 ledger crosscheck,91557.33585,93175.0182,657.3358504,2,1018.501046,599.1813055,1997271.018,0,"{""601398.SH"": 9600.0, ""601939.SH"": 7500.0}",0.004211757708,-0.08452174298,0.9928205005
2021-10-18,V11 LambdaRank Top2 ledger crosscheck,91065.33585,92683.0182,657.3358504,2,1018.501046,599.1813055,1997271.018,0,"{""601398.SH"": 9600.0, ""601939.SH"": 7500.0}",-0.005373681917,-0.08944123194,0.9927817117
2021-10-19,V11 LambdaRank Top2 ledger crosscheck,91269.33585,92887.0182,657.3358504,2,1018.501046,599.1813055,1997271.018,0,"{""601398.SH"": 9600.0, ""601939.SH"": 7500.0}",0.002240149867,-0.08740144383,0.9927978456
2021-10-20,V11 LambdaRank Top2 ledger crosscheck,90852.33585,92470.0182,657.3358504,2,1018.501046,599.1813055,1997271.018,0,"{""601398.SH"": 9600.0, ""601939.SH"": 7500.0}",-0.004568894866,-0.09157101069,0.9927647887
2021-10-21,V11 LambdaRank Top2 ledger crosscheck,91761.33585,93379.0182,657.3358504,2,1018.501046,599.1813055,1997271.018,0,"{""601398.SH"": 9600.0, ""601939.SH"": 7500.0}",0.01000524633,-0.08248195488,0.9928364616
2021-10-22,V11 LambdaRank Top2 ledger crosscheck,91590.33585,93208.0182,657.3358504,2,1018.501046,599.1813055,1997271.018,0,"{""601398.SH"": 9600.0, ""601939.SH"": 7500.0}",-0.001863529976,-0.08419177726,0.9928230872
2021-10-25,V11 LambdaRank Top2 ledger crosscheck,91344.33585,92962.0182,657.3358504,2,1018.501046,599.1813055,1997271.018,0,"{""601398.SH"": 9600.0, ""601939.SH"": 7500.0}",-0.002685872889,-0.08665152174,0.992803759
2021-10-26,V11 LambdaRank Top2 ledger crosscheck,91002.33585,92620.0182,657.3358504,2,1018.501046,599.1813055,1997271.018,0,"{""601398.SH"": 9600.0, ""601939.SH"": 7500.0}",-0.003744074516,-0.0900711665,0.9927767145
2021-10-27,V11 LambdaRank Top2 ledger crosscheck,90852.33585,92470.0182,657.3358504,2,1018.501046,599.1813055,1997271.018,0,"{""601398.SH"": 9600.0, ""601939.SH"": 7500.0}",-0.001648309338,-0.09157101069,0.9927647887
2021-10-28,V11 LambdaRank Top2 ledger crosscheck,90264.33585,91882.0182,657.3358504,2,1018.501046,599.1813055,1997271.018,0,"{""601398.SH"": 9600.0, ""601939.SH"": 7500.0}",-0.006472040531,-0.09745039993,0.992717657
2021-10-29,V11 LambdaRank Top2 ledger crosscheck,89964.33585,91582.0182,657.3358504,2,1018.501046,599.1813055,1997271.018,0,"{""601398.SH"": 9600.0, ""601939.SH"": 7500.0}",-0.003323571787,-0.1004500883,0.9926933729
2021-11-01,V11 LambdaRank Top2 ledger crosscheck,90990.33585,92608.0182,657.3358504,2,1018.501046,599.1813055,1997271.018,0,"{""601398.SH"": 9600.0, ""601939.SH"": 7500.0}",0.01140451925,-0.09019115403,0.9927757619
2021-11-02,V11 LambdaRank Top2 ledger crosscheck,89865.87043,91630.0182,44.87043275,2,1110.671864,653.4759055,2178253.018,0,"{""601288.SH"": 15300.0, ""601988.SH"": 14800.0}",-0.01235807525,-0.1014346402,0.9995006955
2021-11-03,V11 LambdaRank Top2 ledger crosscheck,89865.87043,91630.0182,44.87043275,2,1110.671864,653.4759055,2178253.018,0,"{""601288.SH"": 15300.0, ""601988.SH"": 14800.0}",0,-0.1014346402,0.9995006955
2021-11-04,V11 LambdaRank Top2 ledger crosscheck,89712.87043,91477.0182,44.87043275,2,1110.671864,653.4759055,2178253.018,0,"{""601288.SH"": 15300.0, ""601988.SH"": 14800.0}",-0.00170253734,-0.1029644813,0.999499844
2021-11-05,V11 LambdaRank Top2 ledger crosscheck,89712.87043,91477.0182,44.87043275,2,1110.671864,653.4759055,2178253.018,0,"{""601288.SH"": 15300.0, ""601988.SH"": 14800.0}",0,-0.1029644813,0.999499844
2021-11-08,V11 LambdaRank Top2 ledger crosscheck,89564.87043,91329.0182,44.87043275,2,1110.671864,653.4759055,2178253.018,0,"{""601288.SH"": 15300.0, ""601988.SH"": 14800.0}",-0.001649707554,-0.1044443276,0.9994990175
2021-11-09,V11 LambdaRank Top2 ledger crosscheck,89712.87043,91477.0182,44.87043275,2,1110.671864,653.4759055,2178253.018,0,"{""601288.SH"": 15300.0, ""601988.SH"": 14800.0}",0.001652433586,-0.1029644813,0.999499844
2021-11-10,V11 LambdaRank Top2 ledger crosscheck,89559.87043,91324.0182,44.87043275,2,1110.671864,653.4759055,2178253.018,0,"{""601288.SH"": 15300.0, ""601988.SH"": 14800.0}",-0.001705440917,-0.1044943224,0.9994989895
2021-11-11,V11 LambdaRank Top2 ledger crosscheck,90462.87043,92227.0182,44.87043275,2,1110.671864,653.4759055,2178253.018,0,"{""601288.SH"": 15300.0, ""601988.SH"": 14800.0}",0.01008264076,-0.09546526033,0.9995039906
2021-11-12,V11 LambdaRank Top2 ledger crosscheck,90161.87043,91926.0182,44.87043275,2,1110.671864,653.4759055,2178253.018,0,"{""601288.SH"": 15300.0, ""601988.SH"": 14800.0}",-0.00332733196,-0.09847494767,0.9995023347
2021-11-15,V11 LambdaRank Top2 ledger crosscheck,90161.87043,91926.0182,44.87043275,2,1110.671864,653.4759055,2178253.018,0,"{""601288.SH"": 15300.0, ""601988.SH"": 14800.0}",0,-0.09847494767,0.9995023347
2021-11-16,V11 LambdaRank Top2 ledger crosscheck,90161.87043,91926.0182,44.87043275,2,1110.671864,653.4759055,2178253.018,0,"{""601288.SH"": 15300.0, ""601988.SH"": 14800.0}",0,-0.09847494767,0.9995023347
2021-11-17,V11 LambdaRank Top2 ledger crosscheck,90309.87043,92074.0182,44.87043275,2,1110.671864,653.4759055,2178253.018,0,"{""601288.SH"": 15300.0, ""601988.SH"": 14800.0}",0.001641492122,-0.0969951014,0.9995031503
2021-11-18,V11 LambdaRank Top2 ledger crosscheck,90161.87043,91926.0182,44.87043275,2,1110.671864,653.4759055,2178253.018,0,"{""601288.SH"": 15300.0, ""601988.SH"": 14800.0}",-0.001638802041,-0.09847494767,0.9995023347
2021-11-19,V11 LambdaRank Top2 ledger crosscheck,90467.87043,92232.0182,44.87043275,2,1110.671864,653.4759055,2178253.018,0,"{""601288.SH"": 15300.0, ""601988.SH"": 14800.0}",0.003393895873,-0.09541526552,0.999504018
2021-11-22,V11 LambdaRank Top2 ledger crosscheck,90314.87043,92079.0182,44.87043275,2,1110.671864,653.4759055,2178253.018,0,"{""601288.SH"": 15300.0, ""601988.SH"": 14800.0}",-0.001691208152,-0.0969451066,0.9995031778
2021-11-23,V11 LambdaRank Top2 ledger crosscheck,90462.87043,92227.0182,44.87043275,2,1110.671864,653.4759055,2178253.018,0,"{""601288.SH"": 15300.0, ""601988.SH"": 14800.0}",0.001638711314,-0.09546526033,0.9995039906
2021-11-24,V11 LambdaRank Top2 ledger crosscheck,90610.87043,92375.0182,44.87043275,2,1110.671864,653.4759055,2178253.018,0,"{""601288.SH"": 15300.0, ""601988.SH"": 14800.0}",0.001636030333,-0.09398541405,0.9995048008
2021-11-25,V11 LambdaRank Top2 ledger crosscheck,90304.87043,92069.0182,44.87043275,2,1110.671864,653.4759055,2178253.018,0,"{""601288.SH"": 15300.0, ""601988.SH"": 14800.0}",-0.003377078253,-0.09704509621,0.9995031228
2021-11-26,V11 LambdaRank Top2 ledger crosscheck,90156.87043,91921.0182,44.87043275,2,1110.671864,653.4759055,2178253.018,0,"{""601288.SH"": 15300.0, ""601988.SH"": 14800.0}",-0.001638892778,-0.09852494248,0.9995023071
2021-11-29,V11 LambdaRank Top2 ledger crosscheck,90008.87043,91773.0182,44.87043275,2,1110.671864,653.4759055,2178253.018,0,"{""601288.SH"": 15300.0, ""601988.SH"": 14800.0}",-0.001641583157,-0.1000047888,0.9995014888
2021-11-30,V11 LambdaRank Top2 ledger crosscheck,89707.87043,91472.0182,44.87043275,2,1110.671864,653.4759055,2178253.018,0,"{""601288.SH"": 15300.0, ""601988.SH"": 14800.0}",-0.003344114847,-0.1030144761,0.9994998161
2021-12-01,V11 LambdaRank Top2 ledger crosscheck,90161.87043,91926.0182,44.87043275,2,1110.671864,653.4759055,2178253.018,0,"{""601288.SH"": 15300.0, ""601988.SH"": 14800.0}",0.005060871447,-0.09847494767,0.9995023347
2021-12-02,V11 LambdaRank Top2 ledger crosscheck,90013.87043,91778.0182,44.87043275,2,1110.671864,653.4759055,2178253.018,0,"{""601288.SH"": 15300.0, ""601988.SH"": 14800.0}",-0.001641492122,-0.09995479394,0.9995015165
2021-12-03,V11 LambdaRank Top2 ledger crosscheck,90161.87043,91926.0182,44.87043275,2,1110.671864,653.4759055,2178253.018,0,"{""601288.SH"": 15300.0, ""601988.SH"": 14800.0}",0.001644191048,-0.09847494767,0.9995023347
2021-12-06,V11 LambdaRank Top2 ledger crosscheck,90161.87043,91926.0182,44.87043275,2,1110.671864,653.4759055,2178253.018,0,"{""601288.SH"": 15300.0, ""601988.SH"": 14800.0}",0,-0.09847494767,0.9995023347
2021-12-07,V11 LambdaRank Top2 ledger crosscheck,90462.87043,92227.0182,44.87043275,2,1110.671864,653.4759055,2178253.018,0,"{""601288.SH"": 15300.0, ""601988.SH"": 14800.0}",0.003338440058,-0.09546526033,0.9995039906
2021-12-08,V11 LambdaRank Top2 ledger crosscheck,90161.87043,91926.0182,44.87043275,2,1110.671864,653.4759055,2178253.018,0,"{""601288.SH"": 15300.0, ""601988.SH"": 14800.0}",-0.00332733196,-0.09847494767,0.9995023347
2021-12-09,V11 LambdaRank Top2 ledger crosscheck,90615.87043,92380.0182,44.87043275,2,1110.671864,653.4759055,2178253.018,0,"{""601288.SH"": 15300.0, ""601988.SH"": 14800.0}",0.005035387995,-0.09393541925,0.9995048281
2021-12-10,V11 LambdaRank Top2 ledger crosscheck,90462.87043,92227.0182,44.87043275,2,1110.671864,653.4759055,2178253.018,0,"{""601288.SH"": 15300.0, ""601988.SH"": 14800.0}",-0.001688445956,-0.09546526033,0.9995039906
2021-12-13,V11 LambdaRank Top2 ledger crosscheck,90161.87043,91926.0182,44.87043275,2,1110.671864,653.4759055,2178253.018,0,"{""601288.SH"": 15300.0, ""601988.SH"": 14800.0}",-0.00332733196,-0.09847494767,0.9995023347
2021-12-14,V11 LambdaRank Top2 ledger crosscheck,90013.87043,91778.0182,44.87043275,2,1110.671864,653.4759055,2178253.018,0,"{""601288.SH"": 15300.0, ""601988.SH"": 14800.0}",-0.001641492122,-0.09995479394,0.9995015165
2021-12-15,V11 LambdaRank Top2 ledger crosscheck,90013.87043,91778.0182,44.87043275,2,1110.671864,653.4759055,2178253.018,0,"{""601288.SH"": 15300.0, ""601988.SH"": 14800.0}",0,-0.09995479394,0.9995015165
2021-12-16,V11 LambdaRank Top2 ledger crosscheck,90166.87043,91931.0182,44.87043275,2,1110.671864,653.4759055,2178253.018,0,"{""601288.SH"": 15300.0, ""601988.SH"": 14800.0}",0.001699738043,-0.09842495287,0.9995023623
2021-12-17,V11 LambdaRank Top2 ledger crosscheck,90161.87043,91926.0182,44.87043275,2,1110.671864,653.4759055,2178253.018,0,"{""601288.SH"": 15300.0, ""601988.SH"": 14800.0}",-5.545273975e-05,-0.09847494767,0.9995023347
2021-12-20,V11 LambdaRank Top2 ledger crosscheck,90166.87043,91931.0182,44.87043275,2,1110.671864,653.4759055,2178253.018,0,"{""601288.SH"": 15300.0, ""601988.SH"": 14800.0}",5.545581492e-05,-0.09842495287,0.9995023623
2021-12-21,V11 LambdaRank Top2 ledger crosscheck,90314.87043,92079.0182,44.87043275,2,1110.671864,653.4759055,2178253.018,0,"{""601288.SH"": 15300.0, ""601988.SH"": 14800.0}",0.001641401097,-0.0969451066,0.9995031778
2021-12-22,V11 LambdaRank Top2 ledger crosscheck,90314.87043,92079.0182,44.87043275,2,1110.671864,653.4759055,2178253.018,0,"{""601288.SH"": 15300.0, ""601988.SH"": 14800.0}",0,-0.0969451066,0.9995031778
2021-12-23,V11 LambdaRank Top2 ledger crosscheck,90314.87043,92079.0182,44.87043275,2,1110.671864,653.4759055,2178253.018,0,"{""601288.SH"": 15300.0, ""601988.SH"": 14800.0}",0,-0.0969451066,0.9995031778
2021-12-24,V11 LambdaRank Top2 ledger crosscheck,90166.87043,91931.0182,44.87043275,2,1110.671864,653.4759055,2178253.018,0,"{""601288.SH"": 15300.0, ""601988.SH"": 14800.0}",-0.001638711314,-0.09842495287,0.9995023623
2021-12-27,V11 LambdaRank Top2 ledger crosscheck,90314.87043,92079.0182,44.87043275,2,1110.671864,653.4759055,2178253.018,0,"{""601288.SH"": 15300.0, ""601988.SH"": 14800.0}",0.001641401097,-0.0969451066,0.9995031778
2021-12-28,V11 LambdaRank Top2 ledger crosscheck,90615.87043,92380.0182,44.87043275,2,1110.671864,653.4759055,2178253.018,0,"{""601288.SH"": 15300.0, ""601988.SH"": 14800.0}",0.003332784497,-0.09393541925,0.9995048281
2021-12-29,V11 LambdaRank Top2 ledger crosscheck,90166.87043,91931.0182,44.87043275,2,1110.671864,653.4759055,2178253.018,0,"{""601288.SH"": 15300.0, ""601988.SH"": 14800.0}",-0.004954981924,-0.09842495287,0.9995023623
2021-12-30,V11 LambdaRank Top2 ledger crosscheck,90166.87043,91931.0182,44.87043275,2,1110.671864,653.4759055,2178253.018,0,"{""601288.SH"": 15300.0, ""601988.SH"": 14800.0}",0,-0.09842495287,0.9995023623
2021-12-31,V11 LambdaRank Top2 ledger crosscheck,90166.87043,91931.0182,44.87043275,2,1110.671864,653.4759055,2178253.018,0,"{""601288.SH"": 15300.0, ""601988.SH"": 14800.0}",0,-0.09842495287,0.9995023623
2022-01-04,V11 LambdaRank Top2 ledger crosscheck,90462.87043,92227.0182,44.87043275,2,1110.671864,653.4759055,2178253.018,0,"{""601288.SH"": 15300.0, ""601988.SH"": 14800.0}",0.003282802193,-0.09546526033,0.9995039906
2022-01-05,V11 LambdaRank Top2 ledger crosscheck,91760.56217,93598.0182,491.5621687,2,1156.874528,680.5815055,2268605.018,0,"{""601288.SH"": 15300.0, ""601939.SH"": 7600.0}",0.01434502056,-0.08248969089,0.9946429909
2022-01-06,V11 LambdaRank Top2 ledger crosscheck,91759.56217,93597.0182,491.5621687,2,1156.874528,680.5815055,2268605.018,0,"{""601288.SH"": 15300.0, ""601939.SH"": 7600.0}",-1.0897928e-05,-0.08249968985,0.9946429325
2022-01-07,V11 LambdaRank Top2 ledger crosscheck,92902.56217,94740.0182,491.5621687,2,1156.874528,680.5815055,2268605.018,0,"{""601288.SH"": 15300.0, ""601939.SH"": 7600.0}",0.01245646746,-0.0710708771,0.9947088416
2022-01-10,V11 LambdaRank Top2 ledger crosscheck,92750.56217,94588.0182,491.5621687,2,1156.874528,680.5815055,2268605.018,0,"{""601288.SH"": 15300.0, ""601939.SH"": 7600.0}",-0.001636122798,-0.07259071921,0.9947001705
2022-01-11,V11 LambdaRank Top2 ledger crosscheck,93055.56217,94893.0182,491.5621687,2,1156.874528,680.5815055,2268605.018,0,"{""601288.SH"": 15300.0, ""601939.SH"": 7600.0}",0.003288389772,-0.06954103602,0.9947175412
2022-01-12,V11 LambdaRank Top2 ledger crosscheck,92293.56217,94131.0182,491.5621687,2,1156.874528,680.5815055,2268605.018,0,"{""601288.SH"": 15300.0, ""601939.SH"": 7600.0}",-0.008188656134,-0.07716024452,0.9946739279
2022-01-13,V11 LambdaRank Top2 ledger crosscheck,92980.56217,94818.0182,491.5621687,2,1156.874528,680.5815055,2268605.018,0,"{""601288.SH"": 15300.0, ""601939.SH"": 7600.0}",0.007443639446,-0.07029095812,0.9947132803
2022-01-14,V11 LambdaRank Top2 ledger crosscheck,91684.56217,93522.0182,491.5621687,2,1156.874528,680.5815055,2268605.018,0,"{""601288.SH"": 15300.0, ""601939.SH"": 7600.0}",-0.01393839712,-0.08324961195,0.9946385503
2022-01-17,V11 LambdaRank Top2 ledger crosscheck,91074.56217,92912.0182,491.5621687,2,1156.874528,680.5815055,2268605.018,0,"{""601288.SH"": 15300.0, ""601939.SH"": 7600.0}",-0.006653246583,-0.08934897834,0.9946026403
2022-01-18,V11 LambdaRank Top2 ledger crosscheck,92370.56217,94208.0182,491.5621687,2,1156.874528,680.5815055,2268605.018,0,"{""601288.SH"": 15300.0, ""601939.SH"": 7600.0}",0.0142300986,-0.0763903245,0.9946783677
2022-01-19,V11 LambdaRank Top2 ledger crosscheck,92065.56217,93903.0182,491.5621687,2,1156.874528,680.5815055,2268605.018,0,"{""601288.SH"": 15300.0, ""601939.SH"": 7600.0}",-0.003301917763,-0.0794400077,0.9946607379
2022-01-20,V11 LambdaRank Top2 ledger crosscheck,92979.56217,94817.0182,491.5621687,2,1156.874528,680.5815055,2268605.018,0,"{""601288.SH"": 15300.0, ""601939.SH"": 7600.0}",0.009927707804,-0.07030095708,0.9947132235
2022-01-21,V11 LambdaRank Top2 ledger crosscheck,92523.56217,94361.0182,491.5621687,2,1156.874528,680.5815055,2268605.018,0,"{""601288.SH"": 15300.0, ""601939.SH"": 7600.0}",-0.004904303584,-0.07486048343,0.9946871677
2022-01-24,V11 LambdaRank Top2 ledger crosscheck,92446.56217,94284.0182,491.5621687,2,1156.874528,680.5815055,2268605.018,0,"{""601288.SH"": 15300.0, ""601939.SH"": 7600.0}",-0.0008322204441,-0.07563040345,0.9946827426
2022-01-25,V11 LambdaRank Top2 ledger crosscheck,91226.56217,93064.0182,491.5621687,2,1156.874528,680.5815055,2268605.018,0,"{""601288.SH"": 15300.0, ""601939.SH"": 7600.0}",-0.01319681307,-0.08782913622,0.9946116333
2022-01-26,V11 LambdaRank Top2 ledger crosscheck,91683.56217,93521.0182,491.5621687,2,1156.874528,680.5815055,2268605.018,0,"{""601288.SH"": 15300.0, ""601939.SH"": 7600.0}",0.005009505884,-0.08325961091,0.9946384918
2022-01-27,V11 LambdaRank Top2 ledger crosscheck,91530.56217,93368.0182,491.5621687,2,1156.874528,680.5815055,2268605.018,0,"{""601288.SH"": 15300.0, ""601939.SH"": 7600.0}",-0.001668783328,-0.08478945199,0.9946295297
2022-01-28,V11 LambdaRank Top2 ledger crosscheck,91303.56217,93141.0182,491.5621687,2,1156.874528,680.5815055,2268605.018,0,"{""601288.SH"": 15300.0, ""601939.SH"": 7600.0}",-0.00248004595,-0.0870592162,0.9946161775
2022-02-07,V11 LambdaRank Top2 ledger crosscheck,92979.56217,94817.0182,491.5621687,2,1156.874528,680.5815055,2268605.018,0,"{""601288.SH"": 15300.0, ""601939.SH"": 7600.0}",0.01835634843,-0.07030095708,0.9947132235
2022-02-08,V11 LambdaRank Top2 ledger crosscheck,94563.23435,96481.0182,523.2343481,2,1209.283149,708.5007055,2361669.018,0,"{""601288.SH"": 15400.0, ""601988.SH"": 14800.0}",0.0170324762,-0.05446588026,0.9944668311
2022-02-09,V11 LambdaRank Top2 ledger crosscheck,94261.23435,96179.0182,523.2343481,2,1209.283149,708.5007055,2361669.018,0,"{""601288.SH"": 15400.0, ""601988.SH"": 14800.0}",-0.003193630189,-0.05748556657,0.9944491036
2022-02-10,V11 LambdaRank Top2 ledger crosscheck,95167.23435,97085.0182,523.2343481,2,1209.283149,708.5007055,2361669.018,0,"{""601288.SH"": 15400.0, ""601988.SH"": 14800.0}",0.00961158642,-0.04842650764,0.9945019486
2022-02-11,V11 LambdaRank Top2 ledger crosscheck,95167.23435,97085.0182,523.2343481,2,1209.283149,708.5007055,2361669.018,0,"{""601288.SH"": 15400.0, ""601988.SH"": 14800.0}",0,-0.04842650764,0.9945019486
2022-02-14,V11 LambdaRank Top2 ledger crosscheck,94255.23435,96173.0182,523.2343481,2,1209.283149,708.5007055,2361669.018,0,"{""601288.SH"": 15400.0, ""601988.SH"": 14800.0}",-0.009583130226,-0.05754556034,0.9944487502
2022-02-15,V11 LambdaRank Top2 ledger crosscheck,93651.23435,95569.0182,523.2343481,2,1209.283149,708.5007055,2361669.018,0,"{""601288.SH"": 15400.0, ""601988.SH"": 14800.0}",-0.006408132176,-0.06358493296,0.9944129477
2022-02-16,V11 LambdaRank Top2 ledger crosscheck,94255.23435,96173.0182,523.2343481,2,1209.283149,708.5007055,2361669.018,0,"{""601288.SH"": 15400.0, ""601988.SH"": 14800.0}",0.006449461176,-0.05754556034,0.9944487502
2022-02-17,V11 LambdaRank Top2 ledger crosscheck,94403.23435,96321.0182,523.2343481,2,1209.283149,708.5007055,2361669.018,0,"{""601288.SH"": 15400.0, ""601988.SH"": 14800.0}",0.001570204573,-0.05606571407,0.9944574532
2022-02-18,V11 LambdaRank Top2 ledger crosscheck,94853.23435,96771.0182,523.2343481,2,1209.283149,708.5007055,2361669.018,0,"{""601288.SH"": 15400.0, ""601988.SH"": 14800.0}",0.004766785832,-0.05156618148,0.994483748
2022-02-21,V11 LambdaRank Top2 ledger crosscheck,94249.23435,96167.0182,523.2343481,2,1209.283149,708.5007055,2361669.018,0,"{""601288.SH"": 15400.0, ""601988.SH"": 14800.0}",-0.006367732257,-0.0576055541,0.9944483968
2022-02-22,V11 LambdaRank Top2 ledger crosscheck,93793.23435,95711.0182,523.2343481,2,1209.283149,708.5007055,2361669.018,0,"{""601288.SH"": 15400.0, ""601988.SH"": 14800.0}",-0.00483823559,-0.06216508045,0.9944214063
2022-02-23,V11 LambdaRank Top2 ledger crosscheck,93645.23435,95563.0182,523.2343481,2,1209.283149,708.5007055,2361669.018,0,"{""601288.SH"": 15400.0, ""601988.SH"": 14800.0}",-0.001577938974,-0.06364492672,0.9944125897
2022-02-24,V11 LambdaRank Top2 ledger crosscheck,92289.23435,94207.0182,523.2343481,2,1209.283149,708.5007055,2361669.018,0,"{""601288.SH"": 15400.0, ""601988.SH"": 14800.0}",-0.01448018161,-0.07720351823,0.9943304942
2022-02-25,V11 LambdaRank Top2 ledger crosscheck,92289.23435,94207.0182,523.2343481,2,1209.283149,708.5007055,2361669.018,0,"{""601288.SH"": 15400.0, ""601988.SH"": 14800.0}",0,-0.07720351823,0.9943304942
2022-02-28,V11 LambdaRank Top2 ledger crosscheck,92295.23435,94213.0182,523.2343481,2,1209.283149,708.5007055,2361669.018,0,"{""601288.SH"": 15400.0, ""601988.SH"": 14800.0}",6.501300008e-05,-0.07714352447,0.9943308628
2022-03-01,V11 LambdaRank Top2 ledger crosscheck,92899.23435,94817.0182,523.2343481,2,1209.283149,708.5007055,2361669.018,0,"{""601288.SH"": 15400.0, ""601988.SH"": 14800.0}",0.006544216549,-0.07110415185,0.9943677216
2022-03-02,V11 LambdaRank Top2 ledger crosscheck,93115.542,95108.0182,261.5420005,2,1256.291796,736.1844055,2453948.018,0,"{""601398.SH"": 9900.0, ""601988.SH"": 14800.0}",0.002328411572,-0.0689413,0.99719121
2022-03-03,V11 LambdaRank Top2 ledger crosscheck,93807.542,95800.0182,261.5420005,2,1256.291796,736.1844055,2453948.018,0,"{""601398.SH"": 9900.0, ""601988.SH"": 14800.0}",0.007431627257,-0.06202201879,0.9972119299
2022-03-04,V11 LambdaRank Top2 ledger crosscheck,93609.542,95602.0182,261.5420005,2,1256.291796,736.1844055,2453948.018,0,"{""601398.SH"": 9900.0, ""601988.SH"": 14800.0}",-0.002110704489,-0.06400181313,0.9972060327
2022-03-07,V11 LambdaRank Top2 ledger crosscheck,92620.542,94613.0182,261.5420005,2,1256.291796,736.1844055,2453948.018,0,"{""601398.SH"": 9900.0, ""601988.SH"": 14800.0}",-0.01056516226,-0.07389078584,0.9971761988
2022-03-08,V11 LambdaRank Top2 ledger crosscheck,91879.542,93872.0182,261.5420005,2,1256.291796,736.1844055,2453948.018,0,"{""601398.SH"": 9900.0, ""601988.SH"": 14800.0}",-0.008000385055,-0.08130001616,0.9971534251
2022-03-09,V11 LambdaRank Top2 ledger crosscheck,90989.542,92982.0182,261.5420005,2,1256.291796,736.1844055,2453948.018,0,"{""601398.SH"": 9900.0, ""601988.SH"": 14800.0}",-0.009686595956,-0.09019909171,0.9971255817
2022-03-10,V11 LambdaRank Top2 ledger crosscheck,90989.542,92982.0182,261.5420005,2,1256.291796,736.1844055,2453948.018,0,"{""601398.SH"": 9900.0, ""601988.SH"": 14800.0}",0,-0.09019909171,0.9971255817
2022-03-11,V11 LambdaRank Top2 ledger crosscheck,91780.542,93773.0182,261.5420005,2,1256.291796,736.1844055,2453948.018,0,"{""601398.SH"": 9900.0, ""601988.SH"": 14800.0}",0.008693306754,-0.08228991333,0.9971503546
2022-03-14,V11 LambdaRank Top2 ledger crosscheck,91434.542,93427.0182,261.5420005,2,1256.291796,736.1844055,2453948.018,0,"{""601398.SH"": 9900.0, ""601988.SH"": 14800.0}",-0.003769862244,-0.08574955393,0.9971395712
2022-03-15,V11 LambdaRank Top2 ledger crosscheck,90051.542,92044.0182,261.5420005,2,1256.291796,736.1844055,2453948.018,0,"{""601398.SH"": 9900.0, ""601988.SH"": 14800.0}",-0.01512557475,-0.0995781174,0.9970956411
2022-03-16,V11 LambdaRank Top2 ledger crosscheck,90742.542,92735.0182,261.5420005,2,1256.291796,736.1844055,2453948.018,0,"{""601398.SH"": 9900.0, ""601988.SH"": 14800.0}",0.007673383316,-0.09266883515,0.9971177576
2022-03-17,V11 LambdaRank Top2 ledger crosscheck,90297.542,92290.0182,261.5420005,2,1256.291796,736.1844055,2453948.018,0,"{""601398.SH"": 9900.0, ""601988.SH"": 14800.0}",-0.004903984286,-0.09711837292,0.9971035535
2022-03-18,V11 LambdaRank Top2 ledger crosscheck,91186.542,93179.0182,261.5420005,2,1256.291796,736.1844055,2453948.018,0,"{""601398.SH"": 9900.0, ""601988.SH"": 14800.0}",0.009845229231,-0.08822929633,0.9971317917
2022-03-21,V11 LambdaRank Top2 ledger crosscheck,90939.542,92932.0182,261.5420005,2,1256.291796,736.1844055,2453948.018,0,"{""601398.SH"": 9900.0, ""601988.SH"": 14800.0}",-0.00270873305,-0.09069903977,0.9971240013
2022-03-22,V11 LambdaRank Top2 ledger crosscheck,92322.542,94315.0182,261.5420005,2,1256.291796,736.1844055,2453948.018,0,"{""601398.SH"": 9900.0, ""601988.SH"": 14800.0}",0.01520790593,-0.07687047631,0.9971670841
2022-03-23,V11 LambdaRank Top2 ledger crosscheck,91976.542,93969.0182,261.5420005,2,1256.291796,736.1844055,2453948.018,0,"{""601398.SH"": 9900.0, ""601988.SH"": 14800.0}",-0.00374773043,-0.08033011691,0.9971564271
2022-03-24,V11 LambdaRank Top2 ledger crosscheck,92075.542,94068.0182,261.5420005,2,1256.291796,736.1844055,2453948.018,0,"{""601398.SH"": 9900.0, ""601988.SH"": 14800.0}",0.001076361405,-0.07934021975,0.9971594845
2022-03-25,V11 LambdaRank Top2 ledger crosscheck,92767.542,94760.0182,261.5420005,2,1256.291796,736.1844055,2453948.018,0,"{""601398.SH"": 9900.0, ""601988.SH"": 14800.0}",0.007515568032,-0.07242093853,0.9971806734
2022-03-28,V11 LambdaRank Top2 ledger crosscheck,93608.542,95601.0182,261.5420005,2,1256.291796,736.1844055,2453948.018,0,"{""601398.SH"": 9900.0, ""601988.SH"": 14800.0}",0.009065670836,-0.06401181209,0.9972060028
2022-03-29,V11 LambdaRank Top2 ledger crosscheck,94201.542,96194.0182,261.5420005,2,1256.291796,736.1844055,2453948.018,0,"{""601398.SH"": 9900.0, ""601988.SH"": 14800.0}",0.006334891959,-0.05808242804,0.9972235911
2022-03-30,V11 LambdaRank Top2 ledger crosscheck,94546.542,96539.0182,261.5420005,2,1256.291796,736.1844055,2453948.018,0,"{""601398.SH"": 9900.0, ""601988.SH"": 14800.0}",0.003662360431,-0.0546327864,0.9972337222
2022-03-31,V11 LambdaRank Top2 ledger crosscheck,95880.542,97873.0182,261.5420005,2,1256.291796,736.1844055,2453948.018,0,"{""601398.SH"": 9900.0, ""601988.SH"": 14800.0}",0.0141094531,-0.04129417204,0.9972722098
2022-04-01,V11 LambdaRank Top2 ledger crosscheck,96374.542,98367.0182,261.5420005,2,1256.291796,736.1844055,2453948.018,0,"{""601398.SH"": 9900.0, ""601988.SH"": 14800.0}",0.00515224455,-0.03635468516,0.997286192
2022-04-06,V11 LambdaRank Top2 ledger crosscheck,96804.47453,98879.0182,244.4745284,2,1309.788768,764.7549055,2549183.018,0,"{""601288.SH"": 15500.0, ""601988.SH"": 14700.0}",0.004461059104,-0.03205580645,0.9974745534
2022-04-07,V11 LambdaRank Top2 ledger crosscheck,96355.47453,98430.0182,244.4745284,2,1309.788768,764.7549055,2549183.018,0,"{""601288.SH"": 15500.0, ""601988.SH"": 14700.0}",-0.004638215353,-0.03654534007,0.9974627853
2022-04-08,V11 LambdaRank Top2 ledger crosscheck,96657.47453,98732.0182,244.4745284,2,1309.788768,764.7549055,2549183.018,0,"{""601288.SH"": 15500.0, ""601988.SH"": 14700.0}",0.003134227728,-0.03352565376,0.9974707126
2022-04-11,V11 LambdaRank Top2 ledger crosscheck,96045.47453,98120.0182,244.4745284,2,1309.788768,764.7549055,2549183.018,0,"{""601288.SH"": 15500.0, ""601988.SH"": 14700.0}",-0.006331636565,-0.03964501807,0.9974545961
2022-04-12,V11 LambdaRank Top2 ledger crosscheck,96494.47453,98569.0182,244.4745284,2,1309.788768,764.7549055,2549183.018,0,"{""601288.SH"": 15500.0, ""601988.SH"": 14700.0}",0.004674868881,-0.03515548445,0.9974664401
2022-04-13,V11 LambdaRank Top2 ledger crosscheck,96192.47453,98267.0182,244.4745284,2,1309.788768,764.7549055,2549183.018,0,"{""601288.SH"": 15500.0, ""601988.SH"": 14700.0}",-0.003129712882,-0.03817517076,0.9974584859
2022-04-14,V11 LambdaRank Top2 ledger crosscheck,96045.47453,98120.0182,244.4745284,2,1309.788768,764.7549055,2549183.018,0,"{""601288.SH"": 15500.0, ""601988.SH"": 14700.0}",-0.001528186074,-0.03964501807,0.9974545961
2022-04-15,V11 LambdaRank Top2 ledger crosscheck,96045.47453,98120.0182,244.4745284,2,1309.788768,764.7549055,2549183.018,0,"{""601288.SH"": 15500.0, ""601988.SH"": 14700.0}",0,-0.03964501807,0.9974545961
2022-04-18,V11 LambdaRank Top2 ledger crosscheck,94845.47453,96920.0182,244.4745284,2,1309.788768,764.7549055,2549183.018,0,"{""601288.SH"": 15500.0, ""601988.SH"": 14700.0}",-0.01249408164,-0.05164377162,0.9974223912
2022-04-19,V11 LambdaRank Top2 ledger crosscheck,95596.47453,97671.0182,244.4745284,2,1309.788768,764.7549055,2549183.018,0,"{""601288.SH"": 15500.0, ""601988.SH"": 14700.0}",0.007918142681,-0.04413455169,0.9974426407
2022-04-20,V11 LambdaRank Top2 ledger crosscheck,95743.47453,97818.0182,244.4745284,2,1309.788768,764.7549055,2549183.018,0,"{""601288.SH"": 15500.0, ""601988.SH"": 14700.0}",0.001537713611,-0.04266470438,0.9974465672
2022-04-21,V11 LambdaRank Top2 ledger crosscheck,95898.47453,97973.0182,244.4745284,2,1309.788768,764.7549055,2549183.018,0,"{""601288.SH"": 15500.0, ""601988.SH"": 14700.0}",0.001618909286,-0.04111486538,0.9974506943
2022-04-22,V11 LambdaRank Top2 ledger crosscheck,96649.47453,98724.0182,244.4745284,2,1309.788768,764.7549055,2549183.018,0,"{""601288.SH"": 15500.0, ""601988.SH"": 14700.0}",0.007831198606,-0.03360564545,0.9974705033
2022-04-25,V11 LambdaRank Top2 ledger crosscheck,95743.47453,97818.0182,244.4745284,2,1309.788768,764.7549055,2549183.018,0,"{""601288.SH"": 15500.0, ""601988.SH"": 14700.0}",-0.009374080971,-0.04266470438,0.9974465672
2022-04-26,V11 LambdaRank Top2 ledger crosscheck,96045.47453,98120.0182,244.4745284,2,1309.788768,764.7549055,2549183.018,0,"{""601288.SH"": 15500.0, ""601988.SH"": 14700.0}",0.003154261964,-0.03964501807,0.9974545961
2022-04-27,V11 LambdaRank Top2 ledger crosscheck,94690.47453,96765.0182,244.4745284,2,1309.788768,764.7549055,2549183.018,0,"{""601288.SH"": 15500.0, ""601988.SH"": 14700.0}",-0.01410790052,-0.05319361062,0.9974181719
2022-04-28,V11 LambdaRank Top2 ledger crosscheck,95596.47453,97671.0182,244.4745284,2,1309.788768,764.7549055,2549183.018,0,"{""601288.SH"": 15500.0, ""601988.SH"": 14700.0}",0.00956801626,-0.04413455169,0.9974426407
2022-04-29,V11 LambdaRank Top2 ledger crosscheck,95155.47453,97230.0182,244.4745284,2,1309.788768,764.7549055,2549183.018,0,"{""601288.SH"": 15500.0, ""601988.SH"": 14700.0}",-0.004613140832,-0.04854409362,0.9974307886
2022-05-05,V11 LambdaRank Top2 ledger crosscheck,95465.47453,97540.0182,244.4745284,2,1309.788768,764.7549055,2549183.018,0,"{""601288.SH"": 15500.0, ""601988.SH"": 14700.0}",0.003257826221,-0.04544441562,0.9974391315
2022-05-06,V11 LambdaRank Top2 ledger crosscheck,94560.64674,96717.0182,470.6467443,2,1363.157952,793.2135055,2644045.018,0,"{""601939.SH"": 7800.0, ""601988.SH"": 14800.0}",-0.009478063024,-0.05449175361,0.9950228054
2022-05-09,V11 LambdaRank Top2 ledger crosscheck,94326.64674,96483.0182,470.6467443,2,1363.157952,793.2135055,2644045.018,0,"{""601939.SH"": 7800.0, ""601988.SH"": 14800.0}",-0.002474602364,-0.05683151055,0.9950104582
2022-05-10,V11 LambdaRank Top2 ledger crosscheck,94630.64674,96787.0182,470.6467443,2,1363.157952,793.2135055,2644045.018,0,"{""601939.SH"": 7800.0, ""601988.SH"": 14800.0}",0.003222843284,-0.05379182632,0.9950264871
2022-05-11,V11 LambdaRank Top2 ledger crosscheck,94318.64674,96475.0182,470.6467443,2,1363.157952,793.2135055,2644045.018,0,"{""601939.SH"": 7800.0, ""601988.SH"": 14800.0}",-0.003297029142,-0.05691150224,0.995010035
2022-05-12,V11 LambdaRank Top2 ledger crosscheck,94318.64674,96475.0182,470.6467443,2,1363.157952,793.2135055,2644045.018,0,"{""601939.SH"": 7800.0, ""601988.SH"": 14800.0}",0,-0.05691150224,0.995010035
2022-05-13,V11 LambdaRank Top2 ledger crosscheck,94778.64674,96935.0182,470.6467443,2,1363.157952,793.2135055,2644045.018,0,"{""601939.SH"": 7800.0, ""601988.SH"": 14800.0}",0.004877084393,-0.05231198005,0.9950342534
2022-05-16,V11 LambdaRank Top2 ledger crosscheck,94482.64674,96639.0182,470.6467443,2,1363.157952,793.2135055,2644045.018,0,"{""601939.SH"": 7800.0, ""601988.SH"": 14800.0}",-0.003123066325,-0.05527167259,0.9950186964
2022-05-17,V11 LambdaRank Top2 ledger crosscheck,94318.64674,96475.0182,470.6467443,2,1363.157952,793.2135055,2644045.018,0,"{""601939.SH"": 7800.0, ""601988.SH"": 14800.0}",-0.001735768479,-0.05691150224,0.995010035
2022-05-18,V11 LambdaRank Top2 ledger crosscheck,94326.64674,96483.0182,470.6467443,2,1363.157952,793.2135055,2644045.018,0,"{""601939.SH"": 7800.0, ""601988.SH"": 14800.0}",8.481885901e-05,-0.05683151055,0.9950104582
2022-05-19,V11 LambdaRank Top2 ledger crosscheck,94022.64674,96179.0182,470.6467443,2,1363.157952,793.2135055,2644045.018,0,"{""601939.SH"": 7800.0, ""601988.SH"": 14800.0}",-0.003222843284,-0.05987119478,0.9949943257
2022-05-20,V11 LambdaRank Top2 ledger crosscheck,94326.64674,96483.0182,470.6467443,2,1363.157952,793.2135055,2644045.018,0,"{""601939.SH"": 7800.0, ""601988.SH"": 14800.0}",0.003233263586,-0.05683151055,0.9950104582
2022-05-23,V11 LambdaRank Top2 ledger crosscheck,94396.64674,96553.0182,470.6467443,2,1363.157952,793.2135055,2644045.018,0,"{""601939.SH"": 7800.0, ""601988.SH"": 14800.0}",0.0007421020721,-0.05613158326,0.9950141582
2022-05-24,V11 LambdaRank Top2 ledger crosscheck,94318.64674,96475.0182,470.6467443,2,1363.157952,793.2135055,2644045.018,0,"{""601939.SH"": 7800.0, ""601988.SH"": 14800.0}",-0.0008263005381,-0.05691150224,0.995010035
2022-05-25,V11 LambdaRank Top2 ledger crosscheck,94630.64674,96787.0182,470.6467443,2,1363.157952,793.2135055,2644045.018,0,"{""601939.SH"": 7800.0, ""601988.SH"": 14800.0}",0.003307935501,-0.05379182632,0.9950264871
2022-05-26,V11 LambdaRank Top2 ledger crosscheck,95012.64674,97169.0182,470.6467443,2,1363.157952,793.2135055,2644045.018,0,"{""601939.SH"": 7800.0, ""601988.SH"": 14800.0}",0.004036747218,-0.04997222311,0.9950464832
2022-05-27,V11 LambdaRank Top2 ledger crosscheck,95082.64674,97239.0182,470.6467443,2,1363.157952,793.2135055,2644045.018,0,"{""601939.SH"": 7800.0, ""601988.SH"": 14800.0}",0.0007367440272,-0.04927229582,0.99505013
2022-05-30,V11 LambdaRank Top2 ledger crosscheck,94786.64674,96943.0182,470.6467443,2,1363.157952,793.2135055,2644045.018,0,"{""601939.SH"": 7800.0, ""601988.SH"": 14800.0}",-0.0031130812,-0.05223198836,0.9950346725
2022-05-31,V11 LambdaRank Top2 ledger crosscheck,94326.64674,96483.0182,470.6467443,2,1363.157952,793.2135055,2644045.018,0,"{""601939.SH"": 7800.0, ""601988.SH"": 14800.0}",-0.004853004255,-0.05683151055,0.9950104582
2022-06-01,V11 LambdaRank Top2 ledger crosscheck,94248.64674,96405.0182,470.6467443,2,1363.157952,793.2135055,2644045.018,0,"{""601939.SH"": 7800.0, ""601988.SH"": 14800.0}",-0.0008269137374,-0.05761142953,0.9950063289
2022-06-02,V11 LambdaRank Top2 ledger crosscheck,93995.71693,96304.0182,276.7169277,2,1458.808369,849.4929055,2831643.018,0,"{""601288.SH"": 15600.0, ""601398.SH"": 10100.0}",-0.002683644013,-0.06014046498,0.9970560688
2022-06-06,V11 LambdaRank Top2 ledger crosscheck,93380.71693,95689.0182,276.7169277,2,1458.808369,849.4929055,2831643.018,0,"{""601288.SH"": 15600.0, ""601398.SH"": 10100.0}",-0.006542851314,-0.06628982617,0.9970366802
2022-06-07,V11 LambdaRank Top2 ledger crosscheck,93481.71693,95790.0182,276.7169277,2,1458.808369,849.4929055,2831643.018,0,"{""601288.SH"": 15600.0, ""601398.SH"": 10100.0}",0.001081593752,-0.06527993108,0.9970398818
2022-06-08,V11 LambdaRank Top2 ledger crosscheck,93784.71693,96093.0182,276.7169277,2,1458.808369,849.4929055,2831643.018,0,"{""601288.SH"": 15600.0, ""601398.SH"": 10100.0}",0.003241275513,-0.06225024581,0.9970494454
2022-06-09,V11 LambdaRank Top2 ledger crosscheck,94142.71693,96451.0182,276.7169277,2,1458.808369,849.4929055,2831643.018,0,"{""601288.SH"": 15600.0, ""601398.SH"": 10100.0}",0.003817253085,-0.05867061767,0.9970606656
2022-06-10,V11 LambdaRank Top2 ledger crosscheck,94757.71693,97066.0182,276.7169277,2,1458.808369,849.4929055,2831643.018,0,"{""601288.SH"": 15600.0, ""601398.SH"": 10100.0}",0.006532634919,-0.05252125647,0.9970797426
2022-06-13,V11 LambdaRank Top2 ledger crosscheck,94243.71693,96552.0182,276.7169277,2,1458.808369,849.4929055,2831643.018,0,"{""601288.SH"": 15600.0, ""601398.SH"": 10100.0}",-0.005424360323,-0.05766072258,0.9970638156
2022-06-14,V11 LambdaRank Top2 ledger crosscheck,95060.71693,97369.0182,276.7169277,2,1458.808369,849.4929055,2831643.018,0,"{""601288.SH"": 15600.0, ""601398.SH"": 10100.0}",0.008669012923,-0.0494915712,0.9970890507
2022-06-15,V11 LambdaRank Top2 ledger crosscheck,95317.71693,97626.0182,276.7169277,2,1458.808369,849.4929055,2831643.018,0,"{""601288.SH"": 15600.0, ""601398.SH"": 10100.0}",0.002703535259,-0.04692183815,0.9970968993
2022-06-16,V11 LambdaRank Top2 ledger crosscheck,94546.71693,96855.0182,276.7169277,2,1458.808369,849.4929055,2831643.018,0,"{""601288.SH"": 15600.0, ""601398.SH"": 10100.0}",-0.008088737591,-0.05463103731,0.9970732254
2022-06-17,V11 LambdaRank Top2 ledger crosscheck,95207.71693,97516.0182,276.7169277,2,1458.808369,849.4929055,2831643.018,0,"{""601288.SH"": 15600.0, ""601398.SH"": 10100.0}",0.006991252806,-0.04802172389,0.9970935452
2022-06-20,V11 LambdaRank Top2 ledger crosscheck,94546.71693,96855.0182,276.7169277,2,1458.808369,849.4929055,2831643.018,0,"{""601288.SH"": 15600.0, ""601398.SH"": 10100.0}",-0.006942714533,-0.05463103731,0.9970732254
2022-06-21,V11 LambdaRank Top2 ledger crosscheck,95308.71693,97617.0182,276.7169277,2,1458.808369,849.4929055,2831643.018,0,"{""601288.SH"": 15600.0, ""601398.SH"": 10100.0}",0.008059507773,-0.0470118288,0.9970966252
2022-06-22,V11 LambdaRank Top2 ledger crosscheck,95207.71693,97516.0182,276.7169277,2,1458.808369,849.4929055,2831643.018,0,"{""601288.SH"": 15600.0, ""601398.SH"": 10100.0}",-0.001059714193,-0.04802172389,0.9970935452
2022-06-23,V11 LambdaRank Top2 ledger crosscheck,95565.71693,97874.0182,276.7169277,2,1458.808369,849.4929055,2831643.018,0,"{""601288.SH"": 15600.0, ""601398.SH"": 10100.0}",0.003760199399,-0.04444209575,0.9971044331
2022-06-24,V11 LambdaRank Top2 ledger crosscheck,95106.71693,97415.0182,276.7169277,2,1458.808369,849.4929055,2831643.018,0,"{""601288.SH"": 15600.0, ""601398.SH"": 10100.0}",-0.004802977624,-0.04903161898,0.9970904586
2022-06-27,V11 LambdaRank Top2 ledger crosscheck,94803.71693,97112.0182,276.7169277,2,1458.808369,849.4929055,2831643.018,0,"{""601288.SH"": 15600.0, ""601398.SH"": 10100.0}",-0.003185894854,-0.05206130425,0.9970811595
2022-06-28,V11 LambdaRank Top2 ledger crosscheck,95005.71693,97314.0182,276.7169277,2,1458.808369,849.4929055,2831643.018,0,"{""601288.SH"": 15600.0, ""601398.SH"": 10100.0}",0.002130718146,-0.05004151407,0.9970873655
2022-06-29,V11 LambdaRank Top2 ledger crosscheck,95565.71693,97874.0182,276.7169277,2,1458.808369,849.4929055,2831643.018,0,"{""601288.SH"": 15600.0, ""601398.SH"": 10100.0}",0.005894382129,-0.04444209575,0.9971044331
2022-06-30,V11 LambdaRank Top2 ledger crosscheck,95565.71693,97874.0182,276.7169277,2,1458.808369,849.4929055,2831643.018,0,"{""601288.SH"": 15600.0, ""601398.SH"": 10100.0}",0,-0.04444209575,0.9971044331
2022-07-01,V11 LambdaRank Top2 ledger crosscheck,95409.71693,97718.0182,276.7169277,2,1458.808369,849.4929055,2831643.018,0,"{""601288.SH"": 15600.0, ""601398.SH"": 10100.0}",-0.001632384552,-0.04600193371,0.9970996987
2022-07-04,V11 LambdaRank Top2 ledger crosscheck,95621.58132,98006.0182,68.58132081,2,1506.730776,877.7061055,2925687.018,0,"{""601398.SH"": 10100.0, ""601988.SH"": 14400.0}",0.002220574591,-0.04388350985,0.9992827841
2022-07-05,V11 LambdaRank Top2 ledger crosscheck,96068.58132,98453.0182,68.58132081,2,1506.730776,877.7061055,2925687.018,0,"{""601398.SH"": 10100.0, ""601988.SH"": 14400.0}",0.004674676928,-0.03941397415,0.9992861212
2022-07-06,V11 LambdaRank Top2 ledger crosscheck,95722.58132,98107.0182,68.58132081,2,1506.730776,877.7061055,2925687.018,0,"{""601398.SH"": 10100.0, ""601988.SH"": 14400.0}",-0.003601593729,-0.04287361476,0.9992835408
2022-07-07,V11 LambdaRank Top2 ledger crosscheck,95520.58132,97905.0182,68.58132081,2,1506.730776,877.7061055,2925687.018,0,"{""601398.SH"": 10100.0, ""601988.SH"": 14400.0}",-0.002110264863,-0.04489340494,0.9992820257
2022-07-08,V11 LambdaRank Top2 ledger crosscheck,95765.58132,98150.0182,68.58132081,2,1506.730776,877.7061055,2925687.018,0,"{""601398.SH"": 10100.0, ""601988.SH"": 14400.0}",0.002564892263,-0.04244365942,0.9992838625
2022-07-11,V11 LambdaRank Top2 ledger crosscheck,96255.58132,98640.0182,68.58132081,2,1506.730776,877.7061055,2925687.018,0,"{""601398.SH"": 10100.0, ""601988.SH"": 14400.0}",0.005116660842,-0.03754416839,0.9992875081
2022-07-12,V11 LambdaRank Top2 ledger crosscheck,96506.628,98891.06488,68.58132081,2,1506.730776,877.7061055,2925687.018,0,"{""601398.SH"": 10750.7864, ""601988.SH"": 14400.0}",0.002608125922,-0.03503396239,0.9992893615
2022-07-13,V11 LambdaRank Top2 ledger crosscheck,94963.05722,97347.4941,68.58132081,2,1506.730776,877.7061055,2925687.018,0,"{""601398.SH"": 10750.7864, ""601988.SH"": 14400.0}",-0.01599445352,-0.05046806683,0.9992778105
2022-07-14,V11 LambdaRank Top2 ledger crosscheck,93561.5179,95945.95478,68.58132081,2,1506.730776,877.7061055,2925687.018,0,"{""601398.SH"": 10750.7864, ""601988.SH"": 14400.0}",-0.01475878474,-0.06448200424,0.9992669922
2022-07-15,V11 LambdaRank Top2 ledger crosscheck,92977.39365,95361.83053,68.58132081,2,1506.730776,877.7061055,2925687.018,0,"{""601398.SH"": 10750.7864, ""601988.SH"": 15452.6357}",-0.006243210488,-0.07032264,0.9992623871
2022-07-18,V11 LambdaRank Top2 ledger crosscheck,93716.47782,96100.9147,68.58132081,2,1506.730776,877.7061055,2925687.018,0,"{""601398.SH"": 10750.7864, ""601988.SH"": 15452.6357}",0.007949073875,-0.06293256598,0.9992682042
2022-07-19,V11 LambdaRank Top2 ledger crosscheck,94240.54627,96624.98315,68.58132081,2,1506.730776,877.7061055,2925687.018,0,"{""601398.SH"": 10750.7864, ""601988.SH"": 15452.6357}",0.005592062943,-0.05769242591,0.9992722737
2022-07-20,V11 LambdaRank Top2 ledger crosscheck,95396.19101,97780.6279,68.58132081,2,1506.730776,877.7061055,2925687.018,0,"{""601398.SH"": 10750.7864, ""601988.SH"": 15452.6357}",0.01226271276,-0.04613717879,0.9992810895
2022-07-21,V11 LambdaRank Top2 ledger crosscheck,94549.59898,96934.03586,68.58132081,2,1506.730776,877.7061055,2925687.018,0,"{""601398.SH"": 10750.7864, ""601988.SH"": 15452.6357}",-0.008874484671,-0.05460221978,0.9992746524
2022-07-22,V11 LambdaRank Top2 ledger crosscheck,95073.66742,97458.1043,68.58132081,2,1506.730776,877.7061055,2925687.018,0,"{""601398.SH"": 10750.7864, ""601988.SH"": 15452.6357}",0.005542788636,-0.04936207971,0.9992786507
2022-07-25,V11 LambdaRank Top2 ledger crosscheck,95550.71737,97935.15425,68.58132081,2,1506.730776,877.7061055,2925687.018,0,"{""601398.SH"": 10750.7864, ""601988.SH"": 15452.6357}",0.005017687467,-0.04459207573,0.9992822522
2022-07-26,V11 LambdaRank Top2 ledger crosscheck,95644.75436,98029.19124,68.58132081,2,1506.730776,877.7061055,2925687.018,0,"{""601398.SH"": 10750.7864, ""601988.SH"": 15452.6357}",0.0009841578299,-0.04365180354,0.9992829578
2022-07-27,V11 LambdaRank Top2 ledger crosscheck,95013.17805,97397.61493,68.58132081,2,1506.730776,877.7061055,2925687.018,0,"{""601398.SH"": 10750.7864, ""601988.SH"": 15452.6357}",-0.006603355417,-0.04996691058,0.9992781915
2022-07-28,V11 LambdaRank Top2 ledger crosscheck,94704.12534,97088.56222,68.58132081,2,1506.730776,877.7061055,2925687.018,0,"{""601398.SH"": 10750.7864, ""601988.SH"": 15452.6357}",-0.003252735263,-0.05305711671,0.999275836
2022-07-29,V11 LambdaRank Top2 ledger crosscheck,94442.09112,96826.528,68.58132081,2,1506.730776,877.7061055,2925687.018,0,"{""601398.SH"": 10750.7864, ""601988.SH"": 15452.6357}",-0.002766872303,-0.05567718675,0.9992738267
2022-08-01,V11 LambdaRank Top2 ledger crosscheck,94025.53054,96409.96742,68.58132081,2,1506.730776,877.7061055,2925687.018,0,"{""601398.SH"": 10750.7864, ""601988.SH"": 15452.6357}",-0.004410751327,-0.05984235985,0.9992706096
2022-08-02,V11 LambdaRank Top2 ledger crosscheck,93398.7142,95858.95169,516.7933504,2,1554.502978,905.7345093,3019115.031,-1.455191523e-11,"{""601398.SH"": 10750.7864, ""601939.SH"": 8400.0}",-0.006666448257,-0.06610987211,0.9944668044
2022-08-03,V11 LambdaRank Top2 ledger crosscheck,92572.19061,95032.4281,516.7933504,2,1554.502978,905.7345093,3019115.031,-1.455191523e-11,"{""601398.SH"": 10750.7864, ""601939.SH"": 8400.0}",-0.00884941082,-0.07437424952,0.9944174017
2022-08-04,V11 LambdaRank Top2 ledger crosscheck,93361.72993,95821.96742,516.7933504,2,1554.502978,905.7345093,3019115.031,0,"{""601398.SH"": 10750.7864, ""601939.SH"": 8400.0}",0.008528903928,-0.06647967642,0.9944646125
2022-08-05,V11 LambdaRank Top2 ledger crosscheck,93912.74566,96372.98315,516.7933504,2,1554.502978,905.7345093,3019115.031,-1.455191523e-11,"{""601398.SH"": 10750.7864, ""601939.SH"": 8400.0}",0.005901944281,-0.06097009148,0.9944970904
2022-08-08,V11 LambdaRank Top2 ledger crosscheck,93314.7142,95774.95169,516.7933504,2,1554.502978,905.7345093,3019115.031,-1.455191523e-11,"{""601398.SH"": 10750.7864, ""601939.SH"": 8400.0}",-0.006367947736,-0.06694978486,0.9944618236
2022-08-09,V11 LambdaRank Top2 ledger crosscheck,93291.20634,95751.44383,516.7933504,2,1554.502978,905.7345093,3019115.031,0,"{""601398.SH"": 10750.7864, ""601939.SH"": 8400.0}",-0.0002519202275,-0.06718483909,0.994460428
2022-08-10,V11 LambdaRank Top2 ledger crosscheck,92931.69847,95391.93596,516.7933504,2,1554.502978,905.7345093,3019115.031,0,"{""601398.SH"": 10750.7864, ""601939.SH"": 8400.0}",-0.003853609339,-0.0707795443,0.9944389981
2022-08-11,V11 LambdaRank Top2 ledger crosscheck,93590.22207,96050.45955,516.7933504,2,1554.502978,905.7345093,3019115.031,-1.455191523e-11,"{""601398.SH"": 10750.7864, ""601939.SH"": 8400.0}",0.007086103051,-0.0641949924,0.9944781267
2022-08-12,V11 LambdaRank Top2 ledger crosscheck,93758.22207,96218.45955,516.7933504,2,1554.502978,905.7345093,3019115.031,-1.455191523e-11,"{""601398.SH"": 10750.7864, ""601939.SH"": 8400.0}",0.001795059316,-0.0625151669,0.994488021
2022-08-15,V11 LambdaRank Top2 ledger crosscheck,93207.20634,95667.44383,516.7933504,2,1554.502978,905.7345093,3019115.031,0,"{""601398.SH"": 10750.7864, ""601939.SH"": 8400.0}",-0.005876985676,-0.06802475183,0.9944554357
2022-08-16,V11 LambdaRank Top2 ledger crosscheck,93015.69847,95475.93596,516.7933504,2,1554.502978,905.7345093,3019115.031,0,"{""601398.SH"": 10750.7864, ""601939.SH"": 8400.0}",-0.00205464654,-0.06993963155,0.9944440201
2022-08-17,V11 LambdaRank Top2 ledger crosscheck,93375.20634,95835.44383,516.7933504,2,1554.502978,905.7345093,3019115.031,0,"{""601398.SH"": 10750.7864, ""601939.SH"": 8400.0}",0.003865023538,-0.06634492634,0.9944654114
2022-08-18,V11 LambdaRank Top2 ledger crosscheck,92908.19061,95368.4281,516.7933504,2,1554.502978,905.7345093,3019115.031,-1.455191523e-11,"{""601398.SH"": 10750.7864, ""601939.SH"": 8400.0}",-0.005001496076,-0.07101459852,0.9944375911
2022-08-19,V11 LambdaRank Top2 ledger crosscheck,93015.69847,95475.93596,516.7933504,2,1554.502978,905.7345093,3019115.031,0,"{""601398.SH"": 10750.7864, ""601939.SH"": 8400.0}",0.001157140865,-0.06993963155,0.9944440201
2022-08-22,V11 LambdaRank Top2 ledger crosscheck,92931.69847,95391.93596,516.7933504,2,1554.502978,905.7345093,3019115.031,0,"{""601398.SH"": 10750.7864, ""601939.SH"": 8400.0}",-0.0009030733669,-0.0707795443,0.9944389981
2022-08-23,V11 LambdaRank Top2 ledger crosscheck,92656.19061,95116.4281,516.7933504,2,1554.502978,905.7345093,3019115.031,-1.455191523e-11,"{""601398.SH"": 10750.7864, ""601939.SH"": 8400.0}",-0.002964627447,-0.07353433677,0.9944224628
2022-08-24,V11 LambdaRank Top2 ledger crosscheck,92572.19061,95032.4281,516.7933504,2,1554.502978,905.7345093,3019115.031,-1.455191523e-11,"{""601398.SH"": 10750.7864, ""601939.SH"": 8400.0}",-0.0009065773096,-0.07437424952,0.9944174017
2022-08-25,V11 LambdaRank Top2 ledger crosscheck,92955.20634,95415.44383,516.7933504,2,1554.502978,905.7345093,3019115.031,0,"{""601398.SH"": 10750.7864, ""601939.SH"": 8400.0}",0.004137481522,-0.07054449008,0.9944404045
2022-08-26,V11 LambdaRank Top2 ledger crosscheck,93230.7142,95690.95169,516.7933504,2,1554.502978,905.7345093,3019115.031,-1.455191523e-11,"{""601398.SH"": 10750.7864, ""601939.SH"": 8400.0}",0.002963877709,-0.06778969761,0.9944568337
2022-08-29,V11 LambdaRank Top2 ledger crosscheck,92847.69847,95307.93596,516.7933504,2,1554.502978,905.7345093,3019115.031,0,"{""601398.SH"": 10750.7864, ""601939.SH"": 8400.0}",-0.004108256934,-0.07161945705,0.994433967
2022-08-30,V11 LambdaRank Top2 ledger crosscheck,93338.22207,95798.45955,516.7933504,2,1554.502978,905.7345093,3019115.031,-1.455191523e-11,"{""601398.SH"": 10750.7864, ""601939.SH"": 8400.0}",0.005283099098,-0.06671473064,0.9944632184
2022-08-31,V11 LambdaRank Top2 ledger crosscheck,93973.23779,96433.47528,516.7933504,2,1554.502978,905.7345093,3019115.031,0,"{""601398.SH"": 10750.7864, ""601939.SH"": 8400.0}",0.006803383587,-0.06036523296,0.9945006327
2022-09-01,V11 LambdaRank Top2 ledger crosscheck,93506.22207,95966.45955,516.7933504,2,1554.502978,905.7345093,3019115.031,-1.455191523e-11,"{""601398.SH"": 10750.7864, ""601939.SH"": 8400.0}",-0.004969667312,-0.06503490514,0.9944731662
2022-09-02,V11 LambdaRank Top2 ledger crosscheck,93160.91463,95695.95169,265.9937741,2,1601.580155,933.4569093,3111523.031,0,"{""601288.SH"": 16300.0, ""601398.SH"": 10750.7864}",-0.003692881957,-0.06848762087,0.9971447922
2022-09-05,V11 LambdaRank Top2 ledger crosscheck,93431.42249,95966.45955,265.9937741,2,1601.580155,933.4569093,3111523.031,0,"{""601288.SH"": 16300.0, ""601398.SH"": 10750.7864}",0.002903662605,-0.06578282321,0.9971530587
2022-09-06,V11 LambdaRank Top2 ledger crosscheck,93431.42249,95966.45955,265.9937741,2,1601.580155,933.4569093,3111523.031,0,"{""601288.SH"": 16300.0, ""601398.SH"": 10750.7864}",0,-0.06578282321,0.9971530587
2022-09-07,V11 LambdaRank Top2 ledger crosscheck,93160.91463,95695.95169,265.9937741,2,1601.580155,933.4569093,3111523.031,0,"{""601288.SH"": 16300.0, ""601398.SH"": 10750.7864}",-0.002895255759,-0.06848762087,0.9971447922
2022-09-08,V11 LambdaRank Top2 ledger crosscheck,93160.91463,95695.95169,265.9937741,2,1601.580155,933.4569093,3111523.031,0,"{""601288.SH"": 16300.0, ""601398.SH"": 10750.7864}",0,-0.06848762087,0.9971447922
2022-09-09,V11 LambdaRank Top2 ledger crosscheck,93431.42249,95966.45955,265.9937741,2,1601.580155,933.4569093,3111523.031,0,"{""601288.SH"": 16300.0, ""601398.SH"": 10750.7864}",0.002903662605,-0.06578282321,0.9971530587
2022-09-13,V11 LambdaRank Top2 ledger crosscheck,93809.43822,96344.47528,265.9937741,2,1601.580155,933.4569093,3111523.031,0,"{""601288.SH"": 16300.0, ""601398.SH"": 10750.7864}",0.004045916438,-0.06200305858,0.9971645308
2022-09-14,V11 LambdaRank Top2 ledger crosscheck,93594.42249,96129.45955,265.9937741,2,1601.580155,933.4569093,3111523.031,0,"{""601288.SH"": 16300.0, ""601398.SH"": 10750.7864}",-0.002292047923,-0.06415299252,0.9971580168
2022-09-15,V11 LambdaRank Top2 ledger crosscheck,94242.94608,96777.98315,265.9937741,2,1601.580155,933.4569093,3111523.031,0,"{""601288.SH"": 16300.0, ""601398.SH"": 10750.7864}",0.006929083751,-0.05766843023,0.9971775737
2022-09-16,V11 LambdaRank Top2 ledger crosscheck,93594.42249,96129.45955,265.9937741,2,1601.580155,933.4569093,3111523.031,0,"{""601288.SH"": 16300.0, ""601398.SH"": 10750.7864}",-0.006881401941,-0.06415299252,0.9971580168
2022-09-19,V11 LambdaRank Top2 ledger crosscheck,94135.43822,96670.47528,265.9937741,2,1601.580155,933.4569093,3111523.031,0,"{""601288.SH"": 16300.0, ""601398.SH"": 10750.7864}",0.005780427013,-0.0587433972,0.9971743503
2022-09-20,V11 LambdaRank Top2 ledger crosscheck,93538.93035,96073.96742,265.9937741,2,1601.580155,933.4569093,3111523.031,0,"{""601288.SH"": 16300.0, ""601398.SH"": 10750.7864}",-0.006336698222,-0.06470785624,0.9971563308
2022-09-21,V11 LambdaRank Top2 ledger crosscheck,93864.93035,96399.96742,265.9937741,2,1601.580155,933.4569093,3111523.031,0,"{""601288.SH"": 16300.0, ""601398.SH"": 10750.7864}",0.003485179901,-0.06144819486,0.9971662071
2022-09-22,V11 LambdaRank Top2 ledger crosscheck,94079.94608,96614.98315,265.9937741,2,1601.580155,933.4569093,3111523.031,0,"{""601288.SH"": 16300.0, ""601398.SH"": 10750.7864}",0.002290692884,-0.05929826092,0.9971726836
2022-09-23,V11 LambdaRank Top2 ledger crosscheck,94513.45395,97048.49101,265.9937741,2,1601.580155,933.4569093,3111523.031,0,"{""601288.SH"": 16300.0, ""601398.SH"": 10750.7864}",0.004607866842,-0.05496363257,0.9971856517
2022-09-26,V11 LambdaRank Top2 ledger crosscheck,93486.91463,96021.95169,265.9937741,2,1601.580155,933.4569093,3111523.031,0,"{""601288.SH"": 16300.0, ""601398.SH"": 10750.7864}",-0.01086130363,-0.06522795949,0.9971547486
2022-09-27,V11 LambdaRank Top2 ledger crosscheck,93053.40676,95588.44383,265.9937741,2,1601.580155,933.4569093,3111523.031,0,"{""601288.SH"": 16300.0, ""601398.SH"": 10750.7864}",-0.004637096708,-0.06956258784,0.9971414934
2022-09-28,V11 LambdaRank Top2 ledger crosscheck,93486.91463,96021.95169,265.9937741,2,1601.580155,933.4569093,3111523.031,0,"{""601288.SH"": 16300.0, ""601398.SH"": 10750.7864}",0.004658699548,-0.06522795949,0.9971547486
2022-09-29,V11 LambdaRank Top2 ledger crosscheck,92782.8989,95317.93596,265.9937741,2,1601.580155,933.4569093,3111523.031,0,"{""601288.SH"": 16300.0, ""601398.SH"": 10750.7864}",-0.007530633895,-0.0722673855,0.9971331595
2022-09-30,V11 LambdaRank Top2 ledger crosscheck,93649.91463,96184.95169,265.9937741,2,1601.580155,933.4569093,3111523.031,0,"{""601288.SH"": 16300.0, ""601398.SH"": 10750.7864}",0.009344563905,-0.0635981288,0.9971597008
2022-10-10,V11 LambdaRank Top2 ledger crosscheck,93920.42249,96455.45955,265.9937741,2,1601.580155,933.4569093,3111523.031,0,"{""601288.SH"": 16300.0, ""601398.SH"": 10750.7864}",0.002888500914,-0.06089333114,0.9971678814
2022-10-11,V11 LambdaRank Top2 ledger crosscheck,93616.75581,96303.45955,184.7558097,2,1697.075307,989.6284379,3298761.46,0,"{""601939.SH"": 8500.0, ""601988.SH"": 15200.0}",-0.00323323376,-0.06392968253,0.9980264664
2022-10-12,V11 LambdaRank Top2 ledger crosscheck,93938.75581,96625.45955,184.7558097,2,1697.075307,989.6284379,3298761.46,0,"{""601939.SH"": 8500.0, ""601988.SH"": 15200.0}",0.003439555208,-0.06071001699,0.9980332312
2022-10-13,V11 LambdaRank Top2 ledger crosscheck,93294.75581,95981.45955,184.7558097,2,1697.075307,989.6284379,3298761.46,0,"{""601939.SH"": 8500.0, ""601988.SH"": 15200.0}",-0.006855530441,-0.06714934806,0.9980196549
2022-10-14,V11 LambdaRank Top2 ledger crosscheck,93361.75581,96048.45955,184.7558097,2,1697.075307,989.6284379,3298761.46,0,"{""601939.SH"": 8500.0, ""601988.SH"": 15200.0}",0.0007181539779,-0.06647941766,0.9980210761
2022-10-17,V11 LambdaRank Top2 ledger crosscheck,93294.75581,95981.45955,184.7558097,2,1697.075307,989.6284379,3298761.46,0,"{""601939.SH"": 8500.0, ""601988.SH"": 15200.0}",-0.0007176386029,-0.06714934806,0.9980196549
2022-10-18,V11 LambdaRank Top2 ledger crosscheck,93294.75581,95981.45955,184.7558097,2,1697.075307,989.6284379,3298761.46,0,"{""601939.SH"": 8500.0, ""601988.SH"": 15200.0}",0,-0.06714934806,0.9980196549
2022-10-19,V11 LambdaRank Top2 ledger crosscheck,93209.75581,95896.45955,184.7558097,2,1697.075307,989.6284379,3298761.46,0,"{""601939.SH"": 8500.0, ""601988.SH"": 15200.0}",-0.0009110908675,-0.06799925977,0.998017849
2022-10-20,V11 LambdaRank Top2 ledger crosscheck,93464.75581,96151.45955,184.7558097,2,1697.075307,989.6284379,3298761.46,0,"{""601939.SH"": 8500.0, ""601988.SH"": 15200.0}",0.002735765133,-0.06544952464,0.9980232569
2022-10-21,V11 LambdaRank Top2 ledger crosscheck,93938.75581,96625.45955,184.7558097,2,1697.075307,989.6284379,3298761.46,0,"{""601939.SH"": 8500.0, ""601988.SH"": 15200.0}",0.005071430358,-0.06071001699,0.9980332312
2022-10-24,V11 LambdaRank Top2 ledger crosscheck,93531.75581,96218.45955,184.7558097,2,1697.075307,989.6284379,3298761.46,0,"{""601939.SH"": 8500.0, ""601988.SH"": 15200.0}",-0.004332610077,-0.06477959424,0.9980246729
2022-10-25,V11 LambdaRank Top2 ledger crosscheck,93294.75581,95981.45955,184.7558097,2,1697.075307,989.6284379,3298761.46,0,"{""601939.SH"": 8500.0, ""601988.SH"": 15200.0}",-0.002533898759,-0.06714934806,0.9980196549
2022-10-26,V11 LambdaRank Top2 ledger crosscheck,92717.75581,95404.45955,184.7558097,2,1697.075307,989.6284379,3298761.46,0,"{""601939.SH"": 8500.0, ""601988.SH"": 15200.0}",-0.006184699183,-0.07291874873,0.9980073309
2022-10-27,V11 LambdaRank Top2 ledger crosscheck,92310.75581,94997.45955,184.7558097,2,1697.075307,989.6284379,3298761.46,0,"{""601939.SH"": 8500.0, ""601988.SH"": 15200.0}",-0.004389666213,-0.07698832597,0.9979985452
2022-10-28,V11 LambdaRank Top2 ledger crosscheck,92766.75581,95453.45955,184.7558097,2,1697.075307,989.6284379,3298761.46,0,"{""601939.SH"": 8500.0, ""601988.SH"": 15200.0}",0.004939836057,-0.07242879962,0.9980083834
2022-10-31,V11 LambdaRank Top2 ledger crosscheck,91326.75581,94013.45955,184.7558097,2,1697.075307,989.6284379,3298761.46,0,"{""601939.SH"": 8500.0, ""601988.SH"": 15200.0}",-0.01552280219,-0.08682730388,0.9979769805
2022-11-01,V11 LambdaRank Top2 ledger crosscheck,91053.75581,93740.45955,184.7558097,2,1697.075307,989.6284379,3298761.46,0,"{""601939.SH"": 8500.0, ""601988.SH"": 15200.0}",-0.002989266372,-0.08955702031,0.997970915
2022-11-02,V11 LambdaRank Top2 ledger crosscheck,90417.99334,93182.45955,237.993339,2,1747.870477,1016.595738,3388652.46,0,"{""601288.SH"": 16500.0, ""601988.SH"": 15100.0}",-0.006982276185,-0.09591398465,0.9973678542
2022-11-03,V11 LambdaRank Top2 ledger crosscheck,90568.99334,93333.45955,237.993339,2,1747.870477,1016.595738,3388652.46,0,"{""601288.SH"": 16500.0, ""601988.SH"": 15100.0}",0.001670021579,-0.09440414149,0.9973722426
2022-11-04,V11 LambdaRank Top2 ledger crosscheck,91516.99334,94281.45955,237.993339,2,1747.870477,1016.595738,3388652.46,0,"{""601288.SH"": 16500.0, ""601988.SH"": 15100.0}",0.01046715841,-0.08492512619,0.9973994629
2022-11-07,V11 LambdaRank Top2 ledger crosscheck,91516.99334,94281.45955,237.993339,2,1747.870477,1016.595738,3388652.46,0,"{""601288.SH"": 16500.0, ""601988.SH"": 15100.0}",0,-0.08492512619,0.9973994629
2022-11-08,V11 LambdaRank Top2 ledger crosscheck,91186.99334,93951.45955,237.993339,2,1747.870477,1016.595738,3388652.46,0,"{""601288.SH"": 16500.0, ""601988.SH"": 15100.0}",-0.003605887693,-0.08822478342,0.9973900517
2022-11-09,V11 LambdaRank Top2 ledger crosscheck,91516.99334,94281.45955,237.993339,2,1747.870477,1016.595738,3388652.46,0,"{""601288.SH"": 16500.0, ""601988.SH"": 15100.0}",0.003618937174,-0.08492512619,0.9973994629
2022-11-10,V11 LambdaRank Top2 ledger crosscheck,91832.99334,94597.45955,237.993339,2,1747.870477,1016.595738,3388652.46,0,"{""601288.SH"": 16500.0, ""601988.SH"": 15100.0}",0.00345291064,-0.08176545442,0.9974084114
2022-11-11,V11 LambdaRank Top2 ledger crosscheck,92478.99334,95243.45955,237.993339,2,1747.870477,1016.595738,3388652.46,0,"{""601288.SH"": 16500.0, ""601988.SH"": 15100.0}",0.007034508802,-0.07530612543,0.9974265146
2022-11-14,V11 LambdaRank Top2 ledger crosscheck,92643.99334,95408.45955,237.993339,2,1747.870477,1016.595738,3388652.46,0,"{""601288.SH"": 16500.0, ""601988.SH"": 15100.0}",0.001784188971,-0.07365629682,0.997431098
2022-11-15,V11 LambdaRank Top2 ledger crosscheck,92643.99334,95408.45955,237.993339,2,1747.870477,1016.595738,3388652.46,0,"{""601288.SH"": 16500.0, ""601988.SH"": 15100.0}",0,-0.07365629682,0.997431098
2022-11-16,V11 LambdaRank Top2 ledger crosscheck,92327.99334,95092.45955,237.993339,2,1747.870477,1016.595738,3388652.46,0,"{""601288.SH"": 16500.0, ""601988.SH"": 15100.0}",-0.00341090651,-0.07681596858,0.9974223057
2022-11-17,V11 LambdaRank Top2 ledger crosscheck,92327.99334,95092.45955,237.993339,2,1747.870477,1016.595738,3388652.46,0,"{""601288.SH"": 16500.0, ""601988.SH"": 15100.0}",0,-0.07681596858,0.9974223057
2022-11-18,V11 LambdaRank Top2 ledger crosscheck,92176.99334,94941.45955,237.993339,2,1747.870477,1016.595738,3388652.46,0,"{""601288.SH"": 16500.0, ""601988.SH"": 15100.0}",-0.001635473647,-0.07832581174,0.9974180831
2022-11-21,V11 LambdaRank Top2 ledger crosscheck,92327.99334,95092.45955,237.993339,2,1747.870477,1016.595738,3388652.46,0,"{""601288.SH"": 16500.0, ""601988.SH"": 15100.0}",0.001638152803,-0.07681596858,0.9974223057
2022-11-22,V11 LambdaRank Top2 ledger crosscheck,93110.99334,95875.45955,237.993339,2,1747.870477,1016.595738,3388652.46,0,"{""601288.SH"": 16500.0, ""601988.SH"": 15100.0}",0.008480634872,-0.06898678189,0.9974439824
2022-11-23,V11 LambdaRank Top2 ledger crosscheck,93907.99334,96672.45955,237.993339,2,1747.870477,1016.595738,3388652.46,0,"{""601288.SH"": 16500.0, ""601988.SH"": 15100.0}",0.008559676698,-0.06101760975,0.9974656754
2022-11-24,V11 LambdaRank Top2 ledger crosscheck,93591.99334,96356.45955,237.993339,2,1747.870477,1016.595738,3388652.46,0,"{""601288.SH"": 16500.0, ""601988.SH"": 15100.0}",-0.003364995766,-0.06417728151,0.9974571186
2022-11-25,V11 LambdaRank Top2 ledger crosscheck,94855.99334,97620.45955,237.993339,2,1747.870477,1016.595738,3388652.46,0,"{""601288.SH"": 16500.0, ""601988.SH"": 15100.0}",0.01350542878,-0.05153859444,0.9974910037
2022-11-28,V11 LambdaRank Top2 ledger crosscheck,94388.99334,97153.45955,237.993339,2,1747.870477,1016.595738,3388652.46,0,"{""601288.SH"": 16500.0, ""601988.SH"": 15100.0}",-0.004923252433,-0.05620810936,0.9974785901
2022-11-29,V11 LambdaRank Top2 ledger crosscheck,95171.99334,97936.45955,237.993339,2,1747.870477,1016.595738,3388652.46,0,"{""601288.SH"": 16500.0, ""601988.SH"": 15100.0}",0.008295458743,-0.04837892267,0.9974993343
2022-11-30,V11 LambdaRank Top2 ledger crosscheck,95322.99334,98087.45955,237.993339,2,1747.870477,1016.595738,3388652.46,0,"{""601288.SH"": 16500.0, ""601988.SH"": 15100.0}",0.001586601212,-0.04686907952,0.9975032956
2022-12-01,V11 LambdaRank Top2 ledger crosscheck,94237.99334,97002.45955,237.993339,2,1747.870477,1016.595738,3388652.46,0,"{""601288.SH"": 16500.0, ""601988.SH"": 15100.0}",-0.01138235343,-0.05771795252,0.99747455
2022-12-02,V11 LambdaRank Top2 ledger crosscheck,94203.04174,97043.45955,373.0417396,2,1795.708777,1044.709038,3482363.46,0,"{""601288.SH"": 16500.0, ""601398.SH"": 11000.0}",-0.0003708864987,-0.05806743221,0.9960400245
2022-12-05,V11 LambdaRank Top2 ledger crosscheck,95358.04174,98198.45955,373.0417396,2,1795.708777,1044.709038,3482363.46,0,"{""601288.SH"": 16500.0, ""601398.SH"": 11000.0}",0.01226075059,-0.04651863192,0.9960879887
2022-12-06,V11 LambdaRank Top2 ledger crosscheck,95468.04174,98308.45955,373.0417396,2,1795.708777,1044.709038,3482363.46,0,"{""601288.SH"": 16500.0, ""601398.SH"": 11000.0}",0.001153547179,-0.04541874618,0.9960924962
2022-12-07,V11 LambdaRank Top2 ledger crosscheck,95083.04174,97923.45955,373.0417396,2,1795.708777,1044.709038,3482363.46,0,"{""601288.SH"": 16500.0, ""601398.SH"": 11000.0}",-0.004032763142,-0.04926834627,0.9960766743
2022-12-08,V11 LambdaRank Top2 ledger crosscheck,95523.04174,98363.45955,373.0417396,2,1795.708777,1044.709038,3482363.46,0,"{""601288.SH"": 16500.0, ""601398.SH"": 11000.0}",0.004627533911,-0.04486880331,0.996094746
2022-12-09,V11 LambdaRank Top2 ledger crosscheck,95358.04174,98198.45955,373.0417396,2,1795.708777,1044.709038,3482363.46,0,"{""601288.SH"": 16500.0, ""601398.SH"": 11000.0}",-0.00172733193,-0.04651863192,0.9960879887
2022-12-12,V11 LambdaRank Top2 ledger crosscheck,94533.04174,97373.45955,373.0417396,2,1795.708777,1044.709038,3482363.46,0,"{""601288.SH"": 16500.0, ""601398.SH"": 11000.0}",-0.008651603839,-0.05476777498,0.9960538481
2022-12-13,V11 LambdaRank Top2 ledger crosscheck,95193.04174,98033.45955,373.0417396,2,1795.708777,1044.709038,3482363.46,0,"{""601288.SH"": 16500.0, ""601398.SH"": 11000.0}",0.006981685851,-0.04816846053,0.9960812079
2022-12-14,V11 LambdaRank Top2 ledger crosscheck,95248.04174,98088.45955,373.0417396,2,1795.708777,1044.709038,3482363.46,0,"{""601288.SH"": 16500.0, ""601398.SH"": 11000.0}",0.0005777733224,-0.04761851766,0.9960834708
2022-12-15,V11 LambdaRank Top2 ledger crosscheck,94753.04174,97593.45955,373.0417396,2,1795.708777,1044.709038,3482363.46,0,"{""601288.SH"": 16500.0, ""601398.SH"": 11000.0}",-0.005196957239,-0.0525680035,0.9960630104
2022-12-16,V11 LambdaRank Top2 ledger crosscheck,95413.04174,98253.45955,373.0417396,2,1795.708777,1044.709038,3482363.46,0,"{""601288.SH"": 16500.0, ""601398.SH"": 11000.0}",0.006965475597,-0.04596868905,0.9960902437
2022-12-19,V11 LambdaRank Top2 ledger crosscheck,94753.04174,97593.45955,373.0417396,2,1795.708777,1044.709038,3482363.46,0,"{""601288.SH"": 16500.0, ""601398.SH"": 11000.0}",-0.006917293359,-0.0525680035,0.9960630104
2022-12-20,V11 LambdaRank Top2 ledger crosscheck,93928.04174,96768.45955,373.0417396,2,1795.708777,1044.709038,3482363.46,0,"{""601288.SH"": 16500.0, ""601398.SH"": 11000.0}",-0.008706844497,-0.06081714656,0.9960284306
2022-12-21,V11 LambdaRank Top2 ledger crosscheck,94148.04174,96988.45955,373.0417396,2,1795.708777,1044.709038,3482363.46,0,"{""601288.SH"": 16500.0, ""601398.SH"": 11000.0}",0.002342218532,-0.05861737508,0.9960377111
2022-12-22,V11 LambdaRank Top2 ledger crosscheck,94533.04174,97373.45955,373.0417396,2,1795.708777,1044.709038,3482363.46,0,"{""601288.SH"": 16500.0, ""601398.SH"": 11000.0}",0.004089304386,-0.05476777498,0.9960538481
2022-12-23,V11 LambdaRank Top2 ledger crosscheck,94478.04174,97318.45955,373.0417396,2,1795.708777,1044.709038,3482363.46,0,"{""601288.SH"": 16500.0, ""601398.SH"": 11000.0}",-0.0005818071543,-0.05531771785,0.9960515509
2022-12-26,V11 LambdaRank Top2 ledger crosscheck,94258.04174,97098.45955,373.0417396,2,1795.708777,1044.709038,3482363.46,0,"{""601288.SH"": 16500.0, ""601398.SH"": 11000.0}",-0.002328583404,-0.05751748934,0.9960423351
2022-12-27,V11 LambdaRank Top2 ledger crosscheck,95358.04174,98198.45955,373.0417396,2,1795.708777,1044.709038,3482363.46,0,"{""601288.SH"": 16500.0, ""601398.SH"": 11000.0}",0.0116700918,-0.04651863192,0.9960879887
2022-12-28,V11 LambdaRank Top2 ledger crosscheck,95743.04174,98583.45955,373.0417396,2,1795.708777,1044.709038,3482363.46,0,"{""601288.SH"": 16500.0, ""601398.SH"": 11000.0}",0.004037415125,-0.04266903182,0.9961037196
2022-12-29,V11 LambdaRank Top2 ledger crosscheck,95193.04174,98033.45955,373.0417396,2,1795.708777,1044.709038,3482363.46,0,"{""601288.SH"": 16500.0, ""601398.SH"": 11000.0}",-0.005744542789,-0.04816846053,0.9960812079
2022-12-30,V11 LambdaRank Top2 ledger crosscheck,96128.04174,98968.45955,373.0417396,2,1795.708777,1044.709038,3482363.46,0,"{""601288.SH"": 16500.0, ""601398.SH"": 11000.0}",0.009822146482,-0.03881943172,0.9961193245
2023-01-03,V11 LambdaRank Top2 ledger crosscheck,95633.04174,98473.45955,373.0417396,2,1795.708777,1044.709038,3482363.46,0,"{""601288.SH"": 16500.0, ""601398.SH"": 11000.0}",-0.005149381919,-0.04376891756,0.996099238
2023-01-04,V11 LambdaRank Top2 ledger crosscheck,96764.95669,99682.45955,99.95669232,2,1844.223024,1073.279838,3577599.46,0,"{""601288.SH"": 16500.0, ""601988.SH"": 15100.0}",0.01183602374,-0.03245094377,0.9989670156
2023-01-05,V11 LambdaRank Top2 ledger crosscheck,96764.95669,99682.45955,99.95669232,2,1844.223024,1073.279838,3577599.46,0,"{""601288.SH"": 16500.0, ""601988.SH"": 15100.0}",0,-0.03245094377,0.9989670156
2023-01-06,V11 LambdaRank Top2 ledger crosscheck,96750.95669,99668.45955,99.95669232,2,1844.223024,1073.279838,3577599.46,0,"{""601288.SH"": 16500.0, ""601988.SH"": 15100.0}",-0.0001446804761,-0.03259092923,0.9989668661
2023-01-09,V11 LambdaRank Top2 ledger crosscheck,96448.95669,99366.45955,99.95669232,2,1844.223024,1073.279838,3577599.46,0,"{""601288.SH"": 16500.0, ""601988.SH"": 15100.0}",-0.003121416163,-0.03561061554,0.9989636312
2023-01-10,V11 LambdaRank Top2 ledger crosscheck,96132.95669,99050.45955,99.95669232,2,1844.223024,1073.279838,3577599.46,0,"{""601288.SH"": 16500.0, ""601988.SH"": 15100.0}",-0.003276344409,-0.0387702873,0.9989602245
2023-01-11,V11 LambdaRank Top2 ledger crosscheck,96283.95669,99201.45955,99.95669232,2,1844.223024,1073.279838,3577599.46,0,"{""601288.SH"": 16500.0, ""601988.SH"": 15100.0}",0.001570741244,-0.03726044415,0.9989618552
2023-01-12,V11 LambdaRank Top2 ledger crosscheck,96448.95669,99366.45955,99.95669232,2,1844.223024,1073.279838,3577599.46,0,"{""601288.SH"": 16500.0, ""601988.SH"": 15100.0}",0.001713681133,-0.03561061554,0.9989636312
2023-01-13,V11 LambdaRank Top2 ledger crosscheck,97382.95669,100300.4596,99.95669232,2,1844.223024,1073.279838,3577599.46,0,"{""601288.SH"": 16500.0, ""601988.SH"": 15100.0}",0.009683878727,-0.02627158569,0.998973571
2023-01-16,V11 LambdaRank Top2 ledger crosscheck,96585.95669,99503.45955,99.95669232,2,1844.223024,1073.279838,3577599.46,0,"{""601288.SH"": 16500.0, ""601988.SH"": 15100.0}",-0.00818418363,-0.03424075784,0.9989651012
2023-01-17,V11 LambdaRank Top2 ledger crosscheck,96736.95669,99654.45955,99.95669232,2,1844.223024,1073.279838,3577599.46,0,"{""601288.SH"": 16500.0, ""601988.SH"": 15100.0}",0.001563374275,-0.03273091468,0.9989667166
2023-01-18,V11 LambdaRank Top2 ledger crosscheck,96750.95669,99668.45955,99.95669232,2,1844.223024,1073.279838,3577599.46,0,"{""601288.SH"": 16500.0, ""601988.SH"": 15100.0}",0.0001447223531,-0.03259092923,0.9989668661
2023-01-19,V11 LambdaRank Top2 ledger crosscheck,96901.95669,99819.45955,99.95669232,2,1844.223024,1073.279838,3577599.46,0,"{""601288.SH"": 16500.0, ""601988.SH"": 15100.0}",0.001560708081,-0.03108108607,0.998968476
2023-01-20,V11 LambdaRank Top2 ledger crosscheck,96901.95669,99819.45955,99.95669232,2,1844.223024,1073.279838,3577599.46,0,"{""601288.SH"": 16500.0, ""601988.SH"": 15100.0}",0,-0.03108108607,0.998968476
2023-01-30,V11 LambdaRank Top2 ledger crosscheck,97052.95669,99970.45955,99.95669232,2,1844.223024,1073.279838,3577599.46,0,"{""601288.SH"": 16500.0, ""601988.SH"": 15100.0}",0.001558276067,-0.02957124292,0.9989700809
2023-01-31,V11 LambdaRank Top2 ledger crosscheck,96736.95669,99654.45955,99.95669232,2,1844.223024,1073.279838,3577599.46,0,"{""601288.SH"": 16500.0, ""601988.SH"": 15100.0}",-0.003255954386,-0.03273091468,0.9989667166
2023-02-01,V11 LambdaRank Top2 ledger crosscheck,96901.95669,99819.45955,99.95669232,2,1844.223024,1073.279838,3577599.46,0,"{""601288.SH"": 16500.0, ""601988.SH"": 15100.0}",0.001705656304,-0.03108108607,0.998968476
2023-02-02,V11 LambdaRank Top2 ledger crosscheck,96588.14195,99583.45955,432.1419513,2,1893.252765,1102.064838,3673549.46,0,"{""601939.SH"": 8500.0, ""601988.SH"": 15100.0}",-0.003238476825,-0.03421890752,0.9955259316
2023-02-03,V11 LambdaRank Top2 ledger crosscheck,96503.14195,99498.45955,432.1419513,2,1893.252765,1102.064838,3673549.46,0,"{""601939.SH"": 8500.0, ""601988.SH"": 15100.0}",-0.000880025211,-0.03506881923,0.9955219909
2023-02-06,V11 LambdaRank Top2 ledger crosscheck,96267.14195,99262.45955,432.1419513,2,1893.252765,1102.064838,3673549.46,0,"{""601939.SH"": 8500.0, ""601988.SH"": 15100.0}",-0.002445516231,-0.03742857409,0.995511013
2023-02-07,V11 LambdaRank Top2 ledger crosscheck,96116.14195,99111.45955,432.1419513,2,1893.252765,1102.064838,3673549.46,0,"{""601939.SH"": 8500.0, ""601988.SH"": 15100.0}",-0.001568551813,-0.03893841725,0.9955039607
2023-02-08,V11 LambdaRank Top2 ledger crosscheck,96267.14195,99262.45955,432.1419513,2,1893.252765,1102.064838,3673549.46,0,"{""601939.SH"": 8500.0, ""601988.SH"": 15100.0}",0.001571016033,-0.03742857409,0.995511013
2023-02-09,V11 LambdaRank Top2 ledger crosscheck,96588.14195,99583.45955,432.1419513,2,1893.252765,1102.064838,3673549.46,0,"{""601939.SH"": 8500.0, ""601988.SH"": 15100.0}",0.003334471072,-0.03421890752,0.9955259316
2023-02-10,V11 LambdaRank Top2 ledger crosscheck,96890.14195,99885.45955,432.1419513,2,1893.252765,1102.064838,3673549.46,0,"{""601939.SH"": 8500.0, ""601988.SH"": 15100.0}",0.003126677808,-0.03119922121,0.995539877
2023-02-13,V11 LambdaRank Top2 ledger crosscheck,96418.14195,99413.45955,432.1419513,2,1893.252765,1102.064838,3673549.46,0,"{""601939.SH"": 8500.0, ""601988.SH"": 15100.0}",-0.00487149663,-0.03591873094,0.9955180432
2023-02-14,V11 LambdaRank Top2 ledger crosscheck,96352.14195,99347.45955,432.1419513,2,1893.252765,1102.064838,3673549.46,0,"{""601939.SH"": 8500.0, ""601988.SH"": 15100.0}",-0.0006845184803,-0.03657866238,0.9955149731
2023-02-15,V11 LambdaRank Top2 ledger crosscheck,96097.14195,99092.45955,432.1419513,2,1893.252765,1102.064838,3673549.46,0,"{""601939.SH"": 8500.0, ""601988.SH"": 15100.0}",-0.002646542099,-0.03912839751,0.9955030718
2023-02-16,V11 LambdaRank Top2 ledger crosscheck,96248.14195,99243.45955,432.1419513,2,1893.252765,1102.064838,3673549.46,0,"{""601939.SH"": 8500.0, ""601988.SH"": 15100.0}",0.001571326649,-0.03761855436,0.9955101268
2023-02-17,V11 LambdaRank Top2 ledger crosscheck,96314.14195,99309.45955,432.1419513,2,1893.252765,1102.064838,3673549.46,0,"{""601939.SH"": 8500.0, ""601988.SH"": 15100.0}",0.0006857275233,-0.03695862291,0.9955132035
2023-02-20,V11 LambdaRank Top2 ledger crosscheck,97126.14195,100121.4596,432.1419513,2,1893.252765,1102.064838,3673549.46,0,"{""601939.SH"": 8500.0, ""601988.SH"": 15100.0}",0.008430745304,-0.02883946634,0.9955507143
2023-02-21,V11 LambdaRank Top2 ledger crosscheck,97296.14195,100291.4596,432.1419513,2,1893.252765,1102.064838,3673549.46,0,"{""601939.SH"": 8500.0, ""601988.SH"": 15100.0}",0.001750301171,-0.02713964292,0.9955584883
2023-02-22,V11 LambdaRank Top2 ledger crosscheck,96975.14195,99970.45955,432.1419513,2,1893.252765,1102.064838,3673549.46,0,"{""601939.SH"": 8500.0, ""601988.SH"": 15100.0}",-0.003299205843,-0.0303493095,0.9955437863
2023-02-23,V11 LambdaRank Top2 ledger crosscheck,96890.14195,99885.45955,432.1419513,2,1893.252765,1102.064838,3673549.46,0,"{""601939.SH"": 8500.0, ""601988.SH"": 15100.0}",-0.0008765132826,-0.03119922121,0.995539877
2023-02-24,V11 LambdaRank Top2 ledger crosscheck,96654.14195,99649.45955,432.1419513,2,1893.252765,1102.064838,3673549.46,0,"{""601939.SH"": 8500.0, ""601988.SH"": 15100.0}",-0.002435748315,-0.03355897607,0.9955289867
2023-02-27,V11 LambdaRank Top2 ledger crosscheck,96418.14195,99413.45955,432.1419513,2,1893.252765,1102.064838,3673549.46,0,"{""601939.SH"": 8500.0, ""601988.SH"": 15100.0}",-0.002441695671,-0.03591873094,0.9955180432
2023-02-28,V11 LambdaRank Top2 ledger crosscheck,97145.14195,100140.4596,432.1419513,2,1893.252765,1102.064838,3673549.46,0,"{""601939.SH"": 8500.0, ""601988.SH"": 15100.0}",0.007540074775,-0.02864948608,0.9955515845
2023-03-01,V11 LambdaRank Top2 ledger crosscheck,97296.14195,100291.4596,432.1419513,2,1893.252765,1102.064838,3673549.46,0,"{""601939.SH"": 8500.0, ""601988.SH"": 15100.0}",0.001554375206,-0.02713964292,0.9955584883
2023-03-02,V11 LambdaRank Top2 ledger crosscheck,97280.28712,100432.4596,119.287116,2,1991.9934,1160.179038,3867263.46,0,"{""601288.SH"": 16500.0, ""601398.SH"": 11300.0}",-0.0001629544091,-0.02729817481,0.9987737792
2023-03-03,V11 LambdaRank Top2 ledger crosscheck,98392.28712,101544.4596,119.287116,2,1991.9934,1160.179038,3867263.46,0,"{""601288.SH"": 16500.0, ""601398.SH"": 11300.0}",0.01143088732,-0.01617932985,0.9987876375
2023-03-06,V11 LambdaRank Top2 ledger crosscheck,98114.28712,101266.4596,119.287116,2,1991.9934,1160.179038,3867263.46,0,"{""601288.SH"": 16500.0, ""601398.SH"": 11300.0}",-0.002825424717,-0.01895904109,0.9987842024
2023-03-07,V11 LambdaRank Top2 ledger crosscheck,99391.28712,102543.4596,119.287116,2,1991.9934,1160.179038,3867263.46,0,"{""601288.SH"": 16500.0, ""601398.SH"": 11300.0}",0.01301543371,-0.006190367525,0.9987998232
2023-03-08,V11 LambdaRank Top2 ledger crosscheck,99669.28712,102821.4596,119.287116,2,1991.9934,1160.179038,3867263.46,0,"{""601288.SH"": 16500.0, ""601398.SH"": 11300.0}",0.002797025857,-0.003410656287,0.9988031708
2023-03-09,V11 LambdaRank Top2 ledger crosscheck,99278.28712,102430.4596,119.287116,2,1991.9934,1160.179038,3867263.46,0,"{""601288.SH"": 16500.0, ""601398.SH"": 11300.0}",-0.00392297378,-0.007320250151,0.9987984572
2023-03-10,V11 LambdaRank Top2 ledger crosscheck,98331.28712,101483.4596,119.287116,2,1991.9934,1160.179038,3867263.46,0,"{""601288.SH"": 16500.0, ""601398.SH"": 11300.0}",-0.009538843059,-0.01678926649,0.9987868854
2023-03-13,V11 LambdaRank Top2 ledger crosscheck,99504.28712,102656.4596,119.287116,2,1991.9934,1160.179038,3867263.46,0,"{""601288.SH"": 16500.0, ""601398.SH"": 11300.0}",0.01192906179,-0.0050604849,0.9988011862
2023-03-14,V11 LambdaRank Top2 ledger crosscheck,99617.28712,102769.4596,119.287116,2,1991.9934,1160.179038,3867263.46,0,"{""601288.SH"": 16500.0, ""601398.SH"": 11300.0}",0.001135629462,-0.003930602274,0.998802546
2023-03-15,V11 LambdaRank Top2 ledger crosscheck,100677.2871,103829.4596,119.287116,2,1991.9934,1160.179038,3867263.46,0,"{""601288.SH"": 16500.0, ""601398.SH"": 11300.0}",0.01064072342,0,0.9988151537
2023-03-16,V11 LambdaRank Top2 ledger crosscheck,101850.2871,105002.4596,119.287116,2,1991.9934,1160.179038,3867263.46,0,"{""601288.SH"": 16500.0, ""601398.SH"": 11300.0}",0.01165108868,0,0.9988287994
2023-03-17,V11 LambdaRank Top2 ledger crosscheck,102015.2871,105167.4596,119.287116,2,1991.9934,1160.179038,3867263.46,0,"{""601288.SH"": 16500.0, ""601398.SH"": 11300.0}",0.001620024888,0,0.9988306937
2023-03-20,V11 LambdaRank Top2 ledger crosscheck,102232.2871,105384.4596,119.287116,2,1991.9934,1160.179038,3867263.46,0,"{""601288.SH"": 16500.0, ""601398.SH"": 11300.0}",0.002127132179,0,0.9988331757
2023-03-21,V11 LambdaRank Top2 ledger crosscheck,100729.2871,103881.4596,119.287116,2,1991.9934,1160.179038,3867263.46,0,"{""601288.SH"": 16500.0, ""601398.SH"": 11300.0}",-0.01470181332,-0.01470181332,0.9988157653
2023-03-22,V11 LambdaRank Top2 ledger crosscheck,102180.2871,105332.4596,119.287116,2,1991.9934,1160.179038,3867263.46,0,"{""601288.SH"": 16500.0, ""601398.SH"": 11300.0}",0.01440494658,-0.0005086455705,0.9988325819
2023-03-23,V11 LambdaRank Top2 ledger crosscheck,102345.2871,105497.4596,119.287116,2,1991.9934,1160.179038,3867263.46,0,"{""601288.SH"": 16500.0, ""601398.SH"": 11300.0}",0.001614792879,0,0.998834464
2023-03-24,V11 LambdaRank Top2 ledger crosscheck,101068.2871,104220.4596,119.287116,2,1991.9934,1160.179038,3867263.46,0,"{""601288.SH"": 16500.0, ""601398.SH"": 11300.0}",-0.01247736985,-0.01247736985,0.9988197374
2023-03-27,V11 LambdaRank Top2 ledger crosscheck,100842.2871,103994.4596,119.287116,2,1991.9934,1160.179038,3867263.46,0,"{""601288.SH"": 16500.0, ""601398.SH"": 11300.0}",-0.002236111905,-0.01468558096,0.9988170923
2023-03-28,V11 LambdaRank Top2 ledger crosscheck,101841.2871,104993.4596,119.287116,2,1991.9934,1160.179038,3867263.46,0,"{""601288.SH"": 16500.0, ""601398.SH"": 11300.0}",0.009906558336,-0.004924506191,0.9988286959
2023-03-29,V11 LambdaRank Top2 ledger crosscheck,102232.2871,105384.4596,119.287116,2,1991.9934,1160.179038,3867263.46,0,"{""601288.SH"": 16500.0, ""601398.SH"": 11300.0}",0.003839307329,-0.001104105555,0.9988331757
2023-03-30,V11 LambdaRank Top2 ledger crosscheck,102180.2871,105332.4596,119.287116,2,1991.9934,1160.179038,3867263.46,0,"{""601288.SH"": 16500.0, ""601398.SH"": 11300.0}",-0.0005086455705,-0.001612189527,0.9988325819
2023-03-31,V11 LambdaRank Top2 ledger crosscheck,101832.2871,104984.4596,119.287116,2,1991.9934,1160.179038,3867263.46,0,"{""601288.SH"": 16500.0, ""601398.SH"": 11300.0}",-0.003405744981,-0.005012443801,0.9988285924
2023-04-03,V11 LambdaRank Top2 ledger crosscheck,101554.2871,104706.4596,119.287116,2,1991.9934,1160.179038,3867263.46,0,"{""601288.SH"": 16500.0, ""601398.SH"": 11300.0}",-0.002729978947,-0.007728738883,0.9988253857
2023-04-04,V11 LambdaRank Top2 ledger crosscheck,103140.1513,106456.4596,265.1512554,2,2095.361261,1220.947038,4069823.46,0,"{""601939.SH"": 8500.0, ""601988.SH"": 15000.0}",0.01561592508,0,0.997429214
2023-04-06,V11 LambdaRank Top2 ledger crosscheck,103205.1513,106521.4596,265.1512554,2,2095.361261,1220.947038,4069823.46,0,"{""601939.SH"": 8500.0, ""601988.SH"": 15000.0}",0.000630210439,0,0.9974308331
2023-04-07,V11 LambdaRank Top2 ledger crosscheck,103225.1513,106541.4596,265.1512554,2,2095.361261,1220.947038,4069823.46,0,"{""601939.SH"": 8500.0, ""601988.SH"": 15000.0}",0.0001937887766,0,0.9974313309
2023-04-10,V11 LambdaRank Top2 ledger crosscheck,103140.1513,106456.4596,265.1512554,2,2095.361261,1220.947038,4069823.46,0,"{""601939.SH"": 8500.0, ""601988.SH"": 15000.0}",-0.0008234427266,-0.0008234427266,0.997429214
2023-04-11,V11 LambdaRank Top2 ledger crosscheck,103760.1513,107076.4596,265.1512554,2,2095.361261,1220.947038,4069823.46,0,"{""601939.SH"": 8500.0, ""601988.SH"": 15000.0}",0.006011238033,0,0.9974445753
2023-04-12,V11 LambdaRank Top2 ledger crosscheck,104975.1513,108291.4596,265.1512554,2,2095.361261,1220.947038,4069823.46,0,"{""601939.SH"": 8500.0, ""601988.SH"": 15000.0}",0.01170969766,0,0.9974741522
2023-04-13,V11 LambdaRank Top2 ledger crosscheck,106065.1513,109381.4596,265.1512554,2,2095.361261,1220.947038,4069823.46,0,"{""601939.SH"": 8500.0, ""601988.SH"": 15000.0}",0.01038340966,0,0.9975001096
2023-04-14,V11 LambdaRank Top2 ledger crosscheck,105530.1513,108846.4596,265.1512554,2,2095.361261,1220.947038,4069823.46,0,"{""601939.SH"": 8500.0, ""601988.SH"": 15000.0}",-0.005044069552,-0.005044069552,0.997487436
2023-04-17,V11 LambdaRank Top2 ledger crosscheck,107515.1513,110831.4596,265.1512554,2,2095.361261,1220.947038,4069823.46,0,"{""601939.SH"": 8500.0, ""601988.SH"": 15000.0}",0.01880979015,0,0.9975338243
2023-04-18,V11 LambdaRank Top2 ledger crosscheck,108070.1513,111386.4596,265.1512554,2,2095.361261,1220.947038,4069823.46,0,"{""601939.SH"": 8500.0, ""601988.SH"": 15000.0}",0.005162063147,0,0.9975464895
2023-04-19,V11 LambdaRank Top2 ledger crosscheck,108220.1513,111536.4596,265.1512554,2,2095.361261,1220.947038,4069823.46,0,"{""601939.SH"": 8500.0, ""601988.SH"": 15000.0}",0.001387987324,0,0.9975498902
2023-04-20,V11 LambdaRank Top2 ledger crosscheck,107900.1513,111216.4596,265.1512554,2,2095.361261,1220.947038,4069823.46,0,"{""601939.SH"": 8500.0, ""601988.SH"": 15000.0}",-0.002956935435,-0.002956935435,0.9975426239
2023-04-21,V11 LambdaRank Top2 ledger crosscheck,107175.1513,110491.4596,265.1512554,2,2095.361261,1220.947038,4069823.46,0,"{""601939.SH"": 8500.0, ""601988.SH"": 15000.0}",-0.006719175011,-0.009656242279,0.9975260006
2023-04-24,V11 LambdaRank Top2 ledger crosscheck,107945.1513,111261.4596,265.1512554,2,2095.361261,1220.947038,4069823.46,0,"{""601939.SH"": 8500.0, ""601988.SH"": 15000.0}",0.007184501174,-0.002541116389,0.9975436483
2023-04-25,V11 LambdaRank Top2 ledger crosscheck,109545.1513,112861.4596,265.1512554,2,2095.361261,1220.947038,4069823.46,0,"{""601939.SH"": 8500.0, ""601988.SH"": 15000.0}",0.01482234247,0,0.9975795254
2023-04-26,V11 LambdaRank Top2 ledger crosscheck,109140.1513,112456.4596,265.1512554,2,2095.361261,1220.947038,4069823.46,0,"{""601939.SH"": 8500.0, ""601988.SH"": 15000.0}",-0.003697105672,-0.003697105672,0.9975705434
2023-04-27,V11 LambdaRank Top2 ledger crosscheck,109035.1513,112351.4596,265.1512554,2,2095.361261,1220.947038,4069823.46,0,"{""601939.SH"": 8500.0, ""601988.SH"": 15000.0}",-0.0009620657365,-0.004655614549,0.9975682039
2023-04-28,V11 LambdaRank Top2 ledger crosscheck,108950.1513,112266.4596,265.1512554,2,2095.361261,1220.947038,4069823.46,0,"{""601939.SH"": 8500.0, ""601988.SH"": 15000.0}",-0.0007795651129,-0.005431550308,0.9975663067
2023-05-04,V11 LambdaRank Top2 ledger crosscheck,115040.1513,118356.4596,265.1512554,2,2095.361261,1220.947038,4069823.46,0,"{""601939.SH"": 8500.0, ""601988.SH"": 15000.0}",0.05589712295,0,0.9976951416
2023-05-05,V11 LambdaRank Top2 ledger crosscheck,118210.7891,121538.4596,118.7891019,2,2105.975515,1221.694938,4072316.46,0,"{""601939.SH"": 8700.0, ""601988.SH"": 14700.0}",0.02756114115,0,0.9989951078
2023-05-08,V11 LambdaRank Top2 ledger crosscheck,127282.7891,130610.4596,118.7891019,2,2105.975515,1221.694938,4072316.46,0,"{""601939.SH"": 8700.0, ""601988.SH"": 14700.0}",0.07674426395,0,0.9990667308
2023-05-09,V11 LambdaRank Top2 ledger crosscheck,127963.7891,131291.4596,118.7891019,2,2105.975515,1221.694938,4072316.46,0,"{""601939.SH"": 8700.0, ""601988.SH"": 14700.0}",0.005350291307,0,0.9990716975
2023-05-10,V11 LambdaRank Top2 ledger crosscheck,121069.7891,124397.4596,118.7891019,2,2105.975515,1221.694938,4072316.46,0,"{""601939.SH"": 8700.0, ""601988.SH"": 14700.0}",-0.053874616,-0.053874616,0.9990188378
2023-05-11,V11 LambdaRank Top2 ledger crosscheck,118168.7891,121496.4596,118.7891019,2,2105.975515,1221.694938,4072316.46,0,"{""601939.SH"": 8700.0, ""601988.SH"": 14700.0}",-0.02396138642,-0.07654509193,0.9989947506
2023-05-12,V11 LambdaRank Top2 ledger crosscheck,117907.7891,121235.4596,118.7891019,2,2105.975515,1221.694938,4072316.46,0,"{""601939.SH"": 8700.0, ""601988.SH"": 14700.0}",-0.002208705039,-0.07858473144,0.9989925254
2023-05-15,V11 LambdaRank Top2 ledger crosscheck,119158.7891,122486.4596,118.7891019,2,2105.975515,1221.694938,4072316.46,0,"{""601939.SH"": 8700.0, ""601988.SH"": 14700.0}",0.01060998607,-0.06880852827,0.9990031025
2023-05-16,V11 LambdaRank Top2 ledger crosscheck,119566.7891,122894.4596,118.7891019,2,2105.975515,1221.694938,4072316.46,0,"{""601939.SH"": 8700.0, ""601988.SH"": 14700.0}",0.003424002569,-0.06562012628,0.9990065042
2023-05-17,V11 LambdaRank Top2 ledger crosscheck,118369.7891,121697.4596,118.7891019,2,2105.975515,1221.694938,4072316.46,0,"{""601939.SH"": 8700.0, ""601988.SH"": 14700.0}",-0.01001114113,-0.07497433506,0.9989964576
2023-05-18,V11 LambdaRank Top2 ledger crosscheck,120469.7891,123797.4596,118.7891019,2,2105.975515,1221.694938,4072316.46,0,"{""601939.SH"": 8700.0, ""601988.SH"": 14700.0}",0.01774101328,-0.05856344246,0.9990139511
2023-05-19,V11 LambdaRank Top2 ledger crosscheck,119125.7891,122453.4596,118.7891019,2,2105.975515,1221.694938,4072316.46,0,"{""601939.SH"": 8700.0, ""601988.SH"": 14700.0}",-0.011156324,-0.06906641373,0.9990028263
2023-05-22,V11 LambdaRank Top2 ledger crosscheck,119620.7891,122948.4596,118.7891019,2,2105.975515,1221.694938,4072316.46,0,"{""601939.SH"": 8700.0, ""601988.SH"": 14700.0}",0.00415527153,-0.0651981319,0.9990069527
2023-05-23,V11 LambdaRank Top2 ledger crosscheck,116056.7891,119384.4596,118.7891019,2,2105.975515,1221.694938,4072316.46,0,"{""601939.SH"": 8700.0, ""601988.SH"": 14700.0}",-0.02979415223,-0.09304976106,0.9989764571
2023-05-24,V11 LambdaRank Top2 ledger crosscheck,112111.7891,115439.4596,118.7891019,2,2105.975515,1221.694938,4072316.46,0,"{""601939.SH"": 8700.0, ""601988.SH"": 14700.0}",-0.03399197953,-0.123878795,0.9989404406
2023-05-25,V11 LambdaRank Top2 ledger crosscheck,111328.7891,114656.4596,118.7891019,2,2105.975515,1221.694938,4072316.46,0,"{""601939.SH"": 8700.0, ""601988.SH"": 14700.0}",-0.006984100479,-0.1299977135,0.9989329885
2023-05-26,V11 LambdaRank Top2 ledger crosscheck,112546.7891,115874.4596,118.7891019,2,2105.975515,1221.694938,4072316.46,0,"{""601939.SH"": 8700.0, ""601988.SH"": 14700.0}",0.01094056632,-0.1204793958,0.9989445358
2023-05-29,V11 LambdaRank Top2 ledger crosscheck,115087.7891,118415.4596,118.7891019,2,2105.975515,1221.694938,4072316.46,0,"{""601939.SH"": 8700.0, ""601988.SH"": 14700.0}",0.02257727671,-0.1006222158,0.9989678392
2023-05-30,V11 LambdaRank Top2 ledger crosscheck,114091.7891,117419.4596,118.7891019,2,2105.975515,1221.694938,4072316.46,0,"{""601939.SH"": 8700.0, ""601988.SH"": 14700.0}",-0.008654263044,-0.1084056677,0.9989588287
2023-05-31,V11 LambdaRank Top2 ledger crosscheck,113128.7891,116456.4596,118.7891019,2,2105.975515,1221.694938,4072316.46,0,"{""601939.SH"": 8700.0, ""601988.SH"": 14700.0}",-0.008440572346,-0.1159312342,0.9989499658
2023-06-01,V11 LambdaRank Top2 ledger crosscheck,113109.8474,116437.5179,118.7891019,2,2105.975515,1221.694938,4072316.46,0,"{""601939.SH"": 8701.6774, ""601988.SH"": 14699.3239}",-0.000167434832,-0.1160792581,0.9989497899
2023-06-02,V11 LambdaRank Top2 ledger crosscheck,112550.15,115973.4978,95.78016521,2,2167.999917,1255.347938,4184493.128,0,"{""601288.SH"": 16200.0, ""601988.SH"": 14499.3239}",-0.004948264378,-0.1204531316,0.9991490001
2023-06-05,V11 LambdaRank Top2 ledger crosscheck,115475.0891,118898.437,95.78016521,2,2167.999917,1255.347938,4184493.128,0,"{""601288.SH"": 16200.0, ""601988.SH"": 14499.3239}",0.02598787428,-0.09759557816,0.9991705556
2023-06-06,V11 LambdaRank Top2 ledger crosscheck,115620.0824,119043.4302,95.78016521,2,2167.999917,1255.347938,4184493.128,0,"{""601288.SH"": 16200.0, ""601988.SH"": 14499.3239}",0.001255623526,-0.09646249794,0.9991715958
2023-06-07,V11 LambdaRank Top2 ledger crosscheck,117317.0486,120740.3964,95.78016521,2,2167.999917,1255.347938,4184493.128,0,"{""601288.SH"": 16200.0, ""601988.SH"": 14499.3239}",0.0146770886,-0.08320119797,0.9991835785
2023-06-08,V11 LambdaRank Top2 ledger crosscheck,120369.9742,123793.322,95.78016521,2,2167.999917,1255.347938,4184493.128,0,"{""601288.SH"": 16200.0, ""601988.SH"": 14499.3239}",0.02602286421,-0.05934346723,0.9992042852
2023-06-09,V11 LambdaRank Top2 ledger crosscheck,119593.9877,123017.3356,95.78016521,2,2167.999917,1255.347938,4184493.128,0,"{""601288.SH"": 16200.0, ""601988.SH"": 14499.3239}",-0.006446678106,-0.06540757711,0.9991991222
2023-06-12,V11 LambdaRank Top2 ledger crosscheck,117965.0486,121388.3964,95.78016521,2,2167.999917,1255.347938,4184493.128,0,"{""601288.SH"": 16200.0, ""601988.SH"": 14499.3239}",-0.01362057724,-0.07813726539,0.9991880632
2023-06-13,V11 LambdaRank Top2 ledger crosscheck,118417.035,121840.3829,95.78016521,2,2167.999917,1255.347938,4184493.128,0,"{""601288.SH"": 16200.0, ""601988.SH"": 14499.3239}",0.003831528768,-0.0746051218,0.9991911623
2023-06-14,V11 LambdaRank Top2 ledger crosscheck,115765.0756,119188.4235,95.78016521,2,2167.999917,1255.347938,4184493.128,0,"{""601288.SH"": 16200.0, ""601988.SH"": 14499.3239}",-0.02239508387,-0.09532941772,0.9991726333
2023-06-15,V11 LambdaRank Top2 ledger crosscheck,116558.0688,119981.4167,95.78016521,2,2167.999917,1255.347938,4184493.128,0,"{""601288.SH"": 16200.0, ""601988.SH"": 14499.3239}",0.006850021343,-0.08913240492,0.9991782623
2023-06-16,V11 LambdaRank Top2 ledger crosscheck,115509.1026,118932.4505,95.78016521,2,2167.999917,1255.347938,4184493.128,0,"{""601288.SH"": 16200.0, ""601988.SH"": 14499.3239}",-0.008999515893,-0.09732977232,0.9991707999
2023-06-19,V11 LambdaRank Top2 ledger crosscheck,113667.1432,117090.4911,95.78016521,2,2167.999917,1255.347938,4184493.128,0,"{""601288.SH"": 16200.0, ""601988.SH"": 14499.3239}",-0.01594644395,-0.1117241525,0.9991573628
2023-06-20,V11 LambdaRank Top2 ledger crosscheck,112908.1635,116331.5114,95.78016521,2,2167.999917,1255.347938,4184493.128,0,"{""601288.SH"": 16200.0, ""601988.SH"": 14499.3239}",-0.006677212907,-0.1176553595,0.9991516985
2023-06-21,V11 LambdaRank Top2 ledger crosscheck,113539.1567,116962.5046,95.78016521,2,2167.999917,1255.347938,4184493.128,0,"{""601288.SH"": 16200.0, ""601988.SH"": 14499.3239}",0.005588552847,-0.1127243298,0.9991564129
2023-06-26,V11 LambdaRank Top2 ledger crosscheck,111117.2243,114540.5722,95.78016521,2,2167.999917,1255.347938,4184493.128,0,"{""601288.SH"": 16200.0, ""601988.SH"": 14499.3239}",-0.02133125219,-0.1316510309,0.9991380259
2023-06-27,V11 LambdaRank Top2 ledger crosscheck,113249.1703,116672.5181,95.78016521,2,2167.999917,1255.347938,4184493.128,0,"{""601288.SH"": 16200.0, ""601988.SH"": 14499.3239}",0.01918645756,-0.1149904903,0.9991542528
2023-06-28,V11 LambdaRank Top2 ledger crosscheck,113232.1635,116655.5114,95.78016521,2,2167.999917,1255.347938,4184493.128,0,"{""601288.SH"": 16200.0, ""601988.SH"": 14499.3239}",-0.000150171179,-0.1151233932,0.9991541258
2023-06-29,V11 LambdaRank Top2 ledger crosscheck,112601.1703,116024.5181,95.78016521,2,2167.999917,1255.347938,4184493.128,0,"{""601288.SH"": 16200.0, ""601988.SH"": 14499.3239}",-0.005572561886,-0.1200544228,0.9991493857
2023-06-30,V11 LambdaRank Top2 ledger crosscheck,113974.1365,117397.4843,95.78016521,2,2167.999917,1255.347938,4184493.128,0,"{""601288.SH"": 16200.0, ""601988.SH"": 14499.3239}",0.01219317872,-0.1093250891,0.9991596325
2023-07-03,V11 LambdaRank Top2 ledger crosscheck,116447.0891,119870.437,95.78016521,2,2167.999917,1255.347938,4184493.128,0,"{""601288.SH"": 16200.0, ""601988.SH"": 14499.3239}",0.02169748986,-0.0899996793,0.9991774791
2023-07-04,V11 LambdaRank Top2 ledger crosscheck,114995.3988,118518.4775,289.0493145,2,2232.632268,1290.446438,4301488.128,0,"{""601398.SH"": 11900.0, ""601988.SH"": 14599.3239}",-0.01246652272,-0.101344219,0.9974864271
2023-07-05,V11 LambdaRank Top2 ledger crosscheck,114876.3988,118399.4775,289.0493145,2,2232.632268,1290.446438,4301488.128,0,"{""601398.SH"": 11900.0, ""601988.SH"": 14599.3239}",-0.001034824012,-0.1022741696,0.9974838233
2023-07-06,V11 LambdaRank Top2 ledger crosscheck,113843.4191,117366.4978,289.0493145,2,2232.632268,1290.446438,4301488.128,0,"{""601398.SH"": 11900.0, ""601988.SH"": 14599.3239}",-0.008992096951,-0.1103466073,0.9974609923
2023-07-07,V11 LambdaRank Top2 ledger crosscheck,113578.4259,117101.5046,289.0493145,2,2232.632268,1290.446438,4301488.128,0,"{""601398.SH"": 11900.0, ""601988.SH"": 14599.3239}",-0.002327699226,-0.1124174528,0.9974550685
2023-07-10,V11 LambdaRank Top2 ledger crosscheck,113843.4191,117366.4978,289.0493145,2,2232.632268,1290.446438,4301488.128,0,"{""601398.SH"": 11900.0, ""601988.SH"": 14599.3239}",0.002333130051,-0.1103466073,0.9974609923
2023-07-11,V11 LambdaRank Top2 ledger crosscheck,115141.3921,118664.4708,289.0493145,2,2232.632268,1290.446438,4301488.128,0,"{""601398.SH"": 11900.0, ""601988.SH"": 14599.3239}",0.01140138766,-0.100203324,0.9974896142
2023-07-12,V11 LambdaRank Top2 ledger crosscheck,114903.3921,118426.4708,289.0493145,2,2232.632268,1290.446438,4301488.128,0,"{""601398.SH"": 11900.0, ""601988.SH"": 14599.3239}",-0.002067023819,-0.1020632252,0.9974844144
2023-07-13,V11 LambdaRank Top2 ledger crosscheck,116493.3515,120016.4302,289.0493145,2,2232.632268,1290.446438,4301488.128,0,"{""601398.SH"": 11900.0, ""601988.SH"": 14599.3239}",0.01383735852,-0.08963815212,0.9975187484
2023-07-14,V11 LambdaRank Top2 ledger crosscheck,116493.3515,120016.4302,289.0493145,2,2232.632268,1290.446438,4301488.128,0,"{""601398.SH"": 11900.0, ""601988.SH"": 14599.3239}",0,-0.08963815212,0.9975187484
2023-07-17,V11 LambdaRank Top2 ledger crosscheck,116655.826,120178.9047,289.0493145,2,2232.632268,1290.446438,4301488.128,0,"{""601398.SH"": 12682.7455, ""601988.SH"": 15492.4748}",0.001394710318,-0.08836846106,0.9975222042
2023-07-18,V11 LambdaRank Top2 ledger crosscheck,115345.7951,118868.8738,289.0493145,2,2232.632268,1290.446438,4301488.128,0,"{""601398.SH"": 12682.7455, ""601988.SH"": 15492.4748}",-0.01122987934,-0.09860597324,0.9974940628
2023-07-19,V11 LambdaRank Top2 ledger crosscheck,115754.3748,119277.4535,289.0493145,2,2232.632268,1290.446438,4301488.128,0,"{""601398.SH"": 12682.7455, ""601988.SH"": 15492.4748}",0.003542215445,-0.0954130414,0.9975029081
2023-07-20,V11 LambdaRank Top2 ledger crosscheck,116162.9545,119686.0332,289.0493145,2,2232.632268,1290.446438,4301488.128,0,"{""601398.SH"": 12682.7455, ""601988.SH"": 15492.4748}",0.003529712443,-0.09222010955,0.9975116911
2023-07-21,V11 LambdaRank Top2 ledger crosscheck,116317.8792,119840.9579,289.0493145,2,2232.632268,1290.446438,4301488.128,0,"{""601398.SH"": 12682.7455, ""601988.SH"": 15492.4748}",0.001333684636,-0.09100941746,0.9975150053
2023-07-24,V11 LambdaRank Top2 ledger crosscheck,115726.2775,119249.3562,289.0493145,2,2232.632268,1290.446438,4301488.128,0,"{""601398.SH"": 12682.7455, ""601988.SH"": 15492.4748}",-0.005086077065,-0.09563261362,0.9975023018
2023-07-25,V11 LambdaRank Top2 ledger crosscheck,117909.6623,121432.741,289.0493145,2,2232.632268,1290.446438,4301488.128,0,"{""601398.SH"": 12682.7455, ""601988.SH"": 15492.4748}",0.01886680188,-0.07857009331,0.9975485528
2023-07-26,V11 LambdaRank Top2 ledger crosscheck,117726.6402,121249.7189,289.0493145,2,2232.632268,1290.446438,4301488.128,0,"{""601398.SH"": 12682.7455, ""601988.SH"": 15492.4748}",-0.001552222584,-0.08000035762,0.9975447417
2023-07-27,V11 LambdaRank Top2 ledger crosscheck,119079.2066,122602.2853,289.0493145,2,2232.632268,1290.446438,4301488.128,0,"{""601398.SH"": 12682.7455, ""601988.SH"": 15492.4748}",0.01148904295,-0.06943044221,0.9975726298
2023-07-28,V11 LambdaRank Top2 ledger crosscheck,121614.9765,125138.0552,289.0493145,2,2232.632268,1290.446438,4301488.128,0,"{""601398.SH"": 12682.7455, ""601988.SH"": 15492.4748}",0.02129481622,-0.04961413449,0.9976232424
2023-07-31,V11 LambdaRank Top2 ledger crosscheck,121361.3215,124884.4003,289.0493145,2,2232.632268,1290.446438,4301488.128,0,"{""601398.SH"": 12682.7455, ""601988.SH"": 15492.4748}",-0.002085720993,-0.05159637425,0.9976182748
2023-08-01,V11 LambdaRank Top2 ledger crosscheck,121797.9985,125321.0772,289.0493145,2,2232.632268,1290.446438,4301488.128,0,"{""601398.SH"": 12682.7455, ""601988.SH"": 15492.4748}",0.003598155858,-0.04818387018,0.9976268139
2023-08-02,V11 LambdaRank Top2 ledger crosscheck,118698.7243,122221.803,289.0493145,2,2232.632268,1290.446438,4301488.128,0,"{""601398.SH"": 12682.7455, ""601988.SH"": 15492.4748}",-0.02544601935,-0.07240380184,0.997564849
2023-08-03,V11 LambdaRank Top2 ledger crosscheck,120107.4853,123630.564,289.0493145,2,2232.632268,1290.446438,4301488.128,0,"{""601398.SH"": 12682.7455, ""601988.SH"": 15492.4748}",0.01186837534,-0.061394742,0.9975934113
2023-08-04,V11 LambdaRank Top2 ledger crosscheck,120670.9897,124194.0684,289.0493145,2,2232.632268,1290.446438,4301488.128,0,"{""601398.SH"": 12682.7455, ""601988.SH"": 15492.4748}",0.004691667663,-0.05699111806,0.9976046495
2023-08-07,V11 LambdaRank Top2 ledger crosscheck,119825.7331,123348.8118,289.0493145,2,2232.632268,1290.446438,4301488.128,0,"{""601398.SH"": 12682.7455, ""601988.SH"": 15492.4748}",-0.00700463806,-0.06359655396,0.9975877526
2023-08-08,V11 LambdaRank Top2 ledger crosscheck,118980.4765,122503.5552,289.0493145,2,2232.632268,1290.446438,4301488.128,0,"{""601398.SH"": 12682.7455, ""601988.SH"": 15492.4748}",-0.007054049121,-0.07020198987,0.9975706156
2023-08-09,V11 LambdaRank Top2 ledger crosscheck,119515.8836,123038.9623,289.0493145,2,2232.632268,1290.446438,4301488.128,0,"{""601398.SH"": 12682.7455, ""601988.SH"": 15492.4748}",0.004499957705,-0.06601793815,0.9975814987
2023-08-10,V11 LambdaRank Top2 ledger crosscheck,119107.3039,122630.3826,289.0493145,2,2232.632268,1290.446438,4301488.128,0,"{""601398.SH"": 12682.7455, ""601988.SH"": 15492.4748}",-0.003418622235,-0.06921086999,0.9975732024
2023-08-11,V11 LambdaRank Top2 ledger crosscheck,117318.0606,120841.1393,289.0493145,2,2232.632268,1290.446438,4301488.128,0,"{""601398.SH"": 12682.7455, ""601988.SH"": 15492.4748}",-0.01502211298,-0.08319328946,0.9975361908
2023-08-14,V11 LambdaRank Top2 ledger crosscheck,115754.3748,119277.4535,289.0493145,2,2232.632268,1290.446438,4301488.128,0,"{""601398.SH"": 12682.7455, ""601988.SH"": 15492.4748}",-0.0133286022,-0.0954130414,0.9975029081
2023-08-15,V11 LambdaRank Top2 ledger crosscheck,118318.2419,121841.3206,289.0493145,2,2232.632268,1290.446438,4301488.128,0,"{""601398.SH"": 12682.7455, ""601988.SH"": 15492.4748}",0.02214920273,-0.07537716146,0.9975570182
2023-08-16,V11 LambdaRank Top2 ledger crosscheck,118163.3172,121686.3959,289.0493145,2,2232.632268,1290.446438,4301488.128,0,"{""601398.SH"": 12682.7455, ""601988.SH"": 15492.4748}",-0.00130939021,-0.07658785356,0.9975538152
2023-08-17,V11 LambdaRank Top2 ledger crosscheck,117036.3084,120559.3871,289.0493145,2,2232.632268,1290.446438,4301488.128,0,"{""601398.SH"": 12682.7455, ""601988.SH"": 15492.4748}",-0.009537721491,-0.08539510143,0.9975302595
2023-08-18,V11 LambdaRank Top2 ledger crosscheck,117318.0606,120841.1393,289.0493145,2,2232.632268,1290.446438,4301488.128,0,"{""601398.SH"": 12682.7455, ""601988.SH"": 15492.4748}",0.002407391401,-0.08319328946,0.9975361908
2023-08-21,V11 LambdaRank Top2 ledger crosscheck,115909.2995,119432.3782,289.0493145,2,2232.632268,1290.446438,4301488.128,0,"{""601398.SH"": 12682.7455, ""601988.SH"": 15492.4748}",-0.01200804893,-0.0942023493,0.9975062457
2023-08-22,V11 LambdaRank Top2 ledger crosscheck,117599.8128,121122.8915,289.0493145,2,2232.632268,1290.446438,4301488.128,0,"{""601398.SH"": 12682.7455, ""601988.SH"": 15492.4748}",0.01458479364,-0.08099147749,0.9975420938
2023-08-23,V11 LambdaRank Top2 ledger crosscheck,118473.1667,121996.2454,289.0493145,2,2232.632268,1290.446438,4301488.128,0,"{""601398.SH"": 12682.7455, ""601988.SH"": 15492.4748}",0.007426490567,-0.07416646937,0.9975602128
2023-08-24,V11 LambdaRank Top2 ledger crosscheck,117064.4056,120587.4844,289.0493145,2,2232.632268,1290.446438,4301488.128,0,"{""601398.SH"": 12682.7455, ""601988.SH"": 15492.4748}",-0.01189097119,-0.08517552921,0.9975308522
2023-08-25,V11 LambdaRank Top2 ledger crosscheck,118107.1226,121630.2013,289.0493145,2,2232.632268,1290.446438,4301488.128,0,"{""601398.SH"": 12682.7455, ""601988.SH"": 15492.4748}",0.008907207318,-0.07702699799,0.9975526513
2023-08-28,V11 LambdaRank Top2 ledger crosscheck,119769.5385,123292.6172,289.0493145,2,2232.632268,1290.446438,4301488.128,0,"{""601398.SH"": 12682.7455, ""601988.SH"": 15492.4748}",0.01407549253,-0.0640356984,0.9975866208
2023-08-29,V11 LambdaRank Top2 ledger crosscheck,117881.565,121404.6437,289.0493145,2,2232.632268,1290.446438,4301488.128,0,"{""601398.SH"": 12682.7455, ""601988.SH"": 15492.4748}",-0.0157633866,-0.07878966553,0.9975479685
2023-08-30,V11 LambdaRank Top2 ledger crosscheck,116754.5561,120277.6349,289.0493145,2,2232.632268,1290.446438,4301488.128,0,"{""601398.SH"": 12682.7455, ""601988.SH"": 15492.4748}",-0.00956051788,-0.0875969134,0.9975242995
2023-08-31,V11 LambdaRank Top2 ledger crosscheck,116980.1138,120503.1925,289.0493145,2,2232.632268,1290.446438,4301488.128,0,"{""601398.SH"": 12682.7455, ""601988.SH"": 15492.4748}",0.001931895627,-0.08583424587,0.9975290731
2023-09-01,V11 LambdaRank Top2 ledger crosscheck,115726.2775,119249.3562,289.0493145,2,2232.632268,1290.446438,4301488.128,0,"{""601398.SH"": 12682.7455, ""601988.SH"": 15492.4748}",-0.01071837104,-0.09563261362,0.9975023018
2023-09-04,V11 LambdaRank Top2 ledger crosscheck,116572.9334,120190.0332,322.0025059,2,2291.839245,1325.260531,4417535.102,0,"{""601288.SH"": 16800.0, ""601988.SH"": 15492.4748}",0.007316021033,-0.08901624279,0.9972377593
2023-09-05,V11 LambdaRank Top2 ledger crosscheck,115759.0839,119376.1837,322.0025059,2,2291.839245,1325.260531,4417535.102,-1.455191523e-11,"{""601288.SH"": 16800.0, ""601988.SH"": 15492.4748}",-0.00698146192,-0.09537624121,0.9972183392
2023-09-06,V11 LambdaRank Top2 ledger crosscheck,115927.0839,119544.1837,322.0025059,2,2291.839245,1325.260531,4417535.102,-1.455191523e-11,"{""601288.SH"": 16800.0, ""601988.SH"": 15492.4748}",0.001451289993,-0.0940633698,0.9972223703
2023-09-07,V11 LambdaRank Top2 ledger crosscheck,115927.0839,119544.1837,322.0025059,2,2291.839245,1325.260531,4417535.102,-1.455191523e-11,"{""601288.SH"": 16800.0, ""601988.SH"": 15492.4748}",0,-0.0940633698,0.9972223703
2023-09-08,V11 LambdaRank Top2 ledger crosscheck,115294.3096,118911.4094,322.0025059,2,2291.839245,1325.260531,4417535.102,0,"{""601288.SH"": 16800.0, ""601988.SH"": 15492.4748}",-0.005458381439,-0.09900831748,0.9972071258
2023-09-11,V11 LambdaRank Top2 ledger crosscheck,115281.2344,118898.3342,322.0025059,2,2291.839245,1325.260531,4417535.102,0,"{""601288.SH"": 16800.0, ""601988.SH"": 15492.4748}",-0.0001134076121,-0.0991104968,0.997206809
2023-09-12,V11 LambdaRank Top2 ledger crosscheck,114971.3849,118588.4847,322.0025059,2,2291.839245,1325.260531,4417535.102,-1.455191523e-11,"{""601288.SH"": 16800.0, ""601988.SH"": 15492.4748}",-0.002687770451,-0.101531881,0.9971992813
2023-09-13,V11 LambdaRank Top2 ledger crosscheck,115449.2344,119066.3342,322.0025059,2,2291.839245,1325.260531,4417535.102,0,"{""601288.SH"": 16800.0, ""601988.SH"": 15492.4748}",0.004156247189,-0.09779762539,0.9972108736
2023-09-14,V11 LambdaRank Top2 ledger crosscheck,116908.9334,120526.0332,322.0025059,2,2291.839245,1325.260531,4417535.102,0,"{""601288.SH"": 16800.0, ""601988.SH"": 15492.4748}",0.01264364375,-0.08639049998,0.997245698
2023-09-15,V11 LambdaRank Top2 ledger crosscheck,115940.1591,119557.2589,322.0025059,2,2291.839245,1325.260531,4417535.102,-1.455191523e-11,"{""601288.SH"": 16800.0, ""601988.SH"": 15492.4748}",-0.008286571564,-0.09396119048,0.9972226836
2023-09-18,V11 LambdaRank Top2 ledger crosscheck,115940.1591,119557.2589,322.0025059,2,2291.839245,1325.260531,4417535.102,-1.455191523e-11,"{""601288.SH"": 16800.0, ""601988.SH"": 15492.4748}",0,-0.09396119048,0.9972226836
2023-09-19,V11 LambdaRank Top2 ledger crosscheck,117412.9334,121030.0332,322.0025059,2,2291.839245,1325.260531,4417535.102,0,"{""601288.SH"": 16800.0, ""601988.SH"": 15492.4748}",0.01270288271,-0.08245188575,0.997257521
2023-09-20,V11 LambdaRank Top2 ledger crosscheck,119027.5571,122644.6569,322.0025059,2,2291.839245,1325.260531,4417535.102,-1.455191523e-11,"{""601288.SH"": 16800.0, ""601988.SH"": 15492.4748}",0.01375166851,-0.06983406825,0.9972947231
2023-09-21,V11 LambdaRank Top2 ledger crosscheck,118381.7076,121998.8074,322.0025059,2,2291.839245,1325.260531,4417535.102,0,"{""601288.SH"": 16800.0, ""601988.SH"": 15492.4748}",-0.00542605016,-0.07488119525,0.997279964
2023-09-22,V11 LambdaRank Top2 ledger crosscheck,119350.4819,122967.5816,322.0025059,2,2291.839245,1325.260531,4417535.102,0,"{""601288.SH"": 16800.0, ""601988.SH"": 15492.4748}",0.008183479208,-0.06731050475,0.9973020427
2023-09-25,V11 LambdaRank Top2 ledger crosscheck,120009.4066,123626.5064,322.0025059,2,2291.839245,1325.260531,4417535.102,0,"{""601288.SH"": 16800.0, ""601988.SH"": 15492.4748}",0.00552092239,-0.06216119843,0.9973168561
2023-09-26,V11 LambdaRank Top2 ledger crosscheck,119699.5571,123316.6569,322.0025059,2,2291.839245,1325.260531,4417535.102,-1.455191523e-11,"{""601288.SH"": 16800.0, ""601988.SH"": 15492.4748}",-0.002581876738,-0.06458258261,0.9973099106
2023-09-27,V11 LambdaRank Top2 ledger crosscheck,118071.8581,121688.9579,322.0025059,2,2291.839245,1325.260531,4417535.102,-1.455191523e-11,"{""601288.SH"": 16800.0, ""601988.SH"": 15492.4748}",-0.01359820395,-0.07730257944,0.997272826
2023-09-28,V11 LambdaRank Top2 ledger crosscheck,119208.6324,122825.7321,322.0025059,2,2291.839245,1325.260531,4417535.102,0,"{""601288.SH"": 16800.0, ""601988.SH"": 15492.4748}",0.009627817,-0.06841901752,0.9972988323
2023-10-09,V11 LambdaRank Top2 ledger crosscheck,119053.7076,122670.8074,322.0025059,2,2291.839245,1325.260531,4417535.102,0,"{""601288.SH"": 16800.0, ""601988.SH"": 15492.4748}",-0.001299610142,-0.06962970962,0.9972953173
2023-10-10,V11 LambdaRank Top2 ledger crosscheck,118993.2938,122710.8074,99.29375997,2,2356.833399,1360.680242,4535600.807,0,"{""601288.SH"": 16600.0, ""601398.SH"": 12600.0}",-0.0005074505147,-0.0701018265,0.9991655516
2023-10-11,V11 LambdaRank Top2 ledger crosscheck,120161.2938,123878.8074,99.29375997,2,2356.833399,1360.680242,4535600.807,0,"{""601288.SH"": 16600.0, ""601398.SH"": 12600.0}",0.009815679213,-0.06097424433,0.9991736627
2023-10-12,V11 LambdaRank Top2 ledger crosscheck,122005.2938,125722.8074,99.29375997,2,2356.833399,1360.680242,4535600.807,0,"{""601288.SH"": 16600.0, ""601398.SH"": 12600.0}",0.01534603983,-0.04656391768,0.999186152
2023-10-13,V11 LambdaRank Top2 ledger crosscheck,123465.2938,127182.8074,99.29375997,2,2356.833399,1360.680242,4535600.807,0,"{""601288.SH"": 16600.0, ""601398.SH"": 12600.0}",0.01196669386,-0.03515443997,0.9991957759
2023-10-16,V11 LambdaRank Top2 ledger crosscheck,123677.2938,127394.8074,99.29375997,2,2356.833399,1360.680242,4535600.807,0,"{""601288.SH"": 16600.0, ""601398.SH"": 12600.0}",0.001717081728,-0.03349772128,0.9991971545
2023-10-17,V11 LambdaRank Top2 ledger crosscheck,123843.2938,127560.8074,99.29375997,2,2356.833399,1360.680242,4535600.807,0,"{""601288.SH"": 16600.0, ""601398.SH"": 12600.0}",0.001342202719,-0.0322004793,0.9991982306
2023-10-18,V11 LambdaRank Top2 ledger crosscheck,124301.2938,128018.8074,99.29375997,2,2356.833399,1360.680242,4535600.807,0,"{""601288.SH"": 16600.0, ""601398.SH"": 12600.0}",0.003698222052,-0.02862134177,0.9992011848
2023-10-19,V11 LambdaRank Top2 ledger crosscheck,121879.2938,125596.8074,99.29375997,2,2356.833399,1360.680242,4535600.807,0,"{""601288.SH"": 16600.0, ""601398.SH"": 12600.0}",-0.01948491385,-0.04754857124,0.9991853107
2023-10-20,V11 LambdaRank Top2 ledger crosscheck,121209.2938,124926.8074,99.29375997,2,2356.833399,1360.680242,4535600.807,0,"{""601288.SH"": 16600.0, ""601398.SH"": 12600.0}",-0.005497242225,-0.05278442745,0.9991808074
2023-10-23,V11 LambdaRank Top2 ledger crosscheck,121421.2938,125138.8074,99.29375997,2,2356.833399,1360.680242,4535600.807,0,"{""601288.SH"": 16600.0, ""601398.SH"": 12600.0}",0.001749040799,-0.05112770877,0.9991822377
2023-10-24,V11 LambdaRank Top2 ledger crosscheck,119835.2938,123552.8074,99.29375997,2,2356.833399,1360.680242,4535600.807,0,"{""601288.SH"": 16600.0, ""601398.SH"": 12600.0}",-0.01306195932,-0.06352184004,0.9991714147
2023-10-25,V11 LambdaRank Top2 ledger crosscheck,118541.2938,122258.8074,99.29375997,2,2356.833399,1360.680242,4535600.807,0,"{""601288.SH"": 16600.0, ""601398.SH"": 12600.0}",-0.01079815436,-0.07363407576,0.9991623699
2023-10-26,V11 LambdaRank Top2 ledger crosscheck,120545.2938,124262.8074,99.29375997,2,2356.833399,1360.680242,4535600.807,0,"{""601288.SH"": 16600.0, ""601398.SH"": 12600.0}",0.01690550134,-0.0579733954,0.999176295
2023-10-27,V11 LambdaRank Top2 ledger crosscheck,120459.2938,124176.8074,99.29375997,2,2356.833399,1360.680242,4535600.807,0,"{""601288.SH"": 16600.0, ""601398.SH"": 12600.0}",-0.0007134247826,-0.05864546052,0.9991757069
2023-10-30,V11 LambdaRank Top2 ledger crosscheck,118289.2938,122006.8074,99.29375997,2,2356.833399,1360.680242,4535600.807,0,"{""601288.SH"": 16600.0, ""601398.SH"": 12600.0}",-0.01801438421,-0.07560338288,0.9991605854
2023-10-31,V11 LambdaRank Top2 ledger crosscheck,119291.2938,123008.8074,99.29375997,2,2356.833399,1360.680242,4535600.807,0,"{""601288.SH"": 16600.0, ""601398.SH"": 12600.0}",0.008470758157,-0.06777304269,0.9991676362
2023-11-01,V11 LambdaRank Top2 ledger crosscheck,120293.2938,124010.8074,99.29375997,2,2356.833399,1360.680242,4535600.807,0,"{""601288.SH"": 16600.0, ""601398.SH"": 12600.0}",0.008399607116,-0.05994270251,0.9991745694
2023-11-02,V11 LambdaRank Top2 ledger crosscheck,121556.0516,125370.8074,570.0515585,2,2418.1092,1396.646642,4655488.807,0,"{""601288.SH"": 16600.0, ""601939.SH"": 9500.0}",0.01049732499,-0.05007461555,0.9953103811
2023-11-03,V11 LambdaRank Top2 ledger crosscheck,120512.0516,124326.8074,570.0515585,2,2418.1092,1396.646642,4655488.807,0,"{""601288.SH"": 16600.0, ""601939.SH"": 9500.0}",-0.008588630402,-0.05823317359,0.9952697548
2023-11-06,V11 LambdaRank Top2 ledger crosscheck,118898.0516,122712.8074,570.0515585,2,2418.1092,1396.646642,4655488.807,0,"{""601288.SH"": 16600.0, ""601939.SH"": 9500.0}",-0.01339285141,-0.07084611676,0.9952055433
2023-11-07,V11 LambdaRank Top2 ledger crosscheck,119871.0516,123685.8074,570.0515585,2,2418.1092,1396.646642,4655488.807,0,"{""601288.SH"": 16600.0, ""601939.SH"": 9500.0}",0.008183481455,-0.06324240318,0.9952444602
2023-11-08,V11 LambdaRank Top2 ledger crosscheck,119800.0516,123614.8074,570.0515585,2,2418.1092,1396.646642,4655488.807,0,"{""601288.SH"": 16600.0, ""601939.SH"": 9500.0}",-0.0005923031381,-0.06379724765,0.9952416418
2023-11-09,V11 LambdaRank Top2 ledger crosscheck,121438.0516,125252.8074,570.0515585,2,2418.1092,1396.646642,4655488.807,0,"{""601288.SH"": 16600.0, ""601939.SH"": 9500.0}",0.0136727821,-0.05099675142,0.9953058242
2023-11-10,V11 LambdaRank Top2 ledger crosscheck,121723.0516,125537.8074,570.0515585,2,2418.1092,1396.646642,4655488.807,0,"{""601288.SH"": 16600.0, ""601939.SH"": 9500.0}",0.002346875599,-0.04876955885,0.9953168151
2023-11-13,V11 LambdaRank Top2 ledger crosscheck,121177.0516,124991.8074,570.0515585,2,2418.1092,1396.646642,4655488.807,0,"{""601288.SH"": 16600.0, ""601939.SH"": 9500.0}",-0.004485592441,-0.05303639093,0.9952957136
2023-11-14,V11 LambdaRank Top2 ledger crosscheck,121343.0516,125157.8074,570.0515585,2,2418.1092,1396.646642,4655488.807,0,"{""601288.SH"": 16600.0, ""601939.SH"": 9500.0}",0.001369896345,-0.05173914894,0.9953021491
2023-11-15,V11 LambdaRank Top2 ledger crosscheck,121082.0516,124896.8074,570.0515585,2,2418.1092,1396.646642,4655488.807,0,"{""601288.SH"": 16600.0, ""601939.SH"": 9500.0}",-0.002150926622,-0.05377878845,0.9952920226
2023-11-16,V11 LambdaRank Top2 ledger crosscheck,121960.0516,125774.8074,570.0515585,2,2418.1092,1396.646642,4655488.807,0,"{""601288.SH"": 16600.0, ""601939.SH"": 9500.0}",0.007251281166,-0.0469174724,0.9953259157
2023-11-17,V11 LambdaRank Top2 ledger crosscheck,121438.0516,125252.8074,570.0515585,2,2418.1092,1396.646642,4655488.807,0,"{""601288.SH"": 16600.0, ""601939.SH"": 9500.0}",-0.004280090024,-0.05099675142,0.9953058242
2023-11-20,V11 LambdaRank Top2 ledger crosscheck,121865.0516,125679.8074,570.0515585,2,2418.1092,1396.646642,4655488.807,0,"{""601288.SH"": 16600.0, ""601939.SH"": 9500.0}",0.003516196073,-0.04765986992,0.995322272
2023-11-21,V11 LambdaRank Top2 ledger crosscheck,122292.0516,126106.8074,570.0515585,2,2418.1092,1396.646642,4655488.807,0,"{""601288.SH"": 16600.0, ""601939.SH"": 9500.0}",0.003503875759,-0.04432298843,0.995338605
2023-11-22,V11 LambdaRank Top2 ledger crosscheck,121841.0516,125655.8074,570.0515585,2,2418.1092,1396.646642,4655488.807,0,"{""601288.SH"": 16600.0, ""601939.SH"": 9500.0}",-0.003687892993,-0.04784742298,0.9953213506
2023-11-23,V11 LambdaRank Top2 ledger crosscheck,121746.0516,125560.8074,570.0515585,2,2418.1092,1396.646642,4655488.807,0,"{""601288.SH"": 16600.0, ""601939.SH"": 9500.0}",-0.0007797043672,-0.0485898205,0.9953176998
2023-11-24,V11 LambdaRank Top2 ledger crosscheck,122126.0516,125940.8074,570.0515585,2,2418.1092,1396.646642,4655488.807,0,"{""601288.SH"": 16600.0, ""601939.SH"": 9500.0}",0.003121251122,-0.04562023041,0.995332269
2023-11-27,V11 LambdaRank Top2 ledger crosscheck,121248.0516,125062.8074,570.0515585,2,2418.1092,1396.646642,4655488.807,0,"{""601288.SH"": 16600.0, ""601939.SH"": 9500.0}",-0.007189293265,-0.05248154646,0.9952984683
2023-11-28,V11 LambdaRank Top2 ledger crosscheck,121509.0516,125323.8074,570.0515585,2,2418.1092,1396.646642,4655488.807,0,"{""601288.SH"": 16600.0, ""601939.SH"": 9500.0}",0.002152611911,-0.05044190695,0.9953085671
2023-11-29,V11 LambdaRank Top2 ledger crosscheck,121058.0516,124872.8074,570.0515585,2,2418.1092,1396.646642,4655488.807,0,"{""601288.SH"": 16600.0, ""601939.SH"": 9500.0}",-0.003711657644,-0.05396634151,0.9952910893
2023-11-30,V11 LambdaRank Top2 ledger crosscheck,122126.0516,125940.8074,570.0515585,2,2418.1092,1396.646642,4655488.807,0,"{""601288.SH"": 16600.0, ""601939.SH"": 9500.0}",0.008822213692,-0.04562023041,0.995332269
2023-12-01,V11 LambdaRank Top2 ledger crosscheck,121770.0516,125584.8074,570.0515585,2,2418.1092,1396.646642,4655488.807,0,"{""601288.SH"": 16600.0, ""601939.SH"": 9500.0}",-0.00291502096,-0.04840226744,0.9953186227
2023-12-04,V11 LambdaRank Top2 ledger crosscheck,121379.8747,125292.8074,475.8746903,2,2479.921268,1433.011442,4776704.807,0,"{""601288.SH"": 16600.0, ""601398.SH"": 12600.0}",-0.003204210421,-0.05145138682,0.9960794597
2023-12-05,V11 LambdaRank Top2 ledger crosscheck,120377.8747,124290.8074,475.8746903,2,2479.921268,1433.011442,4776704.807,0,"{""601288.SH"": 16600.0, ""601398.SH"": 12600.0}",-0.008255075255,-0.059281727,0.996046826
2023-12-06,V11 LambdaRank Top2 ledger crosscheck,118293.8747,122206.8074,475.8746903,2,2479.921268,1433.011442,4776704.807,0,"{""601288.SH"": 16600.0, ""601398.SH"": 12600.0}",-0.01731215147,-0.07556758423,0.9959771823
2023-12-07,V11 LambdaRank Top2 ledger crosscheck,119169.8747,123082.8074,475.8746903,2,2479.921268,1433.011442,4776704.807,0,"{""601288.SH"": 16600.0, ""601398.SH"": 12600.0}",0.007405286219,-0.0687218976,0.9960067535
2023-12-08,V11 LambdaRank Top2 ledger crosscheck,119335.8747,123248.8074,475.8746903,2,2479.921268,1433.011442,4776704.807,0,"{""601288.SH"": 16600.0, ""601398.SH"": 12600.0}",0.001392969494,-0.06742465562,0.9960123082
2023-12-11,V11 LambdaRank Top2 ledger crosscheck,119003.8747,122916.8074,475.8746903,2,2479.921268,1433.011442,4776704.807,0,"{""601288.SH"": 16600.0, ""601398.SH"": 12600.0}",-0.002782063657,-0.07001913959,0.9960011832
2023-12-12,V11 LambdaRank Top2 ledger crosscheck,120921.8747,124834.8074,475.8746903,2,2479.921268,1433.011442,4776704.807,0,"{""601288.SH"": 16600.0, ""601398.SH"": 12600.0}",0.01611712228,-0.05503052435,0.9960646104
2023-12-13,V11 LambdaRank Top2 ledger crosscheck,120921.8747,124834.8074,475.8746903,2,2479.921268,1433.011442,4776704.807,0,"{""601288.SH"": 16600.0, ""601398.SH"": 12600.0}",0,-0.05503052435,0.9960646104
2023-12-14,V11 LambdaRank Top2 ledger crosscheck,120669.8747,124582.8074,475.8746903,2,2479.921268,1433.011442,4776704.807,0,"{""601288.SH"": 16600.0, ""601398.SH"": 12600.0}",-0.002083990185,-0.05699983146,0.9960563919
2023-12-15,V11 LambdaRank Top2 ledger crosscheck,119501.8747,123414.8074,475.8746903,2,2479.921268,1433.011442,4776704.807,0,"{""601288.SH"": 16600.0, ""601398.SH"": 12600.0}",-0.009679300679,-0.06612741363,0.9960178475
2023-12-18,V11 LambdaRank Top2 ledger crosscheck,120669.8747,124582.8074,475.8746903,2,2479.921268,1433.011442,4776704.807,0,"{""601288.SH"": 16600.0, ""601398.SH"": 12600.0}",0.009773905246,-0.05699983146,0.9960563919
2023-12-19,V11 LambdaRank Top2 ledger crosscheck,121253.8747,125166.8074,475.8746903,2,2479.921268,1433.011442,4776704.807,0,"{""601288.SH"": 16600.0, ""601398.SH"": 12600.0}",0.004839650339,-0.05243604037,0.9960753857
2023-12-20,V11 LambdaRank Top2 ledger crosscheck,121087.8747,125000.8074,475.8746903,2,2479.921268,1433.011442,4776704.807,0,"{""601288.SH"": 16600.0, ""601398.SH"": 12600.0}",-0.001369028416,-0.05373328236,0.9960700054
2023-12-21,V11 LambdaRank Top2 ledger crosscheck,120755.8747,124668.8074,475.8746903,2,2479.921268,1433.011442,4776704.807,0,"{""601288.SH"": 16600.0, ""601398.SH"": 12600.0}",-0.002741810448,-0.05632776633,0.9960592005
2023-12-22,V11 LambdaRank Top2 ledger crosscheck,120961.8747,124874.8074,475.8746903,2,2479.921268,1433.011442,4776704.807,0,"{""601288.SH"": 16600.0, ""601398.SH"": 12600.0}",0.001705921145,-0.05471793592,0.9960659117
2023-12-25,V11 LambdaRank Top2 ledger crosscheck,121711.8747,125624.8074,475.8746903,2,2479.921268,1433.011442,4776704.807,0,"{""601288.SH"": 16600.0, ""601398.SH"": 12600.0}",0.00620030073,-0.04885690284,0.996090154
2023-12-26,V11 LambdaRank Top2 ledger crosscheck,122129.8747,126042.8074,475.8746903,2,2479.921268,1433.011442,4776704.807,0,"{""601288.SH"": 16600.0, ""601398.SH"": 12600.0}",0.003434340331,-0.04559035374,0.9961035358
2023-12-27,V11 LambdaRank Top2 ledger crosscheck,122587.8747,126500.8074,475.8746903,2,2479.921268,1433.011442,4776704.807,0,"{""601288.SH"": 16600.0, ""601398.SH"": 12600.0}",0.003750106198,-0.04201121621,0.9961180933
2023-12-28,V11 LambdaRank Top2 ledger crosscheck,120835.8747,124748.8074,475.8746903,2,2479.921268,1433.011442,4776704.807,0,"{""601288.SH"": 16600.0, ""601398.SH"": 12600.0}",-0.01429178868,-0.05570258947,0.9960618095
2023-12-29,V11 LambdaRank Top2 ledger crosscheck,121127.8747,125040.8074,475.8746903,2,2479.921268,1433.011442,4776704.807,0,"{""601288.SH"": 16600.0, ""601398.SH"": 12600.0}",0.0024165009,-0.05342069393,0.9960713032
2024-01-02,V11 LambdaRank Top2 ledger crosscheck,121585.8747,125498.8074,475.8746903,2,2479.921268,1433.011442,4776704.807,0,"{""601288.SH"": 16600.0, ""601398.SH"": 12600.0}",0.003781128012,-0.0498415564,0.9960861022
2024-01-03,V11 LambdaRank Top2 ledger crosscheck,123211.8747,127124.8074,475.8746903,2,2479.921268,1433.011442,4776704.807,0,"{""601288.SH"": 16600.0, ""601398.SH"": 12600.0}",0.01337326399,-0.0371348367,0.996137753
2024-01-04,V11 LambdaRank Top2 ledger crosscheck,124671.8747,128584.8074,475.8746903,2,2479.921268,1433.011442,4776704.807,0,"{""601288.SH"": 16600.0, ""601398.SH"": 12600.0}",0.01184950723,-0.02572535898,0.9961829828
2024-01-05,V11 LambdaRank Top2 ledger crosscheck,123755.8747,127668.8074,475.8746903,2,2479.921268,1433.011442,4776704.807,0,"{""601288.SH"": 16600.0, ""601398.SH"": 12600.0}",-0.007347286646,-0.03288363404,0.9961547305
2024-01-08,V11 LambdaRank Top2 ledger crosscheck,123715.8747,127628.8074,475.8746903,2,2479.921268,1433.011442,4776704.807,0,"{""601288.SH"": 16600.0, ""601398.SH"": 12600.0}",-0.0003232169794,-0.03319622247,0.9961534872
2024-01-09,V11 LambdaRank Top2 ledger crosscheck,123715.8747,127628.8074,475.8746903,2,2479.921268,1433.011442,4776704.807,0,"{""601288.SH"": 16600.0, ""601398.SH"": 12600.0}",0,-0.03319622247,0.9961534872
2024-01-10,V11 LambdaRank Top2 ledger crosscheck,123171.8747,127084.8074,475.8746903,2,2479.921268,1433.011442,4776704.807,0,"{""601288.SH"": 16600.0, ""601398.SH"": 12600.0}",-0.00439717216,-0.03744742513,0.9961364988
2024-01-11,V11 LambdaRank Top2 ledger crosscheck,121293.8747,125206.8074,475.8746903,2,2479.921268,1433.011442,4776704.807,0,"{""601288.SH"": 16600.0, ""601398.SH"": 12600.0}",-0.01524698723,-0.05212345194,0.99607668
2024-01-12,V11 LambdaRank Top2 ledger crosscheck,122501.8747,126414.8074,475.8746903,2,2479.921268,1433.011442,4776704.807,0,"{""601288.SH"": 16600.0, ""601398.SH"": 12600.0}",0.0099592828,-0.04268328134,0.9961153681
2024-01-15,V11 LambdaRank Top2 ledger crosscheck,123297.8747,127210.8074,475.8746903,2,2479.921268,1433.011442,4776704.807,0,"{""601288.SH"": 16600.0, ""601398.SH"": 12600.0}",0.006497859743,-0.03646277157,0.9961404469
2024-01-16,V11 LambdaRank Top2 ledger crosscheck,124173.8747,128086.8074,475.8746903,2,2479.921268,1433.011442,4776704.807,0,"{""601288.SH"": 16600.0, ""601398.SH"": 12600.0}",0.007104745335,-0.02961708494,0.9961676746
2024-01-17,V11 LambdaRank Top2 ledger crosscheck,122879.8747,126792.8074,475.8746903,2,2479.921268,1433.011442,4776704.807,0,"{""601288.SH"": 16600.0, ""601398.SH"": 12600.0}",-0.01042087157,-0.03972932067,0.9961273179
2024-01-18,V11 LambdaRank Top2 ledger crosscheck,122839.8747,126752.8074,475.8746903,2,2479.921268,1433.011442,4776704.807,0,"{""601288.SH"": 16600.0, ""601398.SH"": 12600.0}",-0.0003255211653,-0.0400419091,0.9961260569
2024-01-19,V11 LambdaRank Top2 ledger crosscheck,123177.8747,127090.8074,475.8746903,2,2479.921268,1433.011442,4776704.807,0,"{""601288.SH"": 16600.0, ""601398.SH"": 12600.0}",0.002751549534,-0.03740053686,0.996136687
2024-01-22,V11 LambdaRank Top2 ledger crosscheck,123177.8747,127090.8074,475.8746903,2,2479.921268,1433.011442,4776704.807,0,"{""601288.SH"": 16600.0, ""601398.SH"": 12600.0}",0,-0.03740053686,0.996136687
2024-01-23,V11 LambdaRank Top2 ledger crosscheck,123177.8747,127090.8074,475.8746903,2,2479.921268,1433.011442,4776704.807,0,"{""601288.SH"": 16600.0, ""601398.SH"": 12600.0}",0,-0.03740053686,0.996136687
2024-01-24,V11 LambdaRank Top2 ledger crosscheck,125347.8747,129260.8074,475.8746903,2,2479.921268,1433.011442,4776704.807,0,"{""601288.SH"": 16600.0, ""601398.SH"": 12600.0}",0.01761680014,-0.02044261451,0.9962035679
2024-01-25,V11 LambdaRank Top2 ledger crosscheck,126681.8747,130594.8074,475.8746903,2,2479.921268,1433.011442,4776704.807,0,"{""601288.SH"": 16600.0, ""601398.SH"": 12600.0}",0.01064238228,-0.01001779035,0.9962435456
2024-01-26,V11 LambdaRank Top2 ledger crosscheck,128685.8747,132598.8074,475.8746903,2,2479.921268,1433.011442,4776704.807,0,"{""601288.SH"": 16600.0, ""601398.SH"": 12600.0}",0.01581915333,0,0.9963020441
2024-01-29,V11 LambdaRank Top2 ledger crosscheck,130397.8747,134310.8074,475.8746903,2,2479.921268,1433.011442,4776704.807,0,"{""601288.SH"": 16600.0, ""601398.SH"": 12600.0}",0.01330371343,0,0.9963505947
2024-01-30,V11 LambdaRank Top2 ledger crosscheck,129521.8747,133434.8074,475.8746903,2,2479.921268,1433.011442,4776704.807,0,"{""601288.SH"": 16600.0, ""601398.SH"": 12600.0}",-0.006717900902,-0.006717900902,0.9963259126
2024-01-31,V11 LambdaRank Top2 ledger crosscheck,130191.8747,134104.8074,475.8746903,2,2479.921268,1433.011442,4776704.807,0,"{""601288.SH"": 16600.0, ""601398.SH"": 12600.0}",0.00517287139,-0.001579780349,0.9963448204
2024-02-01,V11 LambdaRank Top2 ledger crosscheck,129813.8747,133726.8074,475.8746903,2,2479.921268,1433.011442,4776704.807,0,"{""601288.SH"": 16600.0, ""601398.SH"": 12600.0}",-0.002903406998,-0.004478600601,0.996334177
2024-02-02,V11 LambdaRank Top2 ledger crosscheck,130866.5458,134988.8074,586.5457559,2,2611.743403,1510.518242,5035060.807,0,"{""601939.SH"": 9400.0, ""601988.SH"": 15100.0}",0.008109079774,0,0.9955179855
2024-02-05,V11 LambdaRank Top2 ledger crosscheck,133712.5458,137834.8074,586.5457559,2,2611.743403,1510.518242,5035060.807,0,"{""601939.SH"": 9400.0, ""601988.SH"": 15100.0}",0.02174734562,0,0.9956133828
2024-02-06,V11 LambdaRank Top2 ledger crosscheck,134202.5458,138324.8074,586.5457559,2,2611.743403,1510.518242,5035060.807,0,"{""601939.SH"": 9400.0, ""601988.SH"": 15100.0}",0.0036645776,0,0.9956293992
2024-02-07,V11 LambdaRank Top2 ledger crosscheck,130943.5458,135065.8074,586.5457559,2,2611.743403,1510.518242,5035060.807,0,"{""601939.SH"": 9400.0, ""601988.SH"": 15100.0}",-0.02428418911,-0.02428418911,0.9955206211
2024-02-08,V11 LambdaRank Top2 ledger crosscheck,129587.5458,133709.8074,586.5457559,2,2611.743403,1510.518242,5035060.807,0,"{""601939.SH"": 9400.0, ""601988.SH"": 15100.0}",-0.01035560777,-0.03438831934,0.995473749
2024-02-19,V11 LambdaRank Top2 ledger crosscheck,134863.5458,138985.8074,586.5457559,2,2611.743403,1510.518242,5035060.807,0,"{""601939.SH"": 9400.0, ""601988.SH"": 15100.0}",0.04071378904,0,0.9956508206
2024-02-20,V11 LambdaRank Top2 ledger crosscheck,135823.5458,139945.8074,586.5457559,2,2611.743403,1510.518242,5035060.807,0,"{""601939.SH"": 9400.0, ""601988.SH"": 15100.0}",0.007118306097,0,0.9956815606
2024-02-21,V11 LambdaRank Top2 ledger crosscheck,136746.5458,140868.8074,586.5457559,2,2611.743403,1510.518242,5035060.807,0,"{""601939.SH"": 9400.0, ""601988.SH"": 15100.0}",0.006795581686,0,0.9957107088
2024-02-22,V11 LambdaRank Top2 ledger crosscheck,136652.5458,140774.8074,586.5457559,2,2611.743403,1510.518242,5035060.807,0,"{""601939.SH"": 9400.0, ""601988.SH"": 15100.0}",-0.0006874031039,-0.0006874031039,0.9957077583
2024-02-23,V11 LambdaRank Top2 ledger crosscheck,137632.5458,141754.8074,586.5457559,2,2611.743403,1510.518242,5035060.807,0,"{""601939.SH"": 9400.0, ""601988.SH"": 15100.0}",0.007171472691,0,0.9957383208
2024-02-26,V11 LambdaRank Top2 ledger crosscheck,133356.5458,137478.8074,586.5457559,2,2611.743403,1510.518242,5035060.807,0,"{""601939.SH"": 9400.0, ""601988.SH"": 15100.0}",-0.031068233,-0.031068233,0.9956016725
2024-02-27,V11 LambdaRank Top2 ledger crosscheck,133638.5458,137760.8074,586.5457559,2,2611.743403,1510.518242,5035060.807,0,"{""601939.SH"": 9400.0, ""601988.SH"": 15100.0}",0.002114631857,-0.02901929902,0.9956109538
2024-02-28,V11 LambdaRank Top2 ledger crosscheck,133262.5458,137384.8074,586.5457559,2,2611.743403,1510.518242,5035060.807,0,"{""601939.SH"": 9400.0, ""601988.SH"": 15100.0}",-0.0028135595,-0.03175121099,0.9955985701
2024-02-29,V11 LambdaRank Top2 ledger crosscheck,133883.5458,138005.8074,586.5457559,2,2611.743403,1510.518242,5035060.807,0,"{""601939.SH"": 9400.0, ""601988.SH"": 15100.0}",0.004659974012,-0.0272391968,0.9956189855
2024-03-01,V11 LambdaRank Top2 ledger crosscheck,134316.5458,138438.8074,586.5457559,2,2611.743403,1510.518242,5035060.807,0,"{""601939.SH"": 9400.0, ""601988.SH"": 15100.0}",0.003234153962,-0.02409313859,0.9956331087
2024-03-04,V11 LambdaRank Top2 ledger crosscheck,133767.276,138003.8074,275.2759578,2,2685.455901,1551.075542,5170251.807,0,"{""601288.SH"": 15800.0, ""601939.SH"": 9500.0}",-0.004089368105,-0.02808398099,0.9979421278
2024-03-05,V11 LambdaRank Top2 ledger crosscheck,136677.276,140913.8074,275.2759578,2,2685.455901,1551.075542,5170251.807,0,"{""601288.SH"": 15800.0, ""601939.SH"": 9500.0}",0.02175419944,-0.006940726068,0.997985942
2024-03-06,V11 LambdaRank Top2 ledger crosscheck,134653.276,138889.8074,275.2759578,2,2685.455901,1551.075542,5170251.807,0,"{""601288.SH"": 15800.0, ""601939.SH"": 9500.0}",-0.01480860652,-0.02164655011,0.9979556683
2024-03-07,V11 LambdaRank Top2 ledger crosscheck,135349.276,139585.8074,275.2759578,2,2685.455901,1551.075542,5170251.807,0,"{""601288.SH"": 15800.0, ""601939.SH"": 9500.0}",0.005168830799,-0.01658960666,0.9979661808
2024-03-08,V11 LambdaRank Top2 ledger crosscheck,135286.276,139522.8074,275.2759578,2,2685.455901,1551.075542,5170251.807,0,"{""601288.SH"": 15800.0, ""601939.SH"": 9500.0}",-0.0004654624087,-0.01704734723,0.9979652337
2024-03-11,V11 LambdaRank Top2 ledger crosscheck,134432.276,138668.8074,275.2759578,2,2685.455901,1551.075542,5170251.807,0,"{""601288.SH"": 15800.0, ""601939.SH"": 9500.0}",-0.00631253979,-0.02325227497,0.9979523075
2024-03-12,V11 LambdaRank Top2 ledger crosscheck,130952.276,135188.8074,275.2759578,2,2685.455901,1551.075542,5170251.807,0,"{""601288.SH"": 15800.0, ""601939.SH"": 9500.0}",-0.02588664051,-0.04853699219,0.997897891
2024-03-13,V11 LambdaRank Top2 ledger crosscheck,130541.276,134777.8074,275.2759578,2,2685.455901,1551.075542,5170251.807,0,"{""601288.SH"": 15800.0, ""601939.SH"": 9500.0}",-0.003138547971,-0.05152320448,0.9978912727
2024-03-14,V11 LambdaRank Top2 ledger crosscheck,131173.276,135409.8074,275.2759578,2,2685.455901,1551.075542,5170251.807,0,"{""601288.SH"": 15800.0, ""601939.SH"": 9500.0}",0.004841380593,-0.04693126733,0.9979014326
2024-03-15,V11 LambdaRank Top2 ledger crosscheck,130888.276,135124.8074,275.2759578,2,2685.455901,1551.075542,5170251.807,0,"{""601288.SH"": 15800.0, ""601939.SH"": 9500.0}",-0.002172698653,-0.04900199848,0.9978968631
2024-03-18,V11 LambdaRank Top2 ledger crosscheck,129939.276,134175.8074,275.2759578,2,2685.455901,1551.075542,5170251.807,0,"{""601288.SH"": 15800.0, ""601939.SH"": 9500.0}",-0.007250458401,-0.05589716993,0.9978815031
2024-03-19,V11 LambdaRank Top2 ledger crosscheck,128737.276,132973.8074,275.2759578,2,2685.455901,1551.075542,5170251.807,0,"{""601288.SH"": 15800.0, ""601939.SH"": 9500.0}",-0.009250474817,-0.06463056939,0.997861723
2024-03-20,V11 LambdaRank Top2 ledger crosscheck,129559.276,133795.8074,275.2759578,2,2685.455901,1551.075542,5170251.807,0,"{""601288.SH"": 15800.0, ""601939.SH"": 9500.0}",0.006385097043,-0.0586581448,0.9978752895
2024-03-21,V11 LambdaRank Top2 ledger crosscheck,129907.276,134143.8074,275.2759578,2,2685.455901,1551.075542,5170251.807,0,"{""601288.SH"": 15800.0, ""601939.SH"": 9500.0}",0.002686029213,-0.05612967308,0.9978809812
2024-03-22,V11 LambdaRank Top2 ledger crosscheck,131489.276,135725.8074,275.2759578,2,2685.455901,1551.075542,5170251.807,0,"{""601288.SH"": 15800.0, ""601939.SH"": 9500.0}",0.01217791681,-0.04463529875,0.997906476
2024-03-25,V11 LambdaRank Top2 ledger crosscheck,131868.276,136104.8074,275.2759578,2,2685.455901,1551.075542,5170251.807,0,"{""601288.SH"": 15800.0, ""601939.SH"": 9500.0}",0.002882364339,-0.04188158961,0.9979124929
2024-03-26,V11 LambdaRank Top2 ledger crosscheck,133039.276,137275.8074,275.2759578,2,2685.455901,1551.075542,5170251.807,0,"{""601288.SH"": 15800.0, ""601939.SH"": 9500.0}",0.00888007363,-0.03337342758,0.997930867
2024-03-27,V11 LambdaRank Top2 ledger crosscheck,133924.276,138160.8074,275.2759578,2,2685.455901,1551.075542,5170251.807,0,"{""601288.SH"": 15800.0, ""601939.SH"": 9500.0}",0.006652170899,-0.02694326242,0.9979445403
2024-03-28,V11 LambdaRank Top2 ledger crosscheck,131046.276,135282.8074,275.2759578,2,2685.455901,1551.075542,5170251.807,0,"{""601288.SH"": 15800.0, ""601939.SH"": 9500.0}",-0.0214897559,-0.04785401419,0.9978993989
2024-03-29,V11 LambdaRank Top2 ledger crosscheck,132374.276,136610.8074,275.2759578,2,2685.455901,1551.075542,5170251.807,0,"{""601288.SH"": 15800.0, ""601939.SH"": 9500.0}",0.01013382479,-0.0382051336,0.9979204724
2024-04-01,V11 LambdaRank Top2 ledger crosscheck,132754.276,136990.8074,275.2759578,2,2685.455901,1551.075542,5170251.807,0,"{""601288.SH"": 15800.0, ""601939.SH"": 9500.0}",0.002870648374,-0.03544415873,0.9979264249
2024-04-02,V11 LambdaRank Top2 ledger crosscheck,133895.3295,138243.8074,106.3295018,2,2757.744457,1590.733442,5302444.807,0,"{""601288.SH"": 15700.0, ""601398.SH"": 12500.0}",0.008595230065,-0.02715357936,0.9992058759
2024-04-03,V11 LambdaRank Top2 ledger crosscheck,134084.3295,138432.8074,106.3295018,2,2757.744457,1590.733442,5302444.807,0,"{""601288.SH"": 15700.0, ""601398.SH"": 12500.0}",0.001411550356,-0.02578035765,0.9992069953
2024-04-08,V11 LambdaRank Top2 ledger crosscheck,135744.3295,140092.8074,106.3295018,2,2757.744457,1590.733442,5302444.807,0,"{""601288.SH"": 15700.0, ""601398.SH"": 12500.0}",0.01238026849,-0.01371925691,0.9992166929
2024-04-09,V11 LambdaRank Top2 ledger crosscheck,133927.3295,138275.8074,106.3295018,2,2757.744457,1590.733442,5302444.807,0,"{""601288.SH"": 15700.0, ""601398.SH"": 12500.0}",-0.01338545784,-0.02692107622,0.9992060657
2024-04-10,V11 LambdaRank Top2 ledger crosscheck,134209.3295,138557.8074,106.3295018,2,2757.744457,1590.733442,5302444.807,0,"{""601288.SH"": 15700.0, ""601398.SH"": 12500.0}",0.002105619526,-0.02487214223,0.9992077339
2024-04-11,V11 LambdaRank Top2 ledger crosscheck,133645.3295,137993.8074,106.3295018,2,2757.744457,1590.733442,5302444.807,0,"{""601288.SH"": 15700.0, ""601398.SH"": 12500.0}",-0.004202390416,-0.0289700102,0.9992043904
2024-04-12,V11 LambdaRank Top2 ledger crosscheck,133802.3295,138150.8074,106.3295018,2,2757.744457,1590.733442,5302444.807,0,"{""601288.SH"": 15700.0, ""601398.SH"": 12500.0}",0.001174751116,-0.02782929163,0.999205324
2024-04-15,V11 LambdaRank Top2 ledger crosscheck,136465.3295,140813.8074,106.3295018,2,2757.744457,1590.733442,5302444.807,0,"{""601288.SH"": 15700.0, ""601398.SH"": 12500.0}",0.01990249355,-0.00848067038,0.9992208314
2024-04-16,V11 LambdaRank Top2 ledger crosscheck,138032.3295,142380.8074,106.3295018,2,2757.744457,1590.733442,5302444.807,0,"{""601288.SH"": 15700.0, ""601398.SH"": 12500.0}",0.01148277006,0,0.9992296768
2024-04-17,V11 LambdaRank Top2 ledger crosscheck,138878.3295,143226.8074,106.3295018,2,2757.744457,1590.733442,5302444.807,0,"{""601288.SH"": 15700.0, ""601398.SH"": 12500.0}",0.006128998931,0,0.9992343694
2024-04-18,V11 LambdaRank Top2 ledger crosscheck,139599.3295,143947.8074,106.3295018,2,2757.744457,1590.733442,5302444.807,0,"{""601288.SH"": 15700.0, ""601398.SH"": 12500.0}",0.005191594704,0,0.9992383237
2024-04-19,V11 LambdaRank Top2 ledger crosscheck,140759.3295,145107.8074,106.3295018,2,2757.744457,1590.733442,5302444.807,0,"{""601288.SH"": 15700.0, ""601398.SH"": 12500.0}",0.008309495498,0,0.9992446007
2024-04-22,V11 LambdaRank Top2 ledger crosscheck,139256.3295,143604.8074,106.3295018,2,2757.744457,1590.733442,5302444.807,0,"{""601288.SH"": 15700.0, ""601398.SH"": 12500.0}",-0.01067780022,-0.01067780022,0.9992364476
2024-04-23,V11 LambdaRank Top2 ledger crosscheck,139506.3295,143854.8074,106.3295018,2,2757.744457,1590.733442,5302444.807,0,"{""601288.SH"": 15700.0, ""601398.SH"": 12500.0}",0.001795250535,-0.008901719015,0.9992378159
2024-04-24,V11 LambdaRank Top2 ledger crosscheck,138974.3295,143322.8074,106.3295018,2,2757.744457,1590.733442,5302444.807,0,"{""601288.SH"": 15700.0, ""601398.SH"": 12500.0}",-0.003813447045,-0.01268121983,0.9992348983
2024-04-25,V11 LambdaRank Top2 ledger crosscheck,140166.3295,144514.8074,106.3295018,2,2757.744457,1590.733442,5302444.807,0,"{""601288.SH"": 15700.0, ""601398.SH"": 12500.0}",0.00857712359,-0.004212864626,0.9992414048
2024-04-26,V11 LambdaRank Top2 ledger crosscheck,137471.3295,141819.8074,106.3295018,2,2757.744457,1590.733442,5302444.807,0,"{""601288.SH"": 15700.0, ""601398.SH"": 12500.0}",-0.01922715683,-0.02335902005,0.9992265333
2024-04-29,V11 LambdaRank Top2 ledger crosscheck,136593.3295,140941.8074,106.3295018,2,2757.744457,1590.733442,5302444.807,0,"{""601288.SH"": 15700.0, ""601398.SH"": 12500.0}",-0.006386786272,-0.02959661725,0.9992215615
2024-04-30,V11 LambdaRank Top2 ledger crosscheck,137061.3295,141409.8074,106.3295018,2,2757.744457,1590.733442,5302444.807,0,"{""601288.SH"": 15700.0, ""601398.SH"": 12500.0}",0.003426228804,-0.02627179323,0.9992242195
2024-05-06,V11 LambdaRank Top2 ledger crosscheck,135526.3295,139874.8074,106.3295018,2,2757.744457,1590.733442,5302444.807,0,"{""601288.SH"": 15700.0, ""601398.SH"": 12500.0}",-0.01119936605,-0.03717693185,0.9992154329
2024-05-07,V11 LambdaRank Top2 ledger crosscheck,136362.978,140716.8074,534.9780282,2,2762.96573,1590.863642,5302878.807,0,"{""601288.SH"": 15600.0, ""601398.SH"": 12500.0}",0.006173328308,-0.03123310895,0.9960768089
2024-05-08,V11 LambdaRank Top2 ledger crosscheck,137267.978,141621.8074,534.9780282,2,2762.96573,1590.863642,5302878.807,0,"{""601288.SH"": 15600.0, ""601398.SH"": 12500.0}",0.006636698707,-0.02480369497,0.9961026742
2024-05-09,V11 LambdaRank Top2 ledger crosscheck,136112.978,140466.8074,534.9780282,2,2762.96573,1590.863642,5302878.807,0,"{""601288.SH"": 15600.0, ""601398.SH"": 12500.0}",-0.008414198392,-0.03300919015,0.9960696031
2024-05-10,V11 LambdaRank Top2 ledger crosscheck,136206.978,140560.8074,534.9780282,2,2762.96573,1590.863642,5302878.807,0,"{""601288.SH"": 15600.0, ""601398.SH"": 12500.0}",0.0006906027725,-0.03234138362,0.9960723156
2024-05-13,V11 LambdaRank Top2 ledger crosscheck,136487.978,140841.8074,534.9780282,2,2762.96573,1590.863642,5302878.807,0,"{""601288.SH"": 15600.0, ""601398.SH"": 12500.0}",0.002063036741,-0.03034506834,0.9960804018
2024-05-14,V11 LambdaRank Top2 ledger crosscheck,135363.978,139717.8074,534.9780282,2,2762.96573,1590.863642,5302878.807,0,"{""601288.SH"": 15600.0, ""601398.SH"": 12500.0}",-0.00823515753,-0.03833032945,0.9960478553
2024-05-15,V11 LambdaRank Top2 ledger crosscheck,135488.978,139842.8074,534.9780282,2,2762.96573,1590.863642,5302878.807,0,"{""601288.SH"": 15600.0, ""601398.SH"": 12500.0}",0.0009234362186,-0.03744228885,0.9960515015
2024-05-16,V11 LambdaRank Top2 ledger crosscheck,136019.978,140373.8074,534.9780282,2,2762.96573,1590.863642,5302878.807,0,"{""601288.SH"": 15600.0, ""601398.SH"": 12500.0}",0.003919137982,-0.03366989236,0.9960669158
2024-05-17,V11 LambdaRank Top2 ledger crosscheck,137237.978,141591.8074,534.9780282,2,2762.96573,1590.863642,5302878.807,0,"{""601288.SH"": 15600.0, ""601398.SH"": 12500.0}",0.008954566952,-0.02501682472,0.9961018223
2024-05-20,V11 LambdaRank Top2 ledger crosscheck,136956.978,141310.8074,534.9780282,2,2762.96573,1590.863642,5302878.807,0,"{""601288.SH"": 15600.0, ""601398.SH"": 12500.0}",-0.002047538182,-0.02701314,0.9960938242
2024-05-21,V11 LambdaRank Top2 ledger crosscheck,138080.978,142434.8074,534.9780282,2,2762.96573,1590.863642,5302878.807,0,"{""601288.SH"": 15600.0, ""601398.SH"": 12500.0}",0.008206956784,-0.01902787888,0.9961256211
2024-05-22,V11 LambdaRank Top2 ledger crosscheck,138361.978,142715.8074,534.9780282,2,2762.96573,1590.863642,5302878.807,0,"{""601288.SH"": 15600.0, ""601398.SH"": 12500.0}",0.002035037729,-0.01703156361,0.9961334896
2024-05-23,V11 LambdaRank Top2 ledger crosscheck,137799.978,142153.8074,534.9780282,2,2762.96573,1590.863642,5302878.807,0,"{""601288.SH"": 15600.0, ""601398.SH"": 12500.0}",-0.004061809523,-0.02102419416,0.9961177205
2024-05-24,V11 LambdaRank Top2 ledger crosscheck,137018.978,141372.8074,534.9780282,2,2762.96573,1590.863642,5302878.807,0,"{""601288.SH"": 15600.0, ""601398.SH"": 12500.0}",-0.005667635156,-0.02657267186,0.9960955918
2024-05-27,V11 LambdaRank Top2 ledger crosscheck,138454.978,142808.8074,534.9780282,2,2762.96573,1590.863642,5302878.807,0,"{""601288.SH"": 15600.0, ""601398.SH"": 12500.0}",0.01048030003,-0.0163708614,0.9961360867
2024-05-28,V11 LambdaRank Top2 ledger crosscheck,138735.978,143089.8074,534.9780282,2,2762.96573,1590.863642,5302878.807,0,"{""601288.SH"": 15600.0, ""601398.SH"": 12500.0}",0.002029540606,-0.01437454612,0.9961439128
2024-05-29,V11 LambdaRank Top2 ledger crosscheck,138017.978,142371.8074,534.9780282,2,2762.96573,1590.863642,5302878.807,0,"{""601288.SH"": 15600.0, ""601398.SH"": 12500.0}",-0.005175297787,-0.01947545135,0.9961238526
2024-05-30,V11 LambdaRank Top2 ledger crosscheck,137018.978,141372.8074,534.9780282,2,2762.96573,1590.863642,5302878.807,0,"{""601288.SH"": 15600.0, ""601398.SH"": 12500.0}",-0.007238187476,-0.02657267186,0.9960955918
2024-05-31,V11 LambdaRank Top2 ledger crosscheck,136893.978,141247.8074,534.9780282,2,2762.96573,1590.863642,5302878.807,0,"{""601288.SH"": 15600.0, ""601398.SH"": 12500.0}",-0.0009122823845,-0.02746071246,0.9960920266
2024-06-03,V11 LambdaRank Top2 ledger crosscheck,137330.978,141684.8074,534.9780282,2,2762.96573,1590.863642,5302878.807,0,"{""601288.SH"": 15600.0, ""601398.SH"": 12500.0}",0.003192251451,-0.02435612251,0.9961044621
2024-06-04,V11 LambdaRank Top2 ledger crosscheck,137220.6176,141684.8074,48.61763888,2,2832.41332,1631.776442,5439254.807,0,"{""601288.SH"": 15600.0, ""601988.SH"": 15400.0}",-0.00080360885,-0.02514015856,0.9996456973
2024-06-05,V11 LambdaRank Top2 ledger crosscheck,137842.6176,142306.8074,48.61763888,2,2832.41332,1631.776442,5439254.807,0,"{""601288.SH"": 15600.0, ""601988.SH"": 15400.0}",0.004532846526,-0.02072126852,0.999647296
2024-06-06,V11 LambdaRank Top2 ledger crosscheck,137686.6176,142150.8074,48.61763888,2,2832.41332,1631.776442,5439254.807,0,"{""601288.SH"": 15600.0, ""601988.SH"": 15400.0}",-0.001131725461,-0.02182954319,0.9996468964
2024-06-07,V11 LambdaRank Top2 ledger crosscheck,139906.2698,144370.4595,48.61763888,2,2832.41332,1631.776442,5439254.807,-2.910383046e-11,"{""601288.SH"": 16454.3784, ""601988.SH"": 15400.0}",0.01612104473,-0.006060413502,0.9996524985
2024-06-11,V11 LambdaRank Top2 ledger crosscheck,137347.3757,141811.5655,48.61763888,2,2832.41332,1631.776442,5439254.807,0,"{""601288.SH"": 16454.3784, ""601988.SH"": 15400.0}",-0.01829005993,-0.02423962811,0.9996460243
2024-06-12,V11 LambdaRank Top2 ledger crosscheck,136412.8319,140877.0217,48.61763888,2,2832.41332,1631.776442,5439254.807,0,"{""601288.SH"": 16454.3784, ""601988.SH"": 15400.0}",-0.006804234734,-0.03087893072,0.9996435992
2024-06-13,V11 LambdaRank Top2 ledger crosscheck,138016.0946,142480.2844,48.61763888,2,2832.41332,1631.776442,5439254.807,0,"{""601288.SH"": 16454.3784, ""601988.SH"": 15400.0}",0.01175301974,-0.01948883167,0.9996477394
2024-06-14,V11 LambdaRank Top2 ledger crosscheck,138971.726,143435.9157,48.61763888,2,2832.41332,1631.776442,5439254.807,0,"{""601288.SH"": 16454.3784, ""601988.SH"": 15400.0}",0.00692405734,-0.01269971612,0.9996501617
2024-06-17,V11 LambdaRank Top2 ledger crosscheck,136885.3757,141349.5655,48.61763888,2,2832.41332,1631.776442,5439254.807,0,"{""601288.SH"": 16454.3784, ""601988.SH"": 15400.0}",-0.01501276796,-0.02752182618,0.9996448296
2024-06-18,V11 LambdaRank Top2 ledger crosscheck,137203.9195,141668.1092,48.61763888,2,2832.41332,1631.776442,5439254.807,0,"{""601288.SH"": 16454.3784, ""601988.SH"": 15400.0}",0.002327084122,-0.02525878766,0.9996456542
2024-06-19,V11 LambdaRank Top2 ledger crosscheck,138478.0946,142942.2844,48.61763888,2,2832.41332,1631.776442,5439254.807,0,"{""601288.SH"": 16454.3784, ""601988.SH"": 15400.0}",0.009286725496,-0.0162066336,0.9996489146
2024-06-20,V11 LambdaRank Top2 ledger crosscheck,138961.1822,143425.372,48.61763888,2,2832.41332,1631.776442,5439254.807,0,"{""601288.SH"": 16454.3784, ""601988.SH"": 15400.0}",0.00348854864,-0.01277462259,0.9996501351
2024-06-21,V11 LambdaRank Top2 ledger crosscheck,137830.4633,142294.653,48.61763888,2,2832.41332,1631.776442,5439254.807,0,"{""601288.SH"": 16454.3784, ""601988.SH"": 15400.0}",-0.008136940862,-0.0208076171,0.9996472649
2024-06-24,V11 LambdaRank Top2 ledger crosscheck,139125.726,143589.9157,48.61763888,2,2832.41332,1631.776442,5439254.807,0,"{""601288.SH"": 16454.3784, ""601988.SH"": 15400.0}",0.009397506728,-0.01160565009,0.9996505489
2024-06-25,V11 LambdaRank Top2 ledger crosscheck,139759.206,144223.3957,48.61763888,2,2832.41332,1631.776442,5439254.807,0,"{""601288.SH"": 16456.7149, ""601988.SH"": 15399.3325}",0.00455329162,-0.007105202381,0.9996521328
2024-06-26,V11 LambdaRank Top2 ledger crosscheck,140553.3575,145017.5473,48.61763888,2,2832.41332,1631.776442,5439254.807,0,"{""601288.SH"": 16456.7149, ""601988.SH"": 15400.0}",0.005682284361,-0.001463291801,0.9996540983
2024-06-27,V11 LambdaRank Top2 ledger crosscheck,142135.6261,146599.8159,48.61763888,2,2832.41332,1631.776442,5439254.807,0,"{""601288.SH"": 16456.7149, ""601988.SH"": 15400.0}",0.01125742298,0,0.999657949
2024-06-28,V11 LambdaRank Top2 ledger crosscheck,142947.8947,147412.0845,48.61763888,2,2832.41332,1631.776442,5439254.807,-2.910383046e-11,"{""601288.SH"": 16456.7149, ""601988.SH"": 15400.0}",0.005714743159,0,0.9996598926
2024-07-01,V11 LambdaRank Top2 ledger crosscheck,145034.4319,149498.6217,48.61763888,2,2832.41332,1631.776442,5439254.807,0,"{""601288.SH"": 16456.7149, ""601988.SH"": 15400.0}",0.01459648775,0,0.9996647855
2024-07-02,V11 LambdaRank Top2 ledger crosscheck,147727.4648,152202.1589,15.11329541,2,2842.644363,1632.049742,5440165.807,0,"{""601288.SH"": 16356.7149, ""601988.SH"": 15500.0}",0.01856823111,0,0.9998976947
2024-07-03,V11 LambdaRank Top2 ledger crosscheck,146461.7633,150936.4574,15.11329541,2,2842.644363,1632.049742,5440165.807,0,"{""601288.SH"": 16356.7149, ""601988.SH"": 15500.0}",-0.008567814047,-0.008567814047,0.9998968106
2024-07-04,V11 LambdaRank Top2 ledger crosscheck,147581.0319,152055.726,15.11329541,2,2842.644363,1632.049742,5440165.807,0,"{""601288.SH"": 16356.7149, ""601988.SH"": 15500.0}",0.007642053269,-0.0009912364702,0.9998975932
2024-07-05,V11 LambdaRank Top2 ledger crosscheck,144731.0619,149205.756,15.11329541,2,2842.644363,1632.049742,5440165.807,0,"{""601288.SH"": 16356.7149, ""601988.SH"": 15500.0}",-0.01931122183,-0.02028331631,0.9998955767
2024-07-08,V11 LambdaRank Top2 ledger crosscheck,146315.3305,150790.0246,15.11329541,2,2842.644363,1632.049742,5440165.807,0,"{""601288.SH"": 16356.7149, ""601988.SH"": 15500.0}",0.01094629291,-0.009559050518,0.9998967074
2024-07-09,V11 LambdaRank Top2 ledger crosscheck,147581.0319,152055.726,15.11329541,2,2842.644363,1632.049742,5440165.807,0,"{""601288.SH"": 16356.7149, ""601988.SH"": 15500.0}",0.008650504658,-0.0009912364702,0.9998975932
2024-07-10,V11 LambdaRank Top2 ledger crosscheck,148063.1662,152537.8603,15.11329541,2,2842.644363,1632.049742,5440165.807,0,"{""601288.SH"": 16356.7149, ""601988.SH"": 15500.0}",0.003266912369,0,0.9998979267
2024-07-11,V11 LambdaRank Top2 ledger crosscheck,146633.8976,151108.5917,15.11329541,2,2842.644363,1632.049742,5440165.807,0,"{""601288.SH"": 16356.7149, ""601988.SH"": 15500.0}",-0.009653100319,-0.009653100319,0.9998969318
2024-07-12,V11 LambdaRank Top2 ledger crosscheck,149191.002,153665.6961,15.11329541,2,2842.644363,1632.049742,5440165.807,0,"{""601288.SH"": 16356.7149, ""601988.SH"": 15500.0}",0.01743869859,0,0.9998986983
2024-07-15,V11 LambdaRank Top2 ledger crosscheck,152393.8078,156868.5019,15.11329541,2,2842.644363,1632.049742,5440165.807,0,"{""601288.SH"": 16356.7149, ""601988.SH"": 15500.0}",0.02146782144,0,0.9999008274
2024-07-16,V11 LambdaRank Top2 ledger crosscheck,152695.2406,157169.9347,15.11329541,2,2842.644363,1632.049742,5440165.807,0,"{""601288.SH"": 16356.7149, ""601988.SH"": 15500.0}",0.001977986213,0,0.9999010231
2024-07-17,V11 LambdaRank Top2 ledger crosscheck,153183.9785,157658.6726,15.11329541,2,2842.644363,1632.049742,5440165.807,0,"{""601288.SH"": 16356.7149, ""601988.SH"": 16301.5388}",0.00320074111,0,0.9999013389
2024-07-18,V11 LambdaRank Top2 ledger crosscheck,153183.9785,157658.6726,15.11329541,2,2842.644363,1632.049742,5440165.807,0,"{""601288.SH"": 16356.7149, ""601988.SH"": 16301.5388}",0,0,0.9999013389
2024-07-19,V11 LambdaRank Top2 ledger crosscheck,153183.4268,157658.1209,15.11329541,2,2842.644363,1632.049742,5440165.807,0,"{""601288.SH"": 16356.7149, ""601988.SH"": 16301.5388}",-3.601951925e-06,-3.601951925e-06,0.9999013386
2024-07-22,V11 LambdaRank Top2 ledger crosscheck,151712.426,156187.1201,15.11329541,2,2842.644363,1632.049742,5440165.807,0,"{""601288.SH"": 16356.7149, ""601988.SH"": 16301.5388}",-0.009602871876,-0.009606439239,0.999900382
2024-07-23,V11 LambdaRank Top2 ledger crosscheck,155141.2667,159615.9608,15.11329541,2,2842.644363,1632.049742,5440165.807,0,"{""601288.SH"": 16356.7149, ""601988.SH"": 16301.5388}",0.02260092236,0,0.9999025837
2024-07-24,V11 LambdaRank Top2 ledger crosscheck,155631.9682,160106.6623,15.11329541,2,2842.644363,1632.049742,5440165.807,0,"{""601288.SH"": 16356.7149, ""601988.SH"": 16301.5388}",0.003162933101,0,0.9999028908
2024-07-25,V11 LambdaRank Top2 ledger crosscheck,154325.0863,158799.7804,15.11329541,2,2842.644363,1632.049742,5440165.807,0,"{""601288.SH"": 16356.7149, ""601988.SH"": 16301.5388}",-0.008397258774,-0.008397258774,0.9999020684
2024-07-26,V11 LambdaRank Top2 ledger crosscheck,151059.2609,155533.955,15.11329541,2,2842.644363,1632.049742,5440165.807,0,"{""601288.SH"": 16356.7149, ""601988.SH"": 16301.5388}",-0.02116198637,-0.02938154247,0.9998999512
2024-07-29,V11 LambdaRank Top2 ledger crosscheck,154160.9673,158635.6614,15.11329541,2,2842.644363,1632.049742,5440165.807,0,"{""601288.SH"": 16356.7149, ""601988.SH"": 16301.5388}",0.02053304408,-0.009451790902,0.9999019642
2024-07-30,V11 LambdaRank Top2 ledger crosscheck,154650.0135,159124.7076,15.11329541,2,2842.644363,1632.049742,5440165.807,0,"{""601288.SH"": 16356.7149, ""601988.SH"": 16301.5388}",0.003172308609,-0.006309466291,0.9999022742
2024-07-31,V11 LambdaRank Top2 ledger crosscheck,151057.6056,155532.2997,15.11329541,2,2842.644363,1632.049742,5440165.807,0,"{""601288.SH"": 16356.7149, ""601988.SH"": 16301.5388}",-0.0232292764,-0.02939217836,0.9998999501
2024-08-01,V11 LambdaRank Top2 ledger crosscheck,152200.9204,156675.6145,15.11329541,2,2842.644363,1632.049742,5440165.807,0,"{""601288.SH"": 16356.7149, ""601988.SH"": 16301.5388}",0.007568733507,-0.02204590642,0.9999007017
2024-08-02,V11 LambdaRank Top2 ledger crosscheck,152691.07,157165.7642,15.11329541,2,2842.644363,1632.049742,5440165.807,0,"{""601288.SH"": 16356.7149, ""601988.SH"": 16301.5388}",0.003220412106,-0.01889649121,0.9999010204
2024-08-05,V11 LambdaRank Top2 ledger crosscheck,151874.8896,156349.5837,15.11329541,2,2842.644363,1632.049742,5440165.807,0,"{""601288.SH"": 16356.7149, ""601988.SH"": 16301.5388}",-0.005345305801,-0.02414078949,0.9999004885
2024-08-06,V11 LambdaRank Top2 ledger crosscheck,149915.3944,154390.0885,15.11329541,2,2842.644363,1632.049742,5440165.807,0,"{""601288.SH"": 16356.7149, ""601988.SH"": 16301.5388}",-0.01290203554,-0.03673135971,0.9998991878
2024-08-07,V11 LambdaRank Top2 ledger crosscheck,149751.2754,154225.9696,15.11329541,2,2842.644363,1632.049742,5440165.807,0,"{""601288.SH"": 16356.7149, ""601988.SH"": 16301.5388}",-0.001094743547,-0.03778589184,0.9998990774
2024-08-08,V11 LambdaRank Top2 ledger crosscheck,150078.4097,154553.1039,15.11329541,2,2842.644363,1632.049742,5440165.807,0,"{""601288.SH"": 16356.7149, ""601988.SH"": 16301.5388}",0.002184517611,-0.03568391817,0.9998992973
2024-08-09,V11 LambdaRank Top2 ledger crosscheck,150895.6937,155370.3878,15.11329541,2,2842.644363,1632.049742,5440165.807,0,"{""601288.SH"": 16356.7149, ""601988.SH"": 16301.5388}",0.005445713254,-0.0304325293,0.9998998428
2024-08-12,V11 LambdaRank Top2 ledger crosscheck,151875.4413,156350.1354,15.11329541,2,2842.644363,1632.049742,5440165.807,0,"{""601288.SH"": 16356.7149, ""601988.SH"": 16301.5388}",0.006492879866,-0.02413724419,0.9999004889
2024-08-13,V11 LambdaRank Top2 ledger crosscheck,152854.6372,157329.3313,15.11329541,2,2842.644363,1632.049742,5440165.807,0,"{""601288.SH"": 16356.7149, ""601988.SH"": 16301.5388}",0.006447361349,-0.01784550438,0.9999011264
2024-08-14,V11 LambdaRank Top2 ledger crosscheck,153180.668,157655.3621,15.11329541,2,2842.644363,1632.049742,5440165.807,0,"{""601288.SH"": 16356.7149, ""601988.SH"": 16301.5388}",0.002132946582,-0.01575062131,0.9999013368
2024-08-15,V11 LambdaRank Top2 ledger crosscheck,153996.8484,158471.5425,15.11329541,2,2842.644363,1632.049742,5440165.807,0,"{""601288.SH"": 16356.7149, ""601988.SH"": 16301.5388}",0.005328221069,-0.01050632303,0.9999018597
2024-08-16,V11 LambdaRank Top2 ledger crosscheck,156283.478,160758.1721,15.11329541,2,2842.644363,1632.049742,5440165.807,0,"{""601288.SH"": 16356.7149, ""601988.SH"": 16301.5388}",0.01484854752,0,0.9999032956
2024-08-19,V11 LambdaRank Top2 ledger crosscheck,160203.0202,164677.7143,15.11329541,2,2842.644363,1632.049742,5440165.807,0,"{""601288.SH"": 16356.7149, ""601988.SH"": 16301.5388}",0.02507969658,0,0.9999056616
2024-08-20,V11 LambdaRank Top2 ledger crosscheck,161345.7832,165820.4773,15.11329541,2,2842.644363,1632.049742,5440165.807,0,"{""601288.SH"": 16356.7149, ""601988.SH"": 16301.5388}",0.007133217579,0,0.9999063298
2024-08-21,V11 LambdaRank Top2 ledger crosscheck,160364.932,164839.6261,15.11329541,2,2842.644363,1632.049742,5440165.807,0,"{""601288.SH"": 16356.7149, ""601988.SH"": 16301.5388}",-0.00607918667,-0.00607918667,0.9999057569
2024-08-22,V11 LambdaRank Top2 ledger crosscheck,162975.3853,167450.0794,15.11329541,2,2842.644363,1632.049742,5440165.807,0,"{""601288.SH"": 16356.7149, ""601988.SH"": 16301.5388}",0.01627820509,0,0.9999072664
2024-08-23,V11 LambdaRank Top2 ledger crosscheck,163301.9678,167776.6619,15.11329541,2,2842.644363,1632.049742,5440165.807,0,"{""601288.SH"": 16356.7149, ""601988.SH"": 16301.5388}",0.002003876454,0,0.9999074518
2024-08-26,V11 LambdaRank Top2 ledger crosscheck,163301.9678,167776.6619,15.11329541,2,2842.644363,1632.049742,5440165.807,0,"{""601288.SH"": 16356.7149, ""601988.SH"": 16301.5388}",0,0,0.9999074518
2024-08-27,V11 LambdaRank Top2 ledger crosscheck,165750.5092,170225.2033,15.11329541,2,2842.644363,1632.049742,5440165.807,0,"{""601288.SH"": 16356.7149, ""601988.SH"": 16301.5388}",0.01499394906,0,0.999908819
2024-08-28,V11 LambdaRank Top2 ledger crosscheck,164281.1637,168755.8578,15.11329541,2,2842.644363,1632.049742,5440165.807,0,"{""601288.SH"": 16356.7149, ""601988.SH"": 16301.5388}",-0.008864802551,-0.008864802551,0.9999080035
2024-08-29,V11 LambdaRank Top2 ledger crosscheck,157095.7961,161570.4902,15.11329541,2,2842.644363,1632.049742,5440165.807,0,"{""601288.SH"": 16356.7149, ""601988.SH"": 16301.5388}",-0.04373823158,-0.05221530334,0.9999037957
2024-08-30,V11 LambdaRank Top2 ledger crosscheck,152031.8356,156506.5297,15.11329541,2,2842.644363,1632.049742,5440165.807,0,"{""601288.SH"": 16356.7149, ""601988.SH"": 16301.5388}",-0.03223485681,-0.08276700732,0.9999005912
2024-09-02,V11 LambdaRank Top2 ledger crosscheck,156605.6464,161080.3405,15.11329541,2,2842.644363,1632.049742,5440165.807,0,"{""601288.SH"": 16356.7149, ""601988.SH"": 16301.5388}",0.03008455951,-0.05517245677,0.9999034946
2024-09-03,V11 LambdaRank Top2 ledger crosscheck,150424.4552,155032.3996,346.3723693,2,2928.303056,1679.641295,5598804.317,0,"{""601288.SH"": 16656.7149, ""601398.SH"": 13100.0}",-0.03946978476,-0.09246459654,0.9976973666
2024-09-04,V11 LambdaRank Top2 ledger crosscheck,150435.7238,155043.6682,346.3723693,2,2928.303056,1679.641295,5598804.317,2.910383046e-11,"{""601288.SH"": 16656.7149, ""601398.SH"": 13100.0}",7.491200208e-05,-0.09239661125,0.9976975391
2024-09-05,V11 LambdaRank Top2 ledger crosscheck,149054.5895,153662.5339,346.3723693,2,2928.303056,1679.641295,5598804.317,0,"{""601288.SH"": 16656.7149, ""601398.SH"": 13100.0}",-0.009180893097,-0.1007292209,0.9976762046
2024-09-06,V11 LambdaRank Top2 ledger crosscheck,149352.1567,153960.101,346.3723693,2,2928.303056,1679.641295,5598804.317,0,"{""601288.SH"": 16656.7149, ""601398.SH"": 13100.0}",0.001996363548,-0.09893394953,0.9976808345
2024-09-09,V11 LambdaRank Top2 ledger crosscheck,149125.7238,153733.6682,346.3723693,2,2928.303056,1679.641295,5598804.317,2.910383046e-11,"{""601288.SH"": 16656.7149, ""601398.SH"": 13100.0}",-0.001516100308,-0.100300056,0.9976773131
2024-09-10,V11 LambdaRank Top2 ledger crosscheck,151244.261,155852.2054,346.3723693,2,2928.303056,1679.641295,5598804.317,0,"{""601288.SH"": 16656.7149, ""601398.SH"": 13100.0}",0.01420638331,-0.08751857378,0.9977098479
2024-09-11,V11 LambdaRank Top2 ledger crosscheck,147209.3209,151817.2653,346.3723693,2,2928.303056,1679.641295,5598804.317,0,"{""601288.SH"": 16656.7149, ""601398.SH"": 13100.0}",-0.02667830212,-0.1118620289,0.9976470758
2024-09-12,V11 LambdaRank Top2 ledger crosscheck,147542.4552,152150.3996,346.3723693,2,2928.303056,1679.641295,5598804.317,0,"{""601288.SH"": 16656.7149, ""601398.SH"": 13100.0}",0.002262997318,-0.1098521751,0.9976523885
2024-09-13,V11 LambdaRank Top2 ledger crosscheck,147138.1866,151746.131,346.3723693,2,2928.303056,1679.641295,5598804.317,0,"{""601288.SH"": 16656.7149, ""601398.SH"": 13100.0}",-0.002740015384,-0.1122911938,0.9976459383
2024-09-18,V11 LambdaRank Top2 ledger crosscheck,149709.5895,154317.5339,346.3723693,2,2928.303056,1679.641295,5598804.317,0,"{""601288.SH"": 16656.7149, ""601398.SH"": 13100.0}",0.01747610837,-0.09677749853,0.9976863715
2024-09-19,V11 LambdaRank Top2 ledger crosscheck,149316.5895,153924.5339,346.3723693,2,2928.303056,1679.641295,5598804.317,0,"{""601288.SH"": 16656.7149, ""601398.SH"": 13100.0}",-0.002625082342,-0.09914853197,0.9976802821
2024-09-20,V11 LambdaRank Top2 ledger crosscheck,150244.8581,154852.8025,346.3723693,2,2928.303056,1679.641295,5598804.317,2.910383046e-11,"{""601288.SH"": 16656.7149, ""601398.SH"": 13100.0}",0.006216781403,-0.09354813532,0.9976946142
2024-09-23,V11 LambdaRank Top2 ledger crosscheck,152232.3953,156840.3397,346.3723693,2,2928.303056,1679.641295,5598804.317,0,"{""601288.SH"": 16656.7149, ""601398.SH"": 13100.0}",0.01322865367,-0.08155699753,0.9977247131
2024-09-24,V11 LambdaRank Top2 ledger crosscheck,158898.604,163506.5484,346.3723693,2,2928.303056,1679.641295,5598804.317,0,"{""601288.SH"": 16656.7149, ""601398.SH"": 13100.0}",0.04378968532,-0.04133866747,0.9978201673
2024-09-25,V11 LambdaRank Top2 ledger crosscheck,160088.8726,164696.817,346.3723693,2,2928.303056,1679.641295,5598804.317,0,"{""601288.SH"": 16656.7149, ""601398.SH"": 13100.0}",0.007490742945,-0.03415758186,0.9978363745
2024-09-26,V11 LambdaRank Top2 ledger crosscheck,163017.7084,167625.6527,346.3723693,2,2928.303056,1679.641295,5598804.317,0,"{""601288.SH"": 16656.7149, ""601398.SH"": 13100.0}",0.01829506135,-0.01648743556,0.997875247
2024-09-27,V11 LambdaRank Top2 ledger crosscheck,157363.9325,161971.8769,346.3723693,2,2928.303056,1679.641295,5598804.317,0,"{""601288.SH"": 16656.7149, ""601398.SH"": 13100.0}",-0.03468197347,-0.05059759223,0.9977989088
2024-09-30,V11 LambdaRank Top2 ledger crosscheck,161256.604,165864.5484,346.3723693,2,2928.303056,1679.641295,5598804.317,0,"{""601288.SH"": 16656.7149, ""601398.SH"": 13100.0}",0.02473674514,-0.02711246683,0.9978520423
2024-10-08,V11 LambdaRank Top2 ledger crosscheck,159804.3354,164412.2798,346.3723693,2,2928.303056,1679.641295,5598804.317,2.910383046e-11,"{""601288.SH"": 16656.7149, ""601398.SH"": 13100.0}",-0.009005948041,-0.03587424141,0.9978325221
2024-10-09,V11 LambdaRank Top2 ledger crosscheck,157257.2311,161865.1754,346.3723693,2,2928.303056,1679.641295,5598804.317,0,"{""601288.SH"": 16656.7149, ""601398.SH"": 13100.0}",-0.01593889388,-0.05124133956,0.9977974153
2024-10-10,V11 LambdaRank Top2 ledger crosscheck,162768.7383,167376.6827,346.3723693,2,2928.303056,1679.641295,5598804.317,2.910383046e-11,"{""601288.SH"": 16656.7149, ""601398.SH"": 13100.0}",0.03504771896,-0.01798951267,0.997871997
2024-10-11,V11 LambdaRank Top2 ledger crosscheck,162935.3055,167543.2498,346.3723693,2,2928.303056,1679.641295,5598804.317,0,"{""601288.SH"": 16656.7149, ""601398.SH"": 13100.0}",0.001023336244,-0.01698458574,0.9978741724
2024-10-14,V11 LambdaRank Top2 ledger crosscheck,168886.6485,173494.5928,346.3723693,2,2928.303056,1679.641295,5598804.317,2.910383046e-11,"{""601288.SH"": 16656.7149, ""601398.SH"": 13100.0}",0.03652580371,0,0.9979490838
2024-10-15,V11 LambdaRank Top2 ledger crosscheck,164303.4098,168911.3542,346.3723693,2,2928.303056,1679.641295,5598804.317,0,"{""601288.SH"": 16656.7149, ""601398.SH"": 13100.0}",-0.02713795723,-0.02713795723,0.9978918735
2024-10-16,V11 LambdaRank Top2 ledger crosscheck,167279.0813,171887.0257,346.3723693,2,2928.303056,1679.641295,5598804.317,0,"{""601288.SH"": 16656.7149, ""601398.SH"": 13100.0}",0.01811083225,-0.009518615971,0.9979293743
2024-10-17,V11 LambdaRank Top2 ledger crosscheck,165695.8127,170303.7571,346.3723693,2,2928.303056,1679.641295,5598804.317,0,"{""601288.SH"": 16656.7149, ""601398.SH"": 13100.0}",-0.009464833168,-0.01889335703,0.9979095889
2024-10-18,V11 LambdaRank Top2 ledger crosscheck,165755.6784,170363.6228,346.3723693,2,2928.303056,1679.641295,5598804.317,0,"{""601288.SH"": 16656.7149, ""601398.SH"": 13100.0}",0.000361298819,-0.01853888436,0.9979103439
2024-10-21,V11 LambdaRank Top2 ledger crosscheck,161660.8726,166268.817,346.3723693,2,2928.303056,1679.641295,5598804.317,0,"{""601288.SH"": 16656.7149, ""601398.SH"": 13100.0}",-0.02470386433,-0.0427847666,0.9978574137
2024-10-22,V11 LambdaRank Top2 ledger crosscheck,161732.0069,166339.9513,346.3723693,2,2928.303056,1679.641295,5598804.317,0,"{""601288.SH"": 16656.7149, ""601398.SH"": 13100.0}",0.0004400217406,-0.04236357109,0.9978583561
2024-10-23,V11 LambdaRank Top2 ledger crosscheck,161565.4398,166173.3841,346.3723693,2,2928.303056,1679.641295,5598804.317,0,"{""601288.SH"": 16656.7149, ""601398.SH"": 13100.0}",-0.001029896014,-0.04334983703,0.9978561481
2024-10-24,V11 LambdaRank Top2 ledger crosscheck,162160.5741,166768.5184,346.3723693,2,2928.303056,1679.641295,5598804.317,0,"{""601288.SH"": 16656.7149, ""601398.SH"": 13100.0}",0.003683549523,-0.03982596878,0.9978640161
2024-10-25,V11 LambdaRank Top2 ledger crosscheck,160803.7383,165411.6827,346.3723693,2,2928.303056,1679.641295,5598804.317,2.910383046e-11,"{""601288.SH"": 16656.7149, ""601398.SH"": 13100.0}",-0.008367235712,-0.04785997122,0.9978459931
2024-10-28,V11 LambdaRank Top2 ledger crosscheck,159149.3354,163757.2798,346.3723693,2,2928.303056,1679.641295,5598804.317,2.910383046e-11,"{""601288.SH"": 16656.7149, ""601398.SH"": 13100.0}",-0.01028833604,-0.05765590779,0.9978236015
2024-10-29,V11 LambdaRank Top2 ledger crosscheck,159518.0369,164125.9812,346.3723693,2,2928.303056,1679.641295,5598804.317,2.910383046e-11,"{""601288.SH"": 16656.7149, ""601398.SH"": 13100.0}",0.002316701146,-0.05547277815,0.9978286319
2024-10-30,V11 LambdaRank Top2 ledger crosscheck,157530.4997,162138.444,346.3723693,2,2928.303056,1679.641295,5598804.317,0,"{""601288.SH"": 16656.7149, ""601398.SH"": 13100.0}",-0.01245963926,-0.0672412466,0.9978012361
2024-10-31,V11 LambdaRank Top2 ledger crosscheck,158256.634,162864.5783,346.3723693,2,2928.303056,1679.641295,5598804.317,0,"{""601288.SH"": 16656.7149, ""601398.SH"": 13100.0}",0.004609483878,-0.06294171017,0.9978113248
2024-11-01,V11 LambdaRank Top2 ledger crosscheck,160530.4697,165138.4141,346.3723693,2,2928.303056,1679.641295,5598804.317,2.910383046e-11,"{""601288.SH"": 16656.7149, ""601398.SH"": 13100.0}",0.01436802799,-0.04947803043,0.9978423263
2024-11-04,V11 LambdaRank Top2 ledger crosscheck,160396.2992,165139.4141,592.2018295,2,3015.248896,1727.865995,5759553.317,0,"{""601288.SH"": 16756.7149, ""601988.SH"": 16300.0}",-0.0008357948493,-0.0502724718,0.9963078835
2024-11-05,V11 LambdaRank Top2 ledger crosscheck,161057.4335,165800.5484,592.2018295,2,3015.248896,1727.865995,5759553.317,0,"{""601288.SH"": 16756.7149, ""601988.SH"": 16300.0}",0.004121880005,-0.04635780889,0.9963230394
2024-11-06,V11 LambdaRank Top2 ledger crosscheck,160228.732,164971.8469,592.2018295,2,3015.248896,1727.865995,5759553.317,0,"{""601288.SH"": 16756.7149, ""601988.SH"": 16300.0}",-0.005145378452,-0.05126465887,0.9963040222
2024-11-07,V11 LambdaRank Top2 ledger crosscheck,161220.4335,165963.5484,592.2018295,2,3015.248896,1727.865995,5759553.317,0,"{""601288.SH"": 16756.7149, ""601988.SH"": 16300.0}",0.006189285999,-0.04539266451,0.996326757
2024-11-08,V11 LambdaRank Top2 ledger crosscheck,159572.1649,164315.2798,592.2018295,2,3015.248896,1727.865995,5759553.317,0,"{""601288.SH"": 16756.7149, ""601988.SH"": 16300.0}",-0.01022369536,-0.05515227909,0.996288815
2024-11-11,V11 LambdaRank Top2 ledger crosscheck,157584.1948,162327.3097,592.2018295,2,3015.248896,1727.865995,5759553.317,0,"{""601288.SH"": 16756.7149, ""601988.SH"": 16300.0}",-0.01245812543,-0.06692331051,0.9962419973
2024-11-12,V11 LambdaRank Top2 ledger crosscheck,156587.9262,161331.0411,592.2018295,2,3015.248896,1727.865995,5759553.317,0,"{""601288.SH"": 16756.7149, ""601988.SH"": 16300.0}",-0.006322135276,-0.07282234756,0.9962180875
2024-11-13,V11 LambdaRank Top2 ledger crosscheck,157244.4934,161987.6083,592.2018295,2,3015.248896,1727.865995,5759553.317,0,"{""601288.SH"": 16756.7149, ""601988.SH"": 16300.0}",0.00419296152,-0.06893472734,0.9962338787
2024-11-14,V11 LambdaRank Top2 ledger crosscheck,158073.1948,162816.3097,592.2018295,2,3015.248896,1727.865995,5759553.317,0,"{""601288.SH"": 16756.7149, ""601988.SH"": 16300.0}",0.005270146063,-0.06402787736,0.9962536227
2024-11-15,V11 LambdaRank Top2 ledger crosscheck,158566.762,163309.8769,592.2018295,2,3015.248896,1727.865995,5759553.317,0,"{""601288.SH"": 16756.7149, ""601988.SH"": 16300.0}",0.00312239624,-0.06110540152,0.996265284
2024-11-18,V11 LambdaRank Top2 ledger crosscheck,162524.4335,167267.5484,592.2018295,2,3015.248896,1727.865995,5759553.317,0,"{""601288.SH"": 16756.7149, ""601988.SH"": 16300.0}",0.02495902321,-0.03767150945,0.9963562289
2024-11-19,V11 LambdaRank Top2 ledger crosscheck,161360.5977,166103.7126,592.2018295,2,3015.248896,1727.865995,5759553.317,0,"{""601288.SH"": 16756.7149, ""601988.SH"": 16300.0}",-0.007160989406,-0.04456273358,0.9963299477
2024-11-20,V11 LambdaRank Top2 ledger crosscheck,161369.732,166112.8469,592.2018295,2,3015.248896,1727.865995,5759553.317,0,"{""601288.SH"": 16756.7149, ""601988.SH"": 16300.0}",5.660798659e-05,-0.0445086482,0.9963301555
2024-11-21,V11 LambdaRank Top2 ledger crosscheck,161369.732,166112.8469,592.2018295,2,3015.248896,1727.865995,5759553.317,0,"{""601288.SH"": 16756.7149, ""601988.SH"": 16300.0}",0,-0.0445086482,0.9963301555
2024-11-22,V11 LambdaRank Top2 ledger crosscheck,159381.762,164124.8769,592.2018295,2,3015.248896,1727.865995,5759553.317,0,"{""601288.SH"": 16756.7149, ""601988.SH"": 16300.0}",-0.01231934899,-0.05627967961,0.9962843815
2024-11-25,V11 LambdaRank Top2 ledger crosscheck,159884.4634,164627.5783,592.2018295,2,3015.248896,1727.865995,5759553.317,0,"{""601288.SH"": 16756.7149, ""601988.SH"": 16300.0}",0.003154071341,-0.0533031184,0.9962960639
2024-11-26,V11 LambdaRank Top2 ledger crosscheck,162529.0006,167272.1155,592.2018295,2,3015.248896,1727.865995,5759553.317,0,"{""601288.SH"": 16756.7149, ""601988.SH"": 16300.0}",0.01654030127,-0.03764446676,0.9963563313
2024-11-27,V11 LambdaRank Top2 ledger crosscheck,163679.1349,168422.2498,592.2018295,2,3015.248896,1727.865995,5759553.317,0,"{""601288.SH"": 16756.7149, ""601988.SH"": 16300.0}",0.007076486621,-0.0308343707,0.9963819345
2024-11-28,V11 LambdaRank Top2 ledger crosscheck,163851.2692,168594.3841,592.2018295,2,3015.248896,1727.865995,5759553.317,0,"{""601288.SH"": 16756.7149, ""601988.SH"": 16300.0}",0.001051656942,-0.02981514094,0.9963857355
2024-11-29,V11 LambdaRank Top2 ledger crosscheck,162855.0006,167598.1155,592.2018295,2,3015.248896,1727.865995,5759553.317,0,"{""601288.SH"": 16756.7149, ""601988.SH"": 16300.0}",-0.006080322733,-0.03571417799,0.9963636251
2024-12-02,V11 LambdaRank Top2 ledger crosscheck,163022.5678,167765.6827,592.2018295,2,3015.248896,1727.865995,5759553.317,0,"{""601288.SH"": 16756.7149, ""601988.SH"": 16300.0}",0.001028934627,-0.03472199092,0.9963673629
2024-12-03,V11 LambdaRank Top2 ledger crosscheck,164974.3602,169980.1155,688.360192,2,3180.639296,1825.116035,6083720.116,0,"{""601398.SH"": 13200.0, ""601939.SH"": 10200.0}",0.01197252894,-0.02316517202,0.9958274717
2024-12-04,V11 LambdaRank Top2 ledger crosscheck,166858.3602,171864.1155,688.360192,2,3180.639296,1825.116035,6083720.116,0,"{""601398.SH"": 13200.0, ""601939.SH"": 10200.0}",0.0114199564,-0.01200976088,0.9958745837
2024-12-05,V11 LambdaRank Top2 ledger crosscheck,167266.3602,172272.1155,688.360192,2,3180.639296,1825.116035,6083720.116,0,"{""601398.SH"": 13200.0, ""601939.SH"": 10200.0}",0.00244518764,-0.009593939355,0.9958846466
2024-12-06,V11 LambdaRank Top2 ledger crosscheck,168466.3602,173472.1155,688.360192,2,3180.639296,1825.116035,6083720.116,0,"{""601398.SH"": 13200.0, ""601939.SH"": 10200.0}",0.007174186122,-0.002488581939,0.9959139606
2024-12-09,V11 LambdaRank Top2 ledger crosscheck,168262.3602,173268.1155,688.360192,2,3180.639296,1825.116035,6083720.116,0,"{""601398.SH"": 13200.0, ""601939.SH"": 10200.0}",-0.001210924245,-0.0036964927,0.9959090067
2024-12-10,V11 LambdaRank Top2 ledger crosscheck,170806.3602,175812.1155,688.360192,2,3180.639296,1825.116035,6083720.116,0,"{""601398.SH"": 13200.0, ""601939.SH"": 10200.0}",0.0151192459,0,0.9959699382
2024-12-11,V11 LambdaRank Top2 ledger crosscheck,167722.3602,172728.1155,688.360192,2,3180.639296,1825.116035,6083720.116,0,"{""601398.SH"": 13200.0, ""601939.SH"": 10200.0}",-0.01805553374,-0.01805553374,0.9958958353
2024-12-12,V11 LambdaRank Top2 ledger crosscheck,170194.3602,175200.1155,688.360192,2,3180.639296,1825.116035,6083720.116,0,"{""601398.SH"": 13200.0, ""601939.SH"": 10200.0}",0.01473864306,-0.003583004751,0.9959554465
2024-12-13,V11 LambdaRank Top2 ledger crosscheck,169696.3602,174702.1155,688.360192,2,3180.639296,1825.116035,6083720.116,0,"{""601398.SH"": 13200.0, ""601939.SH"": 10200.0}",-0.002926066407,-0.006498587048,0.9959435772
2024-12-16,V11 LambdaRank Top2 ledger crosscheck,173074.3602,178080.1155,688.360192,2,3180.639296,1825.116035,6083720.116,0,"{""601398.SH"": 13200.0, ""601939.SH"": 10200.0}",0.01990614293,0,0.9960227489
2024-12-17,V11 LambdaRank Top2 ledger crosscheck,173218.3602,178224.1155,688.360192,2,3180.639296,1825.116035,6083720.116,0,"{""601398.SH"": 13200.0, ""601939.SH"": 10200.0}",0.0008320123203,0,0.9960260553
2024-12-18,V11 LambdaRank Top2 ledger crosscheck,174886.3602,179892.1155,688.360192,2,3180.639296,1825.116035,6083720.116,0,"{""601398.SH"": 13200.0, ""601939.SH"": 10200.0}",0.00962946421,0,0.9960639572
2024-12-19,V11 LambdaRank Top2 ledger crosscheck,172852.3602,177858.1155,688.360192,2,3180.639296,1825.116035,6083720.116,0,"{""601398.SH"": 13200.0, ""601939.SH"": 10200.0}",-0.01163040959,-0.01163040959,0.9960176408
2024-12-20,V11 LambdaRank Top2 ledger crosscheck,173380.3602,178386.1155,688.360192,2,3180.639296,1825.116035,6083720.116,0,"{""601398.SH"": 13200.0, ""601939.SH"": 10200.0}",0.003054629971,-0.008611306212,0.9960297684
2024-12-23,V11 LambdaRank Top2 ledger crosscheck,177052.3602,182058.1155,688.360192,2,3180.639296,1825.116035,6083720.116,0,"{""601398.SH"": 13200.0, ""601939.SH"": 10200.0}",0.02117886937,0,0.9961121095
2024-12-24,V11 LambdaRank Top2 ledger crosscheck,179740.3602,184746.1155,688.360192,2,3180.639296,1825.116035,6083720.116,0,"{""601398.SH"": 13200.0, ""601939.SH"": 10200.0}",0.01518194955,0,0.9961702525
2024-12-25,V11 LambdaRank Top2 ledger crosscheck,182872.3602,187878.1155,688.360192,2,3180.639296,1825.116035,6083720.116,0,"{""601398.SH"": 13200.0, ""601939.SH"": 10200.0}",0.01742513477,0,0.9962358435
2024-12-26,V11 LambdaRank Top2 ledger crosscheck,182230.3602,187236.1155,688.360192,2,3180.639296,1825.116035,6083720.116,0,"{""601398.SH"": 13200.0, ""601939.SH"": 10200.0}",-0.003510645345,-0.003510645345,0.9962225823
2024-12-27,V11 LambdaRank Top2 ledger crosscheck,181486.3602,186492.1155,688.360192,2,3180.639296,1825.116035,6083720.116,0,"{""601398.SH"": 13200.0, ""601939.SH"": 10200.0}",-0.004082744496,-0.007579056772,0.9962070968
2024-12-30,V11 LambdaRank Top2 ledger crosscheck,182188.3602,187194.1155,688.360192,2,3180.639296,1825.116035,6083720.116,0,"{""601398.SH"": 13200.0, ""601939.SH"": 10200.0}",0.003868059281,-0.003740313732,0.9962217115
2024-12-31,V11 LambdaRank Top2 ledger crosscheck,181690.3602,186696.1155,688.360192,2,3180.639296,1825.116035,6083720.116,0,"{""601398.SH"": 13200.0, ""601939.SH"": 10200.0}",-0.002733434779,-0.006463524607,0.9962113555
2025-01-02,V11 LambdaRank Top2 ledger crosscheck,178066.3602,183072.1155,688.360192,2,3180.639296,1825.116035,6083720.116,0,"{""601398.SH"": 13200.0, ""601939.SH"": 10200.0}",-0.01994602243,-0.02628062543,0.9961342491
2025-01-03,V11 LambdaRank Top2 ledger crosscheck,175641.5424,180658.1155,499.5423936,2,3190.995094,1825.578035,6085260.116,0,"{""601398.SH"": 13100.0, ""601939.SH"": 10300.0}",-0.01361749516,-0.0395402443,0.9971558984
2025-01-06,V11 LambdaRank Top2 ledger crosscheck,176268.5424,181285.1155,499.5423936,2,3190.995094,1825.578035,6085260.116,0,"{""601398.SH"": 13100.0, ""601939.SH"": 10300.0}",0.003569770519,-0.03611162338,0.9971660151
2025-01-07,V11 LambdaRank Top2 ledger crosscheck,179091.5473,184108.1204,499.5423936,2,3190.995094,1825.578035,6085260.116,0,"{""601398.SH"": 13377.7287, ""601939.SH"": 10300.0}",0.0160153641,-0.02067460008,0.9972106869
2025-01-08,V11 LambdaRank Top2 ledger crosscheck,181984.9883,187001.5614,499.5423936,2,3190.995094,1825.578035,6085260.116,0,"{""601398.SH"": 13377.7287, ""601939.SH"": 10300.0}",0.01615621201,-0.004852411287,0.9972550352
2025-01-09,V11 LambdaRank Top2 ledger crosscheck,180492.1019,185508.675,499.5423936,2,3190.995094,1825.578035,6085260.116,0,"{""601398.SH"": 13377.7287, ""601939.SH"": 10300.0}",-0.008203349343,-0.01301595461,0.997232331
2025-01-10,V11 LambdaRank Top2 ledger crosscheck,178798.6547,183815.2278,499.5423936,2,3190.995094,1825.578035,6085260.116,0,"{""601398.SH"": 13377.7287, ""601939.SH"": 10540.7884}",-0.00938238925,-0.0222762231,0.9972061177
2025-01-13,V11 LambdaRank Top2 ledger crosscheck,176175.6875,181192.2607,499.5423936,2,3190.995094,1825.578035,6085260.116,0,"{""601398.SH"": 13377.7287, ""601939.SH"": 10540.7884}",-0.01466994904,-0.03661938108,0.9971645214
2025-01-14,V11 LambdaRank Top2 ledger crosscheck,176625.6885,181642.2616,499.5423936,2,3190.995094,1825.578035,6085260.116,0,"{""601398.SH"": 13377.7287, ""601939.SH"": 10540.7884}",0.002554273777,-0.03415864323,0.9971717455
2025-01-15,V11 LambdaRank Top2 ledger crosscheck,176893.2431,181909.8162,499.5423936,2,3190.995094,1825.578035,6085260.116,0,"{""601398.SH"": 13377.7287, ""601939.SH"": 10540.7884}",0.001514811214,-0.03269557591,0.9971760233
2025-01-16,V11 LambdaRank Top2 ledger crosscheck,179037.8399,184054.413,499.5423936,2,3190.995094,1825.578035,6085260.116,0,"{""601398.SH"": 13377.7287, ""601939.SH"": 10540.7884}",0.01212367852,-0.02096828805,0.9972098502
2025-01-17,V11 LambdaRank Top2 ledger crosscheck,176836.5043,181853.0774,499.5423936,2,3190.995094,1825.578035,6085260.116,0,"{""601398.SH"": 13377.7287, ""601939.SH"": 10540.7884}",-0.01229536514,-0.03300584043,0.9971751172
2025-01-20,V11 LambdaRank Top2 ledger crosscheck,175774.3557,180790.9288,499.5423936,2,3190.995094,1825.578035,6085260.116,0,"{""601398.SH"": 13377.7287, ""601939.SH"": 10540.7884}",-0.006006387493,-0.03881398206,0.9971580474
2025-01-21,V11 LambdaRank Top2 ledger crosscheck,175295.9853,180312.5585,499.5423936,2,3190.995094,1825.578035,6085260.116,0,"{""601398.SH"": 13377.7287, ""601939.SH"": 10540.7884}",-0.002721502462,-0.04142985217,0.9971502919
2025-01-22,V11 LambdaRank Top2 ledger crosscheck,172770.3563,177786.9295,499.5423936,2,3190.995094,1825.578035,6085260.116,0,"{""601398.SH"": 13377.7287, ""601939.SH"": 10540.7884}",-0.01440779713,-0.0552407364,0.9971086337
2025-01-23,V11 LambdaRank Top2 ledger crosscheck,178559.4695,183576.0427,499.5423936,2,3190.995094,1825.578035,6085260.116,0,"{""601398.SH"": 13377.7287, ""601939.SH"": 10540.7884}",0.03350756056,-0.02358415816,0.9972023752
2025-01-24,V11 LambdaRank Top2 ledger crosscheck,178377.0232,183393.5963,499.5423936,2,3190.995094,1825.578035,6085260.116,0,"{""601398.SH"": 13377.7287, ""601939.SH"": 10540.7884}",-0.001021768074,-0.02458182869,0.9971995138
2025-01-27,V11 LambdaRank Top2 ledger crosscheck,181753.985,186770.5581,499.5423936,2,3190.995094,1825.578035,6085260.116,0,"{""601398.SH"": 13377.7287, ""601939.SH"": 10540.7884}",0.01893159632,-0.006115605635,0.9972515464
2025-02-05,V11 LambdaRank Top2 ledger crosscheck,178328.3541,183344.9272,499.5423936,2,3190.995094,1825.578035,6085260.116,0,"{""601398.SH"": 13377.7287, ""601939.SH"": 10540.7884}",-0.01884762457,-0.02484796557,0.9971987495
2025-02-06,V11 LambdaRank Top2 ledger crosscheck,177916.8006,183222.336,198.8006284,2,3372.923305,1932.612101,6442040.336,0,"{""601288.SH"": 17700.0, ""601988.SH"": 16700.0}",-0.002307840816,-0.02709846123,0.9988826203
2025-02-07,V11 LambdaRank Top2 ledger crosscheck,177228.8006,182534.336,198.8006284,2,3372.923305,1932.612101,6442040.336,0,"{""601288.SH"": 17700.0, ""601988.SH"": 16700.0}",-0.003866976011,-0.03086064815,0.9988782826
2025-02-10,V11 LambdaRank Top2 ledger crosscheck,177061.8006,182367.336,198.8006284,2,3372.923305,1932.612101,6442040.336,0,"{""601288.SH"": 17700.0, ""601988.SH"": 16700.0}",-0.000942284772,-0.0317738534,0.9988772246
2025-02-11,V11 LambdaRank Top2 ledger crosscheck,180491.8006,185797.336,198.8006284,2,3372.923305,1932.612101,6442040.336,0,"{""601288.SH"": 17700.0, ""601988.SH"": 16700.0}",0.0193717673,-0.01301760179,0.9988985614
2025-02-12,V11 LambdaRank Top2 ledger crosscheck,181356.8006,186662.336,198.8006284,2,3372.923305,1932.612101,6442040.336,0,"{""601288.SH"": 17700.0, ""601988.SH"": 16700.0}",0.004792461469,-0.008287526677,0.9989038149
2025-02-13,V11 LambdaRank Top2 ledger crosscheck,181877.8006,187183.336,198.8006284,2,3372.923305,1932.612101,6442040.336,0,"{""601288.SH"": 17700.0, ""601988.SH"": 16700.0}",0.002872789982,-0.005438545018,0.998906955
2025-02-14,V11 LambdaRank Top2 ledger crosscheck,182762.8006,188068.336,198.8006284,2,3372.923305,1932.612101,6442040.336,0,"{""601288.SH"": 17700.0, ""601988.SH"": 16700.0}",0.004865904453,-0.0005991040058,0.9989122479
2025-02-17,V11 LambdaRank Top2 ledger crosscheck,183794.8006,189100.336,198.8006284,2,3372.923305,1932.612101,6442040.336,0,"{""601288.SH"": 17700.0, ""601988.SH"": 16700.0}",0.005646663306,0,0.9989183555
2025-02-18,V11 LambdaRank Top2 ledger crosscheck,186683.8006,191989.336,198.8006284,2,3372.923305,1932.612101,6442040.336,0,"{""601288.SH"": 17700.0, ""601988.SH"": 16700.0}",0.01571861658,0,0.9989350944
2025-02-19,V11 LambdaRank Top2 ledger crosscheck,185474.8006,190780.336,198.8006284,2,3372.923305,1932.612101,6442040.336,0,"{""601288.SH"": 17700.0, ""601988.SH"": 16700.0}",-0.006476191271,-0.006476191271,0.9989281529
2025-02-20,V11 LambdaRank Top2 ledger crosscheck,186162.8006,191468.336,198.8006284,2,3372.923305,1932.612101,6442040.336,0,"{""601288.SH"": 17700.0, ""601988.SH"": 16700.0}",0.003709398784,-0.002790815262,0.9989321141
2025-02-21,V11 LambdaRank Top2 ledger crosscheck,183066.8006,188372.336,198.8006284,2,3372.923305,1932.612101,6442040.336,0,"{""601288.SH"": 17700.0, ""601988.SH"": 16700.0}",-0.01663060498,-0.0193750073,0.9989140542
2025-02-24,V11 LambdaRank Top2 ledger crosscheck,181523.8006,186829.336,198.8006284,2,3372.923305,1932.612101,6442040.336,0,"{""601288.SH"": 17700.0, ""601988.SH"": 16700.0}",-0.008428617285,-0.02764032006,0.9989048233
2025-02-25,V11 LambdaRank Top2 ledger crosscheck,180157.8006,185463.336,198.8006284,2,3372.923305,1932.612101,6442040.336,0,"{""601288.SH"": 17700.0, ""601988.SH"": 16700.0}",-0.007525183999,-0.03495750557,0.9988965195
2025-02-26,V11 LambdaRank Top2 ledger crosscheck,181169.8006,186475.336,198.8006284,2,3372.923305,1932.612101,6442040.336,0,"{""601288.SH"": 17700.0, ""601988.SH"": 16700.0}",0.005617297705,-0.02953657458,0.9989026834
2025-02-27,V11 LambdaRank Top2 ledger crosscheck,182211.8006,187517.336,198.8006284,2,3372.923305,1932.612101,6442040.336,0,"{""601288.SH"": 17700.0, ""601988.SH"": 16700.0}",0.005751510442,-0.02395494405,0.9989089585
2025-02-28,V11 LambdaRank Top2 ledger crosscheck,181179.8006,186485.336,198.8006284,2,3372.923305,1932.612101,6442040.336,0,"{""601288.SH"": 17700.0, ""601988.SH"": 16700.0}",-0.005663738553,-0.02948300807,0.998902744
2025-03-03,V11 LambdaRank Top2 ledger crosscheck,181159.8006,186465.336,198.8006284,2,3372.923305,1932.612101,6442040.336,0,"{""601288.SH"": 17700.0, ""601988.SH"": 16700.0}",-0.0001103875815,-0.02959014109,0.9989026228
2025-03-04,V11 LambdaRank Top2 ledger crosscheck,179997.7091,185449.336,511.7091163,2,3464.944317,1986.682601,6622275.336,0,"{""601288.SH"": 17700.0, ""601939.SH"": 10600.0}",-0.00641473168,-0.03581505996,0.9971571354
2025-03-05,V11 LambdaRank Top2 ledger crosscheck,183427.7091,188879.336,511.7091163,2,3464.944317,1986.682601,6622275.336,0,"{""601288.SH"": 17700.0, ""601939.SH"": 10600.0}",0.01905579808,-0.01744174642,0.9972102954
2025-03-06,V11 LambdaRank Top2 ledger crosscheck,181376.7091,186828.336,511.7091163,2,3464.944317,1986.682601,6622275.336,0,"{""601288.SH"": 17700.0, ""601939.SH"": 10600.0}",-0.01118151674,-0.02842823798,0.9971787496
2025-03-07,V11 LambdaRank Top2 ledger crosscheck,180881.7091,186333.336,511.7091163,2,3464.944317,1986.682601,6622275.336,0,"{""601288.SH"": 17700.0, ""601939.SH"": 10600.0}",-0.002729126592,-0.03107978032,0.997171029
2025-03-10,V11 LambdaRank Top2 ledger crosscheck,179643.7091,185095.336,511.7091163,2,3464.944317,1986.682601,6622275.336,0,"{""601288.SH"": 17700.0, ""601939.SH"": 10600.0}",-0.006844252003,-0.03771131447,0.9971515333
2025-03-11,V11 LambdaRank Top2 ledger crosscheck,180598.7091,186050.336,511.7091163,2,3464.944317,1986.682601,6622275.336,0,"{""601288.SH"": 17700.0, ""601939.SH"": 10600.0}",0.005316078168,-0.0325957126,0.9971665959
2025-03-12,V11 LambdaRank Top2 ledger crosscheck,179466.7091,184918.336,511.7091163,2,3464.944317,1986.682601,6622275.336,0,"{""601288.SH"": 17700.0, ""601939.SH"": 10600.0}",-0.006268040373,-0.03865944173,0.997148724
2025-03-13,V11 LambdaRank Top2 ledger crosscheck,180103.7091,185555.336,511.7091163,2,3464.944317,1986.682601,6622275.336,0,"{""601288.SH"": 17700.0, ""601939.SH"": 10600.0}",0.003549404807,-0.03524725493,0.9971588086
2025-03-14,V11 LambdaRank Top2 ledger crosscheck,180492.7091,185944.336,511.7091163,2,3464.944317,1986.682601,6622275.336,0,"{""601288.SH"": 17700.0, ""601939.SH"": 10600.0}",0.002159866679,-0.03316351762,0.9971649319
2025-03-17,V11 LambdaRank Top2 ledger crosscheck,181730.7091,187182.336,511.7091163,2,3464.944317,1986.682601,6622275.336,0,"{""601288.SH"": 17700.0, ""601939.SH"": 10600.0}",0.006859002815,-0.02653198347,0.9971842452
2025-03-18,V11 LambdaRank Top2 ledger crosscheck,181235.7091,186687.336,511.7091163,2,3464.944317,1986.682601,6622275.336,0,"{""601288.SH"": 17700.0, ""601939.SH"": 10600.0}",-0.002723810425,-0.0291835258,0.9971765547
2025-03-19,V11 LambdaRank Top2 ledger crosscheck,182968.7091,188420.336,511.7091163,2,3464.944317,1986.682601,6622275.336,0,"{""601288.SH"": 17700.0, ""601939.SH"": 10600.0}",0.009562133249,-0.01990044931,0.9972032971
2025-03-20,V11 LambdaRank Top2 ledger crosscheck,182013.7091,187465.336,511.7091163,2,3464.944317,1986.682601,6622275.336,0,"{""601288.SH"": 17700.0, ""601939.SH"": 10600.0}",-0.005219471704,-0.02501605119,0.9971886232
2025-03-21,V11 LambdaRank Top2 ledger crosscheck,180598.7091,186050.336,511.7091163,2,3464.944317,1986.682601,6622275.336,0,"{""601288.SH"": 17700.0, ""601939.SH"": 10600.0}",-0.007774139689,-0.0325957126,0.9971665959
2025-03-24,V11 LambdaRank Top2 ledger crosscheck,182437.7091,187889.336,511.7091163,2,3464.944317,1986.682601,6622275.336,0,"{""601288.SH"": 17700.0, ""601939.SH"": 10600.0}",0.01018279704,-0.02274483109,0.9971951571
2025-03-25,V11 LambdaRank Top2 ledger crosscheck,183710.7091,189162.336,511.7091163,2,3464.944317,1986.682601,6622275.336,0,"{""601288.SH"": 17700.0, ""601939.SH"": 10600.0}",0.006977724102,-0.01592581414,0.9972145929
2025-03-26,V11 LambdaRank Top2 ledger crosscheck,182720.7091,188172.336,511.7091163,2,3464.944317,1986.682601,6622275.336,0,"{""601288.SH"": 17700.0, ""601939.SH"": 10600.0}",-0.005388907401,-0.02122889881,0.9971995013
2025-03-27,V11 LambdaRank Top2 ledger crosscheck,183144.7091,188596.336,511.7091163,2,3464.944317,1986.682601,6622275.336,0,"{""601288.SH"": 17700.0, ""601939.SH"": 10600.0}",0.002320481362,-0.01895767871,0.9972059847
2025-03-28,V11 LambdaRank Top2 ledger crosscheck,181093.7091,186545.336,511.7091163,2,3464.944317,1986.682601,6622275.336,0,"{""601288.SH"": 17700.0, ""601939.SH"": 10600.0}",-0.01119879471,-0.02994417027,0.9971743407
2025-03-31,V11 LambdaRank Top2 ledger crosscheck,185795.7091,191247.336,511.7091163,2,3464.944317,1986.682601,6622275.336,0,"{""601288.SH"": 17700.0, ""601939.SH"": 10600.0}",0.02596445798,-0.004757196442,0.9972458507
2025-04-01,V11 LambdaRank Top2 ledger crosscheck,183214.7091,188666.336,511.7091163,2,3464.944317,1986.682601,6622275.336,0,"{""601288.SH"": 17700.0, ""601939.SH"": 10600.0}",-0.01389160176,-0.01858271312,0.9972070522
2025-04-02,V11 LambdaRank Top2 ledger crosscheck,184472.3083,190077.336,656.3083073,2,3563.356926,2041.670801,6805569.336,0,"{""601288.SH"": 17800.0, ""601398.SH"": 13400.0}",0.006864073289,-0.01184619294,0.9964422394
2025-04-03,V11 LambdaRank Top2 ledger crosscheck,185898.3083,191503.336,656.3083073,2,3563.356926,2041.670801,6805569.336,0,"{""601288.SH"": 17800.0, ""601398.SH"": 13400.0}",0.007730157513,-0.004207608365,0.9964695305
2025-04-07,V11 LambdaRank Top2 ledger crosscheck,180774.3083,186379.336,656.3083073,2,3563.356926,2041.670801,6805569.336,0,"{""601288.SH"": 17800.0, ""601398.SH"": 13400.0}",-0.02756345685,-0.03165508899,0.9963694603
2025-04-08,V11 LambdaRank Top2 ledger crosscheck,183002.3083,188607.336,656.3083073,2,3563.356926,2041.670801,6805569.336,0,"{""601288.SH"": 17800.0, ""601398.SH"": 13400.0}",0.0123247602,-0.01972047017,0.996413661
2025-04-09,V11 LambdaRank Top2 ledger crosscheck,182200.3083,187805.336,656.3083073,2,3563.356926,2041.670801,6805569.336,0,"{""601288.SH"": 17800.0, ""601398.SH"": 13400.0}",-0.004382458382,-0.02401650441,0.9963978749
2025-04-10,V11 LambdaRank Top2 ledger crosscheck,181530.3083,187135.336,656.3083073,2,3563.356926,2041.670801,6805569.336,0,"{""601288.SH"": 17800.0, ""601398.SH"": 13400.0}",-0.003677271494,-0.0276054607,0.99638458
2025-04-11,V11 LambdaRank Top2 ledger crosscheck,183090.3083,188695.336,656.3083073,2,3563.356926,2041.670801,6805569.336,0,"{""601288.SH"": 17800.0, ""601398.SH"": 13400.0}",0.008593606294,-0.01924908486,0.9964153848
2025-04-14,V11 LambdaRank Top2 ledger crosscheck,184918.3083,190523.336,656.3083073,2,3563.356926,2041.670801,6805569.336,0,"{""601288.SH"": 17800.0, ""601398.SH"": 13400.0}",0.009984143983,-0.009457126516,0.9964508203
2025-04-15,V11 LambdaRank Top2 ledger crosscheck,188260.3083,193865.336,656.3083073,2,3563.356926,2041.670801,6805569.336,0,"{""601288.SH"": 17800.0, ""601398.SH"": 13400.0}",0.01807284541,0,0.9965138254
2025-04-16,V11 LambdaRank Top2 ledger crosscheck,190846.3083,196451.336,656.3083073,2,3563.356926,2041.670801,6805569.336,0,"{""601288.SH"": 17800.0, ""601398.SH"": 13400.0}",0.01373629961,0,0.9965610636
2025-04-17,V11 LambdaRank Top2 ledger crosscheck,190712.3083,196317.336,656.3083073,2,3563.356926,2041.670801,6805569.336,0,"{""601288.SH"": 17800.0, ""601398.SH"": 13400.0}",-0.0007021356671,-0.0007021356671,0.9965586474
2025-04-18,V11 LambdaRank Top2 ledger crosscheck,192808.3083,198413.336,656.3083073,2,3563.356926,2041.670801,6805569.336,0,"{""601288.SH"": 17800.0, ""601398.SH"": 13400.0}",0.01099037613,0,0.996596058
2025-04-21,V11 LambdaRank Top2 ledger crosscheck,190712.3083,196317.336,656.3083073,2,3563.356926,2041.670801,6805569.336,0,"{""601288.SH"": 17800.0, ""601398.SH"": 13400.0}",-0.01087090084,-0.01087090084,0.9965586474
2025-04-22,V11 LambdaRank Top2 ledger crosscheck,194366.3083,199971.336,656.3083073,2,3563.356926,2041.670801,6805569.336,0,"{""601288.SH"": 17800.0, ""601398.SH"": 13400.0}",0.01915974922,0,0.9966233432
2025-04-23,V11 LambdaRank Top2 ledger crosscheck,193474.3083,199079.336,656.3083073,2,3563.356926,2041.670801,6805569.336,0,"{""601288.SH"": 17800.0, ""601398.SH"": 13400.0}",-0.004589272739,-0.004589272739,0.9966077754
2025-04-24,V11 LambdaRank Top2 ledger crosscheck,197174.3083,202779.336,656.3083073,2,3563.356926,2041.670801,6805569.336,0,"{""601288.SH"": 17800.0, ""601398.SH"": 13400.0}",0.01912398619,0,0.9966714309
2025-04-25,V11 LambdaRank Top2 ledger crosscheck,196060.3083,201665.336,656.3083073,2,3563.356926,2041.670801,6805569.336,0,"{""601288.SH"": 17800.0, ""601398.SH"": 13400.0}",-0.005649823294,-0.005649823294,0.9966525182
2025-04-28,V11 LambdaRank Top2 ledger crosscheck,198200.3083,203805.336,656.3083073,2,3563.356926,2041.670801,6805569.336,0,"{""601288.SH"": 17800.0, ""601398.SH"": 13400.0}",0.01091500885,0,0.9966886615
2025-04-29,V11 LambdaRank Top2 ledger crosscheck,197576.3083,203181.336,656.3083073,2,3563.356926,2041.670801,6805569.336,0,"{""601288.SH"": 17800.0, ""601398.SH"": 13400.0}",-0.003148330118,-0.003148330118,0.9966782034
2025-04-30,V11 LambdaRank Top2 ledger crosscheck,191066.3083,196671.336,656.3083073,2,3563.356926,2041.670801,6805569.336,0,"{""601288.SH"": 17800.0, ""601398.SH"": 13400.0}",-0.03294929466,-0.03599388952,0.9965650234
2025-05-06,V11 LambdaRank Top2 ledger crosscheck,189952.3083,195557.336,656.3083073,2,3563.356926,2041.670801,6805569.336,0,"{""601288.SH"": 17800.0, ""601398.SH"": 13400.0}",-0.005830436616,-0.04161446604,0.9965448785
2025-05-07,V11 LambdaRank Top2 ledger crosscheck,193370.6543,199283.336,714.654324,2,3757.088309,2155.593401,7185311.336,0,"{""601939.SH"": 10400.0, ""601988.SH"": 17200.0}",0.01799581193,-0.02436754022,0.9963042255
2025-05-08,V11 LambdaRank Top2 ledger crosscheck,193858.6543,199771.336,714.654324,2,3757.088309,2155.593401,7185311.336,0,"{""601939.SH"": 10400.0, ""601988.SH"": 17200.0}",0.002523650766,-0.02190538461,0.9963135289
2025-05-09,V11 LambdaRank Top2 ledger crosscheck,196209.9894,202122.6711,714.654324,2,3757.088309,2155.593401,7185311.336,0,"{""601939.SH"": 10640.1878, ""601988.SH"": 17200.0}",0.01212912095,-0.01004195672,0.9963577067
2025-05-12,V11 LambdaRank Top2 ledger crosscheck,195121.1762,201033.858,714.654324,2,3757.088309,2155.593401,7185311.336,0,"{""601939.SH"": 10640.1878, ""601988.SH"": 17200.0}",-0.005549223808,-0.01553545546,0.996337382
2025-05-13,V11 LambdaRank Top2 ledger crosscheck,196766.7931,202679.4749,714.654324,2,3757.088309,2155.593401,7185311.336,0,"{""601939.SH"": 10640.1878, ""601988.SH"": 17200.0}",0.008433820109,-0.007232658588,0.9963680136
2025-05-14,V11 LambdaRank Top2 ledger crosscheck,196832.3913,202745.073,714.654324,2,3757.088309,2155.593401,7185311.336,0,"{""601939.SH"": 10640.1878, ""601988.SH"": 17200.0}",0.0003333800443,-0.006901689768,0.996369224
2025-05-15,V11 LambdaRank Top2 ledger crosscheck,196447.5875,202360.2692,714.654324,2,3757.088309,2155.593401,7185311.336,0,"{""601939.SH"": 10640.1878, ""601988.SH"": 17200.0}",-0.001954981866,-0.008843178955,0.996362112
2025-05-16,V11 LambdaRank Top2 ledger crosscheck,195227.5781,201140.2598,714.654324,2,3757.088309,2155.593401,7185311.336,0,"{""601939.SH"": 10640.1878, ""601988.SH"": 17200.0}",-0.00621035567,-0.01499861534,0.9963393782
2025-05-19,V11 LambdaRank Top2 ledger crosscheck,194670.7744,200583.4561,714.654324,2,3757.088309,2155.593401,7185311.336,0,"{""601939.SH"": 10640.1878, ""601988.SH"": 17200.0}",-0.002852075311,-0.01780791347,0.996328908
2025-05-20,V11 LambdaRank Top2 ledger crosscheck,194670.7744,200583.4561,714.654324,2,3757.088309,2155.593401,7185311.336,0,"{""601939.SH"": 10640.1878, ""601988.SH"": 17200.0}",0,-0.01780791347,0.996328908
2025-05-21,V11 LambdaRank Top2 ledger crosscheck,194949.1762,200861.858,714.654324,2,3757.088309,2155.593401,7185311.336,0,"{""601939.SH"": 10640.1878, ""601988.SH"": 17200.0}",0.001430116455,-0.0164032644,0.9963341506
2025-05-22,V11 LambdaRank Top2 ledger crosscheck,195121.1762,201033.858,714.654324,2,3757.088309,2155.593401,7185311.336,0,"{""601939.SH"": 10640.1878, ""601988.SH"": 17200.0}",0.0008822812351,-0.01553545546,0.996337382
2025-05-23,V11 LambdaRank Top2 ledger crosscheck,193131.5593,199044.2411,714.654324,2,3757.088309,2155.593401,7185311.336,0,"{""601939.SH"": 10640.1878, ""601988.SH"": 17200.0}",-0.01019682711,-0.02557387022,0.9962996502
2025-05-26,V11 LambdaRank Top2 ledger crosscheck,191673.9518,197586.6335,714.654324,2,3757.088309,2155.593401,7185311.336,0,"{""601939.SH"": 10640.1878, ""601988.SH"": 17200.0}",-0.007547225922,-0.03292808436,0.9962715105
2025-05-27,V11 LambdaRank Top2 ledger crosscheck,192853.1575,198765.8392,714.654324,2,3757.088309,2155.593401,7185311.336,0,"{""601939.SH"": 10640.1878, ""601988.SH"": 17200.0}",0.006152143377,-0.02697851928,0.9962943084
2025-05-28,V11 LambdaRank Top2 ledger crosscheck,192124.3537,198037.0354,714.654324,2,3757.088309,2155.593401,7185311.336,0,"{""601939.SH"": 10640.1878, ""601988.SH"": 17200.0}",-0.00377906053,-0.03065562636,0.9962802513
2025-05-29,V11 LambdaRank Top2 ledger crosscheck,191354.7462,197267.4279,714.654324,2,3757.088309,2155.593401,7185311.336,0,"{""601939.SH"": 10640.1878, ""601988.SH"": 17200.0}",-0.004005778009,-0.03453860473,0.9962652908
2025-05-30,V11 LambdaRank Top2 ledger crosscheck,191739.55,197652.2317,714.654324,2,3757.088309,2155.593401,7185311.336,0,"{""601939.SH"": 10640.1878, ""601988.SH"": 17200.0}",0.002010944401,-0.03259711554,0.9962727861
2025-06-03,V11 LambdaRank Top2 ledger crosscheck,192058.7556,197971.4373,714.654324,2,3757.088309,2155.593401,7185311.336,0,"{""601939.SH"": 10640.1878, ""601988.SH"": 17200.0}",0.001664787642,-0.03098659518,0.9962789808
2025-06-04,V11 LambdaRank Top2 ledger crosscheck,191176.5754,197094.4279,158.4835123,2,3762.093821,2155.758701,7185862.336,0,"{""601939.SH"": 10640.1878, ""601988.SH"": 17300.0}",-0.004593282914,-0.03543754789,0.9991710098
2025-06-05,V11 LambdaRank Top2 ledger crosscheck,190551.1735,196469.026,158.4835123,2,3762.093821,2155.758701,7185862.336,0,"{""601939.SH"": 10640.1878, ""601988.SH"": 17300.0}",-0.003271331106,-0.03859295105,0.999168289
2025-06-06,V11 LambdaRank Top2 ledger crosscheck,190205.1735,196123.026,158.4835123,2,3762.093821,2155.758701,7185862.336,0,"{""601939.SH"": 10640.1878, ""601988.SH"": 17300.0}",-0.001815785196,-0.04033865973,0.999166776
2025-06-09,V11 LambdaRank Top2 ledger crosscheck,189433.566,195351.4185,158.4835123,2,3762.093821,2155.758701,7185862.336,0,"{""601939.SH"": 10640.1878, ""601988.SH"": 17300.0}",-0.004056711481,-0.04423172891,0.9991633821
2025-06-10,V11 LambdaRank Top2 ledger crosscheck,189885.9679,195803.8204,158.4835123,2,3762.093821,2155.758701,7185862.336,0,"{""601939.SH"": 10640.1878, ""601988.SH"": 17300.0}",0.002388182239,-0.0419491801,0.9991653753
2025-06-11,V11 LambdaRank Top2 ledger crosscheck,189007.9585,194925.811,158.4835123,2,3762.093821,2155.758701,7185862.336,0,"{""601939.SH"": 10640.1878, ""601988.SH"": 17300.0}",-0.004623877155,-0.0463790894,0.9991614982
2025-06-12,V11 LambdaRank Top2 ledger crosscheck,188688.7529,194606.6054,158.4835123,2,3762.093821,2155.758701,7185862.336,0,"{""601939.SH"": 10640.1878, ""601988.SH"": 17300.0}",-0.00168884758,-0.04798960977,0.9991600797
2025-06-13,V11 LambdaRank Top2 ledger crosscheck,186812.5472,192730.3997,158.4835123,2,3762.093821,2155.758701,7185862.336,0,"{""601939.SH"": 10640.1878, ""601988.SH"": 17300.0}",-0.009943388808,-0.05745581923,0.9991516442
2025-06-16,V11 LambdaRank Top2 ledger crosscheck,188994.1735,194912.026,158.4835123,2,3762.093821,2155.758701,7185862.336,0,"{""601939.SH"": 10640.1878, ""601988.SH"": 17300.0}",0.01167815718,-0.04644864014,0.999161437
2025-06-17,V11 LambdaRank Top2 ledger crosscheck,189033.9773,194951.8298,158.4835123,2,3762.093821,2155.758701,7185862.336,0,"{""601939.SH"": 10640.1878, ""601988.SH"": 17300.0}",0.0002106083739,-0.04624781424,0.9991616136
2025-06-18,V11 LambdaRank Top2 ledger crosscheck,193411.0148,199328.8673,158.4835123,2,3762.093821,2155.758701,7185862.336,0,"{""601939.SH"": 10640.1878, ""601988.SH"": 17300.0}",0.02315476624,-0.02416390532,0.9991805869
2025-06-19,V11 LambdaRank Top2 ledger crosscheck,194103.0148,200020.8673,158.4835123,2,3762.093821,2155.758701,7185862.336,0,"{""601939.SH"": 10640.1878, ""601988.SH"": 17300.0}",0.003577872753,-0.02067248795,0.9991835082
2025-06-20,V11 LambdaRank Top2 ledger crosscheck,195925.6317,201843.4842,158.4835123,2,3762.093821,2155.758701,7185862.336,0,"{""601939.SH"": 10640.1878, ""601988.SH"": 17300.0}",0.009389946373,-0.01147665513,0.9991911037
2025-06-23,V11 LambdaRank Top2 ledger crosscheck,198626.258,204544.1105,158.4835123,2,3762.093821,2155.758701,7185862.336,0,"{""601939.SH"": 10640.1878, ""601988.SH"": 17300.0}",0.01378393559,0,0.9992021019
2025-06-24,V11 LambdaRank Top2 ledger crosscheck,199810.4636,205728.3162,158.4835123,2,3762.093821,2155.758701,7185862.336,0,"{""601939.SH"": 10640.1878, ""601988.SH"": 17300.0}",0.005961979273,0,0.9992068308
2025-06-25,V11 LambdaRank Top2 ledger crosscheck,201593.2768,207511.1293,158.4835123,2,3762.093821,2155.758701,7185862.336,0,"{""601939.SH"": 10640.1878, ""601988.SH"": 17300.0}",0.008922521433,0,0.9992138452
2025-06-26,V11 LambdaRank Top2 ledger crosscheck,202325.0805,208242.9331,158.4835123,2,3762.093821,2155.758701,7185862.336,0,"{""601939.SH"": 10640.1878, ""601988.SH"": 17300.0}",0.003630100007,0,0.9992166887
2025-06-27,V11 LambdaRank Top2 ledger crosscheck,196737.043,202654.8955,158.4835123,2,3762.093821,2155.758701,7185862.336,0,"{""601939.SH"": 10640.1878, ""601988.SH"": 17300.0}",-0.02761910456,-0.02761910456,0.9991944399
2025-06-30,V11 LambdaRank Top2 ledger crosscheck,197827.8561,203745.7087,158.4835123,2,3762.093821,2155.758701,7185862.336,0,"{""601939.SH"": 10640.1878, ""601988.SH"": 17300.0}",0.00554452343,-0.02222771591,0.9991988817
2025-07-01,V11 LambdaRank Top2 ledger crosscheck,201219.7068,207137.5594,158.4835123,2,3762.093821,2155.758701,7185862.336,0,"{""601939.SH"": 10640.1878, ""601988.SH"": 17300.0}",0.01714546559,-0.005463354855,0.9992123857
2025-07-02,V11 LambdaRank Top2 ledger crosscheck,201660.079,207904.1669,588.078992,2,3967.560024,2276.52785,7588426.167,0,"{""601288.SH"": 16800.0, ""601398.SH"": 13100.0}",0.002188514064,-0.00328679742,0.9970838106
2025-07-03,V11 LambdaRank Top2 ledger crosscheck,200632.079,206876.1669,588.078992,2,3967.560024,2276.52785,7588426.167,0,"{""601288.SH"": 16800.0, ""601398.SH"": 13100.0}",-0.005097687183,-0.008367729538,0.9970688686
2025-07-04,V11 LambdaRank Top2 ledger crosscheck,203417.079,209661.1669,588.078992,2,3967.560024,2276.52785,7588426.167,0,"{""601288.SH"": 16800.0, ""601398.SH"": 13100.0}",0.01388113015,0,0.9971089989
2025-07-07,V11 LambdaRank Top2 ledger crosscheck,203995.079,210239.1669,588.078992,2,3967.560024,2276.52785,7588426.167,0,"{""601288.SH"": 16800.0, ""601398.SH"": 13100.0}",0.002841452659,0,0.9971171903
2025-07-08,V11 LambdaRank Top2 ledger crosscheck,205060.079,211304.1669,588.078992,2,3967.560024,2276.52785,7588426.167,0,"{""601288.SH"": 16800.0, ""601398.SH"": 13100.0}",0.005220714172,0,0.9971321625
2025-07-09,V11 LambdaRank Top2 ledger crosscheck,207583.079,213827.1669,588.078992,2,3967.560024,2276.52785,7588426.167,0,"{""601288.SH"": 16800.0, ""601398.SH"": 13100.0}",0.01230371125,0,0.9971670186
2025-07-10,V11 LambdaRank Top2 ledger crosscheck,212444.079,218688.1669,588.078992,2,3967.560024,2276.52785,7588426.167,0,"{""601288.SH"": 16800.0, ""601398.SH"": 13100.0}",0.02341713026,0,0.997231841
2025-07-11,V11 LambdaRank Top2 ledger crosscheck,211695.079,217939.1669,588.078992,2,3967.560024,2276.52785,7588426.167,0,"{""601288.SH"": 16800.0, ""601398.SH"": 13100.0}",-0.00352563368,-0.00352563368,0.9972220469
2025-07-14,V11 LambdaRank Top2 ledger crosscheck,212569.8117,218813.8996,588.078992,2,3967.560024,2276.52785,7588426.167,0,"{""601288.SH"": 16800.0, ""601398.SH"": 13367.0577}",0.004132040945,0,0.9972334783
2025-07-15,V11 LambdaRank Top2 ledger crosscheck,211195.1294,217439.2173,588.078992,2,3967.560024,2276.52785,7588426.167,0,"{""601288.SH"": 16800.0, ""601398.SH"": 13367.0577}",-0.006466968657,-0.006466968657,0.9972154709
2025-07-16,V11 LambdaRank Top2 ledger crosscheck,210523.1294,216767.2173,588.078992,2,3967.560024,2276.52785,7588426.167,0,"{""601288.SH"": 16800.0, ""601398.SH"": 13367.0577}",-0.003181891561,-0.009628283025,0.9972065825
2025-07-17,V11 LambdaRank Top2 ledger crosscheck,209338.5706,215582.6585,588.078992,2,3967.560024,2276.52785,7588426.167,0,"{""601288.SH"": 17154.2894, ""601398.SH"": 13367.0577}",-0.005626739363,-0.01520084655,0.9971907757
2025-07-18,V11 LambdaRank Top2 ledger crosscheck,211149.7978,217393.8857,588.078992,2,3967.560024,2276.52785,7588426.167,0,"{""601288.SH"": 17154.2894, ""601398.SH"": 13367.0577}",0.008652142778,-0.006680223666,0.9972148731
2025-07-21,V11 LambdaRank Top2 ledger crosscheck,209699.4751,215943.563,588.078992,2,3967.560024,2276.52785,7588426.167,0,"{""601288.SH"": 17154.2894, ""601398.SH"": 13367.0577}",-0.006868691041,-0.01350303031,0.9971956106
2025-07-22,V11 LambdaRank Top2 ledger crosscheck,206818.8833,213062.9712,588.078992,2,3967.560024,2276.52785,7588426.167,0,"{""601288.SH"": 17154.2894, ""601398.SH"": 13367.0577}",-0.01373676219,-0.02705430459,0.9971565508
2025-07-23,V11 LambdaRank Top2 ledger crosscheck,210060.3796,216304.4675,588.078992,2,3967.560024,2276.52785,7588426.167,0,"{""601288.SH"": 17154.2894, ""601398.SH"": 13367.0577}",0.01567311576,-0.01180521408,0.9972004288
2025-07-24,V11 LambdaRank Top2 ledger crosscheck,207865.9593,214110.0472,588.078992,2,3967.560024,2276.52785,7588426.167,0,"{""601288.SH"": 17154.2894, ""601398.SH"": 13367.0577}",-0.01044661659,-0.02212850612,0.997170874
2025-07-25,V11 LambdaRank Top2 ledger crosscheck,206720.8501,212964.938,588.078992,2,3967.560024,2276.52785,7588426.167,0,"{""601288.SH"": 17154.2894, ""601398.SH"": 13367.0577}",-0.005508883016,-0.02751548578,0.9971552023
2025-07-28,V11 LambdaRank Top2 ledger crosscheck,206892.393,213136.4809,588.078992,2,3967.560024,2276.52785,7588426.167,0,"{""601288.SH"": 17154.2894, ""601398.SH"": 13367.0577}",0.0008298286992,-0.02670849022,0.9971575611
2025-07-29,V11 LambdaRank Top2 ledger crosscheck,205232.6551,211476.7429,588.078992,2,3967.560024,2276.52785,7588426.167,0,"{""601288.SH"": 17154.2894, ""601398.SH"": 13367.0577}",-0.00802222794,-0.03451645657,0.997134574
2025-07-30,V11 LambdaRank Top2 ledger crosscheck,207578.5646,213822.6524,588.078992,2,3967.560024,2276.52785,7588426.167,0,"{""601288.SH"": 17154.2894, ""601398.SH"": 13367.0577}",0.01143048854,-0.02348050799,0.997166957
2025-07-31,V11 LambdaRank Top2 ledger crosscheck,209715.0589,215959.1467,588.078992,2,3967.560024,2276.52785,7588426.167,0,"{""601288.SH"": 17154.2894, ""601398.SH"": 13367.0577}",0.0102924611,-0.0134297191,0.997195819
2025-08-01,V11 LambdaRank Top2 ledger crosscheck,211031.711,217275.7989,588.078992,2,3967.560024,2276.52785,7588426.167,0,"{""601288.SH"": 17154.2894, ""601398.SH"": 13367.0577}",0.006278290907,-0.007235743876,0.9972133146
2025-08-04,V11 LambdaRank Top2 ledger crosscheck,212756.8548,219174.7268,234.9454646,2,4078.574364,2339.297645,7797658.817,0,"{""601288.SH"": 16754.2894, ""601988.SH"": 18900.0}",0.008174808417,0,0.9988957091
2025-08-05,V11 LambdaRank Top2 ledger crosscheck,216592.9982,223010.8702,234.9454646,2,4078.574364,2339.297645,7797658.817,0,"{""601288.SH"": 16754.2894, ""601988.SH"": 18900.0}",0.01803064543,0,0.9989152675
2025-08-06,V11 LambdaRank Top2 ledger crosscheck,218122.3414,224540.2134,234.9454646,2,4078.574364,2339.297645,7797658.817,0,"{""601288.SH"": 16754.2894, ""601988.SH"": 18900.0}",0.007060907627,0,0.998922873
2025-08-07,V11 LambdaRank Top2 ledger crosscheck,220764.2274,227182.0994,234.9454646,2,4078.574364,2339.297645,7797658.817,0,"{""601288.SH"": 16754.2894, ""601988.SH"": 18900.0}",0.01211194612,0,0.998935763
2025-08-08,V11 LambdaRank Top2 ledger crosscheck,219819.2274,226237.0994,234.9454646,2,4078.574364,2339.297645,7797658.817,0,"{""601288.SH"": 16754.2894, ""601988.SH"": 18900.0}",-0.004280584817,-0.004280584817,0.9989311878
2025-08-11,V11 LambdaRank Top2 ledger crosscheck,219376.8561,225794.7281,234.9454646,2,4078.574364,2339.297645,7797658.817,0,"{""601288.SH"": 16754.2894, ""601988.SH"": 18900.0}",-0.002012432319,-0.006284402748,0.9989290326
2025-08-12,V11 LambdaRank Top2 ledger crosscheck,221975.828,228393.7,234.9454646,2,4078.574364,2339.297645,7797658.817,0,"{""601288.SH"": 16754.2894, ""601988.SH"": 18900.0}",0.01184706483,0,0.9989415719
2025-08-13,V11 LambdaRank Top2 ledger crosscheck,219626.1135,226043.9855,234.9454646,2,4078.574364,2339.297645,7797658.817,0,"{""601288.SH"": 16754.2894, ""601988.SH"": 18900.0}",-0.01058545199,-0.01058545199,0.998930248
2025-08-14,V11 LambdaRank Top2 ledger crosscheck,221447.6282,227865.5002,234.9454646,2,4078.574364,2339.297645,7797658.817,0,"{""601288.SH"": 16754.2894, ""601988.SH"": 18900.0}",0.008293707432,-0.002379537204,0.9989390473
2025-08-15,V11 LambdaRank Top2 ledger crosscheck,218006.828,224424.7,234.9454646,2,4078.574364,2339.297645,7797658.817,0,"{""601288.SH"": 16754.2894, ""601988.SH"": 18900.0}",-0.01553776072,-0.01788032524,0.9989223023
2025-08-18,V11 LambdaRank Top2 ledger crosscheck,219347.1711,225765.0431,234.9454646,2,4078.574364,2339.297645,7797658.817,0,"{""601288.SH"": 16754.2894, ""601988.SH"": 18900.0}",0.006148170522,-0.01184208601,0.9989288876
2025-08-19,V11 LambdaRank Top2 ledger crosscheck,222934.0572,229351.9292,234.9454646,2,4078.574364,2339.297645,7797658.817,0,"{""601288.SH"": 16754.2894, ""601988.SH"": 18900.0}",0.01635255212,0,0.9989461213
2025-08-20,V11 LambdaRank Top2 ledger crosscheck,226018.3145,232436.1865,234.9454646,2,4078.574364,2339.297645,7797658.817,0,"{""601288.SH"": 16754.2894, ""601988.SH"": 18900.0}",0.01383484159,0,0.9989605025
2025-08-21,V11 LambdaRank Top2 ledger crosscheck,229287.4579,235705.3299,234.9454646,2,4078.574364,2339.297645,7797658.817,0,"{""601288.SH"": 16754.2894, ""601988.SH"": 18900.0}",0.0144640642,0,0.9989753235
2025-08-22,V11 LambdaRank Top2 ledger crosscheck,230271.2582,236689.1302,234.9454646,2,4078.574364,2339.297645,7797658.817,0,"{""601288.SH"": 16754.2894, ""601988.SH"": 18900.0}",0.004290685011,0,0.9989797013
2025-08-25,V11 LambdaRank Top2 ledger crosscheck,229223.0866,235640.9586,234.9454646,2,4078.574364,2339.297645,7797658.817,0,"{""601288.SH"": 16754.2894, ""601988.SH"": 18900.0}",-0.00455189929,-0.00455189929,0.9989750358
2025-08-26,V11 LambdaRank Top2 ledger crosscheck,229180.1724,235598.0444,234.9454646,2,4078.574364,2339.297645,7797658.817,0,"{""601288.SH"": 16754.2894, ""601988.SH"": 18900.0}",-0.0001872159229,-0.004738263025,0.9989748438
2025-08-27,V11 LambdaRank Top2 ledger crosscheck,224252.9432,230670.8152,234.9454646,2,4078.574364,2339.297645,7797658.817,0,"{""601288.SH"": 16754.2894, ""601988.SH"": 18900.0}",-0.02149936946,-0.02613576282,0.9989523194
2025-08-28,V11 LambdaRank Top2 ledger crosscheck,222367.0572,228784.9292,234.9454646,2,4078.574364,2339.297645,7797658.817,0,"{""601288.SH"": 16754.2894, ""601988.SH"": 18900.0}",-0.008409637886,-0.03432560841,0.998943434
2025-08-29,V11 LambdaRank Top2 ledger crosscheck,222178.0572,228595.9292,234.9454646,2,4078.574364,2339.297645,7797658.817,0,"{""601288.SH"": 16754.2894, ""601988.SH"": 18900.0}",-0.0008499460416,-0.03514637953,0.9989425352
2025-09-01,V11 LambdaRank Top2 ledger crosscheck,222680.6858,229098.5578,234.9454646,2,4078.574364,2339.297645,7797658.817,0,"{""601288.SH"": 16754.2894, ""601988.SH"": 18900.0}",0.002262278683,-0.03296361176,0.9989449221
2025-09-02,V11 LambdaRank Top2 ledger crosscheck,226558.9539,233170.4721,911.9539436,2,4201.812069,2409.706042,8032353.472,0,"{""601939.SH"": 12200.0, ""601988.SH"": 20100.0}",0.01741627522,-0.01612143987,0.995974761
2025-09-03,V11 LambdaRank Top2 ledger crosscheck,223852.9539,230464.4721,911.9539436,2,4201.812069,2409.706042,8032353.472,0,"{""601939.SH"": 12200.0, ""601988.SH"": 20100.0}",-0.01194391108,-0.02787279791,0.9959261027
2025-09-04,V11 LambdaRank Top2 ledger crosscheck,226113.9539,232725.4721,911.9539436,2,4201.812069,2409.706042,8032353.472,0,"{""601939.SH"": 12200.0, ""601988.SH"": 20100.0}",0.01010038045,-0.01805394332,0.9959668392
2025-09-05,V11 LambdaRank Top2 ledger crosscheck,222273.9539,228885.4721,911.9539436,2,4201.812069,2409.706042,8032353.472,0,"{""601939.SH"": 12200.0, ""601988.SH"": 20100.0}",-0.01698258747,-0.03472992811,0.9958971624
2025-09-08,V11 LambdaRank Top2 ledger crosscheck,220658.9539,227270.4721,911.9539436,2,4201.812069,2409.706042,8032353.472,0,"{""601939.SH"": 12200.0, ""601988.SH"": 20100.0}",-0.007265808572,-0.04174339568,0.9958671337
2025-09-09,V11 LambdaRank Top2 ledger crosscheck,220981.9539,227593.4721,911.9539436,2,4201.812069,2409.706042,8032353.472,0,"{""601939.SH"": 12200.0, ""601988.SH"": 20100.0}",0.001463797386,-0.04034070216,0.9958731746
2025-09-10,V11 LambdaRank Top2 ledger crosscheck,222890.9539,229502.4721,911.9539436,2,4201.812069,2409.706042,8032353.472,0,"{""601939.SH"": 12200.0, ""601988.SH"": 20100.0}",0.008638714456,-0.03205047952,0.9959085197
2025-09-11,V11 LambdaRank Top2 ledger crosscheck,223213.9539,229825.4721,911.9539436,2,4201.812069,2409.706042,8032353.472,0,"{""601939.SH"": 12200.0, ""601988.SH"": 20100.0}",0.001449139116,-0.030647786,0.9959144403
2025-09-12,V11 LambdaRank Top2 ledger crosscheck,222323.9539,228935.4721,911.9539436,2,4201.812069,2409.706042,8032353.472,0,"{""601939.SH"": 12200.0, ""601988.SH"": 20100.0}",-0.003987205926,-0.0345127929,0.9958980851
2025-09-15,V11 LambdaRank Top2 ledger crosscheck,220945.9539,227557.4721,911.9539436,2,4201.812069,2409.706042,8032353.472,0,"{""601939.SH"": 12200.0, ""601988.SH"": 20100.0}",-0.006198162526,-0.04049703952,0.9958725022
2025-09-16,V11 LambdaRank Top2 ledger crosscheck,219574.9539,226186.4721,911.9539436,2,4201.812069,2409.706042,8032353.472,0,"{""601939.SH"": 12200.0, ""601988.SH"": 20100.0}",-0.00620513739,-0.04645088722,0.9958467306
2025-09-17,V11 LambdaRank Top2 ledger crosscheck,219251.9539,225863.4721,911.9539436,2,4201.812069,2409.706042,8032353.472,0,"{""601939.SH"": 12200.0, ""601988.SH"": 20100.0}",-0.001471023877,-0.04785358073,0.995840612
2025-09-18,V11 LambdaRank Top2 ledger crosscheck,214435.9539,221047.4721,911.9539436,2,4201.812069,2409.706042,8032353.472,0,"{""601939.SH"": 12200.0, ""601988.SH"": 20100.0}",-0.02196559672,-0.06876804499,0.9957471966
2025-09-19,V11 LambdaRank Top2 ledger crosscheck,215576.9539,222188.4721,911.9539436,2,4201.812069,2409.706042,8032353.472,0,"{""601939.SH"": 12200.0, ""601988.SH"": 20100.0}",0.00532093606,-0.0638130193,0.9957697058
2025-09-22,V11 LambdaRank Top2 ledger crosscheck,210430.9539,217042.4721,911.9539436,2,4201.812069,2409.706042,8032353.472,0,"{""601939.SH"": 12200.0, ""601988.SH"": 20100.0}",-0.0238708262,-0.08616057601,0.9956662557
2025-09-23,V11 LambdaRank Top2 ledger crosscheck,215411.9539,222023.4721,911.9539436,2,4201.812069,2409.706042,8032353.472,0,"{""601939.SH"": 12200.0, ""601988.SH"": 20100.0}",0.02367047198,-0.06452956552,0.9957664655
2025-09-24,V11 LambdaRank Top2 ledger crosscheck,213789.9539,220401.4721,911.9539436,2,4201.812069,2409.706042,8032353.472,0,"{""601939.SH"": 12200.0, ""601988.SH"": 20100.0}",-0.007529758541,-0.07157343202,0.9957343461
2025-09-25,V11 LambdaRank Top2 ledger crosscheck,212741.9539,219353.4721,911.9539436,2,4201.812069,2409.706042,8032353.472,0,"{""601939.SH"": 12200.0, ""601988.SH"": 20100.0}",-0.004902007698,-0.0761245862,0.9957133329
2025-09-26,V11 LambdaRank Top2 ledger crosscheck,211887.9539,218499.4721,911.9539436,2,4201.812069,2409.706042,8032353.472,0,"{""601939.SH"": 12200.0, ""601988.SH"": 20100.0}",-0.004014252874,-0.07983325574,0.9956960557
2025-09-29,V11 LambdaRank Top2 ledger crosscheck,210351.9539,216963.4721,911.9539436,2,4201.812069,2409.706042,8032353.472,0,"{""601939.SH"": 12200.0, ""601988.SH"": 20100.0}",-0.007249114314,-0.08650364965,0.9956646281
2025-09-30,V11 LambdaRank Top2 ledger crosscheck,210071.9539,216683.4721,911.9539436,2,4201.812069,2409.706042,8032353.472,0,"{""601939.SH"": 12200.0, ""601988.SH"": 20100.0}",-0.001331102444,-0.08771960688,0.9956588496
2025-10-09,V11 LambdaRank Top2 ledger crosscheck,211808.9539,218420.4721,911.9539436,2,4201.812069,2409.706042,8032353.472,0,"{""601939.SH"": 12200.0, ""601988.SH"": 20100.0}",0.008268595438,-0.08017632938,0.9956944505
2025-10-10,V11 LambdaRank Top2 ledger crosscheck,213230.3427,220182.4721,735.3427459,2,4416.274467,2535.854842,8452849.472,0,"{""601288.SH"": 15700.0, ""601398.SH"": 14400.0}",0.006710711591,-0.07400365801,0.996551416
2025-10-13,V11 LambdaRank Top2 ledger crosscheck,213910.3427,220862.4721,735.3427459,2,4416.274467,2535.854842,8452849.472,0,"{""601288.SH"": 15700.0, ""601398.SH"": 14400.0}",0.003189039567,-0.07105061904,0.9965623787
2025-10-14,V11 LambdaRank Top2 ledger crosscheck,220676.3427,227628.4721,735.3427459,2,4416.274467,2535.854842,8452849.472,0,"{""601288.SH"": 15700.0, ""601398.SH"": 14400.0}",0.03163007414,-0.04166788125,0.9966677772
2025-10-15,V11 LambdaRank Top2 ledger crosscheck,222298.3427,229250.4721,735.3427459,2,4416.274467,2535.854842,8452849.472,0,"{""601288.SH"": 15700.0, ""601398.SH"": 14400.0}",0.007350130874,-0.03462401476,0.9966920907
2025-10-16,V11 LambdaRank Top2 ledger crosscheck,228200.3427,235152.4721,735.3427459,2,4416.274467,2535.854842,8452849.472,0,"{""601288.SH"": 15700.0, ""601398.SH"": 14400.0}",0.02654990553,-0.008993373544,0.996777644
2025-10-17,V11 LambdaRank Top2 ledger crosscheck,230097.3427,237049.4721,735.3427459,2,4416.274467,2535.854842,8452849.472,0,"{""601288.SH"": 15700.0, ""601398.SH"": 14400.0}",0.00831287095,-0.0007552633473,0.9968042102
2025-10-20,V11 LambdaRank Top2 ledger crosscheck,231994.3427,238946.4721,735.3427459,2,4416.274467,2535.854842,8452849.472,0,"{""601288.SH"": 15700.0, ""601398.SH"": 14400.0}",0.008244336842,0,0.9968303419
2025-10-21,V11 LambdaRank Top2 ledger crosscheck,234467.3427,241419.4721,735.3427459,2,4416.274467,2535.854842,8452849.472,0,"{""601288.SH"": 15700.0, ""601398.SH"": 14400.0}",0.01065974269,0,0.9968637733
2025-10-22,V11 LambdaRank Top2 ledger crosscheck,239492.3427,246444.4721,735.3427459,2,4416.274467,2535.854842,8452849.472,0,"{""601288.SH"": 15700.0, ""601398.SH"": 14400.0}",0.02143155606,0,0.9969295772
2025-10-23,V11 LambdaRank Top2 ledger crosscheck,239074.3427,246026.4721,735.3427459,2,4416.274467,2535.854842,8452849.472,0,"{""601288.SH"": 15700.0, ""601398.SH"": 14400.0}",-0.001745358516,-0.001745358516,0.9969242089
2025-10-24,V11 LambdaRank Top2 ledger crosscheck,239074.3427,246026.4721,735.3427459,2,4416.274467,2535.854842,8452849.472,0,"{""601288.SH"": 15700.0, ""601398.SH"": 14400.0}",0,-0.001745358516,0.9969242089
2025-10-27,V11 LambdaRank Top2 ledger crosscheck,243065.3427,250017.4721,735.3427459,2,4416.274467,2535.854842,8452849.472,0,"{""601288.SH"": 15700.0, ""601398.SH"": 14400.0}",0.01669355212,0,0.9969747117
2025-10-28,V11 LambdaRank Top2 ledger crosscheck,246258.3427,253210.4721,735.3427459,2,4416.274467,2535.854842,8452849.472,0,"{""601288.SH"": 15700.0, ""601398.SH"": 14400.0}",0.01313638532,0,0.9970139377
2025-10-29,V11 LambdaRank Top2 ledger crosscheck,241442.3427,248394.4721,735.3427459,2,4416.274467,2535.854842,8452849.472,0,"{""601288.SH"": 15700.0, ""601398.SH"": 14400.0}",-0.01955669784,-0.01955669784,0.9969543754
2025-10-30,V11 LambdaRank Top2 ledger crosscheck,240173.3427,247125.4721,735.3427459,2,4416.274467,2535.854842,8452849.472,0,"{""601288.SH"": 15700.0, ""601398.SH"": 14400.0}",-0.005255913215,-0.02470982275,0.9969382833
2025-10-31,V11 LambdaRank Top2 ledger crosscheck,237739.3427,244691.4721,735.3427459,2,4416.274467,2535.854842,8452849.472,0,"{""601288.SH"": 15700.0, ""601398.SH"": 14400.0}",-0.01013434702,-0.03459375185,0.9969069371
2025-11-03,V11 LambdaRank Top2 ledger crosscheck,240252.3427,247204.4721,735.3427459,2,4416.274467,2535.854842,8452849.472,0,"{""601288.SH"": 15700.0, ""601398.SH"": 14400.0}",0.01057040022,-0.02438902144,0.99693929
2025-11-04,V11 LambdaRank Top2 ledger crosscheck,245839.8452,252808.4721,13.84519483,2,4429.196318,2539.430542,8464768.472,0,"{""601288.SH"": 15000.0, ""601398.SH"": 15200.0}",0.02325680734,-0.001699424866,0.9999436821
2025-11-05,V11 LambdaRank Top2 ledger crosscheck,246441.8452,253410.4721,13.84519483,2,4429.196318,2539.430542,8464768.472,0,"{""601288.SH"": 15000.0, ""601398.SH"": 15200.0}",0.002448748695,0,0.9999438196
2025-11-06,V11 LambdaRank Top2 ledger crosscheck,245381.8452,252350.4721,13.84519483,2,4429.196318,2539.430542,8464768.472,0,"{""601288.SH"": 15000.0, ""601398.SH"": 15200.0}",-0.004301217592,-0.004301217592,0.9999435769
2025-11-07,V11 LambdaRank Top2 ledger crosscheck,243573.8452,250542.4721,13.84519483,2,4429.196318,2539.430542,8464768.472,0,"{""601288.SH"": 15000.0, ""601398.SH"": 15200.0}",-0.007368108258,-0.01163763401,0.9999431581
2025-11-10,V11 LambdaRank Top2 ledger crosscheck,245237.8452,252206.4721,13.84519483,2,4429.196318,2539.430542,8464768.472,0,"{""601288.SH"": 15000.0, ""601398.SH"": 15200.0}",0.006831603774,-0.004885533944,0.9999435438
2025-11-11,V11 LambdaRank Top2 ledger crosscheck,248545.8452,255514.4721,13.84519483,2,4429.196318,2539.430542,8464768.472,0,"{""601288.SH"": 15000.0, ""601398.SH"": 15200.0}",0.01348894579,0,0.9999442952
2025-11-12,V11 LambdaRank Top2 ledger crosscheck,253351.8452,260320.4721,13.84519483,2,4429.196318,2539.430542,8464768.472,0,"{""601288.SH"": 15000.0, ""601398.SH"": 15200.0}",0.0193364729,0,0.9999453519
2025-11-13,V11 LambdaRank Top2 ledger crosscheck,253205.8452,260174.4721,13.84519483,2,4429.196318,2539.430542,8464768.472,0,"{""601288.SH"": 15000.0, ""601398.SH"": 15200.0}",-0.0005762736793,-0.0005762736793,0.9999453204
2025-11-14,V11 LambdaRank Top2 ledger crosscheck,252913.8452,259882.4721,13.84519483,2,4429.196318,2539.430542,8464768.472,0,"{""601288.SH"": 15000.0, ""601398.SH"": 15200.0}",-0.001153211924,-0.001728821038,0.9999452573
2025-11-17,V11 LambdaRank Top2 ledger crosscheck,248997.8452,255966.4721,13.84519483,2,4429.196318,2539.430542,8464768.472,0,"{""601288.SH"": 15000.0, ""601398.SH"": 15200.0}",-0.01548353352,-0.0171855863,0.9999443963
2025-11-18,V11 LambdaRank Top2 ledger crosscheck,247503.8452,254472.4721,13.84519483,2,4429.196318,2539.430542,8464768.472,0,"{""601288.SH"": 15000.0, ""601398.SH"": 15200.0}",-0.006000051923,-0.02308252381,0.9999440607
2025-11-19,V11 LambdaRank Top2 ledger crosscheck,248409.8452,255378.4721,13.84519483,2,4429.196318,2539.430542,8464768.472,0,"{""601288.SH"": 15000.0, ""601398.SH"": 15200.0}",0.00366054919,-0.01950646934,0.9999442647
2025-11-20,V11 LambdaRank Top2 ledger crosscheck,248117.8452,255086.4721,13.84519483,2,4429.196318,2539.430542,8464768.472,0,"{""601288.SH"": 15000.0, ""601398.SH"": 15200.0}",-0.00117547676,-0.0206590167,0.9999441991
2025-11-21,V11 LambdaRank Top2 ledger crosscheck,246163.8452,253132.4721,13.84519483,2,4429.196318,2539.430542,8464768.472,0,"{""601288.SH"": 15000.0, ""601398.SH"": 15200.0}",-0.00787529006,-0.02837161101,0.9999437562
2025-11-24,V11 LambdaRank Top2 ledger crosscheck,244953.8452,251922.4721,13.84519483,2,4429.196318,2539.430542,8464768.472,0,"{""601288.SH"": 15000.0, ""601398.SH"": 15200.0}",-0.00491542533,-0.0331475778,0.9999434784
2025-11-25,V11 LambdaRank Top2 ledger crosscheck,247375.8452,254344.4721,13.84519483,2,4429.196318,2539.430542,8464768.472,0,"{""601288.SH"": 15000.0, ""601398.SH"": 15200.0}",0.009887576976,-0.02358775005,0.9999440317
2025-11-26,V11 LambdaRank Top2 ledger crosscheck,243145.8452,250114.4721,13.84519483,2,4429.196318,2539.430542,8464768.472,0,"{""601288.SH"": 15000.0, ""601398.SH"": 15200.0}",-0.0170994868,-0.04028389843,0.9999430581
2025-11-27,V11 LambdaRank Top2 ledger crosscheck,245545.8452,252514.4721,13.84519483,2,4429.196318,2539.430542,8464768.472,0,"{""601288.SH"": 15000.0, ""601398.SH"": 15200.0}",0.009870619003,-0.03081090645,0.9999436146
2025-11-28,V11 LambdaRank Top2 ledger crosscheck,243885.8452,250854.4721,13.84519483,2,4429.196318,2539.430542,8464768.472,0,"{""601288.SH"": 15000.0, ""601398.SH"": 15200.0}",-0.006760448334,-0.03736305924,0.9999432308
2025-12-01,V11 LambdaRank Top2 ledger crosscheck,242831.8452,249800.4721,13.84519483,2,4429.196318,2539.430542,8464768.472,0,"{""601288.SH"": 15000.0, ""601398.SH"": 15200.0}",-0.004321694025,-0.04152328155,0.9999429844
2025-12-02,V11 LambdaRank Top2 ledger crosscheck,243280.0407,250260.4721,26.04071761,2,4440.037195,2540.394142,8467980.472,0,"{""601288.SH"": 15200.0, ""601398.SH"": 15000.0}",0.001845703237,-0.03975421797,0.9998929599
2025-12-03,V11 LambdaRank Top2 ledger crosscheck,242072.0407,249052.4721,26.04071761,2,4440.037195,2540.394142,8467980.472,0,"{""601288.SH"": 15200.0, ""601398.SH"": 15000.0}",-0.004965471053,-0.04452229061,0.9998924258
2025-12-04,V11 LambdaRank Top2 ledger crosscheck,240856.0407,247836.4721,26.04071761,2,4440.037195,2540.394142,8467980.472,0,"{""601288.SH"": 15200.0, ""601398.SH"": 15000.0}",-0.005023298008,-0.04932193988,0.9998918826
2025-12-05,V11 LambdaRank Top2 ledger crosscheck,238740.0407,245720.4721,26.04071761,2,4440.037195,2540.394142,8467980.472,0,"{""601288.SH"": 15200.0, ""601398.SH"": 15000.0}",-0.00878533083,-0.05767396115,0.9998909244
2025-12-08,V11 LambdaRank Top2 ledger crosscheck,239044.0407,246024.4721,26.04071761,2,4440.037195,2540.394142,8467980.472,0,"{""601288.SH"": 15200.0, ""601398.SH"": 15000.0}",0.001273351546,-0.05647404883,0.9998910631
2025-12-09,V11 LambdaRank Top2 ledger crosscheck,243734.0407,250714.4721,26.04071761,2,4440.037195,2540.394142,8467980.472,0,"{""601288.SH"": 15200.0, ""601398.SH"": 15000.0}",0.0196198156,-0.03796224365,0.9998931593
2025-12-10,V11 LambdaRank Top2 ledger crosscheck,237990.0407,244970.4721,26.04071761,2,4440.037195,2540.394142,8467980.472,0,"{""601288.SH"": 15200.0, ""601398.SH"": 15000.0}",-0.02356667121,-0.06063427115,0.9998905806
2025-12-11,V11 LambdaRank Top2 ledger crosscheck,240562.0407,247542.4721,26.04071761,2,4440.037195,2540.394142,8467980.472,0,"{""601288.SH"": 15200.0, ""601398.SH"": 15000.0}",0.01080717492,-0.0504823814,0.9998917505
2025-12-12,V11 LambdaRank Top2 ledger crosscheck,236920.0407,243900.4721,26.04071761,2,4440.037195,2540.394142,8467980.472,0,"{""601288.SH"": 15200.0, ""601398.SH"": 15000.0}",-0.01513954566,-0.06485764674,0.9998900865
2025-12-15,V11 LambdaRank Top2 ledger crosscheck,234920.5333,241900.9646,26.04071761,2,4440.037195,2540.394142,8467980.472,0,"{""601288.SH"": 15440.2645, ""601398.SH"": 15268.4906}",-0.008439587519,-0.07274986248,0.999889151
2025-12-16,V11 LambdaRank Top2 ledger crosscheck,232762.3317,239742.7631,26.04071761,2,4440.037195,2540.394142,8467980.472,0,"{""601288.SH"": 15440.2645, ""601398.SH"": 15268.4906}",-0.009186943014,-0.08126845665,0.9998881231
2025-12-17,V11 LambdaRank Top2 ledger crosscheck,234302.9227,241283.3541,26.04071761,2,4440.037195,2540.394142,8467980.472,0,"{""601288.SH"": 15440.2645, ""601398.SH"": 15268.4906}",0.006618729759,-0.07518762084,0.9998888588
2025-12-18,V11 LambdaRank Top2 ledger crosscheck,239367.2907,246347.722,26.04071761,2,4440.037195,2540.394142,8467980.472,0,"{""601288.SH"": 15440.2645, ""601398.SH"": 15268.4906}",0.02161461719,-0.0551981553,0.9998912102
2025-12-19,V11 LambdaRank Top2 ledger crosscheck,236915.7435,243896.1748,26.04071761,2,4440.037195,2540.394142,8467980.472,0,"{""601288.SH"": 15440.2645, ""601398.SH"": 15268.4906}",-0.01024178025,-0.06487460816,0.9998900845
2025-12-22,V11 LambdaRank Top2 ledger crosscheck,237686.039,244666.4703,26.04071761,2,4440.037195,2540.394142,8467980.472,0,"{""601288.SH"": 15440.2645, ""601398.SH"": 15268.4906}",0.003251347819,-0.06183419026,0.9998904407
2025-12-23,V11 LambdaRank Top2 ledger crosscheck,239224.9122,246205.3436,26.04071761,2,4440.037195,2540.394142,8467980.472,0,"{""601288.SH"": 15440.2645, ""601398.SH"": 15268.4906}",0.006474394707,-0.05576013451,0.9998911455
2025-12-24,V11 LambdaRank Top2 ledger crosscheck,238763.422,245743.8534,26.04071761,2,4440.037195,2540.394142,8467980.472,0,"{""601288.SH"": 15440.2645, ""601398.SH"": 15268.4906}",-0.001929105926,-0.05758167323,0.9998909351
2025-12-25,V11 LambdaRank Top2 ledger crosscheck,237073.5816,244054.013,26.04071761,2,4440.037195,2540.394142,8467980.472,0,"{""601288.SH"": 15440.2645, ""601398.SH"": 15268.4906}",-0.007077467666,-0.06425160847,0.9998901577
2025-12-26,V11 LambdaRank Top2 ledger crosscheck,235229.3386,242209.7699,26.04071761,2,4440.037195,2540.394142,8467980.472,0,"{""601288.SH"": 15440.2645, ""601398.SH"": 15268.4906}",-0.007779201005,-0.07153098329,0.9998892965
2025-12-29,V11 LambdaRank Top2 ledger crosscheck,238152.6824,245133.1137,26.04071761,2,4440.037195,2540.394142,8467980.472,0,"{""601288.SH"": 15440.2645, ""601398.SH"": 15268.4906}",0.0124276327,-0.05999231138,0.9998906554
2025-12-30,V11 LambdaRank Top2 ledger crosscheck,237384.1047,244364.536,26.04071761,2,4440.037195,2540.394142,8467980.472,0,"{""601288.SH"": 15440.2645, ""601398.SH"": 15268.4906}",-0.003227247911,-0.06302594923,0.9998903013
2025-12-31,V11 LambdaRank Top2 ledger crosscheck,239686.4024,246666.8338,26.04071761,2,4440.037195,2540.394142,8467980.472,0,"{""601288.SH"": 15440.2645, ""601398.SH"": 15268.4906}",0.009698618048,-0.05393859579,0.999891355
2026-01-05,V11 LambdaRank Top2 ledger crosscheck,236308.4394,243288.8707,26.04071761,2,4440.037195,2540.394142,8467980.472,0,"{""601288.SH"": 15440.2645, ""601398.SH"": 15268.4906}",-0.01409326113,-0.06727168621,0.999889802
2026-01-06,V11 LambdaRank Top2 ledger crosscheck,235837.7997,242829.0982,39.17355483,2,4450.442958,2540.855542,8469518.472,0,"{""601288.SH"": 15540.2645, ""601398.SH"": 15168.4906}",-0.001991632718,-0.06912933843,0.9998338962
2026-01-07,V11 LambdaRank Top2 ledger crosscheck,233991.5567,240982.8552,39.17355483,2,4450.442958,2540.855542,8469518.472,0,"{""601288.SH"": 15540.2645, ""601398.SH"": 15168.4906}",-0.007828444153,-0.07641660742,0.9998325856
2026-01-08,V11 LambdaRank Top2 ledger crosscheck,232304.434,239295.7325,39.17355483,2,4450.442958,2540.855542,8469518.472,0,"{""601288.SH"": 15540.2645, ""601398.SH"": 15168.4906}",-0.007210186059,-0.08307581552,0.9998313697
2026-01-09,V11 LambdaRank Top2 ledger crosscheck,232141.5959,239132.8944,39.17355483,2,4450.442958,2540.855542,8469518.472,0,"{""601288.SH"": 15540.2645, ""601398.SH"": 15168.4906}",-0.0007009686414,-0.08371855062,0.9998312515
2026-01-12,V11 LambdaRank Top2 ledger crosscheck,234306.0797,241297.3782,39.17355483,2,4450.442958,2540.855542,8469518.472,0,"{""601288.SH"": 15540.2645, ""601398.SH"": 15168.4906}",0.009323980928,-0.07517515986,0.9998328103
2026-01-13,V11 LambdaRank Top2 ledger crosscheck,236766.4979,243757.7964,39.17355483,2,4450.442958,2540.855542,8469518.472,0,"{""601288.SH"": 15540.2645, ""601398.SH"": 15168.4906}",0.01050087197,-0.06546369262,0.9998345477
2026-01-14,V11 LambdaRank Top2 ledger crosscheck,232926.0446,239917.3431,39.17355483,2,4450.442958,2540.855542,8469518.472,0,"{""601288.SH"": 15540.2645, ""601398.SH"": 15168.4906}",-0.01622042514,-0.08062226884,0.9998318198
2026-01-15,V11 LambdaRank Top2 ledger crosscheck,230443.32,237434.6185,39.17355483,2,4450.442958,2540.855542,8469518.472,0,"{""601288.SH"": 15540.2645, ""601398.SH"": 15168.4906}",-0.01065885348,-0.09042178137,0.9998300079
2026-01-16,V11 LambdaRank Top2 ledger crosscheck,227516.694,234507.9925,39.17355483,2,4450.442958,2540.855542,8469518.472,0,"{""601288.SH"": 15540.2645, ""601398.SH"": 15168.4906}",-0.01269998228,-0.1019734086,0.9998278212
2026-01-19,V11 LambdaRank Top2 ledger crosscheck,224593.7856,231585.0841,39.17355483,2,4450.442958,2540.855542,8469518.472,0,"{""601288.SH"": 15540.2645, ""601398.SH"": 15168.4906}",-0.01284700604,-0.1135103617,0.9998255804
2026-01-20,V11 LambdaRank Top2 ledger crosscheck,225833.289,232824.5875,39.17355483,2,4450.442958,2540.855542,8469518.472,0,"{""601288.SH"": 15540.2645, ""601398.SH"": 15168.4906}",0.005518867843,-0.1086179425,0.9998265377
2026-01-21,V11 LambdaRank Top2 ledger crosscheck,219687.8203,226679.1188,39.17355483,2,4450.442958,2540.855542,8469518.472,0,"{""601288.SH"": 15540.2645, ""601398.SH"": 15168.4906}",-0.02721241312,-0.1328745993,0.9998216854
2026-01-22,V11 LambdaRank Top2 ledger crosscheck,216143.3014,223134.5999,39.17355483,2,4450.442958,2540.855542,8469518.472,0,"{""601288.SH"": 15540.2645, ""601398.SH"": 15168.4906}",-0.01613434426,-0.146865099,0.9998187612
2026-01-23,V11 LambdaRank Top2 ledger crosscheck,214300.7761,221292.0746,39.17355483,2,4450.442958,2540.855542,8469518.472,0,"{""601288.SH"": 15540.2645, ""601398.SH"": 15168.4906}",-0.008524554282,-0.1541376938,0.9998172029
2026-01-26,V11 LambdaRank Top2 ledger crosscheck,216154.4546,223145.7531,39.17355483,2,4450.442958,2540.855542,8469518.472,0,"{""601288.SH"": 15540.2645, ""601398.SH"": 15168.4906}",0.008649891788,-0.1468210764,0.9998187705
2026-01-27,V11 LambdaRank Top2 ledger crosscheck,216779.7829,223771.0814,39.17355483,2,4450.442958,2540.855542,8469518.472,0,"{""601288.SH"": 15540.2645, ""601398.SH"": 15168.4906}",0.002892969847,-0.1443528555,0.9998192933
2026-01-28,V11 LambdaRank Top2 ledger crosscheck,214926.1044,221917.4029,39.17355483,2,4450.442958,2540.855542,8469518.472,0,"{""601288.SH"": 15540.2645, ""601398.SH"": 15168.4906}",-0.008550975087,-0.1516694729,0.9998177348
2026-01-29,V11 LambdaRank Top2 ledger crosscheck,215525.4085,222516.707,39.17355483,2,4450.442958,2540.855542,8469518.472,0,"{""601288.SH"": 15540.2645, ""601398.SH"": 15168.4906}",0.00278841952,-0.1493039715,0.9998182416
2026-01-30,V11 LambdaRank Top2 ledger crosscheck,214441.3077,221432.6062,39.17355483,2,4450.442958,2540.855542,8469518.472,0,"{""601288.SH"": 15540.2645, ""601398.SH"": 15168.4906}",-0.005030036985,-0.153583004,0.9998173227
2026-02-02,V11 LambdaRank Top2 ledger crosscheck,216435.518,223426.8165,39.17355483,2,4450.442958,2540.855542,8469518.472,0,"{""601288.SH"": 15540.2645, ""601398.SH"": 15168.4906}",0.00929956188,-0.1457116968,0.9998190059
2026-02-03,V11 LambdaRank Top2 ledger crosscheck,212462.1375,219636.6149,769.9759424,2,4567.458021,2607.019336,8690064.453,0,"{""601288.SH"": 15940.2645, ""601939.SH"": 12200.0}",-0.01835826415,-0.1613949471,0.9963759381
2026-02-04,V11 LambdaRank Top2 ledger crosscheck,213475.5402,220650.0175,769.9759424,2,4567.458021,2607.019336,8690064.453,-2.910383046e-11,"{""601288.SH"": 15940.2645, ""601939.SH"": 12200.0}",0.00476980349,-0.1573949658,0.9963931421
2026-02-05,V11 LambdaRank Top2 ledger crosscheck,215295.7481,222470.2255,769.9759424,2,4567.458021,2607.019336,8690064.453,-2.910383046e-11,"{""601288.SH"": 15940.2645, ""601939.SH"": 12200.0}",0.00852654095,-0.1502104595,0.9964236361
2026-02-06,V11 LambdaRank Top2 ledger crosscheck,214939.5402,222114.0175,769.9759424,2,4567.458021,2607.019336,8690064.453,0,"{""601288.SH"": 15940.2645, ""601939.SH"": 12200.0}",-0.001654505202,-0.1516164407,0.9964177092
2026-02-09,V11 LambdaRank Top2 ledger crosscheck,215821.1508,222995.6281,769.9759424,2,4567.458021,2607.019336,8690064.453,0,"{""601288.SH"": 15940.2645, ""601939.SH"": 12200.0}",0.00410166775,-0.1481366532,0.9964323425
2026-02-10,V11 LambdaRank Top2 ledger crosscheck,217481.9561,224656.4334,769.9759424,2,4567.458021,2607.019336,8690064.453,0,"{""601288.SH"": 15940.2645, ""601939.SH"": 12200.0}",0.00769528512,-0.1415813218,0.996459587
2026-02-11,V11 LambdaRank Top2 ledger crosscheck,218316.3719,225490.8493,769.9759424,2,4567.458021,2607.019336,8690064.453,0,"{""601288.SH"": 15940.2645, ""601939.SH"": 12200.0}",0.003836713102,-0.1382878157,0.9964731186
2026-02-12,V11 LambdaRank Top2 ledger crosscheck,213617.1243,220791.6017,769.9759424,2,4567.458021,2607.019336,8690064.453,0,"{""601288.SH"": 15940.2645, ""601939.SH"": 12200.0}",-0.02152494368,-0.1568361219,0.9963955327
2026-02-13,V11 LambdaRank Top2 ledger crosscheck,210681.0979,217855.5752,769.9759424,2,4567.458021,2607.019336,8690064.453,-2.910383046e-11,"{""601288.SH"": 15940.2645, ""601939.SH"": 12200.0}",-0.0137443403,-0.1684248532,0.9963453013
2026-02-24,V11 LambdaRank Top2 ledger crosscheck,209958.8899,217133.3673,769.9759424,2,4567.458021,2607.019336,8690064.453,0,"{""601288.SH"": 15940.2645, ""601939.SH"": 12200.0}",-0.003427967399,-0.1712754657,0.99633273
2026-02-25,V11 LambdaRank Top2 ledger crosscheck,210071.0979,217245.5752,769.9759424,2,4567.458021,2607.019336,8690064.453,0,"{""601288.SH"": 15940.2645, ""601939.SH"": 12200.0}",0.0005344281215,-0.170832572,0.9963346888
2026-02-26,V11 LambdaRank Top2 ledger crosscheck,208270.4741,215444.9514,769.9759424,2,4567.458021,2607.019336,8690064.453,0,"{""601288.SH"": 15940.2645, ""601939.SH"": 12200.0}",-0.008571497096,-0.1779397782,0.996303
2026-02-27,V11 LambdaRank Top2 ledger crosscheck,207585.6688,214760.1461,769.9759424,2,4567.458021,2607.019336,8690064.453,0,"{""601288.SH"": 15940.2645, ""601939.SH"": 12200.0}",-0.00328805748,-0.1806427594,0.996290804
2026-03-02,V11 LambdaRank Top2 ledger crosscheck,210324.8899,217499.3673,769.9759424,2,4567.458021,2607.019336,8690064.453,0,"{""601288.SH"": 15940.2645, ""601939.SH"": 12200.0}",0.01319561787,-0.1698308344,0.9963391116
2026-03-03,V11 LambdaRank Top2 ledger crosscheck,216642.4829,223993.4334,545.502825,2,4680.232738,2670.717736,8902392.453,0,"{""601288.SH"": 16240.2645, ""601398.SH"": 15000.0}",0.03003730567,-0.1448947894,0.9974820136
2026-03-04,V11 LambdaRank Top2 ledger crosscheck,215230.4697,222581.4202,545.502825,2,4680.232738,2670.717736,8902392.453,0,"{""601288.SH"": 16240.2645, ""601398.SH"": 15000.0}",-0.006517711605,-0.1504681186,0.9974654944
2026-03-05,V11 LambdaRank Top2 ledger crosscheck,216654.8856,224005.8361,545.502825,2,4680.232738,2670.717736,8902392.453,2.910383046e-11,"{""601288.SH"": 16240.2645, ""601398.SH"": 15000.0}",0.006618095812,-0.1448458352,0.9974821577
2026-03-06,V11 LambdaRank Top2 ledger crosscheck,216005.275,223356.2255,545.502825,2,4680.232738,2670.717736,8902392.453,2.910383046e-11,"{""601288.SH"": 16240.2645, ""601398.SH"": 15000.0}",-0.002998365712,-0.1474099001,0.9974745856
2026-03-09,V11 LambdaRank Top2 ledger crosscheck,215205.6644,222556.6149,545.502825,2,4680.232738,2670.717736,8902392.453,0,"{""601288.SH"": 16240.2645, ""601398.SH"": 15000.0}",-0.003701810431,-0.150566027,0.9974652023
2026-03-10,V11 LambdaRank Top2 ledger crosscheck,213006.4433,220357.3937,545.502825,2,4680.232738,2670.717736,8902392.453,0,"{""601288.SH"": 16240.2645, ""601398.SH"": 15000.0}",-0.0102191602,-0.1592465289,0.9974390313
2026-03-11,V11 LambdaRank Top2 ledger crosscheck,215018.4565,222369.407,545.502825,2,4680.232738,2670.717736,8902392.453,2.910383046e-11,"{""601288.SH"": 16240.2645, ""601398.SH"": 15000.0}",0.009445785744,-0.1513049517,0.9974629953
2026-03-12,V11 LambdaRank Top2 ledger crosscheck,215780.8591,223131.8096,545.502825,2,4680.232738,2670.717736,8902392.453,0,"{""601288.SH"": 16240.2645, ""601398.SH"": 15000.0}",0.003545754432,-0.1482956875,0.9974719592
2026-03-13,V11 LambdaRank Top2 ledger crosscheck,216056.0538,223407.0043,545.502825,2,4680.232738,2670.717736,8902392.453,0,"{""601288.SH"": 16240.2645, ""601398.SH"": 15000.0}",0.001275343471,-0.1472094719,0.9974751792
2026-03-16,V11 LambdaRank Top2 ledger crosscheck,217293.2618,224644.2123,545.502825,2,4680.232738,2670.717736,8902392.453,0,"{""601288.SH"": 16240.2645, ""601398.SH"": 15000.0}",0.005726328483,-0.1423261133,0.9974895548
2026-03-17,V11 LambdaRank Top2 ledger crosscheck,221179.6909,228530.6414,545.502825,2,4680.232738,2670.717736,8902392.453,0,"{""601288.SH"": 16240.2645, ""601398.SH"": 15000.0}",0.01788564019,-0.1269860667,0.9975336668
2026-03-18,V11 LambdaRank Top2 ledger crosscheck,220854.8856,228205.8361,545.502825,2,4680.232738,2670.717736,8902392.453,2.910383046e-11,"{""601288.SH"": 16240.2645, ""601398.SH"": 15000.0}",-0.001468513175,-0.1282680992,0.9975300396
2026-03-19,V11 LambdaRank Top2 ledger crosscheck,224416.5094,231767.4599,545.502825,2,4680.232738,2670.717736,8902392.453,0,"{""601288.SH"": 16240.2645, ""601398.SH"": 15000.0}",0.01612653393,-0.1142100851,0.9975692393
2026-03-20,V11 LambdaRank Top2 ledger crosscheck,222829.6909,230180.6414,545.502825,2,4680.232738,2670.717736,8902392.453,0,"{""601288.SH"": 16240.2645, ""601398.SH"": 15000.0}",-0.007070863546,-0.1204733847,0.9975519294
2026-03-23,V11 LambdaRank Top2 ledger crosscheck,214370.0142,221720.9646,545.502825,2,4680.232738,2670.717736,8902392.453,0,"{""601288.SH"": 16240.2645, ""601398.SH"": 15000.0}",-0.03796476436,-0.1538644054,0.9974553212
2026-03-24,V11 LambdaRank Top2 ledger crosscheck,215907.2221,223258.1726,545.502825,2,4680.232738,2670.717736,8902392.453,0,"{""601288.SH"": 16240.2645, ""601398.SH"": 15000.0}",0.007170816035,-0.1477969227,0.9974734387
2026-03-25,V11 LambdaRank Top2 ledger crosscheck,217019.2353,224370.1858,545.502825,2,4680.232738,2670.717736,8902392.453,0,"{""601288.SH"": 16240.2645, ""601398.SH"": 15000.0}",0.005150421623,-0.1434077176,0.9974863849
2026-03-26,V11 LambdaRank Top2 ledger crosscheck,217569.6248,224920.5752,545.502825,2,4680.232738,2670.717736,8902392.453,0,"{""601288.SH"": 16240.2645, ""601398.SH"": 15000.0}",0.002536131965,-0.1412352865,0.9974927436
2026-03-27,V11 LambdaRank Top2 ledger crosscheck,216782.4168,224133.3673,545.502825,2,4680.232738,2670.717736,8902392.453,0,"{""601288.SH"": 16240.2645, ""601398.SH"": 15000.0}",-0.003618188596,-0.1443424592,0.997483639
2026-03-30,V11 LambdaRank Top2 ledger crosscheck,219494.8195,226845.7699,545.502825,2,4680.232738,2670.717736,8902392.453,2.910383046e-11,"{""601288.SH"": 16240.2645, ""601398.SH"": 15000.0}",0.01251209708,-0.133636389,0.9975147349
2026-03-31,V11 LambdaRank Top2 ledger crosscheck,223955.275,231306.2255,545.502825,2,4680.232738,2670.717736,8902392.453,2.910383046e-11,"{""601288.SH"": 16240.2645, ""601398.SH"": 15000.0}",0.0203214616,-0.1160306141,0.9975642332
2026-04-01,V11 LambdaRank Top2 ledger crosscheck,222892.8724,230243.8228,545.502825,2,4680.232738,2670.717736,8902392.453,0,"{""601288.SH"": 16240.2645, ""601398.SH"": 15000.0}",-0.004743816126,-0.1202240024,0.9975526233
2026-04-02,V11 LambdaRank Top2 ledger crosscheck,227883.7168,235423.0837,381.0864506,2,4800.526312,2738.840536,9129468.453,0,"{""601288.SH"": 16540.2645, ""601939.SH"": 11800.0}",0.02239122503,-0.10052474,0.9983277153
2026-04-03,V11 LambdaRank Top2 ledger crosscheck,224436.4957,231975.8625,381.0864506,2,4800.526312,2738.840536,9129468.453,2.910383046e-11,"{""601288.SH"": 16540.2645, ""601939.SH"": 11800.0}",-0.01512710609,-0.1141311977,0.9983020299
2026-04-07,V11 LambdaRank Top2 ledger crosscheck,219713.456,227252.8228,381.0864506,2,4800.526312,2738.840536,9129468.453,0,"{""601288.SH"": 16540.2645, ""601939.SH"": 11800.0}",-0.02104399136,-0.1327734131,0.9982655298
2026-04-08,V11 LambdaRank Top2 ledger crosscheck,219783.0401,227322.407,381.0864506,2,4800.526312,2738.840536,9129468.453,0,"{""601288.SH"": 16540.2645, ""601939.SH"": 11800.0}",0.000316703997,-0.132498759,0.9982660789
2026-04-09,V11 LambdaRank Top2 ledger crosscheck,218932.8322,226472.199,381.0864506,2,4800.526312,2738.840536,9129468.453,0,"{""601288.SH"": 16540.2645, ""601939.SH"": 11800.0}",-0.003868396464,-0.1358545977,0.9982593454
2026-04-10,V11 LambdaRank Top2 ledger crosscheck,218413.4295,225952.7964,381.0864506,2,4800.526312,2738.840536,9129468.453,2.910383046e-11,"{""601288.SH"": 16540.2645, ""601939.SH"": 11800.0}",-0.002372429205,-0.1379047215,0.998255206
2026-04-13,V11 LambdaRank Top2 ledger crosscheck,220184.4428,227723.8096,381.0864506,2,4800.526312,2738.840536,9129468.453,0,"{""601288.SH"": 16540.2645, ""601939.SH"": 11800.0}",0.008108536316,-0.1309143906,0.9982692399
2026-04-14,V11 LambdaRank Top2 ledger crosscheck,222641.2745,230180.6414,381.0864506,2,4800.526312,2738.840536,9129468.453,0,"{""601288.SH"": 16540.2645, ""601939.SH"": 11800.0}",0.01115806235,-0.1212170792,0.9982883387
2026-04-15,V11 LambdaRank Top2 ledger crosscheck,226963.9248,234503.2916,381.0864506,2,4800.526312,2738.840536,9129468.453,0,"{""601288.SH"": 16540.2645, ""601939.SH"": 11800.0}",0.01941531401,-0.1041552329,0.9983209382
2026-04-16,V11 LambdaRank Top2 ledger crosscheck,227672.938,235212.3048,381.0864506,2,4800.526312,2738.840536,9129468.453,0,"{""601288.SH"": 16540.2645, ""601939.SH"": 11800.0}",0.003123902735,-0.101356701,0.9983261671
2026-04-17,V11 LambdaRank Top2 ledger crosscheck,228193.3539,235732.7207,381.0864506,2,4800.526312,2738.840536,9129468.453,0,"{""601288.SH"": 16540.2645, ""601939.SH"": 11800.0}",0.002285804694,-0.09930257789,0.9983299844
2026-04-20,V11 LambdaRank Top2 ledger crosscheck,234119.5882,241658.9551,381.0864506,2,4800.526312,2738.840536,9129468.453,0,"{""601288.SH"": 16540.2645, ""601939.SH"": 11800.0}",0.0259702322,-0.0759112567,0.9983722573
2026-04-21,V11 LambdaRank Top2 ledger crosscheck,235370.1856,242909.5524,381.0864506,2,4800.526312,2738.840536,9129468.453,0,"{""601288.SH"": 16540.2645, ""601939.SH"": 11800.0}",0.005341703205,-0.07097504889,0.998380906
2026-04-22,V11 LambdaRank Top2 ledger crosscheck,232842.7565,240382.1233,381.0864506,2,4800.526312,2738.840536,9129468.453,0,"{""601288.SH"": 16540.2645, ""601939.SH"": 11800.0}",-0.01073810215,-0.08095101372,0.9983633313
2026-04-23,V11 LambdaRank Top2 ledger crosscheck,231473.1459,239012.5128,381.0864506,2,4800.526312,2738.840536,9129468.453,0,"{""601288.SH"": 16540.2645, ""601939.SH"": 11800.0}",-0.005882126637,-0.08635697624,0.9983536472
2026-04-24,V11 LambdaRank Top2 ledger crosscheck,231756.5486,239295.9154,381.0864506,2,4800.526312,2738.840536,9129468.453,0,"{""601288.SH"": 16540.2645, ""601939.SH"": 11800.0}",0.001224343515,-0.08523836333,0.9983556605
2026-04-27,V11 LambdaRank Top2 ledger crosscheck,229063.7168,236603.0837,381.0864506,2,4800.526312,2738.840536,9129468.453,0,"{""601288.SH"": 16540.2645, ""601939.SH"": 11800.0}",-0.01161922611,-0.09586718562,0.9983363299
2026-04-28,V11 LambdaRank Top2 ledger crosscheck,231472.1327,239011.4995,381.0864506,2,4800.526312,2738.840536,9129468.453,0,"{""601288.SH"": 16540.2645, ""601939.SH"": 11800.0}",0.01051417441,-0.08636097552,0.99835364
2026-04-29,V11 LambdaRank Top2 ledger crosscheck,230928.5221,238467.889,381.0864506,2,4800.526312,2738.840536,9129468.453,0,"{""601288.SH"": 16540.2645, ""601939.SH"": 11800.0}",-0.002348492554,-0.08850664997,0.9983497645
2026-04-30,V11 LambdaRank Top2 ledger crosscheck,232249.7168,239789.0837,381.0864506,2,4800.526312,2738.840536,9129468.453,0,"{""601288.SH"": 16540.2645, ""601939.SH"": 11800.0}",0.005721227927,-0.08329178876,0.9983591521
2026-05-06,V11 LambdaRank Top2 ledger crosscheck,229487.301,237026.6678,381.0864506,2,4800.526312,2738.840536,9129468.453,0,"{""601288.SH"": 16540.2645, ""601939.SH"": 11800.0}",-0.01189416249,-0.09419526518,0.9983394007
2026-05-07,V11 LambdaRank Top2 ledger crosscheck,229340.6714,237071.0704,477.0542517,2,4922.614611,2807.784436,9359281.453,0,"{""601288.SH"": 16640.2645, ""601398.SH"": 15500.0}",-0.0006389440864,-0.09477402376,0.9979198881
2026-05-08,V11 LambdaRank Top2 ledger crosscheck,230924.8793,238655.2784,477.0542517,2,4922.614611,2807.784436,9359281.453,0,"{""601288.SH"": 16640.2645, ""601398.SH"": 15500.0}",0.006907662411,-0.08852102831,0.9979341583
2026-05-11,V11 LambdaRank Top2 ledger crosscheck,229582.2555,237312.6546,477.0542517,2,4922.614611,2807.784436,9359281.453,0,"{""601288.SH"": 16640.2645, ""601398.SH"": 15500.0}",-0.005814115003,-0.09382047187,0.997922077
2026-05-12,V11 LambdaRank Top2 ledger crosscheck,229238.0476,236968.4466,477.0542517,2,4922.614611,2807.784436,9359281.453,0,"{""601288.SH"": 16640.2645, ""601398.SH"": 15500.0}",-0.001499279351,-0.09517908813,0.9979189569
2026-05-13,V11 LambdaRank Top2 ledger crosscheck,228138.5605,235868.9595,477.0542517,2,4922.614611,2807.784436,9359281.453,0,"{""601288.SH"": 16965.2349, ""601398.SH"": 15860.725}",-0.00479626795,-0.09951885167,0.9979089276
2026-05-14,V11 LambdaRank Top2 ledger crosscheck,230945.3347,238675.7338,477.0542517,2,4922.614611,2807.784436,9359281.453,0,"{""601288.SH"": 16965.2349, ""601398.SH"": 15860.725}",0.01230293658,-0.08844028921,0.9979343412
2026-05-15,V11 LambdaRank Top2 ledger crosscheck,228466.8201,236197.2191,477.0542517,2,4922.614611,2807.784436,9359281.453,0,"{""601288.SH"": 16965.2349, ""601398.SH"": 15860.725}",-0.01073204031,-0.09822318477,0.997911932
2026-05-18,V11 LambdaRank Top2 ledger crosscheck,226486.2174,234216.6164,477.0542517,2,4922.614611,2807.784436,9359281.453,0,"{""601288.SH"": 16965.2349, ""601398.SH"": 15860.725}",-0.008669104303,-0.106040782,0.997893672
2026-05-19,V11 LambdaRank Top2 ledger crosscheck,227935.7728,235666.1719,477.0542517,2,4922.614611,2807.784436,9359281.453,0,"{""601288.SH"": 16965.2349, ""601398.SH"": 15860.725}",0.00640019276,-0.1003192707,0.9979070672
2026-05-20,V11 LambdaRank Top2 ledger crosscheck,223159.441,230889.8401,477.0542517,2,4922.614611,2807.784436,9359281.453,0,"{""601288.SH"": 16965.2349, ""601398.SH"": 15860.725}",-0.02095472674,-0.1191718346,0.9978622717
2026-05-21,V11 LambdaRank Top2 ledger crosscheck,224324.9173,232055.3163,477.0542517,2,4922.614611,2807.784436,9359281.453,0,"{""601288.SH"": 16965.2349, ""601398.SH"": 15860.725}",0.005222616796,-0.1145716066,0.9978733782
2026-05-22,V11 LambdaRank Top2 ledger crosscheck,223952.4773,231682.8763,477.0542517,2,4922.614611,2807.784436,9359281.453,0,"{""601288.SH"": 16965.2349, ""601398.SH"": 15860.725}",-0.001660270284,-0.116041657,0.9978698416
2026-05-25,V11 LambdaRank Top2 ledger crosscheck,223454.5653,231184.9644,477.0542517,2,4922.614611,2807.784436,9359281.453,0,"{""601288.SH"": 16965.2349, ""601398.SH"": 15860.725}",-0.002223292879,-0.1180069553,0.9978650951
2026-05-26,V11 LambdaRank Top2 ledger crosscheck,223273.8679,231004.2669,477.0542517,2,4922.614611,2807.784436,9359281.453,0,"{""601288.SH"": 16965.2349, ""601398.SH"": 15860.725}",-0.0008086540879,-0.1187201826,0.9978633673
2026-05-27,V11 LambdaRank Top2 ledger crosscheck,220456.0485,228186.4476,477.0542517,2,4922.614611,2807.784436,9359281.453,2.910383046e-11,"{""601288.SH"": 16965.2349, ""601398.SH"": 15860.725}",-0.01262046188,-0.129842341,0.9978360573
2026-05-28,V11 LambdaRank Top2 ledger crosscheck,217490.667,225221.0661,477.0542517,2,4922.614611,2807.784436,9359281.453,0,"{""601288.SH"": 16965.2349, ""601398.SH"": 15860.725}",-0.0134511233,-0.1415469389,0.997806553
2026-05-29,V11 LambdaRank Top2 ledger crosscheck,222211.7734,229942.1724,477.0542517,2,4922.614611,2807.784436,9359281.453,2.910383046e-11,"{""601288.SH"": 16965.2349, ""601398.SH"": 15860.725}",0.02170716751,-0.1229123545,0.9978531549
2026-06-01,V11 LambdaRank Top2 ledger crosscheck,226364.7213,234095.1204,477.0542517,2,4922.614611,2807.784436,9359281.453,0,"{""601288.SH"": 16965.2349, ""601398.SH"": 15860.725}",0.01868914446,-0.1065203368,0.9978925415
2026-06-02,V11 LambdaRank Top2 ledger crosscheck,226234.498,234156.511,798.7329737,2,5044.912511,2877.100424,9590334.746,0,"{""601288.SH"": 17365.2349, ""601988.SH"": 19000.0}",-0.0005752808237,-0.1070343385,0.9964694466
2026-06-03,V11 LambdaRank Top2 ledger crosscheck,224291.6269,232213.6398,798.7329737,2,5044.912511,2877.100424,9590334.746,0,"{""601288.SH"": 17365.2349, ""601988.SH"": 19000.0}",-0.008587864173,-0.1147030063,0.9964388641
2026-06-04,V11 LambdaRank Top2 ledger crosscheck,222299.7128,230221.7257,798.7329737,2,5044.912511,2877.100424,9590334.746,0,"{""601288.SH"": 17365.2349, ""601988.SH"": 19000.0}",-0.008880911522,-0.1225652506,0.9964069545
2026-06-05,V11 LambdaRank Top2 ledger crosscheck,226191.6269,234113.6398,798.7329737,2,5044.912511,2877.100424,9590334.746,0,"{""601288.SH"": 17365.2349, ""601988.SH"": 19000.0}",0.01750750842,-0.1072035543,0.9964687774
2026-06-08,V11 LambdaRank Top2 ledger crosscheck,231548.3262,239470.3392,798.7329737,2,5044.912511,2877.100424,9590334.746,0,"{""601288.SH"": 17365.2349, ""601988.SH"": 19000.0}",0.02368212918,-0.08606023359,0.9965504697
2026-06-09,V11 LambdaRank Top2 ledger crosscheck,231879.2833,239801.2962,798.7329737,2,5044.912511,2877.100424,9590334.746,0,"{""601288.SH"": 17365.2349, ""601988.SH"": 19000.0}",0.001429321698,-0.08475391965,0.9965553931
2026-06-10,V11 LambdaRank Top2 ledger crosscheck,235499.4591,243421.472,798.7329737,2,5044.912511,2877.100424,9590334.746,0,"{""601288.SH"": 17365.2349, ""601988.SH"": 19000.0}",0.01561232977,-0.07046479602,0.9966083448
2026-06-11,V11 LambdaRank Top2 ledger crosscheck,234598.5021,242520.515,798.7329737,2,5044.912511,2877.100424,9590334.746,0,"{""601288.SH"": 17365.2349, ""601988.SH"": 19000.0}",-0.003825728731,-0.07402094556,0.9965953194
2026-06-12,V11 LambdaRank Top2 ledger crosscheck,238392.3302,246314.3432,798.7329737,2,5044.912511,2877.100424,9590334.746,0,"{""601288.SH"": 17365.2349, ""601988.SH"": 19000.0}",0.01617157891,-0.05904640221,0.9966495022
2026-06-15,V11 LambdaRank Top2 ledger crosscheck,233268.5021,241190.515,798.7329737,2,5044.912511,2877.100424,9590334.746,0,"{""601288.SH"": 17365.2349, ""601988.SH"": 19000.0}",-0.02149325938,-0.07927056195,0.9965759073
2026-06-16,V11 LambdaRank Top2 ledger crosscheck,230342.9356,238264.9485,798.7329737,2,5044.912511,2877.100424,9590334.746,0,"{""601288.SH"": 17365.2349, ""601988.SH"": 19000.0}",-0.01254162657,-0.09081800673,0.9965324182
2026-06-17,V11 LambdaRank Top2 ledger crosscheck,227053.7168,234975.7298,798.7329737,2,5044.912511,2877.100424,9590334.746,0,"{""601288.SH"": 17365.2349, ""601988.SH"": 19000.0}",-0.01427965995,-0.1038008164,0.996482185
2026-06-18,V11 LambdaRank Top2 ledger crosscheck,221235.2792,229157.2922,798.7329737,2,5044.912511,2877.100424,9590334.746,0,"{""601288.SH"": 17365.2349, ""601988.SH"": 19000.0}",-0.02562581958,-0.126766655,0.9963896673
2026-06-22,V11 LambdaRank Top2 ledger crosscheck,224796.2363,232718.2492,798.7329737,2,5044.912511,2877.100424,9590334.746,0,"{""601288.SH"": 17365.2349, ""601988.SH"": 19000.0}",0.01609579204,-0.1127112727,0.9964468579
2026-06-23,V11 LambdaRank Top2 ledger crosscheck,231548.3262,239470.3392,798.7329737,2,5044.912511,2877.100424,9590334.746,0,"{""601288.SH"": 17365.2349, ""601988.SH"": 19000.0}",0.03003649013,-0.08606023359,0.9965504697
2026-06-24,V11 LambdaRank Top2 ledger crosscheck,225274.3222,233196.3351,798.7329737,2,5044.912511,2877.100424,9590334.746,0,"{""601288.SH"": 17365.2349, ""601988.SH"": 19000.0}",-0.02709587293,-0.1108242294,0.9964543985
2026-06-25,V11 LambdaRank Top2 ledger crosscheck,219341.4511,227263.464,798.7329737,2,5044.912511,2877.100424,9590334.746,0,"{""601288.SH"": 17365.2349, ""601988.SH"": 19000.0}",-0.02633620682,-0.1342417464,0.9963584951
2026-06-26,V11 LambdaRank Top2 ledger crosscheck,217729.537,225651.5499,798.7329737,2,5044.912511,2877.100424,9590334.746,0,"{""601288.SH"": 17365.2349, ""601988.SH"": 19000.0}",-0.007348880414,-0.1406041002,0.996331536
2026-06-29,V11 LambdaRank Top2 ledger crosscheck,219357.7987,227279.8116,798.7329737,2,5044.912511,2877.100424,9590334.746,0,"{""601288.SH"": 17365.2349, ""601988.SH"": 19000.0}",0.007478368656,-0.1341772209,0.9963587665
2026-06-30,V11 LambdaRank Top2 ledger crosscheck,214885.7088,222807.7217,798.7329737,2,5044.912511,2877.100424,9590334.746,0,"{""601288.SH"": 17365.2349, ""601988.SH"": 19000.0}",-0.0203871937,-0.1518289176,0.996282987
