trade_date,strategy,equity_net,equity_gross,cash,positions,fees_cumulative,slippage_cumulative,turnover_cumulative,accounting_residual,shares_json,daily_return_net,drawdown,actual_exposure
2020-01-02,V18 LambdaRank Top1 unscaled,100000,100000,100000,0,0,0,0,0,{},0,0,0
2020-01-03,V18 LambdaRank Top1 unscaled,99410.07173,99466,86.07173108,1,25.97086892,29.9574,99858,0,"{""601288.SH"": 26700.0}",-0.005899282689,-0.005899282689,0.9991341749
2020-01-06,V18 LambdaRank Top1 unscaled,98609.07173,98665,86.07173108,1,25.97086892,29.9574,99858,0,"{""601288.SH"": 26700.0}",-0.008057533669,-0.01390928269,0.9991271419
2020-01-07,V18 LambdaRank Top1 unscaled,99410.07173,99466,86.07173108,1,25.97086892,29.9574,99858,0,"{""601288.SH"": 26700.0}",0.008122984893,-0.005899282689,0.9991341749
2020-01-08,V18 LambdaRank Top1 unscaled,98609.07173,98665,86.07173108,1,25.97086892,29.9574,99858,0,"{""601288.SH"": 26700.0}",-0.008057533669,-0.01390928269,0.9991271419
2020-01-09,V18 LambdaRank Top1 unscaled,98342.07173,98398,86.07173108,1,25.97086892,29.9574,99858,0,"{""601288.SH"": 26700.0}",-0.002707661631,-0.01657928269,0.999124772
2020-01-10,V18 LambdaRank Top1 unscaled,98342.07173,98398,86.07173108,1,25.97086892,29.9574,99858,0,"{""601288.SH"": 26700.0}",0,-0.01657928269,0.999124772
2020-01-13,V18 LambdaRank Top1 unscaled,98342.07173,98398,86.07173108,1,25.97086892,29.9574,99858,0,"{""601288.SH"": 26700.0}",0,-0.01657928269,0.999124772
2020-01-14,V18 LambdaRank Top1 unscaled,98342.07173,98398,86.07173108,1,25.97086892,29.9574,99858,0,"{""601288.SH"": 26700.0}",0,-0.01657928269,0.999124772
2020-01-15,V18 LambdaRank Top1 unscaled,97541.07173,97597,86.07173108,1,25.97086892,29.9574,99858,0,"{""601288.SH"": 26700.0}",-0.008145038902,-0.02458928269,0.9991175847
2020-01-16,V18 LambdaRank Top1 unscaled,96473.07173,96529,86.07173108,1,25.97086892,29.9574,99858,0,"{""601288.SH"": 26700.0}",-0.01094923381,-0.03526928269,0.999107816
2020-01-17,V18 LambdaRank Top1 unscaled,96740.07173,96796,86.07173108,1,25.97086892,29.9574,99858,0,"{""601288.SH"": 26700.0}",0.002767611679,-0.03259928269,0.9991102784
2020-01-20,V18 LambdaRank Top1 unscaled,96740.07173,96796,86.07173108,1,25.97086892,29.9574,99858,0,"{""601288.SH"": 26700.0}",0,-0.03259928269,0.9991102784
2020-01-21,V18 LambdaRank Top1 unscaled,95672.07173,95728,86.07173108,1,25.97086892,29.9574,99858,0,"{""601288.SH"": 26700.0}",-0.01103989258,-0.04327928269,0.9991003463
2020-01-22,V18 LambdaRank Top1 unscaled,95405.07173,95461,86.07173108,1,25.97086892,29.9574,99858,0,"{""601288.SH"": 26700.0}",-0.00279078309,-0.04594928269,0.9990978286
2020-01-23,V18 LambdaRank Top1 unscaled,94070.07173,94126,86.07173108,1,25.97086892,29.9574,99858,0,"{""601288.SH"": 26700.0}",-0.01399296679,-0.05929928269,0.9990850253
2020-02-03,V18 LambdaRank Top1 unscaled,90065.07173,90121,86.07173108,1,25.97086892,29.9574,99858,0,"{""601288.SH"": 26700.0}",-0.04257464597,-0.09934928269,0.9990443384
2020-02-04,V18 LambdaRank Top1 unscaled,92861.22233,93062,9.22233313,1,117.1736669,83.604,278680,0,"{""601939.SH"": 13900.0}",0.03104589324,-0.07138777667,0.9999006869
2020-02-05,V18 LambdaRank Top1 unscaled,93278.22233,93479,9.22233313,1,117.1736669,83.604,278680,0,"{""601939.SH"": 13900.0}",0.004490571947,-0.06721777667,0.9999011309
2020-02-06,V18 LambdaRank Top1 unscaled,93000.22233,93201,9.22233313,1,117.1736669,83.604,278680,0,"{""601939.SH"": 13900.0}",-0.00298033124,-0.06999777667,0.9999008354
2020-02-07,V18 LambdaRank Top1 unscaled,92166.22233,92367,9.22233313,1,117.1736669,83.604,278680,0,"{""601939.SH"": 13900.0}",-0.008967720497,-0.07833777667,0.999899938
2020-02-10,V18 LambdaRank Top1 unscaled,92027.22233,92228,9.22233313,1,117.1736669,83.604,278680,0,"{""601939.SH"": 13900.0}",-0.001508144703,-0.07972777667,0.9998997869
2020-02-11,V18 LambdaRank Top1 unscaled,93000.22233,93201,9.22233313,1,117.1736669,83.604,278680,0,"{""601939.SH"": 13900.0}",0.01057295847,-0.06999777667,0.9999008354
2020-02-12,V18 LambdaRank Top1 unscaled,93000.22233,93201,9.22233313,1,117.1736669,83.604,278680,0,"{""601939.SH"": 13900.0}",0,-0.06999777667,0.9999008354
2020-02-13,V18 LambdaRank Top1 unscaled,92027.22233,92228,9.22233313,1,117.1736669,83.604,278680,0,"{""601939.SH"": 13900.0}",-0.01046234058,-0.07972777667,0.9998997869
2020-02-14,V18 LambdaRank Top1 unscaled,92444.22233,92645,9.22233313,1,117.1736669,83.604,278680,0,"{""601939.SH"": 13900.0}",0.004531267916,-0.07555777667,0.9999002389
2020-02-17,V18 LambdaRank Top1 unscaled,93695.22233,93896,9.22233313,1,117.1736669,83.604,278680,0,"{""601939.SH"": 13900.0}",0.01353248444,-0.06304777667,0.9999015709
2020-02-18,V18 LambdaRank Top1 unscaled,93139.22233,93340,9.22233313,1,117.1736669,83.604,278680,0,"{""601939.SH"": 13900.0}",-0.005934133952,-0.06860777667,0.9999009834
2020-02-19,V18 LambdaRank Top1 unscaled,93278.22233,93479,9.22233313,1,117.1736669,83.604,278680,0,"{""601939.SH"": 13900.0}",0.001492389527,-0.06721777667,0.9999011309
2020-02-20,V18 LambdaRank Top1 unscaled,93973.22233,94174,9.22233313,1,117.1736669,83.604,278680,0,"{""601939.SH"": 13900.0}",0.007450828099,-0.06026777667,0.9999018621
2020-02-21,V18 LambdaRank Top1 unscaled,94112.22233,94313,9.22233313,1,117.1736669,83.604,278680,0,"{""601939.SH"": 13900.0}",0.001479144766,-0.05887777667,0.9999020071
2020-02-24,V18 LambdaRank Top1 unscaled,93278.22233,93479,9.22233313,1,117.1736669,83.604,278680,0,"{""601939.SH"": 13900.0}",-0.008861760772,-0.06721777667,0.9999011309
2020-02-25,V18 LambdaRank Top1 unscaled,92305.22233,92506,9.22233313,1,117.1736669,83.604,278680,0,"{""601939.SH"": 13900.0}",-0.01043115934,-0.07694777667,0.9999000887
2020-02-26,V18 LambdaRank Top1 unscaled,92444.22233,92645,9.22233313,1,117.1736669,83.604,278680,0,"{""601939.SH"": 13900.0}",0.001505873628,-0.07555777667,0.9999002389
2020-02-27,V18 LambdaRank Top1 unscaled,92722.22233,92923,9.22233313,1,117.1736669,83.604,278680,0,"{""601939.SH"": 13900.0}",0.003007218764,-0.07277777667,0.999900538
2020-02-28,V18 LambdaRank Top1 unscaled,90359.22233,90560,9.22233313,1,117.1736669,83.604,278680,0,"{""601939.SH"": 13900.0}",-0.02548472136,-0.09640777667,0.999897937
2020-03-02,V18 LambdaRank Top1 unscaled,91610.22233,91811,9.22233313,1,117.1736669,83.604,278680,0,"{""601939.SH"": 13900.0}",0.01384474067,-0.08389777667,0.9998993307
2020-03-03,V18 LambdaRank Top1 unscaled,92188.12664,92538,190.1266424,1,211.0741576,138.7992,462664,0,"{""601398.SH"": 17100.0}",0.00630829502,-0.07811873358,0.9979376233
2020-03-04,V18 LambdaRank Top1 unscaled,92359.12664,92709,190.1266424,1,211.0741576,138.7992,462664,0,"{""601398.SH"": 17100.0}",0.001854902646,-0.07640873358,0.9979414417
2020-03-05,V18 LambdaRank Top1 unscaled,93556.12664,93906,190.1266424,1,211.0741576,138.7992,462664,0,"{""601398.SH"": 17100.0}",0.01296027846,-0.06443873358,0.9979677799
2020-03-06,V18 LambdaRank Top1 unscaled,92701.12664,93051,190.1266424,1,211.0741576,138.7992,462664,0,"{""601398.SH"": 17100.0}",-0.009138899083,-0.07298873358,0.9979490363
2020-03-09,V18 LambdaRank Top1 unscaled,90991.12664,91341,190.1266424,1,211.0741576,138.7992,462664,0,"{""601398.SH"": 17100.0}",-0.01844637775,-0.09008873358,0.9979104925
2020-03-10,V18 LambdaRank Top1 unscaled,91846.12664,92196,190.1266424,1,211.0741576,138.7992,462664,0,"{""601398.SH"": 17100.0}",0.009396520645,-0.08153873358,0.9979299438
2020-03-11,V18 LambdaRank Top1 unscaled,91162.12664,91512,190.1266424,1,211.0741576,138.7992,462664,0,"{""601398.SH"": 17100.0}",-0.007447238387,-0.08837873358,0.9979144119
2020-03-12,V18 LambdaRank Top1 unscaled,90649.12664,90999,190.1266424,1,211.0741576,138.7992,462664,0,"{""601398.SH"": 17100.0}",-0.005627336909,-0.09350873358,0.9979026092
2020-03-13,V18 LambdaRank Top1 unscaled,89452.12664,89802,190.1266424,1,211.0741576,138.7992,462664,0,"{""601398.SH"": 17100.0}",-0.01320476042,-0.1054787336,0.9978745431
2020-03-16,V18 LambdaRank Top1 unscaled,88597.12664,88947,190.1266424,1,211.0741576,138.7992,462664,0,"{""601398.SH"": 17100.0}",-0.009558185278,-0.1140287336,0.9978540315
2020-03-17,V18 LambdaRank Top1 unscaled,88597.12664,88947,190.1266424,1,211.0741576,138.7992,462664,0,"{""601398.SH"": 17100.0}",0,-0.1140287336,0.9978540315
2020-03-18,V18 LambdaRank Top1 unscaled,87571.12664,87921,190.1266424,1,211.0741576,138.7992,462664,0,"{""601398.SH"": 17100.0}",-0.011580511,-0.1242887336,0.9978288889
2020-03-19,V18 LambdaRank Top1 unscaled,85519.12664,85869,190.1266424,1,211.0741576,138.7992,462664,0,"{""601398.SH"": 17100.0}",-0.02343238095,-0.1448087336,0.9977767939
2020-03-20,V18 LambdaRank Top1 unscaled,87058.12664,87408,190.1266424,1,211.0741576,138.7992,462664,0,"{""601398.SH"": 17100.0}",0.01799597424,-0.1294187336,0.9978160954
2020-03-23,V18 LambdaRank Top1 unscaled,85519.12664,85869,190.1266424,1,211.0741576,138.7992,462664,0,"{""601398.SH"": 17100.0}",-0.01767784421,-0.1448087336,0.9977767939
2020-03-24,V18 LambdaRank Top1 unscaled,87742.12664,88092,190.1266424,1,211.0741576,138.7992,462664,0,"{""601398.SH"": 17100.0}",0.02599418501,-0.1225787336,0.9978331202
2020-03-25,V18 LambdaRank Top1 unscaled,88768.12664,89118,190.1266424,1,211.0741576,138.7992,462664,0,"{""601398.SH"": 17100.0}",0.01169335688,-0.1123187336,0.9978581654
2020-03-26,V18 LambdaRank Top1 unscaled,88768.12664,89118,190.1266424,1,211.0741576,138.7992,462664,0,"{""601398.SH"": 17100.0}",0,-0.1123187336,0.9978581654
2020-03-27,V18 LambdaRank Top1 unscaled,89281.12664,89631,190.1266424,1,211.0741576,138.7992,462664,0,"{""601398.SH"": 17100.0}",0.005779101344,-0.1071887336,0.9978704722
2020-03-30,V18 LambdaRank Top1 unscaled,89452.12664,89802,190.1266424,1,211.0741576,138.7992,462664,0,"{""601398.SH"": 17100.0}",0.001915298411,-0.1054787336,0.9978745431
2020-03-31,V18 LambdaRank Top1 unscaled,88255.12664,88605,190.1266424,1,211.0741576,138.7992,462664,0,"{""601398.SH"": 17100.0}",-0.01338145939,-0.1174487336,0.9978457156
2020-04-01,V18 LambdaRank Top1 unscaled,88426.12664,88776,190.1266424,1,211.0741576,138.7992,462664,0,"{""601398.SH"": 17100.0}",0.001937564496,-0.1157387336,0.9978498816
2020-04-02,V18 LambdaRank Top1 unscaled,88700.80923,89193,150.8092346,1,300.6860654,191.5047,638349,0,"{""601988.SH"": 25300.0}",0.003106351059,-0.1129919077,0.9982997987
2020-04-03,V18 LambdaRank Top1 unscaled,88447.80923,88940,150.8092346,1,300.6860654,191.5047,638349,0,"{""601988.SH"": 25300.0}",-0.002852285139,-0.1155219077,0.9982949353
2020-04-07,V18 LambdaRank Top1 unscaled,88953.80923,89446,150.8092346,1,300.6860654,191.5047,638349,0,"{""601988.SH"": 25300.0}",0.005720887882,-0.1104619077,0.9983046343
2020-04-08,V18 LambdaRank Top1 unscaled,88447.80923,88940,150.8092346,1,300.6860654,191.5047,638349,0,"{""601988.SH"": 25300.0}",-0.005688345495,-0.1155219077,0.9982949353
2020-04-09,V18 LambdaRank Top1 unscaled,88447.80923,88940,150.8092346,1,300.6860654,191.5047,638349,0,"{""601988.SH"": 25300.0}",0,-0.1155219077,0.9982949353
2020-04-10,V18 LambdaRank Top1 unscaled,88700.80923,89193,150.8092346,1,300.6860654,191.5047,638349,0,"{""601988.SH"": 25300.0}",0.002860443941,-0.1129919077,0.9982997987
2020-04-13,V18 LambdaRank Top1 unscaled,89206.80923,89699,150.8092346,1,300.6860654,191.5047,638349,0,"{""601988.SH"": 25300.0}",0.005704570278,-0.1079319077,0.9983094426
2020-04-14,V18 LambdaRank Top1 unscaled,89459.80923,89952,150.8092346,1,300.6860654,191.5047,638349,0,"{""601988.SH"": 25300.0}",0.002836106371,-0.1054019077,0.9983142236
2020-04-15,V18 LambdaRank Top1 unscaled,89712.80923,90205,150.8092346,1,300.6860654,191.5047,638349,0,"{""601988.SH"": 25300.0}",0.002828085619,-0.1028719077,0.9983189777
2020-04-16,V18 LambdaRank Top1 unscaled,89965.80923,90458,150.8092346,1,300.6860654,191.5047,638349,0,"{""601988.SH"": 25300.0}",0.002820110106,-0.1003419077,0.998323705
2020-04-17,V18 LambdaRank Top1 unscaled,90724.80923,91217,150.8092346,1,300.6860654,191.5047,638349,0,"{""601988.SH"": 25300.0}",0.008436538352,-0.09275190765,0.9983377288
2020-04-20,V18 LambdaRank Top1 unscaled,89965.80923,90458,150.8092346,1,300.6860654,191.5047,638349,0,"{""601988.SH"": 25300.0}",-0.008365958622,-0.1003419077,0.998323705
2020-04-21,V18 LambdaRank Top1 unscaled,90218.80923,90711,150.8092346,1,300.6860654,191.5047,638349,0,"{""601988.SH"": 25300.0}",0.002812179451,-0.09781190765,0.9983284058
2020-04-22,V18 LambdaRank Top1 unscaled,89459.80923,89952,150.8092346,1,300.6860654,191.5047,638349,0,"{""601988.SH"": 25300.0}",-0.008412879825,-0.1054019077,0.9983142236
2020-04-23,V18 LambdaRank Top1 unscaled,87688.80923,88181,150.8092346,1,300.6860654,191.5047,638349,0,"{""601988.SH"": 25300.0}",-0.01979659933,-0.1231119077,0.998280177
2020-04-24,V18 LambdaRank Top1 unscaled,86929.80923,87422,150.8092346,1,300.6860654,191.5047,638349,0,"{""601988.SH"": 25300.0}",-0.008655608471,-0.1307019077,0.9982651609
2020-04-27,V18 LambdaRank Top1 unscaled,87182.80923,87675,150.8092346,1,300.6860654,191.5047,638349,0,"{""601988.SH"": 25300.0}",0.002910394055,-0.1281719077,0.9982701953
2020-04-28,V18 LambdaRank Top1 unscaled,86929.80923,87422,150.8092346,1,300.6860654,191.5047,638349,0,"{""601988.SH"": 25300.0}",-0.002901948242,-0.1307019077,0.9982651609
2020-04-29,V18 LambdaRank Top1 unscaled,87688.80923,88181,150.8092346,1,300.6860654,191.5047,638349,0,"{""601988.SH"": 25300.0}",0.008731182165,-0.1231119077,0.998280177
2020-04-30,V18 LambdaRank Top1 unscaled,88194.80923,88687,150.8092346,1,300.6860654,191.5047,638349,0,"{""601988.SH"": 25300.0}",0.005770405647,-0.1180519077,0.9982900441
2020-05-06,V18 LambdaRank Top1 unscaled,87435.80923,87928,150.8092346,1,300.6860654,191.5047,638349,0,"{""601988.SH"": 25300.0}",-0.008605948656,-0.1256419077,0.9982752006
2020-05-07,V18 LambdaRank Top1 unscaled,87182.80923,87675,150.8092346,1,300.6860654,191.5047,638349,0,"{""601988.SH"": 25300.0}",-0.002893551306,-0.1281719077,0.9982701953
2020-05-08,V18 LambdaRank Top1 unscaled,87688.80923,88181,150.8092346,1,300.6860654,191.5047,638349,0,"{""601988.SH"": 25300.0}",0.005803896484,-0.1231119077,0.998280177
2020-05-11,V18 LambdaRank Top1 unscaled,87688.80923,88181,150.8092346,1,300.6860654,191.5047,638349,0,"{""601988.SH"": 25300.0}",0,-0.1231119077,0.998280177
2020-05-12,V18 LambdaRank Top1 unscaled,87182.80923,87675,150.8092346,1,300.6860654,191.5047,638349,0,"{""601988.SH"": 25300.0}",-0.005770405647,-0.1281719077,0.9982701953
2020-05-13,V18 LambdaRank Top1 unscaled,87688.80923,88181,150.8092346,1,300.6860654,191.5047,638349,0,"{""601988.SH"": 25300.0}",0.005803896484,-0.1231119077,0.998280177
2020-05-14,V18 LambdaRank Top1 unscaled,87435.80923,87928,150.8092346,1,300.6860654,191.5047,638349,0,"{""601988.SH"": 25300.0}",-0.002885202824,-0.1256419077,0.9982752006
2020-05-15,V18 LambdaRank Top1 unscaled,87435.80923,87928,150.8092346,1,300.6860654,191.5047,638349,0,"{""601988.SH"": 25300.0}",0,-0.1256419077,0.9982752006
2020-05-18,V18 LambdaRank Top1 unscaled,87435.80923,87928,150.8092346,1,300.6860654,191.5047,638349,0,"{""601988.SH"": 25300.0}",0,-0.1256419077,0.9982752006
2020-05-19,V18 LambdaRank Top1 unscaled,87688.80923,88181,150.8092346,1,300.6860654,191.5047,638349,0,"{""601988.SH"": 25300.0}",0.002893551306,-0.1231119077,0.998280177
2020-05-20,V18 LambdaRank Top1 unscaled,87941.80923,88434,150.8092346,1,300.6860654,191.5047,638349,0,"{""601988.SH"": 25300.0}",0.002885202824,-0.1205819077,0.9982851247
2020-05-21,V18 LambdaRank Top1 unscaled,87435.80923,87928,150.8092346,1,300.6860654,191.5047,638349,0,"{""601988.SH"": 25300.0}",-0.005753804753,-0.1256419077,0.9982752006
2020-05-22,V18 LambdaRank Top1 unscaled,86676.80923,87169,150.8092346,1,300.6860654,191.5047,638349,0,"{""601988.SH"": 25300.0}",-0.008680653918,-0.1332319077,0.9982600971
2020-05-25,V18 LambdaRank Top1 unscaled,87182.80923,87675,150.8092346,1,300.6860654,191.5047,638349,0,"{""601988.SH"": 25300.0}",0.005837778345,-0.1281719077,0.9982701953
2020-05-26,V18 LambdaRank Top1 unscaled,86929.80923,87422,150.8092346,1,300.6860654,191.5047,638349,0,"{""601988.SH"": 25300.0}",-0.002901948242,-0.1307019077,0.9982651609
2020-05-27,V18 LambdaRank Top1 unscaled,87435.80923,87928,150.8092346,1,300.6860654,191.5047,638349,0,"{""601988.SH"": 25300.0}",0.00582078811,-0.1256419077,0.9982752006
2020-05-28,V18 LambdaRank Top1 unscaled,87941.80923,88434,150.8092346,1,300.6860654,191.5047,638349,0,"{""601988.SH"": 25300.0}",0.005787102612,-0.1205819077,0.9982851247
2020-05-29,V18 LambdaRank Top1 unscaled,87435.80923,87928,150.8092346,1,300.6860654,191.5047,638349,0,"{""601988.SH"": 25300.0}",-0.005753804753,-0.1256419077,0.9982752006
2020-06-01,V18 LambdaRank Top1 unscaled,87941.80923,88434,150.8092346,1,300.6860654,191.5047,638349,0,"{""601988.SH"": 25300.0}",0.005787102612,-0.1205819077,0.9982851247
2020-06-02,V18 LambdaRank Top1 unscaled,88194.80923,88687,150.8092346,1,300.6860654,191.5047,638349,0,"{""601988.SH"": 25300.0}",0.002876902377,-0.1180519077,0.9982900441
2020-06-03,V18 LambdaRank Top1 unscaled,88700.80923,89193,150.8092346,1,300.6860654,191.5047,638349,0,"{""601988.SH"": 25300.0}",0.005737299104,-0.1129919077,0.9982997987
2020-06-04,V18 LambdaRank Top1 unscaled,88700.80923,89193,150.8092346,1,300.6860654,191.5047,638349,0,"{""601988.SH"": 25300.0}",0,-0.1129919077,0.9982997987
2020-06-05,V18 LambdaRank Top1 unscaled,88700.80923,89193,150.8092346,1,300.6860654,191.5047,638349,0,"{""601988.SH"": 25300.0}",0,-0.1129919077,0.9982997987
2020-06-08,V18 LambdaRank Top1 unscaled,88953.80923,89446,150.8092346,1,300.6860654,191.5047,638349,0,"{""601988.SH"": 25300.0}",0.002852285139,-0.1104619077,0.9983046343
2020-06-09,V18 LambdaRank Top1 unscaled,88953.80923,89446,150.8092346,1,300.6860654,191.5047,638349,0,"{""601988.SH"": 25300.0}",0,-0.1104619077,0.9983046343
2020-06-10,V18 LambdaRank Top1 unscaled,88700.80923,89193,150.8092346,1,300.6860654,191.5047,638349,0,"{""601988.SH"": 25300.0}",-0.002844172747,-0.1129919077,0.9982997987
2020-06-11,V18 LambdaRank Top1 unscaled,88194.80923,88687,150.8092346,1,300.6860654,191.5047,638349,0,"{""601988.SH"": 25300.0}",-0.005704570278,-0.1180519077,0.9982900441
2020-06-12,V18 LambdaRank Top1 unscaled,88194.80923,88687,150.8092346,1,300.6860654,191.5047,638349,0,"{""601988.SH"": 25300.0}",0,-0.1180519077,0.9982900441
2020-06-15,V18 LambdaRank Top1 unscaled,87182.80923,87675,150.8092346,1,300.6860654,191.5047,638349,0,"{""601988.SH"": 25300.0}",-0.01147459821,-0.1281719077,0.9982701953
2020-06-16,V18 LambdaRank Top1 unscaled,87941.80923,88434,150.8092346,1,300.6860654,191.5047,638349,0,"{""601988.SH"": 25300.0}",0.008705844726,-0.1205819077,0.9982851247
2020-06-17,V18 LambdaRank Top1 unscaled,87688.80923,88181,150.8092346,1,300.6860654,191.5047,638349,0,"{""601988.SH"": 25300.0}",-0.002876902377,-0.1231119077,0.998280177
2020-06-18,V18 LambdaRank Top1 unscaled,87688.80923,88181,150.8092346,1,300.6860654,191.5047,638349,0,"{""601988.SH"": 25300.0}",0,-0.1231119077,0.998280177
2020-06-19,V18 LambdaRank Top1 unscaled,87941.80923,88434,150.8092346,1,300.6860654,191.5047,638349,0,"{""601988.SH"": 25300.0}",0.002885202824,-0.1205819077,0.9982851247
2020-06-22,V18 LambdaRank Top1 unscaled,87688.80923,88181,150.8092346,1,300.6860654,191.5047,638349,0,"{""601988.SH"": 25300.0}",-0.002876902377,-0.1231119077,0.998280177
2020-06-23,V18 LambdaRank Top1 unscaled,87182.80923,87675,150.8092346,1,300.6860654,191.5047,638349,0,"{""601988.SH"": 25300.0}",-0.005770405647,-0.1281719077,0.9982701953
2020-06-24,V18 LambdaRank Top1 unscaled,87688.80923,88181,150.8092346,1,300.6860654,191.5047,638349,0,"{""601988.SH"": 25300.0}",0.005803896484,-0.1231119077,0.998280177
2020-06-29,V18 LambdaRank Top1 unscaled,87941.80923,88434,150.8092346,1,300.6860654,191.5047,638349,0,"{""601988.SH"": 25300.0}",0.002885202824,-0.1205819077,0.9982851247
2020-06-30,V18 LambdaRank Top1 unscaled,88194.80923,88687,150.8092346,1,300.6860654,191.5047,638349,0,"{""601988.SH"": 25300.0}",0.002876902377,-0.1180519077,0.9982900441
2020-07-01,V18 LambdaRank Top1 unscaled,88700.80923,89193,150.8092346,1,300.6860654,191.5047,638349,0,"{""601988.SH"": 25300.0}",0.005737299104,-0.1129919077,0.9982997987
2020-07-02,V18 LambdaRank Top1 unscaled,90234.05075,90870,166.0507474,1,391.2104526,244.7388,815796,0,"{""601398.SH"": 17800.0}",0.01728554143,-0.09765949253,0.9981597773
2020-07-03,V18 LambdaRank Top1 unscaled,92014.05075,92650,166.0507474,1,391.2104526,244.7388,815796,0,"{""601398.SH"": 17800.0}",0.01972647781,-0.07985949253,0.9981953762
2020-07-06,V18 LambdaRank Top1 unscaled,99846.05075,100482,166.0507474,1,391.2104526,244.7388,815796,0,"{""601398.SH"": 17800.0}",0.08511743518,-0.001539492526,0.9983369322
2020-07-07,V18 LambdaRank Top1 unscaled,99134.05075,99770,166.0507474,1,391.2104526,244.7388,815796,0,"{""601398.SH"": 17800.0}",-0.007130978087,-0.008659492526,0.9983249878
2020-07-08,V18 LambdaRank Top1 unscaled,97532.05075,98168,166.0507474,1,391.2104526,244.7388,815796,0,"{""601398.SH"": 17800.0}",-0.01615993685,-0.02467949253,0.9982974751
2020-07-09,V18 LambdaRank Top1 unscaled,95930.05075,96566,166.0507474,1,391.2104526,244.7388,815796,0,"{""601398.SH"": 17800.0}",-0.01642536979,-0.04069949253,0.9982690435
2020-07-10,V18 LambdaRank Top1 unscaled,93082.05075,93718,166.0507474,1,391.2104526,244.7388,815796,0,"{""601398.SH"": 17800.0}",-0.02968829869,-0.06917949253,0.998216082
2020-07-13,V18 LambdaRank Top1 unscaled,92904.05075,93540,166.0507474,1,391.2104526,244.7388,815796,0,"{""601398.SH"": 17800.0}",-0.001912291345,-0.07095949253,0.9982126641
2020-07-14,V18 LambdaRank Top1 unscaled,91658.05075,92294,166.0507474,1,391.2104526,244.7388,815796,0,"{""601398.SH"": 17800.0}",-0.01341168647,-0.08341949253,0.998188367
2020-07-15,V18 LambdaRank Top1 unscaled,90590.05075,91226,166.0507474,1,391.2104526,244.7388,815796,0,"{""601398.SH"": 17800.0}",-0.01165200428,-0.09409949253,0.998167009
2020-07-16,V18 LambdaRank Top1 unscaled,90234.05075,90870,166.0507474,1,391.2104526,244.7388,815796,0,"{""601398.SH"": 17800.0}",-0.003929791374,-0.09765949253,0.9981597773
2020-07-17,V18 LambdaRank Top1 unscaled,90234.05075,90870,166.0507474,1,391.2104526,244.7388,815796,0,"{""601398.SH"": 17800.0}",0,-0.09765949253,0.9981597773
2020-07-20,V18 LambdaRank Top1 unscaled,91480.05075,92116,166.0507474,1,391.2104526,244.7388,815796,0,"{""601398.SH"": 17800.0}",0.01380853447,-0.08519949253,0.998184842
2020-07-21,V18 LambdaRank Top1 unscaled,90946.05075,91582,166.0507474,1,391.2104526,244.7388,815796,0,"{""601398.SH"": 17800.0}",-0.005837338257,-0.09053949253,0.9981741841
2020-07-22,V18 LambdaRank Top1 unscaled,90768.05075,91404,166.0507474,1,391.2104526,244.7388,815796,0,"{""601398.SH"": 17800.0}",-0.001957204283,-0.09231949253,0.9981706036
2020-07-23,V18 LambdaRank Top1 unscaled,89700.05075,90336,166.0507474,1,391.2104526,244.7388,815796,0,"{""601398.SH"": 17800.0}",-0.01176625466,-0.1029994925,0.9981488221
2020-07-24,V18 LambdaRank Top1 unscaled,88810.05075,89446,166.0507474,1,391.2104526,244.7388,815796,0,"{""601398.SH"": 17800.0}",-0.009921956483,-0.1118994925,0.9981302708
2020-07-27,V18 LambdaRank Top1 unscaled,88632.05075,89268,166.0507474,1,391.2104526,244.7388,815796,0,"{""601398.SH"": 17800.0}",-0.002004277652,-0.1136794925,0.9981265158
2020-07-28,V18 LambdaRank Top1 unscaled,88810.05075,89446,166.0507474,1,391.2104526,244.7388,815796,0,"{""601398.SH"": 17800.0}",0.002008302849,-0.1118994925,0.9981302708
2020-07-29,V18 LambdaRank Top1 unscaled,89522.05075,90158,166.0507474,1,391.2104526,244.7388,815796,0,"{""601398.SH"": 17800.0}",0.008017110609,-0.1047794925,0.9981451414
2020-07-30,V18 LambdaRank Top1 unscaled,88810.05075,89446,166.0507474,1,391.2104526,244.7388,815796,0,"{""601398.SH"": 17800.0}",-0.00795334774,-0.1118994925,0.9981302708
2020-07-31,V18 LambdaRank Top1 unscaled,88454.05075,89090,166.0507474,1,391.2104526,244.7388,815796,0,"{""601398.SH"": 17800.0}",-0.004008555304,-0.1154594925,0.9981227457
2020-08-03,V18 LambdaRank Top1 unscaled,88810.05075,89446,166.0507474,1,391.2104526,244.7388,815796,0,"{""601398.SH"": 17800.0}",0.004024688491,-0.1118994925,0.9981302708
2020-08-04,V18 LambdaRank Top1 unscaled,90056.05075,90692,166.0507474,1,391.2104526,244.7388,815796,0,"{""601398.SH"": 17800.0}",0.01402994357,-0.09943949253,0.99815614
2020-08-05,V18 LambdaRank Top1 unscaled,89166.05075,89802,166.0507474,1,391.2104526,244.7388,815796,0,"{""601398.SH"": 17800.0}",-0.00988273406,-0.1083394925,0.9981377358
2020-08-06,V18 LambdaRank Top1 unscaled,89522.05075,90158,166.0507474,1,391.2104526,244.7388,815796,0,"{""601398.SH"": 17800.0}",0.003992550943,-0.1047794925,0.9981451414
2020-08-07,V18 LambdaRank Top1 unscaled,88810.05075,89446,166.0507474,1,391.2104526,244.7388,815796,0,"{""601398.SH"": 17800.0}",-0.00795334774,-0.1118994925,0.9981302708
2020-08-10,V18 LambdaRank Top1 unscaled,88988.05075,89624,166.0507474,1,391.2104526,244.7388,815796,0,"{""601398.SH"": 17800.0}",0.002004277652,-0.1101194925,0.9981340107
2020-08-11,V18 LambdaRank Top1 unscaled,88810.05075,89446,166.0507474,1,391.2104526,244.7388,815796,0,"{""601398.SH"": 17800.0}",-0.002000268559,-0.1118994925,0.9981302708
2020-08-12,V18 LambdaRank Top1 unscaled,88988.05075,89624,166.0507474,1,391.2104526,244.7388,815796,0,"{""601398.SH"": 17800.0}",0.002004277652,-0.1101194925,0.9981340107
2020-08-13,V18 LambdaRank Top1 unscaled,88810.05075,89446,166.0507474,1,391.2104526,244.7388,815796,0,"{""601398.SH"": 17800.0}",-0.002000268559,-0.1118994925,0.9981302708
2020-08-14,V18 LambdaRank Top1 unscaled,89522.05075,90158,166.0507474,1,391.2104526,244.7388,815796,0,"{""601398.SH"": 17800.0}",0.008017110609,-0.1047794925,0.9981451414
2020-08-17,V18 LambdaRank Top1 unscaled,90768.05075,91404,166.0507474,1,391.2104526,244.7388,815796,0,"{""601398.SH"": 17800.0}",0.01391835855,-0.09231949253,0.9981706036
2020-08-18,V18 LambdaRank Top1 unscaled,90056.05075,90692,166.0507474,1,391.2104526,244.7388,815796,0,"{""601398.SH"": 17800.0}",-0.007844169773,-0.09943949253,0.99815614
2020-08-19,V18 LambdaRank Top1 unscaled,89700.05075,90336,166.0507474,1,391.2104526,244.7388,815796,0,"{""601398.SH"": 17800.0}",-0.003953093624,-0.1029994925,0.9981488221
2020-08-20,V18 LambdaRank Top1 unscaled,89166.05075,89802,166.0507474,1,391.2104526,244.7388,815796,0,"{""601398.SH"": 17800.0}",-0.00595317389,-0.1083394925,0.9981377358
2020-08-21,V18 LambdaRank Top1 unscaled,89344.05075,89980,166.0507474,1,391.2104526,244.7388,815796,0,"{""601398.SH"": 17800.0}",0.001996275472,-0.1065594925,0.9981414459
2020-08-24,V18 LambdaRank Top1 unscaled,88988.05075,89624,166.0507474,1,391.2104526,244.7388,815796,0,"{""601398.SH"": 17800.0}",-0.003984596591,-0.1101194925,0.9981340107
2020-08-25,V18 LambdaRank Top1 unscaled,89166.05075,89802,166.0507474,1,391.2104526,244.7388,815796,0,"{""601398.SH"": 17800.0}",0.002000268559,-0.1083394925,0.9981377358
2020-08-26,V18 LambdaRank Top1 unscaled,88810.05075,89446,166.0507474,1,391.2104526,244.7388,815796,0,"{""601398.SH"": 17800.0}",-0.003992550943,-0.1118994925,0.9981302708
2020-08-27,V18 LambdaRank Top1 unscaled,88632.05075,89268,166.0507474,1,391.2104526,244.7388,815796,0,"{""601398.SH"": 17800.0}",-0.002004277652,-0.1136794925,0.9981265158
2020-08-28,V18 LambdaRank Top1 unscaled,89166.05075,89802,166.0507474,1,391.2104526,244.7388,815796,0,"{""601398.SH"": 17800.0}",0.006024908546,-0.1083394925,0.9981377358
2020-08-31,V18 LambdaRank Top1 unscaled,88454.05075,89090,166.0507474,1,391.2104526,244.7388,815796,0,"{""601398.SH"": 17800.0}",-0.007985101886,-0.1154594925,0.9981227457
2020-09-01,V18 LambdaRank Top1 unscaled,88454.05075,89090,166.0507474,1,391.2104526,244.7388,815796,0,"{""601398.SH"": 17800.0}",0,-0.1154594925,0.9981227457
2020-09-02,V18 LambdaRank Top1 unscaled,88169.33539,88948,555.3353921,1,481.1126079,297.552,991840,0,"{""601939.SH"": 14200.0}",-0.003218793858,-0.1183066461,0.9937014906
2020-09-03,V18 LambdaRank Top1 unscaled,87601.33539,88380,555.3353921,1,481.1126079,297.552,991840,0,"{""601939.SH"": 14200.0}",-0.006442149047,-0.1239866461,0.9936606515
2020-09-04,V18 LambdaRank Top1 unscaled,87317.33539,88096,555.3353921,1,481.1126079,297.552,991840,0,"{""601939.SH"": 14200.0}",-0.003241959711,-0.1268266461,0.9936400328
2020-09-07,V18 LambdaRank Top1 unscaled,87317.33539,88096,555.3353921,1,481.1126079,297.552,991840,0,"{""601939.SH"": 14200.0}",0,-0.1268266461,0.9936400328
2020-09-08,V18 LambdaRank Top1 unscaled,88879.33539,89658,555.3353921,1,481.1126079,297.552,991840,0,"{""601939.SH"": 14200.0}",0.01788877309,-0.1112066461,0.9937518053
2020-09-09,V18 LambdaRank Top1 unscaled,88311.33539,89090,555.3353921,1,481.1126079,297.552,991840,0,"{""601939.SH"": 14200.0}",-0.006390686851,-0.1168866461,0.9937116182
2020-09-10,V18 LambdaRank Top1 unscaled,87743.33539,88522,555.3353921,1,481.1126079,297.552,991840,0,"{""601939.SH"": 14200.0}",-0.006431790409,-0.1225666461,0.9936709108
2020-09-11,V18 LambdaRank Top1 unscaled,87885.33539,88664,555.3353921,1,481.1126079,297.552,991840,0,"{""601939.SH"": 14200.0}",0.001618356532,-0.1211466461,0.993681137
2020-09-14,V18 LambdaRank Top1 unscaled,87601.33539,88380,555.3353921,1,481.1126079,297.552,991840,0,"{""601939.SH"": 14200.0}",-0.003231483372,-0.1239866461,0.9936606515
2020-09-15,V18 LambdaRank Top1 unscaled,87459.33539,88238,555.3353921,1,481.1126079,297.552,991840,0,"{""601939.SH"": 14200.0}",-0.001620979856,-0.1254066461,0.9936503589
2020-09-16,V18 LambdaRank Top1 unscaled,87601.33539,88380,555.3353921,1,481.1126079,297.552,991840,0,"{""601939.SH"": 14200.0}",0.001623611698,-0.1239866461,0.9936606515
2020-09-17,V18 LambdaRank Top1 unscaled,87885.33539,88664,555.3353921,1,481.1126079,297.552,991840,0,"{""601939.SH"": 14200.0}",0.003241959711,-0.1211466461,0.993681137
2020-09-18,V18 LambdaRank Top1 unscaled,89163.33539,89942,555.3353921,1,481.1126079,297.552,991840,0,"{""601939.SH"": 14200.0}",0.01454167518,-0.1083666461,0.9937717068
2020-09-21,V18 LambdaRank Top1 unscaled,88737.33539,89516,555.3353921,1,481.1126079,297.552,991840,0,"{""601939.SH"": 14200.0}",-0.004777748591,-0.1126266461,0.9937418068
2020-09-22,V18 LambdaRank Top1 unscaled,88453.33539,89232,555.3353921,1,481.1126079,297.552,991840,0,"{""601939.SH"": 14200.0}",-0.003200456705,-0.1154666461,0.9937217134
2020-09-23,V18 LambdaRank Top1 unscaled,88169.33539,88948,555.3353921,1,481.1126079,297.552,991840,0,"{""601939.SH"": 14200.0}",-0.003210732515,-0.1183066461,0.9937014906
2020-09-24,V18 LambdaRank Top1 unscaled,87601.33539,88380,555.3353921,1,481.1126079,297.552,991840,0,"{""601939.SH"": 14200.0}",-0.006442149047,-0.1239866461,0.9936606515
2020-09-25,V18 LambdaRank Top1 unscaled,87743.33539,88522,555.3353921,1,481.1126079,297.552,991840,0,"{""601939.SH"": 14200.0}",0.001620979856,-0.1225666461,0.9936709108
2020-09-28,V18 LambdaRank Top1 unscaled,88453.33539,89232,555.3353921,1,481.1126079,297.552,991840,0,"{""601939.SH"": 14200.0}",0.008091782662,-0.1154666461,0.9937217134
2020-09-29,V18 LambdaRank Top1 unscaled,87743.33539,88522,555.3353921,1,481.1126079,297.552,991840,0,"{""601939.SH"": 14200.0}",-0.008026831287,-0.1225666461,0.9936709108
2020-09-30,V18 LambdaRank Top1 unscaled,87885.33539,88664,555.3353921,1,481.1126079,297.552,991840,0,"{""601939.SH"": 14200.0}",0.001618356532,-0.1211466461,0.993681137
2020-10-09,V18 LambdaRank Top1 unscaled,87743.33539,88522,555.3353921,1,481.1126079,297.552,991840,0,"{""601939.SH"": 14200.0}",-0.001615741686,-0.1225666461,0.9936709108
2020-10-12,V18 LambdaRank Top1 unscaled,89021.33539,89800,555.3353921,1,481.1126079,297.552,991840,0,"{""601939.SH"": 14200.0}",0.01456520879,-0.1097866461,0.9937617719
2020-10-13,V18 LambdaRank Top1 unscaled,88169.33539,88948,555.3353921,1,481.1126079,297.552,991840,0,"{""601939.SH"": 14200.0}",-0.009570739377,-0.1183066461,0.9937014906
2020-10-14,V18 LambdaRank Top1 unscaled,88169.33539,88948,555.3353921,1,481.1126079,297.552,991840,0,"{""601939.SH"": 14200.0}",0,-0.1183066461,0.9937014906
2020-10-15,V18 LambdaRank Top1 unscaled,89021.33539,89800,555.3353921,1,481.1126079,297.552,991840,0,"{""601939.SH"": 14200.0}",0.009663223571,-0.1097866461,0.9937617719
2020-10-16,V18 LambdaRank Top1 unscaled,91435.33539,92214,555.3353921,1,481.1126079,297.552,991840,0,"{""601939.SH"": 14200.0}",0.0271170949,-0.08564664608,0.9939264685
2020-10-19,V18 LambdaRank Top1 unscaled,93139.33539,93918,555.3353921,1,481.1126079,297.552,991840,0,"{""601939.SH"": 14200.0}",0.01863612128,-0.06860664608,0.9940375848
2020-10-20,V18 LambdaRank Top1 unscaled,90725.33539,91504,555.3353921,1,481.1126079,297.552,991840,0,"{""601939.SH"": 14200.0}",-0.02591815789,-0.09274664608,0.9938789381
2020-10-21,V18 LambdaRank Top1 unscaled,91861.33539,92640,555.3353921,1,481.1126079,297.552,991840,0,"{""601939.SH"": 14200.0}",0.01252130946,-0.08138664608,0.993954634
2020-10-22,V18 LambdaRank Top1 unscaled,92429.33539,93208,555.3353921,1,481.1126079,297.552,991840,0,"{""601939.SH"": 14200.0}",0.00618323256,-0.07570664608,0.9939917842
2020-10-23,V18 LambdaRank Top1 unscaled,92429.33539,93208,555.3353921,1,481.1126079,297.552,991840,0,"{""601939.SH"": 14200.0}",0,-0.07570664608,0.9939917842
2020-10-26,V18 LambdaRank Top1 unscaled,92003.33539,92782,555.3353921,1,481.1126079,297.552,991840,0,"{""601939.SH"": 14200.0}",-0.004608926356,-0.07996664608,0.9939639646
2020-10-27,V18 LambdaRank Top1 unscaled,91293.33539,92072,555.3353921,1,481.1126079,297.552,991840,0,"{""601939.SH"": 14200.0}",-0.007717111526,-0.08706664608,0.9939170215
2020-10-28,V18 LambdaRank Top1 unscaled,89873.33539,90652,555.3353921,1,481.1126079,297.552,991840,0,"{""601939.SH"": 14200.0}",-0.01555425699,-0.1012666461,0.9938209104
2020-10-29,V18 LambdaRank Top1 unscaled,89873.33539,90652,555.3353921,1,481.1126079,297.552,991840,0,"{""601939.SH"": 14200.0}",0,-0.1012666461,0.9938209104
2020-10-30,V18 LambdaRank Top1 unscaled,89873.33539,90652,555.3353921,1,481.1126079,297.552,991840,0,"{""601939.SH"": 14200.0}",0,-0.1012666461,0.9938209104
2020-11-02,V18 LambdaRank Top1 unscaled,89163.33539,89942,555.3353921,1,481.1126079,297.552,991840,0,"{""601939.SH"": 14200.0}",-0.007900007237,-0.1083666461,0.9937717068
2020-11-03,V18 LambdaRank Top1 unscaled,89589.33539,90368,555.3353921,1,481.1126079,297.552,991840,0,"{""601939.SH"": 14200.0}",0.004777748591,-0.1041066461,0.9938013226
2020-11-04,V18 LambdaRank Top1 unscaled,90725.33539,91504,555.3353921,1,481.1126079,297.552,991840,0,"{""601939.SH"": 14200.0}",0.01268008067,-0.09274664608,0.9938789381
2020-11-05,V18 LambdaRank Top1 unscaled,90867.33539,91646,555.3353921,1,481.1126079,297.552,991840,0,"{""601939.SH"": 14200.0}",0.001565163682,-0.09132664608,0.9938885036
2020-11-06,V18 LambdaRank Top1 unscaled,91293.33539,92072,555.3353921,1,481.1126079,297.552,991840,0,"{""601939.SH"": 14200.0}",0.004688153319,-0.08706664608,0.9939170215
2020-11-09,V18 LambdaRank Top1 unscaled,91435.33539,92214,555.3353921,1,481.1126079,297.552,991840,0,"{""601939.SH"": 14200.0}",0.001555425699,-0.08564664608,0.9939264685
2020-11-10,V18 LambdaRank Top1 unscaled,92145.33539,92924,555.3353921,1,481.1126079,297.552,991840,0,"{""601939.SH"": 14200.0}",0.007765050535,-0.07854664608,0.9939732664
2020-11-11,V18 LambdaRank Top1 unscaled,93991.33539,94770,555.3353921,1,481.1126079,297.552,991840,0,"{""601939.SH"": 14200.0}",0.02003356971,-0.06008664608,0.9940916321
2020-11-12,V18 LambdaRank Top1 unscaled,93281.33539,94060,555.3353921,1,481.1126079,297.552,991840,0,"{""601939.SH"": 14200.0}",-0.007553887782,-0.06718664608,0.9940466612
2020-11-13,V18 LambdaRank Top1 unscaled,91435.33539,92214,555.3353921,1,481.1126079,297.552,991840,0,"{""601939.SH"": 14200.0}",-0.01978959662,-0.08564664608,0.9939264685
2020-11-16,V18 LambdaRank Top1 unscaled,91719.33539,92498,555.3353921,1,481.1126079,297.552,991840,0,"{""601939.SH"": 14200.0}",0.003106020214,-0.08280664608,0.9939452746
2020-11-17,V18 LambdaRank Top1 unscaled,92571.33539,93350,555.3353921,1,481.1126079,297.552,991840,0,"{""601939.SH"": 14200.0}",0.009289208174,-0.07428664608,0.9940010005
2020-11-18,V18 LambdaRank Top1 unscaled,93849.33539,94628,555.3353921,1,481.1126079,297.552,991840,0,"{""601939.SH"": 14200.0}",0.01380556945,-0.06150664608,0.9940826923
2020-11-19,V18 LambdaRank Top1 unscaled,94985.33539,95764,555.3353921,1,481.1126079,297.552,991840,0,"{""601939.SH"": 14200.0}",0.01210450767,-0.05014664608,0.9941534618
2020-11-20,V18 LambdaRank Top1 unscaled,93849.33539,94628,555.3353921,1,481.1126079,297.552,991840,0,"{""601939.SH"": 14200.0}",-0.01195974089,-0.06150664608,0.9940826923
2020-11-23,V18 LambdaRank Top1 unscaled,95837.33539,96616,555.3353921,1,481.1126079,297.552,991840,0,"{""601939.SH"": 14200.0}",0.02118288842,-0.04162664608,0.9942054379
2020-11-24,V18 LambdaRank Top1 unscaled,94843.33539,95622,555.3353921,1,481.1126079,297.552,991840,0,"{""601939.SH"": 14200.0}",-0.01037174078,-0.05156664608,0.9941447083
2020-11-25,V18 LambdaRank Top1 unscaled,94559.33539,95338,555.3353921,1,481.1126079,297.552,991840,0,"{""601939.SH"": 14200.0}",-0.002994411772,-0.05440664608,0.9941271225
2020-11-26,V18 LambdaRank Top1 unscaled,96263.33539,97042,555.3353921,1,481.1126079,297.552,991840,0,"{""601939.SH"": 14200.0}",0.01802043122,-0.03736664608,0.9942310809
2020-11-27,V18 LambdaRank Top1 unscaled,100381.3354,101160,555.3353921,1,481.1126079,297.552,991840,0,"{""601939.SH"": 14200.0}",0.04277848864,0,0.9944677425
2020-11-30,V18 LambdaRank Top1 unscaled,102085.3354,102864,555.3353921,1,481.1126079,297.552,991840,0,"{""601939.SH"": 14200.0}",0.0169752673,0,0.9945600865
2020-12-01,V18 LambdaRank Top1 unscaled,104215.3354,104994,555.3353921,1,481.1126079,297.552,991840,0,"{""601939.SH"": 14200.0}",0.02086489692,0,0.9946712699
2020-12-02,V18 LambdaRank Top1 unscaled,102978.4804,103925,81.48037593,1,586.7650241,359.7546,1199182,0,"{""601988.SH"": 30900.0}",-0.01186826307,-0.01186826307,0.9992087631
2020-12-03,V18 LambdaRank Top1 unscaled,102360.4804,103307,81.48037593,1,586.7650241,359.7546,1199182,0,"{""601988.SH"": 30900.0}",-0.006001253832,-0.01779829244,0.999203986
2020-12-04,V18 LambdaRank Top1 unscaled,101433.4804,102380,81.48037593,1,586.7650241,359.7546,1199182,0,"{""601988.SH"": 30900.0}",-0.00905622948,-0.0266933365,0.9991967112
2020-12-07,V18 LambdaRank Top1 unscaled,100506.4804,101453,81.48037593,1,586.7650241,359.7546,1199182,0,"{""601988.SH"": 30900.0}",-0.00913899431,-0.03558838056,0.9991893023
2020-12-08,V18 LambdaRank Top1 unscaled,100197.4804,101144,81.48037593,1,586.7650241,359.7546,1199182,0,"{""601988.SH"": 30900.0}",-0.003074428622,-0.03855339525,0.9991868021
2020-12-09,V18 LambdaRank Top1 unscaled,99888.48038,100835,81.48037593,1,586.7650241,359.7546,1199182,0,"{""601988.SH"": 30900.0}",-0.003083909883,-0.04151840993,0.9991842866
2020-12-10,V18 LambdaRank Top1 unscaled,99579.48038,100526,81.48037593,1,586.7650241,359.7546,1199182,0,"{""601988.SH"": 30900.0}",-0.003093449804,-0.04448342462,0.9991817554
2020-12-11,V18 LambdaRank Top1 unscaled,99270.48038,100217,81.48037593,1,586.7650241,359.7546,1199182,0,"{""601988.SH"": 30900.0}",-0.00310304893,-0.04744843931,0.9991792084
2020-12-14,V18 LambdaRank Top1 unscaled,98961.48038,99908,81.48037593,1,586.7650241,359.7546,1199182,0,"{""601988.SH"": 30900.0}",-0.003112707814,-0.05041345399,0.9991766455
2020-12-15,V18 LambdaRank Top1 unscaled,98343.48038,99290,81.48037593,1,586.7650241,359.7546,1199182,0,"{""601988.SH"": 30900.0}",-0.006244854035,-0.05634348337,0.9991714715
2020-12-16,V18 LambdaRank Top1 unscaled,98343.48038,99290,81.48037593,1,586.7650241,359.7546,1199182,0,"{""601988.SH"": 30900.0}",0,-0.05634348337,0.9991714715
2020-12-17,V18 LambdaRank Top1 unscaled,98652.48038,99599,81.48037593,1,586.7650241,359.7546,1199182,0,"{""601988.SH"": 30900.0}",0.003142048653,-0.05337846868,0.9991740666
2020-12-18,V18 LambdaRank Top1 unscaled,98343.48038,99290,81.48037593,1,586.7650241,359.7546,1199182,0,"{""601988.SH"": 30900.0}",-0.003132207105,-0.05634348337,0.9991714715
2020-12-21,V18 LambdaRank Top1 unscaled,98652.48038,99599,81.48037593,1,586.7650241,359.7546,1199182,0,"{""601988.SH"": 30900.0}",0.003142048653,-0.05337846868,0.9991740666
2020-12-22,V18 LambdaRank Top1 unscaled,97725.48038,98672,81.48037593,1,586.7650241,359.7546,1199182,0,"{""601988.SH"": 30900.0}",-0.009396621316,-0.06227351274,0.999166232
2020-12-23,V18 LambdaRank Top1 unscaled,97725.48038,98672,81.48037593,1,586.7650241,359.7546,1199182,0,"{""601988.SH"": 30900.0}",0,-0.06227351274,0.999166232
2020-12-24,V18 LambdaRank Top1 unscaled,98034.48038,98981,81.48037593,1,586.7650241,359.7546,1199182,0,"{""601988.SH"": 30900.0}",0.003161918456,-0.05930849805,0.99916886
2020-12-25,V18 LambdaRank Top1 unscaled,98343.48038,99290,81.48037593,1,586.7650241,359.7546,1199182,0,"{""601988.SH"": 30900.0}",0.00315195224,-0.05634348337,0.9991714715
2020-12-28,V18 LambdaRank Top1 unscaled,98034.48038,98981,81.48037593,1,586.7650241,359.7546,1199182,0,"{""601988.SH"": 30900.0}",-0.003142048653,-0.05930849805,0.99916886
2020-12-29,V18 LambdaRank Top1 unscaled,98034.48038,98981,81.48037593,1,586.7650241,359.7546,1199182,0,"{""601988.SH"": 30900.0}",0,-0.05930849805,0.99916886
2020-12-30,V18 LambdaRank Top1 unscaled,98034.48038,98981,81.48037593,1,586.7650241,359.7546,1199182,0,"{""601988.SH"": 30900.0}",0,-0.05930849805,0.99916886
2020-12-31,V18 LambdaRank Top1 unscaled,98343.48038,99290,81.48037593,1,586.7650241,359.7546,1199182,0,"{""601988.SH"": 30900.0}",0.00315195224,-0.05634348337,0.9991714715
2021-01-04,V18 LambdaRank Top1 unscaled,98034.48038,98981,81.48037593,1,586.7650241,359.7546,1199182,0,"{""601988.SH"": 30900.0}",-0.003142048653,-0.05930849805,0.99916886
2021-01-05,V18 LambdaRank Top1 unscaled,98034.48038,98981,81.48037593,1,586.7650241,359.7546,1199182,0,"{""601988.SH"": 30900.0}",0,-0.05930849805,0.99916886
2021-01-06,V18 LambdaRank Top1 unscaled,98343.48038,99290,81.48037593,1,586.7650241,359.7546,1199182,0,"{""601988.SH"": 30900.0}",0.00315195224,-0.05634348337,0.9991714715
2021-01-07,V18 LambdaRank Top1 unscaled,98657.65498,99604.1746,81.48037593,1,586.7650241,359.7546,1199182,0,"{""601988.SH"": 30901.6221}",0.003194666298,-0.0533288157,0.9991741099
2021-01-08,V18 LambdaRank Top1 unscaled,98657.65498,99604.1746,81.48037593,1,586.7650241,359.7546,1199182,0,"{""601988.SH"": 30901.6221}",0,-0.0533288157,0.9991741099
2021-01-11,V18 LambdaRank Top1 unscaled,98039.62254,98986.14216,81.48037593,1,586.7650241,359.7546,1199182,0,"{""601988.SH"": 30901.6221}",-0.006264414482,-0.05925915637,0.9991689036
2021-01-12,V18 LambdaRank Top1 unscaled,98348.63876,99295.15838,81.48037593,1,586.7650241,359.7546,1199182,0,"{""601988.SH"": 30901.6221}",0.003151952377,-0.05629398603,0.999171515
2021-01-13,V18 LambdaRank Top1 unscaled,98966.6712,99913.19082,81.48037593,1,586.7650241,359.7546,1199182,0,"{""601988.SH"": 30901.6221}",0.006284097578,-0.05036364536,0.9991766887
2021-01-14,V18 LambdaRank Top1 unscaled,99275.68742,100222.207,81.48037593,1,586.7650241,359.7546,1199182,0,"{""601988.SH"": 30901.6221}",0.003122427152,-0.04739847502,0.9991792515
2021-01-15,V18 LambdaRank Top1 unscaled,99893.71986,100840.2395,81.48037593,1,586.7650241,359.7546,1199182,0,"{""601988.SH"": 30901.6221}",0.006225415897,-0.04146813434,0.9991843293
2021-01-18,V18 LambdaRank Top1 unscaled,98966.6712,99913.19082,81.48037593,1,586.7650241,359.7546,1199182,0,"{""601988.SH"": 30901.6221}",-0.009280349808,-0.05036364536,0.9991766887
2021-01-19,V18 LambdaRank Top1 unscaled,99584.70364,100531.2233,81.48037593,1,586.7650241,359.7546,1199182,0,"{""601988.SH"": 30901.6221}",0.006244854305,-0.04443330468,0.9991817983
2021-01-20,V18 LambdaRank Top1 unscaled,98966.6712,99913.19082,81.48037593,1,586.7650241,359.7546,1199182,0,"{""601988.SH"": 30901.6221}",-0.006206098126,-0.05036364536,0.9991766887
2021-01-21,V18 LambdaRank Top1 unscaled,98657.65498,99604.1746,81.48037593,1,586.7650241,359.7546,1199182,0,"{""601988.SH"": 30901.6221}",-0.003122427152,-0.0533288157,0.9991741099
2021-01-22,V18 LambdaRank Top1 unscaled,98039.62254,98986.14216,81.48037593,1,586.7650241,359.7546,1199182,0,"{""601988.SH"": 30901.6221}",-0.006264414482,-0.05925915637,0.9991689036
2021-01-25,V18 LambdaRank Top1 unscaled,98039.62254,98986.14216,81.48037593,1,586.7650241,359.7546,1199182,0,"{""601988.SH"": 30901.6221}",0,-0.05925915637,0.9991689036
2021-01-26,V18 LambdaRank Top1 unscaled,98039.62254,98986.14216,81.48037593,1,586.7650241,359.7546,1199182,0,"{""601988.SH"": 30901.6221}",0,-0.05925915637,0.9991689036
2021-01-27,V18 LambdaRank Top1 unscaled,98039.62254,98986.14216,81.48037593,1,586.7650241,359.7546,1199182,0,"{""601988.SH"": 30901.6221}",0,-0.05925915637,0.9991689036
2021-01-28,V18 LambdaRank Top1 unscaled,98039.62254,98986.14216,81.48037593,1,586.7650241,359.7546,1199182,0,"{""601988.SH"": 30901.6221}",0,-0.05925915637,0.9991689036
2021-01-29,V18 LambdaRank Top1 unscaled,98039.62254,98986.14216,81.48037593,1,586.7650241,359.7546,1199182,0,"{""601988.SH"": 30901.6221}",0,-0.05925915637,0.9991689036
2021-02-01,V18 LambdaRank Top1 unscaled,98348.63876,99295.15838,81.48037593,1,586.7650241,359.7546,1199182,0,"{""601988.SH"": 30901.6221}",0.003151952377,-0.05629398603,0.999171515
2021-02-02,V18 LambdaRank Top1 unscaled,97234.51288,98340.15838,15.51287641,1,686.9585571,418.6869475,1395623.158,0,"{""601398.SH"": 19100.0}",-0.01132833046,-0.06698459962,0.9998404592
2021-02-03,V18 LambdaRank Top1 unscaled,96279.51288,97385.15838,15.51287641,1,686.9585571,418.6869475,1395623.158,0,"{""601398.SH"": 19100.0}",-0.009821615512,-0.07614831815,0.9998388767
2021-02-04,V18 LambdaRank Top1 unscaled,96852.51288,97958.15838,15.51287641,1,686.9585571,418.6869475,1395623.158,0,"{""601398.SH"": 19100.0}",0.005951421885,-0.07065008703,0.9998398299
2021-02-05,V18 LambdaRank Top1 unscaled,98953.51288,100059.1584,15.51287641,1,686.9585571,418.6869475,1395623.158,0,"{""601398.SH"": 19100.0}",0.02169277737,-0.05048990627,0.9998432307
2021-02-08,V18 LambdaRank Top1 unscaled,98571.51288,99677.15838,15.51287641,1,686.9585571,418.6869475,1395623.158,0,"{""601398.SH"": 19100.0}",-0.003860398574,-0.05415539368,0.9998426231
2021-02-09,V18 LambdaRank Top1 unscaled,98380.51288,99486.15838,15.51287641,1,686.9585571,418.6869475,1395623.158,0,"{""601398.SH"": 19100.0}",-0.001937679502,-0.05598813739,0.9998423176
2021-02-10,V18 LambdaRank Top1 unscaled,100290.5129,101396.1584,15.51287641,1,686.9585571,418.6869475,1395623.158,0,"{""601398.SH"": 19100.0}",0.01941441393,-0.03766070033,0.9998453206
2021-02-18,V18 LambdaRank Top1 unscaled,100099.5129,101205.1584,15.51287641,1,686.9585571,418.6869475,1395623.158,0,"{""601398.SH"": 19100.0}",-0.001904467277,-0.03949344403,0.9998450255
2021-02-19,V18 LambdaRank Top1 unscaled,100099.5129,101205.1584,15.51287641,1,686.9585571,418.6869475,1395623.158,0,"{""601398.SH"": 19100.0}",0,-0.03949344403,0.9998450255
2021-02-22,V18 LambdaRank Top1 unscaled,102582.5129,103688.1584,15.51287641,1,686.9585571,418.6869475,1395623.158,0,"{""601398.SH"": 19100.0}",0.02480531552,-0.01566777586,0.9998487766
2021-02-23,V18 LambdaRank Top1 unscaled,102773.5129,103879.1584,15.51287641,1,686.9585571,418.6869475,1395623.158,0,"{""601398.SH"": 19100.0}",0.001861915785,-0.01383503215,0.9998490576
2021-02-24,V18 LambdaRank Top1 unscaled,101245.5129,102351.1584,15.51287641,1,686.9585571,418.6869475,1395623.158,0,"{""601398.SH"": 19100.0}",-0.01486764398,-0.0284969818,0.9998467796
2021-02-25,V18 LambdaRank Top1 unscaled,103919.5129,105025.1584,15.51287641,1,686.9585571,418.6869475,1395623.158,0,"{""601398.SH"": 19100.0}",0.02641104701,-0.002838569915,0.9998507222
2021-02-26,V18 LambdaRank Top1 unscaled,102582.5129,103688.1584,15.51287641,1,686.9585571,418.6869475,1395623.158,0,"{""601398.SH"": 19100.0}",-0.0128657262,-0.01566777586,0.9998487766
2021-03-01,V18 LambdaRank Top1 unscaled,102009.5129,103115.1584,15.51287641,1,686.9585571,418.6869475,1395623.158,0,"{""601398.SH"": 19100.0}",-0.005585747355,-0.02116600697,0.9998479272
2021-03-02,V18 LambdaRank Top1 unscaled,100475.2534,101746.1584,323.2534211,1,791.0489125,479.8560475,1599520.158,0,"{""601288.SH"": 31200.0}",-0.01504035665,-0.03588801933,0.9967827559
2021-03-03,V18 LambdaRank Top1 unscaled,102659.2534,103930.1584,323.2534211,1,791.0489125,479.8560475,1599520.158,0,"{""601288.SH"": 31200.0}",0.02173669561,-0.01493141067,0.9968512004
2021-03-04,V18 LambdaRank Top1 unscaled,103283.2534,104554.1584,323.2534211,1,791.0489125,479.8560475,1599520.158,0,"{""601288.SH"": 31200.0}",0.006078360978,-0.008943808198,0.9968702243
2021-03-05,V18 LambdaRank Top1 unscaled,104843.2534,106114.1584,323.2534211,1,791.0489125,479.8560475,1599520.158,0,"{""601288.SH"": 31200.0}",0.01510409431,0,0.9969167933
2021-03-08,V18 LambdaRank Top1 unscaled,105155.2534,106426.1584,323.2534211,1,791.0489125,479.8560475,1599520.158,0,"{""601288.SH"": 31200.0}",0.002975871025,0,0.9969259413
2021-03-09,V18 LambdaRank Top1 unscaled,104219.2534,105490.1584,323.2534211,1,791.0489125,479.8560475,1599520.158,0,"{""601288.SH"": 31200.0}",-0.008901124476,-0.008901124476,0.996898333
2021-03-10,V18 LambdaRank Top1 unscaled,105155.2534,106426.1584,323.2534211,1,791.0489125,479.8560475,1599520.158,0,"{""601288.SH"": 31200.0}",0.008981066063,0,0.9969259413
2021-03-11,V18 LambdaRank Top1 unscaled,105779.2534,107050.1584,323.2534211,1,791.0489125,479.8560475,1599520.158,0,"{""601288.SH"": 31200.0}",0.005934082984,0,0.9969440754
2021-03-12,V18 LambdaRank Top1 unscaled,105779.2534,107050.1584,323.2534211,1,791.0489125,479.8560475,1599520.158,0,"{""601288.SH"": 31200.0}",0,0,0.9969440754
2021-03-15,V18 LambdaRank Top1 unscaled,107027.2534,108298.1584,323.2534211,1,791.0489125,479.8560475,1599520.158,0,"{""601288.SH"": 31200.0}",0.01179815474,0,0.9969797093
2021-03-16,V18 LambdaRank Top1 unscaled,106715.2534,107986.1584,323.2534211,1,791.0489125,479.8560475,1599520.158,0,"{""601288.SH"": 31200.0}",-0.002915145349,-0.002915145349,0.9969708789
2021-03-17,V18 LambdaRank Top1 unscaled,106403.2534,107674.1584,323.2534211,1,791.0489125,479.8560475,1599520.158,0,"{""601288.SH"": 31200.0}",-0.002923668267,-0.005830290698,0.9969619968
2021-03-18,V18 LambdaRank Top1 unscaled,106091.2534,107362.1584,323.2534211,1,791.0489125,479.8560475,1599520.158,0,"{""601288.SH"": 31200.0}",-0.002932241167,-0.008745436046,0.9969530625
2021-03-19,V18 LambdaRank Top1 unscaled,104531.2534,105802.1584,323.2534211,1,791.0489125,479.8560475,1599520.158,0,"{""601288.SH"": 31200.0}",-0.01470432246,-0.02332116279,0.9969075907
2021-03-22,V18 LambdaRank Top1 unscaled,106091.2534,107362.1584,323.2534211,1,791.0489125,479.8560475,1599520.158,0,"{""601288.SH"": 31200.0}",0.01492376633,-0.008745436046,0.9969530625
2021-03-23,V18 LambdaRank Top1 unscaled,106091.2534,107362.1584,323.2534211,1,791.0489125,479.8560475,1599520.158,0,"{""601288.SH"": 31200.0}",0,-0.008745436046,0.9969530625
2021-03-24,V18 LambdaRank Top1 unscaled,106403.2534,107674.1584,323.2534211,1,791.0489125,479.8560475,1599520.158,0,"{""601288.SH"": 31200.0}",0.002940864491,-0.005830290698,0.9969619968
2021-03-25,V18 LambdaRank Top1 unscaled,104531.2534,105802.1584,323.2534211,1,791.0489125,479.8560475,1599520.158,0,"{""601288.SH"": 31200.0}",-0.017593447,-0.02332116279,0.9969075907
2021-03-26,V18 LambdaRank Top1 unscaled,104219.2534,105490.1584,323.2534211,1,791.0489125,479.8560475,1599520.158,0,"{""601288.SH"": 31200.0}",-0.002984753266,-0.02623630814,0.996898333
2021-03-29,V18 LambdaRank Top1 unscaled,105779.2534,107050.1584,323.2534211,1,791.0489125,479.8560475,1599520.158,0,"{""601288.SH"": 31200.0}",0.01496844344,-0.0116605814,0.9969440754
2021-03-30,V18 LambdaRank Top1 unscaled,105779.2534,107050.1584,323.2534211,1,791.0489125,479.8560475,1599520.158,0,"{""601288.SH"": 31200.0}",0,-0.0116605814,0.9969440754
2021-03-31,V18 LambdaRank Top1 unscaled,106403.2534,107674.1584,323.2534211,1,791.0489125,479.8560475,1599520.158,0,"{""601288.SH"": 31200.0}",0.005899077369,-0.005830290698,0.9969619968
2021-04-01,V18 LambdaRank Top1 unscaled,105779.2534,107050.1584,323.2534211,1,791.0489125,479.8560475,1599520.158,0,"{""601288.SH"": 31200.0}",-0.005864482334,-0.0116605814,0.9969440754
2021-04-02,V18 LambdaRank Top1 unscaled,104843.2534,106114.1584,323.2534211,1,791.0489125,479.8560475,1599520.158,0,"{""601288.SH"": 31200.0}",-0.008848616054,-0.02040601744,0.9969167933
2021-04-06,V18 LambdaRank Top1 unscaled,104531.2534,105802.1584,323.2534211,1,791.0489125,479.8560475,1599520.158,0,"{""601288.SH"": 31200.0}",-0.002975871025,-0.02332116279,0.9969075907
2021-04-07,V18 LambdaRank Top1 unscaled,104843.2534,106114.1584,323.2534211,1,791.0489125,479.8560475,1599520.158,0,"{""601288.SH"": 31200.0}",0.002984753266,-0.02040601744,0.9969167933
2021-04-08,V18 LambdaRank Top1 unscaled,104531.2534,105802.1584,323.2534211,1,791.0489125,479.8560475,1599520.158,0,"{""601288.SH"": 31200.0}",-0.002975871025,-0.02332116279,0.9969075907
2021-04-09,V18 LambdaRank Top1 unscaled,105155.2534,106426.1584,323.2534211,1,791.0489125,479.8560475,1599520.158,0,"{""601288.SH"": 31200.0}",0.005969506531,-0.01749087209,0.9969259413
2021-04-12,V18 LambdaRank Top1 unscaled,106403.2534,107674.1584,323.2534211,1,791.0489125,479.8560475,1599520.158,0,"{""601288.SH"": 31200.0}",0.01186816597,-0.005830290698,0.9969619968
2021-04-13,V18 LambdaRank Top1 unscaled,106091.2534,107362.1584,323.2534211,1,791.0489125,479.8560475,1599520.158,0,"{""601288.SH"": 31200.0}",-0.002932241167,-0.008745436046,0.9969530625
2021-04-14,V18 LambdaRank Top1 unscaled,104843.2534,106114.1584,323.2534211,1,791.0489125,479.8560475,1599520.158,0,"{""601288.SH"": 31200.0}",-0.01176345796,-0.02040601744,0.9969167933
2021-04-15,V18 LambdaRank Top1 unscaled,104843.2534,106114.1584,323.2534211,1,791.0489125,479.8560475,1599520.158,0,"{""601288.SH"": 31200.0}",0,-0.02040601744,0.9969167933
2021-04-16,V18 LambdaRank Top1 unscaled,104843.2534,106114.1584,323.2534211,1,791.0489125,479.8560475,1599520.158,0,"{""601288.SH"": 31200.0}",0,-0.02040601744,0.9969167933
2021-04-19,V18 LambdaRank Top1 unscaled,104843.2534,106114.1584,323.2534211,1,791.0489125,479.8560475,1599520.158,0,"{""601288.SH"": 31200.0}",0,-0.02040601744,0.9969167933
2021-04-20,V18 LambdaRank Top1 unscaled,104219.2534,105490.1584,323.2534211,1,791.0489125,479.8560475,1599520.158,0,"{""601288.SH"": 31200.0}",-0.00595174205,-0.02623630814,0.996898333
2021-04-21,V18 LambdaRank Top1 unscaled,104219.2534,105490.1584,323.2534211,1,791.0489125,479.8560475,1599520.158,0,"{""601288.SH"": 31200.0}",0,-0.02623630814,0.996898333
2021-04-22,V18 LambdaRank Top1 unscaled,103283.2534,104554.1584,323.2534211,1,791.0489125,479.8560475,1599520.158,0,"{""601288.SH"": 31200.0}",-0.008981066063,-0.03498174419,0.9968702243
2021-04-23,V18 LambdaRank Top1 unscaled,102035.2534,103306.1584,323.2534211,1,791.0489125,479.8560475,1599520.158,0,"{""601288.SH"": 31200.0}",-0.01208327545,-0.04664232558,0.9968319438
2021-04-26,V18 LambdaRank Top1 unscaled,101411.2534,102682.1584,323.2534211,1,791.0489125,479.8560475,1599520.158,0,"{""601288.SH"": 31200.0}",-0.006115533397,-0.05247261628,0.9968124502
2021-04-27,V18 LambdaRank Top1 unscaled,101099.2534,102370.1584,323.2534211,1,791.0489125,479.8560475,1599520.158,0,"{""601288.SH"": 31200.0}",-0.003076581636,-0.05538776163,0.9968026132
2021-04-28,V18 LambdaRank Top1 unscaled,100787.2534,102058.1584,323.2534211,1,791.0489125,479.8560475,1599520.158,0,"{""601288.SH"": 31200.0}",-0.003086076202,-0.05830290698,0.9967927152
2021-04-29,V18 LambdaRank Top1 unscaled,101099.2534,102370.1584,323.2534211,1,791.0489125,479.8560475,1599520.158,0,"{""601288.SH"": 31200.0}",0.00309562955,-0.05538776163,0.9968026132
2021-04-30,V18 LambdaRank Top1 unscaled,100163.2534,101434.1584,323.2534211,1,791.0489125,479.8560475,1599520.158,0,"{""601288.SH"": 31200.0}",-0.009258228605,-0.06413319767,0.9967727344
2021-05-06,V18 LambdaRank Top1 unscaled,100475.2534,101746.1584,323.2534211,1,791.0489125,479.8560475,1599520.158,0,"{""601288.SH"": 31200.0}",0.003114914795,-0.06121805232,0.9967827559
2021-05-07,V18 LambdaRank Top1 unscaled,101723.2534,102994.1584,323.2534211,1,791.0489125,479.8560475,1599520.158,0,"{""601288.SH"": 31200.0}",0.01242096892,-0.04955747093,0.9968222269
2021-05-10,V18 LambdaRank Top1 unscaled,101411.2534,102682.1584,323.2534211,1,791.0489125,479.8560475,1599520.158,0,"{""601288.SH"": 31200.0}",-0.003067145313,-0.05247261628,0.9968124502
2021-05-11,V18 LambdaRank Top1 unscaled,102035.2534,103306.1584,323.2534211,1,791.0489125,479.8560475,1599520.158,0,"{""601288.SH"": 31200.0}",0.006153163273,-0.04664232558,0.9968319438
2021-05-12,V18 LambdaRank Top1 unscaled,102347.2534,103618.1584,323.2534211,1,791.0489125,479.8560475,1599520.158,0,"{""601288.SH"": 31200.0}",0.003057766699,-0.04372718023,0.9968416014
2021-05-13,V18 LambdaRank Top1 unscaled,102347.2534,103618.1584,323.2534211,1,791.0489125,479.8560475,1599520.158,0,"{""601288.SH"": 31200.0}",0,-0.04372718023,0.9968416014
2021-05-14,V18 LambdaRank Top1 unscaled,102971.2534,104242.1584,323.2534211,1,791.0489125,479.8560475,1599520.158,0,"{""601288.SH"": 31200.0}",0.006096890528,-0.03789688953,0.9968607411
2021-05-17,V18 LambdaRank Top1 unscaled,102347.2534,103618.1584,323.2534211,1,791.0489125,479.8560475,1599520.158,0,"{""601288.SH"": 31200.0}",-0.006059943715,-0.04372718023,0.9968416014
2021-05-18,V18 LambdaRank Top1 unscaled,101723.2534,102994.1584,323.2534211,1,791.0489125,479.8560475,1599520.158,0,"{""601288.SH"": 31200.0}",-0.006096890528,-0.04955747093,0.9968222269
2021-05-19,V18 LambdaRank Top1 unscaled,101411.2534,102682.1584,323.2534211,1,791.0489125,479.8560475,1599520.158,0,"{""601288.SH"": 31200.0}",-0.003067145313,-0.05247261628,0.9968124502
2021-05-20,V18 LambdaRank Top1 unscaled,101723.2534,102994.1584,323.2534211,1,791.0489125,479.8560475,1599520.158,0,"{""601288.SH"": 31200.0}",0.003076581636,-0.04955747093,0.9968222269
2021-05-21,V18 LambdaRank Top1 unscaled,101411.2534,102682.1584,323.2534211,1,791.0489125,479.8560475,1599520.158,0,"{""601288.SH"": 31200.0}",-0.003067145313,-0.05247261628,0.9968124502
2021-05-24,V18 LambdaRank Top1 unscaled,101411.2534,102682.1584,323.2534211,1,791.0489125,479.8560475,1599520.158,0,"{""601288.SH"": 31200.0}",0,-0.05247261628,0.9968124502
2021-05-25,V18 LambdaRank Top1 unscaled,102347.2534,103618.1584,323.2534211,1,791.0489125,479.8560475,1599520.158,0,"{""601288.SH"": 31200.0}",0.009229744909,-0.04372718023,0.9968416014
2021-05-26,V18 LambdaRank Top1 unscaled,102659.2534,103930.1584,323.2534211,1,791.0489125,479.8560475,1599520.158,0,"{""601288.SH"": 31200.0}",0.003048445264,-0.04081203488,0.9968512004
2021-05-27,V18 LambdaRank Top1 unscaled,102347.2534,103618.1584,323.2534211,1,791.0489125,479.8560475,1599520.158,0,"{""601288.SH"": 31200.0}",-0.003039180489,-0.04372718023,0.9968416014
2021-05-28,V18 LambdaRank Top1 unscaled,102659.2534,103930.1584,323.2534211,1,791.0489125,479.8560475,1599520.158,0,"{""601288.SH"": 31200.0}",0.003048445264,-0.04081203488,0.9968512004
2021-05-31,V18 LambdaRank Top1 unscaled,102035.2534,103306.1584,323.2534211,1,791.0489125,479.8560475,1599520.158,0,"{""601288.SH"": 31200.0}",-0.006078360978,-0.04664232558,0.9968319438
2021-06-01,V18 LambdaRank Top1 unscaled,101723.2534,102994.1584,323.2534211,1,791.0489125,479.8560475,1599520.158,0,"{""601288.SH"": 31200.0}",-0.003057766699,-0.04955747093,0.9968222269
2021-06-02,V18 LambdaRank Top1 unscaled,101754.9289,103190.1584,30.92894107,1,894.4949924,540.7344475,1802448.158,0,"{""601398.SH"": 19600.0}",0.0003113891755,-0.04926151341,0.9996960448
2021-06-03,V18 LambdaRank Top1 unscaled,100970.9289,102406.1584,30.92894107,1,894.4949924,540.7344475,1802448.158,0,"{""601398.SH"": 19600.0}",-0.007704786472,-0.05658675044,0.9996936847
2021-06-04,V18 LambdaRank Top1 unscaled,101362.9289,102798.1584,30.92894107,1,894.4949924,540.7344475,1802448.158,0,"{""601398.SH"": 19600.0}",0.003882305572,-0.05292413193,0.9996948693
2021-06-07,V18 LambdaRank Top1 unscaled,101362.9289,102798.1584,30.92894107,1,894.4949924,540.7344475,1802448.158,0,"{""601398.SH"": 19600.0}",0,-0.05292413193,0.9996948693
2021-06-08,V18 LambdaRank Top1 unscaled,101950.9289,103386.1584,30.92894107,1,894.4949924,540.7344475,1802448.158,0,"{""601398.SH"": 19600.0}",0.005800937346,-0.04743020416,0.9996966291
2021-06-09,V18 LambdaRank Top1 unscaled,101754.9289,103190.1584,30.92894107,1,894.4949924,540.7344475,1802448.158,0,"{""601398.SH"": 19600.0}",-0.001922493518,-0.04926151341,0.9996960448
2021-06-10,V18 LambdaRank Top1 unscaled,101950.9289,103386.1584,30.92894107,1,894.4949924,540.7344475,1802448.158,0,"{""601398.SH"": 19600.0}",0.001926196618,-0.04743020416,0.9996966291
2021-06-11,V18 LambdaRank Top1 unscaled,101754.9289,103190.1584,30.92894107,1,894.4949924,540.7344475,1802448.158,0,"{""601398.SH"": 19600.0}",-0.001922493518,-0.04926151341,0.9996960448
2021-06-15,V18 LambdaRank Top1 unscaled,101166.9289,102602.1584,30.92894107,1,894.4949924,540.7344475,1802448.158,0,"{""601398.SH"": 19600.0}",-0.005778589854,-0.05475544119,0.9996942781
2021-06-16,V18 LambdaRank Top1 unscaled,101362.9289,102798.1584,30.92894107,1,894.4949924,540.7344475,1802448.158,0,"{""601398.SH"": 19600.0}",0.001937392012,-0.05292413193,0.9996948693
2021-06-17,V18 LambdaRank Top1 unscaled,101558.9289,102994.1584,30.92894107,1,894.4949924,540.7344475,1802448.158,0,"{""601398.SH"": 19600.0}",0.001933645782,-0.05109282267,0.9996954582
2021-06-18,V18 LambdaRank Top1 unscaled,101558.9289,102994.1584,30.92894107,1,894.4949924,540.7344475,1802448.158,0,"{""601398.SH"": 19600.0}",0,-0.05109282267,0.9996954582
2021-06-21,V18 LambdaRank Top1 unscaled,100970.9289,102406.1584,30.92894107,1,894.4949924,540.7344475,1802448.158,0,"{""601398.SH"": 19600.0}",-0.005789742036,-0.05658675044,0.9996936847
2021-06-22,V18 LambdaRank Top1 unscaled,101166.9289,102602.1584,30.92894107,1,894.4949924,540.7344475,1802448.158,0,"{""601398.SH"": 19600.0}",0.001941152786,-0.05475544119,0.9996942781
2021-06-23,V18 LambdaRank Top1 unscaled,100774.9289,102210.1584,30.92894107,1,894.4949924,540.7344475,1802448.158,0,"{""601398.SH"": 19600.0}",-0.003874784024,-0.0584180597,0.9996930889
2021-06-24,V18 LambdaRank Top1 unscaled,101950.9289,103386.1584,30.92894107,1,894.4949924,540.7344475,1802448.158,0,"{""601398.SH"": 19600.0}",0.01166956913,-0.04743020416,0.9996966291
2021-06-25,V18 LambdaRank Top1 unscaled,102538.9289,103974.1584,30.92894107,1,894.4949924,540.7344475,1802448.158,0,"{""601398.SH"": 19600.0}",0.005767480553,-0.04193627638,0.9996983688
2021-06-28,V18 LambdaRank Top1 unscaled,101558.9289,102994.1584,30.92894107,1,894.4949924,540.7344475,1802448.158,0,"{""601398.SH"": 19600.0}",-0.009557345782,-0.05109282267,0.9996954582
2021-06-29,V18 LambdaRank Top1 unscaled,101362.9289,102798.1584,30.92894107,1,894.4949924,540.7344475,1802448.158,0,"{""601398.SH"": 19600.0}",-0.001929914012,-0.05292413193,0.9996948693
2021-06-30,V18 LambdaRank Top1 unscaled,101362.9289,102798.1584,30.92894107,1,894.4949924,540.7344475,1802448.158,0,"{""601398.SH"": 19600.0}",0,-0.05292413193,0.9996948693
2021-07-01,V18 LambdaRank Top1 unscaled,103126.9289,104562.1584,30.92894107,1,894.4949924,540.7344475,1802448.158,0,"{""601398.SH"": 19600.0}",0.01740281204,-0.03644234861,0.9997000886
2021-07-02,V18 LambdaRank Top1 unscaled,102930.9289,104366.1584,30.92894107,1,894.4949924,540.7344475,1802448.158,0,"{""601398.SH"": 19600.0}",-0.001900570511,-0.03827365787,0.9996995175
2021-07-05,V18 LambdaRank Top1 unscaled,101950.9289,103386.1584,30.92894107,1,894.4949924,540.7344475,1802448.158,0,"{""601398.SH"": 19600.0}",-0.009520947786,-0.04743020416,0.9996966291
2021-07-06,V18 LambdaRank Top1 unscaled,102345.7604,103780.9898,30.92894107,1,894.4949924,540.7344475,1802448.158,0,"{""601398.SH"": 20669.6629}",0.003872759815,-0.04374113013,0.9996977995
2021-07-07,V18 LambdaRank Top1 unscaled,102139.0638,103574.2932,30.92894107,1,894.4949924,540.7344475,1802448.158,0,"{""601398.SH"": 20669.6629}",-0.002019591514,-0.04567238243,0.9996971879
2021-07-08,V18 LambdaRank Top1 unscaled,101105.5806,102540.8101,30.92894107,1,894.4949924,540.7344475,1802448.158,0,"{""601398.SH"": 20669.6629}",-0.01011839259,-0.05532864392,0.9996940926
2021-07-09,V18 LambdaRank Top1 unscaled,100278.7941,101714.0235,30.92894107,1,894.4949924,540.7344475,1802448.158,0,"{""601398.SH"": 20669.6629}",-0.008177456791,-0.06305365312,0.9996915705
2021-07-12,V18 LambdaRank Top1 unscaled,98625.22108,100060.4505,30.92894107,1,894.4949924,540.7344475,1802448.158,0,"{""601398.SH"": 20669.6629}",-0.01648975786,-0.07850367151,0.9996863993
2021-07-13,V18 LambdaRank Top1 unscaled,98211.82782,99647.05726,30.92894107,1,894.4949924,540.7344475,1802448.158,0,"{""601398.SH"": 20669.6629}",-0.00419155723,-0.08236617611,0.9996850793
2021-07-14,V18 LambdaRank Top1 unscaled,97385.0413,98820.27074,30.92894107,1,894.4949924,540.7344475,1802448.158,0,"{""601398.SH"": 20669.6629}",-0.008418400667,-0.0900911853,0.9996824056
2021-07-15,V18 LambdaRank Top1 unscaled,98211.82782,99647.05726,30.92894107,1,894.4949924,540.7344475,1802448.158,0,"{""601398.SH"": 20669.6629}",0.00848987181,-0.08236617611,0.9996850793
2021-07-16,V18 LambdaRank Top1 unscaled,98005.13119,99440.36063,30.92894107,1,894.4949924,540.7344475,1802448.158,0,"{""601398.SH"": 20669.6629}",-0.002104600167,-0.08429742841,0.9996844151
2021-07-19,V18 LambdaRank Top1 unscaled,97798.43456,99233.664,30.92894107,1,894.4949924,540.7344475,1802448.158,0,"{""601398.SH"": 20669.6629}",-0.00210903885,-0.08622868071,0.9996837481
2021-07-20,V18 LambdaRank Top1 unscaled,97385.0413,98820.27074,30.92894107,1,894.4949924,540.7344475,1802448.158,0,"{""601398.SH"": 20669.6629}",-0.004226992592,-0.0900911853,0.9996824056
2021-07-21,V18 LambdaRank Top1 unscaled,96971.64804,98406.87748,30.92894107,1,894.4949924,540.7344475,1802448.158,0,"{""601398.SH"": 20669.6629}",-0.004244935905,-0.0939536899,0.9996810517
2021-07-22,V18 LambdaRank Top1 unscaled,97385.0413,98820.27074,30.92894107,1,894.4949924,540.7344475,1802448.158,0,"{""601398.SH"": 20669.6629}",0.004263032203,-0.0900911853,0.9996824056
2021-07-23,V18 LambdaRank Top1 unscaled,97178.34467,98613.57411,30.92894107,1,894.4949924,540.7344475,1802448.158,0,"{""601398.SH"": 20669.6629}",-0.002122467953,-0.0920224376,0.9996817301
2021-07-26,V18 LambdaRank Top1 unscaled,96558.25478,97993.48422,30.92894107,1,894.4949924,540.7344475,1802448.158,0,"{""601398.SH"": 20669.6629}",-0.006380947213,-0.0978161945,0.9996796862
2021-07-27,V18 LambdaRank Top1 unscaled,95524.77164,96960.00108,30.92894107,1,894.4949924,540.7344475,1802448.158,0,"{""601398.SH"": 20669.6629}",-0.01070320863,-0.107472456,0.9996762207
2021-07-28,V18 LambdaRank Top1 unscaled,96558.25478,97993.48422,30.92894107,1,894.4949924,540.7344475,1802448.158,0,"{""601398.SH"": 20669.6629}",0.01081900672,-0.0978161945,0.9996796862
2021-07-29,V18 LambdaRank Top1 unscaled,95524.77164,96960.00108,30.92894107,1,894.4949924,540.7344475,1802448.158,0,"{""601398.SH"": 20669.6629}",-0.01070320863,-0.107472456,0.9996762207
2021-07-30,V18 LambdaRank Top1 unscaled,94904.68175,96339.91119,30.92894107,1,894.4949924,540.7344475,1802448.158,0,"{""601398.SH"": 20669.6629}",-0.006491404031,-0.1132662129,0.9996741052
2021-08-02,V18 LambdaRank Top1 unscaled,95111.37838,96546.60782,30.92894107,1,894.4949924,540.7344475,1802448.158,0,"{""601398.SH"": 20669.6629}",0.002177939227,-0.1113349606,0.9996748134
2021-08-03,V18 LambdaRank Top1 unscaled,94099.37001,95687.91119,537.3700146,1,991.080402,597.4607734,1991535.911,0,"{""601939.SH"": 16300.0}",-0.01064024496,-0.1207905743,0.9942893346
2021-08-04,V18 LambdaRank Top1 unscaled,93610.37001,95198.91119,537.3700146,1,991.080402,597.4607734,1991535.911,0,"{""601939.SH"": 16300.0}",-0.005196634153,-0.125359504,0.9942595034
2021-08-05,V18 LambdaRank Top1 unscaled,93447.37001,95035.91119,537.3700146,1,991.080402,597.4607734,1991535.911,0,"{""601939.SH"": 16300.0}",-0.001741260076,-0.1268824806,0.9942494902
2021-08-06,V18 LambdaRank Top1 unscaled,93121.37001,94709.91119,537.3700146,1,991.080402,597.4607734,1991535.911,0,"{""601939.SH"": 16300.0}",-0.003488594703,-0.1299284338,0.9942293588
2021-08-09,V18 LambdaRank Top1 unscaled,94099.37001,95687.91119,537.3700146,1,991.080402,597.4607734,1991535.911,0,"{""601939.SH"": 16300.0}",0.0105024228,-0.1207905743,0.9942893346
2021-08-10,V18 LambdaRank Top1 unscaled,95566.37001,97154.91119,537.3700146,1,991.080402,597.4607734,1991535.911,0,"{""601939.SH"": 16300.0}",0.01558990246,-0.1070837851,0.9943769967
2021-08-11,V18 LambdaRank Top1 unscaled,98174.37001,99762.91119,537.3700146,1,991.080402,597.4607734,1991535.911,0,"{""601939.SH"": 16300.0}",0.02728993473,-0.08271615989,0.9945263717
2021-08-12,V18 LambdaRank Top1 unscaled,97196.37001,98784.91119,537.3700146,1,991.080402,597.4607734,1991535.911,0,"{""601939.SH"": 16300.0}",-0.009961866828,-0.09185401935,0.9944712954
2021-08-13,V18 LambdaRank Top1 unscaled,96870.37001,98458.91119,537.3700146,1,991.080402,597.4607734,1991535.911,0,"{""601939.SH"": 16300.0}",-0.003354034723,-0.0948999725,0.9944526896
2021-08-16,V18 LambdaRank Top1 unscaled,96707.37001,98295.91119,537.3700146,1,991.080402,597.4607734,1991535.911,0,"{""601939.SH"": 16300.0}",-0.001682661065,-0.09642294908,0.9944433396
2021-08-17,V18 LambdaRank Top1 unscaled,96870.37001,98458.91119,537.3700146,1,991.080402,597.4607734,1991535.911,0,"{""601939.SH"": 16300.0}",0.001685497186,-0.0948999725,0.9944526896
2021-08-18,V18 LambdaRank Top1 unscaled,98174.37001,99762.91119,537.3700146,1,991.080402,597.4607734,1991535.911,0,"{""601939.SH"": 16300.0}",0.01346128852,-0.08271615989,0.9945263717
2021-08-19,V18 LambdaRank Top1 unscaled,97196.37001,98784.91119,537.3700146,1,991.080402,597.4607734,1991535.911,0,"{""601939.SH"": 16300.0}",-0.009961866828,-0.09185401935,0.9944712954
2021-08-20,V18 LambdaRank Top1 unscaled,97196.37001,98784.91119,537.3700146,1,991.080402,597.4607734,1991535.911,0,"{""601939.SH"": 16300.0}",0,-0.09185401935,0.9944712954
2021-08-23,V18 LambdaRank Top1 unscaled,97033.37001,98621.91119,537.3700146,1,991.080402,597.4607734,1991535.911,0,"{""601939.SH"": 16300.0}",-0.001677017362,-0.09337699592,0.9944620081
2021-08-24,V18 LambdaRank Top1 unscaled,97196.37001,98784.91119,537.3700146,1,991.080402,597.4607734,1991535.911,0,"{""601939.SH"": 16300.0}",0.001679834473,-0.09185401935,0.9944712954
2021-08-25,V18 LambdaRank Top1 unscaled,96544.37001,98132.91119,537.3700146,1,991.080402,597.4607734,1991535.911,0,"{""601939.SH"": 16300.0}",-0.006708069446,-0.09794592565,0.994433958
2021-08-26,V18 LambdaRank Top1 unscaled,96218.37001,97806.91119,537.3700146,1,991.080402,597.4607734,1991535.911,0,"{""601939.SH"": 16300.0}",-0.003376685766,-0.1009918788,0.9944150996
2021-08-27,V18 LambdaRank Top1 unscaled,95892.37001,97480.91119,537.3700146,1,991.080402,597.4607734,1991535.911,0,"{""601939.SH"": 16300.0}",-0.003388126404,-0.104037832,0.9943961129
2021-08-30,V18 LambdaRank Top1 unscaled,94588.37001,96176.91119,537.3700146,1,991.080402,597.4607734,1991535.911,0,"{""601939.SH"": 16300.0}",-0.01359857932,-0.1162216446,0.9943188574
2021-08-31,V18 LambdaRank Top1 unscaled,95892.37001,97480.91119,537.3700146,1,991.080402,597.4607734,1991535.911,0,"{""601939.SH"": 16300.0}",0.01378605002,-0.104037832,0.9943961129
2021-09-01,V18 LambdaRank Top1 unscaled,97522.37001,99110.91119,537.3700146,1,991.080402,597.4607734,1991535.911,0,"{""601939.SH"": 16300.0}",0.01699822415,-0.08880806619,0.9944897769
2021-09-02,V18 LambdaRank Top1 unscaled,97202.4388,98947.91119,212.4388048,1,1089.868012,655.6043734,2185347.911,0,"{""601988.SH"": 31800.0}",-0.003280593055,-0.09179731612,0.9978144704
2021-09-03,V18 LambdaRank Top1 unscaled,97520.4388,99265.91119,212.4388048,1,1089.868012,655.6043734,2185347.911,0,"{""601988.SH"": 31800.0}",0.003271522854,-0.08882611029,0.9978215971
2021-09-06,V18 LambdaRank Top1 unscaled,97520.4388,99265.91119,212.4388048,1,1089.868012,655.6043734,2185347.911,0,"{""601988.SH"": 31800.0}",0,-0.08882611029,0.9978215971
2021-09-07,V18 LambdaRank Top1 unscaled,98474.4388,100219.9112,212.4388048,1,1089.868012,655.6043734,2185347.911,0,"{""601988.SH"": 31800.0}",0.009782564678,-0.07991249278,0.997842701
2021-09-08,V18 LambdaRank Top1 unscaled,98792.4388,100537.9112,212.4388048,1,1089.868012,655.6043734,2185347.911,0,"{""601988.SH"": 31800.0}",0.003229264405,-0.07694128694,0.9978496451
2021-09-09,V18 LambdaRank Top1 unscaled,98474.4388,100219.9112,212.4388048,1,1089.868012,655.6043734,2185347.911,0,"{""601988.SH"": 31800.0}",-0.003218869823,-0.07991249278,0.997842701
2021-09-10,V18 LambdaRank Top1 unscaled,98792.4388,100537.9112,212.4388048,1,1089.868012,655.6043734,2185347.911,0,"{""601988.SH"": 31800.0}",0.003229264405,-0.07694128694,0.9978496451
2021-09-13,V18 LambdaRank Top1 unscaled,98792.4388,100537.9112,212.4388048,1,1089.868012,655.6043734,2185347.911,0,"{""601988.SH"": 31800.0}",0,-0.07694128694,0.9978496451
2021-09-14,V18 LambdaRank Top1 unscaled,97520.4388,99265.91119,212.4388048,1,1089.868012,655.6043734,2185347.911,0,"{""601988.SH"": 31800.0}",-0.01287547929,-0.08882611029,0.9978215971
2021-09-15,V18 LambdaRank Top1 unscaled,97520.4388,99265.91119,212.4388048,1,1089.868012,655.6043734,2185347.911,0,"{""601988.SH"": 31800.0}",0,-0.08882611029,0.9978215971
2021-09-16,V18 LambdaRank Top1 unscaled,97202.4388,98947.91119,212.4388048,1,1089.868012,655.6043734,2185347.911,0,"{""601988.SH"": 31800.0}",-0.003260854893,-0.09179731612,0.9978144704
2021-09-17,V18 LambdaRank Top1 unscaled,97838.4388,99583.91119,212.4388048,1,1089.868012,655.6043734,2185347.911,0,"{""601988.SH"": 31800.0}",0.006543045708,-0.08585490445,0.9978286775
2021-09-22,V18 LambdaRank Top1 unscaled,97202.4388,98947.91119,212.4388048,1,1089.868012,655.6043734,2185347.911,0,"{""601988.SH"": 31800.0}",-0.006500512557,-0.09179731612,0.9978144704
2021-09-23,V18 LambdaRank Top1 unscaled,97838.4388,99583.91119,212.4388048,1,1089.868012,655.6043734,2185347.911,0,"{""601988.SH"": 31800.0}",0.006543045708,-0.08585490445,0.9978286775
2021-09-24,V18 LambdaRank Top1 unscaled,97202.4388,98947.91119,212.4388048,1,1089.868012,655.6043734,2185347.911,0,"{""601988.SH"": 31800.0}",-0.006500512557,-0.09179731612,0.9978144704
2021-09-27,V18 LambdaRank Top1 unscaled,97202.4388,98947.91119,212.4388048,1,1089.868012,655.6043734,2185347.911,0,"{""601988.SH"": 31800.0}",0,-0.09179731612,0.9978144704
2021-09-28,V18 LambdaRank Top1 unscaled,97520.4388,99265.91119,212.4388048,1,1089.868012,655.6043734,2185347.911,0,"{""601988.SH"": 31800.0}",0.003271522854,-0.08882611029,0.9978215971
2021-09-29,V18 LambdaRank Top1 unscaled,97520.4388,99265.91119,212.4388048,1,1089.868012,655.6043734,2185347.911,0,"{""601988.SH"": 31800.0}",0,-0.08882611029,0.9978215971
2021-09-30,V18 LambdaRank Top1 unscaled,97202.4388,98947.91119,212.4388048,1,1089.868012,655.6043734,2185347.911,0,"{""601988.SH"": 31800.0}",-0.003260854893,-0.09179731612,0.9978144704
2021-10-08,V18 LambdaRank Top1 unscaled,97838.4388,99583.91119,212.4388048,1,1089.868012,655.6043734,2185347.911,0,"{""601988.SH"": 31800.0}",0.006543045708,-0.08585490445,0.9978286775
2021-10-11,V18 LambdaRank Top1 unscaled,98411.91864,100315.9112,293.9186351,1,1189.693782,714.2987734,2380995.911,0,"{""601398.SH"": 20700.0}",0.005861498173,-0.08049664464,0.9970133838
2021-10-12,V18 LambdaRank Top1 unscaled,98618.91864,100522.9112,293.9186351,1,1189.693782,714.2987734,2380995.911,0,"{""601398.SH"": 20700.0}",0.002103403763,-0.07856255783,0.9970196526
2021-10-13,V18 LambdaRank Top1 unscaled,97997.91864,99901.91119,293.9186351,1,1189.693782,714.2987734,2380995.911,0,"{""601398.SH"": 20700.0}",-0.006296966227,-0.08436481828,0.9970007666
2021-10-14,V18 LambdaRank Top1 unscaled,97790.91864,99694.91119,293.9186351,1,1189.693782,714.2987734,2380995.911,0,"{""601398.SH"": 20700.0}",-0.00211228976,-0.0862989051,0.9969944179
2021-10-15,V18 LambdaRank Top1 unscaled,98618.91864,100522.9112,293.9186351,1,1189.693782,714.2987734,2380995.911,0,"{""601398.SH"": 20700.0}",0.008467043889,-0.07856255783,0.9970196526
2021-10-18,V18 LambdaRank Top1 unscaled,98204.91864,100108.9112,293.9186351,1,1189.693782,714.2987734,2380995.911,0,"{""601398.SH"": 20700.0}",-0.004197977485,-0.08243073146,0.9970070885
2021-10-19,V18 LambdaRank Top1 unscaled,97997.91864,99901.91119,293.9186351,1,1189.693782,714.2987734,2380995.911,0,"{""601398.SH"": 20700.0}",-0.002107837396,-0.08436481828,0.9970007666
2021-10-20,V18 LambdaRank Top1 unscaled,97583.91864,99487.91119,293.9186351,1,1189.693782,714.2987734,2380995.911,0,"{""601398.SH"": 20700.0}",-0.004224579519,-0.08823299192,0.9969880423
2021-10-21,V18 LambdaRank Top1 unscaled,98411.91864,100315.9112,293.9186351,1,1189.693782,714.2987734,2380995.911,0,"{""601398.SH"": 20700.0}",0.008485004615,-0.08049664464,0.9970133838
2021-10-22,V18 LambdaRank Top1 unscaled,98204.91864,100108.9112,293.9186351,1,1189.693782,714.2987734,2380995.911,0,"{""601398.SH"": 20700.0}",-0.002103403763,-0.08243073146,0.9970070885
2021-10-25,V18 LambdaRank Top1 unscaled,97997.91864,99901.91119,293.9186351,1,1189.693782,714.2987734,2380995.911,0,"{""601398.SH"": 20700.0}",-0.002107837396,-0.08436481828,0.9970007666
2021-10-26,V18 LambdaRank Top1 unscaled,97583.91864,99487.91119,293.9186351,1,1189.693782,714.2987734,2380995.911,0,"{""601398.SH"": 20700.0}",-0.004224579519,-0.08823299192,0.9969880423
2021-10-27,V18 LambdaRank Top1 unscaled,97583.91864,99487.91119,293.9186351,1,1189.693782,714.2987734,2380995.911,0,"{""601398.SH"": 20700.0}",0,-0.08823299192,0.9969880423
2021-10-28,V18 LambdaRank Top1 unscaled,96962.91864,98866.91119,293.9186351,1,1189.693782,714.2987734,2380995.911,0,"{""601398.SH"": 20700.0}",-0.006363753461,-0.09403525237,0.9969687522
2021-10-29,V18 LambdaRank Top1 unscaled,96962.91864,98866.91119,293.9186351,1,1189.693782,714.2987734,2380995.911,0,"{""601398.SH"": 20700.0}",0,-0.09403525237,0.9969687522
2021-11-01,V18 LambdaRank Top1 unscaled,98204.91864,100108.9112,293.9186351,1,1189.693782,714.2987734,2380995.911,0,"{""601398.SH"": 20700.0}",0.01280902037,-0.08243073146,0.9970070885
2021-11-02,V18 LambdaRank Top1 unscaled,97089.30518,99151.91119,113.3051801,1,1289.554037,773.0519734,2576839.911,0,"{""601988.SH"": 31900.0}",-0.01136005681,-0.09285437048,0.9988329798
2021-11-03,V18 LambdaRank Top1 unscaled,97089.30518,99151.91119,113.3051801,1,1289.554037,773.0519734,2576839.911,0,"{""601988.SH"": 31900.0}",0,-0.09285437048,0.9988329798
2021-11-04,V18 LambdaRank Top1 unscaled,97089.30518,99151.91119,113.3051801,1,1289.554037,773.0519734,2576839.911,0,"{""601988.SH"": 31900.0}",0,-0.09285437048,0.9988329798
2021-11-05,V18 LambdaRank Top1 unscaled,97089.30518,99151.91119,113.3051801,1,1289.554037,773.0519734,2576839.911,0,"{""601988.SH"": 31900.0}",0,-0.09285437048,0.9988329798
2021-11-08,V18 LambdaRank Top1 unscaled,96770.30518,98832.91119,113.3051801,1,1289.554037,773.0519734,2576839.911,0,"{""601988.SH"": 31900.0}",-0.003285634802,-0.09583491973,0.9988291328
2021-11-09,V18 LambdaRank Top1 unscaled,97089.30518,99151.91119,113.3051801,1,1289.554037,773.0519734,2576839.911,0,"{""601988.SH"": 31900.0}",0.003296465785,-0.09285437048,0.9988329798
2021-11-10,V18 LambdaRank Top1 unscaled,97089.30518,99151.91119,113.3051801,1,1289.554037,773.0519734,2576839.911,0,"{""601988.SH"": 31900.0}",0,-0.09285437048,0.9988329798
2021-11-11,V18 LambdaRank Top1 unscaled,98046.30518,100108.9112,113.3051801,1,1289.554037,773.0519734,2576839.911,0,"{""601988.SH"": 31900.0}",0.009856904406,-0.08391272273,0.9988443707
2021-11-12,V18 LambdaRank Top1 unscaled,97727.30518,99789.91119,113.3051801,1,1289.554037,773.0519734,2576839.911,0,"{""601988.SH"": 31900.0}",-0.003253564726,-0.08689327198,0.9988405985
2021-11-15,V18 LambdaRank Top1 unscaled,97727.30518,99789.91119,113.3051801,1,1289.554037,773.0519734,2576839.911,0,"{""601988.SH"": 31900.0}",0,-0.08689327198,0.9988405985
2021-11-16,V18 LambdaRank Top1 unscaled,97727.30518,99789.91119,113.3051801,1,1289.554037,773.0519734,2576839.911,0,"{""601988.SH"": 31900.0}",0,-0.08689327198,0.9988405985
2021-11-17,V18 LambdaRank Top1 unscaled,98046.30518,100108.9112,113.3051801,1,1289.554037,773.0519734,2576839.911,0,"{""601988.SH"": 31900.0}",0.003264184963,-0.08391272273,0.9988443707
2021-11-18,V18 LambdaRank Top1 unscaled,97727.30518,99789.91119,113.3051801,1,1289.554037,773.0519734,2576839.911,0,"{""601988.SH"": 31900.0}",-0.003253564726,-0.08689327198,0.9988405985
2021-11-19,V18 LambdaRank Top1 unscaled,97727.30518,99789.91119,113.3051801,1,1289.554037,773.0519734,2576839.911,0,"{""601988.SH"": 31900.0}",0,-0.08689327198,0.9988405985
2021-11-22,V18 LambdaRank Top1 unscaled,97727.30518,99789.91119,113.3051801,1,1289.554037,773.0519734,2576839.911,0,"{""601988.SH"": 31900.0}",0,-0.08689327198,0.9988405985
2021-11-23,V18 LambdaRank Top1 unscaled,98046.30518,100108.9112,113.3051801,1,1289.554037,773.0519734,2576839.911,0,"{""601988.SH"": 31900.0}",0.003264184963,-0.08391272273,0.9988443707
2021-11-24,V18 LambdaRank Top1 unscaled,98365.30518,100427.9112,113.3051801,1,1289.554037,773.0519734,2576839.911,0,"{""601988.SH"": 31900.0}",0.003253564726,-0.08093217348,0.9988481185
2021-11-25,V18 LambdaRank Top1 unscaled,98365.30518,100427.9112,113.3051801,1,1289.554037,773.0519734,2576839.911,0,"{""601988.SH"": 31900.0}",0,-0.08093217348,0.9988481185
2021-11-26,V18 LambdaRank Top1 unscaled,98046.30518,100108.9112,113.3051801,1,1289.554037,773.0519734,2576839.911,0,"{""601988.SH"": 31900.0}",-0.003243013372,-0.08391272273,0.9988443707
2021-11-29,V18 LambdaRank Top1 unscaled,97727.30518,99789.91119,113.3051801,1,1289.554037,773.0519734,2576839.911,0,"{""601988.SH"": 31900.0}",-0.003253564726,-0.08689327198,0.9988405985
2021-11-30,V18 LambdaRank Top1 unscaled,97408.30518,99470.91119,113.3051801,1,1289.554037,773.0519734,2576839.911,0,"{""601988.SH"": 31900.0}",-0.003264184963,-0.08987382123,0.9988368016
2021-12-01,V18 LambdaRank Top1 unscaled,97727.30518,99789.91119,113.3051801,1,1289.554037,773.0519734,2576839.911,0,"{""601988.SH"": 31900.0}",0.00327487476,-0.08689327198,0.9988405985
2021-12-02,V18 LambdaRank Top1 unscaled,97408.30518,99470.91119,113.3051801,1,1289.554037,773.0519734,2576839.911,0,"{""601988.SH"": 31900.0}",-0.003264184963,-0.08987382123,0.9988368016
2021-12-03,V18 LambdaRank Top1 unscaled,97727.30518,99789.91119,113.3051801,1,1289.554037,773.0519734,2576839.911,0,"{""601988.SH"": 31900.0}",0.00327487476,-0.08689327198,0.9988405985
2021-12-06,V18 LambdaRank Top1 unscaled,97727.30518,99789.91119,113.3051801,1,1289.554037,773.0519734,2576839.911,0,"{""601988.SH"": 31900.0}",0,-0.08689327198,0.9988405985
2021-12-07,V18 LambdaRank Top1 unscaled,98046.30518,100108.9112,113.3051801,1,1289.554037,773.0519734,2576839.911,0,"{""601988.SH"": 31900.0}",0.003264184963,-0.08391272273,0.9988443707
2021-12-08,V18 LambdaRank Top1 unscaled,97727.30518,99789.91119,113.3051801,1,1289.554037,773.0519734,2576839.911,0,"{""601988.SH"": 31900.0}",-0.003253564726,-0.08689327198,0.9988405985
2021-12-09,V18 LambdaRank Top1 unscaled,98046.30518,100108.9112,113.3051801,1,1289.554037,773.0519734,2576839.911,0,"{""601988.SH"": 31900.0}",0.003264184963,-0.08391272273,0.9988443707
2021-12-10,V18 LambdaRank Top1 unscaled,98046.30518,100108.9112,113.3051801,1,1289.554037,773.0519734,2576839.911,0,"{""601988.SH"": 31900.0}",0,-0.08391272273,0.9988443707
2021-12-13,V18 LambdaRank Top1 unscaled,97727.30518,99789.91119,113.3051801,1,1289.554037,773.0519734,2576839.911,0,"{""601988.SH"": 31900.0}",-0.003253564726,-0.08689327198,0.9988405985
2021-12-14,V18 LambdaRank Top1 unscaled,97408.30518,99470.91119,113.3051801,1,1289.554037,773.0519734,2576839.911,0,"{""601988.SH"": 31900.0}",-0.003264184963,-0.08987382123,0.9988368016
2021-12-15,V18 LambdaRank Top1 unscaled,97408.30518,99470.91119,113.3051801,1,1289.554037,773.0519734,2576839.911,0,"{""601988.SH"": 31900.0}",0,-0.08987382123,0.9988368016
2021-12-16,V18 LambdaRank Top1 unscaled,97408.30518,99470.91119,113.3051801,1,1289.554037,773.0519734,2576839.911,0,"{""601988.SH"": 31900.0}",0,-0.08987382123,0.9988368016
2021-12-17,V18 LambdaRank Top1 unscaled,97727.30518,99789.91119,113.3051801,1,1289.554037,773.0519734,2576839.911,0,"{""601988.SH"": 31900.0}",0.00327487476,-0.08689327198,0.9988405985
2021-12-20,V18 LambdaRank Top1 unscaled,97408.30518,99470.91119,113.3051801,1,1289.554037,773.0519734,2576839.911,0,"{""601988.SH"": 31900.0}",-0.003264184963,-0.08987382123,0.9988368016
2021-12-21,V18 LambdaRank Top1 unscaled,97727.30518,99789.91119,113.3051801,1,1289.554037,773.0519734,2576839.911,0,"{""601988.SH"": 31900.0}",0.00327487476,-0.08689327198,0.9988405985
2021-12-22,V18 LambdaRank Top1 unscaled,97727.30518,99789.91119,113.3051801,1,1289.554037,773.0519734,2576839.911,0,"{""601988.SH"": 31900.0}",0,-0.08689327198,0.9988405985
2021-12-23,V18 LambdaRank Top1 unscaled,97727.30518,99789.91119,113.3051801,1,1289.554037,773.0519734,2576839.911,0,"{""601988.SH"": 31900.0}",0,-0.08689327198,0.9988405985
2021-12-24,V18 LambdaRank Top1 unscaled,97408.30518,99470.91119,113.3051801,1,1289.554037,773.0519734,2576839.911,0,"{""601988.SH"": 31900.0}",-0.003264184963,-0.08987382123,0.9988368016
2021-12-27,V18 LambdaRank Top1 unscaled,97727.30518,99789.91119,113.3051801,1,1289.554037,773.0519734,2576839.911,0,"{""601988.SH"": 31900.0}",0.00327487476,-0.08689327198,0.9988405985
2021-12-28,V18 LambdaRank Top1 unscaled,98046.30518,100108.9112,113.3051801,1,1289.554037,773.0519734,2576839.911,0,"{""601988.SH"": 31900.0}",0.003264184963,-0.08391272273,0.9988443707
2021-12-29,V18 LambdaRank Top1 unscaled,97408.30518,99470.91119,113.3051801,1,1289.554037,773.0519734,2576839.911,0,"{""601988.SH"": 31900.0}",-0.006507129451,-0.08987382123,0.9988368016
2021-12-30,V18 LambdaRank Top1 unscaled,97408.30518,99470.91119,113.3051801,1,1289.554037,773.0519734,2576839.911,0,"{""601988.SH"": 31900.0}",0,-0.08987382123,0.9988368016
2021-12-31,V18 LambdaRank Top1 unscaled,97408.30518,99470.91119,113.3051801,1,1289.554037,773.0519734,2576839.911,0,"{""601988.SH"": 31900.0}",0,-0.08987382123,0.9988368016
2022-01-04,V18 LambdaRank Top1 unscaled,98046.30518,100108.9112,113.3051801,1,1289.554037,773.0519734,2576839.911,0,"{""601988.SH"": 31900.0}",0.006549749519,-0.08391272273,0.9988443707
2022-01-05,V18 LambdaRank Top1 unscaled,98883.85044,101104.9112,279.8504354,1,1389.346481,831.7142734,2772380.911,0,"{""601288.SH"": 33200.0}",0.008542343883,-0.07608719018,0.9971699076
2022-01-06,V18 LambdaRank Top1 unscaled,98551.85044,100772.9112,279.8504354,1,1389.346481,831.7142734,2772380.911,0,"{""601288.SH"": 33200.0}",-0.003357474436,-0.07918920382,0.9971603736
2022-01-07,V18 LambdaRank Top1 unscaled,99547.85044,101768.9112,279.8504354,1,1389.346481,831.7142734,2772380.911,0,"{""601288.SH"": 33200.0}",0.01010635514,-0.0698831629,0.9971887847
2022-01-10,V18 LambdaRank Top1 unscaled,99547.85044,101768.9112,279.8504354,1,1389.346481,831.7142734,2772380.911,0,"{""601288.SH"": 33200.0}",0,-0.0698831629,0.9971887847
2022-01-11,V18 LambdaRank Top1 unscaled,99879.85044,102100.9112,279.8504354,1,1389.346481,831.7142734,2772380.911,0,"{""601288.SH"": 33200.0}",0.003335079548,-0.06678114926,0.9971981292
2022-01-12,V18 LambdaRank Top1 unscaled,99215.85044,101436.9112,279.8504354,1,1389.346481,831.7142734,2772380.911,0,"{""601288.SH"": 33200.0}",-0.006647987528,-0.07298517654,0.9971793777
2022-01-13,V18 LambdaRank Top1 unscaled,100211.8504,102432.9112,279.8504354,1,1389.346481,831.7142734,2772380.911,0,"{""601288.SH"": 33200.0}",0.01003871857,-0.06367913562,0.9972074118
2022-01-14,V18 LambdaRank Top1 unscaled,98883.85044,101104.9112,279.8504354,1,1389.346481,831.7142734,2772380.911,0,"{""601288.SH"": 33200.0}",-0.01325192574,-0.07608719018,0.9971699076
2022-01-17,V18 LambdaRank Top1 unscaled,98219.85044,100440.9112,279.8504354,1,1389.346481,831.7142734,2772380.911,0,"{""601288.SH"": 33200.0}",-0.006714948873,-0.08229121746,0.9971507752
2022-01-18,V18 LambdaRank Top1 unscaled,99547.85044,101768.9112,279.8504354,1,1389.346481,831.7142734,2772380.911,0,"{""601288.SH"": 33200.0}",0.01352068848,-0.0698831629,0.9971887847
2022-01-19,V18 LambdaRank Top1 unscaled,99215.85044,101436.9112,279.8504354,1,1389.346481,831.7142734,2772380.911,0,"{""601288.SH"": 33200.0}",-0.003335079548,-0.07298517654,0.9971793777
2022-01-20,V18 LambdaRank Top1 unscaled,99879.85044,102100.9112,279.8504354,1,1389.346481,831.7142734,2772380.911,0,"{""601288.SH"": 33200.0}",0.006692479045,-0.06678114926,0.9971981292
2022-01-21,V18 LambdaRank Top1 unscaled,99879.85044,102100.9112,279.8504354,1,1389.346481,831.7142734,2772380.911,0,"{""601288.SH"": 33200.0}",0,-0.06678114926,0.9971981292
2022-01-24,V18 LambdaRank Top1 unscaled,99547.85044,101768.9112,279.8504354,1,1389.346481,831.7142734,2772380.911,0,"{""601288.SH"": 33200.0}",-0.003323993764,-0.0698831629,0.9971887847
2022-01-25,V18 LambdaRank Top1 unscaled,98219.85044,100440.9112,279.8504354,1,1389.346481,831.7142734,2772380.911,0,"{""601288.SH"": 33200.0}",-0.01334031819,-0.08229121746,0.9971507752
2022-01-26,V18 LambdaRank Top1 unscaled,98551.85044,100772.9112,279.8504354,1,1389.346481,831.7142734,2772380.911,0,"{""601288.SH"": 33200.0}",0.003380172119,-0.07918920382,0.9971603736
2022-01-27,V18 LambdaRank Top1 unscaled,98219.85044,100440.9112,279.8504354,1,1389.346481,831.7142734,2772380.911,0,"{""601288.SH"": 33200.0}",-0.003368785046,-0.08229121746,0.9971507752
2022-01-28,V18 LambdaRank Top1 unscaled,98551.85044,100772.9112,279.8504354,1,1389.346481,831.7142734,2772380.911,0,"{""601288.SH"": 33200.0}",0.003380172119,-0.07918920382,0.9971603736
2022-02-07,V18 LambdaRank Top1 unscaled,99879.85044,102100.9112,279.8504354,1,1389.346481,831.7142734,2772380.911,0,"{""601288.SH"": 33200.0}",0.01347514018,-0.06678114926,0.9971981292
2022-02-08,V18 LambdaRank Top1 unscaled,101313.5537,103695.9112,190.553701,1,1490.904816,891.4526734,2971508.911,0,"{""601988.SH"": 31900.0}",0.01435427926,-0.05338546527,0.9981191687
2022-02-09,V18 LambdaRank Top1 unscaled,100994.5537,103376.9112,190.553701,1,1490.904816,891.4526734,2971508.911,0,"{""601988.SH"": 31900.0}",-0.003148640911,-0.05636601452,0.998113228
2022-02-10,V18 LambdaRank Top1 unscaled,101951.5537,104333.9112,190.553701,1,1490.904816,891.4526734,2971508.911,0,"{""601988.SH"": 31900.0}",0.009475758493,-0.04742436676,0.9981309387
2022-02-11,V18 LambdaRank Top1 unscaled,101951.5537,104333.9112,190.553701,1,1490.904816,891.4526734,2971508.911,0,"{""601988.SH"": 31900.0}",0,-0.04742436676,0.9981309387
2022-02-14,V18 LambdaRank Top1 unscaled,101313.5537,103695.9112,190.553701,1,1490.904816,891.4526734,2971508.911,0,"{""601988.SH"": 31900.0}",-0.006257874224,-0.05338546527,0.9981191687
2022-02-15,V18 LambdaRank Top1 unscaled,100675.5537,103057.9112,190.553701,1,1490.904816,891.4526734,2971508.911,0,"{""601988.SH"": 31900.0}",-0.006297281822,-0.05934656377,0.9981072495
2022-02-16,V18 LambdaRank Top1 unscaled,101313.5537,103695.9112,190.553701,1,1490.904816,891.4526734,2971508.911,0,"{""601988.SH"": 31900.0}",0.006337188886,-0.05338546527,0.9981191687
2022-02-17,V18 LambdaRank Top1 unscaled,101632.5537,104014.9112,190.553701,1,1490.904816,891.4526734,2971508.911,0,"{""601988.SH"": 31900.0}",0.003148640911,-0.05040491602,0.9981250722
2022-02-18,V18 LambdaRank Top1 unscaled,102270.5537,104652.9112,190.553701,1,1490.904816,891.4526734,2971508.911,0,"{""601988.SH"": 31900.0}",0.006277516177,-0.04444381751,0.9981367687
2022-02-21,V18 LambdaRank Top1 unscaled,101632.5537,104014.9112,190.553701,1,1490.904816,891.4526734,2971508.911,0,"{""601988.SH"": 31900.0}",-0.006238354804,-0.05040491602,0.9981250722
2022-02-22,V18 LambdaRank Top1 unscaled,101313.5537,103695.9112,190.553701,1,1490.904816,891.4526734,2971508.911,0,"{""601988.SH"": 31900.0}",-0.003138758089,-0.05338546527,0.9981191687
2022-02-23,V18 LambdaRank Top1 unscaled,100994.5537,103376.9112,190.553701,1,1490.904816,891.4526734,2971508.911,0,"{""601988.SH"": 31900.0}",-0.003148640911,-0.05636601452,0.998113228
2022-02-24,V18 LambdaRank Top1 unscaled,99399.5537,101781.9112,190.553701,1,1490.904816,891.4526734,2971508.911,0,"{""601988.SH"": 31900.0}",-0.01579293082,-0.07126876077,0.9980829521
2022-02-25,V18 LambdaRank Top1 unscaled,99399.5537,101781.9112,190.553701,1,1490.904816,891.4526734,2971508.911,0,"{""601988.SH"": 31900.0}",0,-0.07126876077,0.9980829521
2022-02-28,V18 LambdaRank Top1 unscaled,99080.5537,101462.9112,190.553701,1,1490.904816,891.4526734,2971508.911,0,"{""601988.SH"": 31900.0}",-0.003209269943,-0.07424931002,0.99807678
2022-03-01,V18 LambdaRank Top1 unscaled,99718.5537,102100.9112,190.553701,1,1490.904816,891.4526734,2971508.911,0,"{""601988.SH"": 31900.0}",0.006439205032,-0.06828821152,0.9980890848
2022-03-02,V18 LambdaRank Top1 unscaled,100196.3652,102739.9112,86.36519461,1,1592.393622,951.1523734,3170507.911,0,"{""601398.SH"": 21300.0}",0.004791600719,-0.06382382064,0.9991380406
2022-03-03,V18 LambdaRank Top1 unscaled,101048.3652,103591.9112,86.36519461,1,1592.393622,951.1523734,3170507.911,0,"{""601398.SH"": 21300.0}",0.008503302474,-0.05586323142,0.9991453083
2022-03-04,V18 LambdaRank Top1 unscaled,100622.3652,103165.9112,86.36519461,1,1592.393622,951.1523734,3170507.911,0,"{""601398.SH"": 21300.0}",-0.004215802989,-0.05984352603,0.9991416899
2022-03-07,V18 LambdaRank Top1 unscaled,99131.36519,101674.9112,86.36519461,1,1592.393622,951.1523734,3170507.911,0,"{""601398.SH"": 21300.0}",-0.0148177793,-0.07377455717,0.9991287803
2022-03-08,V18 LambdaRank Top1 unscaled,98492.36519,101035.9112,86.36519461,1,1592.393622,951.1523734,3170507.911,0,"{""601398.SH"": 21300.0}",-0.006445992131,-0.07974499909,0.999123128
2022-03-09,V18 LambdaRank Top1 unscaled,97214.36519,99757.91119,86.36519461,1,1592.393622,951.1523734,3170507.911,0,"{""601398.SH"": 21300.0}",-0.01297562504,-0.09168588292,0.9991116005
2022-03-10,V18 LambdaRank Top1 unscaled,97214.36519,99757.91119,86.36519461,1,1592.393622,951.1523734,3170507.911,0,"{""601398.SH"": 21300.0}",0,-0.09168588292,0.9991116005
2022-03-11,V18 LambdaRank Top1 unscaled,98279.36519,100822.9112,86.36519461,1,1592.393622,951.1523734,3170507.911,0,"{""601398.SH"": 21300.0}",0.01095517106,-0.08173514639,0.9991212276
2022-03-14,V18 LambdaRank Top1 unscaled,97853.36519,100396.9112,86.36519461,1,1592.393622,951.1523734,3170507.911,0,"{""601398.SH"": 21300.0}",-0.004334582332,-0.085715441,0.9991174019
2022-03-15,V18 LambdaRank Top1 unscaled,96788.36519,99331.91119,86.36519461,1,1592.393622,951.1523734,3170507.911,0,"{""601398.SH"": 21300.0}",-0.01088363183,-0.09566617753,0.9991076903
2022-03-16,V18 LambdaRank Top1 unscaled,97001.36519,99544.91119,86.36519461,1,1592.393622,951.1523734,3170507.911,0,"{""601398.SH"": 21300.0}",0.002200677732,-0.09367603023,0.9991096497
2022-03-17,V18 LambdaRank Top1 unscaled,96362.36519,98905.91119,86.36519461,1,1592.393622,951.1523734,3170507.911,0,"{""601398.SH"": 21300.0}",-0.006587536152,-0.09964647214,0.9991037456
2022-03-18,V18 LambdaRank Top1 unscaled,97001.36519,99544.91119,86.36519461,1,1592.393622,951.1523734,3170507.911,0,"{""601398.SH"": 21300.0}",0.00663121955,-0.09367603023,0.9991096497
2022-03-21,V18 LambdaRank Top1 unscaled,96788.36519,99331.91119,86.36519461,1,1592.393622,951.1523734,3170507.911,0,"{""601398.SH"": 21300.0}",-0.002195845384,-0.09566617753,0.9991076903
2022-03-22,V18 LambdaRank Top1 unscaled,97853.36519,100396.9112,86.36519461,1,1592.393622,951.1523734,3170507.911,0,"{""601398.SH"": 21300.0}",0.01100338866,-0.085715441,0.9991174019
2022-03-23,V18 LambdaRank Top1 unscaled,97427.36519,99970.91119,86.36519461,1,1592.393622,951.1523734,3170507.911,0,"{""601398.SH"": 21300.0}",-0.004353452732,-0.08969573561,0.9991135427
2022-03-24,V18 LambdaRank Top1 unscaled,97640.36519,100183.9112,86.36519461,1,1592.393622,951.1523734,3170507.911,0,"{""601398.SH"": 21300.0}",0.002186244076,-0.08770558831,0.9991154765
2022-03-25,V18 LambdaRank Top1 unscaled,98492.36519,101035.9112,86.36519461,1,1592.393622,951.1523734,3170507.911,0,"{""601398.SH"": 21300.0}",0.008725899358,-0.07974499909,0.999123128
2022-03-28,V18 LambdaRank Top1 unscaled,99983.36519,102526.9112,86.36519461,1,1592.393622,951.1523734,3170507.911,0,"{""601398.SH"": 21300.0}",0.01513822921,-0.06581396795,0.9991362044
2022-03-29,V18 LambdaRank Top1 unscaled,100622.3652,103165.9112,86.36519461,1,1592.393622,951.1523734,3170507.911,0,"{""601398.SH"": 21300.0}",0.006391063141,-0.05984352603,0.9991416899
2022-03-30,V18 LambdaRank Top1 unscaled,100409.3652,102952.9112,86.36519461,1,1592.393622,951.1523734,3170507.911,0,"{""601398.SH"": 21300.0}",-0.002116825614,-0.06183367334,0.9991398691
2022-03-31,V18 LambdaRank Top1 unscaled,101687.3652,104230.9112,86.36519461,1,1592.393622,951.1523734,3170507.911,0,"{""601398.SH"": 21300.0}",0.01272789642,-0.04989278951,0.9991506792
2022-04-01,V18 LambdaRank Top1 unscaled,102113.3652,104656.9112,86.36519461,1,1592.393622,951.1523734,3170507.911,0,"{""601398.SH"": 21300.0}",0.004189311024,-0.0459124949,0.9991542224
2022-04-06,V18 LambdaRank Top1 unscaled,102355.5168,105063.9112,55.51683717,1,1696.193779,1012.200573,3374001.911,0,"{""601988.SH"": 31000.0}",0.002371400082,-0.04364997171,0.9994576078
2022-04-07,V18 LambdaRank Top1 unscaled,101735.5168,104443.9112,55.51683717,1,1696.193779,1012.200573,3374001.911,0,"{""601988.SH"": 31000.0}",-0.006057318835,-0.04944288875,0.9994543023
2022-04-08,V18 LambdaRank Top1 unscaled,102045.5168,104753.9112,55.51683717,1,1696.193779,1012.200573,3374001.911,0,"{""601988.SH"": 31000.0}",0.003047116775,-0.04654643023,0.9994559601
2022-04-11,V18 LambdaRank Top1 unscaled,101735.5168,104443.9112,55.51683717,1,1696.193779,1012.200573,3374001.911,0,"{""601988.SH"": 31000.0}",-0.003037860061,-0.04944288875,0.9994543023
2022-04-12,V18 LambdaRank Top1 unscaled,102355.5168,105063.9112,55.51683717,1,1696.193779,1012.200573,3374001.911,0,"{""601988.SH"": 31000.0}",0.006094233551,-0.04364997171,0.9994576078
2022-04-13,V18 LambdaRank Top1 unscaled,102045.5168,104753.9112,55.51683717,1,1696.193779,1012.200573,3374001.911,0,"{""601988.SH"": 31000.0}",-0.003028659417,-0.04654643023,0.9994559601
2022-04-14,V18 LambdaRank Top1 unscaled,101735.5168,104443.9112,55.51683717,1,1696.193779,1012.200573,3374001.911,0,"{""601988.SH"": 31000.0}",-0.003037860061,-0.04944288875,0.9994543023
2022-04-15,V18 LambdaRank Top1 unscaled,101735.5168,104443.9112,55.51683717,1,1696.193779,1012.200573,3374001.911,0,"{""601988.SH"": 31000.0}",0,-0.04944288875,0.9994543023
2022-04-18,V18 LambdaRank Top1 unscaled,100185.5168,102893.9112,55.51683717,1,1696.193779,1012.200573,3374001.911,0,"{""601988.SH"": 31000.0}",-0.01523558388,-0.06392518135,0.9994458597
2022-04-19,V18 LambdaRank Top1 unscaled,101115.5168,103823.9112,55.51683717,1,1696.193779,1012.200573,3374001.911,0,"{""601988.SH"": 31000.0}",0.009282778882,-0.05523580579,0.9994509563
2022-04-20,V18 LambdaRank Top1 unscaled,101425.5168,104133.9112,55.51683717,1,1696.193779,1012.200573,3374001.911,0,"{""601988.SH"": 31000.0}",0.003065800479,-0.05233934727,0.9994526344
2022-04-21,V18 LambdaRank Top1 unscaled,101425.5168,104133.9112,55.51683717,1,1696.193779,1012.200573,3374001.911,0,"{""601988.SH"": 31000.0}",0,-0.05233934727,0.9994526344
2022-04-22,V18 LambdaRank Top1 unscaled,102355.5168,105063.9112,55.51683717,1,1696.193779,1012.200573,3374001.911,0,"{""601988.SH"": 31000.0}",0.009169290224,-0.04364997171,0.9994576078
2022-04-25,V18 LambdaRank Top1 unscaled,101425.5168,104133.9112,55.51683717,1,1696.193779,1012.200573,3374001.911,0,"{""601988.SH"": 31000.0}",-0.009085978252,-0.05233934727,0.9994526344
2022-04-26,V18 LambdaRank Top1 unscaled,101735.5168,104443.9112,55.51683717,1,1696.193779,1012.200573,3374001.911,0,"{""601988.SH"": 31000.0}",0.003056430075,-0.04944288875,0.9994543023
2022-04-27,V18 LambdaRank Top1 unscaled,100185.5168,102893.9112,55.51683717,1,1696.193779,1012.200573,3374001.911,0,"{""601988.SH"": 31000.0}",-0.01523558388,-0.06392518135,0.9994458597
2022-04-28,V18 LambdaRank Top1 unscaled,101115.5168,103823.9112,55.51683717,1,1696.193779,1012.200573,3374001.911,0,"{""601988.SH"": 31000.0}",0.009282778882,-0.05523580579,0.9994509563
2022-04-29,V18 LambdaRank Top1 unscaled,100185.5168,102893.9112,55.51683717,1,1696.193779,1012.200573,3374001.911,0,"{""601988.SH"": 31000.0}",-0.009197401438,-0.06392518135,0.9994458597
2022-05-05,V18 LambdaRank Top1 unscaled,100185.5168,102893.9112,55.51683717,1,1696.193779,1012.200573,3374001.911,0,"{""601988.SH"": 31000.0}",0,-0.06392518135,0.9994458597
2022-05-06,V18 LambdaRank Top1 unscaled,98945.51684,101653.9112,55.51683717,1,1696.193779,1012.200573,3374001.911,0,"{""601988.SH"": 31000.0}",-0.01237703851,-0.07551101542,0.9994389151
2022-05-09,V18 LambdaRank Top1 unscaled,98945.51684,101653.9112,55.51683717,1,1696.193779,1012.200573,3374001.911,0,"{""601988.SH"": 31000.0}",0,-0.07551101542,0.9994389151
2022-05-10,V18 LambdaRank Top1 unscaled,99255.51684,101963.9112,55.51683717,1,1696.193779,1012.200573,3374001.911,0,"{""601988.SH"": 31000.0}",0.003133037351,-0.0726145569,0.9994406675
2022-05-11,V18 LambdaRank Top1 unscaled,99255.51684,101963.9112,55.51683717,1,1696.193779,1012.200573,3374001.911,0,"{""601988.SH"": 31000.0}",0,-0.0726145569,0.9994406675
2022-05-12,V18 LambdaRank Top1 unscaled,99255.51684,101963.9112,55.51683717,1,1696.193779,1012.200573,3374001.911,0,"{""601988.SH"": 31000.0}",0,-0.0726145569,0.9994406675
2022-05-13,V18 LambdaRank Top1 unscaled,99565.51684,102273.9112,55.51683717,1,1696.193779,1012.200573,3374001.911,0,"{""601988.SH"": 31000.0}",0.003123252086,-0.06971809838,0.999442409
2022-05-16,V18 LambdaRank Top1 unscaled,98945.51684,101653.9112,55.51683717,1,1696.193779,1012.200573,3374001.911,0,"{""601988.SH"": 31000.0}",-0.006227055508,-0.07551101542,0.9994389151
2022-05-17,V18 LambdaRank Top1 unscaled,99255.51684,101963.9112,55.51683717,1,1696.193779,1012.200573,3374001.911,0,"{""601988.SH"": 31000.0}",0.003133037351,-0.0726145569,0.9994406675
2022-05-18,V18 LambdaRank Top1 unscaled,98945.51684,101653.9112,55.51683717,1,1696.193779,1012.200573,3374001.911,0,"{""601988.SH"": 31000.0}",-0.003123252086,-0.07551101542,0.9994389151
2022-05-19,V18 LambdaRank Top1 unscaled,98635.51684,101343.9112,55.51683717,1,1696.193779,1012.200573,3374001.911,0,"{""601988.SH"": 31000.0}",-0.003133037351,-0.07840747394,0.9994371517
2022-05-20,V18 LambdaRank Top1 unscaled,98945.51684,101653.9112,55.51683717,1,1696.193779,1012.200573,3374001.911,0,"{""601988.SH"": 31000.0}",0.003142884125,-0.07551101542,0.9994389151
2022-05-23,V18 LambdaRank Top1 unscaled,99255.51684,101963.9112,55.51683717,1,1696.193779,1012.200573,3374001.911,0,"{""601988.SH"": 31000.0}",0.003133037351,-0.0726145569,0.9994406675
2022-05-24,V18 LambdaRank Top1 unscaled,99255.51684,101963.9112,55.51683717,1,1696.193779,1012.200573,3374001.911,0,"{""601988.SH"": 31000.0}",0,-0.0726145569,0.9994406675
2022-05-25,V18 LambdaRank Top1 unscaled,99255.51684,101963.9112,55.51683717,1,1696.193779,1012.200573,3374001.911,0,"{""601988.SH"": 31000.0}",0,-0.0726145569,0.9994406675
2022-05-26,V18 LambdaRank Top1 unscaled,99565.51684,102273.9112,55.51683717,1,1696.193779,1012.200573,3374001.911,0,"{""601988.SH"": 31000.0}",0.003123252086,-0.06971809838,0.999442409
2022-05-27,V18 LambdaRank Top1 unscaled,99875.51684,102583.9112,55.51683717,1,1696.193779,1012.200573,3374001.911,0,"{""601988.SH"": 31000.0}",0.003113527754,-0.06682163987,0.9994441397
2022-05-30,V18 LambdaRank Top1 unscaled,99255.51684,101963.9112,55.51683717,1,1696.193779,1012.200573,3374001.911,0,"{""601988.SH"": 31000.0}",-0.006207727576,-0.0726145569,0.9994406675
2022-05-31,V18 LambdaRank Top1 unscaled,98945.51684,101653.9112,55.51683717,1,1696.193779,1012.200573,3374001.911,0,"{""601988.SH"": 31000.0}",-0.003123252086,-0.07551101542,0.9994389151
2022-06-01,V18 LambdaRank Top1 unscaled,98945.51684,101653.9112,55.51683717,1,1696.193779,1012.200573,3374001.911,0,"{""601988.SH"": 31000.0}",0,-0.07551101542,0.9994389151
2022-06-02,V18 LambdaRank Top1 unscaled,98785.4206,101653.9112,57.4206033,1,1797.004613,1071.485973,3571619.911,0,"{""601288.SH"": 32800.0}",-0.001618024131,-0.07700686091,0.999418734
2022-06-06,V18 LambdaRank Top1 unscaled,98129.4206,100997.9112,57.4206033,1,1797.004613,1071.485973,3571619.911,0,"{""601288.SH"": 32800.0}",-0.00664065604,-0.08313614087,0.9994148482
2022-06-07,V18 LambdaRank Top1 unscaled,98129.4206,100997.9112,57.4206033,1,1797.004613,1071.485973,3571619.911,0,"{""601288.SH"": 32800.0}",0,-0.08313614087,0.9994148482
2022-06-08,V18 LambdaRank Top1 unscaled,98129.4206,100997.9112,57.4206033,1,1797.004613,1071.485973,3571619.911,0,"{""601288.SH"": 32800.0}",0,-0.08313614087,0.9994148482
2022-06-09,V18 LambdaRank Top1 unscaled,98457.4206,101325.9112,57.4206033,1,1797.004613,1071.485973,3571619.911,0,"{""601288.SH"": 32800.0}",0.003342524576,-0.08007150089,0.9994167976
2022-06-10,V18 LambdaRank Top1 unscaled,99113.4206,101981.9112,57.4206033,1,1797.004613,1071.485973,3571619.911,0,"{""601288.SH"": 32800.0}",0.006662778651,-0.07394222093,0.9994206576
2022-06-13,V18 LambdaRank Top1 unscaled,98457.4206,101325.9112,57.4206033,1,1797.004613,1071.485973,3571619.911,0,"{""601288.SH"": 32800.0}",-0.006618679852,-0.08007150089,0.9994167976
2022-06-14,V18 LambdaRank Top1 unscaled,99113.4206,101981.9112,57.4206033,1,1797.004613,1071.485973,3571619.911,0,"{""601288.SH"": 32800.0}",0.006662778651,-0.07394222093,0.9994206576
2022-06-15,V18 LambdaRank Top1 unscaled,99441.4206,102309.9112,57.4206033,1,1797.004613,1071.485973,3571619.911,0,"{""601288.SH"": 32800.0}",0.003309339926,-0.07087758095,0.9994225686
2022-06-16,V18 LambdaRank Top1 unscaled,98457.4206,101325.9112,57.4206033,1,1797.004613,1071.485973,3571619.911,0,"{""601288.SH"": 32800.0}",-0.009895272956,-0.08007150089,0.9994167976
2022-06-17,V18 LambdaRank Top1 unscaled,98785.4206,101653.9112,57.4206033,1,1797.004613,1071.485973,3571619.911,0,"{""601288.SH"": 32800.0}",0.003331389325,-0.07700686091,0.999418734
2022-06-20,V18 LambdaRank Top1 unscaled,98457.4206,101325.9112,57.4206033,1,1797.004613,1071.485973,3571619.911,0,"{""601288.SH"": 32800.0}",-0.00332032802,-0.08007150089,0.9994167976
2022-06-21,V18 LambdaRank Top1 unscaled,98785.4206,101653.9112,57.4206033,1,1797.004613,1071.485973,3571619.911,0,"{""601288.SH"": 32800.0}",0.003331389325,-0.07700686091,0.999418734
2022-06-22,V18 LambdaRank Top1 unscaled,98785.4206,101653.9112,57.4206033,1,1797.004613,1071.485973,3571619.911,0,"{""601288.SH"": 32800.0}",0,-0.07700686091,0.999418734
2022-06-23,V18 LambdaRank Top1 unscaled,99113.4206,101981.9112,57.4206033,1,1797.004613,1071.485973,3571619.911,0,"{""601288.SH"": 32800.0}",0.00332032802,-0.07394222093,0.9994206576
2022-06-24,V18 LambdaRank Top1 unscaled,98785.4206,101653.9112,57.4206033,1,1797.004613,1071.485973,3571619.911,0,"{""601288.SH"": 32800.0}",-0.003309339926,-0.07700686091,0.999418734
2022-06-27,V18 LambdaRank Top1 unscaled,98785.4206,101653.9112,57.4206033,1,1797.004613,1071.485973,3571619.911,0,"{""601288.SH"": 32800.0}",0,-0.07700686091,0.999418734
2022-06-28,V18 LambdaRank Top1 unscaled,98785.4206,101653.9112,57.4206033,1,1797.004613,1071.485973,3571619.911,0,"{""601288.SH"": 32800.0}",0,-0.07700686091,0.999418734
2022-06-29,V18 LambdaRank Top1 unscaled,99113.4206,101981.9112,57.4206033,1,1797.004613,1071.485973,3571619.911,0,"{""601288.SH"": 32800.0}",0.00332032802,-0.07394222093,0.9994206576
2022-06-30,V18 LambdaRank Top1 unscaled,99113.4206,101981.9112,57.4206033,1,1797.004613,1071.485973,3571619.911,0,"{""601288.SH"": 32800.0}",0,-0.07394222093,0.9994206576
2022-07-01,V18 LambdaRank Top1 unscaled,98785.4206,101653.9112,57.4206033,1,1797.004613,1071.485973,3571619.911,0,"{""601288.SH"": 32800.0}",-0.003309339926,-0.07700686091,0.999418734
2022-07-04,V18 LambdaRank Top1 unscaled,99227.66464,102255.9112,198.664636,1,1897.614081,1130.632473,3768774.911,0,"{""601988.SH"": 30100.0}",0.004476814797,-0.07287479157,0.9979978906
2022-07-05,V18 LambdaRank Top1 unscaled,99528.66464,102556.9112,198.664636,1,1897.614081,1130.632473,3768774.911,0,"{""601988.SH"": 30100.0}",0.003033428239,-0.07006242378,0.9980039455
2022-07-06,V18 LambdaRank Top1 unscaled,99227.66464,102255.9112,198.664636,1,1897.614081,1130.632473,3768774.911,0,"{""601988.SH"": 30100.0}",-0.00302425438,-0.07287479157,0.9979978906
2022-07-07,V18 LambdaRank Top1 unscaled,99227.66464,102255.9112,198.664636,1,1897.614081,1130.632473,3768774.911,0,"{""601988.SH"": 30100.0}",0,-0.07287479157,0.9979978906
2022-07-08,V18 LambdaRank Top1 unscaled,99528.66464,102556.9112,198.664636,1,1897.614081,1130.632473,3768774.911,0,"{""601988.SH"": 30100.0}",0.003033428239,-0.07006242378,0.9980039455
2022-07-11,V18 LambdaRank Top1 unscaled,100130.6646,103158.9112,198.664636,1,1897.614081,1130.632473,3768774.911,0,"{""601988.SH"": 30100.0}",0.006048508761,-0.0644376882,0.9980159461
2022-07-12,V18 LambdaRank Top1 unscaled,100431.6646,103459.9112,198.664636,1,1897.614081,1130.632473,3768774.911,0,"{""601988.SH"": 30100.0}",0.003006072127,-0.06162532041,0.9980218924
2022-07-13,V18 LambdaRank Top1 unscaled,99227.66464,102255.9112,198.664636,1,1897.614081,1130.632473,3768774.911,0,"{""601988.SH"": 30100.0}",-0.01198825096,-0.07287479157,0.9979978906
2022-07-14,V18 LambdaRank Top1 unscaled,97421.66464,100449.9112,198.664636,1,1897.614081,1130.632473,3768774.911,0,"{""601988.SH"": 30100.0}",-0.01820056943,-0.0897489983,0.9979607756
2022-07-15,V18 LambdaRank Top1 unscaled,97099.56789,100127.8144,198.664636,1,1897.614081,1130.632473,3768774.911,0,"{""601988.SH"": 32300.3011}",-0.003306212674,-0.0927584817,0.9979540111
2022-07-18,V18 LambdaRank Top1 unscaled,97745.57392,100773.8205,198.664636,1,1897.614081,1130.632473,3768774.911,0,"{""601988.SH"": 32300.3011}",0.006653026741,-0.08672257961,0.9979675332
2022-07-19,V18 LambdaRank Top1 unscaled,98391.57994,101419.8265,198.664636,1,1897.614081,1130.632473,3768774.911,0,"{""601988.SH"": 32300.3011}",0.006609056511,-0.08068667753,0.9979808777
2022-07-20,V18 LambdaRank Top1 unscaled,99683.59198,102711.8385,198.664636,1,1897.614081,1130.632473,3768774.911,0,"{""601988.SH"": 32300.3011}",0.01313132734,-0.06861487337,0.9980070478
2022-07-21,V18 LambdaRank Top1 unscaled,99037.58596,102065.8325,198.664636,1,1897.614081,1130.632473,3768774.911,0,"{""601988.SH"": 32300.3011}",-0.006480565245,-0.07465077545,0.9979940481
2022-07-22,V18 LambdaRank Top1 unscaled,99683.59198,102711.8385,198.664636,1,1897.614081,1130.632473,3768774.911,0,"{""601988.SH"": 32300.3011}",0.006522836916,-0.06861487337,0.9980070478
2022-07-25,V18 LambdaRank Top1 unscaled,100006.595,103034.8415,198.664636,1,1897.614081,1130.632473,3768774.911,0,"{""601988.SH"": 32300.3011}",0.003240282623,-0.06559692233,0.9980134847
2022-07-26,V18 LambdaRank Top1 unscaled,100652.601,103680.8476,198.664636,1,1897.614081,1130.632473,3768774.911,0,"{""601988.SH"": 32300.3011}",0.006459634205,-0.05956102025,0.9980262345
2022-07-27,V18 LambdaRank Top1 unscaled,100006.595,103034.8415,198.664636,1,1897.614081,1130.632473,3768774.911,0,"{""601988.SH"": 32300.3011}",-0.006418175141,-0.06559692233,0.9980134847
2022-07-28,V18 LambdaRank Top1 unscaled,99360.58897,102388.8355,198.664636,1,1897.614081,1130.632473,3768774.911,0,"{""601988.SH"": 32300.3011}",-0.006459634205,-0.07163282441,0.9980005691
2022-07-29,V18 LambdaRank Top1 unscaled,99037.58596,102065.8325,198.664636,1,1897.614081,1130.632473,3768774.911,0,"{""601988.SH"": 32300.3011}",-0.003250816186,-0.07465077545,0.9979940481
2022-08-01,V18 LambdaRank Top1 unscaled,98391.57994,101419.8265,198.664636,1,1897.614081,1130.632473,3768774.911,0,"{""601988.SH"": 32300.3011}",-0.006522836916,-0.08068667753,0.9979808777
2022-08-02,V18 LambdaRank Top1 unscaled,98007.57418,101194.8265,132.574183,1,1997.73196,1189.520348,3965067.826,0,"{""601398.SH"": 22500.0}",-0.003902831465,-0.08427460249,0.9986473068
2022-08-03,V18 LambdaRank Top1 unscaled,97332.57418,100519.8265,132.574183,1,1997.73196,1189.520348,3965067.826,0,"{""601398.SH"": 22500.0}",-0.006887222805,-0.09058140733,0.9986379259
2022-08-04,V18 LambdaRank Top1 unscaled,98457.57418,101644.8265,132.574183,1,1997.73196,1189.520348,3965067.826,0,"{""601398.SH"": 22500.0}",0.01155830933,-0.08007006593,0.9986534892
2022-08-05,V18 LambdaRank Top1 unscaled,98907.57418,102094.8265,132.574183,1,1997.73196,1189.520348,3965067.826,0,"{""601398.SH"": 22500.0}",0.004570496518,-0.07586552937,0.9986596155
2022-08-08,V18 LambdaRank Top1 unscaled,98007.57418,101194.8265,132.574183,1,1997.73196,1189.520348,3965067.826,0,"{""601398.SH"": 22500.0}",-0.009099404241,-0.08427460249,0.9986473068
2022-08-09,V18 LambdaRank Top1 unscaled,97782.57418,100969.8265,132.574183,1,1997.73196,1189.520348,3965067.826,0,"{""601398.SH"": 22500.0}",-0.002295740935,-0.08637687077,0.9986441942
2022-08-10,V18 LambdaRank Top1 unscaled,97557.57418,100744.8265,132.574183,1,1997.73196,1189.520348,3965067.826,0,"{""601398.SH"": 22500.0}",-0.002301023489,-0.08847913905,0.9986410672
2022-08-11,V18 LambdaRank Top1 unscaled,98232.57418,101419.8265,132.574183,1,1997.73196,1189.520348,3965067.826,0,"{""601398.SH"": 22500.0}",0.006918991228,-0.08217233421,0.9986504051
2022-08-12,V18 LambdaRank Top1 unscaled,98232.57418,101419.8265,132.574183,1,1997.73196,1189.520348,3965067.826,0,"{""601398.SH"": 22500.0}",0,-0.08217233421,0.9986504051
2022-08-15,V18 LambdaRank Top1 unscaled,97782.57418,100969.8265,132.574183,1,1997.73196,1189.520348,3965067.826,0,"{""601398.SH"": 22500.0}",-0.004580965161,-0.08637687077,0.9986441942
2022-08-16,V18 LambdaRank Top1 unscaled,97557.57418,100744.8265,132.574183,1,1997.73196,1189.520348,3965067.826,0,"{""601398.SH"": 22500.0}",-0.002301023489,-0.08847913905,0.9986410672
2022-08-17,V18 LambdaRank Top1 unscaled,97782.57418,100969.8265,132.574183,1,1997.73196,1189.520348,3965067.826,0,"{""601398.SH"": 22500.0}",0.002306330409,-0.08637687077,0.9986441942
2022-08-18,V18 LambdaRank Top1 unscaled,97332.57418,100519.8265,132.574183,1,1997.73196,1189.520348,3965067.826,0,"{""601398.SH"": 22500.0}",-0.004602046978,-0.09058140733,0.9986379259
2022-08-19,V18 LambdaRank Top1 unscaled,97557.57418,100744.8265,132.574183,1,1997.73196,1189.520348,3965067.826,0,"{""601398.SH"": 22500.0}",0.002311661865,-0.08847913905,0.9986410672
2022-08-22,V18 LambdaRank Top1 unscaled,97557.57418,100744.8265,132.574183,1,1997.73196,1189.520348,3965067.826,0,"{""601398.SH"": 22500.0}",0,-0.08847913905,0.9986410672
2022-08-23,V18 LambdaRank Top1 unscaled,97332.57418,100519.8265,132.574183,1,1997.73196,1189.520348,3965067.826,0,"{""601398.SH"": 22500.0}",-0.002306330409,-0.09058140733,0.9986379259
2022-08-24,V18 LambdaRank Top1 unscaled,97332.57418,100519.8265,132.574183,1,1997.73196,1189.520348,3965067.826,0,"{""601398.SH"": 22500.0}",0,-0.09058140733,0.9986379259
2022-08-25,V18 LambdaRank Top1 unscaled,97782.57418,100969.8265,132.574183,1,1997.73196,1189.520348,3965067.826,0,"{""601398.SH"": 22500.0}",0.004623323731,-0.08637687077,0.9986441942
2022-08-26,V18 LambdaRank Top1 unscaled,98007.57418,101194.8265,132.574183,1,1997.73196,1189.520348,3965067.826,0,"{""601398.SH"": 22500.0}",0.002301023489,-0.08427460249,0.9986473068
2022-08-29,V18 LambdaRank Top1 unscaled,97557.57418,100744.8265,132.574183,1,1997.73196,1189.520348,3965067.826,0,"{""601398.SH"": 22500.0}",-0.00459148187,-0.08847913905,0.9986410672
2022-08-30,V18 LambdaRank Top1 unscaled,98232.57418,101419.8265,132.574183,1,1997.73196,1189.520348,3965067.826,0,"{""601398.SH"": 22500.0}",0.006918991228,-0.08217233421,0.9986504051
2022-08-31,V18 LambdaRank Top1 unscaled,98682.57418,101869.8265,132.574183,1,1997.73196,1189.520348,3965067.826,0,"{""601398.SH"": 22500.0}",0.004580965161,-0.07796779765,0.9986565593
2022-09-01,V18 LambdaRank Top1 unscaled,98232.57418,101419.8265,132.574183,1,1997.73196,1189.520348,3965067.826,0,"{""601398.SH"": 22500.0}",-0.004560075613,-0.08217233421,0.9986504051
2022-09-02,V18 LambdaRank Top1 unscaled,97505.13162,100850.8265,153.1316182,1,2097.503225,1248.191648,4160638.826,0,"{""601288.SH"": 34400.0}",-0.007405308991,-0.08896913168,0.998429502
2022-09-05,V18 LambdaRank Top1 unscaled,97849.13162,101194.8265,153.1316182,1,2097.503225,1248.191648,4160638.826,0,"{""601288.SH"": 34400.0}",0.003528019442,-0.08575499706,0.9984350232
2022-09-06,V18 LambdaRank Top1 unscaled,97849.13162,101194.8265,153.1316182,1,2097.503225,1248.191648,4160638.826,0,"{""601288.SH"": 34400.0}",0,-0.08575499706,0.9984350232
2022-09-07,V18 LambdaRank Top1 unscaled,97505.13162,100850.8265,153.1316182,1,2097.503225,1248.191648,4160638.826,0,"{""601288.SH"": 34400.0}",-0.003515616279,-0.08896913168,0.998429502
2022-09-08,V18 LambdaRank Top1 unscaled,97505.13162,100850.8265,153.1316182,1,2097.503225,1248.191648,4160638.826,0,"{""601288.SH"": 34400.0}",0,-0.08896913168,0.998429502
2022-09-09,V18 LambdaRank Top1 unscaled,97849.13162,101194.8265,153.1316182,1,2097.503225,1248.191648,4160638.826,0,"{""601288.SH"": 34400.0}",0.003528019442,-0.08575499706,0.9984350232
2022-09-13,V18 LambdaRank Top1 unscaled,98193.13162,101538.8265,153.1316182,1,2097.503225,1248.191648,4160638.826,0,"{""601288.SH"": 34400.0}",0.003515616279,-0.08254086245,0.9984405058
2022-09-14,V18 LambdaRank Top1 unscaled,98193.13162,101538.8265,153.1316182,1,2097.503225,1248.191648,4160638.826,0,"{""601288.SH"": 34400.0}",0,-0.08254086245,0.9984405058
2022-09-15,V18 LambdaRank Top1 unscaled,98881.13162,102226.8265,153.1316182,1,2097.503225,1248.191648,4160638.826,0,"{""601288.SH"": 34400.0}",0.007006600041,-0.07611259322,0.9984513565
2022-09-16,V18 LambdaRank Top1 unscaled,98193.13162,101538.8265,153.1316182,1,2097.503225,1248.191648,4160638.826,0,"{""601288.SH"": 34400.0}",-0.006957849174,-0.08254086245,0.9984405058
2022-09-19,V18 LambdaRank Top1 unscaled,98881.13162,102226.8265,153.1316182,1,2097.503225,1248.191648,4160638.826,0,"{""601288.SH"": 34400.0}",0.007006600041,-0.07611259322,0.9984513565
2022-09-20,V18 LambdaRank Top1 unscaled,97849.13162,101194.8265,153.1316182,1,2097.503225,1248.191648,4160638.826,0,"{""601288.SH"": 34400.0}",-0.01043677376,-0.08575499706,0.9984350232
2022-09-21,V18 LambdaRank Top1 unscaled,98537.13162,101882.8265,153.1316182,1,2097.503225,1248.191648,4160638.826,0,"{""601288.SH"": 34400.0}",0.007031232558,-0.07932672783,0.9984459501
2022-09-22,V18 LambdaRank Top1 unscaled,98537.13162,101882.8265,153.1316182,1,2097.503225,1248.191648,4160638.826,0,"{""601288.SH"": 34400.0}",0,-0.07932672783,0.9984459501
2022-09-23,V18 LambdaRank Top1 unscaled,99225.13162,102570.8265,153.1316182,1,2097.503225,1248.191648,4160638.826,0,"{""601288.SH"": 34400.0}",0.006982139511,-0.0728984586,0.9984567255
2022-09-26,V18 LambdaRank Top1 unscaled,98193.13162,101538.8265,153.1316182,1,2097.503225,1248.191648,4160638.826,0,"{""601288.SH"": 34400.0}",-0.01040059089,-0.08254086245,0.9984405058
2022-09-27,V18 LambdaRank Top1 unscaled,97505.13162,100850.8265,153.1316182,1,2097.503225,1248.191648,4160638.826,0,"{""601288.SH"": 34400.0}",-0.007006600041,-0.08896913168,0.998429502
2022-09-28,V18 LambdaRank Top1 unscaled,98193.13162,101538.8265,153.1316182,1,2097.503225,1248.191648,4160638.826,0,"{""601288.SH"": 34400.0}",0.007056038883,-0.08254086245,0.9984405058
2022-09-29,V18 LambdaRank Top1 unscaled,97161.13162,100506.8265,153.1316182,1,2097.503225,1248.191648,4160638.826,0,"{""601288.SH"": 34400.0}",-0.01050990006,-0.09218326629,0.9984239416
2022-09-30,V18 LambdaRank Top1 unscaled,98537.13162,101882.8265,153.1316182,1,2097.503225,1248.191648,4160638.826,0,"{""601288.SH"": 34400.0}",0.01416204172,-0.07932672783,0.9984459501
2022-10-10,V18 LambdaRank Top1 unscaled,98881.13162,102226.8265,153.1316182,1,2097.503225,1248.191648,4160638.826,0,"{""601288.SH"": 34400.0}",0.003491069756,-0.07611259322,0.9984513565
2022-10-11,V18 LambdaRank Top1 unscaled,98400.30844,101905.8265,174.3084416,1,2198.143902,1307.374148,4357913.826,0,"{""601988.SH"": 32100.0}",-0.004862638289,-0.0806051235,0.9982285783
2022-10-12,V18 LambdaRank Top1 unscaled,98721.30844,102226.8265,174.3084416,1,2198.143902,1307.374148,4357913.826,0,"{""601988.SH"": 32100.0}",0.003262184896,-0.07760588742,0.9982343382
2022-10-13,V18 LambdaRank Top1 unscaled,98079.30844,101584.8265,174.3084416,1,2198.143902,1307.374148,4357913.826,0,"{""601988.SH"": 32100.0}",-0.006503155298,-0.08360435958,0.9982227807
2022-10-14,V18 LambdaRank Top1 unscaled,98400.30844,101905.8265,174.3084416,1,2198.143902,1307.374148,4357913.826,0,"{""601988.SH"": 32100.0}",0.003272861576,-0.0806051235,0.9982285783
2022-10-17,V18 LambdaRank Top1 unscaled,98079.30844,101584.8265,174.3084416,1,2198.143902,1307.374148,4357913.826,0,"{""601988.SH"": 32100.0}",-0.003262184896,-0.08360435958,0.9982227807
2022-10-18,V18 LambdaRank Top1 unscaled,98079.30844,101584.8265,174.3084416,1,2198.143902,1307.374148,4357913.826,0,"{""601988.SH"": 32100.0}",0,-0.08360435958,0.9982227807
2022-10-19,V18 LambdaRank Top1 unscaled,98079.30844,101584.8265,174.3084416,1,2198.143902,1307.374148,4357913.826,0,"{""601988.SH"": 32100.0}",0,-0.08360435958,0.9982227807
2022-10-20,V18 LambdaRank Top1 unscaled,98079.30844,101584.8265,174.3084416,1,2198.143902,1307.374148,4357913.826,0,"{""601988.SH"": 32100.0}",0,-0.08360435958,0.9982227807
2022-10-21,V18 LambdaRank Top1 unscaled,98721.30844,102226.8265,174.3084416,1,2198.143902,1307.374148,4357913.826,0,"{""601988.SH"": 32100.0}",0.006545723152,-0.07760588742,0.9982343382
2022-10-24,V18 LambdaRank Top1 unscaled,98400.30844,101905.8265,174.3084416,1,2198.143902,1307.374148,4357913.826,0,"{""601988.SH"": 32100.0}",-0.003251577649,-0.0806051235,0.9982285783
2022-10-25,V18 LambdaRank Top1 unscaled,98079.30844,101584.8265,174.3084416,1,2198.143902,1307.374148,4357913.826,0,"{""601988.SH"": 32100.0}",-0.003262184896,-0.08360435958,0.9982227807
2022-10-26,V18 LambdaRank Top1 unscaled,97758.30844,101263.8265,174.3084416,1,2198.143902,1307.374148,4357913.826,0,"{""601988.SH"": 32100.0}",-0.003272861576,-0.08660359566,0.998216945
2022-10-27,V18 LambdaRank Top1 unscaled,97437.30844,100942.8265,174.3084416,1,2198.143902,1307.374148,4357913.826,0,"{""601988.SH"": 32100.0}",-0.003283608372,-0.08960283174,0.9982110708
2022-10-28,V18 LambdaRank Top1 unscaled,98400.30844,101905.8265,174.3084416,1,2198.143902,1307.374148,4357913.826,0,"{""601988.SH"": 32100.0}",0.009883277929,-0.0806051235,0.9982285783
2022-10-31,V18 LambdaRank Top1 unscaled,96795.30844,100300.8265,174.3084416,1,2198.143902,1307.374148,4357913.826,0,"{""601988.SH"": 32100.0}",-0.01631092448,-0.0956013039,0.9981992057
2022-11-01,V18 LambdaRank Top1 unscaled,97116.30844,100621.8265,174.3084416,1,2198.143902,1307.374148,4357913.826,0,"{""601988.SH"": 32100.0}",0.003316276431,-0.09260206782,0.9982051579
2022-11-02,V18 LambdaRank Top1 unscaled,96474.30844,99979.82649,174.3084416,1,2198.143902,1307.374148,4357913.826,0,"{""601988.SH"": 32100.0}",-0.006610630185,-0.09860053998,0.9981932139
2022-11-03,V18 LambdaRank Top1 unscaled,96795.30844,100300.8265,174.3084416,1,2198.143902,1307.374148,4357913.826,0,"{""601988.SH"": 32100.0}",0.003327310713,-0.0956013039,0.9981992057
2022-11-04,V18 LambdaRank Top1 unscaled,97758.30844,101263.8265,174.3084416,1,2198.143902,1307.374148,4357913.826,0,"{""601988.SH"": 32100.0}",0.009948829293,-0.08660359566,0.998216945
2022-11-07,V18 LambdaRank Top1 unscaled,97758.30844,101263.8265,174.3084416,1,2198.143902,1307.374148,4357913.826,0,"{""601988.SH"": 32100.0}",0,-0.08660359566,0.998216945
2022-11-08,V18 LambdaRank Top1 unscaled,97758.30844,101263.8265,174.3084416,1,2198.143902,1307.374148,4357913.826,0,"{""601988.SH"": 32100.0}",0,-0.08660359566,0.998216945
2022-11-09,V18 LambdaRank Top1 unscaled,97758.30844,101263.8265,174.3084416,1,2198.143902,1307.374148,4357913.826,0,"{""601988.SH"": 32100.0}",0,-0.08660359566,0.998216945
2022-11-10,V18 LambdaRank Top1 unscaled,98079.30844,101584.8265,174.3084416,1,2198.143902,1307.374148,4357913.826,0,"{""601988.SH"": 32100.0}",0.003283608372,-0.08360435958,0.9982227807
2022-11-11,V18 LambdaRank Top1 unscaled,98400.30844,101905.8265,174.3084416,1,2198.143902,1307.374148,4357913.826,0,"{""601988.SH"": 32100.0}",0.003272861576,-0.0806051235,0.9982285783
2022-11-14,V18 LambdaRank Top1 unscaled,98400.30844,101905.8265,174.3084416,1,2198.143902,1307.374148,4357913.826,0,"{""601988.SH"": 32100.0}",0,-0.0806051235,0.9982285783
2022-11-15,V18 LambdaRank Top1 unscaled,98400.30844,101905.8265,174.3084416,1,2198.143902,1307.374148,4357913.826,0,"{""601988.SH"": 32100.0}",0,-0.0806051235,0.9982285783
2022-11-16,V18 LambdaRank Top1 unscaled,98079.30844,101584.8265,174.3084416,1,2198.143902,1307.374148,4357913.826,0,"{""601988.SH"": 32100.0}",-0.003262184896,-0.08360435958,0.9982227807
2022-11-17,V18 LambdaRank Top1 unscaled,98079.30844,101584.8265,174.3084416,1,2198.143902,1307.374148,4357913.826,0,"{""601988.SH"": 32100.0}",0,-0.08360435958,0.9982227807
2022-11-18,V18 LambdaRank Top1 unscaled,97758.30844,101263.8265,174.3084416,1,2198.143902,1307.374148,4357913.826,0,"{""601988.SH"": 32100.0}",-0.003272861576,-0.08660359566,0.998216945
2022-11-21,V18 LambdaRank Top1 unscaled,98079.30844,101584.8265,174.3084416,1,2198.143902,1307.374148,4357913.826,0,"{""601988.SH"": 32100.0}",0.003283608372,-0.08360435958,0.9982227807
2022-11-22,V18 LambdaRank Top1 unscaled,99042.30844,102547.8265,174.3084416,1,2198.143902,1307.374148,4357913.826,0,"{""601988.SH"": 32100.0}",0.009818584728,-0.07460665134,0.9982400608
2022-11-23,V18 LambdaRank Top1 unscaled,99684.30844,103189.8265,174.3084416,1,2198.143902,1307.374148,4357913.826,0,"{""601988.SH"": 32100.0}",0.006482078317,-0.06860817918,0.9982513954
2022-11-24,V18 LambdaRank Top1 unscaled,99363.30844,102868.8265,174.3084416,1,2198.143902,1307.374148,4357913.826,0,"{""601988.SH"": 32100.0}",-0.003220165792,-0.07160741526,0.9982457464
2022-11-25,V18 LambdaRank Top1 unscaled,100647.3084,104152.8265,174.3084416,1,2198.143902,1307.374148,4357913.826,0,"{""601988.SH"": 32100.0}",0.01292227503,-0.05961047094,0.9982681262
2022-11-28,V18 LambdaRank Top1 unscaled,100005.3084,103510.8265,174.3084416,1,2198.143902,1307.374148,4357913.826,0,"{""601988.SH"": 32100.0}",-0.006378710071,-0.0656089431,0.9982570081
2022-11-29,V18 LambdaRank Top1 unscaled,100968.3084,104473.8265,174.3084416,1,2198.143902,1307.374148,4357913.826,0,"{""601988.SH"": 32100.0}",0.009629488824,-0.05661123486,0.9982736322
2022-11-30,V18 LambdaRank Top1 unscaled,101289.3084,104794.8265,174.3084416,1,2198.143902,1307.374148,4357913.826,0,"{""601988.SH"": 32100.0}",0.003179215389,-0.05361199878,0.9982791033
2022-12-01,V18 LambdaRank Top1 unscaled,99684.30844,103189.8265,174.3084416,1,2198.143902,1307.374148,4357913.826,0,"{""601988.SH"": 32100.0}",-0.01584570005,-0.06860817918,0.9982513954
2022-12-02,V18 LambdaRank Top1 unscaled,99843.60672,103510.8265,29.60671754,1,2299.952126,1367.267648,4557558.826,0,"{""601288.SH"": 34900.0}",0.001598027598,-0.06711978934,0.9997034691
2022-12-05,V18 LambdaRank Top1 unscaled,100890.6067,104557.8265,29.60671754,1,2299.952126,1367.267648,4557558.826,0,"{""601288.SH"": 34900.0}",0.01048640003,-0.05733723428,0.9997065463
2022-12-06,V18 LambdaRank Top1 unscaled,100890.6067,104557.8265,29.60671754,1,2299.952126,1367.267648,4557558.826,0,"{""601288.SH"": 34900.0}",0,-0.05733723428,0.9997065463
2022-12-07,V18 LambdaRank Top1 unscaled,100541.6067,104208.8265,29.60671754,1,2299.952126,1367.267648,4557558.826,0,"{""601288.SH"": 34900.0}",-0.003459192202,-0.06059808597,0.9997055277
2022-12-08,V18 LambdaRank Top1 unscaled,101239.6067,104906.8265,29.60671754,1,2299.952126,1367.267648,4557558.826,0,"{""601288.SH"": 34900.0}",0.006942399498,-0.05407638259,0.999707558
2022-12-09,V18 LambdaRank Top1 unscaled,100890.6067,104557.8265,29.60671754,1,2299.952126,1367.267648,4557558.826,0,"{""601288.SH"": 34900.0}",-0.003447267441,-0.05733723428,0.9997065463
2022-12-12,V18 LambdaRank Top1 unscaled,99843.60672,103510.8265,29.60671754,1,2299.952126,1367.267648,4557558.826,0,"{""601288.SH"": 34900.0}",-0.01037757661,-0.06711978934,0.9997034691
2022-12-13,V18 LambdaRank Top1 unscaled,100541.6067,104208.8265,29.60671754,1,2299.952126,1367.267648,4557558.826,0,"{""601288.SH"": 34900.0}",0.00699093335,-0.06059808597,0.9997055277
2022-12-14,V18 LambdaRank Top1 unscaled,100890.6067,104557.8265,29.60671754,1,2299.952126,1367.267648,4557558.826,0,"{""601288.SH"": 34900.0}",0.003471199749,-0.05733723428,0.9997065463
2022-12-15,V18 LambdaRank Top1 unscaled,100541.6067,104208.8265,29.60671754,1,2299.952126,1367.267648,4557558.826,0,"{""601288.SH"": 34900.0}",-0.003459192202,-0.06059808597,0.9997055277
2022-12-16,V18 LambdaRank Top1 unscaled,101239.6067,104906.8265,29.60671754,1,2299.952126,1367.267648,4557558.826,0,"{""601288.SH"": 34900.0}",0.006942399498,-0.05407638259,0.999707558
2022-12-19,V18 LambdaRank Top1 unscaled,100541.6067,104208.8265,29.60671754,1,2299.952126,1367.267648,4557558.826,0,"{""601288.SH"": 34900.0}",-0.006894534882,-0.06059808597,0.9997055277
2022-12-20,V18 LambdaRank Top1 unscaled,99494.60672,103161.8265,29.60671754,1,2299.952126,1367.267648,4557558.826,0,"{""601288.SH"": 34900.0}",-0.01041359925,-0.07038064103,0.9997024289
2022-12-21,V18 LambdaRank Top1 unscaled,99494.60672,103161.8265,29.60671754,1,2299.952126,1367.267648,4557558.826,0,"{""601288.SH"": 34900.0}",0,-0.07038064103,0.9997024289
2022-12-22,V18 LambdaRank Top1 unscaled,99843.60672,103510.8265,29.60671754,1,2299.952126,1367.267648,4557558.826,0,"{""601288.SH"": 34900.0}",0.003507727821,-0.06711978934,0.9997034691
2022-12-23,V18 LambdaRank Top1 unscaled,100192.6067,103859.8265,29.60671754,1,2299.952126,1367.267648,4557558.826,0,"{""601288.SH"": 34900.0}",0.003495466675,-0.06385893765,0.999704502
2022-12-26,V18 LambdaRank Top1 unscaled,99494.60672,103161.8265,29.60671754,1,2299.952126,1367.267648,4557558.826,0,"{""601288.SH"": 34900.0}",-0.006966581895,-0.07038064103,0.9997024289
2022-12-27,V18 LambdaRank Top1 unscaled,100890.6067,104557.8265,29.60671754,1,2299.952126,1367.267648,4557558.826,0,"{""601288.SH"": 34900.0}",0.01403091128,-0.05733723428,0.9997065463
2022-12-28,V18 LambdaRank Top1 unscaled,101239.6067,104906.8265,29.60671754,1,2299.952126,1367.267648,4557558.826,0,"{""601288.SH"": 34900.0}",0.003459192202,-0.05407638259,0.999707558
2022-12-29,V18 LambdaRank Top1 unscaled,100541.6067,104208.8265,29.60671754,1,2299.952126,1367.267648,4557558.826,0,"{""601288.SH"": 34900.0}",-0.006894534882,-0.06059808597,0.9997055277
2022-12-30,V18 LambdaRank Top1 unscaled,101588.6067,105255.8265,29.60671754,1,2299.952126,1367.267648,4557558.826,0,"{""601288.SH"": 34900.0}",0.01041359925,-0.0508155309,0.9997085626
2023-01-03,V18 LambdaRank Top1 unscaled,101239.6067,104906.8265,29.60671754,1,2299.952126,1367.267648,4557558.826,0,"{""601288.SH"": 34900.0}",-0.003435424614,-0.05407638259,0.999707558
2023-01-04,V18 LambdaRank Top1 unscaled,102351.8891,106182.8265,271.8890907,1,2403.065552,1427.871848,4759572.826,0,"{""601988.SH"": 31900.0}",0.01098663269,-0.04368386725,0.997343585
2023-01-05,V18 LambdaRank Top1 unscaled,102351.8891,106182.8265,271.8890907,1,2403.065552,1427.871848,4759572.826,0,"{""601988.SH"": 31900.0}",0,-0.04368386725,0.997343585
2023-01-06,V18 LambdaRank Top1 unscaled,102670.8891,106501.8265,271.8890907,1,2403.065552,1427.871848,4759572.826,0,"{""601988.SH"": 31900.0}",0.003116698703,-0.040703318,0.9973518385
2023-01-09,V18 LambdaRank Top1 unscaled,102032.8891,105863.8265,271.8890907,1,2403.065552,1427.871848,4759572.826,0,"{""601988.SH"": 31900.0}",-0.006214030147,-0.0466644165,0.9973352799
2023-01-10,V18 LambdaRank Top1 unscaled,101713.8891,105544.8265,271.8890907,1,2403.065552,1427.871848,4759572.826,0,"{""601988.SH"": 31900.0}",-0.003126442884,-0.04964496575,0.9973269227
2023-01-11,V18 LambdaRank Top1 unscaled,102032.8891,105863.8265,271.8890907,1,2403.065552,1427.871848,4759572.826,0,"{""601988.SH"": 31900.0}",0.003136248185,-0.0466644165,0.9973352799
2023-01-12,V18 LambdaRank Top1 unscaled,102032.8891,105863.8265,271.8890907,1,2403.065552,1427.871848,4759572.826,0,"{""601988.SH"": 31900.0}",0,-0.0466644165,0.9973352799
2023-01-13,V18 LambdaRank Top1 unscaled,103308.8891,107139.8265,271.8890907,1,2403.065552,1427.871848,4759572.826,0,"{""601988.SH"": 31900.0}",0.01250577153,-0.0347422195,0.9973681927
2023-01-16,V18 LambdaRank Top1 unscaled,102670.8891,106501.8265,271.8890907,1,2403.065552,1427.871848,4759572.826,0,"{""601988.SH"": 31900.0}",-0.006175654444,-0.040703318,0.9973518385
2023-01-17,V18 LambdaRank Top1 unscaled,102989.8891,106820.8265,271.8890907,1,2403.065552,1427.871848,4759572.826,0,"{""601988.SH"": 31900.0}",0.003107015073,-0.03772276875,0.9973600409
2023-01-18,V18 LambdaRank Top1 unscaled,102670.8891,106501.8265,271.8890907,1,2403.065552,1427.871848,4759572.826,0,"{""601988.SH"": 31900.0}",-0.003097391431,-0.040703318,0.9973518385
2023-01-19,V18 LambdaRank Top1 unscaled,102989.8891,106820.8265,271.8890907,1,2403.065552,1427.871848,4759572.826,0,"{""601988.SH"": 31900.0}",0.003107015073,-0.03772276875,0.9973600409
2023-01-20,V18 LambdaRank Top1 unscaled,102989.8891,106820.8265,271.8890907,1,2403.065552,1427.871848,4759572.826,0,"{""601988.SH"": 31900.0}",0,-0.03772276875,0.9973600409
2023-01-30,V18 LambdaRank Top1 unscaled,103308.8891,107139.8265,271.8890907,1,2403.065552,1427.871848,4759572.826,0,"{""601988.SH"": 31900.0}",0.003097391431,-0.0347422195,0.9973681927
2023-01-31,V18 LambdaRank Top1 unscaled,102989.8891,106820.8265,271.8890907,1,2403.065552,1427.871848,4759572.826,0,"{""601988.SH"": 31900.0}",-0.003087827222,-0.03772276875,0.9973600409
2023-02-01,V18 LambdaRank Top1 unscaled,102989.8891,106820.8265,271.8890907,1,2403.065552,1427.871848,4759572.826,0,"{""601988.SH"": 31900.0}",0,-0.03772276875,0.9973600409
2023-02-02,V18 LambdaRank Top1 unscaled,102641.7444,106638.8265,539.7444123,1,2507.709631,1489.372448,4964574.826,0,"{""601939.SH"": 18200.0}",-0.003380377254,-0.04097562881,0.9947414727
2023-02-03,V18 LambdaRank Top1 unscaled,102459.7444,106456.8265,539.7444123,1,2507.709631,1489.372448,4964574.826,0,"{""601939.SH"": 18200.0}",-0.001773157705,-0.04267613026,0.994732132
2023-02-06,V18 LambdaRank Top1 unscaled,102277.7444,106274.8265,539.7444123,1,2507.709631,1489.372448,4964574.826,0,"{""601939.SH"": 18200.0}",-0.001776307379,-0.04437663172,0.994722758
2023-02-07,V18 LambdaRank Top1 unscaled,102277.7444,106274.8265,539.7444123,1,2507.709631,1489.372448,4964574.826,0,"{""601939.SH"": 18200.0}",0,-0.04437663172,0.994722758
2023-02-08,V18 LambdaRank Top1 unscaled,102277.7444,106274.8265,539.7444123,1,2507.709631,1489.372448,4964574.826,0,"{""601939.SH"": 18200.0}",0,-0.04437663172,0.994722758
2023-02-09,V18 LambdaRank Top1 unscaled,102641.7444,106638.8265,539.7444123,1,2507.709631,1489.372448,4964574.826,0,"{""601939.SH"": 18200.0}",0.003558936522,-0.04097562881,0.9947414727
2023-02-10,V18 LambdaRank Top1 unscaled,102641.7444,106638.8265,539.7444123,1,2507.709631,1489.372448,4964574.826,0,"{""601939.SH"": 18200.0}",0,-0.04097562881,0.9947414727
2023-02-13,V18 LambdaRank Top1 unscaled,102277.7444,106274.8265,539.7444123,1,2507.709631,1489.372448,4964574.826,0,"{""601939.SH"": 18200.0}",-0.003546315411,-0.04437663172,0.994722758
2023-02-14,V18 LambdaRank Top1 unscaled,102459.7444,106456.8265,539.7444123,1,2507.709631,1489.372448,4964574.826,0,"{""601939.SH"": 18200.0}",0.001779468261,-0.04267613026,0.994732132
2023-02-15,V18 LambdaRank Top1 unscaled,101913.7444,105910.8265,539.7444123,1,2507.709631,1489.372448,4964574.826,0,"{""601939.SH"": 18200.0}",-0.005328922136,-0.04777763462,0.9947039095
2023-02-16,V18 LambdaRank Top1 unscaled,101913.7444,105910.8265,539.7444123,1,2507.709631,1489.372448,4964574.826,0,"{""601939.SH"": 18200.0}",0,-0.04777763462,0.9947039095
2023-02-17,V18 LambdaRank Top1 unscaled,101731.7444,105728.8265,539.7444123,1,2507.709631,1489.372448,4964574.826,0,"{""601939.SH"": 18200.0}",-0.001785823895,-0.04947813608,0.9946944347
2023-02-20,V18 LambdaRank Top1 unscaled,102823.7444,106820.8265,539.7444123,1,2507.709631,1489.372448,4964574.826,0,"{""601939.SH"": 18200.0}",0.0107341126,-0.03927512736,0.9947507804
2023-02-21,V18 LambdaRank Top1 unscaled,103187.7444,107184.8265,539.7444123,1,2507.709631,1489.372448,4964574.826,0,"{""601939.SH"": 18200.0}",0.003540038364,-0.03587412445,0.9947692973
2023-02-22,V18 LambdaRank Top1 unscaled,102823.7444,106820.8265,539.7444123,1,2507.709631,1489.372448,4964574.826,0,"{""601939.SH"": 18200.0}",-0.0035275507,-0.03927512736,0.9947507804
2023-02-23,V18 LambdaRank Top1 unscaled,102641.7444,106638.8265,539.7444123,1,2507.709631,1489.372448,4964574.826,0,"{""601939.SH"": 18200.0}",-0.001770019182,-0.04097562881,0.9947414727
2023-02-24,V18 LambdaRank Top1 unscaled,102459.7444,106456.8265,539.7444123,1,2507.709631,1489.372448,4964574.826,0,"{""601939.SH"": 18200.0}",-0.001773157705,-0.04267613026,0.994732132
2023-02-27,V18 LambdaRank Top1 unscaled,102277.7444,106274.8265,539.7444123,1,2507.709631,1489.372448,4964574.826,0,"{""601939.SH"": 18200.0}",-0.001776307379,-0.04437663172,0.994722758
2023-02-28,V18 LambdaRank Top1 unscaled,103187.7444,107184.8265,539.7444123,1,2507.709631,1489.372448,4964574.826,0,"{""601939.SH"": 18200.0}",0.008897341306,-0.03587412445,0.9947692973
2023-03-01,V18 LambdaRank Top1 unscaled,103187.7444,107184.8265,539.7444123,1,2507.709631,1489.372448,4964574.826,0,"{""601939.SH"": 18200.0}",0,-0.03587412445,0.9947692973
2023-03-02,V18 LambdaRank Top1 unscaled,103317.5946,107480.8265,69.59459845,1,2612.288645,1550.943248,5169810.826,0,"{""601398.SH"": 23900.0}",0.001258387679,-0.03466088033,0.9993264013
2023-03-03,V18 LambdaRank Top1 unscaled,104273.5946,108436.8265,69.59459845,1,2612.288645,1550.943248,5169810.826,0,"{""601398.SH"": 23900.0}",0.009253022234,-0.02572857599,0.999332577
2023-03-06,V18 LambdaRank Top1 unscaled,104034.5946,108197.8265,69.59459845,1,2612.288645,1550.943248,5169810.826,0,"{""601398.SH"": 23900.0}",-0.002292047195,-0.02796165207,0.9993310437
2023-03-07,V18 LambdaRank Top1 unscaled,104990.5946,109153.8265,69.59459845,1,2612.288645,1550.943248,5169810.826,0,"{""601398.SH"": 23900.0}",0.009189250976,-0.01902934774,0.9993371349
2023-03-08,V18 LambdaRank Top1 unscaled,105229.5946,109392.8265,69.59459845,1,2612.288645,1550.943248,5169810.826,0,"{""601398.SH"": 23900.0}",0.002276394385,-0.01679627165,0.9993386404
2023-03-09,V18 LambdaRank Top1 unscaled,104751.5946,108914.8265,69.59459845,1,2612.288645,1550.943248,5169810.826,0,"{""601398.SH"": 23900.0}",-0.004542448366,-0.02126242382,0.9993356225
2023-03-10,V18 LambdaRank Top1 unscaled,103795.5946,107958.8265,69.59459845,1,2612.288645,1550.943248,5169810.826,0,"{""601398.SH"": 23900.0}",-0.009126352717,-0.03019472816,0.9993295034
2023-03-13,V18 LambdaRank Top1 unscaled,105229.5946,109392.8265,69.59459845,1,2612.288645,1550.943248,5169810.826,0,"{""601398.SH"": 23900.0}",0.01381561525,-0.01679627165,0.9993386404
2023-03-14,V18 LambdaRank Top1 unscaled,105468.5946,109631.8265,69.59459845,1,2612.288645,1550.943248,5169810.826,0,"{""601398.SH"": 23900.0}",0.002271224183,-0.01456319557,0.9993401391
2023-03-15,V18 LambdaRank Top1 unscaled,106663.5946,110826.8265,69.59459845,1,2612.288645,1550.943248,5169810.826,0,"{""601398.SH"": 23900.0}",0.01133038706,-0.003397815145,0.9993475318
2023-03-16,V18 LambdaRank Top1 unscaled,108097.5946,112260.8265,69.59459845,1,2612.288645,1550.943248,5169810.826,0,"{""601398.SH"": 23900.0}",0.0134441372,0,0.9993561874
2023-03-17,V18 LambdaRank Top1 unscaled,108097.5946,112260.8265,69.59459845,1,2612.288645,1550.943248,5169810.826,0,"{""601398.SH"": 23900.0}",0,0,0.9993561874
2023-03-20,V18 LambdaRank Top1 unscaled,107858.5946,112021.8265,69.59459845,1,2612.288645,1550.943248,5169810.826,0,"{""601398.SH"": 23900.0}",-0.002210965016,-0.002210965016,0.9993547608
2023-03-21,V18 LambdaRank Top1 unscaled,106424.5946,110587.8265,69.59459845,1,2612.288645,1550.943248,5169810.826,0,"{""601398.SH"": 23900.0}",-0.01329518529,-0.01547675511,0.9993460666
2023-03-22,V18 LambdaRank Top1 unscaled,108097.5946,112260.8265,69.59459845,1,2612.288645,1550.943248,5169810.826,0,"{""601398.SH"": 23900.0}",0.01572005049,0,0.9993561874
2023-03-23,V18 LambdaRank Top1 unscaled,108097.5946,112260.8265,69.59459845,1,2612.288645,1550.943248,5169810.826,0,"{""601398.SH"": 23900.0}",0,0,0.9993561874
2023-03-24,V18 LambdaRank Top1 unscaled,107141.5946,111304.8265,69.59459845,1,2612.288645,1550.943248,5169810.826,0,"{""601398.SH"": 23900.0}",-0.008843860065,-0.008843860065,0.9993504428
2023-03-27,V18 LambdaRank Top1 unscaled,106663.5946,110826.8265,69.59459845,1,2612.288645,1550.943248,5169810.826,0,"{""601398.SH"": 23900.0}",-0.004461385905,-0.0132657901,0.9993475318
2023-03-28,V18 LambdaRank Top1 unscaled,107380.5946,111543.8265,69.59459845,1,2612.288645,1550.943248,5169810.826,0,"{""601398.SH"": 23900.0}",0.0067220686,-0.006632895049,0.9993518885
2023-03-29,V18 LambdaRank Top1 unscaled,107858.5946,112021.8265,69.59459845,1,2612.288645,1550.943248,5169810.826,0,"{""601398.SH"": 23900.0}",0.004451456073,-0.002210965016,0.9993547608
2023-03-30,V18 LambdaRank Top1 unscaled,108097.5946,112260.8265,69.59459845,1,2612.288645,1550.943248,5169810.826,0,"{""601398.SH"": 23900.0}",0.002215864215,0,0.9993561874
2023-03-31,V18 LambdaRank Top1 unscaled,106663.5946,110826.8265,69.59459845,1,2612.288645,1550.943248,5169810.826,0,"{""601398.SH"": 23900.0}",-0.0132657901,-0.0132657901,0.9993475318
2023-04-03,V18 LambdaRank Top1 unscaled,106424.5946,110587.8265,69.59459845,1,2612.288645,1550.943248,5169810.826,0,"{""601398.SH"": 23900.0}",-0.002240689533,-0.01547675511,0.9993460666
2023-04-04,V18 LambdaRank Top1 unscaled,108142.4275,112477.8265,97.4274673,1,2720.702776,1614.696248,5382320.826,0,"{""601988.SH"": 31500.0}",0.01614131466,0,0.9990990819
2023-04-06,V18 LambdaRank Top1 unscaled,108457.4275,112792.8265,97.4274673,1,2720.702776,1614.696248,5382320.826,0,"{""601988.SH"": 31500.0}",0.002912825312,0,0.9991016985
2023-04-07,V18 LambdaRank Top1 unscaled,108142.4275,112477.8265,97.4274673,1,2720.702776,1614.696248,5382320.826,0,"{""601988.SH"": 31500.0}",-0.002904365403,-0.002904365403,0.9990990819
2023-04-10,V18 LambdaRank Top1 unscaled,108142.4275,112477.8265,97.4274673,1,2720.702776,1614.696248,5382320.826,0,"{""601988.SH"": 31500.0}",0,-0.002904365403,0.9990990819
2023-04-11,V18 LambdaRank Top1 unscaled,109087.4275,113422.8265,97.4274673,1,2720.702776,1614.696248,5382320.826,0,"{""601988.SH"": 31500.0}",0.008738475935,0,0.9991068864
2023-04-12,V18 LambdaRank Top1 unscaled,110032.4275,114367.8265,97.4274673,1,2720.702776,1614.696248,5382320.826,0,"{""601988.SH"": 31500.0}",0.008662776471,0,0.9991145568
2023-04-13,V18 LambdaRank Top1 unscaled,111607.4275,115942.8265,97.4274673,1,2720.702776,1614.696248,5382320.826,0,"{""601988.SH"": 31500.0}",0.01431396213,0,0.9991270521
2023-04-14,V18 LambdaRank Top1 unscaled,110662.4275,114997.8265,97.4274673,1,2720.702776,1614.696248,5382320.826,0,"{""601988.SH"": 31500.0}",-0.008467178408,-0.008467178408,0.9991195976
2023-04-17,V18 LambdaRank Top1 unscaled,112867.4275,117202.8265,97.4274673,1,2720.702776,1614.696248,5382320.826,0,"{""601988.SH"": 31500.0}",0.01992546206,0,0.9991367973
2023-04-18,V18 LambdaRank Top1 unscaled,113497.4275,117832.8265,97.4274673,1,2720.702776,1614.696248,5382320.826,0,"{""601988.SH"": 31500.0}",0.005581769817,0,0.9991415888
2023-04-19,V18 LambdaRank Top1 unscaled,113812.4275,118147.8265,97.4274673,1,2720.702776,1614.696248,5382320.826,0,"{""601988.SH"": 31500.0}",0.002775393302,0,0.9991439646
2023-04-20,V18 LambdaRank Top1 unscaled,113497.4275,117832.8265,97.4274673,1,2720.702776,1614.696248,5382320.826,0,"{""601988.SH"": 31500.0}",-0.002767711813,-0.002767711813,0.9991415888
2023-04-21,V18 LambdaRank Top1 unscaled,112867.4275,117202.8265,97.4274673,1,2720.702776,1614.696248,5382320.826,0,"{""601988.SH"": 31500.0}",-0.005550786604,-0.00830313544,0.9991367973
2023-04-24,V18 LambdaRank Top1 unscaled,114127.4275,118462.8265,97.4274673,1,2720.702776,1614.696248,5382320.826,0,"{""601988.SH"": 31500.0}",0.01116353963,0,0.9991463273
2023-04-25,V18 LambdaRank Top1 unscaled,115702.4275,120037.8265,97.4274673,1,2720.702776,1614.696248,5382320.826,0,"{""601988.SH"": 31500.0}",0.01380036364,0,0.9991579479
2023-04-26,V18 LambdaRank Top1 unscaled,115387.4275,119722.8265,97.4274673,1,2720.702776,1614.696248,5382320.826,0,"{""601988.SH"": 31500.0}",-0.002722501221,-0.002722501221,0.9991556492
2023-04-27,V18 LambdaRank Top1 unscaled,115702.4275,120037.8265,97.4274673,1,2720.702776,1614.696248,5382320.826,0,"{""601988.SH"": 31500.0}",0.002729933468,0,0.9991579479
2023-04-28,V18 LambdaRank Top1 unscaled,115702.4275,120037.8265,97.4274673,1,2720.702776,1614.696248,5382320.826,0,"{""601988.SH"": 31500.0}",0,0,0.9991579479
2023-05-04,V18 LambdaRank Top1 unscaled,124207.4275,128542.8265,97.4274673,1,2720.702776,1614.696248,5382320.826,0,"{""601988.SH"": 31500.0}",0.07350753295,0,0.9992156068
2023-05-05,V18 LambdaRank Top1 unscaled,125760.0544,130295.8265,176.0543983,1,2846.882545,1688.889548,5629631.826,0,"{""601939.SH"": 18800.0}",0.01250027444,0,0.998600077
2023-05-08,V18 LambdaRank Top1 unscaled,132340.0544,136875.8265,176.0543983,1,2846.882545,1688.889548,5629631.826,0,"{""601939.SH"": 18800.0}",0.05232186032,0,0.9986696817
2023-05-09,V18 LambdaRank Top1 unscaled,131588.0544,136123.8265,176.0543983,1,2846.882545,1688.889548,5629631.826,0,"{""601939.SH"": 18800.0}",-0.005682331048,-0.005682331048,0.9986620792
2023-05-10,V18 LambdaRank Top1 unscaled,124632.0544,129167.8265,176.0543983,1,2846.882545,1688.889548,5629631.826,0,"{""601939.SH"": 18800.0}",-0.05286194124,-0.05824389324,0.9985874068
2023-05-11,V18 LambdaRank Top1 unscaled,123128.0544,127663.8265,176.0543983,1,2846.882545,1688.889548,5629631.826,0,"{""601939.SH"": 18800.0}",-0.01206752153,-0.06960855534,0.998570152
2023-05-12,V18 LambdaRank Top1 unscaled,122564.0544,127099.8265,176.0543983,1,2846.882545,1688.889548,5629631.826,0,"{""601939.SH"": 18800.0}",-0.004580597028,-0.07387030362,0.9985635723
2023-05-15,V18 LambdaRank Top1 unscaled,124632.0544,129167.8265,176.0543983,1,2846.882545,1688.889548,5629631.826,0,"{""601939.SH"": 18800.0}",0.01687280998,-0.05824389324,0.9985874068
2023-05-16,V18 LambdaRank Top1 unscaled,125196.0544,129731.8265,176.0543983,1,2846.882545,1688.889548,5629631.826,0,"{""601939.SH"": 18800.0}",0.004525320574,-0.05398214496,0.9985937704
2023-05-17,V18 LambdaRank Top1 unscaled,123880.0544,128415.8265,176.0543983,1,2846.882545,1688.889548,5629631.826,0,"{""601939.SH"": 18800.0}",-0.01051151337,-0.06392622429,0.9985788318
2023-05-18,V18 LambdaRank Top1 unscaled,126512.0544,131047.8265,176.0543983,1,2846.882545,1688.889548,5629631.826,0,"{""601939.SH"": 18800.0}",0.02124635812,-0.04403806562,0.9986083982
2023-05-19,V18 LambdaRank Top1 unscaled,125196.0544,129731.8265,176.0543983,1,2846.882545,1688.889548,5629631.826,0,"{""601939.SH"": 18800.0}",-0.01040217081,-0.05398214496,0.9985937704
2023-05-22,V18 LambdaRank Top1 unscaled,125948.0544,130483.8265,176.0543983,1,2846.882545,1688.889548,5629631.826,0,"{""601939.SH"": 18800.0}",0.00600657907,-0.04829981391,0.9986021666
2023-05-23,V18 LambdaRank Top1 unscaled,122376.0544,126911.8265,176.0543983,1,2846.882545,1688.889548,5629631.826,0,"{""601939.SH"": 18800.0}",-0.0283608986,-0.07529088639,0.9985613656
2023-05-24,V18 LambdaRank Top1 unscaled,118616.0544,123151.8265,176.0543983,1,2846.882545,1688.889548,5629631.826,0,"{""601939.SH"": 18800.0}",-0.0307249651,-0.1037025416,0.9985157625
2023-05-25,V18 LambdaRank Top1 unscaled,116924.0544,121459.8265,176.0543983,1,2846.882545,1688.889548,5629631.826,0,"{""601939.SH"": 18800.0}",-0.01426451089,-0.1164877865,0.9984942842
2023-05-26,V18 LambdaRank Top1 unscaled,119556.0544,124091.8265,176.0543983,1,2846.882545,1688.889548,5629631.826,0,"{""601939.SH"": 18800.0}",0.02251033813,-0.09659962782,0.9985274322
2023-05-29,V18 LambdaRank Top1 unscaled,122188.0544,126723.8265,176.0543983,1,2846.882545,1688.889548,5629631.826,0,"{""601939.SH"": 18800.0}",0.02201477803,-0.07671146915,0.9985591521
2023-05-30,V18 LambdaRank Top1 unscaled,121624.0544,126159.8265,176.0543983,1,2846.882545,1688.889548,5629631.826,0,"{""601939.SH"": 18800.0}",-0.004615835834,-0.08097321743,0.9985524706
2023-05-31,V18 LambdaRank Top1 unscaled,120496.0544,125031.8265,176.0543983,1,2846.882545,1688.889548,5629631.826,0,"{""601939.SH"": 18800.0}",-0.009274481151,-0.08949671401,0.9985389198
2023-06-01,V18 LambdaRank Top1 unscaled,120143.1806,124678.9527,176.0543983,1,2846.882545,1688.889548,5629631.826,0,"{""601939.SH"": 18803.6248}",-0.002928509226,-0.09216313128,0.9985346285
2023-06-02,V18 LambdaRank Top1 unscaled,119573.5123,124302.8802,203.5123344,1,2968.78999,1760.577864,5868592.88,0,"{""601288.SH"": 34500.0}",-0.004741577958,-0.09646771057,0.9982980149
2023-06-05,V18 LambdaRank Top1 unscaled,123023.5123,127752.8802,203.5123344,1,2968.78999,1760.577864,5868592.88,0,"{""601288.SH"": 34500.0}",0.02885254378,-0.07039850562,0.9983457444
2023-06-06,V18 LambdaRank Top1 unscaled,123023.5123,127752.8802,203.5123344,1,2968.78999,1760.577864,5868592.88,0,"{""601288.SH"": 34500.0}",0,-0.07039850562,0.9983457444
2023-06-07,V18 LambdaRank Top1 unscaled,125093.5123,129822.8802,203.5123344,1,2968.78999,1760.577864,5868592.88,0,"{""601288.SH"": 34500.0}",0.01682605187,-0.05475698266,0.9983731184
2023-06-08,V18 LambdaRank Top1 unscaled,128198.5123,132927.8802,203.5123344,1,2968.78999,1760.577864,5868592.88,0,"{""601288.SH"": 34500.0}",0.02482143112,-0.03129469821,0.9984125219
2023-06-09,V18 LambdaRank Top1 unscaled,127163.5123,131892.8802,203.5123344,1,2968.78999,1760.577864,5868592.88,0,"{""601288.SH"": 34500.0}",-0.008073416619,-0.0391154597,0.9983996012
2023-06-12,V18 LambdaRank Top1 unscaled,126473.5123,131202.8802,203.5123344,1,2968.78999,1760.577864,5868592.88,0,"{""601288.SH"": 34500.0}",-0.005426084789,-0.04432930068,0.9983908699
2023-06-13,V18 LambdaRank Top1 unscaled,126818.5123,131547.8802,203.5123344,1,2968.78999,1760.577864,5868592.88,0,"{""601288.SH"": 34500.0}",0.002727843907,-0.04172238019,0.9983952474
2023-06-14,V18 LambdaRank Top1 unscaled,123023.5123,127752.8802,203.5123344,1,2968.78999,1760.577864,5868592.88,0,"{""601288.SH"": 34500.0}",-0.02992465319,-0.07039850562,0.9983457444
2023-06-15,V18 LambdaRank Top1 unscaled,124403.5123,129132.8802,203.5123344,1,2968.78999,1760.577864,5868592.88,0,"{""601288.SH"": 34500.0}",0.01121736791,-0.05997082365,0.9983640949
2023-06-16,V18 LambdaRank Top1 unscaled,123713.5123,128442.8802,203.5123344,1,2968.78999,1760.577864,5868592.88,0,"{""601288.SH"": 34500.0}",-0.005546467194,-0.06518466464,0.9983549708
2023-06-19,V18 LambdaRank Top1 unscaled,121643.5123,126372.8802,203.5123344,1,2968.78999,1760.577864,5868592.88,0,"{""601288.SH"": 34500.0}",-0.01673220622,-0.0808261876,0.9983269775
2023-06-20,V18 LambdaRank Top1 unscaled,120953.5123,125682.8802,203.5123344,1,2968.78999,1760.577864,5868592.88,0,"{""601288.SH"": 34500.0}",-0.005672312372,-0.08604002859,0.9983174334
2023-06-21,V18 LambdaRank Top1 unscaled,121988.5123,126717.8802,203.5123344,1,2968.78999,1760.577864,5868592.88,0,"{""601288.SH"": 34500.0}",0.008557006572,-0.07821926711,0.998331709
2023-06-26,V18 LambdaRank Top1 unscaled,119918.5123,124647.8802,203.5123344,1,2968.78999,1760.577864,5868592.88,0,"{""601288.SH"": 34500.0}",-0.01696881092,-0.09386079007,0.9983029114
2023-06-27,V18 LambdaRank Top1 unscaled,121988.5123,126717.8802,203.5123344,1,2968.78999,1760.577864,5868592.88,0,"{""601288.SH"": 34500.0}",0.01726172181,-0.07821926711,0.998331709
2023-06-28,V18 LambdaRank Top1 unscaled,121643.5123,126372.8802,203.5123344,1,2968.78999,1760.577864,5868592.88,0,"{""601288.SH"": 34500.0}",-0.002828135153,-0.0808261876,0.9983269775
2023-06-29,V18 LambdaRank Top1 unscaled,120608.5123,125337.8802,203.5123344,1,2968.78999,1760.577864,5868592.88,0,"{""601288.SH"": 34500.0}",-0.008508468558,-0.08864694908,0.9983126205
2023-06-30,V18 LambdaRank Top1 unscaled,121988.5123,126717.8802,203.5123344,1,2968.78999,1760.577864,5868592.88,0,"{""601288.SH"": 34500.0}",0.01144197846,-0.07821926711,0.998331709
2023-07-03,V18 LambdaRank Top1 unscaled,125093.5123,129822.8802,203.5123344,1,2968.78999,1760.577864,5868592.88,0,"{""601288.SH"": 34500.0}",0.02545321638,-0.05475698266,0.9983731184
2023-07-04,V18 LambdaRank Top1 unscaled,123867.3314,128798.8802,219.3313649,1,3096.102359,1835.446464,6118154.88,0,"{""601398.SH"": 25600.0}",-0.009802114807,-0.06402236324,0.9982293042
2023-07-05,V18 LambdaRank Top1 unscaled,123611.3314,128542.8802,219.3313649,1,3096.102359,1835.446464,6118154.88,0,"{""601398.SH"": 25600.0}",-0.002066727338,-0.06595677381,0.9982256371
2023-07-06,V18 LambdaRank Top1 unscaled,122331.3314,127262.8802,219.3313649,1,3096.102359,1835.446464,6118154.88,0,"{""601398.SH"": 25600.0}",-0.01035503773,-0.07562882665,0.9982070712
2023-07-07,V18 LambdaRank Top1 unscaled,122075.3314,127006.8802,219.3313649,1,3096.102359,1835.446464,6118154.88,0,"{""601398.SH"": 25600.0}",-0.002092677298,-0.07756323722,0.9982033113
2023-07-10,V18 LambdaRank Top1 unscaled,122331.3314,127262.8802,219.3313649,1,3096.102359,1835.446464,6118154.88,0,"{""601398.SH"": 25600.0}",0.00209706578,-0.07562882665,0.9982070712
2023-07-11,V18 LambdaRank Top1 unscaled,123867.3314,128798.8802,219.3313649,1,3096.102359,1835.446464,6118154.88,0,"{""601398.SH"": 25600.0}",0.01255606379,-0.06402236324,0.9982293042
2023-07-12,V18 LambdaRank Top1 unscaled,123355.3314,128286.8802,219.3313649,1,3096.102359,1835.446464,6118154.88,0,"{""601398.SH"": 25600.0}",-0.004133454676,-0.06789118438,0.9982219547
2023-07-13,V18 LambdaRank Top1 unscaled,124891.3314,129822.8802,219.3313649,1,3096.102359,1835.446464,6118154.88,0,"{""601398.SH"": 25600.0}",0.01245183311,-0.05628472096,0.9982438223
2023-07-14,V18 LambdaRank Top1 unscaled,124891.3314,129822.8802,219.3313649,1,3096.102359,1835.446464,6118154.88,0,"{""601398.SH"": 25600.0}",0,-0.05628472096,0.9982438223
2023-07-17,V18 LambdaRank Top1 unscaled,124906.706,129838.2548,219.3313649,1,3096.102359,1835.446464,6118154.88,0,"{""601398.SH"": 27283.8894}",0.0001231041606,-0.05616854568,0.9982440385
2023-07-18,V18 LambdaRank Top1 unscaled,124088.1893,129019.7381,219.3313649,1,3096.102359,1835.446464,6118154.88,0,"{""601398.SH"": 27283.8894}",-0.006553024323,-0.06235349616,0.9982324558
2023-07-19,V18 LambdaRank Top1 unscaled,124633.8671,129565.4159,219.3313649,1,3096.102359,1835.446464,6118154.88,0,"{""601398.SH"": 27283.8894}",0.004397499805,-0.05823019584,0.9982401945
2023-07-20,V18 LambdaRank Top1 unscaled,125179.5449,130111.0937,219.3313649,1,3096.102359,1835.446464,6118154.88,0,"{""601398.SH"": 27283.8894}",0.004378246467,-0.05410689552,0.9982478658
2023-07-21,V18 LambdaRank Top1 unscaled,125179.5449,130111.0937,219.3313649,1,3096.102359,1835.446464,6118154.88,0,"{""601398.SH"": 27283.8894}",0,-0.05410689552,0.9982478658
2023-07-24,V18 LambdaRank Top1 unscaled,124906.706,129838.2548,219.3313649,1,3096.102359,1835.446464,6118154.88,0,"{""601398.SH"": 27283.8894}",-0.002179580493,-0.05616854568,0.9982440385
2023-07-25,V18 LambdaRank Top1 unscaled,126270.9005,131202.4493,219.3313649,1,3096.102359,1835.446464,6118154.88,0,"{""601398.SH"": 27283.8894}",0.0109217072,-0.04586029489,0.9982630094
2023-07-26,V18 LambdaRank Top1 unscaled,126543.7394,131475.2882,219.3313649,1,3096.102359,1835.446464,6118154.88,0,"{""601398.SH"": 27283.8894}",0.002160742445,-0.04379864473,0.9982667545
2023-07-27,V18 LambdaRank Top1 unscaled,128453.6116,133385.1605,219.3313649,1,3096.102359,1835.446464,6118154.88,0,"{""601398.SH"": 27283.8894}",0.01509258592,-0.02936709361,0.9982925247
2023-07-28,V18 LambdaRank Top1 unscaled,130909.1617,135840.7105,219.3313649,1,3096.102359,1835.446464,6118154.88,0,"{""601398.SH"": 27283.8894}",0.01911623984,-0.01081224218,0.998324553
2023-07-31,V18 LambdaRank Top1 unscaled,130363.4839,135295.0327,219.3313649,1,3096.102359,1835.446464,6118154.88,0,"{""601398.SH"": 27283.8894}",-0.004168369741,-0.0149355425,0.9983175399
2023-08-01,V18 LambdaRank Top1 unscaled,130636.3228,135567.8716,219.3313649,1,3096.102359,1835.446464,6118154.88,0,"{""601398.SH"": 27283.8894}",0.002092908889,-0.01287389234,0.9983210537
2023-08-02,V18 LambdaRank Top1 unscaled,127635.0949,132566.6438,219.3313649,1,3096.102359,1835.446464,6118154.88,0,"{""601398.SH"": 27283.8894}",-0.02297391546,-0.03555204409,0.9982815748
2023-08-03,V18 LambdaRank Top1 unscaled,128999.2894,133930.8382,219.3313649,1,3096.102359,1835.446464,6118154.88,0,"{""601398.SH"": 27283.8894}",0.01068823956,-0.0252437933,0.9982997475
2023-08-04,V18 LambdaRank Top1 unscaled,129544.9672,134476.516,219.3313649,1,3096.102359,1835.446464,6118154.88,0,"{""601398.SH"": 27283.8894}",0.004230083676,-0.02112049298,0.9983069094
2023-08-07,V18 LambdaRank Top1 unscaled,128726.4505,133657.9993,219.3313649,1,3096.102359,1835.446464,6118154.88,0,"{""601398.SH"": 27283.8894}",-0.006318398161,-0.02730544346,0.9982961438
2023-08-08,V18 LambdaRank Top1 unscaled,127907.9338,132839.4827,219.3313649,1,3096.102359,1835.446464,6118154.88,0,"{""601398.SH"": 27283.8894}",-0.006358574164,-0.03349039393,0.9982852403
2023-08-09,V18 LambdaRank Top1 unscaled,128726.4505,133657.9993,219.3313649,1,3096.102359,1835.446464,6118154.88,0,"{""601398.SH"": 27283.8894}",0.006399264361,-0.02730544346,0.9982961438
2023-08-10,V18 LambdaRank Top1 unscaled,128180.7727,133112.3216,219.3313649,1,3096.102359,1835.446464,6118154.88,0,"{""601398.SH"": 27283.8894}",-0.004239049443,-0.03142874377,0.9982888903
2023-08-11,V18 LambdaRank Top1 unscaled,125998.0616,130929.6104,219.3313649,1,3096.102359,1835.446464,6118154.88,0,"{""601398.SH"": 27283.8894}",-0.01702838192,-0.04792194505,0.9982592481
2023-08-14,V18 LambdaRank Top1 unscaled,124633.8671,129565.4159,219.3313649,1,3096.102359,1835.446464,6118154.88,0,"{""601398.SH"": 27283.8894}",-0.01082710681,-0.05823019584,0.9982401945
2023-08-15,V18 LambdaRank Top1 unscaled,126816.5783,131748.1271,219.3313649,1,3096.102359,1835.446464,6118154.88,0,"{""601398.SH"": 27283.8894}",0.01751298587,-0.04173699457,0.9982704835
2023-08-16,V18 LambdaRank Top1 unscaled,126816.5783,131748.1271,219.3313649,1,3096.102359,1835.446464,6118154.88,0,"{""601398.SH"": 27283.8894}",0,-0.04173699457,0.9982704835
2023-08-17,V18 LambdaRank Top1 unscaled,125725.2227,130656.7715,219.3313649,1,3096.102359,1835.446464,6118154.88,0,"{""601398.SH"": 27283.8894}",-0.00860578003,-0.0499835952,0.9982554705
2023-08-18,V18 LambdaRank Top1 unscaled,125998.0616,130929.6104,219.3313649,1,3096.102359,1835.446464,6118154.88,0,"{""601398.SH"": 27283.8894}",0.002170120588,-0.04792194505,0.9982592481
2023-08-21,V18 LambdaRank Top1 unscaled,124633.8671,129565.4159,219.3313649,1,3096.102359,1835.446464,6118154.88,0,"{""601398.SH"": 27283.8894}",-0.01082710681,-0.05823019584,0.9982401945
2023-08-22,V18 LambdaRank Top1 unscaled,126270.9005,131202.4493,219.3313649,1,3096.102359,1835.446464,6118154.88,0,"{""601398.SH"": 27283.8894}",0.0131347394,-0.04586029489,0.9982630094
2023-08-23,V18 LambdaRank Top1 unscaled,126816.5783,131748.1271,219.3313649,1,3096.102359,1835.446464,6118154.88,0,"{""601398.SH"": 27283.8894}",0.004321484889,-0.04173699457,0.9982704835
2023-08-24,V18 LambdaRank Top1 unscaled,125452.3838,130383.9326,219.3313649,1,3096.102359,1835.446464,6118154.88,0,"{""601398.SH"": 27283.8894}",-0.01075722504,-0.05204524536,0.9982516764
2023-08-25,V18 LambdaRank Top1 unscaled,127362.2561,132293.8049,219.3313649,1,3096.102359,1835.446464,6118154.88,0,"{""601398.SH"": 27283.8894}",0.01522388177,-0.03761369425,0.9982778935
2023-08-28,V18 LambdaRank Top1 unscaled,129272.1283,134203.6771,219.3313649,1,3096.102359,1835.446464,6118154.88,0,"{""601398.SH"": 27283.8894}",0.01499559068,-0.02318214314,0.998303336
2023-08-29,V18 LambdaRank Top1 unscaled,126543.7394,131475.2882,219.3313649,1,3096.102359,1835.446464,6118154.88,0,"{""601398.SH"": 27283.8894}",-0.02110577877,-0.04379864473,0.9982667545
2023-08-30,V18 LambdaRank Top1 unscaled,125452.3838,130383.9326,219.3313649,1,3096.102359,1835.446464,6118154.88,0,"{""601398.SH"": 27283.8894}",-0.008624334812,-0.05204524536,0.9982516764
2023-08-31,V18 LambdaRank Top1 unscaled,126270.9005,131202.4493,219.3313649,1,3096.102359,1835.446464,6118154.88,0,"{""601398.SH"": 27283.8894}",0.006524520761,-0.04586029489,0.9982630094
2023-09-01,V18 LambdaRank Top1 unscaled,124906.706,129838.2548,219.3313649,1,3096.102359,1835.446464,6118154.88,0,"{""601398.SH"": 27283.8894}",-0.01080371222,-0.05616854568,0.9982440385
2023-09-04,V18 LambdaRank Top1 unscaled,126063.1674,131197.0937,87.16742475,1,3223.524772,1910.401528,6368005.094,0,"{""601288.SH"": 36200.0}",0.009258601514,-0.04742998635,0.9993085417
2023-09-05,V18 LambdaRank Top1 unscaled,124977.1674,130111.0937,87.16742475,1,3223.524772,1910.401528,6368005.094,0,"{""601288.SH"": 36200.0}",-0.008614728808,-0.05563611869,0.9993025332
2023-09-06,V18 LambdaRank Top1 unscaled,125339.1674,130473.0937,87.16742475,1,3223.524772,1910.401528,6368005.094,0,"{""601288.SH"": 36200.0}",0.002896529082,-0.05290074124,0.9993045476
2023-09-07,V18 LambdaRank Top1 unscaled,125339.1674,130473.0937,87.16742475,1,3223.524772,1910.401528,6368005.094,0,"{""601288.SH"": 36200.0}",0,-0.05290074124,0.9993045476
2023-09-08,V18 LambdaRank Top1 unscaled,124977.1674,130111.0937,87.16742475,1,3223.524772,1910.401528,6368005.094,0,"{""601288.SH"": 36200.0}",-0.002888163432,-0.05563611869,0.9993025332
2023-09-11,V18 LambdaRank Top1 unscaled,124615.1674,129749.0937,87.16742475,1,3223.524772,1910.401528,6368005.094,0,"{""601288.SH"": 36200.0}",-0.002896529082,-0.05837149613,0.9993005071
2023-09-12,V18 LambdaRank Top1 unscaled,124615.1674,129749.0937,87.16742475,1,3223.524772,1910.401528,6368005.094,0,"{""601288.SH"": 36200.0}",0,-0.05837149613,0.9993005071
2023-09-13,V18 LambdaRank Top1 unscaled,124977.1674,130111.0937,87.16742475,1,3223.524772,1910.401528,6368005.094,0,"{""601288.SH"": 36200.0}",0.002904943335,-0.05563611869,0.9993025332
2023-09-14,V18 LambdaRank Top1 unscaled,126787.1674,131921.0937,87.16742475,1,3223.524772,1910.401528,6368005.094,0,"{""601288.SH"": 36200.0}",0.01448264541,-0.04195923146,0.9993124902
2023-09-15,V18 LambdaRank Top1 unscaled,125701.1674,130835.0937,87.16742475,1,3223.524772,1910.401528,6368005.094,0,"{""601288.SH"": 36200.0}",-0.00856553563,-0.0501653638,0.9993065504
2023-09-18,V18 LambdaRank Top1 unscaled,125701.1674,130835.0937,87.16742475,1,3223.524772,1910.401528,6368005.094,0,"{""601288.SH"": 36200.0}",0,-0.0501653638,0.9993065504
2023-09-19,V18 LambdaRank Top1 unscaled,127873.1674,133007.0937,87.16742475,1,3223.524772,1910.401528,6368005.094,0,"{""601288.SH"": 36200.0}",0.0172790758,-0.03375309912,0.999318329
2023-09-20,V18 LambdaRank Top1 unscaled,129683.1674,134817.0937,87.16742475,1,3223.524772,1910.401528,6368005.094,0,"{""601288.SH"": 36200.0}",0.01415465055,-0.02007621189,0.9993278432
2023-09-21,V18 LambdaRank Top1 unscaled,128959.1674,134093.0937,87.16742475,1,3223.524772,1910.401528,6368005.094,0,"{""601288.SH"": 36200.0}",-0.005582837113,-0.02554696678,0.9993240696
2023-09-22,V18 LambdaRank Top1 unscaled,130045.1674,135179.0937,87.16742475,1,3223.524772,1910.401528,6368005.094,0,"{""601288.SH"": 36200.0}",0.008421270249,-0.01734083444,0.9993297142
2023-09-25,V18 LambdaRank Top1 unscaled,131131.1674,136265.0937,87.16742475,1,3223.524772,1910.401528,6368005.094,0,"{""601288.SH"": 36200.0}",0.008350944687,-0.009134702106,0.9993352654
2023-09-26,V18 LambdaRank Top1 unscaled,131131.1674,136265.0937,87.16742475,1,3223.524772,1910.401528,6368005.094,0,"{""601288.SH"": 36200.0}",0,-0.009134702106,0.9993352654
2023-09-27,V18 LambdaRank Top1 unscaled,128959.1674,134093.0937,87.16742475,1,3223.524772,1910.401528,6368005.094,0,"{""601288.SH"": 36200.0}",-0.01656356793,-0.02554696678,0.9993240696
2023-09-28,V18 LambdaRank Top1 unscaled,130407.1674,135541.0937,87.16742475,1,3223.524772,1910.401528,6368005.094,0,"{""601288.SH"": 36200.0}",0.01122836033,-0.014605457,0.9993315749
2023-10-09,V18 LambdaRank Top1 unscaled,130407.1674,135541.0937,87.16742475,1,3223.524772,1910.401528,6368005.094,0,"{""601288.SH"": 36200.0}",0,-0.014605457,0.9993315749
2023-10-10,V18 LambdaRank Top1 unscaled,130769.1674,135903.0937,87.16742475,1,3223.524772,1910.401528,6368005.094,0,"{""601288.SH"": 36200.0}",0.002775921041,-0.01187007955,0.9993334253
2023-10-11,V18 LambdaRank Top1 unscaled,132217.1674,137351.0937,87.16742475,1,3223.524772,1910.401528,6368005.094,0,"{""601288.SH"": 36200.0}",0.01107294654,-0.0009285697676,0.9993407254
2023-10-12,V18 LambdaRank Top1 unscaled,132941.1674,138075.0937,87.16742475,1,3223.524772,1910.401528,6368005.094,0,"{""601288.SH"": 36200.0}",0.005475839591,0,0.9993443158
2023-10-13,V18 LambdaRank Top1 unscaled,134751.1674,139885.0937,87.16742475,1,3223.524772,1910.401528,6368005.094,0,"{""601288.SH"": 36200.0}",0.01361504517,0,0.999353123
2023-10-16,V18 LambdaRank Top1 unscaled,134389.1674,139523.0937,87.16742475,1,3223.524772,1910.401528,6368005.094,0,"{""601288.SH"": 36200.0}",-0.002686433126,-0.002686433126,0.9993513806
2023-10-17,V18 LambdaRank Top1 unscaled,134751.1674,139885.0937,87.16742475,1,3223.524772,1910.401528,6368005.094,0,"{""601288.SH"": 36200.0}",0.002693669489,0,0.999353123
2023-10-18,V18 LambdaRank Top1 unscaled,135475.1674,140609.0937,87.16742475,1,3223.524772,1910.401528,6368005.094,0,"{""601288.SH"": 36200.0}",0.005372866253,0,0.9993565801
2023-10-19,V18 LambdaRank Top1 unscaled,132941.1674,138075.0937,87.16742475,1,3223.524772,1910.401528,6368005.094,0,"{""601288.SH"": 36200.0}",-0.01870453492,-0.01870453492,0.9993443158
2023-10-20,V18 LambdaRank Top1 unscaled,132579.1674,137713.0937,87.16742475,1,3223.524772,1910.401528,6368005.094,0,"{""601288.SH"": 36200.0}",-0.002723009035,-0.02137661134,0.9993425255
2023-10-23,V18 LambdaRank Top1 unscaled,132217.1674,137351.0937,87.16742475,1,3223.524772,1910.401528,6368005.094,0,"{""601288.SH"": 36200.0}",-0.002730444059,-0.02404868776,0.9993407254
2023-10-24,V18 LambdaRank Top1 unscaled,130407.1674,135541.0937,87.16742475,1,3223.524772,1910.401528,6368005.094,0,"{""601288.SH"": 36200.0}",-0.01368959898,-0.03740906984,0.9993315749
2023-10-25,V18 LambdaRank Top1 unscaled,128959.1674,134093.0937,87.16742475,1,3223.524772,1910.401528,6368005.094,0,"{""601288.SH"": 36200.0}",-0.01110368417,-0.04809737551,0.9993240696
2023-10-26,V18 LambdaRank Top1 unscaled,131131.1674,136265.0937,87.16742475,1,3223.524772,1910.401528,6368005.094,0,"{""601288.SH"": 36200.0}",0.0168425405,-0.03206491701,0.9993352654
2023-10-27,V18 LambdaRank Top1 unscaled,131493.1674,136627.0937,87.16742475,1,3223.524772,1910.401528,6368005.094,0,"{""601288.SH"": 36200.0}",0.002760594656,-0.02939284059,0.9993370954
2023-10-30,V18 LambdaRank Top1 unscaled,128959.1674,134093.0937,87.16742475,1,3223.524772,1910.401528,6368005.094,0,"{""601288.SH"": 36200.0}",-0.01927096327,-0.04809737551,0.9993240696
2023-10-31,V18 LambdaRank Top1 unscaled,130045.1674,135179.0937,87.16742475,1,3223.524772,1910.401528,6368005.094,0,"{""601288.SH"": 36200.0}",0.008421270249,-0.04008114626,0.9993297142
2023-11-01,V18 LambdaRank Top1 unscaled,131131.1674,136265.0937,87.16742475,1,3223.524772,1910.401528,6368005.094,0,"{""601288.SH"": 36200.0}",0.008350944687,-0.03206491701,0.9993352654
2023-11-02,V18 LambdaRank Top1 unscaled,132579.1674,137713.0937,87.16742475,1,3223.524772,1910.401528,6368005.094,0,"{""601288.SH"": 36200.0}",0.01104237862,-0.02137661134,0.9993425255
2023-11-03,V18 LambdaRank Top1 unscaled,131131.1674,136265.0937,87.16742475,1,3223.524772,1910.401528,6368005.094,0,"{""601288.SH"": 36200.0}",-0.01092177623,-0.03206491701,0.9993352654
2023-11-06,V18 LambdaRank Top1 unscaled,129683.1674,134817.0937,87.16742475,1,3223.524772,1910.401528,6368005.094,0,"{""601288.SH"": 36200.0}",-0.01104237862,-0.04275322268,0.9993278432
2023-11-07,V18 LambdaRank Top1 unscaled,130769.1674,135903.0937,87.16742475,1,3223.524772,1910.401528,6368005.094,0,"{""601288.SH"": 36200.0}",0.008374255669,-0.03473699342,0.9993334253
2023-11-08,V18 LambdaRank Top1 unscaled,130407.1674,135541.0937,87.16742475,1,3223.524772,1910.401528,6368005.094,0,"{""601288.SH"": 36200.0}",-0.002768236635,-0.03740906984,0.9993315749
2023-11-09,V18 LambdaRank Top1 unscaled,131493.1674,136627.0937,87.16742475,1,3223.524772,1910.401528,6368005.094,0,"{""601288.SH"": 36200.0}",0.008327763124,-0.02939284059,0.9993370954
2023-11-10,V18 LambdaRank Top1 unscaled,131493.1674,136627.0937,87.16742475,1,3223.524772,1910.401528,6368005.094,0,"{""601288.SH"": 36200.0}",0,-0.02939284059,0.9993370954
2023-11-13,V18 LambdaRank Top1 unscaled,131131.1674,136265.0937,87.16742475,1,3223.524772,1910.401528,6368005.094,0,"{""601288.SH"": 36200.0}",-0.002752994753,-0.03206491701,0.9993352654
2023-11-14,V18 LambdaRank Top1 unscaled,131493.1674,136627.0937,87.16742475,1,3223.524772,1910.401528,6368005.094,0,"{""601288.SH"": 36200.0}",0.002760594656,-0.02939284059,0.9993370954
2023-11-15,V18 LambdaRank Top1 unscaled,131131.1674,136265.0937,87.16742475,1,3223.524772,1910.401528,6368005.094,0,"{""601288.SH"": 36200.0}",-0.002752994753,-0.03206491701,0.9993352654
2023-11-16,V18 LambdaRank Top1 unscaled,132217.1674,137351.0937,87.16742475,1,3223.524772,1910.401528,6368005.094,0,"{""601288.SH"": 36200.0}",0.008281783967,-0.02404868776,0.9993407254
2023-11-17,V18 LambdaRank Top1 unscaled,131493.1674,136627.0937,87.16742475,1,3223.524772,1910.401528,6368005.094,0,"{""601288.SH"": 36200.0}",-0.005475839591,-0.02939284059,0.9993370954
2023-11-20,V18 LambdaRank Top1 unscaled,132217.1674,137351.0937,87.16742475,1,3223.524772,1910.401528,6368005.094,0,"{""601288.SH"": 36200.0}",0.005505989506,-0.02404868776,0.9993407254
2023-11-21,V18 LambdaRank Top1 unscaled,132941.1674,138075.0937,87.16742475,1,3223.524772,1910.401528,6368005.094,0,"{""601288.SH"": 36200.0}",0.005475839591,-0.01870453492,0.9993443158
2023-11-22,V18 LambdaRank Top1 unscaled,132579.1674,137713.0937,87.16742475,1,3223.524772,1910.401528,6368005.094,0,"{""601288.SH"": 36200.0}",-0.002723009035,-0.02137661134,0.9993425255
2023-11-23,V18 LambdaRank Top1 unscaled,132579.1674,137713.0937,87.16742475,1,3223.524772,1910.401528,6368005.094,0,"{""601288.SH"": 36200.0}",0,-0.02137661134,0.9993425255
2023-11-24,V18 LambdaRank Top1 unscaled,132579.1674,137713.0937,87.16742475,1,3223.524772,1910.401528,6368005.094,0,"{""601288.SH"": 36200.0}",0,-0.02137661134,0.9993425255
2023-11-27,V18 LambdaRank Top1 unscaled,131493.1674,136627.0937,87.16742475,1,3223.524772,1910.401528,6368005.094,0,"{""601288.SH"": 36200.0}",-0.008191332176,-0.02939284059,0.9993370954
2023-11-28,V18 LambdaRank Top1 unscaled,131855.1674,136989.0937,87.16742475,1,3223.524772,1910.401528,6368005.094,0,"{""601288.SH"": 36200.0}",0.002752994753,-0.02672076417,0.9993389154
2023-11-29,V18 LambdaRank Top1 unscaled,131493.1674,136627.0937,87.16742475,1,3223.524772,1910.401528,6368005.094,0,"{""601288.SH"": 36200.0}",-0.002745436581,-0.02939284059,0.9993370954
2023-11-30,V18 LambdaRank Top1 unscaled,132579.1674,137713.0937,87.16742475,1,3223.524772,1910.401528,6368005.094,0,"{""601288.SH"": 36200.0}",0.00825898426,-0.02137661134,0.9993425255
2023-12-01,V18 LambdaRank Top1 unscaled,132217.1674,137351.0937,87.16742475,1,3223.524772,1910.401528,6368005.094,0,"{""601288.SH"": 36200.0}",-0.002730444059,-0.02404868776,0.9993407254
2023-12-04,V18 LambdaRank Top1 unscaled,131855.1674,136989.0937,87.16742475,1,3223.524772,1910.401528,6368005.094,0,"{""601288.SH"": 36200.0}",-0.002737919796,-0.02672076417,0.9993389154
2023-12-05,V18 LambdaRank Top1 unscaled,130769.1674,135903.0937,87.16742475,1,3223.524772,1910.401528,6368005.094,0,"{""601288.SH"": 36200.0}",-0.008236309742,-0.03473699342,0.9993334253
2023-12-06,V18 LambdaRank Top1 unscaled,127873.1674,133007.0937,87.16742475,1,3223.524772,1910.401528,6368005.094,0,"{""601288.SH"": 36200.0}",-0.02214589308,-0.05611360476,0.999318329
2023-12-07,V18 LambdaRank Top1 unscaled,128959.1674,134093.0937,87.16742475,1,3223.524772,1910.401528,6368005.094,0,"{""601288.SH"": 36200.0}",0.008492790332,-0.04809737551,0.9993240696
2023-12-08,V18 LambdaRank Top1 unscaled,129321.1674,134455.0937,87.16742475,1,3223.524772,1910.401528,6368005.094,0,"{""601288.SH"": 36200.0}",0.002807090083,-0.04542529909,0.9993259617
2023-12-11,V18 LambdaRank Top1 unscaled,128597.1674,133731.0937,87.16742475,1,3223.524772,1910.401528,6368005.094,0,"{""601288.SH"": 36200.0}",-0.005598464771,-0.05076945193,0.9993221668
2023-12-12,V18 LambdaRank Top1 unscaled,131131.1674,136265.0937,87.16742475,1,3223.524772,1910.401528,6368005.094,0,"{""601288.SH"": 36200.0}",0.01970494413,-0.03206491701,0.9993352654
2023-12-13,V18 LambdaRank Top1 unscaled,131131.1674,136265.0937,87.16742475,1,3223.524772,1910.401528,6368005.094,0,"{""601288.SH"": 36200.0}",0,-0.03206491701,0.9993352654
2023-12-14,V18 LambdaRank Top1 unscaled,131131.1674,136265.0937,87.16742475,1,3223.524772,1910.401528,6368005.094,0,"{""601288.SH"": 36200.0}",0,-0.03206491701,0.9993352654
2023-12-15,V18 LambdaRank Top1 unscaled,129683.1674,134817.0937,87.16742475,1,3223.524772,1910.401528,6368005.094,0,"{""601288.SH"": 36200.0}",-0.01104237862,-0.04275322268,0.9993278432
2023-12-18,V18 LambdaRank Top1 unscaled,131131.1674,136265.0937,87.16742475,1,3223.524772,1910.401528,6368005.094,0,"{""601288.SH"": 36200.0}",0.01116567423,-0.03206491701,0.9993352654
2023-12-19,V18 LambdaRank Top1 unscaled,131855.1674,136989.0937,87.16742475,1,3223.524772,1910.401528,6368005.094,0,"{""601288.SH"": 36200.0}",0.005521189312,-0.02672076417,0.9993389154
2023-12-20,V18 LambdaRank Top1 unscaled,131493.1674,136627.0937,87.16742475,1,3223.524772,1910.401528,6368005.094,0,"{""601288.SH"": 36200.0}",-0.002745436581,-0.02939284059,0.9993370954
2023-12-21,V18 LambdaRank Top1 unscaled,130769.1674,135903.0937,87.16742475,1,3223.524772,1910.401528,6368005.094,0,"{""601288.SH"": 36200.0}",-0.005505989506,-0.03473699342,0.9993334253
2023-12-22,V18 LambdaRank Top1 unscaled,131493.1674,136627.0937,87.16742475,1,3223.524772,1910.401528,6368005.094,0,"{""601288.SH"": 36200.0}",0.00553647327,-0.02939284059,0.9993370954
2023-12-25,V18 LambdaRank Top1 unscaled,132579.1674,137713.0937,87.16742475,1,3223.524772,1910.401528,6368005.094,0,"{""601288.SH"": 36200.0}",0.00825898426,-0.02137661134,0.9993425255
2023-12-26,V18 LambdaRank Top1 unscaled,132941.1674,138075.0937,87.16742475,1,3223.524772,1910.401528,6368005.094,0,"{""601288.SH"": 36200.0}",0.002730444059,-0.01870453492,0.9993443158
2023-12-27,V18 LambdaRank Top1 unscaled,133665.1674,138799.0937,87.16742475,1,3223.524772,1910.401528,6368005.094,0,"{""601288.SH"": 36200.0}",0.00544601807,-0.01336038209,0.9993478673
2023-12-28,V18 LambdaRank Top1 unscaled,131493.1674,136627.0937,87.16742475,1,3223.524772,1910.401528,6368005.094,0,"{""601288.SH"": 36200.0}",-0.01624955882,-0.02939284059,0.9993370954
2023-12-29,V18 LambdaRank Top1 unscaled,131855.1674,136989.0937,87.16742475,1,3223.524772,1910.401528,6368005.094,0,"{""601288.SH"": 36200.0}",0.002752994753,-0.02672076417,0.9993389154
2024-01-02,V18 LambdaRank Top1 unscaled,132579.1674,137713.0937,87.16742475,1,3223.524772,1910.401528,6368005.094,0,"{""601288.SH"": 36200.0}",0.005490873161,-0.02137661134,0.9993425255
2024-01-03,V18 LambdaRank Top1 unscaled,134751.1674,139885.0937,87.16742475,1,3223.524772,1910.401528,6368005.094,0,"{""601288.SH"": 36200.0}",0.01638266435,-0.005344152835,0.999353123
2024-01-04,V18 LambdaRank Top1 unscaled,136561.1674,141695.0937,87.16742475,1,3223.524772,1910.401528,6368005.094,0,"{""601288.SH"": 36200.0}",0.01343216563,0,0.9993616968
2024-01-05,V18 LambdaRank Top1 unscaled,135113.1674,140247.0937,87.16742475,1,3223.524772,1910.401528,6368005.094,0,"{""601288.SH"": 36200.0}",-0.01060330713,-0.01060330713,0.9993548562
2024-01-08,V18 LambdaRank Top1 unscaled,134751.1674,139885.0937,87.16742475,1,3223.524772,1910.401528,6368005.094,0,"{""601288.SH"": 36200.0}",-0.002679235539,-0.01325413391,0.999353123
2024-01-09,V18 LambdaRank Top1 unscaled,134751.1674,139885.0937,87.16742475,1,3223.524772,1910.401528,6368005.094,0,"{""601288.SH"": 36200.0}",0,-0.01325413391,0.999353123
2024-01-10,V18 LambdaRank Top1 unscaled,134389.1674,139523.0937,87.16742475,1,3223.524772,1910.401528,6368005.094,0,"{""601288.SH"": 36200.0}",-0.002686433126,-0.01590496069,0.9993513806
2024-01-11,V18 LambdaRank Top1 unscaled,132217.1674,137351.0937,87.16742475,1,3223.524772,1910.401528,6368005.094,0,"{""601288.SH"": 36200.0}",-0.01616201694,-0.03180992138,0.9993407254
2024-01-12,V18 LambdaRank Top1 unscaled,134027.1674,139161.0937,87.16742475,1,3223.524772,1910.401528,6368005.094,0,"{""601288.SH"": 36200.0}",0.01368959898,-0.01855578747,0.9993496287
2024-01-15,V18 LambdaRank Top1 unscaled,134389.1674,139523.0937,87.16742475,1,3223.524772,1910.401528,6368005.094,0,"{""601288.SH"": 36200.0}",0.002700944942,-0.01590496069,0.9993513806
2024-01-16,V18 LambdaRank Top1 unscaled,135475.1674,140609.0937,87.16742475,1,3223.524772,1910.401528,6368005.094,0,"{""601288.SH"": 36200.0}",0.008081008468,-0.007952480346,0.9993565801
2024-01-17,V18 LambdaRank Top1 unscaled,134027.1674,139161.0937,87.16742475,1,3223.524772,1910.401528,6368005.094,0,"{""601288.SH"": 36200.0}",-0.01068830567,-0.01855578747,0.9993496287
2024-01-18,V18 LambdaRank Top1 unscaled,133665.1674,138799.0937,87.16742475,1,3223.524772,1910.401528,6368005.094,0,"{""601288.SH"": 36200.0}",-0.002700944942,-0.02120661426,0.9993478673
2024-01-19,V18 LambdaRank Top1 unscaled,133303.1674,138437.0937,87.16742475,1,3223.524772,1910.401528,6368005.094,0,"{""601288.SH"": 36200.0}",-0.002708259803,-0.02385744104,0.9993460964
2024-01-22,V18 LambdaRank Top1 unscaled,133303.1674,138437.0937,87.16742475,1,3223.524772,1910.401528,6368005.094,0,"{""601288.SH"": 36200.0}",0,-0.02385744104,0.9993460964
2024-01-23,V18 LambdaRank Top1 unscaled,133303.1674,138437.0937,87.16742475,1,3223.524772,1910.401528,6368005.094,0,"{""601288.SH"": 36200.0}",0,-0.02385744104,0.9993460964
2024-01-24,V18 LambdaRank Top1 unscaled,135837.1674,140971.0937,87.16742475,1,3223.524772,1910.401528,6368005.094,0,"{""601288.SH"": 36200.0}",0.01900930075,-0.005301653564,0.9993582947
2024-01-25,V18 LambdaRank Top1 unscaled,137647.1674,142781.0937,87.16742475,1,3223.524772,1910.401528,6368005.094,0,"{""601288.SH"": 36200.0}",0.01332477726,0,0.9993667329
2024-01-26,V18 LambdaRank Top1 unscaled,139819.1674,144953.0937,87.16742475,1,3223.524772,1910.401528,6368005.094,0,"{""601288.SH"": 36200.0}",0.01577947473,0,0.9993765703
2024-01-29,V18 LambdaRank Top1 unscaled,141629.1674,146763.0937,87.16742475,1,3223.524772,1910.401528,6368005.094,0,"{""601288.SH"": 36200.0}",0.01294529236,0,0.9993845376
2024-01-30,V18 LambdaRank Top1 unscaled,140543.1674,145677.0937,87.16742475,1,3223.524772,1910.401528,6368005.094,0,"{""601288.SH"": 36200.0}",-0.007667912053,-0.007667912053,0.9993797818
2024-01-31,V18 LambdaRank Top1 unscaled,140905.1674,146039.0937,87.16742475,1,3223.524772,1910.401528,6368005.094,0,"{""601288.SH"": 36200.0}",0.002575721087,-0.005111941369,0.9993813752
2024-02-01,V18 LambdaRank Top1 unscaled,140905.1674,146039.0937,87.16742475,1,3223.524772,1910.401528,6368005.094,0,"{""601288.SH"": 36200.0}",0,-0.005111941369,0.9993813752
2024-02-02,V18 LambdaRank Top1 unscaled,142112.2835,147474.0937,252.2834981,1,3367.035799,1994.774428,6649248.094,0,"{""601939.SH"": 20500.0}",0.008566868735,0,0.9982247594
2024-02-05,V18 LambdaRank Top1 unscaled,144367.2835,149729.0937,252.2834981,1,3367.035799,1994.774428,6649248.094,0,"{""601939.SH"": 20500.0}",0.01586773461,0,0.9982524884
2024-02-06,V18 LambdaRank Top1 unscaled,144777.2835,150139.0937,252.2834981,1,3367.035799,1994.774428,6649248.094,0,"{""601939.SH"": 20500.0}",0.00283997863,0,0.9982574373
2024-02-07,V18 LambdaRank Top1 unscaled,141292.2835,146654.0937,252.2834981,1,3367.035799,1994.774428,6649248.094,0,"{""601939.SH"": 20500.0}",-0.02407145593,-0.02407145593,0.9982144566
2024-02-08,V18 LambdaRank Top1 unscaled,139652.2835,145014.0937,252.2834981,1,3367.035799,1994.774428,6649248.094,0,"{""601939.SH"": 20500.0}",-0.01160714484,-0.0353991999,0.9981934882
2024-02-19,V18 LambdaRank Top1 unscaled,144572.2835,149934.0937,252.2834981,1,3367.035799,1994.774428,6649248.094,0,"{""601939.SH"": 20500.0}",0.03523035841,-0.001415967996,0.9982549664
2024-02-20,V18 LambdaRank Top1 unscaled,146007.2835,151369.0937,252.2834981,1,3367.035799,1994.774428,6649248.094,0,"{""601939.SH"": 20500.0}",0.009925830631,0,0.998272117
2024-02-21,V18 LambdaRank Top1 unscaled,147032.2835,152394.0937,252.2834981,1,3367.035799,1994.774428,6649248.094,0,"{""601939.SH"": 20500.0}",0.007020197729,0,0.9982841626
2024-02-22,V18 LambdaRank Top1 unscaled,146827.2835,152189.0937,252.2834981,1,3367.035799,1994.774428,6649248.094,0,"{""601939.SH"": 20500.0}",-0.001394251624,-0.001394251624,0.9982817669
2024-02-23,V18 LambdaRank Top1 unscaled,147647.2835,153009.0937,252.2834981,1,3367.035799,1994.774428,6649248.094,0,"{""601939.SH"": 20500.0}",0.005584793102,0,0.9982913096
2024-02-26,V18 LambdaRank Top1 unscaled,142932.2835,148294.0937,252.2834981,1,3367.035799,1994.774428,6649248.094,0,"{""601939.SH"": 20500.0}",-0.03193421435,-0.03193421435,0.9982349439
2024-02-27,V18 LambdaRank Top1 unscaled,143547.2835,148909.0937,252.2834981,1,3367.035799,1994.774428,6649248.094,0,"{""601939.SH"": 20500.0}",0.004302736827,-0.02776888205,0.9982425059
2024-02-28,V18 LambdaRank Top1 unscaled,142727.2835,148089.0937,252.2834981,1,3367.035799,1994.774428,6649248.094,0,"{""601939.SH"": 20500.0}",-0.005712403467,-0.03332265846,0.9982324087
2024-02-29,V18 LambdaRank Top1 unscaled,143752.2835,149114.0937,252.2834981,1,3367.035799,1994.774428,6649248.094,0,"{""601939.SH"": 20500.0}",0.00718152812,-0.02638043794,0.9982450122
2024-03-01,V18 LambdaRank Top1 unscaled,144367.2835,149729.0937,252.2834981,1,3367.035799,1994.774428,6649248.094,0,"{""601939.SH"": 20500.0}",0.00427819291,-0.02221510564,0.9982524884
2024-03-04,V18 LambdaRank Top1 unscaled,143752.2835,149114.0937,252.2834981,1,3367.035799,1994.774428,6649248.094,0,"{""601939.SH"": 20500.0}",-0.004259967945,-0.02638043794,0.9982450122
2024-03-05,V18 LambdaRank Top1 unscaled,146622.2835,151984.0937,252.2834981,1,3367.035799,1994.774428,6649248.094,0,"{""601939.SH"": 20500.0}",0.01996490024,-0.006942220512,0.9982793646
2024-03-06,V18 LambdaRank Top1 unscaled,144982.2835,150344.0937,252.2834981,1,3367.035799,1994.774428,6649248.094,0,"{""601939.SH"": 20500.0}",-0.01118520296,-0.01804977333,0.9982599012
2024-03-07,V18 LambdaRank Top1 unscaled,145802.2835,151164.0937,252.2834981,1,3367.035799,1994.774428,6649248.094,0,"{""601939.SH"": 20500.0}",0.005655863463,-0.01249599692,0.9982696876
2024-03-08,V18 LambdaRank Top1 unscaled,146007.2835,151369.0937,252.2834981,1,3367.035799,1994.774428,6649248.094,0,"{""601939.SH"": 20500.0}",0.001406013645,-0.01110755282,0.998272117
2024-03-11,V18 LambdaRank Top1 unscaled,145187.2835,150549.0937,252.2834981,1,3367.035799,1994.774428,6649248.094,0,"{""601939.SH"": 20500.0}",-0.005616158183,-0.01666132923,0.9982623582
2024-03-12,V18 LambdaRank Top1 unscaled,141087.2835,146449.0937,252.2834981,1,3367.035799,1994.774428,6649248.094,0,"{""601939.SH"": 20500.0}",-0.02823938778,-0.04443021127,0.9982118622
2024-03-13,V18 LambdaRank Top1 unscaled,140882.2835,146244.0937,252.2834981,1,3367.035799,1994.774428,6649248.094,0,"{""601939.SH"": 20500.0}",-0.001453001255,-0.04581865538,0.9982092603
2024-03-14,V18 LambdaRank Top1 unscaled,140882.2835,146244.0937,252.2834981,1,3367.035799,1994.774428,6649248.094,0,"{""601939.SH"": 20500.0}",0,-0.04581865538,0.9982092603
2024-03-15,V18 LambdaRank Top1 unscaled,140267.2835,145629.0937,252.2834981,1,3367.035799,1994.774428,6649248.094,0,"{""601939.SH"": 20500.0}",-0.004365346619,-0.04998398768,0.9982014088
2024-03-18,V18 LambdaRank Top1 unscaled,139242.2835,144604.0937,252.2834981,1,3367.035799,1994.774428,6649248.094,0,"{""601939.SH"": 20500.0}",-0.007307477371,-0.0569262082,0.9981881689
2024-03-19,V18 LambdaRank Top1 unscaled,138012.2835,143374.0937,252.2834981,1,3367.035799,1994.774428,6649248.094,0,"{""601939.SH"": 20500.0}",-0.008833523619,-0.06525687281,0.9981720214
2024-03-20,V18 LambdaRank Top1 unscaled,138422.2835,143784.0937,252.2834981,1,3367.035799,1994.774428,6649248.094,0,"{""601939.SH"": 20500.0}",0.002970750064,-0.06247998461,0.9981774358
2024-03-21,V18 LambdaRank Top1 unscaled,138832.2835,144194.0937,252.2834981,1,3367.035799,1994.774428,6649248.094,0,"{""601939.SH"": 20500.0}",0.002961950848,-0.0597030964,0.9981828182
2024-03-22,V18 LambdaRank Top1 unscaled,140882.2835,146244.0937,252.2834981,1,3367.035799,1994.774428,6649248.094,0,"{""601939.SH"": 20500.0}",0.01476601802,-0.04581865538,0.9982092603
2024-03-25,V18 LambdaRank Top1 unscaled,140677.2835,146039.0937,252.2834981,1,3367.035799,1994.774428,6649248.094,0,"{""601939.SH"": 20500.0}",-0.00145511554,-0.04720709948,0.9982066508
2024-03-26,V18 LambdaRank Top1 unscaled,142522.2835,147884.0937,252.2834981,1,3367.035799,1994.774428,6649248.094,0,"{""601939.SH"": 20500.0}",0.01311512388,-0.03471110256,0.9982298663
2024-03-27,V18 LambdaRank Top1 unscaled,142727.2835,148089.0937,252.2834981,1,3367.035799,1994.774428,6649248.094,0,"{""601939.SH"": 20500.0}",0.001438371565,-0.03332265846,0.9982324087
2024-03-28,V18 LambdaRank Top1 unscaled,140267.2835,145629.0937,252.2834981,1,3367.035799,1994.774428,6649248.094,0,"{""601939.SH"": 20500.0}",-0.01723566749,-0.04998398768,0.9982014088
2024-03-29,V18 LambdaRank Top1 unscaled,141087.2835,146449.0937,252.2834981,1,3367.035799,1994.774428,6649248.094,0,"{""601939.SH"": 20500.0}",0.005845981896,-0.04443021127,0.9982118622
2024-04-01,V18 LambdaRank Top1 unscaled,141907.2835,147269.0937,252.2834981,1,3367.035799,1994.774428,6649248.094,0,"{""601939.SH"": 20500.0}",0.00581200502,-0.03887643487,0.9982221949
2024-04-02,V18 LambdaRank Top1 unscaled,143014.0326,148605.0937,396.0325555,1,3511.405641,2079.655528,6932185.094,0,"{""601288.SH"": 33400.0}",0.007799099737,-0.03138053632,0.9972308133
2024-04-03,V18 LambdaRank Top1 unscaled,143682.0326,149273.0937,396.0325555,1,3511.405641,2079.655528,6932185.094,0,"{""601288.SH"": 33400.0}",0.00467087032,-0.02685624042,0.9972436877
2024-04-08,V18 LambdaRank Top1 unscaled,145352.0326,150943.0937,396.0325555,1,3511.405641,2079.655528,6932185.094,0,"{""601288.SH"": 33400.0}",0.0116228868,-0.01554550066,0.9972753559
2024-04-09,V18 LambdaRank Top1 unscaled,143348.0326,148939.0937,396.0325555,1,3511.405641,2079.655528,6932185.094,0,"{""601288.SH"": 33400.0}",-0.0137872169,-0.02911838837,0.9972372655
2024-04-10,V18 LambdaRank Top1 unscaled,143682.0326,149273.0937,396.0325555,1,3511.405641,2079.655528,6932185.094,0,"{""601288.SH"": 33400.0}",0.002329993611,-0.02685624042,0.9972436877
2024-04-11,V18 LambdaRank Top1 unscaled,143014.0326,148605.0937,396.0325555,1,3511.405641,2079.655528,6932185.094,0,"{""601288.SH"": 33400.0}",-0.004649154721,-0.03138053632,0.9972308133
2024-04-12,V18 LambdaRank Top1 unscaled,143348.0326,148939.0937,396.0325555,1,3511.405641,2079.655528,6932185.094,0,"{""601288.SH"": 33400.0}",0.00233543516,-0.02911838837,0.9972372655
2024-04-15,V18 LambdaRank Top1 unscaled,146354.0326,151945.0937,396.0325555,1,3511.405641,2079.655528,6932185.094,0,"{""601288.SH"": 33400.0}",0.0209699425,-0.008759056801,0.99729401
2024-04-16,V18 LambdaRank Top1 unscaled,148358.0326,153949.0937,396.0325555,1,3511.405641,2079.655528,6932185.094,0,"{""601288.SH"": 33400.0}",0.01369282394,0,0.9973305621
2024-04-17,V18 LambdaRank Top1 unscaled,149360.0326,154951.0937,396.0325555,1,3511.405641,2079.655528,6932185.094,0,"{""601288.SH"": 33400.0}",0.006753931572,0,0.9973484703
2024-04-18,V18 LambdaRank Top1 unscaled,150362.0326,155953.0937,396.0325555,1,3511.405641,2079.655528,6932185.094,0,"{""601288.SH"": 33400.0}",0.006708621998,0,0.9973661399
2024-04-19,V18 LambdaRank Top1 unscaled,152032.0326,157623.0937,396.0325555,1,3511.405641,2079.655528,6932185.094,0,"{""601288.SH"": 33400.0}",0.01110652717,0,0.9973950716
2024-04-22,V18 LambdaRank Top1 unscaled,150696.0326,156287.0937,396.0325555,1,3511.405641,2079.655528,6932185.094,0,"{""601288.SH"": 33400.0}",-0.008787621776,-0.008787621776,0.9973719776
2024-04-23,V18 LambdaRank Top1 unscaled,150696.0326,156287.0937,396.0325555,1,3511.405641,2079.655528,6932185.094,0,"{""601288.SH"": 33400.0}",0,-0.008787621776,0.9973719776
2024-04-24,V18 LambdaRank Top1 unscaled,150362.0326,155953.0937,396.0325555,1,3511.405641,2079.655528,6932185.094,0,"{""601288.SH"": 33400.0}",-0.002216382172,-0.01098452722,0.9973661399
2024-04-25,V18 LambdaRank Top1 unscaled,152366.0326,157957.0937,396.0325555,1,3511.405641,2079.655528,6932185.094,0,"{""601288.SH"": 33400.0}",0.0133278326,0,0.9974007819
2024-04-26,V18 LambdaRank Top1 unscaled,149026.0326,154617.0937,396.0325555,1,3511.405641,2079.655528,6932185.094,0,"{""601288.SH"": 33400.0}",-0.0219208963,-0.0219208963,0.9973425277
2024-04-29,V18 LambdaRank Top1 unscaled,147690.0326,153281.0937,396.0325555,1,3511.405641,2079.655528,6932185.094,0,"{""601288.SH"": 33400.0}",-0.008964876653,-0.03068925483,0.9973184883
2024-04-30,V18 LambdaRank Top1 unscaled,147356.0326,152947.0937,396.0325555,1,3511.405641,2079.655528,6932185.094,0,"{""601288.SH"": 33400.0}",-0.002261493171,-0.03288134446,0.9973124103
2024-05-06,V18 LambdaRank Top1 unscaled,145686.0326,151277.0937,396.0325555,1,3511.405641,2079.655528,6932185.094,0,"{""601288.SH"": 33400.0}",-0.01133309557,-0.04384179261,0.9972816024
2024-05-07,V18 LambdaRank Top1 unscaled,146688.0326,152279.0937,396.0325555,1,3511.405641,2079.655528,6932185.094,0,"{""601288.SH"": 33400.0}",0.006877804155,-0.03726552372,0.9973001713
2024-05-08,V18 LambdaRank Top1 unscaled,148358.0326,153949.0937,396.0325555,1,3511.405641,2079.655528,6932185.094,0,"{""601288.SH"": 33400.0}",0.01138470515,-0.02630507557,0.9973305621
2024-05-09,V18 LambdaRank Top1 unscaled,146688.0326,152279.0937,396.0325555,1,3511.405641,2079.655528,6932185.094,0,"{""601288.SH"": 33400.0}",-0.01125655262,-0.03726552372,0.9973001713
2024-05-10,V18 LambdaRank Top1 unscaled,146354.0326,151945.0937,396.0325555,1,3511.405641,2079.655528,6932185.094,0,"{""601288.SH"": 33400.0}",-0.00227694103,-0.03945761335,0.99729401
2024-05-13,V18 LambdaRank Top1 unscaled,146688.0326,152279.0937,396.0325555,1,3511.405641,2079.655528,6932185.094,0,"{""601288.SH"": 33400.0}",0.002282137323,-0.03726552372,0.9973001713
2024-05-14,V18 LambdaRank Top1 unscaled,145352.0326,150943.0937,396.0325555,1,3511.405641,2079.655528,6932185.094,0,"{""601288.SH"": 33400.0}",-0.009107764122,-0.04603388224,0.9972753559
2024-05-15,V18 LambdaRank Top1 unscaled,145352.0326,150943.0937,396.0325555,1,3511.405641,2079.655528,6932185.094,0,"{""601288.SH"": 33400.0}",0,-0.04603388224,0.9972753559
2024-05-16,V18 LambdaRank Top1 unscaled,145686.0326,151277.0937,396.0325555,1,3511.405641,2079.655528,6932185.094,0,"{""601288.SH"": 33400.0}",0.002297869484,-0.04384179261,0.9972816024
2024-05-17,V18 LambdaRank Top1 unscaled,146688.0326,152279.0937,396.0325555,1,3511.405641,2079.655528,6932185.094,0,"{""601288.SH"": 33400.0}",0.006877804155,-0.03726552372,0.9973001713
2024-05-20,V18 LambdaRank Top1 unscaled,146354.0326,151945.0937,396.0325555,1,3511.405641,2079.655528,6932185.094,0,"{""601288.SH"": 33400.0}",-0.00227694103,-0.03945761335,0.99729401
2024-05-21,V18 LambdaRank Top1 unscaled,147690.0326,153281.0937,396.0325555,1,3511.405641,2079.655528,6932185.094,0,"{""601288.SH"": 33400.0}",0.00912854929,-0.03068925483,0.9973184883
2024-05-22,V18 LambdaRank Top1 unscaled,148024.0326,153615.0937,396.0325555,1,3511.405641,2079.655528,6932185.094,0,"{""601288.SH"": 33400.0}",0.002261493171,-0.0284971652,0.9973245388
2024-05-23,V18 LambdaRank Top1 unscaled,147356.0326,152947.0937,396.0325555,1,3511.405641,2079.655528,6932185.094,0,"{""601288.SH"": 33400.0}",-0.004512780719,-0.03288134446,0.9973124103
2024-05-24,V18 LambdaRank Top1 unscaled,147022.0326,152613.0937,396.0325555,1,3511.405641,2079.655528,6932185.094,0,"{""601288.SH"": 33400.0}",-0.002266619114,-0.03507343409,0.9973063047
2024-05-27,V18 LambdaRank Top1 unscaled,149026.0326,154617.0937,396.0325555,1,3511.405641,2079.655528,6932185.094,0,"{""601288.SH"": 33400.0}",0.01363061009,-0.0219208963,0.9973425277
2024-05-28,V18 LambdaRank Top1 unscaled,149360.0326,154951.0937,396.0325555,1,3511.405641,2079.655528,6932185.094,0,"{""601288.SH"": 33400.0}",0.002241219163,-0.01972880667,0.9973484703
2024-05-29,V18 LambdaRank Top1 unscaled,148358.0326,153949.0937,396.0325555,1,3511.405641,2079.655528,6932185.094,0,"{""601288.SH"": 33400.0}",-0.006708621998,-0.02630507557,0.9973305621
2024-05-30,V18 LambdaRank Top1 unscaled,147022.0326,152613.0937,396.0325555,1,3511.405641,2079.655528,6932185.094,0,"{""601288.SH"": 33400.0}",-0.009005242096,-0.03507343409,0.9973063047
2024-05-31,V18 LambdaRank Top1 unscaled,147022.0326,152613.0937,396.0325555,1,3511.405641,2079.655528,6932185.094,0,"{""601288.SH"": 33400.0}",0,-0.03507343409,0.9973063047
2024-06-03,V18 LambdaRank Top1 unscaled,147690.0326,153281.0937,396.0325555,1,3511.405641,2079.655528,6932185.094,0,"{""601288.SH"": 33400.0}",0.004543536696,-0.03068925483,0.9973184883
2024-06-04,V18 LambdaRank Top1 unscaled,147690.0326,153281.0937,396.0325555,1,3511.405641,2079.655528,6932185.094,0,"{""601288.SH"": 33400.0}",0,-0.03068925483,0.9973184883
2024-06-05,V18 LambdaRank Top1 unscaled,148692.0326,154283.0937,396.0325555,1,3511.405641,2079.655528,6932185.094,0,"{""601288.SH"": 33400.0}",0.006784479512,-0.02411298594,0.9973365583
2024-06-06,V18 LambdaRank Top1 unscaled,148358.0326,153949.0937,396.0325555,1,3511.405641,2079.655528,6932185.094,0,"{""601288.SH"": 33400.0}",-0.00224625351,-0.02630507557,0.9973305621
2024-06-07,V18 LambdaRank Top1 unscaled,150472.6211,156063.6822,396.0325555,1,3511.405641,2079.655528,6932185.094,0,"{""601288.SH"": 35229.2461}",0.01425327959,-0.01242672957,0.9973680756
2024-06-11,V18 LambdaRank Top1 unscaled,147301.9889,152893.0501,396.0325555,1,3511.405641,2079.655528,6932185.094,0,"{""601288.SH"": 35229.2461}",-0.02107115653,-0.03323604054,0.9973114242
2024-06-12,V18 LambdaRank Top1 unscaled,146949.6965,152540.7576,396.0325555,1,3511.405641,2079.655528,6932185.094,0,"{""601288.SH"": 35229.2461}",-0.002391634111,-0.0355481862,0.9973049787
2024-06-13,V18 LambdaRank Top1 unscaled,149063.4512,154654.5124,396.0325555,1,3511.405641,2079.655528,6932185.094,0,"{""601288.SH"": 35229.2461}",0.01438420642,-0.02167531222,0.9973431948
2024-06-14,V18 LambdaRank Top1 unscaled,150120.3286,155711.3898,396.0325555,1,3511.405641,2079.655528,6932185.094,0,"{""601288.SH"": 35229.2461}",0.007090117498,-0.01473887524,0.9973618992
2024-06-17,V18 LambdaRank Top1 unscaled,147301.9889,152893.0501,396.0325555,1,3511.405641,2079.655528,6932185.094,0,"{""601288.SH"": 35229.2461}",-0.01877387104,-0.03323604054,0.9973114242
2024-06-18,V18 LambdaRank Top1 unscaled,147654.2814,153245.3426,396.0325555,1,3511.405641,2079.655528,6932185.094,0,"{""601288.SH"": 35229.2461}",0.002391634111,-0.03092389487,0.997317839
2024-06-19,V18 LambdaRank Top1 unscaled,149063.4512,154654.5124,396.0325555,1,3511.405641,2079.655528,6932185.094,0,"{""601288.SH"": 35229.2461}",0.009543711378,-0.02167531222,0.9973431948
2024-06-20,V18 LambdaRank Top1 unscaled,149768.0362,155359.0973,396.0325555,1,3511.405641,2079.655528,6932185.094,0,"{""601288.SH"": 35229.2461}",0.004726744999,-0.0170510209,0.9973556937
2024-06-21,V18 LambdaRank Top1 unscaled,148006.5738,153597.635,396.0325555,1,3511.405641,2079.655528,6932185.094,0,"{""601288.SH"": 35229.2461}",-0.01176126997,-0.02861174921,0.9973242232
2024-06-24,V18 LambdaRank Top1 unscaled,150120.3286,155711.3898,396.0325555,1,3511.405641,2079.655528,6932185.094,0,"{""601288.SH"": 35229.2461}",0.01428149246,-0.01473887524,0.9973618992
2024-06-25,V18 LambdaRank Top1 unscaled,150493.9317,156084.9929,396.0325555,1,3511.405641,2079.655528,6932185.094,0,"{""601288.SH"": 35234.2486}",0.002488690898,-0.01228686484,0.9973684483
2024-06-26,V18 LambdaRank Top1 unscaled,151198.6167,156789.6778,396.0325555,1,3511.405641,2079.655528,6932185.094,0,"{""601288.SH"": 35234.2486}",0.004682480978,-0.007661916876,0.9973807131
2024-06-27,V18 LambdaRank Top1 unscaled,152607.9866,158199.0478,396.0325555,1,3511.405641,2079.655528,6932185.094,0,"{""601288.SH"": 35234.2486}",0.009321315076,0,0.9974049028
2024-06-28,V18 LambdaRank Top1 unscaled,154017.3566,159608.4177,396.0325555,1,3511.405641,2079.655528,6932185.094,0,"{""601288.SH"": 35234.2486}",0.009235230582,0,0.9974286498
2024-07-01,V18 LambdaRank Top1 unscaled,156836.0965,162427.1576,396.0325555,1,3511.405641,2079.655528,6932185.094,0,"{""601288.SH"": 35234.2486}",0.01830144312,0,0.9974748635
2024-07-02,V18 LambdaRank Top1 unscaled,159597.6843,165442.1576,137.6842575,1,3670.952324,2173.521047,7245070.158,0,"{""601988.SH"": 33500.0}",0.01760811357,0,0.9991373042
2024-07-03,V18 LambdaRank Top1 unscaled,157922.6843,163767.1576,137.6842575,1,3670.952324,2173.521047,7245070.158,0,"{""601988.SH"": 33500.0}",-0.01049513975,-0.01049513975,0.999128154
2024-07-04,V18 LambdaRank Top1 unscaled,158927.6843,164772.1576,137.6842575,1,3670.952324,2173.521047,7245070.158,0,"{""601988.SH"": 33500.0}",0.006363873592,-0.0041980559,0.9991336673
2024-07-05,V18 LambdaRank Top1 unscaled,155242.6843,161087.1576,137.6842575,1,3670.952324,2173.521047,7245070.158,0,"{""601988.SH"": 33500.0}",-0.02318664629,-0.02728736335,0.9991131031
2024-07-08,V18 LambdaRank Top1 unscaled,157252.6843,163097.1576,137.6842575,1,3670.952324,2173.521047,7245070.158,0,"{""601988.SH"": 33500.0}",0.01294747002,-0.01469319565,0.9991244394
2024-07-09,V18 LambdaRank Top1 unscaled,158927.6843,164772.1576,137.6842575,1,3670.952324,2173.521047,7245070.158,0,"{""601988.SH"": 33500.0}",0.01065164648,-0.0041980559,0.9991336673
2024-07-10,V18 LambdaRank Top1 unscaled,159262.6843,165107.1576,137.6842575,1,3670.952324,2173.521047,7245070.158,0,"{""601988.SH"": 33500.0}",0.002107876935,-0.00209902795,0.9991354895
2024-07-11,V18 LambdaRank Top1 unscaled,157587.6843,163432.1576,137.6842575,1,3670.952324,2173.521047,7245070.158,0,"{""601988.SH"": 33500.0}",-0.01051721568,-0.0125941677,0.9991263006
2024-07-12,V18 LambdaRank Top1 unscaled,159932.6843,165777.1576,137.6842575,1,3670.952324,2173.521047,7245070.158,0,"{""601988.SH"": 33500.0}",0.01488060448,0,0.9991391112
2024-07-15,V18 LambdaRank Top1 unscaled,162612.6843,168457.1576,137.6842575,1,3670.952324,2173.521047,7245070.158,0,"{""601988.SH"": 33500.0}",0.01675705008,0,0.9991532994
2024-07-16,V18 LambdaRank Top1 unscaled,163617.6843,169462.1576,137.6842575,1,3670.952324,2173.521047,7245070.158,0,"{""601988.SH"": 33500.0}",0.006180329687,0,0.9991585001
2024-07-17,V18 LambdaRank Top1 unscaled,164320.4727,170164.9461,137.6842575,1,3670.952324,2173.521047,7245070.158,0,"{""601988.SH"": 35232.358}",0.004295308744,0,0.9991620992
2024-07-18,V18 LambdaRank Top1 unscaled,164320.4727,170164.9461,137.6842575,1,3670.952324,2173.521047,7245070.158,0,"{""601988.SH"": 35232.358}",0,0,0.9991620992
2024-07-19,V18 LambdaRank Top1 unscaled,164672.7963,170517.2697,137.6842575,1,3670.952324,2173.521047,7245070.158,0,"{""601988.SH"": 35232.358}",0.002144124676,0,0.9991638919
2024-07-22,V18 LambdaRank Top1 unscaled,163968.1491,169812.6225,137.6842575,1,3670.952324,2173.521047,7245070.158,0,"{""601988.SH"": 35232.358}",-0.004279074484,-0.004279074484,0.9991602988
2024-07-23,V18 LambdaRank Top1 unscaled,167843.7085,173688.1819,137.6842575,1,3670.952324,2173.521047,7245070.158,0,"{""601988.SH"": 35232.358}",0.02363605008,0,0.9991796877
2024-07-24,V18 LambdaRank Top1 unscaled,167843.7085,173688.1819,137.6842575,1,3670.952324,2173.521047,7245070.158,0,"{""601988.SH"": 35232.358}",0,0,0.9991796877
2024-07-25,V18 LambdaRank Top1 unscaled,166786.7378,172631.2112,137.6842575,1,3670.952324,2173.521047,7245070.158,0,"{""601988.SH"": 35232.358}",-0.006297350973,-0.006297350973,0.9991744892
2024-07-26,V18 LambdaRank Top1 unscaled,163263.502,169107.9754,137.6842575,1,3670.952324,2173.521047,7245070.158,0,"{""601988.SH"": 35232.358}",-0.02112419639,-0.02728852088,0.9991566746
2024-07-29,V18 LambdaRank Top1 unscaled,167139.0614,172983.5347,137.6842575,1,3670.952324,2173.521047,7245070.158,0,"{""601988.SH"": 35232.358}",0.02373806354,-0.004198233982,0.9991762293
2024-07-30,V18 LambdaRank Top1 unscaled,168196.0321,174040.5055,137.6842575,1,3670.952324,2173.521047,7245070.158,0,"{""601988.SH"": 35232.358}",0.006323900186,0,0.999181406
2024-07-31,V18 LambdaRank Top1 unscaled,164320.4727,170164.9461,137.6842575,1,3670.952324,2173.521047,7245070.158,0,"{""601988.SH"": 35232.358}",-0.02304191922,-0.02304191922,0.9991620992
2024-08-01,V18 LambdaRank Top1 unscaled,165377.4435,171221.9168,137.6842575,1,3670.952324,2173.521047,7245070.158,0,"{""601988.SH"": 35232.358}",0.006432374029,-0.01675775943,0.9991674544
2024-08-02,V18 LambdaRank Top1 unscaled,166180.9511,172292.9168,175.9510936,1,3839.392571,2272.573175,7575243.917,0,"{""601288.SH"": 35700.0}",0.004858628893,-0.01198055027,0.9989412078
2024-08-05,V18 LambdaRank Top1 unscaled,165466.9511,171578.9168,175.9510936,1,3839.392571,2272.573175,7575243.917,0,"{""601288.SH"": 35700.0}",-0.004296521324,-0.01622559691,0.9989366391
2024-08-06,V18 LambdaRank Top1 unscaled,163324.9511,169436.9168,175.9510936,1,3839.392571,2272.573175,7575243.917,0,"{""601288.SH"": 35700.0}",-0.01294518323,-0.02896073681,0.9989226931
2024-08-07,V18 LambdaRank Top1 unscaled,162610.9511,168722.9168,175.9510936,1,3839.392571,2272.573175,7575243.917,0,"{""601288.SH"": 35700.0}",-0.004371652924,-0.03320578344,0.9989179628
2024-08-08,V18 LambdaRank Top1 unscaled,163324.9511,169436.9168,175.9510936,1,3839.392571,2272.573175,7575243.917,0,"{""601288.SH"": 35700.0}",0.004390848188,-0.02896073681,0.9989226931
2024-08-09,V18 LambdaRank Top1 unscaled,164752.9511,170864.9168,175.9510936,1,3839.392571,2272.573175,7575243.917,0,"{""601288.SH"": 35700.0}",0.008743305848,-0.02047064354,0.9989320307
2024-08-12,V18 LambdaRank Top1 unscaled,165823.9511,171935.9168,175.9510936,1,3839.392571,2272.573175,7575243.917,0,"{""601288.SH"": 35700.0}",0.006500642282,-0.01410307359,0.9989389283
2024-08-13,V18 LambdaRank Top1 unscaled,166537.9511,172649.9168,175.9510936,1,3839.392571,2272.573175,7575243.917,0,"{""601288.SH"": 35700.0}",0.004305771243,-0.009858026955,0.9989434775
2024-08-14,V18 LambdaRank Top1 unscaled,166537.9511,172649.9168,175.9510936,1,3839.392571,2272.573175,7575243.917,0,"{""601288.SH"": 35700.0}",0,-0.009858026955,0.9989434775
2024-08-15,V18 LambdaRank Top1 unscaled,167251.9511,173363.9168,175.9510936,1,3839.392571,2272.573175,7575243.917,0,"{""601288.SH"": 35700.0}",0.004287311062,-0.00561298032,0.9989479878
2024-08-16,V18 LambdaRank Top1 unscaled,170107.9511,176219.9168,175.9510936,1,3839.392571,2272.573175,7575243.917,0,"{""601288.SH"": 35700.0}",0.01707603398,0,0.9989656504
2024-08-19,V18 LambdaRank Top1 unscaled,174748.9511,180860.9168,175.9510936,1,3839.392571,2272.573175,7575243.917,0,"{""601288.SH"": 35700.0}",0.02728267533,0,0.9989931207
2024-08-20,V18 LambdaRank Top1 unscaled,175819.9511,181931.9168,175.9510936,1,3839.392571,2272.573175,7575243.917,0,"{""601288.SH"": 35700.0}",0.006128792152,0,0.9989992541
2024-08-21,V18 LambdaRank Top1 unscaled,174034.9511,180146.9168,175.9510936,1,3839.392571,2272.573175,7575243.917,0,"{""601288.SH"": 35700.0}",-0.01015243144,-0.01015243144,0.9989889899
2024-08-22,V18 LambdaRank Top1 unscaled,175462.9511,181574.9168,175.9510936,1,3839.392571,2272.573175,7575243.917,0,"{""601288.SH"": 35700.0}",0.008205248377,-0.002030486289,0.998997218
2024-08-23,V18 LambdaRank Top1 unscaled,175819.9511,181931.9168,175.9510936,1,3839.392571,2272.573175,7575243.917,0,"{""601288.SH"": 35700.0}",0.002034617552,0,0.9989992541
2024-08-26,V18 LambdaRank Top1 unscaled,175819.9511,181931.9168,175.9510936,1,3839.392571,2272.573175,7575243.917,0,"{""601288.SH"": 35700.0}",0,0,0.9989992541
2024-08-27,V18 LambdaRank Top1 unscaled,177961.9511,184073.9168,175.9510936,1,3839.392571,2272.573175,7575243.917,0,"{""601288.SH"": 35700.0}",0.01218291773,0,0.9990112994
2024-08-28,V18 LambdaRank Top1 unscaled,176533.9511,182645.9168,175.9510936,1,3839.392571,2272.573175,7575243.917,0,"{""601288.SH"": 35700.0}",-0.008024187144,-0.008024187144,0.9990033017
2024-08-29,V18 LambdaRank Top1 unscaled,168322.9511,174434.9168,175.9510936,1,3839.392571,2272.573175,7575243.917,0,"{""601288.SH"": 35700.0}",-0.04651229947,-0.05416326322,0.9989546815
2024-08-30,V18 LambdaRank Top1 unscaled,161539.9511,167651.9168,175.9510936,1,3839.392571,2272.573175,7575243.917,0,"{""601288.SH"": 35700.0}",-0.04029753492,-0.09227815215,0.998910789
2024-09-02,V18 LambdaRank Top1 unscaled,167608.9511,173720.9168,175.9510936,1,3839.392571,2272.573175,7575243.917,0,"{""601288.SH"": 35700.0}",0.03756965357,-0.05817535679,0.9989502285
2024-09-03,V18 LambdaRank Top1 unscaled,162204.5611,168586.9168,348.5611496,1,4009.669815,2372.685875,7908952.917,0,"{""601398.SH"": 28100.0}",-0.03224404132,-0.0885435895,0.9978511014
2024-09-04,V18 LambdaRank Top1 unscaled,160799.5611,167181.9168,348.5611496,1,4009.669815,2372.685875,7908952.917,0,"{""601398.SH"": 28100.0}",-0.008661901922,-0.09643853553,0.9978323252
2024-09-05,V18 LambdaRank Top1 unscaled,158551.5611,164933.9168,348.5611496,1,4009.669815,2372.685875,7908952.917,0,"{""601398.SH"": 28100.0}",-0.01398013766,-0.1090704492,0.9978015912
2024-09-06,V18 LambdaRank Top1 unscaled,158832.5611,165214.9168,348.5611496,1,4009.669815,2372.685875,7908952.917,0,"{""601398.SH"": 28100.0}",0.001772294123,-0.10749146,0.9978054805
2024-09-09,V18 LambdaRank Top1 unscaled,157989.5611,164371.9168,348.5611496,1,4009.669815,2372.685875,7908952.917,0,"{""601398.SH"": 28100.0}",-0.00530747596,-0.1122284276,0.997793771
2024-09-10,V18 LambdaRank Top1 unscaled,159675.5611,166057.9168,348.5611496,1,4009.669815,2372.685875,7908952.917,0,"{""601398.SH"": 28100.0}",0.01067159113,-0.1027544924,0.9978170664
2024-09-11,V18 LambdaRank Top1 unscaled,156022.5611,162404.9168,348.5611496,1,4009.669815,2372.685875,7908952.917,0,"{""601398.SH"": 28100.0}",-0.02287763997,-0.123281352,0.9977659568
2024-09-12,V18 LambdaRank Top1 unscaled,156022.5611,162404.9168,348.5611496,1,4009.669815,2372.685875,7908952.917,0,"{""601398.SH"": 28100.0}",0,-0.123281352,0.9977659568
2024-09-13,V18 LambdaRank Top1 unscaled,156584.5611,162966.9168,348.5611496,1,4009.669815,2372.685875,7908952.917,0,"{""601398.SH"": 28100.0}",0.003602043165,-0.1201233736,0.997773975
2024-09-18,V18 LambdaRank Top1 unscaled,159956.5611,166338.9168,348.5611496,1,4009.669815,2372.685875,7908952.917,0,"{""601398.SH"": 28100.0}",0.02153469011,-0.1011755032,0.9978209012
2024-09-19,V18 LambdaRank Top1 unscaled,159113.5611,165495.9168,348.5611496,1,4009.669815,2372.685875,7908952.917,0,"{""601398.SH"": 28100.0}",-0.005270180816,-0.1059124708,0.9978093561
2024-09-20,V18 LambdaRank Top1 unscaled,159675.5611,166057.9168,348.5611496,1,4009.669815,2372.685875,7908952.917,0,"{""601398.SH"": 28100.0}",0.003532068517,-0.1027544924,0.9978170664
2024-09-23,V18 LambdaRank Top1 unscaled,161080.5611,167462.9168,348.5611496,1,4009.669815,2372.685875,7908952.917,0,"{""601398.SH"": 28100.0}",0.008799092296,-0.09485954633,0.9978361067
2024-09-24,V18 LambdaRank Top1 unscaled,168948.5611,175330.9168,348.5611496,1,4009.669815,2372.685875,7908952.917,0,"{""601398.SH"": 28100.0}",0.0488451241,-0.05064784854,0.99793688
2024-09-25,V18 LambdaRank Top1 unscaled,170072.5611,176454.9168,348.5611496,1,4009.669815,2372.685875,7908952.917,0,"{""601398.SH"": 28100.0}",0.006652912534,-0.04433189171,0.9979505151
2024-09-26,V18 LambdaRank Top1 unscaled,174568.5611,180950.9168,348.5611496,1,4009.669815,2372.685875,7908952.917,0,"{""601398.SH"": 28100.0}",0.02643577523,-0.0190680644,0.9980032994
2024-09-27,V18 LambdaRank Top1 unscaled,169229.5611,175611.9168,348.5611496,1,4009.669815,2372.685875,7908952.917,0,"{""601398.SH"": 28100.0}",-0.03058397208,-0.04906885933,0.9979403058
2024-09-30,V18 LambdaRank Top1 unscaled,174006.5611,180388.9168,348.5611496,1,4009.669815,2372.685875,7908952.917,0,"{""601398.SH"": 28100.0}",0.02822792878,-0.02222604281,0.9979968505
2024-10-08,V18 LambdaRank Top1 unscaled,172320.5611,178702.9168,348.5611496,1,4009.669815,2372.685875,7908952.917,0,"{""601398.SH"": 28100.0}",-0.009689289811,-0.03169997805,0.9979772515
2024-10-09,V18 LambdaRank Top1 unscaled,168558.9284,175216.9168,438.928361,1,4183.240804,2474.747675,8249158.917,0,"{""601288.SH"": 36000.0}",-0.02182927425,-0.05283726479,0.9973959946
2024-10-10,V18 LambdaRank Top1 unscaled,173958.9284,180616.9168,438.928361,1,4183.240804,2474.747675,8249158.917,0,"{""601288.SH"": 36000.0}",0.03203627392,-0.02249369996,0.9974768276
2024-10-11,V18 LambdaRank Top1 unscaled,174318.9284,180976.9168,438.928361,1,4183.240804,2474.747675,8249158.917,0,"{""601288.SH"": 36000.0}",0.002069453999,-0.02047079564,0.9974820384
2024-10-14,V18 LambdaRank Top1 unscaled,181518.9284,188176.9168,438.928361,1,4183.240804,2474.747675,8249158.917,0,"{""601288.SH"": 36000.0}",0.04130360408,0,0.9975819141
2024-10-15,V18 LambdaRank Top1 unscaled,177558.9284,184216.9168,438.928361,1,4183.240804,2474.747675,8249158.917,0,"{""601288.SH"": 36000.0}",-0.02181590667,-0.02181590667,0.9975279848
2024-10-16,V18 LambdaRank Top1 unscaled,181158.9284,187816.9168,438.928361,1,4183.240804,2474.747675,8249158.917,0,"{""601288.SH"": 36000.0}",0.02027495904,-0.001983264243,0.9975771089
2024-10-17,V18 LambdaRank Top1 unscaled,179718.9284,186376.9168,438.928361,1,4183.240804,2474.747675,8249158.917,0,"{""601288.SH"": 36000.0}",-0.007948821585,-0.009916321214,0.9975576954
2024-10-18,V18 LambdaRank Top1 unscaled,178998.9284,185656.9168,438.928361,1,4183.240804,2474.747675,8249158.917,0,"{""601288.SH"": 36000.0}",-0.004006255805,-0.0138828497,0.9975478716
2024-10-21,V18 LambdaRank Top1 unscaled,174678.9284,181336.9168,438.928361,1,4183.240804,2474.747675,8249158.917,0,"{""601288.SH"": 36000.0}",-0.0241342227,-0.03768202061,0.9974872278
2024-10-22,V18 LambdaRank Top1 unscaled,175398.9284,182056.9168,438.928361,1,4183.240804,2474.747675,8249158.917,0,"{""601288.SH"": 36000.0}",0.004121848049,-0.03371549213,0.9974975425
2024-10-23,V18 LambdaRank Top1 unscaled,175038.9284,181696.9168,438.928361,1,4183.240804,2474.747675,8249158.917,0,"{""601288.SH"": 36000.0}",-0.002052464079,-0.03569875637,0.9974923957
2024-10-24,V18 LambdaRank Top1 unscaled,175758.9284,182416.9168,438.928361,1,4183.240804,2474.747675,8249158.917,0,"{""601288.SH"": 36000.0}",0.004113370704,-0.03173222788,0.9975026682
2024-10-25,V18 LambdaRank Top1 unscaled,173958.9284,180616.9168,438.928361,1,4183.240804,2474.747675,8249158.917,0,"{""601288.SH"": 36000.0}",-0.01024130049,-0.0416485491,0.9974768276
2024-10-28,V18 LambdaRank Top1 unscaled,171798.9284,178456.9168,438.928361,1,4183.240804,2474.747675,8249158.917,0,"{""601288.SH"": 36000.0}",-0.012416724,-0.05354813455,0.9974451042
2024-10-29,V18 LambdaRank Top1 unscaled,172878.9284,179536.9168,438.928361,1,4183.240804,2474.747675,8249158.917,0,"{""601288.SH"": 36000.0}",0.006286418724,-0.04759834183,0.997461065
2024-10-30,V18 LambdaRank Top1 unscaled,169998.9284,176656.9168,438.928361,1,4183.240804,2474.747675,8249158.917,0,"{""601288.SH"": 36000.0}",-0.01665905745,-0.06346445577,0.9974180522
2024-10-31,V18 LambdaRank Top1 unscaled,170718.9284,177376.9168,438.928361,1,4183.240804,2474.747675,8249158.917,0,"{""601288.SH"": 36000.0}",0.004235320816,-0.05949792728,0.9974289414
2024-11-01,V18 LambdaRank Top1 unscaled,172518.9284,179176.9168,438.928361,1,4183.240804,2474.747675,8249158.917,0,"{""601288.SH"": 36000.0}",0.01054364632,-0.04958160607,0.9974557669
2024-11-04,V18 LambdaRank Top1 unscaled,171880.8131,178816.9168,241.8130853,1,4358.34838,2577.755375,8592517.917,0,"{""601988.SH"": 35100.0}",-0.00369881312,-0.05309702609,0.9985931351
2024-11-05,V18 LambdaRank Top1 unscaled,172582.8131,179518.9168,241.8130853,1,4358.34838,2577.755375,8592517.917,0,"{""601988.SH"": 35100.0}",0.004084225501,-0.04922966082,0.9985988577
2024-11-06,V18 LambdaRank Top1 unscaled,171880.8131,178816.9168,241.8130853,1,4358.34838,2577.755375,8592517.917,0,"{""601988.SH"": 35100.0}",-0.004067612455,-0.05309702609,0.9985931351
2024-11-07,V18 LambdaRank Top1 unscaled,172933.8131,179869.9168,241.8130853,1,4358.34838,2577.755375,8592517.917,0,"{""601988.SH"": 35100.0}",0.006126338252,-0.04729597818,0.9986017015
2024-11-08,V18 LambdaRank Top1 unscaled,170827.8131,177763.9168,241.8130853,1,4358.34838,2577.755375,8592517.917,0,"{""601988.SH"": 35100.0}",-0.01217806953,-0.058898074,0.998584463
2024-11-11,V18 LambdaRank Top1 unscaled,169072.8131,176008.9168,241.8130853,1,4358.34838,2577.755375,8592517.917,0,"{""601988.SH"": 35100.0}",-0.01027350271,-0.06856648719,0.9985697696
2024-11-12,V18 LambdaRank Top1 unscaled,168370.8131,175306.9168,241.8130853,1,4358.34838,2577.755375,8592517.917,0,"{""601988.SH"": 35100.0}",-0.004152057254,-0.07243385246,0.9985638064
2024-11-13,V18 LambdaRank Top1 unscaled,169423.8131,176359.9168,241.8130853,1,4358.34838,2577.755375,8592517.917,0,"{""601988.SH"": 35100.0}",0.006254053067,-0.06663280455,0.9985727326
2024-11-14,V18 LambdaRank Top1 unscaled,170125.8131,177061.9168,241.8130853,1,4358.34838,2577.755375,8592517.917,0,"{""601988.SH"": 35100.0}",0.004143455322,-0.06276543928,0.998578622
2024-11-15,V18 LambdaRank Top1 unscaled,170827.8131,177763.9168,241.8130853,1,4358.34838,2577.755375,8592517.917,0,"{""601988.SH"": 35100.0}",0.004126357942,-0.058898074,0.998584463
2024-11-18,V18 LambdaRank Top1 unscaled,175741.8131,182677.9168,241.8130853,1,4358.34838,2577.755375,8592517.917,0,"{""601988.SH"": 35100.0}",0.02876580758,-0.03182651709,0.9986240435
2024-11-19,V18 LambdaRank Top1 unscaled,175039.8131,181975.9168,241.8130853,1,4358.34838,2577.755375,8592517.917,0,"{""601988.SH"": 35100.0}",-0.003994496174,-0.03569388236,0.9986185252
2024-11-20,V18 LambdaRank Top1 unscaled,174337.8131,181273.9168,241.8130853,1,4358.34838,2577.755375,8592517.917,0,"{""601988.SH"": 35100.0}",-0.004010516166,-0.03956124764,0.9986129625
2024-11-21,V18 LambdaRank Top1 unscaled,174337.8131,181273.9168,241.8130853,1,4358.34838,2577.755375,8592517.917,0,"{""601988.SH"": 35100.0}",0,-0.03956124764,0.9986129625
2024-11-22,V18 LambdaRank Top1 unscaled,172582.8131,179518.9168,241.8130853,1,4358.34838,2577.755375,8592517.917,0,"{""601988.SH"": 35100.0}",-0.01006666293,-0.04922966082,0.9985988577
2024-11-25,V18 LambdaRank Top1 unscaled,172582.8131,179518.9168,241.8130853,1,4358.34838,2577.755375,8592517.917,0,"{""601988.SH"": 35100.0}",0,-0.04922966082,0.9985988577
2024-11-26,V18 LambdaRank Top1 unscaled,175390.8131,182326.9168,241.8130853,1,4358.34838,2577.755375,8592517.917,0,"{""601988.SH"": 35100.0}",0.01627044982,-0.03376019973,0.9986212899
2024-11-27,V18 LambdaRank Top1 unscaled,177145.8131,184081.9168,241.8130853,1,4358.34838,2577.755375,8592517.917,0,"{""601988.SH"": 35100.0}",0.01000622535,-0.02409178654,0.9986349489
2024-11-28,V18 LambdaRank Top1 unscaled,176794.8131,183730.9168,241.8130853,1,4358.34838,2577.755375,8592517.917,0,"{""601988.SH"": 35100.0}",-0.001981418549,-0.02602546918,0.9986322388
2024-11-29,V18 LambdaRank Top1 unscaled,176092.8131,183028.9168,241.8130853,1,4358.34838,2577.755375,8592517.917,0,"{""601988.SH"": 35100.0}",-0.003970704727,-0.02989283445,0.9986267862
2024-12-02,V18 LambdaRank Top1 unscaled,176092.8131,183028.9168,241.8130853,1,4358.34838,2577.755375,8592517.917,0,"{""601988.SH"": 35100.0}",0,-0.02989283445,0.9986267862
2024-12-03,V18 LambdaRank Top1 unscaled,178096.2594,185316.9168,490.2593646,1,4537.551401,2683.106075,8943686.917,0,"{""601398.SH"": 28600.0}",0.01137721775,-0.01885571399,0.9972472226
2024-12-04,V18 LambdaRank Top1 unscaled,179526.2594,186746.9168,490.2593646,1,4537.551401,2683.106075,8943686.917,0,"{""601398.SH"": 28600.0}",0.008029365721,-0.01097774769,0.9972691496
2024-12-05,V18 LambdaRank Top1 unscaled,179526.2594,186746.9168,490.2593646,1,4537.551401,2683.106075,8943686.917,0,"{""601398.SH"": 28600.0}",0,-0.01097774769,0.9972691496
2024-12-06,V18 LambdaRank Top1 unscaled,181242.2594,188462.9168,490.2593646,1,4537.551401,2683.106075,8943686.917,0,"{""601398.SH"": 28600.0}",0.009558490251,-0.001524188133,0.9972950052
2024-12-09,V18 LambdaRank Top1 unscaled,181242.2594,188462.9168,490.2593646,1,4537.551401,2683.106075,8943686.917,0,"{""601398.SH"": 28600.0}",0,-0.001524188133,0.9972950052
2024-12-10,V18 LambdaRank Top1 unscaled,184102.2594,191322.9168,490.2593646,1,4537.551401,2683.106075,8943686.917,0,"{""601398.SH"": 28600.0}",0.01577998426,0,0.9973370269
2024-12-11,V18 LambdaRank Top1 unscaled,180956.2594,188176.9168,490.2593646,1,4537.551401,2683.106075,8943686.917,0,"{""601398.SH"": 28600.0}",-0.01708832912,-0.01708832912,0.99729073
2024-12-12,V18 LambdaRank Top1 unscaled,184102.2594,191322.9168,490.2593646,1,4537.551401,2683.106075,8943686.917,0,"{""601398.SH"": 28600.0}",0.01738541685,0,0.9973370269
2024-12-13,V18 LambdaRank Top1 unscaled,183244.2594,190464.9168,490.2593646,1,4537.551401,2683.106075,8943686.917,0,"{""601398.SH"": 28600.0}",-0.004660453397,-0.004660453397,0.9973245581
2024-12-16,V18 LambdaRank Top1 unscaled,187248.2594,194468.9168,490.2593646,1,4537.551401,2683.106075,8943686.917,0,"{""601398.SH"": 28600.0}",0.0218506163,0,0.9973817681
2024-12-17,V18 LambdaRank Top1 unscaled,186676.2594,193896.9168,490.2593646,1,4537.551401,2683.106075,8943686.917,0,"{""601398.SH"": 28600.0}",-0.003054768049,-0.003054768049,0.9973737455
2024-12-18,V18 LambdaRank Top1 unscaled,188964.2594,196184.9168,490.2593646,1,4537.551401,2683.106075,8943686.917,0,"{""601398.SH"": 28600.0}",0.012256513,0,0.9974055445
2024-12-19,V18 LambdaRank Top1 unscaled,186104.2594,193324.9168,490.2593646,1,4537.551401,2683.106075,8943686.917,0,"{""601398.SH"": 28600.0}",-0.01513513725,-0.01513513725,0.9973656736
2024-12-20,V18 LambdaRank Top1 unscaled,187248.2594,194468.9168,490.2593646,1,4537.551401,2683.106075,8943686.917,0,"{""601398.SH"": 28600.0}",0.006147091979,-0.009081082347,0.9973817681
2024-12-23,V18 LambdaRank Top1 unscaled,192110.2594,199330.9168,490.2593646,1,4537.551401,2683.106075,8943686.917,0,"{""601398.SH"": 28600.0}",0.02596552842,0,0.9974480313
2024-12-24,V18 LambdaRank Top1 unscaled,194398.2594,201618.9168,490.2593646,1,4537.551401,2683.106075,8943686.917,0,"{""601398.SH"": 28600.0}",0.01190982724,0,0.9974780671
2024-12-25,V18 LambdaRank Top1 unscaled,198974.2594,206194.9168,490.2593646,1,4537.551401,2683.106075,8943686.917,0,"{""601398.SH"": 28600.0}",0.02353930542,0,0.9975360664
2024-12-26,V18 LambdaRank Top1 unscaled,198688.2594,205908.9168,490.2593646,1,4537.551401,2683.106075,8943686.917,0,"{""601398.SH"": 28600.0}",-0.001437371854,-0.001437371854,0.9975325197
2024-12-27,V18 LambdaRank Top1 unscaled,198402.2594,205622.9168,490.2593646,1,4537.551401,2683.106075,8943686.917,0,"{""601398.SH"": 28600.0}",-0.001439440865,-0.002874743707,0.9975289628
2024-12-30,V18 LambdaRank Top1 unscaled,199260.2594,206480.9168,490.2593646,1,4537.551401,2683.106075,8943686.917,0,"{""601398.SH"": 28600.0}",0.004324547527,0,0.9975396029
2024-12-31,V18 LambdaRank Top1 unscaled,198402.2594,205622.9168,490.2593646,1,4537.551401,2683.106075,8943686.917,0,"{""601398.SH"": 28600.0}",-0.004305926343,-0.004305926343,0.9975289628
2025-01-02,V18 LambdaRank Top1 unscaled,194970.2594,202190.9168,490.2593646,1,4537.551401,2683.106075,8943686.917,0,"{""601398.SH"": 28600.0}",-0.01729819011,-0.02152963172,0.9974854659
2025-01-03,V18 LambdaRank Top1 unscaled,192229.1216,199764.9168,807.1216288,1,4736.019136,2799.776075,9332586.917,0,"{""601939.SH"": 22600.0}",-0.01405926086,-0.03528620187,0.9958012521
2025-01-06,V18 LambdaRank Top1 unscaled,192455.1216,199990.9168,807.1216288,1,4736.019136,2799.776075,9332586.917,0,"{""601939.SH"": 22600.0}",0.001175680345,-0.03415200682,0.9958061826
2025-01-07,V18 LambdaRank Top1 unscaled,196297.1216,203832.9168,807.1216288,1,4736.019136,2799.776075,9332586.917,0,"{""601939.SH"": 22600.0}",0.01996309564,-0.01487069095,0.9958882656
2025-01-08,V18 LambdaRank Top1 unscaled,200591.1216,208126.9168,807.1216288,1,4736.019136,2799.776075,9332586.917,0,"{""601939.SH"": 22600.0}",0.02187500237,0,0.9959762844
2025-01-09,V18 LambdaRank Top1 unscaled,198783.1216,206318.9168,807.1216288,1,4736.019136,2799.776075,9332586.917,0,"{""601939.SH"": 22600.0}",-0.00901336004,-0.00901336004,0.9959396873
2025-01-10,V18 LambdaRank Top1 unscaled,196241.5256,203777.3208,807.1216288,1,4736.019136,2799.776075,9332586.917,0,"{""601939.SH"": 23128.3318}",-0.01278577375,-0.02168389101,0.9958871007
2025-01-13,V18 LambdaRank Top1 unscaled,192540.9925,200076.7877,807.1216288,1,4736.019136,2799.776075,9332586.917,0,"{""601939.SH"": 23128.3318}",-0.01885703386,-0.040132031,0.995808053
2025-01-14,V18 LambdaRank Top1 unscaled,193234.8425,200770.6377,807.1216288,1,4736.019136,2799.776075,9332586.917,0,"{""601939.SH"": 23128.3318}",0.00360364796,-0.03667300476,0.9958231051
2025-01-15,V18 LambdaRank Top1 unscaled,193234.8425,200770.6377,807.1216288,1,4736.019136,2799.776075,9332586.917,0,"{""601939.SH"": 23128.3318}",0,-0.03667300476,0.9958231051
2025-01-16,V18 LambdaRank Top1 unscaled,196472.8089,204008.6041,807.1216288,1,4736.019136,2799.776075,9332586.917,0,"{""601939.SH"": 23128.3318}",0.01675663879,-0.02053088226,0.9958919423
2025-01-17,V18 LambdaRank Top1 unscaled,193697.4091,201233.2043,807.1216288,1,4736.019136,2799.776075,9332586.917,0,"{""601939.SH"": 23128.3318}",-0.01412612684,-0.03436698726,0.9958330799
2025-01-20,V18 LambdaRank Top1 unscaled,192540.9925,200076.7877,807.1216288,1,4736.019136,2799.776075,9332586.917,0,"{""601939.SH"": 23128.3318}",-0.005970222302,-0.040132031,0.995808053
2025-01-21,V18 LambdaRank Top1 unscaled,192078.4259,199614.2211,807.1216288,1,4736.019136,2799.776075,9332586.917,0,"{""601939.SH"": 23128.3318}",-0.002402431974,-0.0424380485,0.9957979579
2025-01-22,V18 LambdaRank Top1 unscaled,189765.5927,197301.3879,807.1216288,1,4736.019136,2799.776075,9332586.917,0,"{""601939.SH"": 23128.3318}",-0.01204108776,-0.053968136,0.9957467441
2025-01-23,V18 LambdaRank Top1 unscaled,196010.2423,203546.0375,807.1216288,1,4736.019136,2799.776075,9332586.917,0,"{""601939.SH"": 23128.3318}",0.03290717514,-0.02283689976,0.9958822477
2025-01-24,V18 LambdaRank Top1 unscaled,195316.3923,202852.1875,807.1216288,1,4736.019136,2799.776075,9332586.917,0,"{""601939.SH"": 23128.3318}",-0.003539865809,-0.02629592601,0.9958676196
2025-01-27,V18 LambdaRank Top1 unscaled,198323.0755,205858.8707,807.1216288,1,4736.019136,2799.776075,9332586.917,0,"{""601939.SH"": 23128.3318}",0.01539391089,-0.01130681227,0.9959302687
2025-02-05,V18 LambdaRank Top1 unscaled,194622.5424,202158.3376,807.1216288,1,4736.019136,2799.776075,9332586.917,0,"{""601939.SH"": 23128.3318}",-0.0186591151,-0.02975495226,0.9958528872
2025-02-06,V18 LambdaRank Top1 unscaled,194846.1191,202697.4709,302.1190635,1,4934.674561,2916.677241,9722257.471,0,"{""601288.SH"": 38600.0}",0.001148770741,-0.02864036314,0.9984494479
2025-02-07,V18 LambdaRank Top1 unscaled,194074.1191,201925.4709,302.1190635,1,4934.674561,2916.677241,9722257.471,0,"{""601288.SH"": 38600.0}",-0.003962100984,-0.03248898811,0.99844328
2025-02-10,V18 LambdaRank Top1 unscaled,194074.1191,201925.4709,302.1190635,1,4934.674561,2916.677241,9722257.471,0,"{""601288.SH"": 38600.0}",0,-0.03248898811,0.99844328
2025-02-11,V18 LambdaRank Top1 unscaled,197548.1191,205399.4709,302.1190635,1,4934.674561,2916.677241,9722257.471,0,"{""601288.SH"": 38600.0}",0.01790037753,-0.01517017573,0.9984706558
2025-02-12,V18 LambdaRank Top1 unscaled,198706.1191,206557.4709,302.1190635,1,4934.674561,2916.677241,9722257.471,0,"{""601288.SH"": 38600.0}",0.00586186295,-0.009397238273,0.9984795684
2025-02-13,V18 LambdaRank Top1 unscaled,199478.1191,207329.4709,302.1190635,1,4934.674561,2916.677241,9722257.471,0,"{""601288.SH"": 38600.0}",0.003885134507,-0.0055486133,0.9984854526
2025-02-14,V18 LambdaRank Top1 unscaled,201408.1191,209259.4709,302.1190635,1,4934.674561,2916.677241,9722257.471,0,"{""601288.SH"": 38600.0}",0.009675246634,0,0.9984999658
2025-02-17,V18 LambdaRank Top1 unscaled,202566.1191,210417.4709,302.1190635,1,4934.674561,2916.677241,9722257.471,0,"{""601288.SH"": 38600.0}",0.005749519957,0,0.998508541
2025-02-18,V18 LambdaRank Top1 unscaled,204496.1191,212347.4709,302.1190635,1,4934.674561,2916.677241,9722257.471,0,"{""601288.SH"": 38600.0}",0.009527753254,0,0.9985226171
2025-02-19,V18 LambdaRank Top1 unscaled,202952.1191,210803.4709,302.1190635,1,4934.674561,2916.677241,9722257.471,0,"{""601288.SH"": 38600.0}",-0.007550265536,-0.007550265536,0.9985113776
2025-02-20,V18 LambdaRank Top1 unscaled,203724.1191,211575.4709,302.1190635,1,4934.674561,2916.677241,9722257.471,0,"{""601288.SH"": 38600.0}",0.003803852867,-0.003775132768,0.9985170187
2025-02-21,V18 LambdaRank Top1 unscaled,200250.1191,208101.4709,302.1190635,1,4934.674561,2916.677241,9722257.471,0,"{""601288.SH"": 38600.0}",-0.0170524728,-0.02076323022,0.9984912915
2025-02-24,V18 LambdaRank Top1 unscaled,198706.1191,206557.4709,302.1190635,1,4934.674561,2916.677241,9722257.471,0,"{""601288.SH"": 38600.0}",-0.007710357463,-0.02831349576,0.9984795684
2025-02-25,V18 LambdaRank Top1 unscaled,197548.1191,205399.4709,302.1190635,1,4934.674561,2916.677241,9722257.471,0,"{""601288.SH"": 38600.0}",-0.005827701761,-0.03397619491,0.9984706558
2025-02-26,V18 LambdaRank Top1 unscaled,197934.1191,205785.4709,302.1190635,1,4934.674561,2916.677241,9722257.471,0,"{""601288.SH"": 38600.0}",0.001953954317,-0.03208862853,0.9984736383
2025-02-27,V18 LambdaRank Top1 unscaled,199478.1191,207329.4709,302.1190635,1,4934.674561,2916.677241,9722257.471,0,"{""601288.SH"": 38600.0}",0.007800575299,-0.02453836299,0.9984854526
2025-02-28,V18 LambdaRank Top1 unscaled,198320.1191,206171.4709,302.1190635,1,4934.674561,2916.677241,9722257.471,0,"{""601288.SH"": 38600.0}",-0.00580514798,-0.03020106214,0.9984766091
2025-03-03,V18 LambdaRank Top1 unscaled,197548.1191,205399.4709,302.1190635,1,4934.674561,2916.677241,9722257.471,0,"{""601288.SH"": 38600.0}",-0.003892696332,-0.03397619491,0.9984706558
2025-03-04,V18 LambdaRank Top1 unscaled,196532.8958,204703.4709,492.8957701,1,5135.703254,3034.871841,10116239.47,0,"{""601939.SH"": 23200.0}",-0.005139119006,-0.03894070621,0.9974920444
2025-03-05,V18 LambdaRank Top1 unscaled,200940.8958,209111.4709,492.8957701,1,5135.703254,3034.871841,10116239.47,0,"{""601939.SH"": 23200.0}",0.0224288152,-0.01738528491,0.9975470609
2025-03-06,V18 LambdaRank Top1 unscaled,198388.8958,206559.4709,492.8957701,1,5135.703254,3034.871841,10116239.47,0,"{""601939.SH"": 23200.0}",-0.01270025193,-0.02986473935,0.9975155073
2025-03-07,V18 LambdaRank Top1 unscaled,197692.8958,205863.4709,492.8957701,1,5135.703254,3034.871841,10116239.47,0,"{""601939.SH"": 23200.0}",-0.00350826087,-0.03326822692,0.9975067603
2025-03-10,V18 LambdaRank Top1 unscaled,196532.8958,204703.4709,492.8957701,1,5135.703254,3034.871841,10116239.47,0,"{""601939.SH"": 23200.0}",-0.005867686825,-0.03894070621,0.9974920444
2025-03-11,V18 LambdaRank Top1 unscaled,197460.8958,205631.4709,492.8957701,1,5135.703254,3034.871841,10116239.47,0,"{""601939.SH"": 23200.0}",0.004721855832,-0.03440272278,0.997503831
2025-03-12,V18 LambdaRank Top1 unscaled,196532.8958,204703.4709,492.8957701,1,5135.703254,3034.871841,10116239.47,0,"{""601939.SH"": 23200.0}",-0.004699664692,-0.03894070621,0.9974920444
2025-03-13,V18 LambdaRank Top1 unscaled,196764.8958,204935.4709,492.8957701,1,5135.703254,3034.871841,10116239.47,0,"{""601939.SH"": 23200.0}",0.001180463958,-0.03780621035,0.9974950015
2025-03-14,V18 LambdaRank Top1 unscaled,197228.8958,205399.4709,492.8957701,1,5135.703254,3034.871841,10116239.47,0,"{""601939.SH"": 23200.0}",0.002358144212,-0.03553721864,0.9975008947
2025-03-17,V18 LambdaRank Top1 unscaled,198388.8958,206559.4709,492.8957701,1,5135.703254,3034.871841,10116239.47,0,"{""601939.SH"": 23200.0}",0.005881491125,-0.02986473935,0.9975155073
2025-03-18,V18 LambdaRank Top1 unscaled,197692.8958,205863.4709,492.8957701,1,5135.703254,3034.871841,10116239.47,0,"{""601939.SH"": 23200.0}",-0.00350826087,-0.03326822692,0.9975067603
2025-03-19,V18 LambdaRank Top1 unscaled,199548.8958,207719.4709,492.8957701,1,5135.703254,3034.871841,10116239.47,0,"{""601939.SH"": 23200.0}",0.009388298921,-0.02419226006,0.9975299499
2025-03-20,V18 LambdaRank Top1 unscaled,198620.8958,206791.4709,492.8957701,1,5135.703254,3034.871841,10116239.47,0,"{""601939.SH"": 23200.0}",-0.004650489277,-0.02873024349,0.9975184093
2025-03-21,V18 LambdaRank Top1 unscaled,197460.8958,205631.4709,492.8957701,1,5135.703254,3034.871841,10116239.47,0,"{""601939.SH"": 23200.0}",-0.005840271717,-0.03440272278,0.997503831
2025-03-24,V18 LambdaRank Top1 unscaled,199548.8958,207719.4709,492.8957701,1,5135.703254,3034.871841,10116239.47,0,"{""601939.SH"": 23200.0}",0.01057424556,-0.02419226006,0.9975299499
2025-03-25,V18 LambdaRank Top1 unscaled,201172.8958,209343.4709,492.8957701,1,5135.703254,3034.871841,10116239.47,0,"{""601939.SH"": 23200.0}",0.008138356235,-0.01625078905,0.9975498898
2025-03-26,V18 LambdaRank Top1 unscaled,199780.8958,207951.4709,492.8957701,1,5135.703254,3034.871841,10116239.47,0,"{""601939.SH"": 23200.0}",-0.006919421201,-0.0230577642,0.9975328183
2025-03-27,V18 LambdaRank Top1 unscaled,200708.8958,208879.4709,492.8957701,1,5135.703254,3034.871841,10116239.47,0,"{""601939.SH"": 23200.0}",0.004645088793,-0.01851978077,0.9975442256
2025-03-28,V18 LambdaRank Top1 unscaled,198156.8958,206327.4709,492.8957701,1,5135.703254,3034.871841,10116239.47,0,"{""601939.SH"": 23200.0}",-0.01271493219,-0.0309992352,0.9975125984
2025-03-31,V18 LambdaRank Top1 unscaled,205348.8958,213519.4709,492.8957701,1,5135.703254,3034.871841,10116239.47,0,"{""601939.SH"": 23200.0}",0.03629447248,0,0.9975997155
2025-04-01,V18 LambdaRank Top1 unscaled,201636.8958,209807.4709,492.8957701,1,5135.703254,3034.871841,10116239.47,0,"{""601939.SH"": 23200.0}",-0.01807655204,-0.01807655204,0.9975555279
2025-04-02,V18 LambdaRank Top1 unscaled,203039.565,211535.4709,375.5649632,1,5340.549261,3155.356641,10517855.47,0,"{""601288.SH"": 39200.0}",0.006956411363,-0.0112458886,0.9981502868
2025-04-03,V18 LambdaRank Top1 unscaled,204999.565,213495.4709,375.5649632,1,5340.549261,3155.356641,10517855.47,0,"{""601288.SH"": 39200.0}",0.009653290975,-0.001701157465,0.9981679719
2025-04-07,V18 LambdaRank Top1 unscaled,197551.565,206047.4709,375.5649632,1,5340.549261,3155.356641,10517855.47,0,"{""601288.SH"": 39200.0}",-0.03633178442,-0.0379711358,0.9980989016
2025-04-08,V18 LambdaRank Top1 unscaled,200687.565,209183.4709,375.5649632,1,5340.549261,3155.356641,10517855.47,0,"{""601288.SH"": 39200.0}",0.01587433641,-0.02269956597,0.9981286087
2025-04-09,V18 LambdaRank Top1 unscaled,199511.565,208007.4709,375.5649632,1,5340.549261,3155.356641,10517855.47,0,"{""601288.SH"": 39200.0}",-0.005859854846,-0.02842640466,0.998117578
2025-04-10,V18 LambdaRank Top1 unscaled,199511.565,208007.4709,375.5649632,1,5340.549261,3155.356641,10517855.47,0,"{""601288.SH"": 39200.0}",0,-0.02842640466,0.998117578
2025-04-11,V18 LambdaRank Top1 unscaled,201471.565,209967.4709,375.5649632,1,5340.549261,3155.356641,10517855.47,0,"{""601288.SH"": 39200.0}",0.009823991909,-0.01888167352,0.998135891
2025-04-14,V18 LambdaRank Top1 unscaled,203431.565,211927.4709,375.5649632,1,5340.549261,3155.356641,10517855.47,0,"{""601288.SH"": 39200.0}",0.00972841999,-0.009336942377,0.9981538511
2025-04-15,V18 LambdaRank Top1 unscaled,208135.565,216631.4709,375.5649632,1,5340.549261,3155.356641,10517855.47,0,"{""601288.SH"": 39200.0}",0.02312325524,0,0.9981955753
2025-04-16,V18 LambdaRank Top1 unscaled,210879.565,219375.4709,375.5649632,1,5340.549261,3155.356641,10517855.47,0,"{""601288.SH"": 39200.0}",0.01318371514,0,0.9982190547
2025-04-17,V18 LambdaRank Top1 unscaled,210879.565,219375.4709,375.5649632,1,5340.549261,3155.356641,10517855.47,0,"{""601288.SH"": 39200.0}",0,0,0.9982190547
2025-04-18,V18 LambdaRank Top1 unscaled,212839.565,221335.4709,375.5649632,1,5340.549261,3155.356641,10517855.47,0,"{""601288.SH"": 39200.0}",0.009294404606,0,0.9982354551
2025-04-21,V18 LambdaRank Top1 unscaled,210879.565,219375.4709,375.5649632,1,5340.549261,3155.356641,10517855.47,0,"{""601288.SH"": 39200.0}",-0.009208814162,-0.009208814162,0.9982190547
2025-04-22,V18 LambdaRank Top1 unscaled,215975.565,224471.4709,375.5649632,1,5340.549261,3155.356641,10517855.47,0,"{""601288.SH"": 39200.0}",0.02416545198,0,0.9982610766
2025-04-23,V18 LambdaRank Top1 unscaled,215191.565,223687.4709,375.5649632,1,5340.549261,3155.356641,10517855.47,0,"{""601288.SH"": 39200.0}",-0.003630040279,-0.003630040279,0.9982547412
2025-04-24,V18 LambdaRank Top1 unscaled,219503.565,227999.4709,375.5649632,1,5340.549261,3155.356641,10517855.47,0,"{""601288.SH"": 39200.0}",0.02003796013,0,0.9982890257
2025-04-25,V18 LambdaRank Top1 unscaled,217935.565,226431.4709,375.5649632,1,5340.549261,3155.356641,10517855.47,0,"{""601288.SH"": 39200.0}",-0.007143391955,-0.007143391955,0.9982767156
2025-04-28,V18 LambdaRank Top1 unscaled,220287.565,228783.4709,375.5649632,1,5340.549261,3155.356641,10517855.47,0,"{""601288.SH"": 39200.0}",0.01079218071,0,0.998295115
2025-04-29,V18 LambdaRank Top1 unscaled,219503.565,227999.4709,375.5649632,1,5340.549261,3155.356641,10517855.47,0,"{""601288.SH"": 39200.0}",-0.003558984367,-0.003558984367,0.9982890257
2025-04-30,V18 LambdaRank Top1 unscaled,212839.565,221335.4709,375.5649632,1,5340.549261,3155.356641,10517855.47,0,"{""601288.SH"": 39200.0}",-0.03035941581,-0.03381035149,0.9982354551
2025-05-06,V18 LambdaRank Top1 unscaled,211271.565,219767.4709,375.5649632,1,5340.549261,3155.356641,10517855.47,0,"{""601288.SH"": 39200.0}",-0.007367051329,-0.04092832022,0.9982223592
2025-05-07,V18 LambdaRank Top1 unscaled,215542.823,224381.4709,296.8229758,1,5556.362449,3282.285441,10940951.47,0,"{""601988.SH"": 38300.0}",0.02021690904,-0.02153885531,0.9986229049
2025-05-08,V18 LambdaRank Top1 unscaled,214776.823,223615.4709,296.8229758,1,5556.362449,3282.285441,10940951.47,0,"{""601988.SH"": 38300.0}",-0.003553818167,-0.0250161283,0.9986179935
2025-05-09,V18 LambdaRank Top1 unscaled,216691.823,225530.4709,296.8229758,1,5556.362449,3282.285441,10940951.47,0,"{""601988.SH"": 38300.0}",0.008916232084,-0.01632294582,0.9986302068
2025-05-12,V18 LambdaRank Top1 unscaled,215925.823,224764.4709,296.8229758,1,5556.362449,3282.285441,10940951.47,0,"{""601988.SH"": 38300.0}",-0.003534974184,-0.01980021881,0.9986253475
2025-05-13,V18 LambdaRank Top1 unscaled,217457.823,226296.4709,296.8229758,1,5556.362449,3282.285441,10940951.47,0,"{""601988.SH"": 38300.0}",0.007095029112,-0.01284567283,0.998635032
2025-05-14,V18 LambdaRank Top1 unscaled,217840.823,226679.4709,296.8229758,1,5556.362449,3282.285441,10940951.47,0,"{""601988.SH"": 38300.0}",0.001761261079,-0.01110703633,0.9986374318
2025-05-15,V18 LambdaRank Top1 unscaled,217457.823,226296.4709,296.8229758,1,5556.362449,3282.285441,10940951.47,0,"{""601988.SH"": 38300.0}",-0.001758164493,-0.01284567283,0.998635032
2025-05-16,V18 LambdaRank Top1 unscaled,215925.823,224764.4709,296.8229758,1,5556.362449,3282.285441,10940951.47,0,"{""601988.SH"": 38300.0}",-0.007045044317,-0.01980021881,0.9986253475
2025-05-19,V18 LambdaRank Top1 unscaled,215159.823,223998.4709,296.8229758,1,5556.362449,3282.285441,10940951.47,0,"{""601988.SH"": 38300.0}",-0.003547514556,-0.0232774918,0.9986204535
2025-05-20,V18 LambdaRank Top1 unscaled,215159.823,223998.4709,296.8229758,1,5556.362449,3282.285441,10940951.47,0,"{""601988.SH"": 38300.0}",0,-0.0232774918,0.9986204535
2025-05-21,V18 LambdaRank Top1 unscaled,215542.823,224381.4709,296.8229758,1,5556.362449,3282.285441,10940951.47,0,"{""601988.SH"": 38300.0}",0.00178007211,-0.02153885531,0.9986229049
2025-05-22,V18 LambdaRank Top1 unscaled,215925.823,224764.4709,296.8229758,1,5556.362449,3282.285441,10940951.47,0,"{""601988.SH"": 38300.0}",0.001776909083,-0.01980021881,0.9986253475
2025-05-23,V18 LambdaRank Top1 unscaled,213627.823,222466.4709,296.8229758,1,5556.362449,3282.285441,10940951.47,0,"{""601988.SH"": 38300.0}",-0.01064254367,-0.03023203778,0.9986105603
2025-05-26,V18 LambdaRank Top1 unscaled,211329.823,220168.4709,296.8229758,1,5556.362449,3282.285441,10940951.47,0,"{""601988.SH"": 38300.0}",-0.01075702578,-0.04066385676,0.9985954515
2025-05-27,V18 LambdaRank Top1 unscaled,213244.823,222083.4709,296.8229758,1,5556.362449,3282.285441,10940951.47,0,"{""601988.SH"": 38300.0}",0.009061664715,-0.03197067428,0.9986080648
2025-05-28,V18 LambdaRank Top1 unscaled,212095.823,220934.4709,296.8229758,1,5556.362449,3282.285441,10940951.47,0,"{""601988.SH"": 38300.0}",-0.005388173011,-0.03718658377,0.9986005242
2025-05-29,V18 LambdaRank Top1 unscaled,211329.823,220168.4709,296.8229758,1,5556.362449,3282.285441,10940951.47,0,"{""601988.SH"": 38300.0}",-0.003611575133,-0.04066385676,0.9985954515
2025-05-30,V18 LambdaRank Top1 unscaled,211712.823,220551.4709,296.8229758,1,5556.362449,3282.285441,10940951.47,0,"{""601988.SH"": 38300.0}",0.001812332943,-0.03892522026,0.9985979925
2025-06-03,V18 LambdaRank Top1 unscaled,211712.823,220551.4709,296.8229758,1,5556.362449,3282.285441,10940951.47,0,"{""601988.SH"": 38300.0}",0,-0.03892522026,0.9985979925
2025-06-04,V18 LambdaRank Top1 unscaled,209596.3223,218776.4709,564.3222582,1,5771.426066,3408.722541,11362408.47,0,"{""601939.SH"": 23200.0}",-0.009997036022,-0.04853311946,0.9973075756
2025-06-05,V18 LambdaRank Top1 unscaled,209364.3223,218544.4709,564.3222582,1,5771.426066,3408.722541,11362408.47,0,"{""601939.SH"": 23200.0}",-0.001106889651,-0.0495862883,0.9973045921
2025-06-06,V18 LambdaRank Top1 unscaled,209364.3223,218544.4709,564.3222582,1,5771.426066,3408.722541,11362408.47,0,"{""601939.SH"": 23200.0}",0,-0.0495862883,0.9973045921
2025-06-09,V18 LambdaRank Top1 unscaled,208436.3223,217616.4709,564.3222582,1,5771.426066,3408.722541,11362408.47,0,"{""601939.SH"": 23200.0}",-0.004432464854,-0.05379896367,0.9972925916
2025-06-10,V18 LambdaRank Top1 unscaled,208668.3223,217848.4709,564.3222582,1,5771.426066,3408.722541,11362408.47,0,"{""601939.SH"": 23200.0}",0.001113049767,-0.05274579483,0.9972956017
2025-06-11,V18 LambdaRank Top1 unscaled,207508.3223,216688.4709,564.3222582,1,5771.426066,3408.722541,11362408.47,0,"{""601939.SH"": 23200.0}",-0.005559061325,-0.05801163905,0.9972804837
2025-06-12,V18 LambdaRank Top1 unscaled,206812.3223,215992.4709,564.3222582,1,5771.426066,3408.722541,11362408.47,0,"{""601939.SH"": 23200.0}",-0.003354082344,-0.06117114558,0.9972713316
2025-06-13,V18 LambdaRank Top1 unscaled,206116.3223,215296.4709,564.3222582,1,5771.426066,3408.722541,11362408.47,0,"{""601939.SH"": 23200.0}",-0.003365370073,-0.06433065211,0.9972621176
2025-06-16,V18 LambdaRank Top1 unscaled,209364.3223,218544.4709,564.3222582,1,5771.426066,3408.722541,11362408.47,0,"{""601939.SH"": 23200.0}",0.01575809215,-0.0495862883,0.9973045921
2025-06-17,V18 LambdaRank Top1 unscaled,209828.3223,219008.4709,564.3222582,1,5771.426066,3408.722541,11362408.47,0,"{""601939.SH"": 23200.0}",0.002216232427,-0.04747995061,0.9973105525
2025-06-18,V18 LambdaRank Top1 unscaled,214468.3223,223648.4709,564.3222582,1,5771.426066,3408.722541,11362408.47,0,"{""601939.SH"": 23200.0}",0.02211331602,-0.02641657375,0.9973687384
2025-06-19,V18 LambdaRank Top1 unscaled,214468.3223,223648.4709,564.3222582,1,5771.426066,3408.722541,11362408.47,0,"{""601939.SH"": 23200.0}",0,-0.02641657375,0.9973687384
2025-06-20,V18 LambdaRank Top1 unscaled,216556.3223,225736.4709,564.3222582,1,5771.426066,3408.722541,11362408.47,0,"{""601939.SH"": 23200.0}",0.00973570352,-0.01693805415,0.9973941086
2025-06-23,V18 LambdaRank Top1 unscaled,219804.3223,228984.4709,564.3222582,1,5771.426066,3408.722541,11362408.47,0,"{""601939.SH"": 23200.0}",0.01499840765,-0.002193690348,0.9974326153
2025-06-24,V18 LambdaRank Top1 unscaled,220500.3223,229680.4709,564.3222582,1,5771.426066,3408.722541,11362408.47,0,"{""601939.SH"": 23200.0}",0.003166452747,0,0.9974407191
2025-06-25,V18 LambdaRank Top1 unscaled,222124.3223,231304.4709,564.3222582,1,5771.426066,3408.722541,11362408.47,0,"{""601939.SH"": 23200.0}",0.007365068601,0,0.9974594306
2025-06-26,V18 LambdaRank Top1 unscaled,222588.3223,231768.4709,564.3222582,1,5771.426066,3408.722541,11362408.47,0,"{""601939.SH"": 23200.0}",0.002088920273,0,0.9974647266
2025-06-27,V18 LambdaRank Top1 unscaled,217948.3223,227128.4709,564.3222582,1,5771.426066,3408.722541,11362408.47,0,"{""601939.SH"": 23200.0}",-0.02084565782,-0.02084565782,0.997410752
2025-06-30,V18 LambdaRank Top1 unscaled,219572.3223,228752.4709,564.3222582,1,5771.426066,3408.722541,11362408.47,0,"{""601939.SH"": 23200.0}",0.007451307646,-0.01354967758,0.9974299026
2025-07-01,V18 LambdaRank Top1 unscaled,225836.3223,235016.4709,564.3222582,1,5771.426066,3408.722541,11362408.47,0,"{""601939.SH"": 23200.0}",0.02852818577,0,0.9975011891
2025-07-02,V18 LambdaRank Top1 unscaled,226776.8769,236323.4709,134.8769033,1,6002.132521,3544.461441,11814871.47,0,"{""601288.SH"": 37900.0}",0.004164762496,0,0.999405244
2025-07-03,V18 LambdaRank Top1 unscaled,225639.8769,235186.4709,134.8769033,1,6002.132521,3544.461441,11814871.47,0,"{""601288.SH"": 37900.0}",-0.005013738682,-0.005013738682,0.999402247
2025-07-04,V18 LambdaRank Top1 unscaled,228671.8769,238218.4709,134.8769033,1,6002.132521,3544.461441,11814871.47,0,"{""601288.SH"": 37900.0}",0.01343734114,0,0.9994101728
2025-07-07,V18 LambdaRank Top1 unscaled,230566.8769,240113.4709,134.8769033,1,6002.132521,3544.461441,11814871.47,0,"{""601288.SH"": 37900.0}",0.00828698319,0,0.9994150205
2025-07-08,V18 LambdaRank Top1 unscaled,232082.8769,241629.4709,134.8769033,1,6002.132521,3544.461441,11814871.47,0,"{""601288.SH"": 37900.0}",0.006575098819,0,0.9994188416
2025-07-09,V18 LambdaRank Top1 unscaled,235114.8769,244661.4709,134.8769033,1,6002.132521,3544.461441,11814871.47,0,"{""601288.SH"": 37900.0}",0.01306429858,0,0.9994263362
2025-07-10,V18 LambdaRank Top1 unscaled,239283.8769,248830.4709,134.8769033,1,6002.132521,3544.461441,11814871.47,0,"{""601288.SH"": 37900.0}",0.01773175758,0,0.999436331
2025-07-11,V18 LambdaRank Top1 unscaled,239662.8769,249209.4709,134.8769033,1,6002.132521,3544.461441,11814871.47,0,"{""601288.SH"": 37900.0}",0.001583892759,0,0.9994372224
2025-07-14,V18 LambdaRank Top1 unscaled,241936.8769,251483.4709,134.8769033,1,6002.132521,3544.461441,11814871.47,0,"{""601288.SH"": 37900.0}",0.009488328061,0,0.999442512
2025-07-15,V18 LambdaRank Top1 unscaled,240041.8769,249588.4709,134.8769033,1,6002.132521,3544.461441,11814871.47,0,"{""601288.SH"": 37900.0}",-0.007832621567,-0.007832621567,0.9994381109
2025-07-16,V18 LambdaRank Top1 unscaled,238525.8769,248072.4709,134.8769033,1,6002.132521,3544.461441,11814871.47,0,"{""601288.SH"": 37900.0}",-0.006315564682,-0.01409871882,0.9994345397
2025-07-17,V18 LambdaRank Top1 unscaled,237361.341,246907.935,134.8769033,1,6002.132521,3544.461441,11814871.47,0,"{""601288.SH"": 38699.26}",-0.004882220436,-0.0189121062,0.9994317655
2025-07-18,V18 LambdaRank Top1 unscaled,240844.2744,250390.8684,134.8769033,1,6002.132521,3544.461441,11814871.47,0,"{""601288.SH"": 38699.26}",0.01467354958,-0.004516064358,0.9994399829
2025-07-21,V18 LambdaRank Top1 unscaled,239683.2966,249229.8906,134.8769033,1,6002.132521,3544.461441,11814871.47,0,"{""601288.SH"": 38699.26}",-0.004820450078,-0.009314744973,0.9994372703
2025-07-22,V18 LambdaRank Top1 unscaled,236200.3632,245746.9572,134.8769033,1,6002.132521,3544.461441,11814871.47,0,"{""601288.SH"": 38699.26}",-0.01453139811,-0.02371078682,0.9994289725
2025-07-23,V18 LambdaRank Top1 unscaled,242005.2522,251551.8462,134.8769033,1,6002.132521,3544.461441,11814871.47,0,"{""601288.SH"": 38699.26}",0.02457612227,0,0.9994426695
2025-07-24,V18 LambdaRank Top1 unscaled,240070.2892,249616.8832,134.8769033,1,6002.132521,3544.461441,11814871.47,0,"{""601288.SH"": 38699.26}",-0.007995541356,-0.007995541356,0.9994381774
2025-07-25,V18 LambdaRank Top1 unscaled,239296.304,248842.898,134.8769033,1,6002.132521,3544.461441,11814871.47,0,"{""601288.SH"": 38699.26}",-0.003223994121,-0.0111937579,0.9994363603
2025-07-28,V18 LambdaRank Top1 unscaled,239683.2966,249229.8906,134.8769033,1,6002.132521,3544.461441,11814871.47,0,"{""601288.SH"": 38699.26}",0.001617210939,-0.009594649627,0.9994372703
2025-07-29,V18 LambdaRank Top1 unscaled,237748.3336,247294.9276,134.8769033,1,6002.132521,3544.461441,11814871.47,0,"{""601288.SH"": 38699.26}",-0.008072998953,-0.01759019098,0.9994326904
2025-07-30,V18 LambdaRank Top1 unscaled,241231.267,250777.861,134.8769033,1,6002.132521,3544.461441,11814871.47,0,"{""601288.SH"": 38699.26}",0.01464966484,-0.003198216542,0.9994408813
2025-07-31,V18 LambdaRank Top1 unscaled,243940.2152,253486.8092,134.8769033,1,6002.132521,3544.461441,11814871.47,0,"{""601288.SH"": 38699.26}",0.01122967282,0,0.9994470903
2025-08-01,V18 LambdaRank Top1 unscaled,245101.193,254647.787,134.8769033,1,6002.132521,3544.461441,11814871.47,0,"{""601288.SH"": 38699.26}",0.004759271859,0,0.9994497093
2025-08-04,V18 LambdaRank Top1 unscaled,246859.0219,256802.7796,223.021856,1,6252.229875,3691.527834,12305092.78,0,"{""601988.SH"": 44200.0}",0.007171849441,0,0.9990965619
2025-08-05,V18 LambdaRank Top1 unscaled,249953.0219,259896.7796,223.021856,1,6252.229875,3691.527834,12305092.78,0,"{""601988.SH"": 44200.0}",0.01253346941,0,0.9991077449
2025-08-06,V18 LambdaRank Top1 unscaled,250395.0219,260338.7796,223.021856,1,6252.229875,3691.527834,12305092.78,0,"{""601988.SH"": 44200.0}",0.001768332292,0,0.9991093199
2025-08-07,V18 LambdaRank Top1 unscaled,253047.0219,262990.7796,223.021856,1,6252.229875,3691.527834,12305092.78,0,"{""601988.SH"": 44200.0}",0.01059126488,0,0.9991186545
2025-08-08,V18 LambdaRank Top1 unscaled,250837.0219,260780.7796,223.021856,1,6252.229875,3691.527834,12305092.78,0,"{""601988.SH"": 44200.0}",-0.008733554672,-0.008733554672,0.9991108894
2025-08-11,V18 LambdaRank Top1 unscaled,248627.0219,258570.7796,223.021856,1,6252.229875,3691.527834,12305092.78,0,"{""601988.SH"": 44200.0}",-0.00881050167,-0.01746710934,0.9991029863
2025-08-12,V18 LambdaRank Top1 unscaled,250395.0219,260338.7796,223.021856,1,6252.229875,3691.527834,12305092.78,0,"{""601988.SH"": 44200.0}",0.007111053283,-0.01048026561,0.9991093199
2025-08-13,V18 LambdaRank Top1 unscaled,246859.0219,256802.7796,223.021856,1,6252.229875,3691.527834,12305092.78,0,"{""601988.SH"": 44200.0}",-0.0141216865,-0.02445395308,0.9990965619
2025-08-14,V18 LambdaRank Top1 unscaled,246417.0219,256360.7796,223.021856,1,6252.229875,3691.527834,12305092.78,0,"{""601988.SH"": 44200.0}",-0.001790495631,-0.02620066402,0.9990949414
2025-08-15,V18 LambdaRank Top1 unscaled,241113.0219,251056.7796,223.021856,1,6252.229875,3691.527834,12305092.78,0,"{""601988.SH"": 44200.0}",-0.02152448707,-0.04716119523,0.9990750319
2025-08-18,V18 LambdaRank Top1 unscaled,241113.0219,251056.7796,223.021856,1,6252.229875,3691.527834,12305092.78,0,"{""601988.SH"": 44200.0}",0,-0.04716119523,0.9990750319
2025-08-19,V18 LambdaRank Top1 unscaled,245975.0219,255918.7796,223.021856,1,6252.229875,3691.527834,12305092.78,0,"{""601988.SH"": 44200.0}",0.02016481716,-0.02794737495,0.999093315
2025-08-20,V18 LambdaRank Top1 unscaled,250837.0219,260780.7796,223.021856,1,6252.229875,3691.527834,12305092.78,0,"{""601988.SH"": 44200.0}",0.01976623465,-0.008733554672,0.9991108894
2025-08-21,V18 LambdaRank Top1 unscaled,252605.0219,262548.7796,223.021856,1,6252.229875,3691.527834,12305092.78,0,"{""601988.SH"": 44200.0}",0.007048401336,-0.001746710934,0.9991171123
2025-08-22,V18 LambdaRank Top1 unscaled,252163.0219,262106.7796,223.021856,1,6252.229875,3691.527834,12305092.78,0,"{""601988.SH"": 44200.0}",-0.001749767272,-0.003493421869,0.9991155648
2025-08-25,V18 LambdaRank Top1 unscaled,251279.0219,261222.7796,223.021856,1,6252.229875,3691.527834,12305092.78,0,"{""601988.SH"": 44200.0}",-0.003505668648,-0.006986843738,0.9991124533
2025-08-26,V18 LambdaRank Top1 unscaled,250395.0219,260338.7796,223.021856,1,6252.229875,3691.527834,12305092.78,0,"{""601988.SH"": 44200.0}",-0.003518001596,-0.01048026561,0.9991093199
2025-08-27,V18 LambdaRank Top1 unscaled,245533.0219,255476.7796,223.021856,1,6252.229875,3691.527834,12305092.78,0,"{""601988.SH"": 44200.0}",-0.01941731894,-0.02969408589,0.9990916828
2025-08-28,V18 LambdaRank Top1 unscaled,244649.0219,254592.7796,223.021856,1,6252.229875,3691.527834,12305092.78,0,"{""601988.SH"": 44200.0}",-0.003600330389,-0.03318750775,0.9990884008
2025-08-29,V18 LambdaRank Top1 unscaled,244207.0219,254150.7796,223.021856,1,6252.229875,3691.527834,12305092.78,0,"{""601988.SH"": 44200.0}",-0.001806669803,-0.03493421869,0.9990867508
2025-09-01,V18 LambdaRank Top1 unscaled,244207.0219,254150.7796,223.021856,1,6252.229875,3691.527834,12305092.78,0,"{""601988.SH"": 44200.0}",0,-0.03493421869,0.9990867508
2025-09-02,V18 LambdaRank Top1 unscaled,248654.2569,258992.7796,636.2569166,1,6500.846814,3837.675834,12792252.78,0,"{""601939.SH"": 26900.0}",0.01821092214,-0.01735948089,0.9974411984
2025-09-03,V18 LambdaRank Top1 unscaled,246233.2569,256571.7796,636.2569166,1,6500.846814,3837.675834,12792252.78,0,"{""601939.SH"": 26900.0}",-0.00973641083,-0.02692687268,0.9974160399
2025-09-04,V18 LambdaRank Top1 unscaled,248116.2569,258454.7796,636.2569166,1,6500.846814,3837.675834,12792252.78,0,"{""601939.SH"": 26900.0}",0.007647220459,-0.01948556795,0.99743565
2025-09-05,V18 LambdaRank Top1 unscaled,244081.2569,254419.7796,636.2569166,1,6500.846814,3837.675834,12792252.78,0,"{""601939.SH"": 26900.0}",-0.01626253777,-0.03543122094,0.9973932578
2025-09-08,V18 LambdaRank Top1 unscaled,242736.2569,253074.7796,636.2569166,1,6500.846814,3837.675834,12792252.78,0,"{""601939.SH"": 26900.0}",-0.005510459988,-0.0407464386,0.9973788138
2025-09-09,V18 LambdaRank Top1 unscaled,243005.2569,253343.7796,636.2569166,1,6500.846814,3837.675834,12792252.78,0,"{""601939.SH"": 26900.0}",0.001108198682,-0.03968339507,0.9973817154
2025-09-10,V18 LambdaRank Top1 unscaled,246771.2569,257109.7796,636.2569166,1,6500.846814,3837.675834,12792252.78,0,"{""601939.SH"": 26900.0}",0.01549760712,-0.02480078561,0.9974216733
2025-09-11,V18 LambdaRank Top1 unscaled,247040.2569,257378.7796,636.2569166,1,6500.846814,3837.675834,12792252.78,0,"{""601939.SH"": 26900.0}",0.001090078331,-0.02373774208,0.9974244808
2025-09-12,V18 LambdaRank Top1 unscaled,245964.2569,256302.7796,636.2569166,1,6500.846814,3837.675834,12792252.78,0,"{""601939.SH"": 26900.0}",-0.004355565418,-0.02798991621,0.9974132139
2025-09-15,V18 LambdaRank Top1 unscaled,243812.2569,254150.7796,636.2569166,1,6500.846814,3837.675834,12792252.78,0,"{""601939.SH"": 26900.0}",-0.008749238719,-0.03649426447,0.9973903817
2025-09-16,V18 LambdaRank Top1 unscaled,243005.2569,253343.7796,636.2569166,1,6500.846814,3837.675834,12792252.78,0,"{""601939.SH"": 26900.0}",-0.003309923833,-0.03968339507,0.9973817154
2025-09-17,V18 LambdaRank Top1 unscaled,242736.2569,253074.7796,636.2569166,1,6500.846814,3837.675834,12792252.78,0,"{""601939.SH"": 26900.0}",-0.001106971937,-0.0407464386,0.9973788138
2025-09-18,V18 LambdaRank Top1 unscaled,236549.2569,246887.7796,636.2569166,1,6500.846814,3837.675834,12792252.78,0,"{""601939.SH"": 26900.0}",-0.02548856969,-0.06519643985,0.9973102561
2025-09-19,V18 LambdaRank Top1 unscaled,239508.2569,249846.7796,636.2569166,1,6500.846814,3837.675834,12792252.78,0,"{""601939.SH"": 26900.0}",0.0125090226,-0.05350296099,0.9973434865
2025-09-22,V18 LambdaRank Top1 unscaled,231707.2569,242045.7796,636.2569166,1,6500.846814,3837.675834,12792252.78,0,"{""601939.SH"": 26900.0}",-0.03257090215,-0.08433122343,0.9972540484
2025-09-23,V18 LambdaRank Top1 unscaled,238701.2569,249039.7796,636.2569166,1,6500.846814,3837.675834,12792252.78,0,"{""601939.SH"": 26900.0}",0.03018463942,-0.05669209159,0.9973345054
2025-09-24,V18 LambdaRank Top1 unscaled,236011.2569,246349.7796,636.2569166,1,6500.846814,3837.675834,12792252.78,0,"{""601939.SH"": 26900.0}",-0.01126931644,-0.06732252691,0.9973041247
2025-09-25,V18 LambdaRank Top1 unscaled,235473.2569,245811.7796,636.2569166,1,6500.846814,3837.675834,12792252.78,0,"{""601939.SH"": 26900.0}",-0.002279552285,-0.06944861398,0.9972979653
2025-09-26,V18 LambdaRank Top1 unscaled,233590.2569,243928.7796,636.2569166,1,6500.846814,3837.675834,12792252.78,0,"{""601939.SH"": 26900.0}",-0.007996661806,-0.07688991871,0.9972761838
2025-09-29,V18 LambdaRank Top1 unscaled,231976.2569,242314.7796,636.2569166,1,6500.846814,3837.675834,12792252.78,0,"{""601939.SH"": 26900.0}",-0.006909534761,-0.0832681799,0.9972572326
2025-09-30,V18 LambdaRank Top1 unscaled,232245.2569,242583.7796,636.2569166,1,6500.846814,3837.675834,12792252.78,0,"{""601939.SH"": 26900.0}",0.001159601433,-0.08220513637,0.9972604094
2025-10-09,V18 LambdaRank Top1 unscaled,233859.2569,244197.7796,636.2569166,1,6500.846814,3837.675834,12792252.78,0,"{""601939.SH"": 26900.0}",0.006949549891,-0.07582687517,0.9972793169
2025-10-10,V18 LambdaRank Top1 unscaled,237186.7364,247901.7796,185.7364132,1,6737.895518,3977.147634,13257158.78,0,"{""601288.SH"": 34700.0}",0.01422855584,-0.06267722626,0.9992169191
2025-10-13,V18 LambdaRank Top1 unscaled,239962.7364,250677.7796,185.7364132,1,6737.895518,3977.147634,13257158.78,0,"{""601288.SH"": 34700.0}",0.0117038585,-0.05170693315,0.9992259781
2025-10-14,V18 LambdaRank Top1 unscaled,247596.7364,258311.7796,185.7364132,1,6737.895518,3977.147634,13257158.78,0,"{""601288.SH"": 34700.0}",0.03181327282,-0.0215386271,0.999249843
2025-10-15,V18 LambdaRank Top1 unscaled,252454.7364,263169.7796,185.7364132,1,6737.895518,3977.147634,13257158.78,0,"{""601288.SH"": 34700.0}",0.01962061403,-0.002340614161,0.9992642784
2025-10-16,V18 LambdaRank Top1 unscaled,260088.7364,270803.7796,185.7364132,1,6737.895518,3977.147634,13257158.78,0,"{""601288.SH"": 34700.0}",0.03023908408,0,0.9992858729
2025-10-17,V18 LambdaRank Top1 unscaled,264599.7364,275314.7796,185.7364132,1,6737.895518,3977.147634,13257158.78,0,"{""601288.SH"": 34700.0}",0.01734408057,0,0.9992980476
2025-10-20,V18 LambdaRank Top1 unscaled,269110.7364,279825.7796,185.7364132,1,6737.895518,3977.147634,13257158.78,0,"{""601288.SH"": 34700.0}",0.01704839189,0,0.9993098142
2025-10-21,V18 LambdaRank Top1 unscaled,273621.7364,284336.7796,185.7364132,1,6737.895518,3977.147634,13257158.78,0,"{""601288.SH"": 34700.0}",0.01676261624,0,0.9993211928
2025-10-22,V18 LambdaRank Top1 unscaled,280908.7364,291623.7796,185.7364132,1,6737.895518,3977.147634,13257158.78,0,"{""601288.SH"": 34700.0}",0.02663165615,0,0.9993388016
2025-10-23,V18 LambdaRank Top1 unscaled,277438.7364,288153.7796,185.7364132,1,6737.895518,3977.147634,13257158.78,0,"{""601288.SH"": 34700.0}",-0.0123527664,-0.0123527664,0.9993305318
2025-10-24,V18 LambdaRank Top1 unscaled,277438.7364,288153.7796,185.7364132,1,6737.895518,3977.147634,13257158.78,0,"{""601288.SH"": 34700.0}",0,-0.0123527664,0.9993305318
2025-10-27,V18 LambdaRank Top1 unscaled,284031.7364,294746.7796,185.7364132,1,6737.895518,3977.147634,13257158.78,0,"{""601288.SH"": 34700.0}",0.02376380489,0,0.9993460716
2025-10-28,V18 LambdaRank Top1 unscaled,288542.7364,299257.7796,185.7364132,1,6737.895518,3977.147634,13257158.78,0,"{""601288.SH"": 34700.0}",0.01588202803,0,0.999356295
2025-10-29,V18 LambdaRank Top1 unscaled,282990.7364,293705.7796,185.7364132,1,6737.895518,3977.147634,13257158.78,0,"{""601288.SH"": 34700.0}",-0.01924151711,-0.01924151711,0.9993436661
2025-10-30,V18 LambdaRank Top1 unscaled,279867.7364,290582.7796,185.7364132,1,6737.895518,3977.147634,13257158.78,0,"{""601288.SH"": 34700.0}",-0.01103569693,-0.03006487049,0.9993363422
2025-10-31,V18 LambdaRank Top1 unscaled,276397.7364,287112.7796,185.7364132,1,6737.895518,3977.147634,13257158.78,0,"{""601288.SH"": 34700.0}",-0.01239871392,-0.04209081868,0.9993280104
2025-11-03,V18 LambdaRank Top1 unscaled,278132.7364,288847.7796,185.7364132,1,6737.895518,3977.147634,13257158.78,0,"{""601288.SH"": 34700.0}",0.006277185995,-0.03607784458,0.9993322023
2025-11-04,V18 LambdaRank Top1 unscaled,286107.0685,297271.7796,744.0685239,1,7021.097607,4143.613434,13812044.78,0,"{""601398.SH"": 35100.0}",0.02867095838,-0.008441272581,0.9973993354
2025-11-05,V18 LambdaRank Top1 unscaled,286458.0685,297622.7796,744.0685239,1,7021.097607,4143.613434,13812044.78,0,"{""601398.SH"": 35100.0}",0.001226813451,-0.007224814997,0.997402522
2025-11-06,V18 LambdaRank Top1 unscaled,284703.0685,295867.7796,744.0685239,1,7021.097607,4143.613434,13812044.78,0,"{""601398.SH"": 35100.0}",-0.006126551118,-0.01330710292,0.9973865103
2025-11-07,V18 LambdaRank Top1 unscaled,283299.0685,294463.7796,744.0685239,1,7021.097607,4143.613434,13812044.78,0,"{""601398.SH"": 35100.0}",-0.004931453698,-0.01817293325,0.9973735582
2025-11-10,V18 LambdaRank Top1 unscaled,285756.0685,296920.7796,744.0685239,1,7021.097607,4143.613434,13812044.78,0,"{""601398.SH"": 35100.0}",0.008672813549,-0.009657730165,0.997396141
2025-11-11,V18 LambdaRank Top1 unscaled,287160.0685,298324.7796,744.0685239,1,7021.097607,4143.613434,13812044.78,0,"{""601398.SH"": 35100.0}",0.004913281483,-0.004791899829,0.9974088719
2025-11-12,V18 LambdaRank Top1 unscaled,288213.0685,299377.7796,744.0685239,1,7021.097607,4143.613434,13812044.78,0,"{""601398.SH"": 35100.0}",0.003666944382,-0.001142527077,0.9974183387
2025-11-13,V18 LambdaRank Top1 unscaled,288915.0685,300079.7796,744.0685239,1,7021.097607,4143.613434,13812044.78,0,"{""601398.SH"": 35100.0}",0.002435698019,0,0.9974246116
2025-11-14,V18 LambdaRank Top1 unscaled,290319.0685,301483.7796,744.0685239,1,7021.097607,4143.613434,13812044.78,0,"{""601398.SH"": 35100.0}",0.004859559618,0,0.9974370663
2025-11-17,V18 LambdaRank Top1 unscaled,287511.0685,298675.7796,744.0685239,1,7021.097607,4143.613434,13812044.78,0,"{""601398.SH"": 35100.0}",-0.009672117007,-0.009672117007,0.9974120352
2025-11-18,V18 LambdaRank Top1 unscaled,288564.0685,299728.7796,744.0685239,1,7021.097607,4143.613434,13812044.78,0,"{""601398.SH"": 35100.0}",0.003662467694,-0.006045073129,0.997421479
2025-11-19,V18 LambdaRank Top1 unscaled,289617.0685,300781.7796,744.0685239,1,7021.097607,4143.613434,13812044.78,0,"{""601398.SH"": 35100.0}",0.003649102972,-0.002418029252,0.997430854
2025-11-20,V18 LambdaRank Top1 unscaled,291021.0685,302185.7796,744.0685239,1,7021.097607,4143.613434,13812044.78,0,"{""601398.SH"": 35100.0}",0.004847780579,0,0.9974432486
2025-11-21,V18 LambdaRank Top1 unscaled,290319.0685,301483.7796,744.0685239,1,7021.097607,4143.613434,13812044.78,0,"{""601398.SH"": 35100.0}",-0.00241219649,-0.00241219649,0.9974370663
2025-11-24,V18 LambdaRank Top1 unscaled,288564.0685,299728.7796,744.0685239,1,7021.097607,4143.613434,13812044.78,0,"{""601398.SH"": 35100.0}",-0.006045073129,-0.008442687715,0.997421479
2025-11-25,V18 LambdaRank Top1 unscaled,292425.0685,303589.7796,744.0685239,1,7021.097607,4143.613434,13812044.78,0,"{""601398.SH"": 35100.0}",0.01338004423,0,0.9974555242
2025-11-26,V18 LambdaRank Top1 unscaled,287160.0685,298324.7796,744.0685239,1,7021.097607,4143.613434,13812044.78,0,"{""601398.SH"": 35100.0}",-0.01800461235,-0.01800461235,0.9974088719
2025-11-27,V18 LambdaRank Top1 unscaled,287160.0685,298324.7796,744.0685239,1,7021.097607,4143.613434,13812044.78,0,"{""601398.SH"": 35100.0}",0,-0.01800461235,0.9974088719
2025-11-28,V18 LambdaRank Top1 unscaled,285405.0685,296569.7796,744.0685239,1,7021.097607,4143.613434,13812044.78,0,"{""601398.SH"": 35100.0}",-0.00611157397,-0.0240061498,0.9973929386
2025-12-01,V18 LambdaRank Top1 unscaled,284703.0685,295867.7796,744.0685239,1,7021.097607,4143.613434,13812044.78,0,"{""601398.SH"": 35100.0}",-0.002459661994,-0.02640676478,0.9973865103
2025-12-02,V18 LambdaRank Top1 unscaled,286023.2247,297647.7796,511.2246755,1,7310.634156,4313.920734,14379735.78,0,"{""601288.SH"": 35600.0}",0.004636957931,-0.02189225391,0.9982126463
2025-12-03,V18 LambdaRank Top1 unscaled,284599.2247,296223.7796,511.2246755,1,7310.634156,4313.920734,14379735.78,0,"{""601288.SH"": 35600.0}",-0.00497861669,-0.02676187745,0.9982037032
2025-12-04,V18 LambdaRank Top1 unscaled,281751.2247,293375.7796,511.2246755,1,7310.634156,4313.920734,14379735.78,0,"{""601288.SH"": 35600.0}",-0.01000705467,-0.03650112455,0.9981855459
2025-12-05,V18 LambdaRank Top1 unscaled,278903.2247,290527.7796,511.2246755,1,7310.634156,4313.920734,14379735.78,0,"{""601288.SH"": 35600.0}",-0.01010820806,-0.04624037165,0.9981670177
2025-12-08,V18 LambdaRank Top1 unscaled,279615.2247,291239.7796,511.2246755,1,7310.634156,4313.920734,14379735.78,0,"{""601288.SH"": 35600.0}",0.002552856823,-0.04380555988,0.9981716851
2025-12-09,V18 LambdaRank Top1 unscaled,286735.2247,298359.7796,511.2246755,1,7310.634156,4313.920734,14379735.78,0,"{""601288.SH"": 35600.0}",0.0254635634,-0.01945744213,0.9982170845
2025-12-10,V18 LambdaRank Top1 unscaled,278903.2247,290527.7796,511.2246755,1,7310.634156,4313.920734,14379735.78,0,"{""601288.SH"": 35600.0}",-0.02731439783,-0.04624037165,0.9981670177
2025-12-11,V18 LambdaRank Top1 unscaled,282819.2247,294443.7796,511.2246755,1,7310.634156,4313.920734,14379735.78,0,"{""601288.SH"": 35600.0}",0.01404071253,-0.03284890689,0.9981923977
2025-12-12,V18 LambdaRank Top1 unscaled,275343.2247,286967.7796,511.2246755,1,7310.634156,4313.920734,14379735.78,0,"{""601288.SH"": 35600.0}",-0.0264338466,-0.05841443052,0.9981433185
2025-12-15,V18 LambdaRank Top1 unscaled,271370.0331,282994.588,511.2246755,1,7310.634156,4313.920734,14379735.78,0,"{""601288.SH"": 36162.7248}",-0.01442995935,-0.07200147202,0.9981161344
2025-12-16,V18 LambdaRank Top1 unscaled,267030.5062,278655.0611,511.2246755,1,7310.634156,4313.920734,14379735.78,0,"{""601288.SH"": 36162.7248}",-0.01599117972,-0.08684126326,0.9980855196
2025-12-17,V18 LambdaRank Top1 unscaled,269923.5241,281548.079,511.2246755,1,7310.634156,4313.920734,14379735.78,0,"{""601288.SH"": 36162.7248}",0.01083403549,-0.0769480691,0.9981060388
2025-12-18,V18 LambdaRank Top1 unscaled,275347.9329,286972.4877,511.2246755,1,7310.634156,4313.920734,14379735.78,0,"{""601288.SH"": 36162.7248}",0.02009609474,-0.05839833004,0.9981433502
2025-12-19,V18 LambdaRank Top1 unscaled,273539.7966,285164.3515,511.2246755,1,7310.634156,4313.920734,14379735.78,0,"{""601288.SH"": 36162.7248}",-0.006566732567,-0.06458157639,0.9981310775
2025-12-22,V18 LambdaRank Top1 unscaled,274986.3056,286610.8605,511.2246755,1,7310.634156,4313.920734,14379735.78,0,"{""601288.SH"": 36162.7248}",0.005288111669,-0.05963497931,0.9981409086
2025-12-23,V18 LambdaRank Top1 unscaled,277517.6963,289142.2512,511.2246755,1,7310.634156,4313.920734,14379735.78,0,"{""601288.SH"": 36162.7248}",0.009205515626,-0.05097843442,0.9981578664
2025-12-24,V18 LambdaRank Top1 unscaled,276794.4419,288418.9967,511.2246755,1,7310.634156,4313.920734,14379735.78,0,"{""601288.SH"": 36162.7248}",-0.002606156309,-0.05345173296,0.998153053
2025-12-25,V18 LambdaRank Top1 unscaled,274624.6784,286249.2333,511.2246755,1,7310.634156,4313.920734,14379735.78,0,"{""601288.SH"": 36162.7248}",-0.007838898322,-0.06087162858,0.9981384605
2025-12-26,V18 LambdaRank Top1 unscaled,272093.2876,283717.8425,511.2246755,1,7310.634156,4313.920734,14379735.78,0,"{""601288.SH"": 36162.7248}",-0.009217637498,-0.06952817347,0.9981211419
2025-12-29,V18 LambdaRank Top1 unscaled,276794.4419,288418.9967,511.2246755,1,7310.634156,4313.920734,14379735.78,0,"{""601288.SH"": 36162.7248}",0.01727772949,-0.05345173296,0.998153053
2025-12-30,V18 LambdaRank Top1 unscaled,275709.5601,287334.115,511.2246755,1,7310.634156,4313.920734,14379735.78,0,"{""601288.SH"": 36162.7248}",-0.003919449161,-0.05716168077,0.9981457855
2025-12-31,V18 LambdaRank Top1 unscaled,278240.9508,289865.5057,511.2246755,1,7310.634156,4313.920734,14379735.78,0,"{""601288.SH"": 36162.7248}",0.009181367278,-0.04850513588,0.9981626548
2026-01-05,V18 LambdaRank Top1 unscaled,274263.0511,285887.606,511.2246755,1,7310.634156,4313.920734,14379735.78,0,"{""601288.SH"": 36162.7248}",-0.01429660052,-0.06210827785,0.998136006
2026-01-06,V18 LambdaRank Top1 unscaled,273901.4239,285525.9788,511.2246755,1,7310.634156,4313.920734,14379735.78,0,"{""601288.SH"": 36162.7248}",-0.00131854162,-0.06334492712,0.998133545
2026-01-07,V18 LambdaRank Top1 unscaled,271370.0331,282994.588,511.2246755,1,7310.634156,4313.920734,14379735.78,0,"{""601288.SH"": 36162.7248}",-0.009241977269,-0.07200147202,0.9981161344
2026-01-08,V18 LambdaRank Top1 unscaled,269561.8969,281186.4518,511.2246755,1,7310.634156,4313.920734,14379735.78,0,"{""601288.SH"": 36162.7248}",-0.006662991551,-0.07818471837,0.998103498
2026-01-09,V18 LambdaRank Top1 unscaled,268477.0152,280101.57,511.2246755,1,7310.634156,4313.920734,14379735.78,0,"{""601288.SH"": 36162.7248}",-0.004024610879,-0.08189466618,0.9980958345
2026-01-12,V18 LambdaRank Top1 unscaled,272454.9149,284079.4698,511.2246755,1,7310.634156,4313.920734,14379735.78,0,"{""601288.SH"": 36162.7248}",0.01481653735,-0.0682915242,0.9981236357
2026-01-13,V18 LambdaRank Top1 unscaled,275709.5601,287334.115,511.2246755,1,7310.634156,4313.920734,14379735.78,0,"{""601288.SH"": 36162.7248}",0.01194562862,-0.05716168077,0.9981457855
2026-01-14,V18 LambdaRank Top1 unscaled,271008.4059,282632.9608,511.2246755,1,7310.634156,4313.920734,14379735.78,0,"{""601288.SH"": 36162.7248}",-0.01705111066,-0.07323812129,0.9981136206
2026-01-15,V18 LambdaRank Top1 unscaled,265583.9972,277208.5521,511.2246755,1,7310.634156,4313.920734,14379735.78,0,"{""601288.SH"": 36162.7248}",-0.02001564747,-0.09178786034,0.9980750923
2026-01-16,V18 LambdaRank Top1 unscaled,261244.4702,272869.0251,511.2246755,1,7310.634156,4313.920734,14379735.78,0,"{""601288.SH"": 36162.7248}",-0.01633956495,-0.1066276516,0.9980431177
2026-01-19,V18 LambdaRank Top1 unscaled,257266.5705,268891.1254,511.2246755,1,7310.634156,4313.920734,14379735.78,0,"{""601288.SH"": 36162.7248}",-0.01522673273,-0.1202307936,0.9980128601
2026-01-20,V18 LambdaRank Top1 unscaled,259797.9612,271422.5161,511.2246755,1,7310.634156,4313.920734,14379735.78,0,"{""601288.SH"": 36162.7248}",0.009839563409,-0.1115742487,0.9980322221
2026-01-21,V18 LambdaRank Top1 unscaled,252203.789,263828.3439,511.2246755,1,7310.634156,4313.920734,14379735.78,0,"{""601288.SH"": 36162.7248}",-0.02923106927,-0.1375438833,0.9979729699
2026-01-22,V18 LambdaRank Top1 unscaled,246779.3803,258403.9352,511.2246755,1,7310.634156,4313.920734,14379735.78,0,"{""601288.SH"": 36162.7248}",-0.02150803814,-0.1560936224,0.9979284141
2026-01-23,V18 LambdaRank Top1 unscaled,244609.6168,256234.1717,511.2246755,1,7310.634156,4313.920734,14379735.78,0,"{""601288.SH"": 36162.7248}",-0.008792320829,-0.163513518,0.9979100385
2026-01-26,V18 LambdaRank Top1 unscaled,247864.262,259488.8169,511.2246755,1,7310.634156,4313.920734,14379735.78,0,"{""601288.SH"": 36162.7248}",0.01330546718,-0.1523836746,0.9979374813
2026-01-27,V18 LambdaRank Top1 unscaled,249672.3983,261296.9532,511.2246755,1,7310.634156,4313.920734,14379735.78,0,"{""601288.SH"": 36162.7248}",0.007294864629,-0.1462004282,0.9979524181
2026-01-28,V18 LambdaRank Top1 unscaled,246417.7531,258042.3079,511.2246755,1,7310.634156,4313.920734,14379735.78,0,"{""601288.SH"": 36162.7248}",-0.01303566294,-0.1573302717,0.997925374
2026-01-29,V18 LambdaRank Top1 unscaled,245694.4986,257319.0534,511.2246755,1,7310.634156,4313.920734,14379735.78,0,"{""601288.SH"": 36162.7248}",-0.002935074629,-0.1598035702,0.9979192669
2026-01-30,V18 LambdaRank Top1 unscaled,243524.7351,255149.29,511.2246755,1,7310.634156,4313.920734,14379735.78,0,"{""601288.SH"": 36162.7248}",-0.008831143955,-0.1672234658,0.9979007279
2026-02-02,V18 LambdaRank Top1 unscaled,245694.4986,257319.0534,511.2246755,1,7310.634156,4313.920734,14379735.78,0,"{""601288.SH"": 36162.7248}",0.008909827928,-0.1598035702,0.9979192669
2026-02-03,V18 LambdaRank Top1 unscaled,241354.9716,252979.5265,511.2246755,1,7310.634156,4313.920734,14379735.78,0,"{""601288.SH"": 36162.7248}",-0.01766228791,-0.1746433615,0.9978818556
2026-02-04,V18 LambdaRank Top1 unscaled,241716.5988,253341.1537,511.2246755,1,7310.634156,4313.920734,14379735.78,0,"{""601288.SH"": 36162.7248}",0.001498321105,-0.1734067122,0.9978850245
2026-02-05,V18 LambdaRank Top1 unscaled,242801.4806,254426.0355,511.2246755,1,7310.634156,4313.920734,14379735.78,0,"{""601288.SH"": 36162.7248}",0.004488238491,-0.1696967644,0.9978944746
2026-02-06,V18 LambdaRank Top1 unscaled,241716.5988,253341.1537,511.2246755,1,7310.634156,4313.920734,14379735.78,0,"{""601288.SH"": 36162.7248}",-0.004468184215,-0.1734067122,0.9978850245
2026-02-09,V18 LambdaRank Top1 unscaled,243163.1078,254787.6627,511.2246755,1,7310.634156,4313.920734,14379735.78,0,"{""601288.SH"": 36162.7248}",0.005984317988,-0.1684601151,0.9978976059
2026-02-10,V18 LambdaRank Top1 unscaled,243886.3623,255510.9172,511.2246755,1,7310.634156,4313.920734,14379735.78,0,"{""601288.SH"": 36162.7248}",0.002974359481,-0.1659868166,0.9979038407
2026-02-11,V18 LambdaRank Top1 unscaled,246056.1258,257680.6807,511.2246755,1,7310.634156,4313.920734,14379735.78,0,"{""601288.SH"": 36162.7248}",0.008896616707,-0.1585669209,0.9979223249
2026-02-12,V18 LambdaRank Top1 unscaled,239546.8353,251171.3902,511.2246755,1,7310.634156,4313.920734,14379735.78,0,"{""601288.SH"": 36162.7248}",-0.02645449462,-0.1808266078,0.9978658675
2026-02-13,V18 LambdaRank Top1 unscaled,235930.5629,247555.1178,511.2246755,1,7310.634156,4313.920734,14379735.78,0,"{""601288.SH"": 36162.7248}",-0.01509630662,-0.1931931005,0.9978331562
2026-02-24,V18 LambdaRank Top1 unscaled,234845.6811,246470.236,511.2246755,1,7310.634156,4313.920734,14379735.78,0,"{""601288.SH"": 36162.7248}",-0.004598309476,-0.1969030483,0.9978231464
2026-02-25,V18 LambdaRank Top1 unscaled,235930.5629,247555.1178,511.2246755,1,7310.634156,4313.920734,14379735.78,0,"{""601288.SH"": 36162.7248}",0.004619551604,-0.1931931005,0.9978331562
2026-02-26,V18 LambdaRank Top1 unscaled,232675.9176,244300.4725,511.2246755,1,7310.634156,4313.920734,14379735.78,0,"{""601288.SH"": 36162.7248}",-0.01379492843,-0.2043229439,0.9978028466
2026-02-27,V18 LambdaRank Top1 unscaled,231952.6631,243577.218,511.2246755,1,7310.634156,4313.920734,14379735.78,0,"{""601288.SH"": 36162.7248}",-0.003108420083,-0.2067962425,0.9977959957
2026-03-02,V18 LambdaRank Top1 unscaled,234845.6811,246470.236,511.2246755,1,7310.634156,4313.920734,14379735.78,0,"{""601288.SH"": 36162.7248}",0.01247244995,-0.1969030483,0.9978231464
2026-03-03,V18 LambdaRank Top1 unscaled,243886.3623,255510.9172,511.2246755,1,7310.634156,4313.920734,14379735.78,0,"{""601288.SH"": 36162.7248}",0.03849626336,-0.1659868166,0.9979038407
2026-03-04,V18 LambdaRank Top1 unscaled,242078.2261,253702.781,511.2246755,1,7310.634156,4313.920734,14379735.78,0,"{""601288.SH"": 36162.7248}",-0.007413847256,-0.1721700629,0.997888184
2026-03-05,V18 LambdaRank Top1 unscaled,244247.9896,255872.5445,511.2246755,1,7310.634156,4313.920734,14379735.78,0,"{""601288.SH"": 36162.7248}",0.008963067521,-0.1647501673,0.9979069442
2026-03-06,V18 LambdaRank Top1 unscaled,242801.4806,254426.0355,511.2246755,1,7310.634156,4313.920734,14379735.78,0,"{""601288.SH"": 36162.7248}",-0.005922296405,-0.1696967644,0.9978944746
2026-03-09,V18 LambdaRank Top1 unscaled,241354.9716,252979.5265,511.2246755,1,7310.634156,4313.920734,14379735.78,0,"{""601288.SH"": 36162.7248}",-0.005957578953,-0.1746433615,0.9978818556
2026-03-10,V18 LambdaRank Top1 unscaled,238461.9536,250086.5085,511.2246755,1,7310.634156,4313.920734,14379735.78,0,"{""601288.SH"": 36162.7248}",-0.01198656884,-0.1845365556,0.9978561583
2026-03-11,V18 LambdaRank Top1 unscaled,240270.0898,251894.6447,511.2246755,1,7310.634156,4313.920734,14379735.78,0,"{""601288.SH"": 36162.7248}",0.007582493604,-0.1783533093,0.9978722917
2026-03-12,V18 LambdaRank Top1 unscaled,240631.7171,252256.272,511.2246755,1,7310.634156,4313.920734,14379735.78,0,"{""601288.SH"": 36162.7248}",0.001505086413,-0.17711666,0.9978754892
2026-03-13,V18 LambdaRank Top1 unscaled,239908.4626,251533.0175,511.2246755,1,7310.634156,4313.920734,14379735.78,0,"{""601288.SH"": 36162.7248}",-0.003005649064,-0.1795899585,0.9978690844
2026-03-16,V18 LambdaRank Top1 unscaled,240993.3443,252617.8992,511.2246755,1,7310.634156,4313.920734,14379735.78,0,"{""601288.SH"": 36162.7248}",0.004522065337,-0.1758800107,0.9978786772
2026-03-17,V18 LambdaRank Top1 unscaled,244971.2441,256595.7989,511.2246755,1,7310.634156,4313.920734,14379735.78,0,"{""601288.SH"": 36162.7248}",0.01650626383,-0.1622768687,0.9979131237
2026-03-18,V18 LambdaRank Top1 unscaled,244247.9896,255872.5445,511.2246755,1,7310.634156,4313.920734,14379735.78,0,"{""601288.SH"": 36162.7248}",-0.002952405692,-0.1647501673,0.9979069442
2026-03-19,V18 LambdaRank Top1 unscaled,247502.6348,259127.1897,511.2246755,1,7310.634156,4313.920734,14379735.78,0,"{""601288.SH"": 36162.7248}",0.01332516691,-0.1536203239,0.9979344677
2026-03-20,V18 LambdaRank Top1 unscaled,244971.2441,256595.7989,511.2246755,1,7310.634156,4313.920734,14379735.78,0,"{""601288.SH"": 36162.7248}",-0.01022773247,-0.1622768687,0.9979131237
2026-03-23,V18 LambdaRank Top1 unscaled,234484.0539,246108.6088,511.2246755,1,7310.634156,4313.920734,14379735.78,0,"{""601288.SH"": 36162.7248}",-0.04280988253,-0.1981396976,0.9978197892
2026-03-24,V18 LambdaRank Top1 unscaled,235568.9356,247193.4905,511.2246755,1,7310.634156,4313.920734,14379735.78,0,"{""601288.SH"": 36162.7248}",0.004626675993,-0.1944297498,0.9978298298
2026-03-25,V18 LambdaRank Top1 unscaled,237377.0719,249001.6267,511.2246755,1,7310.634156,4313.920734,14379735.78,0,"{""601288.SH"": 36162.7248}",0.007675614076,-0.1882465034,0.9978463603
2026-03-26,V18 LambdaRank Top1 unscaled,235930.5629,247555.1178,511.2246755,1,7310.634156,4313.920734,14379735.78,0,"{""601288.SH"": 36162.7248}",-0.006093718231,-0.1931931005,0.9978331562
2026-03-27,V18 LambdaRank Top1 unscaled,234845.6811,246470.236,511.2246755,1,7310.634156,4313.920734,14379735.78,0,"{""601288.SH"": 36162.7248}",-0.004598309476,-0.1969030483,0.9978231464
2026-03-30,V18 LambdaRank Top1 unscaled,235207.3084,246831.8633,511.2246755,1,7310.634156,4313.920734,14379735.78,0,"{""601288.SH"": 36162.7248}",0.001539850535,-0.195666399,0.9978264932
2026-03-31,V18 LambdaRank Top1 unscaled,242801.4806,254426.0355,511.2246755,1,7310.634156,4313.920734,14379735.78,0,"{""601288.SH"": 36162.7248}",0.03228714385,-0.1696967644,0.9978944746
2026-04-01,V18 LambdaRank Top1 unscaled,242439.8533,254064.4082,511.2246755,1,7310.634156,4313.920734,14379735.78,0,"{""601288.SH"": 36162.7248}",-0.001489394738,-0.1709334136,0.997891334
2026-04-02,V18 LambdaRank Top1 unscaled,250757.28,262381.8349,511.2246755,1,7310.634156,4313.920734,14379735.78,0,"{""601288.SH"": 36162.7248}",0.03430717591,-0.1424904804,0.9979612768
2026-04-03,V18 LambdaRank Top1 unscaled,247864.262,259488.8169,511.2246755,1,7310.634156,4313.920734,14379735.78,0,"{""601288.SH"": 36162.7248}",-0.01153712459,-0.1523836746,0.9979374813
2026-04-07,V18 LambdaRank Top1 unscaled,242439.8533,254064.4082,511.2246755,1,7310.634156,4313.920734,14379735.78,0,"{""601288.SH"": 36162.7248}",-0.02188459389,-0.1709334136,0.997891334
2026-04-08,V18 LambdaRank Top1 unscaled,240270.0898,251894.6447,511.2246755,1,7310.634156,4313.920734,14379735.78,0,"{""601288.SH"": 36162.7248}",-0.008949698063,-0.1783533093,0.9978722917
2026-04-09,V18 LambdaRank Top1 unscaled,239185.2081,250809.763,511.2246755,1,7310.634156,4313.920734,14379735.78,0,"{""601288.SH"": 36162.7248}",-0.004515259238,-0.1820632571,0.9978626409
2026-04-10,V18 LambdaRank Top1 unscaled,238823.5809,250448.1357,511.2246755,1,7310.634156,4313.920734,14379735.78,0,"{""601288.SH"": 36162.7248}",-0.001511913092,-0.1832999063,0.9978594045
2026-04-13,V18 LambdaRank Top1 unscaled,240631.7171,252256.272,511.2246755,1,7310.634156,4313.920734,14379735.78,0,"{""601288.SH"": 36162.7248}",0.007571012174,-0.17711666,0.9978754892
2026-04-14,V18 LambdaRank Top1 unscaled,244971.2441,256595.7989,511.2246755,1,7310.634156,4313.920734,14379735.78,0,"{""601288.SH"": 36162.7248}",0.01803389438,-0.1622768687,0.9979131237
2026-04-15,V18 LambdaRank Top1 unscaled,251842.1618,263466.7167,511.2246755,1,7310.634156,4313.920734,14379735.78,0,"{""601288.SH"": 36162.7248}",0.02804785407,-0.1387805326,0.9979700592
2026-04-16,V18 LambdaRank Top1 unscaled,253650.298,265274.8529,511.2246755,1,7310.634156,4313.920734,14379735.78,0,"{""601288.SH"": 36162.7248}",0.007179640714,-0.1325972863,0.9979845296
2026-04-17,V18 LambdaRank Top1 unscaled,255820.0615,267444.6164,511.2246755,1,7310.634156,4313.920734,14379735.78,0,"{""601288.SH"": 36162.7248}",0.008554153111,-0.1251773906,0.998001624
2026-04-20,V18 LambdaRank Top1 unscaled,260521.2157,272145.7706,511.2246755,1,7310.634156,4313.920734,14379735.78,0,"{""601288.SH"": 36162.7248}",0.01837680044,-0.1091009501,0.9980376851
2026-04-21,V18 LambdaRank Top1 unscaled,260159.5885,271784.1433,511.2246755,1,7310.634156,4313.920734,14379735.78,0,"{""601288.SH"": 36162.7248}",-0.001388091356,-0.1103375994,0.9980349574
2026-04-22,V18 LambdaRank Top1 unscaled,256181.6887,267806.2436,511.2246755,1,7310.634156,4313.920734,14379735.78,0,"{""601288.SH"": 36162.7248}",-0.01529022915,-0.1239407414,0.9980044449
2026-04-23,V18 LambdaRank Top1 unscaled,254735.1797,266359.7346,511.2246755,1,7310.634156,4313.920734,14379735.78,0,"{""601288.SH"": 36162.7248}",-0.005646418359,-0.1288873384,0.9979931132
2026-04-24,V18 LambdaRank Top1 unscaled,255096.807,266721.3619,511.2246755,1,7310.634156,4313.920734,14379735.78,0,"{""601288.SH"": 36162.7248}",0.00141962036,-0.1276506892,0.9979959582
2026-04-27,V18 LambdaRank Top1 unscaled,250757.28,262381.8349,511.2246755,1,7310.634156,4313.920734,14379735.78,0,"{""601288.SH"": 36162.7248}",-0.01701129474,-0.1424904804,0.9979612768
2026-04-28,V18 LambdaRank Top1 unscaled,252927.0435,264551.5984,511.2246755,1,7310.634156,4313.920734,14379735.78,0,"{""601288.SH"": 36162.7248}",0.008652843441,-0.1350705848,0.9979787663
2026-04-29,V18 LambdaRank Top1 unscaled,251480.5345,263105.0894,511.2246755,1,7310.634156,4313.920734,14379735.78,0,"{""601288.SH"": 36162.7248}",-0.005719076024,-0.1400171819,0.9979671402
2026-04-30,V18 LambdaRank Top1 unscaled,250757.28,262381.8349,511.2246755,1,7310.634156,4313.920734,14379735.78,0,"{""601288.SH"": 36162.7248}",-0.002875985995,-0.1424904804,0.9979612768
2026-05-06,V18 LambdaRank Top1 unscaled,248587.5165,260212.0714,511.2246755,1,7310.634156,4313.920734,14379735.78,0,"{""601288.SH"": 36162.7248}",-0.008652843441,-0.149910376,0.9979434821
2026-05-07,V18 LambdaRank Top1 unscaled,248107.7874,260132.1897,542.7873813,1,7562.416145,4461.986157,14873287.19,0,"{""601398.SH"": 33500.0}",-0.001929819976,-0.151550896,0.997812292
2026-05-08,V18 LambdaRank Top1 unscaled,250452.7874,262477.1897,542.7873813,1,7562.416145,4461.986157,14873287.19,0,"{""601398.SH"": 33500.0}",0.009451537272,-0.1435317477,0.9978327756
2026-05-11,V18 LambdaRank Top1 unscaled,250787.7874,262812.1897,542.7873813,1,7562.416145,4461.986157,14873287.19,0,"{""601398.SH"": 33500.0}",0.001337577447,-0.142386155,0.9978356706
2026-05-12,V18 LambdaRank Top1 unscaled,251122.7874,263147.1897,542.7873813,1,7562.416145,4461.986157,14873287.19,0,"{""601398.SH"": 33500.0}",0.001335790724,-0.1412405624,0.9978385578
2026-05-13,V18 LambdaRank Top1 unscaled,248384.523,260408.9253,542.7873813,1,7562.416145,4461.986157,14873287.19,0,"{""601398.SH"": 34279.6315}",-0.0109040856,-0.1506045488,0.9978147295
2026-05-14,V18 LambdaRank Top1 unscaled,250784.0972,262808.4995,542.7873813,1,7562.416145,4461.986157,14873287.19,0,"{""601398.SH"": 34279.6315}",0.009660723522,-0.1423987742,0.9978356388
2026-05-15,V18 LambdaRank Top1 unscaled,248727.3193,260751.7216,542.7873813,1,7562.416145,4461.986157,14873287.19,0,"{""601398.SH"": 34279.6315}",-0.008201388812,-0.1494322953,0.9978177412
2026-05-18,V18 LambdaRank Top1 unscaled,247013.3378,259037.7401,542.7873813,1,7562.416145,4461.986157,14873287.19,0,"{""601398.SH"": 34279.6315}",-0.0068910065,-0.1552935629,0.9978025989
2026-05-19,V18 LambdaRank Top1 unscaled,249412.912,261437.3143,542.7873813,1,7562.416145,4461.986157,14873287.19,0,"{""601398.SH"": 34279.6315}",0.009714350754,-0.1470877883,0.9978237398
2026-05-20,V18 LambdaRank Top1 unscaled,244956.5599,256980.9622,542.7873813,1,7562.416145,4461.986157,14873287.19,0,"{""601398.SH"": 34279.6315}",-0.01786736724,-0.162327084,0.9977841484
2026-05-21,V18 LambdaRank Top1 unscaled,245642.1525,257666.5548,542.7873813,1,7562.416145,4461.986157,14873287.19,0,"{""601398.SH"": 34279.6315}",0.002798833516,-0.159982577,0.9977903329
2026-05-22,V18 LambdaRank Top1 unscaled,246670.5414,258694.9437,542.7873813,1,7562.416145,4461.986157,14873287.19,0,"{""601398.SH"": 34279.6315}",0.004186532865,-0.1564658164,0.9977995452
2026-05-25,V18 LambdaRank Top1 unscaled,246327.7451,258352.1474,542.7873813,1,7562.416145,4461.986157,14873287.19,0,"{""601398.SH"": 34279.6315}",-0.00138969296,-0.1576380699,0.997796483
2026-05-26,V18 LambdaRank Top1 unscaled,246670.5414,258694.9437,542.7873813,1,7562.416145,4461.986157,14873287.19,0,"{""601398.SH"": 34279.6315}",0.001391626894,-0.1564658164,0.9977995452
2026-05-27,V18 LambdaRank Top1 unscaled,244613.7635,256638.1658,542.7873813,1,7562.416145,4461.986157,14873287.19,0,"{""601398.SH"": 34279.6315}",-0.008338157759,-0.1634993375,0.9977810432
2026-05-28,V18 LambdaRank Top1 unscaled,241871.393,253895.7953,542.7873813,1,7562.416145,4461.986157,14873287.19,0,"{""601398.SH"": 34279.6315}",-0.01121102296,-0.1728773656,0.9977558843
2026-05-29,V18 LambdaRank Top1 unscaled,248041.7267,260066.129,542.7873813,1,7562.416145,4461.986157,14873287.19,0,"{""601398.SH"": 34279.6315}",0.02551080386,-0.1517768024,0.9978117094
2026-06-01,V18 LambdaRank Top1 unscaled,250784.0972,262808.4995,542.7873813,1,7562.416145,4461.986157,14873287.19,0,"{""601398.SH"": 34279.6315}",0.01105608542,-0.1423987742,0.9978356388
2026-06-02,V18 LambdaRank Top1 unscaled,248453.739,260883.4995,128.7389622,1,7817.627005,4612.13355,15373778.5,0,"{""601288.SH"": 38500.0}",-0.009292288781,-0.1503678525,0.9994818393
2026-06-03,V18 LambdaRank Top1 unscaled,244988.739,257418.4995,128.7389622,1,7817.627005,4612.13355,15373778.5,0,"{""601288.SH"": 38500.0}",-0.01394625822,-0.1622170418,0.9994745107
2026-06-04,V18 LambdaRank Top1 unscaled,242678.739,255108.4995,128.7389622,1,7817.627005,4612.13355,15373778.5,0,"{""601288.SH"": 38500.0}",-0.009429004818,-0.1701165013,0.9994695087
2026-06-05,V18 LambdaRank Top1 unscaled,244988.739,257418.4995,128.7389622,1,7817.627005,4612.13355,15373778.5,0,"{""601288.SH"": 38500.0}",0.009518757226,-0.1622170418,0.9994745107
2026-06-08,V18 LambdaRank Top1 unscaled,253073.739,265503.4995,128.7389622,1,7817.627005,4612.13355,15373778.5,0,"{""601288.SH"": 38500.0}",0.03300151686,-0.1345689334,0.9994912986
2026-06-09,V18 LambdaRank Top1 unscaled,254228.739,266658.4995,128.7389622,1,7817.627005,4612.13355,15373778.5,0,"{""601288.SH"": 38500.0}",0.004563887208,-0.1306192036,0.9994936097
2026-06-10,V18 LambdaRank Top1 unscaled,258463.739,270893.4995,128.7389622,1,7817.627005,4612.13355,15373778.5,0,"{""601288.SH"": 38500.0}",0.01665822683,-0.1161368611,0.9995019071
2026-06-11,V18 LambdaRank Top1 unscaled,257308.739,269738.4995,128.7389622,1,7817.627005,4612.13355,15373778.5,0,"{""601288.SH"": 38500.0}",-0.004468711954,-0.1200865909,0.9994996712
2026-06-12,V18 LambdaRank Top1 unscaled,261928.739,274358.4995,128.7389622,1,7817.627005,4612.13355,15373778.5,0,"{""601288.SH"": 38500.0}",0.01795508391,-0.1042876718,0.9995084962
2026-06-15,V18 LambdaRank Top1 unscaled,257308.739,269738.4995,128.7389622,1,7817.627005,4612.13355,15373778.5,0,"{""601288.SH"": 38500.0}",-0.01763838523,-0.1200865909,0.9994996712
2026-06-16,V18 LambdaRank Top1 unscaled,254613.739,267043.4995,128.7389622,1,7817.627005,4612.13355,15373778.5,0,"{""601288.SH"": 38500.0}",-0.01047379895,-0.129302627,0.9994943754
2026-06-17,V18 LambdaRank Top1 unscaled,251533.739,263963.4995,128.7389622,1,7817.627005,4612.13355,15373778.5,0,"{""601288.SH"": 38500.0}",-0.01209675492,-0.1398352397,0.9994881841
2026-06-18,V18 LambdaRank Top1 unscaled,245373.739,257803.4995,128.7389622,1,7817.627005,4612.13355,15373778.5,0,"{""601288.SH"": 38500.0}",-0.02448975643,-0.1609004652,0.9994753352
2026-06-22,V18 LambdaRank Top1 unscaled,246528.739,258958.4995,128.7389622,1,7817.627005,4612.13355,15373778.5,0,"{""601288.SH"": 38500.0}",0.004707105189,-0.1569507354,0.9994777933
2026-06-23,V18 LambdaRank Top1 unscaled,253073.739,265503.4995,128.7389622,1,7817.627005,4612.13355,15373778.5,0,"{""601288.SH"": 38500.0}",0.02654862888,-0.1345689334,0.9994912986
2026-06-24,V18 LambdaRank Top1 unscaled,244218.739,256648.4995,128.7389622,1,7817.627005,4612.13355,15373778.5,0,"{""601288.SH"": 38500.0}",-0.03498980193,-0.164850195,0.9994728539
2026-06-25,V18 LambdaRank Top1 unscaled,240753.739,253183.4995,128.7389622,1,7817.627005,4612.13355,15373778.5,0,"{""601288.SH"": 38500.0}",-0.01418810045,-0.1766993843,0.999465267
2026-06-26,V18 LambdaRank Top1 unscaled,238443.739,250873.4995,128.7389622,1,7817.627005,4612.13355,15373778.5,0,"{""601288.SH"": 38500.0}",-0.009594866563,-0.1845988438,0.9994600866
2026-06-29,V18 LambdaRank Top1 unscaled,240368.739,252798.4995,128.7389622,1,7817.627005,4612.13355,15373778.5,0,"{""601288.SH"": 38500.0}",0.008073183252,-0.1780159609,0.9994644105
2026-06-30,V18 LambdaRank Top1 unscaled,233823.739,246253.4995,128.7389622,1,7817.627005,4612.13355,15373778.5,0,"{""601288.SH"": 38500.0}",-0.02722899836,-0.2003977629,0.9994494188
