trade_date,strategy,equity_net,equity_gross,cash,positions,fees_cumulative,slippage_cumulative,turnover_cumulative,accounting_residual,shares_json,daily_return_net,drawdown,actual_exposure
2020-01-02,V22 LambdaRank Top1 12pct vol,100000,100000,100000,0,0,0,0,0,{},0,0,0
2020-01-03,V22 LambdaRank Top1 12pct vol,99410.07173,99466,86.07173108,1,25.97086892,29.9574,99858,0,"{""601288.SH"": 26700.0}",-0.005899282689,-0.005899282689,0.9991341749
2020-01-06,V22 LambdaRank Top1 12pct vol,98609.07173,98665,86.07173108,1,25.97086892,29.9574,99858,0,"{""601288.SH"": 26700.0}",-0.008057533669,-0.01390928269,0.9991271419
2020-01-07,V22 LambdaRank Top1 12pct vol,99410.07173,99466,86.07173108,1,25.97086892,29.9574,99858,0,"{""601288.SH"": 26700.0}",0.008122984893,-0.005899282689,0.9991341749
2020-01-08,V22 LambdaRank Top1 12pct vol,98609.07173,98665,86.07173108,1,25.97086892,29.9574,99858,0,"{""601288.SH"": 26700.0}",-0.008057533669,-0.01390928269,0.9991271419
2020-01-09,V22 LambdaRank Top1 12pct vol,98342.07173,98398,86.07173108,1,25.97086892,29.9574,99858,0,"{""601288.SH"": 26700.0}",-0.002707661631,-0.01657928269,0.999124772
2020-01-10,V22 LambdaRank Top1 12pct vol,98342.07173,98398,86.07173108,1,25.97086892,29.9574,99858,0,"{""601288.SH"": 26700.0}",0,-0.01657928269,0.999124772
2020-01-13,V22 LambdaRank Top1 12pct vol,98342.07173,98398,86.07173108,1,25.97086892,29.9574,99858,0,"{""601288.SH"": 26700.0}",0,-0.01657928269,0.999124772
2020-01-14,V22 LambdaRank Top1 12pct vol,98342.07173,98398,86.07173108,1,25.97086892,29.9574,99858,0,"{""601288.SH"": 26700.0}",0,-0.01657928269,0.999124772
2020-01-15,V22 LambdaRank Top1 12pct vol,97541.07173,97597,86.07173108,1,25.97086892,29.9574,99858,0,"{""601288.SH"": 26700.0}",-0.008145038902,-0.02458928269,0.9991175847
2020-01-16,V22 LambdaRank Top1 12pct vol,96473.07173,96529,86.07173108,1,25.97086892,29.9574,99858,0,"{""601288.SH"": 26700.0}",-0.01094923381,-0.03526928269,0.999107816
2020-01-17,V22 LambdaRank Top1 12pct vol,96740.07173,96796,86.07173108,1,25.97086892,29.9574,99858,0,"{""601288.SH"": 26700.0}",0.002767611679,-0.03259928269,0.9991102784
2020-01-20,V22 LambdaRank Top1 12pct vol,96740.07173,96796,86.07173108,1,25.97086892,29.9574,99858,0,"{""601288.SH"": 26700.0}",0,-0.03259928269,0.9991102784
2020-01-21,V22 LambdaRank Top1 12pct vol,95672.07173,95728,86.07173108,1,25.97086892,29.9574,99858,0,"{""601288.SH"": 26700.0}",-0.01103989258,-0.04327928269,0.9991003463
2020-01-22,V22 LambdaRank Top1 12pct vol,95405.07173,95461,86.07173108,1,25.97086892,29.9574,99858,0,"{""601288.SH"": 26700.0}",-0.00279078309,-0.04594928269,0.9990978286
2020-01-23,V22 LambdaRank Top1 12pct vol,94070.07173,94126,86.07173108,1,25.97086892,29.9574,99858,0,"{""601288.SH"": 26700.0}",-0.01399296679,-0.05929928269,0.9990850253
2020-02-03,V22 LambdaRank Top1 12pct vol,90065.07173,90121,86.07173108,1,25.97086892,29.9574,99858,0,"{""601288.SH"": 26700.0}",-0.04257464597,-0.09934928269,0.9990443384
2020-02-04,V22 LambdaRank Top1 12pct vol,92861.22233,93062,9.22233313,1,117.1736669,83.604,278680,0,"{""601939.SH"": 13900.0}",0.03104589324,-0.07138777667,0.9999006869
2020-02-05,V22 LambdaRank Top1 12pct vol,93278.22233,93479,9.22233313,1,117.1736669,83.604,278680,0,"{""601939.SH"": 13900.0}",0.004490571947,-0.06721777667,0.9999011309
2020-02-06,V22 LambdaRank Top1 12pct vol,93000.22233,93201,9.22233313,1,117.1736669,83.604,278680,0,"{""601939.SH"": 13900.0}",-0.00298033124,-0.06999777667,0.9999008354
2020-02-07,V22 LambdaRank Top1 12pct vol,92166.22233,92367,9.22233313,1,117.1736669,83.604,278680,0,"{""601939.SH"": 13900.0}",-0.008967720497,-0.07833777667,0.999899938
2020-02-10,V22 LambdaRank Top1 12pct vol,92027.22233,92228,9.22233313,1,117.1736669,83.604,278680,0,"{""601939.SH"": 13900.0}",-0.001508144703,-0.07972777667,0.9998997869
2020-02-11,V22 LambdaRank Top1 12pct vol,93000.22233,93201,9.22233313,1,117.1736669,83.604,278680,0,"{""601939.SH"": 13900.0}",0.01057295847,-0.06999777667,0.9999008354
2020-02-12,V22 LambdaRank Top1 12pct vol,93000.22233,93201,9.22233313,1,117.1736669,83.604,278680,0,"{""601939.SH"": 13900.0}",0,-0.06999777667,0.9999008354
2020-02-13,V22 LambdaRank Top1 12pct vol,92027.22233,92228,9.22233313,1,117.1736669,83.604,278680,0,"{""601939.SH"": 13900.0}",-0.01046234058,-0.07972777667,0.9998997869
2020-02-14,V22 LambdaRank Top1 12pct vol,92444.22233,92645,9.22233313,1,117.1736669,83.604,278680,0,"{""601939.SH"": 13900.0}",0.004531267916,-0.07555777667,0.9999002389
2020-02-17,V22 LambdaRank Top1 12pct vol,93695.22233,93896,9.22233313,1,117.1736669,83.604,278680,0,"{""601939.SH"": 13900.0}",0.01353248444,-0.06304777667,0.9999015709
2020-02-18,V22 LambdaRank Top1 12pct vol,93139.22233,93340,9.22233313,1,117.1736669,83.604,278680,0,"{""601939.SH"": 13900.0}",-0.005934133952,-0.06860777667,0.9999009834
2020-02-19,V22 LambdaRank Top1 12pct vol,93278.22233,93479,9.22233313,1,117.1736669,83.604,278680,0,"{""601939.SH"": 13900.0}",0.001492389527,-0.06721777667,0.9999011309
2020-02-20,V22 LambdaRank Top1 12pct vol,93973.22233,94174,9.22233313,1,117.1736669,83.604,278680,0,"{""601939.SH"": 13900.0}",0.007450828099,-0.06026777667,0.9999018621
2020-02-21,V22 LambdaRank Top1 12pct vol,94112.22233,94313,9.22233313,1,117.1736669,83.604,278680,0,"{""601939.SH"": 13900.0}",0.001479144766,-0.05887777667,0.9999020071
2020-02-24,V22 LambdaRank Top1 12pct vol,93278.22233,93479,9.22233313,1,117.1736669,83.604,278680,0,"{""601939.SH"": 13900.0}",-0.008861760772,-0.06721777667,0.9999011309
2020-02-25,V22 LambdaRank Top1 12pct vol,92305.22233,92506,9.22233313,1,117.1736669,83.604,278680,0,"{""601939.SH"": 13900.0}",-0.01043115934,-0.07694777667,0.9999000887
2020-02-26,V22 LambdaRank Top1 12pct vol,92444.22233,92645,9.22233313,1,117.1736669,83.604,278680,0,"{""601939.SH"": 13900.0}",0.001505873628,-0.07555777667,0.9999002389
2020-02-27,V22 LambdaRank Top1 12pct vol,92722.22233,92923,9.22233313,1,117.1736669,83.604,278680,0,"{""601939.SH"": 13900.0}",0.003007218764,-0.07277777667,0.999900538
2020-02-28,V22 LambdaRank Top1 12pct vol,90359.22233,90560,9.22233313,1,117.1736669,83.604,278680,0,"{""601939.SH"": 13900.0}",-0.02548472136,-0.09640777667,0.999897937
2020-03-02,V22 LambdaRank Top1 12pct vol,91610.22233,91811,9.22233313,1,117.1736669,83.604,278680,0,"{""601939.SH"": 13900.0}",0.01384474067,-0.08389777667,0.9998993307
2020-03-03,V22 LambdaRank Top1 12pct vol,92133.58607,92460,42099.58607,1,200.1805305,126.2334,420778,7.275957614e-12,"{""601398.SH"": 9300.0}",0.005712940358,-0.0786641393,0.5430592918
2020-03-04,V22 LambdaRank Top1 12pct vol,92226.58607,92553,42099.58607,1,200.1805305,126.2334,420778,7.275957614e-12,"{""601398.SH"": 9300.0}",0.001009403888,-0.0777341393,0.5435200644
2020-03-05,V22 LambdaRank Top1 12pct vol,92877.58607,93204,42099.58607,1,200.1805305,126.2334,420778,7.275957614e-12,"{""601398.SH"": 9300.0}",0.007058702135,-0.0712241393,0.5467196355
2020-03-06,V22 LambdaRank Top1 12pct vol,92412.58607,92739,42099.58607,1,200.1805305,126.2334,420778,7.275957614e-12,"{""601398.SH"": 9300.0}",-0.005006590068,-0.0758741393,0.5444388274
2020-03-09,V22 LambdaRank Top1 12pct vol,91482.58607,91809,42099.58607,1,200.1805305,126.2334,420778,7.275957614e-12,"{""601398.SH"": 9300.0}",-0.01006356428,-0.0851741393,0.5398076522
2020-03-10,V22 LambdaRank Top1 12pct vol,91947.58607,92274,42099.58607,1,200.1805305,126.2334,420778,7.275957614e-12,"{""601398.SH"": 9300.0}",0.005082934578,-0.0805241393,0.5421349503
2020-03-11,V22 LambdaRank Top1 12pct vol,91575.58607,91902,42099.58607,1,200.1805305,126.2334,420778,7.275957614e-12,"{""601398.SH"": 9300.0}",-0.004045783211,-0.0842441393,0.5402750026
2020-03-12,V22 LambdaRank Top1 12pct vol,91296.58607,91623,42099.58607,1,200.1805305,126.2334,420778,7.275957614e-12,"{""601398.SH"": 9300.0}",-0.003046663548,-0.0870341393,0.5388700949
2020-03-13,V22 LambdaRank Top1 12pct vol,90645.58607,90972,42099.58607,1,200.1805305,126.2334,420778,7.275957614e-12,"{""601398.SH"": 9300.0}",-0.007130606171,-0.0935441393,0.5355583444
2020-03-16,V22 LambdaRank Top1 12pct vol,90180.58607,90507,42099.58607,1,200.1805305,126.2334,420778,7.275957614e-12,"{""601398.SH"": 9300.0}",-0.005129869199,-0.0981941393,0.5331635344
2020-03-17,V22 LambdaRank Top1 12pct vol,90180.58607,90507,42099.58607,1,200.1805305,126.2334,420778,7.275957614e-12,"{""601398.SH"": 9300.0}",0,-0.0981941393,0.5331635344
2020-03-18,V22 LambdaRank Top1 12pct vol,89622.58607,89949,42099.58607,1,200.1805305,126.2334,420778,7.275957614e-12,"{""601398.SH"": 9300.0}",-0.006187584538,-0.1037741393,0.5302569596
2020-03-19,V22 LambdaRank Top1 12pct vol,88506.58607,88833,42099.58607,1,200.1805305,126.2334,420778,7.275957614e-12,"{""601398.SH"": 9300.0}",-0.01245221823,-0.1149341393,0.524333861
2020-03-20,V22 LambdaRank Top1 12pct vol,89343.58607,89670,42099.58607,1,200.1805305,126.2334,420778,7.275957614e-12,"{""601398.SH"": 9300.0}",0.009456923345,-0.1065641393,0.5287900573
2020-03-23,V22 LambdaRank Top1 12pct vol,88506.58607,88833,42099.58607,1,200.1805305,126.2334,420778,7.275957614e-12,"{""601398.SH"": 9300.0}",-0.009368327787,-0.1149341393,0.524333861
2020-03-24,V22 LambdaRank Top1 12pct vol,89715.58607,90042,42099.58607,1,200.1805305,126.2334,420778,7.275957614e-12,"{""601398.SH"": 9300.0}",0.01366000039,-0.1028441393,0.5307438995
2020-03-25,V22 LambdaRank Top1 12pct vol,90273.58607,90600,42099.58607,1,200.1805305,126.2334,420778,7.275957614e-12,"{""601398.SH"": 9300.0}",0.006219655073,-0.0972641393,0.5336444701
2020-03-26,V22 LambdaRank Top1 12pct vol,90273.58607,90600,42099.58607,1,200.1805305,126.2334,420778,7.275957614e-12,"{""601398.SH"": 9300.0}",0,-0.0972641393,0.5336444701
2020-03-27,V22 LambdaRank Top1 12pct vol,90552.58607,90879,42099.58607,1,200.1805305,126.2334,420778,7.275957614e-12,"{""601398.SH"": 9300.0}",0.003090605039,-0.0944741393,0.53508135
2020-03-30,V22 LambdaRank Top1 12pct vol,90645.58607,90972,42099.58607,1,200.1805305,126.2334,420778,7.275957614e-12,"{""601398.SH"": 9300.0}",0.001027027543,-0.0935441393,0.5355583444
2020-03-31,V22 LambdaRank Top1 12pct vol,89994.58607,90321,42099.58607,1,200.1805305,126.2334,420778,7.275957614e-12,"{""601398.SH"": 9300.0}",-0.007181816879,-0.1000541393,0.532198681
2020-04-01,V22 LambdaRank Top1 12pct vol,90087.58607,90414,42099.58607,1,200.1805305,126.2334,420778,7.275957614e-12,"{""601398.SH"": 9300.0}",0.001033395497,-0.0991241393,0.5326816057
2020-04-02,V22 LambdaRank Top1 12pct vol,90437.30831,90855,17287.30831,1,255.3607884,162.3309,541103,0,"{""601988.SH"": 20900.0}",0.003882024786,-0.09562691688,0.8088476025
2020-04-03,V22 LambdaRank Top1 12pct vol,90228.30831,90646,17287.30831,1,255.3607884,162.3309,541103,0,"{""601988.SH"": 20900.0}",-0.00231099315,-0.09771691688,0.8084048273
2020-04-07,V22 LambdaRank Top1 12pct vol,90646.30831,91064,17287.30831,1,255.3607884,162.3309,541103,0,"{""601988.SH"": 20900.0}",0.00463269242,-0.09353691688,0.8092883358
2020-04-08,V22 LambdaRank Top1 12pct vol,90228.30831,90646,17287.30831,1,255.3607884,162.3309,541103,0,"{""601988.SH"": 20900.0}",-0.004611329549,-0.09771691688,0.8084048273
2020-04-09,V22 LambdaRank Top1 12pct vol,90228.30831,90646,17287.30831,1,255.3607884,162.3309,541103,0,"{""601988.SH"": 20900.0}",0,-0.09771691688,0.8084048273
2020-04-10,V22 LambdaRank Top1 12pct vol,90437.30831,90855,17287.30831,1,255.3607884,162.3309,541103,0,"{""601988.SH"": 20900.0}",0.00231634621,-0.09562691688,0.8088476025
2020-04-13,V22 LambdaRank Top1 12pct vol,90855.30831,91273,17287.30831,1,255.3607884,162.3309,541103,0,"{""601988.SH"": 20900.0}",0.0046219863,-0.09144691688,0.8097270415
2020-04-14,V22 LambdaRank Top1 12pct vol,91064.30831,91482,17287.30831,1,255.3607884,162.3309,541103,0,"{""601988.SH"": 20900.0}",0.002300360913,-0.08935691688,0.8101637334
2020-04-15,V22 LambdaRank Top1 12pct vol,91273.30831,91691,17287.30831,1,255.3607884,162.3309,541103,0,"{""601988.SH"": 20900.0}",0.002295081398,-0.08726691688,0.8105984254
2020-04-16,V22 LambdaRank Top1 12pct vol,91482.30831,91900,17287.30831,1,255.3607884,162.3309,541103,0,"{""601988.SH"": 20900.0}",0.002289826061,-0.08517691688,0.8110311313
2020-04-17,V22 LambdaRank Top1 12pct vol,92109.30831,92527,17287.30831,1,255.3607884,162.3309,541103,0,"{""601988.SH"": 20900.0}",0.006853784208,-0.07890691688,0.8123174668
2020-04-20,V22 LambdaRank Top1 12pct vol,91482.30831,91900,17287.30831,1,255.3607884,162.3309,541103,0,"{""601988.SH"": 20900.0}",-0.00680712961,-0.08517691688,0.8110311313
2020-04-21,V22 LambdaRank Top1 12pct vol,91691.30831,92109,17287.30831,1,255.3607884,162.3309,541103,0,"{""601988.SH"": 20900.0}",0.002284594736,-0.08308691688,0.8114618645
2020-04-22,V22 LambdaRank Top1 12pct vol,91064.30831,91482,17287.30831,1,255.3607884,162.3309,541103,0,"{""601988.SH"": 20900.0}",-0.006838161779,-0.08935691688,0.8101637334
2020-04-23,V22 LambdaRank Top1 12pct vol,89601.30831,90019,17287.30831,1,255.3607884,162.3309,541103,0,"{""601988.SH"": 20900.0}",-0.01606556978,-0.1039869169,0.8070641084
2020-04-24,V22 LambdaRank Top1 12pct vol,88974.30831,89392,17287.30831,1,255.3607884,162.3309,541103,0,"{""601988.SH"": 20900.0}",-0.006997665679,-0.1102569169,0.8057044934
2020-04-27,V22 LambdaRank Top1 12pct vol,89183.30831,89601,17287.30831,1,255.3607884,162.3309,541103,0,"{""601988.SH"": 20900.0}",0.002348992692,-0.1081669169,0.8061598225
2020-04-28,V22 LambdaRank Top1 12pct vol,88974.30831,89392,17287.30831,1,255.3607884,162.3309,541103,0,"{""601988.SH"": 20900.0}",-0.002343487856,-0.1102569169,0.8057044934
2020-04-29,V22 LambdaRank Top1 12pct vol,89601.30831,90019,17287.30831,1,255.3607884,162.3309,541103,0,"{""601988.SH"": 20900.0}",0.007046978076,-0.1039869169,0.8070641084
2020-04-30,V22 LambdaRank Top1 12pct vol,90019.30831,90437,17287.30831,1,255.3607884,162.3309,541103,0,"{""601988.SH"": 20900.0}",0.004665110453,-0.09980691688,0.8079599962
2020-05-06,V22 LambdaRank Top1 12pct vol,89392.30831,89810,17287.30831,1,255.3607884,162.3309,541103,0,"{""601988.SH"": 20900.0}",-0.006965172381,-0.1060769169,0.8066130226
2020-05-07,V22 LambdaRank Top1 12pct vol,89172.97626,89601,76.97625999,1,260.53284,167.4909,558303,0,"{""601988.SH"": 25900.0}",-0.002453589752,-0.1082702374,0.9991367759
2020-05-08,V22 LambdaRank Top1 12pct vol,89690.97626,90119,76.97625999,1,260.53284,167.4909,558303,0,"{""601988.SH"": 25900.0}",0.005808934744,-0.1030902374,0.9991417614
2020-05-11,V22 LambdaRank Top1 12pct vol,89690.97626,90119,76.97625999,1,260.53284,167.4909,558303,0,"{""601988.SH"": 25900.0}",0,-0.1030902374,0.9991417614
2020-05-12,V22 LambdaRank Top1 12pct vol,89172.97626,89601,76.97625999,1,260.53284,167.4909,558303,0,"{""601988.SH"": 25900.0}",-0.005775385904,-0.1082702374,0.9991367759
2020-05-13,V22 LambdaRank Top1 12pct vol,89690.97626,90119,76.97625999,1,260.53284,167.4909,558303,0,"{""601988.SH"": 25900.0}",0.005808934744,-0.1030902374,0.9991417614
2020-05-14,V22 LambdaRank Top1 12pct vol,89431.97626,89860,76.97625999,1,260.53284,167.4909,558303,0,"{""601988.SH"": 25900.0}",-0.002887692952,-0.1056802374,0.9991392759
2020-05-15,V22 LambdaRank Top1 12pct vol,89431.97626,89860,76.97625999,1,260.53284,167.4909,558303,0,"{""601988.SH"": 25900.0}",0,-0.1056802374,0.9991392759
2020-05-18,V22 LambdaRank Top1 12pct vol,89431.97626,89860,76.97625999,1,260.53284,167.4909,558303,0,"{""601988.SH"": 25900.0}",0,-0.1056802374,0.9991392759
2020-05-19,V22 LambdaRank Top1 12pct vol,89690.97626,90119,76.97625999,1,260.53284,167.4909,558303,0,"{""601988.SH"": 25900.0}",0.002896055872,-0.1030902374,0.9991417614
2020-05-20,V22 LambdaRank Top1 12pct vol,89949.97626,90378,76.97625999,1,260.53284,167.4909,558303,0,"{""601988.SH"": 25900.0}",0.002887692952,-0.1005002374,0.9991442326
2020-05-21,V22 LambdaRank Top1 12pct vol,89431.97626,89860,76.97625999,1,260.53284,167.4909,558303,0,"{""601988.SH"": 25900.0}",-0.005758756384,-0.1056802374,0.9991392759
2020-05-22,V22 LambdaRank Top1 12pct vol,88654.97626,89083,76.97625999,1,260.53284,167.4909,558303,0,"{""601988.SH"": 25900.0}",-0.008688167616,-0.1134502374,0.9991317322
2020-05-25,V22 LambdaRank Top1 12pct vol,89172.97626,89601,76.97625999,1,260.53284,167.4909,558303,0,"{""601988.SH"": 25900.0}",0.005842875627,-0.1082702374,0.9991367759
2020-05-26,V22 LambdaRank Top1 12pct vol,88913.97626,89342,76.97625999,1,260.53284,167.4909,558303,0,"{""601988.SH"": 25900.0}",-0.002904467372,-0.1108602374,0.9991342614
2020-05-27,V22 LambdaRank Top1 12pct vol,89431.97626,89860,76.97625999,1,260.53284,167.4909,558303,0,"{""601988.SH"": 25900.0}",0.005825855752,-0.1056802374,0.9991392759
2020-05-28,V22 LambdaRank Top1 12pct vol,89949.97626,90378,76.97625999,1,260.53284,167.4909,558303,0,"{""601988.SH"": 25900.0}",0.005792111744,-0.1005002374,0.9991442326
2020-05-29,V22 LambdaRank Top1 12pct vol,89431.97626,89860,76.97625999,1,260.53284,167.4909,558303,0,"{""601988.SH"": 25900.0}",-0.005758756384,-0.1056802374,0.9991392759
2020-06-01,V22 LambdaRank Top1 12pct vol,89949.97626,90378,76.97625999,1,260.53284,167.4909,558303,0,"{""601988.SH"": 25900.0}",0.005792111744,-0.1005002374,0.9991442326
2020-06-02,V22 LambdaRank Top1 12pct vol,90208.97626,90637,76.97625999,1,260.53284,167.4909,558303,0,"{""601988.SH"": 25900.0}",0.002879378192,-0.0979102374,0.9991466896
2020-06-03,V22 LambdaRank Top1 12pct vol,90726.97626,91155,76.97625999,1,260.53284,167.4909,558303,0,"{""601988.SH"": 25900.0}",0.005742222354,-0.0927302374,0.9991515615
2020-06-04,V22 LambdaRank Top1 12pct vol,90726.97626,91155,76.97625999,1,260.53284,167.4909,558303,0,"{""601988.SH"": 25900.0}",0,-0.0927302374,0.9991515615
2020-06-05,V22 LambdaRank Top1 12pct vol,90726.97626,91155,76.97625999,1,260.53284,167.4909,558303,0,"{""601988.SH"": 25900.0}",0,-0.0927302374,0.9991515615
2020-06-08,V22 LambdaRank Top1 12pct vol,90985.97626,91414,76.97625999,1,260.53284,167.4909,558303,0,"{""601988.SH"": 25900.0}",0.002854718747,-0.0901402374,0.9991539767
2020-06-09,V22 LambdaRank Top1 12pct vol,90985.97626,91414,76.97625999,1,260.53284,167.4909,558303,0,"{""601988.SH"": 25900.0}",0,-0.0901402374,0.9991539767
2020-06-10,V22 LambdaRank Top1 12pct vol,90726.97626,91155,76.97625999,1,260.53284,167.4909,558303,0,"{""601988.SH"": 25900.0}",-0.002846592526,-0.0927302374,0.9991515615
2020-06-11,V22 LambdaRank Top1 12pct vol,90208.97626,90637,76.97625999,1,260.53284,167.4909,558303,0,"{""601988.SH"": 25900.0}",-0.005709437494,-0.0979102374,0.9991466896
2020-06-12,V22 LambdaRank Top1 12pct vol,90208.97626,90637,76.97625999,1,260.53284,167.4909,558303,0,"{""601988.SH"": 25900.0}",0,-0.0979102374,0.9991466896
2020-06-15,V22 LambdaRank Top1 12pct vol,89172.97626,89601,76.97625999,1,260.53284,167.4909,558303,0,"{""601988.SH"": 25900.0}",-0.01148444471,-0.1082702374,0.9991367759
2020-06-16,V22 LambdaRank Top1 12pct vol,89949.97626,90378,76.97625999,1,260.53284,167.4909,558303,0,"{""601988.SH"": 25900.0}",0.008713402116,-0.1005002374,0.9991442326
2020-06-17,V22 LambdaRank Top1 12pct vol,89690.97626,90119,76.97625999,1,260.53284,167.4909,558303,0,"{""601988.SH"": 25900.0}",-0.002879378192,-0.1030902374,0.9991417614
2020-06-18,V22 LambdaRank Top1 12pct vol,89690.97626,90119,76.97625999,1,260.53284,167.4909,558303,0,"{""601988.SH"": 25900.0}",0,-0.1030902374,0.9991417614
2020-06-19,V22 LambdaRank Top1 12pct vol,89949.97626,90378,76.97625999,1,260.53284,167.4909,558303,0,"{""601988.SH"": 25900.0}",0.002887692952,-0.1005002374,0.9991442326
2020-06-22,V22 LambdaRank Top1 12pct vol,89690.97626,90119,76.97625999,1,260.53284,167.4909,558303,0,"{""601988.SH"": 25900.0}",-0.002879378192,-0.1030902374,0.9991417614
2020-06-23,V22 LambdaRank Top1 12pct vol,89172.97626,89601,76.97625999,1,260.53284,167.4909,558303,0,"{""601988.SH"": 25900.0}",-0.005775385904,-0.1082702374,0.9991367759
2020-06-24,V22 LambdaRank Top1 12pct vol,89690.97626,90119,76.97625999,1,260.53284,167.4909,558303,0,"{""601988.SH"": 25900.0}",0.005808934744,-0.1030902374,0.9991417614
2020-06-29,V22 LambdaRank Top1 12pct vol,89949.97626,90378,76.97625999,1,260.53284,167.4909,558303,0,"{""601988.SH"": 25900.0}",0.002887692952,-0.1005002374,0.9991442326
2020-06-30,V22 LambdaRank Top1 12pct vol,90208.97626,90637,76.97625999,1,260.53284,167.4909,558303,0,"{""601988.SH"": 25900.0}",0.002879378192,-0.0979102374,0.9991466896
2020-07-01,V22 LambdaRank Top1 12pct vol,90726.97626,91155,76.97625999,1,260.53284,167.4909,558303,0,"{""601988.SH"": 25900.0}",0.005742222354,-0.0927302374,0.9991515615
2020-07-02,V22 LambdaRank Top1 12pct vol,92294.87022,92870,202.8702176,1,353.1753824,221.9544,739848,0,"{""601398.SH"": 18200.0}",0.0172814528,-0.07705129782,0.997801934
2020-07-03,V22 LambdaRank Top1 12pct vol,94114.87022,94690,202.8702176,1,353.1753824,221.9544,739848,0,"{""601398.SH"": 18200.0}",0.01971940581,-0.05885129782,0.9978444403
2020-07-06,V22 LambdaRank Top1 12pct vol,102122.8702,102698,202.8702176,1,353.1753824,221.9544,739848,0,"{""601398.SH"": 18200.0}",0.08508751042,0,0.9980134693
2020-07-07,V22 LambdaRank Top1 12pct vol,101394.8702,101970,202.8702176,1,353.1753824,221.9544,739848,0,"{""601398.SH"": 18200.0}",-0.007128667638,-0.007128667638,0.9979992063
2020-07-08,V22 LambdaRank Top1 12pct vol,99756.87022,100332,202.8702176,1,353.1753824,221.9544,739848,0,"{""601398.SH"": 18200.0}",-0.01615466341,-0.02316816982,0.9979663534
2020-07-09,V22 LambdaRank Top1 12pct vol,98118.87022,98694,202.8702176,1,353.1753824,221.9544,739848,0,"{""601398.SH"": 18200.0}",-0.01641992172,-0.03920767201,0.9979324037
2020-07-10,V22 LambdaRank Top1 12pct vol,95206.87022,95782,202.8702176,1,353.1753824,221.9544,739848,0,"{""601398.SH"": 18200.0}",-0.0296782871,-0.06772234256,0.9978691641
2020-07-13,V22 LambdaRank Top1 12pct vol,95024.87022,95600,202.8702176,1,353.1753824,221.9544,739848,0,"{""601398.SH"": 18200.0}",-0.001911626751,-0.06950450947,0.9978650829
2020-07-14,V22 LambdaRank Top1 12pct vol,93750.87022,94326,202.8702176,1,353.1753824,221.9544,739848,0,"{""601398.SH"": 18200.0}",-0.01340701647,-0.08197967783,0.9978360711
2020-07-15,V22 LambdaRank Top1 12pct vol,92658.87022,93234,202.8702176,1,353.1753824,221.9544,739848,0,"{""601398.SH"": 18200.0}",-0.01164789188,-0.09267267929,0.9978105688
2020-07-16,V22 LambdaRank Top1 12pct vol,92294.87022,92870,202.8702176,1,353.1753824,221.9544,739848,0,"{""601398.SH"": 18200.0}",-0.003928388066,-0.09623701311,0.997801934
2020-07-17,V22 LambdaRank Top1 12pct vol,92294.87022,92870,202.8702176,1,353.1753824,221.9544,739848,0,"{""601398.SH"": 18200.0}",0,-0.09623701311,0.997801934
2020-07-20,V22 LambdaRank Top1 12pct vol,93568.87022,94144,202.8702176,1,353.1753824,221.9544,739848,0,"{""601398.SH"": 18200.0}",0.01380358407,-0.08376184474,0.9978318621
2020-07-21,V22 LambdaRank Top1 12pct vol,93022.87022,93598,202.8702176,1,353.1753824,221.9544,739848,0,"{""601398.SH"": 18200.0}",-0.005835274047,-0.08910834547,0.9978191361
2020-07-22,V22 LambdaRank Top1 12pct vol,92840.87022,93416,202.8702176,1,353.1753824,221.9544,739848,0,"{""601398.SH"": 18200.0}",-0.00195650811,-0.09089051238,0.9978148609
2020-07-23,V22 LambdaRank Top1 12pct vol,91748.87022,92324,202.8702176,1,353.1753824,221.9544,739848,0,"{""601398.SH"": 18200.0}",-0.01176206123,-0.1015835138,0.9977888532
2020-07-24,V22 LambdaRank Top1 12pct vol,90838.87022,91414,202.8702176,1,353.1753824,221.9544,739848,0,"{""601398.SH"": 18200.0}",-0.009918378263,-0.1104943484,0.9977667025
2020-07-27,V22 LambdaRank Top1 12pct vol,90656.87022,91232,202.8702176,1,353.1753824,221.9544,739848,0,"{""601398.SH"": 18200.0}",-0.002003547595,-0.1122765153,0.997762219
2020-07-28,V22 LambdaRank Top1 12pct vol,90838.87022,91414,202.8702176,1,353.1753824,221.9544,739848,0,"{""601398.SH"": 18200.0}",0.002007569857,-0.1104943484,0.9977667025
2020-07-29,V22 LambdaRank Top1 12pct vol,91566.87022,92142,202.8702176,1,353.1753824,221.9544,739848,0,"{""601398.SH"": 18200.0}",0.008014190382,-0.1033656807,0.9977844583
2020-07-30,V22 LambdaRank Top1 12pct vol,90838.87022,91414,202.8702176,1,353.1753824,221.9544,739848,0,"{""601398.SH"": 18200.0}",-0.007950473771,-0.1104943484,0.9977667025
2020-07-31,V22 LambdaRank Top1 12pct vol,90474.87022,91050,202.8702176,1,353.1753824,221.9544,739848,0,"{""601398.SH"": 18200.0}",-0.004007095191,-0.1140586822,0.9977577175
2020-08-03,V22 LambdaRank Top1 12pct vol,90838.87022,91414,202.8702176,1,353.1753824,221.9544,739848,0,"{""601398.SH"": 18200.0}",0.004023216603,-0.1104943484,0.9977667025
2020-08-04,V22 LambdaRank Top1 12pct vol,91329.41107,91968,60019.41107,1,398.6705297,239.9184,799728,-7.275957614e-12,"{""601398.SH"": 6200.0}",0.005400120581,-0.1056909106,0.3428249414
2020-08-05,V22 LambdaRank Top1 12pct vol,91019.41107,91658,60019.41107,1,398.6705297,239.9184,799728,-7.275957614e-12,"{""601398.SH"": 6200.0}",-0.003394306351,-0.1087264696,0.3405866906
2020-08-06,V22 LambdaRank Top1 12pct vol,91143.41107,91782,60019.41107,1,398.6705297,239.9184,799728,-3.637978807e-12,"{""601398.SH"": 6200.0}",0.001362346763,-0.107512246,0.341483818
2020-08-07,V22 LambdaRank Top1 12pct vol,90895.41107,91534,60019.41107,1,398.6705297,239.9184,799728,3.637978807e-12,"{""601398.SH"": 6200.0}",-0.002720986598,-0.1099406932,0.3396871155
2020-08-10,V22 LambdaRank Top1 12pct vol,90957.41107,91596,60019.41107,1,398.6705297,239.9184,799728,-7.275957614e-12,"{""601398.SH"": 6200.0}",0.0006821026416,-0.1093335814,0.3401372097
2020-08-11,V22 LambdaRank Top1 12pct vol,90895.41107,91534,60019.41107,1,398.6705297,239.9184,799728,3.637978807e-12,"{""601398.SH"": 6200.0}",-0.0006816376947,-0.1099406932,0.3396871155
2020-08-12,V22 LambdaRank Top1 12pct vol,90957.41107,91596,60019.41107,1,398.6705297,239.9184,799728,-7.275957614e-12,"{""601398.SH"": 6200.0}",0.0006821026416,-0.1093335814,0.3401372097
2020-08-13,V22 LambdaRank Top1 12pct vol,90895.41107,91534,60019.41107,1,398.6705297,239.9184,799728,3.637978807e-12,"{""601398.SH"": 6200.0}",-0.0006816376947,-0.1099406932,0.3396871155
2020-08-14,V22 LambdaRank Top1 12pct vol,91143.41107,91782,60019.41107,1,398.6705297,239.9184,799728,-3.637978807e-12,"{""601398.SH"": 6200.0}",0.002728410566,-0.107512246,0.341483818
2020-08-17,V22 LambdaRank Top1 12pct vol,91577.41107,92216,60019.41107,1,398.6705297,239.9184,799728,-7.275957614e-12,"{""601398.SH"": 6200.0}",0.004761726546,-0.1032624634,0.3446046315
2020-08-18,V22 LambdaRank Top1 12pct vol,91329.41107,91968,60019.41107,1,398.6705297,239.9184,799728,-7.275957614e-12,"{""601398.SH"": 6200.0}",-0.002708091407,-0.1056909106,0.3428249414
2020-08-19,V22 LambdaRank Top1 12pct vol,91205.41107,91844,60019.41107,1,398.6705297,239.9184,799728,-7.275957614e-12,"{""601398.SH"": 6200.0}",-0.00135772254,-0.1069051342,0.3419314669
2020-08-20,V22 LambdaRank Top1 12pct vol,91019.41107,91658,60019.41107,1,398.6705297,239.9184,799728,-7.275957614e-12,"{""601398.SH"": 6200.0}",-0.002039352686,-0.1087264696,0.3405866906
2020-08-21,V22 LambdaRank Top1 12pct vol,91081.41107,91720,60019.41107,1,398.6705297,239.9184,799728,-7.275957614e-12,"{""601398.SH"": 6200.0}",0.0006811733813,-0.1081193578,0.3410355597
2020-08-24,V22 LambdaRank Top1 12pct vol,90957.41107,91596,60019.41107,1,398.6705297,239.9184,799728,-7.275957614e-12,"{""601398.SH"": 6200.0}",-0.0013614194,-0.1093335814,0.3401372097
2020-08-25,V22 LambdaRank Top1 12pct vol,91019.41107,91658,60019.41107,1,398.6705297,239.9184,799728,-7.275957614e-12,"{""601398.SH"": 6200.0}",0.0006816376947,-0.1087264696,0.3405866906
2020-08-26,V22 LambdaRank Top1 12pct vol,90895.41107,91534,60019.41107,1,398.6705297,239.9184,799728,3.637978807e-12,"{""601398.SH"": 6200.0}",-0.001362346763,-0.1099406932,0.3396871155
2020-08-27,V22 LambdaRank Top1 12pct vol,90833.41107,91472,60019.41107,1,398.6705297,239.9184,799728,-7.275957614e-12,"{""601398.SH"": 6200.0}",-0.0006821026416,-0.110547805,0.3392364069
2020-08-28,V22 LambdaRank Top1 12pct vol,91019.41107,91658,60019.41107,1,398.6705297,239.9184,799728,-7.275957614e-12,"{""601398.SH"": 6200.0}",0.00204770467,-0.1087264696,0.3405866906
2020-08-31,V22 LambdaRank Top1 12pct vol,90771.41107,91410,60019.41107,1,398.6705297,239.9184,799728,-7.275957614e-12,"{""601398.SH"": 6200.0}",-0.002724693525,-0.1111549168,0.3387850826
2020-09-01,V22 LambdaRank Top1 12pct vol,90771.41107,91410,60019.41107,1,398.6705297,239.9184,799728,-7.275957614e-12,"{""601398.SH"": 6200.0}",0,-0.1111549168,0.3387850826
2020-09-02,V22 LambdaRank Top1 12pct vol,90558.43978,91276,7880.439782,1,443.5726176,273.9876,913292,0,"{""601939.SH"": 13400.0}",-0.002346237492,-0.1132403585,0.9129795102
2020-09-03,V22 LambdaRank Top1 12pct vol,90022.43978,90740,7880.439782,1,443.5726176,273.9876,913292,0,"{""601939.SH"": 13400.0}",-0.005918829888,-0.118488938,0.9124613841
2020-09-04,V22 LambdaRank Top1 12pct vol,89754.43978,90472,7880.439782,1,443.5726176,273.9876,913292,0,"{""601939.SH"": 13400.0}",-0.002977035511,-0.1211132277,0.9122000003
2020-09-07,V22 LambdaRank Top1 12pct vol,89754.43978,90472,7880.439782,1,443.5726176,273.9876,913292,0,"{""601939.SH"": 13400.0}",0,-0.1211132277,0.9122000003
2020-09-08,V22 LambdaRank Top1 12pct vol,91228.43978,91946,7880.439782,1,443.5726176,273.9876,913292,0,"{""601939.SH"": 13400.0}",0.01642258593,-0.1066796342,0.9136186062
2020-09-09,V22 LambdaRank Top1 12pct vol,90692.43978,91410,7880.439782,1,443.5726176,273.9876,913292,0,"{""601939.SH"": 13400.0}",-0.005875360812,-0.1119282136,0.9131080848
2020-09-10,V22 LambdaRank Top1 12pct vol,90156.43978,90874,7880.439782,1,443.5726176,273.9876,913292,0,"{""601939.SH"": 13400.0}",-0.005910084692,-0.1171767931,0.9125914932
2020-09-11,V22 LambdaRank Top1 12pct vol,90290.43978,91008,7880.439782,1,443.5726176,273.9876,913292,0,"{""601939.SH"": 13400.0}",0.001486305363,-0.1158646482,0.9127212161
2020-09-14,V22 LambdaRank Top1 12pct vol,90022.43978,90740,7880.439782,1,443.5726176,273.9876,913292,0,"{""601939.SH"": 13400.0}",-0.002968199077,-0.118488938,0.9124613841
2020-09-15,V22 LambdaRank Top1 12pct vol,89888.43978,90606,7880.439782,1,443.5726176,273.9876,913292,0,"{""601939.SH"": 13400.0}",-0.001488517755,-0.1198010828,0.912330887
2020-09-16,V22 LambdaRank Top1 12pct vol,90022.43978,90740,7880.439782,1,443.5726176,273.9876,913292,0,"{""601939.SH"": 13400.0}",0.001490736744,-0.118488938,0.9124613841
2020-09-17,V22 LambdaRank Top1 12pct vol,90290.43978,91008,7880.439782,1,443.5726176,273.9876,913292,0,"{""601939.SH"": 13400.0}",0.002977035511,-0.1158646482,0.9127212161
2020-09-18,V22 LambdaRank Top1 12pct vol,91496.43978,92214,7880.439782,1,443.5726176,273.9876,913292,0,"{""601939.SH"": 13400.0}",0.01335689585,-0.1040553444,0.9138716238
2020-09-21,V22 LambdaRank Top1 12pct vol,91094.43978,91812,7880.439782,1,443.5726176,273.9876,913292,0,"{""601939.SH"": 13400.0}",-0.004393613576,-0.107991779,0.9134915391
2020-09-22,V22 LambdaRank Top1 12pct vol,90826.43978,91544,7880.439782,1,443.5726176,273.9876,913292,0,"{""601939.SH"": 13400.0}",-0.002942001736,-0.1106160688,0.9132362801
2020-09-23,V22 LambdaRank Top1 12pct vol,90558.43978,91276,7880.439782,1,443.5726176,273.9876,913292,0,"{""601939.SH"": 13400.0}",-0.00295068265,-0.1132403585,0.9129795102
2020-09-24,V22 LambdaRank Top1 12pct vol,90022.43978,90740,7880.439782,1,443.5726176,273.9876,913292,0,"{""601939.SH"": 13400.0}",-0.005918829888,-0.118488938,0.9124613841
2020-09-25,V22 LambdaRank Top1 12pct vol,90156.43978,90874,7880.439782,1,443.5726176,273.9876,913292,0,"{""601939.SH"": 13400.0}",0.001488517755,-0.1171767931,0.9125914932
2020-09-28,V22 LambdaRank Top1 12pct vol,90826.43978,91544,7880.439782,1,443.5726176,273.9876,913292,0,"{""601939.SH"": 13400.0}",0.007431526817,-0.1106160688,0.9132362801
2020-09-29,V22 LambdaRank Top1 12pct vol,90156.43978,90874,7880.439782,1,443.5726176,273.9876,913292,0,"{""601939.SH"": 13400.0}",-0.007376706624,-0.1171767931,0.9125914932
2020-09-30,V22 LambdaRank Top1 12pct vol,90290.43978,91008,7880.439782,1,443.5726176,273.9876,913292,0,"{""601939.SH"": 13400.0}",0.001486305363,-0.1158646482,0.9127212161
2020-10-09,V22 LambdaRank Top1 12pct vol,90156.43978,90874,7880.439782,1,443.5726176,273.9876,913292,0,"{""601939.SH"": 13400.0}",-0.001484099538,-0.1171767931,0.9125914932
2020-10-12,V22 LambdaRank Top1 12pct vol,91475.1594,92200,517.1594003,1,448.6461997,276.1944,920648,0,"{""601939.SH"": 14600.0}",0.01462701523,-0.1042637246,0.9943464499
2020-10-13,V22 LambdaRank Top1 12pct vol,90599.1594,91324,517.1594003,1,448.6461997,276.1944,920648,0,"{""601939.SH"": 14600.0}",-0.009576370304,-0.1128416269,0.9942917859
2020-10-14,V22 LambdaRank Top1 12pct vol,90599.1594,91324,517.1594003,1,448.6461997,276.1944,920648,0,"{""601939.SH"": 14600.0}",0,-0.1128416269,0.9942917859
2020-10-15,V22 LambdaRank Top1 12pct vol,91475.1594,92200,517.1594003,1,448.6461997,276.1944,920648,0,"{""601939.SH"": 14600.0}",0.009668963882,-0.1042637246,0.9943464499
2020-10-16,V22 LambdaRank Top1 12pct vol,93957.1594,94682,517.1594003,1,448.6461997,276.1944,920648,0,"{""601939.SH"": 14600.0}",0.02713304919,-0.07995966819,0.9944957957
2020-10-19,V22 LambdaRank Top1 12pct vol,95709.1594,96434,517.1594003,1,448.6461997,276.1944,920648,0,"{""601939.SH"": 14600.0}",0.01864679617,-0.06280386366,0.9945965527
2020-10-20,V22 LambdaRank Top1 12pct vol,93227.1594,93952,517.1594003,1,448.6461997,276.1944,920648,0,"{""601939.SH"": 14600.0}",-0.0259327322,-0.08710792008,0.9944526959
2020-10-21,V22 LambdaRank Top1 12pct vol,94395.1594,95120,517.1594003,1,448.6461997,276.1944,920648,0,"{""601939.SH"": 14600.0}",0.0125285379,-0.07567071706,0.9945213356
2020-10-22,V22 LambdaRank Top1 12pct vol,94979.1594,95704,517.1594003,1,448.6461997,276.1944,920648,0,"{""601939.SH"": 14600.0}",0.00618675792,-0.06995211555,0.9945550223
2020-10-23,V22 LambdaRank Top1 12pct vol,94979.1594,95704,517.1594003,1,448.6461997,276.1944,920648,0,"{""601939.SH"": 14600.0}",0,-0.06995211555,0.9945550223
2020-10-26,V22 LambdaRank Top1 12pct vol,94541.1594,95266,517.1594003,1,448.6461997,276.1944,920648,0,"{""601939.SH"": 14600.0}",-0.004611537971,-0.07424106668,0.9945297963
2020-10-27,V22 LambdaRank Top1 12pct vol,93811.1594,94536,517.1594003,1,448.6461997,276.1944,920648,0,"{""601939.SH"": 14600.0}",-0.00772150463,-0.08138931857,0.9944872294
2020-10-28,V22 LambdaRank Top1 12pct vol,92351.1594,93076,517.1594003,1,448.6461997,276.1944,920648,0,"{""601939.SH"": 14600.0}",-0.01556318043,-0.09568582235,0.9944000768
2020-10-29,V22 LambdaRank Top1 12pct vol,92351.1594,93076,517.1594003,1,448.6461997,276.1944,920648,0,"{""601939.SH"": 14600.0}",0,-0.09568582235,0.9944000768
2020-10-30,V22 LambdaRank Top1 12pct vol,92351.1594,93076,517.1594003,1,448.6461997,276.1944,920648,0,"{""601939.SH"": 14600.0}",0,-0.09568582235,0.9944000768
2020-11-02,V22 LambdaRank Top1 12pct vol,91621.1594,92346,517.1594003,1,448.6461997,276.1944,920648,0,"{""601939.SH"": 14600.0}",-0.007904611103,-0.1028340742,0.9943554589
2020-11-03,V22 LambdaRank Top1 12pct vol,92023.27764,92784,34339.27764,1,474.37056,286.3518,954506,0,"{""601939.SH"": 9200.0}",0.004388923282,-0.09889648182,0.626841398
2020-11-04,V22 LambdaRank Top1 12pct vol,92759.27764,93520,34339.27764,1,474.37056,286.3518,954506,-7.275957614e-12,"{""601939.SH"": 9200.0}",0.007997976369,-0.09168947717,0.629802231
2020-11-05,V22 LambdaRank Top1 12pct vol,92851.27764,93612,34339.27764,1,474.37056,286.3518,954506,-7.275957614e-12,"{""601939.SH"": 9200.0}",0.0009918145369,-0.09078860159,0.6301690347
2020-11-06,V22 LambdaRank Top1 12pct vol,93127.27764,93888,34339.27764,1,474.37056,286.3518,954506,-7.275957614e-12,"{""601939.SH"": 9200.0}",0.002972495447,-0.08808597485,0.6312650975
2020-11-09,V22 LambdaRank Top1 12pct vol,93219.27764,93980,34339.27764,1,474.37056,286.3518,954506,-7.275957614e-12,"{""601939.SH"": 9200.0}",0.0009878953013,-0.08718509927,0.6316290095
2020-11-10,V22 LambdaRank Top1 12pct vol,93679.27764,94440,34339.27764,1,474.37056,286.3518,954506,-7.275957614e-12,"{""601939.SH"": 9200.0}",0.004934601637,-0.08268072137,0.6334378477
2020-11-11,V22 LambdaRank Top1 12pct vol,94875.27764,95636,34339.27764,1,474.37056,286.3518,954506,-7.275957614e-12,"{""601939.SH"": 9200.0}",0.01276696437,-0.07096933882,0.6380587389
2020-11-12,V22 LambdaRank Top1 12pct vol,94415.27764,95176,34339.27764,1,474.37056,286.3518,954506,-7.275957614e-12,"{""601939.SH"": 9200.0}",-0.00484847066,-0.07547371672,0.6362953274
2020-11-13,V22 LambdaRank Top1 12pct vol,93219.27764,93980,34339.27764,1,474.37056,286.3518,954506,-7.275957614e-12,"{""601939.SH"": 9200.0}",-0.01266744143,-0.08718509927,0.6316290095
2020-11-16,V22 LambdaRank Top1 12pct vol,93403.27764,94164,34339.27764,1,474.37056,286.3518,954506,-7.275957614e-12,"{""601939.SH"": 9200.0}",0.001973840655,-0.08538334811,0.6323546828
2020-11-17,V22 LambdaRank Top1 12pct vol,93955.27764,94716,34339.27764,1,474.37056,286.3518,954506,0,"{""601939.SH"": 9200.0}",0.005909856848,-0.07997809463,0.6345146489
2020-11-18,V22 LambdaRank Top1 12pct vol,94783.27764,95544,34339.27764,1,474.37056,286.3518,954506,-7.275957614e-12,"{""601939.SH"": 9200.0}",0.008812703456,-0.0718702144,0.6377074259
2020-11-19,V22 LambdaRank Top1 12pct vol,95519.27764,96280,34339.27764,1,474.37056,286.3518,954506,-7.275957614e-12,"{""601939.SH"": 9200.0}",0.007765082811,-0.06466320976,0.6404989811
2020-11-20,V22 LambdaRank Top1 12pct vol,94783.27764,95544,34339.27764,1,474.37056,286.3518,954506,-7.275957614e-12,"{""601939.SH"": 9200.0}",-0.0077052509,-0.0718702144,0.6377074259
2020-11-23,V22 LambdaRank Top1 12pct vol,96071.27764,96832,34339.27764,1,474.37056,286.3518,954506,-7.275957614e-12,"{""601939.SH"": 9200.0}",0.01358889492,-0.05925795627,0.6425645783
2020-11-24,V22 LambdaRank Top1 12pct vol,95427.27764,96188,34339.27764,1,474.37056,286.3518,954506,-7.275957614e-12,"{""601939.SH"": 9200.0}",-0.006703356256,-0.06556408534,0.6401523915
2020-11-25,V22 LambdaRank Top1 12pct vol,95243.27764,96004,34339.27764,1,474.37056,286.3518,954506,-7.275957614e-12,"{""601939.SH"": 9200.0}",-0.001928169854,-0.0673658365,0.6394572038
2020-11-26,V22 LambdaRank Top1 12pct vol,96347.27764,97108,34339.27764,1,474.37056,286.3518,954506,-7.275957614e-12,"{""601939.SH"": 9200.0}",0.01159136925,-0.05655532953,0.6435885011
2020-11-27,V22 LambdaRank Top1 12pct vol,99015.27764,99776,34339.27764,1,474.37056,286.3518,954506,-7.275957614e-12,"{""601939.SH"": 9200.0}",0.02769149337,-0.03042993769,0.6531921289
2020-11-30,V22 LambdaRank Top1 12pct vol,100119.2776,100880,34339.27764,1,474.37056,286.3518,954506,0,"{""601939.SH"": 9200.0}",0.01114979452,-0.01961943073,0.6570163264
2020-12-01,V22 LambdaRank Top1 12pct vol,101499.2776,102260,34339.27764,1,474.37056,286.3518,954506,0,"{""601939.SH"": 9200.0}",0.0137835593,-0.006106297016,0.6616795859
2020-12-02,V22 LambdaRank Top1 12pct vol,100376.5568,101265,143.5568028,1,551.6301972,336.813,1122710,0,"{""601988.SH"": 30100.0}",-0.01106136776,-0.01710012078,0.9985698174
2020-12-03,V22 LambdaRank Top1 12pct vol,99774.5568,100663,143.5568028,1,551.6301972,336.813,1122710,0,"{""601988.SH"": 30100.0}",-0.005997416321,-0.02299498055,0.9985611883
2020-12-04,V22 LambdaRank Top1 12pct vol,98871.5568,99760,143.5568028,1,551.6301972,336.813,1122710,0,"{""601988.SH"": 30100.0}",-0.009050403519,-0.03183727022,0.9985480475
2020-12-07,V22 LambdaRank Top1 12pct vol,97968.5568,98857,143.5568028,1,551.6301972,336.813,1122710,0,"{""601988.SH"": 30100.0}",-0.00913306141,-0.04067955989,0.9985346645
2020-12-08,V22 LambdaRank Top1 12pct vol,97667.5568,98556,143.5568028,1,551.6301972,336.813,1122710,0,"{""601988.SH"": 30100.0}",-0.003072414352,-0.04362698978,0.9985301485
2020-12-09,V22 LambdaRank Top1 12pct vol,97366.5568,98255,143.5568028,1,551.6301972,336.813,1122710,0,"{""601988.SH"": 30100.0}",-0.003081883174,-0.04657441966,0.9985256046
2020-12-10,V22 LambdaRank Top1 12pct vol,97065.5568,97954,143.5568028,1,551.6301972,336.813,1122710,0,"{""601988.SH"": 30100.0}",-0.003091410541,-0.04952184955,0.9985210325
2020-12-11,V22 LambdaRank Top1 12pct vol,96764.5568,97653,143.5568028,1,551.6301972,336.813,1122710,0,"{""601988.SH"": 30100.0}",-0.003100996995,-0.05246927944,0.998516432
2020-12-14,V22 LambdaRank Top1 12pct vol,96463.5568,97352,143.5568028,1,551.6301972,336.813,1122710,0,"{""601988.SH"": 30100.0}",-0.00311064309,-0.05541670933,0.9985118027
2020-12-15,V22 LambdaRank Top1 12pct vol,95861.5568,96750,143.5568028,1,551.6301972,336.813,1122710,0,"{""601988.SH"": 30100.0}",-0.006240698767,-0.06131156911,0.998502457
2020-12-16,V22 LambdaRank Top1 12pct vol,95861.5568,96750,143.5568028,1,551.6301972,336.813,1122710,0,"{""601988.SH"": 30100.0}",0,-0.06131156911,0.998502457
2020-12-17,V22 LambdaRank Top1 12pct vol,96162.5568,97051,143.5568028,1,551.6301972,336.813,1122710,0,"{""601988.SH"": 30100.0}",0.003139944833,-0.05836413922,0.9985071445
2020-12-18,V22 LambdaRank Top1 12pct vol,95861.5568,96750,143.5568028,1,551.6301972,336.813,1122710,0,"{""601988.SH"": 30100.0}",-0.00313011644,-0.06131156911,0.998502457
2020-12-21,V22 LambdaRank Top1 12pct vol,96162.5568,97051,143.5568028,1,551.6301972,336.813,1122710,0,"{""601988.SH"": 30100.0}",0.003139944833,-0.05836413922,0.9985071445
2020-12-22,V22 LambdaRank Top1 12pct vol,95259.5568,96148,143.5568028,1,551.6301972,336.813,1122710,0,"{""601988.SH"": 30100.0}",-0.009390349321,-0.06720642888,0.9984929932
2020-12-23,V22 LambdaRank Top1 12pct vol,95259.5568,96148,143.5568028,1,551.6301972,336.813,1122710,0,"{""601988.SH"": 30100.0}",0,-0.06720642888,0.9984929932
2020-12-24,V22 LambdaRank Top1 12pct vol,95560.5568,96449,143.5568028,1,551.6301972,336.813,1122710,0,"{""601988.SH"": 30100.0}",0.003159787953,-0.064258999,0.99849774
2020-12-25,V22 LambdaRank Top1 12pct vol,95861.5568,96750,143.5568028,1,551.6301972,336.813,1122710,0,"{""601988.SH"": 30100.0}",0.003149835142,-0.06131156911,0.998502457
2020-12-28,V22 LambdaRank Top1 12pct vol,95560.5568,96449,143.5568028,1,551.6301972,336.813,1122710,0,"{""601988.SH"": 30100.0}",-0.003139944833,-0.064258999,0.99849774
2020-12-29,V22 LambdaRank Top1 12pct vol,95560.5568,96449,143.5568028,1,551.6301972,336.813,1122710,0,"{""601988.SH"": 30100.0}",0,-0.064258999,0.99849774
2020-12-30,V22 LambdaRank Top1 12pct vol,95560.5568,96449,143.5568028,1,551.6301972,336.813,1122710,0,"{""601988.SH"": 30100.0}",0,-0.064258999,0.99849774
2020-12-31,V22 LambdaRank Top1 12pct vol,95861.5568,96750,143.5568028,1,551.6301972,336.813,1122710,0,"{""601988.SH"": 30100.0}",0.003149835142,-0.06131156911,0.998502457
2021-01-04,V22 LambdaRank Top1 12pct vol,95560.5568,96449,143.5568028,1,551.6301972,336.813,1122710,0,"{""601988.SH"": 30100.0}",-0.003139944833,-0.064258999,0.99849774
2021-01-05,V22 LambdaRank Top1 12pct vol,95560.5568,96449,143.5568028,1,551.6301972,336.813,1122710,0,"{""601988.SH"": 30100.0}",0,-0.064258999,0.99849774
2021-01-06,V22 LambdaRank Top1 12pct vol,95861.5568,96750,143.5568028,1,551.6301972,336.813,1122710,0,"{""601988.SH"": 30100.0}",0.003149835142,-0.06131156911,0.998502457
2021-01-07,V22 LambdaRank Top1 12pct vol,96167.59743,97056.04063,143.5568028,1,551.6301972,336.813,1122710,0,"{""601988.SH"": 30101.5801}",0.003192527247,-0.05831478072,0.9985072227
2021-01-08,V22 LambdaRank Top1 12pct vol,96167.59743,97056.04063,143.5568028,1,551.6301972,336.813,1122710,0,"{""601988.SH"": 30101.5801}",0,-0.05831478072,0.9985072227
2021-01-11,V22 LambdaRank Top1 12pct vol,95565.56583,96454.00903,143.5568028,1,551.6301972,336.813,1122710,0,"{""601988.SH"": 30101.5801}",-0.006260233371,-0.06420994995,0.9984978187
2021-01-12,V22 LambdaRank Top1 12pct vol,95866.58163,96755.02483,143.5568028,1,551.6301972,336.813,1122710,0,"{""601988.SH"": 30101.5801}",0.00314983539,-0.06126236533,0.9985025355
2021-01-13,V22 LambdaRank Top1 12pct vol,96468.61324,97357.05643,143.5568028,1,551.6301972,336.813,1122710,0,"{""601988.SH"": 30101.5801}",0.00627989016,-0.0553671961,0.9985118807
2021-01-14,V22 LambdaRank Top1 12pct vol,96769.62904,97658.07223,143.5568028,1,551.6301972,336.813,1122710,0,"{""601988.SH"": 30101.5801}",0.003120349627,-0.05241961148,0.9985165097
2021-01-15,V22 LambdaRank Top1 12pct vol,97371.66064,98260.10384,143.5568028,1,551.6301972,336.813,1122710,0,"{""601988.SH"": 30101.5801}",0.006221286665,-0.04652444224,0.9985256819
2021-01-18,V22 LambdaRank Top1 12pct vol,96468.61324,97357.05643,143.5568028,1,551.6301972,336.813,1122710,0,"{""601988.SH"": 30101.5801}",-0.00927423234,-0.0553671961,0.9985118807
2021-01-19,V22 LambdaRank Top1 12pct vol,97070.64484,97959.08804,143.5568028,1,551.6301972,336.813,1122710,0,"{""601988.SH"": 30101.5801}",0.006240699255,-0.04947202686,0.99852111
2021-01-20,V22 LambdaRank Top1 12pct vol,96468.61324,97357.05643,143.5568028,1,551.6301972,336.813,1122710,0,"{""601988.SH"": 30101.5801}",-0.006201994472,-0.0553671961,0.9985118807
2021-01-21,V22 LambdaRank Top1 12pct vol,96167.59743,97056.04063,143.5568028,1,551.6301972,336.813,1122710,0,"{""601988.SH"": 30101.5801}",-0.003120349627,-0.05831478072,0.9985072227
2021-01-22,V22 LambdaRank Top1 12pct vol,95565.56583,96454.00903,143.5568028,1,551.6301972,336.813,1122710,0,"{""601988.SH"": 30101.5801}",-0.006260233371,-0.06420994995,0.9984978187
2021-01-25,V22 LambdaRank Top1 12pct vol,95565.56583,96454.00903,143.5568028,1,551.6301972,336.813,1122710,0,"{""601988.SH"": 30101.5801}",0,-0.06420994995,0.9984978187
2021-01-26,V22 LambdaRank Top1 12pct vol,95565.56583,96454.00903,143.5568028,1,551.6301972,336.813,1122710,0,"{""601988.SH"": 30101.5801}",0,-0.06420994995,0.9984978187
2021-01-27,V22 LambdaRank Top1 12pct vol,95565.56583,96454.00903,143.5568028,1,551.6301972,336.813,1122710,0,"{""601988.SH"": 30101.5801}",0,-0.06420994995,0.9984978187
2021-01-28,V22 LambdaRank Top1 12pct vol,95565.56583,96454.00903,143.5568028,1,551.6301972,336.813,1122710,0,"{""601988.SH"": 30101.5801}",0,-0.06420994995,0.9984978187
2021-01-29,V22 LambdaRank Top1 12pct vol,95565.56583,96454.00903,143.5568028,1,551.6301972,336.813,1122710,0,"{""601988.SH"": 30101.5801}",0,-0.06420994995,0.9984978187
2021-02-01,V22 LambdaRank Top1 12pct vol,95866.58163,96755.02483,143.5568028,1,551.6301972,336.813,1122710,0,"{""601988.SH"": 30101.5801}",0.00314983539,-0.06126236533,0.9985025355
2021-02-02,V22 LambdaRank Top1 12pct vol,94850.3338,95890.02483,6793.333796,1,647.4845271,392.2065074,1307355.025,0,"{""601398.SH"": 17300.0}",-0.01060064748,-0.07121359208,0.9283783881
2021-02-03,V22 LambdaRank Top1 12pct vol,93985.3338,95025.02483,6793.333796,1,647.4845271,392.2065074,1307355.025,0,"{""601398.SH"": 17300.0}",-0.009119630531,-0.07968378096,0.927719214
2021-02-04,V22 LambdaRank Top1 12pct vol,94504.3338,95544.02483,6793.333796,1,647.4845271,392.2065074,1307355.025,0,"{""601398.SH"": 17300.0}",0.005522138179,-0.07460166763,0.9281161665
2021-02-05,V22 LambdaRank Top1 12pct vol,96407.3338,97447.02483,6793.333796,1,647.4845271,392.2065074,1307355.025,0,"{""601398.SH"": 17300.0}",0.02013664267,-0.05596725209,0.9295350931
2021-02-08,V22 LambdaRank Top1 12pct vol,96061.3338,97101.02483,6793.333796,1,647.4845271,392.2065074,1307355.025,0,"{""601398.SH"": 17300.0}",-0.003588938584,-0.05935532764,0.929281288
2021-02-09,V22 LambdaRank Top1 12pct vol,95888.3338,96928.02483,6793.333796,1,647.4845271,392.2065074,1307355.025,0,"{""601398.SH"": 17300.0}",-0.001800932729,-0.06104936542,0.9291536986
2021-02-10,V22 LambdaRank Top1 12pct vol,97618.3338,98658.02483,6793.333796,1,647.4845271,392.2065074,1307355.025,0,"{""601398.SH"": 17300.0}",0.01804181939,-0.04410898765,0.9304092425
2021-02-18,V22 LambdaRank Top1 12pct vol,97445.3338,98485.02483,6793.333796,1,647.4845271,392.2065074,1307355.025,0,"{""601398.SH"": 17300.0}",-0.001772208081,-0.04580302543,0.9302856942
2021-02-19,V22 LambdaRank Top1 12pct vol,97445.3338,98485.02483,6793.333796,1,647.4845271,392.2065074,1307355.025,0,"{""601398.SH"": 17300.0}",0,-0.04580302543,0.9302856942
2021-02-22,V22 LambdaRank Top1 12pct vol,99694.3338,100734.0248,6793.333796,1,647.4845271,392.2065074,1307355.025,0,"{""601398.SH"": 17300.0}",0.02307960692,-0.02378053433,0.9318583761
2021-02-23,V22 LambdaRank Top1 12pct vol,99867.3338,100907.0248,6793.333796,1,647.4845271,392.2065074,1307355.025,0,"{""601398.SH"": 17300.0}",0.001735304239,-0.02208649656,0.9319764177
2021-02-24,V22 LambdaRank Top1 12pct vol,98483.3338,99523.02483,6793.333796,1,647.4845271,392.2065074,1307355.025,0,"{""601398.SH"": 17300.0}",-0.01385838539,-0.03563879877,0.9310204729
2021-02-25,V22 LambdaRank Top1 12pct vol,100905.3338,101945.0248,6793.333796,1,647.4845271,392.2065074,1307355.025,0,"{""601398.SH"": 17300.0}",0.02459299362,-0.0119222699,0.9326761674
2021-02-26,V22 LambdaRank Top1 12pct vol,99694.3338,100734.0248,6793.333796,1,647.4845271,392.2065074,1307355.025,0,"{""601398.SH"": 17300.0}",-0.01200134774,-0.02378053433,0.9318583761
2021-03-01,V22 LambdaRank Top1 12pct vol,99175.3338,100215.0248,6793.333796,1,647.4845271,392.2065074,1307355.025,0,"{""601398.SH"": 17300.0}",-0.005205912716,-0.02886264766,0.9315017804
2021-03-02,V22 LambdaRank Top1 12pct vol,97674.74063,98868.02483,90.74062859,1,743.5799947,449.7042074,1499014.025,0,"{""601288.SH"": 30400.0}",-0.01513070952,-0.04355664485,0.9990709919
2021-03-03,V22 LambdaRank Top1 12pct vol,99802.74063,100996.0248,90.74062859,1,743.5799947,449.7042074,1499014.025,0,"{""601288.SH"": 30400.0}",0.02178659484,-0.02271900098,0.9990908002
2021-03-04,V22 LambdaRank Top1 12pct vol,100410.7406,101604.0248,90.74062859,1,743.5799947,449.7042074,1499014.025,0,"{""601288.SH"": 30400.0}",0.006092017075,-0.01676538845,0.9990963056
2021-03-05,V22 LambdaRank Top1 12pct vol,101930.7406,103124.0248,90.74062859,1,743.5799947,449.7042074,1499014.025,0,"{""601288.SH"": 30400.0}",0.01513782281,-0.00188135712,0.9991097815
2021-03-08,V22 LambdaRank Top1 12pct vol,102234.7406,103428.0248,90.74062859,1,743.5799947,449.7042074,1499014.025,0,"{""601288.SH"": 30400.0}",0.002982417258,0,0.9991124286
2021-03-09,V22 LambdaRank Top1 12pct vol,101322.7406,102516.0248,90.74062859,1,743.5799947,449.7042074,1499014.025,0,"{""601288.SH"": 30400.0}",-0.008920646684,-0.008920646684,0.9991044397
2021-03-10,V22 LambdaRank Top1 12pct vol,102234.7406,103428.0248,90.74062859,1,743.5799947,449.7042074,1499014.025,0,"{""601288.SH"": 30400.0}",0.009000940898,0,0.9991124286
2021-03-11,V22 LambdaRank Top1 12pct vol,102842.7406,104036.0248,90.74062859,1,743.5799947,449.7042074,1499014.025,0,"{""601288.SH"": 30400.0}",0.005947097789,0,0.9991176759
2021-03-12,V22 LambdaRank Top1 12pct vol,102842.7406,104036.0248,90.74062859,1,743.5799947,449.7042074,1499014.025,0,"{""601288.SH"": 30400.0}",0,0,0.9991176759
2021-03-15,V22 LambdaRank Top1 12pct vol,104058.7406,105252.0248,90.74062859,1,743.5799947,449.7042074,1499014.025,0,"{""601288.SH"": 30400.0}",0.01182387782,0,0.9991279865
2021-03-16,V22 LambdaRank Top1 12pct vol,103754.7406,104948.0248,90.74062859,1,743.5799947,449.7042074,1499014.025,0,"{""601288.SH"": 30400.0}",-0.002921426861,-0.002921426861,0.9991254315
2021-03-17,V22 LambdaRank Top1 12pct vol,103450.7406,104644.0248,90.74062859,1,743.5799947,449.7042074,1499014.025,0,"{""601288.SH"": 30400.0}",-0.002929986603,-0.005842853722,0.9991228615
2021-03-18,V22 LambdaRank Top1 12pct vol,103146.7406,104340.0248,90.74062859,1,743.5799947,449.7042074,1499014.025,0,"{""601288.SH"": 30400.0}",-0.002938596651,-0.008764280583,0.9991202763
2021-03-19,V22 LambdaRank Top1 12pct vol,101626.7406,102820.0248,90.74062859,1,743.5799947,449.7042074,1499014.025,0,"{""601288.SH"": 30400.0}",-0.01473628726,-0.02337141489,0.9991071186
2021-03-22,V22 LambdaRank Top1 12pct vol,103146.7406,104340.0248,90.74062859,1,743.5799947,449.7042074,1499014.025,0,"{""601288.SH"": 30400.0}",0.01495669339,-0.008764280583,0.9991202763
2021-03-23,V22 LambdaRank Top1 12pct vol,103146.7406,104340.0248,90.74062859,1,743.5799947,449.7042074,1499014.025,0,"{""601288.SH"": 30400.0}",0,-0.008764280583,0.9991202763
2021-03-24,V22 LambdaRank Top1 12pct vol,103450.7406,104644.0248,90.74062859,1,743.5799947,449.7042074,1499014.025,0,"{""601288.SH"": 30400.0}",0.002947257452,-0.005842853722,0.9991228615
2021-03-25,V22 LambdaRank Top1 12pct vol,101626.7406,102820.0248,90.74062859,1,743.5799947,449.7042074,1499014.025,0,"{""601288.SH"": 30400.0}",-0.01763157991,-0.02337141489,0.9991071186
2021-03-26,V22 LambdaRank Top1 12pct vol,101322.7406,102516.0248,90.74062859,1,743.5799947,449.7042074,1499014.025,0,"{""601288.SH"": 30400.0}",-0.002991338678,-0.02629284175,0.9991044397
2021-03-29,V22 LambdaRank Top1 12pct vol,102842.7406,104036.0248,90.74062859,1,743.5799947,449.7042074,1499014.025,0,"{""601288.SH"": 30400.0}",0.01500156816,-0.01168570744,0.9991176759
2021-03-30,V22 LambdaRank Top1 12pct vol,102842.7406,104036.0248,90.74062859,1,743.5799947,449.7042074,1499014.025,0,"{""601288.SH"": 30400.0}",0,-0.01168570744,0.9991176759
2021-03-31,V22 LambdaRank Top1 12pct vol,103450.7406,104644.0248,90.74062859,1,743.5799947,449.7042074,1499014.025,0,"{""601288.SH"": 30400.0}",0.005911938911,-0.005842853722,0.9991228615
2021-04-01,V22 LambdaRank Top1 12pct vol,102842.7406,104036.0248,90.74062859,1,743.5799947,449.7042074,1499014.025,0,"{""601288.SH"": 30400.0}",-0.005877193303,-0.01168570744,0.9991176759
2021-04-02,V22 LambdaRank Top1 12pct vol,102070.233,103283.0248,17985.23303,1,757.7133938,455.0784074,1516928.025,0,"{""601288.SH"": 25100.0}",-0.007511542326,-0.01910947208,0.8237955132
2021-04-06,V22 LambdaRank Top1 12pct vol,101819.233,103032.0248,17985.23303,1,757.7133938,455.0784074,1516928.025,0,"{""601288.SH"": 25100.0}",-0.002459091084,-0.02152157124,0.8233611422
2021-04-07,V22 LambdaRank Top1 12pct vol,102070.233,103283.0248,17985.23303,1,757.7133938,455.0784074,1516928.025,0,"{""601288.SH"": 25100.0}",0.00246515312,-0.01910947208,0.8237955132
2021-04-08,V22 LambdaRank Top1 12pct vol,101819.233,103032.0248,17985.23303,1,757.7133938,455.0784074,1516928.025,0,"{""601288.SH"": 25100.0}",-0.002459091084,-0.02152157124,0.8233611422
2021-04-09,V22 LambdaRank Top1 12pct vol,102321.233,103534.0248,17985.23303,1,757.7133938,455.0784074,1516928.025,0,"{""601288.SH"": 25100.0}",0.00493030624,-0.01669737293,0.8242277532
2021-04-12,V22 LambdaRank Top1 12pct vol,103325.233,104538.0248,17985.23303,1,757.7133938,455.0784074,1516928.025,0,"{""601288.SH"": 25100.0}",0.009812235157,-0.007048976326,0.8259357129
2021-04-13,V22 LambdaRank Top1 12pct vol,103074.233,104287.0248,17985.23303,1,757.7133938,455.0784074,1516928.025,0,"{""601288.SH"": 25100.0}",-0.002429222685,-0.009461075477,0.8255118423
2021-04-14,V22 LambdaRank Top1 12pct vol,102070.233,103283.0248,17985.23303,1,757.7133938,455.0784074,1516928.025,0,"{""601288.SH"": 25100.0}",-0.009740552711,-0.01910947208,0.8237955132
2021-04-15,V22 LambdaRank Top1 12pct vol,102070.233,103283.0248,17985.23303,1,757.7133938,455.0784074,1516928.025,0,"{""601288.SH"": 25100.0}",0,-0.01910947208,0.8237955132
2021-04-16,V22 LambdaRank Top1 12pct vol,102070.233,103283.0248,17985.23303,1,757.7133938,455.0784074,1516928.025,0,"{""601288.SH"": 25100.0}",0,-0.01910947208,0.8237955132
2021-04-19,V22 LambdaRank Top1 12pct vol,102070.233,103283.0248,17985.23303,1,757.7133938,455.0784074,1516928.025,0,"{""601288.SH"": 25100.0}",0,-0.01910947208,0.8237955132
2021-04-20,V22 LambdaRank Top1 12pct vol,101568.233,102781.0248,17985.23303,1,757.7133938,455.0784074,1516928.025,0,"{""601288.SH"": 25100.0}",-0.004918182168,-0.02393367039,0.8229246242
2021-04-21,V22 LambdaRank Top1 12pct vol,101568.233,102781.0248,17985.23303,1,757.7133938,455.0784074,1516928.025,0,"{""601288.SH"": 25100.0}",0,-0.02393367039,0.8229246242
2021-04-22,V22 LambdaRank Top1 12pct vol,100815.233,102028.0248,17985.23303,1,757.7133938,455.0784074,1516928.025,0,"{""601288.SH"": 25100.0}",-0.007413735353,-0.03116996784,0.8216020289
2021-04-23,V22 LambdaRank Top1 12pct vol,99811.23303,101024.0248,17985.23303,1,757.7133938,455.0784074,1516928.025,0,"{""601288.SH"": 25100.0}",-0.009958812471,-0.04081836445,0.8198075258
2021-04-26,V22 LambdaRank Top1 12pct vol,99309.23303,100522.0248,17985.23303,1,757.7133938,455.0784074,1516928.025,0,"{""601288.SH"": 25100.0}",-0.005029494024,-0.04564256275,0.8188966677
2021-04-27,V22 LambdaRank Top1 12pct vol,99058.23303,100271.0248,17985.23303,1,757.7133938,455.0784074,1516928.025,0,"{""601288.SH"": 25100.0}",-0.002527458851,-0.0480546619,0.8184377767
2021-04-28,V22 LambdaRank Top1 12pct vol,98807.23303,100020.0248,17985.23303,1,757.7133938,455.0784074,1516928.025,0,"{""601288.SH"": 25100.0}",-0.002533863086,-0.05046676106,0.8179765542
2021-04-29,V22 LambdaRank Top1 12pct vol,99058.23303,100271.0248,17985.23303,1,757.7133938,455.0784074,1516928.025,0,"{""601288.SH"": 25100.0}",0.002540299858,-0.0480546619,0.8184377767
2021-04-30,V22 LambdaRank Top1 12pct vol,98305.23303,99518.02483,17985.23303,1,757.7133938,455.0784074,1516928.025,0,"{""601288.SH"": 25100.0}",-0.007601589257,-0.05529095936,0.8170470434
2021-05-06,V22 LambdaRank Top1 12pct vol,98556.23303,99769.02483,17985.23303,1,757.7133938,455.0784074,1516928.025,0,"{""601288.SH"": 25100.0}",0.002553272011,-0.05287886021,0.8175129824
2021-05-07,V22 LambdaRank Top1 12pct vol,99769.75993,100993.0248,319.7599265,1,762.8899968,460.3749074,1534583.025,0,"{""601288.SH"": 30600.0}",0.01231304058,-0.04121691918,0.9967950216
2021-05-10,V22 LambdaRank Top1 12pct vol,99463.75993,100687.0248,319.7599265,1,762.8899968,460.3749074,1534583.025,0,"{""601288.SH"": 30600.0}",-0.003067061605,-0.04415756595,0.9967851615
2021-05-11,V22 LambdaRank Top1 12pct vol,100075.7599,101299.0248,319.7599265,1,762.8899968,460.3749074,1534583.025,0,"{""601288.SH"": 30600.0}",0.006152994824,-0.0382762724,0.9968048214
2021-05-12,V22 LambdaRank Top1 12pct vol,100381.7599,101605.0248,319.7599265,1,762.8899968,460.3749074,1534583.025,0,"{""601288.SH"": 30600.0}",0.003057683501,-0.03533562563,0.9968145615
2021-05-13,V22 LambdaRank Top1 12pct vol,100381.7599,101605.0248,319.7599265,1,762.8899968,460.3749074,1534583.025,0,"{""601288.SH"": 30600.0}",0,-0.03533562563,0.9968145615
2021-05-14,V22 LambdaRank Top1 12pct vol,100993.7599,102217.0248,319.7599265,1,762.8899968,460.3749074,1534583.025,0,"{""601288.SH"": 30600.0}",0.006096725147,-0.02945433208,0.9968338645
2021-05-17,V22 LambdaRank Top1 12pct vol,100381.7599,101605.0248,319.7599265,1,762.8899968,460.3749074,1534583.025,0,"{""601288.SH"": 30600.0}",-0.006059780331,-0.03533562563,0.9968145615
2021-05-18,V22 LambdaRank Top1 12pct vol,99769.75993,100993.0248,319.7599265,1,762.8899968,460.3749074,1534583.025,0,"{""601288.SH"": 30600.0}",-0.006096725147,-0.04121691918,0.9967950216
2021-05-19,V22 LambdaRank Top1 12pct vol,99463.75993,100687.0248,319.7599265,1,762.8899968,460.3749074,1534583.025,0,"{""601288.SH"": 30600.0}",-0.003067061605,-0.04415756595,0.9967851615
2021-05-20,V22 LambdaRank Top1 12pct vol,99769.75993,100993.0248,319.7599265,1,762.8899968,460.3749074,1534583.025,0,"{""601288.SH"": 30600.0}",0.003076497412,-0.04121691918,0.9967950216
2021-05-21,V22 LambdaRank Top1 12pct vol,99463.75993,100687.0248,319.7599265,1,762.8899968,460.3749074,1534583.025,0,"{""601288.SH"": 30600.0}",-0.003067061605,-0.04415756595,0.9967851615
2021-05-24,V22 LambdaRank Top1 12pct vol,99463.75993,100687.0248,319.7599265,1,762.8899968,460.3749074,1534583.025,0,"{""601288.SH"": 30600.0}",0,-0.04415756595,0.9967851615
2021-05-25,V22 LambdaRank Top1 12pct vol,100381.7599,101605.0248,319.7599265,1,762.8899968,460.3749074,1534583.025,0,"{""601288.SH"": 30600.0}",0.009229492236,-0.03533562563,0.9968145615
2021-05-26,V22 LambdaRank Top1 12pct vol,100687.7599,101911.0248,319.7599265,1,762.8899968,460.3749074,1534583.025,0,"{""601288.SH"": 30600.0}",0.003048362573,-0.03239497885,0.9968242423
2021-05-27,V22 LambdaRank Top1 12pct vol,100381.7599,101605.0248,319.7599265,1,762.8899968,460.3749074,1534583.025,0,"{""601288.SH"": 30600.0}",-0.0030390983,-0.03533562563,0.9968145615
2021-05-28,V22 LambdaRank Top1 12pct vol,100687.7599,101911.0248,319.7599265,1,762.8899968,460.3749074,1534583.025,0,"{""601288.SH"": 30600.0}",0.003048362573,-0.03239497885,0.9968242423
2021-05-31,V22 LambdaRank Top1 12pct vol,100075.7599,101299.0248,319.7599265,1,762.8899968,460.3749074,1534583.025,0,"{""601288.SH"": 30600.0}",-0.0060781966,-0.0382762724,0.9968048214
2021-06-01,V22 LambdaRank Top1 12pct vol,99769.75993,100993.0248,319.7599265,1,762.8899968,460.3749074,1534583.025,0,"{""601288.SH"": 30600.0}",-0.003057683501,-0.04121691918,0.9967950216
2021-06-02,V22 LambdaRank Top1 12pct vol,99783.62537,101161.0248,12591.62537,1,861.0823501,516.3171074,1721057.025,0,"{""601398.SH"": 16800.0}",0.0001389744421,-0.04108367283,0.8738107047
2021-06-03,V22 LambdaRank Top1 12pct vol,99111.62537,100489.0248,12591.62537,1,861.0823501,516.3171074,1721057.025,0,"{""601398.SH"": 16800.0}",-0.006734571905,-0.04754156379,0.8729551117
2021-06-04,V22 LambdaRank Top1 12pct vol,99447.62537,100825.0248,12591.62537,1,861.0823501,516.3171074,1721057.025,0,"{""601398.SH"": 16800.0}",0.003390116939,-0.04431261831,0.8733843536
2021-06-07,V22 LambdaRank Top1 12pct vol,99447.62537,100825.0248,12591.62537,1,861.0823501,516.3171074,1721057.025,0,"{""601398.SH"": 16800.0}",0,-0.04431261831,0.8733843536
2021-06-08,V22 LambdaRank Top1 12pct vol,99951.62537,101329.0248,12591.62537,1,861.0823501,516.3171074,1721057.025,0,"{""601398.SH"": 16800.0}",0.005067994315,-0.03946920009,0.8740228053
2021-06-09,V22 LambdaRank Top1 12pct vol,99783.62537,101161.0248,12591.62537,1,861.0823501,516.3171074,1721057.025,0,"{""601398.SH"": 16800.0}",-0.001680813087,-0.04108367283,0.8738107047
2021-06-10,V22 LambdaRank Top1 12pct vol,99951.62537,101329.0248,12591.62537,1,861.0823501,516.3171074,1721057.025,0,"{""601398.SH"": 16800.0}",0.001683642976,-0.03946920009,0.8740228053
2021-06-11,V22 LambdaRank Top1 12pct vol,99783.62537,101161.0248,12591.62537,1,861.0823501,516.3171074,1721057.025,0,"{""601398.SH"": 16800.0}",-0.001680813087,-0.04108367283,0.8738107047
2021-06-15,V22 LambdaRank Top1 12pct vol,99279.62537,100657.0248,12591.62537,1,861.0823501,516.3171074,1721057.025,0,"{""601398.SH"": 16800.0}",-0.005050928929,-0.04592709105,0.8731700958
2021-06-16,V22 LambdaRank Top1 12pct vol,99447.62537,100825.0248,12591.62537,1,861.0823501,516.3171074,1721057.025,0,"{""601398.SH"": 16800.0}",0.001692190108,-0.04431261831,0.8733843536
2021-06-17,V22 LambdaRank Top1 12pct vol,99615.62537,100993.0248,12591.62537,1,861.0823501,516.3171074,1721057.025,0,"{""601398.SH"": 16800.0}",0.001689331438,-0.04269814557,0.8735978886
2021-06-18,V22 LambdaRank Top1 12pct vol,99615.62537,100993.0248,12591.62537,1,861.0823501,516.3171074,1721057.025,0,"{""601398.SH"": 16800.0}",0,-0.04269814557,0.8735978886
2021-06-21,V22 LambdaRank Top1 12pct vol,99111.62537,100489.0248,12591.62537,1,861.0823501,516.3171074,1721057.025,0,"{""601398.SH"": 16800.0}",-0.005059447231,-0.04754156379,0.8729551117
2021-06-22,V22 LambdaRank Top1 12pct vol,99279.62537,100657.0248,12591.62537,1,861.0823501,516.3171074,1721057.025,0,"{""601398.SH"": 16800.0}",0.001695058469,-0.04592709105,0.8731700958
2021-06-23,V22 LambdaRank Top1 12pct vol,98943.62537,100321.0248,12591.62537,1,861.0823501,516.3171074,1721057.025,0,"{""601398.SH"": 16800.0}",-0.003384380216,-0.04915603653,0.8727393976
2021-06-24,V22 LambdaRank Top1 12pct vol,99951.62537,101329.0248,12591.62537,1,861.0823501,516.3171074,1721057.025,0,"{""601398.SH"": 16800.0}",0.01018761943,-0.03946920009,0.8740228053
2021-06-25,V22 LambdaRank Top1 12pct vol,100455.6254,101833.0248,12591.62537,1,861.0823501,516.3171074,1721057.025,0,"{""601398.SH"": 16800.0}",0.005042439261,-0.03462578188,0.8746548506
2021-06-28,V22 LambdaRank Top1 12pct vol,99615.62537,100993.0248,12591.62537,1,861.0823501,516.3171074,1721057.025,0,"{""601398.SH"": 16800.0}",-0.008361901057,-0.04269814557,0.8735978886
2021-06-29,V22 LambdaRank Top1 12pct vol,99447.62537,100825.0248,12591.62537,1,861.0823501,516.3171074,1721057.025,0,"{""601398.SH"": 16800.0}",-0.00168648241,-0.04431261831,0.8733843536
2021-06-30,V22 LambdaRank Top1 12pct vol,99447.62537,100825.0248,12591.62537,1,861.0823501,516.3171074,1721057.025,0,"{""601398.SH"": 16800.0}",0,-0.04431261831,0.8733843536
2021-07-01,V22 LambdaRank Top1 12pct vol,100959.6254,102337.0248,12591.62537,1,861.0823501,516.3171074,1721057.025,0,"{""601398.SH"": 16800.0}",0.01520398294,-0.02978236366,0.8752805854
2021-07-02,V22 LambdaRank Top1 12pct vol,100878.7491,102265.0248,78.74909568,1,866.2074276,520.0683074,1733561.025,0,"{""601398.SH"": 19200.0}",-0.0008010754518,-0.03055958119,0.9992193688
2021-07-05,V22 LambdaRank Top1 12pct vol,99918.7491,101305.0248,78.74909568,1,866.2074276,520.0683074,1733561.025,0,"{""601398.SH"": 19200.0}",-0.009516374941,-0.0397851397,0.9992118687
2021-07-06,V22 LambdaRank Top1 12pct vol,100305.5228,101691.7985,78.74909568,1,866.2074276,520.0683074,1733561.025,0,"{""601398.SH"": 20247.8331}",0.003870881884,-0.03606826139,0.9992149077
2021-07-07,V22 LambdaRank Top1 12pct vol,100103.0444,101489.3202,78.74909568,1,866.2074276,520.0683074,1733561.025,0,"{""601398.SH"": 20247.8331}",-0.002018615975,-0.0380140694,0.9992133197
2021-07-08,V22 LambdaRank Top1 12pct vol,99090.65279,100476.9285,78.74909568,1,866.2074276,520.0683074,1733561.025,0,"{""601398.SH"": 20247.8331}",-0.01011349514,-0.04774310943,0.9992052823
2021-07-09,V22 LambdaRank Top1 12pct vol,98280.73946,99667.0152,78.74909568,1,866.2074276,520.0683074,1733561.025,0,"{""601398.SH"": 20247.8331}",-0.008173458342,-0.05552634146,0.9991987332
2021-07-12,V22 LambdaRank Top1 12pct vol,96660.91282,98047.18855,78.74909568,1,866.2074276,520.0683074,1733561.025,0,"{""601398.SH"": 20247.8331}",-0.01648162859,-0.07109280551,0.9991853057
2021-07-13,V22 LambdaRank Top1 12pct vol,96255.95616,97642.23189,78.74909568,1,866.2074276,520.0683074,1733561.025,0,"{""601398.SH"": 20247.8331}",-0.004189456208,-0.07498442152,0.9991818782
2021-07-14,V22 LambdaRank Top1 12pct vol,95446.04284,96832.31857,78.74909568,1,866.2074276,520.0683074,1733561.025,0,"{""601398.SH"": 20247.8331}",-0.008414163185,-0.08276765355,0.999174936
2021-07-15,V22 LambdaRank Top1 12pct vol,96255.95616,97642.23189,78.74909568,1,866.2074276,520.0683074,1733561.025,0,"{""601398.SH"": 20247.8331}",0.008485562089,-0.07498442152,0.9991818782
2021-07-16,V22 LambdaRank Top1 12pct vol,96053.47783,97439.75356,78.74909568,1,866.2074276,520.0683074,1733561.025,0,"{""601398.SH"": 20247.8331}",-0.002103540796,-0.07693022953,0.9991801536
2021-07-19,V22 LambdaRank Top1 12pct vol,95850.9995,97237.27523,78.74909568,1,866.2074276,520.0683074,1733561.025,0,"{""601398.SH"": 20247.8331}",-0.002107975008,-0.07887603753,0.9991784218
2021-07-20,V22 LambdaRank Top1 12pct vol,95446.04284,96832.31857,78.74909568,1,866.2074276,520.0683074,1733561.025,0,"{""601398.SH"": 20247.8331}",-0.004224855906,-0.08276765355,0.999174936
2021-07-21,V22 LambdaRank Top1 12pct vol,95041.08617,96427.36191,78.74909568,1,866.2074276,520.0683074,1733561.025,0,"{""601398.SH"": 20247.8331}",-0.004242781045,-0.08665926956,0.9991714205
2021-07-22,V22 LambdaRank Top1 12pct vol,95446.04284,96832.31857,78.74909568,1,866.2074276,520.0683074,1733561.025,0,"{""601398.SH"": 20247.8331}",0.004260858936,-0.08276765355,0.999174936
2021-07-23,V22 LambdaRank Top1 12pct vol,95243.5645,96629.84024,78.74909568,1,866.2074276,520.0683074,1733561.025,0,"{""601398.SH"": 20247.8331}",-0.002121390522,-0.08471346155,0.999173182
2021-07-26,V22 LambdaRank Top1 12pct vol,94636.12951,96022.40525,78.74909568,1,866.2074276,520.0683074,1733561.025,0,"{""601398.SH"": 20247.8331}",-0.006377701162,-0.09055088557,0.9991678749
2021-07-27,V22 LambdaRank Top1 12pct vol,93623.73786,95010.01359,78.74909568,1,866.2074276,520.0683074,1733561.025,0,"{""601398.SH"": 20247.8331}",-0.01069772885,-0.1002799256,0.9991588768
2021-07-28,V22 LambdaRank Top1 12pct vol,94636.12951,96022.40525,78.74909568,1,866.2074276,520.0683074,1733561.025,0,"{""601398.SH"": 20247.8331}",0.01081340776,-0.09055088557,0.9991678749
2021-07-29,V22 LambdaRank Top1 12pct vol,93623.73786,95010.01359,78.74909568,1,866.2074276,520.0683074,1733561.025,0,"{""601398.SH"": 20247.8331}",-0.01069772885,-0.1002799256,0.9991588768
2021-07-30,V22 LambdaRank Top1 12pct vol,93016.30287,94402.5786,78.74909568,1,866.2074276,520.0683074,1733561.025,0,"{""601398.SH"": 20247.8331}",-0.006488044655,-0.1061173496,0.9991533839
2021-08-02,V22 LambdaRank Top1 12pct vol,93218.7812,94605.05693,78.74909568,1,866.2074276,520.0683074,1733561.025,0,"{""601398.SH"": 20247.8331}",0.002176804758,-0.1041715416,0.9991552229
2021-08-03,V22 LambdaRank Top1 12pct vol,92338.43109,93866.5786,15422.43109,1,956.9623399,571.1851736,1903950.579,0,"{""601939.SH"": 13400.0}",-0.009443913532,-0.1126316681,0.8329792817
2021-08-04,V22 LambdaRank Top1 12pct vol,91936.43109,93464.5786,15422.43109,1,956.9623399,571.1851736,1903950.579,0,"{""601939.SH"": 13400.0}",-0.004353550253,-0.1164948707,0.8322489691
2021-08-05,V22 LambdaRank Top1 12pct vol,91802.43109,93330.5786,15422.43109,1,956.9623399,571.1851736,1903950.579,0,"{""601939.SH"": 13400.0}",-0.001457528843,-0.117782605,0.8320041103
2021-08-06,V22 LambdaRank Top1 12pct vol,91534.43109,93062.5786,15422.43109,1,956.9623399,571.1851736,1903950.579,0,"{""601939.SH"": 13400.0}",-0.002919312668,-0.1203580734,0.8315122418
2021-08-09,V22 LambdaRank Top1 12pct vol,92338.43109,93866.5786,15422.43109,1,956.9623399,571.1851736,1903950.579,0,"{""601939.SH"": 13400.0}",0.008783580019,-0.1126316681,0.8329792817
2021-08-10,V22 LambdaRank Top1 12pct vol,93544.43109,95072.5786,15422.43109,1,956.9623399,571.1851736,1903950.579,0,"{""601939.SH"": 13400.0}",0.01306065076,-0.1010420602,0.8351325578
2021-08-11,V22 LambdaRank Top1 12pct vol,95688.43109,97216.5786,15422.43109,1,956.9623399,571.1851736,1903950.579,0,"{""601939.SH"": 13400.0}",0.02291958992,-0.08043831291,0.8388265863
2021-08-12,V22 LambdaRank Top1 12pct vol,94884.43109,96412.5786,15422.43109,1,956.9623399,571.1851736,1903950.579,0,"{""601939.SH"": 13400.0}",-0.008402269646,-0.08816471816,0.8374608889
2021-08-13,V22 LambdaRank Top1 12pct vol,94616.43109,96144.5786,15422.43109,1,956.9623399,571.1851736,1903950.579,0,"{""601939.SH"": 13400.0}",-0.002824488664,-0.09074018657,0.8370004986
2021-08-16,V22 LambdaRank Top1 12pct vol,94482.43109,96010.5786,15422.43109,1,956.9623399,571.1851736,1903950.579,0,"{""601939.SH"": 13400.0}",-0.001416244499,-0.09202792078,0.8367693241
2021-08-17,V22 LambdaRank Top1 12pct vol,94616.43109,96144.5786,15422.43109,1,956.9623399,571.1851736,1903950.579,0,"{""601939.SH"": 13400.0}",0.001418253092,-0.09074018657,0.8370004986
2021-08-18,V22 LambdaRank Top1 12pct vol,95688.43109,97216.5786,15422.43109,1,956.9623399,571.1851736,1903950.579,0,"{""601939.SH"": 13400.0}",0.01132995599,-0.08043831291,0.8388265863
2021-08-19,V22 LambdaRank Top1 12pct vol,94884.43109,96412.5786,15422.43109,1,956.9623399,571.1851736,1903950.579,0,"{""601939.SH"": 13400.0}",-0.008402269646,-0.08816471816,0.8374608889
2021-08-20,V22 LambdaRank Top1 12pct vol,94884.43109,96412.5786,15422.43109,1,956.9623399,571.1851736,1903950.579,0,"{""601939.SH"": 13400.0}",0,-0.08816471816,0.8374608889
2021-08-23,V22 LambdaRank Top1 12pct vol,94750.43109,96278.5786,15422.43109,1,956.9623399,571.1851736,1903950.579,0,"{""601939.SH"": 13400.0}",-0.001412244332,-0.08945245237,0.8372310193
2021-08-24,V22 LambdaRank Top1 12pct vol,94884.43109,96412.5786,15422.43109,1,956.9623399,571.1851736,1903950.579,0,"{""601939.SH"": 13400.0}",0.001414241587,-0.08816471816,0.8374608889
2021-08-25,V22 LambdaRank Top1 12pct vol,94348.43109,95876.5786,15422.43109,1,956.9623399,571.1851736,1903950.579,0,"{""601939.SH"": 13400.0}",-0.005648977328,-0.09331565499,0.8365374929
2021-08-26,V22 LambdaRank Top1 12pct vol,94080.43109,95608.5786,15422.43109,1,956.9623399,571.1851736,1903950.579,0,"{""601939.SH"": 13400.0}",-0.002840534781,-0.09589112341,0.8360718493
2021-08-27,V22 LambdaRank Top1 12pct vol,93812.43109,95340.5786,15422.43109,1,956.9623399,571.1851736,1903950.579,0,"{""601939.SH"": 13400.0}",-0.002848626403,-0.09846659183,0.8356035452
2021-08-30,V22 LambdaRank Top1 12pct vol,92740.43109,94268.5786,15422.43109,1,956.9623399,571.1851736,1903950.579,0,"{""601939.SH"": 13400.0}",-0.01142705703,-0.1087684655,0.8337032629
2021-08-31,V22 LambdaRank Top1 12pct vol,93812.43109,95340.5786,15422.43109,1,956.9623399,571.1851736,1903950.579,0,"{""601939.SH"": 13400.0}",0.01155914403,-0.09846659183,0.8356035452
2021-09-01,V22 LambdaRank Top1 12pct vol,95152.43109,96680.5786,15422.43109,1,956.9623399,571.1851736,1903950.579,0,"{""601939.SH"": 13400.0}",0.01428382129,-0.08558924974,0.8379186857
2021-09-02,V22 LambdaRank Top1 12pct vol,94880.95128,96546.5786,25.95127846,1,1042.106851,623.5204736,2078401.579,0,"{""601988.SH"": 31100.0}",-0.002853104305,-0.08819815899,0.9997264859
2021-09-03,V22 LambdaRank Top1 12pct vol,95191.95128,96857.5786,25.95127846,1,1042.106851,623.5204736,2078401.579,0,"{""601988.SH"": 31100.0}",0.003277791757,-0.08520946243,0.9997273795
2021-09-06,V22 LambdaRank Top1 12pct vol,95191.95128,96857.5786,25.95127846,1,1042.106851,623.5204736,2078401.579,0,"{""601988.SH"": 31100.0}",0,-0.08520946243,0.9997273795
2021-09-07,V22 LambdaRank Top1 12pct vol,96124.95128,97790.5786,25.95127846,1,1042.106851,623.5204736,2078401.579,0,"{""601988.SH"": 31100.0}",0.009801248819,-0.07624337275,0.9997300256
2021-09-08,V22 LambdaRank Top1 12pct vol,96435.95128,98101.5786,25.95127846,1,1042.106851,623.5204736,2078401.579,0,"{""601988.SH"": 31100.0}",0.003235372251,-0.0732546762,0.9997308962
2021-09-09,V22 LambdaRank Top1 12pct vol,96124.95128,97790.5786,25.95127846,1,1042.106851,623.5204736,2078401.579,0,"{""601988.SH"": 31100.0}",-0.003224938375,-0.07624337275,0.9997300256
2021-09-10,V22 LambdaRank Top1 12pct vol,96435.95128,98101.5786,25.95127846,1,1042.106851,623.5204736,2078401.579,0,"{""601988.SH"": 31100.0}",0.003235372251,-0.0732546762,0.9997308962
2021-09-13,V22 LambdaRank Top1 12pct vol,96435.95128,98101.5786,25.95127846,1,1042.106851,623.5204736,2078401.579,0,"{""601988.SH"": 31100.0}",0,-0.0732546762,0.9997308962
2021-09-14,V22 LambdaRank Top1 12pct vol,95191.95128,96857.5786,25.95127846,1,1042.106851,623.5204736,2078401.579,0,"{""601988.SH"": 31100.0}",-0.0128997535,-0.08520946243,0.9997273795
2021-09-15,V22 LambdaRank Top1 12pct vol,95191.95128,96857.5786,25.95127846,1,1042.106851,623.5204736,2078401.579,0,"{""601988.SH"": 31100.0}",0,-0.08520946243,0.9997273795
2021-09-16,V22 LambdaRank Top1 12pct vol,94880.95128,96546.5786,25.95127846,1,1042.106851,623.5204736,2078401.579,0,"{""601988.SH"": 31100.0}",-0.00326708294,-0.08819815899,0.9997264859
2021-09-17,V22 LambdaRank Top1 12pct vol,95502.95128,97168.5786,25.95127846,1,1042.106851,623.5204736,2078401.579,0,"{""601988.SH"": 31100.0}",0.006555583514,-0.08222076587,0.9997282673
2021-09-22,V22 LambdaRank Top1 12pct vol,94880.95128,96546.5786,25.95127846,1,1042.106851,623.5204736,2078401.579,0,"{""601988.SH"": 31100.0}",-0.006512887735,-0.08819815899,0.9997264859
2021-09-23,V22 LambdaRank Top1 12pct vol,95502.95128,97168.5786,25.95127846,1,1042.106851,623.5204736,2078401.579,0,"{""601988.SH"": 31100.0}",0.006555583514,-0.08222076587,0.9997282673
2021-09-24,V22 LambdaRank Top1 12pct vol,94880.95128,96546.5786,25.95127846,1,1042.106851,623.5204736,2078401.579,0,"{""601988.SH"": 31100.0}",-0.006512887735,-0.08819815899,0.9997264859
2021-09-27,V22 LambdaRank Top1 12pct vol,94880.95128,96546.5786,25.95127846,1,1042.106851,623.5204736,2078401.579,0,"{""601988.SH"": 31100.0}",0,-0.08819815899,0.9997264859
2021-09-28,V22 LambdaRank Top1 12pct vol,95191.95128,96857.5786,25.95127846,1,1042.106851,623.5204736,2078401.579,0,"{""601988.SH"": 31100.0}",0.003277791757,-0.08520946243,0.9997273795
2021-09-29,V22 LambdaRank Top1 12pct vol,95191.95128,96857.5786,25.95127846,1,1042.106851,623.5204736,2078401.579,0,"{""601988.SH"": 31100.0}",0,-0.08520946243,0.9997273795
2021-09-30,V22 LambdaRank Top1 12pct vol,94880.95128,96546.5786,25.95127846,1,1042.106851,623.5204736,2078401.579,0,"{""601988.SH"": 31100.0}",-0.00326708294,-0.08819815899,0.9997264859
2021-10-08,V22 LambdaRank Top1 12pct vol,95502.95128,97168.5786,25.95127846,1,1042.106851,623.5204736,2078401.579,0,"{""601988.SH"": 31100.0}",0.006555583514,-0.08222076587,0.9997282673
2021-10-11,V22 LambdaRank Top1 12pct vol,96063.03776,97883.5786,315.0377613,1,1139.680768,680.8600736,2269533.579,0,"{""601398.SH"": 20200.0}",0.005864598689,-0.07683835898,0.9967205101
2021-10-12,V22 LambdaRank Top1 12pct vol,96265.03776,98085.5786,315.0377613,1,1139.680768,680.8600736,2269533.579,0,"{""601398.SH"": 20200.0}",0.002102785886,-0.07489714771,0.9967273917
2021-10-13,V22 LambdaRank Top1 12pct vol,95659.03776,97479.5786,315.0377613,1,1139.680768,680.8600736,2269533.579,0,"{""601398.SH"": 20200.0}",-0.006295120369,-0.08072078152,0.9967066597
2021-10-14,V22 LambdaRank Top1 12pct vol,95457.03776,97277.5786,315.0377613,1,1139.680768,680.8600736,2269533.579,0,"{""601398.SH"": 20200.0}",-0.002111666652,-0.08266199279,0.9966996906
2021-10-15,V22 LambdaRank Top1 12pct vol,96265.03776,98085.5786,315.0377613,1,1139.680768,680.8600736,2269533.579,0,"{""601398.SH"": 20200.0}",0.008464540897,-0.07489714771,0.9967273917
2021-10-18,V22 LambdaRank Top1 12pct vol,95861.03776,97681.5786,315.0377613,1,1139.680768,680.8600736,2269533.579,0,"{""601398.SH"": 20200.0}",-0.004196746912,-0.07877957025,0.9967135995
2021-10-19,V22 LambdaRank Top1 12pct vol,95659.03776,97479.5786,315.0377613,1,1139.680768,680.8600736,2269533.579,0,"{""601398.SH"": 20200.0}",-0.002107216912,-0.08072078152,0.9967066597
2021-10-20,V22 LambdaRank Top1 12pct vol,95255.03776,97075.5786,315.0377613,1,1139.680768,680.8600736,2269533.579,0,"{""601398.SH"": 20200.0}",-0.004223333304,-0.08460320406,0.9966926919
2021-10-21,V22 LambdaRank Top1 12pct vol,96063.03776,97883.5786,315.0377613,1,1139.680768,680.8600736,2269533.579,0,"{""601398.SH"": 20200.0}",0.008482490995,-0.07683835898,0.9967205101
2021-10-22,V22 LambdaRank Top1 12pct vol,95861.03776,97681.5786,315.0377613,1,1139.680768,680.8600736,2269533.579,0,"{""601398.SH"": 20200.0}",-0.002102785886,-0.07877957025,0.9967135995
2021-10-25,V22 LambdaRank Top1 12pct vol,95659.03776,97479.5786,315.0377613,1,1139.680768,680.8600736,2269533.579,0,"{""601398.SH"": 20200.0}",-0.002107216912,-0.08072078152,0.9967066597
2021-10-26,V22 LambdaRank Top1 12pct vol,95255.03776,97075.5786,315.0377613,1,1139.680768,680.8600736,2269533.579,0,"{""601398.SH"": 20200.0}",-0.004223333304,-0.08460320406,0.9966926919
2021-10-27,V22 LambdaRank Top1 12pct vol,95255.03776,97075.5786,315.0377613,1,1139.680768,680.8600736,2269533.579,0,"{""601398.SH"": 20200.0}",0,-0.08460320406,0.9966926919
2021-10-28,V22 LambdaRank Top1 12pct vol,94649.03776,96469.5786,315.0377613,1,1139.680768,680.8600736,2269533.579,0,"{""601398.SH"": 20200.0}",-0.006361868246,-0.09042683787,0.9966715165
2021-10-29,V22 LambdaRank Top1 12pct vol,94649.03776,96469.5786,315.0377613,1,1139.680768,680.8600736,2269533.579,0,"{""601398.SH"": 20200.0}",0,-0.09042683787,0.9966715165
2021-11-01,V22 LambdaRank Top1 12pct vol,95861.03776,97681.5786,315.0377613,1,1139.680768,680.8600736,2269533.579,0,"{""601398.SH"": 20200.0}",0.0128052015,-0.07877957025,0.9967135995
2021-11-02,V22 LambdaRank Top1 12pct vol,94773.30622,96748.5786,229.3062186,1,1237.105411,738.1669736,2460556.579,0,"{""601988.SH"": 31100.0}",-0.0113469619,-0.08923262336,0.9975804767
2021-11-03,V22 LambdaRank Top1 12pct vol,94773.30622,96748.5786,229.3062186,1,1237.105411,738.1669736,2460556.579,0,"{""601988.SH"": 31100.0}",0,-0.08923262336,0.9975804767
2021-11-04,V22 LambdaRank Top1 12pct vol,94773.30622,96748.5786,229.3062186,1,1237.105411,738.1669736,2460556.579,0,"{""601988.SH"": 31100.0}",0,-0.08923262336,0.9975804767
2021-11-05,V22 LambdaRank Top1 12pct vol,94773.30622,96748.5786,229.3062186,1,1237.105411,738.1669736,2460556.579,0,"{""601988.SH"": 31100.0}",0,-0.08923262336,0.9975804767
2021-11-08,V22 LambdaRank Top1 12pct vol,94462.30622,96437.5786,229.3062186,1,1237.105411,738.1669736,2460556.579,0,"{""601988.SH"": 31100.0}",-0.003281514726,-0.09222131992,0.9975725109
2021-11-09,V22 LambdaRank Top1 12pct vol,94773.30622,96748.5786,229.3062186,1,1237.105411,738.1669736,2460556.579,0,"{""601988.SH"": 31100.0}",0.003292318518,-0.08923262336,0.9975804767
2021-11-10,V22 LambdaRank Top1 12pct vol,94773.30622,96748.5786,229.3062186,1,1237.105411,738.1669736,2460556.579,0,"{""601988.SH"": 31100.0}",0,-0.08923262336,0.9975804767
2021-11-11,V22 LambdaRank Top1 12pct vol,95706.30622,97681.5786,229.3062186,1,1237.105411,738.1669736,2460556.579,0,"{""601988.SH"": 31100.0}",0.009844544178,-0.08026653369,0.9976040636
2021-11-12,V22 LambdaRank Top1 12pct vol,95395.30622,97370.5786,229.3062186,1,1237.105411,738.1669736,2460556.579,0,"{""601988.SH"": 31100.0}",-0.003249524637,-0.08325523024,0.9975962526
2021-11-15,V22 LambdaRank Top1 12pct vol,95395.30622,97370.5786,229.3062186,1,1237.105411,738.1669736,2460556.579,0,"{""601988.SH"": 31100.0}",0,-0.08325523024,0.9975962526
2021-11-16,V22 LambdaRank Top1 12pct vol,95395.30622,97370.5786,229.3062186,1,1237.105411,738.1669736,2460556.579,0,"{""601988.SH"": 31100.0}",0,-0.08325523024,0.9975962526
2021-11-17,V22 LambdaRank Top1 12pct vol,95706.30622,97681.5786,229.3062186,1,1237.105411,738.1669736,2460556.579,0,"{""601988.SH"": 31100.0}",0.003260118473,-0.08026653369,0.9976040636
2021-11-18,V22 LambdaRank Top1 12pct vol,95395.30622,97370.5786,229.3062186,1,1237.105411,738.1669736,2460556.579,0,"{""601988.SH"": 31100.0}",-0.003249524637,-0.08325523024,0.9975962526
2021-11-19,V22 LambdaRank Top1 12pct vol,95395.30622,97370.5786,229.3062186,1,1237.105411,738.1669736,2460556.579,0,"{""601988.SH"": 31100.0}",0,-0.08325523024,0.9975962526
2021-11-22,V22 LambdaRank Top1 12pct vol,95395.30622,97370.5786,229.3062186,1,1237.105411,738.1669736,2460556.579,0,"{""601988.SH"": 31100.0}",0,-0.08325523024,0.9975962526
2021-11-23,V22 LambdaRank Top1 12pct vol,95706.30622,97681.5786,229.3062186,1,1237.105411,738.1669736,2460556.579,0,"{""601988.SH"": 31100.0}",0.003260118473,-0.08026653369,0.9976040636
2021-11-24,V22 LambdaRank Top1 12pct vol,96017.30622,97992.5786,229.3062186,1,1237.105411,738.1669736,2460556.579,0,"{""601988.SH"": 31100.0}",0.003249524637,-0.07727783713,0.9976118241
2021-11-25,V22 LambdaRank Top1 12pct vol,96017.30622,97992.5786,229.3062186,1,1237.105411,738.1669736,2460556.579,0,"{""601988.SH"": 31100.0}",0,-0.07727783713,0.9976118241
2021-11-26,V22 LambdaRank Top1 12pct vol,95706.30622,97681.5786,229.3062186,1,1237.105411,738.1669736,2460556.579,0,"{""601988.SH"": 31100.0}",-0.003238999429,-0.08026653369,0.9976040636
2021-11-29,V22 LambdaRank Top1 12pct vol,95395.30622,97370.5786,229.3062186,1,1237.105411,738.1669736,2460556.579,0,"{""601988.SH"": 31100.0}",-0.003249524637,-0.08325523024,0.9975962526
2021-11-30,V22 LambdaRank Top1 12pct vol,95084.30622,97059.5786,229.3062186,1,1237.105411,738.1669736,2460556.579,0,"{""601988.SH"": 31100.0}",-0.003260118473,-0.0862439268,0.9975883905
2021-12-01,V22 LambdaRank Top1 12pct vol,95395.30622,97370.5786,229.3062186,1,1237.105411,738.1669736,2460556.579,0,"{""601988.SH"": 31100.0}",0.003270781608,-0.08325523024,0.9975962526
2021-12-02,V22 LambdaRank Top1 12pct vol,95084.30622,97059.5786,229.3062186,1,1237.105411,738.1669736,2460556.579,0,"{""601988.SH"": 31100.0}",-0.003260118473,-0.0862439268,0.9975883905
2021-12-03,V22 LambdaRank Top1 12pct vol,95395.30622,97370.5786,229.3062186,1,1237.105411,738.1669736,2460556.579,0,"{""601988.SH"": 31100.0}",0.003270781608,-0.08325523024,0.9975962526
2021-12-06,V22 LambdaRank Top1 12pct vol,95395.30622,97370.5786,229.3062186,1,1237.105411,738.1669736,2460556.579,0,"{""601988.SH"": 31100.0}",0,-0.08325523024,0.9975962526
2021-12-07,V22 LambdaRank Top1 12pct vol,95706.30622,97681.5786,229.3062186,1,1237.105411,738.1669736,2460556.579,0,"{""601988.SH"": 31100.0}",0.003260118473,-0.08026653369,0.9976040636
2021-12-08,V22 LambdaRank Top1 12pct vol,95395.30622,97370.5786,229.3062186,1,1237.105411,738.1669736,2460556.579,0,"{""601988.SH"": 31100.0}",-0.003249524637,-0.08325523024,0.9975962526
2021-12-09,V22 LambdaRank Top1 12pct vol,95706.30622,97681.5786,229.3062186,1,1237.105411,738.1669736,2460556.579,0,"{""601988.SH"": 31100.0}",0.003260118473,-0.08026653369,0.9976040636
2021-12-10,V22 LambdaRank Top1 12pct vol,95706.30622,97681.5786,229.3062186,1,1237.105411,738.1669736,2460556.579,0,"{""601988.SH"": 31100.0}",0,-0.08026653369,0.9976040636
2021-12-13,V22 LambdaRank Top1 12pct vol,95395.30622,97370.5786,229.3062186,1,1237.105411,738.1669736,2460556.579,0,"{""601988.SH"": 31100.0}",-0.003249524637,-0.08325523024,0.9975962526
2021-12-14,V22 LambdaRank Top1 12pct vol,95084.30622,97059.5786,229.3062186,1,1237.105411,738.1669736,2460556.579,0,"{""601988.SH"": 31100.0}",-0.003260118473,-0.0862439268,0.9975883905
2021-12-15,V22 LambdaRank Top1 12pct vol,95084.30622,97059.5786,229.3062186,1,1237.105411,738.1669736,2460556.579,0,"{""601988.SH"": 31100.0}",0,-0.0862439268,0.9975883905
2021-12-16,V22 LambdaRank Top1 12pct vol,95084.30622,97059.5786,229.3062186,1,1237.105411,738.1669736,2460556.579,0,"{""601988.SH"": 31100.0}",0,-0.0862439268,0.9975883905
2021-12-17,V22 LambdaRank Top1 12pct vol,95395.30622,97370.5786,229.3062186,1,1237.105411,738.1669736,2460556.579,0,"{""601988.SH"": 31100.0}",0.003270781608,-0.08325523024,0.9975962526
2021-12-20,V22 LambdaRank Top1 12pct vol,95084.30622,97059.5786,229.3062186,1,1237.105411,738.1669736,2460556.579,0,"{""601988.SH"": 31100.0}",-0.003260118473,-0.0862439268,0.9975883905
2021-12-21,V22 LambdaRank Top1 12pct vol,95395.30622,97370.5786,229.3062186,1,1237.105411,738.1669736,2460556.579,0,"{""601988.SH"": 31100.0}",0.003270781608,-0.08325523024,0.9975962526
2021-12-22,V22 LambdaRank Top1 12pct vol,95395.30622,97370.5786,229.3062186,1,1237.105411,738.1669736,2460556.579,0,"{""601988.SH"": 31100.0}",0,-0.08325523024,0.9975962526
2021-12-23,V22 LambdaRank Top1 12pct vol,95395.30622,97370.5786,229.3062186,1,1237.105411,738.1669736,2460556.579,0,"{""601988.SH"": 31100.0}",0,-0.08325523024,0.9975962526
2021-12-24,V22 LambdaRank Top1 12pct vol,95084.30622,97059.5786,229.3062186,1,1237.105411,738.1669736,2460556.579,0,"{""601988.SH"": 31100.0}",-0.003260118473,-0.0862439268,0.9975883905
2021-12-27,V22 LambdaRank Top1 12pct vol,95395.30622,97370.5786,229.3062186,1,1237.105411,738.1669736,2460556.579,0,"{""601988.SH"": 31100.0}",0.003270781608,-0.08325523024,0.9975962526
2021-12-28,V22 LambdaRank Top1 12pct vol,95706.30622,97681.5786,229.3062186,1,1237.105411,738.1669736,2460556.579,0,"{""601988.SH"": 31100.0}",0.003260118473,-0.08026653369,0.9976040636
2021-12-29,V22 LambdaRank Top1 12pct vol,95084.30622,97059.5786,229.3062186,1,1237.105411,738.1669736,2460556.579,0,"{""601988.SH"": 31100.0}",-0.006499049275,-0.0862439268,0.9975883905
2021-12-30,V22 LambdaRank Top1 12pct vol,95084.30622,97059.5786,229.3062186,1,1237.105411,738.1669736,2460556.579,0,"{""601988.SH"": 31100.0}",0,-0.0862439268,0.9975883905
2021-12-31,V22 LambdaRank Top1 12pct vol,95084.30622,97059.5786,229.3062186,1,1237.105411,738.1669736,2460556.579,0,"{""601988.SH"": 31100.0}",0,-0.0862439268,0.9975883905
2022-01-04,V22 LambdaRank Top1 12pct vol,95706.30622,97681.5786,229.3062186,1,1237.105411,738.1669736,2460556.579,0,"{""601988.SH"": 31100.0}",0.006541563216,-0.08026653369,0.9976040636
2022-01-05,V22 LambdaRank Top1 12pct vol,96526.60691,98656.5786,1.606914426,1,1334.496615,795.4750736,2651583.579,0,"{""601288.SH"": 32500.0}",0.008571020325,-0.07238347945,0.9999833526
2022-01-06,V22 LambdaRank Top1 12pct vol,96201.60691,98331.5786,1.606914426,1,1334.496615,795.4750736,2651583.579,0,"{""601288.SH"": 32500.0}",-0.003366947315,-0.07550671541,0.9999832964
2022-01-07,V22 LambdaRank Top1 12pct vol,97176.60691,99306.5786,1.606914426,1,1334.496615,795.4750736,2651583.579,0,"{""601288.SH"": 32500.0}",0.01013496584,-0.06613700755,0.999983464
2022-01-10,V22 LambdaRank Top1 12pct vol,97176.60691,99306.5786,1.606914426,1,1334.496615,795.4750736,2651583.579,0,"{""601288.SH"": 32500.0}",0,-0.06613700755,0.999983464
2022-01-11,V22 LambdaRank Top1 12pct vol,97501.60691,99631.5786,1.606914426,1,1334.496615,795.4750736,2651583.579,0,"{""601288.SH"": 32500.0}",0.003344426301,-0.06301377159,0.9999835191
2022-01-12,V22 LambdaRank Top1 12pct vol,96851.60691,98981.5786,1.606914426,1,1334.496615,795.4750736,2651583.579,0,"{""601288.SH"": 32500.0}",-0.006666556794,-0.0692602435,0.9999834085
2022-01-13,V22 LambdaRank Top1 12pct vol,97826.60691,99956.5786,1.606914426,1,1334.496615,795.4750736,2651583.579,0,"{""601288.SH"": 32500.0}",0.01006694707,-0.05989053564,0.9999835739
2022-01-14,V22 LambdaRank Top1 12pct vol,96526.60691,98656.5786,1.606914426,1,1334.496615,795.4750736,2651583.579,0,"{""601288.SH"": 32500.0}",-0.01328881826,-0.07238347945,0.9999833526
2022-01-17,V22 LambdaRank Top1 12pct vol,95876.60691,98006.5786,1.606914426,1,1334.496615,795.4750736,2651583.579,0,"{""601288.SH"": 32500.0}",-0.00673389463,-0.07862995136,0.9999832398
2022-01-18,V22 LambdaRank Top1 12pct vol,97176.60691,99306.5786,1.606914426,1,1334.496615,795.4750736,2651583.579,0,"{""601288.SH"": 32500.0}",0.01355909478,-0.06613700755,0.999983464
2022-01-19,V22 LambdaRank Top1 12pct vol,96851.60691,98981.5786,1.606914426,1,1334.496615,795.4750736,2651583.579,0,"{""601288.SH"": 32500.0}",-0.003344426301,-0.0692602435,0.9999834085
2022-01-20,V22 LambdaRank Top1 12pct vol,97501.60691,99631.5786,1.606914426,1,1334.496615,795.4750736,2651583.579,0,"{""601288.SH"": 32500.0}",0.006711298044,-0.06301377159,0.9999835191
2022-01-21,V22 LambdaRank Top1 12pct vol,97501.60691,99631.5786,1.606914426,1,1334.496615,795.4750736,2651583.579,0,"{""601288.SH"": 32500.0}",0,-0.06301377159,0.9999835191
2022-01-24,V22 LambdaRank Top1 12pct vol,97176.60691,99306.5786,1.606914426,1,1334.496615,795.4750736,2651583.579,0,"{""601288.SH"": 32500.0}",-0.003333278397,-0.06613700755,0.999983464
2022-01-25,V22 LambdaRank Top1 12pct vol,95876.60691,98006.5786,1.606914426,1,1334.496615,795.4750736,2651583.579,0,"{""601288.SH"": 32500.0}",-0.0133777052,-0.07862995136,0.9999832398
2022-01-26,V22 LambdaRank Top1 12pct vol,96201.60691,98331.5786,1.606914426,1,1334.496615,795.4750736,2651583.579,0,"{""601288.SH"": 32500.0}",0.003389773694,-0.07550671541,0.9999832964
2022-01-27,V22 LambdaRank Top1 12pct vol,95876.60691,98006.5786,1.606914426,1,1334.496615,795.4750736,2651583.579,0,"{""601288.SH"": 32500.0}",-0.003378321947,-0.07862995136,0.9999832398
2022-01-28,V22 LambdaRank Top1 12pct vol,96201.60691,98331.5786,1.606914426,1,1334.496615,795.4750736,2651583.579,0,"{""601288.SH"": 32500.0}",0.003389773694,-0.07550671541,0.9999832964
2022-02-07,V22 LambdaRank Top1 12pct vol,97501.60691,99631.5786,1.606914426,1,1334.496615,795.4750736,2651583.579,0,"{""601288.SH"": 32500.0}",0.01351328779,-0.06301377159,0.9999835191
2022-02-08,V22 LambdaRank Top1 12pct vol,98898.93366,101186.5786,311.9336559,1,1433.810273,853.8346736,2846115.579,0,"{""601988.SH"": 31100.0}",0.01433132013,-0.049585522,0.9968459351
2022-02-09,V22 LambdaRank Top1 12pct vol,98587.93366,100875.5786,311.9336559,1,1433.810273,853.8346736,2846115.579,0,"{""601988.SH"": 31100.0}",-0.003144624401,-0.05257421856,0.9968359855
2022-02-10,V22 LambdaRank Top1 12pct vol,99520.93366,101808.5786,311.9336559,1,1433.810273,853.8346736,2846115.579,0,"{""601988.SH"": 31100.0}",0.009463632773,-0.04360812888,0.9968656478
2022-02-11,V22 LambdaRank Top1 12pct vol,99520.93366,101808.5786,311.9336559,1,1433.810273,853.8346736,2846115.579,0,"{""601988.SH"": 31100.0}",0,-0.04360812888,0.9968656478
2022-02-14,V22 LambdaRank Top1 12pct vol,98898.93366,101186.5786,311.9336559,1,1433.810273,853.8346736,2846115.579,0,"{""601988.SH"": 31100.0}",-0.006249941366,-0.049585522,0.9968459351
2022-02-15,V22 LambdaRank Top1 12pct vol,98276.93366,100564.5786,311.9336559,1,1433.810273,853.8346736,2846115.579,0,"{""601988.SH"": 31100.0}",-0.006289248802,-0.05556291512,0.9968259728
2022-02-16,V22 LambdaRank Top1 12pct vol,98898.93366,101186.5786,311.9336559,1,1433.810273,853.8346736,2846115.579,0,"{""601988.SH"": 31100.0}",0.006329053796,-0.049585522,0.9968459351
2022-02-17,V22 LambdaRank Top1 12pct vol,99209.93366,101497.5786,311.9336559,1,1433.810273,853.8346736,2846115.579,0,"{""601988.SH"": 31100.0}",0.003144624401,-0.04659682544,0.9968558224
2022-02-18,V22 LambdaRank Top1 12pct vol,99831.93366,102119.5786,311.9336559,1,1433.810273,853.8346736,2846115.579,0,"{""601988.SH"": 31100.0}",0.006269533474,-0.04061943232,0.9968754121
2022-02-21,V22 LambdaRank Top1 12pct vol,99209.93366,101497.5786,311.9336559,1,1433.810273,853.8346736,2846115.579,0,"{""601988.SH"": 31100.0}",-0.006230471325,-0.04659682544,0.9968558224
2022-02-22,V22 LambdaRank Top1 12pct vol,98898.93366,101186.5786,311.9336559,1,1433.810273,853.8346736,2846115.579,0,"{""601988.SH"": 31100.0}",-0.003134766737,-0.049585522,0.9968459351
2022-02-23,V22 LambdaRank Top1 12pct vol,98587.93366,100875.5786,311.9336559,1,1433.810273,853.8346736,2846115.579,0,"{""601988.SH"": 31100.0}",-0.003144624401,-0.05257421856,0.9968359855
2022-02-24,V22 LambdaRank Top1 12pct vol,97032.93366,99320.5786,311.9336559,1,1433.810273,853.8346736,2846115.579,0,"{""601988.SH"": 31100.0}",-0.01577272129,-0.06751770135,0.9967852806
2022-02-25,V22 LambdaRank Top1 12pct vol,97032.93366,99320.5786,311.9336559,1,1433.810273,853.8346736,2846115.579,0,"{""601988.SH"": 31100.0}",0,-0.06751770135,0.9967852806
2022-02-28,V22 LambdaRank Top1 12pct vol,96721.93366,99009.5786,311.9336559,1,1433.810273,853.8346736,2846115.579,0,"{""601988.SH"": 31100.0}",-0.003205097365,-0.07050639791,0.996774944
2022-03-01,V22 LambdaRank Top1 12pct vol,97343.93366,99631.5786,311.9336559,1,1433.810273,853.8346736,2846115.579,0,"{""601988.SH"": 31100.0}",0.00643080609,-0.06452900479,0.9967955512
2022-03-02,V22 LambdaRank Top1 12pct vol,97709.37571,100144.5786,17339.37571,1,1528.301519,906.9013736,3023004.579,0,"{""601398.SH"": 17100.0}",0.003754132802,-0.06101712244,0.8225413315
2022-03-03,V22 LambdaRank Top1 12pct vol,98393.37571,100828.5786,17339.37571,1,1528.301519,906.9013736,3023004.579,0,"{""601398.SH"": 17100.0}",0.007000351758,-0.05444391201,0.8237749687
2022-03-04,V22 LambdaRank Top1 12pct vol,98051.37571,100486.5786,17339.37571,1,1528.301519,906.9013736,3023004.579,0,"{""601398.SH"": 17100.0}",-0.00347584375,-0.05773051722,0.8231603016
2022-03-07,V22 LambdaRank Top1 12pct vol,96854.37571,99289.5786,17339.37571,1,1528.301519,906.9013736,3023004.579,0,"{""601398.SH"": 17100.0}",-0.01220788583,-0.06923363549,0.8209747822
2022-03-08,V22 LambdaRank Top1 12pct vol,96341.37571,98776.5786,17339.37571,1,1528.301519,906.9013736,3023004.579,0,"{""601398.SH"": 17100.0}",-0.005296611498,-0.07416354332,0.820021506
2022-03-09,V22 LambdaRank Top1 12pct vol,95315.37571,97750.5786,17339.37571,1,1528.301519,906.9013736,3023004.579,0,"{""601398.SH"": 17100.0}",-0.01064962995,-0.08402335897,0.8180841697
2022-03-10,V22 LambdaRank Top1 12pct vol,95315.37571,97750.5786,17339.37571,1,1528.301519,906.9013736,3023004.579,0,"{""601398.SH"": 17100.0}",0,-0.08402335897,0.8180841697
2022-03-11,V22 LambdaRank Top1 12pct vol,96170.37571,98605.5786,17339.37571,1,1528.301519,906.9013736,3023004.579,0,"{""601398.SH"": 17100.0}",0.008970221159,-0.07580684593,0.8197014873
2022-03-14,V22 LambdaRank Top1 12pct vol,95828.37571,98263.5786,17339.37571,1,1528.301519,906.9013736,3023004.579,0,"{""601398.SH"": 17100.0}",-0.003556188665,-0.07909345115,0.8190580235
2022-03-15,V22 LambdaRank Top1 12pct vol,94973.37571,97408.5786,17339.37571,1,1528.301519,906.9013736,3023004.579,0,"{""601398.SH"": 17100.0}",-0.008922200691,-0.08730996419,0.8174290891
2022-03-16,V22 LambdaRank Top1 12pct vol,95144.37571,97579.5786,17339.37571,1,1528.301519,906.9013736,3023004.579,0,"{""601398.SH"": 17100.0}",0.001800504602,-0.08566666158,0.8177572181
2022-03-17,V22 LambdaRank Top1 12pct vol,94631.37571,97066.5786,17339.37571,1,1528.301519,906.9013736,3023004.579,0,"{""601398.SH"": 17100.0}",-0.005391805834,-0.09059656941,0.8167692736
2022-03-18,V22 LambdaRank Top1 12pct vol,95144.37571,97579.5786,17339.37571,1,1528.301519,906.9013736,3023004.579,0,"{""601398.SH"": 17100.0}",0.005421035002,-0.08566666158,0.8177572181
2022-03-21,V22 LambdaRank Top1 12pct vol,94973.37571,97408.5786,17339.37571,1,1528.301519,906.9013736,3023004.579,0,"{""601398.SH"": 17100.0}",-0.001797268611,-0.08730996419,0.8174290891
2022-03-22,V22 LambdaRank Top1 12pct vol,95828.37571,98263.5786,17339.37571,1,1528.301519,906.9013736,3023004.579,0,"{""601398.SH"": 17100.0}",0.009002523008,-0.07909345115,0.8190580235
2022-03-23,V22 LambdaRank Top1 12pct vol,95486.37571,97921.5786,17339.37571,1,1528.301519,906.9013736,3023004.579,0,"{""601398.SH"": 17100.0}",-0.003568880276,-0.08238005636,0.8184099503
2022-03-24,V22 LambdaRank Top1 12pct vol,95657.37571,98092.5786,17339.37571,1,1528.301519,906.9013736,3023004.579,0,"{""601398.SH"": 17100.0}",0.001790831401,-0.08073675376,0.8187345661
2022-03-25,V22 LambdaRank Top1 12pct vol,96341.37571,98776.5786,17339.37571,1,1528.301519,906.9013736,3023004.579,0,"{""601398.SH"": 17100.0}",0.007150520228,-0.07416354332,0.820021506
2022-03-28,V22 LambdaRank Top1 12pct vol,97538.37571,99973.5786,17339.37571,1,1528.301519,906.9013736,3023004.579,0,"{""601398.SH"": 17100.0}",0.01242456827,-0.06266042505,0.8222302188
2022-03-29,V22 LambdaRank Top1 12pct vol,98051.37571,100486.5786,17339.37571,1,1528.301519,906.9013736,3023004.579,0,"{""601398.SH"": 17100.0}",0.00525946835,-0.05773051722,0.8231603016
2022-03-30,V22 LambdaRank Top1 12pct vol,97880.37571,100315.5786,17339.37571,1,1528.301519,906.9013736,3023004.579,0,"{""601398.SH"": 17100.0}",-0.00174398369,-0.05937381983,0.8228513572
2022-03-31,V22 LambdaRank Top1 12pct vol,98906.37571,101341.5786,17339.37571,1,1528.301519,906.9013736,3023004.579,0,"{""601398.SH"": 17100.0}",0.01048218289,-0.04951400418,0.8246889992
2022-04-01,V22 LambdaRank Top1 12pct vol,99248.37571,101683.5786,17339.37571,1,1528.301519,906.9013736,3023004.579,0,"{""601398.SH"": 17100.0}",0.00345781551,-0.04622739896,0.8252931034
2022-04-06,V22 LambdaRank Top1 12pct vol,99428.47902,101994.5786,19898.47902,1,1610.962408,955.1371736,3183790.579,0,"{""601988.SH"": 24100.0}",0.001814672625,-0.04449661393,0.799871433
2022-04-07,V22 LambdaRank Top1 12pct vol,98946.47902,101512.5786,19898.47902,1,1610.962408,955.1371736,3183790.579,0,"{""601988.SH"": 24100.0}",-0.004847705655,-0.0491286131,0.7988965427
2022-04-08,V22 LambdaRank Top1 12pct vol,99187.47902,101753.5786,19898.47902,1,1610.962408,955.1371736,3183790.579,0,"{""601988.SH"": 24100.0}",0.002435660191,-0.04681261351,0.7993851722
2022-04-11,V22 LambdaRank Top1 12pct vol,98946.47902,101512.5786,19898.47902,1,1610.962408,955.1371736,3183790.579,0,"{""601988.SH"": 24100.0}",-0.002429742165,-0.0491286131,0.7988965427
2022-04-12,V22 LambdaRank Top1 12pct vol,99428.47902,101994.5786,19898.47902,1,1610.962408,955.1371736,3183790.579,0,"{""601988.SH"": 24100.0}",0.004871320382,-0.04449661393,0.799871433
2022-04-13,V22 LambdaRank Top1 12pct vol,99187.47902,101753.5786,19898.47902,1,1610.962408,955.1371736,3183790.579,0,"{""601988.SH"": 24100.0}",-0.002423852827,-0.04681261351,0.7993851722
2022-04-14,V22 LambdaRank Top1 12pct vol,98946.47902,101512.5786,19898.47902,1,1610.962408,955.1371736,3183790.579,0,"{""601988.SH"": 24100.0}",-0.002429742165,-0.0491286131,0.7988965427
2022-04-15,V22 LambdaRank Top1 12pct vol,98946.47902,101512.5786,19898.47902,1,1610.962408,955.1371736,3183790.579,0,"{""601988.SH"": 24100.0}",0,-0.0491286131,0.7988965427
2022-04-18,V22 LambdaRank Top1 12pct vol,97741.47902,100307.5786,19898.47902,1,1610.962408,955.1371736,3183790.579,0,"{""601988.SH"": 24100.0}",-0.01217830096,-0.06070861102,0.7964172507
2022-04-19,V22 LambdaRank Top1 12pct vol,98464.47902,101030.5786,19898.47902,1,1610.962408,955.1371736,3183790.579,0,"{""601988.SH"": 24100.0}",0.007397064248,-0.05376061226,0.7979121078
2022-04-20,V22 LambdaRank Top1 12pct vol,98705.47902,101271.5786,19898.47902,1,1610.962408,955.1371736,3183790.579,0,"{""601988.SH"": 24100.0}",0.002447583153,-0.05144461268,0.798405527
2022-04-21,V22 LambdaRank Top1 12pct vol,98705.47902,101271.5786,19898.47902,1,1610.962408,955.1371736,3183790.579,0,"{""601988.SH"": 24100.0}",0,-0.05144461268,0.798405527
2022-04-22,V22 LambdaRank Top1 12pct vol,99428.47902,101994.5786,19898.47902,1,1610.962408,955.1371736,3183790.579,0,"{""601988.SH"": 24100.0}",0.007324821349,-0.04449661393,0.799871433
2022-04-25,V22 LambdaRank Top1 12pct vol,98705.47902,101271.5786,19898.47902,1,1610.962408,955.1371736,3183790.579,0,"{""601988.SH"": 24100.0}",-0.007271558482,-0.05144461268,0.798405527
2022-04-26,V22 LambdaRank Top1 12pct vol,98946.47902,101512.5786,19898.47902,1,1610.962408,955.1371736,3183790.579,0,"{""601988.SH"": 24100.0}",0.002441607116,-0.0491286131,0.7988965427
2022-04-27,V22 LambdaRank Top1 12pct vol,97741.47902,100307.5786,19898.47902,1,1610.962408,955.1371736,3183790.579,0,"{""601988.SH"": 24100.0}",-0.01217830096,-0.06070861102,0.7964172507
2022-04-28,V22 LambdaRank Top1 12pct vol,98464.47902,101030.5786,19898.47902,1,1610.962408,955.1371736,3183790.579,0,"{""601988.SH"": 24100.0}",0.007397064248,-0.05376061226,0.7979121078
2022-04-29,V22 LambdaRank Top1 12pct vol,97741.47902,100307.5786,19898.47902,1,1610.962408,955.1371736,3183790.579,0,"{""601988.SH"": 24100.0}",-0.007342749458,-0.06070861102,0.7964172507
2022-05-05,V22 LambdaRank Top1 12pct vol,97741.47902,100307.5786,19898.47902,1,1610.962408,955.1371736,3183790.579,0,"{""601988.SH"": 24100.0}",0,-0.06070861102,0.7964172507
2022-05-06,V22 LambdaRank Top1 12pct vol,96698.99614,99273.5786,8654.996137,1,1616.074792,958.5076736,3195025.579,0,"{""601988.SH"": 27600.0}",-0.01066571628,-0.07072682647,0.9104954913
2022-05-09,V22 LambdaRank Top1 12pct vol,96698.99614,99273.5786,8654.996137,1,1616.074792,958.5076736,3195025.579,0,"{""601988.SH"": 27600.0}",0,-0.07072682647,0.9104954913
2022-05-10,V22 LambdaRank Top1 12pct vol,96974.99614,99549.5786,8654.996137,1,1616.074792,958.5076736,3195025.579,0,"{""601988.SH"": 27600.0}",0.002854217841,-0.0680744784,0.9107502296
2022-05-11,V22 LambdaRank Top1 12pct vol,96974.99614,99549.5786,8654.996137,1,1616.074792,958.5076736,3195025.579,0,"{""601988.SH"": 27600.0}",0,-0.0680744784,0.9107502296
2022-05-12,V22 LambdaRank Top1 12pct vol,96974.99614,99549.5786,8654.996137,1,1616.074792,958.5076736,3195025.579,0,"{""601988.SH"": 27600.0}",0,-0.0680744784,0.9107502296
2022-05-13,V22 LambdaRank Top1 12pct vol,97250.99614,99825.5786,8654.996137,1,1616.074792,958.5076736,3195025.579,0,"{""601988.SH"": 27600.0}",0.002846094468,-0.06542213033,0.911003522
2022-05-16,V22 LambdaRank Top1 12pct vol,96698.99614,99273.5786,8654.996137,1,1616.074792,958.5076736,3195025.579,0,"{""601988.SH"": 27600.0}",-0.005676034405,-0.07072682647,0.9104954913
2022-05-17,V22 LambdaRank Top1 12pct vol,96974.99614,99549.5786,8654.996137,1,1616.074792,958.5076736,3195025.579,0,"{""601988.SH"": 27600.0}",0.002854217841,-0.0680744784,0.9107502296
2022-05-18,V22 LambdaRank Top1 12pct vol,96698.99614,99273.5786,8654.996137,1,1616.074792,958.5076736,3195025.579,0,"{""601988.SH"": 27600.0}",-0.002846094468,-0.07072682647,0.9104954913
2022-05-19,V22 LambdaRank Top1 12pct vol,96422.99614,98997.5786,8654.996137,1,1616.074792,958.5076736,3195025.579,0,"{""601988.SH"": 27600.0}",-0.002854217841,-0.07337917454,0.9102392947
2022-05-20,V22 LambdaRank Top1 12pct vol,96698.99614,99273.5786,8654.996137,1,1616.074792,958.5076736,3195025.579,0,"{""601988.SH"": 27600.0}",0.002862387719,-0.07072682647,0.9104954913
2022-05-23,V22 LambdaRank Top1 12pct vol,96974.99614,99549.5786,8654.996137,1,1616.074792,958.5076736,3195025.579,0,"{""601988.SH"": 27600.0}",0.002854217841,-0.0680744784,0.9107502296
2022-05-24,V22 LambdaRank Top1 12pct vol,96974.99614,99549.5786,8654.996137,1,1616.074792,958.5076736,3195025.579,0,"{""601988.SH"": 27600.0}",0,-0.0680744784,0.9107502296
2022-05-25,V22 LambdaRank Top1 12pct vol,96974.99614,99549.5786,8654.996137,1,1616.074792,958.5076736,3195025.579,0,"{""601988.SH"": 27600.0}",0,-0.0680744784,0.9107502296
2022-05-26,V22 LambdaRank Top1 12pct vol,97250.99614,99825.5786,8654.996137,1,1616.074792,958.5076736,3195025.579,0,"{""601988.SH"": 27600.0}",0.002846094468,-0.06542213033,0.911003522
2022-05-27,V22 LambdaRank Top1 12pct vol,97526.99614,100101.5786,8654.996137,1,1616.074792,958.5076736,3195025.579,0,"{""601988.SH"": 27600.0}",0.002838017203,-0.06276978226,0.9112553808
2022-05-30,V22 LambdaRank Top1 12pct vol,96974.99614,99549.5786,8654.996137,1,1616.074792,958.5076736,3195025.579,0,"{""601988.SH"": 27600.0}",-0.005659971309,-0.0680744784,0.9107502296
2022-05-31,V22 LambdaRank Top1 12pct vol,96698.99614,99273.5786,8654.996137,1,1616.074792,958.5076736,3195025.579,0,"{""601988.SH"": 27600.0}",-0.002846094468,-0.07072682647,0.9104954913
2022-06-01,V22 LambdaRank Top1 12pct vol,96698.99614,99273.5786,8654.996137,1,1616.074792,958.5076736,3195025.579,0,"{""601988.SH"": 27600.0}",0,-0.07072682647,0.9104954913
2022-06-02,V22 LambdaRank Top1 12pct vol,96551.74286,99273.5786,231.7428583,1,1708.018871,1013.816874,3379389.579,0,"{""601288.SH"": 32000.0}",-0.001522800492,-0.07214192412,0.9975998066
2022-06-06,V22 LambdaRank Top1 12pct vol,95911.74286,98633.5786,231.7428583,1,1708.018871,1013.816874,3379389.579,0,"{""601288.SH"": 32000.0}",-0.006628570143,-0.07829229646,0.9975837906
2022-06-07,V22 LambdaRank Top1 12pct vol,95911.74286,98633.5786,231.7428583,1,1708.018871,1013.816874,3379389.579,0,"{""601288.SH"": 32000.0}",0,-0.07829229646,0.9975837906
2022-06-08,V22 LambdaRank Top1 12pct vol,95911.74286,98633.5786,231.7428583,1,1708.018871,1013.816874,3379389.579,0,"{""601288.SH"": 32000.0}",0,-0.07829229646,0.9975837906
2022-06-09,V22 LambdaRank Top1 12pct vol,96231.74286,98953.5786,231.7428583,1,1708.018871,1013.816874,3379389.579,0,"{""601288.SH"": 32000.0}",0.003336400637,-0.07521711029,0.9975918252
2022-06-10,V22 LambdaRank Top1 12pct vol,96871.74286,99593.5786,231.7428583,1,1708.018871,1013.816874,3379389.579,0,"{""601288.SH"": 32000.0}",0.006650612168,-0.06906673795,0.9976077352
2022-06-13,V22 LambdaRank Top1 12pct vol,96231.74286,98953.5786,231.7428583,1,1708.018871,1013.816874,3379389.579,0,"{""601288.SH"": 32000.0}",-0.006606673743,-0.07521711029,0.9975918252
2022-06-14,V22 LambdaRank Top1 12pct vol,96871.74286,99593.5786,231.7428583,1,1708.018871,1013.816874,3379389.579,0,"{""601288.SH"": 32000.0}",0.006650612168,-0.06906673795,0.9976077352
2022-06-15,V22 LambdaRank Top1 12pct vol,97191.74286,99913.5786,231.7428583,1,1708.018871,1013.816874,3379389.579,0,"{""601288.SH"": 32000.0}",0.003303336872,-0.06599155178,0.9976156117
2022-06-16,V22 LambdaRank Top1 12pct vol,96231.74286,98953.5786,231.7428583,1,1708.018871,1013.816874,3379389.579,0,"{""601288.SH"": 32000.0}",-0.009877382294,-0.07521711029,0.9975918252
2022-06-17,V22 LambdaRank Top1 12pct vol,96551.74286,99273.5786,231.7428583,1,1708.018871,1013.816874,3379389.579,0,"{""601288.SH"": 32000.0}",0.003325306084,-0.07214192412,0.9975998066
2022-06-20,V22 LambdaRank Top1 12pct vol,96231.74286,98953.5786,231.7428583,1,1708.018871,1013.816874,3379389.579,0,"{""601288.SH"": 32000.0}",-0.003314285072,-0.07521711029,0.9975918252
2022-06-21,V22 LambdaRank Top1 12pct vol,96551.74286,99273.5786,231.7428583,1,1708.018871,1013.816874,3379389.579,0,"{""601288.SH"": 32000.0}",0.003325306084,-0.07214192412,0.9975998066
2022-06-22,V22 LambdaRank Top1 12pct vol,96551.74286,99273.5786,231.7428583,1,1708.018871,1013.816874,3379389.579,0,"{""601288.SH"": 32000.0}",0,-0.07214192412,0.9975998066
2022-06-23,V22 LambdaRank Top1 12pct vol,96871.74286,99593.5786,231.7428583,1,1708.018871,1013.816874,3379389.579,0,"{""601288.SH"": 32000.0}",0.003314285072,-0.06906673795,0.9976077352
2022-06-24,V22 LambdaRank Top1 12pct vol,96551.74286,99273.5786,231.7428583,1,1708.018871,1013.816874,3379389.579,0,"{""601288.SH"": 32000.0}",-0.003303336872,-0.07214192412,0.9975998066
2022-06-27,V22 LambdaRank Top1 12pct vol,96551.74286,99273.5786,231.7428583,1,1708.018871,1013.816874,3379389.579,0,"{""601288.SH"": 32000.0}",0,-0.07214192412,0.9975998066
2022-06-28,V22 LambdaRank Top1 12pct vol,96551.74286,99273.5786,231.7428583,1,1708.018871,1013.816874,3379389.579,0,"{""601288.SH"": 32000.0}",0,-0.07214192412,0.9975998066
2022-06-29,V22 LambdaRank Top1 12pct vol,96871.74286,99593.5786,231.7428583,1,1708.018871,1013.816874,3379389.579,0,"{""601288.SH"": 32000.0}",0.003314285072,-0.06906673795,0.9976077352
2022-06-30,V22 LambdaRank Top1 12pct vol,96871.74286,99593.5786,231.7428583,1,1708.018871,1013.816874,3379389.579,0,"{""601288.SH"": 32000.0}",0,-0.06906673795,0.9976077352
2022-07-01,V22 LambdaRank Top1 12pct vol,96551.74286,99273.5786,231.7428583,1,1708.018871,1013.816874,3379389.579,0,"{""601288.SH"": 32000.0}",-0.003303336872,-0.07214192412,0.9975998066
2022-07-04,V22 LambdaRank Top1 12pct vol,96983.82084,99861.5786,257.8208405,1,1806.203489,1071.554274,3571847.579,0,"{""601988.SH"": 29400.0}",0.004475092519,-0.06798967338,0.9973416098
2022-07-05,V22 LambdaRank Top1 12pct vol,97277.82084,100155.5786,257.8208405,1,1806.203489,1071.554274,3571847.579,0,"{""601988.SH"": 29400.0}",0.003031433464,-0.06516434609,0.9973496442
2022-07-06,V22 LambdaRank Top1 12pct vol,96983.82084,99861.5786,257.8208405,1,1806.203489,1071.554274,3571847.579,0,"{""601988.SH"": 29400.0}",-0.003022271649,-0.06798967338,0.9973416098
2022-07-07,V22 LambdaRank Top1 12pct vol,96983.82084,99861.5786,257.8208405,1,1806.203489,1071.554274,3571847.579,0,"{""601988.SH"": 29400.0}",0,-0.06798967338,0.9973416098
2022-07-08,V22 LambdaRank Top1 12pct vol,97277.82084,100155.5786,257.8208405,1,1806.203489,1071.554274,3571847.579,0,"{""601988.SH"": 29400.0}",0.003031433464,-0.06516434609,0.9973496442
2022-07-11,V22 LambdaRank Top1 12pct vol,97865.82084,100743.5786,257.8208405,1,1806.203489,1071.554274,3571847.579,0,"{""601988.SH"": 29400.0}",0.006044543298,-0.0595136915,0.9973655681
2022-07-12,V22 LambdaRank Top1 12pct vol,98159.82084,101037.5786,257.8208405,1,1806.203489,1071.554274,3571847.579,0,"{""601988.SH"": 29400.0}",0.003004113157,-0.05668836421,0.9973734585
2022-07-13,V22 LambdaRank Top1 12pct vol,96983.82084,99861.5786,257.8208405,1,1806.203489,1071.554274,3571847.579,0,"{""601988.SH"": 29400.0}",-0.01198046196,-0.06798967338,0.9973416098
2022-07-14,V22 LambdaRank Top1 12pct vol,95219.82084,98097.5786,257.8208405,1,1806.203489,1071.554274,3571847.579,0,"{""601988.SH"": 29400.0}",-0.01818860079,-0.08494163714,0.9972923616
2022-07-15,V22 LambdaRank Top1 12pct vol,94905.21472,97782.97248,257.8208405,1,1806.203489,1071.554274,3571847.579,0,"{""601988.SH"": 31549.1313}",-0.00330399824,-0.08796498836,0.9972833859
2022-07-18,V22 LambdaRank Top1 12pct vol,95536.19735,98413.95511,257.8208405,1,1806.203489,1071.554274,3571847.579,0,"{""601988.SH"": 31549.1313}",0.006648555906,-0.0819012726,0.9973013282
2022-07-19,V22 LambdaRank Top1 12pct vol,96167.17997,99044.93773,257.8208405,1,1806.203489,1071.554274,3571847.579,0,"{""601988.SH"": 31549.1313}",0.006604644558,-0.07583755684,0.997319035
2022-07-20,V22 LambdaRank Top1 12pct vol,97429.14522,100306.903,257.8208405,1,1806.203489,1071.554274,3571847.579,0,"{""601988.SH"": 31549.1313}",0.01312261888,-0.06371012531,0.9973537606
2022-07-21,V22 LambdaRank Top1 12pct vol,96798.1626,99675.92036,257.8208405,1,1806.203489,1071.554274,3571847.579,0,"{""601988.SH"": 31549.1313}",-0.006476323121,-0.06977384107,0.997336511
2022-07-22,V22 LambdaRank Top1 12pct vol,97429.14522,100306.903,257.8208405,1,1806.203489,1071.554274,3571847.579,0,"{""601988.SH"": 31549.1313}",0.006518539288,-0.06371012531,0.9973537606
2022-07-25,V22 LambdaRank Top1 12pct vol,97744.63654,100622.3943,257.8208405,1,1806.203489,1071.554274,3571847.579,0,"{""601988.SH"": 31549.1313}",0.00323816156,-0.06067826743,0.9973623019
2022-07-26,V22 LambdaRank Top1 12pct vol,98375.61916,101253.3769,257.8208405,1,1806.203489,1071.554274,3571847.579,0,"{""601988.SH"": 31549.1313}",0.00645541943,-0.05461455167,0.9973792201
2022-07-27,V22 LambdaRank Top1 12pct vol,97744.63654,100622.3943,257.8208405,1,1806.203489,1071.554274,3571847.579,0,"{""601988.SH"": 31549.1313}",-0.006414014277,-0.06067826743,0.9973623019
2022-07-28,V22 LambdaRank Top1 12pct vol,97113.65391,99991.41167,257.8208405,1,1806.203489,1071.554274,3571847.579,0,"{""601988.SH"": 31549.1313}",-0.00645541943,-0.06674198319,0.9973451638
2022-07-29,V22 LambdaRank Top1 12pct vol,96798.1626,99675.92036,257.8208405,1,1806.203489,1071.554274,3571847.579,0,"{""601988.SH"": 31549.1313}",-0.003248681315,-0.06977384107,0.997336511
2022-08-01,V22 LambdaRank Top1 12pct vol,96167.17997,99044.93773,257.8208405,1,1806.203489,1071.554274,3571847.579,0,"{""601988.SH"": 31549.1313}",-0.006518539288,-0.07583755684,0.997319035
2022-08-02,V22 LambdaRank Top1 12pct vol,95804.25718,98834.93773,4454.257177,1,1902.885476,1127.795081,3759316.938,0,"{""601398.SH"": 21000.0}",-0.003773873739,-0.07932522921,0.9535066885
2022-08-03,V22 LambdaRank Top1 12pct vol,95174.25718,98204.93773,4454.257177,1,1902.885476,1127.795081,3759316.938,0,"{""601398.SH"": 21000.0}",-0.006575908196,-0.08537950198,0.9531989289
2022-08-04,V22 LambdaRank Top1 12pct vol,96224.25718,99254.93773,4454.257177,1,1902.885476,1127.795081,3759316.938,0,"{""601398.SH"": 21000.0}",0.01103239501,-0.07528904736,0.9537096226
2022-08-05,V22 LambdaRank Top1 12pct vol,96644.25718,99674.93773,4454.257177,1,1902.885476,1127.795081,3759316.938,0,"{""601398.SH"": 21000.0}",0.004364803765,-0.07125286552,0.953910793
2022-08-08,V22 LambdaRank Top1 12pct vol,95804.25718,98834.93773,4454.257177,1,1902.885476,1127.795081,3759316.938,0,"{""601398.SH"": 21000.0}",-0.008691670095,-0.07932522921,0.9535066885
2022-08-09,V22 LambdaRank Top1 12pct vol,95594.25718,98624.93773,4454.257177,1,1902.885476,1127.795081,3759316.938,0,"{""601398.SH"": 21000.0}",-0.002191969399,-0.08134332014,0.9534045527
2022-08-10,V22 LambdaRank Top1 12pct vol,95384.25718,98414.93773,4454.257177,1,1902.885476,1127.795081,3759316.938,0,"{""601398.SH"": 21000.0}",-0.002196784684,-0.08336141106,0.9533019671
2022-08-11,V22 LambdaRank Top1 12pct vol,96014.25718,99044.93773,4454.257177,1,1902.885476,1127.795081,3759316.938,0,"{""601398.SH"": 21000.0}",0.006604863514,-0.07730713829,0.9536083775
2022-08-12,V22 LambdaRank Top1 12pct vol,96014.25718,99044.93773,4454.257177,1,1902.885476,1127.795081,3759316.938,0,"{""601398.SH"": 21000.0}",0,-0.07730713829,0.9536083775
2022-08-15,V22 LambdaRank Top1 12pct vol,95594.25718,98624.93773,4454.257177,1,1902.885476,1127.795081,3759316.938,0,"{""601398.SH"": 21000.0}",-0.004374350355,-0.08134332014,0.9534045527
2022-08-16,V22 LambdaRank Top1 12pct vol,95384.25718,98414.93773,4454.257177,1,1902.885476,1127.795081,3759316.938,0,"{""601398.SH"": 21000.0}",-0.002196784684,-0.08336141106,0.9533019671
2022-08-17,V22 LambdaRank Top1 12pct vol,95594.25718,98624.93773,4454.257177,1,1902.885476,1127.795081,3759316.938,0,"{""601398.SH"": 21000.0}",0.002201621171,-0.08134332014,0.9534045527
2022-08-18,V22 LambdaRank Top1 12pct vol,95174.25718,98204.93773,4454.257177,1,1902.885476,1127.795081,3759316.938,0,"{""601398.SH"": 21000.0}",-0.004393569367,-0.08537950198,0.9531989289
2022-08-19,V22 LambdaRank Top1 12pct vol,95384.25718,98414.93773,4454.257177,1,1902.885476,1127.795081,3759316.938,0,"{""601398.SH"": 21000.0}",0.002206479002,-0.08336141106,0.9533019671
2022-08-22,V22 LambdaRank Top1 12pct vol,95384.25718,98414.93773,4454.257177,1,1902.885476,1127.795081,3759316.938,0,"{""601398.SH"": 21000.0}",0,-0.08336141106,0.9533019671
2022-08-23,V22 LambdaRank Top1 12pct vol,95174.25718,98204.93773,4454.257177,1,1902.885476,1127.795081,3759316.938,0,"{""601398.SH"": 21000.0}",-0.002201621171,-0.08537950198,0.9531989289
2022-08-24,V22 LambdaRank Top1 12pct vol,95174.25718,98204.93773,4454.257177,1,1902.885476,1127.795081,3759316.938,0,"{""601398.SH"": 21000.0}",0,-0.08537950198,0.9531989289
2022-08-25,V22 LambdaRank Top1 12pct vol,95594.25718,98624.93773,4454.257177,1,1902.885476,1127.795081,3759316.938,0,"{""601398.SH"": 21000.0}",0.004412958004,-0.08134332014,0.9534045527
2022-08-26,V22 LambdaRank Top1 12pct vol,95804.25718,98834.93773,4454.257177,1,1902.885476,1127.795081,3759316.938,0,"{""601398.SH"": 21000.0}",0.002196784684,-0.07932522921,0.9535066885
2022-08-29,V22 LambdaRank Top1 12pct vol,95384.25718,98414.93773,4454.257177,1,1902.885476,1127.795081,3759316.938,0,"{""601398.SH"": 21000.0}",-0.004383938797,-0.08336141106,0.9533019671
2022-08-30,V22 LambdaRank Top1 12pct vol,96014.25718,99044.93773,4454.257177,1,1902.885476,1127.795081,3759316.938,0,"{""601398.SH"": 21000.0}",0.006604863514,-0.07730713829,0.9536083775
2022-08-31,V22 LambdaRank Top1 12pct vol,96434.25718,99464.93773,4454.257177,1,1902.885476,1127.795081,3759316.938,0,"{""601398.SH"": 21000.0}",0.004374350355,-0.07327095644,0.9538104268
2022-09-01,V22 LambdaRank Top1 12pct vol,96014.25718,99044.93773,4454.257177,1,1902.885476,1127.795081,3759316.938,0,"{""601398.SH"": 21000.0}",-0.004355298753,-0.07730713829,0.9536083775
2022-09-02,V22 LambdaRank Top1 12pct vol,95318.00212,98498.93773,230.0021215,1,1997.108331,1183.827281,3946090.938,0,"{""601288.SH"": 33600.0}",-0.007251579877,-0.08399811928,0.9975870023
2022-09-05,V22 LambdaRank Top1 12pct vol,95654.00212,98834.93773,230.0021215,1,1997.108331,1183.827281,3946090.938,0,"{""601288.SH"": 33600.0}",0.003525042411,-0.0807691738,0.9975954783
2022-09-06,V22 LambdaRank Top1 12pct vol,95654.00212,98834.93773,230.0021215,1,1997.108331,1183.827281,3946090.938,0,"{""601288.SH"": 33600.0}",0,-0.0807691738,0.9975954783
2022-09-07,V22 LambdaRank Top1 12pct vol,95318.00212,98498.93773,230.0021215,1,1997.108331,1183.827281,3946090.938,0,"{""601288.SH"": 33600.0}",-0.003512660135,-0.08399811928,0.9975870023
2022-09-08,V22 LambdaRank Top1 12pct vol,95318.00212,98498.93773,230.0021215,1,1997.108331,1183.827281,3946090.938,0,"{""601288.SH"": 33600.0}",0,-0.08399811928,0.9975870023
2022-09-09,V22 LambdaRank Top1 12pct vol,95654.00212,98834.93773,230.0021215,1,1997.108331,1183.827281,3946090.938,0,"{""601288.SH"": 33600.0}",0.003525042411,-0.0807691738,0.9975954783
2022-09-13,V22 LambdaRank Top1 12pct vol,95990.00212,99170.93773,230.0021215,1,1997.108331,1183.827281,3946090.938,0,"{""601288.SH"": 33600.0}",0.003512660135,-0.07754022832,0.997603895
2022-09-14,V22 LambdaRank Top1 12pct vol,95990.00212,99170.93773,230.0021215,1,1997.108331,1183.827281,3946090.938,0,"{""601288.SH"": 33600.0}",0,-0.07754022832,0.997603895
2022-09-15,V22 LambdaRank Top1 12pct vol,96662.00212,99842.93773,230.0021215,1,1997.108331,1183.827281,3946090.938,0,"{""601288.SH"": 33600.0}",0.007000729088,-0.07108233736,0.9976205529
2022-09-16,V22 LambdaRank Top1 12pct vol,95990.00212,99170.93773,230.0021215,1,1997.108331,1183.827281,3946090.938,0,"{""601288.SH"": 33600.0}",-0.006952059602,-0.07754022832,0.997603895
2022-09-19,V22 LambdaRank Top1 12pct vol,96662.00212,99842.93773,230.0021215,1,1997.108331,1183.827281,3946090.938,0,"{""601288.SH"": 33600.0}",0.007000729088,-0.07108233736,0.9976205529
2022-09-20,V22 LambdaRank Top1 12pct vol,95654.00212,98834.93773,230.0021215,1,1997.108331,1183.827281,3946090.938,0,"{""601288.SH"": 33600.0}",-0.0104280894,-0.0807691738,0.9975954783
2022-09-21,V22 LambdaRank Top1 12pct vol,96326.00212,99506.93773,230.0021215,1,1997.108331,1183.827281,3946090.938,0,"{""601288.SH"": 33600.0}",0.00702532027,-0.07431128284,0.997612253
2022-09-22,V22 LambdaRank Top1 12pct vol,96326.00212,99506.93773,230.0021215,1,1997.108331,1183.827281,3946090.938,0,"{""601288.SH"": 33600.0}",0,-0.07431128284,0.997612253
2022-09-23,V22 LambdaRank Top1 12pct vol,96998.00212,100178.9377,230.0021215,1,1997.108331,1183.827281,3946090.938,0,"{""601288.SH"": 33600.0}",0.006976309462,-0.06785339189,0.9976287953
2022-09-26,V22 LambdaRank Top1 12pct vol,95990.00212,99170.93773,230.0021215,1,1997.108331,1183.827281,3946090.938,0,"{""601288.SH"": 33600.0}",-0.01039196662,-0.07754022832,0.997603895
2022-09-27,V22 LambdaRank Top1 12pct vol,95318.00212,98498.93773,230.0021215,1,1997.108331,1183.827281,3946090.938,0,"{""601288.SH"": 33600.0}",-0.007000729088,-0.08399811928,0.9975870023
2022-09-28,V22 LambdaRank Top1 12pct vol,95990.00212,99170.93773,230.0021215,1,1997.108331,1183.827281,3946090.938,0,"{""601288.SH"": 33600.0}",0.007050084822,-0.07754022832,0.997603895
2022-09-29,V22 LambdaRank Top1 12pct vol,94982.00212,98162.93773,230.0021215,1,1997.108331,1183.827281,3946090.938,0,"{""601288.SH"": 33600.0}",-0.01050109363,-0.08722706475,0.9975784663
2022-09-30,V22 LambdaRank Top1 12pct vol,96326.00212,99506.93773,230.0021215,1,1997.108331,1183.827281,3946090.938,0,"{""601288.SH"": 33600.0}",0.01415004917,-0.07431128284,0.997612253
2022-10-10,V22 LambdaRank Top1 12pct vol,96662.00212,99842.93773,230.0021215,1,1997.108331,1183.827281,3946090.938,0,"{""601288.SH"": 33600.0}",0.003488154731,-0.07108233736,0.9976205529
2022-10-11,V22 LambdaRank Top1 12pct vol,96191.81579,99528.93773,107.8157889,1,2095.445664,1241.676281,4138920.938,0,"{""601988.SH"": 31400.0}",-0.004864231262,-0.0756008077,0.9988791584
2022-10-12,V22 LambdaRank Top1 12pct vol,96505.81579,99842.93773,107.8157889,1,2095.445664,1241.676281,4138920.938,0,"{""601988.SH"": 31400.0}",0.003264310975,-0.07258328127,0.9988828053
2022-10-13,V22 LambdaRank Top1 12pct vol,95877.81579,99214.93773,107.8157889,1,2095.445664,1241.676281,4138920.938,0,"{""601988.SH"": 31400.0}",-0.006507379839,-0.07861833413,0.9988754876
2022-10-14,V22 LambdaRank Top1 12pct vol,96191.81579,99528.93773,107.8157889,1,2095.445664,1241.676281,4138920.938,0,"{""601988.SH"": 31400.0}",0.003275001599,-0.0756008077,0.9988791584
2022-10-17,V22 LambdaRank Top1 12pct vol,95877.81579,99214.93773,107.8157889,1,2095.445664,1241.676281,4138920.938,0,"{""601988.SH"": 31400.0}",-0.003264310975,-0.07861833413,0.9988754876
2022-10-18,V22 LambdaRank Top1 12pct vol,95877.81579,99214.93773,107.8157889,1,2095.445664,1241.676281,4138920.938,0,"{""601988.SH"": 31400.0}",0,-0.07861833413,0.9988754876
2022-10-19,V22 LambdaRank Top1 12pct vol,95877.81579,99214.93773,107.8157889,1,2095.445664,1241.676281,4138920.938,0,"{""601988.SH"": 31400.0}",0,-0.07861833413,0.9988754876
2022-10-20,V22 LambdaRank Top1 12pct vol,95877.81579,99214.93773,107.8157889,1,2095.445664,1241.676281,4138920.938,0,"{""601988.SH"": 31400.0}",0,-0.07861833413,0.9988754876
2022-10-21,V22 LambdaRank Top1 12pct vol,96505.81579,99842.93773,107.8157889,1,2095.445664,1241.676281,4138920.938,0,"{""601988.SH"": 31400.0}",0.006550003198,-0.07258328127,0.9988828053
2022-10-24,V22 LambdaRank Top1 12pct vol,96191.81579,99528.93773,107.8157889,1,2095.445664,1241.676281,4138920.938,0,"{""601988.SH"": 31400.0}",-0.003253689919,-0.0756008077,0.9988791584
2022-10-25,V22 LambdaRank Top1 12pct vol,95877.81579,99214.93773,107.8157889,1,2095.445664,1241.676281,4138920.938,0,"{""601988.SH"": 31400.0}",-0.003264310975,-0.07861833413,0.9988754876
2022-10-26,V22 LambdaRank Top1 12pct vol,95563.81579,98900.93773,107.8157889,1,2095.445664,1241.676281,4138920.938,0,"{""601988.SH"": 31400.0}",-0.003275001599,-0.08163586056,0.9988717928
2022-10-27,V22 LambdaRank Top1 12pct vol,95249.81579,98586.93773,107.8157889,1,2095.445664,1241.676281,4138920.938,0,"{""601988.SH"": 31400.0}",-0.003285762476,-0.08465338699,0.9988680735
2022-10-28,V22 LambdaRank Top1 12pct vol,96191.81579,99528.93773,107.8157889,1,2095.445664,1241.676281,4138920.938,0,"{""601988.SH"": 31400.0}",0.009889782906,-0.0756008077,0.9988791584
2022-10-31,V22 LambdaRank Top1 12pct vol,94621.81579,97958.93773,107.8157889,1,2095.445664,1241.676281,4138920.938,0,"{""601988.SH"": 31400.0}",-0.01632155488,-0.09068843984,0.998860561
2022-11-01,V22 LambdaRank Top1 12pct vol,94935.81579,98272.93773,107.8157889,1,2095.445664,1241.676281,4138920.938,0,"{""601988.SH"": 31400.0}",0.003318473625,-0.08767091341,0.9988643297
2022-11-02,V22 LambdaRank Top1 12pct vol,94307.81579,97644.93773,107.8157889,1,2095.445664,1241.676281,4138920.938,0,"{""601988.SH"": 31400.0}",-0.006614995561,-0.09370596627,0.9988567672
2022-11-03,V22 LambdaRank Top1 12pct vol,94621.81579,97958.93773,107.8157889,1,2095.445664,1241.676281,4138920.938,0,"{""601988.SH"": 31400.0}",0.003329522557,-0.09068843984,0.998860561
2022-11-04,V22 LambdaRank Top1 12pct vol,95563.81579,98900.93773,107.8157889,1,2095.445664,1241.676281,4138920.938,0,"{""601988.SH"": 31400.0}",0.009955420874,-0.08163586056,0.9988717928
2022-11-07,V22 LambdaRank Top1 12pct vol,95563.81579,98900.93773,107.8157889,1,2095.445664,1241.676281,4138920.938,0,"{""601988.SH"": 31400.0}",0,-0.08163586056,0.9988717928
2022-11-08,V22 LambdaRank Top1 12pct vol,95563.81579,98900.93773,107.8157889,1,2095.445664,1241.676281,4138920.938,0,"{""601988.SH"": 31400.0}",0,-0.08163586056,0.9988717928
2022-11-09,V22 LambdaRank Top1 12pct vol,95563.81579,98900.93773,107.8157889,1,2095.445664,1241.676281,4138920.938,0,"{""601988.SH"": 31400.0}",0,-0.08163586056,0.9988717928
2022-11-10,V22 LambdaRank Top1 12pct vol,95877.81579,99214.93773,107.8157889,1,2095.445664,1241.676281,4138920.938,0,"{""601988.SH"": 31400.0}",0.003285762476,-0.07861833413,0.9988754876
2022-11-11,V22 LambdaRank Top1 12pct vol,96191.81579,99528.93773,107.8157889,1,2095.445664,1241.676281,4138920.938,0,"{""601988.SH"": 31400.0}",0.003275001599,-0.0756008077,0.9988791584
2022-11-14,V22 LambdaRank Top1 12pct vol,96191.81579,99528.93773,107.8157889,1,2095.445664,1241.676281,4138920.938,0,"{""601988.SH"": 31400.0}",0,-0.0756008077,0.9988791584
2022-11-15,V22 LambdaRank Top1 12pct vol,96191.81579,99528.93773,107.8157889,1,2095.445664,1241.676281,4138920.938,0,"{""601988.SH"": 31400.0}",0,-0.0756008077,0.9988791584
2022-11-16,V22 LambdaRank Top1 12pct vol,95877.81579,99214.93773,107.8157889,1,2095.445664,1241.676281,4138920.938,0,"{""601988.SH"": 31400.0}",-0.003264310975,-0.07861833413,0.9988754876
2022-11-17,V22 LambdaRank Top1 12pct vol,95877.81579,99214.93773,107.8157889,1,2095.445664,1241.676281,4138920.938,0,"{""601988.SH"": 31400.0}",0,-0.07861833413,0.9988754876
2022-11-18,V22 LambdaRank Top1 12pct vol,95563.81579,98900.93773,107.8157889,1,2095.445664,1241.676281,4138920.938,0,"{""601988.SH"": 31400.0}",-0.003275001599,-0.08163586056,0.9988717928
2022-11-21,V22 LambdaRank Top1 12pct vol,95877.81579,99214.93773,107.8157889,1,2095.445664,1241.676281,4138920.938,0,"{""601988.SH"": 31400.0}",0.003285762476,-0.07861833413,0.9988754876
2022-11-22,V22 LambdaRank Top1 12pct vol,96819.81579,100156.9377,107.8157889,1,2095.445664,1241.676281,4138920.938,0,"{""601988.SH"": 31400.0}",0.009825004796,-0.06956575484,0.9988864285
2022-11-23,V22 LambdaRank Top1 12pct vol,97447.81579,100784.9377,107.8157889,1,2095.445664,1241.676281,4138920.938,0,"{""601988.SH"": 31400.0}",0.00648627551,-0.06353070198,0.9988936049
2022-11-24,V22 LambdaRank Top1 12pct vol,97133.81579,100470.9377,107.8157889,1,2095.445664,1241.676281,4138920.938,0,"{""601988.SH"": 31400.0}",-0.003222237435,-0.06654822841,0.9988900283
2022-11-25,V22 LambdaRank Top1 12pct vol,98389.81579,101726.9377,107.8157889,1,2095.445664,1241.676281,4138920.938,0,"{""601988.SH"": 31400.0}",0.01293061525,-0.0544781227,0.9989041977
2022-11-28,V22 LambdaRank Top1 12pct vol,97761.81579,101098.9377,107.8157889,1,2095.445664,1241.676281,4138920.938,0,"{""601988.SH"": 31400.0}",-0.006382774426,-0.06051317555,0.9988971585
2022-11-29,V22 LambdaRank Top1 12pct vol,98703.81579,102040.9377,107.8157889,1,2095.445664,1241.676281,4138920.938,0,"{""601988.SH"": 31400.0}",0.009635663908,-0.05146059627,0.9989076837
2022-11-30,V22 LambdaRank Top1 12pct vol,99017.81579,102354.9377,107.8157889,1,2095.445664,1241.676281,4138920.938,0,"{""601988.SH"": 31400.0}",0.003181234661,-0.04844306984,0.9989111476
2022-12-01,V22 LambdaRank Top1 12pct vol,97447.81579,100784.9377,107.8157889,1,2095.445664,1241.676281,4138920.938,0,"{""601988.SH"": 31400.0}",-0.0158557325,-0.06353070198,0.9988936049
2022-12-02,V22 LambdaRank Top1 12pct vol,97603.70265,101098.9377,77.702647,1,2195.004806,1300.230281,4334100.938,0,"{""601288.SH"": 34100.0}",0.001599695764,-0.06203263601,0.9992038965
2022-12-05,V22 LambdaRank Top1 12pct vol,98626.70265,102121.9377,77.702647,1,2195.004806,1300.230281,4334100.938,0,"{""601288.SH"": 34100.0}",0.01048115975,-0.05220165023,0.9992121541
2022-12-06,V22 LambdaRank Top1 12pct vol,98626.70265,102121.9377,77.702647,1,2195.004806,1300.230281,4334100.938,0,"{""601288.SH"": 34100.0}",0,-0.05220165023,0.9992121541
2022-12-07,V22 LambdaRank Top1 12pct vol,98285.70265,101780.9377,77.702647,1,2195.004806,1300.230281,4334100.938,0,"{""601288.SH"": 34100.0}",-0.003457481502,-0.05547864549,0.9992094206
2022-12-08,V22 LambdaRank Top1 12pct vol,98967.70265,102462.9377,77.702647,1,2195.004806,1300.230281,4334100.938,0,"{""601288.SH"": 34100.0}",0.00693895431,-0.04892465497,0.9992148686
2022-12-09,V22 LambdaRank Top1 12pct vol,98626.70265,102121.9377,77.702647,1,2195.004806,1300.230281,4334100.938,0,"{""601288.SH"": 34100.0}",-0.003445568513,-0.05220165023,0.9992121541
2022-12-12,V22 LambdaRank Top1 12pct vol,97603.70265,101098.9377,77.702647,1,2195.004806,1300.230281,4334100.938,0,"{""601288.SH"": 34100.0}",-0.01037244451,-0.06203263601,0.9992038965
2022-12-13,V22 LambdaRank Top1 12pct vol,98285.70265,101780.9377,77.702647,1,2195.004806,1300.230281,4334100.938,0,"{""601288.SH"": 34100.0}",0.006987439836,-0.05547864549,0.9992094206
2022-12-14,V22 LambdaRank Top1 12pct vol,98626.70265,102121.9377,77.702647,1,2195.004806,1300.230281,4334100.938,0,"{""601288.SH"": 34100.0}",0.003469477155,-0.05220165023,0.9992121541
2022-12-15,V22 LambdaRank Top1 12pct vol,98285.70265,101780.9377,77.702647,1,2195.004806,1300.230281,4334100.938,0,"{""601288.SH"": 34100.0}",-0.003457481502,-0.05547864549,0.9992094206
2022-12-16,V22 LambdaRank Top1 12pct vol,98967.70265,102462.9377,77.702647,1,2195.004806,1300.230281,4334100.938,0,"{""601288.SH"": 34100.0}",0.00693895431,-0.04892465497,0.9992148686
2022-12-19,V22 LambdaRank Top1 12pct vol,98285.70265,101780.9377,77.702647,1,2195.004806,1300.230281,4334100.938,0,"{""601288.SH"": 34100.0}",-0.006891137025,-0.05547864549,0.9992094206
2022-12-20,V22 LambdaRank Top1 12pct vol,97262.70265,100757.9377,77.702647,1,2195.004806,1300.230281,4334100.938,0,"{""601288.SH"": 34100.0}",-0.01040843147,-0.06530963128,0.9992011054
2022-12-21,V22 LambdaRank Top1 12pct vol,97262.70265,100757.9377,77.702647,1,2195.004806,1300.230281,4334100.938,0,"{""601288.SH"": 34100.0}",0,-0.06530963128,0.9992011054
2022-12-22,V22 LambdaRank Top1 12pct vol,97603.70265,101098.9377,77.702647,1,2195.004806,1300.230281,4334100.938,0,"{""601288.SH"": 34100.0}",0.003505968791,-0.06203263601,0.9992038965
2022-12-23,V22 LambdaRank Top1 12pct vol,97944.70265,101439.9377,77.702647,1,2195.004806,1300.230281,4334100.938,0,"{""601288.SH"": 34100.0}",0.003493719918,-0.05875564075,0.9992066682
2022-12-26,V22 LambdaRank Top1 12pct vol,97262.70265,100757.9377,77.702647,1,2195.004806,1300.230281,4334100.938,0,"{""601288.SH"": 34100.0}",-0.00696311267,-0.06530963128,0.9992011054
2022-12-27,V22 LambdaRank Top1 12pct vol,98626.70265,102121.9377,77.702647,1,2195.004806,1300.230281,4334100.938,0,"{""601288.SH"": 34100.0}",0.01402387516,-0.05220165023,0.9992121541
2022-12-28,V22 LambdaRank Top1 12pct vol,98967.70265,102462.9377,77.702647,1,2195.004806,1300.230281,4334100.938,0,"{""601288.SH"": 34100.0}",0.003457481502,-0.04892465497,0.9992148686
2022-12-29,V22 LambdaRank Top1 12pct vol,98285.70265,101780.9377,77.702647,1,2195.004806,1300.230281,4334100.938,0,"{""601288.SH"": 34100.0}",-0.006891137025,-0.05547864549,0.9992094206
2022-12-30,V22 LambdaRank Top1 12pct vol,99308.70265,102803.9377,77.702647,1,2195.004806,1300.230281,4334100.938,0,"{""601288.SH"": 34100.0}",0.01040843147,-0.04564765971,0.9992175646
2023-01-03,V22 LambdaRank Top1 12pct vol,98967.70265,102462.9377,77.702647,1,2195.004806,1300.230281,4334100.938,0,"{""601288.SH"": 34100.0}",-0.003433737335,-0.04892465497,0.9992148686
2023-01-04,V22 LambdaRank Top1 12pct vol,100048.0366,103702.9377,848.036553,1,2295.6159,1359.285281,4530950.938,0,"{""601988.SH"": 31000.0}",0.0109160249,-0.03854269282,0.9915237062
2023-01-05,V22 LambdaRank Top1 12pct vol,100048.0366,103702.9377,848.036553,1,2295.6159,1359.285281,4530950.938,0,"{""601988.SH"": 31000.0}",0,-0.03854269282,0.9915237062
2023-01-06,V22 LambdaRank Top1 12pct vol,100358.0366,104012.9377,848.036553,1,2295.6159,1359.285281,4530950.938,0,"{""601988.SH"": 31000.0}",0.003098511582,-0.03556360622,0.991549889
2023-01-09,V22 LambdaRank Top1 12pct vol,99738.03655,103392.9377,848.036553,1,2295.6159,1359.285281,4530950.938,0,"{""601988.SH"": 31000.0}",-0.006177880928,-0.04152177942,0.9914973607
2023-01-10,V22 LambdaRank Top1 12pct vol,99428.03655,103082.9377,848.036553,1,2295.6159,1359.285281,4530950.938,0,"{""601988.SH"": 31000.0}",-0.003108142196,-0.04450086603,0.9914708509
2023-01-11,V22 LambdaRank Top1 12pct vol,99738.03655,103392.9377,848.036553,1,2295.6159,1359.285281,4530950.938,0,"{""601988.SH"": 31000.0}",0.003117832864,-0.04152177942,0.9914973607
2023-01-12,V22 LambdaRank Top1 12pct vol,99738.03655,103392.9377,848.036553,1,2295.6159,1359.285281,4530950.938,0,"{""601988.SH"": 31000.0}",0,-0.04152177942,0.9914973607
2023-01-13,V22 LambdaRank Top1 12pct vol,100978.0366,104632.9377,848.036553,1,2295.6159,1359.285281,4530950.938,0,"{""601988.SH"": 31000.0}",0.01243256879,-0.02960543302,0.9916017722
2023-01-16,V22 LambdaRank Top1 12pct vol,100358.0366,104012.9377,848.036553,1,2295.6159,1359.285281,4530950.938,0,"{""601988.SH"": 31000.0}",-0.006139949054,-0.03556360622,0.991549889
2023-01-17,V22 LambdaRank Top1 12pct vol,100668.0366,104322.9377,848.036553,1,2295.6159,1359.285281,4530950.938,0,"{""601988.SH"": 31000.0}",0.003088940464,-0.03258451962,0.9915759105
2023-01-18,V22 LambdaRank Top1 12pct vol,100358.0366,104012.9377,848.036553,1,2295.6159,1359.285281,4530950.938,0,"{""601988.SH"": 31000.0}",-0.003079428293,-0.03556360622,0.991549889
2023-01-19,V22 LambdaRank Top1 12pct vol,100668.0366,104322.9377,848.036553,1,2295.6159,1359.285281,4530950.938,0,"{""601988.SH"": 31000.0}",0.003088940464,-0.03258451962,0.9915759105
2023-01-20,V22 LambdaRank Top1 12pct vol,100668.0366,104322.9377,848.036553,1,2295.6159,1359.285281,4530950.938,0,"{""601988.SH"": 31000.0}",0,-0.03258451962,0.9915759105
2023-01-30,V22 LambdaRank Top1 12pct vol,100978.0366,104632.9377,848.036553,1,2295.6159,1359.285281,4530950.938,0,"{""601988.SH"": 31000.0}",0.003079428293,-0.02960543302,0.9916017722
2023-01-31,V22 LambdaRank Top1 12pct vol,100668.0366,104322.9377,848.036553,1,2295.6159,1359.285281,4530950.938,0,"{""601988.SH"": 31000.0}",-0.003069974527,-0.03258451962,0.9915759105
2023-02-01,V22 LambdaRank Top1 12pct vol,100668.0366,104322.9377,848.036553,1,2295.6159,1359.285281,4530950.938,0,"{""601988.SH"": 31000.0}",0,-0.03258451962,0.9915759105
2023-02-02,V22 LambdaRank Top1 12pct vol,100328.2221,104144.9377,470.2221492,1,2397.473504,1419.242081,4730806.938,0,"{""601939.SH"": 17800.0}",-0.003375593838,-0.03585012135,0.9953131617
2023-02-03,V22 LambdaRank Top1 12pct vol,100150.2221,103966.9377,470.2221492,1,2397.473504,1419.242081,4730806.938,0,"{""601939.SH"": 17800.0}",-0.001774176759,-0.03756069366,0.9953048317
2023-02-06,V22 LambdaRank Top1 12pct vol,99972.22215,103788.9377,470.2221492,1,2397.473504,1419.242081,4730806.938,0,"{""601939.SH"": 17800.0}",-0.001777330057,-0.03927126597,0.995296472
2023-02-07,V22 LambdaRank Top1 12pct vol,99972.22215,103788.9377,470.2221492,1,2397.473504,1419.242081,4730806.938,0,"{""601939.SH"": 17800.0}",0,-0.03927126597,0.995296472
2023-02-08,V22 LambdaRank Top1 12pct vol,99972.22215,103788.9377,470.2221492,1,2397.473504,1419.242081,4730806.938,0,"{""601939.SH"": 17800.0}",0,-0.03927126597,0.995296472
2023-02-09,V22 LambdaRank Top1 12pct vol,100328.2221,104144.9377,470.2221492,1,2397.473504,1419.242081,4730806.938,0,"{""601939.SH"": 17800.0}",0.003560989166,-0.03585012135,0.9953131617
2023-02-10,V22 LambdaRank Top1 12pct vol,100328.2221,104144.9377,470.2221492,1,2397.473504,1419.242081,4730806.938,0,"{""601939.SH"": 17800.0}",0,-0.03585012135,0.9953131617
2023-02-13,V22 LambdaRank Top1 12pct vol,99972.22215,103788.9377,470.2221492,1,2397.473504,1419.242081,4730806.938,0,"{""601939.SH"": 17800.0}",-0.003548353518,-0.03927126597,0.995296472
2023-02-14,V22 LambdaRank Top1 12pct vol,100150.2221,103966.9377,470.2221492,1,2397.473504,1419.242081,4730806.938,0,"{""601939.SH"": 17800.0}",0.001780494583,-0.03756069366,0.9953048317
2023-02-15,V22 LambdaRank Top1 12pct vol,99616.22215,103432.9377,470.2221492,1,2397.473504,1419.242081,4730806.938,0,"{""601939.SH"": 17800.0}",-0.00533199017,-0.04269241058,0.9952796629
2023-02-16,V22 LambdaRank Top1 12pct vol,99616.22215,103432.9377,470.2221492,1,2397.473504,1419.242081,4730806.938,0,"{""601939.SH"": 17800.0}",0,-0.04269241058,0.9952796629
2023-02-17,V22 LambdaRank Top1 12pct vol,99438.22215,103254.9377,470.2221492,1,2397.473504,1419.242081,4730806.938,0,"{""601939.SH"": 17800.0}",-0.001786857564,-0.04440298289,0.9952712132
2023-02-20,V22 LambdaRank Top1 12pct vol,100506.2221,104322.9377,470.2221492,1,2397.473504,1419.242081,4730806.938,0,"{""601939.SH"": 17800.0}",0.01074033683,-0.03413954905,0.9953214623
2023-02-21,V22 LambdaRank Top1 12pct vol,100862.2221,104678.9377,470.2221492,1,2397.473504,1419.242081,4730806.938,0,"{""601939.SH"": 17800.0}",0.003542069261,-0.03071840443,0.9953379755
2023-02-22,V22 LambdaRank Top1 12pct vol,100506.2221,104322.9377,470.2221492,1,2397.473504,1419.242081,4730806.938,0,"{""601939.SH"": 17800.0}",-0.003529567289,-0.03413954905,0.9953214623
2023-02-23,V22 LambdaRank Top1 12pct vol,100328.2221,104144.9377,470.2221492,1,2397.473504,1419.242081,4730806.938,0,"{""601939.SH"": 17800.0}",-0.00177103463,-0.03585012135,0.9953131617
2023-02-24,V22 LambdaRank Top1 12pct vol,100150.2221,103966.9377,470.2221492,1,2397.473504,1419.242081,4730806.938,0,"{""601939.SH"": 17800.0}",-0.001774176759,-0.03756069366,0.9953048317
2023-02-27,V22 LambdaRank Top1 12pct vol,99972.22215,103788.9377,470.2221492,1,2397.473504,1419.242081,4730806.938,0,"{""601939.SH"": 17800.0}",-0.001777330057,-0.03927126597,0.995296472
2023-02-28,V22 LambdaRank Top1 12pct vol,100862.2221,104678.9377,470.2221492,1,2397.473504,1419.242081,4730806.938,0,"{""601939.SH"": 17800.0}",0.008902472916,-0.03071840443,0.9953379755
2023-03-01,V22 LambdaRank Top1 12pct vol,100862.2221,104678.9377,470.2221492,1,2397.473504,1419.242081,4730806.938,0,"{""601939.SH"": 17800.0}",0,-0.03071840443,0.9953379755
2023-03-02,V22 LambdaRank Top1 12pct vol,100987.9039,104966.9377,331.9039432,1,2499.67051,1479.363281,4931210.938,0,"{""601398.SH"": 23300.0}",0.001246074014,-0.02951060782,0.9967134287
2023-03-03,V22 LambdaRank Top1 12pct vol,101919.9039,105898.9377,331.9039432,1,2499.67051,1479.363281,4931210.938,0,"{""601398.SH"": 23300.0}",0.009228828044,-0.02055412811,0.9967434826
2023-03-06,V22 LambdaRank Top1 12pct vol,101686.9039,105665.9377,331.9039432,1,2499.67051,1479.363281,4931210.938,0,"{""601398.SH"": 23300.0}",-0.002286108905,-0.02279324804,0.9967360208
2023-03-07,V22 LambdaRank Top1 12pct vol,102618.9039,106597.9377,331.9039432,1,2499.67051,1479.363281,4931210.938,0,"{""601398.SH"": 23300.0}",0.009165388697,-0.01383676832,0.9967656647
2023-03-08,V22 LambdaRank Top1 12pct vol,102851.9039,106830.9377,331.9039432,1,2499.67051,1479.363281,4931210.938,0,"{""601398.SH"": 23300.0}",0.002270536822,-0.01159764839,0.9967729917
2023-03-09,V22 LambdaRank Top1 12pct vol,102385.9039,106364.9377,331.9039432,1,2499.67051,1479.363281,4931210.938,0,"{""601398.SH"": 23300.0}",-0.004530786326,-0.01607588825,0.9967583043
2023-03-10,V22 LambdaRank Top1 12pct vol,101453.9039,105432.9377,331.9039432,1,2499.67051,1479.363281,4931210.938,0,"{""601398.SH"": 23300.0}",-0.009102815565,-0.02503236797,0.9967285247
2023-03-13,V22 LambdaRank Top1 12pct vol,102851.9039,106830.9377,331.9039432,1,2499.67051,1479.363281,4931210.938,0,"{""601398.SH"": 23300.0}",0.01377965702,-0.01159764839,0.9967729917
2023-03-14,V22 LambdaRank Top1 12pct vol,103084.9039,107063.9377,331.9039432,1,2499.67051,1479.363281,4931210.938,0,"{""601398.SH"": 23300.0}",0.002265393163,-0.009358528458,0.9967802857
2023-03-15,V22 LambdaRank Top1 12pct vol,104249.9039,108228.9377,331.9039432,1,2499.67051,1479.363281,4931210.938,0,"{""601398.SH"": 23300.0}",0.01130136378,0,0.9968162662
2023-03-16,V22 LambdaRank Top1 12pct vol,105647.9039,109626.9377,331.9039432,1,2499.67051,1479.363281,4931210.938,0,"{""601398.SH"": 23300.0}",0.0134100843,0,0.9968583954
2023-03-17,V22 LambdaRank Top1 12pct vol,105647.9039,109626.9377,331.9039432,1,2499.67051,1479.363281,4931210.938,0,"{""601398.SH"": 23300.0}",0,0,0.9968583954
2023-03-20,V22 LambdaRank Top1 12pct vol,105414.9039,109393.9377,331.9039432,1,2499.67051,1479.363281,4931210.938,0,"{""601398.SH"": 23300.0}",-0.002205438928,-0.002205438928,0.9968514514
2023-03-21,V22 LambdaRank Top1 12pct vol,104016.9039,107995.9377,331.9039432,1,2499.67051,1479.363281,4931210.938,0,"{""601398.SH"": 23300.0}",-0.01326188184,-0.01543807249,0.9968091346
2023-03-22,V22 LambdaRank Top1 12pct vol,105647.9039,109626.9377,331.9039432,1,2499.67051,1479.363281,4931210.938,0,"{""601398.SH"": 23300.0}",0.01568014369,0,0.9968583954
2023-03-23,V22 LambdaRank Top1 12pct vol,105647.9039,109626.9377,331.9039432,1,2499.67051,1479.363281,4931210.938,0,"{""601398.SH"": 23300.0}",0,0,0.9968583954
2023-03-24,V22 LambdaRank Top1 12pct vol,104715.9039,108694.9377,331.9039432,1,2499.67051,1479.363281,4931210.938,0,"{""601398.SH"": 23300.0}",-0.008821755711,-0.008821755711,0.9968304342
2023-03-27,V22 LambdaRank Top1 12pct vol,104249.9039,108228.9377,331.9039432,1,2499.67051,1479.363281,4931210.938,0,"{""601398.SH"": 23300.0}",-0.004450135867,-0.01323263357,0.9968162662
2023-03-28,V22 LambdaRank Top1 12pct vol,104948.9039,108927.9377,331.9039432,1,2499.67051,1479.363281,4931210.938,0,"{""601398.SH"": 23300.0}",0.006705042149,-0.006616316783,0.9968374711
2023-03-29,V22 LambdaRank Top1 12pct vol,105414.9039,109393.9377,331.9039432,1,2499.67051,1479.363281,4931210.938,0,"{""601398.SH"": 23300.0}",0.004440255996,-0.002205438928,0.9968514514
2023-03-30,V22 LambdaRank Top1 12pct vol,105647.9039,109626.9377,331.9039432,1,2499.67051,1479.363281,4931210.938,0,"{""601398.SH"": 23300.0}",0.00221031364,0,0.9968583954
2023-03-31,V22 LambdaRank Top1 12pct vol,104249.9039,108228.9377,331.9039432,1,2499.67051,1479.363281,4931210.938,0,"{""601398.SH"": 23300.0}",-0.01323263357,-0.01323263357,0.9968162662
2023-04-03,V22 LambdaRank Top1 12pct vol,104016.9039,107995.9377,331.9039432,1,2499.67051,1479.363281,4931210.938,0,"{""601398.SH"": 23300.0}",-0.00223501405,-0.01543807249,0.9968091346
2023-04-04,V22 LambdaRank Top1 12pct vol,105005.3484,109129.9377,40178.34844,1,2595.012617,1529.576681,5098588.938,0,"{""601988.SH"": 18900.0}",0.009502729409,-0.006082046911,0.6173685528
2023-04-06,V22 LambdaRank Top1 12pct vol,105194.3484,109318.9377,40178.34844,1,2595.012617,1529.576681,5098588.938,0,"{""601988.SH"": 18900.0}",0.001799908317,-0.004293085721,0.618056017
2023-04-07,V22 LambdaRank Top1 12pct vol,105005.3484,109129.9377,40178.34844,1,2595.012617,1529.576681,5098588.938,0,"{""601988.SH"": 18900.0}",-0.001796674468,-0.006082046911,0.6173685528
2023-04-10,V22 LambdaRank Top1 12pct vol,105005.3484,109129.9377,40178.34844,1,2595.012617,1529.576681,5098588.938,0,"{""601988.SH"": 18900.0}",0,-0.006082046911,0.6173685528
2023-04-11,V22 LambdaRank Top1 12pct vol,105572.3484,109696.9377,40178.34844,1,2595.012617,1529.576681,5098588.938,0,"{""601988.SH"": 18900.0}",0.005399724952,-0.0007151633402,0.6194235609
2023-04-12,V22 LambdaRank Top1 12pct vol,106139.3484,110263.9377,40178.34844,1,2595.012617,1529.576681,5098588.938,0,"{""601988.SH"": 18900.0}",0.005370724516,0,0.6214566131
2023-04-13,V22 LambdaRank Top1 12pct vol,107084.3484,111208.9377,40178.34844,1,2595.012617,1529.576681,5098588.938,0,"{""601988.SH"": 18900.0}",0.008903389873,0,0.62479719
2023-04-14,V22 LambdaRank Top1 12pct vol,106517.3484,110641.9377,40178.34844,1,2595.012617,1529.576681,5098588.938,0,"{""601988.SH"": 18900.0}",-0.005294891441,-0.005294891441,0.6227999568
2023-04-17,V22 LambdaRank Top1 12pct vol,107840.3484,111964.9377,40178.34844,1,2595.012617,1529.576681,5098588.938,0,"{""601988.SH"": 18900.0}",0.01242051196,0,0.627427498
2023-04-18,V22 LambdaRank Top1 12pct vol,108218.3484,112342.9377,40178.34844,1,2595.012617,1529.576681,5098588.938,0,"{""601988.SH"": 18900.0}",0.003505181553,0,0.6287288707
2023-04-19,V22 LambdaRank Top1 12pct vol,108407.3484,112531.9377,40178.34844,1,2595.012617,1529.576681,5098588.938,0,"{""601988.SH"": 18900.0}",0.001746469085,0,0.6293761538
2023-04-20,V22 LambdaRank Top1 12pct vol,108218.3484,112342.9377,40178.34844,1,2595.012617,1529.576681,5098588.938,0,"{""601988.SH"": 18900.0}",-0.001743424249,-0.001743424249,0.6287288707
2023-04-21,V22 LambdaRank Top1 12pct vol,107840.3484,111964.9377,40178.34844,1,2595.012617,1529.576681,5098588.938,0,"{""601988.SH"": 18900.0}",-0.003492938171,-0.005230272746,0.627427498
2023-04-24,V22 LambdaRank Top1 12pct vol,108596.3484,112720.9377,40178.34844,1,2595.012617,1529.576681,5098588.938,0,"{""601988.SH"": 18900.0}",0.007010363106,0,0.6300211838
2023-04-25,V22 LambdaRank Top1 12pct vol,109541.3484,113665.9377,40178.34844,1,2595.012617,1529.576681,5098588.938,0,"{""601988.SH"": 18900.0}",0.008701950053,0,0.6332129464
2023-04-26,V22 LambdaRank Top1 12pct vol,109352.3484,113476.9377,40178.34844,1,2595.012617,1529.576681,5098588.938,0,"{""601988.SH"": 18900.0}",-0.001725375876,-0.001725375876,0.6325790071
2023-04-27,V22 LambdaRank Top1 12pct vol,109541.3484,113665.9377,40178.34844,1,2595.012617,1529.576681,5098588.938,0,"{""601988.SH"": 18900.0}",0.001728357943,0,0.6332129464
2023-04-28,V22 LambdaRank Top1 12pct vol,109541.3484,113665.9377,40178.34844,1,2595.012617,1529.576681,5098588.938,0,"{""601988.SH"": 18900.0}",0,0,0.6332129464
2023-05-04,V22 LambdaRank Top1 12pct vol,114644.3484,118768.9377,40178.34844,1,2595.012617,1529.576681,5098588.938,0,"{""601988.SH"": 18900.0}",0.04658514865,0,0.6495392142
2023-05-05,V22 LambdaRank Top1 12pct vol,116173.4446,120438.9377,3281.44461,1,2680.323443,1585.169681,5283898.938,0,"{""601939.SH"": 16900.0}",0.01333773706,0,0.9717539183
2023-05-08,V22 LambdaRank Top1 12pct vol,122088.4446,126353.9377,3281.44461,1,2680.323443,1585.169681,5283898.938,0,"{""601939.SH"": 16900.0}",0.05091525021,0,0.9731223981
2023-05-09,V22 LambdaRank Top1 12pct vol,121412.4446,125677.9377,3281.44461,1,2680.323443,1585.169681,5283898.938,0,"{""601939.SH"": 16900.0}",-0.005536969548,-0.005536969548,0.972972749
2023-05-10,V22 LambdaRank Top1 12pct vol,115159.4446,119424.9377,3281.44461,1,2680.323443,1585.169681,5283898.938,0,"{""601939.SH"": 16900.0}",-0.05150213407,-0.05675393787,0.9715052064
2023-05-11,V22 LambdaRank Top1 12pct vol,113807.4446,118072.9377,3281.44461,1,2680.323443,1585.169681,5283898.938,0,"{""601939.SH"": 16900.0}",-0.01174024419,-0.06782787697,0.9711666963
2023-05-12,V22 LambdaRank Top1 12pct vol,113300.4446,117565.9377,3281.44461,1,2680.323443,1585.169681,5283898.938,0,"{""601939.SH"": 16900.0}",-0.004454893102,-0.07198060413,0.9710376723
2023-05-15,V22 LambdaRank Top1 12pct vol,115159.4446,119424.9377,3281.44461,1,2680.323443,1585.169681,5283898.938,0,"{""601939.SH"": 16900.0}",0.0164077026,-0.05675393787,0.9715052064
2023-05-16,V22 LambdaRank Top1 12pct vol,115666.4446,119931.9377,3281.44461,1,2680.323443,1585.169681,5283898.938,0,"{""601939.SH"": 16900.0}",0.00440259157,-0.05260121071,0.9716301074
2023-05-17,V22 LambdaRank Top1 12pct vol,114483.4446,118748.9377,3281.44461,1,2680.323443,1585.169681,5283898.938,0,"{""601939.SH"": 16900.0}",-0.01022768534,-0.06229090742,0.9713369508
2023-05-18,V22 LambdaRank Top1 12pct vol,116849.4446,121114.9377,3281.44461,1,2680.323443,1585.169681,5283898.938,0,"{""601939.SH"": 16900.0}",0.02066674363,-0.042911514,0.9719173281
2023-05-19,V22 LambdaRank Top1 12pct vol,115666.4446,119931.9377,3281.44461,1,2680.323443,1585.169681,5283898.938,0,"{""601939.SH"": 16900.0}",-0.01012413883,-0.05260121071,0.9716301074
2023-05-22,V22 LambdaRank Top1 12pct vol,116342.4446,120607.9377,3281.44461,1,2680.323443,1585.169681,5283898.938,0,"{""601939.SH"": 16900.0}",0.005844391624,-0.04706424116,0.9717949488
2023-05-23,V22 LambdaRank Top1 12pct vol,113131.4446,117396.9377,3281.44461,1,2680.323443,1585.169681,5283898.938,0,"{""601939.SH"": 16900.0}",-0.02759955759,-0.07336484651,0.9709944072
2023-05-24,V22 LambdaRank Top1 12pct vol,109751.4446,114016.9377,3281.44461,1,2680.323443,1585.169681,5283898.938,0,"{""601939.SH"": 16900.0}",-0.02987675099,-0.1010496943,0.970101126
2023-05-25,V22 LambdaRank Top1 12pct vol,108230.4446,112495.9377,3281.44461,1,2680.323443,1585.169681,5283898.938,0,"{""601939.SH"": 16900.0}",-0.01385858751,-0.1135078757,0.9696809468
2023-05-26,V22 LambdaRank Top1 12pct vol,110596.4446,114861.9377,3281.44461,1,2680.323443,1585.169681,5283898.938,0,"{""601939.SH"": 16900.0}",0.02186076209,-0.09412848232,0.9703295651
2023-05-29,V22 LambdaRank Top1 12pct vol,112962.4446,117227.9377,3281.44461,1,2680.323443,1585.169681,5283898.938,0,"{""601939.SH"": 16900.0}",0.02139309277,-0.0747490889,0.9709510128
2023-05-30,V22 LambdaRank Top1 12pct vol,112455.4446,116720.9377,3281.44461,1,2680.323443,1585.169681,5283898.938,0,"{""601939.SH"": 16900.0}",-0.004488217316,-0.07890181606,0.9708200468
2023-05-31,V22 LambdaRank Top1 12pct vol,111441.4446,115706.9377,3281.44461,1,2680.323443,1585.169681,5283898.938,0,"{""601939.SH"": 16900.0}",-0.00901690446,-0.08720727039,0.9705545399
2023-06-01,V22 LambdaRank Top1 12pct vol,111124.2336,115389.7267,3281.44461,1,2680.323443,1585.169681,5283898.938,0,"{""601939.SH"": 16903.2585}",-0.002846436797,-0.0898054772,0.970470486
2023-06-02,V22 LambdaRank Top1 12pct vol,110655.9598,115051.6615,81591.95981,1,2769.561429,1626.140298,5420467.662,0,"{""601288.SH"": 8400.0}",-0.004213966272,-0.09364100622,0.2626519173
2023-06-05,V22 LambdaRank Top1 12pct vol,111495.9598,115891.6615,81591.95981,1,2769.561429,1626.140298,5420467.662,0,"{""601288.SH"": 8400.0}",0.007591095875,-0.0867607482,0.2682070279
2023-06-06,V22 LambdaRank Top1 12pct vol,111495.9598,115891.6615,81591.95981,1,2769.561429,1626.140298,5420467.662,0,"{""601288.SH"": 8400.0}",0,-0.0867607482,0.2682070279
2023-06-07,V22 LambdaRank Top1 12pct vol,111999.9598,116395.6615,81591.95981,1,2769.561429,1626.140298,5420467.662,0,"{""601288.SH"": 8400.0}",0.004520343166,-0.08263259339,0.2715000974
2023-06-08,V22 LambdaRank Top1 12pct vol,112755.9598,117151.6615,81591.95981,1,2769.561429,1626.140298,5420467.662,0,"{""601288.SH"": 8400.0}",0.006750002422,-0.07644036117,0.2763845038
2023-06-09,V22 LambdaRank Top1 12pct vol,112503.9598,116899.6615,81591.95981,1,2769.561429,1626.140298,5420467.662,0,"{""601288.SH"": 8400.0}",-0.002234915125,-0.07850443858,0.2747636621
2023-06-12,V22 LambdaRank Top1 12pct vol,112335.9598,116731.6615,81591.95981,1,2769.561429,1626.140298,5420467.662,0,"{""601288.SH"": 8400.0}",-0.001493280772,-0.07988049018,0.273679061
2023-06-13,V22 LambdaRank Top1 12pct vol,112419.9598,116815.6615,81591.95981,1,2769.561429,1626.140298,5420467.662,0,"{""601288.SH"": 8400.0}",0.0007477569973,-0.07919246438,0.2742217668
2023-06-14,V22 LambdaRank Top1 12pct vol,111495.9598,115891.6615,81591.95981,1,2769.561429,1626.140298,5420467.662,0,"{""601288.SH"": 8400.0}",-0.008219181021,-0.0867607482,0.2682070279
2023-06-15,V22 LambdaRank Top1 12pct vol,111831.9598,116227.6615,81591.95981,1,2769.561429,1626.140298,5420467.662,0,"{""601288.SH"": 8400.0}",0.003013562111,-0.08400864499,0.2704057056
2023-06-16,V22 LambdaRank Top1 12pct vol,111663.9598,116059.6615,81591.95981,1,2769.561429,1626.140298,5420467.662,0,"{""601288.SH"": 8400.0}",-0.00150225392,-0.0853846966,0.2693080207
2023-06-19,V22 LambdaRank Top1 12pct vol,111159.9598,115555.6615,81591.95981,1,2769.561429,1626.140298,5420467.662,0,"{""601288.SH"": 8400.0}",-0.004513542246,-0.08951285141,0.2659950584
2023-06-20,V22 LambdaRank Top1 12pct vol,110991.9598,115387.6615,81591.95981,1,2769.561429,1626.140298,5420467.662,0,"{""601288.SH"": 8400.0}",-0.001511335559,-0.09088890301,0.2648840515
2023-06-21,V22 LambdaRank Top1 12pct vol,111243.9598,115639.6615,81591.95981,1,2769.561429,1626.140298,5420467.662,0,"{""601288.SH"": 8400.0}",0.002270434727,-0.08882482561,0.2665493034
2023-06-26,V22 LambdaRank Top1 12pct vol,110739.9598,115135.6615,81591.95981,1,2769.561429,1626.140298,5420467.662,0,"{""601288.SH"": 8400.0}",-0.004530583061,-0.09295298042,0.2632112207
2023-06-27,V22 LambdaRank Top1 12pct vol,111243.9598,115639.6615,81591.95981,1,2769.561429,1626.140298,5420467.662,0,"{""601288.SH"": 8400.0}",0.004551202663,-0.08882482561,0.2665493034
2023-06-28,V22 LambdaRank Top1 12pct vol,111159.9598,115555.6615,81591.95981,1,2769.561429,1626.140298,5420467.662,0,"{""601288.SH"": 8400.0}",-0.0007550971769,-0.08951285141,0.2659950584
2023-06-29,V22 LambdaRank Top1 12pct vol,110907.9598,115303.6615,81591.95981,1,2769.561429,1626.140298,5420467.662,0,"{""601288.SH"": 8400.0}",-0.002267003339,-0.09157692881,0.2643272859
2023-06-30,V22 LambdaRank Top1 12pct vol,111243.9598,115639.6615,81591.95981,1,2769.561429,1626.140298,5420467.662,0,"{""601288.SH"": 8400.0}",0.003029539093,-0.08882482561,0.2665493034
2023-07-03,V22 LambdaRank Top1 12pct vol,111999.9598,116395.6615,81591.95981,1,2769.561429,1626.140298,5420467.662,0,"{""601288.SH"": 8400.0}",0.006795874592,-0.08263259339,0.2715000974
2023-07-04,V22 LambdaRank Top1 12pct vol,111322.5478,115791.6615,38389.54781,1,2811.789932,1657.323798,5524412.662,0,"{""601398.SH"": 15100.0}",-0.006048323625,-0.08818112835,0.6551502947
2023-07-05,V22 LambdaRank Top1 12pct vol,111171.5478,115640.6615,38389.54781,1,2811.789932,1657.323798,5524412.662,0,"{""601398.SH"": 15100.0}",-0.00135641883,-0.08941793663,0.6546818987
2023-07-06,V22 LambdaRank Top1 12pct vol,110416.5478,114885.6615,38389.54781,1,2811.789932,1657.323798,5524412.662,0,"{""601398.SH"": 15100.0}",-0.006791306003,-0.09560197807,0.6523207022
2023-07-07,V22 LambdaRank Top1 12pct vol,110265.5478,114734.6615,38389.54781,1,2811.789932,1657.323798,5524412.662,0,"{""601398.SH"": 15100.0}",-0.001367548642,-0.09683878635,0.6518445827
2023-07-10,V22 LambdaRank Top1 12pct vol,110416.5478,114885.6615,38389.54781,1,2811.789932,1657.323798,5524412.662,0,"{""601398.SH"": 15100.0}",0.001369421392,-0.09560197807,0.6523207022
2023-07-11,V22 LambdaRank Top1 12pct vol,111322.5478,115791.6615,38389.54781,1,2811.789932,1657.323798,5524412.662,0,"{""601398.SH"": 15100.0}",0.008205291852,-0.08818112835,0.6551502947
2023-07-12,V22 LambdaRank Top1 12pct vol,111020.5478,115489.6615,38389.54781,1,2811.789932,1657.323798,5524412.662,0,"{""601398.SH"": 15100.0}",-0.002712837659,-0.09065474492,0.6542122286
2023-07-13,V22 LambdaRank Top1 12pct vol,111926.5478,116395.6615,38389.54781,1,2811.789932,1657.323798,5524412.662,0,"{""601398.SH"": 15100.0}",0.0081606515,-0.0832338952,0.6570112403
2023-07-14,V22 LambdaRank Top1 12pct vol,111926.5478,116395.6615,38389.54781,1,2811.789932,1657.323798,5524412.662,0,"{""601398.SH"": 15100.0}",0,-0.0832338952,0.6570112403
2023-07-17,V22 LambdaRank Top1 12pct vol,111935.6164,116404.7302,38389.54781,1,2811.789932,1657.323798,5524412.662,0,"{""601398.SH"": 16093.2316}",8.102310823e-05,-0.08315961596,0.6570390281
2023-07-18,V22 LambdaRank Top1 12pct vol,111452.8195,115921.9332,38389.54781,1,2811.789932,1657.323798,5524412.662,0,"{""601398.SH"": 16093.2316}",-0.004313166486,-0.08711410118,0.6555533724
2023-07-19,V22 LambdaRank Top1 12pct vol,111774.6841,116243.7979,38389.54781,1,2811.789932,1657.323798,5524412.662,0,"{""601398.SH"": 16093.2316}",0.002887900319,-0.0844777777,0.6565452356
2023-07-20,V22 LambdaRank Top1 12pct vol,112096.5488,116565.6625,38389.54781,1,2811.789932,1657.323798,5524412.662,0,"{""601398.SH"": 16093.2316}",0.002879584367,-0.08184145422,0.6575314028
2023-07-21,V22 LambdaRank Top1 12pct vol,112096.5488,116565.6625,38389.54781,1,2811.789932,1657.323798,5524412.662,0,"{""601398.SH"": 16093.2316}",0,-0.08184145422,0.6575314028
2023-07-24,V22 LambdaRank Top1 12pct vol,111935.6164,116404.7302,38389.54781,1,2811.789932,1657.323798,5524412.662,0,"{""601398.SH"": 16093.2316}",-0.001435658085,-0.08315961596,0.6570390281
2023-07-25,V22 LambdaRank Top1 12pct vol,112740.278,117209.3918,38389.54781,1,2811.789932,1657.323798,5524412.662,0,"{""601398.SH"": 16093.2316}",0.007188610811,-0.07656880726,0.6594868446
2023-07-26,V22 LambdaRank Top1 12pct vol,112901.2103,117370.3241,38389.54781,1,2811.789932,1657.323798,5524412.662,0,"{""601398.SH"": 16093.2316}",0.001427460703,-0.07525064553,0.6599722209
2023-07-27,V22 LambdaRank Top1 12pct vol,114027.7366,118496.8503,38389.54781,1,2811.789932,1657.323798,5524412.662,0,"{""601398.SH"": 16093.2316}",0.009977981742,-0.06602351335,0.6633314932
2023-07-28,V22 LambdaRank Top1 12pct vol,115476.1274,119945.2411,38389.54781,1,2811.789932,1657.323798,5524412.662,0,"{""601398.SH"": 16093.2316}",0.01270209242,-0.0541600577,0.6675542498
2023-07-31,V22 LambdaRank Top1 12pct vol,115154.2628,119623.3765,38389.54781,1,2811.789932,1657.323798,5524412.662,0,"{""601398.SH"": 16093.2316}",-0.00278728288,-0.05679638118,0.6666250395
2023-08-01,V22 LambdaRank Top1 12pct vol,115315.1951,119784.3088,38389.54781,1,2811.789932,1657.323798,5524412.662,0,"{""601398.SH"": 16093.2316}",0.00139753677,-0.05547821944,0.667090293
2023-08-02,V22 LambdaRank Top1 12pct vol,113048.9774,117534.0533,9873.585583,1,2819.202155,1665.873798,5552912.662,1.455191523e-11,"{""601398.SH"": 22093.2316}",-0.01965237714,-0.07404031769,0.9126609916
2023-08-03,V22 LambdaRank Top1 12pct vol,114153.639,118638.7149,9873.585583,1,2819.202155,1665.873798,5552912.662,0,"{""601398.SH"": 22093.2316}",0.00977153096,-0.06499227399,0.9135061688
2023-08-04,V22 LambdaRank Top1 12pct vol,114595.5036,119080.5796,9873.585583,1,2819.202155,1665.873798,5552912.662,0,"{""601398.SH"": 22093.2316}",0.003870788851,-0.06137305651,0.9138396772
2023-08-07,V22 LambdaRank Top1 12pct vol,113932.7067,118417.7826,9873.585583,1,2819.202155,1665.873798,5552912.662,1.455191523e-11,"{""601398.SH"": 22093.2316}",-0.005783795425,-0.06680188273,0.9133384445
2023-08-08,V22 LambdaRank Top1 12pct vol,113269.9097,117754.9857,9873.585583,1,2819.202155,1665.873798,5552912.662,0,"{""601398.SH"": 22093.2316}",-0.005817442322,-0.07223070895,0.9128313459
2023-08-09,V22 LambdaRank Top1 12pct vol,113932.7067,118417.7826,9873.585583,1,2819.202155,1665.873798,5552912.662,1.455191523e-11,"{""601398.SH"": 22093.2316}",0.005851482986,-0.06680188273,0.9133384445
2023-08-10,V22 LambdaRank Top1 12pct vol,113490.842,117975.918,9873.585583,1,2819.202155,1665.873798,5552912.662,0,"{""601398.SH"": 22093.2316}",-0.003878294881,-0.07042110021,0.9130010368
2023-08-11,V22 LambdaRank Top1 12pct vol,111723.3835,116208.4594,9873.585583,1,2819.202155,1665.873798,5552912.662,0,"{""601398.SH"": 22093.2316}",-0.01557357845,-0.08489797013,0.9116247174
2023-08-14,V22 LambdaRank Top1 12pct vol,110618.7219,115103.7979,9873.585583,1,2819.202155,1665.873798,5552912.662,0,"{""601398.SH"": 22093.2316}",-0.00988746982,-0.09394601384,0.9107421835
2023-08-15,V22 LambdaRank Top1 12pct vol,112386.1804,116871.2564,9873.585583,1,2819.202155,1665.873798,5552912.662,0,"{""601398.SH"": 22093.2316}",0.01597793304,-0.07946914391,0.9121459102
2023-08-16,V22 LambdaRank Top1 12pct vol,112386.1804,116871.2564,9873.585583,1,2819.202155,1665.873798,5552912.662,0,"{""601398.SH"": 22093.2316}",0,-0.07946914391,0.9121459102
2023-08-17,V22 LambdaRank Top1 12pct vol,111502.4512,115987.5271,9873.585583,1,2819.202155,1665.873798,5552912.662,0,"{""601398.SH"": 22093.2316}",-0.007863326812,-0.08670757887,0.9114496096
2023-08-18,V22 LambdaRank Top1 12pct vol,111723.3835,116208.4594,9873.585583,1,2819.202155,1665.873798,5552912.662,0,"{""601398.SH"": 22093.2316}",0.001981412195,-0.08489797013,0.9116247174
2023-08-21,V22 LambdaRank Top1 12pct vol,110618.7219,115103.7979,9873.585583,1,2819.202155,1665.873798,5552912.662,0,"{""601398.SH"": 22093.2316}",-0.00988746982,-0.09394601384,0.9107421835
2023-08-22,V22 LambdaRank Top1 12pct vol,111944.3158,116429.3918,9873.585583,1,2819.202155,1665.873798,5552912.662,1.455191523e-11,"{""601398.SH"": 22093.2316}",0.01198344978,-0.08308836139,0.9117991341
2023-08-23,V22 LambdaRank Top1 12pct vol,112386.1804,116871.2564,9873.585583,1,2819.202155,1665.873798,5552912.662,0,"{""601398.SH"": 22093.2316}",0.003947182399,-0.07946914391,0.9121459102
2023-08-24,V22 LambdaRank Top1 12pct vol,111281.5189,115766.5948,9873.585583,1,2819.202155,1665.873798,5552912.662,1.455191523e-11,"{""601398.SH"": 22093.2316}",-0.009829158516,-0.08851718761,0.9112738064
2023-08-25,V22 LambdaRank Top1 12pct vol,112828.0451,117313.121,9873.585583,1,2819.202155,1665.873798,5552912.662,0,"{""601398.SH"": 22093.2316}",0.01389742188,-0.07584992643,0.9124899702
2023-08-28,V22 LambdaRank Top1 12pct vol,114374.5713,118859.6472,9873.585583,1,2819.202155,1665.873798,5552912.662,1.455191523e-11,"{""601398.SH"": 22093.2316}",0.01370693088,-0.06318266525,0.9136732451
2023-08-29,V22 LambdaRank Top1 12pct vol,112165.2481,116650.3241,9873.585583,1,2819.202155,1665.873798,5552912.662,1.455191523e-11,"{""601398.SH"": 22093.2316}",-0.01931655909,-0.08127875265,0.9119728637
2023-08-30,V22 LambdaRank Top1 12pct vol,111281.5189,115766.5948,9873.585583,1,2819.202155,1665.873798,5552912.662,1.455191523e-11,"{""601398.SH"": 22093.2316}",-0.007878815237,-0.08851718761,0.9112738064
2023-08-31,V22 LambdaRank Top1 12pct vol,111944.3158,116429.3918,9873.585583,1,2819.202155,1665.873798,5552912.662,1.455191523e-11,"{""601398.SH"": 22093.2316}",0.00595603795,-0.08308836139,0.9117991341
2023-09-01,V22 LambdaRank Top1 12pct vol,110839.6542,115324.7302,9873.585583,1,2819.202155,1665.873798,5552912.662,0,"{""601398.SH"": 22093.2316}",-0.009867955997,-0.0921364051,0.9109200976
2023-09-04,V22 LambdaRank Top1 12pct vol,111601.716,116238.6625,31213.71597,1,2916.808121,1720.138399,5733794.662,0,"{""601288.SH"": 23100.0}",0.006875353007,-0.0858945224,0.7203115051
2023-09-05,V22 LambdaRank Top1 12pct vol,110908.716,115545.6625,31213.71597,1,2916.808121,1720.138399,5733794.662,0,"{""601288.SH"": 23100.0}",-0.00620958194,-0.09157073526,0.7185639046
2023-09-06,V22 LambdaRank Top1 12pct vol,111139.716,115776.6625,31213.71597,1,2916.808121,1720.138399,5733794.662,0,"{""601288.SH"": 23100.0}",0.002082793926,-0.08967866431,0.7191488596
2023-09-07,V22 LambdaRank Top1 12pct vol,111139.716,115776.6625,31213.71597,1,2916.808121,1720.138399,5733794.662,0,"{""601288.SH"": 23100.0}",0,-0.08967866431,0.7191488596
2023-09-08,V22 LambdaRank Top1 12pct vol,110908.716,115545.6625,31213.71597,1,2916.808121,1720.138399,5733794.662,0,"{""601288.SH"": 23100.0}",-0.002078464912,-0.09157073526,0.7185639046
2023-09-11,V22 LambdaRank Top1 12pct vol,110677.716,115314.6625,31213.71597,1,2916.808121,1720.138399,5733794.662,0,"{""601288.SH"": 23100.0}",-0.002082793926,-0.09346280622,0.7179765078
2023-09-12,V22 LambdaRank Top1 12pct vol,110677.716,115314.6625,31213.71597,1,2916.808121,1720.138399,5733794.662,0,"{""601288.SH"": 23100.0}",0,-0.09346280622,0.7179765078
2023-09-13,V22 LambdaRank Top1 12pct vol,110908.716,115545.6625,31213.71597,1,2916.808121,1720.138399,5733794.662,0,"{""601288.SH"": 23100.0}",0.002087141011,-0.09157073526,0.7185639046
2023-09-14,V22 LambdaRank Top1 12pct vol,112063.716,116700.6625,31213.71597,1,2916.808121,1720.138399,5733794.662,0,"{""601288.SH"": 23100.0}",0.01041396963,-0.08211038049,0.7214645642
2023-09-15,V22 LambdaRank Top1 12pct vol,111370.716,116007.6625,31213.71597,1,2916.808121,1720.138399,5733794.662,0,"{""601288.SH"": 23100.0}",-0.006183981978,-0.08778659335,0.7197313881
2023-09-18,V22 LambdaRank Top1 12pct vol,111370.716,116007.6625,31213.71597,1,2916.808121,1720.138399,5733794.662,0,"{""601288.SH"": 23100.0}",0,-0.08778659335,0.7197313881
2023-09-19,V22 LambdaRank Top1 12pct vol,112756.716,117393.6625,31213.71597,1,2916.808121,1720.138399,5733794.662,0,"{""601288.SH"": 23100.0}",0.01244492314,-0.07643416762,0.7231764361
2023-09-20,V22 LambdaRank Top1 12pct vol,113911.716,118548.6625,31213.71597,1,2916.808121,1720.138399,5733794.662,0,"{""601288.SH"": 23100.0}",0.0102432923,-0.06697381285,0.7259832696
2023-09-21,V22 LambdaRank Top1 12pct vol,113449.716,118086.6625,31213.71597,1,2916.808121,1720.138399,5733794.662,0,"{""601288.SH"": 23100.0}",-0.004055772456,-0.07075795476,0.7248673943
2023-09-22,V22 LambdaRank Top1 12pct vol,114142.716,118779.6625,31213.71597,1,2916.808121,1720.138399,5733794.662,0,"{""601288.SH"": 23100.0}",0.006108433098,-0.06508174189,0.7265378197
2023-09-25,V22 LambdaRank Top1 12pct vol,114835.716,119472.6625,31213.71597,1,2916.808121,1720.138399,5733794.662,0,"{""601288.SH"": 23100.0}",0.006071346683,-0.05940552903,0.7281880841
2023-09-26,V22 LambdaRank Top1 12pct vol,114835.716,119472.6625,31213.71597,1,2916.808121,1720.138399,5733794.662,0,"{""601288.SH"": 23100.0}",0,-0.05940552903,0.7281880841
2023-09-27,V22 LambdaRank Top1 12pct vol,113449.716,118086.6625,31213.71597,1,2916.808121,1720.138399,5733794.662,0,"{""601288.SH"": 23100.0}",-0.01206941576,-0.07075795476,0.7248673943
2023-09-28,V22 LambdaRank Top1 12pct vol,114373.716,119010.6625,31213.71597,1,2916.808121,1720.138399,5733794.662,0,"{""601288.SH"": 23100.0}",0.008144577464,-0.06318967094,0.7270901299
2023-10-09,V22 LambdaRank Top1 12pct vol,114373.716,119010.6625,31213.71597,1,2916.808121,1720.138399,5733794.662,0,"{""601288.SH"": 23100.0}",0,-0.06318967094,0.7270901299
2023-10-10,V22 LambdaRank Top1 12pct vol,114629.9215,119275.6625,18964.92153,1,2921.930558,1723.810399,5746034.662,0,"{""601288.SH"": 26500.0}",0.002240073789,-0.06109114667,0.8345552254
2023-10-11,V22 LambdaRank Top1 12pct vol,115689.9215,120335.6625,18964.92153,1,2921.930558,1723.810399,5746034.662,0,"{""601288.SH"": 26500.0}",0.009247149312,-0.05240891632,0.8360711004
2023-10-12,V22 LambdaRank Top1 12pct vol,116219.9215,120865.6625,18964.92153,1,2921.930558,1723.810399,5746034.662,0,"{""601288.SH"": 26500.0}",0.004581211509,-0.04806780114,0.8368186686
2023-10-13,V22 LambdaRank Top1 12pct vol,117544.9215,122190.6625,18964.92153,1,2921.930558,1723.810399,5746034.662,0,"{""601288.SH"": 26500.0}",0.0114007993,-0.03721501319,0.8386580953
2023-10-16,V22 LambdaRank Top1 12pct vol,117279.9215,121925.6625,18964.92153,1,2921.930558,1723.810399,5746034.662,0,"{""601288.SH"": 26500.0}",-0.002254457245,-0.03938557078,0.8382935349
2023-10-17,V22 LambdaRank Top1 12pct vol,117544.9215,122190.6625,18964.92153,1,2921.930558,1723.810399,5746034.662,0,"{""601288.SH"": 26500.0}",0.002259551307,-0.03721501319,0.8386580953
2023-10-18,V22 LambdaRank Top1 12pct vol,118074.9215,122720.6625,18964.92153,1,2921.930558,1723.810399,5746034.662,0,"{""601288.SH"": 26500.0}",0.004508914491,-0.03287389801,0.8393823067
2023-10-19,V22 LambdaRank Top1 12pct vol,116219.9215,120865.6625,18964.92153,1,2921.930558,1723.810399,5746034.662,0,"{""601288.SH"": 26500.0}",-0.01571036403,-0.04806780114,0.8368186686
2023-10-20,V22 LambdaRank Top1 12pct vol,115954.9215,120600.6625,18964.92153,1,2921.930558,1723.810399,5746034.662,0,"{""601288.SH"": 26500.0}",-0.00228015986,-0.05023835873,0.8364457387
2023-10-23,V22 LambdaRank Top1 12pct vol,115689.9215,120335.6625,18964.92153,1,2921.930558,1723.810399,5746034.662,0,"{""601288.SH"": 26500.0}",-0.002285370871,-0.05240891632,0.8360711004
2023-10-24,V22 LambdaRank Top1 12pct vol,114364.9215,119010.6625,18964.92153,1,2921.930558,1723.810399,5746034.662,0,"{""601288.SH"": 26500.0}",-0.01145302877,-0.06326170426,0.834171866
2023-10-25,V22 LambdaRank Top1 12pct vol,113304.9215,117950.6625,18964.92153,1,2921.930558,1723.810399,5746034.662,0,"{""601288.SH"": 26500.0}",-0.009268576289,-0.07194393462,0.8326204963
2023-10-26,V22 LambdaRank Top1 12pct vol,114894.9215,119540.6625,18964.92153,1,2921.930558,1723.810399,5746034.662,0,"{""601288.SH"": 26500.0}",0.01403292971,-0.05892058908,0.8349368164
2023-10-27,V22 LambdaRank Top1 12pct vol,115159.9215,119805.6625,18964.92153,1,2921.930558,1723.810399,5746034.662,0,"{""601288.SH"": 26500.0}",0.002306455294,-0.0567500315,0.8353166511
2023-10-30,V22 LambdaRank Top1 12pct vol,113304.9215,117950.6625,18964.92153,1,2921.930558,1723.810399,5746034.662,0,"{""601288.SH"": 26500.0}",-0.01610803459,-0.07194393462,0.8326204963
2023-10-31,V22 LambdaRank Top1 12pct vol,114099.9215,118745.6625,18964.92153,1,2921.930558,1723.810399,5746034.662,0,"{""601288.SH"": 26500.0}",0.007016464856,-0.06543226185,0.8337867259
2023-11-01,V22 LambdaRank Top1 12pct vol,114894.9215,119540.6625,18964.92153,1,2921.930558,1723.810399,5746034.662,0,"{""601288.SH"": 26500.0}",0.006967577097,-0.05892058908,0.8349368164
2023-11-02,V22 LambdaRank Top1 12pct vol,115811.5746,120474.6625,34193.57461,1,2934.703685,1728.384199,5761280.662,0,"{""601288.SH"": 22300.0}",0.007978186158,-0.05141248235,0.7047482109
2023-11-03,V22 LambdaRank Top1 12pct vol,114919.5746,119582.6625,34193.57461,1,2934.703685,1728.384199,5761280.662,0,"{""601288.SH"": 22300.0}",-0.007702166239,-0.05871866111,0.7024564812
2023-11-06,V22 LambdaRank Top1 12pct vol,114027.5746,118690.6625,34193.57461,1,2934.703685,1728.384199,5761280.662,0,"{""601288.SH"": 22300.0}",-0.007761950069,-0.06602483986,0.7001288967
2023-11-07,V22 LambdaRank Top1 12pct vol,114696.5746,119359.6625,34193.57461,1,2934.703685,1728.384199,5761280.662,0,"{""601288.SH"": 22300.0}",0.005867001928,-0.0605452058,0.7018779792
2023-11-08,V22 LambdaRank Top1 12pct vol,114473.5746,119136.6625,34193.57461,1,2934.703685,1728.384199,5761280.662,0,"{""601288.SH"": 22300.0}",-0.00194426033,-0.06237175048,0.7012972232
2023-11-09,V22 LambdaRank Top1 12pct vol,115142.5746,119805.6625,34193.57461,1,2934.703685,1728.384199,5761280.662,0,"{""601288.SH"": 22300.0}",0.005844143527,-0.05689211642,0.7030327425
2023-11-10,V22 LambdaRank Top1 12pct vol,115142.5746,119805.6625,34193.57461,1,2934.703685,1728.384199,5761280.662,0,"{""601288.SH"": 22300.0}",0,-0.05689211642,0.7030327425
2023-11-13,V22 LambdaRank Top1 12pct vol,114919.5746,119582.6625,34193.57461,1,2934.703685,1728.384199,5761280.662,0,"{""601288.SH"": 22300.0}",-0.001936729318,-0.05871866111,0.7024564812
2023-11-14,V22 LambdaRank Top1 12pct vol,115142.5746,119805.6625,34193.57461,1,2934.703685,1728.384199,5761280.662,0,"{""601288.SH"": 22300.0}",0.001940487517,-0.05689211642,0.7030327425
2023-11-15,V22 LambdaRank Top1 12pct vol,114919.5746,119582.6625,34193.57461,1,2934.703685,1728.384199,5761280.662,0,"{""601288.SH"": 22300.0}",-0.001936729318,-0.05871866111,0.7024564812
2023-11-16,V22 LambdaRank Top1 12pct vol,115588.5746,120251.6625,34193.57461,1,2934.703685,1728.384199,5761280.662,0,"{""601288.SH"": 22300.0}",0.005821462551,-0.05323902704,0.7041785944
2023-11-17,V22 LambdaRank Top1 12pct vol,115142.5746,119805.6625,34193.57461,1,2934.703685,1728.384199,5761280.662,0,"{""601288.SH"": 22300.0}",-0.003858512846,-0.05689211642,0.7030327425
2023-11-20,V22 LambdaRank Top1 12pct vol,115588.5746,120251.6625,34193.57461,1,2934.703685,1728.384199,5761280.662,0,"{""601288.SH"": 22300.0}",0.003873458636,-0.05323902704,0.7041785944
2023-11-21,V22 LambdaRank Top1 12pct vol,116034.5746,120697.6625,34193.57461,1,2934.703685,1728.384199,5761280.662,0,"{""601288.SH"": 22300.0}",0.003858512846,-0.04958593767,0.7053156378
2023-11-22,V22 LambdaRank Top1 12pct vol,115811.5746,120474.6625,34193.57461,1,2934.703685,1728.384199,5761280.662,0,"{""601288.SH"": 22300.0}",-0.001921840975,-0.05141248235,0.7047482109
2023-11-23,V22 LambdaRank Top1 12pct vol,115811.5746,120474.6625,34193.57461,1,2934.703685,1728.384199,5761280.662,0,"{""601288.SH"": 22300.0}",0,-0.05141248235,0.7047482109
2023-11-24,V22 LambdaRank Top1 12pct vol,115811.5746,120474.6625,34193.57461,1,2934.703685,1728.384199,5761280.662,0,"{""601288.SH"": 22300.0}",0,-0.05141248235,0.7047482109
2023-11-27,V22 LambdaRank Top1 12pct vol,115142.5746,119805.6625,34193.57461,1,2934.703685,1728.384199,5761280.662,0,"{""601288.SH"": 22300.0}",-0.005776624679,-0.05689211642,0.7030327425
2023-11-28,V22 LambdaRank Top1 12pct vol,115365.5746,120028.6625,34193.57461,1,2934.703685,1728.384199,5761280.662,0,"{""601288.SH"": 22300.0}",0.001936729318,-0.05506557173,0.7036067759
2023-11-29,V22 LambdaRank Top1 12pct vol,115142.5746,119805.6625,34193.57461,1,2934.703685,1728.384199,5761280.662,0,"{""601288.SH"": 22300.0}",-0.001932985648,-0.05689211642,0.7030327425
2023-11-30,V22 LambdaRank Top1 12pct vol,115811.5746,120474.6625,34193.57461,1,2934.703685,1728.384199,5761280.662,0,"{""601288.SH"": 22300.0}",0.005810187954,-0.05141248235,0.7047482109
2023-12-01,V22 LambdaRank Top1 12pct vol,115588.5746,120251.6625,34193.57461,1,2934.703685,1728.384199,5761280.662,0,"{""601288.SH"": 22300.0}",-0.00192554156,-0.05323902704,0.7041785944
2023-12-04,V22 LambdaRank Top1 12pct vol,115160.5107,119842.6625,136.5106707,1,2943.55622,1738.595599,5795318.662,0,"{""601288.SH"": 31600.0}",-0.003703341238,-0.056745206,0.9988146052
2023-12-05,V22 LambdaRank Top1 12pct vol,114212.5107,118894.6625,136.5106707,1,2943.55622,1738.595599,5795318.662,0,"{""601288.SH"": 31600.0}",-0.008231988504,-0.06451006862,0.998804766
2023-12-06,V22 LambdaRank Top1 12pct vol,111684.5107,116366.6625,136.5106707,1,2943.55622,1738.595599,5795318.662,0,"{""601288.SH"": 31600.0}",-0.02213417764,-0.08521636894,0.9987777117
2023-12-07,V22 LambdaRank Top1 12pct vol,112632.5107,117314.6625,136.5106707,1,2943.55622,1738.595599,5795318.662,0,"{""601288.SH"": 31600.0}",0.00848819585,-0.07745150632,0.9987879994
2023-12-08,V22 LambdaRank Top1 12pct vol,112948.5107,117630.6625,136.5106707,1,2943.55622,1738.595599,5795318.662,0,"{""601288.SH"": 31600.0}",0.002805584268,-0.07486321878,0.9987913903
2023-12-11,V22 LambdaRank Top1 12pct vol,112316.5107,116998.6625,136.5106707,1,2943.55622,1738.595599,5795318.662,0,"{""601288.SH"": 31600.0}",-0.005595469973,-0.08003979386,0.9987845895
2023-12-12,V22 LambdaRank Top1 12pct vol,114528.5107,119210.6625,136.5106707,1,2943.55622,1738.595599,5795318.662,0,"{""601288.SH"": 31600.0}",0.01969434402,-0.06192178108,0.9988080639
2023-12-13,V22 LambdaRank Top1 12pct vol,114528.5107,119210.6625,136.5106707,1,2943.55622,1738.595599,5795318.662,0,"{""601288.SH"": 31600.0}",0,-0.06192178108,0.9988080639
2023-12-14,V22 LambdaRank Top1 12pct vol,114528.5107,119210.6625,136.5106707,1,2943.55622,1738.595599,5795318.662,0,"{""601288.SH"": 31600.0}",0,-0.06192178108,0.9988080639
2023-12-15,V22 LambdaRank Top1 12pct vol,113264.5107,117946.6625,136.5106707,1,2943.55622,1738.595599,5795318.662,0,"{""601288.SH"": 31600.0}",-0.01103655319,-0.07227493124,0.9987947622
2023-12-18,V22 LambdaRank Top1 12pct vol,114528.5107,119210.6625,136.5106707,1,2943.55622,1738.595599,5795318.662,0,"{""601288.SH"": 31600.0}",0.01115971801,-0.06192178108,0.9988080639
2023-12-19,V22 LambdaRank Top1 12pct vol,115160.5107,119842.6625,136.5106707,1,2943.55622,1738.595599,5795318.662,0,"{""601288.SH"": 31600.0}",0.005518276596,-0.056745206,0.9988146052
2023-12-20,V22 LambdaRank Top1 12pct vol,114844.5107,119526.6625,136.5106707,1,2943.55622,1738.595599,5795318.662,0,"{""601288.SH"": 31600.0}",-0.002743996168,-0.05933349354,0.9988113435
2023-12-21,V22 LambdaRank Top1 12pct vol,114212.5107,118894.6625,136.5106707,1,2943.55622,1738.595599,5795318.662,0,"{""601288.SH"": 31600.0}",-0.005503092802,-0.06451006862,0.998804766
2023-12-22,V22 LambdaRank Top1 12pct vol,114844.5107,119526.6625,136.5106707,1,2943.55622,1738.595599,5795318.662,0,"{""601288.SH"": 31600.0}",0.00553354441,-0.05933349354,0.9988113435
2023-12-25,V22 LambdaRank Top1 12pct vol,115792.5107,120474.6625,136.5106707,1,2943.55622,1738.595599,5795318.662,0,"{""601288.SH"": 31600.0}",0.008254639203,-0.05156863092,0.9988210751
2023-12-26,V22 LambdaRank Top1 12pct vol,116108.5107,120790.6625,136.5106707,1,2943.55622,1738.595599,5795318.662,0,"{""601288.SH"": 31600.0}",0.002729019331,-0.04898034338,0.9988242837
2023-12-27,V22 LambdaRank Top1 12pct vol,116740.5107,121422.6625,136.5106707,1,2943.55622,1738.595599,5795318.662,0,"{""601288.SH"": 31600.0}",0.005443184107,-0.04380376829,0.9988306487
2023-12-28,V22 LambdaRank Top1 12pct vol,114844.5107,119526.6625,136.5106707,1,2943.55622,1738.595599,5795318.662,0,"{""601288.SH"": 31600.0}",-0.01624114876,-0.05933349354,0.9988113435
2023-12-29,V22 LambdaRank Top1 12pct vol,115160.5107,119842.6625,136.5106707,1,2943.55622,1738.595599,5795318.662,0,"{""601288.SH"": 31600.0}",0.002751546401,-0.056745206,0.9988146052
2024-01-02,V22 LambdaRank Top1 12pct vol,115792.5107,120474.6625,136.5106707,1,2943.55622,1738.595599,5795318.662,0,"{""601288.SH"": 31600.0}",0.005487992336,-0.05156863092,0.9988210751
2024-01-03,V22 LambdaRank Top1 12pct vol,117316.6741,122025.6625,25432.67406,1,2962.795926,1746.192499,5820641.662,0,"{""601288.SH"": 24700.0}",0.01316288407,-0.03908453876,0.7832134753
2024-01-04,V22 LambdaRank Top1 12pct vol,118551.6741,123260.6625,25432.67406,1,2962.795926,1746.192499,5820641.662,0,"{""601288.SH"": 24700.0}",0.01052706284,-0.02896892132,0.7854718268
2024-01-05,V22 LambdaRank Top1 12pct vol,117563.6741,122272.6625,25432.67406,1,2962.795926,1746.192499,5820641.662,0,"{""601288.SH"": 24700.0}",-0.008333918587,-0.03706141527,0.7836689414
2024-01-08,V22 LambdaRank Top1 12pct vol,117316.6741,122025.6625,25432.67406,1,2962.795926,1746.192499,5820641.662,0,"{""601288.SH"": 24700.0}",-0.002100989119,-0.03908453876,0.7832134753
2024-01-09,V22 LambdaRank Top1 12pct vol,117316.6741,122025.6625,25432.67406,1,2962.795926,1746.192499,5820641.662,0,"{""601288.SH"": 24700.0}",0,-0.03908453876,0.7832134753
2024-01-10,V22 LambdaRank Top1 12pct vol,117069.6741,121778.6625,25432.67406,1,2962.795926,1746.192499,5820641.662,0,"{""601288.SH"": 24700.0}",-0.002105412568,-0.04110766225,0.7827560872
2024-01-11,V22 LambdaRank Top1 12pct vol,115587.6741,120296.6625,25432.67406,1,2962.795926,1746.192499,5820641.662,0,"{""601288.SH"": 24700.0}",-0.01265912809,-0.05324640318,0.7799707082
2024-01-12,V22 LambdaRank Top1 12pct vol,116822.6741,121531.6625,25432.67406,1,2962.795926,1746.192499,5820641.662,0,"{""601288.SH"": 24700.0}",0.01068453025,-0.04313078574,0.782296765
2024-01-15,V22 LambdaRank Top1 12pct vol,117069.6741,121778.6625,25432.67406,1,2962.795926,1746.192499,5820641.662,0,"{""601288.SH"": 24700.0}",0.002114315581,-0.04110766225,0.7827560872
2024-01-16,V22 LambdaRank Top1 12pct vol,117810.6741,122519.6625,25432.67406,1,2962.795926,1746.192499,5820641.662,0,"{""601288.SH"": 24700.0}",0.006329564047,-0.03503829178,0.7841224977
2024-01-17,V22 LambdaRank Top1 12pct vol,116822.6741,121531.6625,25432.67406,1,2962.795926,1746.192499,5820641.662,0,"{""601288.SH"": 24700.0}",-0.008386336874,-0.04313078574,0.782296765
2024-01-18,V22 LambdaRank Top1 12pct vol,116575.6741,121284.6625,25432.67406,1,2962.795926,1746.192499,5820641.662,0,"{""601288.SH"": 24700.0}",-0.002114315581,-0.04515390923,0.7818354964
2024-01-19,V22 LambdaRank Top1 12pct vol,116328.6741,121037.6625,25432.67406,1,2962.795926,1746.192499,5820641.662,0,"{""601288.SH"": 24700.0}",-0.002118795383,-0.04717703272,0.781372269
2024-01-22,V22 LambdaRank Top1 12pct vol,116328.6741,121037.6625,25432.67406,1,2962.795926,1746.192499,5820641.662,0,"{""601288.SH"": 24700.0}",0,-0.04717703272,0.781372269
2024-01-23,V22 LambdaRank Top1 12pct vol,116328.6741,121037.6625,25432.67406,1,2962.795926,1746.192499,5820641.662,0,"{""601288.SH"": 24700.0}",0,-0.04717703272,0.781372269
2024-01-24,V22 LambdaRank Top1 12pct vol,118057.6741,122766.6625,25432.67406,1,2962.795926,1746.192499,5820641.662,0,"{""601288.SH"": 24700.0}",0.01486305946,-0.03301516829,0.7845741561
2024-01-25,V22 LambdaRank Top1 12pct vol,119292.6741,124001.6625,25432.67406,1,2962.795926,1746.192499,5820641.662,0,"{""601288.SH"": 24700.0}",0.01046098875,-0.02289955085,0.7868043929
2024-01-26,V22 LambdaRank Top1 12pct vol,120774.6741,125483.6625,25432.67406,1,2962.795926,1746.192499,5820641.662,0,"{""601288.SH"": 24700.0}",0.01242322726,-0.01076080992,0.7894204703
2024-01-29,V22 LambdaRank Top1 12pct vol,122009.6741,126718.6625,25432.67406,1,2962.795926,1746.192499,5820641.662,0,"{""601288.SH"": 24700.0}",0.01022565376,-0.0006451924732,0.7915519875
2024-01-30,V22 LambdaRank Top1 12pct vol,121268.6741,125977.6625,25432.67406,1,2962.795926,1746.192499,5820641.662,0,"{""601288.SH"": 24700.0}",-0.006073288907,-0.00671456294,0.7902782869
2024-01-31,V22 LambdaRank Top1 12pct vol,121515.6741,126224.6625,25432.67406,1,2962.795926,1746.192499,5820641.662,0,"{""601288.SH"": 24700.0}",0.002036799709,-0.004691439451,0.7907045798
2024-02-01,V22 LambdaRank Top1 12pct vol,121515.6741,126224.6625,25432.67406,1,2962.795926,1746.192499,5820641.662,0,"{""601288.SH"": 24700.0}",0,-0.004691439451,0.7907045798
2024-02-02,V22 LambdaRank Top1 12pct vol,122333.5202,127197.6625,26145.52016,1,3060.560426,1803.581899,6011939.662,0,"{""601939.SH"": 13900.0}",0.006730375373,0,0.7862767283
2024-02-05,V22 LambdaRank Top1 12pct vol,123862.5202,128726.6625,26145.52016,1,3060.560426,1803.581899,6011939.662,0,"{""601939.SH"": 13900.0}",0.01249861851,0,0.7889149992
2024-02-06,V22 LambdaRank Top1 12pct vol,124140.5202,129004.6625,26145.52016,1,3060.560426,1803.581899,6011939.662,0,"{""601939.SH"": 13900.0}",0.002244423895,0,0.7893877025
2024-02-07,V22 LambdaRank Top1 12pct vol,121777.5202,126641.6625,26145.52016,1,3060.560426,1803.581899,6011939.662,0,"{""601939.SH"": 13900.0}",-0.01903488077,-0.01903488077,0.7853009313
2024-02-08,V22 LambdaRank Top1 12pct vol,120665.5202,125529.6625,26145.52016,1,3060.560426,1803.581899,6011939.662,0,"{""601939.SH"": 13900.0}",-0.009131406178,-0.02799247172,0.7833223598
2024-02-19,V22 LambdaRank Top1 12pct vol,124001.5202,128865.6625,26145.52016,1,3060.560426,1803.581899,6011939.662,0,"{""601939.SH"": 13900.0}",0.02764667152,-0.001119698869,0.7891516158
2024-02-20,V22 LambdaRank Top1 12pct vol,124974.5202,129838.6625,26145.52016,1,3060.560426,1803.581899,6011939.662,0,"{""601939.SH"": 13900.0}",0.007846677998,0,0.7907931942
2024-02-21,V22 LambdaRank Top1 12pct vol,125669.5202,130533.6625,26145.52016,1,3060.560426,1803.581899,6011939.662,0,"{""601939.SH"": 13900.0}",0.005561133574,0,0.791950187
2024-02-22,V22 LambdaRank Top1 12pct vol,125530.5202,130394.6625,26145.52016,1,3060.560426,1803.581899,6011939.662,0,"{""601939.SH"": 13900.0}",-0.00110607568,-0.00110607568,0.7917198134
2024-02-23,V22 LambdaRank Top1 12pct vol,126086.5202,130950.6625,26145.52016,1,3060.560426,1803.581899,6011939.662,0,"{""601939.SH"": 13900.0}",0.004429201753,0,0.7926382604
2024-02-26,V22 LambdaRank Top1 12pct vol,122889.5202,127753.6625,26145.52016,1,3060.560426,1803.581899,6011939.662,0,"{""601939.SH"": 13900.0}",-0.02535560499,-0.02535560499,0.7872436956
2024-02-27,V22 LambdaRank Top1 12pct vol,123306.5202,128170.6625,26145.52016,1,3060.560426,1803.581899,6011939.662,0,"{""601939.SH"": 13900.0}",0.003393291791,-0.02204835217,0.7879631983
2024-02-28,V22 LambdaRank Top1 12pct vol,122750.5202,127614.6625,26145.52016,1,3060.560426,1803.581899,6011939.662,0,"{""601939.SH"": 13900.0}",-0.004509088402,-0.0264580226,0.787002775
2024-02-29,V22 LambdaRank Top1 12pct vol,123445.5202,128309.6625,26145.52016,1,3060.560426,1803.581899,6011939.662,0,"{""601939.SH"": 13900.0}",0.005661890467,-0.02094593456,0.7882019523
2024-03-01,V22 LambdaRank Top1 12pct vol,123862.5202,128726.6625,26145.52016,1,3060.560426,1803.581899,6011939.662,0,"{""601939.SH"": 13900.0}",0.003378008367,-0.01763868173,0.7889149992
2024-03-04,V22 LambdaRank Top1 12pct vol,123508.3222,128409.6625,61208.32217,1,3087.228423,1814.111899,6047039.662,0,"{""601939.SH"": 8900.0}",-0.00285960593,-0.02044784798,0.5044194505
2024-03-05,V22 LambdaRank Top1 12pct vol,124754.3222,129655.6625,61208.32217,1,3087.228423,1814.111899,6047039.662,0,"{""601939.SH"": 8900.0}",0.01008838901,-0.01056574482,0.5093691256
2024-03-06,V22 LambdaRank Top1 12pct vol,124042.3222,128943.6625,61208.32217,1,3087.228423,1814.111899,6047039.662,0,"{""601939.SH"": 8900.0}",-0.005707217094,-0.01621266091,0.506552916
2024-03-07,V22 LambdaRank Top1 12pct vol,124398.3222,129299.6625,61208.32217,1,3087.228423,1814.111899,6047039.662,0,"{""601939.SH"": 8900.0}",0.002869988193,-0.01338920287,0.5079650505
2024-03-08,V22 LambdaRank Top1 12pct vol,124487.3222,129388.6625,61208.32217,1,3087.228423,1814.111899,6047039.662,0,"{""601939.SH"": 8900.0}",0.0007154437331,-0.01268333835,0.5083168221
2024-03-11,V22 LambdaRank Top1 12pct vol,124131.3222,129032.6625,61208.32217,1,3087.228423,1814.111899,6047039.662,0,"{""601939.SH"": 8900.0}",-0.002859728957,-0.0155067964,0.506906709
2024-03-12,V22 LambdaRank Top1 12pct vol,122351.3222,127252.6625,61208.32217,1,3087.228423,1814.111899,6047039.662,0,"{""601939.SH"": 8900.0}",-0.0143396523,-0.02962408664,0.4997330549
2024-03-13,V22 LambdaRank Top1 12pct vol,122262.3222,127163.6625,61208.32217,1,3087.228423,1814.111899,6047039.662,0,"{""601939.SH"": 8900.0}",-0.0007274134715,-0.03032995115,0.4993688891
2024-03-14,V22 LambdaRank Top1 12pct vol,122262.3222,127163.6625,61208.32217,1,3087.228423,1814.111899,6047039.662,0,"{""601939.SH"": 8900.0}",0,-0.03032995115,0.4993688891
2024-03-15,V22 LambdaRank Top1 12pct vol,121995.3222,126896.6625,61208.32217,1,3087.228423,1814.111899,6047039.662,0,"{""601939.SH"": 8900.0}",-0.002183828961,-0.03244754468,0.4982732036
2024-03-18,V22 LambdaRank Top1 12pct vol,121550.3222,126451.6625,61208.32217,1,3087.228423,1814.111899,6047039.662,0,"{""601939.SH"": 8900.0}",-0.003647680846,-0.03597686724,0.4964363642
2024-03-19,V22 LambdaRank Top1 12pct vol,121016.3222,125917.6625,61208.32217,1,3087.228423,1814.111899,6047039.662,0,"{""601939.SH"": 8900.0}",-0.004393242161,-0.04021205431,0.4942143252
2024-03-20,V22 LambdaRank Top1 12pct vol,121194.3222,126095.6625,61208.32217,1,3087.228423,1814.111899,6047039.662,0,"{""601939.SH"": 8900.0}",0.001470875968,-0.03880032529,0.4949571806
2024-03-21,V22 LambdaRank Top1 12pct vol,121372.3222,126273.6625,61208.32217,1,3087.228423,1814.111899,6047039.662,0,"{""601939.SH"": 8900.0}",0.001468715669,-0.03738859627,0.495697857
2024-03-22,V22 LambdaRank Top1 12pct vol,122262.3222,127163.6625,61208.32217,1,3087.228423,1814.111899,6047039.662,0,"{""601939.SH"": 8900.0}",0.007332808536,-0.03032995115,0.4993688891
2024-03-25,V22 LambdaRank Top1 12pct vol,122173.3222,127074.6625,61208.32217,1,3087.228423,1814.111899,6047039.662,0,"{""601939.SH"": 8900.0}",-0.000727942987,-0.03103581566,0.4990041927
2024-03-26,V22 LambdaRank Top1 12pct vol,122974.3222,127875.6625,61208.32217,1,3087.228423,1814.111899,6047039.662,0,"{""601939.SH"": 8900.0}",0.006556259466,-0.02468303506,0.5022674564
2024-03-27,V22 LambdaRank Top1 12pct vol,123063.3222,127964.6625,61208.32217,1,3087.228423,1814.111899,6047039.662,0,"{""601939.SH"": 8900.0}",0.0007237283234,-0.02397717054,0.502627419
2024-03-28,V22 LambdaRank Top1 12pct vol,121995.3222,126896.6625,61208.32217,1,3087.228423,1814.111899,6047039.662,0,"{""601939.SH"": 8900.0}",-0.008678459034,-0.03244754468,0.4982732036
2024-03-29,V22 LambdaRank Top1 12pct vol,122351.3222,127252.6625,61208.32217,1,3087.228423,1814.111899,6047039.662,0,"{""601939.SH"": 8900.0}",0.002918144677,-0.02962408664,0.4997330549
2024-04-01,V22 LambdaRank Top1 12pct vol,122707.3222,127608.6625,61208.32217,1,3087.228423,1814.111899,6047039.662,0,"{""601939.SH"": 8900.0}",0.002909653886,-0.02680062859,0.5011844356
2024-04-02,V22 LambdaRank Top1 12pct vol,123289.3982,128296.6625,49845.39821,1,3152.875877,1854.388399,6181294.662,0,"{""601288.SH"": 17200.0}",0.004743612985,-0.02218414742,0.5957041
2024-04-03,V22 LambdaRank Top1 12pct vol,123633.3982,128640.6625,49845.39821,1,3152.875877,1854.388399,6181294.662,0,"{""601288.SH"": 17200.0}",0.002790183138,-0.01945586211,0.5968290208
2024-04-08,V22 LambdaRank Top1 12pct vol,124493.3982,129500.6625,49845.39821,1,3152.875877,1854.388399,6181294.662,0,"{""601288.SH"": 17200.0}",0.006956049194,-0.01263514885,0.5996141247
2024-04-09,V22 LambdaRank Top1 12pct vol,123461.3982,128468.6625,49845.39821,1,3152.875877,1854.388399,6181294.662,0,"{""601288.SH"": 17200.0}",-0.008289596194,-0.02082000476,0.596267344
2024-04-10,V22 LambdaRank Top1 12pct vol,123633.3982,128640.6625,49845.39821,1,3152.875877,1854.388399,6181294.662,0,"{""601288.SH"": 17200.0}",0.001393148,-0.01945586211,0.5968290208
2024-04-11,V22 LambdaRank Top1 12pct vol,123289.3982,128296.6625,49845.39821,1,3152.875877,1854.388399,6181294.662,0,"{""601288.SH"": 17200.0}",-0.002782419678,-0.02218414742,0.5957041
2024-04-12,V22 LambdaRank Top1 12pct vol,123461.3982,128468.6625,49845.39821,1,3152.875877,1854.388399,6181294.662,0,"{""601288.SH"": 17200.0}",0.001395091569,-0.02082000476,0.596267344
2024-04-15,V22 LambdaRank Top1 12pct vol,125009.3982,130016.6625,49845.39821,1,3152.875877,1854.388399,6181294.662,0,"{""601288.SH"": 17200.0}",0.012538332,-0.008542720895,0.6012667933
2024-04-16,V22 LambdaRank Top1 12pct vol,126041.3982,131048.6625,49845.39821,1,3152.875877,1854.388399,6181294.662,0,"{""601288.SH"": 17200.0}",0.008255379313,-0.000357864983,0.6045315355
2024-04-17,V22 LambdaRank Top1 12pct vol,126557.3982,131564.6625,49845.39821,1,3152.875877,1854.388399,6181294.662,0,"{""601288.SH"": 17200.0}",0.004093893017,0,0.6061439401
2024-04-18,V22 LambdaRank Top1 12pct vol,127073.3982,132080.6625,49845.39821,1,3152.875877,1854.388399,6181294.662,0,"{""601288.SH"": 17200.0}",0.004077201391,0,0.6077432498
2024-04-19,V22 LambdaRank Top1 12pct vol,127933.3982,132940.6625,49845.39821,1,3152.875877,1854.388399,6181294.662,0,"{""601288.SH"": 17200.0}",0.006767742203,0,0.6103800969
2024-04-22,V22 LambdaRank Top1 12pct vol,127245.3982,132252.6625,49845.39821,1,3152.875877,1854.388399,6181294.662,0,"{""601288.SH"": 17200.0}",-0.005377798211,-0.005377798211,0.6082734707
2024-04-23,V22 LambdaRank Top1 12pct vol,127245.3982,132252.6625,49845.39821,1,3152.875877,1854.388399,6181294.662,0,"{""601288.SH"": 17200.0}",0,-0.005377798211,0.6082734707
2024-04-24,V22 LambdaRank Top1 12pct vol,127073.3982,132080.6625,49845.39821,1,3152.875877,1854.388399,6181294.662,0,"{""601288.SH"": 17200.0}",-0.001351718824,-0.006722247763,0.6077432498
2024-04-25,V22 LambdaRank Top1 12pct vol,128105.3982,133112.6625,49845.39821,1,3152.875877,1854.388399,6181294.662,0,"{""601288.SH"": 17200.0}",0.008121290644,0,0.6109032179
2024-04-26,V22 LambdaRank Top1 12pct vol,126385.3982,131392.6625,49845.39821,1,3152.875877,1854.388399,6181294.662,0,"{""601288.SH"": 17200.0}",-0.01342644435,-0.01342644435,0.6056079348
2024-04-29,V22 LambdaRank Top1 12pct vol,125697.3982,130704.6625,49845.39821,1,3152.875877,1854.388399,6181294.662,0,"{""601288.SH"": 17200.0}",-0.00544366683,-0.01879702209,0.6034492446
2024-04-30,V22 LambdaRank Top1 12pct vol,125525.3982,130532.6625,49845.39821,1,3152.875877,1854.388399,6181294.662,0,"{""601288.SH"": 17200.0}",-0.001368365634,-0.02013966652,0.6029058746
2024-05-06,V22 LambdaRank Top1 12pct vol,124665.3982,129672.6625,49845.39821,1,3152.875877,1854.388399,6181294.662,0,"{""601288.SH"": 17200.0}",-0.006851203121,-0.0268528887,0.6001665344
2024-05-07,V22 LambdaRank Top1 12pct vol,125311.6893,130328.6625,34645.68927,1,3158.027822,1858.945399,6196484.662,0,"{""601288.SH"": 20700.0}",0.005184205591,-0.021807894,0.723523883
2024-05-08,V22 LambdaRank Top1 12pct vol,126346.6893,131363.6625,34645.68927,1,3158.027822,1858.945399,6196484.662,0,"{""601288.SH"": 20700.0}",0.008259405057,-0.01372860918,0.7257887051
2024-05-09,V22 LambdaRank Top1 12pct vol,125311.6893,130328.6625,34645.68927,1,3158.027822,1858.945399,6196484.662,0,"{""601288.SH"": 20700.0}",-0.008191746107,-0.021807894,0.723523883
2024-05-10,V22 LambdaRank Top1 12pct vol,125104.6893,130121.6625,34645.68927,1,3158.027822,1858.945399,6196484.662,0,"{""601288.SH"": 20700.0}",-0.001651881011,-0.02342375097,0.7230664216
2024-05-13,V22 LambdaRank Top1 12pct vol,125311.6893,130328.6625,34645.68927,1,3158.027822,1858.945399,6196484.662,0,"{""601288.SH"": 20700.0}",0.001654614237,-0.021807894,0.723523883
2024-05-14,V22 LambdaRank Top1 12pct vol,124483.6893,129500.6625,34645.68927,1,3158.027822,1858.945399,6196484.662,0,"{""601288.SH"": 20700.0}",-0.006607524045,-0.02827132187,0.7216849093
2024-05-15,V22 LambdaRank Top1 12pct vol,124483.6893,129500.6625,34645.68927,1,3158.027822,1858.945399,6196484.662,0,"{""601288.SH"": 20700.0}",0,-0.02827132187,0.7216849093
2024-05-16,V22 LambdaRank Top1 12pct vol,124690.6893,129707.6625,34645.68927,1,3158.027822,1858.945399,6196484.662,1.455191523e-11,"{""601288.SH"": 20700.0}",0.001662868455,-0.0266554649,0.7221469424
2024-05-17,V22 LambdaRank Top1 12pct vol,125311.6893,130328.6625,34645.68927,1,3158.027822,1858.945399,6196484.662,0,"{""601288.SH"": 20700.0}",0.004980323741,-0.021807894,0.723523883
2024-05-20,V22 LambdaRank Top1 12pct vol,125104.6893,130121.6625,34645.68927,1,3158.027822,1858.945399,6196484.662,0,"{""601288.SH"": 20700.0}",-0.001651881011,-0.02342375097,0.7230664216
2024-05-21,V22 LambdaRank Top1 12pct vol,125932.6893,130949.6625,34645.68927,1,3158.027822,1858.945399,6196484.662,0,"{""601288.SH"": 20700.0}",0.006618456949,-0.01696032311,0.7248872436
2024-05-22,V22 LambdaRank Top1 12pct vol,126139.6893,131156.6625,34645.68927,1,3158.027822,1858.945399,6196484.662,0,"{""601288.SH"": 20700.0}",0.001643735246,-0.01534446614,0.725338714
2024-05-23,V22 LambdaRank Top1 12pct vol,125725.6893,130742.6625,34645.68927,1,3158.027822,1858.945399,6196484.662,1.455191523e-11,"{""601288.SH"": 20700.0}",-0.003282075629,-0.01857618007,0.7244342865
2024-05-24,V22 LambdaRank Top1 12pct vol,125518.6893,130535.6625,34645.68927,1,3158.027822,1858.945399,6196484.662,0,"{""601288.SH"": 20700.0}",-0.00164644156,-0.02019203704,0.7239798354
2024-05-27,V22 LambdaRank Top1 12pct vol,126760.6893,131777.6625,34645.68927,1,3158.027822,1858.945399,6196484.662,0,"{""601288.SH"": 20700.0}",0.009894940803,-0.01049689525,0.7266842783
2024-05-28,V22 LambdaRank Top1 12pct vol,126967.6893,131984.6625,34645.68927,1,3158.027822,1858.945399,6196484.662,0,"{""601288.SH"": 20700.0}",0.001632998378,-0.008881038281,0.7271298748
2024-05-29,V22 LambdaRank Top1 12pct vol,126346.6893,131363.6625,34645.68927,1,3158.027822,1858.945399,6196484.662,0,"{""601288.SH"": 20700.0}",-0.004891008126,-0.01372860918,0.7257887051
2024-05-30,V22 LambdaRank Top1 12pct vol,125518.6893,130535.6625,34645.68927,1,3158.027822,1858.945399,6196484.662,0,"{""601288.SH"": 20700.0}",-0.006553396886,-0.02019203704,0.7239798354
2024-05-31,V22 LambdaRank Top1 12pct vol,125518.6893,130535.6625,34645.68927,1,3158.027822,1858.945399,6196484.662,0,"{""601288.SH"": 20700.0}",0,-0.02019203704,0.7239798354
2024-06-03,V22 LambdaRank Top1 12pct vol,125932.6893,130949.6625,34645.68927,1,3158.027822,1858.945399,6196484.662,0,"{""601288.SH"": 20700.0}",0.003298313601,-0.01696032311,0.7248872436
2024-06-04,V22 LambdaRank Top1 12pct vol,125913.4237,130949.6625,228.4237055,1,3166.973985,1869.264799,6230882.662,0,"{""601288.SH"": 28500.0}",-0.0001529830194,-0.01711071149,0.9981858669
2024-06-05,V22 LambdaRank Top1 12pct vol,126768.4237,131804.6625,228.4237055,1,3166.973985,1869.264799,6230882.662,1.455191523e-11,"{""601288.SH"": 28500.0}",0.006790380047,-0.01043651967,0.9981981025
2024-06-06,V22 LambdaRank Top1 12pct vol,126483.4237,131519.6625,228.4237055,1,3166.973985,1869.264799,6230882.662,1.455191523e-11,"{""601288.SH"": 28500.0}",-0.002248193925,-0.01266125028,0.9981940424
2024-06-07,V22 LambdaRank Top1 12pct vol,128287.7882,133324.0269,228.4237055,1,3166.973985,1869.264799,6230882.662,0,"{""601288.SH"": 30060.8837}",0.01426561996,0,0.9982194431
2024-06-11,V22 LambdaRank Top1 12pct vol,125582.3086,130618.5474,228.4237055,1,3166.973985,1869.264799,6230882.662,1.455191523e-11,"{""601288.SH"": 30060.8837}",-0.02108914316,-0.02108914316,0.9981810837
2024-06-12,V22 LambdaRank Top1 12pct vol,125281.6998,130317.9386,228.4237055,1,3166.973985,1869.264799,6230882.662,1.455191523e-11,"{""601288.SH"": 30060.8837}",-0.002393719625,-0.02343238129,0.9981767193
2024-06-13,V22 LambdaRank Top1 12pct vol,127085.3528,132121.5916,228.4237055,1,3166.973985,1869.264799,6230882.662,0,"{""601288.SH"": 30060.8837}",0.01439677961,-0.009372952517,0.9982025961
2024-06-14,V22 LambdaRank Top1 12pct vol,127987.1793,133023.4181,228.4237055,1,3166.973985,1869.264799,6230882.662,1.455191523e-11,"{""601288.SH"": 30060.8837}",0.007096226987,-0.002343238129,0.998215261
2024-06-17,V22 LambdaRank Top1 12pct vol,125582.3086,130618.5474,228.4237055,1,3166.973985,1869.264799,6230882.662,1.455191523e-11,"{""601288.SH"": 30060.8837}",-0.01878993433,-0.02108914316,0.9981810837
2024-06-18,V22 LambdaRank Top1 12pct vol,125882.9175,130919.1562,228.4237055,1,3166.973985,1869.264799,6230882.662,0,"{""601288.SH"": 30060.8837}",0.002393719625,-0.01874590503,0.9981854273
2024-06-19,V22 LambdaRank Top1 12pct vol,127085.3528,132121.5916,228.4237055,1,3166.973985,1869.264799,6230882.662,0,"{""601288.SH"": 30060.8837}",0.009552013658,-0.009372952517,0.9982025961
2024-06-20,V22 LambdaRank Top1 12pct vol,127686.5705,132722.8093,228.4237055,1,3166.973985,1869.264799,6230882.662,1.455191523e-11,"{""601288.SH"": 30060.8837}",0.004730817991,-0.004686476259,0.9982110593
2024-06-21,V22 LambdaRank Top1 12pct vol,126183.5263,131219.7651,228.4237055,1,3166.973985,1869.264799,6230882.662,1.455191523e-11,"{""601288.SH"": 30060.8837}",-0.01177135683,-0.01640266691,0.9981897502
2024-06-24,V22 LambdaRank Top1 12pct vol,127987.1793,133023.4181,228.4237055,1,3166.973985,1869.264799,6230882.662,1.455191523e-11,"{""601288.SH"": 30060.8837}",0.01429388664,-0.002343238129,0.998215261
2024-06-25,V22 LambdaRank Top1 12pct vol,128305.9724,133342.2112,228.4237055,1,3166.973985,1869.264799,6230882.662,0,"{""601288.SH"": 30065.1523}",0.002490820269,0,0.9982196955
2024-06-26,V22 LambdaRank Top1 12pct vol,128907.2754,133943.5142,228.4237055,1,3166.973985,1869.264799,6230882.662,1.455191523e-11,"{""601288.SH"": 30065.1523}",0.004686477443,0,0.9982279999
2024-06-27,V22 LambdaRank Top1 12pct vol,130109.8815,135146.1203,228.4237055,1,3166.973985,1869.264799,6230882.662,1.455191523e-11,"{""601288.SH"": 30065.1523}",0.009329233644,0,0.9982443785
2024-06-28,V22 LambdaRank Top1 12pct vol,131312.4876,136348.7264,228.4237055,1,3166.973985,1869.264799,6230882.662,0,"{""601288.SH"": 30065.1523}",0.009243003505,0,0.9982604571
2024-07-01,V22 LambdaRank Top1 12pct vol,133717.6998,138753.9386,228.4237055,1,3166.973985,1869.264799,6230882.662,0,"{""601288.SH"": 30065.1523}",0.01831670563,0,0.9982917467
2024-07-02,V22 LambdaRank Top1 12pct vol,135874.4423,141120.9386,10686.44225,1,3300.33844,1946.157882,6487192.939,-1.455191523e-11,"{""601988.SH"": 26300.0}",0.01612907241,0,0.9213506081
2024-07-03,V22 LambdaRank Top1 12pct vol,134559.4423,139805.9386,10686.44225,1,3300.33844,1946.157882,6487192.939,-1.455191523e-11,"{""601988.SH"": 26300.0}",-0.009678052606,-0.009678052606,0.9205819965
2024-07-04,V22 LambdaRank Top1 12pct vol,135348.4423,140594.9386,10686.44225,1,3300.33844,1946.157882,6487192.939,-1.455191523e-11,"{""601988.SH"": 26300.0}",0.005863579596,-0.003871221043,0.9210449557
2024-07-05,V22 LambdaRank Top1 12pct vol,132455.4423,137701.9386,10686.44225,1,3300.33844,1946.157882,6487192.939,-1.455191523e-11,"{""601988.SH"": 26300.0}",-0.021374461,-0.02516293678,0.9193204743
2024-07-08,V22 LambdaRank Top1 12pct vol,134033.4423,139279.9386,10686.44225,1,3300.33844,1946.157882,6487192.939,0,"{""601988.SH"": 26300.0}",0.01191344027,-0.01354927365,0.920270329
2024-07-09,V22 LambdaRank Top1 12pct vol,135348.4423,140594.9386,10686.44225,1,3300.33844,1946.157882,6487192.939,-1.455191523e-11,"{""601988.SH"": 26300.0}",0.009810984318,-0.003871221043,0.9210449557
2024-07-10,V22 LambdaRank Top1 12pct vol,135611.4423,140857.9386,10686.44225,1,3300.33844,1946.157882,6487192.939,-1.455191523e-11,"{""601988.SH"": 26300.0}",0.001943132818,-0.001935610521,0.9211980783
2024-07-11,V22 LambdaRank Top1 12pct vol,134296.4423,139542.9386,10686.44225,1,3300.33844,1946.157882,6487192.939,-1.455191523e-11,"{""601988.SH"": 26300.0}",-0.009696821877,-0.01161366313,0.9204264679
2024-07-12,V22 LambdaRank Top1 12pct vol,136137.4423,141383.9386,10686.44225,1,3300.33844,1946.157882,6487192.939,0,"{""601988.SH"": 26300.0}",0.01370847931,0,0.9215025486
2024-07-15,V22 LambdaRank Top1 12pct vol,138241.4423,143487.9386,10686.44225,1,3300.33844,1946.157882,6487192.939,0,"{""601988.SH"": 26300.0}",0.01545496937,0,0.9226972601
2024-07-16,V22 LambdaRank Top1 12pct vol,139030.4423,144276.9386,10686.44225,1,3300.33844,1946.157882,6487192.939,-1.455191523e-11,"{""601988.SH"": 26300.0}",0.005707405733,0,0.9231359544
2024-07-17,V22 LambdaRank Top1 12pct vol,139582.1836,144828.68,10686.44225,1,3300.33844,1946.157882,6487192.939,-1.455191523e-11,"{""601988.SH"": 27660.0303}",0.003968493423,0,0.9234397831
2024-07-18,V22 LambdaRank Top1 12pct vol,139582.1836,144828.68,10686.44225,1,3300.33844,1946.157882,6487192.939,-1.455191523e-11,"{""601988.SH"": 27660.0303}",0,0,0.9234397831
2024-07-19,V22 LambdaRank Top1 12pct vol,139858.784,145105.2803,10686.44225,1,3300.33844,1946.157882,6487192.939,0,"{""601988.SH"": 27660.0303}",0.001981630436,0,0.9235911971
2024-07-22,V22 LambdaRank Top1 12pct vol,139305.5833,144552.0797,10686.44225,1,3300.33844,1946.157882,6487192.939,-1.455191523e-11,"{""601988.SH"": 27660.0303}",-0.003955422686,-0.003955422686,0.9232877678
2024-07-23,V22 LambdaRank Top1 12pct vol,142348.1867,147594.683,10686.44225,1,3300.33844,1946.157882,6487192.939,0,"{""601988.SH"": 27660.0303}",0.02184121601,0,0.9249274437
2024-07-24,V22 LambdaRank Top1 12pct vol,142348.1867,147594.683,10686.44225,1,3300.33844,1946.157882,6487192.939,0,"{""601988.SH"": 27660.0303}",0,0,0.9249274437
2024-07-25,V22 LambdaRank Top1 12pct vol,141518.3858,146764.8821,10686.44225,1,3300.33844,1946.157882,6487192.939,0,"{""601988.SH"": 27660.0303}",-0.005829374645,-0.005829374645,0.9244872516
2024-07-26,V22 LambdaRank Top1 12pct vol,138752.3827,143998.8791,10686.44225,1,3300.33844,1946.157882,6487192.939,0,"{""601988.SH"": 27660.0303}",-0.01954518502,-0.02526062346,0.922981919
2024-07-29,V22 LambdaRank Top1 12pct vol,141794.9861,147041.4824,10686.44225,1,3300.33844,1946.157882,6487192.939,0,"{""601988.SH"": 27660.0303}",0.02192829613,-0.003886249764,0.9246345548
2024-07-30,V22 LambdaRank Top1 12pct vol,142624.787,147871.2833,10686.44225,1,3300.33844,1946.157882,6487192.939,0,"{""601988.SH"": 27660.0303}",0.005852117435,0,0.9250730362
2024-07-31,V22 LambdaRank Top1 12pct vol,139582.1836,144828.68,10686.44225,1,3300.33844,1946.157882,6487192.939,-1.455191523e-11,"{""601988.SH"": 27660.0303}",-0.02133292117,-0.02133292117,0.9234397831
2024-08-01,V22 LambdaRank Top1 12pct vol,140411.9846,145658.4809,10686.44225,1,3300.33844,1946.157882,6487192.939,0,"{""601988.SH"": 27660.0303}",0.005944891308,-0.01551485176,0.9238922355
2024-08-02,V22 LambdaRank Top1 12pct vol,140721.3278,146147.4809,64926.32783,1,3418.485708,2007.667344,6692224.481,1.455191523e-11,"{""601288.SH"": 16300.0}",0.002203111577,-0.01334592113,0.5386177147
2024-08-05,V22 LambdaRank Top1 12pct vol,140395.3278,145821.4809,64926.32783,1,3418.485708,2007.667344,6692224.481,1.455191523e-11,"{""601288.SH"": 16300.0}",-0.002316635332,-0.01563163883,0.5375463783
2024-08-06,V22 LambdaRank Top1 12pct vol,139417.3278,144843.4809,64926.32783,1,3418.485708,2007.667344,6692224.481,1.455191523e-11,"{""601288.SH"": 16300.0}",-0.006966043779,-0.02248879193,0.5343023078
2024-08-07,V22 LambdaRank Top1 12pct vol,139091.3278,144517.4809,64926.32783,1,3418.485708,2007.667344,6692224.481,1.455191523e-11,"{""601288.SH"": 16300.0}",-0.002338303316,-0.02477450963,0.5332108131
2024-08-08,V22 LambdaRank Top1 12pct vol,139417.3278,144843.4809,64926.32783,1,3418.485708,2007.667344,6692224.481,1.455191523e-11,"{""601288.SH"": 16300.0}",0.002343783794,-0.02248879193,0.5343023078
2024-08-09,V22 LambdaRank Top1 12pct vol,140069.3278,145495.4809,64926.32783,1,3418.485708,2007.667344,6692224.481,1.455191523e-11,"{""601288.SH"": 16300.0}",0.004676606632,-0.01791735653,0.536470055
2024-08-12,V22 LambdaRank Top1 12pct vol,140558.3278,145984.4809,64926.32783,1,3418.485708,2007.667344,6692224.481,1.455191523e-11,"{""601288.SH"": 16300.0}",0.00349112834,-0.01448877998,0.5380826677
2024-08-13,V22 LambdaRank Top1 12pct vol,140884.3278,146310.4809,64926.32783,1,3418.485708,2007.667344,6692224.481,1.455191523e-11,"{""601288.SH"": 16300.0}",0.002319321843,-0.01220306228,0.5391515236
2024-08-14,V22 LambdaRank Top1 12pct vol,140884.3278,146310.4809,64926.32783,1,3418.485708,2007.667344,6692224.481,1.455191523e-11,"{""601288.SH"": 16300.0}",0,-0.01220306228,0.5391515236
2024-08-15,V22 LambdaRank Top1 12pct vol,141210.3278,146636.4809,64926.32783,1,3418.485708,2007.667344,6692224.481,1.455191523e-11,"{""601288.SH"": 16300.0}",0.002313955037,-0.009917344583,0.5402154444
2024-08-16,V22 LambdaRank Top1 12pct vol,142514.3278,147940.4809,64926.32783,1,3418.485708,2007.667344,6692224.481,1.455191523e-11,"{""601288.SH"": 16300.0}",0.009234452041,-0.0007744737855,0.5444224534
2024-08-19,V22 LambdaRank Top1 12pct vol,144633.3278,150059.4809,64926.32783,1,3418.485708,2007.667344,6692224.481,1.455191523e-11,"{""601288.SH"": 16300.0}",0.01486868045,0,0.5510970479
2024-08-20,V22 LambdaRank Top1 12pct vol,145122.3278,150548.4809,64926.32783,1,3418.485708,2007.667344,6692224.481,1.455191523e-11,"{""601288.SH"": 16300.0}",0.003380963484,0,0.5526096583
2024-08-21,V22 LambdaRank Top1 12pct vol,144307.3278,149733.4809,64926.32783,1,3418.485708,2007.667344,6692224.481,1.455191523e-11,"{""601288.SH"": 16300.0}",-0.005615951812,-0.005615951812,0.5500829459
2024-08-22,V22 LambdaRank Top1 12pct vol,144959.3278,150385.4809,64926.32783,1,3418.485708,2007.667344,6692224.481,1.455191523e-11,"{""601288.SH"": 16300.0}",0.004518135079,-0.001123190362,0.5521065888
2024-08-23,V22 LambdaRank Top1 12pct vol,145122.3278,150548.4809,64926.32783,1,3418.485708,2007.667344,6692224.481,1.455191523e-11,"{""601288.SH"": 16300.0}",0.001124453338,0,0.5526096583
2024-08-26,V22 LambdaRank Top1 12pct vol,145122.3278,150548.4809,64926.32783,1,3418.485708,2007.667344,6692224.481,1.455191523e-11,"{""601288.SH"": 16300.0}",0,0,0.5526096583
2024-08-27,V22 LambdaRank Top1 12pct vol,146100.3278,151526.4809,64926.32783,1,3418.485708,2007.667344,6692224.481,1.455191523e-11,"{""601288.SH"": 16300.0}",0.006739142175,0,0.5556045028
2024-08-28,V22 LambdaRank Top1 12pct vol,145448.3278,150874.4809,64926.32783,1,3418.485708,2007.667344,6692224.481,1.455191523e-11,"{""601288.SH"": 16300.0}",-0.004462686769,-0.004462686769,0.5536124148
2024-08-29,V22 LambdaRank Top1 12pct vol,141699.3278,147125.4809,64926.32783,1,3418.485708,2007.667344,6692224.481,1.455191523e-11,"{""601288.SH"": 16300.0}",-0.0257754768,-0.03012313569,0.5418021467
2024-08-30,V22 LambdaRank Top1 12pct vol,138602.3278,144028.4809,64926.32783,1,3418.485708,2007.667344,6692224.481,1.455191523e-11,"{""601288.SH"": 16300.0}",-0.02185613755,-0.05132089785,0.5315639438
2024-09-02,V22 LambdaRank Top1 12pct vol,141373.3278,146799.4809,64926.32783,1,3418.485708,2007.667344,6692224.481,1.455191523e-11,"{""601288.SH"": 16300.0}",0.01999244921,-0.03235447908,0.5407455648
2024-09-03,V22 LambdaRank Top1 12pct vol,139326.9431,144868.4809,79422.94305,1,3492.483686,2049.054144,6830180.481,-1.455191523e-11,"{""601398.SH"": 10400.0}",-0.01447504143,-0.04636118808,0.4299527334
2024-09-04,V22 LambdaRank Top1 12pct vol,138806.9431,144348.4809,79422.94305,1,3492.483686,2049.054144,6830180.481,-1.455191523e-11,"{""601398.SH"": 10400.0}",-0.003732228588,-0.04992038612,0.4278172164
2024-09-05,V22 LambdaRank Top1 12pct vol,137974.9431,143516.4809,79422.94305,1,3492.483686,2049.054144,6830180.481,-1.455191523e-11,"{""601398.SH"": 10400.0}",-0.005993936483,-0.05561510298,0.4243669083
2024-09-06,V22 LambdaRank Top1 12pct vol,138078.9431,143620.4809,79422.94305,1,3492.483686,2049.054144,6830180.481,-1.455191523e-11,"{""601398.SH"": 10400.0}",0.0007537600502,-0.05490326337,0.4248004707
2024-09-09,V22 LambdaRank Top1 12pct vol,137766.9431,143308.4809,79422.94305,1,3492.483686,2049.054144,6830180.481,-1.455191523e-11,"{""601398.SH"": 10400.0}",-0.002259576972,-0.0570387822,0.4234978196
2024-09-10,V22 LambdaRank Top1 12pct vol,138390.9431,143932.4809,79422.94305,1,3492.483686,2049.054144,6830180.481,-1.455191523e-11,"{""601398.SH"": 10400.0}",0.004529388445,-0.05276774455,0.4260972481
2024-09-11,V22 LambdaRank Top1 12pct vol,137038.9431,142580.4809,79422.94305,1,3492.483686,2049.054144,6830180.481,-1.455191523e-11,"{""601398.SH"": 10400.0}",-0.009769425442,-0.06202165945,0.4204352334
2024-09-12,V22 LambdaRank Top1 12pct vol,137038.9431,142580.4809,79422.94305,1,3492.483686,2049.054144,6830180.481,-1.455191523e-11,"{""601398.SH"": 10400.0}",0,-0.06202165945,0.4204352334
2024-09-13,V22 LambdaRank Top1 12pct vol,137246.9431,142788.4809,79422.94305,1,3492.483686,2049.054144,6830180.481,-7.275957614e-12,"{""601398.SH"": 10400.0}",0.001517816727,-0.06059798023,0.4213135733
2024-09-18,V22 LambdaRank Top1 12pct vol,138494.9431,144036.4809,79422.94305,1,3492.483686,2049.054144,6830180.481,-1.455191523e-11,"{""601398.SH"": 10400.0}",0.009093098704,-0.05205590494,0.4265282089
2024-09-19,V22 LambdaRank Top1 12pct vol,138182.9431,143724.4809,79422.94305,1,3492.483686,2049.054144,6830180.481,7.275957614e-12,"{""601398.SH"": 10400.0}",-0.002252789836,-0.05419142377,0.4252333805
2024-09-20,V22 LambdaRank Top1 12pct vol,138390.9431,143932.4809,79422.94305,1,3492.483686,2049.054144,6830180.481,-1.455191523e-11,"{""601398.SH"": 10400.0}",0.001505250904,-0.05276774455,0.4260972481
2024-09-23,V22 LambdaRank Top1 12pct vol,138910.9431,144452.4809,79422.94305,1,3492.483686,2049.054144,6830180.481,-1.455191523e-11,"{""601398.SH"": 10400.0}",0.003757471324,-0.04920854651,0.4282455989
2024-09-24,V22 LambdaRank Top1 12pct vol,141822.9431,147364.4809,79422.94305,1,3492.483686,2049.054144,6830180.481,-1.455191523e-11,"{""601398.SH"": 10400.0}",0.02096307127,-0.02927703751,0.4399852285
2024-09-25,V22 LambdaRank Top1 12pct vol,142238.9431,147780.4809,79422.94305,1,3492.483686,2049.054144,6830180.481,-1.455191523e-11,"{""601398.SH"": 10400.0}",0.002933234856,-0.02642967908,0.4416230791
2024-09-26,V22 LambdaRank Top1 12pct vol,143902.9431,149444.4809,79422.94305,1,3492.483686,2049.054144,6830180.481,-1.455191523e-11,"{""601398.SH"": 10400.0}",0.01169862461,-0.01504024536,0.4480797865
2024-09-27,V22 LambdaRank Top1 12pct vol,141926.9431,147468.4809,79422.94305,1,3492.483686,2049.054144,6830180.481,-1.455191523e-11,"{""601398.SH"": 10400.0}",-0.01373147733,-0.0285651979,0.4403955913
2024-09-30,V22 LambdaRank Top1 12pct vol,143694.9431,149236.4809,79422.94305,1,3492.483686,2049.054144,6830180.481,-1.455191523e-11,"{""601398.SH"": 10400.0}",0.01245711323,-0.01646392457,0.447280876
2024-10-08,V22 LambdaRank Top1 12pct vol,143070.9431,148612.4809,79422.94305,1,3492.483686,2049.054144,6830180.481,-1.455191523e-11,"{""601398.SH"": 10400.0}",-0.004342532776,-0.02073496222,0.4448702066
2024-10-09,V22 LambdaRank Top1 12pct vol,141874.7737,147508.4809,97042.77373,1,3552.152211,2081.554944,6938516.481,0,"{""601288.SH"": 9600.0}",-0.00836067268,-0.02892227667,0.3159969797
2024-10-10,V22 LambdaRank Top1 12pct vol,143314.7737,148948.4809,97042.77373,1,3552.152211,2081.554944,6938516.481,0,"{""601288.SH"": 9600.0}",0.01014979592,-0.01906603595,0.322869714
2024-10-11,V22 LambdaRank Top1 12pct vol,143410.7737,149044.4809,97042.77373,1,3552.152211,2081.554944,6938516.481,0,"{""601288.SH"": 9600.0}",0.0006698541784,-0.01840895323,0.3233229889
2024-10-14,V22 LambdaRank Top1 12pct vol,145330.7737,150964.4809,97042.77373,1,3552.152211,2081.554944,6938516.481,0,"{""601288.SH"": 9600.0}",0.01338811548,-0.005267298944,0.3322627325
2024-10-15,V22 LambdaRank Top1 12pct vol,144274.7737,149908.4809,97042.77373,1,3552.152211,2081.554944,6938516.481,0,"{""601288.SH"": 9600.0}",-0.007266183018,-0.0124952088,0.3273753185
2024-10-16,V22 LambdaRank Top1 12pct vol,145234.7737,150868.4809,97042.77373,1,3552.152211,2081.554944,6938516.481,7.275957614e-12,"{""601288.SH"": 9600.0}",0.006653969888,-0.005924381659,0.3318213591
2024-10-17,V22 LambdaRank Top1 12pct vol,144850.7737,150484.4809,97042.77373,1,3552.152211,2081.554944,6938516.481,-7.275957614e-12,"{""601288.SH"": 9600.0}",-0.002643994893,-0.008552712517,0.3300500147
2024-10-18,V22 LambdaRank Top1 12pct vol,144658.7737,150292.4809,97042.77373,1,3552.152211,2081.554944,6938516.481,0,"{""601288.SH"": 9600.0}",-0.001325502067,-0.009866877946,0.329160816
2024-10-21,V22 LambdaRank Top1 12pct vol,143506.7737,149140.4809,97042.77373,1,3552.152211,2081.554944,6938516.481,0,"{""601288.SH"": 9600.0}",-0.007963568129,-0.01775187052,0.3237756574
2024-10-22,V22 LambdaRank Top1 12pct vol,143698.7737,149332.4809,97042.77373,1,3552.152211,2081.554944,6938516.481,0,"{""601288.SH"": 9600.0}",0.00133791594,-0.01643770509,0.3246791799
2024-10-23,V22 LambdaRank Top1 12pct vol,143602.7737,149236.4809,97042.77373,1,3552.152211,2081.554944,6938516.481,0,"{""601288.SH"": 9600.0}",-0.0006680641561,-0.01709478781,0.3242277206
2024-10-24,V22 LambdaRank Top1 12pct vol,143794.7737,149428.4809,97042.77373,1,3552.152211,2081.554944,6938516.481,0,"{""601288.SH"": 9600.0}",0.001337021528,-0.01578062238,0.3251300363
2024-10-25,V22 LambdaRank Top1 12pct vol,143314.7737,148948.4809,97042.77373,1,3552.152211,2081.554944,6938516.481,0,"{""601288.SH"": 9600.0}",-0.003338090722,-0.01906603595,0.322869714
2024-10-28,V22 LambdaRank Top1 12pct vol,142738.7737,148372.4809,97042.77373,1,3552.152211,2081.554944,6938516.481,0,"{""601288.SH"": 9600.0}",-0.00401912507,-0.02300853224,0.3201372606
2024-10-29,V22 LambdaRank Top1 12pct vol,143026.7737,148660.4809,97042.77373,1,3552.152211,2081.554944,6938516.481,0,"{""601288.SH"": 9600.0}",0.00201767181,-0.02103728409,0.3215062383
2024-10-30,V22 LambdaRank Top1 12pct vol,142258.7737,147892.4809,97042.77373,1,3552.152211,2081.554944,6938516.481,0,"{""601288.SH"": 9600.0}",-0.005369624022,-0.02629394581,0.3178433134
2024-10-31,V22 LambdaRank Top1 12pct vol,142450.7737,148084.4809,97042.77373,1,3552.152211,2081.554944,6938516.481,-7.275957614e-12,"{""601288.SH"": 9600.0}",0.001349653135,-0.02497978038,0.3187627474
2024-11-01,V22 LambdaRank Top1 12pct vol,142930.7737,148564.4809,97042.77373,1,3552.152211,2081.554944,6938516.481,0,"{""601288.SH"": 9600.0}",0.003369585067,-0.02169436681,0.3210505254
2024-11-04,V22 LambdaRank Top1 12pct vol,142753.1054,148468.4809,83584.10539,1,3602.332245,2113.043244,7043477.481,7.275957614e-12,"{""601988.SH"": 12100.0}",-0.001243037661,-0.02291043755,0.4144848537
2024-11-05,V22 LambdaRank Top1 12pct vol,142995.1054,148710.4809,83584.10539,1,3602.332245,2113.043244,7043477.481,0,"{""601988.SH"": 12100.0}",0.001695234575,-0.02125404154,0.4154757594
2024-11-06,V22 LambdaRank Top1 12pct vol,142753.1054,148468.4809,83584.10539,1,3602.332245,2113.043244,7043477.481,7.275957614e-12,"{""601988.SH"": 12100.0}",-0.001692365619,-0.02291043755,0.4144848537
2024-11-07,V22 LambdaRank Top1 12pct vol,143116.1054,148831.4809,83584.10539,1,3602.332245,2113.043244,7043477.481,0,"{""601988.SH"": 12100.0}",0.002542851863,-0.02042584354,0.4159699556
2024-11-08,V22 LambdaRank Top1 12pct vol,142390.1054,148105.4809,83584.10539,1,3602.332245,2113.043244,7043477.481,-7.275957614e-12,"{""601988.SH"": 12100.0}",-0.005072804336,-0.02539503157,0.4129921797
2024-11-11,V22 LambdaRank Top1 12pct vol,141785.1054,147500.4809,83584.10539,1,3602.332245,2113.043244,7043477.481,7.275957614e-12,"{""601988.SH"": 12100.0}",-0.004248890738,-0.02953602159,0.4104874051
2024-11-12,V22 LambdaRank Top1 12pct vol,141543.1054,147258.4809,83584.10539,1,3602.332245,2113.043244,7043477.481,0,"{""601988.SH"": 12100.0}",-0.001706808337,-0.0311924176,0.4094794998
2024-11-13,V22 LambdaRank Top1 12pct vol,141906.1054,147621.4809,83584.10539,1,3602.332245,2113.043244,7043477.481,0,"{""601988.SH"": 12100.0}",0.002564589769,-0.02870782359,0.4109900687
2024-11-14,V22 LambdaRank Top1 12pct vol,142148.1054,147863.4809,83584.10539,1,3602.332245,2113.043244,7043477.481,0,"{""601988.SH"": 12100.0}",0.001705352982,-0.02705142758,0.4119928285
2024-11-15,V22 LambdaRank Top1 12pct vol,142390.1054,148105.4809,83584.10539,1,3602.332245,2113.043244,7043477.481,-7.275957614e-12,"{""601988.SH"": 12100.0}",0.001702449704,-0.02539503157,0.4129921797
2024-11-18,V22 LambdaRank Top1 12pct vol,144084.1054,149799.4809,83584.10539,1,3602.332245,2113.043244,7043477.481,0,"{""601988.SH"": 12100.0}",0.01189689407,-0.0138002595,0.4198936436
2024-11-19,V22 LambdaRank Top1 12pct vol,143842.1054,149557.4809,83584.10539,1,3602.332245,2113.043244,7043477.481,-7.275957614e-12,"{""601988.SH"": 12100.0}",-0.001679574574,-0.01545665551,0.4189176725
2024-11-20,V22 LambdaRank Top1 12pct vol,143600.1054,149315.4809,83584.10539,1,3602.332245,2113.043244,7043477.481,0,"{""601988.SH"": 12100.0}",-0.001682400291,-0.01711305152,0.4179384119
2024-11-21,V22 LambdaRank Top1 12pct vol,143600.1054,149315.4809,83584.10539,1,3602.332245,2113.043244,7043477.481,0,"{""601988.SH"": 12100.0}",0,-0.01711305152,0.4179384119
2024-11-22,V22 LambdaRank Top1 12pct vol,142995.1054,148710.4809,83584.10539,1,3602.332245,2113.043244,7043477.481,0,"{""601988.SH"": 12100.0}",-0.00421308883,-0.02125404154,0.4154757594
2024-11-25,V22 LambdaRank Top1 12pct vol,142995.1054,148710.4809,83584.10539,1,3602.332245,2113.043244,7043477.481,0,"{""601988.SH"": 12100.0}",0,-0.02125404154,0.4154757594
2024-11-26,V22 LambdaRank Top1 12pct vol,143963.1054,149678.4809,83584.10539,1,3602.332245,2113.043244,7043477.481,0,"{""601988.SH"": 12100.0}",0.006769462475,-0.01462845751,0.4194060682
2024-11-27,V22 LambdaRank Top1 12pct vol,144568.1054,150283.4809,83584.10539,1,3602.332245,2113.043244,7043477.481,0,"{""601988.SH"": 12100.0}",0.004202465613,-0.01048746748,0.4218357835
2024-11-28,V22 LambdaRank Top1 12pct vol,144447.1054,150162.4809,83584.10539,1,3602.332245,2113.043244,7043477.481,0,"{""601988.SH"": 12100.0}",-0.0008369757608,-0.01131566549,0.4213514687
2024-11-29,V22 LambdaRank Top1 12pct vol,144205.1054,149920.4809,83584.10539,1,3602.332245,2113.043244,7043477.481,0,"{""601988.SH"": 12100.0}",-0.001675353752,-0.0129720615,0.4203804008
2024-12-02,V22 LambdaRank Top1 12pct vol,144205.1054,149920.4809,83584.10539,1,3602.332245,2113.043244,7043477.481,0,"{""601988.SH"": 12100.0}",0,-0.0129720615,0.4203804008
2024-12-03,V22 LambdaRank Top1 12pct vol,145626.2554,151472.4809,25152.25536,1,3679.31938,2166.906144,7223020.481,0,"{""601398.SH"": 19400.0}",0.009855059998,-0.003244841942,0.8272821388
2024-12-04,V22 LambdaRank Top1 12pct vol,146596.2554,152442.4809,25152.25536,1,3679.31938,2166.906144,7223020.481,0,"{""601398.SH"": 19400.0}",0.006660886786,0,0.8284249806
2024-12-05,V22 LambdaRank Top1 12pct vol,146596.2554,152442.4809,25152.25536,1,3679.31938,2166.906144,7223020.481,0,"{""601398.SH"": 19400.0}",0,0,0.8284249806
2024-12-06,V22 LambdaRank Top1 12pct vol,147760.2554,153606.4809,25152.25536,1,3679.31938,2166.906144,7223020.481,0,"{""601398.SH"": 19400.0}",0.007940175533,0,0.8297765844
2024-12-09,V22 LambdaRank Top1 12pct vol,147760.2554,153606.4809,25152.25536,1,3679.31938,2166.906144,7223020.481,0,"{""601398.SH"": 19400.0}",0,0,0.8297765844
2024-12-10,V22 LambdaRank Top1 12pct vol,149700.2554,155546.4809,25152.25536,1,3679.31938,2166.906144,7223020.481,0,"{""601398.SH"": 19400.0}",0.01312937634,0,0.8319825487
2024-12-11,V22 LambdaRank Top1 12pct vol,147566.2554,153412.4809,25152.25536,1,3679.31938,2166.906144,7223020.481,1.455191523e-11,"{""601398.SH"": 19400.0}",-0.0142551527,-0.0142551527,0.8295527978
2024-12-12,V22 LambdaRank Top1 12pct vol,149700.2554,155546.4809,25152.25536,1,3679.31938,2166.906144,7223020.481,0,"{""601398.SH"": 19400.0}",0.01446130075,0,0.8319825487
2024-12-13,V22 LambdaRank Top1 12pct vol,149118.2554,154964.4809,25152.25536,1,3679.31938,2166.906144,7223020.481,0,"{""601398.SH"": 19400.0}",-0.003887768919,-0.003887768919,0.8313267863
2024-12-16,V22 LambdaRank Top1 12pct vol,151834.2554,157680.4809,25152.25536,1,3679.31938,2166.906144,7223020.481,0,"{""601398.SH"": 19400.0}",0.01821373241,0,0.8343440003
2024-12-17,V22 LambdaRank Top1 12pct vol,151446.2554,157292.4809,25152.25536,1,3679.31938,2166.906144,7223020.481,0,"{""601398.SH"": 19400.0}",-0.002555418071,-0.002555418071,0.8339195954
2024-12-18,V22 LambdaRank Top1 12pct vol,152998.2554,158844.4809,25152.25536,1,3679.31938,2166.906144,7223020.481,0,"{""601398.SH"": 19400.0}",0.01024785985,0,0.8356042995
2024-12-19,V22 LambdaRank Top1 12pct vol,151058.2554,156904.4809,25152.25536,1,3679.31938,2166.906144,7223020.481,0,"{""601398.SH"": 19400.0}",-0.01267988315,-0.01267988315,0.8334930104
2024-12-20,V22 LambdaRank Top1 12pct vol,151834.2554,157680.4809,25152.25536,1,3679.31938,2166.906144,7223020.481,0,"{""601398.SH"": 19400.0}",0.005137090973,-0.00760792989,0.8343440003
2024-12-23,V22 LambdaRank Top1 12pct vol,155132.2554,160978.4809,25152.25536,1,3679.31938,2166.906144,7223020.481,0,"{""601398.SH"": 19400.0}",0.02172105361,0,0.8378657275
2024-12-24,V22 LambdaRank Top1 12pct vol,156684.2554,162530.4809,25152.25536,1,3679.31938,2166.906144,7223020.481,0,"{""601398.SH"": 19400.0}",0.0100043669,0,0.8394717114
2024-12-25,V22 LambdaRank Top1 12pct vol,159788.2554,165634.4809,25152.25536,1,3679.31938,2166.906144,7223020.481,0,"{""601398.SH"": 19400.0}",0.01981054186,0,0.8425900871
2024-12-26,V22 LambdaRank Top1 12pct vol,159594.2554,165440.4809,25152.25536,1,3679.31938,2166.906144,7223020.481,0,"{""601398.SH"": 19400.0}",-0.001214106754,-0.001214106754,0.8423987424
2024-12-27,V22 LambdaRank Top1 12pct vol,159400.2554,165246.4809,25152.25536,1,3679.31938,2166.906144,7223020.481,0,"{""601398.SH"": 19400.0}",-0.001215582601,-0.002428213508,0.8422069318
2024-12-30,V22 LambdaRank Top1 12pct vol,159982.2554,165828.4809,25152.25536,1,3679.31938,2166.906144,7223020.481,0,"{""601398.SH"": 19400.0}",0.003651186121,0,0.8427809678
2024-12-31,V22 LambdaRank Top1 12pct vol,159400.2554,165246.4809,25152.25536,1,3679.31938,2166.906144,7223020.481,0,"{""601398.SH"": 19400.0}",-0.003637903458,-0.003637903458,0.8422069318
2025-01-02,V22 LambdaRank Top1 12pct vol,157072.2554,162918.4809,25152.25536,1,3679.31938,2166.906144,7223020.481,0,"{""601398.SH"": 19400.0}",-0.01460474448,-0.01818951729,0.8398682485
2025-01-03,V22 LambdaRank Top1 12pct vol,155416.333,161468.4809,39377.33298,1,3810.302657,2241.845244,7472817.481,0,"{""601939.SH"": 13700.0}",-0.0105424244,-0.02854018008,0.7466332384
2025-01-06,V22 LambdaRank Top1 12pct vol,155553.333,161605.4809,39377.33298,1,3810.302657,2241.845244,7472817.481,1.455191523e-11,"{""601939.SH"": 13700.0}",0.0008815032331,-0.02768383511,0.7468563854
2025-01-07,V22 LambdaRank Top1 12pct vol,157882.333,163934.4809,39377.33298,1,3810.302657,2241.845244,7472817.481,1.455191523e-11,"{""601939.SH"": 13700.0}",0.01497235678,-0.01312597058,0.7505906314
2025-01-08,V22 LambdaRank Top1 12pct vol,160485.333,166537.4809,39377.33298,1,3810.302657,2241.845244,7472817.481,1.455191523e-11,"{""601939.SH"": 13700.0}",0.01648696185,0,0.7546359393
2025-01-09,V22 LambdaRank Top1 12pct vol,159389.333,165441.4809,39377.33298,1,3810.302657,2241.845244,7472817.481,1.455191523e-11,"{""601939.SH"": 13700.0}",-0.006829284519,-0.006829284519,0.7529487561
2025-01-10,V22 LambdaRank Top1 12pct vol,157848.631,163900.7789,39377.33298,1,3810.302657,2241.845244,7472817.481,1.455191523e-11,"{""601939.SH"": 14020.272}",-0.009666280566,-0.0164295513,0.7505373804
2025-01-13,V22 LambdaRank Top1 12pct vol,155605.3875,161657.5354,39377.33298,1,3810.302657,2241.845244,7472817.481,0,"{""601939.SH"": 14020.272}",-0.01421135868,-0.03040742374,0.7469410692
2025-01-14,V22 LambdaRank Top1 12pct vol,156025.9956,162078.1435,39377.33298,1,3810.302657,2241.845244,7472817.481,0,"{""601939.SH"": 14020.272}",0.002703043676,-0.02778657266,0.7476232545
2025-01-15,V22 LambdaRank Top1 12pct vol,156025.9956,162078.1435,39377.33298,1,3810.302657,2241.845244,7472817.481,0,"{""601939.SH"": 14020.272}",0,-0.02778657266,0.7476232545
2025-01-16,V22 LambdaRank Top1 12pct vol,157988.8337,164040.9816,39377.33298,1,3810.302657,2241.845244,7472817.481,1.455191523e-11,"{""601939.SH"": 14020.272}",0.01258019899,-0.01555593428,0.750758759
2025-01-17,V22 LambdaRank Top1 12pct vol,156306.4011,162358.549,39377.33298,1,3810.302657,2241.845244,7472817.481,0,"{""601939.SH"": 14020.272}",-0.01064906041,-0.0260393386,0.7480760051
2025-01-20,V22 LambdaRank Top1 12pct vol,155605.3875,161657.5354,39377.33298,1,3810.302657,2241.845244,7472817.481,0,"{""601939.SH"": 14020.272}",-0.004484868136,-0.03040742374,0.7469410692
2025-01-21,V22 LambdaRank Top1 12pct vol,155324.982,161377.1299,39377.33298,1,3810.302657,2241.845244,7472817.481,0,"{""601939.SH"": 14020.272}",-0.001802029117,-0.03215465779,0.7464842264
2025-01-22,V22 LambdaRank Top1 12pct vol,153922.9548,159975.1027,39377.33298,1,3810.302657,2241.845244,7472817.481,1.455191523e-11,"{""601939.SH"": 14020.272}",-0.009026411443,-0.04089082807,0.7441750451
2025-01-23,V22 LambdaRank Top1 12pct vol,157708.4282,163760.5762,39377.33298,1,3810.302657,2241.845244,7472817.481,-1.455191523e-11,"{""601939.SH"": 14020.272}",0.02459330014,-0.01730316833,0.7503156083
2025-01-24,V22 LambdaRank Top1 12pct vol,157287.8201,163339.968,39377.33298,1,3810.302657,2241.845244,7472817.481,1.455191523e-11,"{""601939.SH"": 14020.272}",-0.002666998608,-0.01992401941,0.7496479196
2025-01-27,V22 LambdaRank Top1 12pct vol,159110.4554,165162.6033,39377.33298,1,3810.302657,2241.845244,7472817.481,1.455191523e-11,"{""601939.SH"": 14020.272}",0.01158789888,-0.008566998059,0.7525157422
2025-02-05,V22 LambdaRank Top1 12pct vol,156867.2119,162919.3598,39377.33298,1,3810.302657,2241.845244,7472817.481,-1.455191523e-11,"{""601939.SH"": 14020.272}",-0.01409865559,-0.02254487049,0.7489766504
2025-02-06,V22 LambdaRank Top1 12pct vol,157074.5706,163302.1707,67362.57058,1,3923.372677,2304.227451,7680758.171,0,"{""601288.SH"": 17800.0}",0.001321873758,-0.02125279821,0.571142736
2025-02-07,V22 LambdaRank Top1 12pct vol,156718.5706,162946.1707,67362.57058,1,3923.372677,2304.227451,7680758.171,1.455191523e-11,"{""601288.SH"": 17800.0}",-0.002266439429,-0.02347106946,0.5701685491
2025-02-10,V22 LambdaRank Top1 12pct vol,156718.5706,162946.1707,67362.57058,1,3923.372677,2304.227451,7680758.171,1.455191523e-11,"{""601288.SH"": 17800.0}",0,-0.02347106946,0.5701685491
2025-02-11,V22 LambdaRank Top1 12pct vol,158320.5706,164548.1707,67362.57058,1,3923.372677,2304.227451,7680758.171,0,"{""601288.SH"": 17800.0}",0.0102221453,-0.01348884884,0.574517889
2025-02-12,V22 LambdaRank Top1 12pct vol,158854.5706,165082.1707,67362.57058,1,3923.372677,2304.227451,7680758.171,0,"{""601288.SH"": 17800.0}",0.003372903458,-0.01016144197,0.5759481749
2025-02-13,V22 LambdaRank Top1 12pct vol,159210.5706,165438.1707,67362.57058,1,3923.372677,2304.227451,7680758.171,0,"{""601288.SH"": 17800.0}",0.002241043482,-0.007943170717,0.5768963685
2025-02-14,V22 LambdaRank Top1 12pct vol,160100.5706,166328.1707,67362.57058,1,3923.372677,2304.227451,7680758.171,0,"{""601288.SH"": 17800.0}",0.00559008109,-0.002397492595,0.5792484041
2025-02-17,V22 LambdaRank Top1 12pct vol,160634.5706,166862.1707,67362.57058,1,3923.372677,2304.227451,7680758.171,0,"{""601288.SH"": 17800.0}",0.003335403478,0,0.5806471151
2025-02-18,V22 LambdaRank Top1 12pct vol,161524.5706,167752.1707,67362.57058,1,3923.372677,2304.227451,7680758.171,0,"{""601288.SH"": 17800.0}",0.005540525908,0,0.5829577485
2025-02-19,V22 LambdaRank Top1 12pct vol,160812.5706,167040.1707,67362.57058,1,3923.372677,2304.227451,7680758.171,0,"{""601288.SH"": 17800.0}",-0.004407998099,-0.004407998099,0.5811112879
2025-02-20,V22 LambdaRank Top1 12pct vol,161168.5706,167396.1707,67362.57058,1,3923.372677,2304.227451,7680758.171,1.455191523e-11,"{""601288.SH"": 17800.0}",0.002213757287,-0.002203999049,0.5820365575
2025-02-21,V22 LambdaRank Top1 12pct vol,159566.5706,165794.1707,67362.57058,1,3923.372677,2304.227451,7680758.171,0,"{""601288.SH"": 17800.0}",-0.009939903259,-0.01212199477,0.5778403312
2025-02-24,V22 LambdaRank Top1 12pct vol,158854.5706,165082.1707,67362.57058,1,3923.372677,2304.227451,7680758.171,0,"{""601288.SH"": 17800.0}",-0.0044620875,-0.01652999287,0.5759481749
2025-02-25,V22 LambdaRank Top1 12pct vol,158320.5706,164548.1707,67362.57058,1,3923.372677,2304.227451,7680758.171,0,"{""601288.SH"": 17800.0}",-0.003361565223,-0.01983599144,0.574517889
2025-02-26,V22 LambdaRank Top1 12pct vol,158498.5706,164726.1707,67362.57058,1,3923.372677,2304.227451,7680758.171,0,"{""601288.SH"": 17800.0}",0.001124301153,-0.01873399192,0.5749957218
2025-02-27,V22 LambdaRank Top1 12pct vol,159210.5706,165438.1707,67362.57058,1,3923.372677,2304.227451,7680758.171,0,"{""601288.SH"": 17800.0}",0.004492154077,-0.01432599382,0.5768963685
2025-02-28,V22 LambdaRank Top1 12pct vol,158676.5706,164904.1707,67362.57058,1,3923.372677,2304.227451,7680758.171,0,"{""601288.SH"": 17800.0}",-0.003354048654,-0.01763199239,0.5754724826
2025-03-03,V22 LambdaRank Top1 12pct vol,158320.5706,164548.1707,67362.57058,1,3923.372677,2304.227451,7680758.171,0,"{""601288.SH"": 17800.0}",-0.002243557437,-0.01983599144,0.574517889
2025-03-04,V22 LambdaRank Top1 12pct vol,157814.1322,164194.1707,58104.1322,1,4018.504464,2361.534051,7871780.171,0,"{""601939.SH"": 11800.0}",-0.003198816077,-0.02297135583,0.6318192079
2025-03-05,V22 LambdaRank Top1 12pct vol,160056.1322,166436.1707,58104.1322,1,4018.504464,2361.534051,7871780.171,1.455191523e-11,"{""601939.SH"": 11800.0}",0.01420658574,-0.009091114629,0.6369765319
2025-03-06,V22 LambdaRank Top1 12pct vol,158758.1322,165138.1707,58104.1322,1,4018.504464,2361.534051,7871780.171,0,"{""601939.SH"": 11800.0}",-0.00810965492,-0.01712704375,0.6340084669
2025-03-07,V22 LambdaRank Top1 12pct vol,158404.1322,164784.1707,58104.1322,1,4018.504464,2361.534051,7871780.171,1.455191523e-11,"{""601939.SH"": 11800.0}",-0.002229807035,-0.01931866078,0.6331905526
2025-03-10,V22 LambdaRank Top1 12pct vol,157814.1322,164194.1707,58104.1322,1,4018.504464,2361.534051,7871780.171,0,"{""601939.SH"": 11800.0}",-0.003724650309,-0.02297135583,0.6318192079
2025-03-11,V22 LambdaRank Top1 12pct vol,158286.1322,164666.1707,58104.1322,1,4018.504464,2361.534051,7871780.171,1.455191523e-11,"{""601939.SH"": 11800.0}",0.002990860156,-0.02004919979,0.6329171015
2025-03-12,V22 LambdaRank Top1 12pct vol,157814.1322,164194.1707,58104.1322,1,4018.504464,2361.534051,7871780.171,0,"{""601939.SH"": 11800.0}",-0.002981941585,-0.02297135583,0.6318192079
2025-03-13,V22 LambdaRank Top1 12pct vol,157932.1322,164312.1707,58104.1322,1,4018.504464,2361.534051,7871780.171,0,"{""601939.SH"": 11800.0}",0.0007477150389,-0.02224081682,0.6320942965
2025-03-14,V22 LambdaRank Top1 12pct vol,158168.1322,164548.1707,58104.1322,1,4018.504464,2361.534051,7871780.171,1.455191523e-11,"{""601939.SH"": 11800.0}",0.001494312758,-0.0207797388,0.6326432424
2025-03-17,V22 LambdaRank Top1 12pct vol,158758.1322,165138.1707,58104.1322,1,4018.504464,2361.534051,7871780.171,0,"{""601939.SH"": 11800.0}",0.003730207797,-0.01712704375,0.6340084669
2025-03-18,V22 LambdaRank Top1 12pct vol,158404.1322,164784.1707,58104.1322,1,4018.504464,2361.534051,7871780.171,1.455191523e-11,"{""601939.SH"": 11800.0}",-0.002229807035,-0.01931866078,0.6331905526
2025-03-19,V22 LambdaRank Top1 12pct vol,159348.1322,165728.1707,58104.1322,1,4018.504464,2361.534051,7871780.171,1.455191523e-11,"{""601939.SH"": 11800.0}",0.005959440495,-0.01347434869,0.6353635816
2025-03-20,V22 LambdaRank Top1 12pct vol,158876.1322,165256.1707,58104.1322,1,4018.504464,2361.534051,7871780.171,0,"{""601939.SH"": 11800.0}",-0.00296206798,-0.01639650474,0.634280295
2025-03-21,V22 LambdaRank Top1 12pct vol,158286.1322,164666.1707,58104.1322,1,4018.504464,2361.534051,7871780.171,1.455191523e-11,"{""601939.SH"": 11800.0}",-0.003713584865,-0.02004919979,0.6329171015
2025-03-24,V22 LambdaRank Top1 12pct vol,159348.1322,165728.1707,58104.1322,1,4018.504464,2361.534051,7871780.171,1.455191523e-11,"{""601939.SH"": 11800.0}",0.006709368567,-0.01347434869,0.6353635816
2025-03-25,V22 LambdaRank Top1 12pct vol,160174.1322,166554.1707,58104.1322,1,4018.504464,2361.534051,7871780.171,1.455191523e-11,"{""601939.SH"": 11800.0}",0.005183618964,-0.008360575618,0.6372439707
2025-03-26,V22 LambdaRank Top1 12pct vol,159466.1322,165846.1707,58104.1322,1,4018.504464,2361.534051,7871780.171,1.455191523e-11,"{""601939.SH"": 11800.0}",-0.004420189392,-0.01274380968,0.6356334013
2025-03-27,V22 LambdaRank Top1 12pct vol,159938.1322,166318.1707,58104.1322,1,4018.504464,2361.534051,7871780.171,0,"{""601939.SH"": 11800.0}",0.002959876141,-0.00982165364,0.6367086986
2025-03-28,V22 LambdaRank Top1 12pct vol,158640.1322,165020.1707,58104.1322,1,4018.504464,2361.534051,7871780.171,1.455191523e-11,"{""601939.SH"": 11800.0}",-0.008115638104,-0.01785758276,0.6337362344
2025-03-31,V22 LambdaRank Top1 12pct vol,162298.1322,168678.1707,58104.1322,1,4018.504464,2361.534051,7871780.171,1.455191523e-11,"{""601939.SH"": 11800.0}",0.02305847801,0,0.6419913685
2025-04-01,V22 LambdaRank Top1 12pct vol,160410.1322,166790.1707,58104.1322,1,4018.504464,2361.534051,7871780.171,1.455191523e-11,"{""601939.SH"": 11800.0}",-0.01163291268,-0.01163291268,0.6377776678
2025-04-02,V22 LambdaRank Top1 12pct vol,161508.2567,168077.1707,16231.25667,1,4133.561987,2435.352051,8117840.171,0,"{""601288.SH"": 28100.0}",0.006845730141,-0.00486681832,0.8995020007
2025-04-03,V22 LambdaRank Top1 12pct vol,162913.2567,169482.1707,16231.25667,1,4133.561987,2435.352051,8117840.171,0,"{""601288.SH"": 28100.0}",0.008699245654,0,0.9003687177
2025-04-07,V22 LambdaRank Top1 12pct vol,157574.2567,164143.1707,16231.25667,1,4133.561987,2435.352051,8117840.171,0,"{""601288.SH"": 28100.0}",-0.03277204145,-0.03277204145,0.8969929669
2025-04-08,V22 LambdaRank Top1 12pct vol,159822.2567,166391.1707,16231.25667,1,4133.561987,2435.352051,8117840.171,0,"{""601288.SH"": 28100.0}",0.01426628973,-0.01897328715,0.8984418252
2025-04-09,V22 LambdaRank Top1 12pct vol,158979.2567,165548.1707,16231.25667,1,4133.561987,2435.352051,8117840.171,0,"{""601288.SH"": 28100.0}",-0.005274609542,-0.02414782001,0.897903305
2025-04-10,V22 LambdaRank Top1 12pct vol,158979.2567,165548.1707,16231.25667,1,4133.561987,2435.352051,8117840.171,0,"{""601288.SH"": 28100.0}",0,-0.02414782001,0.897903305
2025-04-11,V22 LambdaRank Top1 12pct vol,160384.2567,166953.1707,16231.25667,1,4133.561987,2435.352051,8117840.171,0,"{""601288.SH"": 28100.0}",0.008837630955,-0.01552359858,0.8987976937
2025-04-14,V22 LambdaRank Top1 12pct vol,161789.2567,168358.1707,16231.25667,1,4133.561987,2435.352051,8117840.171,0,"{""601288.SH"": 28100.0}",0.008760211439,-0.006899377147,0.8996765483
2025-04-15,V22 LambdaRank Top1 12pct vol,165161.2567,171730.1707,16231.25667,1,4133.561987,2435.352051,8117840.171,0,"{""601288.SH"": 28100.0}",0.02084192776,0,0.9017247931
2025-04-16,V22 LambdaRank Top1 12pct vol,167128.2567,173697.1707,16231.25667,1,4133.561987,2435.352051,8117840.171,0,"{""601288.SH"": 28100.0}",0.01190957274,0,0.9028814337
2025-04-17,V22 LambdaRank Top1 12pct vol,167128.2567,173697.1707,16231.25667,1,4133.561987,2435.352051,8117840.171,0,"{""601288.SH"": 28100.0}",0,0,0.9028814337
2025-04-18,V22 LambdaRank Top1 12pct vol,168533.2567,175102.1707,16231.25667,1,4133.561987,2435.352051,8117840.171,0,"{""601288.SH"": 28100.0}",0.00840671726,0,0.9036910756
2025-04-21,V22 LambdaRank Top1 12pct vol,167128.2567,173697.1707,16231.25667,1,4133.561987,2435.352051,8117840.171,0,"{""601288.SH"": 28100.0}",-0.008336633539,-0.008336633539,0.9028814337
2025-04-22,V22 LambdaRank Top1 12pct vol,170781.2567,177350.1707,16231.25667,1,4133.561987,2435.352051,8117840.171,0,"{""601288.SH"": 28100.0}",0.02185746488,0,0.9049587936
2025-04-23,V22 LambdaRank Top1 12pct vol,170219.2567,176788.1707,16231.25667,1,4133.561987,2435.352051,8117840.171,0,"{""601288.SH"": 28100.0}",-0.003290759249,-0.003290759249,0.9046450032
2025-04-24,V22 LambdaRank Top1 12pct vol,173310.2567,179879.1707,16231.25667,1,4133.561987,2435.352051,8117840.171,0,"{""601288.SH"": 28100.0}",0.01815893255,0,0.9063456659
2025-04-25,V22 LambdaRank Top1 12pct vol,172186.2567,178755.1707,16231.25667,1,4133.561987,2435.352051,8117840.171,0,"{""601288.SH"": 28100.0}",-0.006485478826,-0.006485478826,0.9057343078
2025-04-28,V22 LambdaRank Top1 12pct vol,173872.2567,180441.1707,16231.25667,1,4133.561987,2435.352051,8117840.171,0,"{""601288.SH"": 28100.0}",0.009791722246,0,0.9066483809
2025-04-29,V22 LambdaRank Top1 12pct vol,173310.2567,179879.1707,16231.25667,1,4133.561987,2435.352051,8117840.171,0,"{""601288.SH"": 28100.0}",-0.003232258043,-0.003232258043,0.9063456659
2025-04-30,V22 LambdaRank Top1 12pct vol,168533.2567,175102.1707,16231.25667,1,4133.561987,2435.352051,8117840.171,0,"{""601288.SH"": 28100.0}",-0.02756328501,-0.0307064514,0.9036910756
2025-05-06,V22 LambdaRank Top1 12pct vol,167409.2567,173978.1707,16231.25667,1,4133.561987,2435.352051,8117840.171,0,"{""601288.SH"": 28100.0}",-0.006669306831,-0.03717096749,0.9030444493
2025-05-07,V22 LambdaRank Top1 12pct vol,169234.9999,176010.1707,86620.9999,1,4269.953559,2505.217251,8350724.171,-1.455191523e-11,"{""601988.SH"": 14700.0}",0.01090586783,-0.02667048131,0.4881614326
2025-05-08,V22 LambdaRank Top1 12pct vol,168940.9999,175716.1707,86620.9999,1,4269.953559,2505.217251,8350724.171,-1.455191523e-11,"{""601988.SH"": 14700.0}",-0.001737229298,-0.02836137787,0.4872707043
2025-05-09,V22 LambdaRank Top1 12pct vol,169675.9999,176451.1707,86620.9999,1,4269.953559,2505.217251,8350724.171,-1.455191523e-11,"{""601988.SH"": 14700.0}",0.004350631288,-0.02413413648,0.4894917375
2025-05-12,V22 LambdaRank Top1 12pct vol,169381.9999,176157.1707,86620.9999,1,4269.953559,2505.217251,8350724.171,-1.455191523e-11,"{""601988.SH"": 14700.0}",-0.001732714115,-0.02582503304,0.4886056372
2025-05-13,V22 LambdaRank Top1 12pct vol,169969.9999,176745.1707,86620.9999,1,4269.953559,2505.217251,8350724.171,-1.455191523e-11,"{""601988.SH"": 14700.0}",0.003471443249,-0.02244323992,0.4903747723
2025-05-14,V22 LambdaRank Top1 12pct vol,170116.9999,176892.1707,86620.9999,1,4269.953559,2505.217251,8350724.171,-1.455191523e-11,"{""601988.SH"": 14700.0}",0.0008648585049,-0.02159779165,0.4908151452
2025-05-15,V22 LambdaRank Top1 12pct vol,169969.9999,176745.1707,86620.9999,1,4269.953559,2505.217251,8350724.171,-1.455191523e-11,"{""601988.SH"": 14700.0}",-0.0008641111711,-0.02244323992,0.4903747723
2025-05-16,V22 LambdaRank Top1 12pct vol,169381.9999,176157.1707,86620.9999,1,4269.953559,2505.217251,8350724.171,-1.455191523e-11,"{""601988.SH"": 14700.0}",-0.00345943402,-0.02582503304,0.4886056372
2025-05-19,V22 LambdaRank Top1 12pct vol,169087.9999,175863.1707,86620.9999,1,4269.953559,2505.217251,8350724.171,-1.455191523e-11,"{""601988.SH"": 14700.0}",-0.001735721624,-0.02751592959,0.4877164556
2025-05-20,V22 LambdaRank Top1 12pct vol,169087.9999,175863.1707,86620.9999,1,4269.953559,2505.217251,8350724.171,-1.455191523e-11,"{""601988.SH"": 14700.0}",0,-0.02751592959,0.4877164556
2025-05-21,V22 LambdaRank Top1 12pct vol,169234.9999,176010.1707,86620.9999,1,4269.953559,2505.217251,8350724.171,-1.455191523e-11,"{""601988.SH"": 14700.0}",0.0008693697961,-0.02667048131,0.4881614326
2025-05-22,V22 LambdaRank Top1 12pct vol,169381.9999,176157.1707,86620.9999,1,4269.953559,2505.217251,8350724.171,-1.455191523e-11,"{""601988.SH"": 14700.0}",0.0008686146488,-0.02582503304,0.4886056372
2025-05-23,V22 LambdaRank Top1 12pct vol,168499.9999,175275.1707,86620.9999,1,4269.953559,2505.217251,8350724.171,-1.455191523e-11,"{""601988.SH"": 14700.0}",-0.005207164873,-0.0308977227,0.4859287837
2025-05-26,V22 LambdaRank Top1 12pct vol,167617.9999,174393.1707,86620.9999,1,4269.953559,2505.217251,8350724.171,-1.455191523e-11,"{""601988.SH"": 14700.0}",-0.005234421368,-0.03597041237,0.4832237591
2025-05-27,V22 LambdaRank Top1 12pct vol,168352.9999,175128.1707,86620.9999,1,4269.953559,2505.217251,8350724.171,-1.455191523e-11,"{""601988.SH"": 14700.0}",0.00438497059,-0.03174317098,0.4854799145
2025-05-28,V22 LambdaRank Top1 12pct vol,167911.9999,174687.1707,86620.9999,1,4269.953559,2505.217251,8350724.171,-1.455191523e-11,"{""601988.SH"": 14700.0}",-0.002619495942,-0.03427951582,0.4841285915
2025-05-29,V22 LambdaRank Top1 12pct vol,167617.9999,174393.1707,86620.9999,1,4269.953559,2505.217251,8350724.171,-1.455191523e-11,"{""601988.SH"": 14700.0}",-0.001750917148,-0.03597041237,0.4832237591
2025-05-30,V22 LambdaRank Top1 12pct vol,167764.9999,174540.1707,86620.9999,1,4269.953559,2505.217251,8350724.171,-1.455191523e-11,"{""601988.SH"": 14700.0}",0.0008769941181,-0.03512496409,0.4836765717
2025-06-03,V22 LambdaRank Top1 12pct vol,167764.9999,174540.1707,86620.9999,1,4269.953559,2505.217251,8350724.171,-1.455191523e-11,"{""601988.SH"": 14700.0}",0,-0.03512496409,0.4836765717
2025-06-04,V22 LambdaRank Top1 12pct vol,166666.5988,173595.1707,46833.59878,1,4362.866281,2565.705651,8552352.171,0,"{""601939.SH"": 13300.0}",-0.00654726029,-0.0414422521,0.7189982929
2025-06-05,V22 LambdaRank Top1 12pct vol,166533.5988,173462.1707,46833.59878,1,4362.866281,2565.705651,8552352.171,0,"{""601939.SH"": 13300.0}",-0.000798000325,-0.0422071815,0.7187738743
2025-06-06,V22 LambdaRank Top1 12pct vol,166533.5988,173462.1707,46833.59878,1,4362.866281,2565.705651,8552352.171,0,"{""601939.SH"": 13300.0}",0,-0.0422071815,0.7187738743
2025-06-09,V22 LambdaRank Top1 12pct vol,166001.5988,172930.1707,46833.59878,1,4362.866281,2565.705651,8552352.171,-1.455191523e-11,"{""601939.SH"": 13300.0}",-0.003194550553,-0.04526689907,0.7178726041
2025-06-10,V22 LambdaRank Top1 12pct vol,166134.5988,173063.1707,46833.59878,1,4362.866281,2565.705651,8552352.171,-1.455191523e-11,"{""601939.SH"": 13300.0}",0.0008011971028,-0.04450196968,0.7180984628
2025-06-11,V22 LambdaRank Top1 12pct vol,165469.5988,172398.1707,46833.59878,1,4362.866281,2565.705651,8552352.171,0,"{""601939.SH"": 13300.0}",-0.004002778499,-0.04832661665,0.7169655385
2025-06-12,V22 LambdaRank Top1 12pct vol,165070.5988,171999.1707,46833.59878,1,4362.866281,2565.705651,8552352.171,-1.455191523e-11,"{""601939.SH"": 13300.0}",-0.002411319076,-0.05062140483,0.7162814025
2025-06-13,V22 LambdaRank Top1 12pct vol,164671.5988,171600.1707,46833.59878,1,4362.866281,2565.705651,8552352.171,1.455191523e-11,"{""601939.SH"": 13300.0}",-0.00241714759,-0.05291619302,0.7155939511
2025-06-16,V22 LambdaRank Top1 12pct vol,166533.5988,173462.1707,46833.59878,1,4362.866281,2565.705651,8552352.171,0,"{""601939.SH"": 13300.0}",0.01130735363,-0.0422071815,0.7187738743
2025-06-17,V22 LambdaRank Top1 12pct vol,166799.5988,173728.1707,46833.59878,1,4362.866281,2565.705651,8552352.171,0,"{""601939.SH"": 13300.0}",0.001597275276,-0.04067732271,0.7192223535
2025-06-18,V22 LambdaRank Top1 12pct vol,169459.5988,176388.1707,46833.59878,1,4362.866281,2565.705651,8552352.171,-1.455191523e-11,"{""601939.SH"": 13300.0}",0.01594728057,-0.02537873482,0.7236297081
2025-06-19,V22 LambdaRank Top1 12pct vol,169459.5988,176388.1707,46833.59878,1,4362.866281,2565.705651,8552352.171,-1.455191523e-11,"{""601939.SH"": 13300.0}",0,-0.02537873482,0.7236297081
2025-06-20,V22 LambdaRank Top1 12pct vol,170656.5988,177585.1707,46833.59878,1,4362.866281,2565.705651,8552352.171,0,"{""601939.SH"": 13300.0}",0.007063630556,-0.01849437027,0.725568193
2025-06-23,V22 LambdaRank Top1 12pct vol,172518.5988,179447.1707,46833.59878,1,4362.866281,2565.705651,8552352.171,1.455191523e-11,"{""601939.SH"": 13300.0}",0.01091079989,-0.007785358747,0.7285301463
2025-06-24,V22 LambdaRank Top1 12pct vol,172917.5988,179846.1707,46833.59878,1,4362.866281,2565.705651,8552352.171,0,"{""601939.SH"": 13300.0}",0.002312794115,-0.005490570564,0.7291565514
2025-06-25,V22 LambdaRank Top1 12pct vol,173848.5988,180777.1707,46833.59878,1,4362.866281,2565.705651,8552352.171,-1.455191523e-11,"{""601939.SH"": 13300.0}",0.005384067363,-0.0001360648034,0.7306069815
2025-06-26,V22 LambdaRank Top1 12pct vol,174114.5988,181043.1707,46833.59878,1,4362.866281,2565.705651,8552352.171,0,"{""601939.SH"": 13300.0}",0.001530066977,0,0.7310185412
2025-06-27,V22 LambdaRank Top1 12pct vol,171454.5988,178383.1707,46833.59878,1,4362.866281,2565.705651,8552352.171,1.455191523e-11,"{""601939.SH"": 13300.0}",-0.01527729449,-0.01527729449,0.7268454791
2025-06-30,V22 LambdaRank Top1 12pct vol,172385.5988,179314.1707,46833.59878,1,4362.866281,2565.705651,8552352.171,0,"{""601939.SH"": 13300.0}",0.005430008916,-0.009930241416,0.7283207002
2025-07-01,V22 LambdaRank Top1 12pct vol,175976.5988,182905.1707,46833.59878,1,4362.866281,2565.705651,8552352.171,-1.455191523e-11,"{""601939.SH"": 13300.0}",0.02083120647,0,0.7338646212
2025-07-02,V22 LambdaRank Top1 12pct vol,176510.2902,183646.1707,51528.29023,1,4493.840428,2642.040051,8806800.171,-1.455191523e-11,"{""601288.SH"": 20900.0}",0.003032741042,0,0.7080720327
2025-07-03,V22 LambdaRank Top1 12pct vol,175883.2902,183019.1707,51528.29023,1,4493.840428,2642.040051,8806800.171,0,"{""601288.SH"": 20900.0}",-0.003552200833,-0.003552200833,0.7070313492
2025-07-04,V22 LambdaRank Top1 12pct vol,177555.2902,184691.1707,51528.29023,1,4493.840428,2642.040051,8806800.171,0,"{""601288.SH"": 20900.0}",0.009506303855,0,0.709790172
2025-07-07,V22 LambdaRank Top1 12pct vol,178600.2902,185736.1707,51528.29023,1,4493.840428,2642.040051,8806800.171,0,"{""601288.SH"": 20900.0}",0.005885490647,0,0.7114882055
2025-07-08,V22 LambdaRank Top1 12pct vol,179436.2902,186572.1707,51528.29023,1,4493.840428,2642.040051,8806800.171,0,"{""601288.SH"": 20900.0}",0.004680843457,0,0.7128323921
2025-07-09,V22 LambdaRank Top1 12pct vol,181108.2902,188244.1707,51528.29023,1,4493.840428,2642.040051,8806800.171,0,"{""601288.SH"": 20900.0}",0.009318070485,0,0.7154835366
2025-07-10,V22 LambdaRank Top1 12pct vol,183407.2902,190543.1707,51528.29023,1,4493.840428,2642.040051,8806800.171,0,"{""601288.SH"": 20900.0}",0.01269406275,0,0.7190499343
2025-07-11,V22 LambdaRank Top1 12pct vol,183616.2902,190752.1707,51528.29023,1,4493.840428,2642.040051,8806800.171,0,"{""601288.SH"": 20900.0}",0.001139540308,0,0.7193697239
2025-07-14,V22 LambdaRank Top1 12pct vol,184870.2902,192006.1707,51528.29023,1,4493.840428,2642.040051,8806800.171,0,"{""601288.SH"": 20900.0}",0.006829459404,0,0.7212732767
2025-07-15,V22 LambdaRank Top1 12pct vol,183825.2902,190961.1707,51528.29023,1,4493.840428,2642.040051,8806800.171,0,"{""601288.SH"": 20900.0}",-0.005652611886,-0.005652611886,0.7196887862
2025-07-16,V22 LambdaRank Top1 12pct vol,182989.2902,190125.1707,51528.29023,1,4493.840428,2642.040051,8806800.171,0,"{""601288.SH"": 20900.0}",-0.004547796437,-0.0101747014,0.7184081638
2025-07-17,V22 LambdaRank Top1 12pct vol,182347.1055,189482.986,51528.29023,1,4493.840428,2642.040051,8806800.171,1.455191523e-11,"{""601288.SH"": 21340.7529}",-0.003509411452,-0.01364840563,0.7174164619
2025-07-18,V22 LambdaRank Top1 12pct vol,184267.7733,191403.6538,51528.29023,1,4493.840428,2642.040051,8806800.171,0,"{""601288.SH"": 21340.7529}",0.01053303125,-0.003259133465,0.7203618988
2025-07-21,V22 LambdaRank Top1 12pct vol,183627.5507,190763.4312,51528.29023,1,4493.840428,2642.040051,8806800.171,0,"{""601288.SH"": 21340.7529}",-0.003474414303,-0.006722224188,0.7193869328
2025-07-22,V22 LambdaRank Top1 12pct vol,181706.8829,188842.7634,51528.29023,1,4493.840428,2642.040051,8806800.171,0,"{""601288.SH"": 21340.7529}",-0.01045958384,-0.01711149636,0.7164208125
2025-07-23,V22 LambdaRank Top1 12pct vol,184907.9959,192043.8763,51528.29023,1,4493.840428,2642.040051,8806800.171,0,"{""601288.SH"": 21340.7529}",0.01761690522,0,0.7213301134
2025-07-24,V22 LambdaRank Top1 12pct vol,183840.9582,190976.8387,51528.29023,1,4493.840428,2642.040051,8806800.171,0,"{""601288.SH"": 21340.7529}",-0.005770640908,-0.005770640908,0.7197126759
2025-07-25,V22 LambdaRank Top1 12pct vol,183414.1432,190550.0236,51528.29023,1,4493.840428,2642.040051,8806800.171,0,"{""601288.SH"": 21340.7529}",-0.002321653793,-0.008078897271,0.7190604315
2025-07-28,V22 LambdaRank Top1 12pct vol,183627.5507,190763.4312,51528.29023,1,4493.840428,2642.040051,8806800.171,0,"{""601288.SH"": 21340.7529}",0.001163528206,-0.006924769089,0.7193869328
2025-07-29,V22 LambdaRank Top1 12pct vol,182560.5131,189696.3935,51528.29023,1,4493.840428,2642.040051,8806800.171,-1.455191523e-11,"{""601288.SH"": 21340.7529}",-0.005810879909,-0.01269541,0.7177467933
2025-07-30,V22 LambdaRank Top1 12pct vol,184481.1808,191617.0613,51528.29023,1,4493.840428,2642.040051,8806800.171,0,"{""601288.SH"": 21340.7529}",0.01052071847,-0.002308256363,0.7206853837
2025-07-31,V22 LambdaRank Top1 12pct vol,185975.0335,193110.914,51528.29023,1,4493.840428,2642.040051,8806800.171,0,"{""601288.SH"": 21340.7529}",0.008097588581,0,0.7229289907
2025-08-01,V22 LambdaRank Top1 12pct vol,186615.2561,193751.1366,51528.29023,1,4493.840428,2642.040051,8806800.171,0,"{""601288.SH"": 21340.7529}",0.003442519004,0,0.7238795407
2025-08-04,V22 LambdaRank Top1 12pct vol,187659.3613,195020.5441,40347.36132,1,4634.675831,2726.506963,9088356.544,0,"{""601988.SH"": 26400.0}",0.005594961717,0,0.78499681
2025-08-05,V22 LambdaRank Top1 12pct vol,189507.3613,196868.5441,40347.36132,1,4634.675831,2726.506963,9088356.544,0,"{""601988.SH"": 26400.0}",0.009847630233,0,0.7870934351
2025-08-06,V22 LambdaRank Top1 12pct vol,189771.3613,197132.5441,40347.36132,1,4634.675831,2726.506963,9088356.544,0,"{""601988.SH"": 26400.0}",0.001393085726,0,0.7873896196
2025-08-07,V22 LambdaRank Top1 12pct vol,191355.3613,198716.5441,40347.36132,1,4634.675831,2726.506963,9088356.544,0,"{""601988.SH"": 26400.0}",0.008346886427,0,0.7891495643
2025-08-08,V22 LambdaRank Top1 12pct vol,190035.3613,197396.5441,40347.36132,1,4634.675831,2726.506963,9088356.544,0,"{""601988.SH"": 26400.0}",-0.006898160527,-0.006898160527,0.7876849812
2025-08-11,V22 LambdaRank Top1 12pct vol,188715.3613,196076.5441,40347.36132,1,4634.675831,2726.506963,9088356.544,0,"{""601988.SH"": 26400.0}",-0.006946075672,-0.01379632105,0.7861999096
2025-08-12,V22 LambdaRank Top1 12pct vol,189771.3613,197132.5441,40347.36132,1,4634.675831,2726.506963,9088356.544,0,"{""601988.SH"": 26400.0}",0.005595728894,-0.008277792632,0.7873896196
2025-08-13,V22 LambdaRank Top1 12pct vol,187659.3613,195020.5441,40347.36132,1,4634.675831,2726.506963,9088356.544,0,"{""601988.SH"": 26400.0}",-0.0111291819,-0.01931484947,0.78499681
2025-08-14,V22 LambdaRank Top1 12pct vol,187395.3613,194756.5441,40347.36132,1,4634.675831,2726.506963,9088356.544,0,"{""601988.SH"": 26400.0}",-0.001406804319,-0.02069448158,0.7846939165
2025-08-15,V22 LambdaRank Top1 12pct vol,184227.3613,191588.5441,40347.36132,1,4634.675831,2726.506963,9088356.544,0,"{""601988.SH"": 26400.0}",-0.01690543447,-0.03725006684,0.7809914823
2025-08-18,V22 LambdaRank Top1 12pct vol,184227.3613,191588.5441,40347.36132,1,4634.675831,2726.506963,9088356.544,0,"{""601988.SH"": 26400.0}",0,-0.03725006684,0.7809914823
2025-08-19,V22 LambdaRank Top1 12pct vol,187131.3613,194492.5441,40347.36132,1,4634.675831,2726.506963,9088356.544,0,"{""601988.SH"": 26400.0}",0.01576313084,-0.02207411369,0.7843901683
2025-08-20,V22 LambdaRank Top1 12pct vol,190035.3613,197396.5441,40347.36132,1,4634.675831,2726.506963,9088356.544,0,"{""601988.SH"": 26400.0}",0.01551851052,-0.006898160527,0.7876849812
2025-08-21,V22 LambdaRank Top1 12pct vol,191091.3613,198452.5441,40347.36132,1,4634.675831,2726.506963,9088356.544,0,"{""601988.SH"": 26400.0}",0.005556860537,-0.001379632105,0.7888582663
2025-08-22,V22 LambdaRank Top1 12pct vol,190827.3613,198188.5441,40347.36132,1,4634.675831,2726.506963,9088356.544,0,"{""601988.SH"": 26400.0}",-0.00138153812,-0.002759264211,0.7885661624
2025-08-25,V22 LambdaRank Top1 12pct vol,190299.3613,197660.5441,40347.36132,1,4634.675831,2726.506963,9088356.544,0,"{""601988.SH"": 26400.0}",-0.002766898816,-0.005518528421,0.7879795232
2025-08-26,V22 LambdaRank Top1 12pct vol,189771.3613,197132.5441,40347.36132,1,4634.675831,2726.506963,9088356.544,0,"{""601988.SH"": 26400.0}",-0.002774575786,-0.008277792632,0.7873896196
2025-08-27,V22 LambdaRank Top1 12pct vol,186867.3613,194228.5441,40347.36132,1,4634.675831,2726.506963,9088356.544,0,"{""601988.SH"": 26400.0}",-0.01530262512,-0.02345374579,0.7840855619
2025-08-28,V22 LambdaRank Top1 12pct vol,186339.3613,193700.5441,40347.36132,1,4634.675831,2726.506963,9088356.544,0,"{""601988.SH"": 26400.0}",-0.002825533556,-0.02621301,0.7834737598
2025-08-29,V22 LambdaRank Top1 12pct vol,186075.3613,193436.5441,40347.36132,1,4634.675831,2726.506963,9088356.544,0,"{""601988.SH"": 26400.0}",-0.001416769909,-0.02759264211,0.7831665567
2025-09-01,V22 LambdaRank Top1 12pct vol,186075.3613,193436.5441,40347.36132,1,4634.675831,2726.506963,9088356.544,0,"{""601988.SH"": 26400.0}",0,-0.02759264211,0.7831665567
2025-09-02,V22 LambdaRank Top1 12pct vol,189087.2807,196694.5441,22205.28066,1,4787.950888,2819.312563,9397708.544,0,"{""601939.SH"": 18100.0}",0.01618655647,-0.0118527155,0.8825659739
2025-09-03,V22 LambdaRank Top1 12pct vol,187458.2807,195065.5441,22205.28066,1,4787.950888,2819.312563,9397708.544,0,"{""601939.SH"": 18100.0}",-0.008615069159,-0.02036567269,0.88154548
2025-09-04,V22 LambdaRank Top1 12pct vol,188725.2807,196332.5441,22205.28066,1,4787.950888,2819.312563,9397708.544,0,"{""601939.SH"": 18100.0}",0.006758837196,-0.01374448376,0.8823407199
2025-09-05,V22 LambdaRank Top1 12pct vol,186010.2807,193617.5441,22205.28066,1,4787.950888,2819.312563,9397708.544,0,"{""601939.SH"": 18100.0}",-0.01438599,-0.02793274576,0.8806233689
2025-09-08,V22 LambdaRank Top1 12pct vol,185105.2807,192712.5441,22205.28066,1,4787.950888,2819.312563,9397708.544,0,"{""601939.SH"": 18100.0}",-0.00486532248,-0.03266216642,0.8800397234
2025-09-09,V22 LambdaRank Top1 12pct vol,185286.2807,192893.5441,22205.28066,1,4787.950888,2819.312563,9397708.544,0,"{""601939.SH"": 18100.0}",0.0009778219149,-0.03171628229,0.8801569086
2025-09-10,V22 LambdaRank Top1 12pct vol,187820.2807,195427.5441,22205.28066,1,4787.950888,2819.312563,9397708.544,0,"{""601939.SH"": 18100.0}",0.01367613399,-0.01847390443,0.8817737862
2025-09-11,V22 LambdaRank Top1 12pct vol,188001.2807,195608.5441,22205.28066,1,4787.950888,2819.312563,9397708.544,0,"{""601939.SH"": 18100.0}",0.000963687198,-0.01752802029,0.8818876096
2025-09-12,V22 LambdaRank Top1 12pct vol,187277.2807,194884.5441,22205.28066,1,4787.950888,2819.312563,9397708.544,0,"{""601939.SH"": 18100.0}",-0.003851037596,-0.02131155683,0.8814309959
2025-09-15,V22 LambdaRank Top1 12pct vol,185829.2807,193436.5441,22205.28066,1,4787.950888,2819.312563,9397708.544,0,"{""601939.SH"": 18100.0}",-0.007731850841,-0.02887862989,0.8805070946
2025-09-16,V22 LambdaRank Top1 12pct vol,185286.2807,192893.5441,22205.28066,1,4787.950888,2819.312563,9397708.544,0,"{""601939.SH"": 18100.0}",-0.002922036818,-0.03171628229,0.8801569086
2025-09-17,V22 LambdaRank Top1 12pct vol,185105.2807,192712.5441,22205.28066,1,4787.950888,2819.312563,9397708.544,0,"{""601939.SH"": 18100.0}",-0.0009768667133,-0.03266216642,0.8800397234
2025-09-18,V22 LambdaRank Top1 12pct vol,180942.2807,188549.5441,22205.28066,1,4787.950888,2819.312563,9397708.544,0,"{""601939.SH"": 18100.0}",-0.02248990404,-0.05441750148,0.877279757
2025-09-19,V22 LambdaRank Top1 12pct vol,182933.2807,190540.5441,22205.28066,1,4787.950888,2819.312563,9397708.544,0,"{""601939.SH"": 18100.0}",0.01100350892,-0.04401277601,0.8786154133
2025-09-22,V22 LambdaRank Top1 12pct vol,177684.2807,185291.5441,22205.28066,1,4787.950888,2819.312563,9397708.544,0,"{""601939.SH"": 18100.0}",-0.02869352138,-0.07144341587,0.8750295717
2025-09-23,V22 LambdaRank Top1 12pct vol,182390.2807,189997.5441,22205.28066,1,4787.950888,2819.312563,9397708.544,0,"{""601939.SH"": 18100.0}",0.02648517912,-0.04685042841,0.8782540354
2025-09-24,V22 LambdaRank Top1 12pct vol,180580.2807,188187.5441,22205.28066,1,4787.950888,2819.312563,9397708.544,0,"{""601939.SH"": 18100.0}",-0.009923774411,-0.05630926974,0.877033746
2025-09-25,V22 LambdaRank Top1 12pct vol,180218.2807,187825.5441,22205.28066,1,4787.950888,2819.312563,9397708.544,0,"{""601939.SH"": 18100.0}",-0.002004648562,-0.05820103801,0.8767867467
2025-09-26,V22 LambdaRank Top1 12pct vol,178951.2807,186558.5441,22205.28066,1,4787.950888,2819.312563,9397708.544,0,"{""601939.SH"": 18100.0}",-0.007030363376,-0.06482222694,0.8759143797
2025-09-29,V22 LambdaRank Top1 12pct vol,177865.2807,185472.5441,22205.28066,1,4787.950888,2819.312563,9397708.544,0,"{""601939.SH"": 18100.0}",-0.006068690853,-0.07049753173,0.8751567446
2025-09-30,V22 LambdaRank Top1 12pct vol,178046.2807,185653.5441,22205.28066,1,4787.950888,2819.312563,9397708.544,0,"{""601939.SH"": 18100.0}",0.001017624122,-0.0695516476,0.875283659
2025-10-09,V22 LambdaRank Top1 12pct vol,179132.2807,186739.5441,22205.28066,1,4787.950888,2819.312563,9397708.544,0,"{""601939.SH"": 18100.0}",0.006099537693,-0.0638763428,0.8760397591
2025-10-10,V22 LambdaRank Top1 12pct vol,179799.6468,187613.5441,105352.6468,1,4925.760568,2888.136763,9627122.544,-1.455191523e-11,"{""601288.SH"": 10900.0}",0.003725549168,-0.06038876809,0.4140553184
2025-10-13,V22 LambdaRank Top1 12pct vol,180671.6468,188485.5441,105352.6468,1,4925.760568,2888.136763,9627122.544,-1.455191523e-11,"{""601288.SH"": 10900.0}",0.004849842676,-0.05583180144,0.4168833425
2025-10-14,V22 LambdaRank Top1 12pct vol,183069.6468,190883.5441,105352.6468,1,4925.760568,2888.136763,9627122.544,-1.455191523e-11,"{""601288.SH"": 10900.0}",0.01327269687,-0.04330014315,0.4245214942
2025-10-15,V22 LambdaRank Top1 12pct vol,184595.6468,192409.5441,105352.6468,1,4925.760568,2888.136763,9627122.544,-1.455191523e-11,"{""601288.SH"": 10900.0}",0.008335625413,-0.03532545151,0.4292788123
2025-10-16,V22 LambdaRank Top1 12pct vol,186993.6468,194807.5441,105352.6468,1,4925.760568,2888.136763,9627122.544,-1.455191523e-11,"{""601288.SH"": 10900.0}",0.01299055553,-0.02279379322,0.4365977209
2025-10-17,V22 LambdaRank Top1 12pct vol,188410.6468,196224.5441,105352.6468,1,4925.760568,2888.136763,9627122.544,-1.455191523e-11,"{""601288.SH"": 10900.0}",0.007577797558,-0.01538872241,0.4408349603
2025-10-20,V22 LambdaRank Top1 12pct vol,189827.6468,197641.5441,105352.6468,1,4925.760568,2888.136763,9627122.544,-1.455191523e-11,"{""601288.SH"": 10900.0}",0.00752080641,-0.007983651605,0.4450089407
2025-10-21,V22 LambdaRank Top1 12pct vol,191244.6468,199058.5441,105352.6468,1,4925.760568,2888.136763,9627122.544,-1.455191523e-11,"{""601288.SH"": 10900.0}",0.007464666101,-0.0005785807971,0.4491210679
2025-10-22,V22 LambdaRank Top1 12pct vol,193533.6468,201347.5441,105352.6468,1,4925.760568,2888.136763,9627122.544,-1.455191523e-11,"{""601288.SH"": 10900.0}",0.01196896247,0,0.4556365338
2025-10-23,V22 LambdaRank Top1 12pct vol,192443.6468,200257.5441,105352.6468,1,4925.760568,2888.136763,9627122.544,-1.455191523e-11,"{""601288.SH"": 10900.0}",-0.005632095598,-0.005632095598,0.4525532615
2025-10-24,V22 LambdaRank Top1 12pct vol,192443.6468,200257.5441,105352.6468,1,4925.760568,2888.136763,9627122.544,-1.455191523e-11,"{""601288.SH"": 10900.0}",0,-0.005632095598,0.4525532615
2025-10-27,V22 LambdaRank Top1 12pct vol,194514.6468,202328.5441,105352.6468,1,4925.760568,2888.136763,9627122.544,-1.455191523e-11,"{""601288.SH"": 10900.0}",0.01076159195,0,0.4583819341
2025-10-28,V22 LambdaRank Top1 12pct vol,195931.6468,203745.5441,105352.6468,1,4925.760568,2888.136763,9627122.544,-1.455191523e-11,"{""601288.SH"": 10900.0}",0.007284798464,0,0.4622989777
2025-10-29,V22 LambdaRank Top1 12pct vol,194187.6468,202001.5441,105352.6468,1,4925.760568,2888.136763,9627122.544,-1.455191523e-11,"{""601288.SH"": 10900.0}",-0.008901063349,-0.008901063349,0.4574698827
2025-10-30,V22 LambdaRank Top1 12pct vol,193206.6468,201020.5441,105352.6468,1,4925.760568,2888.136763,9627122.544,-1.455191523e-11,"{""601288.SH"": 10900.0}",-0.005051814656,-0.01390791148,0.454715205
2025-10-31,V22 LambdaRank Top1 12pct vol,192116.6468,199930.5441,105352.6468,1,4925.760568,2888.136763,9627122.544,-1.455191523e-11,"{""601288.SH"": 10900.0}",-0.005641627854,-0.01947107608,0.4516214574
2025-11-03,V22 LambdaRank Top1 12pct vol,192661.6468,200475.5441,105352.6468,1,4925.760568,2888.136763,9627122.544,-1.455191523e-11,"{""601288.SH"": 10900.0}",0.002836818199,-0.01668949378,0.453172707
2025-11-04,V22 LambdaRank Top1 12pct vol,196267.7406,204243.5441,68626.7406,1,5024.312144,2951.491363,9838304.544,-1.455191523e-11,"{""601398.SH"": 15700.0}",0.01871723763,0,0.6503412105
2025-11-05,V22 LambdaRank Top1 12pct vol,196424.7406,204400.5441,68626.7406,1,5024.312144,2951.491363,9838304.544,-1.455191523e-11,"{""601398.SH"": 15700.0}",0.0007999276882,0,0.6506206887
2025-11-06,V22 LambdaRank Top1 12pct vol,195639.7406,203615.5441,68626.7406,1,5024.312144,2951.491363,9838304.544,0,"{""601398.SH"": 15700.0}",-0.003996441577,-0.003996441577,0.6492188121
2025-11-07,V22 LambdaRank Top1 12pct vol,195011.7406,202987.5441,68626.7406,1,5024.312144,2951.491363,9838304.544,-1.455191523e-11,"{""601398.SH"": 15700.0}",-0.003209981766,-0.007193594838,0.6480891848
2025-11-10,V22 LambdaRank Top1 12pct vol,196110.7406,204086.5441,68626.7406,1,5024.312144,2951.491363,9838304.544,1.455191523e-11,"{""601398.SH"": 15700.0}",0.005635558129,-0.001598576631,0.6500612848
2025-11-11,V22 LambdaRank Top1 12pct vol,196738.7406,204714.5441,68626.7406,1,5024.312144,2951.491363,9838304.544,0,"{""601398.SH"": 15700.0}",0.003202272339,0,0.6511783069
2025-11-12,V22 LambdaRank Top1 12pct vol,197209.7406,205185.5441,68626.7406,1,5024.312144,2951.491363,9838304.544,1.455191523e-11,"{""601398.SH"": 15700.0}",0.002394037893,0,0.6520114047
2025-11-13,V22 LambdaRank Top1 12pct vol,197523.7406,205499.5441,68626.7406,1,5024.312144,2951.491363,9838304.544,-1.455191523e-11,"{""601398.SH"": 15700.0}",0.001592213443,0,0.6525645961
2025-11-14,V22 LambdaRank Top1 12pct vol,198151.7406,206127.5441,68626.7406,1,5024.312144,2951.491363,9838304.544,0,"{""601398.SH"": 15700.0}",0.003179364658,0,0.653665719
2025-11-17,V22 LambdaRank Top1 12pct vol,196895.7406,204871.5441,68626.7406,1,5024.312144,2951.491363,9838304.544,0,"{""601398.SH"": 15700.0}",-0.006338576669,-0.006338576669,0.651456449
2025-11-18,V22 LambdaRank Top1 12pct vol,197366.7406,205342.5441,68626.7406,1,5024.312144,2951.491363,9838304.544,1.455191523e-11,"{""601398.SH"": 15700.0}",0.002392128944,-0.003961610418,0.6522882204
2025-11-19,V22 LambdaRank Top1 12pct vol,197837.7406,205813.5441,68626.7406,1,5024.312144,2951.491363,9838304.544,0,"{""601398.SH"": 15700.0}",0.002386420319,-0.001584644167,0.6531160314
2025-11-20,V22 LambdaRank Top1 12pct vol,198465.7406,206441.5441,68626.7406,1,5024.312144,2951.491363,9838304.544,0,"{""601398.SH"": 15700.0}",0.0031743185,0,0.6542136673
2025-11-21,V22 LambdaRank Top1 12pct vol,198151.7406,206127.5441,68626.7406,1,5024.312144,2951.491363,9838304.544,0,"{""601398.SH"": 15700.0}",-0.001582137043,-0.001582137043,0.653665719
2025-11-24,V22 LambdaRank Top1 12pct vol,197366.7406,205342.5441,68626.7406,1,5024.312144,2951.491363,9838304.544,1.455191523e-11,"{""601398.SH"": 15700.0}",-0.003961610418,-0.005537479651,0.6522882204
2025-11-25,V22 LambdaRank Top1 12pct vol,199093.7406,207069.5441,68626.7406,1,5024.312144,2951.491363,9838304.544,-1.455191523e-11,"{""601398.SH"": 15700.0}",0.008750207835,0,0.6553043788
2025-11-26,V22 LambdaRank Top1 12pct vol,196738.7406,204714.5441,68626.7406,1,5024.312144,2951.491363,9838304.544,0,"{""601398.SH"": 15700.0}",-0.01182859889,-0.01182859889,0.6511783069
2025-11-27,V22 LambdaRank Top1 12pct vol,196738.7406,204714.5441,68626.7406,1,5024.312144,2951.491363,9838304.544,0,"{""601398.SH"": 15700.0}",0,-0.01182859889,0.6511783069
2025-11-28,V22 LambdaRank Top1 12pct vol,195953.7406,203929.5441,68626.7406,1,5024.312144,2951.491363,9838304.544,1.455191523e-11,"{""601398.SH"": 15700.0}",-0.003990063155,-0.01577146519,0.6497809106
2025-12-01,V22 LambdaRank Top1 12pct vol,195639.7406,203615.5441,68626.7406,1,5024.312144,2951.491363,9838304.544,0,"{""601398.SH"": 15700.0}",-0.001602419015,-0.01734861171,0.6492188121
2025-12-02,V22 LambdaRank Top1 12pct vol,196087.9989,204255.5441,93431.99886,1,5147.345182,3020.200063,10067333.54,0,"{""601288.SH"": 12800.0}",0.002291243386,-0.01509711822,0.5235200553
2025-12-03,V22 LambdaRank Top1 12pct vol,195575.9989,203743.5441,93431.99886,1,5147.345182,3020.200063,10067333.54,0,"{""601288.SH"": 12800.0}",-0.002611072595,-0.01766877114,0.5222726745
2025-12-04,V22 LambdaRank Top1 12pct vol,194551.9989,202719.5441,93431.99886,1,5147.345182,3020.200063,10067333.54,0,"{""601288.SH"": 12800.0}",-0.005235816286,-0.02281207699,0.5197582168
2025-12-05,V22 LambdaRank Top1 12pct vol,193527.9989,201695.5441,93431.99886,1,5147.345182,3020.200063,10067333.54,0,"{""601288.SH"": 12800.0}",-0.005263374347,-0.02795538283,0.5172171499
2025-12-08,V22 LambdaRank Top1 12pct vol,193783.9989,201951.5441,93431.99886,1,5147.345182,3020.200063,10067333.54,0,"{""601288.SH"": 12800.0}",0.00132280601,-0.02666955637,0.5178549343
2025-12-09,V22 LambdaRank Top1 12pct vol,196343.9989,204511.5441,93431.99886,1,5147.345182,3020.200063,10067333.54,-1.455191523e-11,"{""601288.SH"": 12800.0}",0.01321058506,-0.01381129176,0.5241413061
2025-12-10,V22 LambdaRank Top1 12pct vol,193527.9989,201695.5441,93431.99886,1,5147.345182,3020.200063,10067333.54,0,"{""601288.SH"": 12800.0}",-0.01434217504,-0.02795538283,0.5172171499
2025-12-11,V22 LambdaRank Top1 12pct vol,194935.9989,203103.5441,93431.99886,1,5147.345182,3020.200063,10067333.54,0,"{""601288.SH"": 12800.0}",0.007275433055,-0.02088333729,0.5207042342
2025-12-12,V22 LambdaRank Top1 12pct vol,192247.9989,200415.5441,93431.99886,1,5147.345182,3020.200063,10067333.54,0,"{""601288.SH"": 12800.0}",-0.01378914113,-0.03438451514,0.5140027495
2025-12-15,V22 LambdaRank Top1 12pct vol,190819.4356,198986.9809,93431.99886,1,5147.345182,3020.200063,10067333.54,1.455191523e-11,"{""601288.SH"": 13002.328}",-0.007430835476,-0.04155984494,0.5103643475
2025-12-16,V22 LambdaRank Top1 12pct vol,189259.1563,197426.7015,93431.99886,1,5147.345182,3020.200063,10067333.54,1.455191523e-11,"{""601288.SH"": 13002.328}",-0.008176731869,-0.0493967531,0.5063277217
2025-12-17,V22 LambdaRank Top1 12pct vol,190299.3425,198466.8877,93431.99886,1,5147.345182,3020.200063,10067333.54,-1.455191523e-11,"{""601288.SH"": 13002.328}",0.005496094672,-0.04417214766,0.5090261604
2025-12-18,V22 LambdaRank Top1 12pct vol,192249.6917,200417.2369,93431.99886,1,5147.345182,3020.200063,10067333.54,-1.455191523e-11,"{""601288.SH"": 13002.328}",0.01024884887,-0.03437601246,0.5140070289
2025-12-19,V22 LambdaRank Top1 12pct vol,191599.5753,199767.1205,93431.99886,1,5147.345182,3020.200063,10067333.54,1.455191523e-11,"{""601288.SH"": 13002.328}",-0.00338162519,-0.03764139086,0.5123580064
2025-12-22,V22 LambdaRank Top1 12pct vol,192119.6684,200287.2137,93431.99886,1,5147.345182,3020.200063,10067333.54,0,"{""601288.SH"": 13002.328}",0.002714479504,-0.03502908814,0.5136781172
2025-12-23,V22 LambdaRank Top1 12pct vol,193029.8314,201197.3766,93431.99886,1,5147.345182,3020.200063,10067333.54,0,"{""601288.SH"": 13002.328}",0.004737479342,-0.03045755838,0.5159711937
2025-12-24,V22 LambdaRank Top1 12pct vol,192769.7848,200937.3301,93431.99886,1,5147.345182,3020.200063,10067333.54,1.455191523e-11,"{""601288.SH"": 13002.328}",-0.001347183273,-0.03176370974,0.5153182385
2025-12-25,V22 LambdaRank Top1 12pct vol,191989.6451,200157.1904,93431.99886,1,5147.345182,3020.200063,10067333.54,1.455191523e-11,"{""601288.SH"": 13002.328}",-0.004047001873,-0.03568216382,0.51334876
2025-12-26,V22 LambdaRank Top1 12pct vol,191079.4822,199247.0274,93431.99886,1,5147.345182,3020.200063,10067333.54,-1.455191523e-11,"{""601288.SH"": 13002.328}",-0.004740687758,-0.04025369358,0.5110307093
2025-12-29,V22 LambdaRank Top1 12pct vol,192769.7848,200937.3301,93431.99886,1,5147.345182,3020.200063,10067333.54,1.455191523e-11,"{""601288.SH"": 13002.328}",0.008846070867,-0.03176370974,0.5153182385
2025-12-30,V22 LambdaRank Top1 12pct vol,192379.715,200547.2602,93431.99886,1,5147.345182,3020.200063,10067333.54,1.455191523e-11,"{""601288.SH"": 13002.328}",-0.002023500937,-0.03372293678,0.5143354959
2025-12-31,V22 LambdaRank Top1 12pct vol,193289.8779,201457.4232,93431.99886,1,5147.345182,3020.200063,10067333.54,0,"{""601288.SH"": 13002.328}",0.004731075521,-0.02915140702,0.5166223919
2026-01-05,V22 LambdaRank Top1 12pct vol,191859.6219,200027.1671,93431.99886,1,5147.345182,3020.200063,10067333.54,0,"{""601288.SH"": 13002.328}",-0.007399539467,-0.0363352395,0.5130189565
2026-01-06,V22 LambdaRank Top1 12pct vol,191729.5986,199897.1438,93431.99886,1,5147.345182,3020.200063,10067333.54,0,"{""601288.SH"": 13002.328}",-0.0006777000746,-0.03698831518,0.5126887056
2026-01-07,V22 LambdaRank Top1 12pct vol,190819.4356,198986.9809,93431.99886,1,5147.345182,3020.200063,10067333.54,1.455191523e-11,"{""601288.SH"": 13002.328}",-0.004747117644,-0.04155984494,0.5103643475
2026-01-08,V22 LambdaRank Top1 12pct vol,190169.3192,198336.8645,93431.99886,1,5147.345182,3020.200063,10067333.54,0,"{""601288.SH"": 13002.328}",-0.003406971612,-0.04482522334,0.5086904699
2026-01-09,V22 LambdaRank Top1 12pct vol,189779.2494,197946.7946,93431.99886,1,5147.345182,3020.200063,10067333.54,0,"{""601288.SH"": 13002.328}",-0.00205117125,-0.04678445038,0.5076806386
2026-01-12,V22 LambdaRank Top1 12pct vol,191209.5055,199377.0507,93431.99886,1,5147.345182,3020.200063,10067333.54,0,"{""601288.SH"": 13002.328}",0.007536419736,-0.0396006179,0.5113632105
2026-01-13,V22 LambdaRank Top1 12pct vol,192379.715,200547.2602,93431.99886,1,5147.345182,3020.200063,10067333.54,1.455191523e-11,"{""601288.SH"": 13002.328}",0.006120038424,-0.03372293678,0.5143354959
2026-01-14,V22 LambdaRank Top1 12pct vol,190689.4123,198856.9576,93431.99886,1,5147.345182,3020.200063,10067333.54,0,"{""601288.SH"": 13002.328}",-0.008786283111,-0.04221292062,0.5100304851
2026-01-15,V22 LambdaRank Top1 12pct vol,188739.0631,196906.6084,93431.99886,1,5147.345182,3020.200063,10067333.54,-1.455191523e-11,"{""601288.SH"": 13002.328}",-0.01022788406,-0.05200905582,0.5049673485
2026-01-16,V22 LambdaRank Top1 12pct vol,187178.7838,195346.329,93431.99886,1,5147.345182,3020.200063,10067333.54,-1.455191523e-11,"{""601288.SH"": 13002.328}",-0.00826685973,-0.05984596398,0.50084087
2026-01-19,V22 LambdaRank Top1 12pct vol,185748.5277,193916.0729,93431.99886,1,5147.345182,3020.200063,10067333.54,0,"{""601288.SH"": 13002.328}",-0.007641122843,-0.06702979646,0.4969973651
2026-01-20,V22 LambdaRank Top1 12pct vol,186658.6907,194826.2359,93431.99886,1,5147.345182,3020.200063,10067333.54,1.455191523e-11,"{""601288.SH"": 13002.328}",0.004899974022,-0.0624582667,0.4994500468
2026-01-21,V22 LambdaRank Top1 12pct vol,183928.2018,192095.747,93431.99886,1,5147.345182,3020.200063,10067333.54,1.455191523e-11,"{""601288.SH"": 13002.328}",-0.01462824405,-0.07617285599,0.4920191794
2026-01-22,V22 LambdaRank Top1 12pct vol,181977.8526,190145.3978,93431.99886,1,5147.345182,3020.200063,10067333.54,0,"{""601288.SH"": 13002.328}",-0.01060386163,-0.08596899119,0.4865748906
2026-01-23,V22 LambdaRank Top1 12pct vol,181197.7129,189365.2581,93431.99886,1,5147.345182,3020.200063,10067333.54,0,"{""601288.SH"": 13002.328}",-0.004287003441,-0.08988744527,0.4843643588
2026-01-26,V22 LambdaRank Top1 12pct vol,182367.9224,190535.4677,93431.99886,1,5147.345182,3020.200063,10067333.54,0,"{""601288.SH"": 13002.328}",0.006458191451,-0.08400976415,0.4876730643
2026-01-27,V22 LambdaRank Top1 12pct vol,183018.0388,191185.5841,93431.99886,1,5147.345182,3020.200063,10067333.54,-1.455191523e-11,"{""601288.SH"": 13002.328}",0.003564861581,-0.08074438575,0.4894929512
2026-01-28,V22 LambdaRank Top1 12pct vol,181847.8293,190015.3745,93431.99886,1,5147.345182,3020.200063,10067333.54,-1.455191523e-11,"{""601288.SH"": 13002.328}",-0.006393957273,-0.08662206687,0.4862077858
2026-01-29,V22 LambdaRank Top1 12pct vol,181587.7827,189755.328,93431.99886,1,5147.345182,3020.200063,10067333.54,1.455191523e-11,"{""601288.SH"": 13002.328}",-0.001430022899,-0.08792821823,0.4854719989
2026-01-30,V22 LambdaRank Top1 12pct vol,180807.6431,188975.1883,93431.99886,1,5147.345182,3020.200063,10067333.54,0,"{""601288.SH"": 13002.328}",-0.00429621238,-0.09184667231,0.4832519395
2026-02-02,V22 LambdaRank Top1 12pct vol,181587.7827,189755.328,93431.99886,1,5147.345182,3020.200063,10067333.54,1.455191523e-11,"{""601288.SH"": 13002.328}",0.00431474946,-0.08792821823,0.4854719989
2026-02-03,V22 LambdaRank Top1 12pct vol,179746.1618,187925.0486,73170.65728,1,5152.611762,3026.275063,10087583.54,0,"{""601288.SH"": 16002.328}",-0.01014176677,-0.09717823751,0.5929222824
2026-02-04,V22 LambdaRank Top1 12pct vol,179906.1851,188085.0719,73170.65728,1,5152.611762,3026.275063,10087583.54,1.455191523e-11,"{""601288.SH"": 16002.328}",0.0008902736973,-0.09637447904,0.5932843707
2026-02-05,V22 LambdaRank Top1 12pct vol,180386.2549,188565.1417,73170.65728,1,5152.611762,3026.275063,10087583.54,0,"{""601288.SH"": 16002.328}",0.002668445445,-0.09396320364,0.5943667808
2026-02-06,V22 LambdaRank Top1 12pct vol,179906.1851,188085.0719,73170.65728,1,5152.611762,3026.275063,10087583.54,1.455191523e-11,"{""601288.SH"": 16002.328}",-0.002661343794,-0.09637447904,0.5932843707
2026-02-09,V22 LambdaRank Top1 12pct vol,180546.2782,188725.165,73170.65728,1,5152.611762,3026.275063,10087583.54,-1.455191523e-11,"{""601288.SH"": 16002.328}",0.00355792726,-0.09315944517,0.594726305
2026-02-10,V22 LambdaRank Top1 12pct vol,180866.3248,189045.2116,73170.65728,1,5152.611762,3026.275063,10087583.54,0,"{""601288.SH"": 16002.328}",0.001772656647,-0.09155192823,0.5954434448
2026-02-11,V22 LambdaRank Top1 12pct vol,181826.4644,190005.3513,73170.65728,1,5152.611762,3026.275063,10087583.54,0,"{""601288.SH"": 16002.328}",0.005308559687,-0.08672937742,0.5975797169
2026-02-12,V22 LambdaRank Top1 12pct vol,178946.0454,187124.9322,73170.65728,1,5152.611762,3026.275063,10087583.54,0,"{""601288.SH"": 16002.328}",-0.01584158307,-0.1011970299,0.5911021273
2026-02-13,V22 LambdaRank Top1 12pct vol,177345.8126,185524.6994,73170.65728,1,5152.611762,3026.275063,10087583.54,-1.455191523e-11,"{""601288.SH"": 16002.328}",-0.00894254353,-0.1092346145,0.5874125461
2026-02-24,V22 LambdaRank Top1 12pct vol,176865.7428,185044.6296,73170.65728,1,5152.611762,3026.275063,10087583.54,0,"{""601288.SH"": 16002.328}",-0.002706970258,-0.1116458899,0.5862926526
2026-02-25,V22 LambdaRank Top1 12pct vol,177345.8126,185524.6994,73170.65728,1,5152.611762,3026.275063,10087583.54,-1.455191523e-11,"{""601288.SH"": 16002.328}",0.002714317836,-0.1092346145,0.5874125461
2026-02-26,V22 LambdaRank Top1 12pct vol,175905.6031,184084.4899,73170.65728,1,5152.611762,3026.275063,10087583.54,-1.455191523e-11,"{""601288.SH"": 16002.328}",-0.008120910775,-0.1164684408,0.5840345276
2026-02-27,V22 LambdaRank Top1 12pct vol,175585.5565,183764.4433,73170.65728,1,5152.611762,3026.275063,10087583.54,1.455191523e-11,"{""601288.SH"": 16002.328}",-0.001819422204,-0.1180759577,0.5832763313
2026-03-02,V22 LambdaRank Top1 12pct vol,176865.7428,185044.6296,73170.65728,1,5152.611762,3026.275063,10087583.54,0,"{""601288.SH"": 16002.328}",0.007290954141,-0.1116458899,0.5862926526
2026-03-03,V22 LambdaRank Top1 12pct vol,181798.6614,189990.2116,50547.99392,1,5158.492125,3033.058063,10110193.54,-2.910383046e-11,"{""601288.SH"": 19502.328}",0.02789075239,-0.08686902543,0.721956182
2026-03-04,V22 LambdaRank Top1 12pct vol,180823.545,189015.0952,50547.99392,1,5158.492125,3033.058063,10110193.54,-1.455191523e-11,"{""601288.SH"": 19502.328}",-0.005363716062,-0.0917668007,0.7204567916
2026-03-05,V22 LambdaRank Top1 12pct vol,181993.6847,190185.2349,50547.99392,1,5158.492125,3033.058063,10110193.54,0,"{""601288.SH"": 19502.328}",0.006471168787,-0.08588947037,0.722254132
2026-03-06,V22 LambdaRank Top1 12pct vol,181213.5915,189405.1417,50547.99392,1,5158.492125,3033.058063,10110193.54,-1.455191523e-11,"{""601288.SH"": 19502.328}",-0.004286374671,-0.08980769059,0.7210584841
2026-03-09,V22 LambdaRank Top1 12pct vol,180433.4984,188625.0486,50547.99392,1,5158.492125,3033.058063,10110193.54,1.455191523e-11,"{""601288.SH"": 19502.328}",-0.004304826771,-0.09372591081,0.7198524977
2026-03-10,V22 LambdaRank Top1 12pct vol,178873.3122,187064.8624,50547.99392,1,5158.492125,3033.058063,10110193.54,0,"{""601288.SH"": 19502.328}",-0.008646876849,-0.1015623513,0.7174089678
2026-03-11,V22 LambdaRank Top1 12pct vol,179848.4286,188039.9788,50547.99392,1,5158.492125,3033.058063,10110193.54,1.455191523e-11,"{""601288.SH"": 19502.328}",0.005451435926,-0.09666457598,0.7189411422
2026-03-12,V22 LambdaRank Top1 12pct vol,180043.4519,188235.0021,50547.99392,1,5158.492125,3033.058063,10110193.54,0,"{""601288.SH"": 19502.328}",0.00108437578,-0.09568502092,0.7192455855
2026-03-13,V22 LambdaRank Top1 12pct vol,179653.4053,187844.9555,50547.99392,1,5158.492125,3033.058063,10110193.54,0,"{""601288.SH"": 19502.328}",-0.002166402366,-0.09764413103,0.7186360379
2026-03-16,V22 LambdaRank Top1 12pct vol,180238.4751,188430.0253,50547.99392,1,5158.492125,3033.058063,10110193.54,0,"{""601288.SH"": 19502.328}",0.003256658782,-0.09470546587,0.7195493699
2026-03-17,V22 LambdaRank Top1 12pct vol,182383.7312,190575.2814,50547.99392,1,5158.492125,3033.058063,10110193.54,-2.910383046e-11,"{""601288.SH"": 19502.328}",0.0119023204,-0.08393036026,0.7228481204
2026-03-18,V22 LambdaRank Top1 12pct vol,181993.6847,190185.2349,50547.99392,1,5158.492125,3033.058063,10110193.54,0,"{""601288.SH"": 19502.328}",-0.002138603906,-0.08588947037,0.722254132
2026-03-19,V22 LambdaRank Top1 12pct vol,183748.8942,191940.4444,50547.99392,1,5158.492125,3033.058063,10110193.54,0,"{""601288.SH"": 19502.328}",0.009644343009,-0.07707347488,0.7249072211
2026-03-20,V22 LambdaRank Top1 12pct vol,182383.7312,190575.2814,50547.99392,1,5158.492125,3033.058063,10110193.54,-2.910383046e-11,"{""601288.SH"": 19502.328}",-0.007429502998,-0.08393036026,0.7228481204
2026-03-23,V22 LambdaRank Top1 12pct vol,176728.0561,184919.6063,50547.99392,1,5158.492125,3033.058063,10110193.54,-1.455191523e-11,"{""601288.SH"": 19502.328}",-0.03100975664,-0.1123374569,0.7139786685
2026-03-24,V22 LambdaRank Top1 12pct vol,177313.1259,185504.6761,50547.99392,1,5158.492125,3033.058063,10110193.54,-1.455191523e-11,"{""601288.SH"": 19502.328}",0.003310565696,-0.1093987917,0.7149224365
2026-03-25,V22 LambdaRank Top1 12pct vol,178288.2423,186479.7925,50547.99392,1,5158.492125,3033.058063,10110193.54,0,"{""601288.SH"": 19502.328}",0.005499403358,-0.1045010164,0.7164816184
2026-03-26,V22 LambdaRank Top1 12pct vol,177508.1492,185699.6994,50547.99392,1,5158.492125,3033.058063,10110193.54,0,"{""601288.SH"": 19502.328}",-0.004375460265,-0.1084192366,0.7152356433
2026-03-27,V22 LambdaRank Top1 12pct vol,176923.0794,185114.6296,50547.99392,1,5158.492125,3033.058063,10110193.54,1.455191523e-11,"{""601288.SH"": 19502.328}",-0.003296016789,-0.1113579018,0.7142939514
2026-03-30,V22 LambdaRank Top1 12pct vol,177118.1027,185309.6529,50547.99392,1,5158.492125,3033.058063,10110193.54,0,"{""601288.SH"": 19502.328}",0.001102305481,-0.1103783467,0.71460854
2026-03-31,V22 LambdaRank Top1 12pct vol,181213.5915,189405.1417,50547.99392,1,5158.492125,3033.058063,10110193.54,-1.455191523e-11,"{""601288.SH"": 19502.328}",0.02312292656,-0.08980769059,0.7210584841
2026-04-01,V22 LambdaRank Top1 12pct vol,181018.5683,189210.1185,50547.99392,1,5158.492125,3033.058063,10110193.54,0,"{""601288.SH"": 19502.328}",-0.001076206693,-0.09078724565,0.720757962
2026-04-02,V22 LambdaRank Top1 12pct vol,184385.6467,192615.6539,86797.53691,1,5186.062732,3043.944463,10146481.54,1.455191523e-11,"{""601288.SH"": 14102.328}",0.01860073509,-0.07387522006,0.5292608808
2026-04-03,V22 LambdaRank Top1 12pct vol,183257.4605,191487.4677,86797.53691,1,5186.062732,3043.944463,10146481.54,0,"{""601288.SH"": 14102.328}",-0.0061186229,-0.07954182835,0.5263628739
2026-04-07,V22 LambdaRank Top1 12pct vol,181142.1113,189372.1185,86797.53691,1,5186.062732,3043.944463,10146481.54,-1.455191523e-11,"{""601288.SH"": 14102.328}",-0.01154304548,-0.09016671889,0.5208318137
2026-04-08,V22 LambdaRank Top1 12pct vol,180295.9716,188525.9788,86797.53691,1,5186.062732,3043.944463,10146481.54,0,"{""601288.SH"": 14102.328}",-0.004671137343,-0.0944166751,0.518583049
2026-04-09,V22 LambdaRank Top1 12pct vol,179872.9017,188102.9089,86797.53691,1,5186.062732,3043.944463,10146481.54,0,"{""601288.SH"": 14102.328}",-0.002346529634,-0.09654165321,0.5174507329
2026-04-10,V22 LambdaRank Top1 12pct vol,179731.8785,187961.8857,86797.53691,1,5186.062732,3043.944463,10146481.54,0,"{""601288.SH"": 14102.328}",-0.0007840162619,-0.09724997925,0.5170721095
2026-04-13,V22 LambdaRank Top1 12pct vol,180436.9949,188667.0021,86797.53691,1,5186.062732,3043.944463,10146481.54,-1.455191523e-11,"{""601288.SH"": 14102.328}",0.003923157128,-0.09370834907,0.5189593078
2026-04-14,V22 LambdaRank Top1 12pct vol,182129.2742,190359.2814,86797.53691,1,5186.062732,3043.944463,10146481.54,-1.455191523e-11,"{""601288.SH"": 14102.328}",0.00937878267,-0.08520843664,0.5234289639
2026-04-15,V22 LambdaRank Top1 12pct vol,184808.7165,193038.7237,86797.53691,1,5186.062732,3043.944463,10146481.54,0,"{""601288.SH"": 14102.328}",0.01471176082,-0.07175024196,0.5303385114
2026-04-16,V22 LambdaRank Top1 12pct vol,185513.8329,193743.8401,86797.53691,1,5186.062732,3043.944463,10146481.54,0,"{""601288.SH"": 14102.328}",0.003815384974,-0.06820861178,0.5321236398
2026-04-17,V22 LambdaRank Top1 12pct vol,186359.9726,194589.9798,86797.53691,1,5186.062732,3043.944463,10146481.54,0,"{""601288.SH"": 14102.328}",0.00456105977,-0.06395865556,0.5342479627
2026-04-20,V22 LambdaRank Top1 12pct vol,188193.2753,196423.2825,86797.53691,1,5186.062732,3043.944463,10146481.54,0,"{""601288.SH"": 14102.328}",0.009837427076,-0.0547504171,0.5387851304
2026-04-21,V22 LambdaRank Top1 12pct vol,188052.252,196282.2592,86797.53691,1,5186.062732,3043.944463,10146481.54,0,"{""601288.SH"": 14102.328}",-0.0007493534498,-0.05545874313,0.5384392582
2026-04-22,V22 LambdaRank Top1 12pct vol,186500.9959,194731.0031,86797.53691,1,5186.062732,3043.944463,10146481.54,0,"{""601288.SH"": 14102.328}",-0.008249069416,-0.06325032953,0.5346001425
2026-04-23,V22 LambdaRank Top1 12pct vol,185936.9028,194166.91,86797.53691,1,5186.062732,3043.944463,10146481.54,1.455191523e-11,"{""601288.SH"": 14102.328}",-0.003024611839,-0.06608363367,0.5331882181
2026-04-24,V22 LambdaRank Top1 12pct vol,186077.9261,194307.9333,86797.53691,1,5186.062732,3043.944463,10146481.54,0,"{""601288.SH"": 14102.328}",0.0007584469674,-0.06537530763,0.5335420017
2026-04-27,V22 LambdaRank Top1 12pct vol,184385.6467,192615.6539,86797.53691,1,5186.062732,3043.944463,10146481.54,1.455191523e-11,"{""601288.SH"": 14102.328}",-0.009094465938,-0.07387522006,0.5292608808
2026-04-28,V22 LambdaRank Top1 12pct vol,185231.7864,193461.7936,86797.53691,1,5186.062732,3043.944463,10146481.54,0,"{""601288.SH"": 14102.328}",0.004588967175,-0.06962526385,0.5314112194
2026-04-29,V22 LambdaRank Top1 12pct vol,184667.6933,192897.7005,86797.53691,1,5186.062732,3043.944463,10146481.54,0,"{""601288.SH"": 14102.328}",-0.003045336501,-0.07245856799,0.5299798499
2026-04-30,V22 LambdaRank Top1 12pct vol,184385.6467,192615.6539,86797.53691,1,5186.062732,3043.944463,10146481.54,1.455191523e-11,"{""601288.SH"": 14102.328}",-0.001527319452,-0.07387522006,0.5292608808
2026-05-06,V22 LambdaRank Top1 12pct vol,183539.507,191769.5142,86797.53691,1,5186.062732,3043.944463,10146481.54,0,"{""601288.SH"": 14102.328}",-0.004588967175,-0.07812517628,0.5270907157
2026-05-07,V22 LambdaRank Top1 12pct vol,183534.5054,191949.4444,34995.50541,1,5297.718034,3117.220933,10390736.44,0,"{""601398.SH"": 20100.0}",-2.725087793e-05,-0.07815029818,0.8093246535
2026-05-08,V22 LambdaRank Top1 12pct vol,184941.5054,193356.4444,34995.50541,1,5297.718034,3117.220933,10390736.44,0,"{""601398.SH"": 20100.0}",0.007666133389,-0.0710832754,0.8107752755
2026-05-11,V22 LambdaRank Top1 12pct vol,185142.5054,193557.4444,34995.50541,1,5297.718034,3117.220933,10390736.44,0,"{""601398.SH"": 20100.0}",0.001086830128,-0.07007370071,0.8109807074
2026-05-12,V22 LambdaRank Top1 12pct vol,185343.5054,193758.4444,34995.50541,1,5297.718034,3117.220933,10390736.44,0,"{""601398.SH"": 20100.0}",0.001085650211,-0.06906412603,0.8111856937
2026-05-13,V22 LambdaRank Top1 12pct vol,183700.5468,192115.4858,34995.50541,1,5297.718034,3117.220933,10390736.44,0,"{""601398.SH"": 20567.7789}",-0.008864398126,-0.07731631225,0.8094969992
2026-05-14,V22 LambdaRank Top1 12pct vol,185140.2913,193555.2303,34995.50541,1,5297.718034,3117.220933,10390736.44,0,"{""601398.SH"": 20567.7789}",0.007837453658,-0.0700848216,0.8109784469
2026-05-15,V22 LambdaRank Top1 12pct vol,183906.2246,192321.1635,34995.50541,1,5297.718034,3117.220933,10390736.44,0,"{""601398.SH"": 20567.7789}",-0.006665576276,-0.07628324216,0.8097100547
2026-05-18,V22 LambdaRank Top1 12pct vol,182877.8356,191292.7746,34995.50541,1,5297.718034,3117.220933,10390736.44,0,"{""601398.SH"": 20567.7789}",-0.005591920267,-0.08144859262,0.8086399848
2026-05-19,V22 LambdaRank Top1 12pct vol,184317.5802,192732.5191,34995.50541,1,5297.718034,3117.220933,10390736.44,0,"{""601398.SH"": 20567.7789}",0.007872711952,-0.07421710197,0.8101347393
2026-05-20,V22 LambdaRank Top1 12pct vol,181643.7689,190058.7079,34995.50541,1,5297.718034,3117.220933,10390736.44,0,"{""601398.SH"": 20567.7789}",-0.01450654492,-0.08764701317,0.807339907
2026-05-21,V22 LambdaRank Top1 12pct vol,182055.1245,190470.0634,34995.50541,1,5297.718034,3117.220933,10390736.44,0,"{""601398.SH"": 20567.7789}",0.00226462807,-0.08558087298,0.8077752246
2026-05-22,V22 LambdaRank Top1 12pct vol,182672.1578,191087.0968,34995.50541,1,5297.718034,3117.220933,10390736.44,0,"{""601398.SH"": 20567.7789}",0.003389266677,-0.08248166271,0.808424525
2026-05-25,V22 LambdaRank Top1 12pct vol,182466.4801,190881.419,34995.50541,1,5297.718034,3117.220933,10390736.44,0,"{""601398.SH"": 20567.7789}",-0.00112593945,-0.0835147328,0.8082085795
2026-05-26,V22 LambdaRank Top1 12pct vol,182672.1578,191087.0968,34995.50541,1,5297.718034,3117.220933,10390736.44,0,"{""601398.SH"": 20567.7789}",0.001127208619,-0.08248166271,0.808424525
2026-05-27,V22 LambdaRank Top1 12pct vol,181438.0911,189853.0301,34995.50541,1,5297.718034,3117.220933,10390736.44,0,"{""601398.SH"": 20567.7789}",-0.006755636699,-0.08868008326,0.807121508
2026-05-28,V22 LambdaRank Top1 12pct vol,179792.6688,188207.6078,34995.50541,1,5297.718034,3117.220933,10390736.44,0,"{""601398.SH"": 20567.7789}",-0.009068780988,-0.09694464399,0.8053563271
2026-05-29,V22 LambdaRank Top1 12pct vol,183494.869,191909.808,34995.50541,1,5297.718034,3117.220933,10390736.44,0,"{""601398.SH"": 20567.7789}",0.020591497,-0.07834938234,0.8092834661
2026-06-01,V22 LambdaRank Top1 12pct vol,185140.2913,193555.2303,34995.50541,1,5297.718034,3117.220933,10390736.44,0,"{""601398.SH"": 20567.7789}",0.008967129818,-0.0700848216,0.8109784469
2026-06-02,V22 LambdaRank Top1 12pct vol,183892.2698,192540.2303,52957.26978,1,5446.111131,3201.849369,10672831.23,0,"{""601288.SH"": 20300.0}",-0.006740950461,-0.07635333376,0.7120201418
2026-06-03,V22 LambdaRank Top1 12pct vol,182065.2698,190713.2303,52957.26978,1,5446.111131,3201.849369,10672831.23,0,"{""601288.SH"": 20300.0}",-0.009935164769,-0.08552991557,0.7091303034
2026-06-04,V22 LambdaRank Top1 12pct vol,180847.2698,189495.2303,52957.26978,1,5446.111131,3201.849369,10672831.23,0,"{""601288.SH"": 20300.0}",-0.006689908523,-0.09164763679,0.7071713062
2026-06-05,V22 LambdaRank Top1 12pct vol,182065.2698,190713.2303,52957.26978,1,5446.111131,3201.849369,10672831.23,0,"{""601288.SH"": 20300.0}",0.006734964821,-0.08552991557,0.7091303034
2026-06-08,V22 LambdaRank Top1 12pct vol,186328.2698,194976.2303,52957.26978,1,5446.111131,3201.849369,10672831.23,0,"{""601288.SH"": 20300.0}",0.02341467983,-0.06411789133,0.7157851042
2026-06-09,V22 LambdaRank Top1 12pct vol,186937.2698,195585.2303,52957.26978,1,5446.111131,3201.849369,10672831.23,0,"{""601288.SH"": 20300.0}",0.003268425133,-0.06105903073,0.7167110131
2026-06-10,V22 LambdaRank Top1 12pct vol,189170.2698,197818.2303,52957.26978,1,5446.111131,3201.849369,10672831.23,0,"{""601288.SH"": 20300.0}",0.01194518355,-0.04984320851,0.7200550074
2026-06-11,V22 LambdaRank Top1 12pct vol,188561.2698,197209.2303,52957.26978,1,5446.111131,3201.849369,10672831.23,0,"{""601288.SH"": 20300.0}",-0.003219321941,-0.05290206911,0.7191508636
2026-06-12,V22 LambdaRank Top1 12pct vol,190997.2698,199645.2303,52957.26978,1,5446.111131,3201.849369,10672831.23,0,"{""601288.SH"": 20300.0}",0.01291887779,-0.04066662669,0.7227328441
2026-06-15,V22 LambdaRank Top1 12pct vol,188561.2698,197209.2303,52957.26978,1,5446.111131,3201.849369,10672831.23,0,"{""601288.SH"": 20300.0}",-0.01275410901,-0.05290206911,0.7191508636
2026-06-16,V22 LambdaRank Top1 12pct vol,187140.2698,195788.2303,52957.26978,1,5446.111131,3201.849369,10672831.23,0,"{""601288.SH"": 20300.0}",-0.007536012044,-0.06003941052,0.7170183102
2026-06-17,V22 LambdaRank Top1 12pct vol,185516.2698,194164.2303,52957.26978,1,5446.111131,3201.849369,10672831.23,0,"{""601288.SH"": 20300.0}",-0.008677982574,-0.06819637214,0.7145411028
2026-06-18,V22 LambdaRank Top1 12pct vol,182268.2698,190916.2303,52957.26978,1,5446.111131,3201.849369,10672831.23,0,"{""601288.SH"": 20300.0}",-0.01750789838,-0.08451029537,0.7094542575
2026-06-22,V22 LambdaRank Top1 12pct vol,182877.2698,191525.2303,52957.26978,1,5446.111131,3201.849369,10672831.23,0,"{""601288.SH"": 20300.0}",0.003341228842,-0.08145143477,0.7104218045
2026-06-23,V22 LambdaRank Top1 12pct vol,186328.2698,194976.2303,52957.26978,1,5446.111131,3201.849369,10672831.23,0,"{""601288.SH"": 20300.0}",0.01887057918,-0.06411789133,0.7157851042
2026-06-24,V22 LambdaRank Top1 12pct vol,181659.2698,190307.2303,52957.26978,1,5446.111131,3201.849369,10672831.23,0,"{""601288.SH"": 20300.0}",-0.02505792602,-0.08756915598,0.7084802232
2026-06-25,V22 LambdaRank Top1 12pct vol,179832.2698,188480.2303,52957.26978,1,5446.111131,3201.849369,10672831.23,0,"{""601288.SH"": 20300.0}",-0.01005729023,-0.09674573779,0.7055185377
2026-06-26,V22 LambdaRank Top1 12pct vol,178614.2698,187262.2303,52957.26978,1,5446.111131,3201.849369,10672831.23,1.455191523e-11,"{""601288.SH"": 20300.0}",-0.006772977962,-0.102863459,0.7035104203
2026-06-29,V22 LambdaRank Top1 12pct vol,179629.2698,188277.2303,52957.26978,1,5446.111131,3201.849369,10672831.23,0,"{""601288.SH"": 20300.0}",0.005682636674,-0.097765358,0.7051857426
2026-06-30,V22 LambdaRank Top1 12pct vol,176178.2698,184826.2303,52957.26978,1,5446.111131,3201.849369,10672831.23,0,"{""601288.SH"": 20300.0}",-0.01921179106,-0.1150989014,0.6994108874
