tree
version=v4
num_class=1
num_tree_per_iteration=1
label_index=0
max_feature_idx=7
objective=lambdarank
feature_names=Column_0 Column_1 Column_2 Column_3 Column_4 Column_5 Column_6 Column_7
feature_infos=[-2.8707199096679688:1.4220840930938721] [-1.4033499956130981:2.5005612373352051] [-1.2703711986541748:2.8120923042297363] [-2.4748332500457764:2.8062193393707275] [0:1] [0:1] [0:1] [0:1]
tree_sizes=889 902 905 906 906 900 886 882 802 885 879 899 892 900 900 893 688 905 906 904 881 896 900 906 908 880 881 905 875 882 903 882 694 908 884 685 909 905 797 910 889 904 899 898 886 910 902 901 797 889 777 794 904 905 885 903 691 789 865 887 895 778 902 866 906 900 897 902 903 903 871 911 891 693 900 898 900 906 906 672 903 695 880 871 904 903 583 783 899 907 896 692 882 797 690 877 901 773 909 899 880 903 897 883 753 913 903 904 898 690 898 900 902 900 904 893 857 914 887 864 907 902 899 698 909 869 774 905 684 889 789 897 890 890 760 699 858 894 878 866 909 900 905 773 883 885 781 903 905 849 905 883 884 885 864 906 583 907 888 803 897 905 906 902 879 887 653 891 779 908 882 906 884 896 871 871 896 904 801 883

Tree=0
num_leaves=7
num_cat=0
split_feature=0 2 0 3 2 3
split_gain=4.36254 2.03537 1.63546 1.55638 0.818668 0.784567
threshold=-1.4729832410812376 0.21212387830019 -2.3225803375244136 0.63325822353363048 0.087409157305955901 -1.0891421437263487
decision_type=2 2 2 2 2 2
left_child=2 3 4 -2 -1 -3
right_child=1 5 -4 -5 -6 -7
leaf_value=0.0023777505838234467 0.0054405442848390467 0.0011255924784674099 -0.004148711428497035 -0.0013134446143312827 -0.0022622631932727095 -0.0041534220723358209
leaf_weight=58.390797758474946 137.47615719214082 14.080481849610804 203.14823233895004 13.37398975342512 37.368596125394106 27.877712745219469
leaf_count=604 1617 163 2338 158 377 337
internal_value=-0.000423558 0.00278385 -0.00272545 0.00440691 0 -0.00162199
internal_weight=491.716 192.808 298.908 150.85 95.7594 41.9582
internal_count=5594 2275 3319 1775 981 500
is_linear=0
shrinkage=0.03


Tree=1
num_leaves=7
num_cat=0
split_feature=1 3 3 2 3 3
split_gain=34.7986 17.8876 28.3711 13.9821 11.5004 5.35713
threshold=0.2184160575270653 -1.6115207076072691 0.028344309888780121 -0.11533011496067046 -1.1251727342605589 -1.3133282065391538
decision_type=2 2 2 2 2 2
left_child=1 3 -3 -1 5 -2
right_child=4 2 -4 -5 -6 -7
leaf_value=-0.0083499953392045835 -0.0025469289304523106 0.0050041019799323136 -0.0021598095976381577 0.00096773939725735712 -0.0080018491133825153 0.0066305008644505373
leaf_weight=230.31129181012511 209.64300145581365 1655.6082518957555 680.58029789850116 312.84442821517587 496.25002534687519 55.823687136173248
leaf_count=347 291 2575 1058 454 788 88
internal_value=0.000210516 0.00173964 0.00289102 -0.00303289 -0.00538954 -7.7541e-05
internal_weight=3641.06 2879.34 2336.19 543.156 761.717 265.467
internal_count=5601 4434 3633 801 1167 379
is_linear=0
shrinkage=0.03


Tree=2
num_leaves=7
num_cat=0
split_feature=0 1 2 5 2 0
split_gain=60.019 29.4745 28.8318 35.6504 21.2717 11.2614
threshold=-1.4729832410812376 0.4297384917736054 0.031046066433191303 1.0000000180025095e-35 -0.36325532197952265 -2.3280282020568843
decision_type=2 2 2 2 2 2
left_child=2 4 5 -4 -2 -1
right_child=1 -3 3 -5 -6 -7
leaf_value=0.0045168000143937766 -0.004069676748069421 -0.0098413440573255941 -0.002861912173667549 -0.016508049804446437 0.0070606471257928377 -0.0017557332394307114
leaf_weight=355.62968373298645 153.43577495217323 94.792817711830139 611.72844064235687 235.38967866823077 1386.7925202324986 793.84526574611664
leaf_count=532 208 153 1003 418 1887 1411
internal_value=0.000575399 0.00482007 -0.00288417 -0.00701627 0.00587545 0.000177643
internal_weight=3631.61 1635.02 1996.59 847.118 1540.23 1149.47
internal_count=5612 2248 3364 1421 2095 1943
is_linear=0
shrinkage=0.03


Tree=3
num_leaves=7
num_cat=0
split_feature=2 3 3 3 4 3
split_gain=37.7784 19.7637 21.8818 14.5411 24.2111 8.72808
threshold=0.14929969608783725 -0.16036090999841687 -1.1574772000312803 -0.76493588089942921 1.0000000180025095e-35 -1.6307436823844907
decision_type=2 2 2 2 2 2
left_child=1 2 -1 5 -5 -2
right_child=3 -3 -4 4 -6 -7
leaf_value=0.00048060415147196749 -0.0063638365977059614 -0.0019417092225056756 0.0070393951338052381 -0.011507609913132596 0.0045098050613349419 0.0021832764811182269
leaf_weight=918.00038011744618 140.99967651069164 699.29049762710929 943.84439348429441 386.06320582330227 89.658399984240532 295.20610417425632
leaf_count=1469 229 1168 1411 718 156 470
internal_value=0.000379141 0.0022622 0.00387688 -0.00478006 -0.00830764 -0.000605853
internal_weight=3473.06 2561.14 1861.84 911.927 475.722 436.206
internal_count=5621 4048 2880 1573 874 699
is_linear=0
shrinkage=0.03


Tree=4
num_leaves=7
num_cat=0
split_feature=2 3 3 3 4 2
split_gain=18.299 17.9816 16.3959 12.514 10.7226 10.4843
threshold=0.16934513300657275 -0.19439660012722013 -1.1641328930854795 -1.2171831130981443 1.0000000180025095e-35 -0.16679476946592328
decision_type=2 2 2 2 2 2
left_child=1 2 -1 -2 -5 -3
right_child=3 5 -4 4 -6 -7
leaf_value=0.00019593875855382237 0.0018299312639682578 -0.0065327118540099783 0.0058853500142627673 -0.0083894677922055089 0.00091730708586440556 0.00061381922002263893
leaf_weight=886.23129598796368 244.75771118700504 286.32868437469006 974.25770350545645 401.99407650530338 131.34629829227924 424.95010203868151
leaf_count=1476 399 508 1389 837 205 739
internal_value=0.000446337 0.00168267 0.00323805 -0.00350456 -0.00603873 -0.00228099
internal_weight=3349.87 2571.77 1860.49 778.098 533.34 711.279
internal_count=5553 4112 2865 1441 1042 1247
is_linear=0
shrinkage=0.03


Tree=5
num_leaves=7
num_cat=0
split_feature=0 1 1 3 3 1
split_gain=49.4918 15.9872 13.4646 10.5586 8.38867 7.7352
threshold=-1.4729832410812376 0.20025460422039035 -0.23348162323236463 -2.0389161109924312 -1.6395657658576963 -0.46026618778705591
decision_type=2 2 2 2 2 2
left_child=2 5 4 -4 -1 -2
right_child=1 -3 3 -5 -6 -7
leaf_value=-0.0070426260971532045 -0.0029006884391130977 -0.0019212049446219921 0.0060371934024486852 -0.0050371328633597827 0.0035240338864377611 0.0064257552142187261
leaf_weight=60.874149039387703 65.769905865192413 276.21020792424679 60.848643586039543 1352.289466176182 349.72133390232921 1118.861850399524
leaf_count=123 115 499 120 2542 591 1652
internal_value=0.000208563 0.00430848 -0.00305411 -0.00444082 0.00156375 0.00581859
internal_weight=3284.58 1460.84 1823.73 1413.14 410.595 1184.63
internal_count=5642 2266 3376 2662 714 1767
is_linear=0
shrinkage=0.03


Tree=6
num_leaves=7
num_cat=0
split_feature=0 2 0 0 2 4
split_gain=38.1719 17.7713 16.931 14.3811 18.4928 14.0114
threshold=-1.468545079231262 0.09910838678479196 -2.5034524202346797 -0.94131574034690846 -0.041569208726286881 1.0000000180025095e-35
decision_type=2 2 2 2 2 2
left_child=1 2 -1 -2 -5 -3
right_child=3 5 -4 4 -6 -7
leaf_value=0.0078871079008809731 0.0061020767281379125 -0.010962994723406384 -0.0022597704771263813 0.0054962410157099583 -0.0046424411657332576 -0.00059641284607811495
leaf_weight=149.77963648736477 831.92419632896781 339.03674328327179 1082.1718165911734 282.22242915630341 328.63189359754324 196.80821973085403
leaf_count=259 1296 788 2016 415 529 366
internal_value=0 -0.00295168 -0.000871907 0.00358297 0 -0.0074219
internal_weight=3210.57 1767.8 1231.95 1442.78 610.854 535.845
internal_count=5669 3429 2275 2240 944 1154
is_linear=0
shrinkage=0.03


Tree=7
num_leaves=7
num_cat=0
split_feature=0 2 0 0 0 2
split_gain=34.8811 16.0274 15.2118 13.4477 9.10546 9.05652
threshold=-1.4729832410812376 0.031046066433191303 -2.4101674556732173 -0.94131574034690846 -0.89321395754814137 0.16260487586259845
decision_type=2 2 2 2 2 2
left_child=1 2 -1 5 -5 -2
right_child=3 -3 -4 4 -6 -7
leaf_value=0.0057408669671581937 0.0072019611702579065 -0.0069030304372694135 -0.0028447872282337293 -0.010397838407925564 0.00092047667451984074 0
leaf_weight=222.14422723650932 637.67125131189823 642.3079774454236 757.1259579025209 51.823755860328674 542.22534416615963 202.91500748693943
leaf_count=372 946 1403 1500 87 888 347
internal_value=-0.000271482 -0.00328499 -0.000761196 0.0030918 -0.000275705 0.00549246
internal_weight=3056.21 1621.58 979.27 1434.64 594.049 840.586
internal_count=5543 3275 1872 2268 975 1293
is_linear=0
shrinkage=0.03


Tree=8
num_leaves=6
num_cat=0
split_feature=1 2 7 7 5
split_gain=11.9743 9.21246 14.2119 8.17252 6.43427
threshold=0.37454925477504736 -0.36325532197952265 1.0000000180025095e-35 1.0000000180025095e-35 1.0000000180025095e-35
decision_type=2 2 2 2 2
left_child=1 4 -3 -2 -1
right_child=3 2 -4 -5 -6
leaf_value=-0.0059351377384122108 -0.0085145819732738732 0.00024924502057994502 0.0054746714676040514 0.0020991841612281459 0.002929225802848363
leaf_weight=243.14900484681129 191.77146323770285 1781.6823306232691 630.06966293230653 73.112853601574898 78.138634756207466
leaf_count=443 416 3344 1104 147 141
internal_value=0.000392965 0.00101474 0.00167286 -0.00543268 -0.00355816
internal_weight=2997.92 2733.04 2411.75 264.884 321.288
internal_count=5595 5032 4448 563 584
is_linear=0
shrinkage=0.03


Tree=9
num_leaves=7
num_cat=0
split_feature=3 0 3 4 1 0
split_gain=19.0481 14.448 25.2882 11.5137 4.87826 1.74393
threshold=0.48397772014141088 -1.4729832410812376 -1.081967771053314 1.0000000180025095e-35 -0.25949998199939722 -2.2358858585357662
decision_type=2 2 2 2 2 2
left_child=1 2 -1 -3 -2 -6
right_child=4 3 -4 -5 5 -7
leaf_value=-0.0055283145160912282 0 0.0048556241467136605 0.0025292350752440752 -0.0020509985002862248 -0.00074709043421692756 -0.0088999576224837815
leaf_weight=605.79714236781001 75.493840679526329 992.02749776095152 768.97485525906086 250.62558367848396 48.669385321438313 233.61840047687292
leaf_count=1236 153 1578 1603 417 121 488
internal_value=0.000154047 0.00107486 -0.00100669 0.00340471 -0.00612383 -0.00783523
internal_weight=2975.21 2617.43 1374.77 1242.65 357.782 282.288
internal_count=5596 4834 2839 1995 762 609
is_linear=0
shrinkage=0.03


Tree=10
num_leaves=7
num_cat=0
split_feature=1 0 0 0 3 0
split_gain=14.1739 12.384 12.878 12.3117 8.37839 2.2535
threshold=0.37454925477504736 -1.4729832410812376 -2.3225803375244136 -1.4298965334892271 -0.8926764428615569 -1.478472054004669
decision_type=2 2 2 2 2 2
left_child=1 2 -1 -3 5 -2
right_child=4 3 -4 -5 -6 -7
leaf_value=0.00281788867138221 -0.0036023264659705953 0.013194865440582366 -0.0031396410966997561 0.001931467735623761 -0.010922528474437041 0.003584372224262145
leaf_weight=461.28901340067387 63.741567760705948 78.951354116201401 965.49890423566103 1162.7887304872274 138.74951291829348 53.278371170163155
leaf_count=896 126 131 2110 1889 350 92
internal_value=2.69404e-05 0.000711272 -0.00115974 0.00289296 -0.00642912 0
internal_weight=2924.3 2668.53 1426.79 1241.74 255.769 117.02
internal_count=5594 5026 3006 2020 568 218
is_linear=0
shrinkage=0.03


Tree=11
num_leaves=7
num_cat=0
split_feature=0 3 3 3 3 0
split_gain=30.2632 12.6852 19.3005 11.7402 26.0303 8.55149
threshold=-1.4729832410812376 0.25578932464122778 -1.081967771053314 -0.76493588089942921 -1.5931830406188963 -2.4965162277221675
decision_type=2 2 2 2 2 2
left_child=1 2 -1 4 -2 -3
right_child=3 5 -4 -5 -6 -7
leaf_value=-0.0053551307421952059 -0.00099089560078797849 0.0017664088087218136 0.0019159263995734183 0.00032001674337347601 0.010375630031819369 -0.010820542992217038
leaf_weight=579.9731330126524 280.31905484199524 44.771589316427708 694.56253233551979 657.56197263300419 437.11277848482132 220.39403805881739
leaf_count=1241 476 99 1463 1124 680 567
internal_value=0.000112929 -0.00273813 -0.00137801 0.00334201 0.00594665 -0.00851008
internal_weight=2914.7 1539.7 1274.54 1374.99 717.432 265.166
internal_count=5650 3370 2704 2280 1156 666
is_linear=0
shrinkage=0.03


Tree=12
num_leaves=7
num_cat=0
split_feature=0 1 2 0 3 1
split_gain=19.6701 12.4658 12.0419 9.81288 8.4632 4.80455
threshold=-1.5538208484649656 0.20025460422039035 0.031046066433191303 -2.3225803375244136 -1.5827356576919553 -0.18526773154735562
decision_type=2 2 2 2 2 2
left_child=2 4 3 -1 -2 -4
right_child=1 -3 5 -5 -6 -7
leaf_value=0.0042501609887489918 -0.00075678356361637462 -0.0026146893492624669 0.0028196367541026379 -0.0023636881473496196 0.0053506610702132662 -0.0064043236614973898
leaf_weight=293.23179847002029 234.24891450256109 293.81017666310072 35.424735933542252 547.99791192635894 916.75242780894041 522.62275420874357
leaf_count=548 419 556 76 1227 1537 1261
internal_value=0.000191746 0.00264834 -0.00230409 0 0.00406475 -0.00563769
internal_weight=2844.09 1444.81 1399.28 841.23 1151 558.047
internal_count=5624 2512 3112 1775 1956 1337
is_linear=0
shrinkage=0.03


Tree=13
num_leaves=7
num_cat=0
split_feature=0 0 2 3 4 2
split_gain=26.6375 10.889 13.4282 7.59876 21.6617 18.4559
threshold=-1.468545079231262 -2.3225803375244136 0.026074276305735115 -1.0984312295913694 1.0000000180025095e-35 0.3992618471384049
decision_type=2 2 2 2 2 2
left_child=1 2 -1 4 -2 -5
right_child=3 -3 -4 5 -6 -7
leaf_value=0.0053434574587415138 0.0099598091274614442 -0.0040664357075621141 -0.0042388634608269676 0.0030806831250623757 -0.0040926109818379425 -0.012000553801266465
leaf_weight=289.72562944889069 369.98382045328617 992.19477741792798 204.93577080219984 747.61947117000818 112.72928595542908 59.941297955811024
leaf_count=539 602 2373 471 1280 223 124
internal_value=0.000433271 -0.00226597 0.00124652 0.00357666 0.0065265 0.00162581
internal_weight=2777.13 1486.86 494.661 1290.27 482.713 807.561
internal_count=5612 3383 1010 2229 825 1404
is_linear=0
shrinkage=0.03


Tree=14
num_leaves=7
num_cat=0
split_feature=7 3 2 3 0 1
split_gain=13.3846 17.6189 19.6932 14.9966 12.7752 12.2715
threshold=1.0000000180025095e-35 -0.90144357085227955 0.22008707374334338 -1.5538411140441892 -2.4826360940933223 0.30277645587921148
decision_type=2 2 2 2 2 2
left_child=3 -2 -3 4 -1 -5
right_child=1 2 -4 5 -6 -7
leaf_value=0.0054325969205829315 0.006598396141808638 0.001822569987519359 -0.015406244917486293 0.0007017446660858433 -0.0097223826515157406 -0.0067823228957572352
leaf_weight=41.64863408356905 477.41730920597911 203.46963578462601 60.366141550242901 1466.679222419858 268.52737963944674 206.59223444014788
leaf_count=81 877 382 131 2972 656 510
internal_value=-0.000143006 0.00322009 -0.00271584 -0.00144941 -0.00729993 -0.000256044
internal_weight=2724.7 741.253 263.836 1983.45 310.176 1673.27
internal_count=5609 1390 513 4219 737 3482
is_linear=0
shrinkage=0.03


Tree=15
num_leaves=7
num_cat=0
split_feature=1 0 1 7 1 0
split_gain=17.7715 14.7998 16.5361 10.6141 12.8218 5.77711
threshold=-0.12505766749382016 -1.5901114344596861 -0.36015902459621424 1.0000000180025095e-35 0.39135168492794042 -2.3905198574066158
decision_type=2 2 2 2 2 2
left_child=1 5 -3 4 -2 -1
right_child=3 2 -4 -5 -6 -7
leaf_value=0.0045964065216431262 -0.0014976851540409147 -0.00095028294526485813 0.011090505788179829 0.0022811021690571347 -0.010543480236467893 -0.0021579229376156618
leaf_weight=149.85279926657677 1106.904275149107 130.36229756474495 319.24736649543047 501.83702506124973 148.82034487277269 325.94344144314528
leaf_count=275 2416 245 570 940 382 779
internal_value=0.00046482 0.00380126 0.00757978 -0.00128116 -0.00276525 0
internal_weight=2682.97 925.406 449.61 1757.56 1255.72 475.796
internal_count=5607 1869 815 3738 2798 1054
is_linear=0
shrinkage=0.03


Tree=16
num_leaves=5
num_cat=0
split_feature=2 0 0 2
split_gain=12.7891 10.9639 9.40569 7.62214
threshold=0.54132977128028881 -1.5538208484649656 -2.3225803375244136 -0.37106688320636744
decision_type=2 2 2 2
left_child=1 2 -1 -3
right_child=-2 3 -4 -5
leaf_value=0.0019422698797837874 -0.0092207125242359089 -0.0043560585490584952 -0.0033613937129956073 0.003266964137808344
leaf_weight=447.57771372050047 105.68311829119921 107.32095782458782 789.23092352226377 1171.4827996492386
leaf_count=954 250 205 1999 2157
internal_value=9.35316e-05 0.000578137 -0.00139399 0.00252379
internal_weight=2621.3 2515.61 1236.81 1278.8
internal_count=5565 5315 2953 2362
is_linear=0
shrinkage=0.03


Tree=17
num_leaves=7
num_cat=0
split_feature=0 3 3 2 2 3
split_gain=13.3475 10.7735 18.5268 14.0599 7.22605 10.7506
threshold=-1.5538208484649656 -1.5383042097091673 -0.76493588089942921 0.074034471064805998 0.14929969608783725 -1.1343968510627744
decision_type=2 2 2 2 2 2
left_child=4 3 -3 -2 5 -1
right_child=1 2 -4 -5 -6 -7
leaf_value=-0.0047090585883753687 -0.0074023154181070564 0.0088358830678830595 0.00062188588501142339 0.0053417873773480432 -0.0055596853824833236 0.0018310229037695207
leaf_weight=323.57169435173273 179.48755738884211 396.94973526895046 658.29069558531046 104.97449861466885 318.67821669578552 633.37735802680254
leaf_count=826 357 700 1229 199 851 1413
internal_value=0.000376561 0.00246882 0.00387443 -0.00246035 -0.00177867 -0.000370081
internal_weight=2615.33 1339.7 1055.24 284.462 1275.63 956.949
internal_count=5575 2485 1929 556 3090 2239
is_linear=0
shrinkage=0.03


Tree=18
num_leaves=7
num_cat=0
split_feature=0 0 1 5 1 0
split_gain=14.9037 9.42284 6.52341 5.92701 9.92236 5.24207
threshold=-1.4729832410812376 -1.4242801666259763 0.4068600088357926 1.0000000180025095e-35 -0.12505766749382016 -2.0916982889175411
decision_type=2 2 2 2 2 2
left_child=3 -2 -3 5 -5 -1
right_child=1 2 -4 4 -6 -7
leaf_value=0.0020800564608079762 0.011880151660745247 0.0028671306788997184 -0.0053788291568646783 0.0010161929104229963 -0.0081447312292373761 -0.0022069013976808737
leaf_weight=476.42469323426485 85.485800489783287 1042.4568208530545 71.071387246251106 158.42910055816174 233.53887401521206 508.81056166067719
leaf_count=1081 161 1914 157 361 651 1259
internal_value=0.000690005 0.00312509 0.00220228 -0.00140146 -0.00442677 -7.40537e-05
internal_weight=2576.22 1199.01 1113.53 1377.2 391.968 985.235
internal_count=5584 2232 2071 3352 1012 2340
is_linear=0
shrinkage=0.03


Tree=19
num_leaves=7
num_cat=0
split_feature=1 0 3 3 0 0
split_gain=8.41131 12.2379 10.0647 7.93978 3.03982 5.70381
threshold=0.19131091982126239 -1.4729832410812376 -1.5827356576919553 -1.0984312295913694 -0.94131574034690846 -1.1761712431907652
decision_type=2 2 2 2 2 2
left_child=1 3 -3 -1 5 -2
right_child=4 2 -4 -5 -6 -7
leaf_value=-0.0048116710108107421 -0.0032959729658669579 -0.0025118499298317685 0.0047905302693508631 0.00043876248465592367 -0.007531817853338201 0.0056362517246439335
leaf_weight=373.84255334362388 380.35586016625166 192.07571018487215 755.05304688960314 699.59854743629694 114.25832498818636 53.92072569578886
leaf_count=959 977 385 1342 1631 242 109
internal_value=-0.00012098 0.000755135 0.00322626 -0.00138947 -0.00336679 -0.00185554
internal_weight=2569.1 2020.57 947.129 1073.44 548.535 434.277
internal_count=5645 4317 1727 2590 1328 1086
is_linear=0
shrinkage=0.03


Tree=20
num_leaves=7
num_cat=0
split_feature=3 2 2 2 7 0
split_gain=13.964 8.2778 7.92854 9.04433 6.2592 4.53967
threshold=0.48397772014141088 -0.22651620209217069 0.023612617515027527 -0.36325532197952265 1.0000000180025095e-35 -0.90833547711372364
decision_type=2 2 2 2 2 2
left_child=2 -2 3 -1 -4 -3
right_child=1 5 4 -5 -6 -7
leaf_value=-0.002683032214711595 0.0019078383706577844 -0.010528219756683386 -0.0028438399202634942 0.0036220948484165364 0.0021420220797238121 0
leaf_weight=225.65837110579014 70.999757014214993 177.22762332111597 630.81386753544211 1067.0059618800879 317.40596074610949 34.638462767004967
leaf_count=493 160 471 1518 2235 618 76
internal_value=9.17921e-05 -0.00593185 0.000924439 0.0024516 -0.00110314 -0.00875577
internal_weight=2523.75 282.866 2240.88 1292.66 948.22 211.866
internal_count=5571 707 4864 2728 2136 547
is_linear=0
shrinkage=0.03


Tree=21
num_leaves=7
num_cat=0
split_feature=1 0 3 0 3 0
split_gain=13.1842 11.0083 12.4545 4.06009 3.01273 1.20968
threshold=0.4297384917736054 -1.468545079231262 -1.5931830406188963 -2.60643458366394 -0.8926764428615569 -1.3570017814636228
decision_type=2 2 2 2 2 2
left_child=1 3 -3 -1 -2 -6
right_child=4 2 -4 -5 5 -7
leaf_value=0.0057669475228401112 -0.0014538476887046635 -0.0030143201853481284 0.0045908225858414123 -0.0014620896117442566 -0.0038602447334531399 -0.015501959245003886
leaf_weight=51.970326982438564 75.318120297044516 220.47642574459314 901.01994240283966 1194.7113292813301 53.689732421189547 32.934921517968178
leaf_count=106 166 444 1677 3006 165 82
internal_value=0.000258327 0.000871961 0.00301654 -0.00102707 -0.00749485 -0.0109267
internal_weight=2530.12 2368.18 1121.5 1246.68 161.943 86.6247
internal_count=5646 5233 2121 3112 413 247
is_linear=0
shrinkage=0.03


Tree=22
num_leaves=7
num_cat=0
split_feature=0 3 5 1 1 7
split_gain=9.95918 9.83399 9.67848 8.90411 7.45857 11.1182
threshold=-1.468545079231262 -1.0984312295913694 1.0000000180025095e-35 -0.053399743512272828 -0.16567848622798917 1.0000000180025095e-35
decision_type=2 2 2 2 2 2
left_child=1 2 -1 -3 -2 -6
right_child=4 3 -4 -5 5 -7
leaf_value=-0.002748415892908646 0.0057423469275414652 0.0031082178433798125 -0.013693618203699118 -0.0028992140138221424 -0.0021843321530604634 0.0047439727067174345
leaf_weight=391.13516610860825 308.04920596629381 418.40175547450781 82.659155637025833 429.50514516979456 540.70552335679531 309.73947671055794
leaf_count=973 593 956 246 1171 1076 575
internal_value=-0.000101204 -0.00189037 -0.00525673 0 0.00188654 0.000321109
internal_weight=2480.2 1321.7 473.794 847.907 1158.49 850.445
internal_count=5590 3346 1219 2127 2244 1651
is_linear=0
shrinkage=0.03


Tree=23
num_leaves=7
num_cat=0
split_feature=2 0 0 2 0 0
split_gain=12.4392 9.22107 5.69481 12.2081 4.66726 3.10452
threshold=0.16934513300657275 -1.1761712431907652 -1.4729832410812376 -0.36325532197952265 -2.5660209655761714 -0.93060868978500355
decision_type=2 2 2 2 2 2
left_child=2 -2 4 -4 -1 -3
right_child=1 5 3 -5 -6 -7
leaf_value=0.0060591512801335583 -0.006557253834854033 0.0055567686446456105 -0.0060296248385267783 0.0039878903203254172 -0.0012805964442653883 -0.0014394809850494766
leaf_weight=63.343087464570999 402.76847637072206 67.669070988893509 104.79567519575357 767.51894974708557 934.36230602860451 126.81406737864017
leaf_count=127 1078 138 207 1449 2347 263
internal_value=-0.00033188 -0.00404435 0.000852321 0.00260902 -0.000645732 0.00100624
internal_weight=2467.27 597.252 1870.02 872.315 997.705 194.483
internal_count=5609 1479 4130 1656 2474 401
is_linear=0
shrinkage=0.03


Tree=24
num_leaves=7
num_cat=0
split_feature=2 2 3 3 3 4
split_gain=11.6405 9.95747 6.60966 6.31554 8.04944 7.85718
threshold=0.023612617515027527 -0.058133335784077637 -1.5383042097091673 -0.8926764428615569 -1.006208002567291 1.0000000180025095e-35
decision_type=2 2 2 2 2 2
left_child=1 2 -1 4 -2 -5
right_child=3 -3 -4 5 -6 -7
leaf_value=-0.0042780248594277495 -0.0014081695778193043 0.0062619382317448159 0.0014939154835706501 -0.0063049760251508331 0.0092286541168498382 0.0021180820194277475
leaf_weight=200.59727735817432 413.36685920879245 321.85998191684484 885.99415528029203 435.78732012957335 54.98256541416049 104.50074080377817
leaf_count=525 955 694 1885 1116 125 264
internal_value=9.09812e-06 0.00178547 0.000316068 -0.00239957 4.45053e-05 -0.00455128
internal_weight=2417.09 1408.45 1086.59 1008.64 468.349 540.288
internal_count=5564 3104 2410 2460 1080 1380
is_linear=0
shrinkage=0.03


Tree=25
num_leaves=7
num_cat=0
split_feature=3 1 0 3 7 1
split_gain=14.6113 9.03318 8.12904 4.94746 2.76081 2.51865
threshold=0.30919714272022253 0.4297384917736054 -1.4729832410812376 1.4462573528289797 1.0000000180025095e-35 0.068714290857315077
decision_type=2 2 2 2 2 2
left_child=1 2 -1 5 -3 -2
right_child=3 4 -4 -5 -6 -7
leaf_value=-0.00056657862332979163 -0.0091364542089922146 -0.0091484986622891624 0.0032730537443159268 0.0016077548150713395 0 -0.0020400030673954394
leaf_weight=997.3629312813282 200.13268020749092 81.918903533369303 918.30652420222759 49.996703416109085 48.410050991922617 105.55854943394661
leaf_count=2505 486 231 1786 137 99 296
internal_value=-0.000278083 0.000687999 0.00125781 -0.0057357 -0.00634148 -0.00714595
internal_weight=2401.69 2046 1915.67 355.688 130.329 305.691
internal_count=5540 4621 4291 919 330 782
is_linear=0
shrinkage=0.03


Tree=26
num_leaves=7
num_cat=0
split_feature=3 2 3 0 0 2
split_gain=11.7153 7.59616 13.0602 7.09844 6.50471 4.95423
threshold=0.2422234192490578 0.023612617515027527 -1.5383042097091673 -1.5982692837715147 -2.5075504779815669 0.071068994700908675
decision_type=2 2 2 2 2 2
left_child=1 2 -1 4 -2 -3
right_child=3 5 -4 -5 -6 -7
leaf_value=-0.0025154451293856925 0.0015816588260457408 -0.0057269015625061323 0.0046606246354569973 0 -0.010010192137296424 0.0002069775112723659
leaf_weight=277.24746559932828 39.116764716804028 129.53067882359028 901.69441000372171 208.06294716149569 171.82295984402299 718.49421990290284
leaf_count=700 100 296 1897 458 520 1720
internal_value=0.000387555 0.00136029 0.0029092 -0.00402906 -0.00764997 -0.000741333
internal_weight=2445.97 2026.97 1178.94 419.003 210.94 848.025
internal_count=5691 4613 2597 1078 620 2016
is_linear=0
shrinkage=0.03


Tree=27
num_leaves=7
num_cat=0
split_feature=1 2 2 3 1 1
split_gain=9.11992 6.11626 7.62696 2.89469 2.30422 3.71854
threshold=0.16405226290225985 -0.37106688320636744 -0.01736132055521011 -0.59859108924865712 0.55581137537956249 0.75614306330680858
decision_type=2 2 2 2 2 2
left_child=1 3 -3 -1 -2 -6
right_child=4 2 -4 -5 5 -7
leaf_value=0.00016839871452883361 -0.0035560604927055593 0.0038726975581813679 -0.00030701396852475521 -0.005720151777145961 0.0056331035266567507 -0.0046235872669999215
leaf_weight=121.02140091359615 504.46441321074963 928.39900032803416 623.53540794551373 118.91072569042444 53.968287728726864 32.473387561738491
leaf_count=291 1267 2073 1458 266 154 90
internal_value=0.000371851 0.00145951 0.00217267 -0.00273472 -0.00276797 0.00107153
internal_weight=2382.77 1791.87 1551.93 239.932 590.906 86.4417
internal_count=5599 4088 3531 557 1511 244
is_linear=0
shrinkage=0.03


Tree=28
num_leaves=7
num_cat=0
split_feature=3 3 1 2 2 3
split_gain=8.73885 17.3201 12.1379 9.59316 8.90775 2.91724
threshold=-1.5657510757446287 -0.75313952565193165 -0.13220810890197751 0.16934513300657275 -0.060493884608149522 -1.8856756091117857
decision_type=2 2 2 2 2 2
left_child=4 2 -2 -3 -1 -6
right_child=1 3 -4 -5 5 -7
leaf_value=-0.0086447447150715881 0.0095640690597829439 0 0.0013728875423208392 -0.0062526102886483843 0.002831566131448888 -0.0031696649332775507
leaf_weight=180.10451721772552 238.54427810758352 907.55315225943923 523.23133466392756 272.75890843197703 127.18374939635396 123.87009954452515
leaf_count=475 526 2019 1163 777 302 300
internal_value=-0.000136904 0.00070408 0.0041937 -0.00153049 -0.00392127 0
internal_weight=2373.25 1942.09 761.776 1180.31 431.158 251.054
internal_count=5562 4485 1689 2796 1077 602
is_linear=0
shrinkage=0.03


Tree=29
num_leaves=7
num_cat=0
split_feature=1 3 0 1 0 1
split_gain=16.4149 6.03429 10.961 10.1278 2.34439 2.65333
threshold=0.39135168492794042 -0.51754420995712269 -1.0299008488655088 -0.042951581999659531 -0.87063974142074574 0.55581137537956249
decision_type=2 2 2 2 2 2
left_child=1 3 -3 -1 5 -2
right_child=4 2 -4 -5 -6 -7
leaf_value=0.0054254744085288735 -0.012498767637507806 0.0013948891131000496 -0.0064767473847286601 0.00010993736832243549 0 -0.002409091288808968
leaf_weight=642.80450198799372 76.032733373343945 657.34497452899814 186.84412260353565 676.37770629674196 34.438146941363811 70.109262011945248
leaf_count=1487 224 1626 379 1556 83 195
internal_value=0.000757421 0.00152871 -0.00038748 0.00278721 -0.00741461 -0.00889223
internal_weight=2343.95 2163.37 844.189 1319.18 180.58 146.142
internal_count=5550 5048 2005 3043 502 419
is_linear=0
shrinkage=0.03


Tree=30
num_leaves=7
num_cat=0
split_feature=1 3 0 3 3 7
split_gain=8.56074 9.24846 13.863 6.21694 3.17242 6.62617
threshold=0.37454925477504736 -1.5383042097091673 -0.97105935215950001 0.30919714272022253 -0.8926764428615569 1.0000000180025095e-35
decision_type=2 2 2 2 2 2
left_child=1 2 -1 -3 5 -2
right_child=4 3 -4 -5 -6 -7
leaf_value=-0.00014068683365697933 -0.0074246215700255556 0.0021620076405377163 -0.012428996438278411 -0.0023684643177349146 -0.0092747826575430171 0.0058845483249750415
leaf_weight=321.22837828844786 50.413202352821827 1426.5421499311924 96.551122896373272 306.82551296800375 100.7982264533639 42.449631854891777
leaf_count=859 143 3161 205 791 330 79
internal_value=-0.0002279 0.000311697 -0.00355572 0.00130797 -0.00597058 -0.000844419
internal_weight=2344.81 2151.15 417.78 1733.37 193.661 92.8628
internal_count=5568 5016 1064 3952 552 222
is_linear=0
shrinkage=0.03


Tree=31
num_leaves=7
num_cat=0
split_feature=1 0 0 0 7 0
split_gain=7.25345 5.48683 11.2513 3.66249 2.65091 3.88533
threshold=0.37454925477504736 -1.0991843342781065 -0.94131574034690846 -2.4316445589065547 1.0000000180025095e-35 -1.3066311478614805
decision_type=2 2 2 2 2 2
left_child=1 3 -3 -1 5 -2
right_child=4 2 -4 -5 -6 -7
leaf_value=0.0028021569160025161 -0.0021183793550109912 0.0096395966240439591 0.00033821798938237088 -0.00094775485952418358 0 -0.014039011455370317
leaf_weight=260.83241428434849 87.5760632827878 149.57293180376291 430.8297291174531 1318.4608237445354 66.715902093797922 36.274091836065054
leaf_count=592 308 305 866 3282 139 103
internal_value=8.89245e-05 0.000626462 0.00307642 -0.000263614 -0.00519895 -0.00749335
internal_weight=2350.26 2159.7 580.403 1579.29 190.566 123.85
internal_count=5595 5045 1171 3874 550 411
is_linear=0
shrinkage=0.03


Tree=32
num_leaves=5
num_cat=0
split_feature=1 7 2 2
split_gain=4.61122 3.31373 9.9691 5.0984
threshold=0.50514316558837902 1.0000000180025095e-35 -0.42071475088596338 -0.01736132055521011
decision_type=2 2 2 2
left_child=1 3 -3 -1
right_child=-2 2 -4 -5
leaf_value=0.0014914626860611335 -0.0052025940540518251 -0.0078963240324390893 0.0038961538182169758 -0.0018913044033030595
leaf_weight=912.90778928995132 101.25734692439437 50.945260226726532 562.82938506454229 682.63569897040725
leaf_count=2111 297 120 1199 1814
internal_value=0.000438618 0.000768435 0.00260437 1.54695e-06
internal_weight=2310.58 2209.32 613.775 1595.54
internal_count=5541 5244 1319 3925
is_linear=0
shrinkage=0.03


Tree=33
num_leaves=7
num_cat=0
split_feature=1 3 3 3 3 1
split_gain=6.39435 6.13591 10.7624 5.15405 6.25765 4.04514
threshold=-0.18526773154735562 -0.75313952565193165 -1.2773662805557249 -1.6007335186004636 -0.47702868282794947 0.30277645587921148
decision_type=2 2 2 2 2 2
left_child=3 2 -2 -1 -5 -3
right_child=1 5 -4 4 -6 -7
leaf_value=-0.0038598559089279253 -0.0027696693486227593 -0.0023285342621620791 0.0037470498369535756 0.0060745665894251094 -0.00013703657682183923 -0.008216596170050763
leaf_weight=93.556906769052148 501.91835250332952 697.56179469451308 384.73392638191581 269.8620033338666 255.69373974204063 129.28084211051464
leaf_count=262 1230 1642 851 578 598 430
internal_value=-0.000706339 -0.00166509 1.21512e-05 0.00182236 0.00304828 -0.00349232
internal_weight=2332.61 1713.49 886.652 619.113 525.556 826.843
internal_count=5591 4153 2081 1438 1176 2072
is_linear=0
shrinkage=0.03


Tree=34
num_leaves=7
num_cat=0
split_feature=0 3 6 1 1 3
split_gain=10.6919 7.21341 13.6663 7.79242 5.55921 5.48138
threshold=-1.468545079231262 -0.76493588089942921 1.0000000180025095e-35 0.2701095193624497 0.39135168492794042 0.25578932464122778
decision_type=2 2 2 2 2 2
left_child=4 2 -2 -3 5 -1
right_child=1 3 -4 -5 -6 -7
leaf_value=0 0.0069272634976578823 0.001451586232724884 -0.0045809339237134752 -0.0079704921876021188 -0.0081577271314897826 -0.0054410971104727488
leaf_weight=976.28643360361457 450.42286195605993 439.19112440943718 94.291782066226006 75.193927764892578 91.24133949354291 184.20125976204872
leaf_count=2479 965 889 177 201 316 560
internal_value=0.000175757 0.00239366 0.00473722 -6.02317e-05 -0.00166178 -0.000970665
internal_weight=2310.83 1059.1 544.715 514.385 1251.73 1160.49
internal_count=5587 2232 1142 1090 3355 3039
is_linear=0
shrinkage=0.03


Tree=35
num_leaves=5
num_cat=0
split_feature=1 3 1 3
split_gain=7.90213 3.77869 6.77612 4.64701
threshold=0.4297384917736054 -1.5383042097091673 0.27851524949073797 0.2972054928541184
decision_type=2 2 2 2
left_child=1 2 -1 -3
right_child=-2 3 -4 -5
leaf_value=-0.0027846984033972361 -0.0057913326650714421 0.0023831476907572339 0.008602211241657786 -0.0014462290312049965
leaf_weight=386.14818213135004 143.78225402906537 1427.9902619868517 31.889611609280109 320.12410704046488
leaf_count=1009 441 3232 79 874
internal_value=0.000517493 0.00101285 -0.00142598 0.00163953
internal_weight=2309.93 2166.15 418.038 1748.11
internal_count=5635 5194 1088 4106
is_linear=0
shrinkage=0.03


Tree=36
num_leaves=7
num_cat=0
split_feature=2 5 2 5 7 2
split_gain=7.8504 16.4097 6.41362 7.93433 5.56674 5.54021
threshold=0.033709064126014716 1.0000000180025095e-35 -0.36325532197952265 1.0000000180025095e-35 1.0000000180025095e-35 0.28217568993568426
decision_type=2 2 2 2 2 2
left_child=2 5 3 -1 -4 -2
right_child=1 -3 4 -5 -6 -7
leaf_value=-0.0054386935160100364 0.0024322465142405676 -0.0090023392811390286 0.0014467710311428857 0.0056374710823695962 0.0063098887095542049 -0.00292268215182424
leaf_weight=183.00744330883026 458.46329080685973 191.91239090263844 857.34554130956531 58.897672757506371 296.37732749432325 248.68765180557966
leaf_count=447 1104 593 2023 140 636 654
internal_value=0.000465313 -0.00166393 0.00188348 -0.00228828 0.0028334 0.000437945
internal_weight=2294.69 899.063 1395.63 241.905 1153.72 707.151
internal_count=5597 2351 3246 587 2659 1758
is_linear=0
shrinkage=0.03


Tree=37
num_leaves=7
num_cat=0
split_feature=2 3 3 3 0 5
split_gain=8.03117 10.5971 8.00028 4.78974 3.68237 11.8859
threshold=0.023612617515027527 -1.5383042097091673 -0.50010854005813588 -2.0007886886596675 -1.8400983810424802 1.0000000180025095e-35
decision_type=2 2 2 2 2 2
left_child=1 3 -3 -1 5 -2
right_child=4 2 -4 -5 -6 -7
leaf_value=0.0025659218120862876 -0.00060830883564666407 0.0052599402641659984 5.1274722579818975e-05 -0.0060997877955481349 -0.0005058112883222027 -0.012956934700275402
leaf_weight=55.335044734179974 247.95830414071679 560.22508414834738 533.55166305601597 186.28869686461985 608.95825440064073 86.041882708668709
leaf_count=162 711 1217 1245 501 1472 328
internal_value=1.74932e-05 0.00153115 0.00281953 -0.00384145 -0.00205109 -0.00451124
internal_weight=2278.36 1335.4 1093.78 241.624 942.958 334
internal_count=5636 3125 2462 663 2511 1039
is_linear=0
shrinkage=0.03


Tree=38
num_leaves=6
num_cat=0
split_feature=1 0 0 3 0
split_gain=7.41045 5.47489 10.0469 7.54096 3.15054
threshold=0.4297384917736054 -1.468545079231262 -0.94131574034690846 -1.0984312295913694 -0.87063974142074574
decision_type=2 2 2 2 2
left_child=1 3 -3 -1 -2
right_child=4 2 -4 -5 -6
leaf_value=-0.0045290037354316871 -0.008706833851444204 0.0042922665776962904 -0.0016454052300582283 0.00043404823236370692 0.00061265096316217356
leaf_weight=399.26890866272151 108.72617542743683 567.79595113545656 421.97182805836201 742.63386637344956 25.084775045514107
leaf_count=1112 356 1212 896 1959 67
internal_value=-0.000352343 7.80341e-05 0.00171896 -0.00129774 -0.00671718
internal_weight=2265.48 2131.67 989.768 1141.9 133.811
internal_count=5602 5179 2108 3071 423
is_linear=0
shrinkage=0.03


Tree=39
num_leaves=7
num_cat=0
split_feature=0 0 7 2 5 1
split_gain=5.85073 5.86042 4.46907 4.43371 14.8956 2.5269
threshold=-1.4729832410812376 -1.4298965334892271 1.0000000180025095e-35 0.033709064126014716 1.0000000180025095e-35 0.11254167184233667
decision_type=2 2 2 2 2 2
left_child=3 -2 -3 5 -5 -1
right_child=1 2 -4 4 -6 -7
leaf_value=-0.00072403185605295409 0.0090485093170636164 -0.00071342046001297062 0.0033366013531226282 -0.00027008599165322843 -0.012739135637134554 0.0042507149383155148
leaf_weight=682.47581774927676 68.699099741876125 595.10897473990917 373.29776456207037 326.15177741646767 103.11872566863894 85.484569929540157
leaf_count=1746 148 1326 772 948 421 215
internal_value=-2.0452e-05 0.0015855 0.000822988 -0.0014641 -0.0038327 -2.91935e-07
internal_weight=2234.34 1037.11 968.407 1197.23 429.271 767.96
internal_count=5576 2246 2098 3330 1369 1961
is_linear=0
shrinkage=0.03


Tree=40
num_leaves=7
num_cat=0
split_feature=0 1 2 2 5 5
split_gain=5.49549 7.52914 7.34771 2.84888 8.05319 7.35092
threshold=-1.897122800350189 -0.36747378110885615 -0.014531627297401426 -0.16951380670070645 1.0000000180025095e-35 1.0000000180025095e-35
decision_type=2 2 2 2 2 2
left_child=3 -2 -3 5 -5 -1
right_child=1 2 -4 4 -6 -7
leaf_value=-0.0076088297738376217 -0.0045792746993389474 0.0044568503778042784 0 0.0018325832050414381 -0.0060830482040932395 0.0027154603810086802
leaf_weight=169.84683978185058 149.46808862686157 600.55739550292492 707.22617187350988 374.46809246391058 142.15436234325171 69.280723482370377
leaf_count=437 345 1378 1723 1026 481 178
internal_value=0.000202738 0.00129855 0.00207438 -0.00181189 -0.000379219 -0.00440738
internal_weight=2213 1457.25 1307.78 755.75 516.622 239.128
internal_count=5568 3446 3101 2122 1507 615
is_linear=0
shrinkage=0.03


Tree=41
num_leaves=7
num_cat=0
split_feature=2 3 3 3 3 4
split_gain=6.56376 11.6585 10.5897 8.07004 1.83472 6.49369
threshold=0.020333990454673771 -1.5538411140441892 0.028344309888780121 -2.0152443647384639 -0.6264716088771819 1.0000000180025095e-35
decision_type=2 2 2 2 2 2
left_child=1 3 -3 -1 -2 -6
right_child=4 2 -4 -5 5 -7
leaf_value=0.0043965196366148283 -0.0005350628403410603 0.004595171580567093 -0.0019372336616747159 -0.007125855419735194 -0.0054372265017155249 0.003223723744928568
leaf_weight=52.32008895650506 536.08318757265806 785.94211399927735 280.98627744615078 186.47221855632961 300.67313808947802 78.845973372459412
leaf_count=154 1345 1734 707 524 928 211
internal_value=5.55775e-05 0.00143848 0.00281561 -0.00422476 -0.00184102 -0.00341641
internal_weight=2221.32 1305.72 1066.93 238.792 915.602 379.519
internal_count=5603 3119 2441 678 2484 1139
is_linear=0
shrinkage=0.03


Tree=42
num_leaves=7
num_cat=0
split_feature=2 0 0 0 3 3
split_gain=6.25573 7.9311 8.58022 7.60956 9.13977 7.83961
threshold=0.031046066433191303 -1.0605761408805845 -0.94131574034690846 -2.4316445589065547 -1.1343968510627744 0.7531564235687257
decision_type=2 2 2 2 2 2
left_child=3 -2 -3 4 -1 -5
right_child=1 2 -4 5 -6 -7
leaf_value=-0.002060621998351558 -0.0037711756816495912 0.011261289224397513 -0.00068754740668635782 0.0010407852421133747 0.011549737630382622 -0.0077686109622531257
leaf_weight=50.419030033051968 635.24596882984042 51.757200144231319 180.87142257392406 1098.5979641769081 104.89504816383123 78.428268261253834
leaf_count=128 1858 113 418 2645 228 213
internal_value=-4.6892e-05 -0.00202853 0.00241449 0.00121047 0.00705818 0.000283677
internal_weight=2200.21 867.875 232.629 1332.34 155.314 1177.03
internal_count=5603 2389 531 3214 356 2858
is_linear=0
shrinkage=0.03


Tree=43
num_leaves=7
num_cat=0
split_feature=2 3 3 3 0 6
split_gain=8.65313 10.1391 9.75981 8.99501 4.3526 4.8101
threshold=0.020333990454673771 -1.5383042097091673 -1.9884369373321531 -0.17247803509235379 -1.5622841715812681 1.0000000180025095e-35
decision_type=2 2 2 2 2 2
left_child=1 2 -1 -3 -2 -6
right_child=4 3 -4 -5 5 -7
leaf_value=0.0047963405826109435 -0.0044441034010427507 0.0048240988807400562 -0.0074160823586020223 -0.00076008709318621764 0.0015227154145356697 -0.0048663314540617212
leaf_weight=62.751268569380045 412.54828147217631 689.03233327716589 171.31171005219221 375.44221173971891 356.88155949860811 126.42544050142169
leaf_count=181 1366 1532 492 921 810 293
internal_value=0 0.00154565 -0.00378599 0.00282152 -0.00225031 -0.000156309
internal_weight=2194.39 1298.54 234.063 1064.47 895.855 483.307
internal_count=5595 3126 673 2453 2469 1103
is_linear=0
shrinkage=0.03


Tree=44
num_leaves=7
num_cat=0
split_feature=0 3 3 2 7 3
split_gain=7.27062 10.4234 7.10721 11.2474 8.47488 5.63621
threshold=-1.4729832410812376 -2.0501642227172847 -0.76493588089942921 0.21630079299211505 1.0000000180025095e-35 -1.1574772000312803
decision_type=2 2 2 2 2 2
left_child=1 -1 4 -4 -2 -3
right_child=2 5 3 -5 -6 -7
leaf_value=0.0095572607384647856 0 -0.0057487860640785399 0.0012934668929919721 -0.0090989081184107545 0.0076482654004755351 -0.0010513242719771302
leaf_weight=45.66768603771925 265.32738928496838 345.22629118710756 388.76327958703041 100.02421803027391 250.31660537421703 772.07974055409431
leaf_count=129 619 1033 840 266 532 2178
internal_value=-0.000326524 -0.00194826 0.001494 -0.000989347 0.00390906 -0.00263108
internal_weight=2167.41 1162.97 1004.43 488.787 515.644 1117.31
internal_count=5597 3340 2257 1106 1151 3211
is_linear=0
shrinkage=0.03


Tree=45
num_leaves=7
num_cat=0
split_feature=2 2 0 5 2 0
split_gain=9.8582 9.07356 12.0177 4.61905 4.3964 3.14256
threshold=0.033709064126014716 -0.058133335784077637 -0.94131574034690846 1.0000000180025095e-35 0.049941238015890128 -1.5622841715812681
decision_type=2 2 2 2 2 2
left_child=1 3 -3 -1 -2 -6
right_child=4 2 -4 -5 5 -7
leaf_value=-0.00083304228559531463 -0.010025577520703603 0.0088621184271252072 -0.0038686032800227857 0.0037270340683345222 -0.0034617422511105576 9.5064706903722634e-05
leaf_weight=721.07318219356239 43.238334767520428 264.52484234422445 67.132845468819141 250.13375742733479 367.60495754703879 452.55348428711295
leaf_count=1800 115 646 138 622 1233 1058
internal_value=0.00023922 0.00190032 0.00604113 0.000332375 -0.00218573 -0.00147218
internal_weight=2166.26 1302.86 331.658 971.207 863.397 820.158
internal_count=5612 3206 784 2422 2406 2291
is_linear=0
shrinkage=0.03


Tree=46
num_leaves=7
num_cat=0
split_feature=3 0 0 3 2 0
split_gain=6.80896 7.5269 6.94765 6.88717 11.1405 5.73503
threshold=-0.17247803509235379 -2.5034524202346797 -1.7445529699325559 -1.2773662805557249 0.18883381038904193 -1.4729832410812376
decision_type=2 2 2 2 2 2
left_child=3 -2 -3 5 -5 -1
right_child=1 2 -4 4 -6 -7
leaf_value=-0.0040618759786252429 0.0061531625245695113 -0.0083601161244716057 -0.0010899783648117979 0.0042898306967785946 -0.0034117570555382303 0.0014261787486097358
leaf_weight=323.90022282861173 53.772530600428581 185.07187308371067 353.05154113471508 750.15855530649424 191.69473056867719 305.26306693255901
leaf_count=988 146 618 913 1740 528 690
internal_value=-8.47783e-06 -0.0027245 -0.00390781 0.000998482 0.0026216 -0.0013448
internal_weight=2162.91 591.896 538.123 1571.02 941.853 629.163
internal_count=5623 1677 1531 3946 2268 1678
is_linear=0
shrinkage=0.03


Tree=47
num_leaves=7
num_cat=0
split_feature=1 3 3 2 2 2
split_gain=9.13313 4.78912 5.0776 2.10191 0.662432 1.58681
threshold=0.37454925477504736 0.19014619290828708 -1.5383042097091673 0.23733533173799518 0.41900070011615759 0.54132977128028881
decision_type=2 2 2 2 2 2
left_child=1 2 -1 -3 -2 -6
right_child=4 3 -4 -5 5 -7
leaf_value=-0.0012266170904226157 -0.0082506164059854715 -0.0031163673246353664 0.0026066622410027118 0.0026462708878457904 0.0014606495292169581 -0.0048919981520895084
leaf_weight=374.70349418930709 77.167660526931286 293.34232917800546 1249.4397360756993 42.338125221431255 31.684428937733173 58.470924805849791
leaf_count=1054 258 813 3006 143 107 186
internal_value=0.000364784 0.000986615 0.00168164 -0.00211293 -0.00592602 -0.00225488
internal_weight=2127.15 1959.82 1624.14 335.68 167.323 90.1554
internal_count=5567 5016 4060 956 551 293
is_linear=0
shrinkage=0.03


Tree=48
num_leaves=6
num_cat=0
split_feature=1 2 1 3 3
split_gain=5.89831 4.53511 6.61473 5.06152 1.83886
threshold=0.37454925477504736 -0.36325532197952265 -0.17765333503484723 -1.1574772000312803 -1.6840897202491758
decision_type=2 2 2 2 2
left_child=1 3 -3 -1 -2
right_child=4 2 -4 -5 -6
leaf_value=-0.0096092131920229775 7.1570900677743712e-05 0.004266632863231444 -2.9535921844517477e-05 -5.5868622838803056e-06 -0.0063908369637797457
leaf_weight=59.622746165841818 28.288693182170391 394.64451068639755 1330.994988065213 164.41355665028095 143.07549086213112
leaf_count=191 80 995 3425 408 485
internal_value=-6.33533e-05 0.000397573 0.00095623 -0.00338533 -0.0051145
internal_weight=2121.04 1949.68 1725.64 224.036 171.364
internal_count=5584 5019 4420 599 565
is_linear=0
shrinkage=0.03


Tree=49
num_leaves=7
num_cat=0
split_feature=0 3 6 0 3 5
split_gain=9.54943 11.3885 12.5269 10.0269 5.57983 10.9603
threshold=-1.4729832410812376 -0.76493588089942921 1.0000000180025095e-35 -1.2614991068840025 -1.081967771053314 1.0000000180025095e-35
decision_type=2 2 2 2 2 2
left_child=4 2 -2 -3 5 -1
right_child=1 3 -4 -5 -6 -7
leaf_value=-0.0015836470949712098 0.0075001745517673246 0.0057444480585604205 -0.0043901303202053222 -0.0035878125981292906 0 -0.013885147660086139
leaf_weight=326.83454917930067 419.75557280704379 122.46733219921589 76.726842120289803 345.80593900755048 724.25317653082311 69.244381919503212
leaf_count=968 974 279 163 815 2114 240
internal_value=0.000167373 0.00235546 0.00544762 -0.000888943 -0.00167251 -0.00444251
internal_weight=2085.09 964.756 496.482 468.273 1120.33 396.079
internal_count=5553 2231 1137 1094 3322 1208
is_linear=0
shrinkage=0.03


Tree=50
num_leaves=6
num_cat=0
split_feature=1 3 3 1 3
split_gain=7.57826 3.27003 6.3898 2.74396 1.11536
threshold=0.37454925477504736 -0.50010854005813588 -1.5383042097091673 0.046879405155777938 -1.6528766751289365
decision_type=2 2 2 2 2
left_child=1 2 -1 -3 -2
right_child=4 3 -4 -5 -6
leaf_value=-0.0019502313598395282 0 -0.0025835438097951309 0.0026558527749441182 0.0011357584136889491 -0.0070841933508247268
leaf_weight=370.43219484016299 30.409376468509436 509.72977625578642 812.01996247470379 228.90224404633045 141.02786368690431
leaf_count=1037 84 1319 1970 647 499
internal_value=-0.000379451 0.00015579 0.00115455 -0.00135229 -0.00608032
internal_weight=2092.52 1921.08 1182.45 738.632 171.437
internal_count=5556 4973 3007 1966 583
is_linear=0
shrinkage=0.03


Tree=51
num_leaves=6
num_cat=0
split_feature=1 0 0 0 3
split_gain=6.21826 3.3679 3.19864 2.59278 0.476499
threshold=0.39135168492794042 -2.5585775375366206 -1.7365057468414304 -0.84767547249793995 -1.4450630545616148
decision_type=2 2 2 2 2
left_child=1 -1 -3 4 -2
right_child=3 2 -4 -5 -6
leaf_value=0.0063050635495883935 -0.00025175498481071521 -0.0012224414442917719 0.0012842217299390271 0.001004650095027558 -0.0081753807615885798
leaf_weight=69.624300338327885 26.001970801502466 721.58175907284021 1142.9137031026185 24.582482151687145 94.441042210906744
leaf_count=179 77 2144 2730 75 348
internal_value=9.03202e-05 0.000589516 0.000279597 -0.00546819 -0.00717145
internal_weight=2079.15 1934.12 1864.5 145.025 120.443
internal_count=5553 5053 4874 500 425
is_linear=0
shrinkage=0.03


Tree=52
num_leaves=7
num_cat=0
split_feature=1 2 0 0 1 2
split_gain=7.11727 3.94125 3.53113 7.73294 7.44529 2.06146
threshold=0.2184160575270653 0.13457503169775012 -1.4729832410812376 -2.3225803375244136 0.063437484204769148 -0.01736132055521011
decision_type=2 2 2 2 2 2
left_child=2 5 3 -1 -4 -2
right_child=1 -3 4 -5 -6 -7
leaf_value=0.0031582178321850549 -0.0035197040246036934 -0.0056370724688039513 0.0036212779470827187 -0.0026301571512847058 -0.0029061123511155123 0.0040229536691996203
leaf_weight=281.08201149851084 29.904695205390453 286.11688773334026 592.12305173277855 625.599479354918 184.95055251568556 60.955421764403582
leaf_count=759 77 910 1365 1852 410 176
internal_value=-0.000337218 -0.00396893 0.000477717 -0.000741512 0.00195849 0.000812106
internal_weight=2060.73 376.977 1683.76 906.681 777.074 90.8601
internal_count=5549 1163 4386 2611 1775 253
is_linear=0
shrinkage=0.03


Tree=53
num_leaves=7
num_cat=0
split_feature=1 3 2 2 1 3
split_gain=8.50934 5.97602 7.46012 3.27323 3.04283 2.86948
threshold=0.19476024061441424 0.30919714272022253 -0.15172065794467923 -0.084648091346025453 0.25849834084510809 1.4462573528289797
decision_type=2 2 2 2 2 2
left_child=1 2 -1 -2 -5 -3
right_child=3 5 -4 4 -6 -7
leaf_value=-0.00080048026365367561 0.0038024042570306538 -0.0043709646288384628 0.0035775088033160383 -0.0083683118741228659 -0.0021250341986491111 0.0029947540863846421
leaf_weight=524.31127751246095 27.551481157541275 207.47548462450504 900.66099355369806 108.21548387408257 297.84249418973923 34.990110710263252
leaf_count=1349 72 607 2266 306 942 101
internal_value=0.000160672 0.00116648 0.00193634 -0.00345576 -0.00424443 -0.00293221
internal_weight=2101.05 1667.44 1424.97 433.609 406.058 242.466
internal_count=5643 4323 3615 1320 1248 708
is_linear=0
shrinkage=0.03


Tree=54
num_leaves=7
num_cat=0
split_feature=2 2 2 0 0 0
split_gain=7.30868 4.96568 4.96404 4.42852 3.69395 3.00961
threshold=-0.37969620525836939 0.026074276305735115 -0.058133335784077637 -2.1646325588226314 -1.1761712431907652 -0.93060868978500355
decision_type=2 2 2 2 2 2
left_child=3 2 -2 -1 -3 -5
right_child=1 4 -4 5 -6 -7
leaf_value=0.0011875869692812675 0.00082236219077021482 -0.0021483394494381837 0.0054384044749969784 -0.0093645544371095384 0.0018448081086081174 0
leaf_weight=56.65010903775692 735.12819423340261 565.65561508946121 304.96542075276375 113.77511812746525 292.21140775829554 30.290573507547379
leaf_count=159 1871 1810 732 317 696 76
internal_value=0.000302268 0.000920804 0.0023095 -0.00482818 -0.000708783 -0.00741584
internal_weight=2098.68 1897.96 1040.09 200.716 857.867 144.066
internal_count=5661 5109 2603 552 2506 393
is_linear=0
shrinkage=0.03


Tree=55
num_leaves=7
num_cat=0
split_feature=3 0 7 2 0 3
split_gain=5.7886 9.58047 6.5585 5.98329 9.74355 5.50853
threshold=-1.5383042097091673 -0.49898301064968104 1.0000000180025095e-35 0.16934513300657275 -1.0820382833480833 0.67779007554054271
decision_type=2 2 2 2 2 2
left_child=1 2 -1 5 -5 -2
right_child=3 -3 -4 4 -6 -7
leaf_value=-0.0040297023148402862 0.0028514168812945832 -0.01386588005998972 0.0037242921206958029 -0.0050708629789720724 0.0047119022250448712 -0.0031470680527241239
leaf_weight=211.58747355267406 1163.7304436862469 40.412354841828346 146.60760209523141 269.44219523482025 110.51886284351349 130.04163282737136
leaf_count=708 2872 86 361 913 269 384
internal_value=0.000372781 -0.00274817 -0.000668261 0.00117515 -0.00198202 0.00216409
internal_weight=2072.34 398.607 358.195 1673.73 379.961 1293.77
internal_count=5593 1155 1069 4438 1182 3256
is_linear=0
shrinkage=0.03


Tree=56
num_leaves=5
num_cat=0
split_feature=1 2 3 3
split_gain=3.57316 3.55477 8.14665 6.12108
threshold=-0.69573447108268727 0.014636387117207052 -1.1574772000312803 -0.91043686866760243
decision_type=2 2 2 2
left_child=-1 2 -2 -3
right_child=1 3 -4 -5
leaf_value=-0.0076671961314434822 -0.0021984933031278168 0.001228763677990047 0.0029871627319261835 -0.003690206109489389
leaf_weight=33.86627171933651 380.56452927738428 411.93775004148483 791.77269699424505 439.57069681584835
leaf_count=93 1085 1120 1918 1406
internal_value=-1.63188e-05 0.000156126 0.00124483 -0.0012681
internal_weight=2057.71 2023.85 1172.34 851.508
internal_count=5622 5529 3003 2526
is_linear=0
shrinkage=0.03


Tree=57
num_leaves=6
num_cat=0
split_feature=2 3 4 3 1
split_gain=5.45741 4.92021 5.82883 4.44047 3.54622
threshold=0.54132977128028881 -1.5383042097091673 1.0000000180025095e-35 -0.94446653127670277 0.30277645587921148
decision_type=2 2 2 2 2
left_child=1 4 -3 -2 -1
right_child=3 2 -4 -5 -6
leaf_value=-0.0036687907957694472 0.00061175749944518258 9.5496218197036538e-05 0.0045542641218721137 -0.011114774282713577 0.0040316442079460328
leaf_weight=349.02040633559227 30.893275275826454 1270.3052483852953 323.66959352046251 50.337458558380604 38.967535234987736
leaf_count=1030 79 3373 859 182 104
internal_value=0 0.000315819 0.00108328 -0.00682254 -0.00258861
internal_weight=2063.19 1981.96 1593.97 81.2307 387.988
internal_count=5627 5366 4232 261 1134
is_linear=0
shrinkage=0.03


Tree=58
num_leaves=7
num_cat=0
split_feature=1 2 1 3 0 3
split_gain=4.06163 4.76984 5.04356 4.77369 1.26964 0.72609
threshold=0.37454925477504736 -0.36325532197952265 -0.042951581999659531 -1.1574772000312803 -0.81678068637847889 -1.4974056482315061
decision_type=2 2 2 2 2 2
left_child=1 3 -3 -1 5 -2
right_child=4 2 -4 -5 -6 -7
leaf_value=-0.0097223589684243879 0 0.0028953632866678672 -0.00033310002528692486 -2.0616103138671635e-05 0 -0.0063439705201273006
leaf_weight=54.691149182617664 26.124545495957136 758.31826140359044 916.23049699887633 150.94274811074138 26.925218410789967 102.18532456085086
leaf_count=186 79 1985 2462 384 83 400
internal_value=0.000113061 0.000543083 0.00111042 -0.00349991 -0.00422044 -0.00536195
internal_weight=2035.42 1880.18 1674.55 205.634 155.235 128.31
internal_count=5579 5017 4447 570 562 479
is_linear=0
shrinkage=0.03


Tree=59
num_leaves=7
num_cat=0
split_feature=2 2 2 1 2 1
split_gain=6.89487 4.64623 5.7562 2.53302 3.93311 3.53491
threshold=-0.024886962957680222 -0.058133335784077637 -0.075861703604459749 0.08801827579736711 0.11086691915988924 0.61733278632164013
decision_type=2 2 2 2 2 2
left_child=1 2 -1 4 -2 -5
right_child=3 -3 -4 5 -6 -7
leaf_value=0.0016593451722272902 -0.0056260672320061879 0.0066777130844386549 -0.0065772433656806576 0.00051842809125096558 0 -0.0066610502921028835
leaf_weight=861.99055477231741 246.81753249838948 136.58384677022696 61.926834411919117 528.80294804275036 170.99024941027164 48.870524916797876
leaf_count=2278 664 317 144 1544 497 166
internal_value=0.00013032 0.0018235 0.000916048 -0.00161476 -0.0033474 -0.000191133
internal_weight=2055.98 1060.5 923.917 995.481 417.808 577.673
internal_count=5610 2739 2422 2871 1161 1710
is_linear=0
shrinkage=0.03


Tree=60
num_leaves=7
num_cat=0
split_feature=3 3 1 1 1 1
split_gain=3.48912 3.48386 3.36373 3.5712 2.8326 1.39635
threshold=0.67779007554054271 1.0419203639030459 -0.042951581999659531 -0.62892723083496083 -0.029579111374914643 0.03276732191443444
decision_type=2 2 2 2 2 2
left_child=2 -2 3 -1 -4 -3
right_child=1 5 4 -5 -6 -7
leaf_value=-0.0049323345426355858 -0.0079226181974125943 -0.0027278070341911127 -0.007417592954650565 0.0021154269783374676 -0.00044616883550747998 0.0032800866428602487
leaf_weight=46.627120546996593 78.770891178399324 56.409594912081957 38.183592811226845 847.60131489112973 961.24751384183764 43.961456522345543
leaf_count=125 247 176 98 2193 2628 158
internal_value=-0.000126061 -0.00392261 0.000238985 0.00158245 -0.00091167 0
internal_weight=2072.8 179.142 1893.66 894.228 999.431 100.371
internal_count=5625 581 5044 2318 2726 334
is_linear=0
shrinkage=0.03


Tree=61
num_leaves=6
num_cat=0
split_feature=1 2 2 2 7
split_gain=6.12399 2.60039 5.32596 3.6302 2.37654
threshold=0.37454925477504736 -0.36325532197952265 -0.50379326939582814 -0.2875304371118545 1.0000000180025095e-35
decision_type=2 2 2 2 2
left_child=1 2 -1 -3 -2
right_child=4 3 -4 -5 -6
leaf_value=0.0017137389283747304 -0.0082570177438776177 0.0053060789869838138 -0.0069338917096594373 0.0001108940603858018 0
leaf_weight=96.718386344611645 95.133101068437099 114.12607613578439 110.88020653277636 1563.7494266629219 55.246085561811924
leaf_count=274 405 295 312 4176 145
internal_value=-0.000333959 0.000125862 -0.00284485 0.00055794 -0.00578944
internal_weight=2035.85 1885.47 207.599 1677.88 150.379
internal_count=5607 5057 586 4471 550
is_linear=0
shrinkage=0.03


Tree=62
num_leaves=7
num_cat=0
split_feature=1 3 3 1 3 3
split_gain=5.46831 2.15818 2.85256 2.06595 2.88197 2.29658
threshold=0.39135168492794042 -0.8926764428615569 -1.3672431111335752 -0.40512044727802271 0.48397772014141088 -0.59859108924865712
decision_type=2 2 2 2 2 2
left_child=3 2 -2 5 -5 -1
right_child=1 -3 -4 4 -6 -7
leaf_value=0.00046946237165625945 -0.0049168357248398162 -0.008251339798646104 0.0047613257034140842 0.0011758609576283932 -0.002540601467924519 -0.0054854373172370631
leaf_weight=84.912399392575026 42.118165921419859 76.97634350694716 27.21361742913723 1545.1019387245178 186.22757324576378 88.479904115200043
leaf_count=242 124 327 89 4035 593 235
internal_value=-5.32186e-05 -0.00529625 -0.000230885 0.000369193 0.000717398 -0.00251203
internal_weight=2051.03 146.308 69.3318 1904.72 1731.33 173.392
internal_count=5645 540 213 5105 4628 477
is_linear=0
shrinkage=0.03


Tree=63
num_leaves=7
num_cat=0
split_feature=1 2 2 2 2 1
split_gain=5.72818 5.45192 4.90647 1.12851 0.809002 0.645059
threshold=0.19476024061441424 -0.37106688320636744 -0.34608265757560724 -0.64144903421401966 -0.081274457275867448 0.2701095193624497
decision_type=2 2 2 2 2 2
left_child=1 3 -3 -1 -2 -6
right_child=4 2 -4 -5 5 -7
leaf_value=0 0 0.0099890622504442642 0.00064744564538088769 -0.0050789531887361411 -0.0061732713406949316 -0.0023654820109295909
leaf_weight=38.813947133719921 23.981934733688831 34.255243867635727 1390.1425499878824 156.06895896792412 111.45185043662786 265.99749461188912
leaf_count=111 66 91 3655 445 328 891
internal_value=-0.000416621 0.000356548 0.00104885 -0.0040509 -0.00354669 -0.00389486
internal_weight=2020.71 1619.28 1424.4 194.883 401.431 377.449
internal_count=5587 4302 3746 556 1285 1219
is_linear=0
shrinkage=0.03


Tree=64
num_leaves=7
num_cat=0
split_feature=0 3 1 6 1 3
split_gain=4.56374 4.82035 6.56435 5.24852 4.81166 4.38691
threshold=-1.468545079231262 -0.80151188373565663 0.28875400125980383 1.0000000180025095e-35 -0.46026618778705591 -2.0501642227172847
decision_type=2 2 2 2 2 2
left_child=4 3 -3 -2 -1 -6
right_child=1 2 -4 -5 5 -7
leaf_value=0.004312634557127216 0.0043342453930093061 8.7207274062089409e-05 -0.0093733045344143034 -0.0035366483042136221 0.0053623039206588665 -0.003090069975507901
leaf_weight=74.171409443020821 390.80840940773487 405.85582724958658 56.197380345314741 69.28535084426403 35.724241971969604 979.26957330852747
leaf_count=212 954 941 180 157 109 3015
internal_value=-0.000726223 0.000772374 -0.00128011 0.00292604 -0.00204016 -0.00263673
internal_weight=2011.31 922.147 462.053 460.094 1089.17 1014.99
internal_count=5568 2232 1121 1111 3336 3124
is_linear=0
shrinkage=0.03


Tree=65
num_leaves=7
num_cat=0
split_feature=1 2 5 1 1 1
split_gain=3.59293 3.38296 3.26336 1.94626 0.604656 1.689
threshold=0.32403792440891271 -0.37106688320636744 1.0000000180025095e-35 -0.18526773154735562 0.61733278632164013 0.46468205749988561
decision_type=2 2 2 2 2 2
left_child=1 2 -1 -3 5 -2
right_child=4 3 -4 -5 -6 -7
leaf_value=-0.0050451109598285823 -0.0036507161905713083 0.0030284267692347712 0.0024502360913043345 0.0005036261502278541 -0.006236088862315364 0.0017493653056724887
leaf_weight=145.57140747830272 109.01232959330082 371.23926534876227 49.77197439968586 1262.1208932138979 47.288914442062378 54.676908288151026
leaf_count=433 370 978 137 3339 178 193
internal_value=0.00019722 0.000663265 -0.00280653 0.00114346 -0.00329022 -0.00152622
internal_weight=2039.68 1828.7 195.343 1633.36 210.978 163.689
internal_count=5628 4887 570 4317 741 563
is_linear=0
shrinkage=0.03


Tree=66
num_leaves=7
num_cat=0
split_feature=3 3 2 1 2 1
split_gain=10.2335 7.60622 6.26515 4.91651 3.94056 4.78094
threshold=-1.6115207076072691 0.32269150018692022 -0.21250800043344495 0.32403792440891271 0.28718228638172155 0.22799584269523623
decision_type=2 2 2 2 2 2
left_child=4 3 -3 -2 5 -1
right_child=1 2 -4 -5 -6 -7
leaf_value=-0.0041344877565845407 0.0026258559200814597 0.0030881078682440423 -0.0059339059751091971 -0.0028509385504343551 -0.011755509893553961 0.0055301070215416142
leaf_weight=255.78034373000264 1270.6164253707975 76.158353053033352 201.74967287108302 139.76143784821033 43.266509018838406 32.605988688766956
leaf_count=782 3212 228 698 469 125 89
internal_value=9.8819e-05 0.00108565 -0.00321876 0.00200891 -0.0045301 -0.00255943
internal_weight=2019.94 1688.29 277.908 1410.38 331.653 288.386
internal_count=5603 4607 926 3681 996 871
is_linear=0
shrinkage=0.03


Tree=67
num_leaves=7
num_cat=0
split_feature=1 1 0 7 3 1
split_gain=4.26536 3.91974 3.4378 3.2969 0.886573 0.589787
threshold=0.39135168492794042 0.2701095193624497 -1.4729832410812376 1.0000000180025095e-35 -1.2366989850997923 0.55581137537956249
decision_type=2 2 2 2 2 2
left_child=1 2 -1 5 -3 -2
right_child=3 4 -4 -5 -6 -7
leaf_value=-0.0011160768086104055 -0.0099511796626330744 0.0082071732859880942 0.0015253359111303693 0.00060028870695069095 0.001698207007949034 -0.0017145979372196977
leaf_weight=946.44185996428132 47.159533582627773 46.564905501902103 795.08321709185839 49.743253584951162 91.307628810405731 44.305296581238508
leaf_count=2809 213 119 1888 131 290 185
internal_value=8.00141e-05 0.000505416 5.94101e-05 -0.00456992 0.00503782 -0.00752322
internal_weight=2020.61 1879.4 1741.53 141.208 137.873 91.4648
internal_count=5635 5106 4697 529 409 398
is_linear=0
shrinkage=0.03


Tree=68
num_leaves=7
num_cat=0
split_feature=2 3 3 0 3 0
split_gain=5.01343 4.09832 6.6861 6.15496 3.72926 3.88715
threshold=0.023612617515027527 0.028344309888780121 -1.1574772000312803 -2.5034524202346797 -1.9262174963951109 -2.4608432054519649
decision_type=2 2 2 2 2 2
left_child=1 2 -1 -3 -2 -6
right_child=4 3 -4 -5 5 -7
leaf_value=-0.00065362465585081994 0.0039829507388987858 0.007774209504258253 0.0043453961732388153 -0.0038136278711048948 -0.0082743094053819109 -0.0014266908328016471
leaf_weight=377.38905859738588 68.361570157110691 27.982866987586021 549.14374442026019 224.19776716083288 74.048486482352018 673.0164872854948
leaf_count=1108 194 68 1268 646 234 2057
internal_value=5.96753e-05 0.00133073 0.00227505 -0.00183059 -0.00169371 -0.00238168
internal_weight=1994.14 1178.71 926.533 252.181 815.427 747.065
internal_count=5575 3090 2376 714 2485 2291
is_linear=0
shrinkage=0.03


Tree=69
num_leaves=7
num_cat=0
split_feature=0 3 3 0 2 3
split_gain=3.03342 10.3998 9.63031 6.80911 6.18475 4.89336
threshold=-1.4729832410812376 -1.1574772000312803 -2.0680816173553462 -1.4298965334892271 0.031046066433191303 -1.0984312295913694
decision_type=2 2 2 2 2 2
left_child=1 2 -1 -2 -3 -5
right_child=3 4 -4 5 -6 -7
leaf_value=0.0063842936069083986 0.0095759128098386673 0.0028490176780645734 -0.0070011248013847512 0.0031076340459529495 -0.0028020099884904365 -0.0014382442124060439
leaf_weight=35.769160784780979 60.136806331574917 483.21734729036689 319.17321273311973 331.16056476905942 240.03031987138093 510.1399307064712
leaf_count=107 148 1243 1041 801 944 1262
internal_value=-4.86535e-05 -0.00114141 -0.0052236 0.00118965 0.000867904 0.000312095
internal_weight=1979.63 1078.19 354.942 901.437 723.248 841.3
internal_count=5546 3335 1148 2211 2187 2063
is_linear=0
shrinkage=0.03


Tree=70
num_leaves=7
num_cat=0
split_feature=1 0 0 4 0 0
split_gain=4.4689 4.44143 7.18129 1.74988 5.01343 3.8092
threshold=0.16405226290225985 -2.4316445589065547 -1.4729832410812376 1.0000000180025095e-35 -1.3000917434692381 -1.2129845619201658
decision_type=2 2 2 2 2 2
left_child=1 -1 -3 5 -5 -2
right_child=3 2 -4 4 -6 -7
leaf_value=0.004694661459312013 -0.0060413511730645535 -0.002289157747991205 0.0020479308128205096 0.0038870211926923647 -0.0076573921724954769 0
leaf_weight=180.88909438252449 218.4612398929894 657.64044048637152 675.16391508281231 89.828377228230238 28.651219632476568 134.91543950885534
leaf_count=481 764 1993 1644 290 85 347
internal_value=-0.000236109 0.000531741 -4.99542e-05 -0.00274278 0 -0.00375872
internal_weight=1985.55 1513.69 1332.8 471.856 118.48 353.377
internal_count=5604 4118 3637 1486 375 1111
is_linear=0
shrinkage=0.03


Tree=71
num_leaves=7
num_cat=0
split_feature=2 2 3 2 5 3
split_gain=2.48779 7.27289 5.76836 4.77844 4.48444 2.72384
threshold=-0.16147604584693906 0.023612617515027527 0.63325822353363048 -0.19936258345842359 1.0000000180025095e-35 -0.63468959927558888
decision_type=2 2 2 2 2 2
left_child=3 2 -2 5 -5 -1
right_child=1 -3 -4 4 -6 -7
leaf_value=0.0014977295916236979 0.0036568449047899411 -0.0015901325716456466 -0.0055693024504666249 -0.010821144850935728 0.00049964174566972225 -0.0028025040503250305
leaf_weight=240.86296113394201 556.2772153839469 798.16223693080246 45.598704352974892 71.450155705213547 30.843395262956619 235.77783206477761
leaf_count=700 1413 2479 136 191 76 625
internal_value=-0.000424857 0.000226072 0.00270475 -0.00205416 -0.00739362 -0.000535832
internal_weight=1978.97 1400.04 601.876 578.934 102.294 476.641
internal_count=5620 4028 1549 1592 267 1325
is_linear=0
shrinkage=0.03


Tree=72
num_leaves=7
num_cat=0
split_feature=1 1 0 3 0 1
split_gain=2.76618 3.07151 4.80375 3.10242 2.93431 2.75616
threshold=0.19131091982126239 0.12453851476311685 -1.4729832410812376 -0.6264716088771819 -0.93060868978500355 0.30277645587921148
decision_type=2 2 2 2 2 2
left_child=1 2 -1 -3 -2 -6
right_child=4 3 -4 -5 5 -7
leaf_value=-0.002023212088906524 -0.00095253034084086827 0.006848443409157327 0.0014168983263630572 -0.000732086884965546 -0.011886597788659034 -0.00057802141942782045
leaf_weight=773.95339930430055 314.98998385667801 92.115531735122204 642.62385443598032 57.094444490969181 35.858292773365974 51.96104920655489
leaf_count=2328 1081 231 1575 163 90 146
internal_value=-0.000553524 0 -0.000422856 0.00384952 -0.00270724 -0.0071004
internal_weight=1968.6 1565.79 1416.58 149.21 402.809 87.8193
internal_count=5614 4297 3903 394 1317 236
is_linear=0
shrinkage=0.03


Tree=73
num_leaves=5
num_cat=0
split_feature=1 0 1 0
split_gain=3.21013 3.13247 6.49776 4.18712
threshold=0.61733278632164013 -1.1761712431907652 0.063437484204769148 -1.2477914690971372
decision_type=2 2 2 2
left_child=1 3 -3 -1
right_child=-2 2 -4 -5
leaf_value=-0.00042980521259192958 -0.0069142100877486127 0.0040834367750090016 -0.0021708906204339273 -0.007247586810444121
leaf_weight=1266.570548819378 45.391885660588741 364.22209759056568 214.90341510996222 69.582570396363735
leaf_count=3824 170 887 535 174
internal_value=-0.000361175 -0.000105016 0.00166743 -0.000930745
internal_weight=1960.67 1915.28 579.126 1336.15
internal_count=5590 5420 1422 3998
is_linear=0
shrinkage=0.03


Tree=74
num_leaves=7
num_cat=0
split_feature=1 3 0 0 0 3
split_gain=4.60257 5.14234 5.26707 3.42714 2.97195 2.51198
threshold=-0.23348162323236463 -1.0532084703445432 -1.2381789088249204 0.085016787052154555 -1.2296704053878782 -1.9017204046249387
decision_type=2 2 2 2 2 2
left_child=1 4 -3 5 -1 -2
right_child=3 2 -4 -5 -6 -7
leaf_value=-0.00455639873791418 0.0026691653549474185 0.0075371045892627326 -0.0010492902517532398 0.0063958882863455182 0.0032906486375288528 -0.0012923693130774861
leaf_weight=88.452155068516731 133.43180312030017 202.56839784234762 68.13763901591301 39.376943156123161 46.606631726026535 1379.7113020084798
leaf_count=306 385 541 168 90 118 3973
internal_value=0.000146807 0.00293605 0.00524598 -0.000572101 -0.00138639 -0.000873636
internal_weight=1958.28 405.765 270.706 1552.52 135.059 1513.14
internal_count=5581 1133 709 4448 424 4358
is_linear=0
shrinkage=0.03


Tree=75
num_leaves=7
num_cat=0
split_feature=0 3 3 0 3 0
split_gain=4.46951 12.5361 13.4169 2.82131 6.67509 5.85006
threshold=-0.49898301064968104 -1.5090783834457395 -0.58085376024246205 -1.468545079231262 -1.0984312295913694 -1.6358428001403806
decision_type=2 2 2 2 2 2
left_child=3 -2 -3 5 -5 -1
right_child=1 2 -4 4 -6 -7
leaf_value=0.0011165633323300499 -0.014759827086311735 0.0096952456461812733 -0.0075969593036055664 0.0061328729056337721 0.00016849899749188905 -0.004794684688802355
leaf_weight=906.26743551716208 42.321748793125153 64.316127248108387 55.931018263101578 271.26475293934345 456.96619627252221 159.31751148030162
leaf_count=2851 98 150 144 685 1137 485
internal_value=0.000689079 -0.00372044 0.00128787 0.0011584 0.00257495 0.000105441
internal_weight=1956.38 162.569 120.247 1793.82 728.231 1065.58
internal_count=5550 392 294 5158 1822 3336
is_linear=0
shrinkage=0.03


Tree=76
num_leaves=7
num_cat=0
split_feature=2 2 0 3 3 4
split_gain=5.15009 4.87523 6.14881 5.0759 4.84149 9.66588
threshold=0.16934513300657275 0.11086691915988924 -1.9659373164176939 -1.1574772000312803 -0.91043686866760243 1.0000000180025095e-35
decision_type=2 2 2 2 2 2
left_child=1 3 -3 -1 -2 -6
right_child=4 2 -4 -5 5 -7
leaf_value=-0.0020424463691654797 0.00058977343661127809 -0.0021546259563929478 0.010141753125468988 0.0017144276473460153 -0.0083024014487243919 0.0046552615255928643
leaf_weight=461.4683775510639 200.36705696582794 35.887715052813292 86.845988158136606 936.0990283973515 192.03716734424233 47.744394302368164
leaf_count=1361 559 137 245 2416 705 159
internal_value=0.000153447 0.00101213 0.00632779 0.00042029 -0.00259717 -0.00533159
internal_weight=1960.45 1520.3 122.734 1397.57 440.149 239.782
internal_count=5582 4159 382 3777 1423 864
is_linear=0
shrinkage=0.03


Tree=77
num_leaves=7
num_cat=0
split_feature=1 2 1 4 1 0
split_gain=3.3614 5.41433 4.05668 5.11954 2.83393 2.45015
threshold=-0.27554805576801294 -0.16147604584693906 0.19131091982126239 1.0000000180025095e-35 -0.33610484004020685 -0.93060868978500355
decision_type=2 2 2 2 2 2
left_child=1 4 3 -2 -1 -4
right_child=2 -3 5 -5 -6 -7
leaf_value=-0.0023550019734041991 0.0024456573571437026 0.0030136733461170878 -0.00045640933474741627 -0.0018997374089302899 -0.010494669381266055 -0.0060288497314217974
leaf_weight=186.9556326046586 940.54909391701221 79.856414884328842 313.85259653069079 295.21776941418648 52.980662778019905 86.590881500393152
leaf_count=519 2518 212 1080 853 150 239
internal_value=-5.9213e-05 -0.00280275 0.000468147 0.00134606 -0.00505235 -0.00203355
internal_weight=1956 319.793 1636.21 1235.77 239.936 400.443
internal_count=5571 881 4690 3371 669 1319
is_linear=0
shrinkage=0.03


Tree=78
num_leaves=7
num_cat=0
split_feature=3 0 4 0 0 0
split_gain=5.12842 5.72394 10.8775 4.53429 5.35685 4.13171
threshold=-0.75313952565193165 -1.3238973021507261 1.0000000180025095e-35 -2.5034524202346797 -1.6690759062767027 -1.7445529699325559
decision_type=2 2 2 2 2 2
left_child=1 5 -3 -2 -5 -1
right_child=3 2 -4 4 -6 -7
leaf_value=0.001403577605142822 0.0046290447710234713 0.0068916140545216527 -0.0040300377470032928 -0.0049124153186385459 -8.9896150866402414e-05 -0.0036201821213316804
leaf_weight=410.19321329332888 73.805762834846973 307.7798828445375 87.260654464364052 357.32716643251479 520.38353947922587 201.35328303277493
leaf_count=1279 209 724 252 1192 1385 571
internal_value=2.08297e-05 0.0015285 0.00425662 -0.00151097 -0.00218574 -0.000217766
internal_weight=1958.1 1006.59 395.041 951.516 877.711 611.546
internal_count=5612 2826 976 2786 2577 1850
is_linear=0
shrinkage=0.03


Tree=79
num_leaves=5
num_cat=0
split_feature=1 1 3 3
split_gain=3.16565 3.6798 4.0501 1.82715
threshold=-0.69573447108268727 -0.23348162323236463 0.28450869023799902 -0.32286958396434778
decision_type=2 2 2 2
left_child=-1 2 -2 -3
right_child=1 3 -4 -5
leaf_value=-0.0079057281519686728 0.0040464991163735474 0 -0.0029734011316269893 -0.002229094682354152
leaf_weight=28.176136836409569 302.68978371471167 1058.8266666792333 70.071218557655811 489.48652913048863
leaf_count=89 834 2940 216 1527
internal_value=-0.000295775 -7.29431e-05 0.00248993 -0.000752104
internal_weight=1949.25 1921.07 372.761 1548.31
internal_count=5606 5517 1050 4467
is_linear=0
shrinkage=0.03


Tree=80
num_leaves=7
num_cat=0
split_feature=3 2 3 2 3 2
split_gain=4.9056 9.23314 5.67216 3.90768 6.24591 3.20887
threshold=-1.5931830406188963 -0.031846584752202027 -1.8856756091117857 0.20414084196090701 -0.8926764428615569 -0.058133335784077637
decision_type=2 2 2 2 2 2
left_child=1 -1 -3 5 -5 -2
right_child=3 2 -4 4 -6 -7
leaf_value=-0.0076312899497617505 0.00044747030656800378 0.0059128484623657881 -0.0034942911479035666 0.0032589467087918529 -0.004889035970482662 0.0035493867722345188
leaf_weight=160.12044534087181 746.5195114761591 104.85718261636794 81.805501691997051 112.54102466627955 197.91608081944287 558.49342507496476
leaf_count=537 1952 288 245 315 744 1582
internal_value=0.000388855 -0.00270467 0.00156063 0.00111456 -0.00173534 0.00185379
internal_weight=1962.25 346.783 186.663 1615.47 310.457 1305.01
internal_count=5663 1070 533 4593 1059 3534
is_linear=0
shrinkage=0.03


Tree=81
num_leaves=5
num_cat=0
split_feature=0 2 2 1
split_gain=3.7346 4.31114 3.8435 2.10732
threshold=1.0000000180025095e-35 0.18883381038904193 0.11086691915988924 0.030147187411785129
decision_type=2 2 2 2
left_child=1 2 -1 -3
right_child=-2 3 -4 -5
leaf_value=-0.0006057276594955269 0.0059918673032490185 -0.0082373787783105012 0.0041049057236349148 -0.0020625798294956702
leaf_weight=1345.9754183627665 53.963522799313068 62.027575619518757 155.62868795543909 329.12149667739868
leaf_count=3689 126 190 483 1101
internal_value=-0.000538498 -0.000816756 -3.05401e-05 -0.00354077
internal_weight=1946.72 1892.75 1501.6 391.149
internal_count=5589 5463 4172 1291
is_linear=0
shrinkage=0.03


Tree=82
num_leaves=7
num_cat=0
split_feature=3 3 2 7 3 2
split_gain=3.38204 4.70583 4.09576 2.96469 2.7447 1.32384
threshold=0.65413573384284984 -1.5383042097091673 0.54132977128028881 1.0000000180025095e-35 1.0419203639030459 -0.23443561792373654
decision_type=2 2 2 2 2 2
left_child=1 3 -3 -1 -2 -6
right_child=4 2 -4 -5 5 -7
leaf_value=-0.0046490807072197687 -0.00735552064833115 0.0016376496662047649 -0.0054335081041281905 0.00020739752318320914 0.0040639235998080978 -0.002253837922356399
leaf_weight=210.83958976529539 76.300743259489536 1349.9103208258748 55.255482330918312 175.30158521421254 25.519623599946499 66.55451999604702
leaf_count=742 266 3667 198 446 80 232
internal_value=0 0.000409563 0.00124514 -0.00239495 -0.00381385 0
internal_weight=1959.68 1791.31 1405.17 386.141 168.375 92.0741
internal_count=5631 5053 3865 1188 578 312
is_linear=0
shrinkage=0.03


Tree=83
num_leaves=7
num_cat=0
split_feature=2 2 1 1 3 6
split_gain=3.10939 8.7351 5.17507 2.87929 2.18392 3.26149
threshold=-0.37106688320636744 -0.24845605343580243 -0.23348162323236463 -0.38989862799644465 -1.1574772000312803 1.0000000180025095e-35
decision_type=2 2 2 2 2 2
left_child=4 3 -3 -2 -1 -6
right_child=1 2 -4 -5 5 -7
leaf_value=-0.0076705986242178665 0 0.0046070397314783677 -0.00063383753657558089 0.0083727564944298585 0.0024272418142295919 -0.0060055909017057907
leaf_weight=47.614694468677044 34.521812982857227 172.33269105106592 1412.0778824593872 142.54811576008797 89.059300795197487 44.246711753308773
leaf_count=184 85 487 4101 391 243 128
internal_value=0.0003036 0.000727236 0 0.00668381 -0.0031842 -0.00039872
internal_weight=1942.4 1761.48 1584.41 177.07 180.921 133.306
internal_count=5619 5064 4588 476 555 371
is_linear=0
shrinkage=0.03


Tree=84
num_leaves=7
num_cat=0
split_feature=0 3 3 0 3 3
split_gain=2.81617 6.76146 8.89023 6.40479 4.48003 5.91491
threshold=-1.2948784232139585 -0.76493588089942921 -1.6307436823844907 -1.0391318202018736 -1.7899420261383054 -1.1343968510627744
decision_type=2 2 2 2 2 2
left_child=4 2 -2 -3 -1 -6
right_child=1 3 -4 -5 5 -7
leaf_value=0.0037721190326491317 -0.0014488513942241886 0.0031226734189831007 0.0075693650488456955 -0.0047136768532877824 -0.0052628698825334984 -0.00025333413374908459
leaf_weight=132.37935214489698 137.19400987774134 132.66463297232985 229.7509496435523 209.18980556726456 280.04777058959007 830.73664540797472
leaf_count=449 356 350 566 538 874 2513
internal_value=-8.15124e-05 0.00137089 0.00414195 -0.00150228 -0.000965702 -0.00164013
internal_weight=1951.96 708.799 366.945 341.854 1243.16 1110.78
internal_count=5646 1810 922 888 3836 3387
is_linear=0
shrinkage=0.03


Tree=85
num_leaves=7
num_cat=0
split_feature=2 3 3 2 2 3
split_gain=7.34001 2.98506 3.49825 2.44426 2.30146 1.41019
threshold=0.043794414028525359 -1.5827356576919553 -1.8276427388191221 0.55696138739585888 0.077634360641241087 -1.5090783834457395
decision_type=2 2 2 2 2 2
left_child=1 2 -1 4 -2 -3
right_child=3 5 -4 -5 -6 -7
leaf_value=0.0011146824384605108 -0.0060750058019294435 0.0072732759604858758 -0.005988944319996756 -0.0075225898386013824 -0.00086242294688429304 0.0015461945597465268
leaf_weight=118.32793262414634 80.132648400962353 30.145302478224039 83.854171898216009 69.049176540225744 575.99402948282659 955.19284504279494
leaf_count=373 246 91 291 241 1820 2520
internal_value=-0.000200452 0.00121304 -0.00183536 -0.00256609 -0.00174864 0.0019223
internal_weight=1912.7 1187.52 202.182 725.176 656.127 985.338
internal_count=5582 3275 664 2307 2066 2611
is_linear=0
shrinkage=0.03


Tree=86
num_leaves=4
num_cat=0
split_feature=1 1 3
split_gain=5.15932 2.51057 2.88221
threshold=0.4297384917736054 -0.69573447108268727 -1.5383042097091673
decision_type=2 2 2
left_child=1 -1 -3
right_child=-2 2 -4
leaf_value=-0.0056648333801265849 -0.0054498765058094943 -0.001382608257080491 0.0015380160930842893
leaf_weight=31.653768673539162 109.66481607407331 346.74152815528214 1436.1284757629037
leaf_count=101 432 1090 4023
internal_value=0.000284552 0.000719467 0.000927682
internal_weight=1924.19 1814.52 1782.87
internal_count=5646 5214 5113
is_linear=0
shrinkage=0.03


Tree=87
num_leaves=6
num_cat=0
split_feature=2 0 0 1 1
split_gain=5.79358 4.91824 5.99894 1.99666 2.07394
threshold=0.28718228638172155 -2.60643458366394 -1.9659373164176939 0.16405226290225985 0.41796024143695837
decision_type=2 2 2 2 2
left_child=1 -1 -3 -2 -5
right_child=3 2 -4 4 -6
leaf_value=0.0090789474428981456 -0.0088313667555862327 -0.0027298985100901686 0.0012028618998799478 0.00053764258713852667 -0.0048773632456153623
leaf_weight=35.966881647706032 58.206437792629004 476.9693981744349 1151.8071544803679 97.973362453281879 94.418877527117729
leaf_count=95 178 1504 3131 320 355
internal_value=-0.000291596 0.000332969 0 -0.0043803 -0.00204638
internal_weight=1915.34 1664.74 1628.78 250.599 192.392
internal_count=5583 4730 4635 853 675
is_linear=0
shrinkage=0.03


Tree=88
num_leaves=7
num_cat=0
split_feature=3 3 0 3 0 3
split_gain=3.97821 8.79968 8.75194 6.12346 3.83311 2.1705
threshold=-0.76493588089942921 -1.2642334103584287 -1.0820382833480833 -0.67480787634849537 -2.1051794290542598 -2.0152443647384639
decision_type=2 2 2 2 2 2
left_child=1 5 -3 -2 -5 -1
right_child=3 2 -4 4 -6 -7
leaf_value=0.0018671599904019386 -0.0094073248336735936 0.0010896942425935145 0.010985559418962912 0.002038334416854911 -0.0022625221786631631 -0.0025061799259205879
leaf_weight=97.697802551090717 71.737401373684406 314.17187639325857 99.808037459850311 228.11108836531639 646.17602398619056 464.43476916477084
leaf_count=277 189 862 246 734 1883 1426
internal_value=-0.000545031 0.000748895 0.0040101 -0.00193008 -0.0010528 -0.001605
internal_weight=1922.14 976.112 413.98 946.025 874.287 562.133
internal_count=5617 2811 1108 2806 2617 1703
is_linear=0
shrinkage=0.03


Tree=89
num_leaves=7
num_cat=0
split_feature=3 3 0 2 7 0
split_gain=2.41672 6.33476 15.5192 8.12636 5.44442 10.1309
threshold=-0.76493588089942921 -1.5383042097091673 -1.0881948471069334 -0.15172065794467923 1.0000000180025095e-35 -1.8066402673721311
decision_type=2 2 2 2 2 2
left_child=1 3 -3 -1 -2 -6
right_child=4 2 -4 -5 5 -7
leaf_value=-0.0083871336935970459 0.00015444902977967509 9.8303697811443419e-05 0.011003370287903474 0.00087957365890159391 0.0056147354856595161 -0.0091990484654862099
leaf_weight=96.676963675767183 781.22012610919774 446.50970450975001 145.36903285980225 273.04736880585551 36.3991470746696 133.18268325552344
leaf_count=356 2368 1267 352 798 114 341
internal_value=0.000153139 0.00122722 0.00314683 -0.00169563 -0.000874247 -0.00544603
internal_weight=1912.41 961.603 591.879 369.724 950.802 169.582
internal_count=5596 2773 1619 1154 2823 455
is_linear=0
shrinkage=0.03


Tree=90
num_leaves=7
num_cat=0
split_feature=0 0 3 3 0 3
split_gain=2.71901 4.57162 4.04527 10.5431 10.2616 3.70345
threshold=-1.4729832410812376 -1.4492778182029722 -1.0891421437263487 -0.92251911759376515 -1.7552301883697508 -0.77707228064537037
decision_type=2 2 2 2 2 2
left_child=2 -2 4 -4 -1 -3
right_child=1 5 3 -5 -6 -7
leaf_value=-0.00068516403249684716 0.0093292375226026181 0.0021568537386974676 0.0089660053852494981 -0.0014970001255231434 -0.012046879192530285 -0.0017444577442086208
leaf_weight=290.40552521124482 33.631850749254227 424.52409774065018 81.169759277254343 585.00063047558069 82.470212729647756 405.268090672791
leaf_count=969 89 1102 226 1865 268 1072
internal_value=-0.000378922 0.000811904 -0.00142177 0 -0.00383614 0.000184647
internal_weight=1902.47 863.424 1039.05 666.17 372.876 829.792
internal_count=5591 2263 3328 2091 1237 2174
is_linear=0
shrinkage=0.03


Tree=91
num_leaves=5
num_cat=0
split_feature=1 3 3 3
split_gain=2.27276 2.71121 4.04532 1.39044
threshold=-0.69573447108268727 -1.6115207076072691 0.32269150018692022 -1.7786628603935239
decision_type=2 2 2 2
left_child=-1 3 -3 -2
right_child=1 2 -4 -5
leaf_value=-0.0061446370107475076 -0.00036109554911005818 0.0016439059861784492 -0.0022536817488165608 -0.0048969022942942616
leaf_weight=28.600677385926247 229.26010304130614 1299.5614382810891 263.54415324702859 87.471974454820156
leaf_count=94 711 3627 900 296
internal_value=0.000194612 0.000386312 0.000928691 -0.00200838
internal_weight=1908.44 1879.84 1563.11 316.732
internal_count=5628 5534 4527 1007
is_linear=0
shrinkage=0.03


Tree=92
num_leaves=7
num_cat=0
split_feature=1 1 1 1 0 0
split_gain=4.67828 4.00233 4.44535 3.46334 2.48487 0.189196
threshold=0.37454925477504736 -0.39959307014942164 -0.042951581999659531 -0.44842416048049921 -0.84767547249793995 -2.3990577459335323
decision_type=2 2 2 2 2 2
left_child=1 3 -3 -1 5 -2
right_child=4 2 -4 -5 -6 -7
leaf_value=0 -0.010420344029796693 0.0029055115623970863 -0.00018265066395974452 -0.0089121031304201601 0.001359446746208958 -0.0033772512950826284
leaf_weight=121.61050524935126 20.605711746960878 716.8588853366673 891.87497862800956 46.606162190437317 27.809535890817642 100.65691299363971
leaf_count=366 81 2046 2536 132 89 415
internal_value=0.000200007 0.000676055 0.00117539 -0.003398 -0.00452836 -0.00630467
internal_weight=1926.02 1776.95 1608.73 168.217 149.072 121.263
internal_count=5665 5080 4582 498 585 496
is_linear=0
shrinkage=0.03


Tree=93
num_leaves=6
num_cat=0
split_feature=1 1 3 1 0
split_gain=2.89105 4.02201 4.02436 2.79221 2.99091
threshold=-0.40512044727802271 -0.47291031479835505 -0.24693075567483899 -0.34348444640636439 -1.4729832410812376
decision_type=2 2 2 2 2
left_child=1 2 -1 -2 -5
right_child=3 -3 -4 4 -6
leaf_value=-0.0037776030515150748 0.0060226464841385725 -0.008349047498531147 0.0064410711663710832 -0.00067728944619381223 0.001811168890746673
leaf_weight=60.361989676952362 68.696325026452541 58.100844398140907 39.750957511365414 894.53318949043751 778.64481519535184
leaf_count=188 185 166 117 2941 2027
internal_value=0.000380441 -0.0032028 0.000177204 0.000772622 0.00045304
internal_weight=1900.09 158.214 100.113 1741.87 1673.18
internal_count=5624 471 305 5153 4968
is_linear=0
shrinkage=0.03


Tree=94
num_leaves=5
num_cat=0
split_feature=1 0 0 0
split_gain=3.40627 4.08473 2.91439 1.66718
threshold=0.39135168492794042 -2.5585775375366206 -0.49898301064968104 -0.81678068637847889
decision_type=2 2 2 2
left_child=1 -1 -3 -2
right_child=3 2 -4 -5
leaf_value=0.0070234208244133742 -0.0054080538856380936 0.00077286247184576984 -0.0034173930047741983 0.0011038671049150085
leaf_weight=68.971213739365339 109.90531126409769 1534.7476949635893 142.43113530054688 21.593622706830502
leaf_count=187 444 4515 346 73
internal_value=0.000323967 0.000719869 0.000345582 -0.00393812
internal_weight=1877.65 1746.15 1677.18 131.499
internal_count=5565 5048 4861 517
is_linear=0
shrinkage=0.03


Tree=95
num_leaves=7
num_cat=0
split_feature=1 0 0 3 7 0
split_gain=4.25724 3.39897 6.95889 4.63684 3.33341 1.30002
threshold=0.4297384917736054 -2.3122209310531612 -1.9164066314697263 -1.081967771053314 1.0000000180025095e-35 -2.1420795917510982
decision_type=2 2 2 2 2 2
left_child=1 3 -3 -1 5 -2
right_child=4 2 -4 -5 -6 -7
leaf_value=-0.0007677077973282611 0 -0.0040148889503107245 0.001129508927693128 0.0061145464505095353 0.0009453293531443952 -0.010604487019973085
leaf_weight=117.65951853990555 23.763031862676144 273.83011412993073 1184.3520130291581 198.12465631216764 35.349931551143527 43.836671721190214
leaf_count=372 105 938 3253 569 106 199
internal_value=0.000356102 0.000751788 8.16077e-05 0.00347858 -0.00498729 -0.0082821
internal_weight=1876.92 1773.97 1458.18 315.784 102.95 67.5997
internal_count=5542 5132 4191 941 410 304
is_linear=0
shrinkage=0.03


Tree=96
num_leaves=7
num_cat=0
split_feature=0 1 2 1 0 2
split_gain=4.0901 5.36829 8.68 4.52997 2.83412 2.43036
threshold=-1.3238973021507261 0.052191695198416717 0.09910838678479196 -0.42891059815883631 -2.5660209655761714 -0.19936258345842359
decision_type=2 2 2 2 2 2
left_child=4 3 -3 -2 -1 -6
right_child=1 2 -4 -5 5 -7
leaf_value=0.0035044494795158274 -0.0041451538316598507 -0.0078862601698415115 0.0019628164880457649 0.0044909663152257534 0.00016631118887891288 -0.0028364699559007278
leaf_weight=64.812752678990364 40.172924071550369 107.19927499443293 188.54843591526151 378.94605196267366 286.13743549212813 824.87086626328528
leaf_count=184 111 264 510 973 879 2670
internal_value=-0.000512837 0.00120899 -0.00169054 0.00337546 -0.00161254 -0.0020208
internal_weight=1890.69 714.867 295.748 419.119 1175.82 1111.01
internal_count=5591 1858 774 1084 3733 3549
is_linear=0
shrinkage=0.03


Tree=97
num_leaves=6
num_cat=0
split_feature=1 1 1 0 0
split_gain=2.67116 3.11209 2.23351 2.00024 0.739097
threshold=0.61733278632164013 0.27851524949073797 0.4297384917736054 -1.468545079231262 -1.5844635367393491
decision_type=2 2 2 2 2
left_child=1 3 -3 -1 -2
right_child=4 2 -4 -5 -6
leaf_value=-0.0011195311388403797 -0.0080676573529332163 0.0055989833370906662 -0.0001383470328533943 0.0009566774383394502 0
leaf_weight=881.3128379508853 24.874448169022799 137.36163996346295 66.481424396857619 744.20334222540259 20.299910658970475
leaf_count=2796 110 451 268 1915 73
internal_value=4.63107e-05 0.000287207 0.00361459 -0.000132452 -0.00588286
internal_weight=1874.53 1829.36 203.843 1625.52 45.1744
internal_count=5613 5430 719 4711 183
is_linear=0
shrinkage=0.03


Tree=98
num_leaves=7
num_cat=0
split_feature=0 3 3 0 0 2
split_gain=2.27763 3.50169 3.70073 3.48679 2.81464 0.0184232
threshold=-1.4729832410812376 -2.0680816173553462 -1.0984312295913694 -1.4113140702247617 -1.3238973021507261 -0.019897494465112683
decision_type=2 2 2 2 2 2
left_child=1 -1 -3 5 -5 -2
right_child=3 2 -4 4 -6 -7
leaf_value=0.0061612864495362548 0.0076743262509435233 -0.0041278748707482896 -0.00015768574964695171 -0.004507000024005516 0.00089378983022143834 0.00099318664632301991
leaf_weight=33.807219311594963 45.368509061634541 316.60478203929961 664.97279759868979 77.319781050086021 715.01911517977715 31.241357214748859
leaf_count=105 116 1100 2133 203 1876 85
internal_value=-0.000144443 -0.0011261 -0.00155502 0.000934681 0.000194909 0.00634047
internal_weight=1884.33 1015.38 981.578 868.949 792.339 76.6099
internal_count=5618 3338 3233 2280 2079 201
is_linear=0
shrinkage=0.03


Tree=99
num_leaves=7
num_cat=0
split_feature=1 0 0 0 3 2
split_gain=3.29392 4.53919 8.87973 3.12816 2.19917 5.87003
threshold=-0.30812112987041468 -1.4729832410812376 -1.4113140702247617 -1.6358428001403806 -1.0891421437263487 -0.16454797238111493
decision_type=2 2 2 2 2 2
left_child=4 3 -3 -2 -1 -6
right_child=1 2 -4 -5 5 -7
leaf_value=-0.00020499105160452289 -0.00078728352522366291 0.010970577236416857 0.00024481478312534446 -0.005770802207694322 0.0009906367481544423 0.012803162083123303
leaf_weight=81.191329557448626 727.37683776393533 59.138044394552708 692.55827375873923 128.13420589081943 142.77279836311936 41.86513527482748
leaf_count=278 2444 155 1822 422 388 110
internal_value=0.000281008 -0.000209325 0.00142885 -0.001717 0.0032627 0.00495176
internal_weight=1873.04 1607.21 751.696 855.511 265.829 184.638
internal_count=5619 4843 1977 2866 776 498
is_linear=0
shrinkage=0.03


Tree=100
num_leaves=7
num_cat=0
split_feature=3 2 0 3 3 0
split_gain=3.82917 3.64276 5.38751 4.62238 2.16739 1.95371
threshold=0.70106676220893871 0.15247919410467151 -1.0820382833480833 -1.5383042097091673 1.0419203639030459 -1.4068719148635862
decision_type=2 2 2 2 2 2
left_child=1 3 -3 -1 5 -2
right_child=4 2 -4 -5 -6 -7
leaf_value=-0.0020504382511726681 -0.010969052720961919 -0.0039904050643714871 0.0028167048206110641 0.0022210930066715161 -0.00029289463954972067 0
leaf_weight=260.33983931876719 36.158853147178888 303.18853656202555 127.64761959761381 1030.236383356154 89.917266055941582 21.792596600949764
leaf_count=880 151 1045 345 2804 319 61
internal_value=2.52273e-05 0.000473225 -0.00180503 0.0012955 -0.00426773 -0.00800786
internal_weight=1869.28 1721.41 430.836 1290.58 147.869 57.9514
internal_count=5605 5074 1390 3684 531 212
is_linear=0
shrinkage=0.03


Tree=101
num_leaves=7
num_cat=0
split_feature=2 3 4 2 0 0
split_gain=2.49791 3.78249 5.28905 3.83696 3.4583 5.97664
threshold=0.23733533173799518 -0.8926764428615569 1.0000000180025095e-35 0.37472872436046606 -1.5538208484649656 -1.048215866088867
decision_type=2 2 2 2 2 2
left_child=4 3 -3 -2 -1 -6
right_child=1 2 -4 -5 5 -7
leaf_value=-0.0012231634389326161 -0.0034889040703872548 -0.0082040186161525686 0.0029103409868495174 0.0050651220790202175 0.004084852118917591 -0.0010335074329119844
leaf_weight=795.63579373806715 74.395236622542143 131.19582043215632 30.960934974253178 71.027105644345284 391.89024702459574 368.73030261322856
leaf_count=2546 215 529 112 220 1044 955
internal_value=-0.000359518 -0.00274856 -0.005666 0.000433602 0.000103473 0.00156383
internal_weight=1863.84 307.579 162.157 145.422 1556.26 760.621
internal_count=5621 1076 641 435 4545 1999
is_linear=0
shrinkage=0.03


Tree=102
num_leaves=7
num_cat=0
split_feature=2 0 0 0 2 2
split_gain=2.84579 4.4746 4.77407 3.7115 4.33031 4.26494
threshold=-0.37969620525836939 -2.3835691213607784 -0.89321395754814137 -0.94131574034690846 -0.041569208726286881 0.2232448682188988
decision_type=2 2 2 2 2 2
left_child=1 -1 -3 5 -5 -2
right_child=3 2 -4 4 -6 -7
leaf_value=0.0045963987201694447 0.0022417080164596017 -0.00821787406954398 0.0030809078036158075 0.0017619119098214566 -0.0045801123347072783 -0.0018849846927281504
leaf_weight=28.149810422211885 1095.6811217013747 110.28032507747412 24.577256288379431 136.38515897467732 209.07316897809505 250.54296628572047
leaf_count=79 3279 370 71 336 555 915
internal_value=0.000269615 -0.0032347 -0.0056393 0.000676187 -0.00195274 0.00141343
internal_weight=1854.69 163.007 134.858 1691.68 345.458 1346.22
internal_count=5605 520 441 5085 891 4194
is_linear=0
shrinkage=0.03


Tree=103
num_leaves=7
num_cat=0
split_feature=2 0 2 3 0 2
split_gain=5.6843 7.82988 6.50856 4.56816 3.98658 8.06038
threshold=0.020333990454673771 -2.4965162277221675 -0.37969620525836939 -0.81727910041809071 -1.0991843342781065 0.095883443951606764
decision_type=2 2 2 2 2 2
left_child=1 3 -3 -1 -2 -6
right_child=4 2 -4 -5 5 -7
leaf_value=0 -0.0034954617677396623 -0.0051378889862127549 0.0013803543788237919 0.012941306673635558 -0.0074508334170767512 0.0042393924981356983
leaf_weight=32.106081649661064 550.2173418905586 143.01442217454314 839.51892230473459 55.483497440814972 51.431698366999626 175.67233831062913
leaf_count=97 1925 478 2363 141 136 475
internal_value=-0.000176158 0.00119886 0.000288161 0.00890432 -0.00212696 0.000960349
internal_weight=1847.44 1070.12 982.533 87.5896 777.321 227.104
internal_count=5615 3079 2841 238 2536 611
is_linear=0
shrinkage=0.03


Tree=104
num_leaves=6
num_cat=0
split_feature=2 2 2 0 1
split_gain=2.69873 1.99106 1.49908 0.571631 0.17791
threshold=0.54132977128028881 0.38170731067657476 0.15247919410467151 -1.7706131339073179 0.39981167018413549
decision_type=2 2 2 2 2
left_child=1 2 -1 -3 -2
right_child=4 3 -4 -5 -6
leaf_value=0.00063024815835600683 0 0 -0.0015690322280760062 0.0062387255414286108 -0.0057627469422086904
leaf_weight=1394.2060106638819 22.395398143678904 26.602445421740413 320.51038952916861 47.043157070875168 48.74637733027339
leaf_count=4083 73 122 1046 156 187
internal_value=0.000159663 0.000442365 0.000171226 0.00472982 -0.0048262
internal_weight=1859.5 1788.36 1714.72 73.6456 71.1418
internal_count=5667 5407 5129 278 260
is_linear=0
shrinkage=0.03


Tree=105
num_leaves=7
num_cat=0
split_feature=1 3 1 1 7 3
split_gain=3.01607 3.38379 7.1674 5.79375 2.39895 1.70925
threshold=0.39135168492794042 -0.50010854005813588 0.037901403382420547 -0.042951581999659531 1.0000000180025095e-35 -0.44658604264259333
decision_type=2 2 2 2 2 2
left_child=1 3 -3 -1 5 -2
right_child=4 2 -4 -5 -6 -7
leaf_value=0.0038060652967049258 -0.0098745418009324459 -0.0033964835979677951 0.0028893080054599564 -0.00053382934952788156 0.0004403524416894073 -8.5617341754926188e-05
leaf_weight=493.64824219979346 42.580067766830325 444.99118634313345 224.72725934162736 547.5932482779026 44.129311088472605 39.645471410825849
leaf_count=1487 177 1309 718 1560 130 197
internal_value=3.49546e-05 0.000415803 -0.00117764 0.00150011 -0.00406421 -0.00668185
internal_weight=1837.31 1710.96 669.718 1041.24 126.355 82.2255
internal_count=5578 5074 2027 3047 504 374
is_linear=0
shrinkage=0.03


Tree=106
num_leaves=7
num_cat=0
split_feature=3 3 0 0 0 0
split_gain=4.56723 4.89117 9.03299 3.78387 3.64202 4.28721
threshold=0.2972054928541184 -1.5383042097091673 -0.49898301064968104 -1.9659373164176939 -2.5075504779815669 -0.63610824942588795
decision_type=2 2 2 2 2 2
left_child=1 2 -1 -3 -2 -6
right_child=4 3 -4 -5 5 -7
leaf_value=-0.00021991142969631151 0.0040823019500585726 -0.0007873223410057316 -0.013578509491503729 0.0026758561240081517 -0.0061782510557386889 0.0037594160537947684
leaf_weight=327.55032130517066 26.690737746655941 380.91128614172339 35.090464197099209 829.98166441917419 222.69676174595952 24.80942565202713
leaf_count=1090 85 1158 88 2310 817 72
internal_value=-3.25154e-06 0.000598861 -0.00231151 0.00154261 -0.00346835 -0.00475123
internal_weight=1847.73 1573.53 362.641 1210.89 274.197 247.506
internal_count=5620 4646 1178 3468 974 889
is_linear=0
shrinkage=0.03


Tree=107
num_leaves=7
num_cat=0
split_feature=1 4 3 0 3 2
split_gain=5.18892 4.99241 7.87351 4.19841 11.6074 6.54497
threshold=0.16858980804681781 1.0000000180025095e-35 -0.83313718438148487 -2.3039739131927486 -1.0617028474807737 -0.37106688320636744
decision_type=2 2 2 2 2 2
left_child=3 -2 -3 4 -1 -5
right_child=1 2 -4 5 -6 -7
leaf_value=-0.0037726391066300572 -0.0049665395074255355 -0.0037408105198505769 0.01019830887930793 -0.006055650773152477 0.0084955372133097961 0.00069066998587071209
leaf_weight=88.750179912894964 311.36360768415034 65.953664537519217 40.925308410078287 127.10335278138518 163.9006913639605 1037.704943459481
leaf_count=298 1075 233 141 419 453 2960
internal_value=-0.000190846 -0.0030712 0.00188998 0.000648212 0.00400534 -8.46394e-05
internal_weight=1835.7 418.243 106.879 1417.46 252.651 1164.81
internal_count=5579 1449 374 4130 751 3379
is_linear=0
shrinkage=0.03


Tree=108
num_leaves=7
num_cat=0
split_feature=0 3 3 3 3 5
split_gain=1.99621 3.49677 8.75805 4.30263 2.55146 5.55766
threshold=-1.4729832410812376 -0.75313952565193165 -1.5931830406188963 -0.13809145241975782 -1.1574772000312803 1.0000000180025095e-35
decision_type=2 2 2 2 2 2
left_child=4 2 -2 -3 5 -1
right_child=1 3 -4 -5 -6 -7
leaf_value=-0.00066353195177025264 -0.0021784065585185499 -0.0041881207370423716 0.0061540553317749264 0.0016793462930955053 6.4749768824029762e-05 -0.010234708945147943
leaf_weight=261.03251045197248 161.23485007509589 176.93542180582881 266.0093377456069 228.6644992493093 669.51498924195766 56.586513988673687
leaf_count=904 443 470 697 636 2216 221
internal_value=0 0.00105309 0.00291857 -0.000815779 -0.000919112 -0.00305171
internal_weight=1819.98 832.844 427.244 405.6 987.134 317.619
internal_count=5587 2246 1140 1106 3341 1125
is_linear=0
shrinkage=0.03


Tree=109
num_leaves=5
num_cat=0
split_feature=2 3 2 3
split_gain=4.28483 2.68846 2.62822 1.87867
threshold=0.70962998270988475 0.67779007554054271 -0.21250800043344495 -1.5931830406188963
decision_type=2 2 2 2
left_child=1 3 -3 -1
right_child=-2 2 -4 -5
leaf_value=-0.0009784885416616383 -0.0085144153004257147 0.0020304060666624414 -0.0052051143242596619 0.0014703783818538717
leaf_weight=308.89646470174193 27.259916491806507 41.119169618934393 111.71261206641793 1356.16624767147
leaf_count=1022 109 134 426 3943
internal_value=0.000331228 0.000587728 -0.00290156 0.000974245
internal_weight=1845.15 1817.89 152.832 1665.06
internal_count=5634 5525 560 4965
is_linear=0
shrinkage=0.03


Tree=110
num_leaves=7
num_cat=0
split_feature=2 3 3 0 0 1
split_gain=6.09941 4.82319 7.17381 4.50326 4.24086 4.0764
threshold=0.15247919410467151 0.028344309888780121 -1.5383042097091673 -1.7140952944755552 -1.0705039501190183 0.12141040340065958
decision_type=2 2 2 2 2 2
left_child=1 2 -1 -3 -2 -6
right_child=4 3 -4 -5 5 -7
leaf_value=-0.0022021298060327901 -0.0048401341293031969 -0.0059233015341886288 0.0032371584021338813 0.0008268030998896163 0.0070961000879995774 -0.00225946526032218
leaf_weight=265.988794317469 326.70239834114909 140.58097493648529 815.40666020289063 161.50729177892208 44.875496983528137 88.981457769870758
leaf_count=903 1210 474 2224 475 122 257
internal_value=-0.000102199 0.000864606 0.0018291 -0.00230092 -0.00304637 0.00100173
internal_weight=1844.04 1383.48 1081.4 302.088 460.559 133.857
internal_count=5665 4076 3127 949 1589 379
is_linear=0
shrinkage=0.03


Tree=111
num_leaves=7
num_cat=0
split_feature=1 1 3 5 4 3
split_gain=2.90601 4.56822 4.07054 3.83453 3.58842 3.87507
threshold=0.20025460422039035 0.08801827579736711 0.028344309888780121 1.0000000180025095e-35 1.0000000180025095e-35 -0.94446653127670277
decision_type=2 2 2 2 2 2
left_child=1 2 -1 -3 -2 -6
right_child=4 3 -4 -5 5 -7
leaf_value=0.00071843249145805326 -0.004112684222175614 0.0059622447292270887 -0.0033662284636080432 -0.0015788565170735708 -0.0023979490988697248 0.0077792069346974751
leaf_weight=958.43723839521408 265.40607051923871 201.4441445171833 261.12827777117491 58.380565844476223 50.264017233625054 38.977416682988405
leaf_count=2787 930 557 841 192 176 141
internal_value=0 0.000595677 -0.000147956 0.00406166 -0.00235816 0.00210825
internal_weight=1834.04 1479.39 1219.57 259.825 354.648 89.2414
internal_count=5624 4377 3628 749 1247 317
is_linear=0
shrinkage=0.03


Tree=112
num_leaves=7
num_cat=0
split_feature=3 1 2 2 0 2
split_gain=3.07302 4.45988 3.84154 2.92216 5.48165 5.27836
threshold=-1.9017204046249387 -0.1144297383725643 0.25351460278034216 -0.18605613708496091 -1.9404410123825071 -0.16679476946592328
decision_type=2 2 2 2 2 2
left_child=1 -1 -3 4 -2 -5
right_child=3 2 -4 5 -6 -7
leaf_value=-0.003090875763179673 -0.0030122341435976727 0.0090661987593496432 -0.0012678545610913933 -0.01041442379093804 0.0034477248746247768 -0.0011618742467594363
leaf_weight=45.081522539258003 161.86775290593505 84.553137421607971 27.058783382177353 41.468991801142693 298.11444628611207 1169.2638011500239
leaf_count=161 512 252 76 122 858 3664
internal_value=-0.000490373 0.00320938 0.00629302 -0.000906715 0.00101867 -0.00169163
internal_weight=1827.41 156.693 111.612 1670.71 459.982 1210.73
internal_count=5645 489 328 5156 1370 3786
is_linear=0
shrinkage=0.03


Tree=113
num_leaves=7
num_cat=0
split_feature=0 0 7 2 5 2
split_gain=2.80196 7.02132 4.4765 2.90329 6.25638 1.6599
threshold=-1.4729832410812376 -1.4298965334892271 1.0000000180025095e-35 -0.24522777646780011 1.0000000180025095e-35 -0.41398094594478602
decision_type=2 2 2 2 2 2
left_child=3 -2 -3 5 -5 -1
right_child=1 2 -4 4 -6 -7
leaf_value=-0.0013354158201975947 0.0095577944958649842 -0.0018229085778442308 0.0027586718936606874 -0.00055611659632814328 -0.0066167868000959829 0.0033680080142527128
leaf_weight=85.243296138942242 55.034248225390911 477.19089291058481 292.30035290122032 559.47091343812644 208.54426291584969 129.82718284055591
leaf_count=309 156 1349 767 1845 789 389
internal_value=-0.00043666 0.000796142 0 -0.0015257 -0.00240412 0.00129355
internal_weight=1807.61 824.525 769.491 983.086 768.015 215.07
internal_count=5604 2272 2116 3332 2634 698
is_linear=0
shrinkage=0.03


Tree=114
num_leaves=7
num_cat=0
split_feature=3 0 3 0 3 1
split_gain=3.58556 4.74031 6.07576 3.98968 3.63751 3.06494
threshold=-0.50010854005813588 -1.2052860260009763 -1.7488629817962644 -1.0533304810523985 0.70106676220893871 -0.042951581999659531
decision_type=2 2 2 2 2 2
left_child=1 5 -3 4 -2 -1
right_child=3 2 -4 -5 -6 -7
leaf_value=0.00176403449120068 0.0010415194214949662 -0.0024570131949932668 0.0061918024083388078 -0.00548440484610068 -0.0046238364281923922 -0.0019434810745868137
leaf_weight=361.13859634846449 422.88933198340237 75.394532505422831 257.11618189513683 157.40623012930155 111.27220620959997 398.53152012452483
leaf_count=1116 1363 207 699 437 450 1288
internal_value=5.63968e-05 0.00115125 0.0040324 -0.00157212 -0.000154654 -0.000103975
internal_weight=1783.75 1092.18 332.511 691.568 534.162 759.67
internal_count=5560 3310 906 2250 1813 2404
is_linear=0
shrinkage=0.03


Tree=115
num_leaves=7
num_cat=0
split_feature=2 2 2 3 2 1
split_gain=3.94292 4.41034 4.97826 3.87771 1.67102 1.03959
threshold=-0.37106688320636744 -0.022222010418772694 -0.058133335784077637 -0.75313952565193165 -0.64144903421401966 -0.55245459079742421
decision_type=2 2 2 2 2 2
left_child=4 2 -2 -3 -1 -6
right_child=1 3 -4 -5 5 -7
leaf_value=0.00023097730513388907 0.00074142518140043361 0.00067981030043150496 0.0071616571986526413 -0.0032045765910583847 0 -0.0069438648635850135
leaf_weight=30.434623431414366 646.71383311599493 459.59931405819952 120.54827706888318 400.60180744342506 25.095816671848297 100.8257662281394
leaf_count=103 1877 1390 325 1457 89 334
internal_value=-9.64804e-05 0.000327208 0.00198266 -0.00109272 -0.00438372 -0.00578904
internal_weight=1783.82 1627.46 767.262 860.201 156.356 125.922
internal_count=5575 5049 2202 2847 526 423
is_linear=0
shrinkage=0.03


Tree=116
num_leaves=7
num_cat=0
split_feature=1 3 3 1 3 2
split_gain=3.40502 4.47546 6.86347 5.10802 0.30444 0.468086
threshold=0.4297384917736054 -1.8856756091117857 -1.6115207076072691 -0.1144297383725643 0.043840141966938979 0.32957357168197637
decision_type=2 2 2 2 2 2
left_child=1 3 -3 -1 5 -2
right_child=4 2 -4 -5 -6 -7
leaf_value=-0.0016359676485690562 0 -0.0062291177014563827 0.00052970836714059716 0.0082718480454599622 0 -0.006856398817853499
leaf_weight=51.163294147700071 20.477367151528597 128.93617867678404 1423.0664032045752 107.48696529865265 25.35517106577754 53.770544962957501
leaf_count=170 80 445 4242 318 130 207
internal_value=4.31241e-05 0.000413021 -6.57357e-05 0.00491537 -0.00481482 -0.00568563
internal_weight=1810.26 1710.65 1552 158.65 99.6031 74.2479
internal_count=5592 5175 4687 488 417 287
is_linear=0
shrinkage=0.03


Tree=117
num_leaves=7
num_cat=0
split_feature=3 3 7 7 2 2
split_gain=2.24323 2.89497 15.121 8.75154 0.984003 0.532005
threshold=-1.9575447440147398 -0.92251911759376515 1.0000000180025095e-35 1.0000000180025095e-35 -0.050781628116965287 0.087409157305955901
decision_type=2 2 2 2 2 2
left_child=4 2 -2 -3 -1 -6
right_child=1 3 -4 -5 5 -7
leaf_value=-0.0060753905195484927 -0.0016682442191569794 0.00074572684308478346 0.0070869696291124846 -0.0061382581124087088 0.0016086426674483702 -0.0023109187479123032
leaf_weight=51.221092700958252 406.84787900559604 806.6467455830425 278.02738085202873 185.88435903936625 29.389787815511227 46.068755630403757
leaf_count=171 1351 2585 767 517 91 127
internal_value=6.95038e-05 0.000408097 0.00190108 -0.00058005 -0.00344918 -0.000138584
internal_weight=1804.09 1677.41 684.875 992.531 126.68 75.4585
internal_count=5609 5220 2118 3102 389 218
is_linear=0
shrinkage=0.03


Tree=118
num_leaves=7
num_cat=0
split_feature=1 3 0 0 6 0
split_gain=2.90846 2.03543 3.97758 3.69261 1.62792 3.28189
threshold=0.19131091982126239 -1.6115207076072691 -0.94131574034690846 -1.0991843342781065 1.0000000180025095e-35 -1.4902143478393552
decision_type=2 2 2 2 2 2
left_child=1 2 -1 -3 -2 -6
right_child=4 3 -4 -5 5 -7
leaf_value=4.6631771219500006e-05 -0.0010480501320437056 -2.4643615207883298e-05 -0.0078615994518769876 0.0037280909977946302 0 -0.010347216766301808
leaf_weight=181.13733544945717 287.73988115228713 894.88061129115522 55.020344339311123 286.29148487374187 42.829582933336496 42.201264791190624
leaf_count=638 1000 2694 153 769 188 149
internal_value=-0.000258259 0.000333212 -0.00203156 0.000881919 -0.00256233 -0.00594
internal_weight=1790.1 1417.33 236.158 1181.17 372.771 85.0308
internal_count=5591 4254 791 3463 1337 337
is_linear=0
shrinkage=0.03


Tree=119
num_leaves=7
num_cat=0
split_feature=3 3 0 0 3 0
split_gain=2.01204 4.46786 5.06002 3.63766 3.61983 7.13129
threshold=-0.50010854005813588 -1.1641328930854795 -1.4729832410812376 -1.454754590988159 -0.077417332679033266 -1.2477914690971372
decision_type=2 2 2 2 2 2
left_child=1 2 -1 -3 5 -2
right_child=4 3 -4 -5 -6 -7
leaf_value=-0.0032650486947478105 0 0.005212501291030301 0.0020669059205584051 0 0.00057209637100316658 -0.010354981456139703
leaf_weight=306.23767991550267 168.06718298047781 287.66056568175554 285.41004521399736 218.80732610076666 438.19768130965531 74.824974622577429
leaf_count=1101 522 852 803 595 1510 205
internal_value=0.000262117 0.00107529 -0.000611345 0.00310794 -0.000956651 -0.00377657
internal_weight=1779.21 1098.12 591.648 506.468 681.09 242.892
internal_count=5588 3351 1904 1447 2237 727
is_linear=0
shrinkage=0.03


Tree=120
num_leaves=7
num_cat=0
split_feature=5 2 1 0 1 1
split_gain=3.10092 7.94303 7.72135 7.65627 2.55677 3.91192
threshold=1.0000000180025095e-35 -0.12736511230468747 -0.40512044727802271 -1.1063716411590574 0.33128525316715246 0.082654748111963286
decision_type=2 2 2 2 2 2
left_child=4 2 -2 -3 5 -1
right_child=1 3 -4 -5 -6 -7
leaf_value=-0.00023789777919443783 -0.0077960697563738413 -0.0084441723737484209 0.0054881296804289437 0.002593613422697213 -0.003084705202780787 0.0034330289307999773
leaf_weight=883.51196125894785 31.130200266838074 200.4567023999989 134.89698373898864 55.599015176296234 154.95937115326524 335.68211515247822
leaf_count=2682 94 766 393 148 552 974
internal_value=-0.000411617 -0.00261041 0.00210442 -0.00581585 0.000248484 0.000763499
internal_weight=1796.24 422.083 166.027 256.056 1374.15 1219.19
internal_count=5609 1401 487 914 4208 3656
is_linear=0
shrinkage=0.03


Tree=121
num_leaves=7
num_cat=0
split_feature=3 1 1 1 0 3
split_gain=1.83005 2.17005 4.16004 2.63549 1.99829 7.12321
threshold=0.67779007554054271 0.092017114162445082 -0.25949998199939722 0.27851524949073797 -0.94131574034690846 -1.5931830406188963
decision_type=2 2 2 2 2 2
left_child=4 2 -2 -3 -1 -6
right_child=1 3 -4 -5 5 -7
leaf_value=0.0013035429911556725 0.0015523471214203769 0.0063069300167921229 -0.0092083449652202269 -0.0035451396255269884 -0.0079486690396981061 0.0012852698031279894
leaf_weight=1329.7532772216946 33.386748928576708 28.747807990759611 56.409627202898264 23.778582032769918 82.328961126506329 244.74221029877663
leaf_count=4200 113 98 226 112 228 661
internal_value=0.000449586 -0.00251649 -0.00510701 0.00127192 0.000767133 -0.00119029
internal_weight=1799.15 142.323 89.7964 52.5264 1656.82 327.071
internal_count=5638 549 339 210 5089 889
is_linear=0
shrinkage=0.03


Tree=122
num_leaves=7
num_cat=0
split_feature=0 2 3 3 0 3
split_gain=2.46602 3.6163 6.58006 6.0756 3.3651 4.29291
threshold=-2.4369174242019649 -0.039037855342030518 -1.0984312295913694 -1.4450630545616148 -1.5538208484649656 -0.88108527660369862
decision_type=2 2 2 2 2 2
left_child=1 2 -1 -3 -2 -6
right_child=4 3 -4 -5 5 -7
leaf_value=-0.0031234700991925085 -0.0023896503092250424 0.0068178046689962787 0.010529561590981741 -0.0055183980682656014 0.00260263507646155 -0.0015267320333191684
leaf_weight=29.060507509857416 701.16754071228206 34.836940038949251 69.749413095414639 78.942928109318018 398.68019070476294 462.60960608534515
leaf_count=103 2523 99 178 264 1117 1333
internal_value=-0.000418283 0.00240614 0.00615927 -0.000838235 -0.000866047 0.000332304
internal_weight=1775.05 212.59 98.8099 113.78 1562.46 861.29
internal_count=5617 644 281 363 4973 2450
is_linear=0
shrinkage=0.03


Tree=123
num_leaves=5
num_cat=0
split_feature=1 1 1 2
split_gain=2.85388 2.60723 5.74783 3.23341
threshold=0.61733278632164013 0.044120633974671371 -0.14308618754148481 -0.063141915947198854
decision_type=2 2 2 2
left_child=1 2 -1 -3
right_child=-2 3 -4 -5
leaf_value=0.00098126006969571065 -0.0067341230528954162 -0.0030476507656192276 -0.0033024771771745418 0.0022490562958130647
leaf_weight=562.58952714316547 40.620473215356469 98.88418909534812 505.59428014233708 580.91833110712469
leaf_count=1727 169 291 1528 1905
internal_value=-0.000322422 -6.49946e-05 -0.00101462 0.00132778
internal_weight=1788.61 1747.99 1068.18 679.803
internal_count=5620 5451 3255 2196
is_linear=0
shrinkage=0.03


Tree=124
num_leaves=7
num_cat=0
split_feature=2 0 0 2 2 5
split_gain=3.38773 4.5664 7.05597 3.94054 2.56339 1.87173
threshold=-0.15172065794467923 -1.9091563820838926 -2.3905198574066158 -0.18319222331047055 0.023612617515027527 1.0000000180025095e-35
decision_type=2 2 2 2 2 2
left_child=1 2 -1 -3 -2 -6
right_child=4 3 -4 -5 5 -7
leaf_value=0.0019614095667838593 0.0030224967426125482 0.0020733083949398341 -0.0086616549699586268 -0.0058338194757416879 0.0009973036713856881 -0.0026001184538656536
leaf_weight=68.290025044232607 498.94986645504832 299.83963740058243 127.47396324202418 47.345510974526405 586.73444371111691 142.83370215818286
leaf_count=200 1445 884 447 130 1868 612
internal_value=0.000511472 -0.00137482 -0.00483953 0.000572585 0.00140185 0.000162376
internal_weight=1771.47 542.949 195.764 347.185 1228.52 729.568
internal_count=5586 1661 647 1014 3925 2480
is_linear=0
shrinkage=0.03


Tree=125
num_leaves=7
num_cat=0
split_feature=3 3 0 0 4 3
split_gain=2.70199 2.59788 1.80907 3.03944 2.75701 0.583811
threshold=0.67779007554054271 1.0419203639030459 -2.4316445589065547 -1.3238973021507261 1.0000000180025095e-35 1.377824664115906
decision_type=2 2 2 2 2 2
left_child=2 -2 4 -4 -1 -3
right_child=1 5 3 -5 -6 -7
leaf_value=0 -0.0070195672871161486 0.0024472888291588646 -0.00067793620465097626 0.0020315527338863118 0.0071329298964695025 -0.0016002971808123094
leaf_weight=111.33845815435052 59.589648302644491 41.295441571623087 831.38658036291599 620.61589747667313 80.411728765815496 41.819769978523254
leaf_count=345 239 156 2784 1704 242 165
internal_value=0.000499629 -0.0031198 0.000883644 0.000451262 0.00352258 0
internal_weight=1786.46 142.705 1643.75 1452 191.75 83.1152
internal_count=5635 560 5075 4488 587 321
is_linear=0
shrinkage=0.03


Tree=126
num_leaves=6
num_cat=0
split_feature=1 1 3 3 3
split_gain=2.01552 1.56028 2.86064 2.60711 0.209152
threshold=0.61733278632164013 0.2701095193624497 -1.006208002567291 -1.1574772000312803 -0.63468959927558888
decision_type=2 2 2 2 2
left_child=1 3 -3 -1 -2
right_child=4 2 -4 -5 -6
leaf_value=-0.002055571328719843 0 0.0059008627999018182 -0.0003678425154044394 0.00053424087431476258 -0.0070976239704703533
leaf_weight=494.70647244341671 20.268381025642157 90.134032277390361 117.34011071547866 1023.3679311051965 20.344648081809282
leaf_count=1634 73 277 469 3052 99
internal_value=-0.00013189 2.22052e-05 0.00237111 -0.000286466 -0.00551592
internal_weight=1766.16 1725.55 207.474 1518.07 40.613
internal_count=5604 5432 746 4686 172
is_linear=0
shrinkage=0.03


Tree=127
num_leaves=7
num_cat=0
split_feature=3 2 0 3 3 0
split_gain=3.76755 2.18008 7.18612 4.13046 1.99128 4.5733
threshold=-0.11978641524910925 0.033709064126014716 -1.0705039501190183 -1.5383042097091673 0.30919714272022253 -0.79254296422004689
decision_type=2 2 2 2 2 2
left_child=1 3 -3 -1 5 -2
right_child=4 2 -4 -5 -6 -7
leaf_value=-0.0032596611513939838 0.0062809210099496306 -0.0044240119519848636 0.0029472672939082805 0.0015743101850063286 0.00022729267821731115 -0.0032665215938384629
leaf_weight=192.17934406362474 186.54160242900252 363.74642148986459 146.17919609695673 593.11847353726625 245.89854591712356 35.203895509243011
leaf_count=697 571 1250 401 1615 929 91
internal_value=0.000136334 -0.000664768 -0.0021662 0.000265251 0.00241443 0.00437215
internal_weight=1762.87 1295.22 509.926 785.298 467.644 221.745
internal_count=5554 3963 1651 2312 1591 662
is_linear=0
shrinkage=0.03


Tree=128
num_leaves=5
num_cat=0
split_feature=0 7 3 3
split_gain=3.1133 3.00053 11.6239 4.67407
threshold=0.085016787052154555 1.0000000180025095e-35 -0.8926764428615569 -1.0891421437263487
decision_type=2 2 2 2
left_child=1 3 -3 -1
right_child=-2 2 -4 -5
leaf_value=-0.0037358803410822367 0.0066555701362136658 0.0052054468185424758 -0.0039995698074945562 0.00014124362774013051
leaf_weight=371.93106939829886 41.647525444626808 306.53106260485947 174.03169143199921 880.66502694226801
leaf_count=1325 109 867 505 2846
internal_value=0 -0.000201521 0.00172545 -0.00100346
internal_weight=1774.81 1733.16 480.563 1252.6
internal_count=5652 5543 1372 4171
is_linear=0
shrinkage=0.03


Tree=129
num_leaves=7
num_cat=0
split_feature=2 5 2 0 2 2
split_gain=2.00249 4.68277 3.5284 2.4041 2.34802 1.25632
threshold=-0.16147604584693906 1.0000000180025095e-35 -0.19936258345842359 -1.5462092757225034 0.57694977521896373 -0.024886962957680222
decision_type=2 2 2 2 2 2
left_child=1 2 -1 -3 5 -2
right_child=4 3 -4 -5 -6 -7
leaf_value=-0.0012110737157245549 0.0027171341521331389 0 -0.0087022519792543107 0.0075185460075816906 -0.0040876287400178901 0.00052274490749773148
leaf_weight=315.54913353174925 388.83862321823835 89.928969878703356 61.266401953995228 44.746427342295647 53.035130843520164 807.37973895482719
leaf_count=1017 1125 283 194 124 208 2667
internal_value=0.00031018 -0.00119002 -0.00295748 0.00311031 0.000980763 0.00131833
internal_weight=1760.74 511.491 376.816 134.675 1249.25 1196.22
internal_count=5618 1618 1211 407 4000 3792
is_linear=0
shrinkage=0.03


Tree=130
num_leaves=6
num_cat=0
split_feature=1 1 3 1 3
split_gain=1.66905 3.17344 2.27712 1.21528 0.195557
threshold=-0.47291031479835505 -0.69573447108268727 0.59596717357635509 -0.38989862799644465 1.0419203639030459
decision_type=2 2 2 2 2
left_child=1 -1 3 -2 -4
right_child=2 -3 4 -5 -6
leaf_value=-0.0028846724178713599 -0.0035169011004201481 0.0065594465800169754 -0.0047584656359008068 0.00030956848953288566 -0.00084905088201436341
leaf_weight=25.162072461098433 57.932878021150827 69.765952967107296 80.123284194618464 1422.8807881250978 77.110094472765923
leaf_count=89 176 219 321 4436 304
internal_value=0 0.00346771 -0.00026917 7.50181e-05 -0.00349192
internal_weight=1732.98 94.928 1638.05 1480.81 157.233
internal_count=5545 308 5237 4612 625
is_linear=0
shrinkage=0.03


Tree=131
num_leaves=7
num_cat=0
split_feature=3 0 0 3 0 0
split_gain=2.42031 3.32278 9.56803 9.36005 2.19911 8.43613
threshold=-0.38597980141639704 -0.83235281705856312 -0.94131574034690846 -1.5314580202102659 -2.0151582956314082 -1.7216806411743162
decision_type=2 2 2 2 2 2
left_child=1 2 -1 -3 -2 -6
right_child=4 3 -4 -5 5 -7
leaf_value=0.00070248445491386403 0.00083920662021436435 -0.0034707921821323616 -0.011503685383498826 0.009010608290571832 -0.010872014564646808 -0.00045811097050126606
leaf_weight=916.1560924667865 180.40555323287845 67.792357593774796 41.580582074820995 114.26322653889656 73.076743735000491 348.44659802690148
leaf_count=2923 649 189 116 308 305 1068
internal_value=-8.9812e-05 0.000684878 0 0.00418243 -0.00162806 -0.00281009
internal_weight=1741.72 1139.79 957.737 182.056 601.929 421.523
internal_count=5558 3536 3039 497 2022 1373
is_linear=0
shrinkage=0.03


Tree=132
num_leaves=7
num_cat=0
split_feature=1 1 1 0 3 1
split_gain=2.5785 3.24286 4.06105 2.56514 2.29962 1.44685
threshold=-0.40512044727802271 -0.066792979836463914 -0.08465965092182158 -2.3039739131927486 -0.99843168258666981 0.0052810213528573522
decision_type=2 2 2 2 2 2
left_child=3 2 -2 -1 -5 -3
right_child=1 5 -4 4 -6 -7
leaf_value=0.0021638661284244199 0.00092286340098137896 -0.003027713800079118 0.008788147057520691 0 -0.0081797381879058911 -0.00012742210546016233
leaf_weight=26.125953622162342 558.02906958572567 188.43054614961147 51.753191202878952 35.450633935630322 75.902752935886383 813.35873679816723
leaf_count=87 1735 579 153 129 235 2696
internal_value=-9.55704e-05 0.000224791 0.00194356 -0.00378356 -0.00575274 -0.000780255
internal_weight=1749.05 1611.57 609.782 137.479 111.353 1001.79
internal_count=5614 5163 1888 451 364 3275
is_linear=0
shrinkage=0.03


Tree=133
num_leaves=7
num_cat=0
split_feature=0 0 0 0 2 1
split_gain=4.97824 3.56008 3.85429 3.01408 2.98935 4.79171
threshold=-1.9477476477622984 -0.49898301064968104 -0.40071387588977808 -0.77068111300468434 -0.058133335784077637 0.16405226290225985
decision_type=2 2 2 2 2 2
left_child=4 3 -3 -2 -1 -6
right_child=1 2 -4 -5 5 -7
leaf_value=-0.0042397698516466751 0.0013197141317790983 -0.0093503767747408015 4.1525633418537946e-06 0.0066713730113145331 0.0030179120386696142 -0.0041361335635436572
leaf_weight=261.9396089464426 928.57232679985464 32.877745673060417 110.22556825727224 98.862160012125969 182.12484623678029 124.47523277252913
leaf_count=877 2921 87 306 282 616 514
internal_value=0.0002092 0.00135311 -0.00266019 0.0020095 -0.00200995 0
internal_weight=1739.08 1170.54 143.103 1027.43 568.54 306.6
internal_count=5603 3596 393 3203 2007 1130
is_linear=0
shrinkage=0.03


Tree=134
num_leaves=6
num_cat=0
split_feature=1 0 7 0 0
split_gain=2.23297 1.94877 1.38335 1.36966 0.660272
threshold=0.37454925477504736 -2.5660209655761714 1.0000000180025095e-35 -1.4729832410812376 -2.1420795917510982
decision_type=2 2 2 2 2
left_child=1 -1 4 -3 -2
right_child=2 3 -4 -5 -6
leaf_value=0.004735966486749124 0 -0.00096876257132073255 0 0.00077412088595795131 -0.007103459492859043
leaf_weight=57.547268662601709 29.860886923968792 838.45906539075077 48.905194129794836 730.70276004076004 57.850152187049389
leaf_count=163 141 2887 147 2041 282
internal_value=-0.000221628 7.09008e-05 -0.00365216 -0.00011988 -0.00556356
internal_weight=1763.33 1626.71 136.616 1569.16 87.711
internal_count=5661 5091 570 4928 423
is_linear=0
shrinkage=0.03


Tree=135
num_leaves=5
num_cat=0
split_feature=2 2 2 2
split_gain=2.00107 0.949623 2.61678 1.84598
threshold=0.54132977128028881 -0.16951380670070645 -0.18605613708496091 -0.087182093411684022
decision_type=2 2 2 2
left_child=1 2 -1 -3
right_child=-2 3 -4 -5
leaf_value=-0.00031978295506356232 -0.0048770303455182443 0.0026767594375888188 -0.0075498905637876937 -0.00021933733410999505
leaf_weight=437.49078547209501 65.43333113566041 220.509208265692 33.931958816945553 975.70690350979567
leaf_count=1407 261 658 110 3170
internal_value=-0.000379191 -0.000111451 -0.00124837 0.000300431
internal_weight=1733.07 1667.64 471.423 1196.22
internal_count=5606 5345 1517 3828
is_linear=0
shrinkage=0.03


Tree=136
num_leaves=7
num_cat=0
split_feature=3 0 0 3 0 0
split_gain=1.98333 2.79416 2.41849 4.59727 2.62409 1.90887
threshold=0.67779007554054271 -2.3694361448287959 -0.49898301064968104 -1.5090783834457395 -0.58638679981231678 -0.84767547249793995
decision_type=2 2 2 2 2 2
left_child=2 -2 4 -4 -1 -3
right_child=1 5 3 -5 -6 -7
leaf_value=0 0.0026742543581355655 -0.0072222510054502469 -0.010469886868808873 0 0.0070120749557448852 0.00029845282923344097
leaf_weight=1468.5056644938886 25.175498109310865 95.095146924257278 36.771575756371021 98.597382675856352 30.0593121945858 19.39412322640419
leaf_count=4678 94 406 96 269 76 62
internal_value=-0.000423084 -0.00362433 -7.26535e-05 -0.00366388 0.000256222 -0.00564721
internal_weight=1773.6 139.665 1633.93 135.369 1498.56 114.489
internal_count=5681 562 5119 365 4754 468
is_linear=0
shrinkage=0.03


Tree=137
num_leaves=7
num_cat=0
split_feature=0 2 2 0 2 2
split_gain=4.85503 4.55121 10.5762 4.34525 6.18118 3.0158
threshold=-0.94131574034690846 -0.041569208726286881 0.090189393609762206 -1.1761712431907652 0.15247919410467151 -0.10366972908377646
decision_type=2 2 2 2 2 2
left_child=3 5 -3 4 -1 -2
right_child=1 2 -4 -5 -6 -7
leaf_value=0.00073041942896610998 -0.0021586386251308226 -0.014358598826221279 -0.00023312621860576316 0.0043580430001648697 -0.0041439414176399096 0.0061290680145361185
leaf_weight=925.45202318578959 114.12323886156082 69.672620534896851 122.73243295401335 177.00709336623549 287.54459509439766 35.616087909787893
leaf_count=2978 325 185 365 507 1130 99
internal_value=-0.000567761 -0.00367118 -0.00650101 0.000194819 -0.000424876 0
internal_weight=1732.15 342.144 192.405 1390 1213 149.739
internal_count=5589 974 550 4615 4108 424
is_linear=0
shrinkage=0.03


Tree=138
num_leaves=7
num_cat=0
split_feature=2 2 3 3 3 3
split_gain=5.5495 5.40226 4.63921 4.15503 3.97461 3.44057
threshold=0.15247919410467151 0.090189393609762206 -0.77707228064537037 -1.7094129323959348 0.7531564235687257 -1.0984312295913694
decision_type=2 2 2 2 2 2
left_child=1 -1 3 -2 -4 -3
right_child=2 5 4 -5 -6 -7
leaf_value=0.00057641714570641489 -0.0050172639318396854 0 -0.0074738138597755443 0.0029384901394707051 0.0015044906483520151 0.010063499959733204
leaf_weight=1167.6443803142756 65.428207704797387 52.707659907639027 166.96597043424845 165.50219659134746 36.978214260190725 77.811640936881304
leaf_count=3632 194 168 674 524 171 256
internal_value=0.000320484 0.00133289 -0.00249551 0.000225084 -0.00558901 0.00672596
internal_weight=1733.04 1298.16 434.875 230.93 203.944 130.519
internal_count=5619 4056 1563 718 845 424
is_linear=0
shrinkage=0.03


Tree=139
num_leaves=7
num_cat=0
split_feature=2 2 0 2 0 0
split_gain=5.04096 3.03998 4.43129 3.96135 1.25637 0.934852
threshold=-0.37106688320636744 0.18883381038904193 -1.2129845619201658 0.14142891019582751 -2.3225803375244136 -0.90833547711372364
decision_type=2 2 2 2 2 2
left_child=4 3 -3 -2 -1 -6
right_child=1 2 -4 -5 5 -7
leaf_value=0 5.6309816756023558e-05 -0.004816115063507812 0.0014627673140445855 0.0063181358722869761 -0.0078065945850220603 0
leaf_weight=34.827610731124878 1138.9799560829997 235.66221208125353 135.68378785997629 80.991449255496264 98.759108491241932 21.916998885571957
leaf_count=111 3465 942 393 278 370 68
internal_value=-0.000646094 -7.46159e-05 -0.00241109 0.000615611 -0.00547739 -0.00674294
internal_weight=1746.82 1591.32 371.346 1219.97 155.504 120.676
internal_count=5627 5078 1335 3743 549 438
is_linear=0
shrinkage=0.03


Tree=140
num_leaves=7
num_cat=0
split_feature=1 2 1 2 2 1
split_gain=6.07074 4.1081 3.29922 3.03073 2.63039 1.93622
threshold=-0.047797398641705506 0.20414084196090701 0.0052810213528573522 -0.36325532197952265 0.095883443951606764 0.37454925477504736
decision_type=2 2 2 2 2 2
left_child=1 3 4 -1 -2 -4
right_child=2 -3 5 -5 -6 -7
leaf_value=-0.00049197889910022701 -0.0071863552936841562 -0.0059085732208737024 0.00031173015882809328 0.0038332050199301735 0.0011008582548689724 -0.0034149200334546862
leaf_weight=154.01978953182697 105.68720280751586 28.352684810757637 655.52056648209691 606.65678888559341 25.058669917285442 130.02021357044578
leaf_count=538 330 93 2087 1874 86 554
internal_value=0.000437855 0.00236184 -0.00116989 0.00289043 -0.00526469 -0.00030008
internal_weight=1705.32 789.029 916.287 760.677 130.746 785.541
internal_count=5562 2505 3057 2412 416 2641
is_linear=0
shrinkage=0.03


Tree=141
num_leaves=7
num_cat=0
split_feature=3 0 3 0 0 3
split_gain=1.55586 1.724 7.36951 2.51595 1.53097 5.32579
threshold=-0.50010854005813588 -1.0177767276763914 0.21028446406126025 -1.5622841715812681 -0.83235281705856312 -1.5090783834457395
decision_type=2 2 2 2 2 2
left_child=4 3 -3 -2 -1 -6
right_child=1 2 -4 -5 5 -7
leaf_value=0.00062444391675828487 -0.001229259290214517 -0.0083783236223190401 0.0036757837214418392 0.0029109277531891593 -0.0019440792137681768 0.0075028369153267117
leaf_weight=901.21937613561749 337.5972467046231 84.299922198057175 57.363534837961197 185.58033921942115 67.2740358710289 107.44329948350787
leaf_count=2899 1266 239 172 566 193 292
internal_value=0.000528818 -0.000541202 -0.00327524 0.000181984 0.00124256 0.00373115
internal_weight=1740.78 664.841 141.663 523.178 1075.94 174.717
internal_count=5627 2243 411 1832 3384 485
is_linear=0
shrinkage=0.03


Tree=142
num_leaves=7
num_cat=0
split_feature=3 7 3 2 2 3
split_gain=3.13242 7.35234 5.30092 4.82355 4.70759 3.92694
threshold=-1.081967771053314 1.0000000180025095e-35 -1.8276427388191221 0.12376220524311067 -0.060493884608149522 -0.4607394784688949
decision_type=2 2 2 2 2 2
left_child=1 2 -1 5 -3 -2
right_child=3 4 -4 -5 -6 -7
leaf_value=0.0013780681906504714 0.005140717057766162 -0.0020202339169666994 -0.0058903653918321161 -0.0016529107497687222 0.0055133720606951424 0.00069917054105224211
leaf_weight=103.45924548618495 323.93773176148534 98.360689612105489 276.00669803097844 291.5102488361299 160.98568618297577 468.56694424897432
leaf_count=377 874 316 964 1158 439 1464
internal_value=0.000447579 -0.00114559 -0.00378869 0.00144453 0.00250129 0.00267036
internal_weight=1722.83 638.812 379.466 1084.01 259.346 792.505
internal_count=5592 2096 1341 3496 755 2338
is_linear=0
shrinkage=0.03


Tree=143
num_leaves=6
num_cat=0
split_feature=1 2 2 3 7
split_gain=2.74575 1.71147 4.85223 2.60063 0.989541
threshold=0.4068600088357926 -0.21250800043344495 -0.16147604584693906 -1.5314580202102659 1.0000000180025095e-35
decision_type=2 2 2 2 2
left_child=1 3 -3 -1 -2
right_child=4 2 -4 -5 -6
leaf_value=-0.0030135724965330338 -0.0063355591128092083 -0.0060715721647230129 7.0354286428432441e-06 0.0027818769636023129 0
leaf_weight=60.232630530372262 69.363325390964746 109.89804074913263 1102.370834229514 332.84862364642322 36.906752832233906
leaf_count=266 344 348 3507 1012 118
internal_value=-0.000360643 0 -0.000584928 0.00164567 -0.00462106
internal_weight=1711.62 1605.35 1212.27 393.081 106.27
internal_count=5595 5133 3855 1278 462
is_linear=0
shrinkage=0.03


Tree=144
num_leaves=7
num_cat=0
split_feature=0 0 2 2 2 2
split_gain=2.11717 3.57787 4.22993 3.22095 2.61606 2.84685
threshold=-0.94131574034690846 -1.1063716411590574 -0.066199500113725648 0.18883381038904193 -0.28297759592533106 0.090189393609762206
decision_type=2 2 2 2 2 2
left_child=1 3 -3 -1 -2 -6
right_child=4 2 -4 -5 5 -7
leaf_value=0.0008980428940453635 0.0035201095421054616 -0.00088758492986453202 0.0089255906941245883 -0.0027696150645146146 -0.0054580218444671806 0
leaf_weight=1002.8328194897622 39.890728414058685 45.035829082131386 74.63941653072834 251.53241235017776 165.29922542348504 123.6303956694901
leaf_count=3270 116 135 205 1022 474 357
internal_value=8.61344e-05 0.000640939 0.00520484 8.35769e-05 -0.00196404 -0.0030943
internal_weight=1702.86 1374.04 119.675 1254.37 328.82 288.93
internal_count=5579 4632 340 4292 947 831
is_linear=0
shrinkage=0.03


Tree=145
num_leaves=7
num_cat=0
split_feature=0 4 3 3 1 3
split_gain=4.23457 4.99643 7.45876 3.61674 3.57047 3.20609
threshold=-1.3238973021507261 1.0000000180025095e-35 -0.88108527660369862 -1.9777575731277464 -0.18526773154735562 -0.59012147784233082
decision_type=2 2 2 2 2 2
left_child=3 2 -2 -1 -5 -3
right_child=1 5 -4 4 -6 -7
leaf_value=0.0049625235360571292 0.0070342824535124257 -0.0060863358406570483 0 0.0011708229993287521 -0.0025994193316761227 0.0031830472643007233
leaf_weight=63.079691685736179 240.40267632901669 79.444058738648891 296.90491889044642 288.16818843968213 710.22704275511205 26.090993531048298
leaf_count=226 654 273 867 943 2539 76
internal_value=0.00019199 0.00210627 0.0033279 -0.000929352 -0.00145067 -0.00317473
internal_weight=1704.32 642.843 537.308 1061.47 998.395 105.535
internal_count=5578 1870 1521 3708 3482 349
is_linear=0
shrinkage=0.03


Tree=146
num_leaves=6
num_cat=0
split_feature=1 2 2 4 2
split_gain=3.2721 1.30457 4.6633 4.32693 0.322224
threshold=0.4297384917736054 -0.024886962957680222 -0.058133335784077637 1.0000000180025095e-35 0.29927402734756475
decision_type=2 2 2 2 2
left_child=1 2 -1 -3 -2
right_child=4 3 -4 -5 -6
leaf_value=0.00048188157450638824 0 -0.0015854673849690912 0.0066623671962784854 0.0034909475733031076 -0.0053570973087305757
leaf_weight=761.04817667603493 23.673667713999748 539.64253938570619 115.54931223019958 185.4473579376936 70.548215035349131
leaf_count=2411 105 1789 321 643 322
internal_value=0.000347252 0.000721078 0.00149393 -0.000147753 -0.00449572
internal_weight=1695.91 1601.69 876.597 725.09 94.2219
internal_count=5591 5164 2732 2432 427
is_linear=0
shrinkage=0.03


Tree=147
num_leaves=7
num_cat=0
split_feature=0 5 0 3 3 0
split_gain=2.25793 6.58464 2.5008 2.42555 2.55084 2.02769
threshold=-1.897122800350189 1.0000000180025095e-35 -2.5585775375366206 -2.07740306854248 -1.9017204046249387 -2.0467879772186275
decision_type=2 2 2 2 2 2
left_child=1 5 -3 -2 -5 -1
right_child=3 2 -4 4 -6 -7
leaf_value=0.0015536867793954979 -0.0056231676037828068 0.00061733112153053568 -0.0075068993554549641 0.006300302868881758 0.00058002266522495804 -0.0032116116224208658
leaf_weight=343.77171055041254 29.236460123211145 22.772710226476192 148.55611850135028 60.220095634460449 1032.7570820692927 79.366970997303724
leaf_count=1187 86 68 599 188 3203 292
internal_value=-1.94052e-05 -0.00151818 -0.00616179 0.000734687 0.00105666 0.000419867
internal_weight=1716.68 594.468 171.329 1122.21 1092.98 423.139
internal_count=5623 2146 667 3477 3391 1479
is_linear=0
shrinkage=0.03


Tree=148
num_leaves=7
num_cat=0
split_feature=2 3 2 5 2 3
split_gain=6.52057 3.58874 3.16054 3.97831 2.79327 2.14002
threshold=-0.041569208726286881 -1.8856756091117857 -0.058133335784077637 1.0000000180025095e-35 0.31677916646003729 -2.07740306854248
decision_type=2 2 2 2 2 2
left_child=2 5 3 -1 -3 -2
right_child=1 4 -4 -5 -6 -7
leaf_value=-0.00053920618782887341 -0.001867879364102926 -0.0038884909073938849 0.0073175962371755249 0.0040802086463343958 0.00016682530637879755 0.0055463877782129176
leaf_weight=562.90954174660146 32.386486772447824 613.99819348752499 56.24066212028265 208.532481379807 162.85011677630246 61.04604234918952
leaf_count=1795 90 2061 154 633 665 191
internal_value=-0.000458148 -0.00227246 0.00138737 0.000705234 -0.00298023 0.00257123
internal_weight=1697.96 870.281 827.683 771.442 776.848 93.4325
internal_count=5589 3007 2582 2428 2726 281
is_linear=0
shrinkage=0.03


Tree=149
num_leaves=7
num_cat=0
split_feature=0 3 3 0 0 0
split_gain=3.94363 6.0088 6.65269 4.5831 2.28131 0.72388
threshold=-0.83235281705856312 -1.5931830406188963 -0.57025501132011402 -0.94131574034690846 -1.0991843342781065 -0.49898301064968104
decision_type=2 2 2 2 2 2
left_child=3 5 -3 4 -1 -2
right_child=1 2 -4 -5 -6 -7
leaf_value=-0.00041163051994174928 0 0.010335715578747623 0 -0.007524411068550666 0.0037819799363652045 -0.0058522283638977757
leaf_weight=1257.2274535465986 29.890271745622158 108.00206766277552 104.26762692630291 57.621892817318439 108.41501085832715 29.793807923793793
leaf_count=4300 92 295 321 172 323 83
internal_value=0.000176217 0.00337859 0.00575271 -0.000432451 0 -0.00363671
internal_weight=1695.22 271.954 212.27 1423.26 1365.64 59.6841
internal_count=5586 791 616 4795 4623 175
is_linear=0
shrinkage=0.03


Tree=150
num_leaves=7
num_cat=0
split_feature=3 2 3 1 1 2
split_gain=1.85685 3.94319 5.21112 4.43705 3.28789 4.7779
threshold=-0.59859108924865712 -0.28297759592533106 -0.33559989929199213 0.044120633974671371 0.19131091982126239 0.45720961689949041
decision_type=2 2 2 2 2 2
left_child=4 2 -2 -3 -1 -6
right_child=1 3 -4 -5 5 -7
leaf_value=0.0014611088330208906 -0.0054143553927522205 -0.0048944331481543327 0.0058624024413913558 5.9104941708635613e-05 -0.0050981293637377819 0.0040508241879277755
leaf_weight=766.07504674606025 29.27191773802042 314.60291620902717 106.76656709425151 270.67905907332897 161.58728966489434 47.599315447732806
leaf_count=2426 81 991 347 1029 553 153
internal_value=-0.000307303 -0.00146243 0.00266845 -0.00257816 0.000498983 -0.00258271
internal_weight=1696.58 721.32 136.038 585.282 975.262 209.187
internal_count=5580 2448 428 2020 3132 706
is_linear=0
shrinkage=0.03


Tree=151
num_leaves=7
num_cat=0
split_feature=0 3 2 2 2 3
split_gain=2.1285 4.06384 3.20841 2.38079 2.85894 1.38996
threshold=-2.3122209310531612 -0.72343069314956654 0.10251096263527872 0.61849558353424083 0.14929969608783725 -0.93234944343566883
decision_type=2 2 2 2 2 2
left_child=1 5 -3 4 -2 -1
right_child=3 2 -4 -5 -6 -7
leaf_value=0 -0.00060007003205761499 0.0071404443392276496 -0.0014259866273603407 0.004801677175730496 -0.0039157436783839941 -0.006228521637619778
leaf_weight=133.59641160070896 1029.9411521144211 111.20557691901922 33.006951820105314 33.631796129047871 314.04276859387755 23.232071727514267
leaf_count=452 3244 324 162 141 1141 73
internal_value=-0.000679235 0.00145388 0.00487952 -0.00120243 -0.00146487 -0.00155249
internal_weight=1678.66 301.041 144.213 1377.62 1343.98 156.828
internal_count=5537 1011 486 4526 4385 525
is_linear=0
shrinkage=0.03


Tree=152
num_leaves=7
num_cat=0
split_feature=2 2 2 2 0 0
split_gain=2.88794 2.53081 3.02135 2.60244 2.28415 5.76817
threshold=-0.306651622056961 0.023612617515027527 -0.058133335784077637 0.090189393609762206 -1.9752138853073118 -2.5075504779815669
decision_type=2 2 2 2 2 2
left_child=4 2 -2 -3 5 -1
right_child=1 3 -4 -5 -6 -7
leaf_value=0.0033910142826998071 0.00072601394140080948 -0.0035914866766231543 0.0049271515044570554 0.00064596060871063865 0 -0.01004640120361504
leaf_weight=23.749128371477127 531.34811579249799 146.13112706132233 233.12287427484989 551.41261780634522 148.17628990113735 61.658297549933195
leaf_count=69 1625 485 693 1995 487 236
internal_value=0.000468423 0.000998582 0.00217658 -0.000233502 -0.00243031 -0.00580621
internal_weight=1695.6 1462.01 764.471 697.544 233.584 85.4074
internal_count=5590 4798 2318 2480 792 305
is_linear=0
shrinkage=0.03


Tree=153
num_leaves=7
num_cat=0
split_feature=3 2 3 2 2 0
split_gain=3.58494 3.0066 2.45195 5.13697 3.42674 0.794298
threshold=0.48397772014141088 -0.26058205962181086 -1.1574772000312803 1.0000000180025095e-35 0.3992618471384049 -0.70858097076416005
decision_type=2 2 2 2 2 2
left_child=2 -2 3 -1 -4 -3
right_child=1 5 4 -5 -6 -7
leaf_value=-0.0038923788679905247 0.0017072448254166121 -0.0067059640755071804 0.0017574208956201154 0.0015109418585574131 -0.0045415436228543127 0
leaf_weight=299.71781097538769 39.195578958839178 123.91968988254666 884.84406897053123 278.11796374805272 61.531591132283211 18.775754757225513
leaf_count=1083 141 538 2653 890 268 64
internal_value=-0.000220651 -0.00399599 0.000236942 -0.0012278 0.00120027 -0.00594864
internal_weight=1706.1 181.891 1524.21 577.836 946.376 142.695
internal_count=5637 743 4894 1973 2921 602
is_linear=0
shrinkage=0.03


Tree=154
num_leaves=7
num_cat=0
split_feature=1 3 1 1 7 3
split_gain=3.06971 4.11631 5.40224 2.37279 1.3269 1.64032
threshold=0.37454925477504736 -1.9017204046249387 -0.1144297383725643 -0.40512044727802271 1.0000000180025095e-35 -0.42125056684017176
decision_type=2 2 2 2 2 2
left_child=1 2 -1 -3 5 -2
right_child=4 3 -4 -5 -6 -7
leaf_value=-0.0021193302646208057 -0.0087190508519691123 -0.0034723861255018546 0.0085411602261197244 0.00046244636475412234 0 0
leaf_weight=44.142563519999385 45.236932795494795 133.90926173329353 100.54323242977262 1288.5354571361095 44.496851392090321 36.114167165011168
leaf_count=166 209 445 293 4132 142 206
internal_value=0.000155606 0.000569792 0.005062 7.41455e-06 -0.00396156 -0.00586234
internal_weight=1692.98 1567.13 144.686 1422.44 125.848 81.3511
internal_count=5593 5036 459 4577 557 415
is_linear=0
shrinkage=0.03


Tree=155
num_leaves=7
num_cat=0
split_feature=1 1 1 2 1 6
split_gain=2.23954 3.21206 7.0834 2.84331 2.73396 3.52361
threshold=0.17553795874118808 0.08801827579736711 0.066522430628538146 -0.091491688042879091 0.27851524949073797 1.0000000180025095e-35
decision_type=2 2 2 2 2 2
left_child=1 2 -1 -3 -2 -6
right_child=4 3 -4 -5 5 -7
leaf_value=0.00073838944075073321 -0.0045907847560011468 -0.0022158200027349666 -0.0090609271927806229 0.0059196874163469542 0.0024710576516667779 -0.0051873172797070139
leaf_weight=1068.5075923353434 156.62004742026329 26.258563533425331 50.537944693118334 151.09399665519595 173.87315352633595 54.043253626674414
leaf_count=3415 548 78 162 463 656 236
internal_value=0.000140562 0.000770987 9.18342e-05 0.00430865 -0.00176953 0.00014112
internal_weight=1680.93 1296.4 1119.05 177.353 384.536 227.916
internal_count=5558 4118 3577 541 1440 892
is_linear=0
shrinkage=0.03


Tree=156
num_leaves=4
num_cat=0
split_feature=2 0 0
split_gain=1.69012 1.04625 1.59315
threshold=0.70962998270988475 -2.60643458366394 -1.9164066314697263
decision_type=2 2 2
left_child=1 -1 -3
right_child=-2 2 -4
leaf_value=0.0049354065634756271 -0.0049433223648258215 -0.00072380846440897692 0.0012093313249889979
leaf_weight=35.710740402340889 26.507424307987094 525.71797539480031 1103.5225403644145
leaf_count=103 110 1935 3480
internal_value=0.000554363 0.000735138 0.000547959
internal_weight=1691.46 1664.95 1629.24
internal_count=5628 5518 5415
is_linear=0
shrinkage=0.03


Tree=157
num_leaves=7
num_cat=0
split_feature=7 3 2 0 3 0
split_gain=1.41791 6.10915 7.17218 6.62963 2.52519 4.62765
threshold=1.0000000180025095e-35 -0.90144357085227955 0.2232448682188988 -1.3238973021507261 -1.1574772000312803 -2.4826360940933223
decision_type=2 2 2 2 2 2
left_child=4 3 -3 -2 5 -1
right_child=1 2 -4 -5 -6 -7
leaf_value=0.0051354133744863665 -3.1714460463446074e-05 0.00091751728686202639 -0.011481452099338861 0.0081659914982348293 0.00075812995989245596 -0.0037740393213445845
leaf_weight=40.335619628429413 145.95372197031975 130.86114013195038 36.041107181459665 161.10073851794004 889.19862261414528 283.60562076419592
leaf_count=132 460 386 126 452 2981 1080
internal_value=0.000481465 0.00183941 -0.00238101 0.00432223 -2.16362e-05 -0.00225612
internal_weight=1687.1 473.957 166.902 307.054 1213.14 323.941
internal_count=5617 1424 512 912 4193 1212
is_linear=0
shrinkage=0.03


Tree=158
num_leaves=7
num_cat=0
split_feature=1 3 3 0 3 0
split_gain=2.53562 3.29413 7.52165 3.76317 1.59302 4.49665
threshold=-0.12233362719416617 -1.0891421437263487 -0.50010854005813588 -1.0533304810523985 -0.75313952565193165 -0.54366269707679737
decision_type=2 2 2 2 2 2
left_child=1 3 -3 -1 -2 -6
right_child=4 2 -4 -5 5 -7
leaf_value=-0.0039871640424228279 0 0.0079929566297643161 -0.00015947818755012027 0.0043412555448878063 -0.0033108973848089552 0.0046985516187532704
leaf_weight=150.61004670523107 579.40172914229333 139.45756238698959 242.1470826305449 44.418572280555964 467.09214872121811 48.988929696381092
leaf_count=575 1867 384 774 147 1689 150
internal_value=-0.000241948 0.00129416 0.00292011 -0.00158394 -0.00111301 -0.00229175
internal_weight=1672.12 576.633 381.605 195.029 1095.48 516.081
internal_count=5586 1880 1158 722 3706 1839
is_linear=0
shrinkage=0.03


Tree=159
num_leaves=6
num_cat=0
split_feature=3 1 3 1 2
split_gain=3.24984 5.0401 2.64749 5.16699 1.73223
threshold=-1.9677107334136961 0.063437484204769148 -0.50010854005813588 -0.042951581999659531 0.46945612132549291
decision_type=2 2 2 2 2
left_child=1 -1 3 -2 -4
right_child=2 -3 4 -5 -6
leaf_value=-0.009269160553048543 0.0037002246502033237 0.0014125256926504641 -0.00050979133091692299 -0.00063945649433478973 -0.0060665610056105778
leaf_weight=63.77777748554945 426.24821959622204 51.399395778775215 607.83807731792331 500.54354068078101 40.678718954324722
leaf_count=226 1361 151 2071 1654 187
internal_value=-6.16901e-05 -0.00455473 0.000282188 0.00132907 -0.00111916
internal_weight=1690.49 115.177 1575.31 926.792 648.517
internal_count=5650 377 5273 3015 2258
is_linear=0
shrinkage=0.03


Tree=160
num_leaves=7
num_cat=0
split_feature=2 3 3 0 3 0
split_gain=2.05 2.79907 2.61936 2.08118 4.40571 2.77481
threshold=0.18883381038904193 0.7531564235687257 -1.0891421437263487 -1.9915820956230161 -1.3533062934875486 -1.0820382833480833
decision_type=2 2 2 2 2 2
left_child=1 2 -1 4 -2 -5
right_child=3 -3 -4 5 -6 -7
leaf_value=-0.0002404117104072435 0.0077448760851204718 -0.00346197197866161 0.0024826845276526188 -0.0054816137783765071 -0.0026591064337160132 0.00024286105769474552
leaf_weight=469.11261709406972 40.849747721105814 91.171216547489166 758.4466891977936 143.93663421273232 64.234146412461996 104.36013362184167
leaf_count=1630 135 343 2254 582 311 323
internal_value=0.000407201 0.000978672 0.00140679 -0.00150289 0.00149728 -0.00301321
internal_weight=1672.11 1318.73 1227.56 353.381 105.084 248.297
internal_count=5578 4227 3884 1351 446 905
is_linear=0
shrinkage=0.03


Tree=161
num_leaves=7
num_cat=0
split_feature=2 3 3 3 3 3
split_gain=2.61718 1.95959 3.99966 1.34747 0.953931 1.73907
threshold=-0.043091027066111558 -1.5383042097091673 -1.7899420261383054 0.7531564235687257 -1.8856756091117857 -1.9884369373321531
decision_type=2 2 2 2 2 2
left_child=1 2 -1 -3 5 -2
right_child=4 3 -4 -5 -6 -7
leaf_value=0.001386353141974953 -0.0019290170230887127 0.0018094768343313141 -0.0074049703416212654 -0.0020650344182281725 -0.0021327648528107457 0.0047841418950379288
leaf_weight=83.631305076181889 58.897224735468626 602.04219796508551 57.558498401194811 62.053327593952417 755.16148021817207 36.919843362644315
leaf_count=318 180 1776 248 235 2711 115
internal_value=-0.000601122 0.000564022 -0.00229946 0.00130995 -0.00176023 0.000519082
internal_weight=1656.26 805.285 141.19 664.096 850.979 95.8171
internal_count=5583 2577 566 2011 3006 295
is_linear=0
shrinkage=0.03


Tree=162
num_leaves=7
num_cat=0
split_feature=3 7 3 1 3 3
split_gain=2.16286 2.92749 7.25895 3.45207 1.06825 1.53505
threshold=0.1606821492314339 1.0000000180025095e-35 -1.0891421437263487 -0.16567848622798917 0.2721549272537232 0.67779007554054271
decision_type=2 2 2 2 2 2
left_child=1 2 -1 -3 -2 -6
right_child=4 3 -4 -5 5 -7
leaf_value=-0.0030492157567358429 -0.0049100602738013522 -0.00075498629730622469 0.0022167487934603887 0.0047681610531988636 0.0017493266334956336 -0.0024826779195492332
leaf_weight=359.0786921903491 49.025855407118797 115.06978176347911 597.04361023008823 311.48063248768449 119.81540665775537 139.60629174858332
leaf_count=1353 148 354 1883 904 435 561
internal_value=0.000631122 0.00116243 0.000155655 0.00317675 -0.00149366 -0.000328064
internal_weight=1691.12 1382.67 956.122 426.55 308.448 259.422
internal_count=5638 4494 3236 1258 1144 996
is_linear=0
shrinkage=0.03


Tree=163
num_leaves=7
num_cat=0
split_feature=1 2 1 3 3 3
split_gain=3.32533 3.45837 3.8911 2.64481 1.8882 5.32642
threshold=0.16405226290225985 0.23733533173799518 0.11254167184233667 -0.90144357085227955 0.48397772014141088 -0.44658604264259333
decision_type=2 2 2 2 2 2
left_child=1 2 -1 -3 5 -2
right_child=4 3 -4 -5 -6 -7
leaf_value=0.00090112060653568912 -0.0032624405659731214 0.00086427322776895944 0.0069327940096470314 -0.0080185688925953572 -0.0068077176961721334 0.0043803927321521205
leaf_weight=1119.3733033910394 247.71671601943672 30.55343434214592 92.437612965703011 44.073064796626568 46.70469119399786 95.076797500252724
leaf_count=3619 873 93 262 168 216 391
internal_value=0.000302312 0.00106866 0.00151502 -0.00433369 -0.00201084 -0.000852629
internal_weight=1675.94 1286.44 1211.81 74.6265 389.498 342.794
internal_count=5622 4142 3881 261 1480 1264
is_linear=0
shrinkage=0.03


Tree=164
num_leaves=7
num_cat=0
split_feature=0 3 3 3 0 1
split_gain=4.21157 5.16605 9.05204 8.96824 3.70265 4.85435
threshold=-0.94131574034690846 -0.55399447679519642 0.2721549272537232 -1.5931830406188963 -1.0991843342781065 -0.018934081308543679
decision_type=2 2 2 2 2 2
left_child=4 3 -3 -2 -1 -6
right_child=1 2 -4 -5 5 -7
leaf_value=0.00017945703886870364 -0.0073649044790401056 -0.012194054051911844 0.0022421106913710813 0.0047773442111019859 -0.00042566748378687961 0.010344982930120108
leaf_weight=1242.2769143041223 67.654415383934975 84.403923641890287 44.111260682344437 125.33062323182821 50.491380631923676 58.378282777965069
leaf_count=4332 213 249 146 362 155 171
internal_value=0 -0.00298868 -0.00720036 0 0.00073467 0.00559337
internal_weight=1672.65 321.5 128.515 192.985 1351.15 108.87
internal_count=5628 970 395 575 4658 326
is_linear=0
shrinkage=0.03


Tree=165
num_leaves=7
num_cat=0
split_feature=0 3 0 1 0 2
split_gain=2.65487 6.20157 6.54441 3.18355 4.77358 3.0029
threshold=-1.4729832410812376 -1.0984312295913694 -0.66108319163322438 0.082654748111963286 -2.0831654071807857 0.18883381038904193
decision_type=2 2 2 2 2 2
left_child=3 2 -2 4 -1 -3
right_child=1 5 -4 -5 -6 -7
leaf_value=0 0.0069352090492425886 9.9206390509725846e-05 -0.0024532281279497927 0.00094158372375641023 -0.0051013690226285125 -0.0051035741682599117
leaf_weight=304.0051650442183 205.79983268305659 356.56219729408622 71.561546340584755 285.61241769045591 324.55133556388319 108.17244656197727
leaf_count=1043 653 1025 210 1178 1139 375
internal_value=-0.00039855 0.000872026 0.00430906 -0.00149078 -0.0026835 -0.00114863
internal_weight=1656.26 742.096 277.361 914.169 628.557 464.735
internal_count=5623 2263 863 3360 2182 1400
is_linear=0
shrinkage=0.03


Tree=166
num_leaves=5
num_cat=0
split_feature=0 0 0 2
split_gain=1.50661 2.26271 2.53375 1.64199
threshold=-0.37201176583766932 -0.49898301064968104 -0.56374576687812794 -0.02712295018136501
decision_type=2 2 2 2
left_child=1 2 -1 -2
right_child=3 -3 -4 -5
leaf_value=-0.00020206060533836765 0.0062588333462630557 -0.0061460838820706154 0.0070267785930465685 0
leaf_weight=1487.9101599026471 50.548757337033749 35.767318326979876 24.937313362956047 46.872185718268156
leaf_count=5107 144 102 69 148
internal_value=0 -0.000211445 0 0.00330915
internal_weight=1646.04 1548.61 1512.85 97.4209
internal_count=5570 5278 5176 292
is_linear=0
shrinkage=0.03


Tree=167
num_leaves=7
num_cat=0
split_feature=2 2 2 2 0 2
split_gain=1.15885 4.07526 3.0404 2.79133 2.1488 5.39874
threshold=0.023612617515027527 -0.063141915947198854 -0.036891290917992585 -0.087182093411684022 -1.5622841715812681 0.090189393609762206
decision_type=2 2 2 2 2 2
left_child=1 3 -3 -1 -2 -6
right_child=4 2 -4 -5 5 -7
leaf_value=-0.0003484964713708981 -0.003232487506889991 0.0072880833637763301 0.00024177251854493639 -0.0063711654270792832 -0.0063195449571174858 0.0020527526842235521
leaf_weight=670.57210738584399 328.53219612687826 83.418267101049423 162.48797237128019 62.001279972493649 70.400469362735748 276.30568223446608
leaf_count=2186 1378 240 507 186 213 895
internal_value=-0.000630296 0 0.00322611 -0.00109372 -0.00156734 0
internal_weight=1653.72 978.48 245.906 732.573 675.238 346.706
internal_count=5605 3119 747 2372 2486 1108
is_linear=0
shrinkage=0.03


Tree=168
num_leaves=6
num_cat=0
split_feature=1 2 0 0 7
split_gain=4.23819 3.60491 4.02367 3.88616 1.35012
threshold=0.4068600088357926 -0.16147604584693906 -1.9091563820838926 -0.66108319163322438 1.0000000180025095e-35
decision_type=2 2 2 2 2
left_child=1 2 -1 -3 -2
right_child=4 3 -4 -5 -6
leaf_value=-0.0051196083735022772 -0.0074928058949959783 0.0019916554046901314 0.00016970536628360046 -0.0031900972634082204 0
leaf_weight=178.68134651333094 68.083384031429887 933.70497103966773 310.20417666435242 124.81773436069489 38.12474450469017
leaf_count=648 349 3151 978 362 126
internal_value=-0.000125351 0.00026562 -0.0017708 0.00127718 -0.00543645
internal_weight=1653.62 1547.41 488.886 1058.52 106.208
internal_count=5614 5139 1626 3513 475
is_linear=0
shrinkage=0.03


Tree=169
num_leaves=7
num_cat=0
split_feature=2 3 3 2 0 3
split_gain=1.79572 4.23315 4.16716 3.53614 6.74579 3.81523
threshold=-0.12736511230468747 -1.0891421437263487 0.028344309888780121 -0.068539671599864946 -1.8400983810424802 0.41353827714920049
decision_type=2 2 2 2 2 2
left_child=1 -1 -3 4 -2 -5
right_child=3 2 -4 5 -6 -7
leaf_value=-0.0023017501376916888 0.0018873604833986425 0.0051228429778418932 -0.00084987311220127335 0.00051674101686530714 -0.0093640991837624209 -0.005015473849606128
leaf_weight=187.8942666053772 60.321545176208019 247.66009474545717 139.88496091961861 825.1187545042485 93.564706079661846 108.43778508529067
leaf_count=720 188 695 477 2779 291 472
internal_value=-0.00021542 0.00106943 0.00288385 -0.000956532 -0.00489881 -0.000154651
internal_weight=1662.88 575.439 387.545 1087.44 153.886 933.557
internal_count=5622 1892 1172 3730 479 3251
is_linear=0
shrinkage=0.03


Tree=170
num_leaves=7
num_cat=0
split_feature=2 1 1 1 1 4
split_gain=1.56439 3.22997 2.64928 2.26679 2.06975 1.68431
threshold=0.2416966110467911 0.16405226290225985 0.4297384917736054 0.012980146799236538 0.12453851476311685 1.0000000180025095e-35
decision_type=2 2 2 2 2 2
left_child=1 4 3 -2 -1 -3
right_child=2 5 -4 -5 -6 -7
leaf_value=0 -0.0016032740813421654 -0.0050486065038690773 -0.001487019568907136 0.0056584646359390724 0.0048932658483360966 0.00020874132894337303
leaf_weight=1121.3367395866662 25.330074124038219 150.32546509429812 82.595378026366234 150.54309129342437 63.878657504916191 47.945592064410448
leaf_count=3673 92 525 378 565 192 182
internal_value=0.000152222 -0.00021859 0.00222565 0.00424936 0.000347602 -0.00359976
internal_weight=1641.95 1383.49 258.469 175.873 1185.22 198.271
internal_count=5607 4572 1035 657 3865 707
is_linear=0
shrinkage=0.03


Tree=171
num_leaves=7
num_cat=0
split_feature=1 1 0 4 0 0
split_gain=3.33501 4.0041 3.5126 1.94861 2.29058 1.73949
threshold=0.14411240816116336 0.08801827579736711 -2.3039739131927486 1.0000000180025095e-35 -1.1285499930381773 -2.2178570032119747
decision_type=2 2 2 2 2 2
left_child=1 2 -1 5 -5 -2
right_child=3 -3 -4 4 -6 -7
leaf_value=0.0032880265248658004 -0.008244569435935746 0.0053129499037595333 -0.00093553258214541172 0.0029904210597058085 -0.0052173945003178325 -0.0020416139256531915
leaf_weight=198.74795269593596 53.275552984327078 117.58444200456142 896.19210460036993 88.75299222394824 20.784570027142763 259.97289628908038
leaf_count=656 226 372 2960 338 80 951
internal_value=-0.000284051 0.000481208 -6.98499e-05 -0.00253688 0.000404732 -0.00370811
internal_weight=1635.31 1212.52 1094.94 422.786 109.538 313.248
internal_count=5583 3988 3616 1595 418 1177
is_linear=0
shrinkage=0.03


Tree=172
num_leaves=7
num_cat=0
split_feature=1 3 3 1 1 1
split_gain=2.50121 3.22152 2.42433 2.15489 0.941223 1.35774
threshold=-0.40512044727802271 0.67779007554054271 1.0419203639030459 0.4068600088357926 -0.47291031479835505 -0.69573447108268727
decision_type=2 2 2 2 2 2
left_child=4 3 -3 -2 5 -1
right_child=1 2 -4 -5 -6 -7
leaf_value=-0.0053847235919163364 0.00046481312632995768 -0.0086592637373893114 0 -0.003838819538901141 -0.0072799416858837385 0.00075886499219828007
leaf_weight=24.972569186240435 1310.3770234547555 49.419030198827386 66.474298430606723 92.84749354980886 49.713452875614166 63.499394293874502
leaf_count=96 4233 225 274 416 160 217
internal_value=-0.000716693 -0.000296145 -0.00471677 8.79521e-05 -0.00433864 -0.00109521
internal_weight=1657.3 1519.12 115.893 1403.22 138.185 88.472
internal_count=5621 5148 499 4649 473 313
is_linear=0
shrinkage=0.03


Tree=173
num_leaves=7
num_cat=0
split_feature=1 2 1 2 1 2
split_gain=2.47814 5.07998 2.00981 1.94458 2.56464 1.82442
threshold=0.16405226290225985 0.05874599143862725 0.53569823503494274 0.20414084196090701 0.012980146799236538 -0.16147604584693906
decision_type=2 2 2 2 2 2
left_child=3 -2 -3 5 -5 -1
right_child=1 2 -4 4 -6 -7
leaf_value=-0.00014239085378892118 -0.0080529749415279971 0.0011048999583878861 -0.0045058179580791903 -0.0072344405749827654 0.0004936372856988165 0.0021607401390095686
leaf_weight=468.48204293102026 73.287370391190052 257.05841902643442 52.434353180229664 40.476840000599623 66.98817165568471 680.76373445987701
leaf_count=1572 249 979 245 143 232 2181
internal_value=9.55368e-05 -0.00191542 0 0.000775459 -0.00262484 0.00118419
internal_weight=1639.49 382.78 309.493 1256.71 107.465 1149.25
internal_count=5601 1473 1224 4128 375 3753
is_linear=0
shrinkage=0.03


Tree=174
num_leaves=7
num_cat=0
split_feature=3 3 2 1 6 2
split_gain=2.24972 3.15349 2.66158 2.01112 1.83255 1.31945
threshold=0.67779007554054271 -0.077417332679033266 -0.24845605343580243 0.0031764779705554251 1.0000000180025095e-35 0.13457503169775012
decision_type=2 2 2 2 2 2
left_child=1 4 -2 -3 -1 -4
right_child=2 3 5 -5 -6 -7
leaf_value=0 0.0018134137291479396 0.004756251535009407 -0.0083678134602422054 0 -0.0027392980678703537 -5.8417102226720978e-05
leaf_weight=976.57272563129663 31.797049412503839 164.74704659730196 59.747448671609163 119.41003962792456 262.30811884999275 41.764323933050036
leaf_count=3267 117 516 238 463 825 210
internal_value=-0.000296198 1.32595e-05 -0.00376358 0.00279102 -0.000610423 -0.00601522
internal_weight=1656.35 1523.04 133.309 284.157 1238.88 101.512
internal_count=5636 5071 565 979 4092 448
is_linear=0
shrinkage=0.03


Tree=175
num_leaves=7
num_cat=0
split_feature=3 3 0 0 5 3
split_gain=1.56675 1.21702 2.08791 1.49687 0.896476 0.789867
threshold=0.67779007554054271 -1.9677107334136961 -1.3238973021507261 -1.7851202487945554 1.0000000180025095e-35 1.2513607144355776
decision_type=2 2 2 2 2 2
left_child=1 3 -3 -1 5 -2
right_child=4 2 -4 -5 -6 -7
leaf_value=0.00011034724991954318 -0.0063206666558703684 -0.00061308395806029792 0.0017279649070579676 -0.0053317693976071296 0 0
leaf_weight=54.842976618558168 57.767115633934736 886.60815466195345 518.47785382531583 63.443962629884481 35.247755214571953 35.070596404373646
leaf_count=194 240 3099 1585 191 176 141
internal_value=-0.000327325 -1.29673e-06 0.000220789 -0.00272365 -0.00327587 -0.00460802
internal_weight=1651.46 1523.37 1405.09 118.287 128.085 92.8377
internal_count=5626 5069 4684 385 557 381
is_linear=0
shrinkage=0.03


Tree=176
num_leaves=7
num_cat=0
split_feature=3 0 0 4 3 0
split_gain=1.76644 3.29898 4.04096 2.27599 4.94081 2.18383
threshold=-1.2642334103584287 -1.478472054004669 -1.698109984397888 1.0000000180025095e-35 0.43858699500560766 -0.88152778148651112
decision_type=2 2 2 2 2 2
left_child=1 2 -1 5 -5 -2
right_child=3 -3 -4 4 -6 -7
leaf_value=-0.0014220922697387095 -0.00077634475053265327 0.00086879517723221578 -0.011178263808897077 0.0050211065545614376 -0.0049670943569884527 0.0028452808405081331
leaf_weight=208.06736981123686 752.90270267054439 224.77824177592993 36.810506235808134 203.76300846785307 32.878198157995939 165.25866015255451
leaf_count=825 2602 694 140 657 117 501
internal_value=0 -0.00152498 -0.00384847 0.000619645 0.00312065 -1.37781e-05
internal_weight=1624.46 469.656 244.878 1154.8 236.641 918.161
internal_count=5536 1659 965 3877 774 3103
is_linear=0
shrinkage=0.03


Tree=177
num_leaves=7
num_cat=0
split_feature=1 1 0 1 0 0
split_gain=2.69969 1.94867 4.44494 3.23061 0.267996 2.71575
threshold=0.4068600088357926 0.1605494096875191 -0.94933375716209401 -0.042951581999659531 -1.9404410123825071 -1.4416946768760679
decision_type=2 2 2 2 2 2
left_child=1 3 -3 -1 -2 -6
right_child=4 2 -4 -5 5 -7
leaf_value=0.0011176663132226703 -0.0063260713049347467 0.0046067027005067731 -0.0032697263917504573 -0.0019647385560899048 0.00414535677872229 -0.005452648850056481
leaf_weight=770.83786329068244 36.860933361575007 224.60863732174039 62.390079520642757 477.52445843629539 23.648139011114836 39.954957485198975
leaf_count=2558 183 835 193 1565 121 163
internal_value=8.34334e-05 0.000452521 0.00259756 -2.65008e-05 -0.00419779 -0.00102839
internal_weight=1635.83 1535.36 286.999 1248.36 100.464 63.6031
internal_count=5618 5151 1028 4123 467 284
is_linear=0
shrinkage=0.03


Tree=178
num_leaves=6
num_cat=0
split_feature=2 3 2 4 0
split_gain=2.08517 4.09461 1.08316 5.07056 3.4829
threshold=0.54132977128028881 -1.0722932815551756 -0.058133335784077637 1.0000000180025095e-35 -1.9659373164176939
decision_type=2 2 2 2 2
left_child=2 -2 4 -4 -1
right_child=1 -3 3 -5 -6
leaf_value=-0.0038445207497632395 0.001989988334349835 -0.010173773963550771 -0.00075985206296403794 0.004350061224631622 0.00034320972145501479
leaf_weight=238.33800628036261 23.580136608332396 34.533634539693594 625.25074594654143 215.2060628272593 503.44616025313735
leaf_count=847 75 180 2169 780 1598
internal_value=-0.000414825 -0.00522429 -0.000137725 0.000549552 -0.00098917
internal_weight=1640.35 58.1138 1582.24 840.457 741.784
internal_count=5649 255 5394 2949 2445
is_linear=0
shrinkage=0.03


Tree=179
num_leaves=7
num_cat=0
split_feature=2 2 3 3 3 2
split_gain=1.76738 2.10188 2.26099 1.87483 2.9708 1.94456
threshold=0.14929969608783725 -0.45109488070011133 -1.2998484969139097 0.0161898247897625 0.43858699500560766 0.36817815899848944
decision_type=2 2 2 2 2 2
left_child=1 -1 -3 5 -5 -2
right_child=3 2 -4 4 -6 -7
leaf_value=-0.0034502584815296546 -0.0045260972181189064 -0.0011939635450208214 0.0016359353364194217 0.0061086632457907708 -0.0026327573529338509 0
leaf_weight=94.141191989183426 211.81645926274359 324.77975114062428 812.81612664461136 43.576200589537621 49.926635697484016 107.2967482060194
leaf_count=353 753 1163 2516 177 256 411
internal_value=-0.000184576 0.000349085 0.000769508 -0.00185884 0.00127103 -0.00297372
internal_weight=1644.35 1231.74 1137.6 412.616 93.5028 319.113
internal_count=5629 4032 3679 1597 433 1164
is_linear=0
shrinkage=0.03


end of trees

feature_importances:
Column_3=286
Column_0=254
Column_2=216
Column_1=187
Column_7=31
Column_5=23
Column_4=22
Column_6=8

parameters:
[boosting: gbdt]
[objective: lambdarank]
[metric: ndcg]
[tree_learner: serial]
[device_type: cpu]
[data_sample_strategy: bagging]
[data: ]
[valid: ]
[num_iterations: 180]
[learning_rate: 0.03]
[num_leaves: 7]
[num_threads: 1]
[seed: 17]
[deterministic: 1]
[force_col_wise: 1]
[force_row_wise: 0]
[histogram_pool_size: -1]
[max_depth: 3]
[min_data_in_leaf: 80]
[min_sum_hessian_in_leaf: 0.001]
[bagging_fraction: 0.8]
[pos_bagging_fraction: 1]
[neg_bagging_fraction: 1]
[bagging_freq: 1]
[bagging_seed: 26602]
[bagging_by_query: 0]
[feature_fraction: 0.8]
[feature_fraction_bynode: 1]
[feature_fraction_seed: 18297]
[extra_trees: 0]
[extra_seed: 13015]
[early_stopping_round: 0]
[early_stopping_min_delta: 0]
[first_metric_only: 0]
[max_delta_step: 0]
[lambda_l1: 2]
[lambda_l2: 20]
[linear_lambda: 0]
[min_gain_to_split: 0]
[drop_rate: 0.1]
[max_drop: 50]
[skip_drop: 0.5]
[xgboost_dart_mode: 0]
[uniform_drop: 0]
[drop_seed: 30017]
[top_rate: 0.2]
[other_rate: 0.1]
[min_data_per_group: 100]
[max_cat_threshold: 32]
[cat_l2: 10]
[cat_smooth: 10]
[max_cat_to_onehot: 4]
[top_k: 20]
[monotone_constraints: ]
[monotone_constraints_method: basic]
[monotone_penalty: 0]
[feature_contri: ]
[forcedsplits_filename: ]
[refit_decay_rate: 0.9]
[cegb_tradeoff: 1]
[cegb_penalty_split: 0]
[cegb_penalty_feature_lazy: ]
[cegb_penalty_feature_coupled: ]
[path_smooth: 0]
[interaction_constraints: ]
[verbosity: -1]
[saved_feature_importance_type: 0]
[use_quantized_grad: 0]
[num_grad_quant_bins: 4]
[quant_train_renew_leaf: 0]
[stochastic_rounding: 1]
[linear_tree: 0]
[max_bin: 255]
[max_bin_by_feature: ]
[min_data_in_bin: 3]
[bin_construct_sample_cnt: 200000]
[data_random_seed: 94]
[is_enable_sparse: 1]
[enable_bundle: 1]
[use_missing: 1]
[zero_as_missing: 0]
[feature_pre_filter: 1]
[pre_partition: 0]
[two_round: 0]
[header: 0]
[label_column: ]
[weight_column: ]
[group_column: ]
[ignore_column: ]
[categorical_feature: ]
[forcedbins_filename: ]
[precise_float_parser: 0]
[parser_config_file: ]
[objective_seed: 20363]
[num_class: 1]
[is_unbalance: 0]
[scale_pos_weight: 1]
[sigmoid: 1]
[boost_from_average: 1]
[reg_sqrt: 0]
[alpha: 0.9]
[fair_c: 1]
[poisson_max_delta_step: 0.7]
[tweedie_variance_power: 1.5]
[lambdarank_truncation_level: 30]
[lambdarank_norm: 1]
[label_gain: 0,1,2,3]
[lambdarank_position_bias_regularization: 0]
[eval_at: 2]
[multi_error_top_k: 1]
[auc_mu_weights: ]
[num_machines: 1]
[local_listen_port: 12400]
[time_out: 120]
[machine_list_filename: ]
[machines: ]
[gpu_platform_id: -1]
[gpu_device_id: -1]
[gpu_device_id_list: ]
[gpu_use_dp: 0]
[num_gpu: 1]

end of parameters

pandas_categorical:null
