trade_date,strategy,equity_net,equity_gross,cash,positions,fees_cumulative,slippage_cumulative,turnover_cumulative,accounting_residual,shares_json,daily_return_net,drawdown,gross_return_daily
2024-01-02,V46 tail_risk_pct_60 Top2,100000,100000,100000,0,0,0,0,0,{},0,0,0
2024-01-03,V46 tail_risk_pct_60 Top2,101156.1647,101212,252.164704,2,25.92769598,29.9076,99692,0,"{""601288.SH"": 13600.0, ""601939.SH"": 7600.0}",0.01156164704,0,0.01212
2024-01-04,V46 tail_risk_pct_60 Top2,102216.1647,102272,252.164704,2,25.92769598,29.9076,99692,0,"{""601288.SH"": 13600.0, ""601939.SH"": 7600.0}",0.01047884727,0,0.01047306643
2024-01-05,V46 tail_risk_pct_60 Top2,101520.1647,101576,252.164704,2,25.92769598,29.9076,99692,0,"{""601288.SH"": 13600.0, ""601939.SH"": 7600.0}",-0.006809099148,-0.006809099148,-0.006805381727
2024-01-08,V46 tail_risk_pct_60 Top2,101460.1647,101516,252.164704,2,25.92769598,29.9076,99692,0,"{""601288.SH"": 13600.0, ""601939.SH"": 7600.0}",-0.0005910155896,-0.007396090454,-0.0005906907143
2024-01-09,V46 tail_risk_pct_60 Top2,101460.1647,101516,252.164704,2,25.92769598,29.9076,99692,0,"{""601288.SH"": 13600.0, ""601939.SH"": 7600.0}",0,-0.007396090454,0
2024-01-10,V46 tail_risk_pct_60 Top2,100716.1647,100772,252.164704,2,25.92769598,29.9076,99692,0,"{""601288.SH"": 13600.0, ""601939.SH"": 7600.0}",-0.007332927185,-0.01467478265,-0.007328893967
2024-01-11,V46 tail_risk_pct_60 Top2,99292.1647,99348,252.164704,2,25.92769598,29.9076,99692,0,"{""601288.SH"": 13600.0, ""601939.SH"": 7600.0}",-0.01413874331,-0.02860604297,-0.01413090938
2024-01-12,V46 tail_risk_pct_60 Top2,100352.1647,100408,252.164704,2,25.92769598,29.9076,99692,0,"{""601288.SH"": 13600.0, ""601939.SH"": 7600.0}",0.01067556542,-0.01823586324,0.01066956557
2024-01-15,V46 tail_risk_pct_60 Top2,100716.1647,100772,252.164704,2,25.92769598,29.9076,99692,0,"{""601288.SH"": 13600.0, ""601939.SH"": 7600.0}",0.00362722619,-0.01467478265,0.003625209147
2024-01-16,V46 tail_risk_pct_60 Top2,101352.1647,101408,252.164704,2,25.92769598,29.9076,99692,0,"{""601288.SH"": 13600.0, ""601939.SH"": 7600.0}",0.006314775805,-0.008452674804,0.006311276942
2024-01-17,V46 tail_risk_pct_60 Top2,100352.1647,100408,252.164704,2,25.92769598,29.9076,99692,0,"{""601288.SH"": 13600.0, ""601939.SH"": 7600.0}",-0.009866587487,-0.01823586324,-0.009861154938
2024-01-18,V46 tail_risk_pct_60 Top2,99988.1647,100044,252.164704,2,25.92769598,29.9076,99692,0,"{""601288.SH"": 13600.0, ""601939.SH"": 7600.0}",-0.00362722619,-0.02179694382,-0.003625209147
2024-01-19,V46 tail_risk_pct_60 Top2,99548.1647,99604,252.164704,2,25.92769598,29.9076,99692,0,"{""601288.SH"": 13600.0, ""601939.SH"": 7600.0}",-0.004400520815,-0.02610154673,-0.004398064851
2024-01-22,V46 tail_risk_pct_60 Top2,99624.1647,99680,252.164704,2,25.92769598,29.9076,99692,0,"{""601288.SH"": 13600.0, ""601939.SH"": 7600.0}",0.0007634495345,-0.02535802441,0.0007630215654
2024-01-23,V46 tail_risk_pct_60 Top2,99776.1647,99832,252.164704,2,25.92769598,29.9076,99692,0,"{""601288.SH"": 13600.0, ""601939.SH"": 7600.0}",0.001525734248,-0.02387097977,0.001524879615
2024-01-24,V46 tail_risk_pct_60 Top2,101716.1647,101772,252.164704,2,25.92769598,29.9076,99692,0,"{""601288.SH"": 13600.0, ""601939.SH"": 7600.0}",0.01944352146,-0.004891594216,0.01943264685
2024-01-25,V46 tail_risk_pct_60 Top2,102852.1647,102908,252.164704,2,25.92769598,29.9076,99692,0,"{""601288.SH"": 13600.0, ""601939.SH"": 7600.0}",0.01116833301,0,0.01116220571
2024-01-26,V46 tail_risk_pct_60 Top2,104732.1647,104788,252.164704,2,25.92769598,29.9076,99692,0,"{""601288.SH"": 13600.0, ""601939.SH"": 7600.0}",0.01827866244,0,0.0182687449
2024-01-29,V46 tail_risk_pct_60 Top2,105868.1647,105924,252.164704,2,25.92769598,29.9076,99692,0,"{""601288.SH"": 13600.0, ""601939.SH"": 7600.0}",0.01084671555,0,0.01084093599
2024-01-30,V46 tail_risk_pct_60 Top2,104776.1647,104832,252.164704,2,25.92769598,29.9076,99692,0,"{""601288.SH"": 13600.0, ""601939.SH"": 7600.0}",-0.01031471551,-0.01031471551,-0.01030927835
2024-01-31,V46 tail_risk_pct_60 Top2,105292.1647,105348,252.164704,2,25.92769598,29.9076,99692,0,"{""601288.SH"": 13600.0, ""601939.SH"": 7600.0}",0.004924784196,-0.005440729058,0.004922161172
2024-02-01,V46 tail_risk_pct_60 Top2,105140.1647,105196,252.164704,2,25.92769598,29.9076,99692,0,"{""601288.SH"": 13600.0, ""601939.SH"": 7600.0}",-0.001443602194,-0.006876477004,-0.001442837073
2024-02-02,V46 tail_risk_pct_60 Top2,106114.9171,106255,313.9170844,2,78.98311559,61.0998,203666,0,"{""601288.SH"": 13600.0, ""601398.SH"": 10100.0}",0.009270980154,0,0.0100669227
2024-02-05,V46 tail_risk_pct_60 Top2,108414.9171,108555,313.9170844,2,78.98311559,61.0998,203666,0,"{""601288.SH"": 13600.0, ""601398.SH"": 10100.0}",0.02167461525,0,0.02164604019
2024-02-06,V46 tail_risk_pct_60 Top2,109669.9171,109810,313.9170844,2,78.98311559,61.0998,203666,0,"{""601288.SH"": 13600.0, ""601398.SH"": 10100.0}",0.0115758978,0,0.01156095988
2024-02-07,V46 tail_risk_pct_60 Top2,107808.9171,107949,313.9170844,2,78.98311559,61.0998,203666,0,"{""601288.SH"": 13600.0, ""601398.SH"": 10100.0}",-0.01696910191,-0.01696910191,-0.01694745469
2024-02-08,V46 tail_risk_pct_60 Top2,106285.9171,106426,313.9170844,2,78.98311559,61.0998,203666,0,"{""601288.SH"": 13600.0, ""601398.SH"": 10100.0}",-0.01412684629,-0.03085622831,-0.01410851421
2024-02-19,V46 tail_risk_pct_60 Top2,109028.9171,109169,313.9170844,2,78.98311559,61.0998,203666,0,"{""601288.SH"": 13600.0, ""601398.SH"": 10100.0}",0.02580774646,-0.005844811568,0.02577377708
2024-02-20,V46 tail_risk_pct_60 Top2,110788.9171,110929,313.9170844,2,78.98311559,61.0998,203666,0,"{""601288.SH"": 13600.0, ""601398.SH"": 10100.0}",0.01614250648,0,0.01612179282
2024-02-21,V46 tail_risk_pct_60 Top2,111802.9171,111943,313.9170844,2,78.98311559,61.0998,203666,0,"{""601288.SH"": 13600.0, ""601398.SH"": 10100.0}",0.009152540044,0,0.00914098207
2024-02-22,V46 tail_risk_pct_60 Top2,112175.9171,112316,313.9170844,2,78.98311559,61.0998,203666,0,"{""601288.SH"": 13600.0, ""601398.SH"": 10100.0}",0.003336227799,0,0.00333205292
2024-02-23,V46 tail_risk_pct_60 Top2,113597.9171,113738,313.9170844,2,78.98311559,61.0998,203666,0,"{""601288.SH"": 13600.0, ""601398.SH"": 10100.0}",0.01267651771,0,0.01266070729
2024-02-26,V46 tail_risk_pct_60 Top2,110349.9171,110490,313.9170844,2,78.98311559,61.0998,203666,0,"{""601288.SH"": 13600.0, ""601398.SH"": 10100.0}",-0.02859207355,-0.02859207355,-0.02855685875
2024-02-27,V46 tail_risk_pct_60 Top2,110419.9171,110560,313.9170844,2,78.98311559,61.0998,203666,0,"{""601288.SH"": 13600.0, ""601398.SH"": 10100.0}",0.0006343457417,-0.02797586506,0.000633541497
2024-02-28,V46 tail_risk_pct_60 Top2,110722.9171,110863,313.9170844,2,78.98311559,61.0998,203666,0,"{""601288.SH"": 13600.0, ""601398.SH"": 10100.0}",0.002744070164,-0.02530856264,0.002740593343
2024-02-29,V46 tail_risk_pct_60 Top2,111130.9171,111271,313.9170844,2,78.98311559,61.0998,203666,0,"{""601288.SH"": 13600.0, ""601398.SH"": 10100.0}",0.003684874015,-0.02171694749,0.003680217927
2024-03-01,V46 tail_risk_pct_60 Top2,111911.9171,112052,313.9170844,2,78.98311559,61.0998,203666,0,"{""601288.SH"": 13600.0, ""601398.SH"": 10100.0}",0.007027747278,-0.01484182143,0.007018899803
2024-03-04,V46 tail_risk_pct_60 Top2,111698.0488,111850,402.0488191,2,89.86378089,62.0874,206958,0,"{""601288.SH"": 13200.0, ""601398.SH"": 10400.0}",-0.00191104103,-0.01672449913,-0.001802734445
2024-03-05,V46 tail_risk_pct_60 Top2,114474.0488,114626,402.0488191,2,89.86378089,62.0874,206958,0,"{""601288.SH"": 13200.0, ""601398.SH"": 10400.0}",0.02485271703,0,0.02481895396
2024-03-06,V46 tail_risk_pct_60 Top2,112274.0488,112426,402.0488191,2,89.86378089,62.0874,206958,0,"{""601288.SH"": 13200.0, ""601398.SH"": 10400.0}",-0.01921832959,-0.01921832959,-0.01919285328
2024-03-07,V46 tail_risk_pct_60 Top2,112850.0488,113002,402.0488191,2,89.86378089,62.0874,206958,0,"{""601288.SH"": 13200.0, ""601398.SH"": 10400.0}",0.005130303984,-0.01418662148,0.005123370039
2024-03-08,V46 tail_risk_pct_60 Top2,112822.0488,112974,402.0488191,2,89.86378089,62.0874,206958,0,"{""601288.SH"": 13200.0, ""601398.SH"": 10400.0}",-0.0002481168621,-0.0144312184,-0.0002477832251
2024-03-11,V46 tail_risk_pct_60 Top2,112218.0488,112370,402.0488191,2,89.86378089,62.0874,206958,0,"{""601288.SH"": 13200.0, ""601398.SH"": 10400.0}",-0.005353563477,-0.01970752344,-0.00534636288
2024-03-12,V46 tail_risk_pct_60 Top2,109130.0488,109282,402.0488191,2,89.86378089,62.0874,206958,0,"{""601288.SH"": 13200.0, ""601398.SH"": 10400.0}",-0.02751785504,-0.0466830697,-0.0274806443
2024-03-13,V46 tail_risk_pct_60 Top2,108554.0488,108706,402.0488191,2,89.86378089,62.0874,206958,0,"{""601288.SH"": 13200.0, ""601398.SH"": 10400.0}",-0.005278106317,-0.05171477781,-0.005270767372
2024-03-14,V46 tail_risk_pct_60 Top2,109290.0488,109442,402.0488191,2,89.86378089,62.0874,206958,0,"{""601288.SH"": 13200.0, ""601398.SH"": 10400.0}",0.006780032693,-0.045285373,0.006770555443
2024-03-15,V46 tail_risk_pct_60 Top2,109498.0488,109650,402.0488191,2,89.86378089,62.0874,206958,0,"{""601288.SH"": 13200.0, ""601398.SH"": 10400.0}",0.001903192489,-0.0434683673,0.001900550063
2024-03-18,V46 tail_risk_pct_60 Top2,108790.0488,108942,402.0488191,2,89.86378089,62.0874,206958,0,"{""601288.SH"": 13200.0, ""601398.SH"": 10400.0}",-0.00646586864,-0.04965317518,-0.006456908345
2024-03-19,V46 tail_risk_pct_60 Top2,107950.0488,108102,402.0488191,2,89.86378089,62.0874,206958,0,"{""601288.SH"": 13200.0, ""601398.SH"": 10400.0}",-0.007721294449,-0.05699108285,-0.007710524866
2024-03-20,V46 tail_risk_pct_60 Top2,108998.0488,109150,402.0488191,2,89.86378089,62.0874,206958,0,"{""601288.SH"": 13200.0, ""601398.SH"": 10400.0}",0.00970819385,-0.04783616948,0.009694547742
2024-03-21,V46 tail_risk_pct_60 Top2,109338.0488,109490,402.0488191,2,89.86378089,62.0874,206958,0,"{""601288.SH"": 13200.0, ""601398.SH"": 10400.0}",0.003119321893,-0.04486606399,0.003114979386
2024-03-22,V46 tail_risk_pct_60 Top2,110178.0488,110330,402.0488191,2,89.86378089,62.0874,206958,0,"{""601288.SH"": 13200.0, ""601398.SH"": 10400.0}",0.007682595483,-0.03752815633,0.00767193351
2024-03-25,V46 tail_risk_pct_60 Top2,110990.0488,111142,402.0488191,2,89.86378089,62.0874,206958,0,"{""601288.SH"": 13200.0, ""601398.SH"": 10400.0}",0.00736988909,-0.03043484559,0.007359738965
2024-03-26,V46 tail_risk_pct_60 Top2,111670.0488,111822,402.0488191,2,89.86378089,62.0874,206958,0,"{""601288.SH"": 13200.0, ""601398.SH"": 10400.0}",0.006126675384,-0.02449463463,0.006118299113
2024-03-27,V46 tail_risk_pct_60 Top2,112642.0488,112794,402.0488191,2,89.86378089,62.0874,206958,0,"{""601288.SH"": 13200.0, ""601398.SH"": 10400.0}",0.008704213979,-0.01600362719,0.008692386114
2024-03-28,V46 tail_risk_pct_60 Top2,110046.0488,110198,402.0488191,2,89.86378089,62.0874,206958,0,"{""601288.SH"": 13200.0, ""601398.SH"": 10400.0}",-0.02304645581,-0.03868125611,-0.02301540862
2024-03-29,V46 tail_risk_pct_60 Top2,111150.0488,111302,402.0488191,2,89.86378089,62.0874,206958,0,"{""601288.SH"": 13200.0, ""601398.SH"": 10400.0}",0.01003216392,-0.02903714889,0.01001833064
2024-04-01,V46 tail_risk_pct_60 Top2,111254.0488,111406,402.0488191,2,89.86378089,62.0874,206958,0,"{""601288.SH"": 13200.0, ""601398.SH"": 10400.0}",0.0009356721037,-0.02812864604,0.0009343947099
2024-04-02,V46 tail_risk_pct_60 Top2,112055.6674,112303,185.6673947,2,151.7073053,95.6253,318751,0,"{""601398.SH"": 10500.0, ""601988.SH"": 12400.0}",0.007205298002,-0.02112602332,0.008051630971
2024-04-03,V46 tail_risk_pct_60 Top2,111702.6674,111950,185.6673947,2,151.7073053,95.6253,318751,0,"{""601398.SH"": 10500.0, ""601988.SH"": 12400.0}",-0.003150219959,-0.02420969165,-0.003143282014
2024-04-08,V46 tail_risk_pct_60 Top2,113057.6674,113305,185.6673947,2,151.7073053,95.6253,318751,0,"{""601398.SH"": 10500.0, ""601988.SH"": 12400.0}",0.01213041758,-0.01237294775,0.01210361769
2024-04-09,V46 tail_risk_pct_60 Top2,111826.6674,112074,185.6673947,2,151.7073053,95.6253,318751,0,"{""601398.SH"": 10500.0, ""601988.SH"": 12400.0}",-0.0108882487,-0.02312647671,-0.01086448083
2024-04-10,V46 tail_risk_pct_60 Top2,112055.6674,112303,185.6673947,2,151.7073053,95.6253,318751,0,"{""601398.SH"": 10500.0, ""601988.SH"": 12400.0}",0.002047812077,-0.02112602332,0.002043292824
2024-04-11,V46 tail_risk_pct_60 Top2,111597.6674,111845,185.6673947,2,151.7073053,95.6253,318751,0,"{""601398.SH"": 10500.0, ""601988.SH"": 12400.0}",-0.004087254225,-0.02512693011,-0.004078252585
2024-04-12,V46 tail_risk_pct_60 Top2,111721.6674,111969,185.6673947,2,151.7073053,95.6253,318751,0,"{""601398.SH"": 10500.0, ""601988.SH"": 12400.0}",0.001111134335,-0.02404371517,0.001108677187
2024-04-15,V46 tail_risk_pct_60 Top2,114011.6674,114259,185.6673947,2,151.7073053,95.6253,318751,0,"{""601398.SH"": 10500.0, ""601988.SH"": 12400.0}",0.02049736683,-0.004039181187,0.02045208942
2024-04-16,V46 tail_risk_pct_60 Top2,115156.6674,115404,185.6673947,2,151.7073053,95.6253,318751,0,"{""601398.SH"": 10500.0, ""601988.SH"": 12400.0}",0.01004283181,0,0.01002109243
2024-04-17,V46 tail_risk_pct_60 Top2,115719.6674,115967,185.6673947,2,151.7073053,95.6253,318751,0,"{""601398.SH"": 10500.0, ""601988.SH"": 12400.0}",0.004888991777,0,0.004878513743
2024-04-18,V46 tail_risk_pct_60 Top2,116301.6674,116549,185.6673947,2,151.7073053,95.6253,318751,0,"{""601398.SH"": 10500.0, ""601988.SH"": 12400.0}",0.005029395721,0,0.005018669104
2024-04-19,V46 tail_risk_pct_60 Top2,116988.6674,117236,185.6673947,2,151.7073053,95.6253,318751,0,"{""601398.SH"": 10500.0, ""601988.SH"": 12400.0}",0.005907052026,0,0.005894516469
2024-04-22,V46 tail_risk_pct_60 Top2,115509.6674,115757,185.6673947,2,151.7073053,95.6253,318751,0,"{""601398.SH"": 10500.0, ""601988.SH"": 12400.0}",-0.01264225017,-0.01264225017,-0.01261557883
2024-04-23,V46 tail_risk_pct_60 Top2,115719.6674,115967,185.6673947,2,151.7073053,95.6253,318751,0,"{""601398.SH"": 10500.0, ""601988.SH"": 12400.0}",0.001818029648,-0.01084720451,0.001814145149
2024-04-24,V46 tail_risk_pct_60 Top2,115032.6674,115280,185.6673947,2,151.7073053,95.6253,318751,0,"{""601398.SH"": 10500.0, ""601988.SH"": 12400.0}",-0.005936760928,-0.01671956817,-0.005924099097
2024-04-25,V46 tail_risk_pct_60 Top2,115490.6674,115738,185.6673947,2,151.7073053,95.6253,318751,0,"{""601398.SH"": 10500.0, ""601988.SH"": 12400.0}",0.0039814777,-0.01280465906,0.003972935461
2024-04-26,V46 tail_risk_pct_60 Top2,113429.6674,113677,185.6673947,2,151.7073053,95.6253,318751,0,"{""601398.SH"": 10500.0, ""601988.SH"": 12400.0}",-0.0178455978,-0.03042175007,-0.01780746168
2024-04-29,V46 tail_risk_pct_60 Top2,113343.6674,113591,185.6673947,2,151.7073053,95.6253,318751,0,"{""601398.SH"": 10500.0, ""601988.SH"": 12400.0}",-0.0007581790723,-0.031156864,-0.0007565294651
2024-04-30,V46 tail_risk_pct_60 Top2,114116.6674,114364,185.6673947,2,151.7073053,95.6253,318751,0,"{""601398.SH"": 10500.0, ""601988.SH"": 12400.0}",0.006819966371,-0.0245493864,0.006805116603
2024-05-06,V46 tail_risk_pct_60 Top2,112122.6674,112370,185.6673947,2,151.7073053,95.6253,318751,0,"{""601398.SH"": 10500.0, ""601988.SH"": 12400.0}",-0.01747334588,-0.04159377236,-0.01743555664
2024-05-07,V46 tail_risk_pct_60 Top2,112859.6815,113197,95.68148755,2,208.3620125,128.9565,429855,0,"{""601288.SH"": 12800.0, ""601398.SH"": 10500.0}",0.006573283618,-0.0352938964,0.007359615556
2024-05-08,V46 tail_risk_pct_60 Top2,113604.6815,113942,95.68148755,2,208.3620125,128.9565,429855,0,"{""601288.SH"": 12800.0, ""601398.SH"": 10500.0}",0.006601117336,-0.02892575822,0.006581446505
2024-05-09,V46 tail_risk_pct_60 Top2,112649.6815,112987,95.68148755,2,208.3620125,128.9565,429855,0,"{""601288.SH"": 12800.0, ""601398.SH"": 10500.0}",-0.008406343713,-0.03708894206,-0.008381457233
2024-05-10,V46 tail_risk_pct_60 Top2,112731.6815,113069,95.68148755,2,208.3620125,128.9565,429855,0,"{""601288.SH"": 12800.0, ""601398.SH"": 10500.0}",0.0007279203893,-0.03638801947,0.0007257472099
2024-05-13,V46 tail_risk_pct_60 Top2,112964.6815,113302,95.68148755,2,208.3620125,128.9565,429855,0,"{""601288.SH"": 12800.0, ""601398.SH"": 10500.0}",0.002066854649,-0.03439637357,0.002060688606
2024-05-14,V46 tail_risk_pct_60 Top2,112032.6815,112370,95.68148755,2,208.3620125,128.9565,429855,0,"{""601288.SH"": 12800.0, ""601398.SH"": 10500.0}",-0.008250366289,-0.04236295718,-0.008225803605
2024-05-15,V46 tail_risk_pct_60 Top2,112137.6815,112475,95.68148755,2,208.3620125,128.9565,429855,0,"{""601288.SH"": 12800.0, ""601398.SH"": 10500.0}",0.0009372265182,-0.04146543435,0.0009344130996
2024-05-16,V46 tail_risk_pct_60 Top2,112580.6815,112918,95.68148755,2,208.3620125,128.9565,429855,0,"{""601288.SH"": 12800.0, ""601398.SH"": 10500.0}",0.003950500796,-0.03767874278,0.003938653034
2024-05-17,V46 tail_risk_pct_60 Top2,113594.6815,113932,95.68148755,2,208.3620125,128.9565,429855,0,"{""601288.SH"": 12800.0, ""601398.SH"": 10500.0}",0.009006873885,-0.02901123658,0.008979967764
2024-05-20,V46 tail_risk_pct_60 Top2,113361.6815,113699,95.68148755,2,208.3620125,128.9565,429855,0,"{""601288.SH"": 12800.0, ""601398.SH"": 10500.0}",-0.002051152369,-0.03100288248,-0.002045079521
2024-05-21,V46 tail_risk_pct_60 Top2,114293.6815,114631,95.68148755,2,208.3620125,128.9565,429855,0,"{""601288.SH"": 12800.0, ""601398.SH"": 10500.0}",0.008221472968,-0.02303629888,0.008197081769
2024-05-22,V46 tail_risk_pct_60 Top2,114526.6815,114864,95.68148755,2,208.3620125,128.9565,429855,0,"{""601288.SH"": 12800.0, ""601398.SH"": 10500.0}",0.002038607882,-0.02104465297,0.00203260898
2024-05-23,V46 tail_risk_pct_60 Top2,114060.6815,114398,95.68148755,2,208.3620125,128.9565,429855,0,"{""601288.SH"": 12800.0, ""601398.SH"": 10500.0}",-0.004068920831,-0.02502794478,-0.004056971723
2024-05-24,V46 tail_risk_pct_60 Top2,113407.6815,113745,95.68148755,2,208.3620125,128.9565,429855,0,"{""601288.SH"": 12800.0, ""601398.SH"": 10500.0}",-0.005725022782,-0.03060968201,-0.005708141751
2024-05-27,V46 tail_risk_pct_60 Top2,114595.6815,114933,95.68148755,2,208.3620125,128.9565,429855,0,"{""601288.SH"": 12800.0, ""601398.SH"": 10500.0}",0.01047548089,-0.02045485226,0.01044441514
2024-05-28,V46 tail_risk_pct_60 Top2,114828.6815,115166,95.68148755,2,208.3620125,128.9565,429855,0,"{""601288.SH"": 12800.0, ""601398.SH"": 10500.0}",0.002033235432,-0.01846320635,0.002027268061
2024-05-29,V46 tail_risk_pct_60 Top2,114234.6815,114572,95.68148755,2,208.3620125,128.9565,429855,0,"{""601288.SH"": 12800.0, ""601398.SH"": 10500.0}",-0.005172923631,-0.02354062123,-0.005157772259
2024-05-30,V46 tail_risk_pct_60 Top2,113407.6815,113745,95.68148755,2,208.3620125,128.9565,429855,0,"{""601288.SH"": 12800.0, ""601398.SH"": 10500.0}",-0.007239482697,-0.03060968201,-0.007218168488
2024-05-31,V46 tail_risk_pct_60 Top2,113302.6815,113640,95.68148755,2,208.3620125,128.9565,429855,0,"{""601288.SH"": 12800.0, ""601398.SH"": 10500.0}",-0.0009258632098,-0.03150720484,-0.0009231174997
2024-06-03,V46 tail_risk_pct_60 Top2,113663.6815,114001,95.68148755,2,208.3620125,128.9565,429855,0,"{""601288.SH"": 12800.0, ""601398.SH"": 10500.0}",0.003186155837,-0.02842143586,0.003176698346
2024-06-04,V46 tail_risk_pct_60 Top2,113978.6815,114316,95.68148755,2,208.3620125,128.9565,429855,0,"{""601288.SH"": 12800.0, ""601398.SH"": 10500.0}",0.002771333779,-0.02572886737,0.002763133657
2024-06-05,V46 tail_risk_pct_60 Top2,114257.6815,114595,95.68148755,2,208.3620125,128.9565,429855,0,"{""601288.SH"": 12800.0, ""601398.SH"": 10500.0}",0.002447826176,-0.02334402099,0.00244060324
2024-06-06,V46 tail_risk_pct_60 Top2,114129.6815,114467,95.68148755,2,208.3620125,128.9565,429855,0,"{""601288.SH"": 12800.0, ""601398.SH"": 10500.0}",-0.001120274789,-0.02443814406,-0.001116977181
2024-06-07,V46 tail_risk_pct_60 Top2,115570.0627,115907.3812,95.68148755,2,208.3620125,128.9565,429855,0,"{""601288.SH"": 13501.0285, ""601398.SH"": 10500.0}",0.01262056644,-0.01212600084,0.01258337537
2024-06-11,V46 tail_risk_pct_60 Top2,113514.9702,113852.2887,95.68148755,2,208.3620125,128.9565,429855,0,"{""601288.SH"": 13501.0285, ""601398.SH"": 10500.0}",-0.01778222243,-0.02969259602,-0.01773047186
2024-06-12,V46 tail_risk_pct_60 Top2,112959.9599,113297.2784,95.68148755,2,208.3620125,128.9565,429855,0,"{""601288.SH"": 13501.0285, ""601398.SH"": 10500.0}",-0.004889313575,-0.03443673319,-0.004874827648
2024-06-13,V46 tail_risk_pct_60 Top2,114085.0216,114422.3401,95.68148755,2,208.3620125,128.9565,429855,1.455191523e-11,"{""601288.SH"": 13501.0285, ""601398.SH"": 10500.0}",0.009959827436,-0.02481988967,0.009930174171
2024-06-14,V46 tail_risk_pct_60 Top2,115225.0524,115562.3709,95.68148755,2,208.3620125,128.9565,429855,0,"{""601288.SH"": 13501.0285, ""601398.SH"": 10500.0}",0.00999281797,-0.01507509234,0.009963359016
2024-06-17,V46 tail_risk_pct_60 Top2,113409.9702,113747.2887,95.68148755,2,208.3620125,128.9565,429855,0,"{""601288.SH"": 13501.0285, ""601398.SH"": 10500.0}",-0.01575249686,-0.03059011885,-0.01570651642
2024-06-18,V46 tail_risk_pct_60 Top2,113754.9804,114092.299,95.68148755,2,208.3620125,128.9565,429855,0,"{""601288.SH"": 13501.0285, ""601398.SH"": 10500.0}",0.003042151269,-0.02764102735,0.003033129744
2024-06-19,V46 tail_risk_pct_60 Top2,114820.0216,115157.3401,95.68148755,2,208.3620125,128.9565,429855,1.455191523e-11,"{""601288.SH"": 13501.0285, ""601398.SH"": 10500.0}",0.009362589086,-0.01853722985,0.009334908211
2024-06-20,V46 tail_risk_pct_60 Top2,115300.0421,115637.3607,95.68148755,2,208.3620125,128.9565,429855,0,"{""601288.SH"": 13501.0285, ""601398.SH"": 10500.0}",0.004180634723,-0.01443409251,0.004168388822
2024-06-21,V46 tail_risk_pct_60 Top2,114519.9907,114857.3092,95.68148755,2,208.3620125,128.9565,429855,0,"{""601288.SH"": 13501.0285, ""601398.SH"": 10500.0}",-0.00676540449,-0.02110184453,-0.006745669552
2024-06-24,V46 tail_risk_pct_60 Top2,115960.0524,116297.3709,95.68148755,2,208.3620125,128.9565,429855,0,"{""601288.SH"": 13501.0285, ""601398.SH"": 10500.0}",0.0125747627,-0.00879243252,0.01253783252
2024-06-25,V46 tail_risk_pct_60 Top2,116420.8594,116758.1779,95.68148755,2,208.3620125,128.9565,429855,0,"{""601288.SH"": 13502.9456, ""601398.SH"": 10500.4696}",0.003973842029,-0.004853530228,0.003962315969
2024-06-26,V46 tail_risk_pct_60 Top2,117003.2886,117340.6071,95.68148755,2,208.3620125,128.9565,429855,0,"{""601288.SH"": 13502.9456, ""601398.SH"": 10500.0}",0.0050027909,0,0.00498833766
2024-06-27,V46 tail_risk_pct_60 Top2,118278.4064,118615.7249,95.68148755,2,208.3620125,128.9565,429855,1.455191523e-11,"{""601288.SH"": 13502.9456, ""601398.SH"": 10500.0}",0.01089813661,0,0.01086680779
2024-06-28,V46 tail_risk_pct_60 Top2,118818.5242,119155.8427,95.68148755,2,208.3620125,128.9565,429855,0,"{""601288.SH"": 13502.9456, ""601398.SH"": 10500.0}",0.004566495607,0,0.004553509441
2024-07-01,V46 tail_risk_pct_60 Top2,121158.7599,121496.0784,95.68148755,2,208.3620125,128.9565,429855,0,"{""601288.SH"": 13502.9456, ""601398.SH"": 10500.0}",0.01969588212,0,0.01964012501
2024-07-02,V46 tail_risk_pct_60 Top2,123813.9955,124151.314,95.68148755,2,208.3620125,128.9565,429855,0,"{""601288.SH"": 13502.9456, ""601398.SH"": 10500.0}",0.0219153419,0,0.02185449672
2024-07-03,V46 tail_risk_pct_60 Top2,122568.9071,122906.2257,95.68148755,2,208.3620125,128.9565,429855,1.455191523e-11,"{""601288.SH"": 13502.9456, ""601398.SH"": 10500.0}",-0.01005611976,-0.01005611976,-0.01002879734
2024-07-04,V46 tail_risk_pct_60 Top2,123844.025,124181.3435,95.68148755,2,208.3620125,128.9565,429855,0,"{""601288.SH"": 13502.9456, ""601398.SH"": 10500.0}",0.01040327317,0,0.01037472119
2024-07-05,V46 tail_risk_pct_60 Top2,121533.8188,121871.1373,95.68148755,2,208.3620125,128.9565,429855,0,"{""601288.SH"": 13502.9456, ""601398.SH"": 10500.0}",-0.01865415947,-0.01865415947,-0.01860348846
2024-07-08,V46 tail_risk_pct_60 Top2,122703.9366,123041.2551,95.68148755,2,208.3620125,128.9565,429855,0,"{""601288.SH"": 13502.9456, ""601398.SH"": 10500.0}",0.009627919496,-0.009205840715,0.009601271058
2024-07-09,V46 tail_risk_pct_60 Top2,123634.025,123971.3435,95.68148755,2,208.3620125,128.9565,429855,0,"{""601288.SH"": 13502.9456, ""601398.SH"": 10500.0}",0.007579939105,-0.001695681322,0.007559158646
2024-07-10,V46 tail_risk_pct_60 Top2,124534.0839,124871.4024,95.68148755,2,208.3620125,128.9565,429855,0,"{""601288.SH"": 13502.9456, ""601398.SH"": 10500.0}",0.007280025962,0,0.007260217453
2024-07-11,V46 tail_risk_pct_60 Top2,123258.9661,123596.2846,95.68148755,2,208.3620125,128.9565,429855,1.455191523e-11,"{""601288.SH"": 13502.9456, ""601398.SH"": 10500.0}",-0.01023910711,-0.01023910711,-0.01021144793
2024-07-12,V46 tail_risk_pct_60 Top2,126049.2312,126386.5497,95.68148755,2,208.3620125,128.9565,429855,0,"{""601288.SH"": 13502.9456, ""601398.SH"": 10500.0}",0.02263742096,0,0.022575639
2024-07-15,V46 tail_risk_pct_60 Top2,128929.5846,129266.9031,95.68148755,2,208.3620125,128.9565,429855,0,"{""601288.SH"": 13502.9456, ""601398.SH"": 10500.0}",0.02285101974,0,0.02279003167
2024-07-16,V46 tail_risk_pct_60 Top2,128794.9919,129132.3104,95.68148755,2,208.3620125,128.9565,429855,0,"{""601288.SH"": 13502.9456, ""601398.SH"": 11052.7057}",-0.001043924394,-0.001043924394,-0.001041200301
2024-07-17,V46 tail_risk_pct_60 Top2,129151.0755,129488.394,95.68148755,2,208.3620125,128.9565,429855,0,"{""601288.SH"": 13502.9456, ""601398.SH"": 11052.7057}",0.002764731494,0,0.002757509481
2024-07-18,V46 tail_risk_pct_60 Top2,129151.0755,129488.394,95.68148755,2,208.3620125,128.9565,429855,0,"{""601288.SH"": 13502.9456, ""601398.SH"": 11052.7057}",0,0,0
2024-07-19,V46 tail_risk_pct_60 Top2,129016.046,129353.3645,95.68148755,2,208.3620125,128.9565,429855,0,"{""601288.SH"": 13502.9456, ""601398.SH"": 11052.7057}",-0.001045515535,-0.001045515535,-0.001042791957
2024-07-22,V46 tail_risk_pct_60 Top2,127297.1504,127634.4689,95.68148755,2,208.3620125,128.9565,429855,0,"{""601288.SH"": 13502.9456, ""601398.SH"": 11052.7057}",-0.0133231148,-0.01435470081,-0.01328837172
2024-07-23,V46 tail_risk_pct_60 Top2,130526.4049,130863.7235,95.68148755,2,208.3620125,128.9565,429855,1.455191523e-11,"{""601288.SH"": 13502.9456, ""601398.SH"": 11052.7057}",0.02536784618,0,0.02530080282
2024-07-24,V46 tail_risk_pct_60 Top2,131484.1286,131821.4471,95.68148755,2,208.3620125,128.9565,429855,0,"{""601288.SH"": 13502.9456, ""601398.SH"": 11052.7057}",0.007337393948,0,0.007318480847
2024-07-25,V46 tail_risk_pct_60 Top2,130808.9813,131146.2998,95.68148755,2,208.3620125,128.9565,429855,1.455191523e-11,"{""601288.SH"": 13502.9456, ""601398.SH"": 11052.7057}",-0.005134819588,-0.005134819588,-0.005121680075
2024-07-26,V46 tail_risk_pct_60 Top2,128021.835,128359.1535,95.68148755,2,208.3620125,128.9565,429855,0,"{""601288.SH"": 13502.9456, ""601398.SH"": 11052.7057}",-0.02130699493,-0.02633240695,-0.02125219168
2024-07-29,V46 tail_risk_pct_60 Top2,129654.706,129992.0245,95.68148755,2,208.3620125,128.9565,429855,1.455191523e-11,"{""601288.SH"": 13502.9456, ""601398.SH"": 11052.7057}",0.0127546284,-0.01391363861,0.01272111016
2024-07-30,V46 tail_risk_pct_60 Top2,129765.233,130102.5515,95.68148755,2,208.3620125,128.9565,429855,0,"{""601288.SH"": 13502.9456, ""601398.SH"": 11052.7057}",0.0008524723914,-0.01307302721,0.0008502602963
2024-07-31,V46 tail_risk_pct_60 Top2,126732.5302,127069.8487,95.68148755,2,208.3620125,128.9565,429855,0,"{""601288.SH"": 13502.9456, ""601398.SH"": 11052.7057}",-0.02337068832,-0.03613818989,-0.02331009484
2024-08-01,V46 tail_risk_pct_60 Top2,127604.2292,127941.5477,95.68148755,2,208.3620125,128.9565,429855,0,"{""601288.SH"": 13502.9456, ""601398.SH"": 11052.7057}",0.006878257647,-0.02950850002,0.006859998685
2024-08-02,V46 tail_risk_pct_60 Top2,127493.4149,127937.5182,111.5052505,2,277.402454,166.7008826,555669.6086,0,"{""601398.SH"": 10952.7057, ""601988.SH"": 13400.0}",-0.0008684216867,-0.03035129589,-3.14945058e-05
2024-08-05,V46 tail_risk_pct_60 Top2,126981.8879,127425.9912,111.5052505,2,277.402454,166.7008826,555669.6086,0,"{""601398.SH"": 10952.7057, ""601988.SH"": 13400.0}",-0.00401218414,-0.03424170504,-0.003998256839
2024-08-06,V46 tail_risk_pct_60 Top2,125411.1985,125855.3018,111.5052505,2,277.402454,166.7008826,555669.6086,0,"{""601398.SH"": 10952.7057, ""601988.SH"": 13400.0}",-0.01236939714,-0.04618755293,-0.01232628749
2024-08-07,V46 tail_risk_pct_60 Top2,125764.2526,126208.3559,111.5052505,2,277.402454,166.7008826,555669.6086,1.455191523e-11,"{""601398.SH"": 10952.7057, ""601988.SH"": 13400.0}",0.00281517216,-0.04350240669,0.002805238313
2024-08-08,V46 tail_risk_pct_60 Top2,126311.8879,126755.9912,111.5052505,2,277.402454,166.7008826,555669.6086,0,"{""601398.SH"": 10952.7057, ""601988.SH"": 13400.0}",0.004354459038,-0.0393373771,0.00433913652
2024-08-09,V46 tail_risk_pct_60 Top2,126993.5231,127437.6265,111.5052505,2,277.402454,166.7008826,555669.6086,1.455191523e-11,"{""601398.SH"": 10952.7057, ""601988.SH"": 13400.0}",0.005396446034,-0.0341532131,0.005377539001
2024-08-12,V46 tail_risk_pct_60 Top2,128162.2125,128606.3159,111.5052505,2,277.402454,166.7008826,555669.6086,0,"{""601398.SH"": 10952.7057, ""601988.SH"": 13400.0}",0.009202748076,-0.02526476844,0.009170677711
2024-08-13,V46 tail_risk_pct_60 Top2,128807.7396,129251.8429,111.5052505,2,277.402454,166.7008826,555669.6086,0,"{""601398.SH"": 10952.7057, ""601988.SH"": 13400.0}",0.005036797075,-0.02035522487,0.005019404007
2024-08-14,V46 tail_risk_pct_60 Top2,129294.7937,129738.897,111.5052505,2,277.402454,166.7008826,555669.6086,1.455191523e-11,"{""601398.SH"": 10952.7057, ""601988.SH"": 13400.0}",0.003781248829,-0.01665094421,0.003768256633
2024-08-15,V46 tail_risk_pct_60 Top2,130025.3749,130469.4782,111.5052505,2,277.402454,166.7008826,555669.6086,1.455191523e-11,"{""601398.SH"": 10952.7057, ""601988.SH"": 13400.0}",0.005650507269,-0.01109452323,0.005631165274
2024-08-16,V46 tail_risk_pct_60 Top2,131815.1184,132259.2217,111.5052505,2,277.402454,166.7008826,555669.6086,0,"{""601398.SH"": 10952.7057, ""601988.SH"": 13400.0}",0.01376457108,0,0.01371771804
2024-08-19,V46 tail_risk_pct_60 Top2,134712.9701,135157.0735,111.5052505,2,277.402454,166.7008826,555669.6086,0,"{""601398.SH"": 10952.7057, ""601988.SH"": 13400.0}",0.02198421379,0,0.02191039465
2024-08-20,V46 tail_risk_pct_60 Top2,136563.2948,137007.3982,111.5052505,2,277.402454,166.7008826,555669.6086,0,"{""601398.SH"": 10952.7057, ""601988.SH"": 13400.0}",0.01373531209,0,0.01369018017
2024-08-21,V46 tail_risk_pct_60 Top2,135443.5513,135887.6547,111.5052505,2,277.402454,166.7008826,555669.6086,0,"{""601398.SH"": 10952.7057, ""601988.SH"": 13400.0}",-0.008199447125,-0.008199447125,-0.008172868985
2024-08-22,V46 tail_risk_pct_60 Top2,138365.876,138809.9793,111.5052505,2,277.402454,166.7008826,555669.6086,0,"{""601398.SH"": 10952.7057, ""601988.SH"": 13400.0}",0.02157596031,0,0.0215054465
2024-08-23,V46 tail_risk_pct_60 Top2,138937.9842,139382.0876,111.5052505,2,277.402454,166.7008826,555669.6086,0,"{""601398.SH"": 10952.7057, ""601988.SH"": 13400.0}",0.004134749445,0,0.004121520886
2024-08-26,V46 tail_risk_pct_60 Top2,138609.4031,139053.5064,111.5052505,2,277.402454,166.7008826,555669.6086,0,"{""601398.SH"": 10952.7057, ""601988.SH"": 13400.0}",-0.002364948459,-0.002364948459,-0.00235741319
2024-08-27,V46 tail_risk_pct_60 Top2,140910.6736,141354.777,111.5052505,2,277.402454,166.7008826,555669.6086,0,"{""601398.SH"": 10952.7057, ""601988.SH"": 13400.0}",0.01660255741,0,0.01654953285
2024-08-28,V46 tail_risk_pct_60 Top2,139802.5654,140246.6687,111.5052505,2,277.402454,166.7008826,555669.6086,0,"{""601398.SH"": 10952.7057, ""601988.SH"": 13400.0}",-0.007863905554,-0.007863905554,-0.007839199019
2024-08-29,V46 tail_risk_pct_60 Top2,134031.3349,134475.4382,111.5052505,2,277.402454,166.7008826,555669.6086,0,"{""601398.SH"": 10952.7057, ""601988.SH"": 13400.0}",-0.04128129215,-0.04882056552,-0.04115057133
2024-08-30,V46 tail_risk_pct_60 Top2,129794.6855,130238.7888,111.5052505,2,277.402454,166.7008826,555669.6086,0,"{""601398.SH"": 10952.7057, ""601988.SH"": 13400.0}",-0.03160939476,-0.07888677175,-0.03150500516
2024-09-02,V46 tail_risk_pct_60 Top2,130830.5773,131274.6806,111.5052505,2,277.402454,166.7008826,555669.6086,1.455191523e-11,"{""601398.SH"": 10952.7057, ""601988.SH"": 13400.0}",0.007981002975,-0.07153536434,0.007953788425
2024-09-03,V46 tail_risk_pct_60 Top2,125705.3554,126255.1936,345.7704459,2,344.0040587,205.8340826,686113.6086,0,"{""601288.SH"": 13900.0, ""601398.SH"": 10952.7057}",-0.03917449531,-0.1079074979,-0.03823652061
2024-09-04,V46 tail_risk_pct_60 Top2,125713.7201,126263.5583,345.7704459,2,344.0040587,205.8340826,686113.6086,0,"{""601288.SH"": 13900.0, ""601398.SH"": 10952.7057}",6.654222286e-05,-0.107848136,6.625243318e-05
2024-09-05,V46 tail_risk_pct_60 Top2,124559.5037,125109.3418,345.7704459,2,344.0040587,205.8340826,686113.6086,0,"{""601288.SH"": 13900.0, ""601398.SH"": 10952.7057}",-0.009181308585,-0.1160392576,-0.00914132687
2024-09-06,V46 tail_risk_pct_60 Top2,124808.0307,125357.8689,345.7704459,2,344.0040587,205.8340826,686113.6086,0,"{""601288.SH"": 13900.0, ""601398.SH"": 10952.7057}",0.001995247652,-0.114275537,0.001986478816
2024-09-09,V46 tail_risk_pct_60 Top2,124618.4496,125168.2877,345.7704459,2,344.0040587,205.8340826,686113.6086,0,"{""601288.SH"": 13900.0, ""601398.SH"": 10952.7057}",-0.001518982157,-0.1156209367,-0.001512319677
2024-09-10,V46 tail_risk_pct_60 Top2,126387.6119,126937.45,345.7704459,2,344.0040587,205.8340826,686113.6086,0,"{""601288.SH"": 13900.0, ""601398.SH"": 10952.7057}",0.0141966326,-0.103065732,0.01413426976
2024-09-11,V46 tail_risk_pct_60 Top2,123017.7602,123567.5983,345.7704459,2,344.0040587,205.8340826,686113.6086,0,"{""601288.SH"": 13900.0, ""601398.SH"": 10952.7057}",-0.02666283264,-0.1269805403,-0.02654734078
2024-09-12,V46 tail_risk_pct_60 Top2,123295.7602,123845.5983,345.7704459,2,344.0040587,205.8340826,686113.6086,0,"{""601288.SH"": 13900.0, ""601398.SH"": 10952.7057}",0.0022598363,-0.1250076592,0.002249780718
2024-09-13,V46 tail_risk_pct_60 Top2,122958.8143,123508.6524,345.7704459,2,344.0040587,205.8340826,686113.6086,0,"{""601288.SH"": 13900.0, ""601398.SH"": 10952.7057}",-0.002732826215,-0.1273988612,-0.002720693268
2024-09-18,V46 tail_risk_pct_60 Top2,125107.139,125656.9771,345.7704459,2,344.0040587,205.8340826,686113.6086,0,"{""601288.SH"": 13900.0, ""601398.SH"": 10952.7057}",0.01747190472,-0.1121528573,0.01739412296
2024-09-19,V46 tail_risk_pct_60 Top2,124778.5578,125328.3959,345.7704459,2,344.0040587,205.8340826,686113.6086,0,"{""601288.SH"": 13900.0, ""601398.SH"": 10952.7057}",-0.002626398257,-0.1144846975,-0.002614905907
2024-09-20,V46 tail_risk_pct_60 Top2,125553.6119,126103.45,345.7704459,2,344.0040587,205.8340826,686113.6086,0,"{""601288.SH"": 13900.0, ""601398.SH"": 10952.7057}",0.00621143671,-0.1089843752,0.006184186024
2024-09-23,V46 tail_risk_pct_60 Top2,127213.2472,127763.0853,345.7704459,2,344.0040587,205.8340826,686113.6086,0,"{""601288.SH"": 13900.0, ""601398.SH"": 10952.7057}",0.01321853877,-0.09720645064,0.0131609031
2024-09-24,V46 tail_risk_pct_60 Top2,132782.0048,133331.8429,345.7704459,2,344.0040587,205.8340826,686113.6086,0,"{""601288.SH"": 13900.0, ""601398.SH"": 10952.7057}",0.04377498198,-0.05768667929,0.04358659302
2024-09-25,V46 tail_risk_pct_60 Top2,133776.113,134325.9512,345.7704459,2,344.0040587,205.8340826,686113.6086,0,"{""601288.SH"": 13900.0, ""601398.SH"": 10952.7057}",0.007486769239,-0.05063179691,0.007455895059
2024-09-26,V46 tail_risk_pct_60 Top2,136223.5459,136773.3841,345.7704459,2,344.0040587,205.8340826,686113.6086,0,"{""601288.SH"": 13900.0, ""601398.SH"": 10952.7057}",0.01829499199,-0.03326311324,0.01822010486
2024-09-27,V46 tail_risk_pct_60 Top2,131501.5319,132051.37,345.7704459,2,344.0040587,205.8340826,686113.6086,0,"{""601288.SH"": 13900.0, ""601398.SH"": 10952.7057}",-0.03466371438,-0.06677380456,-0.03452436393
2024-09-30,V46 tail_risk_pct_60 Top2,134753.4918,135303.33,345.7704459,2,344.0040587,205.8340826,686113.6086,0,"{""601288.SH"": 13900.0, ""601398.SH"": 10952.7057}",0.02472944556,-0.04369563816,0.0246264766
2024-10-08,V46 tail_risk_pct_60 Top2,133540.3295,134090.1676,345.7704459,2,344.0040587,205.8340826,686113.6086,0,"{""601288.SH"": 13900.0, ""601398.SH"": 10952.7057}",-0.009002826769,-0.05230508067,-0.008966241583
2024-10-09,V46 tail_risk_pct_60 Top2,129652.8074,130315.0053,299.8074125,2,416.5596636,245.6382016,818794.0053,0,"{""601288.SH"": 14000.0, ""601988.SH"": 13300.0}",-0.02911122118,-0.07989363707,-0.02815390875
2024-10-10,V46 tail_risk_pct_60 Top2,134412.8074,135075.0053,299.8074125,2,416.5596636,245.6382016,818794.0053,0,"{""601288.SH"": 14000.0, ""601988.SH"": 13300.0}",0.03671343564,-0.04611337134,0.0365268757
2024-10-11,V46 tail_risk_pct_60 Top2,134685.8074,135348.0053,299.8074125,2,416.5596636,245.6382016,818794.0053,0,"{""601288.SH"": 14000.0, ""601988.SH"": 13300.0}",0.002031056454,-0.04417597375,0.00202109931
2024-10-14,V46 tail_risk_pct_60 Top2,139081.8074,139744.0053,299.8074125,2,416.5596636,245.6382016,818794.0053,0,"{""601288.SH"": 14000.0, ""601988.SH"": 13300.0}",0.03263892525,-0.01297890481,0.03247923744
2024-10-15,V46 tail_risk_pct_60 Top2,135945.8074,136608.0053,299.8074125,2,416.5596636,245.6382016,818794.0053,0,"{""601288.SH"": 14000.0, ""601988.SH"": 13300.0}",-0.02254788069,-0.0352341387,-0.02244103419
2024-10-16,V46 tail_risk_pct_60 Top2,138409.8074,139072.0053,299.8074125,2,416.5596636,245.6382016,818794.0053,0,"{""601288.SH"": 14000.0, ""601988.SH"": 13300.0}",0.01812486936,-0.0177478835,0.01803701031
2024-10-17,V46 tail_risk_pct_60 Top2,137184.8074,137847.0053,299.8074125,2,416.5596636,245.6382016,818794.0053,0,"{""601288.SH"": 14000.0, ""601988.SH"": 13300.0}",-0.008850528896,-0.02644133424,-0.008808386688
2024-10-18,V46 tail_risk_pct_60 Top2,136904.8074,137567.0053,299.8074125,2,416.5596636,245.6382016,818794.0053,0,"{""601288.SH"": 14000.0, ""601988.SH"": 13300.0}",-0.002041042338,-0.02842840869,-0.002031237454
2024-10-21,V46 tail_risk_pct_60 Top2,133894.8074,134557.0053,299.8074125,2,416.5596636,245.6382016,818794.0053,0,"{""601288.SH"": 14000.0, ""601988.SH"": 13300.0}",-0.02198607965,-0.04978945908,-0.0218802466
2024-10-22,V46 tail_risk_pct_60 Top2,134041.8074,134704.0053,299.8074125,2,416.5596636,245.6382016,818794.0053,0,"{""601288.SH"": 14000.0, ""601988.SH"": 13300.0}",0.00109787678,-0.04874624499,0.001092473779
2024-10-23,V46 tail_risk_pct_60 Top2,134167.8074,134830.0053,299.8074125,2,416.5596636,245.6382016,818794.0053,0,"{""601288.SH"": 14000.0, ""601988.SH"": 13300.0}",0.00094000523,-0.04785206149,0.0009353842133
2024-10-24,V46 tail_risk_pct_60 Top2,134314.8074,134977.0053,299.8074125,2,416.5596636,245.6382016,818794.0053,0,"{""601288.SH"": 14000.0, ""601988.SH"": 13300.0}",0.001095642858,-0.0468088474,0.001090261768
2024-10-25,V46 tail_risk_pct_60 Top2,133082.8074,133745.0053,299.8074125,2,416.5596636,245.6382016,818794.0053,0,"{""601288.SH"": 14000.0, ""601988.SH"": 13300.0}",-0.009172480858,-0.055551975,-0.009127480621
2024-10-28,V46 tail_risk_pct_60 Top2,131843.8074,132506.0053,299.8074125,2,416.5596636,245.6382016,818794.0053,0,"{""601288.SH"": 14000.0, ""601988.SH"": 13300.0}",-0.009309992959,-0.06434477947,-0.00926389735
2024-10-29,V46 tail_risk_pct_60 Top2,132529.8074,133192.0053,299.8074125,2,416.5596636,245.6382016,818794.0053,0,"{""601288.SH"": 14000.0, ""601988.SH"": 13300.0}",0.005203126438,-0.05947644705,0.005177123849
2024-10-30,V46 tail_risk_pct_60 Top2,130478.8074,131141.0053,299.8074125,2,416.5596636,245.6382016,818794.0053,0,"{""601288.SH"": 14000.0, ""601988.SH"": 13300.0}",-0.01547576383,-0.07403176743,-0.01539882214
2024-10-31,V46 tail_risk_pct_60 Top2,130625.8074,131288.0053,299.8074125,2,416.5596636,245.6382016,818794.0053,0,"{""601288.SH"": 14000.0, ""601988.SH"": 13300.0}",0.001126619739,-0.07298855334,0.001120930861
2024-11-01,V46 tail_risk_pct_60 Top2,132123.8074,132786.0053,299.8074125,2,416.5596636,245.6382016,818794.0053,0,"{""601288.SH"": 14000.0, ""601988.SH"": 13300.0}",0.0114678717,-0.06235770501,0.0114100294
2024-11-04,V46 tail_risk_pct_60 Top2,132225.8861,132999.0053,335.8861053,2,488.2166708,284.9025016,949675.0053,0,"{""601288.SH"": 13900.0, ""601939.SH"": 8100.0}",0.0007725987828,-0.06163328371,0.001604084704
2024-11-05,V46 tail_risk_pct_60 Top2,132746.8861,133520.0053,335.8861053,2,488.2166708,284.9025016,949675.0053,0,"{""601288.SH"": 13900.0, ""601939.SH"": 8100.0}",0.003940226951,-0.05793590589,0.003917322531
2024-11-06,V46 tail_risk_pct_60 Top2,131438.8861,132212.0053,335.8861053,2,488.2166708,284.9025016,949675.0053,0,"{""601288.SH"": 13900.0, ""601939.SH"": 8100.0}",-0.009853338473,-0.06721838227,-0.009796284814
2024-11-07,V46 tail_risk_pct_60 Top2,132503.8861,133277.0053,335.8861053,2,488.2166708,284.9025016,949675.0053,0,"{""601288.SH"": 13900.0, ""601939.SH"": 8100.0}",0.008102624966,-0.05966040265,0.008055244286
2024-11-08,V46 tail_risk_pct_60 Top2,131299.8861,132073.0053,335.8861053,2,488.2166708,284.9025016,949675.0053,0,"{""601288.SH"": 13900.0, ""601939.SH"": 8100.0}",-0.009086525953,-0.0682048228,-0.00903381643
2024-11-11,V46 tail_risk_pct_60 Top2,129516.8861,130290.0053,335.8861053,2,488.2166708,284.9025016,949675.0053,0,"{""601288.SH"": 13900.0, ""601939.SH"": 8100.0}",-0.01357960051,-0.08085822907,-0.01350010925
2024-11-12,V46 tail_risk_pct_60 Top2,128555.8861,129329.0053,335.8861053,2,488.2166708,284.9025016,949675.0053,0,"{""601288.SH"": 13900.0, ""601939.SH"": 8100.0}",-0.007419881908,-0.08767815246,-0.007375853566
2024-11-13,V46 tail_risk_pct_60 Top2,128856.8861,129630.0053,335.8861053,2,488.2166708,284.9025016,949675.0053,0,"{""601288.SH"": 13900.0, ""601939.SH"": 8100.0}",0.002341394153,-0.08554204742,0.002327397472
2024-11-14,V46 tail_risk_pct_60 Top2,129678.8861,130452.0053,335.8861053,2,488.2166708,284.9025016,949675.0053,0,"{""601288.SH"": 13900.0, ""601939.SH"": 8100.0}",0.006379170139,-0.07970856456,0.006341124481
2024-11-15,V46 tail_risk_pct_60 Top2,129817.8861,130591.0053,335.8861053,2,488.2166708,284.9025016,949675.0053,0,"{""601288.SH"": 13900.0, ""601939.SH"": 8100.0}",0.001071878424,-0.07872212403,0.001065525974
2024-11-18,V46 tail_risk_pct_60 Top2,131855.8861,132629.0053,335.8861053,2,488.2166708,284.9025016,949675.0053,0,"{""601288.SH"": 13900.0, ""601939.SH"": 8100.0}",0.01569891531,-0.06425906067,0.01560597528
2024-11-19,V46 tail_risk_pct_60 Top2,130755.8861,131529.0053,335.8861053,2,488.2166708,284.9025016,949675.0053,0,"{""601288.SH"": 13900.0, ""601939.SH"": 8100.0}",-0.008342441377,-0.0720654246,-0.008293811732
2024-11-20,V46 tail_risk_pct_60 Top2,131033.8861,131807.0053,335.8861053,2,488.2166708,284.9025016,949675.0053,0,"{""601288.SH"": 13900.0, ""601939.SH"": 8100.0}",0.002126099316,-0.07009254354,0.002113602239
2024-11-21,V46 tail_risk_pct_60 Top2,130952.8861,131726.0053,335.8861053,2,488.2166708,284.9025016,949675.0053,0,"{""601288.SH"": 13900.0, ""601939.SH"": 8100.0}",-0.0006181607095,-0.07066737579,-0.0006145348635
2024-11-22,V46 tail_risk_pct_60 Top2,129169.8861,129943.0053,335.8861053,2,488.2166708,284.9025016,949675.0053,0,"{""601288.SH"": 13900.0, ""601939.SH"": 8100.0}",-0.01361558384,-0.08332078205,-0.01353567199
2024-11-25,V46 tail_risk_pct_60 Top2,129910.8861,130684.0053,335.8861053,2,488.2166708,284.9025016,949675.0053,0,"{""601288.SH"": 13900.0, ""601939.SH"": 8100.0}",0.00573663121,-0.07806213144,0.005702500095
2024-11-26,V46 tail_risk_pct_60 Top2,131832.8861,132606.0053,335.8861053,2,488.2166708,284.9025016,949675.0053,0,"{""601288.SH"": 13900.0, ""601939.SH"": 8100.0}",0.01479475706,-0.06442228465,0.01470723212
2024-11-27,V46 tail_risk_pct_60 Top2,132758.8861,133532.0053,335.8861053,2,488.2166708,284.9025016,949675.0053,0,"{""601288.SH"": 13900.0, ""601939.SH"": 8100.0}",0.007024044056,-0.05785074556,0.006983092493
2024-11-28,V46 tail_risk_pct_60 Top2,132874.8861,133648.0053,335.8861053,2,488.2166708,284.9025016,949675.0053,0,"{""601288.SH"": 13900.0, ""601939.SH"": 8100.0}",0.0008737644869,-0.057027529,0.0008687055943
2024-11-29,V46 tail_risk_pct_60 Top2,131832.8861,132606.0053,335.8861053,2,488.2166708,284.9025016,949675.0053,0,"{""601288.SH"": 13900.0, ""601939.SH"": 8100.0}",-0.007841963448,-0.06442228465,-0.007796599716
2024-12-02,V46 tail_risk_pct_60 Top2,131647.8861,132421.0053,335.8861053,2,488.2166708,284.9025016,949675.0053,0,"{""601288.SH"": 13900.0, ""601939.SH"": 8100.0}",-0.001403291739,-0.06573517312,-0.001395110271
2024-12-03,V46 tail_risk_pct_60 Top2,133659.8609,134444.0053,492.8608901,2,498.715086,285.4293016,951431.0053,0,"{""601288.SH"": 13700.0, ""601939.SH"": 8200.0}",0.01528300107,-0.05145680277,0.01527703249
2024-12-04,V46 tail_risk_pct_60 Top2,134917.8609,135702.0053,492.8608901,2,498.715086,285.4293016,951431.0053,0,"{""601288.SH"": 13700.0, ""601939.SH"": 8200.0}",0.009411950541,-0.04252916111,0.009357055358
2024-12-05,V46 tail_risk_pct_60 Top2,135382.8609,136167.0053,492.8608901,2,498.715086,285.4293016,951431.0053,0,"{""601288.SH"": 13700.0, ""601939.SH"": 8200.0}",0.003446541451,-0.03922919818,0.003426625856
2024-12-06,V46 tail_risk_pct_60 Top2,136121.8609,136906.0053,492.8608901,2,498.715086,285.4293016,951431.0053,0,"{""601288.SH"": 13700.0, ""601939.SH"": 8200.0}",0.005458593467,-0.03398474096,0.005427159087
2024-12-09,V46 tail_risk_pct_60 Top2,136779.8609,137564.0053,492.8608901,2,498.715086,285.4293016,951431.0053,0,"{""601288.SH"": 13700.0, ""601939.SH"": 8200.0}",0.004833903942,-0.02931511599,0.004806217219
2024-12-10,V46 tail_risk_pct_60 Top2,138311.8609,139096.0053,492.8608901,2,498.715086,285.4293016,951431.0053,0,"{""601288.SH"": 13700.0, ""601939.SH"": 8200.0}",0.0112004793,-0.01844298004,0.01113663416
2024-12-11,V46 tail_risk_pct_60 Top2,135903.8609,136688.0053,492.8608901,2,498.715086,285.4293016,951431.0053,0,"{""601288.SH"": 13700.0, ""601939.SH"": 8200.0}",-0.01740993133,-0.03553182035,-0.01731178401
2024-12-12,V46 tail_risk_pct_60 Top2,137545.8609,138330.0053,492.8608901,2,498.715086,285.4293016,951431.0053,0,"{""601288.SH"": 13700.0, ""601939.SH"": 8200.0}",0.01208207029,-0.02387904802,0.01201275852
2024-12-13,V46 tail_risk_pct_60 Top2,137052.8609,137837.0053,492.8608901,2,498.715086,285.4293016,951431.0053,0,"{""601288.SH"": 13700.0, ""601939.SH"": 8200.0}",-0.003584259074,-0.02737771839,-0.003563941164
2024-12-16,V46 tail_risk_pct_60 Top2,139789.8609,140574.0053,492.8608901,2,498.715086,285.4293016,951431.0053,0,"{""601288.SH"": 13700.0, ""601939.SH"": 8200.0}",0.01997039669,-0.007954065598,0.0198567866
2024-12-17,V46 tail_risk_pct_60 Top2,139980.8609,140765.0053,492.8608901,2,498.715086,285.4293016,951431.0053,0,"{""601288.SH"": 13700.0, ""601939.SH"": 8200.0}",0.001366336577,-0.006598596952,0.001358714932
2024-12-18,V46 tail_risk_pct_60 Top2,140472.8609,141257.0053,492.8608901,2,498.715086,285.4293016,951431.0053,0,"{""601288.SH"": 13700.0, ""601939.SH"": 8200.0}",0.003514766211,-0.003107023267,0.003495186883
2024-12-19,V46 tail_risk_pct_60 Top2,139076.8609,139861.0053,492.8608901,2,498.715086,285.4293016,951431.0053,0,"{""601288.SH"": 13700.0, ""601939.SH"": 8200.0}",-0.009937862667,-0.01301400876,-0.00988269571
2024-12-20,V46 tail_risk_pct_60 Top2,139076.8609,139861.0053,492.8608901,2,498.715086,285.4293016,951431.0053,0,"{""601288.SH"": 13700.0, ""601939.SH"": 8200.0}",0,-0.01301400876,0
2024-12-23,V46 tail_risk_pct_60 Top2,142279.8609,143064.0053,492.8608901,2,498.715086,285.4293016,951431.0053,0,"{""601288.SH"": 13700.0, ""601939.SH"": 8200.0}",0.02303043065,0,0.02290130829
2024-12-24,V46 tail_risk_pct_60 Top2,144413.8609,145198.0053,492.8608901,2,498.715086,285.4293016,951431.0053,0,"{""601288.SH"": 13700.0, ""601939.SH"": 8200.0}",0.01499860899,0,0.0149164005
2024-12-25,V46 tail_risk_pct_60 Top2,146055.8609,146840.0053,492.8608901,2,498.715086,285.4293016,951431.0053,0,"{""601288.SH"": 13700.0, ""601939.SH"": 8200.0}",0.01137009973,0,0.0113086953
2024-12-26,V46 tail_risk_pct_60 Top2,145508.8609,146293.0053,492.8608901,2,498.715086,285.4293016,951431.0053,0,"{""601288.SH"": 13700.0, ""601939.SH"": 8200.0}",-0.003745142418,-0.003745142418,-0.003725142879
2024-12-27,V46 tail_risk_pct_60 Top2,145153.8609,145938.0053,492.8608901,2,498.715086,285.4293016,951431.0053,0,"{""601288.SH"": 13700.0, ""601939.SH"": 8200.0}",-0.002439713965,-0.006175719307,-0.002426636867
2024-12-30,V46 tail_risk_pct_60 Top2,146221.8609,147006.0053,492.8608901,2,498.715086,285.4293016,951431.0053,0,"{""601288.SH"": 13700.0, ""601939.SH"": 8200.0}",0.007357709905,0,0.007318175947
2024-12-31,V46 tail_risk_pct_60 Top2,145728.8609,146513.0053,492.8608901,2,498.715086,285.4293016,951431.0053,0,"{""601288.SH"": 13700.0, ""601939.SH"": 8200.0}",-0.003371588879,-0.003371588879,-0.003353604494
2025-01-02,V46 tail_risk_pct_60 Top2,142170.8609,142955.0053,492.8608901,2,498.715086,285.4293016,951431.0053,0,"{""601288.SH"": 13700.0, ""601939.SH"": 8200.0}",-0.02441520491,-0.02770447576,-0.0242845336
2025-01-03,V46 tail_risk_pct_60 Top2,140501.8609,141286.0053,492.8608901,2,498.715086,285.4293016,951431.0053,0,"{""601288.SH"": 13700.0, ""601939.SH"": 8200.0}",-0.01173939575,-0.0391186377,-0.01167500219
2025-01-06,V46 tail_risk_pct_60 Top2,141131.8609,141916.0053,492.8608901,2,498.715086,285.4293016,951431.0053,0,"{""601288.SH"": 13700.0, ""601939.SH"": 8200.0}",0.004483926377,-0.03481011641,0.004459040361
2025-01-07,V46 tail_risk_pct_60 Top2,143484.8609,144269.0053,492.8608901,2,498.715086,285.4293016,951431.0053,0,"{""601288.SH"": 13700.0, ""601939.SH"": 8200.0}",0.01667235155,-0.01871813136,0.01658022994
2025-01-08,V46 tail_risk_pct_60 Top2,145602.6223,146386.7667,492.8608901,2,498.715086,285.4293016,951431.0053,0,"{""601288.SH"": 14019.6451, ""601939.SH"": 8200.0}",0.01475947615,-0.004234925026,0.01467925406
2025-01-09,V46 tail_risk_pct_60 Top2,144385.8365,145169.9809,492.8608901,2,498.715086,285.4293016,951431.0053,0,"{""601288.SH"": 14019.6451, ""601939.SH"": 8200.0}",-0.008356894836,-0.01255642904,-0.008312129777
2025-01-10,V46 tail_risk_pct_60 Top2,142902.8787,143687.023,492.8608901,2,498.715086,285.4293016,951431.0053,0,"{""601288.SH"": 14019.6451, ""601939.SH"": 8391.6956}",-0.01027079834,-0.02269826283,-0.01021532
2025-01-13,V46 tail_risk_pct_60 Top2,140578.8322,141362.9766,492.8608901,2,498.715086,285.4293016,951431.0053,0,"{""601288.SH"": 14019.6451, ""601939.SH"": 8391.6956}",-0.01626311852,-0.03859223681,-0.01617436567
2025-01-14,V46 tail_risk_pct_60 Top2,141110.976,141895.1204,492.8608901,2,498.715086,285.4293016,951431.0053,0,"{""601288.SH"": 14019.6451, ""601939.SH"": 8391.6956}",0.003785376229,-0.03495294672,0.003764378641
2025-01-15,V46 tail_risk_pct_60 Top2,141391.3689,142175.5133,492.8608901,2,498.715086,285.4293016,951431.0053,0,"{""601288.SH"": 14019.6451, ""601939.SH"": 8391.6956}",0.00198703821,-0.03303536135,0.001976057389
2025-01-16,V46 tail_risk_pct_60 Top2,142986.7956,143770.94,492.8608901,2,498.715086,285.4293016,951431.0053,0,"{""601288.SH"": 14019.6451, ""601939.SH"": 8391.6956}",0.0112837633,-0.02212436125,0.01122152966
2025-01-17,V46 tail_risk_pct_60 Top2,141278.8099,142062.9543,492.8608901,2,498.715086,285.4293016,951431.0053,0,"{""601288.SH"": 14019.6451, ""601939.SH"": 8391.6956}",-0.01194505912,-0.03380514357,-0.0118799093
2025-01-20,V46 tail_risk_pct_60 Top2,140298.4393,141082.5837,492.8608901,2,498.715086,285.4293016,951431.0053,0,"{""601288.SH"": 14019.6451, ""601939.SH"": 8391.6956}",-0.006939261337,-0.04050982218,-0.006900958721
2025-01-21,V46 tail_risk_pct_60 Top2,140130.6054,140914.7498,492.8608901,2,498.715086,285.4293016,951431.0053,0,"{""601288.SH"": 14019.6451, ""601939.SH"": 8391.6956}",-0.001196263574,-0.04165762533,-0.001189614678
2025-01-22,V46 tail_risk_pct_60 Top2,138169.8642,138954.0086,492.8608901,2,498.715086,285.4293016,951431.0053,0,"{""601288.SH"": 14019.6451, ""601939.SH"": 8391.6956}",-0.01399224074,-0.05506698255,-0.01391437851
2025-01-23,V46 tail_risk_pct_60 Top2,142258.1759,143042.3203,492.8608901,2,498.715086,285.4293016,951431.0053,0,"{""601288.SH"": 14019.6451, ""601939.SH"": 8391.6956}",0.02958902578,-0.02710733514,0.02942204918
2025-01-24,V46 tail_risk_pct_60 Top2,141726.0321,142510.1765,492.8608901,2,498.715086,285.4293016,951431.0053,0,"{""601288.SH"": 14019.6451, ""601939.SH"": 8391.6956}",-0.003740690237,-0.03074662523,-0.003720184129
2025-01-27,V46 tail_risk_pct_60 Top2,144499.31,145283.4544,492.8608901,2,498.715086,285.4293016,951431.0053,0,"{""601288.SH"": 14019.6451, ""601939.SH"": 8391.6956}",0.01956787892,-0.01178039255,0.01946020912
2025-02-05,V46 tail_risk_pct_60 Top2,141614.4777,142398.6221,492.8608901,2,498.715086,285.4293016,951431.0053,0,"{""601288.SH"": 14019.6451, ""601939.SH"": 8391.6956}",-0.0199643324,-0.03150953727,-0.01985657808
2025-02-06,V46 tail_risk_pct_60 Top2,141296.3643,142195.0935,147.3531934,2,570.8357839,327.8934247,1092978.082,-2.910383046e-11,"{""601288.SH"": 14019.6451, ""601988.SH"": 13300.0}",-0.002246334216,-0.03368509054,-0.001429287887
2025-02-07,V46 tail_risk_pct_60 Top2,140749.9714,141648.7006,147.3531934,2,570.8357839,327.8934247,1092978.082,0,"{""601288.SH"": 14019.6451, ""601988.SH"": 13300.0}",-0.003866999012,-0.03742182934,-0.00384255805
2025-02-10,V46 tail_risk_pct_60 Top2,140616.9714,141515.7006,147.3531934,2,570.8357839,327.8934247,1092978.082,0,"{""601288.SH"": 14019.6451, ""601988.SH"": 13300.0}",-0.0009449380253,-0.03833140605,-0.0009389426056
2025-02-11,V46 tail_risk_pct_60 Top2,143341.7394,144240.4686,147.3531934,2,570.8357839,327.8934247,1092978.082,0,"{""601288.SH"": 14019.6451, ""601988.SH"": 13300.0}",0.01937723469,-0.01969692802,0.01925417493
2025-02-12,V46 tail_risk_pct_60 Top2,144028.3288,144927.058,147.3531934,2,570.8357839,327.8934247,1092978.082,0,"{""601288.SH"": 14019.6451, ""601988.SH"": 13300.0}",0.004789877355,-0.01500139653,0.00476003273
2025-02-13,V46 tail_risk_pct_60 Top2,144441.7217,145340.4509,147.3531934,2,570.8357839,327.8934247,1092978.082,0,"{""601288.SH"": 14019.6451, ""601988.SH"": 13300.0}",0.002870219384,-0.01217423445,0.00285242043
2025-02-14,V46 tail_risk_pct_60 Top2,145142.7039,146041.4331,147.3531934,2,570.8357839,327.8934247,1092978.082,0,"{""601288.SH"": 14019.6451, ""601988.SH"": 13300.0}",0.004853045537,-0.007380271025,0.004823036178
2025-02-17,V46 tail_risk_pct_60 Top2,145962.2933,146861.0225,147.3531934,2,570.8357839,327.8934247,1092978.082,-2.910383046e-11,"{""601288.SH"": 14019.6451, ""601988.SH"": 13300.0}",0.00564678299,-0.001775162824,0.005612033065
2025-02-18,V46 tail_risk_pct_60 Top2,148259.2755,149158.0047,147.3531934,2,570.8357839,327.8934247,1092978.082,0,"{""601288.SH"": 14019.6451, ""601988.SH"": 13300.0}",0.01573681943,0,0.01564051655
2025-02-19,V46 tail_risk_pct_60 Top2,147299.4897,148198.2189,147.3531934,2,570.8357839,327.8934247,1092978.082,0,"{""601288.SH"": 14019.6451, ""601988.SH"": 13300.0}",-0.00647369818,-0.00647369818,-0.006434691882
2025-02-20,V46 tail_risk_pct_60 Top2,147845.8826,148744.6118,147.3531934,2,570.8357839,327.8934247,1092978.082,0,"{""601288.SH"": 14019.6451, ""601988.SH"": 13300.0}",0.003709401181,-0.002788310543,0.00368690599
2025-02-21,V46 tail_risk_pct_60 Top2,145387.1146,146285.8438,147.3531934,2,570.8357839,327.8934247,1092978.082,0,"{""601288.SH"": 14019.6451, ""601988.SH"": 13300.0}",-0.01663061569,-0.01937255491,-0.01653013191
2025-02-24,V46 tail_risk_pct_60 Top2,144161.3288,145060.058,147.3531934,2,570.8357839,327.8934247,1092978.082,0,"{""601288.SH"": 14019.6451, ""601988.SH"": 13300.0}",-0.008431185981,-0.02764040728,-0.008379387714
2025-02-25,V46 tail_risk_pct_60 Top2,143075.7394,143974.4686,147.3531934,2,570.8357839,327.8934247,1092978.082,0,"{""601288.SH"": 14019.6451, ""601988.SH"": 13300.0}",-0.007530378368,-0.03496264292,-0.007483723409
2025-02-26,V46 tail_risk_pct_60 Top2,143880.9359,144779.6651,147.3531934,2,570.8357839,327.8934247,1092978.082,0,"{""601288.SH"": 14019.6451, ""601988.SH"": 13300.0}",0.005627763685,-0.02953164073,0.005592633598
2025-02-27,V46 tail_risk_pct_60 Top2,144707.7217,145606.4509,147.3531934,2,570.8357839,327.8934247,1092978.082,0,"{""601288.SH"": 14019.6451, ""601988.SH"": 13300.0}",0.005746319324,-0.02395501964,0.005710648672
2025-02-28,V46 tail_risk_pct_60 Top2,143888.1323,144786.8615,147.3531934,2,570.8357839,327.8934247,1092978.082,-2.910383046e-11,"{""601288.SH"": 14019.6451, ""601988.SH"": 13300.0}",-0.005663756862,-0.02948310109,-0.005628798358
2025-03-03,V46 tail_risk_pct_60 Top2,143873.7394,144772.4686,147.3531934,2,570.8357839,327.8934247,1092978.082,0,"{""601288.SH"": 14019.6451, ""601988.SH"": 13300.0}",-0.00010002841,-0.02958018036,-9.940750795e-05
2025-03-04,V46 tail_risk_pct_60 Top2,142921.1501,143819.8793,147.3531934,2,570.8357839,327.8934247,1092978.082,0,"{""601288.SH"": 14019.6451, ""601988.SH"": 13300.0}",-0.006621009195,-0.03600533891,-0.006579906806
2025-03-05,V46 tail_risk_pct_60 Top2,145239.7217,146138.4509,147.3531934,2,570.8357839,327.8934247,1092978.082,0,"{""601288.SH"": 14019.6451, ""601988.SH"": 13300.0}",0.01622273263,-0.02036671126,0.01612135691
2025-03-06,V46 tail_risk_pct_60 Top2,144139.7394,145038.4686,147.3531934,2,570.8357839,327.8934247,1092978.082,0,"{""601288.SH"": 14019.6451, ""601988.SH"": 13300.0}",-0.007573563486,-0.02778602617,-0.007526987224
2025-03-07,V46 tail_risk_pct_60 Top2,143600.543,144499.2722,147.3531934,2,570.8357839,327.8934247,1092978.082,-2.910383046e-11,"{""601288.SH"": 14019.6451, ""601988.SH"": 13300.0}",-0.003740789686,-0.03142287418,-0.003717609925
2025-03-10,V46 tail_risk_pct_60 Top2,142507.7572,143406.4864,147.3531934,2,570.8357839,327.8934247,1092978.082,0,"{""601288.SH"": 14019.6451, ""601988.SH"": 13300.0}",-0.00760990021,-0.03879364945,-0.007562569594
2025-03-11,V46 tail_risk_pct_60 Top2,143194.3465,144093.0757,147.3531934,2,570.8357839,327.8934247,1092978.082,0,"{""601288.SH"": 14019.6451, ""601988.SH"": 13300.0}",0.00481790862,-0.03416264509,0.004787714761
2025-03-12,V46 tail_risk_pct_60 Top2,141835.5607,142734.2899,147.3531934,2,570.8357839,327.8934247,1092978.082,0,"{""601288.SH"": 14019.6451, ""601988.SH"": 13300.0}",-0.009489102295,-0.04332757455,-0.009429917401
2025-03-13,V46 tail_risk_pct_60 Top2,142256.1501,143154.8793,147.3531934,2,570.8357839,327.8934247,1092978.082,0,"{""601288.SH"": 14019.6451, ""601988.SH"": 13300.0}",0.002965330764,-0.04049072437,0.002946659502
2025-03-14,V46 tail_risk_pct_60 Top2,142795.3465,143694.0757,147.3531934,2,570.8357839,327.8934247,1092978.082,0,"{""601288.SH"": 14019.6451, ""601988.SH"": 13300.0}",0.003790320842,-0.03685387637,0.003766525132
2025-03-17,V46 tail_risk_pct_60 Top2,143489.1323,144387.8615,147.3531934,2,570.8357839,327.8934247,1092978.082,-2.910383046e-11,"{""601288.SH"": 14019.6451, ""601988.SH"": 13300.0}",0.004858602322,-0.03217433238,0.004828214376
2025-03-18,V46 tail_risk_pct_60 Top2,143348.9359,144247.6651,147.3531934,2,570.8357839,327.8934247,1092978.082,0,"{""601288.SH"": 14019.6451, ""601988.SH"": 13300.0}",-0.0009770527445,-0.0331199491,-0.0009709711679
2025-03-19,V46 tail_risk_pct_60 Top2,144847.9181,145746.6473,147.3531934,2,570.8357839,327.8934247,1092978.082,0,"{""601288.SH"": 14019.6451, ""601988.SH"": 13300.0}",0.01045687743,-0.02300940291,0.01039172628
2025-03-20,V46 tail_risk_pct_60 Top2,144294.3288,145193.058,147.3531934,2,570.8357839,327.8934247,1092978.082,0,"{""601288.SH"": 14019.6451, ""601988.SH"": 13300.0}",-0.003821866126,-0.02674333018,-0.003798299047
2025-03-21,V46 tail_risk_pct_60 Top2,142795.3465,143694.0757,147.3531934,2,570.8357839,327.8934247,1092978.082,0,"{""601288.SH"": 14019.6451, ""601988.SH"": 13300.0}",-0.01038836568,-0.03685387637,-0.01032406283
2025-03-24,V46 tail_risk_pct_60 Top2,144028.3288,144927.058,147.3531934,2,570.8357839,327.8934247,1092978.082,0,"{""601288.SH"": 14019.6451, ""601988.SH"": 13300.0}",0.00863461088,-0.02853748437,0.00858060603
2025-03-25,V46 tail_risk_pct_60 Top2,145512.9181,146411.6473,147.3531934,2,570.8357839,327.8934247,1092978.082,0,"{""601288.SH"": 14019.6451, ""601988.SH"": 13300.0}",0.01030762048,-0.01852401745,0.01024370033
2025-03-26,V46 tail_risk_pct_60 Top2,145232.5252,146131.2544,147.3531934,2,570.8357839,327.8934247,1092978.082,-2.910383046e-11,"{""601288.SH"": 14019.6451, ""601988.SH"": 13300.0}",-0.001926927895,-0.0204152509,-0.001915099695
2025-03-27,V46 tail_risk_pct_60 Top2,145897.5252,146796.2544,147.3531934,2,570.8357839,327.8934247,1092978.082,-2.910383046e-11,"{""601288.SH"": 14019.6451, ""601988.SH"": 13300.0}",0.004578864128,-0.01592986543,0.004550703425
2025-03-28,V46 tail_risk_pct_60 Top2,144797.543,145696.2722,147.3531934,2,570.8357839,327.8934247,1092978.082,-2.910383046e-11,"{""601288.SH"": 14019.6451, ""601988.SH"": 13300.0}",-0.0075394168,-0.02334918033,-0.007493258305
2025-03-31,V46 tail_risk_pct_60 Top2,147249.1146,148147.8438,147.3531934,2,570.8357839,327.8934247,1092978.082,0,"{""601288.SH"": 14019.6451, ""601988.SH"": 13300.0}",0.01693103042,-0.006813475598,0.01682659115
2025-04-01,V46 tail_risk_pct_60 Top2,145484.1323,146382.8615,147.3531934,2,570.8357839,327.8934247,1092978.082,-2.910383046e-11,"{""601288.SH"": 14019.6451, ""601988.SH"": 13300.0}",-0.01198636921,-0.01871817597,-0.01191365468
2025-04-02,V46 tail_risk_pct_60 Top2,147057.1621,148077.6651,478.162118,2,649.3469631,371.1559995,1237186.665,0,"{""601939.SH"": 8300.0, ""601988.SH"": 13200.0}",0.0108123805,-0.008108183511,0.01157788235
2025-04-03,V46 tail_risk_pct_60 Top2,149226.1621,150246.6651,478.162118,2,649.3469631,371.1559995,1237186.665,0,"{""601939.SH"": 8300.0, ""601988.SH"": 13200.0}",0.01474936663,0,0.01464771881
2025-04-07,V46 tail_risk_pct_60 Top2,145990.1621,147010.6651,478.162118,2,649.3469631,371.1559995,1237186.665,0,"{""601939.SH"": 8300.0, ""601988.SH"": 13200.0}",-0.02168520556,-0.02168520556,-0.02153791566
2025-04-08,V46 tail_risk_pct_60 Top2,147133.1621,148153.6651,478.162118,2,649.3469631,371.1559995,1237186.665,0,"{""601939.SH"": 8300.0, ""601988.SH"": 13200.0}",0.007829294683,-0.01402569074,0.00777494612
2025-04-09,V46 tail_risk_pct_60 Top2,144930.1621,145950.6651,478.162118,2,649.3469631,371.1559995,1237186.665,0,"{""601939.SH"": 8300.0, ""601988.SH"": 13200.0}",-0.0149728312,-0.02878851764,-0.01486969626
2025-04-10,V46 tail_risk_pct_60 Top2,144036.1621,145056.6651,478.162118,2,649.3469631,371.1559995,1237186.665,0,"{""601939.SH"": 8300.0, ""601988.SH"": 13200.0}",-0.006168488236,-0.03477942424,-0.006125357493
2025-04-11,V46 tail_risk_pct_60 Top2,144979.1621,145999.6651,478.162118,2,649.3469631,371.1559995,1237186.665,0,"{""601939.SH"": 8300.0, ""601988.SH"": 13200.0}",0.006546966999,-0.02846015698,0.006500907762
2025-04-14,V46 tail_risk_pct_60 Top2,146933.1621,147953.6651,478.162118,2,649.3469631,371.1559995,1237186.665,0,"{""601939.SH"": 8300.0, ""601988.SH"": 13200.0}",0.01347779896,-0.0153659383,0.01338359235
2025-04-15,V46 tail_risk_pct_60 Top2,148668.1621,149688.6651,478.162118,2,649.3469631,371.1559995,1237186.665,0,"{""601939.SH"": 8300.0, ""601988.SH"": 13200.0}",0.01180808998,-0.003739290699,0.01172664428
2025-04-16,V46 tail_risk_pct_60 Top2,150471.1621,151491.6651,478.162118,2,649.3469631,371.1559995,1237186.665,0,"{""601939.SH"": 8300.0, ""601988.SH"": 13200.0}",0.0121276807,0,0.01204500019
2025-04-17,V46 tail_risk_pct_60 Top2,150554.1621,151574.6651,478.162118,2,649.3469631,371.1559995,1237186.665,0,"{""601939.SH"": 8300.0, ""601988.SH"": 13200.0}",0.0005516007109,0,0.0005478849279
2025-04-18,V46 tail_risk_pct_60 Top2,151980.1621,153000.6651,478.162118,2,649.3469631,371.1559995,1237186.665,0,"{""601939.SH"": 8300.0, ""601988.SH"": 13200.0}",0.009471674379,0,0.009407904674
2025-04-21,V46 tail_risk_pct_60 Top2,150158.1621,151178.6651,478.162118,2,649.3469631,371.1559995,1237186.665,0,"{""601939.SH"": 8300.0, ""601988.SH"": 13200.0}",-0.01198840674,-0.01198840674,-0.01190844497
2025-04-22,V46 tail_risk_pct_60 Top2,152391.1621,153411.6651,478.162118,2,649.3469631,371.1559995,1237186.665,0,"{""601939.SH"": 8300.0, ""601988.SH"": 13200.0}",0.01487098649,0,0.01477060271
2025-04-23,V46 tail_risk_pct_60 Top2,151546.1621,152566.6651,478.162118,2,649.3469631,371.1559995,1237186.665,0,"{""601939.SH"": 8300.0, ""601988.SH"": 13200.0}",-0.005544940981,-0.005544940981,-0.005508055724
2025-04-24,V46 tail_risk_pct_60 Top2,154375.1621,155395.6651,478.162118,2,649.3469631,371.1559995,1237186.665,0,"{""601939.SH"": 8300.0, ""601988.SH"": 13200.0}",0.01866757931,0,0.01854271376
2025-04-25,V46 tail_risk_pct_60 Top2,153204.2088,154224.7118,478.162118,2,649.3469631,371.1559995,1237186.665,0,"{""601939.SH"": 8300.0, ""601988.SH"": 13477.5701}",-0.007585114438,-0.007585114438,-0.007535302033
2025-04-28,V46 tail_risk_pct_60 Top2,155372.0874,156392.5903,478.162118,2,649.3469631,371.1559995,1237186.665,0,"{""601939.SH"": 8300.0, ""601988.SH"": 13477.5701}",0.01415025423,0,0.01405662218
2025-04-29,V46 tail_risk_pct_60 Top2,154988.3117,156008.8146,478.162118,2,649.3469631,371.1559995,1237186.665,0,"{""601939.SH"": 8300.0, ""601988.SH"": 13477.5701}",-0.002470042769,-0.002470042769,-0.002453925088
2025-04-30,V46 tail_risk_pct_60 Top2,150207.1247,151227.6277,478.162118,2,649.3469631,371.1559995,1237186.665,0,"{""601939.SH"": 8300.0, ""601988.SH"": 13477.5701}",-0.03084869346,-0.03324253864,-0.03064690241
2025-05-06,V46 tail_risk_pct_60 Top2,149585.0219,150605.5249,478.162118,2,649.3469631,371.1559995,1237186.665,0,"{""601939.SH"": 8300.0, ""601988.SH"": 13477.5701}",-0.004141633127,-0.03724649336,-0.004113684868
2025-05-07,V46 tail_risk_pct_60 Top2,152190.769,153331.852,233.7690256,2,725.2521154,415.8308556,1386102.852,0,"{""601288.SH"": 13800.0, ""601939.SH"": 8300.0}",0.01741983964,-0.02047548167,0.01810243751
2025-05-08,V46 tail_risk_pct_60 Top2,152578.769,153719.852,233.7690256,2,725.2521154,415.8308556,1386102.852,0,"{""601288.SH"": 13800.0, ""601939.SH"": 8300.0}",0.002549431891,-0.01797825062,0.002530459229
2025-05-09,V46 tail_risk_pct_60 Top2,154734.9691,155876.0521,233.7690256,2,725.2521154,415.8308556,1386102.852,0,"{""601288.SH"": 13800.0, ""601939.SH"": 8491.6883}",0.01413171776,-0.004100596422,0.01402681614
2025-05-12,V46 tail_risk_pct_60 Top2,154278.5509,155419.6339,233.7690256,2,725.2521154,415.8308556,1386102.852,0,"{""601288.SH"": 13800.0, ""601939.SH"": 8491.6883}",-0.00294967702,-0.007038178007,-0.002928084054
2025-05-13,V46 tail_risk_pct_60 Top2,156560.8029,157701.8859,233.7690256,2,725.2521154,415.8308556,1386102.852,-2.910383046e-11,"{""601288.SH"": 13800.0, ""601939.SH"": 8491.6883}",0.01479306057,0,0.01468445068
2025-05-14,V46 tail_risk_pct_60 Top2,156613.886,157754.969,233.7690256,2,725.2521154,415.8308556,1386102.852,0,"{""601288.SH"": 13800.0, ""601939.SH"": 8491.6883}",0.000339057515,0,0.0003366041977
2025-05-15,V46 tail_risk_pct_60 Top2,156720.0522,157861.1352,233.7690256,2,725.2521154,415.8308556,1386102.852,-2.910383046e-11,"{""601288.SH"": 13800.0, ""601939.SH"": 8491.6883}",0.0006778851879,0,0.000672981867
2025-05-16,V46 tail_risk_pct_60 Top2,155329.4678,156470.5508,233.7690256,2,725.2521154,415.8308556,1386102.852,0,"{""601288.SH"": 13800.0, ""601939.SH"": 8491.6883}",-0.008873047171,-0.008873047171,-0.008808909262
2025-05-19,V46 tail_risk_pct_60 Top2,154745.6341,155886.717,233.7690256,2,725.2521154,415.8308556,1386102.852,0,"{""601288.SH"": 13800.0, ""601939.SH"": 8491.6883}",-0.003758680015,-0.01259837624,-0.003731269325
2025-05-20,V46 tail_risk_pct_60 Top2,154883.6341,156024.717,233.7690256,2,725.2521154,415.8308556,1386102.852,0,"{""601288.SH"": 13800.0, ""601939.SH"": 8491.6883}",0.0008917860645,-0.01171782523,0.0008852582351
2025-05-21,V46 tail_risk_pct_60 Top2,155106.5509,156247.6339,233.7690256,2,725.2521154,415.8308556,1386102.852,0,"{""601288.SH"": 13800.0, ""601939.SH"": 8491.6883}",0.001439253957,-0.0102954362,0.001428728008
2025-05-22,V46 tail_risk_pct_60 Top2,155520.5509,156661.6339,233.7690256,2,725.2521154,415.8308556,1386102.852,0,"{""601288.SH"": 13800.0, ""601939.SH"": 8491.6883}",0.002669132912,-0.007653783177,0.002649640123
2025-05-23,V46 tail_risk_pct_60 Top2,153790.299,154931.382,233.7690256,2,725.2521154,415.8308556,1386102.852,0,"{""601288.SH"": 13800.0, ""601939.SH"": 8491.6883}",-0.01112555182,-0.01869418244,-0.01104451617
2025-05-26,V46 tail_risk_pct_60 Top2,152898.6315,154039.7144,233.7690256,2,725.2521154,415.8308556,1386102.852,0,"{""601288.SH"": 13800.0, ""601939.SH"": 8491.6883}",-0.005797943945,-0.02438373856,-0.005755241589
2025-05-27,V46 tail_risk_pct_60 Top2,153567.3821,154708.4651,233.7690256,2,725.2521154,415.8308556,1386102.852,-2.910383046e-11,"{""601288.SH"": 13800.0, ""601939.SH"": 8491.6883}",0.004373817105,-0.02011657147,0.004341417096
2025-05-28,V46 tail_risk_pct_60 Top2,153259.5483,154400.6313,233.7690256,2,725.2521154,415.8308556,1386102.852,0,"{""601288.SH"": 13800.0, ""601939.SH"": 8491.6883}",-0.002004551762,-0.02208079852,-0.001989766793
2025-05-29,V46 tail_risk_pct_60 Top2,152781.8808,153922.9638,233.7690256,2,725.2521154,415.8308556,1386102.852,0,"{""601288.SH"": 13800.0, ""601939.SH"": 8491.6883}",-0.003116722828,-0.02512870162,-0.003093688988
2025-05-30,V46 tail_risk_pct_60 Top2,153227.7146,154368.7975,233.7690256,2,725.2521154,415.8308556,1386102.852,0,"{""601288.SH"": 13800.0, ""601939.SH"": 8491.6883}",0.002918106284,-0.02228392356,0.002896473375
2025-06-03,V46 tail_risk_pct_60 Top2,154034.4652,155175.5482,233.7690256,2,725.2521154,415.8308556,1386102.852,0,"{""601288.SH"": 13800.0, ""601939.SH"": 8491.6883}",0.005265043937,-0.01713620546,0.005226125114
2025-06-04,V46 tail_risk_pct_60 Top2,153609.8808,154750.9638,233.7690256,2,725.2521154,415.8308556,1386102.852,0,"{""601288.SH"": 13800.0, ""601939.SH"": 8491.6883}",-0.002756424775,-0.01984539557,-0.002736155413
2025-06-05,V46 tail_risk_pct_60 Top2,153524.9639,154666.0469,233.7690256,2,725.2521154,415.8308556,1386102.852,-2.910383046e-11,"{""601288.SH"": 13800.0, ""601939.SH"": 8491.6883}",-0.0005528087306,-0.0203872336,-0.0005487324999
2025-06-06,V46 tail_risk_pct_60 Top2,154076.9639,155218.0469,233.7690256,2,725.2521154,415.8308556,1386102.852,-2.910383046e-11,"{""601288.SH"": 13800.0, ""601939.SH"": 8491.6883}",0.003595506463,-0.01686502956,0.003568979819
2025-06-09,V46 tail_risk_pct_60 Top2,153461.2964,154602.3794,233.7690256,2,725.2521154,415.8308556,1386102.852,0,"{""601288.SH"": 13800.0, ""601939.SH"": 8491.6883}",-0.003995844137,-0.02079348367,-0.003966468753
2025-06-10,V46 tail_risk_pct_60 Top2,153960.2133,155101.2963,233.7690256,2,725.2521154,415.8308556,1386102.852,0,"{""601288.SH"": 13800.0, ""601939.SH"": 8491.6883}",0.003251092588,-0.01760999262,0.003227097055
2025-06-11,V46 tail_risk_pct_60 Top2,153535.6289,154676.7118,233.7690256,2,725.2521154,415.8308556,1386102.852,0,"{""601288.SH"": 13800.0, ""601939.SH"": 8491.6883}",-0.002757754144,-0.02031918274,-0.002737465298
2025-06-12,V46 tail_risk_pct_60 Top2,153418.8782,154559.9612,233.7690256,2,725.2521154,415.8308556,1386102.852,0,"{""601288.SH"": 13800.0, ""601939.SH"": 8491.6883}",-0.000760414052,-0.0210641458,-0.000754804316
2025-06-13,V46 tail_risk_pct_60 Top2,152750.1276,153891.2105,233.7690256,2,725.2521154,415.8308556,1386102.852,0,"{""601288.SH"": 13800.0, ""601939.SH"": 8491.6883}",-0.004358985396,-0.02533131289,-0.004326803944
2025-06-16,V46 tail_risk_pct_60 Top2,154352.9639,155494.0469,233.7690256,2,725.2521154,415.8308556,1386102.852,-2.910383046e-11,"{""601288.SH"": 13800.0, ""601939.SH"": 8491.6883}",0.01049319166,-0.01510392755,0.01041538604
2025-06-17,V46 tail_risk_pct_60 Top2,154660.7977,155801.8807,233.7690256,2,725.2521154,415.8308556,1386102.852,0,"{""601288.SH"": 13800.0, ""601939.SH"": 8491.6883}",0.001994349565,-0.01313970049,0.00197971416
2025-06-18,V46 tail_risk_pct_60 Top2,157601.1354,158742.2183,233.7690256,2,725.2521154,415.8308556,1386102.852,0,"{""601288.SH"": 13800.0, ""601939.SH"": 8491.6883}",0.01901152528,0,0.01887228609
2025-06-19,V46 tail_risk_pct_60 Top2,157739.1354,158880.2183,233.7690256,2,725.2521154,415.8308556,1386102.852,0,"{""601288.SH"": 13800.0, ""601939.SH"": 8491.6883}",0.0008756282097,0,0.0008693339519
2025-06-20,V46 tail_risk_pct_60 Top2,158917.3873,160058.4703,233.7690256,2,725.2521154,415.8308556,1386102.852,0,"{""601288.SH"": 13800.0, ""601939.SH"": 8491.6883}",0.007469623479,0,0.007415976397
2025-06-23,V46 tail_risk_pct_60 Top2,161762.2237,162903.3066,233.7690256,2,725.2521154,415.8308556,1386102.852,0,"{""601288.SH"": 13800.0, ""601939.SH"": 8491.6883}",0.01790135374,0,0.01777373206
2025-06-24,V46 tail_risk_pct_60 Top2,162982.9743,164124.0573,233.7690256,2,725.2521154,415.8308556,1386102.852,0,"{""601288.SH"": 13800.0, ""601939.SH"": 8491.6883}",0.007546574361,0,0.007493713141
2025-06-25,V46 tail_risk_pct_60 Top2,164405.3925,165546.4755,233.7690256,2,725.2521154,415.8308556,1386102.852,0,"{""601288.SH"": 13800.0, ""601939.SH"": 8491.6883}",0.008727403512,0,0.008666725683
2025-06-26,V46 tail_risk_pct_60 Top2,165403.2263,166544.3092,233.7690256,2,725.2521154,415.8308556,1386102.852,0,"{""601288.SH"": 13800.0, ""601939.SH"": 8491.6883}",0.006069349376,0,0.00602751441
2025-06-27,V46 tail_risk_pct_60 Top2,160944.8886,162085.9716,233.7690256,2,725.2521154,415.8308556,1386102.852,0,"{""601288.SH"": 13800.0, ""601939.SH"": 8491.6883}",-0.02695435733,-0.02695435733,-0.0267696788
2025-06-30,V46 tail_risk_pct_60 Top2,161539.3068,162680.3898,233.7690256,2,725.2521154,415.8308556,1386102.852,0,"{""601288.SH"": 13800.0, ""601939.SH"": 8491.6883}",0.003693302644,-0.02336060529,0.003667301845
2025-07-01,V46 tail_risk_pct_60 Top2,164936.0626,166077.1456,233.7690256,2,725.2521154,415.8308556,1386102.852,0,"{""601288.SH"": 13800.0, ""601939.SH"": 8491.6883}",0.02102742617,-0.002824392519,0.02087993428
2025-07-02,V46 tail_risk_pct_60 Top2,165271.7048,166546.8131,257.7048433,2,809.6484544,465.4598439,1551532.813,0,"{""601288.SH"": 13800.0, ""601988.SH"": 14600.0}",0.002034983739,-0.0007951563721,0.00282800822
2025-07-03,V46 tail_risk_pct_60 Top2,164419.7048,165694.8131,257.7048433,2,809.6484544,465.4598439,1551532.813,0,"{""601288.SH"": 13800.0, ""601988.SH"": 14600.0}",-0.005155147403,-0.005946204627,-0.005115678793
2025-07-04,V46 tail_risk_pct_60 Top2,166691.7048,167966.8131,257.7048433,2,809.6484544,465.4598439,1551532.813,0,"{""601288.SH"": 13800.0, ""601988.SH"": 14600.0}",0.01381829509,0,0.01371195608
2025-07-07,V46 tail_risk_pct_60 Top2,167819.7048,169094.8131,257.7048433,2,809.6484544,465.4598439,1551532.813,0,"{""601288.SH"": 13800.0, ""601988.SH"": 14600.0}",0.006766983402,0,0.006715612322
2025-07-08,V46 tail_risk_pct_60 Top2,168079.7048,169354.8131,257.7048433,2,809.6484544,465.4598439,1551532.813,0,"{""601288.SH"": 13800.0, ""601988.SH"": 14600.0}",0.001549281714,0,0.001537598908
2025-07-09,V46 tail_risk_pct_60 Top2,170205.7048,171480.8131,257.7048433,2,809.6484544,465.4598439,1551532.813,0,"{""601288.SH"": 13800.0, ""601988.SH"": 14600.0}",0.01264876091,0,0.0125535257
2025-07-10,V46 tail_risk_pct_60 Top2,172307.7048,173582.8131,257.7048433,2,809.6484544,465.4598439,1551532.813,0,"{""601288.SH"": 13800.0, ""601988.SH"": 14600.0}",0.01234976232,0,0.01225793114
2025-07-11,V46 tail_risk_pct_60 Top2,170547.7048,171822.8131,257.7048433,2,809.6484544,465.4598439,1551532.813,0,"{""601288.SH"": 13800.0, ""601988.SH"": 14600.0}",-0.01021428497,-0.01021428497,-0.01013925266
2025-07-14,V46 tail_risk_pct_60 Top2,172251.7048,173526.8131,257.7048433,2,809.6484544,465.4598439,1551532.813,0,"{""601288.SH"": 13800.0, ""601988.SH"": 14600.0}",0.009991339383,-0.0003249999764,0.009917193002
2025-07-15,V46 tail_risk_pct_60 Top2,170831.7048,172106.8131,257.7048433,2,809.6484544,465.4598439,1551532.813,0,"{""601288.SH"": 13800.0, ""601988.SH"": 14600.0}",-0.008243750048,-0.008566070805,-0.008183173391
2025-07-16,V46 tail_risk_pct_60 Top2,170425.7048,171700.8131,257.7048433,2,809.6484544,465.4598439,1551532.813,0,"{""601288.SH"": 13800.0, ""601988.SH"": 14600.0}",-0.002376608021,-0.01092232063,-0.002359000162
2025-07-17,V46 tail_risk_pct_60 Top2,169417.6786,170692.7869,257.7048433,2,809.6484544,465.4598439,1551532.813,0,"{""601288.SH"": 14091.0234, ""601988.SH"": 14600.0}",-0.005914754874,-0.01677247266,-0.005870829904
2025-07-18,V46 tail_risk_pct_60 Top2,170977.8707,172252.979,257.7048433,2,809.6484544,465.4598439,1551532.813,0,"{""601288.SH"": 14091.0234, ""601988.SH"": 14600.0}",0.009209145842,-0.007717786963,0.009140351733
2025-07-21,V46 tail_risk_pct_60 Top2,169971.14,171246.2483,257.7048433,2,809.6484544,465.4598439,1551532.813,0,"{""601288.SH"": 14091.0234, ""601988.SH"": 14600.0}",-0.005888076038,-0.01356042008,-0.005844489363
2025-07-22,V46 tail_risk_pct_60 Top2,167680.9479,168956.0562,257.7048433,2,809.6484544,465.4598439,1551532.813,0,"{""601288.SH"": 14091.0234, ""601988.SH"": 14600.0}",-0.01347400571,-0.02685171261,-0.01337367757
2025-07-23,V46 tail_risk_pct_60 Top2,170524.6014,171799.7097,257.7048433,2,809.6484544,465.4598439,1551532.813,2.910383046e-11,"{""601288.SH"": 14091.0234, ""601988.SH"": 14600.0}",0.01695871566,-0.01034836751,0.01683072854
2025-07-24,V46 tail_risk_pct_60 Top2,168798.0502,170073.1585,257.7048433,2,809.6484544,465.4598439,1551532.813,2.910383046e-11,"{""601288.SH"": 14091.0234, ""601988.SH"": 14600.0}",-0.01012493891,-0.02036852984,-0.01004979098
2025-07-25,V46 tail_risk_pct_60 Top2,168078.2297,169353.338,257.7048433,2,809.6484544,465.4598439,1551532.813,0,"{""601288.SH"": 14091.0234, ""601988.SH"": 14600.0}",-0.004264388528,-0.02454605904,-0.004232416657
2025-07-28,V46 tail_risk_pct_60 Top2,168219.14,169494.2483,257.7048433,2,809.6484544,465.4598439,1551532.813,0,"{""601288.SH"": 14091.0234, ""601988.SH"": 14600.0}",0.0008383610101,-0.02372827649,0.0008320487573
2025-07-29,V46 tail_risk_pct_60 Top2,166930.5888,168205.6971,257.7048433,2,809.6484544,465.4598439,1551532.813,0,"{""601288.SH"": 14091.0234, ""601988.SH"": 14600.0}",-0.007659955773,-0.03120647471,-0.007602329787
2025-07-30,V46 tail_risk_pct_60 Top2,168782.7809,170057.8892,257.7048433,2,809.6484544,465.4598439,1551532.813,0,"{""601288.SH"": 14091.0234, ""601988.SH"": 14600.0}",0.01109558244,-0.02045714628,0.01101147073
2025-07-31,V46 tail_risk_pct_60 Top2,170061.1526,171336.2609,257.7048433,2,809.6484544,465.4598439,1551532.813,2.910383046e-11,"{""601288.SH"": 14091.0234, ""601988.SH"": 14600.0}",0.007574064335,-0.01303802569,0.007517273366
2025-08-01,V46 tail_risk_pct_60 Top2,170483.8833,171758.9916,257.7048433,2,809.6484544,465.4598439,1551532.813,0,"{""601288.SH"": 14091.0234, ""601988.SH"": 14600.0}",0.002485757018,-0.01058467804,0.002467257668
2025-08-04,V46 tail_risk_pct_60 Top2,171751.0618,173040.453,169.4219936,2,821.6267041,467.7644439,1559214.813,0,"{""601288.SH"": 13491.0234, ""601988.SH"": 15300.0}",0.007432834899,-0.003230517301,0.007460811193
2025-08-05,V46 tail_risk_pct_60 Top2,174845.7153,176135.1065,169.4219936,2,821.6267041,467.7644439,1559214.813,0,"{""601288.SH"": 13491.0234, ""601988.SH"": 15300.0}",0.01801824969,0,0.01788398877
2025-08-06,V46 tail_risk_pct_60 Top2,176077.9972,177367.3884,169.4219936,2,821.6267041,467.7644439,1559214.813,0,"{""601288.SH"": 13491.0234, ""601988.SH"": 15300.0}",0.007047824268,0,0.006996230907
2025-08-07,V46 tail_risk_pct_60 Top2,178210.1893,179499.5805,169.4219936,2,821.6267041,467.7644439,1559214.813,0,"{""601288.SH"": 13491.0234, ""601988.SH"": 15300.0}",0.01210936144,0,0.01202133115
2025-08-08,V46 tail_risk_pct_60 Top2,177445.1893,178734.5805,169.4219936,2,821.6267041,467.7644439,1559214.813,0,"{""601288.SH"": 13491.0234, ""601988.SH"": 15300.0}",-0.004292683841,-0.004292683841,-0.004261848401
2025-08-11,V46 tail_risk_pct_60 Top2,177084.92,178374.3112,169.4219936,2,821.6267041,467.7644439,1559214.813,0,"{""601288.SH"": 13491.0234, ""601988.SH"": 15300.0}",-0.002030313123,-0.006314281472,-0.002015666446
2025-08-12,V46 tail_risk_pct_60 Top2,179180.9326,180470.3238,169.4219936,2,821.6267041,467.7644439,1559214.813,0,"{""601288.SH"": 13491.0234, ""601988.SH"": 15300.0}",0.01183620028,0,0.01175064148
2025-08-13,V46 tail_risk_pct_60 Top2,177282.3814,178571.7726,169.4219936,2,821.6267041,467.7644439,1559214.813,0,"{""601288.SH"": 13491.0234, ""601988.SH"": 15300.0}",-0.01059572101,-0.01059572101,-0.01052001865
2025-08-14,V46 tail_risk_pct_60 Top2,178748.3042,180037.6954,169.4219936,2,821.6267041,467.7644439,1559214.813,0,"{""601288.SH"": 13491.0234, ""601988.SH"": 15300.0}",0.008268857863,-0.002414477659,0.008209151942
2025-08-15,V46 tail_risk_pct_60 Top2,175967.9326,177257.3238,169.4219936,2,821.6267041,467.7644439,1559214.813,0,"{""601288.SH"": 13491.0234, ""601988.SH"": 15300.0}",-0.01555467423,-0.01793159547,-0.01544327501
2025-08-18,V46 tail_risk_pct_60 Top2,177047.2145,178336.6056,169.4219936,2,821.6267041,467.7644439,1559214.813,0,"{""601288.SH"": 13491.0234, ""601988.SH"": 15300.0}",0.006133400897,-0.01190817624,0.0060887858
2025-08-19,V46 tail_risk_pct_60 Top2,179944.4066,181233.7977,169.4219936,2,821.6267041,467.7644439,1559214.813,0,"{""601288.SH"": 13491.0234, ""601988.SH"": 15300.0}",0.01636395195,0,0.01624563897
2025-08-20,V46 tail_risk_pct_60 Top2,182436.868,183726.2591,169.4219936,2,821.6267041,467.7644439,1559214.813,0,"{""601288.SH"": 13491.0234, ""601988.SH"": 15300.0}",0.01385128582,0,0.01375274059
2025-08-21,V46 tail_risk_pct_60 Top2,185072.5215,186361.9127,169.4219936,2,821.6267041,467.7644439,1559214.813,0,"{""601288.SH"": 13491.0234, ""601988.SH"": 15300.0}",0.01444693469,0,0.01434554608
2025-08-22,V46 tail_risk_pct_60 Top2,185863.8932,187153.2843,169.4219936,2,821.6267041,467.7644439,1559214.813,0,"{""601288.SH"": 13491.0234, ""601988.SH"": 15300.0}",0.004276008317,0,0.004246423692
2025-08-25,V46 tail_risk_pct_60 Top2,185018.2522,186307.6434,169.4219936,2,821.6267041,467.7644439,1559214.813,0,"{""601288.SH"": 13491.0234, ""601988.SH"": 15300.0}",-0.004549785994,-0.004549785994,-0.004518440278
2025-08-26,V46 tail_risk_pct_60 Top2,184982.0727,186271.4638,169.4219936,2,821.6267041,467.7644439,1559214.813,0,"{""601288.SH"": 13491.0234, ""601988.SH"": 15300.0}",-0.0001955457401,-0.004744442043,-0.0001941924142
2025-08-27,V46 tail_risk_pct_60 Top2,181005.5987,182294.9899,169.4219936,2,821.6267041,467.7644439,1559214.813,0,"{""601288.SH"": 13491.0234, ""601988.SH"": 15300.0}",-0.02149653709,-0.02613899006,-0.02134773574
2025-08-28,V46 tail_risk_pct_60 Top2,179485.4066,180774.7977,169.4219936,2,821.6267041,467.7644439,1559214.813,0,"{""601288.SH"": 13491.0234, ""601988.SH"": 15300.0}",-0.008398591652,-0.034318051,-0.008339187552
2025-08-29,V46 tail_risk_pct_60 Top2,179332.4066,180621.7977,169.4219936,2,821.6267041,467.7644439,1559214.813,0,"{""601288.SH"": 13491.0234, ""601988.SH"": 15300.0}",-0.0008524369914,-0.03514123402,-0.0008463569143
2025-09-01,V46 tail_risk_pct_60 Top2,179737.1373,181026.5284,169.4219936,2,821.6267041,467.7644439,1559214.813,0,"{""601288.SH"": 13491.0234, ""601988.SH"": 15300.0}",0.002256874321,-0.03296366905,0.002240763344
2025-09-02,V46 tail_risk_pct_60 Top2,183785.4451,185223.2717,220.9865567,2,916.495941,521.3306439,1737768.813,0,"{""601288.SH"": 12791.0234, ""601398.SH"": 12100.0}",0.02252349129,-0.01118263467,0.02318302913
2025-09-03,V46 tail_risk_pct_60 Top2,181700.8042,183138.6308,220.9865567,2,916.495941,521.3306439,1737768.813,0,"{""601288.SH"": 12791.0234, ""601398.SH"": 12100.0}",-0.01134279668,-0.02239858901,-0.01125474633
2025-09-04,V46 tail_risk_pct_60 Top2,187643.4829,189081.3095,220.9865567,2,916.495941,521.3306439,1737768.813,0,"{""601288.SH"": 12791.0234, ""601398.SH"": 12100.0}",0.03270584685,0,0.03244907232
2025-09-05,V46 tail_risk_pct_60 Top2,183619.4577,185057.2843,220.9865567,2,916.495941,521.3306439,1737768.813,0,"{""601288.SH"": 12791.0234, ""601398.SH"": 12100.0}",-0.02144505685,-0.02144505685,-0.02128198271
2025-09-08,V46 tail_risk_pct_60 Top2,182623.8168,184061.6434,220.9865567,2,916.495941,521.3306439,1737768.813,0,"{""601288.SH"": 12791.0234, ""601398.SH"": 12100.0}",-0.005422306275,-0.02675108146,-0.005380176963
2025-09-09,V46 tail_risk_pct_60 Top2,183626.368,185064.1945,220.9865567,2,916.495941,521.3306439,1737768.813,0,"{""601288.SH"": 12791.0234, ""601398.SH"": 12100.0}",0.0054897066,-0.02140823045,0.00544682289
2025-09-10,V46 tail_risk_pct_60 Top2,183854.5475,185292.3741,220.9865567,2,916.495941,521.3306439,1737768.813,0,"{""601288.SH"": 12791.0234, ""601398.SH"": 12100.0}",0.001242629441,-0.02019220351,0.001232975031
2025-09-11,V46 tail_risk_pct_60 Top2,184210.6373,185648.4638,220.9865567,2,916.495941,521.3306439,1737768.813,0,"{""601288.SH"": 12791.0234, ""601398.SH"": 12100.0}",0.001936801512,-0.01829451028,0.001921772374
2025-09-12,V46 tail_risk_pct_60 Top2,183335.9963,184773.8229,220.9865567,2,916.495941,521.3306439,1737768.813,0,"{""601288.SH"": 12791.0234, ""601398.SH"": 12100.0}",-0.004748047946,-0.02295569502,-0.004711274846
2025-09-15,V46 tail_risk_pct_60 Top2,181707.7144,183145.541,220.9865567,2,916.495941,521.3306439,1737768.813,0,"{""601288.SH"": 12791.0234, ""601398.SH"": 12100.0}",-0.008881408499,-0.03163322461,-0.008812297382
2025-09-16,V46 tail_risk_pct_60 Top2,180414.7916,181852.6182,220.9865567,2,916.495941,521.3306439,1737768.813,0,"{""601288.SH"": 12791.0234, ""601398.SH"": 12100.0}",-0.007115398582,-0.03852354019,-0.007059537494
2025-09-17,V46 tail_risk_pct_60 Top2,179512.5097,180950.3363,220.9865567,2,916.495941,521.3306439,1737768.813,0,"{""601288.SH"": 12791.0234, ""601398.SH"": 12100.0}",-0.005001152442,-0.04333203054,-0.004961610587
2025-09-18,V46 tail_risk_pct_60 Top2,175025.2153,176463.0419,220.9865567,2,916.495941,521.3306439,1737768.813,0,"{""601288.SH"": 12791.0234, ""601398.SH"": 12100.0}",-0.0249971128,-0.06724596768,-0.0247984864
2025-09-19,V46 tail_risk_pct_60 Top2,172401.2925,173839.1191,220.9865567,2,916.495941,521.3306439,1737768.813,0,"{""601288.SH"": 12791.0234, ""601398.SH"": 12100.0}",-0.01499168454,-0.08122952188,-0.01486953181
2025-09-22,V46 tail_risk_pct_60 Top2,170112.7287,171550.5553,220.9865567,2,916.495941,521.3306439,1737768.813,0,"{""601288.SH"": 12791.0234, ""601398.SH"": 12100.0}",-0.01327463222,-0.09342586207,-0.01316483749
2025-09-23,V46 tail_risk_pct_60 Top2,174821.2925,176259.1191,220.9865567,2,916.495941,521.3306439,1737768.813,0,"{""601288.SH"": 12791.0234, ""601398.SH"": 12100.0}",0.02767907955,-0.06833272439,0.02744709128
2025-09-24,V46 tail_risk_pct_60 Top2,174645.0106,176082.8372,220.9865567,2,916.495941,521.3306439,1737768.813,0,"{""601288.SH"": 12791.0234, ""601398.SH"": 12100.0}",-0.001008354722,-0.06927217549,-0.001000129109
2025-09-25,V46 tail_risk_pct_60 Top2,174067.6515,175505.4781,220.9865567,2,916.495941,521.3306439,1737768.813,0,"{""601288.SH"": 12791.0234, ""601398.SH"": 12100.0}",-0.003305900696,-0.07234906925,-0.003278905947
2025-09-26,V46 tail_risk_pct_60 Top2,174558.5618,175996.3884,220.9865567,2,916.495941,521.3306439,1737768.813,0,"{""601288.SH"": 12791.0234, ""601398.SH"": 12100.0}",0.002820226677,-0.06973288335,0.002797122003
2025-09-29,V46 tail_risk_pct_60 Top2,173590.5618,175028.3884,220.9865567,2,916.495941,521.3306439,1737768.813,0,"{""601288.SH"": 12791.0234, ""601398.SH"": 12100.0}",-0.005545416908,-0.07489160235,-0.005500112866
2025-09-30,V46 tail_risk_pct_60 Top2,173867.1129,175304.9395,220.9865567,2,916.495941,521.3306439,1737768.813,0,"{""601288.SH"": 12791.0234, ""601398.SH"": 12100.0}",0.001593123322,-0.07341779058,0.001580036101
2025-10-09,V46 tail_risk_pct_60 Top2,174371.8437,175809.6702,220.9865567,2,916.495941,521.3306439,1737768.813,0,"{""601288.SH"": 12791.0234, ""601398.SH"": 12100.0}",0.00290296822,-0.07072795187,0.002879158481
2025-10-10,V46 tail_risk_pct_60 Top2,176034.8786,177483.5033,269.1884762,2,926.8743215,521.7503439,1739167.813,0,"{""601288.SH"": 12891.0234, ""601398.SH"": 12000.0}",0.009537290728,-0.06186521419,0.009520710925
2025-10-13,V46 tail_risk_pct_60 Top2,176586.1605,178034.7852,269.1884762,2,926.8743215,521.7503439,1739167.813,0,"{""601288.SH"": 12891.0234, ""601398.SH"": 12000.0}",0.003131662771,-0.0589272924,0.003106102063
2025-10-14,V46 tail_risk_pct_60 Top2,182182.1857,183630.8103,269.1884762,2,926.8743215,521.7503439,1739167.813,0,"{""601288.SH"": 12891.0234, ""601398.SH"": 12000.0}",0.03169005511,-0.02910464643,0.03143220103
2025-10-15,V46 tail_risk_pct_60 Top2,183506.9289,184955.5536,269.1884762,2,926.8743215,521.7503439,1739167.813,0,"{""601288.SH"": 12891.0234, ""601398.SH"": 12000.0}",0.007271530297,-0.02204475146,0.007214166731
2025-10-16,V46 tail_risk_pct_60 Top2,188382.9541,189831.5788,269.1884762,2,926.8743215,521.7503439,1739167.813,0,"{""601288.SH"": 12891.0234, ""601398.SH"": 12000.0}",0.02657134086,0,0.02636322653
2025-10-17,V46 tail_risk_pct_60 Top2,189938.7871,191387.4118,269.1884762,2,926.8743215,521.7503439,1739167.813,0,"{""601288.SH"": 12891.0234, ""601398.SH"": 12000.0}",0.008258884439,0,0.008195860027
2025-10-20,V46 tail_risk_pct_60 Top2,191494.6202,192943.2449,269.1884762,2,926.8743215,521.7503439,1739167.813,0,"{""601288.SH"": 12891.0234, ""601398.SH"": 12000.0}",0.008191233984,0,0.008129233963
2025-10-21,V46 tail_risk_pct_60 Top2,193530.4532,194979.0779,269.1884762,2,926.8743215,521.7503439,1739167.813,0,"{""601288.SH"": 12891.0234, ""601398.SH"": 12000.0}",0.01063128064,0,0.01055146061
2025-10-22,V46 tail_risk_pct_60 Top2,197677.5682,199126.1928,269.1884762,2,926.8743215,521.7503439,1739167.813,0,"{""601288.SH"": 12891.0234, ""601398.SH"": 12000.0}",0.02142874599,0,0.02126953809
2025-10-23,V46 tail_risk_pct_60 Top2,197348.4658,198797.0905,269.1884762,2,926.8743215,521.7503439,1739167.813,0,"{""601288.SH"": 12891.0234, ""601398.SH"": 12000.0}",-0.001664844159,-0.001664844159,-0.001652732571
2025-10-24,V46 tail_risk_pct_60 Top2,197348.4658,198797.0905,269.1884762,2,926.8743215,521.7503439,1739167.813,0,"{""601288.SH"": 12891.0234, ""601398.SH"": 12000.0}",0,-0.001664844159,0
2025-10-27,V46 tail_risk_pct_60 Top2,200637.7603,202086.3849,269.1884762,2,926.8743215,521.7503439,1739167.813,0,"{""601288.SH"": 12891.0234, ""601398.SH"": 12000.0}",0.01666744376,0,0.01654598891
2025-10-28,V46 tail_risk_pct_60 Top2,203273.5933,204722.218,269.1884762,2,926.8743215,521.7503439,1739167.813,0,"{""601288.SH"": 12891.0234, ""601398.SH"": 12000.0}",0.01313727309,0,0.0130431006
2025-10-29,V46 tail_risk_pct_60 Top2,199291.0296,200739.6542,269.1884762,2,926.8743215,521.7503439,1739167.813,0,"{""601288.SH"": 12891.0234, ""601398.SH"": 12000.0}",-0.01959213534,-0.01959213534,-0.01945350041
2025-10-30,V46 tail_risk_pct_60 Top2,198250.8375,199699.4621,269.1884762,2,926.8743215,521.7503439,1739167.813,0,"{""601288.SH"": 12891.0234, ""601398.SH"": 12000.0}",-0.005219462775,-0.02470933769,-0.005181796861
2025-10-31,V46 tail_risk_pct_60 Top2,196241.7351,197690.3598,269.1884762,2,926.8743215,521.7503439,1739167.813,0,"{""601288.SH"": 12891.0234, ""601398.SH"": 12000.0}",-0.01013414304,-0.03459307277,-0.01006062972
2025-11-03,V46 tail_risk_pct_60 Top2,198326.2863,199774.911,269.1884762,2,926.8743215,521.7503439,1739167.813,0,"{""601288.SH"": 12891.0234, ""601398.SH"": 12000.0}",0.01062236415,-0.02433816884,0.01054452617
2025-11-04,V46 tail_risk_pct_60 Top2,203261.1844,204880.911,406.1843836,2,1036.114397,583.6121733,1945373.911,2.910383046e-11,"{""601398.SH"": 12500.0, ""601939.SH"": 10600.0}",0.02488272325,-6.104550613e-05,0.02555876499
2025-11-05,V46 tail_risk_pct_60 Top2,202644.1844,204263.911,406.1843836,2,1036.114397,583.6121733,1945373.911,0,"{""601398.SH"": 12500.0, ""601939.SH"": 10600.0}",-0.00303550332,-0.003096363522,-0.003011505548
2025-11-06,V46 tail_risk_pct_60 Top2,201595.1844,203214.911,406.1843836,2,1036.114397,583.6121733,1945373.911,0,"{""601398.SH"": 12500.0, ""601939.SH"": 10600.0}",-0.00517656109,-0.008256896097,-0.005135513146
2025-11-07,V46 tail_risk_pct_60 Top2,200565.1844,202184.911,406.1843836,2,1036.114397,583.6121733,1945373.911,0,"{""601398.SH"": 12500.0, ""601939.SH"": 10600.0}",-0.005109249029,-0.01332395859,-0.005068525706
2025-11-10,V46 tail_risk_pct_60 Top2,202606.1844,204225.911,406.1843836,2,1036.114397,583.6121733,1945373.911,0,"{""601398.SH"": 12500.0, ""601939.SH"": 10600.0}",0.01017624273,-0.003283303692,0.01009471968
2025-11-11,V46 tail_risk_pct_60 Top2,203530.1844,205149.911,406.1843836,2,1036.114397,583.6121733,1945373.911,0,"{""601398.SH"": 12500.0, ""601939.SH"": 10600.0}",0.004560571548,0,0.004524401413
2025-11-12,V46 tail_risk_pct_60 Top2,204435.1844,206054.911,406.1843836,2,1036.114397,583.6121733,1945373.911,0,"{""601398.SH"": 12500.0, ""601939.SH"": 10600.0}",0.004446514912,0,0.004411408203
2025-11-13,V46 tail_risk_pct_60 Top2,204155.1844,205774.911,406.1843836,2,1036.114397,583.6121733,1945373.911,0,"{""601398.SH"": 12500.0, ""601939.SH"": 10600.0}",-0.001369627253,-0.001369627253,-0.001358861086
2025-11-14,V46 tail_risk_pct_60 Top2,204867.1844,206486.911,406.1843836,2,1036.114397,583.6121733,1945373.911,0,"{""601398.SH"": 12500.0, ""601939.SH"": 10600.0}",0.003487543077,0,0.003460091401
2025-11-17,V46 tail_risk_pct_60 Top2,202595.1844,204214.911,406.1843836,2,1036.114397,583.6121733,1945373.911,0,"{""601398.SH"": 12500.0, ""601939.SH"": 10600.0}",-0.0110901119,-0.0110901119,-0.01100311874
2025-11-18,V46 tail_risk_pct_60 Top2,202652.1844,204271.911,406.1843836,2,1036.114397,583.6121733,1945373.911,0,"{""601398.SH"": 12500.0, ""601939.SH"": 10600.0}",0.0002813492343,-0.01081188286,0.0002791177184
2025-11-19,V46 tail_risk_pct_60 Top2,204193.1844,205812.911,406.1843836,2,1036.114397,583.6121733,1945373.911,0,"{""601398.SH"": 12500.0, ""601939.SH"": 10600.0}",0.007604161804,-0.003289936365,0.007543866373
2025-11-20,V46 tail_risk_pct_60 Top2,207873.1844,209492.911,406.1843836,2,1036.114397,583.6121733,1945373.911,0,"{""601398.SH"": 12500.0, ""601939.SH"": 10600.0}",0.01802214903,0,0.01788031656
2025-11-21,V46 tail_risk_pct_60 Top2,207305.1844,208924.911,406.1843836,2,1036.114397,583.6121733,1945373.911,0,"{""601398.SH"": 12500.0, ""601939.SH"": 10600.0}",-0.00273243517,-0.00273243517,-0.002711308929
2025-11-24,V46 tail_risk_pct_60 Top2,206256.1844,207875.911,406.1843836,2,1036.114397,583.6121733,1945373.911,0,"{""601398.SH"": 12500.0, ""601939.SH"": 10600.0}",-0.005060172533,-0.00777878111,-0.005020942669
2025-11-25,V46 tail_risk_pct_60 Top2,208691.1844,210310.911,406.1843836,2,1036.114397,583.6121733,1945373.911,0,"{""601398.SH"": 12500.0, ""601939.SH"": 10600.0}",0.01180570661,0,0.01171371896
2025-11-26,V46 tail_risk_pct_60 Top2,205438.1844,207057.911,406.1843836,2,1036.114397,583.6121733,1945373.911,0,"{""601398.SH"": 12500.0, ""601939.SH"": 10600.0}",-0.01558762537,-0.01558762537,-0.01546757601
2025-11-27,V46 tail_risk_pct_60 Top2,205332.1844,206951.911,406.1843836,2,1036.114397,583.6121733,1945373.911,0,"{""601398.SH"": 12500.0, ""601939.SH"": 10600.0}",-0.0005159702921,-0.01609555291,-0.0005119340744
2025-11-28,V46 tail_risk_pct_60 Top2,204177.1844,205796.911,406.1843836,2,1036.114397,583.6121733,1945373.911,0,"{""601398.SH"": 12500.0, ""601939.SH"": 10600.0}",-0.005625031475,-0.02163004639,-0.005581006692
2025-12-01,V46 tail_risk_pct_60 Top2,203821.1844,205440.911,406.1843836,2,1036.114397,583.6121733,1945373.911,0,"{""601398.SH"": 12500.0, ""601939.SH"": 10600.0}",-0.001743583648,-0.02333591625,-0.001729860756
2025-12-02,V46 tail_risk_pct_60 Top2,203291.1844,204910.911,406.1843836,2,1036.114397,583.6121733,1945373.911,0,"{""601398.SH"": 12500.0, ""601939.SH"": 10600.0}",-0.002600318517,-0.02587555395,-0.002579817221
2025-12-03,V46 tail_risk_pct_60 Top2,201095.1844,202714.911,406.1843836,2,1036.114397,583.6121733,1945373.911,0,"{""601398.SH"": 12500.0, ""601939.SH"": 10600.0}",-0.0108022392,-0.03639827922,-0.01071685246
2025-12-04,V46 tail_risk_pct_60 Top2,200565.1844,202184.911,406.1843836,2,1036.114397,583.6121733,1945373.911,0,"{""601398.SH"": 12500.0, ""601939.SH"": 10600.0}",-0.002635567836,-0.03893791692,-0.002614509202
2025-12-05,V46 tail_risk_pct_60 Top2,198967.1844,200586.911,406.1843836,2,1036.114397,583.6121733,1945373.911,0,"{""601398.SH"": 12500.0, ""601939.SH"": 10600.0}",-0.007967484511,-0.04659516418,-0.007903656076
2025-12-08,V46 tail_risk_pct_60 Top2,198967.1844,200586.911,406.1843836,2,1036.114397,583.6121733,1945373.911,0,"{""601398.SH"": 12500.0, ""601939.SH"": 10600.0}",0,-0.04659516418,0
2025-12-09,V46 tail_risk_pct_60 Top2,200660.1844,202279.911,406.1843836,2,1036.114397,583.6121733,1945373.911,0,"{""601398.SH"": 12500.0, ""601939.SH"": 10600.0}",0.008508940835,-0.03848269884,0.008440231678
2025-12-10,V46 tail_risk_pct_60 Top2,197070.1844,198689.911,406.1843836,2,1036.114397,583.6121733,1945373.911,0,"{""601398.SH"": 12500.0, ""601939.SH"": 10600.0}",-0.01789094339,-0.05568515045,-0.0177476843
2025-12-11,V46 tail_risk_pct_60 Top2,197169.5887,198789.3153,406.1843836,2,1036.114397,583.6121733,1945373.911,2.910383046e-11,"{""601398.SH"": 12500.0, ""601939.SH"": 10823.647}",0.0005044107428,-0.0552088279,0.0005002987701
2025-12-12,V46 tail_risk_pct_60 Top2,196145.1699,197764.8965,406.1843836,2,1036.114397,583.6121733,1945373.911,2.910383046e-11,"{""601398.SH"": 12500.0, ""601939.SH"": 10823.647}",-0.005195622853,-0.0601176065,-0.005153289147
2025-12-15,V46 tail_risk_pct_60 Top2,195892.5961,197512.3227,406.1843836,2,1036.114397,583.6121733,1945373.911,0,"{""601398.SH"": 12723.7422, ""601939.SH"": 10823.647}",-0.00128768809,-0.06132788186,-0.001277141716
2025-12-16,V46 tail_risk_pct_60 Top2,195205.1754,196824.9019,406.1843836,2,1036.114397,583.6121733,1945373.911,2.910383046e-11,"{""601398.SH"": 12723.7422, ""601939.SH"": 10823.647}",-0.003509171543,-0.06462184335,-0.003480394106
2025-12-17,V46 tail_risk_pct_60 Top2,196433.7784,198053.505,406.1843836,2,1036.114397,583.6121733,1945373.911,2.910383046e-11,"{""601398.SH"": 12723.7422, ""601939.SH"": 10823.647}",0.006293906256,-0.05873466092,0.00624211196
2025-12-18,V46 tail_risk_pct_60 Top2,201213.4908,202833.2174,406.1843836,2,1036.114397,583.6121733,1945373.911,0,"{""601398.SH"": 12723.7422, ""601939.SH"": 10823.647}",0.0243324363,-0.03583138201,0.02413344011
2025-12-19,V46 tail_risk_pct_60 Top2,199922.1157,201541.8422,406.1843836,2,1036.114397,583.6121733,1945373.911,0,"{""601398.SH"": 12723.7422, ""601939.SH"": 10823.647}",-0.006417935304,-0.04201935383,-0.006366684821
2025-12-22,V46 tail_risk_pct_60 Top2,200265.826,201885.5526,406.1843836,2,1036.114397,583.6121733,1945373.911,0,"{""601398.SH"": 12723.7422, ""601939.SH"": 10823.647}",0.001719221311,-0.04037237308,0.001705404486
2025-12-23,V46 tail_risk_pct_60 Top2,200972.2477,202591.9743,406.1843836,2,1036.114397,583.6121733,1945373.911,2.910383046e-11,"{""601398.SH"": 12723.7422, ""601939.SH"": 10823.647}",0.003527419975,-0.03698736342,0.003499119506
2025-12-24,V46 tail_risk_pct_60 Top2,200303.8279,201923.5545,406.1843836,2,1036.114397,583.6121733,1945373.911,0,"{""601398.SH"": 12723.7422, ""601939.SH"": 10823.647}",-0.003325930719,-0.04019027673,-0.003299339841
2025-12-25,V46 tail_risk_pct_60 Top2,199992.3502,201612.0768,406.1843836,2,1036.114397,583.6121733,1945373.911,0,"{""601398.SH"": 12723.7422, ""601939.SH"": 10823.647}",-0.001555026184,-0.04168280599,-0.001542552566
2025-12-26,V46 tail_risk_pct_60 Top2,198165.562,199785.2885,406.1843836,2,1036.114397,583.6121733,1945373.911,0,"{""601398.SH"": 12723.7422, ""601939.SH"": 10823.647}",-0.009134290772,-0.05043635389,-0.009060907006
2025-12-29,V46 tail_risk_pct_60 Top2,200877.2429,202496.9695,406.1843836,2,1036.114397,583.6121733,1945373.911,0,"{""601398.SH"": 12723.7422, ""601939.SH"": 10823.647}",0.01368391644,-0.0374426043,0.01357297633
2025-12-30,V46 tail_risk_pct_60 Top2,200081.5858,201701.3123,406.1843836,2,1036.114397,583.6121733,1945373.911,0,"{""601398.SH"": 12723.7422, ""601939.SH"": 10823.647}",-0.003960912556,-0.04125520997,-0.00392923013
2025-12-31,V46 tail_risk_pct_60 Top2,201748.9039,203368.6305,406.1843836,2,1036.114397,583.6121733,1945373.911,0,"{""601398.SH"": 12723.7422, ""601939.SH"": 10823.647}",0.008333191617,-0.03326580592,0.008266273401
2026-01-05,V46 tail_risk_pct_60 Top2,200024.5829,201644.3095,406.1843836,2,1036.114397,583.6121733,1945373.911,2.910383046e-11,"{""601398.SH"": 12723.7422, ""601939.SH"": 10823.647}",-0.008546866988,-0.04152835449,-0.008478795588
2026-01-06,V46 tail_risk_pct_60 Top2,198795.9798,200415.7064,406.1843836,2,1036.114397,583.6121733,1945373.911,0,"{""601398.SH"": 12723.7422, ""601939.SH"": 10823.647}",-0.006142260399,-0.04741553693,-0.006092922124
2026-01-07,V46 tail_risk_pct_60 Top2,196860.9551,198480.6816,406.1843836,2,1036.114397,583.6121733,1945373.911,0,"{""601398.SH"": 12723.7422, ""601939.SH"": 10823.647}",-0.009733721734,-0.05668772902,-0.009655055406
2026-01-08,V46 tail_risk_pct_60 Top2,196638.7129,198258.4395,406.1843836,2,1036.114397,583.6121733,1945373.911,0,"{""601398.SH"": 12723.7422, ""601939.SH"": 10823.647}",-0.001128929697,-0.05775266225,-0.001119716924
2026-01-09,V46 tail_risk_pct_60 Top2,196568.4783,198188.2049,406.1843836,2,1036.114397,583.6121733,1945373.911,0,"{""601398.SH"": 12723.7422, ""601939.SH"": 10823.647}",-0.0003571756874,-0.05808921009,-0.0003542576428
2026-01-12,V46 tail_risk_pct_60 Top2,197491.3729,199111.0995,406.1843836,2,1036.114397,583.6121733,1945373.911,2.910383046e-11,"{""601398.SH"": 12723.7422, ""601939.SH"": 10823.647}",0.004695028537,-0.05366691206,0.004656657624
2026-01-13,V46 tail_risk_pct_60 Top2,199356.1631,200975.8897,406.1843836,2,1036.114397,583.6121733,1945373.911,0,"{""601398.SH"": 12723.7422, ""601939.SH"": 10823.647}",0.009442388061,-0.0447312678,0.009365576236
2026-01-14,V46 tail_risk_pct_60 Top2,196422.24,198041.9665,406.1843836,2,1036.114397,583.6121733,1945373.911,2.910383046e-11,"{""601398.SH"": 12723.7422, ""601939.SH"": 10823.647}",-0.01471699256,-0.05878995063,-0.01459838379
2026-01-15,V46 tail_risk_pct_60 Top2,195862.0567,197481.7832,406.1843836,2,1036.114397,583.6121733,1945373.911,0,"{""601398.SH"": 12723.7422, ""601939.SH"": 10823.647}",-0.002851934192,-0.06147421975,-0.002828609067
2026-01-16,V46 tail_risk_pct_60 Top2,194105.5029,195725.2295,406.1843836,2,1036.114397,583.6121733,1945373.911,0,"{""601398.SH"": 12723.7422, ""601939.SH"": 10823.647}",-0.008968320571,-0.06989121982,-0.008894763269
2026-01-19,V46 tail_risk_pct_60 Top2,192979.3671,194599.0937,406.1843836,2,1036.114397,583.6121733,1945373.911,0,"{""601398.SH"": 12723.7422, ""601939.SH"": 10823.647}",-0.00580166881,-0.07528740291,-0.005753657028
2026-01-20,V46 tail_risk_pct_60 Top2,193972.4963,195592.2229,406.1843836,2,1036.114397,583.6121733,1945373.911,0,"{""601398.SH"": 12723.7422, ""601939.SH"": 10823.647}",0.005146297232,-0.07052855704,0.005103462529
2026-01-21,V46 tail_risk_pct_60 Top2,189823.2018,191442.9283,406.1843836,2,1036.114397,583.6121733,1945373.911,2.910383046e-11,"{""601398.SH"": 12723.7422, ""601939.SH"": 10823.647}",-0.0213911488,-0.09041101898,-0.0212140057
2026-01-22,V46 tail_risk_pct_60 Top2,186965.2824,188585.009,406.1843836,2,1036.114397,583.6121733,1945373.911,2.910383046e-11,"{""601398.SH"": 12723.7422, ""601939.SH"": 10823.647}",-0.01505569044,-0.1041055091,-0.01492830991
2026-01-23,V46 tail_risk_pct_60 Top2,185768.912,187388.6385,406.1843836,2,1036.114397,583.6121733,1945373.911,0,"{""601398.SH"": 12723.7422, ""601939.SH"": 10823.647}",-0.006398890716,-0.10983824,-0.006343931664
2026-01-26,V46 tail_risk_pct_60 Top2,186583.5701,188203.2967,406.1843836,2,1036.114397,583.6121733,1945373.911,0,"{""601398.SH"": 12723.7422, ""601939.SH"": 10823.647}",0.004385330874,-0.1059345862,0.004347425497
2026-01-27,V46 tail_risk_pct_60 Top2,186781.0421,188400.7687,406.1843836,2,1036.114397,583.6121733,1945373.911,0,"{""601398.SH"": 12723.7422, ""601939.SH"": 10823.647}",0.001058356793,-0.104988346,0.001049248299
2026-01-28,V46 tail_risk_pct_60 Top2,186291.0934,187910.8199,406.1843836,2,1036.114397,583.6121733,1945373.911,2.910383046e-11,"{""601398.SH"": 12723.7422, ""601939.SH"": 10823.647}",-0.002623118113,-0.1073360673,-0.002600566538
2026-01-29,V46 tail_risk_pct_60 Top2,187703.9367,189323.6633,406.1843836,2,1036.114397,583.6121733,1945373.911,0,"{""601398.SH"": 12723.7422, ""601939.SH"": 10823.647}",0.007584062793,-0.100566048,0.007518690783
2026-01-30,V46 tail_risk_pct_60 Top2,187035.517,188655.2435,406.1843836,2,1036.114397,583.6121733,1945373.911,0,"{""601398.SH"": 12723.7422, ""601939.SH"": 10823.647}",-0.003561032251,-0.1037689613,-0.003530566442
2026-02-02,V46 tail_risk_pct_60 Top2,188683.8342,190303.5608,406.1843836,2,1036.114397,583.6121733,1945373.911,0,"{""601398.SH"": 12723.7422, ""601939.SH"": 10823.647}",0.008812856876,-0.0958706054,0.008737192833
2026-02-03,V46 tail_risk_pct_60 Top2,184535.7107,186314.0004,589.2420973,2,1137.760993,640.5286595,2135095.532,0,"{""601398.SH"": 12823.7422, ""601988.SH"": 17400.0}",-0.02198451961,-0.1157474558,-0.02096419192
2026-02-04,V46 tail_risk_pct_60 Top2,186523.1353,188301.4249,589.2420973,2,1137.760993,640.5286595,2135095.532,0,"{""601398.SH"": 12823.7422, ""601988.SH"": 17400.0}",0.01076986412,-0.1062241761,0.01066707024
2026-02-05,V46 tail_risk_pct_60 Top2,188162.5598,189940.8495,589.2420973,2,1137.760993,640.5286595,2135095.532,0,"{""601398.SH"": 12823.7422, ""601988.SH"": 17400.0}",0.008789389727,-0.09836843201,0.008706384085
2026-02-06,V46 tail_risk_pct_60 Top2,186779.6101,188557.8998,589.2420973,2,1137.760993,640.5286595,2135095.532,0,"{""601398.SH"": 12823.7422, ""601988.SH"": 17400.0}",-0.007349760162,-0.1049952078,-0.007280949254
2026-02-09,V46 tail_risk_pct_60 Top2,187558.085,189336.3746,589.2420973,2,1137.760993,640.5286595,2135095.532,0,"{""601398.SH"": 12823.7422, ""601988.SH"": 17400.0}",0.004167879152,-0.101264936,0.004128571882
2026-02-10,V46 tail_risk_pct_60 Top2,188336.5598,190114.8495,589.2420973,2,1137.760993,640.5286595,2135095.532,0,"{""601398.SH"": 12823.7422, ""601988.SH"": 17400.0}",0.004150580036,-0.09753466416,0.004111596858
2026-02-11,V46 tail_risk_pct_60 Top2,188208.3224,189986.612,589.2420973,2,1137.760993,640.5286595,2135095.532,0,"{""601398.SH"": 12823.7422, ""601988.SH"": 17400.0}",-0.000680894998,-0.0981491483,-0.0006745260661
2026-02-12,V46 tail_risk_pct_60 Top2,185579.7107,187358.0004,589.2420973,2,1137.760993,640.5286595,2135095.532,0,"{""601398.SH"": 12823.7422, ""601988.SH"": 17400.0}",-0.01396650054,-0.1107448487,-0.013835773
2026-02-13,V46 tail_risk_pct_60 Top2,184160.0488,185938.3384,589.2420973,2,1137.760993,640.5286595,2135095.532,0,"{""601398.SH"": 12823.7422, ""601988.SH"": 17400.0}",-0.007649876945,-0.1175475412,-0.007577268905
2026-02-24,V46 tail_risk_pct_60 Top2,183170.8617,184949.1513,589.2420973,2,1137.760993,640.5286595,2135095.532,0,"{""601398.SH"": 12823.7422, ""601988.SH"": 17400.0}",-0.00537134473,-0.1222874975,-0.0053199739
2026-02-25,V46 tail_risk_pct_60 Top2,183042.6243,184820.9139,589.2420973,2,1137.760993,640.5286595,2135095.532,0,"{""601398.SH"": 12823.7422, ""601988.SH"": 17400.0}",-0.0007000972771,-0.1229019817,-0.0006933658283
2026-02-26,V46 tail_risk_pct_60 Top2,181540.4875,183318.7771,589.2420973,2,1137.760993,640.5286595,2135095.532,0,"{""601398.SH"": 12823.7422, ""601988.SH"": 17400.0}",-0.008206486329,-0.1300998746,-0.008127526056
2026-02-27,V46 tail_risk_pct_60 Top2,181201.5378,182979.8274,589.2420973,2,1137.760993,640.5286595,2135095.532,0,"{""601398.SH"": 12823.7422, ""601988.SH"": 17400.0}",-0.001867074892,-0.1317240433,-0.001848963272
2026-03-02,V46 tail_risk_pct_60 Top2,182236.4875,184014.7771,589.2420973,2,1137.760993,640.5286595,2135095.532,0,"{""601398.SH"": 12823.7422, ""601988.SH"": 17400.0}",0.005711594387,-0.1267648032,0.00565608625
2026-03-03,V46 tail_risk_pct_60 Top2,186200.9969,187990.5759,247.9527553,2,1148.315335,641.2636595,2137545.532,0,"{""601398.SH"": 13023.7422, ""601988.SH"": 17200.0}",0.02175475097,-0.1077677889,0.02160586669
2026-03-04,V46 tail_risk_pct_60 Top2,184476.0472,186265.6262,247.9527553,2,1148.315335,641.2636595,2137545.532,0,"{""601398.SH"": 13023.7422, ""601988.SH"": 17200.0}",-0.009263912197,-0.1160333498,-0.009175724252
2026-03-05,V46 tail_risk_pct_60 Top2,185554.7595,187344.3384,247.9527553,2,1148.315335,641.2636595,2137545.532,0,"{""601398.SH"": 13023.7422, ""601988.SH"": 17200.0}",0.005847438087,-0.1108644095,0.005791257822
2026-03-06,V46 tail_risk_pct_60 Top2,185554.7595,187344.3384,247.9527553,2,1148.315335,641.2636595,2137545.532,0,"{""601398.SH"": 13023.7422, ""601988.SH"": 17200.0}",0,-0.1108644095,0
2026-03-09,V46 tail_risk_pct_60 Top2,184908.522,186698.101,247.9527553,2,1148.315335,641.2636595,2137545.532,0,"{""601398.SH"": 13023.7422, ""601988.SH"": 17200.0}",-0.003482731585,-0.1139610301,-0.003449463308
2026-03-10,V46 tail_risk_pct_60 Top2,183611.0975,185400.6765,247.9527553,2,1148.315335,641.2636595,2137545.532,0,"{""601398.SH"": 13023.7422, ""601988.SH"": 17200.0}",-0.007016575087,-0.1201779891,-0.006949318295
2026-03-11,V46 tail_risk_pct_60 Top2,185168.9969,186958.5759,247.9527553,2,1148.315335,641.2636595,2137545.532,0,"{""601398.SH"": 13023.7422, ""601988.SH"": 17200.0}",0.008484777845,-0.1127128948,0.008402878574
2026-03-12,V46 tail_risk_pct_60 Top2,185861.9466,187651.5256,247.9527553,2,1148.315335,641.2636595,2137545.532,0,"{""601398.SH"": 13023.7422, ""601988.SH"": 17200.0}",0.003742255441,-0.1093924398,0.003706434342
2026-03-13,V46 tail_risk_pct_60 Top2,186726.8962,188516.4752,247.9527553,2,1148.315335,641.2636595,2137545.532,0,"{""601398.SH"": 13023.7422, ""601988.SH"": 17200.0}",0.004653721227,-0.1052478005,0.004609340017
2026-03-16,V46 tail_risk_pct_60 Top2,187550.0834,189339.6623,247.9527553,2,1148.315335,641.2636595,2137545.532,0,"{""601398.SH"": 13023.7422, ""601988.SH"": 17200.0}",0.004408508491,-0.1013032778,0.004366658705
2026-03-17,V46 tail_risk_pct_60 Top2,191093.4073,192882.9862,247.9527553,2,1148.315335,641.2636595,2137545.532,0,"{""601398.SH"": 13023.7422, ""601988.SH"": 17200.0}",0.01889268103,-0.08432448732,0.01871411334
2026-03-18,V46 tail_risk_pct_60 Top2,191093.4073,192882.9862,247.9527553,2,1148.315335,641.2636595,2137545.532,0,"{""601398.SH"": 13023.7422, ""601988.SH"": 17200.0}",0,-0.08432448732,0
2026-03-19,V46 tail_risk_pct_60 Top2,193432.7312,195222.3101,247.9527553,2,1148.315335,641.2636595,2137545.532,0,"{""601398.SH"": 13023.7422, ""601988.SH"": 17200.0}",0.01224178236,-0.07311498698,0.01212820242
2026-03-20,V46 tail_risk_pct_60 Top2,192698.0189,194487.5979,247.9527553,2,1148.315335,641.2636595,2137545.532,0,"{""601398.SH"": 13023.7422, ""601988.SH"": 17200.0}",-0.003798283052,-0.07663555862,-0.003763464657
2026-03-23,V46 tail_risk_pct_60 Top2,187378.0834,189167.6623,247.9527553,2,1148.315335,641.2636595,2137545.532,0,"{""601398.SH"": 13023.7422, ""601988.SH"": 17200.0}",-0.02760762964,-0.1021274621,-0.02735359784
2026-03-24,V46 tail_risk_pct_60 Top2,189665.7453,191455.3243,247.9527553,2,1148.315335,641.2636595,2137545.532,0,"{""601398.SH"": 13023.7422, ""601988.SH"": 17200.0}",0.01220880217,-0.09116551395,0.01209330349
2026-03-25,V46 tail_risk_pct_60 Top2,191302.2201,193091.7991,247.9527553,2,1148.315335,641.2636595,2137545.532,0,"{""601398.SH"": 13023.7422, ""601988.SH"": 17200.0}",0.008628204531,-0.08332390412,0.008547554627
2026-03-26,V46 tail_risk_pct_60 Top2,192860.1195,194649.6985,247.9527553,2,1148.315335,641.2636595,2137545.532,0,"{""601398.SH"": 13023.7422, ""601988.SH"": 17200.0}",0.008143655473,-0.07585880982,0.008068179897
2026-03-27,V46 tail_risk_pct_60 Top2,192427.6447,194217.2237,247.9527553,2,1148.315335,641.2636595,2137545.532,0,"{""601398.SH"": 13023.7422, ""601988.SH"": 17200.0}",-0.002242427538,-0.07793112947,-0.002221811009
2026-03-30,V46 tail_risk_pct_60 Top2,196361.6808,198151.2598,247.9527553,2,1148.315335,641.2636595,2137545.532,0,"{""601398.SH"": 13023.7422, ""601988.SH"": 17200.0}",0.02044423592,-0.05908013594,0.02025585626
2026-03-31,V46 tail_risk_pct_60 Top2,200713.3428,202502.9218,247.9527553,2,1148.315335,641.2636595,2137545.532,0,"{""601398.SH"": 13023.7422, ""601988.SH"": 17200.0}",0.02216146211,-0.03822797602,0.02196131357
2026-04-01,V46 tail_risk_pct_60 Top2,199931.9183,201721.4973,247.9527553,2,1148.315335,641.2636595,2137545.532,0,"{""601398.SH"": 13023.7422, ""601988.SH"": 17200.0}",-0.003893236584,-0.04197238205,-0.003858830886
2026-04-02,V46 tail_risk_pct_60 Top2,201775.3953,203575.6844,67.24270281,2,1158.622187,641.6668595,2138889.532,0,"{""601398.SH"": 13123.7422, ""601988.SH"": 17100.0}",0.009220524022,-0.03313886539,0.009191817098
2026-04-03,V46 tail_risk_pct_60 Top2,198017.3088,199817.5979,67.24270281,2,1158.622187,641.6668595,2138889.532,0,"{""601398.SH"": 13123.7422, ""601988.SH"": 17100.0}",-0.01862509784,-0.05114674862,-0.01846038976
2026-04-07,V46 tail_risk_pct_60 Top2,196362.9346,198163.2237,67.24270281,2,1158.622187,641.6668595,2138889.532,0,"{""601398.SH"": 13123.7422, ""601988.SH"": 17100.0}",-0.008354694975,-0.05907412811,-0.008279421996
2026-04-08,V46 tail_risk_pct_60 Top2,194287.0352,196087.3243,67.24270281,2,1158.622187,641.6668595,2138889.532,0,"{""601398.SH"": 13123.7422, ""601988.SH"": 17100.0}",-0.01057174755,-0.06902135889,-0.01047570449
2026-04-09,V46 tail_risk_pct_60 Top2,193563.2727,195363.5617,67.24270281,2,1158.622187,641.6668595,2138889.532,0,"{""601398.SH"": 13123.7422, ""601988.SH"": 17100.0}",-0.003725223238,-0.07248946216,-0.003691021748
2026-04-10,V46 tail_risk_pct_60 Top2,192616.7978,194417.0869,67.24270281,2,1158.622187,641.6668595,2138889.532,0,"{""601398.SH"": 13123.7422, ""601988.SH"": 17100.0}",-0.004889743958,-0.0770247512,-0.004844684621
2026-04-13,V46 tail_risk_pct_60 Top2,194088.2224,195888.5114,67.24270281,2,1158.622187,641.6668595,2138889.532,0,"{""601398.SH"": 13123.7422, ""601988.SH"": 17100.0}",0.007639128807,-0.06997402439,0.007568390992
2026-04-14,V46 tail_risk_pct_60 Top2,195953.3592,197753.6482,67.24270281,2,1158.622187,641.6668595,2138889.532,0,"{""601398.SH"": 13123.7422, ""601988.SH"": 17100.0}",0.009609737113,-0.06103671926,0.009521420017
2026-04-15,V46 tail_risk_pct_60 Top2,197504.3088,199304.5979,67.24270281,2,1158.622187,641.6668595,2138889.532,0,"{""601398.SH"": 13123.7422, ""601988.SH"": 17100.0}",0.007914892058,-0.05360492624,0.007842837289
2026-04-16,V46 tail_risk_pct_60 Top2,196979.3592,198779.6482,67.24270281,2,1158.622187,641.6668595,2138889.532,0,"{""601398.SH"": 13123.7422, ""601988.SH"": 17100.0}",-0.002657915106,-0.05612036401,-0.002633906551
2026-04-17,V46 tail_risk_pct_60 Top2,196374.8843,198175.1734,67.24270281,2,1158.622187,641.6668595,2138889.532,0,"{""601398.SH"": 13123.7422, ""601988.SH"": 17100.0}",-0.003068721746,-0.05901686797,-0.003040929232
2026-04-20,V46 tail_risk_pct_60 Top2,200303.9708,202104.2598,67.24270281,2,1158.622187,641.6668595,2138889.532,0,"{""601398.SH"": 13123.7422, ""601988.SH"": 17100.0}",0.02000809061,-0.0401895922,0.01982633048
2026-04-21,V46 tail_risk_pct_60 Top2,201473.1579,203273.4469,67.24270281,2,1158.622187,641.6668595,2138889.532,0,"{""601398.SH"": 13123.7422, ""601988.SH"": 17100.0}",0.005837064053,-0.03458711737,0.005785069095
2026-04-22,V46 tail_risk_pct_60 Top2,198621.7837,200422.0727,67.24270281,2,1158.622187,641.6668595,2138889.532,0,"{""601398.SH"": 13123.7422, ""601988.SH"": 17100.0}",-0.01415262581,-0.04825024465,-0.01402728324
2026-04-23,V46 tail_risk_pct_60 Top2,199067.2082,200867.4973,67.24270281,2,1158.622187,641.6668595,2138889.532,0,"{""601398.SH"": 13123.7422, ""601988.SH"": 17100.0}",0.002242576422,-0.04611587309,0.002222432505
2026-04-24,V46 tail_risk_pct_60 Top2,198896.2082,200696.4973,67.24270281,2,1158.622187,641.6668595,2138889.532,0,"{""601398.SH"": 13123.7422, ""601988.SH"": 17100.0}",-0.0008590063705,-0.04693526564,-0.0008513074655
2026-04-27,V46 tail_risk_pct_60 Top2,197122.5463,198922.8353,67.24270281,2,1158.622187,641.6668595,2138889.532,0,"{""601398.SH"": 13123.7422, ""601988.SH"": 17100.0}",-0.008917525209,-0.05543424443,-0.008837533165
2026-04-28,V46 tail_risk_pct_60 Top2,198240.0211,200040.3101,67.24270281,2,1158.622187,641.6668595,2138889.532,0,"{""601398.SH"": 13123.7422, ""601988.SH"": 17100.0}",0.005668934702,-0.05007956284,0.005617629777
2026-04-29,V46 tail_risk_pct_60 Top2,197110.5966,198910.8856,67.24270281,2,1158.622187,641.6668595,2138889.532,0,"{""601398.SH"": 13123.7422, ""601988.SH"": 17100.0}",-0.005697257914,-0.05549150457,-0.005645984693
2026-04-30,V46 tail_risk_pct_60 Top2,196164.1217,197964.4108,67.24270281,2,1158.622187,641.6668595,2138889.532,0,"{""601398.SH"": 13123.7422, ""601988.SH"": 17100.0}",-0.004801745109,-0.06002679362,-0.004758285803
2026-05-06,V46 tail_risk_pct_60 Top2,194298.9849,196099.274,67.24270281,2,1158.622187,641.6668595,2138889.532,0,"{""601398.SH"": 13123.7422, ""601988.SH"": 17100.0}",-0.009508042435,-0.06896409875,-0.009421576264
2026-05-07,V46 tail_risk_pct_60 Top2,194350.6972,196150.9862,67.24270281,2,1158.622187,641.6668595,2138889.532,0,"{""601398.SH"": 13123.7422, ""601988.SH"": 17100.0}",0.0002661478883,-0.06871630551,0.0002637045181
2026-05-08,V46 tail_risk_pct_60 Top2,195098.3592,196898.6482,67.24270281,2,1158.622187,641.6668595,2138889.532,0,"{""601398.SH"": 13123.7422, ""601988.SH"": 17100.0}",0.003846973339,-0.06513368197,0.003811665518
2026-05-11,V46 tail_risk_pct_60 Top2,195229.5966,197029.8856,67.24270281,2,1158.622187,641.6668595,2138889.532,0,"{""601398.SH"": 13123.7422, ""601988.SH"": 17100.0}",0.0006726731177,-0.06450482253,0.0006665227147
2026-05-12,V46 tail_risk_pct_60 Top2,196386.834,198187.123,67.24270281,2,1158.622187,641.6668595,2138889.532,0,"{""601398.SH"": 13123.7422, ""601988.SH"": 17100.0}",0.005927571648,-0.05895960783,0.005873410614
2026-05-13,V46 tail_risk_pct_60 Top2,194972.1094,196772.3984,67.24270281,2,1158.622187,641.6668595,2138889.532,0,"{""601398.SH"": 13429.1655, ""601988.SH"": 17100.0}",-0.007203765212,-0.06573864188,-0.007138327764
2026-05-14,V46 tail_risk_pct_60 Top2,196596.1509,198396.44,67.24270281,2,1158.622187,641.6668595,2138889.532,0,"{""601398.SH"": 13429.1655, ""601988.SH"": 17100.0}",0.008329609764,-0.05795660934,0.008253401387
2026-05-15,V46 tail_risk_pct_60 Top2,196303.401,198103.6901,67.24270281,2,1158.622187,641.6668595,2138889.532,0,"{""601398.SH"": 13429.1655, ""601988.SH"": 17100.0}",-0.001489092891,-0.05935939946,-0.001475580563
2026-05-18,V46 tail_risk_pct_60 Top2,195631.9427,197432.2318,67.24270281,2,1158.622187,641.6668595,2138889.532,0,"{""601398.SH"": 13429.1655, ""601988.SH"": 17100.0}",-0.003420512697,-0.06257687258,-0.003389428412
2026-05-19,V46 tail_risk_pct_60 Top2,197255.9843,199056.2734,67.24270281,2,1158.622187,641.6668595,2138889.532,0,"{""601398.SH"": 13429.1655, ""601988.SH"": 17100.0}",0.008301515403,-0.05479484005,0.008225817898
2026-05-20,V46 tail_risk_pct_60 Top2,193287.1928,195087.4818,67.24270281,2,1158.622187,641.6668595,2138889.532,0,"{""601398.SH"": 13429.1655, ""601988.SH"": 17100.0}",-0.02012000564,-0.07381237319,-0.01993803787
2026-05-21,V46 tail_risk_pct_60 Top2,195265.7761,197066.0652,67.24270281,2,1158.622187,641.6668595,2138889.532,0,"{""601398.SH"": 13429.1655, ""601988.SH"": 17100.0}",0.01023649463,-0.06433145853,0.01014203111
2026-05-22,V46 tail_risk_pct_60 Top2,196694.6511,198494.9401,67.24270281,2,1158.622187,641.6668595,2138889.532,0,"{""601398.SH"": 13429.1655, ""601988.SH"": 17100.0}",0.007317590383,-0.05748461941,0.007250740833
2026-05-25,V46 tail_risk_pct_60 Top2,197244.3594,199044.6485,67.24270281,2,1158.622187,641.6668595,2138889.532,0,"{""601398.SH"": 13429.1655, ""601988.SH"": 17100.0}",0.002794729505,-0.05485054387,0.002769382154
2026-05-26,V46 tail_risk_pct_60 Top2,197549.6511,199349.9401,67.24270281,2,1158.622187,641.6668595,2138889.532,0,"{""601398.SH"": 13429.1655, ""601988.SH"": 17100.0}",0.001547783957,-0.0533876567,0.001533784794
2026-05-27,V46 tail_risk_pct_60 Top2,195717.9011,197518.1902,67.24270281,2,1158.622187,641.6668595,2138889.532,0,"{""601398.SH"": 13429.1655, ""601988.SH"": 17100.0}",-0.009272352144,-0.06216497969,-0.009188615404
2026-05-28,V46 tail_risk_pct_60 Top2,193959.5679,195759.857,67.24270281,2,1158.622187,641.6668595,2138889.532,0,"{""601398.SH"": 13429.1655, ""601988.SH"": 17100.0}",-0.008984018481,-0.07059050685,-0.008902133212
2026-05-29,V46 tail_risk_pct_60 Top2,197231.8177,199032.1067,67.24270281,2,1158.622187,641.6668595,2138889.532,0,"{""601398.SH"": 13429.1655, ""601988.SH"": 17100.0}",0.01687078306,-0.05491064092,0.01671563232
2026-06-01,V46 tail_risk_pct_60 Top2,199503.1509,201303.44,67.24270281,2,1158.622187,641.6668595,2138889.532,0,"{""601398.SH"": 13429.1655, ""601988.SH"": 17100.0}",0.01151605896,-0.04402693614,0.01141189368
2026-06-02,V46 tail_risk_pct_60 Top2,200709.1308,202520.6066,512.0559221,2,1169.234168,642.2416595,2140805.532,0,"{""601398.SH"": 13529.1655, ""601988.SH"": 16900.0}",0.006044916254,-0.03824815902,0.006046427327
2026-06-03,V46 tail_risk_pct_60 Top2,199559.3808,201370.8567,512.0559221,2,1169.234168,642.2416595,2140805.532,0,"{""601398.SH"": 13529.1655, ""601988.SH"": 16900.0}",-0.005728438593,-0.04375749539,-0.005677199718
2026-06-04,V46 tail_risk_pct_60 Top2,198037.9226,199849.3984,512.0559221,2,1169.234168,642.2416595,2140805.532,0,"{""601398.SH"": 13529.1655, ""601988.SH"": 16900.0}",-0.007624087974,-0.05104797237,-0.007555503814
2026-06-05,V46 tail_risk_pct_60 Top2,202061.1308,203872.6066,512.0559221,2,1169.234168,642.2416595,2140805.532,0,"{""601398.SH"": 13529.1655, ""601988.SH"": 16900.0}",0.02031534241,-0.031769687,0.02013119999
2026-06-08,V46 tail_risk_pct_60 Top2,205746.7973,207558.2731,512.0559221,2,1169.234168,642.2416595,2140805.532,0,"{""601398.SH"": 13529.1655, ""601988.SH"": 16900.0}",0.01824035364,-0.01410882369,0.01807828204
2026-06-09,V46 tail_risk_pct_60 Top2,206118.9639,207930.4397,512.0559221,2,1169.234168,642.2416595,2140805.532,0,"{""601398.SH"": 13529.1655, ""601988.SH"": 16900.0}",0.001808857418,-0.01232548712,0.001793070519
2026-06-10,V46 tail_risk_pct_60 Top2,209669.3387,211480.8145,512.0559221,2,1169.234168,642.2416595,2140805.532,0,"{""601398.SH"": 13529.1655, ""601988.SH"": 16900.0}",0.01722488198,0,0.01707481998
2026-06-11,V46 tail_risk_pct_60 Top2,208925.4637,210736.9396,512.0559221,2,1169.234168,642.2416595,2140805.532,0,"{""601398.SH"": 13529.1655, ""601988.SH"": 16900.0}",-0.003547848102,-0.003547848102,-0.00351745839
2026-06-12,V46 tail_risk_pct_60 Top2,212069.9636,213881.4394,512.0559221,2,1169.234168,642.2416595,2140805.532,0,"{""601398.SH"": 13529.1655, ""601988.SH"": 16900.0}",0.0150508215,0,0.01492144599
2026-06-15,V46 tail_risk_pct_60 Top2,206524.8388,208336.3147,512.0559221,2,1169.234168,642.2416595,2140805.532,0,"{""601398.SH"": 13529.1655, ""601988.SH"": 16900.0}",-0.0261476197,-0.0261476197,-0.02592616158
2026-06-16,V46 tail_risk_pct_60 Top2,202974.464,204785.9398,512.0559221,2,1169.234168,642.2416595,2140805.532,0,"{""601398.SH"": 13529.1655, ""601988.SH"": 16900.0}",-0.01719103061,-0.04288914578,-0.0170415553
2026-06-17,V46 tail_risk_pct_60 Top2,200472.7141,202284.1899,512.0559221,2,1169.234168,642.2416595,2140805.532,0,"{""601398.SH"": 13529.1655, ""601988.SH"": 16900.0}",-0.01232544174,-0.05468595985,-0.01221641453
2026-06-18,V46 tail_risk_pct_60 Top2,195062.881,196874.3568,512.0559221,2,1169.234168,642.2416595,2140805.532,0,"{""601398.SH"": 13529.1655, ""601988.SH"": 16900.0}",-0.02698538366,-0.0801956219,-0.02674372676
2026-06-22,V46 tail_risk_pct_60 Top2,198308.0476,200119.5234,512.0559221,2,1169.234168,642.2416595,2140805.532,0,"{""601398.SH"": 13529.1655, ""601988.SH"": 16900.0}",0.01663651538,-0.06489328221,0.01648343986
2026-06-23,V46 tail_risk_pct_60 Top2,204123.2974,205934.7732,512.0559221,2,1169.234168,642.2416595,2140805.532,0,"{""601398.SH"": 13529.1655, ""601988.SH"": 16900.0}",0.02932432578,-0.03747190818,0.02905888287
2026-06-24,V46 tail_risk_pct_60 Top2,199930.6309,201742.1067,512.0559221,2,1169.234168,642.2416595,2140805.532,0,"{""601398.SH"": 13529.1655, ""601988.SH"": 16900.0}",-0.0205398724,-0.05724211237,-0.02035919634
2026-06-25,V46 tail_risk_pct_60 Top2,195637.7559,197449.2318,512.0559221,2,1169.234168,642.2416595,2140805.532,0,"{""601398.SH"": 13529.1655, ""601988.SH"": 16900.0}",-0.02147182223,-0.07748484214,-0.02127902318
2026-06-26,V46 tail_risk_pct_60 Top2,194589.5893,196401.0652,512.0559221,2,1169.234168,642.2416595,2140805.532,0,"{""601398.SH"": 13529.1655, ""601988.SH"": 16900.0}",-0.005357690878,-0.08242739318,-0.005308537344
2026-06-29,V46 tail_risk_pct_60 Top2,196212.6309,198024.1067,512.0559221,2,1169.234168,642.2416595,2140805.532,0,"{""601398.SH"": 13529.1655, ""601988.SH"": 16900.0}",0.008340844911,-0.07477406238,0.008263914376
2026-06-30,V46 tail_risk_pct_60 Top2,192831.2561,194642.7319,512.0559221,2,1169.234168,642.2416595,2140805.532,0,"{""601398.SH"": 13529.1655, ""601988.SH"": 16900.0}",-0.0172332169,-0.09071868164,-0.01707557167
2024-01-02,V11 LambdaRank Top2,100000,100000,100000,0,0,0,0,0,{},0,0,0
2024-01-03,V11 LambdaRank Top2,101144.1445,101200,216.1445412,2,25.93705878,29.9184,99728,0,"{""601288.SH"": 13600.0, ""601398.SH"": 10400.0}",0.01144144541,0,0.012
2024-01-04,V11 LambdaRank Top2,102344.1445,102400,216.1445412,2,25.93705878,29.9184,99728,0,"{""601288.SH"": 13600.0, ""601398.SH"": 10400.0}",0.01186425577,0,0.01185770751
2024-01-05,V11 LambdaRank Top2,101592.1445,101648,216.1445412,2,25.93705878,29.9184,99728,0,"{""601288.SH"": 13600.0, ""601398.SH"": 10400.0}",-0.007347757934,-0.007347757934,-0.00734375
2024-01-08,V11 LambdaRank Top2,101560.1445,101616,216.1445412,2,25.93705878,29.9184,99728,0,"{""601288.SH"": 13600.0, ""601398.SH"": 10400.0}",-0.0003149849838,-0.007660428484,-0.0003148118999
2024-01-09,V11 LambdaRank Top2,101560.1445,101616,216.1445412,2,25.93705878,29.9184,99728,0,"{""601288.SH"": 13600.0, ""601398.SH"": 10400.0}",0,-0.007660428484,0
2024-01-10,V11 LambdaRank Top2,101112.1445,101168,216.1445412,2,25.93705878,29.9184,99728,0,"{""601288.SH"": 13600.0, ""601398.SH"": 10400.0}",-0.004411179228,-0.01203781619,-0.004408754527
2024-01-11,V11 LambdaRank Top2,99568.14454,99624,216.1445412,2,25.93705878,29.9184,99728,0,"{""601288.SH"": 13600.0, ""601398.SH"": 10400.0}",-0.0152701736,-0.02712417024,-0.01526174284
2024-01-12,V11 LambdaRank Top2,100560.1445,100616,216.1445412,2,25.93705878,29.9184,99728,0,"{""601288.SH"": 13600.0, ""601398.SH"": 10400.0}",0.009963025871,-0.01743138318,0.009957439974
2024-01-15,V11 LambdaRank Top2,101216.1445,101272,216.1445412,2,25.93705878,29.9184,99728,0,"{""601288.SH"": 13600.0, ""601398.SH"": 10400.0}",0.006523459199,-0.0110216369,0.006519837799
2024-01-16,V11 LambdaRank Top2,101936.1445,101992,216.1445412,2,25.93705878,29.9184,99728,0,"{""601288.SH"": 13600.0, ""601398.SH"": 10400.0}",0.007113489684,-0.003986549517,0.007109566316
2024-01-17,V11 LambdaRank Top2,100872.1445,100928,216.1445412,2,25.93705878,29.9184,99728,0,"{""601288.SH"": 13600.0, ""601398.SH"": 10400.0}",-0.01043790703,-0.01438284532,-0.01043219076
2024-01-18,V11 LambdaRank Top2,100840.1445,100896,216.1445412,2,25.93705878,29.9184,99728,0,"{""601288.SH"": 13600.0, ""601398.SH"": 10400.0}",-0.0003172332674,-0.01469551587,-0.0003170577045
2024-01-19,V11 LambdaRank Top2,101120.1445,101176,216.1445412,2,25.93705878,29.9184,99728,0,"{""601288.SH"": 13600.0, ""601398.SH"": 10400.0}",0.002776671942,-0.01195964855,0.002775134792
2024-01-22,V11 LambdaRank Top2,101120.1445,101176,216.1445412,2,25.93705878,29.9184,99728,0,"{""601288.SH"": 13600.0, ""601398.SH"": 10400.0}",0,-0.01195964855,0
2024-01-23,V11 LambdaRank Top2,101120.1445,101176,216.1445412,2,25.93705878,29.9184,99728,0,"{""601288.SH"": 13600.0, ""601398.SH"": 10400.0}",0,-0.01195964855,0
2024-01-24,V11 LambdaRank Top2,102904.1445,102960,216.1445412,2,25.93705878,29.9184,99728,0,"{""601288.SH"": 13600.0, ""601398.SH"": 10400.0}",0.01764237985,0,0.01763264015
2024-01-25,V11 LambdaRank Top2,104000.1445,104056,216.1445412,2,25.93705878,29.9184,99728,0,"{""601288.SH"": 13600.0, ""601398.SH"": 10400.0}",0.01065068861,0,0.01064491064
2024-01-26,V11 LambdaRank Top2,105648.1445,105704,216.1445412,2,25.93705878,29.9184,99728,0,"{""601288.SH"": 13600.0, ""601398.SH"": 10400.0}",0.01584613182,0,0.01583762589
2024-01-29,V11 LambdaRank Top2,107056.1445,107112,216.1445412,2,25.93705878,29.9184,99728,0,"{""601288.SH"": 13600.0, ""601398.SH"": 10400.0}",0.01332725725,0,0.01332021494
2024-01-30,V11 LambdaRank Top2,106336.1445,106392,216.1445412,2,25.93705878,29.9184,99728,0,"{""601288.SH"": 13600.0, ""601398.SH"": 10400.0}",-0.00672544302,-0.00672544302,-0.006721935918
2024-01-31,V11 LambdaRank Top2,106888.1445,106944,216.1445412,2,25.93705878,29.9184,99728,0,"{""601288.SH"": 13600.0, ""601398.SH"": 10400.0}",0.00519108533,-0.001569270038,0.005188360027
2024-02-01,V11 LambdaRank Top2,106576.1445,106632,216.1445412,2,25.93705878,29.9184,99728,0,"{""601288.SH"": 13600.0, ""601398.SH"": 10400.0}",-0.002918939246,-0.00448362868,-0.002917414722
2024-02-02,V11 LambdaRank Top2,107439.1614,107667,587.1614176,2,134.2670824,93.5715,311905,0,"{""601939.SH"": 7700.0, ""601988.SH"": 12400.0}",0.00809765525,0,0.009706279541
2024-02-05,V11 LambdaRank Top2,109774.1614,110002,587.1614176,2,134.2670824,93.5715,311905,0,"{""601939.SH"": 7700.0, ""601988.SH"": 12400.0}",0.02173322994,0,0.02168723936
2024-02-06,V11 LambdaRank Top2,110176.1614,110404,587.1614176,2,134.2670824,93.5715,311905,0,"{""601939.SH"": 7700.0, ""601988.SH"": 12400.0}",0.003662063958,0,0.003654479009
2024-02-07,V11 LambdaRank Top2,107503.1614,107731,587.1614176,2,134.2670824,93.5715,311905,0,"{""601939.SH"": 7700.0, ""601988.SH"": 12400.0}",-0.02426114656,-0.02426114656,-0.02421107931
2024-02-08,V11 LambdaRank Top2,106391.1614,106619,587.1614176,2,134.2670824,93.5715,311905,0,"{""601939.SH"": 7700.0, ""601988.SH"": 12400.0}",-0.01034388185,-0.03435407398,-0.01032200574
2024-02-19,V11 LambdaRank Top2,110719.1614,110947,587.1614176,2,134.2670824,93.5715,311905,0,"{""601939.SH"": 7700.0, ""601988.SH"": 12400.0}",0.040680071,0,0.04059314006
2024-02-20,V11 LambdaRank Top2,111506.1614,111734,587.1614176,2,134.2670824,93.5715,311905,0,"{""601939.SH"": 7700.0, ""601988.SH"": 12400.0}",0.007108074067,0,0.007093477066
2024-02-21,V11 LambdaRank Top2,112263.1614,112491,587.1614176,2,134.2670824,93.5715,311905,0,"{""601939.SH"": 7700.0, ""601988.SH"": 12400.0}",0.00678886252,0,0.006775019242
2024-02-22,V11 LambdaRank Top2,112186.1614,112414,587.1614176,2,134.2670824,93.5715,311905,0,"{""601939.SH"": 7700.0, ""601988.SH"": 12400.0}",-0.0006858883985,-0.0006858883985,-0.0006844992044
2024-02-23,V11 LambdaRank Top2,112990.1614,113218,587.1614176,2,134.2670824,93.5715,311905,0,"{""601939.SH"": 7700.0, ""601988.SH"": 12400.0}",0.007166659326,0,0.007152134076
2024-02-26,V11 LambdaRank Top2,109483.1614,109711,587.1614176,2,134.2670824,93.5715,311905,0,"{""601939.SH"": 7700.0, ""601988.SH"": 12400.0}",-0.03103810063,-0.03103810063,-0.03097563992
2024-02-27,V11 LambdaRank Top2,109714.1614,109942,587.1614176,2,134.2670824,93.5715,311905,0,"{""601939.SH"": 7700.0, ""601988.SH"": 12400.0}",0.002109913497,-0.02899367484,0.002105531806
2024-02-28,V11 LambdaRank Top2,109406.1614,109634,587.1614176,2,134.2670824,93.5715,311905,0,"{""601939.SH"": 7700.0, ""601988.SH"": 12400.0}",-0.002807294847,-0.03171957589,-0.002801477142
2024-02-29,V11 LambdaRank Top2,109915.1614,110143,587.1614176,2,134.2670824,93.5715,311905,0,"{""601939.SH"": 7700.0, ""601988.SH"": 12400.0}",0.0046523888,-0.02721475889,0.004642720324
2024-03-01,V11 LambdaRank Top2,110270.1614,110498,587.1614176,2,134.2670824,93.5715,311905,0,"{""601939.SH"": 7700.0, ""601988.SH"": 12400.0}",0.003229763714,-0.02407289242,0.00322308272
2024-03-04,V11 LambdaRank Top2,109818.5687,110141,522.5687268,2,195.6119732,126.8193,422731,0,"{""601288.SH"": 12900.0, ""601939.SH"": 7800.0}",-0.004095329915,-0.0280696359,-0.003230827707
2024-03-05,V11 LambdaRank Top2,112200.5687,112523,522.5687268,2,195.6119732,126.8193,422731,0,"{""601288.SH"": 12900.0, ""601939.SH"": 7800.0}",0.02169032093,-0.006988154375,0.0216268238
2024-03-06,V11 LambdaRank Top2,110544.5687,110867,522.5687268,2,195.6119732,126.8193,422731,0,"{""601288.SH"": 12900.0, ""601939.SH"": 7800.0}",-0.01475928348,-0.0216442977,-0.01471699119
2024-03-07,V11 LambdaRank Top2,111114.5687,111437,522.5687268,2,195.6119732,126.8193,422731,0,"{""601288.SH"": 12900.0, ""601939.SH"": 7800.0}",0.005156291318,-0.01659961069,0.005141295426
2024-03-08,V11 LambdaRank Top2,111063.5687,111386,522.5687268,2,195.6119732,126.8193,422731,0,"{""601288.SH"": 12900.0, ""601939.SH"": 7800.0}",-0.000458985717,-0.01705097742,-0.00045765769
2024-03-11,V11 LambdaRank Top2,110364.5687,110687,522.5687268,2,195.6119732,126.8193,422731,0,"{""601288.SH"": 12900.0, ""601939.SH"": 7800.0}",-0.006293692955,-0.02323735676,-0.006275474476
2024-03-12,V11 LambdaRank Top2,107514.5687,107837,522.5687268,2,195.6119732,126.8193,422731,0,"{""601288.SH"": 12900.0, ""601939.SH"": 7800.0}",-0.02582350507,-0.04846079183,-0.02574828119
2024-03-13,V11 LambdaRank Top2,107178.5687,107501,522.5687268,2,195.6119732,126.8193,422731,0,"{""601288.SH"": 12900.0, ""601939.SH"": 7800.0}",-0.003125157864,-0.05143450207,-0.003115813682
2024-03-14,V11 LambdaRank Top2,107694.5687,108017,522.5687268,2,195.6119732,126.8193,422731,0,"{""601288.SH"": 12900.0, ""601939.SH"": 7800.0}",0.004814395323,-0.04686773277,0.004799955349
2024-03-15,V11 LambdaRank Top2,107460.5687,107783,522.5687268,2,195.6119732,126.8193,422731,0,"{""601288.SH"": 12900.0, ""601939.SH"": 7800.0}",-0.002172811524,-0.04893870954,-0.002166325671
2024-03-18,V11 LambdaRank Top2,106683.5687,107006,522.5687268,2,195.6119732,126.8193,422731,0,"{""601288.SH"": 12900.0, ""601939.SH"": 7800.0}",-0.007230559164,-0.05581541447,-0.007208929052
2024-03-19,V11 LambdaRank Top2,105699.5687,106022,522.5687268,2,195.6119732,126.8193,422731,0,"{""601288.SH"": 12900.0, ""601939.SH"": 7800.0}",-0.009223538467,-0.06452413732,-0.009195746033
2024-03-20,V11 LambdaRank Top2,106371.5687,106694,522.5687268,2,195.6119732,126.8193,422731,0,"{""601288.SH"": 12900.0, ""601939.SH"": 7800.0}",0.006357641834,-0.05857671684,0.006338307144
2024-03-21,V11 LambdaRank Top2,106656.5687,106979,522.5687268,2,195.6119732,126.8193,422731,0,"{""601288.SH"": 12900.0, ""601939.SH"": 7800.0}",0.002679287364,-0.05605437333,0.002671190507
2024-03-22,V11 LambdaRank Top2,107952.5687,108275,522.5687268,2,195.6119732,126.8193,422731,0,"{""601288.SH"": 12900.0, ""601939.SH"": 7800.0}",0.01215115033,-0.04458434812,0.01211452715
2024-03-25,V11 LambdaRank Top2,108261.5687,108584,522.5687268,2,195.6119732,126.8193,422731,0,"{""601288.SH"": 12900.0, ""601939.SH"": 7800.0}",0.002862368202,-0.04184959674,0.002853844378
2024-03-26,V11 LambdaRank Top2,109221.5687,109544,522.5687268,2,195.6119732,126.8193,422731,0,"{""601288.SH"": 12900.0, ""601939.SH"": 7800.0}",0.008867412613,-0.03335328177,0.008841081559
2024-03-27,V11 LambdaRank Top2,109944.5687,110267,522.5687268,2,195.6119732,126.8193,422731,0,"{""601288.SH"": 12900.0, ""601939.SH"": 7800.0}",0.006619571651,-0.02695449456,0.006600087636
2024-03-28,V11 LambdaRank Top2,107589.5687,107912,522.5687268,2,195.6119732,126.8193,422731,0,"{""601288.SH"": 12900.0, ""601939.SH"": 7800.0}",-0.02141988483,-0.04779701722,-0.02135725104
2024-03-29,V11 LambdaRank Top2,108675.5687,108998,522.5687268,2,195.6119732,126.8193,422731,0,"{""601288.SH"": 12900.0, ""601939.SH"": 7800.0}",0.01009391536,-0.03818556091,0.01006375565
2024-04-01,V11 LambdaRank Top2,108987.5687,109310,522.5687268,2,195.6119732,126.8193,422731,0,"{""601288.SH"": 12900.0, ""601939.SH"": 7800.0}",0.002870930455,-0.03542425854,0.002862437843
2024-04-02,V11 LambdaRank Top2,109926.2284,110336,375.2284468,2,250.5954532,159.1761,530587,0,"{""601288.SH"": 12900.0, ""601398.SH"": 10200.0}",0.008612539311,-0.02711681205,0.009386149483
2024-04-03,V11 LambdaRank Top2,110082.2284,110492,375.2284468,2,250.5954532,159.1761,530587,0,"{""601288.SH"": 12900.0, ""601398.SH"": 10200.0}",0.001419133561,-0.02573616087,0.001413863109
2024-04-08,V11 LambdaRank Top2,111441.2284,111851,375.2284468,2,250.5954532,159.1761,530587,0,"{""601288.SH"": 12900.0, ""601398.SH"": 10200.0}",0.01234531694,-0.01370856499,0.012299533
2024-04-09,V11 LambdaRank Top2,109953.2284,110363,375.2284468,2,250.5954532,159.1761,530587,0,"{""601288.SH"": 12900.0, ""601398.SH"": 10200.0}",-0.01335232948,-0.02687785319,-0.01330341258
2024-04-10,V11 LambdaRank Top2,110184.2284,110594,375.2284468,2,250.5954532,159.1761,530587,0,"{""601288.SH"": 12900.0, ""601398.SH"": 10200.0}",0.002100893291,-0.0248334274,0.002093092794
2024-04-11,V11 LambdaRank Top2,109722.2284,110132,375.2284468,2,250.5954532,159.1761,530587,0,"{""601288.SH"": 12900.0, ""601398.SH"": 10200.0}",-0.004192977584,-0.02892227898,-0.004177441814
2024-04-12,V11 LambdaRank Top2,109851.2284,110261,375.2284468,2,250.5954532,159.1761,530587,0,"{""601288.SH"": 12900.0, ""601398.SH"": 10200.0}",0.001175696136,-0.02778058666,0.001171321687
2024-04-15,V11 LambdaRank Top2,112032.2284,112442,375.2284468,2,250.5954532,159.1761,530587,0,"{""601288.SH"": 12900.0, ""601398.SH"": 10200.0}",0.01985412481,-0.008478021084,0.01978033938
2024-04-16,V11 LambdaRank Top2,113316.2284,113726,375.2284468,2,250.5954532,159.1761,530587,0,"{""601288.SH"": 12900.0, ""601398.SH"": 10200.0}",0.01146098777,0,0.01141922058
2024-04-17,V11 LambdaRank Top2,114009.2284,114419,375.2284468,2,250.5954532,159.1761,530587,0,"{""601288.SH"": 12900.0, ""601398.SH"": 10200.0}",0.006115628887,0,0.006093593374
2024-04-18,V11 LambdaRank Top2,114600.2284,115010,375.2284468,2,250.5954532,159.1761,530587,0,"{""601288.SH"": 12900.0, ""601398.SH"": 10200.0}",0.005183790892,0,0.005165226055
2024-04-19,V11 LambdaRank Top2,115551.2284,115961,375.2284468,2,250.5954532,159.1761,530587,0,"{""601288.SH"": 12900.0, ""601398.SH"": 10200.0}",0.008298412777,0,0.008268846187
2024-04-22,V11 LambdaRank Top2,114321.2284,114731,375.2284468,2,250.5954532,159.1761,530587,0,"{""601288.SH"": 12900.0, ""601398.SH"": 10200.0}",-0.01064462937,-0.01064462937,-0.01060701443
2024-04-23,V11 LambdaRank Top2,114525.2284,114935,375.2284468,2,250.5954532,159.1761,530587,0,"{""601288.SH"": 12900.0, ""601398.SH"": 10200.0}",0.001784445486,-0.008879178645,0.001778072186
2024-04-24,V11 LambdaRank Top2,114090.2284,114500,375.2284468,2,250.5954532,159.1761,530587,0,"{""601288.SH"": 12900.0, ""601398.SH"": 10200.0}",-0.003798289738,-0.01264374269,-0.003784747901
2024-04-25,V11 LambdaRank Top2,115068.2284,115478,375.2284468,2,250.5954532,159.1761,530587,0,"{""601288.SH"": 12900.0, ""601398.SH"": 10200.0}",0.008572162694,-0.004179964216,0.008541484716
2024-04-26,V11 LambdaRank Top2,112860.2284,113270,375.2284468,2,250.5954532,159.1761,530587,0,"{""601288.SH"": 12900.0, ""601398.SH"": 10200.0}",-0.01918861557,-0.02328837206,-0.01912052512
2024-04-29,V11 LambdaRank Top2,112140.2284,112550,375.2284468,2,250.5954532,159.1761,530587,0,"{""601288.SH"": 12900.0, ""601398.SH"": 10200.0}",-0.006379572414,-0.02951937462,-0.006356493335
2024-04-30,V11 LambdaRank Top2,112521.2284,112931,375.2284468,2,250.5954532,159.1761,530587,0,"{""601288.SH"": 12900.0, ""601398.SH"": 10200.0}",0.003397531869,-0.02622213576,0.00338516215
2024-05-06,V11 LambdaRank Top2,111264.2284,111674,375.2284468,2,250.5954532,159.1761,530587,0,"{""601288.SH"": 12900.0, ""601398.SH"": 10200.0}",-0.01117122535,-0.03710042773,-0.01113069042
2024-05-07,V11 LambdaRank Top2,111957.2284,112367,375.2284468,2,250.5954532,159.1761,530587,0,"{""601288.SH"": 12900.0, ""601398.SH"": 10200.0}",0.006228416893,-0.03110308777,0.00620556262
2024-05-08,V11 LambdaRank Top2,112704.2284,113114,375.2284468,2,250.5954532,159.1761,530587,0,"{""601288.SH"": 12900.0, ""601398.SH"": 10200.0}",0.006672190893,-0.02463842261,0.006647859247
2024-05-09,V11 LambdaRank Top2,111753.2284,112163,375.2284468,2,250.5954532,159.1761,530587,0,"{""601288.SH"": 12900.0, ""601398.SH"": 10200.0}",-0.008438015264,-0.03286853849,-0.008407447354
2024-05-10,V11 LambdaRank Top2,111828.2284,112238,375.2284468,2,250.5954532,159.1761,530587,0,"{""601288.SH"": 12900.0, ""601398.SH"": 10200.0}",0.000671121551,-0.03221947573,0.0006686697039
2024-05-13,V11 LambdaRank Top2,112059.2284,112469,375.2284468,2,250.5954532,159.1761,530587,0,"{""601288.SH"": 12900.0, ""601398.SH"": 10200.0}",0.002065668063,-0.0302203624,0.002058126481
2024-05-14,V11 LambdaRank Top2,111135.2284,111545,375.2284468,2,250.5954532,159.1761,530587,0,"{""601288.SH"": 12900.0, ""601398.SH"": 10200.0}",-0.008245639496,-0.03821681569,-0.008215597187
2024-05-15,V11 LambdaRank Top2,111237.2284,111647,375.2284468,2,250.5954532,159.1761,530587,0,"{""601288.SH"": 12900.0, ""601398.SH"": 10200.0}",0.0009178007858,-0.03733409033,0.0009144291542
2024-05-16,V11 LambdaRank Top2,111672.2284,112082,375.2284468,2,250.5954532,159.1761,530587,0,"{""601288.SH"": 12900.0, ""601398.SH"": 10200.0}",0.003910561294,-0.03356952628,0.003896208586
2024-05-17,V11 LambdaRank Top2,112671.2284,113081,375.2284468,2,250.5954532,159.1761,530587,0,"{""601288.SH"": 12900.0, ""601398.SH"": 10200.0}",0.008945823092,-0.02492401023,0.008913117182
2024-05-20,V11 LambdaRank Top2,112440.2284,112850,375.2284468,2,250.5954532,159.1761,530587,0,"{""601288.SH"": 12900.0, ""601398.SH"": 10200.0}",-0.002050212847,-0.02692312355,-0.002042783491
2024-05-21,V11 LambdaRank Top2,113364.2284,113774,375.2284468,2,250.5954532,159.1761,530587,0,"{""601288.SH"": 12900.0, ""601398.SH"": 10200.0}",0.008217699419,-0.01892667027,0.008187859991
2024-05-22,V11 LambdaRank Top2,113595.2284,114005,375.2284468,2,250.5954532,159.1761,530587,0,"{""601288.SH"": 12900.0, ""601398.SH"": 10200.0}",0.002037679815,-0.01692755695,0.002030340851
2024-05-23,V11 LambdaRank Top2,113133.2284,113543,375.2284468,2,250.5954532,159.1761,530587,0,"{""601288.SH"": 12900.0, ""601398.SH"": 10200.0}",-0.004067072238,-0.02092578359,-0.00405245384
2024-05-24,V11 LambdaRank Top2,112494.2284,112904,375.2284468,2,250.5954532,159.1761,530587,0,"{""601288.SH"": 12900.0, ""601398.SH"": 10200.0}",-0.005648207947,-0.02645579836,-0.00562782382
2024-05-27,V11 LambdaRank Top2,113676.2284,114086,375.2284468,2,250.5954532,159.1761,530587,0,"{""601288.SH"": 12900.0, ""601398.SH"": 10200.0}",0.01050720571,-0.01622656916,0.01046907107
2024-05-28,V11 LambdaRank Top2,113907.2284,114317,375.2284468,2,250.5954532,159.1761,530587,0,"{""601288.SH"": 12900.0, ""601398.SH"": 10200.0}",0.002032087123,-0.01422745584,0.002024788318
2024-05-29,V11 LambdaRank Top2,113316.2284,113726,375.2284468,2,250.5954532,159.1761,530587,0,"{""601288.SH"": 12900.0, ""601398.SH"": 10200.0}",-0.005188432798,-0.01934207044,-0.005169834758
2024-05-30,V11 LambdaRank Top2,112494.2284,112904,375.2284468,2,250.5954532,159.1761,530587,0,"{""601288.SH"": 12900.0, ""601398.SH"": 10200.0}",-0.007254035995,-0.02645579836,-0.007227898634
2024-05-31,V11 LambdaRank Top2,112392.2284,112802,375.2284468,2,250.5954532,159.1761,530587,0,"{""601288.SH"": 12900.0, ""601398.SH"": 10200.0}",-0.0009067131835,-0.02733852372,-0.0009034223765
2024-06-03,V11 LambdaRank Top2,112752.2284,113162,375.2284468,2,250.5954532,159.1761,530587,0,"{""601288.SH"": 12900.0, ""601398.SH"": 10200.0}",0.003203068441,-0.02422302244,0.003191432776
2024-06-04,V11 LambdaRank Top2,112656.7337,113162,264.7336719,2,312.5283281,192.738,642460,0,"{""601288.SH"": 12800.0, ""601988.SH"": 12600.0}",-0.0008469435701,-0.02504945048,0
2024-06-05,V11 LambdaRank Top2,113166.7337,113672,264.7336719,2,312.5283281,192.738,642460,0,"{""601288.SH"": 12800.0, ""601988.SH"": 12600.0}",0.004527026334,-0.02063582367,0.004506813241
2024-06-06,V11 LambdaRank Top2,113038.7337,113544,264.7336719,2,312.5283281,192.738,642460,0,"{""601288.SH"": 12800.0, ""601988.SH"": 12600.0}",-0.001131074441,-0.02174355746,-0.001126046872
2024-06-07,V11 LambdaRank Top2,114857.1149,115362.3812,264.7336719,2,312.5283281,192.738,642460,0,"{""601288.SH"": 13501.0285, ""601988.SH"": 12600.0}",0.01608635526,-0.006006976785,0.01601477161
2024-06-11,V11 LambdaRank Top2,112760.0223,113265.2887,264.7336719,2,312.5283281,192.738,642460,0,"{""601288.SH"": 13501.0285, ""601988.SH"": 12600.0}",-0.01825827301,-0.02415557277,-0.01817830508
2024-06-12,V11 LambdaRank Top2,111995.0121,112500.2784,264.7336719,2,312.5283281,192.738,642460,0,"{""601288.SH"": 13501.0285, ""601988.SH"": 12600.0}",-0.006784410545,-0.030776102,-0.006754145896
2024-06-13,V11 LambdaRank Top2,113309.0738,113814.3401,264.7336719,2,312.5283281,192.738,642460,-1.455191523e-11,"{""601288.SH"": 13501.0285, ""601988.SH"": 12600.0}",0.01173321636,-0.0194039883,0.01168051961
2024-06-14,V11 LambdaRank Top2,114092.1046,114597.3709,264.7336719,2,312.5283281,192.738,642460,0,"{""601288.SH"": 13501.0285, ""601988.SH"": 12600.0}",0.006910575012,-0.01262750601,0.006879896269
2024-06-17,V11 LambdaRank Top2,112382.0223,112887.2887,264.7336719,2,312.5283281,192.738,642460,0,"{""601288.SH"": 13501.0285, ""601988.SH"": 12600.0}",-0.0149886119,-0.02742684912,-0.01492252625
2024-06-18,V11 LambdaRank Top2,112643.0326,113148.299,264.7336719,2,312.5283281,192.738,642460,-1.455191523e-11,"{""601288.SH"": 13501.0285, ""601988.SH"": 12600.0}",0.00232252703,-0.02516802169,0.002312131752
2024-06-19,V11 LambdaRank Top2,113687.0738,114192.3401,264.7336719,2,312.5283281,192.738,642460,0,"{""601288.SH"": 13501.0285, ""601988.SH"": 12600.0}",0.009268581589,-0.01613271196,0.009227192525
2024-06-20,V11 LambdaRank Top2,114083.0943,114588.3607,264.7336719,2,312.5283281,192.738,642460,-1.455191523e-11,"{""601288.SH"": 13501.0285, ""601988.SH"": 12600.0}",0.003483426533,-0.01270548254,0.003468013431
2024-06-21,V11 LambdaRank Top2,113156.0429,113661.3092,264.7336719,2,312.5283281,192.738,642460,0,"{""601288.SH"": 13501.0285, ""601988.SH"": 12600.0}",-0.008126106925,-0.02072834336,-0.00809027564
2024-06-24,V11 LambdaRank Top2,114218.1046,114723.3709,264.7336719,2,312.5283281,192.738,642460,0,"{""601288.SH"": 13501.0285, ""601988.SH"": 12600.0}",0.009385815199,-0.01153708056,0.009344091798
2024-06-25,V11 LambdaRank Top2,114736.8132,115242.0795,264.7336719,2,312.5283281,192.738,642460,0,"{""601288.SH"": 13502.9456, ""601988.SH"": 12599.4538}",0.004541386633,-0.00704808827,0.004521385392
2024-06-26,V11 LambdaRank Top2,115387.3408,115892.6071,264.7336719,2,312.5283281,192.738,642460,0,"{""601288.SH"": 13502.9456, ""601988.SH"": 12600.0}",0.00566973715,-0.001418311927,0.005644878806
2024-06-27,V11 LambdaRank Top2,116683.4586,117188.7249,264.7336719,2,312.5283281,192.738,642460,0,"{""601288.SH"": 13502.9456, ""601988.SH"": 12600.0}",0.01123275582,0,0.01118378347
2024-06-28,V11 LambdaRank Top2,117349.5764,117854.8427,264.7336719,2,312.5283281,192.738,642460,0,"{""601288.SH"": 13502.9456, ""601988.SH"": 12600.0}",0.005708759676,0,0.005684146011
2024-07-01,V11 LambdaRank Top2,119059.8121,119565.0784,264.7336719,2,312.5283281,192.738,642460,0,"{""601288.SH"": 13502.9456, ""601988.SH"": 12600.0}",0.01457385445,0,0.01451137354
2024-07-02,V11 LambdaRank Top2,121274.0477,121779.314,264.7336719,2,312.5283281,192.738,642460,0,"{""601288.SH"": 13502.9456, ""601988.SH"": 12600.0}",0.01859767463,0,0.0185190833
2024-07-03,V11 LambdaRank Top2,120238.9593,120744.2257,264.7336719,2,312.5283281,192.738,642460,-1.455191523e-11,"{""601288.SH"": 13502.9456, ""601988.SH"": 12600.0}",-0.008535118495,-0.008535118495,-0.008499706011
2024-07-04,V11 LambdaRank Top2,121157.0772,121662.3435,264.7336719,2,312.5283281,192.738,642460,0,"{""601288.SH"": 13502.9456, ""601988.SH"": 12600.0}",0.007635776527,-0.0009645142254,0.007603823854
2024-07-05,V11 LambdaRank Top2,118825.871,119331.1373,264.7336719,2,312.5283281,192.738,642460,0,"{""601288.SH"": 13502.9456, ""601988.SH"": 12600.0}",-0.01924118876,-0.02018714458,-0.01916127969
2024-07-08,V11 LambdaRank Top2,120121.9888,120627.2551,264.7336719,2,312.5283281,192.738,642460,0,"{""601288.SH"": 13502.9456, ""601988.SH"": 12600.0}",0.01090770733,-0.00949963272,0.01086152242
2024-07-09,V11 LambdaRank Top2,121157.0772,121662.3435,264.7336719,2,312.5283281,192.738,642460,0,"{""601288.SH"": 13502.9456, ""601988.SH"": 12600.0}",0.008616976608,-0.0009645142254,0.008580883039
2024-07-10,V11 LambdaRank Top2,121553.1361,122058.4024,264.7336719,2,312.5283281,192.738,642460,0,"{""601288.SH"": 13502.9456, ""601988.SH"": 12600.0}",0.003268970504,0,0.0032553944
2024-07-11,V11 LambdaRank Top2,120383.0182,120888.2846,264.7336719,2,312.5283281,192.738,642460,-1.455191523e-11,"{""601288.SH"": 13502.9456, ""601988.SH"": 12600.0}",-0.009626389422,-0.009626389422,-0.009586540544
2024-07-12,V11 LambdaRank Top2,122480.2833,122985.5497,264.7336719,2,312.5283281,192.738,642460,0,"{""601288.SH"": 13502.9456, ""601988.SH"": 12600.0}",0.01742160259,0,0.01734878702
2024-07-15,V11 LambdaRank Top2,125108.6368,125613.9031,264.7336719,2,312.5283281,192.738,642460,0,"{""601288.SH"": 13502.9456, ""601988.SH"": 12600.0}",0.02145940063,0,0.02137123814
2024-07-16,V11 LambdaRank Top2,125351.6074,125856.8737,264.7336719,2,312.5283281,192.738,642460,-1.455191523e-11,"{""601288.SH"": 13502.9456, ""601988.SH"": 12600.0}",0.001942076505,0,0.001934264744
2024-07-17,V11 LambdaRank Top2,125750.9692,126256.2355,264.7336719,2,312.5283281,192.738,642460,0,"{""601288.SH"": 13502.9456, ""601988.SH"": 13251.5735}",0.003185933104,0,0.003173142823
2024-07-18,V11 LambdaRank Top2,125750.9692,126256.2355,264.7336719,2,312.5283281,192.738,642460,0,"{""601288.SH"": 13502.9456, ""601988.SH"": 13251.5735}",0,0,0
2024-07-19,V11 LambdaRank Top2,125748.4555,126253.7218,264.7336719,2,312.5283281,192.738,642460,0,"{""601288.SH"": 13502.9456, ""601988.SH"": 13251.5735}",-1.998967572e-05,-1.998967572e-05,-1.99096788e-05
2024-07-22,V11 LambdaRank Top2,124538.2178,125043.4841,264.7336719,2,312.5283281,192.738,642460,0,"{""601288.SH"": 13502.9456, ""601988.SH"": 13251.5735}",-0.009624274553,-0.009644071843,-0.009585758288
2024-07-23,V11 LambdaRank Top2,127346.1855,127851.4518,264.7336719,2,312.5283281,192.738,642460,0,"{""601288.SH"": 13502.9456, ""601988.SH"": 13251.5735}",0.02254703568,0,0.02245592931
2024-07-24,V11 LambdaRank Top2,127751.2738,128256.5402,264.7336719,2,312.5283281,192.738,642460,0,"{""601288.SH"": 13502.9456, ""601988.SH"": 13251.5735}",0.00318100119,0,0.003168429938
2024-07-25,V11 LambdaRank Top2,126678.5793,127183.8457,264.7336719,2,312.5283281,192.738,642460,0,"{""601288.SH"": 13502.9456, ""601988.SH"": 13251.5735}",-0.008396741975,-0.008396741975,-0.00836366303
2024-07-26,V11 LambdaRank Top2,124003.1274,124508.3938,264.7336719,2,312.5283281,192.738,642460,0,"{""601288.SH"": 13502.9456, ""601988.SH"": 13251.5735}",-0.02112000244,-0.02933940521,-0.0210360985
2024-07-29,V11 LambdaRank Top2,126541.0362,127046.3025,264.7336719,2,312.5283281,192.738,642460,-1.455191523e-11,"{""601288.SH"": 13502.9456, ""601988.SH"": 13251.5735}",0.02046648968,-0.009473390158,0.02038343482
2024-07-30,V11 LambdaRank Top2,126938.5834,127443.8497,264.7336719,2,312.5283281,192.738,642460,-1.455191523e-11,"{""601288.SH"": 13502.9456, ""601988.SH"": 13251.5735}",0.003141646506,-0.006361505695,0.003129152099
2024-07-31,V11 LambdaRank Top2,123995.5863,124500.8526,264.7336719,2,312.5283281,192.738,642460,0,"{""601288.SH"": 13502.9456, ""601988.SH"": 13251.5735}",-0.02318441736,-0.02939843525,-0.02309249998
2024-08-01,V11 LambdaRank Top2,124933.2513,125438.5176,264.7336719,2,312.5283281,192.738,642460,0,"{""601288.SH"": 13502.9456, ""601988.SH"": 13251.5735}",0.007562083907,-0.02205866478,0.007531394427
2024-08-02,V11 LambdaRank Top2,125335.8259,125841.0923,264.7336719,2,312.5283281,192.738,642460,0,"{""601288.SH"": 13502.9456, ""601988.SH"": 13251.5735}",0.003222317855,-0.01890742695,0.003209338359
2024-08-05,V11 LambdaRank Top2,124668.2198,125173.4862,264.7336719,2,312.5283281,192.738,642460,0,"{""601288.SH"": 13502.9456, ""601988.SH"": 13251.5735}",-0.005326538607,-0.02413325442,-0.005305151948
2024-08-06,V11 LambdaRank Top2,123062.9487,123568.215,264.7336719,2,312.5283281,192.738,642460,0,"{""601288.SH"": 13502.9456, ""601988.SH"": 13251.5735}",-0.01287634608,-0.03669885236,-0.01282437034
2024-08-07,V11 LambdaRank Top2,122925.4055,123430.6718,264.7336719,2,312.5283281,192.738,642460,0,"{""601288.SH"": 13502.9456, ""601988.SH"": 13251.5735}",-0.001117665214,-0.03777550055,-0.001113095118
2024-08-08,V11 LambdaRank Top2,123195.4644,123700.7307,264.7336719,2,312.5283281,192.738,642460,-1.455191523e-11,"{""601288.SH"": 13502.9456, ""601988.SH"": 13251.5735}",0.002196933258,-0.03566155754,0.002187940061
2024-08-09,V11 LambdaRank Top2,123868.098,124373.3643,264.7336719,2,312.5283281,192.738,642460,0,"{""601288.SH"": 13502.9456, ""601988.SH"": 13251.5735}",0.005459888975,-0.03039637671,0.005437587587
2024-08-12,V11 LambdaRank Top2,124670.7336,125175.9999,264.7336719,2,312.5283281,192.738,642460,0,"{""601288.SH"": 13502.9456, ""601988.SH"": 13251.5735}",0.006479760202,-0.02411357774,0.006453436201
2024-08-13,V11 LambdaRank Top2,125470.8554,125976.1217,264.7336719,2,312.5283281,192.738,642460,-1.455191523e-11,"{""601288.SH"": 13502.9456, ""601988.SH"": 13251.5735}",0.006417880346,-0.01785045545,0.00639197491
2024-08-14,V11 LambdaRank Top2,125735.8869,126241.1532,264.7336719,2,312.5283281,192.738,642460,0,"{""601288.SH"": 13502.9456, ""601988.SH"": 13251.5735}",0.002112295071,-0.01577586581,0.002103823056
2024-08-15,V11 LambdaRank Top2,126403.493,126908.7593,264.7336719,2,312.5283281,192.738,642460,0,"{""601288.SH"": 13502.9456, ""601988.SH"": 13251.5735}",0.005309590861,-0.01055003834,0.005288339807
2024-08-16,V11 LambdaRank Top2,128278.823,128784.0894,264.7336719,2,312.5283281,192.738,642460,0,"{""601288.SH"": 13502.9456, ""601988.SH"": 13251.5735}",0.01483606197,0,0.01477699463
2024-08-19,V11 LambdaRank Top2,131491.879,131997.1454,264.7336719,2,312.5283281,192.738,642460,0,"{""601288.SH"": 13502.9456, ""601988.SH"": 13251.5735}",0.0250474391,0,0.02494916898
2024-08-20,V11 LambdaRank Top2,132427.0304,132932.2967,264.7336719,2,312.5283281,192.738,642460,0,"{""601288.SH"": 13502.9456, ""601988.SH"": 13251.5735}",0.00711185598,0,0.007084632805
2024-08-21,V11 LambdaRank Top2,131619.3673,132124.6337,264.7336719,2,312.5283281,192.738,642460,0,"{""601288.SH"": 13502.9456, ""601988.SH"": 13251.5735}",-0.006098928683,-0.006098928683,-0.006075747083
2024-08-22,V11 LambdaRank Top2,133749.674,134254.9403,264.7336719,2,312.5283281,192.738,642460,0,"{""601288.SH"": 13502.9456, ""601988.SH"": 13251.5735}",0.01618535845,0,0.01612346298
2024-08-23,V11 LambdaRank Top2,134017.2192,134522.4855,264.7336719,2,312.5283281,192.738,642460,0,"{""601288.SH"": 13502.9456, ""601988.SH"": 13251.5735}",0.002000342749,0,0.001992814491
2024-08-26,V11 LambdaRank Top2,134017.2192,134522.4855,264.7336719,2,312.5283281,192.738,642460,0,"{""601288.SH"": 13502.9456, ""601988.SH"": 13251.5735}",0,0,0
2024-08-27,V11 LambdaRank Top2,136020.0375,136525.3038,264.7336719,2,312.5283281,192.738,642460,0,"{""601288.SH"": 13502.9456, ""601988.SH"": 13251.5735}",0.01494448519,0,0.01488835372
2024-08-28,V11 LambdaRank Top2,134817.341,135322.6074,264.7336719,2,312.5283281,192.738,642460,0,"{""601288.SH"": 13502.9456, ""601988.SH"": 13251.5735}",-0.008842053853,-0.008842053853,-0.008809330307
2024-08-29,V11 LambdaRank Top2,128928.8331,129434.0994,264.7336719,2,312.5283281,192.738,642460,-1.455191523e-11,"{""601288.SH"": 13502.9456, ""601988.SH"": 13251.5735}",-0.04367767431,-0.05213352782,-0.04351459101
2024-08-30,V11 LambdaRank Top2,124773.0846,125278.351,264.7336719,2,312.5283281,192.738,642460,0,"{""601288.SH"": 13502.9456, ""601988.SH"": 13251.5735}",-0.03223288676,-0.08268600048,-0.03210706062
2024-09-02,V11 LambdaRank Top2,128526.2585,129031.5248,264.7336719,2,312.5283281,192.738,642460,0,"{""601288.SH"": 13502.9456, ""601988.SH"": 13251.5735}",0.03007999555,-0.05509319945,0.02995867843
2024-09-03,V11 LambdaRank Top2,123477.3928,124091.8747,904.1966298,2,383.1679102,231.3140036,771046.6785,0,"{""601288.SH"": 13602.9456, ""601398.SH"": 10700.0}",-0.03928275582,-0.09221174256,-0.03828250538
2024-09-04,V11 LambdaRank Top2,123486.5107,124100.9926,904.1966298,2,383.1679102,231.3140036,771046.6785,0,"{""601288.SH"": 13602.9456, ""601398.SH"": 10700.0}",7.384204554e-05,-0.09214470962,7.347639226e-05
2024-09-05,V11 LambdaRank Top2,122358.4517,122972.9337,904.1966298,2,383.1679102,231.3140036,771046.6785,0,"{""601288.SH"": 13602.9456, ""601398.SH"": 10700.0}",-0.009135078039,-0.1004380385,-0.009089846006
2024-09-06,V11 LambdaRank Top2,122601.4812,123215.9631,904.1966298,2,383.1679102,231.3140036,771046.6785,0,"{""601288.SH"": 13602.9456, ""601398.SH"": 10700.0}",0.001986208981,-0.0986513205,0.001976284119
2024-09-09,V11 LambdaRank Top2,122416.5107,123030.9926,904.1966298,2,383.1679102,231.3140036,771046.6785,0,"{""601288.SH"": 13602.9456, ""601398.SH"": 10700.0}",-0.00150871378,-0.1000111977,-0.001501189777
2024-09-10,V11 LambdaRank Top2,124146.7463,124761.2282,904.1966298,2,383.1679102,231.3140036,771046.6785,0,"{""601288.SH"": 13602.9456, ""601398.SH"": 10700.0}",0.01413400559,-0.08729075091,0.01406341289
2024-09-11,V11 LambdaRank Top2,120851.3339,121465.8158,904.1966298,2,383.1679102,231.3140036,771046.6785,0,"{""601288.SH"": 13602.9456, ""601398.SH"": 10700.0}",-0.02654449254,-0.1115181548,-0.02641375392
2024-09-12,V11 LambdaRank Top2,121123.3928,121737.8747,904.1966298,2,383.1679102,231.3140036,771046.6785,0,"{""601288.SH"": 13602.9456, ""601398.SH"": 10700.0}",0.002251186667,-0.1095180163,0.002239798167
2024-09-13,V11 LambdaRank Top2,120793.275,121407.7569,904.1966298,2,383.1679102,231.3140036,771046.6785,0,"{""601288.SH"": 13602.9456, ""601398.SH"": 10700.0}",-0.002725467109,-0.1119449956,-0.00271171009
2024-09-18,V11 LambdaRank Top2,122893.4517,123507.9337,904.1966298,2,383.1679102,231.3140036,771046.6785,0,"{""601288.SH"": 13602.9456, ""601398.SH"": 10700.0}",0.01738653691,-0.09650479452,0.01729853831
2024-09-19,V11 LambdaRank Top2,122572.4517,123186.9337,904.1966298,2,383.1679102,231.3140036,771046.6785,0,"{""601288.SH"": 13602.9456, ""601398.SH"": 10700.0}",-0.002612018748,-0.09886474094,-0.002599023322
2024-09-20,V11 LambdaRank Top2,123330.5696,123945.0515,904.1966298,2,383.1679102,231.3140036,771046.6785,0,"{""601288.SH"": 13602.9456, ""601398.SH"": 10700.0}",0.006185058816,-0.09329116636,0.006154206463
2024-09-23,V11 LambdaRank Top2,124953.8052,125568.2871,904.1966298,2,383.1679102,231.3140036,771046.6785,0,"{""601288.SH"": 13602.9456, ""601398.SH"": 10700.0}",0.01316166505,-0.0813573684,0.01309641351
2024-09-24,V11 LambdaRank Top2,130398.3354,131012.8173,904.1966298,2,383.1679102,231.3140036,771046.6785,0,"{""601288.SH"": 13602.9456, ""601398.SH"": 10700.0}",0.04357234416,-0.0413299555,0.04335911821
2024-09-25,V11 LambdaRank Top2,131370.4532,131984.9352,904.1966298,2,383.1679102,231.3140036,771046.6785,0,"{""601288.SH"": 13602.9456, ""601398.SH"": 10700.0}",0.007454986447,-0.03418308331,0.007420020751
2024-09-26,V11 LambdaRank Top2,133762.6005,134377.0824,904.1966298,2,383.1679102,231.3140036,771046.6785,0,"{""601288.SH"": 13602.9456, ""601398.SH"": 10700.0}",0.01820917276,-0.01659635621,0.01812439637
2024-09-27,V11 LambdaRank Top2,129145.0409,129759.5228,904.1966298,2,383.1679102,231.3140036,771046.6785,0,"{""601288.SH"": 13602.9456, ""601398.SH"": 10700.0}",-0.03452055838,-0.05054399911,-0.03436270216
2024-09-30,V11 LambdaRank Top2,132324.3354,132938.8173,904.1966298,2,383.1679102,231.3140036,771046.6785,0,"{""601288.SH"": 13602.9456, ""601398.SH"": 10700.0}",0.02461801504,-0.027170277,0.02450143535
2024-10-08,V11 LambdaRank Top2,131138.2176,131752.6995,904.1966298,2,383.1679102,231.3140036,771046.6785,1.455191523e-11,"{""601288.SH"": 13602.9456, ""601398.SH"": 10700.0}",-0.008963716458,-0.0358904468,-0.008922283551
2024-10-09,V11 LambdaRank Top2,129047.8062,129667.4344,427.0503084,2,388.1726316,231.4556036,771518.6785,0,"{""601288.SH"": 13702.9456, ""601398.SH"": 10700.0}",-0.01594052033,-0.05125885473,-0.01582711481
2024-10-10,V11 LambdaRank Top2,133564.248,134183.8762,427.0503084,2,388.1726316,231.4556036,771518.6785,0,"{""601288.SH"": 13702.9456, ""601398.SH"": 10700.0}",0.03499820703,-0.01805461572,0.03483096475
2024-10-11,V11 LambdaRank Top2,133701.2775,134320.9057,427.0503084,2,388.1726316,231.4556036,771518.6785,0,"{""601288.SH"": 13702.9456, ""601398.SH"": 10700.0}",0.001025944127,-0.01704719462,0.001021206569
2024-10-14,V11 LambdaRank Top2,138581.8666,139201.4948,427.0503084,2,388.1726316,231.4556036,771518.6785,0,"{""601288.SH"": 13702.9456, ""601398.SH"": 10700.0}",0.0365036835,0,0.03633529041
2024-10-15,V11 LambdaRank Top2,134827.5426,135447.1708,427.0503084,2,388.1726316,231.4556036,771518.6785,0,"{""601288.SH"": 13702.9456, ""601398.SH"": 10700.0}",-0.02709101924,-0.02709101924,-0.02697042887
2024-10-16,V11 LambdaRank Top2,137267.8371,137887.4654,427.0503084,2,388.1726316,231.4556036,771518.6785,0,"{""601288.SH"": 13702.9456, ""601398.SH"": 10700.0}",0.01809937726,-0.009481972557,0.0180165783
2024-10-17,V11 LambdaRank Top2,135970.7193,136590.3475,427.0503084,2,388.1726316,231.4556036,771518.6785,0,"{""601288.SH"": 13702.9456, ""601398.SH"": 10700.0}",-0.009449539312,-0.0188419116,-0.009407075689
2024-10-18,V11 LambdaRank Top2,136017.6604,136637.2886,427.0503084,2,388.1726316,231.4556036,771518.6785,0,"{""601288.SH"": 13702.9456, ""601398.SH"": 10700.0}",0.0003452293891,-0.01850318699,0.0003436632911
2024-10-21,V11 LambdaRank Top2,132661.3069,133280.9352,427.0503084,2,388.1726316,231.4556036,771518.6785,0,"{""601288.SH"": 13702.9456, ""601398.SH"": 10700.0}",-0.02467586533,-0.04272247016,-0.02456396423
2024-10-22,V11 LambdaRank Top2,132721.3658,133340.9941,427.0503084,2,388.1726316,231.4556036,771518.6785,0,"{""601288.SH"": 13702.9456, ""601398.SH"": 10700.0}",0.0004527236541,-0.04228908798,0.0004506189243
2024-10-23,V11 LambdaRank Top2,132584.3364,133203.9646,427.0503084,2,388.1726316,231.4556036,771518.6785,0,"{""601288.SH"": 13702.9456, ""601398.SH"": 10700.0}",-0.001032459657,-0.04327788586,-0.001027661874
2024-10-24,V11 LambdaRank Top2,133072.3953,133692.0235,427.0503084,2,388.1726316,231.4556036,771518.6785,0,"{""601288.SH"": 13702.9456, ""601398.SH"": 10700.0}",0.003681120447,-0.03975607653,0.003663996887
2024-10-25,V11 LambdaRank Top2,131959.248,132578.8762,427.0503084,2,388.1726316,231.4556036,771518.6785,0,"{""601288.SH"": 13702.9456, ""601398.SH"": 10700.0}",-0.008364975145,-0.04778849308,-0.008326205631
2024-10-28,V11 LambdaRank Top2,130602.0713,131221.6995,427.0503084,2,388.1726316,231.4556036,771518.6785,0,"{""601288.SH"": 13702.9456, ""601398.SH"": 10700.0}",-0.01028481713,-0.0575818143,-0.01023674942
2024-10-29,V11 LambdaRank Top2,130906.1596,131525.7879,427.0503084,2,388.1726316,231.4556036,771518.6785,0,"{""601288.SH"": 13702.9456, ""601398.SH"": 10700.0}",0.002328357923,-0.05538752745,0.002317363428
2024-10-30,V11 LambdaRank Top2,129274.924,129894.5522,427.0503084,2,388.1726316,231.4556036,771518.6785,0,"{""601288.SH"": 13702.9456, ""601398.SH"": 10700.0}",-0.01246110688,-0.06715844443,-0.01240240163
2024-10-31,V11 LambdaRank Top2,129869.9829,130489.6111,427.0503084,2,388.1726316,231.4556036,771518.6785,0,"{""601288.SH"": 13702.9456, ""601398.SH"": 10700.0}",0.004603049789,-0.06286452831,0.004581092135
2024-11-01,V11 LambdaRank Top2,131732.1302,132351.7584,427.0503084,2,388.1726316,231.4556036,771518.6785,0,"{""601288.SH"": 13702.9456, ""601398.SH"": 10700.0}",0.01433855027,-0.04942736423,0.01427046385
2024-11-04,V11 LambdaRank Top2,131625.6922,132351.7584,599.6123409,2,455.2112991,270.8549036,902849.6785,-1.455191523e-11,"{""601288.SH"": 13702.9456, ""601988.SH"": 13400.0}",-0.0008079879019,-0.05019541542,2.220446049e-16
2024-11-05,V11 LambdaRank Top2,132167.7511,132893.8173,599.6123409,2,455.2112991,270.8549036,902849.6785,2.910383046e-11,"{""601288.SH"": 13702.9456, ""601988.SH"": 13400.0}",0.004118184698,-0.04628394471,0.004095592821
2024-11-06,V11 LambdaRank Top2,131488.6628,132214.729,599.6123409,2,455.2112991,270.8549036,902849.6785,1.455191523e-11,"{""601288.SH"": 13702.9456, ""601988.SH"": 13400.0}",-0.005138079158,-0.0511842133,-0.00511000723
2024-11-07,V11 LambdaRank Top2,132301.7511,133027.8173,599.6123409,2,455.2112991,270.8549036,902849.6785,2.910383046e-11,"{""601288.SH"": 13702.9456, ""601988.SH"": 13400.0}",0.006183714629,-0.04531700724,0.006149756338
2024-11-08,V11 LambdaRank Top2,130949.6333,131675.6995,599.6123409,2,455.2112991,270.8549036,902849.6785,0,"{""601288.SH"": 13702.9456, ""601988.SH"": 13400.0}",-0.0102199541,-0.0550738236,-0.01016417356
2024-11-11,V11 LambdaRank Top2,129320.4271,130046.4933,599.6123409,2,455.2112991,270.8549036,902849.6785,0,"{""601288.SH"": 13702.9456, ""601988.SH"": 13400.0}",-0.01244147196,-0.06683009613,-0.01237286908
2024-11-12,V11 LambdaRank Top2,128504.3093,129230.3755,599.6123409,2,455.2112991,270.8549036,902849.6785,0,"{""601288.SH"": 13702.9456, ""601988.SH"": 13400.0}",-0.006310819114,-0.07271916259,-0.006275585004
2024-11-13,V11 LambdaRank Top2,129043.3388,129769.405,599.6123409,2,455.2112991,270.8549036,902849.6785,0,"{""601288.SH"": 13702.9456, ""601988.SH"": 13400.0}",0.004194641088,-0.06882955229,0.004171073973
2024-11-14,V11 LambdaRank Top2,129722.4271,130448.4933,599.6123409,2,455.2112991,270.8549036,902849.6785,0,"{""601288.SH"": 13702.9456, ""601988.SH"": 13400.0}",0.00526248293,-0.06392928371,0.00523303908
2024-11-15,V11 LambdaRank Top2,130127.4566,130853.5228,599.6123409,2,455.2112991,270.8549036,902849.6785,0,"{""601288.SH"": 13702.9456, ""601988.SH"": 13400.0}",0.003122277811,-0.06100661088,0.003104899455
2024-11-18,V11 LambdaRank Top2,133373.7511,134099.8173,599.6123409,2,455.2112991,270.8549036,902849.6785,2.910383046e-11,"{""601288.SH"": 13702.9456, ""601988.SH"": 13400.0}",0.02494703765,-0.03758150745,0.02480861416
2024-11-19,V11 LambdaRank Top2,132420.6039,133146.6701,599.6123409,2,455.2112991,270.8549036,902849.6785,0,"{""601288.SH"": 13702.9456, ""601988.SH"": 13400.0}",-0.007146438268,-0.04445937179,-0.007107744798
2024-11-20,V11 LambdaRank Top2,132426.6628,133152.729,599.6123409,2,455.2112991,270.8549036,902849.6785,2.910383046e-11,"{""601288.SH"": 13702.9456, ""601988.SH"": 13400.0}",4.575505213e-05,-0.04441565098,4.550554385e-05
2024-11-21,V11 LambdaRank Top2,132426.6628,133152.729,599.6123409,2,455.2112991,270.8549036,902849.6785,2.910383046e-11,"{""601288.SH"": 13702.9456, ""601988.SH"": 13400.0}",0,-0.04441565098,0
2024-11-22,V11 LambdaRank Top2,130797.4566,131523.5228,599.6123409,2,455.2112991,270.8549036,902849.6785,0,"{""601288.SH"": 13702.9456, ""601988.SH"": 13400.0}",-0.01230270519,-0.05617192351,-0.01223561998
2024-11-25,V11 LambdaRank Top2,131208.5449,131934.6111,599.6123409,2,455.2112991,270.8549036,902849.6785,1.455191523e-11,"{""601288.SH"": 13702.9456, ""601988.SH"": 13400.0}",0.003142938542,-0.05320552987,0.003125588174
2024-11-26,V11 LambdaRank Top2,133376.7806,134102.8468,599.6123409,2,455.2112991,270.8549036,902849.6785,0,"{""601288.SH"": 13702.9456, ""601988.SH"": 13400.0}",0.01652511006,-0.03755964704,0.01643416862
2024-11-27,V11 LambdaRank Top2,134320.8395,135046.9057,599.6123409,2,455.2112991,270.8549036,902849.6785,0,"{""601288.SH"": 13702.9456, ""601988.SH"": 13400.0}",0.007078135396,-0.03074736391,0.007039812608
2024-11-28,V11 LambdaRank Top2,134460.8984,135186.9646,599.6123409,2,455.2112991,270.8549036,902849.6785,0,"{""601288.SH"": 13702.9456, ""601988.SH"": 13400.0}",0.00104271915,-0.02973670563,0.001037113075
2024-11-29,V11 LambdaRank Top2,133644.7806,134370.8468,599.6123409,2,455.2112991,270.8549036,902849.6785,0,"{""601288.SH"": 13702.9456, ""601988.SH"": 13400.0}",-0.006069555037,-0.0356257721,-0.006036956489
2024-12-02,V11 LambdaRank Top2,133781.81,134507.8762,599.6123409,2,455.2112991,270.8549036,902849.6785,0,"{""601288.SH"": 13702.9456, ""601988.SH"": 13400.0}",0.001025325907,-0.03463697422,0.001019785609
2024-12-03,V11 LambdaRank Top2,135385.3487,136326.8468,529.3486783,2,590.8596588,350.638454,1168794.847,0,"{""601398.SH"": 10800.0, ""601939.SH"": 8400.0}",0.01198622319,-0.02306591753,0.01352315266
2024-12-04,V11 LambdaRank Top2,136933.3487,137874.8468,529.3486783,2,590.8596588,350.638454,1168794.847,0,"{""601398.SH"": 10800.0, ""601939.SH"": 8400.0}",0.01143402898,-0.01189562492,0.01135506348
2024-12-05,V11 LambdaRank Top2,137269.3487,138210.8468,529.3486783,2,590.8596588,350.638454,1168794.847,0,"{""601398.SH"": 10800.0, ""601939.SH"": 8400.0}",0.002453748508,-0.009471065285,0.002436992735
2024-12-06,V11 LambdaRank Top2,138253.3487,139194.8468,529.3486783,2,590.8596588,350.638454,1168794.847,0,"{""601398.SH"": 10800.0, ""601939.SH"": 8400.0}",0.007168388351,-0.002370569208,0.007119556987
2024-12-09,V11 LambdaRank Top2,138085.3487,139026.8468,529.3486783,2,590.8596588,350.638454,1168794.847,0,"{""601398.SH"": 10800.0, ""601939.SH"": 8400.0}",-0.00121516044,-0.003582849026,-0.001206941233
2024-12-10,V11 LambdaRank Top2,140173.3487,141114.8468,529.3486783,2,590.8596588,350.638454,1168794.847,0,"{""601398.SH"": 10800.0, ""601939.SH"": 8400.0}",0.01512108287,0,0.01501868199
2024-12-11,V11 LambdaRank Top2,137641.3487,138582.8468,529.3486783,2,590.8596588,350.638454,1168794.847,0,"{""601398.SH"": 10800.0, ""601939.SH"": 8400.0}",-0.01806334816,-0.01806334816,-0.01794283208
2024-12-12,V11 LambdaRank Top2,139669.3487,140610.8468,529.3486783,2,590.8596588,350.638454,1168794.847,0,"{""601398.SH"": 10800.0, ""601939.SH"": 8400.0}",0.01473394456,-0.003595547975,0.01463384572
2024-12-13,V11 LambdaRank Top2,139261.3487,140202.8468,529.3486783,2,590.8596588,350.638454,1168794.847,0,"{""601398.SH"": 10800.0, ""601939.SH"": 8400.0}",-0.002921184955,-0.006506229669,-0.002901625368
2024-12-16,V11 LambdaRank Top2,142033.3487,142974.8468,529.3486783,2,590.8596588,350.638454,1168794.847,0,"{""601398.SH"": 10800.0, ""601939.SH"": 8400.0}",0.0199050205,0,0.01977135317
2024-12-17,V11 LambdaRank Top2,142153.3487,143094.8468,529.3486783,2,590.8596588,350.638454,1168794.847,0,"{""601398.SH"": 10800.0, ""601939.SH"": 8400.0}",0.0008448720045,0,0.0008393084706
2024-12-18,V11 LambdaRank Top2,143521.3487,144462.8468,529.3486783,2,590.8596588,350.638454,1168794.847,0,"{""601398.SH"": 10800.0, ""601939.SH"": 8400.0}",0.009623410301,0,0.009560092698
2024-12-19,V11 LambdaRank Top2,141853.3487,142794.8468,529.3486783,2,590.8596588,350.638454,1168794.847,0,"{""601398.SH"": 10800.0, ""601939.SH"": 8400.0}",-0.01162196437,-0.01162196437,-0.01154622131
2024-12-20,V11 LambdaRank Top2,142285.3487,143226.8468,529.3486783,2,590.8596588,350.638454,1168794.847,0,"{""601398.SH"": 10800.0, ""601939.SH"": 8400.0}",0.003045398674,-0.008611959206,0.003025319258
2024-12-23,V11 LambdaRank Top2,145297.3487,146238.8468,529.3486783,2,590.8596588,350.638454,1168794.847,0,"{""601398.SH"": 10800.0, ""601939.SH"": 8400.0}",0.02116872909,0,0.02102957698
2024-12-24,V11 LambdaRank Top2,147505.3487,148446.8468,529.3486783,2,590.8596588,350.638454,1168794.847,0,"{""601398.SH"": 10800.0, ""601939.SH"": 8400.0}",0.0151964232,0,0.01509858733
2024-12-25,V11 LambdaRank Top2,150073.3487,151014.8468,529.3486783,2,590.8596588,350.638454,1168794.847,0,"{""601398.SH"": 10800.0, ""601939.SH"": 8400.0}",0.01740953818,0,0.01729912124
2024-12-26,V11 LambdaRank Top2,149545.3487,150486.8468,529.3486783,2,590.8596588,350.638454,1168794.847,0,"{""601398.SH"": 10800.0, ""601939.SH"": 8400.0}",-0.003518279592,-0.003518279592,-0.00349634497
2024-12-27,V11 LambdaRank Top2,148933.3487,149874.8468,529.3486783,2,590.8596588,350.638454,1168794.847,0,"{""601398.SH"": 10800.0, ""601939.SH"": 8400.0}",-0.004092404113,-0.007596285483,-0.004066800608
2024-12-30,V11 LambdaRank Top2,149509.3487,150450.8468,529.3486783,2,590.8596588,350.638454,1168794.847,0,"{""601398.SH"": 10800.0, ""601939.SH"": 8400.0}",0.00386750184,-0.003758162292,0.003843206598
2024-12-31,V11 LambdaRank Top2,149101.3487,150042.8468,529.3486783,2,590.8596588,350.638454,1168794.847,0,"{""601398.SH"": 10800.0, ""601939.SH"": 8400.0}",-0.002728926342,-0.006476832886,-0.002711849143
2025-01-02,V11 LambdaRank Top2,146125.3487,147066.8468,529.3486783,2,590.8596588,350.638454,1168794.847,0,"{""601398.SH"": 10800.0, ""601939.SH"": 8400.0}",-0.01995957801,-0.02630713604,-0.01983433442
2025-01-03,V11 LambdaRank Top2,144145.3487,145086.8468,529.3486783,2,590.8596588,350.638454,1168794.847,0,"{""601398.SH"": 10800.0, ""601939.SH"": 8400.0}",-0.01355001044,-0.03950068451,-0.01346326547
2025-01-06,V11 LambdaRank Top2,144661.3487,145602.8468,529.3486783,2,590.8596588,350.638454,1168794.847,0,"{""601398.SH"": 10800.0, ""601939.SH"": 8400.0}",0.003579720086,-0.03606236582,0.003556490553
2025-01-07,V11 LambdaRank Top2,146973.139,147914.6371,529.3486783,2,590.8596588,350.638454,1168794.847,0,"{""601398.SH"": 11028.9672, ""601939.SH"": 8400.0}",0.01598070465,-0.02065796319,0.01587737011
2025-01-08,V11 LambdaRank Top2,149341.1667,150282.6648,529.3486783,2,590.8596588,350.638454,1168794.847,0,"{""601398.SH"": 11028.9672, ""601939.SH"": 8400.0}",0.01611197609,-0.004878827705,0.01600942103
2025-01-09,V11 LambdaRank Top2,148117.7183,149059.2164,529.3486783,2,590.8596588,350.638454,1168794.847,2.910383046e-11,"{""601398.SH"": 11028.9672, ""601939.SH"": 8400.0}",-0.008192304809,-0.01303116367,-0.008140981262
2025-01-10,V11 LambdaRank Top2,146731.8956,147673.3937,529.3486783,2,590.8596588,350.638454,1168794.847,0,"{""601398.SH"": 11028.9672, ""601939.SH"": 8596.3711}",-0.009356224963,-0.02226546613,-0.009297128529
2025-01-13,V11 LambdaRank Top2,144584.4485,145525.9466,529.3486783,2,590.8596588,350.638454,1168794.847,2.910383046e-11,"{""601398.SH"": 11028.9672, ""601939.SH"": 8596.3711}",-0.01463517575,-0.03657478288,-0.01454186856
2025-01-14,V11 LambdaRank Top2,144952.6293,145894.1275,529.3486783,2,590.8596588,350.638454,1168794.847,0,"{""601398.SH"": 11028.9672, ""601939.SH"": 8596.3711}",0.002546475842,-0.03412144384,0.002530001101
2025-01-15,V11 LambdaRank Top2,145173.2087,146114.7068,529.3486783,2,590.8596588,350.638454,1168794.847,0,"{""601398.SH"": 11028.9672, ""601939.SH"": 8596.3711}",0.001521733991,-0.03265163361,0.00151191379
2025-01-16,V11 LambdaRank Top2,146928.149,147869.6471,529.3486783,2,590.8596588,350.638454,1168794.847,0,"{""601398.SH"": 11028.9672, ""601939.SH"": 8596.3711}",0.01208859631,-0.02095774971,0.01201070278
2025-01-17,V11 LambdaRank Top2,145124.5568,146066.0549,529.3486783,2,590.8596588,350.638454,1168794.847,0,"{""601398.SH"": 11028.9672, ""601939.SH"": 8596.3711}",-0.0122753349,-0.03297582122,-0.01219717685
2025-01-20,V11 LambdaRank Top2,144253.5795,145195.0776,529.3486783,2,590.8596588,350.638454,1168794.847,0,"{""601398.SH"": 11028.9672, ""601939.SH"": 8596.3711}",-0.00600158417,-0.03877949822,-0.005962899753
2025-01-21,V11 LambdaRank Top2,143861.0728,144802.5709,529.3486783,2,590.8596588,350.638454,1168794.847,0,"{""601398.SH"": 11028.9672, ""601939.SH"": 8596.3711}",-0.00272094992,-0.04139493107,-0.002703306283
2025-01-22,V11 LambdaRank Top2,141788.2493,142729.7474,529.3486783,2,590.8596588,350.638454,1168794.847,0,"{""601398.SH"": 11028.9672, ""601939.SH"": 8596.3711}",-0.01440850857,-0.05520700042,-0.01431482526
2025-01-23,V11 LambdaRank Top2,146535.6422,147477.1403,529.3486783,2,590.8596588,350.638454,1168794.847,0,"{""601398.SH"": 11028.9672, ""601939.SH"": 8596.3711}",0.03348227376,-0.02357318256,0.03326141232
2025-01-24,V11 LambdaRank Top2,146388.0408,147329.5389,529.3486783,2,590.8596588,350.638454,1168794.847,2.910383046e-11,"{""601398.SH"": 11028.9672, ""601939.SH"": 8596.3711}",-0.001007273452,-0.02455671137,-0.00100084299
2025-01-27,V11 LambdaRank Top2,149159.9141,150101.4122,529.3486783,2,590.8596588,350.638454,1168794.847,2.910383046e-11,"{""601398.SH"": 11028.9672, ""601939.SH"": 8596.3711}",0.01893510771,-0.006086587632,0.01881410436
2025-02-05,V11 LambdaRank Top2,146350.729,147292.2271,529.3486783,2,590.8596588,350.638454,1168794.847,0,"{""601398.SH"": 11028.9672, ""601939.SH"": 8596.3711}",-0.01883337844,-0.02480533506,-0.01871524771
2025-02-06,V11 LambdaRank Top2,146011.9456,147190.3716,321.945624,2,740.0310741,438.3949115,1461316.372,0,"{""601288.SH"": 14500.0, ""601988.SH"": 13700.0}",-0.002314873035,-0.0270627869,-0.0006915197461
2025-02-07,V11 LambdaRank Top2,145447.9456,146626.3716,321.945624,2,740.0310741,438.3949115,1461316.372,0,"{""601288.SH"": 14500.0, ""601988.SH"": 13700.0}",-0.003862697655,-0.03082094919,-0.003831772376
2025-02-10,V11 LambdaRank Top2,145310.9456,146489.3716,321.945624,2,740.0310741,438.3949115,1461316.372,0,"{""601288.SH"": 14500.0, ""601988.SH"": 13700.0}",-0.0009419177384,-0.03173383613,-0.0009343476108
2025-02-11,V11 LambdaRank Top2,148122.9456,149301.3716,321.945624,2,740.0310741,438.3949115,1461316.372,0,"{""601288.SH"": 14500.0, ""601988.SH"": 13700.0}",0.01935160485,-0.01299633194,0.01919593189
2025-02-12,V11 LambdaRank Top2,148831.9456,150010.3716,321.945624,2,740.0310741,438.3949115,1461316.372,0,"{""601288.SH"": 14500.0, ""601988.SH"": 13700.0}",0.004786564276,-0.008271975439,0.004748784237
2025-02-13,V11 LambdaRank Top2,149258.9456,150437.3716,321.945624,2,740.0310741,438.3949115,1461316.372,0,"{""601288.SH"": 14500.0, ""601988.SH"": 13700.0}",0.002869007713,-0.005426700087,0.00284646985
2025-02-14,V11 LambdaRank Top2,149983.9456,151162.3716,321.945624,2,740.0310741,438.3949115,1461316.372,0,"{""601288.SH"": 14500.0, ""601988.SH"": 13700.0}",0.004857330306,-0.0005957290562,0.004819281221
2025-02-17,V11 LambdaRank Top2,150829.9456,152008.3716,321.945624,2,740.0310741,438.3949115,1461316.372,0,"{""601288.SH"": 14500.0, ""601988.SH"": 13700.0}",0.005640603709,0,0.005596630901
2025-02-18,V11 LambdaRank Top2,153198.9456,154377.3716,321.945624,2,740.0310741,438.3949115,1461316.372,0,"{""601288.SH"": 14500.0, ""601988.SH"": 13700.0}",0.01570643011,0,0.01558466797
2025-02-19,V11 LambdaRank Top2,152207.9456,153386.3716,321.945624,2,740.0310741,438.3949115,1461316.372,0,"{""601288.SH"": 14500.0, ""601988.SH"": 13700.0}",-0.006468712927,-0.006468712927,-0.00641933458
2025-02-20,V11 LambdaRank Top2,152771.9456,153950.3716,321.945624,2,740.0310741,438.3949115,1461316.372,0,"{""601288.SH"": 14500.0, ""601988.SH"": 13700.0}",0.003705457016,-0.002787225449,0.003676988992
2025-02-21,V11 LambdaRank Top2,150233.9456,151412.3716,321.945624,2,740.0310741,438.3949115,1461316.372,0,"{""601288.SH"": 14500.0, ""601988.SH"": 13700.0}",-0.01661299782,-0.0193539191,-0.01648583224
2025-02-24,V11 LambdaRank Top2,148968.9456,150147.3716,321.945624,2,740.0310741,438.3949115,1461316.372,0,"{""601288.SH"": 14500.0, ""601988.SH"": 13700.0}",-0.008420200872,-0.02761115609,-0.008354667367
2025-02-25,V11 LambdaRank Top2,147848.9456,149027.3716,321.945624,2,740.0310741,438.3949115,1461316.372,0,"{""601288.SH"": 14500.0, ""601988.SH"": 13700.0}",-0.007518345487,-0.03492191136,-0.007459338036
2025-02-26,V11 LambdaRank Top2,148678.9456,149857.3716,321.945624,2,740.0310741,438.3949115,1461316.372,0,"{""601288.SH"": 14500.0, ""601988.SH"": 13700.0}",0.005613837802,-0.02950411951,0.00556944668
2025-02-27,V11 LambdaRank Top2,149532.9456,150711.3716,321.945624,2,740.0310741,438.3949115,1461316.372,0,"{""601288.SH"": 14500.0, ""601988.SH"": 13700.0}",0.005743920206,-0.02392966861,0.005698752026
2025-02-28,V11 LambdaRank Top2,148686.9456,149865.3716,321.945624,2,740.0310741,438.3949115,1461316.372,0,"{""601288.SH"": 14500.0, ""601988.SH"": 13700.0}",-0.005657616096,-0.02945189983,-0.005613378678
2025-03-03,V11 LambdaRank Top2,148670.9456,149849.3716,321.945624,2,740.0310741,438.3949115,1461316.372,0,"{""601288.SH"": 14500.0, ""601988.SH"": 13700.0}",-0.00010760864,-0.02955633919,-0.0001067624884
2025-03-04,V11 LambdaRank Top2,147718.0782,149016.3716,543.0781881,2,815.5306099,482.7628115,1609209.372,0,"{""601288.SH"": 14500.0, ""601939.SH"": 8700.0}",-0.006409237742,-0.03577614332,-0.005558915537
2025-03-05,V11 LambdaRank Top2,150531.0782,151829.3716,543.0781881,2,815.5306099,482.7628115,1609209.372,0,"{""601288.SH"": 14500.0, ""601939.SH"": 8700.0}",0.01904303139,-0.01741439815,0.01887712048
2025-03-06,V11 LambdaRank Top2,148849.0782,150147.3716,543.0781881,2,815.5306099,482.7628115,1609209.372,0,"{""601288.SH"": 14500.0, ""601939.SH"": 8700.0}",-0.01117377235,-0.02839358599,-0.01107822539
2025-03-07,V11 LambdaRank Top2,148443.0782,149741.3716,543.0781881,2,815.5306099,482.7628115,1609209.372,0,"{""601288.SH"": 14500.0, ""601939.SH"": 8700.0}",-0.00272759499,-0.03104373478,-0.002704010038
2025-03-10,V11 LambdaRank Top2,147428.0782,148726.3716,543.0781881,2,815.5306099,482.7628115,1609209.372,0,"{""601288.SH"": 14500.0, ""601939.SH"": 8700.0}",-0.006837637783,-0.03766910674,-0.006778353832
2025-03-11,V11 LambdaRank Top2,148211.0782,149509.3716,543.0781881,2,815.5306099,482.7628115,1609209.372,0,"{""601288.SH"": 14500.0, ""601939.SH"": 8700.0}",0.00531106428,-0.03255810551,0.005264701825
2025-03-12,V11 LambdaRank Top2,147283.0782,148581.3716,543.0781881,2,815.5306099,482.7628115,1609209.372,0,"{""601288.SH"": 14500.0, ""601939.SH"": 8700.0}",-0.006261340322,-0.03861558845,-0.006206968767
2025-03-13,V11 LambdaRank Top2,147805.0782,149103.3716,543.0781881,2,815.5306099,482.7628115,1609209.372,0,"{""601288.SH"": 14500.0, ""601939.SH"": 8700.0}",0.003544195344,-0.0352082543,0.003513226418
2025-03-14,V11 LambdaRank Top2,148124.0782,149422.3716,543.0781881,2,815.5306099,482.7628115,1609209.372,0,"{""601288.SH"": 14500.0, ""601939.SH"": 8700.0}",0.002158247903,-0.03312599454,0.002139455309
2025-03-17,V11 LambdaRank Top2,149139.0782,150437.3716,543.0781881,2,815.5306099,482.7628115,1609209.372,0,"{""601288.SH"": 14500.0, ""601939.SH"": 8700.0}",0.006852363319,-0.02650062257,0.006792824857
2025-03-18,V11 LambdaRank Top2,148733.0782,150031.3716,543.0781881,2,815.5306099,482.7628115,1609209.372,0,"{""601288.SH"": 14500.0, ""601939.SH"": 8700.0}",-0.002722291199,-0.02915077136,-0.002698797484
2025-03-19,V11 LambdaRank Top2,150154.0782,151452.3716,543.0781881,2,815.5306099,482.7628115,1609209.372,0,"{""601288.SH"": 14500.0, ""601939.SH"": 8700.0}",0.009554028043,-0.0198752506,0.009471352456
2025-03-20,V11 LambdaRank Top2,149371.0782,150669.3716,543.0781881,2,815.5306099,482.7628115,1609209.372,0,"{""601288.SH"": 14500.0, ""601939.SH"": 8700.0}",-0.005214643581,-0.02498625183,-0.005169942152
2025-03-21,V11 LambdaRank Top2,148211.0782,149509.3716,543.0781881,2,815.5306099,482.7628115,1609209.372,0,"{""601288.SH"": 14500.0, ""601939.SH"": 8700.0}",-0.007765894269,-0.03255810551,-0.007698976823
2025-03-24,V11 LambdaRank Top2,149719.0782,151017.3716,543.0781881,2,815.5306099,482.7628115,1609209.372,0,"{""601288.SH"": 14500.0, ""601939.SH"": 8700.0}",0.01017467802,-0.02271469573,0.01008632425
2025-03-25,V11 LambdaRank Top2,150763.0782,152061.3716,543.0781881,2,815.5306099,482.7628115,1609209.372,0,"{""601288.SH"": 14500.0, ""601939.SH"": 8700.0}",0.00697305923,-0.01590002742,0.006913111974
2025-03-26,V11 LambdaRank Top2,149951.0782,151249.3716,543.0781881,2,815.5306099,482.7628115,1609209.372,0,"{""601288.SH"": 14500.0, ""601939.SH"": 8700.0}",-0.005385934075,-0.02120032499,-0.005339949202
2025-03-27,V11 LambdaRank Top2,150299.0782,151597.3716,543.0781881,2,815.5306099,482.7628115,1609209.372,0,"{""601288.SH"": 14500.0, ""601939.SH"": 8700.0}",0.002320756904,-0.01892876889,0.002300836005
2025-03-28,V11 LambdaRank Top2,148617.0782,149915.3716,543.0781881,2,815.5306099,482.7628115,1609209.372,0,"{""601288.SH"": 14500.0, ""601939.SH"": 8700.0}",-0.01119102007,-0.02990795672,-0.01109517917
2025-03-31,V11 LambdaRank Top2,152474.0782,153772.3716,543.0781881,2,815.5306099,482.7628115,1609209.372,0,"{""601288.SH"": 14500.0, ""601939.SH"": 8700.0}",0.0259526028,-0.004731543242,0.02572784871
2025-04-01,V11 LambdaRank Top2,150357.0782,151655.3716,543.0781881,2,815.5306099,482.7628115,1609209.372,0,"{""601288.SH"": 14500.0, ""601939.SH"": 8700.0}",-0.01388432726,-0.01855017621,-0.01376710249
2025-04-02,V11 LambdaRank Top2,151388.2419,152813.3716,556.2418987,2,897.2036993,527.9260115,1759753.372,0,"{""601288.SH"": 14600.0, ""601398.SH"": 11000.0}",0.006858098887,-0.01181929626,0.00763573349
2025-04-03,V11 LambdaRank Top2,152558.2419,153983.3716,556.2418987,2,897.2036993,527.9260115,1759753.372,0,"{""601288.SH"": 14600.0, ""601398.SH"": 11000.0}",0.007728473396,-0.004182167982,0.007656398047
2025-04-07,V11 LambdaRank Top2,148354.2419,149779.3716,556.2418987,2,897.2036993,527.9260115,1759753.372,0,"{""601288.SH"": 14600.0, ""601398.SH"": 11000.0}",-0.02755668883,-0.03162361011,-0.02730164924
2025-04-08,V11 LambdaRank Top2,150182.2419,151607.3716,556.2418987,2,897.2036993,527.9260115,1759753.372,0,"{""601288.SH"": 14600.0, ""601398.SH"": 11000.0}",0.01232185866,-0.0196914131,0.0122046179
2025-04-09,V11 LambdaRank Top2,149524.2419,150949.3716,556.2418987,2,897.2036993,527.9260115,1759753.372,0,"{""601288.SH"": 14600.0, ""601398.SH"": 11000.0}",-0.004381343571,-0.02398648183,-0.004340158351
2025-04-10,V11 LambdaRank Top2,148974.2419,150399.3716,556.2418987,2,897.2036993,527.9260115,1759753.372,0,"{""601288.SH"": 14600.0, ""601398.SH"": 11000.0}",-0.003678333312,-0.02757658487,-0.003643605761
2025-04-11,V11 LambdaRank Top2,150254.2419,151679.3716,556.2418987,2,897.2036993,527.9260115,1759753.372,0,"{""601288.SH"": 14600.0, ""601398.SH"": 11000.0}",0.008592089369,-0.01922143598,0.008510673857
2025-04-14,V11 LambdaRank Top2,151754.2419,153179.3716,556.2418987,2,897.2036993,527.9260115,1759753.372,0,"{""601288.SH"": 14600.0, ""601398.SH"": 11000.0}",0.00998307922,-0.009430245876,0.009889281476
2025-04-15,V11 LambdaRank Top2,154496.2419,155921.3716,556.2418987,2,897.2036993,527.9260115,1759753.372,0,"{""601288.SH"": 14600.0, ""601398.SH"": 11000.0}",0.01806868767,0,0.01790058264
2025-04-16,V11 LambdaRank Top2,156618.2419,158043.3716,556.2418987,2,897.2036993,527.9260115,1759753.372,0,"{""601288.SH"": 14600.0, ""601398.SH"": 11000.0}",0.01373496192,0,0.01360942364
2025-04-17,V11 LambdaRank Top2,156508.2419,157933.3716,556.2418987,2,897.2036993,527.9260115,1759753.372,0,"{""601288.SH"": 14600.0, ""601398.SH"": 11000.0}",-0.0007023447503,-0.0007023447503,-0.0006960114738
2025-04-18,V11 LambdaRank Top2,158228.2419,159653.3716,556.2418987,2,897.2036993,527.9260115,1759753.372,0,"{""601288.SH"": 14600.0, ""601398.SH"": 11000.0}",0.01098983657,0,0.01089066853
2025-04-21,V11 LambdaRank Top2,156508.2419,157933.3716,556.2418987,2,897.2036993,527.9260115,1759753.372,0,"{""601288.SH"": 14600.0, ""601398.SH"": 11000.0}",-0.01087037295,-0.01087037295,-0.01077333966
2025-04-22,V11 LambdaRank Top2,159506.2419,160931.3716,556.2418987,2,897.2036993,527.9260115,1759753.372,0,"{""601288.SH"": 14600.0, ""601398.SH"": 11000.0}",0.01915554072,0,0.01898268852
2025-04-23,V11 LambdaRank Top2,158774.2419,160199.3716,556.2418987,2,897.2036993,527.9260115,1759753.372,0,"{""601288.SH"": 14600.0, ""601398.SH"": 11000.0}",-0.0045891621,-0.0045891621,-0.004548522719
2025-04-24,V11 LambdaRank Top2,161810.2419,163235.3716,556.2418987,2,897.2036993,527.9260115,1759753.372,0,"{""601288.SH"": 14600.0, ""601398.SH"": 11000.0}",0.0191214895,0,0.0189513852
2025-04-25,V11 LambdaRank Top2,160896.2419,162321.3716,556.2418987,2,897.2036993,527.9260115,1759753.372,0,"{""601288.SH"": 14600.0, ""601398.SH"": 11000.0}",-0.005648591766,-0.005648591766,-0.005599276621
2025-04-28,V11 LambdaRank Top2,162652.2419,164077.3716,556.2418987,2,897.2036993,527.9260115,1759753.372,0,"{""601288.SH"": 14600.0, ""601398.SH"": 11000.0}",0.01091386585,0,0.0108180456
2025-04-29,V11 LambdaRank Top2,162140.2419,163565.3716,556.2418987,2,897.2036993,527.9260115,1759753.372,0,"{""601288.SH"": 14600.0, ""601398.SH"": 11000.0}",-0.003147820122,-0.003147820122,-0.003120479046
2025-04-30,V11 LambdaRank Top2,156798.2419,158223.3716,556.2418987,2,897.2036993,527.9260115,1759753.372,0,"{""601288.SH"": 14600.0, ""601398.SH"": 11000.0}",-0.03294678691,-0.03599089648,-0.03265972466
2025-05-06,V11 LambdaRank Top2,155884.2419,157309.3716,556.2418987,2,897.2036993,527.9260115,1759753.372,0,"{""601288.SH"": 14600.0, ""601398.SH"": 11000.0}",-0.005829146991,-0.04161024724,-0.005776643429
2025-05-07,V11 LambdaRank Top2,158684.0088,160361.3716,987.0088245,2,1056.071674,621.2911115,2070970.372,0,"{""601939.SH"": 8500.0, ""601988.SH"": 14100.0}",0.01796055131,-0.02439703891,0.01940125988
2025-05-08,V11 LambdaRank Top2,159082.0088,160759.3716,987.0088245,2,1056.071674,621.2911115,2070970.372,0,"{""601939.SH"": 8500.0, ""601988.SH"": 14100.0}",0.002508129225,-0.02195010061,0.002481894461
2025-05-09,V11 LambdaRank Top2,161005.8884,162683.2512,987.0088245,2,1056.071674,621.2911115,2070970.372,2.910383046e-11,"{""601939.SH"": 8696.3073, ""601988.SH"": 14100.0}",0.01209363419,-0.01012192291,0.01196744925
2025-05-12,V11 LambdaRank Top2,160115.1469,161792.5097,987.0088245,2,1056.071674,621.2911115,2070970.372,2.910383046e-11,"{""601939.SH"": 8696.3073, ""601988.SH"": 14100.0}",-0.005532353636,-0.01559827849,-0.005475311721
2025-05-13,V11 LambdaRank Top2,161461.8146,163139.1774,987.0088245,2,1056.071674,621.2911115,2070970.372,2.910383046e-11,"{""601939.SH"": 8696.3073, ""601988.SH"": 14100.0}",0.00841062001,-0.007318849669,0.008323424001
2025-05-14,V11 LambdaRank Top2,161515.8515,163193.2143,987.0088245,2,1056.071674,621.2911115,2070970.372,0,"{""601939.SH"": 8696.3073, ""601988.SH"": 14100.0}",0.0003346731049,-0.006986625986,0.0003312320663
2025-05-15,V11 LambdaRank Top2,161200.9254,162878.2882,987.0088245,2,1056.071674,621.2911115,2070970.372,0,"{""601939.SH"": 8696.3073, ""601988.SH"": 14100.0}",-0.00194981572,-0.008922819073,-0.001929774762
2025-05-16,V11 LambdaRank Top2,160202.11,161879.4728,987.0088245,2,1056.071674,621.2911115,2070970.372,0,"{""601939.SH"": 8696.3073, ""601988.SH"": 14100.0}",-0.00619608953,-0.01506362202,-0.006132280596
2025-05-19,V11 LambdaRank Top2,159746.1839,161423.5466,987.0088245,2,1056.071674,621.2911115,2070970.372,0,"{""601939.SH"": 8696.3073, ""601988.SH"": 14100.0}",-0.002845943454,-0.01786669526,-0.002816454356
2025-05-20,V11 LambdaRank Top2,159746.1839,161423.5466,987.0088245,2,1056.071674,621.2911115,2070970.372,0,"{""601939.SH"": 8696.3073, ""601988.SH"": 14100.0}",0,-0.01786669526,0
2025-05-21,V11 LambdaRank Top2,159974.1469,161651.5097,987.0088245,2,1056.071674,621.2911115,2070970.372,2.910383046e-11,"{""601939.SH"": 8696.3073, ""601988.SH"": 14100.0}",0.001427032982,-0.01646515864,0.001412204588
2025-05-22,V11 LambdaRank Top2,160115.1469,161792.5097,987.0088245,2,1056.071674,621.2911115,2070970.372,2.910383046e-11,"{""601939.SH"": 8696.3073, ""601988.SH"": 14100.0}",0.0008813924169,-0.01559827849,0.0008722467254
2025-05-23,V11 LambdaRank Top2,158486.4793,160163.8421,987.0088245,2,1056.071674,621.2911115,2070970.372,0,"{""601939.SH"": 8696.3073, ""601988.SH"": 14100.0}",-0.01017185251,-0.0256114676,-0.01006639715
2025-05-26,V11 LambdaRank Top2,157292.627,158969.9898,987.0088245,2,1056.071674,621.2911115,2070970.372,2.910383046e-11,"{""601939.SH"": 8696.3073, ""601988.SH"": 14100.0}",-0.007532833704,-0.03295137438,-0.007453943895
2025-05-27,V11 LambdaRank Top2,158258.5162,159935.879,987.0088245,2,1056.071674,621.2911115,2070970.372,0,"{""601939.SH"": 8696.3073, ""601988.SH"": 14100.0}",0.006140715163,-0.02701300422,0.006075921757
2025-05-28,V11 LambdaRank Top2,157661.5901,159338.9528,987.0088245,2,1056.071674,621.2911115,2070970.372,0,"{""601939.SH"": 8696.3073, ""601988.SH"": 14100.0}",-0.003771842178,-0.03068295761,-0.003732284151
2025-05-29,V11 LambdaRank Top2,157031.7378,158709.1005,987.0088245,2,1056.071674,621.2911115,2070970.372,0,"{""601939.SH"": 8696.3073, ""601988.SH"": 14100.0}",-0.003994963469,-0.03455534379,-0.003952908448
2025-05-30,V11 LambdaRank Top2,157346.6639,159024.0267,987.0088245,2,1056.071674,621.2911115,2070970.372,0,"{""601939.SH"": 8696.3073, ""601988.SH"": 14100.0}",0.002005493608,-0.0326191507,0.001984297972
2025-06-03,V11 LambdaRank Top2,157607.5531,159284.9159,987.0088245,2,1056.071674,621.2911115,2070970.372,0,"{""601939.SH"": 8696.3073, ""601988.SH"": 14100.0}",0.001658053708,-0.03101518129,0.001640564794
2025-06-04,V11 LambdaRank Top2,156884.567,158567.1005,430.8380128,2,1061.077185,621.4564115,2071521.372,0,"{""601939.SH"": 8696.3073, ""601988.SH"": 14200.0}",-0.004587255897,-0.03546016262,-0.004506486768
2025-06-05,V11 LambdaRank Top2,156371.6039,158054.1375,430.8380128,2,1061.077185,621.4564115,2071521.372,0,"{""601939.SH"": 8696.3073, ""601988.SH"": 14200.0}",-0.003269684732,-0.0386139038,-0.003234990559
2025-06-06,V11 LambdaRank Top2,156087.6039,157770.1375,430.8380128,2,1061.077185,621.4564115,2071521.372,0,"{""601939.SH"": 8696.3073, ""601988.SH"": 14200.0}",-0.001816186526,-0.04035996027,-0.001796852677
2025-06-09,V11 LambdaRank Top2,155455.7516,157138.2852,430.8380128,2,1061.077185,621.4564115,2071521.372,0,"{""601939.SH"": 8696.3073, ""601988.SH"": 14200.0}",-0.004048061967,-0.04424464262,-0.004004891565
2025-06-10,V11 LambdaRank Top2,155826.7147,157509.2483,430.8380128,2,1061.077185,621.4564115,2071521.372,0,"{""601939.SH"": 8696.3073, ""601988.SH"": 14200.0}",0.002386293652,-0.04196392968,0.002360742786
2025-06-11,V11 LambdaRank Top2,155107.8993,156790.4329,430.8380128,2,1061.077185,621.4564115,2071521.372,0,"{""601939.SH"": 8696.3073, ""601988.SH"": 14200.0}",-0.004612914849,-0.04638326849,-0.004563639112
2025-06-12,V11 LambdaRank Top2,154847.0101,156529.5437,430.8380128,2,1061.077185,621.4564115,2071521.372,0,"{""601939.SH"": 8696.3073, ""601988.SH"": 14200.0}",-0.001681985384,-0.0479872379,-0.001663935833
2025-06-13,V11 LambdaRank Top2,153308.1209,154990.6544,430.8380128,2,1061.077185,621.4564115,2071521.372,0,"{""601939.SH"": 8696.3073, ""601988.SH"": 14200.0}",-0.009938126793,-0.05744846143,-0.009831302024
2025-06-16,V11 LambdaRank Top2,155093.6039,156776.1375,430.8380128,2,1061.077185,621.4564115,2071521.372,0,"{""601939.SH"": 8696.3073, ""601988.SH"": 14200.0}",0.01164636951,-0.04647115793,0.0115199399
2025-06-17,V11 LambdaRank Top2,155125.53,156808.0636,430.8380128,2,1061.077185,621.4564115,2071521.372,0,"{""601939.SH"": 8696.3073, ""601988.SH"": 14200.0}",0.0002058508254,-0.04627487323,0.0002036416184
2025-06-18,V11 LambdaRank Top2,158710.7915,160393.3251,430.8380128,2,1061.077185,621.4564115,2071521.372,0,"{""601939.SH"": 8696.3073, ""601988.SH"": 14200.0}",0.02311200138,-0.02423237679,0.0228640121
2025-06-19,V11 LambdaRank Top2,159278.7915,160961.3251,430.8380128,2,1061.077185,621.4564115,2071521.372,0,"{""601939.SH"": 8696.3073, ""601988.SH"": 14200.0}",0.003578836667,-0.02074026384,0.0035412945
2025-06-20,V11 LambdaRank Top2,160771.4591,162453.9927,430.8380128,2,1061.077185,621.4564115,2071521.372,0,"{""601939.SH"": 8696.3073, ""601988.SH"": 14200.0}",0.009371415018,-0.01156321444,0.009273455334
2025-06-23,V11 LambdaRank Top2,162982.9422,164665.4758,430.8380128,2,1061.077185,621.4564115,2071521.372,0,"{""601939.SH"": 8696.3073, ""601988.SH"": 14200.0}",0.01375544538,0,0.01361298043
2025-06-24,V11 LambdaRank Top2,163953.8314,165636.365,430.8380128,2,1061.077185,621.4564115,2071521.372,0,"{""601939.SH"": 8696.3073, ""601988.SH"": 14200.0}",0.005956998976,0,0.00589613102
2025-06-25,V11 LambdaRank Top2,165414.5729,167097.1065,430.8380128,2,1061.077185,621.4564115,2071521.372,0,"{""601939.SH"": 8696.3073, ""601988.SH"": 14200.0}",0.008909468598,0,0.008818966248
2025-06-26,V11 LambdaRank Top2,166014.499,167697.0326,430.8380128,2,1061.077185,621.4564115,2071521.372,0,"{""601939.SH"": 8696.3073, ""601988.SH"": 14200.0}",0.003626803466,0,0.00359028447
2025-06-27,V11 LambdaRank Top2,161435.2376,163117.7712,430.8380128,2,1061.077185,621.4564115,2071521.372,0,"{""601939.SH"": 8696.3073, ""601988.SH"": 14200.0}",-0.02758350319,-0.02758350319,-0.02730675309
2025-06-30,V11 LambdaRank Top2,162327.9791,164010.5127,430.8380128,2,1061.077185,621.4564115,2071521.372,0,"{""601939.SH"": 8696.3073, ""601988.SH"": 14200.0}",0.005530028794,-0.02220601196,0.005472987436
2025-07-01,V11 LambdaRank Top2,165101.9821,166784.5157,430.8380128,2,1061.077185,621.4564115,2071521.372,0,"{""601939.SH"": 8696.3073, ""601988.SH"": 14200.0}",0.01708887766,-0.005496610119,0.0169135681
2025-07-02,V11 LambdaRank Top2,165462.6338,167412.368,762.633811,2,1229.360842,720.3733104,2401244.368,0,"{""601288.SH"": 13800.0, ""601398.SH"": 10700.0}",0.002184417976,-0.003324199038,0.003764451935
2025-07-03,V11 LambdaRank Top2,164620.6338,166570.368,762.633811,2,1229.360842,720.3733104,2401244.368,0,"{""601288.SH"": 13800.0, ""601398.SH"": 10700.0}",-0.005088762221,-0.008396045201,-0.005029496985
2025-07-04,V11 LambdaRank Top2,166901.6338,168851.368,762.633811,2,1229.360842,720.3733104,2401244.368,0,"{""601288.SH"": 13800.0, ""601398.SH"": 10700.0}",0.01385610022,0,0.01369391224
2025-07-07,V11 LambdaRank Top2,167377.6338,169327.368,762.633811,2,1229.360842,720.3733104,2401244.368,0,"{""601288.SH"": 13800.0, ""601398.SH"": 10700.0}",0.002851979271,0,0.002819047342
2025-07-08,V11 LambdaRank Top2,168250.6338,170200.368,762.633811,2,1229.360842,720.3733104,2401244.368,0,"{""601288.SH"": 13800.0, ""601398.SH"": 10700.0}",0.005215750636,0,0.005155693439
2025-07-09,V11 LambdaRank Top2,170317.6338,172267.368,762.633811,2,1229.360842,720.3733104,2401244.368,0,"{""601288.SH"": 13800.0, ""601398.SH"": 10700.0}",0.01228524347,0,0.01214450958
2025-07-10,V11 LambdaRank Top2,174296.6338,176246.368,762.633811,2,1229.360842,720.3733104,2401244.368,0,"{""601288.SH"": 13800.0, ""601398.SH"": 10700.0}",0.02336223156,0,0.02309781619
2025-07-11,V11 LambdaRank Top2,173685.6338,175635.368,762.633811,2,1229.360842,720.3733104,2401244.368,0,"{""601288.SH"": 13800.0, ""601398.SH"": 10700.0}",-0.003505518074,-0.003505518074,-0.003466738107
2025-07-14,V11 LambdaRank Top2,174404.7819,176354.5161,762.633811,2,1229.360842,720.3733104,2401244.368,0,"{""601288.SH"": 13800.0, ""601398.SH"": 10918.1311}",0.004140515801,0,0.004094551795
2025-07-15,V11 LambdaRank Top2,173278.0567,175227.7908,762.633811,2,1229.360842,720.3733104,2401244.368,0,"{""601288.SH"": 13800.0, ""601398.SH"": 10918.1311}",-0.006460403396,-0.006460403396,-0.006388978692
2025-07-16,V11 LambdaRank Top2,172726.0567,174675.7908,762.633811,2,1229.360842,720.3733104,2401244.368,0,"{""601288.SH"": 13800.0, ""601398.SH"": 10918.1311}",-0.003185631295,-0.009625454228,-0.003150185238
2025-07-17,V11 LambdaRank Top2,171756.1239,173705.858,762.633811,2,1229.360842,720.3733104,2401244.368,0,"{""601288.SH"": 14091.0234, ""601398.SH"": 10918.1311}",-0.005615440101,-0.01518684317,-0.005552760463
2025-07-18,V11 LambdaRank Top2,173242.6786,175192.4127,762.633811,2,1229.360842,720.3733104,2401244.368,0,"{""601288.SH"": 14091.0234, ""601398.SH"": 10918.1311}",0.008655031912,-0.006663253867,0.008557884864
2025-07-21,V11 LambdaRank Top2,172055.6787,174005.4129,762.633811,2,1229.360842,720.3733104,2401244.368,-2.910383046e-11,"{""601288.SH"": 14091.0234, ""601398.SH"": 10918.1311}",-0.006851659722,-0.01346925924,-0.006775406905
2025-07-22,V11 LambdaRank Top2,169695.6735,171645.4076,762.633811,2,1229.360842,720.3733104,2401244.368,0,"{""601288.SH"": 14091.0234, ""601398.SH"": 10918.1311}",-0.01371652038,-0.02700102826,-0.0135628265
2025-07-23,V11 LambdaRank Top2,172355.2336,174304.9677,762.633811,2,1229.360842,720.3733104,2401244.368,0,"{""601288.SH"": 14091.0234, ""601398.SH"": 10918.1311}",0.01567252729,-0.01175167532,0.01549450178
2025-07-24,V11 LambdaRank Top2,170558.8693,172508.6034,762.633811,2,1229.360842,720.3733104,2401244.368,-2.910383046e-11,"{""601288.SH"": 14091.0234, ""601398.SH"": 10918.1311}",-0.0104224528,-0.02205164683,-0.0103058697
2025-07-25,V11 LambdaRank Top2,169621.9609,171571.6951,762.633811,2,1229.360842,720.3733104,2401244.368,0,"{""601288.SH"": 14091.0234, ""601398.SH"": 10918.1311}",-0.005493166912,-0.02742368037,-0.005431081805
2025-07-28,V11 LambdaRank Top2,169762.8712,171712.6053,762.633811,2,1229.360842,720.3733104,2401244.368,-2.910383046e-11,"{""601288.SH"": 14091.0234, ""601398.SH"": 10918.1311}",0.0008307310781,-0.02661573099,0.000821290682
2025-07-29,V11 LambdaRank Top2,168403.2321,170352.9663,762.633811,2,1229.360842,720.3733104,2401244.368,0,"{""601288.SH"": 14091.0234, ""601398.SH"": 10918.1311}",-0.008009048335,-0.03441161265,-0.007918108505
2025-07-30,V11 LambdaRank Top2,170326.5121,172276.2463,762.633811,2,1229.360842,720.3733104,2401244.368,-2.910383046e-11,"{""601288.SH"": 14091.0234, ""601398.SH"": 10918.1311}",0.01142068329,-0.02338393349,0.01128997059
2025-07-31,V11 LambdaRank Top2,172077.1529,174026.8871,762.633811,2,1229.360842,720.3733104,2401244.368,0,"{""601288.SH"": 14091.0234, ""601398.SH"": 10918.1311}",0.01027814636,-0.01334613062,0.01016182358
2025-08-01,V11 LambdaRank Top2,173154.9715,175104.7056,762.633811,2,1229.360842,720.3733104,2401244.368,0,"{""601288.SH"": 14091.0234, ""601398.SH"": 10918.1311}",0.006263577432,-0.007166147712,0.006193402581
2025-08-04,V11 LambdaRank Top2,174569.8716,176663.3484,36.23176302,2,1321.42386,772.0529126,2573509.709,0,"{""601288.SH"": 13691.0234, ""601988.SH"": 15600.0}",0.008171293527,0,0.008901204068
2025-08-05,V11 LambdaRank Top2,177715.5251,179809.0019,36.23176302,2,1321.42386,772.0529126,2573509.709,0,"{""601288.SH"": 13691.0234, ""601988.SH"": 15600.0}",0.01801945255,0,0.01780592039
2025-08-06,V11 LambdaRank Top2,178966.807,181060.2838,36.23176302,2,1321.42386,772.0529126,2573509.709,0,"{""601288.SH"": 13691.0234, ""601988.SH"": 15600.0}",0.007040926081,0,0.006958950123
2025-08-07,V11 LambdaRank Top2,181134.9991,183228.4759,36.23176302,2,1321.42386,772.0529126,2573509.709,0,"{""601288.SH"": 13691.0234, ""601988.SH"": 15600.0}",0.01211505165,0,0.01197497356
2025-08-08,V11 LambdaRank Top2,180354.9991,182448.4759,36.23176302,2,1321.42386,772.0529126,2573509.709,0,"{""601288.SH"": 13691.0234, ""601988.SH"": 15600.0}",-0.004306180495,-0.004306180495,-0.004256980234
2025-08-11,V11 LambdaRank Top2,179985.7298,182079.2066,36.23176302,2,1321.42386,772.0529126,2573509.709,0,"{""601288.SH"": 13691.0234, ""601988.SH"": 15600.0}",-0.00204745806,-0.006344821831,-0.00202396482
2025-08-12,V11 LambdaRank Top2,182115.7424,184209.2191,36.23176302,2,1321.42386,772.0529126,2573509.709,0,"{""601288.SH"": 13691.0234, ""601988.SH"": 15600.0}",0.01183434143,0,0.01169827472
2025-08-13,V11 LambdaRank Top2,180183.1912,182276.668,36.23176302,2,1321.42386,772.0529126,2573509.709,0,"{""601288.SH"": 13691.0234, ""601988.SH"": 15600.0}",-0.01061166458,-0.01061166458,-0.01049106652
2025-08-14,V11 LambdaRank Top2,181670.114,183763.5908,36.23176302,2,1321.42386,772.0529126,2573509.709,0,"{""601288.SH"": 13691.0234, ""601988.SH"": 15600.0}",0.00825228371,-0.002446951334,0.008157504908
2025-08-15,V11 LambdaRank Top2,178839.7424,180933.2191,36.23176302,2,1321.42386,772.0529126,2573509.709,0,"{""601288.SH"": 13691.0234, ""601988.SH"": 15600.0}",-0.01557973174,-0.01798856023,-0.01540224388
2025-08-18,V11 LambdaRank Top2,179935.0243,182028.501,36.23176302,2,1321.42386,772.0529126,2573509.709,0,"{""601288.SH"": 13691.0234, ""601988.SH"": 15600.0}",0.006124376278,-0.01197435266,0.006053514556
2025-08-19,V11 LambdaRank Top2,182883.2164,184976.6931,36.23176302,2,1321.42386,772.0529126,2573509.709,0,"{""601288.SH"": 13691.0234, ""601988.SH"": 15600.0}",0.01638475957,0,0.01619632142
2025-08-20,V11 LambdaRank Top2,185420.6778,187514.1545,36.23176302,2,1321.42386,772.0529126,2573509.709,0,"{""601288.SH"": 13691.0234, ""601988.SH"": 15600.0}",0.01387476367,0,0.01371773581
2025-08-21,V11 LambdaRank Top2,188098.3313,190191.8081,36.23176302,2,1321.42386,772.0529126,2573509.709,0,"{""601288.SH"": 13691.0234, ""601988.SH"": 15600.0}",0.014440965,0,0.01427974077
2025-08-22,V11 LambdaRank Top2,188900.7029,190994.1797,36.23176302,2,1321.42386,772.0529126,2573509.709,0,"{""601288.SH"": 13691.0234, ""601988.SH"": 15600.0}",0.004265703134,0,0.004218749743
2025-08-25,V11 LambdaRank Top2,188041.062,190134.5388,36.23176302,2,1321.42386,772.0529126,2573509.709,0,"{""601288.SH"": 13691.0234, ""601988.SH"": 15600.0}",-0.004550755633,-0.004550755633,-0.004500875049
2025-08-26,V11 LambdaRank Top2,188002.8825,190096.3592,36.23176302,2,1321.42386,772.0529126,2573509.709,0,"{""601288.SH"": 13691.0234, ""601988.SH"": 15600.0}",-0.0002030382654,-0.004752869921,-0.0002008027121
2025-08-27,V11 LambdaRank Top2,183959.4085,186052.8852,36.23176302,2,1321.42386,772.0529126,2573509.709,0,"{""601288.SH"": 13691.0234, ""601988.SH"": 15600.0}",-0.02150751059,-0.02615815811,-0.02127065454
2025-08-28,V11 LambdaRank Top2,182415.2164,184508.6931,36.23176302,2,1321.42386,772.0529126,2573509.709,0,"{""601288.SH"": 13691.0234, ""601988.SH"": 15600.0}",-0.008394200237,-0.03433278153,-0.008299748258
2025-08-29,V11 LambdaRank Top2,182259.2164,184352.6931,36.23176302,2,1321.42386,772.0529126,2573509.709,0,"{""601288.SH"": 13691.0234, ""601988.SH"": 15600.0}",-0.0008551918152,-0.03515861224,-0.0008454886182
2025-09-01,V11 LambdaRank Top2,182669.9471,184763.4238,36.23176302,2,1321.42386,772.0529126,2573509.709,0,"{""601288.SH"": 13691.0234, ""601988.SH"": 15600.0}",0.002253552449,-0.03298429156,0.002227961504
2025-09-02,V11 LambdaRank Top2,185851.9546,188104.6034,756.9546271,2,1423.111061,829.537681,2765125.603,0,"{""601939.SH"": 10000.0, ""601988.SH"": 16500.0}",0.0174194366,-0.01613942274,0.01808355497
2025-09-03,V11 LambdaRank Top2,183631.9546,185884.6034,756.9546271,2,1423.111061,829.537681,2765125.603,0,"{""601939.SH"": 10000.0, ""601988.SH"": 16500.0}",-0.0119449914,-0.02789162888,-0.01180194403
2025-09-04,V11 LambdaRank Top2,185486.9546,187739.6034,756.9546271,2,1423.111061,829.537681,2765125.603,0,"{""601939.SH"": 10000.0, ""601988.SH"": 16500.0}",0.01010172769,-0.01807165483,0.009979309563
2025-09-05,V11 LambdaRank Top2,182336.9546,184589.6034,756.9546271,2,1423.111061,829.537681,2765125.603,0,"{""601939.SH"": 10000.0, ""601988.SH"": 16500.0}",-0.01698232637,-0.03474708246,-0.01677855894
2025-09-08,V11 LambdaRank Top2,181011.9546,183264.6034,756.9546271,2,1423.111061,829.537681,2765125.603,0,"{""601939.SH"": 10000.0, ""601988.SH"": 16500.0}",-0.007266766096,-0.04176134963,-0.007178085742
2025-09-09,V11 LambdaRank Top2,181276.9546,183529.6034,756.9546271,2,1423.111061,829.537681,2765125.603,0,"{""601939.SH"": 10000.0, ""601988.SH"": 16500.0}",0.001463991705,-0.0403584962,0.001445996636
2025-09-10,V11 LambdaRank Top2,182841.9546,185094.6034,756.9546271,2,1423.111061,829.537681,2765125.603,0,"{""601939.SH"": 10000.0, ""601988.SH"": 16500.0}",0.008633198871,-0.03207372025,0.008527234687
2025-09-11,V11 LambdaRank Top2,183106.9546,185359.6034,756.9546271,2,1423.111061,829.537681,2765125.603,0,"{""601939.SH"": 10000.0, ""601988.SH"": 16500.0}",0.001449339133,-0.03067086682,0.001431700304
2025-09-12,V11 LambdaRank Top2,182376.9546,184629.6034,756.9546271,2,1423.111061,829.537681,2765125.603,0,"{""601939.SH"": 10000.0, ""601988.SH"": 16500.0}",-0.003986740981,-0.034535331,-0.003938290689
2025-09-15,V11 LambdaRank Top2,181246.9546,183499.6034,756.9546271,2,1423.111061,829.537681,2765125.603,0,"{""601939.SH"": 10000.0, ""601988.SH"": 16500.0}",-0.006195958268,-0.04051730979,-0.006120361954
2025-09-16,V11 LambdaRank Top2,180121.9546,182374.6034,756.9546271,2,1423.111061,829.537681,2765125.603,0,"{""601939.SH"": 10000.0, ""601988.SH"": 16500.0}",-0.006207000842,-0.04647281966,-0.006130803442
2025-09-17,V11 LambdaRank Top2,179856.9546,182109.6034,756.9546271,2,1423.111061,829.537681,2765125.603,0,"{""601939.SH"": 10000.0, ""601988.SH"": 16500.0}",-0.001471225429,-0.0478756731,-0.001453053194
2025-09-18,V11 LambdaRank Top2,175906.9546,178159.6034,756.9546271,2,1423.111061,829.537681,2765125.603,0,"{""601939.SH"": 10000.0, ""601988.SH"": 16500.0}",-0.02196189749,-0.06878612996,-0.02169023449
2025-09-19,V11 LambdaRank Top2,176841.9546,179094.6034,756.9546271,2,1423.111061,829.537681,2765125.603,0,"{""601939.SH"": 10000.0, ""601988.SH"": 16500.0}",0.005315310028,-0.06383643954,0.005248103287
2025-09-22,V11 LambdaRank Top2,172621.9546,174874.6034,756.9546271,2,1423.111061,829.537681,2765125.603,0,"{""601939.SH"": 10000.0, ""601988.SH"": 16500.0}",-0.02386311556,-0.08617621877,-0.02356296572
2025-09-23,V11 LambdaRank Top2,176706.9546,178959.6034,756.9546271,2,1423.111061,829.537681,2765125.603,0,"{""601939.SH"": 10000.0, ""601988.SH"": 16500.0}",0.02366442906,-0.06455110072,0.02335959551
2025-09-24,V11 LambdaRank Top2,175376.9546,177629.6034,756.9546271,2,1423.111061,829.537681,2765125.603,0,"{""601939.SH"": 10000.0, ""601988.SH"": 16500.0}",-0.007526585486,-0.07159183683,-0.007431844813
2025-09-25,V11 LambdaRank Top2,174516.9546,176769.6034,756.9546271,2,1423.111061,829.537681,2765125.603,0,"{""601939.SH"": 10000.0, ""601988.SH"": 16500.0}",-0.004903722965,-0.07614449326,-0.004841535328
2025-09-26,V11 LambdaRank Top2,173816.9546,176069.6034,756.9546271,2,1423.111061,829.537681,2765125.603,0,"{""601939.SH"": 10000.0, ""601988.SH"": 16500.0}",-0.004011071598,-0.07985014384,-0.00395995684
2025-09-29,V11 LambdaRank Top2,172556.9546,174809.6034,756.9546271,2,1423.111061,829.537681,2765125.603,0,"{""601939.SH"": 10000.0, ""601988.SH"": 16500.0}",-0.007249005154,-0.08652031489,-0.007156260796
2025-09-30,V11 LambdaRank Top2,172326.9546,174579.6034,756.9546271,2,1423.111061,829.537681,2765125.603,0,"{""601939.SH"": 10000.0, ""601988.SH"": 16500.0}",-0.00133289325,-0.0877378858,-0.001315717189
2025-10-09,V11 LambdaRank Top2,173751.9546,176004.6034,756.9546271,2,1423.111061,829.537681,2765125.603,0,"{""601939.SH"": 10000.0, ""601988.SH"": 16500.0}",0.008269164874,-0.08019423997,0.00816246556
2025-10-10,V11 LambdaRank Top2,174920.5256,177452.6034,555.5255927,2,1599.045496,933.032281,3110107.603,0,"{""601288.SH"": 12900.0, ""601398.SH"": 11800.0}",0.006725512631,-0.07400807471,0.008227057544
2025-10-13,V11 LambdaRank Top2,175480.5256,178012.6034,555.5255927,2,1599.045496,933.032281,3110107.603,0,"{""601288.SH"": 12900.0, ""601398.SH"": 11800.0}",0.003201453907,-0.07104355424,0.003155772242
2025-10-14,V11 LambdaRank Top2,181032.5256,183564.6034,555.5255927,2,1599.045496,933.032281,3110107.603,0,"{""601288.SH"": 12900.0, ""601398.SH"": 11800.0}",0.03163883845,-0.04165245133,0.0311888029
2025-10-15,V11 LambdaRank Top2,182366.5256,184898.6034,555.5255927,2,1599.045496,933.032281,3110107.603,0,"{""601288.SH"": 12900.0, ""601398.SH"": 11800.0}",0.007368841569,-0.03459054008,0.007267196265
2025-10-16,V11 LambdaRank Top2,187210.5256,189742.6034,555.5255927,2,1599.045496,933.032281,3110107.603,0,"{""601288.SH"": 12900.0, ""601398.SH"": 11800.0}",0.02656189223,-0.008947438041,0.02619814272
2025-10-17,V11 LambdaRank Top2,188769.5256,191301.6034,555.5255927,2,1599.045496,933.032281,3110107.603,0,"{""601288.SH"": 12900.0, ""601398.SH"": 11800.0}",0.008327523226,-0.0006944248129,0.008216394064
2025-10-20,V11 LambdaRank Top2,190328.5256,192860.6034,555.5255927,2,1599.045496,933.032281,3110107.603,0,"{""601288.SH"": 12900.0, ""601398.SH"": 11800.0}",0.008258748308,0,0.008149435094
2025-10-21,V11 LambdaRank Top2,192359.5256,194891.6034,555.5255927,2,1599.045496,933.032281,3110107.603,0,"{""601288.SH"": 12900.0, ""601398.SH"": 11800.0}",0.01067102261,0,0.01053092215
2025-10-22,V11 LambdaRank Top2,196484.5256,199016.6034,555.5255927,2,1599.045496,933.032281,3110107.603,0,"{""601288.SH"": 12900.0, ""601398.SH"": 11800.0}",0.02144422007,0,0.0211656117
2025-10-23,V11 LambdaRank Top2,196138.5256,198670.6034,555.5255927,2,1599.045496,933.032281,3110107.603,0,"{""601288.SH"": 12900.0, ""601398.SH"": 11800.0}",-0.001760952925,-0.001760952925,-0.001738548413
2025-10-24,V11 LambdaRank Top2,196138.5256,198670.6034,555.5255927,2,1599.045496,933.032281,3110107.603,0,"{""601288.SH"": 12900.0, ""601398.SH"": 11800.0}",0,-0.001760952925,0
2025-10-27,V11 LambdaRank Top2,199415.5256,201947.6034,555.5255927,2,1599.045496,933.032281,3110107.603,0,"{""601288.SH"": 12900.0, ""601398.SH"": 11800.0}",0.01670757945,0,0.01649463959
2025-10-28,V11 LambdaRank Top2,202036.5256,204568.6034,555.5255927,2,1599.045496,933.032281,3110107.603,0,"{""601288.SH"": 12900.0, ""601398.SH"": 11800.0}",0.01314340993,0,0.01297861404
2025-10-29,V11 LambdaRank Top2,198084.5256,200616.6034,555.5255927,2,1599.045496,933.032281,3110107.603,0,"{""601288.SH"": 12900.0, ""601398.SH"": 11800.0}",-0.01956081945,-0.01956081945,-0.01931870255
2025-10-30,V11 LambdaRank Top2,197041.5256,199573.6034,555.5255927,2,1599.045496,933.032281,3110107.603,0,"{""601288.SH"": 12900.0, ""601398.SH"": 11800.0}",-0.005265428972,-0.02472325232,-0.005198971483
2025-10-31,V11 LambdaRank Top2,195043.5256,197575.6034,555.5255927,2,1599.045496,933.032281,3110107.603,0,"{""601288.SH"": 12900.0, ""601398.SH"": 11800.0}",-0.01013999457,-0.03461255325,-0.01001134402
2025-11-03,V11 LambdaRank Top2,197104.5256,199636.6034,555.5255927,2,1599.045496,933.032281,3110107.603,0,"{""601288.SH"": 12900.0, ""601398.SH"": 11800.0}",0.01056687216,-0.02441142752,0.01043144986
2025-11-04,V11 LambdaRank Top2,201669.1659,204216.6034,612.1659138,2,1611.543175,935.894281,3119647.603,0,"{""601288.SH"": 12300.0, ""601398.SH"": 12400.0}",0.02315847547,-0.00181828349,0.02294168465
2025-11-05,V11 LambdaRank Top2,202162.1659,204709.6034,612.1659138,2,1611.543175,935.894281,3119647.603,0,"{""601288.SH"": 12300.0, ""601398.SH"": 12400.0}",0.002444597803,0,0.002414103417
2025-11-06,V11 LambdaRank Top2,201296.1659,203843.6034,612.1659138,2,1611.543175,935.894281,3119647.603,0,"{""601288.SH"": 12300.0, ""601398.SH"": 12400.0}",-0.00428368976,-0.00428368976,-0.004230382873
2025-11-07,V11 LambdaRank Top2,199816.1659,202363.6034,612.1659138,2,1611.543175,935.894281,3119647.603,0,"{""601288.SH"": 12300.0, ""601398.SH"": 12400.0}",-0.007352350668,-0.01160454524,-0.0072604682
2025-11-10,V11 LambdaRank Top2,201176.1659,203723.6034,612.1659138,2,1611.543175,935.894281,3119647.603,0,"{""601288.SH"": 12300.0, ""601398.SH"": 12400.0}",0.006806256109,-0.004877272637,0.006720576118
2025-11-11,V11 LambdaRank Top2,203886.1659,206433.6034,612.1659138,2,1611.543175,935.894281,3119647.603,0,"{""601288.SH"": 12300.0, ""601398.SH"": 12400.0}",0.01347078063,0,0.01330233687
2025-11-12,V11 LambdaRank Top2,207825.1659,210372.6034,612.1659138,2,1611.543175,935.894281,3119647.603,0,"{""601288.SH"": 12300.0, ""601398.SH"": 12400.0}",0.01931960407,0,0.01908119577
2025-11-13,V11 LambdaRank Top2,207704.1659,210251.6034,612.1659138,2,1611.543175,935.894281,3119647.603,0,"{""601288.SH"": 12300.0, ""601398.SH"": 12400.0}",-0.0005822201535,-0.0005822201535,-0.0005751699511
2025-11-14,V11 LambdaRank Top2,207462.1659,210009.6034,612.1659138,2,1611.543175,935.894281,3119647.603,0,"{""601288.SH"": 12300.0, ""601398.SH"": 12400.0}",-0.001165118663,-0.001746660461,-0.001151001924
2025-11-17,V11 LambdaRank Top2,204256.1659,206803.6034,612.1659138,2,1611.543175,935.894281,3119647.603,0,"{""601288.SH"": 12300.0, ""601398.SH"": 12400.0}",-0.01545342008,-0.01717308866,-0.01526596855
2025-11-18,V11 LambdaRank Top2,203029.1659,205576.6034,612.1659138,2,1611.543175,935.894281,3119647.603,0,"{""601288.SH"": 12300.0, ""601398.SH"": 12400.0}",-0.006007162597,-0.02307708972,-0.005933165477
2025-11-19,V11 LambdaRank Top2,203770.1659,206317.6034,612.1659138,2,1611.543175,935.894281,3119647.603,0,"{""601288.SH"": 12300.0, ""601398.SH"": 12400.0}",0.003649721934,-0.01951159275,0.003604495783
2025-11-20,V11 LambdaRank Top2,203528.1659,206075.6034,612.1659138,2,1611.543175,935.894281,3119647.603,0,"{""601288.SH"": 12300.0, ""601398.SH"": 12400.0}",-0.001187612519,-0.02067603305,-0.001172948871
2025-11-21,V11 LambdaRank Top2,201927.1659,204474.6034,612.1659138,2,1611.543175,935.894281,3119647.603,0,"{""601288.SH"": 12300.0, ""601398.SH"": 12400.0}",-0.007866233122,-0.02837962368,-0.007768993388
2025-11-24,V11 LambdaRank Top2,200938.1659,203485.6034,612.1659138,2,1611.543175,935.894281,3119647.603,0,"{""601288.SH"": 12300.0, ""601398.SH"": 12400.0}",-0.00489780558,-0.03313843138,-0.004836786494
2025-11-25,V11 LambdaRank Top2,202917.1659,205464.6034,612.1659138,2,1611.543175,935.894281,3119647.603,0,"{""601288.SH"": 12300.0, ""601398.SH"": 12400.0}",0.009848800953,-0.02361600424,0.009725503757
2025-11-26,V11 LambdaRank Top2,199458.1659,202005.6034,612.1659138,2,1611.543175,935.894281,3119647.603,0,"{""601288.SH"": 12300.0, ""601398.SH"": 12400.0}",-0.01704636463,-0.04025980185,-0.01683501656
2025-11-27,V11 LambdaRank Top2,201426.1659,203973.6034,612.1659138,2,1611.543175,935.894281,3119647.603,0,"{""601288.SH"": 12300.0, ""601398.SH"": 12400.0}",0.009866730655,-0.03079030382,0.009742304011
2025-11-28,V11 LambdaRank Top2,200068.1659,202615.6034,612.1659138,2,1611.543175,935.894281,3119647.603,0,"{""601288.SH"": 12300.0, ""601398.SH"": 12400.0}",-0.006741924486,-0.0373246424,-0.006657724223
2025-12-01,V11 LambdaRank Top2,199205.1659,201752.6034,612.1659138,2,1611.543175,935.894281,3119647.603,0,"{""601288.SH"": 12300.0, ""601398.SH"": 12400.0}",-0.004313529821,-0.04147717127,-0.004259296844
2025-12-02,V11 LambdaRank Top2,199568.2637,202126.6034,613.2636752,2,1621.963613,936.376081,3121253.603,0,"{""601288.SH"": 12400.0, ""601398.SH"": 12300.0}",0.001822732657,-0.0397300404,0.001853755509
2025-12-03,V11 LambdaRank Top2,198580.2637,201138.6034,613.2636752,2,1621.963613,936.376081,3121253.603,0,"{""601288.SH"": 12400.0, ""601398.SH"": 12300.0}",-0.004950686957,-0.04448403637,-0.004888025542
2025-12-04,V11 LambdaRank Top2,197588.2637,200146.6034,613.2636752,2,1621.963613,936.376081,3121253.603,0,"{""601288.SH"": 12400.0, ""601398.SH"": 12300.0}",-0.004995461189,-0.04925727928,-0.004931922482
2025-12-05,V11 LambdaRank Top2,195858.2637,198416.6034,613.2636752,2,1621.963613,936.376081,3121253.603,0,"{""601288.SH"": 12400.0, ""601398.SH"": 12300.0}",-0.008755580761,-0.05758158395,-0.008643664049
2025-12-08,V11 LambdaRank Top2,196106.2637,198664.6034,613.2636752,2,1621.963613,936.376081,3121253.603,0,"{""601288.SH"": 12400.0, ""601398.SH"": 12300.0}",0.001266221784,-0.05638827323,0.001249895401
2025-12-09,V11 LambdaRank Top2,199939.2637,202497.6034,613.2636752,2,1621.963613,936.376081,3121253.603,0,"{""601288.SH"": 12400.0, ""601398.SH"": 12300.0}",0.01954552562,-0.03794488605,0.01929382454
2025-12-10,V11 LambdaRank Top2,195243.2637,197801.6034,613.2636752,2,1621.963613,936.376081,3121253.603,0,"{""601288.SH"": 12400.0, ""601398.SH"": 12300.0}",-0.02348713261,-0.06054080209,-0.02319039792
2025-12-11,V11 LambdaRank Top2,197345.2637,199903.6034,613.2636752,2,1621.963613,936.376081,3121253.603,0,"{""601288.SH"": 12400.0, ""601398.SH"": 12300.0}",0.01076605646,-0.05042653132,0.01062680971
2025-12-12,V11 LambdaRank Top2,194372.2637,196930.6034,613.2636752,2,1621.963613,936.376081,3121253.603,0,"{""601288.SH"": 12400.0, ""601398.SH"": 12300.0}",-0.01506496758,-0.06473182485,-0.01487216813
2025-12-15,V11 LambdaRank Top2,192739.8104,195298.1501,613.2636752,2,1621.963613,936.376081,3121253.603,0,"{""601288.SH"": 12596.0053, ""601398.SH"": 12520.1623}",-0.008398591631,-0.07258676032,-0.008289484921
2025-12-16,V11 LambdaRank Top2,190977.8865,193536.2262,613.2636752,2,1621.963613,936.376081,3121253.603,0,"{""601288.SH"": 12596.0053, ""601398.SH"": 12520.1623}",-0.009141463158,-0.08106467428,-0.009021713084
2025-12-17,V11 LambdaRank Top2,192235.9702,194794.3099,613.2636752,2,1621.963613,936.376081,3121253.603,0,"{""601288.SH"": 12596.0053, ""601398.SH"": 12520.1623}",0.006587588169,-0.0750111068,0.006500507375
2025-12-18,V11 LambdaRank Top2,196379.0002,198937.3399,613.2636752,2,1621.963613,936.376081,3121253.603,0,"{""601288.SH"": 12596.0053, ""601398.SH"": 12520.1623}",0.02155179384,-0.05507593687,0.0212687424
2025-12-19,V11 LambdaRank Top2,194371.9821,196930.3218,613.2636752,2,1621.963613,936.376081,3121253.603,0,"{""601288.SH"": 12596.0053, ""601398.SH"": 12520.1623}",-0.01022012594,-0.0647331798,-0.01008869483
2025-12-22,V11 LambdaRank Top2,195001.0239,197559.3636,613.2636752,2,1621.963613,936.376081,3121253.603,0,"{""601288.SH"": 12596.0053, ""601398.SH"": 12520.1623}",0.003236278327,-0.06170639606,0.003194235541
2025-12-23,V11 LambdaRank Top2,196258.3492,198816.6888,613.2636752,2,1621.963613,936.376081,3121253.603,0,"{""601288.SH"": 12596.0053, ""601398.SH"": 12520.1623}",0.006447787867,-0.05565647794,0.006364290779
2025-12-24,V11 LambdaRank Top2,195881.2274,198439.5671,613.2636752,2,1621.963613,936.376081,3121253.603,0,"{""601288.SH"": 12596.0053, ""601398.SH"": 12520.1623}",-0.001921557628,-0.05747108844,-0.001896831348
2025-12-25,V11 LambdaRank Top2,194499.459,197057.7987,613.2636752,2,1621.963613,936.376081,3121253.603,0,"{""601288.SH"": 12596.0053, ""601398.SH"": 12520.1623}",-0.007054113593,-0.06411979445,-0.006963169942
2025-12-26,V11 LambdaRank Top2,192991.7305,195550.0702,613.2636752,2,1621.963613,936.376081,3121253.603,0,"{""601288.SH"": 12596.0053, ""601398.SH"": 12520.1623}",-0.007751838948,-0.07137458707,-0.00765119925
2025-12-29,V11 LambdaRank Top2,195380.4209,197938.7606,613.2636752,2,1621.963613,936.376081,3121253.603,0,"{""601288.SH"": 12596.0053, ""601398.SH"": 12520.1623}",0.01237716462,-0.05988083746,0.01221523683
2025-12-30,V11 LambdaRank Top2,194752.1375,197310.4772,613.2636752,2,1621.963613,936.376081,3121253.603,0,"{""601288.SH"": 12596.0053, ""601398.SH"": 12520.1623}",-0.00321569275,-0.06290397184,-0.003174130227
2025-12-31,V11 LambdaRank Top2,196635.4709,199193.8106,613.2636752,2,1621.963613,936.376081,3121253.603,0,"{""601288.SH"": 12596.0053, ""601398.SH"": 12520.1623}",0.009670411703,-0.05384186744,0.009545024554
2026-01-05,V11 LambdaRank Top2,193872.6925,196431.0321,613.2636752,2,1621.963613,936.376081,3121253.603,0,"{""601288.SH"": 12596.0053, ""601398.SH"": 12520.1623}",-0.0140502546,-0.06713563009,-0.01386980057
2026-01-06,V11 LambdaRank Top2,193485.462,196054.6688,626.3965124,2,1632.369376,936.837481,3122791.603,0,"{""601288.SH"": 12696.0053, ""601398.SH"": 12420.1623}",-0.001997344009,-0.06899888115,-0.001916007333
2026-01-07,V11 LambdaRank Top2,191975.7335,194544.9404,626.3965124,2,1632.369376,936.837481,3122791.603,0,"{""601288.SH"": 12696.0053, ""601398.SH"": 12420.1623}",-0.007802800614,-0.07626329725,-0.007700548477
2026-01-08,V11 LambdaRank Top2,190595.7235,193164.9304,626.3965124,2,1632.369376,936.837481,3122791.603,0,"{""601288.SH"": 12696.0053, ""601398.SH"": 12420.1623}",-0.007188460615,-0.08290354216,-0.00709352809
2026-01-09,V11 LambdaRank Top2,190463.2466,193032.4535,626.3965124,2,1632.369376,936.837481,3122791.603,0,"{""601288.SH"": 12696.0053, ""601398.SH"": 12420.1623}",-0.0006950675998,-0.08354098619,-0.0006858227931
2026-01-12,V11 LambdaRank Top2,192232.412,194801.6189,626.3965124,2,1632.369376,936.837481,3122791.603,0,"{""601288.SH"": 12696.0053, ""601398.SH"": 12420.1623}",0.009288749813,-0.0750282277,0.009165119204
2026-01-13,V11 LambdaRank Top2,194244.4639,196813.6707,626.3965124,2,1632.369376,936.837481,3122791.603,0,"{""601288.SH"": 12696.0053, ""601398.SH"": 12420.1623}",0.01046676682,-0.06534676384,0.01032872234
2026-01-14,V11 LambdaRank Top2,191103.5637,193672.7706,626.3965124,2,1632.369376,936.837481,3122791.603,0,"{""601288.SH"": 12696.0053, ""601398.SH"": 12420.1623}",-0.01616983101,-0.08045994873,-0.01595874994
2026-01-15,V11 LambdaRank Top2,189074.9613,191644.1682,626.3965124,2,1632.369376,936.837481,3122791.603,0,"{""601288.SH"": 12696.0053, ""601398.SH"": 12420.1623}",-0.01061519927,-0.09022104961,-0.01047438112
2026-01-16,V11 LambdaRank Top2,186682.0293,189251.2362,626.3965124,2,1632.369376,936.837481,3122791.603,0,"{""601288.SH"": 12696.0053, ""601398.SH"": 12420.1623}",-0.01265599619,-0.1017352085,-0.01248632824
2026-01-19,V11 LambdaRank Top2,184291.8558,186861.0626,626.3965124,2,1632.369376,936.837481,3122791.603,0,"{""601288.SH"": 12696.0053, ""601398.SH"": 12420.1623}",-0.01280344749,-0.1132360946,-0.01262963248
2026-01-20,V11 LambdaRank Top2,185304.7777,187873.9846,626.3965124,2,1632.369376,936.837481,3122791.603,0,"{""601288.SH"": 12696.0053, ""601398.SH"": 12420.1623}",0.005496292749,-0.1083621806,0.005420722629
2026-01-21,V11 LambdaRank Top2,180278.7858,182847.9927,626.3965124,2,1632.369376,936.837481,3122791.603,0,"{""601288.SH"": 12696.0053, ""601398.SH"": 12420.1623}",-0.02712284053,-0.132545931,-0.02675193134
2026-01-22,V11 LambdaRank Top2,177380.772,179949.9789,626.3965124,2,1632.369376,936.837481,3122791.603,0,"{""601288.SH"": 12696.0053, ""601398.SH"": 12420.1623}",-0.0160751791,-0.1464904105,-0.01584930591
2026-01-23,V11 LambdaRank Top2,175873.802,178443.0088,626.3965124,2,1632.369376,936.837481,3122791.603,0,"{""601288.SH"": 12696.0053, ""601398.SH"": 12420.1623}",-0.008495678728,-0.1537415538,-0.008374383043
2026-01-26,V11 LambdaRank Top2,177389.0473,179958.2542,626.3965124,2,1632.369376,936.837481,3122791.603,0,"{""601288.SH"": 12696.0053, ""601398.SH"": 12420.1623}",0.008615526156,-0.146450592,0.008491480562
2026-01-27,V11 LambdaRank Top2,177899.646,180468.8528,626.3965124,2,1632.369376,936.837481,3122791.603,0,"{""601288.SH"": 12696.0053, ""601398.SH"": 12420.1623}",0.002878411309,-0.1439937257,0.002837317145
2026-01-28,V11 LambdaRank Top2,176384.4006,178953.6075,626.3965124,2,1632.369376,936.837481,3122791.603,0,"{""601288.SH"": 12696.0053, ""601398.SH"": 12420.1623}",-0.008517416282,-0.1512846875,-0.008396159877
2026-01-29,V11 LambdaRank Top2,176875.6903,179444.8971,626.3965124,2,1632.369376,936.837481,3122791.603,0,"{""601288.SH"": 12696.0053, ""601398.SH"": 12420.1623}",0.002785334926,-0.1489207311,0.002745346341
2026-01-30,V11 LambdaRank Top2,175989.7283,178558.9352,626.3965124,2,1632.369376,936.837481,3122791.603,0,"{""601288.SH"": 12696.0053, ""601398.SH"": 12420.1623}",-0.00500895254,-0.1531837468,-0.004937236735
2026-02-02,V11 LambdaRank Top2,177620.9,180190.1069,626.3965124,2,1632.369376,936.837481,3122791.603,0,"{""601288.SH"": 12696.0053, ""601398.SH"": 12420.1623}",0.009268561808,-0.145334978,0.009135200504
2026-02-03,V11 LambdaRank Top2,174361.8777,177082.183,642.4827327,2,1729.117621,991.1876364,3303958.788,0,"{""601288.SH"": 13096.0053, ""601939.SH"": 10000.0}",-0.01834819144,-0.1610165354,-0.01724802727
2026-02-04,V11 LambdaRank Top2,175192.8378,177913.143,642.4827327,2,1729.117621,991.1876364,3303958.788,0,"{""601288.SH"": 13096.0053, ""601939.SH"": 10000.0}",0.004765720944,-0.1570181744,0.00469251078
2026-02-05,V11 LambdaRank Top2,176685.7179,179406.0232,642.4827327,2,1729.117621,991.1876364,3303958.788,0,"{""601288.SH"": 13096.0053, ""601939.SH"": 10000.0}",0.008521353821,-0.149834828,0.008391061684
2026-02-06,V11 LambdaRank Top2,176392.8378,179113.143,642.4827327,2,1729.117621,991.1876364,3303958.788,0,"{""601288.SH"": 13096.0053, ""601939.SH"": 10000.0}",-0.001657633458,-0.1512440902,-0.001632499023
2026-02-09,V11 LambdaRank Top2,177116.678,179836.9832,642.4827327,2,1729.117621,991.1876364,3303958.788,0,"{""601288.SH"": 13096.0053, ""601939.SH"": 10000.0}",0.004103569166,-0.1477611616,0.00404124565
2026-02-10,V11 LambdaRank Top2,178478.5981,181198.9033,642.4827327,2,1729.117621,991.1876364,3303958.788,0,"{""601288.SH"": 13096.0053, ""601939.SH"": 10000.0}",0.007689395039,-0.1412079605,0.007573081357
2026-02-11,V11 LambdaRank Top2,179164.3584,181884.6637,642.4827327,2,1729.117621,991.1876364,3303958.788,0,"{""601288.SH"": 13096.0053, ""601939.SH"": 10000.0}",0.003842255164,-0.1379082624,0.003784572106
2026-02-12,V11 LambdaRank Top2,175307.0775,178027.3827,642.4827327,2,1729.117621,991.1876364,3303958.788,0,"{""601288.SH"": 13096.0053, ""601939.SH"": 10000.0}",-0.0215292873,-0.1564684831,-0.02120729075
2026-02-13,V11 LambdaRank Top2,172897.4769,175617.7822,642.4827327,2,1729.117621,991.1876364,3303958.788,0,"{""601288.SH"": 13096.0053, ""601939.SH"": 10000.0}",-0.01374502707,-0.1680628466,-0.01353499944
2026-02-24,V11 LambdaRank Top2,172304.5968,175024.902,642.4827327,2,1729.117621,991.1876364,3303958.788,0,"{""601288.SH"": 13096.0053, ""601939.SH"": 10000.0}",-0.003429085075,-0.1709156299,-0.003375968824
2026-02-25,V11 LambdaRank Top2,172397.4769,175117.7822,642.4827327,2,1729.117621,991.1876364,3303958.788,0,"{""601288.SH"": 13096.0053, ""601939.SH"": 10000.0}",0.0005390463131,-0.170468715,0.0005306682451
2026-02-26,V11 LambdaRank Top2,170918.8365,173639.1417,642.4827327,2,1729.117621,991.1876364,3303958.788,0,"{""601288.SH"": 13096.0053, ""601939.SH"": 10000.0}",-0.008576926409,-0.1775835438,-0.008443691179
2026-02-27,V11 LambdaRank Top2,170356.9164,173077.2216,642.4827327,2,1729.117621,991.1876364,3303958.788,0,"{""601288.SH"": 13096.0053, ""601939.SH"": 10000.0}",-0.003287642935,-0.1802873554,-0.00323613731
2026-03-02,V11 LambdaRank Top2,172604.5968,175324.902,642.4827327,2,1729.117621,991.1876364,3303958.788,0,"{""601288.SH"": 13096.0053, ""601939.SH"": 10000.0}",0.01319394873,-0.1694721088,0.01298657558
2026-03-03,V11 LambdaRank Top2,177778.1191,180643.9033,720.003777,2,1822.463477,1043.320736,3477735.788,0,"{""601288.SH"": 13296.0053, ""601398.SH"": 12300.0}",0.02997325943,-0.1445784809,0.03033796826
2026-03-04,V11 LambdaRank Top2,176621.3189,179487.1031,720.003777,2,1822.463477,1043.320736,3477735.788,0,"{""601288.SH"": 13296.0053, ""601398.SH"": 12300.0}",-0.006506988983,-0.1501446993,-0.006403760333
2026-03-05,V11 LambdaRank Top2,177788.0792,180653.8634,720.003777,2,1822.463477,1043.320736,3477735.788,0,"{""601288.SH"": 13296.0053, ""601398.SH"": 12300.0}",0.006605999336,-0.1445305557,0.006500524523
2026-03-06,V11 LambdaRank Top2,177256.239,180122.0232,720.003777,2,1822.463477,1043.320736,3477735.788,0,"{""601288.SH"": 13296.0053, ""601398.SH"": 12300.0}",-0.002991427843,-0.1470896309,-0.002943973631
2026-03-09,V11 LambdaRank Top2,176601.3988,179467.183,720.003777,2,1822.463477,1043.320736,3477735.788,0,"{""601288.SH"": 13296.0053, ""601398.SH"": 12300.0}",-0.003694314028,-0.1502405496,-0.003635536613
2026-03-10,V11 LambdaRank Top2,174799.7183,177665.5026,720.003777,2,1822.463477,1043.320736,3477735.788,0,"{""601288.SH"": 13296.0053, ""601398.SH"": 12300.0}",-0.01020196008,-0.1589097616,-0.01003905221
2026-03-11,V11 LambdaRank Top2,176448.5186,179314.3028,720.003777,2,1822.463477,1043.320736,3477735.788,0,"{""601288.SH"": 13296.0053, ""601398.SH"": 12300.0}",0.00943251098,-0.1509761687,0.009280362473
2026-03-12,V11 LambdaRank Top2,177073.4787,179939.2629,720.003777,2,1822.463477,1043.320736,3477735.788,0,"{""601288.SH"": 13296.0053, ""601398.SH"": 12300.0}",0.00354188325,-0.1479690254,0.003485277207
2026-03-13,V11 LambdaRank Top2,177299.5586,180165.3428,720.003777,2,1822.463477,1043.320736,3477735.788,0,"{""601288.SH"": 13296.0053, ""601398.SH"": 12300.0}",0.001276757517,-0.1468811884,0.001256423369
2026-03-16,V11 LambdaRank Top2,178313.4387,181179.2229,720.003777,2,1822.463477,1043.320736,3477735.788,0,"{""601288.SH"": 13296.0053, ""601398.SH"": 12300.0}",0.005718458443,-0.142002664,0.005627498286
2026-03-17,V11 LambdaRank Top2,181497.9993,184363.7835,720.003777,2,1822.463477,1043.320736,3477735.788,0,"{""601288.SH"": 13296.0053, ""601398.SH"": 12300.0}",0.0178593414,-0.1266793966,0.01757685305
2026-03-18,V11 LambdaRank Top2,181232.0792,184097.8634,720.003777,2,1822.463477,1043.320736,3477735.788,0,"{""601288.SH"": 13296.0053, ""601398.SH"": 12300.0}",-0.001465140696,-0.1279589342,-0.001442366283
2026-03-19,V11 LambdaRank Top2,184150.7197,187016.5039,720.003777,2,1822.463477,1043.320736,3477735.788,0,"{""601288.SH"": 13296.0053, ""601398.SH"": 12300.0}",0.01610443629,-0.1139152044,0.01585374441
2026-03-20,V11 LambdaRank Top2,182850.9993,185716.7835,720.003777,2,1822.463477,1043.320736,3477735.788,0,"{""601288.SH"": 13296.0053, ""601398.SH"": 12300.0}",-0.00705791631,-0.1201691167,-0.00694976294
2026-03-23,V11 LambdaRank Top2,175920.1578,178785.942,720.003777,2,1822.463477,1043.320736,3477735.788,0,"{""601288.SH"": 13296.0053, ""601398.SH"": 12300.0}",-0.03790431308,-0.153518502,-0.03731941396
2026-03-24,V11 LambdaRank Top2,177180.0379,180045.8221,720.003777,2,1822.463477,1043.320736,3477735.788,0,"{""601288.SH"": 13296.0053, ""601398.SH"": 12300.0}",0.007161658866,-0.1474562903,0.007046863661
2026-03-25,V11 LambdaRank Top2,178090.8382,180956.6224,720.003777,2,1822.463477,1043.320736,3477735.788,0,"{""601288.SH"": 13296.0053, ""601398.SH"": 12300.0}",0.005140535431,-0.1430737591,0.005058713676
2026-03-26,V11 LambdaRank Top2,178542.998,181408.7822,720.003777,2,1822.463477,1043.320736,3477735.788,0,"{""601288.SH"": 13296.0053, ""601398.SH"": 12300.0}",0.002538927855,-0.1408980852,0.002498719217
2026-03-27,V11 LambdaRank Top2,177898.1178,180763.902,720.003777,2,1822.463477,1043.320736,3477735.788,0,"{""601288.SH"": 13296.0053, ""601398.SH"": 12300.0}",-0.003611903939,-0.1440010788,-0.003554845305
2026-03-30,V11 LambdaRank Top2,180122.0779,182987.8621,720.003777,2,1822.463477,1043.320736,3477735.788,0,"{""601288.SH"": 13296.0053, ""601398.SH"": 12300.0}",0.012501313,-0.1332999684,0.01230312041
2026-03-31,V11 LambdaRank Top2,183775.239,186641.0232,720.003777,2,1822.463477,1043.320736,3477735.788,0,"{""601288.SH"": 13296.0053, ""601398.SH"": 12300.0}",0.02028158428,-0.1157219186,0.01996395314
2026-04-01,V11 LambdaRank Top2,182904.2789,185770.0631,720.003777,2,1822.463477,1043.320736,3477735.788,0,"{""601288.SH"": 13296.0053, ""601398.SH"": 12300.0}",-0.004739267691,-0.1199127492,-0.004666498488
2026-04-02,V11 LambdaRank Top2,186992.2485,190013.1443,939.8921041,2,1921.821049,1099.074836,3663582.788,0,"{""601288.SH"": 13596.0053, ""601939.SH"": 9600.0}",0.02235032203,-0.1002425157,0.02284050044
2026-04-03,V11 LambdaRank Top2,184176.568,187197.4639,939.8921041,2,1921.821049,1099.074836,3663582.788,0,"{""601288.SH"": 13596.0053, ""601939.SH"": 9600.0}",-0.01505773872,-0.1137908288,-0.01481834549
2026-04-07,V11 LambdaRank Top2,180313.1673,183334.0631,939.8921041,2,1921.821049,1099.074836,3663582.788,0,"{""601288.SH"": 13596.0053, ""601939.SH"": 9600.0}",-0.02097661407,-0.1323804966,-0.02063810432
2026-04-08,V11 LambdaRank Top2,180361.4069,183382.3028,939.8921041,2,1921.821049,1099.074836,3663582.788,0,"{""601288.SH"": 13596.0053, ""601939.SH"": 9600.0}",0.0002675327903,-0.1321483799,0.0002631245058
2026-04-09,V11 LambdaRank Top2,179665.5268,182686.4227,939.8921041,2,1921.821049,1099.074836,3663582.788,0,"{""601288.SH"": 13596.0053, ""601939.SH"": 9600.0}",-0.00385825421,-0.1354967721,-0.003794696363
2026-04-10,V11 LambdaRank Top2,179241.5667,182262.4626,939.8921041,2,1921.821049,1099.074836,3663582.788,0,"{""601288.SH"": 13596.0053, ""601939.SH"": 9600.0}",-0.002359718418,-0.1375367562,-0.002320698202
2026-04-13,V11 LambdaRank Top2,180689.367,183710.2629,939.8921041,2,1921.821049,1099.074836,3663582.788,0,"{""601288.SH"": 13596.0053, ""601939.SH"": 9600.0}",0.008077368934,-0.1305703224,0.007943491172
2026-04-14,V11 LambdaRank Top2,182704.8876,185725.7835,939.8921041,2,1921.821049,1099.074836,3663582.788,0,"{""601288.SH"": 13596.0053, ""601939.SH"": 9600.0}",0.0111546167,-0.1208721676,0.01097119235
2026-04-15,V11 LambdaRank Top2,186248.1286,189269.0245,939.8921041,2,1921.821049,1099.074836,3663582.788,0,"{""601288.SH"": 13596.0053, ""601939.SH"": 9600.0}",0.01939324692,-0.1038230245,0.01907780886
2026-04-16,V11 LambdaRank Top2,186831.9289,189852.8248,939.8921041,2,1921.821049,1099.074836,3663582.788,0,"{""601288.SH"": 13596.0053, ""601939.SH"": 9600.0}",0.003134529549,-0.1010139313,0.003084499771
2026-04-17,V11 LambdaRank Top2,187263.6892,190284.5851,939.8921041,2,1921.821049,1099.074836,3663582.788,0,"{""601288.SH"": 13596.0053, ""601939.SH"": 9600.0}",0.002310955723,-0.0989364143,0.00227418431
2026-04-20,V11 LambdaRank Top2,192103.1699,195124.0658,939.8921041,2,1921.821049,1099.074836,3663582.788,0,"{""601288.SH"": 13596.0053, ""601939.SH"": 9600.0}",0.02584313437,-0.07565010698,0.02543285722
2026-04-21,V11 LambdaRank Top2,193119.2098,196140.1057,939.8921041,2,1921.821049,1099.074836,3663582.788,0,"{""601288.SH"": 13596.0053, ""601939.SH"": 9600.0}",0.005289032701,-0.07076119017,0.005207148301
2026-04-22,V11 LambdaRank Top2,191047.6492,194068.5451,939.8921041,2,1921.821049,1099.074836,3663582.788,0,"{""601288.SH"": 13596.0053, ""601939.SH"": 9600.0}",-0.01072684887,-0.08072899445,-0.0105616369
2026-04-23,V11 LambdaRank Top2,189927.809,192948.7049,939.8921041,2,1921.821049,1099.074836,3663582.788,0,"{""601288.SH"": 13596.0053, ""601939.SH"": 9600.0}",-0.005861575448,-0.0861173708,-0.005770333412
2026-04-24,V11 LambdaRank Top2,190159.7691,193180.665,939.8921041,2,1921.821049,1099.074836,3663582.788,0,"{""601288.SH"": 13596.0053, ""601939.SH"": 9600.0}",0.00122130642,-0.08500124008,0.001202185071
2026-04-27,V11 LambdaRank Top2,187952.2485,190973.1443,939.8921041,2,1921.821049,1099.074836,3663582.788,0,"{""601288.SH"": 13596.0053, ""601939.SH"": 9600.0}",-0.01160876794,-0.09562324835,-0.01142723383
2026-04-28,V11 LambdaRank Top2,189920.0088,192940.9047,939.8921041,2,1921.821049,1099.074836,3663582.788,0,"{""601288.SH"": 13596.0053, ""601939.SH"": 9600.0}",0.01046946941,-0.08615490361,0.01030385881
2026-04-29,V11 LambdaRank Top2,189472.1686,192493.0645,939.8921041,2,1921.821049,1099.074836,3663582.788,0,"{""601288.SH"": 13596.0053, ""601939.SH"": 9600.0}",-0.00235804649,-0.08830979284,-0.00232112631
2026-04-30,V11 LambdaRank Top2,190544.2485,193565.1443,939.8921041,2,1921.821049,1099.074836,3663582.788,0,"{""601288.SH"": 13596.0053, ""601939.SH"": 9600.0}",0.005658244707,-0.08315122655,0.005569446868
2026-05-06,V11 LambdaRank Top2,188288.4881,191309.384,939.8921041,2,1921.821049,1099.074836,3663582.788,0,"{""601288.SH"": 13596.0053, ""601939.SH"": 9600.0}",-0.0118385117,-0.09400535148,-0.01165375266
2026-05-07,V11 LambdaRank Top2,188172.6902,191350.3441,228.1341021,2,2022.252552,1155.401336,3851337.788,2.910383046e-11,"{""601288.SH"": 13696.0053, ""601398.SH"": 12700.0}",-0.0006150028112,-0.09456254074,0.0002141037291
2026-05-08,V11 LambdaRank Top2,189472.5704,192650.2242,228.1341021,2,2022.252552,1155.401336,3851337.788,0,"{""601288.SH"": 13696.0053, ""601398.SH"": 12700.0}",0.006907910793,-0.08830785954,0.006793194775
2026-05-11,V11 LambdaRank Top2,188366.9299,191544.5838,228.1341021,2,2022.252552,1155.401336,3851337.788,0,"{""601288.SH"": 13696.0053, ""601398.SH"": 12700.0}",-0.005835359022,-0.0936279105,-0.005739108154
2026-05-12,V11 LambdaRank Top2,188083.0497,191260.7036,228.1341021,2,2022.252552,1155.401336,3851337.788,0,"{""601288.SH"": 13696.0053, ""601398.SH"": 12700.0}",-0.001507059428,-0.0949938671,-0.001482057869
2026-05-13,V11 LambdaRank Top2,187182.8009,190360.4547,228.1341021,2,2022.252552,1155.401336,3851337.788,0,"{""601288.SH"": 13963.4767, ""601398.SH"": 12995.5618}",-0.004786443404,-0.09932562773,-0.004706920218
2026-05-14,V11 LambdaRank Top2,189488.8378,192666.4917,228.1341021,2,2022.252552,1155.401336,3851337.788,0,"{""601288.SH"": 13963.4767, ""601398.SH"": 12995.5618}",0.01231970559,-0.08822958463,0.01211405489
2026-05-15,V11 LambdaRank Top2,187452.3912,190630.0451,228.1341021,2,2022.252552,1155.401336,3851337.788,0,"{""601288.SH"": 13963.4767, ""601398.SH"": 12995.5618}",-0.01074705316,-0.09802842976,-0.01056980171
2026-05-18,V11 LambdaRank Top2,185825.1698,189002.8237,228.1341021,2,2022.252552,1155.401336,3851337.788,2.910383046e-11,"{""601288.SH"": 13963.4767, ""601398.SH"": 12995.5618}",-0.008680718607,-0.1058581911,-0.008536017811
2026-05-19,V11 LambdaRank Top2,187014.1286,190191.7825,228.1341021,2,2022.252552,1155.401336,3851337.788,2.910383046e-11,"{""601288.SH"": 13963.4767, ""601398.SH"": 12995.5618}",0.006398265968,-0.100137234,0.006290693634
2026-05-20,V11 LambdaRank Top2,183090.5493,186268.2032,228.1341021,2,2022.252552,1155.401336,3851337.788,0,"{""601288.SH"": 13963.4767, ""601398.SH"": 12995.5618}",-0.0209801224,-0.119016465,-0.02062959428
2026-05-21,V11 LambdaRank Top2,184048.6344,187226.2883,228.1341021,2,2022.252552,1155.401336,3851337.788,0,"{""601288.SH"": 13963.4767, ""601398.SH"": 12995.5618}",0.005232848314,-0.1144064118,0.005143578216
2026-05-22,V11 LambdaRank Top2,183740.3274,186917.9813,228.1341021,2,2022.252552,1155.401336,3851337.788,0,"{""601288.SH"": 13963.4767, ""601398.SH"": 12995.5618}",-0.001675138661,-0.1158899039,-0.001646707766
2026-05-25,V11 LambdaRank Top2,183331.1023,186508.7562,228.1341021,2,2022.252552,1155.401336,3851337.788,2.910383046e-11,"{""601288.SH"": 13963.4767, ""601398.SH"": 12995.5618}",-0.002227192899,-0.1178589876,-0.002189330045
2026-05-26,V11 LambdaRank Top2,183181.7883,186359.4422,228.1341021,2,2022.252552,1155.401336,3851337.788,2.910383046e-11,"{""601288.SH"": 13963.4767, ""601398.SH"": 12995.5618}",-0.0008144494574,-0.1185774469,-0.0008005732269
2026-05-27,V11 LambdaRank Top2,180866.0722,184043.7261,228.1341021,2,2022.252552,1155.401336,3851337.788,2.910383046e-11,"{""601288.SH"": 13963.4767, ""601398.SH"": 12995.5618}",-0.01264162867,-0.1297200635,-0.01242607361
2026-05-28,V11 LambdaRank Top2,178430.0796,181607.7335,228.1341021,2,2022.252552,1155.401336,3851337.788,2.910383046e-11,"{""601288.SH"": 13963.4767, ""601398.SH"": 12995.5618}",-0.01346848851,-0.1414414188,-0.01323594489
2026-05-29,V11 LambdaRank Top2,182305.2631,185482.917,228.1341021,2,2022.252552,1155.401336,3851337.788,0,"{""601288.SH"": 13963.4767, ""601398.SH"": 12995.5618}",0.0217182191,-0.1227950554,0.02133820784
2026-06-01,V11 LambdaRank Top2,185718.6991,188896.353,228.1341021,2,2022.252552,1155.401336,3851337.788,0,"{""601288.SH"": 13963.4767, ""601398.SH"": 12995.5618}",0.01872373802,-0.1063704999,0.01840296692
2026-06-02,V11 LambdaRank Top2,185611.2058,188946.8139,479.7809148,2,2123.4091,1212.199017,4040663.389,0,"{""601288.SH"": 14263.4767, ""601988.SH"": 15600.0}",-0.0005787963115,-0.1068877293,0.0002671355478
2026-06-03,V11 LambdaRank Top2,184015.4929,187351.101,479.7809148,2,2123.4091,1212.199017,4040663.389,0,"{""601288.SH"": 14263.4767, ""601988.SH"": 15600.0}",-0.008597072028,-0.1145658798,-0.008445302
2026-06-04,V11 LambdaRank Top2,182379.6843,185715.2924,479.7809148,2,2123.4091,1212.199017,4040663.389,0,"{""601288.SH"": 14263.4767, ""601988.SH"": 15600.0}",-0.008889515648,-0.1224369603,-0.008731246279
2026-06-05,V11 LambdaRank Top2,185575.4929,188911.101,479.7809148,2,2123.4091,1212.199017,4040663.389,0,"{""601288.SH"": 14263.4767, ""601988.SH"": 15600.0}",0.01752283219,-0.1070595704,0.01720810689
2026-06-08,V11 LambdaRank Top2,189974.823,193310.4312,479.7809148,2,2123.4091,1212.199017,4040663.389,0,"{""601288.SH"": 14263.4767, ""601988.SH"": 15600.0}",0.0237064175,-0.0858911518,0.02328783269
2026-06-09,V11 LambdaRank Top2,190246.7273,193582.3355,479.7809148,2,2123.4091,1212.199017,4040663.389,0,"{""601288.SH"": 14263.4767, ""601988.SH"": 15600.0}",0.001431264931,-0.08458281986,0.001406568183
2026-06-10,V11 LambdaRank Top2,193219.7098,196555.3179,479.7809148,2,2123.4091,1212.199017,4040663.389,0,"{""601288.SH"": 14263.4767, ""601988.SH"": 15600.0}",0.01562698335,-0.07027761083,0.01535771553
2026-06-11,V11 LambdaRank Top2,192479.8055,195815.4136,479.7809148,2,2123.4091,1212.199017,4040663.389,0,"{""601288.SH"": 14263.4767, ""601988.SH"": 15600.0}",-0.003829341752,-0.07383783559,-0.003764356568
2026-06-12,V11 LambdaRank Top2,195595.4227,198931.0308,479.7809148,2,2123.4091,1212.199017,4040663.389,0,"{""601288.SH"": 14263.4767, ""601988.SH"": 15600.0}",0.01618672255,-0.0588463056,0.01591099061
2026-06-15,V11 LambdaRank Top2,191387.8055,194723.4136,479.7809148,2,2123.4091,1212.199017,4040663.389,0,"{""601288.SH"": 14263.4767, ""601988.SH"": 15600.0}",-0.02151183882,-0.07909225218,-0.0211511356
2026-06-16,V11 LambdaRank Top2,188985.3621,192320.9702,479.7809148,2,2123.4091,1212.199017,4040663.389,-2.910383046e-11,"{""601288.SH"": 14263.4767, ""601988.SH"": 15600.0}",-0.0125527505,-0.09065217738,-0.01233772214
2026-06-17,V11 LambdaRank Top2,186284.284,189619.8921,479.7809148,2,2123.4091,1212.199017,4040663.389,0,"{""601288.SH"": 14263.4767, ""601988.SH"": 15600.0}",-0.01429252567,-0.1036490545,-0.01404463661
2026-06-18,V11 LambdaRank Top2,181506.1277,184841.7358,479.7809148,2,2123.4091,1212.199017,4040663.389,0,"{""601288.SH"": 14263.4767, ""601988.SH"": 15600.0}",-0.02564980886,-0.1266402849,-0.02519860245
2026-06-22,V11 LambdaRank Top2,184430.032,187765.6401,479.7809148,2,2123.4091,1212.199017,4040663.389,0,"{""601288.SH"": 14263.4767, ""601988.SH"": 15600.0}",0.01610912171,-0.1125712269,0.01581842049
2026-06-23,V11 LambdaRank Top2,189974.823,193310.4312,479.7809148,2,2123.4091,1212.199017,4040663.389,0,"{""601288.SH"": 14263.4767, ""601988.SH"": 15600.0}",0.03006446935,-0.0858911518,0.02953038182
2026-06-24,V11 LambdaRank Top2,184822.2234,188157.8315,479.7809148,2,2123.4091,1212.199017,4040663.389,0,"{""601288.SH"": 14263.4767, ""601988.SH"": 15600.0}",-0.02712253953,-0.1106841052,-0.02665453497
2026-06-25,V11 LambdaRank Top2,179950.5105,183286.1186,479.7809148,2,2123.4091,1212.199017,4040663.389,0,"{""601288.SH"": 14263.4767, ""601988.SH"": 15600.0}",-0.02635891299,-0.1341255055,-0.02589162974
2026-06-26,V11 LambdaRank Top2,178626.7019,181962.31,479.7809148,2,2123.4091,1212.199017,4040663.389,0,"{""601288.SH"": 14263.4767, ""601988.SH"": 15600.0}",-0.007356514857,-0.1404953241,-0.007222634283
2026-06-29,V11 LambdaRank Top2,179963.8757,183299.4838,479.7809148,2,2123.4091,1212.199017,4040663.389,0,"{""601288.SH"": 14263.4767, ""601988.SH"": 15600.0}",0.007485856384,-0.1340611955,0.007348630805
2026-06-30,V11 LambdaRank Top2,176291.0847,179626.6928,479.7809148,2,2123.4091,1212.199017,4040663.389,0,"{""601288.SH"": 14263.4767, ""601988.SH"": 15600.0}",-0.02040849048,-0.1517336993,-0.02003710522
2024-01-02,60d momentum Top2,100000,100000,100000,0,0,0,0,0,{},0,0,0
2024-01-03,60d momentum Top2,100972.27,101028,440.2699987,2,25.87880131,29.8512,99504,0,"{""601939.SH"": 7600.0, ""601988.SH"": 12400.0}",0.009722699987,0,0.01028
2024-01-04,60d momentum Top2,102468.27,102524,440.2699987,2,25.87880131,29.8512,99504,0,"{""601939.SH"": 7600.0, ""601988.SH"": 12400.0}",0.01481594897,0,0.01480777606
2024-01-05,60d momentum Top2,102068.27,102124,440.2699987,2,25.87880131,29.8512,99504,0,"{""601939.SH"": 7600.0, ""601988.SH"": 12400.0}",-0.003903647441,-0.003903647441,-0.003901525496
2024-01-08,60d momentum Top2,101896.27,101952,440.2699987,2,25.87880131,29.8512,99504,0,"{""601939.SH"": 7600.0, ""601988.SH"": 12400.0}",-0.001685146618,-0.005582215841,-0.001684227018
2024-01-09,60d momentum Top2,101896.27,101952,440.2699987,2,25.87880131,29.8512,99504,0,"{""601939.SH"": 7600.0, ""601988.SH"": 12400.0}",0,-0.005582215841,0
2024-01-10,60d momentum Top2,100544.27,100600,440.2699987,2,25.87880131,29.8512,99504,0,"{""601939.SH"": 7600.0, ""601988.SH"": 12400.0}",-0.0132683954,-0.01877654419,-0.0132611425
2024-01-11,60d momentum Top2,99192.27,99248,440.2699987,2,25.87880131,29.8512,99504,0,"{""601939.SH"": 7600.0, ""601988.SH"": 12400.0}",-0.01344681303,-0.03197087254,-0.01343936382
2024-01-12,60d momentum Top2,100192.27,100248,440.2699987,2,25.87880131,29.8512,99504,0,"{""601939.SH"": 7600.0, ""601988.SH"": 12400.0}",0.01008143074,-0.02221175394,0.01007576979
2024-01-15,60d momentum Top2,100668.27,100724,440.2699987,2,25.87880131,29.8512,99504,0,"{""601939.SH"": 7600.0, ""601988.SH"": 12400.0}",0.004750865511,-0.01756641349,0.004748224403
2024-01-16,60d momentum Top2,101144.27,101200,440.2699987,2,25.87880131,29.8512,99504,0,"{""601939.SH"": 7600.0, ""601988.SH"": 12400.0}",0.004728401511,-0.01292107303,0.004725785314
2024-01-17,60d momentum Top2,100192.27,100248,440.2699987,2,25.87880131,29.8512,99504,0,"{""601939.SH"": 7600.0, ""601988.SH"": 12400.0}",-0.009412297899,-0.02221175394,-0.009407114625
2024-01-18,60d momentum Top2,99716.27,99772,440.2699987,2,25.87880131,29.8512,99504,0,"{""601939.SH"": 7600.0, ""601988.SH"": 12400.0}",-0.004750865511,-0.0268570944,-0.004748224403
2024-01-19,60d momentum Top2,98916.27,98972,440.2699987,2,25.87880131,29.8512,99504,0,"{""601939.SH"": 7600.0, ""601988.SH"": 12400.0}",-0.008022762986,-0.03466438928,-0.008018281682
2024-01-22,60d momentum Top2,99364.27,99420,440.2699987,2,25.87880131,29.8512,99504,0,"{""601939.SH"": 7600.0, ""601988.SH"": 12400.0}",0.004529083032,-0.03029230414,0.004526532757
2024-01-23,60d momentum Top2,99268.27,99324,440.2699987,2,25.87880131,29.8512,99504,0,"{""601939.SH"": 7600.0, ""601988.SH"": 12400.0}",-0.0009661420549,-0.03122917953,-0.0009656004828
2024-01-24,60d momentum Top2,101744.27,101800,440.2699987,2,25.87880131,29.8512,99504,0,"{""601939.SH"": 7600.0, ""601988.SH"": 12400.0}",0.02494251184,-0.007065601869,0.02492851677
2024-01-25,60d momentum Top2,102820.27,102876,440.2699987,2,25.87880131,29.8512,99504,0,"{""601939.SH"": 7600.0, ""601988.SH"": 12400.0}",0.01057553413,0,0.0105697446
2024-01-26,60d momentum Top2,105496.27,105552,440.2699987,2,25.87880131,29.8512,99504,0,"{""601939.SH"": 7600.0, ""601988.SH"": 12400.0}",0.02602599663,0,0.02601189782
2024-01-29,60d momentum Top2,106200.27,106256,440.2699987,2,25.87880131,29.8512,99504,0,"{""601939.SH"": 7600.0, ""601988.SH"": 12400.0}",0.006673221717,0,0.006669698348
2024-01-30,60d momentum Top2,105144.27,105200,440.2699987,2,25.87880131,29.8512,99504,0,"{""601939.SH"": 7600.0, ""601988.SH"": 12400.0}",-0.009943477545,-0.009943477545,-0.00993826231
2024-01-31,60d momentum Top2,106144.27,106200,440.2699987,2,25.87880131,29.8512,99504,0,"{""601939.SH"": 7600.0, ""601988.SH"": 12400.0}",0.009510741765,-0.0005273056274,0.009505703422
2024-02-01,60d momentum Top2,105372.27,105428,440.2699987,2,25.87880131,29.8512,99504,0,"{""601939.SH"": 7600.0, ""601988.SH"": 12400.0}",-0.007273119877,-0.007796590348,-0.007269303202
2024-02-02,60d momentum Top2,106600.27,106656,440.2699987,2,25.87880131,29.8512,99504,0,"{""601939.SH"": 7600.0, ""601988.SH"": 12400.0}",0.01165391995,0,0.01164775961
2024-02-05,60d momentum Top2,108924.27,108980,440.2699987,2,25.87880131,29.8512,99504,0,"{""601939.SH"": 7600.0, ""601988.SH"": 12400.0}",0.02180107049,0,0.02178967897
2024-02-06,60d momentum Top2,109324.27,109380,440.2699987,2,25.87880131,29.8512,99504,0,"{""601939.SH"": 7600.0, ""601988.SH"": 12400.0}",0.00367227616,0,0.003670398238
2024-02-07,60d momentum Top2,106668.27,106724,440.2699987,2,25.87880131,29.8512,99504,0,"{""601939.SH"": 7600.0, ""601988.SH"": 12400.0}",-0.02429469687,-0.02429469687,-0.02428231852
2024-02-08,60d momentum Top2,105564.27,105620,440.2699987,2,25.87880131,29.8512,99504,0,"{""601939.SH"": 7600.0, ""601988.SH"": 12400.0}",-0.01034984443,-0.03439309496,-0.01034443986
2024-02-19,60d momentum Top2,109868.27,109924,440.2699987,2,25.87880131,29.8512,99504,0,"{""601939.SH"": 7600.0, ""601988.SH"": 12400.0}",0.04077137084,0,0.04074985798
2024-02-20,60d momentum Top2,110648.27,110704,440.2699987,2,25.87880131,29.8512,99504,0,"{""601939.SH"": 7600.0, ""601988.SH"": 12400.0}",0.007099410958,0,0.007095811652
2024-02-21,60d momentum Top2,111400.27,111456,440.2699987,2,25.87880131,29.8512,99504,0,"{""601939.SH"": 7600.0, ""601988.SH"": 12400.0}",0.006796310507,0,0.006792889146
2024-02-22,60d momentum Top2,111324.27,111380,440.2699987,2,25.87880131,29.8512,99504,0,"{""601939.SH"": 7600.0, ""601988.SH"": 12400.0}",-0.0006822245584,-0.0006822245584,-0.0006818834338
2024-02-23,60d momentum Top2,112124.27,112180,440.2699987,2,25.87880131,29.8512,99504,0,"{""601939.SH"": 7600.0, ""601988.SH"": 12400.0}",0.007186213752,0,0.007182618064
2024-02-26,60d momentum Top2,108640.27,108696,440.2699987,2,25.87880131,29.8512,99504,0,"{""601939.SH"": 7600.0, ""601988.SH"": 12400.0}",-0.03107266607,-0.03107266607,-0.03105722945
2024-02-27,60d momentum Top2,108868.27,108924,440.2699987,2,25.87880131,29.8512,99504,0,"{""601939.SH"": 7600.0, ""601988.SH"": 12400.0}",0.002098669306,-0.02903920801,0.002097593288
2024-02-28,60d momentum Top2,108564.27,108620,440.2699987,2,25.87880131,29.8512,99504,0,"{""601939.SH"": 7600.0, ""601988.SH"": 12400.0}",-0.002792365489,-0.03175048542,-0.0027909368
2024-02-29,60d momentum Top2,109068.27,109124,440.2699987,2,25.87880131,29.8512,99504,0,"{""601939.SH"": 7600.0, ""601988.SH"": 12400.0}",0.004642411357,-0.02725547288,0.004640029461
2024-03-01,60d momentum Top2,109420.27,109476,440.2699987,2,25.87880131,29.8512,99504,0,"{""601939.SH"": 7600.0, ""601988.SH"": 12400.0}",0.00322733642,-0.02411609904,0.003225688208
2024-03-04,60d momentum Top2,109620.208,109768,299.2079612,2,85.64673881,62.1453,207151,0,"{""601288.SH"": 12700.0, ""601988.SH"": 12300.0}",0.001827247936,-0.0223329172,0.00266725127
2024-03-05,60d momentum Top2,111997.208,112145,299.2079612,2,85.64673881,62.1453,207151,0,"{""601288.SH"": 12700.0, ""601988.SH"": 12300.0}",0.02168395813,-0.001133225104,0.02165476277
2024-03-06,60d momentum Top2,110366.208,110514,299.2079612,2,85.64673881,62.1453,207151,0,"{""601288.SH"": 12700.0, ""601988.SH"": 12300.0}",-0.01456286304,-0.01567958514,-0.01454367114
2024-03-07,60d momentum Top2,110866.208,111014,299.2079612,2,85.64673881,62.1453,207151,0,"{""601288.SH"": 12700.0, ""601988.SH"": 12300.0}",0.004530372197,-0.0112202473,0.004524313662
2024-03-08,60d momentum Top2,110493.208,110641,299.2079612,2,85.64673881,62.1453,207151,0,"{""601288.SH"": 12700.0, ""601988.SH"": 12300.0}",-0.003364415604,-0.01454691333,-0.003359936585
2024-03-11,60d momentum Top2,109620.208,109768,299.2079612,2,85.64673881,62.1453,207151,0,"{""601288.SH"": 12700.0, ""601988.SH"": 12300.0}",-0.007900938131,-0.0223329172,-0.007890384216
2024-03-12,60d momentum Top2,106874.208,107022,299.2079612,2,85.64673881,62.1453,207151,0,"{""601288.SH"": 12700.0, ""601988.SH"": 12300.0}",-0.0250501258,-0.04682360061,-0.02501639822
2024-03-13,60d momentum Top2,106251.208,106399,299.2079612,2,85.64673881,62.1453,207151,0,"{""601288.SH"": 12700.0, ""601988.SH"": 12300.0}",-0.005829282966,-0.05237993556,-0.005821233018
2024-03-14,60d momentum Top2,106882.208,107030,299.2079612,2,85.64673881,62.1453,207151,0,"{""601288.SH"": 12700.0, ""601988.SH"": 12300.0}",0.005938756011,-0.04675225121,0.005930506866
2024-03-15,60d momentum Top2,106636.208,106784,299.2079612,2,85.64673881,62.1453,207151,0,"{""601288.SH"": 12700.0, ""601988.SH"": 12300.0}",-0.002301599159,-0.04894624543,-0.002298421003
2024-03-18,60d momentum Top2,106255.208,106403,299.2079612,2,85.64673881,62.1453,207151,0,"{""601288.SH"": 12700.0, ""601988.SH"": 12300.0}",-0.003572895242,-0.05234426086,-0.003567950255
2024-03-19,60d momentum Top2,105009.208,105157,299.2079612,2,85.64673881,62.1453,207151,0,"{""601288.SH"": 12700.0, ""601988.SH"": 12300.0}",-0.01172648404,-0.06345693076,-0.01171019614
2024-03-20,60d momentum Top2,106255.208,106403,299.2079612,2,85.64673881,62.1453,207151,0,"{""601288.SH"": 12700.0, ""601988.SH"": 12300.0}",0.01186562611,-0.05234426086,0.01184894967
2024-03-21,60d momentum Top2,106628.208,106776,299.2079612,2,85.64673881,62.1453,207151,0,"{""601288.SH"": 12700.0, ""601988.SH"": 12300.0}",0.003510416168,-0.04901759483,0.003505540257
2024-03-22,60d momentum Top2,107382.208,107530,299.2079612,2,85.64673881,62.1453,207151,0,"{""601288.SH"": 12700.0, ""601988.SH"": 12300.0}",0.00707129956,-0.04229291337,0.00706151195
2024-03-25,60d momentum Top2,107886.208,108034,299.2079612,2,85.64673881,62.1453,207151,0,"{""601288.SH"": 12700.0, ""601988.SH"": 12300.0}",0.004693514965,-0.03779790083,0.004687064075
2024-03-26,60d momentum Top2,108632.208,108780,299.2079612,2,85.64673881,62.1453,207151,0,"{""601288.SH"": 12700.0, ""601988.SH"": 12300.0}",0.006914692935,-0.03114456877,0.006905233538
2024-03-27,60d momentum Top2,109882.208,110030,299.2079612,2,85.64673881,62.1453,207151,0,"{""601288.SH"": 12700.0, ""601988.SH"": 12300.0}",0.01150671632,-0.01999622417,0.01149108292
2024-03-28,60d momentum Top2,107132.208,107280,299.2079612,2,85.64673881,62.1453,207151,0,"{""601288.SH"": 12700.0, ""601988.SH"": 12300.0}",-0.02502679962,-0.04452258229,-0.02499318368
2024-03-29,60d momentum Top2,108140.208,108288,299.2079612,2,85.64673881,62.1453,207151,0,"{""601288.SH"": 12700.0, ""601988.SH"": 12300.0}",0.009408935176,-0.0355325572,0.009395973154
2024-04-01,60d momentum Top2,108878.208,109026,299.2079612,2,85.64673881,62.1453,207151,0,"{""601288.SH"": 12700.0, ""601988.SH"": 12300.0}",0.006824473652,-0.02895057455,0.006815159574
2024-04-02,60d momentum Top2,109868.7148,110027,312.7148283,2,95.87887169,62.4063,208021,0,"{""601288.SH"": 12800.0, ""601988.SH"": 12200.0}",0.009097384001,-0.02011656504,0.009181296205
2024-04-03,60d momentum Top2,109880.7148,110039,312.7148283,2,95.87887169,62.4063,208021,0,"{""601288.SH"": 12800.0, ""601988.SH"": 12200.0}",0.0001092212648,-0.02000954094,0.0001090641388
2024-04-08,60d momentum Top2,111130.7148,111289,312.7148283,2,95.87887169,62.4063,208021,0,"{""601288.SH"": 12800.0, ""601988.SH"": 12200.0}",0.01137597259,-0.008861196335,0.01135960887
2024-04-09,60d momentum Top2,109874.7148,110033,312.7148283,2,95.87887169,62.4063,208021,0,"{""601288.SH"": 12800.0, ""601988.SH"": 12200.0}",-0.01130200595,-0.02006305299,-0.01128593122
2024-04-10,60d momentum Top2,110124.7148,110283,312.7148283,2,95.87887169,62.4063,208021,0,"{""601288.SH"": 12800.0, ""601988.SH"": 12200.0}",0.002275318761,-0.01783338407,0.002272045659
2024-04-11,60d momentum Top2,109624.7148,109783,312.7148283,2,95.87887169,62.4063,208021,0,"{""601288.SH"": 12800.0, ""601988.SH"": 12200.0}",-0.004540306876,-0.02229272191,-0.004533790339
2024-04-12,60d momentum Top2,109874.7148,110033,312.7148283,2,95.87887169,62.4063,208021,0,"{""601288.SH"": 12800.0, ""601988.SH"": 12200.0}",0.002280507643,-0.02006305299,0.002277219606
2024-04-15,60d momentum Top2,112246.7148,112405,312.7148283,2,95.87887169,62.4063,208021,0,"{""601288.SH"": 12800.0, ""601988.SH"": 12200.0}",0.0215882244,0,0.02155716921
2024-04-16,60d momentum Top2,113624.7148,113783,312.7148283,2,95.87887169,62.4063,208021,0,"{""601288.SH"": 12800.0, ""601988.SH"": 12200.0}",0.01227652856,0,0.01225924114
2024-04-17,60d momentum Top2,114252.7148,114411,312.7148283,2,95.87887169,62.4063,208021,0,"{""601288.SH"": 12800.0, ""601988.SH"": 12200.0}",0.005526966567,0,0.005519277924
2024-04-18,60d momentum Top2,115002.7148,115161,312.7148283,2,95.87887169,62.4063,208021,0,"{""601288.SH"": 12800.0, ""601988.SH"": 12200.0}",0.006564395438,0,0.006555313737
2024-04-19,60d momentum Top2,116008.7148,116167,312.7148283,2,95.87887169,62.4063,208021,0,"{""601288.SH"": 12800.0, ""601988.SH"": 12200.0}",0.00874761958,0,0.008735596252
2024-04-22,60d momentum Top2,114764.7148,114923,312.7148283,2,95.87887169,62.4063,208021,0,"{""601288.SH"": 12800.0, ""601988.SH"": 12200.0}",-0.01072333231,-0.01072333231,-0.01070872107
2024-04-23,60d momentum Top2,114764.7148,114923,312.7148283,2,95.87887169,62.4063,208021,0,"{""601288.SH"": 12800.0, ""601988.SH"": 12200.0}",0,-0.01072333231,0
2024-04-24,60d momentum Top2,114270.7148,114429,312.7148283,2,95.87887169,62.4063,208021,0,"{""601288.SH"": 12800.0, ""601988.SH"": 12200.0}",-0.004304458916,-0.01498163308,-0.00429853032
2024-04-25,60d momentum Top2,115282.7148,115441,312.7148283,2,95.87887169,62.4063,208021,0,"{""601288.SH"": 12800.0, ""601988.SH"": 12200.0}",0.008856162329,-0.006258150528,0.008843911945
2024-04-26,60d momentum Top2,112904.7148,113063,312.7148283,2,95.87887169,62.4063,208021,0,"{""601288.SH"": 12800.0, ""601988.SH"": 12200.0}",-0.02062755031,-0.02675661052,-0.02059926716
2024-04-29,60d momentum Top2,112514.7148,112673,312.7148283,2,95.87887169,62.4063,208021,0,"{""601288.SH"": 12800.0, ""601988.SH"": 12200.0}",-0.003454240158,-0.03011842692,-0.003449404314
2024-04-30,60d momentum Top2,112630.7148,112789,312.7148283,2,95.87887169,62.4063,208021,0,"{""601288.SH"": 12800.0, ""601988.SH"": 12200.0}",0.001030976261,-0.02911850205,0.001029527926
2024-05-06,60d momentum Top2,110648.7148,110807,312.7148283,2,95.87887169,62.4063,208021,0,"{""601288.SH"": 12800.0, ""601988.SH"": 12200.0}",-0.01759733127,-0.04620342539,-0.01757263563
2024-05-07,60d momentum Top2,111250.1142,111497,106.1142175,2,151.6504825,95.2353,317451,0,"{""601288.SH"": 12800.0, ""601398.SH"": 10200.0}",0.005435213505,-0.04101933736,0.006227043418
2024-05-08,60d momentum Top2,111992.1142,112239,106.1142175,2,151.6504825,95.2353,317451,0,"{""601288.SH"": 12800.0, ""601398.SH"": 10200.0}",0.006669656074,-0.03462326616,0.006654887575
2024-05-09,60d momentum Top2,111046.1142,111293,106.1142175,2,151.6504825,95.2353,317451,0,"{""601288.SH"": 12800.0, ""601398.SH"": 10200.0}",-0.008447023316,-0.04277782594,-0.008428442876
2024-05-10,60d momentum Top2,111122.1142,111369,106.1142175,2,151.6504825,95.2353,317451,0,"{""601288.SH"": 12800.0, ""601398.SH"": 10200.0}",0.0006844003551,-0.04212270275,0.000682882122
2024-05-13,60d momentum Top2,111352.1142,111599,106.1142175,2,151.6504825,95.2353,317451,0,"{""601288.SH"": 12800.0, ""601398.SH"": 10200.0}",0.002069795032,-0.04014009308,0.002065206655
2024-05-14,60d momentum Top2,110432.1142,110679,106.1142175,2,151.6504825,95.2353,317451,0,"{""601288.SH"": 12800.0, ""601398.SH"": 10200.0}",-0.008262079319,-0.04807053176,-0.008243801468
2024-05-15,60d momentum Top2,110534.1142,110781,106.1142175,2,151.6504825,95.2353,317451,0,"{""601288.SH"": 12800.0, ""601398.SH"": 10200.0}",0.0009236443649,-0.04719128747,0.0009215840403
2024-05-16,60d momentum Top2,110968.1142,111215,106.1142175,2,151.6504825,95.2353,317451,0,"{""601288.SH"": 12800.0, ""601398.SH"": 10200.0}",0.003926389632,-0.04345018922,0.003917639306
2024-05-17,60d momentum Top2,111964.1142,112211,106.1142175,2,151.6504825,95.2353,317451,0,"{""601288.SH"": 12800.0, ""601398.SH"": 10200.0}",0.008975551284,-0.03486462734,0.008955626489
2024-05-20,60d momentum Top2,111734.1142,111981,106.1142175,2,151.6504825,95.2353,317451,0,"{""601288.SH"": 12800.0, ""601398.SH"": 10200.0}",-0.002054229622,-0.03684723701,-0.002049709921
2024-05-21,60d momentum Top2,112654.1142,112901,106.1142175,2,151.6504825,95.2353,317451,0,"{""601288.SH"": 12800.0, ""601398.SH"": 10200.0}",0.00823383267,-0.02891679833,0.008215679446
2024-05-22,60d momentum Top2,112884.1142,113131,106.1142175,2,151.6504825,95.2353,317451,0,"{""601288.SH"": 12800.0, ""601398.SH"": 10200.0}",0.002041647583,-0.02693418865,0.002037183019
2024-05-23,60d momentum Top2,112424.1142,112671,106.1142175,2,151.6504825,95.2353,317451,0,"{""601288.SH"": 12800.0, ""601398.SH"": 10200.0}",-0.004074975502,-0.030899408,-0.004066082683
2024-05-24,60d momentum Top2,111786.1142,112033,106.1142175,2,151.6504825,95.2353,317451,0,"{""601288.SH"": 12800.0, ""601398.SH"": 10200.0}",-0.005674939086,-0.03639899483,-0.005662504105
2024-05-27,60d momentum Top2,112962.1142,113209,106.1142175,2,151.6504825,95.2353,317451,0,"{""601288.SH"": 12800.0, ""601398.SH"": 10200.0}",0.01052009016,-0.02626182538,0.01049690716
2024-05-28,60d momentum Top2,113192.1142,113439,106.1142175,2,151.6504825,95.2353,317451,0,"{""601288.SH"": 12800.0, ""601398.SH"": 10200.0}",0.002036080872,-0.0242792157,0.002031640594
2024-05-29,60d momentum Top2,112604.1142,112851,106.1142175,2,151.6504825,95.2353,317451,0,"{""601288.SH"": 12800.0, ""601398.SH"": 10200.0}",-0.005194708166,-0.02934780043,-0.005183402534
2024-05-30,60d momentum Top2,111786.1142,112033,106.1142175,2,151.6504825,95.2353,317451,0,"{""601288.SH"": 12800.0, ""601398.SH"": 10200.0}",-0.007264388212,-0.03639899483,-0.007248495804
2024-05-31,60d momentum Top2,111684.1142,111931,106.1142175,2,151.6504825,95.2353,317451,0,"{""601288.SH"": 12800.0, ""601398.SH"": 10200.0}",-0.0009124567994,-0.03727823912,-0.0009104460293
2024-06-03,60d momentum Top2,112042.1142,112289,106.1142175,2,151.6504825,95.2353,317451,0,"{""601288.SH"": 12800.0, ""601398.SH"": 10200.0}",0.003205469305,-0.03419226406,0.003198399014
2024-06-04,60d momentum Top2,112348.1142,112595,106.1142175,2,151.6504825,95.2353,317451,0,"{""601288.SH"": 12800.0, ""601398.SH"": 10200.0}",0.002731115903,-0.03155453119,0.002725111097
2024-06-05,60d momentum Top2,112630.1142,112877,106.1142175,2,151.6504825,95.2353,317451,0,"{""601288.SH"": 12800.0, ""601398.SH"": 10200.0}",0.002510055482,-0.02912367934,0.002504551712
2024-06-06,60d momentum Top2,112502.1142,112749,106.1142175,2,151.6504825,95.2353,317451,0,"{""601288.SH"": 12800.0, ""601398.SH"": 10200.0}",-0.001136463377,-0.03022704472,-0.001133977693
2024-06-07,60d momentum Top2,113924.4954,114171.3812,106.1142175,2,151.6504825,95.2353,317451,0,"{""601288.SH"": 13501.0285, ""601398.SH"": 10200.0}",0.01264315109,-0.01796605872,0.01261546646
2024-06-11,60d momentum Top2,111893.4029,112140.2887,106.1142175,2,151.6504825,95.2353,317451,0,"{""601288.SH"": 13501.0285, ""601398.SH"": 10200.0}",-0.01782840954,-0.035474162,-0.01778985714
2024-06-12,60d momentum Top2,111350.3926,111597.2784,106.1142175,2,151.6504825,95.2353,317451,0,"{""601288.SH"": 13501.0285, ""601398.SH"": 10200.0}",-0.004852924932,-0.04015493349,-0.004842240831
2024-06-13,60d momentum Top2,112466.4543,112713.3401,106.1142175,2,151.6504825,95.2353,317451,0,"{""601288.SH"": 13501.0285, ""601398.SH"": 10200.0}",0.01002297057,-0.03053443464,0.01000079683
2024-06-14,60d momentum Top2,113585.4852,113832.3709,106.1142175,2,151.6504825,95.2353,317451,0,"{""601288.SH"": 13501.0285, ""601398.SH"": 10200.0}",0.009949907825,-0.02088834163,0.00992811368
2024-06-17,60d momentum Top2,111791.4029,112038.2887,106.1142175,2,151.6504825,95.2353,317451,0,"{""601288.SH"": 13501.0285, ""601398.SH"": 10200.0}",-0.01579499594,-0.03635340629,-0.0157607389
2024-06-18,60d momentum Top2,112130.4132,112377.299,106.1142175,2,151.6504825,95.2353,317451,0,"{""601288.SH"": 13501.0285, ""601398.SH"": 10200.0}",0.003032525542,-0.03343112339,0.003025843117
2024-06-19,60d momentum Top2,113180.4543,113427.3401,106.1142175,2,151.6504825,95.2353,317451,0,"{""601288.SH"": 13501.0285, ""601398.SH"": 10200.0}",0.009364463294,-0.02437972462,0.009343890164
2024-06-20,60d momentum Top2,113654.4749,113901.3607,106.1142175,2,151.6504825,95.2353,317451,0,"{""601288.SH"": 13501.0285, ""601398.SH"": 10200.0}",0.004188184012,-0.02029364738,0.004179068016
2024-06-21,60d momentum Top2,112877.4235,113124.3092,106.1142175,2,151.6504825,95.2353,317451,0,"{""601288.SH"": 13501.0285, ""601398.SH"": 10200.0}",-0.006836962854,-0.02699186332,-0.006822143461
2024-06-24,60d momentum Top2,114299.4852,114546.3709,106.1142175,2,151.6504825,95.2353,317451,0,"{""601288.SH"": 13501.0285, ""601398.SH"": 10200.0}",0.01259828284,-0.0147336316,0.01257078799
2024-06-25,60d momentum Top2,114751.217,114998.1027,106.1142175,2,151.6504825,95.2353,317451,0,"{""601288.SH"": 13502.9456, ""601398.SH"": 10200.4562}",0.003952176996,-0.01083968453,0.003943658731
2024-06-26,60d momentum Top2,115324.7213,115571.6071,106.1142175,2,151.6504825,95.2353,317451,0,"{""601288.SH"": 13502.9456, ""601398.SH"": 10200.0}",0.004997806255,-0.005896052917,0.004987076623
2024-06-27,60d momentum Top2,116578.8391,116825.7249,106.1142175,2,151.6504825,95.2353,317451,0,"{""601288.SH"": 13502.9456, ""601398.SH"": 10200.0}",0.01087466598,0,0.01085143536
2024-06-28,60d momentum Top2,117118.957,117365.8427,106.1142175,2,151.6504825,95.2353,317451,0,"{""601288.SH"": 13502.9456, ""601398.SH"": 10200.0}",0.004633069151,0,0.004623278166
2024-07-01,60d momentum Top2,119423.1926,119670.0784,106.1142175,2,151.6504825,95.2353,317451,0,"{""601288.SH"": 13502.9456, ""601398.SH"": 10200.0}",0.01967431837,0,0.01963293232
2024-07-02,60d momentum Top2,122033.4282,122280.314,106.1142175,2,151.6504825,95.2353,317451,0,"{""601288.SH"": 13502.9456, ""601398.SH"": 10200.0}",0.0218570245,0,0.02181193229
2024-07-03,60d momentum Top2,120812.3399,121059.2257,106.1142175,2,151.6504825,95.2353,317451,0,"{""601288.SH"": 13502.9456, ""601398.SH"": 10200.0}",-0.01000617933,-0.01000617933,-0.009985976706
2024-07-04,60d momentum Top2,122066.4577,122313.3435,106.1142175,2,151.6504825,95.2353,317451,0,"{""601288.SH"": 13502.9456, ""601398.SH"": 10200.0}",0.01038070966,0,0.01035953944
2024-07-05,60d momentum Top2,119795.2515,120042.1373,106.1142175,2,151.6504825,95.2353,317451,0,"{""601288.SH"": 13502.9456, ""601398.SH"": 10200.0}",-0.01860630867,-0.01860630867,-0.0185687524
2024-07-08,60d momentum Top2,120947.3693,121194.2551,106.1142175,2,151.6504825,95.2353,317451,0,"{""601288.SH"": 13502.9456, ""601398.SH"": 10200.0}",0.009617391413,-0.009167861413,0.009597611716
2024-07-09,60d momentum Top2,121862.4577,122109.3435,106.1142175,2,151.6504825,95.2353,317451,0,"{""601288.SH"": 13502.9456, ""601398.SH"": 10200.0}",0.007566004722,-0.001671220775,0.007550591953
2024-07-10,60d momentum Top2,122744.5166,122991.4024,106.1142175,2,151.6504825,95.2353,317451,0,"{""601288.SH"": 13502.9456, ""601398.SH"": 10200.0}",0.007238151341,0,0.007223516944
2024-07-11,60d momentum Top2,121490.3988,121737.2846,106.1142175,2,151.6504825,95.2353,317451,0,"{""601288.SH"": 13502.9456, ""601398.SH"": 10200.0}",-0.01021730223,-0.01021730223,-0.01019679261
2024-07-12,60d momentum Top2,124235.6639,124482.5497,106.1142175,2,151.6504825,95.2353,317451,0,"{""601288.SH"": 13502.9456, ""601398.SH"": 10200.0}",0.02259656014,0,0.02255073384
2024-07-15,60d momentum Top2,127080.0174,127326.9031,106.1142175,2,151.6504825,95.2353,317451,0,"{""601288.SH"": 13502.9456, ""601398.SH"": 10200.0}",0.02289482247,0,0.02284941526
2024-07-16,60d momentum Top2,126945.4121,127192.2979,106.1142175,2,151.6504825,95.2353,317451,0,"{""601288.SH"": 13502.9456, ""601398.SH"": 10736.9141}",-0.001059216224,-0.001059216224,-0.001057162412
2024-07-17,60d momentum Top2,127295.1799,127542.0657,106.1142175,2,151.6504825,95.2353,317451,0,"{""601288.SH"": 13502.9456, ""601398.SH"": 10736.9141}",0.002755260963,0,0.002749912881
2024-07-18,60d momentum Top2,127295.1799,127542.0657,106.1142175,2,151.6504825,95.2353,317451,0,"{""601288.SH"": 13502.9456, ""601398.SH"": 10736.9141}",0,0,0
2024-07-19,60d momentum Top2,127160.1504,127407.0362,106.1142175,2,151.6504825,95.2353,317451,0,"{""601288.SH"": 13502.9456, ""601398.SH"": 10736.9141}",-0.001060758592,-0.001060758592,-0.00105870526
2024-07-22,60d momentum Top2,125463.3602,125710.246,106.1142175,2,151.6504825,95.2353,317451,0,"{""601288.SH"": 13502.9456, ""601398.SH"": 10736.9141}",-0.0133437258,-0.01439032992,-0.0133178687
2024-07-23,60d momentum Top2,128638.9302,128885.816,106.1142175,2,151.6504825,95.2353,317451,0,"{""601288.SH"": 13502.9456, ""601398.SH"": 10736.9141}",0.02531073577,0,0.02526102733
2024-07-24,60d momentum Top2,129580.8643,129827.7501,106.1142175,2,151.6504825,95.2353,317451,0,"{""601288.SH"": 13502.9456, ""601398.SH"": 10736.9141}",0.007322309604,0,0.007308283435
2024-07-25,60d momentum Top2,128905.717,129152.6028,106.1142175,2,151.6504825,95.2353,317451,0,"{""601288.SH"": 13502.9456, ""601398.SH"": 10736.9141}",-0.005210239049,-0.005210239049,-0.005200331044
2024-07-26,60d momentum Top2,126159.6236,126406.5094,106.1142175,2,151.6504825,95.2353,317451,0,"{""601288.SH"": 13502.9456, ""601398.SH"": 10736.9141}",-0.02130311564,-0.02640236036,-0.02126239298
2024-07-29,60d momentum Top2,127776.705,128023.5907,106.1142175,2,151.6504825,95.2353,317451,0,"{""601288.SH"": 13502.9456, ""601398.SH"": 10736.9141}",0.01281774079,-0.01392303818,0.01279270633
2024-07-30,60d momentum Top2,127884.0741,128130.9599,106.1142175,2,151.6504825,95.2353,317451,0,"{""601288.SH"": 13502.9456, ""601398.SH"": 10736.9141}",0.0008402872915,-0.01309445024,0.000838666848
2024-07-31,60d momentum Top2,124895.5821,125142.4679,106.1142175,2,151.6504825,95.2353,317451,0,"{""601288.SH"": 13502.9456, ""601398.SH"": 10736.9141}",-0.0233687581,-0.0361572073,-0.02332373062
2024-08-01,60d momentum Top2,125757.8074,126004.6931,106.1142175,2,151.6504825,95.2353,317451,0,"{""601288.SH"": 13502.9456, ""601398.SH"": 10736.9141}",0.006903568827,-0.02950325225,0.006889949205
2024-08-02,60d momentum Top2,125853.9866,126201.6637,470.9314934,2,215.1513112,132.5257826,441752.6086,0,"{""601398.SH"": 10736.9141, ""601939.SH"": 8300.0}",0.0007647973113,-0.02876101894,0.001563200062
2024-08-05,60d momentum Top2,125912.6175,126260.2945,470.9314934,2,215.1513112,132.5257826,441752.6086,0,"{""601398.SH"": 10736.9141, ""601939.SH"": 8300.0}",0.0004658641356,-0.02830855353,0.0004645807113
2024-08-06,60d momentum Top2,124414.0335,124761.7106,470.9314934,2,215.1513112,132.5257826,441752.6086,0,"{""601398.SH"": 10736.9141, ""601939.SH"": 8300.0}",-0.01190177775,-0.03987340918,-0.01186900438
2024-08-07,60d momentum Top2,124877.7717,125225.4488,470.9314934,2,215.1513112,132.5257826,441752.6086,0,"{""601398.SH"": 10736.9141, ""601939.SH"": 8300.0}",0.003727379217,-0.03629465327,0.003716992021
2024-08-08,60d momentum Top2,125414.6175,125762.2945,470.9314934,2,215.1513112,132.5257826,441752.6086,0,"{""601398.SH"": 10736.9141, ""601939.SH"": 8300.0}",0.004298969297,-0.03215171358,0.004287033599
2024-08-09,60d momentum Top2,126449.4632,126797.1403,470.9314934,2,215.1513112,132.5257826,441752.6086,0,"{""601398.SH"": 10736.9141, ""601939.SH"": 8300.0}",0.00825139627,-0.02416561384,0.00822858481
2024-08-12,60d momentum Top2,127865.0471,128212.7242,470.9314934,2,215.1513112,132.5257826,441752.6086,0,"{""601398.SH"": 10736.9141, ""601939.SH"": 8300.0}",0.01119485962,-0.01324128487,0.01116416338
2024-08-13,60d momentum Top2,128470.4163,128818.0934,470.9314934,2,215.1513112,132.5257826,441752.6086,0,"{""601398.SH"": 10736.9141, ""601939.SH"": 8300.0}",0.004734438025,-0.008569536888,0.004721599552
2024-08-14,60d momentum Top2,128519.1546,128866.8317,470.9314934,2,215.1513112,132.5257826,441752.6086,0,"{""601398.SH"": 10736.9141, ""601939.SH"": 8300.0}",0.000379373587,-0.008193414357,0.0003783496663
2024-08-15,60d momentum Top2,129422.262,129769.9391,470.9314934,2,215.1513112,132.5257826,441752.6086,0,"{""601398.SH"": 10736.9141, ""601939.SH"": 8300.0}",0.00702702587,-0.001223963821,0.007008067261
2024-08-16,60d momentum Top2,131799.5843,132147.2614,470.9314934,2,215.1513112,132.5257826,441752.6086,0,"{""601398.SH"": 10736.9141, ""601939.SH"": 8300.0}",0.01836872757,0,0.01831951443
2024-08-19,60d momentum Top2,134606.3831,134954.0602,470.9314934,2,215.1513112,132.5257826,441752.6086,0,"{""601398.SH"": 10736.9141, ""601939.SH"": 8300.0}",0.02129596123,0,0.02123993194
2024-08-20,60d momentum Top2,136973.8128,137321.4899,470.9314934,2,215.1513112,132.5257826,441752.6086,0,"{""601398.SH"": 10736.9141, ""601939.SH"": 8300.0}",0.01758779667,0,0.01754248588
2024-08-21,60d momentum Top2,135426.4905,135774.1676,470.9314934,2,215.1513112,132.5257826,441752.6086,0,"{""601398.SH"": 10736.9141, ""601939.SH"": 8300.0}",-0.01129648245,-0.01129648245,-0.01126788147
2024-08-22,60d momentum Top2,137627.9202,137975.5973,470.9314934,2,215.1513112,132.5257826,441752.6086,0,"{""601398.SH"": 10736.9141, ""601939.SH"": 8300.0}",0.01625553234,0,0.01621390677
2024-08-23,60d momentum Top2,138223.3968,138571.0739,470.9314934,2,215.1513112,132.5257826,441752.6086,0,"{""601398.SH"": 10736.9141, ""601939.SH"": 8300.0}",0.00432671339,0,0.004315810744
2024-08-26,60d momentum Top2,137901.2894,138248.9665,470.9314934,2,215.1513112,132.5257826,441752.6086,0,"{""601398.SH"": 10736.9141, ""601939.SH"": 8300.0}",-0.002330339374,-0.002330339374,-0.002324492515
2024-08-27,60d momentum Top2,139970.9808,140318.6579,470.9314934,2,215.1513112,132.5257826,441752.6086,0,"{""601398.SH"": 10736.9141, ""601939.SH"": 8300.0}",0.01500849936,0,0.01497075505
2024-08-28,60d momentum Top2,138711.5042,139059.1813,470.9314934,2,215.1513112,132.5257826,441752.6086,0,"{""601398.SH"": 10736.9141, ""601939.SH"": 8300.0}",-0.008998126314,-0.008998126314,-0.008975831043
2024-08-29,60d momentum Top2,132907.5374,133255.2145,470.9314934,2,215.1513112,132.5257826,441752.6086,0,"{""601398.SH"": 10736.9141, ""601939.SH"": 8300.0}",-0.04184200041,-0.05046362712,-0.04173738664
2024-08-30,60d momentum Top2,127176.678,127524.3551,470.9314934,2,215.1513112,132.5257826,441752.6086,0,"{""601398.SH"": 10736.9141, ""601939.SH"": 8300.0}",-0.04311914511,-0.09140682377,-0.04300664266
2024-09-02,60d momentum Top2,126332.2014,126679.8785,470.9314934,2,215.1513112,132.5257826,441752.6086,0,"{""601398.SH"": 10736.9141, ""601939.SH"": 8300.0}",-0.00664018418,-0.0974400498,-0.006622080658
2024-09-03,60d momentum Top2,122845.6893,123294.234,73.06393527,2,278.6295693,169.9150826,566383.6086,-1.455191523e-11,"{""601398.SH"": 10736.9141, ""601988.SH"": 12800.0}",-0.02759796839,-0.1223488708,-0.02672598508
2024-09-04,60d momentum Top2,122052.8436,122501.3883,73.06393527,2,278.6295693,169.9150826,566383.6086,0,"{""601398.SH"": 10736.9141, ""601988.SH"": 12800.0}",-0.006453996969,-0.1280132285,-0.006430517316
2024-09-05,60d momentum Top2,120809.8905,121258.4352,73.06393527,2,278.6295693,169.9150826,566383.6086,0,"{""601398.SH"": 10736.9141, ""601988.SH"": 12800.0}",-0.01018372939,-0.1368933058,-0.01014644118
2024-09-06,60d momentum Top2,121045.2596,121493.8043,73.06393527,2,278.6295693,169.9150826,566383.6086,-1.455191523e-11,"{""601398.SH"": 10736.9141, ""601988.SH"": 12800.0}",0.00194826053,-0.1352117491,0.001941053759
2024-09-09,60d momentum Top2,120211.1522,120659.6969,73.06393527,2,278.6295693,169.9150826,566383.6086,0,"{""601398.SH"": 10736.9141, ""601988.SH"": 12800.0}",-0.006890872277,-0.1411708945,-0.006865431771
2024-09-10,60d momentum Top2,122391.3671,122839.9117,73.06393527,2,278.6295693,169.9150826,566383.6086,0,"{""601398.SH"": 10736.9141, ""601988.SH"": 12800.0}",0.01813654397,-0.1255947027,0.01806912254
2024-09-11,60d momentum Top2,118819.5682,119268.1129,73.06393527,2,278.6295693,169.9150826,566383.6086,-1.455191523e-11,"{""601398.SH"": 10736.9141, ""601988.SH"": 12800.0}",-0.02918342137,-0.1511128409,-0.02907685936
2024-09-12,60d momentum Top2,118819.5682,119268.1129,73.06393527,2,278.6295693,169.9150826,566383.6086,-1.455191523e-11,"{""601398.SH"": 10736.9141, ""601988.SH"": 12800.0}",0,-0.1511128409,0
2024-09-13,60d momentum Top2,118394.3065,118842.8512,73.06393527,2,278.6295693,169.9150826,566383.6086,0,"{""601398.SH"": 10736.9141, ""601988.SH"": 12800.0}",-0.003579054559,-0.1541510544,-0.003565594416
2024-09-18,60d momentum Top2,120578.7362,121027.2809,73.06393527,2,278.6295693,169.9150826,566383.6086,0,"{""601398.SH"": 10736.9141, ""601988.SH"": 12800.0}",0.01845046236,-0.1385447502,0.01838082539
2024-09-19,60d momentum Top2,119744.6288,120193.1734,73.06393527,2,278.6295693,169.9150826,566383.6086,-1.455191523e-11,"{""601398.SH"": 10736.9141, ""601988.SH"": 12800.0}",-0.006917533308,-0.1445038956,-0.006891895927
2024-09-20,60d momentum Top2,120343.3671,120791.9117,73.06393527,2,278.6295693,169.9150826,566383.6086,-1.455191523e-11,"{""601398.SH"": 10736.9141, ""601988.SH"": 12800.0}",0.005000126425,-0.1402263069,0.00498146663
2024-09-23,60d momentum Top2,121520.2128,121968.7574,73.06393527,2,278.6295693,169.9150826,566383.6086,-1.455191523e-11,"{""601398.SH"": 10736.9141, ""601988.SH"": 12800.0}",0.009779065812,-0.1318185234,0.009742752556
2024-09-24,60d momentum Top2,127214.5487,127663.0934,73.06393527,2,278.6295693,169.9150826,566383.6086,0,"{""601398.SH"": 10736.9141, ""601988.SH"": 12800.0}",0.04685916711,-0.09113626251,0.04668684077
2024-09-25,60d momentum Top2,127644.0253,128092.5699,73.06393527,2,278.6295693,169.9150826,566383.6086,0,"{""601398.SH"": 10736.9141, ""601988.SH"": 12800.0}",0.003376001956,-0.08806793676,0.003364140363
2024-09-26,60d momentum Top2,130513.9316,130962.4762,73.06393527,2,278.6295693,169.9150826,566383.6086,0,"{""601398.SH"": 10736.9141, ""601988.SH"": 12800.0}",0.02248367093,-0.06756435633,0.02240493935
2024-09-27,60d momentum Top2,126937.9179,127386.4625,73.06393527,2,278.6295693,169.9150826,566383.6086,0,"{""601398.SH"": 10736.9141, ""601988.SH"": 12800.0}",-0.02739947868,-0.09311260687,-0.02730563585
2024-09-30,60d momentum Top2,130427.1933,130875.7379,73.06393527,2,278.6295693,169.9150826,566383.6086,-1.455191523e-11,"{""601398.SH"": 10736.9141, ""601988.SH"": 12800.0}",0.02748804661,-0.06818404395,0.02739125754
2024-10-08,60d momentum Top2,129398.9784,129847.5231,73.06393527,2,278.6295693,169.9150826,566383.6086,-1.455191523e-11,"{""601398.SH"": 10736.9141, ""601988.SH"": 12800.0}",-0.007883439198,-0.07552995838,-0.007856420634
2024-10-09,60d momentum Top2,126015.7706,126574.3082,462.7705618,2,349.733075,208.8045925,696015.3082,0,"{""601939.SH"": 8100.0, ""601988.SH"": 12900.0}",-0.02614555312,-0.09970073896,-0.02520814237
2024-10-10,60d momentum Top2,130701.7706,131260.3082,462.7705618,2,349.733075,208.8045925,696015.3082,0,"{""601939.SH"": 8100.0, ""601988.SH"": 12900.0}",0.03718582189,-0.06622237098,0.03702173107
2024-10-11,60d momentum Top2,131316.7706,131875.3082,462.7705618,2,349.733075,208.8045925,696015.3082,1.455191523e-11,"{""601939.SH"": 8100.0, ""601988.SH"": 12900.0}",0.004705368545,-0.0618286031,0.004685346304
2024-10-14,60d momentum Top2,136023.7706,136582.3082,462.7705618,2,349.733075,208.8045925,696015.3082,0,"{""601939.SH"": 8100.0, ""601988.SH"": 12900.0}",0.03584462198,-0.02820020403,0.03569280757
2024-10-15,60d momentum Top2,131802.7706,132361.3082,462.7705618,2,349.733075,208.8045925,696015.3082,0,"{""601939.SH"": 8100.0, ""601988.SH"": 12900.0}",-0.03103134094,-0.05835645482,-0.03090444183
2024-10-16,60d momentum Top2,133968.7706,134527.3082,462.7705618,2,349.733075,208.8045925,696015.3082,0,"{""601939.SH"": 8100.0, ""601988.SH"": 12900.0}",0.01643364544,-0.04288181866,0.01636429882
2024-10-17,60d momentum Top2,132675.7706,133234.3082,462.7705618,2,349.733075,208.8045925,696015.3082,0,"{""601939.SH"": 8100.0, ""601988.SH"": 12900.0}",-0.009651503067,-0.05211944773,-0.009611431441
2024-10-18,60d momentum Top2,132918.7706,133477.3082,462.7705618,2,349.733075,208.8045925,696015.3082,0,"{""601939.SH"": 8100.0, ""601988.SH"": 12900.0}",0.001831532607,-0.05038337359,0.001823854555
2024-10-21,60d momentum Top2,130332.7706,130891.3082,462.7705618,2,349.733075,208.8045925,696015.3082,0,"{""601939.SH"": 8100.0, ""601988.SH"": 12900.0}",-0.01945549142,-0.06885863171,-0.01937407964
2024-10-22,60d momentum Top2,130122.7706,130681.3082,462.7705618,2,349.733075,208.8045925,696015.3082,0,"{""601939.SH"": 8100.0, ""601988.SH"": 12900.0}",-0.001611260154,-0.0703589427,-0.001604384606
2024-10-23,60d momentum Top2,130380.7706,130939.3082,462.7705618,2,349.733075,208.8045925,696015.3082,0,"{""601939.SH"": 8100.0, ""601988.SH"": 12900.0}",0.001982742904,-0.06851570349,0.001974268574
2024-10-24,60d momentum Top2,130413.7706,130972.3082,462.7705618,2,349.733075,208.8045925,696015.3082,0,"{""601939.SH"": 8100.0, ""601988.SH"": 12900.0}",0.0002531048088,-0.06827994033,0.0002520251592
2024-10-25,60d momentum Top2,129492.7706,130051.3082,462.7705618,2,349.733075,208.8045925,696015.3082,0,"{""601939.SH"": 8100.0, ""601988.SH"": 12900.0}",-0.007062137656,-0.07485987565,-0.007032020833
2024-10-28,60d momentum Top2,128295.7706,128854.3082,462.7705618,2,349.733075,208.8045925,696015.3082,0,"{""601939.SH"": 8100.0, ""601988.SH"": 12900.0}",-0.009243759283,-0.08341164827,-0.009204059662
2024-10-29,60d momentum Top2,128553.7706,129112.3082,462.7705618,2,349.733075,208.8045925,696015.3082,0,"{""601939.SH"": 8100.0, ""601988.SH"": 12900.0}",0.002010978218,-0.08156840906,0.002002261341
2024-10-30,60d momentum Top2,126921.7706,127480.3082,462.7705618,2,349.733075,208.8045925,696015.3082,0,"{""601939.SH"": 8100.0, ""601988.SH"": 12900.0}",-0.01269507688,-0.09322796871,-0.01264015819
2024-10-31,60d momentum Top2,126873.7706,127432.3082,462.7705618,2,349.733075,208.8045925,696015.3082,0,"{""601939.SH"": 8100.0, ""601988.SH"": 12900.0}",-0.0003781857107,-0.09357089693,-0.0003765287413
2024-11-01,60d momentum Top2,128700.7706,129259.3082,462.7705618,2,349.733075,208.8045925,696015.3082,0,"{""601939.SH"": 8100.0, ""601988.SH"": 12900.0}",0.01440013954,-0.08051819137,0.01433702352
2024-11-04,60d momentum Top2,128674.4429,129341.3082,282.4429489,2,419.706288,247.1589925,823863.3082,0,"{""601398.SH"": 10400.0, ""601939.SH"": 8000.0}",-0.0002045645323,-0.08070628473,0.0006343837138
2024-11-05,60d momentum Top2,129122.4429,129789.3082,282.4429489,2,419.706288,247.1589925,823863.3082,0,"{""601398.SH"": 10400.0, ""601939.SH"": 8000.0}",0.003481654863,-0.0775056213,0.003463703948
2024-11-06,60d momentum Top2,127618.4429,128285.3082,282.4429489,2,419.706288,247.1589925,823863.3082,0,"{""601398.SH"": 10400.0, ""601939.SH"": 8000.0}",-0.01164785893,-0.08825070568,-0.01158801153
2024-11-07,60d momentum Top2,128882.4429,129549.3082,282.4429489,2,419.706288,247.1589925,823863.3082,0,"{""601398.SH"": 10400.0, ""601939.SH"": 8000.0}",0.00990452454,-0.07922026242,0.009853037869
2024-11-08,60d momentum Top2,127826.4429,128493.3082,282.4429489,2,419.706288,247.1589925,823863.3082,0,"{""601398.SH"": 10400.0, ""601939.SH"": 8000.0}",-0.008193513219,-0.08676468338,-0.008151336464
2024-11-11,60d momentum Top2,126298.4429,126965.3082,282.4429489,2,419.706288,247.1589925,823863.3082,0,"{""601398.SH"": 10400.0, ""601939.SH"": 8000.0}",-0.01195370821,-0.09768123187,-0.01189166985
2024-11-12,60d momentum Top2,125482.4429,126149.3082,282.4429489,2,419.706288,247.1589925,823863.3082,0,"{""601398.SH"": 10400.0, ""601939.SH"": 8000.0}",-0.006460887252,-0.1035110117,-0.00642695246
2024-11-13,60d momentum Top2,126058.4429,126725.3082,282.4429489,2,419.706288,247.1589925,823863.3082,0,"{""601398.SH"": 10400.0, ""601939.SH"": 8000.0}",0.0045902836,-0.099395873,0.004566017904
2024-11-14,60d momentum Top2,126770.4429,127437.3082,282.4429489,2,419.706288,247.1589925,823863.3082,0,"{""601398.SH"": 10400.0, ""601939.SH"": 8000.0}",0.005648173842,-0.09430910433,0.005618451515
2024-11-15,60d momentum Top2,126562.4429,127229.3082,282.4429489,2,419.706288,247.1589925,823863.3082,0,"{""601398.SH"": 10400.0, ""601939.SH"": 8000.0}",-0.00164076101,-0.09579512664,-0.00163217509
2024-11-18,60d momentum Top2,128658.4429,129325.3082,282.4429489,2,419.706288,247.1589925,823863.3082,0,"{""601398.SH"": 10400.0, ""601939.SH"": 8000.0}",0.01656099512,-0.08082059414,0.01647419159
2024-11-19,60d momentum Top2,127842.4429,128509.3082,282.4429489,2,419.706288,247.1589925,823863.3082,0,"{""601398.SH"": 10400.0, ""601939.SH"": 8000.0}",-0.006342374284,-0.08665037397,-0.006309669864
2024-11-20,60d momentum Top2,127738.4429,128405.3082,282.4429489,2,419.706288,247.1589925,823863.3082,0,"{""601398.SH"": 10400.0, ""601939.SH"": 8000.0}",-0.0008135013506,-0.08739338512,-0.0008092798991
2024-11-21,60d momentum Top2,127554.4429,128221.3082,282.4429489,2,419.706288,247.1589925,823863.3082,0,"{""601398.SH"": 10400.0, ""601939.SH"": 8000.0}",-0.001440443423,-0.08870794332,-0.001432962566
2024-11-22,60d momentum Top2,125922.4429,126589.3082,282.4429489,2,419.706288,247.1589925,823863.3082,0,"{""601398.SH"": 10400.0, ""601939.SH"": 8000.0}",-0.01279453669,-0.100367503,-0.01272799367
2024-11-25,60d momentum Top2,126450.4429,127117.3082,282.4429489,2,419.706288,247.1589925,823863.3082,0,"{""601398.SH"": 10400.0, ""601939.SH"": 8000.0}",0.004193057152,-0.09659529249,0.004170968365
2024-11-26,60d momentum Top2,128186.4429,128853.3082,282.4429489,2,419.706288,247.1589925,823863.3082,0,"{""601398.SH"": 10400.0, ""601939.SH"": 8000.0}",0.01372869845,-0.08419272169,0.01365667685
2024-11-27,60d momentum Top2,129242.4429,129909.3082,282.4429489,2,419.706288,247.1589925,823863.3082,0,"{""601398.SH"": 10400.0, ""601939.SH"": 8000.0}",0.008238000647,-0.07664830074,0.008195365835
2024-11-28,60d momentum Top2,128978.4429,129645.3082,282.4429489,2,419.706288,247.1589925,823863.3082,0,"{""601398.SH"": 10400.0, ""601939.SH"": 8000.0}",-0.002042672623,-0.07853440597,-0.002032186943
2024-11-29,60d momentum Top2,128082.4429,128749.3082,282.4429489,2,419.706288,247.1589925,823863.3082,0,"{""601398.SH"": 10400.0, ""601939.SH"": 8000.0}",-0.006946897323,-0.08493573284,-0.0069111641
2024-12-02,60d momentum Top2,127554.4429,128221.3082,282.4429489,2,419.706288,247.1589925,823863.3082,0,"{""601398.SH"": 10400.0, ""601939.SH"": 8000.0}",-0.004122344857,-0.08870794332,-0.004100992908
2024-12-03,60d momentum Top2,129420.3671,130293.3082,229.3670916,2,549.4648453,323.4762925,1078254.308,0,"{""601288.SH"": 13200.0, ""601988.SH"": 12700.0}",0.01462845276,-0.07537715052,0.0161595606
2024-12-04,60d momentum Top2,129938.3671,130811.3082,229.3670916,2,549.4648453,323.4762925,1078254.308,0,"{""601288.SH"": 13200.0, ""601988.SH"": 12700.0}",0.004002461217,-0.07167638342,0.003975645465
2024-12-05,60d momentum Top2,129689.3671,130562.3082,229.3670916,2,549.4648453,323.4762925,1078254.308,0,"{""601288.SH"": 13200.0, ""601988.SH"": 12700.0}",-0.001916293129,-0.07345532359,-0.001903505158
2024-12-06,60d momentum Top2,130339.3671,131212.3082,229.3670916,2,549.4648453,323.4762925,1078254.308,0,"{""601288.SH"": 13200.0, ""601988.SH"": 12700.0}",0.005011976036,-0.06881150388,0.004978465905
2024-12-09,60d momentum Top2,131766.3671,132639.3082,229.3670916,2,549.4648453,323.4762925,1078254.308,0,"{""601288.SH"": 13200.0, ""601988.SH"": 12700.0}",0.01094834225,-0.05861653352,0.01087550413
2024-12-10,60d momentum Top2,133056.3671,133929.3082,229.3670916,2,549.4648453,323.4762925,1078254.308,0,"{""601288.SH"": 13200.0, ""601988.SH"": 12700.0}",0.009790055144,-0.04940033747,0.009725623703
2024-12-11,60d momentum Top2,130984.3671,131857.3082,229.3670916,2,549.4648453,323.4762925,1078254.308,0,"{""601288.SH"": 13200.0, ""601988.SH"": 12700.0}",-0.01557234761,-0.06420340585,-0.01547084822
2024-12-12,60d momentum Top2,132665.3671,133538.3082,229.3670916,2,549.4648453,323.4762925,1078254.308,0,"{""601288.SH"": 13200.0, ""601988.SH"": 12700.0}",0.01283359257,-0.05219377364,0.01274862973
2024-12-13,60d momentum Top2,132015.3671,132888.3082,229.3670916,2,549.4648453,323.4762925,1078254.308,0,"{""601288.SH"": 13200.0, ""601988.SH"": 12700.0}",-0.004899545482,-0.05683759335,-0.004867517109
2024-12-16,60d momentum Top2,134483.3671,135356.3082,229.3670916,2,549.4648453,323.4762925,1078254.308,0,"{""601288.SH"": 13200.0, ""601988.SH"": 12700.0}",0.0186947933,-0.03920536711,0.01857198751
2024-12-17,60d momentum Top2,134605.3671,135478.3082,229.3670916,2,549.4648453,323.4762925,1078254.308,0,"{""601288.SH"": 13200.0, ""601988.SH"": 12700.0}",0.0009071753826,-0.03833375787,0.0009013248189
2024-12-18,60d momentum Top2,134605.3671,135478.3082,229.3670916,2,549.4648453,323.4762925,1078254.308,0,"{""601288.SH"": 13200.0, ""601988.SH"": 12700.0}",0,-0.03833375787,0
2024-12-19,60d momentum Top2,133178.3671,134051.3082,229.3670916,2,549.4648453,323.4762925,1078254.308,0,"{""601288.SH"": 13200.0, ""601988.SH"": 12700.0}",-0.01060136034,-0.04852872823,-0.01053305152
2024-12-20,60d momentum Top2,133559.3671,134432.3082,229.3670916,2,549.4648453,323.4762925,1078254.308,0,"{""601288.SH"": 13200.0, ""601988.SH"": 12700.0}",0.002860824985,-0.04580673544,0.002842195313
2024-12-23,60d momentum Top2,136809.3671,137682.3082,229.3670916,2,549.4648453,323.4762925,1078254.308,0,"{""601288.SH"": 13200.0, ""601988.SH"": 12700.0}",0.02433374814,-0.02258763687,0.02417573605
2024-12-24,60d momentum Top2,138490.3671,139363.3082,229.3670916,2,549.4648453,323.4762925,1078254.308,0,"{""601288.SH"": 13200.0, ""601988.SH"": 12700.0}",0.01228717036,-0.01057800465,0.01220926655
2024-12-25,60d momentum Top2,140298.3671,141171.3082,229.3670916,2,549.4648453,323.4762925,1078254.308,0,"{""601288.SH"": 13200.0, ""601988.SH"": 12700.0}",0.01305505963,0,0.0129732856
2024-12-26,60d momentum Top2,140039.3671,140912.3082,229.3670916,2,549.4648453,323.4762925,1078254.308,0,"{""601288.SH"": 13200.0, ""601988.SH"": 12700.0}",-0.001846065677,-0.001846065677,-0.00183465042
2024-12-27,60d momentum Top2,139917.3671,140790.3082,229.3670916,2,549.4648453,323.4762925,1078254.308,0,"{""601288.SH"": 13200.0, ""601988.SH"": 12700.0}",-0.0008711836003,-0.002715641015,-0.0008657866835
2024-12-30,60d momentum Top2,141344.3671,142217.3082,229.3670916,2,549.4648453,323.4762925,1078254.308,0,"{""601288.SH"": 13200.0, ""601988.SH"": 12700.0}",0.01019887688,0,0.01013564085
2024-12-31,60d momentum Top2,140694.3671,141567.3082,229.3670916,2,549.4648453,323.4762925,1078254.308,0,"{""601288.SH"": 13200.0, ""601988.SH"": 12700.0}",-0.004598697588,-0.004598697588,-0.004570470417
2025-01-02,60d momentum Top2,137068.3671,137941.3082,229.3670916,2,549.4648453,323.4762925,1078254.308,0,"{""601288.SH"": 13200.0, ""601988.SH"": 12700.0}",-0.02577217606,-0.03025235521,-0.02561325807
2025-01-03,60d momentum Top2,135571.6229,136555.3082,526.6229196,2,619.2266172,364.4586925,1214862.308,0,"{""601398.SH"": 10000.0, ""601988.SH"": 12700.0}",-0.01091969069,-0.04084169954,-0.0100477516
2025-01-06,60d momentum Top2,136479.6229,137463.3082,526.6229196,2,619.2266172,364.4586925,1214862.308,0,"{""601398.SH"": 10000.0, ""601988.SH"": 12700.0}",0.006697566795,-0.03441767275,0.006649320424
2025-01-07,60d momentum Top2,138186.9473,139170.6326,526.6229196,2,619.2266172,364.4586925,1214862.308,0,"{""601398.SH"": 10212.0066, ""601988.SH"": 12700.0}",0.01250973811,-0.02233849071,0.01242021862
2025-01-08,60d momentum Top2,139663.7877,140647.473,526.6229196,2,619.2266172,364.4586925,1214862.308,-2.910383046e-11,"{""601398.SH"": 10212.0066, ""601988.SH"": 12700.0}",0.01068726456,-0.01188996351,0.01061172488
2025-01-09,60d momentum Top2,138391.1874,139374.8727,526.6229196,2,619.2266172,364.4586925,1214862.308,-2.910383046e-11,"{""601398.SH"": 10212.0066, ""601988.SH"": 12700.0}",-0.009111884706,-0.02089350824,-0.009048156387
2025-01-10,60d momentum Top2,137855.7071,138839.3924,526.6229196,2,619.2266172,364.4586925,1214862.308,0,"{""601398.SH"": 10212.0066, ""601988.SH"": 12700.0}",-0.003869323439,-0.02468198794,-0.00384201438
2025-01-13,60d momentum Top2,135870.8667,136854.552,526.6229196,2,619.2266172,364.4586925,1214862.308,0,"{""601398.SH"": 10212.0066, ""601988.SH"": 12700.0}",-0.01439795642,-0.03872457418,-0.01429594605
2025-01-14,60d momentum Top2,136988.9867,137972.672,526.6229196,2,619.2266172,364.4586925,1214862.308,0,"{""601398.SH"": 10212.0066, ""601988.SH"": 12700.0}",0.008229284862,-0.03081396487,0.008170134279
2025-01-15,60d momentum Top2,137447.2269,138430.9122,526.6229196,2,619.2266172,364.4586925,1214862.308,0,"{""601398.SH"": 10212.0066, ""601988.SH"": 12700.0}",0.003345087393,-0.02757195288,0.003321238371
2025-01-16,60d momentum Top2,138338.8272,139322.5125,526.6229196,2,619.2266172,364.4586925,1214862.308,0,"{""601398.SH"": 10212.0066, ""601988.SH"": 12700.0}",0.006486855732,-0.02126395243,0.006440760358
2025-01-17,60d momentum Top2,137242.9867,138226.672,526.6229196,2,619.2266172,364.4586925,1214862.308,0,"{""601398.SH"": 10212.0066, ""601988.SH"": 12700.0}",-0.007921423697,-0.02901693535,-0.007865494558
2025-01-20,60d momentum Top2,136326.5065,137310.1918,526.6229196,2,619.2266172,364.4586925,1214862.308,0,"{""601398.SH"": 10212.0066, ""601988.SH"": 12700.0}",-0.006677793066,-0.03550095932,-0.006630270783
2025-01-21,60d momentum Top2,136122.2663,137105.9516,526.6229196,2,619.2266172,364.4586925,1214862.308,-2.910383046e-11,"{""601398.SH"": 10212.0066, ""601988.SH"": 12700.0}",-0.001498168902,-0.03694594179,-0.001487436074
2025-01-22,60d momentum Top2,133728.9456,134712.6309,526.6229196,2,619.2266172,364.4586925,1214862.308,-2.910383046e-11,"{""601398.SH"": 10212.0066, ""601988.SH"": 12700.0}",-0.01758213989,-0.05387849297,-0.01745599444
2025-01-23,60d momentum Top2,137924.6495,138908.3348,526.6229196,2,619.2266172,364.4586925,1214862.308,0,"{""601398.SH"": 10212.0066, ""601988.SH"": 12993.6446}",0.03137468735,-0.02419422649,0.0311455862
2025-01-24,60d momentum Top2,137636.9602,138620.6455,526.6229196,2,619.2266172,364.4586925,1214862.308,-2.910383046e-11,"{""601398.SH"": 10212.0066, ""601988.SH"": 12993.6446}",-0.002085843786,-0.0262296049,-0.002071072794
2025-01-27,60d momentum Top2,140987.8714,141971.5567,526.6229196,2,619.2266172,364.4586925,1214862.308,-2.910383046e-11,"{""601398.SH"": 10212.0066, ""601988.SH"": 12993.6446}",0.02434601316,-0.002522178046,0.02417324802
2025-02-05,60d momentum Top2,137971.1368,138954.8221,526.6229196,2,619.2266172,364.4586925,1214862.308,0,"{""601398.SH"": 10212.0066, ""601988.SH"": 12993.6446}",-0.02139712186,-0.02386533255,-0.02124886657
2025-02-06,60d momentum Top2,137711.2639,138694.9492,526.6229196,2,619.2266172,364.4586925,1214862.308,-2.910383046e-11,"{""601398.SH"": 10212.0066, ""601988.SH"": 12993.6446}",-0.001883530853,-0.02570391231,-0.001870197011
2025-02-07,60d momentum Top2,137451.391,138435.0763,526.6229196,2,619.2266172,364.4586925,1214862.308,0,"{""601398.SH"": 10212.0066, ""601988.SH"": 12993.6446}",-0.001887085236,-0.02754249208,-0.001873701201
2025-02-10,60d momentum Top2,137117.2144,138100.8997,526.6229196,2,619.2266172,364.4586925,1214862.308,0,"{""601398.SH"": 10212.0066, ""601988.SH"": 12993.6446}",-0.00243123461,-0.02990676443,-0.00241395886
2025-02-11,60d momentum Top2,140078.3163,141062.0016,526.6229196,2,619.2266172,364.4586925,1214862.308,0,"{""601398.SH"": 10212.0066, ""601988.SH"": 12993.6446}",0.02159540593,-0.008957207215,0.02144158301
2025-02-12,60d momentum Top2,141155.1497,142138.835,526.6229196,2,619.2266172,364.4586925,1214862.308,0,"{""601398.SH"": 10212.0066, ""601988.SH"": 12993.6446}",0.007687366978,-0.001338697576,0.0076337597
2025-02-13,60d momentum Top2,141897.8066,142881.4919,526.6229196,2,619.2266172,364.4586925,1214862.308,-2.910383046e-11,"{""601398.SH"": 10212.0066, ""601988.SH"": 12993.6446}",0.005261280552,0,0.00522486936
2025-02-14,60d momentum Top2,142204.1668,143187.8521,526.6229196,2,619.2266172,364.4586925,1214862.308,0,"{""601398.SH"": 10212.0066, ""601988.SH"": 12993.6446}",0.002159019975,0,0.002144155935
2025-02-17,60d momentum Top2,142287.6159,143271.3012,526.6229196,2,619.2266172,364.4586925,1214862.308,-2.910383046e-11,"{""601398.SH"": 10212.0066, ""601988.SH"": 12993.6446}",0.000586826268,0,0.000582794834
2025-02-18,60d momentum Top2,145174.4141,146158.0994,526.6229196,2,619.2266172,364.4586925,1214862.308,0,"{""601398.SH"": 10212.0066, ""601988.SH"": 12993.6446}",0.02028847135,0,0.02014917289
2025-02-19,60d momentum Top2,144376.1245,145359.8098,526.6229196,2,619.2266172,364.4586925,1214862.308,0,"{""601398.SH"": 10212.0066, ""601988.SH"": 12993.6446}",-0.005498831245,-0.005498831245,-0.005461822557
2025-02-20,60d momentum Top2,144942.3576,145926.0429,526.6229196,2,619.2266172,364.4586925,1214862.308,-2.910383046e-11,"{""601398.SH"": 10212.0066, ""601988.SH"": 12993.6446}",0.003921930261,-0.001598467017,0.003895389602
2025-02-21,60d momentum Top2,142241.1286,143224.8139,526.6229196,2,619.2266172,364.4586925,1214862.308,0,"{""601398.SH"": 10212.0066, ""601988.SH"": 12993.6446}",-0.01863657427,-0.02020525133,-0.01851094539
2025-02-24,60d momentum Top2,141182.9661,142166.6514,526.6229196,2,619.2266172,364.4586925,1214862.308,0,"{""601398.SH"": 10212.0066, ""601988.SH"": 12993.6446}",-0.007439216123,-0.02749415623,-0.007388122689
2025-02-25,60d momentum Top2,140226.9237,141210.609,526.6229196,2,619.2266172,364.4586925,1214862.308,-2.910383046e-11,"{""601398.SH"": 10212.0066, ""601988.SH"": 12993.6446}",-0.006771655656,-0.03407963092,-0.00672480094
2025-02-26,60d momentum Top2,141080.846,142064.5314,526.6229196,2,619.2266172,364.4586925,1214862.308,0,"{""601398.SH"": 10212.0066, ""601988.SH"": 12993.6446}",0.006089574971,-0.02819758642,0.006047154466
2025-02-27,60d momentum Top2,141851.3193,142835.0046,526.6229196,2,619.2266172,364.4586925,1214862.308,0,"{""601398.SH"": 10212.0066, ""601988.SH"": 12993.6446}",0.005461217776,-0.0228903618,0.005423403132
2025-02-28,60d momentum Top2,140848.7895,141832.4748,526.6229196,2,619.2266172,364.4586925,1214862.308,0,"{""601398.SH"": 10212.0066, ""601988.SH"": 12993.6446}",-0.007067468545,-0.02979605344,-0.007018795847
2025-03-03,60d momentum Top2,140904.4223,141888.1076,526.6229196,2,619.2266172,364.4586925,1214862.308,0,"{""601398.SH"": 10212.0066, ""601988.SH"": 12993.6446}",0.0003949821685,-0.02941284018,0.0003922427525
2025-03-04,60d momentum Top2,139669.836,140653.5214,526.6229196,2,619.2266172,364.4586925,1214862.308,0,"{""601398.SH"": 10212.0066, ""601988.SH"": 12993.6446}",-0.008761870136,-0.03791699883,-0.008701125631
2025-03-05,60d momentum Top2,141758.3447,142742.03,526.6229196,2,619.2266172,364.4586925,1214862.308,-2.910383046e-11,"{""601398.SH"": 10212.0066, ""601988.SH"": 12993.6446}",0.01495318298,-0.02353079567,0.01484860524
2025-03-06,60d momentum Top2,140960.0551,141943.7404,526.6229196,2,619.2266172,364.4586925,1214862.308,0,"{""601398.SH"": 10212.0066, ""601988.SH"": 12993.6446}",-0.005631341184,-0.02902962692,-0.00559253364
2025-03-07,60d momentum Top2,140263.8855,141247.5708,526.6229196,2,619.2266172,364.4586925,1214862.308,-2.910383046e-11,"{""601398.SH"": 10212.0066, ""601988.SH"": 12993.6446}",-0.004938771753,-0.03382502797,-0.004904545536
2025-03-10,60d momentum Top2,139131.4193,140115.1046,526.6229196,2,619.2266172,364.4586925,1214862.308,0,"{""601398.SH"": 10212.0066, ""601988.SH"": 12993.6446}",-0.008073825841,-0.04162575643,-0.00801759759
2025-03-11,60d momentum Top2,139799.7725,140783.4578,526.6229196,2,619.2266172,364.4586925,1214862.308,-2.910383046e-11,"{""601398.SH"": 10212.0066, ""601988.SH"": 12993.6446}",0.00480375433,-0.03702196201,0.004770029325
2025-03-12,60d momentum Top2,138407.4334,139391.1187,526.6229196,2,619.2266172,364.4586925,1214862.308,0,"{""601398.SH"": 10212.0066, ""601988.SH"": 12993.6446}",-0.009959523192,-0.04661276411,-0.00988993379
2025-03-13,60d momentum Top2,138509.5535,139493.2388,526.6229196,2,619.2266172,364.4586925,1214862.308,0,"{""601398.SH"": 10212.0066, ""601988.SH"": 12993.6446}",0.0007378221224,-0.04590933391,0.0007326153001
2025-03-14,60d momentum Top2,139103.603,140087.2883,526.6229196,2,619.2266172,364.4586925,1214862.308,0,"{""601398.SH"": 10212.0066, ""601988.SH"": 12993.6446}",0.004288870023,-0.04181736306,0.004258625558
2025-03-17,60d momentum Top2,139846.2598,140829.9451,526.6229196,2,619.2266172,364.4586925,1214862.308,0,"{""601398.SH"": 10212.0066, ""601988.SH"": 12993.6446}",0.00533887569,-0.03670174507,0.005301386395
2025-03-18,60d momentum Top2,139744.1397,140727.825,526.6229196,2,619.2266172,364.4586925,1214862.308,0,"{""601398.SH"": 10212.0066, ""601988.SH"": 12993.6446}",-0.0007302309438,-0.03740517526,-0.0007251303422
2025-03-19,60d momentum Top2,141238.5989,142222.2842,526.6229196,2,619.2266172,364.4586925,1214862.308,0,"{""601398.SH"": 10212.0066, ""601988.SH"": 12993.6446}",0.01069425269,-0.02711094297,0.01061950003
2025-03-20,60d momentum Top2,140802.3022,141785.9875,526.6229196,2,619.2266172,364.4586925,1214862.308,0,"{""601398.SH"": 10212.0066, ""601988.SH"": 12993.6446}",-0.003089075145,-0.03011627037,-0.003067709451
2025-03-21,60d momentum Top2,139205.723,140189.4083,526.6229196,2,619.2266172,364.4586925,1214862.308,-2.910383046e-11,"{""601398.SH"": 10212.0066, ""601988.SH"": 12993.6446}",-0.01133915557,-0.04111393286,-0.01126048657
2025-03-24,60d momentum Top2,140338.1892,141321.8745,526.6229196,2,619.2266172,364.4586925,1214862.308,0,"{""601398.SH"": 10212.0066, ""601988.SH"": 12993.6446}",0.008135198459,-0.03331320441,0.008078115151
2025-03-25,60d momentum Top2,141684.041,142667.7263,526.6229196,2,619.2266172,364.4586925,1214862.308,0,"{""601398.SH"": 10212.0066, ""601988.SH"": 12993.6446}",0.009590060824,-0.02404261924,0.009523308228
2025-03-26,60d momentum Top2,141479.8008,142463.4861,526.6229196,2,619.2266172,364.4586925,1214862.308,-2.910383046e-11,"{""601398.SH"": 10212.0066, ""601988.SH"": 12993.6446}",-0.001441518262,-0.02544947963,-0.001431579082
2025-03-27,60d momentum Top2,142537.9633,143521.6486,526.6229196,2,619.2266172,364.4586925,1214862.308,0,"{""601398.SH"": 10212.0066, ""601988.SH"": 12993.6446}",0.007479247858,-0.01816057473,0.007427604967
2025-03-28,60d momentum Top2,142250.2741,143233.9594,526.6229196,2,619.2266172,364.4586925,1214862.308,-2.910383046e-11,"{""601398.SH"": 10212.0066, ""601988.SH"": 12993.6446}",-0.002018334388,-0.02014225501,-0.002004500894
2025-03-31,60d momentum Top2,143651.7586,144635.4439,526.6229196,2,619.2266172,364.4586925,1214862.308,0,"{""601398.SH"": 10212.0066, ""601988.SH"": 12993.6446}",0.009852244855,-0.01048845658,0.009784582768
2025-04-01,60d momentum Top2,141693.1864,142676.8717,526.6229196,2,619.2266172,364.4586925,1214862.308,0,"{""601398.SH"": 10212.0066, ""601988.SH"": 12993.6446}",-0.01363416771,-0.02397962292,-0.01354143988
2025-04-02,60d momentum Top2,143264.4047,144366.3068,151.9311885,2,695.4326941,406.46935,1354897.833,0,"{""601939.SH"": 8100.0, ""601988.SH"": 12893.6446}",0.01108887706,-0.01315665295,0.01184098753
2025-04-03,60d momentum Top2,145381.9599,146483.8619,151.9311885,2,695.4326941,406.46935,1354897.833,0,"{""601939.SH"": 8100.0, ""601988.SH"": 12893.6446}",0.01478074843,0,0.01466793168
2025-04-07,60d momentum Top2,142221.3581,143323.2601,151.9311885,2,695.4326941,406.46935,1354897.833,0,"{""601939.SH"": 8100.0, ""601988.SH"": 12893.6446}",-0.02173998634,-0.02173998634,-0.02157645068
2025-04-08,60d momentum Top2,143337.1674,144439.0694,151.9311885,2,695.4326941,406.46935,1354897.833,0,"{""601939.SH"": 8100.0, ""601988.SH"": 12893.6446}",0.007845582088,-0.0140649671,0.007785263457
2025-04-09,60d momentum Top2,141186.5487,142288.4508,151.9311885,2,695.4326941,406.46935,1354897.833,0,"{""601939.SH"": 8100.0, ""601988.SH"": 12893.6446}",-0.01500391502,-0.02885785255,-0.0148894526
2025-04-10,60d momentum Top2,140313.7394,141415.6414,151.9311885,2,695.4326941,406.46935,1354897.833,0,"{""601939.SH"": 8100.0, ""601988.SH"": 12893.6446}",-0.006181958177,-0.03486141269,-0.006134084212
2025-04-11,60d momentum Top2,141234.4852,142336.3872,151.9311885,2,695.4326941,406.46935,1354897.833,0,"{""601939.SH"": 8100.0, ""601988.SH"": 12893.6446}",0.006562050088,-0.02852812494,0.006510918994
2025-04-14,60d momentum Top2,143142.1038,144244.0059,151.9311885,2,695.4326941,406.46935,1354897.833,0,"{""601939.SH"": 8100.0, ""601988.SH"": 12893.6446}",0.01350674856,-0.01540669859,0.0134021856
2025-04-15,60d momentum Top2,144836.4683,145938.3703,151.9311885,2,695.4326941,406.46935,1354897.833,0,"{""601939.SH"": 8100.0, ""601988.SH"": 12893.6446}",0.01183693979,-0.003752126963,0.01174651559
2025-04-16,60d momentum Top2,146596.9599,147698.8619,151.9311885,2,695.4326941,406.46935,1354897.833,0,"{""601939.SH"": 8100.0, ""601988.SH"": 12893.6446}",0.01215502968,0,0.0120632536
2025-04-17,60d momentum Top2,146677.9599,147779.8619,151.9311885,2,695.4326941,406.46935,1354897.833,0,"{""601939.SH"": 8100.0, ""601988.SH"": 12893.6446}",0.0005525353327,0,0.0005484131628
2025-04-18,60d momentum Top2,148069.8328,149171.7348,151.9311885,2,695.4326941,406.46935,1354897.833,0,"{""601939.SH"": 8100.0, ""601988.SH"": 12893.6446}",0.009489311783,0,0.009418555917
2025-04-21,60d momentum Top2,146291.1505,147393.0526,151.9311885,2,695.4326941,406.46935,1354897.833,0,"{""601939.SH"": 8100.0, ""601988.SH"": 12893.6446}",-0.0120124552,-0.0120124552,-0.01192372157
2025-04-22,60d momentum Top2,148471.515,149573.417,151.9311885,2,695.4326941,406.46935,1354897.833,0,"{""601939.SH"": 8100.0, ""601988.SH"": 12893.6446}",0.01490428134,0,0.01479285778
2025-04-23,60d momentum Top2,147646.6421,148748.5442,151.9311885,2,695.4326941,406.46935,1354897.833,0,"{""601939.SH"": 8100.0, ""601988.SH"": 12893.6446}",-0.005555765312,-0.005555765312,-0.005514836187
2025-04-24,60d momentum Top2,150408.8795,151510.7815,151.9311885,2,695.4326941,406.46935,1354897.833,0,"{""601939.SH"": 8100.0, ""601988.SH"": 12893.6446}",0.01870843331,0,0.01856984465
2025-04-25,60d momentum Top2,149265.5446,150367.4466,151.9311885,2,695.4326941,406.46935,1354897.833,0,"{""601939.SH"": 8100.0, ""601988.SH"": 13164.7727}",-0.007601511814,-0.007601511814,-0.007546227818
2025-04-28,60d momentum Top2,151381.7832,152483.6853,151.9311885,2,695.4326941,406.46935,1354897.833,0,"{""601939.SH"": 8100.0, ""601988.SH"": 13164.7727}",0.0141776767,0,0.0140737818
2025-04-29,60d momentum Top2,151007.1355,152109.0375,151.9311885,2,695.4326941,406.46935,1354897.833,0,"{""601939.SH"": 8100.0, ""601988.SH"": 13164.7727}",-0.002474853439,-0.002474853439,-0.002456969257
2025-04-30,60d momentum Top2,146339.1241,147441.0262,151.9311885,2,695.4326941,406.46935,1354897.833,0,"{""601939.SH"": 8100.0, ""601988.SH"": 13164.7727}",-0.03091252172,-0.0333108712,-0.0306885865
2025-05-06,60d momentum Top2,145731.5332,146833.4353,151.9311885,2,695.4326941,406.46935,1354897.833,0,"{""601939.SH"": 8100.0, ""601988.SH"": 13164.7727}",-0.00415193757,-0.03732450411,-0.004120908021
2025-05-07,60d momentum Top2,148270.936,149490.3785,343.9360201,2,769.4642239,449.9782135,1499927.378,0,"{""601288.SH"": 13400.0, ""601939.SH"": 8100.0}",0.01742521149,-0.02054968,0.01809494667
2025-05-08,60d momentum Top2,148650.936,149870.3785,343.9360201,2,769.4642239,449.9782135,1499927.378,0,"{""601288.SH"": 13400.0, ""601939.SH"": 8100.0}",0.002562875842,-0.01803947044,0.002541969617
2025-05-09,60d momentum Top2,150750.4566,151969.899,343.9360201,2,769.4642239,449.9782135,1499927.378,0,"{""601288.SH"": 13400.0, ""601939.SH"": 8287.0693}",0.0141238302,-0.004170426653,0.01400890958
2025-05-12,60d momentum Top2,150304.3617,151523.8042,343.9360201,2,769.4642239,449.9782135,1499927.378,0,"{""601288.SH"": 13400.0, ""601939.SH"": 8287.0693}",-0.002959160874,-0.007117246563,-0.002935415867
2025-05-13,60d momentum Top2,152524.198,153743.6404,343.9360201,2,769.4642239,449.9782135,1499927.378,0,"{""601288.SH"": 13400.0, ""601939.SH"": 8287.0693}",0.01476894092,0,0.01465008255
2025-05-14,60d momentum Top2,152575.3273,153794.7697,343.9360201,2,769.4642239,449.9782135,1499927.378,0,"{""601288.SH"": 13400.0, ""601939.SH"": 8287.0693}",0.0003352209512,0,0.0003325620923
2025-05-15,60d momentum Top2,152677.5859,153897.0283,343.9360201,2,769.4642239,449.9782135,1499927.378,0,"{""601288.SH"": 13400.0, ""601939.SH"": 8287.0693}",0.0006702172316,0,0.000664903063
2025-05-16,60d momentum Top2,151325.2324,152544.6749,343.9360201,2,769.4642239,449.9782135,1499927.378,0,"{""601288.SH"": 13400.0, ""601939.SH"": 8287.0693}",-0.008857576954,-0.008857576954,-0.008787391679
2025-05-19,60d momentum Top2,150757.4911,151976.9335,343.9360201,2,769.4642239,449.9782135,1499927.378,0,"{""601288.SH"": 13400.0, ""601939.SH"": 8287.0693}",-0.003751795899,-0.01257614103,-0.003721804035
2025-05-20,60d momentum Top2,150891.4911,152110.9335,343.9360201,2,769.4642239,449.9782135,1499927.378,0,"{""601288.SH"": 13400.0, ""601939.SH"": 8287.0693}",0.0008888447205,-0.01169847455,0.0008817127502
2025-05-21,60d momentum Top2,151108.3617,152327.8042,343.9360201,2,769.4642239,449.9782135,1499927.378,0,"{""601288.SH"": 13400.0, ""601939.SH"": 8287.0693}",0.001437262577,-0.01027802575,0.001425740335
2025-05-22,60d momentum Top2,151510.3617,152729.8042,343.9360201,2,769.4642239,449.9782135,1499927.378,0,"{""601288.SH"": 13400.0, ""601939.SH"": 8287.0693}",0.002660342521,-0.0076450263,0.00263904546
2025-05-23,60d momentum Top2,149826.5255,151045.9679,343.9360201,2,769.4642239,449.9782135,1499927.378,0,"{""601288.SH"": 13400.0, ""601939.SH"": 8287.0693}",-0.01111367051,-0.01867373251,-0.0110249355
2025-05-26,60d momentum Top2,148959.0427,150178.4852,343.9360201,2,769.4642239,449.9782135,1499927.378,0,"{""601288.SH"": 13400.0, ""601939.SH"": 8287.0693}",-0.005789914504,-0.0243555277,-0.005743170671
2025-05-27,60d momentum Top2,149609.6548,150829.0973,343.9360201,2,769.4642239,449.9782135,1499927.378,0,"{""601288.SH"": 13400.0, ""601939.SH"": 8287.0693}",0.00436772463,-0.0200941813,0.004332258906
2025-05-28,60d momentum Top2,149309.9134,150529.3559,343.9360201,2,769.4642239,449.9782135,1499927.378,0,"{""601288.SH"": 13400.0, ""601939.SH"": 8287.0693}",-0.002003489594,-0.02205741241,-0.001987291524
2025-05-29,60d momentum Top2,148844.4307,150063.8731,343.9360201,2,769.4642239,449.9782135,1499927.378,0,"{""601288.SH"": 13400.0, ""601939.SH"": 8287.0693}",-0.003117561067,-0.02510620815,-0.00309230562
2025-05-30,60d momentum Top2,149278.172,150497.6145,343.9360201,2,769.4642239,449.9782135,1499927.378,0,"{""601288.SH"": 13400.0, ""601939.SH"": 8287.0693}",0.002914058555,-0.02226531056,0.002890378461
2025-06-03,60d momentum Top2,150062.7841,151282.2266,343.9360201,2,769.4642239,449.9782135,1499927.378,0,"{""601288.SH"": 13400.0, ""601939.SH"": 8287.0693}",0.005256040244,-0.01712629768,0.005213451938
2025-06-04,60d momentum Top2,149648.4307,150867.8731,343.9360201,2,769.4642239,449.9782135,1499927.378,0,"{""601288.SH"": 13400.0, ""601939.SH"": 8287.0693}",-0.002761200712,-0.01984020925,-0.002738943469
2025-06-05,60d momentum Top2,149565.56,150785.0024,343.9360201,2,769.4642239,449.9782135,1499927.378,0,"{""601288.SH"": 13400.0, ""601939.SH"": 8287.0693}",-0.0005537692103,-0.02038299156,-0.0005492931767
2025-06-06,60d momentum Top2,150101.56,151321.0024,343.9360201,2,769.4642239,449.9782135,1499927.378,0,"{""601288.SH"": 13400.0, ""601939.SH"": 8287.0693}",0.003583712722,-0.01687232563,0.003554730188
2025-06-09,60d momentum Top2,149502.0772,150721.5196,343.9360201,2,769.4642239,449.9782135,1499927.378,0,"{""601288.SH"": 13400.0, ""601939.SH"": 8287.0693}",-0.00399384772,-0.02079878785,-0.003961662714
2025-06-10,60d momentum Top2,149986.9479,151206.3903,343.9360201,2,769.4642239,449.9782135,1499927.378,0,"{""601288.SH"": 13400.0, ""601939.SH"": 8287.0693}",0.003243237167,-0.01762300608,0.003216997111
2025-06-11,60d momentum Top2,149572.5944,150792.0369,343.9360201,2,769.4642239,449.9782135,1499927.378,0,"{""601288.SH"": 13400.0, ""601939.SH"": 8287.0693}",-0.002762596827,-0.02033691765,-0.002740317162
2025-06-12,60d momentum Top2,149457.9823,150677.4248,343.9360201,2,769.4642239,449.9782135,1499927.378,0,"{""601288.SH"": 13400.0, ""601939.SH"": 8287.0693}",-0.0007662639018,-0.0210875981,-0.0007600671905
2025-06-13,60d momentum Top2,148807.3703,150026.8127,343.9360201,2,769.4642239,449.9782135,1499927.378,0,"{""601288.SH"": 13400.0, ""601939.SH"": 8287.0693}",-0.004353143737,-0.0253489445,-0.004317913455
2025-06-16,60d momentum Top2,150369.56,151589.0024,343.9360201,2,769.4642239,449.9782135,1499927.378,0,"{""601288.SH"": 13400.0, ""601939.SH"": 8287.0693}",0.01049806675,-0.01511699266,0.01041273675
2025-06-17,60d momentum Top2,150669.3013,151888.7438,343.9360201,2,769.4642239,449.9782135,1499927.378,0,"{""601288.SH"": 13400.0, ""601939.SH"": 8287.0693}",0.001993364791,-0.01315376155,0.001977329369
2025-06-18,60d momentum Top2,153532.7152,154752.1577,343.9360201,2,769.4642239,449.9782135,1499927.378,0,"{""601288.SH"": 13400.0, ""601939.SH"": 8287.0693}",0.01900462695,0,0.01885204785
2025-06-19,60d momentum Top2,153666.7152,154886.1577,343.9360201,2,769.4642239,449.9782135,1499927.378,0,"{""601288.SH"": 13400.0, ""601939.SH"": 8287.0693}",0.0008727781555,0,0.0008659006894
2025-06-20,60d momentum Top2,154814.5515,156033.9939,343.9360201,2,769.4642239,449.9782135,1499927.378,0,"{""601288.SH"": 13400.0, ""601939.SH"": 8287.0693}",0.007469647788,0,0.007410838107
2025-06-23,60d momentum Top2,157582.7412,158802.1836,343.9360201,2,769.4642239,449.9782135,1499927.378,0,"{""601288.SH"": 13400.0, ""601939.SH"": 8287.0693}",0.01788068163,0,0.01774093989
2025-06-24,60d momentum Top2,158769.3532,159988.7957,343.9360201,2,769.4642239,449.9782135,1499927.378,0,"{""601288.SH"": 13400.0, ""601939.SH"": 8287.0693}",0.007530089089,0,0.007472265513
2025-06-25,60d momentum Top2,160153.4481,161372.8905,343.9360201,2,769.4642239,449.9782135,1499927.378,0,"{""601288.SH"": 13400.0, ""601939.SH"": 8287.0693}",0.008717644965,0,0.008651198648
2025-06-26,60d momentum Top2,161123.1895,162342.6319,343.9360201,2,769.4642239,449.9782135,1499927.378,0,"{""601288.SH"": 13400.0, ""601939.SH"": 8287.0693}",0.006055076541,0,0.006009320298
2025-06-27,60d momentum Top2,156785.7756,158005.2181,343.9360201,2,769.4642239,449.9782135,1499927.378,0,"{""601288.SH"": 13400.0, ""601939.SH"": 8287.0693}",-0.026919861,-0.026919861,-0.02671765151
2025-06-30,60d momentum Top2,157365.8705,158585.3129,343.9360201,2,769.4642239,449.9782135,1499927.378,0,"{""601288.SH"": 13400.0, ""601939.SH"": 8287.0693}",0.003699920166,-0.02331954218,0.003671365161
2025-07-01,60d momentum Top2,160675.3792,161894.8216,343.9360201,2,769.4642239,449.9782135,1499927.378,0,"{""601288.SH"": 13400.0, ""601939.SH"": 8287.0693}",0.02103066382,-0.002779303809,0.02086894844
2025-07-02,60d momentum Top2,161357.7327,162577.1751,343.9360201,2,769.4642239,449.9782135,1499927.378,0,"{""601288.SH"": 13400.0, ""601939.SH"": 8287.0693}",0.004246782984,0,0.004214794887
2025-07-03,60d momentum Top2,160292.7671,161512.2095,343.9360201,2,769.4642239,449.9782135,1499927.378,0,"{""601288.SH"": 13400.0, ""601939.SH"": 8287.0693}",-0.006600027954,-0.006600027954,-0.006550523132
2025-07-04,60d momentum Top2,162359.2154,163578.6579,343.9360201,2,769.4642239,449.9782135,1499927.378,0,"{""601288.SH"": 13400.0, ""601939.SH"": 8287.0693}",0.01289171281,0,0.01279437836
2025-07-07,60d momentum Top2,162614.862,163834.3044,343.9360201,2,769.4642239,449.9782135,1499927.378,0,"{""601288.SH"": 13400.0, ""601939.SH"": 8287.0693}",0.001574573596,0,0.001562835501
2025-07-08,60d momentum Top2,163067.9913,164287.4337,343.9360201,2,769.4642239,449.9782135,1499927.378,0,"{""601288.SH"": 13400.0, ""601939.SH"": 8287.0693}",0.002786518411,0,0.002765777951
2025-07-09,60d momentum Top2,164802.9568,166022.3992,343.9360201,2,769.4642239,449.9782135,1499927.378,0,"{""601288.SH"": 13400.0, ""601939.SH"": 8287.0693}",0.0106395224,0,0.01056054932
2025-07-10,60d momentum Top2,166691.3103,167910.7527,343.9360201,2,769.4642239,449.9782135,1499927.378,0,"{""601288.SH"": 13400.0, ""601939.SH"": 8287.0693}",0.01145824992,0,0.01137408853
2025-07-11,60d momentum Top2,165830.862,167050.3044,343.9360201,2,769.4642239,449.9782135,1499927.378,0,"{""601288.SH"": 13400.0, ""601939.SH"": 8287.0693}",-0.005161926664,-0.005161926664,-0.005124438461
2025-07-14,60d momentum Top2,166800.6033,168020.0458,343.9360201,2,769.4642239,449.9782135,1499927.378,0,"{""601288.SH"": 13400.0, ""601939.SH"": 8287.0693}",0.005847773901,0,0.005805086019
2025-07-15,60d momentum Top2,165550.5085,166769.9509,343.9360201,2,769.4642239,449.9782135,1499927.378,0,"{""601288.SH"": 13400.0, ""601939.SH"": 8287.0693}",-0.007494546349,-0.007494546349,-0.007440153031
2025-07-16,60d momentum Top2,165180.2499,166399.6923,343.9360201,2,769.4642239,449.9782135,1499927.378,0,"{""601288.SH"": 13400.0, ""601939.SH"": 8287.0693}",-0.002236529606,-0.00971431418,-0.002220175825
2025-07-17,60d momentum Top2,164271.2901,165490.7325,343.9360201,2,769.4642239,449.9782135,1499927.378,0,"{""601288.SH"": 13682.588, ""601939.SH"": 8287.0693}",-0.005502835915,-0.01516369382,-0.005462508968
2025-07-18,60d momentum Top2,165502.723,166722.1654,343.9360201,2,769.4642239,449.9782135,1499927.378,0,"{""601288.SH"": 13682.588, ""601939.SH"": 8287.0693}",0.007496336811,-0.007781029164,0.007441098967
2025-07-21,60d momentum Top2,164346.4091,165565.8515,343.9360201,2,769.4642239,449.9782135,1499927.378,0,"{""601288.SH"": 13682.588, ""601939.SH"": 8287.0693}",-0.006986675857,-0.01471334149,-0.00693557378
2025-07-22,60d momentum Top2,161954.7865,163174.2289,343.9360201,2,769.4642239,449.9782135,1499927.378,0,"{""601288.SH"": 13682.588, ""601939.SH"": 8287.0693}",-0.01455232662,-0.02905155476,-0.01444514435
2025-07-23,60d momentum Top2,164587.2695,165806.712,343.9360201,2,769.4642239,449.9782135,1499927.378,0,"{""601288.SH"": 13682.588, ""601939.SH"": 8287.0693}",0.01625443192,-0.01326933936,0.01613295842
2025-07-24,60d momentum Top2,162908.6918,164128.1343,343.9360201,2,769.4642239,449.9782135,1499927.378,0,"{""601288.SH"": 13682.588, ""601939.SH"": 8287.0693}",-0.01019870931,-0.02333271854,-0.01012370186
2025-07-25,60d momentum Top2,162386.428,163605.8704,343.9360201,2,769.4642239,449.9782135,1499927.378,0,"{""601288.SH"": 13682.588, ""601939.SH"": 8287.0693}",-0.003205868476,-0.02646378539,-0.003182049451
2025-07-28,60d momentum Top2,162688.9952,163908.4377,343.9360201,2,769.4642239,449.9782135,1499927.378,0,"{""601288.SH"": 13682.588, ""601939.SH"": 8287.0693}",0.001863254646,-0.02464983952,0.001849366808
2025-07-29,60d momentum Top2,160927.5468,162146.9893,343.9360201,2,769.4642239,449.9782135,1499927.378,0,"{""601288.SH"": 13682.588, ""601939.SH"": 8287.0693}",-0.01082709011,-0.03521004359,-0.01074653896
2025-07-30,60d momentum Top2,162821.9453,164041.3877,343.9360201,2,769.4642239,449.9782135,1499927.378,0,"{""601288.SH"": 13682.588, ""601939.SH"": 8287.0693}",0.01177174761,-0.02385277973,0.01168321702
2025-07-31,60d momentum Top2,164525.5627,165745.0051,343.9360201,2,769.4642239,449.9782135,1499927.378,0,"{""601288.SH"": 13682.588, ""601939.SH"": 8287.0693}",0.01046306992,-0.01363928311,0.01038529009
2025-08-01,60d momentum Top2,165018.911,166238.3535,343.9360201,2,769.4642239,449.9782135,1499927.378,0,"{""601288.SH"": 13682.588, ""601939.SH"": 8287.0693}",0.002998612038,-0.01068156999,0.002976550228
2025-08-04,60d momentum Top2,166042.7643,167398.5674,269.0271086,2,856.8217723,498.981249,1663270.83,0,"{""601288.SH"": 13082.588, ""601398.SH"": 10700.0}",0.00620446046,-0.00454338291,0.006979219106
2025-08-05,60d momentum Top2,168861.1525,170216.9556,269.0271086,2,856.8217723,498.981249,1663270.83,0,"{""601288.SH"": 13082.588, ""601398.SH"": 10700.0}",0.01697386941,0,0.01683639378
2025-08-06,60d momentum Top2,169907.7596,171263.5626,269.0271086,2,856.8217723,498.981249,1663270.83,0,"{""601288.SH"": 13082.588, ""601398.SH"": 10700.0}",0.006198033255,0,0.006148665011
2025-08-07,60d momentum Top2,171941.1925,173296.9955,269.0271086,2,856.8217723,498.981249,1663270.83,0,"{""601288.SH"": 13082.588, ""601398.SH"": 10700.0}",0.01196786376,0,0.01187312052
2025-08-08,60d momentum Top2,171406.1925,172761.9955,269.0271086,2,856.8217723,498.981249,1663270.83,0,"{""601288.SH"": 13082.588, ""601398.SH"": 10700.0}",-0.003111528961,-0.003111528961,-0.003087185663
2025-08-11,60d momentum Top2,170835.6701,172191.4731,269.0271086,2,856.8217723,498.981249,1663270.83,0,"{""601288.SH"": 13082.588, ""601398.SH"": 10700.0}",-0.003328481615,-0.006429653909,-0.00330236033
2025-08-12,60d momentum Top2,173130.7548,174486.5578,269.0271086,2,856.8217723,498.981249,1663270.83,0,"{""601288.SH"": 13082.588, ""601398.SH"": 10700.0}",0.01343445825,0,0.01332867787
2025-08-13,60d momentum Top2,171620.6254,172976.4284,269.0271086,2,856.8217723,498.981249,1663270.83,0,"{""601288.SH"": 13082.588, ""601398.SH"": 10700.0}",-0.008722479151,-0.008722479151,-0.008654703365
2025-08-14,60d momentum Top2,173083.536,174439.339,269.0271086,2,856.8217723,498.981249,1663270.83,0,"{""601288.SH"": 13082.588, ""601398.SH"": 10700.0}",0.008524095252,-0.0002727351423,0.008457282715
2025-08-15,60d momentum Top2,170669.7548,172025.5578,269.0271086,2,856.8217723,498.981249,1663270.83,0,"{""601288.SH"": 13082.588, ""601398.SH"": 10700.0}",-0.0139457583,-0.01421468995,-0.01383736704
2025-08-18,60d momentum Top2,171502.3618,172858.1649,269.0271086,2,856.8217723,498.981249,1663270.83,0,"{""601288.SH"": 13082.588, ""601398.SH"": 10700.0}",0.004878468594,-0.009405567272,0.004840019409
2025-08-19,60d momentum Top2,173107.7948,174463.5978,269.0271086,2,856.8217723,498.981249,1663270.83,0,"{""601288.SH"": 13082.588, ""601398.SH"": 10700.0}",0.009360995973,-0.0001326167761,0.009287573543
2025-08-20,60d momentum Top2,173892.75,175248.5531,269.0271086,2,856.8217723,498.981249,1663270.83,0,"{""601288.SH"": 13082.588, ""601398.SH"": 10700.0}",0.004534488353,0,0.004499249638
2025-08-21,60d momentum Top2,176176.1382,177531.9413,269.0271086,2,856.8217723,498.981249,1663270.83,0,"{""601288.SH"": 13082.588, ""601398.SH"": 10700.0}",0.01313101436,0,0.01302942682
2025-08-22,60d momentum Top2,177412.9194,178768.7224,269.0271086,2,856.8217723,498.981249,1663270.83,0,"{""601288.SH"": 13082.588, ""601398.SH"": 10700.0}",0.007020140022,0,0.006966527545
2025-08-25,60d momentum Top2,176461.6159,177817.4189,269.0271086,2,856.8217723,498.981249,1663270.83,0,"{""601288.SH"": 13082.588, ""601398.SH"": 10700.0}",-0.00536208706,-0.00536208706,-0.005321420361
2025-08-26,60d momentum Top2,176295.2676,177651.0707,269.0271086,2,856.8217723,498.981249,1663270.83,0,"{""601288.SH"": 13082.588, ""601398.SH"": 10700.0}",-0.0009426879578,-0.006299720243,-0.0009355002526
2025-08-27,60d momentum Top2,172573.2277,173929.0307,269.0271086,2,856.8217723,498.981249,1663270.83,0,"{""601288.SH"": 13082.588, ""601398.SH"": 10700.0}",-0.02111253471,-0.02727925189,-0.02095140741
2025-08-28,60d momentum Top2,171074.7948,172430.5978,269.0271086,2,856.8217723,498.981249,1663270.83,0,"{""601288.SH"": 13082.588, ""601398.SH"": 10700.0}",-0.008682881689,-0.03572527106,-0.008615197317
2025-08-29,60d momentum Top2,171609.7948,172965.5978,269.0271086,2,856.8217723,498.981249,1663270.83,0,"{""601288.SH"": 13082.588, ""601398.SH"": 10700.0}",0.003127287107,-0.03270970714,0.003102697589
2025-09-01,60d momentum Top2,171467.2724,172823.0754,269.0271086,2,856.8217723,498.981249,1663270.83,0,"{""601288.SH"": 13082.588, ""601398.SH"": 10700.0}",-0.0008305024818,-0.03351304413,-0.0008239925296
2025-09-02,60d momentum Top2,175330.883,176703.6377,683.075429,2,870.1065519,502.648149,1675493.83,0,"{""601288.SH"": 12182.588, ""601398.SH"": 11500.0}",0.02253264185,-0.01173553969,0.02245395939
2025-09-03,60d momentum Top2,173348.5795,174721.3342,683.075429,2,870.1065519,502.648149,1675493.83,0,"{""601288.SH"": 12182.588, ""601398.SH"": 11500.0}",-0.01130607161,-0.02290892845,-0.01121823832
2025-09-04,60d momentum Top2,179006.1371,180378.8918,683.075429,2,870.1065519,502.648149,1675493.83,0,"{""601288.SH"": 12182.588, ""601398.SH"": 11500.0}",0.03263688442,0,0.03238046218
2025-09-05,60d momentum Top2,175175.9677,176548.7224,683.075429,2,870.1065519,502.648149,1675493.83,0,"{""601288.SH"": 12182.588, ""601398.SH"": 11500.0}",-0.02139686057,-0.02139686057,-0.021234022
2025-09-08,60d momentum Top2,174228.6642,175601.4189,683.075429,2,870.1065519,502.648149,1675493.83,0,"{""601288.SH"": 12182.588, ""601398.SH"": 11500.0}",-0.005407725339,-0.02668887757,-0.005365677567
2025-09-09,60d momentum Top2,175182.7936,176555.5483,683.075429,2,870.1065519,502.648149,1675493.83,0,"{""601288.SH"": 12182.588, ""601398.SH"": 11500.0}",0.005476305542,-0.02135872847,0.005433494816
2025-09-10,60d momentum Top2,175399.1418,176771.8965,683.075429,2,870.1065519,502.648149,1675493.83,0,"{""601288.SH"": 12182.588, ""601398.SH"": 11500.0}",0.001234985673,-0.02015012052,0.001225383413
2025-09-11,60d momentum Top2,175737.316,177110.0707,683.075429,2,870.1065519,502.648149,1675493.83,0,"{""601288.SH"": 12182.588, ""601398.SH"": 11500.0}",0.001928026082,-0.0182609444,0.00191305364
2025-09-12,60d momentum Top2,174905.0124,176277.7671,683.075429,2,870.1065519,502.648149,1675493.83,0,"{""601288.SH"": 12182.588, ""601398.SH"": 11500.0}",-0.004736065956,-0.02291052532,-0.00469935739
2025-09-15,60d momentum Top2,173355.4054,174728.1601,683.075429,2,870.1065519,502.648149,1675493.83,0,"{""601288.SH"": 12182.588, ""601398.SH"": 11500.0}",-0.00885970629,-0.03156725108,-0.00879071175
2025-09-16,60d momentum Top2,172123.4948,173496.2495,683.075429,2,870.1065519,502.648149,1675493.83,0,"{""601288.SH"": 12182.588, ""601398.SH"": 11500.0}",-0.007106271393,-0.03844919702,-0.007050440853
2025-09-17,60d momentum Top2,171263.8878,172636.6425,683.075429,2,870.1065519,502.648149,1675493.83,0,"{""601288.SH"": 12182.588, ""601398.SH"": 11500.0}",-0.00499412959,-0.04325130634,-0.004954614529
2025-09-18,60d momentum Top2,166994.1961,168366.9508,683.075429,2,870.1065519,502.648149,1675493.83,0,"{""601288.SH"": 12182.588, ""601398.SH"": 11500.0}",-0.0249304846,-0.06710351491,-0.02473224488
2025-09-19,60d momentum Top2,164497.2855,165870.0402,683.075429,2,870.1065519,502.648149,1675493.83,0,"{""601288.SH"": 12182.588, ""601398.SH"": 11500.0}",-0.01495207987,-0.08105225767,-0.01483017033
2025-09-22,60d momentum Top2,162318.0715,163690.8262,683.075429,2,870.1065519,502.648149,1675493.83,0,"{""601288.SH"": 12182.588, ""601398.SH"": 11500.0}",-0.0132477206,-0.0932262206,-0.01313808132
2025-09-23,60d momentum Top2,166797.2855,168170.0402,683.075429,2,870.1065519,502.648149,1675493.83,0,"{""601288.SH"": 12182.588, ""601398.SH"": 11500.0}",0.02759528891,-0.06820353618,0.0273638675
2025-09-24,60d momentum Top2,166627.6785,168000.4332,683.075429,2,870.1065519,502.648149,1675493.83,0,"{""601288.SH"": 12182.588, ""601398.SH"": 11500.0}",-0.001016845318,-0.06915102905,-0.001008544914
2025-09-25,60d momentum Top2,166079.982,167452.7367,683.075429,2,870.1065519,502.648149,1675493.83,0,"{""601288.SH"": 12182.588, ""601398.SH"": 11500.0}",-0.003286947796,-0.07221068103,-0.003260089693
2025-09-26,60d momentum Top2,166546.8079,167919.5626,683.075429,2,870.1065519,502.648149,1675493.83,0,"{""601288.SH"": 12182.588, ""601398.SH"": 11500.0}",0.002810849774,-0.06960280463,0.002787806811
2025-09-29,60d momentum Top2,165626.8079,166999.5626,683.075429,2,870.1065519,502.648149,1675493.83,0,"{""601288.SH"": 12182.588, ""601398.SH"": 11500.0}",-0.00552397258,-0.07474229323,-0.0054788137
2025-09-30,60d momentum Top2,165890.9373,167263.692,683.075429,2,870.1065519,502.648149,1675493.83,0,"{""601288.SH"": 12182.588, ""601398.SH"": 11500.0}",0.001594726135,-0.07326676058,0.001581617312
2025-10-09,60d momentum Top2,166371.4149,167744.1696,683.075429,2,870.1065519,502.648149,1675493.83,0,"{""601288.SH"": 12182.588, ""601398.SH"": 11500.0}",0.002896346524,-0.07058261998,0.002872575834
2025-10-10,60d momentum Top2,167968.1456,169351.9061,61.06964649,2,880.4916344,503.268849,1677562.83,0,"{""601288.SH"": 12382.588, ""601398.SH"": 11400.0}",0.009597385802,-0.06166264281,0.009584454957
2025-10-13,60d momentum Top2,168502.7526,169886.5131,61.06964649,2,880.4916344,503.268849,1677562.83,0,"{""601288.SH"": 12382.588, ""601398.SH"": 11400.0}",0.003182788242,-0.05867611371,0.003156781941
2025-10-14,60d momentum Top2,173848.922,175232.6825,61.06964649,2,880.4916344,503.268849,1677562.83,0,"{""601288.SH"": 12382.588, ""601398.SH"": 11400.0}",0.03172748975,-0.02881026975,0.03146906284
2025-10-15,60d momentum Top2,175126.4843,176510.2448,61.06964649,2,880.4916344,503.268849,1677562.83,0,"{""601288.SH"": 12382.588, ""601398.SH"": 11400.0}",0.007348692781,-0.02167329479,0.007290662335
2025-10-16,60d momentum Top2,179788.6537,181172.4141,61.06964649,2,880.4916344,503.268849,1677562.83,0,"{""601288.SH"": 12382.588, ""601398.SH"": 11400.0}",0.02662172644,0,0.02641302414
2025-10-17,60d momentum Top2,181284.3901,182668.1506,61.06964649,2,880.4916344,503.268849,1677562.83,0,"{""601288.SH"": 12382.588, ""601398.SH"": 11400.0}",0.008319415089,0,0.008255872977
2025-10-20,60d momentum Top2,182780.1265,184163.887,61.06964649,2,880.4916344,503.268849,1677562.83,0,"{""601288.SH"": 12382.588, ""601398.SH"": 11400.0}",0.00825077348,0,0.008188271646
2025-10-21,60d momentum Top2,184731.863,186115.6235,61.06964649,2,880.4916344,503.268849,1677562.83,0,"{""601288.SH"": 12382.588, ""601398.SH"": 11400.0}",0.01067805606,0,0.01059782387
2025-10-22,60d momentum Top2,188700.2064,190083.9669,61.06964649,2,880.4916344,503.268849,1677562.83,0,"{""601288.SH"": 12382.588, ""601398.SH"": 11400.0}",0.02148164054,0,0.0213219256
2025-10-23,60d momentum Top2,188373.9476,189757.7081,61.06964649,2,880.4916344,503.268849,1677562.83,0,"{""601288.SH"": 12382.588, ""601398.SH"": 11400.0}",-0.001728979553,-0.001728979553,-0.001716393043
2025-10-24,60d momentum Top2,188373.9476,189757.7081,61.06964649,2,880.4916344,503.268849,1677562.83,0,"{""601288.SH"": 12382.588, ""601398.SH"": 11400.0}",0,-0.001728979553,0
2025-10-27,60d momentum Top2,191524.6394,192908.3998,61.06964649,2,880.4916344,503.268849,1677562.83,0,"{""601288.SH"": 12382.588, ""601398.SH"": 11400.0}",0.01672572963,0,0.01660376144
2025-10-28,60d momentum Top2,194046.3758,195430.1363,61.06964649,2,880.4916344,503.268849,1677562.83,0,"{""601288.SH"": 12382.588, ""601398.SH"": 11400.0}",0.0131666424,0,0.01307219613
2025-10-29,60d momentum Top2,190241.1617,191624.9222,61.06964649,2,880.4916344,503.268849,1677562.83,0,"{""601288.SH"": 12382.588, ""601398.SH"": 11400.0}",-0.01960981782,-0.01960981782,-0.01947096876
2025-10-30,60d momentum Top2,189240.7288,190624.4893,61.06964649,2,880.4916344,503.268849,1677562.83,0,"{""601288.SH"": 12382.588, ""601398.SH"": 11400.0}",-0.005258761614,-0.02476545607,-0.005220787083
2025-10-31,60d momentum Top2,187318.47,188702.2305,61.06964649,2,880.4916344,503.268849,1677562.83,0,"{""601288.SH"": 12382.588, ""601398.SH"": 11400.0}",-0.01015774358,-0.0346716385,-0.0100840076
2025-11-03,60d momentum Top2,189305.5994,190689.3599,61.06964649,2,880.4916344,503.268849,1677562.83,0,"{""601288.SH"": 12382.588, ""601398.SH"": 11400.0}",0.01060829399,-0.02443115145,0.01053050297
2025-11-04,60d momentum Top2,193696.6953,195094.9222,106.6032474,2,892.5730335,505.653849,1685512.83,0,"{""601288.SH"": 11882.588, ""601398.SH"": 11900.0}",0.02319580579,-0.001802045904,0.0231033463
2025-11-05,60d momentum Top2,194172.173,195570.3998,106.6032474,2,892.5730335,505.653849,1685512.83,0,"{""601288.SH"": 11882.588, ""601398.SH"": 11900.0}",0.002454753494,0,0.002437160507
2025-11-06,60d momentum Top2,193339.5212,194737.7481,106.6032474,2,892.5730335,505.653849,1685512.83,0,"{""601288.SH"": 11882.588, ""601398.SH"": 11900.0}",-0.004288213635,-0.004288213635,-0.004257555133
2025-11-07,60d momentum Top2,191912.9142,193311.141,106.6032474,2,892.5730335,505.653849,1685512.83,0,"{""601288.SH"": 11882.588, ""601398.SH"": 11900.0}",-0.007378765758,-0.01163533767,-0.007325785847
2025-11-10,60d momentum Top2,193221.2177,194619.4446,106.6032474,2,892.5730335,505.653849,1685512.83,0,"{""601288.SH"": 11882.588, ""601398.SH"": 11900.0}",0.006817172909,-0.004897484869,0.006767864037
2025-11-11,60d momentum Top2,195836.0835,197234.3104,106.6032474,2,892.5730335,505.653849,1685512.83,0,"{""601288.SH"": 11882.588, ""601398.SH"": 11900.0}",0.01353301604,0,0.01343578923
2025-11-12,60d momentum Top2,199639.034,201037.2609,106.6032474,2,892.5730335,505.653849,1685512.83,0,"{""601288.SH"": 11882.588, ""601398.SH"": 11900.0}",0.01941904907,0,0.0192813842
2025-11-13,60d momentum Top2,199520.5564,200918.7833,106.6032474,2,892.5730335,505.653849,1685512.83,0,"{""601288.SH"": 11882.588, ""601398.SH"": 11900.0}",-0.0005934592908,-0.0005934592908,-0.0005893317438
2025-11-14,60d momentum Top2,199283.6011,200681.828,106.6032474,2,892.5730335,505.653849,1685512.83,0,"{""601288.SH"": 11882.588, ""601398.SH"": 11900.0}",-0.001187623388,-0.001780377872,-0.001179358521
2025-11-17,60d momentum Top2,196192.7353,197590.9622,106.6032474,2,892.5730335,505.653849,1685512.83,0,"{""601288.SH"": 11882.588, ""601398.SH"": 11900.0}",-0.01550988551,-0.01726264992,-0.01540182222
2025-11-18,60d momentum Top2,195004.9988,196403.2257,106.6032474,2,892.5730335,505.653849,1685512.83,0,"{""601288.SH"": 11882.588, ""601398.SH"": 11900.0}",-0.006053926698,-0.02321206981,-0.006011086869
2025-11-19,60d momentum Top2,195718.4765,197116.7034,106.6032474,2,892.5730335,505.653849,1685512.83,0,"{""601288.SH"": 11882.588, ""601398.SH"": 11900.0}",0.003658765897,-0.01963823144,0.003632718541
2025-11-20,60d momentum Top2,195481.5212,196879.7481,106.6032474,2,892.5730335,505.653849,1685512.83,0,"{""601288.SH"": 11882.588, ""601398.SH"": 11900.0}",-0.00121069448,-0.02082515002,-0.001202106544
2025-11-21,60d momentum Top2,193936.4365,195334.6634,106.6032474,2,892.5730335,505.653849,1685512.83,0,"{""601288.SH"": 11882.588, ""601398.SH"": 11900.0}",-0.007903993528,-0.0285645417,-0.007847859891
2025-11-24,60d momentum Top2,192984.9589,194383.1858,106.6032474,2,892.5730335,505.653849,1685512.83,0,"{""601288.SH"": 11882.588, ""601398.SH"": 11900.0}",-0.004906131393,-0.03333053169,-0.004871012768
2025-11-25,60d momentum Top2,194888.0883,196286.3152,106.6032474,2,892.5730335,505.653849,1685512.83,0,"{""601288.SH"": 11882.588, ""601398.SH"": 11900.0}",0.009861542631,-0.02379767952,0.009790607103
2025-11-26,60d momentum Top2,191558.3518,192956.5787,106.6032474,2,892.5730335,505.653849,1685512.83,0,"{""601288.SH"": 11882.588, ""601398.SH"": 11900.0}",-0.01708537688,-0.04047646408,-0.01696367083
2025-11-27,60d momentum Top2,193459.5659,194857.7928,106.6032474,2,892.5730335,505.653849,1685512.83,0,"{""601288.SH"": 11882.588, ""601398.SH"": 11900.0}",0.009924986612,-0.03095320583,0.009853066893
2025-11-28,60d momentum Top2,192151.6106,193549.8375,106.6032474,2,892.5730335,505.653849,1685512.83,0,"{""601288.SH"": 11882.588, ""601398.SH"": 11900.0}",-0.006760871569,-0.03750480675,-0.006712358075
2025-12-01,60d momentum Top2,191319.4812,192717.7081,106.6032474,2,892.5730335,505.653849,1685512.83,0,"{""601288.SH"": 11882.588, ""601398.SH"": 11900.0}",-0.004330587688,-0.04167297659,-0.004299303011
2025-12-02,60d momentum Top2,191363.3116,192922.1858,120.9559915,2,995.5101894,563.363949,1877879.83,0,"{""601288.SH"": 11982.588, ""601988.SH"": 15700.0}",0.000229095246,-0.04145342842,0.00106102154
2025-12-03,60d momentum Top2,189000.0081,190558.8823,120.9559915,2,995.5101894,563.363949,1877879.83,0,"{""601288.SH"": 11982.588, ""601988.SH"": 15700.0}",-0.01234982557,-0.05329131138,-0.01225003496
2025-12-04,60d momentum Top2,187099.4011,188658.2752,120.9559915,2,995.5101894,563.363949,1877879.83,0,"{""601288.SH"": 11982.588, ""601988.SH"": 15700.0}",-0.01005612147,-0.06281152895,-0.009973856985
2025-12-05,60d momentum Top2,185041.794,186600.6682,120.9559915,2,995.5101894,563.363949,1877879.83,0,"{""601288.SH"": 11982.588, ""601988.SH"": 15700.0}",-0.01099740046,-0.07311816587,-0.01090652947
2025-12-08,60d momentum Top2,185595.4458,187154.3199,120.9559915,2,995.5101894,563.363949,1877879.83,0,"{""601288.SH"": 11982.588, ""601988.SH"": 15700.0}",0.002992036273,-0.0703449018,0.002967040607
2025-12-09,60d momentum Top2,188148.9634,189707.8375,120.9559915,2,995.5101894,563.363949,1877879.83,-2.910383046e-11,"{""601288.SH"": 11982.588, ""601988.SH"": 15700.0}",0.01375851431,-0.05755422883,0.01364391481
2025-12-10,60d momentum Top2,184099.794,185658.6682,120.9559915,2,995.5101894,563.363949,1877879.83,0,"{""601288.SH"": 11982.588, ""601988.SH"": 15700.0}",-0.02152108246,-0.07783668199,-0.02134423864
2025-12-11,60d momentum Top2,186537.1216,188095.9957,120.9559915,2,995.5101894,563.363949,1877879.83,-2.910383046e-11,"{""601288.SH"": 11982.588, ""601988.SH"": 16005.997}",0.01323916504,-0.06562800963,0.01312800302
2025-12-12,60d momentum Top2,182100.0585,183658.9326,120.9559915,2,995.5101894,563.363949,1877879.83,0,"{""601288.SH"": 11982.588, ""601988.SH"": 16005.997}",-0.0237864886,-0.08785343833,-0.02358935447
2025-12-15,60d momentum Top2,181082.8437,182641.7178,120.9559915,2,995.5101894,563.363949,1877879.83,0,"{""601288.SH"": 12171.9953, ""601988.SH"": 16005.997}",-0.005586021341,-0.09294870849,-0.005538607888
2025-12-16,60d momentum Top2,179302.0843,180860.9584,120.9559915,2,995.5101894,563.363949,1877879.83,-2.910383046e-11,"{""601288.SH"": 12171.9953, ""601988.SH"": 16005.997}",-0.009833948568,-0.1018686042,-0.009750014359
2025-12-17,60d momentum Top2,180595.9639,182154.838,120.9559915,2,995.5101894,563.363949,1877879.83,-2.910383046e-11,"{""601288.SH"": 12171.9953, ""601988.SH"": 16005.997}",0.00721619922,-0.09538750916,0.007154001461
2025-12-18,60d momentum Top2,183862.3029,185421.177,120.9559915,2,995.5101894,563.363949,1877879.83,0,"{""601288.SH"": 12171.9953, ""601988.SH"": 16005.997}",0.01808644529,-0.07902628484,0.01793166218
2025-12-19,60d momentum Top2,182613.4632,184172.3374,120.9559915,2,995.5101894,563.363949,1877879.83,0,"{""601288.SH"": 12171.9953, ""601988.SH"": 16005.997}",-0.006792254984,-0.08528177314,-0.006735151093
2025-12-22,60d momentum Top2,183260.403,184819.2771,120.9559915,2,995.5101894,563.363949,1877879.83,0,"{""601288.SH"": 12171.9953, ""601988.SH"": 16005.997}",0.003542672971,-0.08204122561,0.003512687028
2025-12-23,60d momentum Top2,184592.6226,186151.4967,120.9559915,2,995.5101894,563.363949,1877879.83,0,"{""601288.SH"": 12171.9953, ""601988.SH"": 16005.997}",0.007269544082,-0.07536808383,0.007208228485
2025-12-24,60d momentum Top2,183869.0028,185427.8769,120.9559915,2,995.5101894,563.363949,1877879.83,0,"{""601288.SH"": 12171.9953, ""601988.SH"": 16005.997}",-0.003920090657,-0.07899272477,-0.003887262944
2025-12-25,60d momentum Top2,182818.5631,184377.4373,120.9559915,2,995.5101894,563.363949,1877879.83,0,"{""601288.SH"": 12171.9953, ""601988.SH"": 16005.997}",-0.005712978478,-0.08425441951,-0.005664950023
2025-12-26,60d momentum Top2,181326.2836,182885.1577,120.9559915,2,995.5101894,563.363949,1877879.83,-2.910383046e-11,"{""601288.SH"": 12171.9953, ""601988.SH"": 16005.997}",-0.008162625954,-0.09172930815,-0.008093612594
2025-12-29,60d momentum Top2,184029.0627,185587.9369,120.9559915,2,995.5101894,563.363949,1877879.83,-2.910383046e-11,"{""601288.SH"": 12171.9953, ""601988.SH"": 16005.997}",0.0149056117,-0.0781909779,0.01477855944
2025-12-30,60d momentum Top2,183503.8429,185062.7171,120.9559915,2,995.5101894,563.363949,1877879.83,0,"{""601288.SH"": 12171.9953, ""601988.SH"": 16005.997}",-0.002854004797,-0.08082182527,-0.002830032149
2025-12-31,60d momentum Top2,185316.2424,186875.1165,120.9559915,2,995.5101894,563.363949,1877879.83,0,"{""601288.SH"": 12171.9953, ""601988.SH"": 16005.997}",0.009876629609,-0.07174344289,0.009793433908
2026-01-05,60d momentum Top2,183016.9631,184575.8372,120.9559915,2,995.5101894,563.363949,1877879.83,0,"{""601288.SH"": 12171.9953, ""601988.SH"": 16005.997}",-0.01240732744,-0.08326062594,-0.01230382804
2026-01-06,60d momentum Top2,181614.7634,183173.6375,120.9559915,2,995.5101894,563.363949,1877879.83,0,"{""601288.SH"": 12171.9953, ""601988.SH"": 16005.997}",-0.007661583325,-0.09028430104,-0.007596875808
2026-01-07,60d momentum Top2,180282.5438,181841.4179,120.9559915,2,995.5101894,563.363949,1877879.83,-2.910383046e-11,"{""601288.SH"": 12171.9953, ""601988.SH"": 16005.997}",-0.007335414552,-0.09695744282,-0.007272987512
2026-01-08,60d momentum Top2,179033.7042,180592.5783,120.9559915,2,995.5101894,563.363949,1877879.83,0,"{""601288.SH"": 12171.9953, ""601988.SH"": 16005.997}",-0.006927124594,-0.1032129311,-0.006867740348
2026-01-09,60d momentum Top2,178188.3644,179747.2385,120.9559915,2,995.5101894,563.363949,1877879.83,0,"{""601288.SH"": 12171.9953, ""601988.SH"": 16005.997}",-0.004721679483,-0.1074472722,-0.004680921972
2026-01-12,60d momentum Top2,180167.5238,181726.3979,120.9559915,2,995.5101894,563.363949,1877879.83,0,"{""601288.SH"": 12171.9953, ""601988.SH"": 16005.997}",0.01110711895,-0.09753358292,0.01101079146
2026-01-13,60d momentum Top2,181583.1233,183141.9974,120.9559915,2,995.5101894,563.363949,1877879.83,-2.910383046e-11,"{""601288.SH"": 12171.9953, ""601988.SH"": 16005.997}",0.007857129209,-0.09044278767,0.007789729669
2026-01-14,60d momentum Top2,178720.2841,180279.1583,120.9559915,2,995.5101894,563.363949,1877879.83,0,"{""601288.SH"": 12171.9953, ""601988.SH"": 16005.997}",-0.01576599792,-0.1047828648,-0.01563180038
2026-01-15,60d momentum Top2,176254.245,177813.1191,120.9559915,2,995.5101894,563.363949,1877879.83,0,"{""601288.SH"": 12171.9953, ""601988.SH"": 16005.997}",-0.01379831719,-0.1171353548,-0.01367900312
2026-01-16,60d momentum Top2,174313.4256,175872.2998,120.9559915,2,995.5101894,563.363949,1877879.83,0,"{""601288.SH"": 12171.9953, ""601988.SH"": 16005.997}",-0.01101147573,-0.1268569974,-0.01091493896
2026-01-19,60d momentum Top2,172334.2663,173893.1404,120.9559915,2,995.5101894,563.363949,1877879.83,0,"{""601288.SH"": 12171.9953, ""601988.SH"": 16005.997}",-0.0113540271,-0.1367706867,-0.01125338874
2026-01-20,60d momentum Top2,174466.7857,176025.6598,120.9559915,2,995.5101894,563.363949,1877879.83,0,"{""601288.SH"": 12171.9953, ""601988.SH"": 16005.997}",0.01237432041,-0.1260888106,0.01226339017
2026-01-21,60d momentum Top2,170150.007,171708.8812,120.9559915,2,995.5101894,563.363949,1877879.83,0,"{""601288.SH"": 12171.9953, ""601988.SH"": 16005.997}",-0.0247426962,-0.1477117297,-0.02452357616
2026-01-22,60d momentum Top2,167844.0278,169402.902,120.9559915,2,995.5101894,563.363949,1877879.83,0,"{""601288.SH"": 12171.9953, ""601988.SH"": 16005.997}",-0.01355262477,-0.1592624728,-0.01342958607
2026-01-23,60d momentum Top2,166633.5282,168192.4023,120.9559915,2,995.5101894,563.363949,1877879.83,0,"{""601288.SH"": 12171.9953, ""601988.SH"": 16005.997}",-0.007212050624,-0.1653259144,-0.007145684115
2026-01-26,60d momentum Top2,168369.2476,169928.1218,120.9559915,2,995.5101894,563.363949,1877879.83,0,"{""601288.SH"": 12171.9953, ""601988.SH"": 16005.997}",0.01041638782,-0.1566316254,0.01031984459
2026-01-27,60d momentum Top2,169297.9673,170856.8415,120.9559915,2,995.5101894,563.363949,1877879.83,0,"{""601288.SH"": 12171.9953, ""601988.SH"": 16005.997}",0.005515969905,-0.1519796308,0.005465367905
2026-01-28,60d momentum Top2,168362.5477,169921.4219,120.9559915,2,995.5101894,563.363949,1877879.83,0,"{""601288.SH"": 12171.9953, ""601988.SH"": 16005.997}",-0.005525285495,-0.1566651855,-0.005474873556
2026-01-29,60d momentum Top2,168599.2877,170158.1619,120.9559915,2,995.5101894,563.363949,1877879.83,0,"{""601288.SH"": 12171.9953, ""601988.SH"": 16005.997}",0.001406132231,-0.1554793452,0.00139323225
2026-01-30,60d momentum Top2,167868.968,169427.8422,120.9559915,2,995.5101894,563.363949,1877879.83,0,"{""601288.SH"": 12171.9953, ""601988.SH"": 16005.997}",-0.00433168921,-0.1591375462,-0.0042920052
2026-02-02,60d momentum Top2,169399.5876,170958.4617,120.9559915,2,995.5101894,563.363949,1877879.83,0,"{""601288.SH"": 12171.9953, ""601988.SH"": 16005.997}",0.009117942307,-0.1514706109,0.009034049812
2026-02-03,60d momentum Top2,165454.4882,167153.4623,351.8240396,2,1085.45285,613.5212394,2045070.798,0,"{""601939.SH"": 9500.0, ""601988.SH"": 15705.997}",-0.02328871897,-0.1712317734,-0.0222568652
2026-02-04,60d momentum Top2,167218.908,168917.8821,351.8240396,2,1085.45285,613.5212394,2045070.798,0,"{""601939.SH"": 9500.0, ""601988.SH"": 15705.997}",0.01066407934,-0.1623937232,0.01055568796
2026-02-05,60d momentum Top2,169049.2078,170748.1819,351.8240396,2,1085.45285,613.5212394,2045070.798,0,"{""601939.SH"": 9500.0, ""601988.SH"": 15705.997}",0.01094553165,-0.1532256772,0.01083544162
2026-02-06,60d momentum Top2,168358.908,170057.8821,351.8240396,2,1085.45285,613.5212394,2045070.798,0,"{""601939.SH"": 9500.0, ""601988.SH"": 15705.997}",-0.004083425524,-0.1566834171,-0.00404279473
2026-02-09,60d momentum Top2,169020.0879,170719.062,351.8240396,2,1085.45285,613.5212394,2045070.798,0,"{""601939.SH"": 9500.0, ""601988.SH"": 15705.997}",0.003927204791,-0.1533715402,0.003887969801
2026-02-10,60d momentum Top2,170536.2678,172235.2419,351.8240396,2,1085.45285,613.5212394,2045070.798,0,"{""601939.SH"": 9500.0, ""601988.SH"": 15705.997}",0.008970412504,-0.1457769337,0.008881140116
2026-02-11,60d momentum Top2,170441.2678,172140.2419,351.8240396,2,1085.45285,613.5212394,2045070.798,0,"{""601939.SH"": 9500.0, ""601988.SH"": 15705.997}",-0.0005570662547,-0.1462527925,-0.0005515712055
2026-02-12,60d momentum Top2,167916.848,169615.8221,351.8240396,2,1085.45285,613.5212394,2045070.798,0,"{""601939.SH"": 9500.0, ""601988.SH"": 15705.997}",-0.01481108315,-0.1588977134,-0.01466490207
2026-02-13,60d momentum Top2,166400.6681,168099.6422,351.8240396,2,1085.45285,613.5212394,2045070.798,0,"{""601939.SH"": 9500.0, ""601988.SH"": 15705.997}",-0.009029349513,-0.1664923199,-0.008938906118
2026-02-24,60d momentum Top2,165896.5482,167595.5223,351.8240396,2,1085.45285,613.5212394,2045070.798,0,"{""601939.SH"": 9500.0, ""601988.SH"": 15705.997}",-0.003029554783,-0.1690174771,-0.002998935235
2026-02-25,60d momentum Top2,165611.5482,167310.5223,351.8240396,2,1085.45285,613.5212394,2045070.798,0,"{""601939.SH"": 9500.0, ""601988.SH"": 15705.997}",-0.001717938095,-0.1704450536,-0.001700522759
2026-02-26,60d momentum Top2,165012.4282,166711.4023,351.8240396,2,1085.45285,613.5212394,2045070.798,0,"{""601939.SH"": 9500.0, ""601988.SH"": 15705.997}",-0.003617621758,-0.1734460696,-0.003580886198
2026-02-27,60d momentum Top2,164884.4882,166583.4623,351.8240396,2,1085.45285,613.5212394,2045070.798,0,"{""601939.SH"": 9500.0, ""601988.SH"": 15705.997}",-0.0007753357208,-0.1740869264,-0.0007674341899
2026-03-02,60d momentum Top2,166495.6681,168194.6422,351.8240396,2,1085.45285,613.5212394,2045070.798,0,"{""601939.SH"": 9500.0, ""601988.SH"": 15705.997}",0.009771567523,-0.1660164611,0.00967190793
2026-03-03,60d momentum Top2,170028.3278,171727.3019,351.8240396,2,1085.45285,613.5212394,2045070.798,0,"{""601939.SH"": 9500.0, ""601988.SH"": 15705.997}",0.02121772722,-0.1483212258,0.02100340191
2026-03-04,60d momentum Top2,168928.908,170627.8821,351.8240396,2,1085.45285,613.5212394,2045070.798,0,"{""601939.SH"": 9500.0, ""601988.SH"": 15705.997}",-0.006466097764,-0.153828264,-0.006402125801
2026-03-05,60d momentum Top2,169937.1479,171636.122,351.8240396,2,1085.45285,613.5212394,2045070.798,0,"{""601939.SH"": 9500.0, ""601988.SH"": 15705.997}",0.005968427145,-0.1487779497,0.005908998387
2026-03-06,60d momentum Top2,170222.1479,171921.122,351.8240396,2,1085.45285,613.5212394,2045070.798,0,"{""601939.SH"": 9500.0, ""601988.SH"": 15705.997}",0.001677090639,-0.1473503732,0.001660489626
2026-03-09,60d momentum Top2,170605.968,172304.9421,351.8240396,2,1085.45285,613.5212394,2045070.798,0,"{""601939.SH"": 9500.0, ""601988.SH"": 15705.997}",0.002254818746,-0.1454278028,0.002232535977
2026-03-10,60d momentum Top2,168994.7881,170693.7621,351.8240396,2,1085.45285,613.5212394,2045070.798,0,"{""601939.SH"": 9500.0, ""601988.SH"": 15705.997}",-0.009443866057,-0.1534982682,-0.009350746942
2026-03-11,60d momentum Top2,170510.968,172209.9421,351.8240396,2,1085.45285,613.5212394,2045070.798,0,"{""601939.SH"": 9500.0, ""601988.SH"": 15705.997}",0.008971755446,-0.1459036616,0.008882456459
2026-03-12,60d momentum Top2,171143.0279,172842.002,351.8240396,2,1085.45285,613.5212394,2045070.798,0,"{""601939.SH"": 9500.0, ""601988.SH"": 15705.997}",0.003706858143,-0.1427376477,0.003670287339
2026-03-13,60d momentum Top2,171932.1479,173631.122,351.8240396,2,1085.45285,613.5212394,2045070.798,0,"{""601939.SH"": 9500.0, ""601988.SH"": 15705.997}",0.004610879856,-0.138784914,0.004565556582
2026-03-16,60d momentum Top2,172374.2078,174073.1819,351.8240396,2,1085.45285,613.5212394,2045070.798,0,"{""601939.SH"": 9500.0, ""601988.SH"": 15705.997}",0.002571130388,-0.1365706177,0.002545971972
2026-03-17,60d momentum Top2,174704.8075,176403.7816,351.8240396,2,1085.45285,613.5212394,2045070.798,0,"{""601939.SH"": 9500.0, ""601988.SH"": 15705.997}",0.01352058251,-0.1248965495,0.01338862009
2026-03-18,60d momentum Top2,174419.8075,176118.7816,351.8240396,2,1085.45285,613.5212394,2045070.798,0,"{""601939.SH"": 9500.0, ""601988.SH"": 15705.997}",-0.001631323167,-0.126324126,-0.001615611623
2026-03-19,60d momentum Top2,175935.9875,177634.9615,351.8240396,2,1085.45285,613.5212394,2045070.798,0,"{""601939.SH"": 9500.0, ""601988.SH"": 15705.997}",0.008692704867,-0.1187295195,0.008608848505
2026-03-20,60d momentum Top2,176001.8675,177700.8416,351.8240396,2,1085.45285,613.5212394,2045070.798,0,"{""601939.SH"": 9500.0, ""601988.SH"": 15705.997}",0.0003744547146,-0.1183995236,0.0003708732751
2026-03-23,60d momentum Top2,172027.1479,173726.122,351.8240396,2,1085.45285,613.5212394,2045070.798,0,"{""601939.SH"": 9500.0, ""601988.SH"": 15705.997}",-0.02258339469,-0.1383090551,-0.02236747786
2026-03-24,60d momentum Top2,174803.6276,176502.6017,351.8240396,2,1085.45285,613.5212394,2045070.798,0,"{""601939.SH"": 9500.0, ""601988.SH"": 15705.997}",0.01613977674,-0.1244015556,0.01598193598
2026-03-25,60d momentum Top2,176725.1074,178424.0815,351.8240396,2,1085.45285,613.5212394,2045070.798,0,"{""601939.SH"": 9500.0, ""601988.SH"": 15705.997}",0.01099221902,-0.1147767858,0.01088641041
2026-03-26,60d momentum Top2,177671.2873,179370.2614,351.8240396,2,1085.45285,613.5212394,2045070.798,0,"{""601939.SH"": 9500.0, ""601988.SH"": 15705.997}",0.005353964267,-0.1100373323,0.005302983219
2026-03-27,60d momentum Top2,177324.2273,179023.2014,351.8240396,2,1085.45285,613.5212394,2045070.798,0,"{""601939.SH"": 9500.0, ""601988.SH"": 15705.997}",-0.001953382425,-0.1117757697,-0.001934880215
2026-03-30,60d momentum Top2,179749.827,181448.8011,351.8240396,2,1085.45285,613.5212394,2045070.798,0,"{""601939.SH"": 9500.0, ""601988.SH"": 15705.997}",0.0136788962,-0.09962584269,0.01354908012
2026-03-31,60d momentum Top2,184221.0264,185920.0005,351.8240396,2,1085.45285,613.5212394,2045070.798,0,"{""601939.SH"": 9500.0, ""601988.SH"": 15705.997}",0.02487456858,-0.07722942397,0.02464165854
2026-04-01,60d momentum Top2,182321.0264,184020.0005,351.8240396,2,1085.45285,613.5212394,2045070.798,0,"{""601939.SH"": 9500.0, ""601988.SH"": 15705.997}",-0.01031369783,-0.08674660085,-0.0102194492
2026-04-02,60d momentum Top2,184642.9708,186347.4203,933.3486594,2,1090.752131,613.6973394,2045657.798,0,"{""601939.SH"": 9500.0, ""601988.SH"": 15605.997}",0.01273547245,-0.07511588734,0.01264764582
2026-04-03,60d momentum Top2,181060.2512,182764.7007,933.3486594,2,1090.752131,613.6973394,2045657.798,0,"{""601939.SH"": 9500.0, ""601988.SH"": 15605.997}",-0.01940349867,-0.093061875,-0.0192260222
2026-04-07,60d momentum Top2,178943.1313,180647.5807,933.3486594,2,1090.752131,613.6973394,2045657.798,0,"{""601939.SH"": 9500.0, ""601988.SH"": 15605.997}",-0.01169290292,-0.1036666144,-0.01158385581
2026-04-08,60d momentum Top2,178861.7714,180566.2209,933.3486594,2,1090.752131,613.6973394,2045657.798,0,"{""601939.SH"": 9500.0, ""601988.SH"": 15605.997}",-0.0004546685839,-0.1040741491,-0.0004503786863
2026-04-09,60d momentum Top2,177796.4716,179500.9211,933.3486594,2,1090.752131,613.6973394,2045657.798,0,"{""601939.SH"": 9500.0, ""601988.SH"": 15605.997}",-0.005955995188,-0.1094102791,-0.005899773749
2026-04-10,60d momentum Top2,176887.2317,178591.6812,933.3486594,2,1090.752131,613.6973394,2045657.798,0,"{""601939.SH"": 9500.0, ""601988.SH"": 15605.997}",-0.005113936581,-0.1139646985,-0.00506537724
2026-04-13,60d momentum Top2,178271.4716,179975.9211,933.3486594,2,1090.752131,613.6973394,2045657.798,0,"{""601939.SH"": 9500.0, ""601988.SH"": 15605.997}",0.007825550022,-0.1070309849,0.007750864267
2026-04-14,60d momentum Top2,179275.7115,180980.1609,933.3486594,2,1090.752131,613.6973394,2045657.798,0,"{""601939.SH"": 9500.0, ""601988.SH"": 15605.997}",0.005633205757,-0.1020007067,0.005579856873
2026-04-15,60d momentum Top2,181162.0713,182866.5208,933.3486594,2,1090.752131,613.6973394,2045657.798,0,"{""601939.SH"": 9500.0, ""601988.SH"": 15605.997}",0.01052211593,-0.09255185405,0.01042301991
2026-04-16,60d momentum Top2,181067.0713,182771.5208,933.3486594,2,1090.752131,613.6973394,2045657.798,0,"{""601939.SH"": 9500.0, ""601988.SH"": 15605.997}",-0.0005243923263,-0.09302771289,-0.000519504607
2026-04-17,60d momentum Top2,180374.9514,182079.4008,933.3486594,2,1090.752131,613.6973394,2045657.798,0,"{""601939.SH"": 9500.0, ""601988.SH"": 15605.997}",-0.003822450626,-0.09649456968,-0.003786804077
2026-04-20,60d momentum Top2,185443.731,187148.1804,933.3486594,2,1090.752131,613.6973394,2045657.798,0,"{""601939.SH"": 9500.0, ""601988.SH"": 15605.997}",0.02810134984,-0.0711048475,0.02783829245
2026-04-21,60d momentum Top2,187051.9109,188756.3603,933.3486594,2,1090.752131,613.6973394,2045657.798,0,"{""601939.SH"": 9500.0, ""601988.SH"": 15605.997}",0.008672064036,-0.06304940926,0.008593083333
2026-04-22,60d momentum Top2,185077.3711,186781.8206,933.3486594,2,1090.752131,613.6973394,2045657.798,0,"{""601939.SH"": 9500.0, ""601988.SH"": 15605.997}",-0.01055610563,-0.07293995866,-0.01046078514
2026-04-23,60d momentum Top2,184195.2512,185899.7007,933.3486594,2,1090.752131,613.6973394,2045657.798,0,"{""601939.SH"": 9500.0, ""601988.SH"": 15605.997}",-0.004766222551,-0.07735853314,-0.004722729102
2026-04-24,60d momentum Top2,184134.1912,185838.6407,933.3486594,2,1090.752131,613.6973394,2045657.798,0,"{""601939.SH"": 9500.0, ""601988.SH"": 15605.997}",-0.000331495897,-0.077664385,-0.0003284565268
2026-04-27,60d momentum Top2,182783.8914,184488.3409,933.3486594,2,1090.752131,613.6973394,2045657.798,0,"{""601939.SH"": 9500.0, ""601988.SH"": 15605.997}",-0.00733323801,-0.08442809159,-0.007265980019
2026-04-28,60d momentum Top2,184704.1912,186408.6407,933.3486594,2,1090.752131,613.6973394,2045657.798,0,"{""601939.SH"": 9500.0, ""601988.SH"": 15605.997}",0.01050584838,-0.07480923193,0.01040878703
2026-04-29,60d momentum Top2,184487.0713,186191.5208,933.3486594,2,1090.752131,613.6973394,2045657.798,0,"{""601939.SH"": 9500.0, ""601988.SH"": 15605.997}",-0.001175500884,-0.0758967945,-0.001164752552
2026-04-30,60d momentum Top2,185192.8314,186897.2809,933.3486594,2,1090.752131,613.6973394,2045657.798,0,"{""601939.SH"": 9500.0, ""601988.SH"": 15605.997}",0.003825526174,-0.0723616135,0.003790506233
2026-05-06,60d momentum Top2,183143.5915,184848.041,933.3486594,2,1090.752131,613.6973394,2045657.798,0,"{""601939.SH"": 9500.0, ""601988.SH"": 15605.997}",-0.01106543846,-0.08262633898,-0.01096452485
2026-05-07,60d momentum Top2,181963.151,183678.9211,184.0280235,2,1101.266367,614.5037394,2048345.798,0,"{""601939.SH"": 9400.0, ""601988.SH"": 15905.997}",-0.006445437518,-0.0885392136,-0.006324762403
2026-05-08,60d momentum Top2,181616.091,183331.8611,184.0280235,2,1101.266367,614.5037394,2048345.798,0,"{""601939.SH"": 9400.0, ""601988.SH"": 15905.997}",-0.00190730908,-0.09027765103,-0.001889492643
2026-05-11,60d momentum Top2,180770.091,182485.8611,184.0280235,2,1101.266367,614.5037394,2048345.798,0,"{""601939.SH"": 9400.0, ""601988.SH"": 15905.997}",-0.004658177562,-0.09451529926,-0.004614582511
2026-05-12,60d momentum Top2,182006.4508,183722.2209,184.0280235,2,1101.266367,614.5037394,2048345.798,0,"{""601939.SH"": 9400.0, ""601988.SH"": 15905.997}",0.006839404756,-0.08832232289,0.006775099247
2026-05-13,60d momentum Top2,181500.3309,183216.101,184.0280235,2,1101.266367,614.5037394,2048345.798,0,"{""601939.SH"": 9400.0, ""601988.SH"": 15905.997}",-0.002780780229,-0.09085749815,-0.0027548107
2026-05-14,60d momentum Top2,183358.5708,185074.3409,184.0280235,2,1101.266367,614.5037394,2048345.798,0,"{""601939.SH"": 9400.0, ""601988.SH"": 15905.997}",0.01023821759,-0.0815494994,0.0101423394
2026-05-15,60d momentum Top2,184587.7507,186303.5208,184.0280235,2,1101.266367,614.5037394,2048345.798,0,"{""601939.SH"": 9400.0, ""601988.SH"": 15905.997}",0.00670369487,-0.07539248749,0.006641546874
2026-05-18,60d momentum Top2,184023.7507,185739.5208,184.0280235,2,1101.266367,614.5037394,2048345.798,0,"{""601939.SH"": 9400.0, ""601988.SH"": 15905.997}",-0.003055457353,-0.07821758631,-0.00302731799
2026-05-19,60d momentum Top2,186257.9905,187973.7606,184.0280235,2,1101.266367,614.5037394,2048345.798,0,"{""601939.SH"": 9400.0, ""601988.SH"": 15905.997}",0.01214104088,-0.06702618835,0.01202888793
2026-05-20,60d momentum Top2,183438.2109,185153.981,184.0280235,2,1101.266367,614.5037394,2048345.798,0,"{""601939.SH"": 9400.0, ""601988.SH"": 15905.997}",-0.01513910679,-0.08115057852,-0.01500092141
2026-05-21,60d momentum Top2,186908.8106,188624.5807,184.0280235,2,1101.266367,614.5037394,2048345.798,0,"{""601939.SH"": 9400.0, ""601988.SH"": 15905.997}",0.01891972061,-0.06376620418,0.01874439686
2026-05-22,60d momentum Top2,188333.1705,190048.9406,184.0280235,2,1101.266367,614.5037394,2048345.798,0,"{""601939.SH"": 9400.0, ""601988.SH"": 15905.997}",0.007620613578,-0.0566315282,0.007551294823
2026-05-25,60d momentum Top2,189345.4103,191061.1804,184.0280235,2,1101.266367,614.5037394,2048345.798,0,"{""601939.SH"": 9400.0, ""601988.SH"": 15905.997}",0.005374729675,-0.05156117768,0.005326206382
2026-05-26,60d momentum Top2,191102.4703,192818.2404,184.0280235,2,1101.266367,614.5037394,2048345.798,0,"{""601939.SH"": 9400.0, ""601988.SH"": 15905.997}",0.009279654399,-0.04275999319,0.009196321126
2026-05-27,60d momentum Top2,189302.1105,191017.8806,184.0280235,2,1101.266367,614.5037394,2048345.798,0,"{""601939.SH"": 9400.0, ""601988.SH"": 15905.997}",-0.009420913383,-0.05177806838,-0.00933708251
2026-05-28,60d momentum Top2,187443.8706,189159.6407,184.0280235,2,1101.266367,614.5037394,2048345.798,0,"{""601939.SH"": 9400.0, ""601988.SH"": 15905.997}",-0.009816266049,-0.06108606714,-0.009728093906
2026-05-29,60d momentum Top2,187017.1705,188732.9406,184.0280235,2,1101.266367,614.5037394,2048345.798,0,"{""601939.SH"": 9400.0, ""601988.SH"": 15905.997}",-0.002276415593,-0.06322342546,-0.002255767395
2026-06-01,60d momentum Top2,189258.5902,190974.3603,184.0280235,2,1101.266367,614.5037394,2048345.798,0,"{""601939.SH"": 9400.0, ""601988.SH"": 15905.997}",0.01198510161,-0.05199606303,0.01187614512
2026-06-02,60d momentum Top2,190834.8301,192550.6002,184.0280235,2,1101.266367,614.5037394,2048345.798,0,"{""601939.SH"": 9400.0, ""601988.SH"": 15905.997}",0.008328498474,-0.04410061368,0.008253672782
2026-06-03,60d momentum Top2,189388.7102,191104.4803,184.0280235,2,1101.266367,614.5037394,2048345.798,0,"{""601939.SH"": 9400.0, ""601988.SH"": 15905.997}",-0.007577861647,-0.05134428698,-0.007510337222
2026-06-04,60d momentum Top2,188311.4103,190027.1804,184.0280235,2,1101.266367,614.5037394,2048345.798,0,"{""601939.SH"": 9400.0, ""601988.SH"": 15905.997}",-0.005688300264,-0.05674052552,-0.005637229689
2026-06-05,60d momentum Top2,192483.3099,194199.08,184.0280235,2,1101.266367,614.5037394,2048345.798,0,"{""601939.SH"": 9400.0, ""601988.SH"": 15905.997}",0.0221542579,-0.03584331186,0.02195422539
2026-06-08,60d momentum Top2,194948.8496,196664.6197,184.0280235,2,1101.266367,614.5037394,2048345.798,0,"{""601939.SH"": 9400.0, ""601988.SH"": 15905.997}",0.01280910917,-0.02349332358,0.01269593929
2026-06-09,60d momentum Top2,195071.7896,196787.5597,184.0280235,2,1101.266367,614.5037394,2048345.798,0,"{""601939.SH"": 9400.0, ""601988.SH"": 15905.997}",0.0006306271118,-0.022877512,0.000625125303
2026-06-10,60d momentum Top2,197725.3294,199441.0995,184.0280235,2,1101.266367,614.5037394,2048345.798,0,"{""601939.SH"": 9400.0, ""601988.SH"": 15905.997}",0.01360288812,-0.009585824111,0.01348428597
2026-06-11,60d momentum Top2,198441.2094,200156.9795,184.0280235,2,1101.266367,614.5037394,2048345.798,0,"{""601939.SH"": 9400.0, ""601988.SH"": 15905.997}",0.003620578417,-0.005999951922,0.003589430974
2026-06-12,60d momentum Top2,200812.7492,202528.5193,184.0280235,2,1101.266367,614.5037394,2048345.798,0,"{""601939.SH"": 9400.0, ""601988.SH"": 15905.997}",0.01195084296,0,0.01184839887
2026-06-15,60d momentum Top2,195353.7896,197069.5597,184.0280235,2,1101.266367,614.5037394,2048345.798,0,"{""601939.SH"": 9400.0, ""601988.SH"": 15905.997}",-0.0271843274,-0.0271843274,-0.0269540287
2026-06-16,60d momentum Top2,191854.2499,193570.02,184.0280235,2,1101.266367,614.5037394,2048345.798,0,"{""601939.SH"": 9400.0, ""601988.SH"": 15905.997}",-0.01791385638,-0.04461120764,-0.01775789084
2026-06-17,60d momentum Top2,189887.6502,191603.4203,184.0280235,2,1101.266367,614.5037394,2048345.798,0,"{""601939.SH"": 9400.0, ""601988.SH"": 15905.997}",-0.01025048807,-0.05440440906,-0.01015962957
2026-06-18,60d momentum Top2,185368.6907,187084.4608,184.0280235,2,1101.266367,614.5037394,2048345.798,0,"{""601939.SH"": 9400.0, ""601988.SH"": 15905.997}",-0.02379806962,-0.07690775877,-0.02358496269
2026-06-22,60d momentum Top2,188101.6502,189817.4203,184.0280235,2,1101.266367,614.5037394,2048345.798,0,"{""601939.SH"": 9400.0, ""601988.SH"": 15905.997}",0.01474337176,-0.06329826669,0.01460815884
2026-06-23,60d momentum Top2,192504.8496,194220.6197,184.0280235,2,1101.266367,614.5037394,2048345.798,0,"{""601939.SH"": 9400.0, ""601988.SH"": 15905.997}",0.02340861654,-0.041371375,0.02319702477
2026-06-24,60d momentum Top2,189186.13,190901.9001,184.0280235,2,1101.266367,614.5037394,2048345.798,0,"{""601939.SH"": 9400.0, ""601988.SH"": 15905.997}",-0.01723966771,-0.05789781395,-0.01708737025
2026-06-25,60d momentum Top2,184493.7507,186209.5208,184.0280235,2,1101.266367,614.5037394,2048345.798,0,"{""601939.SH"": 9400.0, ""601988.SH"": 15905.997}",-0.02480297742,-0.0812647532,-0.02458005556
2026-06-26,60d momentum Top2,183734.5708,185450.3409,184.0280235,2,1101.266367,614.5037394,2048345.798,0,"{""601939.SH"": 9400.0, ""601988.SH"": 15905.997}",-0.00411493564,-0.08504528961,-0.004077019837
2026-06-29,60d momentum Top2,184840.8106,186556.5807,184.0280235,2,1101.266367,614.5037394,2048345.798,0,"{""601939.SH"": 9400.0, ""601988.SH"": 15905.997}",0.006020858652,-0.07953647663,0.005965154202
2026-06-30,60d momentum Top2,181688.3309,183404.101,184.0280235,2,1101.266367,614.5037394,2048345.798,0,"{""601939.SH"": 9400.0, ""601988.SH"": 15905.997}",-0.01705510677,-0.0952350803,-0.01689825011
2024-01-02,equal-weight hold,100000,100000,100000,0,0,0,0,0,{},0,0,0
2024-01-03,equal-weight hold,101058.2073,101114,328.20727,4,25.90793005,29.8848,99616,0,"{""601288.SH"": 6800.0, ""601398.SH"": 5200.0, ""601939.SH"": 3800.0, ""601988.SH"": 6200.0}",0.0105820727,0,0.01114
2024-01-04,equal-weight hold,102406.2073,102462,328.20727,4,25.90793005,29.8848,99616,0,"{""601288.SH"": 6800.0, ""601398.SH"": 5200.0, ""601939.SH"": 3800.0, ""601988.SH"": 6200.0}",0.01333884735,0,0.01333148723
2024-01-05,equal-weight hold,101830.2073,101886,328.20727,4,25.90793005,29.8848,99616,0,"{""601288.SH"": 6800.0, ""601398.SH"": 5200.0, ""601939.SH"": 3800.0, ""601988.SH"": 6200.0}",-0.005624659045,-0.005624659045,-0.005621596299
2024-01-08,equal-weight hold,101728.2073,101784,328.20727,4,25.90793005,29.8848,99616,0,"{""601288.SH"": 6800.0, ""601398.SH"": 5200.0, ""601939.SH"": 3800.0, ""601988.SH"": 6200.0}",-0.00100166741,-0.006620692418,-0.001001118898
2024-01-09,equal-weight hold,101728.2073,101784,328.20727,4,25.90793005,29.8848,99616,0,"{""601288.SH"": 6800.0, ""601398.SH"": 5200.0, ""601939.SH"": 3800.0, ""601988.SH"": 6200.0}",0,-0.006620692418,0
2024-01-10,equal-weight hold,100828.2073,100884,328.20727,4,25.90793005,29.8848,99616,0,"{""601288.SH"": 6800.0, ""601398.SH"": 5200.0, ""601939.SH"": 3800.0, ""601988.SH"": 6200.0}",-0.00884710371,-0.01540922218,-0.008842254185
2024-01-11,equal-weight hold,99380.20727,99436,328.20727,4,25.90793005,29.8848,99616,0,"{""601288.SH"": 6800.0, ""601398.SH"": 5200.0, ""601939.SH"": 3800.0, ""601988.SH"": 6200.0}",-0.01436106065,-0.02954899005,-0.01435311843
2024-01-12,equal-weight hold,100376.2073,100432,328.20727,4,25.90793005,29.8848,99616,0,"{""601288.SH"": 6800.0, ""601398.SH"": 5200.0, ""601939.SH"": 3800.0, ""601988.SH"": 6200.0}",0.01002211635,-0.01982301712,0.01001649302
2024-01-15,equal-weight hold,100942.2073,100998,328.20727,4,25.90793005,29.8848,99616,0,"{""601288.SH"": 6800.0, ""601398.SH"": 5200.0, ""601939.SH"": 3800.0, ""601988.SH"": 6200.0}",0.005638786475,-0.01429600841,0.005635653975
2024-01-16,equal-weight hold,101540.2073,101596,328.20727,4,25.90793005,29.8848,99616,0,"{""601288.SH"": 6800.0, ""601398.SH"": 5200.0, ""601939.SH"": 3800.0, ""601988.SH"": 6200.0}",0.005924181927,-0.008456518634,0.005920909325
2024-01-17,equal-weight hold,100532.2073,100588,328.20727,4,25.90793005,29.8848,99616,0,"{""601288.SH"": 6800.0, ""601398.SH"": 5200.0, ""601939.SH"": 3800.0, ""601988.SH"": 6200.0}",-0.009927102052,-0.01829967196,-0.009921650459
2024-01-18,equal-weight hold,100278.2073,100334,328.20727,4,25.90793005,29.8848,99616,0,"{""601288.SH"": 6800.0, ""601398.SH"": 5200.0, ""601939.SH"": 3800.0, ""601988.SH"": 6200.0}",-0.002526553499,-0.02077999036,-0.002525152106
2024-01-19,equal-weight hold,100018.2073,100074,328.20727,4,25.90793005,29.8848,99616,0,"{""601288.SH"": 6800.0, ""601398.SH"": 5200.0, ""601939.SH"": 3800.0, ""601988.SH"": 6200.0}",-0.002592786679,-0.02331889896,-0.002591344908
2024-01-22,equal-weight hold,100242.2073,100298,328.20727,4,25.90793005,29.8848,99616,0,"{""601288.SH"": 6800.0, ""601398.SH"": 5200.0, ""601939.SH"": 3800.0, ""601988.SH"": 6200.0}",0.002239592231,-0.02113153155,0.002238343626
2024-01-23,equal-weight hold,100194.2073,100250,328.20727,4,25.90793005,29.8848,99616,0,"{""601288.SH"": 6800.0, ""601398.SH"": 5200.0, ""601939.SH"": 3800.0, ""601988.SH"": 6200.0}",-0.0004788402142,-0.02160025314,-0.0004785738499
2024-01-24,equal-weight hold,102324.2073,102380,328.20727,4,25.90793005,29.8848,99616,0,"{""601288.SH"": 6800.0, ""601398.SH"": 5200.0, ""601939.SH"": 3800.0, ""601988.SH"": 6200.0}",0.02125871403,-0.0008007327113,0.02124688279
2024-01-25,equal-weight hold,103410.2073,103466,328.20727,4,25.90793005,29.8848,99616,0,"{""601288.SH"": 6800.0, ""601398.SH"": 5200.0, ""601939.SH"": 3800.0, ""601988.SH"": 6200.0}",0.01061332434,0,0.01060754054
2024-01-26,equal-weight hold,105572.2073,105628,328.20727,4,25.90793005,29.8848,99616,0,"{""601288.SH"": 6800.0, ""601398.SH"": 5200.0, ""601939.SH"": 3800.0, ""601988.SH"": 6200.0}",0.02090702704,0,0.02089575319
2024-01-29,equal-weight hold,106628.2073,106684,328.20727,4,25.90793005,29.8848,99616,0,"{""601288.SH"": 6800.0, ""601398.SH"": 5200.0, ""601939.SH"": 3800.0, ""601988.SH"": 6200.0}",0.01000263258,0,0.009997349188
2024-01-30,equal-weight hold,105740.2073,105796,328.20727,4,25.90793005,29.8848,99616,0,"{""601288.SH"": 6800.0, ""601398.SH"": 5200.0, ""601939.SH"": 3800.0, ""601988.SH"": 6200.0}",-0.008328002718,-0.008328002718,-0.008323647407
2024-01-31,equal-weight hold,106516.2073,106572,328.20727,4,25.90793005,29.8848,99616,0,"{""601288.SH"": 6800.0, ""601398.SH"": 5200.0, ""601939.SH"": 3800.0, ""601988.SH"": 6200.0}",0.007338741053,-0.001050378721,0.007334870884
2024-02-01,equal-weight hold,105974.2073,106030,328.20727,4,25.90793005,29.8848,99616,0,"{""601288.SH"": 6800.0, ""601398.SH"": 5200.0, ""601939.SH"": 3800.0, ""601988.SH"": 6200.0}",-0.005088427516,-0.006133461462,-0.005085763615
2024-02-02,equal-weight hold,107084.2073,107140,328.20727,4,25.90793005,29.8848,99616,0,"{""601288.SH"": 6800.0, ""601398.SH"": 5200.0, ""601939.SH"": 3800.0, ""601988.SH"": 6200.0}",0.01047424679,0,0.01046873526
2024-02-05,equal-weight hold,109414.2073,109470,328.20727,4,25.90793005,29.8848,99616,0,"{""601288.SH"": 6800.0, ""601398.SH"": 5200.0, ""601939.SH"": 3800.0, ""601988.SH"": 6200.0}",0.02175857729,0,0.02174724659
2024-02-06,equal-weight hold,110246.2073,110302,328.20727,4,25.90793005,29.8848,99616,0,"{""601288.SH"": 6800.0, ""601398.SH"": 5200.0, ""601939.SH"": 3800.0, ""601988.SH"": 6200.0}",0.007604131317,0,0.007600255778
2024-02-07,equal-weight hold,107974.2073,108030,328.20727,4,25.90793005,29.8848,99616,0,"{""601288.SH"": 6800.0, ""601398.SH"": 5200.0, ""601939.SH"": 3800.0, ""601988.SH"": 6200.0}",-0.0206084187,-0.0206084187,-0.0205979946
2024-02-08,equal-weight hold,106650.2073,106706,328.20727,4,25.90793005,29.8848,99616,0,"{""601288.SH"": 6800.0, ""601398.SH"": 5200.0, ""601939.SH"": 3800.0, ""601988.SH"": 6200.0}",-0.01226218773,-0.03261790214,-0.01225585486
2024-02-19,equal-weight hold,110190.2073,110246,328.20727,4,25.90793005,29.8848,99616,0,"{""601288.SH"": 6800.0, ""601398.SH"": 5200.0, ""601939.SH"": 3800.0, ""601988.SH"": 6200.0}",0.03319262185,-0.0005079539822,0.03317526662
2024-02-20,equal-weight hold,111472.2073,111528,328.20727,4,25.90793005,29.8848,99616,0,"{""601288.SH"": 6800.0, ""601398.SH"": 5200.0, ""601939.SH"": 3800.0, ""601988.SH"": 6200.0}",0.0116344277,0,0.01162853981
2024-02-21,equal-weight hold,112364.2073,112420,328.20727,4,25.90793005,29.8848,99616,0,"{""601288.SH"": 6800.0, ""601398.SH"": 5200.0, ""601939.SH"": 3800.0, ""601988.SH"": 6200.0}",0.008001994594,0,0.007997991536
2024-02-22,equal-weight hold,112514.2073,112570,328.20727,4,25.90793005,29.8848,99616,0,"{""601288.SH"": 6800.0, ""601398.SH"": 5200.0, ""601939.SH"": 3800.0, ""601988.SH"": 6200.0}",0.001334944674,0,0.001334282156
2024-02-23,equal-weight hold,113634.2073,113690,328.20727,4,25.90793005,29.8848,99616,0,"{""601288.SH"": 6800.0, ""601398.SH"": 5200.0, ""601939.SH"": 3800.0, ""601988.SH"": 6200.0}",0.009954298459,0,0.00994936484
2024-02-26,equal-weight hold,110244.2073,110300,328.20727,4,25.90793005,29.8848,99616,0,"{""601288.SH"": 6800.0, ""601398.SH"": 5200.0, ""601939.SH"": 3800.0, ""601988.SH"": 6200.0}",-0.0298325661,-0.0298325661,-0.02981792594
2024-02-27,equal-weight hold,110390.2073,110446,328.20727,4,25.90793005,29.8848,99616,0,"{""601288.SH"": 6800.0, ""601398.SH"": 5200.0, ""601939.SH"": 3800.0, ""601988.SH"": 6200.0}",0.001324332621,-0.02854774172,0.001323662738
2024-02-28,equal-weight hold,110394.2073,110450,328.20727,4,25.90793005,29.8848,99616,0,"{""601288.SH"": 6800.0, ""601398.SH"": 5200.0, ""601939.SH"": 3800.0, ""601988.SH"": 6200.0}",3.623509819e-05,-0.02851254105,3.621679373e-05
2024-02-29,equal-weight hold,110850.2073,110906,328.20727,4,25.90793005,29.8848,99616,0,"{""601288.SH"": 6800.0, ""601398.SH"": 5200.0, ""601939.SH"": 3800.0, ""601988.SH"": 6200.0}",0.004130651519,-0.02449966491,0.004128564962
2024-03-01,equal-weight hold,111418.2073,111474,328.20727,4,25.90793005,29.8848,99616,0,"{""601288.SH"": 6800.0, ""601398.SH"": 5200.0, ""601939.SH"": 3800.0, ""601988.SH"": 6200.0}",0.005124031916,-0.01950117005,0.005121454204
2024-03-04,equal-weight hold,111386.2073,111442,328.20727,4,25.90793005,29.8848,99616,0,"{""601288.SH"": 6800.0, ""601398.SH"": 5200.0, ""601939.SH"": 3800.0, ""601988.SH"": 6200.0}",-0.0002872062007,-0.0197827754,-0.000287062454
2024-03-05,equal-weight hold,113884.2073,113940,328.20727,4,25.90793005,29.8848,99616,0,"{""601288.SH"": 6800.0, ""601398.SH"": 5200.0, ""601939.SH"": 3800.0, ""601988.SH"": 6200.0}",0.02242647507,0,0.02241524739
2024-03-06,equal-weight hold,112154.2073,112210,328.20727,4,25.90793005,29.8848,99616,0,"{""601288.SH"": 6800.0, ""601398.SH"": 5200.0, ""601939.SH"": 3800.0, ""601988.SH"": 6200.0}",-0.01519086835,-0.01519086835,-0.01518342988
2024-03-07,equal-weight hold,112722.2073,112778,328.20727,4,25.90793005,29.8848,99616,0,"{""601288.SH"": 6800.0, ""601398.SH"": 5200.0, ""601939.SH"": 3800.0, ""601988.SH"": 6200.0}",0.005064455573,-0.01020334626,0.005061937439
2024-03-08,equal-weight hold,112620.2073,112676,328.20727,4,25.90793005,29.8848,99616,0,"{""601288.SH"": 6800.0, ""601398.SH"": 5200.0, ""601939.SH"": 3800.0, ""601988.SH"": 6200.0}",-0.0009048793709,-0.01109899283,-0.0009044317154
2024-03-11,equal-weight hold,111912.2073,111968,328.20727,4,25.90793005,29.8848,99616,0,"{""601288.SH"": 6800.0, ""601398.SH"": 5200.0, ""601939.SH"": 3800.0, ""601988.SH"": 6200.0}",-0.006286616027,-0.01731583375,-0.006283503142
2024-03-12,equal-weight hold,108844.2073,108900,328.20727,4,25.90793005,29.8848,99616,0,"{""601288.SH"": 6800.0, ""601398.SH"": 5200.0, ""601939.SH"": 3800.0, ""601988.SH"": 6200.0}",-0.02741434625,-0.04425547774,-0.02740068591
2024-03-13,equal-weight hold,108328.2073,108384,328.20727,4,25.90793005,29.8848,99616,0,"{""601288.SH"": 6800.0, ""601398.SH"": 5200.0, ""601939.SH"": 3800.0, ""601988.SH"": 6200.0}",-0.004740720824,-0.0487863957,-0.004738292011
2024-03-14,equal-weight hold,108766.2073,108822,328.20727,4,25.90793005,29.8848,99616,0,"{""601288.SH"": 6800.0, ""601398.SH"": 5200.0, ""601939.SH"": 3800.0, ""601988.SH"": 6200.0}",0.00404326824,-0.04494038395,0.004041186891
2024-03-15,equal-weight hold,108632.2073,108688,328.20727,4,25.90793005,29.8848,99616,0,"{""601288.SH"": 6800.0, ""601398.SH"": 5200.0, ""601939.SH"": 3800.0, ""601988.SH"": 6200.0}",-0.0012320003,-0.04611701768,-0.001231368657
2024-03-18,equal-weight hold,108082.2073,108138,328.20727,4,25.90793005,29.8848,99616,0,"{""601288.SH"": 6800.0, ""601398.SH"": 5200.0, ""601939.SH"": 3800.0, ""601988.SH"": 6200.0}",-0.005062955212,-0.0509464845,-0.005060356249
2024-03-19,equal-weight hold,107054.2073,107110,328.20727,4,25.90793005,29.8848,99616,0,"{""601288.SH"": 6800.0, ""601398.SH"": 5200.0, ""601939.SH"": 3800.0, ""601988.SH"": 6200.0}",-0.009511278738,-0.05997319702,-0.009506371488
2024-03-20,equal-weight hold,108034.2073,108090,328.20727,4,25.90793005,29.8848,99616,0,"{""601288.SH"": 6800.0, ""601398.SH"": 5200.0, ""601939.SH"": 3800.0, ""601988.SH"": 6200.0}",0.009154240875,-0.05136796524,0.009149472505
2024-03-21,equal-weight hold,108406.2073,108462,328.20727,4,25.90793005,29.8848,99616,0,"{""601288.SH"": 6800.0, ""601398.SH"": 5200.0, ""601939.SH"": 3800.0, ""601988.SH"": 6200.0}",0.003443353817,-0.0481014895,0.003441576464
2024-03-22,equal-weight hold,109338.2073,109394,328.20727,4,25.90793005,29.8848,99616,0,"{""601288.SH"": 6800.0, ""601398.SH"": 5200.0, ""601939.SH"": 3800.0, ""601988.SH"": 6200.0}",0.008597293674,-0.03991773846,0.008592871236
2024-03-25,equal-weight hold,109774.2073,109830,328.20727,4,25.90793005,29.8848,99616,0,"{""601288.SH"": 6800.0, ""601398.SH"": 5200.0, ""601939.SH"": 3800.0, ""601988.SH"": 6200.0}",0.003987627115,-0.0360892884,0.00398559336
2024-03-26,equal-weight hold,110708.2073,110764,328.20727,4,25.90793005,29.8848,99616,0,"{""601288.SH"": 6800.0, ""601398.SH"": 5200.0, ""601939.SH"": 3800.0, ""601988.SH"": 6200.0}",0.0085083739,-0.02788797566,0.008504051716
2024-03-27,equal-weight hold,111552.2073,111608,328.20727,4,25.90793005,29.8848,99616,0,"{""601288.SH"": 6800.0, ""601398.SH"": 5200.0, ""601939.SH"": 3800.0, ""601988.SH"": 6200.0}",0.00762364436,-0.0204769393,0.007619804269
2024-03-28,equal-weight hold,109094.2073,109150,328.20727,4,25.90793005,29.8848,99616,0,"{""601288.SH"": 6800.0, ""601398.SH"": 5200.0, ""601939.SH"": 3800.0, ""601988.SH"": 6200.0}",-0.0220345259,-0.04206026555,-0.02202351086
2024-03-29,equal-weight hold,109934.2073,109990,328.20727,4,25.90793005,29.8848,99616,0,"{""601288.SH"": 6800.0, ""601398.SH"": 5200.0, ""601939.SH"": 3800.0, ""601988.SH"": 6200.0}",0.007699767211,-0.0346843526,0.007695831425
2024-04-01,equal-weight hold,110510.2073,110566,328.20727,4,25.90793005,29.8848,99616,0,"{""601288.SH"": 6800.0, ""601398.SH"": 5200.0, ""601939.SH"": 3800.0, ""601988.SH"": 6200.0}",0.005239497462,-0.02962658371,0.005236839713
2024-04-02,equal-weight hold,111480.2073,111536,328.20727,4,25.90793005,29.8848,99616,0,"{""601288.SH"": 6800.0, ""601398.SH"": 5200.0, ""601939.SH"": 3800.0, ""601988.SH"": 6200.0}",0.008777469738,-0.02110916042,0.008773040537
2024-04-03,equal-weight hold,111402.2073,111458,328.20727,4,25.90793005,29.8848,99616,0,"{""601288.SH"": 6800.0, ""601398.SH"": 5200.0, ""601939.SH"": 3800.0, ""601988.SH"": 6200.0}",-0.0006996757712,-0.02179406662,-0.0006993257782
2024-04-08,equal-weight hold,112758.2073,112814,328.20727,4,25.90793005,29.8848,99616,0,"{""601288.SH"": 6800.0, ""601398.SH"": 5200.0, ""601939.SH"": 3800.0, ""601988.SH"": 6200.0}",0.01217211071,-0.009887235702,0.01216601769
2024-04-09,equal-weight hold,111624.2073,111680,328.20727,4,25.90793005,29.8848,99616,0,"{""601288.SH"": 6800.0, ""601398.SH"": 5200.0, ""601939.SH"": 3800.0, ""601988.SH"": 6200.0}",-0.01005691761,-0.01984471819,-0.01005194391
2024-04-10,equal-weight hold,111882.2073,111938,328.20727,4,25.90793005,29.8848,99616,0,"{""601288.SH"": 6800.0, ""601398.SH"": 5200.0, ""601939.SH"": 3800.0, ""601988.SH"": 6200.0}",0.002311326605,-0.01757925921,0.00231017192
2024-04-11,equal-weight hold,111328.2073,111384,328.20727,4,25.90793005,29.8848,99616,0,"{""601288.SH"": 6800.0, ""601398.SH"": 5200.0, ""601939.SH"": 3800.0, ""601988.SH"": 6200.0}",-0.00495163631,-0.02244384943,-0.00494916829
2024-04-12,equal-weight hold,111648.2073,111704,328.20727,4,25.90793005,29.8848,99616,0,"{""601288.SH"": 6800.0, ""601398.SH"": 5200.0, ""601939.SH"": 3800.0, ""601988.SH"": 6200.0}",0.002874383841,-0.01963397782,0.002872944049
2024-04-15,equal-weight hold,113818.2073,113874,328.20727,4,25.90793005,29.8848,99616,0,"{""601288.SH"": 6800.0, ""601398.SH"": 5200.0, ""601939.SH"": 3800.0, ""601988.SH"": 6200.0}",0.01943604876,-0.000579536018,0.01942634104
2024-04-16,equal-weight hold,114910.2073,114966,328.20727,4,25.90793005,29.8848,99616,0,"{""601288.SH"": 6800.0, ""601398.SH"": 5200.0, ""601939.SH"": 3800.0, ""601988.SH"": 6200.0}",0.009594247056,0,0.009589546341
2024-04-17,equal-weight hold,115812.2073,115868,328.20727,4,25.90793005,29.8848,99616,0,"{""601288.SH"": 6800.0, ""601398.SH"": 5200.0, ""601939.SH"": 3800.0, ""601988.SH"": 6200.0}",0.007849607284,0,0.007845797888
2024-04-18,equal-weight hold,116382.2073,116438,328.20727,4,25.90793005,29.8848,99616,0,"{""601288.SH"": 6800.0, ""601398.SH"": 5200.0, ""601939.SH"": 3800.0, ""601988.SH"": 6200.0}",0.004921760956,0,0.004919391031
2024-04-19,equal-weight hold,117254.2073,117310,328.20727,4,25.90793005,29.8848,99616,0,"{""601288.SH"": 6800.0, ""601398.SH"": 5200.0, ""601939.SH"": 3800.0, ""601988.SH"": 6200.0}",0.007492554235,0,0.007488964084
2024-04-22,equal-weight hold,116056.2073,116112,328.20727,4,25.90793005,29.8848,99616,0,"{""601288.SH"": 6800.0, ""601398.SH"": 5200.0, ""601939.SH"": 3800.0, ""601988.SH"": 6200.0}",-0.01021711739,-0.01021711739,-0.01021225812
2024-04-23,equal-weight hold,116198.2073,116254,328.20727,4,25.90793005,29.8848,99616,0,"{""601288.SH"": 6800.0, ""601398.SH"": 5200.0, ""601939.SH"": 3800.0, ""601988.SH"": 6200.0}",0.001223545068,-0.009006073424,0.001222957145
2024-04-24,equal-weight hold,115522.2073,115578,328.20727,4,25.90793005,29.8848,99616,0,"{""601288.SH"": 6800.0, ""601398.SH"": 5200.0, ""601939.SH"": 3800.0, ""601988.SH"": 6200.0}",-0.005817645692,-0.01477132497,-0.005814853682
2024-04-25,equal-weight hold,116158.2073,116214,328.20727,4,25.90793005,29.8848,99616,0,"{""601288.SH"": 6800.0, ""601398.SH"": 5200.0, ""601939.SH"": 3800.0, ""601988.SH"": 6200.0}",0.005505434972,-0.009347212569,0.005502777345
2024-04-26,equal-weight hold,113996.2073,114052,328.20727,4,25.90793005,29.8848,99616,0,"{""601288.SH"": 6800.0, ""601398.SH"": 5200.0, ""601939.SH"": 3800.0, ""601988.SH"": 6200.0}",-0.01861254621,-0.02778578335,-0.01860361058
2024-04-29,equal-weight hold,113492.2073,113548,328.20727,4,25.90793005,29.8848,99616,0,"{""601288.SH"": 6800.0, ""601398.SH"": 5200.0, ""601939.SH"": 3800.0, ""601988.SH"": 6200.0}",-0.004421199723,-0.03208413657,-0.004419036931
2024-04-30,equal-weight hold,113998.2073,114054,328.20727,4,25.90793005,29.8848,99616,0,"{""601288.SH"": 6800.0, ""601398.SH"": 5200.0, ""601939.SH"": 3800.0, ""601988.SH"": 6200.0}",0.00445845589,-0.02776872639,0.004456265192
2024-05-06,equal-weight hold,112474.2073,112530,328.20727,4,25.90793005,29.8848,99616,0,"{""601288.SH"": 6800.0, ""601398.SH"": 5200.0, ""601939.SH"": 3800.0, ""601988.SH"": 6200.0}",-0.01336863128,-0.04076612781,-0.01336209164
2024-05-07,equal-weight hold,113024.2073,113080,328.20727,4,25.90793005,29.8848,99616,0,"{""601288.SH"": 6800.0, ""601398.SH"": 5200.0, ""601939.SH"": 3800.0, ""601988.SH"": 6200.0}",0.004890010015,-0.03607546457,0.004887585533
2024-05-08,equal-weight hold,113678.2073,113734,328.20727,4,25.90793005,29.8848,99616,0,"{""601288.SH"": 6800.0, ""601398.SH"": 5200.0, ""601939.SH"": 3800.0, ""601988.SH"": 6200.0}",0.005786371042,-0.03049783955,0.005783516095
2024-05-09,equal-weight hold,112744.2073,112800,328.20727,4,25.90793005,29.8848,99616,0,"{""601288.SH"": 6800.0, ""601398.SH"": 5200.0, ""601939.SH"": 3800.0, ""601988.SH"": 6200.0}",-0.008216174608,-0.03846343858,-0.008212144126
2024-05-10,equal-weight hold,112704.2073,112760,328.20727,4,25.90793005,29.8848,99616,0,"{""601288.SH"": 6800.0, ""601398.SH"": 5200.0, ""601939.SH"": 3800.0, ""601988.SH"": 6200.0}",-0.0003547854118,-0.03880457773,-0.0003546099291
2024-05-13,equal-weight hold,112838.2073,112894,328.20727,4,25.90793005,29.8848,99616,0,"{""601288.SH"": 6800.0, ""601398.SH"": 5200.0, ""601939.SH"": 3800.0, ""601988.SH"": 6200.0}",0.001188952953,-0.03766176159,0.001188364668
2024-05-14,equal-weight hold,111920.2073,111976,328.20727,4,25.90793005,29.8848,99616,0,"{""601288.SH"": 6800.0, ""601398.SH"": 5200.0, ""601939.SH"": 3800.0, ""601988.SH"": 6200.0}",-0.008135542226,-0.04549090497,-0.008131521604
2024-05-15,equal-weight hold,112096.2073,112152,328.20727,4,25.90793005,29.8848,99616,0,"{""601288.SH"": 6800.0, ""601398.SH"": 5200.0, ""601939.SH"": 3800.0, ""601988.SH"": 6200.0}",0.00157254891,-0.04398989273,0.001571765378
2024-05-16,equal-weight hold,113000.2073,113056,328.20727,4,25.90793005,29.8848,99616,0,"{""601288.SH"": 6800.0, ""601398.SH"": 5200.0, ""601939.SH"": 3800.0, ""601988.SH"": 6200.0}",0.008064501217,-0.03628014806,0.008060489336
2024-05-17,equal-weight hold,113526.2073,113582,328.20727,4,25.90793005,29.8848,99616,0,"{""601288.SH"": 6800.0, ""601398.SH"": 5200.0, ""601939.SH"": 3800.0, ""601988.SH"": 6200.0}",0.004654858718,-0.0317941683,0.004652561562
2024-05-20,equal-weight hold,113168.2073,113224,328.20727,4,25.90793005,29.8848,99616,0,"{""601288.SH"": 6800.0, ""601398.SH"": 5200.0, ""601939.SH"": 3800.0, ""601988.SH"": 6200.0}",-0.003153456885,-0.03484736365,-0.003151907873
2024-05-21,equal-weight hold,114010.2073,114066,328.20727,4,25.90793005,29.8848,99616,0,"{""601288.SH"": 6800.0, ""601398.SH"": 5200.0, ""601939.SH"": 3800.0, ""601988.SH"": 6200.0}",0.007440252173,-0.02766638465,0.007436585883
2024-05-22,equal-weight hold,114330.2073,114386,328.20727,4,25.90793005,29.8848,99616,0,"{""601288.SH"": 6800.0, ""601398.SH"": 5200.0, ""601939.SH"": 3800.0, ""601988.SH"": 6200.0}",0.002806766233,-0.02493727149,0.002805393369
2024-05-23,equal-weight hold,113838.2073,113894,328.20727,4,25.90793005,29.8848,99616,0,"{""601288.SH"": 6800.0, ""601398.SH"": 5200.0, ""601939.SH"": 3800.0, ""601988.SH"": 6200.0}",-0.004303324657,-0.02913328297,-0.004301225674
2024-05-24,equal-weight hold,113110.2073,113166,328.20727,4,25.90793005,29.8848,99616,0,"{""601288.SH"": 6800.0, ""601398.SH"": 5200.0, ""601939.SH"": 3800.0, ""601988.SH"": 6200.0}",-0.006395040975,-0.03534201541,-0.006391908266
2024-05-27,equal-weight hold,114064.2073,114120,328.20727,4,25.90793005,29.8848,99616,0,"{""601288.SH"": 6800.0, ""601398.SH"": 5200.0, ""601939.SH"": 3800.0, ""601988.SH"": 6200.0}",0.008434252072,-0.0272058468,0.008430093844
2024-05-28,equal-weight hold,113998.2073,114054,328.20727,4,25.90793005,29.8848,99616,0,"{""601288.SH"": 6800.0, ""601398.SH"": 5200.0, ""601939.SH"": 3800.0, ""601988.SH"": 6200.0}",-0.0005786214763,-0.02776872639,-0.000578338591
2024-05-29,equal-weight hold,113352.2073,113408,328.20727,4,25.90793005,29.8848,99616,0,"{""601288.SH"": 6800.0, ""601398.SH"": 5200.0, ""601939.SH"": 3800.0, ""601988.SH"": 6200.0}",-0.00566675578,-0.03327812358,-0.005663983727
2024-05-30,equal-weight hold,112524.2073,112580,328.20727,4,25.90793005,29.8848,99616,0,"{""601288.SH"": 6800.0, ""601398.SH"": 5200.0, ""601939.SH"": 3800.0, ""601988.SH"": 6200.0}",-0.007304665872,-0.04033970388,-0.007301072235
2024-05-31,equal-weight hold,112696.2073,112752,328.20727,4,25.90793005,29.8848,99616,0,"{""601288.SH"": 6800.0, ""601398.SH"": 5200.0, ""601939.SH"": 3800.0, ""601988.SH"": 6200.0}",0.00152855998,-0.03887280556,0.001527802452
2024-06-03,equal-weight hold,112960.2073,113016,328.20727,4,25.90793005,29.8848,99616,0,"{""601288.SH"": 6800.0, ""601398.SH"": 5200.0, ""601939.SH"": 3800.0, ""601988.SH"": 6200.0}",0.002342581054,-0.0366212872,0.002341421882
2024-06-04,equal-weight hold,113116.2073,113172,328.20727,4,25.90793005,29.8848,99616,0,"{""601288.SH"": 6800.0, ""601398.SH"": 5200.0, ""601939.SH"": 3800.0, ""601988.SH"": 6200.0}",0.001381017296,-0.03529084454,0.001380335528
2024-06-05,equal-weight hold,113368.2073,113424,328.20727,4,25.90793005,29.8848,99616,0,"{""601288.SH"": 6800.0, ""601398.SH"": 5200.0, ""601939.SH"": 3800.0, ""601988.SH"": 6200.0}",0.002227797467,-0.03314166792,0.002226699184
2024-06-06,equal-weight hold,113376.2073,113432,328.20727,4,25.90793005,29.8848,99616,0,"{""601288.SH"": 6800.0, ""601398.SH"": 5200.0, ""601939.SH"": 3800.0, ""601988.SH"": 6200.0}",7.056652118e-05,-0.03307344009,7.053180985e-05
2024-06-07,equal-weight hold,115032.7223,115088.515,328.20727,4,25.90793005,29.8848,99616,0,"{""601288.SH"": 7172.4214, ""601398.SH"": 5200.0, ""601939.SH"": 3800.0, ""601988.SH"": 6200.0}",0.01461078182,-0.0189458871,0.01460359535
2024-06-11,equal-weight hold,113233.2044,113288.9971,328.20727,4,25.90793005,29.8848,99616,-1.455191523e-11,"{""601288.SH"": 7172.4214, ""601398.SH"": 5200.0, ""601939.SH"": 3800.0, ""601988.SH"": 6200.0}",-0.0156435307,-0.03429303723,-0.01563594702
2024-06-12,equal-weight hold,112719.4802,112775.2729,328.20727,4,25.90793005,29.8848,99616,0,"{""601288.SH"": 7172.4214, ""601398.SH"": 5200.0, ""601939.SH"": 3800.0, ""601988.SH"": 6200.0}",-0.004536868991,-0.03867432321,-0.004534634667
2024-06-13,equal-weight hold,113591.8254,113647.6182,328.20727,4,25.90793005,29.8848,99616,0,"{""601288.SH"": 7172.4214, ""601398.SH"": 5200.0, ""601939.SH"": 3800.0, ""601988.SH"": 6200.0}",0.007739081841,-0.03123454512,0.007735253125
2024-06-14,equal-weight hold,114280.9981,114336.7908,328.20727,4,25.90793005,29.8848,99616,-1.455191523e-11,"{""601288.SH"": 7172.4214, ""601398.SH"": 5200.0, ""601939.SH"": 3800.0, ""601988.SH"": 6200.0}",0.006067097156,-0.02535695098,0.006064118651
2024-06-17,equal-weight hold,112805.2044,112860.9971,328.20727,4,25.90793005,29.8848,99616,-1.455191523e-11,"{""601288.SH"": 7172.4214, ""601398.SH"": 5200.0, ""601939.SH"": 3800.0, ""601988.SH"": 6200.0}",-0.01291372787,-0.03794322608,-0.01290742638
2024-06-18,equal-weight hold,113156.9286,113212.7213,328.20727,4,25.90793005,29.8848,99616,0,"{""601288.SH"": 7172.4214, ""601398.SH"": 5200.0, ""601939.SH"": 3800.0, ""601988.SH"": 6200.0}",0.003117978604,-0.03494355365,0.003116437234
2024-06-19,equal-weight hold,114293.8254,114349.6182,328.20727,4,25.90793005,29.8848,99616,0,"{""601288.SH"": 7172.4214, ""601398.SH"": 5200.0, ""601939.SH"": 3800.0, ""601988.SH"": 6200.0}",0.01004708124,-0.02524755313,0.01004212991
2024-06-20,equal-weight hold,114755.2739,114811.0666,328.20727,4,25.90793005,29.8848,99616,0,"{""601288.SH"": 7172.4214, ""601398.SH"": 5200.0, ""601939.SH"": 3800.0, ""601988.SH"": 6200.0}",0.004037387195,-0.02131210008,0.004035417299
2024-06-21,equal-weight hold,114182.6528,114238.4455,328.20727,4,25.90793005,29.8848,99616,-1.455191523e-11,"{""601288.SH"": 7172.4214, ""601398.SH"": 5200.0, ""601939.SH"": 3800.0, ""601988.SH"": 6200.0}",-0.004989932481,-0.02619568662,-0.00498750761
2024-06-24,equal-weight hold,115162.9981,115218.7908,328.20727,4,25.90793005,29.8848,99616,-1.455191523e-11,"{""601288.SH"": 7172.4214, ""601398.SH"": 5200.0, ""601939.SH"": 3800.0, ""601988.SH"": 6200.0}",0.008585763757,-0.01783483284,0.008581570569
2024-06-25,equal-weight hold,115692.645,115748.4378,328.20727,4,25.90793005,29.8848,99616,0,"{""601288.SH"": 7173.4398, ""601398.SH"": 5200.2326, ""601939.SH"": 3799.6561, ""601988.SH"": 6199.7313}",0.004599107117,-0.01331775003,0.004596880078
2024-06-26,equal-weight hold,116294.5298,116350.3225,328.20727,4,25.90793005,29.8848,99616,0,"{""601288.SH"": 7173.4398, ""601398.SH"": 5200.0, ""601939.SH"": 3800.0, ""601988.SH"": 6200.0}",0.005202445999,-0.008184588904,0.005199938331
2024-06-27,equal-weight hold,117659.4674,117715.2601,328.20727,4,25.90793005,29.8848,99616,0,"{""601288.SH"": 7173.4398, ""601398.SH"": 5200.0, ""601939.SH"": 3800.0, ""601988.SH"": 6200.0}",0.01173690281,0,0.01173127469
2024-06-28,equal-weight hold,118008.405,118064.1977,328.20727,4,25.90793005,29.8848,99616,0,"{""601288.SH"": 7173.4398, ""601398.SH"": 5200.0, ""601939.SH"": 3800.0, ""601988.SH"": 6200.0}",0.00296565675,0,0.002964251137
2024-07-01,equal-weight hold,120162.2802,120218.0729,328.20727,4,25.90793005,29.8848,99616,-1.455191523e-11,"{""601288.SH"": 7173.4398, ""601398.SH"": 5200.0, ""601939.SH"": 3800.0, ""601988.SH"": 6200.0}",0.0182518795,0,0.01824325434
2024-07-02,equal-weight hold,122568.1553,122623.9481,328.20727,4,25.90793005,29.8848,99616,0,"{""601288.SH"": 7173.4398, ""601398.SH"": 5200.0, ""601939.SH"": 3800.0, ""601988.SH"": 6200.0}",0.02002188361,0,0.02001259153
2024-07-03,equal-weight hold,121284.9522,121340.7449,328.20727,4,25.90793005,29.8848,99616,-1.455191523e-11,"{""601288.SH"": 7173.4398, ""601398.SH"": 5200.0, ""601939.SH"": 3800.0, ""601988.SH"": 6200.0}",-0.01046930332,-0.01046930332,-0.01046453988
2024-07-04,equal-weight hold,122425.8897,122481.6825,328.20727,4,25.90793005,29.8848,99616,-1.455191523e-11,"{""601288.SH"": 7173.4398, ""601398.SH"": 5200.0, ""601939.SH"": 3800.0, ""601988.SH"": 6200.0}",0.009407082852,-0.001160706068,0.009402757456
2024-07-05,equal-weight hold,120071.749,120127.5417,328.20727,4,25.90793005,29.8848,99616,0,"{""601288.SH"": 7173.4398, ""601398.SH"": 5200.0, ""601939.SH"": 3800.0, ""601988.SH"": 6200.0}",-0.01922910909,-0.02036749581,-0.01922034986
2024-07-08,equal-weight hold,121422.6866,121478.4793,328.20727,4,25.90793005,29.8848,99616,0,"{""601288.SH"": 7173.4398, ""601398.SH"": 5200.0, ""601939.SH"": 3800.0, ""601988.SH"": 6200.0}",0.01125108617,-0.009345566094,0.01124586065
2024-07-09,equal-weight hold,122245.8897,122301.6825,328.20727,4,25.90793005,29.8848,99616,-1.455191523e-11,"{""601288.SH"": 7173.4398, ""601398.SH"": 5200.0, ""601939.SH"": 3800.0, ""601988.SH"": 6200.0}",0.006779648998,-0.002629276754,0.006776535236
2024-07-10,equal-weight hold,123029.3585,123085.1513,328.20727,4,25.90793005,29.8848,99616,0,"{""601288.SH"": 7173.4398, ""601398.SH"": 5200.0, ""601939.SH"": 3800.0, ""601988.SH"": 6200.0}",0.006408958194,0,0.006406034496
2024-07-11,equal-weight hold,121878.4209,121934.2137,328.20727,4,25.90793005,29.8848,99616,0,"{""601288.SH"": 7173.4398, ""601398.SH"": 5200.0, ""601939.SH"": 3800.0, ""601988.SH"": 6200.0}",-0.009354983292,-0.009354983292,-0.009350742813
2024-07-12,equal-weight hold,124059.1924,124114.9852,328.20727,4,25.90793005,29.8848,99616,0,"{""601288.SH"": 7173.4398, ""601398.SH"": 5200.0, ""601939.SH"": 4008.5701, ""601988.SH"": 6200.0}",0.01789300738,0,0.01788482019
2024-07-15,equal-weight hold,126921.8906,126977.6834,328.20727,4,25.90793005,29.8848,99616,0,"{""601288.SH"": 7173.4398, ""601398.SH"": 5200.0, ""601939.SH"": 4008.5701, ""601988.SH"": 6200.0}",0.02307526072,0,0.02306488783
2024-07-16,equal-weight hold,126916.1154,126971.9082,328.20727,4,25.90793005,29.8848,99616,0,"{""601288.SH"": 7173.4398, ""601398.SH"": 5473.7209, ""601939.SH"": 4008.5701, ""601988.SH"": 6200.0}",-4.550218544e-05,-4.550218544e-05,-4.548219224e-05
2024-07-17,equal-weight hold,127267.4783,127323.271,328.20727,4,25.90793005,29.8848,99616,0,"{""601288.SH"": 7173.4398, ""601398.SH"": 5473.7209, ""601939.SH"": 4008.5701, ""601988.SH"": 6520.6155}",0.002768465069,0,0.002767248577
2024-07-18,equal-weight hold,127427.8211,127483.6138,328.20727,4,25.90793005,29.8848,99616,0,"{""601288.SH"": 7173.4398, ""601398.SH"": 5473.7209, ""601939.SH"": 4008.5701, ""601988.SH"": 6520.6155}",0.001259888289,0,0.001259336209
2024-07-19,equal-weight hold,127180.7786,127236.5713,328.20727,4,25.90793005,29.8848,99616,-1.455191523e-11,"{""601288.SH"": 7173.4398, ""601398.SH"": 5473.7209, ""601939.SH"": 4008.5701, ""601988.SH"": 6520.6155}",-0.001938685362,-0.001938685362,-0.001937836903
2024-07-22,equal-weight hold,125684.0366,125739.8294,328.20727,4,25.90793005,29.8848,99616,-1.455191523e-11,"{""601288.SH"": 7173.4398, ""601398.SH"": 5473.7209, ""601939.SH"": 4008.5701, ""601988.SH"": 6520.6155}",-0.01176861784,-0.01368448756,-0.01176345735
2024-07-23,equal-weight hold,128650.4664,128706.2591,328.20727,4,25.90793005,29.8848,99616,-1.455191523e-11,"{""601288.SH"": 7173.4398, ""601398.SH"": 5473.7209, ""601939.SH"": 4008.5701, ""601988.SH"": 6520.6155}",0.02360227957,0,0.02359180687
2024-07-24,equal-weight hold,129179.4413,129235.2341,328.20727,4,25.90793005,29.8848,99616,-1.455191523e-11,"{""601288.SH"": 7173.4398, ""601398.SH"": 5473.7209, ""601939.SH"": 4008.5701, ""601988.SH"": 6520.6155}",0.004111721923,0,0.004109939537
2024-07-25,equal-weight hold,128665.2366,128721.0293,328.20727,4,25.90793005,29.8848,99616,0,"{""601288.SH"": 7173.4398, ""601398.SH"": 5473.7209, ""601939.SH"": 4008.5701, ""601988.SH"": 6520.6155}",-0.003980546369,-0.003980546369,-0.003978827909
2024-07-26,equal-weight hold,125862.7047,125918.4974,328.20727,4,25.90793005,29.8848,99616,0,"{""601288.SH"": 7173.4398, ""601398.SH"": 5473.7209, ""601939.SH"": 4008.5701, ""601988.SH"": 6520.6155}",-0.02178157796,-0.02567542175,-0.02177213697
2024-07-29,equal-weight hold,127988.7335,128044.5262,328.20727,4,25.90793005,29.8848,99616,-1.455191523e-11,"{""601288.SH"": 7173.4398, ""601398.SH"": 5473.7209, ""601939.SH"": 4008.5701, ""601988.SH"": 6520.6155}",0.01689165003,-0.009217471955,0.01688416558
2024-07-30,equal-weight hold,128279.1748,128334.9676,328.20727,4,25.90793005,29.8848,99616,0,"{""601288.SH"": 7173.4398, ""601398.SH"": 5473.7209, ""601939.SH"": 4008.5701, ""601988.SH"": 6520.6155}",0.002269272993,-0.006969115922,0.002268284204
2024-07-31,equal-weight hold,125485.3937,125541.1864,328.20727,4,25.90793005,29.8848,99616,0,"{""601288.SH"": 7173.4398, ""601398.SH"": 5473.7209, ""601939.SH"": 4008.5701, ""601988.SH"": 6520.6155}",-0.02177891416,-0.0285962503,-0.02176944593
2024-08-01,equal-weight hold,126292.5042,126348.2969,328.20727,4,25.90793005,29.8848,99616,0,"{""601288.SH"": 7173.4398, ""601398.SH"": 5473.7209, ""601939.SH"": 4008.5701, ""601988.SH"": 6520.6155}",0.006431907879,-0.02234827087,0.006429049425
2024-08-02,equal-weight hold,126581.3505,126637.1433,328.20727,4,25.90793005,29.8848,99616,0,"{""601288.SH"": 7173.4398, ""601398.SH"": 5473.7209, ""601939.SH"": 4008.5701, ""601988.SH"": 6520.6155}",0.00228712192,-0.02011226217,0.002286111976
2024-08-05,equal-weight hold,126267.6975,126323.4902,328.20727,4,25.90793005,29.8848,99616,0,"{""601288.SH"": 7173.4398, ""601398.SH"": 5473.7209, ""601939.SH"": 4008.5701, ""601988.SH"": 6520.6155}",-0.002477877409,-0.02254030386,-0.002476785727
2024-08-06,equal-weight hold,124702.1224,124757.9151,328.20727,4,25.90793005,29.8848,99616,0,"{""601288.SH"": 7173.4398, ""601398.SH"": 5473.7209, ""601939.SH"": 4008.5701, ""601988.SH"": 6520.6155}",-0.01239885679,-0.03465968666,-0.01239338065
2024-08-07,equal-weight hold,124853.5913,124909.384,328.20727,4,25.90793005,29.8848,99616,-1.455191523e-11,"{""601288.SH"": 7173.4398, ""601398.SH"": 5473.7209, ""601939.SH"": 4008.5701, ""601988.SH"": 6520.6155}",0.001214645574,-0.03348714032,0.001214102375
2024-08-08,equal-weight hold,125270.7461,125326.5388,328.20727,4,25.90793005,29.8848,99616,0,"{""601288.SH"": 7173.4398, ""601398.SH"": 5473.7209, ""601939.SH"": 4008.5701, ""601988.SH"": 6520.6155}",0.003341152137,-0.03025787381,0.00333965976
2024-08-09,equal-weight hold,126137.0901,126192.8828,328.20727,4,25.90793005,29.8848,99616,0,"{""601288.SH"": 7173.4398, ""601398.SH"": 5473.7209, ""601939.SH"": 4008.5701, ""601988.SH"": 6520.6155}",0.006915772679,-0.02355135771,0.006912693923
2024-08-12,equal-weight hold,127251.7578,127307.5506,328.20727,4,25.90793005,29.8848,99616,0,"{""601288.SH"": 7173.4398, ""601398.SH"": 5473.7209, ""601939.SH"": 4008.5701, ""601988.SH"": 6520.6155}",0.008836954585,-0.0149225254,0.008833047567
2024-08-13,equal-weight hold,127951.3027,128007.0954,328.20727,4,25.90793005,29.8848,99616,0,"{""601288.SH"": 7173.4398, ""601398.SH"": 5473.7209, ""601939.SH"": 4008.5701, ""601988.SH"": 6520.6155}",0.005497329442,-0.009507229998,0.005494920229
2024-08-14,equal-weight hold,128111.018,128166.8107,328.20727,4,25.90793005,29.8848,99616,0,"{""601288.SH"": 7173.4398, ""601398.SH"": 5473.7209, ""601939.SH"": 4008.5701, ""601988.SH"": 6520.6155}",0.001248250881,-0.008270846525,0.001247706822
2024-08-15,equal-weight hold,128894.9168,128950.7095,328.20727,4,25.90793005,29.8848,99616,-1.455191523e-11,"{""601288.SH"": 7173.4398, ""601398.SH"": 5473.7209, ""601939.SH"": 4008.5701, ""601988.SH"": 6520.6155}",0.006118902277,-0.00220255275,0.006116238637
2024-08-16,equal-weight hold,131034.1207,131089.9135,328.20727,4,25.90793005,29.8848,99616,-1.455191523e-11,"{""601288.SH"": 7173.4398, ""601398.SH"": 5473.7209, ""601939.SH"": 4008.5701, ""601988.SH"": 6520.6155}",0.01659649564,0,0.01658931488
2024-08-19,equal-weight hold,134076.9763,134132.769,328.20727,4,25.90793005,29.8848,99616,0,"{""601288.SH"": 7173.4398, ""601398.SH"": 5473.7209, ""601939.SH"": 4008.5701, ""601988.SH"": 6520.6155}",0.02322185636,0,0.02321197299
2024-08-20,equal-weight hold,135730.9647,135786.7574,328.20727,4,25.90793005,29.8848,99616,0,"{""601288.SH"": 7173.4398, ""601398.SH"": 5473.7209, ""601939.SH"": 4008.5701, ""601988.SH"": 6520.6155}",0.01233611088,0,0.01233097965
2024-08-21,equal-weight hold,134533.8518,134589.6445,328.20727,4,25.90793005,29.8848,99616,0,"{""601288.SH"": 7173.4398, ""601398.SH"": 5473.7209, ""601939.SH"": 4008.5701, ""601988.SH"": 6520.6155}",-0.008819748264,-0.008819748264,-0.008816124363
2024-08-22,equal-weight hold,136701.0524,136756.8452,328.20727,4,25.90793005,29.8848,99616,0,"{""601288.SH"": 7173.4398, ""601398.SH"": 5473.7209, ""601939.SH"": 4008.5701, ""601988.SH"": 6520.6155}",0.01610896183,0,0.01610228402
2024-08-23,equal-weight hold,137137.1132,137192.906,328.20727,4,25.90793005,29.8848,99616,0,"{""601288.SH"": 7173.4398, ""601398.SH"": 5473.7209, ""601939.SH"": 4008.5701, ""601988.SH"": 6520.6155}",0.003189886147,0,0.003188584768
2024-08-26,equal-weight hold,136972.9016,137028.6943,328.20727,4,25.90793005,29.8848,99616,0,"{""601288.SH"": 7173.4398, ""601398.SH"": 5473.7209, ""601939.SH"": 4008.5701, ""601988.SH"": 6520.6155}",-0.001197426605,-0.001197426605,-0.001196939643
2024-08-27,equal-weight hold,139018.5639,139074.3566,328.20727,4,25.90793005,29.8848,99616,0,"{""601288.SH"": 7173.4398, ""601398.SH"": 5473.7209, ""601939.SH"": 4008.5701, ""601988.SH"": 6520.6155}",0.01493479566,0,0.01492871479
2024-08-28,equal-weight hold,137785.7897,137841.5824,328.20727,4,25.90793005,29.8848,99616,0,"{""601288.SH"": 7173.4398, ""601398.SH"": 5473.7209, ""601939.SH"": 4008.5701, ""601988.SH"": 6520.6155}",-0.008867694973,-0.008867694973,-0.008864137502
2024-08-29,equal-weight hold,131885.6651,131941.4578,328.20727,4,25.90793005,29.8848,99616,0,"{""601288.SH"": 7173.4398, ""601398.SH"": 5473.7209, ""601939.SH"": 4008.5701, ""601988.SH"": 6520.6155}",-0.04282099507,-0.05130896652,-0.04280366285
2024-08-30,equal-weight hold,126903.288,126959.0807,328.20727,4,25.90793005,29.8848,99616,-1.455191523e-11,"{""601288.SH"": 7173.4398, ""601398.SH"": 5473.7209, ""601939.SH"": 4008.5701, ""601988.SH"": 6520.6155}",-0.03777800342,-0.08714861963,-0.03776202863
2024-09-02,equal-weight hold,128420.6631,128476.4558,328.20727,4,25.90793005,29.8848,99616,0,"{""601288.SH"": 7173.4398, ""601398.SH"": 5473.7209, ""601939.SH"": 4008.5701, ""601988.SH"": 6520.6155}",0.01195694107,-0.07623370947,0.01195168654
2024-09-03,equal-weight hold,124374.7136,124430.5063,328.20727,4,25.90793005,29.8848,99616,-1.455191523e-11,"{""601288.SH"": 7173.4398, ""601398.SH"": 5473.7209, ""601939.SH"": 4008.5701, ""601988.SH"": 6520.6155}",-0.03150544025,-0.1053373731,-0.03149175856
2024-09-04,equal-weight hold,124177.3814,124233.1741,328.20727,4,25.90793005,29.8848,99616,0,"{""601288.SH"": 7173.4398, ""601398.SH"": 5473.7209, ""601939.SH"": 4008.5701, ""601988.SH"": 6520.6155}",-0.001586593933,-0.1067568394,-0.001585882529
2024-09-05,equal-weight hold,122999.5395,123055.3322,328.20727,4,25.90793005,29.8848,99616,0,"{""601288.SH"": 7173.4398, ""601398.SH"": 5473.7209, ""601939.SH"": 4008.5701, ""601988.SH"": 6520.6155}",-0.009485156934,-0.115229391,-0.00948089718
2024-09-06,equal-weight hold,123111.0458,123166.8385,328.20727,4,25.90793005,29.8848,99616,0,"{""601288.SH"": 7173.4398, ""601398.SH"": 5473.7209, ""601939.SH"": 4008.5701, ""601988.SH"": 6520.6155}",0.0009065591681,-0.1144272941,0.0009061481383
2024-09-09,equal-weight hold,122517.2298,122573.0225,328.20727,4,25.90793005,29.8848,99616,-1.455191523e-11,"{""601288.SH"": 7173.4398, ""601398.SH"": 5473.7209, ""601939.SH"": 4008.5701, ""601988.SH"": 6520.6155}",-0.004823418195,-0.1186987816,-0.004821233259
2024-09-10,equal-weight hold,124923.5447,124979.3374,328.20727,4,25.90793005,29.8848,99616,-1.455191523e-11,"{""601288.SH"": 7173.4398, ""601398.SH"": 5473.7209, ""601939.SH"": 4008.5701, ""601988.SH"": 6520.6155}",0.01964062471,-0.1013894751,0.0196316847
2024-09-11,equal-weight hold,121377.6321,121433.4249,328.20727,4,25.90793005,29.8848,99616,0,"{""601288.SH"": 7173.4398, ""601398.SH"": 5473.7209, ""601939.SH"": 4008.5701, ""601988.SH"": 6520.6155}",-0.02838466175,-0.1268962309,-0.0283719904
2024-09-12,equal-weight hold,121400.8438,121456.6365,328.20727,4,25.90793005,29.8848,99616,0,"{""601288.SH"": 7173.4398, ""601398.SH"": 5473.7209, ""601939.SH"": 4008.5701, ""601988.SH"": 6520.6155}",0.0001912353399,-0.1267292626,0.0001911474766
2024-09-13,equal-weight hold,121017.607,121073.3997,328.20727,4,25.90793005,29.8848,99616,-1.455191523e-11,"{""601288.SH"": 7173.4398, ""601398.SH"": 5473.7209, ""601939.SH"": 4008.5701, ""601988.SH"": 6520.6155}",-0.003156788987,-0.1294859941,-0.003155338874
2024-09-18,equal-weight hold,123002.2457,123058.0384,328.20727,4,25.90793005,29.8848,99616,-1.455191523e-11,"{""601288.SH"": 7173.4398, ""601398.SH"": 5473.7209, ""601939.SH"": 4008.5701, ""601988.SH"": 6520.6155}",0.01639958641,-0.1152099244,0.0163920292
2024-09-19,equal-weight hold,122376.7809,122432.5736,328.20727,4,25.90793005,29.8848,99616,-1.455191523e-11,"{""601288.SH"": 7173.4398, ""601398.SH"": 5473.7209, ""601939.SH"": 4008.5701, ""601988.SH"": 6520.6155}",-0.005084986473,-0.11970907,-0.005082681014
2024-09-20,equal-weight hold,123169.2399,123225.0326,328.20727,4,25.90793005,29.8848,99616,-1.455191523e-11,"{""601288.SH"": 7173.4398, ""601398.SH"": 5473.7209, ""601939.SH"": 4008.5701, ""601988.SH"": 6520.6155}",0.006475566513,-0.1140086875,0.006472615587
2024-09-23,equal-weight hold,124783.7746,124839.5674,328.20727,4,25.90793005,29.8848,99616,0,"{""601288.SH"": 7173.4398, ""601398.SH"": 5473.7209, ""601939.SH"": 4008.5701, ""601988.SH"": 6520.6155}",0.01310826247,-0.1023948808,0.01310232743
2024-09-24,equal-weight hold,130339.8788,130395.6715,328.20727,4,25.90793005,29.8848,99616,-1.455191523e-11,"{""601288.SH"": 7173.4398, ""601398.SH"": 5473.7209, ""601939.SH"": 4008.5701, ""601988.SH"": 6520.6155}",0.04452585405,-0.06242824629,0.04450595476
2024-09-25,equal-weight hold,131086.2794,131142.0721,328.20727,4,25.90793005,29.8848,99616,-1.455191523e-11,"{""601288.SH"": 7173.4398, ""601398.SH"": 5473.7209, ""601939.SH"": 4008.5701, ""601988.SH"": 6520.6155}",0.00572657153,-0.05705917458,0.005724121287
2024-09-26,equal-weight hold,133789.4876,133845.2803,328.20727,4,25.90793005,29.8848,99616,0,"{""601288.SH"": 7173.4398, ""601398.SH"": 5473.7209, ""601939.SH"": 4008.5701, ""601988.SH"": 6520.6155}",0.02062159503,-0.03761423074,0.02061282183
2024-09-27,equal-weight hold,129361.3964,129417.1892,328.20727,4,25.90793005,29.8848,99616,0,"{""601288.SH"": 7173.4398, ""601398.SH"": 5473.7209, ""601939.SH"": 4008.5701, ""601988.SH"": 6520.6155}",-0.03309745206,-0.0694667476,-0.03308365555
2024-09-30,equal-weight hold,132979.3526,133035.1453,328.20727,4,25.90793005,29.8848,99616,0,"{""601288.SH"": 7173.4398, ""601398.SH"": 5473.7209, ""601939.SH"": 4008.5701, ""601988.SH"": 6520.6155}",0.02796781959,-0.04344176147,0.02795576246
2024-10-08,equal-weight hold,132489.0589,132544.8516,328.20727,4,25.90793005,29.8848,99616,0,"{""601288.SH"": 7173.4398, ""601398.SH"": 5473.7209, ""601939.SH"": 4008.5701, ""601988.SH"": 6520.6155}",-0.003686991209,-0.04696858329,-0.003685444946
2024-10-09,equal-weight hold,129680.7962,129736.589,328.20727,4,25.90793005,29.8848,99616,0,"{""601288.SH"": 7173.4398, ""601398.SH"": 5473.7209, ""601939.SH"": 4008.5701, ""601988.SH"": 6520.6155}",-0.02119618547,-0.06716921396,-0.02118726326
2024-10-10,equal-weight hold,134362.1194,134417.9121,328.20727,4,25.90793005,29.8848,99616,0,"{""601288.SH"": 7173.4398, ""601398.SH"": 5473.7209, ""601939.SH"": 4008.5701, ""601988.SH"": 6520.6155}",0.03609881543,-0.03349512758,0.03608329127
2024-10-11,equal-weight hold,134739.5741,134795.3669,328.20727,4,25.90793005,29.8848,99616,0,"{""601288.SH"": 7173.4398, ""601398.SH"": 5473.7209, ""601939.SH"": 4008.5701, ""601988.SH"": 6520.6155}",0.00280923495,-0.03077998831,0.002808068923
2024-10-14,equal-weight hold,139614.8225,139670.6152,328.20727,4,25.90793005,29.8848,99616,0,"{""601288.SH"": 7173.4398, ""601398.SH"": 5473.7209, ""601939.SH"": 4008.5701, ""601988.SH"": 6520.6155}",0.03618275032,0,0.03616777403
2024-10-15,equal-weight hold,135570.9607,135626.7535,328.20727,4,25.90793005,29.8848,99616,0,"{""601288.SH"": 7173.4398, ""601398.SH"": 5473.7209, ""601939.SH"": 4008.5701, ""601988.SH"": 6520.6155}",-0.0289644159,-0.0289644159,-0.02895284579
2024-10-16,equal-weight hold,137918.5259,137974.3186,328.20727,4,25.90793005,29.8848,99616,0,"{""601288.SH"": 7173.4398, ""601398.SH"": 5473.7209, ""601939.SH"": 4008.5701, ""601988.SH"": 6520.6155}",0.01731613559,-0.01214983206,0.01730901225
2024-10-17,equal-weight hold,136601.7114,136657.5041,328.20727,4,25.90793005,29.8848,99616,0,"{""601288.SH"": 7173.4398, ""601398.SH"": 5473.7209, ""601939.SH"": 4008.5701, ""601988.SH"": 6520.6155}",-0.009547770593,-0.02158159885,-0.009543909758
2024-10-18,equal-weight hold,136742.7114,136798.5041,328.20727,4,25.90793005,29.8848,99616,0,"{""601288.SH"": 7173.4398, ""601398.SH"": 5473.7209, ""601939.SH"": 4008.5701, ""601988.SH"": 6520.6155}",0.001032197428,-0.02057167789,0.001031776016
2024-10-21,equal-weight hold,133712.6704,133768.4632,328.20727,4,25.90793005,29.8848,99616,0,"{""601288.SH"": 7173.4398, ""601398.SH"": 5473.7209, ""601939.SH"": 4008.5701, ""601988.SH"": 6520.6155}",-0.02215870135,-0.04227453758,-0.02214966402
2024-10-22,equal-weight hold,133641.373,133697.1657,328.20727,4,25.90793005,29.8848,99616,0,"{""601288.SH"": 7173.4398, ""601398.SH"": 5473.7209, ""601939.SH"": 4008.5701, ""601988.SH"": 6520.6155}",-0.0005332140784,-0.04278521028,-0.0005329916831
2024-10-23,equal-weight hold,133700.0509,133755.8436,328.20727,4,25.90793005,29.8848,99616,0,"{""601288.SH"": 7173.4398, ""601398.SH"": 5473.7209, ""601939.SH"": 4008.5701, ""601988.SH"": 6520.6155}",0.0004390699576,-0.04236492602,0.0004388867307
2024-10-24,equal-weight hold,133967.9593,134023.7521,328.20727,4,25.90793005,29.8848,99616,0,"{""601288.SH"": 7173.4398, ""601398.SH"": 5473.7209, ""601939.SH"": 4008.5701, ""601988.SH"": 6520.6155}",0.002003802251,-0.0404460147,0.002002966418
2024-10-25,equal-weight hold,132929.0854,132984.8781,328.20727,4,25.90793005,29.8848,99616,0,"{""601288.SH"": 7173.4398, ""601398.SH"": 5473.7209, ""601939.SH"": 4008.5701, ""601988.SH"": 6520.6155}",-0.00775464493,-0.04788701515,-0.00775141675
2024-10-28,equal-weight hold,131628.5175,131684.3102,328.20727,4,25.90793005,29.8848,99616,0,"{""601288.SH"": 7173.4398, ""601398.SH"": 5473.7209, ""601939.SH"": 4008.5701, ""601988.SH"": 6520.6155}",-0.009783922851,-0.05720241514,-0.009779818085
2024-10-29,equal-weight hold,131919.3958,131975.1885,328.20727,4,25.90793005,29.8848,99616,0,"{""601288.SH"": 7173.4398, ""601398.SH"": 5473.7209, ""601939.SH"": 4008.5701, ""601988.SH"": 6520.6155}",0.002209842531,-0.05511898094,0.002208906253
2024-10-30,equal-weight hold,130254.6201,130310.4129,328.20727,4,25.90793005,29.8848,99616,-1.455191523e-11,"{""601288.SH"": 7173.4398, ""601398.SH"": 5473.7209, ""601939.SH"": 4008.5701, ""601988.SH"": 6520.6155}",-0.01261964264,-0.06704304174,-0.01261430767
2024-10-31,equal-weight hold,130537.1801,130592.9728,328.20727,4,25.90793005,29.8848,99616,-1.455191523e-11,"{""601288.SH"": 7173.4398, ""601398.SH"": 5473.7209, ""601939.SH"": 4008.5701, ""601988.SH"": 6520.6155}",0.002169289432,-0.06501918807,0.002168360645
2024-11-01,equal-weight hold,132410.3124,132466.1052,328.20727,4,25.90793005,29.8848,99616,0,"{""601288.SH"": 7173.4398, ""601398.SH"": 5473.7209, ""601939.SH"": 4008.5701, ""601988.SH"": 6520.6155}",0.01434941632,-0.05160275914,0.01434328588
2024-11-04,equal-weight hold,132446.2156,132502.0083,328.20727,4,25.90793005,29.8848,99616,0,"{""601288.SH"": 7173.4398, ""601398.SH"": 5473.7209, ""601939.SH"": 4008.5701, ""601988.SH"": 6520.6155}",0.0002711506274,-0.05134560064,0.0002710364228
2024-11-05,equal-weight hold,132949.8282,133005.6209,328.20727,4,25.90793005,29.8848,99616,0,"{""601288.SH"": 7173.4398, ""601398.SH"": 5473.7209, ""601939.SH"": 4008.5701, ""601988.SH"": 6520.6155}",0.003802393504,-0.04773844331,0.003800792427
2024-11-06,equal-weight hold,131834.8467,131890.6395,328.20727,4,25.90793005,29.8848,99616,0,"{""601288.SH"": 7173.4398, ""601398.SH"": 5473.7209, ""601939.SH"": 4008.5701, ""601988.SH"": 6520.6155}",-0.008386483016,-0.05572456868,-0.008382965083
2024-11-07,equal-weight hold,132894.7773,132950.57,328.20727,4,25.90793005,29.8848,99616,0,"{""601288.SH"": 7173.4398, ""601398.SH"": 5473.7209, ""601939.SH"": 4008.5701, ""601988.SH"": 6520.6155}",0.008039835852,-0.04813274922,0.00803643482
2024-11-08,equal-weight hold,131676.9683,131732.761,328.20727,4,25.90793005,29.8848,99616,0,"{""601288.SH"": 7173.4398, ""601398.SH"": 5473.7209, ""601939.SH"": 4008.5701, ""601988.SH"": 6520.6155}",-0.009163708294,-0.05685538304,-0.009159862743
2024-11-11,equal-weight hold,130064.7793,130120.572,328.20727,4,25.90793005,29.8848,99616,0,"{""601288.SH"": 7173.4398, ""601398.SH"": 5473.7209, ""601939.SH"": 4008.5701, ""601988.SH"": 6520.6155}",-0.01224351581,-0.06840278907,-0.01223833032
2024-11-12,equal-weight hold,129228.052,129283.8447,328.20727,4,25.90793005,29.8848,99616,-1.455191523e-11,"{""601288.SH"": 7173.4398, ""601398.SH"": 5473.7209, ""601939.SH"": 4008.5701, ""601988.SH"": 6520.6155}",-0.006433157791,-0.07439590092,-0.0064303994
2024-11-13,equal-weight hold,129794.5251,129850.3178,328.20727,4,25.90793005,29.8848,99616,0,"{""601288.SH"": 7173.4398, ""601398.SH"": 5473.7209, ""601939.SH"": 4008.5701, ""601988.SH"": 6520.6155}",0.004383514996,-0.07033850148,0.00438162328
2024-11-14,equal-weight hold,130504.7807,130560.5735,328.20727,4,25.90793005,29.8848,99616,-1.455191523e-11,"{""601288.SH"": 7173.4398, ""601398.SH"": 5473.7209, ""601939.SH"": 4008.5701, ""601988.SH"": 6520.6155}",0.005472154081,-0.06525125051,0.005469802863
2024-11-15,equal-weight hold,130597.453,130653.2458,328.20727,4,25.90793005,29.8848,99616,0,"{""601288.SH"": 7173.4398, ""601398.SH"": 5473.7209, ""601939.SH"": 4008.5701, ""601988.SH"": 6520.6155}",0.0007101064775,-0.06458747937,0.0007098030262
2024-11-18,equal-weight hold,133314.6897,133370.4825,328.20727,4,25.90793005,29.8848,99616,0,"{""601288.SH"": 7173.4398, ""601398.SH"": 5473.7209, ""601939.SH"": 4008.5701, ""601988.SH"": 6520.6155}",0.02080619977,-0.0451250996,0.02079731492
2024-11-19,equal-weight hold,132406.2281,132462.0208,328.20727,4,25.90793005,29.8848,99616,0,"{""601288.SH"": 7173.4398, ""601398.SH"": 5473.7209, ""601939.SH"": 4008.5701, ""601988.SH"": 6520.6155}",-0.006814415187,-0.05163201362,-0.00681156452
2024-11-20,equal-weight hold,132364.5474,132420.3401,328.20727,4,25.90793005,29.8848,99616,0,"{""601288.SH"": 7173.4398, ""601398.SH"": 5473.7209, ""601939.SH"": 4008.5701, ""601988.SH"": 6520.6155}",-0.0003147942771,-0.05193055443,-0.0003146616864
2024-11-21,equal-weight hold,132269.7245,132325.5172,328.20727,4,25.90793005,29.8848,99616,0,"{""601288.SH"": 7173.4398, ""601398.SH"": 5473.7209, ""601939.SH"": 4008.5701, ""601988.SH"": 6520.6155}",-0.0007163769495,-0.05260972953,-0.000716075118
2024-11-22,equal-weight hold,130602.7982,130658.5909,328.20727,4,25.90793005,29.8848,99616,0,"{""601288.SH"": 7173.4398, ""601398.SH"": 5473.7209, ""601939.SH"": 4008.5701, ""601988.SH"": 6520.6155}",-0.0126024777,-0.06454919429,-0.01259716409
2024-11-25,equal-weight hold,131087.8186,131143.6114,328.20727,4,25.90793005,29.8848,99616,0,"{""601288.SH"": 7173.4398, ""601398.SH"": 5473.7209, ""601939.SH"": 4008.5701, ""601988.SH"": 6520.6155}",0.003713706183,-0.06107520485,0.003712120388
2024-11-26,equal-weight hold,133076.8349,133132.6277,328.20727,4,25.90793005,29.8848,99616,0,"{""601288.SH"": 7173.4398, ""601398.SH"": 5473.7209, ""601939.SH"": 4008.5701, ""601988.SH"": 6520.6155}",0.01517315908,-0.04682874956,0.01516670393
2024-11-27,equal-weight hold,134085.969,134141.7617,328.20727,4,25.90793005,29.8848,99616,0,"{""601288.SH"": 7173.4398, ""601398.SH"": 5473.7209, ""601939.SH"": 4008.5701, ""601988.SH"": 6520.6155}",0.007583093039,-0.03960076329,0.007579915144
2024-11-28,equal-weight hold,134029.323,134085.1157,328.20727,4,25.90793005,29.8848,99616,0,"{""601288.SH"": 7173.4398, ""601398.SH"": 5473.7209, ""601939.SH"": 4008.5701, ""601988.SH"": 6520.6155}",-0.0004224600891,-0.04000649363,-0.0004222843779
2024-11-29,equal-weight hold,133152.5101,133208.3028,328.20727,4,25.90793005,29.8848,99616,0,"{""601288.SH"": 7173.4398, ""601398.SH"": 5473.7209, ""601939.SH"": 4008.5701, ""601988.SH"": 6520.6155}",-0.006541948655,-0.04628672186,-0.006539226554
2024-12-02,equal-weight hold,132954.4272,133010.22,328.20727,4,25.90793005,29.8848,99616,0,"{""601288.SH"": 7173.4398, ""601398.SH"": 5473.7209, ""601939.SH"": 4008.5701, ""601988.SH"": 6520.6155}",-0.00148763869,-0.04770550263,-0.00148701561
2024-12-03,equal-weight hold,134937.229,134993.0218,328.20727,4,25.90793005,29.8848,99616,0,"{""601288.SH"": 7173.4398, ""601398.SH"": 5473.7209, ""601939.SH"": 4008.5701, ""601988.SH"": 6520.6155}",0.01491339449,-0.03350355912,0.01490713889
2024-12-04,equal-weight hold,135965.8246,136021.6173,328.20727,4,25.90793005,29.8848,99616,0,"{""601288.SH"": 7173.4398, ""601398.SH"": 5473.7209, ""601939.SH"": 4008.5701, ""601988.SH"": 6520.6155}",0.007622770804,-0.02613617827,0.007619620306
2024-12-05,equal-weight hold,136002.2834,136058.0761,328.20727,4,25.90793005,29.8848,99616,0,"{""601288.SH"": 7173.4398, ""601398.SH"": 5473.7209, ""601939.SH"": 4008.5701, ""601988.SH"": 6520.6155}",0.0002681463404,-0.02587504025,0.0002680363534
2024-12-06,equal-weight hold,136836.6649,136892.4577,328.20727,4,25.90793005,29.8848,99616,0,"{""601288.SH"": 7173.4398, ""601398.SH"": 5473.7209, ""601939.SH"": 4008.5701, ""601988.SH"": 6520.6155}",0.006135055576,-0.01989872949,0.006132539801
2024-12-09,equal-weight hold,137512.9307,137568.7234,328.20727,4,25.90793005,29.8848,99616,0,"{""601288.SH"": 7173.4398, ""601398.SH"": 5473.7209, ""601939.SH"": 4008.5701, ""601988.SH"": 6520.6155}",0.0049421386,-0.01505493317,0.004940124352
2024-12-10,equal-weight hold,139219.5057,139275.2985,328.20727,4,25.90793005,29.8848,99616,0,"{""601288.SH"": 7173.4398, ""601398.SH"": 5473.7209, ""601939.SH"": 4008.5701, ""601988.SH"": 6520.6155}",0.01241028771,-0.002831481506,0.01240525456
2024-12-11,equal-weight hold,136880.5008,136936.2935,328.20727,4,25.90793005,29.8848,99616,0,"{""601288.SH"": 7173.4398, ""601398.SH"": 5473.7209, ""601939.SH"": 4008.5701, ""601988.SH"": 6520.6155}",-0.01680084224,-0.01958475247,-0.01679411194
2024-12-12,equal-weight hold,138770.3166,138826.1093,328.20727,4,25.90793005,29.8848,99616,0,"{""601288.SH"": 7173.4398, ""601398.SH"": 5473.7209, ""601939.SH"": 4008.5701, ""601988.SH"": 6520.6155}",0.01380631852,-0.006048827287,0.01380069333
2024-12-13,equal-weight hold,138220.4037,138276.1965,328.20727,4,25.90793005,29.8848,99616,0,"{""601288.SH"": 7173.4398, ""601398.SH"": 5473.7209, ""601939.SH"": 4008.5701, ""601988.SH"": 6520.6155}",-0.003962755497,-0.009987612761,-0.003961162908
2024-12-16,equal-weight hold,140898.7378,140954.5305,328.20727,4,25.90793005,29.8848,99616,0,"{""601288.SH"": 7173.4398, ""601398.SH"": 5473.7209, ""601939.SH"": 4008.5701, ""601988.SH"": 6520.6155}",0.01937726994,0,0.01936945145
2024-12-17,equal-weight hold,141008.2841,141064.0768,328.20727,4,25.90793005,29.8848,99616,0,"{""601288.SH"": 7173.4398, ""601398.SH"": 5473.7209, ""601939.SH"": 4008.5701, ""601988.SH"": 6520.6155}",0.0007774824707,0,0.000777174727
2024-12-18,equal-weight hold,141686.696,141742.4887,328.20727,4,25.90793005,29.8848,99616,0,"{""601288.SH"": 7173.4398, ""601398.SH"": 5473.7209, ""601939.SH"": 4008.5701, ""601988.SH"": 6520.6155}",0.004811149124,0,0.00480924625
2024-12-19,equal-weight hold,140102.2868,140158.0795,328.20727,4,25.90793005,29.8848,99616,0,"{""601288.SH"": 7173.4398, ""601398.SH"": 5473.7209, ""601939.SH"": 4008.5701, ""601988.SH"": 6520.6155}",-0.0111824837,-0.0111824837,-0.01117808205
2024-12-20,equal-weight hold,140516.8541,140572.6468,328.20727,4,25.90793005,29.8848,99616,0,"{""601288.SH"": 7173.4398, ""601398.SH"": 5473.7209, ""601939.SH"": 4008.5701, ""601988.SH"": 6520.6155}",0.002959033091,-0.008256539952,0.002957855188
2024-12-23,equal-weight hold,143736.664,143792.4567,328.20727,4,25.90793005,29.8848,99616,0,"{""601288.SH"": 7173.4398, ""601398.SH"": 5473.7209, ""601939.SH"": 4008.5701, ""601988.SH"": 6520.6155}",0.02291404775,0,0.02290495326
2024-12-24,equal-weight hold,145702.7824,145758.5751,328.20727,4,25.90793005,29.8848,99616,0,"{""601288.SH"": 7173.4398, ""601398.SH"": 5473.7209, ""601939.SH"": 4008.5701, ""601988.SH"": 6520.6155}",0.0136786142,0,0.01367330677
2024-12-25,equal-weight hold,147931.4904,147987.2831,328.20727,4,25.90793005,29.8848,99616,0,"{""601288.SH"": 7173.4398, ""601398.SH"": 5473.7209, ""601939.SH"": 4008.5701, ""601988.SH"": 6520.6155}",0.01529626242,0,0.01529040739
2024-12-26,equal-weight hold,147539.3841,147595.1768,328.20727,4,25.90793005,29.8848,99616,0,"{""601288.SH"": 7173.4398, ""601398.SH"": 5473.7209, ""601939.SH"": 4008.5701, ""601988.SH"": 6520.6155}",-0.002650593654,-0.002650593654,-0.002649594353
2024-12-27,equal-weight hold,147185.4548,147241.2475,328.20727,4,25.90793005,29.8848,99616,0,"{""601288.SH"": 7173.4398, ""601398.SH"": 5473.7209, ""601939.SH"": 4008.5701, ""601988.SH"": 6520.6155}",-0.00239888035,-0.005043115547,-0.002397973545
2024-12-30,equal-weight hold,148226.3607,148282.1534,328.20727,4,25.90793005,29.8848,99616,0,"{""601288.SH"": 7173.4398, ""601398.SH"": 5473.7209, ""601939.SH"": 4008.5701, ""601988.SH"": 6520.6155}",0.007072070401,0,0.007069390649
2024-12-31,equal-weight hold,147676.4479,147732.2406,328.20727,4,25.90793005,29.8848,99616,0,"{""601288.SH"": 7173.4398, ""601398.SH"": 5473.7209, ""601939.SH"": 4008.5701, ""601988.SH"": 6520.6155}",-0.003709953022,-0.003709953022,-0.003708557113
2025-01-02,equal-weight hold,144300.7196,144356.5123,328.20727,4,25.90793005,29.8848,99616,0,"{""601288.SH"": 7173.4398, ""601398.SH"": 5473.7209, ""601939.SH"": 4008.5701, ""601988.SH"": 6520.6155}",-0.02285894832,-0.02648409571,-0.02285031538
2025-01-03,equal-weight hold,142837.972,142893.7647,328.20727,4,25.90793005,29.8848,99616,0,"{""601288.SH"": 7173.4398, ""601398.SH"": 5473.7209, ""601939.SH"": 4008.5701, ""601988.SH"": 6520.6155}",-0.01013680047,-0.03635243219,-0.01013288267
2025-01-06,equal-weight hold,143644.7687,143700.5614,328.20727,4,25.90793005,29.8848,99616,0,"{""601288.SH"": 7173.4398, ""601398.SH"": 5473.7209, ""601939.SH"": 4008.5701, ""601988.SH"": 6520.6155}",0.005648335256,-0.03090942766,0.005646129869
2025-01-07,equal-weight hold,145732.7374,145788.5301,328.20727,4,25.90793005,29.8848,99616,0,"{""601288.SH"": 7173.4398, ""601398.SH"": 5589.7674, ""601939.SH"": 4008.5701, ""601988.SH"": 6520.6155}",0.01453564041,-0.01682307558,0.01452999685
2025-01-08,equal-weight hold,147569.9824,147625.7751,328.20727,4,25.90793005,29.8848,99616,0,"{""601288.SH"": 7340.8088, ""601398.SH"": 5589.7674, ""601939.SH"": 4008.5701, ""601988.SH"": 6520.6155}",0.01260694725,-0.004428215948,0.01260212262
2025-01-09,equal-weight hold,146284.9391,146340.7318,328.20727,4,25.90793005,29.8848,99616,0,"{""601288.SH"": 7340.8088, ""601398.SH"": 5589.7674, ""601939.SH"": 4008.5701, ""601988.SH"": 6520.6155}",-0.008708026152,-0.01309768108,-0.008704735097
2025-01-10,equal-weight hold,145251.7061,145307.4988,328.20727,4,25.90793005,29.8848,99616,0,"{""601288.SH"": 7340.8088, ""601398.SH"": 5589.7674, ""601939.SH"": 4102.2805, ""601988.SH"": 6520.6155}",-0.007063153676,-0.02006832382,-0.007060460833
2025-01-13,equal-weight hold,143038.1393,143093.932,328.20727,4,25.90793005,29.8848,99616,0,"{""601288.SH"": 7340.8088, ""601398.SH"": 5589.7674, ""601939.SH"": 4102.2805, ""601988.SH"": 6520.6155}",-0.01523952341,-0.03500201554,-0.01523367199
2025-01-14,equal-weight hold,143885.5708,143941.3635,328.20727,4,25.90793005,29.8848,99616,0,"{""601288.SH"": 7340.8088, ""601398.SH"": 5589.7674, ""601939.SH"": 4102.2805, ""601988.SH"": 6520.6155}",0.005924514343,-0.02928487114,0.005922204358
2025-01-15,equal-weight hold,144274.5946,144330.3874,328.20727,4,25.90793005,29.8848,99616,0,"{""601288.SH"": 7340.8088, ""601398.SH"": 5589.7674, ""601939.SH"": 4102.2805, ""601988.SH"": 6520.6155}",0.002703702899,-0.02666034583,0.002702654924
2025-01-16,equal-weight hold,145544.245,145600.0378,328.20727,4,25.90793005,29.8848,99616,0,"{""601288.SH"": 7340.8088, ""601398.SH"": 5589.7674, ""601939.SH"": 4102.2805, ""601988.SH"": 6520.6155}",0.008800235276,-0.01809472787,0.008796833434
2025-01-17,equal-weight hold,144098.0287,144153.8215,328.20727,4,25.90793005,29.8848,99616,0,"{""601288.SH"": 7340.8088, ""601398.SH"": 5589.7674, ""601939.SH"": 4102.2805, ""601988.SH"": 6520.6155}",-0.009936609247,-0.02785153688,-0.00993280162
2025-01-20,equal-weight hold,143114.867,143170.6598,328.20727,4,25.90793005,29.8848,99616,0,"{""601288.SH"": 7340.8088, ""601398.SH"": 5589.7674, ""601939.SH"": 4102.2805, ""601988.SH"": 6520.6155}",-0.006822867083,-0.03448437662,-0.006820226387
2025-01-21,equal-weight hold,142921.0261,142976.8188,328.20727,4,25.90793005,29.8848,99616,0,"{""601288.SH"": 7340.8088, ""601398.SH"": 5589.7674, ""601939.SH"": 4102.2805, ""601988.SH"": 6520.6155}",-0.001354443209,-0.0357921127,-0.00135391539
2025-01-22,equal-weight hold,140656.5974,140712.3901,328.20727,4,25.90793005,29.8848,99616,0,"{""601288.SH"": 7340.8088, ""601398.SH"": 5589.7674, ""601939.SH"": 4102.2805, ""601988.SH"": 6520.6155}",-0.01584391597,-0.05106894145,-0.01583773332
2025-01-23,equal-weight hold,144948.9826,145004.7753,328.20727,4,25.90793005,29.8848,99616,0,"{""601288.SH"": 7340.8088, ""601398.SH"": 5589.7674, ""601939.SH"": 4102.2805, ""601988.SH"": 6671.3827}",0.03051677121,-0.02211062944,0.03050467125
2025-01-24,equal-weight hold,144534.8542,144590.6469,328.20727,4,25.90793005,29.8848,99616,0,"{""601288.SH"": 7340.8088, ""601398.SH"": 5589.7674, ""601939.SH"": 4102.2805, ""601988.SH"": 6671.3827}",-0.002857063173,-0.02490452115,-0.002855963876
2025-01-27,equal-weight hold,147721.5064,147777.2991,328.20727,4,25.90793005,29.8848,99616,0,"{""601288.SH"": 7340.8088, ""601398.SH"": 5589.7674, ""601939.SH"": 4102.2805, ""601988.SH"": 6671.3827}",0.02204763858,-0.003405968452,0.02203913112
2025-02-05,equal-weight hold,144663.703,144719.4957,328.20727,4,25.90793005,29.8848,99616,0,"{""601288.SH"": 7340.8088, ""601398.SH"": 5589.7674, ""601939.SH"": 4102.2805, ""601988.SH"": 6671.3827}",-0.0206997847,-0.02403525034,-0.02069196958
2025-02-06,equal-weight hold,144292.776,144348.5688,328.20727,4,25.90793005,29.8848,99616,0,"{""601288.SH"": 7340.8088, ""601398.SH"": 5589.7674, ""601939.SH"": 4102.2805, ""601988.SH"": 6671.3827}",-0.002564063804,-0.02653768623,-0.002563075297
2025-02-07,equal-weight hold,143848.441,143904.2337,328.20727,4,25.90793005,29.8848,99616,0,"{""601288.SH"": 7340.8088, ""601398.SH"": 5589.7674, ""601939.SH"": 4102.2805, ""601988.SH"": 6671.3827}",-0.003079399154,-0.02953536526,-0.003078208923
2025-02-10,equal-weight hold,143669.9318,143725.7245,328.20727,4,25.90793005,29.8848,99616,0,"{""601288.SH"": 7340.8088, ""601398.SH"": 5589.7674, ""601939.SH"": 4102.2805, ""601988.SH"": 6671.3827}",-0.001240953152,-0.0307396664,-0.001240472026
2025-02-11,equal-weight hold,147092.5832,147148.3759,328.20727,4,25.90793005,29.8848,99616,0,"{""601288.SH"": 7340.8088, ""601398.SH"": 5589.7674, ""601939.SH"": 4102.2805, ""601988.SH"": 6671.3827}",0.02382301797,-0.00764896006,0.02381377014
2025-02-12,equal-weight hold,148426.713,148482.5057,328.20727,4,25.90793005,29.8848,99616,0,"{""601288.SH"": 7340.8088, ""601398.SH"": 5589.7674, ""601939.SH"": 4102.2805, ""601988.SH"": 6671.3827}",0.009070000375,0,0.009066561396
2025-02-13,equal-weight hold,149180.743,149236.5358,328.20727,4,25.90793005,29.8848,99616,0,"{""601288.SH"": 7340.8088, ""601398.SH"": 5589.7674, ""601939.SH"": 4102.2805, ""601988.SH"": 6671.3827}",0.005080150748,0,0.005078241867
2025-02-14,equal-weight hold,149674.4537,149730.2464,328.20727,4,25.90793005,29.8848,99616,0,"{""601288.SH"": 7340.8088, ""601398.SH"": 5589.7674, ""601939.SH"": 4102.2805, ""601988.SH"": 6671.3827}",0.00330947981,0,0.003308242547
2025-02-17,equal-weight hold,149845.0808,149900.8735,328.20727,4,25.90793005,29.8848,99616,0,"{""601288.SH"": 7340.8088, ""601398.SH"": 5589.7674, ""601939.SH"": 4102.2805, ""601988.SH"": 6671.3827}",0.001139988206,0,0.001139563422
2025-02-18,equal-weight hold,152026.5166,152082.3093,328.20727,4,25.90793005,29.8848,99616,0,"{""601288.SH"": 7340.8088, ""601398.SH"": 5589.7674, ""601939.SH"": 4102.2805, ""601988.SH"": 6671.3827}",0.01455794053,0,0.0145525221
2025-02-19,equal-weight hold,151186.0836,151241.8764,328.20727,4,25.90793005,29.8848,99616,0,"{""601288.SH"": 7340.8088, ""601398.SH"": 5589.7674, ""601939.SH"": 4102.2805, ""601988.SH"": 6671.3827}",-0.00552819973,-0.00552819973,-0.005526171661
2025-02-20,equal-weight hold,151634.0205,151689.8132,328.20727,4,25.90793005,29.8848,99616,0,"{""601288.SH"": 7340.8088, ""601398.SH"": 5589.7674, ""601939.SH"": 4102.2805, ""601988.SH"": 6671.3827}",0.002962818027,-0.002581760753,0.002961725051
2025-02-21,equal-weight hold,148960.1389,149015.9316,328.20727,4,25.90793005,29.8848,99616,0,"{""601288.SH"": 7340.8088, ""601398.SH"": 5589.7674, ""601939.SH"": 4102.2805, ""601988.SH"": 6671.3827}",-0.01763378444,-0.02017001898,-0.01762729859
2025-02-24,equal-weight hold,147863.2098,147919.0026,328.20727,4,25.90793005,29.8848,99616,0,"{""601288.SH"": 7340.8088, ""601398.SH"": 5589.7674, ""601939.SH"": 4102.2805, ""601988.SH"": 6671.3827}",-0.007363909752,-0.02738539853,-0.007361152646
2025-02-25,equal-weight hold,146813.541,146869.3337,328.20727,4,25.90793005,29.8848,99616,0,"{""601288.SH"": 7340.8088, ""601398.SH"": 5589.7674, ""601939.SH"": 4102.2805, ""601988.SH"": 6671.3827}",-0.007098918445,-0.03428991026,-0.007096240845
2025-02-26,equal-weight hold,147496.4048,147552.1975,328.20727,4,25.90793005,29.8848,99616,0,"{""601288.SH"": 7340.8088, ""601398.SH"": 5589.7674, ""601939.SH"": 4102.2805, ""601988.SH"": 6671.3827}",0.004651231701,-0.02979816888,0.004649464791
2025-02-27,equal-weight hold,148367.0444,148422.8371,328.20727,4,25.90793005,29.8848,99616,0,"{""601288.SH"": 7340.8088, ""601398.SH"": 5589.7674, ""601939.SH"": 4102.2805, ""601988.SH"": 6671.3827}",0.005902785235,-0.02407127584,0.005900553262
2025-02-28,equal-weight hold,147324.1329,147379.9257,328.20727,4,25.90793005,29.8848,99616,0,"{""601288.SH"": 7340.8088, ""601398.SH"": 5589.7674, ""601939.SH"": 4102.2805, ""601988.SH"": 6671.3827}",-0.007029266068,-0.0309313385,-0.007026623739
2025-03-03,equal-weight hold,147157.9263,147213.719,328.20727,4,25.90793005,29.8848,99616,0,"{""601288.SH"": 7340.8088, ""601398.SH"": 5589.7674, ""601939.SH"": 4102.2805, ""601988.SH"": 6671.3827}",-0.001128170054,-0.03202461275,-0.00112774297
2025-03-04,equal-weight hold,146074.4489,146130.2417,328.20727,4,25.90793005,29.8848,99616,0,"{""601288.SH"": 7340.8088, ""601398.SH"": 5589.7674, ""601939.SH"": 4102.2805, ""601988.SH"": 6671.3827}",-0.007362684085,-0.03915150973,-0.007359893691
2025-03-05,equal-weight hold,148544.6505,148600.4432,328.20727,4,25.90793005,29.8848,99616,0,"{""601288.SH"": 7340.8088, ""601398.SH"": 5589.7674, ""601939.SH"": 4102.2805, ""601988.SH"": 6671.3827}",0.01691056541,-0.02290301848,0.01690410893
2025-03-06,equal-weight hold,147302.627,147358.4197,328.20727,4,25.90793005,29.8848,99616,0,"{""601288.SH"": 7340.8088, ""601398.SH"": 5589.7674, ""601939.SH"": 4102.2805, ""601988.SH"": 6671.3827}",-0.008361280432,-0.03107280036,-0.00835814115
2025-03-07,equal-weight hold,146738.316,146794.1087,328.20727,4,25.90793005,29.8848,99616,0,"{""601288.SH"": 7340.8088, ""601398.SH"": 5589.7674, ""601939.SH"": 4102.2805, ""601988.SH"": 6671.3827}",-0.003830963652,-0.03478472524,-0.003829513176
2025-03-10,equal-weight hold,145637.3282,145693.121,328.20727,4,25.90793005,29.8848,99616,0,"{""601288.SH"": 7340.8088, ""601398.SH"": 5589.7674, ""601939.SH"": 4102.2805, ""601988.SH"": 6671.3827}",-0.007503069173,-0.04202680221,-0.007500217446
2025-03-11,equal-weight hold,146378.6621,146434.4548,328.20727,4,25.90793005,29.8848,99616,0,"{""601288.SH"": 7340.8088, ""601398.SH"": 5589.7674, ""601939.SH"": 4102.2805, ""601988.SH"": 6671.3827}",0.005090273537,-0.03715045659,0.005088324233
2025-03-12,equal-weight hold,145185.2695,145241.0622,328.20727,4,25.90793005,29.8848,99616,0,"{""601288.SH"": 7340.8088, ""601398.SH"": 5589.7674, ""601939.SH"": 4102.2805, ""601988.SH"": 6671.3827}",-0.008152776967,-0.04500035417,-0.008149670692
2025-03-13,equal-weight hold,145502.4142,145558.207,328.20727,4,25.90793005,29.8848,99616,0,"{""601288.SH"": 7340.8088, ""601398.SH"": 5589.7674, ""601939.SH"": 4102.2805, ""601988.SH"": 6671.3827}",0.002184414056,-0.04291423952,0.002183574938
2025-03-14,equal-weight hold,145969.8048,146025.5975,328.20727,4,25.90793005,29.8848,99616,0,"{""601288.SH"": 7340.8088, ""601398.SH"": 5589.7674, ""601939.SH"": 4102.2805, ""601988.SH"": 6671.3827}",0.003212252748,-0.03983983816,0.003211021486
2025-03-17,equal-weight hold,146870.651,146926.4437,328.20727,4,25.90793005,29.8848,99616,0,"{""601288.SH"": 7340.8088, ""601398.SH"": 5589.7674, ""601939.SH"": 4102.2805, ""601988.SH"": 6671.3827}",0.006171456173,-0.0339142518,0.006169098214
2025-03-18,equal-weight hold,146618.2768,146674.0696,328.20727,4,25.90793005,29.8848,99616,0,"{""601288.SH"": 7340.8088, ""601398.SH"": 5589.7674, ""601939.SH"": 4102.2805, ""601988.SH"": 6671.3827}",-0.00171834316,-0.03557431864,-0.001717690649
2025-03-19,equal-weight hold,148105.0664,148160.8591,328.20727,4,25.90793005,29.8848,99616,0,"{""601288.SH"": 7340.8088, ""601398.SH"": 5589.7674, ""601939.SH"": 4102.2805, ""601988.SH"": 6671.3827}",0.01014054728,-0.02579451442,0.01013668996
2025-03-20,equal-weight hold,147486.3441,147542.1368,328.20727,4,25.90793005,29.8848,99616,0,"{""601288.SH"": 7340.8088, ""601398.SH"": 5589.7674, ""601939.SH"": 4102.2805, ""601988.SH"": 6671.3827}",-0.004177590619,-0.02986434612,-0.00417601747
2025-03-21,equal-weight hold,146066.7252,146122.518,328.20727,4,25.90793005,29.8848,99616,0,"{""601288.SH"": 7340.8088, ""601398.SH"": 5589.7674, ""601939.SH"": 4102.2805, ""601988.SH"": 6671.3827}",-0.009625425565,-0.03920231464,-0.009621785732
2025-03-24,equal-weight hold,147405.2123,147461.005,328.20727,4,25.90793005,29.8848,99616,0,"{""601288.SH"": 7340.8088, ""601398.SH"": 5589.7674, ""601939.SH"": 4102.2805, ""601988.SH"": 6671.3827}",0.009163531546,-0.03039801474,0.009160032712
2025-03-25,equal-weight hold,148613.9998,148669.7926,328.20727,4,25.90793005,29.8848,99616,0,"{""601288.SH"": 7340.8088, ""601398.SH"": 5589.7674, ""601939.SH"": 4102.2805, ""601988.SH"": 6671.3827}",0.008200439631,-0.02244685219,0.008197336947
2025-03-26,equal-weight hold,148109.2515,148165.0442,328.20727,4,25.90793005,29.8848,99616,0,"{""601288.SH"": 7340.8088, ""601398.SH"": 5589.7674, ""601939.SH"": 4102.2805, ""601988.SH"": 6671.3827}",-0.003396371524,-0.02576698587,-0.003395096936
2025-03-27,equal-weight hold,148830.5025,148886.2953,328.20727,4,25.90793005,29.8848,99616,0,"{""601288.SH"": 7340.8088, ""601398.SH"": 5589.7674, ""601939.SH"": 4102.2805, ""601988.SH"": 6671.3827}",0.004869723192,-0.02102274077,0.004867889459
2025-03-28,equal-weight hold,147867.9674,147923.7602,328.20727,4,25.90793005,29.8848,99616,0,"{""601288.SH"": 7340.8088, ""601398.SH"": 5589.7674, ""601939.SH"": 4102.2805, ""601988.SH"": 6671.3827}",-0.006467324176,-0.02735410406,-0.006464900651
2025-03-31,equal-weight hold,150449.975,150505.7678,328.20727,4,25.90793005,29.8848,99616,0,"{""601288.SH"": 7340.8088, ""601398.SH"": 5589.7674, ""601939.SH"": 4102.2805, ""601988.SH"": 6671.3827}",0.01746157512,-0.01037017469,0.0174549891
2025-04-01,equal-weight hold,148389.78,148445.5728,328.20727,4,25.90793005,29.8848,99616,0,"{""601288.SH"": 7340.8088, ""601398.SH"": 5589.7674, ""601939.SH"": 4102.2805, ""601988.SH"": 6671.3827}",-0.01369355505,-0.02392172518,-0.01368847883
2025-04-02,equal-weight hold,149840.1256,149895.9183,328.20727,4,25.90793005,29.8848,99616,0,"{""601288.SH"": 7340.8088, ""601398.SH"": 5589.7674, ""601939.SH"": 4102.2805, ""601988.SH"": 6671.3827}",0.009773891234,-0.01438164229,0.009770217752
2025-04-03,equal-weight hold,151513.0956,151568.8883,328.20727,4,25.90793005,29.8848,99616,0,"{""601288.SH"": 7340.8088, ""601398.SH"": 5589.7674, ""601939.SH"": 4102.2805, ""601988.SH"": 6671.3827}",0.01116503343,-0.003377180379,0.01116087769
2025-04-07,equal-weight hold,147759.8767,147815.6695,328.20727,4,25.90793005,29.8848,99616,0,"{""601288.SH"": 7340.8088, ""601398.SH"": 5589.7674, ""601939.SH"": 4102.2805, ""601988.SH"": 6671.3827}",-0.02477158062,-0.02806510291,-0.02476246217
2025-04-08,equal-weight hold,149251.8742,149307.667,328.20727,4,25.90793005,29.8848,99616,0,"{""601288.SH"": 7340.8088, ""601398.SH"": 5589.7674, ""601939.SH"": 4102.2805, ""601988.SH"": 6671.3827}",0.01009744671,-0.01825104208,0.01009363545
2025-04-09,equal-weight hold,147822.184,147877.9767,328.20727,4,25.90793005,29.8848,99616,0,"{""601288.SH"": 7340.8088, ""601398.SH"": 5589.7674, ""601939.SH"": 4102.2805, ""601988.SH"": 6671.3827}",-0.009579043996,-0.02765525854,-0.009575464534
2025-04-10,equal-weight hold,147096.4173,147152.21,328.20727,4,25.90793005,29.8848,99616,0,"{""601288.SH"": 7340.8088, ""601398.SH"": 5589.7674, ""601939.SH"": 4102.2805, ""601988.SH"": 6671.3827}",-0.004909727807,-0.03242920656,-0.004907875421
2025-04-11,equal-weight hold,148214.9154,148270.7081,328.20727,4,25.90793005,29.8848,99616,0,"{""601288.SH"": 7340.8088, ""601398.SH"": 5589.7674, ""601939.SH"": 4102.2805, ""601988.SH"": 6671.3827}",0.007603843583,-0.02507194959,0.007600960587
2025-04-14,equal-weight hold,149947.8418,150003.6346,328.20727,4,25.90793005,29.8848,99616,0,"{""601288.SH"": 7340.8088, ""601398.SH"": 5589.7674, ""601939.SH"": 4102.2805, ""601988.SH"": 6671.3827}",0.01169198388,-0.01367310654,0.0116875843
2025-04-15,equal-weight hold,152204.0702,152259.863,328.20727,4,25.90793005,29.8848,99616,0,"{""601288.SH"": 7340.8088, ""601398.SH"": 5589.7674, ""601939.SH"": 4102.2805, ""601988.SH"": 6671.3827}",0.01504675492,0,0.01504115839
2025-04-16,equal-weight hold,154179.8195,154235.6122,328.20727,4,25.90793005,29.8848,99616,0,"{""601288.SH"": 7340.8088, ""601398.SH"": 5589.7674, ""601939.SH"": 4102.2805, ""601988.SH"": 6671.3827}",0.01298092242,0,0.01297616581
2025-04-17,equal-weight hold,154164.9446,154220.7373,328.20727,4,25.90793005,29.8848,99616,0,"{""601288.SH"": 7340.8088, ""601398.SH"": 5589.7674, ""601939.SH"": 4102.2805, ""601988.SH"": 6671.3827}",-9.647740566e-05,-9.647740566e-05,-9.644250622e-05
2025-04-18,equal-weight hold,155742.811,155798.6038,328.20727,4,25.90793005,29.8848,99616,0,"{""601288.SH"": 7340.8088, ""601398.SH"": 5589.7674, ""601939.SH"": 4102.2805, ""601988.SH"": 6671.3827}",0.01023492367,0,0.01023122096
2025-04-21,equal-weight hold,153964.8031,154020.5959,328.20727,4,25.90793005,29.8848,99616,0,"{""601288.SH"": 7340.8088, ""601398.SH"": 5589.7674, ""601939.SH"": 4102.2805, ""601988.SH"": 6671.3827}",-0.01141630815,-0.01141630815,-0.01141221988
2025-04-22,equal-weight hold,156596.4741,156652.2669,328.20727,4,25.90793005,29.8848,99616,0,"{""601288.SH"": 7340.8088, ""601398.SH"": 5589.7674, ""601939.SH"": 4102.2805, ""601988.SH"": 6671.3827}",0.01709267942,0,0.01708648773
2025-04-23,equal-weight hold,155805.48,155861.2727,328.20727,4,25.90793005,29.8848,99616,0,"{""601288.SH"": 7340.8088, ""601398.SH"": 5589.7674, ""601939.SH"": 4102.2805, ""601988.SH"": 6671.3827}",-0.005051162044,-0.005051162044,-0.005049363039
2025-04-24,equal-weight hold,158755.5467,158811.3395,328.20727,4,25.90793005,29.8848,99616,0,"{""601288.SH"": 7340.8088, ""601398.SH"": 5589.7674, ""601939.SH"": 4102.2805, ""601988.SH"": 6671.3827}",0.01893429387,0,0.01892751608
2025-04-25,equal-weight hold,157707.9687,157763.7614,328.20727,4,25.90793005,29.8848,99616,0,"{""601288.SH"": 7340.8088, ""601398.SH"": 5589.7674, ""601939.SH"": 4102.2805, ""601988.SH"": 6811.6688}",-0.006598686158,-0.006598686158,-0.006596367944
2025-04-28,equal-weight hold,159674.5926,159730.3853,328.20727,4,25.90793005,29.8848,99616,0,"{""601288.SH"": 7340.8088, ""601398.SH"": 5589.7674, ""601939.SH"": 4102.2805, ""601988.SH"": 6811.6688}",0.01247003483,0,0.01246562483
2025-04-29,equal-weight hold,159224.7959,159280.5887,328.20727,4,25.90793005,29.8848,99616,0,"{""601288.SH"": 7340.8088, ""601398.SH"": 5589.7674, ""601939.SH"": 4102.2805, ""601988.SH"": 6811.6688}",-0.002816958052,-0.002816958052,-0.002815974108
2025-04-30,equal-weight hold,154134.851,154190.6438,328.20727,4,25.90793005,29.8848,99616,0,"{""601288.SH"": 7340.8088, ""601398.SH"": 5589.7674, ""601939.SH"": 4102.2805, ""601988.SH"": 6811.6688}",-0.03196703669,-0.03469394494,-0.03195583929
2025-05-06,equal-weight hold,153360.0361,153415.8288,328.20727,4,25.90793005,29.8848,99616,0,"{""601288.SH"": 7340.8088, ""601398.SH"": 5589.7674, ""601939.SH"": 4102.2805, ""601988.SH"": 6811.6688}",-0.005026863998,-0.0395464072,-0.005025045065
2025-05-07,equal-weight hold,156297.898,156353.6907,328.20727,4,25.90793005,29.8848,99616,0,"{""601288.SH"": 7340.8088, ""601398.SH"": 5589.7674, ""601939.SH"": 4102.2805, ""601988.SH"": 6811.6688}",0.01915663292,-0.02114735028,0.01914966623
2025-05-08,equal-weight hold,156343.0309,156398.8236,328.20727,4,25.90793005,29.8848,99616,0,"{""601288.SH"": 7340.8088, ""601398.SH"": 5589.7674, ""601939.SH"": 4102.2805, ""601988.SH"": 6811.6688}",0.0002887619833,-0.02086469485,0.0002886589425
2025-05-09,equal-weight hold,158121.1142,158176.9069,328.20727,4,25.90793005,29.8848,99616,0,"{""601288.SH"": 7340.8088, ""601398.SH"": 5589.7674, ""601939.SH"": 4197.0226, ""601988.SH"": 6811.6688}",0.01137296167,-0.009729026552,0.01136890455
2025-05-12,equal-weight hold,157708.5997,157764.3924,328.20727,4,25.90793005,29.8848,99616,0,"{""601288.SH"": 7340.8088, ""601398.SH"": 5589.7674, ""601939.SH"": 4197.0226, ""601988.SH"": 6811.6688}",-0.002608851759,-0.01231249672,-0.002607931555
2025-05-13,equal-weight hold,159557.5711,159613.3639,328.20727,4,25.90793005,29.8848,99616,0,"{""601288.SH"": 7340.8088, ""601398.SH"": 5589.7674, ""601939.SH"": 4197.0226, ""601988.SH"": 6811.6688}",0.01172397372,-0.0007328743956,0.01171982758
2025-05-14,equal-weight hold,159657.1257,159712.9184,328.20727,4,25.90793005,29.8848,99616,0,"{""601288.SH"": 7340.8088, ""601398.SH"": 5589.7674, ""601939.SH"": 4197.0226, ""601988.SH"": 6811.6688}",0.0006239412474,-0.0001093904188,0.0006237231492
2025-05-15,equal-weight hold,159875.4754,159931.2681,328.20727,4,25.90793005,29.8848,99616,0,"{""601288.SH"": 7340.8088, ""601398.SH"": 5589.7674, ""601939.SH"": 4197.0226, ""601988.SH"": 6811.6688}",0.001367616582,0,0.001367138831
2025-05-16,equal-weight hold,158264.4265,158320.2192,328.20727,4,25.90793005,29.8848,99616,0,"{""601288.SH"": 7340.8088, ""601398.SH"": 5589.7674, ""601939.SH"": 4197.0226, ""601988.SH"": 6811.6688}",-0.01007689837,-0.01007689837,-0.010073383
2025-05-19,equal-weight hold,157600.4377,157656.2304,328.20727,4,25.90793005,29.8848,99616,0,"{""601288.SH"": 7340.8088, ""601398.SH"": 5589.7674, ""601939.SH"": 4197.0226, ""601988.SH"": 6811.6688}",-0.004195439273,-0.01423006063,-0.004193960782
2025-05-20,equal-weight hold,157729.7435,157785.5362,328.20727,4,25.90793005,29.8848,99616,0,"{""601288.SH"": 7340.8088, ""601398.SH"": 5589.7674, ""601939.SH"": 4197.0226, ""601988.SH"": 6811.6688}",0.0008204657561,-0.01342127015,0.0008201754027
2025-05-21,equal-weight hold,157969.1361,158024.9289,328.20727,4,25.90793005,29.8848,99616,0,"{""601288.SH"": 7340.8088, ""601398.SH"": 5589.7674, ""601939.SH"": 4197.0226, ""601988.SH"": 6811.6688}",0.001517739594,-0.01192390055,0.001517202924
2025-05-22,equal-weight hold,158145.6818,158201.4745,328.20727,4,25.90793005,29.8848,99616,0,"{""601288.SH"": 7340.8088, ""601398.SH"": 5589.7674, ""601939.SH"": 4197.0226, ""601988.SH"": 6811.6688}",0.001117595547,-0.0108196311,0.001117200965
2025-05-23,equal-weight hold,156621.8023,156677.595,328.20727,4,25.90793005,29.8848,99616,0,"{""601288.SH"": 7340.8088, ""601398.SH"": 5589.7674, ""601939.SH"": 4197.0226, ""601988.SH"": 6811.6688}",-0.009635922158,-0.02035129614,-0.009632523869
2025-05-26,equal-weight hold,155583.8959,155639.6886,328.20727,4,25.90793005,29.8848,99616,0,"{""601288.SH"": 7340.8088, ""601398.SH"": 5589.7674, ""601939.SH"": 4197.0226, ""601988.SH"": 6811.6688}",-0.006626832246,-0.02684326376,-0.006624472438
2025-05-27,equal-weight hold,156326.5119,156382.3047,328.20727,4,25.90793005,29.8848,99616,0,"{""601288.SH"": 7340.8088, ""601398.SH"": 5589.7674, ""601939.SH"": 4197.0226, ""601988.SH"": 6811.6688}",0.004773090777,-0.02219829832,0.00477137975
2025-05-28,equal-weight hold,155908.9156,155964.7084,328.20727,4,25.90793005,29.8848,99616,0,"{""601288.SH"": 7340.8088, ""601398.SH"": 5589.7674, ""601939.SH"": 4197.0226, ""601988.SH"": 6811.6688}",-0.002671308114,-0.02481030794,-0.002670355068
2025-05-29,equal-weight hold,155475.4956,155531.2883,328.20727,4,25.90793005,29.8848,99616,0,"{""601288.SH"": 7340.8088, ""601398.SH"": 5589.7674, ""601939.SH"": 4197.0226, ""601988.SH"": 6811.6688}",-0.00277995676,-0.02752129311,-0.002778962295
2025-05-30,equal-weight hold,155942.0619,155997.8547,328.20727,4,25.90793005,29.8848,99616,0,"{""601288.SH"": 7340.8088, ""601398.SH"": 5589.7674, ""601939.SH"": 4197.0226, ""601988.SH"": 6811.6688}",0.003000899518,-0.02460298223,0.002999823025
2025-06-03,equal-weight hold,156585.1957,156640.9884,328.20727,4,25.90793005,29.8848,99616,0,"{""601288.SH"": 7340.8088, ""601398.SH"": 5589.7674, ""601939.SH"": 4197.0226, ""601988.SH"": 6811.6688}",0.004124183815,-0.02058026564,0.004122708798
2025-06-04,equal-weight hold,156071.4181,156127.2109,328.20727,4,25.90793005,29.8848,99616,0,"{""601288.SH"": 7340.8088, ""601398.SH"": 5589.7674, ""601939.SH"": 4197.0226, ""601988.SH"": 6811.6688}",-0.003281137332,-0.02379387629,-0.003279968649
2025-06-05,equal-weight hold,155880.9955,155936.7882,328.20727,4,25.90793005,29.8848,99616,0,"{""601288.SH"": 7340.8088, ""601398.SH"": 5589.7674, ""601939.SH"": 4197.0226, ""601988.SH"": 6811.6688}",-0.001220099228,-0.02498494463,-0.001219663221
2025-06-06,equal-weight hold,156094.2922,156150.0849,328.20727,4,25.90793005,29.8848,99616,0,"{""601288.SH"": 7340.8088, ""601398.SH"": 5589.7674, ""601939.SH"": 4197.0226, ""601988.SH"": 6811.6688}",0.001368330042,-0.02365080224,0.001367840467
2025-06-09,equal-weight hold,155531.5664,155587.3591,328.20727,4,25.90793005,29.8848,99616,0,"{""601288.SH"": 7340.8088, ""601398.SH"": 5589.7674, ""601939.SH"": 4197.0226, ""601988.SH"": 6811.6688}",-0.003605037689,-0.02717057789,-0.003603749602
2025-06-10,equal-weight hold,156041.7896,156097.5823,328.20727,4,25.90793005,29.8848,99616,0,"{""601288.SH"": 7340.8088, ""601398.SH"": 5589.7674, ""601939.SH"": 4197.0226, ""601988.SH"": 6811.6688}",0.003280512293,-0.02397919901,0.00327933592
2025-06-11,equal-weight hold,155807.5004,155863.2931,328.20727,4,25.90793005,29.8848,99616,0,"{""601288.SH"": 7340.8088, ""601398.SH"": 5589.7674, ""601939.SH"": 4197.0226, ""601988.SH"": 6811.6688}",-0.001501451372,-0.02544464678,-0.00150091472
2025-06-12,equal-weight hold,155699.1002,155754.8929,328.20727,4,25.90793005,29.8848,99616,0,"{""601288.SH"": 7340.8088, ""601398.SH"": 5589.7674, ""601939.SH"": 4197.0226, ""601988.SH"": 6811.6688}",-0.000695732009,-0.02612267614,-0.0006954829652
2025-06-13,equal-weight hold,154628.1197,154683.9124,328.20727,4,25.90793005,29.8848,99616,0,"{""601288.SH"": 7340.8088, ""601398.SH"": 5589.7674, ""601939.SH"": 4197.0226, ""601988.SH"": 6811.6688}",-0.006878527141,-0.03282151774,-0.006876063194
2025-06-16,equal-weight hold,155987.8822,156043.675,328.20727,4,25.90793005,29.8848,99616,0,"{""601288.SH"": 7340.8088, ""601398.SH"": 5589.7674, ""601939.SH"": 4197.0226, ""601988.SH"": 6811.6688}",0.008793759889,-0.0243163824,0.00879058808
2025-06-17,equal-weight hold,156244.8071,156300.5998,328.20727,4,25.90793005,29.8848,99616,0,"{""601288.SH"": 7340.8088, ""601398.SH"": 5589.7674, ""601939.SH"": 4197.0226, ""601988.SH"": 6811.6688}",0.001647082271,-0.02270935121,0.001646493364
2025-06-18,equal-weight hold,159077.5828,159133.3755,328.20727,4,25.90793005,29.8848,99616,0,"{""601288.SH"": 7340.8088, ""601398.SH"": 5589.7674, ""601939.SH"": 4197.0226, ""601988.SH"": 6811.6688}",0.01813036678,-0.004990713302,0.018123895
2025-06-19,equal-weight hold,159702.946,159758.7387,328.20727,4,25.90793005,29.8848,99616,0,"{""601288.SH"": 7340.8088, ""601398.SH"": 5589.7674, ""601939.SH"": 4197.0226, ""601988.SH"": 6811.6688}",0.003931183781,-0.001079148931,0.003929805494
2025-06-20,equal-weight hold,161032.7694,161088.5622,328.20727,4,25.90793005,29.8848,99616,0,"{""601288.SH"": 7340.8088, ""601398.SH"": 5589.7674, ""601939.SH"": 4197.0226, ""601988.SH"": 6811.6688}",0.008326856179,0,0.008323948181
2025-06-23,equal-weight hold,163816.5316,163872.3243,328.20727,4,25.90793005,29.8848,99616,0,"{""601288.SH"": 7340.8088, ""601398.SH"": 5589.7674, ""601939.SH"": 4197.0226, ""601988.SH"": 6811.6688}",0.01728692965,0,0.01728094235
2025-06-24,equal-weight hold,165411.7567,165467.5495,328.20727,4,25.90793005,29.8848,99616,0,"{""601288.SH"": 7340.8088, ""601398.SH"": 5589.7674, ""601939.SH"": 4197.0226, ""601988.SH"": 6811.6688}",0.009737876505,0,0.009734561103
2025-06-25,equal-weight hold,166778.2877,166834.0804,328.20727,4,25.90793005,29.8848,99616,0,"{""601288.SH"": 7340.8088, ""601398.SH"": 5589.7674, ""601939.SH"": 4197.0226, ""601988.SH"": 6811.6688}",0.008261389429,0,0.008258603835
2025-06-26,equal-weight hold,167786.5151,167842.3078,328.20727,4,25.90793005,29.8848,99616,0,"{""601288.SH"": 7340.8088, ""601398.SH"": 5589.7674, ""601939.SH"": 4197.0226, ""601988.SH"": 6811.6688}",0.006045315795,0,0.006043294118
2025-06-27,equal-weight hold,162886.8662,162942.6589,328.20727,4,25.90793005,29.8848,99616,0,"{""601288.SH"": 7340.8088, ""601398.SH"": 5589.7674, ""601939.SH"": 4197.0226, ""601988.SH"": 6811.6688}",-0.02920168455,-0.02920168455,-0.02919197758
2025-06-30,equal-weight hold,163819.9702,163875.763,328.20727,4,25.90793005,29.8848,99616,0,"{""601288.SH"": 7340.8088, ""601398.SH"": 5589.7674, ""601939.SH"": 4197.0226, ""601988.SH"": 6811.6688}",0.005728540624,-0.02364042697,0.00572657913
2025-07-01,equal-weight hold,166136.0648,166191.8576,328.20727,4,25.90793005,29.8848,99616,0,"{""601288.SH"": 7340.8088, ""601398.SH"": 5589.7674, ""601939.SH"": 4197.0226, ""601988.SH"": 6811.6688}",0.01413804797,-0.009836608488,0.01413323456
2025-07-02,equal-weight hold,166604.5275,166660.3202,328.20727,4,25.90793005,29.8848,99616,0,"{""601288.SH"": 7340.8088, ""601398.SH"": 5589.7674, ""601939.SH"": 4197.0226, ""601988.SH"": 6811.6688}",0.002819752931,-0.007044592363,0.002818806304
2025-07-03,equal-weight hold,165620.6007,165676.3934,328.20727,4,25.90793005,29.8848,99616,0,"{""601288.SH"": 7340.8088, ""601398.SH"": 5589.7674, ""601939.SH"": 4197.0226, ""601988.SH"": 6811.6688}",-0.005905762893,-0.01290875156,-0.005903785826
2025-07-04,equal-weight hold,167871.316,167927.1087,328.20727,4,25.90793005,29.8848,99616,0,"{""601288.SH"": 7340.8088, ""601398.SH"": 5589.7674, ""601939.SH"": 4197.0226, ""601988.SH"": 6811.6688}",0.01358958568,0,0.01358500929
2025-07-07,equal-weight hold,168121.06,168176.8528,328.20727,4,25.90793005,29.8848,99616,0,"{""601288.SH"": 7340.8088, ""601398.SH"": 5589.7674, ""601939.SH"": 4197.0226, ""601988.SH"": 6811.6688}",0.001487711125,0,0.001487216842
2025-07-08,equal-weight hold,168404.1818,168459.9745,328.20727,4,25.90793005,29.8848,99616,0,"{""601288.SH"": 7340.8088, ""601398.SH"": 5589.7674, ""601939.SH"": 4197.0226, ""601988.SH"": 6811.6688}",0.001684035134,0,0.001683476454
2025-07-09,equal-weight hold,170307.1042,170362.8969,328.20727,4,25.90793005,29.8848,99616,0,"{""601288.SH"": 7340.8088, ""601398.SH"": 5589.7674, ""601939.SH"": 4197.0226, ""601988.SH"": 6811.6688}",0.01129973366,0,0.01129599127
2025-07-10,equal-weight hold,172882.5576,172938.3503,328.20727,4,25.90793005,29.8848,99616,0,"{""601288.SH"": 7340.8088, ""601398.SH"": 5589.7674, ""601939.SH"": 4197.0226, ""601988.SH"": 6811.6688}",0.01512240711,0,0.01511745462
2025-07-11,equal-weight hold,171175.5223,171231.315,328.20727,4,25.90793005,29.8848,99616,0,"{""601288.SH"": 7340.8088, ""601398.SH"": 5589.7674, ""601939.SH"": 4197.0226, ""601988.SH"": 6811.6688}",-0.009873959065,-0.009873959065,-0.009870773565
2025-07-14,equal-weight hold,172051.7463,172107.539,328.20727,4,25.90793005,29.8848,99616,0,"{""601288.SH"": 7340.8088, ""601398.SH"": 5703.7209, ""601939.SH"": 4197.0226, ""601988.SH"": 6811.6688}",0.005118862685,-0.004805639821,0.005117194793
2025-07-15,equal-weight hold,170822.182,170877.9747,328.20727,4,25.90793005,29.8848,99616,0,"{""601288.SH"": 7340.8088, ""601398.SH"": 5703.7209, ""601939.SH"": 4197.0226, ""601988.SH"": 6811.6688}",-0.007146479642,-0.01191777606,-0.007144162941
2025-07-16,equal-weight hold,170680.6067,170736.3995,328.20727,4,25.90793005,29.8848,99616,0,"{""601288.SH"": 7340.8088, ""601398.SH"": 5703.7209, ""601939.SH"": 4197.0226, ""601988.SH"": 6811.6688}",-0.0008287870405,-0.0127366858,-0.0008285164364
2025-07-17,equal-weight hold,169645.5749,169701.3677,328.20727,4,25.90793005,29.8848,99616,0,"{""601288.SH"": 7495.6166, ""601398.SH"": 5703.7209, ""601939.SH"": 4197.0226, ""601988.SH"": 6811.6688}",-0.006064144255,-0.01872359295,-0.006062162632
2025-07-18,equal-weight hold,170570.4882,170626.2809,328.20727,4,25.90793005,29.8848,99616,0,"{""601288.SH"": 7495.6166, ""601398.SH"": 5703.7209, ""601939.SH"": 4197.0226, ""601988.SH"": 6811.6688}",0.005452033084,-0.01337364152,0.005450240619
2025-07-21,equal-weight hold,169296.1605,169351.9532,328.20727,4,25.90793005,29.8848,99616,0,"{""601288.SH"": 7495.6166, ""601398.SH"": 5703.7209, ""601939.SH"": 4197.0226, ""601988.SH"": 6811.6688}",-0.007470974406,-0.02074470179,-0.007468531488
2025-07-22,equal-weight hold,166986.7829,167042.5756,328.20727,4,25.90793005,29.8848,99616,0,"{""601288.SH"": 7495.6166, ""601398.SH"": 5703.7209, ""601939.SH"": 4197.0226, ""601988.SH"": 6811.6688}",-0.01364105107,-0.03410277332,-0.01363655705
2025-07-23,equal-weight hold,169030.6864,169086.4792,328.20727,4,25.90793005,29.8848,99616,0,"{""601288.SH"": 7495.6166, ""601398.SH"": 5703.7209, ""601939.SH"": 4197.0226, ""601988.SH"": 6811.6688}",0.01223991218,-0.02228027609,0.01223582401
2025-07-24,equal-weight hold,167105.074,167160.8667,328.20727,4,25.90793005,29.8848,99616,0,"{""601288.SH"": 7495.6166, ""601398.SH"": 5703.7209, ""601939.SH"": 4197.0226, ""601988.SH"": 6811.6688}",-0.011392088,-0.03341854523,-0.011388329
2025-07-25,equal-weight hold,166282.6777,166338.4704,328.20727,4,25.90793005,29.8848,99616,0,"{""601288.SH"": 7495.6166, ""601398.SH"": 5703.7209, ""601939.SH"": 4197.0226, ""601988.SH"": 6811.6688}",-0.004921432434,-0.03817551055,-0.004919789824
2025-07-28,equal-weight hold,166441.5743,166497.367,328.20727,4,25.90793005,29.8848,99616,0,"{""601288.SH"": 7495.6166, ""601398.SH"": 5703.7209, ""601939.SH"": 4197.0226, ""601988.SH"": 6811.6688}",0.0009555813057,-0.03725640905,0.0009552607876
2025-07-29,equal-weight hold,164906.4905,164962.2832,328.20727,4,25.90793005,29.8848,99616,0,"{""601288.SH"": 7495.6166, ""601398.SH"": 5703.7209, ""601939.SH"": 4197.0226, ""601988.SH"": 6811.6688}",-0.009222958781,-0.0461357535,-0.009219868198
2025-07-30,equal-weight hold,166531.5478,166587.3405,328.20727,4,25.90793005,29.8848,99616,0,"{""601288.SH"": 7495.6166, ""601398.SH"": 5703.7209, ""601939.SH"": 4197.0226, ""601988.SH"": 6811.6688}",0.009854416924,-0.03673597753,0.009851084012
2025-07-31,equal-weight hold,167969.4669,168025.2596,328.20727,4,25.90793005,29.8848,99616,0,"{""601288.SH"": 7495.6166, ""601398.SH"": 5703.7209, ""601939.SH"": 4197.0226, ""601988.SH"": 6811.6688}",0.008634514344,-0.02841866051,0.008631622508
2025-08-01,equal-weight hold,168578.5288,168634.3216,328.20727,4,25.90793005,29.8848,99616,0,"{""601288.SH"": 7495.6166, ""601398.SH"": 5703.7209, ""601939.SH"": 4197.0226, ""601988.SH"": 6811.6688}",0.003626027937,-0.02489567943,0.003624823915
2025-08-04,equal-weight hold,170120.4521,170176.2448,328.20727,4,25.90793005,29.8848,99616,0,"{""601288.SH"": 7495.6166, ""601398.SH"": 5703.7209, ""601939.SH"": 4197.0226, ""601988.SH"": 6811.6688}",0.009146617112,-0.01597677357,0.00914359095
2025-08-05,equal-weight hold,172555.6411,172611.4338,328.20727,4,25.90793005,29.8848,99616,0,"{""601288.SH"": 7495.6166, ""601398.SH"": 5703.7209, ""601939.SH"": 4197.0226, ""601988.SH"": 6811.6688}",0.01431449885,-0.001890974226,0.0143098058
2025-08-06,equal-weight hold,172971.5858,173027.3785,328.20727,4,25.90793005,29.8848,99616,0,"{""601288.SH"": 7495.6166, ""601398.SH"": 5703.7209, ""601939.SH"": 4197.0226, ""601988.SH"": 6811.6688}",0.002410495851,0,0.002409716713
2025-08-07,equal-weight hold,174721.0402,174776.8329,328.20727,4,25.90793005,29.8848,99616,0,"{""601288.SH"": 7495.6166, ""601398.SH"": 5703.7209, ""601939.SH"": 4197.0226, ""601988.SH"": 6811.6688}",0.01011411452,0,0.01011085322
2025-08-08,equal-weight hold,173969.36,174025.1527,328.20727,4,25.90793005,29.8848,99616,0,"{""601288.SH"": 7495.6166, ""601398.SH"": 5703.7209, ""601939.SH"": 4197.0226, ""601988.SH"": 6811.6688}",-0.004302173145,-0.004302173145,-0.004300799794
2025-08-11,equal-weight hold,172794.6972,172850.49,328.20727,4,25.90793005,29.8848,99616,0,"{""601288.SH"": 7495.6166, ""601398.SH"": 5703.7209, ""601939.SH"": 4197.0226, ""601988.SH"": 6811.6688}",-0.00675212445,-0.01102524879,-0.006749959709
2025-08-12,equal-weight hold,174515.8604,174571.6531,328.20727,4,25.90793005,29.8848,99616,0,"{""601288.SH"": 7495.6166, ""601398.SH"": 5703.7209, ""601939.SH"": 4197.0226, ""601988.SH"": 6811.6688}",0.009960740598,-0.001174327832,0.009957525467
2025-08-13,equal-weight hold,172468.3248,172524.1175,328.20727,4,25.90793005,29.8848,99616,0,"{""601288.SH"": 7495.6166, ""601398.SH"": 5703.7209, ""601939.SH"": 4197.0226, ""601988.SH"": 6811.6688}",-0.01173266215,-0.01289321199,-0.01172891242
2025-08-14,equal-weight hold,173242.6449,173298.4376,328.20727,4,25.90793005,29.8848,99616,0,"{""601288.SH"": 7495.6166, ""601398.SH"": 5703.7209, ""601939.SH"": 4197.0226, ""601988.SH"": 6811.6688}",0.004489636531,-0.008461461294,0.004488184624
2025-08-15,equal-weight hold,170346.5664,170402.3592,328.20727,4,25.90793005,29.8848,99616,0,"{""601288.SH"": 7495.6166, ""601398.SH"": 5703.7209, ""601939.SH"": 4197.0226, ""601988.SH"": 6811.6688}",-0.01671689107,-0.02503690304,-0.01671150913
2025-08-18,equal-weight hold,170706.2307,170762.0234,328.20727,4,25.90793005,29.8848,99616,0,"{""601288.SH"": 7495.6166, ""601398.SH"": 5703.7209, ""601939.SH"": 4197.0226, ""601988.SH"": 6811.6688}",0.002111367644,-0.0229783975,0.002110676345
2025-08-19,equal-weight hold,172442.209,172498.0018,328.20727,4,25.90793005,29.8848,99616,0,"{""601288.SH"": 7495.6166, ""601398.SH"": 5703.7209, ""601939.SH"": 4197.0226, ""601988.SH"": 6811.6688}",0.01016939069,-0.01304268311,0.01016606807
2025-08-20,equal-weight hold,173683.1998,173738.9925,328.20727,4,25.90793005,29.8848,99616,0,"{""601288.SH"": 7495.6166, ""601398.SH"": 5703.7209, ""601939.SH"": 4197.0226, ""601988.SH"": 6811.6688}",0.007196560514,-0.005939985054,0.00719423286
2025-08-21,equal-weight hold,175544.9123,175600.705,328.20727,4,25.90793005,29.8848,99616,0,"{""601288.SH"": 7495.6166, ""601398.SH"": 5703.7209, ""601939.SH"": 4197.0226, ""601988.SH"": 6811.6688}",0.01071901285,0,0.01071557066
2025-08-22,equal-weight hold,176046.6897,176102.4824,328.20727,4,25.90793005,29.8848,99616,0,"{""601288.SH"": 7495.6166, ""601398.SH"": 5703.7209, ""601939.SH"": 4197.0226, ""601988.SH"": 6811.6688}",0.002858399111,0,0.002857490926
2025-08-25,equal-weight hold,175298.5424,175354.3351,328.20727,4,25.90793005,29.8848,99616,0,"{""601288.SH"": 7495.6166, ""601398.SH"": 5703.7209, ""601939.SH"": 4197.0226, ""601988.SH"": 6811.6688}",-0.004249709726,-0.004249709726,-0.004248363334
2025-08-26,equal-weight hold,174916.1916,174971.9843,328.20727,4,25.90793005,29.8848,99616,0,"{""601288.SH"": 7495.6166, ""601398.SH"": 5703.7209, ""601939.SH"": 4197.0226, ""601988.SH"": 6811.6688}",-0.002181140711,-0.006421581222,-0.002180446735
2025-08-27,equal-weight hold,171590.4895,171646.2823,328.20727,4,25.90793005,29.8848,99616,0,"{""601288.SH"": 7495.6166, ""601398.SH"": 5703.7209, ""601939.SH"": 4197.0226, ""601988.SH"": 6811.6688}",-0.01901311711,-0.02531260406,-0.01900705446
2025-08-28,equal-weight hold,170608.539,170664.3318,328.20727,4,25.90793005,29.8848,99616,0,"{""601288.SH"": 7495.6166, ""601398.SH"": 5703.7209, ""601939.SH"": 4197.0226, ""601988.SH"": 6811.6688}",-0.005722639401,-0.03089038855,-0.005720779287
2025-08-29,equal-weight hold,170699.6977,170755.4905,328.20727,4,25.90793005,29.8848,99616,0,"{""601288.SH"": 7495.6166, ""601398.SH"": 5703.7209, ""601939.SH"": 4197.0226, ""601988.SH"": 6811.6688}",0.0005343148705,-0.03037257888,0.0005341401949
2025-09-01,equal-weight hold,170807.2611,170863.0538,328.20727,4,25.90793005,29.8848,99616,0,"{""601288.SH"": 7495.6166, ""601398.SH"": 5703.7209, ""601939.SH"": 4197.0226, ""601988.SH"": 6811.6688}",0.0006301320808,-0.02976158553,0.0006299261912
2025-09-02,equal-weight hold,174445.102,174500.8947,328.20727,4,25.90793005,29.8848,99616,0,"{""601288.SH"": 7495.6166, ""601398.SH"": 5703.7209, ""601939.SH"": 4197.0226, ""601988.SH"": 6811.6688}",0.02129792913,-0.00909751654,0.02129097462
2025-09-03,equal-weight hold,172481.1281,172536.9208,328.20727,4,25.90793005,29.8848,99616,0,"{""601288.SH"": 7495.6166, ""601398.SH"": 5703.7209, ""601939.SH"": 4197.0226, ""601988.SH"": 6811.6688}",-0.01125840682,-0.02025349982,-0.0112548072
2025-09-04,equal-weight hold,176595.4867,176651.2795,328.20727,4,25.90793005,29.8848,99616,0,"{""601288.SH"": 7495.6166, ""601398.SH"": 5703.7209, ""601939.SH"": 4197.0226, ""601988.SH"": 6811.6688}",0.02385396404,0,0.02384625046
2025-09-05,equal-weight hold,173065.3587,173121.1514,328.20727,4,25.90793005,29.8848,99616,0,"{""601288.SH"": 7495.6166, ""601398.SH"": 5703.7209, ""601939.SH"": 4197.0226, ""601988.SH"": 6811.6688}",-0.01998991074,-0.01998991074,-0.01998359722
2025-09-08,equal-weight hold,171986.9506,172042.7434,328.20727,4,25.90793005,29.8848,99616,0,"{""601288.SH"": 7495.6166, ""601398.SH"": 5703.7209, ""601939.SH"": 4197.0226, ""601988.SH"": 6811.6688}",-0.006231218548,-0.02609656779,-0.006229210378
2025-09-09,equal-weight hold,172642.93,172698.7227,328.20727,4,25.90793005,29.8848,99616,0,"{""601288.SH"": 7495.6166, ""601398.SH"": 5703.7209, ""601939.SH"": 4197.0226, ""601988.SH"": 6811.6688}",0.003814122925,-0.02238198038,0.003812886021
2025-09-10,equal-weight hold,173376.8664,173432.6591,328.20727,4,25.90793005,29.8848,99616,0,"{""601288.SH"": 7495.6166, ""601398.SH"": 5703.7209, ""601939.SH"": 4197.0226, ""601988.SH"": 6811.6688}",0.004251181102,-0.01822594913,0.004249807699
2025-09-11,equal-weight hold,173640.1459,173695.9387,328.20727,4,25.90793005,29.8848,99616,0,"{""601288.SH"": 7495.6166, ""601398.SH"": 5703.7209, ""601939.SH"": 4197.0226, ""601988.SH"": 6811.6688}",0.001518539304,-0.01673508664,0.001518050795
2025-09-12,equal-weight hold,172865.0954,172920.8881,328.20727,4,25.90793005,29.8848,99616,0,"{""601288.SH"": 7495.6166, ""601398.SH"": 5703.7209, ""601939.SH"": 4197.0226, ""601988.SH"": 6811.6688}",-0.004463544812,-0.02112393365,-0.00446211108
2025-09-15,equal-weight hold,171508.2648,171564.0575,328.20727,4,25.90793005,29.8848,99616,0,"{""601288.SH"": 7495.6166, ""601398.SH"": 5703.7209, ""601939.SH"": 4197.0226, ""601988.SH"": 6811.6688}",-0.00784907188,-0.02880720225,-0.007846539386
2025-09-16,equal-weight hold,170256.3711,170312.1639,328.20727,4,25.90793005,29.8848,99616,0,"{""601288.SH"": 7495.6166, ""601398.SH"": 5703.7209, ""601939.SH"": 4197.0226, ""601988.SH"": 6811.6688}",-0.007299319903,-0.03589624917,-0.00729694616
2025-09-17,equal-weight hold,169603.6721,169659.4648,328.20727,4,25.90793005,29.8848,99616,0,"{""601288.SH"": 7495.6166, ""601398.SH"": 5703.7209, ""601939.SH"": 4197.0226, ""601988.SH"": 6811.6688}",-0.003833624709,-0.03959226113,-0.003832368849
2025-09-18,equal-weight hold,165563.3903,165619.183,328.20727,4,25.90793005,29.8848,99616,0,"{""601288.SH"": 7495.6166, ""601398.SH"": 5703.7209, ""601939.SH"": 4197.0226, ""601988.SH"": 6811.6688}",-0.02382190046,-0.06247099869,-0.0238140666
2025-09-19,equal-weight hold,164544.1372,164599.93,328.20727,4,25.90793005,29.8848,99616,0,"{""601288.SH"": 7495.6166, ""601398.SH"": 5703.7209, ""601939.SH"": 4197.0226, ""601988.SH"": 6811.6688}",-0.006156270843,-0.06824268114,-0.006154196958
2025-09-22,equal-weight hold,161468.6941,161524.4868,328.20727,4,25.90793005,29.8848,99616,0,"{""601288.SH"": 7495.6166, ""601398.SH"": 5703.7209, ""601939.SH"": 4197.0226, ""601988.SH"": 6811.6688}",-0.01869068804,-0.08565786652,-0.01868435266
2025-09-23,equal-weight hold,165627.0874,165682.8802,328.20727,4,25.90793005,29.8848,99616,0,"{""601288.SH"": 7495.6166, ""601398.SH"": 5703.7209, ""601939.SH"": 4197.0226, ""601988.SH"": 6811.6688}",0.02575355773,-0.06211030361,0.0257446621
2025-09-24,equal-weight hold,164870.7629,164926.5557,328.20727,4,25.90793005,29.8848,99616,0,"{""601288.SH"": 7495.6166, ""601398.SH"": 5703.7209, ""601939.SH"": 4197.0226, ""601988.SH"": 6811.6688}",-0.004566429995,-0.06639311125,-0.004564892277
2025-09-25,equal-weight hold,164300.8455,164356.6382,328.20727,4,25.90793005,29.8848,99616,0,"{""601288.SH"": 7495.6166, ""601398.SH"": 5703.7209, ""601939.SH"": 4197.0226, ""601988.SH"": 6811.6688}",-0.003456752528,-0.06962035922,-0.003455583149
2025-09-26,equal-weight hold,164253.1217,164308.9144,328.20727,4,25.90793005,29.8848,99616,0,"{""601288.SH"": 7495.6166, ""601398.SH"": 5703.7209, ""601939.SH"": 4197.0226, ""601988.SH"": 6811.6688}",-0.0002904658823,-0.06989060277,-0.0002903672804
2025-09-29,equal-weight hold,163272.5359,163328.3287,328.20727,4,25.90793005,29.8848,99616,0,"{""601288.SH"": 7495.6166, ""601398.SH"": 5703.7209, ""601939.SH"": 4197.0226, ""601988.SH"": 6811.6688}",-0.00596996742,-0.07544332556,-0.005967940258
2025-09-30,equal-weight hold,163381.942,163437.7347,328.20727,4,25.90793005,29.8848,99616,0,"{""601288.SH"": 7495.6166, ""601398.SH"": 5703.7209, ""601939.SH"": 4197.0226, ""601988.SH"": 6811.6688}",0.0006700823858,-0.07482379642,0.0006698534866
2025-10-09,equal-weight hold,164256.2525,164312.0452,328.20727,4,25.90793005,29.8848,99616,0,"{""601288.SH"": 7495.6166, ""601398.SH"": 5703.7209, ""601939.SH"": 4197.0226, ""601988.SH"": 6811.6688}",0.005351328887,-0.06987287428,0.005349502104
2025-10-10,equal-weight hold,165356.5933,165412.386,328.20727,4,25.90793005,29.8848,99616,0,"{""601288.SH"": 7495.6166, ""601398.SH"": 5703.7209, ""601939.SH"": 4197.0226, ""601988.SH"": 6811.6688}",0.00669892815,-0.06364201949,0.006696653505
2025-10-13,equal-weight hold,165523.7437,165579.5365,328.20727,4,25.90793005,29.8848,99616,0,"{""601288.SH"": 7495.6166, ""601398.SH"": 5703.7209, ""601939.SH"": 4197.0226, ""601988.SH"": 6811.6688}",0.001010848255,-0.06269550366,0.001010507301
2025-10-14,equal-weight hold,169827.003,169882.7957,328.20727,4,25.90793005,29.8848,99616,0,"{""601288.SH"": 7495.6166, ""601398.SH"": 5703.7209, ""601939.SH"": 4197.0226, ""601988.SH"": 6811.6688}",0.02599783674,-0.03832761439,0.02598907666
2025-10-15,equal-weight hold,170900.0618,170955.8546,328.20727,4,25.90793005,29.8848,99616,0,"{""601288.SH"": 7495.6166, ""601398.SH"": 5703.7209, ""601939.SH"": 4197.0226, ""601988.SH"": 6811.6688}",0.006318540761,-0.03225124823,0.006316465632
2025-10-16,equal-weight hold,175207.1824,175262.9751,328.20727,4,25.90793005,29.8848,99616,0,"{""601288.SH"": 7495.6166, ""601398.SH"": 5703.7209, ""601939.SH"": 4197.0226, ""601988.SH"": 6811.6688}",0.02520256852,-0.007861494004,0.02519434347
2025-10-17,equal-weight hold,175978.0192,176033.812,328.20727,4,25.90793005,29.8848,99616,0,"{""601288.SH"": 7495.6166, ""601398.SH"": 5703.7209, ""601939.SH"": 4197.0226, ""601988.SH"": 6811.6688}",0.004399573468,-0.003496507757,0.00439817292
2025-10-20,equal-weight hold,177157.5562,177213.349,328.20727,4,25.90793005,29.8848,99616,0,"{""601288.SH"": 7495.6166, ""601398.SH"": 5703.7209, ""601939.SH"": 4197.0226, ""601988.SH"": 6811.6688}",0.006702751889,0,0.006700627497
2025-10-21,equal-weight hold,178675.329,178731.1217,328.20727,4,25.90793005,29.8848,99616,0,"{""601288.SH"": 7495.6166, ""601398.SH"": 5703.7209, ""601939.SH"": 4197.0226, ""601988.SH"": 6811.6688}",0.008567361082,0,0.008564663788
2025-10-22,equal-weight hold,181788.4038,181844.1966,328.20727,4,25.90793005,29.8848,99616,0,"{""601288.SH"": 7495.6166, ""601398.SH"": 5703.7209, ""601939.SH"": 4197.0226, ""601988.SH"": 6811.6688}",0.01742308166,0,0.01741764287
2025-10-23,equal-weight hold,181615.5495,181671.3422,328.20727,4,25.90793005,29.8848,99616,0,"{""601288.SH"": 7495.6166, ""601398.SH"": 5703.7209, ""601939.SH"": 4197.0226, ""601988.SH"": 6811.6688}",-0.0009508547681,-0.0009508547681,-0.0009505630305
2025-10-24,equal-weight hold,181888.0162,181943.8089,328.20727,4,25.90793005,29.8848,99616,0,"{""601288.SH"": 7495.6166, ""601398.SH"": 5703.7209, ""601939.SH"": 4197.0226, ""601988.SH"": 6811.6688}",0.001500239127,0,0.001499778391
2025-10-27,equal-weight hold,184413.9355,184469.7283,328.20727,4,25.90793005,29.8848,99616,0,"{""601288.SH"": 7495.6166, ""601398.SH"": 5703.7209, ""601939.SH"": 4197.0226, ""601988.SH"": 6811.6688}",0.01388722237,0,0.01388296388
2025-10-28,equal-weight hold,185744.8992,185800.6919,328.20727,4,25.90793005,29.8848,99616,0,"{""601288.SH"": 7495.6166, ""601398.SH"": 5703.7209, ""601939.SH"": 4197.0226, ""601988.SH"": 6811.6688}",0.007217261584,0,0.007215078729
2025-10-29,equal-weight hold,182961.4815,183017.2743,328.20727,4,25.90793005,29.8848,99616,0,"{""601288.SH"": 7495.6166, ""601398.SH"": 5703.7209, ""601939.SH"": 4197.0226, ""601988.SH"": 6811.6688}",-0.01498516316,-0.01498516316,-0.01498066338
2025-10-30,equal-weight hold,182726.4669,182782.2597,328.20727,4,25.90793005,29.8848,99616,0,"{""601288.SH"": 7495.6166, ""601398.SH"": 5703.7209, ""601939.SH"": 4197.0226, ""601988.SH"": 6811.6688}",-0.001284503233,-0.01625041791,-0.001284111653
2025-10-31,equal-weight hold,180900.5428,180956.3355,328.20727,4,25.90793005,29.8848,99616,0,"{""601288.SH"": 7495.6166, ""601398.SH"": 5703.7209, ""601939.SH"": 4197.0226, ""601988.SH"": 6811.6688}",-0.009992663822,-0.02608069677,-0.009989613647
2025-11-03,equal-weight hold,183317.9617,183373.7544,328.20727,4,25.90793005,29.8848,99616,0,"{""601288.SH"": 7495.6166, ""601398.SH"": 5703.7209, ""601939.SH"": 4197.0226, ""601988.SH"": 6811.6688}",0.01336324852,-0.01306597108,0.01335912834
2025-11-04,equal-weight hold,186901.162,186956.9547,328.20727,4,25.90793005,29.8848,99616,0,"{""601288.SH"": 7495.6166, ""601398.SH"": 5703.7209, ""601939.SH"": 4197.0226, ""601988.SH"": 6811.6688}",0.01954636793,0,0.01954042081
2025-11-05,equal-weight hold,186616.8094,186672.6021,328.20727,4,25.90793005,29.8848,99616,0,"{""601288.SH"": 7495.6166, ""601398.SH"": 5703.7209, ""601939.SH"": 4197.0226, ""601988.SH"": 6811.6688}",-0.001521406435,-0.001521406435,-0.001520952408
2025-11-06,equal-weight hold,185809.48,185865.2728,328.20727,4,25.90793005,29.8848,99616,0,"{""601288.SH"": 7495.6166, ""601398.SH"": 5703.7209, ""601939.SH"": 4197.0226, ""601988.SH"": 6811.6688}",-0.004326134129,-0.005840958755,-0.004324841133
2025-11-07,equal-weight hold,184635.5974,184691.3901,328.20727,4,25.90793005,29.8848,99616,0,"{""601288.SH"": 7495.6166, ""601398.SH"": 5703.7209, ""601939.SH"": 4197.0226, ""601988.SH"": 6811.6688}",-0.00631766835,-0.01212172587,-0.006315771923
2025-11-10,equal-weight hold,185932.5883,185988.3811,328.20727,4,25.90793005,29.8848,99616,0,"{""601288.SH"": 7495.6166, ""601398.SH"": 5703.7209, ""601939.SH"": 4197.0226, ""601988.SH"": 6811.6688}",0.007024598789,-0.005182277337,0.007022476754
2025-11-11,equal-weight hold,187814.0624,187869.8552,328.20727,4,25.90793005,29.8848,99616,0,"{""601288.SH"": 7495.6166, ""601398.SH"": 5703.7209, ""601939.SH"": 4197.0226, ""601988.SH"": 6811.6688}",0.01011911962,0,0.01011608409
2025-11-12,equal-weight hold,190913.6875,190969.4803,328.20727,4,25.90793005,29.8848,99616,0,"{""601288.SH"": 7495.6166, ""601398.SH"": 5703.7209, ""601939.SH"": 4197.0226, ""601988.SH"": 6811.6688}",0.01650369004,0,0.01649878885
2025-11-13,equal-weight hold,190456.8089,190512.6017,328.20727,4,25.90793005,29.8848,99616,0,"{""601288.SH"": 7495.6166, ""601398.SH"": 5703.7209, ""601939.SH"": 4197.0226, ""601988.SH"": 6811.6688}",-0.002393115928,-0.002393115928,-0.002392416767
2025-11-14,equal-weight hold,190864.0947,190919.8875,328.20727,4,25.90793005,29.8848,99616,0,"{""601288.SH"": 7495.6166, ""601398.SH"": 5703.7209, ""601939.SH"": 4197.0226, ""601988.SH"": 6811.6688}",0.002138468056,-0.0002597654746,0.002137841793
2025-11-17,equal-weight hold,188214.3599,188270.1527,328.20727,4,25.90793005,29.8848,99616,0,"{""601288.SH"": 7495.6166, ""601398.SH"": 5703.7209, ""601939.SH"": 4197.0226, ""601988.SH"": 6811.6688}",-0.01388283542,-0.01413899461,-0.01387877842
2025-11-18,equal-weight hold,187353.2474,187409.0401,328.20727,4,25.90793005,29.8848,99616,0,"{""601288.SH"": 7495.6166, ""601398.SH"": 5703.7209, ""601939.SH"": 4197.0226, ""601988.SH"": 6811.6688}",-0.004575169066,-0.01864947539,-0.004573813242
2025-11-19,equal-weight hold,189709.4672,189765.2599,328.20727,4,25.90793005,29.8848,99616,0,"{""601288.SH"": 7495.6166, ""601398.SH"": 5703.7209, ""601939.SH"": 4197.0226, ""601988.SH"": 6811.6688}",0.01257634864,-0.006307669056,0.01257260459
2025-11-20,equal-weight hold,192381.7863,192437.579,328.20727,4,25.90793005,29.8848,99616,0,"{""601288.SH"": 7495.6166, ""601398.SH"": 5703.7209, ""601939.SH"": 4197.0226, ""601988.SH"": 6811.6688}",0.0140863774,0,0.01408223587
2025-11-21,equal-weight hold,191657.8668,191713.6596,328.20727,4,25.90793005,29.8848,99616,0,"{""601288.SH"": 7495.6166, ""601398.SH"": 5703.7209, ""601939.SH"": 4197.0226, ""601988.SH"": 6811.6688}",-0.003762931475,-0.003762931475,-0.003761840502
2025-11-24,equal-weight hold,190162.5311,190218.3239,328.20727,4,25.90793005,29.8848,99616,0,"{""601288.SH"": 7495.6166, ""601398.SH"": 5703.7209, ""601939.SH"": 4197.0226, ""601988.SH"": 6811.6688}",-0.007802109736,-0.01153568241,-0.007799839157
2025-11-25,equal-weight hold,192197.4737,192253.2664,328.20727,4,25.90793005,29.8848,99616,0,"{""601288.SH"": 7495.6166, ""601398.SH"": 5703.7209, ""601939.SH"": 4197.0226, ""601988.SH"": 6811.6688}",0.01070107017,-0.0009580563871,0.01069793145
2025-11-26,equal-weight hold,189072.5889,189128.3816,328.20727,4,25.90793005,29.8848,99616,0,"{""601288.SH"": 7495.6166, ""601398.SH"": 5703.7209, ""601939.SH"": 4197.0226, ""601988.SH"": 6811.6688}",-0.01625871947,-0.01720119908,-0.01625400112
2025-11-27,equal-weight hold,190366.1507,190421.9434,328.20727,4,25.90793005,29.8848,99616,0,"{""601288.SH"": 7495.6166, ""601398.SH"": 5703.7209, ""601939.SH"": 4197.0226, ""601988.SH"": 6811.6688}",0.006841614694,-0.01047726837,0.006839596423
2025-11-28,equal-weight hold,188740.2097,188796.0024,328.20727,4,25.90793005,29.8848,99616,0,"{""601288.SH"": 7495.6166, ""601398.SH"": 5703.7209, ""601939.SH"": 4197.0226, ""601988.SH"": 6811.6688}",-0.008541124825,-0.01892890553,-0.008538622316
2025-12-01,equal-weight hold,188209.3842,188265.1769,328.20727,4,25.90793005,29.8848,99616,0,"{""601288.SH"": 7495.6166, ""601398.SH"": 5703.7209, ""601939.SH"": 4197.0226, ""601988.SH"": 6811.6688}",-0.002812466271,-0.0216881349,-0.002811635135
2025-12-02,equal-weight hold,188156.2849,188212.0776,328.20727,4,25.90793005,29.8848,99616,0,"{""601288.SH"": 7495.6166, ""601398.SH"": 5703.7209, ""601939.SH"": 4197.0226, ""601988.SH"": 6811.6688}",-0.0002821289838,-0.02196414503,-0.0002820453744
2025-12-03,equal-weight hold,186139.3875,186195.1802,328.20727,4,25.90793005,29.8848,99616,0,"{""601288.SH"": 7495.6166, ""601398.SH"": 5703.7209, ""601939.SH"": 4197.0226, ""601988.SH"": 6811.6688}",-0.0107192666,-0.0324479721,-0.01071608903
2025-12-04,equal-weight hold,184921.1869,184976.9796,328.20727,4,25.90793005,29.8848,99616,0,"{""601288.SH"": 7495.6166, ""601398.SH"": 5703.7209, ""601939.SH"": 4197.0226, ""601988.SH"": 6811.6688}",-0.006544561061,-0.03878017543,-0.006542600007
2025-12-05,equal-weight hold,183166.7357,183222.5284,328.20727,4,25.90793005,29.8848,99616,0,"{""601288.SH"": 7495.6166, ""601398.SH"": 5703.7209, ""601939.SH"": 4197.0226, ""601988.SH"": 6811.6688}",-0.009487561916,-0.04789980803,-0.009484700279
2025-12-08,equal-weight hold,183452.8814,183508.6741,328.20727,4,25.90793005,29.8848,99616,0,"{""601288.SH"": 7495.6166, ""601398.SH"": 5703.7209, ""601939.SH"": 4197.0226, ""601988.SH"": 6811.6688}",0.001562214379,-0.04641242342,0.001561738672
2025-12-09,equal-weight hold,185773.4414,185829.2341,328.20727,4,25.90793005,29.8848,99616,0,"{""601288.SH"": 7495.6166, ""601398.SH"": 5703.7209, ""601939.SH"": 4197.0226, ""601988.SH"": 6811.6688}",0.01264935152,-0.03435015896,0.0126455057
2025-12-10,equal-weight hold,181969.2068,182024.9995,328.20727,4,25.90793005,29.8848,99616,0,"{""601288.SH"": 7495.6166, ""601398.SH"": 5703.7209, ""601939.SH"": 4197.0226, ""601988.SH"": 6811.6688}",-0.02047781726,-0.05412455994,-0.02047166907
2025-12-11,equal-weight hold,183363.9469,183419.7396,328.20727,4,25.90793005,29.8848,99616,0,"{""601288.SH"": 7495.6166, ""601398.SH"": 5703.7209, ""601939.SH"": 4285.5747, ""601988.SH"": 6944.43}",0.007664703996,-0.04687470467,0.007662354677
2025-12-12,equal-weight hold,180528.2897,180584.0824,328.20727,4,25.90793005,29.8848,99616,0,"{""601288.SH"": 7495.6166, ""601398.SH"": 5703.7209, ""601939.SH"": 4285.5747, ""601988.SH"": 6944.43}",-0.01546463869,-0.06161444299,-0.01545993465
2025-12-15,equal-weight hold,179715.3699,179771.1626,328.20727,4,25.90793005,29.8848,99616,0,"{""601288.SH"": 7614.0989, ""601398.SH"": 5805.814, ""601939.SH"": 4285.5747, ""601988.SH"": 6944.43}",-0.004503005037,-0.06583999788,-0.004501613802
2025-12-16,equal-weight hold,178375.2502,178431.0429,328.20727,4,25.90793005,29.8848,99616,0,"{""601288.SH"": 7614.0989, ""601398.SH"": 5805.814, ""601939.SH"": 4285.5747, ""601988.SH"": 6944.43}",-0.007456901034,-0.07280593657,-0.007454586753
2025-12-17,equal-weight hold,179625.0847,179680.8774,328.20727,4,25.90793005,29.8848,99616,0,"{""601288.SH"": 7614.0989, ""601398.SH"": 5805.814, ""601939.SH"": 4285.5747, ""601988.SH"": 6944.43}",0.007006770868,-0.06630930022,0.007004579955
2025-12-18,equal-weight hold,183422.9269,183478.7196,328.20727,4,25.90793005,29.8848,99616,0,"{""601288.SH"": 7614.0989, ""601398.SH"": 5805.814, ""601939.SH"": 4285.5747, ""601988.SH"": 6944.43}",0.0211431617,-0.04656812677,0.02113659653
2025-12-19,equal-weight hold,182168.661,182224.4537,328.20727,4,25.90793005,29.8848,99616,0,"{""601288.SH"": 7614.0989, ""601398.SH"": 5805.814, ""601939.SH"": 4285.5747, ""601988.SH"": 6944.43}",-0.006838108801,-0.05308779766,-0.006836029449
2025-12-22,equal-weight hold,182686.4389,182742.2316,328.20727,4,25.90793005,29.8848,99616,0,"{""601288.SH"": 7614.0989, ""601398.SH"": 5805.814, ""601939.SH"": 4285.5747, ""601988.SH"": 6944.43}",0.00284229946,-0.05039638962,0.002841429217
2025-12-23,equal-weight hold,183730.5003,183786.2931,328.20727,4,25.90793005,29.8848,99616,0,"{""601288.SH"": 7614.0989, ""601398.SH"": 5805.814, ""601939.SH"": 4285.5747, ""601988.SH"": 6944.43}",0.005715046418,-0.0449693609,0.005713301566
2025-12-24,equal-weight hold,183097.5486,183153.3413,328.20727,4,25.90793005,29.8848,99616,0,"{""601288.SH"": 7614.0989, ""601398.SH"": 5805.814, ""601939.SH"": 4285.5747, ""601988.SH"": 6944.43}",-0.003445000957,-0.04825944237,-0.003443955144
2025-12-25,equal-weight hold,182340.0906,182395.8833,328.20727,4,25.90793005,29.8848,99616,0,"{""601288.SH"": 7614.0989, ""601398.SH"": 5805.814, ""601939.SH"": 4285.5747, ""601988.SH"": 6944.43}",-0.004136909504,-0.05219670693,-0.004135649306
2025-12-26,equal-weight hold,180767.6226,180823.4153,328.20727,4,25.90793005,29.8848,99616,0,"{""601288.SH"": 7614.0989, ""601398.SH"": 5805.814, ""601939.SH"": 4285.5747, ""601988.SH"": 6944.43}",-0.008623819505,-0.06037039145,-0.008621181581
2025-12-29,equal-weight hold,183363.3178,183419.1105,328.20727,4,25.90793005,29.8848,99616,0,"{""601288.SH"": 7614.0989, ""601398.SH"": 5805.814, ""601939.SH"": 4285.5747, ""601988.SH"": 6944.43}",0.01435929283,-0.04687797475,0.0143548623
2025-12-30,equal-weight hold,182735.0555,182790.8482,328.20727,4,25.90793005,29.8848,99616,0,"{""601288.SH"": 7614.0989, ""601398.SH"": 5805.814, ""601939.SH"": 4285.5747, ""601988.SH"": 6944.43}",-0.00342632477,-0.05014368036,-0.003425282545
2025-12-31,equal-weight hold,184406.3078,184462.1006,328.20727,4,25.90793005,29.8848,99616,0,"{""601288.SH"": 7614.0989, ""601398.SH"": 5805.814, ""601939.SH"": 4285.5747, ""601988.SH"": 6944.43}",0.009145767409,-0.04145651538,0.009142975873
2026-01-05,equal-weight hold,182384.8844,182440.6771,328.20727,4,25.90793005,29.8848,99616,0,"{""601288.SH"": 7614.0989, ""601398.SH"": 5805.814, ""601939.SH"": 4285.5747, ""601988.SH"": 6944.43}",-0.01096179123,-0.05196386895,-0.01095847571
2026-01-06,equal-weight hold,181251.371,181307.1637,328.20727,4,25.90793005,29.8848,99616,0,"{""601288.SH"": 7614.0989, ""601398.SH"": 5805.814, ""601939.SH"": 4285.5747, ""601988.SH"": 6944.43}",-0.006214952465,-0.05785586844,-0.006213051851
2026-01-07,equal-weight hold,179705.4915,179761.2842,328.20727,4,25.90793005,29.8848,99616,0,"{""601288.SH"": 7614.0989, ""601398.SH"": 5805.814, ""601939.SH"": 4285.5747, ""601988.SH"": 6944.43}",-0.008528925701,-0.06589134574,-0.008526301138
2026-01-08,equal-weight hold,178912.9393,178968.732,328.20727,4,25.90793005,29.8848,99616,0,"{""601288.SH"": 7614.0989, ""601398.SH"": 5805.814, ""601939.SH"": 4285.5747, ""601988.SH"": 6944.43}",-0.004410283959,-0.07001103015,-0.004408915134
2026-01-09,equal-weight hold,178463.7324,178519.5252,328.20727,4,25.90793005,29.8848,99616,0,"{""601288.SH"": 7614.0989, ""601398.SH"": 5805.814, ""601939.SH"": 4285.5747, ""601988.SH"": 6944.43}",-0.002510756505,-0.07234600601,-0.002509973788
2026-01-12,equal-weight hold,179967.5137,180023.3064,328.20727,4,25.90793005,29.8848,99616,0,"{""601288.SH"": 7614.0989, ""601398.SH"": 5805.814, ""601939.SH"": 4285.5747, ""601988.SH"": 6944.43}",0.008426256722,-0.0645293553,0.008423623263
2026-01-13,equal-weight hold,181583.7799,181639.5726,328.20727,4,25.90793005,29.8848,99616,0,"{""601288.SH"": 7614.0989, ""601398.SH"": 5805.814, ""601939.SH"": 4285.5747, ""601988.SH"": 6944.43}",0.008980877492,-0.05612800805,0.008978094143
2026-01-14,equal-weight hold,178784.5702,178840.363,328.20727,4,25.90793005,29.8848,99616,0,"{""601288.SH"": 7614.0989, ""601398.SH"": 5805.814, ""601939.SH"": 4285.5747, ""601988.SH"": 6944.43}",-0.01541552683,-0.07067829206,-0.01541079177
2026-01-15,equal-weight hold,177135.1971,177190.9898,328.20727,4,25.90793005,29.8848,99616,0,"{""601288.SH"": 7614.0989, ""601398.SH"": 5805.814, ""601939.SH"": 4285.5747, ""601988.SH"": 6944.43}",-0.009225478191,-0.07925172921,-0.009222600124
2026-01-16,equal-weight hold,175263.9194,175319.7121,328.20727,4,25.90793005,29.8848,99616,0,"{""601288.SH"": 7614.0989, ""601398.SH"": 5805.814, ""601939.SH"": 4285.5747, ""601988.SH"": 6944.43}",-0.01056412132,-0.08897862565,-0.01056079496
2026-01-19,equal-weight hold,173641.2704,173697.0632,328.20727,4,25.90793005,29.8848,99616,0,"{""601288.SH"": 7614.0989, ""601398.SH"": 5805.814, ""601939.SH"": 4285.5747, ""601988.SH"": 6944.43}",-0.00925831707,-0.09741315039,-0.009255370757
2026-01-20,equal-weight hold,175130.7159,175186.5086,328.20727,4,25.90793005,29.8848,99616,0,"{""601288.SH"": 7614.0989, ""601398.SH"": 5805.814, ""601939.SH"": 4285.5747, ""601988.SH"": 6944.43}",0.008577715586,-0.0896710171,0.008574960362
2026-01-21,equal-weight hold,170979.0712,171034.8639,328.20727,4,25.90793005,29.8848,99616,0,"{""601288.SH"": 7614.0989, ""601398.SH"": 5805.814, ""601939.SH"": 4285.5747, ""601988.SH"": 6944.43}",-0.02370597662,-0.1112512547,-0.02369842683
2026-01-22,equal-weight hold,168435.6107,168491.4034,328.20727,4,25.90793005,29.8848,99616,0,"{""601288.SH"": 7614.0989, ""601398.SH"": 5805.814, ""601939.SH"": 4285.5747, ""601988.SH"": 6944.43}",-0.01487585889,-0.1244721556,-0.01487100628
2026-01-23,equal-weight hold,167250.66,167306.4527,328.20727,4,25.90793005,29.8848,99616,0,"{""601288.SH"": 7614.0989, ""601398.SH"": 5805.814, ""601939.SH"": 4285.5747, ""601988.SH"": 6944.43}",-0.007035036415,-0.1306315259,-0.007032706896
2026-01-26,equal-weight hold,168559.3035,168615.0962,328.20727,4,25.90793005,29.8848,99616,0,"{""601288.SH"": 7614.0989, ""601398.SH"": 5805.814, ""601939.SH"": 4285.5747, ""601988.SH"": 6944.43}",0.007824444468,-0.1238292005,0.007821835201
2026-01-27,equal-weight hold,169149.4062,169205.1989,328.20727,4,25.90793005,29.8848,99616,0,"{""601288.SH"": 7614.0989, ""601398.SH"": 5805.814, ""601939.SH"": 4285.5747, ""601988.SH"": 6944.43}",0.003500860709,-0.1207618486,0.003499702316
2026-01-28,equal-weight hold,168316.5514,168372.3441,328.20727,4,25.90793005,29.8848,99616,0,"{""601288.SH"": 7614.0989, ""601398.SH"": 5805.814, ""601939.SH"": 4285.5747, ""601988.SH"": 6944.43}",-0.004923781767,-0.1250910254,-0.004922158228
2026-01-29,equal-weight hold,168978.0856,169033.8784,328.20727,4,25.90793005,29.8848,99616,0,"{""601288.SH"": 7614.0989, ""601398.SH"": 5805.814, ""601939.SH"": 4285.5747, ""601988.SH"": 6944.43}",0.003930298204,-0.1216523722,0.00392899584
2026-01-30,equal-weight hold,168248.9028,168304.6956,328.20727,4,25.90793005,29.8848,99616,0,"{""601288.SH"": 7614.0989, ""601398.SH"": 5805.814, ""601939.SH"": 4285.5747, ""601988.SH"": 6944.43}",-0.004315250708,-0.1254426624,-0.00431382638
2026-02-02,equal-weight hold,169759.3675,169815.1602,328.20727,4,25.90793005,29.8848,99616,0,"{""601288.SH"": 7614.0989, ""601398.SH"": 5805.814, ""601939.SH"": 4285.5747, ""601988.SH"": 6944.43}",0.008977560082,-0.1175912714,0.008974584035
2026-02-03,equal-weight hold,166460.661,166516.4537,328.20727,4,25.90793005,29.8848,99616,0,"{""601288.SH"": 7614.0989, ""601398.SH"": 5805.814, ""601939.SH"": 4285.5747, ""601988.SH"": 6944.43}",-0.01943166093,-0.1347379386,-0.01942527666
2026-02-04,equal-weight hold,167671.2512,167727.0439,328.20727,4,25.90793005,29.8848,99616,0,"{""601288.SH"": 7614.0989, ""601398.SH"": 5805.814, ""601939.SH"": 4285.5747, ""601988.SH"": 6944.43}",0.007272530004,-0.1284452943,0.007270093282
2026-02-05,equal-weight hold,169066.6577,169122.4504,328.20727,4,25.90793005,29.8848,99616,0,"{""601288.SH"": 7614.0989, ""601398.SH"": 5805.814, ""601939.SH"": 4285.5747, ""601988.SH"": 6944.43}",0.008322276512,-0.121191975,0.00831950819
2026-02-06,equal-weight hold,168301.6364,168357.4291,328.20727,4,25.90793005,29.8848,99616,0,"{""601288.SH"": 7614.0989, ""601398.SH"": 5805.814, ""601939.SH"": 4285.5747, ""601988.SH"": 6944.43}",-0.004524968361,-0.1251685535,-0.004523475595
2026-02-09,equal-weight hold,169016.361,169072.1537,328.20727,4,25.90793005,29.8848,99616,0,"{""601288.SH"": 7614.0989, ""601398.SH"": 5805.814, ""601939.SH"": 4285.5747, ""601988.SH"": 6944.43}",0.004246688514,-0.1214534169,0.004245281185
2026-02-10,equal-weight hold,169964.5054,170020.2981,328.20727,4,25.90793005,29.8848,99616,0,"{""601288.SH"": 7614.0989, ""601398.SH"": 5805.814, ""601939.SH"": 4285.5747, ""601988.SH"": 6944.43}",0.005609778621,-0.1165249651,0.00560792743
2026-02-11,equal-weight hold,170320.4374,170376.2302,328.20727,4,25.90793005,29.8848,99616,0,"{""601288.SH"": 7614.0989, ""601398.SH"": 5805.814, ""601939.SH"": 4285.5747, ""601988.SH"": 6944.43}",0.002094155154,-0.1146748313,0.00209346795
2026-02-12,equal-weight hold,167182.3138,167238.1065,328.20727,4,25.90793005,29.8848,99616,0,"{""601288.SH"": 7614.0989, ""601398.SH"": 5805.814, ""601939.SH"": 4285.5747, ""601988.SH"": 6944.43}",-0.01842482132,-0.1309867893,-0.01841878779
2026-02-13,equal-weight hold,165334.7508,165390.5436,328.20727,4,25.90793005,29.8848,99616,0,"{""601288.SH"": 7614.0989, ""601398.SH"": 5805.814, ""601939.SH"": 4285.5747, ""601988.SH"": 6944.43}",-0.01105118677,-0.1405904166,-0.01104749996
2026-02-24,equal-weight hold,164591.4371,164647.2298,328.20727,4,25.90793005,29.8848,99616,0,"{""601288.SH"": 7614.0989, ""601398.SH"": 5805.814, ""601939.SH"": 4285.5747, ""601988.SH"": 6944.43}",-0.004495810788,-0.1444541595,-0.004494294174
2026-02-25,equal-weight hold,164633.2347,164689.0274,328.20727,4,25.90793005,29.8848,99616,0,"{""601288.SH"": 7614.0989, ""601398.SH"": 5805.814, ""601939.SH"": 4285.5747, ""601988.SH"": 6944.43}",0.0002539475136,-0.1442368957,0.0002538614603
2026-02-26,equal-weight hold,163157.9867,163213.7794,328.20727,4,25.90793005,29.8848,99616,0,"{""601288.SH"": 7614.0989, ""601398.SH"": 5805.814, ""601939.SH"": 4285.5747, ""601988.SH"": 6944.43}",-0.008960815204,-0.1519052308,-0.008957779493
2026-02-27,equal-weight hold,162714.3492,162770.1419,328.20727,4,25.90793005,29.8848,99616,0,"{""601288.SH"": 7614.0989, ""601398.SH"": 5805.814, ""601939.SH"": 4285.5747, ""601988.SH"": 6944.43}",-0.002719066863,-0.1542112572,-0.002718137382
2026-03-02,equal-weight hold,164278.3115,164334.1042,328.20727,4,25.90793005,29.8848,99616,0,"{""601288.SH"": 7614.0989, ""601398.SH"": 5805.814, ""601939.SH"": 4285.5747, ""601988.SH"": 6944.43}",0.009611705011,-0.1460817853,0.009608410406
2026-03-03,equal-weight hold,168688.9129,168744.7057,328.20727,4,25.90793005,29.8848,99616,0,"{""601288.SH"": 7614.0989, ""601398.SH"": 5805.814, ""601939.SH"": 4285.5747, ""601988.SH"": 6944.43}",0.02684834894,-0.1231554911,0.02683923371
2026-03-04,equal-weight hold,167589.8653,167645.6581,328.20727,4,25.90793005,29.8848,99616,0,"{""601288.SH"": 7614.0989, ""601398.SH"": 5805.814, ""601939.SH"": 4285.5747, ""601988.SH"": 6944.43}",-0.006515233166,-0.1288683375,-0.006513079009
2026-03-05,equal-weight hold,168670.0859,168725.8786,328.20727,4,25.90793005,29.8848,99616,0,"{""601288.SH"": 7614.0989, ""601398.SH"": 5805.814, ""601939.SH"": 4285.5747, ""601988.SH"": 6944.43}",0.00644561969,-0.1232533541,0.006443474578
2026-03-06,equal-weight hold,168494.0892,168549.8819,328.20727,4,25.90793005,29.8848,99616,0,"{""601288.SH"": 7614.0989, ""601398.SH"": 5805.814, ""601939.SH"": 4285.5747, ""601988.SH"": 6944.43}",-0.001043437628,-0.1241681845,-0.001043092593
2026-03-09,equal-weight hold,168308.8359,168364.6286,328.20727,4,25.90793005,29.8848,99616,0,"{""601288.SH"": 7614.0989, ""601398.SH"": 5805.814, ""601939.SH"": 4285.5747, ""601988.SH"": 6944.43}",-0.001099464527,-0.1251311305,-0.001099100586
2026-03-10,equal-weight hold,166628.7573,166684.55,328.20727,4,25.90793005,29.8848,99616,0,"{""601288.SH"": 7614.0989, ""601398.SH"": 5805.814, ""601939.SH"": 4285.5747, ""601988.SH"": 6944.43}",-0.009982117668,-0.1338641745,-0.009978809791
2026-03-11,equal-weight hold,168153.6735,168209.4662,328.20727,4,25.90793005,29.8848,99616,0,"{""601288.SH"": 7614.0989, ""601398.SH"": 5805.814, ""601939.SH"": 4285.5747, ""601988.SH"": 6944.43}",0.009151578612,-0.1259376645,0.009148515392
2026-03-12,equal-weight hold,168745.77,168801.5628,328.20727,4,25.90793005,29.8848,99616,0,"{""601288.SH"": 7614.0989, ""601398.SH"": 5805.814, ""601939.SH"": 4285.5747, ""601988.SH"": 6944.43}",0.003521163513,-0.122859948,0.003519995593
2026-03-13,equal-weight hold,169178.888,169234.6807,328.20727,4,25.90793005,29.8848,99616,0,"{""601288.SH"": 7614.0989, ""601398.SH"": 5805.814, ""601939.SH"": 4285.5747, ""601988.SH"": 6944.43}",0.002566689014,-0.1206086023,0.002565840665
2026-03-16,equal-weight hold,169895.6132,169951.4059,328.20727,4,25.90793005,29.8848,99616,0,"{""601288.SH"": 7614.0989, ""601398.SH"": 5805.814, ""601939.SH"": 4285.5747, ""601988.SH"": 6944.43}",0.004236493168,-0.1168830667,0.004235096495
2026-03-17,equal-weight hold,172583.267,172639.0597,328.20727,4,25.90793005,29.8848,99616,0,"{""601288.SH"": 7614.0989, ""601398.SH"": 5805.814, ""601939.SH"": 4285.5747, ""601988.SH"": 6944.43}",0.01581944201,-0.1029126496,0.0158142487
2026-03-18,equal-weight hold,172302.4177,172358.2105,328.20727,4,25.90793005,29.8848,99616,0,"{""601288.SH"": 7614.0989, ""601398.SH"": 5805.814, ""601939.SH"": 4285.5747, ""601988.SH"": 6944.43}",-0.00162732588,-0.104372503,-0.001626799968
2026-03-19,equal-weight hold,174480.2467,174536.0394,328.20727,4,25.90793005,29.8848,99616,0,"{""601288.SH"": 7614.0989, ""601398.SH"": 5805.814, ""601939.SH"": 4285.5747, ""601988.SH"": 6944.43}",0.01263957286,-0.09305215401,0.0126354814
2026-03-20,equal-weight hold,173805.6198,173861.4125,328.20727,4,25.90793005,29.8848,99616,0,"{""601288.SH"": 7614.0989, ""601398.SH"": 5805.814, ""601939.SH"": 4285.5747, ""601988.SH"": 6944.43}",-0.003866494715,-0.09655886306,-0.003865258739
2026-03-23,equal-weight hold,168369.9196,168425.7123,328.20727,4,25.90793005,29.8848,99616,0,"{""601288.SH"": 7614.0989, ""601398.SH"": 5805.814, ""601939.SH"": 4285.5747, ""601988.SH"": 6944.43}",-0.03127459393,-0.1248136178,-0.0312645578
2026-03-24,equal-weight hold,170245.9959,170301.7886,328.20727,4,25.90793005,29.8848,99616,0,"{""601288.SH"": 7614.0989, ""601398.SH"": 5805.814, ""601939.SH"": 4285.5747, ""601988.SH"": 6944.43}",0.01114258588,-0.1150617783,0.01113889478
2026-03-25,equal-weight hold,171598.3617,171654.1544,328.20727,4,25.90793005,29.8848,99616,0,"{""601288.SH"": 7614.0989, ""601398.SH"": 5805.814, ""601939.SH"": 4285.5747, ""601988.SH"": 6944.43}",0.00794359856,-0.1080321844,0.00794099615
2026-03-26,equal-weight hold,172180.8745,172236.6672,328.20727,4,25.90793005,29.8848,99616,0,"{""601288.SH"": 7614.0989, ""601398.SH"": 5805.814, ""601939.SH"": 4285.5747, ""601988.SH"": 6944.43}",0.003394629117,-0.1050042844,0.003393525761
2026-03-27,equal-weight hold,171681.1795,171736.9722,328.20727,4,25.90793005,29.8848,99616,0,"{""601288.SH"": 7614.0989, ""601398.SH"": 5805.814, ""601939.SH"": 4285.5747, ""601988.SH"": 6944.43}",-0.002902151817,-0.1076016979,-0.002901211721
2026-03-30,equal-weight hold,173824.4535,173880.2463,328.20727,4,25.90793005,29.8848,99616,0,"{""601288.SH"": 7614.0989, ""601398.SH"": 5805.814, ""601939.SH"": 4285.5747, ""601988.SH"": 6944.43}",0.01248403632,-0.09646096506,0.01247998059
2026-03-31,equal-weight hold,177818.6877,177874.4805,328.20727,4,25.90793005,29.8848,99616,0,"{""601288.SH"": 7614.0989, ""601398.SH"": 5805.814, ""601939.SH"": 4285.5747, ""601988.SH"": 6944.43}",0.02297855167,-0.07569894666,0.02297117857
2026-04-01,equal-weight hold,176537.083,176592.8757,328.20727,4,25.90793005,29.8848,99616,0,"{""601288.SH"": 7614.0989, ""601398.SH"": 5805.814, ""601939.SH"": 4285.5747, ""601988.SH"": 6944.43}",-0.007207368214,-0.0823607247,-0.007205107526
2026-04-02,equal-weight hold,179621.8512,179677.6439,328.20727,4,25.90793005,29.8848,99616,0,"{""601288.SH"": 7614.0989, ""601398.SH"": 5805.814, ""601939.SH"": 4285.5747, ""601988.SH"": 6944.43}",0.01747376918,-0.06632610781,0.01746824852
2026-04-03,equal-weight hold,176653.2325,176709.0252,328.20727,4,25.90793005,29.8848,99616,0,"{""601288.SH"": 7614.0989, ""601398.SH"": 5805.814, ""601939.SH"": 4285.5747, ""601988.SH"": 6944.43}",-0.01652704691,-0.08175698002,-0.016521915
2026-04-07,equal-weight hold,173977.3884,174033.1812,328.20727,4,25.90793005,29.8848,99616,0,"{""601288.SH"": 7614.0989, ""601398.SH"": 5805.814, ""601939.SH"": 4285.5747, ""601988.SH"": 6944.43}",-0.01514743869,-0.09566600987,-0.01514265616
2026-04-08,equal-weight hold,173025.1133,173080.906,328.20727,4,25.90793005,29.8848,99616,0,"{""601288.SH"": 7614.0989, ""601398.SH"": 5805.814, ""601939.SH"": 4285.5747, ""601988.SH"": 6944.43}",-0.005473556858,-0.1006159334,-0.005471802108
2026-04-09,equal-weight hold,172378.9597,172434.7525,328.20727,4,25.90793005,29.8848,99616,0,"{""601288.SH"": 7614.0989, ""601398.SH"": 5805.814, ""601939.SH"": 4285.5747, ""601988.SH"": 6944.43}",-0.003734449602,-0.1039746379,-0.0037332458
2026-04-10,equal-weight hold,171780.358,171836.1508,328.20727,4,25.90793005,29.8848,99616,0,"{""601288.SH"": 7614.0989, ""601398.SH"": 5805.814, ""601939.SH"": 4285.5747, ""601988.SH"": 6944.43}",-0.003472591482,-0.1070861679,-0.003471467895
2026-04-13,equal-weight hold,173130.035,173185.8277,328.20727,4,25.90793005,29.8848,99616,0,"{""601288.SH"": 7614.0989, ""601398.SH"": 5805.814, ""601939.SH"": 4285.5747, ""601988.SH"": 6944.43}",0.007856992312,-0.1000705508,0.007854441259
2026-04-14,equal-weight hold,175015.4503,175071.243,328.20727,4,25.90793005,29.8848,99616,0,"{""601288.SH"": 7614.0989, ""601398.SH"": 5805.814, ""601939.SH"": 4285.5747, ""601988.SH"": 6944.43}",0.01089016879,-0.09027016718,0.01088666047
2026-04-15,equal-weight hold,177539.5849,177595.3776,328.20727,4,25.90793005,29.8848,99616,0,"{""601288.SH"": 7614.0989, ""601398.SH"": 5805.814, ""601939.SH"": 4285.5747, ""601988.SH"": 6944.43}",0.01442235301,-0.07714972239,0.01441775681
2026-04-16,equal-weight hold,177645.2015,177700.9943,328.20727,4,25.90793005,29.8848,99616,0,"{""601288.SH"": 7614.0989, ""601398.SH"": 5805.814, ""601939.SH"": 4285.5747, ""601988.SH"": 6944.43}",0.0005948906431,-0.0766007274,0.0005947037544
2026-04-17,equal-weight hold,177675.6196,177731.4123,328.20727,4,25.90793005,29.8848,99616,0,"{""601288.SH"": 7614.0989, ""601398.SH"": 5805.814, ""601939.SH"": 4285.5747, ""601988.SH"": 6944.43}",0.0001712293123,-0.07644261437,0.0001711755515
2026-04-20,equal-weight hold,181694.3681,181750.1608,328.20727,4,25.90793005,29.8848,99616,0,"{""601288.SH"": 7614.0989, ""601398.SH"": 5805.814, ""601939.SH"": 4285.5747, ""601988.SH"": 6944.43}",0.02261845753,-0.05555317087,0.02261135723
2026-04-21,equal-weight hold,182631.1196,182686.9124,328.20727,4,25.90793005,29.8848,99616,0,"{""601288.SH"": 7614.0989, ""601398.SH"": 5805.814, ""601939.SH"": 4285.5747, ""601988.SH"": 6944.43}",0.005155644494,-0.05068393878,0.005154061841
2026-04-22,equal-weight hold,180330.8542,180386.6469,328.20727,4,25.90793005,29.8848,99616,0,"{""601288.SH"": 7614.0989, ""601398.SH"": 5805.814, ""601939.SH"": 4285.5747, ""601988.SH"": 6944.43}",-0.01259514508,-0.0626407123,-0.01259129851
2026-04-23,equal-weight hold,179978.616,180034.4087,328.20727,4,25.90793005,29.8848,99616,0,"{""601288.SH"": 7614.0989, ""601398.SH"": 5805.814, ""601939.SH"": 4285.5747, ""601988.SH"": 6944.43}",-0.001953288571,-0.06447164548,-0.001952684428
2026-04-24,equal-weight hold,180028.1684,180083.9612,328.20727,4,25.90793005,29.8848,99616,0,"{""601288.SH"": 7614.0989, ""601398.SH"": 5805.814, ""601939.SH"": 4285.5747, ""601988.SH"": 6944.43}",0.000275324015,-0.06421407206,0.000275238692
2026-04-27,equal-weight hold,178103.7136,178159.5063,328.20727,4,25.90793005,29.8848,99616,0,"{""601288.SH"": 7614.0989, ""601398.SH"": 5805.814, ""601939.SH"": 4285.5747, ""601988.SH"": 6944.43}",-0.01068974281,-0.07421738295,-0.01068643096
2026-04-28,equal-weight hold,179538.1663,179593.959,328.20727,4,25.90793005,29.8848,99616,0,"{""601288.SH"": 7614.0989, ""601398.SH"": 5805.814, ""601939.SH"": 4285.5747, ""601988.SH"": 6944.43}",0.008054030094,-0.06676110189,0.00805150788
2026-04-29,equal-weight hold,178789.2206,178845.0134,328.20727,4,25.90793005,29.8848,99616,0,"{""601288.SH"": 7614.0989, ""601398.SH"": 5805.814, ""601939.SH"": 4285.5747, ""601988.SH"": 6944.43}",-0.004171512164,-0.07065411931,-0.004170216241
2026-04-30,equal-weight hold,178843.0256,178898.8184,328.20727,4,25.90793005,29.8848,99616,0,"{""601288.SH"": 7614.0989, ""601398.SH"": 5805.814, ""601939.SH"": 4285.5747, ""601988.SH"": 6944.43}",0.0003009409425,-0.07037444108,0.0003008470605
2026-05-06,equal-weight hold,176943.043,176998.8358,328.20727,4,25.90793005,29.8848,99616,0,"{""601288.SH"": 7614.0989, ""601398.SH"": 5805.814, ""601939.SH"": 4285.5747, ""601988.SH"": 6944.43}",-0.01062374437,-0.08025054538,-0.01062043116
2026-05-07,equal-weight hold,176668.7681,176724.5609,328.20727,4,25.90793005,29.8848,99616,0,"{""601288.SH"": 7614.0989, ""601398.SH"": 5805.814, ""601939.SH"": 4285.5747, ""601988.SH"": 6944.43}",-0.001550074575,-0.08167622562,-0.001549585968
2026-05-08,equal-weight hold,177148.4423,177204.235,328.20727,4,25.90793005,29.8848,99616,0,"{""601288.SH"": 7614.0989, ""601398.SH"": 5805.814, ""601939.SH"": 4285.5747, ""601988.SH"": 6944.43}",0.002715104397,-0.0791828807,0.002714247226
2026-05-11,equal-weight hold,176135.5298,176191.3225,328.20727,4,25.90793005,29.8848,99616,0,"{""601288.SH"": 7614.0989, ""601398.SH"": 5805.814, ""601939.SH"": 4285.5747, ""601988.SH"": 6944.43}",-0.005717874025,-0.08444799699,-0.005716073753
2026-05-12,equal-weight hold,176510.398,176566.1907,328.20727,4,25.90793005,29.8848,99616,0,"{""601288.SH"": 7614.0989, ""601398.SH"": 5805.814, ""601939.SH"": 4285.5747, ""601988.SH"": 6944.43}",0.002128294127,-0.08249943304,0.002127620181
2026-05-13,equal-weight hold,175887.865,175943.6577,328.20727,4,25.90793005,29.8848,99616,0,"{""601288.SH"": 7762.7958, ""601398.SH"": 5940.9302, ""601939.SH"": 4285.5747, ""601988.SH"": 6944.43}",-0.003526891535,-0.08573535803,-0.003525777081
2026-05-14,equal-weight hold,177914.9116,177970.7043,328.20727,4,25.90793005,29.8848,99616,0,"{""601288.SH"": 7762.7958, ""601398.SH"": 5940.9302, ""601939.SH"": 4285.5747, ""601988.SH"": 6944.43}",0.01152465295,-0.07519877532,0.01152099842
2026-05-15,equal-weight hold,177410.983,177466.7758,328.20727,4,25.90793005,29.8848,99616,0,"{""601288.SH"": 7762.7958, ""601398.SH"": 5940.9302, ""601939.SH"": 4285.5747, ""601988.SH"": 6944.43}",-0.002832413311,-0.07781819462,-0.002831525367
2026-05-18,equal-weight hold,176313.4063,176369.1991,328.20727,4,25.90793005,29.8848,99616,0,"{""601288.SH"": 7762.7958, ""601398.SH"": 5940.9302, ""601939.SH"": 4285.5747, ""601988.SH"": 6944.43}",-0.006186633313,-0.0835233953,-0.006184688334
2026-05-19,equal-weight hold,177890.8523,177946.645,328.20727,4,25.90793005,29.8848,99616,0,"{""601288.SH"": 7762.7958, ""601398.SH"": 5940.9302, ""601939.SH"": 4285.5747, ""601988.SH"": 6944.43}",0.008946829157,-0.07532383569,0.008943998912
2026-05-20,equal-weight hold,174630.8621,174686.6548,328.20727,4,25.90793005,29.8848,99616,0,"{""601288.SH"": 7762.7958, ""601398.SH"": 5940.9302, ""601939.SH"": 4285.5747, ""601988.SH"": 6944.43}",-0.01832578848,-0.09226925549,-0.01832004268
2026-05-21,equal-weight hold,176689.3784,176745.1712,328.20727,4,25.90793005,29.8848,99616,0,"{""601288.SH"": 7762.7958, ""601398.SH"": 5940.9302, ""601939.SH"": 4285.5747, ""601988.SH"": 6944.43}",0.01178781518,-0.08156909324,0.0117840503
2026-05-22,equal-weight hold,177110.4111,177166.2038,328.20727,4,25.90793005,29.8848,99616,0,"{""601288.SH"": 7762.7958, ""601398.SH"": 5940.9302, ""601939.SH"": 4285.5747, ""601988.SH"": 6944.43}",0.002382897337,-0.07938056668,0.002382145134
2026-05-25,equal-weight hold,177344.9461,177400.7388,328.20727,4,25.90793005,29.8848,99616,0,"{""601288.SH"": 7762.7958, ""601398.SH"": 5940.9302, ""601939.SH"": 4285.5747, ""601988.SH"": 6944.43}",0.001324230272,-0.07816145456,0.001323813248
2026-05-26,equal-weight hold,178047.0914,178102.8842,328.20727,4,25.90793005,29.8848,99616,0,"{""601288.SH"": 7762.7958, ""601398.SH"": 5940.9302, ""601939.SH"": 4285.5747, ""601988.SH"": 6944.43}",0.00395920715,-0.0745117048,0.003957961975
2026-05-27,equal-weight hold,176034.3606,176090.1533,328.20727,4,25.90793005,29.8848,99616,0,"{""601288.SH"": 7762.7958, ""601398.SH"": 5940.9302, ""601939.SH"": 4285.5747, ""601988.SH"": 6944.43}",-0.01130448611,-0.08497387438,-0.01130094485
2026-05-28,equal-weight hold,173947.9047,174003.6974,328.20727,4,25.90793005,29.8848,99616,0,"{""601288.SH"": 7762.7958, ""601398.SH"": 5940.9302, ""601939.SH"": 4285.5747, ""601988.SH"": 6944.43}",-0.01185254912,-0.09581926647,-0.01184879373
2026-05-29,equal-weight hold,175661.2764,175717.0692,328.20727,4,25.90793005,29.8848,99616,0,"{""601288.SH"": 7762.7958, ""601398.SH"": 5940.9302, ""601939.SH"": 4285.5747, ""601988.SH"": 6944.43}",0.00984991327,-0.08691316467,0.009846754983
2026-06-01,equal-weight hold,178456.6052,178512.3979,328.20727,4,25.90793005,29.8848,99616,0,"{""601288.SH"": 7762.7958, ""601398.SH"": 5940.9302, ""601939.SH"": 4285.5747, ""601988.SH"": 6944.43}",0.01591317575,-0.07238305338,0.01590812309
2026-06-02,equal-weight hold,179090.0652,179145.858,328.20727,4,25.90793005,29.8848,99616,0,"{""601288.SH"": 7762.7958, ""601398.SH"": 5940.9302, ""601939.SH"": 4285.5747, ""601988.SH"": 6944.43}",0.00354965871,-0.06909032981,0.00354854929
2026-06-03,equal-weight hold,177381.8003,177437.593,328.20727,4,25.90793005,29.8848,99616,0,"{""601288.SH"": 7762.7958, ""601398.SH"": 5940.9302, ""601939.SH"": 4285.5747, ""601988.SH"": 6944.43}",-0.009538580453,-0.07796988659,-0.009535609782
2026-06-04,equal-weight hold,176143.1973,176198.99,328.20727,4,25.90793005,29.8848,99616,0,"{""601288.SH"": 7762.7958, ""601398.SH"": 5940.9302, ""601939.SH"": 4285.5747, ""601988.SH"": 6944.43}",-0.006982694943,-0.0844081416,-0.006980499334
2026-06-05,equal-weight hold,179118.391,179174.1837,328.20727,4,25.90793005,29.8848,99616,0,"{""601288.SH"": 7762.7958, ""601398.SH"": 5940.9302, ""601939.SH"": 4285.5747, ""601988.SH"": 6944.43}",0.01689076731,-0.06894309257,0.01688541892
2026-06-08,equal-weight hold,182795.5389,182851.3316,328.20727,4,25.90793005,29.8848,99616,0,"{""601288.SH"": 7762.7958, ""601398.SH"": 5940.9302, ""601939.SH"": 4285.5747, ""601988.SH"": 6944.43}",0.0205291475,-0.04982928798,0.02052275496
2026-06-09,equal-weight hold,183325.1829,183380.9756,328.20727,4,25.90793005,29.8848,99616,0,"{""601288.SH"": 7762.7958, ""601398.SH"": 5940.9302, ""601939.SH"": 4285.5747, ""601988.SH"": 6944.43}",0.0028974669,-0.0470761998,0.002896582807
2026-06-10,equal-weight hold,186252.3534,186308.1461,328.20727,4,25.90793005,29.8848,99616,0,"{""601288.SH"": 7762.7958, ""601398.SH"": 5940.9302, ""601939.SH"": 4285.5747, ""601988.SH"": 6944.43}",0.01596709428,-0.03186077564,0.01596223637
2026-06-11,equal-weight hold,186173.7662,186229.5589,328.20727,4,25.90793005,29.8848,99616,0,"{""601288.SH"": 7762.7958, ""601398.SH"": 5940.9302, ""601939.SH"": 4285.5747, ""601988.SH"": 6944.43}",-0.0004219391969,-0.03226927152,-0.000421812841
2026-06-12,equal-weight hold,188871.7695,188927.5622,328.20727,4,25.90793005,29.8848,99616,0,"{""601288.SH"": 7762.7958, ""601398.SH"": 5940.9302, ""601939.SH"": 4285.5747, ""601988.SH"": 6944.43}",0.01449185535,-0.01824505779,0.01448751372
2026-06-15,equal-weight hold,184253.0017,184308.7944,328.20727,4,25.90793005,29.8848,99616,0,"{""601288.SH"": 7762.7958, ""601398.SH"": 5940.9302, ""601939.SH"": 4285.5747, ""601988.SH"": 6944.43}",-0.02445451643,-0.04225340015,-0.02444729469
2026-06-16,equal-weight hold,181250.6413,181306.4341,328.20727,4,25.90793005,29.8848,99616,0,"{""601288.SH"": 7762.7958, ""601398.SH"": 5940.9302, ""601939.SH"": 4285.5747, ""601988.SH"": 6944.43}",-0.01629477044,-0.05785966113,-0.0162898378
2026-06-17,equal-weight hold,179407.2959,179463.0886,328.20727,4,25.90793005,29.8848,99616,0,"{""601288.SH"": 7762.7958, ""601398.SH"": 5940.9302, ""601939.SH"": 4285.5747, ""601988.SH"": 6944.43}",-0.01017014589,-0.06744136583,-0.01016701627
2026-06-18,equal-weight hold,174965.983,175021.7758,328.20727,4,25.90793005,29.8848,99616,0,"{""601288.SH"": 7762.7958, ""601398.SH"": 5940.9302, ""601939.SH"": 4285.5747, ""601988.SH"": 6944.43}",-0.02475547514,-0.09052729791,-0.02474777899
2026-06-22,equal-weight hold,176633.3244,176689.1171,328.20727,4,25.90793005,29.8848,99616,0,"{""601288.SH"": 7762.7958, ""601398.SH"": 5940.9302, ""601939.SH"": 4285.5747, ""601988.SH"": 6944.43}",0.009529517379,-0.08186046199,0.009526479598
2026-06-23,equal-weight hold,180968.3778,181024.1706,328.20727,4,25.90793005,29.8848,99616,0,"{""601288.SH"": 7762.7958, ""601398.SH"": 5940.9302, ""601939.SH"": 4285.5747, ""601988.SH"": 6944.43}",0.02454267024,-0.05932686608,0.02453492045
2026-06-24,equal-weight hold,176756.2182,176812.0109,328.20727,4,25.90793005,29.8848,99616,0,"{""601288.SH"": 7762.7958, ""601398.SH"": 5940.9302, ""601939.SH"": 4285.5747, ""601988.SH"": 6944.43}",-0.02327566684,-0.08122166055,-0.02326849314
2026-06-25,equal-weight hold,173810.7065,173866.4993,328.20727,4,25.90793005,29.8848,99616,0,"{""601288.SH"": 7762.7958, ""601398.SH"": 5940.9302, ""601939.SH"": 4285.5747, ""601988.SH"": 6944.43}",-0.01666426037,-0.09653242202,-0.01665900199
2026-06-26,equal-weight hold,172770.4014,172826.1942,328.20727,4,25.90793005,29.8848,99616,0,"{""601288.SH"": 7762.7958, ""601398.SH"": 5940.9302, ""601939.SH"": 4285.5747, ""601988.SH"": 6944.43}",-0.005985276271,-0.1019399251,-0.005983355631
2026-06-29,equal-weight hold,174066.4623,174122.255,328.20727,4,25.90793005,29.8848,99616,0,"{""601288.SH"": 7762.7958, ""601398.SH"": 5940.9302, ""601939.SH"": 4285.5747, ""601988.SH"": 6944.43}",0.007501637021,-0.09520300437,0.0074992153
2026-06-30,equal-weight hold,170442.9781,170498.7708,328.20727,4,25.90793005,29.8848,99616,0,"{""601288.SH"": 7762.7958, ""601398.SH"": 5940.9302, ""601939.SH"": 4285.5747, ""601988.SH"": 6944.43}",-0.02081667029,-0.1140378651,-0.02081000016
