tree
version=v4
num_class=1
num_tree_per_iteration=1
label_index=0
max_feature_idx=23
objective=lambdarank
feature_names=Column_0 Column_1 Column_2 Column_3 Column_4 Column_5 Column_6 Column_7 Column_8 Column_9 Column_10 Column_11 Column_12 Column_13 Column_14 Column_15 Column_16 Column_17 Column_18 Column_19 Column_20 Column_21 Column_22 Column_23
feature_infos=[-2.8707199096679688:1.3665225505828857] [-1.4033499956130981:2.5005612373352051] [-1.2703711986541748:2.8120923042297363] [-2.4748332500457764:2.8062193393707275] [-0.66183751821517944:1.6389422416687012] [-2.6019799709320068:1.8919925689697266] [-1.1248760223388672:3.0370988845825195] [-3.5753879547119141:1.9016095399856567] [-2.1968531608581543:2.1679477691650391] [-1.0730923414230347:1.9400030374526978] [-0.21451142430305481:2.8151693344116211] [-2.9535558223724365:2.4795088768005371] [-2.4684848785400391:3.1746187210083008] [-4.3413271903991699:1.7943376302719116] [-1.2829312086105347:4.3881587982177734] [-2.6704778671264648:2.63877272605896] [-4.3478174209594727:1.5158103704452515] [-2.9773988723754883:2.9774856567382812] [-4.8661012649536133:1.0583555698394775] [-3.5699975490570068:2.0406937599182129] [0:1] [0:1] [0:1] [0:1]
tree_sizes=881 667 901 904 907 899 876 899 686 906 904 900 864 877 908 656 898 694 905 685 899 904 898 870 691 899 793 883 904 890 868 776 902 909 898 901 794 695 892 900 881 853 905 900 904 895 879 893 893 906 909 900 854 691 790 693 903 905 889 904 902 884 902 670 909 905 688 895 867 878 689 902 899 695 900 581 900 898 892 899 682 897 878 884 898 905 787 886 911 691 771 891 878 901 909 866 793 801 896 881 863 680 903 910 854 901 902 691 902 907 909 883 908 768 885 892 584 882 906 766 905 903 886 794 875 909 908 904 902 905 899 895 903 573 766 784 675 905 889 913 900 800 903 689 908 905 900 901 901 905 803 906 908 897 904 898 773 902 899 884 856 906 900 906 687 882 912 904 797 903 911 897 900 690 882 905 694 773 903 891

Tree=0
num_leaves=7
num_cat=0
split_feature=14 0 12 10 11 1
split_gain=6.10684 6.46797 4.20989 3.06164 3.16461 1.34593
threshold=0.032302133738994605 -1.601764380931854 1.0393956303596499 0.69270488619804393 0.42289987206459051 0.34555119276046758
decision_type=2 2 2 2 2 2
left_child=1 2 -1 -2 -5 -3
right_child=3 5 -4 4 -6 -7
leaf_value=-0.0069231579065268754 0.0043628985162980005 0.0097986136230702181 0.003968088118164171 -0.0056681728401708166 0.00089059905256225745 0
leaf_weight=45.850027117878199 22.195663567632437 79.05154574662447 37.48457583039999 214.35408896766603 65.128001490607858 11.566936407238243
leaf_count=502 293 994 419 2432 635 140
internal_value=-0.000319002 0.00376556 -0.00162372 -0.00294845 -0.00398202 0.00866156
internal_weight=475.631 173.953 83.3346 301.678 279.482 90.6185
internal_count=5415 2055 921 3360 3067 1134
is_linear=0
shrinkage=0.03


Tree=1
num_leaves=5
num_cat=0
split_feature=14 11 0 4
split_gain=71.9567 59.3221 40.6341 35.8215
threshold=-0.9501376450061797 -0.39117380976676935 -1.5506523251533506 -0.41531695425510401
decision_type=2 2 2 2
left_child=-1 2 -2 -3
right_child=1 3 -4 -5
leaf_value=0.024679096875866769 -0.011473958227498282 0.017055454272939575 0 0.0012191688599753538
leaf_weight=84.293602585792542 588.18676543980837 118.97665070742369 523.09979010000825 2002.8806946612895
leaf_count=84 1106 222 799 3207
internal_value=0.000136485 -0.00063273 -0.00620082 0.00228612
internal_weight=3317.44 3233.14 1111.29 2121.86
internal_count=5418 5334 1905 3429
is_linear=0
shrinkage=0.03


Tree=2
num_leaves=7
num_cat=0
split_feature=14 19 2 11 6 11
split_gain=53.4432 42.8462 31.2908 42.6126 37.045 29.86
threshold=0.032302133738994605 0.77885994315147411 0.025643150322139267 -0.59871047735214222 0.29515175521373754 -0.10418223962187766
decision_type=2 2 2 2 2 2
left_child=1 -1 3 -2 -4 -3
right_child=2 5 4 -5 -6 -7
leaf_value=-0.004673195532843585 -0.010450721935200181 0.0018750011208088844 -0.011405724544806112 0.0035202665616787718 0.0016135534613310825 0.011799784759079734
leaf_weight=327.9687739610672 232.83052907511592 530.79964746534824 580.46999451890588 857.33255464211106 274.7041162326932 602.56533288955688
leaf_count=504 440 753 1032 1472 432 794
internal_value=0.000240954 0.00455857 -0.00298528 0.000347861 -0.00721374 0.00731675
internal_weight=3406.67 1461.33 1945.34 1090.16 855.174 1133.36
internal_count=5427 2051 3376 1912 1464 1547
is_linear=0
shrinkage=0.03


Tree=3
num_leaves=7
num_cat=0
split_feature=14 2 18 0 0 11
split_gain=67.2216 45.6008 42.0697 61.1119 31.9602 30.7288
threshold=0.042414981871843345 0.025643150322139267 -1.4761692881584165 -1.601764380931854 -1.9517886042594907 -0.59871047735214222
decision_type=2 2 2 2 2 2
left_child=2 5 4 -4 -1 -2
right_child=1 -3 3 -5 -6 -7
leaf_value=0.0085992102423190619 -0.0090254787246632755 -0.0087609871273856034 -0.00051091267421844852 0.012866013252345071 -0.015367366168191513 0.0033095104601816817
leaf_weight=57.555832117795944 208.49859388172626 762.92095063999295 505.82342429459095 726.40480119362473 123.65982472896576 856.63894152641296
leaf_count=98 437 1477 805 979 173 1478
internal_value=0.000507014 -0.00325759 0.00539529 0.00740648 -0.00735904 0.000717823
internal_weight=3241.5 1828.06 1413.44 1232.23 181.216 1065.14
internal_count=5447 3392 2055 1784 271 1915
is_linear=0
shrinkage=0.03


Tree=4
num_leaves=7
num_cat=0
split_feature=15 14 14 13 9 10
split_gain=37.1761 30.0305 47.3555 27.6009 27.8001 22.114
threshold=-1.3680185079574583 0.084452744573354735 -0.28810544312000269 0.033501978963613517 0.19283358752727511 0.62266781926155101
decision_type=2 2 2 2 2 2
left_child=3 2 -2 -1 -5 -3
right_child=1 5 -4 4 -6 -7
leaf_value=-0.011526302599696113 -0.00077001873256694355 0.014041054331735123 0.012595183876510473 0.0022204870204682093 -0.010393039938417213 -0.0018243993892505166
leaf_weight=291.94792313873768 408.2059876807034 65.545387715101242 521.65635488554835 608.04769358411431 188.76189316809177 983.90523448213935
leaf_count=543 638 121 802 1121 320 1858
internal_value=0.000444113 0.00290208 0.00677207 -0.00394198 -0.000875478 -0.000533336
internal_weight=3068.07 1979.31 929.862 1088.76 796.81 1049.45
internal_count=5403 3419 1440 1984 1441 1979
is_linear=0
shrinkage=0.03


Tree=5
num_leaves=7
num_cat=0
split_feature=0 17 12 4 18 11
split_gain=36.1708 47.7162 46.1703 30.8924 29.1389 27.6806
threshold=-1.578825771808624 1.6386494636535647 2.3911161422729497 -0.19997730851173398 0.69650995731353771 0.33389452099800115
decision_type=2 2 2 2 2 2
left_child=2 4 5 -4 -2 -1
right_child=1 -3 3 -5 -6 -7
leaf_value=-0.0075719384259815316 -0.0017308970313249113 0.013404069818919577 0.022160661644410818 0.00048971916688813591 0.01119864028838544 0.0026861618948541186
leaf_weight=1041.2341783195734 910.78731007874012 316.78065872937441 73.675103306770325 179.75210899114609 168.26552687585354 283.57120847702026
leaf_count=2004 1566 559 110 354 304 515
internal_value=2.83957e-05 0.00353958 -0.00304488 0.00816936 0.000397816 -0.00532431
internal_weight=2974.07 1395.83 1578.23 253.427 1079.05 1324.81
internal_count=5412 2429 2983 464 1870 2519
is_linear=0
shrinkage=0.03


Tree=6
num_leaves=7
num_cat=0
split_feature=6 16 7 12 13 0
split_gain=32.145 29.0075 27.1984 24.9079 24.0093 21.8759
threshold=0.033697228878736503 0.73274591565132152 0.24519682675600055 1.4402540922164919 1.2090193629264834 -1.5939244031906126
decision_type=2 2 2 2 2 2
left_child=2 5 3 -1 -4 -2
right_child=1 -3 4 -5 -6 -7
leaf_value=0.0019987575350206418 -0.010927814222595155 0.003522681804548121 0 0.012791566346304706 -0.019274338646840243 -0.0014892983656252276
leaf_weight=542.20989295840263 481.67206835746765 324.23586498200893 784.99507876485586 302.4451966136694 42.61418753862381 437.73781231045723
leaf_count=1007 975 590 1486 535 80 779
internal_value=-0.000281538 -0.00391823 0.00240192 0.00613921 -0.00139642 -0.00662532
internal_weight=2915.91 1243.65 1672.26 844.655 827.609 919.41
internal_count=5452 2344 3108 1542 1566 1754
is_linear=0
shrinkage=0.03


Tree=7
num_leaves=7
num_cat=0
split_feature=14 2 12 0 10 6
split_gain=36.8121 35.2855 33.4695 58.1967 34.3598 25.1582
threshold=0.0225565554574132 0.025643150322139267 0.82326433062553417 -1.601764380931854 0.72758689522743236 0.34702226519584661
decision_type=2 2 2 2 2 2
left_child=2 -2 3 -1 -4 -3
right_child=1 5 4 -5 -6 -7
leaf_value=-0.01413703206737105 0.00037238723509187393 -0.011794119639132144 -0.0072470760699554415 0.0056740893457280861 0.010707083309634316 0.00097243787899789318
leaf_weight=196.89196851104498 985.61706329882145 491.90295986831188 95.378356739878654 324.1698739528656 583.4638906866312 175.22175087034702
leaf_count=426 1911 1149 151 500 916 347
internal_value=-0.000292866 -0.00320021 0.00364932 -0.00194683 0.00796343 -0.00842293
internal_weight=2852.65 1652.74 1199.9 521.062 678.842 667.125
internal_count=5400 3407 1993 926 1067 1496
is_linear=0
shrinkage=0.03


Tree=8
num_leaves=5
num_cat=0
split_feature=14 15 3 4
split_gain=39.0786 32.1491 20.1336 12.9654
threshold=-0.9501376450061797 -2.1390551328659053 0.55922400951385509 -0.13052364438772199
decision_type=2 2 2 2
left_child=-1 3 -3 -2
right_child=1 2 -4 -5
leaf_value=0.020761283613649501 -0.0010358733748243242 0.0016502617847936878 -0.0065139777314814967 -0.016217397897134299
leaf_weight=61.034707397222519 93.793358273804188 2183.5262204930186 288.77654585242271 131.61276984214783
leaf_count=88 199 4296 578 263
internal_value=0.000219803 -0.000372228 0.000627946 -0.010744
internal_weight=2758.74 2697.71 2472.3 225.406
internal_count=5424 5336 4874 462
is_linear=0
shrinkage=0.03


Tree=9
num_leaves=7
num_cat=0
split_feature=1 14 9 9 18 18
split_gain=34.0197 21.2931 31.1192 21.825 13.9942 14.9345
threshold=0.19105150550603869 0.072528805583715453 -0.28328327834606165 -0.087663833051919923 0.25504198670387274 -1.1843579411506651
decision_type=2 2 2 2 2 2
left_child=1 2 -1 -3 5 -2
right_child=4 3 -4 -5 -6 -7
leaf_value=-0.0079410522701947161 -0.01038795484288578 0.0032011776044142425 0.0073851272585387356 -0.0047996540067995934 -0.010775285194921047 0.0021490320627040541
leaf_weight=119.35428953915834 102.57749892771244 578.34939964860678 788.3888825327158 604.03799483180046 286.70485881716013 252.89888429641724
leaf_count=221 220 1227 1377 1286 578 522
internal_value=-7.55736e-05 0.00176467 0.00517755 -0.000848099 -0.0060281 -0.00166951
internal_weight=2732.31 2090.13 907.743 1182.39 642.181 355.476
internal_count=5431 4111 1598 2513 1320 742
is_linear=0
shrinkage=0.03


Tree=10
num_leaves=7
num_cat=0
split_feature=11 12 8 4 16 12
split_gain=28.0022 24.358 25.6869 19.2552 17.2427 22.7999
threshold=-0.45790398120880121 -0.95737615227699269 -0.89149728417396534 -0.14840725809335706 -0.44125856459140772 -0.37473113834857935
decision_type=2 2 2 2 2 2
left_child=4 2 -2 -3 5 -1
right_child=1 3 -4 -5 -6 -7
leaf_value=-0.0061985402581439947 0.0055545298090528038 0.0074021498665086819 -0.018041738333484745 0.000799903175519442 -0.0058057263956616716 0.018118685596410722
leaf_weight=49.664843343198299 52.112176775932312 646.69529481977224 82.533269256353378 1058.3698223158717 739.14360904693604 49.277628675103188
leaf_count=113 107 1261 164 2102 1559 92
internal_value=0.00028329 0.00237039 -0.00898396 0.00339556 -0.00417671 0.00641822
internal_weight=2677.8 1839.71 134.645 1705.07 838.086 98.9425
internal_count=5398 3634 271 3363 1764 205
is_linear=0
shrinkage=0.03


Tree=11
num_leaves=7
num_cat=0
split_feature=4 12 10 14 10 7
split_gain=28.3521 35.1141 29.4149 25.779 25.5392 23.9533
threshold=-0.14380541443824765 2.3911161422729497 0.67705529928207409 0.65313881635665905 1.439432740211487 -0.24278289824724195
decision_type=2 2 2 2 2 2
left_child=1 2 -1 5 -5 -2
right_child=3 -3 -4 4 -6 -7
leaf_value=0.012771781109123116 0.0061578386369029112 0.0155594632214124 -0.0015417672383834964 -0.012677649563917726 -0.0011241498244752215 -0.0030621947383329354
leaf_weight=138.5289439111948 406.55904226005077 171.07588414847851 663.37447157502174 322.85091109573841 380.01330464333296 600.31857496500015
leaf_count=256 741 332 1405 761 846 1115
internal_value=-4.62283e-05 0.00397202 0.00110852 -0.0023871 -0.00671802 0.000649684
internal_weight=2682.72 972.979 801.903 1709.74 702.864 1006.88
internal_count=5456 1993 1661 3463 1607 1856
is_linear=0
shrinkage=0.03


Tree=12
num_leaves=7
num_cat=0
split_feature=1 15 0 12 6 12
split_gain=30.1478 22.8695 22.3743 16.1888 13.5 12.6958
threshold=0.21718743443489077 -2.1390551328659053 -1.4749506711959837 1.1352675557136538 0.25877317786216741 2.3911161422729497
decision_type=2 2 2 2 2 2
left_child=1 5 -3 -2 -5 -1
right_child=3 2 -4 4 -6 -7
leaf_value=-0.014000670245193515 -0.010185594130846416 0 0.006570984886348781 -0.0057444791067041935 0.007723093263584664 0.00096300939049948889
leaf_weight=99.418203592300415 310.33886980265379 1090.9108359068632 818.8238678202033 133.52111706137657 98.766410231590271 72.702462270855904
leaf_count=236 670 2298 1588 295 203 150
internal_value=0.000226415 0.00189742 0.0028868 -0.00591752 0 -0.00792555
internal_weight=2624.48 2081.86 1909.73 542.626 232.288 172.121
internal_count=5440 4272 3886 1168 498 386
is_linear=0
shrinkage=0.03


Tree=13
num_leaves=7
num_cat=0
split_feature=11 16 4 3 12 8
split_gain=28.1134 19.9076 17.2957 15.1206 37.0371 28.8554
threshold=-0.39117380976676935 -0.18092829734086988 -0.14380541443824765 -1.5343680977821348 1.4909775853157046 -1.5029971599578855
decision_type=2 2 2 2 2 2
left_child=1 -1 -3 4 -2 -5
right_child=3 2 -4 5 -6 -7
leaf_value=0.0048997643164094785 -0.013106218937383739 0 -0.009544022155705871 0.016623518651370853 0.0038460823216607998 0.0023702538677729717
leaf_weight=156.8443270213902 157.29254729300737 251.98075226694345 469.09411220997572 129.39699150621891 310.78521370142698 1106.401543058455
leaf_count=336 312 581 1013 251 654 2265
internal_value=0.000151364 -0.0041297 -0.00625393 0.0024143 -0.00203125 0.00415143
internal_weight=2581.8 877.919 721.075 1703.88 468.078 1235.8
internal_count=5412 1930 1594 3482 966 2516
is_linear=0
shrinkage=0.03


Tree=14
num_leaves=7
num_cat=0
split_feature=6 8 18 11 19 2
split_gain=20.8131 19.5432 18.0114 17.7714 19.5488 16.7433
threshold=0.080447144806385054 -0.28281617164611811 -1.8317407369613645 -0.35828459262847895 0.19194296002388003 0.1075386442244053
decision_type=2 2 2 2 2 2
left_child=3 2 -2 4 -1 -5
right_child=1 -3 -4 5 -6 -7
leaf_value=0.01141553088449615 -0.012534069109910527 -0.0096665515916092709 0.0016158900677659426 0.005350414565200059 -0.0047501777649238235 -0.0047356791625786931
leaf_weight=56.591650899499655 75.376210570335388 322.18683774769306 503.36570464074612 948.21832436323166 493.20452138036489 152.61187578737736
leaf_count=113 176 672 1120 1872 1122 337
internal_value=-0.000333674 -0.00397155 -0.000483932 0.00163978 -0.00263862 0.00383906
internal_weight=2551.56 900.929 578.742 1650.63 549.796 1100.83
internal_count=5412 1968 1296 3444 1235 2209
is_linear=0
shrinkage=0.03


Tree=15
num_leaves=5
num_cat=0
split_feature=14 1 14 12
split_gain=25.495 20.426 17.247 12.6399
threshold=-0.9501376450061797 0.19105150550603869 -0.60499837994575489 1.1352675557136538
decision_type=2 2 2 2
left_child=-1 2 -2 -3
right_child=1 3 -4 -5
leaf_value=0.018303159824534763 -0.0081158346349081978 -0.0087888444157239003 0.0023170854536347404 0
leaf_weight=50.338439971208572 133.38032805919647 309.91836584359407 1785.7406029999256 268.88786824792624
leaf_count=87 252 707 3811 572
internal_value=0.000490641 0 0.00148482 -0.00485393
internal_weight=2548.27 2497.93 1919.12 578.806
internal_count=5429 5342 4063 1279
is_linear=0
shrinkage=0.03


Tree=16
num_leaves=7
num_cat=0
split_feature=4 12 7 9 4 3
split_gain=25.2216 26.9916 24.7877 34.4053 26.4279 22.9584
threshold=-0.14840725809335706 1.9932576417922976 0.018813189119100574 -0.0017620853614062069 0.60834079980850231 0.75154209136962902
decision_type=2 2 2 2 2 2
left_child=1 5 3 -2 -4 -1
right_child=2 -3 4 -5 -6 -7
leaf_value=0.0025470526496810808 0.0095084625201692086 0.012053833670270662 -0.0080308115174836329 -0.0032077458236778769 0.005522585852399238 -0.01539172888572387
leaf_weight=602.37974362075329 290.57611000537872 249.23589098453522 704.34632832556963 473.34781796485186 137.33960457891226 51.32017657160759
leaf_count=1306 596 505 1601 976 269 121
internal_value=6.1386e-05 0.0040445 -0.00216387 0.0016718 -0.00567279 0.000634545
internal_weight=2508.55 902.936 1605.61 763.924 841.686 653.7
internal_count=5374 1932 3442 1572 1870 1427
is_linear=0
shrinkage=0.03


Tree=17
num_leaves=5
num_cat=0
split_feature=10 11 14 1
split_gain=22.7433 21.2599 17.493 14.5501
threshold=0.28812102973461157 -0.28392052650451655 0.095091454684734358 -0.19315014034509656
decision_type=2 2 2 2
left_child=-1 3 -3 -2
right_child=1 2 -4 -5
leaf_value=0.014749400223094304 0.0019871774861410195 0.0055830153774479099 -0.00091909147975084433 -0.0059508069980639972
leaf_weight=73.196902759373188 264.92204840481281 637.1103008389473 819.91631367057562 712.53909097984433
leaf_count=144 579 1186 1874 1638
internal_value=0.00018922 -0.000340727 0.00192055 -0.00374251
internal_weight=2507.68 2434.49 1457.03 977.461
internal_count=5421 5277 3060 2217
is_linear=0
shrinkage=0.03


Tree=18
num_leaves=7
num_cat=0
split_feature=0 18 14 12 11 7
split_gain=23.8516 26.6035 29.6671 23.5452 19.831 12.3647
threshold=-1.4714441299438474 -1.5700101256370542 0.072528805583715453 2.3652347326278691 -0.38350193202495569 0.53886583447456371
decision_type=2 2 2 2 2 2
left_child=3 -2 -3 4 -1 -5
right_child=1 2 -4 5 -6 -7
leaf_value=-0.0080648202099106326 -0.007942672202584081 0.011225903879737088 0.00037576151071237973 0.012102115099994119 -0.00014295235545340186 -0.00057714337413413482
leaf_weight=461.43855506926775 117.91577012091875 470.50695653259754 446.60676492750645 132.62538383901119 735.73044257611036 107.87622237205505
leaf_count=1128 253 869 1016 283 1607 243
internal_value=0.000902168 0.00434708 0.00612702 -0.0015624 -0.00332801 0.00657688
internal_weight=2472.7 1035.03 917.114 1437.67 1197.17 240.502
internal_count=5399 2138 1885 3261 2735 526
is_linear=0
shrinkage=0.03


Tree=19
num_leaves=5
num_cat=0
split_feature=14 15 1 1
split_gain=19.0705 17.7122 17.378 12.8398
threshold=-0.9501376450061797 -2.1390551328659053 -0.11237921193242072 0.37179833650588995
decision_type=2 2 2 2
left_child=-1 2 -2 -3
right_child=1 3 -4 -5
leaf_value=0.016100841134826578 0.0010550796803092553 0.0012285022857608198 -0.015930907157225824 -0.005889215709088064
leaf_weight=45.092069908976555 81.317489996552467 1986.0641561746597 103.75259048491716 236.2068273499608
leaf_count=83 192 4411 259 532
internal_value=5.62366e-05 -0.000349764 -0.00879988 0.000399415
internal_weight=2452.43 2407.34 185.07 2222.27
internal_count=5477 5394 451 4943
is_linear=0
shrinkage=0.03


Tree=20
num_leaves=7
num_cat=0
split_feature=4 17 10 19 12 1
split_gain=18.2206 20.2399 17.4975 30.853 18.2105 16.8956
threshold=-0.14840725809335706 0.72080725431442272 1.3970698714256289 1.0486072301864626 1.5395771265029909 -0.072296265512704835
decision_type=2 2 2 2 2 2
left_child=1 -1 3 -2 -4 -3
right_child=2 5 4 -5 -6 -7
leaf_value=-0.0010806300129142738 0.00059070198052105628 0.013378773357342869 -0.0020272814125717898 -0.011108601796015225 0.0069815888647706192 0.0015880696826952592
leaf_weight=389.781823143363 425.19526454806328 230.95859330892563 492.83406241983175 349.77538771182299 308.663459405303 227.76355265825987
leaf_count=871 955 514 1060 830 648 526
internal_value=0.000293822 0.00380903 -0.00158461 -0.00476082 0.00145458 0.00796074
internal_weight=2424.97 848.504 1576.47 774.971 801.498 458.722
internal_count=5404 1911 3493 1785 1708 1040
is_linear=0
shrinkage=0.03


Tree=21
num_leaves=7
num_cat=0
split_feature=14 16 19 10 11 16
split_gain=16.1733 20.8258 20.111 15.9686 15.6895 12.1517
threshold=0.032302133738994605 -0.31693476438522333 0.77885994315147411 0.53627943992614757 0.42289987206459051 -0.78098875284194935
decision_type=2 2 2 2 2 2
left_child=1 5 -3 -2 -5 -1
right_child=3 2 -4 4 -6 -7
leaf_value=0.0012720484687699827 0.01193600062373289 -0.0034793076023433953 0.0071972204993493265 -0.0041331890210996782 0.0034190991244538744 -0.015332980189473128
leaf_weight=62.038264513015747 52.69296982884407 181.91374827176332 702.96655720472336 1061.739802069962 295.95038962364197 59.040759466588497
leaf_count=134 124 379 1390 2617 680 123
internal_value=0.000357154 0.00324892 0.00490764 -0.00168004 -0.00241765 -0.00742544
internal_weight=2416.34 1005.96 884.88 1410.38 1357.69 121.079
internal_count=5447 2026 1769 3421 3297 257
is_linear=0
shrinkage=0.03


Tree=22
num_leaves=7
num_cat=0
split_feature=0 17 11 4 5 3
split_gain=17.4267 43.1873 31.3554 26.1856 15.5148 14.3935
threshold=-1.5506523251533506 1.7045393586158755 -0.28392052650451655 0.14726290106773379 0.23135967552661899 1.0910261273384096
decision_type=2 2 2 2 2 2
left_child=2 4 5 -3 -2 -1
right_child=1 3 -4 -5 -6 -7
leaf_value=-0.0093240358201772747 -0.003029843782410713 0.019949082457462908 0.001786257017435688 -0.0016094764675035013 0.0051324757283277766 0.0046479742291135866
leaf_weight=473.1349810436368 565.50379724055529 161.41746471822262 744.79321967810392 59.61909618973732 306.10115949064493 58.206781283020973
leaf_count=1193 1235 368 1697 126 642 147
internal_value=0.000218648 0.0029935 -0.00212045 0.0142342 -4.51756e-05 -0.00757154
internal_weight=2368.78 1092.64 1276.13 221.037 871.605 531.342
internal_count=5408 2371 3037 494 1877 1340
is_linear=0
shrinkage=0.03


Tree=23
num_leaves=7
num_cat=0
split_feature=10 3 11 11 5 15
split_gain=15.8577 18.2 17.528 12.4246 11.693 10.2634
threshold=0.59166395664215099 -1.4507091045379636 0.36377079784870153 0.68375051021575939 0.26124043762683874 -1.2963266372680662
decision_type=2 2 2 2 2 2
left_child=1 -1 4 -4 -2 -3
right_child=2 5 3 -5 -6 -7
leaf_value=-0.0085458965653514071 -0.0044749794257293142 0 0.0077257474570531981 -0.00092636937490130479 0.0010382879676475159 0.015021625706962872
leaf_weight=34.961876597255468 1116.1554446965456 47.602689899504185 265.94527520239353 282.48831599205732 465.84439338743687 126.697724416852
leaf_count=88 2688 115 578 618 1064 271
internal_value=-0.000384469 0.00708216 -0.00120483 0.00328785 -0.00282136 0.0110827
internal_weight=2339.7 209.262 2130.43 548.434 1582 174.3
internal_count=5422 474 4948 1196 3752 386
is_linear=0
shrinkage=0.03


Tree=24
num_leaves=5
num_cat=0
split_feature=14 1 15 18
split_gain=18.4686 15.1413 11.1039 6.97851
threshold=-0.9501376450061797 0.37179833650588995 -2.0328904390335079 0.25504198670387274
decision_type=2 2 2 2
left_child=-1 2 -2 -3
right_child=1 3 -4 -5
leaf_value=0.015995708053261774 -0.0056665546965049855 -0.0015714479785987681 0.00098042166486655654 -0.012591014470598592
leaf_weight=41.186968609690666 237.60764908790588 120.57101428881288 1808.7745928093791 110.05793934315443
leaf_count=88 599 292 4143 258
internal_value=-0.000233731 -0.000690131 0.000132223 -0.00765459
internal_weight=2318.2 2277.01 2046.38 230.629
internal_count=5380 5292 4742 550
is_linear=0
shrinkage=0.03


Tree=25
num_leaves=7
num_cat=0
split_feature=0 12 17 19 0 4
split_gain=13.3991 26.7952 25.0322 23.5274 14.1695 13.7457
threshold=-1.578825771808624 2.3911161422729497 1.5848463773727419 0.89739280939102184 -2.3227392435073848 0.045723903924226768
decision_type=2 2 2 2 2 2
left_child=1 4 3 -2 -1 -3
right_child=2 5 -4 -5 -6 -7
leaf_value=0.00043791222461303964 0.0072731243777853548 0.011316950925534862 0.010104215153251217 -0.0034659910494912656 -0.0068669923546771285 -0.004547614468033004
leaf_weight=340.87986802309752 239.06898248195648 152.29059483110905 253.78748374432325 606.86455187946558 664.52285415679216 49.756226554512978
leaf_count=820 490 351 584 1360 1657 115
internal_value=-0.000134093 -0.00232189 0.002213 -0.000263838 -0.00437153 0.0070822
internal_weight=2307.17 1207.45 1099.72 845.934 1005.4 202.047
internal_count=5377 2943 2434 1850 2477 466
is_linear=0
shrinkage=0.03


Tree=26
num_leaves=6
num_cat=0
split_feature=8 16 10 7 18
split_gain=11.5032 15.8226 11.0284 11.0713 9.96443
threshold=0.56788989901542675 0.38541732728481298 0.17358130961656573 -0.83705791831016529 0.029277474619448188
decision_type=2 2 2 2 2
left_child=2 -2 -1 -4 -3
right_child=1 4 3 -5 -6
leaf_value=0.014486816439087042 -0.015098434272079683 -0.0071105077679123841 0.0050639248837011297 -0.00042236969385329092 0.0095609603669544532
leaf_weight=33.161039732396603 79.257818199694157 39.497990280389786 383.3948996886611 1762.6443494148552 48.054582335054874
leaf_count=72 174 89 854 4213 100
internal_value=0.000308084 -0.00680386 0.000936686 0.000567777 0.00155837
internal_weight=2346.01 166.81 2179.2 2146.04 87.5526
internal_count=5502 363 5139 5067 189
is_linear=0
shrinkage=0.03


Tree=27
num_leaves=7
num_cat=0
split_feature=14 11 15 1 23 17
split_gain=13.1296 21.1402 30.208 21.3853 19.3007 18.5589
threshold=0.042414981871843345 -0.10418223962187766 -0.3038706481456756 -0.15106005221605298 1.0000000180025095e-35 0.39615409076213842
decision_type=2 2 2 2 2 2
left_child=1 3 -3 -1 -2 -6
right_child=4 2 -4 -5 5 -7
leaf_value=0.0071558022321861732 0.00013991181534624622 0.011636953487940157 -0.0045041692299339067 -0.005577467757040158 0 -0.015505125683851203
leaf_weight=155.82122410833836 1068.2557347714901 356.0216054469347 125.71964986622334 338.17758855223656 112.89446841925383 136.0778998658061
leaf_count=338 2827 706 258 760 229 298
internal_value=0.000305095 0.00293231 0.0072934 -0.00132215 -0.0016109 -0.00879794
internal_weight=2292.97 975.74 481.741 493.999 1317.23 248.972
internal_count=5416 2062 964 1098 3354 527
is_linear=0
shrinkage=0.03


Tree=28
num_leaves=7
num_cat=0
split_feature=1 3 12 16 16 9
split_gain=16.8572 20.7007 31.4085 22.9195 11.3986 10.7516
threshold=0.11564577370882036 -1.543423533439636 1.3342443704605105 0.55313318967819225 0.19556717574596408 0.012582462280988695
decision_type=2 2 2 2 2 2
left_child=1 2 -1 -3 5 -2
right_child=4 3 -4 -5 -6 -7
leaf_value=-0.017585019241624061 0.010250842273179083 -0.00026654742653637757 0.0014452399542986662 0.0076849545447952739 -0.0061068912175958412 -0.0033960082460728195
leaf_weight=97.004653669893742 69.282388776540756 692.37044286355376 211.98820506036282 572.41580817848444 521.19556575268507 99.088537983596325
leaf_count=235 166 1595 512 1331 1301 238
internal_value=-6.73007e-05 0.00161914 -0.00505254 0.00334905 -0.00393794 0.00239312
internal_weight=2263.35 1573.78 308.993 1264.79 689.566 168.371
internal_count=5378 3673 747 2926 1705 404
is_linear=0
shrinkage=0.03


Tree=29
num_leaves=7
num_cat=0
split_feature=6 7 4 18 8 7
split_gain=15.2391 15.9932 14.0132 11.7994 11.2935 11.4311
threshold=0.050461370497941978 0.25668038427829748 -0.14510283619165418 0.63331303000450145 -0.2989939004182815 -1.6757115125656126
decision_type=2 2 2 2 2 2
left_child=1 3 -3 -1 5 -2
right_child=4 2 -4 -5 -6 -7
leaf_value=0.0032031366637311795 -0.012832095949168952 0.0035495762454451738 -0.0048945547801389775 0.012913490385224342 -0.0070516047203063488 0.0012496753713367966
leaf_weight=564.64275681972504 37.163783565163612 313.48355086147785 351.02992437034845 140.12463446706533 304.61485351622105 540.4212830401957
leaf_count=1296 91 743 866 316 716 1353
internal_value=0.000434041 0.00242439 -0.00083607 0.00551964 -0.00257398 0
internal_weight=2251.48 1369.28 664.513 704.767 882.2 577.585
internal_count=5381 3221 1609 1612 2160 1444
is_linear=0
shrinkage=0.03


Tree=30
num_leaves=7
num_cat=0
split_feature=1 9 5 3 17 12
split_gain=10.4869 9.93994 9.70573 5.4271 5.083 4.39896
threshold=0.37179833650588995 -0.55231246352195729 0.25082474946975714 -0.89113444089889515 1.4486706256866457 1.1352675557136538
decision_type=2 2 2 2 2 2
left_child=1 -1 -3 5 -5 -2
right_child=3 2 -4 4 -6 -7
leaf_value=-0.012551318286183067 -0.0064584563714277727 -0.00050440400162371881 0.0039034220707210372 -0.012623910008083015 0 0.0043049494129035436
leaf_weight=30.394776441156864 40.184196844696999 1363.7560291588306 635.64026398211718 95.081212319433689 32.708993658423424 58.169486224651337
leaf_count=76 100 3287 1480 247 84 132
internal_value=-0.000136091 0.000540908 0.000891984 -0.00600657 -0.00965084 0
internal_weight=2255.93 2029.79 1999.4 226.144 127.79 98.3537
internal_count=5406 4843 4767 563 331 232
is_linear=0
shrinkage=0.03


Tree=31
num_leaves=6
num_cat=0
split_feature=10 5 20 17 2
split_gain=15.5372 12.4738 15.3256 14.1205 9.03433
threshold=0.41134499013423925 0.60378387570381176 1.0000000180025095e-35 -1.0020124912261961 -0.11966146901249884
decision_type=2 2 2 2 2
left_child=4 2 -2 -3 -1
right_child=1 3 -4 -5 -6
leaf_value=0 -0.0029120532687869007 -0.0049058746488582147 0.0029849991910785917 0.01321595969744805 0.016082964786323411
leaf_weight=40.367359317839146 1508.6136673167348 39.970110982656479 508.91992758587003 93.367572158575058 61.040986195206642
leaf_count=92 3613 94 1282 196 136
internal_value=-0.000132199 -0.000740958 -0.00138038 0.00746102 0.0102804
internal_weight=2252.28 2150.87 2017.53 133.338 101.408
internal_count=5413 5185 4895 290 228
is_linear=0
shrinkage=0.03


Tree=32
num_leaves=7
num_cat=0
split_feature=12 10 14 3 14 9
split_gain=12.5558 14.4644 15.2662 14.1501 20.9353 19.3344
threshold=0.68305817246437084 0.71803835034370433 -0.28325414657592768 -0.60646009445190419 1.7242159843444826 0.56847876310348522
decision_type=2 2 2 2 2 2
left_child=1 2 -1 4 -2 -5
right_child=3 -3 -4 5 -6 -7
leaf_value=-0.0032844461899516246 0.0079605622351764695 -0.0040152773039322806 0.012451649293659059 0.00021800871976124326 -0.0014875698369190206 -0.018124856079138756
leaf_weight=87.682936660945415 539.77915761992335 787.94090147316456 92.556436032056808 372.11667504161596 314.85128032416105 38.921880960464478
leaf_count=200 1165 1915 227 916 860 88
internal_value=0.000292524 -0.00222254 0.00493327 0.00226775 0.00445679 -0.0021401
internal_weight=2233.85 968.18 180.239 1265.67 854.63 411.039
internal_count=5371 2342 427 3029 2025 1004
is_linear=0
shrinkage=0.03


Tree=33
num_leaves=7
num_cat=0
split_feature=15 6 18 15 8 19
split_gain=15.759 26.1417 14.6411 13.1044 15.8924 10.3318
threshold=-1.2852023243904112 -0.30234733223915095 -0.56054282188415516 -0.61627140641212452 -0.54621034860610951 1.0203901529312136
decision_type=2 2 2 2 2 2
left_child=1 -1 -3 4 -2 -5
right_child=3 2 -4 5 -6 -7
leaf_value=0.0069465162602748961 0.0084508508961570854 0.00057917043951960056 -0.0087481468821775186 0.0018130109491334473 -0.00058910798478004284 -0.0052920403290464789
leaf_weight=142.11997874081135 342.62018629536033 188.53721820563078 538.31773380935192 347.75286688283086 311.37344761937857 337.71137768030167
leaf_count=333 813 477 1375 837 744 821
internal_value=-0.000841105 -0.00395658 -0.0062977 0.0011644 0.00416804 -0.00165321
internal_weight=2208.43 868.975 726.855 1339.46 653.994 685.464
internal_count=5400 2185 1852 3215 1557 1658
is_linear=0
shrinkage=0.03


Tree=34
num_leaves=7
num_cat=0
split_feature=6 0 17 9 7 14
split_gain=17.233 18.4548 14.0225 12.0593 10.6719 7.72
threshold=0.050461370497941978 -1.5939244031906126 1.4738391637802126 -0.47940567135810846 1.3480976819992068 -0.12994781881570813
decision_type=2 2 2 2 2 2
left_child=3 5 -3 -1 -5 -2
right_child=1 2 -4 4 -6 -7
leaf_value=-0.009173393959373808 -0.013266528209933995 -0.0022009999414037756 0.0087705571756796462 0.0038688041282002763 -0.0059164080291168823 -0.003909800680365969
leaf_weight=55.145822316408157 125.42028702795506 300.33267099410295 133.59200048446655 1206.2162213996053 87.022028520703316 303.13876707851887
leaf_count=133 305 691 313 2884 207 861
internal_value=0.00028279 -0.00295824 0.00128223 0.00241267 0.00308459 -0.00725129
internal_weight=2210.87 862.484 433.925 1348.38 1293.24 428.559
internal_count=5394 2170 1004 3224 3091 1166
is_linear=0
shrinkage=0.03


Tree=35
num_leaves=7
num_cat=0
split_feature=4 3 16 7 4 4
split_gain=14.6379 14.2085 13.725 12.7852 20.9841 18.4941
threshold=-0.14510283619165418 0.86916434764862072 -0.20823915302753446 0.17449381947517398 0.77525752782821666 0.60834079980850231
decision_type=2 2 2 2 2 2
left_child=1 2 -1 4 -2 -5
right_child=3 -3 -4 5 -6 -7
leaf_value=-0.0079748696842199054 0.0027639661493439678 -0.010609075101234355 0.0056532319577744196 -0.0068876554167642693 -0.012486300857403871 0.005415268262833276
leaf_weight=52.27697991579771 691.39709386974573 39.764393724501133 709.910360455513 552.97988428547978 71.117061004042625 114.76138442754745
leaf_count=126 1596 114 1752 1453 161 260
internal_value=0.000181045 0.00340155 0.00446179 -0.00160534 0.000982171 -0.00458998
internal_weight=2232.21 801.952 762.187 1430.26 762.514 667.741
internal_count=5462 1992 1878 3470 1757 1713
is_linear=0
shrinkage=0.03


Tree=36
num_leaves=6
num_cat=0
split_feature=1 16 11 16 6
split_gain=11.7505 9.57071 11.2876 7.87507 10.2486
threshold=0.37179833650588995 -0.8619495928287505 -0.59871047735214222 0.80579492449760448 0.089211292564868941
decision_type=2 2 2 2 2
left_child=1 -1 -3 4 -2
right_child=3 2 -4 -5 -6
leaf_value=0.010641612342342864 0.0033672928820582797 -0.0035528122100887943 0.0018589750811838419 0.0040566583167597576 -0.011938934728664023
leaf_weight=71.005169995129108 34.870947189629078 426.47580691799521 1490.5042542926967 36.973499916493893 142.58502388745546
leaf_count=159 88 1101 3609 84 382
internal_value=0.000326214 0.00109074 0.000599771 -0.00599414 -0.0085909
internal_weight=2202.41 1987.99 1916.98 214.429 177.456
internal_count=5423 4869 4710 554 470
is_linear=0
shrinkage=0.03


Tree=37
num_leaves=5
num_cat=0
split_feature=14 11 0 2
split_gain=9.65769 12.3165 13.2105 12.5961
threshold=-0.9501376450061797 -0.39117380976676935 -0.84788504242897023 0.095336794853210463
decision_type=2 2 2 2
left_child=-1 2 -2 -3
right_child=1 3 -4 -5
leaf_value=0.012422079875249872 -0.0052034049266450506 0.0031139816526410112 0.0054349974467117219 -0.0027855087578639495
leaf_weight=33.725598394870758 638.73459858074784 965.44564015045762 102.81286405026913 459.32731204852462
leaf_count=77 1697 2262 241 1171
internal_value=-0.000107792 -0.000442152 -0.00354564 0.00115831
internal_weight=2200.05 2166.32 741.547 1424.77
internal_count=5448 5371 1938 3433
is_linear=0
shrinkage=0.03


Tree=38
num_leaves=7
num_cat=0
split_feature=15 6 18 13 15 18
split_gain=9.86775 22.6027 12.6809 10.089 6.89454 6.35391
threshold=-1.4770232439041135 -0.19294138997793195 -0.49222135543823237 1.2501842975616457 -1.1122947335243223 0.52409231662750255
decision_type=2 2 2 2 2 2
left_child=1 5 -3 4 -2 -1
right_child=3 2 -4 -5 -6 -7
leaf_value=0.0089753400208450618 0.0056653829238128934 0.0006954419605834422 -0.0093042426534035699 -0.0099683834516252848 0.0007031288750105585 -0.0013671202376982115
leaf_weight=123.82376802712679 322.670116789639 146.53912729769945 345.72171368449926 46.324375972151756 1129.7190920114517 63.312930069863796
leaf_count=295 792 375 927 111 2763 161
internal_value=0 -0.00293106 -0.00629942 0.00137525 0.0019083 0.00539242
internal_weight=2178.11 679.398 492.261 1498.71 1452.39 187.137
internal_count=5424 1758 1302 3666 3555 456
is_linear=0
shrinkage=0.03


Tree=39
num_leaves=7
num_cat=0
split_feature=19 0 4 8 5 12
split_gain=11.3713 21.6196 16.391 9.00372 18.1301 12.586
threshold=1.2767978310585024 -0.78186464309692372 0.34861399233341223 -1.0184344649314878 -0.22026130557060239 0.6535145938396455
decision_type=2 2 2 2 2 2
left_child=3 2 -2 4 -1 -5
right_child=1 -3 -4 5 -6 -7
leaf_value=0.0085923986640556293 -0.0031311687084008511 0.0099208469481919075 -0.01798034041310435 -0.00075849115941007501 -0.0058797108252428105 0.0052731030883748052
leaf_weight=80.699664145708084 419.41263817250729 70.316239535808563 67.629597321152687 523.08046878874302 308.52382727712393 683.499073125422
leaf_count=194 1085 158 168 1337 796 1633
internal_value=2.57029e-05 -0.00356013 -0.00593932 0.00134381 -0.00245923 0.00263962
internal_weight=2153.16 557.358 487.042 1595.8 389.223 1206.58
internal_count=5371 1411 1253 3960 990 2970
is_linear=0
shrinkage=0.03


Tree=40
num_leaves=7
num_cat=0
split_feature=18 7 16 7 7 0
split_gain=10.967 14.0848 18.8572 9.34895 20.2549 10.8264
threshold=0.63331303000450145 1.1574947237968447 0.31682579219341284 -1.6757115125656126 -0.86779090762138356 -1.7728471159934995
decision_type=2 2 2 2 2 2
left_child=3 2 -2 5 -5 -1
right_child=1 -3 -4 4 -6 -7
leaf_value=0 -0.0023256011914381761 -0.0079227942499758199 0.011180375355122042 0.0079720635166739377 -0.0018479243841467406 -0.015136834123349319
leaf_weight=67.198875352740288 128.29224669933319 53.573307625949383 230.92479978501797 196.75499378889799 1421.2508292123675 69.476333245635033
leaf_count=169 326 139 576 461 3576 152
internal_value=-0.000190136 0.00406122 0.00633032 -0.00125858 -0.000534392 -0.00828617
internal_weight=2167.47 412.79 359.217 1754.68 1618.01 136.675
internal_count=5399 1041 902 4358 4037 321
is_linear=0
shrinkage=0.03


Tree=41
num_leaves=7
num_cat=0
split_feature=13 5 16 10 0 1
split_gain=10.3733 13.0695 12.0257 11.3433 8.22892 6.38248
threshold=1.0769349336624148 0.60378387570381176 0.26713055372238165 0.57245516777038585 -1.9621001482009885 -0.23197051137685773
decision_type=2 2 2 2 2 2
left_child=1 3 -2 -1 -3 -4
right_child=2 4 5 -5 -6 -7
leaf_value=0.0069808558693218265 0.0041654796653243092 0 0 -0.0008542801704585157 0.01619924161200487 -0.014002409716608089
leaf_weight=163.72744234651327 49.44314056634903 44.009743437170982 32.761738054454327 1714.351882930845 54.949352897703648 103.55554697662592
leaf_count=411 110 103 90 4300 109 279
internal_value=-0.000129059 0.000505099 -0.00656303 -7.3257e-05 0.0101526 -0.0108732
internal_weight=2162.8 1977.04 185.76 1878.08 98.9591 136.317
internal_count=5402 4923 479 4711 212 369
is_linear=0
shrinkage=0.03


Tree=42
num_leaves=7
num_cat=0
split_feature=15 6 6 15 2 13
split_gain=9.50882 21.8126 18.1686 12.9066 14.1561 12.7006
threshold=-1.3680185079574583 -0.091507226228713975 0.24541894346475604 -0.53841680288314808 0.2232448682188988 -0.23722095042467115
decision_type=2 2 2 2 2 2
left_child=1 5 -3 4 -2 -1
right_child=3 2 -4 -5 -6 -7
leaf_value=-0.0079493176961462162 0.0056427820624523131 -0.01104076086924563 0.0016490701478389619 -0.0021088342534423283 -0.0040003038789181477 0.0056833444380049829
leaf_weight=57.430284425616264 614.68778828531504 313.57518861815333 128.26420813798904 619.6637636013329 151.71734847128391 257.64887760579586
leaf_count=140 1478 856 338 1530 386 666
internal_value=-0.00043016 -0.00310968 -0.00731515 0.00101385 0.00360436 0.00269326
internal_weight=2142.99 756.919 441.839 1386.07 766.405 315.079
internal_count=5394 2000 1194 3394 1864 806
is_linear=0
shrinkage=0.03


Tree=43
num_leaves=7
num_cat=0
split_feature=2 4 3 6 8 15
split_gain=12.1761 13.2054 19.3384 11.5228 14.5151 12.0786
threshold=-0.025004623457789418 0.38300652801990515 -1.2346641421318052 0.29515175521373754 0.35270142555236822 -1.3924515843391416
decision_type=2 2 2 2 2 2
left_child=1 2 -1 5 -5 -2
right_child=3 -3 -4 4 -6 -7
leaf_value=-0.0013372223713939964 -0.0085509616747608454 -0.0040605763096665786 0.0075575560549333903 0.0067630949811381021 -0.0084016836826561418 -0.00059096116582692379
leaf_weight=317.70599528029561 252.2058756724 175.90860220789909 596.79088618606329 231.9880118817091 52.062180370092392 523.38865154981613
leaf_count=785 710 417 1451 584 125 1322
internal_value=0.000748542 0.00296679 0.00444073 -0.0014912 0.00341646 -0.00340468
internal_weight=2150.05 1090.41 914.497 1059.64 284.05 775.595
internal_count=5394 2653 2236 2741 709 2032
is_linear=0
shrinkage=0.03


Tree=44
num_leaves=7
num_cat=0
split_feature=8 13 5 6 2 7
split_gain=16.5434 13.0939 12.8597 12.1853 11.3533 8.02785
threshold=-0.20174352079629895 1.0932490825653078 0.60378387570381176 -0.30234733223915095 0.098478302359581008 -0.05513735115528106
decision_type=2 2 2 2 2 2
left_child=1 4 3 -2 -1 -3
right_child=2 5 -4 -5 -6 -7
leaf_value=0.004200769379922773 0.0027537058076140364 0.0014250695211617177 0.0090315563082828312 -0.0076667869619317834 -0.0013757959129342058 -0.011886141725619404
leaf_weight=930.66607681661844 106.45606100559235 49.568039000034332 38.470719203352928 471.04151560738683 469.44512309134007 81.680975504219532
leaf_count=2295 251 125 74 1195 1229 234
internal_value=-0.000257326 0.00138633 -0.00435306 -0.00561758 0.0022957 -0.00693859
internal_weight=2147.33 1531.36 615.968 577.498 1400.11 131.249
internal_count=5403 3883 1520 1446 3524 359
is_linear=0
shrinkage=0.03


Tree=45
num_leaves=7
num_cat=0
split_feature=4 4 18 19 2 16
split_gain=13.5969 18.6952 17.1071 16.033 14.7209 12.8747
threshold=-0.14380541443824765 -0.083607550710439668 -0.32588154077529902 1.0073871016502383 -0.38163582980632776 0.77731427550315868
decision_type=2 2 2 2 2 2
left_child=2 -2 5 -4 -3 -1
right_child=1 4 3 -5 -6 -7
leaf_value=0.0045881933071811277 -0.0085627875527673133 -0.0090422480839030383 0.0082915604565978272 -0.0030802909256669739 0.0014600621912198692 0.020145867126482125
leaf_weight=225.88231566175818 252.33068599551916 116.10167206078768 133.88647130131721 385.76494786143303 988.67365355417132 56.48341466486454
leaf_count=556 715 287 330 988 2430 138
internal_value=0.000277734 -0.00151757 0.00335159 0 0.000161864 0.00902543
internal_weight=2159.12 1357.11 802.017 519.651 1104.78 282.366
internal_count=5444 3432 2012 1318 2717 694
is_linear=0
shrinkage=0.03


Tree=46
num_leaves=7
num_cat=0
split_feature=13 9 18 18 6 10
split_gain=13.1311 14.3029 16.3589 10.7451 7.21562 5.98621
threshold=1.0769349336624148 0.47523990273475653 -0.38526740670204157 -1.5700101256370542 -0.15577389299869535 1.7009456753730776
decision_type=2 2 2 2 2 2
left_child=1 3 -3 -1 -2 -6
right_child=4 2 -4 -5 5 -7
leaf_value=-0.0038128318129448768 0.00020709632930961588 0.0068102652124229258 -0.011957245669894694 0.0025786689423083161 -0.014376935281703994 0
leaf_weight=253.96197207272053 62.547288298606873 38.698777705430984 129.27250047028065 1549.5992860533297 88.75099441409111 28.926567360758781
leaf_count=639 166 94 311 3907 244 78
internal_value=1.88375e-05 0.000782198 -0.00704966 0.00161382 -0.00727613 -0.0111417
internal_weight=2151.76 1971.53 167.971 1803.56 180.225 117.678
internal_count=5439 4951 405 4546 488 322
is_linear=0
shrinkage=0.03


Tree=47
num_leaves=7
num_cat=0
split_feature=12 3 17 10 7 16
split_gain=11.9369 15.5392 26.2958 16.2269 12.5985 27.7136
threshold=0.68305817246437084 -1.0044251084327696 -0.61045473814010609 0.63049936294555675 -0.4330312311649322 0.51122301816940319
decision_type=2 2 2 2 2 2
left_child=1 2 -1 -3 5 -2
right_child=4 3 -4 -5 -6 -7
leaf_value=0.0081193520213405802 -0.0030061590294677429 0.010777657951782533 -0.013535960707952903 -0.0019898682936362599 3.1100820422238037e-05 0.013569774920451225
leaf_weight=47.751976430416107 137.34011741355062 85.832011595368385 192.49908449873328 563.64629681035876 888.08432571589947 196.47638795524836
leaf_count=109 332 203 514 1496 2270 458
internal_value=6.83765e-05 -0.00251397 -0.00870804 0 0.00200724 0.00679603
internal_weight=2111.63 889.729 240.251 649.478 1221.9 333.817
internal_count=5382 2322 623 1699 3060 790
is_linear=0
shrinkage=0.03


Tree=48
num_leaves=7
num_cat=0
split_feature=15 7 12 2 7 10
split_gain=12.5947 11.9867 10.9787 14.2723 8.60777 6.74741
threshold=-2.1390551328659053 0.35528500378131872 0.66932082176208507 0.039311612024903304 0.53886583447456371 1.0126478075981142
decision_type=2 2 2 2 2 2
left_child=1 -1 3 -2 -4 -3
right_child=2 5 4 -5 -6 -7
leaf_value=-0.015817305651323336 0.00091173577302212526 0.0078461588038008998 0.0043150913823042742 -0.0068351291254519627 -0.0010080002763289634 -0.00583203125933918
leaf_weight=68.62597019970417 503.70023537427187 34.28054728358984 692.74087520316243 334.06795790046453 407.92061790823936 60.294979944825172
leaf_count=207 1259 95 1707 895 1043 163
internal_value=-0.000350032 -0.00788319 0.000327596 -0.00219479 0.00230596 0
internal_weight=2101.63 163.201 1938.43 837.768 1100.66 94.5755
internal_count=5369 465 4904 2154 2750 258
is_linear=0
shrinkage=0.03


Tree=49
num_leaves=7
num_cat=0
split_feature=11 14 0 5 3 3
split_gain=13.358 21.9152 15.5332 15.2231 13.686 12.1516
threshold=0.33389452099800115 -0.33303947746753687 -1.5939244031906126 0.33762736618518835 -1.0862999558448789 -0.16268533468246457
decision_type=2 2 2 2 2 2
left_child=2 -2 4 -4 -1 -3
right_child=1 5 3 -5 -6 -7
leaf_value=-0.010223830692125792 -0.0091568015556802423 0.0081453890591587537 -0.00041429610791590563 0.01036545058593614 -0.0015990017594817261 -0.0047122450474694402
leaf_weight=234.30782306939363 77.482375957071781 419.43236324936152 602.44900631904602 123.62478411197662 567.27522481232882 58.159001521766186
leaf_count=649 185 1004 1510 290 1544 158
internal_value=-5.22085e-05 0.00382284 -0.00153018 0.00156936 -0.00438063 0.00633259
internal_weight=2082.73 555.074 1527.66 726.074 801.583 477.591
internal_count=5340 1347 3993 1800 2193 1162
is_linear=0
shrinkage=0.03


Tree=50
num_leaves=7
num_cat=0
split_feature=15 9 3 7 15 18
split_gain=9.50011 11.6147 15.3532 8.22083 7.80152 10.081
threshold=-2.0564421415328975 -0.0042774628382176152 -1.1635940074920652 0.87131312489509594 -2.3590332269668575 -0.43763990700244898
decision_type=2 2 2 2 2 2
left_child=4 2 -2 -3 -1 -6
right_child=1 3 -4 -5 5 -7
leaf_value=0.0038168323712593644 -0.0016739630962416293 -0.0037986826976732372 0.0055533655949866426 0.0029840293173182368 0.0017429761253339347 -0.012660817830505589
leaf_weight=38.273422472178936 428.79904649406672 645.70344104990363 604.73636038973927 185.79450068622828 46.442840687930584 126.40112716332078
leaf_count=112 1122 1647 1526 463 124 377
internal_value=-0.000282381 0.000394379 0.00252304 -0.00217816 -0.00603732 -0.00870004
internal_weight=2076.15 1865.03 1033.54 831.498 211.117 172.844
internal_count=5371 4758 2648 2110 613 501
is_linear=0
shrinkage=0.03


Tree=51
num_leaves=7
num_cat=0
split_feature=2 8 6 15 6 1
split_gain=10.9368 10.5645 13.4377 12.1429 8.89886 13.5
threshold=0.15231222659349444 -0.28281617164611811 -0.34023503959178919 -1.3295469284057615 0.29515175521373754 0.43536034226417547
decision_type=2 2 2 2 2 2
left_child=1 3 -3 -1 -2 -6
right_child=4 2 -4 -5 5 -7
leaf_value=-0.0013803457860643313 -0.0067051986757279431 0.0061661737155440021 -0.0051961069390350579 0.0051660066924102965 0.00648223436881933 -0.0069177452775760137
leaf_weight=371.8654970228672 333.90760436654091 101.02344860136509 369.31030521541834 676.93932152912021 137.14596572890878 97.630420990288258
leaf_count=1014 928 241 955 1673 340 256
internal_value=-0.000182778 0.00111935 -0.00248126 0.00280639 -0.00368296 0.000568811
internal_weight=2087.82 1519.14 470.334 1048.8 568.684 234.776
internal_count=5407 3883 1196 2687 1524 596
is_linear=0
shrinkage=0.03


Tree=52
num_leaves=7
num_cat=0
split_feature=13 1 12 9 9 10
split_gain=8.92428 8.68943 9.11757 7.29159 7.03408 5.33922
threshold=1.0855048894882204 -0.043376710265874856 -1.3409623503684995 0.16574820131063464 -0.0042774628382176152 1.7607971429824831
decision_type=2 2 2 2 2 2
left_child=1 3 -3 -1 -2 -6
right_child=4 2 -4 -5 5 -7
leaf_value=0.0041995862961485631 0 -0.011890672748136146 -0.00038873403453163993 -0.0022117255523858362 -0.016552273408897582 0
leaf_weight=698.58183699846268 91.325791232287884 47.468308851122856 994.86140641197562 178.09911286085844 47.237743880599737 27.023284763097763
leaf_count=1765 238 135 2590 446 134 78
internal_value=0 0.000620343 -0.00118302 0.00280992 -0.00626558 -0.0120189
internal_weight=2084.6 1919.01 1042.33 876.681 165.587 74.261
internal_count=5386 4936 2725 2211 450 212
is_linear=0
shrinkage=0.03


Tree=53
num_leaves=5
num_cat=0
split_feature=14 14 11 16
split_gain=13.4418 11.0446 10.7848 3.22893
threshold=-0.9501376450061797 -0.63165810704231251 0.43333886563777929 0.39347340166568762
decision_type=2 2 2 2
left_child=-1 3 -3 -2
right_child=1 2 -4 -5
leaf_value=0.014963654523644091 -0.014431328608937106 -0.00075340389995632033 0.0044777623104595658 -0.0025528243894612623
leaf_weight=34.483272410929203 37.147526167333126 1517.1387030258775 438.11242859438062 75.017459124326706
leaf_count=84 99 4025 1077 185
internal_value=0.00024564 -0.000112122 0.000421836 -0.00852932
internal_weight=2101.9 2067.42 1955.25 112.165
internal_count=5470 5386 5102 284
is_linear=0
shrinkage=0.03


Tree=54
num_leaves=6
num_cat=0
split_feature=13 7 8 16 17
split_gain=14.8976 11.7119 9.31972 12.1719 9.09656
threshold=1.1909971833229067 -0.1081501469016075 0.52082335948944103 0.38541732728481298 1.7045393586158755
decision_type=2 2 2 2 2
left_child=2 -2 4 -4 -1
right_child=1 -3 3 -5 -6
leaf_value=0.000187552641110063 0.00046166286191436572 -0.018175612144691843 -0.013474393101420993 0.0016627432882692667 0.0052602658773037497
leaf_weight=1465.5186386667192 41.582209020853043 49.363564617931843 72.013257339596748 79.03210486471653 397.13266684487462
leaf_count=3761 102 147 192 197 1067
internal_value=0.000106083 -0.0105664 0.000716766 -0.00593502 0.00134536
internal_weight=2104.64 90.9458 2013.7 151.045 1862.65
internal_count=5466 249 5217 389 4828
is_linear=0
shrinkage=0.03


Tree=55
num_leaves=5
num_cat=0
split_feature=14 0 5 11
split_gain=10.5803 8.30393 16.8366 14.8209
threshold=-0.87087595462799061 -1.4809899926185606 0.25082474946975714 -0.31592623889446253
decision_type=2 2 2 2
left_child=-1 3 -3 -2
right_child=1 2 -4 -5
leaf_value=0.010048149251109138 -0.0065793740501766153 -0.0014681338177413798 0.007204387208871614 0.0002223553850449499
leaf_weight=64.157360650599003 449.94006696715951 579.72530747950077 279.51323311030865 701.35888045281172
leaf_count=157 1338 1456 667 1789
internal_value=-0.000328714 -0.000785103 0.00138453 -0.00245156
internal_weight=2074.69 2010.54 859.239 1151.3
internal_count=5407 5250 2123 3127
is_linear=0
shrinkage=0.03


Tree=56
num_leaves=7
num_cat=0
split_feature=15 13 8 20 10 12
split_gain=10.3167 9.80057 18.3121 13.5351 8.67835 12.8656
threshold=-1.2963266372680662 0.51525476574897777 -1.3121413588523863 1.0000000180025095e-35 1.5862968564033511 2.4441699981689458
decision_type=2 2 2 2 2 2
left_child=4 3 -3 -2 -1 -6
right_child=1 2 -4 -5 5 -7
leaf_value=-0.0050243427256429583 0.0012113384188098522 -0.011834794718881884 0.0011246639363041671 0.010762196111378321 -0.0017556299751522958 0.01328787751254842
leaf_weight=531.49651473760605 555.66535482183099 101.64574190229177 467.41341137513518 167.1646434366703 212.80978192389011 44.618307784199715
leaf_count=1482 1420 266 1199 407 567 114
internal_value=-0.000181284 0.00143316 -0.00141153 0.00373117 -0.00286924 0.00140545
internal_weight=2080.81 1291.89 569.059 722.83 788.925 257.428
internal_count=5455 3292 1465 1827 2163 681
is_linear=0
shrinkage=0.03


Tree=57
num_leaves=7
num_cat=0
split_feature=10 16 16 12 4 17
split_gain=8.30502 16.5739 11.3532 7.31933 12.3029 8.5771
threshold=1.8391875624656679 0.81792560219764721 -0.18092829734086988 -0.27928116917610163 -0.17362938076257703 1.7045393586158755
decision_type=2 2 2 2 2 2
left_child=3 2 -2 4 -1 -5
right_child=1 -3 -4 5 -6 -7
leaf_value=0.0050633808241164922 0.0031158690443877828 0.0095141867272706994 -0.010389824412519164 0.00035890575134055696 -0.0063011225892847618 0.0059733661138855311
leaf_weight=99.934094749391079 55.300026215612888 42.907965138554573 214.71736271306872 1076.2595683857799 264.18809245154262 309.11476056277752
leaf_count=270 134 107 544 2776 771 840
internal_value=-9.10403e-05 -0.00446205 -0.00739282 0.000698473 -0.00292467 0.00172152
internal_weight=2062.42 312.925 270.017 1749.5 364.122 1385.37
internal_count=5442 785 678 4657 1041 3616
is_linear=0
shrinkage=0.03


Tree=58
num_leaves=7
num_cat=0
split_feature=6 7 5 9 8 16
split_gain=6.80479 10.8359 15.3287 10.7523 7.08806 10.2174
threshold=0.050461370497941978 0.25668038427829748 0.14878179877996447 -0.096697833389043794 -1.6543060541152952 0.19556717574596408
decision_type=2 2 2 2 2 2
left_child=1 3 -3 -1 -2 -6
right_child=4 2 -4 -5 5 -7
leaf_value=0.0079972138975173534 0.0069445070197347138 0.002911722612199053 -0.0063633285563145731 0.0001202386694573077 0.0023966322852685198 -0.005044491635043973
leaf_weight=303.90587829053402 49.544052220880985 317.9969491623342 279.71287270262837 332.66870022192597 207.71756206452847 551.40235032886267
leaf_count=758 139 838 759 831 544 1545
internal_value=0 0.00141095 -0.00139713 0.00410121 -0.0020922 -0.00292212
internal_weight=2042.95 1234.28 597.71 636.575 808.664 759.12
internal_count=5414 3186 1597 1589 2228 2089
is_linear=0
shrinkage=0.03


Tree=59
num_leaves=7
num_cat=0
split_feature=2 14 3 18 18 19
split_gain=10.0904 14.0376 16.0486 13.2237 19.822 11.301
threshold=0.020073367282748226 0.0225565554574132 -0.94243836402893055 -0.14093880355358121 0.16399534046649936 1.1173985600471499
decision_type=2 2 2 2 2 2
left_child=3 2 -2 5 -5 -1
right_child=1 -3 -4 4 -6 -7
leaf_value=0.00016156136697401474 0.0074959810702412213 -0.0056803651891730988 -0.0039467696859620026 -0.010078091712706775 0.0017751200469681896 0.010110813633021179
leaf_weight=196.75182162225246 196.30993574485183 500.13224516436458 200.5262383595109 139.14093895256519 596.66213615611196 230.28689885139465
leaf_count=515 453 1488 511 373 1541 568
internal_value=-1.29901e-05 -0.00240298 0.00165794 0.00178928 -0.000594318 0.00587337
internal_weight=2059.81 896.968 396.836 1162.84 735.803 427.039
internal_count=5449 2452 964 2997 1914 1083
is_linear=0
shrinkage=0.03


Tree=60
num_leaves=7
num_cat=0
split_feature=0 17 4 18 11 0
split_gain=9.72763 28.6976 14.085 13.5004 10.8526 27.9101
threshold=-1.4749506711959837 1.7045393586158755 0.15467350929975512 -1.1843579411506651 0.33389452099800115 -1.7728471159934995
decision_type=2 2 2 2 2 2
left_child=4 3 -3 -2 -1 -6
right_child=1 2 -4 -5 5 -7
leaf_value=-0.0040035689810267458 -0.0093965843162517292 0.016775108566691899 -0.00053659309580308696 0.00098808346983361066 0.0076390769245812179 -0.011589777685670152
leaf_weight=864.44359951466322 117.54084372520447 125.47561710327864 48.719028145074844 577.29250361025333 228.39239215105772 72.627793066203594
leaf_count=2462 292 324 113 1457 589 188
internal_value=-0.000494391 0.00184612 0.0120678 -0.000898446 -0.00229191 0.00237977
internal_weight=2034.49 869.028 174.195 694.833 1165.46 301.02
internal_count=5425 2186 437 1749 3239 777
is_linear=0
shrinkage=0.03


Tree=61
num_leaves=7
num_cat=0
split_feature=10 16 0 5 0 16
split_gain=9.36746 11.4141 9.70766 11.7925 10.6621 7.53784
threshold=1.7722683548927309 0.83538079261779796 -2.3227392435073848 0.43840824067592626 -1.9517886042594907 0.12414679303765298
decision_type=2 2 2 2 2 2
left_child=2 5 3 -1 -4 -2
right_child=1 -3 4 -5 -6 -7
leaf_value=0.0080032419955343992 0 0.0064897121001103375 -0.0057376092749390536 -0.007346397896960179 0.00077337756033274711 -0.0093919964531106025
leaf_weight=237.16457125172019 107.33640165627003 50.777797028422356 262.80213180929422 34.213295347988605 1079.9826807752252 235.83695966005325
leaf_count=651 267 130 767 96 2883 613
internal_value=-0.000486595 -0.00452914 0.000506664 0.00549073 -0.000522391 -0.00659236
internal_weight=2008.11 393.951 1614.16 271.378 1342.78 343.173
internal_count=5407 1010 4397 747 3650 880
is_linear=0
shrinkage=0.03


Tree=62
num_leaves=7
num_cat=0
split_feature=8 6 13 3 13 17
split_gain=11.1347 16.0961 13.7366 21.3691 12.8497 11.3463
threshold=-0.20174352079629895 0.05738236382603646 0.70045709609985363 -1.4107826352119444 -0.13915498554706571 1.4621631503105166
decision_type=2 2 2 2 2 2
left_child=2 4 5 -4 -2 -1
right_child=1 -3 3 -5 -6 -7
leaf_value=0.0010138348430587889 -0.0080484345427350983 -0.0095159230961675625 -0.011966591264570248 0.0010537350690005554 0.004138280217127528 0.0083054310719167471
leaf_weight=717.00200100615621 90.567786667495966 233.13459669798613 141.0817398801446 351.75427947193384 239.66135771200061 259.36622940003872
leaf_count=1864 242 658 395 982 619 715
internal_value=-0.000278953 -0.00381264 0.00106875 -0.00287786 0.000355921 0.00313885
internal_weight=2032.57 563.364 1469.2 492.836 330.229 976.368
internal_count=5475 1519 3956 1377 861 2579
is_linear=0
shrinkage=0.03


Tree=63
num_leaves=5
num_cat=0
split_feature=14 10 12 12
split_gain=11.0446 7.59853 17.1248 13.6636
threshold=-0.9501376450061797 1.0479894280433657 1.575317442417145 1.3568173050880434
decision_type=2 2 2 2
left_child=-1 3 -3 -2
right_child=1 2 -4 -5
leaf_value=0.013202995246107905 0 -0.0019238058779396374 0.0048303475543277474 -0.009072431539656204
leaf_weight=33.616646565496922 384.41473470255733 864.47617490589619 522.80296963080764 214.21710999310017
leaf_count=88 1057 2349 1325 615
internal_value=-0.000191152 -0.000577174 0.000611369 -0.00335923
internal_weight=2019.53 1985.91 1387.28 598.632
internal_count=5434 5346 3674 1672
is_linear=0
shrinkage=0.03


Tree=64
num_leaves=7
num_cat=0
split_feature=12 10 14 14 9 9
split_gain=10.6671 15.909 20.6621 15.4805 13.3942 12.7509
threshold=0.66932082176208507 0.66962164640426647 -0.19500406831502912 0.042414981871843345 -0.17853104323148725 -0.10666668415069579
decision_type=2 2 2 2 2 2
left_child=1 2 -1 4 -2 -5
right_child=3 -3 -4 5 -6 -7
leaf_value=-0.0043480767618230901 -0.003355352497641313 -0.0053162777471056225 0.016486142767906966 0.0023217960713147389 0.0075826697194743969 -0.0056891373530284168
leaf_weight=74.754116222262383 113.41551398485899 697.56382966041565 57.531096037477255 307.06163332983851 376.65536694973707 362.64140960946679
leaf_count=209 283 1968 151 861 902 1030
internal_value=-0.000898704 -0.00346953 0.00529395 0.000917567 0.00490138 -0.00196828
internal_weight=1989.62 829.849 132.285 1159.77 490.071 669.703
internal_count=5404 2328 360 3076 1185 1891
is_linear=0
shrinkage=0.03


Tree=65
num_leaves=7
num_cat=0
split_feature=18 23 18 18 15 16
split_gain=8.1183 16.4391 14.3188 10.4278 10.5473 9.91975
threshold=-1.518074035644531 1.0000000180025095e-35 -2.2913359403610225 -0.53565964102745045 -1.3680185079574583 0.73819971084594738
decision_type=2 2 2 2 2 2
left_child=1 2 -1 5 -5 -2
right_child=3 -3 -4 4 -6 -7
leaf_value=0.0063416379839194527 0.0018560523739926489 -0.014599515740873361 -0.0089633697099739968 -0.0033987623996160343 0.0018663459309910704 0.014632008103724588
leaf_weight=125.11541265249252 189.13349822163582 74.967529229819775 68.055113278329372 501.90707867220044 974.49068926274776 71.450293458998203
leaf_count=358 503 187 197 1465 2548 184
internal_value=0.000273075 -0.00435722 0.000333061 0.00106347 1.48527e-05 0.00636624
internal_weight=2005.12 268.138 193.171 1736.98 1476.4 260.584
internal_count=5442 742 555 4700 4013 687
is_linear=0
shrinkage=0.03


Tree=66
num_leaves=5
num_cat=0
split_feature=14 13 16 8
split_gain=12.168 9.83563 12.6618 12.0722
threshold=-0.91038328409194935 1.0769349336624148 0.26713055372238165 -0.28281617164611811
decision_type=2 2 2 2
left_child=-1 3 -3 -2
right_child=1 2 -4 -5
leaf_value=0.013835060757460089 0.0023382628767380166 0.00505754578783142 -0.011384250864487999 -0.0028222144811478945
leaf_weight=38.548475831747055 1213.7057715058327 41.074519969522953 118.85308061540127 583.93331761285663
leaf_count=104 3280 102 378 1578
internal_value=0.000356363 -1.5955e-05 -0.00673522 0.000616348
internal_weight=1996.12 1957.57 159.928 1797.64
internal_count=5442 5338 480 4858
is_linear=0
shrinkage=0.03


Tree=67
num_leaves=7
num_cat=0
split_feature=9 11 9 0 9 3
split_gain=11.7253 10.9156 12.2387 10.566 9.59665 16.8069
threshold=-0.0042774628382176152 -0.35828459262847895 -0.18894439935684201 -1.2083342075347898 0.04576396010816098 -0.082031354308128343
decision_type=2 2 2 2 2 2
left_child=1 3 -3 -1 5 -2
right_child=4 2 -4 -5 -6 -7
leaf_value=-0.0056424976204780776 -0.015736943886430023 -3.10429882911958e-05 0.0072447123428188171 0.0049517550013940216 -0.0010887907471889165 0.004559084548874724
leaf_weight=244.75693255662918 92.110157590359449 359.47589716315269 425.81269812583923 101.34887477755547 734.0269131064415 37.836754903197289
leaf_count=767 249 956 1116 268 1997 112
internal_value=0 0.00196718 0.00392158 -0.0022753 -0.00262628 -0.00960732
internal_weight=1995.37 1131.39 785.289 346.106 863.974 129.947
internal_count=5465 3107 2072 1035 2358 361
is_linear=0
shrinkage=0.03


Tree=68
num_leaves=7
num_cat=0
split_feature=13 7 8 5 11 4
split_gain=9.78312 13.1514 9.96444 13.1603 9.3361 2.34476
threshold=1.0855048894882204 -0.05513735115528106 0.52082335948944103 0.27831237018108373 0.33389452099800115 0.017361165024340156
decision_type=2 2 2 2 2 2
left_child=2 5 4 -4 -1 -2
right_child=1 -3 3 -5 -6 -7
leaf_value=0 0.006833576637381304 -0.013087844393214036 -0.011995719252943987 0.0050591963709953822 0.0050035186738397004 -0.0018312013027024603
leaf_weight=1244.4743784479797 34.510384254157543 92.825063392519951 97.866966396570206 42.489113077521324 434.19897376000881 28.740218698978424
leaf_count=3429 97 302 284 103 1105 74
internal_value=0 -0.00677771 0.000624127 -0.00647156 0.00132194 0.00268164
internal_weight=1975.11 156.076 1819.03 140.356 1678.67 63.2506
internal_count=5394 473 4921 387 4534 171
is_linear=0
shrinkage=0.03


Tree=69
num_leaves=7
num_cat=0
split_feature=19 4 7 17 0 6
split_gain=10.3097 14.4637 15.1001 12.1388 11.5412 9.16004
threshold=1.2717161774635317 0.13892766088247302 -0.31049628555774683 1.9224651455879214 -1.5939244031906126 -0.36483874917030329
decision_type=2 2 2 2 2 2
left_child=3 -2 -3 5 -5 -1
right_child=1 2 -4 4 -6 -7
leaf_value=0.0064954715616897018 -0.0004499744366893693 0.00049044897988329938 -0.018791871926336967 0 0.013359827403353735 -0.0010802135070757568
leaf_weight=144.87430422008038 364.53696740791202 47.907115638256073 76.192545562982559 117.9613465629518 109.75472592562437 1086.4707232117653
leaf_count=374 1059 118 226 348 273 2944
internal_value=-0.000118373 -0.0038286 -0.0118969 0.00111858 0.00718052 -5.13753e-05
internal_weight=1947.7 488.637 124.1 1459.06 227.716 1231.35
internal_count=5342 1403 344 3939 621 3318
is_linear=0
shrinkage=0.03


Tree=70
num_leaves=5
num_cat=0
split_feature=14 14 11 4
split_gain=6.70366 10.953 11.9679 8.96772
threshold=-0.9501376450061797 -0.38667680323123926 0.45947672426700598 -0.20801945030689237
decision_type=2 2 2 2
left_child=-1 3 -3 -2
right_child=1 2 -4 -5
leaf_value=0.010283011053339878 0.0040769641238867825 -0.0010591942132246962 0.0048656420196329445 -0.0090881863534619297
leaf_weight=32.311721958220005 40.084259800612926 1326.3596417233348 375.92222525924444 191.31939247250557
leaf_count=95 100 3736 963 514
internal_value=-0.000260457 -0.000570813 0.000255684 -0.00642611
internal_weight=1966 1933.69 1702.28 231.404
internal_count=5408 5313 4699 614
is_linear=0
shrinkage=0.03


Tree=71
num_leaves=7
num_cat=0
split_feature=4 4 17 17 17 4
split_gain=6.73811 15.1051 17.1222 14.8282 12.6913 8.87552
threshold=-0.14840725809335706 -0.067663148045539842 1.6386494636535647 1.1792534589767458 2.0507451295852666 -0.21693550795316693
decision_type=2 2 2 2 2 2
left_child=4 2 -2 -3 5 -1
right_child=1 3 -4 -5 -6 -7
leaf_value=-0.002260950259231587 -0.011536147472317329 0.0030278241216213707 0.0032033370565750911 -0.0046517704758794005 0.011354399018204699 0.0050009035082908054
leaf_weight=402.84530655294657 213.05469653755426 617.89740184322 83.500824369490147 329.36821426078677 91.791157469153404 214.51418827474117
leaf_count=1096 657 1638 259 942 261 573
internal_value=-0.000225382 -0.00157518 -0.00725625 0.000254594 0.00203809 0.000245938
internal_weight=1952.97 1243.82 296.556 947.266 709.151 617.359
internal_count=5426 3496 916 2580 1930 1669
is_linear=0
shrinkage=0.03


Tree=72
num_leaves=7
num_cat=0
split_feature=2 10 4 17 19 17
split_gain=6.8039 8.17925 8.02008 12.9053 11.323 7.65723
threshold=0.028490640223026279 0.57245516777038585 0.12110082805156709 1.095572352409363 1.0164115428924563 1.7407698035240176
decision_type=2 2 2 2 2 2
left_child=2 -2 4 -4 -1 -3
right_child=1 5 3 -5 -6 -7
leaf_value=0.0076386967320244007 0.007464506216577094 -0.0050638726935471534 0.0013175557354124243 -0.010325457122067479 8.1228237843383093e-05 0.0014963394949824866
leaf_weight=253.73577409982681 46.364999815821648 580.53788301348686 221.65843569487333 109.60782388225198 561.47952038794756 190.76493146270514
leaf_count=675 141 1671 557 307 1540 557
internal_value=-0.00043945 -0.00251924 0.00101018 -0.00273258 0.00263192 -0.00336871
internal_weight=1964.15 817.668 1146.48 331.266 815.215 771.303
internal_count=5448 2369 3079 864 2215 2228
is_linear=0
shrinkage=0.03


Tree=73
num_leaves=5
num_cat=0
split_feature=14 11 7 16
split_gain=7.98728 8.02446 8.14359 7.50656
threshold=-0.9501376450061797 -0.4417173415422439 0.82039603590965282 -0.44125856459140772
decision_type=2 2 2 2
left_child=-1 3 -3 -2
right_child=1 2 -4 -5
leaf_value=0.011686575774222607 0.0048759804110677062 -0.00039818889569172874 0.0049270244179582109 -0.0045049343275055274
leaf_weight=30.639708057045937 66.519976243376732 1014.4740643836558 318.80336775258183 528.77942437306046
leaf_count=91 182 2716 854 1571
internal_value=-4.10083e-05 -0.000376156 0.000884797 -0.00323476
internal_weight=1959.22 1928.58 1333.28 595.299
internal_count=5414 5323 3570 1753
is_linear=0
shrinkage=0.03


Tree=74
num_leaves=7
num_cat=0
split_feature=13 3 8 18 0 8
split_gain=7.26857 12.3766 11.7782 8.67801 8.57965 8.56478
threshold=0.67244410514831554 -1.4507091045379636 -0.41404597461223597 -1.7197825908660886 -0.66404196619987477 -0.23796447366476056
decision_type=2 2 2 2 2 2
left_child=3 2 -2 -1 -3 -5
right_child=1 4 -4 5 -6 -7
leaf_value=-0.0047727776592183602 -0.013557146200988522 -0.0013112284937270534 0.0010785359592540944 0.0040856282731780678 0.010260448114906716 -0.0013814125786837238
leaf_weight=155.32227175310254 120.17221369221807 446.56345158442855 61.189306646585464 773.3637718334794 45.727018415927887 349.66601555794477
leaf_count=437 350 1269 175 2084 113 970
internal_value=1.20698e-05 -0.0024366 -0.00870459 0.00136631 5.10915e-06 0.00233653
internal_weight=1952 673.652 181.362 1278.35 492.29 1123.03
internal_count=5398 1907 525 3491 1382 3054
is_linear=0
shrinkage=0.03


Tree=75
num_leaves=4
num_cat=0
split_feature=7 17 6
split_gain=8.77581 9.42581 7.77983
threshold=-3.0068461894989009 -2.4888603687286373 -0.36483874917030329
decision_type=2 2 2
left_child=-1 -2 -3
right_child=1 2 -4
leaf_value=-0.01134013766314754 0.011709418307032716 0.0057891958817803575 -0.00016984383283614063
leaf_weight=33.267863556742668 51.167864419519901 201.52754127234221 1650.3796884566545
leaf_count=91 127 530 4642
internal_value=0.000597049 0.000952691 0.000501501
internal_weight=1936.34 1903.08 1851.91
internal_count=5390 5299 5172
is_linear=0
shrinkage=0.03


Tree=76
num_leaves=7
num_cat=0
split_feature=1 15 13 20 9 14
split_gain=13.138 9.90172 7.86583 6.34655 6.06381 2.28146
threshold=0.37179833650588995 -2.0564421415328975 0.085814360529184355 1.0000000180025095e-35 0.56847876310348522 0.20741606503725055
decision_type=2 2 2 2 2 2
left_child=1 3 5 -1 -3 -2
right_child=2 4 -4 -5 -6 -7
leaf_value=-0.0082664305632244826 -0.0032215574703919878 0.0024877543941931204 -0.01053473062603775 0.002652316333099996 -0.0051712209462518961 0.0054335505080267436
leaf_weight=130.49711102992296 28.478225015103817 1483.3856594413519 128.41437559202313 48.419119458645582 76.062447607517242 35.420780308544636
leaf_count=416 83 4063 373 144 204 102
internal_value=0.000329188 0.00120606 -0.00668139 -0.00504034 0.00201545 0.0010126
internal_weight=1930.68 1738.36 192.313 178.916 1559.45 63.899
internal_count=5385 4827 558 560 4267 185
is_linear=0
shrinkage=0.03


Tree=77
num_leaves=7
num_cat=0
split_feature=19 18 8 0 5 6
split_gain=7.72049 15.3637 26.1795 12.1681 7.54028 18.5245
threshold=1.2717161774635317 -0.10927424952387808 -1.1191033124923704 -0.68972042202949513 -0.30449023842811579 0.11229119449853898
decision_type=2 2 2 2 2 2
left_child=4 2 -2 -3 5 -1
right_child=1 3 -4 -5 -6 -7
leaf_value=0.010439101037095114 0.016916379338077828 -0.010310824296470379 -0.0040113864760309382 0.0060018172292171379 -0.0003807161119491049 -0.00577460964270582
leaf_weight=169.31992704421282 55.497785344719887 252.22393173351884 162.7412827424705 30.089984871447086 1183.5749058648944 74.588338680565357
leaf_count=436 161 778 457 73 3270 228
internal_value=-0.000508317 -0.00365404 0.00203201 -0.00809166 0.000588538 0.00519165
internal_weight=1928.04 500.553 218.239 282.314 1427.48 243.908
internal_count=5403 1469 618 851 3934 664
is_linear=0
shrinkage=0.03


Tree=78
num_leaves=7
num_cat=0
split_feature=11 7 1 2 16 15
split_gain=7.68422 9.77337 12.4549 11.2369 8.36373 8.13516
threshold=-0.39117380976676935 0.78723371028900158 -0.17228824645280835 0.089733425527811064 -0.014168436639010904 -2.0328904390335079
decision_type=2 2 2 2 2 2
left_child=1 2 -1 -3 -2 -6
right_child=4 3 -4 -5 5 -7
leaf_value=0.00697959360809541 -0.0041549073441645452 -0.013427508153609906 -0.00318769430520508 0.00037897327832484847 -0.0042598679532395156 0.0034785797931689505
leaf_weight=139.19284757971764 169.97571531683207 105.14869247376919 319.9533920660615 76.144879601895809 114.91140782833099 1012.2888854928315
leaf_count=410 448 344 937 248 349 2699
internal_value=0.000250457 -0.00235686 0 -0.0078691 0.00159953 0.00257688
internal_weight=1937.62 640.44 459.146 181.294 1297.18 1127.2
internal_count=5435 1939 1347 592 3496 3048
is_linear=0
shrinkage=0.03


Tree=79
num_leaves=7
num_cat=0
split_feature=5 17 10 11 11 12
split_gain=8.2743 8.43959 7.81229 14.9021 11.1155 2.5357
threshold=0.60378387570381176 -1.0306811332702634 0.59166395664215099 0.27998441457748419 0.29150527715682989 1.2459204792976382
decision_type=2 2 2 2 2 2
left_child=2 -2 4 -4 -1 -3
right_child=1 5 3 -5 -6 -7
leaf_value=0.0091161890766435806 -0.0035514587969318061 0.00097838713002719718 -0.0034075960449012543 0.0027222870581119687 -0.0063962433849529361 0.014778668166071372
leaf_weight=125.82921928912401 31.683497339487076 30.125717870891094 1158.3083255030215 484.48034470900893 37.23960318416357 50.547723680734634
leaf_count=370 94 84 3361 1273 103 127
internal_value=-0.000335607 0.00686093 -0.000886471 -0.00155273 0.00493415 0.0114394
internal_weight=1918.21 112.357 1805.86 1642.79 163.069 80.6734
internal_count=5412 305 5107 4634 473 211
is_linear=0
shrinkage=0.03


Tree=80
num_leaves=5
num_cat=0
split_feature=14 14 14 16
split_gain=10.3086 9.92216 7.79574 7.62309
threshold=-0.9501376450061797 -0.57436394691467274 0.0225565554574132 0.39347340166568762
decision_type=2 2 2 2
left_child=-1 3 -3 -2
right_child=1 2 -4 -5
leaf_value=0.013065384002148191 -0.01629725329795589 0.0026418153702871226 -0.0014642175890703269 -0.00054577714313126097
leaf_weight=30.810771450400352 41.995659947395325 621.2582707516849 1165.0646766088903 67.850388392806053
leaf_count=93 123 1614 3447 193
internal_value=-0.000223705 -0.000605068 0 -0.00861255
internal_weight=1926.98 1896.17 1786.32 109.846
internal_count=5470 5377 5061 316
is_linear=0
shrinkage=0.03


Tree=81
num_leaves=7
num_cat=0
split_feature=17 1 5 0 6 10
split_gain=8.82418 13.5947 9.33653 16.6484 12.032 8.90486
threshold=1.9728116393089297 -0.37660196423530573 0.23135967552661899 -0.81633129715919484 -0.38636471331119532 1.7865914702415469
decision_type=2 2 2 2 2 2
left_child=2 -2 4 -4 -1 -3
right_child=1 5 3 -5 -6 -7
leaf_value=0.0050317022803278754 -0.011283010458035644 0.0081894063820526497 -0.0011933506893004827 0.011272840015964816 -0.0046670059835526292 -0.0038728292056020375
leaf_weight=108.78405988961458 27.844488821923733 237.1072241216898 474.14761573821306 98.652441672980785 919.64677942171693 49.720846064388752
leaf_count=276 80 699 1342 242 2647 135
internal_value=-0.000874923 0.00351301 -0.00180695 0.00116036 -0.00350746 0.00578675
internal_weight=1915.9 314.673 1601.23 572.8 1028.43 286.828
internal_count=5421 914 4507 1584 2923 834
is_linear=0
shrinkage=0.03


Tree=82
num_leaves=7
num_cat=0
split_feature=4 17 13 14 16 4
split_gain=7.3027 10.9524 10.7737 9.0173 14.2307 11.6568
threshold=-0.14510283619165418 2.0507451295852666 0.60905793309211742 -0.29873985052108759 0.34305644035339361 0.97359001636505138
decision_type=2 2 2 2 2 2
left_child=1 -1 -3 5 -5 -2
right_child=3 2 -4 4 -6 -7
leaf_value=0.00094021899105255961 -0.0087124348104049149 0.018605696016948045 0 0.004896956845753469 -0.0025146057337837088 0.0070119206808287263
leaf_weight=614.05390322208405 212.83333419263363 49.413395024836063 40.077239759266376 346.36036141216755 618.73381388559937 31.85285272076726
leaf_count=1723 610 145 117 944 1834 81
internal_value=0.000223343 0.00263821 0.0114413 -0.0011523 0.000129822 -0.00606362
internal_weight=1913.32 703.545 89.4906 1209.78 965.094 244.686
internal_count=5454 1985 262 3469 2778 691
is_linear=0
shrinkage=0.03


Tree=83
num_leaves=7
num_cat=0
split_feature=11 2 10 18 1 1
split_gain=8.58931 13.107 10.0794 8.15733 5.0573 10.0119
threshold=-0.4417173415422439 -0.014940404798835514 1.1380312442779543 0.60542961955070507 -0.19315014034509656 0.079384535551071181
decision_type=2 2 2 2 2 2
left_child=4 3 -3 -2 -1 -6
right_child=1 2 -4 -5 5 -7
leaf_value=0.0014921048872962503 0.0022006672114989905 -0.006589112192775976 0.0011310858393530786 0.0098468998941584531 -0.0088825966454357738 0
leaf_weight=158.2898761369288 522.43928572162986 208.91268499568105 414.51204717159271 169.86828214675188 203.70514338463545 233.53426547348499
leaf_count=477 1390 632 1177 432 610 725
internal_value=0.000199319 0.00157702 -0.00148714 0.00438482 -0.00269937 -0.00434689
internal_weight=1911.26 1315.73 623.425 692.308 595.529 437.239
internal_count=5443 3631 1809 1822 1812 1335
is_linear=0
shrinkage=0.03


Tree=84
num_leaves=7
num_cat=0
split_feature=12 8 13 17 17 8
split_gain=5.5896 6.31296 5.71715 6.39837 5.32363 4.27003
threshold=2.5162034034729008 -0.8674524426460265 -2.324145913124084 1.9224651455879214 0.47531276941299444 -1.0940795540809629
decision_type=2 2 2 2 2 2
left_child=2 5 -1 -4 -3 -2
right_child=1 4 3 -5 -6 -7
leaf_value=0.0079850280944230786 0.0022778375832560567 -0.00062503869805145026 -0.001913663777255733 0.0030772598153794169 0.010315928828522527 -0.0085002383693711155
leaf_weight=44.086013831198215 66.81916868686676 39.781766392290592 1376.4304054640234 250.89062046259642 115.07233459502459 30.387915350496769
leaf_count=136 188 114 3876 751 309 85
internal_value=-4.19289e-05 0.00391633 -0.000713589 -0.00107975 0.00741207 -0.00145511
internal_weight=1923.47 252.061 1671.41 1627.32 154.854 97.2071
internal_count=5459 696 4763 4627 423 273
is_linear=0
shrinkage=0.03


Tree=85
num_leaves=7
num_cat=0
split_feature=1 5 3 4 6 20
split_gain=11.9754 11.086 14.5308 13.1036 9.57003 7.27902
threshold=0.19105150550603869 0.22891286760568622 -1.5955495238304136 0.29858578741550451 0.26586566865444189 1.0000000180025095e-35
decision_type=2 2 2 2 2 2
left_child=1 2 -1 -3 5 -2
right_child=4 3 -4 -5 -6 -7
leaf_value=-0.010372317207481203 -0.010418309147891524 0.0063277795800730247 0.00063261345468286761 -0.006919488535119752 0.0007696147437982726 0.00027467227004867142
leaf_weight=102.8619586750865 197.81232870742679 474.49337264895439 829.97618707641959 56.777652755379677 174.76812006160617 61.882871046662331
leaf_count=307 600 1313 2337 155 508 190
internal_value=-6.03171e-05 0.00121361 -0.000710149 0.00460351 -0.00434985 -0.00781832
internal_weight=1898.57 1464.11 932.838 531.271 434.463 259.695
internal_count=5410 4112 2644 1468 1298 790
is_linear=0
shrinkage=0.03


Tree=86
num_leaves=6
num_cat=0
split_feature=2 6 1 8 12
split_gain=9.95486 7.73574 11.1509 8.69096 5.10616
threshold=0.54623302817344677 0.29515175521373754 0.21718743443489077 0.35270142555236822 1.1499137878417971
decision_type=2 2 2 2 2
left_child=1 2 -1 -3 -2
right_child=4 3 -4 -5 -6
leaf_value=0.001239774506991705 -0.013014227093480152 0.0087203101538359633 -0.0058061627426997386 -0.0051583337745521353 5.7545858623508521e-05
leaf_weight=1381.4825970828533 52.01736568659544 178.518320415169 215.55803028121591 31.055353961884975 28.568274542689323
leaf_count=3911 167 516 667 87 82
internal_value=0.000442093 0.000973175 0.000191606 0.00613215 -0.00869364
internal_weight=1887.2 1806.61 1597.04 209.574 80.5856
internal_count=5430 5181 4578 603 249
is_linear=0
shrinkage=0.03


Tree=87
num_leaves=7
num_cat=0
split_feature=18 8 18 17 19 6
split_gain=5.68327 15.729 10.4694 9.93365 9.72756 8.61882
threshold=-0.35560248792171473 -1.2496516108512876 0.63331303000450145 0.61432480812072765 1.1429692506790163 0.028277907520532612
decision_type=2 2 2 2 2 2
left_child=1 4 3 -2 -1 -3
right_child=2 5 -4 -5 -6 -7
leaf_value=0 0.00029342605111167273 0.0031741225250627929 0.0027976239998960609 -0.0057944172384048155 0.017356171756261578 -0.0045857470040551783
leaf_weight=35.299895815551281 410.10587868466973 273.6598589271307 362.79326483234763 504.76036511361599 65.624561868607998 208.46690948680043
leaf_count=107 1161 755 1039 1502 179 623
internal_value=-0.000182775 0.00218857 -0.00132821 -0.00305335 0.0118702 -0.000110687
internal_weight=1860.71 583.051 1277.66 914.866 100.924 482.127
internal_count=5366 1664 3702 2663 286 1378
is_linear=0
shrinkage=0.03


Tree=88
num_leaves=7
num_cat=0
split_feature=15 6 14 6 15 9
split_gain=12.0163 13.138 11.5951 11.2819 10.8267 9.92396
threshold=-1.3405155539512632 -0.15220060199499127 0.0066814345773309478 0.34702226519584661 -0.31902018189430231 -0.036279851570725434
decision_type=2 2 2 2 2 2
left_child=1 -1 4 -3 -2 -4
right_child=2 3 5 -5 -6 -7
leaf_value=0.0020855679304523462 0.008490532757154709 -0.0084260819723332298 0.0020626748981603413 0.0031187463070637897 -0.00045724216101721276 -0.004732360824301454
leaf_weight=224.77915596216917 281.99622986838222 386.55064353719354 408.68676693364978 74.210062935948372 180.27775152772665 325.69430858641863
leaf_count=626 766 1247 1167 223 509 910
internal_value=-0.000410307 -0.00354524 0.00136507 -0.00638948 0.00500241 -0.000916922
internal_weight=1882.19 685.54 1196.66 460.761 462.274 734.381
internal_count=5448 2096 3352 1470 1275 2077
is_linear=0
shrinkage=0.03


Tree=89
num_leaves=5
num_cat=0
split_feature=14 14 14 2
split_gain=6.18984 5.601 8.77988 2.3409
threshold=-0.91038328409194935 -0.63165810704231251 -0.18255359679460523 -0.080431651324033723
decision_type=2 2 2 2
left_child=-1 3 -3 -2
right_child=1 2 -4 -5
leaf_value=0.0097670700253429336 -0.012252028105095892 0.0039627190740770691 -0.0011599241033662907 -0.0011760141245058863
leaf_weight=34.568849731236696 29.605913802981377 363.1177501231432 1382.59487689659 55.548061363399029
leaf_count=102 88 994 4055 171
internal_value=-0.000144453 -0.000467529 -2.75898e-05 -0.00719534
internal_weight=1865.44 1830.87 1745.71 85.154
internal_count=5410 5308 5049 259
is_linear=0
shrinkage=0.03


Tree=90
num_leaves=6
num_cat=0
split_feature=10 10 12 12 6
split_gain=5.19466 8.82704 18.8523 16.8369 5.90797
threshold=0.37830902636051184 1.0479894280433657 1.5585686564445498 1.3568173050880434 -0.11391353979706763
decision_type=2 2 2 2 2
left_child=4 3 -3 -2 -1
right_child=1 2 -4 -5 -6
leaf_value=-0.002076611069198759 0 -0.00255980576356187 0.004730799863121412 -0.011281310752146044 0.01197438990606684
leaf_weight=28.614300146698952 312.92873211577535 806.39967190101743 498.78827879950404 176.75467551872134 40.370195388793945
leaf_count=83 929 2353 1362 573 120
internal_value=-0.000681614 -0.00105022 0.000210431 -0.00440443 0.00631507
internal_weight=1863.86 1794.87 1305.19 489.683 68.9845
internal_count=5420 5217 3715 1502 203
is_linear=0
shrinkage=0.03


Tree=91
num_leaves=7
num_cat=0
split_feature=3 12 16 16 3 10
split_gain=6.48594 14.7215 10.2884 9.84729 15.6976 8.82843
threshold=-1.603879928588867 1.2459204792976382 0.60044768452644359 0.5354880988597871 0.31719380617141729 0.88432866334915172
decision_type=2 2 2 2 2 2
left_child=1 -1 -3 5 -5 -2
right_child=3 2 -4 4 -6 -7
leaf_value=-0.012495359988475022 0.0036687892872896239 0.0075634091280633005 -0.004058869477012673 0.0051910608939551269 -0.0062926574909221477 -0.0032832675290703165
leaf_weight=95.169327843934298 199.57200002670288 91.354737237095833 156.38968249410391 627.57033103331923 106.43286606669426 593.39801858738065
leaf_count=295 609 256 454 1781 343 1708
internal_value=0 -0.0036174 0.000247545 0.000838794 0.00332356 -0.00141258
internal_weight=1869.89 342.914 247.744 1526.97 734.003 792.97
internal_count=5446 1005 710 4441 2124 2317
is_linear=0
shrinkage=0.03


Tree=92
num_leaves=7
num_cat=0
split_feature=1 8 19 5 3 14
split_gain=13.259 6.08244 15.5708 10.2963 3.74871 3.38169
threshold=0.37179833650588995 -0.28281617164611811 1.0260795354843142 0.22599652409553531 -0.89113444089889515 2.0891175270080571
decision_type=2 2 2 2 2 2
left_child=1 2 -1 -3 -2 -6
right_child=4 3 -4 -5 5 -7
leaf_value=0.0069162114974989277 -0.00066815982936617175 -0.0046705847480671466 -0.00013088148979932887 0.0035527219376110921 -0.01266077251500264 0
leaf_weight=414.3278387337923 77.492708429694176 325.29352286458015 757.88050787523389 201.95316796377301 80.437031671404839 24.994549483060837
leaf_count=1119 226 960 2268 566 255 96
internal_value=0.000290722 0.00117357 0.00238389 -0.00139642 -0.006923 -0.0102024
internal_weight=1882.38 1699.46 1172.21 527.247 182.924 105.432
internal_count=5490 4913 3387 1526 577 351
is_linear=0
shrinkage=0.03


Tree=93
num_leaves=7
num_cat=0
split_feature=2 4 3 0 3 4
split_gain=7.91802 10.5854 12.3774 9.99454 10.216 7.4773
threshold=0.095336794853210463 -0.32737836241722101 -0.77335169911384571 -2.4078719615936275 -1.1433255076408384 0.34861399233341223
decision_type=2 2 2 2 2 2
left_child=3 -2 -3 4 -1 -5
right_child=1 2 -4 5 -6 -7
leaf_value=-0.0015393497689286423 -0.012937988611358813 0.0036676818830069257 -0.0048972082364172453 0.0017168379590555998 0.013338592162047544 -0.0048334647019696083
leaf_weight=47.598413906991482 56.154638983309269 263.42314615473151 301.6381381675601 921.64883052185178 99.896777760237455 165.96854319050908
leaf_count=152 166 785 964 2625 279 469
internal_value=0.000304889 -0.00237192 -0.000812946 0.00171537 0.00856858 0.000593875
internal_weight=1856.33 621.216 565.061 1235.11 147.495 1087.62
internal_count=5440 1915 1749 3525 431 3094
is_linear=0
shrinkage=0.03


Tree=94
num_leaves=7
num_cat=0
split_feature=7 0 6 15 16 18
split_gain=6.54089 18.6603 10.9622 19.0458 10.9922 10.5995
threshold=0.87131312489509594 -1.7235404253005979 -0.036011205986142152 -0.47133894264698023 -0.14594816416501996 -0.089441619813442216
decision_type=2 2 2 2 2 2
left_child=2 5 3 -1 -4 -2
right_child=1 -3 4 -5 -6 -7
leaf_value=0.004837715010690101 0.0039336307011435109 0.0089652634719739263 0.0047317316658808204 -0.0055171681421262338 -0.005061357715756375 -0.0090153802728057363
leaf_weight=506.82195420749485 80.85270493850112 221.95321371406317 100.91213252395391 206.70423577353358 605.50098216533661 105.04299208149314
leaf_count=1406 262 629 292 588 1859 346
internal_value=7.72113e-05 0.00336236 -0.000858308 0.00168753 -0.00348804 -0.00325695
internal_weight=1827.79 407.849 1419.94 713.526 706.413 185.896
internal_count=5382 1237 4145 1994 2151 608
is_linear=0
shrinkage=0.03


Tree=95
num_leaves=7
num_cat=0
split_feature=5 5 16 10 17 7
split_gain=6.11078 10.0797 10.3084 7.01912 5.92987 4.96598
threshold=0.58082792162895214 0.4221832156181336 0.71376374363899242 1.8391875624656679 -0.97496673464775074 0.018813189119100574
decision_type=2 2 2 2 2 2
left_child=1 3 -3 -1 -2 -6
right_child=4 2 -4 -5 5 -7
leaf_value=0.0010078393230155995 -0.00263660879924774 -0.013242792148727374 0.0012773424093497979 -0.0047321876089643188 0.013837987847886569 0
leaf_weight=1370.2857414931059 32.024301409721375 86.223027303814888 57.892336912453175 201.44992954656482 55.638135090470314 30.825773924589157
leaf_count=4081 97 244 159 559 150 82
internal_value=0 -0.000514994 -0.0075995 0.000184228 0.00603226 0.00969872
internal_weight=1834.34 1715.85 144.115 1571.74 118.488 86.4639
internal_count=5372 5043 403 4640 329 232
is_linear=0
shrinkage=0.03


Tree=96
num_leaves=6
num_cat=0
split_feature=19 5 9 17 17
split_gain=5.87192 6.41005 6.80248 4.89724 10.003
threshold=1.3293159008026125 -0.19727105647325513 0.21069228649139407 -2.4888603687286373 -1.995213449001312
decision_type=2 2 2 2 2
left_child=3 -2 -3 -1 -5
right_child=1 2 -4 4 -6
leaf_value=0.0082993509705555218 -0.014232616696068692 0.00032440038474119254 -0.009705341622744031 -0.011058635490762246 0.00081237938555479773
leaf_weight=52.667818985879421 26.44372795522213 262.98399641737342 55.154770866036415 46.658251762390137 1400.8868635632098
leaf_count=142 91 828 166 116 4083
internal_value=-0.000117103 -0.00356193 -0.00170818 0.00067112 0.000243366
internal_weight=1844.8 344.582 318.139 1500.21 1447.55
internal_count=5426 1085 994 4341 4199
is_linear=0
shrinkage=0.03


Tree=97
num_leaves=6
num_cat=0
split_feature=16 11 0 14 8
split_gain=6.28976 7.49838 11.7372 6.87992 4.09579
threshold=-0.8619495928287505 0.33389452099800115 -1.5939244031906126 -0.33933988213539118 -0.087524905800819383
decision_type=2 2 2 2 2
left_child=4 2 -2 -3 -1
right_child=1 3 -4 -5 -6
leaf_value=0.011699449147501467 -0.0045481029824881516 -0.0051151209780067146 0.0010820816878882118 0.003984295103240193 -1.1329900988569821e-05
leaf_weight=44.65590263903141 652.22032383456826 66.775413252413273 622.42395556345582 427.05171940475702 29.123839110136032
leaf_count=115 2075 197 1777 1163 86
internal_value=-0.000112214 -0.000539485 -0.00177823 0.00248589 0.00742039
internal_weight=1842.25 1768.47 1274.64 493.827 73.7797
internal_count=5413 5212 3852 1360 201
is_linear=0
shrinkage=0.03


Tree=98
num_leaves=7
num_cat=0
split_feature=15 3 4 13 6 6
split_gain=7.27407 8.59438 13.0739 8.93379 7.069 8.62703
threshold=-1.2852023243904112 -0.41989216208457941 0.44937612116336828 -0.68043193221092213 -0.091507226228713975 0.29515175521373754
decision_type=2 2 2 2 2 2
left_child=4 3 -3 -2 -1 -6
right_child=1 2 -4 -5 5 -7
leaf_value=0.0010146357278947914 0.0073573059310018474 0.0079854234390044927 -0.004287703333440444 -0.0016802809425467088 -0.0072636213442003527 0.0020537470562175157
leaf_weight=286.16291669942439 94.053106792271137 292.21790989488363 82.993570305407047 672.76817011088133 310.94682021066546 100.1156646721065
leaf_count=812 294 840 238 1896 1027 311
internal_value=0 0.00143427 0.00503929 -0.000336699 -0.00240725 -0.00486515
internal_weight=1839.26 1142.03 375.211 766.821 697.225 411.062
internal_count=5418 3268 1078 2190 2150 1338
is_linear=0
shrinkage=0.03


Tree=99
num_leaves=7
num_cat=0
split_feature=1 7 17 9 6 4
split_gain=7.35545 13.6933 11.0386 10.0756 8.74902 7.46873
threshold=-0.18570008128881452 0.23348743468523028 1.9224651455879214 0.038071157410740859 -0.068673461675643907 -0.074144329875707612
decision_type=2 2 2 2 2 2
left_child=1 3 -2 -1 -4 -3
right_child=2 5 4 -5 -6 -7
leaf_value=0.012175387466955829 -0.0025625984953313793 0.0022431429061786994 0.012444792918466254 0 0.00024088580233117961 -0.007555106943052039
leaf_weight=148.79379955306649 1105.6411322243512 141.02885196357965 60.906412377953529 91.818342566490173 186.14714169129729 98.916206233203411
leaf_count=416 3290 401 176 257 573 304
internal_value=-7.88831e-05 0.00300037 -0.0012443 0.00782415 0.00418089 -0.00183583
internal_weight=1833.25 480.557 1352.69 240.612 247.054 239.945
internal_count=5417 1378 4039 673 749 705
is_linear=0
shrinkage=0.03


Tree=100
num_leaves=7
num_cat=0
split_feature=13 3 7 13 13 7
split_gain=5.78417 10.0882 7.81733 18.4153 12.3474 7.12483
threshold=0.67244410514831554 -1.5594444274902342 -0.90081164240837086 0.44115650653839117 0.34204910695552831 -0.011712023522704838
decision_type=2 2 2 2 2 2
left_child=2 5 3 -1 -4 -2
right_child=1 -3 4 -5 -6 -7
leaf_value=0.011109608148448273 0 0 -0.0021288500904835745 -0.0059595592963297981 0.0049084708643852542 -0.013050544833147252
leaf_weight=167.7321814969182 49.715370714664459 491.74192631617188 656.99018505215645 61.658555135130882 314.73675757274032 87.311844140291214
leaf_count=452 138 1484 1984 177 904 298
internal_value=0.000181939 -0.002072 0.00142559 0.00617097 0.000143018 -0.00869241
internal_weight=1829.89 628.769 1201.12 229.391 971.727 137.027
internal_count=5437 1920 3517 629 2888 436
is_linear=0
shrinkage=0.03


Tree=101
num_leaves=5
num_cat=0
split_feature=1 1 15 7
split_gain=6.86077 6.82674 7.62269 6.35059
threshold=-0.70577925443649281 0.42245942354202276 -1.3680185079574583 0.78723371028900158
decision_type=2 2 2 2
left_child=-1 2 -2 -3
right_child=1 3 -4 -5
leaf_value=-0.011132201489410579 -0.0021720232375087899 -0.0096465414407366067 0.0020161196608384771 0.0023047021545376163
leaf_weight=31.46716870367527 573.46239097416401 98.815167615190148 1098.2255520150065 39.96616917103529
leaf_count=87 1812 316 3093 128
internal_value=-0.000330533 0 0.000535242 -0.00597017
internal_weight=1841.94 1810.47 1671.69 138.781
internal_count=5436 5349 4905 444
is_linear=0
shrinkage=0.03


Tree=102
num_leaves=7
num_cat=0
split_feature=8 4 4 17 18 13
split_gain=6.72699 6.69912 19.3766 9.37389 4.93122 5.20725
threshold=0.40787494182586675 -0.14510283619165418 -0.079526908695697771 2.031462669372559 0.52409231662750255 0.2097476348280907
decision_type=2 2 2 2 2 2
left_child=1 3 -3 -1 5 -2
right_child=4 2 -4 -5 -6 -7
leaf_value=0.0017085084756078769 -0.013493392563902633 -0.0083825645426860232 0.0016024514658018768 0.012025060191539271 0.0018054432516444324 -0.00060099024538821369
leaf_weight=558.9095133729279 53.698546230792999 200.01766711473465 821.60858487710357 79.735336594283581 47.94387223944068 65.912955723702908
leaf_count=1624 167 690 2375 250 149 179
internal_value=0.000416334 0.00104312 -0.000418265 0.00341367 -0.00492339 -0.00792253
internal_weight=1827.83 1660.27 1021.63 638.645 167.555 119.612
internal_count=5434 4939 3065 1874 495 346
is_linear=0
shrinkage=0.03


Tree=103
num_leaves=7
num_cat=0
split_feature=4 2 3 4 16 7
split_gain=6.19279 15.2447 9.05893 7.62768 8.46238 8.06733
threshold=-0.13839038461446759 0.082996021956205382 0.55922400951385509 -0.051472928375005715 0.84794506430625927 0.46005007624626165
decision_type=2 2 2 2 2 2
left_child=1 2 -1 5 -5 -2
right_child=3 -3 -4 4 -6 -7
leaf_value=0.0060541443660978344 -0.00013825849043287792 -0.0049835936403730321 -0.0064150029421610258 -0.0011504274233566699 0.0078466943418952061 -0.010500432074221834
leaf_weight=458.46580915898085 144.28544986993074 176.62521396577358 37.925255127251148 779.30340664088726 86.526687107980251 132.43673431128263
leaf_count=1324 478 563 125 2250 228 454
internal_value=-0.000153529 0.00205653 0.00477373 -0.00151995 -2.67074e-05 -0.0056732
internal_weight=1815.57 673.016 496.391 1142.55 865.83 276.722
internal_count=5422 2012 1449 3410 2478 932
is_linear=0
shrinkage=0.03


Tree=104
num_leaves=7
num_cat=0
split_feature=1 5 19 4 7 7
split_gain=6.92406 6.19227 5.87544 3.01761 2.81679 3.83
threshold=0.39487975835800176 0.63801443576812755 1.2767978310585024 0.22979972511529925 0.78723371028900158 -1.1632238030433653
decision_type=2 2 2 2 2 2
left_child=1 2 -1 -3 5 -2
right_child=4 3 -4 -5 -6 -7
leaf_value=0.0011869093469968866 0.00021731072411954668 0.011574275706138301 -0.0030596664560549303 0 0 -0.010552702953657213
leaf_weight=1252.0598354302347 25.870903819799423 47.064722754061222 358.95042629539967 29.788745809346437 44.927311949431896 82.992366166785359
leaf_count=3640 83 138 1127 79 144 274
internal_value=4.98569e-05 0.000661373 0.000178023 0.0080449 -0.00562009 -0.00789115
internal_weight=1841.65 1687.86 1611.01 76.8535 153.791 108.863
internal_count=5485 4984 4767 217 501 357
is_linear=0
shrinkage=0.03


Tree=105
num_leaves=7
num_cat=0
split_feature=2 13 15 1 3 12
split_gain=4.91334 8.31435 11.4984 8.29187 6.89799 15.4876
threshold=0.23397286236286166 0.33441035449504858 -1.7170745134353635 0.21718743443489077 -1.2822953462600706 1.4402540922164919
decision_type=2 2 2 2 2 2
left_child=4 3 -3 -2 5 -1
right_child=1 2 -4 -5 -6 -7
leaf_value=-0.0088369635157585519 0.0096317788423191629 0.0048407125098363195 -0.01112173533270721 -0.0031445787447613085 0.0021402145575574768 0.0020915067516492736
leaf_weight=171.51949270442128 52.790484957396984 35.82267445884645 138.23444607108831 96.665734149515629 1039.4976623281837 269.71361329779029
leaf_count=534 162 121 435 312 3034 775
internal_value=1.40643e-05 -0.00318876 -0.00736701 0.00161834 0.000786976 -0.00222558
internal_weight=1804.24 323.513 174.057 149.456 1480.73 441.233
internal_count=5373 1030 556 474 4343 1309
is_linear=0
shrinkage=0.03


Tree=106
num_leaves=7
num_cat=0
split_feature=18 7 15 6 14 3
split_gain=5.35942 15.3167 7.60545 5.56272 10.7056 8.4564
threshold=0.63331303000450145 1.1686100959777834 -1.2963266372680662 0.29515175521373754 0.072528805583715453 -0.909552901983261
decision_type=2 2 2 2 2 2
left_child=3 2 -2 4 -1 -5
right_child=1 -3 -4 5 -6 -7
leaf_value=0.0012033505826895259 -0.00035003196275385613 -0.011298089429407328 0.0084747195343527777 0.009032203778009968 -0.0043759200031701501 -0.0017490035108953211
leaf_weight=493.55962452292442 122.63512023538351 39.084320329129696 200.98614788800478 91.348583921790123 726.62923039123416 130.14136731997132
leaf_count=1380 378 137 561 258 2302 407
internal_value=-0.000411505 0.00270529 0.00513027 -0.00126298 -0.00208774 0.00282879
internal_weight=1804.38 362.706 323.621 1441.68 1220.19 221.49
internal_count=5423 1076 939 4347 3682 665
is_linear=0
shrinkage=0.03


Tree=107
num_leaves=5
num_cat=0
split_feature=7 6 7 15
split_gain=5.53616 5.34249 13.0831 11.7082
threshold=-3.0068461894989009 -0.037993840873241418 1.2613640427589419 -1.3680185079574583
decision_type=2 2 2 2
left_child=-1 2 -2 -3
right_child=1 3 -4 -5
leaf_value=-0.0099835900891642147 0.003092312968126319 -0.0060834255034666607 -0.0087811580057688965 0.00089461434010022908
leaf_weight=30.258200250566006 769.68218890950084 303.83476110547781 72.044251509010792 608.1698871999979
leaf_count=89 2209 1064 230 1814
internal_value=-0.000153062 9.3382e-05 0.00182621 -0.0014464
internal_weight=1783.99 1753.73 841.726 912.005
internal_count=5406 5317 2439 2878
is_linear=0
shrinkage=0.03


Tree=108
num_leaves=7
num_cat=0
split_feature=11 0 2 7 0 1
split_gain=9.2934 12.0442 10.9482 10.564 9.01132 7.85595
threshold=-0.31592623889446253 -1.2083342075347898 0.095336794853210463 0.8305129110813142 -2.0609866380691524 -0.19315014034509656
decision_type=2 2 2 2 2 2
left_child=1 5 4 -4 -2 -1
right_child=2 -3 3 -5 -6 -7
leaf_value=0.00082755295880970162 0.0090796779489023382 0.0038821794888280001 -0.0050992367367841546 0.0058795272864276523 0.0018302473889988842 -0.0069854224402290622
leaf_weight=144.4396109059453 224.14716715365648 186.12227534130216 260.45815412327647 87.168816857039928 541.55967597663403 348.72646479681134
leaf_count=450 616 544 833 258 1522 1190
internal_value=0.00051038 -0.00217281 0.0022099 -0.00201297 0.00420586 -0.00463715
internal_weight=1792.62 679.288 1113.33 347.627 765.707 493.166
internal_count=5413 2184 3229 1091 2138 1640
is_linear=0
shrinkage=0.03


Tree=109
num_leaves=7
num_cat=0
split_feature=9 9 7 11 5 14
split_gain=7.8801 11.2428 6.80971 12.9281 10.8855 6.70669
threshold=-0.0042774628382176152 -0.18103704601526258 0.78723371028900158 0.33389452099800115 0.024527306668460373 2.3726311922073369
decision_type=2 2 2 2 2 2
left_child=1 -1 4 -4 -2 -3
right_child=2 5 3 -5 -6 -7
leaf_value=-0.0012325501957915126 2.8216785794679097e-05 0.0066394349566972896 -0.0018433920003277236 0.013330584151964787 -0.0079634183740654851 -0.00082596641791164054
leaf_weight=486.09336841851473 304.19850530102849 417.94935031607747 159.1723010353744 48.948169812560081 261.70919261500239 120.39759478718042
leaf_count=1476 923 1193 508 143 786 427
internal_value=0.000221396 0.00196085 -0.00199664 0.00231823 -0.00371086 0.00489261
internal_weight=1798.47 1024.44 774.028 208.12 565.908 538.347
internal_count=5456 3096 2360 651 1709 1620
is_linear=0
shrinkage=0.03


Tree=110
num_leaves=7
num_cat=0
split_feature=2 13 20 2 6 8
split_gain=6.79682 8.18943 21.6785 11.7265 6.97845 7.79602
threshold=0.16903953254222873 0.28282503783702856 1.0000000180025095e-35 -0.16488507390022275 0.27277900278568273 0.069806642830371871
decision_type=2 2 2 2 2 2
left_child=1 2 -1 -3 5 -2
right_child=4 3 -4 -5 -6 -7
leaf_value=-0.005487063311280703 -0.0093120436952878194 -0.0018071094787147145 0.007931592367911763 0.0053027208609599868 0.00018617269706570699 0.0031740538955442126
leaf_weight=421.57798861339688 196.71988064423203 320.87662614509463 121.96216619387269 496.38063173368573 204.76701632887125 37.947410501539707
leaf_count=1257 676 953 353 1484 638 126
internal_value=-0.000465375 0.000554202 -0.00219502 0.00246307 -0.00363998 -0.00696665
internal_weight=1800.23 1360.8 543.54 817.257 439.434 234.667
internal_count=5487 4047 1610 2437 1440 802
is_linear=0
shrinkage=0.03


Tree=111
num_leaves=7
num_cat=0
split_feature=8 5 10 14 3 15
split_gain=8.24781 6.56807 6.42552 11.1022 10.3506 3.31739
threshold=0.56788989901542675 0.27831237018108373 1.4445319771766665 -0.18255359679460523 -1.5594444274902342 -1.1779357790946958
decision_type=2 2 2 2 2 2
left_child=2 5 4 -4 -1 -2
right_child=1 -3 3 -5 -6 -7
leaf_value=-0.0074199781384877584 0 0.0019678452223814134 0.0095729316359711002 0.00061582508430137466 0.00047476606855631514 -0.014326317125818626
leaf_weight=160.78011293336749 28.154942713677883 34.968192532658577 148.24169194698334 560.05980191752315 794.33608203008771 55.151741921901703
leaf_count=545 98 88 412 1664 2472 165
internal_value=2.64219e-05 -0.00698183 0.000637403 0.00278426 -0.000917599 -0.010973
internal_weight=1781.69 118.275 1663.42 708.301 955.116 83.3067
internal_count=5444 351 5093 2076 3017 263
is_linear=0
shrinkage=0.03


Tree=112
num_leaves=7
num_cat=0
split_feature=11 5 0 13 9 14
split_gain=6.15231 6.85982 9.78065 6.21645 7.8015 6.89859
threshold=-0.35828459262847895 -0.65478223562240589 -1.6637264490127561 0.93342661857604992 -0.096697833389043794 0.042414981871843345
decision_type=2 2 2 2 2 2
left_child=1 -1 -3 5 -5 -2
right_child=3 2 -4 4 -6 -7
leaf_value=0.0069117283727633287 0.0051966121893540686 -0.0071617284913813202 0.00019508247365610993 0.0027203414478992934 -0.0088271595602063876 5.567109412107471e-06
leaf_weight=42.68952676653862 387.29900597408414 287.17431546002626 311.17223977670074 73.44238892942667 94.098257888108492 584.73518594354391
leaf_count=132 1094 1015 924 223 312 1752
internal_value=-5.27748e-05 -0.00239321 -0.0033562 0.0012306 -0.00369503 0.00219745
internal_weight=1780.61 641.036 598.347 1139.57 167.541 972.034
internal_count=5452 2071 1939 3381 535 2846
is_linear=0
shrinkage=0.03


Tree=113
num_leaves=6
num_cat=0
split_feature=13 10 19 12 1
split_gain=5.79221 5.74655 8.15291 7.58927 3.10369
threshold=1.1909971833229067 1.0479894280433657 1.0528878569602969 1.4402540922164919 -0.092050455510616289
decision_type=2 2 2 2 2
left_child=1 2 -1 -3 -2
right_child=4 3 -4 -5 -6
leaf_value=0.00095179022275299313 0 -0.00070617835039029535 -0.0061301928873355466 0.00409959162026106 -0.012239587264303953
leaf_weight=271.39285797253251 33.499511301517487 700.22041733190417 260.06031552702188 467.44158810377121 34.992312118411064
leaf_count=821 118 2149 871 1335 124
internal_value=-0.000360209 0 -0.00250153 0.0012038 -0.00784413
internal_weight=1767.61 1699.12 531.453 1167.66 68.4918
internal_count=5418 5176 1692 3484 242
is_linear=0
shrinkage=0.03


Tree=114
num_leaves=7
num_cat=0
split_feature=11 12 0 16 19 7
split_gain=6.46857 15.9246 7.74204 11.4044 6.93117 6.17754
threshold=-0.35828459262847895 -0.95737615227699269 -1.5575629472732542 -0.78098875284194935 0.96199634671211254 0.82039603590965282
decision_type=2 2 2 2 2 2
left_child=2 4 3 -1 -2 -3
right_child=1 5 -4 -5 -6 -7
leaf_value=0.0078148505895827801 0 0.0013378418485133162 0.0014733848945244117 -0.0069032109768005293 -0.015957865038389828 0.0067460068116999318
leaf_weight=34.640845686197281 28.767547681927681 796.80759390816092 288.85312284529209 309.58651676028967 41.643277376890182 256.57176437228918
leaf_count=101 91 2336 850 1113 135 758
internal_value=0.000394278 0.00177805 -0.00194943 -0.00490956 -0.0102288 0.00281216
internal_weight=1756.87 1123.79 633.08 344.227 70.4108 1053.38
internal_count=5384 3320 2064 1214 226 3094
is_linear=0
shrinkage=0.03


Tree=115
num_leaves=7
num_cat=0
split_feature=15 7 15 4 0 18
split_gain=5.36811 6.57568 5.78337 5.49207 4.80901 1.63168
threshold=-2.1390551328659053 0.35528500378131872 0.88091674447059642 -0.053869726136326783 -2.3227392435073848 0.35411044955253607
decision_type=2 2 2 2 2 2
left_child=1 5 4 -3 -2 -1
right_child=2 3 -4 -5 -6 -7
leaf_value=-0.01573921937773513 0.0040709704356773433 0.0055171977555119513 -0.0080053551839435709 -0.0079591317798408112 -0.000170475233149016 -0.0013788065201475665
leaf_weight=29.54917598515749 269.21693020313978 50.744388241320848 53.921464085578918 24.033698298037052 1295.6948883831501 25.174525137990713
leaf_count=118 822 164 161 86 3972 86
internal_value=-0.000317236 -0.0057679 0.000147259 0 0.000563501 -0.0120732
internal_weight=1748.34 129.502 1618.83 74.7781 1564.91 54.7237
internal_count=5409 454 4955 250 4794 204
is_linear=0
shrinkage=0.03


Tree=116
num_leaves=4
num_cat=0
split_feature=7 17 8
split_gain=5.83338 5.78792 4.97366
threshold=-3.0068461894989009 -2.4888603687286373 -0.20174352079629895
decision_type=2 2 2
left_child=-1 -2 -3
right_child=1 2 -4
leaf_value=-0.0099781172276375719 0.0097952382789325519 0.0012663354621484451 -0.0022962952117911166
leaf_weight=28.093778349459171 39.58399086818099 1206.3309889659286 470.90599755756557
leaf_count=87 115 3741 1453
internal_value=0.000265982 0.000581131 0.000215457
internal_weight=1744.91 1716.82 1677.24
internal_count=5396 5309 5194
is_linear=0
shrinkage=0.03


Tree=117
num_leaves=7
num_cat=0
split_feature=18 4 19 17 15 16
split_gain=5.78759 9.42922 16.5311 11.495 6.99208 7.24726
threshold=-0.38526740670204157 -0.17006208002567288 0.9962998926639558 -0.41594448685646052 -1.901107609272003 0.62826165556907665
decision_type=2 2 2 2 2 2
left_child=1 2 -1 -3 5 -2
right_child=4 3 -4 -5 -6 -7
leaf_value=-0.0059270982067442428 5.0238934889810399e-05 0.0077786611665884957 0.012646263526692635 -0.0036900372329965059 0 -0.010663565960077358
leaf_weight=40.850576631724834 84.579012993723154 91.275175780057907 137.3369884621352 245.9458429440856 1057.4272753708065 103.89145600795746
leaf_count=125 288 268 415 782 3226 349
internal_value=6.95849e-05 0.00271434 0.00791703 -0.000156145 -0.00100271 -0.00602421
internal_weight=1761.31 515.409 178.188 337.221 1245.9 188.47
internal_count=5453 1590 540 1050 3863 637
is_linear=0
shrinkage=0.03


Tree=118
num_leaves=7
num_cat=0
split_feature=6 9 8 21 12 19
split_gain=6.25361 7.52357 9.95156 7.55072 5.75659 7.83502
threshold=-0.34023503959178919 -0.17853104323148725 0.72578918933868419 1.0000000180025095e-35 -0.3592443168163299 1.202512323856354
decision_type=2 2 2 2 2 2
left_child=4 3 -3 -2 -1 -6
right_child=1 2 -4 -5 5 -7
leaf_value=-0.0034854058885787501 -0.0018012450933821897 0.00093446511471440453 -0.010216016573617322 -0.011800689306929384 0.010332786312995555 -0.0013037834134141774
leaf_weight=48.30148446932435 298.21586494892836 1073.743631567806 56.923783682286739 81.800129991024733 123.98794161528349 62.153934501111507
leaf_count=152 924 3332 194 280 330 196
internal_value=-0.000292137 -0.00104416 0.000153138 -0.00458606 0.00401908 0.00640668
internal_weight=1745.13 1510.68 1130.67 380.016 234.443 186.142
internal_count=5408 4730 3526 1204 678 526
is_linear=0
shrinkage=0.03


Tree=119
num_leaves=6
num_cat=0
split_feature=13 10 11 4 9
split_gain=5.36828 3.86814 9.86353 4.78207 2.5523
threshold=1.2213290929794314 0.59166395664215099 0.29150527715682989 -0.50476002693176258 -0.093843314796686159
decision_type=2 2 2 2 2
left_child=1 2 -1 -3 -2
right_child=4 3 -4 -5 -6
leaf_value=0.0087647493723159321 0 0.0084660944775339399 -0.0061458225266452435 -0.00034112894868695463 -0.010978542483106571
leaf_weight=118.59451282024384 24.475104548037052 37.589504465460777 34.960490919649601 1493.7142511215061 36.196935176849365
leaf_count=380 83 109 108 4582 131
internal_value=7.20644e-05 0.000462299 0.00470726 0 -0.00744897
internal_weight=1745.53 1684.86 153.555 1531.3 60.672
internal_count=5393 5179 488 4691 214
is_linear=0
shrinkage=0.03


Tree=120
num_leaves=7
num_cat=0
split_feature=8 18 18 12 19 16
split_gain=7.35333 8.52288 15.2369 12.9574 6.25793 9.61359
threshold=-0.95351392030715931 -0.13060689717531201 -1.2671702504158018 -0.85578173398971547 1.3156367540359499 0.52817603945732128
decision_type=2 2 2 2 2 2
left_child=1 2 -1 -3 -2 -6
right_child=4 3 -4 -5 5 -7
leaf_value=-0.0066439697233744207 0.0024482805822581099 0.0076734315785600372 0.0086286508703609707 -0.0081006447668331254 -0.0097841083982169261 0.0016331553033300688
leaf_weight=84.23936390131712 1005.2863870467991 35.402932845056057 111.45615501701832 278.69606560096145 85.745003268122673 148.71475255861878
leaf_count=268 3044 115 350 891 293 477
internal_value=0.000112081 -0.00281765 0.00176975 -0.0057902 0.00139005 -0.00274732
internal_weight=1749.54 509.795 195.696 314.099 1239.75 234.46
internal_count=5438 1624 618 1006 3814 770
is_linear=0
shrinkage=0.03


Tree=121
num_leaves=7
num_cat=0
split_feature=2 7 1 1 2 12
split_gain=6.128 13.6713 6.51405 4.79067 8.68996 7.06527
threshold=-0.24931240081787107 0.42912399768829351 -0.27294185757637018 -0.18570008128881452 -0.20711635053157804 1.8054624795913699
decision_type=2 2 2 2 2 2
left_child=1 -1 -3 5 -5 -2
right_child=3 2 -4 4 -6 -7
leaf_value=0.0088046806524034425 0.0072147585856221341 -0.0078503232644400768 0.0036704235883498748 -0.011987780192190619 -0.00027169238853969296 -0.0033193473177528911
leaf_weight=207.16475941985846 148.33385424688458 76.649131059646606 56.899891741573811 40.842561535537243 1158.8184333946556 63.4311638250947
leaf_count=601 447 236 177 129 3667 191
internal_value=0.000728808 0.00422396 -0.0027123 -0.000120224 -0.000909796 0.00378638
internal_weight=1752.14 340.714 133.549 1411.43 1199.66 211.765
internal_count=5448 1014 413 4434 3796 638
is_linear=0
shrinkage=0.03


Tree=122
num_leaves=7
num_cat=0
split_feature=8 18 1 4 6 17
split_gain=5.79663 7.24035 6.73783 10.5461 8.05585 4.28157
threshold=0.43079020082950598 0.63331303000450145 -0.043376710265874856 -0.17006208002567288 0.29515175521373754 0.24500425159931186
decision_type=2 2 2 2 2 2
left_child=2 5 3 -1 -4 -2
right_child=1 -3 4 -5 -6 -7
leaf_value=0.0068040254555917978 0 0.0042946102144154705 -0.0032299489579497207 -0.00040861940658029622 0.0035528953051607503 -0.011962884518038843
leaf_weight=262.61130665242672 38.218043580651283 30.981495313346386 664.3250988908112 469.91317674517632 179.43725471943617 84.531525447964668
leaf_count=801 118 100 2131 1446 562 272
internal_value=-0.000433841 -0.00564194 0.000100828 0.0022095 -0.00166916 -0.00882052
internal_weight=1730.02 153.731 1576.29 732.524 843.762 122.75
internal_count=5430 490 4940 2247 2693 390
is_linear=0
shrinkage=0.03


Tree=123
num_leaves=6
num_cat=0
split_feature=13 4 17 3 1
split_gain=6.47048 5.54427 10.1808 6.5057 3.25616
threshold=1.1909971833229067 0.67238479852676403 -0.46029517054557795 -0.55223771929740895 -0.18941827118396756
decision_type=2 2 2 2 2
left_child=1 2 -1 -3 -2
right_child=4 3 -4 -5 -6
leaf_value=0.0069563079378041001 7.3263471562532695e-05 0.0020410864461240176 0.00045915719394482826 -0.009127706698374408 -0.010697092152589398
leaf_weight=249.17681712284684 23.457450374960899 64.638942822813988 1274.8528208211064 79.191822662949562 45.780719786882401
leaf_count=740 80 187 4009 233 170
internal_value=0.000622561 0.00106311 0.00163664 -0.00410569 -0.00717718
internal_weight=1737.1 1667.86 1524.03 143.831 69.2382
internal_count=5419 5169 4749 420 250
is_linear=0
shrinkage=0.03


Tree=124
num_leaves=7
num_cat=0
split_feature=5 13 10 13 20 0
split_gain=6.94099 5.41995 5.13575 4.31778 16.009 5.85212
threshold=0.58082792162895214 0.4609187543392182 1.5862968564033511 -0.16742210090160367 1.0000000180025095e-35 -0.81633129715919484
decision_type=2 2 2 2 2 2
left_child=3 -2 -3 4 -1 -5
right_child=1 2 -4 5 -6 -7
leaf_value=-0.0064869790637153302 0.014397305728979105 -0.0056107473103800178 0.0067488970329406062 0 0.0066207583275621276 0.0057450829201247926
leaf_weight=274.47699856758118 35.492144092917442 32.943483352661133 46.831743739545345 1078.5054831132293 95.219973109662533 165.37658363580704
leaf_count=895 96 111 132 3409 300 469
internal_value=0.000516328 0.00704475 0.000941998 0 -0.00279043 0.000820864
internal_weight=1728.85 115.267 79.7752 1613.58 369.697 1243.88
internal_count=5412 339 243 5073 1195 3878
is_linear=0
shrinkage=0.03


Tree=125
num_leaves=7
num_cat=0
split_feature=11 12 18 0 14 3
split_gain=6.13816 7.19116 7.05844 6.64756 6.70477 5.52511
threshold=-0.35828459262847895 -0.95737615227699269 -1.1843579411506651 -1.6637264490127561 -0.097575068473815904 -0.41989216208457941
decision_type=2 2 2 2 2 2
left_child=3 5 -3 4 -1 -2
right_child=1 2 -4 -5 -6 -7
leaf_value=-0.011867802239208204 -0.011811981405866132 -0.0023418200525442811 0.0037301535837922783 0.0010459536644594201 -0.0015781086762525153 0.0010256284305771709
leaf_weight=73.183674156665802 38.735522836446762 186.26027847453952 871.71856355667114 312.15657752752304 213.92630486562848 40.673209495842457
leaf_count=261 136 548 2612 957 809 124
internal_value=0.000548794 0.00185907 0.00258189 -0.00182091 -0.00499836 -0.00574954
internal_weight=1736.65 1137.39 1057.98 599.267 287.11 79.4087
internal_count=5447 3420 3160 2027 1070 260
is_linear=0
shrinkage=0.03


Tree=126
num_leaves=7
num_cat=0
split_feature=9 7 18 9 15 3
split_gain=4.62516 8.61639 15.2719 12.2294 8.43764 8.59937
threshold=-0.0042774628382176152 0.68615272641181957 -0.56054282188415516 0.24397241324186328 -1.829386234283447 -1.1635940074920652
decision_type=2 2 2 2 2 2
left_child=4 3 -3 -2 -1 -6
right_child=1 2 -4 -5 5 -7
leaf_value=-0.0039107096873388699 -0.0080154646010672341 0.013031238832446872 -0.0019454330955153934 0.00074674338530488318 -0.00061747145490228302 0.0055032443254367817
leaf_weight=180.66855524107814 266.26847152411938 69.363259613513947 167.08805302530527 258.41297821700573 330.68488455750048 455.25504786148667
leaf_count=603 842 222 536 783 1044 1379
internal_value=0.000119025 -0.00156968 0.00288767 -0.00372084 0.00151443 0.00290209
internal_weight=1727.74 761.133 236.451 524.681 966.608 785.94
internal_count=5409 2383 758 1625 3026 2423
is_linear=0
shrinkage=0.03


Tree=127
num_leaves=7
num_cat=0
split_feature=15 13 18 7 14 18
split_gain=4.73068 7.75174 8.87923 6.41741 13.2138 11.821
threshold=-0.49654905498027796 0.67244410514831554 0.66052255034446727 0.53886583447456371 0.032302133738994605 -0.10927424952387808
decision_type=2 2 2 2 2 2
left_child=3 2 -2 4 -1 -5
right_child=1 -3 -4 5 -6 -7
leaf_value=0.0078174507829793984 -0.0022896104394769484 -0.0078258234538291088 0.0092466644778060793 0.0038553893544002924 -0.00027148463977510112 -0.0051578888160129233
leaf_weight=263.80054930597544 265.48467238806188 146.63081092387438 55.960795357823372 191.91269022971392 464.95338854938745 311.10813875123858
leaf_count=761 810 478 170 629 1507 1015
internal_value=-3.43993e-05 -0.00257191 0 0.000907612 0.00270708 -0.00158849
internal_weight=1699.85 468.076 321.445 1231.77 728.754 503.021
internal_count=5370 1458 980 3912 2268 1644
is_linear=0
shrinkage=0.03


Tree=128
num_leaves=7
num_cat=0
split_feature=8 16 13 8 17 0
split_gain=4.21702 5.87988 5.49293 6.09154 4.65493 3.51538
threshold=0.40787494182586675 0.66275858879089367 1.166627109050751 -0.95351392030715931 1.9224651455879214 -2.2776118516921993
decision_type=2 2 2 2 2 2
left_child=2 4 3 -1 -2 -4
right_child=1 -3 5 -5 -6 -7
leaf_value=-0.0017761428235084607 -0.010910823266096459 0.0028452316353499252 0.00099987900413699236 0.0022206361777405764 0.00065653669434704751 -0.0096804872649281833
leaf_weight=485.33558311313391 84.956882953643799 46.968631241470575 23.683508679270744 996.7399424277246 28.326605595648289 56.493867725133896
leaf_count=1565 270 147 91 3096 93 204
internal_value=-8.00313e-05 -0.0044543 0.000381381 0.000865643 -0.00790374 -0.00635692
internal_weight=1722.51 160.252 1562.25 1482.08 113.283 80.1774
internal_count=5466 510 4956 4661 363 295
is_linear=0
shrinkage=0.03


Tree=129
num_leaves=7
num_cat=0
split_feature=17 4 13 8 14 14
split_gain=5.56501 8.95232 10.3698 7.34512 4.46429 7.07343
threshold=2.0993738174438481 -0.060267992317676537 0.71720588207244884 -1.0674758553504942 -0.38667680323123926 -0.85596990585327137
decision_type=2 2 2 2 2 2
left_child=4 2 -2 -3 5 -1
right_child=1 3 -4 -5 -6 -7
leaf_value=0.0038438089297588023 0.015995467577283994 0.0091601772232336107 -0.00079935226287839204 -0.0047053636225875342 0.00035361145087355907 -0.0074293586354804786
leaf_weight=48.865067154169083 67.819964088499546 27.069582372903824 39.843337286263704 102.34956581890583 1280.0686220191419 148.7800036482513
leaf_count=157 233 81 145 308 4046 461
internal_value=0.000393619 0.00448242 0.0101586 -0.000565747 -0.000273419 -0.00426944
internal_weight=1714.8 237.082 107.663 129.419 1477.71 197.645
internal_count=5431 767 378 389 4664 618
is_linear=0
shrinkage=0.03


Tree=130
num_leaves=7
num_cat=0
split_feature=7 7 13 5 18 9
split_gain=6.77345 10.8751 9.54895 7.75813 2.74613 1.45073
threshold=-1.5907016992568968 -1.2282248139381406 0.38940633833408361 0.61931520700454723 0.41434337198734289 0.41995193064212805
decision_type=2 2 2 2 2 2
left_child=2 -2 5 -3 -4 -1
right_child=1 3 4 -5 -6 -7
leaf_value=0.0051393605547614884 0.01086352233432154 -0.00033323866809823908 -0.015582753071406783 0.0085508056599391691 -0.00038941150310595738 -0.0013833467983243428
leaf_weight=34.047772005200386 72.103884063661098 1400.3550558853894 45.399051979184151 74.008636258542538 24.190091915428638 34.806628275662661
leaf_count=103 197 4489 142 227 84 113
internal_value=0.000220982 0.000849749 -0.0056446 0.000181035 -0.012237 0.00159761
internal_weight=1684.91 1546.47 138.444 1474.36 69.5891 68.8544
internal_count=5355 4913 442 4716 226 216
is_linear=0
shrinkage=0.03


Tree=131
num_leaves=7
num_cat=0
split_feature=11 7 4 15 6 8
split_gain=5.48637 5.95563 6.05802 4.74471 8.52073 7.58957
threshold=-1.1107078790664671 -0.15323454886674878 0.32558198273181921 -1.3405155539512632 -0.30234733223915095 0.52082335948944103
decision_type=2 2 2 2 2 2
left_child=1 2 -1 4 -2 -5
right_child=3 -3 -4 5 -6 -7
leaf_value=0.0082022483327858099 0.005171727931367818 -0.012351851399054111 -0.0052562004112502534 0.0021038774621007341 -0.0038638224600394408 -0.0070147032206468417
leaf_weight=26.61674802750349 93.784811213612556 49.742701351642609 63.828834846615791 941.82172509096563 458.33849520981312 68.044832020998001
leaf_count=82 273 178 200 2860 1594 223
internal_value=-0.000449149 -0.00574143 0 5.44857e-05 -0.00209701 0.00130691
internal_weight=1702.18 140.188 90.4456 1561.99 552.123 1009.87
internal_count=5410 460 282 4950 1867 3083
is_linear=0
shrinkage=0.03


Tree=132
num_leaves=7
num_cat=0
split_feature=11 0 18 1 18 0
split_gain=6.13074 7.99932 11.4112 8.1466 6.32637 6.06558
threshold=0.0633528307080269 -0.93979761004447926 -0.089441619813442216 0.42245942354202276 -2.978422880172729 -0.26075533032417292
decision_type=2 2 2 2 2 2
left_child=4 3 -3 -2 -1 -6
right_child=1 2 -4 -5 5 -7
leaf_value=0.0071790778025096116 0.0052905717361797005 -0.011341173879517698 0.0037839868255336614 -0.0063964438406022336 -0.0024695407969100693 0.0074845380858943036
leaf_weight=52.556061007082462 484.59947803989053 64.35596220754087 72.516340531408787 38.642781287431717 946.74133034422994 36.65568857267499
leaf_count=163 1491 180 217 126 3160 100
internal_value=0.000143013 0.00239357 -0.00348446 0.00411329 -0.0012524 -0.00189692
internal_weight=1696.07 660.115 136.872 523.242 1035.95 983.397
internal_count=5437 2014 397 1617 3423 3260
is_linear=0
shrinkage=0.03


Tree=133
num_leaves=4
num_cat=0
split_feature=11 3 12
split_gain=5.09259 4.2847 3.92917
threshold=-1.6210269927978513 1.5030846595764162 -0.98175528645515431
decision_type=2 2 2
left_child=-1 2 -2
right_child=1 -3 -4
leaf_value=0.0085598286484146781 -0.0043852818848376194 -0.0090143238214130655 0.00075910494713576774
leaf_weight=45.429374352097511 125.02259215712547 25.907879188656807 1495.356674740091
leaf_count=137 428 94 4748
internal_value=0.000350867 0 0.000276979
internal_weight=1691.72 1646.29 1620.38
internal_count=5407 5270 5176
is_linear=0
shrinkage=0.03


Tree=134
num_leaves=6
num_cat=0
split_feature=17 4 18 4 9
split_gain=6.40086 20.657 10.0695 5.82025 5.68539
threshold=-0.28677317500114435 0.86227482557296764 0.22337167710065844 0.86227482557296764 -0.38164596259593958
decision_type=2 2 2 2 2
left_child=1 2 -1 4 -2
right_child=3 -3 -4 -5 -6
leaf_value=0.0099512480666975444 0.0050037545503226607 -0.01308135631079156 0 0.0082227284755349746 -0.0020569450620468617
leaf_weight=199.64666952565312 89.065135518088937 40.350041046738625 174.20625669509172 37.403307132422924 1180.5509146749973
leaf_count=586 289 121 545 110 3811
internal_value=0 0.00319211 0.00567593 -0.00100354 -0.00144518
internal_weight=1721.22 414.203 373.853 1307.02 1269.62
internal_count=5462 1252 1131 4210 4100
is_linear=0
shrinkage=0.03


Tree=135
num_leaves=6
num_cat=0
split_feature=2 9 20 13 7
split_gain=5.62751 4.54124 8.10324 6.23109 1.86728
threshold=0.54623302817344677 -0.1858834624290466 1.0000000180025095e-35 -0.053842019289731972 0.64860266447067272
decision_type=2 2 2 2 2
left_child=1 2 -1 -3 -2
right_child=4 3 -4 -5 -6
leaf_value=-0.0049446010000149592 -0.010486124564503178 -0.002819670135565595 0.0039706799554999807 0.0020690217007059771 0
leaf_weight=339.15261131897569 46.458580728620291 289.77831546403468 99.224981613457203 890.41380570083857 24.808738172054291
leaf_count=1077 169 945 332 2800 83
internal_value=-0.000590062 -0.000141751 -0.00271056 0.000791701 -0.00785212
internal_weight=1689.84 1618.57 438.378 1180.19 71.2673
internal_count=5406 5154 1409 3745 252
is_linear=0
shrinkage=0.03


Tree=136
num_leaves=5
num_cat=0
split_feature=9 9 1 2
split_gain=5.08344 7.64059 4.89782 1.2686
threshold=-0.49506436288356775 -0.38164596259593958 0.42245942354202276 -0.23454113304615018
decision_type=2 2 2 2
left_child=-1 3 -3 -2
right_child=1 2 -4 -5
leaf_value=-0.0083356980322578447 0.00076398504881133736 0.00048004553467951352 -0.0053347668013805152 0.011345536898465
leaf_weight=40.905533492565155 31.523813292384148 1486.0452610775828 122.69213674589992 44.960127480328083
leaf_count=137 99 4698 430 137
internal_value=0.000131962 0.00046804 0 0.0086685
internal_weight=1726.13 1685.22 1608.74 76.4839
internal_count=5501 5364 5128 236
is_linear=0
shrinkage=0.03


Tree=137
num_leaves=7
num_cat=0
split_feature=2 12 17 14 7 14
split_gain=5.31302 7.37895 13.4495 6.21765 4.17787 5.0568
threshold=0.028490640223026279 1.1221426129341128 1.5061013102531435 0.0225565554574132 1.2613640427589419 2.7455941438674931
decision_type=2 2 2 2 2 2
left_child=4 2 -2 -3 5 -1
right_child=1 3 -4 -5 -6 -7
leaf_value=0.00067311617374486449 -0.0082941877809553748 0.0052969323855932421 0.0041195334950550723 -0.0025070620483881065 -0.0045926812604691024 0.0072931812932809726
leaf_weight=793.32884926348925 282.80256054364145 138.88804221153259 85.030790776014328 190.43268559873104 84.086185403168201 106.47230799682438
leaf_count=2385 996 405 298 659 296 357
internal_value=-0.000383857 -0.00237713 -0.00520539 0.000727273 0.000987975 0.00166324
internal_weight=1681.04 697.154 367.833 329.321 983.887 899.801
internal_count=5396 2358 1294 1064 3038 2742
is_linear=0
shrinkage=0.03


Tree=138
num_leaves=7
num_cat=0
split_feature=1 6 14 9 7 3
split_gain=9.58454 4.66638 7.79691 5.84717 4.35898 1.22336
threshold=0.39487975835800176 0.29515175521373754 0.072528805583715453 0.48597785830497747 -1.2979739904403684 -0.99797666072845448
decision_type=2 2 2 2 2 2
left_child=1 2 -1 -3 -2 -6
right_child=4 3 -4 -5 5 -7
leaf_value=0.002643426032686848 0.0018247068921928597 0.0076798070381855583 -0.0018621317711523249 -0.0041851306966921289 -0.0022667438908255252 -0.01169452782276203
leaf_weight=573.33221948333085 23.782298408448696 136.32304432243109 808.02180899865925 27.907317355275154 49.203383680433035 71.846787970513105
leaf_count=1718 79 422 2696 91 159 272
internal_value=-7.27921e-05 0.00061739 0 0.00510248 -0.00698334 -0.00915257
internal_weight=1690.42 1545.58 1381.35 164.23 144.832 121.05
internal_count=5437 4927 4414 513 510 431
is_linear=0
shrinkage=0.03


Tree=139
num_leaves=7
num_cat=0
split_feature=7 4 10 6 16 16
split_gain=5.27077 12.8674 7.73481 7.30797 9.32622 9.02443
threshold=0.53886583447456371 -0.12470042705535887 0.79263737797737133 -0.037993840873241418 -0.14594816416501996 0.016132146120071415
decision_type=2 2 2 2 2 2
left_child=3 2 -2 5 -5 -1
right_child=1 -3 -4 4 -6 -7
leaf_value=-0.0040093607166884256 0.010506245841696248 -0.0063019336563980444 -0.00056220764486787514 0.0063130285619917466 -0.0034944575550740074 0.0050723199907876824
leaf_weight=102.21160273998976 54.140303112566471 357.51474855095148 200.07887601107359 84.655424989759922 454.49853432923555 434.17158436775208
leaf_count=307 169 1187 664 249 1514 1327
internal_value=-0.000531594 -0.00272879 0.00217055 0.000690338 -0.0016765 0.00315199
internal_weight=1687.27 611.734 254.219 1075.54 539.154 536.383
internal_count=5417 2020 833 3397 1763 1634
is_linear=0
shrinkage=0.03


Tree=140
num_leaves=7
num_cat=0
split_feature=6 1 8 13 9 7
split_gain=4.59507 7.42476 8.55257 5.181 4.57866 5.65929
threshold=0.050461370497941978 -0.22426941245794293 -0.30711987614631647 0.32309412956237799 -0.47940567135810846 1.3480976819992068
decision_type=2 2 2 2 2 2
left_child=4 3 -3 -2 -1 -6
right_child=1 2 -4 -5 5 -7
leaf_value=-0.0063856367452559933 -0.0012894428923018069 -0.00012787456777998301 -0.0078722055258909872 0.011627581516137438 0.0026933858935820972 -0.0053681917999814661
leaf_weight=39.550233591347933 32.179325893521309 391.99835339188576 184.16650026664138 39.776213489472866 928.97155932709575 62.482865050435066
leaf_count=129 98 1304 640 125 2868 216
internal_value=0.000271164 -0.00163467 -0.00288498 0.0061744 0.00153462 0.00202991
internal_weight=1679.13 648.12 576.165 71.9555 1031 991.454
internal_count=5380 2167 1944 223 3213 3084
is_linear=0
shrinkage=0.03


Tree=141
num_leaves=6
num_cat=0
split_feature=9 18 14 10 5
split_gain=5.54673 9.3571 3.62659 10.7591 7.74053
threshold=0.58170625567436229 -0.15197271853685376 0.042414981871843345 0.66962164640426647 0.16807717829942706
decision_type=2 2 2 2 2
left_child=2 -2 4 -4 -1
right_child=1 -3 3 -5 -6
leaf_value=-0.00036134996367909969 0.0034741549146183838 -0.013343901821686507 0.009800579569545111 -0.0013560828200009202 0.0058926518938214514
leaf_weight=360.91061709821224 33.727644398808479 47.077165201306343 64.714618604630232 884.08323977515101 299.13543394953012
leaf_count=1102 110 153 233 2958 890
internal_value=0.000338514 -0.00643236 0.000790225 -0.000346573 0.0024747
internal_weight=1689.65 80.8048 1608.84 948.798 660.046
internal_count=5446 263 5183 3191 1992
is_linear=0
shrinkage=0.03


Tree=142
num_leaves=7
num_cat=0
split_feature=12 10 16 0 17 17
split_gain=5.79382 15.8245 11.743 9.54616 11.7092 9.6107
threshold=2.012956023216248 1.1826135516166689 0.85317286849021923 -1.4653264284133909 0.61432480812072765 1.5061013102531435
decision_type=2 2 2 2 2 2
left_child=3 2 -2 4 -1 -5
right_child=1 -3 -4 5 -6 -7
leaf_value=0.00048557770041488202 0.0019961400734970344 0.0071272662123710931 -0.012655862990815839 -8.3616381661656469e-05 -0.0068830122025278417 0.0092526818207854435
leaf_weight=361.92639195546508 100.13246294111013 281.17497364059091 61.276162520051003 399.29966278374195 361.22826861403883 106.81327427178621
leaf_count=1154 347 843 207 1229 1304 326
internal_value=3.3983e-05 0.00293511 -0.00401755 -0.000992775 -0.0032006 0.00204956
internal_weight=1671.85 442.584 161.409 1229.27 723.155 506.113
internal_count=5410 1397 554 4013 2458 1555
is_linear=0
shrinkage=0.03


Tree=143
num_leaves=5
num_cat=0
split_feature=7 1 7 17
split_gain=6.26204 7.18681 7.78135 5.88563
threshold=-3.0068461894989009 -0.22925384342670438 0.48347601294517523 -2.4888603687286373
decision_type=2 2 2 2
left_child=-1 2 -2 -3
right_child=1 3 -4 -5
leaf_value=-0.011427311745336349 0.0066517780525248791 0.0087092433023696122 -0.0019185999141607347 -0.001723243138141434
leaf_weight=26.774944346398115 223.46934077143669 29.377229187637568 130.31208674609661 1253.3387366402894
leaf_count=89 678 93 436 4118
internal_value=-0.000574851 -0.000225246 0.00340069 -0.00130822
internal_weight=1663.27 1636.5 353.781 1282.72
internal_count=5414 5325 1114 4211
is_linear=0
shrinkage=0.03


Tree=144
num_leaves=7
num_cat=0
split_feature=4 2 7 17 13 19
split_gain=5.76472 8.39323 7.24812 9.23212 8.67935 6.92732
threshold=-0.14970265328884122 0.082996021956205382 0.48347601294517523 0.56330159306526195 0.47824829816818243 1.273774325847626
decision_type=2 2 2 2 2 2
left_child=1 5 4 -4 -2 -1
right_child=2 -3 3 -5 -6 -7
leaf_value=0.0067119147985655291 0.0035935543689175824 -0.0031129142791149517 0.00041186080045202601 -0.0082882129206665912 -0.0029981095013745678 -0.0012605408705903744
leaf_weight=327.21851259469986 386.79996035248041 151.49318974092603 180.92592819035053 212.74204180389643 296.87416830658913 112.69292985647917
leaf_count=985 1211 536 594 765 946 392
internal_value=0.000103606 0.00246873 -0.00116138 -0.00431811 0.000642107 0.00457313
internal_weight=1668.75 591.405 1077.34 393.668 683.674 439.911
internal_count=5429 1913 3516 1359 2157 1377
is_linear=0
shrinkage=0.03


Tree=145
num_leaves=7
num_cat=0
split_feature=18 15 3 0 11 19
split_gain=5.11245 12.4011 9.90429 8.25814 11.6084 5.72078
threshold=-0.38526740670204157 -0.4353290051221847 -0.65786802768707264 -1.9041340351104734 0.092961173504591002 0.96615222096443187
decision_type=2 2 2 2 2 2
left_child=1 5 -3 4 -2 -1
right_child=3 2 -4 -5 -6 -7
leaf_value=-0.0011669405259419764 -0.0081959690703941948 -0.010417310079333103 0.0040707790364038713 0.00087213530192568661 0.0018120790005995611 0.00733044444319553
leaf_weight=71.032512631267309 243.01259669661522 79.575033355504274 52.045111604034901 761.256730992347 148.90984632447362 292.82306449115276
leaf_count=236 867 253 168 2426 479 956
internal_value=0.000164608 0.00268272 -0.00451143 -0.000893473 -0.00434442 0.00554089
internal_weight=1648.65 495.476 131.62 1153.18 391.922 363.856
internal_count=5385 1613 421 3772 1346 1192
is_linear=0
shrinkage=0.03


Tree=146
num_leaves=7
num_cat=0
split_feature=1 15 17 7 17 10
split_gain=4.95992 6.1855 8.99154 7.42608 5.97366 7.0607
threshold=-0.18570008128881452 -0.53024923801422108 1.2310445308685305 -0.42119924724102015 1.6897807121276858 1.7722683548927309
decision_type=2 2 2 2 2 2
left_child=1 2 -1 -3 -2 -6
right_child=4 3 -4 -5 5 -7
leaf_value=0.0082513131755456125 -0.0020131676074108874 0.0055607631350995017 -0.0017098035516377771 -0.0075147757407237076 0.0050964612756310632 -0.0054827459950202717
leaf_weight=217.63013634085655 931.31564028561115 42.126145765185356 101.72954385727644 78.375092960894108 233.3927321434021 50.538849301636219
leaf_count=645 3062 130 346 261 806 156
internal_value=0.000136308 0.0028244 0.00498771 -0.00237577 -0.000818053 0.00277911
internal_weight=1655.11 439.861 319.36 120.501 1215.25 283.932
internal_count=5406 1382 991 391 4024 962
is_linear=0
shrinkage=0.03


Tree=147
num_leaves=7
num_cat=0
split_feature=8 13 6 16 11 6
split_gain=4.40071 7.59643 12.9259 6.13389 7.00118 5.92014
threshold=-0.3211966603994369 0.80716603994369518 -0.42339935898780817 -0.78098875284194935 -0.35828459262847895 0.075432449579238905
decision_type=2 2 2 2 2 2
left_child=3 2 -2 -1 -5 -3
right_child=1 5 -4 4 -6 -7
leaf_value=0.010688762922741936 0.0080736486662054806 0.0084657423669145006 -0.0057644404775114245 -0.002747781576818029 0.00234762183570717 -0.00333540132552609
leaf_weight=39.411126166582108 49.90824794024229 77.544976867735386 397.28002999350429 337.30784315243363 711.04041514545679 39.9289495870471
leaf_count=114 134 259 1313 1208 2258 127
internal_value=9.2301e-05 -0.00197562 -0.00381211 0.00123622 0.000631257 0.00411644
internal_weight=1652.42 564.662 447.188 1087.76 1048.35 117.474
internal_count=5413 1833 1447 3580 3466 386
is_linear=0
shrinkage=0.03


Tree=148
num_leaves=7
num_cat=0
split_feature=2 5 12 6 10 19
split_gain=6.36545 6.60567 5.5723 9.97056 7.13289 5.38909
threshold=-0.025004623457789418 0.28120361268520361 1.7506642341613772 0.030133025720715526 1.7447591423988345 1.2717161774635317
decision_type=2 2 2 2 2 2
left_child=2 -2 4 -4 -1 -3
right_child=1 5 3 -5 -6 -7
leaf_value=0.001432003428085659 -0.0036285340261212207 0.0063431847233260249 0.0080256206321870499 -0.0055582601054424046 -0.0076343482882654948 -0.0019823696359962477
leaf_weight=511.833974853158 582.97898372076452 114.47650823742151 208.89991157129407 41.059160977602005 71.433139935135841 115.91988635808229
leaf_count=1608 2040 366 648 142 231 383
internal_value=-2.58773e-05 -0.00192514 0.00175948 0.00532555 5.89397e-06 0.00209095
internal_weight=1646.6 813.375 833.226 249.959 583.267 230.396
internal_count=5418 2789 2629 790 1839 749
is_linear=0
shrinkage=0.03


Tree=149
num_leaves=7
num_cat=0
split_feature=0 13 3 13 0 3
split_gain=5.11919 10.0192 9.69984 6.18659 5.74498 3.69694
threshold=-0.81633129715919484 -0.20647837966680524 -1.5843290686607359 -2.1101019382476802 -0.93979761004447926 -0.32097020745277399
decision_type=2 2 2 2 2 2
left_child=3 5 -3 -1 -5 -2
right_child=1 2 -4 4 -6 -7
leaf_value=0.0086949131158274278 0.00058530625027539433 -0.0039567115123324498 0.010736612950823985 -0.00054155357204203035 -0.0087615732841188274 -0.010940000543432454
leaf_weight=39.923707291483879 32.643475949764252 35.209435492753983 143.17068076878786 1308.3419251516461 63.691584505140781 24.985095381736755
leaf_count=146 102 116 419 4362 181 86
internal_value=1.23032e-05 0.00395349 0.00742742 -0.000650583 -0.00108664 -0.0051698
internal_weight=1647.97 236.009 178.38 1411.96 1372.03 57.6286
internal_count=5412 723 535 4689 4543 188
is_linear=0
shrinkage=0.03


Tree=150
num_leaves=6
num_cat=0
split_feature=16 16 12 8 13
split_gain=3.76365 6.75599 6.67193 3.84653 1.23629
threshold=-0.8619495928287505 -0.46689344942569727 1.0000000180025095e-35 -0.15302093327045438 0.32309412956237799
decision_type=2 2 2 2 2
left_child=3 4 -3 -1 -2
right_child=1 2 -4 -5 -6
leaf_value=0.010687562467900374 -0.0010047922739834791 -0.0033484175684081394 0.0012491109250069308 -0.00091626332110244612 -0.012497331525876709
leaf_weight=38.557909704744816 30.775416508316994 351.45596632361412 1173.8618393614888 25.565731100738049 26.365372877568007
leaf_count=115 96 1226 3797 84 83
internal_value=1.26637e-05 -0.000276441 0.000121319 0.00623001 -0.00895068
internal_weight=1646.58 1582.46 1525.32 64.1236 57.1408
internal_count=5401 5202 5023 199 179
is_linear=0
shrinkage=0.03


Tree=151
num_leaves=7
num_cat=0
split_feature=11 4 2 10 18 18
split_gain=5.40021 7.42835 11.3474 6.09683 5.51861 4.98304
threshold=0.33389452099800115 -0.15198464691638944 0.082996021956205382 0.60000118613243114 0.63331303000450145 0.51395523548126232
decision_type=2 2 2 2 2 2
left_child=1 2 -1 -3 5 -2
right_child=4 3 -4 -5 -6 -7
leaf_value=0.0044489164611813611 0.0018703214429210073 0.0038231348136399898 -0.005928272475625219 -0.0042158107452311524 0.0084268322028202731 -0.0075550517224564498
leaf_weight=316.955542024225 307.05983237922192 72.878492023795843 109.53166309371591 691.10018918290734 83.007618304342031 39.05965530872345
leaf_count=1014 950 254 408 2355 239 126
internal_value=-0.000462342 -0.00152965 0.00150326 -0.00329445 0.00230121 0.00028818
internal_weight=1619.59 1190.47 426.487 763.979 429.127 346.119
internal_count=5346 4031 1422 2609 1315 1076
is_linear=0
shrinkage=0.03


Tree=152
num_leaves=7
num_cat=0
split_feature=0 17 16 11 11 17
split_gain=4.4108 12.4697 9.88541 9.54834 9.03517 10.3103
threshold=-1.4749506711959837 1.5848463773727419 0.059926981106400497 -0.11090043187141417 0.10874799266457559 1.326721251010895
decision_type=2 2 2 2 2 2
left_child=4 3 -3 -2 5 -1
right_child=1 2 -4 -5 -6 -7
leaf_value=-0.00043716036832575674 0.0032823976407717463 -0.0029864239973042151 0.012043837329328679 -0.0044645717588510537 0.0022470262905294122 -0.0085630934096617012
leaf_weight=386.32551293447614 259.09079211577773 36.662586882710457 127.14591561257839 269.40791528299451 341.65353259444237 219.84824050962925
leaf_count=1328 831 106 410 840 1071 826
internal_value=-0.000115557 0.00163832 0.00839451 -0.00057611 -0.00146599 -0.00365948
internal_weight=1640.13 692.307 163.809 528.499 947.827 606.174
internal_count=5412 2187 516 1671 3225 2154
is_linear=0
shrinkage=0.03


Tree=153
num_leaves=7
num_cat=0
split_feature=17 16 9 3 8 8
split_gain=4.39381 11.9959 9.83103 6.00247 11.9339 6.98075
threshold=0.28452688455581671 0.78637290000915538 0.015350022818893196 -1.2822953462600706 -0.6702379286289214 -0.92699834704399098
decision_type=2 2 2 2 2 2
left_child=1 2 -1 5 -5 -2
right_child=3 -3 -4 4 -6 -7
leaf_value=0.0031413221944946159 -0.010635853012016156 0.0096056383526634658 -0.0048262935574902386 0.00387617769327642 -0.0037018786157774516 -0.0011511961102305722
leaf_weight=280.37699968740344 105.3393529355526 111.43829289823771 237.09532574936748 339.12315374240279 370.01790811493993 209.69021521508694
leaf_count=883 393 339 794 1123 1266 691
internal_value=-0.000408809 0.00148759 -0.000441393 -0.00163698 0 -0.00494735
internal_weight=1653.08 628.911 517.472 1024.17 709.141 315.03
internal_count=5489 2016 1677 3473 2389 1084
is_linear=0
shrinkage=0.03


Tree=154
num_leaves=7
num_cat=0
split_feature=2 17 13 17 6 2
split_gain=3.39087 7.31369 11.028 6.58269 4.8885 5.22356
threshold=0.16903953254222873 0.25842829048633581 0.67244410514831554 0.72080725431442272 0.29515175521373754 0.54623302817344677
decision_type=2 2 2 2 2 2
left_child=1 2 -1 -3 -2 -6
right_child=4 3 -4 -5 5 -7
leaf_value=0.0077199469716050474 -0.0047974519829655175 -0.0061054891754492796 -0.0010331881114268382 0.00058533283967819821 0.005273245405592244 -0.0044399152199554809
leaf_weight=269.07334463298321 230.32251766696572 143.75028636306524 207.77749030664563 625.05137000419199 109.37738458067179 57.211103931069374
leaf_count=794 835 457 664 2095 356 206
internal_value=0.000236145 0.00103827 0.00389713 -0.000712734 -0.00206635 0.00149756
internal_weight=1642.56 1245.65 476.851 768.802 396.911 166.588
internal_count=5407 4010 1458 2552 1397 562
is_linear=0
shrinkage=0.03


Tree=155
num_leaves=7
num_cat=0
split_feature=5 13 0 13 5 2
split_gain=5.62607 8.84281 7.78965 7.16935 13.8652 6.41123
threshold=-0.27561938762664789 0.21657279133796695 -2.1664868593215938 -0.82405555248260487 0.25354367494583135 -0.31440910696983332
decision_type=2 2 2 2 2 2
left_child=1 2 -1 4 -2 -3
right_child=3 5 -4 -5 -6 -7
leaf_value=0.0084127295766062912 -0.001916717255824153 -0.0010658288220790711 -0.0056732769985181897 -0.0012181146287007843 0.016413986292611902 0.012693135116686934
leaf_weight=30.492309309542179 69.603950776159763 27.250543128699064 91.603637896478176 1252.2809293586761 43.286585837602615 93.813392881304026
leaf_count=91 250 82 314 4178 137 301
internal_value=0.00023531 0.00427842 -0.00104423 -0.000492895 0.00607297 0.00945874
internal_weight=1608.33 243.16 122.096 1365.17 112.891 121.064
internal_count=5353 788 405 4565 387 383
is_linear=0
shrinkage=0.03


Tree=156
num_leaves=6
num_cat=0
split_feature=9 3 14 14 6
split_gain=4.59257 5.22075 3.99441 8.3492 3.91419
threshold=0.47523990273475653 -0.57714879512786854 -0.9501376450061797 -0.63165810704231251 0.026786520145833496
decision_type=2 2 2 2 2
left_child=2 -2 -1 -4 -3
right_child=1 4 3 -5 -6
leaf_value=0.0090522483746302718 0.0021562422483910608 0 -0.0081252440862536121 0.00086517396014632595 -0.012508215222196129
leaf_weight=28.762440495193005 41.51986088603735 32.97317486256361 79.069647859781981 1397.4728367626667 54.036236878484488
leaf_count=92 128 102 275 4639 189
internal_value=4.034e-05 -0.00495586 0.000565661 0.000241487 -0.00867906
internal_weight=1633.83 128.529 1505.3 1476.54 87.0094
internal_count=5425 419 5006 4914 291
is_linear=0
shrinkage=0.03


Tree=157
num_leaves=7
num_cat=0
split_feature=19 4 6 2 17 1
split_gain=5.34387 9.13927 5.87442 5.78039 7.39806 6.58237
threshold=1.3202836513519289 0.14726290106773379 -0.024465689435601231 -0.41643187403678888 1.1959161758422854 -0.18570008128881452
decision_type=2 2 2 2 2 2
left_child=3 2 -2 4 -1 -5
right_child=1 -3 -4 5 -6 -7
leaf_value=0.00072392434266076633 0.00526373819604349 -0.010258316588300018 -0.0035860983000360835 0.0059519424623957111 -0.012847194420911536 0.00051918473277691674
leaf_weight=70.755269438028336 98.307398598641157 88.978253707289696 136.22447366267443 248.27036271616817 38.277154099196196 943.62170918658376
leaf_count=216 331 298 519 779 141 3133
internal_value=0.000218068 -0.00307249 9.83316e-06 0.00111591 -0.00482823 0.00177988
internal_weight=1624.43 323.51 234.532 1300.92 109.032 1191.89
internal_count=5417 1148 850 4269 357 3912
is_linear=0
shrinkage=0.03


Tree=158
num_leaves=7
num_cat=0
split_feature=2 20 3 10 16 9
split_gain=5.08281 5.74378 6.4307 5.57356 9.30641 8.2129
threshold=0.16903953254222873 1.0000000180025095e-35 -1.0809782743453977 1.4855072498321535 0.98847544193267833 0.21621816605329516
decision_type=2 2 2 2 2 2
left_child=3 2 -2 4 -1 -5
right_child=1 -3 -4 5 -6 -7
leaf_value=0.000395405525234423 0.0013522286612851638 0.0026837050617060754 -0.007514500974052595 0.0060888832352373797 -0.013749918701950302 -0.0027052820993615388
leaf_weight=762.81580184772611 85.739844311028719 104.59576069563627 206.66484092921019 333.37640318647027 24.019049480557442 106.96700264140964
leaf_count=2540 296 354 764 1009 93 341
internal_value=0.00017428 -0.00265206 -0.00480239 0.00116459 -0.000292165 0.00379757
internal_weight=1624.18 397 292.405 1227.18 786.835 440.343
internal_count=5397 1414 1060 3983 2633 1350
is_linear=0
shrinkage=0.03


Tree=159
num_leaves=7
num_cat=0
split_feature=10 3 6 14 14 3
split_gain=4.09707 9.58838 6.91288 4.55835 7.91879 1.50296
threshold=0.66962164640426647 -1.293783903121948 0.15234109759330752 -0.60499837994575489 0.042414981871843345 -0.31224647164344782
decision_type=2 2 2 2 2 2
left_child=1 -1 -3 5 -5 -2
right_child=3 2 -4 4 -6 -7
leaf_value=-0.0064295800404399039 -0.010628194441893238 0.010197358306099314 -0.0033449736742818367 0.0029256698143100605 -0.0017301611760314362 0
leaf_weight=39.015741799026728 31.037282627075911 126.97439670562744 25.724035568535328 490.1029255874455 902.69031695276499 23.044049859046936
leaf_count=151 109 413 93 1484 3127 83
internal_value=6.66921e-05 0.00399765 0.00744538 -0.000460669 -3.11512e-05 -0.00771764
internal_weight=1638.59 191.714 152.698 1446.87 1392.79 54.0813
internal_count=5460 657 506 4803 4611 192
is_linear=0
shrinkage=0.03


Tree=160
num_leaves=7
num_cat=0
split_feature=7 16 7 5 18 8
split_gain=5.10798 5.00509 4.83342 5.68042 4.4701 4.36149
threshold=-1.7412509918212888 -0.18092829734086988 -1.2610128521919248 0.63801443576812755 0.50381937623023998 -0.34308250248432154
decision_type=2 2 2 2 2 2
left_child=1 -1 5 -4 -3 -2
right_child=2 4 3 -5 -6 -7
leaf_value=0.0024742512671077077 0.012518078681620391 -0.012813712083335168 -0.0002782937957991419 0.0078473309160918721 0 0
leaf_weight=31.129293918609619 36.22518640011549 54.661131508648396 1358.8141239732504 61.725454226136208 29.494704458862543 34.049784723669291
leaf_count=101 108 180 4597 200 99 105
internal_value=7.50519e-05 -0.00546742 0.00061007 0.000137179 -0.00889214 0.00735632
internal_weight=1606.1 115.285 1490.81 1420.54 84.1558 70.275
internal_count=5390 380 5010 4797 279 213
is_linear=0
shrinkage=0.03


Tree=161
num_leaves=7
num_cat=0
split_feature=1 18 19 5 11 15
split_gain=4.28633 6.16407 6.16153 5.47959 4.79362 7.5499
threshold=0.19105150550603869 -0.35560248792171473 0.85472536087036144 -0.017953499220311638 0.43333886563777929 -0.4353290051221847
decision_type=2 2 2 2 2 2
left_child=4 3 -3 -2 -1 -6
right_child=1 2 -4 -5 5 -7
leaf_value=-0.00018685008094192901 -0.0049864812148690376 0.0004556207805489948 -0.0085355614729760183 0.0066798980331595507 0.0072328311497550004 -0.0023235093716778062
leaf_weight=968.61931967362761 34.661697655916214 87.131135694682598 163.81903569400311 76.982988324016333 195.31793531402946 89.692001435905695
leaf_count=3240 125 311 597 265 586 288
internal_value=-1.65969e-05 -0.00283569 -0.00538914 0.00239483 0.000783402 0.0040736
internal_weight=1616.22 362.595 250.95 111.645 1253.63 285.01
internal_count=5412 1298 908 390 4114 874
is_linear=0
shrinkage=0.03


Tree=162
num_leaves=7
num_cat=0
split_feature=2 10 14 7 5 13
split_gain=3.30614 6.18541 6.6273 5.63423 6.56787 5.94974
threshold=0.29097777605056768 1.5101097226142886 2.4470992088317876 -1.5907016992568968 -0.30449023842811579 0.47824829816818243
decision_type=2 2 2 2 2 2
left_child=3 -2 -3 5 -5 -1
right_child=1 2 -4 4 -6 -7
leaf_value=0.00078499474527235708 -0.0080348862036621008 0.0047738296478086603 -0.0082788894784400179 0.0070358550968511969 0.00060959960428497357 -0.011061599467078858
leaf_weight=60.332376655191183 94.947845131158829 106.92878968641162 27.119687333703041 150.00778105482459 1148.1668746098876 49.846392937004566
leaf_count=181 364 355 98 478 3808 171
internal_value=0.00029623 -0.00284243 0.00101161 0.000881233 0.00149317 -0.00498969
internal_weight=1637.35 228.996 134.048 1408.35 1298.17 110.179
internal_count=5455 817 453 4638 4286 352
is_linear=0
shrinkage=0.03


Tree=163
num_leaves=7
num_cat=0
split_feature=4 1 4 6 7 6
split_gain=4.09344 9.33406 9.04897 7.07814 6.56285 9.32067
threshold=-0.15358878672122953 -0.072296265512704835 -0.23694150894880292 -0.04071755334734916 -0.4330312311649322 0.13720769435167315
decision_type=2 2 2 2 2 2
left_child=1 2 -1 -3 5 -2
right_child=4 3 -4 -5 -6 -7
leaf_value=0.00091234555685476993 0.0058880443878939637 -0.0059990639505407102 0.012288620871540918 0.0026327940292744574 -0.0024325753880476472 -0.0035987448504973549
leaf_weight=155.92787434905767 232.23264317587018 130.85294733941555 107.90978429093957 169.61651505529881 701.65242074429989 123.03989070281386
leaf_count=512 703 431 351 594 2436 410
internal_value=0.000329938 0.00237304 0.00631467 -0.0010789 -0.000729003 0.00242595
internal_weight=1621.23 564.307 263.838 300.469 1056.92 355.273
internal_count=5437 1888 863 1025 3549 1113
is_linear=0
shrinkage=0.03


Tree=164
num_leaves=5
num_cat=0
split_feature=14 11 14 0
split_gain=4.74819 4.91003 9.93392 9.74183
threshold=-0.9501376450061797 -0.10418223962187766 0.16768158227205279 -0.84788504242897023
decision_type=2 2 2 2
left_child=-1 2 -2 -3
right_child=1 3 -4 -5
leaf_value=0.0093623798221796201 -0.0055661399054396108 0.0029236619462182818 0.00092587112079032261 -0.0056055636732200986
leaf_weight=27.561294794082642 352.21188280358911 654.45081954821944 453.60606746003032 124.12438181787729
leaf_count=90 1164 2102 1669 395
internal_value=0 -0.000255123 -0.00190512 0.00138242
internal_weight=1611.95 1584.39 805.818 778.575
internal_count=5420 5330 2833 2497
is_linear=0
shrinkage=0.03


Tree=165
num_leaves=7
num_cat=0
split_feature=15 13 13 4 0 16
split_gain=4.86126 6.65384 5.88138 6.7497 6.64065 5.77377
threshold=-2.0564421415328975 0.096327997744083418 0.72070574760437023 0.67238479852676403 -1.014560282230377 0.69482615590095531
decision_type=2 2 2 2 2 2
left_child=1 -1 3 -2 -4 -3
right_child=2 5 4 -5 -6 -7
leaf_value=-0.01244019651179404 0.0026877558167331755 0.0053792243245198035 -0.004097441348075004 -0.0049077690912971948 0.0045687268407242528 -0.0059903356935309049
leaf_weight=43.580863934010267 932.96790573559701 60.011286798864603 347.48300346359611 95.013144299387932 77.93810161203146 60.291309639811516
leaf_count=166 3039 233 1230 307 237 223
internal_value=0 -0.00457644 0.000596307 0.00184821 -0.00224122 0
internal_weight=1617.29 163.883 1453.4 1027.98 425.421 120.303
internal_count=5435 622 4813 3346 1467 456
is_linear=0
shrinkage=0.03


Tree=166
num_leaves=7
num_cat=0
split_feature=13 20 13 8 7 19
split_gain=3.78876 7.94948 8.69152 7.4989 5.04524 8.02373
threshold=0.75998353958129894 1.0000000180025095e-35 0.43463949859142309 -0.28281617164611811 -0.065510712563991533 1.1954978108406069
decision_type=2 2 2 2 2 2
left_child=1 3 -3 -1 5 -2
right_child=4 2 -4 -5 -6 -7
leaf_value=0.0013095349384463603 -0.003543333856794055 0.0085938866806608664 -0.0012866417159394868 -0.0043739210947858504 -0.0049563385063291958 0.0081208666038689748
leaf_weight=569.58036897704005 104.00691423565149 184.65828754752874 108.59859246015549 298.43384471721947 264.14293033629656 70.109514076262712
leaf_count=1912 337 581 350 1023 980 231
internal_value=-8.84934e-05 0.000772576 0.00489486 -0.000631441 -0.00243517 0.00119706
internal_weight=1599.53 1161.27 293.257 868.014 438.259 174.116
internal_count=5414 3866 931 2935 1548 568
is_linear=0
shrinkage=0.03


Tree=167
num_leaves=7
num_cat=0
split_feature=17 6 17 7 8 6
split_gain=4.91759 7.58262 7.42633 11.4632 4.96326 0.761266
threshold=2.5002515316009526 0.17223203182220462 1.9224651455879214 0.48347601294517523 -0.28281617164611811 -0.091507226228713975
decision_type=2 2 2 2 2 2
left_child=2 5 4 -4 -1 -2
right_child=1 -3 3 -5 -6 -7
leaf_value=0.00063203661519024856 -0.0020510140222221324 0.0022506767893759314 0.011235526465607376 -0.0029924542713817008 -0.0032448413944199893 -0.014070904113378828
leaf_weight=921.43467769399285 28.534879550337791 45.17716483771801 106.06090242043138 64.977937765419483 405.73416041024029 37.722112379968166
leaf_count=3069 92 143 365 243 1352 137
internal_value=-0.000238952 -0.00582083 0.000207909 0.00576882 -0.000539219 -0.0112657
internal_weight=1609.64 111.434 1498.21 171.039 1327.17 66.257
internal_count=5401 372 5029 608 4421 229
is_linear=0
shrinkage=0.03


Tree=168
num_leaves=6
num_cat=0
split_feature=2 17 12 2 15
split_gain=3.61741 10.1288 6.76771 6.24396 3.86786
threshold=-0.37377294898033137 1.242638170719147 1.2459204792976382 -0.32882104814052576 -2.1390551328659053
decision_type=2 2 2 2 2
left_child=1 2 -1 -2 -5
right_child=3 -3 -4 4 -6
leaf_value=-0.0039281954263231554 0.009187645937712461 -0.012821402318294386 0.0092039537567214728 -0.0054598153471413485 8.3013692714266644e-05
leaf_weight=68.960872389376163 44.511244781315327 56.515720505267382 36.925600752234459 102.33542216941714 1299.020086536184
leaf_count=232 147 210 106 394 4352
internal_value=-0.000437446 -0.00442184 0.00090943 2.33817e-05 -0.000350674
internal_weight=1608.27 162.402 105.886 1445.87 1401.36
internal_count=5441 548 338 4893 4746
is_linear=0
shrinkage=0.03


Tree=169
num_leaves=7
num_cat=0
split_feature=14 5 5 0 10 8
split_gain=4.59002 15.7351 11.9193 9.62225 8.49007 7.38984
threshold=0.042414981871843345 0.17367883026599887 0.15467238426208499 -2.4308307170867915 1.8391875624656679 -0.68392828106880177
decision_type=2 2 2 2 2 2
left_child=1 5 4 -3 -2 -1
right_child=2 3 -4 -5 -6 -7
leaf_value=0.0014011862092051053 0.0027335548415614239 -0.0066079814319675023 -0.0055172777954740166 0.0082768527211836435 -0.0069020428257876507 -0.0066908775316389764
leaf_weight=173.3830913156271 455.36939782649279 25.643810778856277 427.67695828527212 260.46106740832329 77.893171947449446 182.18155300989747
leaf_count=558 1601 82 1508 790 277 608
internal_value=-0.000559751 0.00132682 -0.00188205 0.00640212 0.00101902 -0.00272072
internal_weight=1602.61 641.67 960.94 286.105 533.263 355.565
internal_count=5424 2038 3386 872 1878 1166
is_linear=0
shrinkage=0.03


Tree=170
num_leaves=7
num_cat=0
split_feature=19 8 12 12 16 11
split_gain=5.60194 6.75421 12.5699 6.57916 6.30775 5.70822
threshold=0.88982799649238598 -0.087524905800819383 0.96614813804626476 -0.95737615227699269 0.22529491037130359 -0.055603075772523873
decision_type=2 2 2 2 2 2
left_child=1 2 -1 -2 -3 -5
right_child=3 4 -4 5 -6 -7
leaf_value=0.0090903341382615587 -0.0086621921630199578 -0.0078279424549639667 -0.003471011439417593 -0.0024065847355258562 0.002980434882337765 0.0018843956968345151
leaf_weight=219.9500578828156 70.658733878284693 66.14773503690958 81.452855184674263 525.11576647683978 84.833204358816147 546.45363760367036
leaf_count=713 274 231 232 1857 293 1801
internal_value=0.000196594 0.00297887 0.00550425 -0.000886012 -0.00176576 -0.000168972
internal_weight=1594.61 452.384 301.403 1142.23 150.981 1071.57
internal_count=5401 1469 945 3932 524 3658
is_linear=0
shrinkage=0.03


Tree=171
num_leaves=7
num_cat=0
split_feature=9 18 3 12 13 18
split_gain=7.73545 9.59776 5.27458 17.049 6.17208 2.87626
threshold=0.49714766442775732 -0.13060689717531201 -1.603879928588867 1.5213018059730532 -0.11929712072014807 0.64172846078872692
decision_type=2 2 2 2 2 2
left_child=2 -2 3 -1 -4 -3
right_child=1 5 4 -5 -6 -7
leaf_value=-0.012784638279334329 0.0028207677172968752 -0.016134582012152145 -0.0023042666457649681 0.0018155082810137788 0.0025974887274370292 -0.00051305719322739906
leaf_weight=86.169485006481409 39.861755199730396 46.610729157924652 276.669577665627 195.5969077758491 925.12636258080602 24.12120147049427
leaf_count=319 133 157 972 655 3099 84
internal_value=-7.62554e-05 -0.00710997 0.000495775 -0.00300206 0.00140068 -0.012756
internal_weight=1594.16 110.594 1483.56 281.766 1201.8 70.7319
internal_count=5419 374 5045 974 4071 241
is_linear=0
shrinkage=0.03


Tree=172
num_leaves=7
num_cat=0
split_feature=3 0 12 4 9 18
split_gain=4.29109 12.9145 14.7491 9.81551 6.776 19.0726
threshold=-1.1539148688316343 -1.4653264284133909 1.1094167828559878 -0.25514300167560572 0.56847876310348522 -0.13060689717531201
decision_type=2 2 2 2 2 2
left_child=1 2 -1 -3 -2 -6
right_child=4 3 -4 -5 5 -7
leaf_value=-0.013877066837944768 0.0013939673119208107 -0.0076904657197568848 -0.00076524444501065722 0.0056902411298664591 0.006664690663601148 -0.01738831386738977
leaf_weight=120.23729318752885 970.55623809993267 43.085534565150738 201.1443336866796 187.12574671208858 35.918336771428585 43.653774876147509
leaf_count=465 3292 138 669 618 113 153
internal_value=-0.000478025 -0.00259253 -0.00637208 0.00253161 0.000604273 -0.0067705
internal_weight=1601.72 551.593 321.382 230.211 1050.13 79.5721
internal_count=5448 1890 1134 756 3558 266
is_linear=0
shrinkage=0.03


Tree=173
num_leaves=5
num_cat=0
split_feature=13 17 17 7
split_gain=4.27139 4.03529 6.14036 3.6998
threshold=1.1909971833229067 -2.4888603687286373 -1.995213449001312 -0.39682932198047632
decision_type=2 2 2 2
left_child=1 -1 -3 -2
right_child=3 2 -4 -5
leaf_value=0.0082228639988845241 0.0015909717109323011 -0.0089314390046721405 0.00098577820970727377 -0.0099351590086158795
leaf_weight=47.220604319125414 20.953570701181889 37.728304237127304 1443.2088145129383 42.651350539177656
leaf_count=146 77 119 4899 178
internal_value=0.000572202 0.000955683 0.000577508 -0.00594816
internal_weight=1591.76 1528.16 1480.94 63.6049
internal_count=5419 5164 5018 255
is_linear=0
shrinkage=0.03


Tree=174
num_leaves=7
num_cat=0
split_feature=8 6 1 16 2 16
split_gain=3.97164 4.35928 5.53535 4.06166 2.71524 4.05245
threshold=0.54984429478645336 0.48150663077831274 0.40338023006916052 -0.8619495928287505 -0.29333133995532984 0.39043356478214269
decision_type=2 2 2 2 2 2
left_child=1 3 -3 -1 -2 -6
right_child=4 2 -4 -5 5 -7
leaf_value=0.0067487055730802714 0.0012627360638363993 0.011281218016511874 -0.0015072832699213855 -0.0006583441724745745 -0.013259513137407964 0
leaf_weight=49.323895364999771 20.931552156805992 48.352851994335651 34.58861131221056 1369.1663366667926 35.108265034854412 44.878176145255566
leaf_count=153 68 150 123 4672 135 161
internal_value=-0.000260992 0.000119703 0.00610855 -0.000268826 -0.00550407 -0.00777332
internal_weight=1602.35 1501.43 82.9415 1418.49 100.918 79.9864
internal_count=5462 5098 273 4825 364 296
is_linear=0
shrinkage=0.03


Tree=175
num_leaves=7
num_cat=0
split_feature=0 17 8 12 5 5
split_gain=3.42306 13.0943 8.58108 8.35651 8.15421 5.99108
threshold=-1.5326734781265257 1.5624402165412905 0.27770225703716284 2.3911161422729497 0.067322846502065672 0.26124043762683874
decision_type=2 2 2 2 2 2
left_child=3 5 -3 4 -1 -2
right_child=1 2 -4 -5 -6 -7
leaf_value=5.3047218272816219e-05 -0.0029687662443488548 0.010894325784843209 -0.0042177990490673166 0.0045803919532994017 -0.0060699081267915657 0.0035743147597629109
leaf_weight=394.43219348043203 381.11967676877975 145.7314774915576 24.621584892272949 147.84194950759411 334.20136173814535 159.01417610794306
leaf_count=1433 1273 464 84 479 1190 508
internal_value=-0.000107565 0.00137764 0.00818126 -0.00138231 -0.00276235 -0.000876536
internal_weight=1586.96 710.487 170.353 876.476 728.634 540.134
internal_count=5431 2329 548 3102 2623 1781
is_linear=0
shrinkage=0.03


Tree=176
num_leaves=5
num_cat=0
split_feature=14 14 4 19
split_gain=4.14065 3.58607 8.37238 6.08365
threshold=-0.9501376450061797 -0.29873985052108759 -0.21091197431087491 0.89739280939102184
decision_type=2 2 2 2
left_child=-1 2 -2 -3
right_child=1 3 -4 -5
leaf_value=0.0091857165017145762 0.0071582455141466972 0.0038369175113486991 -0.0054927284187144361 -0.00063316069744093271
leaf_weight=25.00818682461977 36.605731323361397 359.61358469724655 224.31710625067353 922.53240896388888
leaf_count=88 115 1174 771 3207
internal_value=0.00021185 -1.08749e-05 -0.00312103 0.000614195
internal_weight=1568.08 1543.07 260.923 1282.15
internal_count=5355 5267 886 4381
is_linear=0
shrinkage=0.03


Tree=177
num_leaves=6
num_cat=0
split_feature=10 6 3 5 4
split_gain=4.31693 4.49247 7.13733 5.18449 2.60119
threshold=0.41134499013423925 -0.34023503959178919 -1.3752930164337156 0.25835853815078741 -0.15358878672122953
decision_type=2 2 2 2 2
left_child=4 2 -2 -3 -1
right_child=1 3 -4 -5 -6
leaf_value=0.011084099943954331 -0.0041250750954941731 -0.0017013944574850734 0.0070703751855088568 0.0022449219474278345 0
leaf_weight=35.814480371773243 48.606347758322954 890.00503457337618 164.3531738370657 420.39386224746704 31.27916181832552
leaf_count=110 171 3144 507 1399 115
internal_value=0.000675568 0.000259701 0.00412278 -0.000375547 0.00720096
internal_weight=1590.45 1523.36 212.96 1310.4 67.0936
internal_count=5446 5221 678 4543 225
is_linear=0
shrinkage=0.03


Tree=178
num_leaves=7
num_cat=0
split_feature=3 5 16 13 9 1
split_gain=3.27782 11.804 8.48892 6.97813 10.3686 6.93556
threshold=-1.603879928588867 0.10736515745520593 0.36331646144390112 -0.071759976446628557 -0.39131607115268702 0.35112896561622625
decision_type=2 2 2 2 2 2
left_child=1 -1 -3 4 -2 -5
right_child=3 2 -4 5 -6 -7
leaf_value=-0.013819531959003787 0.0094552681318451851 0.0091758775510912601 -0.0029326605199617331 0.0026943642291358729 -0.0051024558745289186 -0.0046540831022880936
leaf_weight=49.790043976157904 29.925966821610928 50.50822826102376 178.08343276008964 881.85014384053648 299.85604445263743 108.9604077860713
leaf_count=186 97 158 639 2951 1057 386
internal_value=-0.000141244 -0.00301092 2.4391e-05 0.000454823 -0.00314478 0.00175079
internal_weight=1598.97 278.382 228.592 1320.59 329.782 990.811
internal_count=5474 983 797 4491 1154 3337
is_linear=0
shrinkage=0.03


Tree=179
num_leaves=7
num_cat=0
split_feature=19 8 18 11 8 5
split_gain=5.75849 8.1007 14.7092 8.18341 4.19241 5.96923
threshold=1.2767978310585024 -1.0184344649314878 0.13196918368339541 -0.56285414099693287 0.40787494182586675 0.020738056860864166
decision_type=2 2 2 2 2 2
left_child=4 2 -2 -3 5 -1
right_child=1 3 -4 -5 -6 -7
leaf_value=0.0041207155716758417 0.011636884371879349 0.0015624026781890844 -0.0063799278449264704 -0.0090100024933304629 -0.0036322933022828099 -0.00024078731254730096
leaf_weight=482.22073647752404 61.853340767323971 75.246236715465784 59.118917971849442 191.88565689697862 125.59424122795463 586.19402222521603
leaf_count=1598 221 291 232 662 443 1958
internal_value=0 -0.00306915 0.0027505 -0.00592159 0.00105 0.00171216
internal_weight=1582.11 388.104 120.972 267.132 1194.01 1068.41
internal_count=5405 1406 453 953 3999 3556
is_linear=0
shrinkage=0.03


end of trees

feature_importances:
Column_14=67
Column_7=63
Column_4=59
Column_17=57
Column_6=55
Column_18=54
Column_13=53
Column_16=53
Column_0=52
Column_12=51
Column_8=50
Column_11=49
Column_3=47
Column_1=46
Column_10=45
Column_9=43
Column_15=42
Column_2=41
Column_5=40
Column_19=30
Column_20=9
Column_23=2
Column_21=1

parameters:
[boosting: gbdt]
[objective: lambdarank]
[metric: ndcg]
[tree_learner: serial]
[device_type: cpu]
[data_sample_strategy: bagging]
[data: ]
[valid: ]
[num_iterations: 180]
[learning_rate: 0.03]
[num_leaves: 7]
[num_threads: 1]
[seed: 17]
[deterministic: 1]
[force_col_wise: 1]
[force_row_wise: 0]
[histogram_pool_size: -1]
[max_depth: 3]
[min_data_in_leaf: 80]
[min_sum_hessian_in_leaf: 0.001]
[bagging_fraction: 0.8]
[pos_bagging_fraction: 1]
[neg_bagging_fraction: 1]
[bagging_freq: 1]
[bagging_seed: 26602]
[bagging_by_query: 0]
[feature_fraction: 0.8]
[feature_fraction_bynode: 1]
[feature_fraction_seed: 18297]
[extra_trees: 0]
[extra_seed: 13015]
[early_stopping_round: 0]
[early_stopping_min_delta: 0]
[first_metric_only: 0]
[max_delta_step: 0]
[lambda_l1: 2]
[lambda_l2: 20]
[linear_lambda: 0]
[min_gain_to_split: 0]
[drop_rate: 0.1]
[max_drop: 50]
[skip_drop: 0.5]
[xgboost_dart_mode: 0]
[uniform_drop: 0]
[drop_seed: 30017]
[top_rate: 0.2]
[other_rate: 0.1]
[min_data_per_group: 100]
[max_cat_threshold: 32]
[cat_l2: 10]
[cat_smooth: 10]
[max_cat_to_onehot: 4]
[top_k: 20]
[monotone_constraints: ]
[monotone_constraints_method: basic]
[monotone_penalty: 0]
[feature_contri: ]
[forcedsplits_filename: ]
[refit_decay_rate: 0.9]
[cegb_tradeoff: 1]
[cegb_penalty_split: 0]
[cegb_penalty_feature_lazy: ]
[cegb_penalty_feature_coupled: ]
[path_smooth: 0]
[interaction_constraints: ]
[verbosity: -1]
[saved_feature_importance_type: 0]
[use_quantized_grad: 0]
[num_grad_quant_bins: 4]
[quant_train_renew_leaf: 0]
[stochastic_rounding: 1]
[linear_tree: 0]
[max_bin: 255]
[max_bin_by_feature: ]
[min_data_in_bin: 3]
[bin_construct_sample_cnt: 200000]
[data_random_seed: 94]
[is_enable_sparse: 1]
[enable_bundle: 1]
[use_missing: 1]
[zero_as_missing: 0]
[feature_pre_filter: 1]
[pre_partition: 0]
[two_round: 0]
[header: 0]
[label_column: ]
[weight_column: ]
[group_column: ]
[ignore_column: ]
[categorical_feature: ]
[forcedbins_filename: ]
[precise_float_parser: 0]
[parser_config_file: ]
[objective_seed: 20363]
[num_class: 1]
[is_unbalance: 0]
[scale_pos_weight: 1]
[sigmoid: 1]
[boost_from_average: 1]
[reg_sqrt: 0]
[alpha: 0.9]
[fair_c: 1]
[poisson_max_delta_step: 0.7]
[tweedie_variance_power: 1.5]
[lambdarank_truncation_level: 30]
[lambdarank_norm: 1]
[label_gain: 0,1,2,3]
[lambdarank_position_bias_regularization: 0]
[eval_at: 2]
[multi_error_top_k: 1]
[auc_mu_weights: ]
[num_machines: 1]
[local_listen_port: 12400]
[time_out: 120]
[machine_list_filename: ]
[machines: ]
[gpu_platform_id: -1]
[gpu_device_id: -1]
[gpu_device_id_list: ]
[gpu_use_dp: 0]
[num_gpu: 1]

end of parameters

pandas_categorical:null
