trade_date,strategy,equity_net,equity_gross,cash,positions,fees_cumulative,slippage_cumulative,turnover_cumulative,accounting_residual,shares_json,daily_return_net,drawdown,gross_return_daily
2024-01-02,60d momentum Top2,100000,100000,100000,0,0,0,0,0,{},0,0,0
2024-01-03,60d momentum Top2,100972.27,101028,440.2699987,2,25.87880131,29.8512,99504,0,"{""601939.SH"": 7600.0, ""601988.SH"": 12400.0}",0.009722699987,0,0.01028
2024-01-04,60d momentum Top2,102468.27,102524,440.2699987,2,25.87880131,29.8512,99504,0,"{""601939.SH"": 7600.0, ""601988.SH"": 12400.0}",0.01481594897,0,0.01480777606
2024-01-05,60d momentum Top2,102068.27,102124,440.2699987,2,25.87880131,29.8512,99504,0,"{""601939.SH"": 7600.0, ""601988.SH"": 12400.0}",-0.003903647441,-0.003903647441,-0.003901525496
2024-01-08,60d momentum Top2,101896.27,101952,440.2699987,2,25.87880131,29.8512,99504,0,"{""601939.SH"": 7600.0, ""601988.SH"": 12400.0}",-0.001685146618,-0.005582215841,-0.001684227018
2024-01-09,60d momentum Top2,101896.27,101952,440.2699987,2,25.87880131,29.8512,99504,0,"{""601939.SH"": 7600.0, ""601988.SH"": 12400.0}",0,-0.005582215841,0
2024-01-10,60d momentum Top2,100544.27,100600,440.2699987,2,25.87880131,29.8512,99504,0,"{""601939.SH"": 7600.0, ""601988.SH"": 12400.0}",-0.0132683954,-0.01877654419,-0.0132611425
2024-01-11,60d momentum Top2,99192.27,99248,440.2699987,2,25.87880131,29.8512,99504,0,"{""601939.SH"": 7600.0, ""601988.SH"": 12400.0}",-0.01344681303,-0.03197087254,-0.01343936382
2024-01-12,60d momentum Top2,100192.27,100248,440.2699987,2,25.87880131,29.8512,99504,0,"{""601939.SH"": 7600.0, ""601988.SH"": 12400.0}",0.01008143074,-0.02221175394,0.01007576979
2024-01-15,60d momentum Top2,100668.27,100724,440.2699987,2,25.87880131,29.8512,99504,0,"{""601939.SH"": 7600.0, ""601988.SH"": 12400.0}",0.004750865511,-0.01756641349,0.004748224403
2024-01-16,60d momentum Top2,101144.27,101200,440.2699987,2,25.87880131,29.8512,99504,0,"{""601939.SH"": 7600.0, ""601988.SH"": 12400.0}",0.004728401511,-0.01292107303,0.004725785314
2024-01-17,60d momentum Top2,100192.27,100248,440.2699987,2,25.87880131,29.8512,99504,0,"{""601939.SH"": 7600.0, ""601988.SH"": 12400.0}",-0.009412297899,-0.02221175394,-0.009407114625
2024-01-18,60d momentum Top2,99716.27,99772,440.2699987,2,25.87880131,29.8512,99504,0,"{""601939.SH"": 7600.0, ""601988.SH"": 12400.0}",-0.004750865511,-0.0268570944,-0.004748224403
2024-01-19,60d momentum Top2,98916.27,98972,440.2699987,2,25.87880131,29.8512,99504,0,"{""601939.SH"": 7600.0, ""601988.SH"": 12400.0}",-0.008022762986,-0.03466438928,-0.008018281682
2024-01-22,60d momentum Top2,99364.27,99420,440.2699987,2,25.87880131,29.8512,99504,0,"{""601939.SH"": 7600.0, ""601988.SH"": 12400.0}",0.004529083032,-0.03029230414,0.004526532757
2024-01-23,60d momentum Top2,99268.27,99324,440.2699987,2,25.87880131,29.8512,99504,0,"{""601939.SH"": 7600.0, ""601988.SH"": 12400.0}",-0.0009661420549,-0.03122917953,-0.0009656004828
2024-01-24,60d momentum Top2,101744.27,101800,440.2699987,2,25.87880131,29.8512,99504,0,"{""601939.SH"": 7600.0, ""601988.SH"": 12400.0}",0.02494251184,-0.007065601869,0.02492851677
2024-01-25,60d momentum Top2,102820.27,102876,440.2699987,2,25.87880131,29.8512,99504,0,"{""601939.SH"": 7600.0, ""601988.SH"": 12400.0}",0.01057553413,0,0.0105697446
2024-01-26,60d momentum Top2,105496.27,105552,440.2699987,2,25.87880131,29.8512,99504,0,"{""601939.SH"": 7600.0, ""601988.SH"": 12400.0}",0.02602599663,0,0.02601189782
2024-01-29,60d momentum Top2,106200.27,106256,440.2699987,2,25.87880131,29.8512,99504,0,"{""601939.SH"": 7600.0, ""601988.SH"": 12400.0}",0.006673221717,0,0.006669698348
2024-01-30,60d momentum Top2,105144.27,105200,440.2699987,2,25.87880131,29.8512,99504,0,"{""601939.SH"": 7600.0, ""601988.SH"": 12400.0}",-0.009943477545,-0.009943477545,-0.00993826231
2024-01-31,60d momentum Top2,106144.27,106200,440.2699987,2,25.87880131,29.8512,99504,0,"{""601939.SH"": 7600.0, ""601988.SH"": 12400.0}",0.009510741765,-0.0005273056274,0.009505703422
2024-02-01,60d momentum Top2,105372.27,105428,440.2699987,2,25.87880131,29.8512,99504,0,"{""601939.SH"": 7600.0, ""601988.SH"": 12400.0}",-0.007273119877,-0.007796590348,-0.007269303202
2024-02-02,60d momentum Top2,106600.27,106656,440.2699987,2,25.87880131,29.8512,99504,0,"{""601939.SH"": 7600.0, ""601988.SH"": 12400.0}",0.01165391995,0,0.01164775961
2024-02-05,60d momentum Top2,108924.27,108980,440.2699987,2,25.87880131,29.8512,99504,0,"{""601939.SH"": 7600.0, ""601988.SH"": 12400.0}",0.02180107049,0,0.02178967897
2024-02-06,60d momentum Top2,109324.27,109380,440.2699987,2,25.87880131,29.8512,99504,0,"{""601939.SH"": 7600.0, ""601988.SH"": 12400.0}",0.00367227616,0,0.003670398238
2024-02-07,60d momentum Top2,106668.27,106724,440.2699987,2,25.87880131,29.8512,99504,0,"{""601939.SH"": 7600.0, ""601988.SH"": 12400.0}",-0.02429469687,-0.02429469687,-0.02428231852
2024-02-08,60d momentum Top2,105564.27,105620,440.2699987,2,25.87880131,29.8512,99504,0,"{""601939.SH"": 7600.0, ""601988.SH"": 12400.0}",-0.01034984443,-0.03439309496,-0.01034443986
2024-02-19,60d momentum Top2,109868.27,109924,440.2699987,2,25.87880131,29.8512,99504,0,"{""601939.SH"": 7600.0, ""601988.SH"": 12400.0}",0.04077137084,0,0.04074985798
2024-02-20,60d momentum Top2,110648.27,110704,440.2699987,2,25.87880131,29.8512,99504,0,"{""601939.SH"": 7600.0, ""601988.SH"": 12400.0}",0.007099410958,0,0.007095811652
2024-02-21,60d momentum Top2,111400.27,111456,440.2699987,2,25.87880131,29.8512,99504,0,"{""601939.SH"": 7600.0, ""601988.SH"": 12400.0}",0.006796310507,0,0.006792889146
2024-02-22,60d momentum Top2,111324.27,111380,440.2699987,2,25.87880131,29.8512,99504,0,"{""601939.SH"": 7600.0, ""601988.SH"": 12400.0}",-0.0006822245584,-0.0006822245584,-0.0006818834338
2024-02-23,60d momentum Top2,112124.27,112180,440.2699987,2,25.87880131,29.8512,99504,0,"{""601939.SH"": 7600.0, ""601988.SH"": 12400.0}",0.007186213752,0,0.007182618064
2024-02-26,60d momentum Top2,108640.27,108696,440.2699987,2,25.87880131,29.8512,99504,0,"{""601939.SH"": 7600.0, ""601988.SH"": 12400.0}",-0.03107266607,-0.03107266607,-0.03105722945
2024-02-27,60d momentum Top2,108868.27,108924,440.2699987,2,25.87880131,29.8512,99504,0,"{""601939.SH"": 7600.0, ""601988.SH"": 12400.0}",0.002098669306,-0.02903920801,0.002097593288
2024-02-28,60d momentum Top2,108564.27,108620,440.2699987,2,25.87880131,29.8512,99504,0,"{""601939.SH"": 7600.0, ""601988.SH"": 12400.0}",-0.002792365489,-0.03175048542,-0.0027909368
2024-02-29,60d momentum Top2,109068.27,109124,440.2699987,2,25.87880131,29.8512,99504,0,"{""601939.SH"": 7600.0, ""601988.SH"": 12400.0}",0.004642411357,-0.02725547288,0.004640029461
2024-03-01,60d momentum Top2,109420.27,109476,440.2699987,2,25.87880131,29.8512,99504,0,"{""601939.SH"": 7600.0, ""601988.SH"": 12400.0}",0.00322733642,-0.02411609904,0.003225688208
2024-03-04,60d momentum Top2,109620.208,109768,299.2079612,2,85.64673881,62.1453,207151,0,"{""601288.SH"": 12700.0, ""601988.SH"": 12300.0}",0.001827247936,-0.0223329172,0.00266725127
2024-03-05,60d momentum Top2,111997.208,112145,299.2079612,2,85.64673881,62.1453,207151,0,"{""601288.SH"": 12700.0, ""601988.SH"": 12300.0}",0.02168395813,-0.001133225104,0.02165476277
2024-03-06,60d momentum Top2,110366.208,110514,299.2079612,2,85.64673881,62.1453,207151,0,"{""601288.SH"": 12700.0, ""601988.SH"": 12300.0}",-0.01456286304,-0.01567958514,-0.01454367114
2024-03-07,60d momentum Top2,110866.208,111014,299.2079612,2,85.64673881,62.1453,207151,0,"{""601288.SH"": 12700.0, ""601988.SH"": 12300.0}",0.004530372197,-0.0112202473,0.004524313662
2024-03-08,60d momentum Top2,110493.208,110641,299.2079612,2,85.64673881,62.1453,207151,0,"{""601288.SH"": 12700.0, ""601988.SH"": 12300.0}",-0.003364415604,-0.01454691333,-0.003359936585
2024-03-11,60d momentum Top2,109620.208,109768,299.2079612,2,85.64673881,62.1453,207151,0,"{""601288.SH"": 12700.0, ""601988.SH"": 12300.0}",-0.007900938131,-0.0223329172,-0.007890384216
2024-03-12,60d momentum Top2,106874.208,107022,299.2079612,2,85.64673881,62.1453,207151,0,"{""601288.SH"": 12700.0, ""601988.SH"": 12300.0}",-0.0250501258,-0.04682360061,-0.02501639822
2024-03-13,60d momentum Top2,106251.208,106399,299.2079612,2,85.64673881,62.1453,207151,0,"{""601288.SH"": 12700.0, ""601988.SH"": 12300.0}",-0.005829282966,-0.05237993556,-0.005821233018
2024-03-14,60d momentum Top2,106882.208,107030,299.2079612,2,85.64673881,62.1453,207151,0,"{""601288.SH"": 12700.0, ""601988.SH"": 12300.0}",0.005938756011,-0.04675225121,0.005930506866
2024-03-15,60d momentum Top2,106636.208,106784,299.2079612,2,85.64673881,62.1453,207151,0,"{""601288.SH"": 12700.0, ""601988.SH"": 12300.0}",-0.002301599159,-0.04894624543,-0.002298421003
2024-03-18,60d momentum Top2,106255.208,106403,299.2079612,2,85.64673881,62.1453,207151,0,"{""601288.SH"": 12700.0, ""601988.SH"": 12300.0}",-0.003572895242,-0.05234426086,-0.003567950255
2024-03-19,60d momentum Top2,105009.208,105157,299.2079612,2,85.64673881,62.1453,207151,0,"{""601288.SH"": 12700.0, ""601988.SH"": 12300.0}",-0.01172648404,-0.06345693076,-0.01171019614
2024-03-20,60d momentum Top2,106255.208,106403,299.2079612,2,85.64673881,62.1453,207151,0,"{""601288.SH"": 12700.0, ""601988.SH"": 12300.0}",0.01186562611,-0.05234426086,0.01184894967
2024-03-21,60d momentum Top2,106628.208,106776,299.2079612,2,85.64673881,62.1453,207151,0,"{""601288.SH"": 12700.0, ""601988.SH"": 12300.0}",0.003510416168,-0.04901759483,0.003505540257
2024-03-22,60d momentum Top2,107382.208,107530,299.2079612,2,85.64673881,62.1453,207151,0,"{""601288.SH"": 12700.0, ""601988.SH"": 12300.0}",0.00707129956,-0.04229291337,0.00706151195
2024-03-25,60d momentum Top2,107886.208,108034,299.2079612,2,85.64673881,62.1453,207151,0,"{""601288.SH"": 12700.0, ""601988.SH"": 12300.0}",0.004693514965,-0.03779790083,0.004687064075
2024-03-26,60d momentum Top2,108632.208,108780,299.2079612,2,85.64673881,62.1453,207151,0,"{""601288.SH"": 12700.0, ""601988.SH"": 12300.0}",0.006914692935,-0.03114456877,0.006905233538
2024-03-27,60d momentum Top2,109882.208,110030,299.2079612,2,85.64673881,62.1453,207151,0,"{""601288.SH"": 12700.0, ""601988.SH"": 12300.0}",0.01150671632,-0.01999622417,0.01149108292
2024-03-28,60d momentum Top2,107132.208,107280,299.2079612,2,85.64673881,62.1453,207151,0,"{""601288.SH"": 12700.0, ""601988.SH"": 12300.0}",-0.02502679962,-0.04452258229,-0.02499318368
2024-03-29,60d momentum Top2,108140.208,108288,299.2079612,2,85.64673881,62.1453,207151,0,"{""601288.SH"": 12700.0, ""601988.SH"": 12300.0}",0.009408935176,-0.0355325572,0.009395973154
2024-04-01,60d momentum Top2,108878.208,109026,299.2079612,2,85.64673881,62.1453,207151,0,"{""601288.SH"": 12700.0, ""601988.SH"": 12300.0}",0.006824473652,-0.02895057455,0.006815159574
2024-04-02,60d momentum Top2,109868.7148,110027,312.7148283,2,95.87887169,62.4063,208021,0,"{""601288.SH"": 12800.0, ""601988.SH"": 12200.0}",0.009097384001,-0.02011656504,0.009181296205
2024-04-03,60d momentum Top2,109880.7148,110039,312.7148283,2,95.87887169,62.4063,208021,0,"{""601288.SH"": 12800.0, ""601988.SH"": 12200.0}",0.0001092212648,-0.02000954094,0.0001090641388
2024-04-08,60d momentum Top2,111130.7148,111289,312.7148283,2,95.87887169,62.4063,208021,0,"{""601288.SH"": 12800.0, ""601988.SH"": 12200.0}",0.01137597259,-0.008861196335,0.01135960887
2024-04-09,60d momentum Top2,109874.7148,110033,312.7148283,2,95.87887169,62.4063,208021,0,"{""601288.SH"": 12800.0, ""601988.SH"": 12200.0}",-0.01130200595,-0.02006305299,-0.01128593122
2024-04-10,60d momentum Top2,110124.7148,110283,312.7148283,2,95.87887169,62.4063,208021,0,"{""601288.SH"": 12800.0, ""601988.SH"": 12200.0}",0.002275318761,-0.01783338407,0.002272045659
2024-04-11,60d momentum Top2,109624.7148,109783,312.7148283,2,95.87887169,62.4063,208021,0,"{""601288.SH"": 12800.0, ""601988.SH"": 12200.0}",-0.004540306876,-0.02229272191,-0.004533790339
2024-04-12,60d momentum Top2,109874.7148,110033,312.7148283,2,95.87887169,62.4063,208021,0,"{""601288.SH"": 12800.0, ""601988.SH"": 12200.0}",0.002280507643,-0.02006305299,0.002277219606
2024-04-15,60d momentum Top2,112246.7148,112405,312.7148283,2,95.87887169,62.4063,208021,0,"{""601288.SH"": 12800.0, ""601988.SH"": 12200.0}",0.0215882244,0,0.02155716921
2024-04-16,60d momentum Top2,113624.7148,113783,312.7148283,2,95.87887169,62.4063,208021,0,"{""601288.SH"": 12800.0, ""601988.SH"": 12200.0}",0.01227652856,0,0.01225924114
2024-04-17,60d momentum Top2,114252.7148,114411,312.7148283,2,95.87887169,62.4063,208021,0,"{""601288.SH"": 12800.0, ""601988.SH"": 12200.0}",0.005526966567,0,0.005519277924
2024-04-18,60d momentum Top2,115002.7148,115161,312.7148283,2,95.87887169,62.4063,208021,0,"{""601288.SH"": 12800.0, ""601988.SH"": 12200.0}",0.006564395438,0,0.006555313737
2024-04-19,60d momentum Top2,116008.7148,116167,312.7148283,2,95.87887169,62.4063,208021,0,"{""601288.SH"": 12800.0, ""601988.SH"": 12200.0}",0.00874761958,0,0.008735596252
2024-04-22,60d momentum Top2,114764.7148,114923,312.7148283,2,95.87887169,62.4063,208021,0,"{""601288.SH"": 12800.0, ""601988.SH"": 12200.0}",-0.01072333231,-0.01072333231,-0.01070872107
2024-04-23,60d momentum Top2,114764.7148,114923,312.7148283,2,95.87887169,62.4063,208021,0,"{""601288.SH"": 12800.0, ""601988.SH"": 12200.0}",0,-0.01072333231,0
2024-04-24,60d momentum Top2,114270.7148,114429,312.7148283,2,95.87887169,62.4063,208021,0,"{""601288.SH"": 12800.0, ""601988.SH"": 12200.0}",-0.004304458916,-0.01498163308,-0.00429853032
2024-04-25,60d momentum Top2,115282.7148,115441,312.7148283,2,95.87887169,62.4063,208021,0,"{""601288.SH"": 12800.0, ""601988.SH"": 12200.0}",0.008856162329,-0.006258150528,0.008843911945
2024-04-26,60d momentum Top2,112904.7148,113063,312.7148283,2,95.87887169,62.4063,208021,0,"{""601288.SH"": 12800.0, ""601988.SH"": 12200.0}",-0.02062755031,-0.02675661052,-0.02059926716
2024-04-29,60d momentum Top2,112514.7148,112673,312.7148283,2,95.87887169,62.4063,208021,0,"{""601288.SH"": 12800.0, ""601988.SH"": 12200.0}",-0.003454240158,-0.03011842692,-0.003449404314
2024-04-30,60d momentum Top2,112630.7148,112789,312.7148283,2,95.87887169,62.4063,208021,0,"{""601288.SH"": 12800.0, ""601988.SH"": 12200.0}",0.001030976261,-0.02911850205,0.001029527926
2024-05-06,60d momentum Top2,110648.7148,110807,312.7148283,2,95.87887169,62.4063,208021,0,"{""601288.SH"": 12800.0, ""601988.SH"": 12200.0}",-0.01759733127,-0.04620342539,-0.01757263563
2024-05-07,60d momentum Top2,111250.1142,111497,106.1142175,2,151.6504825,95.2353,317451,0,"{""601288.SH"": 12800.0, ""601398.SH"": 10200.0}",0.005435213505,-0.04101933736,0.006227043418
2024-05-08,60d momentum Top2,111992.1142,112239,106.1142175,2,151.6504825,95.2353,317451,0,"{""601288.SH"": 12800.0, ""601398.SH"": 10200.0}",0.006669656074,-0.03462326616,0.006654887575
2024-05-09,60d momentum Top2,111046.1142,111293,106.1142175,2,151.6504825,95.2353,317451,0,"{""601288.SH"": 12800.0, ""601398.SH"": 10200.0}",-0.008447023316,-0.04277782594,-0.008428442876
2024-05-10,60d momentum Top2,111122.1142,111369,106.1142175,2,151.6504825,95.2353,317451,0,"{""601288.SH"": 12800.0, ""601398.SH"": 10200.0}",0.0006844003551,-0.04212270275,0.000682882122
2024-05-13,60d momentum Top2,111352.1142,111599,106.1142175,2,151.6504825,95.2353,317451,0,"{""601288.SH"": 12800.0, ""601398.SH"": 10200.0}",0.002069795032,-0.04014009308,0.002065206655
2024-05-14,60d momentum Top2,110432.1142,110679,106.1142175,2,151.6504825,95.2353,317451,0,"{""601288.SH"": 12800.0, ""601398.SH"": 10200.0}",-0.008262079319,-0.04807053176,-0.008243801468
2024-05-15,60d momentum Top2,110534.1142,110781,106.1142175,2,151.6504825,95.2353,317451,0,"{""601288.SH"": 12800.0, ""601398.SH"": 10200.0}",0.0009236443649,-0.04719128747,0.0009215840403
2024-05-16,60d momentum Top2,110968.1142,111215,106.1142175,2,151.6504825,95.2353,317451,0,"{""601288.SH"": 12800.0, ""601398.SH"": 10200.0}",0.003926389632,-0.04345018922,0.003917639306
2024-05-17,60d momentum Top2,111964.1142,112211,106.1142175,2,151.6504825,95.2353,317451,0,"{""601288.SH"": 12800.0, ""601398.SH"": 10200.0}",0.008975551284,-0.03486462734,0.008955626489
2024-05-20,60d momentum Top2,111734.1142,111981,106.1142175,2,151.6504825,95.2353,317451,0,"{""601288.SH"": 12800.0, ""601398.SH"": 10200.0}",-0.002054229622,-0.03684723701,-0.002049709921
2024-05-21,60d momentum Top2,112654.1142,112901,106.1142175,2,151.6504825,95.2353,317451,0,"{""601288.SH"": 12800.0, ""601398.SH"": 10200.0}",0.00823383267,-0.02891679833,0.008215679446
2024-05-22,60d momentum Top2,112884.1142,113131,106.1142175,2,151.6504825,95.2353,317451,0,"{""601288.SH"": 12800.0, ""601398.SH"": 10200.0}",0.002041647583,-0.02693418865,0.002037183019
2024-05-23,60d momentum Top2,112424.1142,112671,106.1142175,2,151.6504825,95.2353,317451,0,"{""601288.SH"": 12800.0, ""601398.SH"": 10200.0}",-0.004074975502,-0.030899408,-0.004066082683
2024-05-24,60d momentum Top2,111786.1142,112033,106.1142175,2,151.6504825,95.2353,317451,0,"{""601288.SH"": 12800.0, ""601398.SH"": 10200.0}",-0.005674939086,-0.03639899483,-0.005662504105
2024-05-27,60d momentum Top2,112962.1142,113209,106.1142175,2,151.6504825,95.2353,317451,0,"{""601288.SH"": 12800.0, ""601398.SH"": 10200.0}",0.01052009016,-0.02626182538,0.01049690716
2024-05-28,60d momentum Top2,113192.1142,113439,106.1142175,2,151.6504825,95.2353,317451,0,"{""601288.SH"": 12800.0, ""601398.SH"": 10200.0}",0.002036080872,-0.0242792157,0.002031640594
2024-05-29,60d momentum Top2,112604.1142,112851,106.1142175,2,151.6504825,95.2353,317451,0,"{""601288.SH"": 12800.0, ""601398.SH"": 10200.0}",-0.005194708166,-0.02934780043,-0.005183402534
2024-05-30,60d momentum Top2,111786.1142,112033,106.1142175,2,151.6504825,95.2353,317451,0,"{""601288.SH"": 12800.0, ""601398.SH"": 10200.0}",-0.007264388212,-0.03639899483,-0.007248495804
2024-05-31,60d momentum Top2,111684.1142,111931,106.1142175,2,151.6504825,95.2353,317451,0,"{""601288.SH"": 12800.0, ""601398.SH"": 10200.0}",-0.0009124567994,-0.03727823912,-0.0009104460293
2024-06-03,60d momentum Top2,112042.1142,112289,106.1142175,2,151.6504825,95.2353,317451,0,"{""601288.SH"": 12800.0, ""601398.SH"": 10200.0}",0.003205469305,-0.03419226406,0.003198399014
2024-06-04,60d momentum Top2,112348.1142,112595,106.1142175,2,151.6504825,95.2353,317451,0,"{""601288.SH"": 12800.0, ""601398.SH"": 10200.0}",0.002731115903,-0.03155453119,0.002725111097
2024-06-05,60d momentum Top2,112630.1142,112877,106.1142175,2,151.6504825,95.2353,317451,0,"{""601288.SH"": 12800.0, ""601398.SH"": 10200.0}",0.002510055482,-0.02912367934,0.002504551712
2024-06-06,60d momentum Top2,112502.1142,112749,106.1142175,2,151.6504825,95.2353,317451,0,"{""601288.SH"": 12800.0, ""601398.SH"": 10200.0}",-0.001136463377,-0.03022704472,-0.001133977693
2024-06-07,60d momentum Top2,113924.4954,114171.3812,106.1142175,2,151.6504825,95.2353,317451,0,"{""601288.SH"": 13501.0285, ""601398.SH"": 10200.0}",0.01264315109,-0.01796605872,0.01261546646
2024-06-11,60d momentum Top2,111893.4029,112140.2887,106.1142175,2,151.6504825,95.2353,317451,0,"{""601288.SH"": 13501.0285, ""601398.SH"": 10200.0}",-0.01782840954,-0.035474162,-0.01778985714
2024-06-12,60d momentum Top2,111350.3926,111597.2784,106.1142175,2,151.6504825,95.2353,317451,0,"{""601288.SH"": 13501.0285, ""601398.SH"": 10200.0}",-0.004852924932,-0.04015493349,-0.004842240831
2024-06-13,60d momentum Top2,112466.4543,112713.3401,106.1142175,2,151.6504825,95.2353,317451,0,"{""601288.SH"": 13501.0285, ""601398.SH"": 10200.0}",0.01002297057,-0.03053443464,0.01000079683
2024-06-14,60d momentum Top2,113585.4852,113832.3709,106.1142175,2,151.6504825,95.2353,317451,0,"{""601288.SH"": 13501.0285, ""601398.SH"": 10200.0}",0.009949907825,-0.02088834163,0.00992811368
2024-06-17,60d momentum Top2,111791.4029,112038.2887,106.1142175,2,151.6504825,95.2353,317451,0,"{""601288.SH"": 13501.0285, ""601398.SH"": 10200.0}",-0.01579499594,-0.03635340629,-0.0157607389
2024-06-18,60d momentum Top2,112130.4132,112377.299,106.1142175,2,151.6504825,95.2353,317451,0,"{""601288.SH"": 13501.0285, ""601398.SH"": 10200.0}",0.003032525542,-0.03343112339,0.003025843117
2024-06-19,60d momentum Top2,113180.4543,113427.3401,106.1142175,2,151.6504825,95.2353,317451,0,"{""601288.SH"": 13501.0285, ""601398.SH"": 10200.0}",0.009364463294,-0.02437972462,0.009343890164
2024-06-20,60d momentum Top2,113654.4749,113901.3607,106.1142175,2,151.6504825,95.2353,317451,0,"{""601288.SH"": 13501.0285, ""601398.SH"": 10200.0}",0.004188184012,-0.02029364738,0.004179068016
2024-06-21,60d momentum Top2,112877.4235,113124.3092,106.1142175,2,151.6504825,95.2353,317451,0,"{""601288.SH"": 13501.0285, ""601398.SH"": 10200.0}",-0.006836962854,-0.02699186332,-0.006822143461
2024-06-24,60d momentum Top2,114299.4852,114546.3709,106.1142175,2,151.6504825,95.2353,317451,0,"{""601288.SH"": 13501.0285, ""601398.SH"": 10200.0}",0.01259828284,-0.0147336316,0.01257078799
2024-06-25,60d momentum Top2,114751.217,114998.1027,106.1142175,2,151.6504825,95.2353,317451,0,"{""601288.SH"": 13502.9456, ""601398.SH"": 10200.4562}",0.003952176996,-0.01083968453,0.003943658731
2024-06-26,60d momentum Top2,115324.7213,115571.6071,106.1142175,2,151.6504825,95.2353,317451,0,"{""601288.SH"": 13502.9456, ""601398.SH"": 10200.0}",0.004997806255,-0.005896052917,0.004987076623
2024-06-27,60d momentum Top2,116578.8391,116825.7249,106.1142175,2,151.6504825,95.2353,317451,0,"{""601288.SH"": 13502.9456, ""601398.SH"": 10200.0}",0.01087466598,0,0.01085143536
2024-06-28,60d momentum Top2,117118.957,117365.8427,106.1142175,2,151.6504825,95.2353,317451,0,"{""601288.SH"": 13502.9456, ""601398.SH"": 10200.0}",0.004633069151,0,0.004623278166
2024-07-01,60d momentum Top2,119423.1926,119670.0784,106.1142175,2,151.6504825,95.2353,317451,0,"{""601288.SH"": 13502.9456, ""601398.SH"": 10200.0}",0.01967431837,0,0.01963293232
2024-07-02,60d momentum Top2,122033.4282,122280.314,106.1142175,2,151.6504825,95.2353,317451,0,"{""601288.SH"": 13502.9456, ""601398.SH"": 10200.0}",0.0218570245,0,0.02181193229
2024-07-03,60d momentum Top2,120812.3399,121059.2257,106.1142175,2,151.6504825,95.2353,317451,0,"{""601288.SH"": 13502.9456, ""601398.SH"": 10200.0}",-0.01000617933,-0.01000617933,-0.009985976706
2024-07-04,60d momentum Top2,122066.4577,122313.3435,106.1142175,2,151.6504825,95.2353,317451,0,"{""601288.SH"": 13502.9456, ""601398.SH"": 10200.0}",0.01038070966,0,0.01035953944
2024-07-05,60d momentum Top2,119795.2515,120042.1373,106.1142175,2,151.6504825,95.2353,317451,0,"{""601288.SH"": 13502.9456, ""601398.SH"": 10200.0}",-0.01860630867,-0.01860630867,-0.0185687524
2024-07-08,60d momentum Top2,120947.3693,121194.2551,106.1142175,2,151.6504825,95.2353,317451,0,"{""601288.SH"": 13502.9456, ""601398.SH"": 10200.0}",0.009617391413,-0.009167861413,0.009597611716
2024-07-09,60d momentum Top2,121862.4577,122109.3435,106.1142175,2,151.6504825,95.2353,317451,0,"{""601288.SH"": 13502.9456, ""601398.SH"": 10200.0}",0.007566004722,-0.001671220775,0.007550591953
2024-07-10,60d momentum Top2,122744.5166,122991.4024,106.1142175,2,151.6504825,95.2353,317451,0,"{""601288.SH"": 13502.9456, ""601398.SH"": 10200.0}",0.007238151341,0,0.007223516944
2024-07-11,60d momentum Top2,121490.3988,121737.2846,106.1142175,2,151.6504825,95.2353,317451,0,"{""601288.SH"": 13502.9456, ""601398.SH"": 10200.0}",-0.01021730223,-0.01021730223,-0.01019679261
2024-07-12,60d momentum Top2,124235.6639,124482.5497,106.1142175,2,151.6504825,95.2353,317451,0,"{""601288.SH"": 13502.9456, ""601398.SH"": 10200.0}",0.02259656014,0,0.02255073384
2024-07-15,60d momentum Top2,127080.0174,127326.9031,106.1142175,2,151.6504825,95.2353,317451,0,"{""601288.SH"": 13502.9456, ""601398.SH"": 10200.0}",0.02289482247,0,0.02284941526
2024-07-16,60d momentum Top2,126945.4121,127192.2979,106.1142175,2,151.6504825,95.2353,317451,0,"{""601288.SH"": 13502.9456, ""601398.SH"": 10736.9141}",-0.001059216224,-0.001059216224,-0.001057162412
2024-07-17,60d momentum Top2,127295.1799,127542.0657,106.1142175,2,151.6504825,95.2353,317451,0,"{""601288.SH"": 13502.9456, ""601398.SH"": 10736.9141}",0.002755260963,0,0.002749912881
2024-07-18,60d momentum Top2,127295.1799,127542.0657,106.1142175,2,151.6504825,95.2353,317451,0,"{""601288.SH"": 13502.9456, ""601398.SH"": 10736.9141}",0,0,0
2024-07-19,60d momentum Top2,127160.1504,127407.0362,106.1142175,2,151.6504825,95.2353,317451,0,"{""601288.SH"": 13502.9456, ""601398.SH"": 10736.9141}",-0.001060758592,-0.001060758592,-0.00105870526
2024-07-22,60d momentum Top2,125463.3602,125710.246,106.1142175,2,151.6504825,95.2353,317451,0,"{""601288.SH"": 13502.9456, ""601398.SH"": 10736.9141}",-0.0133437258,-0.01439032992,-0.0133178687
2024-07-23,60d momentum Top2,128638.9302,128885.816,106.1142175,2,151.6504825,95.2353,317451,0,"{""601288.SH"": 13502.9456, ""601398.SH"": 10736.9141}",0.02531073577,0,0.02526102733
2024-07-24,60d momentum Top2,129580.8643,129827.7501,106.1142175,2,151.6504825,95.2353,317451,0,"{""601288.SH"": 13502.9456, ""601398.SH"": 10736.9141}",0.007322309604,0,0.007308283435
2024-07-25,60d momentum Top2,128905.717,129152.6028,106.1142175,2,151.6504825,95.2353,317451,0,"{""601288.SH"": 13502.9456, ""601398.SH"": 10736.9141}",-0.005210239049,-0.005210239049,-0.005200331044
2024-07-26,60d momentum Top2,126159.6236,126406.5094,106.1142175,2,151.6504825,95.2353,317451,0,"{""601288.SH"": 13502.9456, ""601398.SH"": 10736.9141}",-0.02130311564,-0.02640236036,-0.02126239298
2024-07-29,60d momentum Top2,127776.705,128023.5907,106.1142175,2,151.6504825,95.2353,317451,0,"{""601288.SH"": 13502.9456, ""601398.SH"": 10736.9141}",0.01281774079,-0.01392303818,0.01279270633
2024-07-30,60d momentum Top2,127884.0741,128130.9599,106.1142175,2,151.6504825,95.2353,317451,0,"{""601288.SH"": 13502.9456, ""601398.SH"": 10736.9141}",0.0008402872915,-0.01309445024,0.000838666848
2024-07-31,60d momentum Top2,124895.5821,125142.4679,106.1142175,2,151.6504825,95.2353,317451,0,"{""601288.SH"": 13502.9456, ""601398.SH"": 10736.9141}",-0.0233687581,-0.0361572073,-0.02332373062
2024-08-01,60d momentum Top2,125757.8074,126004.6931,106.1142175,2,151.6504825,95.2353,317451,0,"{""601288.SH"": 13502.9456, ""601398.SH"": 10736.9141}",0.006903568827,-0.02950325225,0.006889949205
2024-08-02,60d momentum Top2,125853.9866,126201.6637,470.9314934,2,215.1513112,132.5257826,441752.6086,0,"{""601398.SH"": 10736.9141, ""601939.SH"": 8300.0}",0.0007647973113,-0.02876101894,0.001563200062
2024-08-05,60d momentum Top2,125912.6175,126260.2945,470.9314934,2,215.1513112,132.5257826,441752.6086,0,"{""601398.SH"": 10736.9141, ""601939.SH"": 8300.0}",0.0004658641356,-0.02830855353,0.0004645807113
2024-08-06,60d momentum Top2,124414.0335,124761.7106,470.9314934,2,215.1513112,132.5257826,441752.6086,0,"{""601398.SH"": 10736.9141, ""601939.SH"": 8300.0}",-0.01190177775,-0.03987340918,-0.01186900438
2024-08-07,60d momentum Top2,124877.7717,125225.4488,470.9314934,2,215.1513112,132.5257826,441752.6086,0,"{""601398.SH"": 10736.9141, ""601939.SH"": 8300.0}",0.003727379217,-0.03629465327,0.003716992021
2024-08-08,60d momentum Top2,125414.6175,125762.2945,470.9314934,2,215.1513112,132.5257826,441752.6086,0,"{""601398.SH"": 10736.9141, ""601939.SH"": 8300.0}",0.004298969297,-0.03215171358,0.004287033599
2024-08-09,60d momentum Top2,126449.4632,126797.1403,470.9314934,2,215.1513112,132.5257826,441752.6086,0,"{""601398.SH"": 10736.9141, ""601939.SH"": 8300.0}",0.00825139627,-0.02416561384,0.00822858481
2024-08-12,60d momentum Top2,127865.0471,128212.7242,470.9314934,2,215.1513112,132.5257826,441752.6086,0,"{""601398.SH"": 10736.9141, ""601939.SH"": 8300.0}",0.01119485962,-0.01324128487,0.01116416338
2024-08-13,60d momentum Top2,128470.4163,128818.0934,470.9314934,2,215.1513112,132.5257826,441752.6086,0,"{""601398.SH"": 10736.9141, ""601939.SH"": 8300.0}",0.004734438025,-0.008569536888,0.004721599552
2024-08-14,60d momentum Top2,128519.1546,128866.8317,470.9314934,2,215.1513112,132.5257826,441752.6086,0,"{""601398.SH"": 10736.9141, ""601939.SH"": 8300.0}",0.000379373587,-0.008193414357,0.0003783496663
2024-08-15,60d momentum Top2,129422.262,129769.9391,470.9314934,2,215.1513112,132.5257826,441752.6086,0,"{""601398.SH"": 10736.9141, ""601939.SH"": 8300.0}",0.00702702587,-0.001223963821,0.007008067261
2024-08-16,60d momentum Top2,131799.5843,132147.2614,470.9314934,2,215.1513112,132.5257826,441752.6086,0,"{""601398.SH"": 10736.9141, ""601939.SH"": 8300.0}",0.01836872757,0,0.01831951443
2024-08-19,60d momentum Top2,134606.3831,134954.0602,470.9314934,2,215.1513112,132.5257826,441752.6086,0,"{""601398.SH"": 10736.9141, ""601939.SH"": 8300.0}",0.02129596123,0,0.02123993194
2024-08-20,60d momentum Top2,136973.8128,137321.4899,470.9314934,2,215.1513112,132.5257826,441752.6086,0,"{""601398.SH"": 10736.9141, ""601939.SH"": 8300.0}",0.01758779667,0,0.01754248588
2024-08-21,60d momentum Top2,135426.4905,135774.1676,470.9314934,2,215.1513112,132.5257826,441752.6086,0,"{""601398.SH"": 10736.9141, ""601939.SH"": 8300.0}",-0.01129648245,-0.01129648245,-0.01126788147
2024-08-22,60d momentum Top2,137627.9202,137975.5973,470.9314934,2,215.1513112,132.5257826,441752.6086,0,"{""601398.SH"": 10736.9141, ""601939.SH"": 8300.0}",0.01625553234,0,0.01621390677
2024-08-23,60d momentum Top2,138223.3968,138571.0739,470.9314934,2,215.1513112,132.5257826,441752.6086,0,"{""601398.SH"": 10736.9141, ""601939.SH"": 8300.0}",0.00432671339,0,0.004315810744
2024-08-26,60d momentum Top2,137901.2894,138248.9665,470.9314934,2,215.1513112,132.5257826,441752.6086,0,"{""601398.SH"": 10736.9141, ""601939.SH"": 8300.0}",-0.002330339374,-0.002330339374,-0.002324492515
2024-08-27,60d momentum Top2,139970.9808,140318.6579,470.9314934,2,215.1513112,132.5257826,441752.6086,0,"{""601398.SH"": 10736.9141, ""601939.SH"": 8300.0}",0.01500849936,0,0.01497075505
2024-08-28,60d momentum Top2,138711.5042,139059.1813,470.9314934,2,215.1513112,132.5257826,441752.6086,0,"{""601398.SH"": 10736.9141, ""601939.SH"": 8300.0}",-0.008998126314,-0.008998126314,-0.008975831043
2024-08-29,60d momentum Top2,132907.5374,133255.2145,470.9314934,2,215.1513112,132.5257826,441752.6086,0,"{""601398.SH"": 10736.9141, ""601939.SH"": 8300.0}",-0.04184200041,-0.05046362712,-0.04173738664
2024-08-30,60d momentum Top2,127176.678,127524.3551,470.9314934,2,215.1513112,132.5257826,441752.6086,0,"{""601398.SH"": 10736.9141, ""601939.SH"": 8300.0}",-0.04311914511,-0.09140682377,-0.04300664266
2024-09-02,60d momentum Top2,126332.2014,126679.8785,470.9314934,2,215.1513112,132.5257826,441752.6086,0,"{""601398.SH"": 10736.9141, ""601939.SH"": 8300.0}",-0.00664018418,-0.0974400498,-0.006622080658
2024-09-03,60d momentum Top2,122845.6893,123294.234,73.06393527,2,278.6295693,169.9150826,566383.6086,-1.455191523e-11,"{""601398.SH"": 10736.9141, ""601988.SH"": 12800.0}",-0.02759796839,-0.1223488708,-0.02672598508
2024-09-04,60d momentum Top2,122052.8436,122501.3883,73.06393527,2,278.6295693,169.9150826,566383.6086,0,"{""601398.SH"": 10736.9141, ""601988.SH"": 12800.0}",-0.006453996969,-0.1280132285,-0.006430517316
2024-09-05,60d momentum Top2,120809.8905,121258.4352,73.06393527,2,278.6295693,169.9150826,566383.6086,0,"{""601398.SH"": 10736.9141, ""601988.SH"": 12800.0}",-0.01018372939,-0.1368933058,-0.01014644118
2024-09-06,60d momentum Top2,121045.2596,121493.8043,73.06393527,2,278.6295693,169.9150826,566383.6086,-1.455191523e-11,"{""601398.SH"": 10736.9141, ""601988.SH"": 12800.0}",0.00194826053,-0.1352117491,0.001941053759
2024-09-09,60d momentum Top2,120211.1522,120659.6969,73.06393527,2,278.6295693,169.9150826,566383.6086,0,"{""601398.SH"": 10736.9141, ""601988.SH"": 12800.0}",-0.006890872277,-0.1411708945,-0.006865431771
2024-09-10,60d momentum Top2,122391.3671,122839.9117,73.06393527,2,278.6295693,169.9150826,566383.6086,0,"{""601398.SH"": 10736.9141, ""601988.SH"": 12800.0}",0.01813654397,-0.1255947027,0.01806912254
2024-09-11,60d momentum Top2,118819.5682,119268.1129,73.06393527,2,278.6295693,169.9150826,566383.6086,-1.455191523e-11,"{""601398.SH"": 10736.9141, ""601988.SH"": 12800.0}",-0.02918342137,-0.1511128409,-0.02907685936
2024-09-12,60d momentum Top2,118819.5682,119268.1129,73.06393527,2,278.6295693,169.9150826,566383.6086,-1.455191523e-11,"{""601398.SH"": 10736.9141, ""601988.SH"": 12800.0}",0,-0.1511128409,0
2024-09-13,60d momentum Top2,118394.3065,118842.8512,73.06393527,2,278.6295693,169.9150826,566383.6086,0,"{""601398.SH"": 10736.9141, ""601988.SH"": 12800.0}",-0.003579054559,-0.1541510544,-0.003565594416
2024-09-18,60d momentum Top2,120578.7362,121027.2809,73.06393527,2,278.6295693,169.9150826,566383.6086,0,"{""601398.SH"": 10736.9141, ""601988.SH"": 12800.0}",0.01845046236,-0.1385447502,0.01838082539
2024-09-19,60d momentum Top2,119744.6288,120193.1734,73.06393527,2,278.6295693,169.9150826,566383.6086,-1.455191523e-11,"{""601398.SH"": 10736.9141, ""601988.SH"": 12800.0}",-0.006917533308,-0.1445038956,-0.006891895927
2024-09-20,60d momentum Top2,120343.3671,120791.9117,73.06393527,2,278.6295693,169.9150826,566383.6086,-1.455191523e-11,"{""601398.SH"": 10736.9141, ""601988.SH"": 12800.0}",0.005000126425,-0.1402263069,0.00498146663
2024-09-23,60d momentum Top2,121520.2128,121968.7574,73.06393527,2,278.6295693,169.9150826,566383.6086,-1.455191523e-11,"{""601398.SH"": 10736.9141, ""601988.SH"": 12800.0}",0.009779065812,-0.1318185234,0.009742752556
2024-09-24,60d momentum Top2,127214.5487,127663.0934,73.06393527,2,278.6295693,169.9150826,566383.6086,0,"{""601398.SH"": 10736.9141, ""601988.SH"": 12800.0}",0.04685916711,-0.09113626251,0.04668684077
2024-09-25,60d momentum Top2,127644.0253,128092.5699,73.06393527,2,278.6295693,169.9150826,566383.6086,0,"{""601398.SH"": 10736.9141, ""601988.SH"": 12800.0}",0.003376001956,-0.08806793676,0.003364140363
2024-09-26,60d momentum Top2,130513.9316,130962.4762,73.06393527,2,278.6295693,169.9150826,566383.6086,0,"{""601398.SH"": 10736.9141, ""601988.SH"": 12800.0}",0.02248367093,-0.06756435633,0.02240493935
2024-09-27,60d momentum Top2,126937.9179,127386.4625,73.06393527,2,278.6295693,169.9150826,566383.6086,0,"{""601398.SH"": 10736.9141, ""601988.SH"": 12800.0}",-0.02739947868,-0.09311260687,-0.02730563585
2024-09-30,60d momentum Top2,130427.1933,130875.7379,73.06393527,2,278.6295693,169.9150826,566383.6086,-1.455191523e-11,"{""601398.SH"": 10736.9141, ""601988.SH"": 12800.0}",0.02748804661,-0.06818404395,0.02739125754
2024-10-08,60d momentum Top2,129398.9784,129847.5231,73.06393527,2,278.6295693,169.9150826,566383.6086,-1.455191523e-11,"{""601398.SH"": 10736.9141, ""601988.SH"": 12800.0}",-0.007883439198,-0.07552995838,-0.007856420634
2024-10-09,60d momentum Top2,126015.7706,126574.3082,462.7705618,2,349.733075,208.8045925,696015.3082,0,"{""601939.SH"": 8100.0, ""601988.SH"": 12900.0}",-0.02614555312,-0.09970073896,-0.02520814237
2024-10-10,60d momentum Top2,130701.7706,131260.3082,462.7705618,2,349.733075,208.8045925,696015.3082,0,"{""601939.SH"": 8100.0, ""601988.SH"": 12900.0}",0.03718582189,-0.06622237098,0.03702173107
2024-10-11,60d momentum Top2,131316.7706,131875.3082,462.7705618,2,349.733075,208.8045925,696015.3082,1.455191523e-11,"{""601939.SH"": 8100.0, ""601988.SH"": 12900.0}",0.004705368545,-0.0618286031,0.004685346304
2024-10-14,60d momentum Top2,136023.7706,136582.3082,462.7705618,2,349.733075,208.8045925,696015.3082,0,"{""601939.SH"": 8100.0, ""601988.SH"": 12900.0}",0.03584462198,-0.02820020403,0.03569280757
2024-10-15,60d momentum Top2,131802.7706,132361.3082,462.7705618,2,349.733075,208.8045925,696015.3082,0,"{""601939.SH"": 8100.0, ""601988.SH"": 12900.0}",-0.03103134094,-0.05835645482,-0.03090444183
2024-10-16,60d momentum Top2,133968.7706,134527.3082,462.7705618,2,349.733075,208.8045925,696015.3082,0,"{""601939.SH"": 8100.0, ""601988.SH"": 12900.0}",0.01643364544,-0.04288181866,0.01636429882
2024-10-17,60d momentum Top2,132675.7706,133234.3082,462.7705618,2,349.733075,208.8045925,696015.3082,0,"{""601939.SH"": 8100.0, ""601988.SH"": 12900.0}",-0.009651503067,-0.05211944773,-0.009611431441
2024-10-18,60d momentum Top2,132918.7706,133477.3082,462.7705618,2,349.733075,208.8045925,696015.3082,0,"{""601939.SH"": 8100.0, ""601988.SH"": 12900.0}",0.001831532607,-0.05038337359,0.001823854555
2024-10-21,60d momentum Top2,130332.7706,130891.3082,462.7705618,2,349.733075,208.8045925,696015.3082,0,"{""601939.SH"": 8100.0, ""601988.SH"": 12900.0}",-0.01945549142,-0.06885863171,-0.01937407964
2024-10-22,60d momentum Top2,130122.7706,130681.3082,462.7705618,2,349.733075,208.8045925,696015.3082,0,"{""601939.SH"": 8100.0, ""601988.SH"": 12900.0}",-0.001611260154,-0.0703589427,-0.001604384606
2024-10-23,60d momentum Top2,130380.7706,130939.3082,462.7705618,2,349.733075,208.8045925,696015.3082,0,"{""601939.SH"": 8100.0, ""601988.SH"": 12900.0}",0.001982742904,-0.06851570349,0.001974268574
2024-10-24,60d momentum Top2,130413.7706,130972.3082,462.7705618,2,349.733075,208.8045925,696015.3082,0,"{""601939.SH"": 8100.0, ""601988.SH"": 12900.0}",0.0002531048088,-0.06827994033,0.0002520251592
2024-10-25,60d momentum Top2,129492.7706,130051.3082,462.7705618,2,349.733075,208.8045925,696015.3082,0,"{""601939.SH"": 8100.0, ""601988.SH"": 12900.0}",-0.007062137656,-0.07485987565,-0.007032020833
2024-10-28,60d momentum Top2,128295.7706,128854.3082,462.7705618,2,349.733075,208.8045925,696015.3082,0,"{""601939.SH"": 8100.0, ""601988.SH"": 12900.0}",-0.009243759283,-0.08341164827,-0.009204059662
2024-10-29,60d momentum Top2,128553.7706,129112.3082,462.7705618,2,349.733075,208.8045925,696015.3082,0,"{""601939.SH"": 8100.0, ""601988.SH"": 12900.0}",0.002010978218,-0.08156840906,0.002002261341
2024-10-30,60d momentum Top2,126921.7706,127480.3082,462.7705618,2,349.733075,208.8045925,696015.3082,0,"{""601939.SH"": 8100.0, ""601988.SH"": 12900.0}",-0.01269507688,-0.09322796871,-0.01264015819
2024-10-31,60d momentum Top2,126873.7706,127432.3082,462.7705618,2,349.733075,208.8045925,696015.3082,0,"{""601939.SH"": 8100.0, ""601988.SH"": 12900.0}",-0.0003781857107,-0.09357089693,-0.0003765287413
2024-11-01,60d momentum Top2,128700.7706,129259.3082,462.7705618,2,349.733075,208.8045925,696015.3082,0,"{""601939.SH"": 8100.0, ""601988.SH"": 12900.0}",0.01440013954,-0.08051819137,0.01433702352
2024-11-04,60d momentum Top2,128674.4429,129341.3082,282.4429489,2,419.706288,247.1589925,823863.3082,0,"{""601398.SH"": 10400.0, ""601939.SH"": 8000.0}",-0.0002045645323,-0.08070628473,0.0006343837138
2024-11-05,60d momentum Top2,129122.4429,129789.3082,282.4429489,2,419.706288,247.1589925,823863.3082,0,"{""601398.SH"": 10400.0, ""601939.SH"": 8000.0}",0.003481654863,-0.0775056213,0.003463703948
2024-11-06,60d momentum Top2,127618.4429,128285.3082,282.4429489,2,419.706288,247.1589925,823863.3082,0,"{""601398.SH"": 10400.0, ""601939.SH"": 8000.0}",-0.01164785893,-0.08825070568,-0.01158801153
2024-11-07,60d momentum Top2,128882.4429,129549.3082,282.4429489,2,419.706288,247.1589925,823863.3082,0,"{""601398.SH"": 10400.0, ""601939.SH"": 8000.0}",0.00990452454,-0.07922026242,0.009853037869
2024-11-08,60d momentum Top2,127826.4429,128493.3082,282.4429489,2,419.706288,247.1589925,823863.3082,0,"{""601398.SH"": 10400.0, ""601939.SH"": 8000.0}",-0.008193513219,-0.08676468338,-0.008151336464
2024-11-11,60d momentum Top2,126298.4429,126965.3082,282.4429489,2,419.706288,247.1589925,823863.3082,0,"{""601398.SH"": 10400.0, ""601939.SH"": 8000.0}",-0.01195370821,-0.09768123187,-0.01189166985
2024-11-12,60d momentum Top2,125482.4429,126149.3082,282.4429489,2,419.706288,247.1589925,823863.3082,0,"{""601398.SH"": 10400.0, ""601939.SH"": 8000.0}",-0.006460887252,-0.1035110117,-0.00642695246
2024-11-13,60d momentum Top2,126058.4429,126725.3082,282.4429489,2,419.706288,247.1589925,823863.3082,0,"{""601398.SH"": 10400.0, ""601939.SH"": 8000.0}",0.0045902836,-0.099395873,0.004566017904
2024-11-14,60d momentum Top2,126770.4429,127437.3082,282.4429489,2,419.706288,247.1589925,823863.3082,0,"{""601398.SH"": 10400.0, ""601939.SH"": 8000.0}",0.005648173842,-0.09430910433,0.005618451515
2024-11-15,60d momentum Top2,126562.4429,127229.3082,282.4429489,2,419.706288,247.1589925,823863.3082,0,"{""601398.SH"": 10400.0, ""601939.SH"": 8000.0}",-0.00164076101,-0.09579512664,-0.00163217509
2024-11-18,60d momentum Top2,128658.4429,129325.3082,282.4429489,2,419.706288,247.1589925,823863.3082,0,"{""601398.SH"": 10400.0, ""601939.SH"": 8000.0}",0.01656099512,-0.08082059414,0.01647419159
2024-11-19,60d momentum Top2,127842.4429,128509.3082,282.4429489,2,419.706288,247.1589925,823863.3082,0,"{""601398.SH"": 10400.0, ""601939.SH"": 8000.0}",-0.006342374284,-0.08665037397,-0.006309669864
2024-11-20,60d momentum Top2,127738.4429,128405.3082,282.4429489,2,419.706288,247.1589925,823863.3082,0,"{""601398.SH"": 10400.0, ""601939.SH"": 8000.0}",-0.0008135013506,-0.08739338512,-0.0008092798991
2024-11-21,60d momentum Top2,127554.4429,128221.3082,282.4429489,2,419.706288,247.1589925,823863.3082,0,"{""601398.SH"": 10400.0, ""601939.SH"": 8000.0}",-0.001440443423,-0.08870794332,-0.001432962566
2024-11-22,60d momentum Top2,125922.4429,126589.3082,282.4429489,2,419.706288,247.1589925,823863.3082,0,"{""601398.SH"": 10400.0, ""601939.SH"": 8000.0}",-0.01279453669,-0.100367503,-0.01272799367
2024-11-25,60d momentum Top2,126450.4429,127117.3082,282.4429489,2,419.706288,247.1589925,823863.3082,0,"{""601398.SH"": 10400.0, ""601939.SH"": 8000.0}",0.004193057152,-0.09659529249,0.004170968365
2024-11-26,60d momentum Top2,128186.4429,128853.3082,282.4429489,2,419.706288,247.1589925,823863.3082,0,"{""601398.SH"": 10400.0, ""601939.SH"": 8000.0}",0.01372869845,-0.08419272169,0.01365667685
2024-11-27,60d momentum Top2,129242.4429,129909.3082,282.4429489,2,419.706288,247.1589925,823863.3082,0,"{""601398.SH"": 10400.0, ""601939.SH"": 8000.0}",0.008238000647,-0.07664830074,0.008195365835
2024-11-28,60d momentum Top2,128978.4429,129645.3082,282.4429489,2,419.706288,247.1589925,823863.3082,0,"{""601398.SH"": 10400.0, ""601939.SH"": 8000.0}",-0.002042672623,-0.07853440597,-0.002032186943
2024-11-29,60d momentum Top2,128082.4429,128749.3082,282.4429489,2,419.706288,247.1589925,823863.3082,0,"{""601398.SH"": 10400.0, ""601939.SH"": 8000.0}",-0.006946897323,-0.08493573284,-0.0069111641
2024-12-02,60d momentum Top2,127554.4429,128221.3082,282.4429489,2,419.706288,247.1589925,823863.3082,0,"{""601398.SH"": 10400.0, ""601939.SH"": 8000.0}",-0.004122344857,-0.08870794332,-0.004100992908
2024-12-03,60d momentum Top2,129420.3671,130293.3082,229.3670916,2,549.4648453,323.4762925,1078254.308,0,"{""601288.SH"": 13200.0, ""601988.SH"": 12700.0}",0.01462845276,-0.07537715052,0.0161595606
2024-12-04,60d momentum Top2,129938.3671,130811.3082,229.3670916,2,549.4648453,323.4762925,1078254.308,0,"{""601288.SH"": 13200.0, ""601988.SH"": 12700.0}",0.004002461217,-0.07167638342,0.003975645465
2024-12-05,60d momentum Top2,129689.3671,130562.3082,229.3670916,2,549.4648453,323.4762925,1078254.308,0,"{""601288.SH"": 13200.0, ""601988.SH"": 12700.0}",-0.001916293129,-0.07345532359,-0.001903505158
2024-12-06,60d momentum Top2,130339.3671,131212.3082,229.3670916,2,549.4648453,323.4762925,1078254.308,0,"{""601288.SH"": 13200.0, ""601988.SH"": 12700.0}",0.005011976036,-0.06881150388,0.004978465905
2024-12-09,60d momentum Top2,131766.3671,132639.3082,229.3670916,2,549.4648453,323.4762925,1078254.308,0,"{""601288.SH"": 13200.0, ""601988.SH"": 12700.0}",0.01094834225,-0.05861653352,0.01087550413
2024-12-10,60d momentum Top2,133056.3671,133929.3082,229.3670916,2,549.4648453,323.4762925,1078254.308,0,"{""601288.SH"": 13200.0, ""601988.SH"": 12700.0}",0.009790055144,-0.04940033747,0.009725623703
2024-12-11,60d momentum Top2,130984.3671,131857.3082,229.3670916,2,549.4648453,323.4762925,1078254.308,0,"{""601288.SH"": 13200.0, ""601988.SH"": 12700.0}",-0.01557234761,-0.06420340585,-0.01547084822
2024-12-12,60d momentum Top2,132665.3671,133538.3082,229.3670916,2,549.4648453,323.4762925,1078254.308,0,"{""601288.SH"": 13200.0, ""601988.SH"": 12700.0}",0.01283359257,-0.05219377364,0.01274862973
2024-12-13,60d momentum Top2,132015.3671,132888.3082,229.3670916,2,549.4648453,323.4762925,1078254.308,0,"{""601288.SH"": 13200.0, ""601988.SH"": 12700.0}",-0.004899545482,-0.05683759335,-0.004867517109
2024-12-16,60d momentum Top2,134483.3671,135356.3082,229.3670916,2,549.4648453,323.4762925,1078254.308,0,"{""601288.SH"": 13200.0, ""601988.SH"": 12700.0}",0.0186947933,-0.03920536711,0.01857198751
2024-12-17,60d momentum Top2,134605.3671,135478.3082,229.3670916,2,549.4648453,323.4762925,1078254.308,0,"{""601288.SH"": 13200.0, ""601988.SH"": 12700.0}",0.0009071753826,-0.03833375787,0.0009013248189
2024-12-18,60d momentum Top2,134605.3671,135478.3082,229.3670916,2,549.4648453,323.4762925,1078254.308,0,"{""601288.SH"": 13200.0, ""601988.SH"": 12700.0}",0,-0.03833375787,0
2024-12-19,60d momentum Top2,133178.3671,134051.3082,229.3670916,2,549.4648453,323.4762925,1078254.308,0,"{""601288.SH"": 13200.0, ""601988.SH"": 12700.0}",-0.01060136034,-0.04852872823,-0.01053305152
2024-12-20,60d momentum Top2,133559.3671,134432.3082,229.3670916,2,549.4648453,323.4762925,1078254.308,0,"{""601288.SH"": 13200.0, ""601988.SH"": 12700.0}",0.002860824985,-0.04580673544,0.002842195313
2024-12-23,60d momentum Top2,136809.3671,137682.3082,229.3670916,2,549.4648453,323.4762925,1078254.308,0,"{""601288.SH"": 13200.0, ""601988.SH"": 12700.0}",0.02433374814,-0.02258763687,0.02417573605
2024-12-24,60d momentum Top2,138490.3671,139363.3082,229.3670916,2,549.4648453,323.4762925,1078254.308,0,"{""601288.SH"": 13200.0, ""601988.SH"": 12700.0}",0.01228717036,-0.01057800465,0.01220926655
2024-12-25,60d momentum Top2,140298.3671,141171.3082,229.3670916,2,549.4648453,323.4762925,1078254.308,0,"{""601288.SH"": 13200.0, ""601988.SH"": 12700.0}",0.01305505963,0,0.0129732856
2024-12-26,60d momentum Top2,140039.3671,140912.3082,229.3670916,2,549.4648453,323.4762925,1078254.308,0,"{""601288.SH"": 13200.0, ""601988.SH"": 12700.0}",-0.001846065677,-0.001846065677,-0.00183465042
2024-12-27,60d momentum Top2,139917.3671,140790.3082,229.3670916,2,549.4648453,323.4762925,1078254.308,0,"{""601288.SH"": 13200.0, ""601988.SH"": 12700.0}",-0.0008711836003,-0.002715641015,-0.0008657866835
2024-12-30,60d momentum Top2,141344.3671,142217.3082,229.3670916,2,549.4648453,323.4762925,1078254.308,0,"{""601288.SH"": 13200.0, ""601988.SH"": 12700.0}",0.01019887688,0,0.01013564085
2024-12-31,60d momentum Top2,140694.3671,141567.3082,229.3670916,2,549.4648453,323.4762925,1078254.308,0,"{""601288.SH"": 13200.0, ""601988.SH"": 12700.0}",-0.004598697588,-0.004598697588,-0.004570470417
2025-01-02,60d momentum Top2,137068.3671,137941.3082,229.3670916,2,549.4648453,323.4762925,1078254.308,0,"{""601288.SH"": 13200.0, ""601988.SH"": 12700.0}",-0.02577217606,-0.03025235521,-0.02561325807
2025-01-03,60d momentum Top2,135571.6229,136555.3082,526.6229196,2,619.2266172,364.4586925,1214862.308,0,"{""601398.SH"": 10000.0, ""601988.SH"": 12700.0}",-0.01091969069,-0.04084169954,-0.0100477516
2025-01-06,60d momentum Top2,136479.6229,137463.3082,526.6229196,2,619.2266172,364.4586925,1214862.308,0,"{""601398.SH"": 10000.0, ""601988.SH"": 12700.0}",0.006697566795,-0.03441767275,0.006649320424
2025-01-07,60d momentum Top2,138186.9473,139170.6326,526.6229196,2,619.2266172,364.4586925,1214862.308,0,"{""601398.SH"": 10212.0066, ""601988.SH"": 12700.0}",0.01250973811,-0.02233849071,0.01242021862
2025-01-08,60d momentum Top2,139663.7877,140647.473,526.6229196,2,619.2266172,364.4586925,1214862.308,-2.910383046e-11,"{""601398.SH"": 10212.0066, ""601988.SH"": 12700.0}",0.01068726456,-0.01188996351,0.01061172488
2025-01-09,60d momentum Top2,138391.1874,139374.8727,526.6229196,2,619.2266172,364.4586925,1214862.308,-2.910383046e-11,"{""601398.SH"": 10212.0066, ""601988.SH"": 12700.0}",-0.009111884706,-0.02089350824,-0.009048156387
2025-01-10,60d momentum Top2,137855.7071,138839.3924,526.6229196,2,619.2266172,364.4586925,1214862.308,0,"{""601398.SH"": 10212.0066, ""601988.SH"": 12700.0}",-0.003869323439,-0.02468198794,-0.00384201438
2025-01-13,60d momentum Top2,135870.8667,136854.552,526.6229196,2,619.2266172,364.4586925,1214862.308,0,"{""601398.SH"": 10212.0066, ""601988.SH"": 12700.0}",-0.01439795642,-0.03872457418,-0.01429594605
2025-01-14,60d momentum Top2,136988.9867,137972.672,526.6229196,2,619.2266172,364.4586925,1214862.308,0,"{""601398.SH"": 10212.0066, ""601988.SH"": 12700.0}",0.008229284862,-0.03081396487,0.008170134279
2025-01-15,60d momentum Top2,137447.2269,138430.9122,526.6229196,2,619.2266172,364.4586925,1214862.308,0,"{""601398.SH"": 10212.0066, ""601988.SH"": 12700.0}",0.003345087393,-0.02757195288,0.003321238371
2025-01-16,60d momentum Top2,138338.8272,139322.5125,526.6229196,2,619.2266172,364.4586925,1214862.308,0,"{""601398.SH"": 10212.0066, ""601988.SH"": 12700.0}",0.006486855732,-0.02126395243,0.006440760358
2025-01-17,60d momentum Top2,137242.9867,138226.672,526.6229196,2,619.2266172,364.4586925,1214862.308,0,"{""601398.SH"": 10212.0066, ""601988.SH"": 12700.0}",-0.007921423697,-0.02901693535,-0.007865494558
2025-01-20,60d momentum Top2,136326.5065,137310.1918,526.6229196,2,619.2266172,364.4586925,1214862.308,0,"{""601398.SH"": 10212.0066, ""601988.SH"": 12700.0}",-0.006677793066,-0.03550095932,-0.006630270783
2025-01-21,60d momentum Top2,136122.2663,137105.9516,526.6229196,2,619.2266172,364.4586925,1214862.308,-2.910383046e-11,"{""601398.SH"": 10212.0066, ""601988.SH"": 12700.0}",-0.001498168902,-0.03694594179,-0.001487436074
2025-01-22,60d momentum Top2,133728.9456,134712.6309,526.6229196,2,619.2266172,364.4586925,1214862.308,-2.910383046e-11,"{""601398.SH"": 10212.0066, ""601988.SH"": 12700.0}",-0.01758213989,-0.05387849297,-0.01745599444
2025-01-23,60d momentum Top2,137924.6495,138908.3348,526.6229196,2,619.2266172,364.4586925,1214862.308,0,"{""601398.SH"": 10212.0066, ""601988.SH"": 12993.6446}",0.03137468735,-0.02419422649,0.0311455862
2025-01-24,60d momentum Top2,137636.9602,138620.6455,526.6229196,2,619.2266172,364.4586925,1214862.308,-2.910383046e-11,"{""601398.SH"": 10212.0066, ""601988.SH"": 12993.6446}",-0.002085843786,-0.0262296049,-0.002071072794
2025-01-27,60d momentum Top2,140987.8714,141971.5567,526.6229196,2,619.2266172,364.4586925,1214862.308,-2.910383046e-11,"{""601398.SH"": 10212.0066, ""601988.SH"": 12993.6446}",0.02434601316,-0.002522178046,0.02417324802
2025-02-05,60d momentum Top2,137971.1368,138954.8221,526.6229196,2,619.2266172,364.4586925,1214862.308,0,"{""601398.SH"": 10212.0066, ""601988.SH"": 12993.6446}",-0.02139712186,-0.02386533255,-0.02124886657
2025-02-06,60d momentum Top2,137711.2639,138694.9492,526.6229196,2,619.2266172,364.4586925,1214862.308,-2.910383046e-11,"{""601398.SH"": 10212.0066, ""601988.SH"": 12993.6446}",-0.001883530853,-0.02570391231,-0.001870197011
2025-02-07,60d momentum Top2,137451.391,138435.0763,526.6229196,2,619.2266172,364.4586925,1214862.308,0,"{""601398.SH"": 10212.0066, ""601988.SH"": 12993.6446}",-0.001887085236,-0.02754249208,-0.001873701201
2025-02-10,60d momentum Top2,137117.2144,138100.8997,526.6229196,2,619.2266172,364.4586925,1214862.308,0,"{""601398.SH"": 10212.0066, ""601988.SH"": 12993.6446}",-0.00243123461,-0.02990676443,-0.00241395886
2025-02-11,60d momentum Top2,140078.3163,141062.0016,526.6229196,2,619.2266172,364.4586925,1214862.308,0,"{""601398.SH"": 10212.0066, ""601988.SH"": 12993.6446}",0.02159540593,-0.008957207215,0.02144158301
2025-02-12,60d momentum Top2,141155.1497,142138.835,526.6229196,2,619.2266172,364.4586925,1214862.308,0,"{""601398.SH"": 10212.0066, ""601988.SH"": 12993.6446}",0.007687366978,-0.001338697576,0.0076337597
2025-02-13,60d momentum Top2,141897.8066,142881.4919,526.6229196,2,619.2266172,364.4586925,1214862.308,-2.910383046e-11,"{""601398.SH"": 10212.0066, ""601988.SH"": 12993.6446}",0.005261280552,0,0.00522486936
2025-02-14,60d momentum Top2,142204.1668,143187.8521,526.6229196,2,619.2266172,364.4586925,1214862.308,0,"{""601398.SH"": 10212.0066, ""601988.SH"": 12993.6446}",0.002159019975,0,0.002144155935
2025-02-17,60d momentum Top2,142287.6159,143271.3012,526.6229196,2,619.2266172,364.4586925,1214862.308,-2.910383046e-11,"{""601398.SH"": 10212.0066, ""601988.SH"": 12993.6446}",0.000586826268,0,0.000582794834
2025-02-18,60d momentum Top2,145174.4141,146158.0994,526.6229196,2,619.2266172,364.4586925,1214862.308,0,"{""601398.SH"": 10212.0066, ""601988.SH"": 12993.6446}",0.02028847135,0,0.02014917289
2025-02-19,60d momentum Top2,144376.1245,145359.8098,526.6229196,2,619.2266172,364.4586925,1214862.308,0,"{""601398.SH"": 10212.0066, ""601988.SH"": 12993.6446}",-0.005498831245,-0.005498831245,-0.005461822557
2025-02-20,60d momentum Top2,144942.3576,145926.0429,526.6229196,2,619.2266172,364.4586925,1214862.308,-2.910383046e-11,"{""601398.SH"": 10212.0066, ""601988.SH"": 12993.6446}",0.003921930261,-0.001598467017,0.003895389602
2025-02-21,60d momentum Top2,142241.1286,143224.8139,526.6229196,2,619.2266172,364.4586925,1214862.308,0,"{""601398.SH"": 10212.0066, ""601988.SH"": 12993.6446}",-0.01863657427,-0.02020525133,-0.01851094539
2025-02-24,60d momentum Top2,141182.9661,142166.6514,526.6229196,2,619.2266172,364.4586925,1214862.308,0,"{""601398.SH"": 10212.0066, ""601988.SH"": 12993.6446}",-0.007439216123,-0.02749415623,-0.007388122689
2025-02-25,60d momentum Top2,140226.9237,141210.609,526.6229196,2,619.2266172,364.4586925,1214862.308,-2.910383046e-11,"{""601398.SH"": 10212.0066, ""601988.SH"": 12993.6446}",-0.006771655656,-0.03407963092,-0.00672480094
2025-02-26,60d momentum Top2,141080.846,142064.5314,526.6229196,2,619.2266172,364.4586925,1214862.308,0,"{""601398.SH"": 10212.0066, ""601988.SH"": 12993.6446}",0.006089574971,-0.02819758642,0.006047154466
2025-02-27,60d momentum Top2,141851.3193,142835.0046,526.6229196,2,619.2266172,364.4586925,1214862.308,0,"{""601398.SH"": 10212.0066, ""601988.SH"": 12993.6446}",0.005461217776,-0.0228903618,0.005423403132
2025-02-28,60d momentum Top2,140848.7895,141832.4748,526.6229196,2,619.2266172,364.4586925,1214862.308,0,"{""601398.SH"": 10212.0066, ""601988.SH"": 12993.6446}",-0.007067468545,-0.02979605344,-0.007018795847
2025-03-03,60d momentum Top2,140904.4223,141888.1076,526.6229196,2,619.2266172,364.4586925,1214862.308,0,"{""601398.SH"": 10212.0066, ""601988.SH"": 12993.6446}",0.0003949821685,-0.02941284018,0.0003922427525
2025-03-04,60d momentum Top2,139669.836,140653.5214,526.6229196,2,619.2266172,364.4586925,1214862.308,0,"{""601398.SH"": 10212.0066, ""601988.SH"": 12993.6446}",-0.008761870136,-0.03791699883,-0.008701125631
2025-03-05,60d momentum Top2,141758.3447,142742.03,526.6229196,2,619.2266172,364.4586925,1214862.308,-2.910383046e-11,"{""601398.SH"": 10212.0066, ""601988.SH"": 12993.6446}",0.01495318298,-0.02353079567,0.01484860524
2025-03-06,60d momentum Top2,140960.0551,141943.7404,526.6229196,2,619.2266172,364.4586925,1214862.308,0,"{""601398.SH"": 10212.0066, ""601988.SH"": 12993.6446}",-0.005631341184,-0.02902962692,-0.00559253364
2025-03-07,60d momentum Top2,140263.8855,141247.5708,526.6229196,2,619.2266172,364.4586925,1214862.308,-2.910383046e-11,"{""601398.SH"": 10212.0066, ""601988.SH"": 12993.6446}",-0.004938771753,-0.03382502797,-0.004904545536
2025-03-10,60d momentum Top2,139131.4193,140115.1046,526.6229196,2,619.2266172,364.4586925,1214862.308,0,"{""601398.SH"": 10212.0066, ""601988.SH"": 12993.6446}",-0.008073825841,-0.04162575643,-0.00801759759
2025-03-11,60d momentum Top2,139799.7725,140783.4578,526.6229196,2,619.2266172,364.4586925,1214862.308,-2.910383046e-11,"{""601398.SH"": 10212.0066, ""601988.SH"": 12993.6446}",0.00480375433,-0.03702196201,0.004770029325
2025-03-12,60d momentum Top2,138407.4334,139391.1187,526.6229196,2,619.2266172,364.4586925,1214862.308,0,"{""601398.SH"": 10212.0066, ""601988.SH"": 12993.6446}",-0.009959523192,-0.04661276411,-0.00988993379
2025-03-13,60d momentum Top2,138509.5535,139493.2388,526.6229196,2,619.2266172,364.4586925,1214862.308,0,"{""601398.SH"": 10212.0066, ""601988.SH"": 12993.6446}",0.0007378221224,-0.04590933391,0.0007326153001
2025-03-14,60d momentum Top2,139103.603,140087.2883,526.6229196,2,619.2266172,364.4586925,1214862.308,0,"{""601398.SH"": 10212.0066, ""601988.SH"": 12993.6446}",0.004288870023,-0.04181736306,0.004258625558
2025-03-17,60d momentum Top2,139846.2598,140829.9451,526.6229196,2,619.2266172,364.4586925,1214862.308,0,"{""601398.SH"": 10212.0066, ""601988.SH"": 12993.6446}",0.00533887569,-0.03670174507,0.005301386395
2025-03-18,60d momentum Top2,139744.1397,140727.825,526.6229196,2,619.2266172,364.4586925,1214862.308,0,"{""601398.SH"": 10212.0066, ""601988.SH"": 12993.6446}",-0.0007302309438,-0.03740517526,-0.0007251303422
2025-03-19,60d momentum Top2,141238.5989,142222.2842,526.6229196,2,619.2266172,364.4586925,1214862.308,0,"{""601398.SH"": 10212.0066, ""601988.SH"": 12993.6446}",0.01069425269,-0.02711094297,0.01061950003
2025-03-20,60d momentum Top2,140802.3022,141785.9875,526.6229196,2,619.2266172,364.4586925,1214862.308,0,"{""601398.SH"": 10212.0066, ""601988.SH"": 12993.6446}",-0.003089075145,-0.03011627037,-0.003067709451
2025-03-21,60d momentum Top2,139205.723,140189.4083,526.6229196,2,619.2266172,364.4586925,1214862.308,-2.910383046e-11,"{""601398.SH"": 10212.0066, ""601988.SH"": 12993.6446}",-0.01133915557,-0.04111393286,-0.01126048657
2025-03-24,60d momentum Top2,140338.1892,141321.8745,526.6229196,2,619.2266172,364.4586925,1214862.308,0,"{""601398.SH"": 10212.0066, ""601988.SH"": 12993.6446}",0.008135198459,-0.03331320441,0.008078115151
2025-03-25,60d momentum Top2,141684.041,142667.7263,526.6229196,2,619.2266172,364.4586925,1214862.308,0,"{""601398.SH"": 10212.0066, ""601988.SH"": 12993.6446}",0.009590060824,-0.02404261924,0.009523308228
2025-03-26,60d momentum Top2,141479.8008,142463.4861,526.6229196,2,619.2266172,364.4586925,1214862.308,-2.910383046e-11,"{""601398.SH"": 10212.0066, ""601988.SH"": 12993.6446}",-0.001441518262,-0.02544947963,-0.001431579082
2025-03-27,60d momentum Top2,142537.9633,143521.6486,526.6229196,2,619.2266172,364.4586925,1214862.308,0,"{""601398.SH"": 10212.0066, ""601988.SH"": 12993.6446}",0.007479247858,-0.01816057473,0.007427604967
2025-03-28,60d momentum Top2,142250.2741,143233.9594,526.6229196,2,619.2266172,364.4586925,1214862.308,-2.910383046e-11,"{""601398.SH"": 10212.0066, ""601988.SH"": 12993.6446}",-0.002018334388,-0.02014225501,-0.002004500894
2025-03-31,60d momentum Top2,143651.7586,144635.4439,526.6229196,2,619.2266172,364.4586925,1214862.308,0,"{""601398.SH"": 10212.0066, ""601988.SH"": 12993.6446}",0.009852244855,-0.01048845658,0.009784582768
2025-04-01,60d momentum Top2,141693.1864,142676.8717,526.6229196,2,619.2266172,364.4586925,1214862.308,0,"{""601398.SH"": 10212.0066, ""601988.SH"": 12993.6446}",-0.01363416771,-0.02397962292,-0.01354143988
2025-04-02,60d momentum Top2,143264.4047,144366.3068,151.9311885,2,695.4326941,406.46935,1354897.833,0,"{""601939.SH"": 8100.0, ""601988.SH"": 12893.6446}",0.01108887706,-0.01315665295,0.01184098753
2025-04-03,60d momentum Top2,145381.9599,146483.8619,151.9311885,2,695.4326941,406.46935,1354897.833,0,"{""601939.SH"": 8100.0, ""601988.SH"": 12893.6446}",0.01478074843,0,0.01466793168
2025-04-07,60d momentum Top2,142221.3581,143323.2601,151.9311885,2,695.4326941,406.46935,1354897.833,0,"{""601939.SH"": 8100.0, ""601988.SH"": 12893.6446}",-0.02173998634,-0.02173998634,-0.02157645068
2025-04-08,60d momentum Top2,143337.1674,144439.0694,151.9311885,2,695.4326941,406.46935,1354897.833,0,"{""601939.SH"": 8100.0, ""601988.SH"": 12893.6446}",0.007845582088,-0.0140649671,0.007785263457
2025-04-09,60d momentum Top2,141186.5487,142288.4508,151.9311885,2,695.4326941,406.46935,1354897.833,0,"{""601939.SH"": 8100.0, ""601988.SH"": 12893.6446}",-0.01500391502,-0.02885785255,-0.0148894526
2025-04-10,60d momentum Top2,140313.7394,141415.6414,151.9311885,2,695.4326941,406.46935,1354897.833,0,"{""601939.SH"": 8100.0, ""601988.SH"": 12893.6446}",-0.006181958177,-0.03486141269,-0.006134084212
2025-04-11,60d momentum Top2,141234.4852,142336.3872,151.9311885,2,695.4326941,406.46935,1354897.833,0,"{""601939.SH"": 8100.0, ""601988.SH"": 12893.6446}",0.006562050088,-0.02852812494,0.006510918994
2025-04-14,60d momentum Top2,143142.1038,144244.0059,151.9311885,2,695.4326941,406.46935,1354897.833,0,"{""601939.SH"": 8100.0, ""601988.SH"": 12893.6446}",0.01350674856,-0.01540669859,0.0134021856
2025-04-15,60d momentum Top2,144836.4683,145938.3703,151.9311885,2,695.4326941,406.46935,1354897.833,0,"{""601939.SH"": 8100.0, ""601988.SH"": 12893.6446}",0.01183693979,-0.003752126963,0.01174651559
2025-04-16,60d momentum Top2,146596.9599,147698.8619,151.9311885,2,695.4326941,406.46935,1354897.833,0,"{""601939.SH"": 8100.0, ""601988.SH"": 12893.6446}",0.01215502968,0,0.0120632536
2025-04-17,60d momentum Top2,146677.9599,147779.8619,151.9311885,2,695.4326941,406.46935,1354897.833,0,"{""601939.SH"": 8100.0, ""601988.SH"": 12893.6446}",0.0005525353327,0,0.0005484131628
2025-04-18,60d momentum Top2,148069.8328,149171.7348,151.9311885,2,695.4326941,406.46935,1354897.833,0,"{""601939.SH"": 8100.0, ""601988.SH"": 12893.6446}",0.009489311783,0,0.009418555917
2025-04-21,60d momentum Top2,146291.1505,147393.0526,151.9311885,2,695.4326941,406.46935,1354897.833,0,"{""601939.SH"": 8100.0, ""601988.SH"": 12893.6446}",-0.0120124552,-0.0120124552,-0.01192372157
2025-04-22,60d momentum Top2,148471.515,149573.417,151.9311885,2,695.4326941,406.46935,1354897.833,0,"{""601939.SH"": 8100.0, ""601988.SH"": 12893.6446}",0.01490428134,0,0.01479285778
2025-04-23,60d momentum Top2,147646.6421,148748.5442,151.9311885,2,695.4326941,406.46935,1354897.833,0,"{""601939.SH"": 8100.0, ""601988.SH"": 12893.6446}",-0.005555765312,-0.005555765312,-0.005514836187
2025-04-24,60d momentum Top2,150408.8795,151510.7815,151.9311885,2,695.4326941,406.46935,1354897.833,0,"{""601939.SH"": 8100.0, ""601988.SH"": 12893.6446}",0.01870843331,0,0.01856984465
2025-04-25,60d momentum Top2,149265.5446,150367.4466,151.9311885,2,695.4326941,406.46935,1354897.833,0,"{""601939.SH"": 8100.0, ""601988.SH"": 13164.7727}",-0.007601511814,-0.007601511814,-0.007546227818
2025-04-28,60d momentum Top2,151381.7832,152483.6853,151.9311885,2,695.4326941,406.46935,1354897.833,0,"{""601939.SH"": 8100.0, ""601988.SH"": 13164.7727}",0.0141776767,0,0.0140737818
2025-04-29,60d momentum Top2,151007.1355,152109.0375,151.9311885,2,695.4326941,406.46935,1354897.833,0,"{""601939.SH"": 8100.0, ""601988.SH"": 13164.7727}",-0.002474853439,-0.002474853439,-0.002456969257
2025-04-30,60d momentum Top2,146339.1241,147441.0262,151.9311885,2,695.4326941,406.46935,1354897.833,0,"{""601939.SH"": 8100.0, ""601988.SH"": 13164.7727}",-0.03091252172,-0.0333108712,-0.0306885865
2025-05-06,60d momentum Top2,145731.5332,146833.4353,151.9311885,2,695.4326941,406.46935,1354897.833,0,"{""601939.SH"": 8100.0, ""601988.SH"": 13164.7727}",-0.00415193757,-0.03732450411,-0.004120908021
2025-05-07,60d momentum Top2,148270.936,149490.3785,343.9360201,2,769.4642239,449.9782135,1499927.378,0,"{""601288.SH"": 13400.0, ""601939.SH"": 8100.0}",0.01742521149,-0.02054968,0.01809494667
2025-05-08,60d momentum Top2,148650.936,149870.3785,343.9360201,2,769.4642239,449.9782135,1499927.378,0,"{""601288.SH"": 13400.0, ""601939.SH"": 8100.0}",0.002562875842,-0.01803947044,0.002541969617
2025-05-09,60d momentum Top2,150750.4566,151969.899,343.9360201,2,769.4642239,449.9782135,1499927.378,0,"{""601288.SH"": 13400.0, ""601939.SH"": 8287.0693}",0.0141238302,-0.004170426653,0.01400890958
2025-05-12,60d momentum Top2,150304.3617,151523.8042,343.9360201,2,769.4642239,449.9782135,1499927.378,0,"{""601288.SH"": 13400.0, ""601939.SH"": 8287.0693}",-0.002959160874,-0.007117246563,-0.002935415867
2025-05-13,60d momentum Top2,152524.198,153743.6404,343.9360201,2,769.4642239,449.9782135,1499927.378,0,"{""601288.SH"": 13400.0, ""601939.SH"": 8287.0693}",0.01476894092,0,0.01465008255
2025-05-14,60d momentum Top2,152575.3273,153794.7697,343.9360201,2,769.4642239,449.9782135,1499927.378,0,"{""601288.SH"": 13400.0, ""601939.SH"": 8287.0693}",0.0003352209512,0,0.0003325620923
2025-05-15,60d momentum Top2,152677.5859,153897.0283,343.9360201,2,769.4642239,449.9782135,1499927.378,0,"{""601288.SH"": 13400.0, ""601939.SH"": 8287.0693}",0.0006702172316,0,0.000664903063
2025-05-16,60d momentum Top2,151325.2324,152544.6749,343.9360201,2,769.4642239,449.9782135,1499927.378,0,"{""601288.SH"": 13400.0, ""601939.SH"": 8287.0693}",-0.008857576954,-0.008857576954,-0.008787391679
2025-05-19,60d momentum Top2,150757.4911,151976.9335,343.9360201,2,769.4642239,449.9782135,1499927.378,0,"{""601288.SH"": 13400.0, ""601939.SH"": 8287.0693}",-0.003751795899,-0.01257614103,-0.003721804035
2025-05-20,60d momentum Top2,150891.4911,152110.9335,343.9360201,2,769.4642239,449.9782135,1499927.378,0,"{""601288.SH"": 13400.0, ""601939.SH"": 8287.0693}",0.0008888447205,-0.01169847455,0.0008817127502
2025-05-21,60d momentum Top2,151108.3617,152327.8042,343.9360201,2,769.4642239,449.9782135,1499927.378,0,"{""601288.SH"": 13400.0, ""601939.SH"": 8287.0693}",0.001437262577,-0.01027802575,0.001425740335
2025-05-22,60d momentum Top2,151510.3617,152729.8042,343.9360201,2,769.4642239,449.9782135,1499927.378,0,"{""601288.SH"": 13400.0, ""601939.SH"": 8287.0693}",0.002660342521,-0.0076450263,0.00263904546
2025-05-23,60d momentum Top2,149826.5255,151045.9679,343.9360201,2,769.4642239,449.9782135,1499927.378,0,"{""601288.SH"": 13400.0, ""601939.SH"": 8287.0693}",-0.01111367051,-0.01867373251,-0.0110249355
2025-05-26,60d momentum Top2,148959.0427,150178.4852,343.9360201,2,769.4642239,449.9782135,1499927.378,0,"{""601288.SH"": 13400.0, ""601939.SH"": 8287.0693}",-0.005789914504,-0.0243555277,-0.005743170671
2025-05-27,60d momentum Top2,149609.6548,150829.0973,343.9360201,2,769.4642239,449.9782135,1499927.378,0,"{""601288.SH"": 13400.0, ""601939.SH"": 8287.0693}",0.00436772463,-0.0200941813,0.004332258906
2025-05-28,60d momentum Top2,149309.9134,150529.3559,343.9360201,2,769.4642239,449.9782135,1499927.378,0,"{""601288.SH"": 13400.0, ""601939.SH"": 8287.0693}",-0.002003489594,-0.02205741241,-0.001987291524
2025-05-29,60d momentum Top2,148844.4307,150063.8731,343.9360201,2,769.4642239,449.9782135,1499927.378,0,"{""601288.SH"": 13400.0, ""601939.SH"": 8287.0693}",-0.003117561067,-0.02510620815,-0.00309230562
2025-05-30,60d momentum Top2,149278.172,150497.6145,343.9360201,2,769.4642239,449.9782135,1499927.378,0,"{""601288.SH"": 13400.0, ""601939.SH"": 8287.0693}",0.002914058555,-0.02226531056,0.002890378461
2025-06-03,60d momentum Top2,150062.7841,151282.2266,343.9360201,2,769.4642239,449.9782135,1499927.378,0,"{""601288.SH"": 13400.0, ""601939.SH"": 8287.0693}",0.005256040244,-0.01712629768,0.005213451938
2025-06-04,60d momentum Top2,149648.4307,150867.8731,343.9360201,2,769.4642239,449.9782135,1499927.378,0,"{""601288.SH"": 13400.0, ""601939.SH"": 8287.0693}",-0.002761200712,-0.01984020925,-0.002738943469
2025-06-05,60d momentum Top2,149565.56,150785.0024,343.9360201,2,769.4642239,449.9782135,1499927.378,0,"{""601288.SH"": 13400.0, ""601939.SH"": 8287.0693}",-0.0005537692103,-0.02038299156,-0.0005492931767
2025-06-06,60d momentum Top2,150101.56,151321.0024,343.9360201,2,769.4642239,449.9782135,1499927.378,0,"{""601288.SH"": 13400.0, ""601939.SH"": 8287.0693}",0.003583712722,-0.01687232563,0.003554730188
2025-06-09,60d momentum Top2,149502.0772,150721.5196,343.9360201,2,769.4642239,449.9782135,1499927.378,0,"{""601288.SH"": 13400.0, ""601939.SH"": 8287.0693}",-0.00399384772,-0.02079878785,-0.003961662714
2025-06-10,60d momentum Top2,149986.9479,151206.3903,343.9360201,2,769.4642239,449.9782135,1499927.378,0,"{""601288.SH"": 13400.0, ""601939.SH"": 8287.0693}",0.003243237167,-0.01762300608,0.003216997111
2025-06-11,60d momentum Top2,149572.5944,150792.0369,343.9360201,2,769.4642239,449.9782135,1499927.378,0,"{""601288.SH"": 13400.0, ""601939.SH"": 8287.0693}",-0.002762596827,-0.02033691765,-0.002740317162
2025-06-12,60d momentum Top2,149457.9823,150677.4248,343.9360201,2,769.4642239,449.9782135,1499927.378,0,"{""601288.SH"": 13400.0, ""601939.SH"": 8287.0693}",-0.0007662639018,-0.0210875981,-0.0007600671905
2025-06-13,60d momentum Top2,148807.3703,150026.8127,343.9360201,2,769.4642239,449.9782135,1499927.378,0,"{""601288.SH"": 13400.0, ""601939.SH"": 8287.0693}",-0.004353143737,-0.0253489445,-0.004317913455
2025-06-16,60d momentum Top2,150369.56,151589.0024,343.9360201,2,769.4642239,449.9782135,1499927.378,0,"{""601288.SH"": 13400.0, ""601939.SH"": 8287.0693}",0.01049806675,-0.01511699266,0.01041273675
2025-06-17,60d momentum Top2,150669.3013,151888.7438,343.9360201,2,769.4642239,449.9782135,1499927.378,0,"{""601288.SH"": 13400.0, ""601939.SH"": 8287.0693}",0.001993364791,-0.01315376155,0.001977329369
2025-06-18,60d momentum Top2,153532.7152,154752.1577,343.9360201,2,769.4642239,449.9782135,1499927.378,0,"{""601288.SH"": 13400.0, ""601939.SH"": 8287.0693}",0.01900462695,0,0.01885204785
2025-06-19,60d momentum Top2,153666.7152,154886.1577,343.9360201,2,769.4642239,449.9782135,1499927.378,0,"{""601288.SH"": 13400.0, ""601939.SH"": 8287.0693}",0.0008727781555,0,0.0008659006894
2025-06-20,60d momentum Top2,154814.5515,156033.9939,343.9360201,2,769.4642239,449.9782135,1499927.378,0,"{""601288.SH"": 13400.0, ""601939.SH"": 8287.0693}",0.007469647788,0,0.007410838107
2025-06-23,60d momentum Top2,157582.7412,158802.1836,343.9360201,2,769.4642239,449.9782135,1499927.378,0,"{""601288.SH"": 13400.0, ""601939.SH"": 8287.0693}",0.01788068163,0,0.01774093989
2025-06-24,60d momentum Top2,158769.3532,159988.7957,343.9360201,2,769.4642239,449.9782135,1499927.378,0,"{""601288.SH"": 13400.0, ""601939.SH"": 8287.0693}",0.007530089089,0,0.007472265513
2025-06-25,60d momentum Top2,160153.4481,161372.8905,343.9360201,2,769.4642239,449.9782135,1499927.378,0,"{""601288.SH"": 13400.0, ""601939.SH"": 8287.0693}",0.008717644965,0,0.008651198648
2025-06-26,60d momentum Top2,161123.1895,162342.6319,343.9360201,2,769.4642239,449.9782135,1499927.378,0,"{""601288.SH"": 13400.0, ""601939.SH"": 8287.0693}",0.006055076541,0,0.006009320298
2025-06-27,60d momentum Top2,156785.7756,158005.2181,343.9360201,2,769.4642239,449.9782135,1499927.378,0,"{""601288.SH"": 13400.0, ""601939.SH"": 8287.0693}",-0.026919861,-0.026919861,-0.02671765151
2025-06-30,60d momentum Top2,157365.8705,158585.3129,343.9360201,2,769.4642239,449.9782135,1499927.378,0,"{""601288.SH"": 13400.0, ""601939.SH"": 8287.0693}",0.003699920166,-0.02331954218,0.003671365161
2025-07-01,60d momentum Top2,160675.3792,161894.8216,343.9360201,2,769.4642239,449.9782135,1499927.378,0,"{""601288.SH"": 13400.0, ""601939.SH"": 8287.0693}",0.02103066382,-0.002779303809,0.02086894844
2025-07-02,60d momentum Top2,161357.7327,162577.1751,343.9360201,2,769.4642239,449.9782135,1499927.378,0,"{""601288.SH"": 13400.0, ""601939.SH"": 8287.0693}",0.004246782984,0,0.004214794887
2025-07-03,60d momentum Top2,160292.7671,161512.2095,343.9360201,2,769.4642239,449.9782135,1499927.378,0,"{""601288.SH"": 13400.0, ""601939.SH"": 8287.0693}",-0.006600027954,-0.006600027954,-0.006550523132
2025-07-04,60d momentum Top2,162359.2154,163578.6579,343.9360201,2,769.4642239,449.9782135,1499927.378,0,"{""601288.SH"": 13400.0, ""601939.SH"": 8287.0693}",0.01289171281,0,0.01279437836
2025-07-07,60d momentum Top2,162614.862,163834.3044,343.9360201,2,769.4642239,449.9782135,1499927.378,0,"{""601288.SH"": 13400.0, ""601939.SH"": 8287.0693}",0.001574573596,0,0.001562835501
2025-07-08,60d momentum Top2,163067.9913,164287.4337,343.9360201,2,769.4642239,449.9782135,1499927.378,0,"{""601288.SH"": 13400.0, ""601939.SH"": 8287.0693}",0.002786518411,0,0.002765777951
2025-07-09,60d momentum Top2,164802.9568,166022.3992,343.9360201,2,769.4642239,449.9782135,1499927.378,0,"{""601288.SH"": 13400.0, ""601939.SH"": 8287.0693}",0.0106395224,0,0.01056054932
2025-07-10,60d momentum Top2,166691.3103,167910.7527,343.9360201,2,769.4642239,449.9782135,1499927.378,0,"{""601288.SH"": 13400.0, ""601939.SH"": 8287.0693}",0.01145824992,0,0.01137408853
2025-07-11,60d momentum Top2,165830.862,167050.3044,343.9360201,2,769.4642239,449.9782135,1499927.378,0,"{""601288.SH"": 13400.0, ""601939.SH"": 8287.0693}",-0.005161926664,-0.005161926664,-0.005124438461
2025-07-14,60d momentum Top2,166800.6033,168020.0458,343.9360201,2,769.4642239,449.9782135,1499927.378,0,"{""601288.SH"": 13400.0, ""601939.SH"": 8287.0693}",0.005847773901,0,0.005805086019
2025-07-15,60d momentum Top2,165550.5085,166769.9509,343.9360201,2,769.4642239,449.9782135,1499927.378,0,"{""601288.SH"": 13400.0, ""601939.SH"": 8287.0693}",-0.007494546349,-0.007494546349,-0.007440153031
2025-07-16,60d momentum Top2,165180.2499,166399.6923,343.9360201,2,769.4642239,449.9782135,1499927.378,0,"{""601288.SH"": 13400.0, ""601939.SH"": 8287.0693}",-0.002236529606,-0.00971431418,-0.002220175825
2025-07-17,60d momentum Top2,164271.2901,165490.7325,343.9360201,2,769.4642239,449.9782135,1499927.378,0,"{""601288.SH"": 13682.588, ""601939.SH"": 8287.0693}",-0.005502835915,-0.01516369382,-0.005462508968
2025-07-18,60d momentum Top2,165502.723,166722.1654,343.9360201,2,769.4642239,449.9782135,1499927.378,0,"{""601288.SH"": 13682.588, ""601939.SH"": 8287.0693}",0.007496336811,-0.007781029164,0.007441098967
2025-07-21,60d momentum Top2,164346.4091,165565.8515,343.9360201,2,769.4642239,449.9782135,1499927.378,0,"{""601288.SH"": 13682.588, ""601939.SH"": 8287.0693}",-0.006986675857,-0.01471334149,-0.00693557378
2025-07-22,60d momentum Top2,161954.7865,163174.2289,343.9360201,2,769.4642239,449.9782135,1499927.378,0,"{""601288.SH"": 13682.588, ""601939.SH"": 8287.0693}",-0.01455232662,-0.02905155476,-0.01444514435
2025-07-23,60d momentum Top2,164587.2695,165806.712,343.9360201,2,769.4642239,449.9782135,1499927.378,0,"{""601288.SH"": 13682.588, ""601939.SH"": 8287.0693}",0.01625443192,-0.01326933936,0.01613295842
2025-07-24,60d momentum Top2,162908.6918,164128.1343,343.9360201,2,769.4642239,449.9782135,1499927.378,0,"{""601288.SH"": 13682.588, ""601939.SH"": 8287.0693}",-0.01019870931,-0.02333271854,-0.01012370186
2025-07-25,60d momentum Top2,162386.428,163605.8704,343.9360201,2,769.4642239,449.9782135,1499927.378,0,"{""601288.SH"": 13682.588, ""601939.SH"": 8287.0693}",-0.003205868476,-0.02646378539,-0.003182049451
2025-07-28,60d momentum Top2,162688.9952,163908.4377,343.9360201,2,769.4642239,449.9782135,1499927.378,0,"{""601288.SH"": 13682.588, ""601939.SH"": 8287.0693}",0.001863254646,-0.02464983952,0.001849366808
2025-07-29,60d momentum Top2,160927.5468,162146.9893,343.9360201,2,769.4642239,449.9782135,1499927.378,0,"{""601288.SH"": 13682.588, ""601939.SH"": 8287.0693}",-0.01082709011,-0.03521004359,-0.01074653896
2025-07-30,60d momentum Top2,162821.9453,164041.3877,343.9360201,2,769.4642239,449.9782135,1499927.378,0,"{""601288.SH"": 13682.588, ""601939.SH"": 8287.0693}",0.01177174761,-0.02385277973,0.01168321702
2025-07-31,60d momentum Top2,164525.5627,165745.0051,343.9360201,2,769.4642239,449.9782135,1499927.378,0,"{""601288.SH"": 13682.588, ""601939.SH"": 8287.0693}",0.01046306992,-0.01363928311,0.01038529009
2025-08-01,60d momentum Top2,165018.911,166238.3535,343.9360201,2,769.4642239,449.9782135,1499927.378,0,"{""601288.SH"": 13682.588, ""601939.SH"": 8287.0693}",0.002998612038,-0.01068156999,0.002976550228
2025-08-04,60d momentum Top2,166042.7643,167398.5674,269.0271086,2,856.8217723,498.981249,1663270.83,0,"{""601288.SH"": 13082.588, ""601398.SH"": 10700.0}",0.00620446046,-0.00454338291,0.006979219106
2025-08-05,60d momentum Top2,168861.1525,170216.9556,269.0271086,2,856.8217723,498.981249,1663270.83,0,"{""601288.SH"": 13082.588, ""601398.SH"": 10700.0}",0.01697386941,0,0.01683639378
2025-08-06,60d momentum Top2,169907.7596,171263.5626,269.0271086,2,856.8217723,498.981249,1663270.83,0,"{""601288.SH"": 13082.588, ""601398.SH"": 10700.0}",0.006198033255,0,0.006148665011
2025-08-07,60d momentum Top2,171941.1925,173296.9955,269.0271086,2,856.8217723,498.981249,1663270.83,0,"{""601288.SH"": 13082.588, ""601398.SH"": 10700.0}",0.01196786376,0,0.01187312052
2025-08-08,60d momentum Top2,171406.1925,172761.9955,269.0271086,2,856.8217723,498.981249,1663270.83,0,"{""601288.SH"": 13082.588, ""601398.SH"": 10700.0}",-0.003111528961,-0.003111528961,-0.003087185663
2025-08-11,60d momentum Top2,170835.6701,172191.4731,269.0271086,2,856.8217723,498.981249,1663270.83,0,"{""601288.SH"": 13082.588, ""601398.SH"": 10700.0}",-0.003328481615,-0.006429653909,-0.00330236033
2025-08-12,60d momentum Top2,173130.7548,174486.5578,269.0271086,2,856.8217723,498.981249,1663270.83,0,"{""601288.SH"": 13082.588, ""601398.SH"": 10700.0}",0.01343445825,0,0.01332867787
2025-08-13,60d momentum Top2,171620.6254,172976.4284,269.0271086,2,856.8217723,498.981249,1663270.83,0,"{""601288.SH"": 13082.588, ""601398.SH"": 10700.0}",-0.008722479151,-0.008722479151,-0.008654703365
2025-08-14,60d momentum Top2,173083.536,174439.339,269.0271086,2,856.8217723,498.981249,1663270.83,0,"{""601288.SH"": 13082.588, ""601398.SH"": 10700.0}",0.008524095252,-0.0002727351423,0.008457282715
2025-08-15,60d momentum Top2,170669.7548,172025.5578,269.0271086,2,856.8217723,498.981249,1663270.83,0,"{""601288.SH"": 13082.588, ""601398.SH"": 10700.0}",-0.0139457583,-0.01421468995,-0.01383736704
2025-08-18,60d momentum Top2,171502.3618,172858.1649,269.0271086,2,856.8217723,498.981249,1663270.83,0,"{""601288.SH"": 13082.588, ""601398.SH"": 10700.0}",0.004878468594,-0.009405567272,0.004840019409
2025-08-19,60d momentum Top2,173107.7948,174463.5978,269.0271086,2,856.8217723,498.981249,1663270.83,0,"{""601288.SH"": 13082.588, ""601398.SH"": 10700.0}",0.009360995973,-0.0001326167761,0.009287573543
2025-08-20,60d momentum Top2,173892.75,175248.5531,269.0271086,2,856.8217723,498.981249,1663270.83,0,"{""601288.SH"": 13082.588, ""601398.SH"": 10700.0}",0.004534488353,0,0.004499249638
2025-08-21,60d momentum Top2,176176.1382,177531.9413,269.0271086,2,856.8217723,498.981249,1663270.83,0,"{""601288.SH"": 13082.588, ""601398.SH"": 10700.0}",0.01313101436,0,0.01302942682
2025-08-22,60d momentum Top2,177412.9194,178768.7224,269.0271086,2,856.8217723,498.981249,1663270.83,0,"{""601288.SH"": 13082.588, ""601398.SH"": 10700.0}",0.007020140022,0,0.006966527545
2025-08-25,60d momentum Top2,176461.6159,177817.4189,269.0271086,2,856.8217723,498.981249,1663270.83,0,"{""601288.SH"": 13082.588, ""601398.SH"": 10700.0}",-0.00536208706,-0.00536208706,-0.005321420361
2025-08-26,60d momentum Top2,176295.2676,177651.0707,269.0271086,2,856.8217723,498.981249,1663270.83,0,"{""601288.SH"": 13082.588, ""601398.SH"": 10700.0}",-0.0009426879578,-0.006299720243,-0.0009355002526
2025-08-27,60d momentum Top2,172573.2277,173929.0307,269.0271086,2,856.8217723,498.981249,1663270.83,0,"{""601288.SH"": 13082.588, ""601398.SH"": 10700.0}",-0.02111253471,-0.02727925189,-0.02095140741
2025-08-28,60d momentum Top2,171074.7948,172430.5978,269.0271086,2,856.8217723,498.981249,1663270.83,0,"{""601288.SH"": 13082.588, ""601398.SH"": 10700.0}",-0.008682881689,-0.03572527106,-0.008615197317
2025-08-29,60d momentum Top2,171609.7948,172965.5978,269.0271086,2,856.8217723,498.981249,1663270.83,0,"{""601288.SH"": 13082.588, ""601398.SH"": 10700.0}",0.003127287107,-0.03270970714,0.003102697589
2025-09-01,60d momentum Top2,171467.2724,172823.0754,269.0271086,2,856.8217723,498.981249,1663270.83,0,"{""601288.SH"": 13082.588, ""601398.SH"": 10700.0}",-0.0008305024818,-0.03351304413,-0.0008239925296
2025-09-02,60d momentum Top2,175330.883,176703.6377,683.075429,2,870.1065519,502.648149,1675493.83,0,"{""601288.SH"": 12182.588, ""601398.SH"": 11500.0}",0.02253264185,-0.01173553969,0.02245395939
2025-09-03,60d momentum Top2,173348.5795,174721.3342,683.075429,2,870.1065519,502.648149,1675493.83,0,"{""601288.SH"": 12182.588, ""601398.SH"": 11500.0}",-0.01130607161,-0.02290892845,-0.01121823832
2025-09-04,60d momentum Top2,179006.1371,180378.8918,683.075429,2,870.1065519,502.648149,1675493.83,0,"{""601288.SH"": 12182.588, ""601398.SH"": 11500.0}",0.03263688442,0,0.03238046218
2025-09-05,60d momentum Top2,175175.9677,176548.7224,683.075429,2,870.1065519,502.648149,1675493.83,0,"{""601288.SH"": 12182.588, ""601398.SH"": 11500.0}",-0.02139686057,-0.02139686057,-0.021234022
2025-09-08,60d momentum Top2,174228.6642,175601.4189,683.075429,2,870.1065519,502.648149,1675493.83,0,"{""601288.SH"": 12182.588, ""601398.SH"": 11500.0}",-0.005407725339,-0.02668887757,-0.005365677567
2025-09-09,60d momentum Top2,175182.7936,176555.5483,683.075429,2,870.1065519,502.648149,1675493.83,0,"{""601288.SH"": 12182.588, ""601398.SH"": 11500.0}",0.005476305542,-0.02135872847,0.005433494816
2025-09-10,60d momentum Top2,175399.1418,176771.8965,683.075429,2,870.1065519,502.648149,1675493.83,0,"{""601288.SH"": 12182.588, ""601398.SH"": 11500.0}",0.001234985673,-0.02015012052,0.001225383413
2025-09-11,60d momentum Top2,175737.316,177110.0707,683.075429,2,870.1065519,502.648149,1675493.83,0,"{""601288.SH"": 12182.588, ""601398.SH"": 11500.0}",0.001928026082,-0.0182609444,0.00191305364
2025-09-12,60d momentum Top2,174905.0124,176277.7671,683.075429,2,870.1065519,502.648149,1675493.83,0,"{""601288.SH"": 12182.588, ""601398.SH"": 11500.0}",-0.004736065956,-0.02291052532,-0.00469935739
2025-09-15,60d momentum Top2,173355.4054,174728.1601,683.075429,2,870.1065519,502.648149,1675493.83,0,"{""601288.SH"": 12182.588, ""601398.SH"": 11500.0}",-0.00885970629,-0.03156725108,-0.00879071175
2025-09-16,60d momentum Top2,172123.4948,173496.2495,683.075429,2,870.1065519,502.648149,1675493.83,0,"{""601288.SH"": 12182.588, ""601398.SH"": 11500.0}",-0.007106271393,-0.03844919702,-0.007050440853
2025-09-17,60d momentum Top2,171263.8878,172636.6425,683.075429,2,870.1065519,502.648149,1675493.83,0,"{""601288.SH"": 12182.588, ""601398.SH"": 11500.0}",-0.00499412959,-0.04325130634,-0.004954614529
2025-09-18,60d momentum Top2,166994.1961,168366.9508,683.075429,2,870.1065519,502.648149,1675493.83,0,"{""601288.SH"": 12182.588, ""601398.SH"": 11500.0}",-0.0249304846,-0.06710351491,-0.02473224488
2025-09-19,60d momentum Top2,164497.2855,165870.0402,683.075429,2,870.1065519,502.648149,1675493.83,0,"{""601288.SH"": 12182.588, ""601398.SH"": 11500.0}",-0.01495207987,-0.08105225767,-0.01483017033
2025-09-22,60d momentum Top2,162318.0715,163690.8262,683.075429,2,870.1065519,502.648149,1675493.83,0,"{""601288.SH"": 12182.588, ""601398.SH"": 11500.0}",-0.0132477206,-0.0932262206,-0.01313808132
2025-09-23,60d momentum Top2,166797.2855,168170.0402,683.075429,2,870.1065519,502.648149,1675493.83,0,"{""601288.SH"": 12182.588, ""601398.SH"": 11500.0}",0.02759528891,-0.06820353618,0.0273638675
2025-09-24,60d momentum Top2,166627.6785,168000.4332,683.075429,2,870.1065519,502.648149,1675493.83,0,"{""601288.SH"": 12182.588, ""601398.SH"": 11500.0}",-0.001016845318,-0.06915102905,-0.001008544914
2025-09-25,60d momentum Top2,166079.982,167452.7367,683.075429,2,870.1065519,502.648149,1675493.83,0,"{""601288.SH"": 12182.588, ""601398.SH"": 11500.0}",-0.003286947796,-0.07221068103,-0.003260089693
2025-09-26,60d momentum Top2,166546.8079,167919.5626,683.075429,2,870.1065519,502.648149,1675493.83,0,"{""601288.SH"": 12182.588, ""601398.SH"": 11500.0}",0.002810849774,-0.06960280463,0.002787806811
2025-09-29,60d momentum Top2,165626.8079,166999.5626,683.075429,2,870.1065519,502.648149,1675493.83,0,"{""601288.SH"": 12182.588, ""601398.SH"": 11500.0}",-0.00552397258,-0.07474229323,-0.0054788137
2025-09-30,60d momentum Top2,165890.9373,167263.692,683.075429,2,870.1065519,502.648149,1675493.83,0,"{""601288.SH"": 12182.588, ""601398.SH"": 11500.0}",0.001594726135,-0.07326676058,0.001581617312
2025-10-09,60d momentum Top2,166371.4149,167744.1696,683.075429,2,870.1065519,502.648149,1675493.83,0,"{""601288.SH"": 12182.588, ""601398.SH"": 11500.0}",0.002896346524,-0.07058261998,0.002872575834
2025-10-10,60d momentum Top2,167968.1456,169351.9061,61.06964649,2,880.4916344,503.268849,1677562.83,0,"{""601288.SH"": 12382.588, ""601398.SH"": 11400.0}",0.009597385802,-0.06166264281,0.009584454957
2025-10-13,60d momentum Top2,168502.7526,169886.5131,61.06964649,2,880.4916344,503.268849,1677562.83,0,"{""601288.SH"": 12382.588, ""601398.SH"": 11400.0}",0.003182788242,-0.05867611371,0.003156781941
2025-10-14,60d momentum Top2,173848.922,175232.6825,61.06964649,2,880.4916344,503.268849,1677562.83,0,"{""601288.SH"": 12382.588, ""601398.SH"": 11400.0}",0.03172748975,-0.02881026975,0.03146906284
2025-10-15,60d momentum Top2,175126.4843,176510.2448,61.06964649,2,880.4916344,503.268849,1677562.83,0,"{""601288.SH"": 12382.588, ""601398.SH"": 11400.0}",0.007348692781,-0.02167329479,0.007290662335
2025-10-16,60d momentum Top2,179788.6537,181172.4141,61.06964649,2,880.4916344,503.268849,1677562.83,0,"{""601288.SH"": 12382.588, ""601398.SH"": 11400.0}",0.02662172644,0,0.02641302414
2025-10-17,60d momentum Top2,181284.3901,182668.1506,61.06964649,2,880.4916344,503.268849,1677562.83,0,"{""601288.SH"": 12382.588, ""601398.SH"": 11400.0}",0.008319415089,0,0.008255872977
2025-10-20,60d momentum Top2,182780.1265,184163.887,61.06964649,2,880.4916344,503.268849,1677562.83,0,"{""601288.SH"": 12382.588, ""601398.SH"": 11400.0}",0.00825077348,0,0.008188271646
2025-10-21,60d momentum Top2,184731.863,186115.6235,61.06964649,2,880.4916344,503.268849,1677562.83,0,"{""601288.SH"": 12382.588, ""601398.SH"": 11400.0}",0.01067805606,0,0.01059782387
2025-10-22,60d momentum Top2,188700.2064,190083.9669,61.06964649,2,880.4916344,503.268849,1677562.83,0,"{""601288.SH"": 12382.588, ""601398.SH"": 11400.0}",0.02148164054,0,0.0213219256
2025-10-23,60d momentum Top2,188373.9476,189757.7081,61.06964649,2,880.4916344,503.268849,1677562.83,0,"{""601288.SH"": 12382.588, ""601398.SH"": 11400.0}",-0.001728979553,-0.001728979553,-0.001716393043
2025-10-24,60d momentum Top2,188373.9476,189757.7081,61.06964649,2,880.4916344,503.268849,1677562.83,0,"{""601288.SH"": 12382.588, ""601398.SH"": 11400.0}",0,-0.001728979553,0
2025-10-27,60d momentum Top2,191524.6394,192908.3998,61.06964649,2,880.4916344,503.268849,1677562.83,0,"{""601288.SH"": 12382.588, ""601398.SH"": 11400.0}",0.01672572963,0,0.01660376144
2025-10-28,60d momentum Top2,194046.3758,195430.1363,61.06964649,2,880.4916344,503.268849,1677562.83,0,"{""601288.SH"": 12382.588, ""601398.SH"": 11400.0}",0.0131666424,0,0.01307219613
2025-10-29,60d momentum Top2,190241.1617,191624.9222,61.06964649,2,880.4916344,503.268849,1677562.83,0,"{""601288.SH"": 12382.588, ""601398.SH"": 11400.0}",-0.01960981782,-0.01960981782,-0.01947096876
2025-10-30,60d momentum Top2,189240.7288,190624.4893,61.06964649,2,880.4916344,503.268849,1677562.83,0,"{""601288.SH"": 12382.588, ""601398.SH"": 11400.0}",-0.005258761614,-0.02476545607,-0.005220787083
2025-10-31,60d momentum Top2,187318.47,188702.2305,61.06964649,2,880.4916344,503.268849,1677562.83,0,"{""601288.SH"": 12382.588, ""601398.SH"": 11400.0}",-0.01015774358,-0.0346716385,-0.0100840076
2025-11-03,60d momentum Top2,189305.5994,190689.3599,61.06964649,2,880.4916344,503.268849,1677562.83,0,"{""601288.SH"": 12382.588, ""601398.SH"": 11400.0}",0.01060829399,-0.02443115145,0.01053050297
2025-11-04,60d momentum Top2,193696.6953,195094.9222,106.6032474,2,892.5730335,505.653849,1685512.83,0,"{""601288.SH"": 11882.588, ""601398.SH"": 11900.0}",0.02319580579,-0.001802045904,0.0231033463
2025-11-05,60d momentum Top2,194172.173,195570.3998,106.6032474,2,892.5730335,505.653849,1685512.83,0,"{""601288.SH"": 11882.588, ""601398.SH"": 11900.0}",0.002454753494,0,0.002437160507
2025-11-06,60d momentum Top2,193339.5212,194737.7481,106.6032474,2,892.5730335,505.653849,1685512.83,0,"{""601288.SH"": 11882.588, ""601398.SH"": 11900.0}",-0.004288213635,-0.004288213635,-0.004257555133
2025-11-07,60d momentum Top2,191912.9142,193311.141,106.6032474,2,892.5730335,505.653849,1685512.83,0,"{""601288.SH"": 11882.588, ""601398.SH"": 11900.0}",-0.007378765758,-0.01163533767,-0.007325785847
2025-11-10,60d momentum Top2,193221.2177,194619.4446,106.6032474,2,892.5730335,505.653849,1685512.83,0,"{""601288.SH"": 11882.588, ""601398.SH"": 11900.0}",0.006817172909,-0.004897484869,0.006767864037
2025-11-11,60d momentum Top2,195836.0835,197234.3104,106.6032474,2,892.5730335,505.653849,1685512.83,0,"{""601288.SH"": 11882.588, ""601398.SH"": 11900.0}",0.01353301604,0,0.01343578923
2025-11-12,60d momentum Top2,199639.034,201037.2609,106.6032474,2,892.5730335,505.653849,1685512.83,0,"{""601288.SH"": 11882.588, ""601398.SH"": 11900.0}",0.01941904907,0,0.0192813842
2025-11-13,60d momentum Top2,199520.5564,200918.7833,106.6032474,2,892.5730335,505.653849,1685512.83,0,"{""601288.SH"": 11882.588, ""601398.SH"": 11900.0}",-0.0005934592908,-0.0005934592908,-0.0005893317438
2025-11-14,60d momentum Top2,199283.6011,200681.828,106.6032474,2,892.5730335,505.653849,1685512.83,0,"{""601288.SH"": 11882.588, ""601398.SH"": 11900.0}",-0.001187623388,-0.001780377872,-0.001179358521
2025-11-17,60d momentum Top2,196192.7353,197590.9622,106.6032474,2,892.5730335,505.653849,1685512.83,0,"{""601288.SH"": 11882.588, ""601398.SH"": 11900.0}",-0.01550988551,-0.01726264992,-0.01540182222
2025-11-18,60d momentum Top2,195004.9988,196403.2257,106.6032474,2,892.5730335,505.653849,1685512.83,0,"{""601288.SH"": 11882.588, ""601398.SH"": 11900.0}",-0.006053926698,-0.02321206981,-0.006011086869
2025-11-19,60d momentum Top2,195718.4765,197116.7034,106.6032474,2,892.5730335,505.653849,1685512.83,0,"{""601288.SH"": 11882.588, ""601398.SH"": 11900.0}",0.003658765897,-0.01963823144,0.003632718541
2025-11-20,60d momentum Top2,195481.5212,196879.7481,106.6032474,2,892.5730335,505.653849,1685512.83,0,"{""601288.SH"": 11882.588, ""601398.SH"": 11900.0}",-0.00121069448,-0.02082515002,-0.001202106544
2025-11-21,60d momentum Top2,193936.4365,195334.6634,106.6032474,2,892.5730335,505.653849,1685512.83,0,"{""601288.SH"": 11882.588, ""601398.SH"": 11900.0}",-0.007903993528,-0.0285645417,-0.007847859891
2025-11-24,60d momentum Top2,192984.9589,194383.1858,106.6032474,2,892.5730335,505.653849,1685512.83,0,"{""601288.SH"": 11882.588, ""601398.SH"": 11900.0}",-0.004906131393,-0.03333053169,-0.004871012768
2025-11-25,60d momentum Top2,194888.0883,196286.3152,106.6032474,2,892.5730335,505.653849,1685512.83,0,"{""601288.SH"": 11882.588, ""601398.SH"": 11900.0}",0.009861542631,-0.02379767952,0.009790607103
2025-11-26,60d momentum Top2,191558.3518,192956.5787,106.6032474,2,892.5730335,505.653849,1685512.83,0,"{""601288.SH"": 11882.588, ""601398.SH"": 11900.0}",-0.01708537688,-0.04047646408,-0.01696367083
2025-11-27,60d momentum Top2,193459.5659,194857.7928,106.6032474,2,892.5730335,505.653849,1685512.83,0,"{""601288.SH"": 11882.588, ""601398.SH"": 11900.0}",0.009924986612,-0.03095320583,0.009853066893
2025-11-28,60d momentum Top2,192151.6106,193549.8375,106.6032474,2,892.5730335,505.653849,1685512.83,0,"{""601288.SH"": 11882.588, ""601398.SH"": 11900.0}",-0.006760871569,-0.03750480675,-0.006712358075
2025-12-01,60d momentum Top2,191319.4812,192717.7081,106.6032474,2,892.5730335,505.653849,1685512.83,0,"{""601288.SH"": 11882.588, ""601398.SH"": 11900.0}",-0.004330587688,-0.04167297659,-0.004299303011
2025-12-02,60d momentum Top2,191363.3116,192922.1858,120.9559915,2,995.5101894,563.363949,1877879.83,0,"{""601288.SH"": 11982.588, ""601988.SH"": 15700.0}",0.000229095246,-0.04145342842,0.00106102154
2025-12-03,60d momentum Top2,189000.0081,190558.8823,120.9559915,2,995.5101894,563.363949,1877879.83,0,"{""601288.SH"": 11982.588, ""601988.SH"": 15700.0}",-0.01234982557,-0.05329131138,-0.01225003496
2025-12-04,60d momentum Top2,187099.4011,188658.2752,120.9559915,2,995.5101894,563.363949,1877879.83,0,"{""601288.SH"": 11982.588, ""601988.SH"": 15700.0}",-0.01005612147,-0.06281152895,-0.009973856985
2025-12-05,60d momentum Top2,185041.794,186600.6682,120.9559915,2,995.5101894,563.363949,1877879.83,0,"{""601288.SH"": 11982.588, ""601988.SH"": 15700.0}",-0.01099740046,-0.07311816587,-0.01090652947
2025-12-08,60d momentum Top2,185595.4458,187154.3199,120.9559915,2,995.5101894,563.363949,1877879.83,0,"{""601288.SH"": 11982.588, ""601988.SH"": 15700.0}",0.002992036273,-0.0703449018,0.002967040607
2025-12-09,60d momentum Top2,188148.9634,189707.8375,120.9559915,2,995.5101894,563.363949,1877879.83,-2.910383046e-11,"{""601288.SH"": 11982.588, ""601988.SH"": 15700.0}",0.01375851431,-0.05755422883,0.01364391481
2025-12-10,60d momentum Top2,184099.794,185658.6682,120.9559915,2,995.5101894,563.363949,1877879.83,0,"{""601288.SH"": 11982.588, ""601988.SH"": 15700.0}",-0.02152108246,-0.07783668199,-0.02134423864
2025-12-11,60d momentum Top2,186537.1216,188095.9957,120.9559915,2,995.5101894,563.363949,1877879.83,-2.910383046e-11,"{""601288.SH"": 11982.588, ""601988.SH"": 16005.997}",0.01323916504,-0.06562800963,0.01312800302
2025-12-12,60d momentum Top2,182100.0585,183658.9326,120.9559915,2,995.5101894,563.363949,1877879.83,0,"{""601288.SH"": 11982.588, ""601988.SH"": 16005.997}",-0.0237864886,-0.08785343833,-0.02358935447
2025-12-15,60d momentum Top2,181082.8437,182641.7178,120.9559915,2,995.5101894,563.363949,1877879.83,0,"{""601288.SH"": 12171.9953, ""601988.SH"": 16005.997}",-0.005586021341,-0.09294870849,-0.005538607888
2025-12-16,60d momentum Top2,179302.0843,180860.9584,120.9559915,2,995.5101894,563.363949,1877879.83,-2.910383046e-11,"{""601288.SH"": 12171.9953, ""601988.SH"": 16005.997}",-0.009833948568,-0.1018686042,-0.009750014359
2025-12-17,60d momentum Top2,180595.9639,182154.838,120.9559915,2,995.5101894,563.363949,1877879.83,-2.910383046e-11,"{""601288.SH"": 12171.9953, ""601988.SH"": 16005.997}",0.00721619922,-0.09538750916,0.007154001461
2025-12-18,60d momentum Top2,183862.3029,185421.177,120.9559915,2,995.5101894,563.363949,1877879.83,0,"{""601288.SH"": 12171.9953, ""601988.SH"": 16005.997}",0.01808644529,-0.07902628484,0.01793166218
2025-12-19,60d momentum Top2,182613.4632,184172.3374,120.9559915,2,995.5101894,563.363949,1877879.83,0,"{""601288.SH"": 12171.9953, ""601988.SH"": 16005.997}",-0.006792254984,-0.08528177314,-0.006735151093
2025-12-22,60d momentum Top2,183260.403,184819.2771,120.9559915,2,995.5101894,563.363949,1877879.83,0,"{""601288.SH"": 12171.9953, ""601988.SH"": 16005.997}",0.003542672971,-0.08204122561,0.003512687028
2025-12-23,60d momentum Top2,184592.6226,186151.4967,120.9559915,2,995.5101894,563.363949,1877879.83,0,"{""601288.SH"": 12171.9953, ""601988.SH"": 16005.997}",0.007269544082,-0.07536808383,0.007208228485
2025-12-24,60d momentum Top2,183869.0028,185427.8769,120.9559915,2,995.5101894,563.363949,1877879.83,0,"{""601288.SH"": 12171.9953, ""601988.SH"": 16005.997}",-0.003920090657,-0.07899272477,-0.003887262944
2025-12-25,60d momentum Top2,182818.5631,184377.4373,120.9559915,2,995.5101894,563.363949,1877879.83,0,"{""601288.SH"": 12171.9953, ""601988.SH"": 16005.997}",-0.005712978478,-0.08425441951,-0.005664950023
2025-12-26,60d momentum Top2,181326.2836,182885.1577,120.9559915,2,995.5101894,563.363949,1877879.83,-2.910383046e-11,"{""601288.SH"": 12171.9953, ""601988.SH"": 16005.997}",-0.008162625954,-0.09172930815,-0.008093612594
2025-12-29,60d momentum Top2,184029.0627,185587.9369,120.9559915,2,995.5101894,563.363949,1877879.83,-2.910383046e-11,"{""601288.SH"": 12171.9953, ""601988.SH"": 16005.997}",0.0149056117,-0.0781909779,0.01477855944
2025-12-30,60d momentum Top2,183503.8429,185062.7171,120.9559915,2,995.5101894,563.363949,1877879.83,0,"{""601288.SH"": 12171.9953, ""601988.SH"": 16005.997}",-0.002854004797,-0.08082182527,-0.002830032149
2025-12-31,60d momentum Top2,185316.2424,186875.1165,120.9559915,2,995.5101894,563.363949,1877879.83,0,"{""601288.SH"": 12171.9953, ""601988.SH"": 16005.997}",0.009876629609,-0.07174344289,0.009793433908
2026-01-05,60d momentum Top2,183016.9631,184575.8372,120.9559915,2,995.5101894,563.363949,1877879.83,0,"{""601288.SH"": 12171.9953, ""601988.SH"": 16005.997}",-0.01240732744,-0.08326062594,-0.01230382804
2026-01-06,60d momentum Top2,181614.7634,183173.6375,120.9559915,2,995.5101894,563.363949,1877879.83,0,"{""601288.SH"": 12171.9953, ""601988.SH"": 16005.997}",-0.007661583325,-0.09028430104,-0.007596875808
2026-01-07,60d momentum Top2,180282.5438,181841.4179,120.9559915,2,995.5101894,563.363949,1877879.83,-2.910383046e-11,"{""601288.SH"": 12171.9953, ""601988.SH"": 16005.997}",-0.007335414552,-0.09695744282,-0.007272987512
2026-01-08,60d momentum Top2,179033.7042,180592.5783,120.9559915,2,995.5101894,563.363949,1877879.83,0,"{""601288.SH"": 12171.9953, ""601988.SH"": 16005.997}",-0.006927124594,-0.1032129311,-0.006867740348
2026-01-09,60d momentum Top2,178188.3644,179747.2385,120.9559915,2,995.5101894,563.363949,1877879.83,0,"{""601288.SH"": 12171.9953, ""601988.SH"": 16005.997}",-0.004721679483,-0.1074472722,-0.004680921972
2026-01-12,60d momentum Top2,180167.5238,181726.3979,120.9559915,2,995.5101894,563.363949,1877879.83,0,"{""601288.SH"": 12171.9953, ""601988.SH"": 16005.997}",0.01110711895,-0.09753358292,0.01101079146
2026-01-13,60d momentum Top2,181583.1233,183141.9974,120.9559915,2,995.5101894,563.363949,1877879.83,-2.910383046e-11,"{""601288.SH"": 12171.9953, ""601988.SH"": 16005.997}",0.007857129209,-0.09044278767,0.007789729669
2026-01-14,60d momentum Top2,178720.2841,180279.1583,120.9559915,2,995.5101894,563.363949,1877879.83,0,"{""601288.SH"": 12171.9953, ""601988.SH"": 16005.997}",-0.01576599792,-0.1047828648,-0.01563180038
2026-01-15,60d momentum Top2,176254.245,177813.1191,120.9559915,2,995.5101894,563.363949,1877879.83,0,"{""601288.SH"": 12171.9953, ""601988.SH"": 16005.997}",-0.01379831719,-0.1171353548,-0.01367900312
2026-01-16,60d momentum Top2,174313.4256,175872.2998,120.9559915,2,995.5101894,563.363949,1877879.83,0,"{""601288.SH"": 12171.9953, ""601988.SH"": 16005.997}",-0.01101147573,-0.1268569974,-0.01091493896
2026-01-19,60d momentum Top2,172334.2663,173893.1404,120.9559915,2,995.5101894,563.363949,1877879.83,0,"{""601288.SH"": 12171.9953, ""601988.SH"": 16005.997}",-0.0113540271,-0.1367706867,-0.01125338874
2026-01-20,60d momentum Top2,174466.7857,176025.6598,120.9559915,2,995.5101894,563.363949,1877879.83,0,"{""601288.SH"": 12171.9953, ""601988.SH"": 16005.997}",0.01237432041,-0.1260888106,0.01226339017
2026-01-21,60d momentum Top2,170150.007,171708.8812,120.9559915,2,995.5101894,563.363949,1877879.83,0,"{""601288.SH"": 12171.9953, ""601988.SH"": 16005.997}",-0.0247426962,-0.1477117297,-0.02452357616
2026-01-22,60d momentum Top2,167844.0278,169402.902,120.9559915,2,995.5101894,563.363949,1877879.83,0,"{""601288.SH"": 12171.9953, ""601988.SH"": 16005.997}",-0.01355262477,-0.1592624728,-0.01342958607
2026-01-23,60d momentum Top2,166633.5282,168192.4023,120.9559915,2,995.5101894,563.363949,1877879.83,0,"{""601288.SH"": 12171.9953, ""601988.SH"": 16005.997}",-0.007212050624,-0.1653259144,-0.007145684115
2026-01-26,60d momentum Top2,168369.2476,169928.1218,120.9559915,2,995.5101894,563.363949,1877879.83,0,"{""601288.SH"": 12171.9953, ""601988.SH"": 16005.997}",0.01041638782,-0.1566316254,0.01031984459
2026-01-27,60d momentum Top2,169297.9673,170856.8415,120.9559915,2,995.5101894,563.363949,1877879.83,0,"{""601288.SH"": 12171.9953, ""601988.SH"": 16005.997}",0.005515969905,-0.1519796308,0.005465367905
2026-01-28,60d momentum Top2,168362.5477,169921.4219,120.9559915,2,995.5101894,563.363949,1877879.83,0,"{""601288.SH"": 12171.9953, ""601988.SH"": 16005.997}",-0.005525285495,-0.1566651855,-0.005474873556
2026-01-29,60d momentum Top2,168599.2877,170158.1619,120.9559915,2,995.5101894,563.363949,1877879.83,0,"{""601288.SH"": 12171.9953, ""601988.SH"": 16005.997}",0.001406132231,-0.1554793452,0.00139323225
2026-01-30,60d momentum Top2,167868.968,169427.8422,120.9559915,2,995.5101894,563.363949,1877879.83,0,"{""601288.SH"": 12171.9953, ""601988.SH"": 16005.997}",-0.00433168921,-0.1591375462,-0.0042920052
2026-02-02,60d momentum Top2,169399.5876,170958.4617,120.9559915,2,995.5101894,563.363949,1877879.83,0,"{""601288.SH"": 12171.9953, ""601988.SH"": 16005.997}",0.009117942307,-0.1514706109,0.009034049812
2026-02-03,60d momentum Top2,165454.4882,167153.4623,351.8240396,2,1085.45285,613.5212394,2045070.798,0,"{""601939.SH"": 9500.0, ""601988.SH"": 15705.997}",-0.02328871897,-0.1712317734,-0.0222568652
2026-02-04,60d momentum Top2,167218.908,168917.8821,351.8240396,2,1085.45285,613.5212394,2045070.798,0,"{""601939.SH"": 9500.0, ""601988.SH"": 15705.997}",0.01066407934,-0.1623937232,0.01055568796
2026-02-05,60d momentum Top2,169049.2078,170748.1819,351.8240396,2,1085.45285,613.5212394,2045070.798,0,"{""601939.SH"": 9500.0, ""601988.SH"": 15705.997}",0.01094553165,-0.1532256772,0.01083544162
2026-02-06,60d momentum Top2,168358.908,170057.8821,351.8240396,2,1085.45285,613.5212394,2045070.798,0,"{""601939.SH"": 9500.0, ""601988.SH"": 15705.997}",-0.004083425524,-0.1566834171,-0.00404279473
2026-02-09,60d momentum Top2,169020.0879,170719.062,351.8240396,2,1085.45285,613.5212394,2045070.798,0,"{""601939.SH"": 9500.0, ""601988.SH"": 15705.997}",0.003927204791,-0.1533715402,0.003887969801
2026-02-10,60d momentum Top2,170536.2678,172235.2419,351.8240396,2,1085.45285,613.5212394,2045070.798,0,"{""601939.SH"": 9500.0, ""601988.SH"": 15705.997}",0.008970412504,-0.1457769337,0.008881140116
2026-02-11,60d momentum Top2,170441.2678,172140.2419,351.8240396,2,1085.45285,613.5212394,2045070.798,0,"{""601939.SH"": 9500.0, ""601988.SH"": 15705.997}",-0.0005570662547,-0.1462527925,-0.0005515712055
2026-02-12,60d momentum Top2,167916.848,169615.8221,351.8240396,2,1085.45285,613.5212394,2045070.798,0,"{""601939.SH"": 9500.0, ""601988.SH"": 15705.997}",-0.01481108315,-0.1588977134,-0.01466490207
2026-02-13,60d momentum Top2,166400.6681,168099.6422,351.8240396,2,1085.45285,613.5212394,2045070.798,0,"{""601939.SH"": 9500.0, ""601988.SH"": 15705.997}",-0.009029349513,-0.1664923199,-0.008938906118
2026-02-24,60d momentum Top2,165896.5482,167595.5223,351.8240396,2,1085.45285,613.5212394,2045070.798,0,"{""601939.SH"": 9500.0, ""601988.SH"": 15705.997}",-0.003029554783,-0.1690174771,-0.002998935235
2026-02-25,60d momentum Top2,165611.5482,167310.5223,351.8240396,2,1085.45285,613.5212394,2045070.798,0,"{""601939.SH"": 9500.0, ""601988.SH"": 15705.997}",-0.001717938095,-0.1704450536,-0.001700522759
2026-02-26,60d momentum Top2,165012.4282,166711.4023,351.8240396,2,1085.45285,613.5212394,2045070.798,0,"{""601939.SH"": 9500.0, ""601988.SH"": 15705.997}",-0.003617621758,-0.1734460696,-0.003580886198
2026-02-27,60d momentum Top2,164884.4882,166583.4623,351.8240396,2,1085.45285,613.5212394,2045070.798,0,"{""601939.SH"": 9500.0, ""601988.SH"": 15705.997}",-0.0007753357208,-0.1740869264,-0.0007674341899
2026-03-02,60d momentum Top2,166495.6681,168194.6422,351.8240396,2,1085.45285,613.5212394,2045070.798,0,"{""601939.SH"": 9500.0, ""601988.SH"": 15705.997}",0.009771567523,-0.1660164611,0.00967190793
2026-03-03,60d momentum Top2,170028.3278,171727.3019,351.8240396,2,1085.45285,613.5212394,2045070.798,0,"{""601939.SH"": 9500.0, ""601988.SH"": 15705.997}",0.02121772722,-0.1483212258,0.02100340191
2026-03-04,60d momentum Top2,168928.908,170627.8821,351.8240396,2,1085.45285,613.5212394,2045070.798,0,"{""601939.SH"": 9500.0, ""601988.SH"": 15705.997}",-0.006466097764,-0.153828264,-0.006402125801
2026-03-05,60d momentum Top2,169937.1479,171636.122,351.8240396,2,1085.45285,613.5212394,2045070.798,0,"{""601939.SH"": 9500.0, ""601988.SH"": 15705.997}",0.005968427145,-0.1487779497,0.005908998387
2026-03-06,60d momentum Top2,170222.1479,171921.122,351.8240396,2,1085.45285,613.5212394,2045070.798,0,"{""601939.SH"": 9500.0, ""601988.SH"": 15705.997}",0.001677090639,-0.1473503732,0.001660489626
2026-03-09,60d momentum Top2,170605.968,172304.9421,351.8240396,2,1085.45285,613.5212394,2045070.798,0,"{""601939.SH"": 9500.0, ""601988.SH"": 15705.997}",0.002254818746,-0.1454278028,0.002232535977
2026-03-10,60d momentum Top2,168994.7881,170693.7621,351.8240396,2,1085.45285,613.5212394,2045070.798,0,"{""601939.SH"": 9500.0, ""601988.SH"": 15705.997}",-0.009443866057,-0.1534982682,-0.009350746942
2026-03-11,60d momentum Top2,170510.968,172209.9421,351.8240396,2,1085.45285,613.5212394,2045070.798,0,"{""601939.SH"": 9500.0, ""601988.SH"": 15705.997}",0.008971755446,-0.1459036616,0.008882456459
2026-03-12,60d momentum Top2,171143.0279,172842.002,351.8240396,2,1085.45285,613.5212394,2045070.798,0,"{""601939.SH"": 9500.0, ""601988.SH"": 15705.997}",0.003706858143,-0.1427376477,0.003670287339
2026-03-13,60d momentum Top2,171932.1479,173631.122,351.8240396,2,1085.45285,613.5212394,2045070.798,0,"{""601939.SH"": 9500.0, ""601988.SH"": 15705.997}",0.004610879856,-0.138784914,0.004565556582
2026-03-16,60d momentum Top2,172374.2078,174073.1819,351.8240396,2,1085.45285,613.5212394,2045070.798,0,"{""601939.SH"": 9500.0, ""601988.SH"": 15705.997}",0.002571130388,-0.1365706177,0.002545971972
2026-03-17,60d momentum Top2,174704.8075,176403.7816,351.8240396,2,1085.45285,613.5212394,2045070.798,0,"{""601939.SH"": 9500.0, ""601988.SH"": 15705.997}",0.01352058251,-0.1248965495,0.01338862009
2026-03-18,60d momentum Top2,174419.8075,176118.7816,351.8240396,2,1085.45285,613.5212394,2045070.798,0,"{""601939.SH"": 9500.0, ""601988.SH"": 15705.997}",-0.001631323167,-0.126324126,-0.001615611623
2026-03-19,60d momentum Top2,175935.9875,177634.9615,351.8240396,2,1085.45285,613.5212394,2045070.798,0,"{""601939.SH"": 9500.0, ""601988.SH"": 15705.997}",0.008692704867,-0.1187295195,0.008608848505
2026-03-20,60d momentum Top2,176001.8675,177700.8416,351.8240396,2,1085.45285,613.5212394,2045070.798,0,"{""601939.SH"": 9500.0, ""601988.SH"": 15705.997}",0.0003744547146,-0.1183995236,0.0003708732751
2026-03-23,60d momentum Top2,172027.1479,173726.122,351.8240396,2,1085.45285,613.5212394,2045070.798,0,"{""601939.SH"": 9500.0, ""601988.SH"": 15705.997}",-0.02258339469,-0.1383090551,-0.02236747786
2026-03-24,60d momentum Top2,174803.6276,176502.6017,351.8240396,2,1085.45285,613.5212394,2045070.798,0,"{""601939.SH"": 9500.0, ""601988.SH"": 15705.997}",0.01613977674,-0.1244015556,0.01598193598
2026-03-25,60d momentum Top2,176725.1074,178424.0815,351.8240396,2,1085.45285,613.5212394,2045070.798,0,"{""601939.SH"": 9500.0, ""601988.SH"": 15705.997}",0.01099221902,-0.1147767858,0.01088641041
2026-03-26,60d momentum Top2,177671.2873,179370.2614,351.8240396,2,1085.45285,613.5212394,2045070.798,0,"{""601939.SH"": 9500.0, ""601988.SH"": 15705.997}",0.005353964267,-0.1100373323,0.005302983219
2026-03-27,60d momentum Top2,177324.2273,179023.2014,351.8240396,2,1085.45285,613.5212394,2045070.798,0,"{""601939.SH"": 9500.0, ""601988.SH"": 15705.997}",-0.001953382425,-0.1117757697,-0.001934880215
2026-03-30,60d momentum Top2,179749.827,181448.8011,351.8240396,2,1085.45285,613.5212394,2045070.798,0,"{""601939.SH"": 9500.0, ""601988.SH"": 15705.997}",0.0136788962,-0.09962584269,0.01354908012
2026-03-31,60d momentum Top2,184221.0264,185920.0005,351.8240396,2,1085.45285,613.5212394,2045070.798,0,"{""601939.SH"": 9500.0, ""601988.SH"": 15705.997}",0.02487456858,-0.07722942397,0.02464165854
2026-04-01,60d momentum Top2,182321.0264,184020.0005,351.8240396,2,1085.45285,613.5212394,2045070.798,0,"{""601939.SH"": 9500.0, ""601988.SH"": 15705.997}",-0.01031369783,-0.08674660085,-0.0102194492
2026-04-02,60d momentum Top2,184642.9708,186347.4203,933.3486594,2,1090.752131,613.6973394,2045657.798,0,"{""601939.SH"": 9500.0, ""601988.SH"": 15605.997}",0.01273547245,-0.07511588734,0.01264764582
2026-04-03,60d momentum Top2,181060.2512,182764.7007,933.3486594,2,1090.752131,613.6973394,2045657.798,0,"{""601939.SH"": 9500.0, ""601988.SH"": 15605.997}",-0.01940349867,-0.093061875,-0.0192260222
2026-04-07,60d momentum Top2,178943.1313,180647.5807,933.3486594,2,1090.752131,613.6973394,2045657.798,0,"{""601939.SH"": 9500.0, ""601988.SH"": 15605.997}",-0.01169290292,-0.1036666144,-0.01158385581
2026-04-08,60d momentum Top2,178861.7714,180566.2209,933.3486594,2,1090.752131,613.6973394,2045657.798,0,"{""601939.SH"": 9500.0, ""601988.SH"": 15605.997}",-0.0004546685839,-0.1040741491,-0.0004503786863
2026-04-09,60d momentum Top2,177796.4716,179500.9211,933.3486594,2,1090.752131,613.6973394,2045657.798,0,"{""601939.SH"": 9500.0, ""601988.SH"": 15605.997}",-0.005955995188,-0.1094102791,-0.005899773749
2026-04-10,60d momentum Top2,176887.2317,178591.6812,933.3486594,2,1090.752131,613.6973394,2045657.798,0,"{""601939.SH"": 9500.0, ""601988.SH"": 15605.997}",-0.005113936581,-0.1139646985,-0.00506537724
2026-04-13,60d momentum Top2,178271.4716,179975.9211,933.3486594,2,1090.752131,613.6973394,2045657.798,0,"{""601939.SH"": 9500.0, ""601988.SH"": 15605.997}",0.007825550022,-0.1070309849,0.007750864267
2026-04-14,60d momentum Top2,179275.7115,180980.1609,933.3486594,2,1090.752131,613.6973394,2045657.798,0,"{""601939.SH"": 9500.0, ""601988.SH"": 15605.997}",0.005633205757,-0.1020007067,0.005579856873
2026-04-15,60d momentum Top2,181162.0713,182866.5208,933.3486594,2,1090.752131,613.6973394,2045657.798,0,"{""601939.SH"": 9500.0, ""601988.SH"": 15605.997}",0.01052211593,-0.09255185405,0.01042301991
2026-04-16,60d momentum Top2,181067.0713,182771.5208,933.3486594,2,1090.752131,613.6973394,2045657.798,0,"{""601939.SH"": 9500.0, ""601988.SH"": 15605.997}",-0.0005243923263,-0.09302771289,-0.000519504607
2026-04-17,60d momentum Top2,180374.9514,182079.4008,933.3486594,2,1090.752131,613.6973394,2045657.798,0,"{""601939.SH"": 9500.0, ""601988.SH"": 15605.997}",-0.003822450626,-0.09649456968,-0.003786804077
2026-04-20,60d momentum Top2,185443.731,187148.1804,933.3486594,2,1090.752131,613.6973394,2045657.798,0,"{""601939.SH"": 9500.0, ""601988.SH"": 15605.997}",0.02810134984,-0.0711048475,0.02783829245
2026-04-21,60d momentum Top2,187051.9109,188756.3603,933.3486594,2,1090.752131,613.6973394,2045657.798,0,"{""601939.SH"": 9500.0, ""601988.SH"": 15605.997}",0.008672064036,-0.06304940926,0.008593083333
2026-04-22,60d momentum Top2,185077.3711,186781.8206,933.3486594,2,1090.752131,613.6973394,2045657.798,0,"{""601939.SH"": 9500.0, ""601988.SH"": 15605.997}",-0.01055610563,-0.07293995866,-0.01046078514
2026-04-23,60d momentum Top2,184195.2512,185899.7007,933.3486594,2,1090.752131,613.6973394,2045657.798,0,"{""601939.SH"": 9500.0, ""601988.SH"": 15605.997}",-0.004766222551,-0.07735853314,-0.004722729102
2026-04-24,60d momentum Top2,184134.1912,185838.6407,933.3486594,2,1090.752131,613.6973394,2045657.798,0,"{""601939.SH"": 9500.0, ""601988.SH"": 15605.997}",-0.000331495897,-0.077664385,-0.0003284565268
2026-04-27,60d momentum Top2,182783.8914,184488.3409,933.3486594,2,1090.752131,613.6973394,2045657.798,0,"{""601939.SH"": 9500.0, ""601988.SH"": 15605.997}",-0.00733323801,-0.08442809159,-0.007265980019
2026-04-28,60d momentum Top2,184704.1912,186408.6407,933.3486594,2,1090.752131,613.6973394,2045657.798,0,"{""601939.SH"": 9500.0, ""601988.SH"": 15605.997}",0.01050584838,-0.07480923193,0.01040878703
2026-04-29,60d momentum Top2,184487.0713,186191.5208,933.3486594,2,1090.752131,613.6973394,2045657.798,0,"{""601939.SH"": 9500.0, ""601988.SH"": 15605.997}",-0.001175500884,-0.0758967945,-0.001164752552
2026-04-30,60d momentum Top2,185192.8314,186897.2809,933.3486594,2,1090.752131,613.6973394,2045657.798,0,"{""601939.SH"": 9500.0, ""601988.SH"": 15605.997}",0.003825526174,-0.0723616135,0.003790506233
2026-05-06,60d momentum Top2,183143.5915,184848.041,933.3486594,2,1090.752131,613.6973394,2045657.798,0,"{""601939.SH"": 9500.0, ""601988.SH"": 15605.997}",-0.01106543846,-0.08262633898,-0.01096452485
2026-05-07,60d momentum Top2,181963.151,183678.9211,184.0280235,2,1101.266367,614.5037394,2048345.798,0,"{""601939.SH"": 9400.0, ""601988.SH"": 15905.997}",-0.006445437518,-0.0885392136,-0.006324762403
2026-05-08,60d momentum Top2,181616.091,183331.8611,184.0280235,2,1101.266367,614.5037394,2048345.798,0,"{""601939.SH"": 9400.0, ""601988.SH"": 15905.997}",-0.00190730908,-0.09027765103,-0.001889492643
2026-05-11,60d momentum Top2,180770.091,182485.8611,184.0280235,2,1101.266367,614.5037394,2048345.798,0,"{""601939.SH"": 9400.0, ""601988.SH"": 15905.997}",-0.004658177562,-0.09451529926,-0.004614582511
2026-05-12,60d momentum Top2,182006.4508,183722.2209,184.0280235,2,1101.266367,614.5037394,2048345.798,0,"{""601939.SH"": 9400.0, ""601988.SH"": 15905.997}",0.006839404756,-0.08832232289,0.006775099247
2026-05-13,60d momentum Top2,181500.3309,183216.101,184.0280235,2,1101.266367,614.5037394,2048345.798,0,"{""601939.SH"": 9400.0, ""601988.SH"": 15905.997}",-0.002780780229,-0.09085749815,-0.0027548107
2026-05-14,60d momentum Top2,183358.5708,185074.3409,184.0280235,2,1101.266367,614.5037394,2048345.798,0,"{""601939.SH"": 9400.0, ""601988.SH"": 15905.997}",0.01023821759,-0.0815494994,0.0101423394
2026-05-15,60d momentum Top2,184587.7507,186303.5208,184.0280235,2,1101.266367,614.5037394,2048345.798,0,"{""601939.SH"": 9400.0, ""601988.SH"": 15905.997}",0.00670369487,-0.07539248749,0.006641546874
2026-05-18,60d momentum Top2,184023.7507,185739.5208,184.0280235,2,1101.266367,614.5037394,2048345.798,0,"{""601939.SH"": 9400.0, ""601988.SH"": 15905.997}",-0.003055457353,-0.07821758631,-0.00302731799
2026-05-19,60d momentum Top2,186257.9905,187973.7606,184.0280235,2,1101.266367,614.5037394,2048345.798,0,"{""601939.SH"": 9400.0, ""601988.SH"": 15905.997}",0.01214104088,-0.06702618835,0.01202888793
2026-05-20,60d momentum Top2,183438.2109,185153.981,184.0280235,2,1101.266367,614.5037394,2048345.798,0,"{""601939.SH"": 9400.0, ""601988.SH"": 15905.997}",-0.01513910679,-0.08115057852,-0.01500092141
2026-05-21,60d momentum Top2,186908.8106,188624.5807,184.0280235,2,1101.266367,614.5037394,2048345.798,0,"{""601939.SH"": 9400.0, ""601988.SH"": 15905.997}",0.01891972061,-0.06376620418,0.01874439686
2026-05-22,60d momentum Top2,188333.1705,190048.9406,184.0280235,2,1101.266367,614.5037394,2048345.798,0,"{""601939.SH"": 9400.0, ""601988.SH"": 15905.997}",0.007620613578,-0.0566315282,0.007551294823
2026-05-25,60d momentum Top2,189345.4103,191061.1804,184.0280235,2,1101.266367,614.5037394,2048345.798,0,"{""601939.SH"": 9400.0, ""601988.SH"": 15905.997}",0.005374729675,-0.05156117768,0.005326206382
2026-05-26,60d momentum Top2,191102.4703,192818.2404,184.0280235,2,1101.266367,614.5037394,2048345.798,0,"{""601939.SH"": 9400.0, ""601988.SH"": 15905.997}",0.009279654399,-0.04275999319,0.009196321126
2026-05-27,60d momentum Top2,189302.1105,191017.8806,184.0280235,2,1101.266367,614.5037394,2048345.798,0,"{""601939.SH"": 9400.0, ""601988.SH"": 15905.997}",-0.009420913383,-0.05177806838,-0.00933708251
2026-05-28,60d momentum Top2,187443.8706,189159.6407,184.0280235,2,1101.266367,614.5037394,2048345.798,0,"{""601939.SH"": 9400.0, ""601988.SH"": 15905.997}",-0.009816266049,-0.06108606714,-0.009728093906
2026-05-29,60d momentum Top2,187017.1705,188732.9406,184.0280235,2,1101.266367,614.5037394,2048345.798,0,"{""601939.SH"": 9400.0, ""601988.SH"": 15905.997}",-0.002276415593,-0.06322342546,-0.002255767395
2026-06-01,60d momentum Top2,189258.5902,190974.3603,184.0280235,2,1101.266367,614.5037394,2048345.798,0,"{""601939.SH"": 9400.0, ""601988.SH"": 15905.997}",0.01198510161,-0.05199606303,0.01187614512
2026-06-02,60d momentum Top2,190834.8301,192550.6002,184.0280235,2,1101.266367,614.5037394,2048345.798,0,"{""601939.SH"": 9400.0, ""601988.SH"": 15905.997}",0.008328498474,-0.04410061368,0.008253672782
2026-06-03,60d momentum Top2,189388.7102,191104.4803,184.0280235,2,1101.266367,614.5037394,2048345.798,0,"{""601939.SH"": 9400.0, ""601988.SH"": 15905.997}",-0.007577861647,-0.05134428698,-0.007510337222
2026-06-04,60d momentum Top2,188311.4103,190027.1804,184.0280235,2,1101.266367,614.5037394,2048345.798,0,"{""601939.SH"": 9400.0, ""601988.SH"": 15905.997}",-0.005688300264,-0.05674052552,-0.005637229689
2026-06-05,60d momentum Top2,192483.3099,194199.08,184.0280235,2,1101.266367,614.5037394,2048345.798,0,"{""601939.SH"": 9400.0, ""601988.SH"": 15905.997}",0.0221542579,-0.03584331186,0.02195422539
2026-06-08,60d momentum Top2,194948.8496,196664.6197,184.0280235,2,1101.266367,614.5037394,2048345.798,0,"{""601939.SH"": 9400.0, ""601988.SH"": 15905.997}",0.01280910917,-0.02349332358,0.01269593929
2026-06-09,60d momentum Top2,195071.7896,196787.5597,184.0280235,2,1101.266367,614.5037394,2048345.798,0,"{""601939.SH"": 9400.0, ""601988.SH"": 15905.997}",0.0006306271118,-0.022877512,0.000625125303
2026-06-10,60d momentum Top2,197725.3294,199441.0995,184.0280235,2,1101.266367,614.5037394,2048345.798,0,"{""601939.SH"": 9400.0, ""601988.SH"": 15905.997}",0.01360288812,-0.009585824111,0.01348428597
2026-06-11,60d momentum Top2,198441.2094,200156.9795,184.0280235,2,1101.266367,614.5037394,2048345.798,0,"{""601939.SH"": 9400.0, ""601988.SH"": 15905.997}",0.003620578417,-0.005999951922,0.003589430974
2026-06-12,60d momentum Top2,200812.7492,202528.5193,184.0280235,2,1101.266367,614.5037394,2048345.798,0,"{""601939.SH"": 9400.0, ""601988.SH"": 15905.997}",0.01195084296,0,0.01184839887
2026-06-15,60d momentum Top2,195353.7896,197069.5597,184.0280235,2,1101.266367,614.5037394,2048345.798,0,"{""601939.SH"": 9400.0, ""601988.SH"": 15905.997}",-0.0271843274,-0.0271843274,-0.0269540287
2026-06-16,60d momentum Top2,191854.2499,193570.02,184.0280235,2,1101.266367,614.5037394,2048345.798,0,"{""601939.SH"": 9400.0, ""601988.SH"": 15905.997}",-0.01791385638,-0.04461120764,-0.01775789084
2026-06-17,60d momentum Top2,189887.6502,191603.4203,184.0280235,2,1101.266367,614.5037394,2048345.798,0,"{""601939.SH"": 9400.0, ""601988.SH"": 15905.997}",-0.01025048807,-0.05440440906,-0.01015962957
2026-06-18,60d momentum Top2,185368.6907,187084.4608,184.0280235,2,1101.266367,614.5037394,2048345.798,0,"{""601939.SH"": 9400.0, ""601988.SH"": 15905.997}",-0.02379806962,-0.07690775877,-0.02358496269
2026-06-22,60d momentum Top2,188101.6502,189817.4203,184.0280235,2,1101.266367,614.5037394,2048345.798,0,"{""601939.SH"": 9400.0, ""601988.SH"": 15905.997}",0.01474337176,-0.06329826669,0.01460815884
2026-06-23,60d momentum Top2,192504.8496,194220.6197,184.0280235,2,1101.266367,614.5037394,2048345.798,0,"{""601939.SH"": 9400.0, ""601988.SH"": 15905.997}",0.02340861654,-0.041371375,0.02319702477
2026-06-24,60d momentum Top2,189186.13,190901.9001,184.0280235,2,1101.266367,614.5037394,2048345.798,0,"{""601939.SH"": 9400.0, ""601988.SH"": 15905.997}",-0.01723966771,-0.05789781395,-0.01708737025
2026-06-25,60d momentum Top2,184493.7507,186209.5208,184.0280235,2,1101.266367,614.5037394,2048345.798,0,"{""601939.SH"": 9400.0, ""601988.SH"": 15905.997}",-0.02480297742,-0.0812647532,-0.02458005556
2026-06-26,60d momentum Top2,183734.5708,185450.3409,184.0280235,2,1101.266367,614.5037394,2048345.798,0,"{""601939.SH"": 9400.0, ""601988.SH"": 15905.997}",-0.00411493564,-0.08504528961,-0.004077019837
2026-06-29,60d momentum Top2,184840.8106,186556.5807,184.0280235,2,1101.266367,614.5037394,2048345.798,0,"{""601939.SH"": 9400.0, ""601988.SH"": 15905.997}",0.006020858652,-0.07953647663,0.005965154202
2026-06-30,60d momentum Top2,181688.3309,183404.101,184.0280235,2,1101.266367,614.5037394,2048345.798,0,"{""601939.SH"": 9400.0, ""601988.SH"": 15905.997}",-0.01705510677,-0.0952350803,-0.01689825011
