trade_date,strategy,equity_net,equity_gross,cash,positions,fees_cumulative,slippage_cumulative,turnover_cumulative,accounting_residual,shares_json,daily_return_net,drawdown,gross_return_daily
2024-01-02,equal-weight hold,100000,100000,100000,0,0,0,0,0,{},0,0,0
2024-01-03,equal-weight hold,101058.2073,101114,328.20727,4,25.90793005,29.8848,99616,0,"{""601288.SH"": 6800.0, ""601398.SH"": 5200.0, ""601939.SH"": 3800.0, ""601988.SH"": 6200.0}",0.0105820727,0,0.01114
2024-01-04,equal-weight hold,102406.2073,102462,328.20727,4,25.90793005,29.8848,99616,0,"{""601288.SH"": 6800.0, ""601398.SH"": 5200.0, ""601939.SH"": 3800.0, ""601988.SH"": 6200.0}",0.01333884735,0,0.01333148723
2024-01-05,equal-weight hold,101830.2073,101886,328.20727,4,25.90793005,29.8848,99616,0,"{""601288.SH"": 6800.0, ""601398.SH"": 5200.0, ""601939.SH"": 3800.0, ""601988.SH"": 6200.0}",-0.005624659045,-0.005624659045,-0.005621596299
2024-01-08,equal-weight hold,101728.2073,101784,328.20727,4,25.90793005,29.8848,99616,0,"{""601288.SH"": 6800.0, ""601398.SH"": 5200.0, ""601939.SH"": 3800.0, ""601988.SH"": 6200.0}",-0.00100166741,-0.006620692418,-0.001001118898
2024-01-09,equal-weight hold,101728.2073,101784,328.20727,4,25.90793005,29.8848,99616,0,"{""601288.SH"": 6800.0, ""601398.SH"": 5200.0, ""601939.SH"": 3800.0, ""601988.SH"": 6200.0}",0,-0.006620692418,0
2024-01-10,equal-weight hold,100828.2073,100884,328.20727,4,25.90793005,29.8848,99616,0,"{""601288.SH"": 6800.0, ""601398.SH"": 5200.0, ""601939.SH"": 3800.0, ""601988.SH"": 6200.0}",-0.00884710371,-0.01540922218,-0.008842254185
2024-01-11,equal-weight hold,99380.20727,99436,328.20727,4,25.90793005,29.8848,99616,0,"{""601288.SH"": 6800.0, ""601398.SH"": 5200.0, ""601939.SH"": 3800.0, ""601988.SH"": 6200.0}",-0.01436106065,-0.02954899005,-0.01435311843
2024-01-12,equal-weight hold,100376.2073,100432,328.20727,4,25.90793005,29.8848,99616,0,"{""601288.SH"": 6800.0, ""601398.SH"": 5200.0, ""601939.SH"": 3800.0, ""601988.SH"": 6200.0}",0.01002211635,-0.01982301712,0.01001649302
2024-01-15,equal-weight hold,100942.2073,100998,328.20727,4,25.90793005,29.8848,99616,0,"{""601288.SH"": 6800.0, ""601398.SH"": 5200.0, ""601939.SH"": 3800.0, ""601988.SH"": 6200.0}",0.005638786475,-0.01429600841,0.005635653975
2024-01-16,equal-weight hold,101540.2073,101596,328.20727,4,25.90793005,29.8848,99616,0,"{""601288.SH"": 6800.0, ""601398.SH"": 5200.0, ""601939.SH"": 3800.0, ""601988.SH"": 6200.0}",0.005924181927,-0.008456518634,0.005920909325
2024-01-17,equal-weight hold,100532.2073,100588,328.20727,4,25.90793005,29.8848,99616,0,"{""601288.SH"": 6800.0, ""601398.SH"": 5200.0, ""601939.SH"": 3800.0, ""601988.SH"": 6200.0}",-0.009927102052,-0.01829967196,-0.009921650459
2024-01-18,equal-weight hold,100278.2073,100334,328.20727,4,25.90793005,29.8848,99616,0,"{""601288.SH"": 6800.0, ""601398.SH"": 5200.0, ""601939.SH"": 3800.0, ""601988.SH"": 6200.0}",-0.002526553499,-0.02077999036,-0.002525152106
2024-01-19,equal-weight hold,100018.2073,100074,328.20727,4,25.90793005,29.8848,99616,0,"{""601288.SH"": 6800.0, ""601398.SH"": 5200.0, ""601939.SH"": 3800.0, ""601988.SH"": 6200.0}",-0.002592786679,-0.02331889896,-0.002591344908
2024-01-22,equal-weight hold,100242.2073,100298,328.20727,4,25.90793005,29.8848,99616,0,"{""601288.SH"": 6800.0, ""601398.SH"": 5200.0, ""601939.SH"": 3800.0, ""601988.SH"": 6200.0}",0.002239592231,-0.02113153155,0.002238343626
2024-01-23,equal-weight hold,100194.2073,100250,328.20727,4,25.90793005,29.8848,99616,0,"{""601288.SH"": 6800.0, ""601398.SH"": 5200.0, ""601939.SH"": 3800.0, ""601988.SH"": 6200.0}",-0.0004788402142,-0.02160025314,-0.0004785738499
2024-01-24,equal-weight hold,102324.2073,102380,328.20727,4,25.90793005,29.8848,99616,0,"{""601288.SH"": 6800.0, ""601398.SH"": 5200.0, ""601939.SH"": 3800.0, ""601988.SH"": 6200.0}",0.02125871403,-0.0008007327113,0.02124688279
2024-01-25,equal-weight hold,103410.2073,103466,328.20727,4,25.90793005,29.8848,99616,0,"{""601288.SH"": 6800.0, ""601398.SH"": 5200.0, ""601939.SH"": 3800.0, ""601988.SH"": 6200.0}",0.01061332434,0,0.01060754054
2024-01-26,equal-weight hold,105572.2073,105628,328.20727,4,25.90793005,29.8848,99616,0,"{""601288.SH"": 6800.0, ""601398.SH"": 5200.0, ""601939.SH"": 3800.0, ""601988.SH"": 6200.0}",0.02090702704,0,0.02089575319
2024-01-29,equal-weight hold,106628.2073,106684,328.20727,4,25.90793005,29.8848,99616,0,"{""601288.SH"": 6800.0, ""601398.SH"": 5200.0, ""601939.SH"": 3800.0, ""601988.SH"": 6200.0}",0.01000263258,0,0.009997349188
2024-01-30,equal-weight hold,105740.2073,105796,328.20727,4,25.90793005,29.8848,99616,0,"{""601288.SH"": 6800.0, ""601398.SH"": 5200.0, ""601939.SH"": 3800.0, ""601988.SH"": 6200.0}",-0.008328002718,-0.008328002718,-0.008323647407
2024-01-31,equal-weight hold,106516.2073,106572,328.20727,4,25.90793005,29.8848,99616,0,"{""601288.SH"": 6800.0, ""601398.SH"": 5200.0, ""601939.SH"": 3800.0, ""601988.SH"": 6200.0}",0.007338741053,-0.001050378721,0.007334870884
2024-02-01,equal-weight hold,105974.2073,106030,328.20727,4,25.90793005,29.8848,99616,0,"{""601288.SH"": 6800.0, ""601398.SH"": 5200.0, ""601939.SH"": 3800.0, ""601988.SH"": 6200.0}",-0.005088427516,-0.006133461462,-0.005085763615
2024-02-02,equal-weight hold,107084.2073,107140,328.20727,4,25.90793005,29.8848,99616,0,"{""601288.SH"": 6800.0, ""601398.SH"": 5200.0, ""601939.SH"": 3800.0, ""601988.SH"": 6200.0}",0.01047424679,0,0.01046873526
2024-02-05,equal-weight hold,109414.2073,109470,328.20727,4,25.90793005,29.8848,99616,0,"{""601288.SH"": 6800.0, ""601398.SH"": 5200.0, ""601939.SH"": 3800.0, ""601988.SH"": 6200.0}",0.02175857729,0,0.02174724659
2024-02-06,equal-weight hold,110246.2073,110302,328.20727,4,25.90793005,29.8848,99616,0,"{""601288.SH"": 6800.0, ""601398.SH"": 5200.0, ""601939.SH"": 3800.0, ""601988.SH"": 6200.0}",0.007604131317,0,0.007600255778
2024-02-07,equal-weight hold,107974.2073,108030,328.20727,4,25.90793005,29.8848,99616,0,"{""601288.SH"": 6800.0, ""601398.SH"": 5200.0, ""601939.SH"": 3800.0, ""601988.SH"": 6200.0}",-0.0206084187,-0.0206084187,-0.0205979946
2024-02-08,equal-weight hold,106650.2073,106706,328.20727,4,25.90793005,29.8848,99616,0,"{""601288.SH"": 6800.0, ""601398.SH"": 5200.0, ""601939.SH"": 3800.0, ""601988.SH"": 6200.0}",-0.01226218773,-0.03261790214,-0.01225585486
2024-02-19,equal-weight hold,110190.2073,110246,328.20727,4,25.90793005,29.8848,99616,0,"{""601288.SH"": 6800.0, ""601398.SH"": 5200.0, ""601939.SH"": 3800.0, ""601988.SH"": 6200.0}",0.03319262185,-0.0005079539822,0.03317526662
2024-02-20,equal-weight hold,111472.2073,111528,328.20727,4,25.90793005,29.8848,99616,0,"{""601288.SH"": 6800.0, ""601398.SH"": 5200.0, ""601939.SH"": 3800.0, ""601988.SH"": 6200.0}",0.0116344277,0,0.01162853981
2024-02-21,equal-weight hold,112364.2073,112420,328.20727,4,25.90793005,29.8848,99616,0,"{""601288.SH"": 6800.0, ""601398.SH"": 5200.0, ""601939.SH"": 3800.0, ""601988.SH"": 6200.0}",0.008001994594,0,0.007997991536
2024-02-22,equal-weight hold,112514.2073,112570,328.20727,4,25.90793005,29.8848,99616,0,"{""601288.SH"": 6800.0, ""601398.SH"": 5200.0, ""601939.SH"": 3800.0, ""601988.SH"": 6200.0}",0.001334944674,0,0.001334282156
2024-02-23,equal-weight hold,113634.2073,113690,328.20727,4,25.90793005,29.8848,99616,0,"{""601288.SH"": 6800.0, ""601398.SH"": 5200.0, ""601939.SH"": 3800.0, ""601988.SH"": 6200.0}",0.009954298459,0,0.00994936484
2024-02-26,equal-weight hold,110244.2073,110300,328.20727,4,25.90793005,29.8848,99616,0,"{""601288.SH"": 6800.0, ""601398.SH"": 5200.0, ""601939.SH"": 3800.0, ""601988.SH"": 6200.0}",-0.0298325661,-0.0298325661,-0.02981792594
2024-02-27,equal-weight hold,110390.2073,110446,328.20727,4,25.90793005,29.8848,99616,0,"{""601288.SH"": 6800.0, ""601398.SH"": 5200.0, ""601939.SH"": 3800.0, ""601988.SH"": 6200.0}",0.001324332621,-0.02854774172,0.001323662738
2024-02-28,equal-weight hold,110394.2073,110450,328.20727,4,25.90793005,29.8848,99616,0,"{""601288.SH"": 6800.0, ""601398.SH"": 5200.0, ""601939.SH"": 3800.0, ""601988.SH"": 6200.0}",3.623509819e-05,-0.02851254105,3.621679373e-05
2024-02-29,equal-weight hold,110850.2073,110906,328.20727,4,25.90793005,29.8848,99616,0,"{""601288.SH"": 6800.0, ""601398.SH"": 5200.0, ""601939.SH"": 3800.0, ""601988.SH"": 6200.0}",0.004130651519,-0.02449966491,0.004128564962
2024-03-01,equal-weight hold,111418.2073,111474,328.20727,4,25.90793005,29.8848,99616,0,"{""601288.SH"": 6800.0, ""601398.SH"": 5200.0, ""601939.SH"": 3800.0, ""601988.SH"": 6200.0}",0.005124031916,-0.01950117005,0.005121454204
2024-03-04,equal-weight hold,111386.2073,111442,328.20727,4,25.90793005,29.8848,99616,0,"{""601288.SH"": 6800.0, ""601398.SH"": 5200.0, ""601939.SH"": 3800.0, ""601988.SH"": 6200.0}",-0.0002872062007,-0.0197827754,-0.000287062454
2024-03-05,equal-weight hold,113884.2073,113940,328.20727,4,25.90793005,29.8848,99616,0,"{""601288.SH"": 6800.0, ""601398.SH"": 5200.0, ""601939.SH"": 3800.0, ""601988.SH"": 6200.0}",0.02242647507,0,0.02241524739
2024-03-06,equal-weight hold,112154.2073,112210,328.20727,4,25.90793005,29.8848,99616,0,"{""601288.SH"": 6800.0, ""601398.SH"": 5200.0, ""601939.SH"": 3800.0, ""601988.SH"": 6200.0}",-0.01519086835,-0.01519086835,-0.01518342988
2024-03-07,equal-weight hold,112722.2073,112778,328.20727,4,25.90793005,29.8848,99616,0,"{""601288.SH"": 6800.0, ""601398.SH"": 5200.0, ""601939.SH"": 3800.0, ""601988.SH"": 6200.0}",0.005064455573,-0.01020334626,0.005061937439
2024-03-08,equal-weight hold,112620.2073,112676,328.20727,4,25.90793005,29.8848,99616,0,"{""601288.SH"": 6800.0, ""601398.SH"": 5200.0, ""601939.SH"": 3800.0, ""601988.SH"": 6200.0}",-0.0009048793709,-0.01109899283,-0.0009044317154
2024-03-11,equal-weight hold,111912.2073,111968,328.20727,4,25.90793005,29.8848,99616,0,"{""601288.SH"": 6800.0, ""601398.SH"": 5200.0, ""601939.SH"": 3800.0, ""601988.SH"": 6200.0}",-0.006286616027,-0.01731583375,-0.006283503142
2024-03-12,equal-weight hold,108844.2073,108900,328.20727,4,25.90793005,29.8848,99616,0,"{""601288.SH"": 6800.0, ""601398.SH"": 5200.0, ""601939.SH"": 3800.0, ""601988.SH"": 6200.0}",-0.02741434625,-0.04425547774,-0.02740068591
2024-03-13,equal-weight hold,108328.2073,108384,328.20727,4,25.90793005,29.8848,99616,0,"{""601288.SH"": 6800.0, ""601398.SH"": 5200.0, ""601939.SH"": 3800.0, ""601988.SH"": 6200.0}",-0.004740720824,-0.0487863957,-0.004738292011
2024-03-14,equal-weight hold,108766.2073,108822,328.20727,4,25.90793005,29.8848,99616,0,"{""601288.SH"": 6800.0, ""601398.SH"": 5200.0, ""601939.SH"": 3800.0, ""601988.SH"": 6200.0}",0.00404326824,-0.04494038395,0.004041186891
2024-03-15,equal-weight hold,108632.2073,108688,328.20727,4,25.90793005,29.8848,99616,0,"{""601288.SH"": 6800.0, ""601398.SH"": 5200.0, ""601939.SH"": 3800.0, ""601988.SH"": 6200.0}",-0.0012320003,-0.04611701768,-0.001231368657
2024-03-18,equal-weight hold,108082.2073,108138,328.20727,4,25.90793005,29.8848,99616,0,"{""601288.SH"": 6800.0, ""601398.SH"": 5200.0, ""601939.SH"": 3800.0, ""601988.SH"": 6200.0}",-0.005062955212,-0.0509464845,-0.005060356249
2024-03-19,equal-weight hold,107054.2073,107110,328.20727,4,25.90793005,29.8848,99616,0,"{""601288.SH"": 6800.0, ""601398.SH"": 5200.0, ""601939.SH"": 3800.0, ""601988.SH"": 6200.0}",-0.009511278738,-0.05997319702,-0.009506371488
2024-03-20,equal-weight hold,108034.2073,108090,328.20727,4,25.90793005,29.8848,99616,0,"{""601288.SH"": 6800.0, ""601398.SH"": 5200.0, ""601939.SH"": 3800.0, ""601988.SH"": 6200.0}",0.009154240875,-0.05136796524,0.009149472505
2024-03-21,equal-weight hold,108406.2073,108462,328.20727,4,25.90793005,29.8848,99616,0,"{""601288.SH"": 6800.0, ""601398.SH"": 5200.0, ""601939.SH"": 3800.0, ""601988.SH"": 6200.0}",0.003443353817,-0.0481014895,0.003441576464
2024-03-22,equal-weight hold,109338.2073,109394,328.20727,4,25.90793005,29.8848,99616,0,"{""601288.SH"": 6800.0, ""601398.SH"": 5200.0, ""601939.SH"": 3800.0, ""601988.SH"": 6200.0}",0.008597293674,-0.03991773846,0.008592871236
2024-03-25,equal-weight hold,109774.2073,109830,328.20727,4,25.90793005,29.8848,99616,0,"{""601288.SH"": 6800.0, ""601398.SH"": 5200.0, ""601939.SH"": 3800.0, ""601988.SH"": 6200.0}",0.003987627115,-0.0360892884,0.00398559336
2024-03-26,equal-weight hold,110708.2073,110764,328.20727,4,25.90793005,29.8848,99616,0,"{""601288.SH"": 6800.0, ""601398.SH"": 5200.0, ""601939.SH"": 3800.0, ""601988.SH"": 6200.0}",0.0085083739,-0.02788797566,0.008504051716
2024-03-27,equal-weight hold,111552.2073,111608,328.20727,4,25.90793005,29.8848,99616,0,"{""601288.SH"": 6800.0, ""601398.SH"": 5200.0, ""601939.SH"": 3800.0, ""601988.SH"": 6200.0}",0.00762364436,-0.0204769393,0.007619804269
2024-03-28,equal-weight hold,109094.2073,109150,328.20727,4,25.90793005,29.8848,99616,0,"{""601288.SH"": 6800.0, ""601398.SH"": 5200.0, ""601939.SH"": 3800.0, ""601988.SH"": 6200.0}",-0.0220345259,-0.04206026555,-0.02202351086
2024-03-29,equal-weight hold,109934.2073,109990,328.20727,4,25.90793005,29.8848,99616,0,"{""601288.SH"": 6800.0, ""601398.SH"": 5200.0, ""601939.SH"": 3800.0, ""601988.SH"": 6200.0}",0.007699767211,-0.0346843526,0.007695831425
2024-04-01,equal-weight hold,110510.2073,110566,328.20727,4,25.90793005,29.8848,99616,0,"{""601288.SH"": 6800.0, ""601398.SH"": 5200.0, ""601939.SH"": 3800.0, ""601988.SH"": 6200.0}",0.005239497462,-0.02962658371,0.005236839713
2024-04-02,equal-weight hold,111480.2073,111536,328.20727,4,25.90793005,29.8848,99616,0,"{""601288.SH"": 6800.0, ""601398.SH"": 5200.0, ""601939.SH"": 3800.0, ""601988.SH"": 6200.0}",0.008777469738,-0.02110916042,0.008773040537
2024-04-03,equal-weight hold,111402.2073,111458,328.20727,4,25.90793005,29.8848,99616,0,"{""601288.SH"": 6800.0, ""601398.SH"": 5200.0, ""601939.SH"": 3800.0, ""601988.SH"": 6200.0}",-0.0006996757712,-0.02179406662,-0.0006993257782
2024-04-08,equal-weight hold,112758.2073,112814,328.20727,4,25.90793005,29.8848,99616,0,"{""601288.SH"": 6800.0, ""601398.SH"": 5200.0, ""601939.SH"": 3800.0, ""601988.SH"": 6200.0}",0.01217211071,-0.009887235702,0.01216601769
2024-04-09,equal-weight hold,111624.2073,111680,328.20727,4,25.90793005,29.8848,99616,0,"{""601288.SH"": 6800.0, ""601398.SH"": 5200.0, ""601939.SH"": 3800.0, ""601988.SH"": 6200.0}",-0.01005691761,-0.01984471819,-0.01005194391
2024-04-10,equal-weight hold,111882.2073,111938,328.20727,4,25.90793005,29.8848,99616,0,"{""601288.SH"": 6800.0, ""601398.SH"": 5200.0, ""601939.SH"": 3800.0, ""601988.SH"": 6200.0}",0.002311326605,-0.01757925921,0.00231017192
2024-04-11,equal-weight hold,111328.2073,111384,328.20727,4,25.90793005,29.8848,99616,0,"{""601288.SH"": 6800.0, ""601398.SH"": 5200.0, ""601939.SH"": 3800.0, ""601988.SH"": 6200.0}",-0.00495163631,-0.02244384943,-0.00494916829
2024-04-12,equal-weight hold,111648.2073,111704,328.20727,4,25.90793005,29.8848,99616,0,"{""601288.SH"": 6800.0, ""601398.SH"": 5200.0, ""601939.SH"": 3800.0, ""601988.SH"": 6200.0}",0.002874383841,-0.01963397782,0.002872944049
2024-04-15,equal-weight hold,113818.2073,113874,328.20727,4,25.90793005,29.8848,99616,0,"{""601288.SH"": 6800.0, ""601398.SH"": 5200.0, ""601939.SH"": 3800.0, ""601988.SH"": 6200.0}",0.01943604876,-0.000579536018,0.01942634104
2024-04-16,equal-weight hold,114910.2073,114966,328.20727,4,25.90793005,29.8848,99616,0,"{""601288.SH"": 6800.0, ""601398.SH"": 5200.0, ""601939.SH"": 3800.0, ""601988.SH"": 6200.0}",0.009594247056,0,0.009589546341
2024-04-17,equal-weight hold,115812.2073,115868,328.20727,4,25.90793005,29.8848,99616,0,"{""601288.SH"": 6800.0, ""601398.SH"": 5200.0, ""601939.SH"": 3800.0, ""601988.SH"": 6200.0}",0.007849607284,0,0.007845797888
2024-04-18,equal-weight hold,116382.2073,116438,328.20727,4,25.90793005,29.8848,99616,0,"{""601288.SH"": 6800.0, ""601398.SH"": 5200.0, ""601939.SH"": 3800.0, ""601988.SH"": 6200.0}",0.004921760956,0,0.004919391031
2024-04-19,equal-weight hold,117254.2073,117310,328.20727,4,25.90793005,29.8848,99616,0,"{""601288.SH"": 6800.0, ""601398.SH"": 5200.0, ""601939.SH"": 3800.0, ""601988.SH"": 6200.0}",0.007492554235,0,0.007488964084
2024-04-22,equal-weight hold,116056.2073,116112,328.20727,4,25.90793005,29.8848,99616,0,"{""601288.SH"": 6800.0, ""601398.SH"": 5200.0, ""601939.SH"": 3800.0, ""601988.SH"": 6200.0}",-0.01021711739,-0.01021711739,-0.01021225812
2024-04-23,equal-weight hold,116198.2073,116254,328.20727,4,25.90793005,29.8848,99616,0,"{""601288.SH"": 6800.0, ""601398.SH"": 5200.0, ""601939.SH"": 3800.0, ""601988.SH"": 6200.0}",0.001223545068,-0.009006073424,0.001222957145
2024-04-24,equal-weight hold,115522.2073,115578,328.20727,4,25.90793005,29.8848,99616,0,"{""601288.SH"": 6800.0, ""601398.SH"": 5200.0, ""601939.SH"": 3800.0, ""601988.SH"": 6200.0}",-0.005817645692,-0.01477132497,-0.005814853682
2024-04-25,equal-weight hold,116158.2073,116214,328.20727,4,25.90793005,29.8848,99616,0,"{""601288.SH"": 6800.0, ""601398.SH"": 5200.0, ""601939.SH"": 3800.0, ""601988.SH"": 6200.0}",0.005505434972,-0.009347212569,0.005502777345
2024-04-26,equal-weight hold,113996.2073,114052,328.20727,4,25.90793005,29.8848,99616,0,"{""601288.SH"": 6800.0, ""601398.SH"": 5200.0, ""601939.SH"": 3800.0, ""601988.SH"": 6200.0}",-0.01861254621,-0.02778578335,-0.01860361058
2024-04-29,equal-weight hold,113492.2073,113548,328.20727,4,25.90793005,29.8848,99616,0,"{""601288.SH"": 6800.0, ""601398.SH"": 5200.0, ""601939.SH"": 3800.0, ""601988.SH"": 6200.0}",-0.004421199723,-0.03208413657,-0.004419036931
2024-04-30,equal-weight hold,113998.2073,114054,328.20727,4,25.90793005,29.8848,99616,0,"{""601288.SH"": 6800.0, ""601398.SH"": 5200.0, ""601939.SH"": 3800.0, ""601988.SH"": 6200.0}",0.00445845589,-0.02776872639,0.004456265192
2024-05-06,equal-weight hold,112474.2073,112530,328.20727,4,25.90793005,29.8848,99616,0,"{""601288.SH"": 6800.0, ""601398.SH"": 5200.0, ""601939.SH"": 3800.0, ""601988.SH"": 6200.0}",-0.01336863128,-0.04076612781,-0.01336209164
2024-05-07,equal-weight hold,113024.2073,113080,328.20727,4,25.90793005,29.8848,99616,0,"{""601288.SH"": 6800.0, ""601398.SH"": 5200.0, ""601939.SH"": 3800.0, ""601988.SH"": 6200.0}",0.004890010015,-0.03607546457,0.004887585533
2024-05-08,equal-weight hold,113678.2073,113734,328.20727,4,25.90793005,29.8848,99616,0,"{""601288.SH"": 6800.0, ""601398.SH"": 5200.0, ""601939.SH"": 3800.0, ""601988.SH"": 6200.0}",0.005786371042,-0.03049783955,0.005783516095
2024-05-09,equal-weight hold,112744.2073,112800,328.20727,4,25.90793005,29.8848,99616,0,"{""601288.SH"": 6800.0, ""601398.SH"": 5200.0, ""601939.SH"": 3800.0, ""601988.SH"": 6200.0}",-0.008216174608,-0.03846343858,-0.008212144126
2024-05-10,equal-weight hold,112704.2073,112760,328.20727,4,25.90793005,29.8848,99616,0,"{""601288.SH"": 6800.0, ""601398.SH"": 5200.0, ""601939.SH"": 3800.0, ""601988.SH"": 6200.0}",-0.0003547854118,-0.03880457773,-0.0003546099291
2024-05-13,equal-weight hold,112838.2073,112894,328.20727,4,25.90793005,29.8848,99616,0,"{""601288.SH"": 6800.0, ""601398.SH"": 5200.0, ""601939.SH"": 3800.0, ""601988.SH"": 6200.0}",0.001188952953,-0.03766176159,0.001188364668
2024-05-14,equal-weight hold,111920.2073,111976,328.20727,4,25.90793005,29.8848,99616,0,"{""601288.SH"": 6800.0, ""601398.SH"": 5200.0, ""601939.SH"": 3800.0, ""601988.SH"": 6200.0}",-0.008135542226,-0.04549090497,-0.008131521604
2024-05-15,equal-weight hold,112096.2073,112152,328.20727,4,25.90793005,29.8848,99616,0,"{""601288.SH"": 6800.0, ""601398.SH"": 5200.0, ""601939.SH"": 3800.0, ""601988.SH"": 6200.0}",0.00157254891,-0.04398989273,0.001571765378
2024-05-16,equal-weight hold,113000.2073,113056,328.20727,4,25.90793005,29.8848,99616,0,"{""601288.SH"": 6800.0, ""601398.SH"": 5200.0, ""601939.SH"": 3800.0, ""601988.SH"": 6200.0}",0.008064501217,-0.03628014806,0.008060489336
2024-05-17,equal-weight hold,113526.2073,113582,328.20727,4,25.90793005,29.8848,99616,0,"{""601288.SH"": 6800.0, ""601398.SH"": 5200.0, ""601939.SH"": 3800.0, ""601988.SH"": 6200.0}",0.004654858718,-0.0317941683,0.004652561562
2024-05-20,equal-weight hold,113168.2073,113224,328.20727,4,25.90793005,29.8848,99616,0,"{""601288.SH"": 6800.0, ""601398.SH"": 5200.0, ""601939.SH"": 3800.0, ""601988.SH"": 6200.0}",-0.003153456885,-0.03484736365,-0.003151907873
2024-05-21,equal-weight hold,114010.2073,114066,328.20727,4,25.90793005,29.8848,99616,0,"{""601288.SH"": 6800.0, ""601398.SH"": 5200.0, ""601939.SH"": 3800.0, ""601988.SH"": 6200.0}",0.007440252173,-0.02766638465,0.007436585883
2024-05-22,equal-weight hold,114330.2073,114386,328.20727,4,25.90793005,29.8848,99616,0,"{""601288.SH"": 6800.0, ""601398.SH"": 5200.0, ""601939.SH"": 3800.0, ""601988.SH"": 6200.0}",0.002806766233,-0.02493727149,0.002805393369
2024-05-23,equal-weight hold,113838.2073,113894,328.20727,4,25.90793005,29.8848,99616,0,"{""601288.SH"": 6800.0, ""601398.SH"": 5200.0, ""601939.SH"": 3800.0, ""601988.SH"": 6200.0}",-0.004303324657,-0.02913328297,-0.004301225674
2024-05-24,equal-weight hold,113110.2073,113166,328.20727,4,25.90793005,29.8848,99616,0,"{""601288.SH"": 6800.0, ""601398.SH"": 5200.0, ""601939.SH"": 3800.0, ""601988.SH"": 6200.0}",-0.006395040975,-0.03534201541,-0.006391908266
2024-05-27,equal-weight hold,114064.2073,114120,328.20727,4,25.90793005,29.8848,99616,0,"{""601288.SH"": 6800.0, ""601398.SH"": 5200.0, ""601939.SH"": 3800.0, ""601988.SH"": 6200.0}",0.008434252072,-0.0272058468,0.008430093844
2024-05-28,equal-weight hold,113998.2073,114054,328.20727,4,25.90793005,29.8848,99616,0,"{""601288.SH"": 6800.0, ""601398.SH"": 5200.0, ""601939.SH"": 3800.0, ""601988.SH"": 6200.0}",-0.0005786214763,-0.02776872639,-0.000578338591
2024-05-29,equal-weight hold,113352.2073,113408,328.20727,4,25.90793005,29.8848,99616,0,"{""601288.SH"": 6800.0, ""601398.SH"": 5200.0, ""601939.SH"": 3800.0, ""601988.SH"": 6200.0}",-0.00566675578,-0.03327812358,-0.005663983727
2024-05-30,equal-weight hold,112524.2073,112580,328.20727,4,25.90793005,29.8848,99616,0,"{""601288.SH"": 6800.0, ""601398.SH"": 5200.0, ""601939.SH"": 3800.0, ""601988.SH"": 6200.0}",-0.007304665872,-0.04033970388,-0.007301072235
2024-05-31,equal-weight hold,112696.2073,112752,328.20727,4,25.90793005,29.8848,99616,0,"{""601288.SH"": 6800.0, ""601398.SH"": 5200.0, ""601939.SH"": 3800.0, ""601988.SH"": 6200.0}",0.00152855998,-0.03887280556,0.001527802452
2024-06-03,equal-weight hold,112960.2073,113016,328.20727,4,25.90793005,29.8848,99616,0,"{""601288.SH"": 6800.0, ""601398.SH"": 5200.0, ""601939.SH"": 3800.0, ""601988.SH"": 6200.0}",0.002342581054,-0.0366212872,0.002341421882
2024-06-04,equal-weight hold,113116.2073,113172,328.20727,4,25.90793005,29.8848,99616,0,"{""601288.SH"": 6800.0, ""601398.SH"": 5200.0, ""601939.SH"": 3800.0, ""601988.SH"": 6200.0}",0.001381017296,-0.03529084454,0.001380335528
2024-06-05,equal-weight hold,113368.2073,113424,328.20727,4,25.90793005,29.8848,99616,0,"{""601288.SH"": 6800.0, ""601398.SH"": 5200.0, ""601939.SH"": 3800.0, ""601988.SH"": 6200.0}",0.002227797467,-0.03314166792,0.002226699184
2024-06-06,equal-weight hold,113376.2073,113432,328.20727,4,25.90793005,29.8848,99616,0,"{""601288.SH"": 6800.0, ""601398.SH"": 5200.0, ""601939.SH"": 3800.0, ""601988.SH"": 6200.0}",7.056652118e-05,-0.03307344009,7.053180985e-05
2024-06-07,equal-weight hold,115032.7223,115088.515,328.20727,4,25.90793005,29.8848,99616,0,"{""601288.SH"": 7172.4214, ""601398.SH"": 5200.0, ""601939.SH"": 3800.0, ""601988.SH"": 6200.0}",0.01461078182,-0.0189458871,0.01460359535
2024-06-11,equal-weight hold,113233.2044,113288.9971,328.20727,4,25.90793005,29.8848,99616,-1.455191523e-11,"{""601288.SH"": 7172.4214, ""601398.SH"": 5200.0, ""601939.SH"": 3800.0, ""601988.SH"": 6200.0}",-0.0156435307,-0.03429303723,-0.01563594702
2024-06-12,equal-weight hold,112719.4802,112775.2729,328.20727,4,25.90793005,29.8848,99616,0,"{""601288.SH"": 7172.4214, ""601398.SH"": 5200.0, ""601939.SH"": 3800.0, ""601988.SH"": 6200.0}",-0.004536868991,-0.03867432321,-0.004534634667
2024-06-13,equal-weight hold,113591.8254,113647.6182,328.20727,4,25.90793005,29.8848,99616,0,"{""601288.SH"": 7172.4214, ""601398.SH"": 5200.0, ""601939.SH"": 3800.0, ""601988.SH"": 6200.0}",0.007739081841,-0.03123454512,0.007735253125
2024-06-14,equal-weight hold,114280.9981,114336.7908,328.20727,4,25.90793005,29.8848,99616,-1.455191523e-11,"{""601288.SH"": 7172.4214, ""601398.SH"": 5200.0, ""601939.SH"": 3800.0, ""601988.SH"": 6200.0}",0.006067097156,-0.02535695098,0.006064118651
2024-06-17,equal-weight hold,112805.2044,112860.9971,328.20727,4,25.90793005,29.8848,99616,-1.455191523e-11,"{""601288.SH"": 7172.4214, ""601398.SH"": 5200.0, ""601939.SH"": 3800.0, ""601988.SH"": 6200.0}",-0.01291372787,-0.03794322608,-0.01290742638
2024-06-18,equal-weight hold,113156.9286,113212.7213,328.20727,4,25.90793005,29.8848,99616,0,"{""601288.SH"": 7172.4214, ""601398.SH"": 5200.0, ""601939.SH"": 3800.0, ""601988.SH"": 6200.0}",0.003117978604,-0.03494355365,0.003116437234
2024-06-19,equal-weight hold,114293.8254,114349.6182,328.20727,4,25.90793005,29.8848,99616,0,"{""601288.SH"": 7172.4214, ""601398.SH"": 5200.0, ""601939.SH"": 3800.0, ""601988.SH"": 6200.0}",0.01004708124,-0.02524755313,0.01004212991
2024-06-20,equal-weight hold,114755.2739,114811.0666,328.20727,4,25.90793005,29.8848,99616,0,"{""601288.SH"": 7172.4214, ""601398.SH"": 5200.0, ""601939.SH"": 3800.0, ""601988.SH"": 6200.0}",0.004037387195,-0.02131210008,0.004035417299
2024-06-21,equal-weight hold,114182.6528,114238.4455,328.20727,4,25.90793005,29.8848,99616,-1.455191523e-11,"{""601288.SH"": 7172.4214, ""601398.SH"": 5200.0, ""601939.SH"": 3800.0, ""601988.SH"": 6200.0}",-0.004989932481,-0.02619568662,-0.00498750761
2024-06-24,equal-weight hold,115162.9981,115218.7908,328.20727,4,25.90793005,29.8848,99616,-1.455191523e-11,"{""601288.SH"": 7172.4214, ""601398.SH"": 5200.0, ""601939.SH"": 3800.0, ""601988.SH"": 6200.0}",0.008585763757,-0.01783483284,0.008581570569
2024-06-25,equal-weight hold,115692.645,115748.4378,328.20727,4,25.90793005,29.8848,99616,0,"{""601288.SH"": 7173.4398, ""601398.SH"": 5200.2326, ""601939.SH"": 3799.6561, ""601988.SH"": 6199.7313}",0.004599107117,-0.01331775003,0.004596880078
2024-06-26,equal-weight hold,116294.5298,116350.3225,328.20727,4,25.90793005,29.8848,99616,0,"{""601288.SH"": 7173.4398, ""601398.SH"": 5200.0, ""601939.SH"": 3800.0, ""601988.SH"": 6200.0}",0.005202445999,-0.008184588904,0.005199938331
2024-06-27,equal-weight hold,117659.4674,117715.2601,328.20727,4,25.90793005,29.8848,99616,0,"{""601288.SH"": 7173.4398, ""601398.SH"": 5200.0, ""601939.SH"": 3800.0, ""601988.SH"": 6200.0}",0.01173690281,0,0.01173127469
2024-06-28,equal-weight hold,118008.405,118064.1977,328.20727,4,25.90793005,29.8848,99616,0,"{""601288.SH"": 7173.4398, ""601398.SH"": 5200.0, ""601939.SH"": 3800.0, ""601988.SH"": 6200.0}",0.00296565675,0,0.002964251137
2024-07-01,equal-weight hold,120162.2802,120218.0729,328.20727,4,25.90793005,29.8848,99616,-1.455191523e-11,"{""601288.SH"": 7173.4398, ""601398.SH"": 5200.0, ""601939.SH"": 3800.0, ""601988.SH"": 6200.0}",0.0182518795,0,0.01824325434
2024-07-02,equal-weight hold,122568.1553,122623.9481,328.20727,4,25.90793005,29.8848,99616,0,"{""601288.SH"": 7173.4398, ""601398.SH"": 5200.0, ""601939.SH"": 3800.0, ""601988.SH"": 6200.0}",0.02002188361,0,0.02001259153
2024-07-03,equal-weight hold,121284.9522,121340.7449,328.20727,4,25.90793005,29.8848,99616,-1.455191523e-11,"{""601288.SH"": 7173.4398, ""601398.SH"": 5200.0, ""601939.SH"": 3800.0, ""601988.SH"": 6200.0}",-0.01046930332,-0.01046930332,-0.01046453988
2024-07-04,equal-weight hold,122425.8897,122481.6825,328.20727,4,25.90793005,29.8848,99616,-1.455191523e-11,"{""601288.SH"": 7173.4398, ""601398.SH"": 5200.0, ""601939.SH"": 3800.0, ""601988.SH"": 6200.0}",0.009407082852,-0.001160706068,0.009402757456
2024-07-05,equal-weight hold,120071.749,120127.5417,328.20727,4,25.90793005,29.8848,99616,0,"{""601288.SH"": 7173.4398, ""601398.SH"": 5200.0, ""601939.SH"": 3800.0, ""601988.SH"": 6200.0}",-0.01922910909,-0.02036749581,-0.01922034986
2024-07-08,equal-weight hold,121422.6866,121478.4793,328.20727,4,25.90793005,29.8848,99616,0,"{""601288.SH"": 7173.4398, ""601398.SH"": 5200.0, ""601939.SH"": 3800.0, ""601988.SH"": 6200.0}",0.01125108617,-0.009345566094,0.01124586065
2024-07-09,equal-weight hold,122245.8897,122301.6825,328.20727,4,25.90793005,29.8848,99616,-1.455191523e-11,"{""601288.SH"": 7173.4398, ""601398.SH"": 5200.0, ""601939.SH"": 3800.0, ""601988.SH"": 6200.0}",0.006779648998,-0.002629276754,0.006776535236
2024-07-10,equal-weight hold,123029.3585,123085.1513,328.20727,4,25.90793005,29.8848,99616,0,"{""601288.SH"": 7173.4398, ""601398.SH"": 5200.0, ""601939.SH"": 3800.0, ""601988.SH"": 6200.0}",0.006408958194,0,0.006406034496
2024-07-11,equal-weight hold,121878.4209,121934.2137,328.20727,4,25.90793005,29.8848,99616,0,"{""601288.SH"": 7173.4398, ""601398.SH"": 5200.0, ""601939.SH"": 3800.0, ""601988.SH"": 6200.0}",-0.009354983292,-0.009354983292,-0.009350742813
2024-07-12,equal-weight hold,124059.1924,124114.9852,328.20727,4,25.90793005,29.8848,99616,0,"{""601288.SH"": 7173.4398, ""601398.SH"": 5200.0, ""601939.SH"": 4008.5701, ""601988.SH"": 6200.0}",0.01789300738,0,0.01788482019
2024-07-15,equal-weight hold,126921.8906,126977.6834,328.20727,4,25.90793005,29.8848,99616,0,"{""601288.SH"": 7173.4398, ""601398.SH"": 5200.0, ""601939.SH"": 4008.5701, ""601988.SH"": 6200.0}",0.02307526072,0,0.02306488783
2024-07-16,equal-weight hold,126916.1154,126971.9082,328.20727,4,25.90793005,29.8848,99616,0,"{""601288.SH"": 7173.4398, ""601398.SH"": 5473.7209, ""601939.SH"": 4008.5701, ""601988.SH"": 6200.0}",-4.550218544e-05,-4.550218544e-05,-4.548219224e-05
2024-07-17,equal-weight hold,127267.4783,127323.271,328.20727,4,25.90793005,29.8848,99616,0,"{""601288.SH"": 7173.4398, ""601398.SH"": 5473.7209, ""601939.SH"": 4008.5701, ""601988.SH"": 6520.6155}",0.002768465069,0,0.002767248577
2024-07-18,equal-weight hold,127427.8211,127483.6138,328.20727,4,25.90793005,29.8848,99616,0,"{""601288.SH"": 7173.4398, ""601398.SH"": 5473.7209, ""601939.SH"": 4008.5701, ""601988.SH"": 6520.6155}",0.001259888289,0,0.001259336209
2024-07-19,equal-weight hold,127180.7786,127236.5713,328.20727,4,25.90793005,29.8848,99616,-1.455191523e-11,"{""601288.SH"": 7173.4398, ""601398.SH"": 5473.7209, ""601939.SH"": 4008.5701, ""601988.SH"": 6520.6155}",-0.001938685362,-0.001938685362,-0.001937836903
2024-07-22,equal-weight hold,125684.0366,125739.8294,328.20727,4,25.90793005,29.8848,99616,-1.455191523e-11,"{""601288.SH"": 7173.4398, ""601398.SH"": 5473.7209, ""601939.SH"": 4008.5701, ""601988.SH"": 6520.6155}",-0.01176861784,-0.01368448756,-0.01176345735
2024-07-23,equal-weight hold,128650.4664,128706.2591,328.20727,4,25.90793005,29.8848,99616,-1.455191523e-11,"{""601288.SH"": 7173.4398, ""601398.SH"": 5473.7209, ""601939.SH"": 4008.5701, ""601988.SH"": 6520.6155}",0.02360227957,0,0.02359180687
2024-07-24,equal-weight hold,129179.4413,129235.2341,328.20727,4,25.90793005,29.8848,99616,-1.455191523e-11,"{""601288.SH"": 7173.4398, ""601398.SH"": 5473.7209, ""601939.SH"": 4008.5701, ""601988.SH"": 6520.6155}",0.004111721923,0,0.004109939537
2024-07-25,equal-weight hold,128665.2366,128721.0293,328.20727,4,25.90793005,29.8848,99616,0,"{""601288.SH"": 7173.4398, ""601398.SH"": 5473.7209, ""601939.SH"": 4008.5701, ""601988.SH"": 6520.6155}",-0.003980546369,-0.003980546369,-0.003978827909
2024-07-26,equal-weight hold,125862.7047,125918.4974,328.20727,4,25.90793005,29.8848,99616,0,"{""601288.SH"": 7173.4398, ""601398.SH"": 5473.7209, ""601939.SH"": 4008.5701, ""601988.SH"": 6520.6155}",-0.02178157796,-0.02567542175,-0.02177213697
2024-07-29,equal-weight hold,127988.7335,128044.5262,328.20727,4,25.90793005,29.8848,99616,-1.455191523e-11,"{""601288.SH"": 7173.4398, ""601398.SH"": 5473.7209, ""601939.SH"": 4008.5701, ""601988.SH"": 6520.6155}",0.01689165003,-0.009217471955,0.01688416558
2024-07-30,equal-weight hold,128279.1748,128334.9676,328.20727,4,25.90793005,29.8848,99616,0,"{""601288.SH"": 7173.4398, ""601398.SH"": 5473.7209, ""601939.SH"": 4008.5701, ""601988.SH"": 6520.6155}",0.002269272993,-0.006969115922,0.002268284204
2024-07-31,equal-weight hold,125485.3937,125541.1864,328.20727,4,25.90793005,29.8848,99616,0,"{""601288.SH"": 7173.4398, ""601398.SH"": 5473.7209, ""601939.SH"": 4008.5701, ""601988.SH"": 6520.6155}",-0.02177891416,-0.0285962503,-0.02176944593
2024-08-01,equal-weight hold,126292.5042,126348.2969,328.20727,4,25.90793005,29.8848,99616,0,"{""601288.SH"": 7173.4398, ""601398.SH"": 5473.7209, ""601939.SH"": 4008.5701, ""601988.SH"": 6520.6155}",0.006431907879,-0.02234827087,0.006429049425
2024-08-02,equal-weight hold,126581.3505,126637.1433,328.20727,4,25.90793005,29.8848,99616,0,"{""601288.SH"": 7173.4398, ""601398.SH"": 5473.7209, ""601939.SH"": 4008.5701, ""601988.SH"": 6520.6155}",0.00228712192,-0.02011226217,0.002286111976
2024-08-05,equal-weight hold,126267.6975,126323.4902,328.20727,4,25.90793005,29.8848,99616,0,"{""601288.SH"": 7173.4398, ""601398.SH"": 5473.7209, ""601939.SH"": 4008.5701, ""601988.SH"": 6520.6155}",-0.002477877409,-0.02254030386,-0.002476785727
2024-08-06,equal-weight hold,124702.1224,124757.9151,328.20727,4,25.90793005,29.8848,99616,0,"{""601288.SH"": 7173.4398, ""601398.SH"": 5473.7209, ""601939.SH"": 4008.5701, ""601988.SH"": 6520.6155}",-0.01239885679,-0.03465968666,-0.01239338065
2024-08-07,equal-weight hold,124853.5913,124909.384,328.20727,4,25.90793005,29.8848,99616,-1.455191523e-11,"{""601288.SH"": 7173.4398, ""601398.SH"": 5473.7209, ""601939.SH"": 4008.5701, ""601988.SH"": 6520.6155}",0.001214645574,-0.03348714032,0.001214102375
2024-08-08,equal-weight hold,125270.7461,125326.5388,328.20727,4,25.90793005,29.8848,99616,0,"{""601288.SH"": 7173.4398, ""601398.SH"": 5473.7209, ""601939.SH"": 4008.5701, ""601988.SH"": 6520.6155}",0.003341152137,-0.03025787381,0.00333965976
2024-08-09,equal-weight hold,126137.0901,126192.8828,328.20727,4,25.90793005,29.8848,99616,0,"{""601288.SH"": 7173.4398, ""601398.SH"": 5473.7209, ""601939.SH"": 4008.5701, ""601988.SH"": 6520.6155}",0.006915772679,-0.02355135771,0.006912693923
2024-08-12,equal-weight hold,127251.7578,127307.5506,328.20727,4,25.90793005,29.8848,99616,0,"{""601288.SH"": 7173.4398, ""601398.SH"": 5473.7209, ""601939.SH"": 4008.5701, ""601988.SH"": 6520.6155}",0.008836954585,-0.0149225254,0.008833047567
2024-08-13,equal-weight hold,127951.3027,128007.0954,328.20727,4,25.90793005,29.8848,99616,0,"{""601288.SH"": 7173.4398, ""601398.SH"": 5473.7209, ""601939.SH"": 4008.5701, ""601988.SH"": 6520.6155}",0.005497329442,-0.009507229998,0.005494920229
2024-08-14,equal-weight hold,128111.018,128166.8107,328.20727,4,25.90793005,29.8848,99616,0,"{""601288.SH"": 7173.4398, ""601398.SH"": 5473.7209, ""601939.SH"": 4008.5701, ""601988.SH"": 6520.6155}",0.001248250881,-0.008270846525,0.001247706822
2024-08-15,equal-weight hold,128894.9168,128950.7095,328.20727,4,25.90793005,29.8848,99616,-1.455191523e-11,"{""601288.SH"": 7173.4398, ""601398.SH"": 5473.7209, ""601939.SH"": 4008.5701, ""601988.SH"": 6520.6155}",0.006118902277,-0.00220255275,0.006116238637
2024-08-16,equal-weight hold,131034.1207,131089.9135,328.20727,4,25.90793005,29.8848,99616,-1.455191523e-11,"{""601288.SH"": 7173.4398, ""601398.SH"": 5473.7209, ""601939.SH"": 4008.5701, ""601988.SH"": 6520.6155}",0.01659649564,0,0.01658931488
2024-08-19,equal-weight hold,134076.9763,134132.769,328.20727,4,25.90793005,29.8848,99616,0,"{""601288.SH"": 7173.4398, ""601398.SH"": 5473.7209, ""601939.SH"": 4008.5701, ""601988.SH"": 6520.6155}",0.02322185636,0,0.02321197299
2024-08-20,equal-weight hold,135730.9647,135786.7574,328.20727,4,25.90793005,29.8848,99616,0,"{""601288.SH"": 7173.4398, ""601398.SH"": 5473.7209, ""601939.SH"": 4008.5701, ""601988.SH"": 6520.6155}",0.01233611088,0,0.01233097965
2024-08-21,equal-weight hold,134533.8518,134589.6445,328.20727,4,25.90793005,29.8848,99616,0,"{""601288.SH"": 7173.4398, ""601398.SH"": 5473.7209, ""601939.SH"": 4008.5701, ""601988.SH"": 6520.6155}",-0.008819748264,-0.008819748264,-0.008816124363
2024-08-22,equal-weight hold,136701.0524,136756.8452,328.20727,4,25.90793005,29.8848,99616,0,"{""601288.SH"": 7173.4398, ""601398.SH"": 5473.7209, ""601939.SH"": 4008.5701, ""601988.SH"": 6520.6155}",0.01610896183,0,0.01610228402
2024-08-23,equal-weight hold,137137.1132,137192.906,328.20727,4,25.90793005,29.8848,99616,0,"{""601288.SH"": 7173.4398, ""601398.SH"": 5473.7209, ""601939.SH"": 4008.5701, ""601988.SH"": 6520.6155}",0.003189886147,0,0.003188584768
2024-08-26,equal-weight hold,136972.9016,137028.6943,328.20727,4,25.90793005,29.8848,99616,0,"{""601288.SH"": 7173.4398, ""601398.SH"": 5473.7209, ""601939.SH"": 4008.5701, ""601988.SH"": 6520.6155}",-0.001197426605,-0.001197426605,-0.001196939643
2024-08-27,equal-weight hold,139018.5639,139074.3566,328.20727,4,25.90793005,29.8848,99616,0,"{""601288.SH"": 7173.4398, ""601398.SH"": 5473.7209, ""601939.SH"": 4008.5701, ""601988.SH"": 6520.6155}",0.01493479566,0,0.01492871479
2024-08-28,equal-weight hold,137785.7897,137841.5824,328.20727,4,25.90793005,29.8848,99616,0,"{""601288.SH"": 7173.4398, ""601398.SH"": 5473.7209, ""601939.SH"": 4008.5701, ""601988.SH"": 6520.6155}",-0.008867694973,-0.008867694973,-0.008864137502
2024-08-29,equal-weight hold,131885.6651,131941.4578,328.20727,4,25.90793005,29.8848,99616,0,"{""601288.SH"": 7173.4398, ""601398.SH"": 5473.7209, ""601939.SH"": 4008.5701, ""601988.SH"": 6520.6155}",-0.04282099507,-0.05130896652,-0.04280366285
2024-08-30,equal-weight hold,126903.288,126959.0807,328.20727,4,25.90793005,29.8848,99616,-1.455191523e-11,"{""601288.SH"": 7173.4398, ""601398.SH"": 5473.7209, ""601939.SH"": 4008.5701, ""601988.SH"": 6520.6155}",-0.03777800342,-0.08714861963,-0.03776202863
2024-09-02,equal-weight hold,128420.6631,128476.4558,328.20727,4,25.90793005,29.8848,99616,0,"{""601288.SH"": 7173.4398, ""601398.SH"": 5473.7209, ""601939.SH"": 4008.5701, ""601988.SH"": 6520.6155}",0.01195694107,-0.07623370947,0.01195168654
2024-09-03,equal-weight hold,124374.7136,124430.5063,328.20727,4,25.90793005,29.8848,99616,-1.455191523e-11,"{""601288.SH"": 7173.4398, ""601398.SH"": 5473.7209, ""601939.SH"": 4008.5701, ""601988.SH"": 6520.6155}",-0.03150544025,-0.1053373731,-0.03149175856
2024-09-04,equal-weight hold,124177.3814,124233.1741,328.20727,4,25.90793005,29.8848,99616,0,"{""601288.SH"": 7173.4398, ""601398.SH"": 5473.7209, ""601939.SH"": 4008.5701, ""601988.SH"": 6520.6155}",-0.001586593933,-0.1067568394,-0.001585882529
2024-09-05,equal-weight hold,122999.5395,123055.3322,328.20727,4,25.90793005,29.8848,99616,0,"{""601288.SH"": 7173.4398, ""601398.SH"": 5473.7209, ""601939.SH"": 4008.5701, ""601988.SH"": 6520.6155}",-0.009485156934,-0.115229391,-0.00948089718
2024-09-06,equal-weight hold,123111.0458,123166.8385,328.20727,4,25.90793005,29.8848,99616,0,"{""601288.SH"": 7173.4398, ""601398.SH"": 5473.7209, ""601939.SH"": 4008.5701, ""601988.SH"": 6520.6155}",0.0009065591681,-0.1144272941,0.0009061481383
2024-09-09,equal-weight hold,122517.2298,122573.0225,328.20727,4,25.90793005,29.8848,99616,-1.455191523e-11,"{""601288.SH"": 7173.4398, ""601398.SH"": 5473.7209, ""601939.SH"": 4008.5701, ""601988.SH"": 6520.6155}",-0.004823418195,-0.1186987816,-0.004821233259
2024-09-10,equal-weight hold,124923.5447,124979.3374,328.20727,4,25.90793005,29.8848,99616,-1.455191523e-11,"{""601288.SH"": 7173.4398, ""601398.SH"": 5473.7209, ""601939.SH"": 4008.5701, ""601988.SH"": 6520.6155}",0.01964062471,-0.1013894751,0.0196316847
2024-09-11,equal-weight hold,121377.6321,121433.4249,328.20727,4,25.90793005,29.8848,99616,0,"{""601288.SH"": 7173.4398, ""601398.SH"": 5473.7209, ""601939.SH"": 4008.5701, ""601988.SH"": 6520.6155}",-0.02838466175,-0.1268962309,-0.0283719904
2024-09-12,equal-weight hold,121400.8438,121456.6365,328.20727,4,25.90793005,29.8848,99616,0,"{""601288.SH"": 7173.4398, ""601398.SH"": 5473.7209, ""601939.SH"": 4008.5701, ""601988.SH"": 6520.6155}",0.0001912353399,-0.1267292626,0.0001911474766
2024-09-13,equal-weight hold,121017.607,121073.3997,328.20727,4,25.90793005,29.8848,99616,-1.455191523e-11,"{""601288.SH"": 7173.4398, ""601398.SH"": 5473.7209, ""601939.SH"": 4008.5701, ""601988.SH"": 6520.6155}",-0.003156788987,-0.1294859941,-0.003155338874
2024-09-18,equal-weight hold,123002.2457,123058.0384,328.20727,4,25.90793005,29.8848,99616,-1.455191523e-11,"{""601288.SH"": 7173.4398, ""601398.SH"": 5473.7209, ""601939.SH"": 4008.5701, ""601988.SH"": 6520.6155}",0.01639958641,-0.1152099244,0.0163920292
2024-09-19,equal-weight hold,122376.7809,122432.5736,328.20727,4,25.90793005,29.8848,99616,-1.455191523e-11,"{""601288.SH"": 7173.4398, ""601398.SH"": 5473.7209, ""601939.SH"": 4008.5701, ""601988.SH"": 6520.6155}",-0.005084986473,-0.11970907,-0.005082681014
2024-09-20,equal-weight hold,123169.2399,123225.0326,328.20727,4,25.90793005,29.8848,99616,-1.455191523e-11,"{""601288.SH"": 7173.4398, ""601398.SH"": 5473.7209, ""601939.SH"": 4008.5701, ""601988.SH"": 6520.6155}",0.006475566513,-0.1140086875,0.006472615587
2024-09-23,equal-weight hold,124783.7746,124839.5674,328.20727,4,25.90793005,29.8848,99616,0,"{""601288.SH"": 7173.4398, ""601398.SH"": 5473.7209, ""601939.SH"": 4008.5701, ""601988.SH"": 6520.6155}",0.01310826247,-0.1023948808,0.01310232743
2024-09-24,equal-weight hold,130339.8788,130395.6715,328.20727,4,25.90793005,29.8848,99616,-1.455191523e-11,"{""601288.SH"": 7173.4398, ""601398.SH"": 5473.7209, ""601939.SH"": 4008.5701, ""601988.SH"": 6520.6155}",0.04452585405,-0.06242824629,0.04450595476
2024-09-25,equal-weight hold,131086.2794,131142.0721,328.20727,4,25.90793005,29.8848,99616,-1.455191523e-11,"{""601288.SH"": 7173.4398, ""601398.SH"": 5473.7209, ""601939.SH"": 4008.5701, ""601988.SH"": 6520.6155}",0.00572657153,-0.05705917458,0.005724121287
2024-09-26,equal-weight hold,133789.4876,133845.2803,328.20727,4,25.90793005,29.8848,99616,0,"{""601288.SH"": 7173.4398, ""601398.SH"": 5473.7209, ""601939.SH"": 4008.5701, ""601988.SH"": 6520.6155}",0.02062159503,-0.03761423074,0.02061282183
2024-09-27,equal-weight hold,129361.3964,129417.1892,328.20727,4,25.90793005,29.8848,99616,0,"{""601288.SH"": 7173.4398, ""601398.SH"": 5473.7209, ""601939.SH"": 4008.5701, ""601988.SH"": 6520.6155}",-0.03309745206,-0.0694667476,-0.03308365555
2024-09-30,equal-weight hold,132979.3526,133035.1453,328.20727,4,25.90793005,29.8848,99616,0,"{""601288.SH"": 7173.4398, ""601398.SH"": 5473.7209, ""601939.SH"": 4008.5701, ""601988.SH"": 6520.6155}",0.02796781959,-0.04344176147,0.02795576246
2024-10-08,equal-weight hold,132489.0589,132544.8516,328.20727,4,25.90793005,29.8848,99616,0,"{""601288.SH"": 7173.4398, ""601398.SH"": 5473.7209, ""601939.SH"": 4008.5701, ""601988.SH"": 6520.6155}",-0.003686991209,-0.04696858329,-0.003685444946
2024-10-09,equal-weight hold,129680.7962,129736.589,328.20727,4,25.90793005,29.8848,99616,0,"{""601288.SH"": 7173.4398, ""601398.SH"": 5473.7209, ""601939.SH"": 4008.5701, ""601988.SH"": 6520.6155}",-0.02119618547,-0.06716921396,-0.02118726326
2024-10-10,equal-weight hold,134362.1194,134417.9121,328.20727,4,25.90793005,29.8848,99616,0,"{""601288.SH"": 7173.4398, ""601398.SH"": 5473.7209, ""601939.SH"": 4008.5701, ""601988.SH"": 6520.6155}",0.03609881543,-0.03349512758,0.03608329127
2024-10-11,equal-weight hold,134739.5741,134795.3669,328.20727,4,25.90793005,29.8848,99616,0,"{""601288.SH"": 7173.4398, ""601398.SH"": 5473.7209, ""601939.SH"": 4008.5701, ""601988.SH"": 6520.6155}",0.00280923495,-0.03077998831,0.002808068923
2024-10-14,equal-weight hold,139614.8225,139670.6152,328.20727,4,25.90793005,29.8848,99616,0,"{""601288.SH"": 7173.4398, ""601398.SH"": 5473.7209, ""601939.SH"": 4008.5701, ""601988.SH"": 6520.6155}",0.03618275032,0,0.03616777403
2024-10-15,equal-weight hold,135570.9607,135626.7535,328.20727,4,25.90793005,29.8848,99616,0,"{""601288.SH"": 7173.4398, ""601398.SH"": 5473.7209, ""601939.SH"": 4008.5701, ""601988.SH"": 6520.6155}",-0.0289644159,-0.0289644159,-0.02895284579
2024-10-16,equal-weight hold,137918.5259,137974.3186,328.20727,4,25.90793005,29.8848,99616,0,"{""601288.SH"": 7173.4398, ""601398.SH"": 5473.7209, ""601939.SH"": 4008.5701, ""601988.SH"": 6520.6155}",0.01731613559,-0.01214983206,0.01730901225
2024-10-17,equal-weight hold,136601.7114,136657.5041,328.20727,4,25.90793005,29.8848,99616,0,"{""601288.SH"": 7173.4398, ""601398.SH"": 5473.7209, ""601939.SH"": 4008.5701, ""601988.SH"": 6520.6155}",-0.009547770593,-0.02158159885,-0.009543909758
2024-10-18,equal-weight hold,136742.7114,136798.5041,328.20727,4,25.90793005,29.8848,99616,0,"{""601288.SH"": 7173.4398, ""601398.SH"": 5473.7209, ""601939.SH"": 4008.5701, ""601988.SH"": 6520.6155}",0.001032197428,-0.02057167789,0.001031776016
2024-10-21,equal-weight hold,133712.6704,133768.4632,328.20727,4,25.90793005,29.8848,99616,0,"{""601288.SH"": 7173.4398, ""601398.SH"": 5473.7209, ""601939.SH"": 4008.5701, ""601988.SH"": 6520.6155}",-0.02215870135,-0.04227453758,-0.02214966402
2024-10-22,equal-weight hold,133641.373,133697.1657,328.20727,4,25.90793005,29.8848,99616,0,"{""601288.SH"": 7173.4398, ""601398.SH"": 5473.7209, ""601939.SH"": 4008.5701, ""601988.SH"": 6520.6155}",-0.0005332140784,-0.04278521028,-0.0005329916831
2024-10-23,equal-weight hold,133700.0509,133755.8436,328.20727,4,25.90793005,29.8848,99616,0,"{""601288.SH"": 7173.4398, ""601398.SH"": 5473.7209, ""601939.SH"": 4008.5701, ""601988.SH"": 6520.6155}",0.0004390699576,-0.04236492602,0.0004388867307
2024-10-24,equal-weight hold,133967.9593,134023.7521,328.20727,4,25.90793005,29.8848,99616,0,"{""601288.SH"": 7173.4398, ""601398.SH"": 5473.7209, ""601939.SH"": 4008.5701, ""601988.SH"": 6520.6155}",0.002003802251,-0.0404460147,0.002002966418
2024-10-25,equal-weight hold,132929.0854,132984.8781,328.20727,4,25.90793005,29.8848,99616,0,"{""601288.SH"": 7173.4398, ""601398.SH"": 5473.7209, ""601939.SH"": 4008.5701, ""601988.SH"": 6520.6155}",-0.00775464493,-0.04788701515,-0.00775141675
2024-10-28,equal-weight hold,131628.5175,131684.3102,328.20727,4,25.90793005,29.8848,99616,0,"{""601288.SH"": 7173.4398, ""601398.SH"": 5473.7209, ""601939.SH"": 4008.5701, ""601988.SH"": 6520.6155}",-0.009783922851,-0.05720241514,-0.009779818085
2024-10-29,equal-weight hold,131919.3958,131975.1885,328.20727,4,25.90793005,29.8848,99616,0,"{""601288.SH"": 7173.4398, ""601398.SH"": 5473.7209, ""601939.SH"": 4008.5701, ""601988.SH"": 6520.6155}",0.002209842531,-0.05511898094,0.002208906253
2024-10-30,equal-weight hold,130254.6201,130310.4129,328.20727,4,25.90793005,29.8848,99616,-1.455191523e-11,"{""601288.SH"": 7173.4398, ""601398.SH"": 5473.7209, ""601939.SH"": 4008.5701, ""601988.SH"": 6520.6155}",-0.01261964264,-0.06704304174,-0.01261430767
2024-10-31,equal-weight hold,130537.1801,130592.9728,328.20727,4,25.90793005,29.8848,99616,-1.455191523e-11,"{""601288.SH"": 7173.4398, ""601398.SH"": 5473.7209, ""601939.SH"": 4008.5701, ""601988.SH"": 6520.6155}",0.002169289432,-0.06501918807,0.002168360645
2024-11-01,equal-weight hold,132410.3124,132466.1052,328.20727,4,25.90793005,29.8848,99616,0,"{""601288.SH"": 7173.4398, ""601398.SH"": 5473.7209, ""601939.SH"": 4008.5701, ""601988.SH"": 6520.6155}",0.01434941632,-0.05160275914,0.01434328588
2024-11-04,equal-weight hold,132446.2156,132502.0083,328.20727,4,25.90793005,29.8848,99616,0,"{""601288.SH"": 7173.4398, ""601398.SH"": 5473.7209, ""601939.SH"": 4008.5701, ""601988.SH"": 6520.6155}",0.0002711506274,-0.05134560064,0.0002710364228
2024-11-05,equal-weight hold,132949.8282,133005.6209,328.20727,4,25.90793005,29.8848,99616,0,"{""601288.SH"": 7173.4398, ""601398.SH"": 5473.7209, ""601939.SH"": 4008.5701, ""601988.SH"": 6520.6155}",0.003802393504,-0.04773844331,0.003800792427
2024-11-06,equal-weight hold,131834.8467,131890.6395,328.20727,4,25.90793005,29.8848,99616,0,"{""601288.SH"": 7173.4398, ""601398.SH"": 5473.7209, ""601939.SH"": 4008.5701, ""601988.SH"": 6520.6155}",-0.008386483016,-0.05572456868,-0.008382965083
2024-11-07,equal-weight hold,132894.7773,132950.57,328.20727,4,25.90793005,29.8848,99616,0,"{""601288.SH"": 7173.4398, ""601398.SH"": 5473.7209, ""601939.SH"": 4008.5701, ""601988.SH"": 6520.6155}",0.008039835852,-0.04813274922,0.00803643482
2024-11-08,equal-weight hold,131676.9683,131732.761,328.20727,4,25.90793005,29.8848,99616,0,"{""601288.SH"": 7173.4398, ""601398.SH"": 5473.7209, ""601939.SH"": 4008.5701, ""601988.SH"": 6520.6155}",-0.009163708294,-0.05685538304,-0.009159862743
2024-11-11,equal-weight hold,130064.7793,130120.572,328.20727,4,25.90793005,29.8848,99616,0,"{""601288.SH"": 7173.4398, ""601398.SH"": 5473.7209, ""601939.SH"": 4008.5701, ""601988.SH"": 6520.6155}",-0.01224351581,-0.06840278907,-0.01223833032
2024-11-12,equal-weight hold,129228.052,129283.8447,328.20727,4,25.90793005,29.8848,99616,-1.455191523e-11,"{""601288.SH"": 7173.4398, ""601398.SH"": 5473.7209, ""601939.SH"": 4008.5701, ""601988.SH"": 6520.6155}",-0.006433157791,-0.07439590092,-0.0064303994
2024-11-13,equal-weight hold,129794.5251,129850.3178,328.20727,4,25.90793005,29.8848,99616,0,"{""601288.SH"": 7173.4398, ""601398.SH"": 5473.7209, ""601939.SH"": 4008.5701, ""601988.SH"": 6520.6155}",0.004383514996,-0.07033850148,0.00438162328
2024-11-14,equal-weight hold,130504.7807,130560.5735,328.20727,4,25.90793005,29.8848,99616,-1.455191523e-11,"{""601288.SH"": 7173.4398, ""601398.SH"": 5473.7209, ""601939.SH"": 4008.5701, ""601988.SH"": 6520.6155}",0.005472154081,-0.06525125051,0.005469802863
2024-11-15,equal-weight hold,130597.453,130653.2458,328.20727,4,25.90793005,29.8848,99616,0,"{""601288.SH"": 7173.4398, ""601398.SH"": 5473.7209, ""601939.SH"": 4008.5701, ""601988.SH"": 6520.6155}",0.0007101064775,-0.06458747937,0.0007098030262
2024-11-18,equal-weight hold,133314.6897,133370.4825,328.20727,4,25.90793005,29.8848,99616,0,"{""601288.SH"": 7173.4398, ""601398.SH"": 5473.7209, ""601939.SH"": 4008.5701, ""601988.SH"": 6520.6155}",0.02080619977,-0.0451250996,0.02079731492
2024-11-19,equal-weight hold,132406.2281,132462.0208,328.20727,4,25.90793005,29.8848,99616,0,"{""601288.SH"": 7173.4398, ""601398.SH"": 5473.7209, ""601939.SH"": 4008.5701, ""601988.SH"": 6520.6155}",-0.006814415187,-0.05163201362,-0.00681156452
2024-11-20,equal-weight hold,132364.5474,132420.3401,328.20727,4,25.90793005,29.8848,99616,0,"{""601288.SH"": 7173.4398, ""601398.SH"": 5473.7209, ""601939.SH"": 4008.5701, ""601988.SH"": 6520.6155}",-0.0003147942771,-0.05193055443,-0.0003146616864
2024-11-21,equal-weight hold,132269.7245,132325.5172,328.20727,4,25.90793005,29.8848,99616,0,"{""601288.SH"": 7173.4398, ""601398.SH"": 5473.7209, ""601939.SH"": 4008.5701, ""601988.SH"": 6520.6155}",-0.0007163769495,-0.05260972953,-0.000716075118
2024-11-22,equal-weight hold,130602.7982,130658.5909,328.20727,4,25.90793005,29.8848,99616,0,"{""601288.SH"": 7173.4398, ""601398.SH"": 5473.7209, ""601939.SH"": 4008.5701, ""601988.SH"": 6520.6155}",-0.0126024777,-0.06454919429,-0.01259716409
2024-11-25,equal-weight hold,131087.8186,131143.6114,328.20727,4,25.90793005,29.8848,99616,0,"{""601288.SH"": 7173.4398, ""601398.SH"": 5473.7209, ""601939.SH"": 4008.5701, ""601988.SH"": 6520.6155}",0.003713706183,-0.06107520485,0.003712120388
2024-11-26,equal-weight hold,133076.8349,133132.6277,328.20727,4,25.90793005,29.8848,99616,0,"{""601288.SH"": 7173.4398, ""601398.SH"": 5473.7209, ""601939.SH"": 4008.5701, ""601988.SH"": 6520.6155}",0.01517315908,-0.04682874956,0.01516670393
2024-11-27,equal-weight hold,134085.969,134141.7617,328.20727,4,25.90793005,29.8848,99616,0,"{""601288.SH"": 7173.4398, ""601398.SH"": 5473.7209, ""601939.SH"": 4008.5701, ""601988.SH"": 6520.6155}",0.007583093039,-0.03960076329,0.007579915144
2024-11-28,equal-weight hold,134029.323,134085.1157,328.20727,4,25.90793005,29.8848,99616,0,"{""601288.SH"": 7173.4398, ""601398.SH"": 5473.7209, ""601939.SH"": 4008.5701, ""601988.SH"": 6520.6155}",-0.0004224600891,-0.04000649363,-0.0004222843779
2024-11-29,equal-weight hold,133152.5101,133208.3028,328.20727,4,25.90793005,29.8848,99616,0,"{""601288.SH"": 7173.4398, ""601398.SH"": 5473.7209, ""601939.SH"": 4008.5701, ""601988.SH"": 6520.6155}",-0.006541948655,-0.04628672186,-0.006539226554
2024-12-02,equal-weight hold,132954.4272,133010.22,328.20727,4,25.90793005,29.8848,99616,0,"{""601288.SH"": 7173.4398, ""601398.SH"": 5473.7209, ""601939.SH"": 4008.5701, ""601988.SH"": 6520.6155}",-0.00148763869,-0.04770550263,-0.00148701561
2024-12-03,equal-weight hold,134937.229,134993.0218,328.20727,4,25.90793005,29.8848,99616,0,"{""601288.SH"": 7173.4398, ""601398.SH"": 5473.7209, ""601939.SH"": 4008.5701, ""601988.SH"": 6520.6155}",0.01491339449,-0.03350355912,0.01490713889
2024-12-04,equal-weight hold,135965.8246,136021.6173,328.20727,4,25.90793005,29.8848,99616,0,"{""601288.SH"": 7173.4398, ""601398.SH"": 5473.7209, ""601939.SH"": 4008.5701, ""601988.SH"": 6520.6155}",0.007622770804,-0.02613617827,0.007619620306
2024-12-05,equal-weight hold,136002.2834,136058.0761,328.20727,4,25.90793005,29.8848,99616,0,"{""601288.SH"": 7173.4398, ""601398.SH"": 5473.7209, ""601939.SH"": 4008.5701, ""601988.SH"": 6520.6155}",0.0002681463404,-0.02587504025,0.0002680363534
2024-12-06,equal-weight hold,136836.6649,136892.4577,328.20727,4,25.90793005,29.8848,99616,0,"{""601288.SH"": 7173.4398, ""601398.SH"": 5473.7209, ""601939.SH"": 4008.5701, ""601988.SH"": 6520.6155}",0.006135055576,-0.01989872949,0.006132539801
2024-12-09,equal-weight hold,137512.9307,137568.7234,328.20727,4,25.90793005,29.8848,99616,0,"{""601288.SH"": 7173.4398, ""601398.SH"": 5473.7209, ""601939.SH"": 4008.5701, ""601988.SH"": 6520.6155}",0.0049421386,-0.01505493317,0.004940124352
2024-12-10,equal-weight hold,139219.5057,139275.2985,328.20727,4,25.90793005,29.8848,99616,0,"{""601288.SH"": 7173.4398, ""601398.SH"": 5473.7209, ""601939.SH"": 4008.5701, ""601988.SH"": 6520.6155}",0.01241028771,-0.002831481506,0.01240525456
2024-12-11,equal-weight hold,136880.5008,136936.2935,328.20727,4,25.90793005,29.8848,99616,0,"{""601288.SH"": 7173.4398, ""601398.SH"": 5473.7209, ""601939.SH"": 4008.5701, ""601988.SH"": 6520.6155}",-0.01680084224,-0.01958475247,-0.01679411194
2024-12-12,equal-weight hold,138770.3166,138826.1093,328.20727,4,25.90793005,29.8848,99616,0,"{""601288.SH"": 7173.4398, ""601398.SH"": 5473.7209, ""601939.SH"": 4008.5701, ""601988.SH"": 6520.6155}",0.01380631852,-0.006048827287,0.01380069333
2024-12-13,equal-weight hold,138220.4037,138276.1965,328.20727,4,25.90793005,29.8848,99616,0,"{""601288.SH"": 7173.4398, ""601398.SH"": 5473.7209, ""601939.SH"": 4008.5701, ""601988.SH"": 6520.6155}",-0.003962755497,-0.009987612761,-0.003961162908
2024-12-16,equal-weight hold,140898.7378,140954.5305,328.20727,4,25.90793005,29.8848,99616,0,"{""601288.SH"": 7173.4398, ""601398.SH"": 5473.7209, ""601939.SH"": 4008.5701, ""601988.SH"": 6520.6155}",0.01937726994,0,0.01936945145
2024-12-17,equal-weight hold,141008.2841,141064.0768,328.20727,4,25.90793005,29.8848,99616,0,"{""601288.SH"": 7173.4398, ""601398.SH"": 5473.7209, ""601939.SH"": 4008.5701, ""601988.SH"": 6520.6155}",0.0007774824707,0,0.000777174727
2024-12-18,equal-weight hold,141686.696,141742.4887,328.20727,4,25.90793005,29.8848,99616,0,"{""601288.SH"": 7173.4398, ""601398.SH"": 5473.7209, ""601939.SH"": 4008.5701, ""601988.SH"": 6520.6155}",0.004811149124,0,0.00480924625
2024-12-19,equal-weight hold,140102.2868,140158.0795,328.20727,4,25.90793005,29.8848,99616,0,"{""601288.SH"": 7173.4398, ""601398.SH"": 5473.7209, ""601939.SH"": 4008.5701, ""601988.SH"": 6520.6155}",-0.0111824837,-0.0111824837,-0.01117808205
2024-12-20,equal-weight hold,140516.8541,140572.6468,328.20727,4,25.90793005,29.8848,99616,0,"{""601288.SH"": 7173.4398, ""601398.SH"": 5473.7209, ""601939.SH"": 4008.5701, ""601988.SH"": 6520.6155}",0.002959033091,-0.008256539952,0.002957855188
2024-12-23,equal-weight hold,143736.664,143792.4567,328.20727,4,25.90793005,29.8848,99616,0,"{""601288.SH"": 7173.4398, ""601398.SH"": 5473.7209, ""601939.SH"": 4008.5701, ""601988.SH"": 6520.6155}",0.02291404775,0,0.02290495326
2024-12-24,equal-weight hold,145702.7824,145758.5751,328.20727,4,25.90793005,29.8848,99616,0,"{""601288.SH"": 7173.4398, ""601398.SH"": 5473.7209, ""601939.SH"": 4008.5701, ""601988.SH"": 6520.6155}",0.0136786142,0,0.01367330677
2024-12-25,equal-weight hold,147931.4904,147987.2831,328.20727,4,25.90793005,29.8848,99616,0,"{""601288.SH"": 7173.4398, ""601398.SH"": 5473.7209, ""601939.SH"": 4008.5701, ""601988.SH"": 6520.6155}",0.01529626242,0,0.01529040739
2024-12-26,equal-weight hold,147539.3841,147595.1768,328.20727,4,25.90793005,29.8848,99616,0,"{""601288.SH"": 7173.4398, ""601398.SH"": 5473.7209, ""601939.SH"": 4008.5701, ""601988.SH"": 6520.6155}",-0.002650593654,-0.002650593654,-0.002649594353
2024-12-27,equal-weight hold,147185.4548,147241.2475,328.20727,4,25.90793005,29.8848,99616,0,"{""601288.SH"": 7173.4398, ""601398.SH"": 5473.7209, ""601939.SH"": 4008.5701, ""601988.SH"": 6520.6155}",-0.00239888035,-0.005043115547,-0.002397973545
2024-12-30,equal-weight hold,148226.3607,148282.1534,328.20727,4,25.90793005,29.8848,99616,0,"{""601288.SH"": 7173.4398, ""601398.SH"": 5473.7209, ""601939.SH"": 4008.5701, ""601988.SH"": 6520.6155}",0.007072070401,0,0.007069390649
2024-12-31,equal-weight hold,147676.4479,147732.2406,328.20727,4,25.90793005,29.8848,99616,0,"{""601288.SH"": 7173.4398, ""601398.SH"": 5473.7209, ""601939.SH"": 4008.5701, ""601988.SH"": 6520.6155}",-0.003709953022,-0.003709953022,-0.003708557113
2025-01-02,equal-weight hold,144300.7196,144356.5123,328.20727,4,25.90793005,29.8848,99616,0,"{""601288.SH"": 7173.4398, ""601398.SH"": 5473.7209, ""601939.SH"": 4008.5701, ""601988.SH"": 6520.6155}",-0.02285894832,-0.02648409571,-0.02285031538
2025-01-03,equal-weight hold,142837.972,142893.7647,328.20727,4,25.90793005,29.8848,99616,0,"{""601288.SH"": 7173.4398, ""601398.SH"": 5473.7209, ""601939.SH"": 4008.5701, ""601988.SH"": 6520.6155}",-0.01013680047,-0.03635243219,-0.01013288267
2025-01-06,equal-weight hold,143644.7687,143700.5614,328.20727,4,25.90793005,29.8848,99616,0,"{""601288.SH"": 7173.4398, ""601398.SH"": 5473.7209, ""601939.SH"": 4008.5701, ""601988.SH"": 6520.6155}",0.005648335256,-0.03090942766,0.005646129869
2025-01-07,equal-weight hold,145732.7374,145788.5301,328.20727,4,25.90793005,29.8848,99616,0,"{""601288.SH"": 7173.4398, ""601398.SH"": 5589.7674, ""601939.SH"": 4008.5701, ""601988.SH"": 6520.6155}",0.01453564041,-0.01682307558,0.01452999685
2025-01-08,equal-weight hold,147569.9824,147625.7751,328.20727,4,25.90793005,29.8848,99616,0,"{""601288.SH"": 7340.8088, ""601398.SH"": 5589.7674, ""601939.SH"": 4008.5701, ""601988.SH"": 6520.6155}",0.01260694725,-0.004428215948,0.01260212262
2025-01-09,equal-weight hold,146284.9391,146340.7318,328.20727,4,25.90793005,29.8848,99616,0,"{""601288.SH"": 7340.8088, ""601398.SH"": 5589.7674, ""601939.SH"": 4008.5701, ""601988.SH"": 6520.6155}",-0.008708026152,-0.01309768108,-0.008704735097
2025-01-10,equal-weight hold,145251.7061,145307.4988,328.20727,4,25.90793005,29.8848,99616,0,"{""601288.SH"": 7340.8088, ""601398.SH"": 5589.7674, ""601939.SH"": 4102.2805, ""601988.SH"": 6520.6155}",-0.007063153676,-0.02006832382,-0.007060460833
2025-01-13,equal-weight hold,143038.1393,143093.932,328.20727,4,25.90793005,29.8848,99616,0,"{""601288.SH"": 7340.8088, ""601398.SH"": 5589.7674, ""601939.SH"": 4102.2805, ""601988.SH"": 6520.6155}",-0.01523952341,-0.03500201554,-0.01523367199
2025-01-14,equal-weight hold,143885.5708,143941.3635,328.20727,4,25.90793005,29.8848,99616,0,"{""601288.SH"": 7340.8088, ""601398.SH"": 5589.7674, ""601939.SH"": 4102.2805, ""601988.SH"": 6520.6155}",0.005924514343,-0.02928487114,0.005922204358
2025-01-15,equal-weight hold,144274.5946,144330.3874,328.20727,4,25.90793005,29.8848,99616,0,"{""601288.SH"": 7340.8088, ""601398.SH"": 5589.7674, ""601939.SH"": 4102.2805, ""601988.SH"": 6520.6155}",0.002703702899,-0.02666034583,0.002702654924
2025-01-16,equal-weight hold,145544.245,145600.0378,328.20727,4,25.90793005,29.8848,99616,0,"{""601288.SH"": 7340.8088, ""601398.SH"": 5589.7674, ""601939.SH"": 4102.2805, ""601988.SH"": 6520.6155}",0.008800235276,-0.01809472787,0.008796833434
2025-01-17,equal-weight hold,144098.0287,144153.8215,328.20727,4,25.90793005,29.8848,99616,0,"{""601288.SH"": 7340.8088, ""601398.SH"": 5589.7674, ""601939.SH"": 4102.2805, ""601988.SH"": 6520.6155}",-0.009936609247,-0.02785153688,-0.00993280162
2025-01-20,equal-weight hold,143114.867,143170.6598,328.20727,4,25.90793005,29.8848,99616,0,"{""601288.SH"": 7340.8088, ""601398.SH"": 5589.7674, ""601939.SH"": 4102.2805, ""601988.SH"": 6520.6155}",-0.006822867083,-0.03448437662,-0.006820226387
2025-01-21,equal-weight hold,142921.0261,142976.8188,328.20727,4,25.90793005,29.8848,99616,0,"{""601288.SH"": 7340.8088, ""601398.SH"": 5589.7674, ""601939.SH"": 4102.2805, ""601988.SH"": 6520.6155}",-0.001354443209,-0.0357921127,-0.00135391539
2025-01-22,equal-weight hold,140656.5974,140712.3901,328.20727,4,25.90793005,29.8848,99616,0,"{""601288.SH"": 7340.8088, ""601398.SH"": 5589.7674, ""601939.SH"": 4102.2805, ""601988.SH"": 6520.6155}",-0.01584391597,-0.05106894145,-0.01583773332
2025-01-23,equal-weight hold,144948.9826,145004.7753,328.20727,4,25.90793005,29.8848,99616,0,"{""601288.SH"": 7340.8088, ""601398.SH"": 5589.7674, ""601939.SH"": 4102.2805, ""601988.SH"": 6671.3827}",0.03051677121,-0.02211062944,0.03050467125
2025-01-24,equal-weight hold,144534.8542,144590.6469,328.20727,4,25.90793005,29.8848,99616,0,"{""601288.SH"": 7340.8088, ""601398.SH"": 5589.7674, ""601939.SH"": 4102.2805, ""601988.SH"": 6671.3827}",-0.002857063173,-0.02490452115,-0.002855963876
2025-01-27,equal-weight hold,147721.5064,147777.2991,328.20727,4,25.90793005,29.8848,99616,0,"{""601288.SH"": 7340.8088, ""601398.SH"": 5589.7674, ""601939.SH"": 4102.2805, ""601988.SH"": 6671.3827}",0.02204763858,-0.003405968452,0.02203913112
2025-02-05,equal-weight hold,144663.703,144719.4957,328.20727,4,25.90793005,29.8848,99616,0,"{""601288.SH"": 7340.8088, ""601398.SH"": 5589.7674, ""601939.SH"": 4102.2805, ""601988.SH"": 6671.3827}",-0.0206997847,-0.02403525034,-0.02069196958
2025-02-06,equal-weight hold,144292.776,144348.5688,328.20727,4,25.90793005,29.8848,99616,0,"{""601288.SH"": 7340.8088, ""601398.SH"": 5589.7674, ""601939.SH"": 4102.2805, ""601988.SH"": 6671.3827}",-0.002564063804,-0.02653768623,-0.002563075297
2025-02-07,equal-weight hold,143848.441,143904.2337,328.20727,4,25.90793005,29.8848,99616,0,"{""601288.SH"": 7340.8088, ""601398.SH"": 5589.7674, ""601939.SH"": 4102.2805, ""601988.SH"": 6671.3827}",-0.003079399154,-0.02953536526,-0.003078208923
2025-02-10,equal-weight hold,143669.9318,143725.7245,328.20727,4,25.90793005,29.8848,99616,0,"{""601288.SH"": 7340.8088, ""601398.SH"": 5589.7674, ""601939.SH"": 4102.2805, ""601988.SH"": 6671.3827}",-0.001240953152,-0.0307396664,-0.001240472026
2025-02-11,equal-weight hold,147092.5832,147148.3759,328.20727,4,25.90793005,29.8848,99616,0,"{""601288.SH"": 7340.8088, ""601398.SH"": 5589.7674, ""601939.SH"": 4102.2805, ""601988.SH"": 6671.3827}",0.02382301797,-0.00764896006,0.02381377014
2025-02-12,equal-weight hold,148426.713,148482.5057,328.20727,4,25.90793005,29.8848,99616,0,"{""601288.SH"": 7340.8088, ""601398.SH"": 5589.7674, ""601939.SH"": 4102.2805, ""601988.SH"": 6671.3827}",0.009070000375,0,0.009066561396
2025-02-13,equal-weight hold,149180.743,149236.5358,328.20727,4,25.90793005,29.8848,99616,0,"{""601288.SH"": 7340.8088, ""601398.SH"": 5589.7674, ""601939.SH"": 4102.2805, ""601988.SH"": 6671.3827}",0.005080150748,0,0.005078241867
2025-02-14,equal-weight hold,149674.4537,149730.2464,328.20727,4,25.90793005,29.8848,99616,0,"{""601288.SH"": 7340.8088, ""601398.SH"": 5589.7674, ""601939.SH"": 4102.2805, ""601988.SH"": 6671.3827}",0.00330947981,0,0.003308242547
2025-02-17,equal-weight hold,149845.0808,149900.8735,328.20727,4,25.90793005,29.8848,99616,0,"{""601288.SH"": 7340.8088, ""601398.SH"": 5589.7674, ""601939.SH"": 4102.2805, ""601988.SH"": 6671.3827}",0.001139988206,0,0.001139563422
2025-02-18,equal-weight hold,152026.5166,152082.3093,328.20727,4,25.90793005,29.8848,99616,0,"{""601288.SH"": 7340.8088, ""601398.SH"": 5589.7674, ""601939.SH"": 4102.2805, ""601988.SH"": 6671.3827}",0.01455794053,0,0.0145525221
2025-02-19,equal-weight hold,151186.0836,151241.8764,328.20727,4,25.90793005,29.8848,99616,0,"{""601288.SH"": 7340.8088, ""601398.SH"": 5589.7674, ""601939.SH"": 4102.2805, ""601988.SH"": 6671.3827}",-0.00552819973,-0.00552819973,-0.005526171661
2025-02-20,equal-weight hold,151634.0205,151689.8132,328.20727,4,25.90793005,29.8848,99616,0,"{""601288.SH"": 7340.8088, ""601398.SH"": 5589.7674, ""601939.SH"": 4102.2805, ""601988.SH"": 6671.3827}",0.002962818027,-0.002581760753,0.002961725051
2025-02-21,equal-weight hold,148960.1389,149015.9316,328.20727,4,25.90793005,29.8848,99616,0,"{""601288.SH"": 7340.8088, ""601398.SH"": 5589.7674, ""601939.SH"": 4102.2805, ""601988.SH"": 6671.3827}",-0.01763378444,-0.02017001898,-0.01762729859
2025-02-24,equal-weight hold,147863.2098,147919.0026,328.20727,4,25.90793005,29.8848,99616,0,"{""601288.SH"": 7340.8088, ""601398.SH"": 5589.7674, ""601939.SH"": 4102.2805, ""601988.SH"": 6671.3827}",-0.007363909752,-0.02738539853,-0.007361152646
2025-02-25,equal-weight hold,146813.541,146869.3337,328.20727,4,25.90793005,29.8848,99616,0,"{""601288.SH"": 7340.8088, ""601398.SH"": 5589.7674, ""601939.SH"": 4102.2805, ""601988.SH"": 6671.3827}",-0.007098918445,-0.03428991026,-0.007096240845
2025-02-26,equal-weight hold,147496.4048,147552.1975,328.20727,4,25.90793005,29.8848,99616,0,"{""601288.SH"": 7340.8088, ""601398.SH"": 5589.7674, ""601939.SH"": 4102.2805, ""601988.SH"": 6671.3827}",0.004651231701,-0.02979816888,0.004649464791
2025-02-27,equal-weight hold,148367.0444,148422.8371,328.20727,4,25.90793005,29.8848,99616,0,"{""601288.SH"": 7340.8088, ""601398.SH"": 5589.7674, ""601939.SH"": 4102.2805, ""601988.SH"": 6671.3827}",0.005902785235,-0.02407127584,0.005900553262
2025-02-28,equal-weight hold,147324.1329,147379.9257,328.20727,4,25.90793005,29.8848,99616,0,"{""601288.SH"": 7340.8088, ""601398.SH"": 5589.7674, ""601939.SH"": 4102.2805, ""601988.SH"": 6671.3827}",-0.007029266068,-0.0309313385,-0.007026623739
2025-03-03,equal-weight hold,147157.9263,147213.719,328.20727,4,25.90793005,29.8848,99616,0,"{""601288.SH"": 7340.8088, ""601398.SH"": 5589.7674, ""601939.SH"": 4102.2805, ""601988.SH"": 6671.3827}",-0.001128170054,-0.03202461275,-0.00112774297
2025-03-04,equal-weight hold,146074.4489,146130.2417,328.20727,4,25.90793005,29.8848,99616,0,"{""601288.SH"": 7340.8088, ""601398.SH"": 5589.7674, ""601939.SH"": 4102.2805, ""601988.SH"": 6671.3827}",-0.007362684085,-0.03915150973,-0.007359893691
2025-03-05,equal-weight hold,148544.6505,148600.4432,328.20727,4,25.90793005,29.8848,99616,0,"{""601288.SH"": 7340.8088, ""601398.SH"": 5589.7674, ""601939.SH"": 4102.2805, ""601988.SH"": 6671.3827}",0.01691056541,-0.02290301848,0.01690410893
2025-03-06,equal-weight hold,147302.627,147358.4197,328.20727,4,25.90793005,29.8848,99616,0,"{""601288.SH"": 7340.8088, ""601398.SH"": 5589.7674, ""601939.SH"": 4102.2805, ""601988.SH"": 6671.3827}",-0.008361280432,-0.03107280036,-0.00835814115
2025-03-07,equal-weight hold,146738.316,146794.1087,328.20727,4,25.90793005,29.8848,99616,0,"{""601288.SH"": 7340.8088, ""601398.SH"": 5589.7674, ""601939.SH"": 4102.2805, ""601988.SH"": 6671.3827}",-0.003830963652,-0.03478472524,-0.003829513176
2025-03-10,equal-weight hold,145637.3282,145693.121,328.20727,4,25.90793005,29.8848,99616,0,"{""601288.SH"": 7340.8088, ""601398.SH"": 5589.7674, ""601939.SH"": 4102.2805, ""601988.SH"": 6671.3827}",-0.007503069173,-0.04202680221,-0.007500217446
2025-03-11,equal-weight hold,146378.6621,146434.4548,328.20727,4,25.90793005,29.8848,99616,0,"{""601288.SH"": 7340.8088, ""601398.SH"": 5589.7674, ""601939.SH"": 4102.2805, ""601988.SH"": 6671.3827}",0.005090273537,-0.03715045659,0.005088324233
2025-03-12,equal-weight hold,145185.2695,145241.0622,328.20727,4,25.90793005,29.8848,99616,0,"{""601288.SH"": 7340.8088, ""601398.SH"": 5589.7674, ""601939.SH"": 4102.2805, ""601988.SH"": 6671.3827}",-0.008152776967,-0.04500035417,-0.008149670692
2025-03-13,equal-weight hold,145502.4142,145558.207,328.20727,4,25.90793005,29.8848,99616,0,"{""601288.SH"": 7340.8088, ""601398.SH"": 5589.7674, ""601939.SH"": 4102.2805, ""601988.SH"": 6671.3827}",0.002184414056,-0.04291423952,0.002183574938
2025-03-14,equal-weight hold,145969.8048,146025.5975,328.20727,4,25.90793005,29.8848,99616,0,"{""601288.SH"": 7340.8088, ""601398.SH"": 5589.7674, ""601939.SH"": 4102.2805, ""601988.SH"": 6671.3827}",0.003212252748,-0.03983983816,0.003211021486
2025-03-17,equal-weight hold,146870.651,146926.4437,328.20727,4,25.90793005,29.8848,99616,0,"{""601288.SH"": 7340.8088, ""601398.SH"": 5589.7674, ""601939.SH"": 4102.2805, ""601988.SH"": 6671.3827}",0.006171456173,-0.0339142518,0.006169098214
2025-03-18,equal-weight hold,146618.2768,146674.0696,328.20727,4,25.90793005,29.8848,99616,0,"{""601288.SH"": 7340.8088, ""601398.SH"": 5589.7674, ""601939.SH"": 4102.2805, ""601988.SH"": 6671.3827}",-0.00171834316,-0.03557431864,-0.001717690649
2025-03-19,equal-weight hold,148105.0664,148160.8591,328.20727,4,25.90793005,29.8848,99616,0,"{""601288.SH"": 7340.8088, ""601398.SH"": 5589.7674, ""601939.SH"": 4102.2805, ""601988.SH"": 6671.3827}",0.01014054728,-0.02579451442,0.01013668996
2025-03-20,equal-weight hold,147486.3441,147542.1368,328.20727,4,25.90793005,29.8848,99616,0,"{""601288.SH"": 7340.8088, ""601398.SH"": 5589.7674, ""601939.SH"": 4102.2805, ""601988.SH"": 6671.3827}",-0.004177590619,-0.02986434612,-0.00417601747
2025-03-21,equal-weight hold,146066.7252,146122.518,328.20727,4,25.90793005,29.8848,99616,0,"{""601288.SH"": 7340.8088, ""601398.SH"": 5589.7674, ""601939.SH"": 4102.2805, ""601988.SH"": 6671.3827}",-0.009625425565,-0.03920231464,-0.009621785732
2025-03-24,equal-weight hold,147405.2123,147461.005,328.20727,4,25.90793005,29.8848,99616,0,"{""601288.SH"": 7340.8088, ""601398.SH"": 5589.7674, ""601939.SH"": 4102.2805, ""601988.SH"": 6671.3827}",0.009163531546,-0.03039801474,0.009160032712
2025-03-25,equal-weight hold,148613.9998,148669.7926,328.20727,4,25.90793005,29.8848,99616,0,"{""601288.SH"": 7340.8088, ""601398.SH"": 5589.7674, ""601939.SH"": 4102.2805, ""601988.SH"": 6671.3827}",0.008200439631,-0.02244685219,0.008197336947
2025-03-26,equal-weight hold,148109.2515,148165.0442,328.20727,4,25.90793005,29.8848,99616,0,"{""601288.SH"": 7340.8088, ""601398.SH"": 5589.7674, ""601939.SH"": 4102.2805, ""601988.SH"": 6671.3827}",-0.003396371524,-0.02576698587,-0.003395096936
2025-03-27,equal-weight hold,148830.5025,148886.2953,328.20727,4,25.90793005,29.8848,99616,0,"{""601288.SH"": 7340.8088, ""601398.SH"": 5589.7674, ""601939.SH"": 4102.2805, ""601988.SH"": 6671.3827}",0.004869723192,-0.02102274077,0.004867889459
2025-03-28,equal-weight hold,147867.9674,147923.7602,328.20727,4,25.90793005,29.8848,99616,0,"{""601288.SH"": 7340.8088, ""601398.SH"": 5589.7674, ""601939.SH"": 4102.2805, ""601988.SH"": 6671.3827}",-0.006467324176,-0.02735410406,-0.006464900651
2025-03-31,equal-weight hold,150449.975,150505.7678,328.20727,4,25.90793005,29.8848,99616,0,"{""601288.SH"": 7340.8088, ""601398.SH"": 5589.7674, ""601939.SH"": 4102.2805, ""601988.SH"": 6671.3827}",0.01746157512,-0.01037017469,0.0174549891
2025-04-01,equal-weight hold,148389.78,148445.5728,328.20727,4,25.90793005,29.8848,99616,0,"{""601288.SH"": 7340.8088, ""601398.SH"": 5589.7674, ""601939.SH"": 4102.2805, ""601988.SH"": 6671.3827}",-0.01369355505,-0.02392172518,-0.01368847883
2025-04-02,equal-weight hold,149840.1256,149895.9183,328.20727,4,25.90793005,29.8848,99616,0,"{""601288.SH"": 7340.8088, ""601398.SH"": 5589.7674, ""601939.SH"": 4102.2805, ""601988.SH"": 6671.3827}",0.009773891234,-0.01438164229,0.009770217752
2025-04-03,equal-weight hold,151513.0956,151568.8883,328.20727,4,25.90793005,29.8848,99616,0,"{""601288.SH"": 7340.8088, ""601398.SH"": 5589.7674, ""601939.SH"": 4102.2805, ""601988.SH"": 6671.3827}",0.01116503343,-0.003377180379,0.01116087769
2025-04-07,equal-weight hold,147759.8767,147815.6695,328.20727,4,25.90793005,29.8848,99616,0,"{""601288.SH"": 7340.8088, ""601398.SH"": 5589.7674, ""601939.SH"": 4102.2805, ""601988.SH"": 6671.3827}",-0.02477158062,-0.02806510291,-0.02476246217
2025-04-08,equal-weight hold,149251.8742,149307.667,328.20727,4,25.90793005,29.8848,99616,0,"{""601288.SH"": 7340.8088, ""601398.SH"": 5589.7674, ""601939.SH"": 4102.2805, ""601988.SH"": 6671.3827}",0.01009744671,-0.01825104208,0.01009363545
2025-04-09,equal-weight hold,147822.184,147877.9767,328.20727,4,25.90793005,29.8848,99616,0,"{""601288.SH"": 7340.8088, ""601398.SH"": 5589.7674, ""601939.SH"": 4102.2805, ""601988.SH"": 6671.3827}",-0.009579043996,-0.02765525854,-0.009575464534
2025-04-10,equal-weight hold,147096.4173,147152.21,328.20727,4,25.90793005,29.8848,99616,0,"{""601288.SH"": 7340.8088, ""601398.SH"": 5589.7674, ""601939.SH"": 4102.2805, ""601988.SH"": 6671.3827}",-0.004909727807,-0.03242920656,-0.004907875421
2025-04-11,equal-weight hold,148214.9154,148270.7081,328.20727,4,25.90793005,29.8848,99616,0,"{""601288.SH"": 7340.8088, ""601398.SH"": 5589.7674, ""601939.SH"": 4102.2805, ""601988.SH"": 6671.3827}",0.007603843583,-0.02507194959,0.007600960587
2025-04-14,equal-weight hold,149947.8418,150003.6346,328.20727,4,25.90793005,29.8848,99616,0,"{""601288.SH"": 7340.8088, ""601398.SH"": 5589.7674, ""601939.SH"": 4102.2805, ""601988.SH"": 6671.3827}",0.01169198388,-0.01367310654,0.0116875843
2025-04-15,equal-weight hold,152204.0702,152259.863,328.20727,4,25.90793005,29.8848,99616,0,"{""601288.SH"": 7340.8088, ""601398.SH"": 5589.7674, ""601939.SH"": 4102.2805, ""601988.SH"": 6671.3827}",0.01504675492,0,0.01504115839
2025-04-16,equal-weight hold,154179.8195,154235.6122,328.20727,4,25.90793005,29.8848,99616,0,"{""601288.SH"": 7340.8088, ""601398.SH"": 5589.7674, ""601939.SH"": 4102.2805, ""601988.SH"": 6671.3827}",0.01298092242,0,0.01297616581
2025-04-17,equal-weight hold,154164.9446,154220.7373,328.20727,4,25.90793005,29.8848,99616,0,"{""601288.SH"": 7340.8088, ""601398.SH"": 5589.7674, ""601939.SH"": 4102.2805, ""601988.SH"": 6671.3827}",-9.647740566e-05,-9.647740566e-05,-9.644250622e-05
2025-04-18,equal-weight hold,155742.811,155798.6038,328.20727,4,25.90793005,29.8848,99616,0,"{""601288.SH"": 7340.8088, ""601398.SH"": 5589.7674, ""601939.SH"": 4102.2805, ""601988.SH"": 6671.3827}",0.01023492367,0,0.01023122096
2025-04-21,equal-weight hold,153964.8031,154020.5959,328.20727,4,25.90793005,29.8848,99616,0,"{""601288.SH"": 7340.8088, ""601398.SH"": 5589.7674, ""601939.SH"": 4102.2805, ""601988.SH"": 6671.3827}",-0.01141630815,-0.01141630815,-0.01141221988
2025-04-22,equal-weight hold,156596.4741,156652.2669,328.20727,4,25.90793005,29.8848,99616,0,"{""601288.SH"": 7340.8088, ""601398.SH"": 5589.7674, ""601939.SH"": 4102.2805, ""601988.SH"": 6671.3827}",0.01709267942,0,0.01708648773
2025-04-23,equal-weight hold,155805.48,155861.2727,328.20727,4,25.90793005,29.8848,99616,0,"{""601288.SH"": 7340.8088, ""601398.SH"": 5589.7674, ""601939.SH"": 4102.2805, ""601988.SH"": 6671.3827}",-0.005051162044,-0.005051162044,-0.005049363039
2025-04-24,equal-weight hold,158755.5467,158811.3395,328.20727,4,25.90793005,29.8848,99616,0,"{""601288.SH"": 7340.8088, ""601398.SH"": 5589.7674, ""601939.SH"": 4102.2805, ""601988.SH"": 6671.3827}",0.01893429387,0,0.01892751608
2025-04-25,equal-weight hold,157707.9687,157763.7614,328.20727,4,25.90793005,29.8848,99616,0,"{""601288.SH"": 7340.8088, ""601398.SH"": 5589.7674, ""601939.SH"": 4102.2805, ""601988.SH"": 6811.6688}",-0.006598686158,-0.006598686158,-0.006596367944
2025-04-28,equal-weight hold,159674.5926,159730.3853,328.20727,4,25.90793005,29.8848,99616,0,"{""601288.SH"": 7340.8088, ""601398.SH"": 5589.7674, ""601939.SH"": 4102.2805, ""601988.SH"": 6811.6688}",0.01247003483,0,0.01246562483
2025-04-29,equal-weight hold,159224.7959,159280.5887,328.20727,4,25.90793005,29.8848,99616,0,"{""601288.SH"": 7340.8088, ""601398.SH"": 5589.7674, ""601939.SH"": 4102.2805, ""601988.SH"": 6811.6688}",-0.002816958052,-0.002816958052,-0.002815974108
2025-04-30,equal-weight hold,154134.851,154190.6438,328.20727,4,25.90793005,29.8848,99616,0,"{""601288.SH"": 7340.8088, ""601398.SH"": 5589.7674, ""601939.SH"": 4102.2805, ""601988.SH"": 6811.6688}",-0.03196703669,-0.03469394494,-0.03195583929
2025-05-06,equal-weight hold,153360.0361,153415.8288,328.20727,4,25.90793005,29.8848,99616,0,"{""601288.SH"": 7340.8088, ""601398.SH"": 5589.7674, ""601939.SH"": 4102.2805, ""601988.SH"": 6811.6688}",-0.005026863998,-0.0395464072,-0.005025045065
2025-05-07,equal-weight hold,156297.898,156353.6907,328.20727,4,25.90793005,29.8848,99616,0,"{""601288.SH"": 7340.8088, ""601398.SH"": 5589.7674, ""601939.SH"": 4102.2805, ""601988.SH"": 6811.6688}",0.01915663292,-0.02114735028,0.01914966623
2025-05-08,equal-weight hold,156343.0309,156398.8236,328.20727,4,25.90793005,29.8848,99616,0,"{""601288.SH"": 7340.8088, ""601398.SH"": 5589.7674, ""601939.SH"": 4102.2805, ""601988.SH"": 6811.6688}",0.0002887619833,-0.02086469485,0.0002886589425
2025-05-09,equal-weight hold,158121.1142,158176.9069,328.20727,4,25.90793005,29.8848,99616,0,"{""601288.SH"": 7340.8088, ""601398.SH"": 5589.7674, ""601939.SH"": 4197.0226, ""601988.SH"": 6811.6688}",0.01137296167,-0.009729026552,0.01136890455
2025-05-12,equal-weight hold,157708.5997,157764.3924,328.20727,4,25.90793005,29.8848,99616,0,"{""601288.SH"": 7340.8088, ""601398.SH"": 5589.7674, ""601939.SH"": 4197.0226, ""601988.SH"": 6811.6688}",-0.002608851759,-0.01231249672,-0.002607931555
2025-05-13,equal-weight hold,159557.5711,159613.3639,328.20727,4,25.90793005,29.8848,99616,0,"{""601288.SH"": 7340.8088, ""601398.SH"": 5589.7674, ""601939.SH"": 4197.0226, ""601988.SH"": 6811.6688}",0.01172397372,-0.0007328743956,0.01171982758
2025-05-14,equal-weight hold,159657.1257,159712.9184,328.20727,4,25.90793005,29.8848,99616,0,"{""601288.SH"": 7340.8088, ""601398.SH"": 5589.7674, ""601939.SH"": 4197.0226, ""601988.SH"": 6811.6688}",0.0006239412474,-0.0001093904188,0.0006237231492
2025-05-15,equal-weight hold,159875.4754,159931.2681,328.20727,4,25.90793005,29.8848,99616,0,"{""601288.SH"": 7340.8088, ""601398.SH"": 5589.7674, ""601939.SH"": 4197.0226, ""601988.SH"": 6811.6688}",0.001367616582,0,0.001367138831
2025-05-16,equal-weight hold,158264.4265,158320.2192,328.20727,4,25.90793005,29.8848,99616,0,"{""601288.SH"": 7340.8088, ""601398.SH"": 5589.7674, ""601939.SH"": 4197.0226, ""601988.SH"": 6811.6688}",-0.01007689837,-0.01007689837,-0.010073383
2025-05-19,equal-weight hold,157600.4377,157656.2304,328.20727,4,25.90793005,29.8848,99616,0,"{""601288.SH"": 7340.8088, ""601398.SH"": 5589.7674, ""601939.SH"": 4197.0226, ""601988.SH"": 6811.6688}",-0.004195439273,-0.01423006063,-0.004193960782
2025-05-20,equal-weight hold,157729.7435,157785.5362,328.20727,4,25.90793005,29.8848,99616,0,"{""601288.SH"": 7340.8088, ""601398.SH"": 5589.7674, ""601939.SH"": 4197.0226, ""601988.SH"": 6811.6688}",0.0008204657561,-0.01342127015,0.0008201754027
2025-05-21,equal-weight hold,157969.1361,158024.9289,328.20727,4,25.90793005,29.8848,99616,0,"{""601288.SH"": 7340.8088, ""601398.SH"": 5589.7674, ""601939.SH"": 4197.0226, ""601988.SH"": 6811.6688}",0.001517739594,-0.01192390055,0.001517202924
2025-05-22,equal-weight hold,158145.6818,158201.4745,328.20727,4,25.90793005,29.8848,99616,0,"{""601288.SH"": 7340.8088, ""601398.SH"": 5589.7674, ""601939.SH"": 4197.0226, ""601988.SH"": 6811.6688}",0.001117595547,-0.0108196311,0.001117200965
2025-05-23,equal-weight hold,156621.8023,156677.595,328.20727,4,25.90793005,29.8848,99616,0,"{""601288.SH"": 7340.8088, ""601398.SH"": 5589.7674, ""601939.SH"": 4197.0226, ""601988.SH"": 6811.6688}",-0.009635922158,-0.02035129614,-0.009632523869
2025-05-26,equal-weight hold,155583.8959,155639.6886,328.20727,4,25.90793005,29.8848,99616,0,"{""601288.SH"": 7340.8088, ""601398.SH"": 5589.7674, ""601939.SH"": 4197.0226, ""601988.SH"": 6811.6688}",-0.006626832246,-0.02684326376,-0.006624472438
2025-05-27,equal-weight hold,156326.5119,156382.3047,328.20727,4,25.90793005,29.8848,99616,0,"{""601288.SH"": 7340.8088, ""601398.SH"": 5589.7674, ""601939.SH"": 4197.0226, ""601988.SH"": 6811.6688}",0.004773090777,-0.02219829832,0.00477137975
2025-05-28,equal-weight hold,155908.9156,155964.7084,328.20727,4,25.90793005,29.8848,99616,0,"{""601288.SH"": 7340.8088, ""601398.SH"": 5589.7674, ""601939.SH"": 4197.0226, ""601988.SH"": 6811.6688}",-0.002671308114,-0.02481030794,-0.002670355068
2025-05-29,equal-weight hold,155475.4956,155531.2883,328.20727,4,25.90793005,29.8848,99616,0,"{""601288.SH"": 7340.8088, ""601398.SH"": 5589.7674, ""601939.SH"": 4197.0226, ""601988.SH"": 6811.6688}",-0.00277995676,-0.02752129311,-0.002778962295
2025-05-30,equal-weight hold,155942.0619,155997.8547,328.20727,4,25.90793005,29.8848,99616,0,"{""601288.SH"": 7340.8088, ""601398.SH"": 5589.7674, ""601939.SH"": 4197.0226, ""601988.SH"": 6811.6688}",0.003000899518,-0.02460298223,0.002999823025
2025-06-03,equal-weight hold,156585.1957,156640.9884,328.20727,4,25.90793005,29.8848,99616,0,"{""601288.SH"": 7340.8088, ""601398.SH"": 5589.7674, ""601939.SH"": 4197.0226, ""601988.SH"": 6811.6688}",0.004124183815,-0.02058026564,0.004122708798
2025-06-04,equal-weight hold,156071.4181,156127.2109,328.20727,4,25.90793005,29.8848,99616,0,"{""601288.SH"": 7340.8088, ""601398.SH"": 5589.7674, ""601939.SH"": 4197.0226, ""601988.SH"": 6811.6688}",-0.003281137332,-0.02379387629,-0.003279968649
2025-06-05,equal-weight hold,155880.9955,155936.7882,328.20727,4,25.90793005,29.8848,99616,0,"{""601288.SH"": 7340.8088, ""601398.SH"": 5589.7674, ""601939.SH"": 4197.0226, ""601988.SH"": 6811.6688}",-0.001220099228,-0.02498494463,-0.001219663221
2025-06-06,equal-weight hold,156094.2922,156150.0849,328.20727,4,25.90793005,29.8848,99616,0,"{""601288.SH"": 7340.8088, ""601398.SH"": 5589.7674, ""601939.SH"": 4197.0226, ""601988.SH"": 6811.6688}",0.001368330042,-0.02365080224,0.001367840467
2025-06-09,equal-weight hold,155531.5664,155587.3591,328.20727,4,25.90793005,29.8848,99616,0,"{""601288.SH"": 7340.8088, ""601398.SH"": 5589.7674, ""601939.SH"": 4197.0226, ""601988.SH"": 6811.6688}",-0.003605037689,-0.02717057789,-0.003603749602
2025-06-10,equal-weight hold,156041.7896,156097.5823,328.20727,4,25.90793005,29.8848,99616,0,"{""601288.SH"": 7340.8088, ""601398.SH"": 5589.7674, ""601939.SH"": 4197.0226, ""601988.SH"": 6811.6688}",0.003280512293,-0.02397919901,0.00327933592
2025-06-11,equal-weight hold,155807.5004,155863.2931,328.20727,4,25.90793005,29.8848,99616,0,"{""601288.SH"": 7340.8088, ""601398.SH"": 5589.7674, ""601939.SH"": 4197.0226, ""601988.SH"": 6811.6688}",-0.001501451372,-0.02544464678,-0.00150091472
2025-06-12,equal-weight hold,155699.1002,155754.8929,328.20727,4,25.90793005,29.8848,99616,0,"{""601288.SH"": 7340.8088, ""601398.SH"": 5589.7674, ""601939.SH"": 4197.0226, ""601988.SH"": 6811.6688}",-0.000695732009,-0.02612267614,-0.0006954829652
2025-06-13,equal-weight hold,154628.1197,154683.9124,328.20727,4,25.90793005,29.8848,99616,0,"{""601288.SH"": 7340.8088, ""601398.SH"": 5589.7674, ""601939.SH"": 4197.0226, ""601988.SH"": 6811.6688}",-0.006878527141,-0.03282151774,-0.006876063194
2025-06-16,equal-weight hold,155987.8822,156043.675,328.20727,4,25.90793005,29.8848,99616,0,"{""601288.SH"": 7340.8088, ""601398.SH"": 5589.7674, ""601939.SH"": 4197.0226, ""601988.SH"": 6811.6688}",0.008793759889,-0.0243163824,0.00879058808
2025-06-17,equal-weight hold,156244.8071,156300.5998,328.20727,4,25.90793005,29.8848,99616,0,"{""601288.SH"": 7340.8088, ""601398.SH"": 5589.7674, ""601939.SH"": 4197.0226, ""601988.SH"": 6811.6688}",0.001647082271,-0.02270935121,0.001646493364
2025-06-18,equal-weight hold,159077.5828,159133.3755,328.20727,4,25.90793005,29.8848,99616,0,"{""601288.SH"": 7340.8088, ""601398.SH"": 5589.7674, ""601939.SH"": 4197.0226, ""601988.SH"": 6811.6688}",0.01813036678,-0.004990713302,0.018123895
2025-06-19,equal-weight hold,159702.946,159758.7387,328.20727,4,25.90793005,29.8848,99616,0,"{""601288.SH"": 7340.8088, ""601398.SH"": 5589.7674, ""601939.SH"": 4197.0226, ""601988.SH"": 6811.6688}",0.003931183781,-0.001079148931,0.003929805494
2025-06-20,equal-weight hold,161032.7694,161088.5622,328.20727,4,25.90793005,29.8848,99616,0,"{""601288.SH"": 7340.8088, ""601398.SH"": 5589.7674, ""601939.SH"": 4197.0226, ""601988.SH"": 6811.6688}",0.008326856179,0,0.008323948181
2025-06-23,equal-weight hold,163816.5316,163872.3243,328.20727,4,25.90793005,29.8848,99616,0,"{""601288.SH"": 7340.8088, ""601398.SH"": 5589.7674, ""601939.SH"": 4197.0226, ""601988.SH"": 6811.6688}",0.01728692965,0,0.01728094235
2025-06-24,equal-weight hold,165411.7567,165467.5495,328.20727,4,25.90793005,29.8848,99616,0,"{""601288.SH"": 7340.8088, ""601398.SH"": 5589.7674, ""601939.SH"": 4197.0226, ""601988.SH"": 6811.6688}",0.009737876505,0,0.009734561103
2025-06-25,equal-weight hold,166778.2877,166834.0804,328.20727,4,25.90793005,29.8848,99616,0,"{""601288.SH"": 7340.8088, ""601398.SH"": 5589.7674, ""601939.SH"": 4197.0226, ""601988.SH"": 6811.6688}",0.008261389429,0,0.008258603835
2025-06-26,equal-weight hold,167786.5151,167842.3078,328.20727,4,25.90793005,29.8848,99616,0,"{""601288.SH"": 7340.8088, ""601398.SH"": 5589.7674, ""601939.SH"": 4197.0226, ""601988.SH"": 6811.6688}",0.006045315795,0,0.006043294118
2025-06-27,equal-weight hold,162886.8662,162942.6589,328.20727,4,25.90793005,29.8848,99616,0,"{""601288.SH"": 7340.8088, ""601398.SH"": 5589.7674, ""601939.SH"": 4197.0226, ""601988.SH"": 6811.6688}",-0.02920168455,-0.02920168455,-0.02919197758
2025-06-30,equal-weight hold,163819.9702,163875.763,328.20727,4,25.90793005,29.8848,99616,0,"{""601288.SH"": 7340.8088, ""601398.SH"": 5589.7674, ""601939.SH"": 4197.0226, ""601988.SH"": 6811.6688}",0.005728540624,-0.02364042697,0.00572657913
2025-07-01,equal-weight hold,166136.0648,166191.8576,328.20727,4,25.90793005,29.8848,99616,0,"{""601288.SH"": 7340.8088, ""601398.SH"": 5589.7674, ""601939.SH"": 4197.0226, ""601988.SH"": 6811.6688}",0.01413804797,-0.009836608488,0.01413323456
2025-07-02,equal-weight hold,166604.5275,166660.3202,328.20727,4,25.90793005,29.8848,99616,0,"{""601288.SH"": 7340.8088, ""601398.SH"": 5589.7674, ""601939.SH"": 4197.0226, ""601988.SH"": 6811.6688}",0.002819752931,-0.007044592363,0.002818806304
2025-07-03,equal-weight hold,165620.6007,165676.3934,328.20727,4,25.90793005,29.8848,99616,0,"{""601288.SH"": 7340.8088, ""601398.SH"": 5589.7674, ""601939.SH"": 4197.0226, ""601988.SH"": 6811.6688}",-0.005905762893,-0.01290875156,-0.005903785826
2025-07-04,equal-weight hold,167871.316,167927.1087,328.20727,4,25.90793005,29.8848,99616,0,"{""601288.SH"": 7340.8088, ""601398.SH"": 5589.7674, ""601939.SH"": 4197.0226, ""601988.SH"": 6811.6688}",0.01358958568,0,0.01358500929
2025-07-07,equal-weight hold,168121.06,168176.8528,328.20727,4,25.90793005,29.8848,99616,0,"{""601288.SH"": 7340.8088, ""601398.SH"": 5589.7674, ""601939.SH"": 4197.0226, ""601988.SH"": 6811.6688}",0.001487711125,0,0.001487216842
2025-07-08,equal-weight hold,168404.1818,168459.9745,328.20727,4,25.90793005,29.8848,99616,0,"{""601288.SH"": 7340.8088, ""601398.SH"": 5589.7674, ""601939.SH"": 4197.0226, ""601988.SH"": 6811.6688}",0.001684035134,0,0.001683476454
2025-07-09,equal-weight hold,170307.1042,170362.8969,328.20727,4,25.90793005,29.8848,99616,0,"{""601288.SH"": 7340.8088, ""601398.SH"": 5589.7674, ""601939.SH"": 4197.0226, ""601988.SH"": 6811.6688}",0.01129973366,0,0.01129599127
2025-07-10,equal-weight hold,172882.5576,172938.3503,328.20727,4,25.90793005,29.8848,99616,0,"{""601288.SH"": 7340.8088, ""601398.SH"": 5589.7674, ""601939.SH"": 4197.0226, ""601988.SH"": 6811.6688}",0.01512240711,0,0.01511745462
2025-07-11,equal-weight hold,171175.5223,171231.315,328.20727,4,25.90793005,29.8848,99616,0,"{""601288.SH"": 7340.8088, ""601398.SH"": 5589.7674, ""601939.SH"": 4197.0226, ""601988.SH"": 6811.6688}",-0.009873959065,-0.009873959065,-0.009870773565
2025-07-14,equal-weight hold,172051.7463,172107.539,328.20727,4,25.90793005,29.8848,99616,0,"{""601288.SH"": 7340.8088, ""601398.SH"": 5703.7209, ""601939.SH"": 4197.0226, ""601988.SH"": 6811.6688}",0.005118862685,-0.004805639821,0.005117194793
2025-07-15,equal-weight hold,170822.182,170877.9747,328.20727,4,25.90793005,29.8848,99616,0,"{""601288.SH"": 7340.8088, ""601398.SH"": 5703.7209, ""601939.SH"": 4197.0226, ""601988.SH"": 6811.6688}",-0.007146479642,-0.01191777606,-0.007144162941
2025-07-16,equal-weight hold,170680.6067,170736.3995,328.20727,4,25.90793005,29.8848,99616,0,"{""601288.SH"": 7340.8088, ""601398.SH"": 5703.7209, ""601939.SH"": 4197.0226, ""601988.SH"": 6811.6688}",-0.0008287870405,-0.0127366858,-0.0008285164364
2025-07-17,equal-weight hold,169645.5749,169701.3677,328.20727,4,25.90793005,29.8848,99616,0,"{""601288.SH"": 7495.6166, ""601398.SH"": 5703.7209, ""601939.SH"": 4197.0226, ""601988.SH"": 6811.6688}",-0.006064144255,-0.01872359295,-0.006062162632
2025-07-18,equal-weight hold,170570.4882,170626.2809,328.20727,4,25.90793005,29.8848,99616,0,"{""601288.SH"": 7495.6166, ""601398.SH"": 5703.7209, ""601939.SH"": 4197.0226, ""601988.SH"": 6811.6688}",0.005452033084,-0.01337364152,0.005450240619
2025-07-21,equal-weight hold,169296.1605,169351.9532,328.20727,4,25.90793005,29.8848,99616,0,"{""601288.SH"": 7495.6166, ""601398.SH"": 5703.7209, ""601939.SH"": 4197.0226, ""601988.SH"": 6811.6688}",-0.007470974406,-0.02074470179,-0.007468531488
2025-07-22,equal-weight hold,166986.7829,167042.5756,328.20727,4,25.90793005,29.8848,99616,0,"{""601288.SH"": 7495.6166, ""601398.SH"": 5703.7209, ""601939.SH"": 4197.0226, ""601988.SH"": 6811.6688}",-0.01364105107,-0.03410277332,-0.01363655705
2025-07-23,equal-weight hold,169030.6864,169086.4792,328.20727,4,25.90793005,29.8848,99616,0,"{""601288.SH"": 7495.6166, ""601398.SH"": 5703.7209, ""601939.SH"": 4197.0226, ""601988.SH"": 6811.6688}",0.01223991218,-0.02228027609,0.01223582401
2025-07-24,equal-weight hold,167105.074,167160.8667,328.20727,4,25.90793005,29.8848,99616,0,"{""601288.SH"": 7495.6166, ""601398.SH"": 5703.7209, ""601939.SH"": 4197.0226, ""601988.SH"": 6811.6688}",-0.011392088,-0.03341854523,-0.011388329
2025-07-25,equal-weight hold,166282.6777,166338.4704,328.20727,4,25.90793005,29.8848,99616,0,"{""601288.SH"": 7495.6166, ""601398.SH"": 5703.7209, ""601939.SH"": 4197.0226, ""601988.SH"": 6811.6688}",-0.004921432434,-0.03817551055,-0.004919789824
2025-07-28,equal-weight hold,166441.5743,166497.367,328.20727,4,25.90793005,29.8848,99616,0,"{""601288.SH"": 7495.6166, ""601398.SH"": 5703.7209, ""601939.SH"": 4197.0226, ""601988.SH"": 6811.6688}",0.0009555813057,-0.03725640905,0.0009552607876
2025-07-29,equal-weight hold,164906.4905,164962.2832,328.20727,4,25.90793005,29.8848,99616,0,"{""601288.SH"": 7495.6166, ""601398.SH"": 5703.7209, ""601939.SH"": 4197.0226, ""601988.SH"": 6811.6688}",-0.009222958781,-0.0461357535,-0.009219868198
2025-07-30,equal-weight hold,166531.5478,166587.3405,328.20727,4,25.90793005,29.8848,99616,0,"{""601288.SH"": 7495.6166, ""601398.SH"": 5703.7209, ""601939.SH"": 4197.0226, ""601988.SH"": 6811.6688}",0.009854416924,-0.03673597753,0.009851084012
2025-07-31,equal-weight hold,167969.4669,168025.2596,328.20727,4,25.90793005,29.8848,99616,0,"{""601288.SH"": 7495.6166, ""601398.SH"": 5703.7209, ""601939.SH"": 4197.0226, ""601988.SH"": 6811.6688}",0.008634514344,-0.02841866051,0.008631622508
2025-08-01,equal-weight hold,168578.5288,168634.3216,328.20727,4,25.90793005,29.8848,99616,0,"{""601288.SH"": 7495.6166, ""601398.SH"": 5703.7209, ""601939.SH"": 4197.0226, ""601988.SH"": 6811.6688}",0.003626027937,-0.02489567943,0.003624823915
2025-08-04,equal-weight hold,170120.4521,170176.2448,328.20727,4,25.90793005,29.8848,99616,0,"{""601288.SH"": 7495.6166, ""601398.SH"": 5703.7209, ""601939.SH"": 4197.0226, ""601988.SH"": 6811.6688}",0.009146617112,-0.01597677357,0.00914359095
2025-08-05,equal-weight hold,172555.6411,172611.4338,328.20727,4,25.90793005,29.8848,99616,0,"{""601288.SH"": 7495.6166, ""601398.SH"": 5703.7209, ""601939.SH"": 4197.0226, ""601988.SH"": 6811.6688}",0.01431449885,-0.001890974226,0.0143098058
2025-08-06,equal-weight hold,172971.5858,173027.3785,328.20727,4,25.90793005,29.8848,99616,0,"{""601288.SH"": 7495.6166, ""601398.SH"": 5703.7209, ""601939.SH"": 4197.0226, ""601988.SH"": 6811.6688}",0.002410495851,0,0.002409716713
2025-08-07,equal-weight hold,174721.0402,174776.8329,328.20727,4,25.90793005,29.8848,99616,0,"{""601288.SH"": 7495.6166, ""601398.SH"": 5703.7209, ""601939.SH"": 4197.0226, ""601988.SH"": 6811.6688}",0.01011411452,0,0.01011085322
2025-08-08,equal-weight hold,173969.36,174025.1527,328.20727,4,25.90793005,29.8848,99616,0,"{""601288.SH"": 7495.6166, ""601398.SH"": 5703.7209, ""601939.SH"": 4197.0226, ""601988.SH"": 6811.6688}",-0.004302173145,-0.004302173145,-0.004300799794
2025-08-11,equal-weight hold,172794.6972,172850.49,328.20727,4,25.90793005,29.8848,99616,0,"{""601288.SH"": 7495.6166, ""601398.SH"": 5703.7209, ""601939.SH"": 4197.0226, ""601988.SH"": 6811.6688}",-0.00675212445,-0.01102524879,-0.006749959709
2025-08-12,equal-weight hold,174515.8604,174571.6531,328.20727,4,25.90793005,29.8848,99616,0,"{""601288.SH"": 7495.6166, ""601398.SH"": 5703.7209, ""601939.SH"": 4197.0226, ""601988.SH"": 6811.6688}",0.009960740598,-0.001174327832,0.009957525467
2025-08-13,equal-weight hold,172468.3248,172524.1175,328.20727,4,25.90793005,29.8848,99616,0,"{""601288.SH"": 7495.6166, ""601398.SH"": 5703.7209, ""601939.SH"": 4197.0226, ""601988.SH"": 6811.6688}",-0.01173266215,-0.01289321199,-0.01172891242
2025-08-14,equal-weight hold,173242.6449,173298.4376,328.20727,4,25.90793005,29.8848,99616,0,"{""601288.SH"": 7495.6166, ""601398.SH"": 5703.7209, ""601939.SH"": 4197.0226, ""601988.SH"": 6811.6688}",0.004489636531,-0.008461461294,0.004488184624
2025-08-15,equal-weight hold,170346.5664,170402.3592,328.20727,4,25.90793005,29.8848,99616,0,"{""601288.SH"": 7495.6166, ""601398.SH"": 5703.7209, ""601939.SH"": 4197.0226, ""601988.SH"": 6811.6688}",-0.01671689107,-0.02503690304,-0.01671150913
2025-08-18,equal-weight hold,170706.2307,170762.0234,328.20727,4,25.90793005,29.8848,99616,0,"{""601288.SH"": 7495.6166, ""601398.SH"": 5703.7209, ""601939.SH"": 4197.0226, ""601988.SH"": 6811.6688}",0.002111367644,-0.0229783975,0.002110676345
2025-08-19,equal-weight hold,172442.209,172498.0018,328.20727,4,25.90793005,29.8848,99616,0,"{""601288.SH"": 7495.6166, ""601398.SH"": 5703.7209, ""601939.SH"": 4197.0226, ""601988.SH"": 6811.6688}",0.01016939069,-0.01304268311,0.01016606807
2025-08-20,equal-weight hold,173683.1998,173738.9925,328.20727,4,25.90793005,29.8848,99616,0,"{""601288.SH"": 7495.6166, ""601398.SH"": 5703.7209, ""601939.SH"": 4197.0226, ""601988.SH"": 6811.6688}",0.007196560514,-0.005939985054,0.00719423286
2025-08-21,equal-weight hold,175544.9123,175600.705,328.20727,4,25.90793005,29.8848,99616,0,"{""601288.SH"": 7495.6166, ""601398.SH"": 5703.7209, ""601939.SH"": 4197.0226, ""601988.SH"": 6811.6688}",0.01071901285,0,0.01071557066
2025-08-22,equal-weight hold,176046.6897,176102.4824,328.20727,4,25.90793005,29.8848,99616,0,"{""601288.SH"": 7495.6166, ""601398.SH"": 5703.7209, ""601939.SH"": 4197.0226, ""601988.SH"": 6811.6688}",0.002858399111,0,0.002857490926
2025-08-25,equal-weight hold,175298.5424,175354.3351,328.20727,4,25.90793005,29.8848,99616,0,"{""601288.SH"": 7495.6166, ""601398.SH"": 5703.7209, ""601939.SH"": 4197.0226, ""601988.SH"": 6811.6688}",-0.004249709726,-0.004249709726,-0.004248363334
2025-08-26,equal-weight hold,174916.1916,174971.9843,328.20727,4,25.90793005,29.8848,99616,0,"{""601288.SH"": 7495.6166, ""601398.SH"": 5703.7209, ""601939.SH"": 4197.0226, ""601988.SH"": 6811.6688}",-0.002181140711,-0.006421581222,-0.002180446735
2025-08-27,equal-weight hold,171590.4895,171646.2823,328.20727,4,25.90793005,29.8848,99616,0,"{""601288.SH"": 7495.6166, ""601398.SH"": 5703.7209, ""601939.SH"": 4197.0226, ""601988.SH"": 6811.6688}",-0.01901311711,-0.02531260406,-0.01900705446
2025-08-28,equal-weight hold,170608.539,170664.3318,328.20727,4,25.90793005,29.8848,99616,0,"{""601288.SH"": 7495.6166, ""601398.SH"": 5703.7209, ""601939.SH"": 4197.0226, ""601988.SH"": 6811.6688}",-0.005722639401,-0.03089038855,-0.005720779287
2025-08-29,equal-weight hold,170699.6977,170755.4905,328.20727,4,25.90793005,29.8848,99616,0,"{""601288.SH"": 7495.6166, ""601398.SH"": 5703.7209, ""601939.SH"": 4197.0226, ""601988.SH"": 6811.6688}",0.0005343148705,-0.03037257888,0.0005341401949
2025-09-01,equal-weight hold,170807.2611,170863.0538,328.20727,4,25.90793005,29.8848,99616,0,"{""601288.SH"": 7495.6166, ""601398.SH"": 5703.7209, ""601939.SH"": 4197.0226, ""601988.SH"": 6811.6688}",0.0006301320808,-0.02976158553,0.0006299261912
2025-09-02,equal-weight hold,174445.102,174500.8947,328.20727,4,25.90793005,29.8848,99616,0,"{""601288.SH"": 7495.6166, ""601398.SH"": 5703.7209, ""601939.SH"": 4197.0226, ""601988.SH"": 6811.6688}",0.02129792913,-0.00909751654,0.02129097462
2025-09-03,equal-weight hold,172481.1281,172536.9208,328.20727,4,25.90793005,29.8848,99616,0,"{""601288.SH"": 7495.6166, ""601398.SH"": 5703.7209, ""601939.SH"": 4197.0226, ""601988.SH"": 6811.6688}",-0.01125840682,-0.02025349982,-0.0112548072
2025-09-04,equal-weight hold,176595.4867,176651.2795,328.20727,4,25.90793005,29.8848,99616,0,"{""601288.SH"": 7495.6166, ""601398.SH"": 5703.7209, ""601939.SH"": 4197.0226, ""601988.SH"": 6811.6688}",0.02385396404,0,0.02384625046
2025-09-05,equal-weight hold,173065.3587,173121.1514,328.20727,4,25.90793005,29.8848,99616,0,"{""601288.SH"": 7495.6166, ""601398.SH"": 5703.7209, ""601939.SH"": 4197.0226, ""601988.SH"": 6811.6688}",-0.01998991074,-0.01998991074,-0.01998359722
2025-09-08,equal-weight hold,171986.9506,172042.7434,328.20727,4,25.90793005,29.8848,99616,0,"{""601288.SH"": 7495.6166, ""601398.SH"": 5703.7209, ""601939.SH"": 4197.0226, ""601988.SH"": 6811.6688}",-0.006231218548,-0.02609656779,-0.006229210378
2025-09-09,equal-weight hold,172642.93,172698.7227,328.20727,4,25.90793005,29.8848,99616,0,"{""601288.SH"": 7495.6166, ""601398.SH"": 5703.7209, ""601939.SH"": 4197.0226, ""601988.SH"": 6811.6688}",0.003814122925,-0.02238198038,0.003812886021
2025-09-10,equal-weight hold,173376.8664,173432.6591,328.20727,4,25.90793005,29.8848,99616,0,"{""601288.SH"": 7495.6166, ""601398.SH"": 5703.7209, ""601939.SH"": 4197.0226, ""601988.SH"": 6811.6688}",0.004251181102,-0.01822594913,0.004249807699
2025-09-11,equal-weight hold,173640.1459,173695.9387,328.20727,4,25.90793005,29.8848,99616,0,"{""601288.SH"": 7495.6166, ""601398.SH"": 5703.7209, ""601939.SH"": 4197.0226, ""601988.SH"": 6811.6688}",0.001518539304,-0.01673508664,0.001518050795
2025-09-12,equal-weight hold,172865.0954,172920.8881,328.20727,4,25.90793005,29.8848,99616,0,"{""601288.SH"": 7495.6166, ""601398.SH"": 5703.7209, ""601939.SH"": 4197.0226, ""601988.SH"": 6811.6688}",-0.004463544812,-0.02112393365,-0.00446211108
2025-09-15,equal-weight hold,171508.2648,171564.0575,328.20727,4,25.90793005,29.8848,99616,0,"{""601288.SH"": 7495.6166, ""601398.SH"": 5703.7209, ""601939.SH"": 4197.0226, ""601988.SH"": 6811.6688}",-0.00784907188,-0.02880720225,-0.007846539386
2025-09-16,equal-weight hold,170256.3711,170312.1639,328.20727,4,25.90793005,29.8848,99616,0,"{""601288.SH"": 7495.6166, ""601398.SH"": 5703.7209, ""601939.SH"": 4197.0226, ""601988.SH"": 6811.6688}",-0.007299319903,-0.03589624917,-0.00729694616
2025-09-17,equal-weight hold,169603.6721,169659.4648,328.20727,4,25.90793005,29.8848,99616,0,"{""601288.SH"": 7495.6166, ""601398.SH"": 5703.7209, ""601939.SH"": 4197.0226, ""601988.SH"": 6811.6688}",-0.003833624709,-0.03959226113,-0.003832368849
2025-09-18,equal-weight hold,165563.3903,165619.183,328.20727,4,25.90793005,29.8848,99616,0,"{""601288.SH"": 7495.6166, ""601398.SH"": 5703.7209, ""601939.SH"": 4197.0226, ""601988.SH"": 6811.6688}",-0.02382190046,-0.06247099869,-0.0238140666
2025-09-19,equal-weight hold,164544.1372,164599.93,328.20727,4,25.90793005,29.8848,99616,0,"{""601288.SH"": 7495.6166, ""601398.SH"": 5703.7209, ""601939.SH"": 4197.0226, ""601988.SH"": 6811.6688}",-0.006156270843,-0.06824268114,-0.006154196958
2025-09-22,equal-weight hold,161468.6941,161524.4868,328.20727,4,25.90793005,29.8848,99616,0,"{""601288.SH"": 7495.6166, ""601398.SH"": 5703.7209, ""601939.SH"": 4197.0226, ""601988.SH"": 6811.6688}",-0.01869068804,-0.08565786652,-0.01868435266
2025-09-23,equal-weight hold,165627.0874,165682.8802,328.20727,4,25.90793005,29.8848,99616,0,"{""601288.SH"": 7495.6166, ""601398.SH"": 5703.7209, ""601939.SH"": 4197.0226, ""601988.SH"": 6811.6688}",0.02575355773,-0.06211030361,0.0257446621
2025-09-24,equal-weight hold,164870.7629,164926.5557,328.20727,4,25.90793005,29.8848,99616,0,"{""601288.SH"": 7495.6166, ""601398.SH"": 5703.7209, ""601939.SH"": 4197.0226, ""601988.SH"": 6811.6688}",-0.004566429995,-0.06639311125,-0.004564892277
2025-09-25,equal-weight hold,164300.8455,164356.6382,328.20727,4,25.90793005,29.8848,99616,0,"{""601288.SH"": 7495.6166, ""601398.SH"": 5703.7209, ""601939.SH"": 4197.0226, ""601988.SH"": 6811.6688}",-0.003456752528,-0.06962035922,-0.003455583149
2025-09-26,equal-weight hold,164253.1217,164308.9144,328.20727,4,25.90793005,29.8848,99616,0,"{""601288.SH"": 7495.6166, ""601398.SH"": 5703.7209, ""601939.SH"": 4197.0226, ""601988.SH"": 6811.6688}",-0.0002904658823,-0.06989060277,-0.0002903672804
2025-09-29,equal-weight hold,163272.5359,163328.3287,328.20727,4,25.90793005,29.8848,99616,0,"{""601288.SH"": 7495.6166, ""601398.SH"": 5703.7209, ""601939.SH"": 4197.0226, ""601988.SH"": 6811.6688}",-0.00596996742,-0.07544332556,-0.005967940258
2025-09-30,equal-weight hold,163381.942,163437.7347,328.20727,4,25.90793005,29.8848,99616,0,"{""601288.SH"": 7495.6166, ""601398.SH"": 5703.7209, ""601939.SH"": 4197.0226, ""601988.SH"": 6811.6688}",0.0006700823858,-0.07482379642,0.0006698534866
2025-10-09,equal-weight hold,164256.2525,164312.0452,328.20727,4,25.90793005,29.8848,99616,0,"{""601288.SH"": 7495.6166, ""601398.SH"": 5703.7209, ""601939.SH"": 4197.0226, ""601988.SH"": 6811.6688}",0.005351328887,-0.06987287428,0.005349502104
2025-10-10,equal-weight hold,165356.5933,165412.386,328.20727,4,25.90793005,29.8848,99616,0,"{""601288.SH"": 7495.6166, ""601398.SH"": 5703.7209, ""601939.SH"": 4197.0226, ""601988.SH"": 6811.6688}",0.00669892815,-0.06364201949,0.006696653505
2025-10-13,equal-weight hold,165523.7437,165579.5365,328.20727,4,25.90793005,29.8848,99616,0,"{""601288.SH"": 7495.6166, ""601398.SH"": 5703.7209, ""601939.SH"": 4197.0226, ""601988.SH"": 6811.6688}",0.001010848255,-0.06269550366,0.001010507301
2025-10-14,equal-weight hold,169827.003,169882.7957,328.20727,4,25.90793005,29.8848,99616,0,"{""601288.SH"": 7495.6166, ""601398.SH"": 5703.7209, ""601939.SH"": 4197.0226, ""601988.SH"": 6811.6688}",0.02599783674,-0.03832761439,0.02598907666
2025-10-15,equal-weight hold,170900.0618,170955.8546,328.20727,4,25.90793005,29.8848,99616,0,"{""601288.SH"": 7495.6166, ""601398.SH"": 5703.7209, ""601939.SH"": 4197.0226, ""601988.SH"": 6811.6688}",0.006318540761,-0.03225124823,0.006316465632
2025-10-16,equal-weight hold,175207.1824,175262.9751,328.20727,4,25.90793005,29.8848,99616,0,"{""601288.SH"": 7495.6166, ""601398.SH"": 5703.7209, ""601939.SH"": 4197.0226, ""601988.SH"": 6811.6688}",0.02520256852,-0.007861494004,0.02519434347
2025-10-17,equal-weight hold,175978.0192,176033.812,328.20727,4,25.90793005,29.8848,99616,0,"{""601288.SH"": 7495.6166, ""601398.SH"": 5703.7209, ""601939.SH"": 4197.0226, ""601988.SH"": 6811.6688}",0.004399573468,-0.003496507757,0.00439817292
2025-10-20,equal-weight hold,177157.5562,177213.349,328.20727,4,25.90793005,29.8848,99616,0,"{""601288.SH"": 7495.6166, ""601398.SH"": 5703.7209, ""601939.SH"": 4197.0226, ""601988.SH"": 6811.6688}",0.006702751889,0,0.006700627497
2025-10-21,equal-weight hold,178675.329,178731.1217,328.20727,4,25.90793005,29.8848,99616,0,"{""601288.SH"": 7495.6166, ""601398.SH"": 5703.7209, ""601939.SH"": 4197.0226, ""601988.SH"": 6811.6688}",0.008567361082,0,0.008564663788
2025-10-22,equal-weight hold,181788.4038,181844.1966,328.20727,4,25.90793005,29.8848,99616,0,"{""601288.SH"": 7495.6166, ""601398.SH"": 5703.7209, ""601939.SH"": 4197.0226, ""601988.SH"": 6811.6688}",0.01742308166,0,0.01741764287
2025-10-23,equal-weight hold,181615.5495,181671.3422,328.20727,4,25.90793005,29.8848,99616,0,"{""601288.SH"": 7495.6166, ""601398.SH"": 5703.7209, ""601939.SH"": 4197.0226, ""601988.SH"": 6811.6688}",-0.0009508547681,-0.0009508547681,-0.0009505630305
2025-10-24,equal-weight hold,181888.0162,181943.8089,328.20727,4,25.90793005,29.8848,99616,0,"{""601288.SH"": 7495.6166, ""601398.SH"": 5703.7209, ""601939.SH"": 4197.0226, ""601988.SH"": 6811.6688}",0.001500239127,0,0.001499778391
2025-10-27,equal-weight hold,184413.9355,184469.7283,328.20727,4,25.90793005,29.8848,99616,0,"{""601288.SH"": 7495.6166, ""601398.SH"": 5703.7209, ""601939.SH"": 4197.0226, ""601988.SH"": 6811.6688}",0.01388722237,0,0.01388296388
2025-10-28,equal-weight hold,185744.8992,185800.6919,328.20727,4,25.90793005,29.8848,99616,0,"{""601288.SH"": 7495.6166, ""601398.SH"": 5703.7209, ""601939.SH"": 4197.0226, ""601988.SH"": 6811.6688}",0.007217261584,0,0.007215078729
2025-10-29,equal-weight hold,182961.4815,183017.2743,328.20727,4,25.90793005,29.8848,99616,0,"{""601288.SH"": 7495.6166, ""601398.SH"": 5703.7209, ""601939.SH"": 4197.0226, ""601988.SH"": 6811.6688}",-0.01498516316,-0.01498516316,-0.01498066338
2025-10-30,equal-weight hold,182726.4669,182782.2597,328.20727,4,25.90793005,29.8848,99616,0,"{""601288.SH"": 7495.6166, ""601398.SH"": 5703.7209, ""601939.SH"": 4197.0226, ""601988.SH"": 6811.6688}",-0.001284503233,-0.01625041791,-0.001284111653
2025-10-31,equal-weight hold,180900.5428,180956.3355,328.20727,4,25.90793005,29.8848,99616,0,"{""601288.SH"": 7495.6166, ""601398.SH"": 5703.7209, ""601939.SH"": 4197.0226, ""601988.SH"": 6811.6688}",-0.009992663822,-0.02608069677,-0.009989613647
2025-11-03,equal-weight hold,183317.9617,183373.7544,328.20727,4,25.90793005,29.8848,99616,0,"{""601288.SH"": 7495.6166, ""601398.SH"": 5703.7209, ""601939.SH"": 4197.0226, ""601988.SH"": 6811.6688}",0.01336324852,-0.01306597108,0.01335912834
2025-11-04,equal-weight hold,186901.162,186956.9547,328.20727,4,25.90793005,29.8848,99616,0,"{""601288.SH"": 7495.6166, ""601398.SH"": 5703.7209, ""601939.SH"": 4197.0226, ""601988.SH"": 6811.6688}",0.01954636793,0,0.01954042081
2025-11-05,equal-weight hold,186616.8094,186672.6021,328.20727,4,25.90793005,29.8848,99616,0,"{""601288.SH"": 7495.6166, ""601398.SH"": 5703.7209, ""601939.SH"": 4197.0226, ""601988.SH"": 6811.6688}",-0.001521406435,-0.001521406435,-0.001520952408
2025-11-06,equal-weight hold,185809.48,185865.2728,328.20727,4,25.90793005,29.8848,99616,0,"{""601288.SH"": 7495.6166, ""601398.SH"": 5703.7209, ""601939.SH"": 4197.0226, ""601988.SH"": 6811.6688}",-0.004326134129,-0.005840958755,-0.004324841133
2025-11-07,equal-weight hold,184635.5974,184691.3901,328.20727,4,25.90793005,29.8848,99616,0,"{""601288.SH"": 7495.6166, ""601398.SH"": 5703.7209, ""601939.SH"": 4197.0226, ""601988.SH"": 6811.6688}",-0.00631766835,-0.01212172587,-0.006315771923
2025-11-10,equal-weight hold,185932.5883,185988.3811,328.20727,4,25.90793005,29.8848,99616,0,"{""601288.SH"": 7495.6166, ""601398.SH"": 5703.7209, ""601939.SH"": 4197.0226, ""601988.SH"": 6811.6688}",0.007024598789,-0.005182277337,0.007022476754
2025-11-11,equal-weight hold,187814.0624,187869.8552,328.20727,4,25.90793005,29.8848,99616,0,"{""601288.SH"": 7495.6166, ""601398.SH"": 5703.7209, ""601939.SH"": 4197.0226, ""601988.SH"": 6811.6688}",0.01011911962,0,0.01011608409
2025-11-12,equal-weight hold,190913.6875,190969.4803,328.20727,4,25.90793005,29.8848,99616,0,"{""601288.SH"": 7495.6166, ""601398.SH"": 5703.7209, ""601939.SH"": 4197.0226, ""601988.SH"": 6811.6688}",0.01650369004,0,0.01649878885
2025-11-13,equal-weight hold,190456.8089,190512.6017,328.20727,4,25.90793005,29.8848,99616,0,"{""601288.SH"": 7495.6166, ""601398.SH"": 5703.7209, ""601939.SH"": 4197.0226, ""601988.SH"": 6811.6688}",-0.002393115928,-0.002393115928,-0.002392416767
2025-11-14,equal-weight hold,190864.0947,190919.8875,328.20727,4,25.90793005,29.8848,99616,0,"{""601288.SH"": 7495.6166, ""601398.SH"": 5703.7209, ""601939.SH"": 4197.0226, ""601988.SH"": 6811.6688}",0.002138468056,-0.0002597654746,0.002137841793
2025-11-17,equal-weight hold,188214.3599,188270.1527,328.20727,4,25.90793005,29.8848,99616,0,"{""601288.SH"": 7495.6166, ""601398.SH"": 5703.7209, ""601939.SH"": 4197.0226, ""601988.SH"": 6811.6688}",-0.01388283542,-0.01413899461,-0.01387877842
2025-11-18,equal-weight hold,187353.2474,187409.0401,328.20727,4,25.90793005,29.8848,99616,0,"{""601288.SH"": 7495.6166, ""601398.SH"": 5703.7209, ""601939.SH"": 4197.0226, ""601988.SH"": 6811.6688}",-0.004575169066,-0.01864947539,-0.004573813242
2025-11-19,equal-weight hold,189709.4672,189765.2599,328.20727,4,25.90793005,29.8848,99616,0,"{""601288.SH"": 7495.6166, ""601398.SH"": 5703.7209, ""601939.SH"": 4197.0226, ""601988.SH"": 6811.6688}",0.01257634864,-0.006307669056,0.01257260459
2025-11-20,equal-weight hold,192381.7863,192437.579,328.20727,4,25.90793005,29.8848,99616,0,"{""601288.SH"": 7495.6166, ""601398.SH"": 5703.7209, ""601939.SH"": 4197.0226, ""601988.SH"": 6811.6688}",0.0140863774,0,0.01408223587
2025-11-21,equal-weight hold,191657.8668,191713.6596,328.20727,4,25.90793005,29.8848,99616,0,"{""601288.SH"": 7495.6166, ""601398.SH"": 5703.7209, ""601939.SH"": 4197.0226, ""601988.SH"": 6811.6688}",-0.003762931475,-0.003762931475,-0.003761840502
2025-11-24,equal-weight hold,190162.5311,190218.3239,328.20727,4,25.90793005,29.8848,99616,0,"{""601288.SH"": 7495.6166, ""601398.SH"": 5703.7209, ""601939.SH"": 4197.0226, ""601988.SH"": 6811.6688}",-0.007802109736,-0.01153568241,-0.007799839157
2025-11-25,equal-weight hold,192197.4737,192253.2664,328.20727,4,25.90793005,29.8848,99616,0,"{""601288.SH"": 7495.6166, ""601398.SH"": 5703.7209, ""601939.SH"": 4197.0226, ""601988.SH"": 6811.6688}",0.01070107017,-0.0009580563871,0.01069793145
2025-11-26,equal-weight hold,189072.5889,189128.3816,328.20727,4,25.90793005,29.8848,99616,0,"{""601288.SH"": 7495.6166, ""601398.SH"": 5703.7209, ""601939.SH"": 4197.0226, ""601988.SH"": 6811.6688}",-0.01625871947,-0.01720119908,-0.01625400112
2025-11-27,equal-weight hold,190366.1507,190421.9434,328.20727,4,25.90793005,29.8848,99616,0,"{""601288.SH"": 7495.6166, ""601398.SH"": 5703.7209, ""601939.SH"": 4197.0226, ""601988.SH"": 6811.6688}",0.006841614694,-0.01047726837,0.006839596423
2025-11-28,equal-weight hold,188740.2097,188796.0024,328.20727,4,25.90793005,29.8848,99616,0,"{""601288.SH"": 7495.6166, ""601398.SH"": 5703.7209, ""601939.SH"": 4197.0226, ""601988.SH"": 6811.6688}",-0.008541124825,-0.01892890553,-0.008538622316
2025-12-01,equal-weight hold,188209.3842,188265.1769,328.20727,4,25.90793005,29.8848,99616,0,"{""601288.SH"": 7495.6166, ""601398.SH"": 5703.7209, ""601939.SH"": 4197.0226, ""601988.SH"": 6811.6688}",-0.002812466271,-0.0216881349,-0.002811635135
2025-12-02,equal-weight hold,188156.2849,188212.0776,328.20727,4,25.90793005,29.8848,99616,0,"{""601288.SH"": 7495.6166, ""601398.SH"": 5703.7209, ""601939.SH"": 4197.0226, ""601988.SH"": 6811.6688}",-0.0002821289838,-0.02196414503,-0.0002820453744
2025-12-03,equal-weight hold,186139.3875,186195.1802,328.20727,4,25.90793005,29.8848,99616,0,"{""601288.SH"": 7495.6166, ""601398.SH"": 5703.7209, ""601939.SH"": 4197.0226, ""601988.SH"": 6811.6688}",-0.0107192666,-0.0324479721,-0.01071608903
2025-12-04,equal-weight hold,184921.1869,184976.9796,328.20727,4,25.90793005,29.8848,99616,0,"{""601288.SH"": 7495.6166, ""601398.SH"": 5703.7209, ""601939.SH"": 4197.0226, ""601988.SH"": 6811.6688}",-0.006544561061,-0.03878017543,-0.006542600007
2025-12-05,equal-weight hold,183166.7357,183222.5284,328.20727,4,25.90793005,29.8848,99616,0,"{""601288.SH"": 7495.6166, ""601398.SH"": 5703.7209, ""601939.SH"": 4197.0226, ""601988.SH"": 6811.6688}",-0.009487561916,-0.04789980803,-0.009484700279
2025-12-08,equal-weight hold,183452.8814,183508.6741,328.20727,4,25.90793005,29.8848,99616,0,"{""601288.SH"": 7495.6166, ""601398.SH"": 5703.7209, ""601939.SH"": 4197.0226, ""601988.SH"": 6811.6688}",0.001562214379,-0.04641242342,0.001561738672
2025-12-09,equal-weight hold,185773.4414,185829.2341,328.20727,4,25.90793005,29.8848,99616,0,"{""601288.SH"": 7495.6166, ""601398.SH"": 5703.7209, ""601939.SH"": 4197.0226, ""601988.SH"": 6811.6688}",0.01264935152,-0.03435015896,0.0126455057
2025-12-10,equal-weight hold,181969.2068,182024.9995,328.20727,4,25.90793005,29.8848,99616,0,"{""601288.SH"": 7495.6166, ""601398.SH"": 5703.7209, ""601939.SH"": 4197.0226, ""601988.SH"": 6811.6688}",-0.02047781726,-0.05412455994,-0.02047166907
2025-12-11,equal-weight hold,183363.9469,183419.7396,328.20727,4,25.90793005,29.8848,99616,0,"{""601288.SH"": 7495.6166, ""601398.SH"": 5703.7209, ""601939.SH"": 4285.5747, ""601988.SH"": 6944.43}",0.007664703996,-0.04687470467,0.007662354677
2025-12-12,equal-weight hold,180528.2897,180584.0824,328.20727,4,25.90793005,29.8848,99616,0,"{""601288.SH"": 7495.6166, ""601398.SH"": 5703.7209, ""601939.SH"": 4285.5747, ""601988.SH"": 6944.43}",-0.01546463869,-0.06161444299,-0.01545993465
2025-12-15,equal-weight hold,179715.3699,179771.1626,328.20727,4,25.90793005,29.8848,99616,0,"{""601288.SH"": 7614.0989, ""601398.SH"": 5805.814, ""601939.SH"": 4285.5747, ""601988.SH"": 6944.43}",-0.004503005037,-0.06583999788,-0.004501613802
2025-12-16,equal-weight hold,178375.2502,178431.0429,328.20727,4,25.90793005,29.8848,99616,0,"{""601288.SH"": 7614.0989, ""601398.SH"": 5805.814, ""601939.SH"": 4285.5747, ""601988.SH"": 6944.43}",-0.007456901034,-0.07280593657,-0.007454586753
2025-12-17,equal-weight hold,179625.0847,179680.8774,328.20727,4,25.90793005,29.8848,99616,0,"{""601288.SH"": 7614.0989, ""601398.SH"": 5805.814, ""601939.SH"": 4285.5747, ""601988.SH"": 6944.43}",0.007006770868,-0.06630930022,0.007004579955
2025-12-18,equal-weight hold,183422.9269,183478.7196,328.20727,4,25.90793005,29.8848,99616,0,"{""601288.SH"": 7614.0989, ""601398.SH"": 5805.814, ""601939.SH"": 4285.5747, ""601988.SH"": 6944.43}",0.0211431617,-0.04656812677,0.02113659653
2025-12-19,equal-weight hold,182168.661,182224.4537,328.20727,4,25.90793005,29.8848,99616,0,"{""601288.SH"": 7614.0989, ""601398.SH"": 5805.814, ""601939.SH"": 4285.5747, ""601988.SH"": 6944.43}",-0.006838108801,-0.05308779766,-0.006836029449
2025-12-22,equal-weight hold,182686.4389,182742.2316,328.20727,4,25.90793005,29.8848,99616,0,"{""601288.SH"": 7614.0989, ""601398.SH"": 5805.814, ""601939.SH"": 4285.5747, ""601988.SH"": 6944.43}",0.00284229946,-0.05039638962,0.002841429217
2025-12-23,equal-weight hold,183730.5003,183786.2931,328.20727,4,25.90793005,29.8848,99616,0,"{""601288.SH"": 7614.0989, ""601398.SH"": 5805.814, ""601939.SH"": 4285.5747, ""601988.SH"": 6944.43}",0.005715046418,-0.0449693609,0.005713301566
2025-12-24,equal-weight hold,183097.5486,183153.3413,328.20727,4,25.90793005,29.8848,99616,0,"{""601288.SH"": 7614.0989, ""601398.SH"": 5805.814, ""601939.SH"": 4285.5747, ""601988.SH"": 6944.43}",-0.003445000957,-0.04825944237,-0.003443955144
2025-12-25,equal-weight hold,182340.0906,182395.8833,328.20727,4,25.90793005,29.8848,99616,0,"{""601288.SH"": 7614.0989, ""601398.SH"": 5805.814, ""601939.SH"": 4285.5747, ""601988.SH"": 6944.43}",-0.004136909504,-0.05219670693,-0.004135649306
2025-12-26,equal-weight hold,180767.6226,180823.4153,328.20727,4,25.90793005,29.8848,99616,0,"{""601288.SH"": 7614.0989, ""601398.SH"": 5805.814, ""601939.SH"": 4285.5747, ""601988.SH"": 6944.43}",-0.008623819505,-0.06037039145,-0.008621181581
2025-12-29,equal-weight hold,183363.3178,183419.1105,328.20727,4,25.90793005,29.8848,99616,0,"{""601288.SH"": 7614.0989, ""601398.SH"": 5805.814, ""601939.SH"": 4285.5747, ""601988.SH"": 6944.43}",0.01435929283,-0.04687797475,0.0143548623
2025-12-30,equal-weight hold,182735.0555,182790.8482,328.20727,4,25.90793005,29.8848,99616,0,"{""601288.SH"": 7614.0989, ""601398.SH"": 5805.814, ""601939.SH"": 4285.5747, ""601988.SH"": 6944.43}",-0.00342632477,-0.05014368036,-0.003425282545
2025-12-31,equal-weight hold,184406.3078,184462.1006,328.20727,4,25.90793005,29.8848,99616,0,"{""601288.SH"": 7614.0989, ""601398.SH"": 5805.814, ""601939.SH"": 4285.5747, ""601988.SH"": 6944.43}",0.009145767409,-0.04145651538,0.009142975873
2026-01-05,equal-weight hold,182384.8844,182440.6771,328.20727,4,25.90793005,29.8848,99616,0,"{""601288.SH"": 7614.0989, ""601398.SH"": 5805.814, ""601939.SH"": 4285.5747, ""601988.SH"": 6944.43}",-0.01096179123,-0.05196386895,-0.01095847571
2026-01-06,equal-weight hold,181251.371,181307.1637,328.20727,4,25.90793005,29.8848,99616,0,"{""601288.SH"": 7614.0989, ""601398.SH"": 5805.814, ""601939.SH"": 4285.5747, ""601988.SH"": 6944.43}",-0.006214952465,-0.05785586844,-0.006213051851
2026-01-07,equal-weight hold,179705.4915,179761.2842,328.20727,4,25.90793005,29.8848,99616,0,"{""601288.SH"": 7614.0989, ""601398.SH"": 5805.814, ""601939.SH"": 4285.5747, ""601988.SH"": 6944.43}",-0.008528925701,-0.06589134574,-0.008526301138
2026-01-08,equal-weight hold,178912.9393,178968.732,328.20727,4,25.90793005,29.8848,99616,0,"{""601288.SH"": 7614.0989, ""601398.SH"": 5805.814, ""601939.SH"": 4285.5747, ""601988.SH"": 6944.43}",-0.004410283959,-0.07001103015,-0.004408915134
2026-01-09,equal-weight hold,178463.7324,178519.5252,328.20727,4,25.90793005,29.8848,99616,0,"{""601288.SH"": 7614.0989, ""601398.SH"": 5805.814, ""601939.SH"": 4285.5747, ""601988.SH"": 6944.43}",-0.002510756505,-0.07234600601,-0.002509973788
2026-01-12,equal-weight hold,179967.5137,180023.3064,328.20727,4,25.90793005,29.8848,99616,0,"{""601288.SH"": 7614.0989, ""601398.SH"": 5805.814, ""601939.SH"": 4285.5747, ""601988.SH"": 6944.43}",0.008426256722,-0.0645293553,0.008423623263
2026-01-13,equal-weight hold,181583.7799,181639.5726,328.20727,4,25.90793005,29.8848,99616,0,"{""601288.SH"": 7614.0989, ""601398.SH"": 5805.814, ""601939.SH"": 4285.5747, ""601988.SH"": 6944.43}",0.008980877492,-0.05612800805,0.008978094143
2026-01-14,equal-weight hold,178784.5702,178840.363,328.20727,4,25.90793005,29.8848,99616,0,"{""601288.SH"": 7614.0989, ""601398.SH"": 5805.814, ""601939.SH"": 4285.5747, ""601988.SH"": 6944.43}",-0.01541552683,-0.07067829206,-0.01541079177
2026-01-15,equal-weight hold,177135.1971,177190.9898,328.20727,4,25.90793005,29.8848,99616,0,"{""601288.SH"": 7614.0989, ""601398.SH"": 5805.814, ""601939.SH"": 4285.5747, ""601988.SH"": 6944.43}",-0.009225478191,-0.07925172921,-0.009222600124
2026-01-16,equal-weight hold,175263.9194,175319.7121,328.20727,4,25.90793005,29.8848,99616,0,"{""601288.SH"": 7614.0989, ""601398.SH"": 5805.814, ""601939.SH"": 4285.5747, ""601988.SH"": 6944.43}",-0.01056412132,-0.08897862565,-0.01056079496
2026-01-19,equal-weight hold,173641.2704,173697.0632,328.20727,4,25.90793005,29.8848,99616,0,"{""601288.SH"": 7614.0989, ""601398.SH"": 5805.814, ""601939.SH"": 4285.5747, ""601988.SH"": 6944.43}",-0.00925831707,-0.09741315039,-0.009255370757
2026-01-20,equal-weight hold,175130.7159,175186.5086,328.20727,4,25.90793005,29.8848,99616,0,"{""601288.SH"": 7614.0989, ""601398.SH"": 5805.814, ""601939.SH"": 4285.5747, ""601988.SH"": 6944.43}",0.008577715586,-0.0896710171,0.008574960362
2026-01-21,equal-weight hold,170979.0712,171034.8639,328.20727,4,25.90793005,29.8848,99616,0,"{""601288.SH"": 7614.0989, ""601398.SH"": 5805.814, ""601939.SH"": 4285.5747, ""601988.SH"": 6944.43}",-0.02370597662,-0.1112512547,-0.02369842683
2026-01-22,equal-weight hold,168435.6107,168491.4034,328.20727,4,25.90793005,29.8848,99616,0,"{""601288.SH"": 7614.0989, ""601398.SH"": 5805.814, ""601939.SH"": 4285.5747, ""601988.SH"": 6944.43}",-0.01487585889,-0.1244721556,-0.01487100628
2026-01-23,equal-weight hold,167250.66,167306.4527,328.20727,4,25.90793005,29.8848,99616,0,"{""601288.SH"": 7614.0989, ""601398.SH"": 5805.814, ""601939.SH"": 4285.5747, ""601988.SH"": 6944.43}",-0.007035036415,-0.1306315259,-0.007032706896
2026-01-26,equal-weight hold,168559.3035,168615.0962,328.20727,4,25.90793005,29.8848,99616,0,"{""601288.SH"": 7614.0989, ""601398.SH"": 5805.814, ""601939.SH"": 4285.5747, ""601988.SH"": 6944.43}",0.007824444468,-0.1238292005,0.007821835201
2026-01-27,equal-weight hold,169149.4062,169205.1989,328.20727,4,25.90793005,29.8848,99616,0,"{""601288.SH"": 7614.0989, ""601398.SH"": 5805.814, ""601939.SH"": 4285.5747, ""601988.SH"": 6944.43}",0.003500860709,-0.1207618486,0.003499702316
2026-01-28,equal-weight hold,168316.5514,168372.3441,328.20727,4,25.90793005,29.8848,99616,0,"{""601288.SH"": 7614.0989, ""601398.SH"": 5805.814, ""601939.SH"": 4285.5747, ""601988.SH"": 6944.43}",-0.004923781767,-0.1250910254,-0.004922158228
2026-01-29,equal-weight hold,168978.0856,169033.8784,328.20727,4,25.90793005,29.8848,99616,0,"{""601288.SH"": 7614.0989, ""601398.SH"": 5805.814, ""601939.SH"": 4285.5747, ""601988.SH"": 6944.43}",0.003930298204,-0.1216523722,0.00392899584
2026-01-30,equal-weight hold,168248.9028,168304.6956,328.20727,4,25.90793005,29.8848,99616,0,"{""601288.SH"": 7614.0989, ""601398.SH"": 5805.814, ""601939.SH"": 4285.5747, ""601988.SH"": 6944.43}",-0.004315250708,-0.1254426624,-0.00431382638
2026-02-02,equal-weight hold,169759.3675,169815.1602,328.20727,4,25.90793005,29.8848,99616,0,"{""601288.SH"": 7614.0989, ""601398.SH"": 5805.814, ""601939.SH"": 4285.5747, ""601988.SH"": 6944.43}",0.008977560082,-0.1175912714,0.008974584035
2026-02-03,equal-weight hold,166460.661,166516.4537,328.20727,4,25.90793005,29.8848,99616,0,"{""601288.SH"": 7614.0989, ""601398.SH"": 5805.814, ""601939.SH"": 4285.5747, ""601988.SH"": 6944.43}",-0.01943166093,-0.1347379386,-0.01942527666
2026-02-04,equal-weight hold,167671.2512,167727.0439,328.20727,4,25.90793005,29.8848,99616,0,"{""601288.SH"": 7614.0989, ""601398.SH"": 5805.814, ""601939.SH"": 4285.5747, ""601988.SH"": 6944.43}",0.007272530004,-0.1284452943,0.007270093282
2026-02-05,equal-weight hold,169066.6577,169122.4504,328.20727,4,25.90793005,29.8848,99616,0,"{""601288.SH"": 7614.0989, ""601398.SH"": 5805.814, ""601939.SH"": 4285.5747, ""601988.SH"": 6944.43}",0.008322276512,-0.121191975,0.00831950819
2026-02-06,equal-weight hold,168301.6364,168357.4291,328.20727,4,25.90793005,29.8848,99616,0,"{""601288.SH"": 7614.0989, ""601398.SH"": 5805.814, ""601939.SH"": 4285.5747, ""601988.SH"": 6944.43}",-0.004524968361,-0.1251685535,-0.004523475595
2026-02-09,equal-weight hold,169016.361,169072.1537,328.20727,4,25.90793005,29.8848,99616,0,"{""601288.SH"": 7614.0989, ""601398.SH"": 5805.814, ""601939.SH"": 4285.5747, ""601988.SH"": 6944.43}",0.004246688514,-0.1214534169,0.004245281185
2026-02-10,equal-weight hold,169964.5054,170020.2981,328.20727,4,25.90793005,29.8848,99616,0,"{""601288.SH"": 7614.0989, ""601398.SH"": 5805.814, ""601939.SH"": 4285.5747, ""601988.SH"": 6944.43}",0.005609778621,-0.1165249651,0.00560792743
2026-02-11,equal-weight hold,170320.4374,170376.2302,328.20727,4,25.90793005,29.8848,99616,0,"{""601288.SH"": 7614.0989, ""601398.SH"": 5805.814, ""601939.SH"": 4285.5747, ""601988.SH"": 6944.43}",0.002094155154,-0.1146748313,0.00209346795
2026-02-12,equal-weight hold,167182.3138,167238.1065,328.20727,4,25.90793005,29.8848,99616,0,"{""601288.SH"": 7614.0989, ""601398.SH"": 5805.814, ""601939.SH"": 4285.5747, ""601988.SH"": 6944.43}",-0.01842482132,-0.1309867893,-0.01841878779
2026-02-13,equal-weight hold,165334.7508,165390.5436,328.20727,4,25.90793005,29.8848,99616,0,"{""601288.SH"": 7614.0989, ""601398.SH"": 5805.814, ""601939.SH"": 4285.5747, ""601988.SH"": 6944.43}",-0.01105118677,-0.1405904166,-0.01104749996
2026-02-24,equal-weight hold,164591.4371,164647.2298,328.20727,4,25.90793005,29.8848,99616,0,"{""601288.SH"": 7614.0989, ""601398.SH"": 5805.814, ""601939.SH"": 4285.5747, ""601988.SH"": 6944.43}",-0.004495810788,-0.1444541595,-0.004494294174
2026-02-25,equal-weight hold,164633.2347,164689.0274,328.20727,4,25.90793005,29.8848,99616,0,"{""601288.SH"": 7614.0989, ""601398.SH"": 5805.814, ""601939.SH"": 4285.5747, ""601988.SH"": 6944.43}",0.0002539475136,-0.1442368957,0.0002538614603
2026-02-26,equal-weight hold,163157.9867,163213.7794,328.20727,4,25.90793005,29.8848,99616,0,"{""601288.SH"": 7614.0989, ""601398.SH"": 5805.814, ""601939.SH"": 4285.5747, ""601988.SH"": 6944.43}",-0.008960815204,-0.1519052308,-0.008957779493
2026-02-27,equal-weight hold,162714.3492,162770.1419,328.20727,4,25.90793005,29.8848,99616,0,"{""601288.SH"": 7614.0989, ""601398.SH"": 5805.814, ""601939.SH"": 4285.5747, ""601988.SH"": 6944.43}",-0.002719066863,-0.1542112572,-0.002718137382
2026-03-02,equal-weight hold,164278.3115,164334.1042,328.20727,4,25.90793005,29.8848,99616,0,"{""601288.SH"": 7614.0989, ""601398.SH"": 5805.814, ""601939.SH"": 4285.5747, ""601988.SH"": 6944.43}",0.009611705011,-0.1460817853,0.009608410406
2026-03-03,equal-weight hold,168688.9129,168744.7057,328.20727,4,25.90793005,29.8848,99616,0,"{""601288.SH"": 7614.0989, ""601398.SH"": 5805.814, ""601939.SH"": 4285.5747, ""601988.SH"": 6944.43}",0.02684834894,-0.1231554911,0.02683923371
2026-03-04,equal-weight hold,167589.8653,167645.6581,328.20727,4,25.90793005,29.8848,99616,0,"{""601288.SH"": 7614.0989, ""601398.SH"": 5805.814, ""601939.SH"": 4285.5747, ""601988.SH"": 6944.43}",-0.006515233166,-0.1288683375,-0.006513079009
2026-03-05,equal-weight hold,168670.0859,168725.8786,328.20727,4,25.90793005,29.8848,99616,0,"{""601288.SH"": 7614.0989, ""601398.SH"": 5805.814, ""601939.SH"": 4285.5747, ""601988.SH"": 6944.43}",0.00644561969,-0.1232533541,0.006443474578
2026-03-06,equal-weight hold,168494.0892,168549.8819,328.20727,4,25.90793005,29.8848,99616,0,"{""601288.SH"": 7614.0989, ""601398.SH"": 5805.814, ""601939.SH"": 4285.5747, ""601988.SH"": 6944.43}",-0.001043437628,-0.1241681845,-0.001043092593
2026-03-09,equal-weight hold,168308.8359,168364.6286,328.20727,4,25.90793005,29.8848,99616,0,"{""601288.SH"": 7614.0989, ""601398.SH"": 5805.814, ""601939.SH"": 4285.5747, ""601988.SH"": 6944.43}",-0.001099464527,-0.1251311305,-0.001099100586
2026-03-10,equal-weight hold,166628.7573,166684.55,328.20727,4,25.90793005,29.8848,99616,0,"{""601288.SH"": 7614.0989, ""601398.SH"": 5805.814, ""601939.SH"": 4285.5747, ""601988.SH"": 6944.43}",-0.009982117668,-0.1338641745,-0.009978809791
2026-03-11,equal-weight hold,168153.6735,168209.4662,328.20727,4,25.90793005,29.8848,99616,0,"{""601288.SH"": 7614.0989, ""601398.SH"": 5805.814, ""601939.SH"": 4285.5747, ""601988.SH"": 6944.43}",0.009151578612,-0.1259376645,0.009148515392
2026-03-12,equal-weight hold,168745.77,168801.5628,328.20727,4,25.90793005,29.8848,99616,0,"{""601288.SH"": 7614.0989, ""601398.SH"": 5805.814, ""601939.SH"": 4285.5747, ""601988.SH"": 6944.43}",0.003521163513,-0.122859948,0.003519995593
2026-03-13,equal-weight hold,169178.888,169234.6807,328.20727,4,25.90793005,29.8848,99616,0,"{""601288.SH"": 7614.0989, ""601398.SH"": 5805.814, ""601939.SH"": 4285.5747, ""601988.SH"": 6944.43}",0.002566689014,-0.1206086023,0.002565840665
2026-03-16,equal-weight hold,169895.6132,169951.4059,328.20727,4,25.90793005,29.8848,99616,0,"{""601288.SH"": 7614.0989, ""601398.SH"": 5805.814, ""601939.SH"": 4285.5747, ""601988.SH"": 6944.43}",0.004236493168,-0.1168830667,0.004235096495
2026-03-17,equal-weight hold,172583.267,172639.0597,328.20727,4,25.90793005,29.8848,99616,0,"{""601288.SH"": 7614.0989, ""601398.SH"": 5805.814, ""601939.SH"": 4285.5747, ""601988.SH"": 6944.43}",0.01581944201,-0.1029126496,0.0158142487
2026-03-18,equal-weight hold,172302.4177,172358.2105,328.20727,4,25.90793005,29.8848,99616,0,"{""601288.SH"": 7614.0989, ""601398.SH"": 5805.814, ""601939.SH"": 4285.5747, ""601988.SH"": 6944.43}",-0.00162732588,-0.104372503,-0.001626799968
2026-03-19,equal-weight hold,174480.2467,174536.0394,328.20727,4,25.90793005,29.8848,99616,0,"{""601288.SH"": 7614.0989, ""601398.SH"": 5805.814, ""601939.SH"": 4285.5747, ""601988.SH"": 6944.43}",0.01263957286,-0.09305215401,0.0126354814
2026-03-20,equal-weight hold,173805.6198,173861.4125,328.20727,4,25.90793005,29.8848,99616,0,"{""601288.SH"": 7614.0989, ""601398.SH"": 5805.814, ""601939.SH"": 4285.5747, ""601988.SH"": 6944.43}",-0.003866494715,-0.09655886306,-0.003865258739
2026-03-23,equal-weight hold,168369.9196,168425.7123,328.20727,4,25.90793005,29.8848,99616,0,"{""601288.SH"": 7614.0989, ""601398.SH"": 5805.814, ""601939.SH"": 4285.5747, ""601988.SH"": 6944.43}",-0.03127459393,-0.1248136178,-0.0312645578
2026-03-24,equal-weight hold,170245.9959,170301.7886,328.20727,4,25.90793005,29.8848,99616,0,"{""601288.SH"": 7614.0989, ""601398.SH"": 5805.814, ""601939.SH"": 4285.5747, ""601988.SH"": 6944.43}",0.01114258588,-0.1150617783,0.01113889478
2026-03-25,equal-weight hold,171598.3617,171654.1544,328.20727,4,25.90793005,29.8848,99616,0,"{""601288.SH"": 7614.0989, ""601398.SH"": 5805.814, ""601939.SH"": 4285.5747, ""601988.SH"": 6944.43}",0.00794359856,-0.1080321844,0.00794099615
2026-03-26,equal-weight hold,172180.8745,172236.6672,328.20727,4,25.90793005,29.8848,99616,0,"{""601288.SH"": 7614.0989, ""601398.SH"": 5805.814, ""601939.SH"": 4285.5747, ""601988.SH"": 6944.43}",0.003394629117,-0.1050042844,0.003393525761
2026-03-27,equal-weight hold,171681.1795,171736.9722,328.20727,4,25.90793005,29.8848,99616,0,"{""601288.SH"": 7614.0989, ""601398.SH"": 5805.814, ""601939.SH"": 4285.5747, ""601988.SH"": 6944.43}",-0.002902151817,-0.1076016979,-0.002901211721
2026-03-30,equal-weight hold,173824.4535,173880.2463,328.20727,4,25.90793005,29.8848,99616,0,"{""601288.SH"": 7614.0989, ""601398.SH"": 5805.814, ""601939.SH"": 4285.5747, ""601988.SH"": 6944.43}",0.01248403632,-0.09646096506,0.01247998059
2026-03-31,equal-weight hold,177818.6877,177874.4805,328.20727,4,25.90793005,29.8848,99616,0,"{""601288.SH"": 7614.0989, ""601398.SH"": 5805.814, ""601939.SH"": 4285.5747, ""601988.SH"": 6944.43}",0.02297855167,-0.07569894666,0.02297117857
2026-04-01,equal-weight hold,176537.083,176592.8757,328.20727,4,25.90793005,29.8848,99616,0,"{""601288.SH"": 7614.0989, ""601398.SH"": 5805.814, ""601939.SH"": 4285.5747, ""601988.SH"": 6944.43}",-0.007207368214,-0.0823607247,-0.007205107526
2026-04-02,equal-weight hold,179621.8512,179677.6439,328.20727,4,25.90793005,29.8848,99616,0,"{""601288.SH"": 7614.0989, ""601398.SH"": 5805.814, ""601939.SH"": 4285.5747, ""601988.SH"": 6944.43}",0.01747376918,-0.06632610781,0.01746824852
2026-04-03,equal-weight hold,176653.2325,176709.0252,328.20727,4,25.90793005,29.8848,99616,0,"{""601288.SH"": 7614.0989, ""601398.SH"": 5805.814, ""601939.SH"": 4285.5747, ""601988.SH"": 6944.43}",-0.01652704691,-0.08175698002,-0.016521915
2026-04-07,equal-weight hold,173977.3884,174033.1812,328.20727,4,25.90793005,29.8848,99616,0,"{""601288.SH"": 7614.0989, ""601398.SH"": 5805.814, ""601939.SH"": 4285.5747, ""601988.SH"": 6944.43}",-0.01514743869,-0.09566600987,-0.01514265616
2026-04-08,equal-weight hold,173025.1133,173080.906,328.20727,4,25.90793005,29.8848,99616,0,"{""601288.SH"": 7614.0989, ""601398.SH"": 5805.814, ""601939.SH"": 4285.5747, ""601988.SH"": 6944.43}",-0.005473556858,-0.1006159334,-0.005471802108
2026-04-09,equal-weight hold,172378.9597,172434.7525,328.20727,4,25.90793005,29.8848,99616,0,"{""601288.SH"": 7614.0989, ""601398.SH"": 5805.814, ""601939.SH"": 4285.5747, ""601988.SH"": 6944.43}",-0.003734449602,-0.1039746379,-0.0037332458
2026-04-10,equal-weight hold,171780.358,171836.1508,328.20727,4,25.90793005,29.8848,99616,0,"{""601288.SH"": 7614.0989, ""601398.SH"": 5805.814, ""601939.SH"": 4285.5747, ""601988.SH"": 6944.43}",-0.003472591482,-0.1070861679,-0.003471467895
2026-04-13,equal-weight hold,173130.035,173185.8277,328.20727,4,25.90793005,29.8848,99616,0,"{""601288.SH"": 7614.0989, ""601398.SH"": 5805.814, ""601939.SH"": 4285.5747, ""601988.SH"": 6944.43}",0.007856992312,-0.1000705508,0.007854441259
2026-04-14,equal-weight hold,175015.4503,175071.243,328.20727,4,25.90793005,29.8848,99616,0,"{""601288.SH"": 7614.0989, ""601398.SH"": 5805.814, ""601939.SH"": 4285.5747, ""601988.SH"": 6944.43}",0.01089016879,-0.09027016718,0.01088666047
2026-04-15,equal-weight hold,177539.5849,177595.3776,328.20727,4,25.90793005,29.8848,99616,0,"{""601288.SH"": 7614.0989, ""601398.SH"": 5805.814, ""601939.SH"": 4285.5747, ""601988.SH"": 6944.43}",0.01442235301,-0.07714972239,0.01441775681
2026-04-16,equal-weight hold,177645.2015,177700.9943,328.20727,4,25.90793005,29.8848,99616,0,"{""601288.SH"": 7614.0989, ""601398.SH"": 5805.814, ""601939.SH"": 4285.5747, ""601988.SH"": 6944.43}",0.0005948906431,-0.0766007274,0.0005947037544
2026-04-17,equal-weight hold,177675.6196,177731.4123,328.20727,4,25.90793005,29.8848,99616,0,"{""601288.SH"": 7614.0989, ""601398.SH"": 5805.814, ""601939.SH"": 4285.5747, ""601988.SH"": 6944.43}",0.0001712293123,-0.07644261437,0.0001711755515
2026-04-20,equal-weight hold,181694.3681,181750.1608,328.20727,4,25.90793005,29.8848,99616,0,"{""601288.SH"": 7614.0989, ""601398.SH"": 5805.814, ""601939.SH"": 4285.5747, ""601988.SH"": 6944.43}",0.02261845753,-0.05555317087,0.02261135723
2026-04-21,equal-weight hold,182631.1196,182686.9124,328.20727,4,25.90793005,29.8848,99616,0,"{""601288.SH"": 7614.0989, ""601398.SH"": 5805.814, ""601939.SH"": 4285.5747, ""601988.SH"": 6944.43}",0.005155644494,-0.05068393878,0.005154061841
2026-04-22,equal-weight hold,180330.8542,180386.6469,328.20727,4,25.90793005,29.8848,99616,0,"{""601288.SH"": 7614.0989, ""601398.SH"": 5805.814, ""601939.SH"": 4285.5747, ""601988.SH"": 6944.43}",-0.01259514508,-0.0626407123,-0.01259129851
2026-04-23,equal-weight hold,179978.616,180034.4087,328.20727,4,25.90793005,29.8848,99616,0,"{""601288.SH"": 7614.0989, ""601398.SH"": 5805.814, ""601939.SH"": 4285.5747, ""601988.SH"": 6944.43}",-0.001953288571,-0.06447164548,-0.001952684428
2026-04-24,equal-weight hold,180028.1684,180083.9612,328.20727,4,25.90793005,29.8848,99616,0,"{""601288.SH"": 7614.0989, ""601398.SH"": 5805.814, ""601939.SH"": 4285.5747, ""601988.SH"": 6944.43}",0.000275324015,-0.06421407206,0.000275238692
2026-04-27,equal-weight hold,178103.7136,178159.5063,328.20727,4,25.90793005,29.8848,99616,0,"{""601288.SH"": 7614.0989, ""601398.SH"": 5805.814, ""601939.SH"": 4285.5747, ""601988.SH"": 6944.43}",-0.01068974281,-0.07421738295,-0.01068643096
2026-04-28,equal-weight hold,179538.1663,179593.959,328.20727,4,25.90793005,29.8848,99616,0,"{""601288.SH"": 7614.0989, ""601398.SH"": 5805.814, ""601939.SH"": 4285.5747, ""601988.SH"": 6944.43}",0.008054030094,-0.06676110189,0.00805150788
2026-04-29,equal-weight hold,178789.2206,178845.0134,328.20727,4,25.90793005,29.8848,99616,0,"{""601288.SH"": 7614.0989, ""601398.SH"": 5805.814, ""601939.SH"": 4285.5747, ""601988.SH"": 6944.43}",-0.004171512164,-0.07065411931,-0.004170216241
2026-04-30,equal-weight hold,178843.0256,178898.8184,328.20727,4,25.90793005,29.8848,99616,0,"{""601288.SH"": 7614.0989, ""601398.SH"": 5805.814, ""601939.SH"": 4285.5747, ""601988.SH"": 6944.43}",0.0003009409425,-0.07037444108,0.0003008470605
2026-05-06,equal-weight hold,176943.043,176998.8358,328.20727,4,25.90793005,29.8848,99616,0,"{""601288.SH"": 7614.0989, ""601398.SH"": 5805.814, ""601939.SH"": 4285.5747, ""601988.SH"": 6944.43}",-0.01062374437,-0.08025054538,-0.01062043116
2026-05-07,equal-weight hold,176668.7681,176724.5609,328.20727,4,25.90793005,29.8848,99616,0,"{""601288.SH"": 7614.0989, ""601398.SH"": 5805.814, ""601939.SH"": 4285.5747, ""601988.SH"": 6944.43}",-0.001550074575,-0.08167622562,-0.001549585968
2026-05-08,equal-weight hold,177148.4423,177204.235,328.20727,4,25.90793005,29.8848,99616,0,"{""601288.SH"": 7614.0989, ""601398.SH"": 5805.814, ""601939.SH"": 4285.5747, ""601988.SH"": 6944.43}",0.002715104397,-0.0791828807,0.002714247226
2026-05-11,equal-weight hold,176135.5298,176191.3225,328.20727,4,25.90793005,29.8848,99616,0,"{""601288.SH"": 7614.0989, ""601398.SH"": 5805.814, ""601939.SH"": 4285.5747, ""601988.SH"": 6944.43}",-0.005717874025,-0.08444799699,-0.005716073753
2026-05-12,equal-weight hold,176510.398,176566.1907,328.20727,4,25.90793005,29.8848,99616,0,"{""601288.SH"": 7614.0989, ""601398.SH"": 5805.814, ""601939.SH"": 4285.5747, ""601988.SH"": 6944.43}",0.002128294127,-0.08249943304,0.002127620181
2026-05-13,equal-weight hold,175887.865,175943.6577,328.20727,4,25.90793005,29.8848,99616,0,"{""601288.SH"": 7762.7958, ""601398.SH"": 5940.9302, ""601939.SH"": 4285.5747, ""601988.SH"": 6944.43}",-0.003526891535,-0.08573535803,-0.003525777081
2026-05-14,equal-weight hold,177914.9116,177970.7043,328.20727,4,25.90793005,29.8848,99616,0,"{""601288.SH"": 7762.7958, ""601398.SH"": 5940.9302, ""601939.SH"": 4285.5747, ""601988.SH"": 6944.43}",0.01152465295,-0.07519877532,0.01152099842
2026-05-15,equal-weight hold,177410.983,177466.7758,328.20727,4,25.90793005,29.8848,99616,0,"{""601288.SH"": 7762.7958, ""601398.SH"": 5940.9302, ""601939.SH"": 4285.5747, ""601988.SH"": 6944.43}",-0.002832413311,-0.07781819462,-0.002831525367
2026-05-18,equal-weight hold,176313.4063,176369.1991,328.20727,4,25.90793005,29.8848,99616,0,"{""601288.SH"": 7762.7958, ""601398.SH"": 5940.9302, ""601939.SH"": 4285.5747, ""601988.SH"": 6944.43}",-0.006186633313,-0.0835233953,-0.006184688334
2026-05-19,equal-weight hold,177890.8523,177946.645,328.20727,4,25.90793005,29.8848,99616,0,"{""601288.SH"": 7762.7958, ""601398.SH"": 5940.9302, ""601939.SH"": 4285.5747, ""601988.SH"": 6944.43}",0.008946829157,-0.07532383569,0.008943998912
2026-05-20,equal-weight hold,174630.8621,174686.6548,328.20727,4,25.90793005,29.8848,99616,0,"{""601288.SH"": 7762.7958, ""601398.SH"": 5940.9302, ""601939.SH"": 4285.5747, ""601988.SH"": 6944.43}",-0.01832578848,-0.09226925549,-0.01832004268
2026-05-21,equal-weight hold,176689.3784,176745.1712,328.20727,4,25.90793005,29.8848,99616,0,"{""601288.SH"": 7762.7958, ""601398.SH"": 5940.9302, ""601939.SH"": 4285.5747, ""601988.SH"": 6944.43}",0.01178781518,-0.08156909324,0.0117840503
2026-05-22,equal-weight hold,177110.4111,177166.2038,328.20727,4,25.90793005,29.8848,99616,0,"{""601288.SH"": 7762.7958, ""601398.SH"": 5940.9302, ""601939.SH"": 4285.5747, ""601988.SH"": 6944.43}",0.002382897337,-0.07938056668,0.002382145134
2026-05-25,equal-weight hold,177344.9461,177400.7388,328.20727,4,25.90793005,29.8848,99616,0,"{""601288.SH"": 7762.7958, ""601398.SH"": 5940.9302, ""601939.SH"": 4285.5747, ""601988.SH"": 6944.43}",0.001324230272,-0.07816145456,0.001323813248
2026-05-26,equal-weight hold,178047.0914,178102.8842,328.20727,4,25.90793005,29.8848,99616,0,"{""601288.SH"": 7762.7958, ""601398.SH"": 5940.9302, ""601939.SH"": 4285.5747, ""601988.SH"": 6944.43}",0.00395920715,-0.0745117048,0.003957961975
2026-05-27,equal-weight hold,176034.3606,176090.1533,328.20727,4,25.90793005,29.8848,99616,0,"{""601288.SH"": 7762.7958, ""601398.SH"": 5940.9302, ""601939.SH"": 4285.5747, ""601988.SH"": 6944.43}",-0.01130448611,-0.08497387438,-0.01130094485
2026-05-28,equal-weight hold,173947.9047,174003.6974,328.20727,4,25.90793005,29.8848,99616,0,"{""601288.SH"": 7762.7958, ""601398.SH"": 5940.9302, ""601939.SH"": 4285.5747, ""601988.SH"": 6944.43}",-0.01185254912,-0.09581926647,-0.01184879373
2026-05-29,equal-weight hold,175661.2764,175717.0692,328.20727,4,25.90793005,29.8848,99616,0,"{""601288.SH"": 7762.7958, ""601398.SH"": 5940.9302, ""601939.SH"": 4285.5747, ""601988.SH"": 6944.43}",0.00984991327,-0.08691316467,0.009846754983
2026-06-01,equal-weight hold,178456.6052,178512.3979,328.20727,4,25.90793005,29.8848,99616,0,"{""601288.SH"": 7762.7958, ""601398.SH"": 5940.9302, ""601939.SH"": 4285.5747, ""601988.SH"": 6944.43}",0.01591317575,-0.07238305338,0.01590812309
2026-06-02,equal-weight hold,179090.0652,179145.858,328.20727,4,25.90793005,29.8848,99616,0,"{""601288.SH"": 7762.7958, ""601398.SH"": 5940.9302, ""601939.SH"": 4285.5747, ""601988.SH"": 6944.43}",0.00354965871,-0.06909032981,0.00354854929
2026-06-03,equal-weight hold,177381.8003,177437.593,328.20727,4,25.90793005,29.8848,99616,0,"{""601288.SH"": 7762.7958, ""601398.SH"": 5940.9302, ""601939.SH"": 4285.5747, ""601988.SH"": 6944.43}",-0.009538580453,-0.07796988659,-0.009535609782
2026-06-04,equal-weight hold,176143.1973,176198.99,328.20727,4,25.90793005,29.8848,99616,0,"{""601288.SH"": 7762.7958, ""601398.SH"": 5940.9302, ""601939.SH"": 4285.5747, ""601988.SH"": 6944.43}",-0.006982694943,-0.0844081416,-0.006980499334
2026-06-05,equal-weight hold,179118.391,179174.1837,328.20727,4,25.90793005,29.8848,99616,0,"{""601288.SH"": 7762.7958, ""601398.SH"": 5940.9302, ""601939.SH"": 4285.5747, ""601988.SH"": 6944.43}",0.01689076731,-0.06894309257,0.01688541892
2026-06-08,equal-weight hold,182795.5389,182851.3316,328.20727,4,25.90793005,29.8848,99616,0,"{""601288.SH"": 7762.7958, ""601398.SH"": 5940.9302, ""601939.SH"": 4285.5747, ""601988.SH"": 6944.43}",0.0205291475,-0.04982928798,0.02052275496
2026-06-09,equal-weight hold,183325.1829,183380.9756,328.20727,4,25.90793005,29.8848,99616,0,"{""601288.SH"": 7762.7958, ""601398.SH"": 5940.9302, ""601939.SH"": 4285.5747, ""601988.SH"": 6944.43}",0.0028974669,-0.0470761998,0.002896582807
2026-06-10,equal-weight hold,186252.3534,186308.1461,328.20727,4,25.90793005,29.8848,99616,0,"{""601288.SH"": 7762.7958, ""601398.SH"": 5940.9302, ""601939.SH"": 4285.5747, ""601988.SH"": 6944.43}",0.01596709428,-0.03186077564,0.01596223637
2026-06-11,equal-weight hold,186173.7662,186229.5589,328.20727,4,25.90793005,29.8848,99616,0,"{""601288.SH"": 7762.7958, ""601398.SH"": 5940.9302, ""601939.SH"": 4285.5747, ""601988.SH"": 6944.43}",-0.0004219391969,-0.03226927152,-0.000421812841
2026-06-12,equal-weight hold,188871.7695,188927.5622,328.20727,4,25.90793005,29.8848,99616,0,"{""601288.SH"": 7762.7958, ""601398.SH"": 5940.9302, ""601939.SH"": 4285.5747, ""601988.SH"": 6944.43}",0.01449185535,-0.01824505779,0.01448751372
2026-06-15,equal-weight hold,184253.0017,184308.7944,328.20727,4,25.90793005,29.8848,99616,0,"{""601288.SH"": 7762.7958, ""601398.SH"": 5940.9302, ""601939.SH"": 4285.5747, ""601988.SH"": 6944.43}",-0.02445451643,-0.04225340015,-0.02444729469
2026-06-16,equal-weight hold,181250.6413,181306.4341,328.20727,4,25.90793005,29.8848,99616,0,"{""601288.SH"": 7762.7958, ""601398.SH"": 5940.9302, ""601939.SH"": 4285.5747, ""601988.SH"": 6944.43}",-0.01629477044,-0.05785966113,-0.0162898378
2026-06-17,equal-weight hold,179407.2959,179463.0886,328.20727,4,25.90793005,29.8848,99616,0,"{""601288.SH"": 7762.7958, ""601398.SH"": 5940.9302, ""601939.SH"": 4285.5747, ""601988.SH"": 6944.43}",-0.01017014589,-0.06744136583,-0.01016701627
2026-06-18,equal-weight hold,174965.983,175021.7758,328.20727,4,25.90793005,29.8848,99616,0,"{""601288.SH"": 7762.7958, ""601398.SH"": 5940.9302, ""601939.SH"": 4285.5747, ""601988.SH"": 6944.43}",-0.02475547514,-0.09052729791,-0.02474777899
2026-06-22,equal-weight hold,176633.3244,176689.1171,328.20727,4,25.90793005,29.8848,99616,0,"{""601288.SH"": 7762.7958, ""601398.SH"": 5940.9302, ""601939.SH"": 4285.5747, ""601988.SH"": 6944.43}",0.009529517379,-0.08186046199,0.009526479598
2026-06-23,equal-weight hold,180968.3778,181024.1706,328.20727,4,25.90793005,29.8848,99616,0,"{""601288.SH"": 7762.7958, ""601398.SH"": 5940.9302, ""601939.SH"": 4285.5747, ""601988.SH"": 6944.43}",0.02454267024,-0.05932686608,0.02453492045
2026-06-24,equal-weight hold,176756.2182,176812.0109,328.20727,4,25.90793005,29.8848,99616,0,"{""601288.SH"": 7762.7958, ""601398.SH"": 5940.9302, ""601939.SH"": 4285.5747, ""601988.SH"": 6944.43}",-0.02327566684,-0.08122166055,-0.02326849314
2026-06-25,equal-weight hold,173810.7065,173866.4993,328.20727,4,25.90793005,29.8848,99616,0,"{""601288.SH"": 7762.7958, ""601398.SH"": 5940.9302, ""601939.SH"": 4285.5747, ""601988.SH"": 6944.43}",-0.01666426037,-0.09653242202,-0.01665900199
2026-06-26,equal-weight hold,172770.4014,172826.1942,328.20727,4,25.90793005,29.8848,99616,0,"{""601288.SH"": 7762.7958, ""601398.SH"": 5940.9302, ""601939.SH"": 4285.5747, ""601988.SH"": 6944.43}",-0.005985276271,-0.1019399251,-0.005983355631
2026-06-29,equal-weight hold,174066.4623,174122.255,328.20727,4,25.90793005,29.8848,99616,0,"{""601288.SH"": 7762.7958, ""601398.SH"": 5940.9302, ""601939.SH"": 4285.5747, ""601988.SH"": 6944.43}",0.007501637021,-0.09520300437,0.0074992153
2026-06-30,equal-weight hold,170442.9781,170498.7708,328.20727,4,25.90793005,29.8848,99616,0,"{""601288.SH"": 7762.7958, ""601398.SH"": 5940.9302, ""601939.SH"": 4285.5747, ""601988.SH"": 6944.43}",-0.02081667029,-0.1140378651,-0.02081000016
