date,equity,daily_return,matched_return,cash,exposure,invested_value,holdings,mark_type
2023-01-03,100000.0,0.0,0.0,100000.0,0.0,0.0,0,open
2023-01-04,99944.161903634,-0.0005583809636600101,0.0,247.161903633998,0.9975270000875858,99697.0,2,open
2023-01-05,101386.161903634,0.01442805635200961,0.014428056352009482,247.161903633998,0.9975621731901744,101139.0,2,open
2023-01-06,101173.161903634,-0.002100878423649699,-0.002100878423649708,247.161903633998,0.9975570408299642,100926.0,2,open
2023-01-09,101102.161903634,-0.0007017671353162225,-0.000701767135316224,247.161903633998,0.9975553252375594,100855.0,2,open
2023-01-10,100771.161903634,-0.003273916143509359,-0.0032739161435093047,247.161903633998,0.9975472952880076,100524.0,2,open
2023-01-11,100109.161903634,-0.006569339754493031,-0.006569339754493057,247.161903633998,0.9975310760880016,99862.0,2,open
2023-01-12,100771.161903634,0.0066127813619820675,0.006612781361982095,247.161903633998,0.9975472952880076,100524.0,2,open
2023-01-13,100487.161903634,-0.00281826660162543,-0.0028182666016254286,247.161903633998,0.9975403633762587,100240.0,2,open
2023-01-16,101409.161903634,0.00917530142690448,0.009175301426904557,247.161903633998,0.9975627260989607,101162.0,2,open
2023-01-17,100889.161903634,-0.005127741815814879,-0.005127741815814858,247.161903633998,0.9975501639723197,100642.0,2,open
2023-01-18,101125.161903634,0.0023392007183626884,0.00233920071836277,247.161903633998,0.9975558812566399,100878.0,2,open
2023-01-19,101007.161903634,-0.0011668708141346906,-0.0011668708141346256,247.161903633998,0.9975530259540427,100760.0,2,open
2023-01-20,101078.161903634,0.0007029204529847011,0.0007029204529846187,247.161903633998,0.9975547447739539,100831.0,2,open
2023-01-30,101669.161903634,0.0058469603015085525,0.005846960301508518,247.161903633998,0.9975689589743223,101422.0,2,open
2023-01-31,101338.161903634,-0.003255657800284917,-0.0032556578002850174,247.161903633998,0.9975610184851287,101091.0,2,open
2023-02-01,100936.161903634,-0.00396691623815193,-0.0039669162381519045,247.161903633998,0.9975513047160445,100689.0,2,open
2023-02-02,100909.18174528201,-0.00026729922996027167,0.0007034148977032777,215.18174528201052,0.9978675702095655,100694.0,2,open
2023-02-03,100784.18174528201,-0.001238737623653785,-0.001238737623653824,215.18174528201052,0.9978649254123444,100569.0,2,open
2023-02-06,100452.18174528201,-0.0032941677379401124,-0.003294167737940069,215.18174528201052,0.9978578688730958,100237.0,2,open
2023-02-07,100659.18174528201,0.0020606819722930325,0.0020606819722929666,215.18174528201052,0.99786227404643,100444.0,2,open
2023-02-08,100659.18174528201,0.0,0.0,215.18174528201052,0.99786227404643,100444.0,2,open
2023-02-09,100991.18174528201,0.003298258482173244,0.0032982584821733907,215.18174528201052,0.9978693016403676,100776.0,2,open
2023-02-10,100991.18174528201,0.0,0.0,215.18174528201052,0.9978693016403676,100776.0,2,open
2023-02-13,101034.18174528201,0.0004257797488542714,0.00042577974885415256,215.18174528201052,0.9978702084624735,100819.0,2,open
2023-02-14,100784.18174528201,-0.002474410102417335,-0.0024744101024173695,215.18174528201052,0.9978649254123444,100569.0,2,open
2023-02-15,100784.18174528201,0.0,0.0,215.18174528201052,0.9978649254123444,100569.0,2,open
2023-02-16,100452.18174528201,-0.0032941677379401124,-0.003294167737940069,215.18174528201052,0.9978578688730958,100237.0,2,open
2023-02-17,100702.18174528201,0.0024887463433489465,0.0024887463433490376,215.18174528201052,0.9978631868589869,100487.0,2,open
2023-02-20,100909.18174528201,0.00205556618945546,0.0020555661894554474,215.18174528201052,0.9978675702095655,100694.0,2,open
2023-02-21,101573.18174528201,0.006580174256848981,0.00658017425684896,215.18174528201052,0.9978815102413389,101358.0,2,open
2023-02-22,101573.18174528201,0.0,0.0,215.18174528201052,0.9978815102413389,101358.0,2,open
2023-02-23,101573.18174528201,0.0,0.0,215.18174528201052,0.9978815102413389,101358.0,2,open
2023-02-24,101366.18174528201,-0.0020379395076851603,-0.0020379395076850757,215.18174528201052,0.9978771840708893,101151.0,2,open
2023-02-27,101116.18174528201,-0.0024663057806419975,-0.0024663057806420443,215.18174528201052,0.997871935613391,100901.0,2,open
2023-02-28,101116.18174528201,0.0,0.0,215.18174528201052,0.997871935613391,100901.0,2,open
2023-03-01,101241.18174528201,0.0012362017418228177,0.0012362017418228947,215.18174528201052,0.997874563082211,101026.0,2,open
2023-03-02,101333.50548789401,0.0009119188557507041,0.0012346754339009544,311.50548789401364,0.9969259379077612,101022.0,2,open
2023-03-03,102032.50548789401,0.006898014596796065,0.006898014596795952,311.50548789401364,0.9969469975631347,101721.0,2,open
2023-03-06,103332.50548789401,0.012741037709342873,0.01274103770934301,311.50548789401364,0.99698540661118,103021.0,2,open
2023-03-07,103194.50548789401,-0.0013354945701589127,-0.0013354945701589032,311.50548789401364,0.9969813752542227,102883.0,2,open
2023-03-08,103933.50548789401,0.007161233987275528,0.007161233987275445,311.50548789401364,0.9970028386281045,103622.0,2,open
2023-03-09,104307.50548789401,0.003598454591176692,0.0035984545911767352,311.50548789401364,0.9970135851064891,103996.0,2,open
2023-03-10,103982.50548789401,-0.003115787291430472,-0.0031157872914304267,311.50548789401364,0.9970042509897948,103671.0,2,open
2023-03-13,102958.50548789401,-0.009847810409984947,-0.009847810409984984,311.50548789401364,0.9969744560061564,102647.0,2,open
2023-03-14,103608.50548789401,0.006313222952487596,0.006313222952487676,311.50548789401364,0.9969934371080141,103297.0,2,open
2023-03-15,104632.50548789401,0.009883358467318581,0.009883358467318484,311.50548789401364,0.9970228612376099,104321.0,2,open
2023-03-16,105518.50548789401,0.008467731857023209,0.008467731857023153,311.50548789401364,0.9970478591745241,105207.0,2,open
2023-03-17,108452.50548789401,0.027805549239290572,0.027805549239290607,311.50548789401364,0.997127724375821,108141.0,2,open
2023-03-20,107704.50548789401,-0.006897028304094777,-0.006897028304094671,311.50548789401364,0.997107776629372,107393.0,2,open
2023-03-21,108679.50548789401,0.009052546089723057,0.00905254608972305,311.50548789401364,0.9971337237274354,108368.0,2,open
2023-03-22,106680.50548789401,-0.018393532350243103,-0.018393532350243037,311.50548789401364,0.9970800148867933,106369.0,2,open
2023-03-23,107143.50548789401,0.0043400619249271966,0.004340061924927153,311.50548789401364,0.9970926330394406,106832.0,2,open
2023-03-24,108029.50548789401,0.008269283294078056,0.008269283294078056,311.50548789401364,0.9971164777022059,107718.0,2,open
2023-03-27,105981.50548789401,-0.018957783716130217,-0.01895778371613025,311.50548789401364,0.9970607561530668,105670.0,2,open
2023-03-28,105420.50548789401,-0.005293376400131278,-0.005293376400131243,311.50548789401364,0.9970451148336622,105109.0,2,open
2023-03-29,106021.50548789401,0.005700978165666504,0.005700978165666447,311.50548789401364,0.9970618650767077,105710.0,2,open
2023-03-30,106809.50548789401,0.0074324543532346965,0.007432454353234716,311.50548789401364,0.9970835415212242,106498.0,2,open
2023-03-31,106622.50548789401,-0.0017507805054035597,-0.0017507805054035592,311.50548789401364,0.9970784264872731,106311.0,2,open
2023-04-03,106435.50548789401,-0.0017538511137429325,-0.0017538511137429116,311.50548789401364,0.997073293479783,106124.0,2,open
2023-04-04,106076.72979166602,-0.003370827193269643,-0.0030534923333168495,401.7297916660136,0.996212837702906,105675.0,2,open
2023-04-06,107726.72979166602,0.015554778161436467,0.015554778161436272,401.7297916660136,0.9962708438987897,107325.0,2,open
2023-04-07,108796.72979166602,0.00993253951056805,0.0099325395105679,401.7297916660136,0.9963075196061932,108395.0,2,open
2023-04-10,108261.72979166602,-0.004917427215178849,-0.004917427215178913,401.7297916660136,0.996289272373173,107860.0,2,open
2023-04-11,108386.72979166602,0.0011546092995238233,0.0011546092995238396,401.7297916660136,0.996293551872649,107985.0,2,open
2023-04-12,109456.72979166602,0.00987205723483564,0.009872057234835804,401.7297916660136,0.9963297844506167,109055.0,2,open
2023-04-13,110241.72979166602,0.00717178378610539,0.007171783786105565,401.7297916660136,0.9963559190115648,109840.0,2,open
2023-04-14,111276.72979166602,0.009388459360679002,0.00938845936067879,401.7297916660136,0.9963898131045176,110875.0,2,open
2023-04-17,110286.72979166602,-0.008896738804721305,-0.008896738804721317,401.7297916660136,0.9963574058962045,109885.0,2,open
2023-04-18,112801.72979166602,0.022804194165072067,0.022804194165072143,401.7297916660136,0.9964386202905933,112400.0,2,open
2023-04-19,114281.72979166602,0.013120366174644849,0.01312036617464478,401.7297916660136,0.9964847417658241,113880.0,2,open
2023-04-20,114691.72979166602,0.0035876250801192278,0.003587625080119305,401.7297916660136,0.9964973081110927,114290.0,2,open
2023-04-21,114361.72979166602,-0.002877278079242762,-0.002877278079242723,401.7297916660136,0.9964872008109894,113960.0,2,open
2023-04-24,113621.72979166602,-0.006470696109162288,-0.00647069610916237,401.7297916660136,0.9964643225164533,113220.0,2,open
2023-04-25,114576.72979166602,0.008405082388299068,0.008405082388299087,401.7297916660136,0.9964937924795333,114175.0,2,open
2023-04-26,116386.72979166602,0.015797274047628207,0.015797274047628165,401.7297916660136,0.9965483196204145,115985.0,2,open
2023-04-27,115646.72979166602,-0.006358113174282032,-0.006358113174281999,401.7297916660136,0.9965262330167941,115245.0,2,open
2023-04-28,116056.72979166602,0.0035452796697199584,0.003545279669719953,401.7297916660136,0.9965385049846988,115655.0,2,open
2023-05-04,115931.72979166602,-0.001077059471039643,-0.001077059471039622,401.7297916660136,0.996534772728847,115530.0,2,open
2023-05-05,123121.72979166602,0.062019259204712185,0.06201925920471231,401.7297916660136,0.996737133304204,122720.0,2,open
2023-05-08,126146.72979166602,0.02456918047787826,0.024569180477878344,401.7297916660136,0.996815376884288,125745.0,2,open
2023-05-09,138886.729791666,0.10099350194048129,0.10099350194048132,401.7297916660136,0.9971075005346544,138485.0,2,open
2023-05-10,133926.729791666,-0.03571255516952654,-0.0357125551695265,401.7297916660136,0.9970003763080684,133525.0,2,open
2023-05-11,127451.72979166602,-0.04834733148545012,-0.04834733148545026,401.7297916660136,0.9968479847835515,127050.0,2,open
2023-05-12,125461.72979166602,-0.015613754346472053,-0.01561375434647197,401.7297916660136,0.9967979893762575,125060.0,2,open
2023-05-15,124426.72979166602,-0.0082495275787976,-0.008249527578797752,401.7297916660136,0.9967713545767967,124025.0,2,open
2023-05-16,125461.72979166602,0.00831814837320688,0.00831814837320698,401.7297916660136,0.9967979893762575,125060.0,2,open
2023-05-17,125996.72979166602,0.004264248555223782,0.004264248555223803,401.7297916660136,0.9968115855678932,125595.0,2,open
2023-05-18,125996.72979166602,0.0,0.0,401.7297916660136,0.9968115855678932,125595.0,2,open
2023-05-19,128216.72979166602,0.017619504916284168,0.017619504916284345,401.7297916660136,0.9968667911565147,127815.0,2,open
2023-05-22,126656.72979166602,-0.012166898988414165,-0.012166898988414276,401.7297916660136,0.9968282001885979,126255.0,2,open
2023-05-23,126076.72979166602,-0.004579306610505651,-0.004579306610505503,401.7297916660136,0.996813608725973,125675.0,2,open
2023-05-24,121991.72979166602,-0.03240090385236205,-0.03240090385236223,401.7297916660136,0.9967069096212335,121590.0,2,open
2023-05-25,118146.72979166602,-0.03151853003942462,-0.03151853003942459,401.7297916660136,0.9965997383730011,117745.0,2,open
2023-05-26,119216.72979166602,0.009056535055069093,0.009056535055069074,401.7297916660136,0.996630256572479,118815.0,2,open
2023-05-29,120981.72979166602,0.014804969093552334,0.01480496909355231,401.7297916660136,0.9966794176909373,120580.0,2,open
2023-05-30,122676.72979166602,0.01401037993851495,0.014010379938514957,401.7297916660136,0.996725297516911,122275.0,2,open
2023-05-31,121276.72979166602,-0.01141210727069042,-0.011412107270690374,401.7297916660136,0.9966874948528368,120875.0,2,open
2023-06-01,120899.48748450443,-0.0031105910244251245,-0.0031105910244251405,401.7297916660136,0.9966771588529892,120497.75769283841,2,open
2023-06-02,120166.99366111288,-0.006058700815298579,-0.005748624448012015,477.2417177800089,0.9960285124621999,119689.75194333287,2,open
2023-06-05,119615.01090962949,-0.004593463934364994,-0.00459346393436487,477.2417177800089,0.9960101853926965,119137.76919184948,2,open
2023-06-06,122328.96491358515,0.022689075420526228,0.022689075420526346,477.2417177800089,0.9960987022319927,121851.72319580514,2,open
2023-06-07,123202.94191556299,0.007144481297583383,0.007144481297583268,477.2417177800089,0.9961263772572323,122725.70019778298,2,open
2023-06-08,125410.90741852972,0.017921369965986367,0.017921369965986422,477.2417177800089,0.9961945756744481,124933.66570074971,2,open
2023-06-09,128170.85567297986,0.022007242521892012,0.022007242521892026,477.2417177800089,0.9962765192190207,127693.61395519985,2,open
2023-06-12,126744.87867100202,-0.01112559477340258,-0.011125594773402466,477.2417177800089,0.9962346272071567,126267.63695322201,2,open
2023-06-13,124996.92466704636,-0.013791121363514125,-0.013791121363514194,477.2417177800089,0.9961819723241093,124519.68294926635,2,open
2023-06-14,125824.90741852972,0.006624024980525389,0.006624024980525281,477.2417177800089,0.9962070966109073,125347.66570074971,2,open
2023-06-15,123386.93616605744,-0.01937590340808193,-0.01937590340808192,477.2417177800089,0.9961321535925187,122909.69444827743,2,open
2023-06-16,124214.93616605744,0.0067105969702145885,0.006710596970214513,477.2417177800089,0.9961579361346529,123737.69444827743,2,open
2023-06-19,122742.96491358515,-0.011850195297805954,-0.011850195297805975,477.2417177800089,0.9961118609272963,122265.72319580514,2,open
2023-06-20,121132.99366111288,-0.013116607160383764,-0.013116607160383972,477.2417177800089,0.9960601839073245,120655.75194333287,2,open
2023-06-21,119983.01665913504,-0.009493507649906419,-0.009493507649906273,477.2417177800089,0.9960224227472474,119505.77494135503,2,open
2023-06-26,120259.01665913504,0.002300325560109062,0.0023003255601090023,477.2417177800089,0.996031551470833,119781.77494135503,2,open
2023-06-27,117775.06840468492,-0.02065498557576506,-0.020654985575765037,477.2417177800089,0.99594785446322,117297.82668690491,2,open
2023-06-28,120075.02240864058,0.019528360586918314,0.019528360586918175,477.2417177800089,0.9960254705082973,119597.78069086057,2,open
2023-06-29,120121.01665913504,0.0003830459455418378,0.00038304594554179464,477.2417177800089,0.9960269923527681,119643.77494135503,2,open
2023-06-30,119845.01665913504,-0.002297682850813665,-0.002297682850813606,477.2417177800089,0.9960178426180424,119367.77494135503,2,open
2023-07-03,121454.98791160733,0.013433777201194763,0.013433777201194657,477.2417177800089,0.9960706289137558,120977.74619382732,2,open
2023-07-04,123652.12032295807,0.01809009616755941,0.018179290459224832,394.40862616400887,0.9968103367323271,123257.71169679407,2,open
2023-07-05,121670.16056949687,-0.016028514094903135,-0.016028514094903173,394.40862616400887,0.9967583783540852,121275.75194333287,2,open
2023-07-06,121076.16631900241,-0.004882004328047085,-0.0048820043280469495,394.40862616400887,0.9967424751034415,120681.75769283841,2,open
2023-07-07,119974.18356751904,-0.009101566270110939,-0.009101566270110908,394.40862616400887,0.9967125541976117,119579.77494135503,2,open
2023-07-10,120618.17206850795,0.005367725637628329,0.005367725637628493,394.40862616400887,0.9967301060909795,120223.76344234394,2,open
2023-07-11,120618.17206850795,0.0,0.0,394.40862616400887,0.9967301060909795,120223.76344234394,2,open
2023-07-12,121684.14332098023,0.008837567625107345,0.008837567625107373,394.40862616400887,0.9967587508495365,121289.73469481623,2,open
2023-07-13,121956.14332098023,0.0022352953521849184,0.0022352953521849474,394.40862616400887,0.9967659798397696,121561.73469481623,2,open
2023-07-14,123702.11457345253,0.01431638624285636,0.014316386242856392,394.40862616400887,0.9968116258357911,123307.70594728853,2,open
2023-07-17,124233.37374423651,0.004294665233620654,0.004294665233620746,394.40862616400887,0.996825260280092,123838.9651180725,2,open
2023-07-18,124503.78394614937,0.0021766309145685447,0.002176630914568578,394.40862616400887,0.996832155508345,124109.37531998537,2,open
2023-07-19,122635.31277844856,-0.015007344423435098,-0.015007344423435189,394.40862616400887,0.9967838902414956,122240.90415228455,2,open
2023-07-20,123030.05862563412,0.003218859545771391,0.0032188595457714867,394.40862616400887,0.9967942092317119,122635.64999947012,2,open
2023-07-21,123174.80251511339,0.0011764920792218803,0.001176492079222,394.40862616400887,0.9967979763871299,122780.39388894939,2,open
2023-07-24,123372.17543870617,0.0016023806782117234,0.0016023806782117678,394.40862616400887,0.9968030990394592,122977.76681254216,2,open
2023-07-25,123806.407107144,0.0035196888349720012,0.0035196888349720875,394.40862616400887,0.9968143116711021,123411.99848098,2,open
2023-07-26,125964.3660538034,0.017430107189782884,0.017430107189782638,394.40862616400887,0.9968688873010678,125569.9574276394,2,open
2023-07-27,125714.36409609711,-0.001984703813771471,-0.0019847038137713853,394.40862616400887,0.9968626606116187,125319.9554699331,2,open
2023-07-28,126885.45842479255,0.009315517261020867,0.009315517261020922,394.40862616400887,0.9968916168088893,126491.04979862855,2,open
2023-07-31,130754.00143681226,0.030488466212325482,0.030488466212325344,394.40862616400887,0.9969835827444669,130359.59281064826,2,open
2023-08-01,129819.76585296185,-0.007144986567022116,-0.007144986567022176,394.40862616400887,0.9969618753849031,129425.35722679785,2,open
2023-08-02,129581.37453810906,-0.0018363252566855337,-0.0015203611121617558,433.39023490400723,0.9966554588848218,129147.98430320504,2,open
2023-08-03,126507.3251781668,-0.023722926006146117,-0.02372292600614606,433.39023490400723,0.9965741886148202,126073.93494326278,2,open
2023-08-04,128457.65313300636,0.015416719562229453,0.015416719562229685,433.39023490400723,0.9966262015198483,128024.26289810236,2,open
2023-08-07,127895.79243045504,-0.004373898236873175,-0.0043738982368733996,433.39023490400723,0.9966113800409839,127462.40219555103,2,open
2023-08-08,126986.81491483166,-0.007107172944079809,-0.007107172944079894,433.39023490400723,0.9965871241420247,126553.42467992764,2,open
2023-08-09,126507.3251781668,-0.0037759017500080816,-0.0037759017500080027,433.39023490400723,0.9965741886148202,126073.93494326278,2,open
2023-08-10,126936.81295712534,0.003394963717347377,0.0033949637173475485,433.39023490400723,0.9965857797686288,126503.42272222134,2,open
2023-08-11,126722.06906764608,-0.0016917384679556724,-0.0016917384679557492,433.39023490400723,0.9965799940129397,126288.67883274207,2,open
2023-08-14,123730.3906735903,-0.023608187714002526,-0.023608187714002523,433.39023490400723,0.9964973016528548,123297.00043868629,2,open
2023-08-15,123250.90093692546,-0.003875278612267219,-0.0038752786122673143,433.39023490400723,0.9964836749134531,122817.51070202145,2,open
2023-08-16,125465.97473895061,0.01797206986063915,0.01797206986063909,433.39023490400723,0.9965457548486293,125032.5845040466,2,open
2023-08-17,125465.97473895061,0.0,0.0,433.39023490400723,0.9965457548486293,125032.5845040466,2,open
2023-08-18,124639.36818921371,-0.00658829257459459,-0.006588292574594531,433.39023490400723,0.9965228463430102,124205.9779543097,2,open
2023-08-21,125977.83348379566,0.01073870410310529,0.010738704103105082,433.39023490400723,0.9965597897430125,125544.44324889165,2,open
2023-08-22,123465.64482640475,-0.01994151342278838,-0.019941513422788406,433.39023490400723,0.9964897908603372,123032.25459150074,2,open
2023-08-23,125333.60181535783,0.015129366485547191,0.015129366485547193,433.39023490400723,0.9965421065969006,124900.21158045382,2,open
2023-08-24,126077.83739920825,0.005938037151017372,0.005938037151017528,433.39023490400723,0.996562518489814,125644.44716430423,2,open
2023-08-25,124639.36818921371,-0.011409374079282664,-0.011409374079282688,433.39023490400723,0.9965228463430102,124205.9779543097,2,open
2023-08-28,129681.37845352164,0.04045279061952334,0.040452790619523275,433.39023490400723,0.9966580380308084,129247.98821861763,2,open
2023-08-29,126936.81295712534,-0.02116391365611503,-0.021163913656114926,433.39023490400723,0.9965857797686288,126503.42272222134,2,open
2023-08-30,125465.97473895061,-0.011587168323436092,-0.01158716832343621,433.39023490400723,0.9965457548486293,125032.5845040466,2,open
2023-08-31,124804.1101209867,-0.005275251870804021,-0.005275251870804174,433.39023490400723,0.9965274361999467,124370.71988608269,2,open
2023-09-01,124374.62234202813,-0.003441295150794499,-0.003441295150794306,433.39023490400723,0.996515444817093,123941.23210712412,2,open
2023-09-04,123762.75968177052,-0.004919513713778412,-0.004919513713778375,433.39023490400723,0.9964982177512979,123329.3694468665,2,open
2023-09-05,124324.62038432184,0.004539820411212814,0.00453982041121275,433.39023490400723,0.9965140433683667,123891.23014941782,2,open
2023-09-06,123630.38675817772,-0.005584039782289718,-0.005584039782289629,433.39023490400723,0.99649446834012,123196.99652327372,2,open
2023-09-07,123977.50357124978,0.002807698189531971,0.002807698189531845,433.39023490400723,0.9965042832576885,123544.11333634578,2,open
2023-09-08,123630.38675817772,-0.0027998370919977145,-0.0027998370919976876,433.39023490400723,0.99649446834012,123196.99652327372,2,open
2023-09-11,123365.64091099217,-0.0021414302270476027,-0.0021414302270478134,433.39023490400723,0.9964869453787647,122932.25067608815,2,open
2023-09-12,123018.52409792008,-0.002813723582261729,-0.0028137235822615556,433.39023490400723,0.9964770327226571,122585.13386301608,2,open
2023-09-13,122886.1511743273,-0.0010760405765184444,-0.0010760405765185554,433.39023490400723,0.9964732377834081,122452.76093942329,2,open
2023-09-14,123365.64091099217,0.0039019021434292256,0.0039019021434290677,433.39023490400723,0.9964869453787647,122932.25067608815,2,open
2023-09-15,125183.59594223896,0.01473631570202305,0.014736315702023101,433.39023490400723,0.9965379630482577,124750.20570733494,2,open
2023-09-18,124142.24550302277,-0.00831858544546582,-0.008318585445465822,433.39023490400723,0.9965089222194433,123708.85526811876,2,open
2023-09-19,123927.50161354349,-0.0017298212112174527,-0.001729821211217273,433.39023490400723,0.9965028728146598,123494.11137863947,2,open
2023-09-20,125745.45664479028,0.014669504408439726,0.01466950440843972,433.39023490400723,0.9965534322553835,125312.06640988628,2,open
2023-09-21,127563.4116760371,0.014457421204348009,0.014457421204347886,433.39023490400723,0.9966025506122033,127130.02144113308,2,open
2023-09-22,126654.43416041369,-0.007125691479088592,-0.007125691479088507,433.39023490400723,0.9965781676908753,126221.04392550967,2,open
2023-09-25,127695.78459962987,0.008221981694673808,0.008221981694673789,433.39023490400723,0.996606072500648,127262.39436472586,2,open
2023-09-26,128604.76211525328,0.007118304793485297,0.00711830479348508,433.39023490400723,0.9966300607553271,128171.37188034927,2,open
2023-09-27,128207.64334447493,-0.0030879009785226286,-0.003087900978522567,433.39023490400723,0.9966196224842886,127774.25310957091,2,open
2023-09-28,126819.17609218668,-0.01082983210726085,-0.010829832107260826,433.39023490400723,0.9965826127541707,126385.78585728267,2,open
2023-10-09,126819.17609218668,0.0,0.0,433.39023490400723,0.9965826127541707,126385.78585728267,2,open
2023-10-10,127426.94110540964,0.0047923747176938924,0.0054742007284409415,599.1408928698002,0.9952981615373301,126827.80021253985,2,open
2023-10-11,127932.42888436822,0.003966883098452723,0.0039668830984525335,599.1408928698002,0.9953167394843153,127333.28799149841,2,open
2023-10-12,131394.38000020242,0.027060778459567114,0.0270607784595672,599.1408928698002,0.9954401330340851,130795.23910733263,2,open
2023-10-13,130383.4044422853,-0.007694206996642916,-0.0076942069966428744,599.1408928698002,0.9954047764327629,129784.26354941551,2,open
2023-10-16,133339.86777916097,0.022675150641463304,0.022675150641463422,599.1408928698002,0.9955066635144554,132740.72688629117,2,open
2023-10-17,132994.38000020242,-0.00259103136003358,-0.0025910313600336137,599.1408928698002,0.995494990894586,132395.23910733263,2,open
2023-10-18,133287.1238896817,0.0022011748878323356,0.002201174887832269,599.1408928698002,0.9955048854279,132687.98299681192,2,open
2023-10-19,133712.61166864022,0.0031922646880029326,0.0031922646880032444,599.1408928698002,0.9955191893614751,133113.47077577043,2,open
2023-10-20,130970.66055280602,-0.020506301399819904,-0.02050630139981993,599.1408928698002,0.9954253808422366,130371.51965993622,2,open
2023-10-23,130277.91666332676,-0.005289305914433773,-0.005289305914433868,599.1408928698002,0.9954010556185193,129678.77577045695,2,open
2023-10-24,130543.4044422853,0.002037857111613528,0.002037857111613463,599.1408928698002,0.9954104085500951,129944.26354941551,2,open
2023-10-25,129372.42888436822,-0.008970009346085273,-0.00897000934608544,599.1408928698002,0.9953688672460087,128773.28799149841,2,open
2023-10-26,127003.22165801327,-0.01831307680303751,-0.01831307680303751,599.1408928698002,0.9952824748455347,126404.08076514346,2,open
2023-10-27,129745.17277384747,0.021589618594224147,0.021589618594224272,599.1408928698002,0.9953821719909832,129146.03188097768,2,open
2023-10-30,129025.17277384747,-0.005549339405906073,-0.0055493394059060435,599.1408928698002,0.9953564030956971,128426.03188097768,2,open
2023-10-31,125963.22165801327,-0.023731424264016532,-0.02373142426401669,599.1408928698002,0.9952435251735903,125364.08076514346,2,open
2023-11-01,126974.19721593036,0.008025958248844,0.008025958248844214,599.1408928698002,0.9952813964883676,126375.05632306056,2,open
2023-11-02,127939.9124208729,0.0076056019736061575,0.008592104394736302,177.91242087290448,0.998609406419729,127762.0,2,open
2023-11-03,128671.9124208729,0.005721435837723554,0.005721435837723657,177.91242087290448,0.9986173173497961,128494.0,2,open
2023-11-06,127633.9124208729,-0.00806702861930586,-0.008067028619305848,177.91242087290448,0.9986060724967339,127456.0,2,open
2023-11-07,126214.9124208729,-0.011117734880059515,-0.011117734880059547,177.91242087290448,0.9985904009481887,126037.0,2,open
2023-11-08,126458.9124208729,0.0019332105479450412,0.0019332105479450835,177.91242087290448,0.99859312074201,126281.0,2,open
2023-11-09,126717.9124208729,0.0020480960577773377,0.002048096057777425,177.91242087290448,0.9985959962765012,126540.0,2,open
2023-11-10,129052.9124208729,0.018426755581678833,0.018426755581678705,177.91242087290448,0.9986213994125704,128875.0,2,open
2023-11-13,129403.9124208729,0.0027198146358393682,0.0027198146358394758,177.91242087290448,0.9986251387802383,129226.0,2,open
2023-11-14,128594.9124208729,-0.0062517429717952044,-0.006251742971795252,177.91242087290448,0.9986164894277417,128417.0,2,open
2023-11-15,129159.9124208729,0.0043936419362442525,0.004393641936244312,177.91242087290448,0.9986225414872288,128982.0,2,open
2023-11-16,128915.9124208729,-0.0018891310424934415,-0.0018891310424934108,177.91242087290448,0.9986199343623922,128738.0,2,open
2023-11-17,129495.9124208729,0.004499056703771931,0.004499056703771786,177.91242087290448,0.9986261155464531,129318.0,2,open
2023-11-20,129159.9124208729,-0.002594676493787418,-0.0025946764937874126,177.91242087290448,0.9986225414872288,128982.0,2,open
2023-11-21,129724.9124208729,0.004374422291019586,0.004374422291019472,177.91242087290448,0.9986285408287986,129547.0,2,open
2023-11-22,129495.9124208729,-0.0017652738839941673,-0.0017652738839942445,177.91242087290448,0.9986261155464531,129318.0,2,open
2023-11-23,129480.9124208729,-0.00011583377204404943,-0.00011583377204407719,177.91242087290448,0.9986259563857983,129303.0,2,open
2023-11-24,129251.9124208729,-0.0017686004502011077,-0.0017686004502010105,177.91242087290448,0.9986235219460925,129074.0,2,open
2023-11-27,129388.9124208729,0.0010599456320143918,0.001059945632014145,177.91242087290448,0.9986249793931786,129211.0,2,open
2023-11-28,128793.9124208729,-0.004598539309648153,-0.004598539309648042,177.91242087290448,0.9986186270955764,128616.0,2,open
2023-11-29,128915.9124208729,0.000947249739578826,0.0009472497395787735,177.91242087290448,0.9986199343623922,128738.0,2,open
2023-11-30,128442.9124208729,-0.0036690583118691444,-0.0036690583118692247,177.91242087290448,0.998614852174249,128265.0,2,open
2023-12-01,129495.9124208729,0.008198194669937209,0.00819819466993704,177.91242087290448,0.9986261155464531,129318.0,2,open
2023-12-04,129355.31102404489,-0.0010857593432836987,-0.00011583377204407719,301.31102404488774,0.9976706714114825,129054.0,2,open
2023-12-05,129871.31102404489,0.003989012866306485,0.003989012866306639,301.31102404488774,0.9976799262156589,129570.0,2,open
2023-12-06,128536.31102404489,-0.010279406509978384,-0.010279406509978498,301.31102404488774,0.9976558295345156,128235.0,2,open
2023-12-07,127282.31102404489,-0.009755998052296766,-0.00975599805229679,301.31102404488774,0.9976327344968778,126981.0,2,open
2023-12-08,127858.31102404489,0.004525373521000686,0.00452537352100092,301.31102404488774,0.9976433989966579,127557.0,2,open
2023-12-11,126838.31102404489,-0.007977580744111146,-0.007977580744111219,301.31102404488774,0.9976244478374695,126537.0,2,open
2023-12-12,127000.31102404489,0.001277216628730482,0.0012772166287304436,301.31102404488774,0.9976274780619409,126699.0,2,open
2023-12-13,128962.31102404489,0.015448781063445827,0.01544878106344599,301.31102404488774,0.9976635730109651,128661.0,2,open
2023-12-14,129073.31102404489,0.0008607165854781496,0.0008607165854782406,301.31102404488774,0.9976655822830116,128772.0,2,open
2023-12-15,128608.31102404489,-0.0036026037940048994,-0.0036026037940050113,301.31102404488774,0.9976571418935083,128307.0,2,open
2023-12-18,126535.31102404489,-0.016118709463593173,-0.016118709463593124,301.31102404488774,0.9976187593675916,126234.0,2,open
2023-12-19,128911.31102404489,0.018777367208972162,0.01877736720897226,301.31102404488774,0.997662648671778,128610.0,2,open
2023-12-20,128962.31102404489,0.00039562083105715296,0.0003956208310571445,301.31102404488774,0.9976635730109651,128661.0,2,open
2023-12-21,128395.31102404489,-0.004396633369064595,-0.004396633369064591,301.31102404488774,0.997653255234621,128094.0,2,open
2023-12-22,128749.31102404489,0.0027571100313290575,0.0027571100313289265,301.31102404488774,0.997659707678058,128448.0,2,open
2023-12-25,128749.31102404489,0.0,0.0,301.31102404488774,0.997659707678058,128448.0,2,open
2023-12-26,129568.31102404487,0.006361199089034653,0.006361199089034586,301.31102404488774,0.9976745006424529,129266.99999999999,2,open
2023-12-27,130003.31102404489,0.0033573023879216457,0.003357302387921692,301.31102404488774,0.9976822819228877,129702.0,2,open
2023-12-28,131116.31102404487,0.008561320409709694,0.008561320409709753,301.31102404488774,0.9977019562120718,130815.0,2,open
2023-12-29,129235.31102404489,-0.014346041200434922,-0.01434604120043488,301.31102404488774,0.9976685085395212,128934.0,2,open
2024-01-02,129640.31102404489,0.0031338184339158026,0.0031338184339157952,301.31102404488774,0.9976757921848166,129339.0,2,open
2024-01-03,130336.87719086588,0.005373067692592937,0.005461264281205446,396.87719086588777,0.9969549892599875,129940.0,2,open
2024-01-04,131511.8771908659,0.009015100141453791,0.009015100141453623,396.87719086588777,0.9969821950736062,131115.0,2,open
2024-01-05,133740.8771908659,0.01694903949066906,0.016949039490669036,396.87719086588777,0.9970324914924888,133344.0,2,open
2024-01-08,133271.8771908659,-0.003506781246325086,-0.003506781246325078,396.87719086588777,0.9970220484679037,132875.0,2,open
2024-01-09,132686.8771908659,-0.004389523223734537,-0.004389523223734513,396.87719086588777,0.9970089190486034,132290.0,2,open
2024-01-10,132881.8771908659,0.0014696253625707811,0.001469625362570605,396.87719086588777,0.9970133083663784,132485.0,2,open
2024-01-11,130726.87719086588,-0.016217410873152094,-0.016217410873151962,396.87719086588777,0.9969640734989299,130330.0,2,open
2024-01-12,129161.87719086588,-0.011971524399799205,-0.01197152439979919,396.87719086588777,0.996927288457728,128765.0,2,open
2024-01-15,130726.87719086588,0.012116578312711956,0.01211657831271188,396.87719086588777,0.9969640734989299,130330.0,2,open
2024-01-16,131079.8771908659,0.0027002863342679984,0.002700286334267847,396.87719086588777,0.996972249292788,130683.0,2,open
2024-01-17,131627.8771908659,0.004180656953180151,0.004180656953180111,396.87719086588777,0.996984854581447,131231.0,2,open
2024-01-18,130647.87719086588,-0.007445231366748906,-0.007445231366748738,396.87719086588777,0.9969622377385736,130251.0,2,open
2024-01-19,129746.87719086588,-0.006896399844933621,-0.006896399844933655,396.87719086588777,0.9969411426351168,129350.0,2,open
2024-01-22,128924.87719086588,-0.0063354125956403,-0.006335412595640246,396.87719086588777,0.9969216399541081,128528.0,2,open
2024-01-23,129119.87719086588,0.0015125087124288061,0.001512508712428865,396.87719086588777,0.9969262889688223,128723.0,2,open
2024-01-24,129630.87719086588,0.00395756262410818,0.003957562624108119,396.87719086588777,0.9969384054210979,129234.0,2,open
2024-01-25,133155.8771908659,0.027192595440127088,0.027192595440127074,396.87719086588777,0.9970194541973013,132759.0,2,open
2024-01-26,133977.8771908659,0.00617321606331922,0.006173216063319019,396.87719086588777,0.9970377408629896,133581.0,2,open
2024-01-29,138245.8771908659,0.03185600555470636,0.03185600555470639,396.87719086588777,0.9971291932972587,137849.0,2,open
2024-01-30,138129.8771908659,-0.0008390846971866317,-0.0008390846971865792,396.87719086588777,0.9971267824243593,137733.0,2,open
2024-01-31,137149.8771908659,-0.007094772108179437,-0.007094772108179367,396.87719086588777,0.9971062519413446,136753.0,2,open
2024-02-01,138398.8771908659,0.009106825507847915,0.009106825507847902,396.87719086588777,0.9971323669749245,138002.0,2,open
2024-02-02,137960.97160977888,-0.0031640833363344445,-0.0030852851458550686,556.9716097788878,0.9959628320728686,137404.0,2,open
2024-02-05,138746.97160977888,0.005697263442179912,0.005697263442179752,556.9716097788878,0.9959857025827897,138190.0,2,open
2024-02-06,142408.97160977888,0.026393368860685884,0.026393368860685808,556.9716097788878,0.9960889289243303,141852.0,2,open
2024-02-07,142375.97160977888,-0.00023172697356754757,-0.00023172697356763647,556.9716097788878,0.9960880224136035,141819.0,2,open
2024-02-08,138732.97160977888,-0.025587182716369172,-0.025587182716369044,556.9716097788878,0.9959852974868476,138176.0,2,open
2024-02-19,137546.97160977888,-0.008548796917115853,-0.00854879691711589,556.9716097788878,0.9959506806783139,136990.0,2,open
2024-02-20,143726.97160977888,0.04493010589526225,0.04493010589526216,556.9716097788878,0.9961247940902069,143170.0,2,open
2024-02-21,144512.97160977888,0.005468702159355354,0.00546870215935534,556.9716097788878,0.9961458711728464,143956.0,2,open
2024-02-22,145764.97160977888,0.008663582141129167,0.008663582141129349,556.9716097788878,0.9961789749373401,145208.0,2,open
2024-02-23,145877.97160977888,0.00077522053996959,0.0007752205399696984,556.9716097788878,0.9961819347799217,145321.0,2,open
2024-02-26,146776.97160977888,0.006162685085893571,0.006162685085893571,556.9716097788878,0.9962053201965521,146220.0,2,open
2024-02-27,141961.97160977888,-0.032804873592849115,-0.032804873592849115,556.9716097788878,0.9960766140152669,141405.0,2,open
2024-02-28,142234.97160977888,0.0019230502148168682,0.0019230502148168114,556.9716097788878,0.9960841444022155,141678.0,2,open
2024-02-29,141961.97160977888,-0.0019193591907127328,-0.001919359190712786,556.9716097788878,0.9960766140152669,141405.0,2,open
2024-03-01,142747.97160977888,0.005536694025076949,0.005536694025076891,556.9716097788878,0.9960982169939239,142191.0,2,open
2024-03-04,142849.21986017088,0.0007092797834549192,0.0016812848357387893,432.21986017088057,0.9969742931701415,142417.0,2,open
2024-03-05,143155.21986017088,0.0021421188040056105,0.002142118804005755,432.21986017088057,0.9969807607393355,142723.0,2,open
2024-03-06,146520.21986017088,0.023505953909936483,0.023505953909936463,432.21986017088057,0.997050100930893,146088.0,2,open
2024-03-07,144269.21986017088,-0.01536306731008319,-0.015363067310083321,432.21986017088057,0.9970040743230622,143837.0,2,open
2024-03-08,144598.21986017085,0.0022804587168270274,0.0022804587168272447,432.21986017088057,0.9970108908630491,144165.99999999997,2,open
2024-03-11,144471.21986017088,-0.000878295736439827,-0.0008782957364400125,432.21986017088057,0.9970082632334024,144039.0,2,open
2024-03-12,143155.21986017088,-0.00910908069630556,-0.009109080696305316,432.21986017088057,0.9969807607393355,142723.0,2,open
2024-03-13,139611.21986017088,-0.024756344920301654,-0.024756344920301755,432.21986017088057,0.9969041180171352,139179.0,2,open
2024-03-14,138901.21986017088,-0.005085551152057222,-0.0050855511520571,432.21986017088057,0.9968882932734069,138469.0,2,open
2024-03-15,139963.21986017088,0.007645721189987409,0.007645721189987379,432.21986017088057,0.996911903994473,139531.0,2,open
2024-03-18,139709.21986017088,-0.001814762480127019,-0.0018147624801270077,432.21986017088057,0.9969062896449964,139277.0,2,open
2024-03-19,138976.21986017088,-0.005246611503046283,-0.005246611503046345,432.21986017088057,0.9968899725391456,138544.0,2,open
2024-03-20,137204.21986017088,-0.012750382776153146,-0.01275038277615314,432.21986017088057,0.9968498063644735,136772.0,2,open
2024-03-21,139230.21986017088,0.014766309681034206,0.014766309681034276,432.21986017088057,0.9968956462138395,138798.0,2,open
2024-03-22,139686.21986017088,0.00327515104449283,0.003275151044492754,432.21986017088057,0.9969057802508827,139254.0,2,open
2024-03-25,140419.21986017088,0.005247475382566424,0.005247475382566421,432.21986017088057,0.9969219323351797,139987.0,2,open
2024-03-26,141885.21986017088,0.010440166249747307,0.010440166249747453,432.21986017088057,0.9969537358394565,141453.0,2,open
2024-03-27,142266.2198601709,0.0026852691237009285,0.0026852691237006874,432.21986017088057,0.9969618939717686,141834.00000000003,2,open
2024-03-28,143582.21986017088,0.009250263353404842,0.00925026335340481,432.21986017088057,0.9969897396725598,143150.0,2,open
2024-03-29,140165.21986017088,-0.023798211250165124,-0.023798211250165027,432.21986017088057,0.9969163544237146,139733.0,2,open
2024-04-01,141885.21986017088,0.012271232490598472,0.012271232490598489,432.21986017088057,0.9969537358394565,141453.0,2,open
2024-04-02,142647.21986017088,0.005370538247401413,0.005370538247401286,432.21986017088057,0.9969700085245645,142215.0,2,open
2024-04-03,143709.21986017088,0.007444940048891402,0.00744494004889115,432.21986017088057,0.9969923999268006,143277.0,2,open
2024-04-08,143657.21986017088,-0.00036184178058018546,-0.0003618417805801523,432.21986017088057,0.9969913112575088,143225.0,2,open
2024-04-09,145833.21986017088,0.015147167696256458,0.015147167696256512,432.21986017088057,0.9970362043669796,145401.0,2,open
2024-04-10,143784.21986017088,-0.014050296646845206,-0.014050296646845036,432.21986017088057,0.9969939687359906,143352.0,2,open
2024-04-11,144240.21986017088,0.003171418952952365,0.003171418952952155,432.21986017088057,0.9970034719817408,143808.0,2,open
2024-04-12,143582.21986017088,-0.004561834422034838,-0.004561834422034929,432.21986017088057,0.9969897396725598,143150.0,2,open
2024-04-15,143911.21986017088,0.002291370061839215,0.0022913700618392443,432.21986017088057,0.9969966215240839,143479.0,2,open
2024-04-16,146872.21986017088,0.020575185193183687,0.020575185193183743,432.21986017088057,0.9970571707802717,146440.0,2,open
2024-04-17,148188.21986017088,0.008960169603570378,0.008960169603570309,432.21986017088057,0.9970833048633777,147756.0,2,open
2024-04-18,149175.2198601709,0.006660448454886225,0.006660448454886149,432.21986017088057,0.9971026028278958,148743.00000000003,2,open
2024-04-19,150491.2198601709,0.008821840525749192,0.008821840525749242,432.21986017088057,0.9971279396859666,150059.00000000003,2,open
2024-04-22,152540.21986017088,0.013615412260620907,0.013615412260620966,432.21986017088057,0.9971665187019719,152108.0,2,open
2024-04-23,150514.21986017088,-0.013281743017396819,-0.013281743017396843,432.21986017088057,0.9971283785640159,150082.0,2,open
2024-04-24,150514.21986017088,0.0,0.0,432.21986017088057,0.9971283785640159,150082.0,2,open
2024-04-25,149931.21986017088,-0.0038733881791475078,-0.003873388179147557,432.21986017088057,0.9971172124086366,149499.0,2,open
2024-04-26,151397.21986017088,0.009777816797376992,0.009777816797376982,432.21986017088057,0.9971451268354196,150965.0,2,open
2024-04-29,148107.21986017088,-0.021730914233686782,-0.021730914233686782,432.21986017088057,0.9970817097196278,147675.0,2,open
2024-04-30,147224.21986017088,-0.0059618970691208695,-0.005961897069120869,432.21986017088057,0.9970642068228897,146792.0,2,open
2024-05-06,148061.21986017088,0.005685205877096644,0.0056852058770965564,432.21986017088057,0.9970808030584979,147629.0,2,open
2024-05-07,144897.73784157488,-0.021366040490437666,-0.020700896581120794,101.73784157489717,0.9992978645278361,144796.0,2,open
2024-05-08,146021.73784157488,0.007757194948267099,0.007757194948267128,101.73784157489717,0.9993032692044437,145920.0,2,open
2024-05-09,147021.73784157488,0.006848295430403217,0.006848295430403376,101.73784157489717,0.9993080081689382,146920.0,2,open
2024-05-10,145713.73784157488,-0.00889664357939679,-0.008896643579396712,101.73784157489717,0.999301796501264,145612.0,2,open
2024-05-13,145821.73784157488,0.0007411792573561726,0.0007411792573561578,101.73784157489717,0.999302313611943,145720.0,2,open
2024-05-14,146129.73784157488,0.0021121679425781803,0.00211216794257807,101.73784157489717,0.9993037841367705,146028.0,2,open
2024-05-15,144897.73784157488,-0.0084308643688642,-0.008430864368864168,101.73784157489717,0.9992978645278361,144796.0,2,open
2024-05-16,144897.73784157488,0.0,0.0,101.73784157489717,0.9992978645278361,144796.0,2,open
2024-05-17,145729.73784157488,0.005741980602276042,0.005741980602276167,101.73784157489717,0.9993018731586172,145628.0,2,open
2024-05-20,146977.73784157488,0.00856379774289251,0.008563797742892378,101.73784157489717,0.9993078010107589,146876.0,2,open
2024-05-21,146469.73784157488,-0.003456305747116417,-0.0034563057471162927,101.73784157489717,0.9993054002616915,146368.0,2,open
2024-05-22,147701.73784157488,0.008411293815058007,0.008411293815057935,101.73784157489717,0.9993111940112445,147600.0,2,open
2024-05-23,148117.73784157488,0.0028164868340696536,0.002816486834069599,101.73784157489717,0.9993131285755681,148016.0,2,open
2024-05-24,147393.73784157488,-0.004888003358344495,-0.0048880033583443335,101.73784157489717,0.9993097546539987,147292.0,2,open
2024-05-27,146961.73784157488,-0.002930925060495637,-0.002930925060495638,101.73784157489717,0.9993077256497568,146860.0,2,open
2024-05-28,148485.73784157488,0.010370046124814403,0.010370046124814219,101.73784157489717,0.9993148308850819,148384.0,2,open
2024-05-29,148393.73784157488,-0.0006195881256835234,-0.0006195881256834743,101.73784157489717,0.9993144060992419,148292.0,2,open
2024-05-30,147777.73784157488,-0.004151118564434619,-0.0041511185644347035,101.73784157489717,0.99931154825442,147676.0,2,open
2024-05-31,146761.73784157488,-0.006875189827910355,-0.006875189827910333,101.73784157489717,0.9993067822508023,146660.0,2,open
2024-06-03,146545.73784157488,-0.0014717732508262582,-0.0014717732508262636,101.73784157489717,0.9993057604876584,146444.0,2,open
2024-06-04,147053.73784157488,0.0034664945393989566,0.0034664945393989254,101.73784157489717,0.9993081587515682,146952.0,2,open
2024-06-05,147377.73784157488,0.002203276195189563,0.002203276195189589,101.73784157489717,0.9993096797178129,147276.0,2,open
2024-06-06,147669.73784157488,0.001981303311317628,0.001981303311317602,101.73784157489717,0.9993110447471368,147568.0,2,open
2024-06-07,148514.05137128034,0.005717579932397854,0.0057175799323978226,101.73784157489717,0.9993149615094632,148412.31352970545,2,open
2024-06-11,149583.9585105714,0.007204080216062003,0.007204080216061932,101.73784157489717,0.9993198612833359,149482.22066899648,2,open
2024-06-12,146821.37638376158,-0.01846843842292467,-0.01846843842292438,101.73784157489717,0.9993070638344314,146719.6385421867,2,open
2024-06-13,146178.42281411611,-0.004379155035060589,-0.0043791550350609975,101.73784157489717,0.9993040160126486,146076.6849725412,2,open
2024-06-14,147557.19066234375,0.009432088687814755,0.009432088687814871,101.73784157489717,0.9993105192561729,147455.45282076884,2,open
2024-06-17,148838.05137128034,0.008680435722496105,0.008680435722496448,101.73784157489717,0.9993164527441905,148736.31352970545,2,open
2024-06-18,146605.37638376158,-0.015000700203668282,-0.015000700203668126,101.73784157489717,0.9993060429018062,146503.6385421867,2,open
2024-06-19,147032.3299534071,0.0029122640668233224,0.002912264066823343,101.73784157489717,0.9993080580195721,146930.59211183223,2,open
2024-06-20,148524.14423198928,0.01014616499007337,0.010146164990072966,101.73784157489717,0.9993150080608039,148422.40639041437,2,open
2024-06-21,149054.05137128034,0.003567818162031333,0.0035678181620315504,101.73784157489717,0.9993174432989985,148952.31352970545,2,open
2024-06-24,147999.2835230527,-0.0070764118017853095,-0.0070764118017853685,101.73784157489717,0.9993125788236734,147897.5456814778,2,open
2024-06-25,149820.42135440937,0.012305044916470775,0.012305044916471134,101.73784157489717,0.9993209347520509,149718.68351283448,2,open
2024-06-26,150460.7193692833,0.004273769951288919,0.004273769951288904,101.73784157489717,0.9993238245702841,150358.9815277084,2,open
2024-06-27,151098.68641870917,0.00424009038438844,0.004240090384388535,101.73784157489717,0.9993266795100193,150996.9485771343,2,open
2024-06-28,152909.60404227383,0.011984999118697992,0.011984999118698056,101.73784157489717,0.9993346536850181,152807.86620069895,2,open
2024-07-01,153542.55461641267,0.00413937749759552,0.004139377497595282,101.73784157489717,0.9993373964512374,153440.81677483776,2,open
2024-07-02,156628.95148316206,0.02010124733472085,0.02013688130582238,678.2665106208972,0.995669596813372,155950.68497254117,2,open
2024-07-03,160025.80320557847,0.021687253156269737,0.021687253156269327,678.2665106208972,0.9957615178487838,159347.53669495758,2,open
2024-07-04,158221.8855820138,-0.01127266720384612,-0.01127266720384602,678.2665106208972,0.9957131941126481,157543.61907139292,2,open
2024-07-05,160025.80320557847,0.011401189013321433,0.011401189013321354,678.2665106208972,0.9957615178487838,159347.53669495758,2,open
2024-07-08,156839.935007875,-0.019908465596705782,-0.01990846559670552,678.2665106208972,0.9956754221392222,156161.6684972541,2,open
2024-07-09,158432.86910672672,0.010156431770848018,0.010156431770847976,678.2665106208972,0.9957189028107294,157754.60259610583,2,open
2024-07-10,159600.8196808655,0.0073718956219368525,0.007371895621936887,678.2665106208972,0.9957502316593541,158922.55317024462,2,open
2024-07-11,160664.78673029138,0.006666425971704637,0.006666425971704675,678.2665106208972,0.9957783748111557,159986.5202196705,2,open
2024-07-12,159175.8361561526,-0.009267435661793666,-0.009267435661793784,678.2665106208972,0.9957388852039357,158497.5696455317,2,open
2024-07-15,162893.68787856895,0.02335688514159351,0.023356885141593623,678.2665106208972,0.9958361400036169,162215.42136794806,2,open
2024-07-16,167151.81573919306,0.026140533228018015,0.026140533228017918,678.2665106208972,0.9959422127266677,166473.54922857217,2,open
2024-07-17,166279.31935166346,-0.005219784084732559,-0.005219784084732776,678.2665106208972,0.9959209208140525,165601.05284104258,2,open
2024-07-18,166926.5510701412,0.003892436660201337,0.003892436660201377,678.2665106208972,0.9959367368086586,166248.2845595203,2,open
2024-07-19,166504.58402071532,-0.002527860587310471,-0.0025278605873103963,678.2665106208972,0.9959264394154067,165826.31751009444,2,open
2024-07-22,165857.3523022376,-0.003887170568212195,-0.003887170568212154,678.2665106208972,0.9959105429985106,165179.0857916167,2,open
2024-07-23,163915.65714680435,-0.011707018883883591,-0.011707018883883615,678.2665106208972,0.9958621005312908,163237.39063618347,2,open
2024-07-24,168052.87441540055,0.02523991509176504,0.02523991509176507,678.2665106208972,0.9959639695959956,167374.60790477967,2,open
2024-07-25,169459.97018688198,0.008372934865745307,0.008372934865745182,678.2665106208972,0.9959974824150335,168781.7036762611,2,open
2024-07-26,168194.06903860442,-0.007470207547431551,-0.0074702075474315545,678.2665106208972,0.9959673577403897,167515.80252798353,2,open
2024-07-29,164620.0134426379,-0.02124959349872313,-0.021249593498723077,678.2665106208972,0.9958798052773988,163941.746932017,2,open
2024-07-30,167082.02683768395,0.014955735597141917,0.014955735597142117,678.2665106208972,0.995940517819551,166403.76032706306,2,open
2024-07-31,167405.64269692285,0.0019368681680722588,0.0019368681680720589,678.2665106208972,0.9959483653018265,166727.37618630196,2,open
2024-08-01,162762.38833305275,-0.02773654632583933,-0.027736546325839353,678.2665106208972,0.9958327810400952,162084.12182243186,2,open
2024-08-02,163884.8993061014,0.006896623873273056,0.007865344725692586,917.9836084269846,0.9943986077282667,162966.9156976744,2,open
2024-08-05,164648.79630967922,0.004661179930623316,0.004661179930623362,917.9836084269846,0.9944245956909372,163730.81270125223,2,open
2024-08-06,164648.79630967922,0.0,0.0,917.9836084269846,0.9944245956909372,163730.81270125223,2,open
2024-08-07,162947.0023025236,-0.010335903118021128,-0.010335903118021052,917.9836084269846,0.9943663670061098,162029.0186940966,2,open
2024-08-08,163549.63463704954,0.003698333359990924,0.0036983333599909796,917.9836084269846,0.9943871252879031,162631.65102862255,2,open
2024-08-09,164220.1639751533,0.004099852253365066,0.004099852253365235,917.9836084269846,0.9944100432845392,163302.1803667263,2,open
2024-08-12,165493.325647783,0.007752773117571277,0.007752773117571053,917.9836084269846,0.9944530475483905,164575.342039356,2,open
2024-08-13,167449.75198946457,0.011821783954268916,0.011821783954269069,917.9836084269846,0.9945178562672058,166531.76838103757,2,open
2024-08-14,167717.11965493864,0.0015967038606954365,0.0015967038606954506,917.9836084269846,0.9945265956730258,166799.13604651164,2,open
2024-08-15,168387.64899304236,0.003997977901619487,0.003997977901619596,917.9836084269846,0.9945483910849963,167469.66538461536,2,open
2024-08-16,169325.5459966202,0.005569868153552093,0.005569868153551982,917.9836084269846,0.9945785876370639,168407.5623881932,2,open
2024-08-19,172400.23700735363,0.018158459154147932,0.01815845915414814,917.9836084269846,0.9946752764128286,171482.25339892664,2,open
2024-08-20,175977.8250216649,0.020751642088280065,0.020751642088280235,917.9836084269846,0.9947835267976861,175059.8414132379,2,open
2024-08-21,178095.5160323984,0.012033851483689961,0.012033851483689679,917.9836084269846,0.9948455546277762,177177.5324239714,2,open
2024-08-22,176828.72202524275,-0.007113003378059202,-0.007113003378059113,917.9836084269846,0.9948086283839345,175910.73841681576,2,open
2024-08-23,180051.94237407995,0.018227923110687216,0.018227923110687414,917.9836084269846,0.9949015623140585,179133.95876565296,2,open
2024-08-26,180474.2070431318,0.002345238065660782,0.002345238065660918,917.9836084269846,0.9949134913876774,179556.22343470482,2,open
2024-08-27,180138.94237407995,-0.0018576874476680105,-0.001857687447668129,917.9836084269846,0.9949040246582513,179220.95876565296,2,open
2024-08-28,183113.8980538653,0.016514783758458496,0.0165147837584584,917.9836084269846,0.9949868163029496,182195.9144454383,2,open
2024-08-29,181231.7363812356,-0.010278639101855891,-0.010278639101855717,917.9836084269846,0.9949347524514364,180313.7527728086,2,open
2024-08-30,172983.7663454574,-0.04551062744566936,-0.045510627445669555,917.9836084269846,0.9946932384013785,172065.78273703041,2,open
2024-09-02,164636.0609787311,-0.04825716044391992,-0.048257160443919866,917.9836084269846,0.9944241644086371,163718.07737030412,2,open
2024-09-03,165327.2235839049,0.004198124038348405,0.005168351323029646,65.24921002298652,0.9996053329354445,165261.97437388194,2,open
2024-09-04,160140.9445588602,-0.03136978237835475,-0.031369782378354916,65.24921002298652,0.9995925513602861,160075.6953488372,2,open
2024-09-05,159917.6798898083,-0.0013941760470249642,-0.001394176047024706,65.24921002298652,0.9995919825120779,159852.43067978532,2,open
2024-09-06,158527.25354812673,-0.0086946380327656,-0.008694638032765758,65.24921002298652,0.9995884038323848,158462.00433810375,2,open
2024-09-09,159136.25354812673,0.0038416107411785028,0.003841610741178429,65.24921002298652,0.999589978973564,159071.00433810375,2,open
2024-09-10,158100.98887907487,-0.006505523700410465,-0.006505523700410511,65.24921002298652,0.9995872941055867,158035.7396690519,2,open
2024-09-11,160283.15055170457,0.013802327791249569,0.01380232779124955,65.24921002298652,0.9995929128557904,160217.90134168157,2,open
2024-09-12,155360.66553381545,-0.030711182060906728,-0.0307111820609066,65.24921002298652,0.9995800146079525,155295.41632379248,2,open
2024-09-13,156304.5625373933,0.006075521112983484,0.006075521112983292,65.24921002298652,0.9995825508292031,156239.3133273703,2,open
2024-09-18,155624.4595409711,-0.004351139758057343,-0.00435113975805727,65.24921002298652,0.9995807265116587,155559.21033094812,2,open
2024-09-19,158182.04755528236,0.01643435756728162,0.01643435756728172,65.24921002298652,0.9995875055922502,158116.7983452594,2,open
2024-09-20,156629.15055170457,-0.009817150729668489,-0.009817150729668635,65.24921002298652,0.9995834159235802,156563.90134168157,2,open
2024-09-23,157238.15055170457,0.0038881651203168666,0.0038881651203169294,65.24921002298652,0.9995850293978016,157172.90134168157,2,open
2024-09-24,160069.841562438,0.018008931043756338,0.01800893104375647,65.24921002298652,0.9995923703716698,160004.59235241503,2,open
2024-09-25,169143.34093631996,0.056684627693235345,0.05668462769323518,65.24921002298652,0.9996142371927752,169078.091726297,2,open
2024-09-26,166961.17926369025,-0.01290125677162346,-0.01290125677162334,65.24921002298652,0.9996091953212674,166895.93005366728,2,open
2024-09-27,171944.45828873495,0.02984693236488445,0.029846932364884497,65.24921002298652,0.999620521587771,171879.20907871198,2,open
2024-09-30,165814.2822601124,-0.03565207096310452,-0.03565207096310447,65.24921002298652,0.9996064922204915,165749.03305008943,2,open
2024-10-08,180216.26665188343,0.08685611513957925,0.08685611513957922,65.24921002298652,0.9996379393978402,180151.01744186046,2,open
2024-10-09,168090.09436602244,-0.06728677999575161,-0.06668001142401724,370.0943660224584,0.9977982380971449,167720.0,2,open
2024-10-10,165347.09436602244,-0.0163186296631318,-0.016318629663131887,370.0943660224584,0.9977617123092397,164977.0,2,open
2024-10-11,171329.09436602244,0.03617844040704998,0.03617844040704999,370.0943660224584,0.9978398627075459,170959.0,2,open
2024-10-14,173416.09436602244,0.012181235228742926,0.01218123522874294,370.0943660224584,0.9978658591788989,173046.0,2,open
2024-10-15,176641.09436602244,0.018596889820348128,0.01859688982034794,370.0943660224584,0.9979048229555487,176271.0,2,open
2024-10-16,171839.09436602244,-0.027185067083255632,-0.027185067083255608,370.0943660224584,0.9978462737633258,171469.0,2,open
2024-10-17,174620.09436602244,0.01618374450971194,0.016183744509712113,370.0943660224584,0.9978805740120225,174250.0,2,open
2024-10-18,173298.09436602244,-0.007570720911586171,-0.007570720911586319,370.0943660224584,0.9978644060260653,172928.0,2,open
2024-10-21,173095.09436602244,-0.0011713919921776395,-0.001171391992177612,370.0943660224584,0.9978619014745741,172725.0,2,open
2024-10-22,170130.09436602244,-0.017129312710216338,-0.017129312710216178,370.0943660224584,0.9978246390363705,169760.0,2,open
2024-10-23,170045.09436602244,-0.0004996176620999382,-0.0004996176620999254,370.0943660224584,0.9978235516443313,169675.0,2,open
2024-10-24,169757.09436602244,-0.001693668382929503,-0.0016936683829294843,370.0943660224584,0.997819859208803,169387.0,2,open
2024-10-25,169842.09436602244,0.0005007154506115885,0.0005007154506116001,370.0943660224584,0.9978209502926592,169472.0,2,open
2024-10-28,168893.09436602244,-0.005587542967733561,-0.005587542967733574,370.0943660224584,0.997808706345208,168523.0,2,open
2024-10-29,167434.09436602244,-0.00863860068096145,-0.008638600680961372,370.0943660224584,0.9977896116831892,167064.0,2,open
2024-10-30,167467.09436602244,0.00019709247465371504,0.00019709247465370355,370.0943660224584,0.9977900472482459,167097.0,2,open
2024-10-31,166452.09436602244,-0.006060892164173937,-0.006060892164173974,370.0943660224584,0.9977765712865792,166082.0,2,open
2024-11-01,165994.09436602244,-0.0027515424287355428,-0.002751542428735498,370.0943660224584,0.9977704365481439,165624.0,2,open
2024-11-04,168071.26983232846,0.012513550402135198,0.013482407362427926,161.2698323284567,0.9990404675796801,167910.0,2,open
2024-11-05,167401.26983232846,-0.0039864041050466925,-0.003986404105046752,161.2698323284567,0.999036627186341,167240.0,2,open
2024-11-06,168103.26983232846,0.004193516576685097,0.004193516576685035,161.2698323284567,0.9990406502354814,167942.0,2,open
2024-11-07,166308.26983232846,-0.01067796005271282,-0.010677960052712722,161.2698323284567,0.9990302957724769,166147.0,2,open
2024-11-08,168071.26983232846,0.010600795749829306,0.010600795749829233,161.2698323284567,0.9990404675796801,167910.0,2,open
2024-11-11,165808.26983232846,-0.01346452610406057,-0.013464526104060733,161.2698323284567,0.9990273715991878,165647.0,2,open
2024-11-12,164747.26983232846,-0.00639895706693594,-0.006398957066935862,161.2698323284567,0.9990211077094474,164586.0,2,open
2024-11-13,163561.26983232846,-0.007198905336683548,-0.007198905336683557,161.2698323284567,0.9990140096583147,163400.0,2,open
2024-11-14,164013.26983232846,0.002763490406153979,0.0027634904061539724,161.2698323284567,0.9990167269240268,163852.0,2,open
2024-11-15,165090.26983232846,0.006566541848114005,0.006566541848113956,161.2698323284567,0.999023141506206,164929.0,2,open
2024-11-18,165933.26983232846,0.0051062973054449845,0.005106297305445012,161.2698323284567,0.9990281042946275,165772.0,2,open
2024-11-19,167523.26983232846,0.00958216517764443,0.009582165177644297,161.2698323284567,0.9990373287693711,167362.0,2,open
2024-11-20,166228.26983232846,-0.00773026936076493,-0.007730269360764857,161.2698323284567,0.9990298290868868,166067.0,2,open
2024-11-21,166353.26983232846,0.0007519779886182576,0.0007519779886181706,161.2698323284567,0.9990305580858675,166192.0,2,open
2024-11-22,166212.26983232846,-0.0008475937992810101,-0.0008475937992810334,161.2698323284567,0.9990297356958596,166051.0,2,open
2024-11-25,164215.26983232846,-0.012014756804744509,-0.012014756804744444,161.2698323284567,0.9990179364410319,164054.0,2,open
2024-11-26,164699.26983232846,0.0029473507579056424,0.0029473507579055947,161.2698323284567,0.9990208224208119,164538.0,2,open
2024-11-27,167071.26983232846,0.014402006775226184,0.014402006775226326,161.2698323284567,0.999034724327586,166910.0,2,open
2024-11-28,168257.26983232846,0.007098766898643083,0.007098766898643064,161.2698323284567,0.9990415282948002,168096.0,2,open
2024-11-29,168382.26983232846,0.0007429099504856485,0.0007429099504856166,161.2698323284567,0.9990422398243648,168221.0,2,open
2024-12-02,166930.26983232846,-0.008623235697237441,-0.008623235697237448,161.2698323284567,0.9990339089939144,166769.0,2,open
2024-12-03,165959.47231108247,-0.005815587084482043,-0.004205348740555602,260.4723110824707,0.9984305065118897,165699.0,2,open
2024-12-04,168539.47231108247,0.015545964108417465,0.015545964108417581,260.4723110824707,0.9984545322973262,168279.0,2,open
2024-12-05,168878.47231108247,0.002011398252002916,0.0020113982520029217,260.4723110824707,0.9984576346083788,168618.0,2,open
2024-12-06,169160.47231108247,0.0016698398329926256,0.0016698398329927377,260.4723110824707,0.9984602058180385,168900.0,2,open
2024-12-09,170045.47231108247,0.005231718662812135,0.005231718662812102,260.4723110824707,0.9984682196618211,169785.0,2,open
2024-12-10,173096.47231108247,0.017942259552894635,0.017942259552894774,260.4723110824707,0.9984952188360352,172836.0,2,open
2024-12-11,173360.47231108247,0.0015251610646664915,0.0015251610646665075,260.4723110824707,0.9984975103747118,173100.0,2,open
2024-12-12,171194.47231108247,-0.012494197616820468,-0.012494197616820473,260.4723110824707,0.9984785004587697,170934.0,2,open
2024-12-13,172475.47231108247,0.007482718236791364,0.0074827182367912855,260.4723110824707,0.9984898008534647,172215.0,2,open
2024-12-16,172061.47231108247,-0.0024003413033321097,-0.002400341303332011,260.4723110824707,0.9984861671379195,171801.0,2,open
2024-12-17,175601.47231108247,0.02057404224462167,0.02057404224462158,260.4723110824707,0.998516684924936,175341.0,2,open
2024-12-18,175940.47231108247,0.0019305077317315344,0.0019305077317316023,260.4723110824707,0.9985195429587007,175680.0,2,open
2024-12-19,175394.47231108247,-0.0031033223500424034,-0.003103322350042498,260.4723110824707,0.9985149343211883,175134.0,2,open
2024-12-20,173756.47231108247,-0.009338948818722326,-0.009338948818722152,260.4723110824707,0.9985009346263882,173496.0,2,open
2024-12-23,174227.47231108247,0.0027106903917613057,0.002710690391761336,260.4723110824707,0.9985049871433743,173967.0,2,open
2024-12-24,178502.47231108247,0.0245368881456709,0.024536888145670878,260.4723110824707,0.9985407915772251,178242.0,2,open
2024-12-25,180818.47231108247,0.012974610211357929,0.012974610211357863,260.4723110824707,0.9985594817401491,180558.0,2,open
2024-12-26,182909.47231108247,0.01156408398585862,0.011564083985858726,260.4723110824707,0.9985759495788197,182649.0,2,open
2024-12-27,182024.47231108247,-0.00483845909573688,-0.0048384590957368,260.4723110824707,0.9985690258690199,181764.0,2,open
2024-12-30,181835.47231108247,-0.0010383219223236706,-0.0010383219223236686,260.4723110824707,0.9985675385128548,181575.0,2,open
2024-12-31,184283.47231108247,0.013462719726170747,0.01346271972617077,260.4723110824707,0.9985865671629913,184023.0,2,open
2025-01-02,183530.47231108247,-0.004086096222068569,-0.0040860962220686465,260.4723110824707,0.9985807680446603,183270.0,2,open
2025-01-03,178398.56949466947,-0.02796212940439924,-0.02698734405044572,60.56949466948117,0.9996604821729174,178338.0,2,open
2025-01-06,176562.56949466947,-0.010291562343804905,-0.010291562343804867,60.56949466948117,0.9996569516696385,176502.0,2,open
2025-01-07,177724.71067663832,0.006582035962066968,0.006582035962066642,60.56949466948117,0.9996591948613174,177664.14118196885,2,open
2025-01-08,179938.33870909785,0.012455375642653976,0.012455375642653994,60.56949466948117,0.9996633874964946,179877.76921442838,2,open
2025-01-09,181725.63823749992,0.009932844446738809,0.009932844446738844,60.56949466948117,0.9996666981321023,181665.06874283045,2,open
2025-01-10,180552.32422127016,-0.006456513388035767,-0.006456513388035707,60.56949466948117,0.9996645321796288,180491.7547266007,2,open
2025-01-13,178792.3531969255,-0.009747706278141144,-0.009747706278141137,60.56949466948117,0.9996612299486726,178731.78370225604,2,open
2025-01-14,177005.0536685234,-0.009996509897901129,-0.009996509897901055,60.56949466948117,0.9996578092353063,176944.48417385394,2,open
2025-01-15,178096.38217258084,0.006165521726295697,0.0061655217262957486,60.56949466948117,0.9996599060916871,178035.81267791137,2,open
2025-01-16,179269.6961888106,0.006588084507481939,0.006588084507482064,60.56949466948117,0.9996621319946586,179209.12669414113,2,open
2025-01-17,179883.68170098294,0.0034249263831276355,0.0034249263831276915,60.56949466948117,0.9996632852179991,179823.11220631347,2,open
2025-01-20,178816.03918069575,-0.0059351827258122825,-0.005935182725812292,60.56949466948117,0.9996612748221748,178755.46968602628,2,open
2025-01-21,177642.72516446598,-0.006561570324483679,-0.006561570324483761,60.56949466948117,0.9996590375732336,177582.1556697965,2,open
2025-01-22,177001.41114823622,-0.0036101338551073336,-0.0036101338551073657,60.56949466948117,0.9996578021933467,176940.84165356675,2,open
2025-01-23,175256.83244965508,-0.009856298247927997,-0.009856298247927851,60.56949466948117,0.9996543958154278,175196.2629549856,2,open
2025-01-24,179663.82578868853,0.025145914583954543,0.025145914583954303,60.56949466948117,0.9996628731777052,179603.25629401905,2,open
2025-01-27,179552.00394035754,-0.0006223948969144022,-0.0006223948969141214,60.56949466948117,0.9996626632210154,179491.43444568806,2,open
2025-02-05,183701.6554638806,0.023111140129081775,0.023111140129081845,60.56949466948117,0.9996702833487454,183641.08596921113,2,open
2025-02-06,180003.30447621565,-0.020132377023636128,-0.0201028092527999,588.1378462184812,0.9967326275040901,179415.16662999717,2,open
2025-02-07,179117.0934354607,-0.00492330428785015,-0.004923304287850293,588.1378462184812,0.9967164616456308,178528.95558924222,2,open
2025-02-10,178551.53940282064,-0.0031574542763772584,-0.003157454276377163,588.1378462184812,0.9967060611844314,177963.40155660216,2,open
2025-02-11,179007.27158712974,0.002552384515044359,0.002552384515044472,588.1378462184812,0.9967144471785762,178419.13374091126,2,open
2025-02-12,182442.2939018185,0.01918928926312824,0.01918928926312821,588.1378462184812,0.9967763075455793,181854.15605560003,2,open
2025-02-13,183724.92193427804,0.007030321780265414,0.007030321780265299,588.1378462184812,0.9967988129208248,183136.78408805956,2,open
2025-02-14,185252.44699126278,0.008314196250039263,0.008314196250039279,588.1378462184812,0.9968252087582615,184664.3091450443,2,open
2025-02-17,185708.17917557186,0.0024600602675470817,0.00246006026754723,588.1378462184812,0.9968329997696954,185120.04132935338,2,open
2025-02-18,185227.19366339955,-0.00259000715158364,-0.0025900071515837287,588.1378462184812,0.9968247759166116,184639.05581718107,2,open
2025-02-19,188797.29115428252,0.019274154190181525,0.019274154190181553,588.1378462184812,0.9968848184069661,188209.15330806404,2,open
2025-02-20,188020.90196185856,-0.004112289893976828,-0.004112289893976933,588.1378462184812,0.9968719549790385,187432.76411564008,2,open
2025-02-21,188746.78449855605,0.0038606480935015064,0.003860648093501558,588.1378462184812,0.9968839848171136,188158.64665233757,2,open
2025-02-24,184965.85184788913,-0.02003177251846555,-0.020031772518465524,588.1378462184812,0.9968202895813323,184377.71400167065,2,open
2025-02-25,184265.22263905487,-0.003787884097711358,-0.0037878840977115186,588.1378462184812,0.9968081994106368,183677.0847928364,2,open
2025-02-26,182838.71089352312,-0.007741622239406776,-0.007741622239406734,588.1378462184812,0.9967832969104612,182250.57304730464,2,open
2025-02-27,183514.08677449415,0.003693834186811351,0.0036938341868114673,588.1378462184812,0.996795135149809,182925.94892827567,2,open
2025-02-28,184425.55114311233,0.004966726994305448,0.004966726994305369,588.1378462184812,0.996810974170482,183837.41329689385,2,open
2025-03-03,183809.49045474577,-0.003340430241623671,-0.0033404302416234085,588.1378462184812,0.9968002857482309,183221.3526085273,2,open
2025-03-04,183007.84793445858,-0.004361268388829775,-0.004361268388829786,588.1378462184812,0.9967862698083357,182419.7100882401,2,open
2025-03-05,181800.97988558875,-0.006594624561139351,-0.006594624561139459,588.1378462184812,0.9967649357743362,181212.84203937027,2,open
2025-03-06,184164.20932760194,0.012998991773863988,0.012998991773864065,588.1378462184812,0.9968064487211395,183576.07148138346,2,open
2025-03-07,183573.40196709865,-0.0032080465724604323,-0.0032080465724603153,588.1378462184812,0.9967961706874948,182985.26412088017,2,open
2025-03-10,182526.86242228624,-0.005700932344218201,-0.005700932344218149,588.1378462184812,0.9967778011498505,181938.72457606776,2,open
2025-03-11,180729.18701291314,-0.009848826553617518,-0.009848826553617566,588.1378462184812,0.9967457506120666,180141.04916669466,2,open
2025-03-12,181505.57620533713,0.004295870552267322,0.004295870552267145,588.1378462184812,0.9967596706475116,180917.43835911865,2,open
2025-03-13,180323.96148433053,-0.0065100739366257265,-0.006510073936625558,588.1378462184812,0.9967384376353688,179735.82363811205,2,open
2025-03-14,180459.03666052473,0.0007490694807408271,0.0007490694807408085,588.1378462184812,0.9967408789434864,179870.89881430625,2,open
2025-03-17,181210.17252508545,0.004162362154097821,0.004162362154097967,588.1378462184812,0.9967543883545662,180622.03467886697,2,open
2025-03-18,182762.95090993342,0.008568936076880584,0.008568936076880605,588.1378462184812,0.9967819635035969,182174.81306371494,2,open
2025-03-19,182442.2939018185,-0.0017544967758423846,-0.0017544967758422252,588.1378462184812,0.9967763075455793,181854.15605560003,2,open
2025-03-20,184079.6408071342,0.008974601614013977,0.008974601614014019,588.1378462184812,0.9968049815631991,183491.5029609157,2,open
2025-03-21,183007.84793445858,-0.005822441134587852,-0.0058224411345877865,588.1378462184812,0.9967862698083357,182419.7100882401,2,open
2025-03-24,181370.5010291429,-0.00894686716332549,-0.008946867163325635,588.1378462184812,0.9967572574212387,180782.36318292443,2,open
2025-03-25,183033.1012623218,0.009166872362070366,0.009166872362070495,588.1378462184812,0.9967867132110952,182444.96341610333,2,open
2025-03-26,184459.61300785356,0.007793736409936525,0.007793736409936485,588.1378462184812,0.9968115630482569,183871.47516163508,2,open
2025-03-27,183818.2989916238,-0.003476717779964389,-0.003476717779964434,588.1378462184812,0.9968004390779109,183230.16114540532,2,open
2025-03-28,185270.06406501884,0.007897826719967638,0.007897826719967428,588.1378462184812,0.996825510644763,184681.92621880036,2,open
2025-03-31,185725.7962493279,0.002459826343823801,0.0024598263438238253,588.1378462184812,0.996833300176412,185137.6584031094,2,open
2025-04-01,186375.91880243568,0.0035004429445817387,0.003500442944581798,588.1378462184812,0.996844346361925,185787.7809562172,2,open
2025-04-02,183566.71193166822,-0.015072799580643892,-0.014129399395171084,1331.3650248553458,0.9927472415295484,182235.34690681286,2,open
2025-04-03,185066.08781263925,0.008168016222511953,0.008168016222511825,1331.3650248553458,0.9928060022201192,183734.7227877839,2,open
2025-04-07,186587.31334122183,0.008219904286963065,0.00821990428696316,1331.3650248553458,0.9928646540806308,185255.9483163665,2,open
2025-04-08,182751.96016972617,-0.020555273039822186,-0.020555273039822332,1331.3650248553458,0.992714907004998,181420.5951448708,2,open
2025-04-09,184503.3360506972,0.009583349362406235,0.009583349362406221,1331.3650248553458,0.9927840598801447,183171.97102584183,2,open
2025-04-10,183517.18569830875,-0.005344891715765354,-0.005344891715765174,1331.3650248553458,0.9927452842098178,182185.82067345342,2,open
2025-04-11,182132.88499353197,-0.0075431665950483895,-0.0075431665950487295,1331.3650248553458,0.9926901447539106,180801.5199686766,2,open
2025-04-14,182814.11052211456,0.0037402665016081915,0.003740266501608449,1331.3650248553458,0.9927173836797772,181482.7454972592,2,open
2025-04-15,184985.48640308558,0.011877507019395939,0.011877507019395904,1331.3650248553458,0.9928028676695516,183654.12137823022,2,open
2025-04-16,188015.31334122183,0.016378727850758112,0.016378727850758227,1331.3650248553458,0.9929188479321411,186683.9483163665,2,open
2025-04-17,189912.8395745813,0.01009240257954791,0.010092402579547816,1331.3650248553458,0.9929895997140703,188581.47454972594,2,open
2025-04-18,189629.76439838705,-0.0014905531233609937,-0.0014905531233608356,1331.3650248553458,0.9929791347414306,188298.39937353172,2,open
2025-04-21,191686.06510316388,0.01084376554124078,0.010843765541240703,1331.3650248553458,0.9930544506501355,190354.70007830852,2,open
2025-04-22,189828.8395745813,-0.009688891717731463,-0.009688891717731449,1331.3650248553458,0.9929864975846714,188497.47454972594,2,open
2025-04-23,192796.51616032916,0.01563343374167281,0.01563343374167261,1331.3650248553458,0.9930944549654196,191465.1511354738,2,open
2025-04-24,191611.29063174652,-0.006147546398592607,-0.00614754639859251,1331.3650248553458,0.9930517402160081,190279.92560689116,2,open
2025-04-25,196158.6334785911,0.023732123675237915,0.0237321236752382,1331.3650248553458,0.9932128145407343,194827.26845373577,2,open
2025-04-28,194028.5427870609,-0.0108590208534598,-0.010859020853459963,1331.3650248553458,0.9931383032324451,192697.17776220554,2,open
2025-04-29,196388.8494692673,0.012164739518745638,0.01216473951874562,1331.3650248553458,0.9932207707899235,195057.48444441194,2,open
2025-04-30,194819.80412350217,-0.007989482855087826,-0.00798948285508783,1331.3650248553458,0.9931661720385913,193488.4390986468,2,open
2025-05-06,190245.4067497655,-0.023480145636717742,-0.0234801456367176,1331.3650248553458,0.9930018545645809,188914.04172491017,2,open
2025-05-07,189873.45467874393,-0.0019551172213624346,-0.0009975747250154585,398.45467874393216,0.9979014724337423,189475.0,2,open
2025-05-08,191963.45467874393,0.011007331190851177,0.01100733119085113,398.45467874393216,0.9979243201295228,191565.0,2,open
2025-05-09,193587.05598648137,0.008457866683294402,0.008457866683294355,398.45467874393216,0.9979417287136607,193188.60130773744,2,open
2025-05-12,195438.03783743284,0.009561495945683118,0.009561495945683004,398.45467874393216,0.9979612224766841,195039.5831586889,2,open
2025-05-13,195334.377220449,-0.0005304014414535541,-0.0005304014414535851,398.45467874393216,0.997960140532282,194935.92254170508,2,open
2025-05-14,196990.1509651049,0.008476612095715375,0.008476612095715428,398.45467874393216,0.9979772862917674,196591.69628636097,2,open
2025-05-15,197398.03783743284,0.002070595257324337,0.002070595257324309,398.45467874393216,0.9979814658589865,196999.5831586889,2,open
2025-05-16,197793.8115820887,0.002004952779630864,0.0020049527796309383,398.45467874393216,0.9979855048266838,197395.35690334477,2,open
2025-05-19,195918.60347579312,-0.0094806207094974,-0.009480620709497418,398.45467874393216,0.9979662233617689,195520.1487970492,2,open
2025-05-20,195650.71660346517,-0.0013673375962025558,-0.001367337596202453,398.45467874393216,0.9979634386949295,195252.26192472124,2,open
2025-05-21,195394.94285880929,-0.001307297765610893,-0.0013072977656108122,398.45467874393216,0.9979607728177906,194996.48818006535,2,open
2025-05-22,195662.82973113723,0.001371002076146377,0.0013710020761463697,398.45467874393216,0.9979635647747124,195264.3750523933,2,open
2025-05-23,196338.60347579312,0.0034537665921752225,0.0034537665921752416,398.45467874393216,0.9979705739386444,195940.1487970492,2,open
2025-05-26,194207.62162484167,-0.010853606031756113,-0.010853606031756132,398.45467874393216,0.9979483056565429,193809.16694609774,2,open
2025-05-27,193136.0741355299,-0.005517535719487543,-0.0055175357194874024,398.45467874393216,0.9979369225530372,192737.61945678596,2,open
2025-05-28,193811.8478801858,0.003498951439707021,0.0034989514397070023,398.45467874393216,0.9979441159913492,193413.39320144185,2,open
2025-05-29,193556.0741355299,-0.0013197012847945278,-0.0013197012847944362,398.45467874393216,0.9979413992532989,193157.61945678596,2,open
2025-05-30,192764.52664621812,-0.004089499608043945,-0.004089499608044001,398.45467874393216,0.9979329460369272,192366.07196747418,2,open
2025-06-03,193160.300390874,0.0020531461443746846,0.0020531461443744578,398.45467874393216,0.997937181305177,192761.84571213007,2,open
2025-06-04,194506.3959855598,0.006968800483131643,0.006997025199157495,951.0027841179323,0.9951106863129141,193555.39320144185,2,open
2025-06-05,193600.07475159212,-0.0046595960476022436,-0.0046595960476020345,951.0027841179323,0.995087797433249,192649.07196747418,2,open
2025-06-06,193739.07475159212,0.0007179749293917403,0.0007179749293916824,951.0027841179323,0.9950913217411753,192788.07196747418,2,open
2025-06-09,194167.1878792642,0.0022097407465220265,0.0022097407465219276,951.0027841179323,0.9951021447315327,193216.18509514627,2,open
2025-06-10,193099.64038995246,-0.005498083898581085,-0.00549808389858108,951.0027841179323,0.9950750670369067,192148.63760583452,2,open
2025-06-11,193516.64038995246,0.002159506869913841,0.0021595068699138673,951.0027841179323,0.9950856795456887,192565.63760583452,2,open
2025-06-12,193271.97977296863,-0.0012642872286890983,-0.001264287228689113,951.0027841179323,0.9950794585679981,192320.97698885069,2,open
2025-06-13,193027.3191559848,-0.0012658876743086855,-0.0012658876743085281,951.0027841179323,0.9950732218202262,192076.31637186685,2,open
2025-06-16,192098.771666673,-0.004810445968849719,-0.00481044596884974,951.0027841179323,0.995049407261343,191147.76888255507,2,open
2025-06-17,194050.41413460832,0.010159578070190634,0.01015957807019083,951.0027841179323,0.9950991973484877,193099.41135049038,2,open
2025-06-18,194839.96162392007,0.004068775080088516,0.004068775080088494,951.0027841179323,0.9951190568085126,193888.95883980213,2,open
2025-06-19,198265.03845349507,0.017578923753773346,0.017578923753773193,951.0027841179323,0.9952033762909692,197314.03566937713,2,open
2025-06-20,198648.6990704789,0.001935089615276997,0.0019350896152769228,951.0027841179323,0.9952126402610846,197697.69628636097,2,open
2025-06-23,199949.7940491024,0.006549728161883817,0.006549728161883961,951.0027841179323,0.9952437921297164,198998.79126498447,2,open
2025-06-24,203035.66277238182,0.015433217813275668,0.015433217813275625,951.0027841179323,0.9953160800859695,202084.65998826388,2,open
2025-06-25,204648.09713402152,0.00794163123671221,0.007941631236712106,951.0027841179323,0.9953529849657232,203697.09434990358,2,open
2025-06-26,206238.30524031707,0.0077704514655425605,0.007770451465542732,951.0027841179323,0.995388815947601,205287.30245619913,2,open
2025-06-27,207583.85272962885,0.006524236551225915,0.006524236551225979,951.0027841179323,0.9954187053972999,206632.8499455109,2,open
2025-06-30,201584.45466608624,-0.028901082548827284,-0.028901082548827416,951.0027841179323,0.9952823605089329,200633.4518819683,2,open
2025-07-01,203930.8708786774,0.011639866856191228,0.011639866856191235,951.0027841179323,0.9953366413823451,202979.86809455947,2,open
2025-07-02,208556.89998083975,0.022684300234830257,0.02301187851041042,44.19946109793818,0.999788070013018,208512.7005197418,2,open
2025-07-03,209146.6737254956,0.0028278793207514585,0.0028278793207517057,44.19946109793818,0.9997886676354415,209102.47426439766,2,open
2025-07-04,208053.0131085118,-0.005229156158702453,-0.005229156158702503,44.19946109793818,0.9997875567364415,208008.81364741386,2,open
2025-07-07,210154.44747015147,0.01010047550017279,0.01010047550017293,44.19946109793818,0.9997896810577648,210110.24800905352,2,open
2025-07-08,210941.78685316766,0.003746479755694976,0.0037464797556950383,44.19946109793818,0.9997904660723828,210897.58739206972,2,open
2025-07-09,211311.12623618386,0.0017509066767946724,0.0017509066767946266,44.19946109793818,0.9997908323054956,211266.9267750859,2,open
2025-07-10,214431.76870411914,0.014767998843786989,0.01476799884378682,44.19946109793818,0.9997938763394759,214387.5692430212,2,open
2025-07-11,217369.20306575883,0.013698690167933458,0.01369869016793344,44.19946109793818,0.9997966618063895,217325.0036046609,2,open
2025-07-14,216215.44747015147,-0.005307815363606583,-0.00530781536360657,44.19946109793818,0.9997955767656053,216171.24800905352,2,open
2025-07-15,217973.33434247944,0.008130255691239041,0.008130255691238885,44.19946109793818,0.999797225375153,217929.1348813815,2,open
2025-07-16,215233.46561920003,-0.012569742677673301,-0.012569742677673416,44.19946109793818,0.9997946441043878,215189.26615810208,2,open
2025-07-17,215240.31855357543,3.183953924490446e-05,3.183953924509396e-05,44.19946109793818,0.9997946506426167,215196.1190924775,2,open
2025-07-18,214256.54847720364,-0.004570565974733598,-0.004570565974733749,44.19946109793818,0.9997937077703711,214212.3490161057,2,open
2025-07-21,215664.51430801585,0.006571401624916984,0.006571401624917094,44.19946109793818,0.9997950545492393,215620.3148469179,2,open
2025-07-22,213866.12859632837,-0.008338811405565694,-0.008338811405565614,44.19946109793818,0.9997933311769001,213821.92913523043,2,open
2025-07-23,210743.044622557,-0.01460298549503447,-0.014602985495034485,44.19946109793818,0.9997902684704156,210698.84516145906,2,open
2025-07-24,215229.84133917684,0.02129036678128915,0.021290366781289014,44.19946109793818,0.9997946406463762,215185.6418780789,2,open
2025-07-25,212533.5724234455,-0.012527393501546746,-0.012527393501546653,44.19946109793818,0.9997920353918962,212489.37296234755,2,open
2025-07-28,212020.8704930775,-0.002412333846939285,-0.002412333846939278,44.19946109793818,0.9997915324986868,211976.67103197955,2,open
2025-07-29,212832.86682479348,0.003829794349148763,0.0038297943491486545,44.19946109793818,0.9997923278403503,212788.66736369554,2,open
2025-07-30,210391.63922244633,-0.011470162662220784,-0.011470162662220815,44.19946109793818,0.9997899181675598,210347.4397613484,2,open
2025-07-31,213556.35698058183,0.015042031944955125,0.01504203194495515,44.19946109793818,0.9997930313959141,213512.15751948388,2,open
2025-08-01,215438.01026099757,0.008811038486608247,0.008811038486608165,44.19946109793818,0.9997948390767052,215393.81079989963,2,open
2025-08-04,215934.7632236806,0.0023057814267837262,0.0029717253064324334,121.38982498475525,0.9994378402848502,215813.37339869584,2,open
2025-08-05,217726.20839780074,0.008296233303872524,0.008296233303872688,121.38982498475525,0.9994424657193176,217604.81857281597,2,open
2025-08-06,221787.72886212112,0.0186542561605616,0.018654256160561544,121.38982498475525,0.9994526756479832,221666.33903713638,2,open
2025-08-07,223014.17403624125,0.005529815289657236,0.005529815289657484,121.38982498475525,0.9994556856060413,222892.7842112565,2,open
2025-08-08,226075.2493264415,0.013725922594062467,0.013725922594062613,121.38982498475525,0.9994630556624557,225953.85950145675,2,open
2025-08-11,224784.0267393815,-0.005711472577856314,-0.005711472577856607,121.38982498475525,0.9994599713033635,224662.63691439672,2,open
2025-08-12,224789.06438448158,2.2411045718762068e-05,2.2411045718801967e-05,121.38982498475525,0.9994599834057002,224667.67455949684,2,open
2025-08-13,228145.9547327219,0.014933512701928775,0.014933512701928492,121.38982498475525,0.999467929093343,228024.56490773713,2,open
2025-08-14,225719.6945005617,-0.010634684428232122,-0.010634684428231957,121.38982498475525,0.9994622098649683,225598.30467557692,2,open
2025-08-15,228785.80743586202,0.013583719143712925,0.013583719143713148,121.38982498475525,0.9994694171533399,228664.41761087728,2,open
2025-08-18,223777.10202958173,-0.02189255296216064,-0.021892552962160916,121.38982498475525,0.9994575413485839,223655.71220459696,2,open
2025-08-19,226660.39990684204,0.012884686820545,0.012884686820545029,121.38982498475525,0.9994644418476512,226539.01008185727,2,open
2025-08-20,229269.47519704228,0.011510944528786649,0.011510944528786626,121.38982498475525,0.9994705364729412,229148.0853720575,2,open
2025-08-21,230178.51284214243,0.0039649309805367405,0.003964930980536704,121.38982498475525,0.999472627468629,230057.12301715766,2,open
2025-08-22,233788.0333064628,0.015681396233521605,0.015681396233521567,121.38982498475525,0.9994807697243185,233666.64348147807,2,open
2025-08-25,235014.47848058294,0.005245970705919145,0.005245970705919112,121.38982498475525,0.999483479376379,234893.0886555982,2,open
2025-08-26,233153.21824842272,-0.007919768365734936,-0.007919768365734867,121.38982498475525,0.9994793559964701,233031.82842343798,2,open
2025-08-27,232905.62577744276,-0.0010619303170679162,-0.0010619303170679995,121.38982498475525,0.999478802521066,232784.23595245802,2,open
2025-08-28,228574.9203711624,-0.018594249889088754,-0.018594249889088626,121.38982498475525,0.9994689276286846,228453.53054617767,2,open
2025-08-29,226396.2526099822,-0.009531525845628441,-0.009531525845628622,121.38982498475525,0.9994638169864327,226274.86278499744,2,open
2025-09-01,227165.66013900226,0.0033984994016023062,0.003398499401602252,121.38982498475525,0.9994656330322528,227044.27031401749,2,open
2025-09-02,227082.33545710132,-0.0003668013988115115,-0.00028515495211845583,465.8425560237556,0.9979485742249125,226616.49290107755,2,open
2025-09-03,232636.85592142172,0.024460381091023775,0.024460381091023872,465.8425560237556,0.9979975547976753,232171.01336539796,2,open
2025-09-04,229192.00321828155,-0.01480785445408428,-0.01480785445408437,465.8425560237556,0.9979674571997169,228726.16066225778,2,open
2025-09-05,237050.45167594237,0.03428762062948798,0.034287620629487925,465.8425560237556,0.9980348379312072,236584.6091199186,2,open
2025-09-08,231442.48603750183,-0.023657266201318472,-0.02365726620131841,465.8425560237556,0.9979872210846011,230976.64348147807,2,open
2025-09-09,231583.30109554186,0.0006084235459569154,0.000608423545956982,465.8425560237556,0.9979884449620503,231117.4585395181,2,open
2025-09-10,232971.93121162197,0.005996244588927446,0.005996244588927523,465.8425560237556,0.9980004348437983,232506.0886555982,2,open
2025-09-11,233024.52368260195,0.00022574595448676682,0.00022574595448669483,465.8425560237556,0.9980008861356657,232558.6811265782,2,open
2025-09-12,233006.70862456187,-7.645142991197229e-05,-7.645142991187883e-05,465.8425560237556,0.998000733288867,232540.8660685381,2,open
2025-09-15,231741.0785084818,-0.005431732517707677,-0.005431732517707751,465.8425560237556,0.9979898144989141,231275.23595245802,2,open
2025-09-16,229508.41074730156,-0.009634320231656779,-0.009634320231656765,465.8425560237556,0.9979702593272859,229042.5681912778,2,open
2025-09-17,227117.11287004125,-0.01041921674885038,-0.010419216748850468,465.8425560237556,0.9979488883504329,226651.27031401749,2,open
2025-09-18,226519.0752249411,-0.002633168577844458,-0.0026331685778442785,465.8425560237556,0.9979434731686011,226053.23266891734,2,open
2025-09-19,219979.70205748055,-0.02886897344502548,-0.028868973445025585,465.8425560237556,0.997882338453654,219513.85950145678,2,open
2025-09-22,216674.81170924022,-0.015023614985062439,-0.015023614985062331,465.8425560237556,0.9978500382561823,216208.96915321646,2,open
2025-09-23,213088.29124491985,-0.016552549122014204,-0.01655254912201426,465.8425560237556,0.9978138519329138,212622.44868889608,2,open
2025-09-24,219398.6267672803,0.029613713102178307,0.02961371310217814,465.8425560237556,0.9978767298460902,218932.78421125654,2,open
2025-09-25,218659.77406414013,-0.003367626835348858,-0.0033676268353487774,465.8425560237556,0.9978695553033585,218193.93150811637,2,open
2025-09-26,218326.4041802202,-0.0015246054531371511,-0.0015246054531370921,465.8425560237556,0.9978663022561429,217860.56162419645,2,open
2025-09-29,218695.4041802202,0.0016901299748215415,0.0016901299748215927,465.8425560237556,0.9978699023979495,218229.56162419645,2,open
2025-09-30,218221.21923826027,-0.0021682437440211366,-0.0021682437440212,465.8425560237556,0.997865273791202,217755.3766822365,2,open
2025-10-09,218063.44182532033,-0.0007230159078511766,-0.0007230159078510418,465.8425560237556,0.9978637292334543,217597.59926929657,2,open
2025-10-10,219703.70046003148,0.007521933163033623,0.007577818456354788,1300.6560166147558,0.9940799539839732,218403.04444341673,2,open
2025-10-13,222017.77575023173,0.010532709669226703,0.010532709669226713,1300.6560166147558,0.9941416581973239,220717.11973361697,2,open
2025-10-14,222861.0359823919,0.003798165391535324,0.0037981653915353376,1300.6560166147558,0.9941638249553972,221560.37996577716,2,open
2025-10-15,229875.4091498525,0.031474201564847704,0.03147420156484779,1300.6560166147558,0.9943419088565194,228574.75313323774,2,open
2025-10-16,232131.11455613284,0.009812730359556987,0.009812730359556984,1300.6560166147558,0.9943968906576708,230830.4585395181,2,open
2025-10-17,239220.89525261344,0.030542138696215915,0.03054213869621595,1300.6560166147558,0.9945629497990078,237920.23923599868,2,open
2025-10-20,239717.93289771356,0.0020777350765084357,0.002077735076508487,1300.6560166147558,0.9945742231259364,238417.2768810988,2,open
2025-10-21,243701.4910071341,0.01661768922027318,0.016617689220273256,1300.6560166147558,0.9946629131761172,242400.83499051933,2,open
2025-10-22,246646.3813553744,0.012084006281906978,0.012084006281907046,1300.6560166147558,0.9947266365333748,245345.72533875966,2,open
2025-10-23,252505.34699381495,0.023754516917070756,0.023754516917070773,1300.6560166147558,0.9948489961416674,251204.6909772002,2,open
2025-10-24,248295.56629733433,-0.016672045747148978,-0.01667204574714897,1300.6560166147558,0.9947616623365025,246994.91028071957,2,open
2025-10-27,249663.41900047453,0.005508969505730876,0.005508969505730797,1300.6560166147558,0.9947903620729784,248362.76298385978,2,open
2025-10-28,255944.01475499515,0.025156251483156478,0.02515625148315675,1300.6560166147558,0.9949182010844839,254643.3587383804,2,open
2025-10-29,259248.90510323548,0.012912551799282967,0.01291255179928294,1300.6560166147558,0.9949829835690268,257948.24908662072,2,open
2025-10-30,253540.75452283496,-0.02201803158292015,-0.022018031582920136,1300.6560166147558,0.9948700317664408,252240.0985062202,2,open
2025-10-31,253043.71687773487,-0.0019603856036300993,-0.00196038560363031,1300.6560166147558,0.9948599552968027,251743.06086112012,2,open
2025-11-03,249934.2340585146,-0.012288322577567512,-0.01228832257756748,1300.6560166147558,0.9947960069515317,248633.57804189983,2,open
2025-11-04,252486.48249040372,0.010211680050567162,0.010274113559565173,568.0517453637567,0.9977501696733989,251918.43074503998,2,open
2025-11-05,259262.41048374414,0.026836795089012044,0.026836795089012204,568.0517453637567,0.9978089698992467,258694.3587383804,2,open
2025-11-06,257680.37283864402,-0.006102071033545875,-0.006102071033545766,568.0517453637567,0.9977955179934506,257112.32109328028,2,open
2025-11-07,258246.41048374414,0.0021966657330729777,0.002196665733073011,568.0517453637567,0.9978003498894731,257678.3587383804,2,open
2025-11-10,255084.52013550387,-0.01224369524562785,-0.012243695245627847,568.0517453637567,0.9977730842112176,254516.46839014013,2,open
2025-11-11,257236.965309624,0.008438164624716249,0.008438164624716103,568.0517453637567,0.9977917180577838,256668.91356426026,2,open
2025-11-12,261787.11589002452,0.017688556444147574,0.01768855644414774,568.0517453637567,0.997830100448479,261219.06414466078,2,open
2025-11-13,266967.8965865051,0.01979005222952601,0.019790052229526074,568.0517453637567,0.9978722095329553,266399.84484114137,2,open
2025-11-14,267221.8965865051,0.0009514252584212901,0.0009514252584212993,568.0517453637567,0.9978742320422838,266653.84484114137,2,open
2025-11-17,265392.41376728483,-0.006846305795259022,-0.006846305795259012,568.0517453637567,0.9978595780591458,264824.3620219211,2,open
2025-11-18,260775.48577394438,-0.017396608771902966,-0.017396608771902806,568.0517453637567,0.9978216827257446,260207.43402858064,2,open
2025-11-19,260022.2255417842,-0.002888539273254942,-0.002888539273255152,568.0517453637567,0.9978153723429597,259454.17379642045,2,open
2025-11-20,259959.8180127642,-0.00024000844116289777,-0.00024000844116287316,568.0517453637567,0.9978148478880077,259391.76626740047,2,open
2025-11-21,260091.1878966841,0.0005053468836997421,0.000505346883699651,568.0517453637567,0.9978159515900654,259523.13615132036,2,open
2025-11-24,256991.70507746376,-0.011916908236243473,-0.011916908236243355,568.0517453637567,0.9977896105822073,256423.65333210002,2,open
2025-11-25,255790.6674323637,-0.004673449070031421,-0.004673449070031443,568.0517453637567,0.9977792319357627,255222.61568699995,2,open
2025-11-26,258956.9276645239,0.012378325855056493,0.012378325855056466,568.0517453637567,0.9978063852143796,258388.87591916014,2,open
2025-11-27,254652.0373162836,-0.01662396286156609,-0.016623962861566116,568.0517453637567,0.9977693021766081,254083.98557091985,2,open
2025-11-28,257114.3351935439,0.009669264393915133,0.009669264393915402,568.0517453637567,0.9977906648225734,256546.28344818015,2,open
2025-12-01,254518.48249040375,-0.010096102580924193,-0.01009610258092441,568.0517453637567,0.9977681316507725,253950.43074504,2,open
2025-12-02,254097.9466005547,-0.00165228035989462,-0.000980793668253579,974.1459715947858,0.9961662579937092,253123.8006289599,2,open
2025-12-03,254168.16918761475,0.0002763603090836231,0.0002763603090837883,974.1459715947858,0.9961673171951138,253194.02321601997,2,open
2025-12-04,251903.53907153464,-0.00890996745705186,-0.00890996745705181,974.1459715947858,0.996132861113483,250929.39309993986,2,open
2025-12-05,249401.68636839447,-0.009931788621793447,-0.00993178862179356,974.1459715947858,0.9960940682247198,248427.54039679968,2,open
2025-12-08,246899.83366525432,-0.010031418550412785,-0.010031418550412759,974.1459715947858,0.9960544891540286,245925.68769365954,2,open
2025-12-09,247661.4637813344,0.0030847737107537743,0.0030847737107538705,974.1459715947858,0.9960666227328169,246687.31780973962,2,open
2025-12-10,251613.2068327149,0.015956229084027385,0.015956229084027114,974.1459715947858,0.9961283988870964,250639.06086112012,2,open
2025-12-11,246617.9065943588,-0.019853092376336368,-0.019853092376336093,974.1459715947858,0.9960499787503384,245643.760622764,2,open
2025-12-12,247870.14867167379,0.005077660801714234,0.005077660801714059,974.1459715947858,0.9960699342909375,246896.002700079,2,open
2025-12-15,242756.91576862457,-0.02062867566123161,-0.020628675661231638,974.1459715947858,0.9959871546048013,241782.7697970298,2,open
2025-12-16,240412.74603902356,-0.009656448806736662,-0.009656448806736448,974.1459715947858,0.9959480269343263,239438.60006742878,2,open
2025-12-17,238138.06352300022,-0.009461572040170063,-0.009461572040170316,974.1459715947858,0.9959093226963245,237163.91755140544,2,open
2025-12-18,240776.41818867688,0.011079096834185176,0.011079096834185391,974.1459715947858,0.9959541470924639,239802.2722170821,2,open
2025-12-19,244652.88177135133,0.016099847368095555,0.01609984736809562,974.1459715947858,0.9960182526175791,243678.73579975654,2,open
2025-12-22,242424.52406437972,-0.00910824221990647,-0.009108242219906575,974.1459715947858,0.9959816525355493,241450.37809278493,2,open
2025-12-23,243948.6998765706,0.006287217921014054,0.006287217921014011,974.1459715947858,0.9960067589124776,242974.55390497582,2,open
2025-12-24,246370.4748606318,0.009927394510757859,0.009927394510757913,974.1459715947858,0.9960460117140828,245396.32888903702,2,open
2025-12-25,244915.78626201855,-0.00590447617327583,-0.0059044761732757346,974.1459715947858,0.9960225268184526,243941.64029042376,2,open
2025-12-26,243198.19317273807,-0.007012994611310774,-0.007012994611310758,974.1459715947858,0.995994435818432,242224.0472011433,2,open
2025-12-29,241356.67001994565,-0.007572108693605362,-0.007572108693605353,974.1459715947858,0.9959638738323897,240382.52404835087,2,open
2025-12-30,244915.78626201855,0.014746293283623757,0.014746293283623589,974.1459715947858,0.9960225268184526,243941.64029042376,2,open
2025-12-31,244335.53443074977,-0.0023691891818193866,-0.0023691891818194903,974.1459715947858,0.9960130810532151,243361.388459155,2,open
2026-01-05,246494.40492414375,0.008835679584730416,0.008835679584730508,974.1459715947858,0.996047999661921,245520.25895254896,2,open
2026-01-06,243920.3617003437,-0.010442603046475596,-0.010421605524432024,401.9701998937859,0.9983520432771923,243518.3915004499,2,open
2026-01-07,241798.81601600148,-0.008697698173096846,-0.008697698173097006,401.9701998937859,0.9983375840853282,241396.8458161077,2,open
2026-01-08,240102.38533124686,-0.007015876722251457,-0.007015876722251432,401.9701998937859,0.9983258383737453,239700.41513135307,2,open
2026-01-09,238279.02458298035,-0.007594096767306158,-0.0075940967673061325,401.9701998937859,0.9983130273401224,237877.05438308656,2,open
2026-01-12,236820.33598436706,-0.006121766702571363,-0.006121766702571314,401.9701998937859,0.9983026364766229,236418.36578447328,2,open
2026-01-13,239997.6176722608,0.013416422515773574,0.0134164225157734,401.9701998937859,0.9983251075415144,239595.647472367,2,open
2026-01-14,241716.21076154124,0.0071608756201377854,0.007160875620138007,401.9701998937859,0.998337015963359,241314.24056164746,2,open
2026-01-15,237809.58477434094,-0.01616203553287654,-0.01616203553287657,401.9701998937859,0.9983096972299278,237407.61457444716,2,open
2026-01-16,235168.23010866423,-0.011107015170070289,-0.01110701517007019,401.9701998937859,0.9982907121437787,234766.25990877044,2,open
2026-01-19,231217.27931241217,-0.016800529537626896,-0.016800529537626934,401.9701998937859,0.9982615044987592,230815.3091125184,2,open
2026-01-20,229327.431350568,-0.00817347201499885,-0.00817347201499885,401.9701998937859,0.998247177856018,228925.4611506742,2,open
2026-01-21,232438.22582488408,0.013564859886127989,0.01356485988612795,401.9701998937859,0.99827063643053,232036.2556249903,2,open
2026-01-22,225138.7384681746,-0.03140398843952985,-0.03140398843952982,401.9701998937859,0.998214566703941,224736.7682682808,2,open
2026-01-23,223033.31082471492,-0.009351689797077234,-0.009351689797077197,401.9701998937859,0.9981977122681477,222631.34062482114,2,open
2026-01-26,221038.69520388465,-0.008943128779529519,-0.008943128779529592,401.9701998937859,0.9981814487299474,220636.72500399087,2,open
2026-01-27,224409.39416886793,0.015249361483400836,0.015249361483400836,401.9701998937859,0.9982087639361866,224007.42396897415,2,open
2026-01-28,224000.39721016286,-0.001822548294913684,-0.0018225482949134888,401.9701998937859,0.9982054933611718,223598.42701026908,2,open
2026-01-29,222602.151461484,-0.006242157451921804,-0.006242157451921964,401.9701998937859,0.9981942214068702,222200.18126159022,2,open
2026-01-30,223674.00550591803,0.004815110893568786,0.004815110893568947,401.9701998937859,0.9982028747641704,223272.03530602425,2,open
2026-02-02,222535.6642479064,-0.005089287221538674,-0.005089287221538917,401.9701998937859,0.9981936818925079,222133.6940480126,2,open
2026-02-03,223225.25092693407,0.0030987692752899587,0.00404698804083407,1029.6197425262653,0.9953875301371561,222195.6311844078,2,open
2026-02-04,219192.44732873316,-0.01806607263942961,-0.01806607263942957,1029.6197425262653,0.9953026677922798,218162.8275862069,2,open
2026-02-05,221978.4863092429,0.012710469792471368,0.012710469792471368,1029.6197425262653,0.9953616237336987,220948.86656671664,2,open
2026-02-06,224325.7606720615,0.010574332683522147,0.010574332683522179,1029.6197425262653,0.9954101582473559,223296.14092953524,2,open
2026-02-09,221797.46681898803,-0.011270635371964932,-0.011270635371964868,1029.6197425262653,0.9953578381336223,220767.84707646177,2,open
2026-02-10,223538.7411818066,0.007850740532756584,0.007850740532756702,1029.6197425262653,0.9953939986550749,222509.12143928034,2,open
2026-02-11,225492.50579949777,0.008740161134316082,0.008740161134316162,1029.6197425262653,0.995433907043271,224462.8860569715,2,open
2026-02-12,224987.50579949777,-0.0022395422775115525,-0.002239542277511628,1029.6197425262653,0.9954236581321817,223957.8860569715,2,open
2026-02-13,222493.97656411547,-0.011082967592006887,-0.011082967592007047,1029.6197425262653,0.995372370261765,221464.3568215892,2,open
2026-02-24,220742.21194642433,-0.007873312548694278,-0.007873312548694195,1029.6197425262653,0.9953356463476222,219712.59220389806,2,open
2026-02-25,219697.44732873316,-0.00473296252891009,-0.004732962528910116,1029.6197425262653,0.9953134651538047,218667.8275862069,2,open
2026-02-26,219394.44732873316,-0.0013791694154126066,-0.00137916941541256,1029.6197425262653,0.9953069927016726,218364.8275862069,2,open
2026-02-27,218642.19245616943,-0.0034287780831416814,-0.0034287780831416025,1029.6197425262653,0.9952908460578456,217612.57271364317,2,open
2026-03-02,218440.19245616946,-0.0009238838932721372,-0.0009238838932723397,1029.6197425262653,0.9952864913230981,217410.5727136432,2,open
2026-03-03,219874.28111717687,0.006565131832573234,0.006887513365606042,919.1986584062834,0.9958194352984995,218955.0824587706,2,open
2026-03-04,224410.08471537777,0.020629077558114384,0.02062907755811464,919.1986584062834,0.9959039333745981,223490.8860569715,2,open
2026-03-05,222153.53598974057,-0.010055469336412437,-0.010055469336412447,919.1986584062834,0.9958623271319493,221234.3373313343,2,open
2026-03-06,224655.0652251229,0.011260362002510904,0.011260362002510906,919.1986584062834,0.9959084000287945,223735.86656671664,2,open
2026-03-09,224957.0652251229,0.0013442830665642003,0.0013442830665643154,919.1986584062834,0.9959138929133593,224037.86656671664,2,open
2026-03-10,225381.55547999544,0.0018869834314727552,0.001886983431472711,919.1986584062834,0.9959215888077059,224462.35682158917,2,open
2026-03-11,223994.04573486804,-0.006156270162269606,-0.006156270162269718,919.1986584062834,0.9958963254786947,223074.84707646177,2,open
2026-03-12,225834.55547999544,0.008216779776842431,0.008216779776842594,919.1986584062834,0.9959297696649985,224915.35682158917,2,open
2026-03-13,227071.0652251229,0.005475290273888156,0.005475290273888112,919.1986584062834,0.9959519340013887,226151.86656671664,2,open
2026-03-16,228156.57497025037,0.004780484664795415,0.004780484664795255,919.1986584062834,0.99597119364837,227237.37631184407,2,open
2026-03-17,228774.82984281407,0.0027097832821356693,0.0027097832821357014,919.1986584062834,0.9959820813371916,227855.6311844078,2,open
2026-03-18,231484.37856845127,0.01184373616406531,0.011843736164065095,919.1986584062834,0.9960291114930052,230565.17991004497,2,open
2026-03-19,230700.8688233238,-0.0033847197377760985,-0.0033847197377758482,919.1986584062834,0.9960156255019993,229781.67016491754,2,open
2026-03-20,233022.88831357867,0.010065066083618124,0.010065066083618093,919.1986584062834,0.9960553288775251,232103.6896551724,2,open
2026-03-23,232376.1236958875,-0.0027755411598058277,-0.0027755411598056807,919.1986584062834,0.9960443498076023,231456.92503748124,2,open
2026-03-24,228142.3200976866,-0.018219615384159282,-0.018219615384159383,919.1986584062834,0.9959709419190061,227223.12143928034,2,open
2026-03-25,231880.3590781964,0.016384680312312216,0.01638468031231203,919.1986584062834,0.9960358925522609,230961.1604197901,2,open
2026-03-26,233641.14318614238,0.007593502593085999,0.0075935025930860284,919.1986584062834,0.9960657671595369,232721.9445277361,2,open
2026-03-27,235208.1626763973,0.006706950106841747,0.006706950106841483,919.1986584062834,0.9960919780676535,234288.964017991,2,open
2026-03-30,233518.65293126984,-0.007183040443421662,-0.0071830404434215095,919.1986584062834,0.9960637034906294,232599.45427286357,2,open
2026-03-31,238672.71140203445,0.022071292404558296,0.022071292404558147,919.1986584062834,0.9961487065152668,237753.51274362818,2,open
2026-04-01,242912.31859843625,0.01776326741124734,0.01776326741124747,919.1986584062834,0.9962159240679522,241993.11994002998,2,open
2026-04-02,240542.76212921483,-0.009754780996259815,-0.009441718552441494,1720.1519343122782,0.9928488726117303,238822.61019490255,2,open
2026-04-03,243304.80110972456,0.011482527913377893,0.011482527913377987,1720.1519343122782,0.9929300534701059,241584.64917541228,2,open
2026-04-07,238715.48776639623,-0.01886240354648272,-0.01886240354648263,1720.1519343122782,0.99279413350844,236995.33583208395,2,open
2026-04-08,236080.21340357763,-0.011039394165314631,-0.011039394165314697,1720.1519343122782,0.9927136971391513,234360.06146926535,2,open
2026-04-09,235751.4487858865,-0.0013925970878767568,-0.0013925970878767191,1720.1519343122782,0.9927035361047789,234031.2968515742,2,open
2026-04-10,233780.91955050416,-0.008358503184309196,-0.008358503184309075,1720.1519343122782,0.9926420345269423,232060.76761619188,2,open
2026-04-13,232947.15493281302,-0.0035664357009727032,-0.0035664357009727228,1720.1519343122782,0.9926156988918435,231227.00299850074,2,open
2026-04-14,233797.40980537675,0.0036499903714597437,0.0036499903714597767,1720.1519343122782,0.9926425535007244,232077.25787106447,2,open
2026-04-15,235321.68416819532,0.00651963751047302,0.006519637510473035,1720.1519343122782,0.9926902106773857,233601.53223388304,2,open
2026-04-16,238832.9780212688,0.014921250735923541,0.014921250735923503,1720.1519343122782,0.9927976783249794,237112.8260869565,2,open
2026-04-17,238302.21340357763,-0.002222325501647804,-0.0022223255016476586,1720.1519343122782,0.9927816367722985,236582.06146926535,2,open
2026-04-20,237308.7036584502,-0.004169116731806755,-0.004169116731806805,1720.1519343122782,0.992751416581888,235588.5517241379,2,open
2026-04-21,244061.27187434226,0.028454785314620423,0.028454785314620354,1720.1519343122782,0.9929519668520046,242341.11994002998,2,open
2026-04-22,246048.29136459713,0.008141478059976226,0.00814147805997634,1720.1519343122782,0.9930088848625113,244328.13943028485,2,open
2026-04-23,242494.74263895996,-0.014442484871278749,-0.014442484871278707,1720.1519343122782,0.9929064361742748,240774.59070464768,2,open
2026-04-24,241846.48776639623,-0.002673273925484221,-0.00267327392548418,1720.1519343122782,0.9928874223057819,240126.33583208395,2,open
2026-04-27,241559.9780212688,-0.0011846760636200493,-0.0011846760636200515,1720.1519343122782,0.9928789862111975,239839.8260869565,2,open
2026-04-28,239488.4487858865,-0.008575630997945782,-0.008575630997945845,1720.1519343122782,0.99281739080514,237768.2968515742,2,open
2026-04-29,242511.23289383246,0.012621836766116834,0.012621836766116834,1720.1519343122782,0.9929069185217275,240791.0809595202,2,open
2026-04-30,242367.9780212688,-0.0005907143799247505,-0.0005907143799249522,1720.1519343122782,0.9929027260599528,240647.8260869565,2,open
2026-05-06,242560.7036584502,0.0007951778067170068,0.0007951778067170059,1720.1519343122782,0.9929083651705826,240840.5517241379,2,open
2026-05-07,239592.96967437133,-0.01223501556236306,-0.011939359700789588,765.4374404882838,0.9968052591796471,238827.53223388304,2,open
2026-05-08,238984.71480180763,-0.00253870083663299,-0.0025387008366328494,765.4374404882838,0.9967971280459377,238219.27736131934,2,open
2026-05-11,237600.95018411646,-0.0057901804257177725,-0.0057901804257178375,765.4374404882838,0.9967784748339805,236835.51274362818,2,open
2026-05-12,236592.20505668016,-0.00424554332234206,-0.004245543322341954,765.4374404882838,0.9967647393949225,235826.76761619188,2,open
2026-05-13,238350.9891646262,0.007433821023497655,0.007433821023497648,765.4374404882838,0.9967886122764962,237585.5517241379,2,open
2026-05-14,237387.96967437133,-0.004040341907663447,-0.004040341907663461,765.4374404882838,0.9967755845355675,236622.53223388304,2,open
2026-05-15,240576.24403718993,0.013430648432572134,0.01343064843257216,765.4374404882838,0.9968183166066473,239810.80659670164,2,open
2026-05-18,240784.00865488107,0.0008636123592444811,0.0008636123592447081,765.4374404882838,0.9968210619768134,240018.57121439278,2,open
2026-05-19,241539.2635274448,0.0031366488031447926,0.0031366488031446225,765.4374404882838,0.9968310020105642,240773.8260869565,2,open
2026-05-20,244246.02814513593,0.011206313119289435,0.011206313119289714,765.4374404882838,0.9968661212372574,243480.59070464765,2,open
2026-05-21,240327.96967437133,-0.016041441903965836,-0.016041441903965798,765.4374404882838,0.9968150297215701,239562.53223388304,2,open
2026-05-22,245341.00865488107,0.020859157539183215,0.020859157539183167,765.4374404882838,0.9968801080394798,244575.57121439278,2,open
2026-05-25,245295.28301769966,-0.0001863758424737183,-0.0001863758424737222,765.4374404882838,0.9968795264585946,244529.84557721138,2,open
2026-05-26,247728.30250795456,0.009918737369602582,0.009918737369602453,765.4374404882838,0.9969101736348284,246962.86506746628,2,open
2026-05-27,249826.81225308197,0.008471013299176988,0.008471013299177066,765.4374404882838,0.996936127737511,249061.37481259368,2,open
2026-05-28,248382.28301769966,-0.005782122512610677,-0.005782122512610777,765.4374404882838,0.9969183090227344,247616.84557721138,2,open
2026-05-29,244920.2635274448,-0.01393827066968445,-0.013938270669684448,765.4374404882838,0.9968747484203058,244154.8260869565,2,open
2026-06-01,246197.5378902634,0.005215062014154226,0.005215062014154097,765.4374404882838,0.9968909622450024,245432.1004497751,2,open
2026-06-02,247829.57687077313,0.00662898172944848,0.0066289817294485475,765.4374404882838,0.9969114362774891,247064.13943028485,2,open
2026-06-03,249507.3414884643,0.006769832071197968,0.0067698320711978375,765.4374404882838,0.9969322047362535,248741.90404797602,2,open
2026-06-04,248605.08661590057,-0.0036161455898701123,-0.0036161455898701712,765.4374404882838,0.9969210708802958,247839.64917541228,2,open
2026-06-05,247642.0671256457,-0.003873691819277769,-0.0038736918192777874,765.4374404882838,0.996909097677254,246876.62968515742,2,open
2026-06-08,252923.63534153774,0.021327427432643598,0.02132742743264343,765.4374404882838,0.9969736421056313,252158.19790104945,2,open
2026-06-09,252877.90970435634,-0.00018078831232859471,-0.00018078831232849627,765.4374404882838,0.9969730948765625,252112.47226386805,2,open
2026-06-10,256339.9291946112,0.013690478121645144,0.013690478121645202,765.4374404882838,0.9970139749866781,255574.49175412292,2,open
2026-06-11,259147.96817512097,0.010954356542627997,0.010954356542627816,765.4374404882838,0.9970463305351056,258382.5307346327,2,open
2026-06-12,257662.9291946112,-0.00573046738883265,-0.005730467388832589,765.4374404882838,0.9970293070761834,256897.49175412292,2,open
2026-06-15,261727.98766537584,0.01577665240192272,0.015776652401922744,765.4374404882838,0.9970754467364533,260962.55022488756,2,open
2026-06-16,254053.90970435634,-0.029320815207699358,-0.0293208152076994,765.4374404882838,0.9969871062351332,253288.47226386805,2,open
2026-06-17,251433.38046897404,-0.010314854978739851,-0.010314854978739813,765.4374404882838,0.9969557047713371,250667.94302848575,2,open
2026-06-18,247956.32199820943,-0.013828945322531094,-0.013828945322531157,765.4374404882838,0.996913015024905,247190.88455772115,2,open
2026-06-22,242674.75378231736,-0.021300397478593913,-0.02130039747859378,765.4374404882838,0.9968458299491059,241909.31634182908,2,open
2026-06-23,246232.83174333686,0.014661920556479302,0.014661920556479071,765.4374404882838,0.9968914078798146,245467.39430284858,2,open
2026-06-24,251950.18406717494,0.023219293232990212,0.023219293232990292,765.4374404882838,0.9969619492705581,251184.74662668665,2,open
2026-06-25,243358.81225308197,-0.03409948615795544,-0.034099486157955466,765.4374404882838,0.9968546960210659,242593.37481259368,2,open
2026-06-26,241813.00865488107,-0.006351952427320895,-0.006351952427320763,765.4374404882838,0.9968345894840557,241047.57121439278,2,open
2026-06-29,239673.9891646262,-0.008845758555974581,-0.008845758555974581,765.4374404882838,0.9968063391310997,238908.5517241379,2,open
2026-06-30,240723.24403718993,0.004377842068807203,0.004377842068807064,765.4374404882838,0.9968202595326855,239957.80659670164,2,open
2026-07-01,236277.95018411646,-0.01846640888732254,-0.018466408887322518,765.4374404882838,0.9967604364271324,235512.51274362818,2,open
2026-07-02,236404.69531155276,0.0005364238488505535,0.0005364238488505332,765.4374404882838,0.9967621732746064,235639.25787106447,2,open
2026-07-03,234625.65633104302,-0.0075253961354920795,-0.007525396135492132,765.4374404882838,0.9967376225922697,233860.21889055474,2,open
2026-07-06,231898.63684078812,-0.011622852900653124,-0.011622852900653046,765.4374404882838,0.99669925856005,231133.19940029984,2,open
2026-07-07,236784.9306938616,0.02107081749009243,0.021070817490092465,765.4374404882838,0.9967673726607293,236019.4932533733,2,open
2026-07-08,242213.49890975363,0.02292615581567814,0.022926155815678202,765.4374404882838,0.9968398233627207,241448.06146926535,2,open
2026-07-09,245102.55738051826,0.01192773517483059,0.011927735174830428,765.4374404882838,0.996877072811199,244337.11994002998,2,open
2026-07-10,242922.85338191772,-0.00889302837920447,-0.008893028379204472,765.4374404882838,0.9968490513353024,242157.41594142944,2,open
2026-07-13,246460.6856212401,0.014563604000485952,0.0145636040004861,765.4374404882838,0.9968942817855152,245695.2481807518,2,open
2026-07-14,251768.14718054442,0.02153471879673674,0.021534718796736563,765.4374404882838,0.9969597526571168,251002.70974005613,2,open
2026-07-15,247722.94553823696,-0.016067170083301385,-0.016067170083301358,765.4374404882838,0.9969101068178194,246957.50809774868,2,open
2026-07-16,251168.18617910004,0.013907636345020347,0.013907636345020291,765.4374404882838,0.9969524904720916,250402.74873861176,2,open
2026-07-17,246202.26372992332,-0.019771303542542085,-0.019771303542542154,765.4374404882838,0.9968910219228205,245436.82628943503,2,open
2026-07-20,251551.28389863306,0.02172612098553839,0.021726120985538368,765.4374404882838,0.9969571316487627,250785.84645814478,2,open
2026-07-21,260283.20679409776,0.03471229707173107,0.03471229707173103,765.4374404882838,0.997059213116681,259517.76935360947,2,open
2026-07-22,252326.5495725834,-0.03056923003030554,-0.0305692300303054,765.4374404882838,0.9969664807695232,251561.11213209512,2,open
2026-07-23,253330.38759826348,0.003978328984328039,0.003978328984328047,765.4374404882838,0.9969785012854355,252564.9501577752,2,open
2026-07-24,256646.41729346817,0.013089743108368523,0.013089743108368364,765.4374404882838,0.9970175409087709,255880.9798529799,2,open
2026-07-27,257329.49551372338,0.0026615536949972096,0.002661553694997088,765.4374404882838,0.9970254578125209,256564.0580732351,2,open
2026-07-28,260029.32002022312,0.01049170248093767,0.010491702480937625,765.4374404882838,0.9970563417985758,259263.88257973484,2,open
2026-07-29,264224.51191289164,0.016133534065859267,0.016133534065859437,765.4374404882838,0.9971030793663057,263459.0744724034,2,open
2026-07-30,262196.0565568288,-0.0076770142988534795,-0.007677014298853636,765.4374404882838,0.997080667609803,261430.6191163405,2,open
2026-07-31,262708.3652220202,0.0019539144559193034,0.0019539144559191143,765.4374404882838,0.9970863606119226,261942.92778153188,2,open
2026-08-03,263416.7578644203,0.002696498232180211,0.0026964982321800394,765.4374404882838,0.9970941961069831,262651.320423932,2,open
2026-08-04,257210.06353823136,-0.023562260717609695,-0.022933881173037,410.1056663007039,0.9984055613506749,256799.95787193064,2,open
2026-08-05,250940.26828064828,-0.0243761662017985,-0.02437616620179847,410.1056663007039,0.9983657239664618,250530.1626143476,2,open
2026-08-06,248420.35602739843,-0.010041880765153222,-0.010041880765153412,410.1056663007039,0.9983491462903488,248010.25036109771,2,open
2026-08-07,248740.3267784817,0.0012880214657127187,0.001288021465712698,410.1056663007039,0.9983512698901215,248330.221112181,2,open
2026-08-10,247470.37552667625,-0.005105530205950282,-0.0051055302059503215,410.1056663007039,0.9983428090516777,247060.26986037553,2,open
2026-08-11,249810.24878137046,0.00945516508678823,0.009455165086788567,410.1056663007039,0.9983583313002518,249400.14311506978,2,open
2026-08-12,251810.16103462037,0.008005725397600472,0.008005725397600298,410.1056663007039,0.9983713696674681,251400.05536831965,2,open
2026-08-13,250190.1902835371,-0.006433301755684795,-0.00643330175568473,410.1056663007039,0.9983608243559192,249780.08461723637,2,open
2026-08-14,251870.13178570365,0.00671465775801483,0.006714657758014917,410.1056663007039,0.998371757447407,251460.02611940296,2,open
2026-08-17,251700.15128498146,-0.0006748735926608296,-0.0006748735926609673,410.1056663007039,0.9983706578474149,251290.04561868077,2,open
2026-08-18,253070.05378859246,0.005442597060897114,0.005442597060896981,410.1056663007039,0.9983794776973363,252659.94812229174,2,open
2026-08-19,257829.8880447311,0.01880836624042015,0.018808366240420177,410.1056663007039,0.9984093943901898,257419.78237843042,2,open
2026-08-20,257899.91729364783,0.0002716102832289735,0.00027161028322882086,410.1056663007039,0.9984098262977193,257489.8116273471,2,open
2026-08-21,259549.81004761992,0.006397414823881009,0.006397414823881187,410.1056663007039,0.9984199346313315,259139.7043813192,2,open
2026-08-24,258329.89779437002,-0.004700108441713313,-0.004700108441713251,410.1056663007039,0.998412473082666,257919.79212806933,2,open
2026-08-25,263559.69305195304,0.02024463796964726,0.020244637969647365,410.1056663007039,0.998443974260435,263149.58738565235,2,open
2026-08-26,262459.72230086976,-0.004173516588769299,-0.004173516588769271,410.1056663007039,0.9984374529443776,262049.61663456907,2,open
2026-08-27,262269.7515497865,-0.0007238091598127383,-0.0007238091598129209,410.1056663007039,0.9984363211392951,261859.64588348576,2,open
2026-08-28,259769.82954689767,-0.009531873150130488,-0.009531873150130422,410.1056663007039,0.9984212729129629,259359.72388059698,2,open
2026-08-31,264399.6638030364,0.017822832867905758,0.01782283286790569,410.1056663007039,0.9984489175954241,263989.5581367357,2,open
2026-09-01,268569.46881025826,0.015770840806848208,0.015770840806848388,410.1056663007039,0.99847299967447,268159.36314395757,2,open
2026-09-02,273105.3043750152,0.016888872681062095,0.017871781100523614,478.1264741967025,0.9982492962731321,272627.17790081847,2,open
2026-09-03,272762.31412465405,-0.00125589010856475,-0.0012558901085645117,478.1264741967025,0.9982470948168516,272284.1876504574,2,open
2026-09-04,267373.4603692376,-0.01975659200835833,-0.019756592008358387,478.1264741967025,0.9982117653953523,266895.3338950409,2,open
2026-09-07,270163.40187140414,0.01043462390887151,0.010434623908871654,478.1264741967025,0.9982302322561653,269685.2753972075,2,open
2026-09-08,262649.73335912684,-0.027811570554081788,-0.02781157055408186,478.1264741967025,0.9981796041896493,262171.60688493017,2,open
2026-09-09,261574.74310876578,-0.004092866330426492,-0.004092866330426579,478.1264741967025,0.9981721229331462,261096.61663456907,2,open
2026-09-10,265361.53836634883,0.014476914753227765,0.014476914753227814,478.1264741967025,0.9981982073320036,264883.4118921521,2,open
2026-09-11,269134.4311203209,0.01421793368096691,0.01421793368096685,478.1264741967025,0.9982234659749537,268656.3046461242,2,open
2026-09-14,269926.3531232097,0.0029424774808344267,0.0029424774808346384,478.1264741967025,0.9982286780499033,269448.226649013,2,open
2026-09-15,272327.2848757374,0.008894766015794753,0.008894766015794447,478.1264741967025,0.9982442946382882,271849.15840154066,2,open
2026-09-16,268441.4993677932,-0.014268807144011464,-0.014268807144011311,478.1264741967025,0.9982188801831211,267963.37289359653,2,open
2026-09-17,267550.5871145433,-0.0033188320559529583,-0.0033188320559528416,478.1264741967025,0.9982129492618457,267072.46064034663,2,open
2026-09-18,267603.55786562664,0.0001979840584713788,0.000197984058471093,478.1264741967025,0.9982133029993688,267125.4313914299,2,open
2026-09-21,266178.62611309893,-0.005324786276732607,-0.005324786276732427,478.1264741967025,0.9982037382896645,265700.49963890226,2,open
2026-09-22,269219.518867071,0.011424255953143447,0.01142425595314318,478.1264741967025,0.998224027454589,268741.39239287435,2,open
2026-09-23,269806.50911743206,0.0021803406113762858,0.002180340611376528,478.1264741967025,0.9982278912552529,269328.3826432354,2,open
2026-09-24,270411.050528091,0.00224064798375867,0.0033020413635095475,270411.050528091,0.0,0.0,0,close_exit
