tree
version=v4
num_class=1
num_tree_per_iteration=1
label_index=0
max_feature_idx=7
objective=lambdarank
feature_names=Column_0 Column_1 Column_2 Column_3 Column_4 Column_5 Column_6 Column_7
feature_infos=[-2.8707199096679688:1.3665225505828857] [-1.3829426765441895:2.5005612373352051] [-1.2473015785217285:2.8120923042297363] [-2.4748332500457764:2.6832125186920166] [0:1] [0:1] [0:1] [0:1]
tree_sizes=895 902 905 902 789 900 886 885 774 902 882 905 903 892 895 899 884 904 908 906 904 788 907 909 884 800 906 907 891 892 904 860 799 904 909 795 868 899 901 912 901 894 860 901 903 797 871 884 891 903 889 894 881 880 670 900 902 898 907 909 905 907 687 796 902 692 900 863 689 693 911 887 669 692 898 872 776 912 903 697 907 892 878 901 887 891 896 902 904 901 907 881 899 669 888 675 910 692 908 902 881 909 907 896 868 869 694 906 904 910 898 883 908 904 886 892 876 695 905 904 869 880 905 868 909 903 892 907 690 797 845 879 671 896 901 660 900 889 882 672 888 898 899 878 800 693 851 690 903 903 672 895 897 902 882 907 888 884 905 694 859 911 907 883 912 897 883 679 867 904 866 886 886 894 589 882 887 783 721 778

Tree=0
num_leaves=7
num_cat=0
split_feature=0 2 0 3 2 3
split_gain=3.79211 2.5764 1.52361 1.1511 0.699754 0.323429
threshold=-1.4744830131530759 0.28656636178493505 -2.3065364360809322 0.66255709528923046 -0.028742968104779717 -1.1424598693847654
decision_type=2 2 2 2 2 2
left_child=2 3 5 -2 -4 -1
right_child=1 -3 4 -5 -6 -7
leaf_value=-0.0010195234739956312 0.0051714531147227768 -0.0036117192153878705 -0.00096540525340276797 -0.00077194119989357603 -0.0062056423579317345 0.0019963428404625051
leaf_weight=35.821191245689988 132.98439898528159 22.71349517442286 81.524295631796122 10.083537492901085 86.646636439487338 38.479646913707256
leaf_count=324 1565 267 968 114 984 437
internal_value=-0.000481792 0.00265721 -0.00289551 0.00434131 -0.0043568 0
internal_weight=408.253 165.781 242.472 143.068 168.171 74.3008
internal_count=4659 1946 2713 1679 1952 761
is_linear=0
shrinkage=0.03


Tree=1
num_leaves=7
num_cat=0
split_feature=2 7 2 3 5 3
split_gain=36.1171 24.6911 38.5247 24.6739 18.0236 12.7712
threshold=0.18958013504743579 1.0000000180025095e-35 -0.42085476219654078 -1.4961110353469846 1.0000000180025095e-35 -1.0990222096443174
decision_type=2 2 2 2 2 2
left_child=1 3 -3 -1 5 -2
right_child=4 2 -4 -5 -6 -7
leaf_value=-0.0062554584693017496 0.0026251760466927034 -0.013599643504954531 0.0097766686180694954 0.0019571216005719993 -0.014233287568001862 -0.0065298799664844859
leaf_weight=409.70201992988586 205.38004118576646 52.34931768104434 514.42529430612922 1387.7017604112625 161.38270459696651 316.60891490615904
leaf_count=583 332 81 808 2067 269 497
internal_value=2.84886e-09 0.00178176 0.00712535 3.88487e-06 -0.00595421 -0.00285311
internal_weight=3047.55 2364.18 566.775 1797.4 683.372 521.989
internal_count=4637 3539 889 2650 1098 829
is_linear=0
shrinkage=0.03


Tree=2
num_leaves=7
num_cat=0
split_feature=0 1 2 5 1 7
split_gain=51.9184 39.9193 24.5423 38.4708 15.6104 6.3969
threshold=-1.4744830131530759 0.37327674031257635 0.030471175909042362 1.0000000180025095e-35 -0.37612149119377131 1.0000000180025095e-35
decision_type=2 2 2 2 2 2
left_child=2 4 5 -4 -2 -1
right_child=1 -3 3 -5 -6 -7
leaf_value=-0.0017105674348145169 -0.0038681834857711289 -0.011671501050757269 -0.0030620024506826894 -0.01943621096071416 0.0073039154634762351 0.0035486909787732423
leaf_weight=723.82075320184231 105.30088430643082 102.71481880545616 504.04682843387127 164.87099903821945 1107.851691827178 267.26406744122505
leaf_count=1277 165 161 829 350 1583 316
internal_value=0.000210293 0.00464176 -0.00328021 -0.00763201 0.00623852 -0.000190829
internal_weight=2975.87 1315.87 1660 668.918 1213.15 991.085
internal_count=4681 1909 2772 1179 1748 1593
is_linear=0
shrinkage=0.03


Tree=3
num_leaves=7
num_cat=0
split_feature=2 7 2 3 1 1
split_gain=39.4233 20.3222 20.1236 17.8339 9.08006 20.6174
threshold=0.15002587437629702 1.0000000180025095e-35 -0.38203567266464228 -1.5464038848876951 0.12141040340065958 0.046269042417407043
decision_type=2 2 2 2 2 2
left_child=1 3 -3 -1 5 -2
right_child=4 2 -4 -5 -6 -7
leaf_value=-0.0064683099477677785 -0.0072894293443359313 -0.0073789319329934022 0.0087637173107180978 0.0019355096944006754 -0.0078334804158274752 0.0107306626263754
leaf_weight=256.79440689086914 126.42846378684044 59.828759893774986 544.14700874686241 1230.7352728247643 506.79175064712763 73.576745077967644
leaf_count=530 215 107 709 2033 926 130
internal_value=0.000239697 0.00233264 0.00688324 0.000378379 -0.00576482 -1.47245e-05
internal_weight=2798.3 2091.51 603.976 1487.53 706.797 200.005
internal_count=4650 3379 816 2563 1271 345
is_linear=0
shrinkage=0.03


Tree=4
num_leaves=6
num_cat=0
split_feature=1 3 3 2 3
split_gain=23.1252 16.4117 13.0358 8.95413 3.32667
threshold=0.37327674031257635 0.66255709528923046 -1.5965417027473447 0.11786727607250215 -1.2145074009895322
decision_type=2 2 2 2 2
left_child=1 2 -1 -3 -2
right_child=4 3 -4 -5 -6
leaf_value=-0.0023100112919982011 -0.0015796550388674985 -0.010048167163636252 0.0031376366680884479 0.0029201105340341113 -0.010910154174341279
leaf_weight=479.33713938295841 73.175578154623508 149.66181199252605 1761.6012899130583 47.54274794459343 151.58662433922291
leaf_count=884 121 239 2963 96 320
internal_value=0.000272005 0.00116714 0.00193572 -0.00666449 -0.00849486
internal_weight=2662.91 2438.14 2240.94 197.205 224.762
internal_count=4623 4182 3847 335 441
is_linear=0
shrinkage=0.03


Tree=5
num_leaves=7
num_cat=0
split_feature=0 1 1 3 3 3
split_gain=41.0279 16.7107 16.0384 18.0518 11.0614 6.81799
threshold=-1.5563972592353819 -0.4523280262947082 0.20123754441738131 -1.5871195197105405 0.030338943004608158 -1.2481997013092039
decision_type=2 2 2 2 2 2
left_child=1 -1 3 -2 -3 -4
right_child=2 4 5 -5 -6 -7
leaf_value=0.0069572132539699348 -0.0019307161813582564 -0.0030492223804558312 0.0033824311191805478 0.0072285163169958132 -0.010001662670034163 -0.0062766002119918896
leaf_weight=98.738528594374657 228.19519020617008 980.5435293763876 76.969574972987175 841.21960070729256 273.05242270231247 166.87047290802002
leaf_count=167 385 1865 126 1291 543 313
internal_value=-9.47929e-05 -0.00375696 0.00363113 0.00521945 -0.00474396 -0.00297498
internal_weight=2665.59 1352.33 1313.25 1069.41 1253.6 243.84
internal_count=4690 2575 2115 1676 2408 439
is_linear=0
shrinkage=0.03


Tree=6
num_leaves=7
num_cat=0
split_feature=0 2 0 3 3 3
split_gain=31.9636 21.5481 14.0616 13.1961 12.6949 9.60235
threshold=-1.4744830131530759 0.09398935362696649 -0.94037958979606617 -0.58830410242080677 -1.1523764133453367 -1.0990222096443174
decision_type=2 2 2 2 2 2
left_child=1 4 5 -4 -1 -2
right_child=2 -3 3 -5 -6 -7
leaf_value=-0.0046472085074313963 0.01064971195092052 -0.0082769500730383878 0.0035663275357462974 -0.0060399793236981794 0.0023573289223380637 0.003135844114890944
leaf_weight=352.33324825763702 284.09775353223085 428.02960275113583 320.86041098833084 186.71290332078934 597.55143289268017 424.72525629401207
leaf_count=704 464 951 497 301 1113 659
internal_value=0.000236148 -0.00284914 0.0037692 0 -0.0002212 0.00643934
internal_weight=2594.31 1377.91 1216.4 507.573 949.885 708.823
internal_count=4689 2768 1921 798 1817 1123
is_linear=0
shrinkage=0.03


Tree=7
num_leaves=7
num_cat=0
split_feature=0 1 7 0 0 2
split_gain=30.1064 17.9225 16.8423 10.2777 9.04589 4.96652
threshold=-1.5307230949401853 0.26724575459957128 1.0000000180025095e-35 -1.8121328353881834 -2.3147352933883663 0.24049400538206103
decision_type=2 2 2 2 2 2
left_child=2 -2 4 -4 -1 -3
right_child=1 5 3 -5 -6 -7
leaf_value=-0.00099958632302035006 0.0041370778823850334 0 0.0061539667745892897 -0.0044144048548728776 -0.0077393662221246625 -0.0097816251221978963
leaf_weight=284.66012708097696 1106.101295158267 67.735196769237518 193.57123455405235 111.40191313624382 641.90774527192116 94.148616604506969
leaf_count=612 1734 112 330 176 1425 203
internal_value=-0.000467367 0.00272945 -0.00379774 0.00207478 -0.00579703 -0.00595589
internal_weight=2499.53 1267.99 1231.54 304.973 926.568 161.884
internal_count=4592 2049 2543 506 2037 315
is_linear=0
shrinkage=0.03


Tree=8
num_leaves=6
num_cat=0
split_feature=1 2 2 2 7
split_gain=15.0538 16.2648 15.1748 11.3388 2.75115
threshold=0.37327674031257635 -0.37639430165290827 -0.34232164919376368 -0.48330967128276819 1.0000000180025095e-35
decision_type=2 2 2 2 2
left_child=1 3 -3 -1 -2
right_child=4 2 -4 -5 -6
leaf_value=0 -0.0093934214081413461 0.015702805864475086 0.0014502851236016352 -0.01245647122023132 -0.0006337340871530446
leaf_weight=123.64172805845737 133.83182072639465 51.237086102366447 1970.5886729508638 105.48179753869772 64.364811658859253
leaf_count=234 322 88 3668 199 120
internal_value=0.000351455 0.00109481 0.00199113 -0.00609849 -0.00714251
internal_weight=2449.15 2250.95 2021.83 229.124 198.197
internal_count=4631 4189 3756 433 442
is_linear=0
shrinkage=0.03


Tree=9
num_leaves=7
num_cat=0
split_feature=0 3 3 0 3 3
split_gain=15.4703 16.2912 27.6564 11.5469 8.09958 24.164
threshold=-1.4744830131530759 -1.1424598693847654 0.043976781889796264 -1.7973635792732237 -1.5871195197105405 -1.0990222096443174
decision_type=2 2 2 2 2 2
left_child=1 3 -3 -1 -2 -6
right_child=4 2 -4 -5 5 -7
leaf_value=-0.0032248537201750504 -0.0020847410773049396 0.0043265787223768044 -0.0071742932143696193 -0.013782767125853577 0.011614609933727701 0.00060247106399555119
leaf_weight=352.33803930133581 262.27632750570774 512.07573837786913 270.67610883712769 131.47653583437204 231.27648557722569 681.19934083521366
leaf_count=766 442 1070 612 267 370 1132
internal_value=-0.000129756 -0.00243425 0.000195169 -0.0066463 0.00230379 0.00364721
internal_weight=2441.32 1266.57 782.752 483.815 1174.75 912.476
internal_count=4659 2715 1682 1033 1944 1502
is_linear=0
shrinkage=0.03


Tree=10
num_leaves=7
num_cat=0
split_feature=1 3 3 3 3 3
split_gain=14.3839 11.8331 15.8121 15.0077 5.82893 6.47171
threshold=0.24794645607471469 -1.5871195197105405 -1.8260886073112486 -0.5074591040611266 -1.1248093843460081 0.061830773949623115
decision_type=2 2 2 2 2 2
left_child=1 2 -1 -3 -2 -6
right_child=4 3 -4 -5 5 -7
leaf_value=0.0016179013668076291 0 0.0048984138834414276 -0.0098438986418552601 -0.00085508595854057146 -0.011009650944817395 -0.00017346981461265531
leaf_weight=232.55507126450539 145.57304812967777 904.03839641064405 165.54745560139418 694.13815866410732 154.22790137678385 86.379680030047894
leaf_count=486 278 1629 351 1333 354 217
internal_value=0.000148691 0.00120904 -0.00324777 0.00238273 -0.0049745 -0.00766149
internal_weight=2382.46 1996.28 398.103 1598.18 386.181 240.608
internal_count=4648 3799 837 2962 849 571
is_linear=0
shrinkage=0.03


Tree=11
num_leaves=7
num_cat=0
split_feature=0 2 7 2 5 3
split_gain=25.8481 14.4481 19.4055 10.8227 20.4525 9.52411
threshold=-1.4744830131530759 0.18958013504743579 1.0000000180025095e-35 0.030471175909042362 1.0000000180025095e-35 -1.0907334089279173
decision_type=2 2 2 2 2 2
left_child=3 -2 -3 5 -5 -1
right_child=1 2 -4 4 -6 -7
leaf_value=-0.0048732502998050349 0.0047916966020004025 -0.0097698417527076701 0.0064803835045755499 -0.0025867074477269819 -0.016691537324665703 0.0018243690709211021
leaf_weight=291.00534972548485 904.94518525898457 142.7411448135972 89.508736163377762 375.44076116383076 114.5648250207305 463.68534567952156
leaf_count=668 1500 290 156 813 355 908
internal_value=-0.000145889 0.00306928 -0.00325192 -0.0031329 -0.00652735 -0.000739891
internal_weight=2381.89 1137.2 232.25 1244.7 490.006 754.691
internal_count=4690 1946 446 2744 1168 1576
is_linear=0
shrinkage=0.03


Tree=12
num_leaves=7
num_cat=0
split_feature=7 2 0 0 0 0
split_gain=22.3771 15.3714 15.749 15.144 14.8111 14.1764
threshold=1.0000000180025095e-35 -0.4153394997119903 -0.47106426954269404 -1.5683609247207639 -2.3065364360809322 -1.4242801666259763
decision_type=2 2 2 2 2 2
left_child=3 -2 -3 4 -1 -5
right_child=1 2 -4 5 -6 -7
leaf_value=0.0011199920016715158 -0.0087985351898037002 0.00795814364090453 -0.0061153142327590787 0.0095300312288210242 -0.0069781802971933616 -0.00028903288464220958
leaf_weight=292.09845642000437 45.644666701555252 578.41019116342068 61.547859668731689 141.60884840041399 543.77594735473394 668.76759734749794
leaf_count=674 91 982 101 288 1346 1193
internal_value=0.000562299 0.00505379 0.00636941 -0.00131044 -0.00411811 0.00154275
internal_weight=2331.85 685.603 639.958 1646.25 835.874 810.376
internal_count=4675 1174 1083 3501 2020 1481
is_linear=0
shrinkage=0.03


Tree=13
num_leaves=7
num_cat=0
split_feature=0 2 5 3 2 3
split_gain=20.9156 11.2284 16.0342 13.0956 7.08401 10.2951
threshold=-1.4744830131530759 0.030471175909042362 1.0000000180025095e-35 -1.1338856220245359 0.29067805409431463 -1.083262503147125
decision_type=2 2 2 2 2 2
left_child=1 3 -3 -1 -2 -6
right_child=4 2 -4 -5 5 -7
leaf_value=-0.005037902839345576 0.0042811239175224855 -0.0024775810599892488 -0.015841427624906954 0.0030949406505427555 0.0054912468197359206 -0.0097331455742627783
leaf_weight=264.72529152035713 957.59108640253544 369.58737507462502 94.059625305235386 456.01116048544645 51.241596281528473 67.158608421683311
leaf_count=646 1666 823 343 918 100 154
internal_value=0.000383609 -0.00231927 -0.00585572 0 0.00340155 -0.00286938
internal_weight=2260.37 1184.38 463.647 720.736 1075.99 118.4
internal_count=4650 2730 1166 1564 1920 254
is_linear=0
shrinkage=0.03


Tree=14
num_leaves=7
num_cat=0
split_feature=7 2 3 3 1 1
split_gain=18.4286 14.6603 14.5065 12.204 7.92071 7.58249
threshold=1.0000000180025095e-35 0.29067805409431463 -1.1523764133453367 0.49912735819816595 0.17360088974237445 -0.036775341257452958
decision_type=2 2 2 2 2 2
left_child=2 4 5 -4 -2 -1
right_child=1 -3 3 -5 -6 -7
leaf_value=-0.0017065588296715339 0.0073925206893665227 -0.006181041335506187 0.0015448875284699475 -0.0064533714421397921 -0.0011382151008563319 -0.0097010719911081872
leaf_weight=233.29213862121105 475.12083242088556 87.051057264208794 899.51205461472273 191.04015415906906 101.51840491592884 243.10493497923017
leaf_count=567 815 155 1917 439 178 575
internal_value=-8.25746e-05 0.00400794 -0.00188162 0 0.0058023 -0.00613351
internal_weight=2230.64 663.69 1566.95 1090.55 576.639 476.397
internal_count=4646 1148 3498 2356 993 1142
is_linear=0
shrinkage=0.03


Tree=15
num_leaves=7
num_cat=0
split_feature=2 2 1 0 0 7
split_gain=19.2942 9.20678 14.439 8.57538 7.07484 3.2402
threshold=0.16903953254222873 -0.37639430165290827 -0.18479858338832852 -2.2812517881393428 -1.2126044034957884 1.0000000180025095e-35
decision_type=2 2 2 2 2 2
left_child=1 3 -3 -1 -2 -6
right_child=4 2 -4 -5 5 -7
leaf_value=0.0056816432425880053 -0.0069006982510605979 0.0077928777531914382 0.0010590057048318084 -0.0069718305218259445 -0.0031379429443198731 0.0043951873889915742
leaf_weight=44.581880286335945 335.21513000875711 384.979781255126 1106.0503777787089 154.2755533233285 82.966856263577938 79.279882535338402
leaf_count=97 840 773 2247 329 195 141
internal_value=0.000526596 0.00208222 0.00291751 -0.00360092 -0.00451817 0.000292184
internal_weight=2187.35 1689.89 1491.03 198.857 497.462 162.247
internal_count=4622 3446 3020 426 1176 336
is_linear=0
shrinkage=0.03


Tree=16
num_leaves=7
num_cat=0
split_feature=2 0 7 2 0 4
split_gain=16.2507 6.84084 13.4203 5.52181 4.24729 6.71046
threshold=0.172770731151104 -1.5307230949401853 1.0000000180025095e-35 -0.37639430165290827 -1.2126044034957884 1.0000000180025095e-35
decision_type=2 2 2 2 2 2
left_child=1 2 -1 -3 5 -2
right_child=4 3 -4 -5 -6 -7
leaf_value=-0.0028834408614712911 -0.0094248235703130508 -0.003418212883811503 0.0055546269734099646 0.0039610597676229741 -0.00049198394438597988 0
leaf_weight=615.84088688343763 222.92639194056392 78.833361610770226 209.62980826944113 780.02971018850803 167.36206041276455 89.07362224906683
leaf_count=1535 587 159 375 1388 342 233
internal_value=-6.88221e-05 0.00129859 -0.000588905 0.00315309 -0.00485323 -0.00684138
internal_weight=2163.7 1684.33 825.471 858.863 479.362 312
internal_count=4619 3457 1910 1547 1162 820
is_linear=0
shrinkage=0.03


Tree=17
num_leaves=7
num_cat=0
split_feature=3 2 2 0 0 0
split_gain=14.885 19.5766 10.2156 9.93459 9.60983 6.03857
threshold=-1.5666255354881284 0.019736572168767456 0.0058212538715451964 -1.8592043519020078 -1.6931572556495664 -1.1300241351127622
decision_type=2 2 2 2 2 2
left_child=2 4 5 -3 -2 -1
right_child=1 3 -4 -5 -6 -7
leaf_value=-0.0036172638285075893 0.00088496612312209005 -0.0067814830989371159 0.00055546943139141982 0.00054324802521399861 0.0070065356436878308 -0.014528480742994929
leaf_weight=167.99190904945135 426.82240949571133 228.40759253874421 205.42164542898536 460.19071687012911 577.77077226340771 75.376078173518181
leaf_count=434 931 639 456 995 1062 139
internal_value=0.000564087 0.00187954 -0.00413932 -0.00192452 0.00453226 -0.00807116
internal_weight=2141.98 1693.19 448.79 688.598 1004.59 243.368
internal_count=4656 3627 1029 1634 1993 573
is_linear=0
shrinkage=0.03


Tree=18
num_leaves=7
num_cat=0
split_feature=0 0 4 1 7 0
split_gain=13.2291 9.08155 7.72548 7.33543 5.87772 13.9701
threshold=-1.4744830131530759 -0.97662916779518116 1.0000000180025095e-35 -0.37612149119377131 1.0000000180025095e-35 -1.8121328353881834
decision_type=2 2 2 2 2 2
left_child=4 3 -3 -2 -1 -6
right_child=1 2 -4 -5 5 -7
leaf_value=-0.0030126710559197512 -0.0039612529038491676 0.0016178966714025956 -0.0080847871183135529 0.0066627977431898385 0.0070501139096071442 -0.0055130983766977035
leaf_weight=828.67219992727041 45.411111876368523 381.46312224119902 70.309495240449905 492.46128653734922 170.23869683593512 114.22239478677511
leaf_count=2208 90 689 165 939 322 213
internal_value=0.000470686 0.00298591 -4.36804e-05 0.00554843 -0.00172579 0.00177764
internal_weight=2102.78 989.645 451.773 537.872 1113.13 284.461
internal_count=4626 1883 854 1029 2743 535
is_linear=0
shrinkage=0.03


Tree=19
num_leaves=7
num_cat=0
split_feature=2 3 3 3 3 4
split_gain=11.1553 8.27391 9.99645 4.96856 4.89701 9.34138
threshold=0.18958013504743579 -1.5352584719657896 -0.19653937965631482 -1.6517592072486875 -1.3462581038475034 1.0000000180025095e-35
decision_type=2 2 2 2 2 2
left_child=1 3 -3 -1 -2 -6
right_child=4 2 -4 -5 5 -7
leaf_value=-0.0003675045837655036 0.00049345631604691474 0.0042108256861578472 -0.0011407038496643596 -0.0084958322143532314 -0.0085348418776695339 0.0032599241226740367
leaf_weight=279.23299513012171 122.09930615872145 857.88688442856073 454.88292534649372 78.652729205787182 248.63419928774238 57.931050136685371
leaf_count=692 268 1735 984 185 653 162
internal_value=5.57915e-05 0.00119884 0.00232218 -0.00266776 -0.00412019 -0.00605913
internal_weight=2099.32 1670.66 1312.77 357.886 428.665 306.565
internal_count=4679 3596 2719 877 1083 815
is_linear=0
shrinkage=0.03


Tree=20
num_leaves=7
num_cat=0
split_feature=2 3 3 5 0 0
split_gain=13.2615 14.5862 20.2667 11.6173 5.0339 5.03181
threshold=0.028356108814477924 -0.19653937965631482 -1.5871195197105405 1.0000000180025095e-35 -2.2966006994247432 -1.4704480171203611
decision_type=2 2 2 2 2 2
left_child=1 2 -1 -2 -3 -5
right_child=3 4 -4 5 -6 -7
leaf_value=-0.0029331284176860755 -0.00064935751946229212 0.0043584925046348116 0.0069618822409563547 -0.01352829092037996 -0.0044399638791259967 -0.0010063900182717207
leaf_weight=232.81075287610292 683.35284274071455 48.975504100322723 667.01910199970007 88.933059003204107 283.67389870434999 59.117474116384983
leaf_count=589 1519 113 1328 363 587 133
internal_value=0.000356891 0.00234235 0.00432843 -0.00250179 -0.00280072 -0.0096001
internal_weight=2063.88 1232.48 899.83 831.403 332.649 148.051
internal_count=4632 2617 1917 2015 700 496
is_linear=0
shrinkage=0.03


Tree=21
num_leaves=6
num_cat=0
split_feature=2 0 3 3 1
split_gain=13.9674 11.605 8.79736 7.11211 1.79626
threshold=0.5403062403202058 -1.4744830131530759 -1.5871195197105405 -1.1523764133453367 0.4731366783380509
decision_type=2 2 2 2 2
left_child=1 3 -3 -1 -2
right_child=4 2 -4 -5 -6
leaf_value=-0.0046239993023779302 -0.0015305665459239644 -0.0021092901716657526 0.0046004702816205816 0.00042124420524033957 -0.014158233502218396
leaf_weight=369.59367864206433 32.570070378482342 200.35279983282089 761.23430037498474 650.079135812819 44.624940846115351
leaf_count=979 83 426 1460 1601 121
internal_value=0.000209101 0.000774534 0.00312683 -0.00140353 -0.010859
internal_weight=2058.45 1981.26 961.587 1019.67 77.195
internal_count=4670 4466 1886 2580 204
is_linear=0
shrinkage=0.03


Tree=22
num_leaves=7
num_cat=0
split_feature=7 3 3 3 1 1
split_gain=12.9459 17.2464 11.0856 9.47528 7.67818 7.22775
threshold=1.0000000180025095e-35 -0.85056826472282399 -1.0782713294029234 -1.5666255354881284 0.17360088974237445 -0.055220967158675187
decision_type=2 2 2 2 2 2
left_child=2 3 5 -2 -3 -1
right_child=1 4 -4 -5 -6 -7
leaf_value=-0.00028250652259212888 0.0020998765804798726 0.00098986291806740052 0.00097528296857906803 0.011746012268436872 -0.010532344556044491 -0.0079182544538584747
leaf_weight=225.60327396169305 193.59530291706324 136.65827898681164 956.93091984465718 220.62452349811792 54.973480127751827 243.75806883350015
leaf_count=599 372 253 2229 415 116 639
internal_value=0.000699377 0.00431464 -0.000833237 0.00768022 -0.00271498 -0.00453221
internal_weight=2032.14 605.852 1426.29 414.22 191.632 469.361
internal_count=4623 1156 3467 787 369 1238
is_linear=0
shrinkage=0.03


Tree=23
num_leaves=7
num_cat=0
split_feature=2 7 2 0 0 4
split_gain=10.8015 7.59586 9.39221 9.10116 7.06027 8.53824
threshold=0.15254037827253344 1.0000000180025095e-35 -0.40753047168254847 -1.5563972592353819 -1.177716791629791 1.0000000180025095e-35
decision_type=2 2 2 2 2 2
left_child=1 3 -3 -1 5 -2
right_child=4 2 -4 -5 -6 -7
leaf_value=-0.0030444352838514838 -0.0094719633877053261 -0.0062765014497422706 0.0059121137341356933 0.0023116871746199229 0.00065633998456407288 0.00038836106287965205
leaf_weight=547.00733226537704 228.71621442586184 44.892125219106674 383.26093775033951 549.77157926559448 165.3690285384655 97.021995663642883
leaf_count=1483 659 97 729 1078 360 267
internal_value=-0.000246053 0.00097593 0.00427717 -0.000312581 -0.00404752 -0.00650893
internal_weight=2016.04 1524.93 428.153 1096.78 491.107 325.738
internal_count=4673 3387 826 2561 1286 926
is_linear=0
shrinkage=0.03


Tree=24
num_leaves=7
num_cat=0
split_feature=2 3 3 0 2 2
split_gain=9.35367 6.70413 7.88793 5.79607 5.27657 6.21765
threshold=0.028356108814477924 -1.5733677744865415 -0.26338960230350489 -1.0746092200279234 0.05404284410178662 0.28656636178493505
decision_type=2 2 2 2 2 2
left_child=1 3 -3 -1 -2 -6
right_child=4 2 -4 -5 5 -7
leaf_value=0 -0.0099445448222807899 0.0044651667293964022 -0.00096129418439303298 -0.0096676357641653377 8.7341828293948582e-05 -0.00558721627127541
leaf_weight=166.44980745017529 71.006049767136574 598.4987136721611 359.57974291592836 60.977693639695644 459.9125695861876 240.74244727939367
leaf_count=477 172 1238 782 139 1143 658
internal_value=-0.000377288 0.00125587 0.00238919 -0.00308313 -0.00293045 -0.00188011
internal_weight=1957.17 1185.51 958.078 227.428 771.661 700.655
internal_count=4609 2636 2020 616 1973 1801
is_linear=0
shrinkage=0.03


Tree=25
num_leaves=6
num_cat=0
split_feature=1 7 0 0 3
split_gain=12.5974 8.3473 7.03273 4.2299 1.40256
threshold=0.37327674031257635 1.0000000180025095e-35 -1.5479701757431028 -0.44403289258480066 -1.4396830797195432
decision_type=2 2 2 2 2
left_child=1 2 -1 -3 -2
right_child=4 3 -4 -5 -6
leaf_value=-0.0031497055745040511 -0.00079734111554697761 0.0044477669101560457 0.0012132754619600496 -0.0028939854583532637 -0.009747916152783179
leaf_weight=650.68708643317223 39.668405562639236 462.76861041039228 618.99601855874062 58.278555944561958 114.33024525642395
leaf_count=1843 89 919 1278 107 348
internal_value=-0.000424231 0.000289119 -0.000990312 0.00343908 -0.00814383
internal_weight=1944.73 1790.73 1269.68 521.047 153.999
internal_count=4584 4147 3121 1026 437
is_linear=0
shrinkage=0.03


Tree=26
num_leaves=7
num_cat=0
split_feature=0 3 2 2 2 2
split_gain=11.7007 10.2884 6.89767 6.10312 4.44621 4.64927
threshold=-1.5953487753868101 0.27615602314472204 -0.24855475872755048 0.078540429472923293 0.24049400538206103 -0.37639430165290827
decision_type=2 2 2 2 2 2
left_child=1 3 -3 -1 5 -2
right_child=4 2 -4 -5 -6 -7
leaf_value=0.00091127745291377988 -0.0029455041491016276 0.00035668519048481768 -0.012861866349032315 -0.0045534597227782905 -0.0021374184773825873 0.0036953241640085123
leaf_weight=517.62480306252837 81.667305588722229 36.480423800647259 102.70709161832929 252.53410379961133 153.36628124862909 829.48268704861403
leaf_count=1317 181 91 324 741 372 1687
internal_value=2.00375e-05 -0.00242014 -0.00941089 -0.000874568 0.00216603 0.00298518
internal_weight=1973.86 909.346 139.188 770.159 1064.52 911.15
internal_count=4713 2473 415 2058 2240 1868
is_linear=0
shrinkage=0.03


Tree=27
num_leaves=7
num_cat=0
split_feature=2 2 5 1 2 3
split_gain=11.0884 12.8102 11.6741 6.2209 5.83807 4.25685
threshold=0.022488925606012348 -0.37639430165290827 1.0000000180025095e-35 -0.11886221915483473 -0.57457616925239552 -1.2006876468658445
decision_type=2 2 2 2 2 2
left_child=1 4 5 -3 -1 -2
right_child=2 3 -4 -5 -6 -7
leaf_value=0.0020195145655332756 0.0021006021405510669 0.0059376396869992134 -0.010007117705559359 0.00091803143836600184 -0.0080286494721573849 -0.0026685862553455491
leaf_weight=57.424479141831398 257.23634159564972 457.77370847761631 134.58716694638133 493.8932920396328 127.68535624444485 388.48125156760216
leaf_count=132 597 1039 490 1118 315 944
internal_value=0.000115941 0.00202223 -0.00256737 0.00346684 -0.00472602 -0.000672514
internal_weight=1917.08 1136.78 780.305 951.667 185.11 645.718
internal_count=4635 2604 2031 2157 447 1541
is_linear=0
shrinkage=0.03


Tree=28
num_leaves=7
num_cat=0
split_feature=2 3 3 2 1 1
split_gain=12.5867 13.4833 13.4284 5.5087 3.67396 4.41897
threshold=0.18958013504743579 -1.5464038848876951 0.030338943004608158 -0.16127721220254895 0.12769484519958499 0.046269042417407043
decision_type=2 2 2 2 2 2
left_child=1 3 -3 -1 5 -2
right_child=4 2 -4 -5 -6 -7
leaf_value=-0.0088035292691427888 -0.004556268031691393 0.0046776266143106855 -0.0024515717119466046 -0.0004121289857536354 -0.0062531127413242155 0.0057944369602463183
leaf_weight=109.33882982283831 61.972235508263111 908.16523586586118 293.3274627700448 195.48611281812191 276.63829497247934 47.768617808818817
leaf_count=312 161 1991 708 507 793 121
internal_value=0.000141319 0.00141911 0.00287637 -0.00396351 -0.00451726 0
internal_weight=1892.7 1506.32 1201.49 304.825 386.379 109.741
internal_count=4593 3518 2699 819 1075 282
is_linear=0
shrinkage=0.03


Tree=29
num_leaves=7
num_cat=0
split_feature=1 2 2 0 3 0
split_gain=13.2258 5.61105 7.81593 7.19669 0.693324 0.28969
threshold=0.37327674031257635 -0.37639430165290827 -0.34232164919376368 -2.3147352933883663 -1.4107826352119444 -1.4242801666259763
decision_type=2 2 2 2 2 2
left_child=1 3 -3 -1 -2 -6
right_child=4 2 -4 -5 5 -7
leaf_value=0.0059867252803449114 -0.001291863802758413 0.012645034515411184 0.0014401844125763422 -0.0064262860908109714 -0.003901473816696463 -0.01249235025729961
leaf_weight=34.484306275844574 42.075440779328346 40.725322768092155 1515.6998602189124 143.77120364457369 67.347515236586332 36.622041396796703
leaf_count=89 95 95 3620 358 238 106
internal_value=0.000528739 0.00131836 0.00192814 -0.0033606 -0.00751796 -0.0089387
internal_weight=1880.73 1734.68 1556.43 178.256 146.045 103.97
internal_count=4601 4162 3715 447 439 344
is_linear=0
shrinkage=0.03


Tree=30
num_leaves=7
num_cat=0
split_feature=1 3 3 3 2 3
split_gain=8.84414 5.35895 5.20759 4.89036 3.22881 2.82004
threshold=0.37327674031257635 -1.5352584719657896 -1.8260886073112486 -0.19653937965631482 0.42486195266246801 -1.0232647061347959
decision_type=2 2 2 2 2 2
left_child=1 2 -1 -3 -2 -6
right_child=4 3 -4 -5 5 -7
leaf_value=0.00048214801040173742 -0.010887221823544962 0.0025486324977007425 -0.006157699231562899 -0.0011175588313289465 0.0037422020801520365 -0.0055885468096405306
leaf_weight=191.43830494582653 70.043760865926743 897.44555881619453 178.03813168406487 467.99065256491303 31.321171440184116 40.985735174268484
leaf_count=515 217 2050 491 1131 76 142
internal_value=-0.000239152 0.000350649 -0.00271522 0.00125078 -0.00695466 -0.000961655
internal_weight=1877.26 1734.91 369.476 1365.44 142.351 72.3069
internal_count=4622 4187 1006 3181 435 218
is_linear=0
shrinkage=0.03


Tree=31
num_leaves=7
num_cat=0
split_feature=1 0 0 0 0 4
split_gain=5.99193 5.75424 7.28336 3.6286 0.84717 2.45589
threshold=0.37327674031257635 -1.4704480171203611 -2.4308307170867915 -1.4306454062461851 -0.84570097923278797 1.0000000180025095e-35
decision_type=2 2 2 2 2 2
left_child=1 2 -1 -3 5 -2
right_child=4 3 -4 -5 -6 -7
leaf_value=0.0045716942976352379 -0.0084484919212673426 0.0093897173698243054 -0.002159530333256231 0.001807924063987909 0 0
leaf_weight=155.50849506258965 84.424705278128386 49.635599449276924 743.01092504709959 786.77366045117378 25.36328499019146 31.606226071715355
leaf_count=418 280 104 2018 1645 68 95
internal_value=0.000219728 0.000756196 -0.000855043 0.00253669 -0.00526905 -0.00620841
internal_weight=1876.32 1734.93 898.519 836.409 141.394 116.031
internal_count=4628 4185 2436 1749 443 375
is_linear=0
shrinkage=0.03


Tree=32
num_leaves=6
num_cat=0
split_feature=7 2 2 1 2
split_gain=8.07965 8.99295 5.47393 4.0607 3.02265
threshold=1.0000000180025095e-35 -0.4153394997119903 0.22461079061031344 0.4053132832050324 -0.53888538479804982
decision_type=2 2 2 2 2
left_child=3 -2 -3 4 -1
right_child=1 2 -4 -5 -6
leaf_value=0.005732465178864902 -0.0075071289541843462 0.0061860897206191517 -0.0010405646670387054 -0.0068270201147974862 -0.00065531226119312812
leaf_weight=49.747670948505402 39.027954243123531 410.77213796973228 96.920493226498365 73.603005312383175 1169.7910447791219
leaf_count=118 96 844 217 265 3056
internal_value=0.000484505 0.00349379 0.00470564 -0.000775916 -0.000258046
internal_weight=1839.86 546.721 507.693 1293.14 1219.54
internal_count=4596 1157 1061 3439 3174
is_linear=0
shrinkage=0.03


Tree=33
num_leaves=7
num_cat=0
split_feature=3 1 3 3 1 3
split_gain=9.92725 9.39011 5.54693 4.32182 5.43904 4.27446
threshold=-1.5666255354881284 0.29822731018066412 -0.75315105915069569 -1.8736186623573301 0.073599703609943404 -1.0145710110664365
decision_type=2 2 2 2 2 2
left_child=3 2 -2 4 -1 -3
right_child=1 5 -4 -5 -6 -7
leaf_value=-0.0052187372595338876 0.0034775909749719101 0.00056867213170301882 -0.00034046586692675285 -0.0080582086722350149 0.0040838424196752033 -0.0086441092450167244
leaf_weight=111.45711037516594 559.4931024312973 46.728726010769606 769.83349690586329 185.76481713354588 75.183188281953335 118.54506475478411
leaf_count=308 1277 119 1840 531 180 395
internal_value=-0.000725354 0.000347733 0.00124976 -0.00498317 -0.0011485 -0.00593528
internal_weight=1867.01 1494.6 1329.33 372.405 186.64 165.274
internal_count=4650 3631 3117 1019 488 514
is_linear=0
shrinkage=0.03


Tree=34
num_leaves=7
num_cat=0
split_feature=0 1 2 6 1 1
split_gain=10.5547 6.51742 6.48402 6.4307 4.77558 1.76182
threshold=-1.5953487753868101 0.37327674031257635 0.019736572168767456 1.0000000180025095e-35 -0.37612149119377131 0.049436371773481376
decision_type=2 2 2 2 2 2
left_child=2 4 3 -1 -2 -4
right_child=1 -3 5 -5 -6 -7
leaf_value=0.0016817131087482882 -0.0032878360218404202 -0.0059300176894504075 -0.0089155786405271231 -0.0056782916678797353 0.0035373384073712783 -0.0031269115828782218
leaf_weight=392.55810469761491 78.456688061356544 60.466884054243565 104.74897205084562 123.52985764294863 846.67826829105616 227.79684510082006
leaf_count=1041 184 183 315 311 1831 764
internal_value=8.9561e-06 0.00213291 -0.00238104 -0.00011416 0.00283772 -0.00552282
internal_weight=1834.24 985.602 848.634 516.088 925.135 332.546
internal_count=4629 2198 2431 1352 2015 1079
is_linear=0
shrinkage=0.03


Tree=35
num_leaves=6
num_cat=0
split_feature=3 1 3 1 1
split_gain=7.64566 6.04503 6.06075 1.3546 0.717633
threshold=0.66255709528923046 0.60774821043014537 -1.5352584719657896 0.083205934613943114 -0.23289851844310758
decision_type=2 2 2 2 2
left_child=1 2 -1 4 -2
right_child=3 -3 -4 -5 -6
leaf_value=-0.0019232266194432635 -0.0007380321509260231 -0.0081484404250601952 0.0022374861454732414 -0.00030330792407875763 -0.0098348066037016266
leaf_weight=383.43407039344311 29.75347638130188 43.024863712489605 1286.4610908925533 48.496072553098202 57.849969126284122
leaf_count=1065 81 132 3120 141 153
internal_value=0.000273194 0.000873519 0.00123516 -0.00604188 -0.00801423
internal_weight=1849.02 1712.92 1669.9 136.1 87.6034
internal_count=4692 4317 4185 375 234
is_linear=0
shrinkage=0.03


Tree=36
num_leaves=7
num_cat=0
split_feature=7 2 1 2 5 1
split_gain=5.391 7.49716 8.39679 5.70802 15.2833 3.99102
threshold=1.0000000180025095e-35 -0.38203567266464228 0.049436371773481376 0.032705521211028106 1.0000000180025095e-35 0.046269042417407043
decision_type=2 2 2 2 2 2
left_child=3 -2 -3 5 -5 -1
right_child=1 2 -4 4 -6 -7
leaf_value=0 -0.0067017104831028447 0.0075616094103226096 0 0.00013195754637531122 -0.011316079279890165 0.0053051715412875304
leaf_weight=678.88721831142902 42.355442322790623 267.78436090052128 224.48851723968983 345.84792821481824 124.49186305701733 133.9105131700635
leaf_count=1719 106 562 473 969 478 326
internal_value=0.000498016 0.00298774 0.00416765 -0.000523235 -0.00311377 0.000942555
internal_weight=1817.77 534.628 492.273 1283.14 470.34 812.798
internal_count=4633 1141 1035 3492 1447 2045
is_linear=0
shrinkage=0.03


Tree=37
num_leaves=7
num_cat=0
split_feature=2 2 0 3 3 3
split_gain=11.1893 10.1723 9.65286 7.67246 6.03718 8.3083
threshold=0.18958013504743579 -0.37639430165290827 -2.2812517881393428 -1.2856121659278867 -1.3462581038475034 -1.6399893164634702
decision_type=2 2 2 2 2 2
left_child=1 2 -1 -3 5 -2
right_child=4 3 -4 -5 -6 -7
leaf_value=0.0054979524473574544 -0.0043570582558589361 -0.00088594121509643026 -0.0087836808140481174 0.0039681453652794171 -0.0067263918103627291 0.010036284449931227
leaf_weight=38.397761292755604 70.317109182476997 398.12225259467959 130.30720911175013 882.13120699301362 252.46402100473642 38.610435973852873
leaf_count=105 182 1053 346 2077 809 95
internal_value=0.00024705 0.00146374 -0.00497699 0.00242211 -0.00429476 0.00104488
internal_weight=1810.35 1448.96 168.705 1280.25 361.392 108.928
internal_count=4667 3581 451 3130 1086 277
is_linear=0
shrinkage=0.03


Tree=38
num_leaves=7
num_cat=0
split_feature=0 0 3 3 3 0
split_gain=7.52862 10.4659 9.72607 8.80112 7.94987 5.91592
threshold=-1.4744830131530759 -1.1411223411560056 -1.0907334089279173 0.27615602314472204 -1.8736186623573301 -1.1024277806282041
decision_type=2 2 2 2 2 2
left_child=2 -2 4 -4 -1 -3
right_child=1 5 3 -5 -6 -7
leaf_value=0.00097446846955197655 0.0058794263030844344 -0.0098117910921295334 0.0025711901992845386 -0.0056404767702791956 -0.008259669948084674 0.00024076602805227307
leaf_weight=97.753991458564997 331.2501486428082 37.834875367581844 434.22878952696919 137.18707325682044 266.16311305761337 486.684021897614
leaf_count=293 742 92 1173 438 759 1108
internal_value=-0.000125829 0.00184944 -0.00199676 0.000374184 -0.0057014 -0.000707912
internal_weight=1791.1 855.769 935.333 571.416 363.917 524.519
internal_count=4605 1942 2663 1611 1052 1200
is_linear=0
shrinkage=0.03


Tree=39
num_leaves=7
num_cat=0
split_feature=7 2 0 2 0 1
split_gain=7.41175 8.11384 9.73029 6.27158 6.76522 1.95792
threshold=1.0000000180025095e-35 -0.38203567266464228 -0.44403289258480066 0.18500697612762454 -1.5563972592353819 0.19275278598070147
decision_type=2 2 2 2 2 2
left_child=3 -2 -3 4 -1 -5
right_child=1 2 -4 5 -6 -7
leaf_value=-0.0027522076655429393 -0.0073408685351691819 0.0055302986701740381 -0.0062087402313663921 -0.00097380444701567284 0.0020408004197327162 -0.0076853928670296843
leaf_weight=512.94339999184012 42.758036240935326 434.17132093757391 52.297462970018387 88.987219620496035 500.30241706967354 147.87509685009718
leaf_count=1524 113 942 113 273 1108 529
internal_value=-0.000177359 0.00269857 0.00395449 -0.00146543 -0.000333839 -0.00566965
internal_weight=1779.33 529.227 486.469 1250.11 1013.25 236.862
internal_count=4602 1168 1055 3434 2632 802
is_linear=0
shrinkage=0.03


Tree=40
num_leaves=7
num_cat=0
split_feature=2 2 2 0 1 2
split_gain=6.32211 5.93157 5.85294 4.81387 2.91302 3.54775
threshold=0.16903953254222873 -0.37639430165290827 -0.50726866722106922 -1.4744830131530759 0.60774821043014537 0.3538216650485993
decision_type=2 2 2 2 2 2
left_child=1 2 -1 -3 5 -2
right_child=4 3 -4 -5 -6 -7
leaf_value=0.0017671203114560075 -0.003704017025322495 0.00010779573325422221 -0.0082218066137060546 0.0039941448755136172 -0.0092555761622703375 0.0020729466040745469
leaf_weight=75.771680280566216 234.81527944281697 614.78117402642965 89.36291591823101 580.32753945142031 40.849358797073364 122.67866179719567
leaf_count=201 689 1692 250 1274 132 371
internal_value=0.000295195 0.00130144 -0.00361856 0.00207901 -0.0028954 -0.00155784
internal_weight=1758.59 1360.24 165.135 1195.11 398.343 357.494
internal_count=4609 3417 451 2966 1192 1060
is_linear=0
shrinkage=0.03


Tree=41
num_leaves=7
num_cat=0
split_feature=3 2 3 4 3 7
split_gain=4.00137 6.76453 9.54513 5.96043 4.86174 3.56695
threshold=-1.5666255354881284 0.0094351475127041357 -0.19653937965631482 1.0000000180025095e-35 -1.8260886073112486 1.0000000180025095e-35
decision_type=2 2 2 2 2 2
left_child=4 2 -2 -3 -1 -6
right_child=1 3 -4 -5 5 -7
leaf_value=0 0.0045820622845573434 -0.0033880464373340189 -0.0019989427122053781 0.0035474043737914493 -0.010251389994566091 -0.00041090850519971103
leaf_weight=201.00865744426847 546.10744872689247 471.31063998490572 276.10374414920807 118.99156446009874 82.748276609927416 71.464932724833488
leaf_count=556 1248 1328 691 352 302 169
internal_value=-0.000151003 0.000537881 0.00230589 -0.00182127 -0.00293287 -0.00660625
internal_weight=1767.74 1412.51 822.211 590.302 355.222 154.213
internal_count=4646 3619 1939 1680 1027 471
is_linear=0
shrinkage=0.03


Tree=42
num_leaves=7
num_cat=0
split_feature=1 3 0 3 1 0
split_gain=9.66658 8.00651 5.40854 3.31566 2.84955 1.7025
threshold=0.37327674031257635 0.75577679276466381 -1.4744830131530759 -1.2548819184303281 -0.18701423704624173 -2.1289101839065547
decision_type=2 2 2 2 2 2
left_child=1 2 -1 -2 -3 -5
right_child=3 4 -4 5 -6 -7
leaf_value=-0.00089926827452367435 0 0 0.002620792365781987 -0.00022893113204371947 -0.010308312891662647 -0.012876972221912419
leaf_weight=782.55353811010718 42.997875936329365 28.375621877610683 724.69091069698334 23.033497035503387 63.921910978853703 61.814965754747391
leaf_count=2253 107 81 1664 89 191 232
internal_value=-0.000475877 0.000163824 0.000766066 -0.00782476 -0.00752153 -0.0107143
internal_weight=1727.39 1599.54 1507.24 127.846 92.2975 84.8485
internal_count=4617 4189 3917 428 272 321
is_linear=0
shrinkage=0.03


Tree=43
num_leaves=7
num_cat=0
split_feature=0 3 3 2 2 3
split_gain=8.83217 9.45176 7.85513 7.12934 6.76736 4.55431
threshold=-1.4744830131530759 -1.0907334089279173 -1.98241651058197 0.28656636178493505 -0.25380344688892359 -1.5352584719657896
decision_type=2 2 2 2 2 2
left_child=1 2 -1 5 -3 -2
right_child=3 4 -4 -5 -6 -7
leaf_value=0.0033140008833387438 -0.00034520554080090456 0.0067392634616438062 -0.0070962799880156203 -0.003956639905018512 -0.00078028906165737797 0.0050388025973150978
leaf_weight=60.36486429721117 156.33682247251272 118.4309836179018 303.37398760393262 99.82724142819643 432.93091960251331 567.74165762215853
leaf_count=190 392 301 916 264 1302 1260
internal_value=0.000487554 -0.00148531 -0.00512959 0.00273316 0.000909241 0.00381766
internal_weight=1739.01 915.101 363.739 823.906 551.362 724.078
internal_count=4625 2709 1106 1916 1603 1652
is_linear=0
shrinkage=0.03


Tree=44
num_leaves=7
num_cat=0
split_feature=7 3 0 3 0 0
split_gain=12.7912 15.7513 13.4019 5.55064 5.54691 7.98693
threshold=1.0000000180025095e-35 -0.90662956237792958 -1.7848100662231443 -1.5666255354881284 -1.5631610751152036 -1.4306454062461851
decision_type=2 2 2 2 2 2
left_child=4 3 -3 -2 -1 -6
right_child=1 2 -4 -5 5 -7
leaf_value=-0.0036894571100161019 0.0023127341703138922 0.0080306457804763826 -0.0084033552494406118 0.010786914529016286 0.0073658382833490712 -0.0012792833235423743
leaf_weight=631.99119843542576 159.02395880967379 43.911849364638329 121.23427567631006 184.50059865415096 97.14235620573163 505.49146577343345
leaf_count=2064 372 110 266 418 245 1198
internal_value=-8.42272e-05 0.00379514 -0.00331408 0.00737217 -0.00176538 0.000209753
internal_weight=1743.3 508.671 165.146 343.525 1234.63 602.634
internal_count=4673 1166 376 790 3507 1443
is_linear=0
shrinkage=0.03


Tree=45
num_leaves=6
num_cat=0
split_feature=1 2 2 0 0
split_gain=8.06042 7.71336 6.43244 5.27984 0.192296
threshold=0.37327674031257635 -0.36745615303516382 0.032705521211028106 -2.2812517881393428 -2.1289101839065547
decision_type=2 2 2 2 2
left_child=1 3 -3 -1 -2
right_child=4 2 -4 -5 -6
leaf_value=0.003052305419000899 -0.0012256840185028484 0.0033218980322124482 -0.00068416045604088036 -0.007676949303843634 -0.0073966098562639471
leaf_weight=36.096046797931194 41.847058717161417 876.10066505894065 558.33307190611959 122.32351467013359 88.822438612580299
leaf_count=102 139 2196 1562 350 314
internal_value=0.000343541 0.000991841 0.00173338 -0.00482788 -0.00624361
internal_weight=1723.52 1592.85 1434.43 158.42 130.669
internal_count=4663 4210 3758 452 453
is_linear=0
shrinkage=0.03


Tree=46
num_leaves=7
num_cat=0
split_feature=2 0 0 0 0 3
split_gain=5.27516 5.30405 8.40912 1.476 6.82744 1.86708
threshold=0.29067805409431463 1.0000000180025095e-35 -0.47106426954269404 -1.9896952509880064 -2.3962937593460079 0.043976781889796264
decision_type=2 2 2 2 2 2
left_child=1 2 -1 4 -2 -5
right_child=3 -3 -4 5 -6 -7
leaf_value=0.00098478957256609633 -0.0085179372462854362 0.0095645570467607615 -0.0080079175767960777 -0.0074498098050449464 0.0064159667126602949 0
leaf_weight=1397.1335299052298 30.183335099369287 39.806708797812462 79.603055693209171 104.01381202787161 40.819987401366234 31.565890535712242
leaf_count=3727 90 89 182 318 146 110
internal_value=9.93014e-05 0.000761443 0.000359425 -0.00413489 0 -0.0057826
internal_weight=1723.13 1516.54 1476.74 206.583 71.0033 135.58
internal_count=4662 3998 3909 664 236 428
is_linear=0
shrinkage=0.03


Tree=47
num_leaves=7
num_cat=0
split_feature=1 7 3 3 3 3
split_gain=5.78373 3.5578 11.1807 7.00748 1.94698 1.56396
threshold=0.37327674031257635 1.0000000180025095e-35 -1.0907334089279173 -0.85056826472282399 -1.0232647061347959 -0.45023216307163233
decision_type=2 2 2 2 2 2
left_child=1 2 -1 -3 -2 -6
right_child=4 3 -4 -5 5 -7
leaf_value=-0.0046418959975100009 0 0.0051115286261826029 0.0016934694480998603 -0.0025324707345249337 -0.012965532733621964 -0.0018205841191408633
leaf_weight=346.26472586765885 51.201656177639961 325.88573705404997 766.23668894916773 130.50008245557547 25.033633757382631 46.724014274775982
leaf_count=1098 146 759 2022 293 97 196
internal_value=4.9333e-05 0.000603046 -0.000272578 0.00278528 -0.00569199 -0.00834112
internal_weight=1691.85 1568.89 1112.5 456.386 122.959 71.7576
internal_count=4611 4172 3120 1052 439 293
is_linear=0
shrinkage=0.03


Tree=48
num_leaves=7
num_cat=0
split_feature=3 4 2 3 3 1
split_gain=7.0296 12.1223 10.8278 4.71083 4.21916 6.33845
threshold=-1.5965417027473447 1.0000000180025095e-35 0.028356108814477924 0.36375127732753759 -1.8894906640052793 0.016126734204590324
decision_type=2 2 2 2 2 2
left_child=4 2 -2 -3 5 -1
right_child=1 3 -4 -5 -6 -7
leaf_value=-0.0051740597669538381 0.0019350555384350604 0.0080147487906704444 -0.004028085109364872 -0.0019738069473603584 -0.00697680709966568 0.005506494742995448
leaf_weight=87.460222877562046 680.18273226544261 233.20023266226053 427.17891595885158 31.868983834981918 158.27783580869436 73.260540135204792
leaf_count=258 1657 645 1270 88 500 202
internal_value=4.34126e-05 0.00102021 -0.000342731 0.00654914 -0.00379434 0
internal_weight=1691.43 1372.43 1107.36 265.069 318.999 160.721
internal_count=4620 3660 2927 733 960 460
is_linear=0
shrinkage=0.03


Tree=49
num_leaves=7
num_cat=0
split_feature=0 1 0 1 3 5
split_gain=6.15022 8.09369 7.67416 7.41225 4.99149 9.22895
threshold=-1.4744830131530759 0.060087762773036964 -0.94037958979606617 -0.37612149119377131 -1.0907334089279173 1.0000000180025095e-35
decision_type=2 2 2 2 2 2
left_child=4 3 -3 -2 5 -1
right_child=1 2 -4 -5 -6 -7
leaf_value=-0.0013249836127564758 -0.003764073217794085 0.0023805432666638856 -0.0067013640014953781 0.0058449120902128752 0.00024512927609289666 -0.01358684304028393
leaf_weight=277.02449072524905 63.494104839861393 163.05182512104511 128.53809886425734 442.491081610322 559.66126874089241 56.127347230911255
leaf_count=842 161 412 318 1020 1648 215
internal_value=0.000247608 0.00216408 -0.00160353 0.00442777 -0.0014086 -0.00421315
internal_weight=1690.39 797.575 291.59 505.985 892.813 333.152
internal_count=4616 1911 730 1181 2705 1057
is_linear=0
shrinkage=0.03


Tree=50
num_leaves=7
num_cat=0
split_feature=1 7 2 4 3 3
split_gain=6.57314 4.10224 7.17732 3.77225 6.19825 4.56123
threshold=0.19275278598070147 1.0000000180025095e-35 -0.38203567266464228 1.0000000180025095e-35 -0.59534037113189686 -1.0589193701744077
decision_type=2 2 2 2 2 2
left_child=1 -1 -3 5 -5 -2
right_child=3 2 -4 4 -6 -7
leaf_value=-0.00054076079831420429 0 -0.0067180531876677267 0.0046154600755556321 -0.0042080832469063266 0.0093431543604732114 -0.0085536848393683845
leaf_weight=956.12918091565371 89.444332335144281 36.663541473448277 336.29879578202963 57.356725707650185 28.738157138228416 163.99127770215273
leaf_count=2667 234 106 764 182 87 564
internal_value=-0.000470035 0.000456575 0.00306343 -0.00408776 0.000658322 -0.00584971
internal_weight=1668.62 1329.09 372.962 339.53 86.0949 253.436
internal_count=4604 3537 870 1067 269 798
is_linear=0
shrinkage=0.03


Tree=51
num_leaves=7
num_cat=0
split_feature=3 0 1 0 3 0
split_gain=6.55176 8.40162 6.73123 6.32545 3.70032 3.42093
threshold=-1.5871195197105405 -0.96610280871391285 -0.1306953355669975 -1.4624469280242918 0.66255709528923046 -0.94037958979606617
decision_type=2 2 2 2 2 2
left_child=1 3 5 -1 -4 -2
right_child=2 -3 4 -5 -6 -7
leaf_value=-0.0040265167644325207 0.0020913846312199873 -0.011525740808189164 1.1204947768086385e-05 0.0054098129379662151 -0.0062169583640676518 0.0087663932637073658
leaf_weight=157.55366915464401 381.66754269599915 72.032111495733261 811.30591279640794 78.204005137085915 73.689434807747602 87.503285974264145
leaf_count=535 996 190 2235 210 238 196
internal_value=0 -0.00379632 0.000923694 -0.000483495 -0.000567018 0.00376649
internal_weight=1661.96 307.79 1354.17 235.758 884.995 469.171
internal_count=4600 935 3665 745 2473 1192
is_linear=0
shrinkage=0.03


Tree=52
num_leaves=7
num_cat=0
split_feature=1 6 2 0 2 2
split_gain=6.51635 3.67447 4.33387 3.70179 0.795348 7.24749
threshold=0.37327674031257635 1.0000000180025095e-35 -0.16628240048885343 -1.4704480171203611 0.42486195266246801 0.5403062403202058
decision_type=2 2 2 2 2 2
left_child=1 3 -3 -1 -2 -6
right_child=4 2 -4 -5 5 -7
leaf_value=-0.00042320457969550064 -0.009007783303392216 -0.0064263347192391965 0 0.0028997567761190218 0.007301502394397686 -0.008476780265733742
leaf_weight=612.30226279422641 59.483901847153902 123.14676756039262 272.12365550920367 522.52259009331465 22.95739484578371 43.113078538328409
leaf_count=1876 217 319 690 1262 73 158
internal_value=-0.000361415 0.000175287 -0.00220068 0.0010786 -0.00643963 -0.00187454
internal_weight=1655.65 1530.1 395.27 1134.82 125.554 66.0705
internal_count=4595 4147 1009 3138 448 231
is_linear=0
shrinkage=0.03


Tree=53
num_leaves=7
num_cat=0
split_feature=2 3 3 3 2 3
split_gain=8.17048 6.76587 5.61696 9.01243 7.62764 5.34428
threshold=0.23568793386220935 -1.2006876468658445 0.32087753713130956 -1.2990165352821348 -0.24855475872755048 0.16990146785974505
decision_type=2 2 2 2 2 2
left_child=2 -2 3 -1 -4 -3
right_child=1 5 4 -5 -6 -7
leaf_value=-0.0017814346972502787 0.0011617594513910474 -0.011216692063472972 0.0044716215056064511 0.0034513794919376587 -0.0073787086874244944 0
leaf_weight=423.96845718473196 91.093700345605612 115.24007379636168 49.514844328165054 824.59418098255992 131.69523118808866 50.772412784397602
leaf_count=1249 250 408 135 2074 384 196
internal_value=-1.2037e-06 -0.00475521 0.000866097 0.00162713 -0.00371985 -0.00810033
internal_weight=1686.88 257.106 1429.77 1248.56 181.21 166.012
internal_count=4696 854 3842 3323 519 604
is_linear=0
shrinkage=0.03


Tree=54
num_leaves=5
num_cat=0
split_feature=0 0 2 1
split_gain=5.3751 5.20341 6.86201 5.26396
threshold=0.085054744035005583 -0.47106426954269404 -0.37639430165290827 -0.038571523502469056
decision_type=2 2 2 2
left_child=1 2 -1 -3
right_child=-2 3 -4 -5
leaf_value=-0.0055506938824446293 0.0091429192624234868 0 0.0010440616464428355 -0.012307205113547675
leaf_weight=136.31964101269841 39.039007097482681 49.405653439462185 1420.3876812569797 40.823119446635246
leaf_count=408 90 116 3972 106
internal_value=0.00024245 -3.96987e-05 0.000365427 -0.00637171
internal_weight=1685.98 1646.94 1556.71 90.2288
internal_count=4692 4602 4380 222
is_linear=0
shrinkage=0.03


Tree=55
num_leaves=7
num_cat=0
split_feature=0 0 3 2 0 3
split_gain=5.81654 4.70242 9.33239 4.36264 4.07305 4.00874
threshold=-1.4704480171203611 -2.3065364360809322 -1.0679528117179868 -0.031188668683171269 -1.3068528175354002 -1.5352584719657896
decision_type=2 2 2 2 2 2
left_child=1 2 -1 5 -5 -2
right_child=3 -3 -4 4 -6 -7
leaf_value=-0.0044926537292718982 -0.0013282850519516188 -0.0032547446130193358 0.0062667760335562402 0.0050679127748620928 -0.0019971452332660489 0.0053946430207027262
leaf_weight=108.34122082218528 79.343011852353811 620.16578463837504 141.026117939502 71.342356227338314 328.92747511714697 306.32066857069731
leaf_count=346 223 1933 428 166 830 696
internal_value=-0.000153134 -0.00185609 0.00138295 0.00165582 -0.000413886 0.00386633
internal_weight=1655.47 869.533 249.367 785.934 400.27 385.664
internal_count=4622 2707 774 1915 996 919
is_linear=0
shrinkage=0.03


Tree=56
num_leaves=7
num_cat=0
split_feature=0 3 3 3 3 3
split_gain=4.24723 6.76758 8.42878 6.30054 5.14274 11.1334
threshold=-1.4744830131530759 -1.0907334089279173 -1.98241651058197 -0.90662956237792958 -0.85056826472282399 -1.5965417027473447
decision_type=2 2 2 2 2 2
left_child=1 2 -1 -3 5 -2
right_child=4 3 -4 -5 -6 -7
leaf_value=0.003499342968793554 -0.0022317296049034941 0.0066489048604273645 -0.0073092232292594631 -0.0013056144544838285 -0.0012779412352063192 0.0074435019708371372
leaf_weight=61.584442690014839 160.01653661206365 89.861260190606117 279.35431281477213 459.41628944128752 379.60180092602968 232.87537894025445
leaf_count=194 443 233 912 1425 910 567
internal_value=-0.000492164 -0.00190947 -0.0051049 7.82118e-05 0.00107239 0.00344044
internal_weight=1662.71 890.216 340.939 549.278 772.494 392.892
internal_count=4684 2764 1106 1658 1920 1010
is_linear=0
shrinkage=0.03


Tree=57
num_leaves=7
num_cat=0
split_feature=2 7 2 3 3 2
split_gain=4.73217 3.11198 6.09191 3.18874 2.26397 2.47431
threshold=0.29067805409431463 1.0000000180025095e-35 -0.36745615303516382 -1.485336899757385 0.043976781889796264 0.43872863054275518
decision_type=2 2 2 2 2 2
left_child=1 3 -3 -1 5 -2
right_child=4 2 -4 -5 -6 -7
leaf_value=-0.0037410471112442191 -0.008938857460019543 -0.0056951184813183843 0.0041290604313360003 0.00047206943910766964 0.0004293839445872645 -0.00049987029113453328
leaf_weight=175.41711036860943 79.695668615400791 43.937564961612225 371.21173283830285 861.44779236614704 48.081823382526636 73.036844372749329
leaf_count=657 253 123 898 2326 181 232
internal_value=0 0.000595269 0.00273746 -0.000241242 -0.00411404 -0.00577582
internal_weight=1652.83 1452.01 415.149 1036.86 200.814 152.733
internal_count=4670 4004 1021 2983 666 485
is_linear=0
shrinkage=0.03


Tree=58
num_leaves=7
num_cat=0
split_feature=2 2 2 2 5 0
split_gain=5.17873 4.23552 6.31152 6.25539 2.81696 4.7674
threshold=0.022488925606012348 -0.057458875700831406 -0.031188668683171269 -0.087182093411684022 1.0000000180025095e-35 -1.1024277806282041
decision_type=2 2 2 2 2 2
left_child=1 3 -3 -1 -2 -6
right_child=4 2 -4 -5 5 -7
leaf_value=0.0014969081139563831 -0.00062853201300828521 0.01124236198096004 0.00057561848791930637 -0.0065965535887873763 -0.0083847554398416603 0.0031246296782695641
leaf_weight=664.49840571545064 548.82280416414142 74.209164299070835 139.25358834117651 77.277352444827557 97.973344856873155 23.760362774133682
leaf_count=1814 1562 192 361 198 441 66
internal_value=0.000196727 0.0016342 0.00518628 0.000423925 -0.00175216 -0.00559107
internal_weight=1625.8 955.239 213.463 741.776 670.557 121.734
internal_count=4634 2565 553 2012 2069 507
is_linear=0
shrinkage=0.03


Tree=59
num_leaves=7
num_cat=0
split_feature=2 5 6 2 2 2
split_gain=5.5148 7.96347 4.3475 3.72318 5.01299 2.48436
threshold=0.028356108814477924 1.0000000180025095e-35 1.0000000180025095e-35 -0.16870094090700147 -0.24855475872755048 -0.12379720807075499
decision_type=2 2 2 2 2 2
left_child=3 2 -2 4 -1 -5
right_child=1 -3 -4 5 -6 -7
leaf_value=0.0015186493366778242 0.001206820122148062 -0.0088807719756885395 -0.0042431497510166966 0.0068902102226845495 -0.0046810988480932144 0.0015743063396363843
leaf_weight=306.22672670707107 373.67866822332144 112.13409995660186 173.4796483926475 104.8920176923275 159.08391609601676 416.04507154971361
leaf_count=868 1041 478 497 280 420 1083
internal_value=-0.0001172 -0.00223662 -0.000504028 0.00125627 -0.000582896 0.00297077
internal_weight=1645.54 659.292 547.158 986.248 465.311 520.937
internal_count=4667 2016 1538 2651 1288 1363
is_linear=0
shrinkage=0.03


Tree=60
num_leaves=7
num_cat=0
split_feature=3 3 1 3 7 1
split_gain=3.16094 6.02685 4.46892 3.76957 3.43417 2.59783
threshold=-1.5965417027473447 -1.8260886073112486 0.29259778559207922 -0.19653937965631482 1.0000000180025095e-35 0.060087762773036964
decision_type=2 2 2 2 2 2
left_child=1 5 3 -2 -3 -1
right_child=2 4 -4 -5 -6 -7
leaf_value=-0.0017733672765392998 0.0027213235952583716 -0.011367104379301206 -0.0035949211152327392 -0.00072374863489356564 -0.00024318290936105484 0.0046531188910383919
leaf_weight=108.64496441558003 800.02180139347911 59.42026823759079 149.52439528889954 391.92340787872672 54.678079076111317 74.53421838581562
leaf_count=350 2085 240 543 1094 140 200
internal_value=0.00022595 -0.00242436 0.00088433 0.00154579 -0.00731507 0.000746849
internal_weight=1638.75 297.278 1341.47 1191.95 114.098 183.179
internal_count=4652 930 3722 3179 380 550
is_linear=0
shrinkage=0.03


Tree=61
num_leaves=7
num_cat=0
split_feature=1 2 2 3 7 3
split_gain=5.23476 5.8616 9.27853 3.43875 0.723361 1.84669
threshold=0.37327674031257635 -0.37639430165290827 -0.55655235052108754 0.66255709528923046 1.0000000180025095e-35 -0.39614406228065485
decision_type=2 2 2 2 2 2
left_child=1 2 -1 -3 5 -2
right_child=4 3 -4 -5 -6 -7
leaf_value=0.003105826668464466 -0.011051249991902276 0.00087638245197516073 -0.010808002940008941 -0.0045560359026918301 -0.0007281419612159409 -0.00011493312513512482
leaf_weight=50.41560136526823 44.539813671261072 1254.9522867463529 89.481807969510555 92.397534649819136 41.995619617402554 33.09552126377821
leaf_count=147 170 3466 286 289 115 162
internal_value=-0.000764539 -0.000198589 -0.00565726 0.00039877 -0.00633448 -0.00798223
internal_weight=1606.88 1487.25 139.897 1347.35 119.631 77.6353
internal_count=4635 4188 433 3755 447 332
is_linear=0
shrinkage=0.03


Tree=62
num_leaves=5
num_cat=0
split_feature=1 3 1 1
split_gain=7.25069 2.48585 3.74713 2.96343
threshold=0.60774821043014537 -1.5587955117225645 0.28112149238586431 -0.1306953355669975
decision_type=2 2 2 2
left_child=1 2 -1 -3
right_child=-2 3 -4 -5
leaf_value=-0.0029395875779319571 -0.010126037426668589 0.0031430815766260041 0.005137716355669706 6.9249694142919373e-05
leaf_weight=290.19686810672283 38.447412824258208 449.28469645231962 38.929954178631306 816.84135399758816
leaf_count=937 147 1190 114 2315
internal_value=0.000200777 0.000609109 -0.00157274 0.00123857
internal_weight=1633.7 1595.25 329.127 1266.13
internal_count=4703 4556 1051 3505
is_linear=0
shrinkage=0.03


Tree=63
num_leaves=6
num_cat=0
split_feature=1 2 2 5 2
split_gain=4.63016 5.14235 8.0522 5.60773 0.108366
threshold=0.37327674031257635 -0.36745615303516382 -0.34232164919376368 1.0000000180025095e-35 0.23314429819583896
decision_type=2 2 2 2 2
left_child=1 3 -3 -1 -2
right_child=4 2 -4 -5 -6
leaf_value=-0.0079500808175587707 -0.00015321131083139921 0.012694173094889854 0.00031104911450940292 0.0032424804835013829 -0.0062669924913796565
leaf_weight=110.23688844591379 25.42319194227457 29.720731072127819 1325.9526563361287 36.270334042608738 90.49770331941545
leaf_count=345 87 79 3692 110 346
internal_value=-0.000270169 0.00016876 0.000806747 -0.00476219 -0.00558742
internal_weight=1618.1 1502.18 1355.67 146.507 115.921
internal_count=4659 4226 3771 455 433
is_linear=0
shrinkage=0.03


Tree=64
num_leaves=7
num_cat=0
split_feature=1 1 0 0 2 2
split_gain=3.98534 2.87752 2.56571 2.16083 1.52921 3.27402
threshold=0.37327674031257635 0.28112149238586431 -1.4704480171203611 -1.1154592633247373 0.42486195266246801 0.5403062403202058
decision_type=2 2 2 2 2 2
left_child=1 2 -1 -3 -2 -6
right_child=4 3 -4 -5 5 -7
leaf_value=-0.0021239347413120457 -0.0089552668819071098 0.0070026796171646999 0.00037325283693947966 -0.00091623505089386415 0.0047881282071426893 -0.005928726882090991
leaf_weight=735.75437607988715 57.919832929968834 56.200083386152983 649.79703369364142 25.658296160399914 23.668203111737967 37.02700375393033
leaf_count=2297 215 177 1611 71 81 147
internal_value=-0.00105241 -0.000540132 -0.000921467 0.00423893 -0.00596473 -0.000855176
internal_weight=1586.02 1467.41 1385.55 81.8584 118.615 60.6952
internal_count=4599 4156 3908 248 443 228
is_linear=0
shrinkage=0.03


Tree=65
num_leaves=5
num_cat=0
split_feature=2 7 1 2
split_gain=3.45964 2.37303 3.67965 2.07883
threshold=0.5403062403202058 1.0000000180025095e-35 0.060087762773036964 0.3538216650485993
decision_type=2 2 2 2
left_child=1 3 -3 -1
right_child=-2 2 -4 -5
leaf_value=-0.00040455559975802885 -0.0058196349575773175 0.0045826029567829652 -0.00069228534883263439 0.0045637136231708583
leaf_weight=1061.1099918354303 56.188546171411872 270.13912896811962 164.32082441821694 61.336833789944649
leaf_count=3135 204 693 397 227
internal_value=0.000350518 0.000682234 0.00251285 -5.40164e-06
internal_weight=1613.1 1556.91 434.46 1122.45
internal_count=4656 4452 1090 3362
is_linear=0
shrinkage=0.03


Tree=66
num_leaves=7
num_cat=0
split_feature=2 3 3 1 3 3
split_gain=8.6712 4.76301 5.96722 2.55833 0.873524 1.48354
threshold=0.28656636178493505 -1.485336899757385 0.28832183778285986 0.27691845595836645 0.11264783516526224 -1.0990222096443174
decision_type=2 2 2 2 2 2
left_child=1 3 -3 -1 5 -2
right_child=4 2 -4 -5 -6 -7
leaf_value=-0.00328267866728281 -0.0020841865562568579 0.0027399626658755213 -0.0028221224574883322 0.0040965918319149607 -2.3387706796299227e-05 -0.0097803466323665156
leaf_weight=295.53838004544377 81.713303532451391 897.37563566118479 186.95719344168901 24.674253277480602 39.991183433681726 71.709851238876581
leaf_count=973 231 2366 568 66 155 270
internal_value=-9.49524e-05 0.000713714 0.00169289 -0.0023303 -0.00576506 -0.00674041
internal_weight=1597.96 1404.55 1084.33 320.213 193.414 153.423
internal_count=4629 3973 2934 1039 656 501
is_linear=0
shrinkage=0.03


Tree=67
num_leaves=7
num_cat=0
split_feature=1 1 0 0 0 3
split_gain=3.50584 3.57848 3.92828 0.758859 0.160822 0.138919
threshold=0.37327674031257635 0.27275785803794866 -1.4744830131530759 -2.0905677080154415 -1.9379816651344297 -0.016068984754383561
decision_type=2 2 2 2 2 2
left_child=1 2 -1 -2 -3 -5
right_child=3 4 -4 5 -6 -7
leaf_value=-0.0015534757515177102 0 0.0079225275171338656 0.001594582174574113 -0.0071306823962460622 0.0019534433967141485 0
leaf_weight=729.04145469889045 40.149873342365026 31.573456183075905 659.62816992029548 53.842098526656628 68.2306734547019 20.456753425300121
leaf_count=2307 148 102 1634 196 195 98
internal_value=-5.15677e-06 0.000371933 -1.41231e-05 -0.00468149 0.00534995 -0.00620406
internal_weight=1602.92 1488.47 1388.67 114.449 99.8041 74.2989
internal_count=4680 4238 3941 442 297 294
is_linear=0
shrinkage=0.03


Tree=68
num_leaves=5
num_cat=0
split_feature=0 2 3 0
split_gain=7.27459 2.88431 3.81356 3.35064
threshold=1.0000000180025095e-35 0.172770731151104 -0.19653937965631482 -1.9690784215927122
decision_type=2 2 2 2
left_child=1 2 -1 -3
right_child=-2 3 -4 -5
leaf_value=0.0013847660133044352 0.01021007775515023 0.00097728848528066698 -0.0022891629748060974 -0.0047261101382497714
leaf_weight=882.04332153499126 41.106883034110069 114.58037475496531 328.60122722759843 227.86696458607912
leaf_count=2501 96 415 914 728
internal_value=2.17428e-05 -0.000336159 0.000317812 -0.00270363
internal_weight=1594.2 1553.09 1210.64 342.447
internal_count=4654 4558 3415 1143
is_linear=0
shrinkage=0.03


Tree=69
num_leaves=5
num_cat=0
split_feature=0 0 2 3
split_gain=4.62113 7.47581 4.05211 3.91009
threshold=1.0000000180025095e-35 -0.50585535168647755 0.032705521211028106 -0.75315105915069569
decision_type=2 2 2 2
left_child=1 2 -1 -3
right_child=-2 3 -4 -5
leaf_value=0.0010821854946798444 0.0074937503013856269 -0.00035874859265990129 -0.0021414077566023946 -0.013749635193410057
leaf_weight=876.33224921673536 43.085435345768929 45.947684481739998 552.10609344579279 38.53213245421648
leaf_count=2465 99 120 1791 104
internal_value=-0.000387577 -0.000746008 -0.000134707 -0.0085036
internal_weight=1556 1512.92 1428.44 84.4798
internal_count=4579 4480 4256 224
is_linear=0
shrinkage=0.03


Tree=70
num_leaves=7
num_cat=0
split_feature=1 0 1 1 0 4
split_gain=3.39644 3.43369 4.67473 3.85807 2.65318 2.33585
threshold=0.19275278598070147 -1.4744830131530759 0.083205934613943114 0.067883130162954344 -0.94037958979606617 1.0000000180025095e-35
decision_type=2 2 2 2 2 2
left_child=1 2 -1 -3 5 -2
right_child=4 3 -4 -5 -6 -7
leaf_value=-0.0020632674853824839 -0.0028271955231056823 0.0034645263746300174 0.0041577022011557996 -0.0020104247214878675 -0.0076905243445495163 0.0027728334652357372
leaf_weight=560.89039428532124 189.14148418046534 465.72623233124614 110.18924164026976 122.62327552586794 61.887829646468163 71.613946426659822
leaf_count=1737 657 1196 353 292 178 233
internal_value=-0.000142428 0.000530576 -0.000864219 0.00219623 -0.00282222 -0.000987527
internal_weight=1582.07 1259.43 671.08 588.35 322.643 260.755
internal_count=4646 3578 2090 1488 1068 890
is_linear=0
shrinkage=0.03


Tree=71
num_leaves=7
num_cat=0
split_feature=2 3 3 3 3 3
split_gain=4.51785 5.44457 5.75792 4.93066 4.92698 4.44914
threshold=0.15254037827253344 -0.19653937965631482 -0.087385363876819597 0.84098690748214733 -1.0907334089279173 -1.2990165352821348
decision_type=2 2 2 2 2 2
left_child=1 5 -3 4 -2 -1
right_child=3 2 -4 -5 -6 -7
leaf_value=-0.00084020736645868787 0 -0.010446191085603377 -0.00054283743163288005 0.0059602030573576359 -0.0072272611218310908 0.0033322101420611662
leaf_weight=351.39652488194406 145.88387611508369 51.281143896281719 275.92433326691389 24.335948958992958 202.27487814053893 530.67601814866066
leaf_count=1135 417 138 777 90 731 1373
internal_value=-0.00050161 0.000356032 -0.00278007 -0.00331502 -0.00441489 0.00162173
internal_weight=1581.77 1209.28 327.205 372.495 348.159 882.073
internal_count=4661 3423 915 1238 1148 2508
is_linear=0
shrinkage=0.03


Tree=72
num_leaves=5
num_cat=0
split_feature=0 0 3 3
split_gain=3.79959 3.14132 5.79336 2.46287
threshold=0.085054744035005583 -0.47106426954269404 -0.54416543245315541 0.66255709528923046
decision_type=2 2 2 2
left_child=1 3 -3 -1
right_child=-2 2 -4 -5
leaf_value=-0.00010401071441168776 0.0071864262882177397 0 -0.01340435598443542 -0.0045279399767760783
leaf_weight=1357.544237004593 32.423699960112572 55.636419035494328 30.173845566809177 107.37202216126025
leaf_count=4032 79 143 85 358
internal_value=-0.000647137 -0.000938545 -0.0059936 -0.00052529
internal_weight=1583.15 1550.73 85.8103 1464.92
internal_count=4697 4618 228 4390
is_linear=0
shrinkage=0.03


Tree=73
num_leaves=5
num_cat=0
split_feature=0 7 1 1
split_gain=2.75083 3.53049 5.94695 3.80397
threshold=1.0000000180025095e-35 1.0000000180025095e-35 -0.37028576433658594 -0.18479858338832852
decision_type=2 2 2 2
left_child=1 3 -3 -1
right_child=-2 2 -4 -5
leaf_value=0.0016331738961309944 0.0061804672151248019 -0.0064272792919796888 0.0033243314763735064 -0.0022229276023241844
leaf_weight=284.75494783557951 43.031439572572708 43.00864239782095 389.17143473029137 806.44197594560683
leaf_count=868 102 122 979 2550
internal_value=3.4091e-06 -0.00021003 0.00197985 -0.00115137
internal_weight=1566.41 1523.38 432.18 1091.2
internal_count=4621 4519 1101 3418
is_linear=0
shrinkage=0.03


Tree=74
num_leaves=7
num_cat=0
split_feature=1 3 0 0 0 0
split_gain=3.51032 4.46201 6.32495 6.03908 3.11082 6.51795
threshold=-0.22681242227554319 -1.1248093843460081 -0.8917294144630431 -1.0057997107505796 -0.94037958979606617 -0.83196806907653797
decision_type=2 2 2 2 2 2
left_child=1 2 -1 -3 -2 -6
right_child=4 3 -4 -5 5 -7
leaf_value=-0.0052523478665659181 0.00037800909297846938 0.0079090648143209548 0.0079235255679984632 -0.0027977187122584487 -0.011645790271979496 -0.00023253951053054859
leaf_weight=90.343045197427273 986.87090796232224 172.16819430887699 25.23465459048748 41.94299042224884 43.75363327562809 196.75837364047766
leaf_count=324 3021 474 66 104 109 524
internal_value=0.000376121 0.00304679 -0.00118856 0.00549556 -0.0003305 -0.00327381
internal_weight=1557.07 329.689 115.578 214.111 1227.38 240.512
internal_count=4622 968 390 578 3654 633
is_linear=0
shrinkage=0.03


Tree=75
num_leaves=7
num_cat=0
split_feature=2 3 2 2 0 0
split_gain=3.20888 2.67568 3.89384 3.63366 1.70157 4.91614
threshold=0.23568793386220935 -0.26338960230350489 0.43872863054275518 0.41536562144756323 -0.94037958979606617 -0.86251062154769886
decision_type=2 2 2 2 2 2
left_child=4 3 -3 -2 -1 -6
right_child=1 2 -4 -5 5 -7
leaf_value=0.0011929541668810504 -0.0081396580356272955 0.0060031173013096375 -0.0048126205208905704 0 -0.0093922294453243176 0.00033877092418958739
leaf_weight=1049.3408880084753 100.37860100343823 45.529965322464705 32.293523453176022 61.88944935053587 35.876804232597351 220.33046036213636
leaf_count=3098 330 175 132 208 93 578
internal_value=0 -0.00301572 0.000835333 -0.00508086 0.000627879 -0.00138805
internal_weight=1545.64 240.092 77.8235 162.268 1305.55 256.207
internal_count=4614 845 307 538 3769 671
is_linear=0
shrinkage=0.03


Tree=76
num_leaves=6
num_cat=0
split_feature=1 0 2 3 0
split_gain=4.81791 4.7502 4.2566 0.898644 0.744805
threshold=0.37327674031257635 1.0000000180025095e-35 -0.36745615303516382 -1.0232647061347959 -2.1289101839065547
decision_type=2 2 2 2 2
left_child=1 2 -1 -2 -5
right_child=3 -3 -4 4 -6
leaf_value=-0.0044947269481344573 -0.00049317906582538448 0.0087752510923124038 0.00063013736376106144 0 -0.0092457239437731421
leaf_weight=144.3776501826942 48.144143044948578 38.539739966392517 1264.8216243311763 20.417803131043911 45.180258240550756
leaf_count=460 158 91 3641 82 215
internal_value=-6.12457e-05 0.00039822 7.5437e-06 -0.00554306 -0.00756716
internal_weight=1561.48 1447.74 1409.2 113.742 65.5981
internal_count=4647 4192 4101 455 297
is_linear=0
shrinkage=0.03


Tree=77
num_leaves=7
num_cat=0
split_feature=7 2 0 1 1 0
split_gain=2.54952 4.0881 8.19547 2.91243 6.19037 2.82799
threshold=1.0000000180025095e-35 -0.36037555336952204 -0.44403289258480066 0.046269042417407043 -0.021462008357048031 -1.3068528175354002
decision_type=2 2 2 2 2 2
left_child=3 -2 -3 4 -1 -5
right_child=1 2 -4 5 -6 -7
leaf_value=-0.00060909698655455728 -0.0053280691511845253 0.0043325836911208967 -0.0074812813731509982 0.0026880044356622956 -0.007927887362180322 -0.002205588147093662
leaf_weight=572.76584607362747 41.480552233755589 372.82974391430616 39.357622280716896 283.01614178344607 115.25977029651403 134.04475275799632
leaf_count=1697 120 944 99 1013 350 395
internal_value=-9.39365e-05 0.00171074 0.00277171 -0.000905376 -0.00210921 0.000948951
internal_weight=1558.75 453.668 412.187 1105.09 688.026 417.061
internal_count=4618 1163 1043 3455 2047 1408
is_linear=0
shrinkage=0.03


Tree=78
num_leaves=7
num_cat=0
split_feature=0 0 3 1 0 0
split_gain=4.96778 6.0939 3.66637 3.52495 2.81173 6.82437
threshold=-1.5953487753868101 -2.0639964342117305 -0.59534037113189686 -0.018694670870900151 -0.63349360227584828 1.0000000180025095e-35
decision_type=2 2 2 2 2 2
left_child=1 3 -3 -1 -2 -6
right_child=4 2 -4 -5 5 -7
leaf_value=0.0038715102782985187 0.0030139199075086718 -0.00096281741396792118 -0.0077363325564881423 -0.0013575472672992916 -0.004590910490346308 0.0073812295649499171
leaf_weight=200.34167855605483 662.17450535297394 195.07537712529302 132.19126703217626 207.27150707319379 128.32561956346035 38.784626930952072
leaf_count=637 1802 633 460 710 333 96
internal_value=0.000535939 -0.00119219 -0.00415957 0.00113309 0.00213 -0.000999661
internal_weight=1564.16 734.88 327.267 407.613 829.285 167.11
internal_count=4671 2440 1093 1347 2231 429
is_linear=0
shrinkage=0.03


Tree=79
num_leaves=5
num_cat=0
split_feature=0 1 3 3
split_gain=6.45021 1.79686 7.62411 2.92379
threshold=1.0000000180025095e-35 -0.036775341257452958 0.030338943004608158 -0.45023216307163233
decision_type=2 2 2 2
left_child=1 2 -1 -3
right_child=-2 3 -4 -5
leaf_value=0.0023546477027829049 0.0095688045388106335 -0.002578042445117223 -0.0049310692792812923 0.0010758907468657692
leaf_weight=570.87800306081772 41.786555737257004 535.31396217644215 143.04576358944178 263.82779094204307
leaf_count=1658 102 1587 441 864
internal_value=3.32017e-05 -0.000312404 0.000718494 -0.00130167
internal_weight=1554.85 1513.07 713.924 799.142
internal_count=4652 4550 2099 2451
is_linear=0
shrinkage=0.03


Tree=80
num_leaves=7
num_cat=0
split_feature=3 2 2 2 4 2
split_gain=3.96736 4.7419 4.25303 3.39219 5.44286 5.14262
threshold=-1.5965417027473447 -0.0064343845006078473 0.0914498306810856 0.022488925606012348 1.0000000180025095e-35 -0.059987550601363175
decision_type=2 2 2 2 2 2
left_child=1 -1 -3 5 -5 -2
right_child=3 2 -4 4 -6 -7
leaf_value=-0.0061429852490892832 0.00079789587738260327 0.0074087549803100372 -0.0021071237911568382 -0.0023820712366040141 0.0045794698022519212 0.0066018177205124035
leaf_weight=148.0105573348701 584.01962785050273 42.172602705657482 101.88098765909672 407.9844205789268 109.64818247407675 177.24516451358795
leaf_count=535 1582 140 302 1327 362 469
internal_value=0.000333175 -0.00265421 0.000876563 0.00109197 -0.000680333 0.00236043
internal_weight=1570.96 292.064 144.054 1278.9 517.633 761.265
internal_count=4717 977 442 3740 1689 2051
is_linear=0
shrinkage=0.03


Tree=81
num_leaves=7
num_cat=0
split_feature=0 1 1 1 0 1
split_gain=5.01974 2.70693 6.11482 3.22011 2.17211 1.90541
threshold=-1.5953487753868101 -0.1306953355669975 -0.055220967158675187 -0.46286566555500025 -1.6347439885139463 -0.46286566555500025
decision_type=2 2 2 2 2 2
left_child=4 3 -3 -2 5 -1
right_child=1 2 -4 -5 -6 -7
leaf_value=0.0029291515030244525 -0.0027005811907779629 -0.0065184233422098418 0.0013370457163997217 0.0049596983261368669 -0.008629727970548777 -0.0021360311131830745
leaf_weight=47.306457914412022 37.392383590340614 88.694494917988777 475.01025696471334 222.52747073769569 30.571272198110819 657.50189558416605
leaf_count=136 110 243 1292 586 107 2198
internal_value=-0.000433961 0.00111567 0 0.00352912 -0.00223256 -0.00164183
internal_weight=1559 823.625 563.705 259.92 735.38 704.808
internal_count=4672 2231 1535 696 2441 2334
is_linear=0
shrinkage=0.03


Tree=82
num_leaves=7
num_cat=0
split_feature=2 5 2 2 3 3
split_gain=2.45574 4.29887 4.00538 2.76392 4.40708 1.62584
threshold=-0.36745615303516382 1.0000000180025095e-35 -0.50726866722106922 -0.25380344688892359 0.54235687851905834 -0.31519919633865351
decision_type=2 2 2 2 2 2
left_child=1 2 -1 5 -5 -2
right_child=3 -3 -4 4 -6 -7
leaf_value=0 0.00055651287156510427 0.0032828185908720538 -0.010516829354249243 0.00048357655790938703 -0.0053150011638357754 0.0078441217446476672
leaf_weight=45.495687574148178 88.075468212366104 35.993403445929289 60.387603644281626 1161.7500780709088 110.73403277248144 46.692235119640827
leaf_count=153 250 116 194 3468 376 127
internal_value=0 -0.00353319 -0.00648027 0.000364268 -4.90411e-05 0.00415647
internal_weight=1549.13 141.877 105.883 1407.25 1272.48 134.768
internal_count=4684 463 347 4221 3844 377
is_linear=0
shrinkage=0.03


Tree=83
num_leaves=7
num_cat=0
split_feature=2 3 3 3 3 2
split_gain=3.78198 5.26116 7.71011 4.31008 4.57581 4.26152
threshold=0.172770731151104 -0.26338960230350489 -1.3462581038475034 0.27615602314472204 -1.2145074009895322 0.5403062403202058
decision_type=2 2 2 2 2 2
left_child=3 2 -2 4 -1 -3
right_child=1 5 -4 -5 -6 -7
leaf_value=-0.00094664937469884198 0.00070491172873463276 0.0056276182238238423 -0.0092074977760708328 -0.0034790875008296968 0.0029849957542033073 -0.0055164858740145263
leaf_weight=402.5018684566021 101.19045550748706 80.251984804868698 143.82846844941378 165.99195931106806 642.14639993011951 21.826882794499397
leaf_count=1307 295 297 483 505 1706 90
internal_value=-0.000101486 -0.00280465 -0.00514311 0.000657756 0.00142445 0.00223988
internal_weight=1557.74 347.098 245.019 1210.64 1044.65 102.079
internal_count=4683 1165 778 3518 3013 387
is_linear=0
shrinkage=0.03


Tree=84
num_leaves=7
num_cat=0
split_feature=0 3 3 0 1 0
split_gain=3.19734 7.42409 10.2733 6.83027 3.27883 5.87788
threshold=-1.1971287131309507 -0.7777014672756194 -1.5871195197105405 -1.0200843811035154 0.1072727181017399 -2.216841340065002
decision_type=2 2 2 2 2 2
left_child=4 2 -2 -3 -1 -6
right_child=1 3 -4 -5 5 -7
leaf_value=-0.0020510063037546878 -0.0014883016287399033 0.0049844184576866655 0.0098115917986665805 -0.0052239678855203805 -0.0038770398566742104 0.0041167019292490227
leaf_weight=738.46931779757142 101.79764460027218 65.562294214963913 154.87438817694783 155.52760620415211 99.991640791296959 226.58698064833879
leaf_count=2263 308 179 404 411 338 741
internal_value=0 0.00197695 0.0053295 -0.00178553 -0.000926883 0.00141357
internal_weight=1542.81 477.762 256.672 221.09 1065.05 326.579
internal_count=4644 1302 712 590 3342 1079
is_linear=0
shrinkage=0.03


Tree=85
num_leaves=7
num_cat=0
split_feature=2 7 3 3 2 1
split_gain=4.2384 3.21731 18.1802 3.63155 3.0803 5.68788
threshold=0.028356108814477924 1.0000000180025095e-35 -1.0907334089279173 -0.27614845335483545 -0.059987550601363175 -0.086861509829759584
decision_type=2 2 2 2 2 2
left_child=4 3 -3 -2 5 -1
right_child=1 2 -4 -5 -6 -7
leaf_value=0.0017771826411583037 -0.0056347407094452257 0.0078971258748210017 -0.0088630779125853081 0 0.0037720457161617678 -0.0038944467390314508
leaf_weight=463.96616529673338 267.45972838252783 117.82708559930325 80.044350638985634 141.94350776076317 236.23071835190058 216.73850704357028
leaf_count=1387 940 286 227 533 651 619
internal_value=-0.000271794 -0.00220693 0.000650553 -0.0036937 0.000965536 -2.66766e-06
internal_weight=1524.21 607.275 197.871 409.403 916.935 680.705
internal_count=4643 1986 513 1473 2657 2006
is_linear=0
shrinkage=0.03


Tree=86
num_leaves=7
num_cat=0
split_feature=2 3 3 4 3 3
split_gain=4.96713 3.76858 4.04416 2.85333 5.6241 2.9498
threshold=0.172770731151104 -1.5352584719657896 0.66255709528923046 1.0000000180025095e-35 -1.0907334089279173 -0.91466522216796864
decision_type=2 2 2 2 2 2
left_child=1 -1 -3 4 -2 -5
right_child=3 2 -4 5 -6 -7
leaf_value=-0.0021099091051369101 0.00081897466708717877 0.0025553776697823482 -0.0035730136944879241 -0.0024059906536405043 -0.0076514802900417107 0.0067965004240922817
leaf_weight=243.8506330139935 89.732277341187 851.6677685752511 83.823685709387064 53.445598714053631 163.70634199678898 30.683154236525297
leaf_count=857 252 2367 273 188 625 104
internal_value=2.0676e-05 0.000983686 0.00188016 -0.00304278 -0.00459247 0.00103486
internal_weight=1516.91 1179.34 935.491 337.567 253.439 84.1288
internal_count=4666 3497 2640 1169 877 292
is_linear=0
shrinkage=0.03


Tree=87
num_leaves=7
num_cat=0
split_feature=2 2 2 2 0 2
split_gain=2.53629 3.89801 4.01805 2.98137 3.94376 2.74624
threshold=0.23314429819583896 0.37060858309268957 0.5403062403202058 -0.37639430165290827 -2.2812517881393428 -0.34232164919376368
decision_type=2 2 2 2 2 2
left_child=3 -2 -3 4 -1 -5
right_child=1 2 -4 5 -6 -7
leaf_value=0.0035299476705004233 -0.0064998035736176553 0.0048578807246832112 -0.0044264385704416362 0.0073710221070156191 -0.0064625189465323633 0.00025816009771841307
leaf_weight=26.566642381250858 123.63112808391452 70.232740569859743 56.441168788820505 32.827262490987778 104.19731465354562 1099.2187742628157
leaf_count=89 424 245 213 96 341 3237
internal_value=-0.000439313 -0.00308391 0.000272562 7.80153e-05 -0.00383546 0.000640885
internal_weight=1513.12 250.305 126.674 1262.81 130.764 1132.05
internal_count=4645 882 458 3763 430 3333
is_linear=0
shrinkage=0.03


Tree=88
num_leaves=7
num_cat=0
split_feature=3 0 3 0 0 0
split_gain=2.37259 6.70105 3.92497 7.882 2.80411 2.3244
threshold=-0.19653937965631482 -2.5066567659378047 -1.5464038848876951 -1.1024277806282041 -1.7194453477859495 -0.96610280871391285
decision_type=2 2 2 2 2 2
left_child=2 -2 5 -4 -3 -1
right_child=1 4 3 -5 -6 -7
leaf_value=-0.00060038210103293169 0.0082710618716923066 -0.0067099225169752518 -0.00036485737108875229 0.006169633814684411 -0.0011259439333599517 -0.0065494734951576207
leaf_weight=243.91721158474684 25.936038244515657 148.73311888426542 589.74178184382617 202.79130324348807 238.72683489322662 75.417212259024382
leaf_count=854 92 541 1767 526 673 222
internal_value=-0.000514391 -0.00240786 0.000166705 0.00134403 -0.00364084 -0.00248541
internal_weight=1525.26 413.396 1111.87 792.533 387.46 319.334
internal_count=4675 1306 3369 2293 1214 1076
is_linear=0
shrinkage=0.03


Tree=89
num_leaves=7
num_cat=0
split_feature=3 3 2 3 2 2
split_gain=2.5993 3.85869 6.49439 3.21266 2.05586 6.89703
threshold=-0.16091976314783094 -1.5464038848876951 0.0094351475127041357 -1.8369846940040586 -0.078636463731527315 -0.25380344688892359
decision_type=2 2 2 2 2 2
left_child=1 3 -3 -1 5 -2
right_child=4 2 -4 -5 -6 -7
leaf_value=0.0010373398571483677 0.0018333465459660612 0.0044971310248937604 -0.00073651351639198402 -0.0045571337804676936 8.1712173700557633e-05 -0.00897605183930574
leaf_weight=168.96003421396017 78.632460735738277 471.54361221939325 338.1664318703115 144.76966628059745 226.85296958312392 88.725540548563004
leaf_count=525 241 1263 1072 529 746 269
internal_value=0.00040123 0.0011648 0.00227398 -0.00148282 -0.00158115 -0.0039235
internal_weight=1517.65 1123.44 809.71 313.73 394.211 167.358
internal_count=4645 3389 2335 1054 1256 510
is_linear=0
shrinkage=0.03


Tree=90
num_leaves=7
num_cat=0
split_feature=3 0 4 3 0 2
split_gain=3.32561 6.90268 16.358 6.33245 5.38821 1.86742
threshold=-0.7777014672756194 -1.3238973021507261 1.0000000180025095e-35 -1.0907334089279173 -2.5066567659378047 0.25945340096950537
decision_type=2 2 2 2 2 2
left_child=1 3 -3 -1 -2 -6
right_child=4 2 -4 -5 5 -7
leaf_value=-0.0037807086616263156 0.0061037221799950759 0.0077462378736302146 -0.0071317299497131465 0.0034851038034082434 -0.0037734751551170478 1.6526580093517622e-05
leaf_weight=360.58940484374762 39.877294093370438 230.14829449728131 69.219321634620428 125.26953446492553 570.71733681857586 106.94350728020072
leaf_count=1230 136 619 240 361 1652 413
internal_value=-0.000901441 0.000383497 0.00388712 -0.00172502 -0.00236121 -0.00310604
internal_weight=1502.76 785.227 299.368 485.859 717.538 677.661
internal_count=4651 2450 859 1591 2201 2065
is_linear=0
shrinkage=0.03


Tree=91
num_leaves=7
num_cat=0
split_feature=2 5 2 3 3 3
split_gain=2.79974 6.59023 5.24491 3.62757 2.04947 1.86281
threshold=-0.031188668683171269 1.0000000180025095e-35 -0.059987550601363175 -1.0907334089279173 -1.1248093843460081 -0.99778911471366871
decision_type=2 2 2 2 2 2
left_child=2 4 3 -1 -2 -4
right_child=1 -3 5 -5 -6 -7
leaf_value=-0.002707284297966679 0.0017315291686534988 -0.0071136302277923051 0 0.0016838717297667867 -0.0016310896544816556 0.010407640440296538
leaf_weight=254.21597795188427 264.75064688920975 135.18651140853763 34.979621477425098 422.60718089342117 354.36045942828059 45.590833328664303
leaf_count=863 796 583 103 1169 1062 117
internal_value=-0.000274028 -0.00157756 0.000954182 0 -9.00648e-05 0.00734671
internal_weight=1511.69 754.298 757.394 676.823 619.111 80.5705
internal_count=4693 2441 2252 2032 1858 220
is_linear=0
shrinkage=0.03


Tree=92
num_leaves=7
num_cat=0
split_feature=1 0 1 0 3 4
split_gain=3.16045 5.8221 5.00455 5.41776 3.35063 1.76189
threshold=0.060087762773036964 -0.94037958979606617 -0.37612149119377131 -1.5307230949401853 -0.45023216307163233 1.0000000180025095e-35
decision_type=2 2 2 2 2 2
left_child=2 4 5 -4 -2 -1
right_child=1 -3 3 -5 -6 -7
leaf_value=-0.0051942544284636341 -0.001794073805536099 -0.0070654308104602269 -0.00012714734044482067 0.0045927192903797258 0.0033121479543836894 0.0008625925879190146
leaf_weight=108.79896622523665 294.75697824731469 112.09408450126648 399.59564745798707 405.71176898106933 162.53425384685397 34.731563471257687
leaf_count=325 941 317 1327 1103 569 116
internal_value=0.000173318 -0.00151585 0.00125926 0.00223168 0 -0.00343547
internal_weight=1518.22 569.385 948.838 805.307 457.291 143.531
internal_count=4698 1827 2871 2430 1510 441
is_linear=0
shrinkage=0.03


Tree=93
num_leaves=5
num_cat=0
split_feature=0 0 3 0
split_gain=1.52228 1.80411 2.4382 1.93766
threshold=-2.5532439947128291 -1.5631610751152036 0.27615602314472204 -1.4242801666259763
decision_type=2 2 2 2
left_child=-1 2 -2 -3
right_child=1 3 -4 -5
leaf_value=0.0049937778022431083 0 0.0044934165244167332 -0.0046895252954122311 0.00041639382543362741
leaf_weight=45.076424103230238 590.16373719274998 119.90114740654826 102.24988771229982 632.54520127177238
leaf_count=148 1996 348 389 1774
internal_value=0.000458318 0.000209613 -0.000832797 0.00124326
internal_weight=1489.94 1444.86 692.414 752.446
internal_count=4655 4507 2385 2122
is_linear=0
shrinkage=0.03


Tree=94
num_leaves=7
num_cat=0
split_feature=1 1 0 0 4 1
split_gain=5.17304 3.29713 6.19053 5.31175 2.6331 0.721819
threshold=0.29259778559207922 0.09875077381730081 -2.2038924694061275 -2.3295512199401851 1.0000000180025095e-35 0.41729383170604711
decision_type=2 2 2 2 2 2
left_child=1 3 -3 -1 -2 -6
right_child=4 2 -4 -5 5 -7
leaf_value=0.0048241102118480204 -0.0065243722579473506 -0.0043879301399150136 0.0053422794188463371 -0.0010899166270289065 0.0036586314980804409 -0.001487354220426132
leaf_weight=140.87549258396029 131.17730753496289 52.186904966831207 250.14314969629049 866.57163779437542 22.243162147700787 23.903455182909966
leaf_count=468 492 186 721 2603 75 90
internal_value=0 0.000658923 0.0033085 -0.00012673 -0.00454625 0.000442232
internal_weight=1487.1 1309.78 302.33 1007.45 177.324 46.1466
internal_count=4635 3978 907 3071 657 165
is_linear=0
shrinkage=0.03


Tree=95
num_leaves=5
num_cat=0
split_feature=0 0 7 3
split_gain=2.91827 3.88943 3.39102 3.20879
threshold=1.0000000180025095e-35 -0.44403289258480066 1.0000000180025095e-35 -0.75315105915069569
decision_type=2 2 2 2
left_child=1 2 -1 -3
right_child=-2 3 -4 -5
leaf_value=-0.00065191893910036196 0.0066093364683657433 0 0.0025874812860933742 -0.011227098367021989
leaf_weight=1005.1268099993467 40.114836052060127 33.413032323122025 380.91970708966255 30.29656571149826
leaf_count=3306 100 97 1035 85
internal_value=0.000111829 -0.000114626 0.000219817 -0.00642154
internal_weight=1489.87 1449.76 1386.05 63.7096
internal_count=4623 4523 4341 182
is_linear=0
shrinkage=0.03


Tree=96
num_leaves=7
num_cat=0
split_feature=0 1 0 1 2 1
split_gain=5.13985 4.14064 4.80922 3.83311 1.67802 4.6527
threshold=-1.5953487753868101 -0.1715918034315109 -0.94037958979606617 -0.37612149119377131 -0.0088005731813609583 -0.13666544854640958
decision_type=2 2 2 2 2 2
left_child=4 3 -3 -2 5 -1
right_child=1 2 -4 -5 -6 -7
leaf_value=-0.0038430918610247492 -0.00061291814238130266 0.0016663392878429493 -0.0037345984864649729 0.0071905152422329895 -0.0041212557220263327 0.0023859565841905634
leaf_weight=211.0932337641716 65.092396341264248 371.85576763004065 215.61096177622676 130.62003054469824 323.04529408738017 173.9294106811285
leaf_count=698 184 1032 613 378 1206 548
internal_value=-0.00068503 0.000926236 -0.000274826 0.00450081 -0.00252611 -0.000902185
internal_weight=1491.25 783.179 587.467 195.712 708.068 385.023
internal_count=4659 2207 1645 562 2452 1246
is_linear=0
shrinkage=0.03


Tree=97
num_leaves=5
num_cat=0
split_feature=1 7 0 0
split_gain=2.55599 2.03643 3.69553 2.07249
threshold=0.60774821043014537 1.0000000180025095e-35 -1.3238973021507261 -2.5532439947128291
decision_type=2 2 2 2
left_child=1 3 -3 -1
right_child=-2 2 -4 -5
leaf_value=0.0055700679196608923 -0.0058030084663273952 -0.00016239111638249623 0.0051098756675089195 -0.00043695209135206269
leaf_weight=34.058272797614336 37.602752976119518 218.63470084965229 196.44806966930628 1000.6681954972446
leaf_count=125 149 598 535 3261
internal_value=0.00031055 0.00058674 0.00231512 -8.0471e-05
internal_weight=1487.41 1449.81 415.083 1034.73
internal_count=4668 4519 1133 3386
is_linear=0
shrinkage=0.03


Tree=98
num_leaves=7
num_cat=0
split_feature=2 2 0 5 0 0
split_gain=1.82786 3.8884 4.53143 3.76826 5.15966 3.1768
threshold=0.028356108814477924 1.0000000180025095e-35 -2.4308307170867915 1.0000000180025095e-35 -1.0746092200279234 -1.7034559845924375
decision_type=2 2 2 2 2 2
left_child=1 2 -1 5 -5 -2
right_child=3 -3 -4 4 -6 -7
leaf_value=0.0062253393280317414 0.0023165336511903555 0.0065388348682333328 -0.0009276940216434009 -0.0092488097312714082 0.0036297040951666104 -0.0023045868100172377
leaf_weight=68.63745204359293 201.93427434563637 65.996652320027351 739.37073411792517 86.822188042104244 18.060197673738003 305.01745224371552
leaf_count=216 670 182 2215 442 56 880
internal_value=-0.000368626 0.000458222 -0.000111914 -0.00162186 -0.0063246 -0.000331933
internal_weight=1485.84 874.005 808.008 611.834 104.882 506.952
internal_count=4661 2613 2431 2048 498 1550
is_linear=0
shrinkage=0.03


Tree=99
num_leaves=7
num_cat=0
split_feature=3 3 0 3 2 2
split_gain=2.0202 3.98134 5.48852 4.96829 3.13057 2.92588
threshold=-0.94147047400474537 -1.5965417027473447 -1.1024277806282041 -1.8369846940040586 0.5403062403202058 0.25548498332500463
decision_type=2 2 2 2 2 2
left_child=1 3 -3 -1 5 -2
right_child=4 2 -4 -5 -6 -7
leaf_value=0.0019428983061508085 -0.00084865121621739215 0.00088449232174260127 0.008585953133917414 -0.0056241357519305306 -0.0076037311371080817 0.0044985993421711853
leaf_weight=163.60297090187669 654.28255010768771 307.8221335709095 110.34315752610564 110.14812016300857 34.307786636054516 86.200956173241138
leaf_count=530 1968 965 298 407 144 329
internal_value=0.000354078 0.00153646 0.00335279 -0.00107318 -0.000638428 -4.53332e-05
internal_weight=1466.71 691.916 418.165 273.751 774.791 740.484
internal_count=4641 2200 1263 937 2441 2297
is_linear=0
shrinkage=0.03


Tree=100
num_leaves=7
num_cat=0
split_feature=2 3 2 2 3 0
split_gain=3.06495 3.61391 3.55361 4.88555 4.41454 3.17813
threshold=0.19272058457136157 -1.5464038848876951 0.41536562144756323 0.5403062403202058 -0.037680419161915772 -1.7194453477859495
decision_type=2 2 2 2 2 2
left_child=1 -1 4 -4 -2 -3
right_child=2 5 3 -5 -6 -7
leaf_value=-0.0017342254030985414 -0.0065615193596004814 0 0.0080312600201164104 -0.0029909902012876235 0.0024809775874018191 0.0036182300043995303
leaf_weight=234.42165236920118 152.94455221667886 380.48821300268173 45.721808463335037 54.132341202348471 44.018976662307978 554.96975110471249
leaf_count=856 521 1212 156 215 163 1516
internal_value=0.000632663 0.00135344 -0.00192492 0.00205333 -0.00422167 0.00221009
internal_weight=1466.7 1169.88 296.818 99.8541 196.964 935.458
internal_count=4639 3584 1055 371 684 2728
is_linear=0
shrinkage=0.03


Tree=101
num_leaves=7
num_cat=0
split_feature=0 2 0 3 4 2
split_gain=6.32903 3.68105 4.46066 3.26987 2.95837 5.40668
threshold=-1.4704480171203611 0.23568793386220935 -1.2875074744224546 -1.0907334089279173 1.0000000180025095e-35 -0.073616702109575258
decision_type=2 2 2 2 2 2
left_child=4 2 -2 -3 -1 -6
right_child=1 3 -4 -5 5 -7
leaf_value=-0.0034596212054826552 0.0071420692628853871 0.0019628540227787442 0.00080480505519079303 -0.0068058258968500028 -0.0049285252594533403 0.0042412741464251729
leaf_weight=590.56228750571609 124.88681708276272 43.261360589414835 438.47263584658504 63.180581234395504 73.535114511847496 126.81339794769883
leaf_count=2008 327 133 1230 217 281 452
internal_value=-0.000586742 0.00148134 0.00250921 -0.00302067 -0.00240548 0.000461477
internal_weight=1460.71 669.801 563.359 106.442 790.911 200.349
internal_count=4648 1907 1557 350 2741 733
is_linear=0
shrinkage=0.03


Tree=102
num_leaves=7
num_cat=0
split_feature=1 0 0 0 1 0
split_gain=3.51369 5.02069 4.50015 5.05391 4.59564 3.9819
threshold=-0.12130889296531676 -0.94037958979606617 -1.9379816651344297 -2.3255755901336665 -0.36442305147647852 -1.2057381272315977
decision_type=2 2 2 2 2 2
left_child=2 5 3 -1 -4 -2
right_child=1 -3 4 -5 -6 -7
leaf_value=0.0032248527123033238 -0.00080868647132709538 -0.005116330565055313 -0.00088322480325962022 -0.0060832757208922963 0.0060999449586687611 0.0048074450348496167
leaf_weight=74.556137405335903 652.89419149421155 188.09695101156831 97.886145614087582 89.796223513782024 244.18048614636064 116.16070006042719
leaf_count=251 2187 554 296 322 719 328
internal_value=4.72557e-05 -0.000976581 0.00205991 -0.00164354 0.00399751 6.39051e-05
internal_weight=1463.57 957.152 506.419 164.352 342.067 769.055
internal_count=4657 3069 1588 573 1015 2515
is_linear=0
shrinkage=0.03


Tree=103
num_leaves=7
num_cat=0
split_feature=2 2 0 3 3 3
split_gain=4.64094 5.1438 6.95113 3.02308 2.97157 3.44214
threshold=0.022488925606012348 -0.37639430165290827 -2.3147352933883663 0.66255709528923046 -1.8736186623573301 -2.0112147331237789
decision_type=2 2 2 2 2 2
left_child=1 2 -1 -3 5 -2
right_child=4 3 -4 -5 -6 -7
leaf_value=0.0063121265068984645 -0.0018947485185654065 0.0029484895830634707 -0.007207725322381656 -0.003316712345520998 -0.0029473500701331624 0.008281859632777817
leaf_weight=25.405842505395412 42.329365469515324 662.96975832618773 104.69627018645406 51.773176655173302 532.9053065571934 31.484684482216835
leaf_count=86 124 1974 351 169 1853 94
internal_value=-0.000107237 0.00127596 -0.00367862 0.00233507 -0.0021083 0.00264662
internal_weight=1451.56 844.845 130.102 714.743 606.719 73.814
internal_count=4651 2580 437 2143 2071 218
is_linear=0
shrinkage=0.03


Tree=104
num_leaves=7
num_cat=0
split_feature=0 0 2 1 2 0
split_gain=2.31383 3.19227 2.50438 2.44174 2.00407 0.920097
threshold=-0.77283066511154164 -0.97662916779518116 0.032705521211028106 0.060087762773036964 0.07492347434163095 -0.47106426954269404
decision_type=2 2 2 2 2 2
left_child=1 2 -1 -2 -3 -5
right_child=3 4 -4 5 -6 -7
leaf_value=0.0011283114301288476 0.0050789293336441351 -0.0080606251628220407 -0.0016805886107590185 0.0012712931862590632 0 -0.0038452819163918702
leaf_weight=701.31113160401583 132.64348786324263 56.15714468806982 452.90064096823335 35.44870288297534 40.863075871020555 34.744171395897865
leaf_count=2189 370 168 1601 106 127 111
internal_value=0 -0.000462149 0 0.00285075 -0.00518381 -0.000887157
internal_weight=1454.07 1251.23 1154.21 202.836 97.0202 70.1929
internal_count=4672 4085 3790 587 295 217
is_linear=0
shrinkage=0.03


Tree=105
num_leaves=7
num_cat=0
split_feature=0 3 3 1 0 0
split_gain=3.18659 3.79445 6.62544 3.04537 2.93033 2.50238
threshold=-0.63349360227584828 -0.54416543245315541 -1.5068920850753782 0.4053132832050324 -1.1024277806282041 -2.3255755901336665
decision_type=2 2 2 2 2 2
left_child=3 2 -2 4 -1 -5
right_child=1 -3 -4 5 -6 -7
leaf_value=0.00041102190390550445 -0.0074409346169009034 -0.0085545106477835191 0.0058087963270320236 -0.0097788171881063261 0.0042685387750464833 0
leaf_weight=998.57598537392914 38.451429843902588 56.64307839050889 60.806533209979534 21.657651778310537 211.11177918687463 61.242879156023264
leaf_count=3240 113 162 165 74 604 258
internal_value=0.000205577 -0.00353147 0 0.00074896 0.00119149 -0.00410192
internal_weight=1448.49 155.901 99.258 1292.59 1209.69 82.9005
internal_count=4616 440 278 4176 3844 332
is_linear=0
shrinkage=0.03


Tree=106
num_leaves=5
num_cat=0
split_feature=0 7 3 3
split_gain=2.30311 2.39057 8.46227 2.56812
threshold=-2.5532439947128291 1.0000000180025095e-35 -0.90662956237792958 -1.0782713294029234
decision_type=2 2 2 2
left_child=-1 3 -3 -2
right_child=1 2 -4 -5
leaf_value=0.0057452197076696479 -0.003092538249106133 0.0046529322034242265 -0.0040660543827596698 3.4295133003272454e-05
leaf_weight=42.635583531111479 316.01577415317297 278.50717517361045 126.39413146674633 674.55385400727391
leaf_count=149 1171 783 361 2178
internal_value=9.47945e-05 -0.000114191 0.00172672 -0.00094533
internal_weight=1438.11 1395.47 404.901 990.57
internal_count=4642 4493 1144 3349
is_linear=0
shrinkage=0.03


Tree=107
num_leaves=7
num_cat=0
split_feature=0 2 0 0 2 3
split_gain=2.88499 9.71806 3.48906 3.25027 2.86465 1.94211
threshold=-0.94037958979606617 -0.11249577999114989 -1.1971287131309507 -1.3068528175354002 -0.16127721220254895 -0.57093748450279225
decision_type=2 2 2 2 2 2
left_child=2 5 3 -1 -4 -2
right_child=1 -3 4 -5 -6 -7
leaf_value=0.00048218966756949637 0.0067431124104673943 -0.0068677996812924304 -0.0011778031819867606 -0.0048676156179813168 0.006375872072828177 -5.7278866331525496e-05
leaf_weight=902.94799222610891 58.659455172717571 172.78853832930326 39.673681680113077 94.517700627446175 128.92668229714036 40.555885307490826
leaf_count=3072 165 520 119 275 369 115
internal_value=-2.07333e-05 -0.00272973 0.000595971 -5.14928e-05 0.00434386 0.00391679
internal_weight=1438.07 272.004 1166.07 997.466 168.6 99.2153
internal_count=4635 800 3835 3347 488 280
is_linear=0
shrinkage=0.03


Tree=108
num_leaves=7
num_cat=0
split_feature=3 3 0 0 0 0
split_gain=3.22052 3.24548 3.88025 2.29318 1.03126 2.49653
threshold=0.49912735819816595 -1.2990165352821348 -2.3065364360809322 -1.4744830131530759 -1.3427549600601194 -1.9379816651344297
decision_type=2 2 2 2 2 2
left_child=1 3 -3 -1 5 -2
right_child=4 2 -4 -5 -6 -7
leaf_value=-0.0035953894945566969 -0.0050712673074831353 0.0062748862711884158 0.00064512854796016663 0.00053619890254548626 -0.0068934097878054724 0.0029130107535651865
leaf_weight=212.93301254883409 48.869415627792478 118.87206594273448 748.27645706012845 198.6437534019351 50.688835330307484 45.827381372451782
leaf_count=810 198 397 2300 612 157 159
internal_value=1.39094e-06 0.000544222 0.00160857 -0.00152985 -0.00389868 -0.000850062
internal_weight=1424.11 1278.73 867.149 411.577 145.386 94.6968
internal_count=4633 4119 2697 1422 514 357
is_linear=0
shrinkage=0.03


Tree=109
num_leaves=7
num_cat=0
split_feature=2 5 0 3 2 0
split_gain=3.22661 5.26727 4.83777 4.22982 3.50044 3.41629
threshold=-0.024260493926703926 1.0000000180025095e-35 -1.8882032632827757 -1.5965417027473447 -0.064869392663240419 -2.0060998201370235
decision_type=2 2 2 2 2 2
left_child=3 5 -3 -1 -5 -2
right_child=1 2 -4 4 -6 -7
leaf_value=-0.0026154664429199463 0.0038888459867714156 -0.011769357182761363 -5.5916582208728639e-06 0.0016546935409986906 0.0079357581948418972 -0.0010581077879241825
leaf_weight=127.19731793180108 153.03666305914521 50.005321860313416 76.404109019786119 517.23934896662831 91.742734491825104 421.05436934158206
leaf_count=484 519 269 296 1551 254 1272
internal_value=0.000447946 -0.000941327 -0.00604098 0.00183917 0.00291857 0.000246141
internal_weight=1436.68 700.5 126.409 736.179 608.982 574.091
internal_count=4645 2356 565 2289 1805 1791
is_linear=0
shrinkage=0.03


Tree=110
num_leaves=7
num_cat=0
split_feature=2 3 2 1 1 2
split_gain=4.61293 6.77244 3.71132 3.46941 7.43152 6.76104
threshold=0.172770731151104 -0.26338960230350489 0.3921900093555451 0.088931299746036543 0.060087762773036964 -0.10120730474591254
decision_type=2 2 2 2 2 2
left_child=3 -2 -3 4 -1 -5
right_child=1 2 -4 5 -6 -7
leaf_value=0.00085525044115947169 -0.0058144085914384218 0.0068027429727196241 -0.0028311176753900171 -0.0047659303324032428 -0.0099535876628932766 0.0065036748182417444
leaf_weight=852.62655725888908 219.5061275549233 62.190229449421167 38.158883087337017 39.659178227186203 41.133217670023441 194.61253546178341
leaf_count=2676 763 232 167 119 130 591
internal_value=8.93366e-05 -0.0029369 0.00277912 0.00103591 8.5164e-05 0.0041351
internal_weight=1447.89 319.855 100.349 1128.03 893.76 234.272
internal_count=4678 1162 399 3516 2806 710
is_linear=0
shrinkage=0.03


Tree=111
num_leaves=7
num_cat=0
split_feature=5 0 0 1 3 0
split_gain=2.17266 3.08441 4.95869 2.92303 1.82737 6.94695
threshold=1.0000000180025095e-35 -2.3065364360809322 -1.0847847461700437 -0.018694670870900151 0.26061069965362554 -1.5953487753868101
decision_type=2 2 2 2 2 2
left_child=4 3 -3 -2 -1 -6
right_child=1 2 -4 -5 5 -7
leaf_value=0 0.0068093175487617596 -0.0060238031922135267 0.0028070024313089641 -0.0027136006915520219 -0.0028591881978888498 0.0086199974381883059
leaf_weight=972.37409300170839 39.804891269654036 197.51084264926612 53.776331324130297 29.532438687980175 65.474151160567999 80.076708488166332
leaf_count=3029 134 763 151 134 237 226
internal_value=-0.00013022 -0.00226153 -0.0038452 0.0023822 0.000457324 0.00337222
internal_weight=1438.55 320.625 251.287 69.3373 1117.92 145.551
internal_count=4674 1182 914 268 3492 463
is_linear=0
shrinkage=0.03


Tree=112
num_leaves=7
num_cat=0
split_feature=2 2 3 3 3 4
split_gain=2.76465 2.85788 2.61355 4.90675 3.86709 2.2946
threshold=0.022488925606012348 0.072838228195905699 -1.2481997013092039 -1.8008959293365476 -0.19653937965631482 1.0000000180025095e-35
decision_type=2 2 2 2 2 2
left_child=2 -2 3 -1 -4 -3
right_child=1 5 4 -5 -6 -7
leaf_value=0.0032638416990384868 -0.005983065282465878 -0.0018337882589479384 0.0040004660747055493 -0.0044845833438085601 -0.0006488125102090211 0.0025327306742169023
leaf_weight=96.78940468095243 96.346513744443655 356.36280359514058 353.27913795411587 163.64408366009593 240.64243012666702 125.77802657708526
leaf_count=357 324 1267 982 563 726 438
internal_value=-9.31034e-05 -0.00169939 0.00093989 -0.00136355 0.00205919 -0.000519681
internal_weight=1432.84 578.487 854.355 260.433 593.922 482.141
internal_count=4657 2029 2628 920 1708 1705
is_linear=0
shrinkage=0.03


Tree=113
num_leaves=7
num_cat=0
split_feature=0 0 2 7 0 0
split_gain=4.25762 4.11232 4.06645 2.80761 6.40058 4.37735
threshold=-1.4744830131530759 -2.3065364360809322 0.10282338783144952 1.0000000180025095e-35 -1.4306454062461851 -0.44403289258480066
decision_type=2 2 2 2 2 2
left_child=1 2 -1 4 -2 -5
right_child=3 -3 -4 5 -6 -7
leaf_value=0.0040488991117840836 0.0089621704579534497 -0.0034644029223994538 -0.0035818558159487796 0.0057315241444990343 -0.0015595766506685234 -0.0033106747998236296
leaf_weight=145.86629406921566 39.020956575870514 546.8374107722193 76.243458848446608 183.30356755107641 403.96425314247608 39.628087401390076
leaf_count=484 107 1960 272 517 1201 115
internal_value=-0.000550791 -0.0020748 0.00110217 0.00113072 -0.00015605 0.00373698
internal_weight=1434.86 768.947 222.11 665.917 442.985 222.932
internal_count=4656 2716 756 1940 1308 632
is_linear=0
shrinkage=0.03


Tree=114
num_leaves=7
num_cat=0
split_feature=1 3 0 0 3 3
split_gain=3.03995 3.00531 4.53175 3.72515 1.17356 0.982383
threshold=0.37327674031257635 -0.60274130105972279 -2.5066567659378047 -1.0847847461700437 -1.0232647061347959 -0.45023216307163233
decision_type=2 2 2 2 2 2
left_child=1 3 -3 -1 -2 -6
right_child=4 2 -4 -5 5 -7
leaf_value=0.00056757740981440527 0 0.0072047538683930479 -0.0018250797951170432 0.0053228948070571432 -0.010226810352202596 -0.0008951414922965847
leaf_weight=581.13870827108622 47.036006778478622 34.081492550671101 487.76170634664595 200.99020905420184 17.853816259652376 43.363240536302328
leaf_count=1917 151 110 1540 592 87 208
internal_value=0.000324847 0.000785846 -0.000880443 0.00196664 -0.00401694 -0.00620366
internal_weight=1412.23 1303.97 521.843 782.129 108.253 61.2171
internal_count=4605 4159 1650 2509 446 295
is_linear=0
shrinkage=0.03


Tree=115
num_leaves=7
num_cat=0
split_feature=2 2 2 3 3 4
split_gain=2.9287 5.97549 3.51861 3.26244 3.20172 1.77352
threshold=-0.021808739751577374 -0.057458875700831406 -0.37639430165290827 -1.8736186623573301 -2.0788486003875728 1.0000000180025095e-35
decision_type=2 2 2 2 2 2
left_child=1 2 -1 4 -2 -5
right_child=3 -3 -4 5 -6 -7
leaf_value=-0.0044994669849782194 -0.0028697888220648193 0.0071502466017130534 0.00080230265160236946 -0.0035409113200813901 0.0066319162098017149 0
leaf_weight=120.52776189148426 29.287283390760422 94.667037440463901 523.34717604145408 461.90847308561206 56.18142069876194 139.48666763305664
leaf_count=418 84 270 1613 1598 171 488
internal_value=-0.000425373 0.000822007 -0.000205417 -0.00183679 0.00288033 -0.00267487
internal_weight=1425.41 738.542 643.875 686.864 85.4687 601.395
internal_count=4642 2301 2031 2341 255 2086
is_linear=0
shrinkage=0.03


Tree=116
num_leaves=7
num_cat=0
split_feature=1 4 3 1 2 3
split_gain=3.75494 7.061 3.15001 2.79017 3.38356 2.18353
threshold=0.19275278598070147 1.0000000180025095e-35 -0.63762944936752308 0.13748566061258319 -0.031188668683171269 -0.63004055619239796
decision_type=2 2 2 2 2 2
left_child=3 -2 -3 4 -1 -5
right_child=1 2 -4 5 -6 -7
leaf_value=0.0015737691164200314 -0.0056410839245371828 -0.00027086170636537142 0.0096625282007789162 0.0080928033479965491 -0.0018887778542606307 0
leaf_weight=666.81893091276288 215.50349435582757 45.283238217234612 26.292870849370956 58.708183445036411 376.32552199997008 33.161361653357744
leaf_count=2089 795 170 87 177 1210 110
internal_value=0 -0.00292716 0.00403624 0.000804905 0.000256149 0.00533972
internal_weight=1422.09 287.08 71.5761 1135.01 1043.14 91.8695
internal_count=4638 1052 257 3586 3299 287
is_linear=0
shrinkage=0.03


Tree=117
num_leaves=5
num_cat=0
split_feature=3 3 7 2
split_gain=1.73303 2.05673 5.34306 2.80704
threshold=-2.0788486003875728 -0.75315105915069569 1.0000000180025095e-35 0.5403062403202058
decision_type=2 2 2 2
left_child=-1 2 -2 -3
right_child=1 3 -4 -5
leaf_value=-0.0043303843626183456 -0.00036424530533285283 -3.40831647098253e-05 0.0047018971798347166 -0.007590907561024529
leaf_weight=49.881845727562904 444.82641742751002 633.93842400237918 278.78150046616793 29.088276974856853
leaf_count=153 1571 2022 789 138
internal_value=0.000204598 0.000469643 0.00158085 -0.000666025
internal_weight=1436.52 1386.63 723.608 663.027
internal_count=4673 4520 2360 2160
is_linear=0
shrinkage=0.03


Tree=118
num_leaves=7
num_cat=0
split_feature=1 6 3 3 3 3
split_gain=1.7199 5.89144 3.22994 2.75303 3.77666 1.87316
threshold=0.19275278598070147 1.0000000180025095e-35 0.15089650452136996 -1.5965417027473447 -0.19653937965631482 -1.7436914443969724
decision_type=2 2 2 2 2 2
left_child=3 2 -2 5 -5 -1
right_child=1 -3 -4 4 -6 -7
leaf_value=-0.00019569485182061302 -0.0012196249102238387 -0.008452269242036025 0.0068701413633332044 0.0024805715361229204 -0.001461484778300823 -0.006486664254299254
leaf_weight=156.66195525787771 193.06338093057275 73.703971400856972 35.173690211027861 620.34589808620512 295.82329605519772 53.793509460985661
leaf_count=548 687 274 132 1861 947 207
internal_value=-0.000123716 -0.00208988 0.000238456 0.00037816 0.00113959 -0.00248745
internal_weight=1428.57 301.941 228.237 1126.62 916.169 210.455
internal_count=4656 1093 819 3563 2808 755
is_linear=0
shrinkage=0.03


Tree=119
num_leaves=7
num_cat=0
split_feature=5 3 0 0 3 3
split_gain=2.13704 1.78454 2.93473 2.21036 1.50863 7.1934
threshold=1.0000000180025095e-35 -1.4534875154495237 -0.63349360227584828 -2.423694252967834 -1.1424598693847654 -1.4107826352119444
decision_type=2 2 2 2 2 2
left_child=1 2 -1 -3 5 -2
right_child=4 3 -4 -5 -6 -7
leaf_value=0.00039800022556699929 0.0025135924629240943 -0.0024382448753110801 -0.0070841715688925626 0.0024359422509142824 -9.6737052448050926e-05 -0.01303847176673407
leaf_weight=278.97131030075252 37.108693834394217 66.109394751489162 34.198750499635935 721.25315656140447 240.84324457868934 28.750794358551502
leaf_count=967 162 196 106 2196 896 108
internal_value=0.000485842 0.00113404 -0.000615189 0.00190211 -0.00158346 -0.0050325
internal_weight=1407.24 1100.53 313.17 787.363 306.703 65.8595
internal_count=4631 3465 1073 2392 1166 270
is_linear=0
shrinkage=0.03


Tree=120
num_leaves=7
num_cat=0
split_feature=0 0 2 1 2 1
split_gain=1.01342 2.42028 3.04611 2.37706 2.04095 5.24799
threshold=-1.5953487753868101 -1.3791980743408201 -0.11462365090847014 0.3339714407920838 -0.1967031508684158 0.070947851985692992
decision_type=2 2 2 2 2 2
left_child=4 2 -2 -3 -1 -6
right_child=1 3 -4 -5 5 -7
leaf_value=0.0019181267776535226 0.0080163831026495661 0.00071439817564333764 0 -0.0051067913732123658 -0.0044694267097654039 0.0014575653747287707
leaf_weight=177.68638083711267 68.846829779446125 527.81844376400113 101.99858352169394 51.311773084104061 256.01119626127183 227.08905194699764
leaf_count=619 198 1519 323 192 914 865
internal_value=0.000241498 0.00101276 0.00394359 0 -0.00054977 -0.0016169
internal_weight=1410.76 749.976 170.845 579.13 660.787 483.1
internal_count=4630 2232 521 1711 2398 1779
is_linear=0
shrinkage=0.03


Tree=121
num_leaves=7
num_cat=0
split_feature=4 3 0 1 0 3
split_gain=3.34114 8.4935 9.95667 4.95173 4.20892 2.8281
threshold=1.0000000180025095e-35 -1.5068920850753782 -0.95706084370613087 0.14898611605167392 -2.3962937593460079 -0.75315105915069569
decision_type=2 2 2 2 2 2
left_child=3 4 -3 -1 -2 -5
right_child=1 2 -4 5 -6 -7
leaf_value=0.0010934759124378067 0.0045161044574855754 0.009543008417091995 -0.0052058800330048241 0 -0.0057631514920528024 -0.0062703240634306738
leaf_weight=828.02314990386367 29.655163742601871 179.12513315677643 32.530974268913269 137.33635271340609 89.758015483617783 132.3003221154213
leaf_count=2551 101 551 95 425 386 545
internal_value=0.000750455 0.00329986 0.0067634 -1.00854e-05 -0.00249836 -0.00344765
internal_weight=1428.73 331.069 211.656 1097.66 119.413 269.637
internal_count=4654 1133 646 3521 487 970
is_linear=0
shrinkage=0.03


Tree=122
num_leaves=7
num_cat=0
split_feature=2 0 2 3 3 3
split_gain=1.74019 5.06001 3.3221 2.43899 2.81435 2.1097
threshold=0.0094351475127041357 -2.5133099555969234 -0.16628240048885343 -1.8736186623573301 -0.27614845335483545 -2.0788486003875728
decision_type=2 2 2 2 2 2
left_child=1 -1 -3 5 -5 -2
right_child=3 2 -4 4 -6 -7
leaf_value=0.0085596327397189399 -0.0019391778399056551 -0.0022602275789983329 0.0015966370759376673 -0.0039371470686951271 0.00035393264341307743 0.0060081349851044442
leaf_weight=42.544955782592297 26.985880129039288 379.117859441787 375.49694382213056 365.48563960939646 171.74589604139328 44.898995291441679
leaf_count=135 79 1231 1137 1265 651 139
internal_value=-0.000537281 0.000323963 -0.000271919 -0.00173424 -0.0024942 0.00259899
internal_weight=1406.28 797.16 754.615 609.116 537.232 71.8849
internal_count=4637 2503 2368 2134 1916 218
is_linear=0
shrinkage=0.03


Tree=123
num_leaves=7
num_cat=0
split_feature=1 1 4 3 3 2
split_gain=2.54114 2.87751 3.56079 3.25131 2.53989 3.01155
threshold=-0.18479858338832852 0.088931299746036543 1.0000000180025095e-35 -0.15413398295640943 -0.96713450551033009 -0.39133046567440027
decision_type=2 2 2 2 2 2
left_child=4 3 -3 -2 -1 -6
right_child=1 2 -4 -5 5 -7
leaf_value=0 -0.00012644061072206836 0 0.0054010576582572403 -0.005343444844916099 -0.0001044570931272161 0.0069264904568064915
leaf_weight=161.40771704912186 443.551837798208 348.9603453502059 128.20911695435643 134.36163169145584 57.573844611644745 141.27209462225437
leaf_count=551 1407 1203 436 436 181 427
internal_value=0.000573682 -0.000128026 0.00150008 -0.00157788 0.00268522 0.00479308
internal_weight=1415.34 1055.08 477.169 577.913 360.254 198.846
internal_count=4641 3482 1639 1843 1159 608
is_linear=0
shrinkage=0.03


Tree=124
num_leaves=7
num_cat=0
split_feature=2 0 7 2 0 2
split_gain=2.78719 5.16181 2.96143 5.57065 4.44399 1.25435
threshold=-0.37639430165290827 -2.3147352933883663 1.0000000180025095e-35 0.3037345707416535 -1.8185258507728574 -0.55655235052108754
decision_type=2 2 2 2 2 2
left_child=1 -1 4 -4 -2 -3
right_child=2 5 3 -5 -6 -7
leaf_value=0.0051681893072804564 -0.0027080206861800709 -0.00016055433442121528 0.0045326514990248765 -0.0045796636998196218 0.0014666099488773565 -0.0089722378413170725
leaf_weight=22.771660715341568 356.60597649030387 36.430088363587856 316.96753246709704 50.368877049535513 561.19260599091649 61.001403480768204
leaf_count=78 1391 127 888 149 1771 231
internal_value=0.000282631 -0.00367161 0.000749054 0.00295632 -0.000114602 -0.00677692
internal_weight=1405.34 120.203 1285.13 367.336 917.799 97.4315
internal_count=4635 436 4199 1037 3162 358
is_linear=0
shrinkage=0.03


Tree=125
num_leaves=7
num_cat=0
split_feature=0 3 1 3 3 3
split_gain=2.73129 4.62013 5.40015 3.78895 6.46031 3.76519
threshold=-1.4744830131530759 -1.0990222096443174 0.29822731018066412 -2.0546054840087886 -1.0907334089279173 -1.9677107334136961
decision_type=2 2 2 2 2 2
left_child=3 5 -3 -1 -5 -2
right_child=1 2 -4 4 -6 -7
leaf_value=0.0066714541693574094 -0.001645496140789494 0.00097978657060587599 -0.0087394399397484959 -0.005061845566818283 0.00054459000730927717 0.0063191690239673233
leaf_weight=33.962262526154518 45.895977973937988 352.08420229703188 39.231980193406343 263.27292247116566 479.43256146460772 213.91338036954403
leaf_count=111 132 967 161 986 1687 661
internal_value=0.000286453 0.0017234 -0.000226325 -0.000855929 -0.00144472 0.00468071
internal_weight=1427.79 651.126 391.316 776.668 742.705 259.809
internal_count=4705 1921 1128 2784 2673 793
is_linear=0
shrinkage=0.03


Tree=126
num_leaves=7
num_cat=0
split_feature=2 3 3 3 3 3
split_gain=2.42352 4.64233 6.40736 4.3837 3.24921 4.93679
threshold=0.18958013504743579 -1.3462581038475034 -0.016068984754383561 -1.6399893164634702 -0.19653937965631482 -1.2856121659278867
decision_type=2 2 2 2 2 2
left_child=4 3 -3 -2 5 -1
right_child=1 2 -4 -5 -6 -7
leaf_value=-0.00098165505289932696 -0.0016260997894047978 -0.0086566437438009864 0.0013298860771049636 0.009262137429959268 -0.0017752402109456309 0.0036115077791877485
leaf_weight=323.47646603547037 63.765596646815538 123.66603326052427 73.567237786948681 31.281556934118271 308.02077405527234 480.0101263448596
leaf_count=1155 187 493 293 99 974 1424
internal_value=0 -0.00230711 -0.00487601 0.00242306 0.000677238 0.00171055
internal_weight=1403.79 292.28 197.233 95.0472 1111.51 803.487
internal_count=4625 1072 786 286 3553 2579
is_linear=0
shrinkage=0.03


Tree=127
num_leaves=7
num_cat=0
split_feature=2 2 0 1 0 2
split_gain=2.11262 3.89905 5.02891 3.52061 2.55979 4.26902
threshold=0.022488925606012348 -0.059987550601363175 -0.94037958979606617 0.024644318968057636 -1.0746092200279234 0.088252868503332152
decision_type=2 2 2 2 2 2
left_child=1 3 -3 -1 -2 -6
right_child=4 2 -4 -5 5 -7
leaf_value=0.0006097468586192563 -0.0027095029468092329 0.0065792805425262365 -0.0031504409455762202 -0.0051876522247874396 -0.0060703262111886994 0.0043038368881966214
leaf_weight=528.04890821874142 419.53503258898854 163.86413237825036 41.712147254496813 92.217971429228783 25.814971305429935 117.629020601511
leaf_count=1699 1564 488 110 278 85 371
internal_value=-7.76563e-05 0.000836203 0.00423481 -0.000293591 -0.00150383 0.0015554
internal_weight=1388.82 825.843 205.576 620.267 562.979 143.444
internal_count=4595 2575 598 1977 2020 456
is_linear=0
shrinkage=0.03


Tree=128
num_leaves=5
num_cat=0
split_feature=0 1 1 2
split_gain=2.1201 1.87132 3.87134 3.23677
threshold=0.14348567277193072 -0.0026044559199362989 -0.08465965092182158 0.20501460134983066
decision_type=2 2 2 2
left_child=1 2 -1 -3
right_child=-2 3 -4 -5
leaf_value=-0.00026633454688822873 0.0063764070368037889 -0.0028839505207535702 0.004702386149709214 0.0012307504850501032
leaf_weight=558.87837874516845 26.232796654105186 423.21919249743223 160.26494566351175 242.14054859057069
leaf_count=1837 70 1351 519 920
internal_value=2.286e-05 -0.000143889 0.000857073 -0.00130675
internal_weight=1410.74 1384.5 719.143 665.36
internal_count=4697 4627 2356 2271
is_linear=0
shrinkage=0.03


Tree=129
num_leaves=6
num_cat=0
split_feature=2 2 2 2 2
split_gain=2.82615 1.85746 4.84337 3.39355 0.252207
threshold=0.5403062403202058 -0.37639430165290827 -0.57457616925239552 -0.24855475872755048 0.64762434363365184
decision_type=2 2 2 2 2
left_child=1 2 -1 -3 -2
right_child=4 3 -4 -5 -6
leaf_value=0.0043937859081323548 -0.007355925103270166 0.0053296134276183986 -0.0062285049980633864 0.00051554709033681571 -0.00029766420933315292
leaf_weight=37.712884724140167 20.773844569921494 138.46653820946813 83.88899914175272 1101.1125337295234 30.051086124032736
leaf_count=126 84 425 311 3620 125
internal_value=0.000456862 0.000788497 -0.00235516 0.00117702 -0.00529231
internal_weight=1412.01 1361.18 121.602 1239.58 50.8249
internal_count=4691 4482 437 4045 209
is_linear=0
shrinkage=0.03


Tree=130
num_leaves=7
num_cat=0
split_feature=1 3 3 3 3 7
split_gain=2.18237 2.16256 2.66779 2.12076 1.19428 1.96932
threshold=0.37327674031257635 -0.19653937965631482 1.0225340127944949 -1.1523764133453367 -0.42188087105751032 1.0000000180025095e-35
decision_type=2 2 2 2 2 2
left_child=1 3 -3 -1 5 -2
right_child=4 2 -4 -5 -6 -7
leaf_value=0 -0.0088952153094244389 -0.0025629799392098995 0.0035652280612281529 0.0027706090252693299 0 0
leaf_weight=467.12668315321207 36.217363722622395 298.38027613982558 54.819092880934477 449.83059843629599 39.986184444278479 29.255757447332144
leaf_count=1619 155 951 195 1367 196 89
internal_value=0.000146069 0.000551889 -0.00131098 0.00134614 -0.00357222 -0.00559516
internal_weight=1375.62 1270.16 353.199 916.957 105.459 65.4731
internal_count=4572 4132 1146 2986 440 244
is_linear=0
shrinkage=0.03


Tree=131
num_leaves=7
num_cat=0
split_feature=0 3 3 0 3 2
split_gain=2.64983 5.35263 6.58076 2.84608 2.582 1.89706
threshold=-1.5953487753868101 0.27615602314472204 -1.0014031529426572 -1.4306454062461851 -1.083262503147125 0.28656636178493505
decision_type=2 2 2 2 2 2
left_child=1 2 -1 4 -2 -5
right_child=3 -3 -4 5 -6 -7
leaf_value=-0.0032892222855318933 0 -0.0074873575585586013 0.0029514724861385397 0.00078095387232330802 0.0071590898105071193 -0.004013613806402706
leaf_weight=292.60196403972805 51.048752222210169 91.875634275376797 273.66869780234993 511.21906898543239 93.300986539572477 65.885932132601738
leaf_count=1080 162 376 948 1534 269 240
internal_value=-8.02807e-05 -0.0014733 -0.000173064 0.00111504 0.00460366 1.69897e-05
internal_weight=1379.6 658.146 566.271 721.455 144.35 577.105
internal_count=4609 2404 2028 2205 431 1774
is_linear=0
shrinkage=0.03


Tree=132
num_leaves=5
num_cat=0
split_feature=2 2 3 3
split_gain=1.22098 1.79686 1.53969 0.982739
threshold=0.5403062403202058 0.41536562144756323 -1.1523764133453367 -0.87548696994781483
decision_type=2 2 2 2
left_child=1 2 -1 -2
right_child=3 -3 -4 -5
leaf_value=-0.0014115633321353884 0 0.0050178604619002766 0.00069254057271876126 -0.0061899888378362453
leaf_weight=476.30486047081649 18.581639006733894 45.333756521344185 813.73521310091019 30.957479052245617
leaf_count=1672 70 152 2616 145
internal_value=-5.59341e-06 0.000151003 -4.82201e-05 -0.003919
internal_weight=1384.91 1335.37 1290.04 49.5391
internal_count=4655 4440 4288 215
is_linear=0
shrinkage=0.03


Tree=133
num_leaves=7
num_cat=0
split_feature=0 0 2 2 1 0
split_gain=3.07406 4.32908 4.45615 3.50452 2.60368 5.47953
threshold=-1.5953487753868101 -0.94037958979606617 -0.040256917476654046 -0.37639430165290827 0.088931299746036543 -2.3962937593460079
decision_type=2 2 2 2 2 2
left_child=4 3 -3 -2 -1 -6
right_child=1 2 -4 -5 5 -7
leaf_value=-0.0028209016830952525 -0.0041232129967784933 0.0021325580492754029 -0.0050678335342367849 0.0038841199766977341 -0.0053796583487705782 0.0040188181395339525
leaf_weight=439.53692492842674 31.776352368295193 121.31149945408106 138.08980376273394 425.51103177852929 59.250044608488679 156.32029167935252
leaf_count=1591 111 366 434 1280 212 643
internal_value=0 0.00129921 -0.00157414 0.00305253 -0.00150205 0.000943502
internal_weight=1371.8 716.689 259.401 457.287 655.107 215.57
internal_count=4637 2191 800 1391 2446 855
is_linear=0
shrinkage=0.03


Tree=134
num_leaves=7
num_cat=0
split_feature=1 1 7 7 6 0
split_gain=2.12997 1.47932 1.915 1.76363 1.30525 1.92014
threshold=0.37327674031257635 0.28112149238586431 1.0000000180025095e-35 1.0000000180025095e-35 1.0000000180025095e-35 -2.3147352933883663
decision_type=2 2 2 2 2 2
left_child=1 3 -3 -1 5 -2
right_child=4 2 -4 -5 -6 -7
leaf_value=-0.00067329456118409188 -0.0061108554254715045 0.0067299920128398227 -0.00089817563129287114 0.0018271844653631021 -0.0080312535033739106 0.0016680804747686389
leaf_weight=874.56937605887651 20.919791312888265 49.572517219930887 23.560792878270149 333.96122613176703 25.465084109455347 61.892083447426558
leaf_count=3001 74 186 66 982 126 254
internal_value=-3.58381e-06 0.000317702 0.00396311 0 -0.00373094 -0.000519904
internal_weight=1389.94 1281.66 73.1333 1208.53 108.277 82.8119
internal_count=4689 4235 252 3983 454 328
is_linear=0
shrinkage=0.03


Tree=135
num_leaves=5
num_cat=0
split_feature=2 0 2 0
split_gain=1.78192 0.822176 0.748659 0.233837
threshold=0.5403062403202058 0.14348567277193072 0.46257337927818304 -2.0060998201370235
decision_type=2 2 2 2
left_child=1 2 -1 -2
right_child=3 -3 -4 -5
leaf_value=-0.00030599553020705381 0 0.0039737271610445482 0.0035448772208337789 -0.0060744353137173772
leaf_weight=1261.7371350806206 19.992658630013466 25.465038873255253 25.823255341500044 31.37524514272809
leaf_count=4256 81 70 81 133
internal_value=-0.000242636 0 -0.000129836 -0.00485935
internal_weight=1364.39 1313.03 1287.56 51.3679
internal_count=4621 4407 4337 214
is_linear=0
shrinkage=0.03


Tree=136
num_leaves=7
num_cat=0
split_feature=0 6 3 0 3 0
split_gain=1.37076 3.58205 4.0314 1.60927 6.63814 4.40165
threshold=-2.3065364360809322 1.0000000180025095e-35 -1.1338856220245359 -1.1024277806282041 -0.55468478798866261 -1.1411223411560056
decision_type=2 2 2 2 2 2
left_child=1 2 -1 5 -5 -2
right_child=3 -3 -4 4 -6 -7
leaf_value=-0.0010919769763746104 -0.0011234242071948269 -0.0056291379001875957 0.00659440905706608 0.0035237838739455487 -0.0045244310385588104 -0.010394037402391927
leaf_weight=87.260371018201113 784.21785285510123 30.086859010159969 108.05062594264746 231.508864114061 123.39438213035464 32.454569406807423
leaf_count=312 2726 103 378 711 384 96
internal_value=-0.000625178 0.00132579 0.0030992 -0.00106683 0.000473415 -0.00180321
internal_weight=1396.97 225.398 195.311 1171.58 354.903 816.672
internal_count=4710 793 690 3917 1095 2822
is_linear=0
shrinkage=0.03


Tree=137
num_leaves=7
num_cat=0
split_feature=0 0 2 2 4 2
split_gain=3.31626 4.62287 4.09038 9.57407 2.78147 2.37121
threshold=-0.94037958979606617 -1.1971287131309507 -0.040256917476654046 0.10282338783144952 1.0000000180025095e-35 -0.16127721220254895
decision_type=2 2 2 2 2 2
left_child=1 4 -2 -4 -1 -3
right_child=2 5 3 -5 -6 -7
leaf_value=-0.0013523253441724084 0.00038652173648572751 -0.00026274056524163943 -0.014090254417108565 0 0.0021685150969626269 0.0067800238840221468
leaf_weight=707.14698038809001 125.60172772407532 37.625656209886074 56.370738480240107 84.119124703109264 253.28040434233844 118.7333384975791
leaf_count=2468 377 116 169 275 905 361
internal_value=-0.000266535 0.000417623 -0.00317613 -0.00638633 -0.000337329 0.00490746
internal_weight=1382.88 1116.79 266.092 140.49 960.427 156.359
internal_count=4671 3850 821 444 3373 477
is_linear=0
shrinkage=0.03


Tree=138
num_leaves=7
num_cat=0
split_feature=1 7 1 2 3 3
split_gain=3.5685 2.23249 3.73137 1.6062 1.16289 0.24565
threshold=0.37327674031257635 1.0000000180025095e-35 0.12769484519958499 -0.48330967128276819 -1.2290602922439573 -0.45023216307163233
decision_type=2 2 2 2 2 2
left_child=1 3 -3 -1 -2 -6
right_child=4 2 -4 -5 5 -7
leaf_value=0.0045225437925742254 0 0.0046084838735774908 -0.0017525132766582619 -0.00021893106847432561 -0.0088226662212349989 -0.0013901664607525129
leaf_weight=48.730952952057123 36.391168728470802 268.72133750095963 87.918298527598381 876.26884334161878 25.151846963912249 41.543852362781763
leaf_count=163 117 809 249 3019 123 204
internal_value=0.000424583 0.000918885 0.00287128 5.77965e-05 -0.00438417 -0.00627385
internal_weight=1384.73 1281.64 356.64 925 103.087 66.6957
internal_count=4684 4240 1058 3182 444 327
is_linear=0
shrinkage=0.03


Tree=139
num_leaves=5
num_cat=0
split_feature=2 2 2 2
split_gain=4.44082 3.86887 3.19637 2.53979
threshold=-0.37639430165290827 -0.34232164919376368 0.5403062403202058 -0.57457616925239552
decision_type=2 2 2 2
left_child=3 -2 -3 -1
right_child=1 2 -4 -5
leaf_value=0 0.008113329190139594 0.00020756467976144839 -0.0064553219846581319 -0.0079585731816371151
leaf_weight=36.117808204144239 33.360961936414242 1165.5014535449445 48.157281873747706 80.787656147032976
leaf_count=124 99 3893 211 302
internal_value=-0.000325159 0.000188652 -0.000108546 -0.00547109
internal_weight=1363.93 1247.02 1213.66 116.905
internal_count=4629 4203 4104 426
is_linear=0
shrinkage=0.03


Tree=140
num_leaves=7
num_cat=0
split_feature=2 2 4 1 3 1
split_gain=3.27706 5.76242 3.52006 5.99124 2.99652 2.46407
threshold=-0.024260493926703926 -0.064869392663240419 1.0000000180025095e-35 0.12769484519958499 -0.95455062389373768 -0.038571523502469056
decision_type=2 2 2 2 2 2
left_child=1 5 4 -4 -2 -1
right_child=2 -3 3 -5 -6 -7
leaf_value=0.0015090535052987865 0 0.0076744739514548266 -0.0030687719148833736 0.0068737710522330381 -0.004549905441188949 -0.002773861298186056
leaf_weight=456.54544691741467 208.34728540107608 101.79832941666245 79.623754318803549 92.636678703129292 268.31500930339098 137.60621982067823
leaf_count=1515 678 305 292 320 1041 443
internal_value=0.000256783 0.00169941 -0.00120525 0.00212481 -0.0025666 0.000361401
internal_weight=1344.87 695.95 648.923 172.26 476.662 594.152
internal_count=4594 2263 2331 612 1719 1958
is_linear=0
shrinkage=0.03


Tree=141
num_leaves=7
num_cat=0
split_feature=0 0 3 3 3 3
split_gain=2.44192 3.55426 2.93328 4.04144 2.83023 1.59676
threshold=-1.3791980743408201 -1.4744830131530759 -1.701877176761627 -1.2290602922439573 -2.033167719841003 -0.79202038049697865
decision_type=2 2 2 2 2 2
left_child=1 4 -2 -4 -1 -3
right_child=2 5 3 -5 -6 -7
leaf_value=0.0070814615640444317 -0.0052403258238757459 0.010099586345636187 0.0049253115533284403 -0.0012977059814462193 0.00019955880897828745 0.0005102877777406721
leaf_weight=40.776313234120607 89.356408800929785 43.822747237980366 103.61392165347934 362.55242177844048 698.1183303091675 42.797278761863708
leaf_count=142 297 133 303 1107 2553 122
internal_value=0.000649271 0.00169166 -0.000800432 0.000107775 0.00083502 0.00690891
internal_weight=1381.04 825.515 555.523 466.166 738.895 86.62
internal_count=4657 2950 1707 1410 2695 255
is_linear=0
shrinkage=0.03


Tree=142
num_leaves=7
num_cat=0
split_feature=3 1 2 3 3 2
split_gain=3.00102 5.86809 4.80993 3.37219 2.83303 2.56054
threshold=-1.1523764133453367 0.29822731018066412 0.46257337927818304 -1.8894906640052793 0.26061069965362554 -0.28685708343982691
decision_type=2 2 2 2 2 2
left_child=2 5 3 -1 -3 -2
right_child=1 4 -4 -5 -6 -7
leaf_value=0.0014537170226909654 0.0059658818384378861 -0.0077747820610701169 0.007311648877525472 -0.003802846144587349 0.0012243470737058123 0.0013551553628368981
leaf_weight=123.29650976508856 137.66295602172613 64.753938667476177 29.767178062349558 354.53707967326045 26.431978076696396 623.88144785538316
leaf_count=415 439 313 88 1252 127 1995
internal_value=0.000346981 0.00145642 -0.00138763 -0.00232205 -0.00487557 0.00239674
internal_weight=1360.33 852.73 507.601 477.834 91.1859 761.544
internal_count=4629 2874 1755 1667 440 2434
is_linear=0
shrinkage=0.03


Tree=143
num_leaves=7
num_cat=0
split_feature=3 1 1 3 3 1
split_gain=2.2812 2.33663 3.64498 2.95375 1.7251 3.95783
threshold=-1.463153004646301 -0.22681242227554319 -0.37612149119377131 0.66255709528923046 -1.8369846940040586 -0.026234625838696953
decision_type=2 2 2 2 2 2
left_child=4 2 -2 -3 -1 -6
right_child=1 3 -4 -5 5 -7
leaf_value=-5.3385763452983955e-05 -0.00093229383574982921 -2.6712888266858367e-05 0.0058896690213800706 -0.0059543653446941427 0 -0.008310857372980443
leaf_weight=163.59900515712798 107.86017142608762 735.70184618234634 119.38062432780862 67.303118262439966 85.402538646012545 93.080210138112307
leaf_count=548 335 2423 386 267 352 326
internal_value=-0.000679727 0 0.00259546 -0.000729062 -0.0027289 -0.00462651
internal_weight=1372.33 1030.25 227.241 803.005 342.082 178.483
internal_count=4637 3411 721 2690 1226 678
is_linear=0
shrinkage=0.03


Tree=144
num_leaves=6
num_cat=0
split_feature=2 5 2 0 0
split_gain=1.60594 4.65367 3.54604 2.62014 1.58063
threshold=-0.36745615303516382 1.0000000180025095e-35 -0.34232164919376368 -1.2296704053878782 -0.47106426954269404
decision_type=2 2 2 2 2
left_child=1 3 -2 -1 -4
right_child=2 -3 4 -5 -6
leaf_value=-0.0084783015255309631 0.008786175950224677 0.0047224755746913972 0.00062965535504111122 0.00044688484940883151 -0.0031607924145400082
leaf_weight=69.681995559483767 26.797998115420341 30.189461197704077 1134.0347591638565 23.484803318977356 85.549205109477043
leaf_count=255 82 112 3841 79 264
internal_value=0.000259258 -0.00267794 0.000635038 -0.00601694 0.000268659
internal_weight=1369.74 123.356 1246.38 93.1668 1219.58
internal_count=4633 446 4187 334 4105
is_linear=0
shrinkage=0.03


Tree=145
num_leaves=5
num_cat=0
split_feature=0 3 0 7
split_gain=1.69792 1.22279 2.73216 1.73799
threshold=0.085054744035005583 -1.9582421779632566 -1.2126044034957884 1.0000000180025095e-35
decision_type=2 2 2 2
left_child=1 2 -1 -3
right_child=-2 3 -4 -5
leaf_value=0.0056009338791162076 0.0055371066403415567 -0.0011531643646701345 -0.0030132771713370881 0.0012877838865434706
leaf_weight=73.478885523974895 29.443712897598743 886.50376953743398 25.775690287351608 333.20318462699652
leaf_count=257 85 3172 82 1016
internal_value=5.03585e-05 -0.000108192 0.00273058 -0.000427922
internal_weight=1348.41 1318.96 99.2546 1219.71
internal_count=4612 4527 339 4188
is_linear=0
shrinkage=0.03


Tree=146
num_leaves=7
num_cat=0
split_feature=1 1 1 2 1 2
split_gain=1.68586 3.28218 1.84066 0.551658 1.53662 0.48081
threshold=0.37327674031257635 0.22938219457864764 0.19275278598070147 0.43872863054275518 0.46635738015174871 0.13460283726453784
decision_type=2 2 2 2 2 2
left_child=1 2 -1 4 -2 -3
right_child=3 5 -4 -5 -6 -7
leaf_value=0.00029922997321939925 -0.0080921781763468835 0.0072064330176200668 -0.0048462719795138486 0 0 0.0016191564631701059
leaf_weight=1075.7780227959156 26.504331089556217 47.815931499004364 46.356661759316921 47.289489489048719 25.190952204167843 86.687964048236609
leaf_count=3578 120 139 165 215 105 313
internal_value=0.000214681 0.000570062 0 -0.00313017 -0.00481514 0.0046695
internal_weight=1355.62 1256.64 1122.13 98.9848 51.6953 134.504
internal_count=4635 4195 3743 440 225 452
is_linear=0
shrinkage=0.03


Tree=147
num_leaves=5
num_cat=0
split_feature=0 3 3 0
split_gain=1.22268 0.888923 3.39242 2.67613
threshold=0.14348567277193072 -1.8260886073112486 -1.5965417027473447 -1.7895932197570799
decision_type=2 2 2 2
left_child=1 3 -3 -1
right_child=-2 2 -4 -5
leaf_value=0.005353656209880279 0.0047615965272540441 -0.0055021400247919454 -1.5144964869463132e-05 -0.0014467941481594473
leaf_weight=73.225400999188423 24.636860407888889 94.545997139066458 1090.7656514830887 82.83318954706192
leaf_count=266 68 393 3671 272
internal_value=-6.0757e-05 -0.000262054 -0.000586629 0.00164899
internal_weight=1366.01 1341.37 1185.31 156.059
internal_count=4670 4602 4064 538
is_linear=0
shrinkage=0.03


Tree=148
num_leaves=7
num_cat=0
split_feature=2 2 1 1 1 1
split_gain=3.09782 4.0718 3.18389 2.35162 2.64351 2.54495
threshold=0.022488925606012348 0.37060858309268957 0.41729383170604711 -0.36442305147647852 -0.5419710874557494 -0.18479858338832852
decision_type=2 2 2 2 2 2
left_child=3 -2 -3 4 -1 -5
right_child=1 2 -4 5 -6 -7
leaf_value=0.002168002823788377 -0.0033268060954773485 0.0066091273163803171 -0.0018003212603830202 0.004479826135946211 -0.0051964378154001067 0.00032180320651647017
leaf_weight=45.143376588821411 437.6928546987474 59.356536775827408 53.033977016806602 186.18246578238904 88.351816482841969 485.55368023365736
leaf_count=155 1588 217 238 619 292 1530
internal_value=-0.000250942 -0.00198157 0.00251523 0.000877982 -0.00235716 0.00165721
internal_weight=1355.31 550.083 112.391 805.231 133.495 671.736
internal_count=4639 2043 455 2596 447 2149
is_linear=0
shrinkage=0.03


Tree=149
num_leaves=7
num_cat=0
split_feature=0 3 3 0 0 3
split_gain=3.61584 4.23932 8.12544 3.52334 5.57535 2.23396
threshold=-1.1024277806282041 -0.76334813237190235 -1.528650104999542 -1.1411223411560056 -1.1971287131309507 -0.069613192230463014
decision_type=2 2 2 2 2 2
left_child=3 2 -2 4 -1 -3
right_child=1 5 -4 -5 -6 -7
leaf_value=-0.00075892546370339743 -0.00075761615445934421 -0.0039108019205173448 0.010358911052323975 -0.0085984803694833089 0.009583997498110744 0.0024162922509901636
leaf_weight=947.99803665280342 87.472072403877974 80.341613039374352 109.17324725165963 28.444736421108246 29.017126191407442 72.982853315770626
leaf_count=3369 291 249 321 86 96 233
internal_value=0.00020904 0.00278112 0.00552364 -0.000664492 -0.000205472 -0.000621623
internal_weight=1355.43 349.97 196.645 1005.46 977.015 153.324
internal_count=4645 1094 612 3551 3465 482
is_linear=0
shrinkage=0.03


Tree=150
num_leaves=5
num_cat=0
split_feature=2 2 2 1
split_gain=3.92555 1.42686 4.03712 1.13013
threshold=-0.48330967128276819 -0.36745615303516382 -0.34232164919376368 -0.47980174422264094
decision_type=2 2 2 2
left_child=3 -2 -3 -1
right_child=1 2 -4 -5
leaf_value=0 -0.004769306785479468 0.0084311288997646148 -0.0007786334488082868 0.0084080408661354987
leaf_weight=34.132502160966396 57.424136314541101 23.761486478149891 1209.6523486543447 35.967586982995272
leaf_count=121 219 77 4125 124
internal_value=-0.000277429 -0.000730639 -0.00042164 0.00571183
internal_weight=1360.94 1290.84 1233.41 70.1001
internal_count=4666 4421 4202 245
is_linear=0
shrinkage=0.03


Tree=151
num_leaves=7
num_cat=0
split_feature=3 3 2 2 2 0
split_gain=2.27129 3.8517 4.66921 3.1222 2.0195 1.58886
threshold=-1.370936334133148 0.32087753713130956 0.172770731151104 0.37060858309268957 -0.28685708343982691 -1.7703751921653745
decision_type=2 2 2 2 2 2
left_child=3 2 -2 5 -3 -1
right_child=1 4 -4 -5 -6 -7
leaf_value=-6.2763675184555179e-05 0.0026521474420853966 0.001643864177569719 -0.0026191711681042579 0.0044033423587508756 -0.004829121547760792 -0.0047811639865053069
leaf_weight=128.69812094792724 634.38293469510972 31.905153140425682 168.71872065961361 32.152837358415127 138.68034927919507 202.18050190806389
leaf_count=530 1946 109 699 97 523 674
internal_value=-0.00020763 0.00050345 0.0014351 -0.00219817 -0.00325818 -0.00322509
internal_weight=1336.72 973.687 803.102 363.031 170.586 330.879
internal_count=4578 3277 2645 1301 632 1204
is_linear=0
shrinkage=0.03


Tree=152
num_leaves=7
num_cat=0
split_feature=2 0 0 0 0 1
split_gain=2.43427 3.53358 2.44302 2.4057 3.99033 2.90946
threshold=0.29067805409431463 -1.9966683983802793 -2.423694252967834 -1.4744830131530759 -2.3065364360809322 -0.36442305147647852
decision_type=2 2 2 2 2 2
left_child=3 2 -2 4 -1 -5
right_child=1 -3 -4 5 -6 -7
leaf_value=0.0026807986804177914 -0.0030684828481717962 -0.0061611800806827882 0.0059271632169017267 -0.003315432081178891 -0.002322173948716024 0.002722898379118086
leaf_weight=179.96574307233095 26.539500512182713 110.4482732899487 35.74547652900219 57.864634148776531 448.87622080370784 489.30284835398197
leaf_count=633 98 432 150 180 1650 1493
internal_value=-2.93902e-05 -0.00319669 0.00155079 0.000431335 -0.000759421 0.00188414
internal_weight=1348.74 172.733 62.285 1176.01 628.842 547.167
internal_count=4636 680 248 3956 2283 1673
is_linear=0
shrinkage=0.03


Tree=153
num_leaves=7
num_cat=0
split_feature=2 0 0 0 3 0
split_gain=1.78614 6.01974 3.45608 2.73186 2.37965 2.10586
threshold=-0.16870094090700147 -2.4646699428558345 -2.4615145921707149 -1.9542677402496336 0.66255709528923046 -2.5532439947128291
decision_type=2 2 2 2 2 2
left_child=1 -1 5 -3 -4 -2
right_child=2 3 4 -5 -6 -7
leaf_value=0.0076496465056077019 0.0001134621892114961 -0.007130173412556692 0.0016478313813560251 -0.001076626896643128 -0.0037078411760118929 -0.0074039162504902769
leaf_weight=30.792030416429043 33.448567230254412 97.123944975435734 826.68558485619724 254.65646548941731 57.140087764710188 53.845319032669067
leaf_count=102 114 372 2839 825 237 190
internal_value=-0.000126509 -0.00184383 0.000513048 -0.00320301 0.00116081 -0.00448003
internal_weight=1353.69 382.572 971.12 351.78 883.826 87.2939
internal_count=4679 1299 3380 1197 3076 304
is_linear=0
shrinkage=0.03


Tree=154
num_leaves=7
num_cat=0
split_feature=1 1 1 2 1 3
split_gain=1.53709 2.1973 1.96473 1.38893 2.7783 1.88751
threshold=0.37327674031257635 0.28112149238586431 0.24794645607471469 0.41536562144756323 0.46635738015174871 -1.2290602922439573
decision_type=2 2 2 2 2 2
left_child=1 2 -1 4 -2 -5
right_child=3 -3 -4 5 -6 -7
leaf_value=0.00059852214774412378 -0.01029431712600147 0.0051860887336680327 -0.0048953245295831104 0.0052983610205075693 0.00032743630967547435 -0.0031408907551850251
leaf_weight=1145.2547686006874 24.2437938824296 72.535202000290155 40.409994274377823 20.86054965108633 22.183239165693521 35.923227056860924
leaf_count=3830 106 254 133 62 99 186
internal_value=0.000348048 0.00068972 0.000283416 -0.00276601 -0.00574536 0
internal_weight=1361.41 1258.2 1185.66 103.211 46.427 56.7838
internal_count=4670 4217 3963 453 205 248
is_linear=0
shrinkage=0.03


Tree=155
num_leaves=7
num_cat=0
split_feature=2 2 1 0 2 6
split_gain=2.20314 4.94086 5.02735 4.07675 1.77152 1.33411
threshold=0.15002587437629702 -0.057458875700831406 -0.0026044559199362989 -0.94037958979606617 0.20501460134983066 1.0000000180025095e-35
decision_type=2 2 2 2 2 2
left_child=1 2 -1 -3 -2 -6
right_child=4 3 -4 -5 5 -7
leaf_value=0.00042866314097876965 -0.0055295267444623163 0.0047323744853807756 -0.0059153763512119371 -0.0020854173666112774 0.00065510507290010328 -0.0036702189121767263
leaf_weight=475.04856370761991 77.393280036747456 325.27323978208005 121.490224737674 75.959995087236166 193.08121753111482 65.910194635391235
leaf_count=1596 270 1081 386 241 745 272
internal_value=0 0.000736006 -0.000916015 0.00326148 -0.00200418 -0.000414775
internal_weight=1334.16 997.772 596.539 401.233 336.385 258.991
internal_count=4591 3304 1982 1322 1287 1017
is_linear=0
shrinkage=0.03


Tree=156
num_leaves=7
num_cat=0
split_feature=2 0 4 0 2 5
split_gain=2.1885 3.64522 3.1719 1.48204 2.48537 1.4609
threshold=0.0094351475127041357 -2.4529027938842769 1.0000000180025095e-35 -2.4927517175674434 -0.10382085293531416 1.0000000180025095e-35
decision_type=2 2 2 2 2 2
left_child=3 2 -2 -1 -5 -3
right_child=1 5 -4 4 -6 -7
leaf_value=0.0057459443164275129 -0.011434691453059592 0.00062558998009546666 0 -0.0003761284273750751 0.0031343065745059935 -0.0032474840611352272
leaf_weight=48.00760680437088 32.027867879718542 429.43235477805138 27.942824266850948 473.42644346505404 249.98228195682168 88.00966539606452
leaf_count=155 139 1466 88 1582 782 443
internal_value=0.000262916 -0.00105705 -0.00702629 0.00132848 0.000807921 -1.78611e-05
internal_weight=1348.83 577.413 59.9707 771.416 723.409 517.442
internal_count=4655 2136 227 2519 2364 1909
is_linear=0
shrinkage=0.03


Tree=157
num_leaves=7
num_cat=0
split_feature=2 3 3 7 3 3
split_gain=3.70974 5.32827 4.46489 2.53048 6.66348 2.93858
threshold=-0.031188668683171269 -1.5965417027473447 -0.63762944936752308 1.0000000180025095e-35 -1.0782713294029234 -0.6654074192047118
decision_type=2 2 2 2 2 2
left_child=1 -1 -3 5 -5 -2
right_child=3 2 -4 4 -6 -7
leaf_value=-0.0033793488717056073 -0.0049293853491864876 0.0056970015449631026 0.00014955579826966066 0.0051484324608738067 -0.0047024470517382016 0
leaf_weight=120.19353146851063 223.60422932170331 266.80645725503564 284.41583767905831 132.53312702476978 80.67102824524045 230.38001495040953
leaf_count=494 866 822 906 368 256 920
internal_value=0.000155877 0.00174381 0.00304516 -0.00135905 0.0010802 -0.00262843
internal_weight=1338.6 671.416 551.222 667.188 213.204 453.984
internal_count=4632 2222 1728 2410 624 1786
is_linear=0
shrinkage=0.03


Tree=158
num_leaves=7
num_cat=0
split_feature=1 3 3 3 0 1
split_gain=2.89609 2.67684 2.47534 2.18316 3.40711 2.49645
threshold=-0.026234625838696953 0.36375127732753759 -1.98241651058197 -0.49475124478340143 -0.81615769863128651 -0.49843369424343104
decision_type=2 2 2 2 2 2
left_child=3 2 -2 5 -5 -1
right_child=1 -3 -4 4 -6 -7
leaf_value=-0.0030231194030071445 0.0026524145601615539 0.0029965749918158769 -0.0029426720127180141 0.00064314335452032476 -0.0074332584332328878 0.003381614118839491
leaf_weight=37.999474450945854 54.272583719342947 73.84040261618793 552.08365153521299 204.75155149027705 37.171920381486416 369.7845433242619
leaf_count=136 170 307 1935 680 118 1268
internal_value=-0.000165136 -0.00154993 -0.00227738 0.00119804 -0.000841567 0.00253109
internal_weight=1329.9 680.197 606.356 649.707 241.923 407.784
internal_count=4614 2412 2105 2202 798 1404
is_linear=0
shrinkage=0.03


Tree=159
num_leaves=5
num_cat=0
split_feature=3 7 3 2
split_gain=2.12314 1.60501 4.12443 2.08873
threshold=-2.0923643112182613 1.0000000180025095e-35 -0.90662956237792958 -0.48330967128276819
decision_type=2 2 2 2
left_child=-1 3 -3 -2
right_child=1 2 -4 -5
leaf_value=-0.0049301700574546159 0.0050170120142231977 0.0046365723409170102 -0.0015697440205469113 -0.00029229782955636675
leaf_weight=39.957171060144901 51.60965882986784 239.07301385328174 122.34876003488898 897.66689505800605
leaf_count=125 174 736 383 3267
internal_value=0.000476557 0.000758094 0.00240615 3.20182e-05
internal_weight=1350.66 1310.7 361.422 949.277
internal_count=4685 4560 1119 3441
is_linear=0
shrinkage=0.03


Tree=160
num_leaves=7
num_cat=0
split_feature=2 0 0 3 3 2
split_gain=2.40029 2.50876 3.86848 2.51024 1.03023 2.54275
threshold=0.29067805409431463 -2.3255755901336665 -1.9690784215927122 -1.3462581038475034 -0.47345358133316034 0.37060858309268957
decision_type=2 2 2 2 2 2
left_child=1 3 -3 -1 5 -2
right_child=4 2 -4 -5 -6 -7
leaf_value=-0.00016756843206465775 -0.0087443728077278605 -0.0034012780597585234 0.0014022417524234216 0.0065536681071132093 0 0
leaf_weight=50.757811792194843 36.127053268253803 159.73303310200572 829.25138102099299 118.46998700127006 60.773698041215539 67.917057769373059
leaf_count=201 136 641 2696 407 272 249
internal_value=0.000676989 0.00120111 0.000514908 0.004416 -0.0024129 -0.00401862
internal_weight=1323.03 1158.21 988.984 169.228 164.818 104.044
internal_count=4602 3945 3337 608 657 385
is_linear=0
shrinkage=0.03


Tree=161
num_leaves=7
num_cat=0
split_feature=2 3 2 4 2 3
split_gain=2.60517 4.46331 3.33288 3.00851 2.68536 2.26197
threshold=-0.087182093411684022 -0.6654074192047118 -0.054320987313985818 1.0000000180025095e-35 -0.36745615303516382 -1.5464038848876951
decision_type=2 2 2 2 2 2
left_child=4 2 -2 -3 -1 -6
right_child=1 3 -4 -5 5 -7
leaf_value=-0.002309720107485804 -0.010485275611925611 -0.00045044858253530607 -0.0021904235217925431 0.0057501841065785708 -0.0013441950197575101 0.0034275573355840609
leaf_weight=125.70796552300453 39.792519319802523 262.30144018679857 416.30019197613001 69.324868306517601 86.817621342837811 331.6827483959496
leaf_count=457 128 1009 1441 219 349 1031
internal_value=-0.000437055 -0.00155518 -0.00345022 0.000928463 0.0010728 0.00228467
internal_weight=1331.93 787.719 456.093 331.626 544.208 418.5
internal_count=4634 2797 1569 1228 1837 1380
is_linear=0
shrinkage=0.03


Tree=162
num_leaves=7
num_cat=0
split_feature=2 3 2 3 3 3
split_gain=1.86709 3.20163 2.99929 3.78698 2.97171 1.65383
threshold=0.16903953254222873 -0.27614845335483545 -0.16870094090700147 0.66255709528923046 -1.083262503147125 -0.79202038049697865
decision_type=2 2 2 2 2 2
left_child=2 4 5 -4 -2 -1
right_child=1 -3 3 -5 -6 -7
leaf_value=0.00071038510643066529 -0.00010432213590412267 0.0023236617593220283 0.0029098788000604921 -0.0046030141959462383 -0.0074798787451193054 -0.0029049617430373844
leaf_weight=191.33046381920576 128.28795645385981 94.082899760454893 610.62981822900474 43.164115451276302 83.270337453112006 192.25262843444943
leaf_count=693 438 394 2031 155 359 615
internal_value=0.000319161 -0.00160554 0.000962619 0.00220292 -0.0036618 -0.00100713
internal_weight=1343.02 305.641 1037.38 653.794 211.558 383.583
internal_count=4685 1191 3494 2186 797 1308
is_linear=0
shrinkage=0.03


Tree=163
num_leaves=7
num_cat=0
split_feature=2 2 2 3 2 1
split_gain=4.77967 3.4347 3.34421 2.76768 2.70923 2.13357
threshold=-0.0088005731813609583 -0.059987550601363175 -0.087182093411684022 -0.097793269902467714 0.36363218724727636 0.48958727717399603
decision_type=2 2 2 2 2 2
left_child=1 2 -1 -3 -2 -6
right_child=4 3 -4 -5 5 -7
leaf_value=0.0019689433961961838 -0.0022749128127620547 0.0088123360059709412 -0.0045897671780535717 0 0.0051745968357545568 -0.0016613660933741605
leaf_weight=543.79258055612445 488.65049379132688 91.998663939535618 56.505059313029051 32.032225623726845 73.912103595212102 42.11353961750865
leaf_count=1844 1777 279 185 91 293 191
internal_value=0.000644956 0.00228988 0.00112677 0.00656446 -0.00123964 0.00237282
internal_weight=1329 724.329 600.298 124.031 604.676 116.026
internal_count=4660 2399 2029 370 2261 484
is_linear=0
shrinkage=0.03


Tree=164
num_leaves=7
num_cat=0
split_feature=2 2 1 3 0 4
split_gain=2.76705 3.04538 3.65301 1.92881 1.69105 7.20465
threshold=-0.033563068136572831 -0.10120730474591254 -0.055220967158675187 -1.5965417027473447 -2.4615145921707149 1.0000000180025095e-35
decision_type=2 2 2 2 2 2
left_child=1 2 -1 -3 5 -2
right_child=4 3 -4 -5 -6 -7
leaf_value=0.00083889558868104367 -0.012960705588425148 -0.0008616830973265094 -0.0048396551614421131 0.0056732624169760024 -0.0013260476254345738 0.0026191873857707763
leaf_weight=386.23187074437737 36.665931925177574 29.935192823410034 113.01504986360669 121.74929886683822 609.88464509136975 30.387372389435768
leaf_count=1341 146 109 364 376 2222 100
internal_value=-0.000726719 0.000593491 -0.00046791 0.00408396 -0.0020629 -0.00623131
internal_weight=1327.87 650.931 499.247 151.684 676.938 67.0533
internal_count=4658 2190 1705 485 2468 246
is_linear=0
shrinkage=0.03


Tree=165
num_leaves=7
num_cat=0
split_feature=0 3 0 3 1 0
split_gain=2.24377 2.958 3.83099 3.79265 2.75706 3.95618
threshold=-1.1971287131309507 -0.38694657385349268 -0.81615769863128651 -1.5871195197105405 0.1072727181017399 -2.1848207712173457
decision_type=2 2 2 2 2 2
left_child=4 3 -3 -2 5 -1
right_child=1 2 -4 -5 -6 -7
leaf_value=0.0011753148390158707 -0.0011574501377894684 0.002487200308061605 -0.0065010753286805839 0.00560656654538607 0.0011213321423219711 -0.0037007720439143541
leaf_weight=181.87700001895428 89.257152212783694 60.824798177927732 62.02288182079792 180.29419132322073 283.19466264359653 466.15579866617918
leaf_count=665 311 192 203 559 1093 1628
internal_value=-0.000325691 0.00146531 -0.00190559 0.00323432 -0.0011584 -0.00224822
internal_weight=1323.63 392.399 122.848 269.551 931.227 648.033
internal_count=4651 1265 395 870 3386 2293
is_linear=0
shrinkage=0.03


Tree=166
num_leaves=7
num_cat=0
split_feature=3 0 3 2 3 1
split_gain=2.00916 5.6275 6.12794 5.04928 3.54375 3.167
threshold=-1.2634719610214231 -1.2627571821212766 -1.7901072502136228 0.0058212538715451964 -0.60274130105972279 0.058113818988204009
decision_type=2 2 2 2 2 2
left_child=1 2 -1 4 -2 -3
right_child=3 5 -4 -5 -6 -7
leaf_value=0.00010679455297795324 0.0049866074064283863 0.0054899657295449655 -0.008342456403118325 -0.0021662869943167239 0 -0.0021009898823353547
leaf_weight=115.68731212243438 217.22443123906851 86.777282992377877 150.18007230013609 387.75841820985079 306.79621646180749 62.699322294443846
leaf_count=417 648 286 605 1507 977 201
internal_value=-0.00044688 -0.00214262 -0.00470578 0.000290599 0.00223171 0.00207966
internal_weight=1327.12 415.344 265.867 911.779 524.021 149.477
internal_count=4641 1509 1022 3132 1625 487
is_linear=0
shrinkage=0.03


Tree=167
num_leaves=5
num_cat=0
split_feature=0 0 2 0
split_gain=1.98466 1.40642 1.81905 0.940389
threshold=1.0000000180025095e-35 -0.47106426954269404 -0.064869392663240419 -2.5066567659378047
decision_type=2 2 2 2
left_child=1 3 -3 -1
right_child=-2 2 -4 -5
leaf_value=0.0024985878362324696 0.0051815834561986622 0 -0.0080009994047540063 -0.00055508243065905533
leaf_weight=73.871605720371008 34.487688727676868 30.173569850623608 31.040813561528921 1164.9964278470725
leaf_count=264 101 98 105 4100
internal_value=-0.000328342 -0.000596247 -0.00448038 -0.000288532
internal_weight=1334.57 1300.08 61.2144 1238.87
internal_count=4668 4567 203 4364
is_linear=0
shrinkage=0.03


Tree=168
num_leaves=7
num_cat=0
split_feature=1 1 0 0 7 0
split_gain=3.55487 3.57095 3.13286 1.60949 0.93847 1.18138
threshold=0.37327674031257635 -0.36442305147647852 -0.67698314785957325 -2.1792186498641963 1.0000000180025095e-35 -2.1350433826446529
decision_type=2 2 2 2 2 2
left_child=1 3 -3 -1 5 -2
right_child=4 2 -4 -5 -6 -7
leaf_value=6.3221029944092585e-05 0 0.0013276897095759643 -0.0034466316615076056 -0.0056788606031253691 0 -0.009191593201571405
leaf_weight=36.183541107922792 23.892102781683207 954.64669747650623 117.3329032510519 108.16740680485964 33.148900158703327 43.064623177051544
leaf_count=125 107 3300 382 376 119 235
internal_value=-0.000407445 2.94416e-05 0.000696618 -0.00404192 -0.00533633 -0.00700322
internal_weight=1316.44 1216.33 1071.98 144.351 100.106 66.9567
internal_count=4644 4183 3682 501 461 342
is_linear=0
shrinkage=0.03


Tree=169
num_leaves=7
num_cat=0
split_feature=7 0 3 3 0 0
split_gain=2.01354 5.49551 4.2397 3.99307 3.49909 3.4695
threshold=1.0000000180025095e-35 -1.3238973021507261 -0.67741879820823658 -1.8260886073112486 -0.47106426954269404 -1.8121328353881834
decision_type=2 2 2 2 2 2
left_child=2 5 3 -1 -3 -2
right_child=1 4 -4 -5 -6 -7
leaf_value=0.0017839621368662155 0.0015143744234750681 0.0071345863605076628 0.0008094436151710329 -0.0044531137649159135 -0.0013905268685708092 -0.005577719351029773
leaf_weight=92.88654262945056 105.41109050810337 140.63617439568043 480.23840294219553 374.22246038541198 36.790682278573513 91.770530335605145
leaf_count=356 337 430 1721 1396 115 288
internal_value=-0.000294808 0.00145359 -0.00106396 -0.00306735 0.00510115 -0.00171978
internal_weight=1321.96 374.608 947.347 467.109 177.427 197.182
internal_count=4643 1170 3473 1752 545 625
is_linear=0
shrinkage=0.03


Tree=170
num_leaves=7
num_cat=0
split_feature=2 1 1 1 1 1
split_gain=1.25379 1.94677 1.79175 1.72525 1.36356 0.937786
threshold=0.31677706539630895 0.4731366783380509 -0.0026044559199362989 0.011874251998960974 -0.08465965092182158 0.13748566061258319
decision_type=2 2 2 2 2 2
left_child=2 5 4 -4 -1 -2
right_child=1 -3 3 -5 -6 -7
leaf_value=0 0 -0.0011531653679191982 -0.0070728558181791037 -0.00080790453039345617 0.0030468340585926451 0.0062948998987387055
leaf_weight=522.84985632076859 23.064920552074909 48.105352887883782 29.947337113320827 458.58138363063335 154.59795734286308 71.128179067745805
leaf_count=1807 88 218 112 1605 525 283
internal_value=0.000111136 0.00260988 -0.000182095 -0.00157301 0.00075125 0.0049225
internal_weight=1308.27 142.298 1165.98 488.529 677.448 94.1931
internal_count=4638 589 4049 1717 2332 371
is_linear=0
shrinkage=0.03


Tree=171
num_leaves=7
num_cat=0
split_feature=1 0 6 4 1 1
split_gain=3.46928 3.05032 4.11878 2.41732 1.48952 1.03506
threshold=0.19275278598070147 -2.3065364360809322 1.0000000180025095e-35 1.0000000180025095e-35 -0.055220967158675187 0.4053132832050324
decision_type=2 2 2 2 2 2
left_child=1 4 -3 -2 -1 -5
right_child=3 2 -4 5 -6 -7
leaf_value=0.0060587219190752443 -0.0047317933223481063 -0.0013871092149217578 0.003004918076996807 0.0033069536564236043 0 -0.002241610319817045
leaf_weight=102.32409635558724 196.92358729988337 637.64555000886321 250.58237146213651 50.204103838652372 60.402088340371847 24.011944405734539
leaf_count=347 785 2195 800 189 223 95
internal_value=-0.000129232 0.000615799 -4.31041e-05 -0.00306703 0.00415179 0.000780165
internal_weight=1322.09 1050.95 888.228 271.14 162.726 74.216
internal_count=4634 3565 2995 1069 570 284
is_linear=0
shrinkage=0.03


Tree=172
num_leaves=7
num_cat=0
split_feature=0 0 3 6 3 1
split_gain=2.27122 3.67247 2.16546 2.0005 1.92785 1.7682
threshold=-1.5953487753868101 -1.8121328353881834 -2.0709680318832393 1.0000000180025095e-35 -1.9028267264366148 0.12769484519958499
decision_type=2 2 2 2 2 2
left_child=1 3 -2 -1 -4 -3
right_child=2 5 4 -5 -6 -7
leaf_value=0.00055956823832650185 -0.0052619254920157092 -0.0074757716335748375 0.0065478902759504133 -0.0037845158867405959 0.00056846895776628624 0
leaf_weight=396.41588330641389 28.425631932914257 101.64596610143781 37.639990717172623 100.13495012745261 631.67323253303766 37.248317256569862
leaf_count=1519 81 360 119 382 2037 152
internal_value=-0.000427271 -0.00172591 0.000686969 -0.000312921 0.001172 -0.00572456
internal_weight=1333.18 635.445 697.739 496.551 669.313 138.894
internal_count=4650 2413 2237 1901 2156 512
is_linear=0
shrinkage=0.03


Tree=173
num_leaves=7
num_cat=0
split_feature=1 4 2 2 1 2
split_gain=1.8421 2.53597 2.28644 2.05874 1.60399 1.42474
threshold=0.19275278598070147 1.0000000180025095e-35 0.52683007717132579 0.37060858309268957 0.38244800269603735 -0.040256917476654046
decision_type=2 2 2 2 2 2
left_child=3 2 -2 5 -3 -1
right_child=1 4 -4 -5 -6 -7
leaf_value=0.001209249154670847 -0.005259016545008998 0.0048994340374789551 0.0016737429036673681 0.0070771747200017989 -0.0019080625192055946 -0.00099964770411119729
leaf_weight=620.52191922627389 165.94412866607308 45.891616377979517 29.919662797823548 23.441941399127245 27.961712431162596 405.74265290610492
leaf_count=2071 637 169 150 85 102 1417
internal_value=0 -0.00208139 -0.00386508 0.00061363 0.00182538 0.000276181
internal_weight=1319.42 269.717 195.864 1049.71 73.8533 1026.26
internal_count=4631 1058 787 3573 271 3488
is_linear=0
shrinkage=0.03


Tree=174
num_leaves=4
num_cat=0
split_feature=1 2 2
split_gain=1.61683 1.25962 2.94135
threshold=0.60774821043014537 -0.57457616925239552 -0.36745615303516382
decision_type=2 2 2
left_child=1 -1 -3
right_child=-2 2 -4
leaf_value=0.0042449026726936239 -0.0056836906976709435 -0.0050221188557560484 0.00010811486177756251
leaf_weight=37.608850061893463 28.370225382968783 88.266308832913637 1178.6613992266357
leaf_count=131 141 329 4073
internal_value=-0.000284211 -3.74389e-05 -0.000275177
internal_weight=1332.91 1304.54 1266.93
internal_count=4674 4533 4402
is_linear=0
shrinkage=0.03


Tree=175
num_leaves=7
num_cat=0
split_feature=2 3 3 2 2 0
split_gain=1.44555 5.16659 5.11309 4.38863 3.22664 2.24982
threshold=-0.25380344688892359 -0.36989170312881464 -0.35281857848167414 0.05404284410178662 0.172770731151104 -0.8917294144630431
decision_type=2 2 2 2 2 2
left_child=2 4 5 -3 -2 -1
right_child=1 3 -4 -5 -6 -7
leaf_value=-0.003137675830398048 0.0018143252323476447 -0.0065468456719829761 0.0068159835602783362 0 -0.0024208304361852222 0.0043114415036284593
leaf_weight=134.73165553063154 541.79079329967499 190.91076610609889 87.853105390444398 146.48190188407898 200.49430875107646 23.832541480660439
leaf_count=498 1824 617 283 607 749 71
internal_value=-0.000270907 -0.000785025 0.00164632 -0.00377391 0.000558179 -0.00132455
internal_weight=1326.1 1079.68 246.417 337.393 742.285 158.564
internal_count=4649 3797 852 1224 2573 569
is_linear=0
shrinkage=0.03


Tree=176
num_leaves=7
num_cat=0
split_feature=2 3 2 3 1 1
split_gain=1.66997 1.40813 1.07803 3.02097 2.13558 0.940164
threshold=0.3378500789403916 0.10177887603640558 -0.37639430165290827 -1.1523764133453367 -0.044194137677550309 0.20123754441738131
decision_type=2 2 2 2 2 2
left_child=2 5 3 -1 -4 -2
right_child=1 -3 4 -5 -6 -7
leaf_value=-0.0077880146900300984 0 0.00066287659424364611 0.0019306942832591606 0.00066923652398751562 -0.00067173809394081624 -0.0063729093778945737
leaf_weight=36.002212353050709 24.766505964100361 30.116269143298268 498.01716162078083 77.778541050851345 567.56007431261241 68.880787724629045
leaf_count=172 87 133 1670 269 1967 295
internal_value=-0.0001757 -0.00324984 0.000145692 -0.00232252 0.000502448 -0.00493131
internal_weight=1303.12 123.764 1179.36 113.781 1065.58 93.6473
internal_count=4593 515 4078 441 3637 382
is_linear=0
shrinkage=0.03


Tree=177
num_leaves=6
num_cat=0
split_feature=1 1 1 0 0
split_gain=2.32011 2.28531 6.34399 2.80179 0.612804
threshold=0.37327674031257635 0.088931299746036543 -0.0026044559199362989 -0.94037958979606617 -2.0718638896942134
decision_type=2 2 2 2 2
left_child=1 2 -1 -3 -2
right_child=4 3 -4 -5 -6
leaf_value=0.00097264689086943201 0 0.0039020914754918693 -0.0050119623155106671 -0.0020198104401320744 -0.0054168333466338113
leaf_weight=692.08273455686867 29.049167884513736 269.03919168747962 183.67364384606481 67.054697621613741 61.24108299612999
leaf_count=2398 138 945 633 223 298
internal_value=4.10624e-05 0.000457705 -0.000299411 0.00250502 -0.00407591
internal_weight=1302.14 1211.85 875.756 336.094 90.2903
internal_count=4635 4199 3031 1168 436
is_linear=0
shrinkage=0.03


Tree=178
num_leaves=6
num_cat=0
split_feature=2 3 0 4 3
split_gain=1.93801 2.03241 3.77374 2.66073 1.36495
threshold=0.5403062403202058 -1.5965417027473447 -0.97662916779518116 1.0000000180025095e-35 -1.0782713294029234
decision_type=2 2 2 2 2
left_child=1 2 -1 -3 -2
right_child=4 3 -4 -5 -6
leaf_value=0 0 0 -0.0076350186212821311 0.0036316386832650335 -0.00778564359327805
leaf_weight=188.46979999914765 17.265249498188496 821.247104505077 57.879884846508503 217.9719909876585 28.079683851450682
leaf_count=726 57 2846 204 717 149
internal_value=0 0.000211238 -0.00207203 0.000838043 -0.00507945
internal_weight=1330.91 1285.57 246.35 1039.22 45.3449
internal_count=4699 4493 930 3563 206
is_linear=0
shrinkage=0.03


Tree=179
num_leaves=6
num_cat=0
split_feature=2 2 0 0 0
split_gain=1.70543 4.34079 2.36316 1.51442 2.77211
threshold=-0.37639430165290827 -0.34232164919376368 -0.44403289258480066 -2.3469915390014644 -0.94804885983467091
decision_type=2 2 2 2 2
left_child=3 -2 -3 -1 -5
right_child=1 2 -4 4 -6
leaf_value=0.0012096973534598712 0.0087991330515699538 0 -0.0048819859739554069 -0.0075322945586825283 0.0016882387022503892
leaf_weight=19.350015386939049 27.764782853424549 1095.9687118455768 77.998755868524313 76.310001015663147 19.792512100189924
leaf_count=66 93 3871 256 312 67
internal_value=-0.000426051 -1.5596e-05 -0.000418221 -0.00362233 -0.00515283
internal_weight=1317.18 1201.73 1173.97 115.453 96.1025
internal_count=4665 4220 4127 445 379
is_linear=0
shrinkage=0.03


end of trees

feature_importances:
Column_3=276
Column_2=243
Column_0=242
Column_1=159
Column_7=43
Column_4=28
Column_5=19
Column_6=9

parameters:
[boosting: gbdt]
[objective: lambdarank]
[metric: ndcg]
[tree_learner: serial]
[device_type: cpu]
[data_sample_strategy: bagging]
[data: ]
[valid: ]
[num_iterations: 180]
[learning_rate: 0.03]
[num_leaves: 7]
[num_threads: 1]
[seed: 17]
[deterministic: 1]
[force_col_wise: 1]
[force_row_wise: 0]
[histogram_pool_size: -1]
[max_depth: 3]
[min_data_in_leaf: 80]
[min_sum_hessian_in_leaf: 0.001]
[bagging_fraction: 0.8]
[pos_bagging_fraction: 1]
[neg_bagging_fraction: 1]
[bagging_freq: 1]
[bagging_seed: 26602]
[bagging_by_query: 0]
[feature_fraction: 0.8]
[feature_fraction_bynode: 1]
[feature_fraction_seed: 18297]
[extra_trees: 0]
[extra_seed: 13015]
[early_stopping_round: 0]
[early_stopping_min_delta: 0]
[first_metric_only: 0]
[max_delta_step: 0]
[lambda_l1: 2]
[lambda_l2: 20]
[linear_lambda: 0]
[min_gain_to_split: 0]
[drop_rate: 0.1]
[max_drop: 50]
[skip_drop: 0.5]
[xgboost_dart_mode: 0]
[uniform_drop: 0]
[drop_seed: 30017]
[top_rate: 0.2]
[other_rate: 0.1]
[min_data_per_group: 100]
[max_cat_threshold: 32]
[cat_l2: 10]
[cat_smooth: 10]
[max_cat_to_onehot: 4]
[top_k: 20]
[monotone_constraints: ]
[monotone_constraints_method: basic]
[monotone_penalty: 0]
[feature_contri: ]
[forcedsplits_filename: ]
[refit_decay_rate: 0.9]
[cegb_tradeoff: 1]
[cegb_penalty_split: 0]
[cegb_penalty_feature_lazy: ]
[cegb_penalty_feature_coupled: ]
[path_smooth: 0]
[interaction_constraints: ]
[verbosity: -1]
[saved_feature_importance_type: 0]
[use_quantized_grad: 0]
[num_grad_quant_bins: 4]
[quant_train_renew_leaf: 0]
[stochastic_rounding: 1]
[linear_tree: 0]
[max_bin: 255]
[max_bin_by_feature: ]
[min_data_in_bin: 3]
[bin_construct_sample_cnt: 200000]
[data_random_seed: 94]
[is_enable_sparse: 1]
[enable_bundle: 1]
[use_missing: 1]
[zero_as_missing: 0]
[feature_pre_filter: 1]
[pre_partition: 0]
[two_round: 0]
[header: 0]
[label_column: ]
[weight_column: ]
[group_column: ]
[ignore_column: ]
[categorical_feature: ]
[forcedbins_filename: ]
[precise_float_parser: 0]
[parser_config_file: ]
[objective_seed: 20363]
[num_class: 1]
[is_unbalance: 0]
[scale_pos_weight: 1]
[sigmoid: 1]
[boost_from_average: 1]
[reg_sqrt: 0]
[alpha: 0.9]
[fair_c: 1]
[poisson_max_delta_step: 0.7]
[tweedie_variance_power: 1.5]
[lambdarank_truncation_level: 30]
[lambdarank_norm: 1]
[label_gain: 0,1,2,3]
[lambdarank_position_bias_regularization: 0]
[eval_at: 2]
[multi_error_top_k: 1]
[auc_mu_weights: ]
[num_machines: 1]
[local_listen_port: 12400]
[time_out: 120]
[machine_list_filename: ]
[machines: ]
[gpu_platform_id: -1]
[gpu_device_id: -1]
[gpu_device_id_list: ]
[gpu_use_dp: 0]
[num_gpu: 1]

end of parameters

pandas_categorical:null
