tree
version=v4
num_class=1
num_tree_per_iteration=1
label_index=0
max_feature_idx=23
objective=lambdarank
feature_names=Column_0 Column_1 Column_2 Column_3 Column_4 Column_5 Column_6 Column_7 Column_8 Column_9 Column_10 Column_11 Column_12 Column_13 Column_14 Column_15 Column_16 Column_17 Column_18 Column_19 Column_20 Column_21 Column_22 Column_23
feature_infos=[-2.8707199096679688:1.3665225505828857] [-1.3829426765441895:2.5005612373352051] [-1.2473015785217285:2.8120923042297363] [-2.4748332500457764:2.8062193393707275] [-0.66183751821517944:1.6389422416687012] [-2.6019799709320068:1.1305116415023804] [-1.0771976709365845:3.0370988845825195] [-3.5495328903198242:1.9016095399856567] [-2.1968531608581543:2.1679477691650391] [-1.0730923414230347:1.9400030374526978] [-0.21451142430305481:2.8151693344116211] [-2.9535558223724365:2.4795088768005371] [-2.4684848785400391:3.1746187210083008] [-4.3413271903991699:1.7943376302719116] [-1.2829312086105347:4.3881587982177734] [-2.6704778671264648:2.63877272605896] [-4.3478174209594727:1.5158103704452515] [-2.7775058746337891:2.9774856567382812] [-4.8661012649536133:1.0583555698394775] [-3.5699975490570068:2.0383784770965576] [0:1] [0:1] [0:1] [0:1]
tree_sizes=881 688 878 903 800 896 690 902 685 895 907 897 891 795 902 691 896 878 903 894 900 902 876 906 686 901 896 906 902 878 879 902 797 895 903 905 875 906 898 794 903 678 879 789 903 902 904 904 904 889 905 904 908 690 786 900 887 902 897 888 892 899 900 903 908 899 686 910 901 883 903 905 904 900 899 899 900 907 900 898 690 885 884 905 891 904 873 687 884 887 907 789 770 900 695 898 905 661 905 886 900 797 900 895 900 910 902 898 895 913 886 761 904 902 903 882 799 903 904 907 900 889 909 693 777 903 683 878 776 903 861 907 683 780 873 906 883 774 885 872 797 903 901 883 883 899 903 881 910 693 882 906 773 901 886 672 575 900 898 900 897 669 885 902 793 767 669 694 877 907 901 787 795 893 902 900 775 869 872 885

Tree=0
num_leaves=7
num_cat=0
split_feature=14 0 12 10 11 1
split_gain=5.7497 5.46583 3.43335 3.09301 3.11845 1.62995
threshold=0.021238035522401336 -1.5992347598075864 1.1499137878417971 0.59429049491882335 0.42332193255424505 0.34181733429431921
decision_type=2 2 2 2 2 2
left_child=1 2 -1 -2 -5 -3
right_child=3 5 -4 4 -6 -7
leaf_value=-0.00639766957043824 0.0053658941502609673 0.0096018224652003291 0.0038104793557962101 -0.0056716826147028563 0.00088447265057635925 0
leaf_weight=41.705427542328835 13.833491578698156 75.784763842821121 32.310125205665827 201.34161187522113 65.101489154621959 10.790727611631153
leaf_count=470 175 956 362 2288 637 133
internal_value=-0.000277975 0.0038233 -0.00144066 -0.00292584 -0.00391041 0.00831239
internal_weight=440.868 160.591 74.0156 280.277 266.443 86.5755
internal_count=5021 1921 832 3100 2925 1089
is_linear=0
shrinkage=0.03


Tree=1
num_leaves=5
num_cat=0
split_feature=14 11 4 0
split_gain=66.3644 54.1881 40.2434 25.4322
threshold=-0.95692864060401905 -0.4682046771049499 -0.41695830225944513 -1.5484877228736875
decision_type=2 2 2 2
left_child=-1 3 -3 -2
right_child=1 2 -4 -5
leaf_value=0.024327053374794117 -0.011607657205070451 0.017155995575949903 0.00087931679564110454 -0.0012499105745182779
leaf_weight=79.842424273490906 446.75510677322745 127.95177894085646 2014.887278329581 429.45313735678792
leaf_count=78 819 236 3241 656
internal_value=0.000249042 -0.000523894 0.00202862 -0.00673918
internal_weight=3098.89 3019.05 2142.84 876.208
internal_count=5030 4952 3477 1475
is_linear=0
shrinkage=0.03


Tree=2
num_leaves=7
num_cat=0
split_feature=1 14 12 11 12 17
split_gain=47.9622 54.6166 42.5255 39.5223 33.6361 16.4515
threshold=0.36718244850635534 0.62336400151252758 1.1353101134300234 -0.61694413423538197 0.66679525375366222 1.643904507160187
decision_type=2 2 2 2 2 2
left_child=1 4 5 -3 -1 -2
right_child=2 3 -4 -5 -6 -7
leaf_value=0 -0.02395079734701959 -0.014454593877773859 0.0014146336320865181 -0.00050845781255921287 0.008766978494630269 -0.0017904446700526572
leaf_weight=682.01950427144766 134.19517789781094 208.37162761762738 151.91057541966438 978.28680284693837 950.08168257027864 49.310062237083912
leaf_count=1059 219 421 221 1685 1349 83
internal_value=0.000312279 0.00162931 -0.0100558 -0.00320605 0.00517755 -0.0190521
internal_weight=3154.18 2818.76 335.416 1186.66 1632.1 183.505
internal_count=5037 4514 523 2106 2408 302
is_linear=0
shrinkage=0.03


Tree=3
num_leaves=7
num_cat=0
split_feature=14 2 0 18 11 11
split_gain=60.2477 59.658 47.378 77.0142 58.2705 24.4205
threshold=0.039911508560180671 0.019809896126389507 -1.5695746541023252 -1.4740039706230161 -0.13564225286245343 -0.60828557610511769
decision_type=2 2 2 2 2 2
left_child=2 5 4 -4 -1 -2
right_child=1 -3 3 -5 -6 -7
leaf_value=-0.010786593541383088 -0.0083606252852025682 -0.0096125490354096281 -0.012473691800215177 0.01369930102387489 0.0078119008790333774 0.0038533366049722179
leaf_weight=277.06313430145383 158.27523440122604 725.50706125795841 100.12015588581562 670.11815454810858 288.18877351284027 797.67139525711536
leaf_count=456 353 1352 137 911 426 1407
internal_value=0.000504811 -0.00323603 0.00523725 0.00999166 -0.00125888 0.00163971
internal_weight=3016.94 1681.45 1335.49 770.238 565.252 955.947
internal_count=5042 3112 1930 1048 882 1760
is_linear=0
shrinkage=0.03


Tree=4
num_leaves=6
num_cat=0
split_feature=5 11 14 2 13
split_gain=33.0394 32.4977 29.9327 24.9332 17.9308
threshold=0.59760114550590526 -0.50915104150772084 0.89780485630035411 0.095858320593833937 -0.071759976446628557
decision_type=2 2 2 2 2
left_child=1 4 -2 -3 -1
right_child=2 3 -4 -5 -6
leaf_value=-0.012825854324346721 0.021159753237047659 0.0038466678513037872 -0.0039002650347533239 -0.0031832939684398901 -0.0021363397543224484
leaf_weight=213.71947498619556 105.55907815694809 1385.2131108939648 51.428216353058815 644.66572616994381 428.22344541549683
leaf_count=424 145 2305 107 1159 856
internal_value=0.000537966 -0.000269575 0.0130982 0.00157549 -0.00606579
internal_weight=2828.81 2671.82 156.987 2029.88 641.943
internal_count=4996 4744 252 3464 1280
is_linear=0
shrinkage=0.03


Tree=5
num_leaves=7
num_cat=0
split_feature=0 17 12 5 14 11
split_gain=33.8498 62.7279 51.2514 29.9509 24.9721 24.0656
threshold=-1.5565903782844541 1.643904507160187 2.3912323713302617 0.2333699241280556 2.1938908100128178 0.40853960812091833
decision_type=2 2 2 2 2 2
left_child=2 3 5 -2 -4 -1
right_child=1 -3 4 -5 -6 -7
leaf_value=-0.007775108146676292 -0.0037081895591220804 0.014832937972353856 0.016112816037487685 0.0071556794674490247 -0.0012824912808311099 0.0021661303753298458
leaf_weight=942.46488524973392 670.90979149192572 318.61739470809698 145.7533301115036 320.97377555072308 118.92015211284161 262.90635161101818
leaf_count=1873 1165 533 222 540 246 462
internal_value=0.000186641 0.00368325 -0.00289781 -6.13958e-05 0.00854519 -0.00555787
internal_weight=2780.55 1310.5 1470.04 991.884 264.673 1205.37
internal_count=5041 2238 2803 1705 468 2335
is_linear=0
shrinkage=0.03


Tree=6
num_leaves=5
num_cat=0
split_feature=14 1 13 20
split_gain=34.7346 30.5099 20.7831 14.1812
threshold=-0.95692864060401905 0.2196174040436745 1.1552687883377077 1.0000000180025095e-35
decision_type=2 2 2 2
left_child=-1 2 -2 -3
right_child=1 3 -4 -5
leaf_value=0.019637506856666018 0.0015514972460570504 -0.0099515939145537798 -0.010377672185108435 0.00062143657238782535
leaf_weight=56.483006030321121 1990.6080614477396 393.0600849352777 119.99173866212368 140.36824847012758
leaf_count=80 3716 767 224 279
internal_value=-0.000265519 -0.000857455 0.00075409 -0.00713904
internal_weight=2700.51 2644.03 2110.6 533.428
internal_count=5066 4986 3940 1046
is_linear=0
shrinkage=0.03


Tree=7
num_leaves=7
num_cat=0
split_feature=14 2 12 0 10 13
split_gain=35.5617 35.4538 30.9349 49.4714 41.2966 23.7052
threshold=0.021238035522401336 0.025807941332459453 1.1606945395469668 -1.5695746541023252 1.0521633028984072 0.41065430641174322
decision_type=2 2 2 2 2 2
left_child=2 5 3 -1 -4 -2
right_child=1 -3 4 -5 -6 -7
leaf_value=-0.01137271392484146 -0.0045839441583794037 -0.0087564957520880945 -0.0040266450570559309 0.0059570550535394083 0.013534906803540359 0.0049463909869440536
leaf_weight=229.98760920017958 415.50083683431149 601.02290756255388 151.10739061236382 342.16829313337803 404.49494735896587 487.00112400949001
leaf_count=470 813 1347 235 533 627 947
internal_value=-0.000209536 -0.0032336 0.00375596 -0.00105645 0.00868049 0.000489445
internal_weight=2631.28 1503.52 1127.76 572.156 555.602 902.502
internal_count=4972 3107 1865 1003 862 1760
is_linear=0
shrinkage=0.03


Tree=8
num_leaves=5
num_cat=0
split_feature=14 15 3 4
split_gain=40.0946 33.0761 26.0751 13.4582
threshold=-0.95692864060401905 -2.1385295391082759 0.56986513733863842 -0.13052364438772199
decision_type=2 2 2 2
left_child=-1 3 -3 -2
right_child=1 2 -4 -5
leaf_value=0.02224196218180155 -0.0013351380795324158 0.0017965376475313646 -0.0083092899048041041 -0.016916400945613825
leaf_weight=52.187822595238686 95.83674818277359 2045.9609071016312 237.66330521926284 123.77315454185009
leaf_count=80 202 4002 483 244
internal_value=0.000182259 -0.000426518 0.00065574 -0.0110462
internal_weight=2555.42 2503.23 2283.62 219.61
internal_count=5011 4931 4485 446
is_linear=0
shrinkage=0.03


Tree=9
num_leaves=7
num_cat=0
split_feature=4 7 3 3 2 4
split_gain=27.9247 31.3534 27.2312 31.0776 24.1409 23.7818
threshold=-0.14417216926813123 0.45760260522365576 0.87921130657196056 -1.6333337426185606 0.51531070470809948 0.61243093013763439
decision_type=2 2 2 2 2 2
left_child=2 4 3 -1 -2 -3
right_child=1 5 -4 -5 -6 -7
leaf_value=-0.0063723245157299149 0.0023868873803909157 -0.010467733822927969 -0.014946979833329842 0.0073649598455476717 -0.014116521180468451 0.00346754584605714
leaf_weight=160.68462885916233 834.260608330369 520.24576197564602 46.065100491046906 787.00028431415558 67.60537926107645 120.5414831340313
leaf_count=321 1610 1071 114 1546 142 227
internal_value=-0.000219372 -0.00275523 0.00363469 0.00489017 0.000805259 -0.00772989
internal_weight=2536.4 1542.65 993.75 947.685 901.866 640.787
internal_count=5031 3050 1981 1867 1752 1298
is_linear=0
shrinkage=0.03


Tree=10
num_leaves=7
num_cat=0
split_feature=12 15 19 8 17 21
split_gain=25.5172 24.0286 23.7979 21.4218 20.9817 19.8715
threshold=0.7151399850845338 -2.0531654357910152 0.88652771711349498 -0.10480143129825591 1.482432007789612 1.0000000180025095e-35
decision_type=2 2 2 2 2 2
left_child=2 -2 3 -1 -4 -3
right_child=1 5 4 -5 -6 -7
leaf_value=0.0073545797636705539 -0.0062283633143823073 0.0061662677116872053 -0.0096807960213205341 -0.0066140559524798083 0.0025828949655034299 -0.0032507860394798346
leaf_weight=256.10778197646141 203.83833675831556 1025.5814251154661 496.99551991373301 131.73974846303463 146.99276997894049 227.40716798603535
leaf_count=542 428 1927 1008 276 297 533
internal_value=0.000232139 0.00279581 -0.00331474 0.00237109 -0.00679772 0.0043858
internal_weight=2488.66 1456.83 1031.84 387.848 643.988 1252.99
internal_count=5011 2888 2123 818 1305 2460
is_linear=0
shrinkage=0.03


Tree=11
num_leaves=7
num_cat=0
split_feature=1 4 3 7 12 10
split_gain=30.841 24.7335 30.9553 29.3653 12.264 16.9258
threshold=0.20138961821794513 -0.15333838760852811 0.32064229249954229 0.46671389043331152 1.1353101134300234 1.1504796147346499
decision_type=2 2 2 2 2 2
left_child=1 2 -1 -3 -2 -6
right_child=4 3 -4 -5 5 -7
leaf_value=0.007955144921022117 -0.01051479988216629 0.002912801672266705 -0.0096388880349697146 -0.0065730896653618583 -0.012127722152217992 0.003684729047128266
leaf_weight=701.95896209776402 272.35752573609352 691.27765753120184 82.719540268182755 477.15812370181084 67.182952627539635 177.64875277131796
leaf_count=1383 624 1337 201 1004 145 359
internal_value=1.36539e-05 0.00177239 0.00583237 -0.000955924 -0.00633507 -0.00101592
internal_weight=2470.3 1953.11 784.679 1168.44 517.189 244.832
internal_count=5053 3925 1584 2341 1128 504
is_linear=0
shrinkage=0.03


Tree=12
num_leaves=7
num_cat=0
split_feature=15 6 5 1 0 7
split_gain=26.9883 24.3492 30.7765 21.221 20.8417 15.8753
threshold=-1.2917872071266172 -0.090373363345861421 0.28182849287986761 0.42960275709629064 -1.468545079231262 0.42037922143936163
decision_type=2 2 2 2 2 2
left_child=1 5 -3 4 -2 -1
right_child=3 2 -4 -5 -6 -7
leaf_value=0.0078698492205035667 0.00019429032382789962 -0.012721466509178384 0.0021829842509349111 -0.0089737831950855145 0.0075515817848233148 -0.0038757979246140809
leaf_weight=176.38411571085453 807.71274451911449 368.84698809683323 166.63594003021717 113.57975524663925 612.26782710850239 194.41386985033751
leaf_count=360 1671 819 362 257 1158 420
internal_value=0 -0.00406442 -0.00806376 0.00240526 0.0034691 0.00167475
internal_weight=2439.84 906.281 535.483 1533.56 1419.98 370.798
internal_count=5047 1961 1181 3086 2829 780
is_linear=0
shrinkage=0.03


Tree=13
num_leaves=6
num_cat=0
split_feature=5 15 18 4 14
split_gain=24.2843 23.2077 21.8781 18.1479 3.30023
threshold=0.62451431155204784 -1.3331589698791502 -0.58701804280281056 -0.18286128342151639 0.93569713830947887
decision_type=2 2 2 2 2
left_child=1 2 -1 -3 -2
right_child=4 3 -4 -5 -6
leaf_value=0.003257924965900424 0.016822485318670252 0.0062346912152148057 -0.0076189560929563723 -0.00065670383420241712 0.0022300990727596622
leaf_weight=207.71964322775602 64.135815262794495 487.51686130464077 584.10877577215433 1018.9250283762813 37.629302307963371
leaf_count=452 114 958 1274 2123 94
internal_value=9.29956e-05 -0.00056889 -0.00468176 0.00158666 0.013172
internal_weight=2400.04 2298.27 791.828 1506.44 101.765
internal_count=5015 4807 1726 3081 208
is_linear=0
shrinkage=0.03


Tree=14
num_leaves=7
num_cat=0
split_feature=2 11 3 21 12 10
split_gain=19.9435 21.7573 20.148 19.118 15.4664 15.0984
threshold=0.022807541303336624 -0.44422957301139826 -1.3724902272224424 1.0000000180025095e-35 0.83867970108985912 0.7245750129222871
decision_type=2 2 2 2 2 2
left_child=1 -1 -3 4 -2 -5
right_child=3 2 -4 5 -6 -7
leaf_value=-0.0039445541072450335 -0.0062481680686002315 -0.0013346777164335545 0.0073524854534395452 0.0041528663227700224 0.0019601105263400065 -0.01522318344609961
leaf_weight=374.48453058302402 323.208013497293 348.21418809890747 655.76347132772207 30.629986137151718 487.55377402156591 157.10975178331137
leaf_count=855 701 699 1261 93 979 433
internal_value=-0.000298063 0.00200293 0.00431366 -0.00351052 -0.00131152 -0.0116777
internal_weight=2376.96 1378.46 1003.98 998.502 810.762 187.74
internal_count=5021 2815 1960 2206 1680 526
is_linear=0
shrinkage=0.03


Tree=15
num_leaves=5
num_cat=0
split_feature=14 14 14 16
split_gain=23.6234 25.6996 47.1447 32.3734
threshold=-0.95692864060401905 -0.29248613119125361 0.039911508560180671 0.31781259179115301
decision_type=2 2 2 2
left_child=-1 3 -3 -2
right_child=1 2 -4 -5
leaf_value=0.018485275337802046 -0.017328828220343043 0.0086364358404182554 -0.0016697141803402424 -0.00039123052218871009
leaf_weight=42.738299012184143 142.36882780492306 545.6893597766757 1325.7357060536742 294.14660055935383
leaf_count=81 290 1024 3081 548
internal_value=0.00031287 -0.000153792 0.00136328 -0.006564
internal_weight=2350.68 2307.94 1871.43 436.515
internal_count=5024 4943 4105 838
is_linear=0
shrinkage=0.03


Tree=16
num_leaves=7
num_cat=0
split_feature=4 12 7 2 4 4
split_gain=24.6577 33.0844 20.313 21.756 17.2762 16.6208
threshold=-0.14859234541654584 1.994566082954407 0.46671389043331152 0.5463453233242036 -0.21511331200599668 0.77858081459999096
decision_type=2 2 2 2 2 2
left_child=1 4 3 -2 -1 -4
right_child=2 -3 5 -5 -6 -7
leaf_value=-0.0031641816026145874 0.0020158516341947028 0.012682094562112233 -0.0086365265368257838 -0.01520333071610429 0.0068976595228300496 0.0056297024218375184
leaf_weight=438.64645453542471 773.60502861440182 251.9505402892828 496.07792955636978 51.788360051810741 210.48304036259651 66.286028802394867
leaf_count=960 1630 503 1170 122 464 127
internal_value=5.3909e-05 0.00389484 -0.00241731 0.000530366 0.000117396 -0.00671634
internal_weight=2288.84 901.08 1387.76 825.393 649.129 562.364
internal_count=4976 1927 3049 1752 1424 1297
is_linear=0
shrinkage=0.03


Tree=17
num_leaves=7
num_cat=0
split_feature=10 3 11 2 18 6
split_gain=24.001 21.2017 20.4834 23.9352 15.1996 8.20439
threshold=0.59429049491882335 -1.4507091045379636 0.27805496752262121 0.022807541303336624 -1.5700101256370542 0.12106801941990854
decision_type=2 2 2 2 2 2
left_child=1 -1 3 -2 -4 -3
right_child=2 5 4 -5 -6 -7
leaf_value=-0.0072219417404756573 0.00036266587719990649 0.015885024190193699 -0.0064663107226159908 -0.0073952773235180826 0.0055085167014118155 0
leaf_weight=41.335093110799789 816.66641955077648 151.17117342352867 93.47299137711525 596.43450600653887 533.72537261247635 38.161082327365875
leaf_count=92 1762 316 185 1443 1122 84
internal_value=0.000129236 0.00891578 -0.000911916 -0.00292741 0.00348649 0.013079
internal_weight=2270.97 230.667 2040.3 1413.1 627.198 189.332
internal_count=5004 492 4512 3205 1307 400
is_linear=0
shrinkage=0.03


Tree=18
num_leaves=7
num_cat=0
split_feature=0 18 5 11 14 2
split_gain=19.9066 32.0664 30.7706 26.2191 15.8918 14.9497
threshold=-1.468545079231262 -1.5700101256370542 0.25697541236877447 -0.20902506262063977 -0.118289727717638 -0.41759276390075678
decision_type=2 2 2 2 2 2
left_child=3 -2 -3 4 -1 -5
right_child=1 2 -4 5 -6 -7
leaf_value=-0.013772035607907632 -0.0097362803452876439 0.0020776214428630045 0.014483574204965812 -0.010090652260023232 -0.0026406616031922707 0.0034790337220679769
leaf_weight=164.24546871334314 110.89919130504131 587.10259495675564 255.30706222355366 60.433914795517921 395.85738005489111 683.82942403107882
leaf_count=365 237 1246 523 123 1003 1501
internal_value=0.000814748 0.00408328 0.00615573 -0.00155437 -0.00637055 0.00206345
internal_weight=2257.68 953.309 842.41 1304.37 560.103 744.263
internal_count=4998 2006 1769 2992 1368 1624
is_linear=0
shrinkage=0.03


Tree=19
num_leaves=7
num_cat=0
split_feature=15 1 12 10 14 7
split_gain=21.5075 23.0233 19.05 29.8214 22.7271 6.73186
threshold=-2.1385295391082759 -0.058583498001098626 0.66679525375366222 0.66907253861427318 0.039911508560180671 0.35390543937683111
decision_type=2 2 2 2 2 2
left_child=1 5 3 -2 -4 -1
right_child=2 -3 4 -5 -6 -7
leaf_value=-0.0065544691371672223 0.0084883028525898421 -0.018494280792800171 0.0080357197237326244 -0.0051221249485433858 -0.00011285015698641004 0.0068835000976448252
leaf_weight=37.330333679914474 159.40406096726656 91.932191506028175 508.08011999726295 708.41939800232649 704.09301357716322 57.683801293373108
leaf_count=91 347 216 960 1644 1671 131
internal_value=0 -0.00923495 0.000901702 -0.00241965 0.00332891 0.000860473
internal_weight=2266.94 186.946 2080 867.823 1212.17 95.0141
internal_count=5060 438 4622 1991 2631 222
is_linear=0
shrinkage=0.03


Tree=20
num_leaves=7
num_cat=0
split_feature=4 12 4 7 16 19
split_gain=19.8089 26.8081 17.3891 15.4856 28.029 25.1119
threshold=-0.14859234541654584 2.3912323713302617 -0.23721358925104138 -0.10282668843865393 0.78010129928588878 1.0551949143409731
decision_type=2 2 2 2 2 2
left_child=1 2 -1 4 -2 -5
right_child=3 -3 -4 5 -6 -7
leaf_value=-0.0027609819862961923 -0.00078729360738450966 0.01419062379435264 0.006613491549789843 0.0021072271212436355 0.017553124725178327 -0.008513130486521402
leaf_weight=406.65889505296946 485.26570361107588 161.60492029041052 282.07454146444798 301.62256459891796 67.428297698497772 503.1302001029253
leaf_count=928 1069 334 646 684 141 1198
internal_value=0.000340231 0.00390292 0.00107201 -0.00187223 0.00188032 -0.00450528
internal_weight=2207.79 850.338 688.733 1357.45 552.694 804.753
internal_count=5000 1908 1574 3092 1210 1882
is_linear=0
shrinkage=0.03


Tree=21
num_leaves=7
num_cat=0
split_feature=11 12 2 3 1 10
split_gain=15.1316 18.9238 17.0555 14.0862 11.1283 8.13315
threshold=-0.35484290122985834 -0.96441197395324696 0.15247919410467151 -0.4164182692766189 -0.1925290301442146 1.4771804213523867
decision_type=2 2 2 2 2 2
left_child=4 3 -3 -2 5 -1
right_child=1 2 -4 -5 -6 -7
leaf_value=-0.0014642398312811596 -0.017316527803315253 0.0047419569295176567 -0.0027905486518519543 0.0018310945876296417 -0.0055869254037455114 0.010472737768588937
leaf_weight=128.05770862102509 57.543488025665283 1038.5988738685846 337.72849998623133 47.053858667612076 535.07247421890497 55.802453443408012
leaf_count=320 124 2242 808 102 1316 128
internal_value=7.09452e-05 0.00182659 0.00283714 -0.00931001 -0.00341585 0.00253638
internal_weight=2199.86 1480.92 1376.33 104.597 718.933 183.86
internal_count=5040 3276 3050 226 1764 448
is_linear=0
shrinkage=0.03


Tree=22
num_leaves=7
num_cat=0
split_feature=0 17 11 7 12 1
split_gain=15.0892 40.8037 32.667 20.4345 16.743 16.7203
threshold=-1.5565903782844541 1.5702450871467593 -0.1309787109494209 -1.2977136373519895 2.4049979448318486 0.19876647740602496
decision_type=2 2 2 2 2 2
left_child=2 5 3 -1 -3 -2
right_child=1 4 -4 -5 -6 -7
leaf_value=0.010422201338399634 0.0016165738386984567 0.01686300381819069 0.0029614086420767793 -0.0086394902994847873 0 -0.0091625712572165671
leaf_weight=36.231361895799637 629.50038647651672 195.84993915259838 581.62423914670944 524.32254952937365 69.503097459673882 141.04364494979382
leaf_count=80 1352 412 1337 1348 160 325
internal_value=0.000425216 0.00303971 -0.00190587 -0.00698749 0.0127394 -0.000462477
internal_weight=2178.08 1035.9 1142.18 560.554 265.353 770.544
internal_count=5014 2249 2765 1428 572 1677
is_linear=0
shrinkage=0.03


Tree=23
num_leaves=7
num_cat=0
split_feature=3 5 2 13 13 10
split_gain=17.1074 27.4157 20.63 25.433 20.3651 14.8895
threshold=-1.5373983383178709 0.1666972562670708 0.017637878656387333 -0.071759976446628557 0.81949469447135936 0.56594711542129528
decision_type=2 2 2 2 2 2
left_child=1 -1 3 -2 -3 -4
right_child=2 4 5 -5 -6 -7
leaf_value=-0.016047841050046471 -0.0042631411453316684 0.0039423164924944562 0.0096267501831790864 0.0065360001660848743 -0.011125179629495451 -0.0043194058280988648
leaf_weight=134.39379966259003 245.65184769779444 242.05574818700552 55.402952313423157 710.46058566868305 96.065615095198154 669.93847300857306
leaf_count=310 579 561 131 1543 229 1680
internal_value=-0.000620198 -0.00555482 0.000780239 0.00366943 -0.000553288 -0.00294394
internal_weight=2153.97 472.515 1681.45 956.112 338.121 725.341
internal_count=5033 1100 3933 2122 790 1811
is_linear=0
shrinkage=0.03


Tree=24
num_leaves=5
num_cat=0
split_feature=14 2 3 17
split_gain=16.3989 18.7181 15.7814 11.5198
threshold=-0.95692864060401905 0.022807541303336624 -1.5373983383178709 1.9372687935829165
decision_type=2 2 2 2
left_child=-1 2 -2 -3
right_child=1 3 -4 -5
leaf_value=0.015289069145235751 -0.0046491234302278072 -0.0060444836791697099 0.0032839138933019852 0.0019829006888417359
leaf_weight=37.787952125072479 269.59268193691969 675.7011605873704 960.7960308380425 185.38131982088089
leaf_count=82 650 1681 2101 473
internal_value=-0.000428 -0.000882515 0.00145115 -0.0042424
internal_weight=2129.26 2091.47 1230.39 861.082
internal_count=4987 4905 2751 2154
is_linear=0
shrinkage=0.03


Tree=25
num_leaves=7
num_cat=0
split_feature=0 17 12 6 20 12
split_gain=11.9842 35.4111 23.4019 18.9971 17.7255 17.4593
threshold=-1.2014395594596861 1.1657254695892336 2.3912323713302617 -0.30659624934196467 1.0000000180025095e-35 2.3341184854507451
decision_type=2 2 2 2 2 2
left_child=2 3 4 -2 -1 -3
right_child=1 5 -4 -5 -6 -7
leaf_value=-0.0057783991624151395 0.011046168165185862 0.016935298291229008 0.0058650261828450323 -0.0054198116065469655 0.0022920743410748757 -0.0002817617777749845
leaf_weight=930.03561529517174 55.963407337665558 156.18466617166996 257.07237305492163 330.00979763269424 305.30488586053252 65.268507726490498
leaf_count=2269 112 342 601 741 730 162
internal_value=-0.000517583 0.00293553 -0.00198294 -0.002458 -0.00373131 0.0120094
internal_weight=2099.84 607.426 1492.41 385.973 1235.34 221.453
internal_count=4957 1357 3600 853 2999 504
is_linear=0
shrinkage=0.03


Tree=26
num_leaves=7
num_cat=0
split_feature=10 10 8 3 9 8
split_gain=10.6877 16.6902 14.7808 13.8382 12.3302 10.0875
threshold=0.59429049491882335 1.1355372667312624 -1.5491033792495725 -1.293783903121948 -0.14073076099157331 -1.10890656709671
decision_type=2 2 2 2 2 2
left_child=3 4 -3 -1 -2 -5
right_child=1 2 -4 5 -6 -7
leaf_value=-0.0051119283334321516 0.00061503374042653396 0.011414004709422271 0.00032105878170468778 -0.00074667818228451492 -0.0077849856408193719 0.01409250435425732
leaf_weight=53.717408373951912 235.64994361996651 100.33151257783175 1220.9579054415226 44.576532863080502 376.10043887794018 125.02854543924332
leaf_count=129 567 237 2874 93 925 282
internal_value=0.000213311 -0.000498975 0.00136576 0.00615956 -0.00453724 0.0102086
internal_weight=2156.36 1933.04 1321.29 223.322 611.75 169.605
internal_count=5107 4603 3111 504 1492 375
is_linear=0
shrinkage=0.03


Tree=27
num_leaves=7
num_cat=0
split_feature=4 1 7 4 6 17
split_gain=16.1983 16.7631 15.3805 14.1471 20.162 14.827
threshold=-0.14859234541654584 -0.070229697972536073 0.44301958382129675 -0.10672922059893607 0.081448651850223555 1.7503232955932619
decision_type=2 2 2 2 2 2
left_child=1 -1 -3 5 -5 -2
right_child=3 2 -4 4 -6 -7
leaf_value=0.0076406375884161843 -0.013160616709580348 -0.0057631093375184999 0.0050621737167693024 0.0030214875715849176 -0.0051096920738756581 0.0034584798389588433
leaf_weight=390.74911564588547 155.48709543794394 235.05160168558359 197.76020243391395 595.77796442806721 472.10636319220066 49.893025048077106
leaf_count=893 407 575 471 1376 1167 121
internal_value=2.31921e-05 0.00328469 -0.000679201 -0.00205816 -0.000545965 -0.00890848
internal_weight=2096.83 823.561 432.812 1273.26 1067.88 205.38
internal_count=5010 1939 1046 3071 2543 528
is_linear=0
shrinkage=0.03


Tree=28
num_leaves=7
num_cat=0
split_feature=3 12 16 10 1 8
split_gain=15.3701 26.5378 19.0553 20.6034 19.0254 10.3111
threshold=-1.5373983383178709 1.4010316133499148 0.53133720159530651 0.79507637023925792 0.11725974828004838 -1.3871573805809019
decision_type=2 2 2 2 2 2
left_child=1 -1 3 -2 -4 -3
right_child=2 5 4 -5 -6 -7
leaf_value=-0.014832446708398858 0.0061297498310378161 -0.011353124502337731 0.0073344241052200462 -0.0046418795386715863 -0.0022119447230293547 0.0025728331790919475
leaf_weight=139.26954483985901 190.85852758586407 37.277172051370144 584.48755928874016 617.54948849976063 249.39543598145247 266.99444840103388
leaf_count=350 465 102 1325 1495 611 620
internal_value=-4.914e-05 -0.00490624 0.00126979 -0.00193977 0.00442412 8.66988e-05
internal_weight=2085.83 443.541 1642.29 808.408 833.883 304.272
internal_count=4968 1072 3896 1960 1936 722
is_linear=0
shrinkage=0.03


Tree=29
num_leaves=7
num_cat=0
split_feature=7 7 13 8 18 14
split_gain=18.453 19.5803 14.9994 10.3746 9.45768 7.90536
threshold=-0.8524065613746642 -1.6159823536872862 1.2090193629264834 -0.27997936308383936 -0.53860190510749806 0.51281115412712108
decision_type=2 2 2 2 2 2
left_child=1 5 3 -2 -3 -1
right_child=2 4 -4 -5 -6 -7
leaf_value=0.0043864143394376177 0.0016344398570015801 0 -0.012781193608736851 -0.0034227018428322799 0.01537497110324515 -0.0089376206474268312
leaf_weight=58.850760839879513 1170.8030433505774 42.30989895015955 65.74116176366806 505.86213952302933 160.00790369510651 57.717237986624241
leaf_count=128 2850 103 172 1211 357 145
internal_value=0.000669183 0.00708857 -0.000538722 5.09391e-05 0.0123739 -0.00211422
internal_weight=2061.29 318.886 1742.41 1676.67 202.318 116.568
internal_count=4966 733 4233 4061 460 273
is_linear=0
shrinkage=0.03


Tree=30
num_leaves=7
num_cat=0
split_feature=1 3 13 4 12 17
split_gain=12.3141 8.46955 15.6094 14.1992 6.26784 7.72081
threshold=0.3747695684432984 -1.5373983383178709 0.71133056282997142 -0.30143642425537104 1.1353101134300234 1.4107092618942263
decision_type=2 2 2 2 2 2
left_child=1 2 -1 -3 5 -2
right_child=4 3 -4 -5 -6 -7
leaf_value=0.0010608537304232844 -0.016407435352963521 0.0080642250040956296 -0.010422344964436883 0.0001258184523719069 -0.00044949474535519156 0
leaf_weight=257.91166444867849 67.735420174896717 226.3330067768693 149.24062992632389 1246.0385596603155 90.344187431037426 32.572360880672932
leaf_count=642 197 534 383 2943 206 92
internal_value=-0.000348799 0.000387842 -0.00329873 0.00147803 -0.00724307 -0.0117712
internal_weight=2070.18 1879.52 407.152 1472.37 190.652 100.308
internal_count=4997 4502 1025 3477 495 289
is_linear=0
shrinkage=0.03


Tree=31
num_leaves=7
num_cat=0
split_feature=8 10 10 6 5 6
split_gain=16.4237 17.8431 21.178 16.7773 7.63822 8.45604
threshold=0.40352749824523931 0.59429049491882335 1.0365745425224306 -0.11847083270549773 0.071933310478925719 -0.06305623427033423
decision_type=2 2 2 2 2 2
left_child=1 3 -3 -1 -2 -6
right_child=4 2 -4 -5 5 -7
leaf_value=-0.0015909573598579991 -0.012848282564962826 -0.0058861290866038208 0.0018380192531701096 0.014635259284732466 0.0070334299471760519 -0.0075359498811991676
leaf_weight=76.133373230695724 99.313899464905262 404.84474664181471 1265.9552825279534 133.10119111835957 43.083264052867889 60.586564674973488
leaf_count=184 253 1030 3031 289 97 137
internal_value=6.37502e-05 0.000995061 -4.55882e-05 0.00884566 -0.00760855 -0.000837752
internal_weight=2083.02 1880.03 1670.8 209.235 202.984 103.67
internal_count=5021 4534 4061 473 487 234
is_linear=0
shrinkage=0.03


Tree=32
num_leaves=6
num_cat=0
split_feature=12 3 14 14 3
split_gain=10.6809 14.1435 13.7059 11.5653 10.8153
threshold=-0.27748058736324305 -1.2006876468658445 -0.8710971176624297 -0.50706553459167469 0.32064229249954229
decision_type=2 2 2 2 2
left_child=1 -1 -2 -4 -3
right_child=2 4 3 -5 -6
leaf_value=-0.015413095754955706 0.015773626164735387 0.0023611099854938204 -0.0086761582587409052 0.0016165132434977423 -0.008219929341073259
leaf_weight=57.949687741696835 39.135153420269489 244.41502863913774 83.962526962161064 1509.9818000383675 107.51075325906277
leaf_count=161 92 602 191 3631 282
internal_value=0.000396884 -0.00378077 0.00151476 0.000936365 -0.000978196
internal_weight=2042.95 409.875 1633.08 1593.94 351.926
internal_count=4959 1045 3914 3822 884
is_linear=0
shrinkage=0.03


Tree=33
num_leaves=7
num_cat=0
split_feature=2 14 14 19 18 14
split_gain=13.1503 16.075 14.607 12.9395 18.1067 11.2985
threshold=0.022807541303336624 0.64959290623664867 -0.29248613119125361 1.2739629745483401 -0.0438026376068592 -0.24439065158367154
decision_type=2 2 2 2 2 2
left_child=3 2 -2 5 -5 -1
right_child=1 -3 -4 4 -6 -7
leaf_value=-0.002519564218178331 -0.0068585673625800991 -0.0083434666049571719 0.0034486760478009185 0.0040364964104426127 -0.010002180415769633 0.0049591875894847435
leaf_weight=219.40731487423182 168.4648570343852 346.63609083369374 339.94423027336597 124.74411755055189 168.42382031679153 682.97256694734097
leaf_count=485 398 1031 780 303 418 1597
internal_value=-0.000737809 -0.00355443 0 0.00125259 -0.00396078 0.00306053
internal_weight=2050.59 855.045 508.409 1195.55 293.168 902.38
internal_count=5012 2209 1178 2803 721 2082
is_linear=0
shrinkage=0.03


Tree=34
num_leaves=7
num_cat=0
split_feature=0 17 11 6 8 1
split_gain=15.3375 27.117 19.6216 14.1895 13.7413 12.9089
threshold=-1.5565903782844541 1.5702450871467593 -0.31359818577766413 -0.36701646447181696 0.13377304375171664 -0.46286566555500025
decision_type=2 2 2 2 2 2
left_child=2 3 5 -2 -3 -1
right_child=1 4 -4 -5 -6 -7
leaf_value=0.0066776070999934661 0.010265572009841057 0.014176026470122857 0.00068030323709954133 -0.0018191549283751245 -0.0019044345856875445 -0.0093571652782232471
leaf_weight=32.576319128274918 80.833598576486111 201.53928309306502 683.84901655465364 631.34051439911127 47.453260354697704 350.41630428656936
leaf_count=83 168 446 1687 1503 112 1007
internal_value=0.000110439 0.0028561 -0.00231509 -0.000122614 0.0109746 -0.00758069
internal_weight=2028.01 961.167 1066.84 712.174 248.993 382.993
internal_count=5006 2229 2777 1671 558 1090
is_linear=0
shrinkage=0.03


Tree=35
num_leaves=7
num_cat=0
split_feature=4 7 11 16 15 8
split_gain=12.9771 15.1615 13.4742 12.205 13.0825 10.9322
threshold=-0.14859234541654584 -0.82940527796745289 0.54091581702232372 -0.20669259876012799 -1.3331589698791502 0.68438765406608593
decision_type=2 2 2 2 2 2
left_child=3 5 -3 -1 -5 -2
right_child=1 2 -4 4 -6 -7
leaf_value=-0.0080305880092533047 0.0084315152195671168 -0.0048218087461454218 0.0031666436802157529 -0.0003851292136112165 0.0074994366581370136 -0.0065296606658859068
leaf_weight=55.912361547350883 180.00033587217331 810.75330966711044 221.66742357239127 285.93051170185208 462.27141737565398 35.767669454216957
leaf_count=134 427 2082 522 724 1089 89
internal_value=0.000410665 -0.00146532 -0.00302204 0.00336036 0.00447661 0.00535341
internal_weight=2052.3 1248.19 1032.42 804.114 748.202 215.768
internal_count=5067 3120 2604 1947 1813 516
is_linear=0
shrinkage=0.03


Tree=36
num_leaves=7
num_cat=0
split_feature=1 7 0 18 16 16
split_gain=10.8961 9.67588 19.3766 14.288 6.6084 5.42578
threshold=0.39140088856220251 1.2841997742652895 -1.2965005636215208 0.62678596377372753 0.82023680210113536 0.25301088392734533
decision_type=2 2 2 2 2 2
left_child=1 3 -3 -1 5 -2
right_child=4 2 -4 -5 -6 -7
leaf_value=0.00047187554588827639 0 -0.012043375570302028 0.0052049033644138961 0.0072462058796482261 0.0033431615763518593 -0.012286566447827916
leaf_weight=1324.9410824775696 44.559068717062473 114.22412437945604 82.731589324772358 344.77562691271305 32.373499751091003 98.048738148063421
leaf_count=3246 128 303 191 827 69 269
internal_value=0.000475711 0.0011958 -0.00470973 0.00197541 -0.00623305 -0.00891975
internal_weight=2041.65 1866.67 196.956 1669.72 174.981 142.608
internal_count=5033 4567 494 4073 466 397
is_linear=0
shrinkage=0.03


Tree=37
num_leaves=7
num_cat=0
split_feature=8 19 12 22 6 13
split_gain=13.0402 23.8948 26.4271 19.1698 18.7641 12.2771
threshold=-0.29630258679389948 1.0423310995101931 1.1353101134300234 1.0000000180025095e-35 0.070932894945144667 -0.021489752456545826
decision_type=2 2 2 2 2 2
left_child=1 3 -3 -1 5 -2
right_child=4 2 -4 -5 -6 -7
leaf_value=0.0020044253902609796 -0.006264472373562935 -0.007078204050408282 0.0030507194984718184 0.015009588249593598 -0.0093183241603589685 0.0042256700400150468
leaf_weight=300.14824160188437 132.3725347854197 387.22013500332832 511.7864865809679 152.7703198492527 274.49776598066092 269.76336973160505
leaf_count=738 317 1018 1273 368 683 655
internal_value=-0.000185226 0.00148322 -0.00130582 0.00696721 -0.00355182 0.000497259
internal_weight=2028.56 1351.93 899.007 452.919 676.634 402.136
internal_count=5052 3397 2291 1106 1655 972
is_linear=0
shrinkage=0.03


Tree=38
num_leaves=7
num_cat=0
split_feature=19 6 10 4 2 15
split_gain=8.86176 16.8533 15.6726 15.1411 14.3797 13.076
threshold=1.0466194748878481 0.27787773311138159 1.4466612935066225 0.18048600107431415 0.24745968729257586 -1.2917872071266172
decision_type=2 2 2 2 2 2
left_child=4 2 -2 -3 5 -1
right_child=1 3 -4 -5 -6 -7
leaf_value=-0.0020281250530777731 -0.005882597283519685 0.01304595689908347 0.0013611294096743751 -0.0038109410930336307 -0.0053221450364036816 0.0070951786271540472
leaf_weight=172.73948545008898 593.13464073836803 107.13536784797907 448.00002395361662 58.030149683356285 138.52628517150879 489.66562229767442
leaf_count=436 1529 288 1080 145 392 1147
internal_value=0.000322108 -0.00126281 -0.00274217 0.00702741 0.00275488 0.0046384
internal_weight=2007.23 1206.3 1041.13 165.166 800.931 662.405
internal_count=5017 3042 2609 433 1975 1583
is_linear=0
shrinkage=0.03


Tree=39
num_leaves=6
num_cat=0
split_feature=13 16 5 12 7
split_gain=11.872 13.4747 16.3716 12.1588 6.84478
threshold=1.1655221581459048 0.53133720159530651 0.58856779336929332 2.4049979448318486 -0.030776831321418282
decision_type=2 2 2 2 2
left_child=1 3 -3 -1 -2
right_child=4 2 -4 -5 -6
leaf_value=-0.0030083007305047958 0.00045153159710114308 0.0019633538028197336 0.015751109041466954 0.0076818544522570366 -0.014566790721838955
leaf_weight=803.85991263389587 29.915716454386711 952.84360425919294 67.830424785614014 86.674764432013035 53.316867932677269
leaf_count=2051 82 2355 146 196 155
internal_value=0.000322199 0.000877432 0.0032224 -0.00175607 -0.00954595
internal_weight=1994.44 1911.21 1020.67 890.535 83.2326
internal_count=4985 4748 2501 2247 237
is_linear=0
shrinkage=0.03


Tree=40
num_leaves=7
num_cat=0
split_feature=3 12 6 16 7 10
split_gain=13.0546 18.3189 12.3218 14.3115 12.1717 8.85025
threshold=-1.5965417027473447 1.4010316133499148 -0.03848332725465297 0.53133720159530651 0.71261328458786022 0.87440210580825817
decision_type=2 2 2 2 2 2
left_child=1 -1 4 -4 -2 -3
right_child=2 5 3 -5 -6 -7
leaf_value=-0.013978480562191727 0.0065215692798555012 -0.011372429397707636 -0.0052091172161208496 0.0024345225212559171 -0.001428001988835611 0.0020984365529338593
leaf_weight=109.18917675316334 534.37035775184631 32.849938839673996 388.78781551495194 449.92499849572778 226.99561402201653 236.62909452617168
leaf_count=299 1287 94 1052 1134 554 580
internal_value=0.000144537 -0.00468656 0.00136862 -0.00107764 0.00409879 -8.67878e-06
internal_weight=1978.75 378.668 1600.08 838.713 761.366 269.479
internal_count=5000 973 4027 2186 1841 674
is_linear=0
shrinkage=0.03


Tree=41
num_leaves=5
num_cat=0
split_feature=14 11 17 17
split_gain=10.676 10.9501 12.2505 9.60448
threshold=-0.95692864060401905 -0.44422957301139826 1.7185263037681582 0.014534493908286096
decision_type=2 2 2 2
left_child=-1 3 -3 -2
right_child=1 2 -4 -5
leaf_value=0.013382155734646264 0.0028492798145123973 -0.00045748496834797074 0.006115310896164395 -0.0060062348843267837
leaf_weight=32.164743654429913 122.57696960121393 1086.254274841398 307.74521557241678 427.55541401728988
leaf_count=78 320 2675 744 1195
internal_value=0 -0.000368464 0.00101709 -0.00389713
internal_weight=1976.3 1944.13 1394 550.132
internal_count=5012 4934 3419 1515
is_linear=0
shrinkage=0.03


Tree=42
num_leaves=7
num_cat=0
split_feature=2 15 14 10 7 15
split_gain=14.2442 12.6955 12.6929 8.70448 5.03298 5.51293
threshold=0.234690897166729 -1.818024158477783 -0.33124412596225733 1.0462836027145388 -1.2977136373519895 -1.7504061460494993
decision_type=2 2 2 2 2 2
left_child=1 2 -1 -3 -2 -6
right_child=4 3 -4 -5 5 -7
leaf_value=0.0064478442920067386 0.0025671621774631397 -0.0013563861361508916 -0.0078266443959286881 0.003609283758217677 0 -0.0091345370812069664
leaf_weight=50.780749596655369 35.080681972205639 456.65912918001413 237.04881332814693 878.40049216151237 62.95395951718092 243.54698843508959
leaf_count=118 92 1162 661 2121 180 675
internal_value=-0.000562334 0.000596877 -0.00485803 0.00187154 -0.00596418 -0.00722184
internal_weight=1964.47 1622.89 287.83 1335.06 341.582 306.501
internal_count=5009 4062 779 3283 947 855
is_linear=0
shrinkage=0.03


Tree=43
num_leaves=6
num_cat=0
split_feature=10 7 18 8 8
split_gain=13.2378 10.5944 26.4994 13.2265 2.31287
threshold=0.38515204191207891 1.2950676679611208 -0.14876963198184964 0.40352749824523931 -0.47742162644863123
decision_type=2 2 2 2 2
left_child=4 3 -3 -2 -1
right_child=1 2 -4 -5 -6
leaf_value=0.013992538750605472 0.0014441497786060501 0.0063672748370582023 -0.01457134227769246 -0.0068630972854414581 0.0011488601253615235
leaf_weight=51.212244212627411 1511.2163718752563 69.843991592526436 118.84097737073898 173.38459350913763 33.532508015632629
leaf_count=124 3850 182 310 444 83
internal_value=0.000278556 -0.000267762 -0.00666573 0.00048345 0.010673
internal_weight=1958.03 1873.29 188.685 1684.6 84.7448
internal_count=4993 4786 492 4294 207
is_linear=0
shrinkage=0.03


Tree=44
num_leaves=7
num_cat=0
split_feature=8 6 5 19 12 5
split_gain=15.1186 16.2685 14.4536 23.7066 14.3619 9.17678
threshold=-0.27997936308383936 1.0000000180025095e-35 -0.25532416999340052 1.0342388749122622 -0.71773526072502125 0.3295272588729859
decision_type=2 2 2 2 2 2
left_child=2 -2 3 -1 -4 -3
right_child=1 5 4 -5 -6 -7
leaf_value=0.013587200271652795 0.00060223062084000943 -0.011242299475197141 -0.0093427326152778472 -0.0092305751883221317 0.0014010853454870962 0.00026654503691001468
leaf_weight=159.662304289639 325.85821613296866 240.47980548813939 105.13160721212626 34.480017982423306 1025.0127306059003 67.633360050618649
leaf_count=386 791 650 298 95 2642 161
internal_value=-0.000173608 -0.00394015 0.0016167 0.00877092 0.000204392 -0.00867089
internal_weight=1958.26 633.971 1324.29 194.142 1130.14 308.113
internal_count=5023 1602 3421 481 2940 811
is_linear=0
shrinkage=0.03


Tree=45
num_leaves=7
num_cat=0
split_feature=4 2 6 4 18 2
split_gain=13.7118 17.505 16.5625 14.3055 13.8349 10.4533
threshold=-0.14527121931314466 0.064941354095935835 0.1065482832491398 -0.082725554704666124 -0.29299326241016382 -0.38484987616538996
decision_type=2 2 2 2 2 2
left_child=1 4 -3 -2 -1 -5
right_child=3 2 -4 5 -6 -7
leaf_value=0.012338248126668118 -0.0074393986181224645 -0.010107501401632073 0.0048314274821192648 -0.0080548883245695271 0.0023272432332178822 0.0014122164840724106
leaf_weight=198.12152545899153 266.93906280398369 123.03995009511709 102.50959517806768 99.629224300384521 363.27210590988398 819.47516738250852
leaf_count=475 749 329 284 252 900 2058
internal_value=0.000409732 0.00345666 -0.00323308 -0.00158596 0.00626633 0.00017242
internal_weight=1972.99 786.943 225.55 1186.04 561.394 919.104
internal_count=5047 1988 613 3059 1375 2310
is_linear=0
shrinkage=0.03


Tree=46
num_leaves=7
num_cat=0
split_feature=5 8 13 13 14 9
split_gain=12.2077 12.1614 21.9685 16.4112 7.81323 0.781661
threshold=0.58856779336929332 -0.10480143129825591 0.93342661857604992 0.78644302487373363 0.89780485630035411 -0.069335825741291032
decision_type=2 2 2 2 2 2
left_child=1 2 -1 -3 5 -2
right_child=4 3 -4 -5 -6 -7
leaf_value=0.0026190259594144742 0.017022517043027409 -0.0075324691827188773 -0.0072108502944576661 0.0054918097627871436 -0.00076442738035692166 0.0037085516638646282
leaf_weight=1151.1560376062989 40.390340626239777 363.05672094598413 226.55118910223246 91.436863366514444 38.372651502490044 34.448734164237976
leaf_count=2948 83 942 620 238 114 81
internal_value=0.000102458 -0.000498827 0.000879615 -0.00466471 0.00889786 0.0136012
internal_weight=1945.41 1832.2 1377.71 454.494 113.212 74.8391
internal_count=5026 4748 3568 1180 278 164
is_linear=0
shrinkage=0.03


Tree=47
num_leaves=7
num_cat=0
split_feature=1 16 13 13 17 14
split_gain=9.81069 9.97652 12.7606 9.49433 5.42895 5.03215
threshold=0.36718244850635534 0.01767268963158131 1.0887324213981631 -0.03051153942942619 1.9213175773620608 2.3419339656829838
decision_type=2 2 2 2 2 2
left_child=1 3 -3 -1 5 -2
right_child=4 2 -4 -5 -6 -7
leaf_value=-0.010580057973815693 -0.011841363379224647 0.0027899500199617452 -0.0067919410564076113 1.2421233759568253e-05 0.00082937428306609977 2.2851934855763367e-05
leaf_weight=100.60012692213058 100.19939641654491 1344.7686178199947 115.64461191743612 176.60870330408216 54.776262536644936 30.347409203648567
leaf_count=271 258 3445 335 421 144 105
internal_value=0.000130047 0.000883484 0.00190916 -0.00408304 -0.00604003 -0.00904818
internal_weight=1922.95 1737.62 1460.41 277.209 185.323 130.547
internal_count=4979 4472 3780 692 507 363
is_linear=0
shrinkage=0.03


Tree=48
num_leaves=7
num_cat=0
split_feature=10 14 12 6 7 6
split_gain=9.71638 21.5127 13.0698 18.1697 11.0999 8.47851
threshold=0.6021346151828767 -0.15191694349050519 0.7151399850845338 -0.19806435704231259 -0.76554378867149342 -0.12078692391514777
decision_type=2 2 2 2 2 2
left_child=1 5 3 -2 -4 -1
right_child=2 -3 4 -5 -6 -7
leaf_value=-0.010754247228963386 0.003077158504599351 0.015755410926580088 0.0079590403338648408 -0.0073740593015840135 -0.0002892411643397718 0.003243944172905083
leaf_weight=43.988767862319946 191.39280787855387 82.882247440516949 152.64626919850707 477.58097605779767 900.19868467003107 73.937091164290905
leaf_count=114 482 212 377 1350 2265 181
internal_value=-0.000284787 0.00560454 -0.00106255 -0.00429436 0.000976785 -0.00234491
internal_weight=1922.63 200.808 1721.82 668.974 1052.84 117.926
internal_count=4981 507 4474 1832 2642 295
is_linear=0
shrinkage=0.03


Tree=49
num_leaves=7
num_cat=0
split_feature=0 9 12 13 12 0
split_gain=9.10053 18.4009 15.6346 15.177 14.2675 15.3933
threshold=-1.4729832410812376 -0.15013274550437924 0.061612103134393699 0.25846508145332342 2.0151079893112187 -2.4859595298767085
decision_type=2 2 2 2 2 2
left_child=4 2 -2 -3 5 -1
right_child=1 3 -4 -5 -6 -7
leaf_value=0.0061590290960833027 -0.0036699411671292908 -0.006262788658764137 0.012501630266401109 0.0033443659499059735 0.0035004999478297489 -0.0055952437880235411
leaf_weight=95.374258182942867 54.488982245326042 234.43496442586184 197.56882939487696 329.3941111266613 299.055619481951 682.58482464030385
leaf_count=280 134 591 463 818 752 1914
internal_value=0 0.00234676 0.00877238 -0.000625133 -0.00180826 -0.00396078
internal_weight=1892.9 815.887 252.058 563.829 1077.01 777.959
internal_count=4952 2006 597 1409 2946 2194
is_linear=0
shrinkage=0.03


Tree=50
num_leaves=7
num_cat=0
split_feature=15 6 6 3 18 9
split_gain=9.67682 20.7199 15.9034 9.64211 7.67699 10.1904
threshold=-1.3554535508155821 -0.093404591083526597 0.29586228728294378 -0.4164182692766189 0.22383607178926471 -0.10609542205929755
decision_type=2 2 2 2 2 2
left_child=1 3 -3 -1 -2 -6
right_child=4 2 -4 -5 5 -7
leaf_value=0.0069601405955367953 -0.00091009521767893529 -0.010694302135144888 0.0026456031919583176 -0.0035510358327889126 0.0086181549763503992 0.00033799841531324495
leaf_weight=173.50869368761778 657.79092947766185 303.08670418336987 89.215514905750751 107.67883094400167 213.36500478163362 355.57126479223371
leaf_count=424 1697 877 243 287 553 897
internal_value=-0.000328883 -0.0031908 -0.00753391 0.00276723 0.00122021 0.00373235
internal_weight=1900.22 673.49 392.302 281.188 1226.73 568.936
internal_count=4978 1831 1120 711 3147 1450
is_linear=0
shrinkage=0.03


Tree=51
num_leaves=7
num_cat=0
split_feature=19 0 18 1 18 7
split_gain=12.4076 11.3593 10.9398 10.4376 12.4182 10.3243
threshold=1.3293002843856814 -0.63817068934440602 -0.0438026376068592 -0.18499384075403211 0.21677784621715548 0.82195994257926952
decision_type=2 2 2 2 2 2
left_child=3 2 -2 4 -1 -5
right_child=1 -3 -4 5 -6 -7
leaf_value=-0.00016202853449882415 -0.0003653865499991307 0.0070320282161346606 -0.011780894713852543 -0.0022418980956392357 0.009681529033081936 0.0042393756076232695
leaf_weight=206.02136945351958 144.25841760635376 39.498233482241631 174.25078305602074 836.66579646989703 210.8090887516737 275.57503800839186
leaf_count=522 417 84 510 2201 532 714
internal_value=-0.000209542 -0.00510591 -0.00711492 0.000949252 0.00489426 -0.00053655
internal_weight=1887.08 358.007 318.509 1529.07 416.83 1112.24
internal_count=4980 1011 927 3969 1054 2915
is_linear=0
shrinkage=0.03


Tree=52
num_leaves=7
num_cat=0
split_feature=1 11 9 14 10 10
split_gain=10.5998 12.8184 10.5213 8.66725 7.74914 18.4778
threshold=0.057956999167799957 0.42332193255424505 0.034621786326169975 -0.29248613119125361 1.0521633028984072 1.3325159549713137
decision_type=2 2 2 2 2 2
left_child=1 2 -1 -3 -2 -6
right_child=4 3 -4 -5 5 -7
leaf_value=0.0018986363806872237 -0.0078554784378686345 -0.0031379892055894069 -0.0048723344405795423 0.0093278003247839036 0.0075320541461486156 -0.004447217370684267
leaf_weight=615.41330750659108 201.27470386773348 44.431449823081493 284.55386169999838 223.32504140585661 141.49169182032347 381.90572299063206
leaf_count=1604 566 114 755 539 376 1027
internal_value=-0.000271483 0.0014566 -0.000236388 0.00697639 -0.00310098 -0.000940376
internal_weight=1892.4 1167.72 899.967 267.756 724.672 523.397
internal_count=4981 3012 2359 653 1969 1403
is_linear=0
shrinkage=0.03


Tree=53
num_leaves=5
num_cat=0
split_feature=14 4 17 14
split_gain=13.8046 9.22264 15.497 12.5857
threshold=-0.95692864060401905 -0.14859234541654584 2.0407577753067021 -0.29714429378509516
decision_type=2 2 2 2
left_child=-1 2 -2 -3
right_child=1 3 -4 -5
leaf_value=0.015710791784501535 0.0002121240966742015 -0.0081845104110781081 0.012074373592496367 -0.00037581942010929089
leaf_weight=29.399187430739403 624.05639354139566 219.69892271608114 100.645627617836 920.75462723150849
leaf_count=78 1631 585 271 2494
internal_value=2.82407e-05 -0.000351182 0.00222014 -0.00204693
internal_weight=1894.55 1865.16 724.702 1140.45
internal_count=5059 4981 1902 3079
is_linear=0
shrinkage=0.03


Tree=54
num_leaves=6
num_cat=0
split_feature=13 5 5 16 7
split_gain=9.72114 9.5955 14.6979 12.2919 1.39411
threshold=1.2213290929794314 0.58856779336929332 0.42312480509281164 0.51122301816940319 0.42037922143936163
decision_type=2 2 2 2 2
left_child=1 2 -1 -3 -2
right_child=4 3 -4 -5 -6
leaf_value=0.0011484639427967989 -0.00075953299658395852 -0.0031131589794657355 -0.0084834102603068111 0.015236108129071583 -0.01338159401602664
leaf_weight=1624.9451007805765 25.549488008022308 35.654057778418064 135.67496161907911 68.37213809043169 29.4922269359231
leaf_count=4321 76 88 348 157 97
internal_value=0.000445851 0.000892312 0.000285578 0.00897542 -0.0100861
internal_weight=1919.69 1864.65 1760.62 104.026 55.0417
internal_count=5087 4914 4669 245 173
is_linear=0
shrinkage=0.03


Tree=55
num_leaves=7
num_cat=0
split_feature=10 14 16 14 14 13
split_gain=9.38501 13.2527 13.2462 9.30958 12.4819 8.88992
threshold=0.59429049491882335 0.039911508560180671 -0.2214848846197128 -0.09020590782165526 -0.47158516943454737 0.088957767933607115
decision_type=2 2 2 2 2 2
left_child=3 2 -2 4 -1 -3
right_child=1 5 -4 -5 -6 -7
leaf_value=0.0065902289240894075 -0.0077073095733821107 0.00094605482486300179 0.0039250274493121216 0.012588048824022346 -0.010805896350038683 -0.0049343696544451761
leaf_weight=78.325416393578053 81.403456285595894 307.70445655286312 585.56750854477286 76.680352009832859 39.634279154241085 710.07839864864945
leaf_count=197 203 869 1424 189 109 1998
internal_value=-0.000187706 -0.000960332 0.00223491 0.00568674 0 -0.00311477
internal_weight=1879.39 1684.75 666.971 194.64 117.96 1017.78
internal_count=4989 4494 1627 495 306 2867
is_linear=0
shrinkage=0.03


Tree=56
num_leaves=7
num_cat=0
split_feature=15 12 2 8 19 13
split_gain=13.7918 8.9543 9.06094 8.66192 11.6917 8.00171
threshold=-1.2917872071266172 2.3912323713302617 -0.094421233981847749 0.65165406465530407 0.99296173453331005 0.43604476749897009
decision_type=2 2 2 2 2 2
left_child=1 5 -3 4 -2 -1
right_child=3 2 -4 -5 -6 -7
leaf_value=-0.0093243343081526372 0.0061389156655925845 0.0080537537605594248 -0.0036847883561786769 -0.0071694377038623684 0 -0.0015034353739913177
leaf_weight=239.84421164169908 448.13072292134166 89.289572715759277 104.03818221390247 67.992637947201729 665.14832292497158 272.13958764076233
leaf_count=678 1160 224 288 181 1741 776
internal_value=-0.000151741 -0.00344535 0.00170225 0.00178947 0.00250645 -0.00549281
internal_weight=1886.58 705.312 193.328 1181.27 1113.28 511.984
internal_count=5048 1966 512 3082 2901 1454
is_linear=0
shrinkage=0.03


Tree=57
num_leaves=7
num_cat=0
split_feature=7 14 17 0 5 7
split_gain=7.97097 14.0703 10.1984 14.488 10.9349 9.84262
threshold=-0.82940527796745289 0.18689999729394915 1.9077969789505007 -1.5992347598075864 0.22533781081438067 -1.7032054066658018
decision_type=2 2 2 2 2 2
left_child=1 -1 4 -4 -2 -3
right_child=2 5 3 -5 -6 -7
leaf_value=0.011554646556618857 -0.0042806628330869104 -0.0095408421634388674 -0.0021666235852236195 0.0093603838814074122 0.0013672759675573906 0.0037967481048633012
leaf_weight=120.02367923781276 767.35859297588468 57.593389645218849 175.74598331749439 171.59559258818626 473.56130028143525 114.78224383294582
leaf_count=309 2138 162 515 401 1228 286
internal_value=3.31834e-05 0.00444736 -0.000787361 0.00356426 -0.00209021 -0.000876265
internal_weight=1880.66 292.399 1588.26 347.342 1240.92 172.376
internal_count=5039 757 4282 916 3366 448
is_linear=0
shrinkage=0.03


Tree=58
num_leaves=7
num_cat=0
split_feature=7 13 9 3 6 18
split_gain=8.96015 11.652 9.49057 8.95385 8.10104 6.61117
threshold=-0.8524065613746642 0.5133759379386903 0.57580450177192699 -1.215787351131439 0.28509901463985449 -0.14876963198184964
decision_type=2 2 2 2 2 2
left_child=1 4 3 -2 -1 -3
right_child=2 5 -4 -5 -6 -7
leaf_value=0.012395935939192807 -0.0035692485563313431 -0.009285303673958285 -0.01248600441905456 0.0011511463773137287 -0.0013853075046710865 0.0028045015977431506
leaf_weight=132.56430013477802 543.28637078404427 46.597139611840248 43.262232169508934 969.78736207634211 36.426523633301258 77.711311679333448
leaf_count=325 1468 125 119 2664 94 214
internal_value=-0.000102879 0.00449623 -0.00105372 -0.00052908 0.00927563 -0.00197038
internal_weight=1849.64 293.299 1556.34 1513.07 168.991 124.308
internal_count=5009 758 4251 4132 419 339
is_linear=0
shrinkage=0.03


Tree=59
num_leaves=7
num_cat=0
split_feature=2 18 19 14 17 9
split_gain=9.37963 13.9973 15.0474 13.3034 12.2482 9.93379
threshold=0.022807541303336624 -0.23540127277374265 1.2739629745483401 0.021238035522401336 1.4710353016853335 1.0000000180025095e-35
decision_type=2 2 2 2 2 2
left_child=1 5 -3 -2 -5 -1
right_child=3 2 -4 4 -6 -7
leaf_value=0.010052564635932968 0.0017730475772336561 0.0018285107246075621 -0.0081515824605584205 -0.0090435472656268338 0.0012254301965751902 0
leaf_weight=231.53172780573368 358.33052296191454 553.93135380744934 157.24400544911623 297.80866713449359 135.12866002693772 124.68328453227878
leaf_count=584 902 1433 452 923 405 324
internal_value=7.51736e-05 0.00192612 -0.000458685 -0.00233366 -0.00579334 0.00661809
internal_weight=1858.66 1067.39 711.175 791.268 432.937 356.215
internal_count=5023 2793 1885 2230 1328 908
is_linear=0
shrinkage=0.03


Tree=60
num_leaves=7
num_cat=0
split_feature=16 17 0 10 9 0
split_gain=9.07134 14.2337 26.3322 9.81256 9.25882 4.49623
threshold=-0.46134777367115015 1.7040384411811831 -1.4729832410812376 1.2298427224159243 -0.24993167072534558 -1.7300859093666074
decision_type=2 2 2 2 2 2
left_child=3 4 -3 5 -2 -1
right_child=1 2 -4 -5 -6 -7
leaf_value=0.0057238712244112797 -0.0061890102006796595 -0.0012209765035505506 0.01365591653517359 -0.014806108097989729 8.4249066844067214e-05 -0.0056323519764235217
leaf_weight=42.060840994119644 237.94980150461197 228.70547717437148 166.89833308011293 56.667634144425392 1081.9554798454046 43.465060658752918
leaf_count=115 620 682 399 154 2941 113
internal_value=-0.000208973 0.000394691 0.00526608 -0.00701248 -0.0010774 0
internal_weight=1857.7 1715.51 395.604 142.194 1319.91 85.5259
internal_count=5024 4642 1081 382 3561 228
is_linear=0
shrinkage=0.03


Tree=61
num_leaves=7
num_cat=0
split_feature=18 7 16 7 18 8
split_gain=7.1997 20.8286 13.4247 10.9187 15.2321 9.68239
threshold=0.63182324171066295 1.1929053068161013 0.31781259179115301 0.89651745557785045 -0.77449795603752125 0.40352749824523931
decision_type=2 2 2 2 2 2
left_child=3 2 -2 5 -5 -1
right_child=1 -3 -4 4 -6 -7
leaf_value=-0.001693469978585099 -0.0018734833692934159 -0.012515062383484859 0.010518857212859722 0.011975691976239588 -0.00083400217518238902 -0.010203100184038662
leaf_weight=1015.7324815280735 102.34486473351717 42.538605757057667 201.74148578569293 98.111894443631172 253.06144692003727 124.88131733238697
leaf_count=2772 280 124 542 275 697 335
internal_value=-0.000454636 0.00327469 0.00630467 -0.00139271 0.00303561 -0.00283662
internal_weight=1838.41 346.625 304.086 1491.79 351.173 1140.61
internal_count=5025 946 822 4079 972 3107
is_linear=0
shrinkage=0.03


Tree=62
num_leaves=7
num_cat=0
split_feature=8 5 5 19 9 13
split_gain=11.1167 19.9041 17.9387 18.3193 13.7821 9.8965
threshold=-0.10480143129825591 0.065845210105180754 -0.26979529857635492 1.0671112537384035 0.14969928562641147 0.74566295742988598
decision_type=2 2 2 2 2 2
left_child=2 -2 3 -1 -3 -4
right_child=1 4 5 -5 -6 -7
leaf_value=0.012951616959097226 -0.010987607510258349 0.0057508179317727667 0.0014338065148574645 -0.0078740351233537575 -0.0080800526233003912 -0.0043195888526013004
leaf_weight=164.80527327954769 196.1777882874012 178.29637359827757 840.1728051379323 29.668392777442932 75.017399489879608 369.12819456681609
leaf_count=423 588 464 2242 94 189 1069
internal_value=-0.000239033 -0.00426558 0.00104994 0.00905676 0.00114382 -0.000315262
internal_weight=1853.27 449.492 1403.77 194.474 253.314 1209.3
internal_count=5069 1241 3828 517 653 3311
is_linear=0
shrinkage=0.03


Tree=63
num_leaves=7
num_cat=0
split_feature=14 18 5 5 17 13
split_gain=10.3726 16.8149 10.9692 16.9587 7.20915 3.31753
threshold=3.0662378072738652 -0.53860190510749806 0.58856779336929332 0.42312480509281164 0.61444637179374706 0.56822422146797191
decision_type=2 2 2 2 2 2
left_child=2 -2 3 -1 -3 -4
right_child=1 4 5 -5 -6 -7
leaf_value=-0.00043952621236173283 0.018272490231788112 0.0062754501269934289 0.013608965197412686 -0.011108733777415732 -0.0077622038761482343 0.00081658017716734787
leaf_weight=1469.0819052830338 49.643934600055218 42.674188703298569 36.814677529036999 129.62808527052402 47.46720802038908 47.213836289942265
leaf_count=4026 138 125 91 342 166 131
internal_value=-0.000122881 0.00714823 -0.000838998 -0.00146825 -0.000639047 0.00853684
internal_weight=1822.52 139.785 1682.74 1598.71 90.1414 84.0285
internal_count=5019 429 4590 4368 291 222
is_linear=0
shrinkage=0.03


Tree=64
num_leaves=7
num_cat=0
split_feature=12 10 14 14 1 9
split_gain=8.75459 14.8378 18.2583 10.4339 8.72527 8.61022
threshold=0.69970670342445385 0.6763039529323579 -0.19601770490407941 0.049441700801253326 0.10207229852676393 -0.0039431259501725427
decision_type=2 2 2 2 2 2
left_child=1 2 -1 4 -2 -5
right_child=3 -3 -4 5 -6 -7
leaf_value=-0.0038544335477335304 0.0073847878615859791 -0.0051966611415192798 0.015633388989821279 0.00089615220675823336 -0.00066372453619493316 -0.0063367578863791907
leaf_weight=75.8945656940341 289.58605787158012 606.47838371619582 57.97751621901989 415.09697153791785 173.25491411983967 198.70407278835773
leaf_count=214 697 1792 152 1167 411 577
internal_value=-0.000677283 -0.00316454 0.00513045 0.00100488 0.00434503 -0.00147674
internal_weight=1816.99 740.35 133.872 1076.64 462.841 613.801
internal_count=5010 2158 366 2852 1108 1744
is_linear=0
shrinkage=0.03


Tree=65
num_leaves=7
num_cat=0
split_feature=18 15 4 4 15 1
split_gain=7.63402 9.25795 8.43065 12.7466 7.98567 7.14865
threshold=-1.5172324776649473 -2.0531654357910152 0.36796468496322637 -0.17021053284406659 -2.3490602970123287 0.42960275709629064
decision_type=2 2 2 2 2 2
left_child=2 4 3 -1 -2 -3
right_child=1 5 -4 -5 -6 -7
leaf_value=0.00065797794605778552 0.0044000246351801704 0.0025323340664852169 0.0062838626103595367 -0.012916698714319981 -0.0086523087506573376 -0.0047433512683485689
leaf_weight=98.733469568192959 37.879775740206242 1296.1553547158837 33.382334992289543 113.0166237577796 128.4823410063982 110.37328357994556
leaf_count=260 111 3518 90 336 399 322
internal_value=0.000206707 0.00101984 -0.00446782 -0.00681774 -0.00520515 0.00186084
internal_weight=1818.02 1572.89 245.132 211.75 166.362 1406.53
internal_count=5036 4350 686 596 510 3840
is_linear=0
shrinkage=0.03


Tree=66
num_leaves=5
num_cat=0
split_feature=14 14 13 10
split_gain=12.9397 12.466 8.67587 0.452135
threshold=-0.91378086805343617 -0.70540830492973317 1.1023531556129458 0.56594711542129528
decision_type=2 2 2 2
left_child=-1 3 -3 -2
right_child=1 2 -4 -5
leaf_value=0.014739773190481264 -0.0029884699483288062 0.0011086479626887956 -0.0068038190461010813 -0.01496890908793537
leaf_weight=34.777508124709129 33.195848606526852 1593.607132203877 114.15941914916039 28.056253835558891
leaf_count=96 91 4389 357 85
internal_value=0.000375705 -3.47666e-05 0.000472359 -0.0115483
internal_weight=1803.8 1769.02 1707.77 61.2521
internal_count=5018 4922 4746 176
is_linear=0
shrinkage=0.03


Tree=67
num_leaves=7
num_cat=0
split_feature=9 15 9 21 3 18
split_gain=11.3653 10.7047 9.62454 12.1447 11.9346 9.32222
threshold=-0.0039431259501725427 -2.0100734233856197 0.067462783306837096 1.0000000180025095e-35 -0.083913024514913545 0.31394554674625402
decision_type=2 2 2 2 2 2
left_child=1 5 4 -4 -2 -1
right_child=2 -3 3 -5 -6 -7
leaf_value=-0.011141658406389126 -0.013279911906963761 0.0034598546904185167 0.0013196306968139187 -0.0092717841021416319 0.0027701358569422658 0.0029753933297312135
leaf_weight=73.77500019967556 113.56244303658605 916.3152411878109 505.49453868344426 98.751774281263351 43.920940659940243 54.762522343546152
leaf_count=227 318 2527 1356 323 133 169
internal_value=0.000226074 0.00226994 -0.00248706 -0.000556803 -0.00865787 -0.00513245
internal_weight=1806.58 1044.85 761.73 604.246 157.483 128.538
internal_count=5053 2923 2130 1679 451 396
is_linear=0
shrinkage=0.03


Tree=68
num_leaves=7
num_cat=0
split_feature=11 13 7 12 0 7
split_gain=9.48431 10.3374 12.318 11.6622 10.3045 10.1289
threshold=-0.38730171322822565 1.0887324213981631 -0.054927606135606759 -0.98531594872474659 -1.6655274033546446 -0.8524065613746642
decision_type=2 2 2 2 2 2
left_child=4 3 -3 -2 5 -1
right_child=1 2 -4 -5 -6 -7
leaf_value=0.0055973401762608984 -0.0078998433403209174 0.0047936460316669489 -0.014482284854168616 0.0032232450951733319 0.00059206666590149674 -0.0093467195606995509
leaf_weight=29.505688145756721 70.387774474918842 30.75876122713089 54.689373657107353 1066.3887218683958 294.30603206530213 236.30888753756881
leaf_count=82 212 90 177 2828 828 780
internal_value=9.34206e-06 0.0015209 -0.00738138 0.00235797 -0.00312428 -0.00720239
internal_weight=1782.35 1222.22 85.4481 1136.78 560.121 265.815
internal_count=4997 3307 267 3040 1690 862
is_linear=0
shrinkage=0.03


Tree=69
num_leaves=7
num_cat=0
split_feature=17 0 7 6 7 10
split_gain=8.41156 20.5346 12.2287 9.07294 7.27864 15.5581
threshold=1.8028491139411928 -1.5565903782844541 0.54947134852409374 -0.13641236722469327 -0.53157296776771534 1.5068768262863161
decision_type=2 2 2 2 2 2
left_child=4 2 -2 -3 5 -1
right_child=1 3 -4 -5 -6 -7
leaf_value=-0.0029417004490058314 0.002640025659629514 0.020682476496160319 -0.011200987920688096 0.0048090536914805679 -0.0023448899670118167 0.009353909199577258
leaf_weight=182.21554620563984 132.64206673949957 44.576604336500168 69.804034899920225 132.89704587310553 1058.1806547567248 146.94847797602415
leaf_count=498 409 104 243 334 2987 390
internal_value=0 0.00382071 -0.00244066 0.0107908 -0.0011095 0.00259696
internal_weight=1767.26 379.92 202.446 177.474 1387.34 329.164
internal_count=4965 1090 652 438 3875 888
is_linear=0
shrinkage=0.03


Tree=70
num_leaves=7
num_cat=0
split_feature=15 9 5 9 3 19
split_gain=11.5035 13.7736 10.091 6.38773 10.6898 8.86013
threshold=-1.4732944965362547 0.20986004918813708 0.23094235360622409 -0.0039431259501725427 -0.67902418971061695 1.0107202529907229
decision_type=2 2 2 2 2 2
left_child=1 2 -1 4 -2 -5
right_child=3 -3 -4 5 -6 -7
leaf_value=-0.0052743002581964685 0.0005190926036858683 -0.012985625004022238 0.0035091758398879142 0.0024038434883406311 0.0083299323272042793 -0.0050667052292788367
leaf_weight=230.06932207196951 498.01070912927389 97.36235274374485 197.31511928513646 281.20128924772143 226.48295573890209 245.12510437518358
leaf_count=677 1364 291 581 784 627 683
internal_value=-0.00014344 -0.00381896 -0.00110943 0.00138715 0.0031996 -0.00102369
internal_weight=1775.57 524.747 427.384 1250.82 724.494 526.326
internal_count=5007 1549 1258 3458 1991 1467
is_linear=0
shrinkage=0.03


Tree=71
num_leaves=7
num_cat=0
split_feature=6 14 5 10 6 18
split_gain=8.98139 8.75421 14.5935 14.4322 7.15246 12.3283
threshold=0.078849736601114287 0.068522211164236083 0.14829469472169879 1.0521633028984072 0.29586228728294378 0.23109165579080584
decision_type=2 2 2 2 2 2
left_child=1 3 -3 -1 -2 -6
right_child=4 2 -4 -5 5 -7
leaf_value=-0.0014636582993489684 -0.005830073899506326 0.0026842849042745189 -0.0058789404303146815 0.0086442825082727898 0.0057652849355525398 -0.0067942190965325586
leaf_weight=207.42724164202809 378.07050997391343 383.53862778842449 297.47837547957897 260.64181403443217 149.96677902713418 98.980542413890362
leaf_count=560 1118 1054 913 657 425 316
internal_value=-0.000467348 0.00106908 -0.00103168 0.00416554 -0.00332178 0.00041468
internal_weight=1776.1 1149.09 681.017 468.069 627.018 248.947
internal_count=5043 3184 1967 1217 1859 741
is_linear=0
shrinkage=0.03


Tree=72
num_leaves=7
num_cat=0
split_feature=11 3 0 10 8 18
split_gain=7.95412 20.0166 12.4425 9.41605 8.89741 7.61963
threshold=0.35739332437515264 -1.3724902272224424 -0.96461689472198475 0.56594711542129528 -0.93864700198173512 -1.188885450363159
decision_type=2 2 2 2 2 2
left_child=1 4 5 -3 -1 -2
right_child=2 3 -4 -5 -6 -7
leaf_value=-0.016245783187766604 -0.0030497561508785842 0.0080487192293356626 -0.0056124337966949323 -0.00078494237617344684 -0.0038697200883101956 0.007151601056593993
leaf_weight=81.610594812780619 60.802984241396189 102.1957161128521 101.2838019952178 933.42181318253279 184.88538477942348 315.47599288448691
leaf_count=257 165 277 260 2698 545 847
internal_value=-0.000475858 -0.00171578 0.00271737 0.00016591 -0.00873867 0.00528103
internal_weight=1779.68 1302.11 477.563 1035.62 266.496 376.279
internal_count=5049 3777 1272 2975 802 1012
is_linear=0
shrinkage=0.03


Tree=73
num_leaves=7
num_cat=0
split_feature=11 5 7 7 13 14
split_gain=7.66647 7.8616 6.43338 9.06879 7.12798 6.2043
threshold=-0.44422957301139826 -0.45210993289947504 0.85003861784935009 0.50383123755455028 0.78644302487373363 0.41381962597370153
decision_type=2 2 2 2 2 2
left_child=1 5 3 -2 -4 -1
right_child=2 -3 4 -5 -6 -7
leaf_value=0.010773711121470495 0.0014101123221079491 -0.0048608953257493343 0.0079984891352078129 -0.0053813516033942976 -0.0011182630574006122 -0.00319345279009608
leaf_weight=40.654467590153217 772.84606018662453 424.3876202814281 192.14146880432963 207.47815299779177 97.929873161017895 31.752682477235794
leaf_count=111 2115 1310 499 586 290 105
internal_value=-0.000119249 -0.00323517 0.00108401 -4.6123e-05 0.00485351 0.00463388
internal_weight=1767.19 496.795 1270.4 980.324 290.071 72.4072
internal_count=5016 1526 3490 2701 789 216
is_linear=0
shrinkage=0.03


Tree=74
num_leaves=7
num_cat=0
split_feature=3 12 8 2 13 18
split_gain=6.24418 12.097 10.3338 9.7698 10.8745 8.44981
threshold=-1.2821397781372068 1.1353101134300234 -1.2605548501014707 0.15776972472667697 -0.063959419727325426 0.5161004662513734
decision_type=2 2 2 2 2 2
left_child=1 5 -3 4 -2 -1
right_child=3 2 -4 -5 -6 -7
leaf_value=-0.012227981529452626 -0.0021381067633668826 -0.0087993728964590717 0.0031754942841780882 -0.0027435367177659304 0.0050579836044322155 0.00056097988664944264
leaf_weight=123.23313911259174 235.4476617500186 60.209417354315519 304.46457325667143 332.79404966905713 657.79463728889823 53.5900474563241
leaf_count=369 664 181 827 997 1808 155
internal_value=0.000228566 -0.00236088 0.000687707 0.00143992 0.0030902 -0.00838402
internal_weight=1767.53 541.497 364.674 1226.04 893.242 176.823
internal_count=5001 1532 1008 3469 2472 524
is_linear=0
shrinkage=0.03


Tree=75
num_leaves=7
num_cat=0
split_feature=8 11 14 14 5 7
split_gain=10.9461 7.51749 15.4836 8.2362 6.78318 1.98452
threshold=0.55944660305976879 0.42332193255424505 -0.39223711192607874 -0.85596990585327137 0.28182849287986761 -1.1046695113182066
decision_type=2 2 2 2 2 2
left_child=1 3 -3 -1 5 -2
right_child=4 2 -4 -5 -6 -7
leaf_value=0.010545387494268397 -0.00094367482362077719 -0.0096382980895382935 0.0067014330024278866 -0.00066375944651120343 0.001653484743256586 -0.014230967977229904
leaf_weight=41.935852058231831 26.899084396660328 39.863817296922207 358.5654175914824 1185.3494789786637 34.551511615514755 58.525213785469532
leaf_count=118 81 113 946 3449 87 184
internal_value=0.000351972 0.0010652 0.00454066 -6.9691e-05 -0.00765523 -0.0115889
internal_weight=1745.69 1625.71 398.429 1227.29 119.976 85.4243
internal_count=4978 4626 1059 3567 352 265
is_linear=0
shrinkage=0.03


Tree=76
num_leaves=7
num_cat=0
split_feature=1 15 16 6 7 16
split_gain=9.17615 7.84898 8.10726 7.04943 6.78864 2.64375
threshold=0.34880705177783972 -2.0531654357910152 -0.20669259876012799 0.087579276412725462 0.82195994257926952 0.42302399873733526
decision_type=2 2 2 2 2 2
left_child=1 4 -3 -2 -1 -5
right_child=3 2 -4 5 -6 -7
leaf_value=-0.0081329289767070635 0.0032110055291939142 -0.0036660394060501296 0.0030652612202898581 -0.0012183459648396221 0.0029004975181624224 -0.011144188770149934
leaf_weight=114.10448010638356 46.287777498364449 160.24544055759907 1218.2013270705938 57.001022510230541 57.044457174837589 90.241166453808546
leaf_count=362 134 452 3435 177 168 271
internal_value=0.00058868 0.00140637 0.0021986 -0.00519605 -0.00422286 -0.00826563
internal_weight=1743.13 1549.6 1378.45 193.53 171.149 147.242
internal_count=4999 4417 3887 582 530 448
is_linear=0
shrinkage=0.03


Tree=77
num_leaves=7
num_cat=0
split_feature=11 18 6 15 16 7
split_gain=10.9153 7.02476 9.78459 9.19851 5.35416 7.12649
threshold=-0.44422957301139826 0.63182324171066295 0.29068046808242803 -1.3331589698791502 0.21692389994859698 -0.82940527796745289
decision_type=2 2 2 2 2 2
left_child=4 2 -2 -3 5 -1
right_child=1 3 -4 -5 -6 -7
leaf_value=0.0091145606761721346 -0.0011374322286821852 -0.0014638004159013237 0.0070373480194537222 0.0096876668061236914 -0.0057981169578751246 -0.0033621634914714716
leaf_weight=41.648745648562908 856.46723983809352 86.79530107229948 134.94024010002613 153.87820639461279 358.72433560341597 99.734884656965733
leaf_count=117 2398 247 373 411 1117 335
internal_value=-0.000236825 0.0012472 3.30691e-05 0.00563213 -0.00391564 0.000615508
internal_weight=1732.19 1232.08 991.407 240.674 500.108 141.384
internal_count=4998 3429 2771 658 1569 452
is_linear=0
shrinkage=0.03


Tree=78
num_leaves=7
num_cat=0
split_feature=11 3 7 10 4 10
split_gain=8.98842 9.48452 9.33043 8.72667 5.32959 3.52571
threshold=-1.1083661913871763 0.70975050330162059 -0.011712023522704838 1.0462836027145388 0.08587196841835977 1.4059208631515505
decision_type=2 2 2 2 2 2
left_child=2 3 4 -2 -1 -3
right_child=1 5 -4 -5 -6 -7
leaf_value=0.0082766823970825652 -0.0018641634288868196 -0.011757449938635875 -0.015024708292895666 0.0028694353467095405 -0.0060944248873326364 -7.6711848527268961e-05
leaf_weight=25.89072310179472 488.83181187137961 50.317656248807907 49.642955265939236 1051.1161465197802 25.240258894860744 51.258857592940331
leaf_count=76 1471 162 153 2907 88 168
internal_value=6.26878e-05 0.000669704 -0.00780181 0.00132373 0.000620118 -0.00733878
internal_weight=1742.3 1641.52 100.774 1539.95 51.131 101.577
internal_count=5025 4708 317 4378 164 330
is_linear=0
shrinkage=0.03


Tree=79
num_leaves=7
num_cat=0
split_feature=4 1 0 19 10 16
split_gain=9.98721 9.88507 8.52376 9.98382 7.81317 5.82135
threshold=-0.14285378158092496 -0.18499384075403211 1.0000000180025095e-35 1.1454201936721804 1.3885973095893862 0.6624622941017152
decision_type=2 2 2 2 2 2
left_child=1 5 3 -2 -3 -1
right_child=2 4 -4 -5 -6 -7
leaf_value=0.011655756424818448 -8.8407251732567756e-05 0.0028671987372240085 0.0090843623623857294 -0.0061549259043800885 -0.0045947976067860193 0.00045844389197925364
leaf_weight=113.45829046517611 573.00405461341143 314.83573312684894 35.698224008083344 434.81249513104558 182.69012029841542 80.338290505111217
leaf_count=316 1681 912 87 1274 523 231
internal_value=-0.000339349 0.00237625 -0.00220569 -0.00283296 0 0.00777167
internal_weight=1734.84 691.322 1043.51 1007.82 497.526 193.797
internal_count=5024 1982 3042 2955 1435 547
is_linear=0
shrinkage=0.03


Tree=80
num_leaves=5
num_cat=0
split_feature=14 14 8 4
split_gain=10.2884 9.30851 6.45093 4.51229
threshold=-0.95692864060401905 -0.50706553459167469 -0.27997936308383936 -0.20762921124696729
decision_type=2 2 2 2
left_child=-1 3 -3 -2
right_child=1 2 -4 -5
leaf_value=0.013672811645697556 0.00075468598851517114 0.0017204961970981377 -0.002283072296047935 -0.010423274192456705
leaf_weight=29.151168644428253 28.767241343855858 1080.3873992972076 513.8174851462245 92.955793857574463
leaf_count=86 75 3149 1490 270
internal_value=0.000116673 -0.000233936 0.000380663 -0.00762449
internal_weight=1745.08 1715.93 1594.2 121.723
internal_count=5070 4984 4639 345
is_linear=0
shrinkage=0.03


Tree=81
num_leaves=7
num_cat=0
split_feature=17 1 11 2 6 3
split_gain=8.31105 12.7162 10.8832 10.1474 14.0315 8.88078
threshold=1.9847109913825991 -0.18499384075403211 -0.18499780446290967 -0.36241143941879267 -0.027953468263149258 -0.2704149186611175
decision_type=2 2 2 2 2 2
left_child=1 5 -3 -2 -5 -1
right_child=3 2 -4 4 -6 -7
leaf_value=0.0056804988442723569 -0.0093906329912308677 -0.0072316754664301063 -0.00089979142500957641 0.013092908611185705 0 -0.0032921678581414554
leaf_weight=257.72869890928268 28.07146679610014 430.47654650360346 604.20776421949267 103.25227906554937 179.03541786596179 129.28820885717869
leaf_count=714 89 1319 1703 282 530 378
internal_value=-0.000936991 -0.00193743 -0.00367822 0.00330409 0.00530275 0.00252116
internal_weight=1732.06 1421.7 1034.68 310.359 282.288 387.017
internal_count=5015 4114 3022 901 812 1092
is_linear=0
shrinkage=0.03


Tree=82
num_leaves=7
num_cat=0
split_feature=19 4 18 7 7 8
split_gain=7.18593 11.2147 12.8422 12.1468 10.3186 9.07162
threshold=1.2771674990653994 0.12933342158794406 -0.14876963198184964 -0.35045087337493891 1.3577067255973818 0.40352749824523931
decision_type=2 2 2 2 2 2
left_child=4 2 -2 -3 5 -1
right_child=1 3 -4 -5 -6 -7
leaf_value=0.0032503180925865256 0.0067016006229042094 0.0031143406187193546 -0.0045652090903285049 -0.015527722986361058 -0.0072168630216599304 -0.0043879188740993712
leaf_weight=1060.9349684081972 133.7960056103766 30.319412387907505 203.15332392975688 81.11053317040205 90.970915980637074 136.92869079113007
leaf_count=3033 407 73 637 230 253 410
internal_value=0.000286 -0.00286385 0 -0.0102968 0.00145468 0.0022702
internal_weight=1737.21 448.379 336.949 111.43 1288.83 1197.86
internal_count=5043 1347 1044 303 3696 3443
is_linear=0
shrinkage=0.03


Tree=83
num_leaves=7
num_cat=0
split_feature=1 8 15 6 15 8
split_gain=9.84293 9.21269 9.97891 9.29173 5.06741 5.6192
threshold=0.19260042160749438 -0.29630258679389948 -0.60389167070388783 0.055621592327952392 -0.093054041266441331 0.21451705694198611
decision_type=2 2 2 2 2 2
left_child=1 2 -1 -3 5 -2
right_child=4 3 -4 -5 -6 -7
leaf_value=0.0053141673109099574 -0.0070340507982321306 0.00083470816319491156 -0.0010946948436511214 -0.0080381270740744557 0.0028836019525589774 0.0023568599203858545
leaf_weight=609.86791383102536 277.20258369669318 297.29777233675122 304.77294049412012 135.0650204308331 59.081882379949093 49.788308121263981
leaf_count=1778 866 829 839 400 175 161
internal_value=0.000178029 0.00142656 0.00313671 -0.00203726 -0.00388604 -0.00537783
internal_weight=1733.08 1347 914.641 432.363 386.073 326.991
internal_count=5048 3846 2617 1229 1202 1027
is_linear=0
shrinkage=0.03


Tree=84
num_leaves=7
num_cat=0
split_feature=17 1 7 10 9 9
split_gain=5.93135 12.3114 11.4758 11.4432 8.60035 8.57851
threshold=1.9213175773620608 -0.18499384075403211 -0.054927606135606759 1.1196455955505373 0.16829051077365878 -0.26914937794208521
decision_type=2 2 2 2 2 2
left_child=1 2 -1 5 -5 -2
right_child=3 -3 -4 4 -6 -7
leaf_value=0.0093708985873018017 0.00825789506927385 -0.0026009692728156553 -0.00060665420507870509 0.011254153978366675 -0.0010300035631500646 -0.0071561839201786624
leaf_weight=154.39355871453881 23.187043786048889 1025.3290539160371 225.71222205832601 144.79146059602499 57.683354914188385 99.720063950866461
leaf_count=423 78 3005 650 417 160 323
internal_value=0 -0.000865495 0.00356196 0.00351631 0.00770682 -0.00307966
internal_weight=1730.82 1405.43 380.106 325.382 202.475 122.907
internal_count=5056 4078 1073 978 577 401
is_linear=0
shrinkage=0.03


Tree=85
num_leaves=7
num_cat=0
split_feature=1 5 4 6 5 5
split_gain=12.7258 12.1428 16.5469 11.4328 6.64319 5.52948
threshold=0.19260042160749438 0.22764793783426288 0.29757659137248998 -0.38162520527839655 -0.39624248445034022 0.58856779336929332
decision_type=2 2 2 2 2 2
left_child=1 3 -3 -1 -2 -6
right_child=4 2 -4 -5 5 -7
leaf_value=0.0070478236340623009 0.0040097829572990499 0.0069801514106203498 -0.0089122977506729574 -0.0023801934779674951 -0.0076514853310093176 0.0035176320293657084
leaf_weight=114.71524868533015 43.040823206305504 418.98936454951763 47.541862390935421 750.84993500262499 308.25778093189001 25.904889732599258
leaf_count=309 139 1205 126 2191 975 77
internal_value=-0.000231577 0.00112191 0.00493752 -0.000931973 -0.00497831 -0.00646647
internal_weight=1709.3 1332.1 466.531 865.565 377.203 334.163
internal_count=5022 3831 1331 2500 1191 1052
is_linear=0
shrinkage=0.03


Tree=86
num_leaves=7
num_cat=0
split_feature=1 0 17 0 8 12
split_gain=8.28996 9.36921 12.805 9.86891 6.08004 7.42727
threshold=0.42960275709629064 -1.468545079231262 1.7040384411811831 -2.3132040500640865 -0.68271487951278675 1.1353101134300234
decision_type=2 2 2 2 2 2
left_child=1 3 -3 -1 -2 -6
right_child=4 2 -4 -5 5 -7
leaf_value=0.0037914525566172669 0.0015109860036365051 0.0010957396825634705 0.010818030639601193 -0.0029459012225447117 -0.016751002663381555 0
leaf_weight=249.32525543123484 38.32540425658226 528.45917155593634 148.46665493398905 666.34711235761642 45.079273492097855 35.44986093044281
leaf_count=790 116 1499 392 1989 166 101
internal_value=0.000284164 0.000919429 0.00356343 -0.00100546 -0.00670236 -0.010731
internal_weight=1711.45 1592.6 676.926 915.672 118.855 80.5291
internal_count=5053 4670 1891 2779 383 267
is_linear=0
shrinkage=0.03


Tree=87
num_leaves=5
num_cat=0
split_feature=14 2 8 3
split_gain=6.53285 5.97487 7.83744 6.20819
threshold=-0.95692864060401905 0.234690897166729 -0.67592525482177723 -1.293783903121948
decision_type=2 2 2 2
left_child=-1 3 -3 -2
right_child=1 2 -4 -5
leaf_value=0.010503539462811641 -0.0024208779374044337 0.0013503136894326031 -0.0077924685834217904 0.0018325320207050566
leaf_weight=30.803856320679188 433.03298341110349 119.8671648055315 181.18570460379124 924.38221764564514
leaf_count=90 1271 369 580 2686
internal_value=-5.34586e-05 -0.000408108 -0.00410795 0.00041663
internal_weight=1689.27 1658.47 301.053 1357.42
internal_count=4996 4906 949 3957
is_linear=0
shrinkage=0.03


Tree=88
num_leaves=7
num_cat=0
split_feature=15 6 5 14 8 13
split_gain=11.9929 14.0671 10.3492 7.67965 17.1177 10.9071
threshold=-1.2917872071266172 -0.090373363345861421 0.2746929675340653 0.079096883535385146 -0.55891019105911244 0.699627846479416
decision_type=2 2 2 2 2 2
left_child=1 -1 -3 4 -2 -5
right_child=3 2 -4 5 -6 -7
leaf_value=0.0013408749003859432 0.0091739331356191656 -0.010527928589231217 0 0.0018649400419374928 -0.0017319518707119032 -0.0065302614784578192
leaf_weight=265.37593603879213 257.3258091211319 255.70060558244586 117.5414416603744 402.66972459480166 218.54618962109089 185.00216680020094
leaf_count=771 700 834 374 1155 622 583
internal_value=-0.000503496 -0.00371635 -0.00734995 0.00140332 0.00417652 -0.00080712
internal_weight=1702.16 638.618 373.242 1063.54 475.872 587.672
internal_count=5039 1979 1208 3060 1322 1738
is_linear=0
shrinkage=0.03


Tree=89
num_leaves=7
num_cat=0
split_feature=1 7 8 4 17 16
split_gain=6.05577 12.8631 9.88992 8.21507 8.11374 10.0731
threshold=-0.22883474826812741 0.52225866913795482 0.38559448719024664 -0.17584419995546338 1.9213175773620608 -0.12623774260282514
decision_type=2 2 2 2 2 2
left_child=1 2 -1 -3 5 -2
right_child=4 3 -4 -5 -6 -7
leaf_value=0.010053845173088613 -0.010484219927329624 0.0049264704690645247 -0.004274279356540088 -0.0082482226396639255 0.0035808640169526346 -0.0010523395560427659
leaf_weight=196.019595451653 98.574188005179167 46.197861194610596 35.67027160525322 91.773787043988705 253.5716672167182 959.69930540770292
leaf_count=560 321 129 107 287 771 2827
internal_value=0 0.00327993 0.00744518 -0.00339183 -0.000971968 -0.0021647
internal_weight=1681.51 369.662 231.69 137.972 1311.85 1058.27
internal_count=5002 1083 667 416 3919 3148
is_linear=0
shrinkage=0.03


Tree=90
num_leaves=7
num_cat=0
split_feature=12 7 18 7 8 18
split_gain=6.93587 9.39445 12.0265 10.4821 5.14886 7.43719
threshold=-0.27748058736324305 0.52998065948486339 -0.77449795603752125 0.86910551786422741 0.17660161107778552 0.20797055959701541
decision_type=2 2 2 2 2 2
left_child=4 2 -2 -3 5 -1
right_child=1 3 -4 -5 -6 -7
leaf_value=-0.0059828882296382646 -0.0040847928332296349 -0.0076926505375509149 0.0044531491832443546 0.0004930436815798933 -0.012112078284529242 0.0031212179832537227
leaf_weight=166.29564902558923 167.94179641641676 195.65628523379564 635.63144128024578 364.78147780150175 45.908637538552284 116.49841356277466
leaf_count=531 479 587 1822 1073 159 364
internal_value=-0.000469529 0.0004499 0.00254005 -0.00242792 -0.00426391 -0.00207582
internal_weight=1692.71 1364.01 803.573 560.438 328.703 282.794
internal_count=5015 3961 2301 1660 1054 895
is_linear=0
shrinkage=0.03


Tree=91
num_leaves=6
num_cat=0
split_feature=2 7 9 13 14
split_gain=5.18577 10.3034 7.23082 11.9386 9.03485
threshold=0.5463453233242036 0.63795405626297008 -0.20350985974073407 -0.96076127886772145 0.049441700801253326
decision_type=2 2 2 2 2
left_child=2 -2 3 -1 -4
right_child=1 -3 4 -5 -6
leaf_value=0.0094542479360564622 -0.014351339912844811 0.0041490762072335409 0.0043869595457114146 -0.0049393501498452208 -0.0006621864248423482
leaf_weight=38.913406971842051 42.543714486062527 28.535883210599422 539.79115093499422 359.35518766194582 692.79932090267539
leaf_count=114 146 87 1476 1075 2160
internal_value=0 -0.00698518 0.000367681 -0.00300473 0.00153584
internal_weight=1701.94 71.0796 1630.86 398.269 1232.59
internal_count=5058 233 4825 1189 3636
is_linear=0
shrinkage=0.03


Tree=92
num_leaves=6
num_cat=0
split_feature=1 6 15 14 12
split_gain=9.26022 7.3707 6.24111 3.88807 2.71093
threshold=0.48520110547542578 0.54448747634887706 -1.4075830578804014 2.2311722040176396 1.5758525133132937
decision_type=2 2 2 2 2
left_child=1 2 -1 4 -2
right_child=3 -3 -4 -5 -6
leaf_value=-0.0020574893205701841 -0.014369212092669378 0.010978691414794807 0.0018809512550336522 0.00028074525390966136 0
leaf_weight=516.55477686971426 42.551730681210756 44.65936604142189 1057.7341825179756 24.743179567158222 25.132830798625946
leaf_count=1621 154 130 3042 88 62
internal_value=0.000396934 0.000996422 0.000541439 -0.00787922 -0.0109301
internal_weight=1711.38 1618.95 1574.29 92.4277 67.6846
internal_count=5097 4793 4663 304 216
is_linear=0
shrinkage=0.03


Tree=93
num_leaves=7
num_cat=0
split_feature=19 7 0 5 0 12
split_gain=7.22038 10.5402 8.91874 11.5302 8.19699 7.80338
threshold=1.2771674990653994 1.342689633369446 -0.40687727928161616 -0.11145437881350516 -1.273885130882263 0.30181239545345312
decision_type=2 2 2 2 2 2
left_child=1 5 3 -2 -3 -1
right_child=2 4 -4 -5 -6 -7
leaf_value=-0.00089147406176451761 -0.015738175333234579 -0.013666040278609433 0.0094902028237965324 -0.0017737800511260231 0.0018946872299205855 0.0041256794069057922
leaf_weight=396.69780142232776 47.259543269872665 49.749275162816048 26.679395921528339 367.43684678338468 36.09410821646452 764.61454817280173
leaf_count=1255 159 144 65 1148 100 2164
internal_value=0.000348781 0.00154573 -0.00282367 -0.0041541 -0.00743472 0.00237498
internal_weight=1688.53 1247.16 441.376 414.696 85.8434 1161.31
internal_count=5035 3663 1372 1307 244 3419
is_linear=0
shrinkage=0.03


Tree=94
num_leaves=5
num_cat=0
split_feature=14 2 21 19
split_gain=6.68777 6.6842 9.57249 9.47243
threshold=-0.95692864060401905 0.022807541303336624 1.0000000180025095e-35 1.2739629745483401
decision_type=2 2 2 2
left_child=-1 3 -3 -2
right_child=1 2 -4 -5
leaf_value=0.01164072570383639 0.0031116289722103586 -0.00040498064690998938 -0.0089222602991320867 -0.0037206109646533156
leaf_weight=24.254095740616322 725.39544855803251 553.11457566171885 138.37828411906958 216.97287421114743
leaf_count=79 2063 1655 528 672
internal_value=0.000111832 -0.000161732 -0.00239664 0.00143158
internal_weight=1658.12 1633.86 691.493 942.368
internal_count=4997 4918 2183 2735
is_linear=0
shrinkage=0.03


Tree=95
num_leaves=7
num_cat=0
split_feature=7 18 16 18 8 11
split_gain=6.53116 7.854 8.56535 7.99507 7.82115 7.88769
threshold=1.2841997742652895 0.62678596377372753 0.5190769135951997 0.47127935290336614 -0.50551277399063099 -0.24600858986377713
decision_type=2 2 2 2 2 2
left_child=1 3 -3 -1 -2 -6
right_child=4 2 -4 -5 5 -7
leaf_value=0.00069212644778647375 -0.0090504021365145505 -0.000154591021364192 0.0093377941011064114 -0.005888578125928255 -0.0055049207997588537 0.011329213559696653
leaf_weight=998.66343337111175 120.50902603939176 140.71536739170551 157.48883803188801 177.2278760150075 29.620217576622963 28.081327818334103
leaf_count=3031 375 409 453 520 103 76
internal_value=3.35263e-05 0.000747048 0.00494182 -0.000331425 -0.00504562 0.00272283
internal_weight=1652.31 1474.1 298.204 1175.89 178.211 57.7015
internal_count=4967 4413 862 3551 554 179
is_linear=0
shrinkage=0.03


Tree=96
num_leaves=7
num_cat=0
split_feature=1 7 6 11 6 1
split_gain=6.3899 9.22776 14.3364 7.04567 6.58244 8.97398
threshold=0.055438291281461723 0.37262928485870367 0.15677074342966082 -0.1740000322461128 0.36317652463912969 0.48520110547542578
decision_type=2 2 2 2 2 2
left_child=1 2 -1 -3 -2 -6
right_child=4 3 -4 -5 5 -7
leaf_value=0.0056734772377054531 -0.0043042666346267931 -0.0055183218585549195 -0.0067496198936097254 0.0014547700598835523 0.0087869295991440648 -0.0050731438457755212
leaf_weight=469.81981914676726 514.33546528220177 233.74962557479739 79.183980889618397 234.71598356962204 74.823624081909657 52.580395340919495
leaf_count=1351 1614 747 236 670 220 170
internal_value=-0.000449686 0.000982977 0.00360196 -0.00198523 -0.00277288 0.00274754
internal_weight=1659.21 1017.47 549.004 468.466 641.739 127.404
internal_count=5008 3004 1587 1417 2004 390
is_linear=0
shrinkage=0.03


Tree=97
num_leaves=5
num_cat=0
split_feature=14 2 15 4
split_gain=4.98516 5.11321 5.41956 3.11617
threshold=-0.95692864060401905 0.48523756861686712 -2.0531654357910152 0.34851858019828802
decision_type=2 2 2 2
left_child=-1 2 -2 -3
right_child=1 3 -4 -5
leaf_value=0.0095376252147580803 -0.0046255443815909044 -0.0099900062014086355 0.0008320483225712161 0
leaf_weight=28.109953835606575 164.56674746796489 54.914850424975157 1379.4738235883415 41.864366285502911
leaf_count=84 556 183 4071 132
internal_value=0 -0.000257663 0.000160295 -0.00632509
internal_weight=1668.93 1640.82 1544.04 96.7792
internal_count=5026 4942 4627 315
is_linear=0
shrinkage=0.03


Tree=98
num_leaves=7
num_cat=0
split_feature=19 12 4 8 12 5
split_gain=5.83629 10.3997 10.9331 8.16925 11.1249 8.55929
threshold=1.0521742105484011 -0.94367074966430653 -0.15333838760852811 -0.20610781013965604 0.86333054304122936 0.079900149255990996
decision_type=2 2 2 2 2 2
left_child=3 -2 -3 5 -5 -1
right_child=1 2 -4 4 -6 -7
leaf_value=0.0069499864015109521 -0.01244563841532067 0.0030238469866514296 -0.0033203744000914327 -0.0074976178374996606 0.0042491962830414308 -0.0022980034733162263
leaf_weight=319.56071136891842 52.881475482136011 403.778299883008 549.03919203206897 133.73076223582029 113.31533736363053 99.779290206730366
leaf_count=890 186 1194 1680 440 339 308
internal_value=-9.74023e-06 -0.00147708 -0.000563294 0.00209584 -0.00197019 0.00460848
internal_weight=1672.09 1005.7 952.817 666.386 247.046 419.34
internal_count=5037 3060 2874 1977 779 1198
is_linear=0
shrinkage=0.03


Tree=99
num_leaves=7
num_cat=0
split_feature=11 9 7 7 11 7
split_gain=8.09137 7.83271 10.518 6.77779 4.39032 7.9084
threshold=-0.61694413423538197 -0.050891643390059464 0.85003861784935009 0.30212496221065527 -0.90408205986022938 -0.74577274918556202
decision_type=2 2 2 2 2 2
left_child=4 3 -3 -2 5 -1
right_child=1 2 -4 -5 -6 -7
leaf_value=0.0086404794006881801 0.005983264006170475 -0.0037066688196283888 0.0046672697647849983 0 -0.0075547404898227448 -0.0041418818705834552
leaf_weight=39.601697877049446 351.37601691484451 463.14878536760807 163.86480057984591 340.8317619971931 153.15912741050124 137.23331408947706
leaf_count=120 1009 1407 489 996 535 471
internal_value=-3.20184e-05 0.000993847 -0.00134885 0.00317844 -0.004127 -0.000387403
internal_weight=1649.22 1319.22 627.014 692.208 329.994 176.835
internal_count=5027 3901 1896 2005 1126 591
is_linear=0
shrinkage=0.03


Tree=100
num_leaves=7
num_cat=0
split_feature=7 13 16 12 6 19
split_gain=5.43254 11.6238 7.58681 7.8279 7.37949 6.2344
threshold=-0.92032274603843678 0.5133759379386903 -0.46134777367115015 0.061612103134393699 0.26205182075500494 0.48318067193031317
decision_type=2 2 2 2 2 2
left_child=1 4 3 -2 -1 -4
right_child=2 -3 5 -5 -6 -7
leaf_value=0.012735827170238596 0.00034392548852108667 -0.0026169938387605 -0.0076081732791129959 -0.014778524263414141 -0.001493866697052172 0.00069999556290526593
leaf_weight=108.42750456184149 43.097750276327133 105.76059003919363 66.551839113235474 44.715151961892843 29.326886303722858 1251.2908902969211
leaf_count=299 139 313 217 129 89 3841
internal_value=0.00024535 0.00422302 -0.000451229 -0.00811307 0.00952077 0.000128114
internal_weight=1649.17 243.515 1405.66 87.8129 137.754 1317.84
internal_count=5027 701 4326 268 388 4058
is_linear=0
shrinkage=0.03


Tree=101
num_leaves=6
num_cat=0
split_feature=13 7 17 6 1
split_gain=4.56978 7.53028 4.4122 9.43937 7.11468
threshold=1.1655221581459048 -0.071871489286422716 1.9213175773620608 -0.027953468263149258 -0.22883474826812741
decision_type=2 2 2 2 2
left_child=2 -2 4 -4 -1
right_child=1 -3 3 -5 -6
leaf_value=0.0029875018594300242 0.0030737620904033886 -0.013097102707652039 0.008552732050999547 -0.0013681968151736212 -0.0021769403568299359
leaf_weight=287.39632393792272 24.811503946781158 43.842829987406731 129.62385280430317 174.06550735980272 1003.9484456293285
leaf_count=833 83 163 370 555 3029
internal_value=-0.000555311 -0.00720118 -0.00014647 0.0029478 -0.000953775
internal_weight=1663.69 68.6543 1595.03 303.689 1291.34
internal_count=5033 246 4787 925 3862
is_linear=0
shrinkage=0.03


Tree=102
num_leaves=7
num_cat=0
split_feature=4 4 8 14 2 8
split_gain=5.72376 9.68634 10.481 9.25221 9.76256 8.55524
threshold=-0.14980535954236981 -0.079334218055009828 -0.014733375050127505 -0.043265888467431061 0.087409157305955901 -0.57290148735046376
decision_type=2 2 2 2 2 2
left_child=3 2 -2 5 -5 -1
right_child=1 -3 -4 4 -6 -7
leaf_value=0.011565400064740116 -0.0095497661429341206 0.00039161744519127472 0.0031975532854197734 0.0023380405785421512 -0.0073393066372363291 -0.00036616188307931724
leaf_weight=126.27778448909521 186.44843691028655 756.36027685552835 60.861296184360981 350.39678928256035 105.52682458981872 69.019824489951134
leaf_count=345 648 2274 199 1032 345 198
internal_value=0.000116395 -0.00125914 -0.00618375 0.00230012 0 0.0074277
internal_weight=1654.89 1003.67 247.31 651.221 455.924 195.298
internal_count=5041 3121 847 1920 1377 543
is_linear=0
shrinkage=0.03


Tree=103
num_leaves=7
num_cat=0
split_feature=9 7 4 12 5 12
split_gain=6.20679 15.7928 15.7917 11.246 9.34028 13.5931
threshold=-0.0069794941227883092 0.23359747976064685 -0.14118364453315732 0.28847140073776251 -0.12429945170879363 -1.1389898657798765
decision_type=2 2 2 2 2 2
left_child=1 3 -3 -1 5 -2
right_child=4 2 -4 -5 -6 -7
leaf_value=-0.0018455251316237481 -0.010492886946190981 0.0024642369979829761 -0.0077943803630641942 0.0084247876246844374 -0.0045179610528326393 0.0059194701593468547
leaf_weight=112.622134976089 36.397410944104195 288.34501677751541 215.57326098904014 321.69217230007052 473.35543466731906 197.05844978615642
leaf_count=358 111 867 722 919 1463 597
internal_value=0 0.00156289 -0.00193983 0.00566552 -0.00211315 0.00249787
internal_weight=1645.04 938.233 503.918 434.314 706.811 233.456
internal_count=5037 2866 1589 1277 2171 708
is_linear=0
shrinkage=0.03


Tree=104
num_leaves=7
num_cat=0
split_feature=5 10 12 19 3 7
split_gain=6.20222 7.06444 12.2892 8.01913 3.95514 2.55131
threshold=0.58856779336929332 1.7472965121269228 2.5120807886123662 1.2771674990653994 -0.37901119887828821 -0.14049601554870603
decision_type=2 2 2 2 2 2
left_child=1 3 -3 -1 5 -2
right_child=4 2 -4 -5 -6 -7
leaf_value=0.0015415028337741154 0.01401645900628761 -0.0080429735330488274 0.005923552471284497 -0.0040742482166115142 -0.00095912753499516801 0.00064740813829624677
leaf_weight=1011.8245418891311 34.635912947356701 218.35059376806021 53.394667826592922 272.39529150351882 27.653144277632236 32.784516602754593
leaf_count=3100 92 651 146 904 89 98
internal_value=-0.000124923 -0.000649139 -0.00487511 0.000260132 0.00655467 0.00983723
internal_weight=1651.04 1555.97 271.745 1284.22 95.0736 67.4204
internal_count=5080 4801 797 4004 279 190
is_linear=0
shrinkage=0.03


Tree=105
num_leaves=7
num_cat=0
split_feature=17 1 6 1 14 17
split_gain=4.97879 9.2002 10.3144 6.03765 6.98609 6.8981
threshold=1.7040384411811831 -0.37872110307216639 -0.067422073334455476 0.18971950560808185 -0.055649917572736733 0.30557811260223394
decision_type=2 2 2 2 2 2
left_child=3 -2 -3 5 -5 -1
right_child=1 2 -4 4 -6 -7
leaf_value=0.0028250763415949196 -0.0084243850748671224 0.011243963421149319 0.00046278557625388641 -0.010666600569052618 -0.00055850795849075006 -0.0021404362025701745
leaf_weight=442.89442881196737 35.489106930792332 113.04700047895312 236.28974076732993 93.276011444628239 170.44930218532681 529.8150001950562
leaf_count=1287 112 339 766 282 570 1636
internal_value=-2.23292e-05 0.00283362 0.00453403 -0.000989919 -0.00484496 7.13886e-05
internal_weight=1621.26 384.826 349.337 1236.43 263.725 972.709
internal_count=4992 1217 1105 3775 852 2923
is_linear=0
shrinkage=0.03


Tree=106
num_leaves=7
num_cat=0
split_feature=18 7 0 6 14 1
split_gain=6.65877 11.6852 7.28912 5.11163 10.4099 7.38745
threshold=0.63182324171066295 1.323650658130646 -1.9527980685234068 0.29586228728294378 0.079096883535385146 0.61157742142677318
decision_type=2 2 2 2 2 2
left_child=3 2 -2 4 -1 -5
right_child=1 -3 -4 5 -6 -7
leaf_value=0.0012063750234331222 -0.00065632126525863609 -0.010469110293098115 0.0084700081826032253 0.0054657880466227535 -0.0045557367595840731 -0.0072574287083873945
leaf_weight=453.40273758582771 100.88218816369772 27.370353572070599 198.78608186542988 170.18055085092783 648.74487157166004 30.598749563097954
leaf_count=1303 317 92 568 512 2116 103
internal_value=-0.000318429 0.00333639 0.00536113 -0.00131773 -0.00215259 0.00277322
internal_weight=1629.97 327.039 299.668 1302.93 1102.15 200.779
internal_count=5011 977 885 4034 3419 615
is_linear=0
shrinkage=0.03


Tree=107
num_leaves=7
num_cat=0
split_feature=1 16 3 8 0 12
split_gain=6.17146 8.1863 14.8277 11.476 5.55949 8.40032
threshold=0.14339790493249896 0.23967643082141879 -1.5626884102821348 -0.17778243869543073 -0.93543002009391774 1.4399762153625491
decision_type=2 2 2 2 2 2
left_child=1 3 -3 -1 5 -2
right_child=4 2 -4 -5 -6 -7
leaf_value=0.00098487384385113788 -0.004525655350757567 -0.003809919058475472 0.0050019058408177514 -0.010739304432044136 -0.0089771727045232369 0.0042823960382558438
leaf_weight=215.55888918787241 210.4161424189806 204.2962415125221 674.68070570379496 87.5648003667593 81.714030634611845 145.72701567411423
leaf_count=625 748 658 2014 284 249 436
internal_value=0.000201726 0.00136178 0.00284788 -0.00267135 -0.00272177 -0.000725988
internal_weight=1619.96 1182.1 878.977 303.124 437.857 356.143
internal_count=5014 3581 2672 909 1433 1184
is_linear=0
shrinkage=0.03


Tree=108
num_leaves=7
num_cat=0
split_feature=0 17 11 0 11 7
split_gain=6.05298 14.2232 9.63421 11.0108 9.44883 9.37884
threshold=-1.468545079231262 1.7040384411811831 -0.047817407175898545 -1.6383115649223325 0.19158896803855899 -1.2977136373519895
decision_type=2 2 2 2 2 2
left_child=2 4 5 -4 -2 -1
right_child=1 -3 3 -5 -6 -7
leaf_value=0.0077474053954126199 0.0028206459026671239 0.0098914594479290689 0.0039495175146327995 -0.0077989382311973443 -0.005271480577668226 -0.0053856637192270362
leaf_weight=33.345988094806671 344.53169108182192 151.11541218310595 375.90416418015957 66.057410126551986 181.65593186765909 462.57957316935062
leaf_count=104 1049 427 1112 198 532 1590
internal_value=0.000222926 0.0023774 -0.00128746 0.00180204 0 -0.0041202
internal_weight=1615.19 677.303 937.887 441.962 526.188 495.926
internal_count=5012 2008 3004 1310 1581 1694
is_linear=0
shrinkage=0.03


Tree=109
num_leaves=7
num_cat=0
split_feature=9 11 9 20 9 8
split_gain=6.39243 7.41382 12.3011 9.41346 7.21976 9.88804
threshold=-0.0039431259501725427 0.061266388744115836 0.056092817336320884 1.0000000180025095e-35 -0.20350985974073407 -0.90116304159164418
decision_type=2 2 2 2 2 2
left_child=4 3 -3 -2 5 -1
right_child=1 2 -4 -5 -6 -7
leaf_value=-0.0072349171063508851 -0.0074880178569613452 -0.0092321868100346607 0.0047729961365200278 0.0018751065788363192 0.0039045508203887258 0.0021528828941830792
leaf_weight=138.56877352297306 279.90395213291049 51.985800944268703 226.89101842418313 119.33650559186935 556.25710978731513 247.77217867225409
leaf_count=433 931 160 660 381 1720 762
internal_value=0.000127191 -0.00202057 0.00151843 -0.00459024 0.00174452 -0.00125695
internal_weight=1620.72 678.117 278.877 399.24 942.598 386.341
internal_count=5047 2132 820 1312 2915 1195
is_linear=0
shrinkage=0.03


Tree=110
num_leaves=7
num_cat=0
split_feature=14 4 20 15 9 2
split_gain=7.38264 7.98213 10.1594 7.1985 11.6387 5.71587
threshold=-0.37172302603721613 -0.20762921124696729 1.0000000180025095e-35 -1.402009069919586 0.18125280737876895 0.22334294021129611
decision_type=2 2 2 2 2 2
left_child=1 -1 -3 4 -2 -5
right_child=3 2 -4 5 -6 -7
leaf_value=0.0042768843039682836 0 -0.011515108532086239 0.0037259532375804897 0.0032568531956733374 -0.011124600679582266 -0.0023785839182243447
leaf_weight=42.061911813914776 387.29486578330398 135.97168073803186 34.811319246888161 762.51643863320351 86.254500508308411 176.09983183443546
leaf_count=121 1268 447 91 2258 299 595
internal_value=-0.000202592 -0.00518102 -0.00802905 0.000567747 -0.00232802 0.0021094
internal_weight=1625.01 212.845 170.783 1412.17 473.549 938.616
internal_count=5079 659 538 4420 1567 2853
is_linear=0
shrinkage=0.03


Tree=111
num_leaves=6
num_cat=0
split_feature=5 8 18 5 23
split_gain=6.41017 8.47493 6.3661 5.75338 1.76975
threshold=0.64248353242874157 0.52974939346313488 0.5264360010623933 0.42775946855545049 1.0000000180025095e-35
decision_type=2 2 2 2 2
left_child=1 3 -3 -1 -2
right_child=4 2 -4 -5 -6
leaf_value=0.00079868923196926747 0 -0.012011786743210393 0.0015855072121742516 -0.0054112529927608042 0.011397180506760715
leaf_weight=1319.817075945437 27.471127055585384 73.817411527037621 29.406993672251701 128.63259940594435 34.116879552602768
leaf_count=4117 95 244 98 397 96
internal_value=0 -0.000459873 -0.0080226 0.000140154 0.00816314
internal_weight=1613.26 1551.67 103.224 1448.45 61.588
internal_count=5047 4856 342 4514 191
is_linear=0
shrinkage=0.03


Tree=112
num_leaves=7
num_cat=0
split_feature=11 13 1 5 4 9
split_gain=7.17631 7.30925 7.99513 5.87552 6.85307 3.72228
threshold=-0.44422957301139826 1.0708596110343935 0.057956999167799957 -0.65704393386840809 0.6214067041873933 -0.0895729325711727
decision_type=2 2 2 2 2 2
left_child=3 2 -2 -1 -5 -3
right_child=1 5 -4 4 -6 -7
leaf_value=0.0056730880802177306 0.0038631797119815735 0.00018262514907139846 -0.0013258137561956316 -0.0058141587207372041 0.0044784181484160924 -0.010111650179582798
leaf_weight=36.873971201479435 663.94728036224842 35.041078880429268 403.38549032062292 375.90538044646382 46.41467821598053 54.023936718702316
leaf_count=120 1915 120 1254 1305 150 186
internal_value=-0.000134107 0.00109013 0.00185857 -0.00325917 -0.00439597 -0.00622062
internal_weight=1615.59 1156.4 1067.33 459.194 422.32 89.065
internal_count=5050 3475 3169 1575 1455 306
is_linear=0
shrinkage=0.03


Tree=113
num_leaves=7
num_cat=0
split_feature=0 17 13 12 0 12
split_gain=7.74259 13.3967 8.19283 7.26719 7.30921 6.86979
threshold=-1.531782269477844 1.7040384411811831 0.23504240810871127 2.3912323713302617 -2.3132040500640865 2.6502774953842168
decision_type=2 2 2 2 2 2
left_child=3 2 -2 4 -1 -5
right_child=1 -3 -4 5 -6 -7
leaf_value=0.0006242755646583358 -0.0045928777774693671 0.0087314952635704039 0.0023913765215117246 0.0080629355216667309 -0.0057835207151467304 -0.0027460183365437471
leaf_weight=206.22089831531048 239.02784699946642 164.43244768306613 336.46996157616377 85.129732951521873 484.10011963173747 80.527024321258068
leaf_count=693 712 475 1025 257 1636 224
internal_value=-0.000500958 0.00167534 -0.000465542 -0.002446 -0.00382116 0.00275565
internal_weight=1595.91 739.93 575.498 855.978 690.321 165.657
internal_count=5022 2212 1737 2810 2329 481
is_linear=0
shrinkage=0.03


Tree=114
num_leaves=7
num_cat=0
split_feature=11 12 7 18 17 19
split_gain=6.4673 9.04959 8.48759 7.54206 6.59369 6.115
threshold=-0.38730171322822565 -0.94367074966430653 0.77464523911476146 0.63182324171066295 1.0000000180025095e-35 0.94882914423942577
decision_type=2 2 2 2 2 2
left_child=2 5 -1 -3 -4 -2
right_child=1 3 4 -5 -6 -7
leaf_value=0.00029432799565392019 0.001475511833423281 0.00095448545672322004 0.0033949036750017367 0.007284363327738002 -0.0099502041829071259 -0.013045868694188931
leaf_weight=323.23466549813747 27.883214775472879 812.15439120307565 23.672293461859226 208.55744952708483 142.62708942592144 40.835695825517178
leaf_count=1104 89 2441 79 601 523 145
internal_value=0.000304751 0.001619 -0.00245104 0.00242063 -0.00756798 -0.00747307
internal_weight=1578.96 1089.43 489.534 1020.71 166.299 68.7189
internal_count=4982 3276 1706 3042 602 234
is_linear=0
shrinkage=0.03


Tree=115
num_leaves=7
num_cat=0
split_feature=6 2 15 8 19 15
split_gain=6.18301 10.1066 11.0868 8.37288 8.23334 6.9918
threshold=-0.37305003404617304 -0.37809583544731135 -1.4658244848251341 -0.46330212056636805 1.2629458308219912 -1.0599822998046873
decision_type=2 2 2 2 2 2
left_child=4 3 -3 -2 5 -1
right_child=1 2 -4 -5 -6 -7
leaf_value=0.013928649497252133 0 -0.0044933979961556594 0.0013888948550118162 -0.018080169934145303 -0.0051380976353154351 1.8954763313071562e-05
leaf_weight=64.602876156568527 39.70038528740406 388.26612342894077 949.38309348374605 35.182926557958126 36.486203335225582 67.33355875313282
leaf_count=175 128 1341 2925 111 124 199
internal_value=-0.000335172 -0.00103762 -0.000315347 -0.0105213 0.00472251 0.0081617
internal_weight=1580.96 1412.53 1337.65 74.8833 168.423 131.936
internal_count=5003 4505 4266 239 498 374
is_linear=0
shrinkage=0.03


Tree=116
num_leaves=6
num_cat=0
split_feature=5 8 13 9 16
split_gain=7.71062 6.24359 9.89674 7.66937 1.98865
threshold=0.60912626981735241 -0.27997936308383936 0.71133056282997142 0.21394728869199756 0.70458045601844799
decision_type=2 2 2 2 2
left_child=1 2 -1 -3 -2
right_child=4 3 -4 -5 -6
leaf_value=0.0031795545638898539 0.00012846890766728762 -0.00018623569281555737 -0.002963905800053557 -0.0083746530446115845 0.012316191161956069
leaf_weight=706.82653902098536 28.830587793141603 344.87710718810558 322.8445937782526 137.86869341880083 38.802344776690006
leaf_count=2171 91 1119 1066 448 117
internal_value=0.000359533 -0.000101293 0.00117639 -0.00288426 0.00902051
internal_weight=1580.05 1512.42 1029.67 482.746 67.6329
internal_count=5012 4804 3237 1567 208
is_linear=0
shrinkage=0.03


Tree=117
num_leaves=7
num_cat=0
split_feature=3 5 13 8 13 0
split_gain=5.55451 11.0858 9.89674 13.0668 8.92378 6.48967
threshold=-1.5373983383178709 0.10734339803457262 0.20408402383327487 -0.68271487951278675 0.8635082244873048 -0.82769113779067982
decision_type=2 2 2 2 2 2
left_child=1 -1 3 -2 -3 -4
right_child=2 4 5 -5 -6 -7
leaf_value=-0.012715202733299265 0.0030583700550847453 0.0026576653202123254 0.0017601223338160879 -0.0066351203017267456 -0.0086502712063990204 0.0094935494529385083
leaf_weight=64.284536153078079 201.43983773328364 221.16986383125186 667.64704658091068 258.39936976879835 64.609684765338898 106.48773751407862
leaf_count=226 643 672 2128 828 232 300
internal_value=4.89697e-05 -0.00314173 0.00103765 -0.00231321 -0.00010121 0.00311176
internal_weight=1584.04 350.064 1233.97 459.839 285.78 774.135
internal_count=5029 1130 3899 1471 904 2428
is_linear=0
shrinkage=0.03


Tree=118
num_leaves=7
num_cat=0
split_feature=14 19 0 19 10 0
split_gain=5.6481 9.21773 12.7436 10.961 9.20314 7.85344
threshold=0.039911508560180671 0.75542858242988598 -1.2082609534263609 1.3443468213081362 0.59429049491882335 -2.1824047565460201
decision_type=2 2 2 2 2 2
left_child=1 2 -1 -3 -2 -6
right_child=4 3 -4 -5 5 -7
leaf_value=-0.010197951515161318 0.0078933998645741178 0.005798240830871406 0.0066496507429467241 -0.0040989818383767706 0.0014423016689857737 -0.0046372932777269914
leaf_weight=97.875492945313454 56.089769206941128 402.65038982406259 40.428683921694756 109.14651469141245 242.38384258002043 623.27846497669816
leaf_count=323 168 1159 117 341 850 2048
internal_value=-0.000479332 0.00158334 -0.00467618 0.00349994 -0.00200056 -0.00287314
internal_weight=1571.85 650.101 138.304 511.797 921.752 865.662
internal_count=5006 1940 440 1500 3066 2898
is_linear=0
shrinkage=0.03


Tree=119
num_leaves=7
num_cat=0
split_feature=10 14 13 13 10 18
split_gain=5.36195 8.37393 8.83535 5.39143 7.92033 7.23084
threshold=0.62390351295471203 -0.20765239000320432 0.18567308783531192 0.75247713923454296 1.0462836027145388 0.63182324171066295
decision_type=2 2 2 2 2 2
left_child=1 -1 -3 5 -5 -2
right_child=3 2 -4 4 -6 -7
leaf_value=-0.0010046342919942078 -0.00062617143778552931 -0.00088025739378618981 0.01622559775479232 -0.010863732617809064 -0.00083411107018784014 0.0055864434977142812
leaf_weight=94.70764996483922 801.96414546109736 29.725459039211273 54.997496120631695 80.164417985826731 312.45853049866855 189.42500111833215
leaf_count=300 2548 93 163 291 1045 556
internal_value=6.79863e-05 0.00470273 0.0106291 -0.000548582 -0.00345465 0.000588547
internal_weight=1563.44 179.431 84.723 1384.01 392.623 991.389
internal_count=4996 556 256 4440 1336 3104
is_linear=0
shrinkage=0.03


Tree=120
num_leaves=7
num_cat=0
split_feature=2 21 12 0 7 4
split_gain=5.36649 10.0669 8.18897 7.22831 4.86817 12.9259
threshold=0.019809896126389507 1.0000000180025095e-35 0.52198636531829845 -1.1196888685226438 -0.43622672557830805 -0.15646276623010633
decision_type=2 2 2 2 2 2
left_child=4 2 -2 -3 -1 -6
right_child=1 3 -4 -5 5 -7
leaf_value=0.0049017211604003765 -0.0052983351052031053 -0.011759994571784067 0.0022999258591298775 0.0031648096703645874 0.0046355191569175192 -0.0035669846065304453
leaf_weight=233.35148098692298 169.31604456156492 112.27816115505993 369.35920236632228 20.806673761457205 286.74599296599627 376.27166451886296
leaf_count=689 584 466 1120 78 876 1224
internal_value=-0.000103088 -0.00213081 -8.51345e-05 -0.00892606 0.0013644 0
internal_weight=1568.13 671.76 538.675 133.085 896.369 663.018
internal_count=5037 2248 1704 544 2789 2100
is_linear=0
shrinkage=0.03


Tree=121
num_leaves=7
num_cat=0
split_feature=2 7 2 9 11 9
split_gain=3.74551 8.8022 6.89018 5.56742 6.74913 5.24911
threshold=-0.25118048489093775 0.52998065948486339 -0.37809583544731135 -0.38438476622104639 0.40853960812091833 -0.36234818398952479
decision_type=2 2 2 2 2 2
left_child=1 5 -3 -2 -5 -1
right_child=3 2 -4 4 -6 -7
leaf_value=-0.0016069045636552953 0.0070880679988495898 -0.0091702166486671705 0.003546643341217565 -0.0019288810165041014 0.0030849576293661054 0.0092245742636492753
leaf_weight=33.2983233705163 72.236081220209599 52.699412278831005 56.389496654272079 881.22777618654072 305.50300910323858 166.24840967357159
leaf_count=104 227 177 173 2947 914 513
internal_value=0.0007283 0.00358048 -0.00260087 0 -0.000558698 0.00716211
internal_weight=1567.6 308.636 109.089 1258.97 1186.73 199.547
internal_count=5055 967 350 4088 3861 617
is_linear=0
shrinkage=0.03


Tree=122
num_leaves=7
num_cat=0
split_feature=8 18 17 1 14 16
split_gain=5.28562 6.20842 5.75487 5.2882 7.38607 4.06646
threshold=0.40352749824523931 0.63182324171066295 0.25042557716369634 0.18971950560808185 -0.048241142183542245 -0.14327806979417798
decision_type=2 2 2 2 2 2
left_child=3 2 -2 4 -1 -5
right_child=1 -3 -4 5 -6 -7
leaf_value=0.0044333862980447001 0.00055173684017167457 0.0038056971031678625 -0.012216868186073246 0.0039733957371027437 -0.00062382046789698144 -0.0045920315396437237
leaf_weight=369.32020569033921 31.287332788109779 28.367494270205498 81.816919077187777 36.510842368006706 725.16232265904546 275.71417586877942
leaf_count=1111 108 98 285 126 2365 933
internal_value=-0.00049978 -0.00564504 -0.00868182 4.75013e-05 0.00107777 -0.00323091
internal_weight=1548.18 141.472 113.104 1406.71 1094.48 312.225
internal_count=5026 491 393 4535 3476 1059
is_linear=0
shrinkage=0.03


Tree=123
num_leaves=5
num_cat=0
split_feature=14 14 1 17
split_gain=5.83216 9.49896 4.66065 1.29591
threshold=-0.91378086805343617 -0.62618532776832569 -0.18499384075403211 0.5646038055419923
decision_type=2 2 2 2
left_child=-1 3 -3 -2
right_child=1 2 -4 -5
leaf_value=0.010399522387684613 -0.00078234439328794835 0.003405523171202302 -0.00031909931399151252 -0.011680501668190102
leaf_weight=30.952548518776894 30.218694068491459 389.22135746106505 1064.4330943245441 46.147834576666355
leaf_count=98 91 1216 3479 150
internal_value=0.000408308 3.58981e-05 0.000670151 -0.00904804
internal_weight=1560.97 1530.02 1453.65 76.3665
internal_count=5034 4936 4695 241
is_linear=0
shrinkage=0.03


Tree=124
num_leaves=6
num_cat=0
split_feature=13 13 5 7 7
split_gain=5.04589 4.99389 12.6217 7.58141 0.985908
threshold=1.2090193629264834 -0.054679855704307549 0.25697541236877447 0.85740795731544506 0.35390543937683111
decision_type=2 2 2 2 2
left_child=1 2 -1 -3 -2
right_child=4 3 -4 -5 -6
leaf_value=-0.0054052569951819193 0 8.8293570230003586e-05 0.0053567601455148219 0.0056890320698523089 -0.010267087002051515
leaf_weight=293.12676292285323 21.057479530572891 791.11717540770769 119.85665496438742 292.91506292298436 26.542602110654116
leaf_count=982 75 2532 372 933 115
internal_value=0.000247487 0.00063839 -0.00204015 0.00173165 -0.00771044
internal_weight=1544.62 1497.02 412.983 1084.03 47.6001
internal_count=5009 4819 1354 3465 190
is_linear=0
shrinkage=0.03


Tree=125
num_leaves=7
num_cat=0
split_feature=0 7 18 4 17 6
split_gain=5.61872 7.25396 17.1405 9.70404 7.16467 8.79307
threshold=-1.468545079231262 1.2754725217819216 -0.10833716765046118 0.18048600107431415 1.5196024775505068 -0.37305003404617304
decision_type=2 2 2 2 2 2
left_child=1 3 -3 -1 5 -2
right_child=4 2 -4 -5 -6 -7
leaf_value=-0.0021153772619667251 0.0099000676314433753 0.0031566654013933425 -0.01920356700528952 0.0050196789522524059 0.0073937379390355135 -0.001126359970844379
leaf_weight=601.34740028530359 55.672217912971973 45.338615868240595 40.867485497146845 216.47993705794215 172.04007954895496 426.33306112885475
leaf_count=2024 143 150 157 702 514 1360
internal_value=0.000365236 -0.00111463 -0.00849876 -8.03636e-05 0.00247212 0.000371367
internal_weight=1558.08 904.033 86.2061 817.827 654.045 482.005
internal_count=5050 3033 307 2726 2017 1503
is_linear=0
shrinkage=0.03


Tree=126
num_leaves=5
num_cat=0
split_feature=14 14 15 5
split_gain=5.26707 5.88871 4.46888 3.67144
threshold=-0.95692864060401905 -0.62618532776832569 -2.0284198522567745 0.028833114542067054
decision_type=2 2 2 2
left_child=-1 3 -3 -2
right_child=1 2 -4 -5
leaf_value=0.010189709639884168 -0.010795764741708619 -0.0040905643295850221 0.00083097895793225708 0.0003396506154049059
leaf_weight=24.436612620949745 54.553990229964256 169.62708476185799 1262.1947816312313 24.269167646765709
leaf_count=79 192 618 4048 64
internal_value=0 -0.000287484 0.000158281 -0.00738523
internal_weight=1535.08 1510.65 1431.82 78.8232
internal_count=5001 4922 4666 256
is_linear=0
shrinkage=0.03


Tree=127
num_leaves=7
num_cat=0
split_feature=3 5 5 15 1 9
split_gain=6.59246 7.8574 8.24607 5.16285 5.89691 4.98261
threshold=-1.5965417027473447 0.17413824051618579 0.42312480509281164 -2.0531654357910152 0.36718244850635534 0.031821876764297492
decision_type=2 2 2 2 2 2
left_child=1 5 -3 -2 -5 -1
right_child=3 2 -4 4 -6 -7
leaf_value=-0.014744383960556317 -0.0040122934678552416 0.0030049037430899795 -0.008724996650059557 0.0025719013381288892 -0.0040637523055622451 0
leaf_weight=54.053173318505287 134.1387063190341 158.39076733589172 56.624189503490925 985.88516734912992 112.54071887210011 22.828327808529139
leaf_count=198 486 515 181 3128 396 79
internal_value=3.67145e-05 -0.00382586 -0.000308486 0.00104583 0.00177788 -0.0109492
internal_weight=1524.46 291.896 215.015 1232.56 1098.43 76.8815
internal_count=4983 973 696 4010 3524 277
is_linear=0
shrinkage=0.03


Tree=128
num_leaves=6
num_cat=0
split_feature=13 16 5 3 7
split_gain=5.20415 5.48155 10.2303 7.68814 5.19342
threshold=1.1775938868522646 0.53133720159530651 0.42312480509281164 -1.4265487194061277 -0.044194435700774186
decision_type=2 2 2 2 2
left_child=1 2 -1 -3 -2
right_child=4 3 -4 -5 -6
leaf_value=0 0.0018083311378154045 -0.0017821668218167088 -0.011368824952083894 0.0042671735234160908 -0.011965596335969525
leaf_weight=627.34307632222772 22.62446141242981 254.44363035261631 60.740599155426025 542.49275267496705 41.150280300527811
leaf_count=2068 81 826 205 1723 170
internal_value=0.000129954 0.000570419 -0.00131716 0.00226597 -0.00709785
internal_weight=1548.79 1485.02 688.084 796.936 63.7747
internal_count=5073 4822 2273 2549 251
is_linear=0
shrinkage=0.03


Tree=129
num_leaves=7
num_cat=0
split_feature=17 4 13 5 13 8
split_gain=5.75119 11.3793 11.1114 6.83958 6.48775 5.38494
threshold=2.0911804437637334 -0.057834917679429047 0.72517499327659618 0.62451431155204784 -0.91168707609176625 -1.0576062202453611
decision_type=2 2 2 2 2 2
left_child=3 2 -2 4 -1 -3
right_child=1 5 -4 -5 -6 -7
leaf_value=0.0053028920399012637 0.016802939584368806 0.0070598522405233696 -0.0005341977188497236 0.0078273753630762766 -0.0017100764116780925 -0.0048667411815403938
leaf_weight=109.88661544770002 69.178280219435692 25.981234453618526 40.900538697838783 64.292738359421492 1131.1061169654131 98.768758952617645
leaf_count=378 245 82 143 208 3674 311
internal_value=0.000379853 0.00452275 0.0108082 -0.000377212 -0.000967258 -0.00133607
internal_weight=1540.11 234.829 110.079 1305.29 1240.99 124.75
internal_count=5041 781 388 4260 4052 393
is_linear=0
shrinkage=0.03


Tree=130
num_leaves=7
num_cat=0
split_feature=4 14 12 0 6 7
split_gain=3.80447 15.0207 11.5417 6.81193 6.49924 8.62988
threshold=-0.21511331200599668 -0.16477337479591367 2.0969103574752812 -1.468545079231262 0.049591429531574256 0.17542893439531329
decision_type=2 2 2 2 2 2
left_child=1 3 -3 -1 5 -2
right_child=4 2 -4 -5 -6 -7
leaf_value=0 0.0067439046797724026 -0.0083912406239454902 0.0039239240925545297 0.015209963652062206 -0.0011927961511423208 0
leaf_weight=39.440649405121803 307.8176105581224 229.42322228848934 73.272609159350395 34.995651453733444 485.01896332018077 341.25507862865925
leaf_count=117 948 779 212 105 1671 1122
internal_value=0.000421677 -0.00205968 -0.00516578 0.00835494 0.00132021 0.00326726
internal_weight=1511.22 377.132 302.696 74.4363 1134.09 649.073
internal_count=4954 1213 991 222 3741 2070
is_linear=0
shrinkage=0.03


Tree=131
num_leaves=7
num_cat=0
split_feature=8 6 17 6 1 17
split_gain=7.14619 9.99869 7.7369 5.97065 8.56361 7.53044
threshold=-0.27997936308383936 1.0000000180025095e-35 1.1471844315528872 0.32920603454113012 0.02005614805966616 0.51814424991607677
decision_type=2 2 2 2 2 2
left_child=3 2 -2 4 -1 -5
right_child=1 -3 -4 5 -6 -7
leaf_value=0.0027545044192604463 0.0051070790939321542 -0.0071813393684193932 -0.0050081809533742737 -0.00092433548779904766 -0.0029645005365300887 0.012588150649224666
leaf_weight=549.96709779277444 152.41003129631281 240.26739423722029 89.571674805134535 47.233641821891069 377.99686383828521 66.544480562210083
leaf_count=1778 475 835 294 151 1257 210
internal_value=-7.76611e-05 -0.00306085 0.00103731 0.00127847 0.000348236 0.00723054
internal_weight=1523.99 482.249 241.982 1041.74 927.964 113.778
internal_count=5000 1604 769 3396 3035 361
is_linear=0
shrinkage=0.03


Tree=132
num_leaves=5
num_cat=0
split_feature=1 14 5 5
split_gain=5.76955 4.83697 14.3794 10.1174
threshold=-0.62945887446403492 0.079096883535385146 0.20242285728454593 0.14829469472169879
decision_type=2 2 2 2
left_child=-1 2 -2 -3
right_child=1 3 -4 -5
leaf_value=-0.0092439495948918402 -0.0013056687939451937 0.0018129277215980027 0.007516053554608792 -0.0045855392144834644
leaf_weight=38.788717299699783 379.22104240953922 455.92582483775914 258.64260137453675 388.22630415856838
leaf_count=119 1210 1563 770 1366
internal_value=0 0.000335498 0.00229993 -0.00109832
internal_weight=1520.8 1482.02 637.864 844.152
internal_count=5028 4909 1980 2929
is_linear=0
shrinkage=0.03


Tree=133
num_leaves=6
num_cat=0
split_feature=2 7 6 8 16
split_gain=5.06321 5.10104 4.91809 10.1143 5.82806
threshold=0.53326368331909191 0.14495754241943362 0.29586228728294378 -0.044511256739497178 -0.98887225985527027
decision_type=2 2 2 2 2
left_child=2 -2 4 -4 -1
right_child=1 -3 3 -5 -6
leaf_value=0.0088549841827486077 -0.013210604565189894 0 0.009362557173164714 -0.0052578965796578007 -0.00070170650255265441
leaf_weight=39.816166572272778 31.273761972784996 38.397804729640484 116.65149273723364 40.850064232945442 1245.8939126692712
leaf_count=127 120 134 378 141 4116
internal_value=-1.58106e-05 -0.00697083 0.000369632 0.00506736 -0.000228699
internal_weight=1512.88 69.6716 1443.21 157.502 1285.71
internal_count=5016 254 4762 519 4243
is_linear=0
shrinkage=0.03


Tree=134
num_leaves=7
num_cat=0
split_feature=17 14 3 12 9 3
split_gain=7.36541 7.74272 9.61569 9.50939 6.14085 7.30468
threshold=-0.27945218980312342 1.1853714585304262 -0.50869482755661 2.2272020578384404 -0.38438476622104639 -1.1006312966346739
decision_type=2 2 2 2 2 2
left_child=1 2 -1 -3 5 -2
right_child=4 3 -4 -5 -6 -7
leaf_value=0.0054191274960444739 -0.0024039987395625896 0.013892403117060085 -0.0072516880789648373 -0.0024989203773775085 -0.0016948905941008017 0.011951387343573868
leaf_weight=105.9620581753552 38.936238750815392 86.012735433876514 74.224881395697594 29.8574313595891 1159.2432528994977 48.308663066476583
leaf_count=314 129 291 240 105 3832 154
internal_value=0 0.00407362 0 0.00948098 -0.0010454 0.00573175
internal_weight=1542.55 296.057 180.187 115.87 1246.49 87.2449
internal_count=5065 950 554 396 4115 283
is_linear=0
shrinkage=0.03


Tree=135
num_leaves=7
num_cat=0
split_feature=2 7 15 0 2 0
split_gain=4.66974 5.30042 5.77124 5.14334 11.9192 5.53563
threshold=0.28730359673500067 -0.99756935238838185 -1.7504061460494993 -1.9792772531509397 -0.37809583544731135 -2.3132040500640865
decision_type=2 2 2 2 2 2
left_child=3 -2 -3 5 -5 -1
right_child=1 2 -4 4 -6 -7
leaf_value=0.00052189864274643932 0.0036957349347145258 0.0017628500756297313 -0.0093405599360796027 -0.0077153173259033696 0.0026241878626725636 -0.0061125305531135052
leaf_weight=204.35936893895268 34.852388340979815 38.371075619012117 138.82171482592821 92.895059712231159 795.67996988818049 192.52330088242888
leaf_count=703 126 147 490 300 2557 666
internal_value=-0.000639439 -0.00455887 -0.00669692 2.10761e-05 0.00133118 -0.00269131
internal_weight=1497.5 212.045 177.193 1285.46 888.575 396.883
internal_count=4989 763 637 4226 2857 1369
is_linear=0
shrinkage=0.03


Tree=136
num_leaves=7
num_cat=0
split_feature=18 7 18 20 10 14
split_gain=6.07852 10.2928 6.40649 6.26693 9.0609 7.68258
threshold=0.63706022500991832 1.323650658130646 0.77885860204696666 1.0000000180025095e-35 0.79507637023925792 2.4258804321289067
decision_type=2 2 2 2 2 2
left_child=3 2 -2 4 -1 -5
right_child=1 -3 -4 5 -6 -7
leaf_value=0.0029875979764522262 0.0092222683530875493 -0.0098389696645122659 0 0.0057563648433405917 -0.0039089956616515801 -0.0032022433048037942
leaf_weight=197.16223030909896 154.83092813566327 24.090339660644531 120.14777440577745 205.50145414099097 719.25381317175925 113.86214674264193
leaf_count=684 492 87 384 661 2388 398
internal_value=-6.85817e-05 0.00358826 0.00555534 -0.0010444 -0.00232904 0.00238508
internal_weight=1534.85 299.069 274.979 1235.78 916.416 319.364
internal_count=5094 963 876 4131 3072 1059
is_linear=0
shrinkage=0.03


Tree=137
num_leaves=6
num_cat=0
split_feature=5 6 17 17 14
split_gain=5.97331 5.98111 7.3215 7.28448 1.45912
threshold=0.64248353242874157 -0.33798250555992121 1.4234815835952761 1.3335949182510378 0.93569713830947887
decision_type=2 2 2 2 2
left_child=1 3 -3 -1 -2
right_child=4 2 -4 -5 -6
leaf_value=0.0076900868894269094 0.010981267727403068 -0.0030269193107829513 0.0017391254584385729 -0.0029360800987533759 0
leaf_weight=134.58877502381802 31.456637695431709 835.01830560341477 405.99531147629023 69.270339205861092 27.133499067276716
leaf_count=409 95 2790 1381 242 97
internal_value=-0.000118463 -0.000587434 -0.00141728 0.00387161 0.00788956
internal_weight=1503.46 1444.87 1241.01 203.859 58.5901
internal_count=5014 4822 4171 651 192
is_linear=0
shrinkage=0.03


Tree=138
num_leaves=7
num_cat=0
split_feature=1 6 4 3 17 22
split_gain=10.6176 4.70068 4.68059 7.69468 7.52431 2.4227
threshold=0.39140088856220251 0.087579276412725462 -0.14859234541654584 0.77335757017135631 0.09062607586383821 1.0000000180025095e-35
decision_type=2 2 2 2 2 2
left_child=2 -2 3 -1 -4 -3
right_child=1 5 4 -5 -6 -7
leaf_value=0.0038548299685495532 0.0015078556978834646 -0.01238329341265028 0.0037162533645295984 -0.0080578626237206921 -0.0024799031470493023 0
leaf_weight=532.44605847448111 24.250848334282637 78.289168018847704 224.84534940123558 32.010332189500332 587.59953194484115 27.381818532943726
leaf_count=1720 84 278 732 122 2002 104
internal_value=-2.12895e-05 -0.00764477 0.00075425 0.00282398 -0.000644944 -0.0101284
internal_weight=1506.82 129.922 1376.9 564.456 812.445 105.671
internal_count=5042 466 4576 1842 2734 382
is_linear=0
shrinkage=0.03


Tree=139
num_leaves=7
num_cat=0
split_feature=9 15 16 5 15 10
split_gain=5.69551 10.8081 11.8158 5.4314 5.03417 4.75371
threshold=0.1732456907629967 -1.402009069919586 0.5190769135951997 -0.13417944312095639 -2.0100734233856197 1.0627295374870303
decision_type=2 2 2 2 2 2
left_child=4 3 -3 -2 -1 -6
right_child=1 2 -4 -5 5 -7
leaf_value=-0.0043616574348197198 0 -0.0054703292204203117 0.0067135177426599262 -0.014565991005256705 -0.001164935859719814 0.0029149260948006348
leaf_weight=138.65541819483042 29.363132327795029 142.69288159534335 107.92415998131037 72.836336582899094 381.83747158572078 637.98178677633405
leaf_count=513 102 471 331 269 1302 2038
internal_value=-0.000443108 -0.00369184 0 -0.0110084 0.000541253 0.00133663
internal_weight=1511.29 352.817 250.617 102.199 1158.47 1019.82
internal_count=5026 1173 802 371 3853 3340
is_linear=0
shrinkage=0.03


Tree=140
num_leaves=6
num_cat=0
split_feature=8 13 15 18 7
split_gain=4.18709 5.00026 4.28221 3.64571 1.46325
threshold=0.55944660305976879 1.2501842975616457 -1.5250103473663328 0.5264360010623933 -0.21491118520498273
decision_type=2 2 2 2 2
left_child=1 2 -1 4 -2
right_child=3 -3 -4 -5 -6
leaf_value=-0.0013186246259642711 -0.011289077228595335 -0.0078260591158707312 0.0022786810634692839 0.0017428449504427585 -7.1321251459296857e-05
leaf_weight=385.10736011713743 38.244571425020695 36.093976184725761 985.16475980356336 27.467526391148567 26.858058787882328
leaf_count=1322 129 147 3188 96 107
internal_value=0.000368106 0.000839385 0.0012201 -0.00513583 -0.00847059
internal_weight=1498.94 1406.37 1370.27 92.5702 65.1026
internal_count=4989 4657 4510 332 236
is_linear=0
shrinkage=0.03


Tree=141
num_leaves=7
num_cat=0
split_feature=8 9 7 5 13 7
split_gain=5.22662 5.25497 8.55019 7.29606 4.94966 0.358524
threshold=-1.6511019468307493 -0.0039431259501725427 0.23359747976064685 0.046689733862876899 0.83005958795547496 0.78733357787132274
decision_type=2 2 2 2 2 2
left_child=4 2 -2 -3 5 -1
right_child=1 3 -4 -5 -6 -7
leaf_value=0.0024979714376138153 0.0049442569490185124 0.0012253928803462625 -0.0010036614265824296 -0.005097702059771423 -0.00085789573008829506 0.014395714481600723
leaf_weight=28.814222559332848 374.51301201991737 297.16779129579663 444.67109535261989 304.03732787072659 31.441764637827873 27.018847577273846
leaf_count=92 1212 995 1500 1041 115 75
internal_value=0.000638678 0.000111783 0.00169713 -0.00193687 0.00703497 0.011325
internal_weight=1507.66 1420.39 819.184 601.205 87.2748 55.8331
internal_count=5030 4748 2712 2036 282 167
is_linear=0
shrinkage=0.03


Tree=142
num_leaves=7
num_cat=0
split_feature=0 17 12 17 18 19
split_gain=6.46572 10.9825 10.6625 12.5666 10.2795 7.05527
threshold=-1.468545079231262 1.7040384411811831 2.1169124841690068 0.5646038055419923 -0.17650438100099561 0.85105118155479442
decision_type=2 2 2 2 2 2
left_child=2 5 3 -1 -4 -2
right_child=1 -3 4 -5 -6 -7
leaf_value=0.0014138476883293035 0.0066299172435323331 0.0093333696477425378 0.011434482079509537 -0.0067594382743210351 -0.00070148859943923577 -0.0015297176933078312
leaf_weight=270.49933050945401 103.30180926248431 145.21894716843963 80.256754519417882 370.79504454508424 140.63167951256037 391.1250698659569
leaf_count=885 326 450 242 1361 468 1282
internal_value=0.000350562 0.00262357 -0.001289 -0.0032827 0.00404213 0.000249939
internal_weight=1501.83 639.646 862.183 641.294 220.888 494.427
internal_count=5014 2058 2956 2246 710 1608
is_linear=0
shrinkage=0.03


Tree=143
num_leaves=7
num_cat=0
split_feature=10 14 16 14 17 13
split_gain=5.44061 7.80606 6.01059 6.88975 4.84623 3.6469
threshold=0.6021346151828767 -0.20765239000320432 -0.46134777367115015 0.039911508560180671 0.35033918917179113 0.22846306115388873
decision_type=2 2 2 2 2 2
left_child=1 -1 4 -4 -2 -3
right_child=2 5 3 -5 -6 -7
leaf_value=-0.0012584524745449617 0.00045956769274972783 0 0.0022960137463149677 -0.002201725942844136 -0.012099042547125568 0.014383433546853607
leaf_weight=84.322381790727377 27.683217886835337 27.60442877560854 473.97353889793158 770.72380271553993 55.560425352305174 46.345748946070671
leaf_count=286 97 89 1473 2730 196 141
internal_value=-0.000384953 0.00448336 -0.00106762 -0.000432346 -0.00806147 0.0105433
internal_weight=1486.21 158.273 1327.94 1244.7 83.2436 73.9502
internal_count=5012 516 4496 4203 293 230
is_linear=0
shrinkage=0.03


Tree=144
num_leaves=7
num_cat=0
split_feature=1 18 6 0 16 13
split_gain=5.37062 3.51245 8.21044 7.00459 3.39497 2.41934
threshold=0.42960275709629064 -1.5700101256370542 0.014725918415933849 -1.9792772531509397 0.6555471420288087 0.16531787067651751
decision_type=2 2 2 2 2 2
left_child=1 2 -1 -3 5 -2
right_child=4 3 -4 -5 -6 -7
leaf_value=0.0020781628026338519 0 -0.0018159650930946697 -0.0096475467666701353 0.0029856940310473883 0.00016814979892422992 -0.012148500730047914
leaf_weight=104.7663001306355 22.866732370108366 371.68982595577836 70.457178670912981 825.64066620729864 39.324052311480045 42.505551513284445
leaf_count=341 95 1310 261 2712 128 159
internal_value=0.000250078 0.000818729 -0.00283473 0.00144047 -0.00565931 -0.00908574
internal_weight=1477.25 1372.55 175.223 1197.33 104.696 65.3723
internal_count=5006 4624 602 4022 382 254
is_linear=0
shrinkage=0.03


Tree=145
num_leaves=7
num_cat=0
split_feature=0 17 3 5 11 0
split_gain=6.14555 10.4872 7.91648 7.04706 6.72266 7.38859
threshold=-1.531782269477844 1.5196024775505068 -1.8023947477340696 0.47604042291641241 0.068167310208082213 -1.811281085014343
decision_type=2 2 2 2 2 2
left_child=4 3 -3 -2 -1 -6
right_child=1 2 -4 -5 5 -7
leaf_value=-0.003587826836372608 -0.0012407947592896142 -0.002665827225152025 0.011004175652174538 0.0087888608792589373 0.0044462674501590735 -0.0048969753712384363
leaf_weight=474.05256745219231 440.62738783098757 32.118959188461304 149.51755479723215 52.929366003721952 247.98117794468999 83.055854391306639
leaf_count=1746 1439 104 473 166 807 260
internal_value=0.000393367 0.00249698 0.00826468 1.83466e-05 -0.00131588 0.00178572
internal_weight=1480.28 675.193 181.637 493.557 805.09 331.037
internal_count=4995 2182 577 1605 2813 1067
is_linear=0
shrinkage=0.03


Tree=146
num_leaves=7
num_cat=0
split_feature=1 15 7 3 14 0
split_gain=5.10238 5.82111 13.2281 6.82735 4.76072 5.70387
threshold=-0.18499384075403211 -0.53037679195404042 -0.56598961353301991 0.044350894168019302 3.0895390510559086 0.14348567277193072
decision_type=2 2 2 2 2 2
left_child=1 3 -3 -1 5 -2
right_child=4 2 -4 -5 -6 -7
leaf_value=0.0080484489438029175 -0.0019715363673837062 0.010063523115640915 -0.0085364255137253264 -0.0016099934968523528 0.0052501032283272034 0.0088085678405751267
leaf_weight=203.03289891034365 981.34129565954208 31.446230571717024 79.692445952445269 71.890556871891022 81.874374713748693 24.946163237094879
leaf_count=672 3357 99 278 245 300 64
internal_value=0.000180977 0.0030878 -0.00208395 0.00538148 -0.000833288 -0.00147938
internal_weight=1474.22 386.062 111.139 274.923 1088.16 1006.29
internal_count=5015 1294 377 917 3721 3421
is_linear=0
shrinkage=0.03


Tree=147
num_leaves=7
num_cat=0
split_feature=14 13 14 11 0 0
split_gain=3.56924 9.82583 10.9321 6.96799 6.71047 6.44066
threshold=0.09065596386790277 0.27760794758796697 -0.098194401711225496 -0.8496820032596587 -1.0312013030052183 -0.40687727928161616
decision_type=2 2 2 2 2 2
left_child=1 3 -3 -1 -2 -6
right_child=4 2 -4 -5 5 -7
leaf_value=0.0067861885835869837 0 0.0009698407108556219 0.0122035820154325 -0.0047118898145828755 -0.010187524677616005 0.0017458942047297974
leaf_weight=36.461271271109581 688.09088036604226 267.79455347917974 101.49176644533873 231.18823041766882 107.97607904300094 40.759275078773499
leaf_count=119 2495 873 303 740 377 118
internal_value=-6.75572e-05 0.0015547 0.00467972 -0.00257402 -0.0013798 -0.00674239
internal_weight=1473.76 636.936 369.286 267.65 836.826 148.735
internal_count=5025 2035 1176 859 2990 495
is_linear=0
shrinkage=0.03


Tree=148
num_leaves=7
num_cat=0
split_feature=2 12 10 21 2 17
split_gain=7.98872 6.19303 7.5329 5.45996 4.01982 9.64185
threshold=-0.022872863337397572 0.52198636531829845 0.70681148767471325 1.0000000180025095e-35 -0.38484987616538996 1.2340101003646853
decision_type=2 2 2 2 2 2
left_child=4 2 -2 -3 5 -1
right_child=1 3 -4 -5 -6 -7
leaf_value=0.0032758765015287795 0.0024650217111279208 0.0011344669060310128 -0.0088139523731974381 -0.0066787137182221182 0.0030168629345827635 -0.010892735680448084
leaf_weight=87.39607472717762 51.573899425566196 396.85444312542677 189.39678312465549 78.872304122895002 605.23251496441662 50.011099763214588
leaf_count=274 174 1271 757 336 1999 194
internal_value=-0.000176545 -0.00243874 -0.00616614 -0.000257061 0.00193465 -0.00222859
internal_weight=1459.34 716.697 240.971 475.727 742.64 137.407
internal_count=5005 2538 931 1607 2467 468
is_linear=0
shrinkage=0.03


Tree=149
num_leaves=5
num_cat=0
split_feature=0 15 8 14
split_gain=4.39299 4.59729 5.33333 4.73404
threshold=0.085016787052154555 -1.8027292490005491 0.62387725710868847 -0.20283215492963788
decision_type=2 2 2 2
left_child=1 3 -3 -1
right_child=-2 2 -4 -5
leaf_value=0.0016887452365517838 0.0088772609502555735 0.0012685286146590349 -0.0064223959886683538 -0.0062727479968475519
leaf_weight=77.153308313339949 30.898737996816635 1118.6695885676891 65.905105538666248 171.89783656597137
leaf_count=246 84 3724 246 707
internal_value=0.000205386 -5.98099e-05 0.000691297 -0.00364116
internal_weight=1464.52 1433.63 1184.57 249.051
internal_count=5007 4923 3970 953
is_linear=0
shrinkage=0.03


Tree=150
num_leaves=7
num_cat=0
split_feature=9 5 16 13 17 0
split_gain=4.83292 6.94473 8.54745 8.43957 5.90633 5.28457
threshold=-0.020164197310805317 -0.12429945170879363 0.91317537426948558 0.19589654356241229 2.2439697980880742 -1.6062021255493162
decision_type=2 2 2 2 2 2
left_child=4 3 -3 -2 -1 -6
right_child=1 2 -4 -5 5 -7
leaf_value=0.00068572726292757036 -0.0035617459708154869 -0.0054674374731607201 0.0064374234007557951 0.0071928315033494717 0 0.014807908880240583
leaf_weight=733.3497845120728 95.942592862993479 380.15667098760605 41.257343702018261 123.77824140712619 47.199681207537651 35.867069683969021
leaf_count=2476 325 1339 149 409 182 112
internal_value=0.00019165 -0.00168238 -0.00392713 0.00234112 0.0017401 0.00852708
internal_weight=1457.55 641.135 421.414 219.721 816.417 83.0668
internal_count=4992 2222 1488 734 2770 294
is_linear=0
shrinkage=0.03


Tree=151
num_leaves=7
num_cat=0
split_feature=3 12 13 2 11 20
split_gain=7.80423 15.0895 11.4799 8.59789 11.0227 7.20778
threshold=-1.3724902272224424 1.1123032569885256 -0.21948382258415219 0.15247919410467151 -0.44422957301139826 1.0000000180025095e-35
decision_type=2 2 2 2 2 2
left_child=1 2 -1 4 -2 -5
right_child=3 -3 -4 5 -6 -7
leaf_value=0.00252224812933489 -0.0020988532996031603 0.00014036207165630147 -0.015897072705148181 -0.0056487722841334189 0.0053014053799533417 0.0044481076049593645
leaf_weight=27.500428184866905 249.62963691726327 274.89570548385382 96.861729584634304 225.32721450924873 502.75119822844863 62.731192886829376
leaf_count=98 918 942 346 850 1590 214
internal_value=-0.000266464 -0.00376036 -0.0116232 0.00106334 0.00277765 -0.00310915
internal_weight=1439.7 399.258 124.362 1040.44 752.381 288.058
internal_count=4958 1386 444 3572 2508 1064
is_linear=0
shrinkage=0.03


Tree=152
num_leaves=6
num_cat=0
split_feature=17 17 7 1 8
split_gain=4.15108 6.69045 10.368 5.35311 2.78219
threshold=2.5832015275955205 1.9213175773620608 0.42867271602153784 -0.18499384075403211 -0.83544346690177906
decision_type=2 2 2 2 2
left_child=1 3 -3 -1 -2
right_child=4 2 -4 -5 -6
leaf_value=0.0029085383687925174 0 0.010378293939265537 -0.0019373640358808434 -0.001544467842782146 -0.0096183841000336227
leaf_weight=312.73512409627438 28.196602590382099 122.50464178994298 86.56781455501914 857.46185857057571 42.544303797185421
leaf_count=1056 98 429 317 2965 148
internal_value=0.000149194 0.000589633 0.00529306 -0.000275113 -0.00601426
internal_weight=1450.01 1379.27 209.072 1170.2 70.7409
internal_count=5013 4767 746 4021 246
is_linear=0
shrinkage=0.03


Tree=153
num_leaves=7
num_cat=0
split_feature=10 3 16 16 10 11
split_gain=6.33634 8.63223 7.38955 6.81405 12.0733 6.78239
threshold=0.6763039529323579 -1.2524830698966978 0.75143441557884227 0.94877552986145031 1.4771804213523867 0.35739332437515264
decision_type=2 2 2 2 2 2
left_child=1 -1 -3 5 -5 -2
right_child=3 2 -4 4 -6 -7
leaf_value=-0.0052090530928514357 -0.003636168910402682 0.010615445924730618 -0.0024839919173346571 -0.0045735442129467207 0.014160359888874209 0.0011501485372858828
leaf_weight=46.868602782487869 832.42955526337028 119.33538516610861 35.459669232368469 38.383284509181976 45.244834460318089 352.43695705756545
leaf_count=179 2946 396 117 152 151 1130
internal_value=-0.00068538 0.00393851 0.00733056 -0.00151677 0.00575975 -0.00216723
internal_weight=1470.16 201.664 154.795 1268.49 83.6281 1184.87
internal_count=5071 692 513 4379 303 4076
is_linear=0
shrinkage=0.03


Tree=154
num_leaves=7
num_cat=0
split_feature=1 16 17 4 15 15
split_gain=3.66016 4.93788 5.48146 4.46829 4.02186 6.04428
threshold=0.2196174040436745 -0.12623774260282514 0.25042557716369634 -0.15333838760852811 -1.5992328524589536 -0.66031512618064869
decision_type=2 2 2 2 2 2
left_child=1 2 -1 -3 -2 -6
right_child=4 3 -4 -5 5 -7
leaf_value=0.0037940081831668942 0.002758821088188135 0.0040377523989641364 -0.0069203665442675753 0 -0.0086835805207273794 0.0003685238709562515
leaf_weight=40.500692747533321 65.823420155793428 435.02525945007801 111.78307229280472 584.64644502848387 119.94892923533916 100.60944256931543
leaf_count=133 250 1461 376 2003 429 361
internal_value=0.000218366 0.00100411 -0.00361292 0.00180759 -0.00265694 -0.00461763
internal_weight=1458.34 1171.96 152.284 1019.67 286.382 220.558
internal_count=5013 3973 509 3464 1040 790
is_linear=0
shrinkage=0.03


Tree=155
num_leaves=5
num_cat=0
split_feature=14 14 13 12
split_gain=6.34049 6.39341 4.12501 1.2948
threshold=-0.95692864060401905 -0.62618532776832569 -0.25007510930299753 0.69970670342445385
decision_type=2 2 2 2
left_child=-1 3 -3 -2
right_child=1 2 -4 -5
leaf_value=0.011165181978326231 -0.010278124433396568 0.0034160673066117864 -0.00070753397190665248 0
leaf_weight=23.73295946419239 47.879542723298073 251.29619800671935 1082.9188652355224 26.335448227822781
leaf_count=77 181 895 3733 86
internal_value=-3.95962e-05 -0.000424093 6.38108e-05 -0.00798387
internal_weight=1432.16 1408.43 1334.22 74.215
internal_count=4972 4895 4628 267
is_linear=0
shrinkage=0.03


Tree=156
num_leaves=4
num_cat=0
split_feature=14 14 4
split_gain=5.01075 4.5241 4.39841
threshold=-0.95692864060401905 -0.78647398948669422 -0.13646952807903287
decision_type=2 2 2
left_child=-1 -2 -3
right_child=1 2 -4
leaf_value=0.0096403842369799566 -0.0082288069385150139 0.0020391522085518106 -0.001347852326338504
leaf_weight=27.072596713900566 42.12240606546402 566.77240218222141 815.99349481239915
leaf_count=86 152 1933 2853
internal_value=0 -0.00030554 6.93092e-06
internal_weight=1451.96 1424.89 1382.77
internal_count=5024 4938 4786
is_linear=0
shrinkage=0.03


Tree=157
num_leaves=7
num_cat=0
split_feature=13 1 17 18 7 13
split_gain=5.06254 4.53664 5.35906 4.51327 3.73743 1.76142
threshold=1.1023531556129458 0.2196174040436745 2.5832015275955205 0.26387509703636175 -0.21491118520498273 1.1775938868522646
decision_type=2 2 2 2 2 2
left_child=1 2 -1 -3 -2 -6
right_child=4 3 -4 -5 5 -7
leaf_value=0.0020143264756970211 0.001823390478867951 0.00036426554111103224 -0.0064353644880084555 -0.0067427501891093042 -1.2627353704414547e-05 -0.012013417272242628
leaf_weight=1035.2146295905113 20.794516310095787 156.87524570524693 50.044414147734642 116.01130516454577 26.104489758610725 42.005734212696552
leaf_count=3499 85 574 170 418 106 174
internal_value=2.11486e-05 0.000553007 0.001461 -0.00270637 -0.00616225 -0.00914176
internal_weight=1447.05 1358.15 1085.26 272.887 88.9047 68.1102
internal_count=5026 4661 3669 992 365 280
is_linear=0
shrinkage=0.03


Tree=158
num_leaves=7
num_cat=0
split_feature=10 11 11 10 16 16
split_gain=4.19375 5.66191 4.4941 4.3066 6.32329 6.00387
threshold=0.59429049491882335 0.29150527715682989 -0.61694413423538197 1.0462836027145388 0.94243621826171886 0.91662743687629711
decision_type=2 2 2 2 2 2
left_child=1 2 -1 5 -5 -2
right_child=3 -3 -4 4 -6 -7
leaf_value=-0.00075134981663047809 -0.0013639217140772578 -0.0039606277554218106 0.010701408880741408 -0.00028552345431952231 0.0081028080723475077 -0.012694913221941348
leaf_weight=27.422558207064867 277.32982654869556 30.839414980262518 82.050951384007931 912.82538032531738 67.775729723274708 35.732410863041878
leaf_count=92 1033 102 280 3114 245 134
internal_value=0 0.00458542 0.00769623 -0.000554302 0.000384655 -0.00352202
internal_weight=1433.98 140.313 109.474 1293.66 980.601 313.062
internal_count=5000 474 372 4526 3359 1167
is_linear=0
shrinkage=0.03


Tree=159
num_leaves=7
num_cat=0
split_feature=14 8 14 6 12 16
split_gain=3.97008 6.37427 4.89045 9.09274 4.02619 1.91671
threshold=3.0662378072738652 -0.095663264393806444 2.324346780776978 -0.027953468263149258 0.28847140073776251 0.75143441557884227
decision_type=2 2 2 2 2 2
left_child=2 5 4 -4 -1 -2
right_child=1 -3 3 -5 -6 -7
leaf_value=-0.0019977794835756282 0.011009037514839842 -0.0052332394060000641 0.00097262853754750869 -0.010119537489507524 0.0017023115927911887 0.0001357459210356313
leaf_weight=374.4886098280549 60.25234317779541 21.231472220271826 121.04660084843636 101.5495685711503 752.85827904380858 32.680796962231398
leaf_count=1349 207 90 428 406 2453 134
internal_value=7.38376e-05 0.00503022 -0.000368844 -0.00425744 0.0004075 0.00841783
internal_weight=1464.11 114.165 1349.94 222.596 1127.35 92.9331
internal_count=5067 431 4636 834 3802 341
is_linear=0
shrinkage=0.03


Tree=160
num_leaves=7
num_cat=0
split_feature=19 18 8 7 7 7
split_gain=4.854 8.55479 12.6563 8.13001 6.8715 10.0802
threshold=1.2771674990653994 -0.2228351682424545 -0.71493366360664357 -0.28263476490974421 1.3577067255973818 0.88345846533775341
decision_type=2 2 2 2 2 2
left_child=4 2 -2 -3 5 -1
right_child=1 3 -4 -5 -6 -7
leaf_value=0.00056813249050550671 0.010265396289021206 0.0017716087886444475 -0.0052826365783119993 -0.0096118297351712161 -0.0065118717277453985 0.0086633771599360504
leaf_weight=847.86011339351535 73.90488263964653 63.083464063704014 71.684440393000841 157.16423244029284 71.173736993223429 151.45867708697915
leaf_count=2891 265 213 240 627 247 512
internal_value=0.00021198 -0.00263335 0.00253419 -0.00622558 0.00126985 0.00199984
internal_weight=1436.33 365.837 145.589 220.248 1070.49 999.319
internal_count=4995 1345 505 840 3650 3403
is_linear=0
shrinkage=0.03


Tree=161
num_leaves=5
num_cat=0
split_feature=10 5 1 16
split_gain=4.94057 5.36159 4.37644 2.69929
threshold=0.23241771757602694 0.60912626981735241 0.19260042160749438 0.59808850288391124
decision_type=2 2 2 2
left_child=-1 2 -2 -3
right_child=1 3 -4 -5
leaf_value=0.0089597006817181656 -5.9934849406724572e-06 0 -0.004115851260964423 0.010043376215531257
leaf_weight=31.244302097707987 1042.8473783433437 24.292737670242786 291.95897916704416 42.139209434390068
leaf_count=108 3565 91 1106 138
internal_value=-0.0001344 -0.000502623 -0.000996708 0.0066642
internal_weight=1432.48 1401.24 1334.81 66.4319
internal_count=5008 4900 4671 229
is_linear=0
shrinkage=0.03


Tree=162
num_leaves=7
num_cat=0
split_feature=2 6 7 14 19 3
split_gain=5.65892 5.55161 6.55403 5.54142 8.88066 8.12398
threshold=0.28730359673500067 0.25154036283493048 -0.26153929531574244 0.039911508560180671 0.78096646070480358 -1.0797774195671079
decision_type=2 2 2 2 2 2
left_child=3 2 -2 4 -1 -5
right_child=1 -3 -4 5 -6 -7
leaf_value=-0.0031498659364128019 0.0013137744178416224 0 -0.014232000917225604 -0.0044399351211193818 0.0055755010179148381 0.0018347550416289188
leaf_weight=116.16258064284921 22.417160399258137 121.48122549802065 51.660466086119413 278.20681080967188 397.38825901597738 462.01336371898651
leaf_count=389 86 452 208 1035 1260 1610
internal_value=0.000303809 -0.00413908 -0.00961063 0.00109801 0.00344532 -0.000499385
internal_weight=1449.33 195.559 74.0776 1253.77 513.551 740.22
internal_count=5040 746 294 4294 1649 2645
is_linear=0
shrinkage=0.03


Tree=163
num_leaves=7
num_cat=0
split_feature=4 1 7 5 6 4
split_gain=3.82011 8.04457 6.75118 6.15255 6.00973 5.29185
threshold=-0.15333838760852811 -0.070229697972536073 0.44301958382129675 -0.12429945170879363 0.20963804423809054 -0.23721358925104138
decision_type=2 2 2 2 2 2
left_child=1 5 -3 4 -2 -1
right_child=3 2 -4 -5 -6 -7
leaf_value=0.0015290173615290859 0.0051945087924879204 -0.0051884698389007269 0.0033339438659232348 -0.0025829063097476688 -0.0037393826870715575 0.010633926502669172
leaf_weight=156.27763706818223 207.36533571407199 153.47220422327518 136.15668250620365 612.54381954111159 72.104239232838154 104.89912321045995
leaf_count=516 679 553 466 2192 275 352
internal_value=0.000287868 0.0022394 -0.00103168 -0.00087407 0.00259338 0.00589558
internal_weight=1442.82 550.806 289.629 892.013 279.47 261.177
internal_count=5033 1887 1019 3146 954 868
is_linear=0
shrinkage=0.03


Tree=164
num_leaves=6
num_cat=0
split_feature=16 19 7 7 16
split_gain=5.8105 6.53921 4.60429 7.41144 4.90663
threshold=-0.49337643384933466 0.3507187962532044 -1.6159823536872862 -1.2248162627220152 0.65221571922302257
decision_type=2 2 2 2 2
left_child=1 -1 4 -4 -2
right_child=2 -3 3 -5 -6
leaf_value=0.0013013119119884267 -0.011874769890708431 -0.012071932909427095 0.0097957994085588144 4.5081736335138863e-05 0.0018027450613846262
leaf_weight=39.045421216636896 36.130601100623608 56.236725859344006 55.325683809816837 1226.4948576465249 21.6084238961339
leaf_count=140 127 197 168 4327 77
internal_value=-0.000316837 -0.00679627 0.000193107 0.000656058 -0.00683735
internal_weight=1434.84 95.2821 1339.56 1281.82 57.739
internal_count=5036 337 4699 4495 204
is_linear=0
shrinkage=0.03


Tree=165
num_leaves=6
num_cat=0
split_feature=15 18 0 7 15
split_gain=5.23551 6.0579 4.76855 5.16223 3.15183
threshold=-2.1385295391082759 -0.38526740670204157 0.085016787052154555 0.24519682675600055 -2.3490602970123287
decision_type=2 2 2 2 2
left_child=1 -1 3 -2 -3
right_child=2 4 -4 -5 -6
leaf_value=0.0031287708764462302 0.0019159735568820067 0 0.0095125398206031032 -0.0018268605642572755 -0.012196028707891335
leaf_weight=30.383873149752617 632.41119479387999 24.071668453514576 29.395036555826664 654.48473360389471 63.170917112380266
leaf_count=110 2160 89 79 2336 252
internal_value=-0.000169103 -0.00576595 0.000364954 0 -0.00942897
internal_weight=1433.92 117.626 1316.29 1286.9 87.2426
internal_count=5026 451 4575 4496 341
is_linear=0
shrinkage=0.03


Tree=166
num_leaves=5
num_cat=0
split_feature=13 10 10 7
split_gain=6.11764 3.35015 4.82599 2.24313
threshold=1.1655221581459048 0.23241771757602694 0.98449912667274486 -0.071871489286422716
decision_type=2 2 2 2
left_child=1 -1 -3 -2
right_child=3 2 -4 -5
leaf_value=0.0082739079839455922 0 -0.0025740273150214352 0.0014167150335999605 -0.011137768373481413
leaf_weight=30.340648308396339 21.191028006374836 352.06506764888763 971.23399927839637 36.470930159091949
leaf_count=109 85 1306 3327 170
internal_value=0.000126324 0.000628334 0.000287792 -0.00801289
internal_weight=1411.3 1353.64 1323.3 57.662
internal_count=4997 4742 4633 255
is_linear=0
shrinkage=0.03


Tree=167
num_leaves=5
num_cat=0
split_feature=14 14 4 8
split_gain=4.33682 6.67389 8.4649 4.75956
threshold=-0.95692864060401905 -0.37172302603721613 -0.21256878972053525 -1.6677941083908079
decision_type=2 2 2 2
left_child=-1 2 -2 -3
right_child=1 3 -4 -5
leaf_value=0.0087313815157432102 0.004540583456955548 0.0067349051118994266 -0.0092731123553893569 -0.00032260651162275422
leaf_weight=25.844544690102339 33.997600495815277 72.264667749404907 131.22830780223012 1168.5294775813818
leaf_count=87 101 240 470 4119
internal_value=-0.000274767 -0.000602523 -0.00592345 0.000141154
internal_weight=1431.86 1406.02 165.226 1240.79
internal_count=5017 4930 571 4359
is_linear=0
shrinkage=0.03


Tree=168
num_leaves=7
num_cat=0
split_feature=2 17 2 12 17 0
split_gain=3.75628 11.8857 7.48909 6.47277 4.62947 3.23981
threshold=-0.37016989290714258 1.2340101003646853 -0.29333133995532984 1.7830687761306765 1.7040384411811831 -1.9949212074279783
decision_type=2 2 2 2 2 2
left_child=1 3 5 -1 -4 -2
right_child=2 -3 4 -5 -6 -7
leaf_value=-0.0030105181786916966 0 -0.013945094718362383 -0.0015337312396648244 0.010604861507360825 0.002655199566524406 0.01147147684273578
leaf_weight=67.790989868342876 25.014677479863167 51.663011707365513 901.47941476106644 27.099520213901997 294.76470177620649 51.987760722637177
leaf_count=232 87 214 3159 81 1069 166
internal_value=-0.000336263 -0.00458807 0.000170121 0.00152482 -0.000425522 0.00822193
internal_weight=1419.8 146.554 1273.25 94.8905 1196.24 77.0024
internal_count=5008 527 4481 313 4228 253
is_linear=0
shrinkage=0.03


Tree=169
num_leaves=7
num_cat=0
split_feature=9 4 12 17 4 8
split_gain=4.70506 6.4542 8.92295 6.27069 4.73136 5.28784
threshold=0.16829051077365878 -0.02977681532502174 0.038793906569480903 2.0407577753067021 -0.01217507431283593 -0.66166606545448292
decision_type=2 2 2 2 2 2
left_child=1 3 -3 -1 -2 -6
right_child=4 2 -4 -5 5 -7
leaf_value=-0.001992674449979092 0.0019605272434560519 -0.0031866498407683826 0.0073094746255282931 0.0051940321429095578 0.00027004188430590183 -0.0080886938353388112
leaf_weight=678.20273389294744 84.687863580882549 82.740284733474255 215.15958839654922 107.14528592303395 82.262838803231716 174.60781609080732
leaf_count=2394 293 316 697 424 285 624
internal_value=-0.000388054 0.000544394 0.00418841 -0.000833049 -0.00337778 -0.00536896
internal_weight=1424.81 1083.25 297.9 785.348 341.559 256.871
internal_count=5033 3831 1013 2818 1202 909
is_linear=0
shrinkage=0.03


Tree=170
num_leaves=7
num_cat=0
split_feature=19 0 4 7 4 6
split_gain=5.30871 8.15317 8.68471 7.97828 5.79397 5.27881
threshold=1.2861863374710085 -0.84151655435562123 0.12933342158794406 1.342689633369446 0.33038929104804998 0.012607214506715538
decision_type=2 2 2 2 2 2
left_child=3 2 -2 4 -1 -5
right_child=1 -3 -4 5 -6 -7
leaf_value=0.00096299817405156424 -0.0011327511490015912 0.0062151597181462695 -0.012548186065885127 -0.012322840182363232 0.0065919934026064291 0.00057638210332747989
leaf_weight=780.25940792635083 225.60787011310458 53.906031109392643 72.48714548535645 39.238108299672604 206.14675512164831 36.130253799259663
leaf_count=2720 881 176 259 144 703 124
internal_value=0.000407565 -0.00263284 -0.00471167 0.00150103 0.00230663 -0.00668596
internal_weight=1413.78 352.001 298.095 1061.77 986.406 75.3684
internal_count=5007 1316 1140 3691 3423 268
is_linear=0
shrinkage=0.03


Tree=171
num_leaves=6
num_cat=0
split_feature=9 18 14 14 18
split_gain=6.13557 9.76251 5.41255 7.69102 6.52563
threshold=0.57580450177192699 -0.16572707146406171 3.0895390510559086 0.039911508560180671 -0.11806494370102881
decision_type=2 2 2 2 2
left_child=2 -2 3 -1 -4
right_child=1 -3 4 -5 -6
leaf_value=0.0024672462755253761 0.0037256218226942692 -0.015724065646432063 0.01282715087868381 -0.0021581485981793202 -0.0005899183481977517
leaf_weight=557.32171650230885 22.653665997087955 34.425966657698154 46.695910714566708 713.21528951451182 45.173031236976385
leaf_count=1838 79 126 163 2614 190
internal_value=0 -0.0082627 0.00043336 -7.59317e-05 0.00676749
internal_weight=1419.49 57.0796 1362.41 1270.54 91.8689
internal_count=5010 205 4805 4452 353
is_linear=0
shrinkage=0.03


Tree=172
num_leaves=6
num_cat=0
split_feature=11 7 3 3 10
split_gain=4.99718 5.8614 4.41392 5.82637 4.92642
threshold=-1.1083661913871763 -0.14049601554870603 0.4136700332164765 -1.293783903121948 0.73930644989013683
decision_type=2 2 2 2 2
left_child=1 -1 3 -2 -4
right_child=2 -3 4 -5 -6
leaf_value=0.00020168259339213039 -0.0022607513697826286 -0.01307066975671479 0.0041897146286522134 0.0020035645410827561 -0.0074804719395284739
leaf_weight=41.229424588382244 425.3396275434643 40.789766982197762 21.600535802543163 776.21745133027434 113.49847543239594
leaf_count=157 1513 153 78 2676 449
internal_value=-0.000665946 -0.0070792 -0.000129632 0.000432621 -0.00492806
internal_weight=1418.68 82.0192 1336.66 1201.56 135.099
internal_count=5026 310 4716 4189 527
is_linear=0
shrinkage=0.03


Tree=173
num_leaves=7
num_cat=0
split_feature=14 4 19 8 8 3
split_gain=5.12795 7.6024 6.2557 7.36071 6.00465 5.37877
threshold=-0.29248613119125361 -0.17907220870256421 0.89957657456398021 -0.13333319872617719 -0.65144196152687062 0.032555867917835719
decision_type=2 2 2 2 2 2
left_child=1 4 3 -2 -1 -4
right_child=2 -3 5 -5 -6 -7
leaf_value=0.010772000857680923 0.0084198423917906662 -0.0058855852454825653 0.0011768230990575317 -0.00067359660210262182 -0.0036139913016255635 -0.0046516660487181593
leaf_weight=36.442065838724375 182.21851450204849 206.46970796212554 706.03230501711369 109.22270685434341 26.321576945483685 157.25327619723976
leaf_count=117 597 737 2498 392 83 612
internal_value=0.000438498 -0.00308512 0.00134967 0.00499486 0.0045985 0
internal_weight=1423.96 269.233 1154.73 291.441 62.7636 863.286
internal_count=5036 937 4099 989 200 3110
is_linear=0
shrinkage=0.03


Tree=174
num_leaves=7
num_cat=0
split_feature=1 16 16 8 16 10
split_gain=3.86316 5.43431 5.08775 5.44145 4.94227 4.91054
threshold=-0.23176448792219159 0.94243621826171886 0.6624622941017152 -0.17778243869543073 0.99605467915534984 1.4771804213523867
decision_type=2 2 2 2 2 2
left_child=2 -2 3 -1 -3 -4
right_child=1 4 5 -5 -6 -7
leaf_value=0.0083186926990728022 -0.0017551425833251461 0.01209926989250429 -0.0068845939861351098 -0.00099481013128557404 -0.0004308028027132085 0.0041019328738751094
leaf_weight=138.22170962020755 1041.3532832060009 31.111037790775299 64.21733358502388 65.354594342410564 41.747262187302113 40.536524068564177
leaf_count=468 3704 115 239 222 153 151
internal_value=-0.000257338 -0.00112062 0.00255779 0.00523887 0.00572706 -0.00217617
internal_weight=1422.54 1114.21 308.33 203.576 72.8583 104.754
internal_count=5052 3972 1080 690 268 390
is_linear=0
shrinkage=0.03


Tree=175
num_leaves=7
num_cat=0
split_feature=9 7 9 9 7 9
split_gain=3.71967 7.42252 7.88774 6.05029 5.73725 9.60141
threshold=-0.0100433356128633 0.86910551786422741 0.21394728869199756 0.34050489962100988 0.224466048181057 -0.34561328589916224
decision_type=2 2 2 2 2 2
left_child=4 3 -3 -2 5 -1
right_child=1 2 -4 -5 -6 -7
leaf_value=-0.0057527668777196698 -0.0062350063032199357 0.0086932792968487174 -0.0033499163097388857 0.00063943558892691813 -0.0010549824064971383 0.0059892036310013087
leaf_weight=55.571141824126244 302.64121890254319 85.739046163856983 66.951371125876904 150.93584876134992 446.81934661045671 309.33758728951216
leaf_count=188 1100 306 241 526 1630 1051
internal_value=-0.00015938 -0.00193915 0.00328877 -0.00389032 0.00111243 0.00383916
internal_weight=1418 606.267 152.69 453.577 811.728 364.909
internal_count=5042 2173 547 1626 2869 1239
is_linear=0
shrinkage=0.03


Tree=176
num_leaves=6
num_cat=0
split_feature=8 7 13 9 12
split_gain=4.48799 3.41957 15.0863 6.59222 1.58667
threshold=0.73153746128082286 -0.82940527796745289 0.5133759379386903 -0.38438476622104639 0.38751104474067694
decision_type=2 2 2 2 2
left_child=1 2 -1 -3 -2
right_child=4 3 -4 -5 -6
leaf_value=0.011010624094926542 -0.010347627078932978 0.007470507263462909 -0.0040892773540997353 -0.00052520392416863584 0
leaf_weight=110.18189499899745 24.325189583003521 81.291674677282572 87.545543242245913 1051.654514439404 34.265168905258179
leaf_count=349 104 301 320 3762 123
internal_value=0.000395107 0.000834742 0.00428793 0.000116105 -0.00649765
internal_weight=1389.26 1330.67 197.727 1132.95 58.5904
internal_count=4959 4732 669 4063 227
is_linear=0
shrinkage=0.03


Tree=177
num_leaves=7
num_cat=0
split_feature=14 10 12 12 10 15
split_gain=4.52325 5.61613 10.2095 8.11346 4.63451 1.75354
threshold=3.0895390510559086 0.76172208786010753 1.6265265345573428 1.2335649728775027 0.9676140844821931 -0.93675053119659413
decision_type=2 2 2 2 2 2
left_child=1 3 -3 -1 -2 -6
right_child=4 2 -4 -5 5 -7
leaf_value=0.0078718527687513043 -0.0022780868397068699 -0.0032886376814934728 0.0025700800111176985 -0.0025473074588396069 0.011622743741995737 0
leaf_weight=152.20972214639187 25.726640827953815 655.54928488656878 415.62962373718619 86.394731946289539 53.630660846829414 23.9441007822752
leaf_count=549 105 2379 1400 314 212 78
internal_value=0.00050382 0 -0.000954961 0.00396199 0.00599719 0.00926091
internal_weight=1413.08 1309.78 1071.18 238.604 103.301 77.5748
internal_count=5037 4642 3779 863 395 290
is_linear=0
shrinkage=0.03


Tree=178
num_leaves=7
num_cat=0
split_feature=18 13 13 0 19 10
split_gain=5.65271 7.48267 7.3526 10.17 6.82267 6.8042
threshold=0.63706022500991832 0.75247713923454296 0.21825163811445239 -2.1605507135391231 1.0695751309394839 0.76172208786010753
decision_type=2 2 2 2 2 2
left_child=2 4 3 -1 -2 -4
right_child=1 -3 5 -5 -6 -7
leaf_value=0.0042559069495431631 0.011044521395548948 -0.0034306857964191331 0.007459015453813782 -0.0063799925646157944 0 -0.00030057496120087276
leaf_weight=82.610781133174896 110.41593718528748 71.390948042273521 98.386472582817078 332.98809839040041 90.859682280570269 633.74102642759681
leaf_count=287 378 269 376 1196 312 2275
internal_value=0 0.00374705 -0.000915292 -0.00402976 0.00664407 0.000833035
internal_weight=1420.39 272.667 1147.73 415.599 201.276 732.127
internal_count=5093 959 4134 1483 690 2651
is_linear=0
shrinkage=0.03


Tree=179
num_leaves=7
num_cat=0
split_feature=20 7 18 14 5 8
split_gain=4.48 6.63738 6.32803 8.37716 5.92464 4.30663
threshold=1.0000000180025095e-35 1.2644074559211733 -1.5700101256370542 0.36060924828052526 0.22533781081438067 0.21451705694198611
decision_type=2 2 2 2 2 2
left_child=2 5 3 -1 -4 -2
right_child=1 -3 4 -5 -6 -7
leaf_value=-0.011857277661039877 0.0055490988004993939 -0.006807696932751719 -0.0018232279656771383 0.0016593349362705187 0.0030798846352344889 -0.0034011197673102624
leaf_weight=79.909335382282734 295.96965449303389 34.216264665126801 587.14571716636419 51.211433321237564 329.36040717363358 34.57636770606041
leaf_count=267 1008 147 2150 201 1131 132
internal_value=0 0.00280339 -0.000971748 -0.00666016 0 0.00430108
internal_weight=1412.39 364.762 1047.63 131.121 916.506 330.546
internal_count=5036 1287 3749 468 3281 1140
is_linear=0
shrinkage=0.03


end of trees

feature_importances:
Column_14=88
Column_7=85
Column_12=56
Column_8=55
Column_13=54
Column_0=52
Column_5=51
Column_10=51
Column_17=51
Column_1=49
Column_4=49
Column_6=46
Column_18=46
Column_16=41
Column_3=40
Column_11=40
Column_2=39
Column_9=39
Column_15=38
Column_19=29
Column_20=7
Column_21=6
Column_22=2
Column_23=1

parameters:
[boosting: gbdt]
[objective: lambdarank]
[metric: ndcg]
[tree_learner: serial]
[device_type: cpu]
[data_sample_strategy: bagging]
[data: ]
[valid: ]
[num_iterations: 180]
[learning_rate: 0.03]
[num_leaves: 7]
[num_threads: 1]
[seed: 17]
[deterministic: 1]
[force_col_wise: 1]
[force_row_wise: 0]
[histogram_pool_size: -1]
[max_depth: 3]
[min_data_in_leaf: 80]
[min_sum_hessian_in_leaf: 0.001]
[bagging_fraction: 0.8]
[pos_bagging_fraction: 1]
[neg_bagging_fraction: 1]
[bagging_freq: 1]
[bagging_seed: 26602]
[bagging_by_query: 0]
[feature_fraction: 0.8]
[feature_fraction_bynode: 1]
[feature_fraction_seed: 18297]
[extra_trees: 0]
[extra_seed: 13015]
[early_stopping_round: 0]
[early_stopping_min_delta: 0]
[first_metric_only: 0]
[max_delta_step: 0]
[lambda_l1: 2]
[lambda_l2: 20]
[linear_lambda: 0]
[min_gain_to_split: 0]
[drop_rate: 0.1]
[max_drop: 50]
[skip_drop: 0.5]
[xgboost_dart_mode: 0]
[uniform_drop: 0]
[drop_seed: 30017]
[top_rate: 0.2]
[other_rate: 0.1]
[min_data_per_group: 100]
[max_cat_threshold: 32]
[cat_l2: 10]
[cat_smooth: 10]
[max_cat_to_onehot: 4]
[top_k: 20]
[monotone_constraints: ]
[monotone_constraints_method: basic]
[monotone_penalty: 0]
[feature_contri: ]
[forcedsplits_filename: ]
[refit_decay_rate: 0.9]
[cegb_tradeoff: 1]
[cegb_penalty_split: 0]
[cegb_penalty_feature_lazy: ]
[cegb_penalty_feature_coupled: ]
[path_smooth: 0]
[interaction_constraints: ]
[verbosity: -1]
[saved_feature_importance_type: 0]
[use_quantized_grad: 0]
[num_grad_quant_bins: 4]
[quant_train_renew_leaf: 0]
[stochastic_rounding: 1]
[linear_tree: 0]
[max_bin: 255]
[max_bin_by_feature: ]
[min_data_in_bin: 3]
[bin_construct_sample_cnt: 200000]
[data_random_seed: 94]
[is_enable_sparse: 1]
[enable_bundle: 1]
[use_missing: 1]
[zero_as_missing: 0]
[feature_pre_filter: 1]
[pre_partition: 0]
[two_round: 0]
[header: 0]
[label_column: ]
[weight_column: ]
[group_column: ]
[ignore_column: ]
[categorical_feature: ]
[forcedbins_filename: ]
[precise_float_parser: 0]
[parser_config_file: ]
[objective_seed: 20363]
[num_class: 1]
[is_unbalance: 0]
[scale_pos_weight: 1]
[sigmoid: 1]
[boost_from_average: 1]
[reg_sqrt: 0]
[alpha: 0.9]
[fair_c: 1]
[poisson_max_delta_step: 0.7]
[tweedie_variance_power: 1.5]
[lambdarank_truncation_level: 30]
[lambdarank_norm: 1]
[label_gain: 0,1,2,3]
[lambdarank_position_bias_regularization: 0]
[eval_at: 2]
[multi_error_top_k: 1]
[auc_mu_weights: ]
[num_machines: 1]
[local_listen_port: 12400]
[time_out: 120]
[machine_list_filename: ]
[machines: ]
[gpu_platform_id: -1]
[gpu_device_id: -1]
[gpu_device_id_list: ]
[gpu_use_dp: 0]
[num_gpu: 1]

end of parameters

pandas_categorical:null
