tree
version=v4
num_class=1
num_tree_per_iteration=1
label_index=0
max_feature_idx=7
objective=lambdarank
feature_names=Column_0 Column_1 Column_2 Column_3 Column_4 Column_5 Column_6 Column_7
feature_infos=[-2.8707199096679688:1.7337260246276855] [-1.4033499956130981:2.5005612373352051] [-1.2703711986541748:2.8120923042297363] [-2.4748332500457764:3.0045833587646484] [0:1] [0:1] [0:1] [0:1]
tree_sizes=843 899 901 904 907 688 692 884 900 895 792 883 793 902 776 886 910 905 900 799 889 903 687 689 906 798 902 889 910 879 907 780 905 900 877 902 691 789 771 909 904 910 687 896 793 907 907 666 911 901 911 671 783 881 904 881 575 872 762 919 913 888 681 794 802 912 909 775 866 801 583 697 794 691 773 688 884 772 908 777 900 875 777 906 880 797 902 895 912 907 755 904 804 690 908 780 779 796 897 854 906 906 888 772 777 911 906 691 796 900 908 686 905 897 910 889 890 908 691 887 674 895 908 906 801 903 902 881 685 902 913 895 901 899 697 678 887 672 906 884 911 888 906 896 897 898 880 906 909 887 784 907 674 887 908 908 907 669 912 910 906 890 690 907 904 890 697 909 893 910 898 883 903 888 908 752 756 693 900 904

Tree=0
num_leaves=7
num_cat=0
split_feature=3 3 2 0 0 0
split_gain=7.65107 2.5859 2.51857 1.35475 0.349846 0.352113
threshold=0.33891305327415472 -1.5378904938697813 0.018135846592485908 -1.4730488657951353 -0.24032147228717801 -2.4130936861038204
decision_type=2 2 2 2 2 2
left_child=1 3 -3 -1 5 -2
right_child=4 2 -4 -5 -6 -7
leaf_value=-0.0046325379679645166 0 0.0047050809888841008 0 0.00052391626348441975 0 -0.0082594418204339007
leaf_weight=68.58019663207233 10.5530415661633 180.59386117756367 160.98199643008411 51.181758675724268 7.7027122713625422 84.765884514898062
leaf_count=650 124 2136 1816 540 82 1028
internal_value=-0.000550565 0.00106691 0.00245205 -0.00223994 -0.00727735 -0.00769594
internal_weight=564.359 461.338 341.576 119.762 103.022 95.3189
internal_count=6376 5142 3952 1190 1234 1152
is_linear=0
shrinkage=0.03


Tree=1
num_leaves=7
num_cat=0
split_feature=3 1 3 3 3 1
split_gain=36.1515 26.6499 17.2631 8.94747 4.69793 6.96981
threshold=0.55922260880470287 0.21836486458778384 -1.5378904938697813 0.12594184279441836 1.2402570843696596 -0.15138022601604459
decision_type=2 2 2 2 2 2
left_child=1 2 -1 -3 -2 -6
right_child=4 3 -4 -5 5 -7
leaf_value=-0.0020646691210660113 -0.009818068712830242 -0.0051678195354033524 0.0037344307996223704 0.0044528911141805084 -0.0099902567032286813 0.0010957431457164631
leaf_weight=546.59462954103947 283.79202560707927 605.53065020218492 2335.6185276079923 78.661691818386316 55.583123609423637 124.19912880286574
leaf_count=944 587 972 3360 148 114 248
internal_value=0.000280007 0.00133107 0.00260734 -0.00388147 -0.00740267 -0.00268837
internal_weight=4029.98 3566.41 2882.21 684.192 463.574 179.782
internal_count=6373 5424 4304 1120 949 362
is_linear=0
shrinkage=0.03


Tree=2
num_leaves=7
num_cat=0
split_feature=1 0 4 0 0 0
split_gain=40.3093 26.1858 17.4721 12.9169 12.1162 2.26973
threshold=0.37988927960395819 -1.4730488657951353 1.0000000180025095e-35 -0.61188948154449452 -0.93713289499282826 -2.1422696113586421
decision_type=2 2 2 2 2 2
left_child=1 2 -1 5 -3 -2
right_child=3 4 -4 -5 -6 -7
leaf_value=-0.0028505753490778345 -0.0040082477146543951 0.0065585742978919795 0.0031927530498794322 0.0033811133778766504 0.0012256649810387208 -0.0123600923034592
leaf_weight=1389.2624680660665 88.649629443883896 846.8970123976469 594.29273324459791 53.017629593610764 765.88542444258928 252.60545326769352
leaf_count=2228 157 1360 916 82 1228 414
internal_value=0.000258034 0.00128664 -0.000996191 -0.00858865 0.00410884 -0.0106986
internal_weight=3990.61 3596.34 1983.56 394.273 1612.78 341.255
internal_count=6385 5732 3144 653 2588 571
is_linear=0
shrinkage=0.03


Tree=3
num_leaves=7
num_cat=0
split_feature=2 3 4 3 3 3
split_gain=36.1937 21.3081 19.6191 29.2979 22.7392 12.9024
threshold=0.15004771947860721 -0.16400951892137525 1.0000000180025095e-35 -0.89323109388351429 -0.93703091144561756 -1.5378904938697813
decision_type=2 2 2 2 2 2
left_child=1 5 3 -2 -4 -1
right_child=2 -3 4 -5 -6 -7
leaf_value=-0.0003421370703573925 0.0012016966677770931 -0.0016498200716579163 -0.006139336004105423 -0.010700299207817321 0.0092208438366920675 0.0051325710343044558
leaf_weight=479.06450808048248 266.94276744127274 873.27760108560324 140.14360821247101 514.29609699547291 165.98006646335125 1606.8446201980114
leaf_count=895 430 1459 230 888 255 2199
internal_value=0.000478245 0.00221047 -0.00413649 -0.00663012 0.0020597 0.00385541
internal_weight=4046.55 2959.19 1087.36 781.239 306.124 2085.91
internal_count=6356 4553 1803 1318 485 3094
is_linear=0
shrinkage=0.03


Tree=4
num_leaves=7
num_cat=0
split_feature=3 1 3 5 4 1
split_gain=24.0228 32.6095 20.9714 19.5172 11.2695 20.9574
threshold=-0.51244613528251637 -0.042627507820725434 -1.5935971140861509 1.0000000180025095e-35 1.0000000180025095e-35 0.09281435608863832
decision_type=2 2 2 2 2 2
left_child=1 2 -1 -3 -2 -6
right_child=4 3 -4 -5 5 -7
leaf_value=-0.0014456106577111847 -0.0036855725638461488 0.00093463595952223691 0.008423673378877056 -0.00828716317651392 -0.0036954397637681334 0.010029984036682989
leaf_weight=232.32560315728188 1282.0722411125898 981.60094889253378 819.1271703094244 238.43919362127781 213.21044561266899 152.77643367648125
leaf_count=476 2328 1595 1095 364 318 210
internal_value=0.000368169 0.0023732 0.00620071 -0.000923837 -0.00235468 0.00210144
internal_weight=3919.55 2271.49 1051.45 1220.04 1648.06 365.987
internal_count=6386 3530 1571 1959 2856 528
is_linear=0
shrinkage=0.03


Tree=5
num_leaves=5
num_cat=0
split_feature=0 3 0 2
split_gain=43.0385 31.7016 20.691 11.8134
threshold=0.055216835811734206 0.48036541044712072 -1.4730488657951353 -0.12780172377824781
decision_type=2 2 2 2
left_child=1 2 -1 -3
right_child=-2 3 -4 -5
leaf_value=-0.0015916190597186808 0.01515661035812939 -0.00018971216862835214 0.0032265289857355828 -0.010850060457348246
leaf_weight=1744.8040091618896 145.38545472919941 147.69019114971161 1441.4782472252846 310.8930272385478
leaf_count=2951 230 330 2248 659
internal_value=0.000176174 -0.000484442 0.000575934 -0.00769359
internal_weight=3790.25 3644.87 3186.28 458.583
internal_count=6418 6188 5199 989
is_linear=0
shrinkage=0.03


Tree=6
num_leaves=5
num_cat=0
split_feature=0 0 0 3
split_gain=37.8636 23.8099 20.5462 13.3227
threshold=0.23407720029354098 -1.5766479372978208 -0.93713289499282826 0.31071940064430242
decision_type=2 2 2 2
left_child=1 3 -3 -1
right_child=-2 2 -4 -5
leaf_value=-0.0020295908486430442 0.015229190744000951 0.0041351081612400727 -0.0021931607282911327 -0.0094224744405058038
leaf_weight=1475.7073710039258 119.33902622759342 1134.4839418083429 739.75127384066582 252.03122893720865
leaf_count=2566 162 1853 1216 603
internal_value=-9.86823e-05 -0.000704373 0.00160891 -0.00323783
internal_weight=3721.31 3601.97 1874.24 1727.74
internal_count=6400 6238 3069 3169
is_linear=0
shrinkage=0.03


Tree=7
num_leaves=7
num_cat=0
split_feature=0 2 4 0 0 2
split_gain=29.1069 17.0293 23.3355 16.3444 17.6185 12.4827
threshold=-1.5528596043586729 0.031791158020496375 1.0000000180025095e-35 0.14348567277193072 -0.93713289499282826 -0.066640052944421754
decision_type=2 2 2 2 2 2
left_child=1 5 -3 4 -2 -1
right_child=3 2 -4 -5 -6 -7
leaf_value=-0.0028727637457796858 0.0032970363277948912 -0.011169642360511937 0 0.01109604232108918 -0.0026732904971059615 0.004744877859729245
leaf_weight=735.92326855659485 1111.3367034494877 436.68214806169271 255.57807700335979 137.80410742759705 705.82600671052933 237.36319932341576
leaf_count=1364 1755 920 441 193 1219 448
internal_value=-0.000662441 -0.003567 -0.00710683 0.0017928 0.000941514 -0.00089645
internal_weight=3620.51 1665.55 692.26 1954.97 1817.16 973.286
internal_count=6340 3173 1361 3167 2974 1812
is_linear=0
shrinkage=0.03


Tree=8
num_leaves=7
num_cat=0
split_feature=1 2 7 2 1 2
split_gain=12.4032 11.6648 11.9549 10.2688 3.054 8.00035
threshold=0.37988927960395819 -0.37652556598186487 1.0000000180025095e-35 -0.34309475123882288 0.84494620561599743 0.43756449222564703
decision_type=2 2 2 2 2 2
left_child=1 2 -1 -3 5 -2
right_child=4 3 -4 -5 -6 -7
leaf_value=-0.00012279025434823367 -0.0078064067855342064 0.011801128379682136 -0.011945837981785175 0.0012059209142201838 -0.011721390678117364 0.0016699821791066145
leaf_weight=251.44282403588295 139.21870195865631 67.024069681763649 98.492399305105209 2776.9028489291668 43.490657359361649 133.60651348531246
leaf_count=465 294 124 170 4943 82 266
internal_value=0.000311712 0.000899542 -0.00407861 0.00155724 -0.00514577 -0.00316368
internal_weight=3510.18 3193.86 349.935 2843.93 316.316 272.825
internal_count=6344 5702 635 5067 642 560
is_linear=0
shrinkage=0.03


Tree=9
num_leaves=7
num_cat=0
split_feature=3 0 1 0 0 0
split_gain=31.5655 19.0229 12.924 11.8299 4.64237 3.72551
threshold=0.31071940064430242 0.055216835811734206 0.32066883146762853 -1.601154565811157 -2.486484050750732 -1.3042829632759092
decision_type=2 2 2 2 2 2
left_child=1 2 -1 4 -2 -5
right_child=3 -3 -4 5 -6 -7
leaf_value=0.0010304592634316106 -0.00013925264768937262 0.011412670868245701 -0.0052330936337828243 0.0014470301242490563 -0.013745145146370624 -0.0047369559218837258
leaf_weight=2530.0799756273627 35.96366511285305 126.31452643871307 314.38907755166292 101.54651570320129 185.36114556342363 241.70954954624176
leaf_count=4331 99 191 608 203 496 480
internal_value=-0.000378761 0.000851852 0.00028552 -0.0067644 -0.0119777 -0.00276341
internal_weight=3535.36 2970.78 2844.47 564.581 221.325 343.256
internal_count=6408 5130 4939 1278 595 683
is_linear=0
shrinkage=0.03


Tree=10
num_leaves=6
num_cat=0
split_feature=0 3 2 1 2
split_gain=34.6961 19.2066 10.9074 1.2404 0.14091
threshold=0.14348567277193072 0.59841719269752514 0.026678652502596382 -0.15138022601604459 0.10576033219695093
decision_type=2 2 2 2 2
left_child=1 2 -1 -3 -2
right_child=4 3 -4 -5 -6
leaf_value=0.0015827637184027785 0.0068070994190926751 -0.010775088874048265 -0.0020618751053784598 -0.0047724290421461155 0.018901073621575837
leaf_weight=1795.5615917369723 59.122998625040054 102.97618439048529 1224.0304089263082 226.28300380706787 53.321486502885818
leaf_count=3052 92 264 2284 582 84
internal_value=-5.95827e-05 -0.000668441 8.17773e-05 -0.00733108 0.0149833
internal_weight=3461.3 3348.85 3019.59 329.259 112.444
internal_count=6358 6182 5336 846 176
is_linear=0
shrinkage=0.03


Tree=11
num_leaves=7
num_cat=0
split_feature=0 3 3 3 3 0
split_gain=25.7051 17.752 20.4608 9.74807 17.5148 9.73968
threshold=-1.4730488657951353 -0.89323109388351429 -1.5935971140861509 0.25428511202335363 -1.0907334089279173 0.14348567277193072
decision_type=2 2 2 2 2 2
left_child=3 2 -2 4 -1 -3
right_child=1 5 -4 -5 -6 -7
leaf_value=-0.0050054952723531977 0 -0.00079431409407742072 0.01016337881818674 -0.0075414676731099702 0.0014573384380073481 0.0095628347865092788
leaf_weight=650.28759381175041 289.73782277107239 934.90133486688137 436.45538599789143 267.62319416180253 827.82862273603678 69.279845714569092
leaf_count=1238 488 1668 671 736 1526 114
internal_value=0.000107869 0.00269986 0.00620549 -0.00242881 -0.00137476 3.44439e-05
internal_weight=3476.11 1730.37 726.193 1745.74 1478.12 1004.18
internal_count=6441 2941 1159 3500 2764 1782
is_linear=0
shrinkage=0.03


Tree=12
num_leaves=6
num_cat=0
split_feature=0 1 0 3 2
split_gain=21.0023 19.6731 14.7704 8.55884 0.489106
threshold=0.14348567277193072 0.42763337492942816 -0.48512971401214594 -0.89323109388351429 0.10576033219695093
decision_type=2 2 2 2 2
left_child=1 2 -1 -3 -2
right_child=4 3 -4 -5 -6
leaf_value=0.00093079965385956323 0.0051034823987252285 -0.00039663403522802897 -0.0067018858905564102 -0.012857774448972422 0.015973393153556413
leaf_weight=2818.2817865908146 58.108914285898209 90.274980954825878 227.41250921040773 134.13556722924113 46.537342488765717
leaf_count=5304 96 175 423 309 85
internal_value=0.000105933 -0.000334894 0.000301316 -0.0085331 0.0122062
internal_weight=3374.75 3270.1 3045.69 224.411 104.646
internal_count=6392 6211 5727 484 181
is_linear=0
shrinkage=0.03


Tree=13
num_leaves=7
num_cat=0
split_feature=0 0 2 3 3 3
split_gain=29.6266 18.4432 17.6946 8.03284 10.9561 7.63498
threshold=-1.5528596043586729 -2.2999203205108638 0.026678652502596382 0.55922260880470287 -1.5378904938697813 0.14252267777919772
decision_type=2 2 2 2 2 2
left_child=1 2 -1 4 -2 -3
right_child=3 5 -4 -5 -6 -7
leaf_value=0.0068215968233075871 -0.00088615873773018538 -0.003454486383846904 -0.0038699213536840969 -0.0021819651410375138 0.0050231757742484409 -0.010288238680978208
leaf_weight=280.08593415468931 336.55186730623245 858.99037741869688 235.3551419749856 211.73473499715328 1231.8675565347075 190.2220036201179
leaf_count=563 589 1640 496 486 2076 540
internal_value=0.000322853 -0.00265068 0.00186549 0.00297016 0.00372218 -0.00491883
internal_weight=3344.81 1564.65 515.441 1780.15 1568.42 1049.21
internal_count=6390 3239 1059 3151 2665 2180
is_linear=0
shrinkage=0.03


Tree=14
num_leaves=6
num_cat=0
split_feature=0 1 0 3 3
split_gain=17.5554 14.1729 9.42522 6.12747 1.91971
threshold=0.055216835811734206 0.42763337492942816 -1.4730488657951353 -0.22143343836069104 -1.4037598371505735
decision_type=2 2 2 2 2
left_child=1 2 -1 -2 -3
right_child=3 4 -4 -5 -6
leaf_value=-0.0018801098481618535 0.013842428335385664 -0.00044675672197676893 0.0014903186857147443 0 -0.0093467460805663691
leaf_weight=1523.4575097039342 81.992398127913475 43.563862681388855 1417.2900461405516 45.66868668794632 168.29026780277491
leaf_count=3150 143 90 2485 85 393
internal_value=-0.000336003 -0.000822085 -0.000236376 0.00974698 -0.00797182
internal_weight=3280.26 3152.6 2940.75 127.661 211.854
internal_count=6346 6118 5635 228 483
is_linear=0
shrinkage=0.03


Tree=15
num_leaves=7
num_cat=0
split_feature=1 0 1 0 6 2
split_gain=17.4998 10.1112 19.3139 14.2978 8.97692 7.38002
threshold=0.19110777229070666 -1.5528596043586729 -0.44842416048049921 -2.3220875263214107 1.0000000180025095e-35 0.1885783523321152
decision_type=2 2 2 2 2 2
left_child=1 3 -3 -1 -2 -6
right_child=4 2 -4 -5 5 -7
leaf_value=0.0044112581628582646 -0.0013712205295741077 -0.0083573311097798683 0.0044553428644089187 -0.0025914295750671438 0 -0.013209274640894764
leaf_weight=363.65858994424343 542.03327630087733 94.054743960499763 1272.9932612478733 802.48403830826283 64.372003011405468 111.56338302046061
leaf_count=746 1139 174 2205 1708 129 254
internal_value=0.000498297 0.00168751 0.00342276 -0.000319517 -0.0035483 -0.00912476
internal_weight=3251.16 2533.19 1367.05 1166.14 717.969 175.935
internal_count=6355 4833 2379 2454 1522 383
is_linear=0
shrinkage=0.03


Tree=16
num_leaves=7
num_cat=0
split_feature=0 5 2 2 2 2
split_gain=15.0138 11.4065 23.6074 10.0549 9.32336 10.7091
threshold=-1.5622841715812681 1.0000000180025095e-35 1.0000000180025095e-35 -0.14588830620050428 -0.37652556598186487 0.16970987617969516
decision_type=2 2 2 2 2 2
left_child=1 3 -3 -1 -2 -6
right_child=4 2 -4 -5 5 -7
leaf_value=-0.0047345891420668557 -0.0050179724844156759 -0.00013400327406477342 -0.014384563979326597 0.0014434789636910618 0.0039377345272938154 -0.001407870334049962
leaf_weight=333.09840150922537 144.12992332875729 251.3142925798893 171.07603919506073 686.30617351084948 1152.5242192298174 441.62433246523142
leaf_count=715 270 532 453 1486 2002 855
internal_value=-0.000129234 -0.00239236 -0.00643075 -0.000569786 0.00171963 0.00242058
internal_weight=3180.07 1441.79 422.39 1019.4 1738.28 1594.15
internal_count=6313 3186 985 2201 3127 2857
is_linear=0
shrinkage=0.03


Tree=17
num_leaves=7
num_cat=0
split_feature=0 0 3 2 3 3
split_gain=16.2835 9.42954 9.70363 6.77031 15.4215 6.55932
threshold=-1.5528596043586729 0.055216835811734206 0.58056187629699718 0.026678652502596382 -1.2267363667488096 -1.2267363667488096
decision_type=2 2 2 2 2 2
left_child=3 2 -2 4 -1 -5
right_child=1 -3 -4 5 -6 -7
leaf_value=-0.0066791366161014819 0.0020505986029267773 0.009419290170546624 -0.0049157633127548117 -3.7975474576040543e-05 0.0018810462801948852 -0.0071573055343217805
leaf_weight=248.7313334196806 1443.1742671951652 120.46583095192909 182.12248855829239 190.64316287636757 610.93642772734165 371.05852843075991
leaf_count=552 2510 225 421 416 1275 970
internal_value=-2.67049e-05 0.00188581 0.00118325 -0.0024109 -0.000623045 -0.00492851
internal_weight=3167.13 1745.76 1625.3 1421.37 859.668 561.702
internal_count=6369 3156 2931 3213 1827 1386
is_linear=0
shrinkage=0.03


Tree=18
num_leaves=7
num_cat=0
split_feature=0 0 0 1 0 1
split_gain=13.1947 12.7353 12.2137 7.19656 7.78921 5.6845
threshold=-1.4730488657951353 -1.2489817738533018 0.14348567277193072 0.38804735243320471 -2.3112672567367549 0.12649095803499225
decision_type=2 2 2 2 2 2
left_child=3 5 -3 4 -1 -2
right_child=1 2 -4 -5 -6 -7
leaf_value=0.0025038577261184045 0.0092721064742091897 -6.1225095088254664e-05 0.01027650950172909 -0.0075809579066371492 -0.0021671482851652623 0.00058947713081150684
leaf_weight=448.87258559465408 278.70700068771839 1088.5247765779495 92.361822217702866 132.88344313949347 969.41181240975857 111.33731193095446
leaf_count=951 471 2019 185 346 2197 205
internal_value=0.000574351 0.00251041 0.00085505 -0.00135518 -0.000632846 0.00708963
internal_weight=3122.1 1570.93 1180.89 1551.17 1418.28 390.044
internal_count=6374 2880 2204 3494 3148 676
is_linear=0
shrinkage=0.03


Tree=19
num_leaves=6
num_cat=0
split_feature=0 2 0 3 3
split_gain=9.83531 11.2592 8.39546 7.93582 2.70089
threshold=0.055216835811734206 0.54623302817344677 -0.50616398453712452 -0.51244613528251637 -1.0827048420906065
decision_type=2 2 2 2 2
left_child=1 2 -1 -2 -3
right_child=3 4 -4 -5 -6
leaf_value=0.00020013624077589877 0.013646300104699459 -0.00020771153434013428 -0.0058292175306217725 -0.00042404294677388582 -0.011122170433382731
leaf_weight=2657.9344966746867 59.867462530732155 40.077964656054974 204.38500104099512 49.39761458337307 91.818703189492226
leaf_count=5478 118 69 420 95 231
internal_value=-0.000329029 -0.000692778 -0.000247036 0.00773966 -0.00866474
internal_weight=3103.48 2994.22 2862.32 109.265 131.897
internal_count=6411 6198 5898 213 300
is_linear=0
shrinkage=0.03


Tree=20
num_leaves=7
num_cat=0
split_feature=3 1 0 2 0 0
split_gain=10.6977 6.88532 10.6016 6.86333 6.4887 5.85091
threshold=0.48036541044712072 -0.35952247679233545 -1.4730488657951353 -0.20419228076934812 -2.3112672567367549 -0.52538385987281788
decision_type=2 2 2 2 2 2
left_child=1 4 -3 -2 -1 -5
right_child=3 2 -4 5 -6 -7
leaf_value=0.0041404680509937323 0.0014134707985562409 -0.00075655865806535704 0.0031460797891565383 -0.0090228185835916266 -0.0056724070692230066 0.0016222936488844151
leaf_weight=56.057314932346344 96.04584077000618 1203.4209586903453 1232.3291344866157 219.62794087082148 239.57221868634224 39.647275164723396
leaf_count=97 256 2598 2189 643 470 91
internal_value=0 0.000653073 0.00120303 -0.00474614 -0.00347713 -0.00718057
internal_weight=3086.7 2731.38 2435.75 355.321 295.63 259.275
internal_count=6344 5354 4787 990 567 734
is_linear=0
shrinkage=0.03


Tree=21
num_leaves=7
num_cat=0
split_feature=1 0 0 0 0 3
split_gain=9.94602 8.44641 8.37914 13.3578 6.41498 6.37027
threshold=0.42763337492942816 -0.90109091997146595 -1.4730488657951353 -0.93713289499282826 -1.4094170331954954 -1.2267363667488096
decision_type=2 2 2 2 2 2
left_child=2 4 5 -4 -2 -1
right_child=1 -3 3 -5 -6 -7
leaf_value=-0.0041478826643890016 -0.0034702698157933918 0.0026361909546340333 0.0045714647348804446 -0.0011179714178575382 -0.017557953464803842 9.3074131276825494e-05
leaf_weight=435.75828771293163 104.64633532613516 52.519768238067627 796.39687140285969 644.87040392309427 44.50878033041954 971.57095991447568
leaf_count=973 287 112 1424 1261 93 2217
internal_value=-5.97151e-05 -0.00619837 0.000394158 0.0020043 -0.00960774 -0.00121776
internal_weight=3050.27 201.675 2848.6 1441.27 149.155 1407.33
internal_count=6367 492 5875 2685 380 3190
is_linear=0
shrinkage=0.03


Tree=22
num_leaves=5
num_cat=0
split_feature=0 1 3 0
split_gain=16.0726 13.019 8.78978 6.83405
threshold=0.14348567277193072 0.19110777229070666 -1.5378904938697813 -0.48512971401214594
decision_type=2 2 2 2
left_child=1 2 -1 -3
right_child=-2 3 -4 -5
leaf_value=-0.0029890975186925473 0.011476245916936771 -0.0027271187307396859 0.0016477427137979695 -0.013042052761306478
leaf_weight=432.05443764850497 87.776690870523453 587.68027482554317 1857.3378199860454 52.984525702893734
leaf_count=930 188 1358 3768 108
internal_value=8.22699e-05 -0.000314214 0.000728389 -0.00404
internal_weight=3017.83 2930.06 2289.39 640.665
internal_count=6352 6164 4698 1466
is_linear=0
shrinkage=0.03


Tree=23
num_leaves=5
num_cat=0
split_feature=0 2 0 2
split_gain=15.3988 16.9693 7.07292 2.04196
threshold=0.14348567277193072 0.16970987617969516 -1.4730488657951353 0.79931372404098522
decision_type=2 2 2 2
left_child=1 2 -1 -3
right_child=-2 3 -4 -5
leaf_value=-0.001151693998025237 0.011246984564424517 -0.0040533045280628944 0.0021955249301305688 -0.011380166030590756
leaf_weight=1146.4728666618466 77.870661869645119 663.30468592047691 1070.7263782322407 37.610257990658283
leaf_count=2584 177 1537 1993 92
internal_value=-0.000422154 -0.000828409 0.000443097 -0.00483449
internal_weight=2995.98 2918.11 2217.2 700.915
internal_count=6383 6206 4577 1629
is_linear=0
shrinkage=0.03


Tree=24
num_leaves=7
num_cat=0
split_feature=2 3 4 3 3 0
split_gain=11.7356 15.9102 16.0765 10.4224 7.96253 6.4618
threshold=0.16970987617969516 -1.1505565047264097 1.0000000180025095e-35 -1.5378904938697813 -0.19686485081911084 -1.4685729146003721
decision_type=2 2 2 2 2 2
left_child=3 5 -3 -1 -5 -2
right_child=1 2 -4 4 -6 -7
leaf_value=-0.0032577824874307311 -0.0015136090477184685 -0.0094339622262099854 0.0022991918772071389 0.0034190671952639686 -0.00057119550593212642 0.007802622479598501
leaf_weight=418.60454449430108 118.14059273153543 374.14634339138865 123.93222339451313 1119.4931639283895 697.77373264729977 102.54034630209208
leaf_count=934 252 961 266 2151 1583 200
internal_value=-0.000196076 -0.00349287 -0.00642264 0.000858709 0.00186473 0.00285459
internal_weight=2954.63 718.76 498.079 2235.87 1817.27 220.681
internal_count=6347 1679 1227 4668 3734 452
is_linear=0
shrinkage=0.03


Tree=25
num_leaves=6
num_cat=0
split_feature=0 3 1 0 7
split_gain=17.172 10.7731 8.07416 4.50031 4.29937
threshold=0.055216835811734206 0.55922260880470287 0.32066883146762853 -0.64603173732757557 1.0000000180025095e-35
decision_type=2 2 2 2 2
left_child=1 2 -1 -3 -2
right_child=4 3 -4 -5 -6
leaf_value=0.00048784210945107201 0.014354176876470098 -0.007365079814199974 -0.0047668925929244691 0.0015543721721312657 0.00050009498135659719
leaf_weight=2232.8455272763968 66.286614999175072 262.99894472956657 277.36011900380254 41.753475300967693 40.528435111045837
leaf_count=4527 141 777 659 104 91
internal_value=-0.000291637 -0.000792524 -0.000102146 -0.00593782 0.0104786
internal_weight=2921.77 2814.96 2510.21 304.752 106.815
internal_count=6299 6067 5186 881 232
is_linear=0
shrinkage=0.03


Tree=26
num_leaves=7
num_cat=0
split_feature=3 0 3 0 3 3
split_gain=10.3333 6.7506 10.8064 6.05952 5.54414 5.40214
threshold=0.55922260880470287 -1.4730488657951353 -1.1394723057746885 -1.1131055951118467 1.2733480334281924 -1.0235788226127622
decision_type=2 2 2 2 2 2
left_child=1 2 -1 -2 -5 -3
right_child=3 5 -4 4 -6 -7
leaf_value=-0.0038537051664294239 -0.00738246684199365 0.0047144437024282254 0.0015810415586725633 -0.0044036354746475178 0.0068559612105934965 0.00070237610301716977
leaf_weight=515.11656786501408 210.01693881303072 551.65047463774681 823.31366411596537 63.517915472388268 52.440981082618237 748.60759377479553
leaf_count=1190 663 1029 1828 163 123 1444
internal_value=0.000313863 0.000965137 -0.000492383 -0.00453564 0.000506551 0.00249562
internal_weight=2964.66 2638.69 1338.43 325.976 115.959 1300.26
internal_count=6440 5491 3018 949 286 2473
is_linear=0
shrinkage=0.03


Tree=27
num_leaves=7
num_cat=0
split_feature=1 2 2 1 1 7
split_gain=9.1012 13.1194 12.7769 6.10566 5.37265 3.64915
threshold=-0.066267542541027055 -0.37652556598186487 0.20443183183670047 -0.029450170695781704 0.066635478287935271 1.0000000180025095e-35
decision_type=2 2 2 2 2 2
left_child=1 -1 -3 5 -5 -2
right_child=3 2 -4 4 -6 -7
leaf_value=-0.0035604965615231654 -0.0092514000013742877 0.0044878761205938899 -0.0092736397574559939 0.0020577495100474663 -0.0018397263530981257 0
leaf_weight=269.34639742225409 110.20817048102617 938.50032057613134 43.793337851762772 421.38844776898623 1061.5917419455945 43.966242000460625
leaf_count=593 237 1994 105 893 2463 85
internal_value=8.53269e-05 0.002013 0.00364168 -0.00135873 -0.000679694 -0.00671771
internal_weight=2888.79 1251.64 982.294 1637.15 1482.98 154.174
internal_count=6370 2692 2099 3678 3356 322
is_linear=0
shrinkage=0.03


Tree=28
num_leaves=7
num_cat=0
split_feature=2 3 3 2 5 3
split_gain=7.48622 17.7093 17.2274 11.4641 6.71255 7.24243
threshold=0.018135846592485908 -1.5506581664085386 -0.50153818726539601 -0.16208094358444211 1.0000000180025095e-35 -0.91324749588966359
decision_type=2 2 2 2 2 2
left_child=1 3 -3 -1 5 -2
right_child=4 2 -4 -5 -6 -7
leaf_value=-0.011101754089363359 0.0020280344328285098 0.0060901008669458391 -0.00054810816880494643 0.00026621327036447029 -0.005995965932185935 -0.0029514425934300832
leaf_weight=131.71447471156716 469.66881454735994 668.3587322384119 682.99388233944774 145.7935980334878 251.34510734677315 535.63042892515659
leaf_count=327 971 1282 1510 312 706 1250
internal_value=-3.68697e-05 0.00127767 0.00273223 -0.00531132 -0.00178109 -0.000572366
internal_weight=2885.51 1628.86 1351.35 277.508 1256.64 1005.3
internal_count=6358 3431 2792 639 2927 2221
is_linear=0
shrinkage=0.03


Tree=29
num_leaves=7
num_cat=0
split_feature=1 3 3 0 3 4
split_gain=12.2217 6.5 9.74602 6.66687 4.86413 8.28807
threshold=0.29886539280414587 -1.6361442804336546 -0.51244613528251637 -0.96664816141128529 -1.5832559466361997 1.0000000180025095e-35
decision_type=2 2 2 2 2 2
left_child=1 3 -3 -1 -2 -6
right_child=4 2 -4 -5 5 -7
leaf_value=5.2819986495417327e-05 0.0020955606872170244 0.0040192140483205534 0 -0.0087060877503343671 -0.0088960818904313642 0.0013608655568448245
leaf_weight=285.93916445225477 62.717165596783161 1104.698907867074 1013.3404394872487 81.250691637396812 211.96685130521655 81.779501631855965
leaf_count=681 129 2196 2342 171 599 189
internal_value=0.000672764 0.00144378 0.00209647 -0.00207996 -0.00433441 -0.00594457
internal_weight=2841.69 2485.23 2118.04 367.19 356.464 293.746
internal_count=6307 5390 4538 852 917 788
is_linear=0
shrinkage=0.03


Tree=30
num_leaves=7
num_cat=0
split_feature=1 3 7 3 6 0
split_gain=7.80053 5.56909 8.52053 7.65377 4.74651 3.51561
threshold=0.22770570218563083 -1.5378904938697813 1.0000000180025095e-35 0.31071940064430242 1.0000000180025095e-35 -1.7248640060424802
decision_type=2 2 2 2 2 2
left_child=1 2 -1 -3 5 -2
right_child=4 3 -4 -5 -6 -7
leaf_value=-0.0059224815341873205 -0.0047286022490174136 0.002118489262714649 0.0023427020148320092 -0.0027262298412365363 -0.0084905147772074158 0.00056338232578719526
leaf_weight=249.35444132238626 165.86818674579263 1547.0340503007174 165.01837804168463 333.63146791979671 116.43678675964475 237.24418032541871
leaf_count=627 444 3113 344 921 327 549
internal_value=-0.00024643 0.00048978 -0.00253654 0.00120782 -0.00350735 -0.00159289
internal_weight=2814.59 2295.04 414.373 1880.67 519.549 403.112
internal_count=6325 5005 971 4034 1320 993
is_linear=0
shrinkage=0.03


Tree=31
num_leaves=6
num_cat=0
split_feature=0 1 0 0 7
split_gain=13.0699 7.14984 6.60967 5.30874 4.96149
threshold=0.055216835811734206 0.37283888459205633 -0.48512971401214594 -0.87777519226074208 1.0000000180025095e-35
decision_type=2 2 2 2 2
left_child=1 2 -1 -3 -2
right_child=4 3 -4 -5 -6
leaf_value=0.00032413053997138472 0.013483839049336945 -0.0077058401300867706 -0.0055160040494309972 0.0021293262948648907 0
leaf_weight=2343.5971770174801 64.391627267003059 179.45953331887722 167.92562467232347 44.466322004795074 37.006620839238167
leaf_count=5173 141 517 382 106 85
internal_value=-0.00014038 -0.000584376 -8.31454e-05 -0.00549238 0.00946614
internal_weight=2836.85 2735.45 2511.52 223.926 101.398
internal_count=6404 6178 5555 623 226
is_linear=0
shrinkage=0.03


Tree=32
num_leaves=7
num_cat=0
split_feature=2 1 1 1 1 1
split_gain=3.86078 4.71226 4.58346 6.71191 4.44603 3.14637
threshold=0.20884871482849124 0.042247142642736442 0.11201163753867151 0.066635478287935271 0.78886717557907116 0.17404928803443911
decision_type=2 2 2 2 2 2
left_child=2 -2 3 -1 -3 -4
right_child=1 4 5 -5 -6 -7
leaf_value=0.00092441611654794844 -0.0076860471839355132 0.00055238658604478863 0.0071526843782904834 -0.0058247934179105152 -0.0085191417391636357 0.0013917127092388159
leaf_weight=1691.2498995400965 77.587045982480049 446.20648382976651 151.60818903148174 122.62102150917053 33.715181313455105 264.34991208463907
leaf_count=3707 184 1132 313 272 96 629
internal_value=0.000507321 -0.00164524 0.00108202 0.000376891 -0.000280206 0.0038609
internal_weight=2787.34 557.509 2229.83 1813.87 479.922 415.958
internal_count=6333 1412 4921 3979 1228 942
is_linear=0
shrinkage=0.03


Tree=33
num_leaves=7
num_cat=0
split_feature=1 3 3 7 7 3
split_gain=5.03024 13.3316 18.4694 6.99699 6.09753 10.4254
threshold=-0.11932918429374693 -0.49253609776496882 -1.5935971140861509 1.0000000180025095e-35 1.0000000180025095e-35 -1.0033689141273496
decision_type=2 2 2 2 2 2
left_child=1 2 -1 -3 -2 -6
right_child=4 3 -4 -5 5 -7
leaf_value=-0.004846675088250681 -0.002549988940682825 -0.00050527727169245016 0.0069924614445923353 -0.0097893611302054054 0.0049771743441102897 -0.0034838655545379677
leaf_weight=136.996318615973 1313.6339949145913 335.8923527225852 446.4034950658679 80.633527994155884 280.24531069397926 207.282185934484
leaf_count=360 3124 793 860 186 565 470
internal_value=-0.0005256 0.00113286 0.00404441 -0.00280616 -0.00148158 0.00126605
internal_weight=2801.09 999.926 583.4 416.526 1801.16 487.527
internal_count=6358 2199 1220 979 4159 1035
is_linear=0
shrinkage=0.03


Tree=34
num_leaves=7
num_cat=0
split_feature=0 0 3 3 0 3
split_gain=11.9329 9.23447 6.37735 9.90397 9.73835 5.52836
threshold=-1.5528596043586729 -2.5664457082748409 -0.7651250660419463 -1.5378904938697813 -1.2719594836235044 0.25428511202335363
decision_type=2 2 2 2 2 2
left_child=1 -1 3 -2 -4 -3
right_child=2 5 4 -5 -6 -7
leaf_value=0.0072383798687416607 0 -0.0013533682495177732 0.0054000656200967985 0.007258847778585059 -0.0016554697580395954 -0.0069922822770199971
leaf_weight=75.850916214287281 281.53207889199257 1027.3670317828655 228.20386422425508 404.6403706073761 575.49630355834961 180.8125411644578
leaf_count=185 572 2420 475 799 1296 631
internal_value=0.000447346 -0.00163171 0.00227678 0.00436601 0.000357522 -0.00234625
internal_weight=2773.9 1284.03 1489.87 686.172 803.7 1208.18
internal_count=6378 3236 3142 1371 1771 3051
is_linear=0
shrinkage=0.03


Tree=35
num_leaves=7
num_cat=0
split_feature=1 3 3 3 3 1
split_gain=7.94609 7.29394 7.01196 6.93565 2.41309 4.68961
threshold=0.32066883146762853 0.31071940064430242 -1.5378904938697813 0.36524413526058203 -0.44318357110023493 0.57024711370468151
decision_type=2 2 2 2 2 2
left_child=1 2 -1 -3 5 -2
right_child=4 3 -4 -5 -6 -7
leaf_value=-0.0012695846114370735 -0.0083106671022221308 -0.012150062909208741 0.0028786731680488491 -0.0005424303647235967 -1.2703819110381428e-05 0.0010398133330245243
leaf_weight=434.37843089550734 134.50601404905319 37.597904965281487 1655.8859828040004 320.11626195162535 135.2010697349906 48.985661320388317
leaf_count=1062 330 84 3430 947 424 122
internal_value=0.000684997 0.00128978 0.00198433 -0.00250006 -0.00358522 -0.00566272
internal_weight=2766.67 2447.98 2090.26 357.714 318.693 183.492
internal_count=6399 5523 4492 1031 876 452
is_linear=0
shrinkage=0.03


Tree=36
num_leaves=5
num_cat=0
split_feature=1 5 2 2
split_gain=7.90749 5.05421 13.0851 12.8349
threshold=0.78886717557907116 1.0000000180025095e-35 -0.13668790459632871 -0.37652556598186487
decision_type=2 2 2 2
left_child=1 3 -3 -1
right_child=-2 2 -4 -5
leaf_value=-0.0054342430362789712 -0.010651269159301648 0.003670011786725894 -0.0049590268250914336 0.0020811173012644929
leaf_weight=206.27999939024448 37.62830451130867 227.73081813007593 402.4786588139832 1896.1643398851156
leaf_count=503 105 531 1071 4210
internal_value=0.000300464 0.000549359 -0.00173161 0.00127122
internal_weight=2770.28 2732.65 630.209 2102.44
internal_count=6420 6315 1602 4713
is_linear=0
shrinkage=0.03


Tree=37
num_leaves=6
num_cat=0
split_feature=0 2 2 3 2
split_gain=9.67944 11.4534 9.84696 8.49639 2.15065
threshold=0.14348567277193072 0.1885783523321152 -0.37652556598186487 -1.3462581038475034 0.12224307656288148
decision_type=2 2 2 2 2
left_child=1 2 -1 -3 -2
right_child=4 3 -4 -5 -6
leaf_value=-0.004355689248385421 0.0015517824120786319 0.001696011361730492 0.0016106153290169477 -0.0060667226261323362 0.014103968925766687
leaf_weight=265.05686737596989 39.80493575334549 152.50809071213007 1809.8209700323641 423.28658724203706 32.120931908488274
leaf_count=639 95 330 4059 1162 84
internal_value=7.17253e-05 -0.000236346 0.000785496 -0.00392202 0.00965905
internal_weight=2722.6 2650.67 2074.88 575.795 71.9259
internal_count=6369 6190 4698 1492 179
is_linear=0
shrinkage=0.03


Tree=38
num_leaves=6
num_cat=0
split_feature=0 1 0 0 1
split_gain=7.53117 5.88139 8.62704 2.36982 0.258567
threshold=0.14348567277193072 0.42763337492942816 -2.5577528476715083 -0.90109091997146595 0.07589812204241754
decision_type=2 2 2 2 2
left_child=1 2 -1 -3 -2
right_child=4 3 -4 -5 -6
leaf_value=0.0086568340579151574 0.0017899903406185004 -0.0075701034866366857 -0.00057619047017405623 0 0.010459515876185731
leaf_weight=74.29826969653368 35.448565140366554 125.4373656436801 2412.7170853838325 36.938088022172451 35.551039546728134
leaf_count=182 91 392 5527 89 91
internal_value=-0.000309662 -0.0006177 -0.000209566 -0.00583137 0.00813508
internal_weight=2720.39 2649.39 2487.02 162.375 70.9996
internal_count=6372 6190 5709 481 182
is_linear=0
shrinkage=0.03


Tree=39
num_leaves=7
num_cat=0
split_feature=0 2 1 5 2 2
split_gain=7.05237 8.60503 13.7187 5.57624 15.806 9.26647
threshold=-1.9350225925445554 -0.37652556598186487 -0.18590597808361051 1.0000000180025095e-35 1.0000000180025095e-35 -0.21949084848165509
decision_type=2 2 2 2 2 2
left_child=3 -2 -3 5 -5 -1
right_child=1 2 -4 4 -6 -7
leaf_value=-0.0068483014621067134 -0.0045527172485687242 0.0073981898158522533 0.000715355538165419 0.00035064618115209314 -0.014409502239426062 0.0018284074126594229
leaf_weight=124.22911365702748 169.39649634063244 335.8847843259573 1387.1944783143699 147.78312082588673 86.174179457128048 453.25024674832821
leaf_count=318 416 733 3123 353 302 1094
internal_value=0.000434582 0.00145219 0.00212242 -0.00184442 -0.00555639 -0.000104489
internal_weight=2703.91 1892.48 1723.08 811.437 233.957 577.479
internal_count=6339 4272 3856 2067 655 1412
is_linear=0
shrinkage=0.03


Tree=40
num_leaves=7
num_cat=0
split_feature=2 0 4 2 0 4
split_gain=9.1607 7.81449 7.92711 5.83821 8.99325 6.55127
threshold=-0.37652556598186487 -2.3905198574066158 1.0000000180025095e-35 0.16970987617969516 0.055216835811734206 1.0000000180025095e-35
decision_type=2 2 2 2 2 2
left_child=1 -1 -3 5 -5 -2
right_child=3 2 -4 4 -6 -7
leaf_value=0.0055186787690750397 0.0027831098978831604 -0.0098207489187525764 0.0020481862457596496 -0.0024794640512334418 0.010273694614401124 -0.0013463367963118095
leaf_weight=33.972093924880028 1370.6208688355982 174.87023812532425 49.91512368619442 624.25174389779568 32.96216619759798 424.73627389967442
leaf_count=80 3068 440 130 1620 87 958
internal_value=0.000272939 -0.00485267 -0.00698805 0.000872858 -0.00146672 0.00176907
internal_weight=2711.33 258.757 224.785 2452.57 657.214 1795.36
internal_count=6383 650 570 5733 1707 4026
is_linear=0
shrinkage=0.03


Tree=41
num_leaves=7
num_cat=0
split_feature=2 2 4 3 3 3
split_gain=6.87623 12.5044 6.28023 4.53308 5.58015 2.77577
threshold=-0.37652556598186487 -0.021463898010551926 1.0000000180025095e-35 -0.16400951892137525 -1.4809406399726865 -1.8581928610801695
decision_type=2 2 2 2 2 2
left_child=3 2 -2 4 -1 -3
right_child=1 5 -4 -5 -6 -7
leaf_value=-0.0091899940438149169 0.0040242331523664913 0.0024125214515308621 -0.00099642298476377146 -0.0094495599823716352 0.0020324227724400163 -0.0019196085350678285
leaf_weight=33.787312619388103 878.28892408311367 120.81479384750128 266.32602053880692 86.075666509568691 123.68639376014471 1183.8246215470135
leaf_count=119 1900 272 601 257 276 2970
internal_value=1.24694e-05 0.000525855 0.00280747 -0.00457084 -0.00080166 -0.00144277
internal_weight=2692.8 2449.25 1144.61 243.549 157.474 1304.64
internal_count=6395 5743 2501 652 395 3242
is_linear=0
shrinkage=0.03


Tree=42
num_leaves=5
num_cat=0
split_feature=0 2 3 3
split_gain=11.674 12.191 7.67759 7.05553
threshold=0.1032959818840027 0.16970987617969516 0.7531564235687257 -1.2162644267082212
decision_type=2 2 2 2
left_child=1 2 -1 -3
right_child=-2 3 -4 -5
leaf_value=0.0011133324914645729 0.0099282095912054252 0.0002877243819083687 -0.0053783625996706424 -0.0064084636083315254
leaf_weight=1825.6215704679489 78.24872761964798 183.77675626054406 158.29825351759791 410.72617278620601
leaf_count=4069 202 409 469 1185
internal_value=-0.000190681 -0.000594908 0.000516906 -0.00429886
internal_weight=2656.67 2578.42 1983.92 594.503
internal_count=6334 6132 4538 1594
is_linear=0
shrinkage=0.03


Tree=43
num_leaves=7
num_cat=0
split_feature=0 3 3 2 3 4
split_gain=10.961 8.32752 10.3653 6.8957 8.17578 5.21751
threshold=-1.5528596043586729 0.65504670143127453 -1.5378904938697813 0.026678652502596382 -1.1394723057746885 1.0000000180025095e-35
decision_type=2 2 2 2 2 2
left_child=3 2 -2 4 -1 -5
right_child=1 -3 -4 5 -6 -7
leaf_value=-0.0042781070915693439 -0.0021731424775744321 -0.0040069997285995728 0.0043023569519216971 -0.0069401776563392577 0.0021459253551408368 -0.00010767945798757375
leaf_weight=247.26176429539919 257.65663575381041 153.92123159021139 998.62485526502132 287.47810979187489 515.66235646605492 177.59274991974235
leaf_count=651 548 415 2149 923 1182 447
internal_value=0.000260735 0.00207117 0.00291401 -0.00177013 0 -0.00456682
internal_weight=2638.2 1410.2 1256.28 1227.99 762.924 465.071
internal_count=6315 3112 2697 3203 1833 1370
is_linear=0
shrinkage=0.03


Tree=44
num_leaves=6
num_cat=0
split_feature=0 0 7 7 3
split_gain=7.10186 9.41558 10.2135 6.0709 2.15935
threshold=0.055216835811734206 -0.48512971401214594 1.0000000180025095e-35 1.0000000180025095e-35 -0.51803639531135548
decision_type=2 2 2 2 2
left_child=1 2 -1 -2 -3
right_child=3 4 -4 -5 -6
leaf_value=-0.0010010719681197505 0.012161551658401751 -0.0017074318437441671 0.0033989321269848769 -0.0010502115935402002 -0.0098039489026450436
leaf_weight=1743.1364727802575 57.815187349915504 84.671973541378975 627.87392091751099 34.713663883507252 87.564576901495457
leaf_count=4341 141 195 1380 90 230
internal_value=0 -0.000334039 0.000157696 0.00736604 -0.00672753
internal_weight=2635.78 2543.25 2371.01 92.5289 172.237
internal_count=6377 6146 5721 231 425
is_linear=0
shrinkage=0.03


Tree=45
num_leaves=7
num_cat=0
split_feature=1 2 0 2 4 0
split_gain=7.66781 7.51413 8.93747 5.43875 4.82129 3.23447
threshold=0.19110777229070666 -0.36745615303516382 -2.4130936861038204 0.026678652502596382 1.0000000180025095e-35 -2.2704828977584834
decision_type=2 2 2 2 2 2
left_child=1 2 -1 -3 5 -2
right_child=4 3 -4 -5 -6 -7
leaf_value=0.0074867283824957059 -0.010343116744769943 0.0031530413838423317 -0.0058545990475224359 -0.00021589525149867545 0.0013815111667342603 -0.0026306404131950616
leaf_weight=34.629413649439812 56.120350576937199 1225.4980030208826 211.29326579719782 607.13567665219307 166.65340017527342 344.93425549939275
leaf_count=84 189 2736 575 1473 406 966
internal_value=0.000463986 0.00132785 -0.00332854 0.00201427 -0.00253437 -0.00429239
internal_weight=2646.26 2078.56 245.923 1832.63 567.708 401.055
internal_count=6429 4868 659 4209 1561 1155
is_linear=0
shrinkage=0.03


Tree=46
num_leaves=7
num_cat=0
split_feature=3 0 3 1 2 2
split_gain=7.8295 6.42218 11.4597 8.57212 4.67593 4.52806
threshold=0.48036541044712072 -1.4730488657951353 -1.1394723057746885 -0.45928634703159327 -0.20419228076934812 -0.37652556598186487
decision_type=2 2 2 2 2 2
left_child=1 2 -1 -3 5 -2
right_child=4 3 -4 -5 -6 -7
leaf_value=-0.0045501956725752472 -0.0051983602529111521 -0.0078646427523424104 0.0013481907287405546 0.0028306875479151869 -0.0064894022852338105 0.006080751180662783
leaf_weight=465.98700541257858 34.973571091890335 50.238408975303173 721.93736810609698 1070.7033969089389 229.20613707043231 52.245054122060537
leaf_count=1201 130 122 1743 2307 758 135
internal_value=-5.28068e-05 0.000542744 -0.000952926 0.0021693 -0.00435065 0.000872346
internal_weight=2625.29 2308.87 1187.92 1120.94 316.425 87.2186
internal_count=6396 5373 2944 2429 1023 265
is_linear=0
shrinkage=0.03


Tree=47
num_leaves=5
num_cat=0
split_feature=1 1 3 3
split_gain=4.69077 4.91278 4.41633 1.74363
threshold=-0.69011947512626637 0.35016807913780218 1.5507706403732302 -0.4178196638822555
decision_type=2 2 2 2
left_child=-1 2 -2 -3
right_child=1 3 -4 -5
leaf_value=-0.0077045401374989048 0.0014013131038311424 -0.0051280465060404854 -0.0054238472746721998 0
leaf_weight=40.697267323732376 2238.8245367128402 139.18562966585159 66.104014933109283 104.43183241784573
leaf_count=99 5326 383 188 352
internal_value=0.000467605 0.00068044 0.00113479 -0.00315064
internal_weight=2589.24 2548.55 2304.93 243.617
internal_count=6348 6249 5514 735
is_linear=0
shrinkage=0.03


Tree=48
num_leaves=7
num_cat=0
split_feature=3 1 1 2 2 3
split_gain=6.67582 4.68804 10.6046 6.05164 2.21624 2.5788
threshold=0.31071940064430242 -0.098204977810382829 -0.40462543070316309 -0.058258235454559319 -0.048522513359785073 0.78737303614616405
decision_type=2 2 2 2 2 2
left_child=1 2 -1 -3 -2 -6
right_child=4 3 -4 -5 5 -7
leaf_value=-0.0038908635770787945 -0.00098860237673262913 -0.0042391394891403058 0.0038770673276970324 0.00032136213947351667 -0.0092722491644682218 -0.001449591226440267
leaf_weight=182.33633870631456 190.49303699284792 321.45428049564362 651.33173894882202 1035.062742549926 95.913423016667366 101.69793498516083
leaf_count=425 551 701 1486 2496 315 361
internal_value=-0.000335669 0.00029279 0.00205646 -0.000761643 -0.0038698 -0.00602538
internal_weight=2578.29 2190.19 833.668 1356.52 388.104 197.611
internal_count=6335 5108 1911 3197 1227 676
is_linear=0
shrinkage=0.03


Tree=49
num_leaves=7
num_cat=0
split_feature=0 3 2 0 3 2
split_gain=11.5055 13.231 12.8348 7.74455 6.34853 4.92708
threshold=-1.4730488657951353 -1.1003577709197996 0.16970987617969516 -2.5035854578018184 -1.6361442804336546 -0.042993521317839616
decision_type=2 2 2 2 2 2
left_child=3 4 -3 5 -2 -1
right_child=1 2 -4 -5 -6 -7
leaf_value=0.0086110735675104348 0.0016489934141874375 0.0019993246385106691 -0.006174499162279563 -0.0029407100921582116 0.0096287246455228331 -0.00078581011462670229
leaf_weight=72.445117764174938 194.20973198115826 617.85491446405649 216.59469135478139 1119.3617837931961 217.41418164223433 81.164484232664108
leaf_count=182 426 1384 582 3017 465 221
internal_value=-2.37591e-05 0.00198539 -0.000146966 -0.00203715 0.00625365 0.00378179
internal_weight=2519.04 1246.07 834.45 1272.97 411.624 153.61
internal_count=6277 2857 1966 3420 891 403
is_linear=0
shrinkage=0.03


Tree=50
num_leaves=7
num_cat=0
split_feature=1 3 3 1 4 3
split_gain=4.64687 5.49246 4.94069 4.06672 2.46931 14.5001
threshold=0.19110777229070666 -0.49253609776496882 -1.5378904938697813 -0.37969832122325892 1.0000000180025095e-35 -0.80181327462196339
decision_type=2 2 2 2 2 2
left_child=1 2 -1 -3 -2 -6
right_child=4 3 -4 -5 5 -7
leaf_value=-0.0012029485332680577 -0.0040481947050033436 -0.0063785381529457199 0.0028584507842988075 -0.00054206606781052164 -0.0074207215510327107 0.00888678328806977
leaf_weight=357.24347427859902 385.34264999628067 115.26998476684093 827.56965821236372 708.80356189236045 83.065339844673872 73.380665108561516
leaf_count=911 1134 306 1815 1794 207 185
internal_value=-0.000383099 0.000261743 0.00158442 -0.00156134 -0.0028051 2.85331e-05
internal_weight=2550.68 2008.89 1184.81 824.074 541.789 156.446
internal_count=6352 4826 2726 2100 1526 392
is_linear=0
shrinkage=0.03


Tree=51
num_leaves=5
num_cat=0
split_feature=0 1 3 7
split_gain=7.50025 10.4266 6.43924 3.29814
threshold=0.14348567277193072 0.40420493483543402 0.65504670143127453 1.0000000180025095e-35
decision_type=2 2 2 2
left_child=1 2 -1 -3
right_child=-2 3 -4 -5
leaf_value=0.00060460397349679717 0.0085511582144205747 -0.0095378234998406263 -0.0046318288111466743 0
leaf_weight=2090.3073087781668 65.420894116163254 121.92479870468378 214.5098562836647 49.097077906131744
leaf_count=4938 185 408 708 125
internal_value=-0.00015539 -0.00047617 5.57853e-05 -0.00721453
internal_weight=2541.26 2475.84 2304.82 171.022
internal_count=6364 6179 5646 533
is_linear=0
shrinkage=0.03


Tree=52
num_leaves=6
num_cat=0
split_feature=0 1 0 2 2
split_gain=7.78103 8.3256 7.37284 3.28141 0.120629
threshold=0.14348567277193072 0.21836486458778384 -2.5664457082748409 0.11171637848019601 0.10576033219695093
decision_type=2 2 2 2 2
left_child=1 2 -1 -3 -2
right_child=4 3 -4 -5 -6
leaf_value=0.0099274923541408256 0.0023683682821611153 0.00065659532733268531 0.00012954851298115178 -0.0051510593870426951 0.011384527034302549
leaf_weight=52.357067346572876 37.410894885659218 85.693266615271568 1946.7708717808127 360.36283158883452 30.685902044177055
leaf_count=127 102 226 4705 1087 91
internal_value=0 -0.000298865 0.000511665 -0.0039263 0.0087745
internal_weight=2513.28 2445.18 1999.13 446.056 68.0968
internal_count=6338 6145 4832 1313 193
is_linear=0
shrinkage=0.03


Tree=53
num_leaves=7
num_cat=0
split_feature=2 3 3 3 3 3
split_gain=4.66778 9.04369 11.4857 6.48886 5.68289 7.51452
threshold=0.23462251573801043 -1.2675358057022093 -0.50153818726539601 -1.8276427388191221 -1.1003577709197996 -0.47175073623657221
decision_type=2 2 2 2 2 2
left_child=1 3 -3 -1 -2 -6
right_child=4 2 -4 -5 5 -7
leaf_value=0.0019374158055684414 0.002133909682365012 0.0051456495306538867 0 -0.0043490071693765278 -0.010802158353010736 -0.00063520331391865158
leaf_weight=205.59591369330883 142.22774228453636 672.25104656815529 855.87216247618198 375.67216572165489 95.031827311962843 190.95459374412894
leaf_count=524 338 1478 2202 923 284 633
internal_value=0.00044705 0.00104903 0.0022721 -0.00203521 -0.00229893 -0.00469495
internal_weight=2537.61 2109.39 1528.12 581.268 428.214 285.986
internal_count=6382 5127 3680 1447 1255 917
is_linear=0
shrinkage=0.03


Tree=54
num_leaves=7
num_cat=0
split_feature=2 2 7 6 0 0
split_gain=6.30286 7.16994 5.85106 5.43235 4.92541 1.13668
threshold=-0.37652556598186487 -0.34309475123882288 1.0000000180025095e-35 1.0000000180025095e-35 -0.93713289499282826 -1.3319562077522276
decision_type=2 2 2 2 2 2
left_child=2 -2 3 -1 -3 -4
right_child=1 4 5 -5 -6 -7
leaf_value=0.0030948869983605611 0.010253063999257272 0.0012833665329596915 -0.014384125746544197 -0.0067859412177390449 -0.0019372753879827076 -0.0020040681657227596
leaf_weight=106.6127702742815 50.97250933945179 1742.3728926572949 30.251429177820683 60.933754682540894 534.94991190358996 31.782008074223995
leaf_count=289 119 4398 98 174 1264 82
internal_value=0.000314371 0.000815215 -0.00418286 -0.000519122 0.000490432 -0.0108078
internal_weight=2557.88 2328.3 229.58 167.547 2277.32 62.0334
internal_count=6424 5781 643 463 5662 180
is_linear=0
shrinkage=0.03


Tree=55
num_leaves=7
num_cat=0
split_feature=0 0 3 0 0 2
split_gain=10.0819 7.1904 5.87666 5.10803 4.19257 2.17589
threshold=-1.4730488657951353 -2.5577528476715083 -1.1610087752342222 -1.4282999038696287 -1.3663197159767149 0.026678652502596382
decision_type=2 2 2 2 2 2
left_child=1 5 -3 -2 -5 -1
right_child=3 2 -4 4 -6 -7
leaf_value=0.0095791021845532641 0.008936292267945305 -0.0050303437889131098 -0.00051954957606282365 -0.0039739410623697586 0.0021748740602335688 0
leaf_weight=43.311423651874065 80.508713603019714 396.35889072716236 802.46107588335872 85.166111320257187 1086.0111838690937 30.961960379034281
leaf_count=105 179 1066 2194 183 2551 88
internal_value=0.000356216 -0.00148419 -0.00211823 0.00226918 0.00161816 0.00639143
internal_weight=2524.78 1273.09 1198.82 1251.69 1171.18 74.2734
internal_count=6366 3453 3260 2913 2734 193
is_linear=0
shrinkage=0.03


Tree=56
num_leaves=4
num_cat=0
split_feature=1 0 0
split_gain=4.90491 5.83697 6.21192
threshold=-0.69011947512626637 -2.6138979196548457 -1.4730488657951353
decision_type=2 2 2
left_child=-1 -2 -3
right_child=1 2 -4
leaf_value=-0.0085160931714338816 0.0094177790142305692 -0.0017295439615132508 0.0012678013275331803
leaf_weight=42.28207977861166 37.961697712540627 1223.3298633620143 1214.3003009483218
leaf_count=109 102 3321 2849
internal_value=-0.000200985 0 -0.000213843
internal_weight=2517.87 2475.59 2437.63
internal_count=6381 6272 6170
is_linear=0
shrinkage=0.03


Tree=57
num_leaves=7
num_cat=0
split_feature=3 1 1 2 2 2
split_gain=6.05232 4.3153 3.04677 4.29563 3.70007 2.93723
threshold=0.65504670143127453 -0.69011947512626637 -0.015616970136761664 0.44864128530025488 -0.27906428277492518 0.16970987617969516
decision_type=2 2 2 2 2 2
left_child=1 -1 4 -4 -2 -3
right_child=2 5 3 -5 -6 -7
leaf_value=-0.0077916712894129962 0 0.0013398994694926235 0.0021965230522395531 -0.0085226167717724292 -0.010864705137475884 -0.0011455119193303515
leaf_weight=33.935796774923801 40.538155980408192 1730.8012221492827 101.75234004110098 25.477025989443064 72.253264661878347 524.50185488536954
leaf_count=81 139 4089 349 96 232 1430
internal_value=0 0.00051182 -0.00431535 -0.000408556 -0.00754513 0.000730524
internal_weight=2529.26 2289.24 240.021 127.229 112.791 2255.3
internal_count=6416 5600 816 445 371 5519
is_linear=0
shrinkage=0.03


Tree=58
num_leaves=6
num_cat=0
split_feature=0 0 2 2 1
split_gain=4.75297 5.43784 6.70637 4.80371 0.893825
threshold=0.055216835811734206 -0.50616398453712452 0.044121222570538528 0.54623302817344677 0.14684931933879855
decision_type=2 2 2 2 2
left_child=1 3 -3 -1 -2
right_child=4 2 -4 -5 -6
leaf_value=0.0007395879994709757 0.0089205340558290644 0 -0.010722322410911924 -0.005588989769076169 0.0002471196238385737
leaf_weight=2145.355966810137 45.824073627591133 104.13924779742956 71.851686134934425 92.325125001370907 32.395297914743423
leaf_count=5406 119 260 189 282 92
internal_value=0.000251668 0 -0.0048046 0.000404702 0.00672101
internal_weight=2491.89 2413.67 175.991 2237.68 78.2194
internal_count=6348 6137 449 5688 211
is_linear=0
shrinkage=0.03


Tree=59
num_leaves=7
num_cat=0
split_feature=2 2 5 2 4 2
split_gain=4.66271 6.60729 4.50256 3.63458 5.34733 4.36702
threshold=0.023950153030455116 0.077925696969032301 1.0000000180025095e-35 -0.16765401512384412 1.0000000180025095e-35 -0.20419228076934812
decision_type=2 2 2 2 2 2
left_child=3 -2 -3 5 -5 -1
right_child=1 2 -4 4 -6 -7
leaf_value=0.00055406881551359546 -0.0063842612677600654 0.00069928399985616952 -0.0044828885219283651 0.0038426595176249663 -0.0018282630830121624 -0.0053982829976749313
leaf_weight=594.48876132816076 187.90752096474171 693.75138700008392 168.95026192069054 581.95068672299385 169.66250652819872 113.17990209162235
leaf_count=1513 478 1799 588 1336 416 276
internal_value=-3.45466e-05 -0.00156478 -0.00032619 0.00103284 0.00247059 -0.000437663
internal_weight=2509.89 1050.61 862.702 1459.28 751.613 707.669
internal_count=6406 2865 2387 3541 1752 1789
is_linear=0
shrinkage=0.03


Tree=60
num_leaves=7
num_cat=0
split_feature=3 1 3 5 3 7
split_gain=2.9393 3.78468 4.70347 4.42956 2.34065 4.24852
threshold=0.55922260880470287 -0.042627507820725434 -0.47175073623657221 1.0000000180025095e-35 0.98105046153068554 1.0000000180025095e-35
decision_type=2 2 2 2 2 2
left_child=1 2 -1 -3 5 -2
right_child=4 3 -4 -5 -6 -7
leaf_value=0.0030379451379609463 -0.0085729311123452188 6.8547013911575958e-05 -0.0010639485278340552 -0.0042911591585243292 -7.8854709638528388e-05 0.0023812689586525737
leaf_weight=695.66846672445536 90.638218834996223 944.27166887745261 348.19411992281675 240.63371549546719 165.63067774102092 24.070678427815437
leaf_count=1636 334 2247 845 682 548 70
internal_value=-5.06457e-05 0.000297985 0.00161903 -0.000823569 -0.00285739 -0.00581661
internal_weight=2509.11 2228.77 1043.86 1184.91 280.34 114.709
internal_count=6362 5410 2481 2929 952 404
is_linear=0
shrinkage=0.03


Tree=61
num_leaves=7
num_cat=0
split_feature=5 3 2 2 2 2
split_gain=3.82458 9.1983 7.57048 5.45771 4.85573 3.19691
threshold=1.0000000180025095e-35 -0.90247467160224903 -0.37652556598186487 0.23462251573801043 -0.13668790459632871 -0.50427457690238942
decision_type=2 2 2 2 2 2
left_child=2 -2 5 -4 -3 -1
right_child=1 4 3 -5 -6 -7
leaf_value=0 -0.007958197584122903 0.0042184146751729152 0.0019511123918924331 -0.0021221844150243127 -0.0022207817125408113 -0.0087044309203987494
leaf_weight=80.365341991186142 158.90959707275033 147.82588302344084 1407.5366078466177 343.11835751309991 260.83997173607349 85.218944765627384
leaf_count=249 444 365 3317 953 825 244
internal_value=-0.000142674 -0.00227975 0.000476332 0.00110393 5.66289e-05 -0.0052396
internal_weight=2483.81 567.575 1916.24 1750.65 408.666 165.584
internal_count=6397 1634 4763 4270 1190 493
is_linear=0
shrinkage=0.03


Tree=62
num_leaves=5
num_cat=0
split_feature=1 3 7 4
split_gain=7.99793 3.68052 13.4181 5.83145
threshold=0.78886717557907116 -1.5378904938697813 1.0000000180025095e-35 1.0000000180025095e-35
decision_type=2 2 2 2
left_child=1 2 -1 -3
right_child=-2 3 -4 -5
leaf_value=-0.006412574094232076 -0.011728033619116842 -2.2756870234063664e-05 0.0034309070683410238 0.0037832913240707596
leaf_weight=262.71547603607178 31.354557063430548 1562.367869110778 197.53124336525798 440.03266659379005
leaf_count=747 107 4033 444 1080
internal_value=0 0.000232745 -0.00209602 0.000813107
internal_weight=2494 2462.65 460.247 2002.4
internal_count=6411 6304 1191 5113
is_linear=0
shrinkage=0.03


Tree=63
num_leaves=6
num_cat=0
split_feature=2 2 5 4 1
split_gain=6.27283 8.72717 4.34492 6.52199 3.98497
threshold=-0.37652556598186487 -0.34309475123882288 1.0000000180025095e-35 1.0000000180025095e-35 -0.31479947268962855
decision_type=2 2 2 2 2
left_child=2 -2 3 -1 -3
right_child=1 4 -4 -5 -6
leaf_value=-0.010974417543885165 0.010018592570548521 -0.0045483283351411075 0.0011042691561949491 0.00042418960493843366 1.9360473668995514e-05
leaf_weight=112.06063257902861 55.754539683461189 165.4524646922946 54.070418801158667 51.706579595804214 2021.4753963202238
leaf_count=347 132 404 143 151 5198
internal_value=-0.000484616 0 -0.00511726 -0.00739453 -0.000337109
internal_weight=2460.52 2242.68 217.838 163.767 2186.93
internal_count=6375 5734 641 498 5602
is_linear=0
shrinkage=0.03


Tree=64
num_leaves=6
num_cat=0
split_feature=0 0 1 1 2
split_gain=8.50197 9.09663 7.66615 4.76484 1.54637
threshold=-2.5664457082748409 -1.5528596043586729 -0.35952247679233545 -0.049957826733589165 0.005981084657832981
decision_type=2 2 2 2 2
left_child=4 3 -3 -2 -1
right_child=1 2 -4 -5 -6
leaf_value=0.011165609737028497 -0.00057962075779060163 -0.0055582626711356536 0.0016208986847886086 -0.0047538849444804599 0.00038962488500763178
leaf_weight=43.414051294326782 502.10254688560963 128.54268515110016 1183.6689293123782 560.1089659370482 31.856336068361998
leaf_count=100 1364 325 2826 1664 91
internal_value=-0.000464327 -0.000833189 0.000799712 -0.00288335 0.00827394
internal_weight=2449.69 2374.42 1312.21 1062.21 75.2704
internal_count=6370 6179 3151 3028 191
is_linear=0
shrinkage=0.03


Tree=65
num_leaves=7
num_cat=0
split_feature=2 2 1 2 1 2
split_gain=3.04778 3.70749 3.33322 5.45565 4.47672 0.693231
threshold=-0.37652556598186487 -0.61466440558433522 -0.066267542541027055 0.20443183183670047 -0.0067400143016129723 -0.43360558152198786
decision_type=2 2 2 2 2 2
left_child=1 -1 3 -2 -4 -3
right_child=2 5 4 -5 -6 -7
leaf_value=0.0030585534984435476 0.0028061561071131328 -0.0019469303851079539 -0.0038962550549397823 -0.0068878665759222087 0.00062601759798180273 -0.0075012415986369409
leaf_weight=49.248426146805286 845.00105702131987 110.8514499142766 215.65620809793472 33.585223861038685 1158.7938270531595 61.629808187484741
leaf_count=146 2023 323 531 101 3092 182
internal_value=0.000442016 -0.00271081 0.000799815 0.00222376 -8.62211e-05 -0.00481649
internal_weight=2474.77 221.73 2253.04 878.586 1374.45 172.481
internal_count=6398 651 5747 2124 3623 505
is_linear=0
shrinkage=0.03


Tree=66
num_leaves=7
num_cat=0
split_feature=2 3 3 1 1 1
split_gain=5.84117 6.89597 10.4799 5.12222 4.77985 12.276
threshold=0.18492271006107333 -1.1505565047264097 -0.49253609776496882 -0.036904856562614434 0.063681211322546019 0.12078155577182771
decision_type=2 2 2 2 2 2
left_child=1 3 -3 -1 -2 -6
right_child=4 2 -4 -5 5 -7
leaf_value=0.00056935054814549844 -0.0082445176593569161 0.0052838177111601322 -8.0568683024616566e-05 -0.0047128915976029379 0.011608638282481839 -0.0028923083664130936
leaf_weight=346.01086371578276 93.372179284691811 523.52385770529509 770.49631682783365 264.09332048520446 39.308260768651962 404.5556103438139
leaf_count=912 270 1167 2025 669 104 1217
internal_value=3.39335e-05 0.000840735 0.00209144 -0.00169895 -0.00264548 -0.00103362
internal_weight=2441.36 1904.12 1294.02 610.104 537.236 443.864
internal_count=6364 4773 3192 1581 1591 1321
is_linear=0
shrinkage=0.03


Tree=67
num_leaves=6
num_cat=0
split_feature=0 1 1 7 3
split_gain=6.44441 6.65735 6.6917 2.22103 2.01606
threshold=0.1032959818840027 0.37283888459205633 0.27284161746501928 1.0000000180025095e-35 -0.50153818726539601
decision_type=2 2 2 2 2
left_child=1 2 -1 -3 -2
right_child=4 3 -4 -5 -6
leaf_value=-5.4037816114322224e-05 0.011218591228664301 -0.0069899248054681277 0.0064648096618221702 0 4.5374777752177544e-05
leaf_weight=2055.1166617870331 40.873384490609169 138.10642017796636 130.96399467810988 60.938376948237419 34.146028444170952
leaf_count=5189 119 496 373 153 90
internal_value=0.000173077 -0.000106487 0.000364365 -0.00511281 0.0078444
internal_weight=2460.14 2385.13 2186.08 199.045 75.0194
internal_count=6420 6211 5562 649 209
is_linear=0
shrinkage=0.03


Tree=68
num_leaves=7
num_cat=0
split_feature=3 0 0 3 2 2
split_gain=6.08567 5.98121 5.18253 2.94671 1.79404 2.45857
threshold=-1.9960231781005857 0.055216835811734206 -0.48512971401214594 -0.51244613528251637 -0.095363043248653398 0.084104247391223921
decision_type=2 2 2 2 2 2
left_child=4 2 -2 -3 -1 -6
right_child=1 3 -4 -5 5 -7
leaf_value=0 -0.00034216807307543108 0.011135499090169244 -0.0058456010422828436 0 0.012006975492188975 0.00036923070168503556
leaf_weight=38.244944982230663 2085.4562669843435 37.322270765900612 150.16738674044609 42.704316779971123 41.289361722767353 39.589742664247751
leaf_count=112 5431 108 407 107 100 104
internal_value=-6.19635e-05 -0.000448499 -0.000786989 0.00667435 0.00600494 0.00810775
internal_weight=2434.77 2315.65 2235.62 80.0266 119.124 80.8791
internal_count=6369 6053 5838 215 316 204
is_linear=0
shrinkage=0.03


Tree=69
num_leaves=6
num_cat=0
split_feature=0 0 0 3 3
split_gain=7.03129 7.01771 6.51601 3.60199 0.0506955
threshold=0.055216835811734206 -0.50616398453712452 -1.4730488657951353 -0.042944146320223801 -0.16400951892137525
decision_type=2 2 2 2 2
left_child=1 2 -1 -3 -2
right_child=4 3 -4 -5 -6
leaf_value=-0.0010920995393192776 0.009391887223212941 -0.0083071965693555065 0.0021885307740302884 1.7186431144198923e-05 0.0015757603143878847
leaf_weight=1227.8087417334318 51.018789023160934 116.22138386592269 936.70749463513494 49.820430532097816 32.106693521142006
leaf_count=3473 147 286 2182 160 78
internal_value=0.000168363 -0.000144377 0.000307186 -0.00575364 0.00784586
internal_weight=2413.68 2330.56 2164.52 166.042 83.1255
internal_count=6326 6101 5655 446 225
is_linear=0
shrinkage=0.03


Tree=70
num_leaves=4
num_cat=0
split_feature=0 0 0
split_gain=4.47883 3.8648 3.33376
threshold=0.23407720029354098 -2.6138979196548457 -0.48512971401214594
decision_type=2 2 2
left_child=1 -1 -3
right_child=-2 2 -4
leaf_value=0.0068383395230018282 0.0069606186569326238 -0.00038662140770452387 -0.004557187200576387
leaf_weight=40.725293420255184 53.02099871635437 2157.061417132616 174.16733284294605
leaf_count=107 161 5632 476
internal_value=-0.000303898 -0.000548211 -0.000759839
internal_weight=2424.98 2371.95 2331.23
internal_count=6376 6215 6108
is_linear=0
shrinkage=0.03


Tree=71
num_leaves=5
num_cat=0
split_feature=1 3 5 5
split_gain=3.42462 3.90115 6.17423 3.18294
threshold=-0.69011947512626637 0.65504670143127453 1.0000000180025095e-35 1.0000000180025095e-35
decision_type=2 2 2 2
left_child=-1 2 -2 -3
right_child=1 3 -4 -5
leaf_value=-0.0076675443587368849 0.0010314974518190136 -0.0056854630167000484 -0.0027459698314831003 0.0012708651280242257
leaf_weight=38.280045479536057 1679.7541805878282 176.3630377240479 483.01280887424946 57.765590533614159
leaf_count=100 4169 553 1333 248
internal_value=-0.000444944 -0.000242274 0.000142953 -0.00376811
internal_weight=2435.18 2396.9 2162.77 234.129
internal_count=6403 6303 5502 801
is_linear=0
shrinkage=0.03


Tree=72
num_leaves=6
num_cat=0
split_feature=0 1 0 1 1
split_gain=6.91882 5.97487 8.80124 8.0693 0.488586
threshold=0.14348567277193072 -0.071524821221828447 -0.66802942752838124 -0.084370445460081087 0.12369249761104585
decision_type=2 2 2 2 2
left_child=1 3 -3 -1 -2
right_child=4 2 -4 -5 -6
leaf_value=0.0001302100292325858 0.0012655305612792682 -0.0010928261492273402 -0.0083635912469650665 0.011033251461952633 0.010993059917290434
leaf_weight=983.40091802924871 29.981642886996269 1181.59652104415 159.5093107521534 46.150636248290539 26.915088795125484
leaf_count=2523 90 3188 407 115 81
internal_value=-0.000488232 -0.000792238 -0.00211187 0.00087705 0.00830976
internal_weight=2427.55 2370.66 1341.11 1029.55 56.8967
internal_count=6404 6233 3595 2638 171
is_linear=0
shrinkage=0.03


Tree=73
num_leaves=5
num_cat=0
split_feature=0 1 0 0
split_gain=6.75202 6.08803 3.94006 0.586353
threshold=0.14348567277193072 0.50514316558837902 -2.5664457082748409 -1.7248640060424802
decision_type=2 2 2 2
left_child=1 2 -1 -3
right_child=-2 3 -4 -5
leaf_value=0.0063658947713567679 0.0085587955018042068 -0.009421144234707567 -0.00021459087803258548 -0.0020996390151138836
leaf_weight=65.000196389853954 59.37666043639183 46.568788543343544 2183.7784881405532 62.059148568660021
leaf_count=165 185 163 5666 194
internal_value=-2.12939e-05 -0.000332824 3.61055e-06 -0.00668166
internal_weight=2416.78 2357.41 2248.78 108.628
internal_count=6373 6188 5831 357
is_linear=0
shrinkage=0.03


Tree=74
num_leaves=6
num_cat=0
split_feature=0 0 3 3 1
split_gain=10.5348 5.35328 4.52833 2.17394 0.580844
threshold=0.055216835811734206 -2.5664457082748409 0.67444568872451793 -0.47175073623657221 -0.047690106555819504
decision_type=2 2 2 2 2
left_child=1 3 -3 -1 -2
right_child=4 2 -4 -5 -6
leaf_value=0.010401972507086403 0.0017393627706711826 -7.5810586804483457e-06 -0.0045240571491748779 0 0.012110438849151554
leaf_weight=38.414655759930611 30.181053444743156 2045.2265995983034 204.82003471255302 30.311167895793915 47.369770631194115
leaf_count=92 84 5210 717 86 142
internal_value=0.000203887 -0.000175521 -0.00048138 0.0070132 0.00987342
internal_weight=2396.32 2318.77 2250.05 68.7258 77.5508
internal_count=6331 6105 5927 178 226
is_linear=0
shrinkage=0.03


Tree=75
num_leaves=5
num_cat=0
split_feature=0 0 2 3
split_gain=3.70249 4.24377 6.92062 6.42218
threshold=0.23407720029354098 -0.50616398453712452 0.26167887449264532 -1.5170499086380003
decision_type=2 2 2 2
left_child=1 2 -1 -3
right_child=-2 3 -4 -5
leaf_value=0.0010312652477924655 0.0070615632552190792 -0.013967825555506318 -0.003610013686110559 -0.00068839249803888099
leaf_weight=1859.2169889658689 47.346985504031181 27.838056594133377 319.44301581569016 148.24145189300179
leaf_count=4727 151 75 973 424
internal_value=0.000117313 -5.53461e-05 0.000296807 -0.00430443
internal_weight=2402.09 2354.74 2178.66 176.08
internal_count=6350 6199 5700 499
is_linear=0
shrinkage=0.03


Tree=76
num_leaves=7
num_cat=0
split_feature=1 0 0 3 3 4
split_gain=5.82748 4.20412 7.83811 5.86385 2.04268 5.60768
threshold=0.35016807913780218 -1.4730488657951353 -1.2794470787048338 0.025839150883257393 -1.0907334089279173 1.0000000180025095e-35
decision_type=2 2 2 2 2 2
left_child=1 3 -3 -1 -2 -6
right_child=4 2 -4 -5 5 -7
leaf_value=0.00011939912968581665 0 0.0061490645080659479 8.0332653467002883e-05 -0.0048981374758336688 -0.009791927499509339 0.0014058503892266582
leaf_weight=852.38069067895412 79.985228054225445 238.2144518122077 826.26631151139736 248.84348006919026 105.48970933631063 40.036585845053196
leaf_count=2232 212 534 2026 801 415 121
internal_value=-0.000238013 0.000230173 0.0015821 -0.00102805 -0.00463111 -0.00655113
internal_weight=2391.22 2165.7 1064.48 1101.22 225.512 145.526
internal_count=6341 5593 2560 3033 748 536
is_linear=0
shrinkage=0.03


Tree=77
num_leaves=6
num_cat=0
split_feature=0 2 0 7 2
split_gain=5.15996 5.50976 4.14565 1.59247 0.170679
threshold=0.14348567277193072 0.54623302817344677 -2.5664457082748409 1.0000000180025095e-35 0.11171637848019601
decision_type=2 2 2 2 2
left_child=1 2 -1 -3 -2
right_child=4 3 -4 -5 -6
leaf_value=0.0062434631912522947 0.001200940518043075 -0.0092654389312282863 -0.00046746123498400417 0 0.0097111656283174891
leaf_weight=65.522870138287544 29.401254594326019 61.58862929046154 2178.7779237572104 29.267419300973415 24.697094589471817
leaf_count=166 92 224 5707 71 81
internal_value=-0.000276583 -0.000543382 -0.00019162 -0.00708905 0.0074683
internal_weight=2389.26 2335.16 2244.3 90.856 54.0983
internal_count=6341 6168 5873 295 173
is_linear=0
shrinkage=0.03


Tree=78
num_leaves=7
num_cat=0
split_feature=0 3 1 0 5 5
split_gain=6.23821 12.3877 10.4018 8.17757 5.88743 3.41162
threshold=-1.5528596043586729 -0.19686485081911084 -0.45928634703159327 -2.5035854578018184 1.0000000180025095e-35 1.0000000180025095e-35
decision_type=2 2 2 2 2 2
left_child=1 4 -2 -3 -1 -4
right_child=2 3 5 -5 -6 -7
leaf_value=0.0019403464388203534 -0.0086887549273953184 0.0030745406606947226 0.001302714177045109 -0.0083127250380448051 -0.0038481915625775747 0.0055502460645930254
leaf_weight=599.75038264319301 63.439259752631187 50.467095363885164 994.09707419574261 277.41970927082002 189.65138675272465 213.0073568597436
leaf_count=1564 173 151 2392 950 580 564
internal_value=1.22022e-05 -0.00158268 0.00146399 -0.00631158 0.000414815 0.00217938
internal_weight=2387.83 1117.29 1270.54 327.887 789.402 1207.1
internal_count=6374 3245 3129 1101 2144 2956
is_linear=0
shrinkage=0.03


Tree=79
num_leaves=6
num_cat=0
split_feature=0 1 3 3 1
split_gain=6.49514 4.89305 5.66142 2.64828 2.08972
threshold=0.055216835811734206 0.11746778711676599 0.63732892274856578 0.10080986469984056 0.14684931933879855
decision_type=2 2 2 2 2
left_child=1 2 -1 -3 -2
right_child=4 3 -4 -5 -6
leaf_value=0.00098325343572124133 0.010289733462662869 -0.0036168204328444011 -0.0046968645400118098 0.00050350979936625013 0
leaf_weight=1468.7856127489358 47.887297995388508 526.33534288033843 155.05264608561993 150.50540047697723 29.385985665023327
leaf_count=3657 138 1424 540 532 93
internal_value=-0.000170977 -0.000512131 0.00035384 -0.00262635 0.00738636
internal_weight=2377.95 2300.68 1623.84 676.841 77.2733
internal_count=6384 6153 4197 1956 231
is_linear=0
shrinkage=0.03


Tree=80
num_leaves=7
num_cat=0
split_feature=3 3 4 2 6 1
split_gain=3.16019 4.27605 9.94149 5.51249 2.46316 2.23419
threshold=0.65504670143127453 -1.2807053327560423 1.0000000180025095e-35 0.17378195375204089 1.0000000180025095e-35 0.088997080922126784
decision_type=2 2 2 2 2 2
left_child=1 2 -1 -3 5 -2
right_child=4 3 -4 -5 -6 -7
leaf_value=0.0011202979493457001 -0.0032780323842207314 0.0023612202918452535 -0.0062853361029214377 -0.0018726438723944486 -0.0064181379730218939 0.0035092226651526012
leaf_weight=435.42888236604631 78.251317419111729 1176.1376891806722 228.35395756363869 328.0391739718616 90.931759916245937 57.551281575113535
leaf_count=1097 286 2851 634 1034 329 206
internal_value=9.93573e-05 0.000485301 -0.00144896 0.00138605 -0.00308794 0
internal_weight=2394.69 2167.96 663.783 1504.18 226.734 135.803
internal_count=6437 5616 1731 3885 821 492
is_linear=0
shrinkage=0.03


Tree=81
num_leaves=7
num_cat=0
split_feature=0 0 5 1 1 2
split_gain=7.37332 5.14606 5.04579 3.68312 4.69593 0.209241
threshold=-1.5528596043586729 -2.6138979196548457 1.0000000180025095e-35 -0.4288173764944076 -0.14223886281251905 -0.47011715173721308
decision_type=2 2 2 2 2 2
left_child=1 -1 -3 5 -5 -2
right_child=3 2 -4 4 -6 -7
leaf_value=0.0068014827054233892 0 -0.00086422045863770417 -0.005567757221758454 0.0051096195293230595 0.00076655132215726015 -0.0050305267996831448
leaf_weight=37.338301479816437 32.316647186875343 776.87712544761598 287.29296812415123 307.12939888238907 889.09749534726143 46.76075679063797
leaf_count=104 97 2173 949 748 2207 115
internal_value=0 -0.00179189 -0.00226866 0.0015307 0.00199665 -0.00389246
internal_weight=2376.81 1101.51 1064.17 1275.3 1196.23 79.0774
internal_count=6393 3226 3122 3167 2955 212
is_linear=0
shrinkage=0.03


Tree=82
num_leaves=6
num_cat=0
split_feature=2 3 3 2 4
split_gain=5.18413 2.78423 3.39403 2.8057 0.727305
threshold=0.54623302817344677 0.65504670143127453 0.98105046153068554 -0.37652556598186487 1.0000000180025095e-35
decision_type=2 2 2 2 2
left_child=1 3 -3 -1 -2
right_child=4 2 -4 -5 -6
leaf_value=-0.0023039936377555531 -0.0074770712193814202 -0.0069511980554034505 6.6138861130693414e-05 0.0013177309545694446 0
leaf_weight=185.26038450747728 63.976859860122204 72.690136134624481 138.41985639184713 1872.1224001664668 31.030546378344297
leaf_count=545 230 271 477 4781 96
internal_value=0.000245395 0.000579665 -0.00248293 0.000943682 -0.00592711
internal_weight=2363.5 2268.49 211.11 2057.38 95.0074
internal_count=6400 6074 748 5326 326
is_linear=0
shrinkage=0.03


Tree=83
num_leaves=7
num_cat=0
split_feature=1 1 4 3 3 2
split_gain=4.10888 4.65444 4.18504 10.8379 3.85623 3.26437
threshold=0.19476024061441424 0.15925781428813937 1.0000000180025095e-35 -0.80181327462196339 -1.6202514767646787 -0.38316902518272394
decision_type=2 2 2 2 2 2
left_child=1 5 4 -4 -2 -1
right_child=2 -3 3 -5 -6 -7
leaf_value=-0.0028611693541734863 0.0027260740711331491 0.0067529280311228916 -0.0049057329405793161 0.0096912253323556737 -0.0049525696764716604 0.0010341179424480879
leaf_weight=195.27003638073802 47.121845178306103 99.559694599360228 74.505571968853474 66.011650521308184 316.98612266220152 1572.2308609690517
leaf_count=608 118 249 211 192 1019 4017
internal_value=0.000301871 0.000974006 -0.00201292 0.00193088 -0.00371241 0.00054301
internal_weight=2371.69 1867.06 504.625 140.517 364.108 1767.5
internal_count=6414 4874 1540 403 1137 4625
is_linear=0
shrinkage=0.03


Tree=84
num_leaves=7
num_cat=0
split_feature=0 3 3 0 0 1
split_gain=6.57989 6.38865 6.3281 3.94109 6.38619 1.56729
threshold=-1.4685729146003721 -2.051172018051147 -1.1394723057746885 0.055216835811734206 -0.48512971401214594 -0.047690106555819504
decision_type=2 2 2 2 2 2
left_child=1 -1 -3 4 -2 -5
right_child=3 2 -4 5 -6 -7
leaf_value=0.00754490442343826 0.0020481357599535142 -0.0051058537193079505 -0.00032834590579219273 0 -0.0043312526008179838 0.010113531050444676
leaf_weight=45.818515412509441 951.15047732368112 367.39351602643728 796.47542257606983 27.314592115581036 141.59347883611917 48.948888182640076
leaf_count=124 2278 1050 2324 79 404 154
internal_value=9.03117e-05 -0.00142269 -0.0019479 0.00170402 0.00110461 0.00765556
internal_weight=2378.69 1209.69 1163.87 1169.01 1092.74 76.2635
internal_count=6413 3498 3374 2915 2682 233
is_linear=0
shrinkage=0.03


Tree=85
num_leaves=6
num_cat=0
split_feature=2 3 1 2 2
split_gain=6.5626 5.61786 5.41267 3.29225 2.49669
threshold=0.031791158020496375 1.4779729843139651 -0.69011947512626637 0.050109980627894408 0.54623302817344677
decision_type=2 2 2 2 2
left_child=1 2 -1 -2 -5
right_child=3 -3 -4 4 -6
leaf_value=-0.0076550280462321556 -0.0083947237012151257 -0.0080202942727476204 0.0018112514171010421 -0.0008467568610059865 -0.0058483005730447296
leaf_weight=35.081063978374004 56.97336009517312 38.00464529171586 1319.9029399324208 787.04194604605436 92.691422879695892
leaf_count=102 158 122 3386 2277 321
internal_value=-0.000267504 0.00100499 0.00141475 -0.00220401 -0.00155871
internal_weight=2329.7 1392.99 1354.98 936.707 879.733
internal_count=6366 3610 3488 2756 2598
is_linear=0
shrinkage=0.03


Tree=86
num_leaves=7
num_cat=0
split_feature=2 3 4 3 2 3
split_gain=5.28743 7.77359 18.4803 7.04931 5.20421 3.73131
threshold=0.16970987617969516 -1.1003577709197996 1.0000000180025095e-35 -1.1394723057746885 0.43756449222564703 0.81903758645057689
decision_type=2 2 2 2 2 2
left_child=3 4 -3 -1 -2 -5
right_child=1 2 -4 5 -6 -7
leaf_value=-0.0015296687005866415 -0.0006436151812932385 -0.0086384167093836867 0.0058279474976611059 0.0029832398864634096 0.0089502505029335541 -0.0020149690587056867
leaf_weight=591.8109872136265 134.46361130848527 270.96213263273239 88.276377514004707 1068.0142573192716 51.80324998497963 124.44218970835209
leaf_count=1587 364 954 251 2662 127 437
internal_value=0.000238198 -0.00226201 -0.00480548 0.00105245 0.0023428 0.00238752
internal_weight=2329.77 545.505 359.239 1784.27 186.267 1192.46
internal_count=6382 1696 1205 4686 491 3099
is_linear=0
shrinkage=0.03


Tree=87
num_leaves=7
num_cat=0
split_feature=0 0 0 7 2 0
split_gain=4.44259 5.52413 5.13513 5.30902 5.11724 3.31995
threshold=-1.5528596043586729 -2.4950660467147823 -1.4282999038696287 1.0000000180025095e-35 0.018135846592485908 0.14348567277193072
decision_type=2 2 2 2 2 2
left_child=1 4 3 -2 -1 -4
right_child=2 -3 5 -5 -6 -7
leaf_value=0.0070787849895237029 0.0082617155749257262 -0.0027179043819274425 -0.00041818435926568848 -0.0018669030882195814 -0.0024924145091754835 0.0062417447071339022
leaf_weight=92.705493502318859 126.73445976525545 907.80101962946355 1028.3691547103226 46.522108048200607 64.550893031060696 51.9881801456213
leaf_count=237 311 2758 2554 107 197 178
internal_value=-0.00035729 -0.00178294 0.000815795 0.00531981 0.00297356 0
internal_weight=2318.67 1065.06 1253.61 173.257 157.256 1080.36
internal_count=6342 3192 3150 418 434 2732
is_linear=0
shrinkage=0.03


Tree=88
num_leaves=7
num_cat=0
split_feature=0 3 5 5 0 3
split_gain=4.16084 7.36181 4.84458 4.63822 4.50364 3.31887
threshold=-1.5528596043586729 0.25428511202335363 1.0000000180025095e-35 1.0000000180025095e-35 -2.486484050750732 -0.85214886069297779
decision_type=2 2 2 2 2 2
left_child=1 2 -1 5 -3 -2
right_child=3 4 -4 -5 -6 -7
leaf_value=0.0008608733384511657 0.0018490010308587065 0.0013628975138052436 -0.0039307719652541401 0.0046364641884096775 -0.0092117797478310087 -0.0014881281700922754
leaf_weight=674.65996160916984 480.20812803506851 29.144354280084372 237.59855360165238 227.65328115224838 134.72319166734815 556.60675840452313
leaf_count=1819 1150 107 752 611 560 1419
internal_value=-0.000185457 -0.00156263 -0.00038031 0.000945961 -0.00706105 6.45391e-06
internal_weight=2340.59 1076.13 912.259 1264.47 163.868 1036.81
internal_count=6418 3238 2571 3180 667 2569
is_linear=0
shrinkage=0.03


Tree=89
num_leaves=7
num_cat=0
split_feature=3 3 2 2 0 0
split_gain=3.58901 4.13195 16.3649 7.83856 2.64787 6.02121
threshold=-0.16400951892137525 -1.5378904938697813 -0.15893955528736112 -0.018799049779772755 -1.6651681661605833 -2.3112672567367549
decision_type=2 2 2 2 2 2
left_child=1 2 -1 -3 5 -2
right_child=4 3 -4 -5 -6 -7
leaf_value=-0.010693912259835797 0.00123948328771238 0.0038213050452880182 0.0016634569101352066 -0.00090888791614635251 -0.00024543010113112993 -0.0072903870109312747
leaf_weight=112.97027864679694 96.123870551586151 632.69812310487032 318.41065237298608 567.09852759540081 427.87146707996726 171.90162975899875
leaf_count=350 316 1491 838 1545 1209 628
internal_value=-0.000112273 0.000630769 -0.00177021 0.00155809 -0.00190673 -0.0041493
internal_weight=2327.07 1631.18 431.381 1199.8 695.897 268.026
internal_count=6377 4224 1188 3036 2153 944
is_linear=0
shrinkage=0.03


Tree=90
num_leaves=6
num_cat=0
split_feature=0 0 2 3 3
split_gain=4.11201 4.01574 5.09107 3.65342 1.60262
threshold=0.14348567277193072 -0.48512971401214594 -0.018799049779772755 1.5507706403732302 -0.51244613528251637
decision_type=2 2 2 2 2
left_child=1 3 -3 -1 -2
right_child=4 2 -4 -5 -6
leaf_value=0.00020380390320815086 0.0097198835352674227 0 -0.009739768399999708 -0.0065488764257097872 0
leaf_weight=2031.618255995214 31.064664922654629 90.701713174581528 70.339703135192394 54.681357149034739 23.772491708397865
leaf_count=5518 109 244 223 192 76
internal_value=-0.000153973 -0.000406047 -0.00469337 -5.19925e-06 0.0067225
internal_weight=2302.18 2247.34 161.041 2086.3 54.8372
internal_count=6362 6177 467 5710 185
is_linear=0
shrinkage=0.03


Tree=91
num_leaves=7
num_cat=0
split_feature=1 1 2 3 2 3
split_gain=3.07746 2.22399 2.0955 5.85156 5.55048 1.31914
threshold=0.42763337492942816 0.78886717557907116 -0.15183274447917935 -1.5378904938697813 0.023950153030455116 -1.3640033006668089
decision_type=2 2 2 2 2 2
left_child=2 5 3 -1 -4 -2
right_child=1 -3 4 -5 -6 -7
leaf_value=-0.0063981968893986902 -0.0048755218040207413 -0.009418232157870474 0.003310178860287383 0.00049624539527006839 -0.00032637105408744258 0.00068885413001480006
leaf_weight=112.90404122136533 31.443403132259846 25.866410821676254 642.93929726630449 593.25033538416028 810.30624297261238 92.59531532227993
leaf_count=373 81 94 1609 1551 2346 343
internal_value=0.000279999 -0.00356218 0.000604495 -0.000669312 0.00126487 -0.000786259
internal_weight=2309.31 149.905 2159.4 706.154 1453.25 124.039
internal_count=6397 518 5879 1924 3955 424
is_linear=0
shrinkage=0.03


Tree=92
num_leaves=6
num_cat=0
split_feature=0 0 1 1 7
split_gain=3.65453 4.01865 6.62975 5.27669 3.62397
threshold=0.055216835811734206 -0.48512971401214594 0.48820380866527563 -0.066267542541027055 1.0000000180025095e-35
decision_type=2 2 2 2 2
left_child=1 2 -1 -3 -2
right_child=4 3 -4 -5 -6
leaf_value=0.00068117407889209879 0.0098602984815699124 0.00061998303313527952 -0.0065912512420990875 -0.0094658595514712646 -0.00086286774865657479
leaf_weight=2006.9072827687487 47.439765237271786 69.999137967824936 98.822440456598997 71.579092539846897 27.928100273013115
leaf_count=5430 143 200 358 221 90
internal_value=0.000149415 -6.77406e-05 0.000252849 -0.00464838 0.00590996
internal_weight=2322.68 2247.31 2105.73 141.578 75.3679
internal_count=6442 6209 5788 421 233
is_linear=0
shrinkage=0.03


Tree=93
num_leaves=5
num_cat=0
split_feature=0 0 3 1
split_gain=4.76153 4.81429 7.75894 5.98763
threshold=0.14348567277193072 -2.3999272584915157 -1.1394723057746885 -0.4288173764944076
decision_type=2 2 2 2
left_child=1 2 -1 -3
right_child=-2 3 -4 -5
leaf_value=-0.0021145403820068895 0.0077214621262468282 -0.0063339760090627669 0.0075532323625197772 -4.6796838284145032e-05
leaf_weight=103.28158692270517 53.713332250714302 129.13291632011533 158.19733949750662 1843.1665918817744
leaf_count=271 182 386 465 5072
internal_value=0.000217839 -2.88964e-06 0.00364248 -0.000548007
internal_weight=2287.49 2233.78 261.479 1972.3
internal_count=6376 6194 736 5458
is_linear=0
shrinkage=0.03


Tree=94
num_leaves=7
num_cat=0
split_feature=1 1 1 0 1 1
split_gain=3.74462 3.82666 4.4985 3.63553 1.99546 2.31376
threshold=0.24513673782348636 0.088997080922126784 -0.066267542541027055 -0.94661912322044361 0.27284161746501928 0.32066883146762853
decision_type=2 2 2 2 2 2
left_child=1 2 -1 -3 -2 -6
right_child=4 3 -4 -5 5 -7
leaf_value=0.00091096951970080634 -0.007580977672105289 0.0045363292089264555 -0.0024362521057362829 -0.0015324076804417081 0.0025461327650538111 -0.0028842097698599379
leaf_weight=985.73162038251758 52.851685985922813 304.79328538477421 537.42717964202166 93.219867296516895 68.34759359061718 242.41770956665277
leaf_count=2668 150 820 1448 244 199 849
internal_value=-9.81357e-05 0.000411106 -0.000247442 0.0029661 -0.00282628 -0.00142676
internal_weight=2284.79 1921.17 1523.16 398.013 363.617 310.765
internal_count=6378 5180 4116 1064 1198 1048
is_linear=0
shrinkage=0.03


Tree=95
num_leaves=6
num_cat=0
split_feature=0 3 0 2 3
split_gain=5.73599 4.32473 5.14754 3.06637 1.93899
threshold=1.0000000180025095e-35 0.67444568872451793 -0.50616398453712452 -0.3356305062770843 -0.51803639531135548
decision_type=2 2 2 2 2
left_child=1 2 -1 -3 -2
right_child=4 3 -4 -5 -6
leaf_value=0.00035877655066703302 0.010165744063741758 0.0021194134892934709 -0.0056801725442768795 -0.0060764043499573119 0
leaf_weight=1868.7003943361342 42.223165884613991 29.218665570020676 116.07250798866153 168.38476019911468 37.649231091141701
leaf_count=4975 135 116 343 635 112
internal_value=-0.00014531 -0.000488418 -1.76049e-05 -0.00450539 0.00684922
internal_weight=2262.25 2182.38 1984.77 197.603 79.8724
internal_count=6316 6069 5318 751 247
is_linear=0
shrinkage=0.03


Tree=96
num_leaves=6
num_cat=0
split_feature=0 1 2 0 2
split_gain=5.40426 3.83274 6.22488 3.75355 3.46715
threshold=-1.4730488657951353 -0.45928634703159327 -0.18664339184761045 -2.6138979196548457 -0.085676819086074815
decision_type=2 2 2 2 2
left_child=3 -2 -3 -1 -5
right_child=1 2 -4 4 -6
leaf_value=0.005372320734147844 -0.0057809737974071412 0.0055066098497724442 0 -0.00035689153906710494 -0.0038598388273388931
leaf_weight=35.22504723072052 51.607778929173946 224.33151429146528 829.37594621255994 485.42561374977231 644.24996657669544
leaf_count=98 151 572 2155 1369 2002
internal_value=-0.00064137 0.000816408 0.00129708 -0.00206565 -0.00243919
internal_weight=2270.22 1105.32 1053.71 1164.9 1129.68
internal_count=6347 2878 2727 3469 3371
is_linear=0
shrinkage=0.03


Tree=97
num_leaves=6
num_cat=0
split_feature=1 1 0 1 0
split_gain=4.72006 3.95934 3.9481 3.17983 2.78747
threshold=0.50514316558837902 0.28144507110118872 -1.3663197159767149 0.37988927960395819 -0.90109091997146595
decision_type=2 2 2 2 2
left_child=1 2 -1 -3 -2
right_child=4 3 -4 -5 -6
leaf_value=-0.0016485220163387994 -0.0084669912392572912 0.0065117950127685431 0.0010166531616018224 -0.0003194705984356974 0.00028824320952481838
leaf_weight=1127.5634357742965 79.026886824518442 120.5558395460248 843.11948499456048 77.889969848096371 28.203233562409878
leaf_count=3207 298 360 2148 274 90
internal_value=-0.000389686 -3.21098e-05 -0.000479378 0.00377209 -0.00600931
internal_weight=2276.36 2169.13 1970.68 198.446 107.23
internal_count=6377 5989 5355 634 388
is_linear=0
shrinkage=0.03


Tree=98
num_leaves=7
num_cat=0
split_feature=2 3 4 4 0 0
split_gain=3.32503 6.00694 9.28679 9.0844 1.78706 8.44456
threshold=0.18492271006107333 -1.3462581038475034 1.0000000180025095e-35 1.0000000180025095e-35 -1.4730488657951353 -1.2489817738533018
decision_type=2 2 2 2 2 2
left_child=4 2 -2 -3 -1 -6
right_child=1 3 -4 -5 5 -7
leaf_value=-0.0002442749127583774 0.0088535667727336915 -0.0069197502243410732 -0.0050914147933098725 0.0029692971945655569 0.0062920928476542402 -0.0001319805039713874
leaf_weight=915.15096728503704 77.63170313835144 264.91408626362681 53.886434078216553 95.160551209002733 228.74363582581282 641.07570349425077
leaf_count=2643 188 959 144 280 540 1638
internal_value=0 -0.00211376 0.00282608 -0.00412968 0.000625736 0.00159343
internal_weight=2276.56 491.593 131.518 360.075 1784.97 869.819
internal_count=6392 1571 332 1239 4821 2178
is_linear=0
shrinkage=0.03


Tree=99
num_leaves=7
num_cat=0
split_feature=3 2 3 2 3 0
split_gain=3.77629 6.25084 9.22683 4.98827 7.22847 4.90169
threshold=-1.5378904938697813 -0.018799049779772755 -0.50153818726539601 -0.10199826955795287 -1.7870308160781858 0.14348567277193072
decision_type=2 2 2 2 2 2
left_child=3 2 -2 4 -1 -3
right_child=1 5 -4 -5 -6 -7
leaf_value=0 0.0051119475803643654 -0.0017652379095577119 -0.0005679433848909132 0 -0.013287019540494679 0.0077473222088465764
leaf_weight=73.608992321416736 479.4914306178689 849.7411842495203 489.34717518463731 276.65333789587021 58.139363929629326 30.196911878883839
leaf_count=234 1166 2561 1380 758 189 105
internal_value=0 0.000565977 0.00222897 -0.00255656 -0.00693085 -0.0012072
internal_weight=2257.18 1848.78 968.839 408.402 131.748 879.938
internal_count=6393 5212 2546 1181 423 2666
is_linear=0
shrinkage=0.03


Tree=100
num_leaves=7
num_cat=0
split_feature=0 3 5 2 0 3
split_gain=3.98397 6.14548 7.23849 5.06023 4.22381 8.53334
threshold=-1.5528596043586729 0.25428511202335363 1.0000000180025095e-35 -0.25069630146026606 -1.2794470787048338 -0.7651250660419463
decision_type=2 2 2 2 2 2
left_child=1 2 -1 -3 -2 -6
right_child=4 3 -4 -5 5 -7
leaf_value=0.0019063572748561184 0.0046311801473447696 0.0015557982086036488 -0.0040402398350973786 -0.0087722518021789674 0.003844458097331421 -0.0019787905075329096
leaf_weight=669.17907937243581 329.11748569458723 41.779433362185955 229.66500971093774 114.50717659853399 389.19644464552402 477.40317217633128
leaf_count=1858 822 166 723 510 984 1330
internal_value=0.000628403 -0.000668476 0.000266765 -0.00580767 0.00181433 0.000596528
internal_weight=2250.85 1055.13 898.844 156.287 1195.72 866.6
internal_count=6393 3257 2581 676 3136 2314
is_linear=0
shrinkage=0.03


Tree=101
num_leaves=7
num_cat=0
split_feature=2 0 4 2 2 0
split_gain=4.67359 6.27934 7.49334 4.42002 5.2752 3.4084
threshold=0.23462251573801043 -1.0661484599113462 1.0000000180025095e-35 -0.37652556598186487 -0.34309475123882288 -2.3757352828979488
decision_type=2 2 2 2 2 2
left_child=3 2 -2 5 -5 -1
right_child=1 -3 -4 4 -6 -7
leaf_value=0.0030870153538913123 -0.0095123186732441953 0.0015030736018299606 0.00035012286032119234 0.0086029331652511653 0.00015834461502069102 -0.0057148222937141481
leaf_weight=26.978145889937878 168.77969283238053 123.73789152503014 89.558246862143278 50.471567571163177 1607.6017758939415 166.44484755024314
leaf_count=81 638 377 256 131 4338 545
internal_value=-0.000602518 -0.00353497 -0.00609825 1.87403e-06 0.000550622 -0.00403179
internal_weight=2233.57 382.076 258.338 1851.5 1658.07 193.423
internal_count=6366 1271 894 5095 4469 626
is_linear=0
shrinkage=0.03


Tree=102
num_leaves=7
num_cat=0
split_feature=2 0 0 0 0 1
split_gain=2.45483 6.07199 8.48176 3.9903 7.76758 5.97582
threshold=-0.37652556598186487 -0.7677936553955077 -2.2812517881393428 -0.93713289499282826 -0.40419797599315638 0.38804735243320471
decision_type=2 2 2 2 2 2
left_child=1 2 -1 5 -5 -2
right_child=3 -3 -4 4 -6 -7
leaf_value=0.0040337842207970103 0.0016212034823315325 0.0060261466382215013 -0.0092976425333761211 -0.0047790891674183208 0.003021415031124641 -0.0047812596124572624
leaf_weight=40.82475782930851 1475.8417730275542 30.214366666972637 122.1838439963758 306.32072902843356 151.01964244619012 120.75723182037473
leaf_count=129 4050 101 400 775 480 470
internal_value=0 -0.00306731 -0.00555504 0.000313062 -0.0020589 0.00104668
internal_weight=2247.16 193.223 163.009 2053.94 457.34 1596.6
internal_count=6405 630 529 5775 1255 4520
is_linear=0
shrinkage=0.03


Tree=103
num_leaves=6
num_cat=0
split_feature=0 0 1 0 2
split_gain=4.37062 5.79229 5.55206 4.93896 1.81874
threshold=0.14348567277193072 -0.48512971401214594 0.15004593133926394 -1.1025980114936826 0.05926672741770745
decision_type=2 2 2 2 2
left_child=1 3 -3 -1 -2
right_child=4 2 -4 -5 -6
leaf_value=-0.00066694140610586378 0 -0.0009799505640208496 -0.013172320704584762 0.0027921042335857012 0.01052300643761927
leaf_weight=1563.5124752093107 23.692088805139065 116.10505508631468 39.144818414002657 463.23920614272356 28.452845305204391
leaf_count=4565 81 342 132 1182 103
internal_value=-4.46565e-05 -0.000308495 -0.00554894 0.000113909 0.00718892
internal_weight=2234.15 2182 155.25 2026.75 52.1449
internal_count=6405 6221 474 5747 184
is_linear=0
shrinkage=0.03


Tree=104
num_leaves=6
num_cat=0
split_feature=0 0 0 0 2
split_gain=2.22912 2.64625 5.7775 4.329 0.608458
threshold=-2.5577528476715083 -1.9523130655288694 -1.9990128874778745 -1.7912629246711729 0.10264491662383081
decision_type=2 2 2 2 2
left_child=4 2 -2 -3 -1
right_child=1 3 -4 -5 -6
leaf_value=0.0059872030923525613 -0.00086091823434914037 0.0049118124139910712 -0.010473503267823892 -0.00023111890074506514 0
leaf_weight=44.777993254363537 529.87216113321483 142.47616352885962 46.979352071881294 1433.0526348073035 26.202880706638098
leaf_count=124 1668 458 154 3920 82
internal_value=-0.000138578 -0.000355683 -0.00206903 0.000252095 0.00441629
internal_weight=2223.36 2152.38 576.852 1575.53 70.9809
internal_count=6406 6200 1822 4378 206
is_linear=0
shrinkage=0.03


Tree=105
num_leaves=7
num_cat=0
split_feature=2 3 3 2 3 1
split_gain=2.80157 5.41973 10.1908 4.82982 2.86142 2.87152
threshold=-0.013611522968858479 -1.5378904938697813 -0.50153818726539601 -0.16208094358444211 -1.8731305003166197 -0.22676795721054074
decision_type=2 2 2 2 2 2
left_child=1 3 -3 -1 -2 -6
right_child=4 2 -4 -5 5 -7
leaf_value=-0.0076141579039946585 0.0029229663090109426 0.0048359080439368185 -0.0011150557115706908 0.00081334197534942327 0.0041277457961656607 -0.0023214456961978967
leaf_weight=97.996007725596428 99.141675379127264 474.73710669577122 505.26699874922633 96.902678087353706 42.378417529165745 893.75779118202627
leaf_count=340 266 1153 1431 281 127 2738
internal_value=-0.000175801 0.000789556 0.00174679 -0.00345911 -0.00132241 -0.00188651
internal_weight=2210.18 1174.9 980.004 194.899 1035.28 936.136
internal_count=6336 3205 2584 621 3131 2865
is_linear=0
shrinkage=0.03


Tree=106
num_leaves=7
num_cat=0
split_feature=3 0 3 0 0 1
split_gain=6.00908 3.25109 8.98736 4.1732 2.87314 3.80586
threshold=0.65504670143127453 -0.93713289499282826 -1.5935971140861509 -1.0789002180099485 -0.64603173732757557 -0.38915558159351343
decision_type=2 2 2 2 2 2
left_child=1 3 -3 -1 5 -2
right_child=4 2 -4 -5 -6 -7
leaf_value=0.00031658615476552737 0.0022506022464329704 -0.0098972131237177238 7.1434068358746311e-05 0.0058110496945155956 0.00084573187708456075 -0.0081153703865640657
leaf_weight=1446.4259118586779 19.713550947606564 81.534886114299297 352.08940154314041 120.38403610885143 40.121214807033539 152.17938079312444
leaf_count=4070 81 223 972 302 137 611
internal_value=-0.000320445 0.000179019 -0.00202443 0.00084448 -0.00490088 -0.00650321
internal_weight=2212.45 2000.43 433.624 1566.81 212.014 171.893
internal_count=6396 5567 1195 4372 829 692
is_linear=0
shrinkage=0.03


Tree=107
num_leaves=5
num_cat=0
split_feature=0 1 0 2
split_gain=4.04408 5.55146 5.28012 1.28022
threshold=0.23407720029354098 0.40420493483543402 -0.93713289499282826 0.43756449222564703
decision_type=2 2 2 2
left_child=1 2 -1 -3
right_child=-2 3 -4 -5
leaf_value=0.0011597402630498153 0.0076801688241393967 -0.00846632316751675 -0.0025470009703229264 -0.0014217184516867665
leaf_weight=1615.3215930648148 42.490956149995327 59.262048617005348 413.76421668753028 83.505517004057765
leaf_count=4551 152 230 1126 309
internal_value=0.000149251 -3.94476e-05 0.000357111 -0.00539551
internal_weight=2214.34 2171.85 2029.09 142.768
internal_count=6368 6216 5677 539
is_linear=0
shrinkage=0.03


Tree=108
num_leaves=6
num_cat=0
split_feature=0 0 0 3 3
split_gain=2.87729 1.91097 6.78252 2.95396 0.10338
threshold=0.14348567277193072 -2.2999203205108638 -1.9523130655288694 -1.1610087752342222 -0.51803639531135548
decision_type=2 2 2 2 2
left_child=1 3 -3 -1 -2
right_child=4 2 -4 -5 -6
leaf_value=-0.0012183027659937865 0.0075845737540889153 -0.0045207101275025526 0.00032608638054769498 0.0040080166372774544 0.00029792453670517312
leaf_weight=130.0336146838963 27.179766152054071 289.52223289757967 1516.5387124270201 214.92509941384196 23.526025235652924
leaf_count=387 104 953 4192 649 78
internal_value=0.000131154 -3.65812e-05 -0.00045903 0.00191473 0.00609294
internal_weight=2201.73 2151.02 1806.06 344.959 50.7058
internal_count=6363 6181 5145 1036 182
is_linear=0
shrinkage=0.03


Tree=109
num_leaves=7
num_cat=0
split_feature=3 2 7 2 2 3
split_gain=3.53612 2.54425 3.4466 3.1101 1.77645 3.94544
threshold=0.58056187629699718 -0.21335336565971372 1.0000000180025095e-35 -0.37652556598186487 -0.37652556598186487 -1.1714593172073362
decision_type=2 2 2 2 2 2
left_child=4 3 -3 -2 5 -1
right_child=1 2 -4 -5 -6 -7
leaf_value=-0.0076160276518810422 -0.0040169370825168839 -0.0063838236879859489 0.0029926061126178223 0.0061876739118843617 0.0010984889040678086 0.00088331749570510587
leaf_weight=50.755920082330704 26.328538604080677 153.27819292806089 22.051994234323502 37.230461448431015 1806.5695847943425 119.86781932786107
leaf_count=191 115 629 74 117 4928 348
internal_value=0.0003483 -0.00290591 -0.00471168 0.00129279 0.000796686 -0.00186405
internal_weight=2216.08 238.889 175.33 63.559 1977.19 170.624
internal_count=6402 935 703 232 5467 539
is_linear=0
shrinkage=0.03


Tree=110
num_leaves=7
num_cat=0
split_feature=3 0 2 3 1 0
split_gain=8.58773 6.55318 5.82299 5.30328 5.37131 2.65254
threshold=-1.5378904938697813 -0.96664816141128529 -0.15893955528736112 -0.16400951892137525 -0.11395410820841788 -1.5766479372978208
decision_type=2 2 2 2 2 2
left_child=1 2 -1 4 -2 -5
right_child=3 -3 -4 5 -6 -7
leaf_value=-0.0073535486156491858 0.00445679282564401 -0.010574109226159902 0.00089109815606903302 -0.0035721529980660997 0.00014133141884326489 2.385465326222849e-05
leaf_weight=88.674551201984286 421.30346809327602 90.475106697529554 222.12184572219849 280.64219694398344 708.13327406905591 394.96788933500648
leaf_count=308 1056 257 635 1047 1949 1137
internal_value=-0.000281137 -0.00415781 -0.00158221 0.000583911 0.00185283 -0.0014434
internal_weight=2206.32 401.272 310.796 1805.05 1129.44 675.61
internal_count=6389 1200 943 5189 3005 2184
is_linear=0
shrinkage=0.03


Tree=111
num_leaves=5
num_cat=0
split_feature=1 1 3 0
split_gain=4.72837 3.56816 4.11629 4.00316
threshold=-0.69011947512626637 -0.23269546031951902 -0.58578130602836598 0.23407720029354098
decision_type=2 2 2 2
left_child=-1 2 -2 -3
right_child=1 3 -4 -5
leaf_value=-0.0091361104752736358 0.0051982478364869765 -0.00089191667483483198 -0.00038353879304617338 0.0071789253999871901
leaf_weight=32.498844467103481 209.67466337233782 1731.2565428204834 203.74668495170772 36.009655214846134
leaf_count=104 598 4968 615 131
internal_value=-0.00023797 0 0.00241818 -0.000615401
internal_weight=2213.19 2180.69 413.421 1767.27
internal_count=6416 6312 1213 5099
is_linear=0
shrinkage=0.03


Tree=112
num_leaves=7
num_cat=0
split_feature=2 2 0 2 0 2
split_gain=3.11987 3.90963 6.98342 5.41347 3.8226 12.0389
threshold=0.023950153030455116 -0.058258235454559319 -0.66802942752838124 -0.085676819086074815 -1.0661484599113462 0.093396518379449858
decision_type=2 2 2 2 2 2
left_child=1 3 -3 -1 -2 -6
right_child=4 2 -4 -5 5 -7
leaf_value=0.00046116360331485115 -0.0029257829462173367 0.0054068371433139773 -0.0060524863850584037 -0.0063590273095633669 -0.0089261829484083531 0.004505418652256574
leaf_weight=890.84945494029671 640.85167756304145 259.11852417141199 35.840472310781479 97.440874055027962 58.913785092532635 220.98364185541868
leaf_count=2530 2048 653 103 254 161 668
internal_value=-0.000318237 0.000601892 0.003528 -0.000264566 -0.00164994 0.00107148
internal_weight=2204 1283.25 294.959 988.29 920.749 279.897
internal_count=6417 3540 756 2784 2877 829
is_linear=0
shrinkage=0.03


Tree=113
num_leaves=7
num_cat=0
split_feature=0 0 0 2 2 2
split_gain=2.51905 5.74311 5.49971 6.34487 4.27554 2.39278
threshold=-1.4730488657951353 -1.4282999038696287 -1.8085284829139707 0.10887636616826059 -0.22681376338005063 0.10264491662383081
decision_type=2 2 2 2 2 2
left_child=2 -2 3 -1 -4 -3
right_child=1 5 4 -5 -6 -7
leaf_value=0.0017930027687652465 0.0078802881568087787 -0.0011059565853800792 0.00081802778619632715 -0.0040572440984952655 -0.0061344275863171411 0.0019095822304735174
leaf_weight=541.58629192039371 69.259541191160679 662.27431763336062 83.893188212998211 217.22186401113868 272.04877044446766 341.71500770747662
leaf_count=1610 172 1762 246 801 811 998
internal_value=-0.000408767 0.000584999 -0.00141186 0 -0.00437984 -3.75123e-06
internal_weight=2188 1073.25 1114.75 758.808 355.942 1003.99
internal_count=6400 2932 3468 2411 1057 2760
is_linear=0
shrinkage=0.03


Tree=114
num_leaves=7
num_cat=0
split_feature=3 7 0 2 4 0
split_gain=4.0381 8.73335 11.4396 8.21883 9.7528 5.20985
threshold=-0.89323109388351429 1.0000000180025095e-35 -1.3319562077522276 0.21224722266197207 1.0000000180025095e-35 -0.99362903833389271
decision_type=2 2 2 2 2 2
left_child=1 -1 -3 5 -5 -2
right_child=3 2 -4 4 -6 -7
leaf_value=-0.00056477364147336463 0.001556827151992004 -0.00017861598326124057 0.0099353871446599476 -0.0092486385155174516 0.0029291110220143472 -0.0032070195509834769
leaf_weight=574.02489725500345 752.50847821123898 171.37862561829388 188.52691782265902 172.38167938776314 64.886248912662268 259.55540750920773
leaf_count=1683 2137 454 474 699 198 723
internal_value=0.000162313 0.00165853 0.00520554 -0.000917416 -0.00571633 0.000238476
internal_weight=2183.26 933.93 359.906 1249.33 237.268 1012.06
internal_count=6368 2611 928 3757 897 2860
is_linear=0
shrinkage=0.03


Tree=115
num_leaves=7
num_cat=0
split_feature=3 4 2 1 1 3
split_gain=3.97946 4.96369 4.70548 6.66659 4.58724 4.29934
threshold=-0.60233217477798451 1.0000000180025095e-35 -0.36745615303516382 -0.047690106555819504 0.15495850145816806 -1.0907334089279173
decision_type=2 2 2 2 2 2
left_child=2 -2 5 -4 -3 -1
right_child=1 4 3 -5 -6 -7
leaf_value=-0.0089134389429656891 -0.0023419871522901876 -0.00024114982098901204 0.0046795979873966304 0 0.0082660249674191468 0.0017179686167665121
leaf_weight=53.918625470250845 779.8701587356627 138.32391497120261 445.48913535382599 654.45532708242536 63.311450771987438 39.387036189436913
leaf_count=188 2490 388 1182 1827 182 100
internal_value=0.000149229 -0.00122097 0.00132729 0.00193507 0.00266417 -0.00438499
internal_weight=2174.76 981.506 1193.25 1099.94 201.635 93.3057
internal_count=6357 3060 3297 3009 570 288
is_linear=0
shrinkage=0.03


Tree=116
num_leaves=7
num_cat=0
split_feature=2 3 3 1 2 2
split_gain=2.62846 3.43951 8.68286 3.0371 1.64429 2.02569
threshold=0.54623302817344677 -1.8276427388191221 -1.5378904938697813 -0.11395410820841788 0.64138382673263561 0.79931372404098522
decision_type=2 2 2 2 2 2
left_child=1 3 -3 -1 -2 -6
right_child=4 2 -4 -5 5 -7
leaf_value=-0.00078377506558057256 -0.0084497736717939979 -0.0062395539298781737 0.0004263288507365904 0.0059441932704562273 0.0038580558483738378 -0.004971544655061744
leaf_weight=66.799657825380564 33.04826670512557 175.04914655536413 1707.2292268499732 142.54090170189738 26.932846914976835 25.498022630810738
leaf_count=204 122 547 4925 398 99 95
internal_value=-3.45368e-05 0.000169297 -0.000221131 0.00365458 -0.00467743 0
internal_weight=2177.1 2091.62 1882.28 209.341 85.4791 52.4309
internal_count=6390 6074 5472 602 316 194
is_linear=0
shrinkage=0.03


Tree=117
num_leaves=7
num_cat=0
split_feature=3 3 2 3 4 5
split_gain=2.30988 5.26072 6.58594 4.18063 4.19338 3.47178
threshold=-0.75331276655197132 -1.5506581664085386 -0.060737879946827882 -0.4178196638822555 1.0000000180025095e-35 1.0000000180025095e-35
decision_type=2 2 2 2 2 2
left_child=1 2 -1 4 -2 -3
right_child=3 5 -4 -5 -6 -7
leaf_value=-0.0059274772376850474 -0.0057431022939018941 0.0038265349120537567 0.0015094437036137116 0.00022081897928285897 0.0016109316448936449 -0.0011772568389703743
leaf_weight=158.59398428536952 223.34602329134941 530.0171611905098 233.01010277867317 834.93874519318342 71.817842319607735 129.67041403055191
leaf_count=532 614 1379 653 2660 188 393
internal_value=8.67132e-05 0.00111244 -0.0014983 -0.000818068 -0.0037747 0.002749
internal_weight=2181.39 1051.29 391.604 1130.1 295.164 659.688
internal_count=6419 2957 1185 3462 802 1772
is_linear=0
shrinkage=0.03


Tree=118
num_leaves=5
num_cat=0
split_feature=1 1 0 3
split_gain=2.67317 2.89592 4.77835 4.53713
threshold=-0.69011947512626637 -0.243106834590435 0.14348567277193072 0.067243896424770369
decision_type=2 2 2 2
left_child=-1 3 -3 -2
right_child=1 2 -4 -5
leaf_value=-0.0070162818805729211 0.0043207633436994535 -0.00074717568795168497 0.0074818385241355798 -0.0024467903594528975
leaf_weight=28.793007887899876 284.02880543842912 1713.2471921602264 45.15333629399538 98.723583824932575
leaf_count=96 794 4989 167 336
internal_value=-5.78892e-05 7.19854e-05 -0.000420363 0.00239141
internal_weight=2169.95 2141.15 1758.4 382.752
internal_count=6382 6286 5156 1130
is_linear=0
shrinkage=0.03


Tree=119
num_leaves=7
num_cat=0
split_feature=3 3 4 3 0 0
split_gain=2.52024 2.85499 5.37622 2.96068 2.26953 1.84621
threshold=0.59841719269752514 -1.2807053327560423 1.0000000180025095e-35 -0.50153818726539601 -0.52538385987281788 -2.2358858585357662
decision_type=2 2 2 2 2 2
left_child=1 2 -1 -3 5 -2
right_child=4 3 -4 -5 -6 -7
leaf_value=0.0010542328561121963 0.0011681197321410893 0.002876271730430275 -0.0047151483937956495 0 0.0029945598421774488 -0.0050749426250643343
leaf_weight=383.46483924239874 28.633026212453842 685.42845963127911 200.27061519399285 666.50669605284929 29.68875877186656 160.95964960195124
leaf_count=1071 142 1859 619 1922 109 637
internal_value=0.000376957 0.000752999 -0.000916399 0.00152039 -0.00247723 -0.00382433
internal_weight=2154.95 1935.67 583.735 1351.94 219.281 189.593
internal_count=6359 5471 1690 3781 888 779
is_linear=0
shrinkage=0.03


Tree=120
num_leaves=5
num_cat=0
split_feature=0 0 5 1
split_gain=2.70597 3.24051 9.02687 4.4176
threshold=-2.6138979196548457 -1.5528596043586729 1.0000000180025095e-35 -0.45928634703159327
decision_type=2 2 2 2
left_child=-1 2 -2 -3
right_child=1 3 -4 -5
leaf_value=0.0061994036638313493 0 -0.006358407341347942 -0.0063643352124282118 0.0010679844877494334
leaf_weight=35.253051843494177 707.23307973891497 55.778522185981274 255.72621245123446 1095.499767716974
leaf_count=105 2171 171 946 2995
internal_value=-0.000284743 -0.000478055 -0.00175978 0.000554527
internal_weight=2149.49 2114.24 962.959 1151.28
internal_count=6388 6283 3117 3166
is_linear=0
shrinkage=0.03


Tree=121
num_leaves=7
num_cat=0
split_feature=3 4 3 1 0 3
split_gain=3.08953 3.48208 12.4365 4.24024 1.18774 2.60928
threshold=0.48036541044712072 1.0000000180025095e-35 -1.4936452507972715 -0.18590597808361051 -0.24032147228717801 1.4150930643081667
decision_type=2 2 2 2 2 2
left_child=1 3 -3 -1 5 -2
right_child=4 2 -4 -5 -6 -7
leaf_value=0.0023709132744026973 -0.00094823200416056374 -0.0036682698722398971 0.0059527696609375444 -0.0012800451779825662 0.00129774183216094 -0.008010572864439184
leaf_weight=366.80329639837146 172.55984503775835 162.16894481703639 323.2434038259089 1046.0158824399114 22.969943884760141 66.646501554176211
leaf_count=996 698 529 876 2960 77 260
internal_value=0 0.000452256 0.00260184 -0.000270426 -0.00290923 -0.00361364
internal_weight=2160.41 1898.23 485.412 1412.82 262.176 239.206
internal_count=6396 5361 1405 3956 1035 958
is_linear=0
shrinkage=0.03


Tree=122
num_leaves=7
num_cat=0
split_feature=0 3 2 3 0 0
split_gain=2.87534 5.63596 4.97056 4.53557 4.43321 1.74381
threshold=-1.5528596043586729 -2.0696264505386348 0.026678652502596382 -0.89323109388351429 -2.486484050750732 -1.7021144628524778
decision_type=2 2 2 2 2 2
left_child=2 -2 4 -3 -1 -4
right_child=1 3 5 -5 -6 -7
leaf_value=0.005609547723220391 -0.0089776283093394478 0.0035060298136672628 -0.0026862774601586234 -0.00030668393174559428 -0.0009268258227618266 -0.0089261327145736969
leaf_weight=92.325089685618877 31.033456776291132 426.41936491802335 336.29314980655909 683.38513267412782 519.21288267057389 52.383013345301151
leaf_count=250 82 1121 1220 1933 1574 199
internal_value=-0.000324649 0.000664419 -0.00150249 0.0011413 0.000111373 -0.00406973
internal_weight=2141.05 1140.84 1000.21 1109.8 611.538 388.676
internal_count=6379 3136 3243 3054 1824 1419
is_linear=0
shrinkage=0.03


Tree=123
num_leaves=7
num_cat=0
split_feature=1 1 3 2 3 3
split_gain=2.49981 6.16159 9.12281 3.98901 3.7767 3.48004
threshold=-0.18242768198251721 0.045449351891875274 -0.85214886069297779 -0.2621988952159881 0.51840564608573925 -0.45470491051673884
decision_type=2 2 2 2 2 2
left_child=3 2 -2 -1 -5 -3
right_child=1 5 -4 4 -6 -7
leaf_value=-0.00048093729939723343 0.00096499729687777149 -0.00018089991447179063 -0.005503131965650521 0.0056624863326346373 -0.0027081196484089959 0.0035675118232091048
leaf_weight=284.7593170106411 342.50916823372245 534.03349908255041 388.61173742264509 245.46744399704039 36.199171245098114 329.8950448539108
leaf_count=860 958 1541 1137 656 139 1136
internal_value=0.000152946 -0.000427723 -0.00244811 0.00184924 0.0042796 0.0012309
internal_weight=2161.48 1595.05 731.121 566.426 281.667 863.929
internal_count=6427 4772 2095 1655 795 2677
is_linear=0
shrinkage=0.03


Tree=124
num_leaves=6
num_cat=0
split_feature=0 0 7 7 2
split_gain=5.09666 3.00472 3.73047 2.74051 0.464824
threshold=-2.5577528476715083 0.055216835811734206 1.0000000180025095e-35 1.0000000180025095e-35 0.074005670845508589
decision_type=2 2 2 2 2
left_child=4 2 -2 -3 -1
right_child=1 3 -4 -5 -6
leaf_value=0.0089721672129229688 -0.0010027894870051563 0.0090365478307230292 0.001844917298208895 -0.00054305179534346222 0.00054314578254317184
leaf_weight=45.700543917715549 1442.9202662594616 42.436869107186794 552.19457930140197 24.650435745716095 27.680556952953339
leaf_count=124 4431 145 1480 87 88
internal_value=0.000372981 3.2954e-05 -0.000174357 0.00551132 0.00723245
internal_weight=2135.58 2062.2 1995.11 67.0873 73.3811
internal_count=6355 6143 5911 232 212
is_linear=0
shrinkage=0.03


Tree=125
num_leaves=7
num_cat=0
split_feature=0 3 0 0 0 3
split_gain=1.80777 6.50604 11.0024 5.7473 6.47593 5.25555
threshold=-1.4730488657951353 -1.1394723057746885 -1.7426803112030027 -1.2489817738533018 -1.178049564361572 -0.89323109388351429
decision_type=2 2 2 2 2 2
left_child=1 2 -1 -2 -5 -3
right_child=3 5 -4 4 -6 -7
leaf_value=-0.00040223567469647764 0.0047943421895324141 0.0062695623787880619 -0.011995440622381131 -0.0075093895168676173 0.00083593720794773166 -1.7667001599137844e-05
leaf_weight=296.04183187708259 273.76389235258102 124.35439481958747 84.445182333700359 74.502792775630951 698.7334662117064 592.54063412174582
leaf_count=936 697 335 247 198 1979 1989
internal_value=0.000320549 -0.000488438 -0.0035956 0.00121796 -6.15734e-05 0.00113207
internal_weight=2144.38 1097.38 380.487 1047 773.236 716.895
internal_count=6381 3507 1183 2874 2177 2324
is_linear=0
shrinkage=0.03


Tree=126
num_leaves=7
num_cat=0
split_feature=2 1 3 3 1 3
split_gain=3.47653 2.56637 3.24011 2.27772 2.04772 0.256956
threshold=0.56224325299263012 -0.40462543070316309 -0.7651250660419463 -1.2006876468658445 -0.20271357893943784 0.040864612907171256
decision_type=2 2 2 2 2 2
left_child=1 2 -1 -2 -3 -5
right_child=3 4 -4 5 -6 -7
leaf_value=0.0012279444336102865 0.00017688189960387763 0.002653907252553437 -0.0060337263058948785 -0.010441794510706271 7.5068321457051089e-05 -0.0012094210404425831
leaf_weight=68.847657885402441 24.868803352117538 334.04008063673973 104.72826870903373 27.977500943467021 1536.09001820907 27.45301927626133
leaf_count=208 61 985 324 118 4534 116
internal_value=-8.16185e-06 0.000229164 -0.0030142 -0.00548783 0.000590649 -0.00819777
internal_weight=2124.01 2043.71 173.576 80.2993 1870.13 55.4305
internal_count=6346 6051 532 295 5519 234
is_linear=0
shrinkage=0.03


Tree=127
num_leaves=7
num_cat=0
split_feature=0 3 2 3 3 2
split_gain=3.61918 6.80207 6.30586 6.20156 10.981 10.6042
threshold=-1.1025980114936826 -0.68243736028671254 0.16609752923250201 -1.5935971140861509 -0.7651250660419463 0.012016949709504844
decision_type=2 2 2 2 2 2
left_child=1 -1 -3 5 -5 -2
right_child=3 2 -4 4 -6 -7
leaf_value=-0.0026270532654635156 -0.012062085366512995 0.0028691792959346721 -0.003588613825751443 0.0088574915077958005 0 0.0043226442116591829
leaf_weight=772.13584990054369 50.410591892898083 563.88729499652982 152.29162571020424 184.58437389135361 350.19532325863838 49.415409468114376
leaf_count=2251 153 1644 627 485 1052 135
internal_value=0.000101065 -0.000678899 0.00135428 0.00198679 0.00333431 -0.00408292
internal_weight=2122.92 1488.31 716.179 634.606 534.78 99.826
internal_count=6347 4522 2271 1825 1537 288
is_linear=0
shrinkage=0.03


Tree=128
num_leaves=5
num_cat=0
split_feature=1 0 0 1
split_gain=3.4562 1.76634 2.65921 2.0618
threshold=-0.69011947512626637 1.0000000180025095e-35 -0.48512971401214594 -0.047690106555819504
decision_type=2 2 2 2
left_child=-1 2 -2 -3
right_child=1 3 -4 -5
leaf_value=-0.0079395209491488414 9.5841504093779881e-05 -0.00072384360405090733 -0.004227343468546251 0.0072210681493834316
leaf_weight=30.290835250169039 1900.932708199136 26.015044085681438 115.93879484385252 44.582425937056541
leaf_count=102 5673 86 383 155
internal_value=-0.000166901 0 -0.000162286 0.00411762
internal_weight=2117.76 2087.47 2016.87 70.5975
internal_count=6399 6297 6056 241
is_linear=0
shrinkage=0.03


Tree=129
num_leaves=7
num_cat=0
split_feature=0 0 2 2 0 2
split_gain=2.54333 3.32903 2.83993 7.58398 5.79976 1.45589
threshold=-1.4730488657951353 -2.6138979196548457 0.077925696969032301 0.1319401487708092 -1.0565987229347227 -0.59715124964714039
decision_type=2 2 2 2 2 2
left_child=1 -1 4 -4 -2 -3
right_child=2 5 3 -5 -6 -7
leaf_value=0.0068510751918105873 0.0034122230940191447 0.0043241625259483885 0.011031034610674312 0.0010587437523989101 -0.0020705821422415827 -0.0010195505675501164
leaf_weight=33.56482195854187 295.4063166603446 24.882602225989103 77.934088848531246 306.87011590600014 359.34195311740041 1026.4269827269018
leaf_count=102 775 97 199 903 1025 3288
internal_value=0.000620835 -0.000349206 0.00167728 0.00367186 0.000342021 -0.000758703
internal_weight=2124.43 1084.87 1039.55 384.804 654.748 1051.31
internal_count=6389 3487 2902 1102 1800 3385
is_linear=0
shrinkage=0.03


Tree=130
num_leaves=7
num_cat=0
split_feature=1 6 1 5 3 1
split_gain=2.56879 7.21327 5.48524 3.4843 3.15751 5.24644
threshold=-0.18242768198251721 1.0000000180025095e-35 -0.28533031046390528 1.0000000180025095e-35 -0.85214886069297779 0.083155211061239256
decision_type=2 2 2 2 2 2
left_child=1 3 -3 -1 -2 -6
right_child=4 2 -4 -5 5 -7
leaf_value=-0.0022796912400653785 0.00088591747474162628 0.00053243094531714257 0.012120990700481336 0.0032869776109734302 -0.0039749203399738024 0.00059320085588049376
leaf_weight=271.3983862856403 704.97901413403451 84.951945822685957 70.303139481693506 132.4096147082746 440.69663581997156 397.62553518824279
leaf_count=809 2001 260 185 395 1322 1349
internal_value=7.81613e-05 0.00180829 0.00690675 -0.000243816 -0.000525315 -0.00177497
internal_weight=2102.36 559.063 155.255 403.808 1543.3 838.322
internal_count=6321 1649 445 1204 4672 2671
is_linear=0
shrinkage=0.03


Tree=131
num_leaves=7
num_cat=0
split_feature=3 2 2 0 0 0
split_gain=2.73012 2.92415 5.74408 1.99467 9.44173 2.66356
threshold=-0.19686485081911084 0.4632814228534699 0.28314229846000677 -1.5468521714210508 -1.2794470787048338 -2.3283789157867427
decision_type=2 2 2 2 2 2
left_child=1 2 -1 5 -5 -2
right_child=3 -3 -4 4 -6 -7
leaf_value=0.0010057676107650317 0.00023579763570678075 0.0056329824892224645 -0.0056930369335104047 0.0072323091425267423 -0.0028424692437013363 -0.0052263890083974794
leaf_weight=1265.4225480351597 95.475731801241636 86.486009109765291 105.36474313214421 96.130161009728909 279.91712376475334 188.93315365724266
leaf_count=3568 322 264 342 270 847 764
internal_value=4.75322e-05 0.000798068 0.000373264 -0.0014951 0 -0.00330062
internal_weight=2117.73 1457.27 1370.79 660.456 376.047 284.409
internal_count=6377 4174 3910 2203 1117 1086
is_linear=0
shrinkage=0.03


Tree=132
num_leaves=7
num_cat=0
split_feature=1 0 2 3 3 3
split_gain=5.0059 3.69391 2.45537 5.04647 1.9686 0.663408
threshold=-0.40462543070316309 -2.3112672567367549 0.48831805586814886 -0.89323109388351429 -0.042944146320223801 -0.7651250660419463
decision_type=2 2 2 2 2 2
left_child=1 -1 4 -4 -2 -3
right_child=2 5 3 -5 -6 -7
leaf_value=0.0026103554656161649 0.00030178257301937712 -0.0015529642831162661 0.0030908578895934135 -0.0075731587645150198 0.0025848098967127986 -0.0084981031542551762
leaf_weight=29.385957561433315 1361.7284194286913 54.701482109725475 45.84399638697505 71.89042872749269 475.11014503240585 79.228580255061388
leaf_count=91 3885 158 129 299 1557 269
internal_value=0.000174945 -0.0045296 0.000640321 -0.00313928 0.000946096 -0.0066216
internal_weight=2117.89 163.316 1954.57 117.734 1836.84 133.93
internal_count=6388 518 5870 428 5442 427
is_linear=0
shrinkage=0.03


Tree=133
num_leaves=7
num_cat=0
split_feature=0 1 2 4 2 2
split_gain=4.53127 3.62917 3.35928 2.26268 3.971 2.48032
threshold=-1.5528596043586729 -0.44842416048049921 -0.39914335310459131 1.0000000180025095e-35 -0.20052212476730344 0.33988325297832495
decision_type=2 2 2 2 2 2
left_child=1 2 -1 5 -5 -2
right_child=3 -3 -4 4 -6 -7
leaf_value=-0.0004545932581326061 0.0029702906278489104 -0.0016299819192953891 0.0096279209082112526 0.0052614793488670354 -0.0029767280292346369 -0.0016090640188516469
leaf_weight=41.321749772876501 794.07454900071025 915.10871063359082 32.602265708148479 49.140668120235205 181.1172747425735 91.664978113025427
leaf_count=150 2168 3004 92 145 516 288
internal_value=0.00039427 -0.00103628 0.00445652 0.00171081 -0.000698836 0.00240506
internal_weight=2105.03 989.033 73.924 1116 230.258 885.74
internal_count=6363 3246 242 3117 661 2456
is_linear=0
shrinkage=0.03


Tree=134
num_leaves=5
num_cat=0
split_feature=0 1 0 1
split_gain=1.84195 2.21133 3.74456 2.74554
threshold=0.1032959818840027 -0.049957826733589165 -0.93713289499282826 -0.15138022601604459
decision_type=2 2 2 2
left_child=1 3 -3 -1
right_child=-2 2 -4 -5
leaf_value=-0.00013454107560333933 0.0047563589584590478 -6.5892381906696602e-06 -0.0042386896996200081 0.0031134090242192782
leaf_weight=625.42993132676929 53.37888053804636 885.64422239921987 229.44737995043397 325.25268067419529
leaf_count=1869 195 2769 663 918
internal_value=7.18951e-05 -6.48304e-05 -0.00098961 0.000956107
internal_weight=2119.15 2065.77 1115.09 950.683
internal_count=6414 6219 3432 2787
is_linear=0
shrinkage=0.03


Tree=135
num_leaves=5
num_cat=0
split_feature=0 2 0 2
split_gain=1.98062 3.54234 1.99431 0.854493
threshold=1.0000000180025095e-35 0.56224325299263012 -0.48512971401214594 0.05926672741770745
decision_type=2 2 2 2
left_child=1 2 -1 -2
right_child=3 -3 -4 -5
leaf_value=-0.00018145399840690979 0 -0.0066638296272827991 -0.0040582224757296781 0.0058872538392107914
leaf_weight=1832.9709238838404 39.884000293910503 69.848983883857727 112.14890494942665 37.035787537693977
leaf_count=5453 127 261 375 135
internal_value=-0.000563058 -0.000781956 -0.000474535 0.00353014
internal_weight=2091.89 2014.97 1945.12 76.9198
internal_count=6351 6089 5828 262
is_linear=0
shrinkage=0.03


Tree=136
num_leaves=7
num_cat=0
split_feature=3 0 0 3 0 0
split_gain=2.44501 4.69719 1.76201 1.45432 7.25619 6.72071
threshold=0.65504670143127453 -0.64603173732757557 -2.2358858585357662 -1.2675358057022093 -1.4788644909858701 -1.2794470787048338
decision_type=2 2 2 2 2 2
left_child=3 2 -2 4 -1 -5
right_child=1 -3 -4 5 -6 -7
leaf_value=-0.0044329456998689438 0 0.0039458371167683517 -0.0069474319289342694 0.0020538429419032548 0.0019747879667036533 -0.0022417421498651109
leaf_weight=309.86368849314749 27.704072400927544 36.935962550342083 137.51161906309426 847.27515006065369 275.79776415228844 500.39212452247739
leaf_count=1005 130 131 560 2473 749 1418
internal_value=-0.000479921 -0.00347056 -0.00569958 -0.000104165 -0.0013508 0.000405553
internal_weight=2135.48 202.152 165.216 1933.33 585.661 1347.67
internal_count=6466 821 690 5645 1754 3891
is_linear=0
shrinkage=0.03


Tree=137
num_leaves=5
num_cat=0
split_feature=0 2 0 2
split_gain=2.77615 3.87714 3.45024 0.317367
threshold=0.1032959818840027 0.54623302817344677 -0.48512971401214594 0.15495242178440097
decision_type=2 2 2 2
left_child=1 2 -1 -2
right_child=3 -3 -4 -5
leaf_value=0 0.00028038739953318702 -0.0065372771867745171 -0.0047587937031642099 0.0072263920415666536
leaf_weight=1837.9323848877102 32.558485992252827 77.432396948337555 126.85747082158923 23.566943693906069
leaf_count=5457 116 301 412 90
internal_value=-0.000429095 -0.000658775 -0.000333334 0.00511746
internal_weight=2098.35 2042.22 1964.79 56.1254
internal_count=6376 6170 5869 206
is_linear=0
shrinkage=0.03


Tree=138
num_leaves=7
num_cat=0
split_feature=1 1 2 1 1 1
split_gain=3.24569 2.09515 6.30423 3.37445 1.93989 2.11012
threshold=0.19110777229070666 0.042247142642736442 0.16970987617969516 0.066635478287935271 0.20465695112943652 0.21836486458778384
decision_type=2 2 2 2 2 2
left_child=1 2 -1 -3 -2 -6
right_child=4 3 -4 -5 5 -7
leaf_value=0.00074781281460733313 -0.0077158854776256071 0.0076908832915953632 -0.0070358368404697781 0.00085637722633677502 0.0048457420415997801 -0.0018433319065062057
leaf_weight=1184.3006808683276 32.984150767326355 75.019007105380297 81.268452953547239 316.10078382864594 24.041373033076525 405.21504448726773
leaf_count=3471 101 226 267 904 76 1400
internal_value=0.000106349 0.000755472 9.96315e-05 0.00262359 -0.00203056 -0.0011361
internal_weight=2118.93 1656.69 1265.57 391.12 462.241 429.256
internal_count=6445 4868 3738 1130 1577 1476
is_linear=0
shrinkage=0.03


Tree=139
num_leaves=7
num_cat=0
split_feature=2 2 0 0 0 2
split_gain=3.87601 4.61108 4.8983 4.44554 3.09719 2.62803
threshold=-0.37652556598186487 -0.25069630146026606 -1.9750196933746336 -2.4130936861038204 -1.0207204222679136 0.47434596717357641
decision_type=2 2 2 2 2 2
left_child=3 2 -2 -1 -5 -3
right_child=1 5 -4 4 -6 -7
leaf_value=0.0038874480054884291 -0.0022081159527699737 -0.00020156920321824393 0.006894528443051222 -0.0087193384114508162 0 -0.0045544489109141158
leaf_weight=25.251348830759525 55.535355806350708 1599.0217087939382 139.71243922412395 112.88514588400722 41.364160675555468 119.89569866657257
leaf_count=75 167 4755 384 406 142 440
internal_value=-0.000493103 -4.60879e-05 0.00406207 -0.00447674 -0.00647937 -0.00058858
internal_weight=2093.67 1914.17 195.248 179.501 154.249 1718.92
internal_count=6369 5746 551 623 548 5195
is_linear=0
shrinkage=0.03


Tree=140
num_leaves=7
num_cat=0
split_feature=2 2 4 3 3 1
split_gain=3.328 4.29463 2.46787 2.45511 6.40486 2.87026
threshold=0.031791158020496375 0.052545165643095977 1.0000000180025095e-35 -0.49253609776496882 -1.1394723057746885 0.042247142642736442
decision_type=2 2 2 2 2 2
left_child=3 -2 -3 4 -1 -5
right_child=1 2 -4 5 -6 -7
leaf_value=-0.00015275195950666527 -0.0079718675566128171 -0.0015325873887866966 0.0020672223063646178 -0.0014575095995624709 0.0052925164297513635 0.003927056707660242
leaf_weight=391.54908896237612 57.996953222900629 565.18787003867328 214.41772820428014 418.55331987515092 328.26536963880062 89.786004088819027
leaf_count=1203 181 1914 664 1270 830 256
internal_value=0.00020052 -0.00120573 -0.00044054 0.00121161 0.00232536 -0.000280236
internal_weight=2065.76 837.603 779.606 1228.15 719.814 508.339
internal_count=6318 2759 2578 3559 2033 1526
is_linear=0
shrinkage=0.03


Tree=141
num_leaves=7
num_cat=0
split_feature=3 3 3 0 4 3
split_gain=1.56746 6.8368 4.77323 3.5937 3.88554 0.817593
threshold=-0.60233217477798451 -0.67162495851516713 -0.75331276655197132 -2.5035854578018184 1.0000000180025095e-35 -0.090050652623176561
decision_type=2 2 2 2 2 2
left_child=1 2 -1 5 -5 -2
right_child=3 -3 -4 4 -6 -7
leaf_value=0.00096286174522654006 0 0.0091953943180232596 -0.0059658560819220788 -0.0022001068335752022 0.0025314819131602869 0.0070872324300290182
leaf_weight=1017.9387182062492 25.165004506707191 66.120165910571814 76.948312532156706 711.34903729334474 170.35736281052232 40.432265982031822
leaf_count=2945 63 181 218 2377 506 130
internal_value=0.000276946 0.00102702 0.00032381 -0.00058254 -0.00118349 0.00518319
internal_weight=2108.31 1161.01 1094.89 947.304 881.706 65.5973
internal_count=6420 3344 3163 3076 2883 193
is_linear=0
shrinkage=0.03


Tree=142
num_leaves=7
num_cat=0
split_feature=1 1 7 1 3 2
split_gain=2.33609 4.51308 5.01413 4.92789 3.91039 3.50511
threshold=0.19110777229070666 0.042247142642736442 1.0000000180025095e-35 -0.022060456685721871 -0.69428512454032887 0.53172346949577343
decision_type=2 2 2 2 2 2
left_child=1 3 -3 -1 5 -2
right_child=4 2 -4 -5 -6 -7
leaf_value=0.00091345380192749907 -0.0058260048041188445 0.0010398781411972611 0.0085083538578270002 -0.0039908901799260016 0.0011704085010813012 0.0023826101205718531
leaf_weight=1046.6535594072193 184.67784899100661 276.50960204750299 115.48143144696951 202.61389167606831 221.17562863044441 36.85368057154119
leaf_count=3114 579 833 288 599 850 110
internal_value=0.00042408 0.00096732 0.00369197 2.04143e-05 -0.00141498 -0.0041278
internal_weight=2083.97 1641.26 391.991 1249.27 442.707 221.532
internal_count=6373 4834 1121 3713 1539 689
is_linear=0
shrinkage=0.03


Tree=143
num_leaves=7
num_cat=0
split_feature=3 2 1 1 2 1
split_gain=2.73028 3.36094 4.32996 3.23516 2.92613 5.19081
threshold=-1.4334707260131834 -0.058258235454559319 -0.37969832122325892 0.14014730602502826 -0.25069630146026606 -0.40462543070316309
decision_type=2 2 2 2 2 2
left_child=1 2 -1 -3 5 -2
right_child=4 3 -4 -5 -6 -7
leaf_value=0.0027779058506309773 -0.002093158469350054 0.0025202945423218924 -0.0070920791537459824 -0.0036460777766960323 -0.00045449350189859754 0.0052731633355684281
leaf_weight=29.512876577675343 108.19112884066999 156.83674837648869 165.03694565035403 114.52811878174543 1302.2999683786184 214.00706677511334
leaf_count=106 344 454 538 336 3988 620
internal_value=-0.000405095 -0.00238637 -0.00519578 0 0.000148773 0.00264652
internal_weight=2090.41 465.915 194.55 271.365 1624.5 322.198
internal_count=6386 1434 644 790 4952 964
is_linear=0
shrinkage=0.03


Tree=144
num_leaves=7
num_cat=0
split_feature=0 0 2 2 2 2
split_gain=1.35322 4.50144 6.01351 3.72345 3.66352 6.20956
threshold=-0.93713289499282826 -1.1025980114936826 -0.064022786915302263 0.23462251573801043 -0.26726803183555597 0.093396518379449858
decision_type=2 2 2 2 2 2
left_child=1 3 -3 -1 -2 -6
right_child=4 2 -4 -5 5 -7
leaf_value=0.00064358400642417879 0.0037849773632541149 -0.001096867466489728 0.0095641520133786725 -0.0032709629102671985 -0.0057652645457121308 0.0014476014344725039
leaf_weight=1233.6583332084119 76.010123487561941 63.164773464202881 86.720009263604879 244.67777453735471 219.20966757833958 164.04556107521057
leaf_count=3684 230 173 240 887 633 520
internal_value=5.7539e-05 0.000491772 0.00511797 0 -0.00131302 -0.00261046
internal_weight=2087.49 1628.22 149.885 1478.34 459.265 383.255
internal_count=6367 4984 413 4571 1383 1153
is_linear=0
shrinkage=0.03


Tree=145
num_leaves=7
num_cat=0
split_feature=0 3 3 3 0 3
split_gain=4.58348 4.21922 3.455 2.68266 1.85094 1.39424
threshold=-1.9523130655288694 -2.051172018051147 0.59841719269752514 -1.5378904938697813 -2.6138979196548457 0.78737303614616405
decision_type=2 2 2 2 2 2
left_child=1 -1 3 -2 -3 -4
right_child=2 4 5 -5 -6 -7
leaf_value=0.006315816851633153 -0.00099217272620223717 0.0023290982379423932 -0.0067306416628538594 0.0022569920975930441 -0.0032240283674938547 -0.00038545713822786093
leaf_weight=27.90031398832798 249.72930747643113 32.747458793222904 37.49458234384656 1049.5165040791035 542.60934654064476 127.5891446582973
leaf_count=85 745 101 137 2991 1795 497
internal_value=9.28932e-05 -0.00203525 0.00102565 0.00158141 -0.00273956 -0.00272236
internal_weight=2067.59 603.257 1464.33 1299.25 575.357 165.084
internal_count=6351 1981 4370 3736 1896 634
is_linear=0
shrinkage=0.03


Tree=146
num_leaves=7
num_cat=0
split_feature=2 2 2 2 2 1
split_gain=1.99711 4.59736 3.5569 1.71985 2.35534 0.610917
threshold=-0.02597680781036615 -0.058258235454559319 -0.07181894406676291 0.0096414387226104754 0.023950153030455116 0.053717143833637244
decision_type=2 2 2 2 2 2
left_child=1 2 -1 5 -5 -2
right_child=3 -3 -4 4 -6 -7
leaf_value=0.0010333607678186009 -0.0047826576411460521 0.0063325330765521557 -0.006118832421662777 0.0054871401421782455 -0.00040026955547891848 0
leaf_weight=873.34614827949554 81.491845920681953 126.60253372043371 46.018374539911747 45.725703582167625 859.36508819460869 34.832907661795616
leaf_count=2619 236 335 127 128 2835 92
internal_value=0.000433448 0.00135798 0.000488834 -0.000463588 0 -0.003605
internal_weight=2067.38 1045.97 919.365 1021.42 905.091 116.325
internal_count=6372 3081 2746 3291 2963 328
is_linear=0
shrinkage=0.03


Tree=147
num_leaves=7
num_cat=0
split_feature=0 5 0 0 0 3
split_gain=2.9253 6.80349 4.15014 3.89198 2.90574 2.87393
threshold=-1.9113271236419676 1.0000000180025095e-35 -1.7912629246711729 -2.0445472002029415 -2.3112672567367549 -2.0696264505386348
decision_type=2 2 2 2 2 2
left_child=1 3 -2 -1 -3 -4
right_child=2 4 5 -5 -6 -7
leaf_value=0.0016722392221113268 0.0060465324793424107 -0.0017532335233788974 -0.0068070952816459245 -0.0048269909843582032 -0.010511897658338168 0.00060382539560825243
leaf_weight=390.66431830823421 107.72015299275517 104.53184872493148 28.134847648441792 82.557165611535311 69.658280024304986 1290.9042427511886
leaf_count=1210 357 351 85 275 311 3794
internal_value=7.02126e-05 -0.00154197 0.000854436 0.000266993 -0.00628668 0.000301633
internal_weight=2074.17 647.412 1426.76 473.221 174.19 1319.04
internal_count=6383 2147 4236 1485 662 3879
is_linear=0
shrinkage=0.03


Tree=148
num_leaves=7
num_cat=0
split_feature=2 2 2 1 2 3
split_gain=3.22816 3.23718 4.0136 2.86211 5.05073 4.7376
threshold=-0.076801866292953477 -0.058258235454559319 -0.02597680781036615 -0.4288173764944076 -0.3356305062770843 -1.5378904938697813
decision_type=2 2 2 2 2 2
left_child=3 -2 -3 4 -1 -5
right_child=1 2 -4 5 -6 -7
leaf_value=0.00098978882945742106 -0.0075923695009746869 0.0036927108920560216 -0.001670455161007306 -0.0031544569036536323 -0.0096994246347762297 0.0027994919476529005
leaf_weight=85.982100553810596 56.812566831707954 118.51738377660513 1007.5069461651146 122.50871221721172 39.757849927991629 608.87593540176749
leaf_count=306 171 321 3277 429 112 1705
internal_value=-0.000462052 -0.00148656 -0.000999019 0.000885027 -0.00284559 0.00166492
internal_weight=2039.96 1182.84 1126.02 857.125 125.74 731.385
internal_count=6321 3769 3598 2552 418 2134
is_linear=0
shrinkage=0.03


Tree=149
num_leaves=7
num_cat=0
split_feature=0 3 3 3 0 1
split_gain=3.10503 5.77663 13.3576 4.05433 2.61838 2.51447
threshold=-0.82867875695228566 -0.51803639531135548 -1.5506581664085386 -0.042944146320223801 -0.93713289499282826 -0.36601136624813074
decision_type=2 2 2 2 2 2
left_child=4 2 -2 -3 5 -1
right_child=1 3 -4 -5 -6 -7
leaf_value=-0.003707924736185838 -0.0044787315922008965 -0.0070300625585149341 0.010304431104527008 0.0014298971386865675 -0.0056905064593295012 0
leaf_weight=164.07488584704697 62.979808770120144 57.167670734226704 140.48352119699121 114.43468037247658 72.880630418658257 1435.5916281603277
leaf_count=527 196 190 402 381 199 4452
internal_value=-0.0001525 0.00220667 0.00546867 -0.00151494 -0.000736814 -0.000406599
internal_weight=2047.61 375.066 203.463 171.602 1672.55 1599.67
internal_count=6347 1169 598 571 5178 4979
is_linear=0
shrinkage=0.03


Tree=150
num_leaves=6
num_cat=0
split_feature=0 2 1 3 6
split_gain=3.58602 2.98067 3.97768 3.3916 2.54283
threshold=1.0000000180025095e-35 -0.48203234374523157 -0.55217835307121266 -0.89323109388351429 1.0000000180025095e-35
decision_type=2 2 2 2 2
left_child=1 2 -1 -3 -2
right_child=4 3 -4 -5 -6
leaf_value=-0.0024114363382053442 0 0.00054435379378123695 0.0078352254429196015 -0.0019547613518634526 0.0095567564456626054
leaf_weight=32.929258035495877 39.375865072011948 832.22945742029697 64.601550154387951 1052.59048461169 35.635827846825123
leaf_count=132 147 2430 219 3334 111
internal_value=-0.000222586 -0.000518145 0.00404351 -0.000825665 0.00542161
internal_weight=2057.36 1982.35 97.5308 1884.82 75.0117
internal_count=6373 6115 351 5764 258
is_linear=0
shrinkage=0.03


Tree=151
num_leaves=7
num_cat=0
split_feature=0 3 3 0 2 0
split_gain=2.32054 4.12865 5.13573 3.67353 2.95689 0.889539
threshold=-0.37912316620349878 -0.44318357110023493 -1.392031669616699 -0.48512971401214594 0.56224325299263012 -0.085651360452175127
decision_type=2 2 2 2 2 2
left_child=3 2 -2 4 -1 -3
right_child=1 5 -4 -5 -6 -7
leaf_value=-7.1615596692348144e-05 -0.001510272636232579 0.00089729956637552737 0.011736815289645505 -0.0082406670499197508 -0.005750090649986047 -0.0041304434363279704
leaf_weight=1791.2154406197369 24.412921667098999 26.862900532782078 49.322594609111547 36.333699345588684 67.996116902679205 37.397524751722813
leaf_count=5442 89 101 171 123 256 128
internal_value=-0.000325487 0.00311099 0.00732434 -0.000636855 -0.000370207 -0.0016025
internal_weight=2033.54 137.996 73.7355 1895.55 1859.21 64.2604
internal_count=6310 489 260 5821 5698 229
is_linear=0
shrinkage=0.03


Tree=152
num_leaves=5
num_cat=0
split_feature=0 0 1 0
split_gain=3.33834 5.03193 4.53131 3.08733
threshold=0.23407720029354098 -0.48512971401214594 -0.066267542541027055 -0.69375884532928456
decision_type=2 2 2 2
left_child=1 3 -3 -1
right_child=-2 2 -4 -5
leaf_value=-0.00011893836173328417 0.0068617600690284572 0 -0.0096414164189464521 0.0050722480037585704
leaf_weight=1781.492045160383 40.850060645490885 70.672656424343586 73.673123475164175 88.581682588905096
leaf_count=5491 163 215 267 260
internal_value=-2.80565e-05 -0.00026335 -0.00530741 0.000146284
internal_weight=2055.27 2014.42 144.346 1870.07
internal_count=6396 6233 482 5751
is_linear=0
shrinkage=0.03


Tree=153
num_leaves=7
num_cat=0
split_feature=2 0 0 2 3 2
split_gain=2.83305 4.44836 6.26382 3.94756 3.53966 0.294512
threshold=-0.15183274447917935 -2.4615145921707149 -1.9523130655288694 -0.12780172377824781 0.45751656591892248 -0.34309475123882288
decision_type=2 2 2 2 2 2
left_child=1 5 -3 -2 -5 -1
right_child=3 2 -4 4 -6 -7
leaf_value=0.0064280745943949159 0.0065177201896806135 -0.0077456240084827705 -0.0006425834974213429 0.00067726512042232969 -0.0037304433154770329 0
leaf_weight=28.16664981096983 72.108648672699928 146.72850046306849 420.95230749901384 1213.0946462210268 168.54025374539196 29.076906785368919
leaf_count=85 207 484 1258 3615 703 83
internal_value=-0.000198976 -0.00187575 -0.00278172 0.000496784 5.12211e-05 0.00472593
internal_weight=2078.67 624.924 567.681 1453.74 1381.63 57.2436
internal_count=6435 1910 1742 4525 4318 168
is_linear=0
shrinkage=0.03


Tree=154
num_leaves=7
num_cat=0
split_feature=2 1 3 2 1 1
split_gain=2.27921 4.35808 5.58096 3.24396 7.39765 3.68909
threshold=-0.15183274447917935 0.19110777229070666 -0.042944146320223801 -0.25069630146026606 -0.15138022601604459 -0.21800602227449414
decision_type=2 2 2 2 2 2
left_child=3 -2 -3 4 -1 -5
right_child=1 2 -4 5 -6 -7
leaf_value=-0.0014370242489296461 0.002265819279153296 -0.0034353996387934782 0.0036408708144717639 0.001207862253202582 0.0078116308272587996 -0.0058614667110509569
leaf_weight=302.64559715427458 996.69701428711414 306.51849949546158 119.82634925842285 74.324800170958042 81.055327594280243 169.21972745098174
leaf_count=966 2951 1000 475 224 247 489
internal_value=0.00049346 0.00117184 -0.00123813 -0.000941554 0.000658303 -0.00354845
internal_weight=2050.29 1423.04 426.345 627.245 383.701 243.545
internal_count=6352 4426 1475 1926 1213 713
is_linear=0
shrinkage=0.03


Tree=155
num_leaves=7
num_cat=0
split_feature=0 6 1 2 0 1
split_gain=2.99675 5.12421 8.79267 6.81785 3.64696 6.3249
threshold=-1.4730488657951353 1.0000000180025095e-35 0.16288267821073535 -0.06905126571655272 -2.0445472002029415 0.15004593133926394
decision_type=2 2 2 2 2 2
left_child=4 3 -3 -2 5 -1
right_child=1 2 -4 -5 -6 -7
leaf_value=0.0026502812765441877 -0.00088340363048129786 0.00098927389627940089 -0.0099712305062059498 0.0048624614158517812 -0.0028476713142707149 -0.0043997738072937822
leaf_weight=383.85139466449618 279.5633134804666 209.53217266499996 69.748235411942005 434.23467715457082 514.16829265747219 137.21530622057617
leaf_count=1218 803 592 226 1251 1701 502
internal_value=6.69106e-06 0.00120053 -0.00203097 0.00256755 -0.00108272 0.000588852
internal_weight=2028.31 993.078 279.28 713.798 1035.23 521.067
internal_count=6293 2872 818 2054 3421 1720
is_linear=0
shrinkage=0.03


Tree=156
num_leaves=7
num_cat=0
split_feature=2 2 0 0 0 2
split_gain=1.76351 4.22315 7.177 4.60773 3.73967 2.51986
threshold=0.026678652502596382 0.077925696969032301 -1.0661484599113462 -1.0084422826766966 -2.5035854578018184 1.0000000180025095e-35
decision_type=2 2 2 2 2 2
left_child=4 3 -3 -2 -1 -6
right_child=1 2 -4 -5 5 -7
leaf_value=0.0069130319854521201 -0.0005636825613547585 -0.0015538601502081261 0.0047825714628476363 -0.012098326392962929 0.00013941963382206469 0.0052266998097328377
leaf_weight=77.231042623519897 105.44325818866491 488.24341499060392 212.99108152464032 35.139718391001225 1045.0309251304716 79.155780918896198
leaf_count=219 332 1710 681 105 3119 225
internal_value=0.000448642 -0.000549132 0.000366812 -0.0049682 0.00119444 0.000635162
internal_weight=2043.24 841.817 701.234 140.583 1201.42 1124.19
internal_count=6391 2828 2391 437 3563 3344
is_linear=0
shrinkage=0.03


Tree=157
num_leaves=5
num_cat=0
split_feature=0 0 5 3
split_gain=1.62435 2.51189 5.53531 4.33656
threshold=-2.5664457082748409 -1.5622841715812681 1.0000000180025095e-35 0.025839150883257393
decision_type=2 2 2 2
left_child=-1 3 -3 -2
right_child=1 2 -4 -5
leaf_value=0.0045412315629710844 2.3125275488937004e-05 0 0.0052168236002530025 -0.0047415604187933192
leaf_weight=58.22367686778307 696.27047218568623 879.24881311878562 209.74854367598891 198.24069125205278
leaf_count=178 2208 2548 637 815
internal_value=0.000283345 8.43268e-05 0.0010705 -0.00104781
internal_weight=2041.73 1983.51 1089 894.511
internal_count=6386 6208 3185 3023
is_linear=0
shrinkage=0.03


Tree=158
num_leaves=7
num_cat=0
split_feature=1 3 3 3 0 3
split_gain=3.34097 3.39536 8.32941 2.68416 4.25986 2.26962
threshold=-0.098204977810382829 -0.49253609776496882 -1.1394723057746885 -2.051172018051147 -1.5622841715812681 -0.36012139916419977
decision_type=2 2 2 2 2 2
left_child=1 2 -1 -2 -5 -3
right_child=3 5 -4 4 -6 -7
leaf_value=-0.00050382699265932287 0.0045378784455723555 -0.0061348614974378714 0.0073348876759913341 -0.0033942870027685586 8.9984716887739002e-05 0.00016667140377059014
leaf_weight=237.53005806729198 49.009113259613514 38.347918033599854 201.49133195728064 522.43184986338019 677.19915355741978 306.69925666227937
leaf_count=772 143 111 523 1861 1964 982
internal_value=-7.49832e-05 0.00140704 0.00312592 -0.00106041 -0.00140898 -0.000667051
internal_weight=2032.71 784.069 439.021 1248.64 1199.63 345.047
internal_count=6356 2388 1295 3968 3825 1093
is_linear=0
shrinkage=0.03


Tree=159
num_leaves=7
num_cat=0
split_feature=3 3 3 2 2 2
split_gain=2.1013 5.14084 2.77355 7.85417 4.70346 2.54622
threshold=-0.50153818726539601 -0.4178196638822555 -1.5378904938697813 -0.15893955528736112 -0.18328925222158429 -0.26726803183555597
decision_type=2 2 2 2 2 2
left_child=2 -2 3 -1 -4 -3
right_child=1 5 4 -5 -6 -7
leaf_value=-0.0078019342901455742 -0.0084590225311353198 0.0030124534947960544 0.0055497465705051686 0.0013473133204530815 0.00041819953077304142 -0.0010974062287868202
leaf_weight=94.578228159807622 56.196218598634005 148.49933807551861 214.48553103208542 283.02343828603625 622.07398342341185 637.58363287337124
leaf_count=354 164 504 581 858 1809 2172
internal_value=0.000108648 -0.000995716 0.000927096 -0.00107058 0.00190279 -0.000191097
internal_weight=2056.44 842.279 1214.16 377.602 836.56 786.083
internal_count=6442 2840 3602 1212 2390 2676
is_linear=0
shrinkage=0.03


Tree=160
num_leaves=7
num_cat=0
split_feature=2 0 2 0 0 3
split_gain=2.61897 4.61052 6.7132 4.07961 2.80079 3.77811
threshold=0.23462251573801043 -0.99362903833389271 0.093396518379449858 -1.9523130655288694 -0.42120386660099024 -1.1003577709197996
decision_type=2 2 2 2 2 2
left_child=1 3 -3 -1 5 -2
right_child=4 2 -4 -5 -6 -7
leaf_value=-0.00035836802359860237 0.00091447269399316908 -0.0040156643779526401 0.0045730112301783279 0.0030044715098502903 0.0043532390320642428 -0.0053419265859739667
leaf_weight=485.06667659245431 111.19709595665336 310.91618894785643 85.12925560772419 794.24007066711783 30.112462677061558 200.61319502443075
leaf_count=1576 326 938 269 2296 120 815
internal_value=0.000283172 0.000800583 -0.00189424 0.00169734 -0.0019904 -0.00300932
internal_weight=2017.27 1675.35 396.045 1279.31 341.923 311.81
internal_count=6340 5079 1207 3872 1261 1141
is_linear=0
shrinkage=0.03


Tree=161
num_leaves=7
num_cat=0
split_feature=3 2 2 6 3 3
split_gain=3.51366 4.46785 4.44725 2.65032 2.36163 2.26274
threshold=-1.3768936395645139 0.16970987617969516 0.37063793838024145 1.0000000180025095e-35 -0.26338960230350489 -1.739790081977844
decision_type=2 2 2 2 2 2
left_child=2 4 5 -3 -2 -1
right_child=1 3 -4 -5 -6 -7
leaf_value=-0.00074046590662692267 0.0027009766512300516 -0.00030314360581469883 0.0049520134683395424 -0.0061637662894128368 0 -0.0053863127493605899
leaf_weight=226.17376305907965 656.20610904321074 265.67404699139297 44.309612978249788 89.364187996834517 517.07209910452366 218.38612368330359
leaf_count=729 1822 958 127 376 1663 695
internal_value=-6.78174e-05 0.000613367 -0.00225567 -0.0021883 0.00153391 -0.00328549
internal_weight=2017.19 1528.32 488.869 355.038 1173.28 444.56
internal_count=6370 4819 1551 1334 3485 1424
is_linear=0
shrinkage=0.03


Tree=162
num_leaves=5
num_cat=0
split_feature=1 3 3 2
split_gain=2.18427 2.16311 2.74969 1.69447
threshold=-0.69011947512626637 0.65504670143127453 -1.5378904938697813 -0.27906428277492518
decision_type=2 2 2 2
left_child=-1 2 -2 -3
right_child=1 3 -4 -5
leaf_value=-0.0057916789176636245 -0.0013436803876865197 0.0019155733156561491 0.0014553662361712261 -0.0037353824490352449
leaf_weight=29.960414461791515 364.67924653179944 35.899787053465843 1442.6245885379612 155.43235783465207
leaf_count=99 1192 140 4315 651
internal_value=0.000319334 0.000497139 0.000849212 -0.00231023
internal_weight=2028.6 1998.64 1807.3 191.332
internal_count=6397 6298 5507 791
is_linear=0
shrinkage=0.03


Tree=163
num_leaves=7
num_cat=0
split_feature=3 2 2 2 1 2
split_gain=1.64908 2.72914 1.66622 1.38556 2.87398 2.41034
threshold=0.48036541044712072 0.4632814228534699 0.27842541038990026 -0.39214509725570673 -0.049957826733589165 -0.59715124964714039
decision_type=2 2 2 2 2 2
left_child=3 2 -2 5 -5 -1
right_child=1 -3 -4 4 -6 -7
leaf_value=0.002455472815077765 -0.0016037983557563539 -0.0092094843532732219 0.0046873068438060108 0.0022382367733511693 -0.0002393966052588385 -0.0046142116608956802
leaf_weight=40.824560485780239 211.33236506767571 21.263663772493601 23.264862664043903 680.07548304460943 958.40700447931886 97.580755062401295
leaf_count=142 802 107 117 1937 2969 325
internal_value=0.000132157 -0.00198735 -0.000425043 0.000489467 0.000767393 -0.0021034
internal_weight=2032.75 255.861 234.597 1776.89 1638.48 138.405
internal_count=6399 1026 919 5373 4906 467
is_linear=0
shrinkage=0.03


Tree=164
num_leaves=7
num_cat=0
split_feature=0 3 2 3 3 3
split_gain=2.24797 5.52607 5.26977 3.38794 10.636 8.6605
threshold=-0.93713289499282826 1.4150930643081667 -0.37652556598186487 -0.7774975299835204 -1.564485430717468 0.055759491398930557
decision_type=2 2 2 2 2 2
left_child=1 2 -1 4 -2 -5
right_child=3 -3 -4 5 -6 -7
leaf_value=-0.0045700096667946732 -0.0071232849229886574 -0.0083002375157884729 0.0012056450174350204 -0.0092525161991044332 0.0058004527650871995 0.0011506264313459705
leaf_weight=135.59198473766446 73.853943839669228 45.026017908006907 1395.4233161900192 128.76983359456062 124.62341360747814 114.71842142567039
leaf_count=468 233 202 4327 415 343 390
internal_value=-0.000292169 0.000210339 0.000603115 -0.00214551 0.000505008 -0.00440811
internal_weight=2018.01 1576.04 1531.02 441.966 198.477 243.488
internal_count=6378 4997 4795 1381 576 805
is_linear=0
shrinkage=0.03


Tree=165
num_leaves=7
num_cat=0
split_feature=0 3 4 0 0 1
split_gain=3.73323 4.80855 8.83038 7.09649 3.0267 7.04966
threshold=-1.5386185050010679 -1.1003577709197996 1.0000000180025095e-35 -1.484948396682739 -1.6307272911071775 0.085857614874839797
decision_type=2 2 2 2 2 2
left_child=4 2 -2 -3 -1 -6
right_child=1 3 -4 -5 5 -7
leaf_value=-0.00050265274991531271 0.006869192397181291 0.01067499544341192 -0.0033919708730592558 -0.0008512918803516901 -0.011201566880231101 0.0035232849855810298
leaf_weight=882.72977015562356 259.56614010035992 31.665135413408279 80.704986877739429 669.00062077492476 56.338446122594178 27.190279826521873
leaf_count=3010 725 93 255 2018 182 102
internal_value=0.000138706 0.00139857 0.00421573 0 -0.00115852 -0.00607412
internal_weight=2007.2 1040.94 340.271 700.666 966.258 83.5287
internal_count=6385 3091 980 2111 3294 284
is_linear=0
shrinkage=0.03


Tree=166
num_leaves=5
num_cat=0
split_feature=0 1 1 6
split_gain=3.47256 1.5885 2.06427 0.856059
threshold=1.0000000180025095e-35 -0.69011947512626637 -0.20271357893943784 1.0000000180025095e-35
decision_type=2 2 2 2
left_child=1 -1 -3 -2
right_child=3 2 -4 -5
leaf_value=-0.0060309450891666951 0.0001705068451333425 0.0013230485519193042 -0.00094310987219424817 0.0078869504484462213
leaf_weight=27.96642230451107 40.760016575455666 444.96094351261854 1451.7825998794287 35.232697162777185
leaf_count=101 150 1386 4623 113
internal_value=-0.000245554 -0.000546184 -0.000371926 0.005271
internal_weight=2000.7 1924.71 1896.74 75.9927
internal_count=6373 6110 6009 263
is_linear=0
shrinkage=0.03


Tree=167
num_leaves=7
num_cat=0
split_feature=2 2 0 2 0 0
split_gain=2.03238 6.13923 4.24609 2.824 4.50296 4.30383
threshold=0.023950153030455116 -0.058258235454559319 -0.69375884532928456 0.077925696969032301 -1.9350225925445554 -2.2812517881393428
decision_type=2 2 2 2 2 2
left_child=1 2 -1 4 -2 -5
right_child=3 -3 -4 5 -6 -7
leaf_value=-0.0019273469595088818 0.0014634246520278077 0.0039388693357294254 0.0036613249492993454 -0.0056690584497764776 -0.0083824309466779042 0.00021689451015870928
leaf_weight=770.59069509152323 41.362607356160879 273.26615402474999 120.06709488108754 113.62684185989201 103.37924432754517 581.79515065066516
leaf_count=2359 141 778 383 421 312 1980
internal_value=-0.000645824 0.00012182 -0.0010442 -0.00175714 -0.00536851 -0.000792556
internal_weight=2004.09 1163.92 890.658 840.164 144.742 695.422
internal_count=6374 3520 2742 2854 453 2401
is_linear=0
shrinkage=0.03


Tree=168
num_leaves=7
num_cat=0
split_feature=1 0 3 3 3 3
split_gain=1.77571 3.79586 4.77412 3.72948 6.24557 3.28795
threshold=0.013665942475199701 -1.5156689286231992 0.025839150883257393 -0.45470491051673884 -0.16400951892137525 -0.61361512541770924
decision_type=2 2 2 2 2 2
left_child=1 2 -1 5 -5 -2
right_child=3 -3 -4 4 -6 -7
leaf_value=-0.0011623866249218966 0 0.00047238741345811611 -0.0078467607682733004 0.0093878415825024777 0.00030435125269711065 -0.0070867818088191743
leaf_weight=440.67052969057113 484.57835872843862 549.05086950585246 119.8485412504524 79.090665511786938 271.85092803835869 48.705289226025343
leaf_count=1351 1490 1615 473 256 1013 172
internal_value=-0.000400423 -0.00120756 -0.00291607 0.000550363 0.00290901 -0.00094241
internal_weight=1993.8 1109.57 560.519 884.225 350.942 533.284
internal_count=6370 3439 1824 2931 1269 1662
is_linear=0
shrinkage=0.03


Tree=169
num_leaves=7
num_cat=0
split_feature=0 3 3 0 0 2
split_gain=3.28742 4.37611 5.82934 4.68725 2.43702 2.5401
threshold=-1.4730488657951353 -1.1394723057746885 -0.29829843342304224 -1.8085284829139707 -1.4282999038696287 0.077925696969032301
decision_type=2 2 2 2 2 2
left_child=1 3 -3 -1 -2 -6
right_child=4 2 -4 -5 5 -7
leaf_value=-0.0015279103324994981 0.0058253266581927586 0.0026103481982487323 -0.0027845130959420492 -0.0093257259302148236 -0.00085657357281366132 0.0022967021261368794
leaf_weight=263.50755361095071 61.636978268623352 335.62471549212933 344.2438143119216 96.161985620856285 571.26261707022786 346.46315303817391
leaf_count=876 171 1018 1308 306 1670 1074
internal_value=-0.000388272 -0.00156899 -3.70603e-05 -0.00415221 0.000811276 0.000293473
internal_weight=2018.9 1039.54 679.869 359.67 979.363 917.726
internal_count=6423 3508 2326 1182 2915 2744
is_linear=0
shrinkage=0.03


Tree=170
num_leaves=7
num_cat=0
split_feature=2 2 1 1 5 4
split_gain=1.29113 3.19275 3.46644 2.12128 1.52235 2.30008
threshold=-0.36745615303516382 -0.25069630146026606 -0.18242768198251721 -0.35027466714382166 1.0000000180025095e-35 1.0000000180025095e-35
decision_type=2 2 2 2 2 2
left_child=4 3 -3 -2 5 -1
right_child=1 2 -4 -5 -6 -7
leaf_value=-0.0060104046391175241 -0.00035428138939738469 0.0030517608350060597 -0.00061563638998130997 0.00574721604104317 0.0014077801642066335 0.00085425050874409782
leaf_weight=93.9980907458812 47.224325060844421 258.81651397421956 1360.2054933104664 135.46567782759666 47.161485709249973 42.272219236940145
leaf_count=345 140 774 4363 404 161 153
internal_value=0.000166285 0.000445106 0 0.00399466 -0.00205194 -0.00366019
internal_weight=1985.14 1801.71 1619.02 182.69 183.432 136.27
internal_count=6340 5681 5137 544 659 498
is_linear=0
shrinkage=0.03


Tree=171
num_leaves=7
num_cat=0
split_feature=1 0 6 0 1 0
split_gain=2.13895 5.36657 5.03018 3.20931 6.01328 2.99016
threshold=0.15004593133926394 -2.3283789157867427 1.0000000180025095e-35 -2.2160280942916866 0.286492869257927 -2.0931320190429683
decision_type=2 2 2 2 2 2
left_child=1 -1 -3 4 -2 -5
right_child=3 2 -4 5 -6 -7
leaf_value=0.0042014413521903405 -0.012928600265242922 -0.001819345949815135 0.0023102397346258189 0.0062790502519233836 0 -0.0015390964723172962
leaf_weight=227.73061167262495 42.069742523133755 906.1699140612036 344.32807389833033 27.709008030593395 55.115312818437815 398.81083511933684
leaf_count=700 152 2847 1030 105 204 1337
internal_value=-0.000420464 0.000131814 -0.00061656 -0.0020372 -0.00650778 -0.000638321
internal_weight=2001.93 1478.23 1250.5 523.705 97.1851 426.52
internal_count=6375 4577 3877 1798 356 1442
is_linear=0
shrinkage=0.03


Tree=172
num_leaves=7
num_cat=0
split_feature=0 3 1 3 0 3
split_gain=3.94604 7.02168 5.64208 4.57745 2.96525 5.02398
threshold=-1.5766479372978208 -1.1394723057746885 0.030857904814183715 -0.89323109388351429 -1.4282999038696287 -1.1278003454208372
decision_type=2 2 2 2 2 2
left_child=1 2 -1 -3 -2 -6
right_child=4 3 -4 -5 5 -7
leaf_value=-0.0083760354713480287 0.0042129037682925499 0.0052511149063837236 -0.00012488910599166582 -0.0010995752220320798 0.003325937708539286 -0.0013646192287925128
leaf_weight=185.30928769335151 173.87567904964089 107.70618933439255 141.968177665025 479.905497899279 279.44700660184026 630.64547172561288
leaf_count=634 497 318 453 1746 817 1920
internal_value=-0.000343834 -0.00179592 -0.0051829 0.000100255 0.00083774 5.1671e-05
internal_weight=1998.86 914.889 327.277 587.612 1083.97 910.092
internal_count=6385 3151 1087 2064 3234 2737
is_linear=0
shrinkage=0.03


Tree=173
num_leaves=7
num_cat=0
split_feature=2 4 1 2 2 1
split_gain=0.989978 4.32815 1.79089 3.20446 2.53786 1.4483
threshold=-0.37652556598186487 1.0000000180025095e-35 -0.066267542541027055 0.20443183183670047 -0.2432860732078552 -0.36601136624813074
decision_type=2 2 2 2 2 2
left_child=1 5 3 -2 -4 -1
right_child=2 -3 4 -5 -6 -7
leaf_value=-0.0071789819931914259 0.0021668745829829385 0.0045551646947313432 0.005853956642214257 -0.0055951037035016854 -0.00061186936444933911 0
leaf_weight=67.476801317185163 679.15686879772693 42.51917077600956 36.652662884443998 28.657967880368233 1083.8458570409566 57.806749811396003
leaf_count=265 2020 152 111 105 3519 212
internal_value=0.000218933 -0.00179751 0.000453912 0.00162505 -0.00024881 -0.00469676
internal_weight=1996.12 167.803 1828.31 707.815 1120.5 125.284
internal_count=6384 629 5755 2125 3630 477
is_linear=0
shrinkage=0.03


Tree=174
num_leaves=7
num_cat=0
split_feature=1 3 2 2 3 3
split_gain=1.50982 1.97418 2.66422 1.49098 1.16631 2.12873
threshold=-0.30168901383876795 0.65504670143127453 0.43756449222564703 -0.20778123289346692 -1.1714593172073362 -0.73721957206726063
decision_type=2 2 2 2 2 2
left_child=4 2 -2 -3 -1 -6
right_child=1 3 -4 -5 5 -7
leaf_value=-0.00068338066186669191 -0.00053565342430813569 0.00075074944095943508 0.0037577350293591079 -0.0047993918031739372 0.0077978018425488892 0.00064978896921775824
leaf_weight=78.535147842019796 1442.6107013905421 30.324243672192097 121.71856760419905 132.65667351707816 42.356897056102753 164.94234297797084
leaf_count=279 4381 107 428 583 117 543
internal_value=-0.000141016 -0.000506945 -0.0001205 -0.00346964 0.00176266 0.00293191
internal_weight=2013.14 1727.31 1564.33 162.981 285.834 207.299
internal_count=6438 5499 4809 690 939 660
is_linear=0
shrinkage=0.03


Tree=175
num_leaves=6
num_cat=0
split_feature=0 3 3 2 2
split_gain=1.86931 2.36613 2.29706 1.57675 1.43506
threshold=0.14348567277193072 0.65504670143127453 0.51840564608573925 -0.3356305062770843 0.067917600274086012
decision_type=2 2 2 2 2
left_child=1 2 -1 -3 -2
right_child=4 3 -4 -5 -6
leaf_value=0 0 0.0012651054954287242 0.0057071465337508063 -0.0044391232617982009 0.008135142104358048
leaf_weight=1720.9532032599673 22.376889601349831 28.793071381747723 45.641673386096954 153.95150108262897 24.523353058844805
leaf_count=5238 86 126 167 661 102
internal_value=1.86901e-05 -0.000119362 0.000198925 -0.00320829 0.0049738
internal_weight=1996.24 1949.34 1766.59 182.745 46.9002
internal_count=6380 6192 5405 787 188
is_linear=0
shrinkage=0.03


Tree=176
num_leaves=6
num_cat=0
split_feature=0 0 1 3 1
split_gain=3.10819 4.9863 3.61228 0.904703 0.58781
threshold=0.055216835811734206 -0.50616398453712452 0.42763337492942816 -1.328856289386749 -0.018777697347104546
decision_type=2 2 2 2 2
left_child=1 2 -1 -3 -2
right_child=4 3 -4 -5 -6
leaf_value=0.00050998411158673367 0 0 -0.0046013973005258994 -0.0066733143640698676 0.0074941520652329939
leaf_weight=1669.5222917804495 24.067607432603836 27.119257729500532 113.70440791547298 102.6367914788425 36.088498126715422
leaf_count=5217 84 85 453 359 134
internal_value=-3.48551e-05 -0.000304104 0.000103372 -0.0055706 0.00571831
internal_weight=1973.14 1912.98 1783.23 129.756 60.1561
internal_count=6332 6114 5670 444 218
is_linear=0
shrinkage=0.03


Tree=177
num_leaves=5
num_cat=0
split_feature=0 0 5 2
split_gain=2.90612 2.95753 4.30018 3.58886
threshold=-2.6138979196548457 -1.5468521714210508 1.0000000180025095e-35 -0.11705414950847624
decision_type=2 2 2 2
left_child=-1 2 -2 -3
right_child=1 3 -4 -5
leaf_value=0.0075581752023891552 0.000320600615831795 0.0038157535638560264 -0.004151887067548426 6.3902726483246566e-05
leaf_weight=32.797740653157234 658.93149709980935 350.42145461589098 241.68592848815024 694.87473960220814
leaf_count=104 2174 1064 968 2065
internal_value=0.000555032 0.000330785 -0.000878568 0.00142601
internal_weight=1978.71 1945.91 900.617 1045.3
internal_count=6375 6271 3142 3129
is_linear=0
shrinkage=0.03


Tree=178
num_leaves=7
num_cat=0
split_feature=3 0 1 4 2 0
split_gain=2.35567 5.23315 3.23592 3.95791 3.00226 2.86723
threshold=-1.602636933326721 -0.97662916779518116 0.35016807913780218 1.0000000180025095e-35 -0.15893955528736112 -0.27207928895950312
decision_type=2 2 2 2 2 2
left_child=1 4 5 -4 -1 -2
right_child=2 -3 3 -5 -6 -7
leaf_value=-0.0048469966648904865 0.00043369163049852328 -0.0084077550469924146 -0.0061976072523204934 0.0026703710926400861 0.0019837017830859629 0.0056105755674562274
leaf_weight=62.056495506316423 1436.9548321738839 73.369066722691059 114.56663036346436 43.287928089499474 176.75557048991323 87.867690622806549
leaf_count=256 4447 238 498 147 548 316
internal_value=-4.98136e-05 -0.00238559 0.000371227 -0.00340159 0 0.000839623
internal_weight=1994.86 312.181 1682.68 157.855 238.812 1524.82
internal_count=6450 1042 5408 645 804 4763
is_linear=0
shrinkage=0.03


Tree=179
num_leaves=7
num_cat=0
split_feature=2 0 3 3 2 0
split_gain=1.85335 4.38592 2.76473 2.76176 2.79019 1.4235
threshold=0.15004771947860721 -1.0661484599113462 -1.3462581038475034 -1.5378904938697813 -0.03353955224156379 -0.50616398453712452
decision_type=2 2 2 2 2 2
left_child=3 2 -2 4 -1 -3
right_child=1 5 -4 -5 -6 -7
leaf_value=-0.0046990200446961781 0.00011200351964582225 0.0036979883862260322 -0.0052500907312787223 0.00080016770302104639 0.00084160613751940803 -0.0012018915223953356
leaf_weight=168.23668313771486 92.903468616306782 108.99793725833297 262.43762247264385 1189.2803600877523 107.86286987736821 53.823854293674231
leaf_count=609 282 324 1021 3611 335 216
internal_value=-0.0003849 -0.00189882 -0.00375706 0.000128391 -0.00242121 0.00179576
internal_weight=1983.54 518.163 355.341 1465.38 276.1 162.822
internal_count=6398 1843 1303 4555 944 540
is_linear=0
shrinkage=0.03


end of trees

feature_importances:
Column_0=277
Column_3=246
Column_2=213
Column_1=162
Column_4=35
Column_5=24
Column_7=22
Column_6=10

parameters:
[boosting: gbdt]
[objective: lambdarank]
[metric: ndcg]
[tree_learner: serial]
[device_type: cpu]
[data_sample_strategy: bagging]
[data: ]
[valid: ]
[num_iterations: 180]
[learning_rate: 0.03]
[num_leaves: 7]
[num_threads: 1]
[seed: 17]
[deterministic: 1]
[force_col_wise: 1]
[force_row_wise: 0]
[histogram_pool_size: -1]
[max_depth: 3]
[min_data_in_leaf: 80]
[min_sum_hessian_in_leaf: 0.001]
[bagging_fraction: 0.8]
[pos_bagging_fraction: 1]
[neg_bagging_fraction: 1]
[bagging_freq: 1]
[bagging_seed: 26602]
[bagging_by_query: 0]
[feature_fraction: 0.8]
[feature_fraction_bynode: 1]
[feature_fraction_seed: 18297]
[extra_trees: 0]
[extra_seed: 13015]
[early_stopping_round: 0]
[early_stopping_min_delta: 0]
[first_metric_only: 0]
[max_delta_step: 0]
[lambda_l1: 2]
[lambda_l2: 20]
[linear_lambda: 0]
[min_gain_to_split: 0]
[drop_rate: 0.1]
[max_drop: 50]
[skip_drop: 0.5]
[xgboost_dart_mode: 0]
[uniform_drop: 0]
[drop_seed: 30017]
[top_rate: 0.2]
[other_rate: 0.1]
[min_data_per_group: 100]
[max_cat_threshold: 32]
[cat_l2: 10]
[cat_smooth: 10]
[max_cat_to_onehot: 4]
[top_k: 20]
[monotone_constraints: ]
[monotone_constraints_method: basic]
[monotone_penalty: 0]
[feature_contri: ]
[forcedsplits_filename: ]
[refit_decay_rate: 0.9]
[cegb_tradeoff: 1]
[cegb_penalty_split: 0]
[cegb_penalty_feature_lazy: ]
[cegb_penalty_feature_coupled: ]
[path_smooth: 0]
[interaction_constraints: ]
[verbosity: -1]
[saved_feature_importance_type: 0]
[use_quantized_grad: 0]
[num_grad_quant_bins: 4]
[quant_train_renew_leaf: 0]
[stochastic_rounding: 1]
[linear_tree: 0]
[max_bin: 255]
[max_bin_by_feature: ]
[min_data_in_bin: 3]
[bin_construct_sample_cnt: 200000]
[data_random_seed: 94]
[is_enable_sparse: 1]
[enable_bundle: 1]
[use_missing: 1]
[zero_as_missing: 0]
[feature_pre_filter: 1]
[pre_partition: 0]
[two_round: 0]
[header: 0]
[label_column: ]
[weight_column: ]
[group_column: ]
[ignore_column: ]
[categorical_feature: ]
[forcedbins_filename: ]
[precise_float_parser: 0]
[parser_config_file: ]
[objective_seed: 20363]
[num_class: 1]
[is_unbalance: 0]
[scale_pos_weight: 1]
[sigmoid: 1]
[boost_from_average: 1]
[reg_sqrt: 0]
[alpha: 0.9]
[fair_c: 1]
[poisson_max_delta_step: 0.7]
[tweedie_variance_power: 1.5]
[lambdarank_truncation_level: 30]
[lambdarank_norm: 1]
[label_gain: 0,1,2,3]
[lambdarank_position_bias_regularization: 0]
[eval_at: 2]
[multi_error_top_k: 1]
[auc_mu_weights: ]
[num_machines: 1]
[local_listen_port: 12400]
[time_out: 120]
[machine_list_filename: ]
[machines: ]
[gpu_platform_id: -1]
[gpu_device_id: -1]
[gpu_device_id_list: ]
[gpu_use_dp: 0]
[num_gpu: 1]

end of parameters

pandas_categorical:null
