trade_date,strategy,equity_net,equity_gross,cash,positions,fees_cumulative,slippage_cumulative,turnover_cumulative,accounting_residual,shares_json,daily_return_net,drawdown
2020-01-02,V20 LambdaRank change-only Top2,100000,100000,100000,0,0,0,0,0,{},0,0
2020-01-03,V20 LambdaRank change-only Top2,99844.38818,99900,651.3881751,2,25.82392485,29.7879,99293,0,"{""601288.SH"": 13300.0, ""601398.SH"": 8300.0}",-0.001556118249,-0.001556118249
2020-01-06,V20 LambdaRank change-only Top2,99279.38818,99335,651.3881751,2,25.82392485,29.7879,99293,0,"{""601288.SH"": 13300.0, ""601398.SH"": 8300.0}",-0.005658805771,-0.007206118249
2020-01-07,V20 LambdaRank change-only Top2,100010.3882,100066,651.3881751,2,25.82392485,29.7879,99293,0,"{""601288.SH"": 13300.0, ""601398.SH"": 8300.0}",0.007363059074,0
2020-01-08,V20 LambdaRank change-only Top2,98781.38818,98837,651.3881751,2,25.82392485,29.7879,99293,0,"{""601288.SH"": 13300.0, ""601398.SH"": 8300.0}",-0.01228872343,-0.01228872343
2020-01-09,V20 LambdaRank change-only Top2,98648.38818,98704,651.3881751,2,25.82392485,29.7879,99293,0,"{""601288.SH"": 13300.0, ""601398.SH"": 8300.0}",-0.001346407481,-0.01361858528
2020-01-10,V20 LambdaRank change-only Top2,98648.38818,98704,651.3881751,2,25.82392485,29.7879,99293,0,"{""601288.SH"": 13300.0, ""601398.SH"": 8300.0}",0,-0.01361858528
2020-01-13,V20 LambdaRank change-only Top2,98814.38818,98870,651.3881751,2,25.82392485,29.7879,99293,0,"{""601288.SH"": 13300.0, ""601398.SH"": 8300.0}",0.001682744169,-0.0119587577
2020-01-14,V20 LambdaRank change-only Top2,98897.38818,98953,651.3881751,2,25.82392485,29.7879,99293,0,"{""601288.SH"": 13300.0, ""601398.SH"": 8300.0}",0.0008399586491,-0.01112884392
2020-01-15,V20 LambdaRank change-only Top2,98000.38818,98056,651.3881751,2,25.82392485,29.7879,99293,0,"{""601288.SH"": 13300.0, ""601398.SH"": 8300.0}",-0.009070006969,-0.02009791219
2020-01-16,V20 LambdaRank change-only Top2,96804.38818,96860,651.3881751,2,25.82392485,29.7879,99293,0,"{""601288.SH"": 13300.0, ""601398.SH"": 8300.0}",-0.01220403329,-0.0320566699
2020-01-17,V20 LambdaRank change-only Top2,97103.38818,97159,651.3881751,2,25.82392485,29.7879,99293,0,"{""601288.SH"": 13300.0, ""601398.SH"": 8300.0}",0.003088702957,-0.02906698047
2020-01-20,V20 LambdaRank change-only Top2,97269.38818,97325,651.3881751,2,25.82392485,29.7879,99293,0,"{""601288.SH"": 13300.0, ""601398.SH"": 8300.0}",0.001709518104,-0.0274071529
2020-01-21,V20 LambdaRank change-only Top2,96156.38818,96212,651.3881751,2,25.82392485,29.7879,99293,0,"{""601288.SH"": 13300.0, ""601398.SH"": 8300.0}",-0.01144244886,-0.03853599681
2020-01-22,V20 LambdaRank change-only Top2,96189.38818,96245,651.3881751,2,25.82392485,29.7879,99293,0,"{""601288.SH"": 13300.0, ""601398.SH"": 8300.0}",0.0003431909271,-0.03820603109
2020-01-23,V20 LambdaRank change-only Top2,94943.38818,94999,651.3881751,2,25.82392485,29.7879,99293,0,"{""601288.SH"": 13300.0, ""601398.SH"": 8300.0}",-0.01295361187,-0.05066473686
2020-02-03,V20 LambdaRank change-only Top2,90458.38818,90514,651.3881751,2,25.82392485,29.7879,99293,0,"{""601288.SH"": 13300.0, ""601398.SH"": 8300.0}",-0.0472386765,-0.09551007825
2020-02-04,V20 LambdaRank change-only Top2,92509.32105,92637,767.3210531,2,71.21444694,56.4645,188215,0,"{""601398.SH"": 8300.0, ""601939.SH"": 6900.0}",0.02267266662,-0.07500287979
2020-02-05,V20 LambdaRank change-only Top2,92633.32105,92761,767.3210531,2,71.21444694,56.4645,188215,0,"{""601398.SH"": 8300.0, ""601939.SH"": 6900.0}",0.00134040547,-0.07376300859
2020-02-06,V20 LambdaRank change-only Top2,92578.32105,92706,767.3210531,2,71.21444694,56.4645,188215,0,"{""601398.SH"": 8300.0, ""601939.SH"": 6900.0}",-0.0005937388337,-0.07431295146
2020-02-07,V20 LambdaRank change-only Top2,91666.32105,91794,767.3210531,2,71.21444694,56.4645,188215,0,"{""601398.SH"": 8300.0, ""601939.SH"": 6900.0}",-0.009851118379,-0.08343200416
2020-02-10,V20 LambdaRank change-only Top2,91431.32105,91559,767.3210531,2,71.21444694,56.4645,188215,0,"{""601398.SH"": 8300.0, ""601939.SH"": 6900.0}",-0.002563646029,-0.08578176006
2020-02-11,V20 LambdaRank change-only Top2,92246.32105,92374,767.3210531,2,71.21444694,56.4645,188215,0,"{""601398.SH"": 8300.0, ""601939.SH"": 6900.0}",0.008913794426,-0.07763260661
2020-02-12,V20 LambdaRank change-only Top2,92246.32105,92374,767.3210531,2,71.21444694,56.4645,188215,0,"{""601398.SH"": 8300.0, ""601939.SH"": 6900.0}",0,-0.07763260661
2020-02-13,V20 LambdaRank change-only Top2,91348.32105,91476,767.3210531,2,71.21444694,56.4645,188215,0,"{""601398.SH"": 8300.0, ""601939.SH"": 6900.0}",-0.00973480557,-0.08661167385
2020-02-14,V20 LambdaRank change-only Top2,91721.32105,91849,767.3210531,2,71.21444694,56.4645,188215,0,"{""601398.SH"": 8300.0, ""601939.SH"": 6900.0}",0.004083271545,-0.08288206129
2020-02-17,V20 LambdaRank change-only Top2,92840.32105,92968,767.3210531,2,71.21444694,56.4645,188215,0,"{""601398.SH"": 8300.0, ""601939.SH"": 6900.0}",0.01219999873,-0.0716932236
2020-02-18,V20 LambdaRank change-only Top2,92315.32105,92443,767.3210531,2,71.21444694,56.4645,188215,0,"{""601398.SH"": 8300.0, ""601939.SH"": 6900.0}",-0.005654870578,-0.07694267828
2020-02-19,V20 LambdaRank change-only Top2,92550.32105,92678,767.3210531,2,71.21444694,56.4645,188215,0,"{""601398.SH"": 8300.0, ""601939.SH"": 6900.0}",0.002545622951,-0.07459292238
2020-02-20,V20 LambdaRank change-only Top2,93144.32105,93272,767.3210531,2,71.21444694,56.4645,188215,0,"{""601398.SH"": 8300.0, ""601939.SH"": 6900.0}",0.006418130086,-0.06865353937
2020-02-21,V20 LambdaRank change-only Top2,93047.32105,93175,767.3210531,2,71.21444694,56.4645,188215,0,"{""601398.SH"": 8300.0, ""601939.SH"": 6900.0}",-0.001041394676,-0.06962343862
2020-02-24,V20 LambdaRank change-only Top2,92218.32105,92346,767.3210531,2,71.21444694,56.4645,188215,0,"{""601398.SH"": 8300.0, ""601939.SH"": 6900.0}",-0.008909445115,-0.07791257753
2020-02-25,V20 LambdaRank change-only Top2,91486.32105,91614,767.3210531,2,71.21444694,56.4645,188215,0,"{""601398.SH"": 8300.0, ""601939.SH"": 6900.0}",-0.007937685176,-0.08523181719
2020-02-26,V20 LambdaRank change-only Top2,91555.32105,91683,767.3210531,2,71.21444694,56.4645,188215,0,"{""601398.SH"": 8300.0, ""601939.SH"": 6900.0}",0.0007542111127,-0.08454188886
2020-02-27,V20 LambdaRank change-only Top2,91610.32105,91738,767.3210531,2,71.21444694,56.4645,188215,0,"{""601398.SH"": 8300.0, ""601939.SH"": 6900.0}",0.000600729694,-0.08399194599
2020-02-28,V20 LambdaRank change-only Top2,89607.32105,89735,767.3210531,2,71.21444694,56.4645,188215,0,"{""601398.SH"": 8300.0, ""601939.SH"": 6900.0}",-0.02186434866,-0.1040198655
2020-03-02,V20 LambdaRank change-only Top2,90726.32105,90854,767.3210531,2,71.21444694,56.4645,188215,0,"{""601398.SH"": 8300.0, ""601939.SH"": 6900.0}",0.01248781893,-0.09283102777
2020-03-03,V20 LambdaRank change-only Top2,90961.32105,91089,767.3210531,2,71.21444694,56.4645,188215,0,"{""601398.SH"": 8300.0, ""601939.SH"": 6900.0}",0.00259020753,-0.09048127187
2020-03-04,V20 LambdaRank change-only Top2,91044.32105,91172,767.3210531,2,71.21444694,56.4645,188215,0,"{""601398.SH"": 8300.0, ""601939.SH"": 6900.0}",0.0009124757539,-0.08965135808
2020-03-05,V20 LambdaRank change-only Top2,92384.32105,92512,767.3210531,2,71.21444694,56.4645,188215,0,"{""601398.SH"": 8300.0, ""601939.SH"": 6900.0}",0.01471810635,-0.07625274995
2020-03-06,V20 LambdaRank change-only Top2,91417.32105,91545,767.3210531,2,71.21444694,56.4645,188215,0,"{""601398.SH"": 8300.0, ""601939.SH"": 6900.0}",-0.01046714409,-0.08592174552
2020-03-09,V20 LambdaRank change-only Top2,89552.32105,89680,767.3210531,2,71.21444694,56.4645,188215,0,"{""601398.SH"": 8300.0, ""601939.SH"": 6900.0}",-0.02040094786,-0.1045698083
2020-03-10,V20 LambdaRank change-only Top2,90312.32105,90440,767.3210531,2,71.21444694,56.4645,188215,0,"{""601398.SH"": 8300.0, ""601939.SH"": 6900.0}",0.008486658872,-0.09697059775
2020-03-11,V20 LambdaRank change-only Top2,89911.32105,90039,767.3210531,2,71.21444694,56.4645,188215,0,"{""601398.SH"": 8300.0, ""601939.SH"": 6900.0}",-0.004440147206,-0.1009801812
2020-03-12,V20 LambdaRank change-only Top2,89800.32105,89928,767.3210531,2,71.21444694,56.4645,188215,0,"{""601398.SH"": 8300.0, ""601939.SH"": 6900.0}",-0.001234549762,-0.1020900659
2020-03-13,V20 LambdaRank change-only Top2,88874.32105,89002,767.3210531,2,71.21444694,56.4645,188215,0,"{""601398.SH"": 8300.0, ""601939.SH"": 6900.0}",-0.01031176714,-0.1113491041
2020-03-16,V20 LambdaRank change-only Top2,87976.32105,88104,767.3210531,2,71.21444694,56.4645,188215,0,"{""601398.SH"": 8300.0, ""601939.SH"": 6900.0}",-0.01010415595,-0.1203281713
2020-03-17,V20 LambdaRank change-only Top2,88183.32105,88311,767.3210531,2,71.21444694,56.4645,188215,0,"{""601398.SH"": 8300.0, ""601939.SH"": 6900.0}",0.002352905845,-0.1182583863
2020-03-18,V20 LambdaRank change-only Top2,87271.32105,87399,767.3210531,2,71.21444694,56.4645,188215,0,"{""601398.SH"": 8300.0, ""601939.SH"": 6900.0}",-0.01034209178,-0.127377439
2020-03-19,V20 LambdaRank change-only Top2,85033.32105,85161,767.3210531,2,71.21444694,56.4645,188215,0,"{""601398.SH"": 8300.0, ""601939.SH"": 6900.0}",-0.0256441632,-0.1497551144
2020-03-20,V20 LambdaRank change-only Top2,86539.32105,86667,767.3210531,2,71.21444694,56.4645,188215,0,"{""601398.SH"": 8300.0, ""601939.SH"": 6900.0}",0.01771070424,-0.1346966787
2020-03-23,V20 LambdaRank change-only Top2,84757.32105,84885,767.3210531,2,71.21444694,56.4645,188215,0,"{""601398.SH"": 8300.0, ""601939.SH"": 6900.0}",-0.02059179548,-0.1525148277
2020-03-24,V20 LambdaRank change-only Top2,87216.32105,87344,767.3210531,2,71.21444694,56.4645,188215,0,"{""601398.SH"": 8300.0, ""601939.SH"": 6900.0}",0.02901224307,-0.1279273819
2020-03-25,V20 LambdaRank change-only Top2,87783.32105,87911,767.3210531,2,71.21444694,56.4645,188215,0,"{""601398.SH"": 8300.0, ""601939.SH"": 6900.0}",0.006501076784,-0.1222579708
2020-03-26,V20 LambdaRank change-only Top2,87921.32105,88049,767.3210531,2,71.21444694,56.4645,188215,0,"{""601398.SH"": 8300.0, ""601939.SH"": 6900.0}",0.001572052622,-0.1208781142
2020-03-27,V20 LambdaRank change-only Top2,88653.32105,88781,767.3210531,2,71.21444694,56.4645,188215,0,"{""601398.SH"": 8300.0, ""601939.SH"": 6900.0}",0.008325625585,-0.1135588745
2020-03-30,V20 LambdaRank change-only Top2,88736.32105,88864,767.3210531,2,71.21444694,56.4645,188215,0,"{""601398.SH"": 8300.0, ""601939.SH"": 6900.0}",0.0009362311419,-0.1127289607
2020-03-31,V20 LambdaRank change-only Top2,87258.32105,87386,767.3210531,2,71.21444694,56.4645,188215,0,"{""601398.SH"": 8300.0, ""601939.SH"": 6900.0}",-0.01665608831,-0.1275074255
2020-04-01,V20 LambdaRank change-only Top2,87617.32105,87745,767.3210531,2,71.21444694,56.4645,188215,0,"{""601398.SH"": 8300.0, ""601939.SH"": 6900.0}",0.004114220806,-0.1239177984
2020-04-02,V20 LambdaRank change-only Top2,87963.43442,88167,617.4344181,2,120.7898819,82.7757,275919,0,"{""601398.SH"": 8400.0, ""601988.SH"": 12500.0}",0.003950284725,-0.1204570243
2020-04-03,V20 LambdaRank change-only Top2,87418.43442,87622,617.4344181,2,120.7898819,82.7757,275919,0,"{""601398.SH"": 8400.0, ""601988.SH"": 12500.0}",-0.006195756266,-0.1259064582
2020-04-07,V20 LambdaRank change-only Top2,87836.43442,88040,617.4344181,2,120.7898819,82.7757,275919,0,"{""601398.SH"": 8400.0, ""601988.SH"": 12500.0}",0.00478160016,-0.1217268924
2020-04-08,V20 LambdaRank change-only Top2,87418.43442,87622,617.4344181,2,120.7898819,82.7757,275919,0,"{""601398.SH"": 8400.0, ""601988.SH"": 12500.0}",-0.004758845265,-0.1259064582
2020-04-09,V20 LambdaRank change-only Top2,87334.43442,87538,617.4344181,2,120.7898819,82.7757,275919,0,"{""601398.SH"": 8400.0, ""601988.SH"": 12500.0}",-0.0009608957259,-0.1267463709
2020-04-10,V20 LambdaRank change-only Top2,87291.43442,87495,617.4344181,2,120.7898819,82.7757,275919,0,"{""601398.SH"": 8400.0, ""601988.SH"": 12500.0}",-0.0004923602046,-0.1271763263
2020-04-13,V20 LambdaRank change-only Top2,87457.43442,87661,617.4344181,2,120.7898819,82.7757,275919,0,"{""601398.SH"": 8400.0, ""601988.SH"": 12500.0}",0.001901675704,-0.1255164987
2020-04-14,V20 LambdaRank change-only Top2,87750.43442,87954,617.4344181,2,120.7898819,82.7757,275919,0,"{""601398.SH"": 8400.0, ""601988.SH"": 12500.0}",0.00335020118,-0.122586803
2020-04-15,V20 LambdaRank change-only Top2,87959.43442,88163,617.4344181,2,120.7898819,82.7757,275919,0,"{""601398.SH"": 8400.0, ""601988.SH"": 12500.0}",0.002381754591,-0.1204970201
2020-04-16,V20 LambdaRank change-only Top2,88000.43442,88204,617.4344181,2,120.7898819,82.7757,275919,0,"{""601398.SH"": 8400.0, ""601988.SH"": 12500.0}",0.0004661239612,-0.1200870627
2020-04-17,V20 LambdaRank change-only Top2,88627.43442,88831,617.4344181,2,120.7898819,82.7757,275919,0,"{""601398.SH"": 8400.0, ""601988.SH"": 12500.0}",0.007124964827,-0.113817714
2020-04-20,V20 LambdaRank change-only Top2,88000.43442,88204,617.4344181,2,120.7898819,82.7757,275919,0,"{""601398.SH"": 8400.0, ""601988.SH"": 12500.0}",-0.007074558844,-0.1200870627
2020-04-21,V20 LambdaRank change-only Top2,87789.43442,87993,617.4344181,2,120.7898819,82.7757,275919,0,"{""601398.SH"": 8400.0, ""601988.SH"": 12500.0}",-0.002397715436,-0.1221968435
2020-04-22,V20 LambdaRank change-only Top2,87498.43442,87702,617.4344181,2,120.7898819,82.7757,275919,0,"{""601398.SH"": 8400.0, ""601988.SH"": 12500.0}",-0.003314749684,-0.1251065413
2020-04-23,V20 LambdaRank change-only Top2,86455.43442,86659,617.4344181,2,120.7898819,82.7757,275919,0,"{""601398.SH"": 8400.0, ""601988.SH"": 12500.0}",-0.01192021328,-0.1355354579
2020-04-24,V20 LambdaRank change-only Top2,85912.43442,86116,617.4344181,2,120.7898819,82.7757,275919,0,"{""601398.SH"": 8400.0, ""601988.SH"": 12500.0}",-0.006280692517,-0.1409648939
2020-04-27,V20 LambdaRank change-only Top2,86373.43442,86577,617.4344181,2,120.7898819,82.7757,275919,0,"{""601398.SH"": 8400.0, ""601988.SH"": 12500.0}",0.005365928729,-0.1363553727
2020-04-28,V20 LambdaRank change-only Top2,86416.43442,86620,617.4344181,2,120.7898819,82.7757,275919,0,"{""601398.SH"": 8400.0, ""601988.SH"": 12500.0}",0.0004978382565,-0.1359254174
2020-04-29,V20 LambdaRank change-only Top2,87127.43442,87331,617.4344181,2,120.7898819,82.7757,275919,0,"{""601398.SH"": 8400.0, ""601988.SH"": 12500.0}",0.008227601668,-0.1288161559
2020-04-30,V20 LambdaRank change-only Top2,87545.43442,87749,617.4344181,2,120.7898819,82.7757,275919,0,"{""601398.SH"": 8400.0, ""601988.SH"": 12500.0}",0.004797570395,-0.1246365901
2020-05-06,V20 LambdaRank change-only Top2,86666.43442,86870,617.4344181,2,120.7898819,82.7757,275919,0,"{""601398.SH"": 8400.0, ""601988.SH"": 12500.0}",-0.01004050075,-0.1334256771
2020-05-07,V20 LambdaRank change-only Top2,86457.43442,86661,617.4344181,2,120.7898819,82.7757,275919,0,"{""601398.SH"": 8400.0, ""601988.SH"": 12500.0}",-0.002411544924,-0.13551546
2020-05-08,V20 LambdaRank change-only Top2,86707.43442,86911,617.4344181,2,120.7898819,82.7757,275919,0,"{""601398.SH"": 8400.0, ""601988.SH"": 12500.0}",0.002891596329,-0.1330157197
2020-05-11,V20 LambdaRank change-only Top2,87043.43442,87247,617.4344181,2,120.7898819,82.7757,275919,0,"{""601398.SH"": 8400.0, ""601988.SH"": 12500.0}",0.003875100241,-0.1296560687
2020-05-12,V20 LambdaRank change-only Top2,86709.43442,86913,617.4344181,2,120.7898819,82.7757,275919,0,"{""601398.SH"": 8400.0, ""601988.SH"": 12500.0}",-0.00383716477,-0.1329957217
2020-05-13,V20 LambdaRank change-only Top2,86959.43442,87163,617.4344181,2,120.7898819,82.7757,275919,0,"{""601398.SH"": 8400.0, ""601988.SH"": 12500.0}",0.002883192604,-0.1304959814
2020-05-14,V20 LambdaRank change-only Top2,86582.43442,86786,617.4344181,2,120.7898819,82.7757,275919,0,"{""601398.SH"": 8400.0, ""601988.SH"": 12500.0}",-0.004335354784,-0.1342655898
2020-05-15,V20 LambdaRank change-only Top2,86498.43442,86702,617.4344181,2,120.7898819,82.7757,275919,0,"{""601398.SH"": 8400.0, ""601988.SH"": 12500.0}",-0.0009701736913,-0.1351055026
2020-05-18,V20 LambdaRank change-only Top2,86582.43442,86786,617.4344181,2,120.7898819,82.7757,275919,0,"{""601398.SH"": 8400.0, ""601988.SH"": 12500.0}",0.0009711158423,-0.1342655898
2020-05-19,V20 LambdaRank change-only Top2,86875.43442,87079,617.4344181,2,120.7898819,82.7757,275919,0,"{""601398.SH"": 8400.0, ""601988.SH"": 12500.0}",0.003384058233,-0.1313358942
2020-05-20,V20 LambdaRank change-only Top2,87000.43442,87204,617.4344181,2,120.7898819,82.7757,275919,0,"{""601398.SH"": 8400.0, ""601988.SH"": 12500.0}",0.001438841726,-0.130086024
2020-05-21,V20 LambdaRank change-only Top2,86582.43442,86786,617.4344181,2,120.7898819,82.7757,275919,0,"{""601398.SH"": 8400.0, ""601988.SH"": 12500.0}",-0.00480457371,-0.1342655898
2020-05-22,V20 LambdaRank change-only Top2,85787.43442,85991,617.4344181,2,120.7898819,82.7757,275919,0,"{""601398.SH"": 8400.0, ""601988.SH"": 12500.0}",-0.009182001007,-0.1422147641
2020-05-25,V20 LambdaRank change-only Top2,86373.43442,86577,617.4344181,2,120.7898819,82.7757,275919,0,"{""601398.SH"": 8400.0, ""601988.SH"": 12500.0}",0.00683083722,-0.1363553727
2020-05-26,V20 LambdaRank change-only Top2,86164.43442,86368,617.4344181,2,120.7898819,82.7757,275919,0,"{""601398.SH"": 8400.0, ""601988.SH"": 12500.0}",-0.002419725479,-0.1384451556
2020-05-27,V20 LambdaRank change-only Top2,86750.43442,86954,617.4344181,2,120.7898819,82.7757,275919,0,"{""601398.SH"": 8400.0, ""601988.SH"": 12500.0}",0.006800949881,-0.1325857643
2020-05-28,V20 LambdaRank change-only Top2,87420.43442,87624,617.4344181,2,120.7898819,82.7757,275919,0,"{""601398.SH"": 8400.0, ""601988.SH"": 12500.0}",0.007723304263,-0.1258864603
2020-05-29,V20 LambdaRank change-only Top2,86750.43442,86954,617.4344181,2,120.7898819,82.7757,275919,0,"{""601398.SH"": 8400.0, ""601988.SH"": 12500.0}",-0.007664111995,-0.1325857643
2020-06-01,V20 LambdaRank change-only Top2,87336.43442,87540,617.4344181,2,120.7898819,82.7757,275919,0,"{""601398.SH"": 8400.0, ""601988.SH"": 12500.0}",0.006755009401,-0.126726373
2020-06-02,V20 LambdaRank change-only Top2,87434.26225,87708,373.2622535,2,164.9538465,108.7839,362613,0,"{""601288.SH"": 12700.0, ""601988.SH"": 12500.0}",0.00112012628,-0.1257481963
2020-06-03,V20 LambdaRank change-only Top2,87557.26225,87831,373.2622535,2,164.9538465,108.7839,362613,0,"{""601288.SH"": 12700.0, ""601988.SH"": 12500.0}",0.001406771177,-0.124518324
2020-06-04,V20 LambdaRank change-only Top2,87430.26225,87704,373.2622535,2,164.9538465,108.7839,362613,0,"{""601288.SH"": 12700.0, ""601988.SH"": 12500.0}",-0.00145047934,-0.1257881921
2020-06-05,V20 LambdaRank change-only Top2,87557.26225,87831,373.2622535,2,164.9538465,108.7839,362613,0,"{""601288.SH"": 12700.0, ""601988.SH"": 12500.0}",0.001452586287,-0.124518324
2020-06-08,V20 LambdaRank change-only Top2,87555.26225,87829,373.2622535,2,164.9538465,108.7839,362613,0,"{""601288.SH"": 12700.0, ""601988.SH"": 12500.0}",-2.284219434e-05,-0.124538322
2020-06-09,V20 LambdaRank change-only Top2,87682.26225,87956,373.2622535,2,164.9538465,108.7839,362613,0,"{""601288.SH"": 12700.0, ""601988.SH"": 12500.0}",0.001450512473,-0.1232684539
2020-06-10,V20 LambdaRank change-only Top2,87303.26225,87577,373.2622535,2,164.9538465,108.7839,362613,0,"{""601288.SH"": 12700.0, ""601988.SH"": 12500.0}",-0.004322424972,-0.1270580602
2020-06-11,V20 LambdaRank change-only Top2,86799.26225,87073,373.2622535,2,164.9538465,108.7839,362613,0,"{""601288.SH"": 12700.0, ""601988.SH"": 12500.0}",-0.00577298015,-0.1320975367
2020-06-12,V20 LambdaRank change-only Top2,86799.26225,87073,373.2622535,2,164.9538465,108.7839,362613,0,"{""601288.SH"": 12700.0, ""601988.SH"": 12500.0}",0,-0.1320975367
2020-06-15,V20 LambdaRank change-only Top2,85664.26225,85938,373.2622535,2,164.9538465,108.7839,362613,0,"{""601288.SH"": 12700.0, ""601988.SH"": 12500.0}",-0.01307614801,-0.1434463578
2020-06-16,V20 LambdaRank change-only Top2,86293.26225,86567,373.2622535,2,164.9538465,108.7839,362613,0,"{""601288.SH"": 12700.0, ""601988.SH"": 12500.0}",0.007342618537,-0.1371570111
2020-06-17,V20 LambdaRank change-only Top2,86295.26225,86569,373.2622535,2,164.9538465,108.7839,362613,0,"{""601288.SH"": 12700.0, ""601988.SH"": 12500.0}",2.317678052e-05,-0.1371370132
2020-06-18,V20 LambdaRank change-only Top2,86168.26225,86442,373.2622535,2,164.9538465,108.7839,362613,0,"{""601288.SH"": 12700.0, ""601988.SH"": 12500.0}",-0.001471691454,-0.1384068813
2020-06-19,V20 LambdaRank change-only Top2,86293.26225,86567,373.2622535,2,164.9538465,108.7839,362613,0,"{""601288.SH"": 12700.0, ""601988.SH"": 12500.0}",0.00145065012,-0.1371570111
2020-06-22,V20 LambdaRank change-only Top2,86295.26225,86569,373.2622535,2,164.9538465,108.7839,362613,0,"{""601288.SH"": 12700.0, ""601988.SH"": 12500.0}",2.317678052e-05,-0.1371370132
2020-06-23,V20 LambdaRank change-only Top2,85918.26225,86192,373.2622535,2,164.9538465,108.7839,362613,0,"{""601288.SH"": 12700.0, ""601988.SH"": 12500.0}",-0.004368721876,-0.1409066216
2020-06-24,V20 LambdaRank change-only Top2,86422.26225,86696,373.2622535,2,164.9538465,108.7839,362613,0,"{""601288.SH"": 12700.0, ""601988.SH"": 12500.0}",0.005866040429,-0.1358671451
2020-06-29,V20 LambdaRank change-only Top2,86547.26225,86821,373.2622535,2,164.9538465,108.7839,362613,0,"{""601288.SH"": 12700.0, ""601988.SH"": 12500.0}",0.001446386576,-0.1346172749
2020-06-30,V20 LambdaRank change-only Top2,86799.26225,87073,373.2622535,2,164.9538465,108.7839,362613,0,"{""601288.SH"": 12700.0, ""601988.SH"": 12500.0}",0.002911703888,-0.1320975367
2020-07-01,V20 LambdaRank change-only Top2,87176.26225,87450,373.2622535,2,164.9538465,108.7839,362613,0,"{""601288.SH"": 12700.0, ""601988.SH"": 12500.0}",0.004343354888,-0.1283279283
2020-07-02,V20 LambdaRank change-only Top2,88672.6502,89087,586.6502003,2,253.5152997,160.8345,536115,0,"{""601398.SH"": 8700.0, ""601939.SH"": 6800.0}",0.01716508495,-0.1133656031
2020-07-03,V20 LambdaRank change-only Top2,90902.6502,91317,586.6502003,2,253.5152997,160.8345,536115,0,"{""601398.SH"": 8700.0, ""601939.SH"": 6800.0}",0.02514867882,-0.09106791945
2020-07-06,V20 LambdaRank change-only Top2,98606.6502,99021,586.6502003,2,253.5152997,160.8345,536115,0,"{""601398.SH"": 8700.0, ""601939.SH"": 6800.0}",0.08475000435,-0.01403592167
2020-07-07,V20 LambdaRank change-only Top2,98258.6502,98673,586.6502003,2,253.5152997,160.8345,536115,0,"{""601398.SH"": 8700.0, ""601939.SH"": 6800.0}",-0.003529173735,-0.0175155602
2020-07-08,V20 LambdaRank change-only Top2,97339.6502,97754,586.6502003,2,253.5152997,160.8345,536115,0,"{""601398.SH"": 8700.0, ""601939.SH"": 6800.0}",-0.009352866115,-0.02670460563
2020-07-09,V20 LambdaRank change-only Top2,96148.6502,96563,586.6502003,2,253.5152997,160.8345,536115,0,"{""601398.SH"": 8700.0, ""601939.SH"": 6800.0}",-0.01223550729,-0.03861336852
2020-07-10,V20 LambdaRank change-only Top2,92619.83879,93034.18859,586.6502003,2,253.5152997,160.8345,536115,0,"{""601398.SH"": 8700.0, ""601939.SH"": 7117.433373}",-0.03670162191,-0.07389781719
2020-07-13,V20 LambdaRank change-only Top2,92176.96712,92591.31692,586.6502003,2,253.5152997,160.8345,536115,0,"{""601398.SH"": 8700.0, ""601939.SH"": 7117.433373}",-0.004781606991,-0.07832607386
2020-07-14,V20 LambdaRank change-only Top2,90998.57245,91412.92225,586.6502003,2,253.5152997,160.8345,536115,-1.455191523e-11,"{""601398.SH"": 8700.0, ""601939.SH"": 7117.433373}",-0.01278404689,-0.09010879655
2020-07-15,V20 LambdaRank change-only Top2,89693.65478,90108.00458,586.6502003,2,253.5152997,160.8345,536115,0,"{""601398.SH"": 8700.0, ""601939.SH"": 7117.433373}",-0.01433997958,-0.1031566178
2020-07-16,V20 LambdaRank change-only Top2,89448.48045,89862.83025,586.6502003,2,253.5152997,160.8345,536115,-1.455191523e-11,"{""601398.SH"": 8700.0, ""601939.SH"": 7117.433373}",-0.002733463524,-0.1056081065
2020-07-17,V20 LambdaRank change-only Top2,89377.30612,89791.65592,586.6502003,2,253.5152997,160.8345,536115,0,"{""601398.SH"": 8700.0, ""601939.SH"": 7117.433373}",-0.0007957019881,-0.1063197759
2020-07-20,V20 LambdaRank change-only Top2,90769.22379,91183.57359,586.6502003,2,253.5152997,160.8345,536115,0,"{""601398.SH"": 8700.0, ""601939.SH"": 7117.433373}",0.01557350217,-0.09240204499
2020-07-21,V20 LambdaRank change-only Top2,90294.70079,90709.05059,586.6502003,2,253.5152997,160.8345,536115,0,"{""601398.SH"": 8700.0, ""601939.SH"": 7117.433373}",-0.005227796178,-0.09714678211
2020-07-22,V20 LambdaRank change-only Top2,89994.17778,90408.52758,586.6502003,2,253.5152997,160.8345,536115,-1.455191523e-11,"{""601398.SH"": 8700.0, ""601939.SH"": 7117.433373}",-0.003328246271,-0.1001517
2020-07-23,V20 LambdaRank change-only Top2,88973.95745,89388.30725,586.6502003,2,253.5152997,160.8345,536115,0,"{""601398.SH"": 8700.0, ""601939.SH"": 7117.433373}",-0.01133651489,-0.1103528436
2020-07-24,V20 LambdaRank change-only Top2,87471.34244,87885.69224,586.6502003,2,253.5152997,160.8345,536115,-1.455191523e-11,"{""601398.SH"": 8700.0, ""601939.SH"": 7117.433373}",-0.0168882564,-0.1253774329
2020-07-27,V20 LambdaRank change-only Top2,86957.29644,87371.64624,586.6502003,2,253.5152997,160.8345,536115,0,"{""601398.SH"": 8700.0, ""601939.SH"": 7117.433373}",-0.005876736175,-0.130517359
2020-07-28,V20 LambdaRank change-only Top2,87186.64511,87600.99491,586.6502003,2,253.5152997,160.8345,536115,-1.455191523e-11,"{""601398.SH"": 8700.0, ""601939.SH"": 7117.433373}",0.002637486178,-0.1282241105
2020-07-29,V20 LambdaRank change-only Top2,87961.69111,88376.04091,586.6502003,2,253.5152997,160.8345,536115,0,"{""601398.SH"": 8700.0, ""601939.SH"": 7117.433373}",0.008889503678,-0.1204744556
2020-07-30,V20 LambdaRank change-only Top2,87471.34244,87885.69224,586.6502003,2,253.5152997,160.8345,536115,-1.455191523e-11,"{""601398.SH"": 8700.0, ""601939.SH"": 7117.433373}",-0.005574570717,-0.1253774329
2020-07-31,V20 LambdaRank change-only Top2,87297.34244,87711.69224,586.6502003,2,253.5152997,160.8345,536115,0,"{""601398.SH"": 8700.0, ""601939.SH"": 7117.433373}",-0.001989222929,-0.1271172522
2020-08-03,V20 LambdaRank change-only Top2,87684.86544,88099.21524,586.6502003,2,253.5152997,160.8345,536115,0,"{""601398.SH"": 8700.0, ""601939.SH"": 7117.433373}",0.004439115675,-0.1232424247
2020-08-04,V20 LambdaRank change-only Top2,88685.02969,89175.38958,305.0296926,2,303.1576679,187.2022169,624007.3896,0,"{""601398.SH"": 8800.0, ""601988.SH"": 13000.0}",0.01140634981,-0.1132418211
2020-08-05,V20 LambdaRank change-only Top2,87855.02969,88345.38958,305.0296926,2,303.1576679,187.2022169,624007.3896,0,"{""601398.SH"": 8800.0, ""601988.SH"": 13000.0}",-0.009358963997,-0.1215409589
2020-08-06,V20 LambdaRank change-only Top2,88161.02969,88651.38958,305.0296926,2,303.1576679,187.2022169,624007.3896,0,"{""601398.SH"": 8800.0, ""601988.SH"": 13000.0}",0.003483010604,-0.1184812768
2020-08-07,V20 LambdaRank change-only Top2,87549.02969,88039.38958,305.0296926,2,303.1576679,187.2022169,624007.3896,0,"{""601398.SH"": 8800.0, ""601988.SH"": 13000.0}",-0.006941842696,-0.1246006411
2020-08-10,V20 LambdaRank change-only Top2,87767.02969,88257.38958,305.0296926,2,303.1576679,187.2022169,624007.3896,0,"{""601398.SH"": 8800.0, ""601988.SH"": 13000.0}",0.002490033308,-0.1224208675
2020-08-11,V20 LambdaRank change-only Top2,87679.02969,88169.38958,305.0296926,2,303.1576679,187.2022169,624007.3896,0,"{""601398.SH"": 8800.0, ""601988.SH"": 13000.0}",-0.001002654417,-0.1233007761
2020-08-12,V20 LambdaRank change-only Top2,87637.02969,88127.38958,305.0296926,2,303.1576679,187.2022169,624007.3896,0,"{""601398.SH"": 8800.0, ""601988.SH"": 13000.0}",-0.0004790198996,-0.1237207325
2020-08-13,V20 LambdaRank change-only Top2,87419.02969,87909.38958,305.0296926,2,303.1576679,187.2022169,624007.3896,0,"{""601398.SH"": 8800.0, ""601988.SH"": 13000.0}",-0.002487532961,-0.1259005061
2020-08-14,V20 LambdaRank change-only Top2,88031.02969,88521.38958,305.0296926,2,303.1576679,187.2022169,624007.3896,0,"{""601398.SH"": 8800.0, ""601988.SH"": 13000.0}",0.007000764046,-0.1197811418
2020-08-17,V20 LambdaRank change-only Top2,89297.02969,89787.38958,305.0296926,2,303.1576679,187.2022169,624007.3896,0,"{""601398.SH"": 8800.0, ""601988.SH"": 13000.0}",0.01438129265,-0.1071224568
2020-08-18,V20 LambdaRank change-only Top2,88425.02969,88915.38958,305.0296926,2,303.1576679,187.2022169,624007.3896,0,"{""601398.SH"": 8800.0, ""601988.SH"": 13000.0}",-0.009765162436,-0.115841551
2020-08-19,V20 LambdaRank change-only Top2,87989.02969,88479.38958,305.0296926,2,303.1576679,187.2022169,624007.3896,0,"{""601398.SH"": 8800.0, ""601988.SH"": 13000.0}",-0.004930730603,-0.1202010981
2020-08-20,V20 LambdaRank change-only Top2,87595.02969,88085.38958,305.0296926,2,303.1576679,187.2022169,624007.3896,0,"{""601398.SH"": 8800.0, ""601988.SH"": 13000.0}",-0.004477830945,-0.1241406889
2020-08-21,V20 LambdaRank change-only Top2,87683.02969,88173.38958,305.0296926,2,303.1576679,187.2022169,624007.3896,0,"{""601398.SH"": 8800.0, ""601988.SH"": 13000.0}",0.001004623211,-0.1232607803
2020-08-24,V20 LambdaRank change-only Top2,87377.02969,87867.38958,305.0296926,2,303.1576679,187.2022169,624007.3896,0,"{""601398.SH"": 8800.0, ""601988.SH"": 13000.0}",-0.003489842916,-0.1263204624
2020-08-25,V20 LambdaRank change-only Top2,87465.02969,87955.38958,305.0296926,2,303.1576679,187.2022169,624007.3896,0,"{""601398.SH"": 8800.0, ""601988.SH"": 13000.0}",0.001007129681,-0.1254405538
2020-08-26,V20 LambdaRank change-only Top2,86899.02969,87389.38958,305.0296926,2,303.1576679,187.2022169,624007.3896,0,"{""601398.SH"": 8800.0, ""601988.SH"": 13000.0}",-0.006471157696,-0.1310999659
2020-08-27,V20 LambdaRank change-only Top2,86681.02969,87171.38958,305.0296926,2,303.1576679,187.2022169,624007.3896,0,"{""601398.SH"": 8800.0, ""601988.SH"": 13000.0}",-0.002508658621,-0.1332797395
2020-08-28,V20 LambdaRank change-only Top2,87205.02969,87695.38958,305.0296926,2,303.1576679,187.2022169,624007.3896,0,"{""601398.SH"": 8800.0, ""601988.SH"": 13000.0}",0.006045152,-0.1280402838
2020-08-31,V20 LambdaRank change-only Top2,86593.02969,87083.38958,305.0296926,2,303.1576679,187.2022169,624007.3896,0,"{""601398.SH"": 8800.0, ""601988.SH"": 13000.0}",-0.007017943829,-0.1341596481
2020-09-01,V20 LambdaRank change-only Top2,86203.02969,86693.38958,305.0296926,2,303.1576679,187.2022169,624007.3896,0,"{""601398.SH"": 8800.0, ""601988.SH"": 13000.0}",-0.00450382671,-0.138059243
2020-09-02,V20 LambdaRank change-only Top2,85651.22386,86280.38958,766.2238641,2,390.6046964,238.5610169,795203.3896,0,"{""601398.SH"": 8600.0, ""601939.SH"": 6900.0}",-0.006401234742,-0.1435767281
2020-09-03,V20 LambdaRank change-only Top2,85289.22386,85918.38958,766.2238641,2,390.6046964,238.5610169,795203.3896,0,"{""601398.SH"": 8600.0, ""601939.SH"": 6900.0}",-0.004226442819,-0.1471963521
2020-09-04,V20 LambdaRank change-only Top2,85065.22386,85694.38958,766.2238641,2,390.6046964,238.5610169,795203.3896,0,"{""601398.SH"": 8600.0, ""601939.SH"": 6900.0}",-0.002626357585,-0.1494361194
2020-09-07,V20 LambdaRank change-only Top2,85065.22386,85694.38958,766.2238641,2,390.6046964,238.5610169,795203.3896,0,"{""601398.SH"": 8600.0, ""601939.SH"": 6900.0}",0,-0.1494361194
2020-09-08,V20 LambdaRank change-only Top2,86254.22386,86883.38958,766.2238641,2,390.6046964,238.5610169,795203.3896,0,"{""601398.SH"": 8600.0, ""601939.SH"": 6900.0}",0.0139775098,-0.1375473545
2020-09-09,V20 LambdaRank change-only Top2,85892.22386,86521.38958,766.2238641,2,390.6046964,238.5610169,795203.3896,0,"{""601398.SH"": 8600.0, ""601939.SH"": 6900.0}",-0.004196895917,-0.1411669784
2020-09-10,V20 LambdaRank change-only Top2,85358.22386,85987.38958,766.2238641,2,390.6046964,238.5610169,795203.3896,0,"{""601398.SH"": 8600.0, ""601939.SH"": 6900.0}",-0.006217093655,-0.1465064238
2020-09-11,V20 LambdaRank change-only Top2,85599.22386,86228.38958,766.2238641,2,390.6046964,238.5610169,795203.3896,0,"{""601398.SH"": 8600.0, ""601939.SH"": 6900.0}",0.002823395205,-0.1440966741
2020-09-14,V20 LambdaRank change-only Top2,85461.22386,86090.38958,766.2238641,2,390.6046964,238.5610169,795203.3896,0,"{""601398.SH"": 8600.0, ""601939.SH"": 6900.0}",-0.00161216415,-0.1454765308
2020-09-15,V20 LambdaRank change-only Top2,85306.22386,85935.38958,766.2238641,2,390.6046964,238.5610169,795203.3896,0,"{""601398.SH"": 8600.0, ""601939.SH"": 6900.0}",-0.001813688045,-0.1470263698
2020-09-16,V20 LambdaRank change-only Top2,85547.22386,86176.38958,766.2238641,2,390.6046964,238.5610169,795203.3896,0,"{""601398.SH"": 8600.0, ""601939.SH"": 6900.0}",0.002825116259,-0.1446166201
2020-09-17,V20 LambdaRank change-only Top2,85685.22386,86314.38958,766.2238641,2,390.6046964,238.5610169,795203.3896,0,"{""601398.SH"": 8600.0, ""601939.SH"": 6900.0}",0.001613144106,-0.1432367634
2020-09-18,V20 LambdaRank change-only Top2,86650.22386,87279.38958,766.2238641,2,390.6046964,238.5610169,795203.3896,0,"{""601398.SH"": 8600.0, ""601939.SH"": 6900.0}",0.01126215182,-0.1335877658
2020-09-21,V20 LambdaRank change-only Top2,86271.22386,86900.38958,766.2238641,2,390.6046964,238.5610169,795203.3896,0,"{""601398.SH"": 8600.0, ""601939.SH"": 6900.0}",-0.004373906761,-0.1373773721
2020-09-22,V20 LambdaRank change-only Top2,85875.22386,86504.38958,766.2238641,2,390.6046964,238.5610169,795203.3896,0,"{""601398.SH"": 8600.0, ""601939.SH"": 6900.0}",-0.004590174826,-0.1413369608
2020-09-23,V20 LambdaRank change-only Top2,85651.22386,86280.38958,766.2238641,2,390.6046964,238.5610169,795203.3896,0,"{""601398.SH"": 8600.0, ""601939.SH"": 6900.0}",-0.002608435704,-0.1435767281
2020-09-24,V20 LambdaRank change-only Top2,85203.22386,85832.38958,766.2238641,2,390.6046964,238.5610169,795203.3896,0,"{""601398.SH"": 8600.0, ""601939.SH"": 6900.0}",-0.005230514869,-0.1480562628
2020-09-25,V20 LambdaRank change-only Top2,85186.22386,85815.38958,766.2238641,2,390.6046964,238.5610169,795203.3896,0,"{""601398.SH"": 8600.0, ""601939.SH"": 6900.0}",-0.0001995229667,-0.1482262451
2020-09-28,V20 LambdaRank change-only Top2,85961.22386,86590.38958,766.2238641,2,390.6046964,238.5610169,795203.3896,0,"{""601398.SH"": 8600.0, ""601939.SH"": 6900.0}",0.009097715157,-0.1404770501
2020-09-29,V20 LambdaRank change-only Top2,85358.22386,85987.38958,766.2238641,2,390.6046964,238.5610169,795203.3896,0,"{""601398.SH"": 8600.0, ""601939.SH"": 6900.0}",-0.007014790773,-0.1465064238
2020-09-30,V20 LambdaRank change-only Top2,85513.22386,86142.38958,766.2238641,2,390.6046964,238.5610169,795203.3896,0,"{""601398.SH"": 8600.0, ""601939.SH"": 6900.0}",0.001815876584,-0.1449565848
2020-10-09,V20 LambdaRank change-only Top2,85358.22386,85987.38958,766.2238641,2,390.6046964,238.5610169,795203.3896,0,"{""601398.SH"": 8600.0, ""601939.SH"": 6900.0}",-0.001812585153,-0.1465064238
2020-10-12,V20 LambdaRank change-only Top2,86260.65117,86958.38958,637.6511662,2,433.7721942,263.9662169,879887.3896,0,"{""601939.SH"": 6900.0, ""601988.SH"": 13200.0}",0.01057223617,-0.1374830881
2020-10-13,V20 LambdaRank change-only Top2,85582.65117,86280.38958,637.6511662,2,433.7721942,263.9662169,879887.3896,0,"{""601939.SH"": 6900.0, ""601988.SH"": 13200.0}",-0.007859898932,-0.1442623839
2020-10-14,V20 LambdaRank change-only Top2,85450.65117,86148.38958,637.6511662,2,433.7721942,263.9662169,879887.3896,0,"{""601939.SH"": 6900.0, ""601988.SH"": 13200.0}",-0.001542368672,-0.1455822468
2020-10-15,V20 LambdaRank change-only Top2,85996.65117,86694.38958,637.6511662,2,433.7721942,263.9662169,879887.3896,0,"{""601939.SH"": 6900.0, ""601988.SH"": 13200.0}",0.006389652888,-0.1401228139
2020-10-16,V20 LambdaRank change-only Top2,87433.65117,88131.38958,637.6511662,2,433.7721942,263.9662169,879887.3896,0,"{""601939.SH"": 6900.0, ""601988.SH"": 13200.0}",0.01670995301,-0.1257543065
2020-10-19,V20 LambdaRank change-only Top2,88393.65117,89091.38958,637.6511662,2,433.7721942,263.9662169,879887.3896,0,"{""601939.SH"": 6900.0, ""601988.SH"": 13200.0}",0.01097975422,-0.1161553037
2020-10-20,V20 LambdaRank change-only Top2,86824.65117,87522.38958,637.6511662,2,433.7721942,263.9662169,879887.3896,0,"{""601939.SH"": 6900.0, ""601988.SH"": 13200.0}",-0.01775014358,-0.1318436739
2020-10-21,V20 LambdaRank change-only Top2,87772.65117,88470.38958,637.6511662,2,433.7721942,263.9662169,879887.3896,0,"{""601939.SH"": 6900.0, ""601988.SH"": 13200.0}",0.01091855812,-0.1223646586
2020-10-22,V20 LambdaRank change-only Top2,87916.65117,88614.38958,637.6511662,2,433.7721942,263.9662169,879887.3896,0,"{""601939.SH"": 6900.0, ""601988.SH"": 13200.0}",0.001640602148,-0.1209248082
2020-10-23,V20 LambdaRank change-only Top2,88048.65117,88746.38958,637.6511662,2,433.7721942,263.9662169,879887.3896,0,"{""601939.SH"": 6900.0, ""601988.SH"": 13200.0}",0.001501422066,-0.1196049453
2020-10-26,V20 LambdaRank change-only Top2,87841.65117,88539.38958,637.6511662,2,433.7721942,263.9662169,879887.3896,0,"{""601939.SH"": 6900.0, ""601988.SH"": 13200.0}",-0.002350972982,-0.1216747303
2020-10-27,V20 LambdaRank change-only Top2,87364.65117,88062.38958,637.6511662,2,433.7721942,263.9662169,879887.3896,0,"{""601939.SH"": 6900.0, ""601988.SH"": 13200.0}",-0.005430225795,-0.1264442348
2020-10-28,V20 LambdaRank change-only Top2,86410.65117,87108.38958,637.6511662,2,433.7721942,263.9662169,879887.3896,0,"{""601939.SH"": 6900.0, ""601988.SH"": 13200.0}",-0.01091974829,-0.1359832439
2020-10-29,V20 LambdaRank change-only Top2,86146.65117,86844.38958,637.6511662,2,433.7721942,263.9662169,879887.3896,0,"{""601939.SH"": 6900.0, ""601988.SH"": 13200.0}",-0.003055178921,-0.1386229697
2020-10-30,V20 LambdaRank change-only Top2,86014.65117,86712.38958,637.6511662,2,433.7721942,263.9662169,879887.3896,0,"{""601939.SH"": 6900.0, ""601988.SH"": 13200.0}",-0.001532270822,-0.1399428326
2020-11-02,V20 LambdaRank change-only Top2,85801.65117,86499.38958,637.6511662,2,433.7721942,263.9662169,879887.3896,0,"{""601939.SH"": 6900.0, ""601988.SH"": 13200.0}",-0.002476322314,-0.1420726113
2020-11-03,V20 LambdaRank change-only Top2,85940.18377,86706.38958,107.1837664,2,476.8361941,289.3696169,964565.3896,0,"{""601398.SH"": 8600.0, ""601939.SH"": 6900.0}",0.001614567998,-0.1406874292
2020-11-04,V20 LambdaRank change-only Top2,86492.18377,87258.38958,107.1837664,2,476.8361941,289.3696169,964565.3896,0,"{""601398.SH"": 8600.0, ""601939.SH"": 6900.0}",0.006423072139,-0.1351680026
2020-11-05,V20 LambdaRank change-only Top2,86561.18377,87327.38958,107.1837664,2,476.8361941,289.3696169,964565.3896,0,"{""601398.SH"": 8600.0, ""601939.SH"": 6900.0}",0.0007977599477,-0.1344780743
2020-11-06,V20 LambdaRank change-only Top2,86854.18377,87620.38958,107.1837664,2,476.8361941,289.3696169,964565.3896,0,"{""601398.SH"": 8600.0, ""601939.SH"": 6900.0}",0.003384889014,-0.1315483786
2020-11-09,V20 LambdaRank change-only Top2,87095.18377,87861.38958,107.1837664,2,476.8361941,289.3696169,964565.3896,0,"{""601398.SH"": 8600.0, ""601939.SH"": 6900.0}",0.002774765585,-0.1291386289
2020-11-10,V20 LambdaRank change-only Top2,87784.18377,88550.38958,107.1837664,2,476.8361941,289.3696169,964565.3896,0,"{""601398.SH"": 8600.0, ""601939.SH"": 6900.0}",0.007910885197,-0.1222493446
2020-11-11,V20 LambdaRank change-only Top2,89111.18377,89877.38958,107.1837664,2,476.8361941,289.3696169,964565.3896,0,"{""601398.SH"": 8600.0, ""601939.SH"": 6900.0}",0.01511661831,-0.108980723
2020-11-12,V20 LambdaRank change-only Top2,88250.18377,89016.38958,107.1837664,2,476.8361941,289.3696169,964565.3896,0,"{""601398.SH"": 8600.0, ""601939.SH"": 6900.0}",-0.009662086885,-0.1175898287
2020-11-13,V20 LambdaRank change-only Top2,86923.18377,87689.38958,107.1837664,2,476.8361941,289.3696169,964565.3896,0,"{""601398.SH"": 8600.0, ""601939.SH"": 6900.0}",-0.01503679588,-0.1308584503
2020-11-16,V20 LambdaRank change-only Top2,87233.18377,87999.38958,107.1837664,2,476.8361941,289.3696169,964565.3896,0,"{""601398.SH"": 8600.0, ""601939.SH"": 6900.0}",0.003566367298,-0.1277587723
2020-11-17,V20 LambdaRank change-only Top2,87819.18377,88585.38958,107.1837664,2,476.8361941,289.3696169,964565.3896,0,"{""601398.SH"": 8600.0, ""601939.SH"": 6900.0}",0.006717627108,-0.121899381
2020-11-18,V20 LambdaRank change-only Top2,88698.18377,89464.38958,107.1837664,2,476.8361941,289.3696169,964565.3896,0,"{""601398.SH"": 8600.0, ""601939.SH"": 6900.0}",0.01000920257,-0.113110294
2020-11-19,V20 LambdaRank change-only Top2,89336.18377,90102.38958,107.1837664,2,476.8361941,289.3696169,964565.3896,0,"{""601398.SH"": 8600.0, ""601939.SH"": 6900.0}",0.007192931951,-0.1067309567
2020-11-20,V20 LambdaRank change-only Top2,88698.18377,89464.38958,107.1837664,2,476.8361941,289.3696169,964565.3896,0,"{""601398.SH"": 8600.0, ""601939.SH"": 6900.0}",-0.007141563173,-0.113110294
2020-11-23,V20 LambdaRank change-only Top2,90008.18377,90774.38958,107.1837664,2,476.8361941,289.3696169,964565.3896,0,"{""601398.SH"": 8600.0, ""601939.SH"": 6900.0}",0.01476918629,-0.1000116547
2020-11-24,V20 LambdaRank change-only Top2,89353.18377,90119.38958,107.1837664,2,476.8361941,289.3696169,964565.3896,0,"{""601398.SH"": 8600.0, ""601939.SH"": 6900.0}",-0.007277116064,-0.1065609743
2020-11-25,V20 LambdaRank change-only Top2,89129.18377,89895.38958,107.1837664,2,476.8361941,289.3696169,964565.3896,0,"{""601398.SH"": 8600.0, ""601939.SH"": 6900.0}",-0.002506905636,-0.1088007417
2020-11-26,V20 LambdaRank change-only Top2,90387.18377,91153.38958,107.1837664,2,476.8361941,289.3696169,964565.3896,0,"{""601398.SH"": 8600.0, ""601939.SH"": 6900.0}",0.01411434445,-0.09622204837
2020-11-27,V20 LambdaRank change-only Top2,94968.18377,95734.38958,107.1837664,2,476.8361941,289.3696169,964565.3896,0,"{""601398.SH"": 8600.0, ""601939.SH"": 6900.0}",0.05068196407,-0.0504168067
2020-11-30,V20 LambdaRank change-only Top2,95194.18377,95960.38958,107.1837664,2,476.8361941,289.3696169,964565.3896,0,"{""601398.SH"": 8600.0, ""601939.SH"": 6900.0}",0.002379744363,-0.04815704145
2020-12-01,V20 LambdaRank change-only Top2,97519.18377,98285.38958,107.1837664,2,476.8361941,289.3696169,964565.3896,0,"{""601398.SH"": 8600.0, ""601939.SH"": 6900.0}",0.02442376107,-0.02490945645
2020-12-02,V20 LambdaRank change-only Top2,96171.09817,97094.38958,267.0981739,2,575.7658866,347.5255169,1158418.39,0,"{""601288.SH"": 14400.0, ""601988.SH"": 14400.0}",-0.01382379897,-0.03838891211
2020-12-03,V20 LambdaRank change-only Top2,95595.09817,96518.38958,267.0981739,2,575.7658866,347.5255169,1158418.39,0,"{""601288.SH"": 14400.0, ""601988.SH"": 14400.0}",-0.005989325389,-0.04414831381
2020-12-04,V20 LambdaRank change-only Top2,94587.09817,95510.38958,267.0981739,2,575.7658866,347.5255169,1158418.39,0,"{""601288.SH"": 14400.0, ""601988.SH"": 14400.0}",-0.01054447372,-0.05422726679
2020-12-07,V20 LambdaRank change-only Top2,93723.09817,94646.38958,267.0981739,2,575.7658866,347.5255169,1158418.39,0,"{""601288.SH"": 14400.0, ""601988.SH"": 14400.0}",-0.009134438171,-0.06286636934
2020-12-08,V20 LambdaRank change-only Top2,93291.09817,94214.38958,267.0981739,2,575.7658866,347.5255169,1158418.39,0,"{""601288.SH"": 14400.0, ""601988.SH"": 14400.0}",-0.004609322658,-0.06718592062
2020-12-09,V20 LambdaRank change-only Top2,93291.09817,94214.38958,267.0981739,2,575.7658866,347.5255169,1158418.39,0,"{""601288.SH"": 14400.0, ""601988.SH"": 14400.0}",0,-0.06718592062
2020-12-10,V20 LambdaRank change-only Top2,93147.09817,94070.38958,267.0981739,2,575.7658866,347.5255169,1158418.39,0,"{""601288.SH"": 14400.0, ""601988.SH"": 14400.0}",-0.001543555632,-0.06862577105
2020-12-11,V20 LambdaRank change-only Top2,92859.09817,93782.38958,267.0981739,2,575.7658866,347.5255169,1158418.39,0,"{""601288.SH"": 14400.0, ""601988.SH"": 14400.0}",-0.003091883759,-0.0715054719
2020-12-14,V20 LambdaRank change-only Top2,92715.09817,93638.38958,267.0981739,2,575.7658866,347.5255169,1158418.39,0,"{""601288.SH"": 14400.0, ""601988.SH"": 14400.0}",-0.001550736577,-0.07294532233
2020-12-15,V20 LambdaRank change-only Top2,91995.09817,92918.38958,267.0981739,2,575.7658866,347.5255169,1158418.39,0,"{""601288.SH"": 14400.0, ""601988.SH"": 14400.0}",-0.007765725477,-0.08014457445
2020-12-16,V20 LambdaRank change-only Top2,91851.09817,92774.38958,267.0981739,2,575.7658866,347.5255169,1158418.39,0,"{""601288.SH"": 14400.0, ""601988.SH"": 14400.0}",-0.001565300792,-0.08158442488
2020-12-17,V20 LambdaRank change-only Top2,91995.09817,92918.38958,267.0981739,2,575.7658866,347.5255169,1158418.39,0,"{""601288.SH"": 14400.0, ""601988.SH"": 14400.0}",0.001567754799,-0.08014457445
2020-12-18,V20 LambdaRank change-only Top2,91707.09817,92630.38958,267.0981739,2,575.7658866,347.5255169,1158418.39,0,"{""601288.SH"": 14400.0, ""601988.SH"": 14400.0}",-0.003130601583,-0.08302427531
2020-12-21,V20 LambdaRank change-only Top2,91851.09817,92774.38958,267.0981739,2,575.7658866,347.5255169,1158418.39,0,"{""601288.SH"": 14400.0, ""601988.SH"": 14400.0}",0.001570216514,-0.08158442488
2020-12-22,V20 LambdaRank change-only Top2,91131.09817,92054.38958,267.0981739,2,575.7658866,347.5255169,1158418.39,0,"{""601288.SH"": 14400.0, ""601988.SH"": 14400.0}",-0.007838773997,-0.08878367701
2020-12-23,V20 LambdaRank change-only Top2,90987.09817,91910.38958,267.0981739,2,575.7658866,347.5255169,1158418.39,0,"{""601288.SH"": 14400.0, ""601988.SH"": 14400.0}",-0.001580141169,-0.09022352743
2020-12-24,V20 LambdaRank change-only Top2,91131.09817,92054.38958,267.0981739,2,575.7658866,347.5255169,1158418.39,0,"{""601288.SH"": 14400.0, ""601988.SH"": 14400.0}",0.001582641967,-0.08878367701
2020-12-25,V20 LambdaRank change-only Top2,91419.09817,92342.38958,267.0981739,2,575.7658866,347.5255169,1158418.39,0,"{""601288.SH"": 14400.0, ""601988.SH"": 14400.0}",0.003160282338,-0.08590397616
2020-12-28,V20 LambdaRank change-only Top2,91131.09817,92054.38958,267.0981739,2,575.7658866,347.5255169,1158418.39,0,"{""601288.SH"": 14400.0, ""601988.SH"": 14400.0}",-0.003150326417,-0.08878367701
2020-12-29,V20 LambdaRank change-only Top2,91131.09817,92054.38958,267.0981739,2,575.7658866,347.5255169,1158418.39,0,"{""601288.SH"": 14400.0, ""601988.SH"": 14400.0}",0,-0.08878367701
2020-12-30,V20 LambdaRank change-only Top2,90987.09817,91910.38958,267.0981739,2,575.7658866,347.5255169,1158418.39,0,"{""601288.SH"": 14400.0, ""601988.SH"": 14400.0}",-0.001580141169,-0.09022352743
2020-12-31,V20 LambdaRank change-only Top2,91275.09817,92198.38958,267.0981739,2,575.7658866,347.5255169,1158418.39,0,"{""601288.SH"": 14400.0, ""601988.SH"": 14400.0}",0.003165283933,-0.08734382658
2021-01-04,V20 LambdaRank change-only Top2,90987.09817,91910.38958,267.0981739,2,575.7658866,347.5255169,1158418.39,0,"{""601288.SH"": 14400.0, ""601988.SH"": 14400.0}",-0.003155296524,-0.09022352743
2021-01-05,V20 LambdaRank change-only Top2,90987.09817,91910.38958,267.0981739,2,575.7658866,347.5255169,1158418.39,0,"{""601288.SH"": 14400.0, ""601988.SH"": 14400.0}",0,-0.09022352743
2021-01-06,V20 LambdaRank change-only Top2,91131.09817,92054.38958,267.0981739,2,575.7658866,347.5255169,1158418.39,0,"{""601288.SH"": 14400.0, ""601988.SH"": 14400.0}",0.001582641967,-0.08878367701
2021-01-07,V20 LambdaRank change-only Top2,91421.50964,92344.80104,267.0981739,2,575.7658866,347.5255169,1158418.39,0,"{""601288.SH"": 14400.0, ""601988.SH"": 14400.755945}",0.003186743834,-0.08587986401
2021-01-08,V20 LambdaRank change-only Top2,91421.50964,92344.80104,267.0981739,2,575.7658866,347.5255169,1158418.39,0,"{""601288.SH"": 14400.0, ""601988.SH"": 14400.755945}",0,-0.08587986401
2021-01-11,V20 LambdaRank change-only Top2,91277.49452,92200.78592,267.0981739,2,575.7658866,347.5255169,1158418.39,0,"{""601288.SH"": 14400.0, ""601988.SH"": 14400.755945}",-0.001575287036,-0.08731986561
2021-01-12,V20 LambdaRank change-only Top2,91421.50208,92344.79348,267.0981739,2,575.7658866,347.5255169,1158418.39,0,"{""601288.SH"": 14400.0, ""601988.SH"": 14400.755945}",0.001577689662,-0.0858799396
2021-01-13,V20 LambdaRank change-only Top2,91853.5172,92776.8086,267.0981739,2,575.7658866,347.5255169,1158418.39,0,"{""601288.SH"": 14400.0, ""601988.SH"": 14400.755945}",0.004725530746,-0.08156023715
2021-01-14,V20 LambdaRank change-only Top2,92285.52476,93208.81616,267.0981739,2,575.7658866,347.5255169,1158418.39,0,"{""601288.SH"": 14400.0, ""601988.SH"": 14400.755945}",0.004703222834,-0.07724061028
2021-01-15,V20 LambdaRank change-only Top2,92861.53988,93784.83128,267.0981739,2,575.7658866,347.5255169,1158418.39,0,"{""601288.SH"": 14400.0, ""601988.SH"": 14400.755945}",0.006241662714,-0.07148105741
2021-01-18,V20 LambdaRank change-only Top2,92285.5172,93208.8086,267.0981739,2,575.7658866,347.5255169,1158418.39,0,"{""601288.SH"": 14400.0, ""601988.SH"": 14400.755945}",-0.006203027423,-0.07724068587
2021-01-19,V20 LambdaRank change-only Top2,92717.53232,93640.82372,267.0981739,2,575.7658866,347.5255169,1158418.39,0,"{""601288.SH"": 14400.0, ""601988.SH"": 14400.755945}",0.004681288376,-0.07292098342
2021-01-20,V20 LambdaRank change-only Top2,92141.5172,93064.8086,267.0981739,2,575.7658866,347.5255169,1158418.39,0,"{""601288.SH"": 14400.0, ""601988.SH"": 14400.755945}",-0.006212580345,-0.07868053629
2021-01-21,V20 LambdaRank change-only Top2,91709.50964,92632.80104,267.0981739,2,575.7658866,347.5255169,1158418.39,0,"{""601288.SH"": 14400.0, ""601988.SH"": 14400.755945}",-0.004688522314,-0.08300016316
2021-01-22,V20 LambdaRank change-only Top2,91133.49452,92056.78592,267.0981739,2,575.7658866,347.5255169,1158418.39,0,"{""601288.SH"": 14400.0, ""601988.SH"": 14400.755945}",-0.006280865759,-0.08875971604
2021-01-25,V20 LambdaRank change-only Top2,91133.49452,92056.78592,267.0981739,2,575.7658866,347.5255169,1158418.39,0,"{""601288.SH"": 14400.0, ""601988.SH"": 14400.755945}",0,-0.08875971604
2021-01-26,V20 LambdaRank change-only Top2,90989.49452,91912.78592,267.0981739,2,575.7658866,347.5255169,1158418.39,0,"{""601288.SH"": 14400.0, ""601988.SH"": 14400.755945}",-0.001580099619,-0.09019956646
2021-01-27,V20 LambdaRank change-only Top2,91277.49452,92200.78592,267.0981739,2,575.7658866,347.5255169,1158418.39,0,"{""601288.SH"": 14400.0, ""601988.SH"": 14400.755945}",0.003165200571,-0.08731986561
2021-01-28,V20 LambdaRank change-only Top2,91133.49452,92056.78592,267.0981739,2,575.7658866,347.5255169,1158418.39,0,"{""601288.SH"": 14400.0, ""601988.SH"": 14400.755945}",-0.001577606843,-0.08875971604
2021-01-29,V20 LambdaRank change-only Top2,91277.49452,92200.78592,267.0981739,2,575.7658866,347.5255169,1158418.39,0,"{""601288.SH"": 14400.0, ""601988.SH"": 14400.755945}",0.001580099619,-0.08731986561
2021-02-01,V20 LambdaRank change-only Top2,91709.50208,92632.79348,267.0981739,2,575.7658866,347.5255169,1158418.39,0,"{""601288.SH"": 14400.0, ""601988.SH"": 14400.755945}",0.004732903348,-0.08300023875
2021-02-02,V20 LambdaRank change-only Top2,90902.34912,91899.79348,241.3491244,2,622.4567206,374.987638,1249958.793,0,"{""601288.SH"": 14400.0, ""601398.SH"": 8900.0}",-0.008801192209,-0.0910709299
2021-02-03,V20 LambdaRank change-only Top2,90313.34912,91310.79348,241.3491244,2,622.4567206,374.987638,1249958.793,0,"{""601288.SH"": 14400.0, ""601398.SH"": 8900.0}",-0.006479480516,-0.0969603181
2021-02-04,V20 LambdaRank change-only Top2,90724.34912,91721.79348,241.3491244,2,622.4567206,374.987638,1249958.793,0,"{""601288.SH"": 14400.0, ""601398.SH"": 8900.0}",0.004550822265,-0.09285074501
2021-02-05,V20 LambdaRank change-only Top2,92279.34912,93276.79348,241.3491244,2,622.4567206,374.987638,1249958.793,0,"{""601288.SH"": 14400.0, ""601398.SH"": 8900.0}",0.01713983087,-0.0773023602
2021-02-08,V20 LambdaRank change-only Top2,91957.34912,92954.79348,241.3491244,2,622.4567206,374.987638,1249958.793,0,"{""601288.SH"": 14400.0, ""601398.SH"": 8900.0}",-0.003489404759,-0.08052202574
2021-02-09,V20 LambdaRank change-only Top2,91580.34912,92577.79348,241.3491244,2,622.4567206,374.987638,1249958.793,0,"{""601288.SH"": 14400.0, ""601398.SH"": 8900.0}",-0.004099726706,-0.08429163415
2021-02-10,V20 LambdaRank change-only Top2,93190.34912,94187.79348,241.3491244,2,622.4567206,374.987638,1249958.793,0,"{""601288.SH"": 14400.0, ""601398.SH"": 8900.0}",0.01758019068,-0.06819330647
2021-02-18,V20 LambdaRank change-only Top2,93245.34912,94242.79348,241.3491244,2,622.4567206,374.987638,1249958.793,0,"{""601288.SH"": 14400.0, ""601398.SH"": 8900.0}",0.0005901898696,-0.0676433636
2021-02-19,V20 LambdaRank change-only Top2,93389.34912,94386.79348,241.3491244,2,622.4567206,374.987638,1249958.793,0,"{""601288.SH"": 14400.0, ""601398.SH"": 8900.0}",0.001544312948,-0.06620351317
2021-02-22,V20 LambdaRank change-only Top2,94978.34912,95975.79348,241.3491244,2,622.4567206,374.987638,1249958.793,0,"{""601288.SH"": 14400.0, ""601398.SH"": 8900.0}",0.01701478825,-0.05031516368
2021-02-23,V20 LambdaRank change-only Top2,94923.34912,95920.79348,241.3491244,2,622.4567206,374.987638,1249958.793,0,"{""601288.SH"": 14400.0, ""601398.SH"": 8900.0}",-0.0005790793429,-0.05086510655
2021-02-24,V20 LambdaRank change-only Top2,93779.34912,94776.79348,241.3491244,2,622.4567206,374.987638,1249958.793,0,"{""601288.SH"": 14400.0, ""601398.SH"": 8900.0}",-0.0120518293,-0.06230391827
2021-02-25,V20 LambdaRank change-only Top2,95745.34912,96742.79348,241.3491244,2,622.4567206,374.987638,1249958.793,0,"{""601288.SH"": 14400.0, ""601398.SH"": 8900.0}",0.0209641037,-0.04264596037
2021-02-26,V20 LambdaRank change-only Top2,94978.34912,95975.79348,241.3491244,2,622.4567206,374.987638,1249958.793,0,"{""601288.SH"": 14400.0, ""601398.SH"": 8900.0}",-0.008010832975,-0.05031516368
2021-03-01,V20 LambdaRank change-only Top2,94567.34912,95564.79348,241.3491244,2,622.4567206,374.987638,1249958.793,0,"{""601288.SH"": 14400.0, ""601398.SH"": 8900.0}",-0.004327301999,-0.05442473677
2021-03-02,V20 LambdaRank change-only Top2,93701.29309,94780.79348,144.2930899,2,675.9392551,403.561138,1345203.793,0,"{""601288.SH"": 14500.0, ""601988.SH"": 14600.0}",-0.009158087252,-0.06308439753
2021-03-03,V20 LambdaRank change-only Top2,95446.29309,96525.79348,144.2930899,2,675.9392551,403.561138,1345203.793,0,"{""601288.SH"": 14500.0, ""601988.SH"": 14600.0}",0.01862300874,-0.04563621008
2021-03-04,V20 LambdaRank change-only Top2,95736.29309,96815.79348,144.2930899,2,675.9392551,403.561138,1345203.793,0,"{""601288.SH"": 14500.0, ""601988.SH"": 14600.0}",0.003038357914,-0.04273651131
2021-03-05,V20 LambdaRank change-only Top2,96899.29309,97978.79348,144.2930899,2,675.9392551,403.561138,1345203.793,0,"{""601288.SH"": 14500.0, ""601988.SH"": 14600.0}",0.01214795312,-0.03110771933
2021-03-08,V20 LambdaRank change-only Top2,96898.29309,97977.79348,144.2930899,2,675.9392551,403.561138,1345203.793,0,"{""601288.SH"": 14500.0, ""601988.SH"": 14600.0}",-1.031999273e-05,-0.03111771829
2021-03-09,V20 LambdaRank change-only Top2,96171.29309,97250.79348,144.2930899,2,675.9392551,403.561138,1345203.793,0,"{""601288.SH"": 14500.0, ""601988.SH"": 14600.0}",-0.007502712141,-0.03838696315
2021-03-10,V20 LambdaRank change-only Top2,96606.29309,97685.79348,144.2930899,2,675.9392551,403.561138,1345203.793,0,"{""601288.SH"": 14500.0, ""601988.SH"": 14600.0}",0.004523179278,-0.03403741499
2021-03-11,V20 LambdaRank change-only Top2,96896.29309,97975.79348,144.2930899,2,675.9392551,403.561138,1345203.793,0,"{""601288.SH"": 14500.0, ""601988.SH"": 14600.0}",0.003001874834,-0.03113771621
2021-03-12,V20 LambdaRank change-only Top2,97188.29309,98267.79348,144.2930899,2,675.9392551,403.561138,1345203.793,0,"{""601288.SH"": 14500.0, ""601988.SH"": 14600.0}",0.003013531175,-0.02821801952
2021-03-15,V20 LambdaRank change-only Top2,98060.29309,99139.79348,144.2930899,2,675.9392551,403.561138,1345203.793,0,"{""601288.SH"": 14500.0, ""601988.SH"": 14600.0}",0.008972274049,-0.01949892527
2021-03-16,V20 LambdaRank change-only Top2,97915.29309,98994.79348,144.2930899,2,675.9392551,403.561138,1345203.793,0,"{""601288.SH"": 14500.0, ""601988.SH"": 14600.0}",-0.001478682099,-0.02094877466
2021-03-17,V20 LambdaRank change-only Top2,97478.29309,98557.79348,144.2930899,2,675.9392551,403.561138,1345203.793,0,"{""601288.SH"": 14500.0, ""601988.SH"": 14600.0}",-0.004463041331,-0.02531832074
2021-03-18,V20 LambdaRank change-only Top2,97187.29309,98266.79348,144.2930899,2,675.9392551,403.561138,1345203.793,0,"{""601288.SH"": 14500.0, ""601988.SH"": 14600.0}",-0.002985280012,-0.02822801848
2021-03-19,V20 LambdaRank change-only Top2,96024.29309,97103.79348,144.2930899,2,675.9392551,403.561138,1345203.793,0,"{""601288.SH"": 14500.0, ""601988.SH"": 14600.0}",-0.01196658496,-0.03985681046
2021-03-22,V20 LambdaRank change-only Top2,97187.29309,98266.79348,144.2930899,2,675.9392551,403.561138,1345203.793,0,"{""601288.SH"": 14500.0, ""601988.SH"": 14600.0}",0.01211151848,-0.02822801848
2021-03-23,V20 LambdaRank change-only Top2,97333.29309,98412.79348,144.2930899,2,675.9392551,403.561138,1345203.793,0,"{""601288.SH"": 14500.0, ""601988.SH"": 14600.0}",0.001502254002,-0.02676817013
2021-03-24,V20 LambdaRank change-only Top2,97624.29309,98703.79348,144.2930899,2,675.9392551,403.561138,1345203.793,0,"{""601288.SH"": 14500.0, ""601988.SH"": 14600.0}",0.002989727264,-0.02385847239
2021-03-25,V20 LambdaRank change-only Top2,96608.29309,97687.79348,144.2930899,2,675.9392551,403.561138,1345203.793,0,"{""601288.SH"": 14500.0, ""601988.SH"": 14600.0}",-0.01040724565,-0.03401741706
2021-03-26,V20 LambdaRank change-only Top2,96025.29309,97104.79348,144.2930899,2,675.9392551,403.561138,1345203.793,0,"{""601288.SH"": 14500.0, ""601988.SH"": 14600.0}",-0.006034678611,-0.0398468115
2021-03-29,V20 LambdaRank change-only Top2,97188.29309,98267.79348,144.2930899,2,675.9392551,403.561138,1345203.793,0,"{""601288.SH"": 14500.0, ""601988.SH"": 14600.0}",0.01211139235,-0.02821801952
2021-03-30,V20 LambdaRank change-only Top2,97334.29309,98413.79348,144.2930899,2,675.9392551,403.561138,1345203.793,0,"{""601288.SH"": 14500.0, ""601988.SH"": 14600.0}",0.001502238545,-0.02675817117
2021-03-31,V20 LambdaRank change-only Top2,98354.29309,99433.79348,144.2930899,2,675.9392551,403.561138,1345203.793,0,"{""601288.SH"": 14500.0, ""601988.SH"": 14600.0}",0.01047934872,-0.01655923065
2021-04-01,V20 LambdaRank change-only Top2,97772.29309,98851.79348,144.2930899,2,675.9392551,403.561138,1345203.793,0,"{""601288.SH"": 14500.0, ""601988.SH"": 14600.0}",-0.005917382777,-0.02237862612
2021-04-02,V20 LambdaRank change-only Top2,97045.29309,98124.79348,144.2930899,2,675.9392551,403.561138,1345203.793,0,"{""601288.SH"": 14500.0, ""601988.SH"": 14600.0}",-0.007435644363,-0.02964787098
2021-04-06,V20 LambdaRank change-only Top2,96754.29309,97833.79348,144.2930899,2,675.9392551,403.561138,1345203.793,0,"{""601288.SH"": 14500.0, ""601988.SH"": 14600.0}",-0.002998599837,-0.03255756872
2021-04-07,V20 LambdaRank change-only Top2,97045.29309,98124.79348,144.2930899,2,675.9392551,403.561138,1345203.793,0,"{""601288.SH"": 14500.0, ""601988.SH"": 14600.0}",0.003007618481,-0.02964787098
2021-04-08,V20 LambdaRank change-only Top2,96754.29309,97833.79348,144.2930899,2,675.9392551,403.561138,1345203.793,0,"{""601288.SH"": 14500.0, ""601988.SH"": 14600.0}",-0.002998599837,-0.03255756872
2021-04-09,V20 LambdaRank change-only Top2,97190.29309,98269.79348,144.2930899,2,675.9392551,403.561138,1345203.793,0,"{""601288.SH"": 14500.0, ""601988.SH"": 14600.0}",0.004506259992,-0.02819802159
2021-04-12,V20 LambdaRank change-only Top2,98062.29309,99141.79348,144.2930899,2,675.9392551,403.561138,1345203.793,0,"{""601288.SH"": 14500.0, ""601988.SH"": 14600.0}",0.008972089416,-0.01947892735
2021-04-13,V20 LambdaRank change-only Top2,97771.29309,98850.79348,144.2930899,2,675.9392551,403.561138,1345203.793,0,"{""601288.SH"": 14500.0, ""601988.SH"": 14600.0}",-0.002967501481,-0.02238862508
2021-04-14,V20 LambdaRank change-only Top2,97191.29309,98270.79348,144.2930899,2,675.9392551,403.561138,1345203.793,0,"{""601288.SH"": 14500.0, ""601988.SH"": 14600.0}",-0.00593221161,-0.02818802263
2021-04-15,V20 LambdaRank change-only Top2,96899.29309,97978.79348,144.2930899,2,675.9392551,403.561138,1345203.793,0,"{""601288.SH"": 14500.0, ""601988.SH"": 14600.0}",-0.003004384351,-0.03110771933
2021-04-16,V20 LambdaRank change-only Top2,97191.29309,98270.79348,144.2930899,2,675.9392551,403.561138,1345203.793,0,"{""601288.SH"": 14500.0, ""601988.SH"": 14600.0}",0.003013437876,-0.02818802263
2021-04-19,V20 LambdaRank change-only Top2,97191.29309,98270.79348,144.2930899,2,675.9392551,403.561138,1345203.793,0,"{""601288.SH"": 14500.0, ""601988.SH"": 14600.0}",0,-0.02818802263
2021-04-20,V20 LambdaRank change-only Top2,96755.29309,97834.79348,144.2930899,2,675.9392551,403.561138,1345203.793,0,"{""601288.SH"": 14500.0, ""601988.SH"": 14600.0}",-0.004485998551,-0.03254756975
2021-04-21,V20 LambdaRank change-only Top2,96755.29309,97834.79348,144.2930899,2,675.9392551,403.561138,1345203.793,0,"{""601288.SH"": 14500.0, ""601988.SH"": 14600.0}",0,-0.03254756975
2021-04-22,V20 LambdaRank change-only Top2,96028.29309,97107.79348,144.2930899,2,675.9392551,403.561138,1345203.793,0,"{""601288.SH"": 14500.0, ""601988.SH"": 14600.0}",-0.007513800814,-0.03981681461
2021-04-23,V20 LambdaRank change-only Top2,95156.29309,96235.79348,144.2930899,2,675.9392551,403.561138,1345203.793,0,"{""601288.SH"": 14500.0, ""601988.SH"": 14600.0}",-0.009080657085,-0.04853590886
2021-04-26,V20 LambdaRank change-only Top2,94574.29309,95653.79348,144.2930899,2,675.9392551,403.561138,1345203.793,0,"{""601288.SH"": 14500.0, ""601988.SH"": 14600.0}",-0.006116253388,-0.05435530433
2021-04-27,V20 LambdaRank change-only Top2,94429.29309,95508.79348,144.2930899,2,675.9392551,403.561138,1345203.793,0,"{""601288.SH"": 14500.0, ""601988.SH"": 14600.0}",-0.001533186189,-0.05580515372
2021-04-28,V20 LambdaRank change-only Top2,94284.29309,95363.79348,144.2930899,2,675.9392551,403.561138,1345203.793,0,"{""601288.SH"": 14500.0, ""601988.SH"": 14600.0}",-0.001535540458,-0.0572550031
2021-04-29,V20 LambdaRank change-only Top2,94867.29309,95946.79348,144.2930899,2,675.9392551,403.561138,1345203.793,0,"{""601288.SH"": 14500.0, ""601988.SH"": 14600.0}",0.006183426538,-0.05142560867
2021-04-30,V20 LambdaRank change-only Top2,93994.29309,95073.79348,144.2930899,2,675.9392551,403.561138,1345203.793,0,"{""601288.SH"": 14500.0, ""601988.SH"": 14600.0}",-0.009202328554,-0.06015470188
2021-05-06,V20 LambdaRank change-only Top2,94285.29309,95364.79348,144.2930899,2,675.9392551,403.561138,1345203.793,0,"{""601288.SH"": 14500.0, ""601988.SH"": 14600.0}",0.003095932641,-0.05724500414
2021-05-07,V20 LambdaRank change-only Top2,95469.82176,96630.79348,616.8217647,2,729.1067803,431.864938,1439549.793,0,"{""601288.SH"": 14600.0, ""601939.SH"": 6900.0}",0.01256323904,-0.04540094777
2021-05-10,V20 LambdaRank change-only Top2,95806.82176,96967.79348,616.8217647,2,729.1067803,431.864938,1439549.793,0,"{""601288.SH"": 14600.0, ""601939.SH"": 6900.0}",0.003529911272,-0.04203129782
2021-05-11,V20 LambdaRank change-only Top2,95891.82176,97052.79348,616.8217647,2,729.1067803,431.864938,1439549.793,0,"{""601288.SH"": 14600.0, ""601939.SH"": 6900.0}",0.0008872019595,-0.04118138611
2021-05-12,V20 LambdaRank change-only Top2,96589.82176,97750.79348,616.8217647,2,729.1067803,431.864938,1439549.793,0,"{""601288.SH"": 14600.0, ""601939.SH"": 6900.0}",0.007279035763,-0.03420211113
2021-05-13,V20 LambdaRank change-only Top2,96313.82176,97474.79348,616.8217647,2,729.1067803,431.864938,1439549.793,0,"{""601288.SH"": 14600.0, ""601939.SH"": 6900.0}",-0.002857443931,-0.03696182445
2021-05-14,V20 LambdaRank change-only Top2,96812.82176,97973.79348,616.8217647,2,729.1067803,431.864938,1439549.793,0,"{""601288.SH"": 14600.0, ""601939.SH"": 6900.0}",0.005180980163,-0.03197234276
2021-05-17,V20 LambdaRank change-only Top2,96589.82176,97750.79348,616.8217647,2,729.1067803,431.864938,1439549.793,0,"{""601288.SH"": 14600.0, ""601939.SH"": 6900.0}",-0.002303413907,-0.03420211113
2021-05-18,V20 LambdaRank change-only Top2,96159.82176,97320.79348,616.8217647,2,729.1067803,431.864938,1439549.793,0,"{""601288.SH"": 14600.0, ""601939.SH"": 6900.0}",-0.00445181482,-0.03850166448
2021-05-19,V20 LambdaRank change-only Top2,95737.82176,96898.79348,616.8217647,2,729.1067803,431.864938,1439549.793,0,"{""601288.SH"": 14600.0, ""601939.SH"": 6900.0}",-0.004388527269,-0.04272122615
2021-05-20,V20 LambdaRank change-only Top2,95952.82176,97113.79348,616.8217647,2,729.1067803,431.864938,1439549.793,0,"{""601288.SH"": 14600.0, ""601939.SH"": 6900.0}",0.002245716437,-0.04057144947
2021-05-21,V20 LambdaRank change-only Top2,95323.82176,96484.79348,616.8217647,2,729.1067803,431.864938,1439549.793,0,"{""601288.SH"": 14600.0, ""601939.SH"": 6900.0}",-0.006555304872,-0.04686079612
2021-05-24,V20 LambdaRank change-only Top2,95185.82176,96346.79348,616.8217647,2,729.1067803,431.864938,1439549.793,0,"{""601288.SH"": 14600.0, ""601939.SH"": 6900.0}",-0.001447696887,-0.04824065278
2021-05-25,V20 LambdaRank change-only Top2,96658.82176,97819.79348,616.8217647,2,729.1067803,431.864938,1439549.793,0,"{""601288.SH"": 14600.0, ""601939.SH"": 6900.0}",0.01547499378,-0.0335121828
2021-05-26,V20 LambdaRank change-only Top2,96942.82176,98103.79348,616.8217647,2,729.1067803,431.864938,1439549.793,0,"{""601288.SH"": 14600.0, ""601939.SH"": 6900.0}",0.002938169479,-0.03067247779
2021-05-27,V20 LambdaRank change-only Top2,96451.82176,97612.79348,616.8217647,2,729.1067803,431.864938,1439549.793,0,"{""601288.SH"": 14600.0, ""601939.SH"": 6900.0}",-0.005064841224,-0.03558196779
2021-05-28,V20 LambdaRank change-only Top2,96942.82176,98103.79348,616.8217647,2,729.1067803,431.864938,1439549.793,0,"{""601288.SH"": 14600.0, ""601939.SH"": 6900.0}",0.005090624428,-0.03067247779
2021-05-31,V20 LambdaRank change-only Top2,96029.82176,97190.79348,616.8217647,2,729.1067803,431.864938,1439549.793,0,"{""601288.SH"": 14600.0, ""601939.SH"": 6900.0}",-0.009417922682,-0.03980152945
2021-06-01,V20 LambdaRank change-only Top2,95400.82176,96561.79348,616.8217647,2,729.1067803,431.864938,1439549.793,0,"{""601288.SH"": 14600.0, ""601939.SH"": 6900.0}",-0.006550048604,-0.0460908761
2021-06-02,V20 LambdaRank change-only Top2,95208.84451,96446.79348,333.8445061,2,777.5522389,460.396738,1534655.793,0,"{""601398.SH"": 9200.0, ""601939.SH"": 6900.0}",-0.002012322903,-0.04801044928
2021-06-03,V20 LambdaRank change-only Top2,94426.84451,95664.79348,333.8445061,2,777.5522389,460.396738,1534655.793,0,"{""601398.SH"": 9200.0, ""601939.SH"": 6900.0}",-0.008213522641,-0.05582963701
2021-06-04,V20 LambdaRank change-only Top2,94886.84451,96124.79348,333.8445061,2,777.5522389,460.396738,1534655.793,0,"{""601398.SH"": 9200.0, ""601939.SH"": 6900.0}",0.00487149605,-0.05123011482
2021-06-07,V20 LambdaRank change-only Top2,94679.84451,95917.79348,333.8445061,2,777.5522389,460.396738,1534655.793,0,"{""601398.SH"": 9200.0, ""601939.SH"": 6900.0}",-0.00218154583,-0.0532998998
2021-06-08,V20 LambdaRank change-only Top2,95162.84451,96400.79348,333.8445061,2,777.5522389,460.396738,1534655.793,0,"{""601398.SH"": 9200.0, ""601939.SH"": 6900.0}",0.005101402548,-0.0484704015
2021-06-09,V20 LambdaRank change-only Top2,94932.84451,96170.79348,333.8445061,2,777.5522389,460.396738,1534655.793,0,"{""601398.SH"": 9200.0, ""601939.SH"": 6900.0}",-0.002416909679,-0.0507701626
2021-06-10,V20 LambdaRank change-only Top2,95024.84451,96262.79348,333.8445061,2,777.5522389,460.396738,1534655.793,0,"{""601398.SH"": 9200.0, ""601939.SH"": 6900.0}",0.0009691061137,-0.04985025816
2021-06-11,V20 LambdaRank change-only Top2,94725.84451,95963.79348,333.8445061,2,777.5522389,460.396738,1534655.793,0,"{""601398.SH"": 9200.0, ""601939.SH"": 6900.0}",-0.003146545533,-0.05283994758
2021-06-15,V20 LambdaRank change-only Top2,94035.84451,95273.79348,333.8445061,2,777.5522389,460.396738,1534655.793,0,"{""601398.SH"": 9200.0, ""601939.SH"": 6900.0}",-0.007284178923,-0.05973923087
2021-06-16,V20 LambdaRank change-only Top2,94265.84451,95503.79348,333.8445061,2,777.5522389,460.396738,1534655.793,0,"{""601398.SH"": 9200.0, ""601939.SH"": 6900.0}",0.002445875838,-0.05743946978
2021-06-17,V20 LambdaRank change-only Top2,94357.84451,95595.79348,333.8445061,2,777.5522389,460.396738,1534655.793,0,"{""601398.SH"": 9200.0, ""601939.SH"": 6900.0}",0.0009759632503,-0.05651956534
2021-06-18,V20 LambdaRank change-only Top2,94081.84451,95319.79348,333.8445061,2,777.5522389,460.396738,1534655.793,0,"{""601398.SH"": 9200.0, ""601939.SH"": 6900.0}",-0.002925035024,-0.05927927866
2021-06-21,V20 LambdaRank change-only Top2,93598.84451,94836.79348,333.8445061,2,777.5522389,460.396738,1534655.793,0,"{""601398.SH"": 9200.0, ""601939.SH"": 6900.0}",-0.005133827919,-0.06410877696
2021-06-22,V20 LambdaRank change-only Top2,93828.84451,95066.79348,333.8445061,2,777.5522389,460.396738,1534655.793,0,"{""601398.SH"": 9200.0, ""601939.SH"": 6900.0}",0.002457295293,-0.06180901586
2021-06-23,V20 LambdaRank change-only Top2,93299.84451,94537.79348,333.8445061,2,777.5522389,460.396738,1534655.793,0,"{""601398.SH"": 9200.0, ""601939.SH"": 6900.0}",-0.005637925126,-0.06709846638
2021-06-24,V20 LambdaRank change-only Top2,94196.84451,95434.79348,333.8445061,2,777.5522389,460.396738,1534655.793,0,"{""601398.SH"": 9200.0, ""601939.SH"": 6900.0}",0.009614163933,-0.05812939811
2021-06-25,V20 LambdaRank change-only Top2,94955.84451,96193.79348,333.8445061,2,777.5522389,460.396738,1534655.793,0,"{""601398.SH"": 9200.0, ""601939.SH"": 6900.0}",0.008057594753,-0.05054018649
2021-06-28,V20 LambdaRank change-only Top2,93805.84451,95043.79348,333.8445061,2,777.5522389,460.396738,1534655.793,0,"{""601398.SH"": 9200.0, ""601939.SH"": 6900.0}",-0.01211089224,-0.06203899197
2021-06-29,V20 LambdaRank change-only Top2,93368.84451,94606.79348,333.8445061,2,777.5522389,460.396738,1534655.793,0,"{""601398.SH"": 9200.0, ""601939.SH"": 6900.0}",-0.004658558348,-0.06640853806
2021-06-30,V20 LambdaRank change-only Top2,93782.84451,95020.79348,333.8445061,2,777.5522389,460.396738,1534655.793,0,"{""601398.SH"": 9200.0, ""601939.SH"": 6900.0}",0.004434027241,-0.06226896808
2021-07-01,V20 LambdaRank change-only Top2,95300.84451,96538.79348,333.8445061,2,777.5522389,460.396738,1534655.793,0,"{""601398.SH"": 9200.0, ""601939.SH"": 6900.0}",0.01618632926,-0.04709054484
2021-07-02,V20 LambdaRank change-only Top2,94548.40132,95938.79348,333.4013223,2,873.5438227,516.848338,1722827.793,0,"{""601288.SH"": 15500.0, ""601398.SH"": 9000.0}",-0.007895451376,-0.05461419511
2021-07-05,V20 LambdaRank change-only Top2,94253.40132,95643.79348,333.4013223,2,873.5438227,516.848338,1722827.793,0,"{""601288.SH"": 15500.0, ""601398.SH"": 9000.0}",-0.003120095061,-0.05756388869
2021-07-06,V20 LambdaRank change-only Top2,94589.70148,95980.09364,333.4013223,2,873.5438227,516.848338,1722827.793,0,"{""601288.SH"": 15500.0, ""601398.SH"": 9491.17175}",0.0035680427,-0.0542012364
2021-07-07,V20 LambdaRank change-only Top2,94184.78977,95575.18193,333.4013223,2,873.5438227,516.848338,1722827.793,0,"{""601288.SH"": 15500.0, ""601398.SH"": 9491.17175}",-0.004280716729,-0.05824993299
2021-07-08,V20 LambdaRank change-only Top2,93555.23118,94945.62334,333.4013223,2,873.5438227,516.848338,1722827.793,0,"{""601288.SH"": 15500.0, ""601398.SH"": 9491.17175}",-0.006684291477,-0.06454486494
2021-07-09,V20 LambdaRank change-only Top2,93330.58431,94720.97647,333.4013223,2,873.5438227,516.848338,1722827.793,1.455191523e-11,"{""601288.SH"": 15500.0, ""601398.SH"": 9491.17175}",-0.0024012219,-0.0667911003
2021-07-12,V20 LambdaRank change-only Top2,92416.29057,93806.68273,333.4013223,2,873.5438227,516.848338,1722827.793,1.455191523e-11,"{""601288.SH"": 15500.0, ""601398.SH"": 9491.17175}",-0.009796292895,-0.07593308801
2021-07-13,V20 LambdaRank change-only Top2,92226.46713,93616.85929,333.4013223,2,873.5438227,516.848338,1722827.793,0,"{""601288.SH"": 15500.0, ""601398.SH"": 9491.17175}",-0.002054004049,-0.07783112519
2021-07-14,V20 LambdaRank change-only Top2,91381.82026,92772.21242,333.4013223,2,873.5438227,516.848338,1722827.793,0,"{""601288.SH"": 15500.0, ""601398.SH"": 9491.17175}",-0.009158399928,-0.08627671655
2021-07-15,V20 LambdaRank change-only Top2,91916.46713,93306.85929,333.4013223,2,873.5438227,516.848338,1722827.793,0,"{""601288.SH"": 15500.0, ""601398.SH"": 9491.17175}",0.005850691838,-0.08093080319
2021-07-16,V20 LambdaRank change-only Top2,91666.55542,93056.94758,333.4013223,2,873.5438227,516.848338,1722827.793,0,"{""601288.SH"": 15500.0, ""601398.SH"": 9491.17175}",-0.002718900381,-0.08342966078
2021-07-19,V20 LambdaRank change-only Top2,91726.6437,93117.03586,333.4013223,2,873.5438227,516.848338,1722827.793,0,"{""601288.SH"": 15500.0, ""601398.SH"": 9491.17175}",0.000655509332,-0.08282884037
2021-07-20,V20 LambdaRank change-only Top2,91536.82026,92927.21242,333.4013223,2,873.5438227,516.848338,1722827.793,0,"{""601288.SH"": 15500.0, ""601398.SH"": 9491.17175}",-0.00206944708,-0.08472687755
2021-07-21,V20 LambdaRank change-only Top2,91191.99683,92582.38899,333.4013223,2,873.5438227,516.848338,1722827.793,1.455191523e-11,"{""601288.SH"": 15500.0, ""601398.SH"": 9491.17175}",-0.003767046244,-0.08817475372
2021-07-22,V20 LambdaRank change-only Top2,91536.82026,92927.21242,333.4013223,2,873.5438227,516.848338,1722827.793,0,"{""601288.SH"": 15500.0, ""601398.SH"": 9491.17175}",0.003781290541,-0.08472687755
2021-07-23,V20 LambdaRank change-only Top2,91286.90855,92677.30071,333.4013223,2,873.5438227,516.848338,1722827.793,0,"{""601288.SH"": 15500.0, ""601398.SH"": 9491.17175}",-0.002730176958,-0.08722573514
2021-07-26,V20 LambdaRank change-only Top2,90847.17339,92237.56555,333.4013223,2,873.5438227,516.848338,1722827.793,0,"{""601288.SH"": 15500.0, ""601398.SH"": 9491.17175}",-0.004817066976,-0.0916226299
2021-07-27,V20 LambdaRank change-only Top2,90062.61481,91453.00697,333.4013223,2,873.5438227,516.848338,1722827.793,0,"{""601288.SH"": 15500.0, ""601398.SH"": 9491.17175}",-0.008636026397,-0.09946740085
2021-07-28,V20 LambdaRank change-only Top2,90692.17339,92082.56555,333.4013223,2,873.5438227,516.848338,1722827.793,0,"{""601288.SH"": 15500.0, ""601398.SH"": 9491.17175}",0.006990232172,-0.0931724689
2021-07-29,V20 LambdaRank change-only Top2,89907.61481,91298.00697,333.4013223,2,873.5438227,516.848338,1722827.793,0,"{""601288.SH"": 15500.0, ""601398.SH"": 9491.17175}",-0.00865078604,-0.1010172398
2021-07-30,V20 LambdaRank change-only Top2,89312.87965,90703.27181,333.4013223,2,873.5438227,516.848338,1722827.793,0,"{""601288.SH"": 15500.0, ""601398.SH"": 9491.17175}",-0.00661495863,-0.1069639736
2021-08-02,V20 LambdaRank change-only Top2,89562.79137,90953.18353,333.4013223,2,873.5438227,516.848338,1722827.793,1.455191523e-11,"{""601288.SH"": 15500.0, ""601398.SH"": 9491.17175}",0.00279815989,-0.104465116
2021-08-03,V20 LambdaRank change-only Top2,88829.62698,90298.3601,246.0603627,2,924.6330823,544.100038,1813666.793,0,"{""601398.SH"": 9691.17175, ""601939.SH"": 7700.0}",-0.008186037788,-0.1117959984
2021-08-04,V20 LambdaRank change-only Top2,88307.89182,89776.62494,246.0603627,2,924.6330823,544.100038,1813666.793,0,"{""601398.SH"": 9691.17175, ""601939.SH"": 7700.0}",-0.005873436265,-0.117012808
2021-08-05,V20 LambdaRank change-only Top2,88133.98011,89602.71323,246.0603627,2,924.6330823,544.100038,1813666.793,0,"{""601398.SH"": 9691.17175, ""601939.SH"": 7700.0}",-0.001969379111,-0.1187517446
2021-08-06,V20 LambdaRank change-only Top2,87883.06839,89351.80151,246.0603627,2,924.6330823,544.100038,1813666.793,0,"{""601398.SH"": 9691.17175, ""601939.SH"": 7700.0}",-0.002846935055,-0.1212606011
2021-08-09,V20 LambdaRank change-only Top2,88538.89182,90007.62494,246.0603627,2,924.6330823,544.100038,1813666.793,0,"{""601398.SH"": 9691.17175, ""601939.SH"": 7700.0}",0.007462454908,-0.114703048
2021-08-10,V20 LambdaRank change-only Top2,89328.80354,90797.53666,246.0603627,2,924.6330823,544.100038,1813666.793,0,"{""601398.SH"": 9691.17175, ""601939.SH"": 7700.0}",0.008921635467,-0.1068047513
2021-08-11,V20 LambdaRank change-only Top2,91433.009,92901.74212,246.0603627,2,924.6330823,544.100038,1813666.793,0,"{""601398.SH"": 9691.17175, ""601939.SH"": 7700.0}",0.02355573313,-0.08576488236
2021-08-12,V20 LambdaRank change-only Top2,90777.18556,92245.91868,246.0603627,2,924.6330823,544.100038,1813666.793,0,"{""601398.SH"": 9691.17175, ""601939.SH"": 7700.0}",-0.007172720686,-0.0923224355
2021-08-13,V20 LambdaRank change-only Top2,90429.36213,91898.09525,246.0603627,2,924.6330823,544.100038,1813666.793,0,"{""601398.SH"": 9691.17175, ""601939.SH"": 7700.0}",-0.003831617304,-0.09580030856
2021-08-16,V20 LambdaRank change-only Top2,90449.27385,91918.00697,246.0603627,2,924.6330823,544.100038,1813666.793,0,"{""601398.SH"": 9691.17175, ""601939.SH"": 7700.0}",0.0002201908432,-0.09560121207
2021-08-17,V20 LambdaRank change-only Top2,90526.27385,91995.00697,246.0603627,2,924.6330823,544.100038,1813666.793,0,"{""601398.SH"": 9691.17175, ""601939.SH"": 7700.0}",0.0008513058947,-0.09483129205
2021-08-18,V20 LambdaRank change-only Top2,91626.83243,93095.56555,246.0603627,2,924.6330823,544.100038,1813666.793,0,"{""601398.SH"": 9691.17175, ""601939.SH"": 7700.0}",0.01215733887,-0.08382684934
2021-08-19,V20 LambdaRank change-only Top2,90874.09728,92342.8304,246.0603627,2,924.6330823,544.100038,1813666.793,0,"{""601398.SH"": 9691.17175, ""601939.SH"": 7700.0}",-0.008215226179,-0.09135341899
2021-08-20,V20 LambdaRank change-only Top2,91067.92072,92536.65384,246.0603627,2,924.6330823,544.100038,1813666.793,0,"{""601398.SH"": 9691.17175, ""601939.SH"": 7700.0}",0.002132878794,-0.08941538597
2021-08-23,V20 LambdaRank change-only Top2,90700.18556,92168.91868,246.0603627,2,924.6330823,544.100038,1813666.793,0,"{""601398.SH"": 9691.17175, ""601939.SH"": 7700.0}",-0.00403803172,-0.09309235552
2021-08-24,V20 LambdaRank change-only Top2,90777.18556,92245.91868,246.0603627,2,924.6330823,544.100038,1813666.793,0,"{""601398.SH"": 9691.17175, ""601939.SH"": 7700.0}",0.0008489508541,-0.0923224355
2021-08-25,V20 LambdaRank change-only Top2,90469.18556,91937.91868,246.0603627,2,924.6330823,544.100038,1813666.793,0,"{""601398.SH"": 9691.17175, ""601939.SH"": 7700.0}",-0.003392922991,-0.09540211558
2021-08-26,V20 LambdaRank change-only Top2,90218.27385,91687.00697,246.0603627,2,924.6330823,544.100038,1813666.793,0,"{""601398.SH"": 9691.17175, ""601939.SH"": 7700.0}",-0.0027734495,-0.09791097213
2021-08-27,V20 LambdaRank change-only Top2,90258.09728,91726.8304,246.0603627,2,924.6330823,544.100038,1813666.793,0,"{""601398.SH"": 9691.17175, ""601939.SH"": 7700.0}",0.0004414120698,-0.09751277915
2021-08-30,V20 LambdaRank change-only Top2,89060.62698,90529.3601,246.0603627,2,924.6330823,544.100038,1813666.793,0,"{""601398.SH"": 9691.17175, ""601939.SH"": 7700.0}",-0.01326717869,-0.1094862384
2021-08-31,V20 LambdaRank change-only Top2,90064.27385,91533.00697,246.0603627,2,924.6330823,544.100038,1813666.793,0,"{""601398.SH"": 9691.17175, ""601939.SH"": 7700.0}",0.01126925448,-0.09945081217
2021-09-01,V20 LambdaRank change-only Top2,91415.74415,92884.47727,246.0603627,2,924.6330823,544.100038,1813666.793,0,"{""601398.SH"": 9691.17175, ""601939.SH"": 7700.0}",0.0150056204,-0.0859375129
2021-09-02,V20 LambdaRank change-only Top2,91191.21773,92807.47727,152.2177341,2,1017.519994,598.7395432,1995798.477,0,"{""601288.SH"": 15300.0, ""601988.SH"": 14900.0}",-0.00245610227,-0.08818254385
2021-09-03,V20 LambdaRank change-only Top2,91799.21773,93415.47727,152.2177341,2,1017.519994,598.7395432,1995798.477,0,"{""601288.SH"": 15300.0, ""601988.SH"": 14900.0}",0.006667308707,-0.08210317539
2021-09-06,V20 LambdaRank change-only Top2,91799.21773,93415.47727,152.2177341,2,1017.519994,598.7395432,1995798.477,0,"{""601288.SH"": 15300.0, ""601988.SH"": 14900.0}",0,-0.08210317539
2021-09-07,V20 LambdaRank change-only Top2,92399.21773,94015.47727,152.2177341,2,1017.519994,598.7395432,1995798.477,0,"{""601288.SH"": 15300.0, ""601988.SH"": 14900.0}",0.006536003408,-0.07610379861
2021-09-08,V20 LambdaRank change-only Top2,92854.21773,94470.47727,152.2177341,2,1017.519994,598.7395432,1995798.477,0,"{""601288.SH"": 15300.0, ""601988.SH"": 14900.0}",0.004924284114,-0.07155427123
2021-09-09,V20 LambdaRank change-only Top2,92705.21773,94321.47727,152.2177341,2,1017.519994,598.7395432,1995798.477,0,"{""601288.SH"": 15300.0, ""601988.SH"": 14900.0}",-0.001604665934,-0.07304411646
2021-09-10,V20 LambdaRank change-only Top2,92854.21773,94470.47727,152.2177341,2,1017.519994,598.7395432,1995798.477,0,"{""601288.SH"": 15300.0, ""601988.SH"": 14900.0}",0.001607245025,-0.07155427123
2021-09-13,V20 LambdaRank change-only Top2,92701.21773,94317.47727,152.2177341,2,1017.519994,598.7395432,1995798.477,0,"{""601288.SH"": 15300.0, ""601988.SH"": 14900.0}",-0.001647744214,-0.07308411231
2021-09-14,V20 LambdaRank change-only Top2,91493.21773,93109.47727,152.2177341,2,1017.519994,598.7395432,1995798.477,0,"{""601288.SH"": 15300.0, ""601988.SH"": 14900.0}",-0.01303111253,-0.08516285754
2021-09-15,V20 LambdaRank change-only Top2,91340.21773,92956.47727,152.2177341,2,1017.519994,598.7395432,1995798.477,0,"{""601288.SH"": 15300.0, ""601988.SH"": 14900.0}",-0.0016722551,-0.08669269862
2021-09-16,V20 LambdaRank change-only Top2,91038.21773,92654.47727,152.2177341,2,1017.519994,598.7395432,1995798.477,0,"{""601288.SH"": 15300.0, ""601988.SH"": 14900.0}",-0.003306320124,-0.08971238493
2021-09-17,V20 LambdaRank change-only Top2,91489.21773,93105.47727,152.2177341,2,1017.519994,598.7395432,1995798.477,0,"{""601288.SH"": 15300.0, ""601988.SH"": 14900.0}",0.004953963415,-0.08520285339
2021-09-22,V20 LambdaRank change-only Top2,90732.21773,92348.47727,152.2177341,2,1017.519994,598.7395432,1995798.477,0,"{""601288.SH"": 15300.0, ""601988.SH"": 14900.0}",-0.008274199067,-0.09277206709
2021-09-23,V20 LambdaRank change-only Top2,91183.21773,92799.47727,152.2177341,2,1017.519994,598.7395432,1995798.477,0,"{""601288.SH"": 15300.0, ""601988.SH"": 14900.0}",0.004970670962,-0.08826253554
2021-09-24,V20 LambdaRank change-only Top2,90579.21773,92195.47727,152.2177341,2,1017.519994,598.7395432,1995798.477,0,"{""601288.SH"": 15300.0, ""601988.SH"": 14900.0}",-0.006624025945,-0.09430190816
2021-09-27,V20 LambdaRank change-only Top2,90426.21773,92042.47727,152.2177341,2,1017.519994,598.7395432,1995798.477,0,"{""601288.SH"": 15300.0, ""601988.SH"": 14900.0}",-0.001689129182,-0.09583174924
2021-09-28,V20 LambdaRank change-only Top2,90881.21773,92497.47727,152.2177341,2,1017.519994,598.7395432,1995798.477,0,"{""601288.SH"": 15300.0, ""601988.SH"": 14900.0}",0.005031726543,-0.09128222185
2021-09-29,V20 LambdaRank change-only Top2,91034.21773,92650.47727,152.2177341,2,1017.519994,598.7395432,1995798.477,0,"{""601288.SH"": 15300.0, ""601988.SH"": 14900.0}",0.001683516174,-0.08975238078
2021-09-30,V20 LambdaRank change-only Top2,90579.21773,92195.47727,152.2177341,2,1017.519994,598.7395432,1995798.477,0,"{""601288.SH"": 15300.0, ""601988.SH"": 14900.0}",-0.004998120611,-0.09430190816
2021-10-08,V20 LambdaRank change-only Top2,91183.21773,92799.47727,152.2177341,2,1017.519994,598.7395432,1995798.477,0,"{""601288.SH"": 15300.0, ""601988.SH"": 14900.0}",0.00666819625,-0.08826253554
2021-10-11,V20 LambdaRank change-only Top2,91901.83794,93665.47727,572.8379354,2,1110.362193,653.2771432,2177590.477,0,"{""601398.SH"": 9600.0, ""601939.SH"": 7500.0}",0.007881057712,-0.08107707997
2021-10-12,V20 LambdaRank change-only Top2,91847.83794,93611.47727,572.8379354,2,1110.362193,653.2771432,2177590.477,0,"{""601398.SH"": 9600.0, ""601939.SH"": 7500.0}",-0.0005875834609,-0.08161702388
2021-10-13,V20 LambdaRank change-only Top2,91259.83794,93023.47727,572.8379354,2,1110.362193,653.2771432,2177590.477,0,"{""601398.SH"": 9600.0, ""601939.SH"": 7500.0}",-0.006401892665,-0.08749641312
2021-10-14,V20 LambdaRank change-only Top2,91088.83794,92852.47727,572.8379354,2,1110.362193,653.2771432,2177590.477,0,"{""601398.SH"": 9600.0, ""601939.SH"": 7500.0}",-0.001873770586,-0.0892062355
2021-10-15,V20 LambdaRank change-only Top2,91472.83794,93236.47727,572.8379354,2,1110.362193,653.2771432,2177590.477,0,"{""601398.SH"": 9600.0, ""601939.SH"": 7500.0}",0.004215664715,-0.08536663436
2021-10-18,V20 LambdaRank change-only Top2,90980.83794,92744.47727,572.8379354,2,1110.362193,653.2771432,2177590.477,0,"{""601398.SH"": 9600.0, ""601939.SH"": 7500.0}",-0.005378645848,-0.09028612332
2021-10-19,V20 LambdaRank change-only Top2,91184.83794,92948.47727,572.8379354,2,1110.362193,653.2771432,2177590.477,0,"{""601398.SH"": 9600.0, ""601939.SH"": 7500.0}",0.002242230393,-0.08824633521
2021-10-20,V20 LambdaRank change-only Top2,90767.83794,92531.47727,572.8379354,2,1110.362193,653.2771432,2177590.477,0,"{""601398.SH"": 9600.0, ""601939.SH"": 7500.0}",-0.004573128707,-0.09241590207
2021-10-21,V20 LambdaRank change-only Top2,91676.83794,93440.47727,572.8379354,2,1110.362193,653.2771432,2177590.477,0,"{""601398.SH"": 9600.0, ""601939.SH"": 7500.0}",0.01001456045,-0.08332684626
2021-10-22,V20 LambdaRank change-only Top2,91505.83794,93269.47727,572.8379354,2,1110.362193,653.2771432,2177590.477,0,"{""601398.SH"": 9600.0, ""601939.SH"": 7500.0}",-0.001865247579,-0.08503666864
2021-10-25,V20 LambdaRank change-only Top2,91259.83794,93023.47727,572.8379354,2,1110.362193,653.2771432,2177590.477,0,"{""601398.SH"": 9600.0, ""601939.SH"": 7500.0}",-0.002688353066,-0.08749641312
2021-10-26,V20 LambdaRank change-only Top2,90917.83794,92681.47727,572.8379354,2,1110.362193,653.2771432,2177590.477,0,"{""601398.SH"": 9600.0, ""601939.SH"": 7500.0}",-0.003747541172,-0.09091605788
2021-10-27,V20 LambdaRank change-only Top2,90767.83794,92531.47727,572.8379354,2,1110.362193,653.2771432,2177590.477,0,"{""601398.SH"": 9600.0, ""601939.SH"": 7500.0}",-0.001649841257,-0.09241590207
2021-10-28,V20 LambdaRank change-only Top2,90179.83794,91943.47727,572.8379354,2,1110.362193,653.2771432,2177590.477,0,"{""601398.SH"": 9600.0, ""601939.SH"": 7500.0}",-0.006478065506,-0.09829529131
2021-10-29,V20 LambdaRank change-only Top2,89879.83794,91643.47727,572.8379354,2,1110.362193,653.2771432,2177590.477,0,"{""601398.SH"": 9600.0, ""601939.SH"": 7500.0}",-0.003326685952,-0.1012949797
2021-11-01,V20 LambdaRank change-only Top2,90905.83794,92669.47727,572.8379354,2,1110.362193,653.2771432,2177590.477,0,"{""601398.SH"": 9600.0, ""601939.SH"": 7500.0}",0.01141524088,-0.09103604541
2021-11-02,V20 LambdaRank change-only Top2,89784.54446,91694.47727,267.5444617,2,1202.453166,707.4796432,2358265.477,0,"{""601288.SH"": 15300.0, ""601988.SH"": 14700.0}",-0.01233466958,-0.1022478155
2021-11-03,V20 LambdaRank change-only Top2,89784.54446,91694.47727,267.5444617,2,1202.453166,707.4796432,2358265.477,0,"{""601288.SH"": 15300.0, ""601988.SH"": 14700.0}",0,-0.1022478155
2021-11-04,V20 LambdaRank change-only Top2,89631.54446,91541.47727,267.5444617,2,1202.453166,707.4796432,2358265.477,0,"{""601288.SH"": 15300.0, ""601988.SH"": 14700.0}",-0.001704079482,-0.1037776565
2021-11-05,V20 LambdaRank change-only Top2,89631.54446,91541.47727,267.5444617,2,1202.453166,707.4796432,2358265.477,0,"{""601288.SH"": 15300.0, ""601988.SH"": 14700.0}",0,-0.1037776565
2021-11-08,V20 LambdaRank change-only Top2,89484.54446,91394.47727,267.5444617,2,1202.453166,707.4796432,2358265.477,0,"{""601288.SH"": 15300.0, ""601988.SH"": 14700.0}",-0.001640047607,-0.1052475038
2021-11-09,V20 LambdaRank change-only Top2,89631.54446,91541.47727,267.5444617,2,1202.453166,707.4796432,2358265.477,0,"{""601288.SH"": 15300.0, ""601988.SH"": 14700.0}",0.001642741782,-0.1037776565
2021-11-10,V20 LambdaRank change-only Top2,89478.54446,91388.47727,267.5444617,2,1202.453166,707.4796432,2358265.477,0,"{""601288.SH"": 15300.0, ""601988.SH"": 14700.0}",-0.001706988326,-0.1053074976
2021-11-11,V20 LambdaRank change-only Top2,90378.54446,92288.47727,267.5444617,2,1202.453166,707.4796432,2358265.477,0,"{""601288.SH"": 15300.0, ""601988.SH"": 14700.0}",0.01005827716,-0.09630843245
2021-11-12,V20 LambdaRank change-only Top2,90078.54446,91988.47727,267.5444617,2,1202.453166,707.4796432,2358265.477,0,"{""601288.SH"": 15300.0, ""601988.SH"": 14700.0}",-0.003319371891,-0.09930812083
2021-11-15,V20 LambdaRank change-only Top2,90078.54446,91988.47727,267.5444617,2,1202.453166,707.4796432,2358265.477,0,"{""601288.SH"": 15300.0, ""601988.SH"": 14700.0}",0,-0.09930812083
2021-11-16,V20 LambdaRank change-only Top2,90078.54446,91988.47727,267.5444617,2,1202.453166,707.4796432,2358265.477,0,"{""601288.SH"": 15300.0, ""601988.SH"": 14700.0}",0,-0.09930812083
2021-11-17,V20 LambdaRank change-only Top2,90225.54446,92135.47727,267.5444617,2,1202.453166,707.4796432,2358265.477,0,"{""601288.SH"": 15300.0, ""601988.SH"": 14700.0}",0.00163190914,-0.09783827352
2021-11-18,V20 LambdaRank change-only Top2,90078.54446,91988.47727,267.5444617,2,1202.453166,707.4796432,2358265.477,0,"{""601288.SH"": 15300.0, ""601988.SH"": 14700.0}",-0.001629250351,-0.09930812083
2021-11-19,V20 LambdaRank change-only Top2,90384.54446,92294.47727,267.5444617,2,1202.453166,707.4796432,2358265.477,0,"{""601288.SH"": 15300.0, ""601988.SH"": 14700.0}",0.003397035352,-0.09624843868
2021-11-22,V20 LambdaRank change-only Top2,90231.54446,92141.47727,267.5444617,2,1202.453166,707.4796432,2358265.477,0,"{""601288.SH"": 15300.0, ""601988.SH"": 14700.0}",-0.001692767286,-0.09777827976
2021-11-23,V20 LambdaRank change-only Top2,90378.54446,92288.47727,267.5444617,2,1202.453166,707.4796432,2358265.477,0,"{""601288.SH"": 15300.0, ""601988.SH"": 14700.0}",0.001629142013,-0.09630843245
2021-11-24,V20 LambdaRank change-only Top2,90525.54446,92435.47727,267.5444617,2,1202.453166,707.4796432,2358265.477,0,"{""601288.SH"": 15300.0, ""601988.SH"": 14700.0}",0.001626492226,-0.09483858514
2021-11-25,V20 LambdaRank change-only Top2,90219.54446,92129.47727,267.5444617,2,1202.453166,707.4796432,2358265.477,0,"{""601288.SH"": 15300.0, ""601988.SH"": 14700.0}",-0.00338026136,-0.09789826729
2021-11-26,V20 LambdaRank change-only Top2,90072.54446,91982.47727,267.5444617,2,1202.453166,707.4796432,2358265.477,0,"{""601288.SH"": 15300.0, ""601988.SH"": 14700.0}",-0.001629358704,-0.0993681146
2021-11-29,V20 LambdaRank change-only Top2,89925.54446,91835.47727,267.5444617,2,1202.453166,707.4796432,2358265.477,0,"{""601288.SH"": 15300.0, ""601988.SH"": 14700.0}",-0.001632017846,-0.1008379619
2021-11-30,V20 LambdaRank change-only Top2,89625.54446,91535.47727,267.5444617,2,1202.453166,707.4796432,2358265.477,0,"{""601288.SH"": 15300.0, ""601988.SH"": 14700.0}",-0.003336093229,-0.1038376503
2021-12-01,V20 LambdaRank change-only Top2,90078.54446,91988.47727,267.5444617,2,1202.453166,707.4796432,2358265.477,0,"{""601288.SH"": 15300.0, ""601988.SH"": 14700.0}",0.005054362601,-0.09930812083
2021-12-02,V20 LambdaRank change-only Top2,89931.54446,91841.47727,267.5444617,2,1202.453166,707.4796432,2358265.477,0,"{""601288.SH"": 15300.0, ""601988.SH"": 14700.0}",-0.00163190914,-0.1007779681
2021-12-03,V20 LambdaRank change-only Top2,90078.54446,91988.47727,267.5444617,2,1202.453166,707.4796432,2358265.477,0,"{""601288.SH"": 15300.0, ""601988.SH"": 14700.0}",0.00163457662,-0.09930812083
2021-12-06,V20 LambdaRank change-only Top2,90078.54446,91988.47727,267.5444617,2,1202.453166,707.4796432,2358265.477,0,"{""601288.SH"": 15300.0, ""601988.SH"": 14700.0}",0,-0.09930812083
2021-12-07,V20 LambdaRank change-only Top2,90378.54446,92288.47727,267.5444617,2,1202.453166,707.4796432,2358265.477,0,"{""601288.SH"": 15300.0, ""601988.SH"": 14700.0}",0.003330426816,-0.09630843245
2021-12-08,V20 LambdaRank change-only Top2,90078.54446,91988.47727,267.5444617,2,1202.453166,707.4796432,2358265.477,0,"{""601288.SH"": 15300.0, ""601988.SH"": 14700.0}",-0.003319371891,-0.09930812083
2021-12-09,V20 LambdaRank change-only Top2,90531.54446,92441.47727,267.5444617,2,1202.453166,707.4796432,2358265.477,0,"{""601288.SH"": 15300.0, ""601988.SH"": 14700.0}",0.005028944492,-0.09477859137
2021-12-10,V20 LambdaRank change-only Top2,90378.54446,92288.47727,267.5444617,2,1202.453166,707.4796432,2358265.477,0,"{""601288.SH"": 15300.0, ""601988.SH"": 14700.0}",-0.001690018666,-0.09630843245
2021-12-13,V20 LambdaRank change-only Top2,90078.54446,91988.47727,267.5444617,2,1202.453166,707.4796432,2358265.477,0,"{""601288.SH"": 15300.0, ""601988.SH"": 14700.0}",-0.003319371891,-0.09930812083
2021-12-14,V20 LambdaRank change-only Top2,89931.54446,91841.47727,267.5444617,2,1202.453166,707.4796432,2358265.477,0,"{""601288.SH"": 15300.0, ""601988.SH"": 14700.0}",-0.00163190914,-0.1007779681
2021-12-15,V20 LambdaRank change-only Top2,89931.54446,91841.47727,267.5444617,2,1202.453166,707.4796432,2358265.477,0,"{""601288.SH"": 15300.0, ""601988.SH"": 14700.0}",0,-0.1007779681
2021-12-16,V20 LambdaRank change-only Top2,90084.54446,91994.47727,267.5444617,2,1202.453166,707.4796432,2358265.477,0,"{""601288.SH"": 15300.0, ""601988.SH"": 14700.0}",0.001701294033,-0.09924812707
2021-12-17,V20 LambdaRank change-only Top2,90078.54446,91988.47727,267.5444617,2,1202.453166,707.4796432,2358265.477,0,"{""601288.SH"": 15300.0, ""601988.SH"": 14700.0}",-6.660409991e-05,-0.09930812083
2021-12-20,V20 LambdaRank change-only Top2,90084.54446,91994.47727,267.5444617,2,1202.453166,707.4796432,2358265.477,0,"{""601288.SH"": 15300.0, ""601988.SH"": 14700.0}",6.660853632e-05,-0.09924812707
2021-12-21,V20 LambdaRank change-only Top2,90231.54446,92141.47727,267.5444617,2,1202.453166,707.4796432,2358265.477,0,"{""601288.SH"": 15300.0, ""601988.SH"": 14700.0}",0.001631800448,-0.09777827976
2021-12-22,V20 LambdaRank change-only Top2,90231.54446,92141.47727,267.5444617,2,1202.453166,707.4796432,2358265.477,0,"{""601288.SH"": 15300.0, ""601988.SH"": 14700.0}",0,-0.09777827976
2021-12-23,V20 LambdaRank change-only Top2,90231.54446,92141.47727,267.5444617,2,1202.453166,707.4796432,2358265.477,0,"{""601288.SH"": 15300.0, ""601988.SH"": 14700.0}",0,-0.09777827976
2021-12-24,V20 LambdaRank change-only Top2,90084.54446,91994.47727,267.5444617,2,1202.453166,707.4796432,2358265.477,0,"{""601288.SH"": 15300.0, ""601988.SH"": 14700.0}",-0.001629142013,-0.09924812707
2021-12-27,V20 LambdaRank change-only Top2,90231.54446,92141.47727,267.5444617,2,1202.453166,707.4796432,2358265.477,0,"{""601288.SH"": 15300.0, ""601988.SH"": 14700.0}",0.001631800448,-0.09777827976
2021-12-28,V20 LambdaRank change-only Top2,90531.54446,92441.47727,267.5444617,2,1202.453166,707.4796432,2358265.477,0,"{""601288.SH"": 15300.0, ""601988.SH"": 14700.0}",0.003324779619,-0.09477859137
2021-12-29,V20 LambdaRank change-only Top2,90084.54446,91994.47727,267.5444617,2,1202.453166,707.4796432,2358265.477,0,"{""601288.SH"": 15300.0, ""601988.SH"": 14700.0}",-0.004937505514,-0.09924812707
2021-12-30,V20 LambdaRank change-only Top2,90084.54446,91994.47727,267.5444617,2,1202.453166,707.4796432,2358265.477,0,"{""601288.SH"": 15300.0, ""601988.SH"": 14700.0}",0,-0.09924812707
2021-12-31,V20 LambdaRank change-only Top2,90084.54446,91994.47727,267.5444617,2,1202.453166,707.4796432,2358265.477,0,"{""601288.SH"": 15300.0, ""601988.SH"": 14700.0}",0,-0.09924812707
2022-01-04,V20 LambdaRank change-only Top2,90378.54446,92288.47727,267.5444617,2,1202.453166,707.4796432,2358265.477,0,"{""601288.SH"": 15300.0, ""601988.SH"": 14700.0}",0.003263600896,-0.09630843245
2022-01-05,V20 LambdaRank change-only Top2,91676.56155,93659.47727,407.5615476,2,1248.42258,734.4931432,2448310.477,0,"{""601288.SH"": 15300.0, ""601939.SH"": 7600.0}",0.01436200476,-0.08332960985
2022-01-06,V20 LambdaRank change-only Top2,91675.56155,93658.47727,407.5615476,2,1248.42258,734.4931432,2448310.477,0,"{""601288.SH"": 15300.0, ""601939.SH"": 7600.0}",-1.090791346e-05,-0.08333960881
2022-01-07,V20 LambdaRank change-only Top2,92818.56155,94801.47727,407.5615476,2,1248.42258,734.4931432,2448310.477,0,"{""601288.SH"": 15300.0, ""601939.SH"": 7600.0}",0.01246788109,-0.07191079606
2022-01-10,V20 LambdaRank change-only Top2,92666.56155,94649.47727,407.5615476,2,1248.42258,734.4931432,2448310.477,0,"{""601288.SH"": 15300.0, ""601939.SH"": 7600.0}",-0.001637603486,-0.07343063817
2022-01-11,V20 LambdaRank change-only Top2,92971.56155,94954.47727,407.5615476,2,1248.42258,734.4931432,2448310.477,0,"{""601288.SH"": 15300.0, ""601939.SH"": 7600.0}",0.00329137064,-0.07038095498
2022-01-12,V20 LambdaRank change-only Top2,92209.56155,94192.47727,407.5615476,2,1248.42258,734.4931432,2448310.477,0,"{""601288.SH"": 15300.0, ""601939.SH"": 7600.0}",-0.008196054657,-0.07800016348
2022-01-13,V20 LambdaRank change-only Top2,92896.56155,94879.47727,407.5615476,2,1248.42258,734.4931432,2448310.477,0,"{""601288.SH"": 15300.0, ""601939.SH"": 7600.0}",0.007450420417,-0.07113087708
2022-01-14,V20 LambdaRank change-only Top2,91600.56155,93583.47727,407.5615476,2,1248.42258,734.4931432,2448310.477,0,"{""601288.SH"": 15300.0, ""601939.SH"": 7600.0}",-0.01395100075,-0.08408953091
2022-01-17,V20 LambdaRank change-only Top2,90990.56155,92973.47727,407.5615476,2,1248.42258,734.4931432,2448310.477,0,"{""601288.SH"": 15300.0, ""601939.SH"": 7600.0}",-0.006659347822,-0.09018889729
2022-01-18,V20 LambdaRank change-only Top2,92286.56155,94269.47727,407.5615476,2,1248.42258,734.4931432,2448310.477,0,"{""601288.SH"": 15300.0, ""601939.SH"": 7600.0}",0.01424323554,-0.07723024346
2022-01-19,V20 LambdaRank change-only Top2,91981.56155,93964.47727,407.5615476,2,1248.42258,734.4931432,2448310.477,0,"{""601288.SH"": 15300.0, ""601939.SH"": 7600.0}",-0.003304923218,-0.08027992666
2022-01-20,V20 LambdaRank change-only Top2,92895.56155,94878.47727,407.5615476,2,1248.42258,734.4931432,2448310.477,0,"{""601288.SH"": 15300.0, ""601939.SH"": 7600.0}",0.009936774117,-0.07114087604
2022-01-21,V20 LambdaRank change-only Top2,92439.56155,94422.47727,407.5615476,2,1248.42258,734.4931432,2448310.477,0,"{""601288.SH"": 15300.0, ""601939.SH"": 7600.0}",-0.004908738291,-0.07570040238
2022-01-24,V20 LambdaRank change-only Top2,92362.56155,94345.47727,407.5615476,2,1248.42258,734.4931432,2448310.477,0,"{""601288.SH"": 15300.0, ""601939.SH"": 7600.0}",-0.00083297669,-0.0764703224
2022-01-25,V20 LambdaRank change-only Top2,91142.56155,93125.47727,407.5615476,2,1248.42258,734.4931432,2448310.477,0,"{""601288.SH"": 15300.0, ""601939.SH"": 7600.0}",-0.01320881513,-0.08866905518
2022-01-26,V20 LambdaRank change-only Top2,91599.56155,93582.47727,407.5615476,2,1248.42258,734.4931432,2448310.477,0,"{""601288.SH"": 15300.0, ""601939.SH"": 7600.0}",0.005014122845,-0.08409952987
2022-01-27,V20 LambdaRank change-only Top2,91446.56155,93429.47727,407.5615476,2,1248.42258,734.4931432,2448310.477,0,"{""601288.SH"": 15300.0, ""601939.SH"": 7600.0}",-0.001670313672,-0.08562937095
2022-01-28,V20 LambdaRank change-only Top2,91219.56155,93202.47727,407.5615476,2,1248.42258,734.4931432,2448310.477,0,"{""601288.SH"": 15300.0, ""601939.SH"": 7600.0}",-0.002482324061,-0.08789913516
2022-02-07,V20 LambdaRank change-only Top2,92895.56155,94878.47727,407.5615476,2,1248.42258,734.4931432,2448310.477,0,"{""601288.SH"": 15300.0, ""601939.SH"": 7600.0}",0.01837325209,-0.07114087604
2022-02-08,V20 LambdaRank change-only Top2,94479.23373,96542.47727,439.2337271,2,1300.831201,762.4123432,2541374.477,0,"{""601288.SH"": 15400.0, ""601988.SH"": 14800.0}",0.01704787778,-0.05530579922
2022-02-09,V20 LambdaRank change-only Top2,94177.23373,96240.47727,439.2337271,2,1300.831201,762.4123432,2541374.477,0,"{""601288.SH"": 15400.0, ""601988.SH"": 14800.0}",-0.003196469617,-0.05832548553
2022-02-10,V20 LambdaRank change-only Top2,95083.23373,97146.47727,439.2337271,2,1300.831201,762.4123432,2541374.477,0,"{""601288.SH"": 15400.0, ""601988.SH"": 14800.0}",0.009620159397,-0.0492664266
2022-02-11,V20 LambdaRank change-only Top2,95083.23373,97146.47727,439.2337271,2,1300.831201,762.4123432,2541374.477,0,"{""601288.SH"": 15400.0, ""601988.SH"": 14800.0}",0,-0.0492664266
2022-02-14,V20 LambdaRank change-only Top2,94171.23373,96234.47727,439.2337271,2,1300.831201,762.4123432,2541374.477,0,"{""601288.SH"": 15400.0, ""601988.SH"": 14800.0}",-0.009591596376,-0.05838547929
2022-02-15,V20 LambdaRank change-only Top2,93567.23373,95630.47727,439.2337271,2,1300.831201,762.4123432,2541374.477,0,"{""601288.SH"": 15400.0, ""601988.SH"": 14800.0}",-0.006413848222,-0.06442485191
2022-02-16,V20 LambdaRank change-only Top2,94171.23373,96234.47727,439.2337271,2,1300.831201,762.4123432,2541374.477,0,"{""601288.SH"": 15400.0, ""601988.SH"": 14800.0}",0.006455251224,-0.05838547929
2022-02-17,V20 LambdaRank change-only Top2,94319.23373,96382.47727,439.2337271,2,1300.831201,762.4123432,2541374.477,0,"{""601288.SH"": 15400.0, ""601988.SH"": 14800.0}",0.001571605193,-0.05690563302
2022-02-18,V20 LambdaRank change-only Top2,94769.23373,96832.47727,439.2337271,2,1300.831201,762.4123432,2541374.477,0,"{""601288.SH"": 15400.0, ""601988.SH"": 14800.0}",0.004771031127,-0.05240610044
2022-02-21,V20 LambdaRank change-only Top2,94165.23373,96228.47727,439.2337271,2,1300.831201,762.4123432,2541374.477,0,"{""601288.SH"": 15400.0, ""601988.SH"": 14800.0}",-0.006373376424,-0.05844547306
2022-02-22,V20 LambdaRank change-only Top2,93709.23373,95772.47727,439.2337271,2,1300.831201,762.4123432,2541374.477,0,"{""601288.SH"": 15400.0, ""601988.SH"": 14800.0}",-0.004842551565,-0.06300499941
2022-02-23,V20 LambdaRank change-only Top2,93561.23373,95624.47727,439.2337271,2,1300.831201,762.4123432,2541374.477,0,"{""601288.SH"": 15400.0, ""601988.SH"": 14800.0}",-0.001579353433,-0.06448484568
2022-02-24,V20 LambdaRank change-only Top2,92205.23373,94268.47727,439.2337271,2,1300.831201,762.4123432,2541374.477,0,"{""601288.SH"": 15400.0, ""601988.SH"": 14800.0}",-0.01449318212,-0.07804343719
2022-02-25,V20 LambdaRank change-only Top2,92205.23373,94268.47727,439.2337271,2,1300.831201,762.4123432,2541374.477,0,"{""601288.SH"": 15400.0, ""601988.SH"": 14800.0}",0,-0.07804343719
2022-02-28,V20 LambdaRank change-only Top2,92211.23373,94274.47727,439.2337271,2,1300.831201,762.4123432,2541374.477,0,"{""601288.SH"": 15400.0, ""601988.SH"": 14800.0}",6.507222809e-05,-0.07798344342
2022-03-01,V20 LambdaRank change-only Top2,92815.23373,94878.47727,439.2337271,2,1300.831201,762.4123432,2541374.477,0,"{""601288.SH"": 15400.0, ""601988.SH"": 14800.0}",0.00655017806,-0.0719440708
2022-03-02,V20 LambdaRank change-only Top2,93031.54138,95169.47727,177.5413794,2,1347.839849,790.0960432,2633653.477,0,"{""601398.SH"": 9900.0, ""601988.SH"": 14800.0}",0.002330518856,-0.06978121896
2022-03-03,V20 LambdaRank change-only Top2,93723.54138,95861.47727,177.5413794,2,1347.839849,790.0960432,2633653.477,0,"{""601398.SH"": 9900.0, ""601988.SH"": 14800.0}",0.007438337469,-0.06286193775
2022-03-04,V20 LambdaRank change-only Top2,93525.54138,95663.47727,177.5413794,2,1347.839849,790.0960432,2633653.477,0,"{""601398.SH"": 9900.0, ""601988.SH"": 14800.0}",-0.002112596228,-0.06484173208
2022-03-07,V20 LambdaRank change-only Top2,92536.54138,94674.47727,177.5413794,2,1347.839849,790.0960432,2633653.477,0,"{""601398.SH"": 9900.0, ""601988.SH"": 14800.0}",-0.01057465143,-0.0747307048
2022-03-08,V20 LambdaRank change-only Top2,91795.54138,93933.47727,177.5413794,2,1347.839849,790.0960432,2633653.477,0,"{""601398.SH"": 9900.0, ""601988.SH"": 14800.0}",-0.008007647454,-0.08213993512
2022-03-09,V20 LambdaRank change-only Top2,90905.54138,93043.47727,177.5413794,2,1347.839849,790.0960432,2633653.477,0,"{""601398.SH"": 9900.0, ""601988.SH"": 14800.0}",-0.009695460004,-0.09103901067
2022-03-10,V20 LambdaRank change-only Top2,90905.54138,93043.47727,177.5413794,2,1347.839849,790.0960432,2633653.477,0,"{""601398.SH"": 9900.0, ""601988.SH"": 14800.0}",0,-0.09103901067
2022-03-11,V20 LambdaRank change-only Top2,91696.54138,93834.47727,177.5413794,2,1347.839849,790.0960432,2633653.477,0,"{""601398.SH"": 9900.0, ""601988.SH"": 14800.0}",0.008701339742,-0.08312983229
2022-03-14,V20 LambdaRank change-only Top2,91350.54138,93488.47727,177.5413794,2,1347.839849,790.0960432,2633653.477,0,"{""601398.SH"": 9900.0, ""601988.SH"": 14800.0}",-0.003773315708,-0.08658947289
2022-03-15,V20 LambdaRank change-only Top2,89967.54138,92105.47727,177.5413794,2,1347.839849,790.0960432,2633653.477,0,"{""601398.SH"": 9900.0, ""601988.SH"": 14800.0}",-0.01513948335,-0.1004180364
2022-03-16,V20 LambdaRank change-only Top2,90658.54138,92796.47727,177.5413794,2,1347.839849,790.0960432,2633653.477,0,"{""601398.SH"": 9900.0, ""601988.SH"": 14800.0}",0.007680547778,-0.0935087541
2022-03-17,V20 LambdaRank change-only Top2,90213.54138,92351.47727,177.5413794,2,1347.839849,790.0960432,2633653.477,0,"{""601398.SH"": 9900.0, ""601988.SH"": 14800.0}",-0.004908528124,-0.09795829188
2022-03-18,V20 LambdaRank change-only Top2,91102.54138,93240.47727,177.5413794,2,1347.839849,790.0960432,2633653.477,0,"{""601398.SH"": 9900.0, ""601988.SH"": 14800.0}",0.009854396429,-0.08906921529
2022-03-21,V20 LambdaRank change-only Top2,90855.54138,92993.47727,177.5413794,2,1347.839849,790.0960432,2633653.477,0,"{""601398.SH"": 9900.0, ""601988.SH"": 14800.0}",-0.002711230623,-0.09153895873
2022-03-22,V20 LambdaRank change-only Top2,92238.54138,94376.47727,177.5413794,2,1347.839849,790.0960432,2633653.477,0,"{""601398.SH"": 9900.0, ""601988.SH"": 14800.0}",0.01522196642,-0.07771039527
2022-03-23,V20 LambdaRank change-only Top2,91892.54138,94030.47727,177.5413794,2,1347.839849,790.0960432,2633653.477,0,"{""601398.SH"": 9900.0, ""601988.SH"": 14800.0}",-0.003751143446,-0.08117003587
2022-03-24,V20 LambdaRank change-only Top2,91991.54138,94129.47727,177.5413794,2,1347.839849,790.0960432,2633653.477,0,"{""601398.SH"": 9900.0, ""601988.SH"": 14800.0}",0.001077345327,-0.0801801387
2022-03-25,V20 LambdaRank change-only Top2,92683.54138,94821.47727,177.5413794,2,1347.839849,790.0960432,2633653.477,0,"{""601398.SH"": 9900.0, ""601988.SH"": 14800.0}",0.007522430754,-0.07326085749
2022-03-28,V20 LambdaRank change-only Top2,93524.54138,95662.47727,177.5413794,2,1347.839849,790.0960432,2633653.477,0,"{""601398.SH"": 9900.0, ""601988.SH"": 14800.0}",0.009073887202,-0.06485173105
2022-03-29,V20 LambdaRank change-only Top2,94117.54138,96255.47727,177.5413794,2,1347.839849,790.0960432,2633653.477,0,"{""601398.SH"": 9900.0, ""601988.SH"": 14800.0}",0.006340581747,-0.058922347
2022-03-30,V20 LambdaRank change-only Top2,94462.54138,96600.47727,177.5413794,2,1347.839849,790.0960432,2633653.477,0,"{""601398.SH"": 9900.0, ""601988.SH"": 14800.0}",0.003665629116,-0.05547270536
2022-03-31,V20 LambdaRank change-only Top2,95796.54138,97934.47727,177.5413794,2,1347.839849,790.0960432,2633653.477,0,"{""601398.SH"": 9900.0, ""601988.SH"": 14800.0}",0.0141219999,-0.04213409099
2022-04-01,V20 LambdaRank change-only Top2,96290.54138,98428.47727,177.5413794,2,1347.839849,790.0960432,2633653.477,0,"{""601398.SH"": 9900.0, ""601988.SH"": 14800.0}",0.005156762372,-0.03719460412
2022-04-06,V20 LambdaRank change-only Top2,96648.30101,98941.47727,108.301006,2,1445.586422,847.5898432,2825299.477,0,"{""601288.SH"": 15600.0, ""601988.SH"": 14600.0}",0.003715418166,-0.03361737946
2022-04-07,V20 LambdaRank change-only Top2,96200.30101,98493.47727,108.301006,2,1445.586422,847.5898432,2825299.477,0,"{""601288.SH"": 15600.0, ""601988.SH"": 14600.0}",-0.004635363429,-0.03809691412
2022-04-08,V20 LambdaRank change-only Top2,96502.30101,98795.47727,108.301006,2,1445.586422,847.5898432,2825299.477,0,"{""601288.SH"": 15600.0, ""601988.SH"": 14600.0}",0.003139283317,-0.03507722781
2022-04-11,V20 LambdaRank change-only Top2,95888.30101,98181.47727,108.301006,2,1445.586422,847.5898432,2825299.477,0,"{""601288.SH"": 15600.0, ""601988.SH"": 14600.0}",-0.006362542588,-0.04121659004
2022-04-12,V20 LambdaRank change-only Top2,96336.30101,98629.47727,108.301006,2,1445.586422,847.5898432,2825299.477,0,"{""601288.SH"": 15600.0, ""601988.SH"": 14600.0}",0.004672102804,-0.03673705538
2022-04-13,V20 LambdaRank change-only Top2,96034.30101,98327.47727,108.301006,2,1445.586422,847.5898432,2825299.477,0,"{""601288.SH"": 15600.0, ""601988.SH"": 14600.0}",-0.003134851524,-0.03975674169
2022-04-14,V20 LambdaRank change-only Top2,95888.30101,98181.47727,108.301006,2,1445.586422,847.5898432,2825299.477,0,"{""601288.SH"": 15600.0, ""601988.SH"": 14600.0}",-0.00152029013,-0.04121659004
2022-04-15,V20 LambdaRank change-only Top2,95888.30101,98181.47727,108.301006,2,1445.586422,847.5898432,2825299.477,0,"{""601288.SH"": 15600.0, ""601988.SH"": 14600.0}",0,-0.04121659004
2022-04-18,V20 LambdaRank change-only Top2,94690.30101,96983.47727,108.301006,2,1445.586422,847.5898432,2825299.477,0,"{""601288.SH"": 15600.0, ""601988.SH"": 14600.0}",-0.01249370348,-0.05319534567
2022-04-19,V20 LambdaRank change-only Top2,95440.30101,97733.47727,108.301006,2,1445.586422,847.5898432,2825299.477,0,"{""601288.SH"": 15600.0, ""601988.SH"": 14600.0}",0.007920557777,-0.0456961247
2022-04-20,V20 LambdaRank change-only Top2,95586.30101,97879.47727,108.301006,2,1445.586422,847.5898432,2825299.477,0,"{""601288.SH"": 15600.0, ""601988.SH"": 14600.0}",0.001529752091,-0.04423627635
2022-04-21,V20 LambdaRank change-only Top2,95742.30101,98035.47727,108.301006,2,1445.586422,847.5898432,2825299.477,0,"{""601288.SH"": 15600.0, ""601988.SH"": 14600.0}",0.001632033025,-0.04267643839
2022-04-22,V20 LambdaRank change-only Top2,96492.30101,98785.47727,108.301006,2,1445.586422,847.5898432,2825299.477,0,"{""601288.SH"": 15600.0, ""601988.SH"": 14600.0}",0.007833528045,-0.03517721742
2022-04-25,V20 LambdaRank change-only Top2,95586.30101,97879.47727,108.301006,2,1445.586422,847.5898432,2825299.477,0,"{""601288.SH"": 15600.0, ""601988.SH"": 14600.0}",-0.00938935014,-0.04423627635
2022-04-26,V20 LambdaRank change-only Top2,95888.30101,98181.47727,108.301006,2,1445.586422,847.5898432,2825299.477,0,"{""601288.SH"": 15600.0, ""601988.SH"": 14600.0}",0.003159448549,-0.04121659004
2022-04-27,V20 LambdaRank change-only Top2,94534.30101,96827.47727,108.301006,2,1445.586422,847.5898432,2825299.477,0,"{""601288.SH"": 15600.0, ""601988.SH"": 14600.0}",-0.01412059642,-0.05475518363
2022-04-28,V20 LambdaRank change-only Top2,95440.30101,97733.47727,108.301006,2,1445.586422,847.5898432,2825299.477,0,"{""601288.SH"": 15600.0, ""601988.SH"": 14600.0}",0.009583822913,-0.0456961247
2022-04-29,V20 LambdaRank change-only Top2,95002.30101,97295.47727,108.301006,2,1445.586422,847.5898432,2825299.477,0,"{""601288.SH"": 15600.0, ""601988.SH"": 14600.0}",-0.004589256272,-0.05007566974
2022-05-05,V20 LambdaRank change-only Top2,95314.30101,97607.47727,108.301006,2,1445.586422,847.5898432,2825299.477,0,"{""601288.SH"": 15600.0, ""601988.SH"": 14600.0}",0.003284130981,-0.04695599382
2022-05-06,V20 LambdaRank change-only Top2,94412.14787,96787.47727,641.1478718,2,1499.188856,876.1405432,2920468.477,0,"{""601939.SH"": 7800.0, ""601988.SH"": 14700.0}",-0.009465034361,-0.05597658809
2022-05-09,V20 LambdaRank change-only Top2,94178.14787,96553.47727,641.1478718,2,1499.188856,876.1405432,2920468.477,0,"{""601939.SH"": 7800.0, ""601988.SH"": 14700.0}",-0.002478494614,-0.05831634503
2022-05-10,V20 LambdaRank change-only Top2,94481.14787,96856.47727,641.1478718,2,1499.188856,876.1405432,2920468.477,0,"{""601939.SH"": 7800.0, ""601988.SH"": 14700.0}",0.003217306847,-0.05528665976
2022-05-11,V20 LambdaRank change-only Top2,94169.14787,96544.47727,641.1478718,2,1499.188856,876.1405432,2920468.477,0,"{""601939.SH"": 7800.0, ""601988.SH"": 14700.0}",-0.003302246078,-0.05840633568
2022-05-12,V20 LambdaRank change-only Top2,94169.14787,96544.47727,641.1478718,2,1499.188856,876.1405432,2920468.477,0,"{""601939.SH"": 7800.0, ""601988.SH"": 14700.0}",0,-0.05840633568
2022-05-13,V20 LambdaRank change-only Top2,94628.14787,97003.47727,641.1478718,2,1499.188856,876.1405432,2920468.477,0,"{""601939.SH"": 7800.0, ""601988.SH"": 14700.0}",0.004874207852,-0.05381681245
2022-05-16,V20 LambdaRank change-only Top2,94334.14787,96709.47727,641.1478718,2,1499.188856,876.1405432,2920468.477,0,"{""601939.SH"": 7800.0, ""601988.SH"": 14700.0}",-0.003106897964,-0.05675650707
2022-05-17,V20 LambdaRank change-only Top2,94169.14787,96544.47727,641.1478718,2,1499.188856,876.1405432,2920468.477,0,"{""601939.SH"": 7800.0, ""601988.SH"": 14700.0}",-0.001749101505,-0.05840633568
2022-05-18,V20 LambdaRank change-only Top2,94178.14787,96553.47727,641.1478718,2,1499.188856,876.1405432,2920468.477,0,"{""601939.SH"": 7800.0, ""601988.SH"": 14700.0}",9.557270299e-05,-0.05831634503
2022-05-19,V20 LambdaRank change-only Top2,93875.14787,96250.47727,641.1478718,2,1499.188856,876.1405432,2920468.477,0,"{""601939.SH"": 7800.0, ""601988.SH"": 14700.0}",-0.003217306847,-0.0613460303
2022-05-20,V20 LambdaRank change-only Top2,94178.14787,96553.47727,641.1478718,2,1499.188856,876.1405432,2920468.477,0,"{""601939.SH"": 7800.0, ""601988.SH"": 14700.0}",0.003227691321,-0.05831634503
2022-05-23,V20 LambdaRank change-only Top2,94247.14787,96622.47727,641.1478718,2,1499.188856,876.1405432,2920468.477,0,"{""601939.SH"": 7800.0, ""601988.SH"": 14700.0}",0.0007326540345,-0.0576264167
2022-05-24,V20 LambdaRank change-only Top2,94169.14787,96544.47727,641.1478718,2,1499.188856,876.1405432,2920468.477,0,"{""601939.SH"": 7800.0, ""601988.SH"": 14700.0}",-0.0008276112515,-0.05840633568
2022-05-25,V20 LambdaRank change-only Top2,94481.14787,96856.47727,641.1478718,2,1499.188856,876.1405432,2920468.477,0,"{""601939.SH"": 7800.0, ""601988.SH"": 14700.0}",0.003313187037,-0.05528665976
2022-05-26,V20 LambdaRank change-only Top2,94862.14787,97237.47727,641.1478718,2,1499.188856,876.1405432,2920468.477,0,"{""601939.SH"": 7800.0, ""601988.SH"": 14700.0}",0.004032550499,-0.05147705551
2022-05-27,V20 LambdaRank change-only Top2,94931.14787,97306.47727,641.1478718,2,1499.188856,876.1405432,2920468.477,0,"{""601939.SH"": 7800.0, ""601988.SH"": 14700.0}",0.0007273712597,-0.05078712718
2022-05-30,V20 LambdaRank change-only Top2,94637.14787,97012.47727,641.1478718,2,1499.188856,876.1405432,2920468.477,0,"{""601939.SH"": 7800.0, ""601988.SH"": 14700.0}",-0.003096981408,-0.0537268218
2022-05-31,V20 LambdaRank change-only Top2,94178.14787,96553.47727,641.1478718,2,1499.188856,876.1405432,2920468.477,0,"{""601939.SH"": 7800.0, ""601988.SH"": 14700.0}",-0.0048501039,-0.05831634503
2022-06-01,V20 LambdaRank change-only Top2,94100.14787,96475.47727,641.1478718,2,1499.188856,876.1405432,2920468.477,0,"{""601939.SH"": 7800.0, ""601988.SH"": 14700.0}",-0.0008282176042,-0.05909626401
2022-06-02,V20 LambdaRank change-only Top2,93847.55612,96374.47727,128.5561225,2,1594.596905,932.3242432,3107747.477,0,"{""601288.SH"": 15600.0, ""601398.SH"": 10100.0}",-0.002684286423,-0.06162191913
2022-06-06,V20 LambdaRank change-only Top2,93232.55612,95759.47727,128.5561225,2,1594.596905,932.3242432,3107747.477,0,"{""601288.SH"": 15600.0, ""601398.SH"": 10100.0}",-0.006553180769,-0.06777128033
2022-06-07,V20 LambdaRank change-only Top2,93333.55612,95860.47727,128.5561225,2,1594.596905,932.3242432,3107747.477,0,"{""601288.SH"": 15600.0, ""601398.SH"": 10100.0}",0.00108331257,-0.06676138524
2022-06-08,V20 LambdaRank change-only Top2,93636.55612,96163.47727,128.5561225,2,1594.596905,932.3242432,3107747.477,0,"{""601288.SH"": 15600.0, ""601398.SH"": 10100.0}",0.003246420822,-0.06373169997
2022-06-09,V20 LambdaRank change-only Top2,93994.55612,96521.47727,128.5561225,2,1594.596905,932.3242432,3107747.477,0,"{""601288.SH"": 15600.0, ""601398.SH"": 10100.0}",0.003823293111,-0.06015207182
2022-06-10,V20 LambdaRank change-only Top2,94609.55612,97136.47727,128.5561225,2,1594.596905,932.3242432,3107747.477,0,"{""601288.SH"": 15600.0, ""601398.SH"": 10100.0}",0.006542932116,-0.05400271063
2022-06-13,V20 LambdaRank change-only Top2,94095.55612,96622.47727,128.5561225,2,1594.596905,932.3242432,3107747.477,0,"{""601288.SH"": 15600.0, ""601398.SH"": 10100.0}",-0.005432855,-0.05914217673
2022-06-14,V20 LambdaRank change-only Top2,94912.55612,97439.47727,128.5561225,2,1594.596905,932.3242432,3107747.477,0,"{""601288.SH"": 15600.0, ""601398.SH"": 10100.0}",0.008682662962,-0.05097302536
2022-06-15,V20 LambdaRank change-only Top2,95169.55612,97696.47727,128.5561225,2,1594.596905,932.3242432,3107747.477,0,"{""601288.SH"": 15600.0, ""601398.SH"": 10100.0}",0.002707755544,-0.04840329231
2022-06-16,V20 LambdaRank change-only Top2,94398.55612,96925.47727,128.5561225,2,1594.596905,932.3242432,3107747.477,0,"{""601288.SH"": 15600.0, ""601398.SH"": 10100.0}",-0.008101330209,-0.05611249146
2022-06-17,V20 LambdaRank change-only Top2,95059.55612,97586.47727,128.5561225,2,1594.596905,932.3242432,3107747.477,0,"{""601288.SH"": 15600.0, ""601398.SH"": 10100.0}",0.007002225745,-0.04950317805
2022-06-20,V20 LambdaRank change-only Top2,94398.55612,96925.47727,128.5561225,2,1594.596905,932.3242432,3107747.477,0,"{""601288.SH"": 15600.0, ""601398.SH"": 10100.0}",-0.00695353552,-0.05611249146
2022-06-21,V20 LambdaRank change-only Top2,95160.55612,97687.47727,128.5561225,2,1594.596905,932.3242432,3107747.477,0,"{""601288.SH"": 15600.0, ""601398.SH"": 10100.0}",0.008072157364,-0.04849328296
2022-06-22,V20 LambdaRank change-only Top2,95059.55612,97586.47727,128.5561225,2,1594.596905,932.3242432,3107747.477,0,"{""601288.SH"": 15600.0, ""601398.SH"": 10100.0}",-0.001061364121,-0.04950317805
2022-06-23,V20 LambdaRank change-only Top2,95417.55612,97944.47727,128.5561225,2,1594.596905,932.3242432,3107747.477,0,"{""601288.SH"": 15600.0, ""601398.SH"": 10100.0}",0.003766060085,-0.04592354991
2022-06-24,V20 LambdaRank change-only Top2,94958.55612,97485.47727,128.5561225,2,1594.596905,932.3242432,3107747.477,0,"{""601288.SH"": 15600.0, ""601398.SH"": 10100.0}",-0.004810435507,-0.05051307314
2022-06-27,V20 LambdaRank change-only Top2,94655.55612,97182.47727,128.5561225,2,1594.596905,932.3242432,3107747.477,0,"{""601288.SH"": 15600.0, ""601398.SH"": 10100.0}",-0.003190865704,-0.05354275841
2022-06-28,V20 LambdaRank change-only Top2,94857.55612,97384.47727,128.5561225,2,1594.596905,932.3242432,3107747.477,0,"{""601288.SH"": 15600.0, ""601398.SH"": 10100.0}",0.00213405328,-0.05152296823
2022-06-29,V20 LambdaRank change-only Top2,95417.55612,97944.47727,128.5561225,2,1594.596905,932.3242432,3107747.477,0,"{""601288.SH"": 15600.0, ""601398.SH"": 10100.0}",0.005903588738,-0.04592354991
2022-06-30,V20 LambdaRank change-only Top2,95417.55612,97944.47727,128.5561225,2,1594.596905,932.3242432,3107747.477,0,"{""601288.SH"": 15600.0, ""601398.SH"": 10100.0}",0,-0.04592354991
2022-07-01,V20 LambdaRank change-only Top2,95261.55612,97788.47727,128.5561225,2,1594.596905,932.3242432,3107747.477,0,"{""601288.SH"": 15600.0, ""601398.SH"": 10100.0}",-0.001634919257,-0.04748338787
2022-07-04,V20 LambdaRank change-only Top2,95397.73217,98078.47727,469.7321711,2,1691.489557,989.2555432,3297518.477,0,"{""601398.SH"": 9900.0, ""601988.SH"": 14500.0}",0.001429496369,-0.04612176883
2022-07-05,V20 LambdaRank change-only Top2,95839.73217,98520.47727,469.7321711,2,1691.489557,989.2555432,3297518.477,0,"{""601398.SH"": 9900.0, ""601988.SH"": 14500.0}",0.00463323383,-0.04170222794
2022-07-06,V20 LambdaRank change-only Top2,95496.73217,98177.47727,469.7321711,2,1691.489557,989.2555432,3297518.477,0,"{""601398.SH"": 9900.0, ""601988.SH"": 14500.0}",-0.00357889147,-0.04513187166
2022-07-07,V20 LambdaRank change-only Top2,95298.73217,97979.47727,469.7321711,2,1691.489557,989.2555432,3297518.477,0,"{""601398.SH"": 9900.0, ""601988.SH"": 14500.0}",-0.002073369376,-0.047111666
2022-07-08,V20 LambdaRank change-only Top2,95542.73217,98223.47727,469.7321711,2,1691.489557,989.2555432,3297518.477,0,"{""601398.SH"": 9900.0, ""601988.SH"": 14500.0}",0.002560369844,-0.04467191944
2022-07-11,V20 LambdaRank change-only Top2,96030.73217,98711.47727,469.7321711,2,1691.489557,989.2555432,3297518.477,0,"{""601398.SH"": 9900.0, ""601988.SH"": 14500.0}",0.005107662183,-0.03979242633
2022-07-12,V20 LambdaRank change-only Top2,96280.65911,98961.40421,469.7321711,2,1691.489557,989.2555432,3297518.477,-1.455191523e-11,"{""601398.SH"": 10537.899543, ""601988.SH"": 14500.0}",0.002602572479,-0.03729341653
2022-07-13,V20 LambdaRank change-only Top2,94752.24815,97432.99325,469.7321711,2,1691.489557,989.2555432,3297518.477,-1.455191523e-11,"{""601398.SH"": 10537.899543, ""601988.SH"": 14500.0}",-0.01587453776,-0.05257593854
2022-07-14,V20 LambdaRank change-only Top2,93355.35318,96036.09828,469.7321711,2,1691.489557,989.2555432,3297518.477,0,"{""601398.SH"": 10537.899543, ""601988.SH"": 14500.0}",-0.0147426051,-0.06654343735
2022-07-15,V20 LambdaRank change-only Top2,92778.67431,95459.41941,469.7321711,2,1691.489557,989.2555432,3297518.477,0,"{""601398.SH"": 10537.899543, ""601988.SH"": 15559.945706}",-0.006177244739,-0.07230962699
2022-07-18,V20 LambdaRank change-only Top2,93511.38921,96192.13431,469.7321711,2,1691.489557,989.2555432,3297518.477,0,"{""601398.SH"": 10537.899543, ""601988.SH"": 15559.945706}",0.007897449509,-0.06498323911
2022-07-19,V20 LambdaRank change-only Top2,94033.34611,96714.09121,469.7321711,2,1691.489557,989.2555432,3297518.477,0,"{""601398.SH"": 10537.899543, ""601988.SH"": 15559.945706}",0.00558174688,-0.05976421222
2022-07-20,V20 LambdaRank change-only Top2,95182.63892,97863.38402,469.7321711,2,1691.489557,989.2555432,3297518.477,0,"{""601398.SH"": 10537.899543, ""601988.SH"": 15559.945706}",0.01222218344,-0.04827247795
2022-07-21,V20 LambdaRank change-only Top2,94344.54503,97025.29013,469.7321711,2,1691.489557,989.2555432,3297518.477,-1.455191523e-11,"{""601398.SH"": 10537.899543, ""601988.SH"": 15559.945706}",-0.008805113,-0.05665254632
2022-07-22,V20 LambdaRank change-only Top2,94866.50193,97547.24703,469.7321711,2,1691.489557,989.2555432,3297518.477,0,"{""601398.SH"": 10537.899543, ""601988.SH"": 15559.945706}",0.005532454524,-0.05143351943
2022-07-25,V20 LambdaRank change-only Top2,95338.23837,98018.98347,469.7321711,2,1691.489557,989.2555432,3297518.477,0,"{""601398.SH"": 10537.899543, ""601988.SH"": 15559.945706}",0.004972634531,-0.046716645
2022-07-26,V20 LambdaRank change-only Top2,95438.6793,98119.4244,469.7321711,2,1691.489557,989.2555432,3297518.477,0,"{""601398.SH"": 10537.899543, ""601988.SH"": 15559.945706}",0.001053521913,-0.04571234009
2022-07-27,V20 LambdaRank change-only Top2,94811.3434,97492.0885,469.7321711,2,1691.489557,989.2555432,3297518.477,-1.455191523e-11,"{""601398.SH"": 10537.899543, ""601988.SH"": 15559.945706}",-0.006573182959,-0.05198504748
2022-07-28,V20 LambdaRank change-only Top2,94500.14448,97180.88958,469.7321711,2,1691.489557,989.2555432,3297518.477,-1.455191523e-11,"{""601398.SH"": 10537.899543, ""601988.SH"": 15559.945706}",-0.003282296221,-0.05509671337
2022-07-29,V20 LambdaRank change-only Top2,94239.16603,96919.91113,469.7321711,2,1691.489557,989.2555432,3297518.477,0,"{""601398.SH"": 10537.899543, ""601988.SH"": 15559.945706}",-0.002761672524,-0.05770622682
2022-08-01,V20 LambdaRank change-only Top2,93822.58812,96503.33322,469.7321711,2,1691.489557,989.2555432,3297518.477,0,"{""601398.SH"": 10537.899543, ""601988.SH"": 15559.945706}",-0.004420432895,-0.06187157321
2022-08-02,V20 LambdaRank change-only Top2,93192.41348,95954.57523,366.5504668,2,1744.518336,1017.643414,3392144.712,0,"{""601398.SH"": 10737.899543, ""601939.SH"": 8400.0}",-0.006716662304,-0.06817266505
2022-08-03,V20 LambdaRank change-only Top2,92366.27649,95128.43824,366.5504668,2,1744.518336,1017.643414,3392144.712,0,"{""601398.SH"": 10737.899543, ""601939.SH"": 8400.0}",-0.008864852357,-0.0764331768
2022-08-04,V20 LambdaRank change-only Top2,93155.17147,95917.33322,366.5504668,2,1744.518336,1017.643414,3392144.712,0,"{""601398.SH"": 10737.899543, ""601939.SH"": 8400.0}",0.008540941641,-0.06854504646
2022-08-05,V20 LambdaRank change-only Top2,93705.92946,96468.09121,366.5504668,2,1744.518336,1017.643414,3392144.712,0,"{""601398.SH"": 10737.899543, ""601939.SH"": 8400.0}",0.005912264259,-0.06303803863
2022-08-08,V20 LambdaRank change-only Top2,93108.41348,95870.57523,366.5504668,2,1744.518336,1017.643414,3392144.712,0,"{""601398.SH"": 10737.899543, ""601939.SH"": 8400.0}",-0.006376501307,-0.0690125778
2022-08-09,V20 LambdaRank change-only Top2,93085.03449,95847.19624,366.5504668,2,1744.518336,1017.643414,3392144.712,0,"{""601398.SH"": 10737.899543, ""601939.SH"": 8400.0}",-0.0002510943379,-0.06924634347
2022-08-10,V20 LambdaRank change-only Top2,92725.65549,95487.81724,366.5504668,2,1744.518336,1017.643414,3392144.712,0,"{""601398.SH"": 10737.899543, ""601939.SH"": 8400.0}",-0.00386076019,-0.07283976013
2022-08-11,V20 LambdaRank change-only Top2,93383.79248,96145.95423,366.5504668,2,1744.518336,1017.643414,3392144.712,0,"{""601398.SH"": 10737.899543, ""601939.SH"": 8400.0}",0.007097679524,-0.06625907388
2022-08-12,V20 LambdaRank change-only Top2,93551.79248,96313.95423,366.5504668,2,1744.518336,1017.643414,3392144.712,0,"{""601398.SH"": 10737.899543, ""601939.SH"": 8400.0}",0.001799027385,-0.06457924839
2022-08-15,V20 LambdaRank change-only Top2,93001.03449,95763.19624,366.5504668,2,1744.518336,1017.643414,3392144.712,0,"{""601398.SH"": 10737.899543, ""601939.SH"": 8400.0}",-0.005887198698,-0.07008625622
2022-08-16,V20 LambdaRank change-only Top2,92809.65549,95571.81724,366.5504668,2,1744.518336,1017.643414,3392144.712,0,"{""601398.SH"": 10737.899543, ""601939.SH"": 8400.0}",-0.00205781577,-0.07199984739
2022-08-17,V20 LambdaRank change-only Top2,93169.03449,95931.19624,366.5504668,2,1744.518336,1017.643414,3392144.712,0,"{""601398.SH"": 10737.899543, ""601939.SH"": 8400.0}",0.003872215596,-0.06840643072
2022-08-18,V20 LambdaRank change-only Top2,92702.27649,95464.43824,366.5504668,2,1744.518336,1017.643414,3392144.712,0,"{""601398.SH"": 10737.899543, ""601939.SH"": 8400.0}",-0.005009797444,-0.0730735258
2022-08-19,V20 LambdaRank change-only Top2,92809.65549,95571.81724,366.5504668,2,1744.518336,1017.643414,3392144.712,0,"{""601398.SH"": 10737.899543, ""601939.SH"": 8400.0}",0.00115832102,-0.07199984739
2022-08-22,V20 LambdaRank change-only Top2,92725.65549,95487.81724,366.5504668,2,1744.518336,1017.643414,3392144.712,0,"{""601398.SH"": 10737.899543, ""601939.SH"": 8400.0}",-0.0009050782438,-0.07283976013
2022-08-23,V20 LambdaRank change-only Top2,92450.27649,95212.43824,366.5504668,2,1744.518336,1017.643414,3392144.712,0,"{""601398.SH"": 10737.899543, ""601939.SH"": 8400.0}",-0.002969825276,-0.07559326405
2022-08-24,V20 LambdaRank change-only Top2,92366.27649,95128.43824,366.5504668,2,1744.518336,1017.643414,3392144.712,0,"{""601398.SH"": 10737.899543, ""601939.SH"": 8400.0}",-0.0009085965255,-0.0764331768
2022-08-25,V20 LambdaRank change-only Top2,92749.03449,95511.19624,366.5504668,2,1744.518336,1017.643414,3392144.712,0,"{""601398.SH"": 10737.899543, ""601939.SH"": 8400.0}",0.004143914916,-0.07260599446
2022-08-26,V20 LambdaRank change-only Top2,93024.41348,95786.57523,366.5504668,2,1744.518336,1017.643414,3392144.712,0,"{""601398.SH"": 10737.899543, ""601939.SH"": 8400.0}",0.002969076681,-0.06985249055
2022-08-29,V20 LambdaRank change-only Top2,92641.65549,95403.81724,366.5504668,2,1744.518336,1017.643414,3392144.712,0,"{""601398.SH"": 10737.899543, ""601939.SH"": 8400.0}",-0.004114597196,-0.07367967288
2022-08-30,V20 LambdaRank change-only Top2,93131.79248,95893.95423,366.5504668,2,1744.518336,1017.643414,3392144.712,0,"{""601398.SH"": 10737.899543, ""601939.SH"": 8400.0}",0.005290676032,-0.06877881213
2022-08-31,V20 LambdaRank change-only Top2,93766.55047,96528.71222,366.5504668,2,1744.518336,1017.643414,3392144.712,0,"{""601398.SH"": 10737.899543, ""601939.SH"": 8400.0}",0.006815696058,-0.06243189155
2022-09-01,V20 LambdaRank change-only Top2,93299.79248,96061.95423,366.5504668,2,1744.518336,1017.643414,3392144.712,0,"{""601398.SH"": 10737.899543, ""601939.SH"": 8400.0}",-0.004977873117,-0.06709898663
2022-09-02,V20 LambdaRank change-only Top2,92954.6139,95791.57523,115.7508905,2,1791.595513,1045.365814,3484552.712,-1.455191523e-11,"{""601288.SH"": 16300.0, ""601398.SH"": 10737.899543}",-0.003699671378,-0.07055041381
2022-09-05,V20 LambdaRank change-only Top2,93224.9929,96061.95423,115.7508905,2,1791.595513,1045.365814,3484552.712,-1.455191523e-11,"{""601288.SH"": 16300.0, ""601398.SH"": 10737.899543}",0.002908720547,-0.0678469047
2022-09-06,V20 LambdaRank change-only Top2,93224.9929,96061.95423,115.7508905,2,1791.595513,1045.365814,3484552.712,-1.455191523e-11,"{""601288.SH"": 16300.0, ""601398.SH"": 10737.899543}",0,-0.0678469047
2022-09-07,V20 LambdaRank change-only Top2,92954.6139,95791.57523,115.7508905,2,1791.595513,1045.365814,3484552.712,-1.455191523e-11,"{""601288.SH"": 16300.0, ""601398.SH"": 10737.899543}",-0.00290028443,-0.07055041381
2022-09-08,V20 LambdaRank change-only Top2,92954.6139,95791.57523,115.7508905,2,1791.595513,1045.365814,3484552.712,-1.455191523e-11,"{""601288.SH"": 16300.0, ""601398.SH"": 10737.899543}",0,-0.07055041381
2022-09-09,V20 LambdaRank change-only Top2,93224.9929,96061.95423,115.7508905,2,1791.595513,1045.365814,3484552.712,-1.455191523e-11,"{""601288.SH"": 16300.0, ""601398.SH"": 10737.899543}",0.002908720547,-0.0678469047
2022-09-13,V20 LambdaRank change-only Top2,93602.75089,96439.71222,115.7508905,2,1791.595513,1045.365814,3484552.712,0,"{""601288.SH"": 16300.0, ""601398.SH"": 10737.899543}",0.004052110696,-0.06406971717
2022-09-14,V20 LambdaRank change-only Top2,93387.9929,96224.95423,115.7508905,2,1791.595513,1045.365814,3484552.712,-1.455191523e-11,"{""601288.SH"": 16300.0, ""601398.SH"": 10737.899543}",-0.002294355549,-0.06621707401
2022-09-15,V20 LambdaRank change-only Top2,94036.12989,96873.09121,115.7508905,2,1791.595513,1045.365814,3484552.712,0,"{""601288.SH"": 16300.0, ""601398.SH"": 10737.899543}",0.006940260372,-0.05973637737
2022-09-16,V20 LambdaRank change-only Top2,93387.9929,96224.95423,115.7508905,2,1791.595513,1045.365814,3484552.712,-1.455191523e-11,"{""601288.SH"": 16300.0, ""601398.SH"": 10737.899543}",-0.006892425146,-0.06621707401
2022-09-19,V20 LambdaRank change-only Top2,93928.75089,96765.71222,115.7508905,2,1791.595513,1045.365814,3484552.712,0,"{""601288.SH"": 16300.0, ""601398.SH"": 10737.899543}",0.005790444511,-0.06081005579
2022-09-20,V20 LambdaRank change-only Top2,93332.3719,96169.33322,115.7508905,2,1791.595513,1045.365814,3484552.712,0,"{""601288.SH"": 16300.0, ""601398.SH"": 10737.899543}",-0.00634926995,-0.06677322628
2022-09-21,V20 LambdaRank change-only Top2,93658.3719,96495.33322,115.7508905,2,1791.595513,1045.365814,3484552.712,0,"{""601288.SH"": 16300.0, ""601398.SH"": 10737.899543}",0.003492893124,-0.0635135649
2022-09-22,V20 LambdaRank change-only Top2,93873.12989,96710.09121,115.7508905,2,1791.595513,1045.365814,3484552.712,0,"{""601288.SH"": 16300.0, ""601398.SH"": 10737.899543}",0.002292992997,-0.06136620806
2022-09-23,V20 LambdaRank change-only Top2,94306.50888,97143.47021,115.7508905,2,1791.595513,1045.365814,3484552.712,0,"{""601288.SH"": 16300.0, ""601398.SH"": 10737.899543}",0.004616645849,-0.05703286826
2022-09-26,V20 LambdaRank change-only Top2,93280.6139,96117.57523,115.7508905,2,1791.595513,1045.365814,3484552.712,-1.455191523e-11,"{""601288.SH"": 16300.0, ""601398.SH"": 10737.899543}",-0.01087830511,-0.06729075243
2022-09-27,V20 LambdaRank change-only Top2,92847.23491,95684.19624,115.7508905,2,1791.595513,1045.365814,3484552.712,0,"{""601288.SH"": 16300.0, ""601398.SH"": 10737.899543}",-0.004645970661,-0.07162409223
2022-09-28,V20 LambdaRank change-only Top2,93280.6139,96117.57523,115.7508905,2,1791.595513,1045.365814,3484552.712,-1.455191523e-11,"{""601288.SH"": 16300.0, ""601398.SH"": 10737.899543}",0.004667656456,-0.06729075243
2022-09-29,V20 LambdaRank change-only Top2,92576.85591,95413.81724,115.7508905,2,1791.595513,1045.365814,3484552.712,0,"{""601288.SH"": 16300.0, ""601398.SH"": 10737.899543}",-0.007544525721,-0.07432760134
2022-09-30,V20 LambdaRank change-only Top2,93443.6139,96280.57523,115.7508905,2,1791.595513,1045.365814,3484552.712,-1.455191523e-11,"{""601288.SH"": 16300.0, ""601398.SH"": 10737.899543}",0.009362577529,-0.06566092174
2022-10-10,V20 LambdaRank change-only Top2,93713.9929,96550.95423,115.7508905,2,1791.595513,1045.365814,3484552.712,-1.455191523e-11,"{""601288.SH"": 16300.0, ""601398.SH"": 10737.899543}",0.002893498915,-0.06295741263
2022-10-11,V20 LambdaRank change-only Top2,93410.69493,96398.95423,530.694927,2,1886.904413,1101.354886,3671182.954,0,"{""601939.SH"": 8400.0, ""601988.SH"": 15200.0}",-0.003236421406,-0.06599007732
2022-10-12,V20 LambdaRank change-only Top2,93730.69493,96718.95423,530.694927,2,1886.904413,1101.354886,3671182.954,0,"{""601939.SH"": 8400.0, ""601988.SH"": 15200.0}",0.003425731928,-0.0627904097
2022-10-13,V20 LambdaRank change-only Top2,93090.69493,96078.95423,530.694927,2,1886.904413,1101.354886,3671182.954,0,"{""601939.SH"": 8400.0, ""601988.SH"": 15200.0}",-0.006828072709,-0.06918974493
2022-10-14,V20 LambdaRank change-only Top2,93158.69493,96146.95423,530.694927,2,1886.904413,1101.354886,3671182.954,0,"{""601939.SH"": 8400.0, ""601988.SH"": 15200.0}",0.0007304704305,-0.06850981556
2022-10-17,V20 LambdaRank change-only Top2,93090.69493,96078.95423,530.694927,2,1886.904413,1101.354886,3671182.954,0,"{""601939.SH"": 8400.0, ""601988.SH"": 15200.0}",-0.0007299372329,-0.06918974493
2022-10-18,V20 LambdaRank change-only Top2,93090.69493,96078.95423,530.694927,2,1886.904413,1101.354886,3671182.954,0,"{""601939.SH"": 8400.0, ""601988.SH"": 15200.0}",0,-0.06918974493
2022-10-19,V20 LambdaRank change-only Top2,93006.69493,95994.95423,530.694927,2,1886.904413,1101.354886,3671182.954,0,"{""601939.SH"": 8400.0, ""601988.SH"": 15200.0}",-0.0009023458259,-0.07002965768
2022-10-20,V20 LambdaRank change-only Top2,93258.69493,96246.95423,530.694927,2,1886.904413,1101.354886,3671182.954,0,"{""601939.SH"": 8400.0, ""601988.SH"": 15200.0}",0.002709482368,-0.06750991943
2022-10-21,V20 LambdaRank change-only Top2,93730.69493,96718.95423,530.694927,2,1886.904413,1101.354886,3671182.954,0,"{""601939.SH"": 8400.0, ""601988.SH"": 15200.0}",0.005061190277,-0.0627904097
2022-10-24,V20 LambdaRank change-only Top2,93326.69493,96314.95423,530.694927,2,1886.904413,1101.354886,3671182.954,0,"{""601939.SH"": 8400.0, ""601988.SH"": 15200.0}",-0.004310220897,-0.06682999007
2022-10-25,V20 LambdaRank change-only Top2,93090.69493,96078.95423,530.694927,2,1886.904413,1101.354886,3671182.954,0,"{""601939.SH"": 8400.0, ""601988.SH"": 15200.0}",-0.002528751288,-0.06918974493
2022-10-26,V20 LambdaRank change-only Top2,92518.69493,95506.95423,530.694927,2,1886.904413,1101.354886,3671182.954,0,"{""601939.SH"": 8400.0, ""601988.SH"": 15200.0}",-0.006144545386,-0.07490915079
2022-10-27,V20 LambdaRank change-only Top2,92114.69493,95102.95423,530.694927,2,1886.904413,1101.354886,3671182.954,0,"{""601939.SH"": 8400.0, ""601988.SH"": 15200.0}",-0.004366685029,-0.07894873115
2022-10-28,V20 LambdaRank change-only Top2,92570.69493,95558.95423,530.694927,2,1886.904413,1101.354886,3671182.954,0,"{""601939.SH"": 8400.0, ""601988.SH"": 15200.0}",0.004950350217,-0.0743892048
2022-10-31,V20 LambdaRank change-only Top2,91138.69493,94126.95423,530.694927,2,1886.904413,1101.354886,3671182.954,0,"{""601939.SH"": 8400.0, ""601988.SH"": 15200.0}",-0.0154692584,-0.08870771737
2022-11-01,V20 LambdaRank change-only Top2,90870.69493,93858.95423,530.694927,2,1886.904413,1101.354886,3671182.954,0,"{""601939.SH"": 8400.0, ""601988.SH"": 15200.0}",-0.002940573158,-0.09138743899
2022-11-02,V20 LambdaRank change-only Top2,90170.80711,93304.95423,18.80710882,2,1978.720831,1155.426286,3851420.954,0,"{""601288.SH"": 16600.0, ""601988.SH"": 15000.0}",-0.007702018992,-0.0983855902
2022-11-03,V20 LambdaRank change-only Top2,90320.80711,93454.95423,18.80710882,2,1978.720831,1155.426286,3851420.954,0,"{""601288.SH"": 16600.0, ""601988.SH"": 15000.0}",0.001663509564,-0.096885746
2022-11-04,V20 LambdaRank change-only Top2,91268.80711,94402.95423,18.80710882,2,1978.720831,1155.426286,3851420.954,0,"{""601288.SH"": 16600.0, ""601988.SH"": 15000.0}",0.01049592038,-0.0874067307
2022-11-07,V20 LambdaRank change-only Top2,91268.80711,94402.95423,18.80710882,2,1978.720831,1155.426286,3851420.954,0,"{""601288.SH"": 16600.0, ""601988.SH"": 15000.0}",0,-0.0874067307
2022-11-08,V20 LambdaRank change-only Top2,90936.80711,94070.95423,18.80710882,2,1978.720831,1155.426286,3851420.954,0,"{""601288.SH"": 16600.0, ""601988.SH"": 15000.0}",-0.003637606434,-0.09072638585
2022-11-09,V20 LambdaRank change-only Top2,91268.80711,94402.95423,18.80710882,2,1978.720831,1155.426286,3851420.954,0,"{""601288.SH"": 16600.0, ""601988.SH"": 15000.0}",0.003650886924,-0.0874067307
2022-11-10,V20 LambdaRank change-only Top2,91584.80711,94718.95423,18.80710882,2,1978.720831,1155.426286,3851420.954,0,"{""601288.SH"": 16600.0, ""601988.SH"": 15000.0}",0.0034623001,-0.08424705893
2022-11-11,V20 LambdaRank change-only Top2,92232.80711,95366.95423,18.80710882,2,1978.720831,1155.426286,3851420.954,0,"{""601288.SH"": 16600.0, ""601988.SH"": 15000.0}",0.007075409344,-0.07776773202
2022-11-14,V20 LambdaRank change-only Top2,92398.80711,95532.95423,18.80710882,2,1978.720831,1155.426286,3851420.954,0,"{""601288.SH"": 16600.0, ""601988.SH"": 15000.0}",0.001799793427,-0.07610790444
2022-11-15,V20 LambdaRank change-only Top2,92398.80711,95532.95423,18.80710882,2,1978.720831,1155.426286,3851420.954,0,"{""601288.SH"": 16600.0, ""601988.SH"": 15000.0}",0,-0.07610790444
2022-11-16,V20 LambdaRank change-only Top2,92082.80711,95216.95423,18.80710882,2,1978.720831,1155.426286,3851420.954,0,"{""601288.SH"": 16600.0, ""601988.SH"": 15000.0}",-0.003419957572,-0.07926757621
2022-11-17,V20 LambdaRank change-only Top2,92082.80711,95216.95423,18.80710882,2,1978.720831,1155.426286,3851420.954,0,"{""601288.SH"": 16600.0, ""601988.SH"": 15000.0}",0,-0.07926757621
2022-11-18,V20 LambdaRank change-only Top2,91932.80711,95066.95423,18.80710882,2,1978.720831,1155.426286,3851420.954,0,"{""601288.SH"": 16600.0, ""601988.SH"": 15000.0}",-0.001628968585,-0.0807674204
2022-11-21,V20 LambdaRank change-only Top2,92082.80711,95216.95423,18.80710882,2,1978.720831,1155.426286,3851420.954,0,"{""601288.SH"": 16600.0, ""601988.SH"": 15000.0}",0.001631626453,-0.07926757621
2022-11-22,V20 LambdaRank change-only Top2,92864.80711,95998.95423,18.80710882,2,1978.720831,1155.426286,3851420.954,0,"{""601288.SH"": 16600.0, ""601988.SH"": 15000.0}",0.008492356223,-0.07144838848
2022-11-23,V20 LambdaRank change-only Top2,93662.80711,96796.95423,18.80710882,2,1978.720831,1155.426286,3851420.954,0,"{""601288.SH"": 16600.0, ""601988.SH"": 15000.0}",0.008593136893,-0.06346921737
2022-11-24,V20 LambdaRank change-only Top2,93346.80711,96480.95423,18.80710882,2,1978.720831,1155.426286,3851420.954,0,"{""601288.SH"": 16600.0, ""601988.SH"": 15000.0}",-0.003373804499,-0.06662888914
2022-11-25,V20 LambdaRank change-only Top2,94610.80711,97744.95423,18.80710882,2,1978.720831,1155.426286,3851420.954,0,"{""601288.SH"": 16600.0, ""601988.SH"": 15000.0}",0.01354090235,-0.05399020207
2022-11-28,V20 LambdaRank change-only Top2,94144.80711,97278.95423,18.80710882,2,1978.720831,1155.426286,3851420.954,0,"{""601288.SH"": 16600.0, ""601988.SH"": 15000.0}",-0.004925441546,-0.05864971803
2022-11-29,V20 LambdaRank change-only Top2,94926.80711,98060.95423,18.80710882,2,1978.720831,1155.426286,3851420.954,0,"{""601288.SH"": 16600.0, ""601988.SH"": 15000.0}",0.00830635299,-0.0508305303
2022-11-30,V20 LambdaRank change-only Top2,95076.80711,98210.95423,18.80710882,2,1978.720831,1155.426286,3851420.954,0,"{""601288.SH"": 16600.0, ""601988.SH"": 15000.0}",0.001580164809,-0.04933068611
2022-12-01,V20 LambdaRank change-only Top2,93994.80711,97128.95423,18.80710882,2,1978.720831,1155.426286,3851420.954,0,"{""601288.SH"": 16600.0, ""601988.SH"": 15000.0}",-0.01138027278,-0.06014956222
2022-12-02,V20 LambdaRank change-only Top2,93882.60146,97168.95423,338.6014645,2,2074.592475,1211.760286,4039200.954,0,"{""601288.SH"": 16400.0, ""601398.SH"": 11000.0}",-0.001193743013,-0.06127150212
2022-12-05,V20 LambdaRank change-only Top2,95034.60146,98320.95423,338.6014645,2,2074.592475,1211.760286,4039200.954,0,"{""601288.SH"": 16400.0, ""601398.SH"": 11000.0}",0.01227064421,-0.04975269871
2022-12-06,V20 LambdaRank change-only Top2,95144.60146,98430.95423,338.6014645,2,2074.592475,1211.760286,4039200.954,0,"{""601288.SH"": 16400.0, ""601398.SH"": 11000.0}",0.001157473155,-0.04865281297
2022-12-07,V20 LambdaRank change-only Top2,94760.60146,98046.95423,338.6014645,2,2074.592475,1211.760286,4039200.954,0,"{""601288.SH"": 16400.0, ""601398.SH"": 11000.0}",-0.004035962042,-0.0524924141
2022-12-08,V20 LambdaRank change-only Top2,95198.60146,98484.95423,338.6014645,2,2074.592475,1211.760286,4039200.954,0,"{""601288.SH"": 16400.0, ""601398.SH"": 11000.0}",0.004622174123,-0.04811286906
2022-12-09,V20 LambdaRank change-only Top2,95034.60146,98320.95423,338.6014645,2,2074.592475,1211.760286,4039200.954,0,"{""601288.SH"": 16400.0, ""601398.SH"": 11000.0}",-0.001722714383,-0.04975269871
2022-12-12,V20 LambdaRank change-only Top2,94212.60146,97498.95423,338.6014645,2,2074.592475,1211.760286,4039200.954,0,"{""601288.SH"": 16400.0, ""601398.SH"": 11000.0}",-0.008649481214,-0.05797184489
2022-12-13,V20 LambdaRank change-only Top2,94870.60146,98156.95423,338.6014645,2,2074.592475,1211.760286,4039200.954,0,"{""601288.SH"": 16400.0, ""601398.SH"": 11000.0}",0.006984203703,-0.05139252836
2022-12-14,V20 LambdaRank change-only Top2,94924.60146,98210.95423,338.6014645,2,2074.592475,1211.760286,4039200.954,0,"{""601288.SH"": 16400.0, ""601398.SH"": 11000.0}",0.0005691963492,-0.05085258445
2022-12-15,V20 LambdaRank change-only Top2,94430.60146,97716.95423,338.6014645,2,2074.592475,1211.760286,4039200.954,0,"{""601288.SH"": 16400.0, ""601398.SH"": 11000.0}",-0.005204130356,-0.05579207133
2022-12-16,V20 LambdaRank change-only Top2,95088.60146,98374.95423,338.6014645,2,2074.592475,1211.760286,4039200.954,0,"{""601288.SH"": 16400.0, ""601398.SH"": 11000.0}",0.006968080154,-0.0492127548
2022-12-19,V20 LambdaRank change-only Top2,94430.60146,97716.95423,338.6014645,2,2074.592475,1211.760286,4039200.954,0,"{""601288.SH"": 16400.0, ""601398.SH"": 11000.0}",-0.006919862001,-0.05579207133
2022-12-20,V20 LambdaRank change-only Top2,93608.60146,96894.95423,338.6014645,2,2074.592475,1211.760286,4039200.954,0,"{""601288.SH"": 16400.0, ""601398.SH"": 11000.0}",-0.008704805299,-0.06401121751
2022-12-21,V20 LambdaRank change-only Top2,93828.60146,97114.95423,338.6014645,2,2074.592475,1211.760286,4039200.954,0,"{""601288.SH"": 16400.0, ""601398.SH"": 11000.0}",0.002350211375,-0.06181144602
2022-12-22,V20 LambdaRank change-only Top2,94212.60146,97498.95423,338.6014645,2,2074.592475,1211.760286,4039200.954,0,"{""601288.SH"": 16400.0, ""601398.SH"": 11000.0}",0.004092568726,-0.05797184489
2022-12-23,V20 LambdaRank change-only Top2,94156.60146,97442.95423,338.6014645,2,2074.592475,1211.760286,4039200.954,0,"{""601288.SH"": 16400.0, ""601398.SH"": 11000.0}",-0.0005944003151,-0.05853178672
2022-12-26,V20 LambdaRank change-only Top2,93938.60146,97224.95423,338.6014645,2,2074.592475,1211.760286,4039200.954,0,"{""601288.SH"": 16400.0, ""601398.SH"": 11000.0}",-0.002315291723,-0.06071156028
2022-12-27,V20 LambdaRank change-only Top2,95034.60146,98320.95423,338.6014645,2,2074.592475,1211.760286,4039200.954,0,"{""601288.SH"": 16400.0, ""601398.SH"": 11000.0}",0.0116671952,-0.04975269871
2022-12-28,V20 LambdaRank change-only Top2,95418.60146,98704.95423,338.6014645,2,2074.592475,1211.760286,4039200.954,0,"{""601288.SH"": 16400.0, ""601398.SH"": 11000.0}",0.00404063356,-0.04591309757
2022-12-29,V20 LambdaRank change-only Top2,94870.60146,98156.95423,338.6014645,2,2074.592475,1211.760286,4039200.954,0,"{""601288.SH"": 16400.0, ""601398.SH"": 11000.0}",-0.005743114986,-0.05139252836
2022-12-30,V20 LambdaRank change-only Top2,95802.60146,99088.95423,338.6014645,2,2074.592475,1211.760286,4039200.954,0,"{""601288.SH"": 16400.0, ""601398.SH"": 11000.0}",0.00982390736,-0.04207349644
2023-01-03,V20 LambdaRank change-only Top2,95308.60146,98594.95423,338.6014645,2,2074.592475,1211.760286,4039200.954,0,"{""601288.SH"": 16400.0, ""601398.SH"": 11000.0}",-0.005156436177,-0.04701298332
2023-01-04,V20 LambdaRank change-only Top2,96433.6934,99796.95423,381.6934019,2,2123.024538,1240.236286,4134120.954,0,"{""601288.SH"": 16400.0, ""601988.SH"": 15000.0}",0.01180472612,-0.03576323259
2023-01-05,V20 LambdaRank change-only Top2,96433.6934,99796.95423,381.6934019,2,2123.024538,1240.236286,4134120.954,0,"{""601288.SH"": 16400.0, ""601988.SH"": 15000.0}",0,-0.03576323259
2023-01-06,V20 LambdaRank change-only Top2,96419.6934,99782.95423,381.6934019,2,2123.024538,1240.236286,4134120.954,0,"{""601288.SH"": 16400.0, ""601988.SH"": 15000.0}",-0.0001451774738,-0.03590321804
2023-01-09,V20 LambdaRank change-only Top2,96119.6934,99482.95423,381.6934019,2,2123.024538,1240.236286,4134120.954,0,"{""601288.SH"": 16400.0, ""601988.SH"": 15000.0}",-0.003111397573,-0.03890290643
2023-01-10,V20 LambdaRank change-only Top2,95805.6934,99168.95423,381.6934019,2,2123.024538,1240.236286,4134120.954,0,"{""601288.SH"": 16400.0, ""601988.SH"": 15000.0}",-0.003266760316,-0.04204258028
2023-01-11,V20 LambdaRank change-only Top2,95955.6934,99318.95423,381.6934019,2,2123.024538,1240.236286,4134120.954,0,"{""601288.SH"": 16400.0, ""601988.SH"": 15000.0}",0.001565668956,-0.04054273608
2023-01-12,V20 LambdaRank change-only Top2,96119.6934,99482.95423,381.6934019,2,2123.024538,1240.236286,4134120.954,0,"{""601288.SH"": 16400.0, ""601988.SH"": 15000.0}",0.001709122139,-0.03890290643
2023-01-13,V20 LambdaRank change-only Top2,97047.6934,100410.9542,381.6934019,2,2123.024538,1240.236286,4134120.954,0,"{""601288.SH"": 16400.0, ""601988.SH"": 15000.0}",0.009654629214,-0.02962387035
2023-01-16,V20 LambdaRank change-only Top2,96255.6934,99618.95423,381.6934019,2,2123.024538,1240.236286,4134120.954,0,"{""601288.SH"": 16400.0, ""601988.SH"": 15000.0}",-0.008160935847,-0.03754304769
2023-01-17,V20 LambdaRank change-only Top2,96405.6934,99768.95423,381.6934019,2,2123.024538,1240.236286,4134120.954,0,"{""601288.SH"": 16400.0, ""601988.SH"": 15000.0}",0.001558349379,-0.0360432035
2023-01-18,V20 LambdaRank change-only Top2,96419.6934,99782.95423,381.6934019,2,2123.024538,1240.236286,4134120.954,0,"{""601288.SH"": 16400.0, ""601988.SH"": 15000.0}",0.0001452196391,-0.03590321804
2023-01-19,V20 LambdaRank change-only Top2,96569.6934,99932.95423,381.6934019,2,2123.024538,1240.236286,4134120.954,0,"{""601288.SH"": 16400.0, ""601988.SH"": 15000.0}",0.001555698786,-0.03440337385
2023-01-20,V20 LambdaRank change-only Top2,96569.6934,99932.95423,381.6934019,2,2123.024538,1240.236286,4134120.954,0,"{""601288.SH"": 16400.0, ""601988.SH"": 15000.0}",0,-0.03440337385
2023-01-30,V20 LambdaRank change-only Top2,96719.6934,100082.9542,381.6934019,2,2123.024538,1240.236286,4134120.954,0,"{""601288.SH"": 16400.0, ""601988.SH"": 15000.0}",0.001553282347,-0.03290352966
2023-01-31,V20 LambdaRank change-only Top2,96405.6934,99768.95423,381.6934019,2,2123.024538,1240.236286,4134120.954,0,"{""601288.SH"": 16400.0, ""601988.SH"": 15000.0}",-0.003246494989,-0.0360432035
2023-02-01,V20 LambdaRank change-only Top2,96569.6934,99932.95423,381.6934019,2,2123.024538,1240.236286,4134120.954,0,"{""601288.SH"": 16400.0, ""601988.SH"": 15000.0}",0.001701144343,-0.03440337385
2023-02-02,V20 LambdaRank change-only Top2,96257.18811,99697.95423,422.1881143,2,2171.832425,1268.933686,4229778.954,0,"{""601939.SH"": 8500.0, ""601988.SH"": 15000.0}",-0.003236059643,-0.03752810212
2023-02-03,V20 LambdaRank change-only Top2,96172.18811,99612.95423,422.1881143,2,2171.832425,1268.933686,4229778.954,0,"{""601939.SH"": 8500.0, ""601988.SH"": 15000.0}",-0.0008830509354,-0.03837801383
2023-02-06,V20 LambdaRank change-only Top2,95937.18811,99377.95423,422.1881143,2,2171.832425,1268.933686,4229778.954,0,"{""601939.SH"": 8500.0, ""601988.SH"": 15000.0}",-0.00244353388,-0.04072776974
2023-02-07,V20 LambdaRank change-only Top2,95787.18811,99227.95423,422.1881143,2,2171.832425,1268.933686,4229778.954,0,"{""601939.SH"": 8500.0, ""601988.SH"": 15000.0}",-0.001563522998,-0.04222761393
2023-02-08,V20 LambdaRank change-only Top2,95937.18811,99377.95423,422.1881143,2,2171.832425,1268.933686,4229778.954,0,"{""601939.SH"": 8500.0, ""601988.SH"": 15000.0}",0.001565971431,-0.04072776974
2023-02-09,V20 LambdaRank change-only Top2,96257.18811,99697.95423,422.1881143,2,2171.832425,1268.933686,4229778.954,0,"{""601939.SH"": 8500.0, ""601988.SH"": 15000.0}",0.00333551573,-0.03752810212
2023-02-10,V20 LambdaRank change-only Top2,96557.18811,99997.95423,422.1881143,2,2171.832425,1268.933686,4229778.954,0,"{""601939.SH"": 8500.0, ""601988.SH"": 15000.0}",0.00311665036,-0.03452841374
2023-02-13,V20 LambdaRank change-only Top2,96087.18811,99527.95423,422.1881143,2,2171.832425,1268.933686,4229778.954,0,"{""601939.SH"": 8500.0, ""601988.SH"": 15000.0}",-0.004867581681,-0.03922792554
2023-02-14,V20 LambdaRank change-only Top2,96022.18811,99462.95423,422.1881143,2,2171.832425,1268.933686,4229778.954,0,"{""601939.SH"": 8500.0, ""601988.SH"": 15000.0}",-0.0006764689578,-0.03987785803
2023-02-15,V20 LambdaRank change-only Top2,95767.18811,99207.95423,422.1881143,2,2171.832425,1268.933686,4229778.954,0,"{""601939.SH"": 8500.0, ""601988.SH"": 15000.0}",-0.002655636213,-0.04242759316
2023-02-16,V20 LambdaRank change-only Top2,95917.18811,99357.95423,422.1881143,2,2171.832425,1268.933686,4229778.954,0,"{""601939.SH"": 8500.0, ""601988.SH"": 15000.0}",0.001566298468,-0.04092774896
2023-02-17,V20 LambdaRank change-only Top2,95982.18811,99422.95423,422.1881143,2,2171.832425,1268.933686,4229778.954,0,"{""601939.SH"": 8500.0, ""601988.SH"": 15000.0}",0.0006776679058,-0.04027781648
2023-02-20,V20 LambdaRank change-only Top2,96792.18811,100232.9542,422.1881143,2,2171.832425,1268.933686,4229778.954,0,"{""601939.SH"": 8500.0, ""601988.SH"": 15000.0}",0.008439065788,-0.03217865783
2023-02-21,V20 LambdaRank change-only Top2,96962.18811,100402.9542,422.1881143,2,2171.832425,1268.933686,4229778.954,0,"{""601939.SH"": 8500.0, ""601988.SH"": 15000.0}",0.001756340086,-0.03047883441
2023-02-22,V20 LambdaRank change-only Top2,96642.18811,100082.9542,422.1881143,2,2171.832425,1268.933686,4229778.954,0,"{""601939.SH"": 8500.0, ""601988.SH"": 15000.0}",-0.003300255556,-0.03367850203
2023-02-23,V20 LambdaRank change-only Top2,96557.18811,99997.95423,422.1881143,2,2171.832425,1268.933686,4229778.954,0,"{""601939.SH"": 8500.0, ""601988.SH"": 15000.0}",-0.0008795330658,-0.03452841374
2023-02-24,V20 LambdaRank change-only Top2,96322.18811,99762.95423,422.1881143,2,2171.832425,1268.933686,4229778.954,0,"{""601939.SH"": 8500.0, ""601988.SH"": 15000.0}",-0.00243379084,-0.03687816964
2023-02-27,V20 LambdaRank change-only Top2,96087.18811,99527.95423,422.1881143,2,2171.832425,1268.933686,4229778.954,0,"{""601939.SH"": 8500.0, ""601988.SH"": 15000.0}",-0.00243972863,-0.03922792554
2023-02-28,V20 LambdaRank change-only Top2,96812.18811,100252.9542,422.1881143,2,2171.832425,1268.933686,4229778.954,0,"{""601939.SH"": 8500.0, ""601988.SH"": 15000.0}",0.007545230683,-0.03197867861
2023-03-01,V20 LambdaRank change-only Top2,96962.18811,100402.9542,422.1881143,2,2171.832425,1268.933686,4229778.954,0,"{""601939.SH"": 8500.0, ""601988.SH"": 15000.0}",0.001549391693,-0.03047883441
2023-03-02,V20 LambdaRank change-only Top2,96944.91748,100541.9542,215.9174786,2,2270.215061,1326.821686,4422738.954,0,"{""601288.SH"": 16500.0, ""601398.SH"": 11200.0}",-0.0001781172227,-0.03065152283
2023-03-03,V20 LambdaRank change-only Top2,98052.91748,101649.9542,215.9174786,2,2270.215061,1326.821686,4422738.954,0,"{""601288.SH"": 16500.0, ""601398.SH"": 11200.0}",0.01142917059,-0.01957267372
2023-03-06,V20 LambdaRank change-only Top2,97775.91748,101372.9542,215.9174786,2,2270.215061,1326.821686,4422738.954,0,"{""601288.SH"": 16500.0, ""601398.SH"": 11200.0}",-0.002825005182,-0.022342386
2023-03-07,V20 LambdaRank change-only Top2,99048.91748,102645.9542,215.9174786,2,2270.215061,1326.821686,4422738.954,0,"{""601288.SH"": 16500.0, ""601398.SH"": 11200.0}",0.01301956589,-0.009613708276
2023-03-08,V20 LambdaRank change-only Top2,99325.91748,102922.9542,215.9174786,2,2270.215061,1326.821686,4422738.954,0,"{""601288.SH"": 16500.0, ""601398.SH"": 11200.0}",0.002796597954,-0.006843995999
2023-03-09,V20 LambdaRank change-only Top2,98936.91748,102533.9542,215.9174786,2,2270.215061,1326.821686,4422738.954,0,"{""601288.SH"": 16500.0, ""601398.SH"": 11200.0}",-0.003916399766,-0.01073359194
2023-03-10,V20 LambdaRank change-only Top2,97993.91748,101590.9542,215.9174786,2,2270.215061,1326.821686,4422738.954,0,"{""601288.SH"": 16500.0, ""601398.SH"": 11200.0}",-0.009531325859,-0.02016261244
2023-03-13,V20 LambdaRank change-only Top2,99160.91748,102757.9542,215.9174786,2,2270.215061,1326.821686,4422738.954,0,"{""601288.SH"": 16500.0, ""601398.SH"": 11200.0}",0.01190890241,-0.008493824612
2023-03-14,V20 LambdaRank change-only Top2,99272.91748,102869.9542,215.9174786,2,2270.215061,1326.821686,4422738.954,0,"{""601288.SH"": 16500.0, ""601398.SH"": 11200.0}",0.001129477246,-0.007373940947
2023-03-15,V20 LambdaRank change-only Top2,100327.9175,103924.9542,215.9174786,2,2270.215061,1326.821686,4422738.954,0,"{""601288.SH"": 16500.0, ""601398.SH"": 11200.0}",0.01062726902,0
2023-03-16,V20 LambdaRank change-only Top2,101494.9175,105091.9542,215.9174786,2,2270.215061,1326.821686,4422738.954,0,"{""601288.SH"": 16500.0, ""601398.SH"": 11200.0}",0.01163185711,0
2023-03-17,V20 LambdaRank change-only Top2,101659.9175,105256.9542,215.9174786,2,2270.215061,1326.821686,4422738.954,0,"{""601288.SH"": 16500.0, ""601398.SH"": 11200.0}",0.001625697169,0
2023-03-20,V20 LambdaRank change-only Top2,101877.9175,105474.9542,215.9174786,2,2270.215061,1326.821686,4422738.954,0,"{""601288.SH"": 16500.0, ""601398.SH"": 11200.0}",0.002144404652,0
2023-03-21,V20 LambdaRank change-only Top2,100380.9175,103977.9542,215.9174786,2,2270.215061,1326.821686,4422738.954,0,"{""601288.SH"": 16500.0, ""601398.SH"": 11200.0}",-0.01469405772,-0.01469405772
2023-03-22,V20 LambdaRank change-only Top2,101824.9175,105421.9542,215.9174786,2,2270.215061,1326.821686,4422738.954,0,"{""601288.SH"": 16500.0, ""601398.SH"": 11200.0}",0.01438520424,-0.0005202305005
2023-03-23,V20 LambdaRank change-only Top2,101989.9175,105586.9542,215.9174786,2,2270.215061,1326.821686,4422738.954,0,"{""601288.SH"": 16500.0, ""601398.SH"": 11200.0}",0.001620428517,0
2023-03-24,V20 LambdaRank change-only Top2,100716.9175,104313.9542,215.9174786,2,2270.215061,1326.821686,4422738.954,0,"{""601288.SH"": 16500.0, ""601398.SH"": 11200.0}",-0.01248162594,-0.01248162594
2023-03-27,V20 LambdaRank change-only Top2,100492.9175,104089.9542,215.9174786,2,2270.215061,1326.821686,4422738.954,0,"{""601288.SH"": 16500.0, ""601398.SH"": 11200.0}",-0.002224055358,-0.01467792148
2023-03-28,V20 LambdaRank change-only Top2,101488.9175,105085.9542,215.9174786,2,2270.215061,1326.821686,4422738.954,0,"{""601288.SH"": 16500.0, ""601398.SH"": 11200.0}",0.009911146228,-0.004912250273
2023-03-29,V20 LambdaRank change-only Top2,101877.9175,105474.9542,215.9174786,2,2270.215061,1326.821686,4422738.954,0,"{""601288.SH"": 16500.0, ""601398.SH"": 11200.0}",0.003832930823,-0.001098147766
2023-03-30,V20 LambdaRank change-only Top2,101824.9175,105421.9542,215.9174786,2,2270.215061,1326.821686,4422738.954,0,"{""601288.SH"": 16500.0, ""601398.SH"": 11200.0}",-0.0005202305005,-0.001617806976
2023-03-31,V20 LambdaRank change-only Top2,101482.9175,105079.9542,215.9174786,2,2270.215061,1326.821686,4422738.954,0,"{""601288.SH"": 16500.0, ""601398.SH"": 11200.0}",-0.00335870638,-0.004971079618
2023-04-03,V20 LambdaRank change-only Top2,101205.9175,104802.9542,215.9174786,2,2270.215061,1326.821686,4422738.954,0,"{""601288.SH"": 16500.0, ""601398.SH"": 11200.0}",-0.00272952342,-0.00768703436
2023-04-04,V20 LambdaRank change-only Top2,102786.442,106546.9542,254.4419629,2,2373.157177,1387.355086,4624516.954,0,"{""601939.SH"": 8500.0, ""601988.SH"": 14900.0}",0.0156169177,0
2023-04-06,V20 LambdaRank change-only Top2,102850.442,106610.9542,254.4419629,2,2373.157177,1387.355086,4624516.954,0,"{""601939.SH"": 8500.0, ""601988.SH"": 14900.0}",0.0006226502132,0
2023-04-07,V20 LambdaRank change-only Top2,102871.442,106631.9542,254.4419629,2,2373.157177,1387.355086,4624516.954,0,"{""601939.SH"": 8500.0, ""601988.SH"": 14900.0}",0.0002041799685,0
2023-04-10,V20 LambdaRank change-only Top2,102786.442,106546.9542,254.4419629,2,2373.157177,1387.355086,4624516.954,0,"{""601939.SH"": 8500.0, ""601988.SH"": 14900.0}",-0.000826274021,-0.000826274021
2023-04-11,V20 LambdaRank change-only Top2,103403.442,107163.9542,254.4419629,2,2373.157177,1387.355086,4624516.954,0,"{""601939.SH"": 8500.0, ""601988.SH"": 14900.0}",0.006002737211,0
2023-04-12,V20 LambdaRank change-only Top2,104615.442,108375.9542,254.4419629,2,2373.157177,1387.355086,4624516.954,0,"{""601939.SH"": 8500.0, ""601988.SH"": 14900.0}",0.01172107985,0
2023-04-13,V20 LambdaRank change-only Top2,105700.442,109460.9542,254.4419629,2,2373.157177,1387.355086,4624516.954,0,"{""601939.SH"": 8500.0, ""601988.SH"": 14900.0}",0.01037131784,0
2023-04-14,V20 LambdaRank change-only Top2,105168.442,108928.9542,254.4419629,2,2373.157177,1387.355086,4624516.954,0,"{""601939.SH"": 8500.0, ""601988.SH"": 14900.0}",-0.005033091538,-0.005033091538
2023-04-17,V20 LambdaRank change-only Top2,107146.442,110906.9542,254.4419629,2,2373.157177,1387.355086,4624516.954,0,"{""601939.SH"": 8500.0, ""601988.SH"": 14900.0}",0.01880792339,0
2023-04-18,V20 LambdaRank change-only Top2,107699.442,111459.9542,254.4419629,2,2373.157177,1387.355086,4624516.954,0,"{""601939.SH"": 8500.0, ""601988.SH"": 14900.0}",0.00516116065,0
2023-04-19,V20 LambdaRank change-only Top2,107848.442,111608.9542,254.4419629,2,2373.157177,1387.355086,4624516.954,0,"{""601939.SH"": 8500.0, ""601988.SH"": 14900.0}",0.001383479777,0
2023-04-20,V20 LambdaRank change-only Top2,107529.442,111289.9542,254.4419629,2,2373.157177,1387.355086,4624516.954,0,"{""601939.SH"": 8500.0, ""601988.SH"": 14900.0}",-0.002957854506,-0.002957854506
2023-04-21,V20 LambdaRank change-only Top2,106806.442,110566.9542,254.4419629,2,2373.157177,1387.355086,4624516.954,0,"{""601939.SH"": 8500.0, ""601988.SH"": 14900.0}",-0.006723739906,-0.009661706567
2023-04-24,V20 LambdaRank change-only Top2,107572.442,111332.9542,254.4419629,2,2373.157177,1387.355086,4624516.954,0,"{""601939.SH"": 8500.0, ""601988.SH"": 14900.0}",0.007171852052,-0.002559146845
2023-04-25,V20 LambdaRank change-only Top2,109167.442,112927.9542,254.4419629,2,2373.157177,1387.355086,4624516.954,0,"{""601939.SH"": 8500.0, ""601988.SH"": 14900.0}",0.01482721756,0
2023-04-26,V20 LambdaRank change-only Top2,108763.442,112523.9542,254.4419629,2,2373.157177,1387.355086,4624516.954,0,"{""601939.SH"": 8500.0, ""601988.SH"": 14900.0}",-0.003700737076,-0.003700737076
2023-04-27,V20 LambdaRank change-only Top2,108657.442,112417.9542,254.4419629,2,2373.157177,1387.355086,4624516.954,0,"{""601939.SH"": 8500.0, ""601988.SH"": 14900.0}",-0.0009745921799,-0.004671722547
2023-04-28,V20 LambdaRank change-only Top2,108572.442,112332.9542,254.4419629,2,2373.157177,1387.355086,4624516.954,0,"{""601939.SH"": 8500.0, ""601988.SH"": 14900.0}",-0.0007822749962,-0.005450342971
2023-05-04,V20 LambdaRank change-only Top2,114635.442,118395.9542,254.4419629,2,2373.157177,1387.355086,4624516.954,0,"{""601939.SH"": 8500.0, ""601988.SH"": 14900.0}",0.05584289982,0
2023-05-05,V20 LambdaRank change-only Top2,117826.442,121586.9542,254.4419629,2,2373.157177,1387.355086,4624516.954,0,"{""601939.SH"": 8500.0, ""601988.SH"": 14900.0}",0.02783606837,0
2023-05-08,V20 LambdaRank change-only Top2,126910.442,130670.9542,254.4419629,2,2373.157177,1387.355086,4624516.954,0,"{""601939.SH"": 8500.0, ""601988.SH"": 14900.0}",0.07709644668,0
2023-05-09,V20 LambdaRank change-only Top2,127613.442,131373.9542,254.4419629,2,2373.157177,1387.355086,4624516.954,0,"{""601939.SH"": 8500.0, ""601988.SH"": 14900.0}",0.00553933931,0
2023-05-10,V20 LambdaRank change-only Top2,120743.442,124503.9542,254.4419629,2,2373.157177,1387.355086,4624516.954,0,"{""601939.SH"": 8500.0, ""601988.SH"": 14900.0}",-0.05383445423,-0.05383445423
2023-05-11,V20 LambdaRank change-only Top2,117828.442,121588.9542,254.4419629,2,2373.157177,1387.355086,4624516.954,0,"{""601939.SH"": 8500.0, ""601988.SH"": 14900.0}",-0.02414209793,-0.07667687549
2023-05-12,V20 LambdaRank change-only Top2,117573.442,121333.9542,254.4419629,2,2373.157177,1387.355086,4624516.954,0,"{""601939.SH"": 8500.0, ""601988.SH"": 14900.0}",-0.002164163387,-0.07867509759
2023-05-15,V20 LambdaRank change-only Top2,118806.442,122566.9542,254.4419629,2,2373.157177,1387.355086,4624516.954,0,"{""601939.SH"": 8500.0, ""601988.SH"": 14900.0}",0.01048706221,-0.06901310602
2023-05-16,V20 LambdaRank change-only Top2,119210.442,122970.9542,254.4419629,2,2373.157177,1387.355086,4624516.954,0,"{""601939.SH"": 8500.0, ""601988.SH"": 14900.0}",0.003400489008,-0.06584729532
2023-05-17,V20 LambdaRank change-only Top2,118019.442,121779.9542,254.4419629,2,2373.157177,1387.355086,4624516.954,0,"{""601939.SH"": 8500.0, ""601988.SH"": 14900.0}",-0.009990735546,-0.07518016795
2023-05-18,V20 LambdaRank change-only Top2,120103.442,123863.9542,254.4419629,2,2373.157177,1387.355086,4624516.954,0,"{""601939.SH"": 8500.0, ""601988.SH"": 14900.0}",0.01765810756,-0.05884959989
2023-05-19,V20 LambdaRank change-only Top2,118763.442,122523.9542,254.4419629,2,2373.157177,1387.355086,4624516.954,0,"{""601939.SH"": 8500.0, ""601988.SH"": 14900.0}",-0.01115704911,-0.06935006112
2023-05-22,V20 LambdaRank change-only Top2,119252.442,123012.9542,254.4419629,2,2373.157177,1387.355086,4624516.954,0,"{""601939.SH"": 8500.0, ""601988.SH"": 14900.0}",0.004117428663,-0.06551817639
2023-05-23,V20 LambdaRank change-only Top2,115700.442,119460.9542,254.4419629,2,2373.157177,1387.355086,4624516.954,0,"{""601939.SH"": 8500.0, ""601988.SH"": 14900.0}",-0.02978555358,-0.09335223482
2023-05-24,V20 LambdaRank change-only Top2,111765.442,115525.9542,254.4419629,2,2373.157177,1387.355086,4624516.954,0,"{""601939.SH"": 8500.0, ""601988.SH"": 14900.0}",-0.03401024173,-0.1241875445
2023-05-25,V20 LambdaRank change-only Top2,111000.442,114760.9542,254.4419629,2,2373.157177,1387.355086,4624516.954,0,"{""601939.SH"": 8500.0, ""601988.SH"": 14900.0}",-0.006844691763,-0.1301822108
2023-05-26,V20 LambdaRank change-only Top2,112190.442,115950.9542,254.4419629,2,2373.157177,1387.355086,4624516.954,0,"{""601939.SH"": 8500.0, ""601988.SH"": 14900.0}",0.01072067803,-0.1208571743
2023-05-29,V20 LambdaRank change-only Top2,114721.442,118481.9542,254.4419629,2,2373.157177,1387.355086,4624516.954,0,"{""601939.SH"": 8500.0, ""601988.SH"": 14900.0}",0.02255985408,-0.1010238404
2023-05-30,V20 LambdaRank change-only Top2,113721.442,117481.9542,254.4419629,2,2373.157177,1387.355086,4624516.954,0,"{""601939.SH"": 8500.0, ""601988.SH"": 14900.0}",-0.008716766307,-0.1088600055
2023-05-31,V20 LambdaRank change-only Top2,112764.442,116524.9542,254.4419629,2,2373.157177,1387.355086,4624516.954,0,"{""601939.SH"": 8500.0, ""601988.SH"": 14900.0}",-0.008415299555,-0.1163592155
2023-06-01,V20 LambdaRank change-only Top2,112751.2183,116511.7305,254.4419629,2,2373.157177,1387.355086,4624516.954,0,"{""601939.SH"": 8501.63887, ""601988.SH"": 14899.314659}",-0.0001172682789,-0.1164628386
2023-06-02,V20 LambdaRank change-only Top2,112114.0799,116055.7115,437.7458276,2,2487.222799,1454.408813,4848029.377,0,"{""601288.SH"": 16200.0, ""601988.SH"": 14299.314659}",-0.00565083402,-0.1214555604
2023-06-05,V20 LambdaRank change-only Top2,115021.0182,118962.6498,437.7458276,2,2487.222799,1454.408813,4848029.377,0,"{""601288.SH"": 16200.0, ""601988.SH"": 14299.314659}",0.02592839653,-0.09867631183
2023-06-06,V20 LambdaRank change-only Top2,115164.0113,119105.6429,437.7458276,2,2487.222799,1454.408813,4848029.377,1.455191523e-11,"{""601288.SH"": 16200.0, ""601988.SH"": 14299.314659}",0.001243191452,-0.09755579392
2023-06-07,V20 LambdaRank change-only Top2,116850.977,120792.6087,437.7458276,2,2487.222799,1454.408813,4848029.377,1.455191523e-11,"{""601288.SH"": 16200.0, ""601988.SH"": 14299.314659}",0.01464837594,-0.08433645193
2023-06-08,V20 LambdaRank change-only Top2,119881.9017,123823.5333,437.7458276,2,2487.222799,1454.408813,4848029.377,1.455191523e-11,"{""601288.SH"": 16200.0, ""601988.SH"": 14299.314659}",0.02593837629,-0.06058562626
2023-06-09,V20 LambdaRank change-only Top2,119109.9154,123051.547,437.7458276,2,2487.222799,1454.408813,4848029.377,0,"{""601288.SH"": 16200.0, ""601988.SH"": 14299.314659}",-0.006439556618,-0.06663503831
2023-06-12,V20 LambdaRank change-only Top2,117498.977,121440.6087,437.7458276,2,2487.222799,1454.408813,4848029.377,1.455191523e-11,"{""601288.SH"": 16200.0, ""601988.SH"": 14299.314659}",-0.0135248045,-0.07925861694
2023-06-13,V20 LambdaRank change-only Top2,117946.9633,121888.595,437.7458276,2,2487.222799,1454.408813,4848029.377,1.455191523e-11,"{""601288.SH"": 16200.0, ""601988.SH"": 14299.314659}",0.003812682497,-0.07574812239
2023-06-14,V20 LambdaRank change-only Top2,115307.0045,119248.6361,437.7458276,2,2487.222799,1454.408813,4848029.377,0,"{""601288.SH"": 16200.0, ""601988.SH"": 14299.314659}",-0.02238259303,-0.09643527602
2023-06-15,V20 LambdaRank change-only Top2,116097.9976,120039.6292,437.7458276,2,2487.222799,1454.408813,4848029.377,1.455191523e-11,"{""601288.SH"": 16200.0, ""601988.SH"": 14299.314659}",0.00685988809,-0.09023692313
2023-06-16,V20 LambdaRank change-only Top2,115059.0319,119000.6635,437.7458276,2,2487.222799,1454.408813,4848029.377,1.455191523e-11,"{""601288.SH"": 16200.0, ""601988.SH"": 14299.314659}",-0.008949040934,-0.09837843015
2023-06-19,V20 LambdaRank change-only Top2,113229.073,117170.7046,437.7458276,2,2487.222799,1454.408813,4848029.377,0,"{""601288.SH"": 16200.0, ""601988.SH"": 14299.314659}",-0.01590452179,-0.11271829
2023-06-20,V20 LambdaRank change-only Top2,112476.0936,116417.7252,437.7458276,2,2487.222799,1454.408813,4848029.377,0,"{""601288.SH"": 16200.0, ""601988.SH"": 14299.314659}",-0.006650053911,-0.1186187613
2023-06-21,V20 LambdaRank change-only Top2,113105.0867,117046.7183,437.7458276,2,2487.222799,1454.408813,4848029.377,1.455191523e-11,"{""601288.SH"": 16200.0, ""601988.SH"": 14299.314659}",0.005592238552,-0.1136898671
2023-06-26,V20 LambdaRank change-only Top2,110703.1552,114644.7869,437.7458276,2,2487.222799,1454.408813,4848029.377,0,"{""601288.SH"": 16200.0, ""601988.SH"": 14299.314659}",-0.02123628155,-0.1325117986
2023-06-27,V20 LambdaRank change-only Top2,112819.1004,116760.732,437.7458276,2,2487.222799,1454.408813,4848029.377,0,"{""601288.SH"": 16200.0, ""601988.SH"": 14299.314659}",0.01911368441,-0.1159309029
2023-06-28,V20 LambdaRank change-only Top2,112800.0936,116741.7252,437.7458276,2,2487.222799,1454.408813,4848029.377,0,"{""601288.SH"": 16200.0, ""601988.SH"": 14299.314659}",-0.0001684719462,-0.1160798438
2023-06-29,V20 LambdaRank change-only Top2,112171.1004,116112.732,437.7458276,2,2487.222799,1454.408813,4848029.377,0,"{""601288.SH"": 16200.0, ""601988.SH"": 14299.314659}",-0.005576175753,-0.1210087379
2023-06-30,V20 LambdaRank change-only Top2,113534.0661,117475.6978,437.7458276,2,2487.222799,1454.408813,4848029.377,1.455191523e-11,"{""601288.SH"": 16200.0, ""601988.SH"": 14299.314659}",0.01215077438,-0.1103283134
2023-07-03,V20 LambdaRank change-only Top2,115993.0182,119934.6498,437.7458276,2,2487.222799,1454.408813,4848029.377,0,"{""601288.SH"": 16200.0, ""601988.SH"": 14299.314659}",0.021658275,-0.09105955935
2023-07-04,V20 LambdaRank change-only Top2,114547.2051,118588.6909,232.8915957,2,2551.859131,1489.626713,4965422.377,0,"{""601398.SH"": 11900.0, ""601988.SH"": 14499.314659}",-0.01246465636,-0.1023891896
2023-07-05,V20 LambdaRank change-only Top2,114428.2051,118469.6909,232.8915957,2,2551.859131,1489.626713,4965422.377,0,"{""601398.SH"": 11900.0, ""601988.SH"": 14499.314659}",-0.001038873013,-0.1033216932
2023-07-06,V20 LambdaRank change-only Top2,113398.2256,117439.7115,232.8915957,2,2551.859131,1489.626713,4965422.377,0,"{""601398.SH"": 11900.0, ""601988.SH"": 14499.314659}",-0.009001097581,-0.1113927822
2023-07-07,V20 LambdaRank change-only Top2,113134.2325,117175.7183,232.8915957,2,2551.859131,1489.626713,4965422.377,0,"{""601398.SH"": 11900.0, ""601988.SH"": 14499.314659}",-0.002328018319,-0.1134614761
2023-07-10,V20 LambdaRank change-only Top2,113398.2256,117439.7115,232.8915957,2,2551.859131,1489.626713,4965422.377,0,"{""601398.SH"": 11900.0, ""601988.SH"": 14499.314659}",0.002333450635,-0.1113927822
2023-07-11,V20 LambdaRank change-only Top2,114692.1982,118733.684,232.8915957,2,2551.859131,1489.626713,4965422.377,0,"{""601398.SH"": 11900.0, ""601988.SH"": 14499.314659}",0.01141087155,-0.1012529994
2023-07-12,V20 LambdaRank change-only Top2,114454.1982,118495.684,232.8915957,2,2551.859131,1489.626713,4965422.377,0,"{""601398.SH"": 11900.0, ""601988.SH"": 14499.314659}",-0.002075119352,-0.1031180067
2023-07-13,V20 LambdaRank change-only Top2,116038.1571,120079.6429,232.8915957,2,2551.859131,1489.626713,4965422.377,0,"{""601398.SH"": 11900.0, ""601988.SH"": 14499.314659}",0.01383923792,-0.09070584337
2023-07-14,V20 LambdaRank change-only Top2,116038.1571,120079.6429,232.8915957,2,2551.859131,1489.626713,4965422.377,0,"{""601398.SH"": 11900.0, ""601988.SH"": 14499.314659}",0,-0.09070584337
2023-07-17,V20 LambdaRank change-only Top2,116199.5675,120241.0534,232.8915957,2,2551.859131,1489.626713,4965422.377,0,"{""601398.SH"": 12682.745472, ""601988.SH"": 15386.347248}",0.001391011785,-0.08944100448
2023-07-18,V20 LambdaRank change-only Top2,114895.9043,118937.3902,232.8915957,2,2551.859131,1489.626713,4965422.377,0,"{""601398.SH"": 12682.745472, ""601988.SH"": 15386.347248}",-0.01121917428,-0.09965672454
2023-07-19,V20 LambdaRank change-only Top2,115303.4227,119344.9086,232.8915957,2,2551.859131,1489.626713,4965422.377,0,"{""601398.SH"": 12682.745472, ""601988.SH"": 15386.347248}",0.003546848639,-0.09646334322
2023-07-20,V20 LambdaRank change-only Top2,115710.9411,119752.4269,232.8915957,2,2551.859131,1489.626713,4965422.377,0,"{""601398.SH"": 12682.745472, ""601988.SH"": 15386.347248}",0.003534312966,-0.0932699619
2023-07-21,V20 LambdaRank change-only Top2,115864.8046,119906.2904,232.8915957,2,2551.859131,1489.626713,4965422.377,0,"{""601398.SH"": 12682.745472, ""601988.SH"": 15386.347248}",0.001329722765,-0.09206426232
2023-07-24,V20 LambdaRank change-only Top2,115276.3867,119317.8725,232.8915957,2,2551.859131,1489.626713,4965422.377,0,"{""601398.SH"": 12682.745472, ""601988.SH"": 15386.347248}",-0.005078486727,-0.09667520192
2023-07-25,V20 LambdaRank change-only Top2,117449.1587,121490.6445,232.8915957,2,2551.859131,1489.626713,4965422.377,0,"{""601398.SH"": 12682.745472, ""601988.SH"": 15386.347248}",0.01884837008,-0.07964900181
2023-07-26,V20 LambdaRank change-only Top2,117268.2592,121309.745,232.8915957,2,2551.859131,1489.626713,4965422.377,0,"{""601398.SH"": 12682.745472, ""601988.SH"": 15386.347248}",-0.001540236578,-0.08106656009
2023-07-27,V20 LambdaRank change-only Top2,118617.6418,122659.1276,232.8915957,2,2551.859131,1489.626713,4965422.377,0,"{""601398.SH"": 12682.745472, ""601988.SH"": 15386.347248}",0.01150680167,-0.07049257525
2023-07-28,V20 LambdaRank change-only Top2,121143.8601,125185.346,232.8915957,2,2551.859131,1489.626713,4965422.377,0,"{""601398.SH"": 12682.745472, ""601988.SH"": 15386.347248}",0.02129715535,-0.05069671122
2023-07-31,V20 LambdaRank change-only Top2,120890.2052,124931.6911,232.8915957,2,2551.859131,1489.626713,4965422.377,0,"{""601398.SH"": 12682.745472, ""601988.SH"": 15386.347248}",-0.002093832152,-0.05268439297
2023-08-01,V20 LambdaRank change-only Top2,121324.7596,125366.2455,232.8915957,2,2551.859131,1489.626713,4965422.377,0,"{""601398.SH"": 12682.745472, ""601988.SH"": 15386.347248}",0.003594620415,-0.04927915295
2023-08-02,V20 LambdaRank change-only Top2,118237.1594,122278.6453,232.8915957,2,2551.859131,1489.626713,4965422.377,0,"{""601398.SH"": 12682.745472, ""601988.SH"": 15386.347248}",-0.02544905268,-0.07347409787
2023-08-03,V20 LambdaRank change-only Top2,119640.6141,123682.0999,232.8915957,2,2551.859131,1489.626713,4965422.377,0,"{""601398.SH"": 12682.745472, ""601988.SH"": 15386.347248}",0.01186982707,-0.06247639563
2023-08-04,V20 LambdaRank change-only Top2,120201.9959,124243.4818,232.8915957,2,2551.859131,1489.626713,4965422.377,0,"{""601398.SH"": 12682.745472, ""601988.SH"": 15386.347248}",0.004692234813,-0.05807731474
2023-08-07,V20 LambdaRank change-only Top2,119359.9231,123401.409,232.8915957,2,2551.859131,1489.626713,4965422.377,0,"{""601398.SH"": 12682.745472, ""601988.SH"": 15386.347248}",-0.007005480858,-0.06467593608
2023-08-08,V20 LambdaRank change-only Top2,118517.8504,122559.3362,232.8915957,2,2551.859131,1489.626713,4965422.377,0,"{""601398.SH"": 12682.745472, ""601988.SH"": 15386.347248}",-0.007054903852,-0.07127455742
2023-08-09,V20 LambdaRank change-only Top2,119052.1962,123093.682,232.8915957,2,2551.859131,1489.626713,4965422.377,0,"{""601398.SH"": 12682.745472, ""601988.SH"": 15386.347248}",0.004508568414,-0.06708733523
2023-08-10,V20 LambdaRank change-only Top2,118644.6778,122686.1637,232.8915957,2,2551.859131,1489.626713,4965422.377,0,"{""601398.SH"": 12682.745472, ""601988.SH"": 15386.347248}",-0.003423022799,-0.07028071655
2023-08-11,V20 LambdaRank change-only Top2,116860.7408,120902.2267,232.8915957,2,2551.859131,1489.626713,4965422.377,0,"{""601398.SH"": 12682.745472, ""601988.SH"": 15386.347248}",-0.01503596312,-0.08425994141
2023-08-14,V20 LambdaRank change-only Top2,115303.4227,119344.9086,232.8915957,2,2551.859131,1489.626713,4965422.377,0,"{""601398.SH"": 12682.745472, ""601988.SH"": 15386.347248}",-0.01332627277,-0.09646334322
2023-08-15,V20 LambdaRank change-only Top2,117856.6771,121898.1629,232.8915957,2,2551.859131,1489.626713,4965422.377,0,"{""601398.SH"": 12682.745472, ""601988.SH"": 15386.347248}",0.02214378639,-0.07645562049
2023-08-16,V20 LambdaRank change-only Top2,117702.8136,121744.2994,232.8915957,2,2551.859131,1489.626713,4965422.377,0,"{""601398.SH"": 12682.745472, ""601988.SH"": 15386.347248}",-0.001305513411,-0.07766132007
2023-08-17,V20 LambdaRank change-only Top2,116580.0499,120621.5357,232.8915957,2,2551.859131,1489.626713,4965422.377,0,"{""601398.SH"": 12682.745472, ""601988.SH"": 15386.347248}",-0.009538970858,-0.08645948185
2023-08-18,V20 LambdaRank change-only Top2,116860.7408,120902.2267,232.8915957,2,2551.859131,1489.626713,4965422.377,0,"{""601398.SH"": 12682.745472, ""601988.SH"": 15386.347248}",0.002407709788,-0.08425994141
2023-08-21,V20 LambdaRank change-only Top2,115457.2862,119498.772,232.8915957,2,2551.859131,1489.626713,4965422.377,0,"{""601398.SH"": 12682.745472, ""601988.SH"": 15386.347248}",-0.01200963323,-0.09525764364
2023-08-22,V20 LambdaRank change-only Top2,117141.4317,121182.9176,232.8915957,2,2551.859131,1489.626713,4965422.377,0,"{""601398.SH"": 12682.745472, ""601988.SH"": 15386.347248}",0.01458674129,-0.08206040096
2023-08-23,V20 LambdaRank change-only Top2,118010.5405,122052.0264,232.8915957,2,2551.859131,1489.626713,4965422.377,0,"{""601398.SH"": 12682.745472, ""601988.SH"": 15386.347248}",0.007419311736,-0.07524992092
2023-08-24,V20 LambdaRank change-only Top2,116607.0859,120648.5718,232.8915957,2,2551.859131,1489.626713,4965422.377,0,"{""601398.SH"": 12682.745472, ""601988.SH"": 15386.347248}",-0.01189262103,-0.08624762316
2023-08-25,V20 LambdaRank change-only Top2,117648.7416,121690.2274,232.8915957,2,2551.859131,1489.626713,4965422.377,0,"{""601398.SH"": 12682.745472, ""601988.SH"": 15386.347248}",0.008933039081,-0.07808503746
2023-08-28,V20 LambdaRank change-only Top2,119305.8511,123347.337,232.8915957,2,2551.859131,1489.626713,4965422.377,0,"{""601398.SH"": 12682.745472, ""601988.SH"": 15386.347248}",0.01408522967,-0.06509965348
2023-08-29,V20 LambdaRank change-only Top2,117422.1227,121463.6085,232.8915957,2,2551.859131,1489.626713,4965422.377,0,"{""601398.SH"": 12682.745472, ""601988.SH"": 15386.347248}",-0.01578907002,-0.07986086051
2023-08-30,V20 LambdaRank change-only Top2,116299.359,120340.8448,232.8915957,2,2551.859131,1489.626713,4965422.377,0,"{""601398.SH"": 12682.745472, ""601988.SH"": 15386.347248}",-0.009561773227,-0.0886590223
2023-08-31,V20 LambdaRank change-only Top2,116525.9779,120567.4637,232.8915957,2,2551.859131,1489.626713,4965422.377,0,"{""601398.SH"": 12682.745472, ""601988.SH"": 15386.347248}",0.001948582466,-0.08688319925
2023-09-01,V20 LambdaRank change-only Top2,115276.3867,119317.8725,232.8915957,2,2551.859131,1489.626713,4965422.377,0,"{""601398.SH"": 12682.745472, ""601988.SH"": 15386.347248}",-0.01072371317,-0.09667520192
2023-09-04,V20 LambdaRank change-only Top2,116113.9979,120254.4269,233.9226929,2,2615.980103,1524.448906,5081496.352,0,"{""601288.SH"": 16700.0, ""601988.SH"": 15486.347248}",0.007266112859,-0.09011154198
2023-09-05,V20 LambdaRank change-only Top2,115303.271,119443.7,233.9226929,2,2615.980103,1524.448906,5081496.352,0,"{""601288.SH"": 16700.0, ""601988.SH"": 15486.347248}",-0.006982163731,-0.09646453217
2023-09-06,V20 LambdaRank change-only Top2,115470.271,119610.7,233.9226929,2,2615.980103,1524.448906,5081496.352,0,"{""601288.SH"": 16700.0, ""601988.SH"": 15486.347248}",0.001448354401,-0.0951558926
2023-09-07,V20 LambdaRank change-only Top2,115470.271,119610.7,233.9226929,2,2615.980103,1524.448906,5081496.352,0,"{""601288.SH"": 16700.0, ""601988.SH"": 15486.347248}",0,-0.0951558926
2023-09-08,V20 LambdaRank change-only Top2,114838.6806,118979.1096,233.9226929,2,2615.980103,1524.448906,5081496.352,0,"{""601288.SH"": 16700.0, ""601988.SH"": 15486.347248}",-0.005469723177,-0.1001051394
2023-09-11,V20 LambdaRank change-only Top2,114826.544,118966.973,233.9226929,2,2615.980103,1524.448906,5081496.352,0,"{""601288.SH"": 16700.0, ""601988.SH"": 15486.347248}",-0.000105683272,-0.1002002432
2023-09-12,V20 LambdaRank change-only Top2,114516.8171,118657.2461,233.9226929,2,2615.980103,1524.448906,5081496.352,0,"{""601288.SH"": 16700.0, ""601988.SH"": 15486.347248}",-0.002697346224,-0.1026273147
2023-09-13,V20 LambdaRank change-only Top2,114993.544,119133.973,233.9226929,2,2615.980103,1524.448906,5081496.352,0,"{""601288.SH"": 16700.0, ""601988.SH"": 15486.347248}",0.004162942676,-0.09889160365
2023-09-14,V20 LambdaRank change-only Top2,116447.9979,120588.4269,233.9226929,2,2615.980103,1524.448906,5081496.352,0,"{""601288.SH"": 16700.0, ""601988.SH"": 15486.347248}",0.01264813518,-0.08749426284
2023-09-15,V20 LambdaRank change-only Top2,115482.4075,119622.8365,233.9226929,2,2615.980103,1524.448906,5081496.352,0,"{""601288.SH"": 16700.0, ""601988.SH"": 15486.347248}",-0.008292031075,-0.09506078877
2023-09-18,V20 LambdaRank change-only Top2,115482.4075,119622.8365,233.9226929,2,2615.980103,1524.448906,5081496.352,0,"{""601288.SH"": 16700.0, ""601988.SH"": 15486.347248}",0,-0.09506078877
2023-09-19,V20 LambdaRank change-only Top2,116948.9979,121089.4269,233.9226929,2,2615.980103,1524.448906,5081496.352,0,"{""601288.SH"": 16700.0, ""601988.SH"": 15486.347248}",0.0126996869,-0.08356834413
2023-09-20,V20 LambdaRank change-only Top2,118558.3153,122698.7443,233.9226929,2,2615.980103,1524.448906,5081496.352,0,"{""601288.SH"": 16700.0, ""601988.SH"": 15486.347248}",0.01376084781,-0.07095746758
2023-09-21,V20 LambdaRank change-only Top2,117914.5883,122055.0174,233.9226929,2,2615.980103,1524.448906,5081496.352,0,"{""601288.SH"": 16700.0, ""601988.SH"": 15486.347248}",-0.005429622911,-0.0760018182
2023-09-22,V20 LambdaRank change-only Top2,118880.1788,123020.6078,233.9226929,2,2615.980103,1524.448906,5081496.352,0,"{""601288.SH"": 16700.0, ""601988.SH"": 15486.347248}",0.008188896989,-0.06843529227
2023-09-25,V20 LambdaRank change-only Top2,119536.0422,123676.4712,233.9226929,2,2615.980103,1524.448906,5081496.352,0,"{""601288.SH"": 16700.0, ""601988.SH"": 15486.347248}",0.005517012838,-0.06329583782
2023-09-26,V20 LambdaRank change-only Top2,119226.3153,123366.7443,233.9226929,2,2615.980103,1524.448906,5081496.352,0,"{""601288.SH"": 16700.0, ""601988.SH"": 15486.347248}",-0.002591075789,-0.06572290929
2023-09-27,V20 LambdaRank change-only Top2,117604.8614,121745.2904,233.9226929,2,2615.980103,1524.448906,5081496.352,0,"{""601288.SH"": 16700.0, ""601988.SH"": 15486.347248}",-0.01359979872,-0.07842888967
2023-09-28,V20 LambdaRank change-only Top2,118737.4518,122877.8808,233.9226929,2,2615.980103,1524.448906,5081496.352,0,"{""601288.SH"": 16700.0, ""601988.SH"": 15486.347248}",0.009630472788,-0.06955372417
2023-10-09,V20 LambdaRank change-only Top2,118582.5883,122723.0174,233.9226929,2,2615.980103,1524.448906,5081496.352,0,"{""601288.SH"": 16700.0, ""601988.SH"": 15486.347248}",-0.001304251271,-0.07076725991
2023-10-10,V20 LambdaRank change-only Top2,118429.0015,122761.0174,257.0014906,2,2736.62216,1595.393705,5317979.017,0,"{""601288.SH"": 16400.0, ""601398.SH"": 12600.0}",-0.001295188937,-0.07197079188
2023-10-11,V20 LambdaRank change-only Top2,119589.0015,123921.0174,257.0014906,2,2736.62216,1595.393705,5317979.017,0,"{""601288.SH"": 16400.0, ""601398.SH"": 12600.0}",0.009794898086,-0.06288084036
2023-10-12,V20 LambdaRank change-only Top2,121429.0015,125761.0174,257.0014906,2,2736.62216,1595.393705,5317979.017,0,"{""601288.SH"": 16400.0, ""601398.SH"": 12600.0}",0.0153860303,-0.04846229658
2023-10-13,V20 LambdaRank change-only Top2,122879.0015,127211.0174,257.0014906,2,2736.62216,1595.393705,5317979.017,0,"{""601288.SH"": 16400.0, ""601398.SH"": 12600.0}",0.01194113418,-0.03709985719
2023-10-16,V20 LambdaRank change-only Top2,123093.0015,127425.0174,257.0014906,2,2736.62216,1595.393705,5317979.017,0,"{""601288.SH"": 16400.0, ""601398.SH"": 12600.0}",0.00174155061,-0.03542291786
2023-10-17,V20 LambdaRank change-only Top2,123257.0015,127589.0174,257.0014906,2,2736.62216,1595.393705,5317979.017,0,"{""601288.SH"": 16400.0, ""601398.SH"": 12600.0}",0.001332325949,-0.03413778678
2023-10-18,V20 LambdaRank change-only Top2,123711.0015,128043.0174,257.0014906,2,2736.62216,1595.393705,5317979.017,0,"{""601288.SH"": 16400.0, ""601398.SH"": 12600.0}",0.003683360738,-0.03058016783
2023-10-19,V20 LambdaRank change-only Top2,121303.0015,125635.0174,257.0014906,2,2736.62216,1595.393705,5317979.017,0,"{""601288.SH"": 16400.0, ""601398.SH"": 12600.0}",-0.01946471996,-0.04944965338
2023-10-20,V20 LambdaRank change-only Top2,120635.0015,124967.0174,257.0014906,2,2736.62216,1595.393705,5317979.017,0,"{""601288.SH"": 16400.0, ""601398.SH"": 12600.0}",-0.005506871156,-0.05468421167
2023-10-23,V20 LambdaRank change-only Top2,120849.0015,125181.0174,257.0014906,2,2736.62216,1595.393705,5317979.017,0,"{""601288.SH"": 16400.0, ""601398.SH"": 12600.0}",0.001773946179,-0.05300727234
2023-10-24,V20 LambdaRank change-only Top2,119273.0015,123605.0174,257.0014906,2,2736.62216,1595.393705,5317979.017,0,"{""601288.SH"": 16400.0, ""601398.SH"": 12600.0}",-0.01304106762,-0.06535706853
2023-10-25,V20 LambdaRank change-only Top2,117987.0015,122319.0174,257.0014906,2,2736.62216,1595.393705,5317979.017,0,"{""601288.SH"": 16400.0, ""601398.SH"": 12600.0}",-0.01078198741,-0.07543437685
2023-10-26,V20 LambdaRank change-only Top2,119979.0015,124311.0174,257.0014906,2,2736.62216,1595.393705,5317979.017,0,"{""601288.SH"": 16400.0, ""601398.SH"": 12600.0}",0.01688321573,-0.05982473597
2023-10-27,V20 LambdaRank change-only Top2,119891.0015,124223.0174,257.0014906,2,2736.62216,1595.393705,5317979.017,0,"{""601288.SH"": 16400.0, ""601398.SH"": 12600.0}",-0.00073346168,-0.0605143185
2023-10-30,V20 LambdaRank change-only Top2,117735.0015,122067.0174,257.0014906,2,2736.62216,1595.393705,5317979.017,0,"{""601288.SH"": 16400.0, ""601398.SH"": 12600.0}",-0.017983001,-0.07740909046
2023-10-31,V20 LambdaRank change-only Top2,118731.0015,123063.0174,257.0014906,2,2736.62216,1595.393705,5317979.017,0,"{""601288.SH"": 16400.0, ""601398.SH"": 12600.0}",0.008459676285,-0.06960427002
2023-11-01,V20 LambdaRank change-only Top2,119727.0015,124059.0174,257.0014906,2,2736.62216,1595.393705,5317979.017,0,"{""601288.SH"": 16400.0, ""601398.SH"": 12600.0}",0.008388710509,-0.06179944958
2023-11-02,V20 LambdaRank change-only Top2,120979.6468,125414.0174,359.646758,2,2802.901592,1631.469005,5438230.017,0,"{""601288.SH"": 16500.0, ""601939.SH"": 9500.0}",0.01046251265,-0.05198351445
2023-11-03,V20 LambdaRank change-only Top2,119939.6468,124374.0174,359.646758,2,2802.901592,1631.469005,5438230.017,0,"{""601288.SH"": 16500.0, ""601939.SH"": 9500.0}",-0.008596487326,-0.06013312616
2023-11-06,V20 LambdaRank change-only Top2,118329.6468,122764.0174,359.646758,2,2802.901592,1631.469005,5438230.017,0,"{""601288.SH"": 16500.0, ""601939.SH"": 9500.0}",-0.01342341789,-0.07274935197
2023-11-07,V20 LambdaRank change-only Top2,119299.6468,123734.0174,359.646758,2,2802.901592,1631.469005,5438230.017,0,"{""601288.SH"": 16500.0, ""601939.SH"": 9500.0}",0.008197438483,-0.06514827182
2023-11-08,V20 LambdaRank change-only Top2,119229.6468,123664.0174,359.646758,2,2802.901592,1631.469005,5438230.017,0,"{""601288.SH"": 16500.0, ""601939.SH"": 9500.0}",-0.0005867578145,-0.06569680338
2023-11-09,V20 LambdaRank change-only Top2,120864.6468,125299.0174,359.646758,2,2802.901592,1631.469005,5438230.017,0,"{""601288.SH"": 16500.0, ""601939.SH"": 9500.0}",0.01371303232,-0.05288467344
2023-11-10,V20 LambdaRank change-only Top2,121149.6468,125584.0174,359.646758,2,2802.901592,1631.469005,5438230.017,0,"{""601288.SH"": 16500.0, ""601939.SH"": 9500.0}",0.002358009622,-0.05065136639
2023-11-13,V20 LambdaRank change-only Top2,120604.6468,125039.0174,359.646758,2,2802.901592,1631.469005,5438230.017,0,"{""601288.SH"": 16500.0, ""601939.SH"": 9500.0}",-0.004498568626,-0.05492207637
2023-11-14,V20 LambdaRank change-only Top2,120769.6468,125204.0174,359.646758,2,2802.901592,1631.469005,5438230.017,0,"{""601288.SH"": 16500.0, ""601939.SH"": 9500.0}",0.00136810649,-0.05362910913
2023-11-15,V20 LambdaRank change-only Top2,120509.6468,124944.0174,359.646758,2,2802.901592,1631.469005,5438230.017,0,"{""601288.SH"": 16500.0, ""601939.SH"": 9500.0}",-0.002152858827,-0.05566651205
2023-11-16,V20 LambdaRank change-only Top2,121384.6468,125819.0174,359.646758,2,2802.901592,1631.469005,5438230.017,0,"{""601288.SH"": 16500.0, ""601939.SH"": 9500.0}",0.007260829515,-0.04880986759
2023-11-17,V20 LambdaRank change-only Top2,120864.6468,125299.0174,359.646758,2,2802.901592,1631.469005,5438230.017,0,"{""601288.SH"": 16500.0, ""601939.SH"": 9500.0}",-0.004283902568,-0.05288467344
2023-11-20,V20 LambdaRank change-only Top2,121289.6468,125724.0174,359.646758,2,2802.901592,1631.469005,5438230.017,0,"{""601288.SH"": 16500.0, ""601939.SH"": 9500.0}",0.003516330138,-0.04955430327
2023-11-21,V20 LambdaRank change-only Top2,121714.6468,126149.0174,359.646758,2,2802.901592,1631.469005,5438230.017,0,"{""601288.SH"": 16500.0, ""601939.SH"": 9500.0}",0.003504008886,-0.04622393311
2023-11-22,V20 LambdaRank change-only Top2,121264.6468,125699.0174,359.646758,2,2802.901592,1631.469005,5438230.017,0,"{""601288.SH"": 16500.0, ""601939.SH"": 9500.0}",-0.003697172132,-0.0497502074
2023-11-23,V20 LambdaRank change-only Top2,121169.6468,125604.0174,359.646758,2,2802.901592,1631.469005,5438230.017,0,"{""601288.SH"": 16500.0, ""601939.SH"": 9500.0}",-0.0007834105202,-0.05049464309
2023-11-24,V20 LambdaRank change-only Top2,121549.6468,125984.0174,359.646758,2,2802.901592,1631.469005,5438230.017,0,"{""601288.SH"": 16500.0, ""601939.SH"": 9500.0}",0.003136098934,-0.04751690035
2023-11-27,V20 LambdaRank change-only Top2,120674.6468,125109.0174,359.646758,2,2802.901592,1631.469005,5438230.017,0,"{""601288.SH"": 16500.0, ""601939.SH"": 9500.0}",-0.00719870459,-0.05437354481
2023-11-28,V20 LambdaRank change-only Top2,120934.6468,125369.0174,359.646758,2,2802.901592,1631.469005,5438230.017,0,"{""601288.SH"": 16500.0, ""601939.SH"": 9500.0}",0.002154553645,-0.05233614188
2023-11-29,V20 LambdaRank change-only Top2,120484.6468,124919.0174,359.646758,2,2802.901592,1631.469005,5438230.017,0,"{""601288.SH"": 16500.0, ""601939.SH"": 9500.0}",-0.003721018021,-0.05586241618
2023-11-30,V20 LambdaRank change-only Top2,121549.6468,125984.0174,359.646758,2,2802.901592,1631.469005,5438230.017,0,"{""601288.SH"": 16500.0, ""601939.SH"": 9500.0}",0.008839300514,-0.04751690035
2023-12-01,V20 LambdaRank change-only Top2,121194.6468,125629.0174,359.646758,2,2802.901592,1631.469005,5438230.017,0,"{""601288.SH"": 16500.0, ""601939.SH"": 9500.0}",-0.002920617291,-0.05029873896
2023-12-04,V20 LambdaRank change-only Top2,120805.4699,125338.0174,265.4698899,2,2864.71366,1667.833805,5559446.017,0,"{""601288.SH"": 16500.0, ""601398.SH"": 12600.0}",-0.003211172099,-0.05334839315
2023-12-05,V20 LambdaRank change-only Top2,119806.4699,124339.0174,265.4698899,2,2864.71366,1667.833805,5559446.017,0,"{""601288.SH"": 16500.0, ""601398.SH"": 12600.0}",-0.008269493103,-0.06117672208
2023-12-06,V20 LambdaRank change-only Top2,117730.4699,122263.0174,265.4698899,2,2864.71366,1667.833805,5559446.017,0,"{""601288.SH"": 16500.0, ""601398.SH"": 12600.0}",-0.01732794566,-0.07744460083
2023-12-07,V20 LambdaRank change-only Top2,118603.4699,123136.0174,265.4698899,2,2864.71366,1667.833805,5559446.017,0,"{""601288.SH"": 16500.0, ""601398.SH"": 12600.0}",0.007415242637,-0.0706036287
2023-12-08,V20 LambdaRank change-only Top2,118768.4699,123301.0174,265.4698899,2,2864.71366,1667.833805,5559446.017,0,"{""601288.SH"": 16500.0, ""601398.SH"": 12600.0}",0.001391190326,-0.06931066146
2023-12-11,V20 LambdaRank change-only Top2,118438.4699,122971.0174,265.4698899,2,2864.71366,1667.833805,5559446.017,0,"{""601288.SH"": 16500.0, ""601398.SH"": 12600.0}",-0.00277851521,-0.07189659594
2023-12-12,V20 LambdaRank change-only Top2,120349.4699,124882.0174,265.4698899,2,2864.71366,1667.833805,5559446.017,0,"{""601288.SH"": 16500.0, ""601398.SH"": 12600.0}",0.01613496022,-0.05692168443
2023-12-13,V20 LambdaRank change-only Top2,120349.4699,124882.0174,265.4698899,2,2864.71366,1667.833805,5559446.017,0,"{""601288.SH"": 16500.0, ""601398.SH"": 12600.0}",0,-0.05692168443
2023-12-14,V20 LambdaRank change-only Top2,120097.4699,124630.0174,265.4698899,2,2864.71366,1667.833805,5559446.017,0,"{""601288.SH"": 16500.0, ""601398.SH"": 12600.0}",-0.002093902036,-0.05889639804
2023-12-15,V20 LambdaRank change-only Top2,118933.4699,123466.0174,265.4698899,2,2864.71366,1667.833805,5559446.017,0,"{""601288.SH"": 16500.0, ""601398.SH"": 12600.0}",-0.009692127578,-0.06801769421
2023-12-18,V20 LambdaRank change-only Top2,120097.4699,124630.0174,265.4698899,2,2864.71366,1667.833805,5559446.017,0,"{""601288.SH"": 16500.0, ""601398.SH"": 12600.0}",0.009786984279,-0.05889639804
2023-12-19,V20 LambdaRank change-only Top2,120679.4699,125212.0174,265.4698899,2,2864.71366,1667.833805,5559446.017,0,"{""601288.SH"": 16500.0, ""601398.SH"": 12600.0}",0.004846063789,-0.05433574995
2023-12-20,V20 LambdaRank change-only Top2,120514.4699,125047.0174,265.4698899,2,2864.71366,1667.833805,5559446.017,0,"{""601288.SH"": 16500.0, ""601398.SH"": 12600.0}",-0.001367258243,-0.05562871719
2023-12-21,V20 LambdaRank change-only Top2,120184.4699,124717.0174,265.4698899,2,2864.71366,1667.833805,5559446.017,0,"{""601288.SH"": 16500.0, ""601398.SH"": 12600.0}",-0.002738260396,-0.05821465168
2023-12-22,V20 LambdaRank change-only Top2,120388.4699,124921.0174,265.4698899,2,2864.71366,1667.833805,5559446.017,0,"{""601288.SH"": 16500.0, ""601398.SH"": 12600.0}",0.001697390688,-0.056616074
2023-12-25,V20 LambdaRank change-only Top2,121135.4699,125668.0174,265.4698899,2,2864.71366,1667.833805,5559446.017,0,"{""601288.SH"": 16500.0, ""601398.SH"": 12600.0}",0.006204913151,-0.05076245867
2023-12-26,V20 LambdaRank change-only Top2,121552.4699,126085.0174,265.4698899,2,2864.71366,1667.833805,5559446.017,0,"{""601288.SH"": 16500.0, ""601398.SH"": 12600.0}",0.003442426899,-0.04749477782
2023-12-27,V20 LambdaRank change-only Top2,122008.4699,126541.0174,265.4698899,2,2864.71366,1667.833805,5559446.017,0,"{""601288.SH"": 16500.0, ""601398.SH"": 12600.0}",0.003751466345,-0.04392148654
2023-12-28,V20 LambdaRank change-only Top2,120262.4699,124795.0174,265.4698899,2,2864.71366,1667.833805,5559446.017,0,"{""601288.SH"": 16500.0, ""601398.SH"": 12600.0}",-0.0143104819,-0.0576034308
2023-12-29,V20 LambdaRank change-only Top2,120553.4699,125086.0174,265.4698899,2,2864.71366,1667.833805,5559446.017,0,"{""601288.SH"": 16500.0, ""601398.SH"": 12600.0}",0.002419707497,-0.05532310675
2024-01-02,V20 LambdaRank change-only Top2,121009.4699,125542.0174,265.4698899,2,2864.71366,1667.833805,5559446.017,0,"{""601288.SH"": 16500.0, ""601398.SH"": 12600.0}",0.003782553919,-0.05174981547
2024-01-03,V20 LambdaRank change-only Top2,122629.4699,127162.0174,265.4698899,2,2864.71366,1667.833805,5559446.017,0,"{""601288.SH"": 16500.0, ""601398.SH"": 12600.0}",0.01338738201,-0.03905522801
2024-01-04,V20 LambdaRank change-only Top2,124084.4699,128617.0174,265.4698899,2,2864.71366,1667.833805,5559446.017,0,"{""601288.SH"": 16500.0, ""601398.SH"": 12600.0}",0.01186501093,-0.02765360779
2024-01-05,V20 LambdaRank change-only Top2,123172.4699,127705.0174,265.4698899,2,2864.71366,1667.833805,5559446.017,0,"{""601288.SH"": 16500.0, ""601398.SH"": 12600.0}",-0.00734983194,-0.03480019036
2024-01-08,V20 LambdaRank change-only Top2,123133.4699,127666.0174,265.4698899,2,2864.71366,1667.833805,5559446.017,0,"{""601288.SH"": 16500.0, ""601398.SH"": 12600.0}",-0.0003166291951,-0.0351058008
2024-01-09,V20 LambdaRank change-only Top2,123133.4699,127666.0174,265.4698899,2,2864.71366,1667.833805,5559446.017,0,"{""601288.SH"": 16500.0, ""601398.SH"": 12600.0}",0,-0.0351058008
2024-01-10,V20 LambdaRank change-only Top2,122590.4699,127123.0174,265.4698899,2,2864.71366,1667.833805,5559446.017,0,"{""601288.SH"": 16500.0, ""601398.SH"": 12600.0}",-0.004409848926,-0.03936083845
2024-01-11,V20 LambdaRank change-only Top2,120718.4699,125251.0174,265.4698899,2,2864.71366,1667.833805,5559446.017,0,"{""601288.SH"": 16500.0, ""601398.SH"": 12600.0}",-0.01527035504,-0.05403013951
2024-01-12,V20 LambdaRank change-only Top2,121921.4699,126454.0174,265.4698899,2,2864.71366,1667.833805,5559446.017,0,"{""601288.SH"": 16500.0, ""601398.SH"": 12600.0}",0.009965335057,-0.0446032329
2024-01-15,V20 LambdaRank change-only Top2,122716.4699,127249.0174,265.4698899,2,2864.71366,1667.833805,5559446.017,0,"{""601288.SH"": 16500.0, ""601398.SH"": 12600.0}",0.006520590678,-0.03837348165
2024-01-16,V20 LambdaRank change-only Top2,123589.4699,128122.0174,265.4698899,2,2864.71366,1667.833805,5559446.017,0,"{""601288.SH"": 16500.0, ""601398.SH"": 12600.0}",0.007113959526,-0.03153250952
2024-01-17,V20 LambdaRank change-only Top2,122299.4699,126832.0174,265.4698899,2,2864.71366,1667.833805,5559446.017,0,"{""601288.SH"": 16500.0, ""601398.SH"": 12600.0}",-0.01043778245,-0.04164116249
2024-01-18,V20 LambdaRank change-only Top2,122260.4699,126793.0174,265.4698899,2,2864.71366,1667.833805,5559446.017,0,"{""601288.SH"": 16500.0, ""601398.SH"": 12600.0}",-0.0003188893626,-0.04194677293
2024-01-19,V20 LambdaRank change-only Top2,122599.4699,127132.0174,265.4698899,2,2864.71366,1667.833805,5559446.017,0,"{""601288.SH"": 16500.0, ""601398.SH"": 12600.0}",0.002772768666,-0.03929031296
2024-01-22,V20 LambdaRank change-only Top2,122599.4699,127132.0174,265.4698899,2,2864.71366,1667.833805,5559446.017,0,"{""601288.SH"": 16500.0, ""601398.SH"": 12600.0}",0,-0.03929031296
2024-01-23,V20 LambdaRank change-only Top2,122599.4699,127132.0174,265.4698899,2,2864.71366,1667.833805,5559446.017,0,"{""601288.SH"": 16500.0, ""601398.SH"": 12600.0}",0,-0.03929031296
2024-01-24,V20 LambdaRank change-only Top2,124762.4699,129295.0174,265.4698899,2,2864.71366,1667.833805,5559446.017,0,"{""601288.SH"": 16500.0, ""601398.SH"": 12600.0}",0.01764281691,-0.02234068786
2024-01-25,V20 LambdaRank change-only Top2,126091.4699,130624.0174,265.4698899,2,2864.71366,1667.833805,5559446.017,0,"{""601288.SH"": 16500.0, ""601398.SH"": 12600.0}",0.01065224183,-0.01192642444
2024-01-26,V20 LambdaRank change-only Top2,128089.4699,132622.0174,265.4698899,2,2864.71366,1667.833805,5559446.017,0,"{""601288.SH"": 16500.0, ""601398.SH"": 12600.0}",0.01584563969,0
2024-01-29,V20 LambdaRank change-only Top2,129796.4699,134329.0174,265.4698899,2,2864.71366,1667.833805,5559446.017,0,"{""601288.SH"": 16500.0, ""601398.SH"": 12600.0}",0.01332662241,0
2024-01-30,V20 LambdaRank change-only Top2,128923.4699,133456.0174,265.4698899,2,2864.71366,1667.833805,5559446.017,0,"{""601288.SH"": 16500.0, ""601398.SH"": 12600.0}",-0.006725914817,-0.006725914817
2024-01-31,V20 LambdaRank change-only Top2,129592.4699,134125.0174,265.4698899,2,2864.71366,1667.833805,5559446.017,0,"{""601288.SH"": 16500.0, ""601398.SH"": 12600.0}",0.005189124995,-0.001571691435
2024-02-01,V20 LambdaRank change-only Top2,129214.4699,133747.0174,265.4698899,2,2864.71366,1667.833805,5559446.017,0,"{""601288.SH"": 16500.0, ""601398.SH"": 12600.0}",-0.002916836143,-0.004483943211
2024-02-02,V20 LambdaRank change-only Top2,130263.7929,135005.0174,415.7929202,2,2996.12893,1745.095505,5816985.017,0,"{""601939.SH"": 9400.0, ""601988.SH"": 15000.0}",0.008120785785,0
2024-02-05,V20 LambdaRank change-only Top2,133097.7929,137839.0174,415.7929202,2,2996.12893,1745.095505,5816985.017,0,"{""601939.SH"": 9400.0, ""601988.SH"": 15000.0}",0.02175585354,0
2024-02-06,V20 LambdaRank change-only Top2,133585.7929,138327.0174,415.7929202,2,2996.12893,1745.095505,5816985.017,0,"{""601939.SH"": 9400.0, ""601988.SH"": 15000.0}",0.003666477026,0
2024-02-07,V20 LambdaRank change-only Top2,130337.7929,135079.0174,415.7929202,2,2996.12893,1745.095505,5816985.017,0,"{""601939.SH"": 9400.0, ""601988.SH"": 15000.0}",-0.0243139628,-0.0243139628
2024-02-08,V20 LambdaRank change-only Top2,128985.7929,133727.0174,415.7929202,2,2996.12893,1745.095505,5816985.017,0,"{""601939.SH"": 9400.0, ""601988.SH"": 15000.0}",-0.0103730466,-0.03443479954
2024-02-19,V20 LambdaRank change-only Top2,134241.7929,138983.0174,415.7929202,2,2996.12893,1745.095505,5816985.017,0,"{""601939.SH"": 9400.0, ""601988.SH"": 15000.0}",0.0407486738,0
2024-02-20,V20 LambdaRank change-only Top2,135199.7929,139941.0174,415.7929202,2,2996.12893,1745.095505,5816985.017,0,"{""601939.SH"": 9400.0, ""601988.SH"": 15000.0}",0.007136376676,0
2024-02-21,V20 LambdaRank change-only Top2,136119.7929,140861.0174,415.7929202,2,2996.12893,1745.095505,5816985.017,0,"{""601939.SH"": 9400.0, ""601988.SH"": 15000.0}",0.00680474415,0
2024-02-22,V20 LambdaRank change-only Top2,136025.7929,140767.0174,415.7929202,2,2996.12893,1745.095505,5816985.017,0,"{""601939.SH"": 9400.0, ""601988.SH"": 15000.0}",-0.0006905681972,-0.0006905681972
2024-02-23,V20 LambdaRank change-only Top2,137001.7929,141743.0174,415.7929202,2,2996.12893,1745.095505,5816985.017,0,"{""601939.SH"": 9400.0, ""601988.SH"": 15000.0}",0.007175109801,0
2024-02-26,V20 LambdaRank change-only Top2,132739.7929,137481.0174,415.7929202,2,2996.12893,1745.095505,5816985.017,0,"{""601939.SH"": 9400.0, ""601988.SH"": 15000.0}",-0.03110908193,-0.03110908193
2024-02-27,V20 LambdaRank change-only Top2,133021.7929,137763.0174,415.7929202,2,2996.12893,1745.095505,5816985.017,0,"{""601939.SH"": 9400.0, ""601988.SH"": 15000.0}",0.002124457134,-0.0290507147
2024-02-28,V20 LambdaRank change-only Top2,132645.7929,137387.0174,415.7929202,2,2996.12893,1745.095505,5816985.017,0,"{""601939.SH"": 9400.0, ""601988.SH"": 15000.0}",-0.002826604512,-0.03179520433
2024-02-29,V20 LambdaRank change-only Top2,133265.7929,138007.0174,415.7929202,2,2996.12893,1745.095505,5816985.017,0,"{""601939.SH"": 9400.0, ""601988.SH"": 15000.0}",0.004674102256,-0.02726971611
2024-03-01,V20 LambdaRank change-only Top2,133697.7929,138439.0174,415.7929202,2,2996.12893,1745.095505,5816985.017,0,"{""601939.SH"": 9400.0, ""601988.SH"": 15000.0}",0.003241642064,-0.02411647271
2024-03-04,V20 LambdaRank change-only Top2,133150.2343,138005.0174,82.2343132,2,3069.391537,1785.391505,5951305.017,0,"{""601288.SH"": 15700.0, ""601939.SH"": 9500.0}",-0.004095494735,-0.02811319856
2024-03-05,V20 LambdaRank change-only Top2,136050.2343,140905.0174,82.2343132,2,3069.391537,1785.391505,5951305.017,0,"{""601288.SH"": 15700.0, ""601939.SH"": 9500.0}",0.0217799091,-0.006945592366
2024-03-06,V20 LambdaRank change-only Top2,134034.2343,138889.0174,82.2343132,2,3069.391537,1785.391505,5951305.017,0,"{""601288.SH"": 15700.0, ""601939.SH"": 9500.0}",-0.01481805607,-0.02166072826
2024-03-07,V20 LambdaRank change-only Top2,134728.2343,139583.0174,82.2343132,2,3069.391537,1785.391505,5951305.017,0,"{""601288.SH"": 15700.0, ""601939.SH"": 9500.0}",0.005177781658,-0.01659510112
2024-03-08,V20 LambdaRank change-only Top2,134666.2343,139521.0174,82.2343132,2,3069.391537,1785.391505,5951305.017,0,"{""601288.SH"": 15700.0, ""601939.SH"": 9500.0}",-0.0004601856494,-0.01704764994
2024-03-11,V20 LambdaRank change-only Top2,133815.2343,138670.0174,82.2343132,2,3069.391537,1785.391505,5951305.017,0,"{""601288.SH"": 15700.0, ""601939.SH"": 9500.0}",-0.006319327219,-0.02325924748
2024-03-12,V20 LambdaRank change-only Top2,130345.2343,135200.0174,82.2343132,2,3069.391537,1785.391505,5951305.017,0,"{""601288.SH"": 15700.0, ""601939.SH"": 9500.0}",-0.02593127769,-0.04858738317
2024-03-13,V20 LambdaRank change-only Top2,129936.2343,134791.0174,82.2343132,2,3069.391537,1785.391505,5951305.017,0,"{""601288.SH"": 15700.0, ""601939.SH"": 9500.0}",-0.003137820897,-0.05157274556
2024-03-14,V20 LambdaRank change-only Top2,130564.2343,135419.0174,82.2343132,2,3069.391537,1785.391505,5951305.017,0,"{""601288.SH"": 15700.0, ""601939.SH"": 9500.0}",0.004833139911,-0.04698886394
2024-03-15,V20 LambdaRank change-only Top2,130279.2343,135134.0174,82.2343132,2,3069.391537,1785.391505,5951305.017,0,"{""601288.SH"": 15700.0, ""601939.SH"": 9500.0}",-0.002182833618,-0.04906912869
2024-03-18,V20 LambdaRank change-only Top2,129333.2343,134188.0174,82.2343132,2,3069.391537,1785.391505,5951305.017,0,"{""601288.SH"": 15700.0, ""601939.SH"": 9500.0}",-0.007261326066,-0.05597414781
2024-03-19,V20 LambdaRank change-only Top2,128135.2343,132990.0174,82.2343132,2,3069.391537,1785.391505,5951305.017,0,"{""601288.SH"": 15700.0, ""601939.SH"": 9500.0}",-0.00926289369,-0.06471855892
2024-03-20,V20 LambdaRank change-only Top2,128953.2343,133808.0174,82.2343132,2,3069.391537,1785.391505,5951305.017,0,"{""601288.SH"": 15700.0, ""601939.SH"": 9500.0}",0.006383880315,-0.05874783414
2024-03-21,V20 LambdaRank change-only Top2,129300.2343,134155.0174,82.2343132,2,3069.391537,1785.391505,5951305.017,0,"{""601288.SH"": 15700.0, ""601939.SH"": 9500.0}",0.002690897998,-0.05621502057
2024-03-22,V20 LambdaRank change-only Top2,130878.2343,135733.0174,82.2343132,2,3069.391537,1785.391505,5951305.017,0,"{""601288.SH"": 15700.0, ""601939.SH"": 9500.0}",0.01220415422,-0.04469692313
2024-03-25,V20 LambdaRank change-only Top2,131254.2343,136109.0174,82.2343132,2,3069.391537,1785.391505,5951305.017,0,"{""601288.SH"": 15700.0, ""601939.SH"": 9500.0}",0.002872899394,-0.0419524335
2024-03-26,V20 LambdaRank change-only Top2,132423.2343,137278.0174,82.2343132,2,3069.391537,1785.391505,5951305.017,0,"{""601288.SH"": 15700.0, ""601939.SH"": 9500.0}",0.008906379334,-0.03341969845
2024-03-27,V20 LambdaRank change-only Top2,133303.2343,138158.0174,82.2343132,2,3069.391537,1785.391505,5951305.017,0,"{""601288.SH"": 15700.0, ""601939.SH"": 9500.0}",0.006645359514,-0.02699642485
2024-03-28,V20 LambdaRank change-only Top2,130436.2343,135291.0174,82.2343132,2,3069.391537,1785.391505,5951305.017,0,"{""601288.SH"": 15700.0, ""601939.SH"": 9500.0}",-0.02150735513,-0.04792315828
2024-03-29,V20 LambdaRank change-only Top2,131758.2343,136613.0174,82.2343132,2,3069.391537,1785.391505,5951305.017,0,"{""601288.SH"": 15700.0, ""601939.SH"": 9500.0}",0.01013522053,-0.03827364953
2024-04-01,V20 LambdaRank change-only Top2,132138.2343,136993.0174,82.2343132,2,3069.391537,1785.391505,5951305.017,0,"{""601288.SH"": 15700.0, ""601939.SH"": 9500.0}",0.002884070221,-0.0354999632
2024-04-02,V20 LambdaRank change-only Top2,133279.9267,138241.0174,24.92670377,2,3136.326847,1824.763805,6082546.017,0,"{""601288.SH"": 15700.0, ""601398.SH"": 12400.0}",0.00864013657,-0.02716655116
2024-04-03,V20 LambdaRank change-only Top2,133469.9267,138431.0174,24.92670377,2,3136.326847,1824.763805,6082546.017,0,"{""601288.SH"": 15700.0, ""601398.SH"": 12400.0}",0.001425571012,-0.025779708
2024-04-08,V20 LambdaRank change-only Top2,135122.9267,140084.0174,24.92670377,2,3136.326847,1824.763805,6082546.017,0,"{""601288.SH"": 15700.0, ""601398.SH"": 12400.0}",0.01238481238,-0.01371417247
2024-04-09,V20 LambdaRank change-only Top2,133312.9267,138274.0174,24.92670377,2,3136.326847,1824.763805,6082546.017,0,"{""601288.SH"": 15700.0, ""601398.SH"": 12400.0}",-0.01339521016,-0.0269256784
2024-04-10,V20 LambdaRank change-only Top2,133593.9267,138555.0174,24.92670377,2,3136.326847,1824.763805,6082546.017,0,"{""601288.SH"": 15700.0, ""601398.SH"": 12400.0}",0.002107822602,-0.02487461035
2024-04-11,V20 LambdaRank change-only Top2,133031.9267,137993.0174,24.92670377,2,3136.326847,1824.763805,6082546.017,0,"{""601288.SH"": 15700.0, ""601398.SH"": 12400.0}",-0.004206778061,-0.02897674645
2024-04-12,V20 LambdaRank change-only Top2,133188.9267,138150.0174,24.92670377,2,3136.326847,1824.763805,6082546.017,0,"{""601288.SH"": 15700.0, ""601398.SH"": 12400.0}",0.001180167828,-0.02783077604
2024-04-15,V20 LambdaRank change-only Top2,135841.9267,140803.0174,24.92670377,2,3136.326847,1824.763805,6082546.017,0,"{""601288.SH"": 15700.0, ""601398.SH"": 12400.0}",0.01991907335,-0.008466065967
2024-04-16,V20 LambdaRank change-only Top2,137403.9267,142365.0174,24.92670377,2,3136.326847,1824.763805,6082546.017,0,"{""601288.SH"": 15700.0, ""601398.SH"": 12400.0}",0.01149865905,0
2024-04-17,V20 LambdaRank change-only Top2,138246.9267,143208.0174,24.92670377,2,3136.326847,1824.763805,6082546.017,0,"{""601288.SH"": 15700.0, ""601398.SH"": 12400.0}",0.006135195844,0
2024-04-18,V20 LambdaRank change-only Top2,138965.9267,143927.0174,24.92670377,2,3136.326847,1824.763805,6082546.017,0,"{""601288.SH"": 15700.0, ""601398.SH"": 12400.0}",0.005200838942,0
2024-04-19,V20 LambdaRank change-only Top2,140122.9267,145084.0174,24.92670377,2,3136.326847,1824.763805,6082546.017,0,"{""601288.SH"": 15700.0, ""601398.SH"": 12400.0}",0.00832578192,0
2024-04-22,V20 LambdaRank change-only Top2,138626.9267,143588.0174,24.92670377,2,3136.326847,1824.763805,6082546.017,0,"{""601288.SH"": 15700.0, ""601398.SH"": 12400.0}",-0.01067633995,-0.01067633995
2024-04-23,V20 LambdaRank change-only Top2,138874.9267,143836.0174,24.92670377,2,3136.326847,1824.763805,6082546.017,0,"{""601288.SH"": 15700.0, ""601398.SH"": 12400.0}",0.001788974234,-0.008906465411
2024-04-24,V20 LambdaRank change-only Top2,138345.9267,143307.0174,24.92670377,2,3136.326847,1824.763805,6082546.017,0,"{""601288.SH"": 15700.0, ""601398.SH"": 12400.0}",-0.003809182929,-0.01268172198
2024-04-25,V20 LambdaRank change-only Top2,139535.9267,144497.0174,24.92670377,2,3136.326847,1824.763805,6082546.017,0,"{""601288.SH"": 15700.0, ""601398.SH"": 12400.0}",0.008601626577,-0.004189178843
2024-04-26,V20 LambdaRank change-only Top2,136849.9267,141811.0174,24.92670377,2,3136.326847,1824.763805,6082546.017,0,"{""601288.SH"": 15700.0, ""601398.SH"": 12400.0}",-0.01924952278,-0.02335806193
2024-04-29,V20 LambdaRank change-only Top2,135973.9267,140935.0174,24.92670377,2,3136.326847,1824.763805,6082546.017,0,"{""601288.SH"": 15700.0, ""601398.SH"": 12400.0}",-0.006401172592,-0.02960971554
2024-04-30,V20 LambdaRank change-only Top2,136436.9267,141398.0174,24.92670377,2,3136.326847,1824.763805,6082546.017,0,"{""601288.SH"": 15700.0, ""601398.SH"": 12400.0}",0.003405064568,-0.02630547396
2024-05-06,V20 LambdaRank change-only Top2,134907.9267,139869.0174,24.92670377,2,3136.326847,1824.763805,6082546.017,0,"{""601288.SH"": 15700.0, ""601398.SH"": 12400.0}",-0.01120664352,-0.03721732141
2024-05-07,V20 LambdaRank change-only Top2,135750.9267,140712.0174,24.92670377,2,3136.326847,1824.763805,6082546.017,0,"{""601288.SH"": 15700.0, ""601398.SH"": 12400.0}",0.006248706215,-0.0312011753
2024-05-08,V20 LambdaRank change-only Top2,136659.9267,141621.0174,24.92670377,2,3136.326847,1824.763805,6082546.017,0,"{""601288.SH"": 15700.0, ""601398.SH"": 12400.0}",0.006696086886,-0.0247140142
2024-05-09,V20 LambdaRank change-only Top2,135502.9267,140464.0174,24.92670377,2,3136.326847,1824.763805,6082546.017,0,"{""601288.SH"": 15700.0, ""601398.SH"": 12400.0}",-0.008466271188,-0.03297104984
2024-05-10,V20 LambdaRank change-only Top2,135593.9267,140555.0174,24.92670377,2,3136.326847,1824.763805,6082546.017,0,"{""601288.SH"": 15700.0, ""601398.SH"": 12400.0}",0.0006715722104,-0.03232162007
2024-05-13,V20 LambdaRank change-only Top2,135874.9267,140836.0174,24.92670377,2,3136.326847,1824.763805,6082546.017,0,"{""601288.SH"": 15700.0, ""601398.SH"": 12400.0}",0.002072364204,-0.03031623803
2024-05-14,V20 LambdaRank change-only Top2,134750.9267,139712.0174,24.92670377,2,3136.326847,1824.763805,6082546.017,0,"{""601288.SH"": 15700.0, ""601398.SH"": 12400.0}",-0.00827231357,-0.03833776618
2024-05-15,V20 LambdaRank change-only Top2,134874.9267,139836.0174,24.92670377,2,3136.326847,1824.763805,6082546.017,0,"{""601288.SH"": 15700.0, ""601398.SH"": 12400.0}",0.000920216306,-0.03745282891
2024-05-16,V20 LambdaRank change-only Top2,135403.9267,140365.0174,24.92670377,2,3136.326847,1824.763805,6082546.017,0,"{""601288.SH"": 15700.0, ""601398.SH"": 12400.0}",0.00392215227,-0.03367757234
2024-05-17,V20 LambdaRank change-only Top2,136618.9267,141580.0174,24.92670377,2,3136.326847,1824.763805,6082546.017,0,"{""601288.SH"": 15700.0, ""601398.SH"": 12400.0}",0.008973151884,-0.02500661442
2024-05-20,V20 LambdaRank change-only Top2,136337.9267,141299.0174,24.92670377,2,3136.326847,1824.763805,6082546.017,0,"{""601288.SH"": 15700.0, ""601398.SH"": 12400.0}",-0.002056816041,-0.02701199646
2024-05-21,V20 LambdaRank change-only Top2,137461.9267,142423.0174,24.92670377,2,3136.326847,1824.763805,6082546.017,0,"{""601288.SH"": 15700.0, ""601398.SH"": 12400.0}",0.008244221012,-0.01899046832
2024-05-22,V20 LambdaRank change-only Top2,137742.9267,142704.0174,24.92670377,2,3136.326847,1824.763805,6082546.017,0,"{""601288.SH"": 15700.0, ""601398.SH"": 12400.0}",0.002044202397,-0.01698508628
2024-05-23,V20 LambdaRank change-only Top2,137180.9267,142142.0174,24.92670377,2,3136.326847,1824.763805,6082546.017,0,"{""601288.SH"": 15700.0, ""601398.SH"": 12400.0}",-0.004080064316,-0.02099585035
2024-05-24,V20 LambdaRank change-only Top2,136403.9267,141365.0174,24.92670377,2,3136.326847,1824.763805,6082546.017,0,"{""601288.SH"": 15700.0, ""601398.SH"": 12400.0}",-0.005664052713,-0.02654098146
2024-05-27,V20 LambdaRank change-only Top2,137841.9267,142803.0174,24.92670377,2,3136.326847,1824.763805,6082546.017,0,"{""601288.SH"": 15700.0, ""601398.SH"": 12400.0}",0.0105422185,-0.01627856378
2024-05-28,V20 LambdaRank change-only Top2,138122.9267,143084.0174,24.92670377,2,3136.326847,1824.763805,6082546.017,0,"{""601288.SH"": 15700.0, ""601398.SH"": 12400.0}",0.002038566978,-0.01427318175
2024-05-29,V20 LambdaRank change-only Top2,137403.9267,142365.0174,24.92670377,2,3136.326847,1824.763805,6082546.017,0,"{""601288.SH"": 15700.0, ""601398.SH"": 12400.0}",-0.005205508,-0.01940439059
2024-05-30,V20 LambdaRank change-only Top2,136403.9267,141365.0174,24.92670377,2,3136.326847,1824.763805,6082546.017,0,"{""601288.SH"": 15700.0, ""601398.SH"": 12400.0}",-0.007277812389,-0.02654098146
2024-05-31,V20 LambdaRank change-only Top2,136279.9267,141241.0174,24.92670377,2,3136.326847,1824.763805,6082546.017,0,"{""601288.SH"": 15700.0, ""601398.SH"": 12400.0}",-0.0009090647388,-0.02742591873
2024-06-03,V20 LambdaRank change-only Top2,136717.9267,141679.0174,24.92670377,2,3136.326847,1824.763805,6082546.017,0,"{""601288.SH"": 15700.0, ""601398.SH"": 12400.0}",0.003213972964,-0.02430009193
2024-06-04,V20 LambdaRank change-only Top2,136496.9789,141679.0174,650.9789338,2,3275.512917,1906.525505,6355085.017,0,"{""601288.SH"": 15400.0, ""601988.SH"": 15300.0}",-0.001616084849,-0.02587690577
2024-06-05,V20 LambdaRank change-only Top2,137111.9789,142294.0174,650.9789338,2,3275.512917,1906.525505,6355085.017,0,"{""601288.SH"": 15400.0, ""601988.SH"": 15300.0}",0.004505594225,-0.02148790238
2024-06-06,V20 LambdaRank change-only Top2,136957.9789,142140.0174,650.9789338,2,3275.512917,1906.525505,6355085.017,0,"{""601288.SH"": 15400.0, ""601988.SH"": 15300.0}",-0.001123169552,-0.02258693737
2024-06-07,V20 LambdaRank change-only Top2,139156.9688,144339.0073,650.9789338,2,3275.512917,1906.525505,6355085.017,0,"{""601288.SH"": 16243.424863, ""601988.SH"": 15300.0}",0.01605594601,-0.006893646012
2024-06-11,V20 LambdaRank change-only Top2,136624.0606,141806.099,650.9789338,2,3275.512917,1906.525505,6355085.017,0,"{""601288.SH"": 16243.424863, ""601988.SH"": 15300.0}",-0.01820180663,-0.02496997583
2024-06-12,V20 LambdaRank change-only Top2,135696.6264,140878.6648,650.9789338,2,3275.512917,1906.525505,6355085.017,0,"{""601288.SH"": 16243.424863, ""601988.SH"": 15300.0}",-0.006788220497,-0.03158869462
2024-06-13,V20 LambdaRank change-only Top2,137283.2319,142465.2703,650.9789338,2,3275.512917,1906.525505,6355085.017,0,"{""601288.SH"": 16243.424863, ""601988.SH"": 15300.0}",0.01169229873,-0.02026574035
2024-06-14,V20 LambdaRank change-only Top2,138229.5346,143411.573,650.9789338,2,3275.512917,1906.525505,6355085.017,0,"{""601288.SH"": 16243.424863, ""601988.SH"": 15300.0}",0.006893068681,-0.01351236481
2024-06-17,V20 LambdaRank change-only Top2,136165.0606,141347.099,650.9789338,2,3275.512917,1906.525505,6355085.017,0,"{""601288.SH"": 16243.424863, ""601988.SH"": 15300.0}",-0.01493511495,-0.02824567104
2024-06-18,V20 LambdaRank change-only Top2,136480.4949,141662.5333,650.9789338,2,3275.512917,1906.525505,6355085.017,2.910383046e-11,"{""601288.SH"": 16243.424863, ""601988.SH"": 15300.0}",0.002316557913,-0.02599454586
2024-06-19,V20 LambdaRank change-only Top2,137742.2319,142924.2703,650.9789338,2,3275.512917,1906.525505,6355085.017,0,"{""601288.SH"": 16243.424863, ""601988.SH"": 15300.0}",0.009244815501,-0.01699004514
2024-06-20,V20 LambdaRank change-only Top2,138220.1004,143402.1388,650.9789338,2,3275.512917,1906.525505,6355085.017,0,"{""601288.SH"": 16243.424863, ""601988.SH"": 15300.0}",0.003469295443,-0.01357969318
2024-06-21,V20 LambdaRank change-only Top2,137101.9291,142283.9675,650.9789338,2,3275.512917,1906.525505,6355085.017,0,"{""601288.SH"": 16243.424863, ""601988.SH"": 15300.0}",-0.008089787522,-0.02155962387
2024-06-24,V20 LambdaRank change-only Top2,138382.5346,143564.573,650.9789338,2,3275.512917,1906.525505,6355085.017,0,"{""601288.SH"": 16243.424863, ""601988.SH"": 15300.0}",0.009340535907,-0.0124204664
2024-06-25,V20 LambdaRank change-only Top2,139010.7971,144192.8355,650.9789338,2,3275.512917,1906.525505,6355085.017,0,"{""601288.SH"": 16245.731403, ""601988.SH"": 15299.336801}",0.004540041504,-0.007936814332
2024-06-26,V20 LambdaRank change-only Top2,139797.7093,144979.7478,650.9789338,2,3275.512917,1906.525505,6355085.017,0,"{""601288.SH"": 16245.731403, ""601988.SH"": 15300.0}",0.005660799766,-0.002320943283
2024-06-27,V20 LambdaRank change-only Top2,141365.5386,146547.577,650.9789338,2,3275.512917,1906.525505,6355085.017,0,"{""601288.SH"": 16245.731403, ""601988.SH"": 15300.0}",0.01121498531,0
2024-06-28,V20 LambdaRank change-only Top2,142168.3679,147350.4063,650.9789338,2,3275.512917,1906.525505,6355085.017,0,"{""601288.SH"": 16245.731403, ""601988.SH"": 15300.0}",0.005679101598,0
2024-07-01,V20 LambdaRank change-only Top2,144233.0264,149415.0648,650.9789338,2,3275.512917,1906.525505,6355085.017,0,"{""601288.SH"": 16245.731403, ""601988.SH"": 15300.0}",0.01452262935,0
2024-07-02,V20 LambdaRank change-only Top2,146909.6849,152091.7233,650.9789338,2,3275.512917,1906.525505,6355085.017,2.910383046e-11,"{""601288.SH"": 16245.731403, ""601988.SH"": 15300.0}",0.01855787526,0
2024-07-03,V20 LambdaRank change-only Top2,145657.3129,150839.3514,650.9789338,2,3275.512917,1906.525505,6355085.017,0,"{""601288.SH"": 16245.731403, ""601988.SH"": 15300.0}",-0.008524774545,-0.008524774545
2024-07-04,V20 LambdaRank change-only Top2,146766.1422,151948.1806,650.9789338,2,3275.512917,1906.525505,6355085.017,0,"{""601288.SH"": 16245.731403, ""601988.SH"": 15300.0}",0.007612588986,-0.0009770811645
2024-07-05,V20 LambdaRank change-only Top2,143945.941,149127.9794,650.9789338,2,3275.512917,1906.525505,6355085.017,0,"{""601288.SH"": 16245.731403, ""601988.SH"": 15300.0}",-0.01921561169,-0.02017391765
2024-07-08,V20 LambdaRank change-only Top2,145513.7702,150695.8087,650.9789338,2,3275.512917,1906.525505,6355085.017,0,"{""601288.SH"": 16245.731403, ""601988.SH"": 15300.0}",0.01089179205,-0.00950185571
2024-07-09,V20 LambdaRank change-only Top2,146766.1422,151948.1806,650.9789338,2,3275.512917,1906.525505,6355085.017,0,"{""601288.SH"": 16245.731403, ""601988.SH"": 15300.0}",0.008606552768,-0.0009770811645
2024-07-10,V20 LambdaRank change-only Top2,147244.0568,152426.0952,650.9789338,2,3275.512917,1906.525505,6355085.017,0,"{""601288.SH"": 16245.731403, ""601988.SH"": 15300.0}",0.003256300267,0
2024-07-11,V20 LambdaRank change-only Top2,145829.2276,151011.266,650.9789338,2,3275.512917,1906.525505,6355085.017,0,"{""601288.SH"": 16245.731403, ""601988.SH"": 15300.0}",-0.009608735909,-0.009608735909
2024-07-12,V20 LambdaRank change-only Top2,148362.3434,153544.3818,650.9789338,2,3275.512917,1906.525505,6355085.017,2.910383046e-11,"{""601288.SH"": 16245.731403, ""601988.SH"": 15300.0}",0.01737042614,0
2024-07-15,V20 LambdaRank change-only Top2,151535.8312,156717.8696,650.9789338,2,3275.512917,1906.525505,6355085.017,0,"{""601288.SH"": 16245.731403, ""601988.SH"": 15300.0}",0.02139011622,0
2024-07-16,V20 LambdaRank change-only Top2,151832.3738,157014.4123,650.9789338,2,3275.512917,1906.525505,6355085.017,0,"{""601288.SH"": 16245.731403, ""601988.SH"": 15300.0}",0.001956914637,0
2024-07-17,V20 LambdaRank change-only Top2,152315.8062,157497.8446,650.9789338,2,3275.512917,1906.525505,6355085.017,0,"{""601288.SH"": 16245.731403, ""601988.SH"": 16091.196359}",0.003183987277,0
2024-07-18,V20 LambdaRank change-only Top2,152315.8062,157497.8446,650.9789338,2,3275.512917,1906.525505,6355085.017,0,"{""601288.SH"": 16245.731403, ""601988.SH"": 16091.196359}",0,0
2024-07-19,V20 LambdaRank change-only Top2,152314.2608,157496.2993,650.9789338,2,3275.512917,1906.525505,6355085.017,2.910383046e-11,"{""601288.SH"": 16245.731403, ""601988.SH"": 16091.196359}",-1.014569977e-05,-1.014569977e-05
2024-07-22,V20 LambdaRank change-only Top2,150855.2357,156037.2741,650.9789338,2,3275.512917,1906.525505,6355085.017,0,"{""601288.SH"": 16245.731403, ""601988.SH"": 16091.196359}",-0.009579044781,-0.009589093295
2024-07-23,V20 LambdaRank change-only Top2,154249.8405,159431.8789,650.9789338,2,3275.512917,1906.525505,6355085.017,0,"{""601288.SH"": 16245.731403, ""601988.SH"": 16091.196359}",0.02250239923,0
2024-07-24,V20 LambdaRank change-only Top2,154737.2124,159919.2508,650.9789338,2,3275.512917,1906.525505,6355085.017,0,"{""601288.SH"": 16245.731403, ""601988.SH"": 16091.196359}",0.00315962688,0
2024-07-25,V20 LambdaRank change-only Top2,153442.1899,158624.2284,650.9789338,2,3275.512917,1906.525505,6355085.017,2.910383046e-11,"{""601288.SH"": 16245.731403, ""601988.SH"": 16091.196359}",-0.008369172747,-0.008369172747
2024-07-26,V20 LambdaRank change-only Top2,150208.4972,155390.5356,650.9789338,2,3275.512917,1906.525505,6355085.017,2.910383046e-11,"{""601288.SH"": 16245.731403, ""601988.SH"": 16091.196359}",-0.02107433932,-0.02926713728
2024-07-29,V20 LambdaRank change-only Top2,153278.1873,158460.2257,650.9789338,2,3275.512917,1906.525505,6355085.017,2.910383046e-11,"{""601288.SH"": 16245.731403, ""601988.SH"": 16091.196359}",0.02043619482,-0.009429051376
2024-07-30,V20 LambdaRank change-only Top2,153760.9232,158942.9616,650.9789338,2,3275.512917,1906.525505,6355085.017,0,"{""601288.SH"": 16245.731403, ""601988.SH"": 16091.196359}",0.003149410228,-0.006309337098
2024-07-31,V20 LambdaRank change-only Top2,150203.8611,155385.8995,650.9789338,2,3275.512917,1906.525505,6355085.017,0,"{""601288.SH"": 16245.731403, ""601988.SH"": 16091.196359}",-0.02313371942,-0.02929709808
2024-08-01,V20 LambdaRank change-only Top2,151336.4263,156518.4647,650.9789338,2,3275.512917,1906.525505,6355085.017,2.910383046e-11,"{""601288.SH"": 16245.731403, ""601988.SH"": 16091.196359}",0.007540186641,-0.02197781703
2024-08-02,V20 LambdaRank change-only Top2,151822.2528,157004.2913,650.9789338,2,3275.512917,1906.525505,6355085.017,2.910383046e-11,"{""601288.SH"": 16245.731403, ""601988.SH"": 16091.196359}",0.003210242264,-0.01883812888
2024-08-05,V20 LambdaRank change-only Top2,151014.6023,156196.6407,650.9789338,2,3275.512917,1906.525505,6355085.017,0,"{""601288.SH"": 16245.731403, ""601988.SH"": 16091.196359}",-0.005319711068,-0.02405762655
2024-08-06,V20 LambdaRank change-only Top2,149074.3867,154256.4251,650.9789338,2,3275.512917,1906.525505,6355085.017,2.910383046e-11,"{""601288.SH"": 16245.731403, ""601988.SH"": 16091.196359}",-0.01284786793,-0.03659640527
2024-08-07,V20 LambdaRank change-only Top2,148910.384,154092.4224,650.9789338,2,3275.512917,1906.525505,6355085.017,0,"{""601288.SH"": 16245.731403, ""601988.SH"": 16091.196359}",-0.00110013979,-0.03765628389
2024-08-08,V20 LambdaRank change-only Top2,149235.2986,154417.337,650.9789338,2,3275.512917,1906.525505,6355085.017,2.910383046e-11,"{""601288.SH"": 16245.731403, ""601988.SH"": 16091.196359}",0.002181947419,-0.03555650051
2024-08-09,V20 LambdaRank change-only Top2,150046.0398,155228.0783,650.9789338,2,3275.512917,1906.525505,6355085.017,0,"{""601288.SH"": 16245.731403, ""601988.SH"": 16091.196359}",0.005432637098,-0.03031702897
2024-08-12,V20 LambdaRank change-only Top2,151016.1477,156198.1861,650.9789338,2,3275.512917,1906.525505,6355085.017,0,"{""601288.SH"": 16245.731403, ""601988.SH"": 16091.196359}",0.006465401112,-0.02404763961
2024-08-13,V20 LambdaRank change-only Top2,151984.7102,157166.7486,650.9789338,2,3275.512917,1906.525505,6355085.017,0,"{""601288.SH"": 16245.731403, ""601988.SH"": 16091.196359}",0.006413635213,-0.01778823719
2024-08-14,V20 LambdaRank change-only Top2,152306.5341,157488.5725,650.9789338,2,3275.512917,1906.525505,6355085.017,0,"{""601288.SH"": 16245.731403, ""601988.SH"": 16091.196359}",0.002117475678,-0.01570842767
2024-08-15,V20 LambdaRank change-only Top2,153114.1846,158296.223,650.9789338,2,3275.512917,1906.525505,6355085.017,0,"{""601288.SH"": 16245.731403, ""601988.SH"": 16091.196359}",0.005302796257,-0.01048893
2024-08-16,V20 LambdaRank change-only Top2,155379.3149,160561.3533,650.9789338,2,3275.512917,1906.525505,6355085.017,2.910383046e-11,"{""601288.SH"": 16245.731403, ""601988.SH"": 16091.196359}",0.01479373253,0
2024-08-19,V20 LambdaRank change-only Top2,159261.2916,164443.33,650.9789338,2,3275.512917,1906.525505,6355085.017,0,"{""601288.SH"": 16245.731403, ""601988.SH"": 16091.196359}",0.0249838705,0
2024-08-20,V20 LambdaRank change-only Top2,160392.3114,165574.3498,650.9789338,2,3275.512917,1906.525505,6355085.017,0,"{""601288.SH"": 16245.731403, ""601988.SH"": 16091.196359}",0.007101661585,0
2024-08-21,V20 LambdaRank change-only Top2,159419.1128,164601.1513,650.9789338,2,3275.512917,1906.525505,6355085.017,0,"{""601288.SH"": 16245.731403, ""601988.SH"": 16091.196359}",-0.006067613375,-0.006067613375
2024-08-22,V20 LambdaRank change-only Top2,161999.8857,167181.9241,650.9789338,2,3275.512917,1906.525505,6355085.017,0,"{""601288.SH"": 16245.731403, ""601988.SH"": 16091.196359}",0.01618860357,0
2024-08-23,V20 LambdaRank change-only Top2,162323.2549,167505.2934,650.9789338,2,3275.512917,1906.525505,6355085.017,0,"{""601288.SH"": 16245.731403, ""601988.SH"": 16091.196359}",0.001996108061,0
2024-08-26,V20 LambdaRank change-only Top2,162323.2549,167505.2934,650.9789338,2,3275.512917,1906.525505,6355085.017,0,"{""601288.SH"": 16245.731403, ""601988.SH"": 16091.196359}",0,0
2024-08-27,V20 LambdaRank change-only Top2,164746.2065,169928.2449,650.9789338,2,3275.512917,1906.525505,6355085.017,0,"{""601288.SH"": 16245.731403, ""601988.SH"": 16091.196359}",0.01492670633,0
2024-08-28,V20 LambdaRank change-only Top2,163291.8174,168473.8558,650.9789338,2,3275.512917,1906.525505,6355085.017,0,"{""601288.SH"": 16245.731403, ""601988.SH"": 16091.196359}",-0.008828058048,-0.008828058048
2024-08-29,V20 LambdaRank change-only Top2,156176.148,161358.1864,650.9789338,2,3275.512917,1906.525505,6355085.017,0,"{""601288.SH"": 16245.731403, ""601988.SH"": 16091.196359}",-0.04357639942,-0.05201976248
2024-08-30,V20 LambdaRank change-only Top2,151158.5154,156340.5539,650.9789338,2,3275.512917,1906.525505,6355085.017,0,"{""601288.SH"": 16245.731403, ""601988.SH"": 16091.196359}",-0.0321280336,-0.08247650341
2024-09-02,V20 LambdaRank change-only Top2,155690.3214,160872.3598,650.9789338,2,3275.512917,1906.525505,6355085.017,0,"{""601288.SH"": 16245.731403, ""601988.SH"": 16091.196359}",0.02998048721,-0.05496870196
2024-09-03,V20 LambdaRank change-only Top2,149555.0636,154868.9323,550.1868712,2,3360.237499,1953.631217,6512104.056,0,"{""601288.SH"": 16545.731403, ""601398.SH"": 13000.0}",-0.03940680295,-0.0922093641
2024-09-04,V20 LambdaRank change-only Top2,149566.8928,154880.7615,550.1868712,2,3360.237499,1953.631217,6512104.056,0,"{""601288.SH"": 16545.731403, ""601398.SH"": 13000.0}",7.909632636e-05,-0.0921375612
2024-09-05,V20 LambdaRank change-only Top2,148195.9782,153509.8469,550.1868712,2,3360.237499,1953.631217,6512104.056,0,"{""601288.SH"": 16545.731403, ""601398.SH"": 13000.0}",-0.009165896291,-0.1004589342
2024-09-06,V20 LambdaRank change-only Top2,148491.4355,153805.3042,550.1868712,2,3360.237499,1953.631217,6512104.056,0,"{""601288.SH"": 16545.731403, ""601398.SH"": 13000.0}",0.0019936932,-0.09866552525
2024-09-09,V20 LambdaRank change-only Top2,148266.8928,153580.7615,550.1868712,2,3360.237499,1953.631217,6512104.056,0,"{""601288.SH"": 16545.731403, ""601398.SH"": 13000.0}",-0.001512159171,-0.1000284864
2024-09-10,V20 LambdaRank change-only Top2,150370.5513,155684.42,550.1868712,2,3360.237499,1953.631217,6512104.056,0,"{""601288.SH"": 16545.731403, ""601398.SH"": 13000.0}",0.01418832264,-0.08725940024
2024-09-11,V20 LambdaRank change-only Top2,146364.1489,151678.0176,550.1868712,2,3360.237499,1953.631217,6512104.056,0,"{""601288.SH"": 16545.731403, ""601398.SH"": 13000.0}",-0.02664353067,-0.1115780324
2024-09-12,V20 LambdaRank change-only Top2,146695.0636,152008.9323,550.1868712,2,3360.237499,1953.631217,6512104.056,0,"{""601288.SH"": 16545.731403, ""601398.SH"": 13000.0}",0.002260899479,-0.1095693996
2024-09-13,V20 LambdaRank change-only Top2,146293.2343,151607.103,550.1868712,2,3360.237499,1953.631217,6512104.056,0,"{""601288.SH"": 16545.731403, ""601398.SH"": 13000.0}",-0.002739214575,-0.1120084801
2024-09-18,V20 LambdaRank change-only Top2,148845.9782,154159.8469,550.1868712,2,3360.237499,1953.631217,6512104.056,0,"{""601288.SH"": 16545.731403, ""601398.SH"": 13000.0}",0.01744950063,-0.09651347154
2024-09-19,V20 LambdaRank change-only Top2,148455.9782,153769.8469,550.1868712,2,3360.237499,1953.631217,6512104.056,0,"{""601288.SH"": 16545.731403, ""601398.SH"": 13000.0}",-0.002620158131,-0.09888074911
2024-09-20,V20 LambdaRank change-only Top2,149377.8074,154691.6762,550.1868712,2,3360.237499,1953.631217,6512104.056,0,"{""601288.SH"": 16545.731403, ""601398.SH"": 13000.0}",0.006209445166,-0.09328529853
2024-09-23,V20 LambdaRank change-only Top2,151351.466,156665.3347,550.1868712,2,3360.237499,1953.631217,6512104.056,0,"{""601288.SH"": 16545.731403, ""601398.SH"": 13000.0}",0.01321252833,-0.08130530486
2024-09-24,V20 LambdaRank change-only Top2,157969.6976,163283.5663,550.1868712,2,3360.237499,1953.631217,6512104.056,0,"{""601288.SH"": 16545.731403, ""601398.SH"": 13000.0}",0.04372756888,-0.0411330193
2024-09-25,V20 LambdaRank change-only Top2,159151.5269,164465.3956,550.1868712,2,3360.237499,1953.631217,6512104.056,0,"{""601288.SH"": 16545.731403, ""601398.SH"": 13000.0}",0.007481366832,-0.03395938367
2024-09-26,V20 LambdaRank change-only Top2,162058.8134,167372.6821,550.1868712,2,3360.237499,1953.631217,6512104.056,0,"{""601288.SH"": 16545.731403, ""601398.SH"": 13000.0}",0.01826741237,-0.01631232137
2024-09-27,V20 LambdaRank change-only Top2,156445.1245,161758.9932,550.1868712,2,3360.237499,1953.631217,6512104.056,0,"{""601288.SH"": 16545.731403, ""601398.SH"": 13000.0}",-0.03463982518,-0.05038709059
2024-09-30,V20 LambdaRank change-only Top2,160309.6976,165623.5663,550.1868712,2,3360.237499,1953.631217,6512104.056,0,"{""601288.SH"": 16545.731403, ""601398.SH"": 13000.0}",0.0247024198,-0.02692935385
2024-10-08,V20 LambdaRank change-only Top2,158867.8683,164181.7371,550.1868712,2,3360.237499,1953.631217,6512104.056,0,"{""601288.SH"": 16545.731403, ""601398.SH"": 13000.0}",-0.008994023928,-0.03568117453
2024-10-09,V20 LambdaRank change-only Top2,156338.7525,161652.6212,550.1868712,2,3360.237499,1953.631217,6512104.056,0,"{""601288.SH"": 16545.731403, ""601398.SH"": 13000.0}",-0.01591961831,-0.05103276216
2024-10-10,V20 LambdaRank change-only Top2,161810.6122,167124.4809,550.1868712,2,3360.237499,1953.631217,6512104.056,0,"{""601288.SH"": 16545.731403, ""601398.SH"": 13000.0}",0.03500002157,-0.01781888837
2024-10-11,V20 LambdaRank change-only Top2,161976.0695,167289.9383,550.1868712,2,3360.237499,1953.631217,6512104.056,0,"{""601288.SH"": 16545.731403, ""601398.SH"": 13000.0}",0.001022536852,-0.01681457199
2024-10-14,V20 LambdaRank change-only Top2,167885.2158,173199.0845,550.1868712,2,3360.237499,1953.631217,6512104.056,0,"{""601288.SH"": 16545.731403, ""601398.SH"": 13000.0}",0.03648160063,0
2024-10-15,V20 LambdaRank change-only Top2,163335.1854,168649.0541,550.1868712,2,3360.237499,1953.631217,6512104.056,0,"{""601288.SH"": 16545.731403, ""601398.SH"": 13000.0}",-0.02710203178,-0.02710203178
2024-10-16,V20 LambdaRank change-only Top2,166289.7585,171603.6272,550.1868712,2,3360.237499,1953.631217,6512104.056,0,"{""601288.SH"": 16545.731403, ""601398.SH"": 13000.0}",0.0180890182,-0.009503262727
2024-10-17,V20 LambdaRank change-only Top2,164717.9293,170031.798,550.1868712,2,3360.237499,1953.631217,6512104.056,0,"{""601288.SH"": 16545.731403, ""601398.SH"": 13000.0}",-0.009452351547,-0.01886578609
2024-10-18,V20 LambdaRank change-only Top2,164777.0146,170090.8833,550.1868712,2,3360.237499,1953.631217,6512104.056,0,"{""601288.SH"": 16545.731403, ""601398.SH"": 13000.0}",0.0003587063789,-0.01851384699
2024-10-21,V20 LambdaRank change-only Top2,160711.5269,166025.3956,550.1868712,2,3360.237499,1953.631217,6512104.056,0,"{""601288.SH"": 16545.731403, ""601398.SH"": 13000.0}",-0.0246726631,-0.04272972418
2024-10-22,V20 LambdaRank change-only Top2,160782.4415,166096.3102,550.1868712,2,3360.237499,1953.631217,6512104.056,0,"{""601288.SH"": 16545.731403, ""601398.SH"": 13000.0}",0.0004412541492,-0.0423073247
2024-10-23,V20 LambdaRank change-only Top2,160616.9842,165930.8529,550.1868712,2,3360.237499,1953.631217,6512104.056,0,"{""601288.SH"": 16545.731403, ""601398.SH"": 13000.0}",-0.001029075765,-0.04329286302
2024-10-24,V20 LambdaRank change-only Top2,161207.8988,166521.7675,550.1868712,2,3360.237499,1953.631217,6512104.056,0,"{""601288.SH"": 16545.731403, ""601398.SH"": 13000.0}",0.003679029532,-0.03977310921
2024-10-25,V20 LambdaRank change-only Top2,159860.6122,165174.4809,550.1868712,2,3360.237499,1953.631217,6512104.056,0,"{""601288.SH"": 16545.731403, ""601398.SH"": 13000.0}",-0.00835744762,-0.04779815516
2024-10-28,V20 LambdaRank change-only Top2,158217.8683,163531.7371,550.1868712,2,3360.237499,1953.631217,6512104.056,0,"{""601288.SH"": 16545.731403, ""601398.SH"": 13000.0}",-0.01027610154,-0.057583078
2024-10-29,V20 LambdaRank change-only Top2,158584.2403,163898.109,550.1868712,2,3360.237499,1953.631217,6512104.056,0,"{""601288.SH"": 16545.731403, ""601398.SH"": 13000.0}",0.002315616725,-0.05540080162
2024-10-30,V20 LambdaRank change-only Top2,156610.5818,161924.4505,550.1868712,2,3360.237499,1953.631217,6512104.056,0,"{""601288.SH"": 16545.731403, ""601398.SH"": 13000.0}",-0.01244548959,-0.06715680111
2024-10-31,V20 LambdaRank change-only Top2,157331.4964,162645.3651,550.1868712,2,3360.237499,1953.631217,6512104.056,0,"{""601288.SH"": 16545.731403, ""601398.SH"": 13000.0}",0.004603230637,-0.06286270872
2024-11-01,V20 LambdaRank change-only Top2,159588.783,164902.6517,550.1868712,2,3360.237499,1953.631217,6512104.056,0,"{""601288.SH"": 16545.731403, ""601398.SH"": 13000.0}",0.01434732791,-0.0494172927
2024-11-04,V20 LambdaRank change-only Top2,159455.5381,164903.6517,670.9419694,2,3446.588901,2001.524717,6671749.056,0,"{""601288.SH"": 16645.731403, ""601988.SH"": 16200.0}",-0.0008349264864,-0.05021095938
2024-11-05,V20 LambdaRank change-only Top2,160112.4527,165560.5663,670.9419694,2,3446.588901,2001.524717,6671749.056,0,"{""601288.SH"": 16645.731403, ""601988.SH"": 16200.0}",0.00411973542,-0.04629807983
2024-11-06,V20 LambdaRank change-only Top2,159289.0808,164737.1944,670.9419694,2,3446.588901,2001.524717,6671749.056,-2.910383046e-11,"{""601288.SH"": 16645.731403, ""601988.SH"": 16200.0}",-0.005142460366,-0.05120245415
2024-11-07,V20 LambdaRank change-only Top2,160274.4527,165722.5663,670.9419694,2,3446.588901,2001.524717,6671749.056,0,"{""601288.SH"": 16645.731403, ""601988.SH"": 16200.0}",0.006186060823,-0.04533313483
2024-11-08,V20 LambdaRank change-only Top2,158636.6234,164084.7371,670.9419694,2,3446.588901,2001.524717,6671749.056,0,"{""601288.SH"": 16645.731403, ""601988.SH"": 16200.0}",-0.01021890406,-0.05508878393
2024-11-11,V20 LambdaRank change-only Top2,156661.4222,162109.5359,670.9419694,2,3446.588901,2001.524717,6671749.056,0,"{""601288.SH"": 16645.731403, ""601988.SH"": 16200.0}",-0.01245110464,-0.06685397236
2024-11-12,V20 LambdaRank change-only Top2,155671.593,161119.7066,670.9419694,2,3446.588901,2001.524717,6671749.056,0,"{""601288.SH"": 16645.731403, ""601988.SH"": 16200.0}",-0.006318270586,-0.07274984146
2024-11-13,V20 LambdaRank change-only Top2,156324.0503,161772.1639,670.9419694,2,3446.588901,2001.524717,6671749.056,0,"{""601288.SH"": 16645.731403, ""601988.SH"": 16200.0}",0.00419124197,-0.06886351168
2024-11-14,V20 LambdaRank change-only Top2,157147.4222,162595.5359,670.9419694,2,3446.588901,2001.524717,6671749.056,0,"{""601288.SH"": 16645.731403, ""601988.SH"": 16200.0}",0.005267084242,-0.06395913735
2024-11-15,V20 LambdaRank change-only Top2,157637.8796,163085.9932,670.9419694,2,3446.588901,2001.524717,6671749.056,0,"{""601288.SH"": 16645.731403, ""601988.SH"": 16200.0}",0.003121001331,-0.06103775258
2024-11-18,V20 LambdaRank change-only Top2,161570.4527,167018.5663,670.9419694,2,3446.588901,2001.524717,6671749.056,0,"{""601288.SH"": 16645.731403, ""601988.SH"": 16200.0}",0.02494687921,-0.03761357481
2024-11-19,V20 LambdaRank change-only Top2,160414.1661,165862.2798,670.9419694,2,3446.588901,2001.524717,6671749.056,-2.910383046e-11,"{""601288.SH"": 16645.731403, ""601988.SH"": 16200.0}",-0.007156547195,-0.04450093868
2024-11-20,V20 LambdaRank change-only Top2,160423.0808,165871.1944,670.9419694,2,3446.588901,2001.524717,6671749.056,-2.910383046e-11,"{""601288.SH"": 16645.731403, ""601988.SH"": 16200.0}",5.557257362e-05,-0.04444783914
2024-11-21,V20 LambdaRank change-only Top2,160423.0808,165871.1944,670.9419694,2,3446.588901,2001.524717,6671749.056,-2.910383046e-11,"{""601288.SH"": 16645.731403, ""601988.SH"": 16200.0}",0,-0.04444783914
2024-11-22,V20 LambdaRank change-only Top2,158447.8796,163895.9932,670.9419694,2,3446.588901,2001.524717,6671749.056,0,"{""601288.SH"": 16645.731403, ""601988.SH"": 16200.0}",-0.01231245023,-0.05621302756
2024-11-25,V20 LambdaRank change-only Top2,158947.2515,164395.3651,670.9419694,2,3446.588901,2001.524717,6671749.056,0,"{""601288.SH"": 16645.731403, ""601988.SH"": 16200.0}",0.003151647996,-0.05323854324
2024-11-26,V20 LambdaRank change-only Top2,161574.91,167023.0236,670.9419694,2,3446.588901,2001.524717,6671749.056,0,"{""601288.SH"": 16645.731403, ""601988.SH"": 16200.0}",0.01653163856,-0.03758702504
2024-11-27,V20 LambdaRank change-only Top2,162717.8246,168165.9383,670.9419694,2,3446.588901,2001.524717,6671749.056,-2.910383046e-11,"{""601288.SH"": 16645.731403, ""601988.SH"": 16200.0}",0.007073589754,-0.03077931048
2024-11-28,V20 LambdaRank change-only Top2,162888.7393,168336.8529,670.9419694,2,3446.588901,2001.524717,6671749.056,0,"{""601288.SH"": 16645.731403, ""601988.SH"": 16200.0}",0.001050374342,-0.02976126593
2024-11-29,V20 LambdaRank change-only Top2,161898.91,167347.0236,670.9419694,2,3446.588901,2001.524717,6671749.056,0,"{""601288.SH"": 16645.731403, ""601988.SH"": 16200.0}",-0.006076719978,-0.03565713503
2024-12-02,V20 LambdaRank change-only Top2,162065.3673,167513.4809,670.9419694,2,3446.588901,2001.524717,6671749.056,0,"{""601288.SH"": 16645.731403, ""601988.SH"": 16200.0}",0.001028155866,-0.03466564026
2024-12-03,V20 LambdaRank change-only Top2,164006.811,169716.0236,527.8109646,2,3610.986563,2098.226107,6994087.024,0,"{""601398.SH"": 13200.0, ""601939.SH"": 10100.0}",0.01197938625,-0.0231015271
2024-12-04,V20 LambdaRank change-only Top2,165878.811,171588.0236,527.8109646,2,3610.986563,2098.226107,6994087.024,0,"{""601398.SH"": 13200.0, ""601939.SH"": 10100.0}",0.01141416011,-0.01195105152
2024-12-05,V20 LambdaRank change-only Top2,166282.811,171992.0236,527.8109646,2,3610.986563,2098.226107,6994087.024,0,"{""601398.SH"": 13200.0, ""601939.SH"": 10100.0}",0.002435512997,-0.009544645461
2024-12-06,V20 LambdaRank change-only Top2,167478.811,173188.0236,527.8109646,2,3610.986563,2098.226107,6994087.024,0,"{""601398.SH"": 13200.0, ""601939.SH"": 10100.0}",0.007192565444,-0.002420730504
2024-12-09,V20 LambdaRank change-only Top2,167276.811,172986.0236,527.8109646,2,3610.986563,2098.226107,6994087.024,0,"{""601398.SH"": 13200.0, ""601939.SH"": 10100.0}",-0.001206122726,-0.003623933532
2024-12-10,V20 LambdaRank change-only Top2,169808.811,175518.0236,527.8109646,2,3610.986563,2098.226107,6994087.024,0,"{""601398.SH"": 13200.0, ""601939.SH"": 10100.0}",0.01513658699,0
2024-12-11,V20 LambdaRank change-only Top2,166740.811,172450.0236,527.8109646,2,3610.986563,2098.226107,6994087.024,0,"{""601398.SH"": 13200.0, ""601939.SH"": 10100.0}",-0.01806737814,-0.01806737814
2024-12-12,V20 LambdaRank change-only Top2,169202.811,174912.0236,527.8109646,2,3610.986563,2098.226107,6994087.024,0,"{""601398.SH"": 13200.0, ""601939.SH"": 10100.0}",0.01476543136,-0.003568719412
2024-12-13,V20 LambdaRank change-only Top2,168705.811,174415.0236,527.8109646,2,3610.986563,2098.226107,6994087.024,0,"{""601398.SH"": 13200.0, ""601939.SH"": 10100.0}",-0.002937303448,-0.006495540448
2024-12-16,V20 LambdaRank change-only Top2,172068.811,177778.0236,527.8109646,2,3610.986563,2098.226107,6994087.024,0,"{""601398.SH"": 13200.0, ""601939.SH"": 10100.0}",0.01993410885,0
2024-12-17,V20 LambdaRank change-only Top2,172208.811,177918.0236,527.8109646,2,3610.986563,2098.226107,6994087.024,0,"{""601398.SH"": 13200.0, ""601939.SH"": 10100.0}",0.0008136279853,0
2024-12-18,V20 LambdaRank change-only Top2,173870.811,179580.0236,527.8109646,2,3610.986563,2098.226107,6994087.024,0,"{""601398.SH"": 13200.0, ""601939.SH"": 10100.0}",0.009651074127,0
2024-12-19,V20 LambdaRank change-only Top2,171843.811,177553.0236,527.8109646,2,3610.986563,2098.226107,6994087.024,0,"{""601398.SH"": 13200.0, ""601939.SH"": 10100.0}",-0.01165808101,-0.01165808101
2024-12-20,V20 LambdaRank change-only Top2,172371.811,178081.0236,527.8109646,2,3610.986563,2098.226107,6994087.024,0,"{""601398.SH"": 13200.0, ""601939.SH"": 10100.0}",0.003072557557,-0.008621343581
2024-12-23,V20 LambdaRank change-only Top2,176029.811,181739.0236,527.8109646,2,3610.986563,2098.226107,6994087.024,0,"{""601398.SH"": 13200.0, ""601939.SH"": 10100.0}",0.02122156738,0
2024-12-24,V20 LambdaRank change-only Top2,178701.811,184411.0236,527.8109646,2,3610.986563,2098.226107,6994087.024,0,"{""601398.SH"": 13200.0, ""601939.SH"": 10100.0}",0.01517924711,0
2024-12-25,V20 LambdaRank change-only Top2,181823.811,187533.0236,527.8109646,2,3610.986563,2098.226107,6994087.024,0,"{""601398.SH"": 13200.0, ""601939.SH"": 10100.0}",0.01747044411,0
2024-12-26,V20 LambdaRank change-only Top2,181186.811,186896.0236,527.8109646,2,3610.986563,2098.226107,6994087.024,0,"{""601398.SH"": 13200.0, ""601939.SH"": 10100.0}",-0.003503391534,-0.003503391534
2024-12-27,V20 LambdaRank change-only Top2,180448.811,186158.0236,527.8109646,2,3610.986563,2098.226107,6994087.024,0,"{""601398.SH"": 13200.0, ""601939.SH"": 10100.0}",-0.004073144155,-0.00756226587
2024-12-30,V20 LambdaRank change-only Top2,181147.811,186857.0236,527.8109646,2,3610.986563,2098.226107,6994087.024,0,"{""601398.SH"": 13200.0, ""601939.SH"": 10100.0}",0.003873674735,-0.003717884893
2024-12-31,V20 LambdaRank change-only Top2,180650.811,186360.0236,527.8109646,2,3610.986563,2098.226107,6994087.024,0,"{""601398.SH"": 13200.0, ""601939.SH"": 10100.0}",-0.00274361582,-0.006451300266
2025-01-02,V20 LambdaRank change-only Top2,177046.811,182756.0236,527.8109646,2,3610.986563,2098.226107,6994087.024,0,"{""601398.SH"": 13200.0, ""601939.SH"": 10100.0}",-0.01995009035,-0.02627268659
2025-01-03,V20 LambdaRank change-only Top2,174646.811,180356.0236,527.8109646,2,3610.986563,2098.226107,6994087.024,0,"{""601398.SH"": 13200.0, ""601939.SH"": 10100.0}",-0.01355573697,-0.03947227793
2025-01-06,V20 LambdaRank change-only Top2,175275.811,180985.0236,527.8109646,2,3610.986563,2098.226107,6994087.024,0,"{""601398.SH"": 13200.0, ""601939.SH"": 10100.0}",0.003601554455,-0.03601288503
2025-01-07,V20 LambdaRank change-only Top2,178072.9991,183782.2118,527.8109646,2,3610.986563,2098.226107,6994087.024,0,"{""601398.SH"": 13479.848749, ""601939.SH"": 10100.0}",0.01595878013,-0.02062882661
2025-01-08,V20 LambdaRank change-only Top2,180935.5885,186644.8012,527.8109646,2,3610.986563,2098.226107,6994087.024,0,"{""601398.SH"": 13479.848749, ""601939.SH"": 10100.0}",0.01607537036,-0.004885072277
2025-01-09,V20 LambdaRank change-only Top2,179453.5961,185162.8087,527.8109646,2,3610.986563,2098.226107,6994087.024,0,"{""601398.SH"": 13479.848749, ""601939.SH"": 10100.0}",-0.008190718309,-0.01303577833
2025-01-10,V20 LambdaRank change-only Top2,177778.5561,183487.7688,527.8109646,2,3610.986563,2098.226107,6994087.024,-2.910383046e-11,"{""601398.SH"": 13479.848749, ""601939.SH"": 10336.112898}",-0.009334111967,-0.02224821289
2025-01-13,V20 LambdaRank change-only Top2,175181.1886,180890.4013,527.8109646,2,3610.986563,2098.226107,6994087.024,0,"{""601398.SH"": 13479.848749, ""601939.SH"": 10336.112898}",-0.01461012809,-0.03653329174
2025-01-14,V20 LambdaRank change-only Top2,175626.0705,181335.2832,527.8109646,2,3610.986563,2098.226107,6994087.024,0,"{""601398.SH"": 13479.848749, ""601939.SH"": 10336.112898}",0.002539552779,-0.03408651718
2025-01-15,V20 LambdaRank change-only Top2,175895.6675,181604.8802,527.8109646,2,3610.986563,2098.226107,6994087.024,0,"{""601398.SH"": 13479.848749, ""601939.SH"": 10336.112898}",0.001535062387,-0.03260377972
2025-01-16,V20 LambdaRank change-only Top2,178016.7157,183725.9284,527.8109646,2,3610.986563,2098.226107,6994087.024,0,"{""601398.SH"": 13479.848749, ""601939.SH"": 10336.112898}",0.01205855877,-0.02093837555
2025-01-17,V20 LambdaRank change-only Top2,175832.7928,181542.0054,527.8109646,2,3610.986563,2098.226107,6994087.024,0,"{""601398.SH"": 13479.848749, ""601939.SH"": 10336.112898}",-0.01226807804,-0.03294957996
2025-01-20,V20 LambdaRank change-only Top2,174776.7932,180486.0058,527.8109646,2,3610.986563,2098.226107,6994087.024,0,"{""601398.SH"": 13479.848749, ""601939.SH"": 10336.112898}",-0.006005703363,-0.03875739792
2025-01-21,V20 LambdaRank change-only Top2,174300.4739,180009.6866,527.8109646,2,3610.986563,2098.226107,6994087.024,0,"{""601398.SH"": 13479.848749, ""601939.SH"": 10336.112898}",-0.00272530022,-0.0413770726
2025-01-22,V20 LambdaRank change-only Top2,171784.0793,177493.292,527.8109646,2,3610.986563,2098.226107,6994087.024,-2.910383046e-11,"{""601398.SH"": 13479.848749, ""601939.SH"": 10336.112898}",-0.01443710734,-0.0552168147
2025-01-23,V20 LambdaRank change-only Top2,177540.3965,183249.6092,527.8109646,2,3610.986563,2098.226107,6994087.024,-2.910383046e-11,"{""601398.SH"": 13479.848749, ""601939.SH"": 10336.112898}",0.03350902616,-0.02355805022
2025-01-24,V20 LambdaRank change-only Top2,177365.1116,183074.3243,527.8109646,2,3610.986563,2098.226107,6994087.024,0,"{""601398.SH"": 13479.848749, ""601939.SH"": 10336.112898}",-0.0009872958658,-0.02452208733
2025-01-27,V20 LambdaRank change-only Top2,180730.7836,186439.9963,527.8109646,2,3610.986563,2098.226107,6994087.024,0,"{""601398.SH"": 13479.848749, ""601939.SH"": 10336.112898}",0.01897595282,-0.006011464479
2025-02-05,V20 LambdaRank change-only Top2,177324.6252,183033.8379,527.8109646,2,3610.986563,2098.226107,6994087.024,0,"{""601398.SH"": 13479.848749, ""601939.SH"": 10336.112898}",-0.0188465868,-0.0247447557
2025-02-06,V20 LambdaRank change-only Top2,176911.5885,182908.0809,227.5885459,2,3791.855286,2204.637024,7348790.081,0,"{""601288.SH"": 17600.0, ""601988.SH"": 16600.0}",-0.002329268346,-0.02701638687
2025-02-07,V20 LambdaRank change-only Top2,176227.5885,182224.0809,227.5885459,2,3791.855286,2204.637024,7348790.081,0,"{""601288.SH"": 17600.0, ""601988.SH"": 16600.0}",-0.003866338014,-0.0307782704
2025-02-10,V20 LambdaRank change-only Top2,176061.5885,182058.0809,227.5885459,2,3791.855286,2204.637024,7348790.081,0,"{""601288.SH"": 17600.0, ""601988.SH"": 16600.0}",-0.0009419637491,-0.03169124213
2025-02-11,V20 LambdaRank change-only Top2,179471.5885,185468.0809,227.5885459,2,3791.855286,2204.637024,7348790.081,0,"{""601288.SH"": 17600.0, ""601988.SH"": 16600.0}",0.01936822238,-0.01293682277
2025-02-12,V20 LambdaRank change-only Top2,180331.5885,186328.0809,227.5885459,2,3791.855286,2204.637024,7348790.081,0,"{""601288.SH"": 17600.0, ""601988.SH"": 16600.0}",0.004791844809,-0.008206969213
2025-02-13,V20 LambdaRank change-only Top2,180849.5885,186846.0809,227.5885459,2,3791.855286,2204.637024,7348790.081,0,"{""601288.SH"": 17600.0, ""601988.SH"": 16600.0}",0.002872486203,-0.005358057416
2025-02-14,V20 LambdaRank change-only Top2,181729.5885,187726.0809,227.5885459,2,3791.855286,2204.637024,7348790.081,0,"{""601288.SH"": 17600.0, ""601988.SH"": 16600.0}",0.004865922046,-0.000518207259
2025-02-17,V20 LambdaRank change-only Top2,182755.5885,188752.0809,227.5885459,2,3791.855286,2204.637024,7348790.081,0,"{""601288.SH"": 17600.0, ""601988.SH"": 16600.0}",0.005645750966,0
2025-02-18,V20 LambdaRank change-only Top2,185627.5885,191624.0809,227.5885459,2,3791.855286,2204.637024,7348790.081,0,"{""601288.SH"": 17600.0, ""601988.SH"": 16600.0}",0.01571497771,0
2025-02-19,V20 LambdaRank change-only Top2,184425.5885,190422.0809,227.5885459,2,3791.855286,2204.637024,7348790.081,0,"{""601288.SH"": 17600.0, ""601988.SH"": 16600.0}",-0.006475330577,-0.006475330577
2025-02-20,V20 LambdaRank change-only Top2,185109.5885,191106.0809,227.5885459,2,3791.855286,2204.637024,7348790.081,0,"{""601288.SH"": 17600.0, ""601988.SH"": 16600.0}",0.00370881289,-0.002790533477
2025-02-21,V20 LambdaRank change-only Top2,182031.5885,188028.0809,227.5885459,2,3791.855286,2204.637024,7348790.081,0,"{""601288.SH"": 17600.0, ""601988.SH"": 16600.0}",-0.01662798791,-0.01937212043
2025-02-24,V20 LambdaRank change-only Top2,180497.5885,186494.0809,227.5885459,2,3791.855286,2204.637024,7348790.081,0,"{""601288.SH"": 17600.0, ""601988.SH"": 16600.0}",-0.008427108791,-0.02763597825
2025-02-25,V20 LambdaRank change-only Top2,179139.5885,185136.0809,227.5885459,2,3791.855286,2204.637024,7348790.081,0,"{""601288.SH"": 17600.0, ""601988.SH"": 16600.0}",-0.007523646221,-0.03495170115
2025-02-26,V20 LambdaRank change-only Top2,180145.5885,186142.0809,227.5885459,2,3791.855286,2204.637024,7348790.081,0,"{""601288.SH"": 17600.0, ""601988.SH"": 16600.0}",0.005615732447,-0.0295322481
2025-02-27,V20 LambdaRank change-only Top2,181181.5885,187178.0809,227.5885459,2,3791.855286,2204.637024,7348790.081,0,"{""601288.SH"": 17600.0, ""601988.SH"": 16600.0}",0.005750904079,-0.02395118115
2025-02-28,V20 LambdaRank change-only Top2,180155.5885,186152.0809,227.5885459,2,3791.855286,2204.637024,7348790.081,0,"{""601288.SH"": 17600.0, ""601988.SH"": 16600.0}",-0.005662827047,-0.0294783768
2025-03-03,V20 LambdaRank change-only Top2,180135.5885,186132.0809,227.5885459,2,3791.855286,2204.637024,7348790.081,0,"{""601288.SH"": 17600.0, ""601988.SH"": 16600.0}",-0.0001110151517,-0.02958611941
2025-03-04,V20 LambdaRank change-only Top2,178978.0704,185120.0809,0.07037036866,2,3883.465262,2258.545224,7528484.081,0,"{""601288.SH"": 17600.0, ""601939.SH"": 10600.0}",-0.006425816158,-0.0358218206
2025-03-05,V20 LambdaRank change-only Top2,182400.0704,188542.0809,0.07037036866,2,3883.465262,2258.545224,7528484.081,0,"{""601288.SH"": 17600.0, ""601939.SH"": 10600.0}",0.01911966082,-0.01738706084
2025-03-06,V20 LambdaRank change-only Top2,180354.0704,186496.0809,0.07037036866,2,3883.465262,2258.545224,7528484.081,0,"{""601288.SH"": 17600.0, ""601939.SH"": 10600.0}",-0.01121710094,-0.02840912936
2025-03-07,V20 LambdaRank change-only Top2,179860.0704,186002.0809,0.07037036866,2,3883.465262,2258.545224,7528484.081,0,"{""601288.SH"": 17600.0, ""601939.SH"": 10600.0}",-0.002739056562,-0.03107037171
2025-03-10,V20 LambdaRank change-only Top2,178626.0704,184768.0809,0.07037036866,2,3883.465262,2258.545224,7528484.081,0,"{""601288.SH"": 17600.0, ""601939.SH"": 10600.0}",-0.00686088912,-0.03771809045
2025-03-11,V20 LambdaRank change-only Top2,179578.0704,185720.0809,0.07037036866,2,3883.465262,2258.545224,7528484.081,0,"{""601288.SH"": 17600.0, ""601939.SH"": 10600.0}",0.005329569183,-0.03258954244
2025-03-12,V20 LambdaRank change-only Top2,178450.0704,184592.0809,0.07037036866,2,3883.465262,2258.545224,7528484.081,0,"{""601288.SH"": 17600.0, ""601939.SH"": 10600.0}",-0.006281390582,-0.03866622538
2025-03-13,V20 LambdaRank change-only Top2,179084.0704,185226.0809,0.07037036866,2,3883.465262,2258.545224,7528484.081,0,"{""601288.SH"": 17600.0, ""601939.SH"": 10600.0}",0.003552814514,-0.03525078479
2025-03-14,V20 LambdaRank change-only Top2,179472.0704,185614.0809,0.07037036866,2,3883.465262,2258.545224,7528484.081,0,"{""601288.SH"": 17600.0, ""601939.SH"": 10600.0}",0.002166580194,-0.03316057825
2025-03-17,V20 LambdaRank change-only Top2,180706.0704,186848.0809,0.07037036866,2,3883.465262,2258.545224,7528484.081,0,"{""601288.SH"": 17600.0, ""601939.SH"": 10600.0}",0.006875721651,-0.02651285951
2025-03-18,V20 LambdaRank change-only Top2,180212.0704,186354.0809,0.07037036866,2,3883.465262,2258.545224,7528484.081,0,"{""601288.SH"": 17600.0, ""601939.SH"": 10600.0}",-0.002733721114,-0.02917410186
2025-03-19,V20 LambdaRank change-only Top2,181940.0704,188082.0809,0.07037036866,2,3883.465262,2258.545224,7528484.081,0,"{""601288.SH"": 17600.0, ""601939.SH"": 10600.0}",0.00958870289,-0.01986514076
2025-03-20,V20 LambdaRank change-only Top2,180988.0704,187130.0809,0.07037036866,2,3883.465262,2258.545224,7528484.081,0,"{""601288.SH"": 17600.0, ""601939.SH"": 10600.0}",-0.005232492205,-0.02499368877
2025-03-21,V20 LambdaRank change-only Top2,179578.0704,185720.0809,0.07037036866,2,3883.465262,2258.545224,7528484.081,0,"{""601288.SH"": 17600.0, ""601939.SH"": 10600.0}",-0.007790568722,-0.03258954244
2025-03-24,V20 LambdaRank change-only Top2,181412.0704,187554.0809,0.07037036866,2,3883.465262,2258.545224,7528484.081,0,"{""601288.SH"": 17600.0, ""601939.SH"": 10600.0}",0.0102128283,-0.02270954554
2025-03-25,V20 LambdaRank change-only Top2,182682.0704,188824.0809,0.07037036866,2,3883.465262,2258.545224,7528484.081,0,"{""601288.SH"": 17600.0, ""601939.SH"": 10600.0}",0.007000636713,-0.0158678901
2025-03-26,V20 LambdaRank change-only Top2,181694.0704,187836.0809,0.07037036866,2,3883.465262,2258.545224,7528484.081,0,"{""601288.SH"": 17600.0, ""601939.SH"": 10600.0}",-0.005408303059,-0.02119037481
2025-03-27,V20 LambdaRank change-only Top2,182118.0704,188260.0809,0.07037036866,2,3883.465262,2258.545224,7528484.081,0,"{""601288.SH"": 17600.0, ""601939.SH"": 10600.0}",0.002333592941,-0.01890623157
2025-03-28,V20 LambdaRank change-only Top2,180072.0704,186214.0809,0.07037036866,2,3883.465262,2258.545224,7528484.081,0,"{""601288.SH"": 17600.0, ""601939.SH"": 10600.0}",-0.01123447001,-0.02992830009
2025-03-31,V20 LambdaRank change-only Top2,184766.0704,190908.0809,0.07037036866,2,3883.465262,2258.545224,7528484.081,0,"{""601288.SH"": 17600.0, ""601939.SH"": 10600.0}",0.02606734065,-0.004641110636
2025-04-01,V20 LambdaRank change-only Top2,182190.0704,188332.0809,0.07037036866,2,3883.465262,2258.545224,7528484.081,0,"{""601288.SH"": 17600.0, ""601939.SH"": 10600.0}",-0.01394195371,-0.01851835819
2025-04-02,V20 LambdaRank change-only Top2,183438.0499,189733.0809,824.0498544,2,3981.701278,2313.329724,7711099.081,0,"{""601288.SH"": 17700.0, ""601398.SH"": 13300.0}",0.006849876513,-0.01179533015
2025-04-03,V20 LambdaRank change-only Top2,184855.0499,191150.0809,824.0498544,2,3981.701278,2313.329724,7711099.081,0,"{""601288.SH"": 17700.0, ""601398.SH"": 13300.0}",0.007724678719,-0.004161766565
2025-04-07,V20 LambdaRank change-only Top2,179763.0499,186058.0809,824.0498544,2,3981.701278,2313.329724,7711099.081,0,"{""601288.SH"": 17700.0, ""601398.SH"": 13300.0}",-0.02754590694,-0.03159303387
2025-04-08,V20 LambdaRank change-only Top2,181977.0499,188272.0809,824.0498544,2,3981.701278,2313.329724,7711099.081,0,"{""601288.SH"": 17700.0, ""601398.SH"": 13300.0}",0.01231621294,-0.01966592746
2025-04-09,V20 LambdaRank change-only Top2,181180.0499,187475.0809,824.0498544,2,3981.701278,2313.329724,7711099.081,0,"{""601288.SH"": 17700.0, ""601398.SH"": 13300.0}",-0.004379673155,-0.02395947028
2025-04-10,V20 LambdaRank change-only Top2,180515.0499,186810.0809,824.0498544,2,3981.701278,2313.329724,7711099.081,0,"{""601288.SH"": 17700.0, ""601398.SH"": 13300.0}",-0.003670382035,-0.02754191191
2025-04-11,V20 LambdaRank change-only Top2,182065.0499,188360.0809,824.0498544,2,3981.701278,2313.329724,7711099.081,0,"{""601288.SH"": 17700.0, ""601398.SH"": 13300.0}",0.008586541683,-0.01919186
2025-04-14,V20 LambdaRank change-only Top2,183881.0499,190176.0809,824.0498544,2,3981.701278,2313.329724,7711099.081,0,"{""601288.SH"": 17700.0, ""601398.SH"": 13300.0}",0.00997445694,-0.009408831441
2025-04-15,V20 LambdaRank change-only Top2,187202.0499,193497.0809,824.0498544,2,3981.701278,2313.329724,7711099.081,0,"{""601288.SH"": 17700.0, ""601398.SH"": 13300.0}",0.01806058864,0
2025-04-16,V20 LambdaRank change-only Top2,189771.0499,196066.0809,824.0498544,2,3981.701278,2313.329724,7711099.081,0,"{""601288.SH"": 17700.0, ""601398.SH"": 13300.0}",0.01372314033,0
2025-04-17,V20 LambdaRank change-only Top2,189638.0499,195933.0809,824.0498544,2,3981.701278,2313.329724,7711099.081,0,"{""601288.SH"": 17700.0, ""601398.SH"": 13300.0}",-0.0007008445182,-0.0007008445182
2025-04-18,V20 LambdaRank change-only Top2,191720.0499,198015.0809,824.0498544,2,3981.701278,2313.329724,7711099.081,0,"{""601288.SH"": 17700.0, ""601398.SH"": 13300.0}",0.01097880938,0
2025-04-21,V20 LambdaRank change-only Top2,189638.0499,195933.0809,824.0498544,2,3981.701278,2313.329724,7711099.081,0,"{""601288.SH"": 17700.0, ""601398.SH"": 13300.0}",-0.01085958407,-0.01085958407
2025-04-22,V20 LambdaRank change-only Top2,193269.0499,199564.0809,824.0498544,2,3981.701278,2313.329724,7711099.081,0,"{""601288.SH"": 17700.0, ""601398.SH"": 13300.0}",0.01914700137,0
2025-04-23,V20 LambdaRank change-only Top2,192383.0499,198678.0809,824.0498544,2,3981.701278,2313.329724,7711099.081,0,"{""601288.SH"": 17700.0, ""601398.SH"": 13300.0}",-0.004584282898,-0.004584282898
2025-04-24,V20 LambdaRank change-only Top2,196059.0499,202354.0809,824.0498544,2,3981.701278,2313.329724,7711099.081,0,"{""601288.SH"": 17700.0, ""601398.SH"": 13300.0}",0.01910771247,0
2025-04-25,V20 LambdaRank change-only Top2,194952.0499,201247.0809,824.0498544,2,3981.701278,2313.329724,7711099.081,0,"{""601288.SH"": 17700.0, ""601398.SH"": 13300.0}",-0.005646258109,-0.005646258109
2025-04-28,V20 LambdaRank change-only Top2,197078.0499,203373.0809,824.0498544,2,3981.701278,2313.329724,7711099.081,0,"{""601288.SH"": 17700.0, ""601398.SH"": 13300.0}",0.01090524568,0
2025-04-29,V20 LambdaRank change-only Top2,196458.0499,202753.0809,824.0498544,2,3981.701278,2313.329724,7711099.081,0,"{""601288.SH"": 17700.0, ""601398.SH"": 13300.0}",-0.003145961716,-0.003145961716
2025-04-30,V20 LambdaRank change-only Top2,189991.0499,196286.0809,824.0498544,2,3981.701278,2313.329724,7711099.081,0,"{""601288.SH"": 17700.0, ""601398.SH"": 13300.0}",-0.03291796903,-0.03596037207
2025-05-06,V20 LambdaRank change-only Top2,188884.0499,195179.0809,824.0498544,2,3981.701278,2313.329724,7711099.081,0,"{""601288.SH"": 17700.0, ""601398.SH"": 13300.0}",-0.005826590257,-0.04157743598
2025-05-07,V20 LambdaRank change-only Top2,192289.0202,198890.0809,195.0202111,2,4174.346221,2426.714424,8089048.081,0,"{""601939.SH"": 10400.0, ""601988.SH"": 17100.0}",0.01802677547,-0.02430016761
2025-05-08,V20 LambdaRank change-only Top2,192779.0202,199380.0809,195.0202111,2,4174.346221,2426.714424,8089048.081,0,"{""601939.SH"": 10400.0, ""601988.SH"": 17100.0}",0.002548247422,-0.02181384303
2025-05-09,V20 LambdaRank change-only Top2,195125.3553,201726.4159,195.0202111,2,4174.346221,2426.714424,8089048.081,0,"{""601939.SH"": 10640.187778, ""601988.SH"": 17100.0}",0.0121711121,-0.009908229653
2025-05-12,V20 LambdaRank change-only Top2,194038.5421,200639.6028,195.0202111,2,4174.346221,2426.714424,8089048.081,0,"{""601939.SH"": 10640.187778, ""601988.SH"": 17100.0}",-0.005569820195,-0.01542286279
2025-05-13,V20 LambdaRank change-only Top2,195680.159,202281.2197,195.0202111,2,4174.346221,2426.714424,8089048.081,2.910383046e-11,"{""601939.SH"": 10640.187778, ""601988.SH"": 17100.0}",0.008460261977,-0.007093082273
2025-05-14,V20 LambdaRank change-only Top2,195744.7572,202345.8178,195.0202111,2,4174.346221,2426.714424,8089048.081,0,"{""601939.SH"": 10640.187778, ""601988.SH"": 17100.0}",0.0003301209614,-0.006765302887
2025-05-15,V20 LambdaRank change-only Top2,195360.9534,201962.014,195.0202111,2,4174.346221,2426.714424,8089048.081,0,"{""601939.SH"": 10640.187778, ""601988.SH"": 17100.0}",-0.001960735813,-0.008712773728
2025-05-16,V20 LambdaRank change-only Top2,194144.944,200746.0047,195.0202111,2,4174.346221,2426.714424,8089048.081,0,"{""601939.SH"": 10640.187778, ""601988.SH"": 17100.0}",-0.006224423907,-0.01488296564
2025-05-19,V20 LambdaRank change-only Top2,193590.1403,200191.2009,195.0202111,2,4174.346221,2426.714424,8089048.081,0,"{""601939.SH"": 10640.187778, ""601988.SH"": 17100.0}",-0.002857678104,-0.01769811302
2025-05-20,V20 LambdaRank change-only Top2,193590.1403,200191.2009,195.0202111,2,4174.346221,2426.714424,8089048.081,0,"{""601939.SH"": 10640.187778, ""601988.SH"": 17100.0}",0,-0.01769811302
2025-05-21,V20 LambdaRank change-only Top2,193867.5421,200468.6028,195.0202111,2,4174.346221,2426.714424,8089048.081,0,"{""601939.SH"": 10640.187778, ""601988.SH"": 17100.0}",0.001432933916,-0.01629053933
2025-05-22,V20 LambdaRank change-only Top2,194038.5421,200639.6028,195.0202111,2,4174.346221,2426.714424,8089048.081,0,"{""601939.SH"": 10640.187778, ""601988.SH"": 17100.0}",0.0008820455354,-0.01542286279
2025-05-23,V20 LambdaRank change-only Top2,192054.9252,198655.9859,195.0202111,2,4174.346221,2426.714424,8089048.081,0,"{""601939.SH"": 10640.187778, ""601988.SH"": 17100.0}",-0.01022279841,-0.02548799638
2025-05-26,V20 LambdaRank change-only Top2,190603.3177,197204.3784,195.0202111,2,4174.346221,2426.714424,8089048.081,2.910383046e-11,"{""601939.SH"": 10640.187778, ""601988.SH"": 17100.0}",-0.007558293594,-0.03285364422
2025-05-27,V20 LambdaRank change-only Top2,191777.5234,198378.584,195.0202111,2,4174.346221,2426.714424,8089048.081,0,"{""601939.SH"": 10640.187778, ""601988.SH"": 17100.0}",0.006160467968,-0.02689557007
2025-05-28,V20 LambdaRank change-only Top2,191051.7196,197652.7802,195.0202111,2,4174.346221,2426.714424,8089048.081,0,"{""601939.SH"": 10640.187778, ""601988.SH"": 17100.0}",-0.003784613248,-0.03057839399
2025-05-29,V20 LambdaRank change-only Top2,190284.1121,196885.1727,195.0202111,2,4174.346221,2426.714424,8089048.081,0,"{""601939.SH"": 10640.187778, ""601988.SH"": 17100.0}",-0.00401779954,-0.03447333567
2025-05-30,V20 LambdaRank change-only Top2,190667.9158,197268.9765,195.0202111,2,4174.346221,2426.714424,8089048.081,0,"{""601939.SH"": 10640.187778, ""601988.SH"": 17100.0}",0.002017003686,-0.03252586483
2025-06-03,V20 LambdaRank change-only Top2,190987.1215,197588.1821,195.0202111,2,4174.346221,2426.714424,8089048.081,0,"{""601939.SH"": 10640.187778, ""601988.SH"": 17100.0}",0.001674144451,-0.03090617338
2025-06-04,V20 LambdaRank change-only Top2,190113.1121,196714.1727,195.0202111,2,4174.346221,2426.714424,8089048.081,0,"{""601939.SH"": 10640.187778, ""601988.SH"": 17100.0}",-0.00457627395,-0.03534101221
2025-06-05,V20 LambdaRank change-only Top2,189493.7102,196094.7709,195.0202111,2,4174.346221,2426.714424,8089048.081,0,"{""601939.SH"": 10640.187778, ""601988.SH"": 17100.0}",-0.003258070267,-0.03848393898
2025-06-06,V20 LambdaRank change-only Top2,189151.7102,195752.7709,195.0202111,2,4174.346221,2426.714424,8089048.081,0,"{""601939.SH"": 10640.187778, ""601988.SH"": 17100.0}",-0.001804809245,-0.04021929205
2025-06-09,V20 LambdaRank change-only Top2,188384.1027,194985.1633,195.0202111,2,4174.346221,2426.714424,8089048.081,0,"{""601939.SH"": 10640.187778, ""601988.SH"": 17100.0}",-0.004058157921,-0.04411423373
2025-06-10,V20 LambdaRank change-only Top2,188832.5046,195433.5652,195.0202111,2,4174.346221,2426.714424,8089048.081,2.910383046e-11,"{""601939.SH"": 10640.187778, ""601988.SH"": 17100.0}",0.002380253277,-0.04183898351
2025-06-11,V20 LambdaRank change-only Top2,187958.4952,194559.5558,195.0202111,2,4174.346221,2426.714424,8089048.081,2.910383046e-11,"{""601939.SH"": 10640.187778, ""601988.SH"": 17100.0}",-0.004628490158,-0.04627382234
2025-06-12,V20 LambdaRank change-only Top2,187639.2896,194240.3502,195.0202111,2,4174.346221,2426.714424,8089048.081,0,"{""601939.SH"": 10640.187778, ""601988.SH"": 17100.0}",-0.001698277234,-0.0478935138
2025-06-13,V20 LambdaRank change-only Top2,185781.0839,192382.1446,195.0202111,2,4174.346221,2426.714424,8089048.081,0,"{""601939.SH"": 10640.187778, ""601988.SH"": 17100.0}",-0.009903073273,-0.05732229409
2025-06-16,V20 LambdaRank change-only Top2,187954.7102,194555.7709,195.0202111,2,4174.346221,2426.714424,8089048.081,0,"{""601939.SH"": 10640.187778, ""601988.SH"": 17100.0}",0.01169993329,-0.04629302782
2025-06-17,V20 LambdaRank change-only Top2,187996.514,194597.5746,195.0202111,2,4174.346221,2426.714424,8089048.081,0,"{""601939.SH"": 10640.187778, ""601988.SH"": 17100.0}",0.0002224139821,-0.04608091005
2025-06-18,V20 LambdaRank change-only Top2,192347.5515,198948.6122,195.0202111,2,4174.346221,2426.714424,8089048.081,0,"{""601939.SH"": 10640.187778, ""601988.SH"": 17100.0}",0.02314424594,-0.02400317202
2025-06-19,V20 LambdaRank change-only Top2,193031.5515,199632.6122,195.0202111,2,4174.346221,2426.714424,8089048.081,0,"{""601939.SH"": 10640.187778, ""601988.SH"": 17100.0}",0.003556062942,-0.02053246587
2025-06-20,V20 LambdaRank change-only Top2,194844.1684,201445.2291,195.0202111,2,4174.346221,2426.714424,8089048.081,2.910383046e-11,"{""601939.SH"": 10640.187778, ""601988.SH"": 17100.0}",0.009390262295,-0.01133500882
2025-06-23,V20 LambdaRank change-only Top2,197530.7947,204131.8554,195.0202111,2,4174.346221,2426.714424,8089048.081,0,"{""601939.SH"": 10640.187778, ""601988.SH"": 17100.0}",0.01378858967,0
2025-06-24,V20 LambdaRank change-only Top2,198705.0003,205306.061,195.0202111,2,4174.346221,2426.714424,8089048.081,2.910383046e-11,"{""601939.SH"": 10640.187778, ""601988.SH"": 17100.0}",0.00594441811,0
2025-06-25,V20 LambdaRank change-only Top2,200475.8135,207076.8741,195.0202111,2,4174.346221,2426.714424,8089048.081,2.910383046e-11,"{""601939.SH"": 10640.187778, ""601988.SH"": 17100.0}",0.008911769414,0
2025-06-26,V20 LambdaRank change-only Top2,201201.6172,207802.6779,195.0202111,2,4174.346221,2426.714424,8089048.081,0,"{""601939.SH"": 10640.187778, ""601988.SH"": 17100.0}",0.003620405589,0
2025-06-27,V20 LambdaRank change-only Top2,195653.5797,202254.6403,195.0202111,2,4174.346221,2426.714424,8089048.081,0,"{""601939.SH"": 10640.187778, ""601988.SH"": 17100.0}",-0.0275745177,-0.0275745177
2025-06-30,V20 LambdaRank change-only Top2,196740.3928,203341.4535,195.0202111,2,4174.346221,2426.714424,8089048.081,2.910383046e-11,"{""601939.SH"": 10640.187778, ""601988.SH"": 17100.0}",0.005554782827,-0.02217290533
2025-07-01,V20 LambdaRank change-only Top2,200126.2435,206727.3042,195.0202111,2,4174.346221,2426.714424,8089048.081,2.910383046e-11,"{""601939.SH"": 10640.187778, ""601988.SH"": 17100.0}",0.01720973843,-0.005344756796
2025-07-02,V20 LambdaRank change-only Top2,200566.2455,207491.9117,262.2454926,2,4378.752622,2546.913574,8489711.912,0,"{""601288.SH"": 16800.0, ""601398.SH"": 13000.0}",0.002198621992,-0.003157885904
2025-07-03,V20 LambdaRank change-only Top2,199542.2455,206467.9117,262.2454926,2,4378.752622,2546.913574,8489711.912,0,"{""601288.SH"": 16800.0, ""601398.SH"": 13000.0}",-0.005105545041,-0.008247308216
2025-07-04,V20 LambdaRank change-only Top2,202316.2455,209241.9117,262.2454926,2,4378.752622,2546.913574,8489711.912,0,"{""601288.SH"": 16800.0, ""601398.SH"": 13000.0}",0.0139018181,0
2025-07-07,V20 LambdaRank change-only Top2,202896.2455,209821.9117,262.2454926,2,4378.752622,2546.913574,8489711.912,0,"{""601288.SH"": 16800.0, ""601398.SH"": 13000.0}",0.002866798949,0
2025-07-08,V20 LambdaRank change-only Top2,203958.2455,210883.9117,262.2454926,2,4378.752622,2546.913574,8489711.912,0,"{""601288.SH"": 16800.0, ""601398.SH"": 13000.0}",0.005234202326,0
2025-07-09,V20 LambdaRank change-only Top2,206472.2455,213397.9117,262.2454926,2,4378.752622,2546.913574,8489711.912,0,"{""601288.SH"": 16800.0, ""601398.SH"": 13000.0}",0.0123260523,0
2025-07-10,V20 LambdaRank change-only Top2,211310.2455,218235.9117,262.2454926,2,4378.752622,2546.913574,8489711.912,0,"{""601288.SH"": 16800.0, ""601398.SH"": 13000.0}",0.02343172075,0
2025-07-11,V20 LambdaRank change-only Top2,210568.2455,217493.9117,262.2454926,2,4378.752622,2546.913574,8489711.912,0,"{""601288.SH"": 16800.0, ""601398.SH"": 13000.0}",-0.003511424627,-0.003511424627
2025-07-14,V20 LambdaRank change-only Top2,211443.9955,218369.6617,262.2454926,2,4378.752622,2546.913574,8489711.912,0,"{""601288.SH"": 16800.0, ""601398.SH"": 13265.019138}",0.004158984369,0
2025-07-15,V20 LambdaRank change-only Top2,210073.3948,216999.061,262.2454926,2,4378.752622,2546.913574,8489711.912,0,"{""601288.SH"": 16800.0, ""601398.SH"": 13265.019138}",-0.006482098307,-0.006482098307
2025-07-16,V20 LambdaRank change-only Top2,209401.3948,216327.061,262.2454926,2,4378.752622,2546.913574,8489711.912,0,"{""601288.SH"": 16800.0, ""601398.SH"": 13265.019138}",-0.003198881994,-0.009660244834
2025-07-17,V20 LambdaRank change-only Top2,208221.9379,215147.6041,262.2454926,2,4378.752622,2546.913574,8489711.912,0,"{""601288.SH"": 17154.289414, ""601398.SH"": 13265.019138}",-0.00563251668,-0.01523835002
2025-07-18,V20 LambdaRank change-only Top2,210031.1243,216956.7905,262.2454926,2,4378.752622,2546.913574,8489711.912,0,"{""601288.SH"": 17154.289414, ""601398.SH"": 13265.019138}",0.008688740716,-0.006682011379
2025-07-21,V20 LambdaRank change-only Top2,208587.9443,215513.6105,262.2454926,2,4378.752622,2546.913574,8489711.912,0,"{""601288.SH"": 17154.289414, ""601398.SH"": 13265.019138}",-0.006871267421,-0.01350736491
2025-07-22,V20 LambdaRank change-only Top2,205717.5564,212643.2226,262.2454926,2,4378.752622,2546.913574,8489711.912,0,"{""601288.SH"": 17154.289414, ""601398.SH"": 13265.019138}",-0.01376104439,-0.02708253385
2025-07-23,V20 LambdaRank change-only Top2,208953.9507,215879.6169,262.2454926,2,4378.752622,2546.913574,8489711.912,0,"{""601288.SH"": 17154.289414, ""601398.SH"": 13265.019138}",0.0157322225,-0.0117763798
2025-07-24,V20 LambdaRank change-only Top2,206769.7344,213695.4005,262.2454926,2,4378.752622,2546.913574,8489711.912,0,"{""601288.SH"": 17154.289414, ""601398.SH"": 13265.019138}",-0.01045309924,-0.02210637938
2025-07-25,V20 LambdaRank change-only Top2,205630.7474,212556.4136,262.2454926,2,4378.752622,2546.913574,8489711.912,0,"{""601288.SH"": 17154.289414, ""601398.SH"": 13265.019138}",-0.005508479953,-0.02749308679
2025-07-28,V20 LambdaRank change-only Top2,205802.2903,212727.9565,262.2454926,2,4378.752622,2546.913574,8489711.912,0,"{""601288.SH"": 17154.289414, ""601398.SH"": 13265.019138}",0.0008342278395,-0.02668179444
2025-07-29,V20 LambdaRank change-only Top2,204148.6747,211074.3409,262.2454926,2,4378.752622,2546.913574,8489711.912,0,"{""601288.SH"": 17154.289414, ""601398.SH"": 13265.019138}",-0.008034971897,-0.03450237887
2025-07-30,V20 LambdaRank change-only Top2,206488.4619,213414.1281,262.2454926,2,4378.752622,2546.913574,8489711.912,0,"{""601288.SH"": 17154.289414, ""601398.SH"": 13265.019138}",0.01146119219,-0.02343662508
2025-07-31,V20 LambdaRank change-only Top2,208617.8135,215543.4797,262.2454926,2,4378.752622,2546.913574,8489711.912,0,"{""601288.SH"": 17154.289414, ""601398.SH"": 13265.019138}",0.01031220621,-0.01336610218
2025-08-01,V20 LambdaRank change-only Top2,209928.3433,216854.0095,262.2454926,2,4378.752622,2546.913574,8489711.912,0,"{""601288.SH"": 17154.289414, ""601398.SH"": 13265.019138}",0.006281965134,-0.007168102436
2025-08-04,V20 LambdaRank change-only Top2,211476.8617,218741.9171,232.9523616,2,4592.459147,2672.596202,8908654.008,2.910383046e-11,"{""601288.SH"": 16554.289414, ""601988.SH"": 18900.0}",0.007376414152,0
2025-08-05,V20 LambdaRank change-only Top2,215283.0051,222548.0605,232.9523616,2,4592.459147,2672.596202,8908654.008,0,"{""601288.SH"": 16554.289414, ""601988.SH"": 18900.0}",0.01799791893,0
2025-08-06,V20 LambdaRank change-only Top2,216796.3483,224061.4036,232.9523616,2,4592.459147,2672.596202,8908654.008,2.910383046e-11,"{""601288.SH"": 16554.289414, ""601988.SH"": 18900.0}",0.007029552343,0
2025-08-07,V20 LambdaRank change-only Top2,219420.2343,226685.2897,232.9523616,2,4592.459147,2672.596202,8908654.008,0,"{""601288.SH"": 16554.289414, ""601988.SH"": 18900.0}",0.01210299928,0
2025-08-08,V20 LambdaRank change-only Top2,218475.2343,225740.2897,232.9523616,2,4592.459147,2672.596202,8908654.008,0,"{""601288.SH"": 16554.289414, ""601988.SH"": 18900.0}",-0.00430680426,-0.00430680426
2025-08-11,V20 LambdaRank change-only Top2,218026.863,225291.9184,232.9523616,2,4592.459147,2672.596202,8908654.008,0,"{""601288.SH"": 16554.289414, ""601988.SH"": 18900.0}",-0.002052275257,-0.006350240769
2025-08-12,V20 LambdaRank change-only Top2,220603.8348,227868.8902,232.9523616,2,4592.459147,2672.596202,8908654.008,2.910383046e-11,"{""601288.SH"": 16554.289414, ""601988.SH"": 18900.0}",0.01181951526,0
2025-08-13,V20 LambdaRank change-only Top2,218264.1204,225529.1757,232.9523616,2,4592.459147,2672.596202,8908654.008,0,"{""601288.SH"": 16554.289414, ""601988.SH"": 18900.0}",-0.01060595557,-0.01060595557
2025-08-14,V20 LambdaRank change-only Top2,220061.6351,227326.6905,232.9523616,2,4592.459147,2672.596202,8908654.008,0,"{""601288.SH"": 16554.289414, ""601988.SH"": 18900.0}",0.008235502595,-0.002457798349
2025-08-15,V20 LambdaRank change-only Top2,216634.8348,223899.8902,232.9523616,2,4592.459147,2672.596202,8908654.008,2.910383046e-11,"{""601288.SH"": 16554.289414, ""601988.SH"": 18900.0}",-0.01557200217,-0.01799152768
2025-08-18,V20 LambdaRank change-only Top2,217959.178,225224.2334,232.9523616,2,4592.459147,2672.596202,8908654.008,0,"{""601288.SH"": 16554.289414, ""601988.SH"": 18900.0}",0.006113251149,-0.01198826325
2025-08-19,V20 LambdaRank change-only Top2,221528.064,228793.1194,232.9523616,2,4592.459147,2672.596202,8908654.008,0,"{""601288.SH"": 16554.289414, ""601988.SH"": 18900.0}",0.01637410308,0
2025-08-20,V20 LambdaRank change-only Top2,224600.3214,231865.3768,232.9523616,2,4592.459147,2672.596202,8908654.008,0,"{""601288.SH"": 16554.289414, ""601988.SH"": 18900.0}",0.01386847927,0
2025-08-21,V20 LambdaRank change-only Top2,227839.4648,235104.5202,232.9523616,2,4592.459147,2672.596202,8908654.008,0,"{""601288.SH"": 16554.289414, ""601988.SH"": 18900.0}",0.01442181112,0
2025-08-22,V20 LambdaRank change-only Top2,228809.2651,236074.3204,232.9523616,2,4592.459147,2672.596202,8908654.008,0,"{""601288.SH"": 16554.289414, ""601988.SH"": 18900.0}",0.004256506921,0
2025-08-25,V20 LambdaRank change-only Top2,227769.0935,235034.1489,232.9523616,2,4592.459147,2672.596202,8908654.008,0,"{""601288.SH"": 16554.289414, ""601988.SH"": 18900.0}",-0.004546020355,-0.004546020355
2025-08-26,V20 LambdaRank change-only Top2,227722.1793,234987.2346,232.9523616,2,4592.459147,2672.596202,8908654.008,0,"{""601288.SH"": 16554.289414, ""601988.SH"": 18900.0}",-0.0002059726849,-0.004751056684
2025-08-27,V20 LambdaRank change-only Top2,222828.9501,230094.0054,232.9523616,2,4592.459147,2672.596202,8908654.008,0,"{""601288.SH"": 16554.289414, ""601988.SH"": 18900.0}",-0.02148771462,-0.02613668195
2025-08-28,V20 LambdaRank change-only Top2,220961.064,228226.1194,232.9523616,2,4592.459147,2672.596202,8908654.008,2.910383046e-11,"{""601288.SH"": 16554.289414, ""601988.SH"": 18900.0}",-0.008382600405,-0.03430018899
2025-08-29,V20 LambdaRank change-only Top2,220772.064,228037.1194,232.9523616,2,4592.459147,2672.596202,8908654.008,0,"{""601288.SH"": 16554.289414, ""601988.SH"": 18900.0}",-0.0008553543169,-0.0351262045
2025-09-01,V20 LambdaRank change-only Top2,221268.6927,228533.7481,232.9523616,2,4592.459147,2672.596202,8908654.008,0,"{""601288.SH"": 16554.289414, ""601988.SH"": 18900.0}",0.002249508716,-0.03295571248
2025-09-02,V20 LambdaRank change-only Top2,225141.622,232598.6623,57.62200167,2,4714.623092,2742.417199,9141390.662,0,"{""601939.SH"": 12200.0, ""601988.SH"": 20000.0}",0.01750328627,-0.01602925948
2025-09-03,V20 LambdaRank change-only Top2,222443.622,229900.6623,57.62200167,2,4714.623092,2742.417199,9141390.662,0,"{""601939.SH"": 12200.0, ""601988.SH"": 20000.0}",-0.01198356828,-0.02782074004
2025-09-04,V20 LambdaRank change-only Top2,224697.622,232154.6623,57.62200167,2,4714.623092,2742.417199,9141390.662,0,"{""601939.SH"": 12200.0, ""601988.SH"": 20000.0}",0.0101329046,-0.01796974035
2025-09-05,V20 LambdaRank change-only Top2,220867.622,228324.6623,57.62200167,2,4714.623092,2742.417199,9141390.662,0,"{""601939.SH"": 12200.0, ""601988.SH"": 20000.0}",-0.01704512921,-0.03470857301
2025-09-08,V20 LambdaRank change-only Top2,219257.622,226714.6623,57.62200167,2,4714.623092,2742.417199,9141390.662,0,"{""601939.SH"": 12200.0, ""601988.SH"": 20000.0}",-0.007289434211,-0.04174500136
2025-09-09,V20 LambdaRank change-only Top2,219579.622,227036.6623,57.62200167,2,4714.623092,2742.417199,9141390.662,0,"{""601939.SH"": 12200.0, ""601988.SH"": 20000.0}",0.001468592047,-0.04033771569
2025-09-10,V20 LambdaRank change-only Top2,221487.622,228944.6623,57.62200167,2,4714.623092,2742.417199,9141390.662,0,"{""601939.SH"": 12200.0, ""601988.SH"": 20000.0}",0.008689330925,-0.03199889253
2025-09-11,V20 LambdaRank change-only Top2,221809.622,229266.6623,57.62200167,2,4714.623092,2742.417199,9141390.662,0,"{""601939.SH"": 12200.0, ""601988.SH"": 20000.0}",0.001453805847,-0.03059160686
2025-09-12,V20 LambdaRank change-only Top2,220921.622,228378.6623,57.62200167,2,4714.623092,2742.417199,9141390.662,0,"{""601939.SH"": 12200.0, ""601988.SH"": 20000.0}",-0.004003433178,-0.03447256858
2025-09-15,V20 LambdaRank change-only Top2,219545.622,227002.6623,57.62200167,2,4714.623092,2742.417199,9141390.662,0,"{""601939.SH"": 12200.0, ""601988.SH"": 20000.0}",-0.006228453275,-0.04048631107
2025-09-16,V20 LambdaRank change-only Top2,218179.622,225636.6623,57.62200167,2,4714.623092,2742.417199,9141390.662,0,"{""601939.SH"": 12200.0, ""601988.SH"": 20000.0}",-0.006221941424,-0.04645634904
2025-09-17,V20 LambdaRank change-only Top2,217857.622,225314.6623,57.62200167,2,4714.623092,2742.417199,9141390.662,0,"{""601939.SH"": 12200.0, ""601988.SH"": 20000.0}",-0.001475848189,-0.04786363471
2025-09-18,V20 LambdaRank change-only Top2,213051.622,220508.6623,57.62200167,2,4714.623092,2742.417199,9141390.662,0,"{""601939.SH"": 12200.0, ""601988.SH"": 20000.0}",-0.02206027935,-0.06886802891
2025-09-19,V20 LambdaRank change-only Top2,214193.622,221650.6623,57.62200167,2,4714.623092,2742.417199,9141390.662,0,"{""601939.SH"": 12200.0, ""601988.SH"": 20000.0}",0.005360203266,-0.06387697228
2025-09-22,V20 LambdaRank change-only Top2,209055.622,216512.6623,57.62200167,2,4714.623092,2742.417199,9141390.662,0,"{""601939.SH"": 12200.0, ""601988.SH"": 20000.0}",-0.02398764236,-0.08633235667
2025-09-23,V20 LambdaRank change-only Top2,214027.622,221484.6623,57.62200167,2,4714.623092,2742.417199,9141390.662,0,"{""601939.SH"": 12200.0, ""601988.SH"": 20000.0}",0.02378314418,-0.06460246737
2025-09-24,V20 LambdaRank change-only Top2,212407.622,219864.6623,57.62200167,2,4714.623092,2742.417199,9141390.662,0,"{""601939.SH"": 12200.0, ""601988.SH"": 20000.0}",-0.007569116476,-0.07168260025
2025-09-25,V20 LambdaRank change-only Top2,211363.622,218820.6623,57.62200167,2,4714.623092,2742.417199,9141390.662,0,"{""601939.SH"": 12200.0, ""601988.SH"": 20000.0}",-0.004915077859,-0.07624535255
2025-09-26,V20 LambdaRank change-only Top2,210509.622,217966.6623,57.62200167,2,4714.623092,2742.417199,9141390.662,0,"{""601939.SH"": 12200.0, ""601988.SH"": 20000.0}",-0.004040430382,-0.07997771889
2025-09-29,V20 LambdaRank change-only Top2,208977.622,216434.6623,57.62200167,2,4714.623092,2742.417199,9141390.662,0,"{""601939.SH"": 12200.0, ""601988.SH"": 20000.0}",-0.007277577079,-0.08667325196
2025-09-30,V20 LambdaRank change-only Top2,208699.622,216156.6623,57.62200167,2,4714.623092,2742.417199,9141390.662,0,"{""601939.SH"": 12200.0, ""601988.SH"": 20000.0}",-0.001330285977,-0.08788823772
2025-10-09,V20 LambdaRank change-only Top2,210431.622,217888.6623,57.62200167,2,4714.623092,2742.417199,9141390.662,0,"{""601939.SH"": 12200.0, ""601988.SH"": 20000.0}",0.008299008802,-0.08031861418
2025-10-10,V20 LambdaRank change-only Top2,211840.3476,219636.6623,759.3475541,2,4928.325039,2867.989699,9559965.662,0,"{""601288.SH"": 15600.0, ""601398.SH"": 14300.0}",0.006694457511,-0.07416184622
2025-10-13,V20 LambdaRank change-only Top2,212516.3476,220312.6623,759.3475541,2,4928.325039,2867.989699,9559965.662,0,"{""601288.SH"": 15600.0, ""601398.SH"": 14300.0}",0.003191082378,-0.0712074204
2025-10-14,V20 LambdaRank change-only Top2,219237.3476,227033.6623,759.3475541,2,4928.325039,2867.989699,9559965.662,0,"{""601288.SH"": 15600.0, ""601398.SH"": 14300.0}",0.03162580233,-0.04183360987
2025-10-15,V20 LambdaRank change-only Top2,220849.3476,228645.6623,759.3475541,2,4928.325039,2867.989699,9559965.662,0,"{""601288.SH"": 15600.0, ""601398.SH"": 14300.0}",0.007352761826,-0.03478844061
2025-10-16,V20 LambdaRank change-only Top2,226712.3476,234508.6623,759.3475541,2,4928.325039,2867.989699,9559965.662,0,"{""601288.SH"": 15600.0, ""601398.SH"": 14300.0}",0.02654750881,-0.009164478236
2025-10-17,V20 LambdaRank change-only Top2,228597.3476,236393.6623,759.3475541,2,4928.325039,2867.989699,9559965.662,0,"{""601288.SH"": 15600.0, ""601398.SH"": 14300.0}",0.008314500822,-0.0009261754762
2025-10-20,V20 LambdaRank change-only Top2,230482.3476,238278.6623,759.3475541,2,4928.325039,2867.989699,9559965.662,0,"{""601288.SH"": 15600.0, ""601398.SH"": 14300.0}",0.008245939947,0
2025-10-21,V20 LambdaRank change-only Top2,232939.3476,240735.6623,759.3475541,2,4928.325039,2867.989699,9559965.662,0,"{""601288.SH"": 15600.0, ""601398.SH"": 14300.0}",0.01066025241,0
2025-10-22,V20 LambdaRank change-only Top2,237931.3476,245727.6623,759.3475541,2,4928.325039,2867.989699,9559965.662,0,"{""601288.SH"": 15600.0, ""601398.SH"": 14300.0}",0.02143047129,0
2025-10-23,V20 LambdaRank change-only Top2,237515.3476,245311.6623,759.3475541,2,4928.325039,2867.989699,9559965.662,0,"{""601288.SH"": 15600.0, ""601398.SH"": 14300.0}",-0.001748403497,-0.001748403497
2025-10-24,V20 LambdaRank change-only Top2,237515.3476,245311.6623,759.3475541,2,4928.325039,2867.989699,9559965.662,0,"{""601288.SH"": 15600.0, ""601398.SH"": 14300.0}",0,-0.001748403497
2025-10-27,V20 LambdaRank change-only Top2,241480.3476,249276.6623,759.3475541,2,4928.325039,2867.989699,9559965.662,0,"{""601288.SH"": 15600.0, ""601398.SH"": 14300.0}",0.01669365808,0
2025-10-28,V20 LambdaRank change-only Top2,244652.3476,252448.6623,759.3475541,2,4928.325039,2867.989699,9559965.662,0,"{""601288.SH"": 15600.0, ""601398.SH"": 14300.0}",0.0131356445,0
2025-10-29,V20 LambdaRank change-only Top2,239868.3476,247664.6623,759.3475541,2,4928.325039,2867.989699,9559965.662,0,"{""601288.SH"": 15600.0, ""601398.SH"": 14300.0}",-0.01955427793,-0.01955427793
2025-10-30,V20 LambdaRank change-only Top2,238607.3476,246403.6623,759.3475541,2,4928.325039,2867.989699,9559965.662,0,"{""601288.SH"": 15600.0, ""601398.SH"": 14300.0}",-0.005257050431,-0.02470853054
2025-10-31,V20 LambdaRank change-only Top2,236189.3476,243985.6623,759.3475541,2,4928.325039,2867.989699,9559965.662,0,"{""601288.SH"": 15600.0, ""601398.SH"": 14300.0}",-0.01013380361,-0.03459194275
2025-11-03,V20 LambdaRank change-only Top2,238685.3476,246481.6623,759.3475541,2,4928.325039,2867.989699,9559965.662,0,"{""601288.SH"": 15600.0, ""601398.SH"": 14300.0}",0.01056779243,-0.02438971079
2025-11-04,V20 LambdaRank change-only Top2,244158.3476,251954.6623,759.3475541,2,4928.325039,2867.989699,9559965.662,0,"{""601288.SH"": 15600.0, ""601398.SH"": 14300.0}",0.02292976949,-0.002019191743
2025-11-05,V20 LambdaRank change-only Top2,244769.3476,252565.6623,759.3475541,2,4928.325039,2867.989699,9559965.662,0,"{""601288.SH"": 15600.0, ""601398.SH"": 14300.0}",0.002502474341,0
2025-11-06,V20 LambdaRank change-only Top2,243742.3476,251538.6623,759.3475541,2,4928.325039,2867.989699,9559965.662,0,"{""601288.SH"": 15600.0, ""601398.SH"": 14300.0}",-0.00419578681,-0.00419578681
2025-11-07,V20 LambdaRank change-only Top2,241922.3476,249718.6623,759.3475541,2,4928.325039,2867.989699,9559965.662,0,"{""601288.SH"": 15600.0, ""601398.SH"": 14300.0}",-0.007466901087,-0.01163135837
2025-11-10,V20 LambdaRank change-only Top2,243547.3476,251343.6623,759.3475541,2,4928.325039,2867.989699,9559965.662,2.910383046e-11,"{""601288.SH"": 15600.0, ""601398.SH"": 14300.0}",0.00671703138,-0.004992455192
2025-11-11,V20 LambdaRank change-only Top2,246927.3476,254723.6623,759.3475541,2,4928.325039,2867.989699,9559965.662,0,"{""601288.SH"": 15600.0, ""601398.SH"": 14300.0}",0.01387820493,0
2025-11-12,V20 LambdaRank change-only Top2,251880.3476,259676.6623,759.3475541,2,4928.325039,2867.989699,9559965.662,0,"{""601288.SH"": 15600.0, ""601398.SH"": 14300.0}",0.02005853158,0
2025-11-13,V20 LambdaRank change-only Top2,251698.3476,259494.6623,759.3475541,2,4928.325039,2867.989699,9559965.662,0,"{""601288.SH"": 15600.0, ""601398.SH"": 14300.0}",-0.0007225653044,-0.0007225653044
2025-11-14,V20 LambdaRank change-only Top2,251334.3476,259130.6623,759.3475541,2,4928.325039,2867.989699,9559965.662,0,"{""601288.SH"": 15600.0, ""601398.SH"": 14300.0}",-0.001446175565,-0.002167695913
2025-11-17,V20 LambdaRank change-only Top2,247382.3476,255178.6623,759.3475541,2,4928.325039,2867.989699,9559965.662,0,"{""601288.SH"": 15600.0, ""601398.SH"": 14300.0}",-0.01572407448,-0.01785768538
2025-11-18,V20 LambdaRank change-only Top2,245783.3476,253579.6623,759.3475541,2,4928.325039,2867.989699,9559965.662,2.910383046e-11,"{""601288.SH"": 15600.0, ""601398.SH"": 14300.0}",-0.006463678657,-0.0242059377
2025-11-19,V20 LambdaRank change-only Top2,246680.3476,254476.6623,759.3475541,2,4928.325039,2867.989699,9559965.662,0,"{""601288.SH"": 15600.0, ""601398.SH"": 14300.0}",0.003649555631,-0.02064472298
2025-11-20,V20 LambdaRank change-only Top2,246316.3476,254112.6623,759.3475541,2,4928.325039,2867.989699,9559965.662,0,"{""601288.SH"": 15600.0, ""601398.SH"": 14300.0}",-0.001475593835,-0.02208985359
2025-11-21,V20 LambdaRank change-only Top2,244314.3476,252110.6623,759.3475541,2,4928.325039,2867.989699,9559965.662,0,"{""601288.SH"": 15600.0, ""601398.SH"": 14300.0}",-0.008127759363,-0.03003807194
2025-11-24,V20 LambdaRank change-only Top2,243131.3476,250927.6623,759.3475541,2,4928.325039,2867.989699,9559965.662,0,"{""601288.SH"": 15600.0, ""601398.SH"": 14300.0}",-0.004842122503,-0.03473474642
2025-11-25,V20 LambdaRank change-only Top2,245484.3476,253280.6623,759.3475541,2,4928.325039,2867.989699,9559965.662,0,"{""601288.SH"": 15600.0, ""601398.SH"": 14300.0}",0.009677896428,-0.02539300927
2025-11-26,V20 LambdaRank change-only Top2,241311.3476,249107.6623,759.3475541,2,4928.325039,2867.989699,9559965.662,0,"{""601288.SH"": 15600.0, ""601398.SH"": 14300.0}",-0.01699904716,-0.04196039946
2025-11-27,V20 LambdaRank change-only Top2,243807.3476,251603.6623,759.3475541,2,4928.325039,2867.989699,9559965.662,0,"{""601288.SH"": 15600.0, ""601398.SH"": 14300.0}",0.01034348374,-0.03205093243
2025-11-28,V20 LambdaRank change-only Top2,242156.3476,249952.6623,759.3475541,2,4928.325039,2867.989699,9559965.662,2.910383046e-11,"{""601288.SH"": 15600.0, ""601398.SH"": 14300.0}",-0.006771740132,-0.03860563198
2025-12-01,V20 LambdaRank change-only Top2,241090.3476,248886.6623,759.3475541,2,4928.325039,2867.989699,9559965.662,0,"{""601288.SH"": 15600.0, ""601398.SH"": 14300.0}",-0.004402114629,-0.04283780019
2025-12-02,V20 LambdaRank change-only Top2,241558.3476,249354.6623,759.3475541,2,4928.325039,2867.989699,9559965.662,0,"{""601288.SH"": 15600.0, ""601398.SH"": 14300.0}",0.001941180992,-0.04097977512
2025-12-03,V20 LambdaRank change-only Top2,240362.3476,248158.6623,759.3475541,2,4928.325039,2867.989699,9559965.662,0,"{""601288.SH"": 15600.0, ""601398.SH"": 14300.0}",-0.004951184722,-0.04572806141
2025-12-04,V20 LambdaRank change-only Top2,239114.3476,246910.6623,759.3475541,2,4928.325039,2867.989699,9559965.662,0,"{""601288.SH"": 15600.0, ""601398.SH"": 14300.0}",-0.005192160972,-0.05068279492
2025-12-05,V20 LambdaRank change-only Top2,237008.3476,244804.6623,759.3475541,2,4928.325039,2867.989699,9559965.662,0,"{""601288.SH"": 15600.0, ""601398.SH"": 14300.0}",-0.008807501606,-0.05904390773
2025-12-08,V20 LambdaRank change-only Top2,237320.3476,245116.6623,759.3475541,2,4928.325039,2867.989699,9559965.662,0,"{""601288.SH"": 15600.0, ""601398.SH"": 14300.0}",0.00131640933,-0.05780522435
2025-12-09,V20 LambdaRank change-only Top2,242013.3476,249809.6623,759.3475541,2,4928.325039,2867.989699,9559965.662,0,"{""601288.SH"": 15600.0, ""601398.SH"": 14300.0}",0.0197749584,-0.03917336186
2025-12-10,V20 LambdaRank change-only Top2,236293.3476,244089.6623,759.3475541,2,4928.325039,2867.989699,9559965.662,0,"{""601288.SH"": 15600.0, ""601398.SH"": 14300.0}",-0.02363506004,-0.06188255714
2025-12-11,V20 LambdaRank change-only Top2,238867.3476,246663.6623,759.3475541,2,4928.325039,2867.989699,9559965.662,0,"{""601288.SH"": 15600.0, ""601398.SH"": 14300.0}",0.01089323939,-0.05166341926
2025-12-12,V20 LambdaRank change-only Top2,235162.3476,242958.6623,759.3475541,2,4928.325039,2867.989699,9559965.662,0,"{""601288.SH"": 15600.0, ""601398.SH"": 14300.0}",-0.01551070097,-0.06637278439
2025-12-15,V20 LambdaRank change-only Top2,233132.3417,240928.6564,759.3475541,2,4928.325039,2867.989699,9559965.662,2.910383046e-11,"{""601288.SH"": 15846.587255, ""601398.SH"": 14555.961021}",-0.00863235934,-0.07443219
2025-12-16,V20 LambdaRank change-only Top2,230939.632,238735.9467,759.3475541,2,4928.325039,2867.989699,9559965.662,0,"{""601288.SH"": 15846.587255, ""601398.SH"": 14555.961021}",-0.009405429017,-0.08313755234
2025-12-17,V20 LambdaRank change-only Top2,232498.4782,240294.7929,759.3475541,2,4928.325039,2867.989699,9559965.662,2.910383046e-11,"{""601288.SH"": 15846.587255, ""601398.SH"": 14555.961021}",0.006750015956,-0.07694871619
2025-12-18,V20 LambdaRank change-only Top2,237495.5392,245291.854,759.3475541,2,4928.325039,2867.989699,9559965.662,0,"{""601288.SH"": 15846.587255, ""601398.SH"": 14555.961021}",0.02149287647,-0.05710968897
2025-12-19,V20 LambdaRank change-only Top2,235102.0542,242898.3689,759.3475541,2,4928.325039,2867.989699,9559965.662,0,"{""601288.SH"": 15846.587255, ""601398.SH"": 14555.961021}",-0.01007802118,-0.06661215749
2025-12-22,V20 LambdaRank change-only Top2,235881.4773,243677.792,759.3475541,2,4928.325039,2867.989699,9559965.662,0,"{""601288.SH"": 15846.587255, ""601398.SH"": 14555.961021}",0.003315254319,-0.06351773942
2025-12-23,V20 LambdaRank change-only Top2,237427.4172,245223.732,759.3475541,2,4928.325039,2867.989699,9559965.662,0,"{""601288.SH"": 15846.587255, ""601398.SH"": 14555.961021}",0.006553884418,-0.05738014292
2025-12-24,V20 LambdaRank change-only Top2,236964.9259,244761.2406,759.3475541,2,4928.325039,2867.989699,9559965.662,0,"{""601288.SH"": 15846.587255, ""601398.SH"": 14555.961021}",-0.001947927332,-0.0592162979
2025-12-25,V20 LambdaRank change-only Top2,235286.3326,243082.6473,759.3475541,2,4928.325039,2867.989699,9559965.662,2.910383046e-11,"{""601288.SH"": 15846.587255, ""601398.SH"": 14555.961021}",-0.007083720429,-0.06588054663
2025-12-26,V20 LambdaRank change-only Top2,233449.2734,241245.5881,759.3475541,2,4928.325039,2867.989699,9559965.662,0,"{""601288.SH"": 15846.587255, ""601398.SH"": 14555.961021}",-0.007807759757,-0.07317392691
2025-12-29,V20 LambdaRank change-only Top2,236382.6874,244179.0022,759.3475541,2,4928.325039,2867.989699,9559965.662,0,"{""601288.SH"": 15846.587255, ""601398.SH"": 14555.961021}",0.01256553067,-0.06152786547
2025-12-30,V20 LambdaRank change-only Top2,235616.1706,243412.4853,759.3475541,2,4928.325039,2867.989699,9559965.662,0,"{""601288.SH"": 15846.587255, ""601398.SH"": 14555.961021}",-0.00324269449,-0.06457104389
2025-12-31,V20 LambdaRank change-only Top2,237889.9086,245686.2233,759.3475541,2,4928.325039,2867.989699,9559965.662,2.910383046e-11,"{""601288.SH"": 15846.587255, ""601398.SH"": 14555.961021}",0.009650178016,-0.05554398794
2026-01-05,V20 LambdaRank change-only Top2,234545.6283,242341.943,759.3475541,2,4928.325039,2867.989699,9559965.662,0,"{""601288.SH"": 15846.587255, ""601398.SH"": 14555.961021}",-0.01405810078,-0.06882124574
2026-01-06,V20 LambdaRank change-only Top2,234096.0432,241892.3579,759.3475541,2,4928.325039,2867.989699,9559965.662,0,"{""601288.SH"": 15846.587255, ""601398.SH"": 14555.961021}",-0.001916834248,-0.07060616107
2026-01-07,V20 LambdaRank change-only Top2,232258.984,240055.2987,759.3475541,2,4928.325039,2867.989699,9559965.662,0,"{""601288.SH"": 15846.587255, ""601398.SH"": 14555.961021}",-0.007847459248,-0.07789954135
2026-01-08,V20 LambdaRank change-only Top2,230593.297,238389.6117,759.3475541,2,4928.325039,2867.989699,9559965.662,0,"{""601288.SH"": 15846.587255, ""601398.SH"": 14555.961021}",-0.007171679628,-0.08451255042
2026-01-09,V20 LambdaRank change-only Top2,230409.0186,238205.3333,759.3475541,2,4928.325039,2867.989699,9559965.662,0,"{""601288.SH"": 15846.587255, ""601398.SH"": 14555.961021}",-0.0007991489763,-0.08524416128
2026-01-12,V20 LambdaRank change-only Top2,232588.822,240385.1368,759.3475541,2,4928.325039,2867.989699,9559965.662,0,"{""601288.SH"": 15846.587255, ""601398.SH"": 14555.961021}",0.009460582064,-0.0765900386
2026-01-13,V20 LambdaRank change-only Top2,235033.9321,242830.2469,759.3475541,2,4928.325039,2867.989699,9559965.662,0,"{""601288.SH"": 15846.587255, ""601398.SH"": 14555.961021}",0.01051258656,-0.06688261145
2026-01-14,V20 LambdaRank change-only Top2,231227.1605,239023.4752,759.3475541,2,4928.325039,2867.989699,9559965.662,0,"{""601288.SH"": 15846.587255, ""601398.SH"": 14555.961021}",-0.01619668969,-0.08199602424
2026-01-15,V20 LambdaRank change-only Top2,228704.6128,236500.9275,759.3475541,2,4928.325039,2867.989699,9559965.662,0,"{""601288.SH"": 15846.587255, ""601398.SH"": 14555.961021}",-0.01090939184,-0.09201088932
2026-01-16,V20 LambdaRank change-only Top2,225784.105,233580.4198,759.3475541,2,4928.325039,2867.989699,9559965.662,0,"{""601288.SH"": 15846.587255, ""601398.SH"": 14555.961021}",-0.01276978066,-0.1036057111
2026-01-19,V20 LambdaRank change-only Top2,222876.5036,230672.8183,759.3475541,2,4928.325039,2867.989699,9559965.662,2.910383046e-11,"{""601288.SH"": 15846.587255, ""601398.SH"": 14555.961021}",-0.01287779527,-0.1151492932
2026-01-20,V20 LambdaRank change-only Top2,224131.3243,231927.639,759.3475541,2,4928.325039,2867.989699,9559965.662,2.910383046e-11,"{""601288.SH"": 15846.587255, ""601398.SH"": 14555.961021}",0.00563011667,-0.1101674805
2026-01-21,V20 LambdaRank change-only Top2,218037.9084,225834.2231,759.3475541,2,4928.325039,2867.989699,9559965.662,0,"{""601288.SH"": 15846.587255, ""601398.SH"": 14555.961021}",-0.02718681085,-0.1343591889
2026-01-22,V20 LambdaRank change-only Top2,214496.4434,222292.7581,759.3475541,2,4928.325039,2867.989699,9559965.662,0,"{""601288.SH"": 15846.587255, ""601398.SH"": 14555.961021}",-0.01624242774,-0.1484192972
2026-01-23,V20 LambdaRank change-only Top2,212672.2905,220468.6052,759.3475541,2,4928.325039,2867.989699,9559965.662,2.910383046e-11,"{""601288.SH"": 15846.587255, ""601398.SH"": 14555.961021}",-0.008504350318,-0.1556614379
2026-01-26,V20 LambdaRank change-only Top2,214535.1622,222331.4769,759.3475541,2,4928.325039,2867.989699,9559965.662,2.910383046e-11,"{""601288.SH"": 15846.587255, ""601398.SH"": 14555.961021}",0.008759353084,-0.1482655783
2026-01-27,V20 LambdaRank change-only Top2,215181.9319,222978.2467,759.3475541,2,4928.325039,2867.989699,9559965.662,2.910383046e-11,"{""601288.SH"": 15846.587255, ""601398.SH"": 14555.961021}",0.003014749405,-0.1456978124
2026-01-28,V20 LambdaRank change-only Top2,213319.0602,221115.375,759.3475541,2,4928.325039,2867.989699,9559965.662,2.910383046e-11,"{""601288.SH"": 15846.587255, ""601398.SH"": 14555.961021}",-0.008657193784,-0.153093672
2026-01-29,V20 LambdaRank change-only Top2,213875.4862,221671.8009,759.3475541,2,4928.325039,2867.989699,9559965.662,2.910383046e-11,"{""601288.SH"": 15846.587255, ""601398.SH"": 14555.961021}",0.002608420999,-0.1508845838
2026-01-30,V20 LambdaRank change-only Top2,212779.1313,220575.446,759.3475541,2,4928.325039,2867.989699,9559965.662,2.910383046e-11,"{""601288.SH"": 15846.587255, ""601398.SH"": 14555.961021}",-0.005126136077,-0.1552372649
2026-02-02,V20 LambdaRank change-only Top2,214748.8438,222545.1586,759.3475541,2,4928.325039,2867.989699,9559965.662,0,"{""601288.SH"": 15846.587255, ""601398.SH"": 14555.961021}",0.00925707561,-0.1474172324
2026-02-03,V20 LambdaRank change-only Top2,210811.0228,218779.4489,607.7516411,2,5036.687451,2931.738653,9772462.178,0,"{""601288.SH"": 15846.587255, ""601939.SH"": 12100.0}",-0.01833686732,-0.1630509295
2026-02-04,V20 LambdaRank change-only Top2,211816.4886,219784.9147,607.7516411,2,5036.687451,2931.738653,9772462.178,0,"{""601288.SH"": 15846.587255, ""601939.SH"": 12100.0}",0.004769512805,-0.1590590902
2026-02-05,V20 LambdaRank change-only Top2,213622.8862,221591.3124,607.7516411,2,5036.687451,2931.738653,9772462.178,0,"{""601288.SH"": 15846.587255, ""601939.SH"": 12100.0}",0.008528125593,-0.1518874405
2026-02-06,V20 LambdaRank change-only Top2,213268.4886,221236.9147,607.7516411,2,5036.687451,2931.738653,9772462.178,0,"{""601288.SH"": 15846.587255, ""601939.SH"": 12100.0}",-0.001658987124,-0.1532944483
2026-02-09,V20 LambdaRank change-only Top2,214144.3521,222112.7782,607.7516411,2,5036.687451,2931.738653,9772462.178,0,"{""601288.SH"": 15846.587255, ""601939.SH"": 12100.0}",0.004106858429,-0.1498171485
2026-02-10,V20 LambdaRank change-only Top2,215792.2839,223760.71,607.7516411,2,5036.687451,2931.738653,9772462.178,0,"{""601288.SH"": 15846.587255, ""601939.SH"": 12100.0}",0.007695424739,-0.1432746303
2026-02-11,V20 LambdaRank change-only Top2,216622.0791,224590.5052,607.7516411,2,5036.687451,2931.738653,9772462.178,0,"{""601288.SH"": 15846.587255, ""601939.SH"": 12100.0}",0.003845342477,-0.1399802279
2026-02-12,V20 LambdaRank change-only Top2,211954.6934,219923.1195,607.7516411,2,5036.687451,2931.738653,9772462.178,2.910383046e-11,"{""601288.SH"": 15846.587255, ""601939.SH"": 12100.0}",-0.02154621415,-0.1585103981
2026-02-13,V20 LambdaRank change-only Top2,209039.0347,217007.4608,607.7516411,2,5036.687451,2931.738653,9772462.178,0,"{""601288.SH"": 15846.587255, ""601939.SH"": 12100.0}",-0.01375604701,-0.1700859686
2026-02-24,V20 LambdaRank change-only Top2,208321.6371,216290.0632,607.7516411,2,5036.687451,2931.738653,9772462.178,0,"{""601288.SH"": 15846.587255, ""601939.SH"": 12100.0}",-0.003431883518,-0.1729341369
2026-02-25,V20 LambdaRank change-only Top2,208434.0347,216402.4608,607.7516411,2,5036.687451,2931.738653,9772462.178,0,"{""601288.SH"": 15846.587255, ""601939.SH"": 12100.0}",0.0005395388556,-0.1724879027
2026-02-26,V20 LambdaRank change-only Top2,206644.8418,214613.2679,607.7516411,2,5036.687451,2931.738653,9772462.178,0,"{""601288.SH"": 15846.587255, ""601939.SH"": 12100.0}",-0.008583976488,-0.1795912471
2026-02-27,V20 LambdaRank change-only Top2,205964.9101,213933.3362,607.7516411,2,5036.687451,2931.738653,9772462.178,0,"{""601288.SH"": 15846.587255, ""601939.SH"": 12100.0}",-0.003290339788,-0.1822906707
2026-03-02,V20 LambdaRank change-only Top2,208684.6371,216653.0632,607.7516411,2,5036.687451,2931.738653,9772462.178,2.910383046e-11,"{""601288.SH"": 15846.587255, ""601939.SH"": 12100.0}",0.01320480746,-0.1714929764
2026-03-03,V20 LambdaRank change-only Top2,214937.3223,223080.71,855.7900415,2,5148.61395,2994.773753,9982579.178,0,"{""601288.SH"": 16046.587255, ""601398.SH"": 14900.0}",0.02996236475,-0.1466689468
2026-03-04,V20 LambdaRank change-only Top2,213538.9929,221682.3806,855.7900415,2,5148.61395,2994.773753,9982579.178,0,"{""601288.SH"": 16046.587255, ""601398.SH"": 14900.0}",-0.006505754087,-0.1522205088
2026-03-05,V20 LambdaRank change-only Top2,214948.7881,223092.1758,855.7900415,2,5148.61395,2994.773753,9982579.178,0,"{""601288.SH"": 16046.587255, ""601398.SH"": 14900.0}",0.006602050596,-0.1466234257
2026-03-06,V20 LambdaRank change-only Top2,214306.9246,222450.3124,855.7900415,2,5148.61395,2994.773753,9982579.178,0,"{""601288.SH"": 16046.587255, ""601398.SH"": 14900.0}",-0.002986122861,-0.149171713
2026-03-09,V20 LambdaRank change-only Top2,213516.0612,221659.4489,855.7900415,2,5148.61395,2994.773753,9982579.178,0,"{""601288.SH"": 16046.587255, ""601398.SH"": 14900.0}",-0.003690331012,-0.152311551
2026-03-10,V20 LambdaRank change-only Top2,211338.3342,219481.7219,855.7900415,2,5148.61395,2994.773753,9982579.178,0,"{""601288.SH"": 16046.587255, ""601398.SH"": 14900.0}",-0.0101993591,-0.1609574299
2026-03-11,V20 LambdaRank change-only Top2,213332.6635,221476.0512,855.7900415,2,5148.61395,2994.773753,9982579.178,0,"{""601288.SH"": 16046.587255, ""601398.SH"": 14900.0}",0.009436666426,-0.153039665
2026-03-12,V20 LambdaRank change-only Top2,214089.1294,222232.5171,855.7900415,2,5148.61395,2994.773753,9982579.178,0,"{""601288.SH"": 16046.587255, ""601398.SH"": 14900.0}",0.003545944911,-0.1500363903
2026-03-13,V20 LambdaRank change-only Top2,214364.1977,222507.5854,855.7900415,2,5148.61395,2994.773753,9982579.178,0,"{""601288.SH"": 16046.587255, ""601398.SH"": 14900.0}",0.001284830555,-0.1489443311
2026-03-16,V20 LambdaRank change-only Top2,215590.5953,223733.983,855.7900415,2,5148.61395,2994.773753,9982579.178,0,"{""601288.SH"": 16046.587255, ""601398.SH"": 14900.0}",0.005721093499,-0.1440753621
2026-03-17,V20 LambdaRank change-only Top2,219441.7199,227585.1076,855.7900415,2,5148.61395,2994.773753,9982579.178,0,"{""601288.SH"": 16046.587255, ""601398.SH"": 14900.0}",0.0178631382,-0.128785862
2026-03-18,V20 LambdaRank change-only Top2,219120.7881,227264.1758,855.7900415,2,5148.61395,2994.773753,9982579.178,0,"{""601288.SH"": 16046.587255, ""601398.SH"": 14900.0}",-0.001462491933,-0.1300600056
2026-03-19,V20 LambdaRank change-only Top2,222650.981,230794.3687,855.7900415,2,5148.61395,2994.773753,9982579.178,0,"{""601288.SH"": 16046.587255, ""601398.SH"": 14900.0}",0.0161107163,-0.1160446492
2026-03-20,V20 LambdaRank change-only Top2,221080.7199,229224.1076,855.7900415,2,5148.61395,2994.773753,9982579.178,0,"{""601288.SH"": 16046.587255, ""601398.SH"": 14900.0}",-0.007052567659,-0.1222788041
2026-03-23,V20 LambdaRank change-only Top2,212702.2096,220845.5973,855.7900415,2,5148.61395,2994.773753,9982579.178,0,"{""601288.SH"": 16046.587255, ""601398.SH"": 14900.0}",-0.03789796916,-0.1555426549
2026-03-24,V20 LambdaRank change-only Top2,214226.6072,222369.9949,855.7900415,2,5148.61395,2994.773753,9982579.178,0,"{""601288.SH"": 16046.587255, ""601398.SH"": 14900.0}",0.007166816088,-0.1494905844
2026-03-25,V20 LambdaRank change-only Top2,215326.9366,223470.3243,855.7900415,2,5148.61395,2994.773753,9982579.178,0,"{""601288.SH"": 16046.587255, ""601398.SH"": 14900.0}",0.005136287117,-0.1451221239
2026-03-26,V20 LambdaRank change-only Top2,215877.0731,224020.4608,855.7900415,2,5148.61395,2994.773753,9982579.178,0,"{""601288.SH"": 16046.587255, ""601398.SH"": 14900.0}",0.00255488941,-0.1429380054
2026-03-27,V20 LambdaRank change-only Top2,215097.6755,223241.0632,855.7900415,2,5148.61395,2994.773753,9982579.178,0,"{""601288.SH"": 16046.587255, ""601398.SH"": 14900.0}",-0.003610376992,-0.1460323223
2026-03-30,V20 LambdaRank change-only Top2,217791.1413,225934.529,855.7900415,2,5148.61395,2994.773753,9982579.178,0,"{""601288.SH"": 16046.587255, ""601398.SH"": 14900.0}",0.01252205942,-0.1353388883
2026-03-31,V20 LambdaRank change-only Top2,222203.9246,230347.3124,855.7900415,2,5148.61395,2994.773753,9982579.178,0,"{""601288.SH"": 16046.587255, ""601398.SH"": 14900.0}",0.02026153725,-0.117819525
2026-04-01,V20 LambdaRank change-only Top2,221149.4588,229292.8465,855.7900415,2,5148.61395,2994.773753,9982579.178,0,"{""601288.SH"": 16046.587255, ""601398.SH"": 14900.0}",-0.004745487166,-0.1220059011
2026-04-02,V20 LambdaRank change-only Top2,226104.8807,234435.5615,208.4968661,2,5268.093326,3062.587553,10208625.18,0,"{""601288.SH"": 16446.587255, ""601939.SH"": 11700.0}",0.02240756962,-0.1023321872
2026-04-03,V20 LambdaRank change-only Top2,222683.1537,231013.8346,208.4968661,2,5268.093326,3062.587553,10208625.18,0,"{""601288.SH"": 16446.587255, ""601939.SH"": 11700.0}",-0.01513336187,-0.1159169191
2026-04-07,V20 LambdaRank change-only Top2,217993.1656,226323.8465,208.4968661,2,5268.093326,3062.587553,10208625.18,2.910383046e-11,"{""601288.SH"": 16446.587255, ""601939.SH"": 11700.0}",-0.02106126131,-0.1345368239
2026-04-08,V20 LambdaRank change-only Top2,218059.3704,226390.0512,208.4968661,2,5268.093326,3062.587553,10208625.18,0,"{""601288.SH"": 16446.587255, ""601939.SH"": 11700.0}",0.0003037011024,-0.1342739817
2026-04-09,V20 LambdaRank change-only Top2,217214.9727,225545.6536,208.4968661,2,5268.093326,3062.587553,10208625.18,2.910383046e-11,"{""601288.SH"": 16446.587255, ""601939.SH"": 11700.0}",-0.003872328973,-0.1376263577
2026-04-10,V20 LambdaRank change-only Top2,216699.5069,225030.1878,208.4968661,2,5268.093326,3062.587553,10208625.18,0,"{""601288.SH"": 16446.587255, ""601939.SH"": 11700.0}",-0.002373067869,-0.1396728289
2026-04-13,V20 LambdaRank change-only Top2,218457.8362,226788.5171,208.4968661,2,5268.093326,3062.587553,10208625.18,2.910383046e-11,"{""601288.SH"": 16446.587255, ""601939.SH"": 11700.0}",0.008114136428,-0.1326920168
2026-04-14,V20 LambdaRank change-only Top2,220899.4267,229230.1076,208.4968661,2,5268.093326,3062.587553,10208625.18,0,"{""601288.SH"": 16446.587255, ""601939.SH"": 11700.0}",0.01117648381,-0.1229985632
2026-04-15,V20 LambdaRank change-only Top2,225194.2783,233524.9592,208.4968661,2,5268.093326,3062.587553,10208625.18,0,"{""601288.SH"": 16446.587255, ""601939.SH"": 11700.0}",0.01944256553,-0.1059474053
2026-04-16,V20 LambdaRank change-only Top2,225899.6077,234230.2885,208.4968661,2,5268.093326,3062.587553,10208625.18,0,"{""601288.SH"": 16446.587255, ""601939.SH"": 11700.0}",0.003132092734,-0.1031471497
2026-04-17,V20 LambdaRank change-only Top2,226418.4029,234749.0838,208.4968661,2,5268.093326,3062.587553,10208625.18,0,"{""601288.SH"": 16446.587255, ""601939.SH"": 11700.0}",0.002296574309,-0.1010874604
2026-04-20,V20 LambdaRank change-only Top2,232300.4592,240631.1401,208.4968661,2,5268.093326,3062.587553,10208625.18,2.910383046e-11,"{""601288.SH"": 16446.587255, ""601939.SH"": 11700.0}",0.02597870256,-0.07773487894
2026-04-21,V20 LambdaRank change-only Top2,233539.9934,241870.6742,208.4968661,2,5268.093326,3062.587553,10208625.18,2.910383046e-11,"{""601288.SH"": 16446.587255, ""601939.SH"": 11700.0}",0.00533590907,-0.07281375612
2026-04-22,V20 LambdaRank change-only Top2,231028.8688,239359.5496,208.4968661,2,5268.093326,3062.587553,10208625.18,0,"{""601288.SH"": 16446.587255, ""601939.SH"": 11700.0}",-0.01075243928,-0.08278326991
2026-04-23,V20 LambdaRank change-only Top2,229669.0053,237999.6861,208.4968661,2,5268.093326,3062.587553,10208625.18,2.910383046e-11,"{""601288.SH"": 16446.587255, ""601939.SH"": 11700.0}",-0.00588611933,-0.08818211703
2026-04-24,V20 LambdaRank change-only Top2,229950.4711,238281.152,208.4968661,2,5268.093326,3062.587553,10208625.18,0,"{""601288.SH"": 16446.587255, ""601939.SH"": 11700.0}",0.00122552833,-0.08706465839
2026-04-27,V20 LambdaRank change-only Top2,227274.8807,235605.5615,208.4968661,2,5268.093326,3062.587553,10208625.18,0,"{""601288.SH"": 16446.587255, ""601939.SH"": 11700.0}",-0.01163550767,-0.09768712455
2026-04-28,V20 LambdaRank change-only Top2,229665.6759,237996.3568,208.4968661,2,5268.093326,3062.587553,10208625.18,0,"{""601288.SH"": 16446.587255, ""601939.SH"": 11700.0}",0.01051939936,-0.08819533507
2026-04-29,V20 LambdaRank change-only Top2,229124.8124,237455.4933,208.4968661,2,5268.093326,3062.587553,10208625.18,0,"{""601288.SH"": 16446.587255, ""601939.SH"": 11700.0}",-0.002355003585,-0.09034263832
2026-04-30,V20 LambdaRank change-only Top2,230433.8807,238764.5615,208.4968661,2,5268.093326,3062.587553,10208625.18,0,"{""601288.SH"": 16446.587255, ""601939.SH"": 11700.0}",0.005713341306,-0.08514545534
2026-05-06,V20 LambdaRank change-only Top2,227692.0854,236022.7663,208.4968661,2,5268.093326,3062.587553,10208625.18,2.910383046e-11,"{""601288.SH"": 16446.587255, ""601939.SH"": 11700.0}",-0.01189840325,-0.09603076363
2026-05-07,V20 LambdaRank change-only Top2,227545.3768,236065.2322,803.3223797,2,5389.058012,3130.797353,10435991.18,0,"{""601288.SH"": 16546.587255, ""601398.SH"": 15300.0}",-0.0006443290005,-0.09661321723
2026-05-08,V20 LambdaRank change-only Top2,229112.7744,237632.6298,803.3223797,2,5389.058012,3130.797353,10435991.18,0,"{""601288.SH"": 16546.587255, ""601398.SH"": 15300.0}",0.00688828593,-0.09039043076
2026-05-11,V20 LambdaRank change-only Top2,227776.5816,236296.437,803.3223797,2,5389.058012,3130.797353,10435991.18,-2.910383046e-11,"{""601288.SH"": 16546.587255, ""601398.SH"": 15300.0}",-0.005832031218,-0.09569530217
2026-05-12,V20 LambdaRank change-only Top2,227433.184,235953.0393,803.3223797,2,5389.058012,3130.797353,10435991.18,0,"{""601288.SH"": 16546.587255, ""601398.SH"": 15300.0}",-0.001507607214,-0.09705863845
2026-05-13,V20 LambdaRank change-only Top2,226349.1019,234868.9573,803.3223797,2,5389.058012,3130.797353,10435991.18,-2.910383046e-11,"{""601288.SH"": 16869.728204, ""601398.SH"": 15656.070499}",-0.004766595717,-0.1013625949
2026-05-14,V20 LambdaRank change-only Top2,229131.9997,237651.855,803.3223797,2,5389.058012,3130.797353,10435991.18,0,"{""601288.SH"": 16869.728204, ""601398.SH"": 15656.070499}",0.01229471525,-0.09031410387
2026-05-15,V20 LambdaRank change-only Top2,226674.3599,235194.2153,803.3223797,2,5389.058012,3130.797353,10435991.18,0,"{""601288.SH"": 16869.728204, ""601398.SH"": 15656.070499}",-0.01072586881,-0.1000712754
2026-05-18,V20 LambdaRank change-only Top2,224710.6754,233230.5308,803.3223797,2,5389.058012,3130.797353,10435991.18,0,"{""601288.SH"": 16869.728204, ""601398.SH"": 15656.070499}",-0.008663019937,-0.1078673759
2026-05-19,V20 LambdaRank change-only Top2,226143.9949,234663.8503,803.3223797,2,5389.058012,3130.797353,10435991.18,-2.910383046e-11,"{""601288.SH"": 16869.728204, ""601398.SH"": 15656.070499}",0.006378510929,-0.1021768982
2026-05-20,V20 LambdaRank change-only Top2,221409.5492,229929.4046,803.3223797,2,5389.058012,3130.797353,10435991.18,0,"{""601288.SH"": 16869.728204, ""601398.SH"": 15656.070499}",-0.02093553569,-0.1209733058
2026-05-21,V20 LambdaRank change-only Top2,222566.1571,231086.0124,803.3223797,2,5389.058012,3130.797353,10435991.18,0,"{""601288.SH"": 16869.728204, ""601398.SH"": 15656.070499}",0.005223838918,-0.116381412
2026-05-22,V20 LambdaRank change-only Top2,222192.3528,230712.2081,803.3223797,2,5389.058012,3130.797353,10435991.18,-2.910383046e-11,"{""601288.SH"": 16869.728204, ""601398.SH"": 15656.070499}",-0.001679519924,-0.117865467
2026-05-25,V20 LambdaRank change-only Top2,221698.3975,230218.2529,803.3223797,2,5389.058012,3130.797353,10435991.18,0,"{""601288.SH"": 16869.728204, ""601398.SH"": 15656.070499}",-0.002223097523,-0.1198265381
2026-05-26,V20 LambdaRank change-only Top2,221517.5636,230037.419,803.3223797,2,5389.058012,3130.797353,10435991.18,0,"{""601288.SH"": 16869.728204, ""601398.SH"": 15656.070499}",-0.0008156750845,-0.1205444737
2026-05-27,V20 LambdaRank change-only Top2,218722.5293,227242.3847,803.3223797,2,5389.058012,3130.797353,10435991.18,0,"{""601288.SH"": 16869.728204, ""601398.SH"": 15656.070499}",-0.01261766465,-0.1316411486
2026-05-28,V20 LambdaRank change-only Top2,215783.0708,224302.9262,803.3223797,2,5389.058012,3130.797353,10435991.18,0,"{""601288.SH"": 16869.728204, ""601398.SH"": 15656.070499}",-0.01343921209,-0.1433112073
2026-05-29,V20 LambdaRank change-only Top2,220456.8336,228976.689,803.3223797,2,5389.058012,3130.797353,10435991.18,0,"{""601288.SH"": 16869.728204, ""601398.SH"": 15656.070499}",0.02165954342,-0.1247557192
2026-06-01,V20 LambdaRank change-only Top2,224577.1731,233097.0284,803.3223797,2,5389.058012,3130.797353,10435991.18,0,"{""601288.SH"": 16869.728204, ""601398.SH"": 15656.070499}",0.01869000551,-0.1083973988
2026-06-02,V20 LambdaRank change-only Top2,224448.6855,233158.2393,225.9385349,2,5510.066603,3199.487248,10664957.49,0,"{""601288.SH"": 17269.728204, ""601988.SH"": 18900.0}",-0.0005721312268,-0.1089075125
2026-06-03,V20 LambdaRank change-only Top2,222516.4099,231225.9638,225.9385349,2,5510.066603,3199.487248,10664957.49,0,"{""601288.SH"": 17269.728204, ""601988.SH"": 18900.0}",-0.008608985767,-0.116578915
2026-06-04,V20 LambdaRank change-only Top2,220535.2262,229244.7801,225.9385349,2,5510.066603,3199.487248,10664957.49,0,"{""601288.SH"": 17269.728204, ""601988.SH"": 18900.0}",-0.008903539712,-0.1244444898
2026-06-05,V20 LambdaRank change-only Top2,224406.4099,233115.9638,225.9385349,2,5510.066603,3199.487248,10664957.49,0,"{""601288.SH"": 17269.728204, ""601988.SH"": 18900.0}",0.01755358433,-0.1090753523
2026-06-08,V20 LambdaRank change-only Top2,229734.0528,238443.6067,225.9385349,2,5510.066603,3199.487248,10664957.49,0,"{""601288.SH"": 17269.728204, ""601988.SH"": 18900.0}",0.0237410461,-0.08792386913
2026-06-09,V20 LambdaRank change-only Top2,230063.1447,238772.6985,225.9385349,2,5510.066603,3199.487248,10664957.49,0,"{""601288.SH"": 17269.728204, ""601988.SH"": 18900.0}",0.001432490491,-0.08661732875
2026-06-10,V20 LambdaRank change-only Top2,233663.8148,242373.3686,225.9385349,2,5510.066603,3199.487248,10664957.49,0,"{""601288.SH"": 17269.728204, ""601988.SH"": 18900.0}",0.0156507906,-0.07232216782
2026-06-11,V20 LambdaRank change-only Top2,232767.7229,241477.2768,225.9385349,2,5510.066603,3199.487248,10664957.49,0,"{""601288.SH"": 17269.728204, ""601988.SH"": 18900.0}",-0.003834961981,-0.07587977704
2026-06-12,V20 LambdaRank change-only Top2,236541.0903,245250.6442,225.9385349,2,5510.066603,3199.487248,10664957.49,0,"{""601288.SH"": 17269.728204, ""601988.SH"": 18900.0}",0.01621087038,-0.06089898389
2026-06-15,V20 LambdaRank change-only Top2,231444.7229,240154.2768,225.9385349,2,5510.066603,3199.487248,10664957.49,0,"{""601288.SH"": 17269.728204, ""601988.SH"": 18900.0}",-0.02154537876,-0.08113227098
2026-06-16,V20 LambdaRank change-only Top2,228534.842,237244.3958,225.9385349,2,5510.066603,3199.487248,10664957.49,0,"{""601288.SH"": 17269.728204, ""601988.SH"": 18900.0}",-0.01257268231,-0.09268490303
2026-06-17,V20 LambdaRank change-only Top2,225263.2637,233972.8176,225.9385349,2,5510.066603,3199.487248,10664957.49,0,"{""601288.SH"": 17269.728204, ""601988.SH"": 18900.0}",-0.01431544629,-0.1056735236
2026-06-18,V20 LambdaRank change-only Top2,219476.1072,228185.661,225.9385349,2,5510.066603,3199.487248,10664957.49,0,"{""601288.SH"": 17269.728204, ""601988.SH"": 18900.0}",-0.025690636,-0.1286493395
2026-06-22,V20 LambdaRank change-only Top2,223018.199,231727.7529,225.9385349,2,5510.066603,3199.487248,10664957.49,0,"{""601288.SH"": 17269.728204, ""601988.SH"": 18900.0}",0.01613884942,-0.1145867424
2026-06-23,V20 LambdaRank change-only Top2,229734.0528,238443.6067,225.9385349,2,5510.066603,3199.487248,10664957.49,0,"{""601288.SH"": 17269.728204, ""601988.SH"": 18900.0}",0.03011347874,-0.08792386913
2026-06-24,V20 LambdaRank change-only Top2,223494.0154,232203.5692,225.9385349,2,5510.066603,3199.487248,10664957.49,0,"{""601288.SH"": 17269.728204, ""601988.SH"": 18900.0}",-0.02716200498,-0.1126976855
2026-06-25,V20 LambdaRank change-only Top2,217592.7398,226302.2937,225.9385349,2,5510.066603,3199.487248,10664957.49,0,"{""601288.SH"": 17269.728204, ""601988.SH"": 18900.0}",-0.02640462443,-0.1361265699
2026-06-26,V20 LambdaRank change-only Top2,215989.5561,224699.11,225.9385349,2,5510.066603,3199.487248,10664957.49,0,"{""601288.SH"": 17269.728204, ""601988.SH"": 18900.0}",-0.007367817941,-0.1424914321
2026-06-29,V20 LambdaRank change-only Top2,217609.0425,226318.5964,225.9385349,2,5510.066603,3199.487248,10664957.49,0,"{""601288.SH"": 17269.728204, ""601988.SH"": 18900.0}",0.007497984807,-0.1360618459
2026-06-30,V20 LambdaRank change-only Top2,213161.1887,221870.7426,225.9385349,2,5510.066603,3199.487248,10664957.49,0,"{""601288.SH"": 17269.728204, ""601988.SH"": 18900.0}",-0.02043965519,-0.1537204438
